GENE	thinning_Z_ds0	thinning_Z_ds25	thinning_Z_ds50	AHBA_C3
84871	11.924	11.397	NA	NA
1131	10.803	10.221	9.6218	0.727577
198437	10.426	9.9458	9.4357	0.406995
144402	9.8837	9.9351	9.909	0.720676
8492	10.454	9.9238	9.5862	0.428663
9871	10.071	9.8674	9.6048	0.505867
147179	10.237	9.7457	9.3831	0.613824
81706	9.6207	9.4873	9.2994	0.699159
25758	9.8187	9.4116	8.9774	0.793104
3298	9.5683	9.388	NA	NA
57670	9.6977	9.3516	8.8852	0.710271
80059	9.0113	8.9176	8.7518	0.545896
9693	9.1134	8.8652	8.5192	0.82567
114569	9.1115	8.8537	8.4908	0.849488
885	8.9228	8.7648	8.2487	0.641134
84539	8.7283	8.7319	8.5389	0.623357
64410	8.8954	8.7269	8.4818	0.309094
57586	8.8985	8.5079	8.2199	0.679438
9734	8.5748	8.4924	8.3769	0.419471
79442	8.7124	8.4346	8.1402	0.312749
146923	8.6741	8.412	7.9927	NA
91522	8.3654	8.395	8.2336	0.399335
1428	8.4681	8.3358	8.3224	0.381071
400745	8.3524	8.3163	8.1543	0.663015
116931	8.8271	8.2568	NA	NA
167227	8.5656	8.2537	7.7481	0.499873
7163	8.483	8.2398	7.82	0.497431
338557	8.1543	8.2243	8.3863	0.246423
10555	8.4466	8.1914	8.0205	0.353191
284422	8.2577	8.1892	8.0287	0.670669
127700	8.2282	8.137	NA	NA
3768	8.1596	8.1082	7.7545	0.45588
26047	8.2901	8.1024	7.9541	0.531432
353189	8.3326	8.0597	7.5505	0.469612
4758	8.3022	8	NA	NA
22898	8.14	7.9885	7.6781	0.405072
1303	7.9931	7.8973	7.6525	0.484871
503542	7.9519	7.8873	7.6862	0.528191
4058	8.1193	7.8861	7.6567	0.708409
201780	7.9207	7.851	7.8561	0.630263
1016	7.9442	7.8356	7.6535	0.558543
114795	8.0556	7.8356	7.417	NA
59348	7.7881	7.8269	8.0269	0.115225
93426	8.1646	7.771	NA	0.642067
783	7.9765	7.7674	7.5921	0.586657
55689	8.0148	7.7568	7.4689	NA
4889	7.8443	7.7332	7.4947	0.536141
8460	8.0245	7.7075	7.2024	0.314301
388272	7.7096	7.6854	7.6019	0.395247
27154	7.7882	7.659	7.4685	NA
10865	7.6786	7.6577	7.595	0.612983
56990	8.0606	7.6115	6.9385	0.414563
151556	7.6961	7.5828	7.4117	0.62296
340348	7.5675	7.5522	7.3431	0.244941
11187	7.8349	7.5473	7.1217	0.515056
3751	7.6553	7.5218	NA	NA
54584	7.834	7.5173	7.0246	0.635695
1392	7.5813	7.5146	7.3169	0.532854
389812	7.6146	7.4815	7.2737	0.779631
51322	7.761	7.4606	NA	0.450272
360023	7.8305	7.4298	NA	NA
55884	7.601	7.4014	7.1867	0.590215
56980	7.5405	7.3677	NA	NA
10217	7.6649	7.3654	NA	NA
4751	7.3581	7.3595	7.4526	0.417382
11163	7.5205	7.3548	6.9607	0.330965
259173	7.5883	7.3326	7.1016	0.444439
9348	7.6442	7.3205	7.0098	0.434863
4352	7.4933	7.3137	6.8944	0.384787
5295	7.6451	7.3003	7.0595	0.710253
23035	7.6228	7.2782	NA	0.470119
7753	7.6778	7.2735	6.8551	NA
3718	7.5345	7.2688	NA	NA
81831	7.4546	7.2549	6.7683	0.484647
66036	7.5333	7.2408	6.8835	NA
7306	7.1706	7.2331	7.2101	0.640847
90317	7.9198	7.2058	NA	NA
345079	7.2859	7.1957	7.0966	0.669677
1534	7.3181	7.1956	6.9977	0.394165
9033	7.2761	7.192	7.0028	0.728938
1621	7.5276	7.1916	6.6852	0.58461
90809	7.4226	7.1876	NA	NA
253782	7.3843	7.1681	6.7708	0.695233
9666	7.2398	7.1543	6.9069	0.234804
64409	7.2639	7.151	6.8467	0.419863
23252	7.2653	7.1443	NA	NA
122786	7.6014	7.1409	6.9068	0.573702
118427	7.2636	7.1357	6.8297	0.713827
51063	7.305	7.0995	6.8792	0.478344
4201	7.4537	7.0898	6.7049	0.439862
84303	7.4704	7.0851	6.2063	0.174155
83643	7.3012	7.0789	6.6351	0.412239
990	7.4061	7.0774	6.7019	0.697166
9891	6.9968	7.0653	7.1358	0.542852
29102	7.3757	7.0351	NA	NA
343450	7.0661	7.023	6.8654	0.3527
11156	7.2009	7.0141	NA	0.212025
7064	7.6394	7.0134	NA	NA
25837	7.3328	7.008	NA	NA
3706	7.1156	7.0068	6.8796	0.7531
9697	6.8352	6.986	6.9823	0.338263
54847	7.2424	6.9778	6.7022	0.549999
151195	7.0112	6.9734	6.8488	0.37014
118426	7.1957	6.9458	6.5453	0.197065
4659	7.0452	6.9281	6.6331	0.548444
404217	6.8826	6.9222	6.9689	0.321653
5892	7.2102	6.921	6.5903	NA
26872	7.1833	6.9056	6.4593	0.608554
869	6.9932	6.9017	6.7047	0.242849
53826	6.9208	6.883	6.7087	0.321628
8193	7.0302	6.8658	6.5762	0.487909
58157	7.0145	6.8465	6.6878	0.545167
762	6.9268	6.8452	6.6259	0.651856
51764	6.8741	6.8448	6.7714	0.586288
1008	6.941	6.8389	6.5941	0.158944
8564	7.1419	6.8185	6.3915	0.55714
94160	7.0335	6.8184	6.4541	0.678279
5176	6.8086	6.7964	6.7242	0.775401
3914	7.016	6.7937	6.6311	0.668931
23314	6.827	6.7852	6.7119	0.501233
148213	6.9738	6.7709	6.6255	NA
126823	6.9911	6.767	6.6059	NA
27010	7.0725	6.7632	6.5944	0.577371
6441	7.1658	6.759	6.1424	0.280599
9177	6.8081	6.7248	6.5834	0.819774
4978	6.9649	6.7063	NA	NA
27012	6.9428	6.6974	6.3249	0.691781
129293	6.9795	6.6933	6.3191	0.428065
5153	7.0629	6.6874	6.3181	0.569395
25759	6.7244	6.6782	6.6424	0.217319
3321	6.9066	6.668	6.4276	0.714132
5537	6.7291	6.6554	6.5479	0.328923
285601	6.8065	6.6465	6.3486	0.426518
374860	6.7861	6.6347	6.295	0.510045
887	6.9682	6.6298	6.0939	0.492712
9899	6.9282	6.6087	6.1815	0.677748
23057	6.7296	6.6009	6.3306	NA
50485	7.0414	6.6	NA	NA
3269	6.7998	6.5993	6.1504	0.423675
27239	6.5731	6.5916	6.6288	NA
5274	6.7537	6.5872	6.3809	0.517328
5361	6.8052	6.5708	6.4604	0.477529
10533	6.7537	6.5688	6.2138	0.540843
103	6.6896	6.5573	NA	NA
3912	6.6738	6.5462	6.2948	0.577551
170850	6.7558	6.5301	6.5196	0.240442
366	6.9434	6.5271	6.1891	0.452395
5596	6.7643	6.5242	6.3221	0.418546
166379	6.632	6.5217	NA	NA
1007	6.6319	6.4944	6.2398	0.311649
51676	6.6189	6.4683	6.3307	0.142036
57628	6.6522	6.4548	6.2425	0.344212
8732	6.7005	6.4492	5.9871	0.330389
5100	6.6469	6.4264	6.1405	0.116256
1397	6.7099	6.4207	5.9812	0.303707
399947	6.3158	6.42	6.3937	0.625319
84306	6.741	6.4177	NA	NA
57172	6.6198	6.4099	6.1273	0.481391
130576	6.6615	6.4006	NA	NA
4794	6.5942	6.397	6.1954	0.209003
127733	6.523	6.3791	6.3239	0.524752
124359	6.6513	6.3641	5.964	0.477748
9783	6.2255	6.3608	6.4313	0.487225
24145	6.6086	6.3567	6.2845	0.544176
80323	6.3185	6.3539	6.2934	0.419607
283578	6.6065	6.3506	6.1716	NA
58495	6.5144	6.3477	6.1041	0.176485
10752	6.5386	6.3435	5.9937	0.490534
401097	6.5881	6.3358	6.0241	0.551529
64168	6.3712	6.3338	6.2369	0.553756
23171	6.5076	6.3315	6.1314	NA
146760	6.5767	6.3175	5.9131	0.519615
221424	6.5757	6.3148	5.8933	0.444477
7323	6.3544	6.3101	NA	NA
8001	6.2938	6.2974	6.4458	0.234276
56478	6.5062	6.2839	NA	NA
26127	6.2219	6.2723	6.2376	0.701286
9760	6.4661	6.2668	6.0975	0.55078
59349	6.3859	6.2653	6.3029	0.308681
81849	6.2588	6.2562	6.4219	0.485889
9394	6.5419	6.2518	6.0737	NA
57576	6.4933	6.2436	5.9085	0.658398
152185	6.4193	6.2433	6.238	0.24718
284323	6.5042	6.235	NA	NA
10874	6.2855	6.2184	6.0388	0.448676
100287482	6.5506	6.2164	NA	0.267984
57569	6.4693	6.2049	NA	NA
51362	6.4409	6.1922	5.8653	0.657867
79017	6.2356	6.1872	6.061	0.209232
100507421	6.2051	6.1697	6.0849	NA
51655	6.3086	6.1542	5.9237	0.66174
23151	6.4953	6.1291	5.6372	0.156753
645369	6.3068	6.1275	5.9364	0.56518
10424	6.3591	6.1198	5.9207	0.208474
7976	6.2767	6.1122	5.9512	0.288475
79719	6.3563	6.1093	5.8015	0.345811
123879	6.2043	6.0898	6.0409	0.345156
5657	6.1133	6.089	6.0407	0.636928
80114	6.3104	6.0794	5.8314	NA
1954	6.1985	6.0781	NA	NA
10868	6.4604	6.0771	NA	NA
9508	6.3389	6.0771	5.6582	0.409143
80757	6.3411	6.0766	NA	0.256288
4355	6.2272	6.0765	5.9466	0.300331
55068	6.2973	6.0447	5.6299	0.157329
1571	6.3323	6.0349	5.8915	0.482156
11259	6.1664	6.0251	5.909	0.628472
25791	5.6164	6.018	6.2645	0.57634
4988	6.2786	6.0136	5.6242	0.242022
54932	6.1218	6.0119	5.8308	0.505948
844	6.2181	6.0081	5.6104	0.489198
121268	6.2264	6.0026	5.5736	0.634182
51046	6.1742	5.9975	5.7868	0.578348
51278	5.591	5.9951	6.2905	0.349918
57449	6.224	5.9944	NA	NA
2802	6.1089	5.9928	NA	NA
197131	6.1177	5.9832	5.8247	NA
1871	6.3116	5.9771	5.4421	0.27434
8936	6.2981	5.9759	5.64	0.517497
5924	6.1909	5.9728	5.5998	0.391695
54904	6.2989	5.971	5.7816	0.56331
80333	6.0634	5.9623	NA	0.558663
202018	6.2256	5.9559	5.7302	0.123738
5999	6.205	5.9486	5.5169	0.42804
150864	6.1784	5.9461	5.7796	0.572078
83851	6.1812	5.9432	5.7662	0.433376
126282	6.1486	5.9257	5.7169	0.53318
63974	6.0815	5.918	5.8341	0.45958
79822	5.9943	5.9159	5.964	0.329482
84277	6.3695	5.9076	5.418	0.282369
57711	6.1922	5.9024	NA	NA
10841	5.9878	5.8979	5.7085	NA
65997	5.9397	5.8917	5.9142	0.530834
56934	6.1054	5.8849	5.5095	0.479146
5577	5.9022	5.8759	5.7855	NA
170961	5.8164	5.8718	5.937	0.524849
199704	6.1621	5.8688	5.5194	NA
57613	5.9344	5.867	NA	0.605917
57575	5.9755	5.8637	5.6427	0.250184
9070	6.1549	5.8452	5.4674	0.386931
23548	5.6802	5.8415	5.9062	NA
23276	6.0528	5.8367	NA	NA
23270	6.356	5.8361	5.4814	0.414748
10762	5.9143	5.8355	NA	NA
55957	6.0145	5.819	NA	NA
9992	6.0339	5.8133	NA	NA
116	6.0524	5.7924	5.628	0.397807
56475	5.7935	5.7819	5.665	0.281799
3845	6.1294	5.7763	5.3768	0.293833
4897	5.9725	5.7547	5.3571	0.390037
7732	5.6229	5.7415	NA	NA
6861	5.8447	5.7348	5.5912	0.610824
528	6.0238	5.7342	5.2602	0.275592
55815	5.5571	5.733	5.8609	NA
55295	6.191	5.7245	NA	NA
55204	5.9233	5.6985	NA	0.152992
374899	5.739	5.6954	NA	NA
26504	5.7027	5.691	5.6374	0.402589
65059	5.9112	5.691	5.4284	0.263918
132112	5.9171	5.6818	5.3552	0.233736
535	5.8833	5.6734	5.3723	NA
23243	5.8757	5.6662	5.3538	0.429125
2891	5.7543	5.664	5.5537	0.421991
131870	5.8967	5.6526	5.2229	0.143678
51454	5.8718	5.6494	5.6018	0.444098
10690	5.661	5.6462	5.6553	0.508607
92749	5.7416	5.644	5.5858	0.367928
83445	5.6287	5.6433	5.7798	0.151959
55680	5.6	5.6365	NA	NA
9308	6.0601	5.6335	5.0257	0.349793
57497	5.7925	5.6328	5.4672	0.510411
10645	5.2444	5.6286	6.1113	0.446628
339855	5.6816	5.6283	5.6341	NA
163175	5.8475	5.625	5.5046	0.130539
6782	5.7503	5.6164	5.462	0.234525
5053	5.893	5.6141	5.3465	0.432943
26050	5.8065	5.6123	NA	NA
10409	6.062	5.6064	5.2387	NA
2967	5.7475	5.6049	NA	NA
9920	5.7645	5.6005	5.4815	0.364117
7738	5.771	5.6005	5.5226	0.150081
7533	5.7808	5.5974	5.32	0.447013
54014	5.7391	5.5967	5.5364	0.276086
5026	6.0429	5.5927	5.0379	0.271832
7090	5.7547	5.5926	NA	NA
7125	5.1563	5.5836	6.0661	0.320202
2274	5.5316	5.5801	NA	NA
164832	5.6887	5.5725	5.5829	0.512889
55509	5.7557	5.5717	5.3605	0.341628
23180	5.5708	5.5703	5.5999	0.835638
6259	5.9067	5.558	5.2994	0.360248
2781	5.6751	5.5496	5.4864	0.26165
57465	5.5339	5.5476	5.7123	0.303404
56853	5.6226	5.5473	5.4496	0.345891
83636	5.8262	5.5457	5.2092	0.237987
11022	5.9082	5.5333	5.1077	0.352002
27044	5.6048	5.5316	5.3586	0.271086
112611	5.7221	5.528	NA	NA
54778	5.4582	5.519	NA	NA
26578	5.5248	5.5156	5.5387	0.560043
26038	5.7965	5.4991	NA	NA
196541	5.6563	5.4983	5.4474	0.333245
340481	5.5954	5.4975	5.4356	NA
3761	5.5918	5.4902	NA	NA
7781	5.5472	5.4833	5.4055	0.687221
88	5.6989	5.48	5.1623	0.473425
79772	5.7656	5.4769	5.0596	0.256447
51116	5.3811	5.4752	NA	NA
23367	5.6436	5.4694	5.4036	0.267251
3241	5.5887	5.4664	5.3957	0.165811
923	5.6341	5.4566	5.2166	0.175893
716	5.6764	5.4425	5.0452	0.335823
8000	5.7055	5.4419	NA	NA
23596	5.2851	5.4387	5.6902	0.438744
83696	5.7002	5.438	5.1266	NA
128553	5.5427	5.4374	5.315	0.578656
5621	5.5951	5.4352	5.1505	0.410099
5481	5.8231	5.4282	NA	NA
81565	5.5063	5.4233	5.3367	0.571185
401994	5.665	5.4222	5.0449	0.592804
29118	5.6171	5.4192	5.1538	0.398708
282974	5.7365	5.4089	4.9032	0.173526
56917	5.4793	5.4053	5.3164	0.23462
10641	5.5263	5.4043	5.211	NA
6804	5.4342	5.4013	5.4007	0.550521
27113	5.4898	5.401	5.3109	0.38825
4023	5.5855	5.3985	5.2679	0.713267
59338	5.2624	5.3959	5.4986	0.364914
205147	5.4322	5.3933	5.3007	NA
266812	5.4189	5.393	NA	0.397504
55530	5.6833	5.3897	4.9708	0.274802
3479	5.4456	5.3893	5.4481	0.200981
1123	5.3054	5.3882	5.4714	0.6791
54463	5.4799	5.3861	5.1889	0.395792
3354	5.5674	5.3858	5.157	0.533288
10653	5.464	5.3842	5.2424	0.271498
5818	5.7024	5.3782	5.146	0.407129
1033	5.4493	5.3702	NA	NA
7673	4.928	5.3548	5.756	0.264975
54438	5.1463	5.3444	5.4946	0.535196
4134	5.6786	5.3379	4.8291	0.384684
170960	5.5129	5.3346	NA	NA
222865	5.4168	5.3285	5.2164	0.227993
55178	5.4833	5.3271	5.0887	0.274694
286046	4.6111	5.3208	5.6383	0.271802
65264	5.5823	5.3126	4.8163	0.144154
2029	5.4563	5.3119	5.3297	0.461636
255928	5.5322	5.3031	NA	0.225162
84830	5.5518	5.3005	4.8918	0.290633
79803	5.4083	5.2928	NA	NA
27006	5.4723	5.2851	4.955	0.213135
10673	5.373	5.28	5.2602	0.67649
5087	5.397	5.278	5.1925	0.125724
4948	5.3539	5.2771	5.2416	0.224572
80213	5.4289	5.2764	5.048	0.198461
4152	5.4744	5.2733	NA	NA
94134	5.7309	5.2697	4.7367	0.0828919
80204	5.1839	5.2692	NA	NA
221395	5.4576	5.269	5.0349	0.191493
11321	5.5906	5.2685	NA	0.296984
9329	5.5844	5.2637	NA	NA
7532	5.4258	5.2504	4.9458	NA
1845	5.4763	5.2406	5.0131	0.534955
23787	5.6984	5.2328	4.5942	0.175044
10955	5.4098	5.2316	4.931	0.492148
54542	5.3793	5.2276	NA	NA
140885	5.4079	5.2227	4.9324	0.446169
114800	5.3548	5.2191	4.9395	0.497878
9681	5.1569	5.217	5.3069	0.465257
3995	5.5713	5.2148	4.717	0.281702
8581	5.0288	5.2087	5.4475	0.496072
93611	5.4197	5.2086	4.9578	0.417134
9294	5.2601	5.2004	5.155	NA
122525	5.3864	5.2001	NA	NA
9653	5.3563	5.1985	5.1676	0.4594
3096	5.422	5.1979	NA	NA
79143	5.2554	5.1885	5.2084	0.246782
253558	5.4363	5.186	4.9821	0.338581
5575	5.3984	5.175	NA	NA
10618	5.4158	5.1656	4.7989	0.162767
126792	5.0921	5.1641	5.17	0.0566774
9334	5.4901	5.1622	4.8366	0.458438
388886	5.2903	5.1613	5.1122	NA
124739	5.2832	5.1558	NA	NA
347902	5.3903	5.1538	4.744	0.124867
80155	4.983	5.1401	NA	NA
6618	4.9394	5.134	5.3466	NA
10144	5.1343	5.1328	5.1611	0.530221
65123	5.2153	5.1327	NA	NA
71	5.2644	5.1306	4.9267	0.0670056
64789	5.2233	5.1305	NA	NA
7325	5.2869	5.126	4.8246	NA
6326	5.2026	5.1246	5.0382	0.590206
197407	5.1818	5.1136	5.0439	NA
10505	5.1371	5.1134	5.2847	0.305496
57657	5.2177	5.1075	5.0139	0.189283
221895	5.2711	5.0956	4.8154	NA
79065	5.2021	5.0953	NA	NA
2030	4.9445	5.0945	5.2362	NA
3788	4.6764	5.0945	5.5469	0.47759
51725	5.1908	5.0895	4.9012	0.4552
51441	5.2771	5.0856	4.7355	0.264245
401399	5.2349	5.0803	4.936	0.38588
284439	5.2319	5.0799	NA	NA
54495	5.1483	5.0705	4.8947	NA
155382	5.1807	5.0704	5.0726	0.128191
284656	5.3397	5.0607	4.6085	0.155132
9143	5.3616	5.0586	4.6589	0.377159
64943	5.2423	5.0577	4.8659	0.23681
8814	5.1678	5.0496	4.8447	0.479693
1268	5.2281	5.0468	4.8419	0.0655987
10900	5.5789	5.0401	4.2818	0.374395
55188	5.1179	5.0384	NA	NA
10376	5.3812	5.0381	4.6012	0.233621
7762	5.1677	5.0349	NA	0.442531
2114	4.5304	5.0335	5.376	0.422626
55359	5.0873	5.0306	5.1167	0.37631
221491	5.021	5.0278	5.0193	0.0976741
22887	5.2816	5.0271	NA	0.357961
55071	5.2263	5.026	4.8096	NA
2983	5.2424	5.0206	4.6797	0.456425
5603	5.1086	5.0151	4.8728	0.61648
121665	5.0667	5.0109	5.0091	0.208841
5915	5.2904	5.0093	4.7953	0.570266
55228	5.104	5.0084	4.9504	0.285182
57120	5.103	5.0058	5.0052	0.344317
57181	5.2478	5.0014	4.6786	0.410452
8507	5.2583	4.9927	4.7	0.624148
2878	5.0519	4.9905	4.9556	0.340248
10079	5.077	4.9899	4.9049	0.31777
25888	5.1753	4.9894	NA	NA
26094	5.2679	4.987	4.6471	0.497488
1122	4.3442	4.9845	5.5198	0.438588
2673	5.161	4.9834	NA	NA
8792	5.0737	4.9763	4.9918	0.471479
10417	5.226	4.9679	4.6235	0.296023
8925	4.9679	4.9669	4.8809	NA
5500	5.0098	4.9653	5.0239	0.351238
55432	4.6288	4.9653	5.3443	0.316191
10127	5.2697	4.9648	NA	NA
147686	5.0043	4.9646	4.9544	0.0463991
79575	5.1181	4.9611	4.926	NA
398	5.3454	4.9591	4.3882	0.252485
55665	4.8896	4.9516	4.9667	NA
5563	5.3123	4.946	4.4543	0.228312
1386	4.9584	4.9384	NA	NA
26034	4.6734	4.9332	5.1753	0.515179
84883	5.2763	4.9306	4.5584	0.23537
79740	4.9903	4.9283	4.9395	0.330434
55764	4.9924	4.9276	4.8996	0.543454
64225	4.78	4.9248	NA	NA
5324	4.8099	4.9229	5.0121	0.128995
283212	5.2818	4.9207	4.4254	0.296408
55908	4.8064	4.9194	5.0713	0.483104
84935	5.0822	4.9194	4.6426	0.38679
8491	4.9966	4.9056	NA	NA
54798	5.0359	4.905	4.651	0.0370275
23552	4.968	4.9031	4.8611	0.469854
280636	4.9813	4.9	NA	NA
23059	4.8706	4.8963	4.9118	NA
51127	5.051	4.8947	4.7083	0.382664
10589	5.218	4.8755	NA	NA
219738	4.9017	4.8749	4.8967	0.398434
4886	5.0266	4.8729	4.6369	0.392324
221662	4.9238	4.8707	4.8511	0.390758
28991	5.0408	4.8674	4.6928	NA
163255	4.8259	4.8669	4.782	NA
142679	5.1888	4.8665	NA	NA
23037	5.0844	4.8654	4.6272	0.649279
6775	4.8688	4.8603	4.923	0.299022
5067	4.9207	4.8579	4.7795	0.297085
2911	5.0625	4.8484	4.587	0.387072
91461	4.8374	4.845	4.8601	0.410139
1264	4.9436	4.8447	4.7783	NA
11098	5.2188	4.838	4.3281	0.0661145
9378	4.9525	4.8344	4.7181	0.695588
57136	5.0278	4.8301	4.5347	0.328032
10073	5.1864	4.8295	NA	0.110981
10370	4.6456	4.8128	4.8831	0.358354
11218	5.2011	4.8102	NA	NA
80034	4.7229	4.8057	4.8158	0.341452
4837	4.7032	4.8046	4.8732	0.590033
55968	4.9233	4.7962	4.4875	0.0195729
115827	5.0272	4.7953	4.4418	0.225803
10248	4.781	4.7921	NA	NA
205860	5.1261	4.7912	4.5315	0.341275
51701	4.8369	4.7879	4.8094	0.586106
5471	4.9435	4.7872	4.7	0.462084
9866	4.8428	4.7819	4.7467	NA
9411	4.8761	4.7799	4.7271	0.659289
50628	4.9344	4.7791	NA	NA
1607	4.9196	4.7781	4.5805	0.558611
9529	4.8087	4.7697	4.7134	0.474707
54707	4.833	4.7688	4.6741	0.475673
8655	5.1167	4.7667	4.1119	0.0613274
8204	4.6282	4.7665	4.8809	0.240101
1948	5.0259	4.7663	4.5106	0.384488
390637	4.9844	4.7613	4.4936	0.174914
9091	4.9307	4.7599	4.5703	0.248974
1606	5.0623	4.7584	4.4329	0.431008
148304	5	4.7581	NA	0.309196
151742	4.7582	4.7556	4.7909	0.114642
256536	4.8158	4.7489	4.7077	0.186302
8448	5.0819	4.7465	4.3059	0.427544
9399	4.8976	4.7454	4.6155	0.243415
285704	4.9773	4.7445	4.4945	0.164536
403313	4.8325	4.7434	NA	NA
80169	5.0335	4.7414	4.3487	0.28102
5590	4.9414	4.7411	NA	NA
7108	5.0083	4.7383	4.4169	0.260899
100129583	5.0232	4.7375	4.3755	0.312703
9218	4.4849	4.7373	5.01	0.448224
113130	4.8023	4.7366	4.6379	0.595245
84102	4.7516	4.7355	NA	NA
23322	4.8141	4.7347	NA	NA
84948	4.9002	4.7335	NA	NA
10905	4.8435	4.7309	4.6205	0.513538
1316	4.9425	4.7266	4.4117	0.0599657
126567	4.7205	4.7232	4.9169	0.277289
23031	4.9464	4.7187	4.4989	0.442891
5987	4.9355	4.7121	4.4474	0.140713
7112	4.7621	4.7107	4.7315	0.359467
7345	5.1125	4.7097	4.155	0.199933
115950	4.5804	4.7086	4.817	0.312645
100507588	4.9226	4.7071	4.4928	0.647263
79068	4.8155	4.7064	NA	NA
1213	4.8914	4.7062	NA	NA
66005	4.7778	4.7049	4.7189	0.0655203
115557	4.8919	4.7027	4.5202	NA
57799	4.3052	4.6999	5.0576	0.475087
79722	4.986	4.6968	4.4443	0.316203
57128	4.6714	4.6923	4.6662	0.716121
64975	4.876	4.691	NA	NA
90523	4.7757	4.687	4.6486	0.600786
219749	4.4509	4.6827	4.9098	0.469306
63894	4.7235	4.6762	NA	NA
260293	4.7696	4.6718	4.6268	0.415715
55827	4.6999	4.6715	4.6104	0.409626
9607	4.8239	4.6696	4.619	0.662491
135295	4.7321	4.6683	4.6764	0.251274
10811	4.7249	4.6608	4.5695	NA
22954	4.1849	4.6588	5.108	0.312052
8718	4.4447	4.6506	4.6319	0.223097
221303	4.8707	4.649	4.4976	0.594043
55814	4.4881	4.6465	NA	NA
3361	4.694	4.6422	4.6678	0.518489
80115	4.8137	4.64	4.3874	0.344448
9466	4.8008	4.6388	NA	NA
100170841	4.9134	4.6316	4.2389	0.449372
9392	4.5153	4.6281	4.7275	0.557585
5591	4.8258	4.6267	NA	NA
10048	4.7147	4.6266	4.503	0.479253
339453	4.7883	4.6232	NA	NA
51343	4.8959	4.617	4.3319	0.138498
3795	4.6591	4.617	NA	NA
917	4.6399	4.6092	NA	0.56438
154197	4.6461	4.6087	4.6549	0.468124
51263	5.0027	4.6001	4.141	0.125405
51646	4.7871	4.5987	4.3126	0.397163
29844	5.0051	4.5901	4.0765	0.185969
55659	4.6762	4.5873	NA	0.351677
26984	4.8622	4.586	NA	0.255509
221955	4.6331	4.583	NA	0.42217
2193	4.7075	4.5792	4.3645	NA
6622	4.778	4.5777	4.3048	0.206217
51172	4.013	4.5751	5.1074	0.421228
108	4.7818	4.5744	4.2922	0.133309
643836	4.7929	4.5739	NA	-0.0737486
863	4.7999	4.571	4.3744	0.203691
5092	4.9912	4.5662	3.9914	0.0801836
389072	4.756	4.5633	4.4739	NA
113	4.8444	4.5629	4.2056	0.330942
495	4.217	4.5614	4.7832	0.27519
23647	4.7819	4.5604	NA	NA
8927	4.6866	4.5574	4.4034	0.647099
197	4.6232	4.5569	NA	0.352333
9825	4.446	4.5557	NA	NA
23327	4.7075	4.5529	4.4398	0.315343
377	4.7522	4.5452	4.4049	0.396547
54823	4.6217	4.5444	NA	NA
3082	4.7444	4.5435	4.2088	0.129839
345222	4.5747	4.5323	4.6817	0.332539
4861	4.5143	4.5313	4.5657	NA
6252	4.7472	4.5257	NA	NA
220001	4.5925	4.5241	4.4322	-0.00139564
27430	4.2413	4.5235	4.8416	0.366897
166752	4.7007	4.5193	4.2055	0.389784
705	4.8453	4.519	4.1174	0.229004
11095	4.7017	4.519	4.2677	0.427525
8864	4.7146	4.5121	NA	0.320783
29909	4.5251	4.5099	NA	NA
128434	4.7236	4.5088	4.1765	0.426423
5297	4.698	4.5025	4.2157	0.43752
5792	4.49	4.5006	4.732	0.105866
80700	4.7309	4.4986	NA	0.279697
83638	4.38	4.4977	4.6235	NA
29993	4.8665	4.4946	4.2325	0.280329
57559	4.4741	4.4942	4.4533	0.578095
9701	4.4377	4.491	NA	NA
79705	4.6398	4.4896	4.4395	0.634787
192683	4.1127	4.4838	4.7665	0.332553
7248	4.7533	4.481	4.1333	NA
23673	4.5447	4.4807	4.4602	0.0576362
389792	4.3972	4.4677	4.5644	0.423761
29068	4.5197	4.4668	4.4808	0.333245
11092	4.741	4.4638	4.2788	0.20719
10273	4.6616	4.4611	NA	NA
124402	4.535	4.4592	4.3864	NA
6574	4.3931	4.4571	4.5349	0.409805
256130	4.6329	4.4545	4.2051	0.0429079
1848	4.5056	4.4521	4.4057	0.31889
134430	4.5636	4.451	4.3858	NA
8715	4.507	4.4476	4.4602	0.379087
9412	4.0513	4.4406	4.8729	0.163371
644096	4.4449	4.4395	NA	NA
140767	4.4852	4.4364	NA	NA
2280	4.8007	4.4356	3.9424	0.268434
25827	4.4948	4.435	4.4012	0.323376
55319	4.2168	4.4309	4.6337	0.151943
7139	4.4682	4.4289	4.3736	0.371697
4062	4.4279	4.4276	4.5512	0.251323
81832	4.7732	4.4259	NA	0.357424
23768	4.4038	4.4249	4.3253	0.394948
84954	4.7469	4.4242	4.0987	0.414877
81562	4.5247	4.423	4.4117	0.116716
27289	4.4032	4.4206	4.3543	NA
79642	4.6195	4.415	4.3153	0.380182
3301	4.6977	4.4103	3.9878	0.278004
57495	4.4779	4.4097	4.3144	0.492736
10528	4.5692	4.4068	NA	0.247473
6778	4.5799	4.4066	4.1721	0.606566
285533	4.5913	4.4058	4.1196	NA
54512	4.6424	4.4005	NA	NA
7259	4.0258	4.4	4.7276	0.395234
1759	4.5206	4.3971	4.2345	NA
142940	4.6469	4.3862	3.972	NA
150763	4.4443	4.3848	NA	NA
3674	4.2187	4.374	4.4898	0.442843
3777	4.4751	4.3734	4.1899	0.358645
79698	3.6633	4.3728	5.1745	0.235728
347736	4.4236	4.3688	4.3477	NA
5276	4.5121	4.3666	4.2379	0.400269
51105	4.5767	4.3653	4.1374	0.432285
51603	4.3033	4.3649	4.4457	0.347108
57801	4.4399	4.3639	4.3469	0.173535
23362	4.4543	4.3628	4.3354	0.231467
163732	4.3774	4.3624	4.3468	0.639556
5887	4.5307	4.3619	NA	NA
10313	4.6096	4.3618	4.0251	NA
90956	4.5979	4.3553	4.0743	NA
51282	4.5028	4.354	NA	NA
81608	4.444	4.3506	4.3763	0.0815666
80816	4.5165	4.3497	4.2161	0.206609
56126	4.2845	4.3422	4.371	0.245438
342184	3.8655	4.3414	5.0285	0.276443
126526	4.3914	4.3381	NA	NA
79656	4.4051	4.3353	4.2615	0.520644
90025	4.7054	4.335	3.9164	0.346056
8120	4.4798	4.3284	4.1437	0.407752
63982	4.7739	4.3251	3.7496	0.221192
57531	4.3194	4.3238	NA	0.0973325
10947	4.5543	4.3224	3.9935	0.441118
4843	4.2953	4.3194	4.3644	0.521606
151473	4.3965	4.3176	NA	NA
401720	4.4485	4.317	4.263	0.26028
5950	4.2785	4.3154	4.5631	0.155881
80020	4.3602	4.3147	4.382	0.507813
51390	4.3582	4.3141	4.2659	-0.0397723
9244	4.6304	4.312	3.8876	0.359063
126003	4.5504	4.3092	4.0288	0.379326
83743	4.3341	4.3077	4.3373	NA
389941	4.5725	4.3065	3.9282	0.140348
7988	4.2574	4.3005	NA	NA
1789	4.3503	4.2997	NA	NA
400451	4.4848	4.2965	4.0715	0.321909
1602	4.3354	4.2962	4.2345	0.225837
140459	4.4512	4.2945	4.0794	0.271765
79022	4.3349	4.2903	4.386	0.128694
151194	4.2723	4.2887	4.3915	0.259816
57617	4.3887	4.2886	4.1622	0.216935
22883	4.3385	4.2845	NA	NA
59350	4.4006	4.2807	4.0926	0.16862
955	4.4758	4.2748	4.0652	0.520382
7280	4.5876	4.2735	3.8236	0.146032
2134	4.2716	4.2732	4.3035	0.494681
572	4.3708	4.2663	4.138	0.2874
64881	4.4461	4.2644	3.9751	0.156829
9937	3.9607	4.2605	4.6272	0.294219
133522	3.7649	4.2577	4.8261	0.321685
23336	4.3195	4.2539	4.1111	0.109001
222236	4.1707	4.2529	4.3197	0.382208
7070	4.4786	4.2525	3.9931	0.473942
26960	4.3695	4.2521	NA	NA
59277	4.248	4.2514	4.3341	0.460404
49854	3.9504	4.2506	4.3266	0.322583
9168	4.6701	4.2495	3.6692	0.290053
6545	4.3807	4.2462	4.1406	0.103596
51559	4.5072	4.2428	3.8352	0.242245
5991	4.3708	4.2421	4.1872	0.365521
5155	4.4413	4.2394	4.1157	0.185772
3156	4.3152	4.2387	4.1672	0.362288
114798	4.3773	4.2342	4.0633	0.379224
4061	4.4361	4.2326	3.9491	0.595136
23080	4.413	4.2325	4.0713	0.343821
147381	4.3021	4.2291	4.1152	0.202477
23317	4.3845	4.2223	NA	NA
79891	4.1758	4.2153	4.2658	0.268192
256281	4.4583	4.2059	3.8744	0.144865
151963	4.2481	4.2059	4.1451	0.512768
10423	4.356	4.2034	3.9719	0.452609
116138	4.1942	4.2014	NA	NA
26037	4.186	4.1992	4.1993	0.539622
3595	4.3928	4.1985	3.9796	0.3811
376940	3.925	4.1963	4.3534	0.227885
22930	4.4213	4.1917	3.9281	0.174503
3208	4.2803	4.1892	4.199	0.302662
11151	4.3718	4.1892	3.9724	0.388002
8935	4.6868	4.1857	3.5768	0.275709
5164	4.6343	4.1831	3.6457	0.20718
7432	4.309	4.1822	4.0873	0.354972
731220	3.7407	4.1819	4.6599	0.326053
2937	4.375	4.1817	3.9717	0.232258
56130	4.083	4.1811	4.3014	0.214918
10137	4.1767	4.1803	NA	NA
10368	4.4972	4.1798	3.8512	0.368947
10873	4.5377	4.178	3.7489	0.209651
8411	4.31	4.1733	NA	NA
6860	4.3255	4.1723	3.9277	0.251449
1272	4.2873	4.1672	4.0458	0.228872
7704	3.9471	4.1621	4.4049	0.241683
8818	4.3762	4.1618	NA	NA
4625	4.2588	4.1603	4.0901	0.237083
148022	3.9073	4.1555	4.47	0.158769
10678	4.3935	4.1549	3.8034	0.254254
57504	4.2715	4.1541	4.1566	0.212784
152006	4.3786	4.1541	NA	NA
29781	4.366	4.154	3.9309	0.218642
23542	4.5015	4.1515	NA	NA
90480	4.4872	4.1513	3.7766	0.235142
92344	4.2336	4.151	NA	NA
160418	4.3213	4.1501	3.965	NA
90594	4.3688	4.1487	NA	NA
1844	4.3022	4.1478	3.9314	0.50381
54536	4.2525	4.1469	4.0872	0.365987
284427	4.2202	4.1466	4.0938	0.208341
10787	4.3661	4.1443	3.8379	NA
5914	3.9912	4.1417	4.3822	NA
10858	4.3712	4.1379	3.8278	0.293262
60626	4.1594	4.1365	4.2545	0.14371
283385	4.1748	4.1334	4.1159	0.305035
55844	3.9381	4.1331	4.1403	0.296517
3157	4.4479	4.1303	3.7311	0.320253
81533	4.257	4.1291	3.9841	0.446191
821	4.2193	4.1287	4.1024	0.162001
56171	4.2946	4.1282	3.9482	0.132841
57600	4.317	4.1258	3.8938	0.340712
122830	4.7064	4.124	3.4527	0.270505
10776	4.2861	4.1222	3.9079	0.403586
79077	4.4148	4.1195	3.7263	0.294267
388394	4.1623	4.119	4.0178	0.372033
65989	4.3007	4.1115	3.8212	0.471459
7126	4.0346	4.111	4.2646	0.362741
118812	4.3152	4.1105	3.971	0.273953
26035	4.2813	4.1057	3.8777	0.442045
9175	3.4853	4.1051	4.6378	0.250625
57017	4.3491	4.1046	NA	NA
79902	4.1962	4.1045	3.9734	0.0453378
55290	4.3961	4.1002	NA	NA
51560	4.3536	4.0993	3.7701	NA
136227	4.1428	4.0988	NA	NA
26470	4.0428	4.0976	NA	NA
254122	4.3113	4.0911	NA	NA
7293	4.2266	4.0909	4.0531	0.573874
10436	4.5797	4.0879	3.3453	0.00726643
92241	4.2534	4.086	4.0104	0.691795
9312	4.2491	4.0848	4.0145	0.452381
151835	3.5671	4.0793	4.518	0.470993
5746	4.0386	4.0792	4.1367	0.560774
9397	4.1005	4.0746	NA	NA
5600	4.3313	4.0708	3.7894	0.485715
26032	4.0584	4.0698	4.1238	0.402023
11215	4.2513	4.0677	NA	NA
3745	3.4486	4.0646	4.8817	0.349776
89795	4.1449	4.0598	4.038	0.259654
81577	4.0793	4.0585	4.0046	0.582089
10667	4.1837	4.0579	NA	NA
8987	4.2056	4.0573	3.8682	0.230508
1128	4.0121	4.0554	4.0771	0.628806
84280	4.2412	4.0527	3.7797	NA
55845	4.3918	4.05	3.6069	0.326721
3680	4.1469	4.047	NA	NA
7553	3.9891	4.047	4.0808	NA
60559	4.2227	4.0456	3.8106	0.349208
54472	4.3905	4.0441	3.5997	0.35051
5172	4.2088	4.0438	3.8117	0.139117
5901	4.1919	4.041	3.892	0.100533
80263	4.1908	4.0392	NA	-0.0818052
22885	4.1215	4.0351	3.9585	0.0610266
441027	4.2484	4.0338	3.8239	0.306415
55182	3.8989	4.0321	4.211	0.162531
8938	4.046	4.0293	4.1557	0.208956
5372	4.5057	4.029	3.4311	0.240606
2063	4.0492	4.0273	NA	NA
9735	4.2038	4.0258	NA	0.159442
151393	4.0513	4.0228	4.0431	0.50534
9645	3.8932	4.0176	4.1238	0.54134
5058	4.2604	4.0165	3.7879	NA
84058	4.2769	4.01	3.6662	0.272449
23066	4.1424	4.0089	NA	NA
8467	3.58	4.0086	4.5776	0.343645
158399	4.1593	4.0076	NA	0.283429
55591	4.0605	3.9999	4.0124	0.215687
53346	4.0614	3.9966	3.9506	0.259073
168391	4.1276	3.9948	3.7849	0.486991
64897	4.0262	3.9934	NA	NA
64714	3.7824	3.9849	4.12	NA
65078	4.0223	3.9842	3.9387	0.706635
342357	4.0639	3.9804	NA	NA
55181	4.2934	3.9775	NA	NA
26608	4.2275	3.9756	NA	0.211945
9841	4.0438	3.971	3.938	0.493404
84955	4.107	3.9701	NA	0.337573
10466	4.2392	3.9699	3.6566	0.0072058
9069	3.9003	3.9665	NA	NA
155054	4.0084	3.9635	NA	NA
84134	3.919	3.9598	NA	NA
25988	3.8716	3.9598	NA	NA
3714	4.1327	3.9592	NA	NA
85352	3.9494	3.9562	4.1482	0.2626
400954	3.9095	3.953	4.0827	0.375478
80762	4.1304	3.9465	3.7488	0.221684
1662	4.0986	3.9459	3.7268	0.363602
10123	3.8329	3.943	4.0312	0.128972
54958	4.0199	3.9396	3.8804	NA
26256	4.257	3.9382	3.571	0.223633
56127	3.9546	3.9375	3.9662	0.161588
23141	4.0829	3.9371	3.793	0.101074
10570	4.021	3.9339	3.851	0.391276
224	4.1011	3.9299	3.7358	0.401558
51379	4.002	3.9256	3.9162	0.261694
51301	3.8585	3.9238	NA	NA
10978	3.8351	3.9215	4.0503	NA
57718	3.9321	3.9211	4.1024	0.142137
401145	3.8432	3.9182	4.0275	0.199353
84181	3.4487	3.9172	4.2856	0.210739
85369	3.9998	3.9171	3.8585	0.307504
80184	4.0138	3.9166	3.8475	0.148669
4718	4.0248	3.9141	3.8257	0.12573
162972	3.8786	3.9136	NA	NA
84276	4.0662	3.9135	3.7458	0.524974
53339	4.07	3.9118	NA	0.256912
9474	3.9734	3.9058	3.8319	NA
54386	3.9859	3.9049	3.8193	0.310715
163081	3.6788	3.9041	4.2023	0.389226
6936	3.9917	3.904	NA	NA
2009	3.9676	3.9011	NA	-0.0701133
84916	3.923	3.8997	NA	NA
23208	4.1223	3.8996	NA	NA
27000	4.4046	3.8995	3.3079	0.0919184
6249	3.9883	3.8994	NA	NA
11041	4.0251	3.898	3.716	0.219507
327	4.0912	3.8953	3.6462	0.363193
345462	3.7871	3.8953	4.0103	NA
91133	4.0508	3.8948	3.7975	0.266251
7262	3.9368	3.8943	3.8289	0.550687
70	4.046	3.8939	3.66	0.113429
89781	4.1269	3.8931	NA	NA
9145	4.0069	3.8918	NA	NA
8437	3.9671	3.8874	3.8416	0.144564
25771	4.1107	3.8849	3.6882	0.0216184
50807	4.0027	3.8807	3.8232	NA
4763	4.0341	3.8789	NA	NA
79870	4.1489	3.8773	3.6751	0.272953
144423	3.9936	3.8773	NA	NA
59335	4.2763	3.8771	NA	0.125886
118471	3.9979	3.8693	3.6667	0.580812
56134	3.9511	3.869	NA	0.510746
5655	4.3043	3.8686	3.2991	0.0943405
57619	3.9776	3.868	3.7986	0.56931
353355	4.0881	3.8674	3.6543	NA
10602	3.7174	3.8653	3.9498	0.357369
9581	3.7902	3.8603	3.9065	NA
6829	3.982	3.859	NA	NA
79639	4.1449	3.8586	3.5511	0.215662
2550	4.093	3.8585	3.5609	0.101355
55784	3.9138	3.8566	3.8127	-0.0139291
2913	4.0952	3.8497	3.5196	-0.0103471
171019	3.9306	3.848	3.8099	-0.0687181
2566	3.6976	3.8479	4.022	0.4322
121793	3.8401	3.8475	3.8729	0.488768
4916	4.0453	3.8463	3.5885	0.363705
100505573	3.8834	3.8447	NA	NA
9665	3.7889	3.8439	3.9526	0.281669
6751	3.8491	3.8433	4.0188	0.116061
84100	3.8853	3.8418	NA	0.0980415
79137	3.9438	3.84	NA	0.319432
55352	4.1418	3.8392	NA	0.19603
1408	3.862	3.8277	3.8206	0.463385
56884	4.0121	3.8262	3.6014	0.156805
51393	4.1418	3.826	3.474	0.371294
10078	3.8768	3.8227	3.7582	NA
3131	3.7754	3.8218	3.8509	0.332252
341359	3.8792	3.8214	3.7294	0.0748861
3741	3.8874	3.8199	3.8067	0.0667774
10605	3.4416	3.8125	4.1491	0.363024
8187	3.951	3.8095	NA	0.186994
8452	3.5182	3.8047	4.139	0.369775
387921	3.8439	3.8033	3.7526	0.154868
23410	4.0398	3.8016	3.5789	NA
55161	3.8849	3.8015	NA	NA
619279	3.8316	3.7994	NA	0.271804
146845	4.0806	3.7984	3.418	0.185709
7480	3.8129	3.7956	3.8781	0.198915
84698	3.8076	3.7952	3.8653	0.413158
78992	3.851	3.7946	NA	NA
23130	3.938	3.7935	NA	NA
23594	4.2059	3.7928	3.2779	0.235266
3756	3.4418	3.7874	4.1663	0.449675
166614	4.5362	3.7824	2.9406	0.255245
7301	3.9112	3.7776	3.7314	0.482913
63876	3.5252	3.7761	3.8306	0.392127
9215	3.9173	3.7761	3.5147	0.11889
131375	4.2019	3.7759	3.2452	0.161024
9935	3.5272	3.7753	4.0337	0.303294
10519	3.9276	3.7749	3.6057	0.0650628
9577	4.3725	3.7745	3.0585	0.226528
221092	3.5169	3.7735	4.1311	0.198989
55122	4.035	3.7717	3.4966	0.254235
25797	3.6535	3.7667	3.8941	0.494821
642273	3.8065	3.7641	3.8397	0.225423
1959	3.7318	3.7627	NA	0.362994
23609	3.6008	3.758	3.9157	0.303761
49855	3.8338	3.756	3.7813	0.114405
1135	3.6641	3.7521	3.8308	0.503775
1894	3.893	3.7495	NA	NA
10714	3.7013	3.7483	3.8217	0.260701
7905	3.6475	3.747	3.826	0.375395
9615	3.8342	3.7445	3.6497	0.0640893
166336	3.9041	3.7434	3.6691	0.292884
84514	3.5904	3.7418	3.9476	0.248758
439921	3.8392	3.7414	3.5898	0.239163
7574	3.8854	3.7391	3.6328	0.339731
64089	3.688	3.7306	NA	0.156958
23394	3.7671	3.7226	NA	0.531446
93081	3.737	3.7222	3.7068	0.082033
10244	3.7128	3.7222	3.7502	0.331005
2804	3.8711	3.7157	3.5421	0.145142
84250	3.7019	3.7013	3.6987	0.366065
22908	3.5319	3.6964	3.9154	0.174067
55897	3.7828	3.696	3.7361	0.280326
10040	3.8775	3.6933	3.4485	0.144569
10055	3.6933	3.6884	3.7064	NA
6610	3.922	3.685	3.497	0.239528
8703	3.7605	3.6846	3.7001	0.223287
8220	3.756	3.6844	NA	NA
1139	3.9003	3.6829	NA	NA
25789	3.9577	3.6816	3.3237	0.337955
1290	3.7215	3.6808	3.6454	0.300211
51244	3.6424	3.6804	NA	NA
9079	3.5595	3.6785	3.8374	0.437288
63908	3.8361	3.6782	NA	0.353605
7782	3.6098	3.6745	3.7105	0.272099
1051	3.5617	3.6732	NA	NA
57095	3.8863	3.6693	NA	NA
25818	3.9289	3.6677	3.3767	0.300286
23077	3.778	3.6666	NA	NA
9919	3.6473	3.6633	NA	NA
1032	3.8134	3.6628	3.5952	0.244292
54585	3.7114	3.6617	3.5969	0.544549
285193	3.9413	3.6609	NA	NA
1006	3.7521	3.6586	3.661	0.508272
54716	3.7582	3.658	NA	0.327491
80856	3.8909	3.658	3.4385	0.116029
60370	3.4303	3.6568	3.9458	0.317689
29091	3.8441	3.6555	3.4199	0.0882714
79877	3.7576	3.6549	3.6357	0.0422261
7692	3.5708	3.6548	3.6289	0.0275697
56005	4.0745	3.6535	3.0246	0.0567962
1301	3.9394	3.65	3.2727	0.174414
84262	3.5796	3.6463	3.7269	0.545156
8534	3.7684	3.6414	3.5523	0.247575
84255	3.6133	3.6404	NA	NA
168667	3.6167	3.6404	NA	NA
200942	3.7099	3.6396	3.6428	0.104301
6045	3.7776	3.6394	3.5416	0.278854
3067	3.6876	3.6392	3.628	0.325053
57396	3.3346	3.6389	3.749	0.15934
5581	3.4598	3.638	3.7615	NA
1185	3.74	3.6378	3.5095	0.0794279
10098	3.6346	3.6371	3.6581	0.462889
5143	3.738	3.637	3.4893	0.457621
9887	3.6435	3.6344	NA	NA
790955	3.9919	3.6332	NA	0.211012
7014	3.7342	3.6315	3.5132	NA
55799	3.3965	3.63	3.9099	0.218974
9910	3.7436	3.6285	3.4926	NA
6645	3.7089	3.6261	3.491	0.497935
5877	3.8001	3.6254	3.4466	0.316188
10817	3.7079	3.625	3.5352	NA
29985	3.8578	3.6225	3.3633	NA
23510	3.7363	3.6222	NA	NA
130497	3.8354	3.621	3.3513	0.0344784
84749	3.6347	3.6192	3.6023	NA
8945	3.894	3.6164	3.2644	0.295037
79898	3.7271	3.6129	NA	NA
26093	3.6412	3.6121	NA	NA
90780	3.686	3.6088	3.5455	0.172198
51162	3.5938	3.6061	3.6347	0.483685
57410	3.6221	3.6059	NA	NA
9655	3.4554	3.6046	3.6495	0.288102
51087	3.7015	3.6045	3.5699	0.170506
11113	3.3435	3.6044	3.7061	0.412853
3608	3.8464	3.6022	NA	NA
3843	3.5877	3.6006	3.5678	0.590946
57699	3.7432	3.5997	3.443	0.368547
55668	3.3901	3.5981	NA	NA
57178	3.6214	3.5978	3.5621	0.0102708
1477	3.7934	3.5976	3.3587	0.283476
963	3.8048	3.597	3.4466	0.450592
84612	3.2018	3.5947	4.0787	0.34831
6585	3.7164	3.5922	3.4583	0.0719578
23172	3.7357	3.5915	NA	NA
9810	3.7125	3.5911	NA	NA
2185	3.5953	3.5909	NA	NA
84219	3.6303	3.5905	NA	NA
81669	3.7311	3.5904	3.3736	0.401008
283450	3.7858	3.589	NA	NA
9732	3.7239	3.5868	3.5217	0.41166
5212	3.7573	3.5854	3.3268	0.161997
23002	3.6105	3.5808	NA	0.114107
646627	4.1285	3.5769	2.8932	0.19545
56131	3.6252	3.5768	3.5299	NA
758	3.647	3.5759	3.4783	0.0736646
57209	3.3632	3.5748	3.7157	0.361048
57418	3.547	3.5721	NA	NA
9721	3.8425	3.5685	3.1835	-0.0266517
4602	3.822	3.5666	3.3356	0.294605
10718	3.6099	3.5665	NA	0.369308
29887	3.7474	3.5621	3.3345	0.350694
199974	3.6842	3.5606	3.4527	0.215285
1949	3.5897	3.5591	3.6713	0.144822
440829	3.5652	3.5569	3.5507	0.406442
84878	3.5624	3.553	NA	NA
27342	3.2689	3.5472	3.8621	0.286379
3434	3.634	3.5454	3.4373	0.37738
124454	3.7163	3.5453	3.4873	0.264325
170506	3.6191	3.545	NA	0.338102
5532	3.6874	3.5426	3.3659	0.586928
56929	3.535	3.5395	NA	NA
10058	3.7651	3.5391	3.2503	0.169295
9515	3.3106	3.5381	3.8234	0.283646
128866	3.7646	3.5378	3.2303	0.354298
196403	3.2413	3.5373	3.7693	0.260433
59343	3.7521	3.5351	3.2603	NA
118881	3.6374	3.534	3.3869	0.0573397
4331	3.4865	3.5338	NA	NA
774	3.5497	3.5316	3.4944	0.51809
79738	3.5237	3.5309	3.5334	0.211733
84699	3.5902	3.53	3.4588	0.279781
375748	3.7145	3.5293	3.3575	0.155076
8395	3.4968	3.5231	3.6045	0.367865
4976	3.7178	3.5221	NA	NA
95681	3.5573	3.5214	NA	NA
5217	3.7726	3.5208	3.229	NA
27300	3.6109	3.5172	3.4947	0.190223
2823	3.5808	3.5121	3.5082	0.376746
10270	3.7266	3.5117	3.226	0.325915
6919	3.6474	3.5117	NA	NA
153527	3.7979	3.5103	3.1615	0.217767
4753	3.6131	3.5089	3.4099	0.379048
4858	3.6306	3.5085	3.4558	0.0953222
2671	3.6037	3.5067	NA	NA
57568	3.309	3.5063	3.7312	0.38331
84966	3.5823	3.5051	3.4013	0.369876
152138	3.5361	3.5034	3.4703	NA
53822	3.462	3.5024	3.5459	0.638921
143279	3.5948	3.5015	3.4867	0.208429
9852	3.2965	3.5002	3.5909	NA
80178	3.389	3.498	3.5976	0.405732
6940	3.6386	3.4962	NA	NA
171024	3.4606	3.4899	3.5924	0.371328
6578	3.5611	3.4887	3.3742	0.422003
10562	3.5396	3.4877	3.4529	0.0018664
4088	3.8851	3.4869	3.0069	0.22386
146223	3.574	3.48	3.4777	0.209173
63905	3.6159	3.4777	NA	NA
643355	3.6955	3.4766	3.2606	0.361086
780776	3.7723	3.474	3.1623	0.108827
80108	3.617	3.4721	NA	NA
54931	3.588	3.4715	3.3128	NA
10133	3.7506	3.4712	3.1142	0.545559
57469	3.536	3.4681	3.356	0.221763
533	3.5726	3.465	NA	NA
197257	3.7662	3.462	3.0241	0.0696399
51458	3.6659	3.4558	3.1952	0.161875
55251	3.5425	3.4554	3.3627	0.0238009
27345	3.5791	3.4533	3.3579	0.103044
79888	3.6902	3.4484	3.2085	0.316067
5188	3.6717	3.4482	3.1452	0.121664
6728	3.8091	3.4468	3.0654	NA
7447	3.4222	3.4466	3.4683	0.525881
8694	3.4554	3.4452	NA	NA
54940	3.6529	3.4445	NA	NA
23173	3.7023	3.4422	3.1411	NA
78991	3.5578	3.4417	NA	NA
349667	3.782	3.4416	3.0274	0.264726
145447	3.5483	3.441	3.3001	0.230492
81929	3.5606	3.4388	3.2991	NA
9501	3.5599	3.4327	3.3043	0.0502031
57343	3.3748	3.4326	3.5143	0.109689
1130	3.0572	3.429	3.7353	0.289582
374882	3.642	3.4289	3.1817	0.256143
64895	3.3625	3.4253	3.4829	NA
84816	3.5069	3.4252	NA	NA
9804	3.5466	3.4131	NA	NA
8310	3.47	3.4117	3.4	0.154876
2237	3.5569	3.4109	NA	NA
57520	3.375	3.4064	3.3714	NA
4857	3.3567	3.4061	3.488	0.392304
79369	3.6856	3.3969	3.0631	0.181941
6573	3.7201	3.3961	3.0315	0.0829196
23143	3.0205	3.3952	3.8684	0.100598
253152	3.2662	3.3948	3.5722	0.417702
26289	3.6215	3.3945	3.1441	0.229762
23170	3.431	3.3911	3.3996	0.292527
10295	3.6741	3.3908	3.0449	0.121735
255022	3.4841	3.3904	3.2843	0.388634
84312	3.7859	3.3887	2.9303	0.119519
27439	3.3416	3.3886	NA	NA
79837	3.3595	3.3874	NA	NA
7425	3.4416	3.3874	3.3203	0.564801
30849	3.2318	3.387	3.5625	NA
493	3.4698	3.385	3.3954	0.176125
114088	3.2001	3.3846	3.4636	0.530987
6894	3.3579	3.3783	3.3816	0.313554
10613	3.4593	3.3772	3.3578	0.293193
8704	3.4471	3.3771	3.4031	0.159726
84669	3.4677	3.3726	NA	NA
8540	3.2942	3.372	3.4685	NA
54627	3.3059	3.3713	3.4538	NA
80764	3.321	3.3708	NA	NA
29106	3.6296	3.3669	3.009	0.312855
65080	3.5825	3.3669	NA	NA
11007	3.5701	3.366	NA	NA
1993	3.4104	3.3655	NA	NA
25864	3.19	3.3653	NA	NA
9568	3.3795	3.3646	NA	NA
6448	3.4382	3.3641	3.3612	-0.0175233
84057	3.5103	3.364	3.2194	-0.231579
622	3.2107	3.3611	3.5571	NA
334	3.4705	3.3583	3.2143	NA
255426	3.5974	3.358	3.0483	-0.0416272
90678	3.4953	3.3576	3.1863	NA
284252	3.2278	3.3565	3.4831	0.604039
23349	3.6078	3.3551	3.0891	0.416531
137970	3.369	3.3547	3.3454	0.494344
221443	3.6293	3.3528	3.0503	NA
1807	3.3952	3.3503	3.2893	0.0650619
23216	3.0901	3.3483	3.6465	0.140233
9609	3.4279	3.3436	3.3351	0.152429
84073	3.2704	3.3422	NA	0.0148347
9750	3.3514	3.34	3.4867	0.064947
149371	3.3401	3.3379	NA	NA
4739	3.3189	3.3372	3.4234	0.0570828
8496	3.3739	3.3345	3.3145	0.172397
9317	3.6839	3.3341	2.9142	0.134528
54998	3.4084	3.3339	NA	NA
101929552	3.4236	3.3331	NA	NA
23335	3.5306	3.3318	3.1021	NA
1592	3.5292	3.33	3.0885	-0.00889792
10969	3.5384	3.3262	NA	NA
51168	2.9826	3.3227	3.7428	0.325096
84216	3.5196	3.3225	3.0939	-0.0606542
642987	3.3484	3.3196	NA	0.198256
10654	3.4803	3.3185	3.1657	0.0213021
55617	3.4211	3.3183	3.251	0.32066
147011	3.4753	3.3159	3.1473	-0.10514
10884	2.9686	3.3156	3.7093	0.295483
8805	3.4416	3.3144	3.1957	0.219384
2898	3.393	3.3132	3.2945	0.185331
65982	3.3821	3.3125	3.3187	0.170834
29100	3.7316	3.3098	2.7057	-0.0169692
200407	3.5228	3.3095	3.0446	0.519278
5520	3.3079	3.308	3.3309	0.301308
116028	3.4255	3.3055	3.2515	0.36471
115426	3.3275	3.3029	3.2875	0.253055
2845	3.2328	3.3009	3.4138	0.285595
81491	3.2582	3.2989	NA	NA
527	3.4722	3.2982	NA	NA
5144	3.2639	3.2944	NA	0.137682
10902	3.2471	3.2942	3.3206	0.276189
2275	3.3137	3.2934	NA	0.292071
814	3.3351	3.2924	3.2749	0.734687
11015	3.4233	3.2906	3.0889	NA
4139	3.3913	3.2897	3.209	0.235202
25880	3.5355	3.2875	NA	NA
9796	3.2564	3.2844	3.2897	0.627937
58	3.4301	3.2821	3.0894	0.150651
64405	3.4049	3.2756	3.1197	0.462594
56654	3.3774	3.2742	3.1803	0.289914
6543	3.3539	3.2723	3.2286	0.371676
10049	3.4107	3.2652	NA	NA
7068	3.3434	3.2639	3.2501	0.298829
55367	3.016	3.2625	3.3898	0.0661686
81928	3.0639	3.2619	3.5363	0.241268
339500	3.393	3.2615	NA	NA
85409	3.4827	3.2598	3.0307	0.0845608
8458	3.4315	3.2578	NA	-0.1252
54674	2.9697	3.2567	3.5448	0.19397
55013	3.5343	3.2556	2.8676	-0.0357761
3274	3.0438	3.2556	3.4175	0.433547
2815	3.3335	3.2554	NA	NA
8973	3.3467	3.2552	NA	NA
23269	3.1232	3.2522	3.3022	0.0567493
9985	3.3895	3.25	NA	NA
65985	3.3443	3.2476	NA	NA
7529	3.3936	3.247	3.1376	0.226742
54475	3.404	3.244	3.1025	0.187922
3838	3.5962	3.2439	2.8097	NA
570	2.8952	3.2427	3.5505	0.138951
85300	3.2621	3.2408	NA	NA
81570	3.4841	3.2404	2.9303	0.243881
10569	3.144	3.2386	3.3514	0.429618
5800	3.3295	3.2386	3.1749	0.414644
113452	3.463	3.235	3.052	0.275028
57491	3.3396	3.2335	3.2107	0.153513
10962	3.4822	3.2324	NA	NA
4957	2.8809	3.2315	3.5583	0.105912
256309	3.3392	3.23	3.0847	0.326581
26061	3.1856	3.2279	3.3007	0.201785
9055	3.0998	3.2246	3.3253	0.519902
145773	3.197	3.2241	3.3032	0.273003
145226	3.2484	3.2235	3.2088	0.363956
7320	3.4272	3.2231	2.9773	0.204264
84814	2.9928	3.223	3.5156	0.198959
577	3.3657	3.2214	3.0652	0.329601
55737	3.3895	3.2214	3.0078	0.293928
2131	3.2859	3.2214	NA	0.415733
8451	3.5107	3.2198	2.8523	0.14054
2319	3.4211	3.2165	3.001	0.387798
378884	3.47	3.216	2.9691	0.0974022
80772	3.3501	3.2152	NA	NA
25852	3.1727	3.2141	3.255	0.441335
1996	3.0816	3.2129	3.3686	0.447287
6092	3.4495	3.2126	2.9588	-0.0253696
3840	3.4872	3.2112	2.9392	0.180466
4185	3.1665	3.2094	NA	NA
2662	3.3361	3.2047	3.0391	0.0198465
158471	3.2767	3.2028	3.1128	0.0444007
23390	2.9708	3.2022	3.4322	NA
63939	2.739	3.202	3.7577	0.362997
255520	2.9996	3.2012	3.4133	0.0136897
8662	3.3526	3.2004	NA	NA
9047	3.351	3.1992	3.0869	0.338806
84056	3.1991	3.1982	3.2127	0.182119
283987	3.3045	3.1959	NA	NA
116966	3.3228	3.1956	3.1257	0.281705
5550	2.9797	3.1936	3.4639	0.44766
23403	3.0055	3.1922	3.3051	0.220529
56063	3.3247	3.1915	3.0964	0.209361
7162	3.2218	3.1895	3.1358	0.435271
55137	3.2332	3.1893	3.1646	0.338947
57551	3.3963	3.1885	2.9692	0.0569201
599	3.1066	3.1873	3.3232	0.320706
27107	3.1026	3.1866	3.2791	NA
22895	2.9494	3.186	3.4585	0.361966
11122	3.2223	3.186	3.1534	0.183095
10738	3.0402	3.1839	3.3413	0.445588
51085	3.1053	3.1829	NA	NA
2776	3.4696	3.1819	2.8131	0.245655
337876	3.249	3.1818	3.1247	0.411694
6534	3.1376	3.1785	3.1999	NA
80325	3.0509	3.1761	3.348	0.31366
10590	3.3129	3.173	3.0723	-0.0215553
339210	3.5255	3.1705	2.7404	-0.0524864
3852	3.2272	3.1677	3.0738	0.460167
6416	3.2722	3.1675	3.0253	0.320005
4761	3.4051	3.165	NA	0.2085
10928	3.2631	3.1649	3.0834	0.3418
5073	3.0794	3.1642	NA	NA
57486	3.1492	3.1638	3.1683	0.416756
27	3.1171	3.1635	NA	0.256441
2596	3.4687	3.161	2.7718	0.309103
84617	3.4274	3.1603	2.8337	0.162005
148479	3.2704	3.1587	3.1132	0.294249
5781	3.2425	3.1585	3.0988	0.127119
2960	3.2849	3.15	NA	NA
10142	3.1136	3.1486	NA	NA
7419	3.3083	3.1468	NA	NA
388403	3.2406	3.1445	3.0572	0.351286
26146	2.9319	3.1441	3.4156	0.0873396
51299	3.0751	3.1436	3.2555	0.63559
1846	3.1259	3.1416	NA	0.270974
5534	3.2796	3.1409	3.0321	0.461922
23585	3.2072	3.1395	NA	NA
54733	3.268	3.1385	2.9722	-0.076374
9486	3.1246	3.1378	NA	NA
10237	3.3693	3.1349	NA	NA
2181	2.8201	3.1304	3.396	0.435091
8913	3.0326	3.1304	3.2106	0.581016
2890	3.1976	3.1262	3.116	-0.00237224
85446	2.9587	3.1235	3.3568	0.0828268
11142	3.2707	3.1231	NA	0.434216
23092	2.9444	3.1227	3.3672	0.237941
23244	3.3144	3.1209	2.9231	0.151001
415117	2.9313	3.118	3.3126	0.5283
57414	3.4176	3.1159	2.7622	0.19683
6670	2.8299	3.1157	3.3663	0.243042
25886	3.2641	3.1108	2.9458	0.14839
1965	3.3625	3.1088	NA	NA
7857	3.1644	3.1041	3.0288	0.0474095
118430	3.1156	3.1031	3.0815	0.357276
83746	2.9716	3.101	3.2186	0.434097
808	3.1928	3.1008	2.9421	0.0648148
10612	3.1305	3.1	NA	NA
54464	2.9519	3.0985	NA	NA
65244	3.215	3.0968	NA	NA
81691	3.2354	3.0947	2.9956	0.234609
23732	3.17	3.0943	3.0571	0.372506
5580	3.1051	3.0941	3.2355	0.179647
63906	3.162	3.0939	NA	NA
84285	3.1906	3.0937	3.0635	0.0564024
2583	3.2431	3.0935	2.9043	NA
64077	3.2192	3.0926	2.9156	0.398713
435	3.3158	3.0925	2.8166	0.0535129
7728	3.0275	3.0897	3.2035	0.23995
5954	3.3574	3.0896	2.8348	0.448558
5687	3.2871	3.0875	NA	0.257525
78986	3.1727	3.0855	3.025	0.340465
51755	2.9094	3.0846	3.3409	NA
54602	3.1408	3.0827	NA	NA
23350	2.9984	3.0814	3.1275	NA
375775	3.1065	3.0804	NA	NA
2887	3.2386	3.0785	2.9561	0.146052
51493	3.1492	3.0761	NA	NA
2520	3.2357	3.0751	2.8527	NA
65992	3.2693	3.0741	2.8432	0.351912
151903	2.9578	3.0738	NA	0.371891
126374	3.2485	3.0724	2.9045	-0.0175098
80344	3.1703	3.0724	2.9962	0.245863
51760	3.4074	3.072	2.6038	0.0327889
7784	3.0119	3.0719	NA	NA
27133	3.1067	3.0702	3.0327	0.366388
2290	3.1501	3.0698	3.0156	0.212388
339451	2.9437	3.0696	3.2422	0.20639
9467	3.172	3.0667	2.965	0.00279656
79414	3.1502	3.0655	NA	NA
24149	2.9519	3.0654	3.2033	0.278027
57180	3.1832	3.0644	3.0008	0.140261
85455	3.1384	3.0627	3.0237	0.221954
54801	2.8949	3.0606	3.2847	0.113882
996	3.2817	3.0595	2.8161	0.0784782
3425	3.1518	3.0584	NA	NA
3925	3.1103	3.0578	3.0295	0.360439
9675	2.8554	3.0578	NA	NA
10904	3.2212	3.0561	2.8596	0.165751
84808	3.1665	3.0543	2.9556	0.0712844
55683	3.1166	3.0532	NA	NA
27229	3.0623	3.0527	3.0374	0.455504
3797	3.2562	3.0521	2.8741	0.359891
113622	3.013	3.0516	3.1279	0.207226
445	3.1738	3.0487	2.9731	0.455411
2847	3.2797	3.0472	2.7994	NA
54769	3.0709	3.047	3.0487	0.373329
11275	3.2157	3.0469	2.8551	0.277701
10401	3.1097	3.0463	NA	-0.0144538
92255	3.2273	3.0452	2.8894	0.0870073
247	3.1061	3.0451	NA	NA
5891	3.0349	3.0443	2.987	0.176574
4282	3.3781	3.0438	2.6788	0.133635
23341	2.9064	3.0419	3.2103	NA
158293	3.2889	3.041	2.6474	-0.0931056
8721	3.3039	3.0405	2.767	0.183011
23424	3.1158	3.0397	3.0267	0.162901
55900	2.9915	3.0383	3.1341	0.013944
84623	3.1644	3.038	2.9612	0.535338
170394	3.3198	3.0377	2.7074	NA
9840	3.0097	3.0348	3.0738	0.399068
79762	3.0581	3.0339	3.0151	0.508485
9589	3.3521	3.0314	2.6681	0.200446
79183	3.2076	3.0309	2.8825	0.286018
261729	2.9694	3.0271	3.1172	0.388005
9238	3.0001	3.0265	NA	NA
10656	2.9939	3.021	NA	NA
84924	3.0467	3.0182	2.9842	0.13219
26052	2.9846	3.0175	3.0427	0.294686
5530	2.7511	3.0135	3.2948	0.532311
148418	2.9349	3.0134	3.1275	0.228416
221935	3.0587	3.0132	2.9504	0.0134507
2567	2.9924	3.0103	NA	0.240512
51340	3.0802	3.0095	2.9736	0.195098
55128	3.2162	3.0056	2.8257	0.0305182
284129	3.0998	3.0055	2.9737	-0.0099942
9673	3.0145	3.0045	NA	NA
1012	3.1108	3.0045	2.859	-0.108005
65055	3.1515	3.0037	NA	NA
23025	3.0599	3.0024	2.9673	0.665778
11188	3.095	3.0013	2.9708	0.162505
8543	3.1111	3.0004	2.8698	0.315578
54556	2.8131	2.9981	3.2006	0.0812133
146434	2.7334	2.9978	NA	NA
56995	3.0401	2.9972	NA	NA
116443	3.3193	2.9971	2.5862	0.0288548
729993	3.0661	2.997	2.9828	0.315862
4878	3.118	2.9941	2.9002	0.463782
26145	2.727	2.9923	3.2136	0.225319
2899	3.15	2.9916	2.8256	0.0135124
54910	2.6686	2.9914	3.1756	-0.0185908
64326	3.0892	2.9912	2.906	0.309417
132001	3.3387	2.9912	2.6189	0.248694
51280	3.0606	2.9893	2.9676	0.0196005
57669	2.9134	2.989	2.9914	0.149302
54557	3.0228	2.9879	2.9568	0.277311
7247	3.2468	2.9868	2.6942	0.201848
10025	3.2415	2.9857	2.6747	0.164463
5195	3.0013	2.9825	NA	NA
56034	3.321	2.9817	2.629	0.0384128
6487	2.8701	2.9811	3.1393	0.346874
55632	2.8295	2.9796	NA	NA
130612	3.0303	2.9796	2.9299	NA
146	2.9957	2.9791	2.9503	0.366923
54622	3.1534	2.9769	2.7955	0.127675
1838	3.251	2.9769	2.6977	0.380268
55206	2.7178	2.9753	3.2911	0.382097
9854	3.0551	2.9748	2.9568	0.455066
6310	2.8424	2.9734	3.1754	0.375115
55709	2.8092	2.972	NA	NA
152	3.3089	2.9703	2.6069	0.00535739
1961	3.0654	2.97	2.901	0.325256
27075	2.731	2.9688	3.1294	0.342998
790	2.7512	2.9684	NA	NA
90864	2.7465	2.9669	3.1155	0.323047
254887	3.0357	2.9644	2.877	0.200839
64949	2.6965	2.9641	3.2718	0.271005
84926	3.104	2.9625	NA	NA
8880	3.0092	2.9604	NA	NA
23507	3.0813	2.9601	2.8182	0.384125
23506	2.6049	2.96	3.1827	0.197681
55146	3.274	2.9588	2.5989	0.0358652
22850	2.9112	2.9583	2.9762	0.196044
57761	3.0374	2.9582	2.9266	0.288755
260425	2.7374	2.9581	3.229	0.262515
10279	2.8291	2.9574	3.1346	0.361653
27183	2.9269	2.9574	NA	NA
1768	3.0604	2.9564	2.9179	0.338705
54468	2.7445	2.9549	3.1428	0.407475
5598	3.0995	2.9526	NA	NA
9908	3.0937	2.9522	NA	NA
8208	3.0315	2.9522	2.9066	0.439043
84632	2.8614	2.9505	3.0401	0.195606
92609	3.0953	2.9503	NA	NA
54212	2.7262	2.9418	3.1096	0.223593
3104	3.0052	2.9418	NA	NA
3775	3.1239	2.9414	2.7098	0.422615
129804	2.5187	2.9406	3.4845	0.300941
128486	2.9588	2.9403	2.9148	0.233398
8562	3.1105	2.9392	2.8154	0.147018
23138	2.9238	2.938	NA	NA
7975	3.0426	2.9371	2.8821	0.0991664
113451	3.0593	2.937	NA	NA
10484	2.8349	2.9361	3.0564	0.200363
11282	3.2077	2.9348	2.6118	0.222636
286006	2.8195	2.9344	3.0655	NA
2912	3.0537	2.9331	NA	NA
55727	3.0461	2.9307	NA	0.0689949
6511	3.1314	2.9305	NA	0.172828
85465	3.0859	2.9288	2.7192	NA
9915	3.2035	2.9263	2.6721	0.398662
7283	2.9468	2.9232	NA	NA
11196	3.0587	2.9202	NA	0.0488527
79873	3.2234	2.9191	2.5787	0.165793
9684	2.9386	2.9177	2.8894	0.436663
4597	3.0732	2.9126	2.7209	0.223785
348262	3.1343	2.91	NA	NA
284498	2.7733	2.9097	3.0401	0.322748
3949	2.9381	2.9094	2.8743	0.116721
79680	3.0386	2.9085	NA	0.261183
3911	2.8104	2.9077	2.9897	0.180783
192111	3.102	2.9072	NA	0.320292
79672	3.1386	2.9051	NA	0.151125
11253	3.0652	2.9046	2.7211	0.148665
3692	3.1014	2.9011	2.6484	0.268125
9987	2.794	2.8976	NA	0.204579
4236	3.1171	2.8974	NA	NA
54777	2.8652	2.8954	2.9321	NA
128611	3.0272	2.8946	2.8323	0.110182
57642	3.0749	2.8928	2.6644	-0.0582085
51651	3.0417	2.8918	2.7033	0.218996
10438	3.1635	2.8917	NA	NA
6857	3.0128	2.8914	2.7754	0.504523
132204	3.0641	2.8869	2.7127	0.157922
3757	3.1517	2.8863	NA	NA
80003	2.5429	2.8862	3.2767	0.28344
161	3.0243	2.8824	2.7552	0.220746
10381	3.1298	2.8803	2.5892	0.186567
284486	3.079	2.8802	2.6304	0.1856
6949	2.6294	2.878	3.2021	0.365399
22864	2.9337	2.877	2.8293	NA
4326	3.0096	2.8746	NA	NA
7633	2.7528	2.8743	NA	NA
220359	2.6004	2.8742	3.2375	0.359826
64240	2.9394	2.8731	2.7704	0.0156461
60560	3.0188	2.8721	NA	NA
153222	2.5285	2.8675	3.0589	0.10408
967	3.1529	2.8668	2.4689	-0.100531
2764	2.9857	2.8654	2.6801	0.13752
132789	2.5701	2.863	3.2105	0.306188
79031	2.6891	2.8626	3.0906	0.18518
5293	3.0248	2.8614	2.6808	0.379827
9536	3.1403	2.8605	2.5569	0.286745
2783	2.9847	2.8603	2.7751	0.163001
1155	3.0387	2.8551	2.6526	0.0631734
51496	2.8646	2.855	NA	0.308603
54994	2.7113	2.8546	NA	NA
80863	2.9673	2.8538	NA	0.337834
202559	2.883	2.8517	2.813	0.520966
64744	2.9814	2.8461	NA	NA
441376	2.6168	2.8459	2.9944	0.173586
57325	3.0896	2.845	NA	NA
30845	2.9318	2.8432	NA	NA
2903	2.4008	2.8423	3.4097	0.327106
283870	2.7335	2.8401	2.9195	0.207249
26974	3.037	2.838	NA	NA
147	3.0288	2.8378	2.5945	0.0617279
9939	3.3373	2.837	2.2542	0.0172146
2996	3.108	2.8364	2.5205	0.131475
432	2.7643	2.8335	2.9388	0.135421
124790	3.0346	2.8334	NA	NA
57541	2.5893	2.8322	2.9941	0.251759
57583	2.9755	2.8298	2.6747	0.29444
149420	2.651	2.8294	3.0126	NA
53635	2.8198	2.8238	2.8194	0.289479
112936	3.1994	2.8238	2.4075	0.236764
131408	3.0534	2.8231	2.5572	0.388808
55885	3.0719	2.8223	2.5328	0.121105
10383	3.0152	2.8218	2.5764	0.255631
284306	2.5394	2.8202	3.0629	0.267176
283638	2.9479	2.8191	2.7632	0.34308
11320	2.7515	2.8178	2.8623	0.53874
55294	2.7307	2.8171	2.9311	0.234389
2563	2.603	2.8171	3.0762	0.338998
79712	2.9287	2.8159	2.6588	0.0625642
57156	2.8234	2.8152	NA	NA
79603	2.9956	2.8146	2.6096	-0.109647
55339	2.5186	2.814	3.0228	0.219493
353497	2.7473	2.8124	NA	NA
3747	2.7232	2.8124	2.9253	0.357941
79613	2.9454	2.8121	2.6708	0.219301
10061	2.7389	2.8118	2.8994	NA
3363	2.9834	2.8112	2.5748	-0.095914
10573	3.1081	2.81	2.4583	0.302925
2849	2.7904	2.806	2.8274	-0.0292734
8764	2.9056	2.8022	2.6622	0.182549
25885	2.808	2.7996	2.7968	NA
11258	3.079	2.7989	NA	NA
25945	2.8226	2.7986	2.7427	0.105796
23253	2.865	2.796	2.7286	NA
55132	2.6177	2.795	3.0179	0.261292
5393	2.8489	2.7908	NA	NA
961	2.6662	2.79	NA	NA
60680	2.9357	2.7863	2.6584	0.334939
56892	2.7546	2.7842	2.8237	-0.0629564
89941	2.738	2.7834	NA	NA
23760	2.992	2.7832	2.5112	NA
6920	2.9352	2.7829	2.6588	0.0336076
6342	2.6299	2.7804	2.9739	0.229961
8013	2.8355	2.7745	2.7241	-0.0483158
140689	2.8733	2.7729	2.7317	0.587487
79817	2.7976	2.7726	2.761	-0.0956143
80818	2.9192	2.7722	2.6681	0.321617
134353	2.8247	2.7716	NA	NA
84775	2.7811	2.7714	2.7665	NA
7476	2.8792	2.7713	2.6448	0.123788
5225	2.4609	2.7709	2.9922	0.280956
115098	2.944	2.7709	NA	NA
8988	2.9032	2.7702	2.5826	0.017682
9463	2.7545	2.7693	2.7782	0.232402
79623	2.9655	2.7674	2.535	0.290466
152559	2.4551	2.7671	3.1636	NA
90488	2.8757	2.7667	2.7328	0.0925478
5707	2.9939	2.7657	2.4897	0.23353
7771	2.8348	2.7646	NA	NA
200845	3.0203	2.7644	2.556	0.00684504
58189	2.9642	2.7639	2.5025	-0.0532657
8706	2.8508	2.7627	2.7357	0.128768
1291	2.7109	2.7622	2.8499	0.215177
10458	2.9241	2.762	2.6126	0.209788
10296	2.8599	2.7609	NA	0.0481064
54414	2.7341	2.7606	2.7944	-0.0747169
23217	2.7812	2.7593	2.7429	NA
7137	3.0318	2.7588	2.4721	0.23513
9263	2.9714	2.7553	2.5016	-0.146598
134957	2.7919	2.7532	2.6964	0.0752089
27079	2.3973	2.7531	3.1626	0.318906
810	2.5025	2.753	3.0118	0.276408
51062	2.9028	2.7523	2.5847	0.384368
83699	2.7863	2.7454	2.6849	0.502387
51693	3.1135	2.7447	2.271	0.0836834
9853	2.5691	2.7431	NA	NA
2897	2.8631	2.7429	2.6543	0.278971
318	2.9889	2.7422	2.4893	0.19743
80223	2.878	2.7418	2.6582	0.349626
57026	3.0384	2.7416	NA	NA
5988	2.4663	2.7416	3.0955	0.326367
81559	2.7417	2.7412	2.7458	0.3114
9401	2.727	2.7408	2.791	0.292781
11159	2.5384	2.74	2.9507	0.301548
55629	2.8751	2.74	2.5847	0.151967
29086	3.0396	2.7392	NA	NA
6836	2.8122	2.7386	2.6474	0.28679
3420	2.7409	2.7347	2.7347	0.206639
6749	2.7336	2.7326	NA	NA
2242	2.5188	2.7324	3.0097	0.401269
203197	2.5383	2.7305	2.9225	0.490005
93986	2.5845	2.7301	2.8419	0.493507
10038	2.6803	2.7295	2.7528	0.374924
8646	2.2773	2.7292	3.2109	0.204926
57452	2.7898	2.7273	2.6661	-0.232378
22808	2.9238	2.726	2.5443	0.229907
54938	2.718	2.7234	NA	NA
23504	2.7999	2.7221	2.7144	0.287259
79175	2.5604	2.7219	NA	NA
883	2.3373	2.7206	3.1795	0.159674
90957	2.6326	2.72	2.8359	NA
339559	2.8917	2.7197	2.5563	0.00439183
27123	2.7307	2.7192	2.699	0.287328
2648	2.5606	2.7191	2.8344	0.22845
23438	2.875	2.7151	NA	NA
55311	2.5899	2.7142	2.8647	NA
64778	2.7142	2.7139	2.7267	0.305562
8396	2.7859	2.7123	2.6678	0.401506
113444	2.7299	2.7112	2.672	0.359098
10121	2.9661	2.7101	2.3975	0.198537
1812	2.6853	2.7073	2.7259	0.122606
55813	2.7533	2.7058	NA	NA
11000	2.8551	2.7035	2.5341	0.382301
576	2.8664	2.703	2.5276	NA
54734	2.822	2.7024	2.586	0.0972421
79948	2.7646	2.7021	2.7042	0.0644268
146754	2.8407	2.7021	2.5629	0.0326559
10439	2.7101	2.7018	2.6816	0.402066
9896	2.8648	2.7017	2.5606	NA
85403	2.8423	2.7009	NA	0.1169
8879	2.6929	2.6988	NA	NA
4191	2.8752	2.6986	2.4824	0.292219
84866	2.6153	2.6979	2.7791	NA
642968	2.8145	2.6975	NA	NA
79982	2.6531	2.696	NA	NA
11137	3.016	2.6952	2.3136	0.109567
64411	2.5685	2.6941	2.8043	0.423051
7349	2.5218	2.693	2.8777	NA
55008	2.5779	2.6924	2.8471	0.139644
8767	2.8214	2.6922	2.584	0.0785078
55650	2.9204	2.6915	2.4388	NA
8459	2.5806	2.6905	2.838	0.3117
157574	2.5455	2.6892	2.8578	0.379565
81614	2.6556	2.6871	NA	NA
2870	2.8165	2.6866	NA	NA
25998	2.6759	2.6861	2.6989	NA
8997	2.1983	2.6856	3.1646	0.363367
58492	2.5102	2.6826	2.8173	0.23866
997	2.9133	2.6825	2.4169	0.182732
197322	2.3787	2.6822	3.0514	0.108143
79961	2.7165	2.6817	2.6371	0.287174
5971	2.7548	2.6812	2.6224	0.338296
6732	2.4071	2.681	3.0019	0.313193
2051	2.5655	2.6801	2.8463	0.212527
151987	2.6534	2.6799	2.7092	0.296093
84324	2.9471	2.6794	2.3807	0.0432227
25829	2.7952	2.6785	2.538	-0.0181436
552889	2.6803	2.6773	NA	NA
221468	2.7912	2.6763	2.5369	NA
83874	2.7816	2.6759	2.6357	0.0498926
4361	2.7226	2.6746	NA	NA
220107	2.785	2.6733	2.6026	NA
5955	2.7667	2.6732	2.6023	0.0917708
114900	2.6795	2.6729	2.6607	NA
55074	2.6805	2.6723	2.6852	0.202505
64802	2.7621	2.6718	NA	NA
83660	2.7714	2.6701	2.6173	0.469853
1951	2.543	2.665	2.7504	0.486188
84333	2.6113	2.6604	NA	NA
114757	2.8095	2.6603	2.4899	0.435501
29906	2.5299	2.6585	2.8202	0.204647
11264	2.838	2.6574	2.4701	0.0419364
51290	2.8167	2.657	2.4586	NA
389073	2.7701	2.6559	2.6024	0.238974
219539	2.4988	2.6546	2.7489	0.336565
57605	2.7962	2.6521	2.5312	0.293864
23220	2.6989	2.65	2.5828	NA
4760	2.6832	2.6496	2.6171	0.453463
81620	2.6852	2.6481	2.6125	0.130949
10302	2.9498	2.6474	2.3206	0.38011
6854	2.7536	2.6472	2.5901	0.201504
9512	2.7513	2.643	2.4915	0.203921
64901	2.3707	2.6427	2.8475	0.139359
54822	2.485	2.6426	NA	0.0750418
134111	2.3069	2.6414	3.0661	0.321872
100188893	2.9207	2.6385	2.3463	0.147421
90134	2.8925	2.6382	2.3467	0.10485
3708	2.418	2.6379	2.9308	0.218662
29952	2.5695	2.6357	2.7345	0.0353118
64112	2.5579	2.6332	NA	NA
56970	2.6511	2.6332	NA	0.383025
26468	2.7258	2.6328	2.5605	-0.0128587
8605	2.7011	2.6323	NA	NA
7167	2.8291	2.6309	2.3827	0.327579
1856	2.426	2.6298	2.7673	-0.0307039
60509	2.8472	2.628	NA	NA
64423	2.5637	2.6264	2.6926	0.225001
6833	2.1538	2.6258	3.1515	0.163867
149473	2.7149	2.6258	2.5852	0.270528
26517	2.9186	2.6256	2.2891	0.0431128
5368	2.6677	2.6233	2.5756	0.162429
433	2.6478	2.6229	2.5882	0.236459
523	2.7429	2.6228	2.4557	0.254257
4076	2.8772	2.6224	2.3115	NA
84221	2.7074	2.6208	2.5982	0.248887
490	2.4164	2.6192	2.8524	0.477211
2926	2.7728	2.6186	2.4188	0.148184
10514	2.3588	2.6172	2.893	0.36568
7158	2.71	2.6143	2.561	0.190488
6328	2.7094	2.6141	2.5438	0.223361
134266	2.3037	2.6134	3.0189	0.214479
127943	2.5754	2.6123	NA	NA
55860	2.999	2.611	2.1669	0.110479
1953	2.5005	2.6086	2.7055	0.0172423
9927	2.6283	2.6082	2.5916	0.124648
143425	2.7676	2.6075	2.4496	-0.186581
5903	2.5863	2.6066	2.627	0.270267
9462	2.6143	2.6063	2.5857	0.454456
51003	2.6456	2.6059	2.5533	NA
8907	2.7312	2.6046	NA	NA
80319	2.6681	2.6012	2.5714	0.124218
3781	2.6876	2.5996	2.5044	0.096919
23660	2.6719	2.5993	NA	NA
8882	2.9422	2.5991	2.1522	0.0771815
79269	2.4556	2.5988	2.7851	NA
26046	2.4878	2.5971	2.7355	0.203136
64786	2.6156	2.5957	NA	0.0495719
23417	2.5633	2.5956	NA	NA
9878	2.7795	2.5949	2.3581	0.154421
84892	2.7453	2.5937	NA	0.312343
341346	2.548	2.5919	2.649	0.128943
4900	2.5385	2.5902	2.6264	0.423101
25804	2.8817	2.5895	2.2356	0.139668
3042	2.748	2.5864	2.3887	0.0521506
199745	2.6927	2.5846	2.4865	0.0900623
9477	2.4787	2.5836	NA	NA
51111	2.3788	2.5785	2.7092	0.170369
283078	2.4702	2.5779	2.7317	0.342972
78987	2.4402	2.5777	2.7224	NA
5031	2.8225	2.5762	2.3129	0.220903
10369	2.3832	2.5762	2.8261	0.342004
84261	2.7165	2.576	2.424	0.23957
29969	2.7251	2.5754	2.3961	-0.122217
55138	2.4124	2.5737	NA	NA
79839	2.6749	2.5727	2.4553	0.0323522
146664	2.5831	2.5717	2.5604	0.664872
5569	2.6354	2.5713	2.6209	0.112894
22874	2.28	2.5659	2.8501	0.218054
114882	2.6797	2.5632	2.4787	NA
11143	2.6726	2.5629	NA	NA
152926	2.6836	2.562	NA	NA
5936	2.6	2.5608	2.5111	0.0993792
6752	2.7962	2.5596	2.2861	0.126837
8567	2.645	2.5541	NA	NA
1152	2.5244	2.5501	2.5808	NA
2049	2.5667	2.5493	2.5155	0.045423
414918	2.6681	2.5484	2.4438	0.15344
91663	2.7527	2.5481	2.3009	0.0106332
401548	2.5364	2.5458	NA	NA
26010	2.5801	2.545	2.5274	0.523177
349136	2.6374	2.5445	2.4998	0.130411
388284	2.5317	2.5439	NA	NA
55818	2.5788	2.5424	NA	NA
23158	2.5373	2.542	NA	0.515358
342909	2.3902	2.5419	2.7642	0.152398
3927	2.6526	2.54	NA	NA
10901	2.8557	2.5397	2.1873	0.176037
23105	2.2988	2.5385	2.8147	0.500784
654429	2.4978	2.5378	NA	NA
9706	2.5697	2.5359	NA	NA
57045	2.6318	2.5343	NA	NA
222553	2.5461	2.533	2.5163	0.0819435
1545	2.6414	2.5308	2.4413	0.373656
1595	2.647	2.5294	2.3942	-0.0668918
55116	2.5001	2.5287	2.552	0.272049
26519	3.0115	2.5283	2.0126	0.170764
57484	2.6328	2.5256	2.4479	0.11733
6588	2.6686	2.5248	2.3383	-0.0665697
51527	2.8373	2.5239	2.1335	0.0540284
770	2.7547	2.5237	2.2882	0.347668
11070	2.5274	2.52	NA	NA
143686	2.7051	2.5188	2.3542	0.301103
10637	2.4855	2.5184	NA	0.397962
55800	2.5931	2.5179	2.504	0.198297
220202	2.6038	2.5177	2.5097	0.164101
3326	2.7595	2.515	2.22	0.163853
5524	2.6951	2.5149	NA	NA
51253	2.7416	2.514	2.2283	0.11286
2170	2.7919	2.5107	2.1787	0.215723
9223	2.4896	2.5106	2.5289	NA
84792	2.6365	2.5097	NA	NA
5570	2.6725	2.5084	2.3586	0.351899
729264	2.5194	2.5073	2.5037	0.372561
22911	2.6478	2.5054	NA	NA
1814	2.6772	2.5035	NA	0.369371
1029	2.4762	2.5003	2.5495	0.273971
391192	2.3481	2.4987	2.6794	0.242545
57552	2.2592	2.4942	2.7827	0.322186
25927	2.5696	2.49	2.4465	0.26984
7071	2.6635	2.4891	2.3048	0.371206
54972	2.6035	2.4882	2.4112	0.316581
84079	2.492	2.4876	2.4872	0.146572
1636	2.4297	2.4863	2.5452	NA
29980	2.5522	2.4848	NA	-0.0319912
9315	2.1486	2.4847	2.8958	0.0742988
5097	2.5777	2.4838	NA	NA
2785	2.6474	2.482	NA	NA
23352	2.6298	2.4803	NA	NA
80742	2.4597	2.4786	2.5137	NA
56910	2.686	2.4774	2.2736	NA
7342	2.3653	2.4772	2.548	0.451385
905	2.3265	2.4758	2.6401	NA
219541	2.6101	2.4756	NA	NA
9929	2.3544	2.4749	2.6192	NA
10591	2.7306	2.4747	2.2298	0.0803466
85364	2.4163	2.474	2.5198	0.273979
79446	2.599	2.4735	2.3512	0.322695
81848	2.5241	2.4707	2.4386	0.0860575
127495	2.5906	2.4703	NA	0.21812
793	2.5636	2.4691	2.4122	0.284295
81573	2.4746	2.4689	NA	NA
51232	2.5793	2.4687	2.3769	0.00539895
23613	2.2652	2.4675	2.6848	0.297689
129025	2.4032	2.4658	NA	NA
162239	2.5148	2.4646	NA	NA
219333	2.6874	2.4639	2.2088	0.00546334
9025	2.4933	2.4639	NA	NA
6666	2.441	2.4628	NA	NA
4723	2.4939	2.4619	NA	NA
23219	2.4095	2.4619	2.5217	NA
55153	2.6028	2.4609	NA	NA
4086	2.5663	2.4605	2.3808	0.138735
84215	2.4306	2.4605	2.4774	0.464333
339488	2.4162	2.46	2.4979	NA
631	2.6117	2.459	2.3415	0.316987
7155	2.4489	2.4583	NA	NA
340252	2.6035	2.4573	2.306	-0.112142
84340	2.767	2.4564	NA	NA
79594	2.5156	2.4564	NA	0.233606
254359	2.6642	2.4559	2.2376	0.170164
27077	2.6137	2.4539	2.3203	0.16463
374378	2.5425	2.4534	2.4044	0.348945
23161	2.5582	2.4514	2.3785	-0.0676511
90673	2.2955	2.4507	2.6667	0.042987
23268	2.261	2.4481	NA	NA
387849	2.3109	2.4477	NA	NA
60412	2.7974	2.447	2.0248	0.148824
5602	2.2302	2.4465	2.7268	0.344676
339965	2.5553	2.4457	NA	0.178575
11236	2.6174	2.4441	2.2613	NA
79692	2.3716	2.4439	2.5046	0.265306
79412	2.6591	2.4435	2.2007	0.182687
51409	2.5628	2.4425	2.2941	NA
3093	2.395	2.4418	NA	NA
84457	2.4578	2.4414	2.4268	0.440139
27346	2.6043	2.4406	2.2888	0.387279
5700	2.5932	2.4393	2.2607	0.213634
64792	2.6387	2.4378	2.1487	0.128484
23363	2.3456	2.4361	2.5026	0.0812427
6996	2.2017	2.4349	2.6245	0.183712
120227	2.5614	2.4348	NA	NA
57578	2.2465	2.4347	2.5776	NA
51451	2.6622	2.4311	2.1686	0.327703
83854	2.6472	2.4287	2.1835	NA
54471	2.6611	2.4276	2.1583	NA
51397	2.571	2.427	NA	NA
203068	2.6808	2.4248	2.1018	0.126185
22974	2.5774	2.4237	NA	0.334809
1946	2.1742	2.4232	2.741	0.110165
55176	2.5852	2.4226	2.247	-0.0207722
3355	1.9295	2.4225	3.0172	0.184465
26063	2.5275	2.422	2.3254	0.430391
7056	2.5904	2.4202	2.2135	-0.123163
1960	2.5711	2.4198	2.254	0.613573
64754	2.6151	2.4185	2.1824	0.184808
259236	2.6074	2.4174	2.2331	NA
219557	2.4101	2.417	2.4202	0.0270973
9711	2.528	2.4156	2.3316	0.19657
26994	2.5412	2.4145	2.3187	0.313453
163049	2.2468	2.4089	NA	NA
9369	2.4031	2.4085	2.419	NA
10623	2.6932	2.4069	NA	0.230857
1050	2.4976	2.4063	2.3657	0.136761
374887	2.7627	2.4061	1.9647	0.297473
1819	2.5587	2.4055	2.2472	NA
2650	2.5919	2.4037	2.1833	-0.0186964
90441	2.5449	2.3995	NA	NA
25979	2.5392	2.3981	2.209	0.387784
3889	2.4937	2.3975	2.2997	0.309809
80153	2.5115	2.3968	2.2619	0.185403
121457	2.6152	2.3963	2.1822	0.234936
4234	2.6313	2.3959	2.1378	0.120363
22881	2.4665	2.3957	2.3907	0.0365135
5796	2.4009	2.3954	2.3838	0.0720449
4050	2.1508	2.393	2.703	0.220978
55703	2.4506	2.3919	NA	0.356621
83744	2.303	2.3913	NA	NA
5101	2.4192	2.3912	NA	NA
136051	2.2147	2.3906	2.5309	0.440071
51665	2.5405	2.3905	2.1849	-0.0943964
1840	2.5111	2.3884	2.3085	0.176877
51249	2.2326	2.3884	NA	NA
22853	1.9869	2.3874	2.5834	0.1786
23338	2.5248	2.3858	2.2444	-0.0386366
55222	2.3689	2.3854	2.4136	0.37041
7884	2.627	2.3852	NA	0.224961
10494	2.5496	2.3837	2.194	0.161967
8111	2.6526	2.3807	2.062	-0.0694832
2224	2.6185	2.3789	2.0889	0.0488985
5526	2.2652	2.3765	2.5302	NA
338761	2.5341	2.3759	2.1859	NA
51067	2.4792	2.3752	NA	NA
55422	2.3967	2.3746	2.3449	0.192718
11212	2.5712	2.3727	2.1784	0.181909
64283	2.6158	2.3726	2.0826	-0.0168196
9610	2.4922	2.3724	2.274	0.23701
55022	2.542	2.3719	2.1893	0.106421
3658	2.3232	2.3718	2.3657	NA
3892	2.5483	2.3715	NA	-0.0127359
400073	2.5002	2.3703	2.2127	-0.23103
4836	2.52	2.3699	2.2348	0.105848
57512	2.2136	2.3682	2.565	0.237485
55210	2.527	2.3679	NA	NA
10908	2.5049	2.3674	NA	NA
23786	2.4164	2.3663	2.3122	0.0662072
7357	1.9736	2.3634	2.7601	0.148383
2916	2.4918	2.3618	2.2433	NA
57407	2.4744	2.3608	2.2403	NA
84894	2.4891	2.3597	2.2436	0.315123
4885	2.6122	2.3592	2.0957	0.50504
2517	2.5378	2.3591	2.1807	0.129645
6820	2.3354	2.3589	NA	NA
55929	2.3682	2.3551	NA	NA
729515	2.5329	2.355	2.1629	0.309194
1974	2.0772	2.353	2.6877	0.123353
54529	2.2339	2.351	NA	0.224391
2932	2.1788	2.3505	2.5891	0.334061
390616	1.9261	2.3505	2.9065	0.192013
7464	2.2637	2.3504	2.4674	0.117293
5695	2.7787	2.3504	1.8609	0.124525
57030	2.5154	2.3503	2.1922	0.329271
160897	2.0219	2.35	2.6654	0.236826
10260	2.2316	2.3471	2.4121	0.362386
1627	2.4173	2.3458	NA	NA
5664	2.4682	2.345	NA	0.185717
54715	2.1352	2.3438	2.5706	0.528393
9956	2.4124	2.343	2.2538	0.197003
7709	2.37	2.3426	NA	NA
55521	2.4935	2.3411	2.1254	-0.0354851
6422	2.4506	2.3399	2.2412	0.0702248
6277	2.4423	2.3391	2.2116	-0.054469
3398	2.4193	2.3387	2.2546	0.26222
2161	2.4331	2.3377	2.2965	0.294912
10493	2.5004	2.3366	2.1583	-0.13651
79815	1.936	2.3352	2.8445	0.311008
1072	2.5218	2.3343	NA	NA
220164	2.4379	2.3339	2.2273	0.0433076
1847	2.1691	2.3321	NA	NA
321	2.2485	2.3319	NA	NA
55140	2.3576	2.3315	2.2991	0.223115
80759	2.397	2.3307	2.245	NA
388662	2.277	2.3306	2.3369	0.0725092
5727	2.4095	2.3285	2.2826	0.0290377
7186	2.2618	2.327	NA	NA
54981	2.2285	2.3254	NA	NA
64417	2.1547	2.3233	NA	NA
283554	2.2233	2.321	2.3936	0.464089
5261	2.1841	2.3192	2.4809	0.245602
391190	1.9902	2.3192	2.6846	0.200943
4240	2.3632	2.3185	2.2886	0.235034
59285	2.3771	2.3163	2.2593	0.498598
148867	2.1751	2.3153	2.4179	NA
5495	2.0971	2.3144	2.5275	0.250915
7316	2.4657	2.3135	NA	NA
57214	2.0883	2.3129	2.5115	0.248441
57192	2.2811	2.3124	2.344	NA
314	2.3018	2.3097	NA	NA
9647	2.4028	2.3071	NA	NA
84969	2.1579	2.3054	2.508	0.192315
64062	2.345	2.305	NA	0.200133
58477	2.3289	2.3047	NA	NA
442319	2.4472	2.3046	2.1755	0.0092587
54039	2.4697	2.304	2.1036	-0.0648854
23576	2.556	2.3036	1.9791	0.0450451
55966	2.3319	2.303	2.2786	0.153687
9061	2.423	2.3027	2.1835	NA
149041	2.2198	2.3026	NA	NA
92285	2.2636	2.3022	NA	NA
4606	2.3786	2.3017	2.2175	0.136646
2068	2.4303	2.3009	2.1968	0.0942982
7277	2.5061	2.3006	2.0745	0.116011
3831	2.4969	2.3001	2.0793	NA
3587	2.5111	2.2997	2.0058	-0.0992808
8508	2.5526	2.2984	1.9816	0.174175
163702	1.7202	2.2984	2.8505	0.110722
6257	2.2169	2.297	NA	NA
23255	1.9354	2.2964	2.7874	0.231408
242	2.2552	2.296	NA	NA
26515	2.4423	2.295	NA	NA
3676	2.3197	2.2948	NA	NA
1802	2.4522	2.2908	NA	NA
153768	2.2008	2.2906	2.3576	0.155102
2560	2.3777	2.2905	2.2662	0.142085
84769	2.4635	2.2896	2.1124	0.246111
57515	2.4664	2.2873	2.0708	0.101936
54535	2.3296	2.2868	NA	NA
90874	2.2472	2.2864	2.3104	0.453054
7295	2.733	2.2862	1.5951	0.119565
1725	2.2889	2.2856	NA	NA
140612	2.5099	2.2851	NA	0.197046
65056	2.1976	2.285	2.3445	NA
9513	2.3418	2.2844	NA	NA
5132	2.1385	2.2841	2.4364	NA
8453	2.4338	2.2819	2.1053	NA
255631	2.3785	2.2814	2.1579	0.255507
84437	2.3226	2.2808	NA	0.17426
6138	2.0731	2.278	2.5088	0.195946
79007	2.3208	2.2776	2.2168	0.396246
8192	2.481	2.2765	2.0739	0.0247391
23118	2.3664	2.2753	2.2248	0.106278
56955	2.48	2.2745	2.02	0.21385
10574	2.4405	2.272	2.0689	NA
23246	2.4482	2.2718	2.0956	NA
4738	2.5103	2.2697	NA	NA
56479	2.185	2.2696	2.3761	0.218232
29925	2.3453	2.2682	2.1672	NA
153	2.1156	2.267	2.3813	0.379999
23414	2.1688	2.2654	2.4044	0.0418175
7507	2.4395	2.2638	NA	-0.233526
92715	2.0218	2.2635	2.4766	-0.0226955
4238	1.8845	2.2634	2.7051	0.183713
22948	2.55	2.2633	1.9254	-0.0166705
79668	2.3343	2.2626	2.214	0.196837
6615	2.1495	2.2607	2.3723	NA
25834	2.2234	2.2605	2.2974	-0.268283
5119	2.3648	2.259	2.1825	0.0842319
2977	2.2174	2.2587	2.3145	0.0965358
9637	2.4636	2.258	2.0174	0.236658
55630	2.4442	2.2574	2.0807	0.485779
11216	2.18	2.2573	2.3308	0.379003
64847	2.4376	2.2558	2.0402	-0.028782
118813	1.98	2.2543	2.4979	0.175223
147968	2.3397	2.2528	2.1999	0.372184
55620	2.2874	2.2513	NA	NA
2848	2.3831	2.251	2.1123	0.190084
8539	2.0617	2.2508	2.4287	0.30293
57213	2.3582	2.2505	NA	NA
343263	2.1448	2.2505	2.376	0.277686
8412	2.3958	2.2504	2.1466	0.422039
151531	2.3905	2.249	2.1324	0.239522
23508	2.2694	2.2479	NA	0.15568
57093	2.2998	2.2473	NA	NA
7087	2.3661	2.2469	2.1698	0.176041
5814	2.1363	2.2453	2.3258	0.361599
8660	2.3185	2.2449	2.1524	0.319395
8906	2.1891	2.2449	2.2778	0.258331
91746	2.0006	2.2443	2.5456	0.25367
51264	2.2069	2.2435	2.3046	0.147865
84910	2.2803	2.242	2.2131	NA
196528	1.8843	2.2388	2.6872	0.0418654
84287	2.2843	2.2384	NA	NA
340351	2.0354	2.2368	2.4267	NA
144193	2.2508	2.2363	2.2185	0.0046631
23036	2.0964	2.2358	2.322	0.189363
1479	2.3097	2.2334	2.1654	0.325919
50839	1.9482	2.2328	2.4248	0.159039
64374	2.4826	2.2322	1.9452	-0.0591501
2918	2.3429	2.2303	2.1526	0.392374
134637	2.2384	2.2297	NA	NA
23387	2.0608	2.2288	NA	NA
4232	2.3847	2.2288	2.1067	0.331263
79012	2.3147	2.2275	2.1733	0.373332
22999	2.3128	2.2269	2.159	0.396618
115908	2.0976	2.2255	NA	NA
6866	2.3307	2.2242	2.1274	0.307153
79696	2.3892	2.2236	NA	NA
7072	2.0659	2.2197	2.2937	-0.00733172
10739	2.0102	2.2193	2.4983	0.290173
51750	2.0112	2.2186	2.4276	0.13927
57182	2.2968	2.2146	2.1644	0.113883
5468	2.315	2.2146	2.0804	0.14407
5190	2.0833	2.2145	2.3683	0.164889
22875	2.2628	2.2128	2.1533	-0.197676
114987	2.3175	2.2117	2.1113	0.120616
84179	2.2654	2.2113	2.146	0.162062
83758	2.1993	2.2107	2.2201	NA
87	2.2734	2.2105	2.1479	0.502475
22936	2.1271	2.2099	2.2925	0.24539
11017	2.5307	2.2097	1.8823	0.134167
55500	2.2904	2.2089	NA	0.179544
23179	2.3355	2.2075	NA	NA
129049	2.2841	2.2072	2.1433	0.00503588
79872	2.286	2.2071	NA	NA
81532	2.1089	2.207	2.3306	0.113352
79768	2.1812	2.2049	NA	NA
221785	2.1529	2.2024	NA	NA
85406	2.2996	2.2022	NA	NA
54165	2.1134	2.2022	2.3179	0.227904
10773	2.1921	2.2015	NA	NA
51692	2.189	2.2014	NA	NA
112937	1.9991	2.1988	2.4462	0.135026
83787	2.3019	2.1987	2.1185	0.0568014
157285	1.9874	2.1987	2.4176	0.394408
101	1.9798	2.1981	2.3724	0.138386
64432	2.448	2.1965	1.9075	NA
1780	2.3552	2.1954	2.0047	0.175637
9172	2.2708	2.1951	2.0947	0.203422
2979	2.2187	2.1945	2.1452	NA
51109	2.3335	2.1927	2.0128	0.0857326
115265	2.3578	2.1927	NA	0.157859
203859	2.1492	2.1912	2.2493	0.389102
126272	2.2833	2.1911	2.1029	0.241978
10998	2.4261	2.1894	1.964	0.0363565
55790	2.3807	2.1884	2.0026	0.359041
389668	2.0961	2.1863	2.3207	0.307987
55315	2.2827	2.1862	2.1332	0.365995
11023	2.2216	2.1859	NA	-0.00463352
1854	2.0464	2.1856	2.2853	0.062413
22826	2.4403	2.1833	1.8958	0.126789
80006	2.2763	2.182	NA	NA
8650	2.1434	2.1807	NA	0.198085
1491	2.3682	2.1798	1.9514	-0.00843804
122402	2.452	2.1793	1.8687	0.0597743
84315	2.3338	2.1784	NA	NA
57611	2.3551	2.1773	1.9974	NA
23583	2.29	2.1765	NA	0.1783
8817	1.9796	2.1745	2.359	0.243823
55069	2.3421	2.1719	NA	NA
169792	2.2874	2.1697	2.0963	0.375456
2786	2.2972	2.1687	2.0676	-0.0365802
100506581	2.4421	2.1677	1.8517	0.20355
23354	1.9931	2.1677	NA	NA
4084	2.0348	2.1668	2.2348	0.313636
50832	2.0794	2.1661	2.2278	NA
10888	2.3246	2.1657	2.0146	0.184452
226	2.3168	2.1653	NA	NA
112609	2.2038	2.1643	2.1236	0.0255996
26575	2.3152	2.1631	2.0316	0.334305
3796	2.3189	2.1629	1.9991	-0.0567224
6498	2.1463	2.1628	NA	NA
60673	2.2302	2.1626	NA	NA
10062	2.4105	2.1623	1.8928	0.192247
4673	2.0802	2.1604	2.2659	0.246848
23017	2.2283	2.1603	2.0682	NA
3956	2.1921	2.1584	2.1185	0.147243
26153	2.2229	2.1563	2.0691	-0.046133
23767	1.9278	2.1554	2.3767	0.466352
51363	2.2915	2.1528	1.9967	0.0395477
11171	2.402	2.1522	1.8643	0.351326
84922	2.0337	2.1509	2.3162	0.193231
9158	2.1742	2.1494	NA	NA
56133	2.1429	2.1493	2.1906	0.0447781
6838	2.2948	2.1479	NA	NA
51123	2.2573	2.1476	2.0778	0.160615
8720	2.1183	2.1442	NA	NA
55207	2.1651	2.1421	2.1024	NA
811	2.2527	2.1401	NA	NA
56904	2.3886	2.14	1.8548	0.214371
26049	2.0262	2.138	2.222	0.253124
635	2.3288	2.1376	1.9248	NA
249	2.3111	2.1367	1.9519	0.313377
7535	2.2752	2.1347	NA	-0.139575
25803	2.1284	2.1344	2.1414	0.310013
23262	2.0583	2.1343	2.2334	0.0912437
267002	2.0631	2.1311	NA	0.110174
63917	2.3296	2.1311	NA	0.205106
219743	2.1842	2.1278	NA	NA
3640	2.1079	2.1269	NA	NA
23283	1.9917	2.1242	2.2948	0.0292284
92597	2.2786	2.124	1.994	0.245234
51552	2.118	2.1237	NA	NA
3705	1.968	2.1233	2.2498	0.21405
10669	2.3306	2.1229	1.9256	0.329708
1400	2.2298	2.1223	2.0422	0.272723
56913	2.2373	2.121	NA	-0.338612
605	2.0134	2.1209	2.204	0.41151
375057	2.279	2.1205	1.9789	0.0670018
23588	1.9269	2.12	2.3027	0.376358
1116	2.1571	2.1196	2.101	0.458572
10006	2.4288	2.1195	1.7797	0.172042
8326	2.3693	2.1187	1.8594	0.130242
65062	1.8684	2.1186	2.4554	0.122978
23163	2.1111	2.1186	NA	NA
205327	2.2821	2.1174	1.915	0.131334
7092	2.2471	2.1157	2.0088	0.319195
254048	1.9395	2.1134	2.2016	-0.0158853
115548	1.9525	2.1133	2.2166	0.0775931
55794	2.034	2.112	NA	NA
374875	2.313	2.1119	1.8951	0.2286
388730	1.9227	2.1106	2.3574	0.192887
3764	2.1256	2.1091	2.0874	-0.00760154
161357	1.8034	2.1086	2.456	0.187402
10307	2.0855	2.1084	NA	NA
84305	2.0118	2.1073	2.2094	NA
124995	2.3282	2.1072	1.8871	0.171544
10139	2.0731	2.1061	NA	NA
8786	2.0665	2.1059	NA	NA
4189	2.145	2.1049	2.0471	0.219677
134265	1.9987	2.1025	2.2161	0.147837
51101	2.1789	2.1022	2.014	-0.0835408
10846	1.8789	2.101	2.3277	-0.0239482
28988	2.2986	2.1002	1.861	NA
51538	2.2153	2.0997	2.0419	0.102083
93487	2.1901	2.0993	2.0546	0.206355
57573	2.2054	2.0985	NA	NA
283209	2.1871	2.0984	2.038	0.136293
6794	1.9167	2.0975	NA	NA
819	2.2243	2.0972	1.993	0.080712
25960	1.941	2.0958	2.2742	0.178269
7554	2.0481	2.0951	2.1145	0.218827
54700	2.1456	2.0938	NA	NA
400120	2.199	2.0935	2.0089	0.166909
55187	2.1364	2.0933	2.0352	0.181352
7936	2.3201	2.0933	1.8182	-0.0988874
29843	1.9806	2.0928	2.1789	0.222236
729475	2.0125	2.0924	NA	NA
55312	2.346	2.0922	1.7438	0.185001
57463	2.0042	2.0919	NA	NA
3638	2.1504	2.0919	2.0111	-0.0911254
51606	2.4085	2.0918	1.7443	0.108557
347688	2.3757	2.0917	1.7508	0.111996
27338	2.3776	2.0907	1.7601	0.157961
1906	2.1685	2.0895	2.0155	0.0865898
26015	2.1508	2.0894	NA	NA
4082	2.1964	2.089	2.0145	0.209459
51594	2.2778	2.0878	1.8651	0.2561
7743	2.0085	2.0866	2.1871	0.174236
9472	2.0786	2.0863	2.1104	NA
59283	1.9873	2.0852	2.2118	0.305307
4241	2.1146	2.0847	2.0635	0.0245399
51108	2.2156	2.0843	1.97	0.325413
11278	1.8791	2.0837	2.342	0.177664
25956	1.9957	2.0829	2.1296	0.166925
10989	2.1682	2.0818	1.9704	NA
9938	2.0996	2.0812	2.0563	-0.036309
51523	1.98	2.0796	NA	NA
6307	2.2683	2.0796	1.8821	0.0289428
282679	2.108	2.0775	NA	NA
25921	1.7058	2.0775	2.5141	0.135871
6002	2.1854	2.0772	1.9589	0.264647
201514	2.0016	2.0768	2.1697	0.268976
199223	2.0135	2.0762	2.1141	0.0629537
2191	1.9159	2.0755	2.2421	0.432231
3177	1.9526	2.0753	2.2295	NA
8078	2.2226	2.0735	1.8981	NA
8526	2.0363	2.0719	NA	NA
5409	2.1864	2.0715	1.9871	0.270159
25981	2.005	2.0699	2.1261	NA
78990	2.1875	2.0674	1.9616	0.157453
79177	2.0385	2.0658	2.1055	0.241905
79158	2.1721	2.0648	1.9986	0.163651
8724	2.3518	2.0646	1.7489	0.201799
8816	2.1783	2.0636	1.9772	-0.0627762
10056	2.272	2.0604	NA	0.177321
199720	2.1787	2.0602	1.9746	0.256244
3881	2.0654	2.06	2.0516	-0.255118
9167	2.256	2.0592	NA	NA
93099	1.8898	2.058	2.1359	0.290848
84934	2.2688	2.0542	1.855	0.334941
57717	1.8868	2.053	2.2595	0.00268729
1514	2.0273	2.0524	2.097	0.0383692
55515	2.1536	2.0509	1.9711	0.318746
112840	1.9958	2.0503	NA	NA
7433	1.8637	2.0494	2.2413	NA
2331	2.1692	2.0493	1.919	0.0518273
57650	2.1431	2.0493	NA	0.00653756
116113	2.1126	2.0478	NA	NA
1124	1.9257	2.0474	2.1925	0.00360637
22901	1.7837	2.0471	2.3197	0.332246
1861	2.1962	2.0471	NA	NA
664	2.0729	2.0463	2.0176	0.152242
64777	2.1769	2.0455	NA	NA
1153	2.2546	2.0442	1.8307	0.095528
84524	2.1733	2.0441	1.9296	0.310269
51706	2.3143	2.0439	1.7047	-0.161731
91664	2.1729	2.0435	1.942	0.173567
9114	2.1783	2.0423	1.8868	0.21977
286133	2.1482	2.041	1.9637	0.120232
57528	1.9792	2.0398	2.0884	NA
23284	2.2263	2.0387	1.8645	0.240515
6924	2.1644	2.0377	1.8964	0.140639
2074	2.0207	2.0359	NA	NA
152189	2.1482	2.0334	1.945	0.208658
112476	1.9383	2.0328	2.1277	0.520493
3739	2.1091	2.0302	1.9709	0.41019
2562	2.2224	2.0301	1.8391	0.264999
6309	2.1554	2.0301	1.8744	0.220853
25983	1.9111	2.0274	2.1554	0.116358
55168	2.1524	2.0268	NA	NA
782	2.0507	2.0264	1.9999	NA
115703	2.1598	2.0263	1.9346	0.0752119
3704	1.9382	2.0262	2.1351	NA
2821	2.2094	2.0262	1.8164	NA
134429	2.0619	2.0259	1.9774	0.420637
84627	2.239	2.0249	1.8268	0.0294027
51412	1.9405	2.0243	NA	NA
81034	1.8905	2.0243	2.1944	0.093665
63922	2.0285	2.024	2.0211	0.154197
7200	2.1423	2.0229	1.9256	-0.135714
7991	2.1431	2.0218	1.9163	0.175892
138050	2.0782	2.0214	1.9794	0.0964456
9344	1.9641	2.0197	NA	NA
79230	1.6265	2.0185	2.3475	0.0893584
80164	2.1038	2.0176	NA	NA
83988	1.9672	2.0172	2.06	0.498929
146330	2.1894	2.0158	1.8618	0.266665
56128	1.8634	2.0142	2.1506	NA
10940	1.8647	2.0136	2.1164	NA
23287	2.1218	2.0133	NA	NA
54460	2.1756	2.013	NA	0.198679
10469	2.0139	2.0117	NA	NA
51361	1.9973	2.0115	2.0209	0.499137
6540	1.9562	2.0112	2.084	-0.023489
349565	2.1869	2.0106	1.8151	-0.0453237
5690	2.3287	2.0104	NA	0.0753569
126789	2.2739	2.0064	1.7272	0.20764
7380	2.0837	2.0063	NA	NA
205717	2.1172	2.006	1.9334	0.115765
166785	2.1452	2.005	1.8725	-0.0686094
79161	2.0478	2.0018	1.9429	0.400913
377677	1.9016	2.0012	2.1314	0.0756796
84063	2.4003	2.0006	1.546	0.114834
146395	2.1765	2.0002	1.8425	0.314281
3939	2.1376	1.9998	1.8371	0.0721933
116115	1.829	1.9995	2.1763	NA
55081	1.9678	1.9984	2.0318	0.16639
10269	2.0406	1.998	1.9503	-0.0503488
10980	2.2052	1.9976	NA	NA
10011	1.6517	1.9961	2.4609	0.186731
220213	2.0743	1.9959	NA	0.227574
40	2.2457	1.9957	1.7006	-0.115196
10516	2.0911	1.9939	1.8981	0.245251
63943	2.0574	1.9937	NA	NA
1364	2.0841	1.9931	NA	0.229009
4604	2.1257	1.9926	1.891	0.127798
9747	2.0281	1.9909	NA	NA
22891	1.6108	1.9885	2.516	0.242623
5198	1.866	1.9883	NA	NA
79751	2.125	1.9881	1.8661	0.0999337
419	1.9011	1.988	2.0775	0.223554
8505	1.914	1.9874	2.0326	0.142772
93621	2.2174	1.987	NA	NA
92086	1.9126	1.987	NA	0.17632
55695	1.7444	1.9851	2.2365	0.0950009
283383	1.9748	1.9848	NA	NA
84708	1.9341	1.9841	2.0222	0.497007
39	2.1282	1.9814	1.807	0.138622
8834	1.9995	1.9797	NA	NA
84251	1.5874	1.9795	2.4308	0.221849
627	2.0624	1.977	1.8904	0.339569
10076	2.0558	1.9764	1.8911	-0.0362048
57659	1.9012	1.9743	NA	NA
6871	1.7963	1.974	2.1239	0.181249
23149	1.8925	1.9737	2.0593	NA
5874	2.0827	1.9732	1.8907	0.201916
6014	2.0604	1.9702	1.8575	0.0346825
60493	1.8616	1.9694	2.1056	0.209236
55621	1.9545	1.9691	NA	NA
114112	2.103	1.9675	1.8412	0.13387
10576	2.0978	1.9671	NA	NA
66000	2.0557	1.9666	1.9123	0.183193
10203	2.0096	1.9638	1.9277	-0.000557757
84940	1.4744	1.9629	2.6352	0.105483
9252	1.964	1.9607	1.9523	-0.0764362
9651	1.9981	1.9594	1.9283	0.264023
23582	1.9725	1.9581	NA	NA
286205	1.7282	1.9575	2.0834	0.0409916
149111	2.0691	1.957	1.8459	-0.047092
84451	1.7702	1.955	2.1237	0.313476
1434	2.0567	1.9536	NA	NA
1778	2.0375	1.9532	NA	NA
54812	1.6712	1.953	2.2664	0.202639
4645	1.9681	1.9526	NA	0.00604046
2259	1.7865	1.9524	2.0835	0.358678
63976	2.134	1.9511	1.7941	0.0869922
27445	2.0951	1.9506	1.82	0.280389
9480	1.8702	1.9505	2.0623	0.110125
51277	1.9335	1.9486	1.9684	0.316154
7067	2.1551	1.9462	1.7346	0.0276107
11273	1.8511	1.9458	2.0387	0.100055
201163	2.0242	1.9454	NA	0.248035
64110	2.0377	1.9454	NA	0.153725
84890	1.7436	1.945	2.2081	0.160328
10005	2.1928	1.945	1.6544	0.0956993
6786	2.2798	1.9445	1.6017	0.193937
84217	2.2114	1.9444	1.6686	0.0104484
9391	1.9733	1.9436	NA	NA
10057	1.8037	1.9421	2.1	0.0416007
9683	1.7407	1.9421	2.092	0.0937867
28990	1.7448	1.9417	2.0887	0.0608279
9382	2.0962	1.941	1.7901	0.125634
256227	1.9506	1.9409	NA	NA
51608	2.0805	1.94	NA	NA
10501	2.0932	1.9385	1.7854	0.221273
6620	1.7387	1.9384	2.1695	0.404288
4430	1.8945	1.9383	1.989	0.359063
116150	2.0339	1.9381	1.8749	0.167563
8445	2.099	1.9377	1.7696	0.045629
283848	2.0314	1.9365	1.86	0.0022561
55321	1.9122	1.9343	NA	0.299441
84750	2.2324	1.9339	1.6184	-0.120853
2733	1.906	1.9338	NA	NA
84864	2.129	1.9329	1.6853	-0.00924989
1808	2.0636	1.9319	NA	NA
57536	2.028	1.9318	1.8678	-0.00382318
56623	1.8048	1.9318	NA	NA
253260	1.515	1.9314	2.4547	-0.0825744
126321	2.0896	1.9309	1.76	0.160773
157378	2.0237	1.9301	1.8456	0.0726266
51083	1.9734	1.9288	1.8731	-0.0551174
160518	1.6628	1.9282	2.2245	0.177231
64208	1.9081	1.9274	1.9544	0.269565
29951	1.909	1.9262	1.9423	0.239448
118924	2.1206	1.9224	1.6899	0.0679394
55343	1.6828	1.9221	2.2354	0.151455
23309	2.0245	1.9218	1.8542	0.0283449
83719	1.7903	1.9205	2.0581	0.436852
9374	1.7501	1.9203	NA	NA
54704	1.5788	1.9203	2.3003	0.405922
79960	1.8454	1.9196	1.9675	0.317151
6706	2.0702	1.9182	1.773	0.261953
2941	2.0294	1.9163	NA	NA
10799	2.0121	1.9152	NA	NA
79102	1.8429	1.9138	2.0006	0.307509
644414	1.5739	1.9137	2.341	0.152801
51807	1.7746	1.9134	2.0666	0.338403
2843	1.9391	1.9123	1.879	0.0837914
8557	1.9584	1.912	1.8708	0.1625
6868	1.9005	1.9117	NA	-0.176891
5689	2.1957	1.9109	1.5849	-0.0305737
6923	2.1736	1.9101	1.6356	0.0994784
55734	2.0849	1.9101	1.7073	0.00107405
123720	1.8874	1.9072	NA	NA
2593	2.0511	1.9065	1.7475	-0.134184
266722	1.9725	1.9055	1.8687	NA
55638	1.7971	1.9042	1.9852	0.448989
268	1.703	1.9009	2.0503	0.11079
386617	1.7419	1.9006	2.0727	0.301483
8533	1.7858	1.9005	NA	NA
4356	1.9905	1.8983	NA	0.208726
7111	1.9139	1.8968	1.8824	0.600149
23024	1.8876	1.8964	1.901	0.548674
9456	1.9075	1.8954	1.8709	0.342413
84649	2.0172	1.8952	NA	0.156407
2057	1.9237	1.8951	NA	NA
7766	1.6448	1.8937	2.203	0.32014
5995	1.968	1.8936	NA	NA
402055	2.1295	1.8911	1.6321	0.246762
6457	2.1128	1.8905	1.6416	-0.0509358
26230	1.6564	1.8903	2.1581	0.257027
55571	1.8343	1.8878	NA	NA
55258	2.1068	1.8853	1.6301	0.084392
5928	1.6623	1.8853	1.9897	0.0905995
2200	1.509	1.8837	2.2393	0.123523
6018	1.7878	1.8828	NA	NA
340719	2.0148	1.8826	1.7848	0.0555345
79683	1.9941	1.8803	1.7837	0.265858
54550	2.0098	1.8793	1.7784	0.217874
604	1.9476	1.8775	1.8163	-0.306
55753	1.6767	1.8754	2.144	0.0525193
56125	1.6806	1.874	1.9941	0.16781
10382	1.9433	1.8715	NA	NA
64288	1.7578	1.8715	1.9538	0.112027
79673	1.9341	1.8705	NA	NA
10513	1.7511	1.8704	2.0217	0.089604
116835	1.8787	1.8699	1.8501	0.153611
10898	1.9461	1.8694	NA	NA
56165	1.7018	1.8688	2.0146	0.422054
27244	1.8507	1.8685	NA	NA
282973	1.635	1.8684	2.1226	-0.174862
9797	1.9329	1.8675	1.819	NA
124997	1.6812	1.867	2.0631	NA
387032	1.8051	1.8669	NA	NA
53358	2.0063	1.8667	1.7299	0.307396
130507	1.9413	1.8664	NA	NA
7695	1.6577	1.8658	2.0204	0.161483
23281	1.5546	1.8649	2.2254	0.172867
10242	2.0473	1.8632	1.6429	-0.149515
30818	1.8594	1.8623	1.8976	0.304075
5447	2.0518	1.862	1.6569	0.0617728
4353	2.0282	1.8616	1.6631	0.257063
7593	1.6989	1.8601	2.0091	NA
64782	2.0043	1.8591	NA	NA
11072	1.9404	1.859	NA	0.419534
6198	1.7271	1.8563	2.0229	0.191793
6934	1.784	1.8562	1.9394	0.157734
196500	2.0854	1.8554	1.6175	0.184368
149297	1.607	1.8518	2.098	0.15221
285550	1.9859	1.8515	1.6999	-0.0655298
114826	1.7509	1.8466	NA	NA
8669	2.0517	1.8446	1.6092	-0.0323856
151449	1.8901	1.8443	1.7901	0.155554
64419	1.5996	1.8439	2.1153	0.161131
1486	1.9559	1.8415	NA	NA
9778	1.7924	1.8411	1.8971	NA
135138	1.9638	1.841	1.7496	0.119901
84671	1.7696	1.8386	NA	NA
9146	1.8704	1.8382	NA	NA
3619	2.0228	1.8382	1.6524	NA
114907	1.2959	1.838	2.5607	0.181088
396	2.0484	1.837	1.5722	0.0975377
256586	1.7513	1.8363	1.9335	0.302301
8454	1.819	1.8361	NA	NA
55143	1.7195	1.836	NA	0.245992
81037	1.8997	1.8359	NA	NA
55958	1.6453	1.8356	NA	-0.0340822
8731	1.8659	1.8356	NA	NA
9530	1.8964	1.8352	NA	NA
121642	1.7184	1.8348	1.977	0.104709
3312	1.9604	1.8346	NA	NA
127253	1.7214	1.8338	1.9648	NA
23095	2.0017	1.8323	1.6555	0.10166
55192	1.7487	1.8321	NA	NA
57171	1.9915	1.8318	NA	NA
5300	1.9748	1.8317	NA	NA
26999	1.9139	1.8311	NA	NA
25849	1.7015	1.8294	1.9308	0.369175
284521	1.7264	1.8286	1.9594	0.186609
2893	1.9268	1.8263	NA	NA
10681	1.7574	1.8261	NA	NA
5193	1.7911	1.8259	NA	-0.00975418
26033	1.5357	1.825	2.1877	0.377153
57596	1.9761	1.8248	1.698	0.323461
11075	1.9002	1.8247	1.7396	0.178617
113146	1.871	1.8233	1.7611	0.1262
51728	2.0398	1.8233	NA	NA
64784	1.603	1.8228	NA	NA
55777	1.7751	1.8203	1.8518	0.124736
23671	2.0843	1.8183	1.5042	-0.0880473
2137	1.8401	1.8182	NA	0.328851
57037	1.7929	1.8173	NA	NA
390010	1.6491	1.8171	2.0153	0.159445
5795	1.9519	1.8168	1.7023	0.355722
22943	1.7596	1.8159	1.8899	0.163177
90529	1.4571	1.8148	2.3165	0.239199
376267	1.9394	1.8133	1.6733	NA
5000	1.9813	1.8123	1.618	0.213732
55105	1.8735	1.8122	NA	NA
84513	1.8964	1.8107	1.7398	0.200873
8723	1.8833	1.8091	NA	NA
3880	1.8841	1.8077	1.7419	-0.28696
5257	1.8281	1.8057	NA	0.0598661
64420	1.9954	1.8054	1.6124	0.231971
5049	1.784	1.8021	NA	NA
7741	1.7433	1.8011	1.8549	0.293604
9040	1.9802	1.7997	1.6062	0.188348
26287	1.7725	1.7996	1.8297	0.265358
8218	1.949	1.7989	1.6533	-0.0517939
4345	1.8508	1.7983	1.7555	0.463568
91039	1.7895	1.7981	NA	NA
90313	1.9256	1.796	NA	NA
50636	1.7447	1.795	1.8523	-0.0704215
84439	1.9355	1.7945	1.6761	0.105619
9814	1.5911	1.7922	1.9322	0.151797
27236	1.8875	1.791	NA	NA
60495	1.7291	1.7879	NA	0.132377
90379	1.9051	1.7874	1.6913	0.149967
79758	1.89	1.7868	1.7159	0.136386
1353	2.0242	1.7823	1.5	0.000997387
23560	2.0774	1.7822	1.4403	0.0150069
64769	1.8949	1.7818	NA	NA
64210	1.9441	1.7816	1.5997	NA
64682	1.7457	1.7815	1.8134	0.112846
29901	1.6755	1.7803	NA	NA
266727	1.935	1.78	1.6195	-0.133069
170679	1.9301	1.7799	1.6329	0.129495
128308	1.9381	1.7794	NA	NA
2120	1.679	1.7784	1.8465	0.302076
26507	1.5615	1.7782	2.0542	0.17527
57658	1.5152	1.7781	2.0764	0.0961887
11180	1.8733	1.7779	1.7113	-0.0116029
54680	1.5998	1.7779	NA	NA
27122	2.0473	1.7771	1.4841	0.198225
157697	1.84	1.7767	1.7113	0.068617
51295	1.6054	1.7757	1.9874	0.210415
5912	1.9284	1.7757	1.6575	0.0802305
8576	1.9648	1.7755	NA	NA
83861	1.6375	1.7755	1.9458	NA
8313	1.7926	1.7737	1.7576	0.0194997
55070	1.6727	1.7729	1.8906	0.120082
57706	1.8979	1.7724	1.6677	0.230188
25831	1.6005	1.771	1.937	0.0890076
10308	1.6773	1.7702	1.8418	0.388654
140699	1.533	1.7702	2.0109	0.103041
25801	1.8076	1.7695	NA	NA
440145	1.8908	1.7693	NA	0.322899
144132	1.7019	1.7691	1.8401	0.248879
84144	1.7289	1.769	1.8258	-0.0963039
55722	1.8955	1.7663	NA	0.257892
22847	1.6666	1.7662	NA	NA
994	1.7475	1.7657	NA	NA
10189	1.9373	1.7655	1.6007	-0.0885435
25902	2.0423	1.764	1.4233	0.044785
79991	1.6715	1.7625	1.8784	0.105583
4097	1.8782	1.7617	1.6459	-0.0600636
5122	1.4069	1.7608	2.2057	0.0793791
54894	1.8713	1.7607	NA	0.1824
10983	1.4936	1.7594	2.1191	0.209429
1876	1.6431	1.7588	1.8893	NA
10450	1.6984	1.7579	NA	NA
3696	1.9023	1.7553	NA	NA
8708	1.6491	1.7546	1.8222	NA
148252	1.6256	1.7541	1.9201	0.200507
11285	1.902	1.7538	NA	NA
162655	1.4906	1.7536	1.932	0.0293941
54206	1.5586	1.753	2.0092	0.0675696
57693	1.6265	1.7528	1.8748	NA
286204	1.8181	1.7526	NA	NA
57282	1.7374	1.7524	1.7603	0.35453
30001	1.6778	1.7514	1.8078	0.281551
192668	1.8506	1.7502	1.6679	0.375058
29883	2.1154	1.7486	1.3492	NA
654502	1.8276	1.7485	1.6885	0.373329
8087	1.554	1.747	2.0014	0.041557
283130	1.7166	1.7462	NA	NA
9147	1.6924	1.7462	NA	0.0695922
64395	1.7555	1.745	NA	NA
10202	1.8866	1.7449	1.6039	-0.023989
55323	1.6583	1.7421	1.8299	0.158529
1036	1.9569	1.7408	1.5003	-0.00991424
51696	1.6023	1.7401	1.9307	0.21288
10923	2.0675	1.74	1.2118	-0.0288744
254863	2.0433	1.7397	1.3895	-0.0284033
2908	1.3976	1.7389	2.2174	0.140657
55245	1.8561	1.7378	NA	NA
23464	1.7711	1.7372	NA	NA
54458	1.9003	1.7368	1.5533	NA
84247	1.8593	1.7361	1.6324	0.404846
3320	1.8483	1.736	NA	NA
23592	1.5545	1.7342	1.914	NA
9844	1.7439	1.7338	NA	0.150358
93109	1.7723	1.7325	1.6817	-0.0606907
488	1.6708	1.7323	1.8035	0.284903
10999	1.7694	1.7323	NA	NA
254102	1.8228	1.7322	1.664	0.482637
117157	1.7853	1.7315	1.6657	0.0360424
123041	1.6877	1.7311	1.7673	0.329529
83693	1.8629	1.731	1.5736	NA
6810	1.9351	1.7307	NA	NA
57615	1.699	1.7284	NA	NA
55280	1.6161	1.7269	NA	NA
57007	1.8386	1.7174	1.6222	0.00417917
27153	1.643	1.7171	NA	NA
2043	1.6771	1.7137	1.7435	0.538314
84525	1.8426	1.7124	1.602	0.42183
221545	1.639	1.712	1.8012	0.282897
23119	1.7173	1.7116	1.708	0.170695
4795	1.6736	1.7114	NA	NA
3631	1.8391	1.7111	1.5909	0.103146
9441	1.6811	1.711	NA	NA
4644	1.6607	1.7106	NA	NA
54432	1.8549	1.71	1.5606	0.425613
83642	1.4886	1.7097	1.9215	NA
781	1.7666	1.7094	1.6652	0.146788
79842	1.6376	1.7088	NA	NA
255275	1.6433	1.7088	1.7911	0.181712
6713	1.9184	1.7084	1.4787	-0.0454888
28982	1.579	1.7079	NA	NA
9260	1.7557	1.7077	1.6463	0.0549816
91050	1.7769	1.7074	NA	NA
55107	1.6605	1.7056	NA	NA
1677	1.5068	1.7054	1.8732	NA
25898	1.9768	1.7049	NA	NA
9973	1.9273	1.7045	NA	NA
58527	1.5135	1.7044	1.9247	0.400472
7189	1.6717	1.7042	NA	NA
23072	1.3953	1.7032	2.0254	0.240459
89846	1.8439	1.7025	1.5776	0.210046
29979	1.6691	1.7017	NA	NA
285596	1.6402	1.7008	1.7423	0.415916
23012	1.4241	1.7005	2.0584	0.214983
64785	1.8315	1.6995	1.5543	NA
1501	1.8492	1.6992	1.5581	0.23904
5833	1.7718	1.6987	1.6074	0.0285772
7398	1.626	1.6984	1.7597	0.171405
114803	1.5852	1.6978	1.7942	0.241518
10651	1.7461	1.6974	1.6327	NA
89	1.7241	1.6955	NA	NA
6609	1.7859	1.6948	1.5917	NA
896	1.7935	1.6947	NA	NA
4913	1.6565	1.6944	1.7404	0.194537
54802	1.6492	1.6938	1.7259	0.0252901
55024	1.8188	1.6931	1.5542	0.461636
5187	1.5383	1.6916	1.8135	0.196979
5071	1.8062	1.6914	NA	NA
51440	1.7982	1.6907	1.6153	0.21255
388963	1.7466	1.689	NA	NA
283455	1.5977	1.6886	1.7681	NA
25799	1.5873	1.6886	1.7735	NA
5983	1.7838	1.6863	1.6022	0.0672214
1191	1.8722	1.686	1.4658	0.0829229
115196	1.706	1.6858	NA	NA
134510	1.5998	1.6849	1.7932	0.115548
10440	1.8047	1.6841	NA	NA
5775	1.5396	1.6841	1.7828	0.411823
55150	1.55	1.6836	1.8187	0.297307
51138	2.2128	1.6828	1.1349	0.0514994
348980	1.4844	1.6826	1.9407	0.12756
5693	1.8722	1.6812	1.4614	0.0847797
387775	1.6941	1.6806	1.6709	0.614124
5702	1.7947	1.6786	1.5366	NA
22920	1.716	1.6786	1.6327	0.0688293
6464	1.7629	1.6779	1.6108	0.171912
4085	1.5775	1.6752	NA	NA
56983	1.4579	1.6748	1.9439	-0.0315885
23558	1.7541	1.6723	NA	NA
26585	1.7071	1.671	NA	-0.348307
130026	1.6485	1.6695	NA	0.186365
84314	1.7702	1.6682	1.5839	0.347267
253190	1.7529	1.6677	1.5673	-0.385498
84867	1.6387	1.6663	NA	NA
1718	1.7694	1.6649	1.5468	0.0376149
57731	1.3171	1.663	1.9858	0.250392
50650	1.6354	1.6624	NA	NA
140679	1.6334	1.6619	NA	NA
23528	1.5578	1.6611	NA	NA
7170	1.9374	1.6603	1.3188	0.0642812
493861	1.515	1.6602	NA	NA
57616	1.6177	1.6601	1.6891	0.492772
651746	1.5372	1.6596	1.7693	0.445732
196743	1.8049	1.6593	NA	-0.206935
51768	1.6735	1.6563	1.6392	NA
3671	1.5894	1.6555	1.7284	0.258059
440023	1.6639	1.6555	1.6384	NA
27285	1.7436	1.6554	1.5877	-0.00182959
79571	1.5923	1.6547	NA	NA
1429	1.7685	1.6541	1.5159	-0.126221
10499	1.577	1.6523	NA	NA
200424	1.5043	1.6523	NA	NA
51555	1.6178	1.6512	1.6943	0.103089
10487	1.8221	1.6501	1.4604	-0.0327834
64928	1.8569	1.6494	NA	0.17575
93210	1.6372	1.6491	1.6599	0.145464
28977	1.6884	1.649	NA	-0.376168
9532	1.7875	1.6472	1.4872	-0.0763948
51339	1.7773	1.6462	1.5383	0.15327
81619	1.7567	1.646	1.5505	0.27593
54549	1.7777	1.6455	1.5112	-0.0995113
4685	1.8645	1.6452	1.4276	0.158837
128240	1.8437	1.645	1.4217	0.181079
60625	1.3736	1.6446	2.0043	0.153651
121256	1.6759	1.6443	1.613	0.596953
64130	1.8648	1.6441	1.4047	0.0892874
124857	1.6525	1.6421	1.6405	-0.114873
257160	1.6692	1.6409	NA	NA
374659	1.6202	1.6409	1.6683	NA
221687	1.7316	1.6404	1.5631	-0.0978051
3190	1.7681	1.6394	NA	NA
129285	1.7486	1.6366	NA	NA
388581	1.702	1.6365	1.5801	0.186377
60496	1.6782	1.6364	NA	NA
1767	1.7647	1.6332	1.5044	-0.0146768
57468	1.4267	1.6324	1.881	0.317124
353116	1.9253	1.6323	1.2797	-0.100978
3049	2.0155	1.6304	1.2089	0.0950797
22820	1.6159	1.6302	NA	NA
54566	1.7719	1.6296	1.5031	0.431791
5055	1.777	1.6282	1.4634	0.363482
256472	1.6848	1.6278	NA	-0.0994002
10235	1.6288	1.6278	1.6455	0.167622
1174	1.8634	1.6275	1.3696	0.209421
64763	1.473	1.6271	1.796	NA
79685	1.611	1.6271	1.6514	0.237955
80339	1.8047	1.6267	1.4155	-0.0949004
51161	1.5043	1.6249	1.7817	0.149522
29966	1.7768	1.6245	NA	NA
84309	1.7438	1.624	1.5155	0.0308492
114781	1.822	1.6238	1.4012	0.148894
815	1.6259	1.6238	1.6253	0.55713
7337	1.7894	1.6232	1.4368	0.221587
51619	1.6002	1.6221	1.6747	0.201962
79684	1.3654	1.621	1.8799	0.0383824
8900	1.7168	1.6208	1.536	0.0449171
55907	1.8712	1.6206	1.3351	0.126411
85019	1.4712	1.6203	1.7281	0.38706
6770	1.6009	1.6195	1.6419	0.108658
5437	1.7014	1.6192	NA	NA
90416	1.715	1.6191	NA	NA
9774	1.5287	1.6185	1.6861	NA
83593	1.5646	1.6182	1.6828	0.206828
6496	1.6733	1.618	1.5627	-0.0717665
7761	1.5957	1.6179	NA	NA
27020	1.5248	1.616	NA	NA
337975	1.713	1.616	NA	NA
57679	1.4535	1.6159	1.7528	0.291746
10082	1.8088	1.6143	1.3936	-0.0729725
79187	1.5829	1.6132	1.6598	NA
54874	1.7417	1.6123	1.5011	0.172293
163882	1.2075	1.6118	2.0307	0.149168
9443	1.6377	1.6108	NA	NA
80218	1.5724	1.6104	1.6806	NA
80205	1.3942	1.6101	1.7967	0.20903
8932	1.456	1.6094	1.7988	0.162719
84108	1.4521	1.6068	NA	NA
7691	1.4818	1.6056	NA	NA
284013	1.6131	1.6047	NA	NA
114990	1.6709	1.6046	1.5486	0.515123
9110	1.5123	1.6042	NA	NA
2295	1.7055	1.6036	1.4844	-0.107242
84502	1.7164	1.6033	1.5121	0.312966
90075	1.4799	1.6027	1.7409	NA
1687	1.6194	1.6021	NA	0.132883
43	1.6342	1.6018	1.558	0.0495481
387640	1.2645	1.6001	2.0537	0.148412
147807	1.5289	1.5999	NA	NA
124401	1.3729	1.5994	1.7689	0.0371258
826	1.7221	1.5988	1.4499	NA
144165	1.3709	1.5981	1.8508	0.228489
8506	1.4423	1.5977	1.7962	0.233765
80063	1.6469	1.5963	1.5527	0.348427
219770	1.5964	1.5952	1.5862	NA
1653	1.5917	1.5937	1.5933	0.336849
4254	1.5182	1.5934	1.695	0.0855847
84684	1.3815	1.5905	1.7816	0.25846
613212	1.618	1.5903	1.5773	0.0172192
2554	1.1863	1.589	2.0159	0.286955
93	1.6743	1.5889	1.52	0.212031
81572	1.7419	1.5879	1.4135	-0.0582834
84811	1.3946	1.5877	1.7361	0.032048
5149	1.6627	1.5874	NA	NA
54764	1.3253	1.5863	1.8456	0.306932
387338	1.5443	1.5862	NA	NA
51272	1.6845	1.5858	1.4919	NA
2709	1.6496	1.5851	1.5188	0.429372
5719	1.7312	1.5845	NA	NA
339456	1.7134	1.5841	1.4617	0.0188098
1063	1.6976	1.584	1.4518	0.0931838
84246	1.7539	1.5812	1.3779	NA
120114	1.4802	1.5791	1.6803	NA
64393	1.4685	1.579	NA	NA
222484	1.4997	1.5779	1.636	0.270125
51686	1.7843	1.5776	1.3486	-0.0979984
26152	1.5531	1.5774	1.5978	0.113018
2590	1.6634	1.5772	NA	NA
1629	1.6426	1.5762	NA	NA
9791	1.7675	1.5756	1.3751	0.10358
9646	1.7894	1.5751	NA	NA
285755	1.7283	1.5746	1.4371	0.284302
80832	1.527	1.5745	NA	NA
55909	1.4229	1.5745	1.7333	0.372502
100289678	1.4825	1.5732	1.6442	0.164142
51715	1.6798	1.5731	1.4822	0.0168115
3908	1.5726	1.5729	1.5767	-0.0834082
2195	1.6712	1.5725	NA	-0.218042
4124	1.5968	1.572	NA	-0.22821
30846	1.333	1.5719	1.8571	0.292162
55738	1.4762	1.5718	NA	NA
54836	1.683	1.571	1.4471	-0.220193
391109	1.427	1.5709	NA	NA
3074	1.5741	1.5707	1.5628	0.408089
23467	1.7074	1.5672	1.4354	0.249783
10109	1.7808	1.5667	1.3395	0.100544
55225	1.7424	1.5666	1.3874	0.0594768
55690	1.7111	1.5666	1.4174	0.042514
1062	1.6587	1.5658	NA	NA
90850	1.3821	1.5658	1.778	0.0401299
4175	1.6267	1.5657	NA	-0.0952019
80254	1.5245	1.5654	1.6133	NA
63920	1.5665	1.5644	1.5634	0.0593546
79047	1.7098	1.5624	1.4255	0.0276039
2537	1.6416	1.5618	1.4641	0.0855033
9917	1.6247	1.5609	NA	NA
8554	1.511	1.5605	NA	0.260691
79846	1.4127	1.5562	1.6491	0.271041
6734	1.5362	1.556	1.5807	0.154426
4946	1.8637	1.5558	NA	NA
347731	1.4654	1.5556	1.6168	0.42649
238	1.7013	1.5553	1.4093	-0.275989
10211	1.616	1.5552	NA	NA
200312	1.6298	1.5548	NA	NA
201191	1.7288	1.5546	1.393	0.321604
79671	1.371	1.5545	1.7861	-0.0191136
122553	1.6311	1.5534	1.4826	0.055943
55651	1.8767	1.5532	NA	0.231901
22849	1.3788	1.5531	1.7748	0.145389
374920	1.7018	1.553	1.4073	-0.0518926
10715	1.7132	1.5529	1.3812	-0.0800873
50810	1.626	1.552	1.4915	0.419836
4121	1.6708	1.5511	1.4406	0.00901386
51477	1.7107	1.5498	1.3681	-0.0864356
79896	1.6	1.5497	NA	NA
51761	1.7741	1.5492	1.2961	0.0668481
27115	1.4931	1.5491	1.5991	0.423539
379	1.5427	1.549	1.5514	0.23771
9761	1.7807	1.5486	1.2875	NA
51174	1.1164	1.5469	1.9649	0.0125418
85025	1.5301	1.5445	NA	NA
49856	1.3487	1.5428	1.7559	0.145922
3835	1.6054	1.5416	1.492	0.0389686
6327	1.4075	1.5416	1.7062	0.142636
144110	1.6081	1.5416	NA	0.289709
9975	1.1391	1.5411	1.9501	0.292668
5694	1.7726	1.5407	1.2925	0.120289
8883	1.503	1.5399	NA	NA
54020	1.576	1.5392	NA	0.192494
51102	1.6806	1.539	1.3753	0.110701
5499	1.6624	1.538	NA	NA
1983	1.3621	1.5377	1.7658	0.083562
55930	1.4564	1.5371	1.6057	0.249181
58485	1.5561	1.5369	NA	NA
23345	1.2222	1.5365	1.8649	0.238832
51318	1.5417	1.5364	1.527	NA
85359	1.6871	1.5363	NA	NA
3642	1.6239	1.5361	1.4683	0.264819
10252	1.6886	1.5358	1.3663	-0.0194013
27291	1.6191	1.5357	NA	NA
57159	1.3969	1.5356	1.6683	0.444803
28958	1.8084	1.5347	1.2408	0.0903599
55715	1.6916	1.5346	1.352	0.164499
4783	1.2414	1.5326	1.8691	0.0649725
5817	1.3023	1.5317	1.7537	0.068167
199800	1.687	1.5314	1.3758	0.246115
131566	1.1078	1.5307	2.0927	0.195317
5831	1.771	1.5302	1.2106	-0.0215323
5150	1.2546	1.5299	1.8356	0.0831164
384	1.4523	1.528	NA	0.0415825
57118	1.3527	1.5257	1.7143	0.43807
79041	1.3056	1.5257	1.7579	0.464219
79090	1.7327	1.5253	1.269	-0.0830743
10231	1.4263	1.5252	1.6501	0.0662697
152992	1.5361	1.5251	NA	NA
728927	1.4216	1.5242	1.6018	NA
9933	1.7093	1.5233	1.3282	0.020558
27086	1.3799	1.5221	1.6551	0.39637
120526	1.6664	1.5213	1.3698	NA
79570	1.5599	1.5204	1.4956	0.193905
55721	1.3598	1.5203	1.6893	NA
25809	1.6821	1.52	1.3522	0.120734
84316	1.7052	1.5175	NA	0.0261667
7514	1.6278	1.517	NA	NA
23646	1.6889	1.5158	NA	NA
56893	1.5189	1.5157	NA	NA
57646	1.3734	1.5152	1.6287	0.172006
23512	1.2981	1.5139	1.7637	0.235327
23365	1.2763	1.5132	1.7645	0.299345
9777	1.4124	1.5121	NA	NA
146177	1.4659	1.5118	1.5685	-0.214086
114787	1.6108	1.5117	1.4332	0.237844
50863	1.3942	1.5109	1.6006	0.310902
114805	1.5345	1.5096	1.4823	0.342081
8153	1.4858	1.5092	1.5545	0.188205
79629	1.4046	1.5086	1.6357	0.102645
6750	1.6897	1.5083	1.3084	-0.0837118
7769	1.9789	1.5068	0.93149	0.0454776
23087	1.3719	1.5064	1.6719	-0.172135
3622	1.623	1.5051	1.4037	0.354304
122616	1.6897	1.5051	1.3192	0.298787
3767	1.3863	1.5048	1.6472	0.199962
8631	1.5359	1.5045	1.4663	-0.227751
23344	1.4632	1.5028	1.5494	0.27394
81786	1.3935	1.5011	1.5853	0.348513
80778	1.3614	1.4993	1.5947	0.0550879
389058	1.7733	1.4989	1.183	-0.0277658
80310	1.5895	1.4984	1.4129	0.299076
149175	1.6985	1.4975	1.2677	0.0445183
10150	1.0814	1.4975	2.0328	0.0939865
6171	1.6912	1.4964	1.301	0.0196736
91368	1.8381	1.4962	1.1143	0.0978973
6812	1.3579	1.4961	1.6411	0.369687
25966	1.5096	1.4943	1.4747	0.0490682
219790	1.0964	1.494	2.0337	0.297778
9162	1.4048	1.4932	NA	0.312606
23608	1.4665	1.4906	1.5173	NA
10687	1.4668	1.49	NA	NA
282991	1.7429	1.4899	NA	NA
126731	1.4423	1.4897	1.5209	NA
387856	1.184	1.4896	1.8635	0.223276
408263	1.538	1.489	1.4426	0.269652
9934	1.5134	1.4886	1.4727	0.0992094
1137	1.5545	1.4881	1.4148	-0.0111712
55687	1.3579	1.4879	1.6454	0.0459304
56255	1.4601	1.4878	1.5217	0.133858
23137	1.4025	1.4877	NA	NA
132660	1.4336	1.4876	NA	NA
163154	1.2143	1.4869	1.7106	-0.0665358
22934	1.3931	1.4858	NA	0.0870433
3382	1.0594	1.4852	1.9224	0.295937
8664	1.6885	1.4843	NA	-0.0355996
246175	1.292	1.4843	1.6026	0.114072
112950	1.6301	1.4833	NA	NA
57597	1.4506	1.483	NA	0.242661
390595	1.1368	1.4817	1.7489	-0.0562103
84851	1.1754	1.4814	1.7717	0.0212003
126295	1.4692	1.4808	1.4962	NA
8739	1.5747	1.4802	1.3926	-0.16829
11237	1.657	1.4793	NA	NA
150365	1.5757	1.4792	1.3697	0.292923
5208	1.183	1.4791	1.8714	0.0897734
374986	1.5	1.4789	1.4571	0.126076
3937	1.489	1.4765	1.4612	-0.0148427
114034	1.4259	1.4764	1.5276	0.217926
28964	1.5977	1.4764	NA	NA
56926	1.6005	1.4746	NA	NA
167838	1.5759	1.4744	1.3878	0.289631
50651	1.279	1.4743	1.6352	0.100115
27065	1.4434	1.4733	1.5039	0.283664
5452	1.3086	1.4722	1.6252	0.198074
55756	1.2353	1.4714	1.7499	-0.00954517
10560	1.1827	1.4712	1.8488	0.0215962
10421	1.6324	1.4699	NA	NA
9828	1.3478	1.4696	1.6137	0.0809384
57019	1.424	1.4688	NA	0.234544
26286	1.6469	1.4681	1.2903	0.0545103
152579	1.5265	1.4678	NA	0.185829
11021	1.6791	1.4672	1.2182	0.0698925
90326	1.3471	1.4668	NA	NA
2222	1.7151	1.4652	1.2054	0.0709419
55714	1.536	1.4652	1.4099	0.0285483
5493	1.3775	1.4648	1.5418	0.39793
91137	1.5478	1.4642	1.3776	NA
1716	1.6914	1.4639	1.2111	0.247103
51535	1.6442	1.4613	1.2755	0.142233
57125	1.1817	1.4603	1.8503	0.193613
51626	1.4706	1.46	1.4545	NA
162681	1.4416	1.4589	NA	NA
8372	1.445	1.4588	1.4792	0.156737
10972	1.5677	1.4561	1.3576	-0.0376176
54487	1.2612	1.4556	1.6106	0.152786
84319	1.6309	1.4532	1.267	0.0349457
9442	1.5963	1.4531	NA	NA
140465	1.6831	1.4528	1.2129	0.166331
51031	1.5833	1.4525	1.3371	0.0646644
85014	1.5443	1.4489	1.3367	0.110129
27040	1.2982	1.4489	1.5639	0.0502994
81	1.1819	1.4487	1.7952	0.155271
9277	1.4783	1.4484	NA	NA
90871	1.6213	1.4478	1.2452	0.0816405
57147	1.4673	1.4469	NA	NA
79750	1.2201	1.4468	1.7355	-0.12317
149951	1.5908	1.4446	NA	NA
317671	1.3825	1.4444	NA	NA
143879	1.214	1.4444	1.7445	0.00715648
79176	1.3397	1.4443	1.5729	0.174735
355	1.5819	1.4423	1.3098	NA
26073	1.3586	1.442	1.5496	0.218588
5048	1.5686	1.4411	1.3158	NA
6304	1.3589	1.4405	1.5011	0.232639
9213	1.2687	1.4404	1.6531	0.0929133
57587	1.5114	1.4403	1.38	-0.142644
245973	1.45	1.4389	1.4255	-0.297659
10457	1.6551	1.4381	1.2202	0.213691
51321	1.5697	1.4377	1.2909	NA
55039	1.5478	1.4376	1.3362	0.124733
113835	1.3699	1.4375	1.5084	-0.159484
51015	1.57	1.4375	1.3136	-0.0721678
22800	1.546	1.4366	1.3434	0.0125644
138428	1.6317	1.4341	1.2409	0.132256
23204	1.5481	1.4339	NA	NA
5947	1.4666	1.4327	1.4108	-0.272786
9202	1.2912	1.4324	1.5575	0.300775
64131	1.5349	1.4319	1.3315	0.0602484
375449	1.1134	1.4316	1.8415	0.0425708
28989	1.5175	1.4313	1.3258	NA
400720	1.3844	1.4298	NA	NA
79074	1.2067	1.4296	NA	NA
80185	1.2877	1.4276	1.5977	NA
26009	1.5012	1.4275	1.3697	-0.0380397
7385	1.4541	1.4275	NA	NA
221079	1.2551	1.427	1.6452	0.214722
1958	1.1981	1.4254	1.6355	0.198141
9013	1.2138	1.4246	1.6367	-0.0350532
80746	1.2954	1.4242	1.5441	0.244471
442590	1.3665	1.4241	1.4687	0.243754
643988	1.3172	1.4241	1.5637	0.0661931
56954	1.6588	1.4241	1.1207	0.0483621
353144	1.4075	1.4238	1.4355	0.288841
8216	1.4976	1.4231	1.3422	-0.065842
10181	1.4741	1.423	NA	-0.0474476
147906	1.5717	1.4188	1.2467	-0.186815
2006	1.3943	1.4184	NA	-0.304409
83879	1.527	1.4184	1.319	-0.106955
56603	1.4733	1.4178	1.3699	0.556938
5538	1.2898	1.4178	NA	NA
29078	1.4222	1.4175	NA	NA
79659	1.2279	1.4157	1.582	0.152171
64770	1.349	1.4151	1.4757	0.128558
7059	1.232	1.4144	1.6098	0.167961
54968	1.4932	1.4142	1.3195	0.0432136
64783	1.2559	1.4137	1.5502	0.0924149
1173	1.5664	1.4126	NA	NA
54662	1.5696	1.4108	1.2497	-0.0736754
30837	1.4958	1.4083	1.3367	0.142716
55234	1.3783	1.4076	NA	NA
84464	1.4247	1.4074	NA	NA
57210	1.1243	1.4065	1.7467	0.105711
23764	1.4002	1.4056	1.4214	-0.177461
90102	1.2933	1.4056	1.5456	-0.220474
144608	1.4653	1.4053	NA	NA
53616	1.2189	1.4048	1.6381	0.196637
388389	1.6091	1.4038	1.1663	0.0762586
65263	1.5526	1.4038	1.2414	0.0498392
22986	1.4531	1.4035	1.3599	-0.0017777
2730	1.3714	1.403	1.4451	0.101218
57732	1.0043	1.4025	1.8979	0.224064
1613	1.3226	1.4018	1.4917	NA
6892	1.3592	1.4018	NA	NA
254170	1.2074	1.401	1.655	0.0778373
51388	1.5647	1.4008	1.2218	0.108802
686	1.4365	1.4006	NA	NA
8086	1.2719	1.3999	1.5674	-0.0597516
84254	1.3507	1.3996	1.4502	0.49941
56260	1.4421	1.3989	1.3637	0.0645002
9628	1.0794	1.3983	1.789	0.366455
84530	1.2875	1.3982	1.4776	0.371429
348093	1.4059	1.3972	1.3864	-0.193047
79637	1.3821	1.3969	NA	NA
55697	1.4813	1.3965	NA	NA
50618	1.277	1.3964	1.5067	-0.0599503
10154	1.4909	1.3954	1.3186	0.138961
9895	1.4835	1.3948	1.3236	-0.0630818
29079	1.5312	1.3942	NA	NA
5515	1.392	1.3939	NA	NA
7855	1.3263	1.3935	1.4626	-0.121504
5822	1.4291	1.3933	NA	NA
23429	1.4367	1.3927	1.3549	0.0680384
79142	1.4167	1.3922	1.3658	0.139149
55061	1.4498	1.391	1.3358	-0.135406
91869	1.4795	1.3907	NA	NA
549	1.314	1.3905	1.4844	NA
90693	1.1782	1.3901	1.5895	0.0367793
84062	1.7769	1.3899	0.93625	0.02767
9994	1.1423	1.3895	1.6113	0.159164
11052	1.4538	1.3871	1.332	0.0803848
112483	1.2909	1.3865	1.5014	0.265463
54865	1.5144	1.3857	NA	0.0301736
51279	1.0248	1.3857	1.7542	0.175158
51504	1.612	1.3844	1.1198	-0.0127662
196740	1.4608	1.3843	NA	NA
5110	1.5388	1.3839	1.2069	0.270139
2904	1.4748	1.3813	1.3016	0.163017
2784	1.1768	1.3792	1.6217	0.0800423
54913	1.2176	1.3774	1.5775	0.0900438
404037	1.2308	1.3769	1.5666	0.147654
8898	1.3136	1.3755	1.4551	-0.0764156
9254	1.1049	1.3753	1.7444	-0.00232302
51218	1.5238	1.375	NA	NA
687	1.0999	1.374	1.7323	0.238618
8439	1.1801	1.3725	1.5328	0.189273
79085	1.5461	1.3699	1.1701	0.236563
84083	1.4638	1.3691	1.2889	0.269104
6877	1.2945	1.3691	1.4549	NA
2957	1.1377	1.3684	1.6501	0.0704476
6745	1.3753	1.3678	NA	NA
7251	1.5438	1.3671	NA	NA
83590	1.3213	1.3668	NA	NA
26750	1.2521	1.3666	1.5011	0.121431
10360	1.4965	1.3649	1.2391	0.158317
3265	1.6216	1.3646	1.0144	0.0672591
142	1.4767	1.3637	1.2424	NA
285362	1.6835	1.363	1.007	-0.0794182
330	1.5185	1.3621	1.2049	-0.0705168
55328	1.1224	1.3617	1.5984	0.355459
3305	1.3246	1.3601	1.4077	NA
146713	1.1881	1.3598	1.5709	0.39156
51805	1.194	1.3598	1.5703	0.18303
2235	1.0584	1.3589	1.7333	0.180374
5567	1.2996	1.3587	1.4049	0.173833
54221	1.4916	1.3585	1.224	-0.0137338
246330	1.2002	1.3584	1.5638	0.200605
64412	1.2422	1.3578	1.5135	0.12924
140883	1.2553	1.3566	NA	NA
23046	1.4784	1.3554	1.2375	0.200446
28978	1.3295	1.3552	NA	NA
3787	1.2294	1.3544	1.5134	0.186447
7813	1.3368	1.3542	NA	NA
56122	1.2118	1.3532	1.4749	0.324235
5929	1.2513	1.3523	NA	NA
5566	1.3479	1.3518	NA	NA
3094	1.6538	1.3511	NA	NA
26273	1.441	1.35	1.2717	0.16371
2354	1.1574	1.3498	1.5693	0.158207
813	1.4645	1.3496	NA	NA
401067	1.4893	1.3492	1.2103	0.0849659
3356	1.2644	1.349	1.4281	0.534174
54814	1.2825	1.3463	NA	NA
9578	1.4462	1.3455	1.2596	0.0186218
5205	0.9755	1.3447	1.6893	-0.00214547
29085	1.6425	1.3446	1.0092	0.0869261
409	1.4885	1.3443	1.1998	0.223405
9811	1.1264	1.3431	1.6182	0.119254
2166	1.3908	1.3421	NA	NA
84435	1.2281	1.342	1.4485	0.202217
54494	1.4582	1.3411	NA	-0.252556
56994	1.4498	1.3406	1.2387	-0.0853437
23409	1.1316	1.3405	1.6137	0.217381
2565	1.4476	1.3401	1.2467	0.234484
6621	1.2763	1.3398	NA	NA
7414	1.3877	1.3384	1.2797	0.193695
475	1.5368	1.3369	1.1186	-0.00711043
35	1.4249	1.3363	1.2454	-0.0637896
80144	1.2877	1.3363	1.3981	0.0331791
84265	1.5066	1.3363	1.1733	0.0184054
9194	0.82638	1.3362	2.1169	0.169307
91147	1.3041	1.3349	1.3597	0.086514
286097	1.1417	1.3336	1.5693	0.337749
51337	1.255	1.3336	1.433	0.132609
1414	1.3441	1.3334	1.3193	0.132322
11001	1.4194	1.3327	1.2583	0.147946
9015	1.3481	1.331	1.3205	0.119178
375759	1.4112	1.3309	NA	NA
347273	1.1611	1.3304	1.5274	NA
51545	1.3606	1.3302	NA	NA
57381	1.5077	1.3299	1.1531	-0.0527133
5463	0.81033	1.3286	1.8554	0.198547
2026	1.1966	1.3284	1.4826	0.238889
7322	1.6103	1.3279	0.9994	0.0404544
54510	1.3679	1.3276	NA	0.113725
8726	1.1661	1.3274	1.4755	0.0708093
5771	1.032	1.3274	1.6004	-0.120802
5836	1.5925	1.3267	0.99292	-0.0366406
55054	1.0171	1.3257	1.7229	0.215815
29915	1.3783	1.3257	NA	NA
9200	1.4641	1.3245	1.1596	-0.27039
5125	1.4291	1.3239	1.2176	-0.227616
8893	1.1727	1.3238	NA	NA
5601	1.2651	1.323	1.3694	-0.0278622
7311	1.5935	1.3223	1.0013	0.0206764
65057	1.3119	1.3216	NA	NA
114791	1.2385	1.3215	1.423	0.0600624
7707	1.2423	1.3211	1.3906	0.437802
7140	1.3571	1.3206	NA	NA
54939	1.2183	1.3205	1.4301	NA
84547	1.2046	1.3199	NA	NA
90353	1.3826	1.3197	NA	NA
81501	1.4949	1.3183	1.1337	0.121108
23324	1.4525	1.3179	1.1889	0.128328
79746	1.4705	1.317	1.1659	-0.00400627
55823	1.196	1.3167	1.4597	0.0998552
3164	1.1759	1.3153	NA	NA
375567	0.92776	1.3143	1.7895	0.070785
148641	1.1591	1.3141	1.4939	0.259388
9564	1.1961	1.3134	1.4536	-0.0175192
10294	1.3836	1.3128	NA	NA
4898	1.4616	1.3126	NA	NA
79154	1.2951	1.3113	NA	NA
11140	1.3303	1.3108	1.288	NA
79862	1.2038	1.3107	NA	NA
643669	1.075	1.3104	1.5921	0.0512491
26262	1.5276	1.31	NA	NA
26086	1.4058	1.3084	1.2241	0.113171
10446	1.5213	1.3081	1.0735	-0.13356
7579	1.2793	1.3066	NA	NA
92304	1.3259	1.305	1.2804	0.0901846
81606	1.2981	1.3049	1.3128	-0.140823
138046	1.3384	1.3044	NA	NA
643037	1.5369	1.3031	1.0207	0.0611056
8315	1.2853	1.3022	NA	NA
5128	1.38	1.3015	1.2277	0.0829933
100507055	1.3788	1.3007	1.2303	0.391251
259295	1.1416	1.3002	NA	NA
79814	1.3473	1.3	1.2468	0.00570623
84553	1.2139	1.3	1.3715	NA
80745	1.2525	1.2985	NA	NA
165257	1.4548	1.2978	1.1342	0.138023
1642	1.517	1.2968	NA	NA
1809	1.4197	1.2967	1.1825	-0.0483193
1004	1.3325	1.2959	1.2515	-0.12766
90624	1.1847	1.2958	1.4383	0.0267144
79661	1.1109	1.2943	1.4408	0.0879608
25897	1.2497	1.2943	NA	NA
952	1.3402	1.2943	1.2612	-0.381075
5780	1.3805	1.2942	NA	NA
5202	1.4043	1.2936	NA	NA
399671	1.1815	1.2936	1.386	NA
345557	1.3273	1.2933	1.2658	0.213804
1889	1.208	1.2914	1.3598	NA
126433	1.3798	1.2905	NA	0.3452
1284	1.4343	1.2897	1.1412	-0.170612
23301	1.145	1.2896	NA	NA
79621	1.4204	1.2886	NA	0.351229
22865	1.0401	1.2886	1.5553	0.255
79595	1.4389	1.2878	1.1485	0.165983
60528	1.4308	1.2875	1.1225	-0.0804233
151651	1.4059	1.2874	1.1564	-0.185136
10336	1.3023	1.2871	1.2731	0.138616
784	1.3318	1.2869	1.2513	0.590334
90990	1.1901	1.2867	1.37	0.365063
257364	1.3609	1.2846	NA	NA
4131	1.298	1.2844	1.271	0.0354361
79632	1.4783	1.2835	1.0837	0.145185
91523	1.5291	1.2827	0.9779	-0.0419277
29953	1.1962	1.2826	NA	NA
283643	1.3544	1.2824	1.2098	NA
84264	1.1679	1.281	1.4265	0.0161762
221002	1.3812	1.2806	1.1928	0.147915
23265	1.388	1.2798	NA	NA
5884	1.3879	1.2779	NA	-0.122088
51375	1.4147	1.2751	1.1443	0.152756
402381	1.0448	1.275	1.5751	0.0440728
8742	1.3906	1.2746	1.1683	0.135597
56259	1.2344	1.2746	1.3219	0.145136
203228	1.0234	1.2745	1.5108	0.0115867
339390	1.5029	1.2739	1.0261	0.251107
4628	1.3846	1.2731	1.1455	0.0807199
898	1.1475	1.2682	1.4153	0.0721159
414328	1.4591	1.2679	1.0725	0.0116387
56124	1.0944	1.2673	1.4389	0.288511
6581	1.3549	1.2663	1.185	NA
9569	1.1975	1.2663	1.3524	-0.212863
55174	1.4516	1.2659	NA	NA
4905	1.3307	1.2642	1.1898	NA
2817	1.3615	1.2637	NA	NA
4306	0.85387	1.2633	1.7317	0.200095
2644	1.2523	1.2631	1.2798	0.0698557
79867	1.1606	1.2631	1.3386	0.155291
924	1.4343	1.2628	NA	NA
1757	1.4057	1.2604	1.1088	0.00915713
58155	1.4105	1.2598	1.0946	-0.0119023
8887	1.2665	1.2595	1.2486	0.0360677
7690	1.2048	1.258	NA	NA
5310	1.0467	1.2576	1.5145	0.135645
130574	1.3293	1.2572	1.1771	NA
23174	1.2138	1.2571	1.2955	0.144677
9054	1.2884	1.2568	NA	NA
5879	1.3928	1.2568	NA	NA
51079	1.4608	1.256	NA	NA
203102	1.1696	1.2559	1.3544	NA
84541	0.99739	1.2528	NA	NA
55572	1.2151	1.2526	NA	NA
10019	1.4045	1.2524	1.0976	NA
165679	0.8452	1.2522	1.825	0.149244
23379	1.4329	1.2517	1.0638	-0.00870599
51024	1.3417	1.2514	NA	NA
8705	1.2978	1.251	NA	NA
117178	1.1328	1.2508	1.3482	0.342949
8542	1.1842	1.2505	1.3293	0.201643
9031	1.0813	1.2502	NA	0.0978176
64478	1.1926	1.2499	NA	NA
57710	1.0161	1.2494	1.5454	0.0120549
255919	1.081	1.2492	1.4604	0.189743
55180	1.1965	1.2485	1.2967	0.296998
27132	1.375	1.2483	1.117	0.0456451
6017	1.3635	1.248	1.1445	0.166108
113263	0.85533	1.2479	1.7573	0.164631
345778	1.2476	1.2471	1.2461	NA
6120	1.1838	1.2465	NA	NA
57673	1.3614	1.2461	NA	NA
10808	1.1663	1.246	1.3411	0.215626
6865	1.4526	1.2453	1.0289	0.278671
5396	1.2457	1.2443	1.2532	-0.25207
9256	1.386	1.2439	1.109	0.247426
83667	1.1364	1.2425	1.3743	NA
24144	1.2584	1.2423	NA	NA
166815	1.1906	1.2399	NA	NA
2558	1.3782	1.2397	1.102	0.0133269
55052	1.6078	1.2395	0.82322	-0.00703624
33	1.3555	1.239	1.1246	-0.0871907
55604	1.3491	1.2383	1.1318	NA
64864	1.1187	1.2382	1.3451	NA
4714	1.3996	1.2364	1.057	0.127417
57089	1.1599	1.2363	NA	NA
55529	1.1552	1.236	1.34	0.136361
1300	1.3079	1.2359	1.1717	0.554199
55635	1.1177	1.2354	NA	-0.0305663
91120	1.2739	1.2285	NA	NA
6643	1.531	1.2277	0.89246	0.0706418
4504	1.4725	1.2269	0.97097	-0.0119913
114876	1.0629	1.2266	1.4355	0.105369
2879	1.3519	1.2251	NA	0.14394
201292	1.1805	1.225	NA	NA
9320	1.3685	1.2236	1.062	-0.075514
157310	1.2438	1.2225	1.2019	-0.000530597
125875	1.3609	1.2224	1.0892	-0.0890026
79657	1.347	1.222	1.0937	0.0302151
85445	1.2764	1.2217	NA	-0.280296
10190	1.3606	1.2216	NA	NA
151176	1.3375	1.2203	1.107	0.153257
196383	1.3602	1.2201	1.0888	0.152148
143884	1.1829	1.2191	NA	NA
9475	1.058	1.2188	1.4127	0.272616
1512	1.2987	1.2182	1.1467	-0.242554
55279	0.99637	1.2178	1.4653	0.118495
26048	0.95224	1.2172	1.5392	NA
4947	1.368	1.2168	1.0453	0.0535836
4867	1.2881	1.2162	1.1507	0.171189
83448	1.2912	1.2152	NA	-0.0884661
7415	1.3545	1.215	NA	NA
51155	1.3689	1.2147	1.0455	0.147167
84336	1.3623	1.2146	NA	NA
26160	0.91428	1.214	1.453	NA
129450	1.3349	1.2135	1.0888	-0.0803029
2805	1.1601	1.2122	1.2702	0.219426
79893	1.2581	1.2119	1.1545	0.163356
55055	1.267	1.2117	NA	NA
55139	1.046	1.2117	1.3538	0.0507049
7545	1.2091	1.2116	1.2273	-0.325967
5201	1.1883	1.2096	1.2403	0.113451
59345	1.4648	1.2095	0.88896	-0.206999
8499	1.2085	1.2076	1.2079	0.21716
10550	1.1402	1.2067	1.2809	0.299784
23192	1.3009	1.2055	NA	NA
10965	1.4075	1.2053	0.98971	0.0494165
11034	1.469	1.2034	0.92277	-0.0357798
57689	1.2444	1.2031	1.1629	-0.064216
57101	1.357	1.2024	1.0469	-0.110805
817	1.3068	1.2017	1.1068	0.258081
134218	1.1643	1.2012	1.2406	0.336287
56961	0.96011	1.2009	1.5235	0.26335
54545	1.2245	1.2001	NA	0.344723
11010	1.0929	1.1995	1.3273	0.264351
476	1.1352	1.1994	1.2754	0.182734
60677	1.279	1.1994	1.1243	0.0628127
10063	1.0925	1.1979	1.3284	0.0747916
23142	1.2308	1.1965	1.1611	0.26245
79643	1.2859	1.196	NA	NA
29967	1.1719	1.1951	1.2266	0.0470572
80308	1.2648	1.195	1.1146	NA
221421	1.3369	1.1925	1.0569	0.116279
29082	1.3894	1.1925	0.97731	-0.17573
154467	1.477	1.1901	0.86777	-0.136343
284001	0.93631	1.1898	1.4169	0.151102
253314	1.0463	1.1891	1.3671	0.182619
81789	1.2607	1.1882	NA	NA
7260	1.3005	1.1868	1.0825	0.224246
169200	1.2507	1.1839	NA	NA
123036	1.0696	1.1826	1.3063	-0.00558196
2314	1.1862	1.1825	1.1778	-0.020135
4779	1.2	1.182	NA	NA
137994	1.2093	1.1808	NA	NA
123904	1.2404	1.1808	1.1194	-0.106396
644	1.148	1.1806	NA	NA
157848	0.81222	1.1805	1.561	0.100707
529	1.3322	1.1805	NA	0.192933
6000	1.0375	1.18	1.2976	0.447874
283871	1.1161	1.1795	1.255	0.249867
50855	1.1448	1.1787	NA	0.215289
51491	1.3387	1.1785	0.9975	0.11037
54509	1.2163	1.1784	1.1374	0.0627781
344901	1.1301	1.1783	1.2354	-0.261249
6091	1.3761	1.1772	0.94948	-0.0176497
9570	1.2918	1.1768	1.0685	0.113745
199870	1.2318	1.1762	1.1267	0.101302
55573	1.2623	1.1761	NA	NA
27433	1.0638	1.1744	1.289	NA
1797	1.08	1.1709	1.2748	NA
79038	1.3568	1.1705	0.97049	0.0455351
2618	0.95213	1.1698	1.438	0.0815542
80326	1.1471	1.1676	1.1947	-0.0899447
10396	1.223	1.1668	NA	-0.0119969
55750	1.1569	1.1664	NA	0.335367
6780	1.3739	1.1661	NA	NA
22937	1.1321	1.1657	NA	NA
55751	1.0801	1.1651	1.2688	0.0289273
7284	1.2889	1.1647	1.0252	-0.00739126
2281	1.5063	1.1637	0.77001	0.0771778
9422	1.1096	1.1635	1.2075	NA
10882	1.3624	1.1622	0.92212	-0.0172619
116154	1.2758	1.1621	1.0547	0.148103
7187	1.1272	1.1617	1.2122	0.0640958
80821	1.0922	1.1615	1.2475	0.190508
161582	1.2693	1.1609	1.0602	-0.00973548
140831	1.0671	1.1595	NA	NA
9439	1.0605	1.1593	1.2494	0.240496
6118	1.3168	1.159	1.0008	0.0870876
9590	1.1421	1.1589	1.1823	0.0514967
133619	1.0891	1.1585	NA	NA
80097	1.3547	1.1583	0.95737	0.0739033
288	1.2613	1.158	1.0629	0.0552266
9498	0.87481	1.1573	1.5457	0.0790055
2180	1.147	1.1568	NA	-0.302196
114884	1.1978	1.1565	1.1262	NA
2869	1.2165	1.1562	1.1011	0.485159
10793	0.95283	1.1562	1.3467	0.240618
79915	1.1086	1.156	NA	NA
90507	1.0138	1.1544	1.3122	NA
1468	1.1534	1.1544	1.1645	NA
55083	1.2547	1.1537	1.0606	0.0109247
53349	1.2444	1.1533	1.0599	0.00504209
84290	1.2719	1.1525	NA	NA
55802	0.64987	1.151	1.6318	0.000441959
23780	1.0088	1.1505	1.3302	0.140472
359845	1.2298	1.1503	1.0651	0.0174468
23426	1.0765	1.1488	NA	NA
140890	1.0486	1.1478	1.2217	-0.0592733
10633	1.4264	1.1478	0.86247	0.0687305
4036	1.1354	1.147	NA	-0.339882
7802	1.2675	1.1462	1.0343	0.068903
11004	0.96077	1.146	1.3361	0.27146
55220	1.3426	1.1443	0.92952	-0.163491
8622	1.0577	1.1441	NA	0.0227442
148156	1.0078	1.1433	NA	NA
23184	1.2763	1.1425	0.98665	-0.26143
7534	1.2527	1.1418	1.037	0.228448
5514	1.0208	1.1418	NA	NA
2162	1.2284	1.1417	NA	NA
8462	1.0631	1.1417	NA	NA
124056	0.98387	1.1407	1.2683	0.312071
84448	1.3159	1.1402	0.96337	0.348891
283219	1.2403	1.1395	1.0437	-0.224642
55663	0.95874	1.139	1.2954	0.0149476
1659	1.0628	1.1387	1.2258	NA
1508	1.057	1.1385	NA	NA
728489	1.2802	1.1383	NA	NA
1307	1.2462	1.1381	1.0177	-0.329471
196	1.1919	1.1376	1.0898	0.0359114
26059	1.2735	1.1373	1.0091	0.263506
668	1.0764	1.1372	1.2062	-0.0880442
1795	1.0156	1.137	NA	NA
8897	1.2257	1.1369	1.0581	-0.0540061
4802	0.95773	1.1365	1.312	0.237814
29114	1.3074	1.1362	0.93867	0.175937
388753	1.3861	1.135	0.87492	0.294414
58489	1.2237	1.135	1.0541	0.17741
146167	1.234	1.1341	NA	NA
146050	1.0054	1.134	1.2881	0.0707191
80267	1.0035	1.134	NA	NA
28962	1.0684	1.1336	NA	NA
26040	0.89472	1.1304	1.3265	0.181656
5213	1.0978	1.1303	NA	NA
10426	0.96945	1.1295	1.2637	NA
388327	0.9984	1.1293	1.2685	0.36756
55101	1.129	1.1291	NA	NA
57690	1.0586	1.1287	1.1899	0.0835231
10152	1.2446	1.1276	1.0167	0.292609
28231	0.93797	1.1275	1.3742	0.0384794
286826	0.84427	1.1273	1.3982	0.141279
57537	1.2354	1.1267	NA	-0.227636
9148	1.2115	1.1251	1.0457	0.371107
5136	1.2341	1.1241	1.0066	-0.0258702
7559	0.9933	1.1239	1.2543	0.259718
114788	1.1622	1.1222	1.0875	0.315155
11127	1.2239	1.1216	1.0135	NA
7443	1.1918	1.1208	1.0527	NA
26045	1.1363	1.1204	NA	NA
3140	1.299	1.1197	0.9036	-0.0678994
7296	1.1782	1.1196	NA	NA
493856	0.96565	1.1195	1.3089	0.208774
2982	1.361	1.1179	0.85435	0.171378
120425	1.219	1.1168	NA	-0.186748
144448	1.0049	1.1167	NA	NA
100129128	1.1445	1.1159	1.0833	NA
127002	0.92777	1.1155	1.2926	0.103359
84790	1.2448	1.1152	0.96749	NA
57333	0.96928	1.1145	1.2672	0.329435
23415	0.96727	1.1145	1.2484	0.382833
22844	1.0194	1.1145	1.2308	NA
5595	1.3463	1.1143	0.84761	0.160855
51177	0.97486	1.1139	1.2855	0.19185
114879	0.87046	1.1137	1.3423	0.0264361
9375	1.0758	1.113	NA	NA
65018	1.1543	1.1129	1.0646	0.258509
22818	1.3253	1.1126	0.89483	0.144066
158056	0.99083	1.111	NA	NA
339318	1.0054	1.1108	NA	NA
3752	1.0148	1.1091	1.1972	0.36639
1302	0.99697	1.1088	1.2078	-0.0398987
10488	1.2485	1.1087	0.95637	0.0628259
57786	0.95312	1.1074	1.2664	0.0854514
54980	1.0448	1.1073	NA	NA
64788	1.1484	1.1063	NA	NA
55186	0.83461	1.1044	1.3726	0.0424791
219995	1.1373	1.1039	1.0666	-0.231927
317649	0.76139	1.1025	1.5256	0.126163
92856	1.1626	1.1015	1.0303	0.0502962
10059	1.1202	1.1006	NA	NA
9886	0.89523	1.1004	1.3546	-0.0956161
548596	1.0057	1.0996	1.2095	0.234818
374291	1.0317	1.0994	1.1739	-0.0150409
9135	1.1717	1.099	NA	NA
9340	1.2065	1.0978	0.98273	0.0581709
83468	1.2061	1.0977	0.99874	0.203018
730	1.1442	1.0936	NA	NA
152404	1.2325	1.0935	NA	NA
22902	1.1899	1.0935	NA	NA
1149	1.099	1.093	1.0862	0.0349408
522	1.2436	1.0924	NA	NA
2734	1.1758	1.092	1.0109	-0.266596
727	1.1842	1.0919	1.0041	-0.131237
23254	1.0836	1.0916	1.0999	0.0652645
7597	0.98378	1.0909	NA	-0.0699167
79646	1.1608	1.09	1.0288	0.150003
25906	1.2541	1.0892	NA	NA
6653	0.95945	1.0892	1.2502	0.110072
121273	1.0506	1.0892	1.1392	0.139931
202051	1.1882	1.0891	NA	NA
339324	1.0544	1.0874	NA	NA
90268	0.96845	1.0867	NA	NA
23462	1.3634	1.0867	0.79037	0.215441
1176	1.3476	1.0864	0.72676	0.0585442
145581	0.93469	1.0852	1.2157	0.334803
27335	1.2198	1.0822	NA	NA
8881	1.3081	1.0821	0.83395	NA
6722	1.0787	1.0817	NA	NA
492311	0.96747	1.0805	1.2214	0.11314
23200	0.95507	1.0789	1.1894	NA
58486	0.79075	1.0783	1.3371	0.0569841
4923	1.2059	1.0782	0.94092	-0.134062
389541	1.3478	1.0776	0.79242	0.00455296
7565	1.0092	1.0774	NA	NA
10652	1.2146	1.0772	0.93115	0.0284229
11198	0.87129	1.0763	1.3226	0.267761
29890	1.093	1.0763	NA	NA
1735	1.1218	1.076	1.0235	-0.271749
766	0.91177	1.0746	1.2702	0.267126
6400	1.0485	1.074	NA	NA
23423	1.1042	1.0735	NA	-0.00653486
85459	0.98124	1.0733	1.1502	0.144883
222255	0.95872	1.0733	1.1781	NA
347744	1.2634	1.0732	0.86404	-0.0485162
100113407	0.90133	1.0724	1.263	0.433494
64429	1.0134	1.0719	NA	NA
147694	1.0026	1.0711	NA	NA
3623	1.0958	1.0711	NA	NA
203190	0.92817	1.071	1.2452	0.0242266
84266	1.1795	1.0709	0.95288	-0.102944
9181	0.963	1.0695	NA	0.16049
22955	1.1085	1.0693	1.0365	0.134411
9276	1.1827	1.0691	0.94449	-0.0446882
1	1.2551	1.069	0.87632	-0.0179386
1955	1.1649	1.0684	NA	NA
84080	0.96843	1.0678	1.1561	0.0622278
397	1.2792	1.0673	0.84252	0.115813
64965	1.1539	1.0661	NA	0.0487657
29992	0.92429	1.0659	1.1976	0.105341
1020	1.1963	1.0656	NA	NA
51118	1.2048	1.064	NA	NA
59342	1.2353	1.0638	0.86727	-0.0294855
7051	0.70504	1.0637	1.5328	0.024686
255374	0.8851	1.0629	NA	NA
79802	1.0844	1.0626	1.0381	NA
387357	1.0215	1.0604	1.105	0.0685325
124936	1.4368	1.0597	0.66844	-0.0296761
128488	1.1107	1.0593	NA	NA
5434	1.1218	1.0588	NA	NA
6155	1.2203	1.0573	0.89634	0.0591188
3948	1.1586	1.0571	NA	0.0900222
8872	1.1316	1.0568	NA	NA
55625	1.1673	1.0564	0.93527	NA
138715	1.0287	1.0564	NA	NA
4839	0.85644	1.0559	1.2946	0.106589
8748	0.93473	1.0559	NA	NA
100131801	1.3184	1.0555	0.79576	0.181156
171425	1.2758	1.0554	0.83713	0.210983
166968	0.94903	1.0553	NA	NA
6006	1.1331	1.0536	NA	-0.159962
5167	1.1815	1.0534	0.9194	-0.156588
10081	0.92389	1.0534	1.1674	0.0880086
51719	0.95988	1.0529	1.1656	0.122235
3737	0.9026	1.0523	1.2424	0.225185
114789	0.96289	1.0521	1.1556	0.126891
51466	0.99803	1.0521	1.1041	NA
79132	1.2807	1.0516	0.79846	0.101904
55466	1.263	1.0512	0.77704	-0.0896632
55353	0.93759	1.051	1.1931	0.0723007
23544	1.158	1.0499	0.94263	-0.0721314
9869	0.84305	1.0488	1.2024	-0.00968252
6569	1.0435	1.048	NA	NA
211	1.0668	1.0478	NA	NA
10615	0.93403	1.0473	1.1718	-0.000338081
54477	0.91445	1.047	1.1701	0.441654
55607	0.99899	1.047	NA	NA
91683	0.86486	1.0462	1.279	0.0561717
5605	1.0154	1.0458	1.0852	0.224606
84188	0.96064	1.0457	NA	-0.0819738
147660	1.1271	1.0456	NA	NA
1762	1.2129	1.0447	0.85774	0.191871
473	0.90184	1.0446	NA	NA
55303	1.1913	1.0444	0.88735	NA
57144	0.98161	1.0429	NA	NA
1005	0.79302	1.0426	1.3594	0.170451
9719	1.1002	1.0424	0.97988	-0.14765
23551	0.75197	1.0418	1.306	0.219006
84978	0.8573	1.0412	1.2607	-0.152715
84298	1.1675	1.0406	NA	NA
3614	0.91068	1.0401	1.1951	0.136936
8379	0.98102	1.04	1.1144	0.142332
55006	0.82474	1.0394	1.3166	-0.0440355
79953	0.95717	1.0389	1.1379	0.185158
51023	1.1688	1.0385	NA	0.0445661
84317	0.88711	1.0376	1.2279	0.0684653
389677	0.96359	1.0376	NA	NA
6169	1.1863	1.0376	NA	-0.0700598
6844	1.1718	1.0375	0.90707	0.275705
54841	0.93121	1.0371	NA	NA
8214	1.1447	1.0369	NA	NA
55450	1.0902	1.0348	0.98452	0.446788
3667	0.68331	1.0322	1.509	0.0299854
56061	1.0028	1.0317	1.0702	0.221567
81552	1.1825	1.0314	0.87693	0.143451
284018	1.138	1.0308	NA	NA
23211	0.97426	1.0292	1.0802	NA
57332	1.1109	1.0287	NA	NA
8476	0.66008	1.0276	1.446	0.0528995
115939	1.2532	1.0266	NA	NA
7226	0.87116	1.0261	1.2154	0.0619608
494513	0.74292	1.0258	1.359	0.0484451
2963	1.1739	1.0245	0.86903	-0.115843
50862	1.0214	1.0236	1.0308	-0.331004
483	0.92616	1.0234	1.138	0.0785813
6616	1.1417	1.0231	0.90069	-0.0164768
140809	0.90959	1.0229	1.1641	0.228934
2622	0.93428	1.0218	1.116	NA
57460	0.92372	1.0213	1.1369	0.278936
7803	1.1072	1.0212	0.92141	-0.110388
115353	1.2666	1.0192	0.74016	0.126336
100289635	1.0842	1.0189	NA	NA
83547	0.94803	1.0181	1.1033	-0.0205256
353	1.1642	1.0176	0.86425	0.154105
57544	0.94605	1.0176	NA	NA
283417	0.82394	1.016	1.1844	0.103343
134	0.99321	1.0159	NA	NA
2743	0.91355	1.0159	1.1332	NA
5784	0.96144	1.015	1.0834	0.0779671
255043	0.63552	1.0144	1.5171	0.101051
5604	1.1944	1.0143	0.83555	0.223508
9829	1.0449	1.0129	NA	NA
90411	1.1332	1.0127	0.89061	0.115996
152330	1.0366	1.0127	0.98427	-0.0261086
5315	0.96064	1.0122	1.0714	0.133251
9495	1.1218	1.0119	0.90911	0.3096
124220	1.1841	1.0106	NA	NA
9063	0.78693	1.0095	1.192	0.0368185
7138	1.3319	1.0095	0.66857	0.233298
56143	0.90343	1.0086	NA	NA
6591	1.1505	1.0069	0.85601	0.175658
1869	1.0068	1.0067	1.0052	0.0987747
285126	0.83636	1.0058	1.1743	0.395005
801	1.2578	1.0053	0.73362	NA
389084	0.93129	1.005	1.084	-0.0709726
80237	1.2209	1.0047	0.76839	-0.0846117
23741	1.0329	1.0045	NA	0.277927
147699	1.1535	1.0039	0.85085	0.0570079
221710	0.71332	1.0036	1.2656	0.116598
143098	0.90708	1.0034	1.1103	0.236656
5357	0.89913	1.0024	1.1316	-0.0622872
6096	0.81617	1.001	1.1646	0.366699
51329	1.122	1.0001	NA	NA
5306	0.96953	0.9997	1.0354	0.0358281
84945	0.79893	0.99928	1.1623	0.119059
7075	0.94622	0.99828	1.0588	-0.123157
3483	0.75274	0.99796	1.2181	0.0920727
6258	1.1665	0.99789	0.80892	0.0230649
83473	0.95753	0.99772	NA	-0.167672
2769	1.0168	0.99758	NA	0.235302
9832	0.73196	0.9973	1.3068	NA
133015	1.0507	0.99595	NA	NA
3978	1.0448	0.99555	0.95107	-0.0016313
83943	1.2142	0.99359	0.76547	0.0354988
273	0.98768	0.99317	NA	NA
9528	0.87285	0.99294	1.1394	0.0816381
85464	1.0615	0.9929	NA	NA
9406	0.89064	0.99252	1.0961	0.138372
9993	0.93778	0.99174	NA	NA
221749	1.1013	0.99104	NA	NA
4171	0.90974	0.99072	NA	NA
119391	1.1657	0.99058	0.79591	0.142625
9440	0.80067	0.9894	NA	NA
8317	0.89515	0.98711	1.0723	NA
64376	1.0607	0.98705	NA	NA
80331	1.1497	0.98666	0.80927	NA
116984	0.87131	0.98653	1.0964	0.256248
56922	1.0117	0.98652	NA	NA
123775	0.88189	0.98634	NA	NA
1427	0.86696	0.98618	1.1045	-0.135341
57608	0.92405	0.98584	1.0473	0.584804
6942	1.0447	0.98562	NA	NA
291	0.94692	0.98503	NA	NA
54681	0.87264	0.98431	NA	NA
80726	0.91622	0.98403	NA	0.0501572
22884	0.91183	0.98296	NA	NA
92691	0.90892	0.98275	1.0666	0.0444694
2297	0.9913	0.98271	0.97738	-0.201394
133686	1.1471	0.9825	0.79156	-0.072877
5019	1.144	0.98212	0.80721	0.161125
79644	1.1119	0.98198	0.85174	0.000660421
4909	0.91101	0.98092	NA	NA
1412	0.95052	0.98073	1.0164	0.00263088
114926	1.0522	0.98049	0.91507	0.259416
468	0.80384	0.97967	1.2047	-0.0471742
57474	0.87866	0.97958	NA	NA
653784	1.1878	0.97882	0.76301	0.0542153
4591	0.90631	0.97873	1.0663	0.0902639
10951	1.089	0.97863	NA	NA
80315	0.91219	0.97858	1.0436	0.366378
23428	0.85586	0.97855	1.1285	0.0445919
79714	0.93342	0.97778	1.0322	NA
196394	1.2068	0.97669	0.72225	0.159617
4150	1.0409	0.97666	NA	0.204563
506	0.89922	0.97662	1.0684	0.0846632
84128	0.82847	0.97639	1.0944	-0.0364229
80183	1.1038	0.97523	0.84818	-0.032922
10536	0.75755	0.97429	1.1945	0.175735
11261	1.1179	0.97364	0.81612	0.175781
10540	0.97799	0.97318	NA	NA
121536	0.87313	0.97292	1.06	0.222586
100137047	1.1228	0.97276	0.81141	NA
51073	0.98906	0.97246	NA	NA
11197	1.1518	0.9712	0.78038	-0.0658722
11091	0.97768	0.96946	NA	NA
161779	0.87853	0.96855	1.0781	0.114376
9903	0.82657	0.96851	NA	-0.140392
2060	0.84243	0.96756	NA	NA
58524	0.96933	0.96737	0.96489	0.19809
1540	1.1444	0.9661	NA	NA
2844	0.82502	0.9661	NA	NA
5250	0.96045	0.96605	NA	NA
10160	1.0812	0.96561	0.85124	0.0208877
10781	0.80349	0.96555	1.1174	0.0992779
10919	0.9168	0.96532	NA	NA
114818	0.99413	0.96466	0.93276	-0.0449085
460	1.0959	0.9646	0.83333	0.135416
4745	0.94024	0.96324	0.98862	0.530373
161436	0.88589	0.96316	1.036	0.37061
337968	1.0622	0.96301	NA	NA
90203	0.906	0.96157	1.029	0.0198092
1738	1.0065	0.96156	0.90869	0.136978
57053	0.86984	0.96103	NA	NA
51009	1.1036	0.95948	0.80555	-0.0909008
25907	1.1154	0.95863	0.78958	0.118701
9671	0.90466	0.95857	NA	NA
5162	1.1025	0.95783	0.79949	0.092027
5138	1.0892	0.95674	0.82397	0.146404
84455	0.79092	0.95629	1.1109	0.21242
58494	0.83151	0.95628	1.086	0.248906
6863	1.2043	0.95619	0.66752	-0.0631053
9270	1.0501	0.95618	0.84829	0.0579015
8444	1.1062	0.9559	0.78689	-0.198393
26973	0.85303	0.95569	NA	NA
8446	0.92561	0.95521	NA	NA
10954	0.75813	0.95492	1.1357	0.345767
63967	1.0347	0.95467	0.87774	0.354714
80347	0.91273	0.95455	NA	NA
115708	1.0111	0.95421	NA	NA
49	0.97854	0.95401	0.92822	NA
5824	1.1163	0.9534	0.75833	-0.0803125
55972	0.83787	0.95308	1.0919	0.071996
1399	0.97034	0.9528	0.93391	NA
54985	1.109	0.95171	NA	NA
154214	0.81338	0.9516	NA	-0.118094
1258	1.0807	0.95095	0.81635	0.103998
1292	0.92827	0.95008	NA	NA
8178	0.8367	0.94914	1.0548	0.167494
10406	0.72871	0.94893	1.2153	0.26247
57724	0.85505	0.94738	NA	NA
7862	0.82298	0.94688	1.0734	NA
259296	0.78877	0.94656	1.0888	-0.118035
401505	1.1757	0.94645	NA	NA
27067	0.7634	0.94629	1.1799	0.167331
4256	1.0037	0.94592	0.89158	0.346728
10227	1.0468	0.9457	NA	NA
5582	1.1259	0.9449	0.72775	0.0647285
51529	1.2355	0.94487	0.6555	0.0698991
80279	0.86786	0.94479	NA	NA
7745	0.84631	0.94441	NA	NA
3953	0.95072	0.94409	0.94401	NA
9816	0.81409	0.94391	NA	NA
56776	0.76857	0.94339	1.0813	0.0969983
2286	0.90357	0.94319	0.98894	0.0398186
83878	0.88222	0.94289	1.0117	0.034955
66004	0.89146	0.9416	1.0041	0.180206
9717	0.78321	0.94114	1.134	0.0188559
27072	0.86178	0.94075	1.0135	NA
127396	0.7313	0.94075	1.179	-0.122768
51428	0.95469	0.94011	NA	NA
57134	0.78205	0.93903	1.1321	0.226523
201164	1.0544	0.93823	0.82596	0.0428353
6695	0.91534	0.93807	NA	NA
6009	1.0253	0.93807	0.83917	NA
387712	0.86408	0.93778	1.0079	-0.172797
55577	1.1785	0.93728	0.65598	-0.0911225
25830	0.86603	0.93611	1.0179	NA
7273	0.97866	0.93597	0.89414	-0.155944
1159	0.603	0.93589	1.3789	0.122319
51103	1.1029	0.93578	NA	NA
9049	0.83032	0.93556	NA	0.0985757
60491	0.88245	0.93534	NA	NA
2775	1.1472	0.93466	0.71993	0.158126
4868	1.1496	0.93437	0.70816	0.0424006
8516	0.95991	0.93394	0.90405	-0.359586
8634	0.88669	0.93297	NA	NA
5794	0.86692	0.93286	1.0103	-0.346264
51398	1.0589	0.9328	NA	NA
50649	0.99354	0.93266	NA	-0.0499029
7172	0.94571	0.93252	NA	NA
148268	0.84209	0.93197	NA	NA
10125	0.99383	0.93177	0.86621	-0.0259879
79947	1.0086	0.93162	NA	NA
10743	0.79028	0.93125	1.0686	0.260537
9208	0.64738	0.92993	1.2262	0.0742719
1175	1.0652	0.92987	0.79345	0.147753
3790	0.87329	0.9291	0.99713	-0.0413351
9905	1.0491	0.92876	0.8057	0.106273
79763	0.99718	0.9286	NA	NA
54496	0.73696	0.92805	1.1594	0.0489074
10206	0.76149	0.92792	1.0924	0.0980131
84628	1.0787	0.92766	0.77533	0.0708402
4522	1.1168	0.92748	NA	0.0468613
9807	0.89294	0.92741	NA	NA
9688	0.92152	0.92726	NA	-0.0820733
4636	1.1219	0.92607	0.69359	-0.073682
8785	0.70296	0.92557	1.1625	NA
7474	0.99497	0.92552	0.86211	NA
23431	0.69103	0.92495	1.189	-0.104734
6183	0.88975	0.92378	0.96124	NA
1457	0.96864	0.92305	NA	NA
4892	0.99892	0.92281	0.84428	-0.268857
127933	1.0779	0.92245	0.74912	-0.115615
368	1.1819	0.92101	0.64292	0.221514
29894	0.74651	0.92092	1.1351	0.170748
7873	1.1099	0.92062	0.7246	0.00982272
51747	0.90345	0.92041	0.939	0.0637902
23600	0.89572	0.92032	NA	NA
27237	0.83946	0.91808	1.0119	-0.275136
144245	0.84398	0.91795	0.9873	0.258315
90627	0.89292	0.9167	NA	NA
55776	0.99652	0.91271	NA	NA
25824	0.99969	0.9121	NA	NA
79884	0.77199	0.91193	1.0863	0.0556763
26017	1.1282	0.91136	NA	0.128326
2066	0.97287	0.91054	NA	NA
901	0.85576	0.91013	0.95981	0.380001
84033	1.039	0.90961	0.77756	0.270636
54813	0.78391	0.90952	NA	NA
9228	0.72197	0.9083	1.063	0.201348
6477	0.78543	0.90756	1.0233	0.0772133
4325	0.92139	0.90732	0.89524	0.20344
9519	1.0292	0.90638	0.77472	NA
5721	1.062	0.90623	0.75054	-0.0170611
6624	0.96205	0.90479	NA	NA
114571	0.93877	0.9043	0.87353	0.560413
286336	0.80893	0.90262	1.0192	0.0685
5816	0.74817	0.90125	1.0938	0.132915
133121	0.87999	0.90122	0.92564	-0.27043
283514	0.91865	0.90109	NA	0.19282
9361	0.82619	0.90079	0.99037	0.000667377
84897	0.80004	0.90064	1.0147	0.205442
56905	0.89606	0.90037	NA	NA
26512	0.72474	0.90001	1.0659	NA
54431	1.0642	0.89977	0.72927	-0.0305017
7436	0.97853	0.89943	NA	0.128557
84759	0.78049	0.89904	1.0463	0.1075
121274	0.77054	0.8976	1.0387	0.160607
6992	0.97274	0.8976	NA	NA
54361	0.96107	0.89742	0.83834	-0.0861717
92335	0.70986	0.89597	1.1269	0.00348254
284307	0.89147	0.89463	NA	NA
63916	1.0497	0.89303	0.71824	-0.0472137
51092	1.0158	0.89268	0.76703	-0.200252
23261	0.6584	0.89246	1.1945	0.244645
129401	0.73233	0.89188	1.0666	-0.093041
23214	0.99478	0.89176	NA	NA
8604	0.68941	0.89176	1.1454	0.101997
54878	0.73323	0.8916	1.0895	0.194624
2021	0.83701	0.89147	0.95629	NA
79042	1.0537	0.89113	0.72018	-0.0590874
79573	0.93477	0.89098	NA	NA
64397	0.84823	0.88913	NA	NA
253639	0.77124	0.88847	0.99259	0.0806841
84233	1.1041	0.88841	NA	NA
516	1.1164	0.88782	NA	NA
79664	0.79522	0.88707	NA	NA
54677	1.0128	0.88689	0.75241	-0.130403
10755	0.84858	0.88682	0.93186	-0.0564588
26353	0.86103	0.88639	0.92305	-0.170791
29799	1.0428	0.88575	0.72015	0.130086
5649	0.94652	0.88486	0.82942	0.0357407
191	1.0267	0.88444	0.73743	-0.0170414
55291	0.72423	0.88405	1.0432	NA
7352	0.59371	0.884	1.1698	0.0742913
27039	0.71547	0.88396	1.0422	NA
65082	0.8524	0.88194	NA	NA
7291	0.98975	0.88178	0.76914	0.303949
115004	0.99481	0.8816	0.76095	NA
126328	1.126	0.88118	0.63459	0.0791139
10229	1	0.88113	0.76191	0.107212
54732	0.98325	0.88069	NA	NA
51303	0.78175	0.87935	0.98241	0.126748
54433	1.1699	0.8771	0.54039	0.0332684
26031	0.79289	0.8757	0.97556	-0.189213
3033	1.0116	0.87489	0.73479	-0.12466
221711	0.86932	0.87391	NA	0.134944
3489	0.84384	0.87307	0.90631	0.135578
51136	0.798	0.87304	NA	NA
10567	1.0049	0.87288	0.73257	0.0806442
9790	0.69734	0.87065	1.088	0.108885
83548	0.81085	0.86999	0.924	NA
7775	0.64087	0.86982	1.131	0.121058
163051	0.78284	0.86949	0.94848	NA
5984	0.814	0.86848	NA	NA
4018	0.97299	0.86743	0.76283	0.062391
23463	0.96353	0.86724	NA	NA
50937	0.70135	0.86694	1.0514	NA
8649	0.74675	0.8661	1.0104	NA
79922	0.77823	0.86597	NA	NA
481	0.74496	0.86565	1.0108	-0.0237129
10162	0.88627	0.86547	0.84795	0.180956
125150	1.0159	0.86533	0.69767	-0.0244824
10093	1.0315	0.86523	NA	NA
10393	0.7188	0.8651	1.0211	-0.0324624
1196	0.74761	0.8624	NA	NA
4528	0.85722	0.86189	0.86591	0.0494778
64762	0.86591	0.8615	NA	NA
55806	0.59634	0.8612	1.2201	0.117968
497190	0.86973	0.86063	0.85831	-0.471999
90853	0.75146	0.86014	0.99013	0.0990356
11235	0.91553	0.8599	0.79561	NA
83594	0.70746	0.8594	1.0254	-0.163909
401541	1.0035	0.85924	0.7015	-0.0632447
143872	0.94429	0.85906	0.77526	-0.151945
23348	0.93919	0.85806	0.77948	-0.170701
135112	0.91136	0.85691	0.79802	0.0171745
54826	0.74778	0.85687	0.9531	NA
5786	1.0031	0.85581	0.69641	-0.0113149
65999	0.91975	0.85581	0.79684	0.143269
388021	0.77875	0.85576	0.94466	NA
7846	1.005	0.85518	0.68746	-0.0210008
131474	0.88014	0.85261	0.82195	0.0500023
8522	0.80206	0.85184	0.89866	NA
26058	0.65525	0.85094	1.0448	-0.027427
57511	0.95374	0.85055	NA	NA
1052	0.88238	0.85046	NA	0.327632
55167	0.70581	0.84993	0.97963	-0.0523634
57221	1.1189	0.84977	0.54186	0.0986598
10614	0.76023	0.84964	0.95989	0.108637
10564	0.70934	0.84936	1.01	-0.0675273
57562	0.89265	0.84869	0.81358	0.0243648
56256	0.61974	0.84849	1.1527	0.179977
57478	0.74232	0.84846	0.97799	0.11448
3785	0.92826	0.84797	0.77304	-0.213728
23300	0.8451	0.84638	NA	NA
83902	0.93746	0.8461	NA	NA
83786	0.76393	0.84533	NA	NA
7589	0.72947	0.84487	NA	NA
5527	0.93511	0.84428	0.75349	0.091708
83886	0.7911	0.84407	0.90164	NA
85453	0.63966	0.84342	1.0763	NA
51075	0.7952	0.84327	NA	-0.0304182
27166	0.98938	0.84237	NA	NA
9362	0.9883	0.84228	0.68988	0.0920015
90668	1.0367	0.8376	0.61534	-0.0444538
55282	1.0133	0.83643	0.63815	-0.127321
57558	0.89574	0.83582	0.7777	-0.0680465
339448	0.61346	0.83481	1.0646	NA
57599	0.91615	0.83451	0.7588	0.117251
1737	0.82561	0.8339	NA	NA
163486	0.60045	0.83366	1.1331	0.042607
50853	0.80593	0.83339	0.86843	-0.15153
5797	0.87372	0.83203	NA	0.023636
5889	0.83958	0.83178	NA	NA
10208	0.67257	0.83167	NA	0.178677
23333	0.8322	0.83102	0.83073	-0.201495
51149	0.6294	0.83079	1.0342	0.0982158
60468	0.70619	0.82947	0.93778	0.198509
6988	0.96345	0.82907	0.68062	-0.0872793
5768	0.74942	0.82845	0.92093	NA
7678	0.7378	0.82686	0.93654	-0.00470662
378708	0.96844	0.82534	0.67405	0.392098
80852	0.67143	0.82409	NA	-0.0543699
152485	0.97042	0.82349	0.68016	0.0371022
3081	0.87148	0.82339	NA	NA
257194	0.73624	0.82218	0.90368	0.181351
1855	0.92803	0.82198	0.72123	0.131916
131965	1.0488	0.8214	0.54507	0.0440736
10486	0.82583	0.82125	NA	0.384363
83605	0.78117	0.82106	0.87095	0.00879734
27032	0.92922	0.81872	0.70485	0.241563
8846	0.69906	0.81824	NA	NA
80195	0.93726	0.81791	0.69881	NA
55148	0.84819	0.81721	NA	NA
57787	0.88437	0.81685	NA	NA
4004	0.96636	0.81641	0.65595	0.0629409
9509	0.79319	0.81535	NA	-0.0467557
10929	0.68717	0.81515	0.96553	0.183386
3073	0.92895	0.81493	0.69746	NA
9043	0.73798	0.81492	NA	0.017756
1890	0.96961	0.81462	0.6457	0.00863969
8777	0.9697	0.81447	0.65003	-0.172331
147949	0.74354	0.81438	NA	NA
1565	0.86781	0.8141	NA	NA
7773	0.65192	0.81301	0.97523	0.117337
128	0.98441	0.81264	0.6328	-0.0142321
55565	0.75491	0.81179	NA	NA
11128	0.75524	0.81028	NA	NA
6697	0.82233	0.8082	0.79374	-0.113576
388569	0.7134	0.80601	0.89408	0.149192
5442	0.76941	0.80485	0.85053	NA
3762	0.84878	0.80376	NA	0.111642
10572	0.94097	0.8032	0.66212	0.0566855
283742	0.67976	0.80261	0.91642	NA
346157	0.80984	0.8024	NA	NA
1339	0.87899	0.80173	NA	NA
114609	0.61407	0.80057	1.0112	NA
285598	0.8893	0.79962	0.71176	0.0998742
326	0.81208	0.79868	0.78471	-0.335388
3884	0.81191	0.79829	0.78652	-0.196354
27255	0.85196	0.79804	0.73813	-0.229517
51233	0.91047	0.79783	NA	NA
2801	0.85398	0.79725	NA	NA
27165	0.58598	0.79703	1.0661	0.191569
3488	0.97807	0.79593	0.59985	-0.089103
2947	1.0034	0.7957	0.55773	0.0283049
4698	0.94288	0.79428	NA	NA
286343	0.62892	0.79393	1.0001	0.00154679
1742	0.86671	0.79366	NA	NA
8568	0.82436	0.79283	NA	NA
120103	0.67027	0.79219	NA	NA
7978	0.81813	0.79154	NA	NA
8447	0.93244	0.79102	0.63216	-0.137587
2888	0.88591	0.79065	0.68993	0.0785174
56888	0.70527	0.79015	0.89215	0.139888
127602	0.95574	0.78848	0.59549	-0.135266
6262	0.63468	0.78786	0.95849	0.296777
9314	0.76181	0.78751	NA	-0.15742
158427	0.67312	0.78747	0.88926	0.0406816
5869	0.76331	0.78548	NA	NA
430	0.96539	0.78546	0.57743	0.0807383
11281	0.58892	0.78511	1.01	0.157
57602	0.56832	0.78362	1.0248	0.0148996
158431	0.6506	0.78312	0.9018	0.107951
7584	0.58427	0.78302	0.9994	0.0761106
9922	0.58244	0.78213	1.0124	0.000933754
79035	0.72543	0.78163	NA	NA
9127	0.60693	0.7816	1.0005	-0.18536
94234	0.67828	0.78011	0.89658	0.0114494
79016	1.0687	0.77977	0.40898	0.0934326
7384	0.72841	0.77918	0.83767	0.0351585
114794	0.89884	0.77887	0.65699	0.156536
11051	0.8373	0.7783	NA	NA
54805	0.65676	0.77807	0.92226	0.0770147
57644	0.63452	0.77716	0.95679	0.0393372
51154	0.91952	0.77687	NA	NA
5743	0.67236	0.77539	0.88679	0.204612
23015	0.681	0.77526	0.86072	0.0975521
57338	0.91639	0.77378	0.61421	-0.0372235
253559	0.71894	0.77339	0.83491	NA
6723	0.93033	0.77224	0.58818	0.0122484
50939	0.69155	0.7721	0.86053	NA
55795	0.64484	0.77203	0.89071	NA
25972	0.74096	0.77179	NA	NA
402778	0.75612	0.77166	0.79075	-0.0605222
51076	0.83061	0.77156	NA	NA
23007	0.85816	0.77151	0.67623	-0.302174
55657	0.54751	0.77121	1.023	-0.0239659
57003	0.62903	0.7706	0.92803	0.0868855
6542	0.7681	0.77058	NA	NA
55330	0.76476	0.7695	NA	NA
2591	0.57436	0.76804	0.96803	NA
7045	0.85687	0.76658	0.67144	-0.257937
9709	0.63912	0.76645	0.91639	0.0881717
1314	0.72741	0.76569	0.80963	0.0130942
140688	0.96657	0.76533	0.54929	0.143944
29074	0.81441	0.76467	NA	NA
219771	0.94322	0.7643	0.56373	-0.0354575
55095	0.82931	0.76424	NA	NA
6015	0.54584	0.76415	0.99696	0.156293
27101	0.85995	0.76261	NA	NA
8867	0.70123	0.76212	NA	-0.0987161
50509	0.90375	0.76163	0.61129	NA
5587	0.82842	0.76161	0.69536	0.0676289
283237	0.82789	0.76159	NA	0.411817
11345	0.96031	0.76138	NA	NA
7555	0.67584	0.76105	NA	NA
2254	0.54715	0.76093	1.0404	-0.0806202
64083	0.53592	0.76074	1.0077	0.00860421
64216	0.4991	0.76066	1.0855	0.249686
114880	0.46587	0.76034	1.1748	0.123944
9107	0.8261	0.76005	NA	NA
203286	0.44503	0.75997	1.1714	-0.0971196
92558	0.69403	0.7587	0.82011	0.19977
5494	0.65636	0.75837	0.88269	0.154257
10723	0.80108	0.75831	NA	0.0856436
6921	0.91477	0.75675	NA	NA
83451	0.37345	0.75646	1.0902	0.0728397
55284	0.66589	0.75614	0.86052	NA
114898	0.79798	0.75602	0.71673	0.139139
137492	0.62538	0.75561	0.87837	NA
64431	0.73521	0.75523	NA	NA
642658	0.54638	0.7552	0.96324	-0.103352
51617	0.87797	0.75346	0.62577	0.149296
5016	0.37129	0.7534	1.163	0.0116139
4351	0.85552	0.75337	0.64166	-0.0538815
284069	0.92143	0.75282	0.56503	0.162989
57666	0.74669	0.75257	0.75915	0.206078
7266	0.82266	0.75244	NA	NA
129642	0.94367	0.75232	0.51806	-0.206645
64837	0.65655	0.75178	0.86516	0.188972
55585	0.79328	0.75124	NA	NA
339804	0.9033	0.75103	0.58803	0.355575
25903	0.82645	0.74897	NA	-0.011985
84937	0.87108	0.74896	0.62124	0.262394
81578	0.85221	0.74893	0.64308	-0.116841
154215	0.85558	0.74883	0.63898	-0.146932
3763	0.70362	0.74854	NA	NA
8440	0.5581	0.7483	0.92013	0.150437
24147	0.81074	0.74824	0.68055	0.00810995
56681	0.86526	0.74673	0.6182	NA
25874	0.74222	0.74501	NA	NA
79844	0.66643	0.74361	NA	NA
9372	0.48424	0.74288	1.0644	0.164217
64780	0.72501	0.74254	NA	0.144304
84456	0.72062	0.74244	0.76558	0.206607
5476	0.58998	0.74067	0.92068	0.052345
1537	0.69718	0.73964	0.79019	0.127249
138199	0.68622	0.73744	NA	NA
116135	0.92151	0.73743	0.53127	0.0222189
54682	0.56782	0.73576	NA	NA
25901	0.87845	0.73488	0.57935	-0.155578
55329	0.57961	0.73487	0.89562	0.0792931
2745	0.66295	0.73442	0.81804	0.229154
201266	0.8032	0.73384	0.66239	-0.185892
4249	0.65707	0.73353	0.82122	-0.00358169
79071	0.67756	0.7316	NA	NA
8985	0.67701	0.73134	NA	-0.337874
55959	1.0438	0.73097	0.36462	-0.137982
8678	0.56688	0.73074	0.91835	0.197999
25973	0.67821	0.72749	0.78344	0.255741
613	0.85771	0.72725	0.58268	0.0986633
25820	0.60857	0.72699	0.85059	NA
26122	0.56208	0.72656	0.86895	0.095766
154865	0.56365	0.7256	0.88624	0.130892
2830	0.79145	0.7245	0.65985	0.283644
81888	0.86908	0.72449	0.57603	-0.126284
132160	0.86639	0.72142	0.56321	0.0339076
2067	0.78795	0.72112	NA	NA
1456	0.64938	0.72043	NA	NA
2794	0.39425	0.72018	1.1327	0.114491
9100	0.69661	0.71934	NA	NA
55686	0.65345	0.71928	0.79502	-0.070479
9478	0.51381	0.71911	0.98303	0.13276
23326	0.81542	0.71896	NA	NA
6189	0.86941	0.7181	0.56376	NA
685	0.90909	0.71773	0.52484	0.27963
23492	0.57693	0.71718	0.86951	0.27859
645811	0.59219	0.717	0.83196	NA
6787	0.59185	0.71674	0.83745	NA
88745	0.7962	0.71664	NA	0.154934
5723	0.95032	0.71554	0.46699	NA
64795	0.49407	0.71475	0.91459	0.232089
405	0.59662	0.71464	0.83264	NA
8425	0.84571	0.71432	0.57918	0.0849844
653247	0.56705	0.71393	0.85543	0.245645
2115	0.73712	0.7122	0.68762	0.0475489
63826	0.86422	0.71115	0.54577	0.0315874
55831	0.81708	0.71114	NA	0.260427
122704	0.70857	0.7105	NA	NA
23351	0.65312	0.71049	NA	-0.0958543
65986	0.67887	0.71033	NA	NA
57563	0.65866	0.71011	0.77183	0.282685
2677	0.9546	0.70981	0.42337	0.136942
57545	0.75431	0.70923	NA	-0.189763
4649	0.65652	0.7083	0.76449	NA
79918	0.53265	0.70799	0.86355	0.141629
7173	0.8979	0.70767	0.50356	0.248733
3070	0.65881	0.70747	0.75519	0.166464
23518	0.59975	0.70674	0.80619	0.317837
4487	0.74826	0.70636	NA	0.120867
2495	0.82628	0.70622	0.57507	-0.0850249
9140	0.85892	0.7053	0.53478	NA
8428	0.72492	0.70512	NA	NA
158	0.9496	0.70485	NA	NA
3725	0.8767	0.70444	0.51002	-0.129662
125476	0.73325	0.70411	NA	NA
285093	0.85239	0.70393	0.53493	-0.0848707
5597	0.60578	0.70303	0.80831	0.347918
55170	0.8004	0.7026	0.6024	0.0706077
8490	0.71844	0.70184	0.68383	-0.0030383
9453	0.75038	0.70135	NA	NA
9060	0.6096	0.7009	0.79477	0.260723
100191040	0.69456	0.69987	NA	NA
157807	0.64897	0.69969	NA	0.203201
126119	0.69396	0.69967	NA	NA
593	0.70897	0.69946	NA	NA
25854	0.84639	0.69621	0.52819	0.0714836
91801	0.55095	0.69595	0.84942	0.124611
283254	0.66162	0.69562	0.7345	-0.142655
9771	0.62888	0.69503	0.77075	-0.0858755
9656	0.5839	0.69361	0.79871	-0.0404334
57590	0.74306	0.6933	NA	NA
11231	0.93705	0.69286	0.44616	-0.0565165
4665	0.60995	0.6921	NA	NA
2902	0.59414	0.69202	0.79861	NA
8682	0.90257	0.69176	0.4395	0.0176141
11057	0.84432	0.69172	0.52403	NA
1729	0.68195	0.69143	0.70195	0.296883
3673	0.64613	0.69115	NA	-0.409895
5178	0.51439	0.69054	0.85589	0.1286
10730	0.76682	0.69036	NA	NA
55631	0.64344	0.69008	NA	NA
80765	0.29947	0.69005	1.2438	0.0512593
3712	0.8036	0.68827	NA	NA
54961	0.33545	0.68768	0.982	-0.172823
84706	0.84463	0.68748	0.50855	-0.0690293
5867	0.72315	0.68669	0.64497	NA
11178	0.7137	0.68647	0.66204	0.161284
6376	0.69549	0.68542	NA	0.172867
80324	0.64449	0.68528	0.72676	0.152489
1325	0.85285	0.68466	0.50176	0.028204
733	0.75911	0.68406	NA	NA
84971	0.55908	0.68391	0.83505	0.11282
131405	0.81735	0.68356	0.5475	0.0859588
2987	1.0072	0.68336	0.30853	0.055957
29115	0.76536	0.68315	0.60208	0.121369
135114	0.74024	0.68169	0.6275	-0.135158
375189	0.60963	0.67751	NA	NA
221264	0.60912	0.67741	0.76079	-0.104404
9762	0.48682	0.67476	0.86547	0.422499
83475	0.65434	0.67471	NA	NA
85865	0.61498	0.6734	NA	NA
84872	0.47649	0.67262	0.89153	-0.00886786
64946	0.77482	0.67075	NA	NA
5565	0.6018	0.66917	NA	NA
2027	0.64872	0.66916	0.69471	-0.449211
7329	0.77282	0.66832	0.56193	0.0763679
56931	0.54797	0.66631	NA	NA
84304	0.57713	0.6658	0.77192	0.00158632
5733	0.91199	0.66571	0.39472	0.0141968
6489	0.48479	0.66508	0.87459	0.0384663
2739	0.89286	0.66454	0.42369	-0.00287062
11244	0.51006	0.66449	0.83664	0.0324777
4883	0.62874	0.66365	0.69875	0.196512
23450	0.81855	0.66135	0.49193	0.0921897
831	0.54783	0.66075	0.79577	-0.15661
22979	0.75324	0.66068	0.56625	0.202202
11201	0.78032	0.65928	NA	NA
3485	0.52724	0.65849	0.81385	0.0542086
285282	0.81829	0.65816	NA	NA
976	0.62073	0.65799	NA	-0.348011
54828	0.62314	0.65779	0.69767	NA
402117	0.63953	0.65774	0.67902	0.255805
81544	0.60989	0.65719	0.71064	-0.125113
129787	0.84929	0.65636	0.45687	0.0933929
51234	0.73091	0.65635	NA	NA
81035	0.68987	0.65632	NA	-0.170202
131118	0.8659	0.65533	0.43606	0.130931
10126	0.79752	0.65476	0.50503	0.173378
58487	0.42406	0.65464	0.87721	0.0821108
5564	0.57271	0.65359	0.74912	0.0293822
246269	0.60674	0.65343	NA	NA
63895	0.64436	0.65297	NA	NA
8323	0.36751	0.65236	0.95907	-0.117125
8174	0.50529	0.65182	0.83451	-0.0303616
84436	0.74071	0.65181	0.56387	0.184335
4706	0.76674	0.65068	NA	NA
284217	0.77614	0.65065	0.51259	-0.180067
728642	0.50387	0.64977	0.82691	0.0224583
10346	0.84606	0.64968	0.44116	-0.0726364
11343	0.69947	0.64895	0.59389	0.155163
84064	0.67632	0.64861	0.61697	0.0447591
28956	0.85217	0.6485	0.43545	-0.000539495
10113	0.77865	0.64765	0.50735	NA
5774	0.69141	0.64692	0.60518	0.624748
3293	0.65436	0.64653	NA	NA
65094	0.77095	0.64641	0.51294	0.0719644
28969	0.5974	0.64599	0.69785	0.458565
10286	0.86769	0.64481	0.42454	NA
84331	0.57053	0.64464	NA	NA
132864	0.77668	0.64419	NA	NA
5435	0.57822	0.64265	NA	NA
56936	0.38686	0.64199	0.8713	0.255485
84920	0.61057	0.64192	NA	0.0945414
7083	0.68064	0.64133	0.6062	0.137025
388341	0.58493	0.64045	0.70718	0.312944
471	0.76294	0.64016	NA	NA
4190	0.54375	0.63986	0.75183	0.13418
8685	0.73846	0.63985	0.53731	-0.109269
25807	0.50538	0.63848	NA	NA
222234	0.63214	0.63835	NA	0.302827
23408	0.51417	0.63819	0.78677	0.123105
7701	0.46353	0.63753	0.81393	NA
10329	0.69699	0.63731	0.57846	0.108582
375190	0.8619	0.63443	0.40265	-0.123114
3990	0.67532	0.63434	0.59169	-0.233162
79760	0.52716	0.63412	0.75996	0.178803
60526	0.80564	0.63347	0.44637	NA
2561	0.3395	0.63214	0.95804	0.265946
283576	0.56069	0.632	NA	NA
10365	0.51292	0.63092	0.76762	-0.177997
9898	0.60558	0.6309	NA	NA
25769	0.43933	0.63054	0.87086	0.0893228
116986	0.75253	0.63048	0.50143	0.0545471
3191	0.53095	0.62923	NA	NA
197335	0.46124	0.62838	0.78345	0.0429684
27341	0.84068	0.6282	0.36458	-0.0777866
9118	0.47284	0.62714	0.81746	0.138751
8065	0.49064	0.62682	NA	NA
283349	0.60247	0.62631	0.65281	-0.209243
154091	0.72111	0.6256	0.52702	-0.0635407
6612	0.98689	0.62532	0.20328	0.0564808
6875	0.28387	0.62458	0.9882	0.110024
79080	0.6988	0.62448	NA	NA
5646	0.75324	0.62392	0.49095	0.418997
6999	0.61328	0.62325	0.63402	NA
4192	0.83519	0.62127	0.39825	-0.286889
1763	0.40051	0.62104	0.81656	-0.0640091
23266	0.53855	0.61981	0.70995	0.110577
284443	0.49145	0.61883	0.76623	-0.0395643
285672	0.70155	0.61804	NA	0.0220751
10090	0.55384	0.61771	0.67924	0.335668
414919	0.70334	0.61624	0.52129	-0.259357
9311	0.56535	0.61567	0.66974	0.14381
92960	0.71294	0.61532	NA	NA
5091	0.57759	0.61531	0.65946	-0.174409
79767	0.55459	0.61503	0.68657	0.0348482
23299	0.48471	0.61472	0.76197	NA
11069	0.7591	0.61361	0.45439	0.14767
117143	0.62185	0.61341	0.60645	0.117986
7336	0.61168	0.61302	NA	NA
400916	0.5504	0.61297	0.6868	0.132777
89122	0.55718	0.61262	NA	NA
28965	0.68709	0.61207	NA	NA
4647	0.67855	0.61147	0.54581	0.451121
7566	0.56254	0.61052	NA	NA
221143	0.71739	0.6104	0.50335	0.0667708
160335	0.59157	0.61035	NA	-0.274902
92140	0.33352	0.60976	0.89259	0.182692
7292	0.51523	0.6097	NA	NA
51699	0.8291	0.6086	0.36944	0.131927
6472	0.56512	0.6081	0.65865	-0.152061
125228	0.66737	0.60804	NA	NA
64388	0.56394	0.608	0.65929	-0.247995
22904	0.53253	0.60546	NA	NA
5994	0.55504	0.60488	0.65224	-0.0258411
51308	0.52295	0.60359	0.69747	0.0177654
2678	0.48617	0.60327	0.72104	0.191924
23230	0.62078	0.60286	0.58978	NA
23304	0.43951	0.60206	0.74703	-0.072841
8633	0.56031	0.6011	0.64542	-0.14617
55532	0.72457	0.60084	0.46699	-0.120179
5034	0.70622	0.60061	NA	NA
51400	0.51019	0.60033	0.69549	0.176815
26953	0.50734	0.5994	0.70518	0.102813
4603	0.58578	0.59937	0.61603	-0.300706
23637	0.74385	0.59646	NA	NA
747	0.58961	0.59614	NA	NA
1113	0.27844	0.59583	1.0298	0.105482
283659	0.59079	0.59333	NA	NA
3084	0.49724	0.5929	0.70634	-0.113878
1002	0.75032	0.59267	0.42081	0.214017
255101	0.39425	0.59203	0.7907	0.0198858
27085	0.44753	0.59123	0.7253	0.155417
51550	0.78713	0.59091	0.37778	-0.12553
23109	0.72519	0.59088	0.44351	0.200094
10026	0.45884	0.59026	0.74574	0.0502883
165	0.61254	0.58976	0.57005	-0.313069
10554	0.6332	0.58953	NA	NA
28960	0.41636	0.5894	0.80434	0.153165
11103	0.55288	0.58924	NA	NA
9051	0.67985	0.58916	0.49051	-0.16634
127665	0.68783	0.58891	NA	NA
55779	0.81066	0.58866	0.34133	0.0931773
113457	0.72824	0.58855	0.44304	-0.0670304
123016	0.62896	0.58662	0.54507	0.247728
53342	0.72021	0.58636	0.44553	-0.0720353
56252	0.64959	0.58596	0.52402	0.117541
55090	0.35868	0.58583	0.78897	0.0817347
54665	0.46136	0.58557	0.70928	NA
55030	0.47056	0.58422	0.6865	0.13851
84557	0.71668	0.5837	0.43545	0.0406289
8892	0.51041	0.58293	0.66722	0.0363127
51478	0.65744	0.58262	NA	NA
23203	0.64233	0.58218	NA	NA
10775	0.70175	0.58198	NA	0.202235
153364	0.67251	0.58176	0.48854	0.108916
167681	0.74488	0.58119	0.39572	-0.105943
541468	0.50219	0.58096	NA	NA
4360	0.80872	0.58051	0.30726	-0.0101212
4436	0.49084	0.57828	0.6611	0.261217
55902	0.4792	0.57747	0.69076	-0.12045
389421	0.44119	0.57737	0.73474	0.264207
23223	0.50812	0.57695	0.65696	0.176011
513	0.55803	0.57601	0.59674	0.157209
56834	0.56687	0.57599	NA	NA
171568	0.66482	0.57535	NA	NA
7466	0.71154	0.57514	0.42411	0.0693136
10072	0.58963	0.57442	NA	NA
57523	0.69953	0.5743	0.43964	-0.152823
1509	0.6006	0.57364	NA	NA
84727	0.58591	0.573	0.56259	NA
201229	0.76641	0.5723	0.35239	0.0133721
3383	0.67021	0.57192	NA	NA
2044	0.62047	0.57129	0.52456	0.360353
8822	0.49788	0.57082	0.64543	0.233224
125488	0.14677	0.57033	0.97462	0.236672
81539	0.35687	0.57004	0.84144	0.0322178
54922	0.52253	0.56897	0.61868	0.450001
81033	0.44755	0.56857	0.71491	0.00782438
79650	0.53574	0.56821	0.60613	0.0921557
7718	0.33002	0.56761	0.86379	0.0469631
11101	0.70559	0.56727	0.41823	-0.167109
79937	0.62152	0.56715	0.51328	-0.326274
3292	0.6199	0.56644	NA	NA
7062	0.49664	0.56561	0.64543	0.10477
4598	0.52902	0.56485	NA	NA
29104	0.64652	0.56482	NA	NA
8449	0.37692	0.56478	0.77502	0.122752
6613	0.64434	0.5647	0.48601	0.143247
27294	0.64933	0.56367	0.47582	0.0802476
51382	0.67065	0.56153	NA	NA
5961	0.67076	0.56072	0.44662	0.265474
55706	0.57378	0.55961	NA	NA
84449	0.3573	0.55904	0.72016	-0.0619206
4045	0.52307	0.55816	0.59848	-0.134782
4208	0.4624	0.55815	0.64784	0.339829
4135	0.69323	0.55797	0.41618	NA
9991	0.60002	0.55681	0.51493	0.174269
401262	0.52411	0.55673	0.58846	0.106958
23386	0.52918	0.55632	NA	NA
285613	0.41695	0.55574	0.7252	0.0754102
124935	0.46362	0.55573	0.66066	NA
10219	0.67954	0.55527	0.42228	-0.156922
10490	0.87243	0.55467	0.20094	0.0426326
728464	0.30077	0.5537	0.82886	-0.0119805
54793	0.44912	0.55338	0.67899	0.0309568
7702	0.48472	0.55328	0.63543	0.0799685
7697	0.48243	0.55327	NA	NA
5875	0.53272	0.55233	NA	NA
3163	0.53789	0.55215	0.56877	-0.0521055
7694	0.5282	0.55186	NA	NA
80312	0.4178	0.55141	NA	NA
161394	0.68877	0.55122	0.3946	-0.0389846
2992	0.59554	0.55122	0.50285	-0.14569
794	0.65383	0.55022	0.44357	0.0826442
8763	0.59156	0.54978	0.50552	-0.23528
55364	0.7632	0.54959	0.29896	-0.250571
10100	0.71114	0.5491	0.36939	-0.342597
124583	0.60982	0.54814	NA	NA
2972	0.38445	0.54778	0.72252	NA
84154	0.56472	0.54721	NA	NA
65265	0.62182	0.54621	NA	0.00444632
23788	0.63009	0.5458	NA	NA
117145	0.3522	0.54558	0.75235	-0.169095
25914	0.57072	0.54523	NA	NA
11334	0.6631	0.54492	0.41981	0.154667
4067	0.70317	0.54462	0.36704	-0.0508104
284716	0.46757	0.54445	0.63438	0.00287495
2738	0.47432	0.54436	NA	NA
84152	0.66782	0.54385	0.42024	0.22468
56477	0.62517	0.54246	0.45805	0.30908
11189	0.62423	0.54237	0.45892	0.0445808
80774	0.61334	0.54167	0.46972	0.301075
51307	0.61861	0.54074	0.46161	0.199858
54914	0.46125	0.54046	0.63183	0.187616
64919	0.58634	0.53999	0.49052	-0.343613
81892	0.77	0.53976	0.31005	-0.000879286
140460	0.48006	0.53842	NA	NA
10400	0.6095	0.53727	0.45788	-0.0859901
26001	0.57212	0.53658	NA	NA
79609	0.38328	0.53636	0.71508	0.123944
51292	0.52137	0.53607	NA	-0.0153032
25924	0.68649	0.53442	0.36608	0.159006
11067	0.56034	0.53401	0.50507	NA
23235	0.52223	0.53359	NA	-0.181821
23019	0.44813	0.53228	NA	NA
84135	0.37033	0.53176	NA	NA
55898	0.46756	0.53139	NA	NA
84440	0.54479	0.53075	0.51858	0.242402
79133	0.33081	0.53065	0.77788	0.0735502
252839	0.80525	0.52985	0.23193	0.058842
255403	0.33058	0.5298	0.70436	0.0522003
54842	0.57028	0.52909	0.48901	0.0918247
775	0.42681	0.52894	0.63073	0.377939
3755	0.65276	0.52638	0.3872	0.02805
3422	0.65622	0.52595	0.38801	-0.0911273
84329	0.5775	0.52501	NA	-0.322819
3315	0.6387	0.52445	0.40289	-0.207628
2915	0.56641	0.52331	0.48177	0.137643
402	0.47829	0.52203	NA	NA
9715	0.35034	0.52146	0.73327	0.190004
5718	0.43505	0.5214	0.62392	0.0300658
119559	0.55208	0.52118	0.48701	-0.134946
54850	0.44803	0.52064	0.60133	NA
8050	0.54547	0.52048	NA	NA
3728	0.62605	0.51948	NA	-0.320628
64377	0.5103	0.51875	0.53072	-0.310478
55094	0.35407	0.51784	0.69324	NA
9847	0.41027	0.51778	0.61938	0.131219
2735	0.6	0.51689	0.43236	-0.0961318
114823	0.41212	0.51665	0.62669	NA
57709	0.55541	0.51627	0.47667	-0.226411
126382	0.50884	0.51408	0.52043	0.173716
221120	0.45481	0.51344	NA	NA
79912	0.32077	0.51284	0.73004	-0.155859
4682	0.50755	0.51213	NA	-0.0644966
79973	0.49637	0.51155	NA	NA
83862	0.70723	0.51092	0.31076	-0.111903
9702	0.38707	0.51067	0.62863	0.230337
51255	0.85125	0.51056	0.13787	0.0168495
2173	0.6768	0.50975	0.31503	-0.0310014
284618	0.52835	0.50959	NA	NA
51246	0.66225	0.50706	0.32925	0.0907702
154790	0.42464	0.50603	0.60078	-0.058976
80727	0.61186	0.50596	NA	0.281327
57104	0.46106	0.50594	0.55828	NA
4825	0.48477	0.50524	NA	NA
4832	0.50135	0.50481	NA	NA
57633	0.67602	0.50398	0.32425	-0.0772942
51143	0.41419	0.50218	0.59848	0.338166
2976	0.26369	0.50215	0.75581	0.0474191
153129	0.27859	0.50145	0.74712	NA
161835	0.62365	0.501	0.37713	0.160415
55219	0.391	0.49954	0.60781	NA
23263	0.18876	0.49951	0.87901	-0.00624782
54851	0.43017	0.49881	0.56799	0.128306
51669	0.57717	0.49796	0.41421	0.111492
5154	0.5471	0.49725	NA	NA
9630	0.50259	0.49673	0.49008	-0.149607
27348	0.52987	0.49667	NA	NA
23491	0.62923	0.49605	NA	NA
30010	0.62081	0.49547	0.3635	-0.0908116
4928	0.36308	0.49526	NA	NA
10982	0.53044	0.49488	NA	NA
23136	0.40564	0.4943	0.59362	0.145436
11066	0.26567	0.49394	0.73024	0.0119659
158135	0.3947	0.4933	0.60769	-0.139609
23418	0.60438	0.49293	0.37773	-0.177175
55805	0.45026	0.49198	0.53264	0.0122582
8836	0.4472	0.49131	NA	0.0510039
93974	0.68735	0.49071	NA	NA
3621	0.35651	0.49003	0.63151	0.253479
478	0.41975	0.48931	0.56774	0.132237
64921	0.50671	0.48821	NA	NA
79064	0.28303	0.48753	0.7353	0.194683
23603	0.61583	0.48722	NA	NA
10017	0.53187	0.48659	NA	0.273109
55088	0.32256	0.48628	0.67498	0.188368
9183	0.43439	0.48614	NA	NA
221037	0.3201	0.486	0.63637	0.11751
25911	0.71651	0.48549	0.24068	-0.0176967
5744	0.6266	0.48524	0.32663	0.0908727
53917	0.28155	0.48478	0.70556	0.120423
7511	0.47342	0.48325	NA	NA
27258	0.74502	0.48312	0.17454	0.0493584
83891	0.46235	0.48203	0.50653	-0.243507
79073	0.35997	0.48197	0.61256	0.220846
11245	0.51061	0.4818	NA	NA
10939	0.39897	0.48138	NA	NA
57630	0.70246	0.48042	0.19577	0.00460395
55327	0.3801	0.48014	NA	NA
26996	0.70321	0.48011	0.22117	-0.0122293
2862	0.64218	0.47963	0.31259	0.0784593
5046	0.44246	0.47956	0.52086	-0.439458
919	0.50916	0.47814	0.44866	0.251577
23360	0.34276	0.47809	0.61501	NA
90987	0.38115	0.47786	0.57175	0.0777377
55149	0.19771	0.47702	0.72458	0.0465818
114790	0.38554	0.47654	NA	-0.0614687
158038	0.46877	0.47626	0.48547	0.438224
6909	0.46804	0.47616	NA	-0.256246
6950	0.59376	0.47611	0.35106	NA
64147	0.42804	0.47574	NA	0.0610923
79622	0.51543	0.47562	0.43161	0.0995878
10391	0.38876	0.47558	0.57409	0.156517
4927	0.49828	0.47415	NA	-0.04131
79631	0.47326	0.47306	0.47543	-0.310382
1822	0.42861	0.47304	NA	NA
9945	0.36376	0.47259	0.58346	-0.0952146
7629	0.34763	0.47101	NA	NA
8195	0.64236	0.47077	0.29383	NA
5710	0.5894	0.46998	0.34038	-0.0124474
79072	0.34321	0.46936	NA	NA
10640	0.50423	0.46928	NA	NA
201931	0.51157	0.46849	NA	NA
23148	0.49921	0.46643	NA	NA
25957	0.36527	0.46628	0.56803	0.19385
23052	0.46142	0.4659	0.4704	-0.310034
6548	0.33639	0.46584	0.62103	0.244584
84726	0.49595	0.46244	0.42957	0.130745
5236	0.58418	0.46204	0.3352	NA
56147	0.36999	0.46168	NA	NA
23032	0.24935	0.46153	0.69696	0.140469
56953	0.20621	0.4613	0.80391	0.0798428
55552	0.4022	0.4612	0.52824	-0.10295
9445	0.60164	0.46102	0.30797	NA
341947	0.3869	0.46098	NA	NA
29099	0.60616	0.46096	0.30791	0.123864
1294	0.27994	0.46078	0.67757	-0.0237026
222662	0.51411	0.46057	0.40509	-0.0927548
79913	0.40044	0.46054	0.5202	0.232855
5326	0.3094	0.4583	0.6075	0.259607
55040	0.38174	0.45709	0.54507	0.0565697
11276	0.5314	0.45703	NA	NA
57162	0.59953	0.45639	0.30072	-0.0174829
5880	0.61821	0.45543	0.26668	0.0261959
283464	0.45257	0.45467	NA	NA
119587	0.41598	0.45377	0.49587	-0.339117
56107	0.46864	0.45357	NA	NA
9553	0.2361	0.45343	0.72121	0.147391
9470	0.40048	0.45334	0.51492	-0.0488823
9068	0.63711	0.45148	0.26301	NA
80210	0.4316	0.45064	NA	0.0989842
2850	0.56337	0.45009	0.33089	0.059365
283985	0.32565	0.44895	0.59014	0.155059
79816	0.51567	0.44846	NA	NA
54862	0.44944	0.44747	NA	NA
375056	0.24117	0.44745	0.68142	0.0469596
27230	0.62124	0.4472	0.25807	0.0767213
1388	0.30148	0.44683	0.59724	0.104833
25925	0.51486	0.44605	0.37699	0.0928173
10465	0.58034	0.44297	NA	NA
100131187	0.58841	0.44265	0.28196	0.103005
51027	0.55256	0.4408	NA	NA
31	0.44166	0.44052	NA	NA
56241	0.486	0.43992	NA	NA
3308	0.46821	0.43961	0.41009	-0.0220961
54551	0.35493	0.43855	0.53568	-0.00625869
128977	0.66686	0.4378	0.17468	0.00803378
8303	0.483	0.43682	0.38699	0.0311841
169270	0.38536	0.43598	NA	NA
122046	0.4344	0.4354	0.43953	-0.428209
79781	0.50956	0.4352	0.35906	0.0194807
9354	0.35513	0.43461	0.52435	-0.18772
6010	0.43804	0.43389	NA	NA
57176	0.41215	0.43386	NA	0.00483433
51742	0.27486	0.43357	NA	NA
23093	0.33815	0.43272	0.53298	NA
7004	0.26812	0.43147	0.62906	NA
3350	0.61004	0.4314	0.21933	0.128516
23063	0.31733	0.43133	0.54023	0.0647058
53405	0.5011	0.42928	0.35502	-0.145442
23357	0.46532	0.42842	NA	-0.156629
147645	0.62861	0.4281	0.20182	-0.0714402
220929	0.49121	0.42555	0.35878	-0.204603
9275	0.42417	0.42532	0.42662	NA
5682	0.57388	0.42471	NA	NA
5126	0.42077	0.42447	0.42898	-0.051114
5533	0.18922	0.42302	0.6834	0.0544898
221074	0.53572	0.42143	0.30084	-0.0913669
11132	0.45378	0.42124	NA	NA
4879	0.2948	0.42077	NA	NA
58500	0.22512	0.42054	0.59888	0.108661
200879	0.54421	0.42046	0.2898	0.307253
90634	0.32238	0.41971	0.51078	0.239498
6647	0.53415	0.41836	0.29588	0.00855146
64748	0.66083	0.41801	0.10771	0.113779
91227	0.34133	0.41688	NA	NA
84908	0.47914	0.41621	0.34817	NA
3196	0.38445	0.41592	0.45119	0.176608
92	0.48166	0.41561	0.34746	0.147479
245937	0.47334	0.41499	NA	NA
5870	0.37912	0.41432	NA	NA
57150	0.31428	0.41432	NA	NA
4055	0.36685	0.4137	NA	NA
2110	0.53625	0.41368	0.28202	-0.0993127
7450	0.34879	0.41357	0.4846	-0.114409
7037	0.46143	0.41286	0.36087	0.0023906
100132911	0.37689	0.41214	NA	-0.0114153
219	0.35541	0.41203	0.47699	-0.10888
10777	0.26732	0.41175	0.54483	0.19027
54596	0.32314	0.4113	NA	NA
285600	0.37816	0.41112	0.44435	0.119084
7733	0.26288	0.41109	0.55306	0.175112
114799	0.05687	0.41019	0.842	-0.0414883
80851	0.28945	0.41016	NA	NA
8556	0.46817	0.4097	0.35031	-0.218151
311	0.5207	0.40915	0.29053	0.0915278
7156	0.29691	0.40849	NA	NA
1396	0.51019	0.40808	NA	NA
284098	0.26212	0.40792	0.57491	NA
1286	0.3342	0.40748	0.48899	-0.14356
51126	0.44164	0.4065	NA	NA
4122	0.27065	0.40648	NA	-0.266973
4287	0.28762	0.40587	0.53512	-0.0831376
9097	0.53115	0.40493	0.27272	-0.0319101
63933	0.67389	0.40387	0.095115	-0.0509939
161742	0.51642	0.40342	0.27952	0.00207146
54876	0.31698	0.40282	0.48844	-0.106902
63924	0.38409	0.40275	0.42351	NA
10631	0.25693	0.40168	0.57142	0.141573
205	0.60865	0.40167	0.14664	-0.0869587
100861412	0.29959	0.40133	0.50641	0.235141
22868	0.33011	0.40072	NA	NA
79658	0.34288	0.40047	0.46275	0.25274
129530	0.28098	0.4002	0.53138	NA
162963	0.44863	0.4002	NA	NA
85013	0.57039	0.39872	0.21005	-0.250085
284058	0.17965	0.39662	0.61297	-0.0137093
256949	0.25645	0.39645	0.55742	-0.0931459
54462	0.52501	0.39454	0.26062	-0.0616296
8863	0.31785	0.39412	0.46651	-0.152412
8618	0.41868	0.39409	0.36883	0.0300265
26019	0.24611	0.3928	0.52686	NA
10036	0.30323	0.39225	0.49611	0.0925345
8833	0.33864	0.39222	0.45152	-0.0149947
23484	0.28471	0.39195	0.51793	-0.00192975
81894	0.32862	0.39192	NA	NA
2589	0.40985	0.39119	NA	NA
84071	0.4911	0.39049	0.28751	0.0684177
11079	0.55454	0.39045	0.21338	-0.0930324
10891	0.25505	0.38989	0.55479	0.0305019
8030	0.59705	0.38981	0.16565	0.184624
10558	0.53921	0.38953	NA	NA
23016	0.54373	0.38948	NA	NA
6596	0.12699	0.38913	0.65712	-0.0548819
2894	0.29909	0.38773	0.49052	-0.283819
6484	0.33909	0.38754	NA	NA
8614	0.34549	0.38741	0.43492	NA
6495	0.35721	0.38741	0.42216	NA
54749	0.41393	0.3871	0.35781	0.122314
57498	0.57642	0.38616	0.18447	-0.0587254
2948	0.46353	0.38602	NA	NA
1163	0.52016	0.38519	0.23808	-0.186434
79791	0.3316	0.38513	0.44518	0.212137
10769	0.3281	0.38431	0.43942	0.149087
143282	0.52262	0.3842	0.22889	-0.19425
222962	0.48924	0.38351	0.26917	0.04088
83546	0.59006	0.38338	0.14886	0.0349463
51804	0.22497	0.38333	0.57927	0.0140958
23155	0.42088	0.38308	NA	NA
386618	0.52416	0.38287	0.2261	0.133524
387263	0.28775	0.38212	NA	NA
6253	0.29973	0.38119	0.47443	0.115443
51097	0.52713	0.38081	0.23352	-0.252649
284184	0.68818	0.38062	0.022583	0.0493717
285989	0.33002	0.3805	0.4306	0.0120011
9698	0.40787	0.38048	NA	0.267025
55744	0.43062	0.38011	NA	0.0668751
10120	0.18407	0.37928	0.60819	0.358572
925	0.51805	0.3792	0.22784	0.261087
6676	0.16079	0.37899	0.66299	0.025353
2155	0.31541	0.37843	0.45066	0.0629864
54883	0.25511	0.37809	NA	NA
137886	0.42076	0.37728	NA	NA
83873	0.22341	0.37722	0.55098	0.281389
999	0.44536	0.37583	NA	NA
2048	0.22283	0.37486	0.5553	-0.169257
22913	0.27941	0.37477	0.48522	0.0695572
4986	0.54016	0.37466	0.20687	-0.166924
145748	0.032945	0.37361	0.72311	0.0912918
26054	0.4536	0.37318	NA	-0.218143
3064	0.47516	0.37317	NA	NA
9670	0.42819	0.37276	NA	NA
57606	0.27626	0.37276	0.4846	NA
23071	0.10457	0.37269	0.63372	0.142326
805	0.46486	0.3725	NA	NA
23076	0.30465	0.3721	NA	NA
55175	0.13528	0.372	0.60593	0.0603306
81609	0.32571	0.37187	0.42562	-0.0524739
220	0.2447	0.36944	0.5133	0.0597401
9748	0.29552	0.36774	NA	NA
91252	0.13949	0.36755	0.66132	-0.123821
78994	0.23499	0.36715	0.50386	0.163454
3155	0.6754	0.36695	0.054018	-0.196249
54956	0.25796	0.36693	0.47746	NA
9781	0.20914	0.36674	0.51525	0.0241289
147923	0.27017	0.36529	NA	NA
151525	0.30448	0.36402	0.42255	-0.0280694
5214	0.30095	0.36371	NA	-0.0425839
79754	0.15136	0.36345	0.6376	0.149265
2098	0.59077	0.36318	0.12269	0.0724516
146439	0.29541	0.36283	0.43893	0.0714212
51332	0.26974	0.36278	0.47025	-0.182588
27347	0.37632	0.36125	0.34492	-0.121642
822	0.55062	0.36109	0.13362	-0.149575
6659	0.42678	0.36058	0.29332	0.125709
84656	0.33024	0.35906	NA	NA
2079	0.52412	0.35843	0.1733	-0.0374212
55129	0.40071	0.35834	0.31498	-0.0244811
646962	0.29911	0.35811	NA	NA
1289	0.20654	0.35801	0.5063	0.289513
127262	0.49071	0.35746	NA	NA
4199	0.60501	0.35738	0.11902	0.0227669
27087	0.47482	0.3573	0.23167	0.0724671
5332	0.25268	0.35714	0.47891	0.0389956
259217	0.3174	0.35605	0.39855	0.0977934
23384	0.26905	0.35599	0.45705	-0.043082
51763	0.50077	0.35591	0.19732	-0.140159
5866	0.42817	0.3535	0.27703	NA
5542	0.17453	0.35144	0.52599	0.221668
8853	0.29559	0.35067	0.41499	-0.0264051
2632	0.34467	0.34868	0.35291	-0.33067
10785	0.2871	0.34698	NA	-0.00749575
157769	0.24079	0.34581	NA	NA
9943	0.15446	0.34485	0.5555	-0.0231386
4968	0.50936	0.34477	0.15599	0.15786
54970	0.32952	0.34476	NA	-0.214256
6832	0.26414	0.34312	NA	NA
261734	0.24379	0.34259	NA	NA
6016	0.43667	0.34221	0.23998	-0.347148
29942	0.38479	0.34088	NA	0.151367
10293	0.40442	0.34037	0.27389	0.0404201
648791	0.46237	0.34027	NA	NA
285368	0.16826	0.34027	0.54743	0.142568
339327	0.067433	0.34024	0.62223	-0.123628
57621	0.28758	0.33955	NA	NA
64221	0.41303	0.33866	NA	-0.38828
286075	0.24752	0.33863	NA	NA
29126	0.21985	0.33852	0.48083	0.0688012
1198	0.084944	0.33847	0.63547	-0.0525228
10194	0.25085	0.33825	0.42689	0.359819
64145	0.46466	0.33791	NA	NA
85021	0.052004	0.33774	0.67948	0.0571966
5819	0.4471	0.33726	NA	NA
7386	0.49199	0.33722	0.17885	0.0631689
29127	0.10239	0.33608	0.62674	0.0693043
26586	0.2652	0.33583	0.4167	-0.054187
4486	0.30046	0.33467	0.37101	0.305499
50861	0.42962	0.33426	NA	NA
375323	0.27619	0.33403	NA	NA
56674	0.39612	0.33343	NA	NA
6827	0.51649	0.33316	NA	NA
10204	0.47969	0.33314	0.17612	0.0371946
5701	0.34441	0.33182	NA	0.012882
9926	0.23304	0.33097	0.43345	0.0183727
390197	0.34248	0.33091	NA	NA
168455	0.36686	0.33067	0.29359	0.0392532
85456	0.43066	0.33035	NA	NA
78999	0.30256	0.33018	0.35938	0.302145
1717	0.42209	0.33016	0.23245	NA
79155	0.36994	0.33006	NA	-0.154643
29954	0.089709	0.32705	0.57537	NA
51222	0.45636	0.32669	0.19057	-0.0668326
8886	0.28654	0.32547	NA	NA
7376	0.18505	0.32464	0.48621	-0.0195566
4609	0.22421	0.32431	0.44005	-0.149488
55809	0.14139	0.32388	0.51779	0.265559
326624	0.19222	0.32383	0.4806	-0.0746743
285590	0.42451	0.32279	0.21295	-0.162856
8825	0.22694	0.32209	0.42002	0.296785
79039	0.43917	0.32121	0.19371	0.227249
1740	0.52712	0.31942	0.068536	0.0206846
284371	0.22813	0.31878	NA	NA
22846	0.38784	0.318	NA	NA
55125	0.065872	0.31798	0.5612	-0.0424645
9880	0.20165	0.3177	0.44058	0.179631
9588	0.51846	0.31749	0.082672	-0.0574537
90459	0.25999	0.31745	NA	NA
84681	0.42399	0.31685	0.2033	NA
2113	0.14011	0.31657	0.50941	NA
4744	0.23171	0.3143	0.40878	-0.017239
25900	0.12374	0.3142	0.55973	0.110266
143384	0.53371	0.31408	0.059189	0.0362204
753	0.24871	0.31362	0.38457	-0.083601
79720	0.39734	0.31289	0.22314	0.0465798
120534	0.38679	0.31194	NA	NA
11194	0.34453	0.31071	NA	NA
10716	0.089727	0.3107	0.56932	0.175206
157506	0.46542	0.30988	0.14811	-0.121041
84690	0.25691	0.3097	0.3703	0.0451186
91283	0.30812	0.30897	NA	-0.00139577
23353	0.19535	0.30896	0.42122	0.115302
26574	0.32801	0.30889	0.28856	-0.226538
116461	0.11621	0.30837	0.48947	-0.145881
64236	0.33269	0.30808	0.2826	-0.299721
153396	0.22167	0.30643	NA	NA
6717	0.47379	0.30619	0.13235	-0.03648
8545	0.2711	0.30601	NA	NA
5686	0.4418	0.3056	NA	NA
57697	0.18388	0.30519	0.44214	NA
8436	0.25287	0.30413	0.36018	NA
147658	0.2944	0.30372	NA	0.129252
387103	0.50255	0.30351	0.053795	0.0917841
25953	0.23289	0.30347	0.38487	0.0973176
284106	0.43933	0.30213	0.15417	0.0122292
83694	0.22077	0.30209	NA	NA
29958	0.54138	0.30206	0.053869	-0.041829
6450	0.5288	0.30204	0.052528	0.0771758
3861	0.38259	0.30123	0.21635	-0.0852975
134548	0.42209	0.30097	0.16864	0.226546
353149	0.40906	0.30071	0.18244	0.0228778
55250	0.20111	0.29904	0.39492	NA
153733	0.40667	0.29881	0.1795	-0.0731638
7621	0.19479	0.29869	NA	NA
6426	-0.00026461	0.29788	0.54791	0.0147475
11251	0.25441	0.29781	0.34659	0.0497764
126393	0.24511	0.2976	0.35735	0.000417564
90525	0.36806	0.29734	0.22274	0.0432134
414899	0.31475	0.2967	NA	NA
206358	0.14066	0.29653	0.45797	-0.0283493
145389	0.13942	0.29597	NA	NA
163115	0.19823	0.29572	0.39358	0.111925
138716	0.31428	0.29234	0.26912	0.0475903
1739	0.18827	0.29231	NA	NA
80351	0.31822	0.29111	0.26422	-0.0985591
27102	0.2118	0.29068	NA	NA
20	0.27457	0.29004	NA	NA
8324	0.35835	0.28881	0.21543	-0.388592
6208	0.44524	0.28877	NA	NA
57142	0.22661	0.28863	0.35585	0.571183
55183	0.19646	0.28847	0.37881	-0.0209174
5927	0.1994	0.28815	NA	NA
27242	0.27939	0.28712	0.29582	-0.307825
57168	0.34565	0.28618	0.22558	0.342157
9858	0.36492	0.28386	0.20046	0.0354024
221078	0.33098	0.28386	0.23551	0.0415896
257407	0.27877	0.28341	NA	NA
7541	0.25096	0.2831	NA	NA
9377	0.29018	0.2823	NA	NA
55379	0.20313	0.28179	0.37238	0.105273
10658	0.25349	0.28175	0.31157	0.320133
55759	0.2304	0.2816	NA	NA
130940	0.39787	0.28102	0.14991	-0.00888623
1875	0.41629	0.28061	0.12682	0.104076
23064	0.16238	0.28056	NA	NA
891	0.2478	0.27945	0.31476	0.107692
64137	0.16488	0.27842	0.40963	-0.01732
25941	0.27986	0.27647	0.27316	0.090715
54908	0.32054	0.27639	NA	0.118125
2175	0.17129	0.27612	0.38333	0.055139
441869	0.17351	0.27506	0.38479	0.132235
9209	0.14302	0.27306	NA	NA
55662	0.21208	0.27272	NA	NA
55876	0.1479	0.27204	0.40032	0.226172
64215	0.37844	0.26999	0.16244	-0.0061147
6004	0.16783	0.26978	NA	-0.0326115
323	0.25674	0.26937	NA	-0.240608
54617	0.1981	0.2692	NA	NA
59271	0.24544	0.26845	NA	NA
124540	0.42194	0.26749	0.097185	-0.114132
80028	0.39392	0.26733	0.13729	NA
113246	0.18544	0.26696	0.35668	0.168988
55605	0.18064	0.26686	0.36269	-0.0100491
23051	0.25038	0.26517	NA	NA
51690	0.49168	0.26499	0.029134	0.0323388
7360	0.25261	0.26464	0.27808	0.120794
126129	0.37689	0.26457	0.13997	0.0363361
390	0.36255	0.26393	NA	NA
128218	0.24459	0.26301	NA	-0.350768
11133	0.33692	0.26262	NA	NA
259289	0.084101	0.26218	0.4242	-0.101711
113510	0.099831	0.26168	0.44054	0.050389
23612	0.22481	0.26022	0.29997	-0.16143
2949	0.42392	0.25967	0.081277	0.0706063
8501	0.1718	0.25872	NA	NA
51022	0.15426	0.25861	0.37949	-0.049475
25873	0.40623	0.25856	0.093607	0.0148893
200232	0.19616	0.25819	NA	0.0178451
58517	0.18377	0.25797	0.3344	0.118705
65977	0.30636	0.25733	NA	NA
5270	0.30634	0.25394	NA	-0.108248
642597	0.16944	0.25281	0.34633	-0.0150688
5018	0.19476	0.25268	0.31834	NA
55252	0.33874	0.2524	NA	-0.193978
144811	0.18981	0.25233	NA	NA
23236	0.025053	0.25231	0.5277	0.255447
84258	0.17771	0.25055	0.33387	0.055318
59286	0.52931	0.25035	-0.071133	0.0257459
25788	0.079701	0.25031	0.45945	0.104446
55331	0.15627	0.25025	0.35091	-0.167412
7791	0.059135	0.25005	0.49345	0.0831664
56731	0.38046	0.24983	0.10857	-0.102554
27030	0.17837	0.24959	NA	NA
127845	0.38747	0.2493	0.087843	-0.079954
1390	0.52539	0.24872	-0.02615	-0.133003
54969	0.20161	0.24848	NA	NA
83607	0.16298	0.24785	NA	NA
3060	0.17283	0.24639	NA	NA
11056	0.15547	0.24593	0.34726	0.0118323
391123	0.24295	0.24516	NA	NA
55032	0.14218	0.24496	NA	NA
150290	0.32216	0.24463	0.16204	-0.104623
151056	0.40616	0.2441	0.054699	-0.0200417
342667	0.098393	0.24407	0.41933	-0.0897816
57572	0.30987	0.24214	NA	NA
51157	0.36618	0.23997	0.10497	-0.124201
148979	0.074272	0.23802	0.4067	0.0998363
23545	0.036853	0.23799	0.46601	-0.159211
65249	-0.087001	0.2379	0.63467	0.0283108
55839	0.26297	0.2378	NA	-0.0857574
518	0.21549	0.2374	NA	NA
670	0.51083	0.23704	-0.057125	-0.0419271
64421	0.085475	0.23573	NA	NA
64858	0.36975	0.23558	NA	NA
1380	0.27582	0.23511	NA	NA
22841	0.087068	0.235	0.38398	NA
2690	0.32644	0.23465	0.13717	0.0616269
440193	0.36155	0.23452	NA	NA
171177	0.1541	0.23418	0.32375	-0.130232
116832	0.37239	0.23412	0.082696	0.247753
50964	0.065114	0.23408	0.43772	0.144954
1635	0.40548	0.2338	0.051248	0.0737314
480	0.11392	0.23373	0.36975	0.0670298
7148	0.059971	0.23366	NA	0.0481599
619208	0.59085	0.23264	-0.1091	-0.0896155
374786	0.29431	0.23248	NA	NA
80031	-0.030927	0.23235	0.46329	0.0408432
163933	0.19837	0.23233	0.27	0.102299
5291	0.0085799	0.23193	0.50217	0.0455214
3556	0.0069193	0.22978	0.43712	0.154071
6904	0.40025	0.22964	NA	NA
374470	0.31399	0.22937	0.13779	0.0610313
6503	0.53758	0.22892	-0.13693	-0.106066
6389	0.14882	0.22862	0.31857	0.0768765
79634	0.30506	0.2268	0.14244	NA
79805	0.16006	0.22634	0.29958	-0.304693
54619	0.096637	0.226	NA	NA
56138	0.10723	0.22562	0.35159	NA
3313	0.30503	0.22491	0.1417	NA
56648	0.042454	0.22433	0.44762	0.0034141
2109	0.41972	0.22396	0.026026	-0.170328
10309	0.051806	0.22352	0.39475	0.230199
399474	-0.10154	0.22339	0.60846	NA
5793	0.33891	0.22271	0.09189	0.247646
84138	0.32998	0.22269	0.10911	-0.311426
55257	0.0093912	0.22245	0.45181	0.044444
5612	0.24651	0.22227	NA	NA
55679	0.31389	0.22179	NA	-0.251411
388536	0.30275	0.22076	0.13283	0.0612495
55118	0.14297	0.22073	0.30834	-0.0672592
23041	0.065713	0.21846	0.37498	NA
7486	0.24477	0.21766	0.1906	-0.0919206
641	0.25731	0.21696	0.17709	0.198695
9246	0.3905	0.21695	0.025043	0.0358151
29088	0.1678	0.21672	0.27176	0.0710113
51599	0.18782	0.2156	NA	NA
147965	0.21783	0.2153	NA	NA
421	0.25148	0.2151	NA	0.120736
27295	0.33549	0.21504	0.080296	-0.337897
9020	0.068122	0.21503	0.38248	-0.17874
25891	0.3394	0.21463	0.078147	-0.000753025
54843	0.37602	0.21379	0.028997	0.126036
57624	0.22885	0.21327	0.19759	0.102325
2555	0.34841	0.21275	0.064102	0.1124
80055	0.3348	0.212	0.071004	-0.149769
84899	-0.034997	0.20962	0.47078	0.0845141
399967	0.1111	0.20838	0.30966	0.240918
401647	0.14517	0.20822	0.27824	-0.0727634
152518	0.041711	0.20803	0.3795	NA
57687	0.33737	0.2076	0.073804	-0.29144
91272	0.31478	0.20675	NA	NA
8727	0.10419	0.20605	0.31428	0.292598
8707	0.20324	0.20596	NA	-0.103653
342908	0.13143	0.20511	NA	NA
121260	0.052639	0.2051	0.38322	-0.0421807
10794	0.097464	0.20499	NA	NA
51460	0.14861	0.20405	NA	NA
11200	0.16359	0.2038	0.24814	-0.0668936
53353	0.40173	0.20359	-0.005033	-0.182094
25821	0.17902	0.20351	NA	NA
4848	0.10744	0.20255	NA	NA
22796	-0.057531	0.20066	0.50672	0.137265
221061	0.16784	0.19993	NA	-0.048983
220002	0.24812	0.19963	NA	NA
1647	0.14384	0.19929	NA	NA
54329	0.046949	0.1992	0.36724	-0.074408
126231	0.193	0.19767	NA	NA
219699	0.2013	0.19698	0.19232	NA
4799	0.12438	0.19586	NA	NA
56848	0.12858	0.19522	0.27028	-0.103462
122773	0.055423	0.1952	0.33005	NA
55345	0.067975	0.19513	0.32102	-0.032966
55671	0.055015	0.19386	0.32773	-0.0558777
902	0.41376	0.19309	-0.030671	-0.0860389
54982	0.069596	0.19251	0.33577	0.0403094
93664	-0.036533	0.19165	0.48326	0.208103
253982	0.2413	0.18987	0.13456	NA
6915	0.41677	0.18984	-0.042139	-0.0627133
3176	0.29308	0.18845	0.07407	-0.186605
2532	0.2235	0.18823	0.15291	0.343167
84900	0.12414	0.18706	NA	NA
10290	0.16387	0.18686	0.21084	0.215966
1463	0.30468	0.1866	0.057496	-0.0101943
149563	0.10557	0.18607	0.27741	-0.00872705
309	0.13827	0.18606	0.23779	0.177305
55791	0.10249	0.18598	NA	NA
5644	0.29403	0.18524	0.077025	0.32519
5321	0.16335	0.18408	0.20658	0.217525
79447	0.085151	0.18188	0.28207	-0.129941
50865	0.33602	0.18173	-0.0013263	-0.230853
3841	-0.037116	0.18161	0.39865	0.12198
5001	0.23855	0.18159	NA	NA
64854	0.22585	0.18158	0.13611	NA
26039	0.079543	0.18128	NA	NA
90550	0.042048	0.1809	0.31951	0.0368929
4696	0.32571	0.18073	0.034391	NA
2917	0.14079	0.17937	0.2184	0.535677
23616	0.1026	0.17848	0.26238	0.110204
55120	0.24333	0.17807	0.10858	-0.00256858
5192	0.40713	0.17703	-0.081887	-0.019383
55656	-0.1955	0.17636	0.54685	0.111182
3776	0.36493	0.17577	-0.052346	-0.0889658
387893	0.18406	0.17347	NA	NA
5885	0.29405	0.17299	NA	NA
130827	0.23321	0.17278	0.10871	-0.234687
23769	0.41001	0.1724	-0.082134	-0.166797
219899	-0.082547	0.17176	0.40358	-0.122243
342898	0.24137	0.17154	NA	NA
126208	0.072908	0.17138	0.27533	0.169884
22873	0.20788	0.16936	NA	NA
6132	0.29289	0.1693	NA	-0.0482479
320	0.26911	0.16898	0.062889	0.238914
80124	0.030249	0.16737	0.30487	NA
1849	0.094767	0.16708	0.24338	0.0963452
5216	0.11394	0.16604	0.22356	0.142192
219527	-0.018608	0.16581	0.35138	NA
358	0.18375	0.1652	0.14696	-0.465295
55720	0.22926	0.16414	0.095758	NA
29028	0.028098	0.16376	0.28859	-0.0274426
2675	0.024395	0.16344	0.32357	0.0538238
9946	0.41727	0.1629	-0.1271	0.049917
11129	-0.045872	0.16255	NA	NA
79078	0.51484	0.16249	-0.27342	-0.0873638
149986	0.13031	0.16246	NA	NA
5362	0.035748	0.16195	0.30327	0.273845
51564	0.051501	0.16148	0.27281	-0.0353093
4149	-0.048966	0.16099	0.37873	-0.092749
5930	0.10005	0.15934	NA	0.141755
81610	0.048654	0.15929	0.28568	0.0639194
5898	0.28961	0.15783	0.016014	NA
5713	0.22362	0.15617	NA	NA
56998	0.21574	0.15608	0.092054	-0.299226
947	0.14499	0.15597	NA	NA
4144	0.027331	0.15584	NA	NA
165215	0.34275	0.15543	-0.074131	0.0396187
28955	0.056811	0.1553	0.26958	0.0173863
7101	0.28328	0.15508	0.017521	0.0162305
79144	0.37211	0.15439	-0.075456	-0.12592
254263	0.35269	0.15421	-0.082488	0.0930737
83544	0.2444	0.15406	0.054743	-0.0305541
79828	0.23945	0.15276	0.060899	-0.37593
81688	0.15571	0.15188	NA	NA
6480	0.29166	0.15183	0.0056559	0.0283128
23590	-0.092252	0.1516	0.41241	0.090757
23237	-0.064684	0.15155	0.41102	0.167937
51193	0.074497	0.14961	NA	NA
7019	-0.074438	0.14885	0.43686	0.0825663
2582	0.0092199	0.14874	0.30677	0.295774
10732	0.22656	0.14844	0.063951	-0.217227
11124	0.086431	0.14724	NA	NA
84259	0.30291	0.1472	-0.020793	-0.0303889
109	-0.027729	0.1468	0.33399	0.0473823
79641	0.13154	0.14628	NA	NA
10966	0.26472	0.14581	0.0161	0.0705054
3050	0.27126	0.14567	0.0071185	0.126826
10284	0.26349	0.14549	0.023481	-0.019863
150	0.062329	0.14478	0.22996	0.0149112
147687	0.0037337	0.14426	NA	NA
129080	0.31775	0.14423	-0.053455	-0.0997886
51057	-0.12233	0.14402	0.43646	-0.187431
83940	0.28114	0.14301	0.0025669	-0.0895413
55851	0.3806	0.14257	-0.11235	-0.0675986
10886	0.17179	0.13857	0.10549	-0.107207
57472	-0.018113	0.13836	NA	0.243446
84268	0.32071	0.13795	-0.040417	-0.0800002
2797	0.12657	0.13784	NA	NA
80318	0.20474	0.13752	NA	NA
64838	-0.023792	0.13698	0.33253	0.128878
728888	-0.0029547	0.13625	0.28148	NA
123872	0.31546	0.13567	-0.068597	NA
54112	0.26133	0.13534	-0.0087517	0.169181
100287932	0.17667	0.13413	NA	NA
56946	-0.13039	0.13378	0.37871	-0.010949
889	-0.12367	0.13359	0.35591	-0.0759468
6160	0.26142	0.13313	NA	0.0813919
201627	-0.13995	0.13307	0.42603	-0.227124
23067	-0.005601	0.13265	0.27841	NA
6895	-0.024653	0.13176	0.30816	NA
25963	0.023897	0.13129	NA	-0.332997
27145	0.2655	0.1283	-0.02631	-0.186005
966	0.095998	0.12825	0.16352	-0.011615
1499	0.075371	0.12783	0.18004	0.165472
93587	-0.010034	0.12756	0.28668	-0.0588335
5714	0.24202	0.12732	NA	0.273118
51582	0.24315	0.1273	-0.0026498	0.0720696
57132	0.29003	0.12634	-0.050544	0.0456653
100287171	-0.042596	0.12601	0.31568	-0.02662
23435	-0.12966	0.12593	0.42253	0.0979289
132851	0.25474	0.12531	NA	0.0867834
29090	0.12757	0.1253	NA	-0.0588419
147372	0.27643	0.12518	-0.029976	-0.215712
10224	-0.018551	0.12457	0.27576	NA
80177	0.075164	0.12414	0.1764	-0.267556
83852	0.11171	0.12407	NA	-0.0762799
7132	0.19038	0.12337	NA	NA
8553	-0.094031	0.12307	0.39683	0.0968603
386677	-0.0019573	0.12273	NA	NA
388564	0.2735	0.12155	-0.048902	-0.0890336
641649	0.15103	0.12137	0.090617	0.120253
4987	0.036277	0.12091	NA	NA
596	0.14915	0.11954	0.08945	0.209354
94081	0.025504	0.11886	0.22262	-0.0811382
150678	0.22667	0.1183	0.0058503	0.0231566
22941	0.1568	0.11821	0.077665	0.324697
727800	-0.038989	0.11804	0.28769	0.0705569
79695	0.013512	0.11715	0.23489	-0.172115
5635	0.060742	0.11707	NA	NA
27327	-0.064026	0.11649	0.3064	0.0325906
1073	0.0020842	0.11627	0.2455	-0.279827
54058	0.010693	0.11569	0.23041	-0.10302
823	0.037164	0.11516	NA	NA
1001	0.13557	0.11514	0.093674	0.215265
57571	0.077734	0.11486	NA	-0.37091
146540	0.017326	0.11464	0.21265	NA
8325	0.27978	0.11365	-0.070964	-0.220579
4099	0.069169	0.11315	NA	-0.321918
5740	0.037929	0.113	0.18781	-0.0708694
6742	0.28139	0.11295	-0.059157	-0.0137584
204962	0.0052932	0.11283	0.21975	0.195862
4855	0.034623	0.11282	NA	-0.273103
415116	-0.035923	0.11256	0.28925	-0.0666331
64399	0.090647	0.11207	NA	NA
374655	0.2654	0.11198	NA	NA
79780	-0.01672	0.11184	NA	-0.157576
54429	-0.11825	0.11163	0.31635	-0.197189
51061	0.085682	0.11146	NA	0.230458
192670	0.010938	0.11018	0.20615	0.17865
80201	0.24729	0.10932	-0.043511	0.000228579
283	0.17911	0.10864	0.033349	-0.308869
2260	0.15098	0.10763	0.062279	-0.343571
140707	-0.0042646	0.10753	NA	NA
7334	0.27008	0.10714	NA	NA
222537	0.00072281	0.10701	0.22551	-0.208486
4211	0.15451	0.10652	0.05861	-0.00162992
57190	0.19827	0.10651	0.005921	NA
9768	0.15057	0.10642	0.059915	-0.400946
10933	0.12162	0.10593	NA	0.0124422
51185	0.076938	0.10501	NA	-0.144324
56121	-0.055738	0.10434	0.26671	NA
388588	0.14538	0.10392	NA	NA
55341	0.1215	0.10372	NA	-0.258248
3183	0.25678	0.10359	-0.073885	0.0168215
79590	0.23495	0.10288	NA	NA
275	-0.003068	0.10183	0.21206	0.0400236
9331	-0.020873	0.10165	0.23978	-0.0407515
131616	0.23801	0.10122	-0.039676	-0.158257
11182	-0.02862	0.10121	0.24256	NA
83932	-0.020579	0.10114	0.22657	-0.0258354
5335	0.031193	0.10112	0.17298	NA
3760	-0.13079	0.1007	0.38478	0.133717
7267	0.17924	0.10043	0.016906	0.0103899
284370	-0.024628	0.10018	0.22144	0.0672335
23094	0.061862	0.099401	0.1408	-0.12256
7531	0.29515	0.098901	-0.12156	0.0667693
51106	-0.0025009	0.098268	0.20974	NA
23546	0.17675	0.097664	NA	NA
9330	-0.15794	0.09679	0.36698	0.0130049
79652	-0.012843	0.096624	0.22226	-0.0575606
10518	0.30619	0.095849	-0.13536	-0.0640598
29902	-0.0685	0.095633	0.29542	0.00208097
64359	0.29904	0.094715	-0.13769	-0.0689522
1877	-0.041003	0.094517	0.23426	NA
55023	0.032738	0.094252	0.15724	-0.0932687
51635	0.077798	0.093923	0.11131	-0.108918
348327	0.058038	0.093905	NA	NA
4942	0.10851	0.093688	NA	NA
50507	0.037784	0.093614	0.15423	-0.0139911
5064	0.24184	0.093591	-0.073542	0.126245
7494	-0.029009	0.090737	NA	NA
200186	-0.084495	0.089982	0.26275	-0.103121
57380	-0.19025	0.089836	0.40741	0.0426299
54069	-0.0021083	0.089435	0.1854	NA
10944	0.061499	0.08938	NA	NA
92211	0.15231	0.088408	0.020296	-0.451659
91582	0.1411	0.088382	0.032186	-0.0113325
9572	-0.038912	0.086649	0.21772	0.295952
55728	0.0046487	0.085445	0.16848	0.15067
6152	0.20209	0.084482	NA	-0.0156222
6547	0.1201	0.084379	NA	0.0418165
23705	0.25165	0.083581	-0.11362	-0.0590986
23498	0.016116	0.083142	0.15299	0.320058
55904	-0.096171	0.082251	0.25775	0.0855194
51422	0.11998	0.082097	0.04282	-0.203218
164781	0.24167	0.081867	-0.070986	0.315084
56967	0.12784	0.081436	0.032352	0.414098
730130	0.050675	0.08079	0.11345	-0.111339
124446	0.23471	0.080629	-0.078429	-0.102445
2487	0.050986	0.080288	0.11188	0.204765
3486	0.045892	0.079996	NA	-0.0570872
9794	-0.079629	0.078262	0.23559	0.0015136
8775	-0.018216	0.07803	0.18062	0.142649
55281	0.014247	0.077092	NA	-0.33018
6586	0.23002	0.075401	-0.097712	-0.114324
8140	0.015119	0.075395	NA	NA
2125	0.043895	0.074859	NA	NA
79094	-0.014886	0.074775	0.1733	0.0861458
6558	-0.016197	0.073735	0.17003	-0.245904
51021	0.29819	0.072454	-0.16202	-0.116111
54205	0.056581	0.071706	0.088178	-0.212793
54948	-0.059779	0.071601	0.22452	0.0359246
79084	0.18523	0.069465	NA	NA
9874	0.11588	0.069072	0.021123	-0.282329
23503	-0.045044	0.068713	0.18056	NA
53838	-0.019012	0.068462	0.16179	-0.0735436
22890	-0.14283	0.068391	0.34223	-0.0368198
5271	0.24135	0.068155	-0.10331	-0.131152
81624	0.24943	0.068076	-0.13931	-0.166013
8321	0.30279	0.068001	-0.23791	-0.113209
2615	0.038228	0.067939	NA	-0.178887
23531	0.3823	0.067915	-0.36937	-0.05418
56899	0.020606	0.067759	0.11628	0.182035
3184	0.048781	0.067722	NA	NA
9380	0.071624	0.067675	NA	-0.276245
578	-0.098167	0.067567	0.26034	0.0408436
136853	0.17907	0.066687	-0.048663	-0.079456
8601	0.35899	0.066681	-0.25784	0.0208692
167359	-0.033636	0.065737	0.16717	0.157763
7052	0.0049641	0.065538	NA	-0.114243
8289	0.070204	0.063655	NA	NA
353322	-0.073681	0.063623	0.22537	-0.0685296
57169	-0.11499	0.063456	0.26105	0.0650796
84289	0.059595	0.063245	NA	NA
55760	-0.044639	0.062975	NA	NA
1952	-0.072313	0.062903	0.20421	NA
57466	0.0014349	0.062	NA	NA
374354	-0.20184	0.060762	0.30005	0.0173613
56947	-0.0069657	0.059909	0.1343	0.0543433
2202	0.16842	0.056378	-0.067948	-0.262203
4772	0.19985	0.055955	-0.10385	NA
151887	0.038273	0.055608	0.073783	-0.36089
1998	-0.031291	0.055359	NA	NA
3566	0.086248	0.054748	0.021146	-0.573388
23411	-0.055033	0.053468	NA	NA
388585	0.18937	0.051451	-0.10773	-0.218524
55144	-0.03923	0.050192	0.14407	-0.168429
79228	0.012512	0.050182	NA	NA
8761	0.11712	0.0495	NA	NA
9931	-0.14509	0.04925	0.25743	NA
127703	0.1395	0.049231	NA	NA
83871	0.20354	0.049192	-0.12428	-0.1146
30833	0.064744	0.049165	NA	NA
338707	0.10864	0.048045	NA	NA
57122	-0.14063	0.047369	NA	-0.260152
134285	-0.0090797	0.046861	NA	NA
9139	-0.016117	0.046845	NA	NA
7482	0.058355	0.045314	0.03227	0.432719
204851	-0.010644	0.045138	NA	NA
8725	0.07043	0.044773	NA	NA
56906	-0.1905	0.044389	0.35088	0.0624592
11190	-0.044587	0.04327	NA	NA
10659	-0.095697	0.042803	0.20227	0.0189257
57604	-0.29108	0.042566	0.3487	-0.0502506
403341	-0.23473	0.042452	0.35858	0.026764
26232	0.31021	0.041376	-0.25986	0.162619
142891	0.12034	0.041295	NA	-0.247899
130589	0.22069	0.041265	-0.14505	-0.239456
84779	0.1955	0.041019	NA	NA
5810	0.11447	0.039703	NA	0.331562
23054	0.029446	0.038755	NA	0.0714285
554235	-0.075117	0.038544	0.16384	0.187023
2023	0.23117	0.037239	-0.16496	-0.0912396
3832	-0.07598	0.037142	0.15667	NA
83442	0.16597	0.036113	-0.093651	-0.177387
124093	-0.15719	0.035391	0.24726	-0.140019
64963	0.14289	0.035106	NA	NA
56945	-0.0027999	0.034126	NA	-0.108724
8766	0.12689	0.033959	-0.061188	0.0248216
148254	-0.20689	0.033146	0.26677	-0.162524
25862	-0.04475	0.03215	0.11233	-0.0158326
279	-0.014277	0.031778	NA	0.0216691
55236	-0.036423	0.030741	NA	NA
89958	0.083982	0.030539	-0.026773	0.313124
51673	0.12197	0.030536	-0.067289	-0.493156
55654	-0.18196	0.030167	0.29426	0.0917148
653121	-0.02006	0.029948	0.082824	0.286117
1373	-0.0073978	0.028646	NA	NA
977	0.13191	0.028562	-0.079016	-0.20948
6672	0.12036	0.028254	NA	NA
55084	0.12554	0.028208	-0.080226	0.094422
84947	-0.11943	0.028162	0.17688	NA
51377	-0.14946	0.02805	0.23591	0.275945
50840	-0.33538	0.027672	0.40824	-0.0872788
9379	0.059391	0.026226	-0.00919	0.248842
636	-0.10505	0.024359	0.1661	-0.0207381
83752	0.033022	0.02408	NA	NA
7841	-0.052765	0.02395	NA	NA
57099	0.043688	0.023116	0.0012899	-0.156634
11096	-0.10931	0.022978	0.17632	0.142284
441168	0.20049	0.021514	-0.19545	0.0186691
10452	-0.04397	0.020919	0.091023	0.0326038
29081	0.2792	0.020808	-0.28084	0.0244719
90799	-0.25001	0.019165	0.28197	-0.120147
80233	-0.073137	0.01881	0.11182	NA
644150	-0.012763	0.017723	0.049473	-0.0672361
5783	0.11416	0.016294	NA	NA
64426	0.0046806	0.016273	NA	NA
4835	0.015915	0.015927	NA	NA
55862	0.11324	0.015816	NA	NA
4026	0.090592	0.015407	-0.06513	-0.328322
57088	0.18369	0.015399	-0.17466	-0.145437
10069	-0.12564	0.015237	0.17891	0.186076
85460	0.0067969	0.013319	NA	NA
4239	0.11828	0.012624	-0.10434	-0.233695
134829	-0.19615	0.012207	0.22887	0.0299338
25928	-0.054651	0.012012	NA	-0.0524167
5799	0.15874	0.011692	-0.147	NA
126755	-0.068813	0.0084341	0.094471	-0.0266528
25999	0.063028	0.008185	NA	NA
57683	-0.025336	0.0080729	NA	0.0603954
282996	-0.1047	0.0076106	0.12819	-0.0806686
64333	-0.10376	0.007227	0.13403	0.0605615
306	-0.030319	0.0067227	0.046575	-0.141747
56172	-0.20102	0.0058224	0.26943	0.0143802
5998	-0.07675	0.0056181	0.090668	-0.119124
145482	0.1821	0.0052568	-0.19057	NA
4233	-0.026331	0.0049934	0.037605	0.426012
201501	-0.11599	0.0036	NA	NA
84661	0.096793	0.0035455	-0.090651	-0.0791703
8161	-0.15802	0.0013996	NA	NA
9978	0.090112	0.0013862	NA	NA
23213	0.0018722	0.00098281	5.7183e-05	-0.468165
117283	-0.061796	0.00097344	0.066206	-0.359709
202151	0.145	0.00072994	-0.15871	-0.0508898
64328	-0.16813	0.00069723	0.17229	-0.115723
1630	-0.00081692	0.00065399	0.0021644	0.325579
9616	0.33402	0.00058816	-0.39338	0.0855421
55915	0.15793	0.00057687	-0.18234	0.0825896
1775	-0.15115	-0.00013902	0.16037	0.0326283
56262	0.018873	-0.00020253	NA	0.0150628
79734	0.11247	-0.00024493	NA	NA
200035	0.19266	-0.00060112	-0.20832	-0.0894892
7867	0.098222	-0.00085611	NA	-0.268617
8851	0.025356	-0.0010322	NA	NA
284723	-0.10028	-0.0022073	0.10225	0.0534018
55260	-0.13563	-0.0026076	NA	NA
55005	-0.22037	-0.002829	0.23954	-0.068057
8563	-0.088098	-0.0028951	NA	NA
25778	-0.12793	-0.0029965	NA	NA
3360	0.050147	-0.0041185	-0.062521	0.128867
339829	-0.10572	-0.0042544	0.10959	-0.0636299
5579	-0.12993	-0.0045065	0.13723	0.0464624
24138	-0.13744	-0.0064996	0.13983	-0.256876
9231	-0.10039	-0.0066297	0.086487	0.271769
7409	0.18064	-0.0071737	-0.23038	-0.00329402
10971	0.10853	-0.0071839	NA	-0.250354
221184	0.10061	-0.0074388	-0.12768	-0.353889
2247	0.12492	-0.0076418	-0.15477	-0.123923
57124	0.058274	-0.0091262	-0.080412	-0.139167
5141	-0.19981	-0.0094404	0.21066	-0.0872006
26166	0.093655	-0.011126	-0.13031	-0.0589435
6415	0.32453	-0.011589	-0.35566	0.0488527
5585	0.051879	-0.012705	-0.083182	NA
3872	0.093861	-0.013355	-0.12998	-0.231747
126695	-0.15006	-0.014378	0.12583	0.207481
5290	-0.36465	-0.014886	0.39311	0.0368782
53919	0.13572	-0.015013	-0.17977	-0.065891
259290	-0.23641	-0.015211	0.19823	-0.081591
56833	-0.045375	-0.016807	NA	NA
6926	-0.11017	-0.017148	0.081463	-0.225592
8028	-0.30805	-0.018173	0.24089	0.0280789
9859	-0.13147	-0.018179	0.09677	NA
11093	-0.29532	-0.018658	0.28388	0.0618925
284485	0.24522	-0.018755	-0.36082	0.083952
57106	0.091522	-0.018833	NA	NA
339983	-0.13014	-0.021055	0.10172	0.040154
8560	0.065627	-0.021262	-0.10983	-0.101841
162073	0.25508	-0.021567	-0.35569	-0.116858
1043	0.048438	-0.021667	-0.090204	-0.0479436
5360	0.12295	-0.021795	-0.18765	-0.143814
52	0.21052	-0.022142	-0.29629	0.116133
80728	-0.3817	-0.023155	0.34204	0.101765
431707	0.075663	-0.023484	-0.12322	NA
8745	-0.15682	-0.024173	0.12974	0.0755002
84172	-0.13145	-0.025452	NA	NA
9352	0.041991	-0.025508	NA	NA
5607	0.0089165	-0.026765	NA	-0.047414
57817	0.01392	-0.027509	-0.070786	0.424599
1893	-0.16528	-0.02756	0.13328	-0.00966947
5801	0.070808	-0.027809	-0.1405	0.0828684
85379	-0.11084	-0.028567	0.052694	NA
29982	-0.13823	-0.029254	0.085306	0.0895211
8497	-0.11944	-0.029352	0.065503	0.373722
23580	0.08789	-0.029429	-0.15752	-0.0355743
80227	0.08777	-0.030672	NA	-0.254649
37	0.09949	-0.030803	NA	NA
26523	-0.38607	-0.0315	0.35329	0.024454
163	0.18136	-0.031874	-0.28462	-0.0482028
9782	-0.10039	-0.032136	NA	NA
6323	-0.22184	-0.032398	0.20173	0.0654961
2257	-0.23707	-0.032902	0.16327	0.300474
80176	-0.14833	-0.032967	0.091883	-0.44243
5441	0.31022	-0.033564	-0.44417	0.00574116
219670	0.028676	-0.034328	-0.10232	-0.163499
10287	0.073423	-0.034714	NA	NA
84248	-0.13917	-0.035739	NA	NA
57554	0.022052	-0.035798	-0.099283	0.17418
133746	-0.26839	-0.036058	0.20272	-0.0351846
10783	0.081545	-0.036151	-0.16902	0.0084163
10014	-0.045595	-0.036201	-0.026632	-0.193996
54795	-0.16199	-0.037113	0.10234	NA
79807	-0.081374	-0.037592	NA	-0.0969264
6341	0.0027291	-0.038117	-0.080655	-0.0387269
219348	0.20813	-0.038355	-0.30285	-0.135923
10094	0.20246	-0.038673	-0.26537	0.0932284
63931	-0.0030243	-0.040279	NA	NA
858	-0.056135	-0.040561	-0.0245	-0.107222
137695	0.047712	-0.041451	-0.14286	-0.0849817
10804	0.055109	-0.041499	-0.14694	NA
91949	-0.13459	-0.043039	NA	NA
54516	-0.10466	-0.043798	0.022427	0.124477
4818	-0.064817	-0.04493	NA	-0.03372
7375	-0.13461	-0.045195	NA	NA
339344	-0.071758	-0.045283	NA	NA
55313	-0.13452	-0.045365	0.048171	-0.320827
8975	-0.27722	-0.046097	0.22851	0.0319211
55735	-0.16792	-0.046396	0.083583	0.0965371
8829	-0.0096356	-0.048048	-0.08849	-0.386463
5080	0.17184	-0.048314	-0.28545	-0.205906
57149	0.049275	-0.048638	-0.15167	NA
4482	0.094573	-0.048735	-0.2064	-0.152091
23225	-0.19472	-0.050251	NA	NA
79174	0.092158	-0.051314	NA	-0.113757
8911	-0.1566	-0.052072	0.054871	0.145859
3299	-0.23843	-0.05217	0.13544	-0.00543297
2697	0.097898	-0.052832	-0.22327	-0.0506423
60313	-0.18227	-0.052895	NA	-0.0312236
644844	0.050936	-0.054355	NA	NA
201255	-0.14247	-0.054992	NA	NA
10717	-0.20639	-0.055584	0.096896	NA
408	0.078996	-0.056582	-0.21583	-0.205734
55758	-0.2722	-0.05716	0.1598	-0.167273
22863	-0.13779	-0.057326	NA	NA
25996	-0.00918	-0.058652	-0.10894	-0.228721
4850	0.12504	-0.058715	-0.26827	-0.102107
25940	-0.0057861	-0.060236	-0.11708	-0.141659
10981	0.30753	-0.060386	-0.45923	-0.11853
7010	0.070611	-0.06066	-0.21014	-0.0287015
159963	0.068508	-0.061747	NA	NA
84915	-0.12931	-0.061788	NA	NA
2597	-0.088185	-0.061854	NA	NA
51258	0.044873	-0.062089	NA	NA
23625	-0.087862	-0.062325	NA	0.264425
56243	-0.17723	-0.062691	0.050759	-0.17059
7746	-0.35909	-0.0627	0.21641	0.0848264
10198	-0.21969	-0.063355	0.095352	0.120495
79869	-0.11272	-0.063359	NA	NA
56704	-0.045828	-0.063453	NA	NA
2900	-0.028106	-0.064277	-0.10123	-0.329362
403	0.15812	-0.06429	-0.27424	-0.0287523
84859	-0.12981	-0.064624	NA	NA
7994	-0.16451	-0.065093	0.03672	-0.0282372
85416	0.0049015	-0.065462	-0.14295	-0.161462
58525	0.063832	-0.066104	-0.21045	0.102455
22949	-0.070227	-0.06615	NA	NA
2035	-0.34249	-0.066248	0.28652	0.101034
341640	0.096615	-0.066276	NA	NA
51429	-0.19533	-0.067096	0.071661	-0.118187
115992	-0.10299	-0.067242	NA	NA
338328	-0.11432	-0.067472	-0.019765	-0.476673
23479	-0.1758	-0.067721	0.054453	0.014255
119032	0.153	-0.06958	-0.33932	0.0459291
283316	-0.13319	-0.070345	-0.0030265	-0.0897716
8417	0.041158	-0.070903	-0.19408	-0.0803966
54505	-0.16779	-0.070923	NA	NA
255877	-0.16135	-0.071368	0.027608	-0.147486
84733	-0.08531	-0.072126	NA	NA
55660	-0.05861	-0.072477	NA	NA
653509	-0.11327	-0.07264	NA	NA
117166	-0.14394	-0.072835	0.0046047	0.22533
57610	-0.11959	-0.072849	NA	NA
6049	-0.18035	-0.073081	0.047218	NA
5650	0.22492	-0.073124	-0.35338	0.0759551
9699	-0.17445	-0.074554	0.02954	0.159411
84911	-0.067474	-0.075466	NA	0.0537783
133957	-0.010886	-0.076345	NA	NA
282969	0.12197	-0.076958	-0.29105	0.234531
3611	-0.13058	-0.077583	NA	-0.214483
55644	-0.21004	-0.077793	0.056238	0.0278111
9337	-0.30523	-0.07822	0.15599	0.00992665
91300	-0.038233	-0.078597	-0.12231	0.123308
2034	-0.08631	-0.079133	NA	NA
128061	-0.048249	-0.079621	NA	NA
56261	-0.30768	-0.080137	0.22048	0.0630844
54148	-0.1765	-0.080233	0.027299	0.0864173
60672	0.02243	-0.080432	NA	NA
2016	-0.29289	-0.082008	0.17402	0.252887
8861	-0.20477	-0.082078	0.042285	0.15878
79707	0.014491	-0.082367	-0.18753	-0.0356294
23395	0.062385	-0.082498	-0.23653	-0.0186424
79101	-0.30361	-0.082624	0.15415	0.060645
586	-0.15055	-0.082862	-0.0089521	-0.0627067
23370	-0.35131	-0.082928	0.25588	-0.00979046
50486	-0.12276	-0.083267	-0.041521	-0.326327
113675	-0.15945	-0.083862	-0.0016715	-0.163896
203260	-0.10284	-0.084221	NA	NA
57680	-0.16538	-0.084236	-0.00017804	NA
7123	-0.12517	-0.084501	NA	-0.214402
10915	-0.23368	-0.085334	0.064536	-0.0296981
118491	0.0028862	-0.086157	-0.18441	-0.137638
9890	0.049648	-0.087546	-0.24964	0.0854546
746	0.14165	-0.088633	-0.32622	NA
100130933	-0.10438	-0.089002	NA	-0.397429
5511	-0.039129	-0.089634	-0.1444	-0.22532
64430	-0.22656	-0.089682	0.044083	-0.113079
79929	-0.21254	-0.090188	0.041031	-0.183166
55316	-0.249	-0.091055	0.071943	0.00384127
3418	0.12606	-0.09168	-0.32423	-0.0385059
6646	-0.21878	-0.091778	0.051169	-0.229914
545	-0.18163	-0.091849	0.003864	NA
23288	-0.15017	-0.091881	NA	NA
10257	0.019835	-0.092285	-0.21822	-0.327071
23005	-0.22267	-0.092426	0.045372	-0.0299241
54538	-0.1407	-0.092794	-0.042271	-0.163782
399818	-0.14255	-0.093131	-0.041008	0.0390991
84140	-0.11836	-0.094978	NA	0.258547
5292	-0.31545	-0.095654	0.18107	-0.0421987
84148	-0.25408	-0.096091	0.080226	0.0520804
54093	-0.31037	-0.096293	0.13173	0.0118175
22839	0.041556	-0.096454	-0.25094	0.0212846
6602	-0.095957	-0.096999	NA	NA
1147	-0.099347	-0.098224	-0.097471	-0.110362
26056	-0.16029	-0.098273	-0.031105	0.122239
115584	-0.16491	-0.098588	-0.030903	-0.417249
340156	-0.13038	-0.098842	NA	NA
285	-0.13658	-0.10021	NA	NA
64924	-0.27434	-0.1005	0.090653	0.0229993
6302	-0.098491	-0.10071	NA	NA
10935	-0.056942	-0.10139	NA	NA
51084	-0.037295	-0.10158	NA	NA
4747	-0.16222	-0.10213	-0.03852	0.0596177
283229	-0.016221	-0.10232	NA	NA
5937	-0.25309	-0.10294	0.071933	-0.137397
6482	-0.084414	-0.10324	-0.12265	-0.348447
91304	-0.11346	-0.10351	NA	NA
9743	-0.23111	-0.10411	0.0286	0.317
55255	-0.034353	-0.10436	NA	NA
94	-0.17969	-0.1045	-0.023922	-0.221023
4953	-0.04552	-0.10481	NA	NA
1305	-0.23024	-0.10535	0.030033	0.19083
7475	-0.099404	-0.10542	-0.11176	-0.0980128
57488	-0.2269	-0.10659	NA	NA
339487	-0.25292	-0.10737	0.064136	0.0181248
23167	-0.28023	-0.1077	0.091891	-0.050545
6227	0.0025267	-0.11048	NA	-0.0848355
55733	-0.12314	-0.11151	-0.09986	-0.133579
283284	0.020221	-0.11193	-0.26671	0.0856954
59084	-0.34217	-0.11333	0.15152	0.0890767
283377	-0.0014015	-0.11407	NA	NA
93145	-0.031903	-0.11424	NA	NA
220323	0.01671	-0.11463	-0.25914	0.107701
10361	-0.24179	-0.1148	0.018294	0.238401
526	-0.2045	-0.1152	NA	NA
2631	-0.01082	-0.1172	-0.22641	NA
10683	0.018773	-0.11803	-0.2761	0.100837
2889	-0.047672	-0.11803	-0.19347	NA
10432	-0.23738	-0.11921	0.0052733	0.0449954
348801	-0.25106	-0.11921	0.021565	0.331935
253461	-0.33149	-0.11961	0.1132	0.134181
5627	-0.050288	-0.12056	-0.19236	-0.292863
168374	-0.25009	-0.12093	0.012736	-0.132787
8630	-0.013992	-0.12144	-0.23666	-0.0682098
79147	0.020736	-0.12228	-0.27905	-0.0384344
27324	0.024536	-0.12393	-0.29592	-0.0371994
4709	-0.010663	-0.12466	-0.23639	NA
978	-0.15654	-0.12481	NA	NA
9639	-0.17854	-0.12483	NA	-0.361962
6563	-0.14727	-0.12489	-0.1031	-0.33673
55063	-0.10638	-0.12491	NA	-0.44226
154043	-0.15022	-0.12638	NA	-0.403696
56894	-0.20477	-0.12689	-0.043555	0.0643142
54799	-0.23431	-0.12726	-0.012337	0.0209751
23030	-0.17357	-0.12785	NA	NA
79611	-0.016706	-0.12882	NA	-0.117827
23321	-0.20272	-0.12898	-0.056182	-0.301684
4257	0.15631	-0.12909	-0.49025	0.0194727
149345	0.018282	-0.13044	-0.28025	NA
55731	-0.32108	-0.13071	0.093693	-0.0348884
23013	-0.22651	-0.133	-0.034995	NA
22848	-0.29938	-0.13317	0.05236	0.0572984
27250	-0.17365	-0.13337	NA	-0.06836
1234	0.0097318	-0.13345	-0.28683	-0.107358
7347	0.11885	-0.13393	-0.47581	-0.0426808
79858	-0.045628	-0.13456	-0.22774	-0.248516
231	-0.10673	-0.13467	NA	NA
3964	-0.13235	-0.13474	-0.13741	-0.0273396
673	-0.39942	-0.13562	0.12959	0.0182911
6570	-0.13325	-0.13573	NA	NA
57728	-0.31513	-0.13642	0.041846	-0.00106565
57185	-0.21821	-0.13646	-0.050463	-0.289534
83637	-0.19447	-0.13684	-0.077986	0.120963
64224	-0.18924	-0.13823	NA	NA
375757	0.060873	-0.1385	-0.3305	-0.172798
79676	-0.33754	-0.13918	0.083905	-0.116042
286183	0.091037	-0.13921	-0.41764	-0.18543
55888	-0.25407	-0.14076	NA	NA
56971	-0.38018	-0.14118	0.11882	-0.203451
89890	-0.015293	-0.14127	-0.29001	0.0439145
9801	-0.16619	-0.1415	-0.11591	0.0177123
402665	-0.18127	-0.14171	-0.10026	-0.0316343
3371	-0.20271	-0.14244	NA	-0.374819
6519	-0.32392	-0.14288	0.038761	NA
29994	-0.2056	-0.14304	-0.077779	-0.0852747
2826	-0.32042	-0.14325	0.061581	0.066138
6527	-0.31395	-0.14358	0.035876	0.0701801
2146	-0.24009	-0.14401	NA	NA
6456	-0.25517	-0.14428	-0.030148	NA
26207	-0.17481	-0.14454	-0.11357	-0.19718
653489	-0.36953	-0.14581	0.071634	0.0333762
654	-0.14183	-0.14629	NA	NA
326625	0.17426	-0.14677	-0.48046	-0.0440399
6324	-0.30933	-0.1471	0.044656	0.0533618
11168	-0.06032	-0.14723	-0.24486	-0.0288452
57594	-0.25036	-0.14726	NA	NA
51537	-0.24723	-0.1479	-0.037173	0.0515582
36	-0.2927	-0.14963	-0.0044817	-0.211225
3991	-0.23445	-0.14968	-0.062753	-0.330606
53335	-0.2621	-0.14978	-0.038668	0.307317
64149	-0.4533	-0.1503	0.20248	-0.0536065
602	-0.3131	-0.15042	0.045491	0.0262539
25904	-0.35123	-0.15055	0.069462	-0.041648
151827	-0.2545	-0.15066	-0.042853	0.0702249
474344	-0.17198	-0.15074	NA	NA
6627	-0.15001	-0.15105	NA	NA
80335	-0.17714	-0.15183	NA	NA
63934	-0.054329	-0.15248	-0.26401	0.0609618
5318	-0.15996	-0.15368	NA	0.148524
6419	-0.23489	-0.15499	-0.068545	NA
150465	-0.057836	-0.15512	NA	NA
64418	-0.20431	-0.15519	NA	NA
222008	-0.38097	-0.15567	0.082318	0.190368
3748	-0.31472	-0.15778	0.028022	0.0423362
246744	-0.28737	-0.1591	-0.024825	NA
285331	-0.25778	-0.16007	NA	NA
90390	-0.29881	-0.16084	NA	NA
2042	-0.19628	-0.16105	-0.12345	0.357689
10526	-0.060315	-0.16106	NA	NA
10611	0.079916	-0.16108	-0.44176	-0.16685
22827	0.0055741	-0.16109	-0.3484	-0.188984
200373	-0.35059	-0.16137	0.053331	0.0270631
9892	-0.29603	-0.16178	NA	0.0142872
51430	-0.036227	-0.16228	-0.31237	-0.263755
3609	0.031852	-0.16242	NA	-0.102554
2549	-0.27573	-0.16386	NA	-0.307576
2444	-0.23118	-0.16494	-0.098155	-0.360492
374868	-0.25057	-0.16706	NA	NA
5734	0.12245	-0.1673	-0.5228	-0.0912245
10559	-0.29654	-0.16753	-0.028331	0.104055
25828	-0.081349	-0.16789	NA	NA
51751	-0.20399	-0.16791	-0.13071	-0.167225
3746	-0.3236	-0.16842	0.015811	0.0612297
51285	-0.17651	-0.16992	-0.16421	NA
6945	-0.010476	-0.17042	NA	NA
55015	-0.24254	-0.17076	NA	0.00637493
55808	-0.31023	-0.17109	-0.0093591	-0.13951
221908	-0.26301	-0.17112	NA	NA
10988	-0.27329	-0.17209	-0.0617	-0.105668
25800	-0.12057	-0.17238	-0.22717	-0.138667
301	-0.1628	-0.17246	-0.18334	-0.150182
23466	-0.088148	-0.1733	NA	NA
3516	-0.31088	-0.17433	NA	-0.219135
8986	-0.12719	-0.17439	NA	0.182893
152756	-0.22665	-0.17607	-0.12245	-0.158243
84504	-0.22543	-0.17622	NA	NA
51659	-0.027386	-0.17652	-0.32971	-0.0956307
5925	-0.053145	-0.177	NA	NA
169522	-0.36453	-0.17816	0.007461	NA
4552	-0.30386	-0.1792	-0.05001	-0.195644
23481	-0.25106	-0.18047	NA	NA
55824	-0.33072	-0.18066	-0.013201	-0.0630348
7029	-0.12255	-0.18075	-0.24034	-0.220077
582	-0.34639	-0.18099	-0.013988	NA
2327	-0.17427	-0.18196	NA	NA
785	-0.39256	-0.18215	0.066843	0.0970021
79002	-0.21241	-0.18227	NA	NA
11135	-0.20905	-0.18397	NA	NA
339479	-0.19822	-0.18418	-0.16955	0.00673146
6136	0.0079482	-0.18445	-0.41153	-0.126129
4248	-0.16932	-0.18479	NA	NA
272	-0.25949	-0.18515	NA	-0.333184
90865	0.075327	-0.18567	-0.5118	-0.000990174
57188	-0.15446	-0.18753	-0.22198	-0.451108
10677	-0.21293	-0.18883	NA	-0.196215
154661	-0.4014	-0.18924	0.050671	0.163964
1282	-0.032691	-0.19028	-0.36633	-0.0902765
1632	-0.24681	-0.19088	NA	-0.268139
2778	-0.30776	-0.19136	-0.061112	0.0123688
9125	-0.12169	-0.19182	NA	NA
115209	-0.20106	-0.19205	-0.184	-0.421186
9522	-0.34143	-0.19253	-0.040177	NA
8848	-0.36503	-0.19289	-0.011247	0.190856
128387	-0.10146	-0.19313	NA	NA
5330	0.14594	-0.19324	-0.65855	-0.0649802
84858	-0.16208	-0.19346	-0.22598	-0.129895
9545	-0.095883	-0.19371	-0.29346	0.15901
729956	-0.1318	-0.1944	-0.26324	NA
6289	-0.32565	-0.19546	-0.064984	0.155351
26268	-0.4681	-0.19553	0.093093	0.111273
11120	-0.44619	-0.19562	0.056204	-0.0978044
148	-0.21151	-0.19807	-0.18523	-0.381319
26151	-0.35648	-0.1987	NA	NA
10197	-0.13253	-0.19976	-0.26826	NA
51366	-0.26447	-0.20112	NA	NA
9788	-0.14879	-0.20213	NA	-0.511497
286144	-0.17889	-0.20235	NA	NA
10725	-0.31964	-0.20256	NA	NA
25934	-0.011465	-0.20312	-0.39586	-0.198903
27094	-0.35731	-0.20379	-0.034715	NA
25782	-0.34123	-0.20471	-0.053964	-0.0198976
6553	-0.33505	-0.20514	-0.056055	0.0447361
10272	-0.33225	-0.20556	NA	NA
51741	-0.13545	-0.20572	-0.28365	-0.120392
23316	-0.2992	-0.20762	-0.10836	0.262338
221223	-0.13406	-0.20789	-0.27913	-0.171982
9752	-0.24616	-0.20867	NA	NA
116369	-0.14104	-0.20873	-0.28438	0.115005
740	0.043711	-0.20939	-0.49828	-0.0214513
6533	-0.3309	-0.20953	-0.071485	-0.0750203
6507	-0.078623	-0.20993	NA	NA
8405	-0.24059	-0.21019	NA	NA
6604	0.10823	-0.2108	-0.61406	-0.172516
51385	-0.19377	-0.21134	NA	-0.122856
114815	-0.32415	-0.21173	-0.090916	0.272483
6660	-0.047677	-0.21205	-0.36585	-0.141002
197320	-0.28611	-0.21213	NA	NA
57820	-0.43973	-0.21254	0.079403	0.0301211
221476	-0.21588	-0.21267	NA	-0.472744
3691	-0.20018	-0.21282	-0.22691	-0.4178
8821	-0.1857	-0.21315	-0.24289	0.248693
8801	-0.16102	-0.21334	NA	NA
5440	-0.11993	-0.21357	NA	NA
51320	-0.26541	-0.21365	NA	NA
51368	-0.30779	-0.21432	-0.11378	NA
80336	-0.15596	-0.21445	-0.28122	-0.0657878
22987	-0.29332	-0.21531	-0.13161	-0.0511424
83857	-0.098992	-0.21587	-0.32927	-0.14539
58496	-0.34872	-0.21668	-0.074414	0.0174357
63941	-0.32716	-0.2167	-0.092893	0.132151
160851	-0.20898	-0.2173	-0.2266	-0.136659
201475	-0.22034	-0.21733	NA	NA
4719	-0.40442	-0.2179	-0.0020946	0.00574653
54437	-0.29884	-0.21795	-0.13033	0.205595
60487	-0.37948	-0.21799	-0.048243	0.0683645
3373	-0.28529	-0.21805	-0.14628	NA
4302	-0.28094	-0.21894	NA	NA
1743	-0.22892	-0.21926	NA	NA
6047	-0.2281	-0.21989	NA	NA
776	-0.31568	-0.22014	-0.11946	NA
27125	-0.23712	-0.22083	NA	NA
7564	-0.32076	-0.22272	-0.11875	NA
11255	-0.18368	-0.22307	-0.2648	-0.345622
79036	-0.056208	-0.22317	NA	NA
8804	-0.12275	-0.22355	-0.34046	0.175391
158046	-0.28279	-0.22379	NA	NA
80206	-0.081123	-0.22515	-0.38374	-0.0204037
79823	-0.23645	-0.22523	NA	NA
56257	-0.37039	-0.22541	-0.069369	-0.014036
9575	-0.39708	-0.22606	-0.045859	NA
153657	-0.17192	-0.22647	-0.28743	-0.0808514
1995	-0.20634	-0.2265	NA	NA
130367	-0.14976	-0.22764	-0.30921	-0.0821891
90113	-0.30373	-0.22764	-0.15084	NA
116987	-0.12732	-0.22796	-0.33955	-0.0674328
57348	-0.079389	-0.22869	-0.39726	-0.0745951
125113	-0.33878	-0.22994	-0.11285	0.0429455
116540	-0.177	-0.22997	NA	NA
23398	-0.38361	-0.2306	-0.07676	-0.254459
4046	-0.14841	-0.23075	-0.3243	-0.137655
5189	-0.29551	-0.23168	-0.16406	0.0430385
1028	-0.24064	-0.23339	NA	-0.387493
9772	-0.13788	-0.23357	-0.34147	0.0476578
90139	-0.12865	-0.23449	-0.35204	-0.399655
5334	-0.42069	-0.23474	-0.035896	-0.268811
10926	-0.3732	-0.23516	-0.079734	NA
1182	-0.31486	-0.2356	-0.15707	-0.0205461
6166	-0.14401	-0.23594	NA	NA
6648	-0.31067	-0.23635	-0.1611	-0.10679
79792	-0.16681	-0.2365	NA	NA
5606	-0.36034	-0.23699	-0.098038	-0.15616
10668	-0.30178	-0.23712	NA	NA
10842	-0.19826	-0.2373	-0.27757	-0.33409
24141	-0.17626	-0.23765	-0.30325	0.227859
56882	-0.30353	-0.24038	NA	-0.191784
148423	-0.16462	-0.24054	NA	-0.0359813
54884	-0.21086	-0.24091	NA	NA
5813	-0.46295	-0.24156	-0.030202	-0.123795
284613	-0.36449	-0.24308	-0.1118	NA
57211	-0.1888	-0.24331	-0.30394	-0.188797
79890	-0.217	-0.24391	NA	NA
3815	-0.26924	-0.24393	NA	NA
1114	-0.2818	-0.24444	NA	NA
4489	-0.061287	-0.24628	-0.45806	-0.183804
4521	-0.24026	-0.24704	NA	-0.338217
50859	-0.25071	-0.24738	NA	-0.372001
64577	-0.29676	-0.24751	NA	NA
440097	-0.18939	-0.24773	-0.31067	-0.269549
60682	-0.066757	-0.2481	-0.42464	0.0358237
11186	-0.34579	-0.24813	NA	NA
25994	-0.1516	-0.24825	-0.34359	NA
80975	-0.1186	-0.24951	-0.40326	-0.304262
113220	0.0066411	-0.24974	-0.59267	0.014074
2119	-0.32893	-0.25112	NA	-0.235668
54540	-0.37928	-0.25233	NA	NA
2790	-0.13269	-0.25323	-0.39685	-0.0440899
150483	-0.24263	-0.25339	-0.26465	-0.0732375
343637	-0.13241	-0.25369	-0.39131	-0.270171
342132	-0.39252	-0.25433	-0.10405	NA
23475	-0.19138	-0.25452	-0.31934	-0.164641
128414	-0.014094	-0.25474	-0.57557	-0.210342
104	-0.43987	-0.25491	-0.066947	NA
7225	-0.17854	-0.2556	-0.33791	-0.446463
29948	-0.20123	-0.25594	NA	NA
83648	-0.17747	-0.25812	-0.34754	-0.104973
8612	-0.31891	-0.25892	NA	-0.344801
3782	-0.046851	-0.25943	-0.52317	-0.0580097
51657	-0.11681	-0.2595	NA	-0.218389
57763	-0.15419	-0.26011	NA	-0.273997
5436	0.068952	-0.26038	-0.61364	-0.169004
4337	-0.32568	-0.26076	-0.19272	0.000275155
400793	-0.065579	-0.26085	-0.47368	-0.287633
123591	-0.30776	-0.26177	NA	NA
80007	-0.31329	-0.26221	NA	NA
167555	-0.17204	-0.26282	NA	0.0159701
6715	-0.1875	-0.26299	-0.34084	-0.198358
55172	-0.52554	-0.26332	0.0015248	0.0741178
2806	-0.36646	-0.2649	-0.1569	0.0782323
10135	-0.26899	-0.26558	NA	NA
85414	-0.31763	-0.26621	NA	-0.467477
3119	-0.16293	-0.26623	-0.37517	-0.118207
57695	-0.25497	-0.26683	-0.28066	0.0462856
10412	-0.13385	-0.26704	NA	NA
10483	-0.15688	-0.2673	NA	NA
79954	-0.44943	-0.26735	NA	NA
10243	-0.36364	-0.26822	-0.16675	0.0687053
2800	-0.38432	-0.26881	NA	-0.247482
10042	-0.33842	-0.26903	NA	NA
5226	-0.29495	-0.26965	NA	NA
79600	-0.23655	-0.27055	-0.30856	0.0215287
57533	-0.14487	-0.27125	-0.41648	-0.0272276
8658	-0.37076	-0.27178	-0.16911	-0.220675
644890	-0.11518	-0.27194	-0.44276	NA
222658	-0.3256	-0.27222	NA	NA
7188	-0.29239	-0.27237	-0.25312	0.168931
25915	-0.19814	-0.27271	NA	NA
55208	-0.45334	-0.27323	-0.0528	0.0592746
11328	-0.30947	-0.274	-0.23847	NA
646658	-0.21887	-0.27434	NA	NA
136	-0.17969	-0.2746	-0.37962	-0.199153
57121	-0.43071	-0.27465	NA	NA
1513	-0.32124	-0.27485	-0.22767	-0.0804124
7767	-0.40399	-0.27535	-0.14252	NA
11169	-0.34208	-0.27624	NA	NA
84561	-0.46871	-0.27687	-0.078818	0.062638
90576	-0.36856	-0.27741	NA	NA
9636	-0.1533	-0.27761	-0.4219	0.294954
3146	-0.12402	-0.27901	-0.45419	0.126268
4494	-0.16847	-0.27985	-0.40796	-0.210771
9550	-0.35328	-0.28012	-0.20498	NA
401498	-0.27704	-0.28286	-0.29154	0.0884525
202052	-0.35142	-0.28317	-0.21176	-0.0392139
5593	-0.29964	-0.28318	NA	NA
26119	-0.37385	-0.28454	-0.19232	NA
58528	-0.14613	-0.28478	-0.45015	0.221947
7013	-0.23659	-0.28499	-0.33996	0.0277452
26224	-0.37031	-0.28514	NA	NA
80777	-0.12129	-0.28526	-0.45672	0.212892
221656	-0.15169	-0.28537	-0.43115	0.0392062
84895	-0.43205	-0.28546	-0.13175	NA
84936	-0.39461	-0.28569	-0.16721	-0.157116
342035	-0.36112	-0.28574	NA	-0.381757
9789	-0.23985	-0.28612	-0.33242	-0.105099
3759	-0.41561	-0.28623	NA	-0.209974
23101	-0.40144	-0.28674	-0.1689	0.119411
64850	-0.030328	-0.28691	-0.60356	-0.0837273
5525	-0.17882	-0.28802	-0.41138	-0.26539
246243	-0.32129	-0.28807	-0.25437	0.0763133
1027	-0.44129	-0.28967	-0.11886	-0.117055
163404	-0.19883	-0.29013	-0.39522	0.141831
201134	-0.33579	-0.2903	-0.24285	-0.160288
7923	-0.14054	-0.29129	-0.44746	NA
114769	-0.076566	-0.29192	-0.49621	NA
11153	-0.37777	-0.29221	NA	NA
64745	-0.48935	-0.29238	-0.061252	0.0765908
115817	-0.35218	-0.2928	NA	NA
284403	-0.23496	-0.2929	NA	NA
868	-0.41393	-0.29309	NA	NA
874	-0.18229	-0.29347	-0.41056	NA
378	-0.20355	-0.2942	NA	NA
7468	-0.12021	-0.29424	-0.49858	0.0151734
202500	-0.15377	-0.29487	-0.44071	0.017015
132671	-0.1827	-0.29549	-0.40403	-0.210541
22823	-0.31809	-0.29556	NA	NA
7625	-0.35506	-0.29584	-0.23186	0.139722
6721	-0.20267	-0.29619	-0.39946	NA
7757	-0.30147	-0.29653	NA	NA
55937	-0.10301	-0.29725	-0.52795	-0.300705
23086	-0.33529	-0.29776	-0.25842	0.442532
4205	-0.44548	-0.29788	-0.14065	0.06524
5129	-0.34048	-0.29867	NA	-0.455829
6157	-0.13697	-0.29934	-0.48362	-0.168662
4664	-0.41571	-0.29983	NA	-0.00786645
1387	-0.40056	-0.29999	NA	NA
84515	-0.57253	-0.3004	-0.023311	NA
54407	-0.59237	-0.3011	0.057385	-0.0931383
255252	-0.14282	-0.30186	-0.48491	0.136577
4016	-0.096269	-0.30221	-0.55644	-0.217383
653641	-0.33254	-0.30264	NA	NA
4193	-0.46508	-0.30317	-0.13107	NA
7571	-0.34782	-0.30344	NA	NA
11214	-0.33305	-0.30445	-0.27588	0.219441
10289	-0.38854	-0.30457	-0.2157	0.213534
23658	-0.19038	-0.30641	NA	NA
4820	-0.3941	-0.3065	-0.21205	-0.147926
6248	-0.42495	-0.30836	NA	NA
79939	-0.46609	-0.30863	NA	NA
140578	-0.25401	-0.30908	-0.3697	-0.235997
54964	-0.22768	-0.30939	NA	NA
10464	-0.45295	-0.31007	-0.15882	NA
83931	-0.52815	-0.31015	-0.06626	0.0102879
7726	-0.50476	-0.3109	-0.096367	-0.164885
57510	-0.38415	-0.31127	NA	NA
56616	-0.40676	-0.31131	-0.21024	-0.137965
256435	-0.32299	-0.31182	NA	-0.506426
4829	-0.30817	-0.3126	NA	NA
220963	-0.16779	-0.31334	-0.481	-0.168005
10671	-0.22686	-0.31389	-0.40114	NA
649	-0.4145	-0.31402	NA	NA
10675	-0.28845	-0.31411	-0.3427	0.018406
90806	-0.38429	-0.31435	-0.23822	0.0386017
4548	-0.43586	-0.31454	-0.18024	NA
1418	-0.33605	-0.31567	NA	NA
10693	-0.21468	-0.31585	NA	-0.31861
55608	-0.29093	-0.31593	NA	NA
5211	-0.13639	-0.31684	-0.51208	-0.0802758
1908	-0.33475	-0.31792	-0.30175	-0.120597
1327	-0.27642	-0.31839	NA	0.0402123
650	-0.44588	-0.3192	-0.19203	-0.241627
23619	-0.48352	-0.31967	-0.14311	-0.058734
51754	-0.23002	-0.32073	-0.42454	0.218774
1820	-0.39972	-0.32081	NA	NA
80013	-0.46255	-0.32104	-0.1665	-0.0207476
5528	-0.49981	-0.32126	-0.12009	0.136177
55596	-0.6071	-0.32241	-0.031832	-0.142393
23131	-0.58681	-0.32291	-0.016498	-0.00928415
23539	-0.20506	-0.32311	-0.46055	-0.0452271
23759	-0.23603	-0.32317	-0.42373	0.0676666
56950	-0.34824	-0.32333	-0.29812	0.0485797
1519	-0.23053	-0.32562	-0.43593	-0.302475
3145	-0.43316	-0.3261	-0.21075	-0.112472
23291	-0.25287	-0.32645	NA	NA
6233	-0.18868	-0.32704	NA	NA
130340	-0.42805	-0.32705	-0.21869	NA
126074	-0.28851	-0.32776	NA	-0.176552
123169	-0.4831	-0.32807	-0.1662	0.225987
7159	-0.18773	-0.32815	-0.48351	-0.110296
9722	-0.37781	-0.32815	NA	-0.14387
127254	-0.19122	-0.32823	-0.48882	-0.0122265
5294	-0.25768	-0.32829	-0.39616	-0.317367
64427	-0.4464	-0.32888	NA	NA
80313	-0.20696	-0.33008	-0.45357	NA
2140	-0.4984	-0.33022	-0.14714	-0.00375207
64582	-0.3925	-0.33052	NA	NA
23008	-0.34558	-0.33236	NA	NA
23224	-0.43445	-0.33519	-0.22673	NA
79605	-0.28531	-0.33529	NA	0.2925
51053	-0.42489	-0.33548	NA	-0.267096
11146	-0.5553	-0.33573	-0.10317	0.11848
4660	-0.60174	-0.33626	-0.012116	0.00914079
956	-0.63017	-0.33746	0.0076406	0.00123878
10867	-0.49177	-0.33771	-0.15764	-0.00257542
80305	-0.55553	-0.33929	-0.11312	-0.248499
3359	-0.19559	-0.34109	-0.51423	NA
51011	-0.2601	-0.34128	NA	NA
161424	-0.47342	-0.3413	NA	NA
389690	-0.42094	-0.34166	-0.25899	-0.0645109
9792	-0.48416	-0.34187	NA	NA
8470	-0.22615	-0.34502	-0.4845	0.138289
146206	-0.48275	-0.34507	NA	NA
57194	-0.42069	-0.34561	-0.26586	-0.280906
143689	-0.32179	-0.34679	-0.37453	-0.0396436
54949	-0.47221	-0.34759	-0.20886	0.0805959
23457	-0.49775	-0.34769	-0.1809	NA
55004	-0.29585	-0.34848	NA	NA
11337	-0.018814	-0.3485	-0.65284	-0.043318
152110	-0.38026	-0.34904	-0.31495	0.155867
10512	-0.37818	-0.34905	-0.32127	-0.547947
6902	0.03752	-0.34963	-0.80096	-0.0828389
7699	-0.37251	-0.34971	NA	NA
51455	-0.41198	-0.35024	-0.28461	-0.0770049
151790	-0.32643	-0.35055	-0.37722	-0.31148
4741	-0.42036	-0.35381	-0.28553	-0.0136106
29945	-0.43591	-0.35476	-0.26764	-0.0126403
79990	-0.72046	-0.35654	0.10281	-0.0344885
81554	-0.46201	-0.35683	-0.24349	-0.0166765
9912	-0.48812	-0.35798	-0.22232	-0.127915
27253	-0.1831	-0.35801	-0.53023	-0.323131
151126	-0.56396	-0.35864	-0.13957	0.226267
4915	-0.22962	-0.35901	-0.51033	-0.160926
5095	-0.37688	-0.35921	NA	-0.0261919
6905	-0.47975	-0.35924	-0.22399	-0.0179982
91392	-0.47713	-0.36084	-0.234	0.0991142
151246	-0.53456	-0.36085	-0.18448	-0.0579546
223082	-0.29514	-0.36114	NA	NA
5979	-0.55191	-0.36152	-0.12757	-0.00972535
55296	-0.49269	-0.36173	-0.22011	0.00150443
57480	-0.54905	-0.3618	-0.18033	-0.0644947
11340	-0.30756	-0.3619	-0.42323	-0.185428
84687	-0.25086	-0.36193	-0.48812	0.129371
9856	-0.33628	-0.36195	-0.39033	0.0727343
25950	-0.26663	-0.36287	NA	NA
10938	-0.39082	-0.36327	NA	-0.457757
6878	-0.34134	-0.36327	NA	NA
3475	-0.4071	-0.36334	NA	NA
56851	-0.091554	-0.36372	-0.60673	-0.168248
6605	-0.28119	-0.36429	-0.45967	-0.0596322
862	-0.32582	-0.36566	-0.41031	0.167404
9942	-0.44263	-0.36586	-0.28238	NA
27243	-0.1517	-0.36774	-0.57484	0.00542903
55696	-0.46676	-0.36782	-0.26234	0.0754267
8636	-0.41017	-0.36795	NA	NA
6182	-0.38527	-0.37019	-0.35529	0.035072
9482	-0.47023	-0.37023	-0.26267	0.0343093
9592	-0.5257	-0.37169	-0.19486	-0.110218
7328	-0.37792	-0.37245	NA	NA
84984	-0.46664	-0.37429	NA	NA
54331	0.041026	-0.37449	-0.86126	0.01701
5573	-0.51317	-0.37455	NA	NA
5876	-0.36992	-0.37549	NA	NA
5629	-0.4384	-0.37583	NA	NA
117608	-0.53721	-0.37598	-0.21279	-0.126708
9414	-0.37452	-0.37662	NA	NA
51372	-0.20822	-0.37688	-0.55766	NA
2952	-0.46931	-0.37707	-0.27894	-0.0967803
949	-0.42024	-0.37741	NA	NA
23607	-0.48493	-0.37766	NA	NA
401494	-0.10612	-0.37815	-0.70378	-0.0827023
9493	-0.4309	-0.37892	-0.32817	NA
10445	-0.56441	-0.37897	-0.17004	0.231307
162993	-0.3069	-0.37915	NA	NA
8295	-0.52028	-0.37946	-0.2344	-0.0939923
57494	-0.26105	-0.37964	-0.51447	-0.229388
5720	-0.11093	-0.38002	-0.72291	-0.125824
4705	-0.61852	-0.3801	-0.1349	0.00796656
2326	-0.42514	-0.38048	NA	NA
79647	-0.20653	-0.38073	NA	NA
8942	-0.3324	-0.38105	-0.42923	-0.350917
26100	-0.29482	-0.3818	-0.48233	0.0202766
1299	-0.44028	-0.38243	NA	-0.23431
54888	-0.51309	-0.38259	NA	NA
1891	-0.27547	-0.38264	-0.49332	-0.22079
84243	-0.48547	-0.38266	-0.26964	0.203494
4826	-0.23852	-0.38289	-0.55704	-0.022857
9686	-0.5591	-0.38334	-0.21038	NA
3643	-0.64026	-0.38343	-0.095574	-0.109791
3572	-0.49706	-0.38364	-0.25987	-0.154502
55893	-0.40767	-0.38365	-0.35758	-0.153695
9371	-0.36563	-0.38389	NA	NA
23511	-0.50316	-0.3848	NA	NA
8999	-0.46603	-0.38498	NA	NA
124975	-0.4396	-0.38545	NA	0.0173181
54816	-0.58526	-0.38598	-0.17892	0.0231502
9507	-0.44506	-0.3873	NA	-0.398959
57636	-0.27545	-0.38977	-0.49878	NA
1525	-0.29798	-0.39083	-0.50048	-0.0986718
4255	-0.15054	-0.39123	-0.66523	-0.162511
100505741	-0.27025	-0.39163	-0.52722	-0.182553
58512	-0.29552	-0.39176	-0.49996	0.366415
5592	-0.31568	-0.39328	-0.4823	-0.136935
55299	-0.49557	-0.39354	-0.28503	NA
9535	-0.11448	-0.39419	-0.65129	-0.177026
57050	-0.35466	-0.3958	NA	NA
93323	-0.57187	-0.39609	-0.20243	0.0563958
7941	-0.33598	-0.39611	-0.45421	-0.214343
4091	-0.38813	-0.3962	NA	-0.354653
10124	-0.39079	-0.39679	-0.40547	0.267587
26167	-0.4436	-0.39682	NA	NA
23474	-0.43771	-0.39746	-0.35668	-0.0511355
7098	-0.30367	-0.39791	-0.50272	-0.26431
54555	-0.28693	-0.3985	NA	NA
256471	-0.49353	-0.40003	NA	NA
521	-0.20943	-0.40025	-0.57842	-0.184653
254956	-0.23615	-0.40246	-0.56702	-0.138336
26258	-0.16302	-0.40318	-0.66103	0.138692
340385	-0.32324	-0.40345	-0.4863	NA
100131390	-0.53592	-0.40347	-0.25724	0.152016
115361	-0.42356	-0.40364	NA	-0.12642
5142	-0.53412	-0.4042	-0.27078	0.0682615
196883	-0.45492	-0.4042	NA	-0.253863
55740	-0.38725	-0.40523	NA	-0.423607
8912	-0.11337	-0.40613	-0.68759	-0.0447037
11149	-0.47298	-0.40698	NA	-0.362151
8974	-0.29877	-0.4071	-0.52882	-0.208208
9537	-0.31572	-0.40756	-0.51467	0.166606
80143	-0.55643	-0.40819	-0.25313	-0.174271
7100	-0.3041	-0.40893	-0.52706	NA
6651	-0.53914	-0.40909	-0.27032	NA
57165	-0.47924	-0.40913	-0.34	-0.39715
55277	-0.15491	-0.40931	-0.70229	-0.123546
5922	-0.47262	-0.40949	NA	NA
254050	-0.46642	-0.40959	NA	NA
4087	-0.21447	-0.41034	-0.6589	-0.122435
79729	-0.5744	-0.41071	NA	NA
60561	-0.53719	-0.41159	-0.28022	NA
4792	-0.57263	-0.41233	-0.23165	-0.0526966
5594	-0.24839	-0.41287	-0.61732	0.0982676
175	-0.3179	-0.41317	-0.50932	-0.381225
255488	-0.48664	-0.41361	NA	-0.117282
10795	-0.61636	-0.4141	-0.18584	-0.00607297
89765	-0.25491	-0.41446	-0.60497	0.00311124
1382	-0.43865	-0.41455	NA	NA
2861	-0.48165	-0.41475	NA	NA
1910	-0.21927	-0.41571	-0.65907	-0.175016
7993	-0.269	-0.41618	-0.54865	-0.225634
23178	-0.6219	-0.41631	-0.17472	-0.0438765
55698	-0.53318	-0.41729	-0.29621	0.0790448
51294	-0.47457	-0.41763	-0.35966	-0.122415
9235	-0.44674	-0.41852	NA	NA
51326	-0.47519	-0.41875	-0.35792	-0.0427977
1901	-0.32005	-0.41978	-0.53359	-0.157843
51191	-0.26659	-0.41981	-0.59658	-0.21156
307	-0.38091	-0.41989	-0.45942	-0.449842
442213	-0.54634	-0.41991	-0.2849	0.0388939
6801	-0.67028	-0.42012	-0.10834	-0.0429706
4833	-0.28542	-0.4211	-0.57195	0.0107775
83707	-0.49173	-0.42118	-0.34907	-0.183376
84701	-0.43855	-0.42187	NA	NA
55540	-0.34023	-0.42449	-0.51709	-0.296885
1620	-0.58626	-0.42512	-0.25257	0.316034
56246	-0.43728	-0.42635	NA	-0.323467
4716	-0.3929	-0.42635	NA	NA
200728	-0.13949	-0.42671	-0.77282	-0.0517104
81671	-0.50847	-0.42757	-0.34502	0.0178784
80790	-0.30529	-0.42776	-0.57331	-0.0168471
54756	-0.2757	-0.42842	-0.61042	-0.234373
390243	-0.55796	-0.4288	NA	NA
3770	-0.53719	-0.42916	-0.31512	0.0632801
654790	-0.57299	-0.42952	-0.26424	-0.0849384
11224	-0.27797	-0.43013	-0.59938	-0.00113222
1892	-0.29825	-0.43014	-0.55337	-0.0443477
55317	-0.32009	-0.43046	NA	-0.117037
727936	-0.29375	-0.43073	-0.56643	-0.421436
28974	-0.33697	-0.43211	-0.53174	NA
3148	-0.54753	-0.4322	-0.31525	0.0475163
84327	-0.55072	-0.43222	NA	NA
9677	-0.54408	-0.43263	-0.31305	0.00190027
23753	-0.31287	-0.43273	-0.54804	NA
81618	-0.36172	-0.43286	NA	NA
10347	-0.54619	-0.43288	-0.3149	-0.0413689
142678	-0.67193	-0.43437	-0.202	NA
133022	-0.33293	-0.43438	NA	NA
10066	-0.42966	-0.43646	NA	NA
5913	-0.28623	-0.43706	NA	NA
8480	-0.36153	-0.4374	-0.52304	0.121437
23043	-0.28329	-0.43778	-0.62194	-0.108555
91977	-0.51067	-0.43801	-0.36466	0.195202
9473	-0.50551	-0.43897	-0.37239	-0.359484
51175	-0.67056	-0.43911	-0.2114	-0.13993
388962	-0.45989	-0.43956	NA	0.0261255
836	-0.61168	-0.43976	-0.26076	-0.019332
4324	-0.54779	-0.43984	-0.32806	-0.363027
5264	-0.65779	-0.44029	-0.17381	0.115715
4323	-0.46014	-0.44051	NA	NA
60490	-0.44298	-0.44071	NA	NA
29063	-0.56441	-0.44091	-0.31308	NA
160760	-0.51715	-0.44122	-0.36294	-0.0463558
9882	-0.59708	-0.44137	-0.2713	-0.0476432
4651	-0.36564	-0.44394	NA	NA
2178	-0.46502	-0.44451	NA	-0.254594
64175	-0.59592	-0.44568	-0.27998	-0.0165115
9685	-0.36798	-0.44638	NA	NA
6497	-0.52741	-0.44645	NA	NA
10277	-0.56261	-0.44673	-0.32437	-0.218123
3856	-0.57547	-0.44729	-0.30842	NA
2686	-0.60824	-0.44734	-0.27103	0.0248687
4884	-0.38369	-0.44768	-0.52302	0.215504
3297	-0.46323	-0.44797	NA	NA
399948	-0.36295	-0.44818	-0.54079	-0.194416
53637	-0.50486	-0.44863	NA	-0.340162
10052	-0.60732	-0.4491	-0.28231	-0.125581
51506	-0.13653	-0.44956	-0.74729	0.00828345
29889	-0.5387	-0.4502	-0.35708	0.102453
8034	-0.56569	-0.45033	-0.3341	-0.0280109
10274	-0.60262	-0.4513	-0.29095	-0.0785155
84803	-0.57969	-0.45164	-0.31051	0.0139545
114885	-0.43474	-0.45286	-0.47339	-0.243104
23034	-0.35358	-0.45302	-0.54829	-0.336141
157922	-0.38762	-0.45473	NA	0.00517075
152273	-0.53002	-0.4549	-0.37654	-0.141154
10000	-0.55088	-0.45492	-0.35724	0.0892405
55615	-0.23704	-0.45601	-0.70023	-0.138765
6623	-0.24729	-0.45649	-0.66685	0.319076
6239	-0.34819	-0.45683	-0.56471	-0.436029
23165	-0.61072	-0.45694	NA	-0.258962
260434	-0.27551	-0.45699	-0.6857	0.107609
93474	-0.68305	-0.45724	-0.2072	0.0586871
55131	-0.60046	-0.45809	NA	NA
57677	-0.70305	-0.45905	-0.20451	0.0519797
55332	-0.29832	-0.45957	-0.61542	-0.187084
11059	-0.50998	-0.45983	-0.41131	-0.114224
7008	-0.39008	-0.46087	NA	NA
51573	-0.30996	-0.46159	-0.60093	0.0855906
9077	-0.33027	-0.46279	-0.62358	-0.0682407
9455	-0.49308	-0.46315	NA	NA
56941	-0.61357	-0.46339	-0.29277	0.115875
54520	-0.56056	-0.46475	NA	NA
6478	-0.60872	-0.46655	-0.31037	-0.0421701
79958	-0.37488	-0.46673	-0.57288	0.0725276
9725	-0.53179	-0.46752	NA	-0.423722
4495	-0.31129	-0.46808	-0.64741	-0.186044
9205	-0.7105	-0.46821	-0.22888	-0.0985545
55214	-0.38694	-0.46839	-0.56131	-0.219392
29803	-0.58881	-0.46913	-0.33685	-0.154034
145853	-0.4806	-0.46978	NA	NA
84153	-0.13644	-0.46995	-0.86799	-0.0889847
57708	-0.66788	-0.47003	-0.24805	-0.033818
115811	-0.35145	-0.47023	-0.60338	NA
1978	-0.31186	-0.47039	-0.66276	-0.086345
2184	-0.22004	-0.47151	-0.76738	-0.0616979
6284	-0.31494	-0.47175	-0.64642	-0.198493
2842	-0.5616	-0.47276	-0.37777	-0.00466946
23743	-0.30515	-0.47327	-0.63595	-0.0776953
5754	-0.54705	-0.4733	NA	NA
221937	-0.72294	-0.47405	-0.22015	-0.190663
5868	-0.3897	-0.47411	NA	NA
84645	-0.29677	-0.4745	-0.67513	-0.0639063
6168	-0.36835	-0.47462	-0.59392	-0.0975701
84902	-0.3217	-0.47558	-0.64831	-0.113982
9863	-0.50738	-0.47606	NA	NA
786	-0.31102	-0.47679	-0.67129	-0.0361323
84279	-0.55	-0.47713	-0.40272	NA
7275	-0.39341	-0.47769	-0.57348	NA
135398	-0.42435	-0.47818	-0.53885	0.180588
6205	-0.36134	-0.47835	NA	-0.0796186
140458	-0.45584	-0.47837	-0.50677	0.0740679
10021	-0.40417	-0.47873	-0.55408	-0.231665
1755	-0.5357	-0.47917	-0.42307	-0.484651
85463	-0.61572	-0.47972	NA	-0.262671
55051	-0.62531	-0.48023	-0.33572	NA
131544	-0.50267	-0.48206	-0.46242	-0.530854
5316	-0.42783	-0.4841	-0.54927	-0.0822311
84131	-0.54514	-0.48414	NA	NA
701	-0.5218	-0.4848	-0.44473	0.220232
2189	-0.52926	-0.48484	-0.43524	-0.133248
6509	-0.3066	-0.48507	-0.69582	-0.0650398
285855	-0.37198	-0.48513	NA	NA
4931	-0.57383	-0.48594	-0.38914	-0.202463
10195	-0.5939	-0.4872	-0.37282	-0.0526651
10234	-0.57517	-0.4887	-0.39533	NA
3337	-0.47184	-0.48893	-0.50924	NA
55970	-0.32484	-0.48895	-0.67932	-0.21339
11019	-0.59749	-0.48967	-0.38111	-0.0643739
80212	-0.51917	-0.48982	-0.46153	-0.0786794
285349	-0.55933	-0.49023	-0.41507	-0.0081081
112858	-0.56344	-0.49446	NA	NA
6575	-0.56691	-0.49475	-0.42211	-0.190409
84310	-0.36538	-0.49476	NA	NA
2896	-0.41529	-0.49503	-0.57662	-0.119732
55347	-0.59178	-0.49546	NA	NA
112942	-0.5398	-0.49561	NA	NA
170384	-0.6165	-0.49596	-0.37221	-0.0880247
3192	-0.60706	-0.49635	-0.37772	-0.0831904
91179	-0.70629	-0.49638	-0.28392	NA
2322	-0.62362	-0.49698	-0.35992	-0.158635
85363	-0.48449	-0.49712	NA	NA
10622	-0.56112	-0.49721	-0.43573	-0.611804
2135	-0.71378	-0.49783	-0.24332	0.0918569
515	-0.40878	-0.49816	-0.58313	NA
23198	-0.59211	-0.49831	NA	-0.136896
2232	-0.36486	-0.49876	-0.65604	-0.168782
10443	-0.69309	-0.49897	-0.29156	-0.183043
466	-0.56068	-0.49941	NA	NA
2587	-0.69702	-0.4997	-0.29028	0.142313
2107	-0.36224	-0.49989	NA	NA
257218	-0.58899	-0.50051	-0.40414	0.131207
124842	-0.652	-0.50052	-0.33466	0.241322
10319	-0.42188	-0.50067	-0.58216	NA
55173	-0.44353	-0.50069	NA	NA
25980	-0.5886	-0.50102	NA	NA
23554	-0.41517	-0.50187	NA	NA
79149	-0.43061	-0.50296	-0.57446	-0.22307
80896	-0.4323	-0.5033	NA	-0.380761
4008	-0.52677	-0.50335	-0.48432	-0.333138
975	-0.41017	-0.50349	NA	-0.12304
4726	-0.32655	-0.50385	NA	NA
4145	-0.59763	-0.50531	-0.41131	0.0605939
131583	-0.68845	-0.50545	-0.29522	-0.0839326
1522	-0.59496	-0.50548	-0.4149	-0.328388
688	-0.52902	-0.50615	NA	0.00442847
124152	-0.35626	-0.50704	-0.68313	-0.377932
595	-0.52379	-0.50944	NA	-0.346081
8027	-0.65168	-0.50977	NA	NA
26278	-0.59123	-0.50992	-0.42899	0.0357145
152789	-0.34784	-0.51056	-0.70753	-0.0727726
126432	-0.52445	-0.51075	-0.4981	-0.214388
23632	-0.55966	-0.51086	NA	-0.402708
79109	-0.39045	-0.5118	-0.63977	NA
92312	-0.33174	-0.51338	-0.70497	-0.295675
114786	-0.38649	-0.51445	-0.67126	-0.0592545
80209	-0.63688	-0.51482	-0.38191	NA
55870	-0.65143	-0.51491	-0.36194	0.16517
22989	-0.33524	-0.51541	-0.69998	-0.278645
22921	-0.41107	-0.5157	-0.62317	-0.313925
11341	-0.41013	-0.51731	-0.62062	-0.355819
10128	-0.63755	-0.51765	-0.39263	NA
7095	-0.73191	-0.51807	-0.29759	-0.0121844
137868	-0.56512	-0.51814	-0.4741	NA
60681	-0.47346	-0.5184	NA	NA
4729	-0.52213	-0.51976	NA	NA
3002	-0.58409	-0.52008	NA	NA
2130	-0.63923	-0.52012	-0.4021	NA
79581	-0.48703	-0.5205	-0.55854	-0.1014
23210	-0.74065	-0.52156	-0.30052	NA
219844	-0.71355	-0.52181	-0.30634	0.193603
55048	-0.32824	-0.5221	-0.75992	0.0105316
79058	-0.69203	-0.52304	-0.3355	-0.149409
1111	-0.51851	-0.5236	-0.52948	-0.263807
2356	-0.45268	-0.52454	NA	-0.355939
85313	-0.44998	-0.52458	NA	NA
3275	-0.25096	-0.52513	-0.81199	-0.243247
10657	-0.48782	-0.52532	NA	NA
348094	-0.45192	-0.52575	-0.60909	-0.24595
51094	-0.27429	-0.5268	-0.84043	-0.0788071
9373	-0.59307	-0.52695	NA	NA
84159	-0.82468	-0.52723	-0.22019	-0.127833
26298	-0.60644	-0.52771	-0.44968	-0.360103
5423	-0.51341	-0.52787	NA	-0.161879
6925	-0.5806	-0.52795	-0.47254	NA
5204	-0.40026	-0.52915	NA	NA
2944	-0.38783	-0.52995	-0.6955	-0.0597089
1025	-0.56466	-0.53001	NA	NA
10015	-0.70012	-0.53012	-0.3392	0.00633623
6640	-0.41737	-0.53058	-0.65769	0.0486071
5453	-0.63771	-0.53121	-0.4245	-0.393879
64327	-0.7307	-0.53174	-0.32883	-0.0444555
3945	-0.53081	-0.53251	-0.53436	0.0616354
6662	-0.40907	-0.53286	NA	NA
66002	-0.49321	-0.53411	-0.58126	NA
23047	-0.82452	-0.53454	-0.23133	0.049694
79962	-0.58312	-0.53469	-0.48757	-0.170808
54882	-0.62782	-0.53549	NA	NA
5163	-0.60687	-0.53724	-0.46308	0.160074
8382	-0.70882	-0.53809	-0.35267	0.100683
5450	-0.54971	-0.53821	NA	-0.397945
79728	-0.73577	-0.53893	-0.34621	NA
400410	-0.39909	-0.53915	-0.70507	-0.0619141
950	-0.62607	-0.5395	NA	NA
23062	-0.69763	-0.54009	-0.35748	0.183761
5348	-0.40086	-0.54181	-0.69452	NA
2895	-0.40538	-0.5427	-0.70097	-0.161823
11274	-0.49737	-0.54284	-0.59423	-0.166455
137209	-0.35653	-0.54299	-0.77104	-0.201388
1060	-0.61161	-0.54412	-0.46969	-0.0207694
9611	-0.63444	-0.54514	NA	NA
29886	-0.58146	-0.5453	-0.50834	0.0320211
131034	-0.59456	-0.54636	-0.49877	0.0710885
8531	-0.55078	-0.547	NA	NA
284348	-0.71662	-0.54778	-0.36101	-0.00679574
143684	-0.78584	-0.54782	-0.30215	-0.126818
26002	-0.44562	-0.54791	-0.64148	-0.0671141
5519	-0.55886	-0.54828	NA	-0.614836
11060	-0.71037	-0.54839	NA	NA
54986	-0.70989	-0.54857	NA	NA
25948	-0.77791	-0.55002	-0.32928	-0.0619198
2676	-0.58013	-0.55058	NA	NA
11232	-0.70397	-0.55097	NA	NA
116983	-0.52712	-0.55153	-0.58047	0.141286
64759	-0.4294	-0.55161	-0.68907	-0.0220924
51018	-0.42334	-0.55194	NA	NA
56937	-0.66882	-0.55225	-0.42909	-0.275367
4043	-0.71318	-0.55373	-0.37494	0.023479
26012	-0.46225	-0.55493	-0.66023	-0.0235585
85439	-0.38632	-0.55527	-0.75358	-0.150434
4599	-0.66132	-0.55559	-0.44749	-0.238913
6209	-0.39935	-0.55627	NA	NA
1827	-0.62721	-0.55654	-0.48787	0.0938392
4830	-0.50449	-0.55701	NA	NA
10747	-0.74952	-0.55707	-0.33838	0.0512385
23505	-0.54491	-0.55708	NA	NA
84060	-0.65014	-0.55733	-0.45661	0.119722
4893	-0.44525	-0.55734	-0.68453	-0.316158
22845	-0.44111	-0.55797	NA	NA
103910	-0.2124	-0.55869	-0.87799	-0.0480636
27098	-0.52211	-0.55881	NA	NA
359948	-0.70562	-0.55914	-0.41008	-0.242772
23456	-0.71362	-0.55927	-0.38903	0.071163
154807	-0.27133	-0.5597	-0.83987	0.0441737
6150	-0.36644	-0.56055	-0.75332	-0.0319208
6048	-0.31254	-0.56091	-0.80135	-0.0784982
80314	-0.66306	-0.56204	-0.4527	-0.0177018
3310	-0.49961	-0.56224	NA	NA
4801	-0.66345	-0.56254	NA	-0.026716
6903	-0.65523	-0.56293	NA	NA
9632	-0.71059	-0.56456	NA	NA
9289	-0.36202	-0.56503	-0.79948	-0.0567319
998	-0.31812	-0.56903	-0.85221	0.0442835
4901	-0.45803	-0.56905	-0.69066	-0.214231
1608	-0.5669	-0.5706	-0.57787	-0.467753
26249	-0.72981	-0.57184	-0.40613	-0.0656828
10890	-0.54958	-0.57204	NA	NA
389493	-0.45207	-0.57238	-0.71778	0.0933306
5549	-0.41817	-0.5725	-0.71135	-0.12185
2230	-0.66703	-0.57346	-0.47875	-0.0498877
221294	-0.6849	-0.57431	-0.46053	-0.276946
6293	-0.70569	-0.57464	NA	NA
8884	-0.70688	-0.57552	-0.42975	-0.0510246
7022	-0.58105	-0.57747	NA	NA
51300	-0.57155	-0.57748	NA	NA
6161	-0.4428	-0.5784	-0.73479	-0.080407
6314	-0.69676	-0.58048	-0.4545	0.0378317
29058	-0.4894	-0.58076	NA	NA
57539	-0.7026	-0.58133	NA	NA
10766	-0.53874	-0.58162	NA	NA
63928	-0.5484	-0.58213	-0.61582	-0.405872
11061	-0.39844	-0.58243	-0.80029	-0.333393
286319	-0.53264	-0.58349	NA	0.0424329
8224	-0.69931	-0.58357	-0.45252	0.364745
1054	-0.6916	-0.58482	NA	NA
7390	-0.29079	-0.58754	-0.91275	0.23881
64101	-0.86853	-0.58822	-0.26032	0.0652982
64087	-0.56328	-0.5885	NA	NA
2731	-0.54896	-0.58882	-0.63382	-0.273583
79441	-0.65171	-0.5891	-0.52019	-0.101423
92196	-0.30535	-0.58931	-0.94373	-0.159316
84928	-0.56351	-0.59148	NA	-0.324811
55967	-0.58645	-0.59307	-0.60008	-0.0664107
51444	-0.71034	-0.59343	NA	NA
6272	-0.71273	-0.59421	-0.47438	-0.129508
3352	-0.57685	-0.59448	-0.61666	0.310794
8322	-0.71975	-0.59449	-0.45533	-0.117338
4493	-0.42716	-0.59472	-0.7936	-0.193988
256933	-0.56335	-0.59483	-0.63247	-0.102492
57561	-0.72419	-0.59644	NA	NA
53615	-0.77133	-0.59665	-0.41883	0.0624647
50944	-0.47547	-0.59728	-0.74126	0.139683
89782	-0.75307	-0.5976	-0.42811	-0.0980491
80119	-0.72836	-0.59831	-0.45665	-0.135225
83482	-0.74621	-0.59937	-0.43688	0.0202091
22862	-0.54116	-0.60077	-0.67003	-0.189034
55270	-0.67873	-0.60155	-0.5248	0.137107
10655	-0.6486	-0.60161	NA	-0.573326
80014	-0.65946	-0.60181	-0.53818	-0.217549
80817	-0.82626	-0.60232	-0.35919	-0.0332016
23221	-0.68995	-0.60267	-0.51486	-0.0804218
79026	-0.41435	-0.6039	-0.84043	-0.199723
26147	-0.66551	-0.60393	-0.53706	0.0177387
9481	-0.64544	-0.60467	-0.56349	NA
4056	-0.48751	-0.60507	-0.73107	-0.226475
5584	-0.62718	-0.60599	-0.58402	0.180749
7772	-0.46231	-0.60707	-0.76847	-0.103754
1384	-0.61584	-0.6074	NA	NA
6664	-0.44878	-0.6081	-0.7974	-0.177084
5050	-0.48461	-0.60831	-0.75516	-0.0558684
29117	-0.3224	-0.60977	-0.92993	-0.102616
926	-0.61408	-0.60977	-0.60713	-0.298235
55612	-0.53484	-0.61001	-0.68119	-0.369244
11062	-0.53122	-0.61132	NA	-0.0336849
3632	-0.70609	-0.61222	-0.51498	-0.0438272
259293	-0.92041	-0.61251	-0.30919	-0.179921
594855	-0.44989	-0.6131	-0.81811	-0.142308
284406	-0.70261	-0.61324	NA	NA
284417	-0.55201	-0.61329	NA	NA
114783	-0.68132	-0.61355	NA	NA
54492	-0.55982	-0.61412	-0.67704	-0.0848805
200933	-0.78193	-0.61512	-0.44714	0.13592
2323	-0.61435	-0.61547	NA	NA
6335	-0.41299	-0.61586	-0.88224	-0.111915
285382	-0.50963	-0.61619	-0.73926	-0.119025
8774	-0.669	-0.61621	-0.56651	-0.0885747
79955	-0.66862	-0.61707	-0.56718	-0.0265875
10535	-0.39833	-0.61762	-0.89637	-0.0970758
80758	-0.52894	-0.61771	-0.71639	-0.00101073
55031	-0.81243	-0.6186	-0.41863	NA
124925	-0.48764	-0.61899	-0.77321	-0.0706683
55854	-0.48748	-0.61903	-0.75289	NA
60	-0.48783	-0.62004	-0.7645	0.0661299
199953	-0.72632	-0.62059	-0.516	-0.225585
26521	-0.095361	-0.62106	-1.1449	-0.124652
6320	-0.66607	-0.62111	-0.57824	-0.356974
133690	-0.32961	-0.62133	-0.95491	0.0161309
246213	-0.44021	-0.62218	-0.77499	-0.185122
375704	-0.49714	-0.62227	NA	NA
8909	-0.45162	-0.62242	-0.80462	0.0907779
8671	-0.48706	-0.62275	-0.77809	-0.0974058
56341	-0.86519	-0.62433	-0.38271	-0.0130153
200765	-0.76517	-0.6244	NA	NA
2639	-0.55648	-0.62603	NA	NA
2767	-0.6235	-0.62657	NA	NA
5478	-0.62313	-0.62683	NA	NA
55244	-0.72592	-0.6273	-0.52762	-0.255478
25962	-0.74291	-0.62921	NA	NA
285381	-0.66633	-0.62925	-0.59433	-0.0380866
94086	-0.75335	-0.62948	-0.50235	NA
55218	-0.6745	-0.62987	NA	NA
84450	-0.73115	-0.631	NA	NA
23164	-0.83703	-0.63124	-0.43012	-0.0242168
51602	-0.69318	-0.63145	-0.56507	NA
80760	-0.6829	-0.63161	-0.58354	-0.132587
2829	-0.63717	-0.6319	NA	NA
146227	-0.73624	-0.63278	-0.52552	0.122613
22931	-0.50356	-0.63345	NA	NA
5445	-0.45645	-0.63384	-0.8359	-0.224126
3931	-0.57969	-0.63411	NA	NA
284346	-0.51462	-0.6349	-0.77538	0.0156466
5652	-0.62068	-0.635	NA	NA
57129	-0.67193	-0.63507	-0.60044	-0.119573
8309	-0.46562	-0.63553	-0.82296	-0.157822
344758	-0.69958	-0.63684	NA	-0.00785908
1643	-0.70296	-0.63892	-0.57691	-0.351569
2172	-0.57991	-0.6396	-0.69516	-0.340805
2272	-0.62221	-0.64082	NA	-0.472222
8819	-0.62886	-0.64083	-0.65277	-0.219622
94235	-0.50129	-0.64185	-0.79138	NA
7038	-0.50964	-0.64262	-0.75964	-0.196527
11316	-0.54852	-0.64275	NA	NA
9435	-0.70853	-0.64332	-0.58003	-0.0448918
8621	-0.79706	-0.64464	-0.47319	-0.00637686
9310	-0.70508	-0.64472	NA	NA
10324	-0.67447	-0.64607	NA	-0.0317295
4720	-0.6893	-0.64644	NA	NA
9851	-0.68271	-0.64703	NA	NA
1318	-0.72266	-0.64752	NA	-0.379133
361	-0.48312	-0.64754	-0.84668	-0.236719
23099	-0.89533	-0.64814	-0.39892	-0.0707598
79134	-0.59859	-0.64855	NA	NA
9267	-0.76747	-0.64928	NA	-0.357685
3661	-0.80335	-0.65021	-0.48295	0.0277832
4985	-0.83228	-0.65067	-0.44716	0.289418
144108	-0.57064	-0.65111	NA	NA
10268	-0.74111	-0.65222	-0.56463	-0.439061
11033	-0.61461	-0.65349	NA	NA
5028	-0.57835	-0.65353	NA	NA
55757	-0.85734	-0.65382	NA	NA
494143	-0.64192	-0.65411	NA	NA
6133	-0.61562	-0.65429	NA	-0.034958
5096	-0.60577	-0.6543	NA	NA
23279	-0.81227	-0.65444	NA	NA
3736	-0.76042	-0.65654	-0.54978	-0.0512114
55850	-0.55551	-0.65669	NA	NA
9353	-0.79939	-0.65747	-0.50169	-0.0523725
8642	-0.60775	-0.65775	-0.7139	-0.148623
540	-0.60207	-0.65815	-0.72551	0.032543
80221	-0.47518	-0.65824	-0.86049	-0.127451
6508	-0.40159	-0.65952	-0.99891	-0.0745197
162494	-0.8337	-0.65964	-0.46819	-0.0185635
107	-0.7648	-0.65967	-0.5544	-0.0140702
7866	-0.85132	-0.65988	-0.45389	-0.0375877
65258	-0.72275	-0.65996	NA	NA
150590	-0.74148	-0.66015	NA	NA
904	-0.77632	-0.66034	-0.54077	-0.0550337
388799	-0.70224	-0.66044	-0.62118	NA
63027	-0.77074	-0.66053	-0.5483	-0.044313
56986	-0.64166	-0.6613	-0.68338	-0.228735
10129	-0.74905	-0.66259	NA	NA
252995	-0.98844	-0.66381	-0.25584	0.168167
10692	-0.72279	-0.66382	-0.60918	NA
2922	-0.50028	-0.66411	-0.85897	-0.189362
55669	-0.74335	-0.66578	NA	NA
1329	-0.66363	-0.66615	NA	NA
57451	-0.74268	-0.66683	-0.58268	0.188393
28957	-0.61437	-0.66689	NA	NA
728819	-0.7225	-0.66871	-0.6176	NA
9759	-0.82694	-0.66939	-0.49664	-0.118431
6506	-0.54661	-0.66985	NA	NA
79086	-0.45303	-0.6707	-0.90373	NA
57720	-0.42927	-0.67349	-0.92424	-0.17312
2268	-0.72379	-0.67388	-0.62614	-0.284532
2820	-0.5082	-0.67452	-0.8808	-0.056881
1628	-0.71994	-0.67523	NA	NA
27303	-0.70267	-0.67612	NA	-0.351917
94103	-0.80126	-0.67647	-0.54413	NA
80829	-0.72202	-0.67691	NA	-0.00218012
284086	-0.7735	-0.67881	NA	NA
79752	-0.80721	-0.67888	NA	NA
10636	-0.51541	-0.67921	-0.88403	0.196134
26155	-0.75669	-0.67954	NA	NA
4017	-0.86279	-0.67966	NA	NA
51720	-0.87088	-0.68175	-0.46155	-0.158726
1676	-0.65618	-0.68176	NA	NA
57223	-0.78668	-0.68231	NA	NA
63893	-0.77115	-0.68319	-0.59178	0.159676
4358	-0.57815	-0.68323	NA	NA
1981	-0.51045	-0.68352	NA	NA
22976	-0.86136	-0.68393	-0.48248	-0.0228534
124045	-0.35412	-0.68405	-1.1415	-0.0806617
2954	-0.70796	-0.68468	NA	NA
51684	-0.59179	-0.68492	-0.79596	NA
140733	-0.36621	-0.68564	-1.1166	0.396486
57179	-0.57556	-0.68612	-0.80664	0.0751402
79666	-0.65111	-0.68639	-0.72865	0.0681564
965	-0.5859	-0.68652	-0.77806	-0.184987
51012	-0.68341	-0.68718	-0.69192	-0.329063
84125	-0.65591	-0.68724	-0.72186	-0.113924
56896	-0.68919	-0.68762	-0.69122	-0.433684
4700	-0.63883	-0.6886	-0.73414	-0.112273
444	-0.60215	-0.68995	-0.78124	NA
5184	-0.77167	-0.69023	-0.6097	-0.217011
1874	-0.77083	-0.69059	-0.60667	NA
54620	-0.64527	-0.69063	NA	NA
2139	-0.52256	-0.69101	-0.87694	-0.171064
348654	-0.76887	-0.69258	NA	NA
81858	-0.75441	-0.69284	NA	NA
6051	-0.7307	-0.69323	NA	NA
203	-0.74102	-0.69342	NA	-0.127999
84912	-0.82044	-0.69474	-0.5729	0.0353704
10850	-0.92668	-0.69474	-0.40988	0.0109544
55768	-0.89014	-0.69563	-0.49611	-0.0568142
7903	-0.7014	-0.69585	-0.69082	-0.095865
3727	-0.71813	-0.69618	NA	NA
6900	-0.79291	-0.69637	NA	-0.359376
4179	-0.79459	-0.69797	NA	NA
51068	-0.85261	-0.69868	NA	NA
84747	-0.72296	-0.69898	NA	NA
55349	-0.60973	-0.69949	NA	-0.243423
26007	-0.46012	-0.70011	-1.01	-0.0994721
9080	-0.77752	-0.70065	NA	NA
5272	-0.81468	-0.70217	-0.58684	-0.112326
5993	-0.83312	-0.70266	-0.56583	-0.0898324
56302	-0.78229	-0.70366	-0.62826	-0.314818
7434	-0.88801	-0.7037	-0.49837	0.0155762
3069	-0.61212	-0.7046	-0.79503	NA
6539	-0.73047	-0.70509	NA	-0.0700218
9972	-0.82591	-0.70616	NA	0.0455033
10871	-0.72335	-0.70659	NA	NA
55012	-0.55793	-0.70716	-0.83783	-0.0974236
9332	-0.58439	-0.70738	-0.8443	-0.223989
126068	-0.79933	-0.7076	NA	NA
9044	-0.77954	-0.70767	NA	NA
56977	-0.79098	-0.70775	-0.61427	0.168376
6440	-0.72996	-0.70805	NA	NA
55215	-0.8481	-0.70833	-0.56664	0.0282458
8632	-0.78192	-0.7085	-0.63819	-0.399118
3419	-0.77396	-0.70915	-0.64694	-0.122571
9201	-0.83691	-0.70944	-0.58037	-0.133808
8019	-0.74325	-0.70981	NA	NA
29997	-0.89279	-0.71018	-0.50749	-0.129156
9873	-0.68219	-0.71055	NA	NA
3984	-0.73	-0.7107	-0.69306	-0.101446
55610	-0.87006	-0.71153	NA	NA
160857	-0.82078	-0.71258	-0.60194	-0.245214
1616	-0.87087	-0.71339	-0.54166	0.0936066
22852	-0.82842	-0.71445	-0.59054	0.170617
8940	-0.82978	-0.71477	-0.59059	NA
79811	-0.8417	-0.71644	NA	-0.207864
286	-0.88406	-0.71768	-0.52969	-0.0360068
148266	-0.74946	-0.71837	NA	NA
4499	-0.55256	-0.71942	-0.91272	-0.226679
1660	-0.84181	-0.7195	-0.59191	NA
90826	-0.87863	-0.71958	-0.55103	0.0525245
84885	-0.52391	-0.72182	-0.92802	-0.120736
51129	-0.61915	-0.72184	NA	-0.269987
5170	-0.6638	-0.72189	NA	0.340164
1496	-0.52724	-0.72285	NA	NA
200576	-0.97947	-0.72476	-0.45314	-0.104425
64080	-0.80932	-0.72513	-0.64246	-0.415051
56944	-0.56109	-0.72552	-0.88091	-0.216193
200172	-0.79514	-0.72585	NA	NA
672	-0.8431	-0.72669	NA	-0.264175
3433	-0.73766	-0.72674	NA	-0.399302
22994	-0.76906	-0.72869	NA	NA
387	-0.56404	-0.72871	-0.90653	-0.348616
4852	-0.54317	-0.72973	-0.90532	-0.311634
51542	-1.0587	-0.73069	-0.3939	-0.163542
3141	-0.68664	-0.73096	-0.7752	-0.508537
54807	-0.92454	-0.73128	-0.53592	-0.197735
23126	-0.86337	-0.73131	NA	0.0454525
145483	-0.73068	-0.73136	NA	NA
10553	-0.8464	-0.73146	-0.61591	-0.126484
25949	-0.60834	-0.73162	NA	-0.0812918
27124	-0.80714	-0.73192	NA	-0.0194918
51065	-0.64491	-0.73344	NA	NA
9883	-0.85992	-0.73362	NA	NA
116843	-0.77659	-0.735	NA	NA
214	-0.63595	-0.73676	-0.85761	-0.327435
2176	-0.90379	-0.73694	NA	-0.0975162
4669	-0.72691	-0.73722	NA	-0.41818
10236	-0.6669	-0.7375	-0.82466	NA
1719	-0.77107	-0.73787	NA	NA
284434	-0.60462	-0.73798	-0.89496	-0.191647
220988	-1.0105	-0.7383	-0.45332	-0.0621443
5782	-0.95542	-0.74078	-0.5246	-0.118284
83733	-0.5954	-0.74239	-0.9011	-0.0575535
60684	-0.78038	-0.74405	NA	NA
23339	-0.87165	-0.74415	NA	NA
51293	-0.80673	-0.74439	-0.68634	-0.0510265
126969	-0.60551	-0.74527	-0.90075	-0.179624
115704	-0.71469	-0.74534	NA	NA
79145	-0.63429	-0.74548	-0.85843	-0.170475
9830	-0.78729	-0.74557	-0.70024	0.29681
84190	-0.83092	-0.74625	-0.66301	NA
80135	-0.95184	-0.74705	NA	NA
135293	-0.79216	-0.74714	-0.69449	-0.0300181
644186	-0.68771	-0.74918	NA	NA
4882	-0.87106	-0.74943	-0.62393	NA
27156	-0.61587	-0.74944	-0.87089	-0.12003
4507	-1.0034	-0.74969	-0.45876	-0.0661953
124222	-0.83912	-0.74969	NA	-0.182849
1977	-0.87527	-0.74989	NA	0.0752546
84696	-0.62354	-0.74994	-0.89729	-0.227466
8509	-0.61022	-0.74998	-0.86811	0.0520144
8869	-0.95097	-0.75062	-0.53134	-0.199106
57226	-0.51329	-0.75079	-1.0462	0.0868362
56655	-0.45324	-0.75182	-1.051	-0.195267
1515	-0.80117	-0.75196	NA	-0.424179
6222	-0.56786	-0.75244	-0.96662	-0.0745522
57191	-0.87556	-0.75245	NA	NA
55599	-0.83678	-0.7536	NA	NA
153769	-0.93737	-0.75419	-0.55191	0.229834
10054	-0.82363	-0.75436	NA	NA
84735	-0.85706	-0.75459	-0.6549	-0.312981
28992	-0.89063	-0.75541	NA	NA
57507	-0.72271	-0.75554	-0.79721	NA
9546	-0.80528	-0.75579	NA	NA
140823	-0.59367	-0.75582	-0.90868	NA
8915	-0.93297	-0.75658	-0.56037	NA
8609	-0.73418	-0.75696	NA	NA
23568	-0.895	-0.75705	-0.60342	0.0966778
7768	-0.97211	-0.75731	-0.5225	NA
160428	-0.82711	-0.75907	NA	NA
843	-0.79223	-0.75923	NA	NA
7289	-0.72912	-0.76124	NA	NA
55711	-0.86875	-0.76143	-0.65673	0.0115497
23112	-0.90817	-0.76265	-0.60264	0.102711
57691	-0.92364	-0.76497	-0.58477	0.019392
6576	-0.66538	-0.76575	-0.86623	-0.38081
8737	-0.88099	-0.76602	-0.63943	NA
7204	-0.82856	-0.76642	-0.69578	0.19951
114327	-0.95016	-0.7665	-0.57958	NA
50856	-0.52272	-0.76853	-1.0103	-0.242863
196513	-1.0264	-0.76966	-0.49751	NA
285190	-1.0766	-0.76973	-0.45468	0.0566735
255809	-0.67318	-0.77001	NA	NA
125931	-0.77294	-0.77092	NA	NA
10861	-0.74614	-0.77307	NA	NA
56829	-0.52243	-0.77309	-1.0918	-0.221204
125893	-0.702	-0.7733	NA	NA
2969	-0.86165	-0.77336	NA	NA
23598	-0.76701	-0.77477	NA	NA
2634	-0.84261	-0.77543	-0.71346	-0.43169
9543	-0.90041	-0.77643	-0.63898	0.156268
5557	-0.95329	-0.7774	-0.58253	-0.0390292
5209	-0.69121	-0.7778	-0.86881	NA
5934	-0.8758	-0.77837	NA	-0.179284
10096	-0.65478	-0.77863	-0.90198	-0.0450955
3738	-0.89176	-0.77866	-0.66317	-0.0707134
80012	-0.85613	-0.77992	NA	NA
114134	-0.84061	-0.78034	NA	0.257699
10447	-0.88431	-0.78253	-0.67058	0.248462
5985	-0.78698	-0.78287	NA	-0.057146
7469	-0.93222	-0.783	-0.61647	-0.0590619
2647	-0.67658	-0.78563	NA	NA
1104	-0.91578	-0.78563	-0.63856	0.0169056
55713	-0.83881	-0.78616	NA	NA
6095	-1.1486	-0.78662	-0.39656	0.140832
83986	-0.88183	-0.78748	NA	-0.448289
219736	-0.60488	-0.78758	-0.97385	NA
143903	-0.82735	-0.78777	NA	-0.346025
7025	-0.80293	-0.78783	-0.77205	0.218467
85458	-0.81606	-0.78823	NA	-0.399332
55653	-1.0052	-0.78866	-0.57173	NA
54587	-0.70809	-0.78879	-0.87865	-0.420403
9925	-0.97397	-0.78926	-0.59757	NA
83450	-0.88292	-0.78946	-0.69701	0.0738284
84870	-0.60725	-0.78957	-1.0188	-0.0145515
27097	-0.88506	-0.78975	NA	-0.0945976
140901	-0.86748	-0.79005	NA	NA
27148	-0.88933	-0.79017	-0.6863	-0.0384694
57489	-0.91955	-0.79113	-0.65106	0.029351
80320	-0.84254	-0.79135	NA	NA
7391	-0.86368	-0.79167	NA	NA
4899	-0.91536	-0.79205	NA	NA
661	-0.87558	-0.79243	-0.71405	NA
9687	-1.024	-0.79292	-0.54245	-0.0573521
5438	-0.60816	-0.79375	-0.95496	-0.0948444
1207	-0.64403	-0.79441	-0.95457	NA
57479	-0.82331	-0.79603	NA	NA
27152	-0.69583	-0.79771	-0.91788	-0.254647
84107	-0.82702	-0.79799	-0.77192	-0.406469
221823	-0.69594	-0.79809	NA	NA
79568	-0.85158	-0.79844	NA	NA
6251	-0.57056	-0.79853	-1.0093	-0.25882
79830	-0.7009	-0.79969	NA	NA
2263	-0.888	-0.80036	-0.71589	-0.442022
55288	-0.91471	-0.80089	NA	NA
55017	-0.80328	-0.80251	NA	-0.0499563
145567	-0.67414	-0.80281	-0.94828	-0.145452
1363	-0.49681	-0.805	-1.198	-0.139277
116151	-0.97193	-0.80634	-0.63626	0.114318
29095	-0.73072	-0.8068	-0.87129	-0.351287
116535	-0.96388	-0.80707	-0.64208	-0.187792
57103	-0.92231	-0.80738	-0.69417	-0.0914915
92521	-0.99055	-0.80775	-0.62532	-0.22653
3996	-0.85494	-0.8083	NA	NA
90952	-0.87601	-0.80862	-0.74594	-0.134725
154313	-0.80922	-0.80933	NA	NA
11248	-0.95169	-0.80973	-0.65958	-0.151343
2946	-0.61001	-0.81005	-1.0428	-0.214601
10276	-0.88276	-0.81058	-0.73965	-0.24991
223117	-0.64902	-0.81112	-1.0136	-0.00126404
3384	-0.87702	-0.81158	-0.74908	-0.2158
10527	-1.0759	-0.81215	NA	NA
6305	-0.67926	-0.81295	-0.95832	-0.166823
22977	-0.671	-0.81368	-0.95166	-0.195876
6601	-0.93601	-0.81372	-0.69432	0.00415713
6726	-0.63575	-0.81444	-0.98906	-0.0705844
92912	-0.91304	-0.81611	NA	NA
132946	-0.81421	-0.81779	-0.82284	0.370524
28981	-0.85414	-0.81966	NA	NA
144233	-0.91468	-0.82016	NA	NA
6541	-0.82641	-0.82028	-0.81624	-0.19535
167465	-0.90416	-0.8208	-0.73716	-0.0292542
94101	-0.89014	-0.82134	NA	NA
9258	-1.1216	-0.82145	-0.53405	-0.0618534
23557	-0.76461	-0.82161	NA	NA
64116	-0.90827	-0.82191	-0.73479	0.0532271
9551	-0.69036	-0.82215	-0.93118	NA
79607	-0.75436	-0.82344	NA	NA
29080	-0.85692	-0.82361	NA	0.0832695
3992	-0.71368	-0.8241	NA	-0.449522
9229	-1.0255	-0.82462	-0.60995	0.15541
112755	-1.0339	-0.82483	-0.58153	0.098431
1000	-0.85666	-0.82535	-0.79319	-0.161084
6445	-1.0381	-0.82596	-0.581	NA
22929	-0.92352	-0.82623	-0.72761	-0.0852579
79866	-0.97464	-0.82672	NA	NA
11155	-0.9003	-0.82673	NA	-0.425073
3231	-0.89947	-0.82726	-0.75976	-0.45539
441150	-0.80908	-0.82786	NA	NA
23527	-0.9832	-0.828	NA	NA
29956	-0.87374	-0.8294	NA	-0.46411
80332	-0.96601	-0.82952	NA	NA
55614	-0.94844	-0.82981	-0.70214	-0.167356
339231	-0.46335	-0.83005	-1.3042	0.121977
3280	-0.67203	-0.83034	-1.0048	-0.359889
80232	-0.65996	-0.83069	-1.0448	-0.142616
57326	-0.67731	-0.83091	-1.0053	-0.227741
374618	-0.76828	-0.83324	-0.90855	-0.260319
27252	-0.98509	-0.83328	-0.67659	-0.103124
9764	-0.88181	-0.83375	NA	0.15011
151516	-0.98904	-0.83395	NA	-0.335721
84332	-0.38625	-0.83413	-1.3564	-0.0180249
387890	-0.79356	-0.8344	-0.89038	-0.103071
2307	-0.87236	-0.83592	NA	-0.359244
1649	-0.88961	-0.83592	NA	NA
1675	-0.50722	-0.83594	-1.2864	-0.118621
3329	-0.74661	-0.83662	NA	-0.272191
6204	-0.56153	-0.83815	-1.1546	-0.114588
85440	-0.67401	-0.8383	-1.0305	-0.0553913
9262	-0.68668	-0.83947	-1.0163	-0.251439
23325	-0.96857	-0.84007	-0.71272	-0.420176
83591	-0.98817	-0.84076	-0.67663	NA
4089	-0.83982	-0.84155	-0.84284	NA
9419	-0.82954	-0.84229	NA	NA
51082	-0.70596	-0.84242	-1.0099	0.0412656
51434	-0.89192	-0.84428	NA	NA
6689	-0.99678	-0.84436	-0.6897	0.0525892
8408	-0.92508	-0.8445	-0.75573	0.285099
340024	-0.76422	-0.84465	NA	NA
6229	-0.71659	-0.84535	-0.99978	-0.116016
1310	-0.98898	-0.84635	-0.70057	-0.131734
6224	-0.66397	-0.8469	-1.0596	-0.143345
26005	-1.2038	-0.84701	-0.48656	-0.0362876
7812	-0.87914	-0.84722	NA	NA
6546	-1.0266	-0.84747	-0.66765	-0.172876
89932	-0.74876	-0.84767	NA	NA
5464	-0.89884	-0.84822	NA	NA
7018	-0.91325	-0.84834	NA	-0.429184
386680	-0.9492	-0.84842	NA	NA
30815	-0.61874	-0.84934	-1.1326	0.0583711
5571	-0.70989	-0.85203	NA	NA
7430	-0.72839	-0.85212	-0.99801	-0.302957
30008	-0.66157	-0.85249	-1.0789	-0.157148
54454	-1.0027	-0.85282	-0.69177	-0.359621
10987	-0.84377	-0.85322	NA	NA
9120	-0.9678	-0.85625	-0.74522	-0.0118286
4547	-0.86993	-0.85633	-0.84561	-0.437586
10492	-0.84403	-0.85818	NA	NA
6565	-0.73537	-0.8591	-1.0012	-0.246578
4038	-0.75213	-0.85925	NA	NA
94274	-0.91215	-0.85984	NA	-0.39072
10060	-0.85187	-0.86004	-0.87158	-0.394839
10212	-0.99545	-0.86042	-0.72447	-0.365321
80162	-0.79095	-0.86067	NA	NA
1040	-0.9915	-0.86077	-0.72893	-0.0120243
56900	-0.93853	-0.86408	NA	NA
283948	-0.9415	-0.86411	NA	0.0875407
51621	-0.95062	-0.86497	-0.76874	0.224034
9924	-1.0697	-0.86508	-0.64462	-0.172324
51010	-0.93273	-0.86521	NA	NA
51252	-1.0174	-0.86552	-0.71406	NA
597	-0.72862	-0.86565	-1.0296	-0.161844
55108	-1.0007	-0.86572	-0.71957	0.0427329
8692	-0.86885	-0.86601	NA	NA
9057	-0.94486	-0.86638	NA	NA
92293	-0.905	-0.86667	-0.83213	-0.0836021
55246	-0.93428	-0.86701	-0.80389	0.102511
9274	-0.63759	-0.86737	-1.1116	-0.307462
3249	-0.94264	-0.86782	NA	-0.294526
64960	-0.80711	-0.86797	-0.92324	-0.0773387
1039	-0.95022	-0.86908	-0.79026	0.109502
55582	-1.1359	-0.86944	-0.60596	-0.126751
7265	-0.80227	-0.86985	-0.93211	-0.0460324
440050	-0.98707	-0.87037	-0.75124	-0.0460719
51142	-0.75825	-0.87061	NA	NA
91782	-1.014	-0.87076	NA	NA
498	-0.98844	-0.87087	-0.75778	-0.0533762
84678	-1.077	-0.87101	-0.65055	-0.0384732
6187	-0.69637	-0.87145	-1.0481	-0.0801793
28959	-0.56651	-0.87205	-1.2091	-0.145158
56993	-0.80601	-0.8723	NA	NA
93134	-1.0307	-0.8723	NA	NA
200958	-1.1004	-0.87303	-0.6095	-0.126394
152503	-0.84953	-0.8734	-0.89522	-0.474976
129607	-0.98216	-0.87356	NA	NA
53371	-1.0663	-0.87368	-0.65668	0.00705898
6884	-0.99803	-0.87477	-0.75309	-0.107307
217	-0.67476	-0.87503	-1.1001	-0.155941
2117	-0.95531	-0.87531	NA	NA
230	-0.89826	-0.87713	-0.85899	-0.145576
10314	-1.0148	-0.87806	-0.74735	NA
100862671	-1.1088	-0.87822	-0.63654	-0.00156087
57804	-0.85595	-0.87909	NA	0.113527
11260	-0.84941	-0.88004	NA	NA
79075	-1.0907	-0.88094	-0.65247	-0.104902
64859	-0.6879	-0.88118	-1.0637	-0.198629
59	-0.75921	-0.88138	NA	NA
3550	-0.89402	-0.88154	NA	NA
220965	-0.85307	-0.88172	NA	NA
8625	-0.83527	-0.88252	-0.92656	-0.355852
317	-0.82385	-0.88401	-0.95252	-0.1226
83541	-1.0762	-0.8854	-0.68332	0.1458
284119	-0.95609	-0.88554	-0.82057	-0.451424
3400	-0.8094	-0.88711	-0.97824	-0.346606
8659	-0.7565	-0.88729	-1.0341	-0.133752
4209	-0.97617	-0.88761	NA	NA
54927	-1.0233	-0.88765	-0.75409	NA
1374	-0.87398	-0.88862	-0.90215	-0.189528
51043	-0.9313	-0.88912	-0.8512	-0.203832
29116	-0.80308	-0.88917	-0.98551	-0.0337826
55748	-0.71484	-0.88924	NA	NA
8644	-0.79562	-0.88928	-0.96575	-0.123657
6665	-0.95262	-0.88947	-0.82514	0.0399093
84328	-0.78472	-0.88947	NA	NA
3791	-0.90888	-0.88949	NA	-0.22067
51499	-1.0912	-0.88992	-0.67787	0.0288699
23286	-0.70721	-0.89067	-1.1081	-0.0774437
23212	-0.95058	-0.89068	-0.83486	-0.12375
7703	-1.0847	-0.89103	-0.69183	NA
51341	-1.0618	-0.89104	-0.69643	0.0196038
2852	-0.91101	-0.89205	-0.87763	-0.288655
23774	-0.95293	-0.89238	NA	NA
10170	-0.64399	-0.8926	-1.1531	-0.248475
4037	-0.82267	-0.89555	NA	NA
2047	-0.973	-0.896	NA	NA
6275	-0.83663	-0.89666	NA	NA
122769	-1.035	-0.89762	-0.74117	-0.0833913
84844	-0.98958	-0.89886	NA	NA
645121	-1.0858	-0.89982	-0.69045	NA
170622	-0.75594	-0.90388	NA	NA
284612	-0.86481	-0.90483	NA	NA
55553	-0.90785	-0.90583	NA	NA
54997	-0.97662	-0.90611	-0.83939	0.0307477
168850	-1.0458	-0.90638	NA	NA
84059	-0.70052	-0.90648	-1.1626	-0.126697
23556	-1.0493	-0.9068	NA	NA
2971	-0.97412	-0.90721	-0.84323	0.203508
253714	-1.0522	-0.90726	-0.75077	-0.198685
114971	-0.98599	-0.90895	NA	0.020119
3396	-0.96013	-0.91127	-0.86597	0.0101572
1994	-0.86076	-0.91273	NA	NA
195814	-1.0721	-0.91306	-0.74677	0.225083
6330	-0.98694	-0.91375	-0.8454	-0.192012
6385	-0.7925	-0.91631	NA	NA
8085	-0.92437	-0.91717	NA	NA
4301	-0.86664	-0.91725	-0.97402	-0.530356
7372	-0.6277	-0.91759	-1.2938	-0.165534
3268	-0.83645	-0.9176	-1.0004	-0.309244
80005	-0.98833	-0.91882	NA	NA
284161	-1.0358	-0.91948	-0.80385	0.0256489
80217	-0.85027	-0.92016	NA	-0.216507
4692	-0.8718	-0.92106	-0.98081	0.0172218
79156	-1.1209	-0.92211	-0.70536	-0.164275
84256	-1.1191	-0.92214	-0.72127	NA
10175	-0.99253	-0.92262	NA	NA
5134	-0.72067	-0.92265	-1.1097	NA
155066	-0.84544	-0.9228	NA	-0.174555
80321	-0.82916	-0.92332	NA	-0.202702
3957	-0.85004	-0.92351	-0.98271	-0.213763
4009	-1.0086	-0.92354	NA	NA
112495	-0.59491	-0.92379	-1.3058	-0.152799
83849	-1.0556	-0.92468	-0.79538	-0.346393
8398	-0.99918	-0.92517	NA	NA
202915	-0.98179	-0.92581	NA	NA
266675	-1.0004	-0.92589	NA	NA
55274	-0.79737	-0.92593	-1.0525	NA
79660	-0.97341	-0.92627	-0.88343	-0.324885
115399	-0.76843	-0.92664	-1.1271	-0.082707
10598	-0.96656	-0.92673	NA	NA
9253	-0.79963	-0.92693	-1.0856	0.218631
64318	-0.91125	-0.92727	NA	-0.378545
166647	-0.77455	-0.92889	-1.1062	-0.290484
94233	-0.9312	-0.92951	-0.93183	-0.418391
57419	-0.86984	-0.92952	-0.99767	-0.114297
54879	-1.0517	-0.92967	-0.79381	-0.0243016
10459	-0.74963	-0.93122	-1.1566	-0.129883
5093	-1.0262	-0.93272	NA	NA
1010	-1.0307	-0.93412	-0.83804	0.0658038
51304	-1.0359	-0.93451	-0.83702	-0.0971393
285605	-1.2259	-0.93478	-0.62094	-0.087328
914	-0.92924	-0.93545	NA	NA
3652	-0.79471	-0.93644	-1.0965	NA
54344	-1.0639	-0.93672	-0.79897	0.157099
9540	-0.79136	-0.93675	-1.098	0.27775
79864	-1.0196	-0.9378	-0.85796	NA
80714	-0.88911	-0.93797	-0.99748	-0.0917066
285761	-1.0239	-0.93837	-0.84904	0.171532
5281	-0.6657	-0.93869	-1.1957	-0.23072
114804	-1.0649	-0.93911	-0.81633	0.00297001
5806	-1.0537	-0.93936	-0.82714	-0.131958
4771	-0.97796	-0.94192	-0.90989	-0.0341865
116159	-0.97969	-0.94216	NA	NA
4155	-1.0212	-0.94228	-0.8532	0.247269
8404	-0.98657	-0.94271	-0.90437	-0.25754
83876	-0.86341	-0.94291	NA	NA
10238	-0.74897	-0.94445	-1.1788	-0.0275969
79701	-1.0702	-0.94566	-0.80471	-0.0884358
79648	-1.1098	-0.94602	-0.76186	NA
161931	-0.93417	-0.94612	-0.96286	-0.272415
5555	-1.0938	-0.94621	-0.79567	-0.104102
64207	-0.91822	-0.94664	NA	NA
90120	-1.0157	-0.94674	-0.8804	NA
91433	-0.98551	-0.9475	-0.91318	-0.246748
54935	-0.93754	-0.94832	NA	-0.344472
83930	-0.77871	-0.94928	-1.0936	-0.0882111
6843	-1.0742	-0.94976	-0.82456	-0.0690844
85004	-1.0626	-0.95002	-0.83664	-0.268276
56996	-0.98492	-0.95021	NA	NA
64968	-0.80554	-0.95132	-1.1288	0.189511
151258	-1.1972	-0.95178	-0.68473	0.0863832
2261	-0.86355	-0.95272	-1.0553	-0.0881463
283537	-1.0835	-0.95335	-0.83067	-0.357868
64798	-1.0896	-0.95337	-0.81833	-0.141553
54103	-1.0698	-0.95391	-0.82926	0.0756986
6790	-1.2182	-0.95393	-0.68485	NA
91107	-1.0287	-0.95434	NA	-0.248275
5116	-1.0805	-0.9549	-0.82733	-0.226164
6560	-0.86625	-0.95566	-1.0544	-0.392363
55743	-1.1047	-0.95608	-0.79568	-0.138867
25792	-1.1141	-0.95619	NA	NA
3823	-0.78457	-0.95771	-1.1457	-0.209651
946	-0.97959	-0.95887	NA	NA
51259	-0.99544	-0.96027	NA	NA
84620	-0.98177	-0.96124	-0.93706	0.118479
7473	-1.128	-0.96176	-0.78051	-0.0175014
4343	-0.78575	-0.96177	NA	NA
27161	-1.113	-0.963	NA	NA
23396	-1.0325	-0.9631	NA	0.200938
79887	-0.97999	-0.96358	-0.95169	-0.517603
7086	-0.99892	-0.96373	NA	NA
3633	-1.1547	-0.96435	-0.76694	NA
10625	-1.0888	-0.96526	-0.84188	-0.254665
1346	-1.0414	-0.96652	-0.89109	0.216024
3827	-1.0677	-0.96777	-0.87221	-0.0988873
4300	-1.055	-0.96786	NA	NA
29062	-1.1409	-0.96936	NA	-0.221205
55763	-0.91821	-0.97138	NA	-0.370344
26355	-0.8617	-0.97278	-1.0612	-0.0505447
773	-1.2357	-0.97342	-0.66999	0.0498378
10209	-0.68753	-0.97357	-1.2173	-0.0410152
57404	-1.0717	-0.97414	NA	NA
10810	-0.91599	-0.97489	-1.0354	NA
5243	-1.0298	-0.97538	-0.92471	NA
81631	-1.144	-0.97604	-0.79139	0.0654531
4340	-1.0423	-0.97624	NA	-0.436882
51705	-1.0493	-0.97688	-0.90917	-0.222786
6139	-0.92706	-0.9772	NA	NA
154141	-1.0195	-0.97807	-0.9407	-0.563103
10247	-0.88331	-0.97913	-1.0739	-0.108465
23259	-1.1715	-0.97918	-0.77655	-0.0495247
201562	-1.0471	-0.97999	-0.90465	0.111086
9166	-0.94803	-0.9801	NA	0.196432
9410	-1.108	-0.98123	-0.84998	NA
26235	-1.2477	-0.98126	-0.71337	-0.0776581
79626	-0.78849	-0.98249	-1.1809	-0.134863
205564	-0.92566	-0.983	NA	NA
55254	-1.1963	-0.9831	-0.74691	-0.181967
10186	-0.9257	-0.98447	-1.0447	-0.260377
8570	-0.98769	-0.9849	NA	NA
85397	-0.93504	-0.98601	-1.049	0.0908213
92170	-1.1617	-0.98651	-0.79675	NA
55002	-1.111	-0.98667	NA	NA
55830	-0.9885	-0.98705	-0.98664	-0.102075
81602	-1.1655	-0.98762	-0.79379	-0.0426773
9669	-0.91329	-0.98882	NA	NA
284309	-1.1448	-0.98932	NA	NA
153328	-0.91799	-0.98938	NA	NA
1645	-0.93933	-0.99069	-1.0355	-0.20712
50	-0.88477	-0.9916	-1.0946	-0.231314
84146	-1.1693	-0.99183	NA	NA
116362	-1.042	-0.99192	NA	-0.397459
29	-0.94697	-0.99225	-1.0438	0.131019
387758	-0.83406	-0.99411	-1.1743	-0.245241
6334	-1.1293	-0.99437	-0.8583	0.0602355
29766	-0.91419	-0.99491	-1.0893	-0.119829
6856	-1.0865	-0.99652	NA	-0.479204
23022	-0.85109	-0.99678	-1.1643	-0.159139
135152	-0.94601	-0.99735	-1.056	-0.461022
57222	-1.0097	-0.99929	NA	NA
6232	-0.92417	-0.99955	NA	-0.115137
57522	-0.87115	-1.001	-1.155	-0.45777
57645	-1.1283	-1.0013	-0.86413	-0.213077
10587	-1.0762	-1.0025	-0.92693	NA
57795	-1.1108	-1.0034	-0.87909	0.28341
4094	-0.93572	-1.0048	NA	NA
6423	-0.98412	-1.0049	-1.0301	-0.130491
146433	-0.79519	-1.0067	-1.2391	-0.0584839
9849	-1.1147	-1.007	NA	NA
51171	-0.81837	-1.0082	-1.2153	0.00443215
11107	-1.3479	-1.0094	-0.66095	-0.0813398
333926	-1.0173	-1.0105	-1.0045	0.316594
29761	-1.0136	-1.0109	-1.0131	0.201476
1317	-1.0559	-1.0111	NA	NA
55856	-0.95282	-1.0119	-1.0616	-0.0880461
285237	-1.1389	-1.0124	-0.87607	-0.0542755
10840	-0.87957	-1.0129	-1.1558	-0.108813
85442	-1.1477	-1.0133	-0.85326	0.261112
81575	-1.0743	-1.0153	-0.96144	-0.27159
56943	-0.82033	-1.0158	-1.2385	-0.10649
283726	-1.1472	-1.0165	NA	NA
11170	-0.84377	-1.0186	-1.2189	-0.159849
2701	-1.0484	-1.0191	NA	NA
4133	-0.90673	-1.0197	-1.1405	-0.0191238
2905	-0.91438	-1.0205	-1.1431	-0.122571
2197	-0.91048	-1.0207	-1.1444	-0.0856034
146556	-0.90014	-1.0229	-1.1606	-0.162926
118460	-1.1229	-1.0237	NA	NA
81846	-0.93473	-1.024	-1.1296	-0.0137044
55366	-0.88564	-1.0243	-1.1845	NA
197370	-0.82118	-1.0251	-1.1898	-0.0916117
8536	-1.1127	-1.0262	-0.92754	0.224086
5576	-1.1912	-1.0266	-0.86487	-0.147003
8871	-1.0956	-1.0266	NA	-0.415894
344387	-0.98394	-1.0268	NA	NA
100129361	-1.0981	-1.0273	NA	-0.0396027
26233	-1.139	-1.0293	NA	NA
51134	-0.83897	-1.0294	-1.2659	-0.0414811
116372	-0.69653	-1.0302	-1.4133	-0.250472
84270	-1.1144	-1.0302	-0.94995	-0.19855
119385	-1.1715	-1.0311	NA	NA
57139	-0.91055	-1.0312	NA	NA
158326	-1.0739	-1.0328	NA	NA
55578	-1.2128	-1.0332	-0.84378	-0.182116
4335	-1.0283	-1.0335	-1.0396	0.141961
79586	-0.94276	-1.0341	-1.1297	NA
54675	-1.0862	-1.0347	NA	NA
163131	-1.1955	-1.0348	NA	NA
11162	-1.1117	-1.0356	-0.96456	0.08418
23098	-1.1205	-1.0385	-0.94219	-0.0147799
55858	-1.1612	-1.0389	NA	-0.462321
2771	-0.8307	-1.0397	-1.2417	-0.205292
6430	-1.1533	-1.04	NA	NA
5522	-1.126	-1.0404	NA	NA
79033	-0.83142	-1.0415	-1.2091	0.0707446
55103	-0.84037	-1.0425	-1.2984	-0.0247034
6263	-0.93462	-1.0434	-1.1782	-0.231736
10520	-1.1339	-1.0439	NA	NA
23522	-1.1738	-1.044	-0.89818	0.037783
64434	-1.1809	-1.0442	-0.90586	-0.0437661
11227	-1.1288	-1.0447	NA	NA
84914	-1.1081	-1.0451	NA	-0.0105723
55342	-1.1773	-1.0453	-0.91685	0.162404
150726	-0.93766	-1.0463	NA	NA
5157	-0.99738	-1.0464	NA	-0.279661
285489	-1.0312	-1.0467	-1.0657	-0.475438
51028	-1.1597	-1.0492	-0.94297	0.131566
54806	-1.3435	-1.0493	-0.67167	0.11743
85301	-1.084	-1.0494	-1.0181	0.0256477
7627	-1.1863	-1.0497	NA	NA
80741	-1.1519	-1.0504	NA	NA
9196	-1.1923	-1.0512	-0.90094	0.0305616
9562	-1.1496	-1.0529	NA	NA
79691	-1.1968	-1.053	-0.89385	-0.252186
200539	-1.2162	-1.0536	NA	NA
58515	-0.96945	-1.0537	NA	NA
29880	-0.97337	-1.0538	NA	-0.389578
4711	-1.0618	-1.0541	NA	NA
353137	-1.1153	-1.0542	NA	NA
9727	-1.1891	-1.0551	NA	NA
22801	-1.1501	-1.056	-0.96556	-0.246718
81611	-0.87297	-1.0564	-1.2633	-0.131911
54443	-1.1359	-1.0565	NA	-0.465432
1009	-0.97555	-1.0578	-1.1388	-0.334628
3336	-1.022	-1.0584	NA	-0.328568
55033	-0.92052	-1.0588	-1.2311	-0.290364
117248	-1.1195	-1.0606	NA	-0.558852
23468	-1.1624	-1.0608	NA	-0.0800849
64848	-1.2219	-1.0615	-0.89456	0.125484
861	-0.98714	-1.0616	NA	NA
27151	-0.93881	-1.0627	-1.2174	-0.163257
7405	-1.2591	-1.0629	-0.87092	-0.287251
8991	-0.88629	-1.0631	-1.2438	NA
2588	-1.0954	-1.0635	NA	NA
6261	-0.96222	-1.0639	-1.1864	-0.290953
5156	-0.77754	-1.0642	-1.4201	-0.19106
57570	-0.9643	-1.0645	-1.1828	NA
23075	-0.96802	-1.0652	NA	NA
23620	-0.87769	-1.0657	-1.2773	-0.210141
57542	-1.1901	-1.066	NA	NA
253832	-1.1825	-1.0665	-0.95695	-0.426306
51611	-0.78877	-1.0672	-1.3773	-0.219233
8754	-1.3264	-1.0673	-0.78517	-0.020966
1393	-0.88729	-1.0679	-1.2418	-0.368252
6747	-0.95359	-1.0681	-1.1758	NA
153241	-1.2755	-1.0684	-0.8441	-0.0599914
1690	-0.87865	-1.0686	-1.3152	-0.135286
115650	-0.93603	-1.0687	-1.2132	NA
87769	-1.0231	-1.069	NA	NA
57337	-1.2888	-1.0695	-0.82792	-0.219831
9064	-1.271	-1.0698	-0.84165	-0.00149345
10371	-1.1706	-1.071	-0.9828	-0.285573
10413	-0.94167	-1.071	-1.2218	-0.292397
4200	-0.90653	-1.0735	-1.2342	-0.195121
9904	-1.1337	-1.0738	NA	NA
7091	-1.1988	-1.0744	NA	-0.441201
163590	-1.1603	-1.0745	-0.99315	-0.230809
222194	-1.1605	-1.075	NA	-0.0293266
2571	-1.2312	-1.0756	-0.91106	-0.0591983
4684	-0.99768	-1.0758	-1.1706	-0.0940781
85377	-1.1142	-1.076	NA	NA
1665	-1.2042	-1.0774	NA	NA
83759	-1.2857	-1.0776	NA	-0.210041
28966	-1.1049	-1.0779	-1.0541	-0.338539
54923	-1.0602	-1.078	NA	NA
146057	-1.2632	-1.0783	-0.88692	-0.0688929
152098	-0.95915	-1.0784	-1.1999	-0.215718
220992	-1.2263	-1.0785	NA	NA
4613	-1.0121	-1.0789	-1.164	-0.305469
9821	-1.1373	-1.0795	NA	NA
5253	-1.1652	-1.0797	NA	NA
51286	-1.1801	-1.0803	-0.9896	-0.024051
23461	-1.2186	-1.0803	-0.92214	0.12614
2683	-0.94861	-1.0812	NA	-0.359915
3151	-0.93273	-1.0817	-1.2665	-0.0533033
56916	-1.1861	-1.0819	-0.96484	NA
3955	-1.0151	-1.0824	-1.1568	-0.436778
4162	-1.1625	-1.083	NA	-0.304681
90050	-0.87093	-1.084	-1.352	-0.15689
80243	-0.94991	-1.0848	NA	NA
5322	-1.1303	-1.085	NA	NA
2064	-0.92967	-1.0857	-1.2753	-0.206367
64407	-0.88962	-1.0869	-1.3136	-0.175884
440021	-1.2518	-1.0871	-0.92402	-0.135662
132	-0.96419	-1.0878	-1.18	0.0146368
10780	-1.2683	-1.0879	NA	NA
6834	-0.92769	-1.0886	-1.2315	NA
128178	-0.90855	-1.0888	-1.2611	-0.124006
51141	-1.249	-1.0889	-0.93854	-0.19953
9349	-0.9582	-1.0896	NA	NA
23135	-1.2925	-1.0897	-0.8681	NA
79886	-1.3636	-1.0908	-0.80366	NA
286187	-1.0332	-1.0928	-1.1595	-0.176538
8550	-1.05	-1.0939	NA	NA
22832	-1.2179	-1.094	NA	-0.168021
5286	-1.0904	-1.094	NA	NA
114899	-0.97275	-1.0969	NA	NA
57661	-1.222	-1.0989	NA	NA
729092	-1.2532	-1.0998	NA	NA
11083	-1.3255	-1.0999	-0.83962	-0.0525925
57721	-1.2316	-1.1009	-0.96723	NA
9879	-1.434	-1.101	-0.72282	-0.0498548
51227	-0.99849	-1.1038	NA	NA
26245	-1.2066	-1.1049	-0.9994	-0.0504246
5683	-1.0461	-1.1056	NA	NA
9913	-1.349	-1.1056	-0.83798	-0.11225
81617	-1.2754	-1.1066	NA	-0.0741232
6141	-1.0315	-1.1068	-1.1942	-0.118616
5860	-1.1595	-1.1069	-1.0585	-0.428899
11329	-1.1378	-1.1083	NA	NA
26271	-1.234	-1.1087	NA	NA
57582	-1.2878	-1.1094	-0.89521	0.0671954
9909	-1.2468	-1.1098	-0.97627	-0.110677
79783	-1.0383	-1.1099	NA	NA
23248	-1.2358	-1.1099	-0.96351	NA
2526	-1.0858	-1.1114	NA	NA
4297	-1.2175	-1.1122	NA	NA
10953	-1.0872	-1.1134	-1.1379	-0.0989407
1109	-1.0716	-1.1135	-1.1479	-0.186256
9212	-1.1576	-1.1135	NA	NA
1266	-0.89369	-1.1143	-1.3803	-0.243577
23595	-0.94492	-1.1148	-1.3011	NA
84288	-1.0864	-1.1165	NA	-0.286647
80853	-1.3414	-1.1168	-0.86773	-0.0338189
2218	-1.2493	-1.118	NA	NA
9865	-0.94129	-1.1181	-1.3092	-0.207891
7368	-1.2053	-1.1184	NA	-0.48804
55502	-1.2267	-1.1198	-1.0215	-0.141875
56963	-1.1833	-1.1206	-1.0618	-0.398855
342926	-1.0649	-1.1209	-1.1866	0.1053
9415	-0.92534	-1.1234	-1.3503	-0.316295
51642	-1.2241	-1.1245	-1.0304	-0.283271
1806	-0.92992	-1.125	-1.3411	-0.165043
157753	-1.1513	-1.1251	NA	NA
2091	-1.0274	-1.1261	-1.2505	-0.177294
54360	-1.0094	-1.1266	-1.2294	-0.299866
91775	-1.2746	-1.1275	-0.98494	-0.269152
5948	-1.2023	-1.1287	NA	NA
23199	-1.2937	-1.1302	-0.97069	-0.283909
1655	-1.2208	-1.1305	-1.0287	-0.122434
259294	-1.3676	-1.1312	-0.89047	NA
729967	-0.96998	-1.1323	NA	NA
120892	-1.3285	-1.1328	-0.9059	0.126527
9400	-1.2231	-1.1329	NA	-0.43041
338699	-1.1446	-1.1331	-1.1258	-0.129738
83439	-0.98009	-1.1335	-1.3099	-0.10521
85443	-1.1356	-1.1337	-1.1344	0.111523
57406	-1.2486	-1.1338	-1.0252	-0.332734
57713	-0.90592	-1.1345	-1.4179	-0.167119
55901	-1.1282	-1.1345	NA	NA
57609	-1.2186	-1.1351	NA	-0.308983
7556	-1.2412	-1.1361	-1.0165	-0.204626
22919	-1.0125	-1.1377	-1.2644	-0.401515
115207	-0.77969	-1.1385	-1.546	-0.136636
4595	-1.2834	-1.1386	NA	-0.327614
6935	-1.0961	-1.1394	NA	NA
51029	-1.2346	-1.14	NA	NA
130399	-1.2778	-1.1406	-1.0101	-0.142884
51236	-0.95067	-1.1415	-1.3787	-0.187443
63899	-1.3537	-1.1421	-0.91711	-0.0279509
652968	-0.99053	-1.1428	-1.3193	-0.227768
80270	-1.0389	-1.1428	-1.2581	-0.477818
153579	-1.0466	-1.1437	-1.2405	-0.226824
9122	-1.2833	-1.1438	NA	NA
85358	-1.1729	-1.144	NA	NA
51808	-1.3061	-1.1445	-0.95969	0.0569759
6641	-0.91971	-1.1458	-1.4165	-0.305515
27141	-1.0153	-1.1461	-1.2934	NA
5981	-1.2273	-1.1463	NA	NA
51364	-1.0443	-1.1482	-1.2705	-0.213925
1352	-1.4015	-1.1484	-0.89481	-0.178581
5862	-1.2005	-1.1486	NA	NA
10592	-1.3426	-1.1502	-0.93829	-0.0303127
6164	-1.0984	-1.1502	NA	NA
64794	-1.2395	-1.1505	NA	NA
201299	-1.1731	-1.1514	NA	NA
10478	-1.3116	-1.1517	-0.9944	-0.134997
79411	-1.1465	-1.152	NA	NA
639	-1.2716	-1.1521	-1.0349	NA
2145	-1.3681	-1.1538	NA	NA
79882	-1.2962	-1.1551	NA	NA
7428	-1.1207	-1.1559	NA	-0.104342
353274	-1.3202	-1.1564	NA	NA
9355	-1.0368	-1.1584	-1.2991	0.0268802
50838	-1.327	-1.1592	-0.96349	-0.187892
57534	-1.1888	-1.1594	NA	NA
55003	-1.2372	-1.1598	NA	NA
4643	-1.3325	-1.1603	NA	-0.432238
84231	-1.2934	-1.1608	-1.017	NA
81875	-1.2423	-1.1609	-1.0685	NA
286256	-0.96084	-1.1614	-1.3813	NA
1442	-1.2227	-1.1616	NA	NA
8611	-1.2551	-1.1618	-1.0745	-0.379443
9342	-0.86394	-1.1621	NA	NA
9961	-1.2313	-1.1621	NA	-0.272326
387885	-1.0406	-1.163	NA	-0.00551399
136647	-1.4047	-1.1638	NA	-0.109657
890	-1.3006	-1.1639	NA	NA
374946	-1.1007	-1.1643	-1.2537	0.0470379
5394	-1.2023	-1.1649	NA	NA
9631	-1.2747	-1.166	NA	NA
51291	-0.97925	-1.1666	-1.3624	-0.325787
8165	-1.2735	-1.1681	-1.0468	-0.123807
285676	-1.3499	-1.1689	-0.98627	NA
5805	-0.9262	-1.169	-1.3588	-0.0610212
23329	-1.3425	-1.1692	-1.0009	-0.123213
130752	-1.3206	-1.1694	-0.99294	NA
4707	-0.90627	-1.1694	-1.4683	0.0586647
440503	-1.0325	-1.1699	-1.3283	-0.238696
85451	-1.2483	-1.1712	-1.0817	-0.184342
5625	-0.99301	-1.1713	-1.3749	-0.121948
9914	-1.0952	-1.1716	-1.2502	-0.481369
83941	-1.0988	-1.1724	NA	NA
6390	-1.1709	-1.1732	NA	NA
23234	-1.2881	-1.1733	-1.0419	NA
57446	-1.3128	-1.1765	-1.0448	-0.0153923
23451	-1.3383	-1.1774	-0.99487	-0.043388
4501	-0.94745	-1.1775	-1.4414	-0.24252
1263	-1.285	-1.1778	NA	NA
7150	-1.3391	-1.1784	NA	NA
51734	-1.152	-1.1784	-1.2055	NA
137872	-1.0614	-1.1787	-1.3035	NA
2123	-1.2721	-1.18	NA	NA
374403	-1.1148	-1.18	NA	-0.251968
152002	-1.2722	-1.1802	-1.0912	NA
353139	-1.2561	-1.1818	NA	NA
1524	-0.98563	-1.1819	-1.3826	-0.158253
7089	-1.3203	-1.1824	-1.0356	-0.0969422
119392	-1.265	-1.1826	NA	NA
9901	-1.2771	-1.183	-1.0764	NA
9984	-1.4518	-1.1846	-0.90788	-0.16061
83987	-1.0287	-1.1848	-1.3642	-0.274788
51164	-1.3627	-1.1875	NA	NA
91404	-1.3322	-1.1883	-1.0583	-0.154105
118472	-1.2483	-1.1885	-1.1269	NA
5990	-1.1103	-1.1885	NA	-0.0838758
84501	-1.347	-1.1898	-1.028	NA
11211	-1.2573	-1.1901	-1.1298	-0.294169
64344	-1.0992	-1.1907	NA	NA
3958	-1.0595	-1.1917	NA	-0.0720152
22821	-1.3006	-1.1919	-1.0663	-0.122247
3783	-1.279	-1.192	-1.1168	-0.417733
151636	-1.1357	-1.1924	NA	NA
84839	-1.2914	-1.1925	NA	NA
8549	-1.298	-1.1943	NA	NA
55357	-1.2948	-1.1947	NA	NA
9123	-1.1758	-1.1961	NA	-0.386553
55203	-1.3309	-1.1977	-1.0714	-0.214903
84223	-1.194	-1.1981	-1.202	-0.235391
4490	-0.97026	-1.1983	-1.4746	-0.200024
6691	-1.2781	-1.1987	-1.1068	0.148846
9071	-1.0462	-1.2	-1.3621	NA
64067	-1.0815	-1.2005	-1.3409	-0.156797
83892	-1.0532	-1.2005	-1.349	-0.146301
6137	-1.0861	-1.201	-1.3316	-0.217587
85569	-1.2686	-1.201	NA	NA
60592	-1.115	-1.2011	NA	NA
54757	-1.3555	-1.2025	-1.0359	0.214219
51371	-1.131	-1.2035	NA	NA
129685	-1.3041	-1.2043	NA	NA
7752	-1.2812	-1.205	NA	NA
7084	-1.1152	-1.2057	NA	-0.249167
201895	-1.1266	-1.2063	NA	-0.115457
93058	-1.279	-1.2075	NA	NA
150356	-1.2974	-1.2103	NA	-0.480421
1728	-1.1056	-1.2105	-1.2967	-0.146447
80763	-1.1223	-1.2115	-1.2983	NA
221336	-1.3429	-1.2115	-1.0883	-0.0509732
8613	-1.0227	-1.2116	-1.4258	NA
1431	-1.3448	-1.2143	-1.0884	-0.0573408
9862	-1.0675	-1.2171	NA	NA
23334	-1.5468	-1.2187	-0.84897	-0.119321
10903	-1.2708	-1.2192	-1.1679	-0.409437
656	-1.2833	-1.2194	-1.1482	-0.115271
83650	-1.3822	-1.22	NA	NA
51274	-1.1877	-1.2213	NA	-0.446844
348487	-1.1876	-1.2216	NA	NA
22984	-1.3441	-1.2219	NA	NA
4790	-1.4286	-1.2226	-1.0077	-0.0698245
2628	-1.0567	-1.2236	NA	NA
23406	-1.2377	-1.2238	-1.2144	-0.434032
5747	-1.1531	-1.2238	NA	NA
129684	-1.3705	-1.2247	-1.0627	-0.0226584
65110	-1.4944	-1.2253	-0.89006	-0.16142
7539	-1.3102	-1.2259	-1.1451	-0.223268
8482	-1.3683	-1.2259	-1.0888	-0.0935658
54762	-1.0902	-1.2263	NA	NA
7957	-1.3456	-1.2265	-1.1091	-0.0540612
10039	-1.3045	-1.2267	-1.1591	-0.209018
54820	-1.3257	-1.2268	NA	-0.476568
800	-1.1168	-1.2269	-1.3274	-0.486451
9689	-1.2195	-1.2275	NA	NA
7837	-1.2846	-1.2275	-1.1652	-0.10006
222696	-1.3234	-1.2285	NA	NA
64343	-1.2622	-1.2288	NA	NA
1992	-1.2117	-1.2288	NA	NA
58478	-1.1605	-1.23	NA	NA
56650	-1.2818	-1.2306	NA	-0.435922
10092	-1.0505	-1.2309	-1.4474	-0.131542
167410	-0.93021	-1.2309	-1.5731	-0.349162
9232	-1.3422	-1.2313	-1.1056	0.184486
55163	-1.4015	-1.2322	NA	NA
84133	-1.2454	-1.2325	NA	NA
5599	-1.3632	-1.2327	NA	NA
196463	-1.3442	-1.2335	NA	NA
2271	-1.2902	-1.2341	NA	NA
84695	-1.0346	-1.2342	-1.477	-0.220698
1734	-1.0726	-1.2349	-1.3939	-0.0952364
11269	-1.4431	-1.2354	-1.004	NA
285671	-1.3353	-1.2356	NA	NA
79000	-1.2254	-1.2362	-1.2489	0.268388
147798	-1.3019	-1.2366	NA	NA
9134	-1.3094	-1.237	NA	-0.437559
129880	-1.3267	-1.2372	NA	NA
93010	-1.3209	-1.2374	NA	NA
4216	-1.2352	-1.2374	NA	-0.0560484
1672	-1.3334	-1.238	NA	NA
738	-1.4196	-1.2397	-1.0329	-0.0152471
10745	-1.4046	-1.2402	-1.0544	NA
216	-1.3286	-1.2421	-1.1589	0.0375563
79585	-1.3692	-1.2422	-1.1214	-0.0717736
717	-1.1819	-1.2424	-1.3033	-0.0787449
23657	-0.99956	-1.2425	-1.5245	-0.20608
9940	-1.2093	-1.2435	-1.2791	-0.158078
90861	-1.3074	-1.2467	-1.194	-0.522967
25974	-1.2709	-1.2478	NA	-0.241185
5089	-1.2956	-1.2482	NA	NA
65243	-1.3994	-1.2485	-1.0797	NA
8877	-1.3212	-1.2488	-1.1813	-0.18026
83982	-0.77043	-1.2491	-1.8533	-0.177144
10105	-1.3334	-1.2499	-1.1788	-0.229895
79037	-1.4029	-1.2504	-1.0839	NA
23011	-1.2311	-1.2511	NA	NA
8514	-1.2793	-1.2518	NA	NA
11138	-1.3783	-1.2519	-1.1337	-0.271424
10140	-1.4826	-1.2521	NA	-0.434382
7027	-1.3808	-1.2525	NA	NA
55892	-1.3871	-1.253	-1.1095	0.00454518
7798	-1.403	-1.2531	-1.1005	-0.0318168
2355	-1.5485	-1.2534	-0.92982	-0.0195308
10330	-1.1601	-1.2543	NA	-0.135784
90324	-1.307	-1.2543	NA	NA
5062	-1.4294	-1.2548	NA	NA
91056	-1.3563	-1.2559	-1.1407	NA
10427	-1.426	-1.2564	-1.074	NA
84987	-1.2792	-1.2572	NA	-0.411477
10672	-1.1249	-1.2579	NA	NA
6432	-1.3264	-1.2583	NA	NA
285440	-1.1457	-1.2587	-1.3853	-0.374589
56981	-1.4736	-1.2601	-1.0199	0.0281277
85015	-1.4978	-1.2602	-1.005	-0.146504
2219	-1.2998	-1.261	NA	-0.0516361
89796	-1.2081	-1.2622	-1.3271	-0.247475
286053	-1.3339	-1.2624	-1.2021	NA
653583	-1.1137	-1.2627	-1.4097	-0.356984
116988	-0.94116	-1.263	-1.6167	0.0999883
91584	-1.3985	-1.2639	-1.1355	-0.0104796
64599	-1.5503	-1.2651	-0.95249	-0.113794
26013	-1.1525	-1.2651	-1.4027	-0.213866
22869	-1.4408	-1.2651	NA	NA
23196	-1.1848	-1.2657	-1.3658	-0.0117394
55770	-1.3665	-1.2663	NA	NA
154	-1.0084	-1.2671	-1.5549	-0.266261
28968	-1.1788	-1.2673	-1.3756	-0.0449123
10023	-1.4425	-1.2679	-1.0749	0.0864288
7551	-1.4466	-1.2686	NA	-0.213603
1813	-1.1768	-1.2688	-1.3916	0.283402
2828	-1.3204	-1.2688	-1.2255	-0.284458
81558	-1.0979	-1.2722	-1.4968	-0.140959
91603	-1.3971	-1.2728	-1.137	0.197113
51059	-1.37	-1.2736	-1.1859	-0.227404
5909	-1.1156	-1.2737	-1.4736	-0.00196016
8828	-1.1554	-1.2744	-1.4201	0.0678728
374928	-1.4112	-1.2745	-1.1165	-0.000813893
57863	-1.2529	-1.2746	NA	0.242791
10199	-1.4221	-1.2747	-1.1206	NA
2990	-1.3388	-1.2751	NA	-0.393857
285016	-0.83114	-1.2752	-1.8589	-0.171009
9881	-1.4349	-1.2753	-1.0778	0.0911458
151050	-1.306	-1.2762	-1.2447	-0.493313
387119	-1.5266	-1.2764	-0.9954	-0.0610088
148137	-1.3254	-1.2774	NA	NA
9019	-1.2153	-1.2775	-1.3413	-0.29242
22953	-1.2496	-1.2775	NA	NA
10449	-1.1516	-1.2779	-1.4044	NA
5446	-1.0721	-1.2785	-1.5303	-0.218284
29899	-1.3191	-1.2815	NA	-0.550229
9612	-1.3974	-1.2816	-1.1471	0.110297
283420	-1.1361	-1.2818	-1.4395	-0.158661
79930	-1.3549	-1.2825	-1.2209	-0.213666
125919	-1.4721	-1.2832	-1.0765	NA
60685	-1.0772	-1.2832	-1.5178	-0.124342
26297	-1.3602	-1.2839	-1.2197	-0.0270973
54765	-1.4582	-1.2842	-1.1101	0.0219766
4781	-1.0455	-1.2842	-1.5545	-0.131881
5090	-1.3344	-1.2847	-1.2409	-0.273835
51124	-1.32	-1.2847	NA	NA
56605	-1.4453	-1.2852	-1.1069	-0.218763
92126	-1.0863	-1.2857	-1.493	-0.382747
339745	-1.4271	-1.286	-1.1534	-0.101214
10771	-1.1879	-1.2861	NA	NA
22797	-1.1002	-1.2863	-1.5076	-0.162216
51128	-1.4192	-1.2865	-1.1574	-0.297272
57546	-1.4545	-1.2865	-1.1095	0.0421052
23061	-1.2716	-1.2892	-1.3064	-0.316521
5121	-1.3824	-1.2894	-1.2073	-0.242085
9786	-1.4868	-1.2898	-1.0712	NA
54993	-1.2324	-1.2902	NA	NA
285343	-1.3674	-1.291	NA	NA
2138	-1.2284	-1.2914	NA	NA
3030	-1.2204	-1.2915	NA	NA
29919	-1.4181	-1.292	-1.1661	-0.051959
84919	-1.5011	-1.2933	-1.078	-0.12635
9780	-1.1614	-1.2945	NA	NA
79188	-1.2437	-1.2947	NA	-0.190848
84301	-1.3076	-1.2947	NA	NA
254531	-1.493	-1.2962	-1.0728	0.0926433
91768	-1.2644	-1.2968	NA	0.0359785
3097	-1.6914	-1.2971	-0.90326	0.295777
55602	-1.418	-1.2973	-1.1547	-0.121319
9726	-1.5404	-1.2974	-1.0332	-0.138155
9516	-1.2877	-1.298	NA	-0.45061
10179	-1.4717	-1.2994	-1.1023	-0.079472
11243	-1.1876	-1.2997	-1.4199	-0.189268
10894	-1.0868	-1.2999	-1.5564	-0.181729
57719	-1.3519	-1.301	NA	NA
10200	-1.0257	-1.3015	-1.5971	-0.0266761
57643	-1.422	-1.3018	-1.1756	NA
7942	-1.4267	-1.3019	NA	-0.387173
30	-1.2651	-1.3052	NA	NA
84300	-0.89333	-1.3057	-1.6347	-0.138088
23635	-1.3367	-1.306	-1.2762	-0.230184
54207	-1.4559	-1.3074	NA	NA
667	-1.4184	-1.3078	NA	-0.391578
133383	-1.1929	-1.3087	NA	NA
727910	-1.1506	-1.3112	-1.449	-0.066894
825	-1.4007	-1.3114	NA	-0.416312
4863	-1.464	-1.3127	-1.1458	-0.191291
1370	-1.4068	-1.3137	NA	NA
2078	-1.3861	-1.3138	-1.252	-0.251845
221981	-1.4079	-1.3138	-1.2023	0.0307881
6154	-1.1987	-1.3145	-1.4479	-0.0776325
10461	-1.2917	-1.3148	-1.3404	-0.0475695
85366	-1.4069	-1.3154	-1.2335	-0.214659
158219	-1.7504	-1.3156	-0.80331	0.00163666
4329	-1.1673	-1.3182	-1.48	-0.299169
84498	-1.3785	-1.3201	NA	NA
10950	-1.2961	-1.3212	-1.3562	-0.126708
128869	-1.4535	-1.3213	NA	NA
9990	-1.5037	-1.3219	NA	NA
1107	-1.2247	-1.3227	-1.4442	-0.0834773
10691	-1.3783	-1.3228	NA	NA
55681	-1.4542	-1.323	NA	NA
491	-1.4781	-1.3233	-1.136	0.139643
80025	-1.3104	-1.3233	NA	NA
51107	-1.3415	-1.3234	NA	NA
4712	-1.2222	-1.3237	-1.3975	-0.176171
1810	-1.1105	-1.3251	-1.6049	-0.0827902
91947	-1.4466	-1.3253	NA	NA
11112	-1.3663	-1.3255	NA	NA
26354	-1.4302	-1.3264	-1.233	NA
5289	-1.7014	-1.327	NA	NA
10993	-1.2202	-1.3273	-1.4396	NA
4616	-1.4163	-1.3275	-1.2503	-0.151428
6657	-1.2174	-1.3278	NA	NA
91860	-1.3957	-1.3279	-1.2551	0.0969541
79365	-1.4638	-1.3283	-1.1858	-0.0774816
9524	-1.3807	-1.3288	NA	NA
9923	-1.5633	-1.329	-1.0651	-0.189282
285527	-1.4524	-1.3304	NA	-0.346098
56097	-1.2801	-1.3307	NA	0.236107
3385	-1.0889	-1.3308	-1.6038	-0.181492
51147	-1.3712	-1.3318	NA	NA
2296	-1.4174	-1.3334	-1.256	-0.226588
92106	-1.4352	-1.3336	-1.2447	-0.396084
79364	-1.3104	-1.3337	NA	NA
26136	-1.3972	-1.335	-1.2792	-0.248126
57459	-1.5297	-1.3361	NA	NA
55156	-1.4863	-1.3374	NA	NA
389203	-1.2824	-1.3394	NA	NA
81605	-1.5557	-1.3395	-1.0578	-0.00151606
92370	-1.5418	-1.3397	-1.0828	-0.0660474
50999	-1.5225	-1.3399	NA	NA
54901	-1.4834	-1.3402	NA	NA
5653	-1.4266	-1.3407	-1.2631	-0.512119
9818	-1.5271	-1.3414	-1.1498	NA
79894	-1.4209	-1.3414	-1.2721	NA
27246	-1.3524	-1.3416	NA	NA
126917	-1.5139	-1.3423	-1.1394	-0.0742996
374654	-1.4244	-1.3425	-1.2511	NA
9911	-1.4131	-1.344	-1.2832	-0.203672
148014	-1.2933	-1.3444	-1.4078	0.207431
24139	-1.4692	-1.3449	-1.2305	-0.240861
3915	-1.4997	-1.3455	NA	NA
1410	-1.4372	-1.3478	NA	-0.43016
55742	-1.1965	-1.3479	-1.4841	-0.0365969
23526	-1.1733	-1.3508	-1.4994	-0.276423
55783	-1.3375	-1.3516	NA	NA
85415	-1.1588	-1.3517	NA	-0.215604
391	-1.427	-1.3519	NA	-0.39967
4285	-1.3657	-1.3531	NA	NA
55589	-1.401	-1.3534	NA	NA
9211	-1.5153	-1.3535	NA	NA
79899	-1.4397	-1.3541	NA	-0.474013
79931	-1.2568	-1.3549	NA	NA
4259	-1.3463	-1.355	NA	NA
343099	-1.2907	-1.3552	NA	NA
30811	-1.5776	-1.3564	-1.1213	0.066262
3303	-1.3866	-1.3565	NA	NA
81566	-1.5133	-1.3571	NA	NA
55079	-1.3212	-1.3592	-1.3986	-0.422351
64172	-1.5435	-1.3603	-1.1288	-0.148118
6637	-1.2647	-1.3605	-1.4499	NA
658	-1.3222	-1.3616	NA	-0.312938
57492	-1.5242	-1.3625	-1.177	NA
81689	-1.6535	-1.3635	-1.0575	-0.0511724
92162	-1.4628	-1.3638	-1.2749	-0.266455
4215	-1.5167	-1.3652	-1.1869	-0.206801
26469	-1.3253	-1.3655	NA	NA
6202	-1.2524	-1.3657	-1.499	-0.174303
90187	-1.5347	-1.3665	-1.1934	0.0911586
127833	-1.4522	-1.3669	-1.2981	-0.182756
3338	-1.4831	-1.3678	-1.2682	-0.0210648
6339	-1.4687	-1.368	NA	NA
23421	-1.5101	-1.3684	-1.2248	-0.0948659
9381	-1.1778	-1.3689	-1.5565	NA
10522	-1.0977	-1.3692	-1.7099	-0.132028
9900	-1.6082	-1.3712	-1.1118	-0.00917619
64123	-1.4624	-1.3716	-1.2923	-0.15676
65009	-1.2931	-1.3724	-1.4461	NA
84680	-1.2953	-1.3728	NA	NA
27309	-1.4128	-1.3731	NA	NA
81542	-1.3649	-1.3733	NA	-0.378174
22924	-1.1667	-1.3733	-1.5867	NA
10220	-1.3088	-1.3734	NA	NA
79956	-1.4684	-1.3748	-1.2925	-0.207701
26528	-1.561	-1.3762	-1.167	-0.0684026
56102	-1.5846	-1.378	NA	NA
23209	-1.2272	-1.3796	-1.5482	NA
7122	-1.4649	-1.3796	-1.3034	-0.280922
23589	-1.1461	-1.3817	-1.658	NA
84958	-1.2417	-1.3823	-1.5597	0.0132746
50848	-1.3746	-1.3863	NA	NA
8443	-1.5846	-1.387	-1.1848	NA
818	-1.5107	-1.3873	-1.2785	-0.0623561
4717	-1.4776	-1.3892	-1.3095	NA
140730	-1.5024	-1.3892	NA	-0.02742
91319	-1.3629	-1.3904	-1.4329	0.0384004
64926	-1.1641	-1.3908	-1.6188	-0.294526
112616	-1.1279	-1.3919	-1.6308	-0.217039
55786	-1.6315	-1.3922	-1.154	-0.132304
3720	-1.7277	-1.3923	-1.0086	0.0151455
64747	-1.2838	-1.3925	NA	-0.473254
56927	-1.4815	-1.3927	-1.3197	-0.157965
55769	-1.1215	-1.3929	NA	-0.201755
54808	-1.6359	-1.3942	-1.1268	-0.00375885
8045	-1.4584	-1.3946	-1.3249	NA
8386	-1.3579	-1.3951	NA	NA
5608	-1.6437	-1.3951	-1.1367	-0.0246386
63970	-1.4521	-1.3958	-1.332	0.171699
4012	-1.585	-1.3959	NA	NA
2687	-1.4629	-1.396	-1.3418	-0.217515
2810	-1.3919	-1.396	NA	NA
8424	-1.2171	-1.396	-1.5908	-0.216742
6881	-1.1096	-1.3968	-1.6625	-0.0399397
29066	-1.413	-1.3978	NA	0.0141201
2822	-1.6766	-1.3982	-1.0494	0.062553
11099	-1.4881	-1.3986	NA	NA
5066	-1.5578	-1.3988	-1.2153	0.0387172
389432	-1.4472	-1.3992	-1.3509	0.186987
5516	-1.2396	-1.3996	-1.564	-0.0867267
53354	-1.9069	-1.4004	-0.88143	-0.0584304
9712	-1.2444	-1.4004	-1.5634	-0.258401
391191	-1.7385	-1.4022	-1.0146	-0.0263255
56901	-1.4569	-1.4034	-1.3592	-0.154897
7371	-1.4194	-1.4034	NA	NA
79178	-1.1786	-1.4045	-1.662	0.0342849
9695	-1.6399	-1.4056	-1.139	-0.006756
22981	-1.3433	-1.4059	NA	-0.461573
51762	-1.2283	-1.4074	-1.6131	-0.0489399
56287	-1.4351	-1.4074	NA	NA
199	-1.1455	-1.4101	-1.6923	-0.182358
23516	-1.6034	-1.4104	-1.1939	-0.0369411
51776	-1.4524	-1.4115	NA	-0.151757
79618	-1.3365	-1.4121	NA	NA
2997	-1.4687	-1.4128	NA	NA
201973	-1.5058	-1.4133	NA	NA
10979	-1.2677	-1.4135	-1.5986	-0.172785
145508	-1.4197	-1.4137	NA	NA
196051	-1.1946	-1.4141	-1.6921	-0.256142
8910	-1.4211	-1.4145	NA	-0.41068
122809	-1.6302	-1.4173	NA	NA
5910	-1.4613	-1.4174	NA	-0.0374964
6444	-1.4236	-1.4181	-1.4094	0.0162324
6631	-1.3188	-1.4186	NA	NA
10497	-1.4888	-1.4187	-1.3341	0.244789
56652	-1.5687	-1.4188	-1.2751	-0.0645674
23762	-1.6452	-1.4214	-1.1703	0.141268
79148	-1.1603	-1.4215	-1.7429	-0.182168
387597	-1.4658	-1.4217	-1.3654	NA
3316	-1.4873	-1.4224	-1.368	-0.368509
162417	-1.4867	-1.424	NA	NA
11130	-1.2604	-1.4242	-1.6301	-0.0183918
834	-1.1375	-1.4248	-1.6837	-0.084834
54834	-1.5922	-1.4251	NA	NA
389075	-1.3178	-1.4256	-1.5202	-0.272126
9826	-1.5288	-1.4264	-1.3281	0.0883167
122509	-1.189	-1.4264	-1.711	-0.160897
3822	-1.1779	-1.4272	-1.6815	-0.224671
3290	-1.5101	-1.4275	-1.3543	-0.243991
3047	-1.297	-1.4277	-1.583	-0.152327
1644	-1.4435	-1.4279	-1.4158	NA
54149	-1.5587	-1.4293	NA	-0.423331
55213	-1.498	-1.4296	NA	-0.288059
8738	-1.3822	-1.4297	NA	NA
54800	-1.7116	-1.4305	-1.1392	-0.227957
286148	-1.5832	-1.4319	NA	-0.504531
11160	-1.3025	-1.4319	NA	NA
80309	-1.3253	-1.4332	-1.5359	-0.402476
22917	-1.531	-1.4337	NA	NA
5337	-1.5615	-1.4338	NA	NA
1070	-1.2192	-1.4338	-1.6802	-0.350855
55322	-1.5606	-1.4339	NA	NA
6332	-1.3614	-1.434	-1.5305	-0.25234
3891	-1.376	-1.4341	NA	NA
25814	-1.0958	-1.4345	-1.885	-0.00809767
2101	-1.5381	-1.4345	-1.3501	-0.142378
5715	-1.2661	-1.4346	NA	-0.225764
28999	-1.3727	-1.4353	NA	NA
23432	-1.8852	-1.4359	-0.94788	0.0894196
81621	-1.4869	-1.4374	-1.3941	0.163327
151242	-1.4016	-1.4391	NA	NA
3291	-1.5984	-1.4395	-1.2764	NA
56999	-1.3633	-1.44	-1.5241	-0.390413
51182	-1.5125	-1.44	NA	NA
6271	-1.3302	-1.4404	-1.5378	NA
26090	-1.4992	-1.4407	-1.393	-0.334819
26130	-1.6094	-1.4415	-1.2774	-0.166112
440348	-1.6199	-1.4425	-1.2549	NA
116236	-1.3708	-1.4426	NA	NA
30820	-1.3759	-1.4431	-1.5271	0.0384275
117177	-1.3005	-1.4432	-1.5949	-0.606375
92906	-1.4848	-1.4448	-1.3995	NA
9425	-1.6657	-1.4449	-1.2233	NA
10815	-1.5883	-1.4457	-1.3166	-0.0163584
5834	-1.4642	-1.4487	NA	NA
7220	-1.5186	-1.4488	-1.3641	-0.217264
7423	-1.3559	-1.4497	-1.5472	-0.306614
117583	-1.3584	-1.45	-1.5525	-0.307956
23154	-1.6027	-1.4514	-1.3003	NA
7871	-1.6335	-1.453	NA	NA
54853	-1.6446	-1.4535	-1.2661	NA
374907	-1.4013	-1.4536	NA	NA
26985	-1.316	-1.4538	NA	NA
124491	-1.3079	-1.4541	-1.6266	-0.317718
80781	-1.4745	-1.456	NA	-0.565471
115	-1.5709	-1.4592	-1.3569	0.0815737
51195	-1.5241	-1.4595	NA	NA
25805	-1.4578	-1.4597	NA	-0.506449
3553	-1.2918	-1.4619	-1.6832	-0.0113883
53829	-1.1685	-1.462	-1.7937	-0.148625
57579	-1.6706	-1.463	-1.246	NA
339416	-1.5118	-1.4631	-1.4034	-0.26227
81031	-1.3071	-1.4633	-1.6451	-0.236524
80004	-1.5645	-1.4636	NA	NA
7756	-1.5136	-1.464	NA	NA
1436	-1.2198	-1.464	-1.725	-0.195756
729438	-1.6077	-1.4649	NA	0.0435635
3150	-1.4771	-1.4651	-1.4499	NA
9848	-1.6189	-1.4652	NA	-0.316172
2022	-1.5204	-1.4652	NA	-0.142074
79663	-1.6592	-1.4653	-1.2287	-0.158218
2882	-1.5554	-1.4658	-1.3633	-0.285308
8528	-1.379	-1.4669	NA	NA
161725	-1.6645	-1.4677	NA	NA
84970	-1.3979	-1.4684	-1.5639	NA
390940	-1.1983	-1.4686	-1.8217	-0.172974
10460	-1.5747	-1.4704	-1.3734	-0.0490556
11020	-1.2421	-1.4705	-1.6092	-0.0985633
5175	-1.4797	-1.471	NA	-0.360753
51639	-1.3854	-1.4712	NA	NA
10099	-1.4235	-1.4727	NA	NA
57153	-1.3033	-1.4736	-1.641	NA
23416	-1.5361	-1.4751	NA	NA
51265	-1.4561	-1.476	NA	NA
55825	-1.6767	-1.4778	-1.2541	-0.22335
113829	-1.5966	-1.4782	-1.3776	-0.104014
763	-1.5245	-1.479	NA	-0.148925
123606	-1.6621	-1.4802	-1.3048	-0.255768
55661	-1.6672	-1.4826	-1.2727	NA
56105	-1.6513	-1.4841	NA	NA
4784	-1.8072	-1.4841	-1.1584	-0.255175
79677	-1.4548	-1.4847	NA	NA
945	-1.328	-1.4848	-1.6381	-0.183876
2171	-1.3007	-1.4852	-1.66	-0.383914
23401	-1.5688	-1.486	-1.4057	0.14817
51744	-1.3331	-1.4878	-1.6572	-0.0858265
85315	-1.5357	-1.488	NA	-0.418951
64218	-1.2918	-1.4889	-1.7516	-0.0112877
144100	-1.4138	-1.4921	-1.5794	-0.421201
85478	-1.5828	-1.4927	-1.382	-0.0196427
10089	-1.5634	-1.4928	NA	NA
132720	-1.4247	-1.4951	-1.5922	-0.169872
7755	-1.5538	-1.4961	NA	NA
79172	-1.3774	-1.497	NA	NA
89853	-1.5333	-1.4979	NA	NA
84865	-1.6154	-1.4985	NA	NA
6223	-1.3445	-1.4993	-1.6695	-0.120739
7587	-1.6583	-1.5002	-1.3185	NA
10744	-1.619	-1.5004	-1.3627	0.134162
84817	-1.4625	-1.5008	NA	NA
4887	-1.575	-1.5026	NA	NA
23294	-1.6442	-1.505	-1.3633	-0.093715
133418	-1.6015	-1.5052	-1.4184	-0.256261
5609	-1.8271	-1.5087	-1.1873	-0.0536612
51380	-1.5183	-1.5095	NA	-0.0714942
10565	-1.7039	-1.5129	-1.3211	-0.0330814
4258	-1.6156	-1.5142	-1.4329	-0.283272
6785	-1.6478	-1.5144	-1.3961	0.0251072
7079	-1.3609	-1.5155	-1.6321	-0.320651
219988	-1.648	-1.5184	NA	NA
54815	-1.5772	-1.5187	-1.4697	-0.190365
23541	-1.3768	-1.5189	-1.6817	-0.0669715
4293	-1.6633	-1.5195	-1.384	-0.0853506
90332	-1.5555	-1.5198	NA	-0.0695273
129303	-1.6914	-1.5209	NA	NA
669	-1.4789	-1.5236	NA	NA
2033	-1.6487	-1.5239	NA	NA
10384	-1.5875	-1.5241	-1.4755	-0.345145
121227	-1.6604	-1.5245	-1.3687	-0.318331
10103	-1.6492	-1.5245	-1.409	0.0845065
8675	-1.6253	-1.5248	NA	-0.29404
94120	-1.4913	-1.5257	-1.5581	-0.394658
161145	-1.6049	-1.5264	-1.4502	-0.121681
204	-1.5853	-1.5286	-1.4819	-0.303985
6799	-1.5913	-1.5295	NA	NA
57821	-1.7312	-1.5317	-1.2987	0.014331
10472	-1.5328	-1.5324	-1.5287	-0.0289049
3679	-1.5573	-1.533	-1.5139	-0.578131
117	-1.4454	-1.534	-1.6333	-0.381862
3976	-1.553	-1.534	NA	NA
3717	-1.6882	-1.5347	-1.3516	-0.033412
84132	-1.6913	-1.5356	-1.3508	-0.00548147
2872	-1.8084	-1.536	-1.2125	-0.0651067
130888	-1.615	-1.5363	NA	NA
112939	-1.3303	-1.5378	-1.7874	-0.0275986
80010	-1.7626	-1.5393	-1.3048	-0.276415
4940	-1.5138	-1.5393	NA	NA
202333	-1.6813	-1.5411	-1.4055	-0.151888
5965	-1.6297	-1.542	NA	NA
90141	-1.4527	-1.5425	-1.6208	-0.40658
7979	-1.3464	-1.5428	-1.6696	-0.146167
441631	-1.44	-1.5435	-1.6647	-0.277224
83714	-1.649	-1.5443	-1.4488	-0.442678
585	-1.4306	-1.5455	NA	-0.271188
1432	-1.7134	-1.5458	NA	NA
1879	-1.5868	-1.5462	NA	-0.404469
285220	-1.4463	-1.547	-1.6548	0.0196673
3575	-1.6904	-1.5477	-1.415	-0.04213
220074	-1.3987	-1.5497	-1.7318	-0.14675
23090	-1.5402	-1.5499	NA	-0.323787
51066	-1.4833	-1.5507	NA	NA
1476	-1.4266	-1.5509	-1.6699	-0.249251
7088	-1.5227	-1.5513	-1.5864	0.201621
64319	-1.6898	-1.5517	NA	NA
151613	-1.6716	-1.5519	-1.4083	NA
3773	-1.4943	-1.5522	NA	-0.252877
25976	-1.5664	-1.5524	NA	-0.455413
79139	-1.4883	-1.5525	-1.6366	-0.176341
100271715	-1.588	-1.5526	NA	NA
6237	-1.5341	-1.5538	NA	NA
23122	-1.7825	-1.5538	NA	NA
2053	-1.4447	-1.556	-1.6613	NA
5893	-1.7478	-1.557	-1.338	-0.0774183
5305	-1.5958	-1.5573	NA	-0.444392
165918	-1.7456	-1.5575	-1.3696	-0.111437
6404	-1.4409	-1.5595	-1.6601	-0.235125
165324	-1.6612	-1.5601	NA	NA
10643	-1.7319	-1.5604	NA	-0.32797
116512	-1.5923	-1.5625	NA	NA
10914	-1.6607	-1.5635	NA	NA
140739	-1.5018	-1.5638	-1.6189	-0.181797
6235	-1.5013	-1.5645	NA	NA
51100	-1.2854	-1.5653	-1.8775	-0.321463
9860	-1.7229	-1.5657	NA	NA
2395	-1.4547	-1.5666	-1.6753	NA
8555	-1.6421	-1.5667	NA	NA
83939	-1.8823	-1.5673	-1.1371	0.0456926
157680	-1.6807	-1.5675	-1.4428	NA
81569	-1.6239	-1.5676	NA	NA
374819	-1.6224	-1.5676	NA	NA
2863	-1.525	-1.5677	NA	NA
7169	-1.5256	-1.5684	NA	NA
60598	-1.6796	-1.5698	NA	NA
347733	-1.3287	-1.5705	-1.8089	-0.288596
389827	-1.5785	-1.5705	NA	NA
7764	-1.516	-1.5706	NA	NA
80127	-1.7356	-1.5717	NA	NA
10221	-1.4876	-1.5721	-1.6399	-0.122676
23245	-1.7226	-1.5724	-1.4258	-0.287981
253959	-1.8014	-1.5731	-1.327	0.0319407
177	-1.6133	-1.574	NA	NA
284697	-1.7812	-1.5743	NA	NA
23514	-1.6293	-1.5758	-1.5089	0.0988789
881	-1.5182	-1.5764	-1.6699	-0.0291947
84272	-1.6932	-1.5766	-1.4446	NA
6130	-1.4791	-1.5769	NA	NA
2572	-1.7323	-1.5774	NA	NA
56992	-1.6928	-1.5805	-1.4672	0.138347
98	-1.6598	-1.581	-1.5194	-0.167938
57175	-1.541	-1.5819	NA	NA
9487	-1.8525	-1.5827	-1.2772	-0.0370364
3895	-1.7826	-1.5828	NA	NA
27247	-1.6583	-1.5836	NA	NA
2744	-1.8723	-1.5838	-1.2449	-0.0546274
7786	-1.724	-1.5847	-1.4186	-0.0228398
1603	-1.4802	-1.5847	-1.6388	-0.260885
3687	-1.4072	-1.5861	-1.7607	-0.264336
2339	-1.616	-1.5864	NA	-0.450222
7779	-1.5873	-1.5866	NA	NA
51271	-1.8112	-1.5876	-1.3476	-0.0651918
4338	-1.4677	-1.5877	NA	NA
84330	-1.6862	-1.5879	NA	NA
27233	-1.4952	-1.5882	-1.6891	-0.32805
81627	-1.7743	-1.5884	-1.3768	NA
4907	-1.4775	-1.5902	NA	-0.147091
79627	-1.7117	-1.5905	NA	NA
6608	-1.5107	-1.5908	-1.6807	-0.347101
79665	-1.7294	-1.5923	NA	NA
2241	-1.579	-1.5924	NA	NA
11018	-1.544	-1.5933	NA	NA
4217	-1.6143	-1.5977	-1.5782	0.0471723
55920	-1.9633	-1.598	-1.2117	-0.162823
839	-1.5389	-1.5984	NA	-0.184615
3821	-1.504	-1.599	NA	NA
128077	-1.4264	-1.5999	-1.7997	-0.260665
91703	-1.3876	-1.6	-1.8093	-0.292042
140461	-1.7927	-1.601	NA	NA
4607	-1.6414	-1.6019	NA	NA
63935	-1.7022	-1.6021	NA	NA
203111	-1.8071	-1.6042	-1.3407	0.0632203
5279	-1.7214	-1.6052	-1.4895	-0.0281839
84640	-1.8312	-1.6061	NA	NA
54941	-1.6546	-1.6071	NA	NA
55670	-1.6024	-1.6078	-1.6111	-0.242314
23564	-1.1841	-1.6079	-2.2086	-0.284231
1389	-1.512	-1.6082	NA	NA
157	-1.7185	-1.6083	-1.4961	-0.218323
163782	-1.6985	-1.6086	-1.5337	-0.551281
23331	-1.7489	-1.6111	NA	NA
1195	-1.6972	-1.6125	NA	NA
2350	-1.3535	-1.6126	-1.909	-0.115425
64084	-1.6694	-1.613	NA	-0.321908
7327	-1.7546	-1.6139	NA	NA
10147	-1.863	-1.6139	-1.2757	0.0211207
6188	-1.5855	-1.6158	NA	-0.282094
1293	-1.694	-1.616	NA	NA
2819	-1.6523	-1.6161	-1.5837	-0.631346
2693	-1.7204	-1.6169	NA	NA
3749	-1.7319	-1.617	-1.5194	-0.0928703
5133	-1.7076	-1.617	NA	NA
84693	-1.7101	-1.6174	NA	NA
4661	-1.5649	-1.6198	NA	-0.211003
168002	-1.7332	-1.6208	-1.4999	-0.128601
56052	-1.7351	-1.6217	NA	NA
54187	-1.6251	-1.6225	NA	NA
114659	-1.6245	-1.6228	-1.6163	NA
153020	-1.622	-1.6228	-1.6266	0.0639246
128346	-1.7528	-1.6236	-1.4728	-0.233276
11166	-1.5586	-1.6243	NA	NA
84366	-1.7419	-1.6253	NA	NA
163688	-1.719	-1.6254	NA	NA
374768	-1.6857	-1.6257	NA	NA
284297	-1.474	-1.628	-1.7758	-0.221389
27314	-1.7474	-1.6292	-1.5115	NA
10806	-1.6466	-1.6299	NA	-0.176727
6525	-1.6779	-1.63	NA	-0.304637
26022	-1.7171	-1.6315	NA	-0.476516
9649	-1.849	-1.6326	-1.3909	NA
1727	-1.4915	-1.6328	-1.7491	-0.3955
79966	-1.3753	-1.633	-1.9383	-0.153409
4775	-1.8133	-1.633	NA	-0.354912
373863	-1.9201	-1.6346	-1.2924	-0.110539
116255	-1.7562	-1.6346	-1.515	-0.0859356
55512	-1.6763	-1.6349	NA	0.116755
10695	-1.5531	-1.6354	NA	NA
114801	-1.2732	-1.6367	-2.1152	-0.012864
22944	-1.8201	-1.6373	-1.4359	0.0211708
6167	-1.464	-1.6382	-1.8444	-0.19348
1200	-1.5446	-1.6384	-1.7161	-0.357327
11342	-1.7445	-1.6419	-1.553	-0.408709
7040	-1.4979	-1.6419	-1.7694	NA
2868	-1.6575	-1.6422	NA	NA
9197	-1.8521	-1.6426	NA	NA
23207	-1.8018	-1.644	-1.4787	0.179797
5588	-1.4973	-1.645	-1.8134	-0.117433
5052	-1.478	-1.645	-1.7874	-0.229775
348110	-1.7621	-1.6459	NA	NA
283337	-1.9356	-1.6462	-1.3375	NA
9117	-1.5908	-1.6481	NA	NA
65010	-1.8371	-1.653	-1.4629	-0.193159
64766	-1.6567	-1.6534	-1.6522	-0.276665
90423	-1.7101	-1.654	-1.6033	-0.0350679
4782	-1.7709	-1.6551	-1.5622	-0.0841109
55100	-1.8503	-1.6571	-1.4375	0.0334953
871	-1.7012	-1.6574	-1.6179	NA
7143	-1.588	-1.6583	-1.7407	-0.0687004
25847	-1.6231	-1.6605	NA	NA
146705	-1.9128	-1.6606	-1.3814	-0.183766
10758	-1.5193	-1.6608	-1.8095	-0.296621
9479	-1.4144	-1.6617	-1.9749	-0.164057
10455	-1.6161	-1.6626	-1.7045	-0.299337
57622	-1.6547	-1.6627	NA	NA
57035	-1.7581	-1.6629	-1.5708	NA
5502	-1.4458	-1.6636	-1.9269	0.084091
5366	-1.7634	-1.6637	-1.5786	-0.230078
9184	-1.789	-1.6663	-1.5647	-0.140442
23521	-1.5976	-1.6697	NA	NA
22894	-2.0812	-1.6711	-1.2125	-0.0600977
388695	-1.8792	-1.6735	NA	NA
4212	-1.7144	-1.6736	-1.6352	-0.278491
712	-1.4713	-1.6741	-1.8851	-0.104383
5218	-1.8173	-1.6765	-1.5474	0.0225525
80775	-1.8072	-1.6775	NA	NA
51663	-1.6223	-1.6779	NA	0.109219
116441	-1.7508	-1.679	-1.622	-0.270114
734	-1.8713	-1.6801	NA	NA
84418	-1.645	-1.6805	NA	NA
767	-1.5154	-1.6811	-1.871	-0.152991
1160	-1.7295	-1.6811	-1.6405	-0.336
10130	-1.737	-1.6815	NA	NA
51201	-1.8581	-1.6818	-1.5101	-0.324495
9204	-1.9055	-1.6821	-1.4029	-0.0861642
50940	-1.6846	-1.6823	NA	-0.61191
6144	-1.6082	-1.684	NA	NA
23129	-1.6977	-1.6843	NA	NA
56103	-1.8999	-1.6857	NA	NA
79745	-1.7873	-1.6864	-1.5975	-0.35041
1528	-1.626	-1.6878	-1.7234	NA
51338	-1.6213	-1.6879	NA	-0.152208
114883	-1.7885	-1.6881	-1.5956	-0.202311
127687	-1.4527	-1.6889	-1.8366	-0.319444
8857	-1.4696	-1.6894	-1.9003	-0.362667
1912	-1.8521	-1.6894	-1.4948	-0.0926989
56919	-1.9535	-1.6904	-1.4153	NA
79863	-1.6409	-1.6909	-1.7509	NA
838	-1.6849	-1.6911	-1.726	-0.0635312
607	-1.8035	-1.6927	-1.5654	NA
127544	-1.8864	-1.693	NA	NA
284339	-1.9079	-1.6934	-1.3995	-0.0829773
115290	-1.5941	-1.6939	NA	0.12081
203238	-1.6559	-1.6954	-1.7388	-0.106347
6100	-1.8184	-1.6956	-1.5917	0.0135908
5900	-1.7229	-1.6964	NA	NA
2267	-1.6379	-1.6966	NA	-0.145242
2936	-1.7693	-1.6971	-1.6211	-0.0650666
10164	-1.8209	-1.6977	NA	NA
64927	-1.5511	-1.6991	NA	NA
126308	-1.61	-1.6995	-1.8069	NA
10870	-1.3942	-1.6996	-2.0288	-0.191568
51531	-1.9259	-1.7	-1.4582	NA
54962	-1.6148	-1.7	NA	NA
10388	-1.9209	-1.7003	-1.3694	0.0422581
11031	-1.5246	-1.7023	-1.8658	-0.256828
57703	-1.8859	-1.7047	-1.5282	-0.0241048
1982	-1.8088	-1.7049	-1.6048	0.049879
5173	-1.6174	-1.7052	-1.8138	-0.100506
401190	-1.7844	-1.7055	NA	0.210154
346606	-1.9169	-1.7062	NA	NA
126520	-1.7944	-1.7062	-1.5972	0.0124644
57623	-1.7814	-1.7063	NA	-0.184951
8787	-1.6898	-1.7082	-1.7277	-0.44078
10907	-1.449	-1.7099	-1.8556	-0.0741282
25978	-1.6949	-1.7103	NA	NA
147657	-1.6491	-1.7106	-1.7643	-0.567415
286128	-1.8825	-1.7141	NA	NA
54926	-1.7344	-1.7144	NA	NA
9638	-1.7941	-1.7144	NA	-0.274685
9957	-1.9783	-1.7148	-1.3535	0.1122
84804	-1.8873	-1.7163	-1.5321	-0.0870044
80207	-1.8005	-1.7165	NA	0.0536946
10765	-1.8074	-1.7177	-1.6162	0.0864221
10750	-1.7805	-1.7183	NA	NA
113174	-1.8346	-1.7205	NA	NA
140467	-1.9305	-1.7231	-1.4913	0.098319
91608	-1.8062	-1.7258	NA	NA
2252	-1.9001	-1.7276	-1.5534	-0.180627
4013	-1.5943	-1.728	-1.8621	-0.339451
221178	-1.7236	-1.729	NA	-0.50833
25989	-1.8983	-1.7293	-1.5642	-0.269647
374897	-1.8402	-1.7294	-1.6358	-0.102832
55699	-1.5728	-1.7296	-1.8645	-0.181637
219621	-1.5556	-1.7304	-1.9507	-0.170223
55437	-1.6222	-1.7305	NA	NA
5699	-1.567	-1.7308	-1.8523	-0.285213
56658	-1.8956	-1.7313	NA	NA
29108	-1.4933	-1.7318	-2.0316	-0.0108511
11119	-1.774	-1.7323	NA	-0.480941
57001	-1.7017	-1.7325	NA	NA
58513	-1.8148	-1.7347	NA	NA
414149	-1.6166	-1.735	NA	NA
147166	-1.8729	-1.7351	NA	NA
55536	-1.8001	-1.7354	NA	NA
91750	-1.9472	-1.7374	-1.5174	NA
11311	-1.8588	-1.7386	-1.5954	NA
201595	-1.7051	-1.7413	-1.7971	-0.133359
79813	-2.061	-1.742	-1.378	-0.192194
7290	-1.7895	-1.742	NA	NA
2054	-1.6081	-1.7441	NA	-0.137181
79741	-1.8128	-1.7458	NA	NA
337966	-1.8352	-1.7458	NA	NA
55819	-1.7727	-1.7466	NA	-0.519371
8520	-1.9016	-1.7469	NA	NA
91156	-1.5318	-1.7475	-1.9972	-0.282582
23543	-1.9542	-1.7489	-1.5095	0.100523
5159	-1.8049	-1.7497	NA	NA
3185	-1.9035	-1.7501	-1.5794	-0.166598
7099	-1.5575	-1.7528	-1.9389	-0.0902088
3695	-1.5574	-1.7529	-1.9537	-0.106866
64801	-1.8214	-1.7538	NA	NA
8615	-1.9318	-1.7573	-1.6033	-0.144725
8803	-2.0111	-1.7591	-1.5044	NA
4502	-1.3816	-1.76	-2.2332	-0.221483
2746	-1.614	-1.7605	-1.9407	-0.206731
7103	-1.8349	-1.7608	-1.7014	-0.579955
9659	-1.5904	-1.7611	-1.9824	0.00855978
4973	-1.8691	-1.7684	-1.6629	-0.0895687
81931	-1.6907	-1.769	NA	NA
1805	-1.8977	-1.771	-1.6496	-0.0209851
64321	-1.8472	-1.7712	NA	-0.196533
55780	-1.6302	-1.7727	-1.9385	-0.307193
7003	-1.7022	-1.7735	-1.8538	NA
54059	-1.9533	-1.774	-1.5904	-0.376121
51780	-1.9916	-1.7741	NA	NA
2330	-1.8032	-1.7744	NA	NA
6203	-1.6445	-1.7775	-1.9095	NA
8527	-1.9508	-1.7779	-1.5853	-0.496478
2528	-1.837	-1.778	NA	NA
154791	-1.758	-1.7782	NA	NA
6704	-1.8717	-1.7786	NA	NA
54965	-1.9145	-1.7788	NA	NA
256364	-1.7077	-1.7793	NA	NA
5339	-1.8441	-1.7805	NA	NA
147495	-1.6196	-1.7812	-1.9697	-0.287675
90933	-1.7933	-1.7815	-1.7728	NA
57336	-2.0826	-1.7815	-1.4557	0.0239024
150771	-1.9058	-1.7835	-1.6886	0.0721179
347730	-1.7578	-1.784	-1.8144	-0.0840826
136288	-1.905	-1.7849	-1.6576	0.154893
11164	-1.8689	-1.7851	-1.7253	-0.162502
3902	-1.8854	-1.7859	-1.699	0.0170747
7127	-1.5205	-1.7865	-2.0994	-0.129063
1230	-1.5533	-1.787	-2.0465	-0.12012
196074	-2.0105	-1.7874	-1.5185	0.0694521
59339	-1.7667	-1.7876	NA	NA
6512	-1.8696	-1.7883	-1.733	NA
22996	-1.8622	-1.7899	-1.7417	-0.166758
57722	-1.664	-1.7916	-1.9244	-0.353377
9619	-1.857	-1.7919	-1.7063	-0.185828
55266	-1.955	-1.792	NA	NA
84240	-1.9068	-1.792	-1.6643	NA
6629	-1.6524	-1.7926	NA	-0.158738
285203	-1.9397	-1.7929	-1.629	NA
9321	-2.1387	-1.7936	-1.4339	-0.22535
1297	-1.7613	-1.7947	-1.8328	NA
55269	-1.9257	-1.7966	NA	NA
6772	-1.9185	-1.7974	-1.6552	-0.151161
23376	-1.7729	-1.7983	NA	-0.296194
159686	-1.7859	-1.8003	-1.8331	-0.40871
55374	-1.9209	-1.8011	-1.6902	-0.246449
1506	-1.9412	-1.8012	NA	NA
254552	-1.8747	-1.802	-1.7551	-0.232563
5980	-1.8857	-1.8034	-1.6958	-0.141552
1803	-2.003	-1.8038	-1.6096	-0.211754
10169	-1.5657	-1.8046	-2.0029	-0.343066
252983	-1.7177	-1.8054	-1.9034	-0.523089
51522	-1.8726	-1.8056	-1.7605	-0.0464543
84734	-1.8711	-1.8062	-1.7646	-0.0678776
9678	-1.891	-1.807	-1.7015	0.346035
113402	-1.7529	-1.8075	NA	NA
9265	-2.0598	-1.8077	-1.521	NA
56940	-1.9295	-1.8084	NA	-0.269662
51517	-1.9813	-1.8093	-1.6258	-0.0140549
391356	-1.5864	-1.8101	-1.9822	-0.15059
3607	-1.8843	-1.8109	NA	NA
201305	-1.7037	-1.8111	NA	NA
29904	-1.9106	-1.8116	-1.7248	-0.118729
3972	-1.9127	-1.8128	NA	NA
163223	-1.8579	-1.8131	NA	NA
60484	-1.9127	-1.8137	-1.7231	-0.48899
573	-1.7249	-1.8145	NA	NA
259307	-1.7308	-1.8153	NA	NA
83737	-1.9878	-1.8162	-1.6342	-0.310965
51319	-1.8995	-1.8165	-1.7631	0.00619777
84765	-1.5533	-1.8168	-2.1495	-0.190948
9806	-1.9267	-1.8176	-1.7198	NA
57448	-1.9934	-1.8177	NA	NA
6524	-1.8404	-1.8178	NA	NA
129138	-1.5481	-1.8182	-2.1504	-0.255787
51176	-1.8993	-1.8185	-1.7573	-0.301584
7581	-1.9566	-1.8195	-1.657	NA
84812	-1.9032	-1.8214	-1.7622	-0.166868
80179	-2.0415	-1.8221	-1.5284	-0.113918
1140	-1.624	-1.8222	-1.9538	NA
6001	-1.5702	-1.8227	-2.0585	-0.234241
2535	-1.4938	-1.8275	-2.1407	-0.122325
7528	-1.8469	-1.8275	NA	NA
10578	-1.8887	-1.8299	NA	-0.156414
54522	-1.9947	-1.8314	-1.6423	0.0499512
85365	-2.1175	-1.8326	-1.5354	-0.192379
713	-1.5935	-1.8343	-2.0877	-0.156351
11332	-1.9265	-1.8374	NA	NA
10975	-1.5763	-1.8374	-2.0454	-0.107172
80346	-1.9343	-1.8379	-1.7626	NA
113177	-1.7117	-1.8404	-1.9726	NA
6217	-1.8724	-1.8432	NA	NA
7799	-2.0105	-1.8433	-1.6886	0.0622342
3779	-1.695	-1.844	-2.0065	-0.301781
254295	-1.7352	-1.8447	-1.9733	NA
123355	-2.0177	-1.8465	-1.6488	0.0971993
7913	-1.9204	-1.8466	NA	NA
1611	-1.5643	-1.8483	-2.1466	-0.186737
1593	-1.9267	-1.8488	NA	-0.51324
91833	-2.0251	-1.8489	NA	NA
55726	-1.8633	-1.8492	NA	NA
7750	-2.1067	-1.8493	NA	NA
3480	-2.1066	-1.8496	-1.5511	-0.144941
221806	-1.9653	-1.8498	-1.7234	-0.0264385
816	-2.0751	-1.8503	-1.6128	NA
134728	-2.0002	-1.8516	-1.6659	NA
1841	-1.8065	-1.8526	-1.9083	NA
2791	-1.8996	-1.8529	-1.8152	-0.321293
50717	-2.0819	-1.8532	-1.6115	NA
79971	-1.6514	-1.8538	-2.0899	-0.216737
10166	-1.9211	-1.854	-1.8052	-0.155023
57519	-2.049	-1.8549	-1.6271	-0.277543
10418	-1.8156	-1.8551	-1.9054	NA
65217	-1.6224	-1.8572	-2.1704	-0.203316
2958	-1.8929	-1.8574	NA	-0.20074
2592	-1.9105	-1.8578	-1.8155	-0.144919
56244	-2.0073	-1.8585	NA	NA
147463	-1.9714	-1.8596	-1.7791	-0.123824
145957	-1.9127	-1.8602	-1.8025	0.206905
84085	-1.9446	-1.8604	-1.777	-0.248828
5412	-1.985	-1.8634	-1.7449	-0.39868
7518	-1.7242	-1.8642	NA	-0.306524
7181	-2.2117	-1.8661	-1.4832	-0.0442161
2595	-1.9865	-1.8662	-1.7461	-0.330178
23232	-1.9405	-1.8664	NA	-0.370768
28232	-1.9768	-1.8683	NA	-0.492864
6374	-1.9211	-1.8696	NA	NA
57577	-1.8333	-1.8702	-1.9141	-0.337749
3625	-1.7654	-1.8703	NA	-0.345746
3693	-1.8032	-1.8747	NA	NA
6039	-1.597	-1.8757	-2.1649	-0.133679
51333	-1.9546	-1.8759	NA	NA
29760	-1.6595	-1.8792	-2.1131	-0.220844
197342	-1.8516	-1.8807	NA	NA
10768	-1.9266	-1.8807	NA	NA
6147	-1.5812	-1.8808	-2.1858	-0.0402453
3257	-2.0721	-1.8817	-1.6891	-0.107455
54503	-2.1286	-1.8828	NA	NA
22909	-2.0321	-1.8829	-1.7201	NA
4814	-1.8425	-1.883	NA	NA
5025	-1.9311	-1.8833	-1.8356	-0.0760911
388523	-1.8265	-1.884	NA	NA
9723	-2.0741	-1.8853	-1.7094	-0.373882
2737	-1.6772	-1.8853	-2.1283	-0.241609
7705	-2.0779	-1.8857	NA	-0.325589
57198	-2.2022	-1.886	-1.5126	-0.0883845
57224	-1.7357	-1.8866	-2.0575	-0.23549
92342	-2.0327	-1.8871	NA	NA
116064	-1.9534	-1.8874	NA	NA
29093	-1.941	-1.8878	-1.8492	-0.0616437
1544	-1.9929	-1.8887	NA	NA
25870	-2.0753	-1.8913	-1.7235	-0.164467
2619	-1.9446	-1.8928	NA	NA
3039	-1.9025	-1.8931	NA	NA
29888	-1.8746	-1.8941	NA	NA
4437	-1.8234	-1.8949	NA	NA
57514	-1.82	-1.8965	-1.9663	-0.140775
148398	-2.0295	-1.8972	NA	NA
84929	-1.7759	-1.8975	NA	NA
7007	-2.0214	-1.8999	-1.8064	-0.511455
729852	-2.1302	-1.9003	-1.6346	NA
22843	-2.0283	-1.902	-1.7708	-0.202294
64805	-1.5517	-1.9026	-2.3282	-0.154408
23028	-1.9828	-1.9033	NA	NA
50512	-2.042	-1.9034	NA	NA
22916	-1.7671	-1.9041	NA	-0.132395
5238	-2.0394	-1.9047	NA	-0.380332
163259	-1.784	-1.9058	-2.0711	-0.331685
54947	-1.795	-1.9069	-2.0031	-0.461366
138799	-1.7317	-1.9073	-2.0902	-0.179764
387763	-1.8804	-1.9091	NA	-0.536214
7227	-1.8056	-1.9105	-2.0268	-0.43269
9817	-1.9966	-1.9107	NA	NA
56288	-1.7464	-1.9121	-2.0949	-0.227047
92105	-1.7222	-1.9128	-2.1325	-0.399958
6654	-1.9025	-1.9132	NA	NA
5021	-1.7272	-1.9132	-2.1447	-0.20663
9948	-1.666	-1.914	-2.2463	-0.151751
23111	-2.029	-1.9157	-1.8324	-0.211175
645191	-1.7139	-1.9168	-2.0925	0.0441695
6176	-1.7062	-1.9176	-2.1683	-0.165802
79871	-2.0421	-1.9178	NA	NA
187	-1.8377	-1.9187	-2.0113	-0.439853
8798	-2.0231	-1.9192	NA	NA
5296	-1.9074	-1.9196	-1.9306	NA
3798	-2.099	-1.9203	-1.7093	0.00841307
4077	-2.0729	-1.9204	NA	NA
23132	-2.1088	-1.9205	NA	NA
6899	-2.1356	-1.9234	-1.6734	NA
8500	-2.0789	-1.9252	NA	NA
84106	-1.8311	-1.9256	NA	NA
50488	-1.672	-1.9258	-2.2294	0.060933
81622	-1.7372	-1.9266	-2.088	-0.19692
8464	-1.9439	-1.9282	NA	NA
51000	-2.1578	-1.932	NA	-0.276496
140576	-1.6366	-1.9323	-2.2345	-0.21778
4000	-1.9878	-1.9331	NA	NA
2766	-1.9896	-1.9332	-1.8892	-0.46785
5764	-1.6486	-1.9333	-2.2649	NA
85027	-2.0136	-1.9344	-1.8762	-0.202098
22876	-2.1266	-1.9344	-1.7437	0.0809431
84950	-1.8763	-1.9362	NA	NA
11064	-2.1099	-1.9365	-1.7442	-0.118398
2760	-2.0747	-1.9368	-1.7861	-0.51807
6814	-1.8455	-1.9368	-2.0331	-0.507937
23648	-2.1064	-1.9371	-1.7508	0.0702063
168090	-1.71	-1.9384	-2.2191	-0.240627
6513	-2.0083	-1.9392	-1.8887	-0.353314
8629	-2.0723	-1.9392	NA	NA
5340	-2.1014	-1.9398	NA	NA
400986	-2.0659	-1.9402	NA	NA
27147	-1.792	-1.9406	-2.1038	-0.32391
25855	-1.9039	-1.9406	NA	-0.268587
317762	-1.8348	-1.9424	-2.0789	-0.0985873
6273	-1.953	-1.943	NA	NA
3187	-2.1286	-1.945	-1.7413	-0.141709
57335	-1.9011	-1.9457	-2.0008	-0.178463
84932	-2.0059	-1.9462	NA	NA
54856	-2.1666	-1.9463	-1.689	-0.0381508
64400	-1.8471	-1.947	NA	NA
624	-1.9173	-1.9494	-1.988	0.112561
92840	-2.0731	-1.9498	-1.826	0.0199198
57403	-1.8392	-1.95	NA	NA
84823	-2.0746	-1.951	NA	NA
84629	-2.127	-1.9515	NA	NA
728378	-1.8557	-1.9516	NA	NA
3040	-1.9605	-1.9522	NA	NA
5352	-2.0141	-1.9545	-1.8807	NA
8073	-1.8537	-1.9545	NA	NA
122953	-2.1308	-1.9554	-1.7957	-0.109629
400713	-1.8356	-1.9559	-2.1148	-0.153457
80019	-2.0019	-1.9559	NA	NA
26263	-2.1214	-1.9561	NA	NA
9682	-2.1603	-1.9565	-1.6995	NA
79027	-2.1827	-1.9576	-1.7038	NA
7353	-1.8589	-1.9581	-2.0229	-0.234726
55544	-1.9941	-1.9583	NA	NA
472	-2.1243	-1.9589	NA	NA
84168	-2.2029	-1.9591	-1.6635	-0.101867
9583	-2.1489	-1.9616	-1.7415	0.0613655
80298	-2.0429	-1.9622	-1.8601	-0.0207302
8139	-1.9426	-1.9624	NA	NA
116985	-2.0568	-1.9658	-1.8543	NA
7318	-1.8288	-1.9661	NA	NA
441151	-2.1087	-1.9661	NA	NA
4637	-1.8722	-1.9667	-2.0103	-0.208718
7378	-2.1569	-1.9671	-1.7262	0.0646952
6431	-2.0818	-1.9673	NA	NA
22854	-2.1032	-1.9679	-1.8011	-0.0296258
6883	-2.0476	-1.9689	NA	-0.112763
90410	-1.9991	-1.9696	NA	NA
2052	-1.8078	-1.9701	-2.109	-0.361801
54768	-1.7806	-1.9712	-2.2001	-0.178184
2018	-1.8901	-1.9728	NA	NA
79726	-2.0165	-1.9742	NA	NA
7915	-1.8834	-1.9748	NA	NA
10531	-2.0589	-1.9749	NA	NA
83853	-1.9934	-1.975	-1.9724	-0.180957
6683	-1.8743	-1.9759	NA	NA
84281	-2.0236	-1.977	NA	-0.519657
57216	-1.808	-1.9774	-2.1856	-0.357163
2959	-2.1524	-1.9782	NA	NA
23125	-2.1151	-1.9785	-1.83	0.0551095
118	-2.2517	-1.9801	-1.698	-0.0163958
9969	-2.0882	-1.9815	NA	NA
57620	-2.1652	-1.9835	-1.795	0.0335952
6584	-2.153	-1.9839	NA	NA
57684	-2.0937	-1.9844	NA	NA
10232	-2.0781	-1.9845	NA	NA
6228	-1.9336	-1.9849	NA	NA
339184	-2.1295	-1.9854	NA	NA
9663	-2.1098	-1.9869	NA	NA
22837	-2.1365	-1.9878	-1.809	0.000850956
6414	-2.0686	-1.9882	NA	-0.485392
10254	-2.232	-1.9887	-1.7139	NA
59284	-2.1055	-1.9887	NA	NA
347734	-2.0633	-1.9894	NA	-0.200841
54209	-1.8865	-1.9923	-2.0808	-0.244482
6916	-1.9008	-1.9925	NA	NA
57715	-2.1028	-1.993	NA	NA
1979	-2.0387	-1.9945	NA	NA
6230	-1.9288	-1.9946	NA	NA
5545	-2.1702	-1.9948	NA	0.128353
5865	-1.9804	-1.9953	-2.0061	-0.152577
55829	-1.9786	-1.9959	NA	NA
51567	-2.1091	-1.9972	-1.9074	-0.0129391
165055	-2.2506	-1.9977	-1.7086	-0.0802905
348	-1.7564	-1.9979	-2.2771	-0.154876
4969	-1.9292	-1.9994	-2.0835	-0.208929
388323	-1.9786	-1.9998	NA	NA
2294	-2.0874	-1.9999	-1.9321	-0.22915
2901	-1.8887	-2.0051	-2.1629	0.142633
23250	-2.2208	-2.0057	-1.7863	-0.326703
255743	-2.0185	-2.006	-1.9973	-0.335015
2669	-1.9262	-2.0065	-2.083	-0.451319
1312	-1.7521	-2.0071	-2.2604	-0.48974
285643	-2.1197	-2.0075	-1.9014	NA
10949	-2.119	-2.0076	-1.8889	NA
92017	-2.2196	-2.0084	-1.7794	NA
30061	-1.7611	-2.0114	-2.2306	-0.308238
92579	-1.9384	-2.0115	NA	NA
6867	-2.2499	-2.016	-1.7661	0.130909
80704	-2.0534	-2.0161	-1.9817	-0.211058
57148	-2.1759	-2.0173	-1.8457	NA
3784	-1.6927	-2.0182	-2.3772	-0.241691
9129	-2.2391	-2.0186	-1.7747	NA
161291	-2.0982	-2.0205	NA	NA
6142	-1.921	-2.0284	NA	NA
170591	-1.7822	-2.0303	-2.2638	-0.348177
7046	-2.1549	-2.0304	-1.9047	-0.403017
92999	-2.1867	-2.0305	-1.8445	-0.221662
202243	-2.1655	-2.0329	NA	NA
5465	-1.8648	-2.035	NA	NA
10318	-2.1434	-2.0357	-1.951	-0.147756
149076	-2.2835	-2.0374	-1.7374	0.0228715
64135	-2.0963	-2.0375	-1.9895	-0.456333
51633	-2.137	-2.0377	NA	NA
4600	-2.1102	-2.0385	-1.9565	-0.050288
122618	-1.9487	-2.0402	NA	NA
84109	-2.1365	-2.0404	-1.9756	-0.294199
9450	-1.828	-2.0413	-2.2366	-0.148429
401474	-2.4769	-2.0427	-1.5609	-0.108876
6461	-2.1441	-2.0428	NA	NA
51170	-2.0966	-2.0452	NA	0.0471257
6642	-2.0915	-2.0462	NA	-0.511382
57634	-2.1438	-2.0463	NA	NA
9465	-2.1408	-2.0472	-1.9258	-0.167028
79717	-1.8426	-2.0487	-2.3027	-0.0335316
84186	-2.187	-2.0491	NA	-0.108491
6129	-2.0489	-2.0499	NA	NA
6397	-2.2115	-2.0501	-1.8637	-0.0599308
116328	-1.9977	-2.0502	-2.1131	-0.273857
1826	-2.2068	-2.0507	-1.8542	NA
7182	-2.1394	-2.053	-1.9389	NA
29780	-1.9336	-2.0533	-2.1826	0.128851
163087	-2.3836	-2.0534	-1.7077	NA
113419	-2.2009	-2.0582	NA	NA
26053	-2.178	-2.0583	-1.915	-0.122438
113791	-2.1276	-2.0626	NA	NA
5547	-2.089	-2.0628	NA	-0.347823
130916	-2.1323	-2.0654	NA	NA
91355	-2.1653	-2.0655	-1.9972	-0.339654
84225	-1.8969	-2.0656	-2.2397	-0.253016
374977	-2.0834	-2.0668	NA	NA
5359	-2.1964	-2.0697	-1.9336	0.00491659
55007	-2.2291	-2.0726	NA	NA
2104	-2.1922	-2.0728	-2.0015	-0.147946
5932	-2.1853	-2.073	-1.9395	NA
9730	-2.3622	-2.0732	-1.727	-0.0544292
55365	-1.7735	-2.0739	-2.422	-0.17138
3175	-1.8136	-2.074	-2.3441	0.180557
84260	-2.446	-2.0741	-1.6804	-0.141935
176	-2.1519	-2.0742	-2.0355	-0.26536
4774	-1.9338	-2.0765	-2.2258	-0.547215
341	-1.8855	-2.0773	-2.3145	0.0314148
50808	-1.8458	-2.079	NA	NA
3600	-1.9843	-2.0791	-2.1938	-0.349575
3111	-1.8632	-2.0831	-2.3104	-0.399684
54984	-2.3883	-2.0833	-1.7555	0.0101766
55300	-2.001	-2.0841	NA	NA
56521	-1.9383	-2.085	-2.2645	-0.0225449
23473	-2.3455	-2.0852	-1.7853	-0.323857
6696	-2.1857	-2.0855	-1.9993	-0.478713
89978	-2.0604	-2.0857	-2.1183	NA
26084	-2.0349	-2.0867	NA	NA
56957	-2.2146	-2.0878	NA	NA
274	-1.9093	-2.0902	-2.2878	NA
138639	-2.2996	-2.0904	NA	-0.355748
4815	-2.1695	-2.0937	NA	-0.3576
5451	-2.3343	-2.094	NA	NA
57730	-2.1597	-2.0961	NA	NA
7110	-2.3916	-2.0965	-1.7854	-0.01666
7223	-1.8576	-2.097	-2.3973	-0.25033
57685	-1.8872	-2.0983	-2.3224	-0.0381023
100506084	-2.2311	-2.0989	NA	NA
6882	-2.3354	-2.0989	-1.865	NA
79809	-2.5732	-2.099	-1.3613	0.0424552
27163	-2.2929	-2.1	-1.8971	-0.397351
57447	-2.0206	-2.1005	NA	NA
30832	-2.2963	-2.1005	-1.8693	NA
7077	-1.8316	-2.1007	-2.4695	-0.298906
51592	-2.3139	-2.1025	-1.8774	0.104492
51479	-2.321	-2.1075	NA	NA
219972	-1.9386	-2.1077	-2.2901	-0.210921
7940	-1.8568	-2.1085	-2.3452	-0.200094
342850	-2.2139	-2.1099	-2.0326	-0.219912
5918	-2.1225	-2.1103	-2.0996	-0.529893
4093	-2.0806	-2.1117	-2.136	-0.626718
84307	-2.3228	-2.1119	NA	NA
1132	-2.0727	-2.1145	-2.1762	NA
5688	-2.0348	-2.1147	NA	NA
54890	-2.2749	-2.1152	NA	NA
57556	-2.2771	-2.1154	NA	NA
170463	-2.0669	-2.1155	-2.1948	0.11758
9295	-2.2922	-2.1173	-1.9094	0.0291573
120	-1.9352	-2.1193	-2.2898	NA
51312	-2.286	-2.1205	-1.9012	-0.0528111
57593	-2.2353	-2.1206	NA	NA
29937	-1.9476	-2.1216	-2.2935	NA
6634	-1.8463	-2.1231	-2.4595	-0.258034
9672	-1.9297	-2.1238	-2.3544	-0.119714
23404	-2.1517	-2.1245	NA	NA
54934	-2.3303	-2.1273	-1.8852	NA
22938	-2.2002	-2.128	NA	NA
23081	-2.431	-2.1281	-1.7687	-0.157627
5454	-2.2599	-2.1284	-1.9701	-0.0319245
2103	-2.2416	-2.1293	-2.0288	-0.227321
51650	-1.6486	-2.1296	-2.7585	-0.10323
257019	-2.0544	-2.1313	-2.234	-0.164226
10864	-2.1877	-2.1333	NA	NA
241	-1.9761	-2.1333	-2.2659	-0.261236
30850	-2.243	-2.1335	-2.0731	-0.230547
5742	-2.2221	-2.1345	-2.0517	-0.291398
64091	-2.2207	-2.135	NA	NA
85407	-2.2451	-2.1351	-2.0381	-0.239392
388931	-2.2233	-2.1356	NA	NA
54534	-2.2588	-2.1359	-1.9975	NA
92369	-2.0907	-2.136	NA	NA
6649	-2.0992	-2.1379	NA	-0.309565
79876	-2.2946	-2.1379	-1.9754	0.0874021
28987	-2.2664	-2.1405	-2.0328	-0.218587
27443	-2.1682	-2.1417	NA	NA
7410	-2.0388	-2.1425	-2.2407	-0.502744
5439	-1.9364	-2.1432	-2.3348	NA
344838	-2.2948	-2.1436	-2.0202	-0.18967
10083	-2.2378	-2.144	-2.0726	-0.605264
9111	-2.0107	-2.1441	-2.2273	-0.332941
51196	-2.0519	-2.1451	-2.211	-0.44108
203328	-1.8777	-2.1456	-2.3971	-0.215604
10600	-2.3273	-2.1483	-1.9508	-0.304371
130074	-2.42	-2.1503	-1.8723	0.0453515
162394	-2.2938	-2.1508	-2.0198	-0.343493
5899	-2.2936	-2.1508	-2.013	-0.114762
386679	-2.297	-2.1511	NA	NA
3182	-2.1458	-2.1531	NA	NA
6837	-2.3182	-2.1537	-1.9722	-0.138496
8641	-2.4037	-2.1545	-1.8664	-0.319145
643246	-2.2962	-2.1547	NA	-0.071807
10333	-2.0757	-2.1586	NA	-0.423575
1298	-2.1839	-2.1601	NA	NA
64092	-1.908	-2.1622	-2.4179	NA
56624	-2.4624	-2.1637	-1.8433	-0.200093
56675	-2.1486	-2.1653	NA	-0.0755299
1024	-2.2473	-2.1657	NA	NA
114984	-2.313	-2.1663	-2.014	NA
55628	-2.3182	-2.1674	-1.9977	NA
644139	-2.0977	-2.1679	-2.2393	-0.519621
83464	-2.0842	-2.1681	NA	NA
84167	-2.2754	-2.1689	NA	NA
10010	-2.3479	-2.1698	NA	NA
80173	-2.136	-2.1725	-2.2252	-0.186396
347148	-2.2702	-2.1747	NA	NA
55212	-2.4622	-2.1754	-1.8356	0.00332849
1466	-2.2195	-2.1757	NA	-0.576963
54918	-2.1346	-2.1765	NA	NA
57698	-2.047	-2.1768	NA	NA
7700	-2.341	-2.1778	NA	NA
1796	-1.8516	-2.1785	-2.6026	-0.217388
2324	-2.4037	-2.1799	-1.9429	NA
8387	-2.3545	-2.1827	NA	NA
4860	-1.9507	-2.1831	-2.4205	-0.474573
83657	-2.2019	-2.1837	NA	NA
25987	-2.1051	-2.1839	-2.2349	-0.298739
9716	-2.3995	-2.1847	NA	NA
23264	-2.3916	-2.1864	-1.9531	-0.108181
79892	-2.2174	-2.1893	NA	NA
252884	-2.4645	-2.1897	NA	NA
80301	-2.0509	-2.1909	NA	-0.30555
714	-1.876	-2.1911	-2.5577	-0.218963
223	-1.8843	-2.1914	-2.5031	-0.296128
23026	-2.0753	-2.193	-2.3399	-0.0387902
10848	-2.2784	-2.1933	NA	NA
2122	-2.2823	-2.1948	-2.1335	-0.266151
65095	-2.4926	-2.1949	-1.8475	-0.126099
9603	-2.2272	-2.1951	-2.1587	-0.477563
5501	-2.307	-2.1967	NA	-0.257453
129807	-2.3107	-2.1986	NA	NA
8667	-1.9628	-2.2004	-2.4443	NA
51187	-2.3502	-2.2005	NA	NA
256356	-2.3399	-2.2008	-2.076	-0.372561
113878	-2.396	-2.2019	NA	NA
51020	-2.1377	-2.2048	-2.2507	-0.307615
7305	-1.9873	-2.2065	-2.4051	-0.230436
60492	-1.5739	-2.208	-2.9408	-0.290195
84886	-2.1595	-2.2092	NA	NA
7538	-2.1737	-2.2094	NA	-0.315524
54886	-1.9163	-2.2099	NA	-0.350714
440026	-2.4804	-2.2113	NA	NA
441459	-2.291	-2.2131	-2.1121	-0.271382
55739	-2.3356	-2.2136	NA	NA
4891	-2.4082	-2.2137	NA	NA
92949	-2.3254	-2.2145	-2.0757	-0.0930404
23274	-2.3256	-2.2147	-2.128	-0.0471802
283927	-2.1671	-2.2153	NA	NA
388336	-2.1697	-2.2158	NA	NA
79083	-2.3586	-2.2159	-2.1058	-0.255766
3624	-2.3109	-2.2174	-2.1577	-0.467832
54558	-2.2894	-2.2175	NA	-0.445774
7760	-2.3341	-2.218	-2.1357	NA
610	-2.3368	-2.2186	-2.1305	-0.199362
10240	-2.3298	-2.2189	-2.1167	NA
64834	-2.351	-2.2193	NA	-0.404562
81853	-2.2777	-2.2202	NA	NA
4715	-2.2512	-2.2204	NA	-0.29155
25929	-2.3685	-2.2213	-2.0472	NA
2357	-2.1274	-2.2242	-2.2974	-0.296459
26716	-2.3316	-2.2246	NA	NA
55568	-1.9413	-2.225	-2.5181	NA
9416	-2.5492	-2.227	-1.8772	NA
79092	-2.3098	-2.2274	NA	-0.532964
221692	-2.3102	-2.2299	NA	NA
51225	-2.2133	-2.2309	NA	NA
55066	-2.4932	-2.2335	-1.9364	NA
55145	-2.4695	-2.2407	-1.971	NA
123803	-2.1616	-2.2407	NA	NA
3235	-2.3655	-2.2409	NA	NA
55205	-2.3054	-2.2415	NA	NA
988	-2.38	-2.242	NA	NA
9045	-2.32	-2.2428	NA	NA
245929	-2.379	-2.2438	NA	NA
55117	-2.366	-2.2438	-2.1023	-0.309324
10974	-1.9159	-2.2463	-2.6808	-0.289053
51251	-2.0851	-2.2486	-2.4627	0.0952506
23102	-2.3484	-2.2487	-2.1127	NA
7107	-2.1158	-2.2491	-2.3811	-0.348304
3612	-2.4117	-2.2492	-2.1185	-0.206137
2124	-2.1556	-2.2494	-2.3592	-0.286591
63827	-2.0565	-2.2498	-2.4626	-0.238549
4289	-2.4834	-2.2509	-1.9735	-0.113916
81563	-2.1017	-2.2511	-2.4331	-0.109269
8788	-2.3336	-2.2515	NA	NA
26471	-1.9361	-2.2516	-2.6763	-0.256455
9857	-2.4888	-2.2542	-1.9883	-0.166263
92399	-2.3578	-2.2546	-2.2072	-0.329882
5586	-2.3826	-2.2548	NA	NA
55435	-2.3435	-2.2549	NA	NA
7849	-2.2955	-2.2574	-2.2339	0.157857
54930	-2.3889	-2.2585	NA	NA
84294	-2.4509	-2.2586	NA	NA
79901	-2.001	-2.2595	-2.5496	NA
26025	-2.2241	-2.2603	NA	NA
4332	-1.9933	-2.2607	NA	-0.298007
5082	-2.3311	-2.2611	-2.1986	-0.443257
55035	-2.3891	-2.2624	NA	NA
22905	-2.2005	-2.263	NA	NA
84163	-2.1408	-2.2648	NA	NA
6583	-2.2302	-2.265	NA	NA
51115	-2.2858	-2.265	NA	NA
5966	-2.4659	-2.2664	NA	NA
4147	-2.1814	-2.2669	-2.3784	-0.174007
6873	-2.4734	-2.2671	-2.0141	NA
115330	-2.4002	-2.2682	-2.1472	-0.044603
22903	-2.5032	-2.2698	-2.0045	-0.129954
9217	-2.3737	-2.2701	-2.1671	-0.0590656
9420	-2.3276	-2.271	NA	NA
4294	-2.3636	-2.2721	-2.1553	-0.0409947
57626	-2.1226	-2.2726	-2.4465	-0.2459
8654	-2.2599	-2.2729	NA	NA
55184	-2.4744	-2.2741	NA	NA
9627	-2.4677	-2.2755	-2.0627	NA
9662	-2.6517	-2.2755	-1.8793	-0.246946
25794	-2.3645	-2.2762	NA	NA
54892	-2.1051	-2.2788	NA	NA
64097	-2.2962	-2.2794	-2.2562	-0.277
25937	-2.2408	-2.2804	-2.311	NA
55508	-2.2746	-2.2808	NA	-0.370334
284904	-2.3853	-2.2808	NA	NA
6888	-2.2294	-2.2814	NA	-0.427811
57553	-2.5159	-2.2821	-1.9945	NA
8493	-2.5419	-2.2824	-1.9816	-0.072932
3055	-2.1163	-2.2835	-2.419	NA
23313	-2.1542	-2.2841	NA	NA
3846	-2.4436	-2.2841	NA	NA
51547	-2.445	-2.2852	-2.1652	NA
23231	-2.3801	-2.2875	-2.1665	-0.430734
147929	-2.4	-2.2876	-2.1792	-0.213706
23355	-2.4042	-2.2881	NA	NA
84253	-2.3194	-2.2884	NA	-0.236667
259282	-2.5451	-2.2922	-1.9938	NA
8702	-2.4118	-2.2942	NA	NA
5992	-2.2137	-2.295	NA	NA
5411	-2.3279	-2.2957	NA	NA
55905	-2.0849	-2.2971	-2.5231	NA
8036	-2.473	-2.2985	-2.0876	NA
6603	-2.459	-2.3002	-2.1745	-0.188498
152687	-2.5014	-2.3012	NA	NA
23218	-2.3956	-2.3017	NA	NA
114294	-2.1825	-2.3022	-2.4533	-0.317409
22889	-2.5462	-2.3032	-2.0121	-0.066355
115677	-2.3913	-2.3034	-2.2412	-0.24456
79959	-2.5095	-2.3039	-2.0836	0.0603462
4736	-2.1408	-2.304	-2.4855	-0.132303
23023	-2.4605	-2.305	-2.1533	0.0886056
127018	-2.0423	-2.3059	-2.6064	-0.363284
1158	-2.4262	-2.3072	NA	NA
150274	-2.3424	-2.3074	NA	NA
84842	-2.3483	-2.3088	NA	NA
6720	-2.2008	-2.3092	-2.4448	-0.396353
337969	-2.3108	-2.3093	NA	NA
53938	-2.5924	-2.3116	-1.9904	-0.178044
178	-2.4552	-2.3128	-2.129	NA
56006	-2.5319	-2.3138	-2.0738	-0.175868
1837	-2.2497	-2.3145	NA	-0.631637
4157	-2.4254	-2.3149	-2.2359	-0.127434
3032	-2.1997	-2.3169	-2.4115	-0.547396
5828	-2.2734	-2.3181	NA	-0.212306
10095	-2.3116	-2.3182	NA	NA
83608	-2.4803	-2.3205	-2.1617	NA
929	-2.3697	-2.3208	NA	-0.0950468
8532	-2.352	-2.3221	NA	NA
93550	-2.4681	-2.3225	-2.1586	-0.522355
9951	-2.3887	-2.3243	-2.247	-0.303185
22836	-2.2027	-2.3246	NA	NA
254428	-2.377	-2.3257	NA	NA
155435	-2.4435	-2.3268	NA	NA
85437	-2.0986	-2.3288	NA	NA
5791	-2.4152	-2.3305	-2.2654	-0.297772
51071	-2.2376	-2.3314	NA	NA
6667	-2.4885	-2.3335	NA	NA
10003	-2.7254	-2.3351	-1.8593	-0.106223
663	-2.1898	-2.3355	-2.5205	-0.428943
51465	-2.2926	-2.3366	NA	NA
391712	-2.3348	-2.339	-2.3354	-0.290638
34	-2.5137	-2.3394	-2.1547	NA
1723	-2.283	-2.3399	NA	NA
8407	-2.3721	-2.3458	-2.3628	-0.442504
2301	-2.4264	-2.3462	NA	NA
22982	-2.5633	-2.3472	-2.0924	NA
84545	-2.1499	-2.35	-2.6084	-0.220091
9587	-2.4711	-2.35	NA	NA
26115	-2.5239	-2.3537	NA	NA
116238	-2.2275	-2.3564	NA	NA
240	-2.0383	-2.3575	-2.69	-0.264248
5610	-2.4639	-2.3581	NA	NA
58475	-2.2637	-2.3583	-2.459	-0.320668
22871	-2.4334	-2.3594	-2.2545	0.0756252
387707	-2.1209	-2.3609	-2.6457	-0.277946
64094	-2.4821	-2.3618	-2.2521	-0.165589
3954	-2.0628	-2.363	-2.683	NA
10557	-2.422	-2.3631	-2.3215	-0.261804
55616	-2.3394	-2.3663	-2.3984	-0.429671
57464	-2.3986	-2.3675	-2.3514	0.0443645
404550	-2.1086	-2.369	-2.6343	0.153934
9842	-2.5574	-2.3704	NA	-0.188323
444882	-2.5288	-2.3705	-2.2073	-0.15454
2796	-2.6887	-2.371	-1.9609	-0.22584
284361	-2.3874	-2.3713	NA	NA
4921	-2.327	-2.376	-2.4212	-0.399212
3716	-2.5548	-2.3761	-2.1727	-0.0352711
2620	-2.4998	-2.3772	-2.2884	-0.0562113
5745	-2.5194	-2.3775	-2.2655	-0.218616
9741	-2.243	-2.3798	-2.4785	-0.426011
10617	-2.516	-2.3801	NA	-0.383606
58504	-2.4153	-2.3818	-2.3423	-0.519793
2787	-2.271	-2.3849	NA	NA
6398	-2.4509	-2.3855	-2.3166	0.129435
79812	-2.4196	-2.3859	NA	NA
5327	-2.4705	-2.3868	-2.3115	-0.295477
4299	-2.6021	-2.3915	-2.167	-0.381911
5630	-2.4645	-2.3924	-2.3396	-0.263415
3778	-2.398	-2.3928	-2.3799	0.210821
7074	-2.555	-2.3942	-2.1932	0.00613909
91607	-2.3986	-2.4023	-2.4136	0.0788322
56339	-2.4865	-2.4047	NA	NA
171546	-2.2887	-2.4069	-2.5699	-0.422458
5424	-2.5192	-2.4095	NA	NA
84898	-2.3578	-2.4099	-2.4876	-0.305465
56907	-2.7471	-2.4117	NA	NA
6093	-2.5819	-2.412	NA	-0.176256
140801	-2.3708	-2.4124	NA	NA
129563	-2.6926	-2.414	-2.0173	0.0368747
11346	-2.1978	-2.416	-2.6025	0.0384165
8312	-2.4604	-2.4171	NA	NA
9617	-2.5008	-2.4171	-2.3452	-0.0767462
22872	-2.6421	-2.4181	-2.1995	-0.149897
112802	-2.5711	-2.4202	NA	NA
6387	-2.4989	-2.4226	NA	-0.338281
389114	-2.6494	-2.4233	-2.1514	NA
10180	-2.5456	-2.4235	NA	NA
4291	-2.381	-2.4295	-2.4907	0.125258
9918	-2.605	-2.4295	-2.251	-0.262616
3765	-2.6467	-2.4298	-2.1591	NA
283807	-2.5569	-2.4325	NA	NA
255027	-2.548	-2.4326	-2.2802	-0.235252
29946	-2.6077	-2.4331	-2.263	NA
22834	-2.6419	-2.4336	NA	NA
7276	-2.4407	-2.4341	-2.4284	-0.435991
55745	-2.6061	-2.4348	-2.2909	-0.0196716
388722	-2.3322	-2.4376	-2.4939	NA
9099	-2.6083	-2.4387	NA	0.00681985
10863	-2.2146	-2.4397	-2.6503	-0.323316
56112	-2.5936	-2.4398	-2.2373	-0.360892
3672	-2.4964	-2.4411	NA	-0.336399
57758	-2.1268	-2.4418	-2.831	-0.184145
79713	-2.4971	-2.4459	-2.3984	-0.535294
2950	-2.3266	-2.4465	-2.5246	-0.384041
1105	-2.6331	-2.4476	-2.2189	-0.148898
284021	-2.13	-2.448	-2.8121	-0.259176
23549	-2.3633	-2.449	NA	NA
284352	-2.3961	-2.4491	NA	-0.140071
7174	-2.8446	-2.4515	-2.0491	-0.196565
10585	-2.5795	-2.4522	-2.304	-0.330061
10165	-2.6216	-2.4541	-2.293	-0.52872
388610	-2.6349	-2.4552	-2.2486	-0.101551
7026	-2.3189	-2.4563	-2.641	0.0881342
92689	-2.3726	-2.4579	NA	NA
137682	-2.5739	-2.4584	NA	NA
23152	-2.5043	-2.4591	-2.4013	-0.249
2014	-2.2165	-2.4594	-2.716	-0.336655
79829	-2.6639	-2.461	NA	NA
3248	-2.4768	-2.4618	-2.4565	-0.194289
200634	-2.7457	-2.4653	-2.1271	-0.174654
7477	-2.0886	-2.4665	-2.9436	-0.0575387
427	-2.3467	-2.4676	-2.5776	-0.45344
5959	-2.8153	-2.4677	-2.0611	-0.190997
84446	-2.6913	-2.4686	-2.1954	-0.0896069
1523	-2.6211	-2.4701	-2.2668	-0.106341
9037	-2.4399	-2.4726	-2.5157	-0.640904
353500	-2.6568	-2.4732	-2.2492	-0.185979
5020	-2.6452	-2.4762	NA	NA
26074	-2.312	-2.4766	NA	-0.187533
29964	-2.6229	-2.4777	NA	NA
51667	-2.6852	-2.479	-2.2728	-0.147021
79006	-2.4841	-2.4794	-2.4544	NA
9885	-2.6299	-2.4796	-2.3413	-0.201475
56898	-2.4054	-2.4797	NA	NA
5106	-2.3245	-2.4798	-2.6645	-0.0891663
92595	-2.6268	-2.4806	NA	NA
27241	-2.649	-2.4839	NA	NA
51144	-2.4719	-2.4859	NA	-0.512132
91543	-2.8102	-2.4873	-2.1174	-0.205266
126075	-2.4097	-2.4897	NA	NA
4666	-2.4176	-2.4897	-2.5992	NA
122416	-2.5975	-2.4901	-2.3791	-0.175437
168537	-2.5873	-2.4905	NA	NA
55268	-2.5403	-2.4912	-2.4154	-0.165658
81704	-2.2768	-2.4977	-2.7112	-0.389665
147991	-2.5141	-2.4989	NA	NA
8569	-2.5523	-2.5	-2.4308	0.00310427
130733	-2.66	-2.5004	NA	-0.109463
56104	-2.7306	-2.5043	NA	NA
2262	-2.2195	-2.5067	-2.8247	-0.325163
10797	-2.5704	-2.5088	-2.4602	-0.314314
55092	-2.3233	-2.5104	-2.6942	-0.329515
192669	-2.8578	-2.5108	NA	-0.358382
51710	-2.8549	-2.5116	NA	NA
3122	-2.332	-2.5139	-2.6754	-0.335538
6210	-2.3764	-2.5164	-2.6733	NA
148362	-2.6307	-2.5166	NA	NA
81502	-2.7497	-2.5202	-2.2532	NA
84269	-2.3491	-2.5215	-2.6816	-0.0206251
5996	-2.4187	-2.522	-2.622	-0.501078
10226	-2.6489	-2.5235	NA	NA
160140	-2.3877	-2.5248	NA	NA
340204	-2.5575	-2.5249	NA	NA
5684	-2.5466	-2.5261	NA	NA
51735	-2.6964	-2.528	-2.3079	0.0423852
9121	-2.3232	-2.5325	NA	NA
7009	-2.3879	-2.5355	NA	NA
113189	-2.4386	-2.536	NA	-0.388455
116840	-2.6924	-2.5364	NA	NA
4601	-2.813	-2.5377	-2.2133	-0.0796762
55160	-2.7103	-2.5389	-2.3775	-0.401064
144321	-2.4111	-2.5394	NA	NA
114049	-2.6489	-2.5396	NA	NA
440279	-2.6829	-2.5401	-2.426	-0.244471
118429	-2.6117	-2.5423	-2.474	-0.29259
5997	-2.7028	-2.5449	-2.4006	-0.380484
55691	-2.6951	-2.5461	-2.386	-0.122337
9648	-2.7167	-2.5502	-2.4044	0.0358122
5328	-2.6826	-2.5511	-2.3814	-0.0535523
8790	-2.7242	-2.553	NA	-0.172428
860	-2.7725	-2.5534	-2.3153	-0.316983
1031	-2.6359	-2.5555	-2.4925	-0.220297
10171	-2.775	-2.5576	-2.2752	-0.332037
158067	-2.5262	-2.5627	NA	NA
54621	-2.6745	-2.564	-2.4468	-0.251236
222068	-2.7313	-2.5643	NA	NA
2012	-2.3806	-2.5651	-2.7272	-0.397338
283234	-2.6795	-2.5663	-2.4109	-0.0673728
55835	-2.6953	-2.5666	-2.4155	0.0107737
7582	-2.6275	-2.5683	NA	-0.100445
54453	-2.5824	-2.5694	NA	NA
3270	-2.7107	-2.5725	-2.4727	-0.196739
1337	-2.5377	-2.5758	NA	NA
196792	-2.5653	-2.5775	-2.5901	-0.13737
3429	-2.6817	-2.5776	-2.5103	-0.26733
64065	-2.6237	-2.5794	-2.5536	-0.488339
53942	-2.6721	-2.5798	-2.4533	-0.172636
6231	-2.4813	-2.5798	NA	NA
968	-2.2896	-2.5809	-2.8477	-0.198522
10608	-2.6974	-2.584	-2.4369	-0.0983721
8736	-2.2635	-2.5862	-2.9466	-0.46229
59307	-2.3508	-2.5877	-2.769	-0.247609
3993	-2.6838	-2.5878	NA	-0.317719
3909	-2.7344	-2.589	-2.4151	-0.113429
92610	-2.7145	-2.5905	-2.4908	-0.125534
9261	-2.5698	-2.5907	NA	-0.5685
1909	-2.7706	-2.5911	-2.3988	-0.227354
2005	-2.7253	-2.5913	NA	NA
348013	-2.6729	-2.5913	-2.5623	-0.305944
284	-2.5453	-2.5914	-2.6456	-0.496409
196264	-2.7798	-2.5934	-2.3612	-0.0410527
960	-2.6258	-2.5946	-2.5719	-0.548421
388335	-2.5	-2.5947	NA	NA
23189	-2.3741	-2.5955	NA	NA
92305	-2.5762	-2.5959	NA	NA
6201	-2.6156	-2.5983	NA	NA
122961	-2.498	-2.5996	NA	-0.284081
8099	-2.6763	-2.6002	-2.5273	-0.452802
55692	-2.7121	-2.6002	NA	NA
399664	-2.7181	-2.6031	NA	NA
11011	-2.7469	-2.6037	NA	NA
55803	-2.1989	-2.6041	-3.0318	-0.290196
463	-2.361	-2.6055	-2.8642	-0.414965
27128	-2.2661	-2.6057	-2.9089	-0.266686
23460	-2.8569	-2.6064	-2.3508	-0.315624
84189	-2.605	-2.6081	-2.6235	-0.412802
5662	-2.3118	-2.6084	-2.9192	0.19338
10749	-2.5552	-2.609	NA	NA
55816	-2.5406	-2.6099	NA	NA
6297	-2.6737	-2.6115	NA	-0.448393
375341	-2.7752	-2.6124	NA	NA
23413	-2.6385	-2.6132	NA	-0.0510314
55020	-2.3414	-2.6136	NA	NA
440073	-2.7076	-2.6168	NA	NA
4925	-2.586	-2.6192	NA	-0.0416266
5908	-2.0466	-2.6195	-3.1901	-0.342576
388121	-2.5287	-2.6228	-2.7306	-0.149298
140735	-2.7893	-2.6234	NA	NA
3670	-2.7678	-2.6245	NA	0.104489
55075	-2.6805	-2.6261	NA	NA
6194	-2.5193	-2.6299	-2.7597	NA
11319	-2.8788	-2.6307	NA	NA
57453	-2.8146	-2.6309	-2.4435	-0.545638
10556	-2.4633	-2.6316	NA	NA
50617	-2.4094	-2.6355	-2.8105	-0.123597
653857	-2.5979	-2.6356	-2.6686	-0.442554
94032	-2.7008	-2.6366	-2.5647	0.0512453
8717	-2.6843	-2.639	-2.5868	-0.519709
166348	-2.7894	-2.6397	-2.4779	-0.065624
10809	-2.785	-2.6405	-2.5182	-0.000482584
63901	-2.4319	-2.6408	-2.8305	NA
8089	-2.9139	-2.6418	-2.2953	-0.0104111
389	-2.195	-2.6427	-3.1094	-0.182255
56666	-2.775	-2.6454	-2.5478	-0.0446848
5045	-2.7085	-2.6477	NA	NA
9567	-2.8298	-2.649	-2.4141	-0.311616
8082	-2.5206	-2.6498	NA	NA
3162	-2.5357	-2.6507	-2.7243	-0.502612
2065	-2.7557	-2.6511	NA	NA
2533	-2.4402	-2.6516	-2.8376	-0.254715
5802	-2.7345	-2.6528	NA	NA
9023	-2.5741	-2.656	-2.7145	-0.598203
2348	-2.4836	-2.6567	-2.8733	-0.250742
124912	-2.6578	-2.6588	-2.6666	NA
27143	-2.578	-2.6613	NA	NA
2246	-2.611	-2.6617	NA	NA
197350	-2.8312	-2.6621	NA	NA
7644	-2.7054	-2.6638	NA	-0.0890522
115752	-2.44	-2.6656	NA	NA
694	-2.664	-2.6668	-2.673	-0.182956
284415	-2.766	-2.6688	-2.6095	-0.537489
51002	-2.7942	-2.6696	-2.5651	-0.0660503
123	-2.6736	-2.6734	NA	NA
80036	-2.82	-2.6735	-2.51	-0.261696
4846	-2.8482	-2.6766	NA	-0.020723
6125	-2.6298	-2.6791	NA	NA
6097	-2.7282	-2.6797	NA	NA
10085	-2.8815	-2.6801	-2.4786	-0.202884
90378	-2.702	-2.6803	NA	NA
56935	-2.8545	-2.6813	-2.4973	-0.0403057
84896	-3.0294	-2.682	-2.262	NA
7851	-2.6832	-2.6848	-2.7142	0.0148534
84569	-2.7294	-2.6859	NA	NA
79736	-2.7681	-2.6903	NA	NA
222256	-2.6856	-2.6912	-2.7166	NA
4130	-2.7683	-2.6921	NA	-0.145721
11314	-2.5232	-2.6923	-2.8575	NA
123207	-2.4806	-2.6953	NA	NA
5863	-2.859	-2.6959	NA	NA
283989	-2.9135	-2.6971	-2.4516	-0.230233
5179	-2.9723	-2.699	-2.386	-0.0687342
57505	-2.783	-2.699	-2.5832	NA
942	-2.4564	-2.699	-2.9184	NA
2762	-2.8149	-2.6993	NA	NA
145282	-2.7513	-2.6995	NA	NA
213	-2.7416	-2.7	NA	NA
148789	-3.0922	-2.7018	-2.2428	-0.187984
85477	-2.4949	-2.704	-2.9287	-0.319723
5583	-2.8424	-2.7049	-2.5822	-0.317135
8574	-2.4523	-2.7068	-2.8681	-0.244596
79789	-2.9093	-2.7073	NA	-0.375747
1181	-2.8595	-2.7076	-2.5244	-0.197151
54925	-2.8331	-2.7082	NA	NA
148223	-3.0156	-2.7092	-2.3151	-0.131326
2934	-2.7534	-2.7096	NA	-0.536788
3417	-2.6907	-2.7121	NA	-0.489378
1850	-2.8401	-2.713	-2.5442	0.0411067
342538	-2.7159	-2.713	NA	NA
207	-2.935	-2.7144	NA	NA
54809	-2.4708	-2.7148	-2.9869	-0.119069
64064	-2.8634	-2.7159	-2.5598	-0.0190307
51554	-2.8954	-2.7194	NA	NA
2512	-2.4527	-2.7204	-2.9618	-0.212414
91408	-2.8461	-2.7205	-2.5808	NA
58472	-2.5904	-2.726	-2.7494	-0.222148
6599	-2.8934	-2.7296	-2.5283	NA
79796	-2.766	-2.7373	NA	NA
6518	-2.4965	-2.7374	-2.9666	-0.282679
93082	-3.1395	-2.7397	NA	NA
114822	-2.8586	-2.7407	NA	NA
19	-2.6511	-2.742	NA	-0.306279
85461	-2.8824	-2.7433	-2.6015	-0.470183
131096	-2.9724	-2.7435	-2.5333	NA
11030	-2.817	-2.7446	NA	NA
148103	-2.7988	-2.7454	NA	NA
2152	-2.5766	-2.7456	NA	NA
57827	-3.0908	-2.7469	-2.2487	-0.182923
83539	-2.6037	-2.7496	-2.8972	-0.316574
5139	-2.7707	-2.7529	-2.7381	-0.303851
148229	-2.8315	-2.7543	NA	NA
27319	-2.8509	-2.7563	-2.6584	-0.288659
10952	-2.7199	-2.7567	NA	NA
64132	-2.9398	-2.757	-2.5573	-0.240571
84034	-2.8266	-2.7574	-2.7122	-0.609864
51660	-2.8359	-2.7591	-2.7313	-0.306761
51110	-2.7442	-2.7597	-2.7599	-0.500355
135154	-2.786	-2.7637	NA	-0.0493063
55471	-3.0108	-2.7647	-2.4696	NA
501	-2.4895	-2.7654	-3.0686	-0.232547
9751	-2.8178	-2.7675	NA	NA
4929	-2.8469	-2.772	-2.7447	-0.261053
5730	-2.6903	-2.7746	NA	NA
9101	-2.9121	-2.7755	NA	NA
58499	-2.7676	-2.7774	NA	NA
25893	-2.8797	-2.7791	-2.713	-0.211673
134553	-3.0109	-2.78	-2.4962	-0.0488647
9360	-3.0147	-2.7808	-2.5589	NA
5375	-2.6893	-2.7832	NA	NA
594	-2.5927	-2.7833	NA	NA
1102	-2.7206	-2.7833	NA	-0.373365
94031	-2.7443	-2.7858	NA	-0.290564
8914	-2.8634	-2.7866	NA	NA
125058	-2.9623	-2.7891	-2.613	-0.0663244
10157	-2.665	-2.7902	NA	NA
23683	-2.6405	-2.7912	NA	NA
220296	-2.479	-2.7912	-3.1235	-0.483563
79735	-2.8887	-2.7963	NA	NA
64981	-2.8466	-2.7973	-2.762	0.0405388
653308	-3.19	-2.7981	-2.3569	-0.166553
92797	-2.848	-2.7985	NA	-0.0457736
84988	-2.8368	-2.7992	-2.7375	-0.35491
283116	-2.8293	-2.8048	NA	NA
55256	-2.5301	-2.8078	-3.1153	-0.293342
113026	-2.8428	-2.8087	-2.7478	-0.363457
51199	-2.8169	-2.8088	NA	NA
563	-2.9463	-2.81	-2.7071	-0.307837
221927	-2.9344	-2.8115	NA	NA
55501	-3.0871	-2.8126	-2.4912	-0.234272
347252	-2.7516	-2.8157	-2.8585	-0.278997
57493	-2.8957	-2.8159	NA	-0.450953
169611	-2.9203	-2.8185	NA	-0.118391
4357	-2.744	-2.8216	NA	NA
26986	-2.8543	-2.8229	-2.7849	NA
51629	-2.9841	-2.8249	NA	NA
81873	-2.8393	-2.8254	NA	NA
79785	-2.92	-2.8259	-2.7482	-0.350652
8934	-2.7266	-2.8273	-2.8948	-0.476564
10630	-2.9214	-2.8273	NA	-0.500387
199990	-2.8873	-2.8313	NA	NA
58493	-3.0263	-2.8317	-2.642	-0.130711
4092	-2.989	-2.8317	-2.6587	-0.362162
80820	-3.0579	-2.834	-2.5928	-0.209617
79827	-3.0621	-2.8342	-2.5975	-0.303243
48	-2.8841	-2.8353	-2.8102	-0.494857
5789	-3.22	-2.8361	-2.4344	NA
79053	-2.708	-2.8386	-2.968	-0.196981
6522	-2.8891	-2.8402	NA	-0.439619
219854	-2.6372	-2.8414	-3.0139	-0.381738
728637	-3.0532	-2.8433	NA	NA
155185	-2.8359	-2.8465	-2.8485	-0.260802
26164	-3.1541	-2.8522	-2.5066	NA
79567	-2.941	-2.8544	NA	NA
84957	-2.9384	-2.8577	-2.8539	-0.173015
57458	-2.9338	-2.8647	NA	NA
115825	-2.7414	-2.865	NA	-0.450858
10267	-2.7378	-2.8693	NA	NA
66035	-2.9911	-2.8694	-2.7847	-0.289221
55082	-2.8202	-2.8696	NA	NA
388969	-3.0355	-2.8796	-2.6832	-0.335513
4842	-2.7356	-2.88	-3.0212	-0.368825
3109	-2.5925	-2.8811	-3.1586	-0.325007
57649	-3.1847	-2.8824	-2.5086	NA
2072	-3.2506	-2.8842	-2.456	-0.151772
718	-2.6994	-2.8861	-2.9884	-0.233513
79944	-3.1279	-2.8862	-2.5185	-0.122549
26225	-3.1475	-2.8866	-2.5648	-0.264532
1937	-2.7569	-2.8867	NA	NA
56164	-2.8718	-2.8889	NA	-0.357482
94104	-3.1459	-2.8891	NA	NA
57678	-2.7606	-2.8895	NA	NA
221496	-3.2061	-2.8912	-2.518	NA
10434	-2.9842	-2.8923	NA	-0.0915483
7145	-3.0818	-2.8986	-2.7327	-0.658395
57018	-3.089	-2.8989	-2.6827	-0.255216
558	-2.7562	-2.8996	NA	NA
65983	-2.9691	-2.9011	NA	NA
54974	-3.0259	-2.902	-2.7586	-0.0120306
10471	-2.843	-2.9021	NA	NA
347862	-2.8679	-2.9065	NA	NA
116842	-3.1555	-2.9075	-2.5402	-0.280042
55857	-3.0828	-2.9118	-2.7628	-0.395601
400569	-2.9903	-2.9126	-2.8806	-0.256031
25780	-3.0069	-2.9144	NA	-0.522936
5098	-2.7619	-2.9145	-3.0814	NA
6392	-2.9875	-2.9165	NA	-0.0648178
3543	-3.0977	-2.9166	-2.662	-0.157464
7852	-2.7246	-2.9169	-3.0382	-0.581613
9976	-3.0615	-2.9194	NA	-0.358101
100129792	-2.9898	-2.9198	-2.8489	-0.0177274
4608	-2.9761	-2.9215	NA	NA
1880	-2.822	-2.9223	-3.0272	-0.318904
9526	-3.0225	-2.9225	NA	NA
54532	-3.0806	-2.9234	NA	NA
283635	-2.982	-2.9239	NA	NA
1832	-2.926	-2.9254	-2.9159	0.0205784
1464	-2.7494	-2.9271	-3.1308	-0.275338
220441	-3.0281	-2.9271	-2.8384	-0.525672
1787	-3.0193	-2.9275	NA	NA
10539	-2.9758	-2.9278	-2.898	-0.14405
79048	-3.2217	-2.9278	-2.5494	-0.0233538
79786	-3.0288	-2.9306	-2.7778	-0.041399
79690	-2.8617	-2.932	-3.0013	NA
9497	-3.037	-2.9327	-2.779	-0.236334
115294	-3.1585	-2.9333	NA	NA
10051	-2.9455	-2.9372	NA	NA
5890	-2.8714	-2.9424	NA	NA
120224	-3.0417	-2.9435	-2.875	-0.337848
23433	-3.0797	-2.9438	-2.783	-0.147033
9187	-2.8628	-2.9442	NA	NA
23014	-3.142	-2.9471	-2.7192	-0.0286797
3455	-3.0871	-2.9477	-2.8257	NA
2150	-3.069	-2.9487	NA	NA
84081	-3.0215	-2.9515	-2.8943	-0.226732
7274	-2.682	-2.9524	-3.2335	NA
79875	-3.3252	-2.9533	-2.4545	-0.25828
25992	-3.0755	-2.9551	NA	NA
64781	-3.1829	-2.9552	-2.7114	-0.208188
89953	-3.1765	-2.9558	-2.6617	-0.223205
86	-2.9695	-2.9558	NA	-0.534981
1059	-2.8997	-2.9562	NA	NA
55749	-3.066	-2.9566	NA	NA
768211	-3.0217	-2.9583	-2.9105	-0.569676
54583	-2.8098	-2.9603	-3.152	-0.28543
56942	-3.0687	-2.9617	-2.8822	-0.126374
3309	-2.894	-2.9632	-3.0557	-0.317499
54439	-3.1144	-2.9638	-2.7785	-0.038123
3158	-3.1403	-2.9671	NA	NA
4731	-2.9744	-2.9692	NA	-0.226266
9941	-3.1713	-2.9697	-2.7004	-0.0687332
257415	-3.1657	-2.9707	NA	NA
2585	-3.1943	-2.9707	-2.6857	NA
6156	-2.871	-2.972	NA	NA
6128	-2.9201	-2.9738	-3.0405	NA
8916	-3.2777	-2.9774	-2.6204	-0.252249
57830	-3.097	-2.9812	NA	NA
338645	-2.4772	-2.9818	-3.6478	-0.337371
10734	-2.7875	-2.9844	NA	-0.273992
51074	-3.2416	-2.9853	-2.6974	-0.385826
5578	-3.1968	-2.9856	-2.7318	-0.276732
23305	-3.0834	-2.9862	-2.9523	-0.137818
2670	-2.8859	-2.9871	-3.0796	-0.468238
26011	-3.169	-2.9907	-2.7982	-0.00365113
4363	-3.0602	-2.9911	-2.9671	-0.0910659
10664	-3.3564	-2.9924	NA	NA
1326	-3.1169	-2.9928	-2.931	-0.431562
51287	-2.9071	-2.9945	NA	NA
642	-3.0969	-2.9961	-2.9617	0.00971917
91526	-3.1585	-2.9984	NA	NA
4650	-3.0998	-3	NA	-0.473963
441024	-3.1046	-3.0003	-2.8645	-0.0733226
6948	-3.1668	-3.0008	NA	NA
84976	-3.091	-3.0017	NA	NA
55326	-2.9739	-3.0067	NA	NA
2203	-2.8644	-3.0082	-3.1936	NA
6158	-2.8321	-3.009	-3.1292	NA
51661	-3.1426	-3.0092	-2.9127	-0.28073
91624	-3.0817	-3.0113	-2.9729	-0.331319
6195	-3.1089	-3.0113	NA	NA
84572	-3.1307	-3.0162	-2.9011	NA
201456	-2.8332	-3.0164	-3.0939	-0.388571
22993	-3.2733	-3.02	NA	NA
55062	-3.0976	-3.0202	NA	-0.327221
3416	-3.1697	-3.0248	-2.8375	-0.144922
3913	-2.9915	-3.0261	NA	-0.438479
23205	-2.8977	-3.0285	NA	NA
4298	-3.0583	-3.0306	-3.0309	NA
4638	-3.1001	-3.032	-2.9771	-0.581412
23097	-3.2265	-3.0346	-2.7878	-0.173776
953	-2.8996	-3.0356	NA	NA
84552	-3.144	-3.0379	NA	-0.321568
777	-2.9815	-3.0391	-3.1055	-0.109896
55320	-3.168	-3.0461	-2.8979	0.0800388
56920	-3.0809	-3.0473	NA	NA
4585	-3.1606	-3.0485	NA	NA
5480	-3.1103	-3.0518	NA	-0.416752
80342	-2.8155	-3.0522	-3.2175	-0.28313
56987	-3.2113	-3.0543	NA	NA
55701	-2.6101	-3.0577	-3.4758	-0.36692
220382	-2.9267	-3.0603	NA	-0.501989
4245	-3.191	-3.0614	-2.9387	-0.103577
2108	-2.9896	-3.062	NA	NA
144404	-3.1955	-3.0651	-2.895	NA
59269	-3.1031	-3.0657	NA	NA
54518	-2.6667	-3.0663	-3.5271	-0.265941
729020	-3.326	-3.0668	NA	NA
112464	-3.01	-3.0676	-3.1416	-0.01574
114132	-2.7723	-3.0686	-3.4135	-0.170115
3300	-2.939	-3.0689	NA	NA
404093	-3.0552	-3.0727	NA	NA
6185	-2.9396	-3.0778	-3.2648	-0.265956
79957	-3.1012	-3.0804	-3.0795	-0.461282
54943	-3.2397	-3.0808	-2.8809	0.021005
54819	-3.332	-3.0828	-2.7747	NA
7097	-2.7227	-3.0833	-3.4411	-0.311203
548645	-3.262	-3.084	-2.9145	-0.0424581
5341	-3.0707	-3.0863	NA	NA
26227	-2.7872	-3.0882	-3.3708	-0.465719
51181	-3.0952	-3.0893	NA	-0.280505
55027	-3.2849	-3.0894	-2.8518	NA
9770	-3.147	-3.0908	NA	-0.57224
64753	-3.3684	-3.0914	-2.73	-0.154544
23085	-3.0716	-3.0927	-3.1071	-0.369132
580	-3.1649	-3.0966	-2.9941	-0.171961
26118	-3.296	-3.1001	NA	NA
404672	-2.3584	-3.1057	-3.9574	-0.089908
10491	-3.2874	-3.1096	NA	NA
9436	-3.1255	-3.1134	NA	NA
84626	-3.2618	-3.1136	-2.9512	-0.0878176
171586	-3.2853	-3.1136	-2.8869	-0.406747
6850	-2.962	-3.1149	-3.2233	-0.215019
54790	-3.2228	-3.1161	-2.9591	NA
1278	-3.1545	-3.1198	NA	-0.368279
22928	-3.3723	-3.1204	-2.7967	0.0371585
8546	-3.1009	-3.1206	NA	NA
7060	-3.1113	-3.1217	-3.0961	-0.57092
8844	-3.0854	-3.1217	NA	NA
25796	-2.9844	-3.1234	-3.2337	NA
11006	-2.892	-3.1318	-3.3567	-0.304494
706	-3.0918	-3.1332	-3.137	NA
29995	-3.1528	-3.1351	-3.121	-0.655487
5325	-3.4137	-3.1373	-2.792	-0.267812
92270	-3.4001	-3.1383	NA	NA
1208	-3.167	-3.1388	-3.14	-0.255455
54811	-3.2995	-3.1396	-2.9482	-0.0707975
5455	-3.356	-3.141	-2.9309	-0.392715
100128731	-2.3114	-3.1428	-4.1077	-0.184025
93594	-3.1827	-3.1434	NA	-0.121375
1663	-3.2585	-3.1446	-3.0624	-0.136793
4668	-3.1376	-3.1448	NA	NA
50484	-3.3988	-3.1454	-2.9171	-0.165091
10261	-2.8943	-3.1473	-3.3454	-0.210613
22995	-3.4526	-3.1485	-2.7925	-0.118746
2199	-2.7319	-3.1533	-3.6774	-0.149167
118987	-3.3276	-3.1559	-2.9805	-0.358457
57476	-3.3612	-3.1565	-2.954	-0.101671
80146	-3.4574	-3.1581	-2.8901	-0.146548
197259	-3.1342	-3.1588	NA	-0.522047
63946	-3.1902	-3.1596	NA	-0.501091
55974	-3.296	-3.168	NA	NA
9170	-3.3458	-3.1721	-3.0641	NA
262	-3.5309	-3.1729	-2.7589	-0.0842477
8835	-3.2971	-3.1744	NA	-0.164273
1788	-3.3228	-3.1765	-2.996	-0.19452
2923	-3.1342	-3.1779	NA	NA
677	-2.8064	-3.1782	-3.5156	-0.462657
116447	-3.134	-3.1797	-3.2116	-0.430629
2217	-3.0232	-3.1811	-3.2921	-0.457673
55890	-3.0248	-3.1812	-3.3451	-0.320164
130271	-3.2429	-3.182	-3.1595	-0.529731
55755	-3.352	-3.1827	-2.9629	-0.530356
4063	-3.2532	-3.1851	NA	NA
6236	-3.4188	-3.1907	NA	-0.449692
84901	-3.3329	-3.1913	-3.0795	-0.102139
7175	-3.3789	-3.1918	-2.9375	NA
92565	-3.1633	-3.1938	-3.205	-0.456968
9447	-3.3018	-3.1939	-3.0575	-0.278604
51575	-3.332	-3.1942	NA	NA
54832	-3.3868	-3.1958	NA	NA
50619	-3.1911	-3.1959	-3.1968	NA
64081	-3.0972	-3.1961	NA	-0.437223
832	-2.9955	-3.1974	-3.3387	-0.0473459
5685	-3.2858	-3.1983	-3.1561	NA
10332	-3.2704	-3.2007	-3.1892	-0.1931
10973	-3.267	-3.2021	NA	NA
56964	-3.4309	-3.2027	NA	NA
283899	-3.3543	-3.2052	NA	NA
54751	-3.3525	-3.2069	-3.0516	-0.13131
23361	-3.434	-3.2076	-2.9257	-0.231013
5099	-3.3206	-3.2079	-3.0687	0.113778
7078	-2.9554	-3.2106	-3.4613	-0.430946
2321	-3.3387	-3.2107	-3.1039	-0.338046
1311	-3.2125	-3.2115	-3.1888	-0.50623
150946	-3.0547	-3.2136	NA	NA
2045	-3.372	-3.2152	-3.0161	-0.250392
152815	-3.4092	-3.2172	NA	NA
55119	-3.3007	-3.2217	NA	NA
140680	-3.4032	-3.2219	NA	NA
2635	-3.2331	-3.2233	NA	-0.538651
645	-3.1716	-3.2292	-3.2673	-0.0872539
84717	-3.3043	-3.2301	NA	NA
3655	-3.1712	-3.2317	-3.2971	-0.56686
51569	-2.9961	-3.2405	-3.5389	-0.187415
678	-2.902	-3.2407	-3.6481	-0.498889
85280	-3.55	-3.2428	NA	NA
4703	-3.3055	-3.2454	-3.2353	-0.40099
1112	-3.4556	-3.2529	-3.0055	-0.121058
114785	-3.4863	-3.2532	NA	NA
55761	-3.4878	-3.2536	-3.0149	NA
27299	-3.4688	-3.2538	-3.1288	NA
3281	-2.7397	-3.2549	-3.4307	-0.231571
84444	-3.5927	-3.2567	-2.8516	-0.180894
158248	-3.4207	-3.2572	NA	NA
125336	-3.5444	-3.2574	NA	NA
10529	-3.2607	-3.2608	NA	NA
7805	-3.149	-3.261	-3.2981	-0.226402
11118	-3.3166	-3.2639	-3.23	-0.563994
84614	-3.2168	-3.2643	NA	NA
29968	-3.0832	-3.2662	NA	-0.487913
7392	-3.5025	-3.2667	-2.951	-0.053742
84465	-3.1824	-3.2676	NA	NA
84196	-3.5554	-3.2689	NA	NA
58473	-3.1552	-3.2713	NA	NA
222698	-3.3597	-3.2717	-3.2251	0.0454541
54858	-3.1129	-3.2748	-3.4143	NA
1600	-3.2168	-3.2761	-3.3491	-0.115938
85476	-3.7216	-3.2779	-2.7916	-0.119465
26157	-3.1958	-3.2812	NA	NA
30819	-3.3975	-3.286	-3.1613	-0.127286
1154	-3.3901	-3.2935	NA	NA
23140	-3.6745	-3.2936	-2.8254	-0.221542
1622	-2.9854	-3.2991	-3.5304	-0.537916
83860	-3.422	-3.2998	-3.222	-0.131982
3613	-3.4002	-3.3037	-3.1766	-0.127308
145173	-3.4079	-3.306	-3.202	-0.35658
65979	-3.5009	-3.3105	NA	NA
23347	-3.5768	-3.3116	-2.987	-0.0946204
197021	-3.346	-3.3117	-3.2766	-0.335177
4542	-3.0562	-3.3145	-3.4903	-0.383451
9958	-3.6049	-3.3147	NA	NA
4041	-3.5064	-3.3163	NA	NA
54102	-3.3549	-3.3167	-3.2497	NA
9731	-3.4358	-3.3179	NA	-0.51852
152137	-3.4379	-3.3183	NA	NA
22933	-3.3735	-3.321	NA	-0.499618
84879	-3.4531	-3.3217	-3.2298	-0.294098
137902	-3.3974	-3.3219	-3.3405	-0.313963
6285	-3.2985	-3.3232	-3.3133	-0.600121
2519	-3.3027	-3.3239	NA	NA
4634	-3.4306	-3.3244	-3.1675	-0.49323
10561	-3.2959	-3.3257	NA	NA
2059	-3.2342	-3.327	NA	NA
79993	-3.4505	-3.3299	-3.2568	-0.467143
26493	-3.4546	-3.3317	NA	NA
7422	-3.4281	-3.3329	-3.241	-0.351136
5051	-3.3902	-3.3367	NA	NA
169834	-3.1529	-3.3379	-3.5101	-0.146125
91647	-3.5164	-3.3386	-3.1708	-0.177303
440435	-3.3707	-3.3402	NA	-0.115796
79572	-3.6506	-3.3411	-2.9402	-0.099714
203062	-3.5528	-3.3425	-3.1681	-0.093978
26508	-2.9386	-3.3426	-3.8017	-0.38634
590	-2.9552	-3.3426	NA	-0.40274
1487	-3.4877	-3.3432	NA	NA
9230	-3.5427	-3.3439	-3.0825	-0.142841
220136	-3.5183	-3.344	NA	NA
51296	-3.2612	-3.3462	-3.4202	-0.153519
23181	-3.6196	-3.3474	-3.0949	-0.537727
27306	-3.2007	-3.3482	-3.4756	-0.184947
51306	-3.6297	-3.3524	-3.0088	-0.12086
6159	-3.0253	-3.3537	-3.7027	-0.0553646
64764	-3.416	-3.3563	NA	NA
7168	-3.2532	-3.3612	NA	0.192181
219285	-2.9856	-3.3639	-3.7088	-0.416599
51088	-3.1526	-3.3663	NA	-0.347717
22824	-3.5541	-3.3665	-3.1952	-0.167803
8728	-3.3806	-3.3676	NA	NA
6386	-3.6272	-3.3701	NA	-0.280925
112885	-3.4485	-3.3702	-3.2418	NA
29988	-3.5419	-3.3716	-3.1494	-0.196899
11179	-3.1325	-3.3749	-3.5902	NA
80198	-3.4574	-3.3758	NA	NA
3295	-3.4681	-3.3808	NA	-0.350972
10362	-3.3368	-3.3846	NA	NA
4869	-3.1457	-3.3876	NA	0.0127574
148932	-3.4685	-3.3877	NA	NA
93624	-3.4843	-3.3918	-3.3134	-0.0671533
8635	-2.9374	-3.392	-3.736	-0.217863
8870	-3.3546	-3.3924	NA	NA
1939	-3.4618	-3.3975	NA	NA
29072	-3.6051	-3.3996	NA	NA
55531	-3.5605	-3.403	NA	NA
8824	-3.466	-3.4057	-3.3074	NA
9324	-3.4802	-3.4061	-3.3042	NA
221400	-3.8115	-3.4082	-2.8867	-0.217203
80000	-3.4019	-3.4095	-3.4095	-0.155921
165904	-3.6397	-3.4102	-3.2112	NA
221154	-3.5834	-3.414	NA	-0.257597
79874	-3.5543	-3.4159	-3.2885	-0.459991
26099	-3.3738	-3.4165	NA	-0.519696
79675	-3.5043	-3.4227	-3.4281	-0.0966336
84263	-3.1143	-3.4259	-3.6729	-0.415245
6256	-2.9563	-3.4282	-3.923	-0.100756
150677	-3.2576	-3.4353	NA	NA
835	-3.6939	-3.4424	NA	NA
3684	-3.1141	-3.445	-3.747	-0.199027
84365	-3.5885	-3.4492	NA	NA
6319	-3.3804	-3.4544	NA	-0.529971
25816	-3.6708	-3.4549	-3.2284	NA
6710	-3.6986	-3.4569	-3.1167	-0.0831886
939	-3.6662	-3.4589	NA	NA
56254	-3.4851	-3.461	NA	NA
57549	-3.6064	-3.4612	NA	NA
55198	-3.4153	-3.4674	NA	NA
1770	-3.3058	-3.4685	-3.593	-0.287686
148206	-3.6928	-3.4721	-3.2055	-0.343886
2768	-3.1443	-3.4737	-3.7974	-0.304343
153339	-3.3563	-3.4829	NA	NA
2214	-3.4057	-3.4853	-3.4749	-0.337199
908	-3.7979	-3.486	NA	NA
4336	-3.4998	-3.4928	NA	-0.534799
1047	-3.6913	-3.4942	-3.258	-0.15192
91409	-3.5182	-3.4956	NA	NA
153478	-3.4678	-3.4975	NA	NA
4292	-3.3453	-3.4981	NA	-0.426054
79582	-3.6713	-3.4987	-3.3021	-0.204295
23038	-3.6013	-3.4996	NA	NA
7178	-3.2538	-3.5002	-3.725	NA
124460	-3.7814	-3.5145	NA	NA
5648	-3.3662	-3.5159	-3.6567	-0.481381
57084	-3.5829	-3.5177	-3.4765	0.137074
253582	-3.4972	-3.5204	-3.5739	-0.360891
5923	-3.8162	-3.5241	-3.1689	-0.1457
219402	-3.6443	-3.5251	-3.4423	NA
91012	-3.622	-3.5258	NA	NA
84002	-3.2449	-3.5332	-3.7147	-0.341753
3663	-3.4593	-3.5358	-3.6387	NA
6206	-3.4087	-3.5361	NA	NA
221458	-3.4476	-3.5393	NA	NA
3112	-3.6798	-3.5399	NA	NA
1026	-3.3146	-3.5451	-3.8334	NA
89797	-3.554	-3.5496	-3.5601	-0.506132
6363	-3.5677	-3.5532	NA	-0.355125
339175	-3.8175	-3.5537	NA	NA
54873	-3.3464	-3.5556	-3.8598	-0.178023
132320	-3.8329	-3.5558	-3.2579	-0.151659
8672	-3.7395	-3.5581	NA	-0.11864
55273	-3.3536	-3.5584	-3.7775	-0.320471
56978	-3.8293	-3.5599	-3.2037	-0.228015
83959	-3.3664	-3.5604	-3.7324	-0.470609
81926	-3.8949	-3.5607	-3.1499	-0.103075
51447	-3.7783	-3.5621	-3.3187	-0.31359
10350	-3.8225	-3.5633	-3.2576	-0.116211
5094	-3.6935	-3.5635	-3.4018	NA
7321	-3.943	-3.5646	-3.1894	-0.122377
2653	-3.5288	-3.5652	NA	-0.456671
64718	-3.802	-3.5707	-3.2533	NA
65008	-3.706	-3.5717	NA	NA
9658	-3.41	-3.5726	-3.7281	-0.341029
92922	-3.4974	-3.5739	-3.634	NA
84520	-3.7743	-3.5756	-3.2851	-0.276206
3397	-3.6932	-3.5792	NA	-0.34317
1164	-3.7688	-3.5807	-3.4594	NA
100506144	-3.5749	-3.5814	NA	-0.511065
9026	-3.6481	-3.5836	NA	NA
10814	-3.6598	-3.5865	-3.5191	0.140482
124976	-3.9055	-3.5871	-3.2027	-0.163633
55503	-3.8176	-3.5885	NA	NA
92482	-3.6395	-3.5889	NA	NA
9557	-3.6928	-3.5942	-3.5252	-0.383922
51019	-3.3941	-3.5983	-3.7299	-0.158896
2207	-3.6479	-3.6021	-3.6074	NA
79879	-3.7917	-3.6049	NA	NA
3601	-3.744	-3.6084	-3.5489	-0.0312922
1573	-3.4403	-3.6117	NA	NA
4974	-3.7691	-3.6143	NA	-0.203889
3858	-3.6448	-3.6166	NA	NA
123103	-3.929	-3.6203	NA	NA
551	-3.74	-3.6231	NA	NA
6470	-3.8798	-3.6244	-3.3166	-0.136906
221914	-3.4673	-3.6391	-3.8559	-0.45884
387680	-3.8831	-3.645	-3.3532	-0.306671
84105	-3.3577	-3.6489	-3.9502	NA
10991	-3.7543	-3.6501	NA	NA
8996	-3.681	-3.6507	-3.5979	-0.415603
23078	-3.7188	-3.6528	-3.6706	-0.153357
3936	-3.2963	-3.66	-3.9628	-0.302287
25825	-3.8545	-3.6627	-3.5417	-0.530241
100131827	-3.7867	-3.6646	-3.4821	NA
221035	-3.8711	-3.6647	NA	-0.483257
2788	-3.7701	-3.6666	-3.608	-0.22602
153443	-3.9095	-3.6692	-3.4241	-0.078076
29109	-3.709	-3.6693	-3.593	-0.259913
26108	-3.696	-3.6703	-3.6279	-0.562183
7096	-3.5096	-3.6721	-3.7753	-0.283522
83596	-3.8162	-3.6759	NA	NA
132949	-3.9079	-3.6793	-3.385	-0.13053
9219	-3.861	-3.6804	NA	NA
58509	-3.8935	-3.6816	-3.3805	NA
140862	-3.8021	-3.6833	-3.5665	-0.163516
100132406	-3.8811	-3.6862	NA	NA
94030	-3.7504	-3.6879	NA	NA
7222	-3.746	-3.6879	-3.6953	-0.129542
2288	-3.8358	-3.692	NA	NA
83875	-3.8307	-3.7025	-3.5595	-0.42956
200894	-4.0235	-3.7028	-3.2849	-0.306311
375612	-3.6964	-3.703	-3.72	-0.236647
10425	-3.9979	-3.7048	-3.3906	-0.120205
65975	-3.8249	-3.7131	-3.5549	-0.647439
1381	-3.8061	-3.7209	-3.7078	-0.181798
10138	-3.5939	-3.7212	NA	-0.132196
362	-3.6879	-3.7232	-3.8026	-0.3159
23040	-4.0392	-3.7261	-3.32	0.124585
23166	-3.3819	-3.7273	-3.9569	-0.159322
4701	-3.787	-3.7284	NA	NA
2036	-3.764	-3.7287	-3.733	-0.0268665
3921	-3.9748	-3.734	NA	NA
637	-3.9577	-3.7342	-3.4167	-0.0524741
7462	-3.5123	-3.7352	-3.9275	-0.376977
57161	-3.7712	-3.7404	NA	-0.424106
27254	-3.8465	-3.7427	-3.6684	-0.335816
353333	-3.7751	-3.7498	NA	-0.278179
10606	-3.7386	-3.7538	NA	NA
84818	-3.8857	-3.7589	-3.6665	-0.31096
56984	-3.9184	-3.7591	-3.5862	NA
84124	-4.0081	-3.7602	-3.3459	-0.247352
83999	-3.9934	-3.7611	-3.4401	-0.209697
5788	-3.4211	-3.7618	-4.1113	-0.309682
2046	-3.7385	-3.7626	NA	NA
132158	-4.0098	-3.7666	NA	NA
51643	-3.773	-3.7718	NA	NA
84282	-3.4914	-3.7731	NA	-0.433232
7106	-3.366	-3.7732	-4.2575	-0.360794
150209	-3.8519	-3.7753	-3.6996	-0.198786
118788	-3.8607	-3.779	NA	NA
26524	-3.9693	-3.781	-3.5421	NA
1421	-3.7691	-3.7847	-3.7993	-0.402661
3709	-3.8423	-3.7855	-3.7206	-0.546491
5803	-3.3632	-3.7889	-4.2277	-0.274271
23643	-3.7369	-3.7906	-3.8201	-0.515529
8832	-3.4157	-3.7921	-4.1215	-0.296622
55840	-3.8066	-3.7974	NA	-0.433393
10481	-3.9867	-3.7991	NA	NA
28970	-4.1015	-3.8032	NA	-0.409178
6678	-3.7781	-3.8047	-3.8378	-0.553206
9095	-3.6126	-3.8053	-3.9684	-0.526085
84518	-4.0692	-3.8067	-3.5578	0.001033
29855	-4.0096	-3.807	-3.5457	-0.105582
27332	-4.0825	-3.8132	NA	NA
5871	-3.963	-3.8181	-3.6868	-0.0256653
374395	-3.776	-3.8189	NA	-0.463251
219654	-3.7653	-3.8237	NA	NA
23241	-3.8827	-3.8307	NA	-0.429423
64598	-3.9222	-3.8313	NA	NA
84752	-4.1027	-3.8314	-3.4476	-0.425163
8537	-3.8625	-3.8332	NA	-0.434145
6520	-3.7608	-3.8353	NA	NA
2921	-3.844	-3.8362	NA	NA
9325	-3.9985	-3.855	NA	-0.292413
26472	-3.9039	-3.8557	-3.8084	-0.481276
7164	-3.9271	-3.8605	NA	-0.18716
865	-3.2494	-3.8639	-4.6116	-0.446681
27092	-3.8182	-3.8648	-3.9883	-0.0488505
4734	-3.7785	-3.8701	NA	NA
133874	-3.9912	-3.8705	NA	-0.150118
25861	-4.2325	-3.871	-3.4541	-0.209489
10402	-3.9173	-3.8713	-3.8687	-0.0105465
55226	-3.9602	-3.8742	NA	NA
23452	-4.0318	-3.8745	-3.7437	-0.265964
1136	-3.8401	-3.8748	-3.932	-0.383982
79025	-4.1377	-3.8767	-3.6725	-0.103402
29763	-4.1606	-3.8782	-3.6223	-0.248011
22882	-3.6672	-3.8788	NA	NA
8895	-3.6484	-3.8796	-4.1466	-0.275456
342865	-3.8097	-3.8809	-3.9426	NA
79180	-3.8394	-3.8861	-3.8858	-0.240422
10395	-3.9446	-3.8891	-3.83	-0.557826
8992	-3.8919	-3.891	NA	-0.437302
3127	-3.8096	-3.8922	-3.9546	-0.480398
8572	-3.8906	-3.8944	-3.8601	NA
51474	-3.8848	-3.895	NA	NA
65124	-3.8569	-3.9031	-3.9695	-0.562083
84335	-4.0826	-3.9104	-3.7975	-0.331913
79848	-4.1079	-3.9171	-3.6889	NA
5681	-3.9006	-3.9194	NA	NA
23493	-3.6618	-3.9302	-4.178	-0.371522
623	-4.0001	-3.932	-3.8221	-0.14966
144348	-3.9833	-3.9321	NA	-0.428551
51167	-4.1297	-3.9352	-3.7306	-0.135394
126069	-4.1935	-3.9361	-3.6363	NA
57186	-4.2705	-3.9375	-3.492	-0.246372
3678	-4.17	-3.9401	NA	NA
201625	-3.7667	-3.9402	-4.0453	-0.509148
5562	-4.3345	-3.9409	-3.5469	NA
2774	-3.9241	-3.943	-3.9212	-0.341854
10579	-4.128	-3.9458	NA	NA
25938	-3.8222	-3.9459	NA	NA
1933	-3.7277	-3.9464	NA	NA
5108	-4.1573	-3.9507	NA	NA
56270	-3.9038	-3.9511	NA	-0.411636
22870	-3.9769	-3.9525	NA	-0.110949
1455	-4.0443	-3.9559	NA	NA
2040	-3.7086	-3.9598	-4.1653	-0.330519
6993	-3.8761	-3.9617	-4.0227	-0.495051
83449	-4.21	-3.9633	NA	NA
26577	-3.9118	-3.9634	-4.047	-0.444068
147138	-3.4683	-3.9816	-4.4122	-0.313955
26959	-4.2588	-3.9875	NA	-0.315676
10422	-4.106	-3.9908	NA	NA
6122	-4.0919	-3.9915	NA	NA
5724	-4.0379	-3.9919	NA	-0.206063
7748	-4.2554	-3.9958	NA	NA
92737	-3.9553	-3.9966	-4.1068	NA
8125	-4.2473	-4.0023	-3.6775	-0.438568
642475	-4.2158	-4.0026	-3.8494	-0.0366997
253827	-4.2365	-4.0035	-3.6686	-0.0278362
53340	-3.9684	-4.0048	-4.0295	-0.0687016
83938	-3.7891	-4.0064	-4.0329	-0.252804
79724	-4.2504	-4.0066	NA	NA
1462	-3.8747	-4.0077	NA	NA
7005	-3.6903	-4.0108	NA	NA
93663	-3.8814	-4.0169	-4.1434	-0.10841
83690	-4.1632	-4.0266	-3.9131	-0.518071
719	-4.1735	-4.0281	NA	NA
6282	-3.9447	-4.0317	NA	NA
57696	-4.4178	-4.0334	-3.5164	-0.0417685
3087	-4.1333	-4.0335	NA	-0.256413
26509	-4.0893	-4.0336	-3.9742	-0.647854
57530	-4.3467	-4.0374	NA	NA
2696	-4.3211	-4.0374	NA	NA
2920	-3.8591	-4.0397	-4.2142	-0.24639
113235	-4.2728	-4.0442	NA	-0.199187
27199	-4.2128	-4.0455	-3.8288	-0.249379
51104	-4.4181	-4.0479	-3.6736	-0.2911
132321	-4.1274	-4.0492	-4.0855	-0.247654
54919	-4.2894	-4.0494	-3.7417	-0.179466
2353	-4.2268	-4.051	NA	-0.505437
134147	-4.1475	-4.0533	-3.871	NA
84441	-3.7711	-4.0542	-4.3122	-0.45629
124961	-4.542	-4.0549	-3.4487	NA
2534	-3.912	-4.0579	-4.2253	0.0109532
23089	-3.86	-4.0606	-4.224	-0.37682
5265	-4.1888	-4.0659	-3.9746	NA
25946	-4.1203	-4.067	-4.0864	-0.247292
26135	-4.2202	-4.0743	NA	NA
9429	-4.1938	-4.0761	-4.0145	-0.382087
9454	-4.1946	-4.079	-4.0177	-0.586692
23177	-4.1133	-4.082	NA	NA
113277	-4.0578	-4.0872	-4.0867	-0.340235
655	-3.9794	-4.0887	NA	NA
3646	-4.2382	-4.0966	NA	NA
3123	-3.9802	-4.0967	-4.1522	-0.448233
85457	-4.0608	-4.0982	NA	-0.370181
124245	-4.1512	-4.1041	-3.9905	0.0199668
285141	-3.8608	-4.1073	NA	-0.306341
340277	-4.262	-4.1099	NA	-0.421161
55179	-4.111	-4.1141	NA	NA
7205	-3.6472	-4.1166	-4.5464	-0.42718
117246	-4.3801	-4.1176	NA	NA
92675	-4.2378	-4.1212	-3.9893	NA
23478	-4.1169	-4.1306	NA	-0.543534
9542	-4.4124	-4.1318	-3.6867	-0.217875
6650	-4.3278	-4.1321	-3.8548	-0.153223
9694	-4.1841	-4.1322	NA	-0.516179
51759	-3.9727	-4.1362	NA	NA
6483	-4.247	-4.1372	-3.9996	-0.235156
113251	-4.2719	-4.138	-4.0081	-0.255466
55297	-4.2983	-4.1439	-3.9708	-0.108323
387496	-4.4075	-4.1493	-3.891	-0.444225
1917	-4.312	-4.1535	NA	NA
57823	-4.2038	-4.1537	NA	NA
3842	-4.3295	-4.1584	-3.93	NA
65981	-4.2094	-4.1686	NA	NA
4286	-4.2482	-4.169	-4.1959	-0.430591
3551	-4.4628	-4.1731	-3.7651	-0.359678
3344	-4.2289	-4.1739	NA	NA
79651	-3.7436	-4.1753	-4.5245	-0.36081
6199	-4.4821	-4.1793	-3.7497	-0.40545
440498	-4.2477	-4.182	-4.1824	-0.372359
9024	-4.5575	-4.1858	-3.646	0.0705992
3960	-4.4689	-4.1935	NA	NA
154007	-4.2832	-4.1942	NA	-0.507658
10352	-4.2979	-4.1981	NA	NA
8795	-4.1712	-4.2028	NA	-0.341823
4148	-4.3113	-4.2052	-4.1326	-0.420823
5829	-4.3177	-4.2088	-4.0145	-0.442862
5443	-4.4115	-4.209	-3.9618	-0.150268
348235	-4.4112	-4.2131	-3.9501	-0.259617
199731	-4.5663	-4.2167	-3.7498	-0.295602
1943	-4.2288	-4.2176	-4.2223	-0.30852
984	-4.3567	-4.2217	NA	NA
79630	-3.9679	-4.224	-4.3685	-0.533209
55846	-4.5684	-4.2245	-3.7073	-0.0797838
51386	-4.3336	-4.2331	NA	NA
222183	-4.5018	-4.2411	-3.9594	-0.126844
5872	-4.0181	-4.2473	-4.3776	-0.295178
92340	-3.9891	-4.2493	-4.5091	-0.301622
55588	-3.951	-4.2497	NA	NA
6094	-4.2039	-4.2649	-4.1809	-0.547444
4824	-4.3296	-4.2677	-4.2911	-0.317015
257	-4.4644	-4.2787	-4.0785	-0.163222
1488	-4.284	-4.2842	-4.3208	NA
4072	-4.4134	-4.2918	-4.2301	-0.174502
23201	-4.4074	-4.2959	NA	NA
11333	-4.5438	-4.301	NA	NA
58191	-4.2441	-4.3037	NA	NA
5111	-4.521	-4.304	-4.0135	-0.203325
55333	-4.3476	-4.3077	NA	NA
84709	-4.4185	-4.3088	-4.2805	-0.208091
199964	-4.3271	-4.3095	NA	-0.195931
57521	-4.4163	-4.3129	NA	NA
54861	-4.5281	-4.315	NA	NA
90506	-4.522	-4.3168	NA	NA
3606	-4.1392	-4.318	-4.4941	NA
123688	-4.3568	-4.3205	NA	-0.409216
10174	-4.5686	-4.3249	-3.9517	-0.338995
2308	-4.3137	-4.3331	NA	-0.576723
11167	-4.5984	-4.3371	-3.9667	-0.250981
55812	-4.5487	-4.3401	NA	-0.112125
54482	-4.5638	-4.3427	NA	NA
80168	-4.4994	-4.3429	-4.1995	-0.0867497
10620	-4.5799	-4.3429	-4.0217	-0.272533
6041	-4.4968	-4.3442	-4.1475	NA
146279	-4.4463	-4.3457	NA	NA
10265	-4.4264	-4.3483	NA	NA
9039	-4.5852	-4.3507	-4.0998	-0.0888674
8815	-4.4106	-4.3555	NA	NA
9531	-4.1748	-4.3556	-4.4345	-0.515539
60485	-4.4671	-4.3614	-4.2665	-0.205904
10666	-4.44	-4.3639	NA	-0.159855
258010	-4.5099	-4.3649	-4.1836	-0.464072
167691	-4.5577	-4.3649	-4.0858	-0.298983
55223	-4.5783	-4.3682	NA	-0.217803
64969	-4.6769	-4.3687	NA	NA
8673	-4.3916	-4.3761	-4.1994	-0.371071
9014	-4.4328	-4.3796	NA	NA
84173	-4.8102	-4.3806	-3.8443	-0.212019
1843	-4.5962	-4.3819	-4.2414	-0.281037
1936	-4.6188	-4.3882	NA	NA
646424	-4.501	-4.3959	-4.3969	-0.419293
79612	-5.0645	-4.3982	-3.567	-0.142214
165140	-4.2918	-4.4007	NA	NA
10207	-4.535	-4.4126	-4.2005	-0.331532
7402	-4.6581	-4.4193	-4.229	-0.522269
5531	-4.6434	-4.4309	NA	NA
10763	-4.525	-4.436	NA	NA
57062	-4.7032	-4.4446	NA	NA
1129	-4.6629	-4.453	-4.2321	-0.35549
5479	-4.2809	-4.4556	-4.5418	-0.239935
10380	-4.4079	-4.4562	NA	NA
8202	-5.1001	-4.457	-3.4784	-0.00411498
373156	-4.5329	-4.4574	-4.4207	-0.392678
11252	-4.575	-4.4626	-4.3129	-0.433987
23593	-4.4435	-4.465	-4.4408	-0.551663
3113	-4.4614	-4.4666	-4.4323	-0.414086
170954	-4.4164	-4.4726	-4.5144	-0.468814
28971	-4.5598	-4.4738	NA	NA
8874	-4.8004	-4.4843	-4.0873	-0.126108
57664	-4.398	-4.4886	-4.5232	-0.605942
90	-4.7572	-4.4961	-4.3678	-0.355435
154810	-4.6205	-4.4995	NA	NA
84224	-4.7365	-4.5079	-4.1718	-0.485003
90701	-4.5007	-4.5096	-4.4649	-0.34134
7431	-4.4861	-4.5101	-4.5311	NA
2557	-4.6816	-4.5113	-4.3772	-0.131774
203074	-4.6742	-4.5186	NA	NA
164633	-4.4722	-4.5264	-4.4646	-0.351672
51330	-4.5702	-4.5287	-4.5199	-0.589009
972	-4.6152	-4.5311	-4.5094	-0.402712
51334	-4.6787	-4.5331	-4.4612	-0.30886
387882	-3.7588	-4.5341	-5.5361	-0.338575
128989	-4.6846	-4.5389	-4.3467	-0.202677
26503	-4.6788	-4.5404	NA	NA
4780	-4.6245	-4.5419	NA	NA
221188	-4.844	-4.5443	NA	NA
1634	-4.5096	-4.547	-4.5923	-0.341563
22803	-4.8291	-4.554	NA	NA
50515	-4.5439	-4.563	NA	-0.445439
79165	-4.831	-4.5643	NA	NA
10580	-4.828	-4.5711	-4.2939	-0.146272
285498	-4.6936	-4.5713	-4.3503	-0.51815
56660	-4.7724	-4.5724	-4.316	0.0163965
1240	-4.6882	-4.5749	-4.4377	-0.529293
54741	-4.4238	-4.5772	NA	NA
5521	-4.8055	-4.5853	-4.259	-0.0824168
440730	-4.7313	-4.6046	NA	-0.443885
434	-4.4646	-4.6061	NA	NA
22809	-4.4936	-4.6067	NA	-0.259425
87178	-4.8444	-4.6098	NA	-0.27044
10228	-4.8888	-4.6102	-4.2336	NA
150248	-4.9202	-4.6131	NA	NA
94097	-4.5532	-4.6243	NA	NA
5509	-4.7852	-4.6285	-4.4169	-0.388148
163183	-4.6033	-4.6333	-4.8379	-0.17442
3850	-5.0747	-4.6387	NA	NA
22900	-4.7928	-4.6406	NA	NA
10845	-5.1002	-4.6546	NA	NA
11037	-4.9308	-4.6546	-4.2989	-0.501451
83697	-4.7987	-4.6592	-4.6309	-0.154265
133	-4.6902	-4.6619	-4.6251	-0.248786
55113	-4.7442	-4.6635	-4.4803	-0.665289
79925	-4.8026	-4.664	-4.5693	-0.197086
136541	-5.0651	-4.6654	NA	NA
23029	-4.8193	-4.6696	NA	NA
53373	-4.8575	-4.674	-4.3654	-0.384561
80024	-4.7563	-4.6756	-4.5553	-0.607308
83595	-4.9593	-4.681	-4.5456	NA
84868	-4.2763	-4.6886	-4.9954	-0.382245
3181	-4.7978	-4.6919	NA	NA
9056	-4.5857	-4.6929	-4.7611	-0.339925
114	-4.8632	-4.6994	-4.3971	-0.488356
313	-4.8494	-4.7006	NA	NA
4750	-4.9993	-4.7041	-4.2869	NA
9088	-4.7877	-4.7136	NA	NA
57705	-3.9845	-4.7186	-5.3198	-0.32037
9249	-4.7847	-4.7217	-4.6176	-0.547094
6124	-4.7476	-4.7244	-4.7493	NA
7818	-4.7137	-4.733	-4.7727	-0.291182
64170	-4.9885	-4.7332	-4.3375	-0.227779
284207	-4.7126	-4.7356	-4.7415	-0.50741
7840	-4.9201	-4.7467	NA	NA
9640	-4.9063	-4.7492	-4.4807	-0.395835
3570	-4.9986	-4.7499	-4.4431	-0.248113
84952	-4.7466	-4.7653	NA	NA
58488	-4.8773	-4.7683	-4.6844	-0.371763
3985	-4.8481	-4.8097	-4.807	-0.453388
6347	-4.9323	-4.8136	-4.7237	-0.556148
253725	-5.1402	-4.8185	-4.3923	-0.381418
340419	-5.0902	-4.8233	-4.4052	-0.0747774
3903	-4.7598	-4.8259	NA	NA
5042	-4.879	-4.8305	NA	NA
441250	-5.1378	-4.8364	NA	NA
81550	-5.1346	-4.8383	-4.4724	-0.276329
5430	-5.1047	-4.8554	NA	NA
3431	-4.8571	-4.87	NA	NA
128229	-5.2211	-4.8804	NA	NA
23704	-4.9497	-4.8805	-4.8556	-0.347613
2289	-4.9252	-4.8809	-4.7965	-0.345397
3428	-4.7594	-4.8813	NA	NA
116228	-4.9703	-4.8932	NA	NA
10437	-5.0317	-4.9032	-4.7137	-0.443902
10577	-5.1056	-4.9079	-4.6508	-0.602727
1495	-5.0209	-4.909	-4.7912	-0.283751
7124	-5.2023	-4.9106	-4.631	-0.173547
9584	-5.0454	-4.9211	-4.7001	-0.32361
116254	-4.8014	-4.9313	NA	NA
41	-5.1366	-4.9382	NA	NA
55704	-5.1662	-4.9422	NA	NA
5552	-5.1774	-4.9429	NA	-0.428138
60386	-5.0255	-4.955	-4.8656	NA
348378	-5.3006	-4.9639	NA	NA
5333	-5.0011	-4.9703	NA	NA
84318	-4.864	-4.9747	NA	-0.525529
10018	-5.1359	-4.976	-4.7988	NA
22925	-5.2146	-4.9763	-4.7138	-0.191947
55636	-5.0958	-4.9808	NA	NA
10148	-4.809	-4.9892	-5.0956	-0.20842
1601	-5.3193	-4.9917	-4.749	-0.288705
26051	-5.415	-4.9978	-4.4154	-0.0544574
54498	-4.8686	-5.0111	NA	NA
1535	-4.8993	-5.0119	-4.994	NA
285848	-5.3237	-5.012	NA	NA
83937	-5.3202	-5.0133	-4.5478	-0.181134
64756	-5.0251	-5.0147	-4.9575	-0.437348
29950	-5.177	-5.0287	NA	NA
6793	-5.1354	-5.0305	-4.9244	-0.484677
54875	-5.2245	-5.0338	-4.731	-0.449803
11082	-5.3288	-5.0524	-4.8146	NA
5902	-5.1637	-5.0525	NA	NA
91975	-5.1948	-5.0692	NA	NA
84230	-5.3524	-5.0695	-4.8274	-0.202362
3068	-5.3149	-5.0845	NA	NA
7408	-5.1788	-5.0853	NA	NA
200916	-5.2292	-5.0879	NA	NA
6175	-5.0115	-5.093	NA	NA
3108	-5.2458	-5.0956	-4.8781	-0.445926
83606	-5.2001	-5.1002	NA	-0.332649
2004	-5.1599	-5.1016	NA	-0.56463
57639	-5.1243	-5.105	-5.149	-0.239272
80854	-5.2004	-5.1204	-5.0777	-0.34463
83479	-5.1335	-5.1238	NA	NA
9897	-5.4142	-5.1281	NA	NA
6281	-4.8899	-5.1383	-5.4209	-0.47021
54753	-5.3224	-5.1389	-4.8342	-0.342858
64332	-5.3649	-5.1398	-5.0982	-0.275811
10233	-5.438	-5.1473	NA	NA
9667	-5.5528	-5.1628	NA	NA
7326	-5.4028	-5.1697	-4.9054	-0.295112
302	-4.9668	-5.1745	-5.2062	-0.465605
27235	-5.3826	-5.1767	NA	NA
56925	-5.1607	-5.195	-5.1956	-0.122654
308	-5.2385	-5.2049	NA	-0.644209
51727	-5.3089	-5.2118	-5.0924	-0.245807
81932	-5.5359	-5.2166	NA	NA
92421	-5.6886	-5.2201	NA	NA
66008	-5.3269	-5.2306	-5.27	-0.30541
79598	-5.734	-5.2493	-4.6341	-0.301768
25841	-5.3048	-5.252	-5.2323	-0.54308
54625	-5.126	-5.2622	NA	-0.535189
10961	-5.4342	-5.2636	NA	-0.194954
2621	-5.557	-5.2704	-4.8407	-0.220858
51099	-5.4234	-5.2724	NA	NA
84725	-5.3522	-5.2827	-5.2394	-0.194924
375061	-5.3144	-5.287	-5.2698	-0.441285
654346	-5.3041	-5.2909	-5.2227	-0.457783
29121	-5.332	-5.2933	NA	NA
80149	-5.6328	-5.3011	-5.0265	-0.407321
54455	-5.5729	-5.3059	NA	NA
51389	-5.4656	-5.3184	-5.0516	-0.268976
6891	-5.4179	-5.3189	-5.1129	NA
10875	-5.1248	-5.3228	-5.4783	-0.456311
26246	-5.5726	-5.3285	-4.9608	-0.184502
93129	-5.7637	-5.3344	NA	NA
414152	-5.2237	-5.3473	-5.4488	-0.586481
55534	-5.6509	-5.3522	-5.0192	-0.220167
7804	-5.6299	-5.3586	-4.8911	-0.284118
201176	-5.4504	-5.3719	-5.3486	-0.227982
51622	-5.4333	-5.3724	NA	-0.179969
138429	-5.6489	-5.3903	-5.2811	-0.196864
83992	-5.919	-5.3966	-4.8553	-0.369648
9169	-5.9692	-5.4018	-4.6768	-0.405347
51374	-5.4554	-5.4039	NA	NA
55672	-5.6452	-5.4116	NA	NA
3059	-5.7877	-5.4387	-5.2262	-0.457058
55707	-5.4126	-5.4468	-5.4439	-0.610428
11228	-5.5747	-5.486	-5.3244	-0.557673
4242	-5.7902	-5.4883	NA	NA
3588	-6.063	-5.5033	NA	-0.155103
64093	-5.6376	-5.514	NA	-0.559154
88455	-5.9848	-5.5277	-5.0263	-0.424524
6391	-5.7507	-5.534	-5.368	-0.15105
5696	-5.6661	-5.5484	NA	-0.506959
159195	-5.8671	-5.5486	-5.2819	-0.154085
23191	-5.7664	-5.5523	-5.1962	-0.194732
8837	-5.6272	-5.5577	-5.5747	-0.573145
94039	-5.8607	-5.5611	NA	NA
5336	-5.5736	-5.564	-5.504	-0.363559
23371	-5.6467	-5.566	NA	NA
80216	-5.9157	-5.5737	-5.3022	-0.373127
23765	-5.6726	-5.5835	-5.3747	-0.0667741
26064	-5.7411	-5.5855	NA	NA
253650	-5.728	-5.5925	-5.4652	-0.67073
9141	-5.6312	-5.5962	-5.4947	NA
4176	-5.6842	-5.6116	-5.4446	-0.405958
754	-5.4624	-5.6188	-5.706	-0.520385
5916	-6.0038	-5.6191	NA	NA
9861	-5.8217	-5.6244	-5.5339	-0.139175
646960	-5.7455	-5.6274	-5.6212	-0.189323
5467	-5.6174	-5.6274	-5.5853	-0.269978
58190	-5.9357	-5.6318	-5.4581	-0.168414
51133	-5.9911	-5.6491	-5.2451	-0.553108
54504	-6.0374	-5.6493	-5.3968	-0.49295
221472	-6.102	-5.6606	NA	NA
2914	-5.8201	-5.6682	-5.5118	-0.483887
54839	-5.8722	-5.6946	-5.3297	-0.0474972
225	-5.9801	-5.7202	-5.2693	-0.135956
23302	-5.6475	-5.7339	-5.7675	-0.593263
80219	-6.0184	-5.7341	-5.5038	-0.183559
4615	-5.893	-5.7346	NA	NA
144363	-5.4166	-5.7373	-5.9813	-0.373277
3688	-5.8835	-5.7434	-5.5918	-0.536454
58516	-5.9435	-5.7451	NA	-0.613803
132014	-6.0781	-5.7613	-5.5615	-0.109978
55361	-5.8228	-5.7643	-5.835	-0.161138
23547	-6.1425	-5.7692	-5.5711	NA
100507436	-5.8167	-5.7721	-5.8139	-0.644285
123920	-5.4998	-5.7738	-5.9799	-0.448106
2919	-5.6951	-5.8007	NA	NA
121512	-5.7531	-5.8053	-5.7215	-0.709064
148281	-6.0024	-5.8112	-5.685	-0.747418
2981	-5.9233	-5.8245	-5.7143	-0.132949
1915	-6.0242	-5.8282	-5.7152	NA
5329	-6.4376	-5.8417	-5.4817	NA
4174	-6.0153	-5.8531	NA	-0.431492
222389	-6.0439	-5.8555	-5.5309	-0.458805
80271	-6.1873	-5.8607	-5.255	-0.186965
4724	-6.0404	-5.8645	NA	NA
3099	-5.5994	-5.882	-6.1135	-0.412542
23519	-6.1297	-5.9105	-5.522	NA
6493	-6.3266	-5.956	NA	NA
196527	-6.115	-5.9662	-5.7738	NA
10910	-5.7806	-5.9676	NA	NA
91942	-6.0961	-5.9728	-5.7542	-0.224296
54629	-6.0104	-5.979	NA	NA
143	-6.1998	-5.9838	NA	-0.472282
57513	-6.122	-6.014	NA	NA
10451	-5.9315	-6.016	-6.2007	-0.228791
115106	-6.3467	-6.0479	NA	NA
4582	-6.5203	-6.0482	NA	NA
10627	-6.2626	-6.0622	NA	-0.586704
64118	-6.2277	-6.0627	-6.0209	-0.184267
64115	-6.0193	-6.0737	NA	NA
84946	-6.3332	-6.0813	-5.9266	-0.108114
84193	-6.222	-6.0988	-5.9071	-0.389293
28316	-6.0977	-6.1195	NA	NA
9960	-6.3909	-6.1317	-5.7488	-0.534714
3170	-6.7238	-6.1324	NA	NA
257068	-6.678	-6.1327	-5.8578	NA
79770	-6.3847	-6.1569	NA	NA
509	-6.3488	-6.1665	NA	NA
51574	-6.4665	-6.1777	NA	NA
55667	-6.5753	-6.1834	-5.7093	-0.328421
144983	-6.4117	-6.2034	-5.9301	-0.0707377
10385	-6.4456	-6.2203	-5.8645	-0.668918
63874	-6.4521	-6.2337	NA	NA
3134	-6.6912	-6.2386	NA	NA
3689	-6.6201	-6.2464	-6.0269	-0.193586
1075	-6.6874	-6.2537	-5.5637	-0.0987626
7922	-6.5525	-6.2844	NA	-0.319144
689	-6.4568	-6.2849	NA	NA
9650	-6.3862	-6.288	-6.1721	-0.388876
3115	-6.5055	-6.2894	-6.0741	-0.424094
11100	-6.6059	-6.3179	NA	NA
6890	-6.5008	-6.362	-6.2458	-0.582285
26648	-6.624	-6.3682	-6.0698	-0.403316
83698	-6.3979	-6.3924	-6.293	-0.543785
2070	-6.3868	-6.3927	-6.377	-0.252496
5978	-6.3513	-6.4342	NA	NA
57117	-6.6617	-6.4437	NA	NA
8751	-6.5202	-6.4827	NA	-0.472678
9404	-6.6648	-6.4833	NA	-0.389266
51119	-6.6513	-6.505	NA	NA
567	-6.7881	-6.518	-6.3017	-0.584437
344148	-6.6649	-6.5214	NA	NA
10581	-6.8326	-6.5561	NA	NA
4277	-6.6039	-6.5832	-6.637	-0.735563
254427	-6.6821	-6.5936	-6.4222	-0.428066
4090	-6.7896	-6.5972	NA	NA
8603	-6.8758	-6.6028	NA	NA
5074	-7.0567	-6.6062	-6.134	-0.487512
54780	-6.8243	-6.6215	NA	-0.472613
80228	-6.6692	-6.6324	-6.5754	-0.22752
401152	-6.7244	-6.6671	-6.5026	-0.261054
57205	-7.0316	-6.6922	-6.2551	NA
9766	-6.918	-6.7308	NA	-0.0100956
4828	-6.8618	-6.7515	NA	NA
3105	-7.0927	-6.7519	NA	-0.516759
10161	-6.603	-6.8427	-6.8033	-0.41364
81839	-7.0995	-6.882	NA	-0.568715
3910	-7.0606	-6.9095	-6.63	-0.436322
1520	-7.1307	-6.9105	NA	NA
2212	-7.477	-6.9481	-6.5465	NA
4005	-7.0911	-6.967	-6.7532	-0.497104
3799	-7.1043	-7.0404	-6.785	-0.442708
7424	-7.1543	-7.078	-6.9029	-0.595755
7332	-7.5765	-7.1317	NA	NA
9749	-7.3326	-7.17	-6.9067	-0.554581
91452	-7.2981	-7.2434	NA	NA
3685	-7.6127	-7.3082	NA	-0.671921
4904	-7.8456	-7.3666	NA	NA
6046	-7.7359	-7.3758	-6.8181	-0.252307
3107	-7.6284	-7.3822	-7.1734	-0.595022
51226	-7.8004	-7.391	-7.0667	-0.680403
6196	-7.4925	-7.4512	-7.3478	-0.649831
3106	-7.7534	-7.4816	NA	-0.552805
27436	-7.8498	-7.4996	-7.1826	NA
771	-7.465	-7.501	-7.4059	-0.729579
3135	-8.071	-7.5943	-7.2756	-0.591458
824	-8.0226	-7.6255	NA	NA
9815	-7.8296	-7.7017	-7.3367	-0.188556
5152	-8.0018	-7.7964	-7.5547	NA
59352	-8.273	-7.8076	-7.5576	-0.369903
5373	-8.0652	-7.8443	-7.6785	-0.162214
2674	-8.0155	-7.9941	-7.9514	-0.612313
221960	-8.2512	-8.0373	NA	NA
3065	-8.6185	-8.0411	NA	NA
4172	-8.4031	-8.1621	-7.7863	-0.310893
54469	-8.7607	-8.327	NA	NA
138151	-8.4758	-8.3798	NA	-0.663473
3133	-9.3758	-8.936	NA	-0.509475
2	-8.4427	NA	NA	NA
144568	-1.7269	NA	NA	NA
127550	-1.503	NA	NA	NA
53947	0.38053	NA	NA	NA
126767	-4.2809	NA	NA	NA
51166	0.31283	NA	NA	NA
14	0.71225	NA	NA	NA
15	-2.1634	NA	NA	NA
9625	0.22264	NA	NA	NA
18	0.67376	NA	NA	NA
10349	1.2939	NA	NA	NA
21	1.692	NA	NA	NA
10351	0.36006	NA	NA	NA
89845	0.65834	NA	NA	NA
5825	-2.0428	NA	NA	NA
5826	-1.2822	NA	NA	-0.30212
6059	-0.34296	NA	NA	NA
23	1.7272	NA	NA	NA
55324	1.8059	NA	NA	NA
64241	-2.5452	NA	NA	NA
84836	1.6501	NA	NA	NA
7920	1.6923	NA	NA	NA
140701	-3.3991	NA	NA	NA
80167	-1.7469	NA	NA	NA
25	-3.595	NA	NA	NA
3983	-2.8915	NA	NA	-0.387981
84142	-0.097215	NA	NA	NA
29777	0.82191	NA	NA	NA
32	-2.1612	NA	NA	NA
80724	-1.1448	NA	NA	NA
84129	0.8308	NA	NA	NA
27034	-0.043923	NA	NA	NA
28976	2.9374	NA	NA	NA
38	1.3207	NA	NA	NA
64746	0.95369	NA	NA	NA
79777	-2.1021	NA	NA	NA
84320	-0.75863	NA	NA	NA
340485	2.7216	NA	NA	NA
22985	-4.1738	NA	NA	NA
1238	-2.2438	NA	NA	NA
47	-1.5713	NA	NA	NA
26027	-1.1223	NA	NA	NA
122970	4.1378	NA	NA	NA
51	2.3568	NA	NA	NA
53	-0.31741	NA	NA	NA
54	-0.81132	NA	NA	NA
51205	-4.2812	NA	NA	NA
84519	-4.6486	NA	NA	NA
116285	-1.7183	NA	NA	NA
123876	-4.4294	NA	NA	NA
84532	-2.866	NA	NA	NA
345651	-2.8007	NA	NA	NA
72	0.41663	NA	NA	NA
170487	0.16312	NA	NA	NA
284382	-0.11963	NA	NA	NA
10097	0.50767	NA	NA	NA
93973	2.0335	NA	NA	NA
84517	2.5864	NA	NA	NA
91	-2.2388	NA	NA	NA
97	0.59273	NA	NA	NA
100	0.56629	NA	NA	NA
51816	-6.2758	NA	NA	NA
102	-0.09668	NA	NA	NA
11086	-2.5744	NA	NA	NA
8756	-1.286	NA	NA	NA
9510	0.53887	NA	NA	NA
81794	1.6306	NA	NA	NA
140766	0.0057871	NA	NA	NA
11173	0.12414	NA	NA	NA
339366	-2.8632	NA	NA	NA
105	1.8315	NA	NA	NA
23536	0.55558	NA	NA	NA
113179	-1.1242	NA	NA	NA
57143	0.82153	NA	NA	NA
203054	0.047043	NA	NA	NA
111	-3.016	NA	NA	NA
112	-4.7097	NA	NA	NA
119	2.6785	NA	NA	NA
575	1.4809	NA	NA	NA
22859	1.1097	NA	NA	NA
126	-2.0642	NA	NA	NA
79602	-4.2773	NA	NA	NA
83440	0.75708	NA	NA	NA
56985	-0.73725	NA	NA	NA
11047	1.3253	NA	NA	NA
60312	1.5189	NA	NA	NA
3899	-3.9203	NA	NA	NA
125061	0.952	NA	NA	NA
79841	-1.9743	NA	NA	NA
3267	-0.20249	NA	NA	NA
55109	0.11398	NA	NA	NA
56895	1.3206	NA	NA	NA
375790	0.34513	NA	NA	NA
183	-2.7861	NA	NA	NA
57085	-2.6374	NA	NA	NA
189	-1.5608	NA	NA	NA
25909	-1.7894	NA	NA	NA
23382	-0.99207	NA	NA	NA
27245	0.61163	NA	NA	NA
130872	-1.805	NA	NA	NA
64853	-0.83566	NA	NA	NA
83543	-4.0362	NA	NA	NA
9255	-1.0302	NA	NA	NA
7965	0.76013	NA	NA	NA
389813	-5.3644	NA	NA	NA
26993	-1.6961	NA	NA	NA
56672	0.2799	NA	NA	NA
10327	0.36806	NA	NA	NA
83592	0.99603	NA	NA	NA
208	-2.9692	NA	NA	NA
210	-1.1558	NA	NA	NA
126133	-0.80715	NA	NA	NA
5832	-3.0118	NA	NA	NA
221	-3.6297	NA	NA	NA
440138	-1.2045	NA	NA	NA
79087	-1.0714	NA	NA	NA
199857	-0.90573	NA	NA	NA
29929	1.0922	NA	NA	NA
389658	-1.5432	NA	NA	NA
54784	-0.78527	NA	NA	NA
84964	1.6244	NA	NA	NA
59344	-0.87429	NA	NA	NA
250	-0.91722	NA	NA	NA
55626	1.9719	NA	NA	NA
51005	-4.6129	NA	NA	NA
219287	0.7251	NA	NA	NA
267	-0.60822	NA	NA	NA
386724	-1.8494	NA	NA	NA
81693	-1.8665	NA	NA	NA
51421	1.33	NA	NA	NA
271	1.3972	NA	NA	NA
119504	-1.7659	NA	NA	NA
29882	1.865	NA	NA	NA
51433	-1.2937	NA	NA	NA
51378	-4.0317	NA	NA	NA
647589	-1.833	NA	NA	NA
287	-1.4218	NA	NA	NA
150709	-1.2008	NA	NA	NA
54467	-1.6267	NA	NA	NA
255239	0.11333	NA	NA	NA
29123	-2.3176	NA	NA	NA
124930	2.9635	NA	NA	NA
338692	0.22213	NA	NA	NA
26057	-0.8071	NA	NA	NA
256006	1.718	NA	NA	NA
341405	-1.2237	NA	NA	NA
284615	3.3161	NA	NA	NA
148741	-0.91053	NA	NA	NA
51239	-0.035335	NA	NA	NA
91369	-2.4429	NA	NA	NA
157567	1.8477	NA	NA	NA
283373	0.29367	NA	NA	NA
79998	-0.74405	NA	NA	NA
56311	0.38921	NA	NA	NA
121601	-0.7597	NA	NA	-0.365862
10541	-7.1458	NA	NA	NA
389289	-1.3	NA	NA	NA
310	0.2512	NA	NA	NA
8639	-1.6529	NA	NA	NA
316	-2.5673	NA	NA	NA
162	-0.27548	NA	NA	NA
164	1.3452	NA	NA	NA
160	2.731	NA	NA	NA
8943	-0.53683	NA	NA	NA
9179	2.3075	NA	NA	NA
11154	2.321	NA	NA	NA
9907	0.80683	NA	NA	NA
322	2.5574	NA	NA	NA
324	-3.7607	NA	NA	NA
10297	-1.4569	NA	NA	NA
164284	-3.6554	NA	NA	NA
325	-2.5371	NA	NA	NA
328	0.53165	NA	NA	NA
333	0.52117	NA	NA	NA
335	-2.9978	NA	NA	NA
347	-4.0418	NA	NA	NA
80833	-1.4988	NA	NA	NA
80831	-1.3138	NA	NA	NA
80830	-3.2468	NA	NA	NA
351	-0.58218	NA	NA	NA
26060	-1.3666	NA	NA	NA
54840	0.68511	NA	NA	NA
359	-2.8671	NA	NA	NA
363	-2.6459	NA	NA	NA
364	0.055091	NA	NA	NA
372	1.5808	NA	NA	NA
9870	0.27167	NA	NA	NA
375	0.17283	NA	NA	NA
381	3.4946	NA	NA	NA
382	0.67859	NA	NA	NA
84364	0.40277	NA	NA	NA
383	3.2023	NA	NA	NA
392	2.3495	NA	NA	NA
55114	-2.9469	NA	NA	NA
84986	-0.29256	NA	NA	NA
57584	-0.87987	NA	NA	NA
83478	-3.0595	NA	NA	NA
2909	-0.0027838	NA	NA	NA
394	-1.1148	NA	NA	NA
9138	-2.5214	NA	NA	NA
22899	-1.4743	NA	NA	NA
128272	-1.4976	NA	NA	NA
389337	-2.8804	NA	NA	NA
5926	0.87062	NA	NA	NA
646450	-0.45043	NA	NA	NA
400	-0.18647	NA	NA	NA
151188	-5.2352	NA	NA	NA
127829	0.13658	NA	NA	NA
79798	1.2488	NA	NA	NA
93436	0.87141	NA	NA	NA
10552	2.391	NA	NA	NA
92714	1.0138	NA	NA	NA
27106	-0.19209	NA	NA	NA
410	0.13663	NA	NA	NA
411	0.2709	NA	NA	NA
153642	3.966	NA	NA	NA
116969	-0.11377	NA	NA	NA
9048	-1.6075	NA	NA	NA
136371	-0.49715	NA	NA	NA
92591	-2.1549	NA	NA	NA
401036	-4.024	NA	NA	NA
51666	-4.4485	NA	NA	NA
51008	-1.6913	NA	NA	NA
84164	0.33624	NA	NA	NA
429	-2.387	NA	NA	NA
647219	-1.6959	NA	NA	NA
25842	-1.8606	NA	NA	NA
443	-0.40253	NA	NA	NA
80150	-3.7532	NA	NA	NA
431705	-2.5604	NA	NA	NA
171023	2.0354	NA	NA	NA
83858	2.856	NA	NA	NA
219293	-1.8525	NA	NA	NA
79969	4.3741	NA	NA	NA
467	0.29621	NA	NA	NA
22926	2.0062	NA	NA	NA
11016	-1.2552	NA	NA	NA
55729	-2.7024	NA	NA	NA
83734	-0.19778	NA	NA	NA
9776	-0.30742	NA	NA	NA
89849	-1.6945	NA	NA	NA
55102	-1.1763	NA	NA	NA
64422	-2.4107	NA	NA	NA
84938	0.47669	NA	NA	NA
25923	-0.27114	NA	NA	NA
84913	-0.93337	NA	NA	NA
23120	-0.66765	NA	NA	NA
57130	2.6094	NA	NA	NA
23400	0.34622	NA	NA	NA
84239	-1.5081	NA	NA	NA
477	-3.5696	NA	NA	NA
482	-1.0609	NA	NA	NA
91419	2.6391	NA	NA	NA
517	0.2714	NA	NA	NA
10632	-0.034588	NA	NA	NA
10476	-2.7317	NA	NA	NA
539	0.23609	NA	NA	NA
525	2.212	NA	NA	NA
9296	0.28755	NA	NA	NA
534	3.3707	NA	NA	NA
84126	-0.87443	NA	NA	NA
8455	-0.24503	NA	NA	NA
342371	-0.046425	NA	NA	NA
6311	-0.4339	NA	NA	NA
550	0.3858	NA	NA	NA
6795	-3.2105	NA	NA	NA
26229	-0.79098	NA	NA	NA
192134	-4.0117	NA	NA	NA
80776	3.9379	NA	NA	NA
23621	-1.9094	NA	NA	-0.450633
571	-0.49454	NA	NA	NA
7917	-0.39344	NA	NA	NA
22893	1.7604	NA	NA	NA
54971	2.2177	NA	NA	NA
8314	0.039822	NA	NA	NA
56033	-0.3567	NA	NA	NA
116071	-1.6645	NA	NA	NA
581	-1.1357	NA	NA	NA
11177	-0.21438	NA	NA	NA
11176	-0.076629	NA	NA	NA
583	-1.7771	NA	NA	NA
4059	0.7273	NA	NA	NA
55973	0.4252	NA	NA	NA
587	0.79087	NA	NA	NA
56647	-1.8211	NA	NA	NA
598	0.39618	NA	NA	NA
283149	0.32886	NA	NA	NA
617	-2.4559	NA	NA	NA
7439	-2.6058	NA	NA	NA
54831	-6.8427	NA	NA	NA
144453	0.73998	NA	NA	NA
10282	1.1286	NA	NA	NA
51283	0.85631	NA	NA	NA
128408	-0.65202	NA	NA	NA
29998	0.81286	NA	NA	NA
329	-1.294	NA	NA	NA
332	1.0103	NA	NA	NA
388552	0.54136	NA	NA	NA
8548	-2.8452	NA	NA	NA
90427	-2.6894	NA	NA	NA
27302	-3.2839	NA	NA	NA
657	-1.3803	NA	NA	NA
659	0.73513	NA	NA	NA
662	-2.916	NA	NA	NA
665	2.1111	NA	NA	NA
149428	3.122	NA	NA	NA
284257	0.2313	NA	NA	NA
666	-1.145	NA	NA	NA
54785	1.3755	NA	NA	NA
729991	2.4961	NA	NA	NA
4207	-2.586	NA	NA	NA
2186	-5.1696	NA	NA	NA
23476	0.5408	NA	NA	NA
65980	-0.046636	NA	NA	NA
25798	0.14983	NA	NA	NA
26580	-3.0283	NA	NA	NA
682	0.5808	NA	NA	NA
7809	-2.6088	NA	NA	NA
684	-1.1069	NA	NA	NA
118663	0.0095367	NA	NA	NA
388419	-4.9634	NA	NA	-0.543213
643376	-2.9977	NA	NA	NA
55643	-1.9671	NA	NA	NA
90135	-3.6995	NA	NA	NA
7832	-4.9217	NA	NA	NA
8896	-0.8956	NA	NA	NA
118611	-1.6248	NA	NA	NA
79946	-0.33789	NA	NA	NA
56673	-1.96	NA	NA	NA
29125	-0.64449	NA	NA	NA
160298	-1.7111	NA	NA	NA
60686	-2.3676	NA	NA	NA
643338	-1.7814	NA	NA	NA
646174	-2.1635	NA	NA	NA
146378	0.42832	NA	NA	NA
147685	-1.2839	NA	NA	NA
64073	-1.3838	NA	NA	NA
708	-3.6176	NA	NA	NA
114904	-0.46617	NA	NA	NA
114905	1.636	NA	NA	NA
54991	1.2471	NA	NA	NA
149466	-0.021901	NA	NA	NA
79169	-2.0742	NA	NA	NA
25912	1.575	NA	NA	NA
128653	-3.1392	NA	NA	NA
128864	-2.3017	NA	NA	NA
145741	-1.0222	NA	NA	NA
388125	-0.68654	NA	NA	NA
130355	-1.2089	NA	NA	NA
152065	-2.63	NA	NA	NA
285315	1.1193	NA	NA	NA
725	-2.5833	NA	NA	NA
55286	-0.18918	NA	NA	NA
132989	3.4436	NA	NA	NA
27202	-2.1612	NA	NA	NA
56951	1.1208	NA	NA	NA
29113	-1.6468	NA	NA	NA
221477	1.7393	NA	NA	NA
79020	-1.7485	NA	NA	NA
157773	-2.0326	NA	NA	NA
541565	-1.0241	NA	NA	NA
203076	-1.1855	NA	NA	NA
84933	-0.99019	NA	NA	NA
158055	-1.0699	NA	NA	NA
138241	-1.5631	NA	NA	NA
760	-3.2367	NA	NA	-0.342101
23523	1.0582	NA	NA	NA
51475	-0.20942	NA	NA	NA
57010	-1.1332	NA	NA	NA
56344	-2.8512	NA	NA	NA
11094	-6.3001	NA	NA	NA
796	-3.7184	NA	NA	NA
10241	0.21527	NA	NA	NA
50632	3.418	NA	NA	NA
23271	0.95757	NA	NA	NA
57662	0.42057	NA	NA	NA
55832	0.078871	NA	NA	NA
92291	0.65972	NA	NA	NA
726	2.9605	NA	NA	NA
828	-3.3	NA	NA	NA
829	2.4659	NA	NA	NA
830	0.19849	NA	NA	NA
29775	-4.2587	NA	NA	NA
84674	-3.3349	NA	NA	NA
79800	-0.46578	NA	NA	NA
10498	-0.71066	NA	NA	NA
79587	0.015644	NA	NA	NA
22794	-2.0122	NA	NA	NA
57524	-2.1888	NA	NA	NA
837	-5.0794	NA	NA	NA
840	-2.1924	NA	NA	NA
841	-3.1601	NA	NA	NA
842	0.0031471	NA	NA	NA
54897	-0.90558	NA	NA	NA
847	-3.2904	NA	NA	NA
257044	-0.64411	NA	NA	NA
857	-3.8846	NA	NA	NA
867	1.0121	NA	NA	NA
873	-2.8472	NA	NA	NA
84869	-1.5138	NA	NA	NA
11335	-0.89482	NA	NA	NA
8535	-0.057128	NA	NA	NA
25776	-0.63583	NA	NA	NA
200014	-0.214	NA	NA	NA
57805	4.163	NA	NA	NA
29903	1.4191	NA	NA	NA
150275	2.8933	NA	NA	NA
79635	-1.9751	NA	NA	-0.348825
339230	-1.6765	NA	NA	NA
285025	-1.2847	NA	NA	NA
80071	-1.1891	NA	NA	NA
550631	-1.4927	NA	NA	NA
100130274	0.15551	NA	NA	NA
80129	-0.56936	NA	NA	NA
164127	0.33513	NA	NA	NA
79140	-1.954	NA	NA	NA
728621	-0.29178	NA	NA	NA
91057	0.68307	NA	NA	NA
55036	-4.447	NA	NA	NA
124808	-1.4154	NA	NA	NA
729440	-7.3211	NA	NA	NA
26112	-3.0481	NA	NA	NA
83446	-3.8253	NA	NA	NA
64925	-2.4195	NA	NA	NA
55231	0.58183	NA	NA	NA
388115	-3.6313	NA	NA	NA
6361	-2.354	NA	NA	NA
6366	-2.8786	NA	NA	NA
6367	-2.6364	NA	NA	NA
6369	-1.862	NA	NA	NA
6370	-2.0958	NA	NA	NA
140706	-2.8997	NA	NA	NA
892	0.56844	NA	NA	NA
894	-2.014	NA	NA	NA
899	1.9346	NA	NA	NA
900	-0.68249	NA	NA	NA
8812	0.0028273	NA	NA	NA
9738	-1.0672	NA	NA	NA
1232	1.9033	NA	NA	NA
1236	-1.5354	NA	NA	NA
10803	-2.2627	NA	NA	NA
7203	-1.2311	NA	NA	NA
10575	1.2682	NA	NA	NA
10694	0.54411	NA	NA	NA
150160	-4.1423	NA	NA	NA
135228	-1.7591	NA	NA	NA
930	-1.5995	NA	NA	NA
910	-1.7075	NA	NA	NA
30835	-2.8485	NA	NA	NA
933	0.27054	NA	NA	NA
80381	-1.8489	NA	NA	NA
124599	-1.0619	NA	NA	NA
100131439	-0.33552	NA	NA	NA
951	-3.2257	NA	NA	NA
915	-3.8124	NA	NA	NA
916	-2.0073	NA	NA	NA
920	-5.8679	NA	NA	NA
958	-2.3826	NA	NA	NA
1604	-1.061	NA	NA	NA
973	-2.1087	NA	NA	NA
3732	-5.9784	NA	NA	NA
928	-1.1426	NA	NA	-0.285934
146059	-1.0298	NA	NA	NA
991	-2.2536	NA	NA	NA
8697	3.5489	NA	NA	NA
993	-0.66022	NA	NA	NA
246184	-1.3415	NA	NA	NA
55664	2.8881	NA	NA	NA
10435	2.0285	NA	NA	NA
148170	0.1494	NA	NA	NA
79577	2.4826	NA	NA	NA
83461	-1.5456	NA	NA	NA
1014	-0.5848	NA	NA	NA
28513	1.1388	NA	NA	NA
64072	-1.8336	NA	NA	NA
64403	-1.6494	NA	NA	NA
60437	-4.489	NA	NA	NA
54825	2.4162	NA	NA	NA
29965	3.2541	NA	NA	NA
8558	-0.71924	NA	NA	NA
65061	-3.0974	NA	NA	NA
10263	-0.0098315	NA	NA	NA
1019	2.121	NA	NA	NA
8941	1.098	NA	NA	NA
51654	0.75596	NA	NA	NA
1021	-2.8972	NA	NA	NA
1022	-1.5234	NA	NA	NA
150383	-3.5468	NA	NA	NA
8760	2.9287	NA	NA	-0.11979
1041	-1.1023	NA	NA	NA
634	-1.6067	NA	NA	NA
90273	-3.0303	NA	NA	NA
1053	2.9078	NA	NA	NA
10153	-3.5245	NA	NA	NA
1990	-0.24946	NA	NA	NA
51032	0.51863	NA	NA	NA
64105	-2.98	NA	NA	NA
79019	-2.5572	NA	NA	NA
55166	-1.7692	NA	NA	NA
80152	-3.6515	NA	NA	NA
79682	-2.6073	NA	NA	NA
201161	0.7882	NA	NA	NA
201254	3.0111	NA	NA	NA
22897	-1.1205	NA	NA	NA
285753	2.016	NA	NA	NA
64793	-3.2995	NA	NA	NA
10390	0.42632	NA	NA	NA
51148	-0.93094	NA	NA	NA
1066	-5.8341	NA	NA	NA
161502	-1.8874	NA	NA	NA
29105	1.746	NA	NA	0.167882
85452	-0.43957	NA	NA	NA
284067	-4.046	NA	NA	NA
629	-1.7037	NA	NA	NA
10428	-0.1309	NA	NA	NA
3075	-3.8642	NA	NA	NA
10878	-5.1928	NA	NA	NA
1101	-1.6235	NA	NA	NA
283489	-0.75444	NA	NA	NA
1103	-3.7245	NA	NA	NA
118487	-0.13301	NA	NA	NA
1106	0.2456	NA	NA	NA
1108	-3.58	NA	NA	NA
10523	-0.31802	NA	NA	NA
26511	1.4275	NA	NA	NA
1119	-1.0234	NA	NA	NA
51510	0.011136	NA	NA	NA
54480	2.0364	NA	NA	NA
54108	-0.47941	NA	NA	NA
1133	0.40732	NA	NA	NA
1141	-2.8683	NA	NA	NA
1145	0.56593	NA	NA	NA
166012	0.80464	NA	NA	NA
9469	-4.2141	NA	NA	NA
23563	-0.67246	NA	NA	NA
4166	-1.1926	NA	NA	NA
22856	0.67803	NA	NA	NA
54921	1.0002	NA	NA	NA
26097	-0.37842	NA	NA	NA
91612	-2.5835	NA	NA	NA
148523	0.49576	NA	NA	NA
117286	-2.432	NA	NA	NA
8483	-2.8847	NA	NA	NA
148113	0.60826	NA	NA	NA
55847	2.1739	NA	NA	NA
10970	1.7956	NA	NA	NA
9793	-0.44838	NA	NA	NA
23332	-1.2575	NA	NA	NA
22802	-0.49676	NA	NA	NA
23529	-0.75019	NA	NA	NA
1180	-2.9648	NA	NA	NA
1186	0.022349	NA	NA	NA
1187	-1.4897	NA	NA	NA
5010	-1.1599	NA	NA	NA
23562	-0.58015	NA	NA	NA
24146	-3.0027	NA	NA	NA
149461	-2.8436	NA	NA	NA
1365	-1.6761	NA	NA	NA
160364	-4.2958	NA	NA	NA
161198	0.12274	NA	NA	NA
130162	-0.0037835	NA	NA	NA
1192	-6.7275	NA	NA	NA
9022	0.66296	NA	NA	NA
25932	-2.2122	NA	NA	NA
7461	-0.11067	NA	NA	NA
1201	0.52761	NA	NA	NA
1203	-0.74655	NA	NA	NA
2055	-4.2861	NA	NA	NA
1209	-0.6057	NA	NA	NA
9746	4.8628	NA	NA	NA
1211	4.9096	NA	NA	NA
1212	-4.2544	NA	NA	NA
23277	-1.8263	NA	NA	NA
152100	-0.69246	NA	NA	NA
116173	-1.0662	NA	NA	-0.487878
23070	1.048	NA	NA	NA
29097	-0.47755	NA	NA	NA
1265	0.088761	NA	NA	-0.352485
26505	-0.51726	NA	NA	NA
4849	2.5445	NA	NA	NA
1267	-1.2752	NA	NA	NA
27013	-0.026639	NA	NA	NA
285888	0.19897	NA	NA	NA
245812	0.24265	NA	NA	NA
1269	-2.7777	NA	NA	NA
1271	-1.0274	NA	NA	NA
493753	2.0596	NA	NA	NA
65260	1.2636	NA	NA	NA
23242	0.18873	NA	NA	NA
25839	1.6347	NA	NA	NA
84342	5.8547	NA	NA	NA
7373	-2.0516	NA	NA	NA
169044	-1.3369	NA	NA	NA
84570	1.1186	NA	NA	NA
131873	-3.9319	NA	NA	NA
1295	-1.1884	NA	NA	NA
10584	2.1107	NA	NA	NA
78989	0.94558	NA	NA	NA
79709	4.0854	NA	NA	NA
23127	-0.14092	NA	NA	-0.286785
8292	2.5952	NA	NA	NA
150684	0.1644	NA	NA	NA
51122	-1.2459	NA	NA	NA
23412	-2.1334	NA	NA	NA
54951	-1.5016	NA	NA	NA
1315	-0.93005	NA	NA	NA
26958	4.0357	NA	NA	NA
9318	-3.4639	NA	NA	NA
50813	0.41576	NA	NA	NA
64708	-2.6761	NA	NA	NA
10920	-0.17852	NA	NA	NA
51117	-2.5061	NA	NA	NA
84274	-0.66468	NA	NA	NA
51004	1.3084	NA	NA	NA
56997	2.444	NA	NA	NA
79934	0.28617	NA	NA	NA
1355	0.74519	NA	NA	NA
285521	0.4119	NA	NA	NA
90639	-2.9183	NA	NA	NA
1340	-0.35531	NA	NA	NA
125965	0.57934	NA	NA	NA
1345	-2.7433	NA	NA	NA
1347	-3.5842	NA	NA	NA
1350	-2.1529	NA	NA	NA
1351	0.50012	NA	NA	NA
1362	0.74585	NA	NA	NA
64506	1.3867	NA	NA	NA
1368	-0.86376	NA	NA	NA
8904	0.71318	NA	NA	NA
130749	6.0035	NA	NA	NA
1371	-1.177	NA	NA	NA
10404	-2.7744	NA	NA	NA
53981	0.96361	NA	NA	NA
1376	-4.8199	NA	NA	NA
57585	1.9131	NA	NA	NA
92359	-2.3939	NA	NA	NA
27297	-0.96416	NA	NA	NA
54544	-0.37506	NA	NA	NA
1385	0.36489	NA	NA	NA
90993	-1.8401	NA	NA	NA
148327	-5.4313	NA	NA	NA
9586	0.23044	NA	NA	NA
1398	-2.2434	NA	NA	NA
9696	-0.85564	NA	NA	NA
23373	1.2003	NA	NA	NA
1407	-1.1288	NA	NA	-0.182914
1415	0.42923	NA	NA	NA
1417	-0.59387	NA	NA	NA
1435	-0.18646	NA	NA	NA
1441	-1.3168	NA	NA	NA
55454	-1.2695	NA	NA	NA
1445	-0.4754	NA	NA	NA
751071	-4.6591	NA	NA	NA
1452	1.5187	NA	NA	NA
122011	-1.8919	NA	NA	NA
1453	-2.4637	NA	NA	NA
53944	-1.0277	NA	NA	NA
1459	1.743	NA	NA	NA
1460	0.35471	NA	NA	NA
64651	0.79439	NA	NA	NA
1465	-1.0272	NA	NA	NA
1471	-0.3594	NA	NA	NA
1473	-1.313	NA	NA	NA
64693	0.78306	NA	NA	NA
643854	0.28771	NA	NA	NA
23399	0.8125	NA	NA	NA
9150	0.85784	NA	NA	NA
10106	-1.3	NA	NA	NA
1489	-0.51512	NA	NA	NA
29119	-2.3471	NA	NA	NA
1497	1.0908	NA	NA	NA
1503	3.2275	NA	NA	NA
1504	-2.6122	NA	NA	NA
440387	-4.6648	NA	NA	NA
11330	-1.8567	NA	NA	NA
8722	1.0953	NA	NA	NA
2017	-2.056	NA	NA	NA
55917	-2.5688	NA	NA	NA
348180	1.5058	NA	NA	NA
399697	4.055	NA	NA	NA
79004	-0.50723	NA	NA	NA
9820	-0.69071	NA	NA	NA
23113	6.2719	NA	NA	NA
51596	0.35058	NA	NA	NA
51503	-4.8807	NA	NA	NA
10283	1.2912	NA	NA	NA
9547	5.4812	NA	NA	NA
6372	-3.1766	NA	NA	NA
30827	1.9587	NA	NA	NA
11068	-2.0403	NA	NA	NA
124637	0.64026	NA	NA	NA
51700	-2.2092	NA	NA	NA
1583	-1.3349	NA	NA	NA
1584	-4.3162	NA	NA	NA
1586	-1.3656	NA	NA	NA
340665	0.034327	NA	NA	NA
1553	-0.1176	NA	NA	NA
1555	-1.9295	NA	NA	NA
1558	2.1717	NA	NA	NA
113612	0.63778	NA	NA	NA
54905	-2.9218	NA	NA	NA
64816	-3.4916	NA	NA	NA
1577	-0.87374	NA	NA	NA
1579	-3.4964	NA	NA	NA
1580	-3.299	NA	NA	NA
57834	-0.35635	NA	NA	NA
11283	-4.8527	NA	NA	NA
375791	0.2408	NA	NA	NA
9266	2.2627	NA	NA	NA
728294	-0.17196	NA	NA	NA
23500	-4.7724	NA	NA	NA
153090	-4.6869	NA	NA	NA
1605	-1.9179	NA	NA	NA
55152	0.21949	NA	NA	NA
1612	2.7249	NA	NA	0.3254
23604	-0.12965	NA	NA	NA
55157	-3.6397	NA	NA	NA
9802	-4.0569	NA	NA	NA
80174	-2.2315	NA	NA	NA
51163	-2.0678	NA	NA	NA
120237	-1.0504	NA	NA	NA
25853	-0.54383	NA	NA	NA
25879	0.0025166	NA	NA	NA
80067	-1.4292	NA	NA	NA
341019	-1.0118	NA	NA	NA
149069	0.4677	NA	NA	NA
1633	1.0022	NA	NA	NA
127579	-3.6609	NA	NA	NA
1638	-1.4721	NA	NA	NA
1639	-6.5426	NA	NA	NA
84516	0.35351	NA	NA	NA
54541	-2.3833	NA	NA	NA
1650	0.81835	NA	NA	NA
780	-4.1681	NA	NA	NA
1652	-0.35416	NA	NA	NA
10521	0.63238	NA	NA	NA
55308	-0.79291	NA	NA	NA
9188	-0.8362	NA	NA	NA
11325	4.4442	NA	NA	NA
51202	-3.7322	NA	NA	NA
79009	3.1482	NA	NA	NA
317781	3.5913	NA	NA	NA
54606	-0.32334	NA	NA	NA
1656	1.0098	NA	NA	NA
55601	-1.9726	NA	NA	NA
91351	-4.0319	NA	NA	NA
1666	-2.6168	NA	NA	NA
9191	3.0762	NA	NA	NA
162989	5.8537	NA	NA	NA
54849	0.10247	NA	NA	NA
117285	-2.9666	NA	NA	NA
245936	-1.9572	NA	NA	NA
400830	-2.7311	NA	NA	NA
613209	-2.5943	NA	NA	NA
123099	-0.59554	NA	NA	NA
23258	0.39888	NA	NA	NA
120863	0.79721	NA	NA	NA
91614	-2.165	NA	NA	NA
27351	-1.6261	NA	NA	NA
1609	-5.3319	NA	NA	NA
8525	0.21895	NA	NA	NA
80017	-3.139	NA	NA	NA
200895	-2.3153	NA	NA	NA
50846	-1.343	NA	NA	NA
147015	-2.1652	NA	NA	NA
728635	1.5793	NA	NA	NA
55526	-3.0529	NA	NA	NA
22907	2.2097	NA	NA	NA
9704	-4.2562	NA	NA	NA
57647	0.44968	NA	NA	NA
9785	1.235	NA	NA	NA
23405	-0.35263	NA	NA	NA
27292	-4.3473	NA	NA	NA
116093	-1.9143	NA	NA	NA
27121	-0.77977	NA	NA	NA
27120	-1.3941	NA	NA	NA
28514	0.35177	NA	NA	NA
1745	3.1865	NA	NA	NA
1746	3.6221	NA	NA	NA
1748	-5.2019	NA	NA	NA
1760	-1.4552	NA	NA	NA
63951	-2.3496	NA	NA	NA
63950	-0.46517	NA	NA	-0.37112
9988	-0.22108	NA	NA	NA
2039	2.3607	NA	NA	NA
1657	-1.446	NA	NA	NA
23312	1.4754	NA	NA	NA
9093	-0.35172	NA	NA	NA
51726	-0.060829	NA	NA	NA
54788	-0.66073	NA	NA	NA
374407	-5.7847	NA	NA	NA
11080	0.17143	NA	NA	NA
25822	-1.0452	NA	NA	NA
150353	-3.9359	NA	NA	NA
29103	-4.4455	NA	NA	NA
5611	-4.1005	NA	NA	NA
1773	-0.49069	NA	NA	NA
1777	-2.4398	NA	NA	NA
101927579	2.7157	NA	NA	NA
1785	-6.5062	NA	NA	NA
1786	0.060545	NA	NA	NA
116092	1.4623	NA	NA	NA
30836	0.83681	NA	NA	NA
1793	-3.2826	NA	NA	NA
55619	0.19225	NA	NA	NA
9046	0.2081	NA	NA	NA
1798	1.5505	NA	NA	NA
1800	-1.677	NA	NA	NA
64180	-3.7938	NA	NA	NA
5977	-2.4628	NA	NA	NA
8110	1.2301	NA	NA	NA
8813	0.56196	NA	NA	NA
503834	-0.06834	NA	NA	NA
128338	-1.3893	NA	NA	NA
1815	2.9245	NA	NA	NA
4733	1.627	NA	NA	NA
29940	0.014738	NA	NA	NA
79980	2.8589	NA	NA	NA
112487	-2.0392	NA	NA	NA
54920	3.3346	NA	NA	NA
11221	0.69246	NA	NA	NA
11266	1.82	NA	NA	NA
128853	-0.5817	NA	NA	NA
80824	0.54086	NA	NA	-0.18394
1857	1.7359	NA	NA	NA
1781	-1.4115	NA	NA	NA
1783	-1.6546	NA	NA	NA
83658	-0.77095	NA	NA	NA
1859	1.0401	NA	NA	NA
9149	-0.31055	NA	NA	NA
8291	1.7747	NA	NA	NA
391475	-1.5336	NA	NA	NA
55837	0.4867	NA	NA	NA
55096	0.62521	NA	NA	NA
84650	2.0661	NA	NA	NA
1842	-1.3114	NA	NA	NA
23644	-0.21379	NA	NA	NA
26098	-1.2279	NA	NA	NA
25895	0.45691	NA	NA	NA
1938	-3.2824	NA	NA	NA
60678	-0.74107	NA	NA	NA
90288	-1.8502	NA	NA	NA
9813	-4.6495	NA	NA	-0.542572
64800	0.43605	NA	NA	NA
79825	-3.2726	NA	NA	-0.149379
80303	-1.714	NA	NA	NA
1942	-2.7687	NA	NA	NA
1944	1.6988	NA	NA	NA
1945	-1.7336	NA	NA	NA
10278	-2.8402	NA	NA	NA
9343	1.3703	NA	NA	NA
1956	-2.8332	NA	NA	NA
112399	-8.0803	NA	NA	NA
30844	-2.2961	NA	NA	NA
9538	1.9243	NA	NA	NA
163126	2.519	NA	NA	NA
9451	2.028	NA	NA	NA
440275	-0.96099	NA	NA	NA
1967	-2.1498	NA	NA	NA
8891	-1.5523	NA	NA	NA
8890	-0.83871	NA	NA	NA
8894	-1.4134	NA	NA	NA
8661	-3.6311	NA	NA	NA
8665	-4.1392	NA	NA	NA
8666	-2.67	NA	NA	NA
8668	-2.1503	NA	NA	NA
10480	-1.2383	NA	NA	NA
9775	0.85751	NA	NA	NA
1975	0.3595	NA	NA	NA
7458	-0.38848	NA	NA	NA
1984	-1.3582	NA	NA	NA
143244	-3.0623	NA	NA	NA
55520	1.5839	NA	NA	NA
1991	-2.1983	NA	NA	NA
1997	-3.5842	NA	NA	NA
392617	-2.8906	NA	NA	NA
84337	-1.8522	NA	NA	NA
54898	0.061718	NA	NA	NA
60481	-0.8566	NA	NA	-0.562367
8518	0.50961	NA	NA	NA
26610	-1.7001	NA	NA	NA
23587	-2.1566	NA	NA	NA
54859	-0.80279	NA	NA	NA
23065	1.9387	NA	NA	NA
83460	-0.85757	NA	NA	NA
10328	-0.70534	NA	NA	NA
51016	0.40709	NA	NA	NA
146956	0.075688	NA	NA	NA
11117	-3.1847	NA	NA	NA
2013	-2.3571	NA	NA	-0.421304
2020	-3.1671	NA	NA	NA
284131	2.1599	NA	NA	NA
64772	-3.1032	NA	NA	NA
55556	-1.5604	NA	NA	NA
5168	-1.7793	NA	NA	-0.456249
339221	-1.0711	NA	NA	NA
954	0.24225	NA	NA	NA
957	-3.6765	NA	NA	NA
2037	-0.34464	NA	NA	NA
2041	-1.5904	NA	NA	NA
2050	2.1472	NA	NA	NA
79852	-1.2644	NA	NA	NA
29924	2.4661	NA	NA	NA
64787	-0.80301	NA	NA	NA
94240	-0.38465	NA	NA	NA
26284	4.2565	NA	NA	NA
51752	0.95891	NA	NA	NA
64167	-2.4338	NA	NA	NA
55914	-5.1904	NA	NA	NA
2071	1.246	NA	NA	NA
1161	-0.21487	NA	NA	NA
2077	0.50187	NA	NA	NA
11161	-0.18067	NA	NA	NA
51614	-1.6013	NA	NA	NA
112479	3.2662	NA	NA	NA
27248	5.1143	NA	NA	NA
57471	-1.2979	NA	NA	NA
2081	-0.68789	NA	NA	NA
10595	-3.5703	NA	NA	NA
9700	-5.5913	NA	NA	NA
83715	-2.3346	NA	NA	NA
339768	0.30227	NA	NA	NA
2099	-3.2352	NA	NA	NA
83850	2.3939	NA	NA	NA
54465	-1.554	NA	NA	NA
55194	-2.6227	NA	NA	NA
645027	0.46028	NA	NA	NA
2128	-3.0018	NA	NA	NA
11336	-2.8596	NA	NA	NA
283849	-1.4175	NA	NA	NA
23233	-0.88078	NA	NA	NA
51013	2.1655	NA	NA	NA
56915	0.83398	NA	NA	NA
2132	2.271	NA	NA	NA
2159	-1.2442	NA	NA	NA
2149	-2.7762	NA	NA	NA
79152	-0.077102	NA	NA	-0.395412
91442	0.96604	NA	NA	NA
2168	0.82353	NA	NA	NA
8772	-0.36633	NA	NA	NA
23197	0.61249	NA	NA	NA
81889	-0.77687	NA	NA	NA
151313	0.22273	NA	NA	NA
83641	-2.5564	NA	NA	NA
90362	-1.1292	NA	NA	NA
79927	1.8234	NA	NA	NA
10827	3.0661	NA	NA	NA
220108	-2.6474	NA	NA	NA
317662	-5.2846	NA	NA	NA
148753	0.44394	NA	NA	NA
345757	2.6744	NA	NA	NA
389558	-1.6859	NA	NA	NA
27146	-1.9032	NA	NA	NA
84070	-1.2362	NA	NA	NA
148109	0.58068	NA	NA	NA
221786	0.21795	NA	NA	NA
63877	2.0247	NA	NA	NA
203259	-0.13584	NA	NA	NA
57184	-0.42017	NA	NA	NA
653140	1.0862	NA	NA	NA
54097	-3.6888	NA	NA	NA
26240	0.69775	NA	NA	NA
9679	1.463	NA	NA	NA
729533	-0.91459	NA	NA	NA
54854	-3.4285	NA	NA	NA
51439	2.4002	NA	NA	NA
2177	2.6541	NA	NA	NA
2188	1.2331	NA	NA	NA
9855	0.38167	NA	NA	NA
2194	0.81779	NA	NA	NA
10922	-0.1658	NA	NA	NA
10826	-1.5373	NA	NA	NA
85302	-1.2005	NA	NA	NA
2192	-0.88307	NA	NA	NA
84467	-2.9026	NA	NA	NA
144699	-1.5615	NA	NA	NA
64839	1.7635	NA	NA	NA
84961	-1.9802	NA	NA	NA
26234	-1.1625	NA	NA	NA
23194	-0.75705	NA	NA	NA
55336	-0.5367	NA	NA	NA
26261	0.75611	NA	NA	NA
26260	1.716	NA	NA	NA
81545	2.2125	NA	NA	NA
26272	0.099257	NA	NA	NA
554251	4.1247	NA	NA	NA
26270	3.3327	NA	NA	NA
25793	-0.63006	NA	NA	-0.285345
26269	-1.1714	NA	NA	NA
285231	1.0949	NA	NA	NA
26190	-0.19914	NA	NA	NA
6468	-1.8701	NA	NA	NA
54461	0.054072	NA	NA	NA
2208	-4.2292	NA	NA	NA
51077	-2.1681	NA	NA	NA
2213	-3.5558	NA	NA	NA
8547	0.41839	NA	NA	NA
55527	-1.3075	NA	NA	NA
10116	3.9013	NA	NA	NA
2864	-0.064856	NA	NA	NA
55785	1.4888	NA	NA	NA
2248	-1.2129	NA	NA	NA
2253	-0.90479	NA	NA	NA
2264	-5.4303	NA	NA	NA
53834	-1.0198	NA	NA	NA
9457	-1.1498	NA	NA	NA
63979	0.42529	NA	NA	NA
161247	-1.8373	NA	NA	NA
23307	-8.3568	NA	NA	NA
2287	0.14098	NA	NA	NA
23770	0.27616	NA	NA	NA
2313	-4.1754	NA	NA	NA
2317	-1.5628	NA	NA	NA
2318	0.89356	NA	NA	NA
752	-3.5521	NA	NA	NA
114793	-2.6025	NA	NA	-0.441014
2335	-2.1081	NA	NA	NA
64122	-1.215	NA	NA	NA
23048	-1.6685	NA	NA	NA
96459	-0.50331	NA	NA	NA
2346	-0.83402	NA	NA	NA
219595	-1.5411	NA	NA	-0.418948
8061	-0.57253	NA	NA	NA
3171	0.70699	NA	NA	NA
27023	-0.40394	NA	NA	NA
2303	-0.51681	NA	NA	NA
27022	-1.2882	NA	NA	NA
8928	-1.6405	NA	NA	NA
344167	-3.4089	NA	NA	NA
55810	1.5487	NA	NA	0.289901
2300	-3.7462	NA	NA	NA
283150	-1.1505	NA	NA	NA
2358	-1.5614	NA	NA	NA
2483	2.5691	NA	NA	NA
79981	-1.2464	NA	NA	NA
23150	-0.53721	NA	NA	NA
10818	-1.3187	NA	NA	NA
83856	-2.4611	NA	NA	NA
94033	-2.3463	NA	NA	NA
8939	-1.6694	NA	NA	NA
2521	-3.2393	NA	NA	NA
2525	-2.8181	NA	NA	NA
2527	0.15081	NA	NA	NA
2529	-1.4932	NA	NA	NA
2530	4.0244	NA	NA	NA
80199	-1.687	NA	NA	NA
53828	1.6573	NA	NA	NA
53827	1.3367	NA	NA	NA
79443	-3.5927	NA	NA	NA
10146	0.015469	NA	NA	NA
2548	-0.72963	NA	NA	NA
9846	-1.4436	NA	NA	NA
128954	-3.9693	NA	NA	NA
23710	1.492	NA	NA	NA
2551	-1.5473	NA	NA	NA
2553	-1.6731	NA	NA	NA
126626	-2.7616	NA	NA	NA
2568	-1.096	NA	NA	NA
10912	2.229	NA	NA	NA
2580	1.2309	NA	NA	NA
9514	-0.10541	NA	NA	NA
89792	-3.0431	NA	NA	NA
2581	-1.8096	NA	NA	NA
2584	1.1734	NA	NA	NA
11226	0.030111	NA	NA	NA
51809	0.10935	NA	NA	NA
8484	0.0162	NA	NA	NA
23193	3.8453	NA	NA	NA
26330	-0.25956	NA	NA	NA
10634	0.62724	NA	NA	NA
57798	-1.5081	NA	NA	NA
283459	0.88222	NA	NA	NA
57704	0.15205	NA	NA	NA
8729	1.1466	NA	NA	NA
2645	-0.77062	NA	NA	NA
2729	1.1179	NA	NA	NA
8521	-2.6509	NA	NA	NA
10985	0.11173	NA	NA	NA
54332	0.12011	NA	NA	NA
78997	2.6149	NA	NA	NA
9518	0.04202	NA	NA	NA
2665	2.2148	NA	NA	NA
2668	-2.2414	NA	NA	NA
79153	-0.77517	NA	NA	NA
8487	1.907	NA	NA	NA
79833	4.4221	NA	NA	NA
64096	-0.40232	NA	NA	NA
389400	-5.7789	NA	NA	NA
26088	0.09749	NA	NA	NA
2688	-0.93933	NA	NA	NA
2689	-1.3459	NA	NA	NA
27069	1.1973	NA	NA	NA
2692	-5.0281	NA	NA	NA
51738	-2.7584	NA	NA	-0.133148
79018	-0.32908	NA	NA	NA
170575	0.56626	NA	NA	NA
155038	-1.9892	NA	NA	NA
2703	-0.48418	NA	NA	NA
2707	-2.5063	NA	NA	NA
375519	0.3643	NA	NA	NA
125111	-3.5223	NA	NA	NA
2720	-1.0937	NA	NA	NA
152007	0.13802	NA	NA	NA
84662	-4.3004	NA	NA	NA
112770	-4.7574	NA	NA	NA
51228	-1.5923	NA	NA	NA
2752	-0.96892	NA	NA	NA
26205	-4.137	NA	NA	NA
2765	0.81845	NA	NA	NA
29926	2.8958	NA	NA	NA
2770	1.3584	NA	NA	NA
2773	-0.39123	NA	NA	NA
2782	2.4193	NA	NA	NA
10020	1.0363	NA	NA	NA
10007	4.5455	NA	NA	NA
64841	5.1615	NA	NA	NA
2799	-0.21588	NA	NA	NA
2803	-2.1142	NA	NA	NA
9950	-0.092837	NA	NA	NA
51125	-1.2212	NA	NA	NA
27333	-3.3058	NA	NA	NA
51026	3.0142	NA	NA	NA
64689	-4.4105	NA	NA	NA
26003	1.2058	NA	NA	NA
9527	-2.065	NA	NA	NA
8733	0.26007	NA	NA	NA
55425	0.88025	NA	NA	NA
7918	2.5976	NA	NA	NA
137964	1.5725	NA	NA	NA
253635	-1.445	NA	NA	NA
151306	-1.2634	NA	NA	NA
170589	-2.6952	NA	NA	NA
122876	1.2118	NA	NA	NA
51184	-0.78779	NA	NA	NA
2835	-2.5498	NA	NA	NA
29933	-1.9069	NA	NA	NA
124274	-0.18816	NA	NA	NA
350383	0.077636	NA	NA	NA
390212	-0.078469	NA	NA	NA
387509	0.3037	NA	NA	NA
165829	-2.6037	NA	NA	NA
80045	-1.5756	NA	NA	NA
2840	-3.9648	NA	NA	NA
11318	-1.9014	NA	NA	NA
2827	-2.6572	NA	NA	NA
9283	-1.5072	NA	NA	NA
9293	-2.164	NA	NA	NA
118442	0.078979	NA	NA	-0.381876
10936	-2.6395	NA	NA	NA
27201	-2.5294	NA	NA	NA
51704	-2.119	NA	NA	NA
2873	0.58155	NA	NA	NA
2874	0.48103	NA	NA	NA
63940	-6.2074	NA	NA	NA
2875	-1.2533	NA	NA	NA
2876	0.34975	NA	NA	NA
2877	-1.876	NA	NA	NA
2880	-3.3522	NA	NA	NA
57655	0.56188	NA	NA	NA
2885	-2.863	NA	NA	NA
2886	0.25276	NA	NA	NA
2906	-0.48288	NA	NA	NA
2907	3.4438	NA	NA	NA
156	-3.1111	NA	NA	NA
80273	1.3872	NA	NA	NA
2931	1.2611	NA	NA	NA
2935	0.30251	NA	NA	NA
9446	1.4033	NA	NA	NA
219409	-2.8651	NA	NA	NA
2961	-4.1267	NA	NA	NA
2962	-1.31	NA	NA	NA
2965	-0.20259	NA	NA	NA
2968	2.1658	NA	NA	NA
2975	3.1311	NA	NA	NA
9328	-0.30853	NA	NA	NA
54676	3.1262	NA	NA	NA
84705	1.8675	NA	NA	NA
29083	-1.8258	NA	NA	NA
2980	-1.763	NA	NA	NA
60558	-0.66149	NA	NA	NA
2995	-5.5702	NA	NA	NA
2999	-1.5865	NA	NA	NA
3004	-3.5322	NA	NA	NA
9563	-4.1588	NA	NA	NA
22927	0.2853	NA	NA	NA
51495	-1.8278	NA	NA	NA
3029	1.2122	NA	NA	NA
9464	-0.84629	NA	NA	NA
9001	-3.0887	NA	NA	NA
1404	1.5729	NA	NA	NA
83903	-2.7524	NA	NA	NA
55142	-1.5197	NA	NA	NA
10456	0.14329	NA	NA	NA
3043	-3.6659	NA	NA	NA
1839	-1.175	NA	NA	NA
10767	2.306	NA	NA	NA
3061	-2.6083	NA	NA	NA
83933	3.524	NA	NA	NA
79885	1.0841	NA	NA	NA
3066	-3.0773	NA	NA	NA
8841	-1.0359	NA	NA	NA
154150	1.0203	NA	NA	NA
27440	1.5462	NA	NA	NA
55127	-0.74449	NA	NA	NA
54497	2.476	NA	NA	NA
63897	-0.61479	NA	NA	NA
79654	-0.83174	NA	NA	NA
85441	-0.052955	NA	NA	NA
113802	3.4871	NA	NA	NA
641654	-1.777	NA	NA	NA
8924	1.3113	NA	NA	NA
26091	2.3567	NA	NA	NA
84667	1.365	NA	NA	NA
100128124	-1.1362	NA	NA	NA
57467	-2.9863	NA	NA	-0.263363
26275	-3.3696	NA	NA	NA
3091	0.051842	NA	NA	NA
192286	-0.17306	NA	NA	NA
51501	0.78103	NA	NA	NA
29923	-2.7825	NA	NA	NA
3092	-3.8501	NA	NA	NA
10114	2.3661	NA	NA	NA
8479	0.59904	NA	NA	NA
3098	1.8787	NA	NA	NA
3120	1.6342	NA	NA	NA
10363	-0.75214	NA	NA	NA
3159	0.33094	NA	NA	NA
54511	2.6567	NA	NA	NA
10473	1.6714	NA	NA	NA
57824	-3.4785	NA	NA	NA
3166	0.5653	NA	NA	NA
3167	-1.1152	NA	NA	NA
340784	-0.92141	NA	NA	NA
6927	0.1505	NA	NA	NA
3178	-1.4704	NA	NA	NA
343069	-5.1668	NA	NA	NA
3189	-4.1664	NA	NA	NA
4670	-1.3768	NA	NA	NA
29911	3.4961	NA	NA	NA
84376	-1.0211	NA	NA	NA
3200	0.36483	NA	NA	NA
3213	-1.7648	NA	NA	NA
3217	-3.9548	NA	NA	NA
3228	-1.5355	NA	NA	NA
3234	-2.1606	NA	NA	NA
50809	2.5496	NA	NA	NA
3250	-0.31907	NA	NA	NA
84343	-2.3457	NA	NA	NA
11234	-2.4388	NA	NA	NA
59340	-3.6871	NA	NA	NA
64342	-0.14109	NA	NA	NA
9955	-2.4211	NA	NA	NA
7184	-1.6726	NA	NA	0.200183
3306	-0.72165	NA	NA	-0.377642
23640	2.1133	NA	NA	NA
5654	-1.8518	NA	NA	-0.516197
27429	-0.02668	NA	NA	NA
3364	-2.2788	NA	NA	NA
135458	-1.1106	NA	NA	NA
10525	2.5946	NA	NA	NA
285148	1.5619	NA	NA	NA
3375	-3.9145	NA	NA	NA
200205	-1.5458	NA	NA	NA
3386	-1.1973	NA	NA	NA
23308	-1.9604	NA	NA	NA
3399	-0.81236	NA	NA	NA
3430	-0.3041	NA	NA	NA
10964	-8.3153	NA	NA	-0.385013
3437	-3.0741	NA	NA	NA
8519	-3.1856	NA	NA	-0.388332
10410	-6.0619	NA	NA	NA
387733	-2.8757	NA	NA	NA
3454	-4.105	NA	NA	NA
3459	-6.9703	NA	NA	NA
3460	-1.0774	NA	NA	NA
282616	-1.3519	NA	NA	NA
282617	-2.3274	NA	NA	NA
9742	-0.70503	NA	NA	NA
112752	-0.3036	NA	NA	NA
56912	1.1102	NA	NA	NA
51098	0.67697	NA	NA	NA
8100	-0.71519	NA	NA	NA
10644	-1.1518	NA	NA	NA
3482	-0.053508	NA	NA	NA
3490	-2.4736	NA	NA	NA
388555	-6.2929	NA	NA	NA
3508	4.5606	NA	NA	NA
147710	1.2069	NA	NA	NA
93185	2.9515	NA	NA	NA
22807	-0.21475	NA	NA	NA
64375	-0.3212	NA	NA	NA
3589	2.3426	NA	NA	NA
3590	1.5942	NA	NA	NA
400935	-1.0772	NA	NA	NA
10068	-5.5528	NA	NA	NA
8809	-2.5986	NA	NA	NA
50615	-0.73164	NA	NA	NA
51561	1.9237	NA	NA	NA
55801	0.60314	NA	NA	NA
246778	-2.4373	NA	NA	NA
3560	-0.093875	NA	NA	NA
27177	0.035185	NA	NA	NA
286676	-1.39	NA	NA	NA
80895	-0.5685	NA	NA	NA
10994	0.62687	NA	NA	NA
196294	-0.82104	NA	NA	NA
55272	1.1363	NA	NA	NA
3615	-0.069299	NA	NA	NA
3617	2.3638	NA	NA	NA
255783	1.9147	NA	NA	NA
388324	0.56587	NA	NA	NA
3626	-2.059	NA	NA	NA
54891	-1.7814	NA	NA	NA
3628	-0.85332	NA	NA	NA
3636	-2.1073	NA	NA	NA
26173	-1.0938	NA	NA	NA
54973	2.0304	NA	NA	NA
81556	-1.0165	NA	NA	NA
57508	0.79562	NA	NA	NA
80789	0.13571	NA	NA	NA
25896	0.91331	NA	NA	NA
27130	-0.79802	NA	NA	NA
253430	-0.92763	NA	NA	NA
79711	-1.17	NA	NA	NA
55705	-4.3371	NA	NA	NA
64768	1.1321	NA	NA	NA
9657	1.0025	NA	NA	NA
64799	-0.22069	NA	NA	NA
8826	-1.5272	NA	NA	NA
128239	-1.4577	NA	NA	NA
11213	-1.8572	NA	NA	NA
51135	-4.2364	NA	NA	NA
3660	-0.65254	NA	NA	NA
3665	-5.6024	NA	NA	NA
10379	-3.8164	NA	NA	NA
56269	-0.93832	NA	NA	NA
79192	-3.2528	NA	NA	NA
79191	-0.96191	NA	NA	NA
50805	-3.9273	NA	NA	NA
3669	-0.19847	NA	NA	NA
145501	-0.56276	NA	NA	NA
9798	-1.3719	NA	NA	NA
91464	-3.7084	NA	NA	NA
57461	-0.89459	NA	NA	NA
3675	3.6549	NA	NA	NA
3682	-1.2062	NA	NA	NA
3700	1.1033	NA	NA	NA
3707	-4.2952	NA	NA	NA
3710	-0.24334	NA	NA	-0.245201
85450	-2.959	NA	NA	NA
6453	1.3884	NA	NA	NA
3713	-1.9632	NA	NA	NA
55677	-3.3673	NA	NA	NA
182	-0.27119	NA	NA	NA
84522	0.18635	NA	NA	NA
83700	0.35119	NA	NA	NA
51528	0.7484	NA	NA	NA
339123	-0.53202	NA	NA	NA
57158	0.62299	NA	NA	NA
8690	5.3685	NA	NA	NA
10899	1.3367	NA	NA	NA
3726	0.26426	NA	NA	NA
353219	-0.40748	NA	NA	NA
25959	-6.8359	NA	NA	NA
8850	-3.182	NA	NA	NA
10524	0.70524	NA	NA	NA
11104	-2.0258	NA	NA	NA
10300	0.063357	NA	NA	NA
390594	-3.8344	NA	NA	NA
84078	1.6678	NA	NA	NA
7881	1.4937	NA	NA	0.171133
10008	-2.6267	NA	NA	NA
3754	1.9501	NA	NA	NA
3766	-4.0664	NA	NA	NA
3769	-1.4254	NA	NA	NA
8645	-1.89	NA	NA	NA
9424	-0.2139	NA	NA	NA
51305	-0.29381	NA	NA	NA
3780	-3.2872	NA	NA	NA
3786	0.55215	NA	NA	NA
147040	-5.0919	NA	NA	NA
253980	-0.01667	NA	NA	NA
65987	-2.6694	NA	NA	NA
130535	-0.11508	NA	NA	NA
54442	-0.98918	NA	NA	NA
154881	-3.8235	NA	NA	NA
10945	0.26877	NA	NA	NA
11014	0.6857	NA	NA	NA
22992	0.5931	NA	NA	NA
55693	0.44718	NA	NA	0.144924
79831	4.1771	NA	NA	NA
2531	-3.0657	NA	NA	NA
79932	2.4163	NA	NA	NA
57456	-2.4606	NA	NA	NA
85449	-0.2329	NA	NA	NA
158405	-0.38458	NA	NA	NA
90231	0.55864	NA	NA	NA
63971	-0.16944	NA	NA	NA
23303	-2.4815	NA	NA	-0.481497
124602	0.83846	NA	NA	NA
547	-5.766	NA	NA	NA
10112	-5.0538	NA	NA	NA
3834	0.94393	NA	NA	NA
3801	1.8365	NA	NA	NA
115653	-0.91442	NA	NA	NA
55243	-1.7412	NA	NA	NA
3814	-0.21859	NA	NA	NA
84634	-0.79441	NA	NA	NA
10661	-2.1316	NA	NA	NA
136259	-3.1675	NA	NA	NA
83855	2.33	NA	NA	NA
54758	1.271	NA	NA	NA
127707	-3.6642	NA	NA	NA
84861	3.1508	NA	NA	NA
114792	0.099184	NA	NA	NA
55975	-2.7205	NA	NA	NA
43849	-0.48187	NA	NA	NA
43847	-2.7949	NA	NA	NA
55554	-2.606	NA	NA	NA
3817	-1.6614	NA	NA	NA
354	-3.3483	NA	NA	NA
11202	-1.9881	NA	NA	NA
284366	-2.2492	NA	NA	NA
3818	-1.2251	NA	NA	NA
100144748	3.081	NA	NA	NA
9757	2.9396	NA	NA	NA
58508	-1.3519	NA	NA	NA
84787	3.1526	NA	NA	NA
400506	-0.78389	NA	NA	-0.402462
90417	1.02	NA	NA	NA
3836	1.4873	NA	NA	NA
3839	-2.6189	NA	NA	NA
23633	0.26569	NA	NA	NA
3837	-1.8481	NA	NA	0.0916487
124751	0.63172	NA	NA	NA
100506243	-1.1303	NA	NA	NA
51315	-5.2354	NA	NA	NA
3866	-2.2367	NA	NA	NA
3875	-0.70848	NA	NA	-0.125185
3855	-3.1177	NA	NA	NA
196374	-2.0702	NA	NA	NA
3887	-4.1544	NA	NA	NA
3857	-1.2369	NA	NA	NA
81850	-2.2981	NA	NA	NA
386678	0.68736	NA	NA	NA
386685	-2.5669	NA	NA	NA
386682	-0.8079	NA	NA	NA
386674	-0.74967	NA	NA	NA
386681	-2.3829	NA	NA	NA
386676	0.4596	NA	NA	NA
353332	1.4972	NA	NA	NA
353323	0.9153	NA	NA	NA
386683	-0.27684	NA	NA	NA
386684	-1.2974	NA	NA	NA
140258	-6.1936	NA	NA	NA
284827	-3.9497	NA	NA	NA
337882	-3.6233	NA	NA	NA
337972	-5.0683	NA	NA	NA
337974	-0.81953	NA	NA	NA
728299	-4.8592	NA	NA	NA
81872	-2.3553	NA	NA	NA
730755	-1.4791	NA	NA	NA
337976	-1.6937	NA	NA	NA
337977	0.70679	NA	NA	NA
337979	-4.4567	NA	NA	NA
337963	-1.6211	NA	NA	NA
83897	0.0184	NA	NA	NA
85285	-1.6726	NA	NA	NA
653240	-2.2373	NA	NA	NA
83755	-0.50439	NA	NA	NA
84616	-1.0812	NA	NA	NA
387273	-1.9107	NA	NA	NA
440051	-0.91611	NA	NA	NA
387266	0.40483	NA	NA	NA
439915	0.64208	NA	NA	NA
337967	0.037674	NA	NA	NA
337879	-4.7866	NA	NA	NA
200185	-5.1878	NA	NA	NA
56267	-0.56549	NA	NA	NA
112849	-1.9701	NA	NA	NA
3906	-1.2413	NA	NA	NA
3918	-3.6089	NA	NA	NA
3916	-1.8857	NA	NA	NA
10542	-0.91658	NA	NA	NA
51056	-2.8699	NA	NA	NA
120071	-3.1044	NA	NA	NA
23185	-0.16184	NA	NA	NA
9113	2.3878	NA	NA	NA
79081	-1.7834	NA	NA	NA
3930	-2.9555	NA	NA	-0.538918
10660	-1.4668	NA	NA	NA
85474	-0.71502	NA	NA	NA
353131	-3.1768	NA	NA	NA
353133	-1.311	NA	NA	NA
353134	-4.1041	NA	NA	NA
353140	-0.68258	NA	NA	NA
353141	-1.6641	NA	NA	NA
353142	-0.96131	NA	NA	NA
353145	-2.9565	NA	NA	NA
254910	-2.0175	NA	NA	NA
448835	1.1509	NA	NA	NA
9836	5.2894	NA	NA	NA
158062	-0.95221	NA	NA	NA
401562	-1.2433	NA	NA	NA
84458	3.1572	NA	NA	NA
160287	-2.1584	NA	NA	NA
55891	-4.1009	NA	NA	NA
25875	1.9721	NA	NA	NA
56891	-2.6076	NA	NA	NA
3959	-7.985	NA	NA	NA
3965	-1.5515	NA	NA	NA
29094	2.4693	NA	NA	NA
5641	2.6126	NA	NA	NA
10184	-2.7542	NA	NA	NA
3975	-1.5533	NA	NA	NA
8022	-2.9639	NA	NA	NA
3977	-2.9435	NA	NA	-0.471873
3980	-1.7259	NA	NA	NA
3981	0.5636	NA	NA	NA
11024	-3.5809	NA	NA	NA
22998	0.26881	NA	NA	NA
8994	-6.6167	NA	NA	NA
3987	-1.9138	NA	NA	NA
3988	-0.13422	NA	NA	-0.420224
643418	-4.9046	NA	NA	NA
51601	0.11386	NA	NA	NA
387787	-3.233	NA	NA	NA
3998	-1.1632	NA	NA	NA
79748	-2.3409	NA	NA	NA
10960	0.60161	NA	NA	NA
55716	0.15639	NA	NA	NA
55788	0.030409	NA	NA	NA
91289	1.4024	NA	NA	NA
25802	-3.3099	NA	NA	NA
100130357	-1.225	NA	NA	NA
389199	-2.0611	NA	NA	NA
391322	-2.219	NA	NA	NA
400682	-0.51401	NA	NA	NA
91694	2.6342	NA	NA	NA
1902	-3.1423	NA	NA	NA
23175	-2.5212	NA	NA	NA
64900	-3.1366	NA	NA	NA
987	-1.3758	NA	NA	NA
26018	-3.4975	NA	NA	NA
340745	-2.396	NA	NA	NA
4035	0.53934	NA	NA	NA
26020	-1.9185	NA	NA	NA
84918	-0.42703	NA	NA	NA
4040	0.17354	NA	NA	NA
55227	-2.963	NA	NA	-0.555803
390205	-2.3977	NA	NA	NA
131578	-1.433	NA	NA	NA
441381	2.7354	NA	NA	NA
389816	-1.4755	NA	NA	NA
81543	-0.31054	NA	NA	NA
10489	-2.6909	NA	NA	NA
57470	3.453	NA	NA	NA
220416	-5.4535	NA	NA	NA
339977	0.11289	NA	NA	NA
100130733	0.24667	NA	NA	NA
85444	-2.1216	NA	NA	NA
222229	1.4387	NA	NA	NA
27257	-0.56714	NA	NA	NA
84967	1.5915	NA	NA	NA
124801	-1.6758	NA	NA	NA
26065	-2.3592	NA	NA	NA
57819	-1.7922	NA	NA	NA
11157	1.6624	NA	NA	NA
51691	-1.8931	NA	NA	NA
4047	-0.26979	NA	NA	-0.542889
4049	-5.3108	NA	NA	NA
4048	4.6608	NA	NA	NA
1241	-2.8091	NA	NA	NA
56413	-4.1253	NA	NA	NA
4052	-0.75199	NA	NA	NA
4053	-1.3614	NA	NA	NA
4054	-2.4789	NA	NA	NA
54742	-0.57294	NA	NA	NA
55646	-1.9737	NA	NA	-0.183486
4066	-2.5085	NA	NA	NA
137797	-0.56509	NA	NA	NA
27076	-1.4734	NA	NA	NA
11313	-2.4199	NA	NA	NA
116068	-0.22283	NA	NA	NA
84445	0.30747	NA	NA	NA
4074	-1.7159	NA	NA	NA
10586	-1.0767	NA	NA	NA
126868	-2.0466	NA	NA	NA
23499	-5.246	NA	NA	NA
84944	0.97442	NA	NA	NA
84232	-0.54074	NA	NA	NA
389692	-0.11546	NA	NA	NA
4116	0.82402	NA	NA	NA
55110	-0.50046	NA	NA	NA
84549	2.9793	NA	NA	NA
4118	-0.74062	NA	NA	NA
115416	0.28327	NA	NA	NA
10892	0.69992	NA	NA	NA
284358	-4.9823	NA	NA	NA
4125	-7.0403	NA	NA	NA
4123	1.2273	NA	NA	NA
4126	0.46881	NA	NA	NA
79694	0.25818	NA	NA	NA
55201	-2.3763	NA	NA	NA
4214	-3.17	NA	NA	NA
4296	-0.59935	NA	NA	NA
80122	-1.254	NA	NA	NA
10746	-0.19842	NA	NA	NA
6885	-3.2892	NA	NA	NA
9448	-4.2233	NA	NA	NA
11183	-1.3543	NA	NA	NA
9053	-1.6884	NA	NA	NA
55700	1.4881	NA	NA	NA
6300	3.5782	NA	NA	NA
23162	-1.3006	NA	NA	NA
4137	0.53341	NA	NA	NA
65108	-2.9682	NA	NA	NA
2011	-0.60401	NA	NA	NA
4140	-2.7729	NA	NA	NA
83742	-1.4171	NA	NA	NA
116511	-3.4392	NA	NA	NA
22983	2.8944	NA	NA	NA
23139	-2.3363	NA	NA	NA
84930	-1.9378	NA	NA	NA
23383	-0.98742	NA	NA	NA
57506	-1.5677	NA	NA	NA
8930	0.40422	NA	NA	NA
51562	-0.38706	NA	NA	NA
4154	0.57329	NA	NA	NA
27349	-1.6633	NA	NA	NA
4163	-2.5245	NA	NA	NA
401250	-7.1949	NA	NA	NA
4170	-6.3621	NA	NA	NA
8888	1.0345	NA	NA	NA
4173	0.41513	NA	NA	NA
254394	-3.111	NA	NA	NA
4188	-2.1472	NA	NA	NA
56890	0.40212	NA	NA	NA
4194	-0.88421	NA	NA	NA
23195	-1.1369	NA	NA	NA
5469	-2.7535	NA	NA	NA
23389	-0.5504	NA	NA	NA
51586	-0.38076	NA	NA	NA
54797	-2.9415	NA	NA	NA
81857	0.18488	NA	NA	NA
80306	3.4846	NA	NA	NA
10001	2.1987	NA	NA	NA
4210	-1.8048	NA	NA	NA
84466	-0.5289	NA	NA	NA
4221	2.262	NA	NA	NA
145873	-0.79776	NA	NA	NA
254042	-1.3616	NA	NA	NA
79066	-4.7216	NA	NA	NA
79091	0.015324	NA	NA	NA
124512	-2.3854	NA	NA	NA
84326	3.4512	NA	NA	NA
155368	1.8895	NA	NA	NA
55798	-3.5789	NA	NA	NA
64863	-1.4622	NA	NA	NA
84206	1.6685	NA	NA	NA
79157	3.9064	NA	NA	NA
113655	2.3614	NA	NA	NA
84975	1.3004	NA	NA	NA
162387	-1.2738	NA	NA	NA
4247	0.13174	NA	NA	NA
92667	-2.4818	NA	NA	NA
23295	3.7403	NA	NA	NA
4253	-1.8336	NA	NA	NA
79778	0.93993	NA	NA	NA
10367	1.6306	NA	NA	NA
90007	-0.42712	NA	NA	NA
125170	0.36769	NA	NA	NA
84299	0.38511	NA	NA	NA
54531	-1.0569	NA	NA	NA
57409	-1.3577	NA	NA	NA
55793	-3.8246	NA	NA	-0.58819
55586	-5.8633	NA	NA	NA
642587	-4.2106	NA	NA	NA
79003	-1.06	NA	NA	NA
113230	-7.563	NA	NA	NA
129531	-2.1168	NA	NA	NA
83881	-1.8995	NA	NA	NA
7681	0.33066	NA	NA	NA
54903	-1.8381	NA	NA	NA
8079	1.6563	NA	NA	NA
64223	-0.2615	NA	NA	NA
27249	-0.61721	NA	NA	NA
4327	-1.5045	NA	NA	NA
4318	-0.89618	NA	NA	NA
55233	-3.6168	NA	NA	NA
27304	1.5238	NA	NA	NA
22879	-3.475	NA	NA	NA
22880	1.2982	NA	NA	NA
23515	-0.43088	NA	NA	NA
79906	-0.16036	NA	NA	NA
4342	-2.24	NA	NA	NA
4350	1.1347	NA	NA	NA
54737	-0.71629	NA	NA	NA
80739	-3.5484	NA	NA	NA
744	3.0389	NA	NA	NA
4359	-3.2526	NA	NA	NA
114932	2.9546	NA	NA	NA
116534	0.02069	NA	NA	NA
117196	-3.3434	NA	NA	NA
84245	-1.3013	NA	NA	NA
29960	1.2301	NA	NA	NA
727957	-1.0586	NA	NA	NA
65003	-4.5862	NA	NA	NA
28998	-1.7386	NA	NA	NA
63875	0.65476	NA	NA	NA
51069	0.40022	NA	NA	NA
219927	-1.4606	NA	NA	NA
11222	2.6283	NA	NA	NA
64983	-0.0084153	NA	NA	NA
64979	-0.8594	NA	NA	NA
64978	2.7055	NA	NA	NA
64976	-0.83023	NA	NA	NA
84311	1.0901	NA	NA	NA
26589	1.8263	NA	NA	NA
116541	0.4708	NA	NA	NA
78988	-1.3958	NA	NA	NA
65005	2.3457	NA	NA	NA
51373	-0.35126	NA	NA	NA
28973	1.6733	NA	NA	NA
51649	-0.83943	NA	NA	NA
64951	1.2566	NA	NA	NA
23107	4.6094	NA	NA	NA
65993	4.5693	NA	NA	NA
60488	1.5523	NA	NA	NA
51081	-0.18471	NA	NA	NA
2956	0.64036	NA	NA	NA
4440	-1.4109	NA	NA	NA
339287	0.15785	NA	NA	NA
692094	0.079278	NA	NA	NA
4485	-0.54081	NA	NA	NA
55154	0.74465	NA	NA	NA
9112	-0.084469	NA	NA	NA
51001	-0.97274	NA	NA	NA
4520	-2.6995	NA	NA	NA
123263	-0.72385	NA	NA	NA
56181	-1.3398	NA	NA	NA
4524	1.5851	NA	NA	NA
64779	0.66261	NA	NA	NA
54893	-1.9058	NA	NA	NA
9108	-0.23608	NA	NA	NA
2475	-1.971	NA	NA	NA
23517	1.3924	NA	NA	NA
222166	-1.4879	NA	NA	NA
57509	-2.0491	NA	NA	-0.435869
4580	-0.32063	NA	NA	NA
10071	-0.41108	NA	NA	NA
4583	0.21617	NA	NA	NA
4584	-2.6544	NA	NA	NA
4586	-3.9578	NA	NA	NA
727897	-4.2334	NA	NA	NA
4588	-4.0133	NA	NA	NA
4593	-1.238	NA	NA	NA
93343	-1.0448	NA	NA	NA
83463	-2.3336	NA	NA	NA
4605	-1.2316	NA	NA	NA
4610	-3.6658	NA	NA	NA
50804	2.2122	NA	NA	NA
26579	-2.6452	NA	NA	NA
4629	1.1345	NA	NA	NA
79784	-2.6	NA	NA	NA
4621	-1.1894	NA	NA	NA
4627	-3.1086	NA	NA	NA
58498	3.1076	NA	NA	NA
10398	-0.37478	NA	NA	NA
399687	-2.9767	NA	NA	NA
4641	-1.2259	NA	NA	NA
4642	-0.13455	NA	NA	-0.446018
53904	-1.8454	NA	NA	NA
4646	-3.3903	NA	NA	NA
4654	-3.4646	NA	NA	NA
4656	-5.5896	NA	NA	NA
57462	-1.3662	NA	NA	NA
9499	-0.25946	NA	NA	-0.204573
745	-0.6568	NA	NA	NA
80018	1.6351	NA	NA	NA
79903	-2.4527	NA	NA	NA
254827	-2.275	NA	NA	NA
65220	5.1316	NA	NA	NA
55191	0.048677	NA	NA	NA
92345	2.7632	NA	NA	NA
203245	4.3757	NA	NA	NA
4671	-1.3113	NA	NA	NA
259232	-0.31347	NA	NA	NA
79923	-0.51492	NA	NA	NA
342977	3.0063	NA	NA	NA
140838	1.3928	NA	NA	NA
4676	0.63761	NA	NA	NA
93100	2.6994	NA	NA	NA
9476	-1.9523	NA	NA	NA
26502	1.2619	NA	NA	NA
79731	-0.033451	NA	NA	NA
4678	-4.4273	NA	NA	NA
375607	-4.6253	NA	NA	NA
65065	-0.28183	NA	NA	NA
4683	1.4701	NA	NA	NA
23310	1.0015	NA	NA	NA
23397	-0.68456	NA	NA	NA
4686	0.093161	NA	NA	NA
55421	-2.9348	NA	NA	NA
342897	-3.3598	NA	NA	NA
4689	0.56762	NA	NA	NA
4690	-0.23612	NA	NA	NA
57701	-1.4788	NA	NA	NA
4691	-1.2138	NA	NA	NA
8648	-2.0112	NA	NA	NA
8031	0.39074	NA	NA	NA
57727	1.0248	NA	NA	NA
259197	0.73414	NA	NA	NA
23385	0.26427	NA	NA	NA
79625	3.095	NA	NA	NA
27158	-2.5898	NA	NA	NA
10397	-1.666	NA	NA	NA
3340	-3.1274	NA	NA	NA
4695	-1.2704	NA	NA	NA
4697	-2.3964	NA	NA	NA
4702	0.72584	NA	NA	NA
4704	-0.49639	NA	NA	NA
4708	0.70381	NA	NA	NA
4710	-0.68136	NA	NA	NA
4713	2.2265	NA	NA	NA
4722	-0.0059847	NA	NA	NA
4725	1.7416	NA	NA	NA
4728	-0.21683	NA	NA	NA
25977	-1.4105	NA	NA	NA
252969	0.23854	NA	NA	NA
4752	-0.51689	NA	NA	NA
140609	-1.8543	NA	NA	NA
91754	-0.14597	NA	NA	NA
25920	-1.2681	NA	NA	NA
51497	-2.2459	NA	NA	NA
23306	2.927	NA	NA	NA
100131211	-0.14044	NA	NA	NA
4756	-0.28165	NA	NA	NA
10825	-0.52751	NA	NA	NA
140825	0.42342	NA	NA	NA
84461	2.1645	NA	NA	NA
4762	-1.9126	NA	NA	NA
50674	-2.1405	NA	NA	NA
150372	-1.2801	NA	NA	NA
23114	0.66188	NA	NA	NA
4776	-3.1713	NA	NA	NA
4793	-2.081	NA	NA	NA
4798	0.54421	NA	NA	NA
4800	2.5336	NA	NA	NA
51335	-0.78094	NA	NA	NA
79840	-1.575	NA	NA	NA
22795	4.5737	NA	NA	NA
152519	-0.53012	NA	NA	NA
25836	-1.3932	NA	NA	-0.109403
55335	4.5934	NA	NA	NA
4817	1.718	NA	NA	NA
55216	-0.84265	NA	NA	NA
28512	-2.8505	NA	NA	NA
28511	2.7208	NA	NA	NA
4821	-1.2815	NA	NA	NA
159296	-0.86885	NA	NA	NA
1482	0.24184	NA	NA	NA
137814	1.3951	NA	NA	NA
26257	-1.938	NA	NA	NA
57555	2.3711	NA	NA	NA
197358	-4.9936	NA	NA	NA
84166	-0.32256	NA	NA	NA
204801	-3.3637	NA	NA	NA
55655	1.4698	NA	NA	NA
114548	2.2931	NA	NA	NA
338321	-2.8011	NA	NA	NA
10201	-1.4574	NA	NA	NA
29922	2.0321	NA	NA	NA
10316	-0.05497	NA	NA	NA
23530	2.4453	NA	NA	NA
84273	-1.2833	NA	NA	NA
79050	3.1671	NA	NA	NA
25926	0.24647	NA	NA	NA
79159	-1.6554	NA	NA	NA
65083	-4.1872	NA	NA	-0.152026
51406	-1.3719	NA	NA	NA
9221	0.15048	NA	NA	NA
23420	2.1289	NA	NA	NA
55505	0.87831	NA	NA	NA
8602	-4.5542	NA	NA	NA
51070	1.5168	NA	NA	NA
4851	-0.87872	NA	NA	NA
4853	-1.3047	NA	NA	NA
147111	0.058625	NA	NA	NA
23742	-1.1821	NA	NA	NA
4862	1.8502	NA	NA	NA
2831	-0.73774	NA	NA	NA
4864	-1.3893	NA	NA	-0.416728
29881	0.63699	NA	NA	NA
9520	-1.0056	NA	NA	NA
8620	-1.8423	NA	NA	NA
7827	-2.9009	NA	NA	NA
55666	0.044385	NA	NA	NA
4880	2.2651	NA	NA	NA
8131	2.0194	NA	NA	NA
283869	-1.5169	NA	NA	NA
5540	0.72562	NA	NA	NA
441478	-0.56954	NA	NA	NA
29959	3.7916	NA	NA	NA
340371	-1.4914	NA	NA	NA
11270	-0.97374	NA	NA	NA
375387	-2.402	NA	NA	NA
80023	-0.63698	NA	NA	NA
64324	-1.8656	NA	NA	NA
25936	-2.1997	NA	NA	NA
56160	0.24163	NA	NA	NA
22978	-1.7202	NA	NA	NA
115024	0.063312	NA	NA	NA
9423	-2.1248	NA	NA	NA
4917	-2.3625	NA	NA	NA
126147	2.0403	NA	NA	NA
84284	0.99168	NA	NA	NA
10101	-2.4287	NA	NA	NA
80224	1.3434	NA	NA	NA
4924	-2.6875	NA	NA	NA
64710	-0.046472	NA	NA	NA
10726	2.7392	NA	NA	NA
134492	-0.10357	NA	NA	NA
25961	1.9353	NA	NA	NA
390916	-0.20839	NA	NA	NA
53343	-0.52805	NA	NA	NA
26747	0.16955	NA	NA	NA
57532	1.7462	NA	NA	NA
4926	-0.99297	NA	NA	NA
55746	3.7962	NA	NA	NA
8021	1.1379	NA	NA	NA
79023	-3.8038	NA	NA	NA
348995	0.40886	NA	NA	NA
23636	1.6424	NA	NA	NA
10482	-0.45559	NA	NA	NA
11249	3.5854	NA	NA	NA
11247	-3.876	NA	NA	NA
29107	0.25675	NA	NA	NA
222950	0.19349	NA	NA	NA
4938	-4.2244	NA	NA	NA
132299	-2.5106	NA	NA	NA
100506658	0.97657	NA	NA	-0.196765
54953	-2.1084	NA	NA	NA
4967	-0.41842	NA	NA	NA
55239	1.2435	NA	NA	NA
11054	-0.58831	NA	NA	NA
29789	-2.6194	NA	NA	NA
116448	-5.215	NA	NA	NA
10215	-6.0268	NA	NA	NA
93377	-0.97014	NA	NA	NA
26873	-1.7944	NA	NA	NA
341276	-3.1883	NA	NA	NA
283297	-1.1485	NA	NA	NA
144124	-5.588	NA	NA	NA
442194	-5.1065	NA	NA	NA
26534	-1.6119	NA	NA	NA
26538	-2.2924	NA	NA	NA
284433	-3.2151	NA	NA	NA
219960	-0.16807	NA	NA	NA
390201	-0.77438	NA	NA	NA
26531	-1.3596	NA	NA	NA
79290	-3.4911	NA	NA	NA
26219	-0.19754	NA	NA	NA
135941	-1.3683	NA	NA	NA
442361	-1.4973	NA	NA	NA
338755	-1.6828	NA	NA	NA
127623	-4.1273	NA	NA	NA
7932	-4.8438	NA	NA	NA
391196	-1.3616	NA	NA	NA
254879	-1.6599	NA	NA	NA
343171	-0.94287	NA	NA	NA
441932	-4.7343	NA	NA	NA
284383	-0.45205	NA	NA	NA
4994	-3.2865	NA	NA	NA
4995	-2.1659	NA	NA	NA
403253	1.681	NA	NA	NA
124538	-3.1231	NA	NA	NA
219983	-2.3798	NA	NA	NA
390431	-2.387	NA	NA	NA
340980	-0.61055	NA	NA	NA
119774	1.7251	NA	NA	NA
390077	-2.653	NA	NA	NA
120787	-1.619	NA	NA	NA
219965	0.56889	NA	NA	NA
26341	-2.1364	NA	NA	NA
26338	-5.0609	NA	NA	NA
81696	-2.3042	NA	NA	NA
403282	0.89692	NA	NA	NA
390261	-1.2147	NA	NA	NA
125962	-1.1897	NA	NA	NA
219858	-0.17295	NA	NA	NA
84876	-0.042186	NA	NA	NA
4999	-0.0026531	NA	NA	NA
5004	0.61499	NA	NA	NA
10956	2.4923	NA	NA	NA
5007	-0.549	NA	NA	NA
126014	0.057436	NA	NA	NA
51526	2.3986	NA	NA	NA
116039	-0.44567	NA	NA	NA
58505	-0.88989	NA	NA	NA
92736	-1.7663	NA	NA	NA
55611	0.028864	NA	NA	NA
54726	-0.7166	NA	NA	NA
5013	-3.8452	NA	NA	NA
339229	1.4505	NA	NA	NA
54995	-3.5577	NA	NA	NA
5024	-3.4802	NA	NA	NA
5027	-0.86505	NA	NA	NA
10609	-0.45456	NA	NA	NA
5033	-2.4853	NA	NA	NA
5036	-2.7922	NA	NA	NA
11240	-1.3605	NA	NA	-0.441227
54623	-2.5231	NA	NA	NA
51247	-0.5867	NA	NA	NA
400961	-2.952	NA	NA	NA
10298	-0.68657	NA	NA	NA
342979	1.4841	NA	NA	NA
255967	1.2681	NA	NA	NA
55229	2.1524	NA	NA	NA
116337	-1.4312	NA	NA	NA
164091	0.5753	NA	NA	NA
11315	-0.46574	NA	NA	NA
55486	0.43215	NA	NA	NA
84875	-2.5774	NA	NA	NA
57097	-1.5324	NA	NA	NA
64761	-6.0836	NA	NA	NA
56965	0.78078	NA	NA	NA
83666	-1.1983	NA	NA	NA
55010	2.1448	NA	NA	NA
100169851	-3.3281	NA	NA	NA
5078	-4.5383	NA	NA	NA
5083	-4.7627	NA	NA	NA
286257	-0.65371	NA	NA	NA
55193	-1.069	NA	NA	NA
57060	-3.1879	NA	NA	NA
56123	-1.548	NA	NA	NA
56132	-0.92601	NA	NA	NA
56129	1.7096	NA	NA	NA
56108	-2.97	NA	NA	NA
56099	-3.6183	NA	NA	NA
56098	-4.2269	NA	NA	NA
64773	-0.4237	NA	NA	NA
51585	-2.3363	NA	NA	NA
57092	0.66147	NA	NA	NA
22990	-0.15392	NA	NA	NA
399909	3.2297	NA	NA	NA
5118	-3.8441	NA	NA	NA
542767	3.0911	NA	NA	NA
126006	-1.7282	NA	NA	NA
54760	0.21542	NA	NA	NA
9159	-2.1742	NA	NA	NA
255738	0.28663	NA	NA	NA
51449	1.4143	NA	NA	NA
5130	-2.5362	NA	NA	NA
10016	1.6585	NA	NA	NA
201626	-1.594	NA	NA	NA
5137	2.023	NA	NA	NA
5140	1.3738	NA	NA	NA
5158	0.88595	NA	NA	NA
5147	-1.1263	NA	NA	NA
5148	-1.334	NA	NA	NA
5151	-1.5439	NA	NA	NA
9601	0.51142	NA	NA	NA
5166	-1.2115	NA	NA	NA
57107	-0.82227	NA	NA	NA
23042	-1.9205	NA	NA	NA
8566	0.48212	NA	NA	NA
79834	-3.7138	NA	NA	NA
375033	1.1768	NA	NA	NA
5037	5.1454	NA	NA	NA
553115	2.4527	NA	NA	NA
53918	1.1901	NA	NA	NA
27043	2.2545	NA	NA	NA
8800	0.82389	NA	NA	NA
8799	3.3112	NA	NA	NA
5194	1.1694	NA	NA	NA
9409	-3.1717	NA	NA	NA
8504	1.629	NA	NA	NA
5830	-1.5236	NA	NA	NA
5191	0.62611	NA	NA	NA
5203	1.0105	NA	NA	NA
5210	-0.73419	NA	NA	NA
5223	1.7818	NA	NA	NA
5224	-0.1829	NA	NA	NA
27315	-1.4524	NA	NA	NA
5228	-2.3817	NA	NA	NA
5229	-2.2602	NA	NA	NA
55276	-1.7963	NA	NA	NA
5239	0.24586	NA	NA	NA
9489	2.083	NA	NA	NA
11331	1.556	NA	NA	NA
1911	1.5325	NA	NA	NA
5252	-0.86283	NA	NA	NA
51230	0.85574	NA	NA	NA
51317	-1.7731	NA	NA	NA
23469	-1.9285	NA	NA	NA
22822	-0.16793	NA	NA	NA
23187	-3.8866	NA	NA	NA
23239	-2.7926	NA	NA	NA
162466	-2.9935	NA	NA	NA
493911	0.65526	NA	NA	0.199125
401	1.2995	NA	NA	NA
57157	1.2543	NA	NA	NA
85007	-2.473	NA	NA	NA
5266	-0.26879	NA	NA	NA
5298	4.9442	NA	NA	NA
51588	1.5188	NA	NA	NA
8301	-1.6787	NA	NA	NA
9488	-6.3955	NA	NA	NA
54872	-0.20909	NA	NA	NA
5283	0.60112	NA	NA	NA
93183	-1.3632	NA	NA	NA
84720	0.38615	NA	NA	NA
94005	-0.9979	NA	NA	NA
51604	0.46671	NA	NA	NA
80235	0.75523	NA	NA	NA
55011	2.8902	NA	NA	NA
120379	0.73266	NA	NA	NA
5287	-0.37336	NA	NA	NA
23533	-0.9763	NA	NA	NA
5304	-0.85566	NA	NA	NA
8394	0.10849	NA	NA	NA
51268	-1.1602	NA	NA	NA
23761	6.0053	NA	NA	NA
9600	-4.7403	NA	NA	NA
83394	0.87018	NA	NA	NA
5309	-0.89196	NA	NA	NA
9867	1.6093	NA	NA	NA
114780	-0.54624	NA	NA	NA
5311	-3.2183	NA	NA	-0.201971
5317	-1.3335	NA	NA	NA
8502	-3.4064	NA	NA	NA
51365	-0.56131	NA	NA	-0.18376
81579	-1.3841	NA	NA	NA
23659	1.0172	NA	NA	NA
26279	-2.9244	NA	NA	NA
191585	-5.414	NA	NA	NA
51316	-1.5028	NA	NA	NA
153770	4.6778	NA	NA	NA
23228	2.4558	NA	NA	NA
200150	1.7984	NA	NA	NA
55041	0.4805	NA	NA	NA
64857	-1.4575	NA	NA	NA
26030	-1.5756	NA	NA	NA
25894	-1.9832	NA	NA	-0.526187
55200	1.3561	NA	NA	NA
57475	-0.47896	NA	NA	NA
55111	1.1027	NA	NA	NA
84069	-3.9127	NA	NA	NA
55848	-2.9728	NA	NA	NA
729359	-2.4682	NA	NA	NA
5347	0.55321	NA	NA	NA
51090	-0.64598	NA	NA	-0.322102
5350	0.57294	NA	NA	NA
5351	-1.939	NA	NA	NA
5356	1.6131	NA	NA	NA
83483	-0.18821	NA	NA	NA
5364	-5.708	NA	NA	NA
23654	0.748	NA	NA	NA
6490	-6.0459	NA	NA	NA
5371	-1.8056	NA	NA	NA
5376	-0.68165	NA	NA	NA
5378	-1.9974	NA	NA	NA
5395	1.873	NA	NA	NA
11284	-2.8522	NA	NA	NA
9240	3.9512	NA	NA	NA
56902	-0.34798	NA	NA	NA
50640	-2.7763	NA	NA	NA
10957	-3.8946	NA	NA	NA
282809	-0.18788	NA	NA	NA
134359	2.2172	NA	NA	NA
5420	-1.5617	NA	NA	-0.222776
23275	-0.56566	NA	NA	NA
23649	2.9128	NA	NA	NA
5425	-4.8372	NA	NA	NA
84271	-1.7447	NA	NA	NA
5427	-1.505	NA	NA	NA
54107	-3.2951	NA	NA	NA
5428	1.8716	NA	NA	NA
5429	-0.61896	NA	NA	NA
51426	-2.9189	NA	NA	NA
27343	2.0457	NA	NA	NA
27434	0.14908	NA	NA	NA
9533	1.2683	NA	NA	NA
64425	-3.0377	NA	NA	NA
5431	1.5073	NA	NA	NA
5432	-0.97653	NA	NA	NA
5433	1.3654	NA	NA	NA
55718	2.1871	NA	NA	NA
10621	1.193	NA	NA	NA
55624	1.5822	NA	NA	NA
84197	2.827	NA	NA	NA
22932	-1.3098	NA	NA	NA
51367	-0.67945	NA	NA	NA
25913	-0.44798	NA	NA	NA
27068	-0.68961	NA	NA	NA
5473	-2.3161	NA	NA	NA
8541	2.7315	NA	NA	NA
8495	-3.7153	NA	NA	NA
51645	0.45436	NA	NA	NA
5496	1.2096	NA	NA	NA
5498	4.592	NA	NA	NA
54776	-0.6895	NA	NA	NA
23368	-1.5569	NA	NA	NA
23645	0.97505	NA	NA	NA
5504	4.3699	NA	NA	NA
5507	-0.27411	NA	NA	NA
5510	0.38593	NA	NA	NA
5518	1.1184	NA	NA	NA
5523	1.0136	NA	NA	NA
5529	2.2268	NA	NA	NA
5535	1.8828	NA	NA	NA
9989	0.92302	NA	NA	NA
5536	3.7202	NA	NA	NA
23082	2.0474	NA	NA	NA
645425	1.1016	NA	NA	NA
5544	-2.4146	NA	NA	NA
5546	-3.2372	NA	NA	NA
11108	-0.14847	NA	NA	NA
93166	0.75891	NA	NA	NA
7001	-0.15375	NA	NA	NA
10650	3.9171	NA	NA	NA
57580	-1.3166	NA	NA	NA
5551	-3.25	NA	NA	NA
145270	-1.7711	NA	NA	NA
5589	-2.9175	NA	NA	NA
25865	-0.50811	NA	NA	NA
8575	-1.1016	NA	NA	NA
79706	-3.3321	NA	NA	NA
51052	0.023294	NA	NA	NA
2834	-2.1907	NA	NA	NA
5620	-2.1787	NA	NA	NA
58531	0.77532	NA	NA	NA
3276	-1.0358	NA	NA	NA
10196	-2.75	NA	NA	NA
10419	0.14649	NA	NA	NA
10544	-4.8799	NA	NA	NA
10887	-1.7568	NA	NA	NA
8842	-0.67366	NA	NA	NA
5626	-3.315	NA	NA	NA
8559	-0.15017	NA	NA	NA
27339	2.6883	NA	NA	NA
26121	0.89182	NA	NA	NA
9128	0.47996	NA	NA	NA
25766	-1.7174	NA	NA	NA
24148	1.8968	NA	NA	NA
10594	3.898	NA	NA	NA
5636	-0.79797	NA	NA	NA
55771	-0.79726	NA	NA	NA
253143	0.057055	NA	NA	NA
222171	-1.205	NA	NA	NA
79170	-1.9118	NA	NA	NA
285800	-0.49818	NA	NA	NA
388199	-6.1582	NA	NA	NA
146325	-3.2303	NA	NA	NA
7916	0.23444	NA	NA	NA
23215	-7.6738	NA	NA	NA
5639	0.96944	NA	NA	NA
51450	-2.1687	NA	NA	NA
10942	-0.24354	NA	NA	NA
146547	-2.0609	NA	NA	NA
29122	-1.7061	NA	NA	NA
56952	-4.2251	NA	NA	NA
57716	-0.5221	NA	NA	NA
5660	1.8177	NA	NA	NA
84249	-0.69024	NA	NA	NA
5663	-1.4319	NA	NA	NA
5691	0.93174	NA	NA	NA
5692	0.92616	NA	NA	NA
5698	-1.4984	NA	NA	NA
29893	-4.291	NA	NA	NA
5704	-4.1609	NA	NA	NA
5705	-0.57672	NA	NA	NA
5706	1.2976	NA	NA	NA
5717	-0.11967	NA	NA	NA
10213	-3.4712	NA	NA	NA
5708	-0.81926	NA	NA	NA
5709	0.84972	NA	NA	NA
5711	-1.017	NA	NA	NA
9491	2.0345	NA	NA	NA
8624	1.8372	NA	NA	NA
389362	-0.08436	NA	NA	NA
170680	-2.9699	NA	NA	NA
5623	-2.2015	NA	NA	NA
84722	1.5824	NA	NA	NA
118672	-1.9919	NA	NA	NA
375743	-1.9807	NA	NA	NA
79810	1.75	NA	NA	NA
55037	-0.6928	NA	NA	NA
8643	3.0671	NA	NA	NA
171558	-1.3646	NA	NA	NA
81490	0.15389	NA	NA	NA
5728	-0.51885	NA	NA	NA
5731	2.015	NA	NA	NA
5732	-2.8299	NA	NA	NA
80142	0.79165	NA	NA	NA
10728	2.6475	NA	NA	NA
5739	-2.8573	NA	NA	NA
113091	0.84131	NA	NA	NA
5757	-1.5939	NA	NA	NA
5763	-1.6419	NA	NA	NA
5770	0.50229	NA	NA	NA
26191	-3.1678	NA	NA	NA
25930	2.2068	NA	NA	NA
5787	-0.88353	NA	NA	NA
5790	-4.5869	NA	NA	NA
5798	1.4406	NA	NA	NA
23369	0.25964	NA	NA	NA
150962	1.5918	NA	NA	NA
83480	0.88002	NA	NA	NA
54517	-0.49549	NA	NA	NA
114825	3.3372	NA	NA	NA
54899	-0.58316	NA	NA	NA
29920	0.21142	NA	NA	NA
5837	-4.1531	NA	NA	NA
84795	-1.4321	NA	NA	NA
5697	0.21606	NA	NA	NA
9444	-1.0353	NA	NA	NA
54870	2.2693	NA	NA	NA
55278	-2.0938	NA	NA	NA
79832	-1.6499	NA	NA	NA
169714	-0.9377	NA	NA	NA
81890	0.025025	NA	NA	NA
203069	0.27264	NA	NA	NA
5861	-0.070408	NA	NA	NA
81876	-0.5661	NA	NA	NA
9364	1.1138	NA	NA	NA
83452	1.9156	NA	NA	NA
5864	0.85062	NA	NA	NA
115273	-4.761	NA	NA	NA
5878	-2.705	NA	NA	NA
150786	-0.74199	NA	NA	NA
7879	-2.8492	NA	NA	NA
4218	0.4736	NA	NA	NA
55684	-4.3485	NA	NA	NA
5881	-2.1259	NA	NA	NA
10399	-2.1432	NA	NA	NA
56852	4.7777	NA	NA	NA
5886	1.0456	NA	NA	NA
10111	0.049578	NA	NA	NA
5888	1.8021	NA	NA	NA
8438	-0.39237	NA	NA	NA
5883	-0.36782	NA	NA	NA
5894	1.3135	NA	NA	NA
10266	-4.2737	NA	NA	NA
8498	1.0769	NA	NA	NA
5905	-3.431	NA	NA	NA
29098	0.41264	NA	NA	NA
5906	-4.4549	NA	NA	NA
23108	1.0206	NA	NA	0.130409
5911	2.4786	NA	NA	NA
10411	-4.9193	NA	NA	NA
5919	-1.9774	NA	NA	NA
57038	-3.1416	NA	NA	NA
5921	1.7756	NA	NA	NA
115727	-2.3054	NA	NA	NA
125950	-2.6433	NA	NA	NA
10741	-3.0434	NA	NA	NA
10616	-0.53228	NA	NA	NA
5933	-4.2186	NA	NA	NA
54033	1.0003	NA	NA	NA
84991	-3.6478	NA	NA	NA
92400	4.0427	NA	NA	NA
55147	0.73048	NA	NA	NA
79171	-1.5837	NA	NA	NA
375287	0.38801	NA	NA	NA
129831	2.6474	NA	NA	NA
5939	-3.2264	NA	NA	NA
494115	0.30992	NA	NA	NA
11123	1.1862	NA	NA	NA
23186	2.1814	NA	NA	NA
283248	0.14626	NA	NA	NA
112724	1.2522	NA	NA	NA
57665	-0.62017	NA	NA	NA
8608	-1.0571	NA	NA	NA
5962	-3.8525	NA	NA	NA
8434	1.7571	NA	NA	NA
5970	-3.7702	NA	NA	NA
56729	0.066946	NA	NA	NA
84666	-2.1895	NA	NA	NA
162427	1.8266	NA	NA	NA
55049	1.4822	NA	NA	NA
57109	-0.42284	NA	NA	NA
5982	1.9012	NA	NA	NA
5986	2.0985	NA	NA	NA
130132	-3.1176	NA	NA	NA
55159	0.74533	NA	NA	NA
5989	-2.5045	NA	NA	0.0227873
28984	-3.7285	NA	NA	NA
6003	-5.0178	NA	NA	NA
388531	0.59095	NA	NA	NA
84236	-1.1517	NA	NA	NA
64285	-0.96507	NA	NA	NA
9028	2.6624	NA	NA	NA
54933	-1.4879	NA	NA	-0.490383
83695	5.4465	NA	NA	NA
388	-1.1714	NA	NA	NA
29984	-1.4388	NA	NA	NA
58480	-0.73483	NA	NA	NA
57589	-1.7192	NA	NA	NA
79608	5.7754	NA	NA	NA
83732	-0.2161	NA	NA	NA
55781	1.3088	NA	NA	NA
8780	1.2227	NA	NA	NA
79697	3.5902	NA	NA	NA
134701	-0.022633	NA	NA	NA
53820	-0.36475	NA	NA	NA
117579	-0.13228	NA	NA	NA
55177	-1.8821	NA	NA	NA
6035	-0.67956	NA	NA	-0.318731
440163	-0.20444	NA	NA	NA
9921	1.665	NA	NA	NA
7844	-1.1176	NA	NA	NA
140432	-0.23383	NA	NA	NA
55298	1.6691	NA	NA	NA
79845	-0.13157	NA	NA	NA
63891	1.9077	NA	NA	NA
55658	-3.955	NA	NA	NA
9604	1.4505	NA	NA	NA
153830	3.9695	NA	NA	NA
81847	0.21733	NA	NA	NA
284996	4.265	NA	NA	NA
146310	-0.72732	NA	NA	NA
254225	0.55066	NA	NA	NA
81790	1.4293	NA	NA	NA
91445	0.13248	NA	NA	NA
149603	1.322	NA	NA	NA
388591	-1.9777	NA	NA	NA
57674	-3.3027	NA	NA	NA
54476	0.92443	NA	NA	NA
643904	-3.1061	NA	NA	NA
64320	2.9185	NA	NA	NA
55072	-1.3703	NA	NA	NA
80196	3.4398	NA	NA	NA
10193	6.0165	NA	NA	NA
22838	-1.8322	NA	NA	NA
6050	-1.5087	NA	NA	NA
57140	1.268	NA	NA	NA
10921	-1.021	NA	NA	NA
4919	-1.6177	NA	NA	NA
6117	2.2568	NA	NA	NA
6119	-0.76208	NA	NA	NA
6135	-2.6784	NA	NA	NA
6143	-3.0206	NA	NA	NA
6146	-2.2749	NA	NA	NA
51121	-0.49362	NA	NA	NA
6165	-1.3501	NA	NA	NA
6123	-2.029	NA	NA	NA
6184	1.4894	NA	NA	NA
55197	3.9659	NA	NA	NA
58490	2.9158	NA	NA	NA
6207	-4.811	NA	NA	NA
6234	-1.3797	NA	NA	NA
6193	-1.4575	NA	NA	NA
113000	1.593	NA	NA	NA
285367	0.56182	NA	NA	NA
84881	3.6002	NA	NA	NA
10670	2.959	NA	NA	NA
64121	2.2536	NA	NA	NA
6238	-5.3835	NA	NA	NA
6240	3.834	NA	NA	NA
23378	-0.35764	NA	NA	NA
9136	0.42062	NA	NA	NA
51773	-1.8943	NA	NA	NA
26156	1.2169	NA	NA	NA
81492	-2.3243	NA	NA	NA
89970	0.61437	NA	NA	NA
65117	1.5269	NA	NA	NA
23168	-0.58142	NA	NA	NA
6242	-6.2328	NA	NA	NA
64108	-0.32995	NA	NA	NA
51637	-0.9692	NA	NA	NA
80230	-2.9108	NA	NA	NA
23623	-1.1303	NA	NA	NA
8607	-3.6126	NA	NA	NA
10856	0.91441	NA	NA	NA
201965	1.3005	NA	NA	-0.160326
57402	-3.8747	NA	NA	NA
6276	-1.9621	NA	NA	NA
6279	-1.8595	NA	NA	NA
6286	-0.93773	NA	NA	NA
8698	1.236	NA	NA	NA
6288	-2.0561	NA	NA	NA
6294	-2.2069	NA	NA	NA
6299	-2.2369	NA	NA	NA
140700	-0.98221	NA	NA	NA
25939	-0.94256	NA	NA	NA
25813	0.55757	NA	NA	NA
100316904	-0.22984	NA	NA	NA
9092	-0.32063	NA	NA	NA
9733	-0.68169	NA	NA	NA
23328	-3.1378	NA	NA	NA
388228	-1.1455	NA	NA	NA
646643	-0.10413	NA	NA	NA
58506	-3.8333	NA	NA	NA
22828	-0.86394	NA	NA	NA
10067	-0.18931	NA	NA	NA
113178	-3.4044	NA	NA	NA
51435	-0.79704	NA	NA	NA
8578	0.38672	NA	NA	NA
23256	1.9723	NA	NA	NA
6447	2.7134	NA	NA	NA
7356	-2.9504	NA	NA	NA
147199	-2.3232	NA	NA	NA
4250	-2.4817	NA	NA	NA
284402	0.88344	NA	NA	NA
117156	-1.2193	NA	NA	NA
6329	-3.3947	NA	NA	NA
6338	-1.1596	NA	NA	NA
9997	2.6144	NA	NA	NA
23513	-2.1311	NA	NA	NA
9805	-3.4632	NA	NA	NA
85508	-1.3536	NA	NA	NA
6343	-0.071218	NA	NA	NA
6344	-0.49179	NA	NA	NA
6382	-3.4113	NA	NA	NA
6383	-4.5309	NA	NA	NA
163859	3.1986	NA	NA	NA
6388	2.2706	NA	NA	NA
51150	-1.1426	NA	NA	NA
56948	-1.3476	NA	NA	NA
645832	-1.6697	NA	NA	NA
6396	-0.18551	NA	NA	NA
10802	5.7428	NA	NA	NA
29927	-0.70633	NA	NA	NA
23480	-0.67242	NA	NA	-0.0489399
9728	-0.18001	NA	NA	NA
9403	-3.2968	NA	NA	NA
140606	-1.565	NA	NA	NA
51714	-1.3692	NA	NA	NA
7869	-0.35236	NA	NA	NA
10509	-1.5251	NA	NA	NA
10507	-0.67913	NA	NA	-0.44892
10500	0.70816	NA	NA	NA
6407	-0.86339	NA	NA	NA
26168	5.9148	NA	NA	NA
123228	1.3725	NA	NA	NA
51091	-2.2681	NA	NA	NA
256987	-2.1271	NA	NA	NA
387923	2.9697	NA	NA	NA
12	-2.8197	NA	NA	NA
866	-6.404	NA	NA	NA
5269	-3.1702	NA	NA	NA
710	0.61024	NA	NA	NA
6418	-7.4547	NA	NA	NA
9739	-0.18546	NA	NA	NA
55209	-0.066206	NA	NA	NA
7536	1.142	NA	NA	NA
10291	-1.1286	NA	NA	NA
8175	1.4915	NA	NA	NA
10946	-2.0398	NA	NA	NA
10992	-2.0635	NA	NA	NA
10262	-0.97726	NA	NA	NA
83443	0.48748	NA	NA	NA
6421	-2.1061	NA	NA	NA
6433	-4.4566	NA	NA	NA
84826	1.5985	NA	NA	NA
81855	1.4832	NA	NA	NA
6442	0.77051	NA	NA	NA
6443	-1.8857	NA	NA	NA
112869	0.84047	NA	NA	NA
6446	-1.8018	NA	NA	NA
10110	-0.39452	NA	NA	NA
23678	-1.833	NA	NA	NA
259230	-0.83513	NA	NA	NA
81537	1.038	NA	NA	NA
27352	5.3325	NA	NA	NA
6449	-0.92163	NA	NA	NA
25970	0.5891	NA	NA	NA
10603	-1.7365	NA	NA	NA
10044	5.0154	NA	NA	NA
284948	-1.7697	NA	NA	NA
6452	-2.2141	NA	NA	NA
23677	-4.5568	NA	NA	NA
6455	0.98143	NA	NA	NA
9644	-3.5131	NA	NA	-0.324706
79628	-0.2128	NA	NA	NA
26751	-1.2525	NA	NA	NA
6462	0.87523	NA	NA	NA
399694	-1.6489	NA	NA	-0.452369
92799	-0.075024	NA	NA	NA
23729	-1.0542	NA	NA	NA
55164	0.30148	NA	NA	NA
134549	-0.30123	NA	NA	NA
100049587	-2.987	NA	NA	NA
284266	-4.477	NA	NA	NA
10280	-0.43894	NA	NA	NA
375484	0.90747	NA	NA	NA
25942	4.6788	NA	NA	NA
6494	-1.9696	NA	NA	NA
10326	2.1911	NA	NA	NA
55423	-0.050644	NA	NA	NA
147912	-1.5779	NA	NA	NA
6500	0.074056	NA	NA	NA
6502	1.2368	NA	NA	NA
122060	-2.7799	NA	NA	-0.392356
6504	-0.64463	NA	NA	NA
89886	-2.1696	NA	NA	NA
84068	-1.8846	NA	NA	NA
6556	-0.95664	NA	NA	NA
64849	-1.0886	NA	NA	NA
284111	-0.68581	NA	NA	NA
6566	-2.3899	NA	NA	NA
162515	-0.029717	NA	NA	NA
201232	2.7296	NA	NA	NA
10050	-5.3114	NA	NA	NA
63910	-2.3802	NA	NA	NA
6571	-5.4868	NA	NA	NA
6505	0.64925	NA	NA	NA
6510	-0.20916	NA	NA	NA
116085	-0.94669	NA	NA	NA
9389	1.2534	NA	NA	NA
55356	-1.253	NA	NA	NA
51310	1.0885	NA	NA	NA
146429	-1.7463	NA	NA	NA
9962	-4.6315	NA	NA	NA
151295	-1.5171	NA	NA	NA
283652	-1.3388	NA	NA	NA
8402	1.5922	NA	NA	NA
788	-2.5503	NA	NA	NA
29957	2.0574	NA	NA	NA
123096	-0.64517	NA	NA	NA
84275	-0.91348	NA	NA	NA
399512	-0.89511	NA	NA	NA
54977	1.7011	NA	NA	NA
283600	-0.24975	NA	NA	NA
92014	-3.1998	NA	NA	NA
147407	0.64894	NA	NA	NA
1836	0.96273	NA	NA	NA
376497	-2.5471	NA	NA	NA
144195	0.076292	NA	NA	NA
6515	0.034306	NA	NA	NA
55676	-0.54181	NA	NA	NA
10463	1.4539	NA	NA	NA
142680	-3.8059	NA	NA	NA
23443	-0.89386	NA	NA	NA
51006	1.3652	NA	NA	NA
23169	1.1181	NA	NA	NA
11046	-0.73055	NA	NA	NA
339665	0.057103	NA	NA	NA
80255	0.25862	NA	NA	NA
54978	-1.3292	NA	NA	NA
80723	2.5781	NA	NA	NA
146861	-3.4384	NA	NA	NA
643664	-3.5206	NA	NA	NA
2542	-0.12165	NA	NA	NA
124565	1.4985	NA	NA	NA
55238	-0.58413	NA	NA	NA
27173	-0.58244	NA	NA	NA
55334	2.7957	NA	NA	NA
54946	-0.28028	NA	NA	NA
23446	-1.1897	NA	NA	NA
55652	0.99821	NA	NA	NA
22950	0.45261	NA	NA	NA
57835	-0.32625	NA	NA	NA
55065	1.4474	NA	NA	NA
113278	-2.2245	NA	NA	NA
125206	-4.6265	NA	NA	NA
6526	-0.58892	NA	NA	NA
6529	-0.55589	NA	NA	NA
6538	-0.093186	NA	NA	NA
348932	-2.758	NA	NA	NA
6531	-3.4514	NA	NA	NA
56301	-1.6173	NA	NA	NA
6549	-0.33948	NA	NA	NA
23315	-0.23383	NA	NA	NA
285195	-2.2715	NA	NA	NA
150159	1.4591	NA	NA	NA
133308	5.6722	NA	NA	NA
6579	-0.45249	NA	NA	NA
11309	-4.1747	NA	NA	NA
55719	0.73302	NA	NA	NA
55106	-2.3412	NA	NA	NA
6590	0.4957	NA	NA	NA
57152	-0.28124	NA	NA	NA
128710	-1.3489	NA	NA	NA
6595	-1.3133	NA	NA	NA
6597	0.34745	NA	NA	NA
6598	0.35439	NA	NA	NA
9126	-1.143	NA	NA	NA
440087	-1.1251	NA	NA	NA
140775	-0.18868	NA	NA	NA
91689	-0.99428	NA	NA	NA
23049	0.29644	NA	NA	NA
23381	0.67086	NA	NA	NA
23293	-3.7376	NA	NA	NA
643155	0.86357	NA	NA	NA
440335	-1.2174	NA	NA	NA
10285	1.0353	NA	NA	NA
55627	1.0265	NA	NA	NA
10924	0.44948	NA	NA	NA
26952	-0.92397	NA	NA	NA
57154	-1.0358	NA	NA	NA
64750	-0.59623	NA	NA	NA
10322	5.8637	NA	NA	NA
8773	-1.4849	NA	NA	NA
116841	4.0171	NA	NA	NA
6617	0.85773	NA	NA	NA
6619	-3.2325	NA	NA	NA
11267	-0.77926	NA	NA	NA
284677	2.2802	NA	NA	NA
79753	4.9289	NA	NA	NA
23020	-0.25289	NA	NA	NA
6625	-1.8468	NA	NA	NA
6626	0.34222	NA	NA	NA
6628	1.6399	NA	NA	NA
6632	-0.83167	NA	NA	NA
6633	-0.89401	NA	NA	NA
6635	-0.70964	NA	NA	NA
6636	-1.3541	NA	NA	NA
4809	3.32	NA	NA	NA
29916	1.4955	NA	NA	NA
57231	3.6238	NA	NA	NA
9784	0.64889	NA	NA	NA
112574	-2.6107	NA	NA	NA
399979	-0.10201	NA	NA	NA
79856	-2.5075	NA	NA	NA
169166	2.4474	NA	NA	NA
27131	-1.5861	NA	NA	NA
58533	-1.0179	NA	NA	-0.458852
8651	-2.165	NA	NA	NA
9306	-5.2182	NA	NA	NA
6655	-1.7415	NA	NA	NA
6656	-1.2659	NA	NA	NA
6663	-2.1061	NA	NA	NA
9580	-2.756	NA	NA	NA
54345	-0.087042	NA	NA	NA
30812	0.3854	NA	NA	NA
11262	-0.83459	NA	NA	NA
93349	-3.3275	NA	NA	NA
6668	-1.5795	NA	NA	NA
6671	0.13603	NA	NA	NA
121340	-3.0814	NA	NA	NA
9552	-3.4814	NA	NA	NA
26206	-1.4523	NA	NA	NA
128497	-0.21943	NA	NA	NA
124044	-3.8476	NA	NA	NA
124783	-3.8645	NA	NA	NA
55064	6.2991	NA	NA	NA
28972	-0.74765	NA	NA	NA
285955	-2.8035	NA	NA	NA
441272	2.0005	NA	NA	NA
25876	-3.3949	NA	NA	NA
201243	0.99522	NA	NA	NA
80208	-2.5898	NA	NA	NA
51324	-2.4782	NA	NA	NA
6687	0.36462	NA	NA	NA
6688	-1.3803	NA	NA	NA
10927	0.45282	NA	NA	NA
84651	-3.4185	NA	NA	NA
6693	-1.9029	NA	NA	NA
83985	-0.88846	NA	NA	NA
51490	0.60445	NA	NA	NA
84888	-0.74496	NA	NA	NA
56928	-0.62145	NA	NA	NA
162540	-1.9666	NA	NA	NA
200734	1.0402	NA	NA	NA
399473	1.582	NA	NA	NA
6698	-2.6496	NA	NA	NA
6707	-0.4091	NA	NA	NA
10253	0.69476	NA	NA	NA
6709	1.1396	NA	NA	NA
6711	-4.6848	NA	NA	NA
6712	-3.5413	NA	NA	NA
9517	-2.7873	NA	NA	NA
8878	2.0692	NA	NA	NA
55133	0.34293	NA	NA	NA
6714	1.6132	NA	NA	NA
10847	-1.055	NA	NA	NA
80725	-2.5495	NA	NA	NA
6727	1.4129	NA	NA	NA
6729	-0.22948	NA	NA	NA
6730	2.1336	NA	NA	NA
6731	0.52901	NA	NA	NA
6733	1.9645	NA	NA	NA
10250	-0.57433	NA	NA	-0.10801
23524	5.694	NA	NA	NA
51593	-1.1602	NA	NA	NA
10772	1.4808	NA	NA	NA
6427	-2.4697	NA	NA	NA
6428	0.073383	NA	NA	NA
6429	-0.99885	NA	NA	NA
8683	2.0782	NA	NA	NA
6760	-3.1869	NA	NA	NA
51188	0.60798	NA	NA	NA
6741	-1.766	NA	NA	NA
54434	-1.3256	NA	NA	NA
6746	-0.28186	NA	NA	NA
6753	-1.5347	NA	NA	NA
6754	-4.2762	NA	NA	NA
29101	1.1752	NA	NA	NA
6767	0.19074	NA	NA	NA
6768	-3.8271	NA	NA	NA
9705	-1.0687	NA	NA	-0.385235
27090	-3.2003	NA	NA	NA
7982	5.5793	NA	NA	NA
8128	-1.0796	NA	NA	NA
10948	-4.1979	NA	NA	NA
6773	3.4454	NA	NA	NA
6774	-3.8592	NA	NA	NA
6776	-1.2082	NA	NA	NA
6777	1.3809	NA	NA	NA
55240	0.70524	NA	NA	NA
10963	1.6664	NA	NA	NA
6788	-1.6782	NA	NA	NA
6789	0.8214	NA	NA	NA
81551	-0.015799	NA	NA	NA
647087	-0.24221	NA	NA	NA
30968	2.0888	NA	NA	NA
64220	-0.97339	NA	NA	NA
3703	2.8346	NA	NA	NA
8677	1.3759	NA	NA	NA
55014	-7.4432	NA	NA	NA
53407	-0.28799	NA	NA	NA
6809	4.7057	NA	NA	NA
6811	1.1179	NA	NA	NA
6815	1.1222	NA	NA	NA
8802	-2.3233	NA	NA	NA
57794	1.4068	NA	NA	NA
6817	-0.87664	NA	NA	NA
7341	-0.9712	NA	NA	NA
387082	0.11467	NA	NA	NA
25777	-0.45039	NA	NA	NA
6821	1.1009	NA	NA	NA
6830	-1.1548	NA	NA	NA
6835	1.5595	NA	NA	0.245464
79723	-1.0781	NA	NA	NA
374969	-0.86697	NA	NA	NA
79987	4.3959	NA	NA	NA
100130958	-2.5903	NA	NA	NA
85360	0.92233	NA	NA	NA
8189	0.74552	NA	NA	NA
81493	-0.79792	NA	NA	NA
161176	-2.3453	NA	NA	NA
8831	-2.3864	NA	NA	NA
9144	-0.88175	NA	NA	-0.352219
79933	-0.47826	NA	NA	NA
90196	-0.78285	NA	NA	NA
9066	-1.3682	NA	NA	NA
84447	1.9752	NA	NA	NA
9287	-5.0351	NA	NA	NA
9038	-2.7378	NA	NA	NA
83551	-4.1696	NA	NA	NA
10454	0.66914	NA	NA	NA
255061	-0.15168	NA	NA	NA
51204	1.97	NA	NA	NA
10474	1.7156	NA	NA	NA
8148	-2.0737	NA	NA	NA
138474	-1.5701	NA	NA	NA
6874	-1.7507	NA	NA	NA
10629	-0.85381	NA	NA	NA
6879	-0.57028	NA	NA	NA
6880	2.3629	NA	NA	NA
6876	0.14855	NA	NA	NA
6886	-2.7805	NA	NA	NA
6887	-1.7377	NA	NA	NA
51347	-1.0427	NA	NA	NA
55080	-4.0264	NA	NA	NA
441864	-0.60746	NA	NA	NA
80222	-0.43146	NA	NA	NA
80835	-2.3699	NA	NA	NA
259285	-3.9724	NA	NA	NA
338398	-3.519	NA	NA	NA
6898	1.2911	NA	NA	NA
219793	-1.291	NA	NA	NA
26000	1.0595	NA	NA	NA
128637	0.38621	NA	NA	NA
55633	1.7134	NA	NA	NA
55773	0.090148	NA	NA	NA
96597	-5.8495	NA	NA	NA
254272	0.10759	NA	NA	NA
221322	1.0024	NA	NA	NA
9779	-0.55983	NA	NA	NA
55171	0.30378	NA	NA	NA
93627	-1.414	NA	NA	NA
29110	1.9377	NA	NA	NA
9755	-2.1321	NA	NA	NA
79718	4.5316	NA	NA	NA
10607	2.2635	NA	NA	NA
6908	1.6389	NA	NA	NA
6910	-3.0296	NA	NA	NA
6862	-4.5844	NA	NA	NA
6917	-1.0042	NA	NA	NA
127428	-0.20641	NA	NA	NA
6938	-2.5109	NA	NA	NA
6939	-0.51395	NA	NA	NA
150921	-1.6959	NA	NA	NA
22980	1.9759	NA	NA	NA
6929	-1.4615	NA	NA	NA
6932	-2.5528	NA	NA	NA
10312	-4.7531	NA	NA	NA
9623	-2.6029	NA	NA	NA
55346	1.8635	NA	NA	NA
255394	-0.58459	NA	NA	NA
26123	-6.0124	NA	NA	NA
55775	0.93494	NA	NA	NA
126668	-0.94929	NA	NA	-0.365396
157695	0.30089	NA	NA	NA
25851	0.32452	NA	NA	NA
9894	-0.73	NA	NA	NA
7011	-2.2088	NA	NA	NA
7015	1.102	NA	NA	NA
7016	1.778	NA	NA	NA
10420	-2.6224	NA	NA	NA
54881	3.5518	NA	NA	NA
83639	1.606	NA	NA	NA
55852	-1.1523	NA	NA	NA
165100	-2.241	NA	NA	NA
7024	1.7442	NA	NA	NA
7031	-4.5256	NA	NA	NA
7033	-0.95933	NA	NA	NA
10342	-4.2646	NA	NA	NA
7035	0.51881	NA	NA	NA
7036	-1.4355	NA	NA	NA
23483	-7.5883	NA	NA	NA
7041	-0.92778	NA	NA	NA
7042	-0.58855	NA	NA	NA
7043	-2.4043	NA	NA	NA
7048	-7.4616	NA	NA	NA
7049	-1.2313	NA	NA	NA
7050	-0.77722	NA	NA	NA
96764	0.40043	NA	NA	NA
7054	-6.1475	NA	NA	NA
63892	0.10856	NA	NA	NA
57215	0.21654	NA	NA	NA
51078	-0.16826	NA	NA	NA
168451	-0.15759	NA	NA	NA
79725	-0.33557	NA	NA	NA
7057	-3.059	NA	NA	NA
7058	-0.53838	NA	NA	NA
80145	1.0569	NA	NA	NA
9967	1.4592	NA	NA	NA
55623	-1.3918	NA	NA	NA
25917	0.37598	NA	NA	NA
29087	-3.5462	NA	NA	NA
7073	-2.3231	NA	NA	NA
201798	-0.83732	NA	NA	NA
91151	2.8141	NA	NA	NA
29928	1.4004	NA	NA	NA
90580	5.8094	NA	NA	NA
26520	-3.545	NA	NA	NA
26277	-5.0105	NA	NA	NA
261726	0.60388	NA	NA	NA
93643	-1.2107	NA	NA	NA
7082	-1.8879	NA	NA	NA
27134	-2.8923	NA	NA	NA
7093	0.021785	NA	NA	-0.473718
7094	-2.6485	NA	NA	NA
59274	2.2931	NA	NA	NA
54106	-1.4171	NA	NA	NA
3195	-4.4964	NA	NA	NA
30012	-2.7597	NA	NA	NA
83877	-2.307	NA	NA	NA
4071	-2.7838	NA	NA	NA
53345	-1.7904	NA	NA	NA
10548	-2.5433	NA	NA	NA
56889	2.1181	NA	NA	NA
64114	-5.1348	NA	NA	NA
11322	-2.1524	NA	NA	-0.393791
79905	-0.36327	NA	NA	-0.398047
54499	-2.2938	NA	NA	NA
10959	-1.1027	NA	NA	NA
51014	-1.3875	NA	NA	NA
54868	-1.0039	NA	NA	NA
284186	-0.39739	NA	NA	NA
54664	0.15571	NA	NA	NA
283953	-2.5551	NA	NA	NA
89894	-1.1046	NA	NA	NA
338773	-5.6807	NA	NA	NA
114908	-2.3271	NA	NA	NA
55863	0.72565	NA	NA	NA
80194	-1.3116	NA	NA	NA
65084	-2.9688	NA	NA	NA
51524	-0.7511	NA	NA	NA
55314	-0.23448	NA	NA	NA
10430	0.046092	NA	NA	NA
54929	1.1449	NA	NA	NA
81615	-1.7947	NA	NA	NA
134288	-1.0858	NA	NA	NA
84286	-0.77136	NA	NA	NA
92703	3.6174	NA	NA	NA
147007	3.9662	NA	NA	NA
94107	1.5465	NA	NA	NA
54867	-1.0347	NA	NA	NA
84065	1.329	NA	NA	NA
79583	-0.52951	NA	NA	NA
283999	0.27104	NA	NA	NA
100288797	-1.8104	NA	NA	NA
23731	0.94676	NA	NA	NA
54916	0.238	NA	NA	NA
55754	-0.069886	NA	NA	NA
140738	-0.88154	NA	NA	NA
55151	-4.2051	NA	NA	NA
55287	0.57895	NA	NA	NA
90407	-3.7478	NA	NA	NA
757	-1.8993	NA	NA	NA
80021	1.4618	NA	NA	NA
55362	-1.1119	NA	NA	NA
643236	-1.7497	NA	NA	NA
84283	-0.4456	NA	NA	NA
283232	-3.4763	NA	NA	NA
643965	-3.4324	NA	NA	NA
339168	-3.5758	NA	NA	NA
126259	-1.579	NA	NA	NA
29767	-0.39134	NA	NA	NA
7113	-2.1201	NA	NA	NA
164656	-2.6636	NA	NA	NA
79089	5.518	NA	NA	NA
7130	0.6856	NA	NA	NA
8797	-0.62818	NA	NA	NA
4982	1.639	NA	NA	NA
943	-1.794	NA	NA	NA
8743	-4.5106	NA	NA	NA
8741	-5.0499	NA	NA	NA
8744	-0.41761	NA	NA	NA
10188	-0.26962	NA	NA	NA
7134	-2.0941	NA	NA	NA
7135	-1.6221	NA	NA	NA
30000	3.3496	NA	NA	NA
23534	1.1857	NA	NA	NA
23116	-0.56019	NA	NA	NA
165186	-3.1845	NA	NA	NA
10043	-0.56782	NA	NA	NA
146691	3.0425	NA	NA	NA
387990	-1.9723	NA	NA	NA
54543	-0.27905	NA	NA	NA
9868	3.2826	NA	NA	NA
4796	-2.2185	NA	NA	NA
11073	0.34698	NA	NA	NA
10210	0.76904	NA	NA	NA
26092	-3.9454	NA	NA	NA
64222	4.3861	NA	NA	NA
54863	-2.8491	NA	NA	NA
94241	-1.4822	NA	NA	NA
58476	-3.2182	NA	NA	-0.378916
27296	-0.071773	NA	NA	NA
219931	-0.43279	NA	NA	NA
7165	-0.65498	NA	NA	NA
91978	-0.83391	NA	NA	NA
7171	0.65145	NA	NA	NA
11076	0.44477	NA	NA	NA
131601	-0.33544	NA	NA	NA
286262	1.8688	NA	NA	NA
25823	-3.8887	NA	NA	NA
29896	0.13087	NA	NA	NA
6434	-2.104	NA	NA	NA
388630	-3.3428	NA	NA	NA
7185	-0.36072	NA	NA	NA
9618	-2.6328	NA	NA	NA
10906	-0.13473	NA	NA	NA
22906	1.4337	NA	NA	NA
23471	-2.5041	NA	NA	-0.466794
10131	0.65935	NA	NA	NA
7109	1.746	NA	NA	NA
51112	-1.7582	NA	NA	NA
27095	1.7131	NA	NA	NA
51399	-0.056656	NA	NA	NA
22878	0.20793	NA	NA	NA
340205	-1.1125	NA	NA	NA
11277	-0.69117	NA	NA	NA
28951	0.94894	NA	NA	NA
10107	-0.79241	NA	NA	NA
89870	-3.7569	NA	NA	NA
6737	-1.0435	NA	NA	NA
373	1.9169	NA	NA	NA
7706	-1.2714	NA	NA	NA
10155	-1.6819	NA	NA	NA
23650	-4.7512	NA	NA	NA
80128	-2.8164	NA	NA	NA
81844	-1.8772	NA	NA	NA
286827	0.63609	NA	NA	NA
140691	-0.46209	NA	NA	NA
493829	2.2058	NA	NA	NA
81603	-2.5877	NA	NA	NA
11078	-1.4322	NA	NA	NA
9322	-2.37	NA	NA	NA
158234	-2.4054	NA	NA	NA
27037	2.2818	NA	NA	NA
51605	-3.1417	NA	NA	NA
54952	0.37682	NA	NA	NA
51095	-1.2919	NA	NA	NA
10024	-0.75648	NA	NA	NA
26133	0.75229	NA	NA	NA
29850	-5.4089	NA	NA	NA
140803	1.71	NA	NA	NA
7442	0.34794	NA	NA	NA
162514	1.446	NA	NA	NA
26995	0.95924	NA	NA	NA
7249	2.1787	NA	NA	NA
9819	0.092292	NA	NA	NA
81628	-3.9821	NA	NA	NA
10102	0.68495	NA	NA	NA
80705	0.66605	NA	NA	NA
7252	-1.3975	NA	NA	NA
7257	0.0091203	NA	NA	NA
83882	-1.7433	NA	NA	NA
23555	-0.13784	NA	NA	NA
222642	-0.08542	NA	NA	NA
7263	-1.9372	NA	NA	NA
84630	0.37712	NA	NA	NA
54902	3.2551	NA	NA	NA
164118	-3.1024	NA	NA	NA
55622	1.498	NA	NA	NA
130502	-1.7517	NA	NA	NA
143941	0.17634	NA	NA	NA
7268	-2.2699	NA	NA	NA
91875	-1.4675	NA	NA	NA
57217	-2.2577	NA	NA	NA
7270	3.1208	NA	NA	NA
9654	-4.3399	NA	NA	NA
79739	-0.10528	NA	NA	NA
164714	-1.6352	NA	NA	NA
164395	1.1667	NA	NA	NA
94015	-0.89843	NA	NA	NA
7278	2.6073	NA	NA	NA
27175	-1.0043	NA	NA	NA
10844	-0.74625	NA	NA	NA
85378	2.1038	NA	NA	NA
7286	7.7932	NA	NA	NA
64852	-1.7145	NA	NA	NA
5756	-2.4133	NA	NA	NA
11344	2.2573	NA	NA	NA
200081	2.1398	NA	NA	NA
51060	-2.401	NA	NA	NA
10628	-0.90344	NA	NA	NA
54957	8.2218	NA	NA	NA
7297	-0.92189	NA	NA	NA
7298	-0.31173	NA	NA	NA
494514	0.67577	NA	NA	NA
199746	-0.10805	NA	NA	NA
11338	1.2687	NA	NA	NA
6675	4.8278	NA	NA	NA
91373	2.7242	NA	NA	NA
337867	-0.47911	NA	NA	NA
283991	-0.11001	NA	NA	NA
55833	-1.3033	NA	NA	NA
7314	0.45523	NA	NA	NA
11065	-1.923	NA	NA	NA
7324	-1.7662	NA	NA	NA
118424	-2.0936	NA	NA	NA
29089	0.85406	NA	NA	NA
89910	-0.6259	NA	NA	NA
9690	1.7728	NA	NA	NA
29914	1.2697	NA	NA	NA
84993	-2.9024	NA	NA	NA
22888	0.90691	NA	NA	NA
92181	0.50619	NA	NA	NA
7343	-3.7047	NA	NA	NA
51035	0.50265	NA	NA	NA
91544	-0.036256	NA	NA	NA
23190	-0.42935	NA	NA	NA
26043	-0.29529	NA	NA	NA
83549	0.93312	NA	NA	NA
54963	0.18114	NA	NA	NA
90226	0.5371	NA	NA	NA
7351	-1.9892	NA	NA	NA
55293	-3.7702	NA	NA	NA
402682	-1.0396	NA	NA	NA
55325	-1.7767	NA	NA	NA
7358	-1.1521	NA	NA	NA
56886	-1.8764	NA	NA	NA
7365	0.0022941	NA	NA	NA
29128	-1.9949	NA	NA	NA
80329	-1.6489	NA	NA	NA
80328	0.89806	NA	NA	NA
7369	-3.035	NA	NA	NA
9094	0.33748	NA	NA	NA
201294	-1.2763	NA	NA	NA
90249	4.0499	NA	NA	NA
285175	-2.3709	NA	NA	NA
5976	0.002921	NA	NA	NA
7379	-4.1745	NA	NA	NA
29796	-2.0473	NA	NA	NA
7381	-2.2464	NA	NA	NA
7388	1.5668	NA	NA	NA
440567	0.037597	NA	NA	NA
27089	-0.17707	NA	NA	NA
646625	-1.7763	NA	NA	NA
9875	-0.37766	NA	NA	NA
7389	0.14434	NA	NA	NA
10869	1.4134	NA	NA	NA
27005	-0.29253	NA	NA	NA
23358	0.21898	NA	NA	NA
9736	0.30351	NA	NA	NA
10713	0.18903	NA	NA	NA
55230	-1.8316	NA	NA	NA
9098	4.9816	NA	NA	NA
7874	0.85452	NA	NA	NA
9724	-0.13453	NA	NA	NA
51096	2.5529	NA	NA	NA
27340	-2.2626	NA	NA	NA
2837	-1.6151	NA	NA	NA
9341	-4.5751	NA	NA	NA
8674	4.7545	NA	NA	NA
10791	-2.3679	NA	NA	NA
25806	-1.0912	NA	NA	NA
7416	0.78029	NA	NA	NA
7417	0.090997	NA	NA	NA
27287	-4.7233	NA	NA	NA
7716	-2.8488	NA	NA	NA
389136	-0.57798	NA	NA	NA
79001	-0.2839	NA	NA	NA
400673	-1.9144	NA	NA	NA
8875	0.3084	NA	NA	NA
7441	-3.5745	NA	NA	NA
29802	-2.8638	NA	NA	NA
64601	2.6074	NA	NA	NA
84313	0.068471	NA	NA	NA
9559	-0.59767	NA	NA	NA
51160	2.042	NA	NA	NA
26276	2.8789	NA	NA	NA
9525	-0.51594	NA	NA	NA
55275	-0.38664	NA	NA	NA
6944	0.54614	NA	NA	NA
9605	2.3622	NA	NA	NA
7444	-1.7513	NA	NA	NA
51231	-0.056722	NA	NA	NA
30813	-2.0183	NA	NA	NA
51534	3.4089	NA	NA	NA
143187	-0.33065	NA	NA	NA
64856	-0.40393	NA	NA	NA
80737	-0.96549	NA	NA	NA
10163	-3.9253	NA	NA	NA
8976	3.501	NA	NA	NA
51729	-1.5135	NA	NA	NA
54838	-1.3199	NA	NA	NA
11193	-0.97139	NA	NA	NA
80304	5.5754	NA	NA	NA
23001	-1.2282	NA	NA	NA
55717	-2.4104	NA	NA	NA
253769	-1.2401	NA	NA	NA
10885	4.5763	NA	NA	NA
401551	-2.9478	NA	NA	NA
23160	4.0146	NA	NA	NA
348793	-0.63228	NA	NA	NA
84942	-0.12776	NA	NA	0.078828
54663	1.5649	NA	NA	NA
84292	-0.069084	NA	NA	NA
140832	-2.1388	NA	NA	NA
280664	-3.0194	NA	NA	NA
140686	-0.98286	NA	NA	NA
90199	-1.1604	NA	NA	NA
7456	-1.6984	NA	NA	NA
65125	-4.4837	NA	NA	NA
65268	-1.1572	NA	NA	NA
7481	-2.1712	NA	NA	NA
81029	3.0769	NA	NA	NA
55135	-0.39587	NA	NA	NA
56897	-0.49389	NA	NA	NA
56949	0.52357	NA	NA	NA
54739	-3.3112	NA	NA	NA
7508	-0.79895	NA	NA	NA
63929	3.0067	NA	NA	NA
23039	1.1102	NA	NA	NA
7515	1.8457	NA	NA	NA
7517	-0.30263	NA	NA	NA
7520	-2.991	NA	NA	NA
2547	1.1384	NA	NA	NA
150223	-1.4044	NA	NA	NA
7525	-2.5755	NA	NA	NA
10897	-5.6279	NA	NA	NA
90522	-5.6334	NA	NA	NA
25844	0.21266	NA	NA	NA
81555	4.7714	NA	NA	NA
285525	-0.29226	NA	NA	NA
79693	1.0608	NA	NA	NA
54915	3.4409	NA	NA	NA
253943	-0.51271	NA	NA	NA
55249	2.4357	NA	NA	NA
353174	-2.1508	NA	NA	NA
7455	0.1279	NA	NA	NA
9889	1.3074	NA	NA	NA
100381270	-0.2928	NA	NA	NA
221527	0.28618	NA	NA	NA
26137	-3.558	NA	NA	NA
9278	-1.8362	NA	NA	NA
166793	-0.1798	NA	NA	NA
221504	-2.0426	NA	NA	NA
9877	-0.86374	NA	NA	NA
23091	0.3294	NA	NA	NA
23144	0.60778	NA	NA	NA
92092	-3.5229	NA	NA	NA
51530	1.8645	NA	NA	NA
54877	1.7391	NA	NA	0.192657
131540	-2.1397	NA	NA	NA
29801	0.11976	NA	NA	NA
9839	1.0255	NA	NA	NA
10444	2.5502	NA	NA	NA
90637	-0.30476	NA	NA	NA
130617	2.1293	NA	NA	NA
7763	-0.022802	NA	NA	NA
196441	-3.0372	NA	NA	NA
79776	-1.8922	NA	NA	NA
146198	-0.6278	NA	NA	NA
7542	-2.912	NA	NA	NA
161882	0.21143	NA	NA	NA
9765	-5.3185	NA	NA	NA
84619	3.68	NA	NA	NA
7586	1.2148	NA	NA	NA
80317	-2.5346	NA	NA	NA
55954	0.47119	NA	NA	NA
116225	3.9451	NA	NA	NA
163227	-1.0725	NA	NA	NA
51427	-1.5907	NA	NA	NA
7675	-0.088288	NA	NA	NA
7693	2.1927	NA	NA	NA
7561	-0.38286	NA	NA	NA
7710	0.042242	NA	NA	NA
7711	0.66185	NA	NA	NA
90338	-1.3571	NA	NA	NA
7727	0.72525	NA	NA	NA
7567	-2.0866	NA	NA	NA
7549	5.3316	NA	NA	NA
7570	-1.699	NA	NA	NA
7638	-0.96554	NA	NA	NA
7770	1.1084	NA	NA	NA
7776	-2.7278	NA	NA	NA
7572	-2.072	NA	NA	NA
56242	-0.22661	NA	NA	NA
9534	-0.61346	NA	NA	NA
10172	0.7335	NA	NA	NA
10782	-1.8987	NA	NA	NA
92822	0.57542	NA	NA	NA
7576	-0.75769	NA	NA	NA
284349	-1.0792	NA	NA	NA
729288	-2.1094	NA	NA	NA
57567	0.36248	NA	NA	NA
7580	-0.64149	NA	NA	NA
162967	-0.52327	NA	NA	NA
284695	-6.7903	NA	NA	NA
63925	-1.2682	NA	NA	NA
84905	0.15736	NA	NA	NA
25850	0.70738	NA	NA	NA
23567	-0.8882	NA	NA	NA
171017	0.50053	NA	NA	NA
57862	-1.6986	NA	NA	NA
79744	0.16959	NA	NA	NA
79088	-2.9079	NA	NA	NA
126299	-1.696	NA	NA	NA
353088	3.7728	NA	NA	NA
7594	-2.2791	NA	NA	NA
80264	-2.4402	NA	NA	NA
170959	-2.7365	NA	NA	NA
9668	-0.022555	NA	NA	NA
163059	2.4242	NA	NA	NA
126070	-0.04538	NA	NA	NA
7596	-0.86138	NA	NA	NA
26036	-0.15492	NA	NA	NA
92283	4.1129	NA	NA	NA
168544	0.61628	NA	NA	NA
90333	-0.54085	NA	NA	NA
388566	-0.079824	NA	NA	NA
133923	-1.3841	NA	NA	NA
90649	4.6288	NA	NA	NA
118738	-0.48455	NA	NA	NA
84838	-2.7481	NA	NA	NA
115560	-0.94009	NA	NA	NA
57473	-1.4794	NA	NA	NA
130557	1.2666	NA	NA	NA
84874	1.7119	NA	NA	NA
84503	0.10448	NA	NA	NA
9745	-0.51475	NA	NA	NA
256051	0.10489	NA	NA	NA
90233	-1.237	NA	NA	NA
84527	1.3197	NA	NA	NA
147837	-3.0471	NA	NA	NA
163050	1.6017	NA	NA	NA
374900	4.398	NA	NA	NA
51276	0.12511	NA	NA	NA
163033	-3.2635	NA	NA	NA
147948	-0.088435	NA	NA	NA
51042	4.0954	NA	NA	NA
84622	-0.10445	NA	NA	NA
162966	-1.297	NA	NA	NA
80095	-0.57404	NA	NA	NA
23060	-2.938	NA	NA	NA
81856	-1.3117	NA	NA	NA
80110	1.5342	NA	NA	NA
114991	0.55154	NA	NA	0.112402
285267	2.667	NA	NA	NA
285268	-0.36317	NA	NA	NA
9831	0.0088369	NA	NA	NA
57547	-2.6064	NA	NA	NA
90589	-0.092441	NA	NA	NA
199777	0.31627	NA	NA	NA
199692	4.3406	NA	NA	NA
89887	3.9688	NA	NA	NA
65251	0.69857	NA	NA	-0.210466
79788	-0.46134	NA	NA	NA
79759	-0.40183	NA	NA	NA
171392	-1.349	NA	NA	NA
57592	1.338	NA	NA	NA
146542	-0.28191	NA	NA	NA
115509	4.2261	NA	NA	NA
7620	-4.5948	NA	NA	NA
51058	3.9073	NA	NA	NA
79943	0.30915	NA	NA	NA
374879	0.48008	NA	NA	NA
90592	-1.1471	NA	NA	NA
55762	0.16819	NA	NA	NA
80139	-1.1668	NA	NA	NA
7562	-0.84451	NA	NA	NA
58491	1.6597	NA	NA	NA
349075	-0.42263	NA	NA	NA
441234	-1.896	NA	NA	NA
730087	-1.1341	NA	NA	NA
100287226	-2.4397	NA	NA	NA
100129543	-3.1468	NA	NA	NA
654254	-2.5519	NA	NA	NA
730291	-2.387	NA	NA	NA
100129842	0.45593	NA	NA	NA
155061	-3.0271	NA	NA	NA
65988	2.3303	NA	NA	NA
388567	0.3836	NA	NA	NA
284390	-2.2725	NA	NA	NA
91661	-1.6737	NA	NA	NA
90321	-3.427	NA	NA	NA
54989	0.42678	NA	NA	NA
285971	1.8506	NA	NA	NA
147808	-0.84006	NA	NA	NA
390927	0.64326	NA	NA	NA
390980	-0.26482	NA	NA	NA
388558	0.69179	NA	NA	NA
729648	-0.75243	NA	NA	NA
126017	-0.65516	NA	NA	NA
730051	-3.7922	NA	NA	NA
90485	1.5822	NA	NA	NA
55778	1.1461	NA	NA	NA
283933	-3.0451	NA	NA	NA
284391	-0.84988	NA	NA	NA
7639	-2.335	NA	NA	NA
342892	-0.79812	NA	NA	NA
643641	-1.7062	NA	NA	NA
7652	-2.3375	NA	NA	NA
10467	1.1718	NA	NA	NA
741	1.5284	NA	NA	NA
9326	0.093546	NA	NA	NA
148066	-1.2463	NA	NA	NA
284312	1.9525	NA	NA	NA
84891	-0.96611	NA	NA	NA
80345	-0.66882	NA	NA	NA
342945	1.6908	NA	NA	NA
100101467	2.7692	NA	NA	NA
90204	-0.71938	NA	NA	NA
57688	0.64128	NA	NA	NA
23053	0.95235	NA	NA	NA
79699	7.2907	NA	NA	NA
