arm	cell	outcome_set	outcome	n	set	tier	contrast	universe	n_genes	n_snp	full_beta	full_se	full_p	full_nomhc_beta	full_nomhc_p	gate_dbeta_vs_lmer	mhc_var_share	beta	se	p	s	f	ER	f_enrich	p_f	ER_null_lo	ER_null_med	ER_null_hi	ER_rel	p_ER	er_interpretable	ER_lo	ER_hi
EA	EUR	imaging_dk	global_slope_1lmm	4308	K1_brain_expressed	primary	K1	genome	14304	440670	0.028848	0.015733	0.06671	0.029016	0.065845	-0.0020525	0.0041028	0.038434	0.015087	0.01085	0.91111	0.5002	1.8215								False	-0.20691	7.6422
EA	EUR	imaging_dk	global_slope_1lmm	4308	K2_glial	primary	K2	genome	1774	65964	0.028848	0.015733	0.06671	0.029016	0.065845	-0.0020525	0.0041028	-0.0030996	0.015181	0.83822	-0.024282	0.065661	-0.36981	0.8577	0.95781	-1.0959	1.808	4.9029	-0.20454	0.14837	False	-17.068	6.7618
EA	EUR	imaging_dk	global_slope_1lmm	4308	K2_neuronal	primary	K2	genome	1320	99946	0.028848	0.015733	0.06671	0.029016	0.065845	-0.0020525	0.0041028	0.020302	0.014911	0.17335	0.22733	0.12174	1.8674	1.2477	0.0009998	-0.7638	1.563	3.9718	1.1948	0.79784	False	-4.6256	10.653
EA	EUR	imaging_dk	global_slope_1lmm	4308	K3_oligodendrocyte	primary	K3	genome	615	28162	0.028848	0.015733	0.06671	0.029016	0.065845	-0.0020525	0.0041028	0.0097808	0.01514	0.51827	0.052316	0.028865	1.8124	0.92442	0.71826	-2.9209	1.6758	6.3951	1.0815	0.95701	False	-10.727	18.811
EA	EUR	imaging_dk	global_slope_1lmm	4308	K3_syngo	primary	K3	genome	1503	80730	0.028848	0.015733	0.06671	0.029016	0.065845	-0.0020525	0.0041028	-0.0032041	0.014456	0.82459	-0.031488	0.10033	-0.31383	1.2644	0.0013997	-0.95514	1.4873	4.202	-0.211	0.15597	False	-9.7534	4.3326
EA	EUR	imaging_dk	global_slope_1lmm	4308	S0_scz_locus_pool	secondary	S0	genome	366	20013	0.028848	0.015733	0.06671	0.029016	0.065845	-0.0020525	0.0041028	-0.0056808	0.014794	0.70099	-0.033011	0.035645	-0.92612	2.0818	0.00019996	-4.5065	1.521	7.5976	-0.60889	0.41712	False	-21.085	6.5915
EA	EUR	imaging_dk	global_slope_1lmm	4308	S1_snrna_pc1_bottom	secondary	S1	snrna	1570	80398	0.028848	0.015733	0.06671	0.029016	0.065845	-0.0020525	0.0041028	0.022116	0.014561	0.1288	0.2094	0.095839	2.1849	1.0549	0.23695	-0.58007	1.8067	4.312	1.2093	0.75145	False	-2.8612	11.638
EA	EUR	imaging_dk	global_slope_1lmm	4308	S1_snrna_pc1_top	secondary	S1	snrna	1579	134129	0.028848	0.015733	0.06671	0.029016	0.065845	-0.0020525	0.0041028	0.018706	0.014737	0.20434	0.24099	0.16273	1.4809	1.2629	0.00019996	-0.10214	1.7945	3.778	0.82522	0.73905	False	-3.2043	8.2258
EA	EUR	imaging_dk	global_slope_1lmm	4308	S2_c3_bottom	secondary	S2	ahba	585	22882	0.028848	0.015733	0.06671	0.029016	0.065845	-0.0020525	0.0041028	0.0341	0.014316	0.017219	0.16511	0.023764	6.9477	0.86312	0.85523	-2.1932	2.9152	8.1228	2.3833	0.12038	False	-3.4363	51.458
EA	EUR	imaging_dk	global_slope_1lmm	4308	S2_c3_top	secondary	S2	ahba	587	32341	0.028848	0.015733	0.06671	0.029016	0.065845	-0.0020525	0.0041028	0.026891	0.0145	0.063659	0.15883	0.039858	3.9848	1.1377	0.14197	-1.4651	2.765	7.2201	1.4411	0.57749	False	-3.3005	26.6
EA	EUR	imaging_dk	global_slope_1lmm	4308	S3_c1_bottom	secondary	S3	ahba	567	24742	0.028848	0.015733	0.06671	0.029016	0.065845	-0.0020525	0.0041028	0.014722	0.015046	0.32784	0.084031	0.03165	2.655	1.1553	0.15137	-1.9187	2.7744	7.6783	0.95696	0.96181	False	-10.229	20.336
EA	EUR	imaging_dk	global_slope_1lmm	4308	S3_c1_top	secondary	S3	ahba	601	27301	0.028848	0.015733	0.06671	0.029016	0.065845	-0.0020525	0.0041028	0.019771	0.014567	0.17469	0.11175	0.036523	3.0598	1.2006	0.077984	-1.7959	2.7466	7.2988	1.114	0.89702	False	-5.8169	17.749
EA	EUR	imaging_dk	global_slope_1lmm	4308	S3_c2_bottom	secondary	S3	ahba	568	26957	0.028848	0.015733	0.06671	0.029016	0.065845	-0.0020525	0.0041028	-0.0010829	0.014285	0.93957	-0.006146	0.029856	-0.20585	1.0235	0.43791	-1.6081	2.719	7.4514	-0.075709	0.17237	False	-14.682	10.491
EA	EUR	imaging_dk	global_slope_1lmm	4308	S3_c2_top	secondary	S3	ahba	603	22975	0.028848	0.015733	0.06671	0.029016	0.065845	-0.0020525	0.0041028	0.0091473	0.014329	0.52323	0.046887	0.028237	1.6605	1.1037	0.25895	-2.2209	2.9255	8.4474	0.56759	0.63347	False	-9.3059	14.633
EA	EUR	imaging_dk	global_slope_1lmm	4308	S4_pls2_bottom	secondary	S4	ahba	583	23404	0.028848	0.015733	0.06671	0.029016	0.065845	-0.0020525	0.0041028	0.028814	0.014346	0.044589	0.12907	0.01916	6.7363	0.72423	0.9832	-2.5221	2.8073	8.4784	2.3996	0.17556	False	-2.5634	51.402
EA	EUR	imaging_dk	global_slope_1lmm	4308	S4_pls2_top	secondary	S4	ahba	581	29374	0.028848	0.015733	0.06671	0.029016	0.065845	-0.0020525	0.0041028	0.01166	0.01497	0.43601	0.065708	0.031313	2.0985	0.90655	0.78404	-1.5701	3.0973	8.3255	0.67751	0.68906	False	-7.6446	15.907
EA	EUR	imaging_dk	global_slope_1lmm	4308	S5_brain_celltype_markers	secondary	S5	genome	4062	226522	0.028848	0.015733	0.06671	0.029016	0.065845	-0.0020525	0.0041028	0.031209	0.015119	0.038994	0.50297	0.251	2.0038	1.0806	0.015397	0.299	1.6645	3.0169	1.2039	0.61948	False	-2.8053	8.0821
EA	EUR	imaging_dk	global_slope_1lmm	4308	K1c_not_brain_expressed	primary	K1	genome	2253	52269	0.028848	0.015733	0.06671	0.029016	0.065845	-0.0020525	0.0041028	0.0051582	0.015262	0.73538	0.039831	0.065925	0.60418	1.0708	0.23155	-1.3473	1.6581	4.6574	0.36438	0.5051	False	-10.226	7.3581
EA	EUR	imaging_dk	baseline_thickness_1lmm	4308	K1_brain_expressed	primary	K1	genome	14304	440670	0.0060722	0.016453	0.71208	0.0073557	0.65582	-0.0046812	0.0041028	0.026705	0.015936	0.093785	2.4973	0.5002	4.9926								False	-20.555	29.408
EA	EUR	imaging_dk	baseline_thickness_1lmm	4308	K2_glial	primary	K2	genome	1774	65964	0.0060722	0.016453	0.71208	0.0073557	0.65582	-0.0046812	0.0041028	0.0095249	0.016172	0.55587	0.29435	0.065661	4.4828	0.8577	0.95781	-7.4037	6.2607	20.053	0.71602	0.79824	False	-41.816	34.073
EA	EUR	imaging_dk	baseline_thickness_1lmm	4308	K2_neuronal	primary	K2	genome	1320	99946	0.0060722	0.016453	0.71208	0.0073557	0.65582	-0.0046812	0.0041028	0.018073	0.016354	0.26913	0.7983	0.12174	6.5576	1.2477	0.0009998	-5.3111	5.7291	16.552	1.1446	0.87743	False	-31.771	55.331
EA	EUR	imaging_dk	baseline_thickness_1lmm	4308	K3_oligodendrocyte	primary	K3	genome	615	28162	0.0060722	0.016453	0.71208	0.0073557	0.65582	-0.0046812	0.0041028	0.021299	0.016551	0.19812	0.44941	0.028865	15.569	0.92442	0.71826	-15.781	6.2863	27.374	2.4767	0.39112	False	-103.9	116.65
EA	EUR	imaging_dk	baseline_thickness_1lmm	4308	K3_syngo	primary	K3	genome	1503	80730	0.0060722	0.016453	0.71208	0.0073557	0.65582	-0.0046812	0.0041028	0.034634	0.016183	0.032348	1.3426	0.10033	13.381	1.2644	0.0013997	-6.1041	5.4956	16.736	2.4349	0.17597	False	-59.683	88.627
EA	EUR	imaging_dk	baseline_thickness_1lmm	4308	S0_scz_locus_pool	secondary	S0	genome	366	20013	0.0060722	0.016453	0.71208	0.0073557	0.65582	-0.0046812	0.0041028	0.02084	0.015625	0.18229	0.4777	0.035645	13.402	2.0818	0.00019996	-21.257	5.2316	31.64	2.5617	0.55149	False	-78.052	88.608
EA	EUR	imaging_dk	baseline_thickness_1lmm	4308	S1_snrna_pc1_bottom	secondary	S1	snrna	1570	80398	0.0060722	0.016453	0.71208	0.0073557	0.65582	-0.0046812	0.0041028	0.012995	0.015691	0.40757	0.48537	0.095839	5.0644	1.0549	0.23695	-5.0174	5.8795	17.041	0.86137	0.88382	False	-36.891	33.332
EA	EUR	imaging_dk	baseline_thickness_1lmm	4308	S1_snrna_pc1_top	secondary	S1	snrna	1579	134129	0.0060722	0.016453	0.71208	0.0073557	0.65582	-0.0046812	0.0041028	0.044607	0.016266	0.0060993	2.2669	0.16273	13.93	1.2629	0.00019996	-2.2701	6.1582	14.891	2.262	0.083583	False	-62.077	101.8
EA	EUR	imaging_dk	baseline_thickness_1lmm	4308	S2_c3_bottom	secondary	S2	ahba	585	22882	0.0060722	0.016453	0.71208	0.0073557	0.65582	-0.0046812	0.0041028	-0.015669	0.0161	0.33045	-0.29927	0.023764	-12.593	0.86312	0.85523	-18.985	3.6326	26.263	-3.4667	0.16317	False	-126.16	77.895
EA	EUR	imaging_dk	baseline_thickness_1lmm	4308	S2_c3_top	secondary	S2	ahba	587	32341	0.0060722	0.016453	0.71208	0.0073557	0.65582	-0.0046812	0.0041028	0.032713	0.016786	0.05132	0.76216	0.039858	19.122	1.1377	0.14197	-16.383	3.6618	23.176	5.2219	0.12677	False	-75.195	123.66
EA	EUR	imaging_dk	baseline_thickness_1lmm	4308	S3_c1_bottom	secondary	S3	ahba	567	24742	0.0060722	0.016453	0.71208	0.0073557	0.65582	-0.0046812	0.0041028	0.011093	0.01603	0.48895	0.24977	0.03165	7.8915	1.1553	0.15137	-17.588	3.8122	25.796	2.0701	0.73305	False	-60.153	58.74
EA	EUR	imaging_dk	baseline_thickness_1lmm	4308	S3_c1_top	secondary	S3	ahba	601	27301	0.0060722	0.016453	0.71208	0.0073557	0.65582	-0.0046812	0.0041028	-0.0088703	0.016057	0.58065	-0.19778	0.036523	-5.4152	1.2006	0.077984	-15.814	4.6394	24.851	-1.1672	0.33513	False	-49.556	61.483
EA	EUR	imaging_dk	baseline_thickness_1lmm	4308	S3_c2_bottom	secondary	S3	ahba	568	26957	0.0060722	0.016453	0.71208	0.0073557	0.65582	-0.0046812	0.0041028	0.014835	0.01579	0.34748	0.33213	0.029856	11.124	1.0235	0.43791	-15.265	4.1308	24.392	2.693	0.4919	False	-54.795	104.54
EA	EUR	imaging_dk	baseline_thickness_1lmm	4308	S3_c2_top	secondary	S3	ahba	603	22975	0.0060722	0.016453	0.71208	0.0073557	0.65582	-0.0046812	0.0041028	0.012421	0.016369	0.44797	0.25115	0.028237	8.8942	1.1037	0.25895	-19.105	4.5304	28.411	1.9632	0.70106	False	-53.72	73.186
EA	EUR	imaging_dk	baseline_thickness_1lmm	4308	S4_pls2_bottom	secondary	S4	ahba	583	23404	0.0060722	0.016453	0.71208	0.0073557	0.65582	-0.0046812	0.0041028	0.0069754	0.016198	0.66673	0.12325	0.01916	6.4329	0.72423	0.9832	-20.8	3.7778	28.172	1.7028	0.82903	False	-68.488	74.942
EA	EUR	imaging_dk	baseline_thickness_1lmm	4308	S4_pls2_top	secondary	S4	ahba	581	29374	0.0060722	0.016453	0.71208	0.0073557	0.65582	-0.0046812	0.0041028	0.032382	0.015818	0.040646	0.71983	0.031313	22.989	0.90655	0.78404	-17.457	3.9865	26.224	5.7666	0.091182	False	-113.74	151.93
EA	EUR	imaging_dk	baseline_thickness_1lmm	4308	S5_brain_celltype_markers	secondary	S5	genome	4062	226522	0.0060722	0.016453	0.71208	0.0073557	0.65582	-0.0046812	0.0041028	0.018571	0.016215	0.25209	1.1806	0.251	4.7037	1.0806	0.015397	-0.017724	5.9228	11.928	0.79417	0.68866	False	-23.397	31.73
EA	EUR	imaging_dk	baseline_thickness_1lmm	4308	K1c_not_brain_expressed	primary	K1	genome	2253	52269	0.0060722	0.016453	0.71208	0.0073557	0.65582	-0.0046812	0.0041028	0.021459	0.016149	0.18391	0.65366	0.065925	9.9151	1.0708	0.23155	-8.6805	5.55	19.426	1.7865	0.53349	False	-38.6	84.585
EA	EUR	imaging_hcp	global_slope_1lmm	4308	K1_brain_expressed	primary	K1	genome	14304	440670	0.029885	0.015419	0.052597	0.030379	0.049658	-0.0018462	0.0041028	0.03659	0.014842	0.013689	0.8285	0.5002	1.6563								True	0.26336	6.8105
EA	EUR	imaging_hcp	global_slope_1lmm	4308	K2_glial	primary	K2	genome	1774	65964	0.029885	0.015419	0.052597	0.030379	0.049658	-0.0018462	0.0041028	-0.0048325	0.015203	0.75059	-0.036159	0.065661	-0.5507	0.8577	0.95781	-1.1634	1.7034	4.602	-0.32329	0.12757	True	-15.945	4.4086
EA	EUR	imaging_hcp	global_slope_1lmm	4308	K2_neuronal	primary	K2	genome	1320	99946	0.029885	0.015419	0.052597	0.030379	0.049658	-0.0018462	0.0041028	0.016063	0.01484	0.27908	0.1718	0.12174	1.4112	1.2477	0.0009998	-0.91291	1.4196	3.6423	0.99413	0.9958	True	-5.1827	7.3467
EA	EUR	imaging_hcp	global_slope_1lmm	4308	K3_oligodendrocyte	primary	K3	genome	615	28162	0.029885	0.015419	0.052597	0.030379	0.049658	-0.0018462	0.0041028	0.012318	0.014849	0.40678	0.062934	0.028865	2.1803	0.92442	0.71826	-2.9566	1.5882	6.1971	1.3728	0.80224	True	-8.9629	19.886
EA	EUR	imaging_hcp	global_slope_1lmm	4308	K3_syngo	primary	K3	genome	1503	80730	0.029885	0.015419	0.052597	0.030379	0.049658	-0.0018462	0.0041028	-0.0066593	0.014415	0.64411	-0.062507	0.10033	-0.62299	1.2644	0.0013997	-1.0295	1.3398	3.9942	-0.46499	0.11078	True	-9.3589	2.4171
EA	EUR	imaging_hcp	global_slope_1lmm	4308	S0_scz_locus_pool	secondary	S0	genome	366	20013	0.029885	0.015419	0.052597	0.030379	0.049658	-0.0018462	0.0041028	-0.0078334	0.014977	0.60096	-0.043479	0.035645	-1.2198	2.0818	0.00019996	-4.7635	1.3186	7.2088	-0.92507	0.38272	True	-23.341	5.2044
EA	EUR	imaging_hcp	global_slope_1lmm	4308	S1_snrna_pc1_bottom	secondary	S1	snrna	1570	80398	0.029885	0.015419	0.052597	0.030379	0.049658	-0.0018462	0.0041028	0.020741	0.014399	0.14975	0.18757	0.095839	1.9572	1.0549	0.23695	-0.75325	1.5666	4.0203	1.2493	0.75945	True	-2.0844	11.315
EA	EUR	imaging_hcp	global_slope_1lmm	4308	S1_snrna_pc1_top	secondary	S1	snrna	1579	134129	0.029885	0.015419	0.052597	0.030379	0.049658	-0.0018462	0.0041028	0.018264	0.014672	0.21321	0.22475	0.16273	1.3811	1.2629	0.00019996	-0.3204	1.5355	3.5028	0.89942	0.86863	True	-2.5276	7.5022
EA	EUR	imaging_hcp	global_slope_1lmm	4308	S2_c3_bottom	secondary	S2	ahba	585	22882	0.029885	0.015419	0.052597	0.030379	0.049658	-0.0018462	0.0041028	0.031644	0.014632	0.030568	0.14634	0.023764	6.1582	0.86312	0.85523	-2.7159	2.3096	7.3716	2.6663	0.12957	True	-2.623	46.309
EA	EUR	imaging_hcp	global_slope_1lmm	4308	S2_c3_top	secondary	S2	ahba	587	32341	0.029885	0.015419	0.052597	0.030379	0.049658	-0.0018462	0.0041028	0.024758	0.014313	0.083684	0.13967	0.039858	3.5042	1.1377	0.14197	-1.9484	2.1212	6.4363	1.652	0.52989	True	-2.2153	23.884
EA	EUR	imaging_hcp	global_slope_1lmm	4308	S3_c1_bottom	secondary	S3	ahba	567	24742	0.029885	0.015419	0.052597	0.030379	0.049658	-0.0018462	0.0041028	0.012259	0.014868	0.40964	0.066838	0.03165	2.1118	1.1553	0.15137	-2.5056	2.1743	6.982	0.97122	0.97581	True	-7.8928	17.184
EA	EUR	imaging_hcp	global_slope_1lmm	4308	S3_c1_top	secondary	S3	ahba	601	27301	0.029885	0.015419	0.052597	0.030379	0.049658	-0.0018462	0.0041028	0.022274	0.014653	0.12848	0.12025	0.036523	3.2925	1.2006	0.077984	-2.2226	2.2202	6.6391	1.483	0.61388	True	-3.2196	21.105
EA	EUR	imaging_hcp	global_slope_1lmm	4308	S3_c2_bottom	secondary	S3	ahba	568	26957	0.029885	0.015419	0.052597	0.030379	0.049658	-0.0018462	0.0041028	-0.0086397	0.014158	0.5417	-0.046836	0.029856	-1.5687	1.0235	0.43791	-2.0547	2.1413	6.7968	-0.7326	0.085983	True	-22.695	6.8265
EA	EUR	imaging_hcp	global_slope_1lmm	4308	S3_c2_top	secondary	S3	ahba	603	22975	0.029885	0.015419	0.052597	0.030379	0.049658	-0.0018462	0.0041028	0.0040015	0.014245	0.77877	0.019591	0.028237	0.6938	1.1037	0.25895	-2.683	2.3342	7.6825	0.29723	0.5219	True	-12.45	11.477
EA	EUR	imaging_hcp	global_slope_1lmm	4308	S4_pls2_bottom	secondary	S4	ahba	583	23404	0.029885	0.015419	0.052597	0.030379	0.049658	-0.0018462	0.0041028	0.028212	0.014316	0.048768	0.12071	0.01916	6.2999	0.72423	0.9832	-2.9221	2.2429	7.8545	2.8088	0.14357	True	-2.0664	43.498
EA	EUR	imaging_hcp	global_slope_1lmm	4308	S4_pls2_top	secondary	S4	ahba	581	29374	0.029885	0.015419	0.052597	0.030379	0.049658	-0.0018462	0.0041028	0.01585	0.01501	0.29098	0.085313	0.031313	2.7246	0.90655	0.78404	-2.1864	2.53	7.4805	1.0769	0.93861	True	-5.7929	19.151
EA	EUR	imaging_hcp	global_slope_1lmm	4308	S5_brain_celltype_markers	secondary	S5	genome	4062	226522	0.029885	0.015419	0.052597	0.030379	0.049658	-0.0018462	0.0041028	0.025837	0.014977	0.084506	0.39772	0.251	1.5845	1.0806	0.015397	0.2076	1.526	2.8575	1.0384	0.93821	True	-1.5207	6.8472
EA	EUR	imaging_hcp	global_slope_1lmm	4308	K1c_not_brain_expressed	primary	K1	genome	2253	52269	0.029885	0.015419	0.052597	0.030379	0.049658	-0.0018462	0.0041028	0.007578	0.015173	0.61748	0.055893	0.065925	0.84782	1.0708	0.23155	-1.3903	1.5166	4.4886	0.55903	0.66027	True	-8.9396	8.5479
EA	EUR	imaging_hcp	baseline_thickness_1lmm	4308	K1_brain_expressed	primary	K1	genome	14304	440670	0.012421	0.016438	0.44987	0.01384	0.40151	-0.0043764	0.0041028	0.036353	0.015939	0.022562	1.8068	0.5002	3.6121								False	-26.403	22.485
EA	EUR	imaging_hcp	baseline_thickness_1lmm	4308	K2_glial	primary	K2	genome	1774	65964	0.012421	0.016438	0.44987	0.01384	0.40151	-0.0043764	0.0041028	0.018392	0.016374	0.26133	0.30208	0.065661	4.6006	0.8577	0.95781	-2.9853	4.2524	11.809	1.0819	0.92341	False	-48.463	38.771
EA	EUR	imaging_hcp	baseline_thickness_1lmm	4308	K2_neuronal	primary	K2	genome	1320	99946	0.012421	0.016438	0.44987	0.01384	0.40151	-0.0043764	0.0041028	0.021202	0.016293	0.19317	0.49775	0.12174	4.0887	1.2477	0.0009998	-2.1254	3.7665	9.6171	1.0856	0.92062	False	-25.144	31.046
EA	EUR	imaging_hcp	baseline_thickness_1lmm	4308	K3_oligodendrocyte	primary	K3	genome	615	28162	0.012421	0.016438	0.44987	0.01384	0.40151	-0.0043764	0.0041028	0.022157	0.016593	0.18175	0.24848	0.028865	8.6082	0.92442	0.71826	-7.2876	4.1682	15.662	2.0652	0.45031	False	-93.879	73.21
EA	EUR	imaging_hcp	baseline_thickness_1lmm	4308	K3_syngo	primary	K3	genome	1503	80730	0.012421	0.016438	0.44987	0.01384	0.40151	-0.0043764	0.0041028	0.037589	0.01613	0.019784	0.77447	0.10033	7.7189	1.2644	0.0013997	-2.4865	3.7043	9.9048	2.0838	0.19556	False	-56.687	49.464
EA	EUR	imaging_hcp	baseline_thickness_1lmm	4308	S0_scz_locus_pool	secondary	S0	genome	366	20013	0.012421	0.016438	0.44987	0.01384	0.40151	-0.0043764	0.0041028	0.020408	0.015794	0.19631	0.24864	0.035645	6.9754	2.0818	0.00019996	-10.823	3.5522	17.739	1.9637	0.64907	False	-69.488	58.273
EA	EUR	imaging_hcp	baseline_thickness_1lmm	4308	S1_snrna_pc1_bottom	secondary	S1	snrna	1570	80398	0.012421	0.016438	0.44987	0.01384	0.40151	-0.0043764	0.0041028	0.017358	0.015884	0.2745	0.34457	0.095839	3.5953	1.0549	0.23695	-1.931	3.899	9.9721	0.92211	0.91942	False	-35.726	27.57
EA	EUR	imaging_hcp	baseline_thickness_1lmm	4308	S1_snrna_pc1_top	secondary	S1	snrna	1579	134129	0.012421	0.016438	0.44987	0.01384	0.40151	-0.0043764	0.0041028	0.049245	0.016254	0.0024481	1.3301	0.16273	8.1735	1.2629	0.00019996	-0.65384	3.9536	8.7495	2.0674	0.081184	False	-63.907	53.711
EA	EUR	imaging_hcp	baseline_thickness_1lmm	4308	S2_c3_bottom	secondary	S2	ahba	585	22882	0.012421	0.016438	0.44987	0.01384	0.40151	-0.0043764	0.0041028	-0.015665	0.016087	0.33017	-0.15902	0.023764	-6.6917	0.86312	0.85523	-9.3898	2.8091	15.239	-2.3821	0.12757	False	-81.014	103.77
EA	EUR	imaging_hcp	baseline_thickness_1lmm	4308	S2_c3_top	secondary	S2	ahba	587	32341	0.012421	0.016438	0.44987	0.01384	0.40151	-0.0043764	0.0041028	0.037498	0.016659	0.02439	0.46433	0.039858	11.65	1.1377	0.14197	-7.7787	2.9404	13.483	3.962	0.11398	False	-103.12	86.652
EA	EUR	imaging_hcp	baseline_thickness_1lmm	4308	S3_c1_bottom	secondary	S3	ahba	567	24742	0.012421	0.016438	0.44987	0.01384	0.40151	-0.0043764	0.0041028	0.016071	0.016051	0.31671	0.19232	0.03165	6.0765	1.1553	0.15137	-8.2914	3.2416	14.844	1.8745	0.63507	False	-70.501	53.368
EA	EUR	imaging_hcp	baseline_thickness_1lmm	4308	S3_c1_top	secondary	S3	ahba	601	27301	0.012421	0.016438	0.44987	0.01384	0.40151	-0.0043764	0.0041028	-0.007279	0.016076	0.6507	-0.08626	0.036523	-2.3618	1.2006	0.077984	-7.7005	3.3344	14.582	-0.70832	0.29994	False	-36.753	55.96
EA	EUR	imaging_hcp	baseline_thickness_1lmm	4308	S3_c2_bottom	secondary	S3	ahba	568	26957	0.012421	0.016438	0.44987	0.01384	0.40151	-0.0043764	0.0041028	0.017944	0.015774	0.25529	0.21352	0.029856	7.1515	1.0235	0.43791	-7.5294	3.0644	14.056	2.3337	0.45951	False	-93.922	61.819
EA	EUR	imaging_hcp	baseline_thickness_1lmm	4308	S3_c2_top	secondary	S3	ahba	603	22975	0.012421	0.016438	0.44987	0.01384	0.40151	-0.0043764	0.0041028	0.009621	0.016405	0.55756	0.10339	0.028237	3.6616	1.1037	0.25895	-9.3827	3.4318	16.38	1.0669	0.97061	False	-54.999	49.706
EA	EUR	imaging_hcp	baseline_thickness_1lmm	4308	S4_pls2_bottom	secondary	S4	ahba	583	23404	0.012421	0.016438	0.44987	0.01384	0.40151	-0.0043764	0.0041028	0.0077524	0.016158	0.63138	0.072805	0.01916	3.7999	0.72423	0.9832	-9.9531	2.9125	16.314	1.3047	0.88462	False	-65.146	50.671
EA	EUR	imaging_hcp	baseline_thickness_1lmm	4308	S4_pls2_top	secondary	S4	ahba	581	29374	0.012421	0.016438	0.44987	0.01384	0.40151	-0.0043764	0.0041028	0.040016	0.015764	0.011133	0.47277	0.031313	15.098	0.90655	0.78404	-8.4758	3.2004	15.175	4.7176	0.053589	False	-156.62	105.63
EA	EUR	imaging_hcp	baseline_thickness_1lmm	4308	S5_brain_celltype_markers	secondary	S5	genome	4062	226522	0.012421	0.016438	0.44987	0.01384	0.40151	-0.0043764	0.0041028	0.025999	0.016276	0.11017	0.8785	0.251	3.5	1.0806	0.015397	0.74875	3.9626	7.226	0.88324	0.77904	False	-24.188	20.92
EA	EUR	imaging_hcp	baseline_thickness_1lmm	4308	K1c_not_brain_expressed	primary	K1	genome	2253	52269	0.012421	0.016438	0.44987	0.01384	0.40151	-0.0043764	0.0041028	0.025821	0.016222	0.11145	0.41803	0.065925	6.3409	1.0708	0.23155	-3.6645	3.8128	11.279	1.663	0.5223	False	-61.103	44.274
EA	EUR	symptoms	pfactor	4079	K1_brain_expressed	primary	K1	genome	14304	440670	-0.0020281	0.012928	0.87535	-0.0023075	0.85829		0.004117	0.00074278	0.012251	0.95166	-0.22349	0.49869	-0.44816								False	-12.066	20.261
EA	EUR	symptoms	pfactor	4079	K2_glial	primary	K2	genome	1774	65964	-0.0020281	0.012928	0.87535	-0.0023075	0.85829		0.004117	-0.011273	0.011938	0.34502	1.128	0.065003	17.352	0.85427	0.95901	-34.106	-1.0737	31.335	-16.161	0.26115	False	-65.828	62.874
EA	EUR	symptoms	pfactor	4079	K2_neuronal	primary	K2	genome	1320	99946	-0.0020281	0.012928	0.87535	-0.0023075	0.85829		0.004117	0.0037677	0.012596	0.76485	-0.53743	0.12108	-4.4387	1.2459	0.00079984	-29.115	-2.7364	22.907	1.6221	0.89142	False	-32.025	45.848
EA	EUR	symptoms	pfactor	4079	K3_oligodendrocyte	primary	K3	genome	615	28162	-0.0020281	0.012928	0.87535	-0.0023075	0.85829		0.004117	-0.0058836	0.0122	0.62963	0.40238	0.030257	13.299	0.97204	0.58068	-51.962	-2.15	46.246	-6.1855	0.54829	False	-92.833	89.668
EA	EUR	symptoms	pfactor	4079	K3_syngo	primary	K3	genome	1503	80730	-0.0020281	0.012928	0.87535	-0.0023075	0.85829		0.004117	0.015664	0.012345	0.2045	-1.964	0.1002	-19.602	1.2685	0.0019996	-30.429	-2.1741	25.771	9.0163	0.21716	False	-64.111	75.378
EA	EUR	symptoms	pfactor	4079	S0_scz_locus_pool	secondary	S0	genome	366	20013	-0.0020281	0.012928	0.87535	-0.0023075	0.85829		0.004117	0.015986	0.011789	0.17507	-1.195	0.035178	-33.97	2.0731	0.00019996	-66.683	-2.4851	61.248	13.669	0.32194	False	-117.89	142.2
EA	EUR	symptoms	pfactor	4079	S1_snrna_pc1_bottom	secondary	S1	snrna	1570	80398	-0.0020281	0.012928	0.87535	-0.0023075	0.85829		0.004117	-0.017233	0.012248	0.15942	2.0821	0.094951	21.928	1.0517	0.25455	-27.907	-1.2898	25.657	-17.001	0.094381	False	-72.202	68.904
EA	EUR	symptoms	pfactor	4079	S1_snrna_pc1_top	secondary	S1	snrna	1579	134129	-0.0020281	0.012928	0.87535	-0.0023075	0.85829		0.004117	0.013341	0.011903	0.26239	-2.1957	0.16232	-13.527	1.2601	0.00019996	-23.126	-1.1738	21.563	11.524	0.25955	False	-46.42	55.285
EA	EUR	symptoms	pfactor	4079	S2_c3_bottom	secondary	S2	ahba	585	22882	-0.0020281	0.012928	0.87535	-0.0023075	0.85829		0.004117	-0.010666	0.012489	0.39308	0.66047	0.023652	27.924	0.85768	0.86463	-54.463	2.5432	57.535	10.98	0.38312	False	-103.56	94.384
EA	EUR	symptoms	pfactor	4079	S2_c3_top	secondary	S2	ahba	587	32341	-0.0020281	0.012928	0.87535	-0.0023075	0.85829		0.004117	0.011946	0.012075	0.32251	-0.90549	0.040615	-22.295	1.1561	0.11498	-44.129	5.2284	52.457	-4.2641	0.27435	False	-105.46	90.334
EA	EUR	symptoms	pfactor	4079	S3_c1_bottom	secondary	S3	ahba	567	24742	-0.0020281	0.012928	0.87535	-0.0023075	0.85829		0.004117	0.0076319	0.012018	0.52539	-0.55922	0.032341	-17.292	1.1714	0.11778	-47.923	6.4275	59.641	-2.6903	0.39712	False	-71.747	81.671
EA	EUR	symptoms	pfactor	4079	S3_c1_top	secondary	S3	ahba	601	27301	-0.0020281	0.012928	0.87535	-0.0023075	0.85829		0.004117	-0.0084162	0.012185	0.48975	0.60483	0.036125	16.742	1.1929	0.086183	-47.154	2.8538	52.184	5.8666	0.58828	False	-48.709	68.179
EA	EUR	symptoms	pfactor	4079	S3_c2_bottom	secondary	S3	ahba	568	26957	-0.0020281	0.012928	0.87535	-0.0023075	0.85829		0.004117	0.0091773	0.011959	0.44286	-0.66635	0.030458	-21.878	1.0429	0.38132	-49.708	1.021	52.082	-21.427	0.37073	False	-97.179	87.155
EA	EUR	symptoms	pfactor	4079	S3_c2_top	secondary	S3	ahba	603	22975	-0.0020281	0.012928	0.87535	-0.0023075	0.85829		0.004117	-0.020176	0.012728	0.11292	1.3221	0.028484	46.414	1.1102	0.22855	-56.02	4.1512	60.751	11.181	0.14397	False	-150.23	185.79
EA	EUR	symptoms	pfactor	4079	S4_pls2_bottom	secondary	S4	ahba	583	23404	-0.0020281	0.012928	0.87535	-0.0023075	0.85829		0.004117	-0.025051	0.012378	0.042992	1.4369	0.018887	76.08	0.71375	0.988	-61.748	0.92244	59.058	82.476	0.013197	False	-274.22	219.34
EA	EUR	symptoms	pfactor	4079	S4_pls2_top	secondary	S4	ahba	581	29374	-0.0020281	0.012928	0.87535	-0.0023075	0.85829		0.004117	-0.0056685	0.011691	0.62776	0.41026	0.030779	13.329	0.8922	0.81344	-52.905	5.8648	60.965	2.2727	0.79144	False	-75.465	67.847
EA	EUR	symptoms	pfactor	4079	S5_brain_celltype_markers	secondary	S5	genome	4062	226522	-0.0020281	0.012928	0.87535	-0.0023075	0.85829		0.004117	0.00099014	0.01245	0.93661	-0.20304	0.24964	-0.81336	1.0807	0.019396	-16.58	-2.1469	12.658	0.37886	0.85223	False	-16.707	27.659
EA	EUR	symptoms	pfactor	4079	K1c_not_brain_expressed	primary	K1	genome	2253	52269	-0.0020281	0.012928	0.87535	-0.0023075	0.85829		0.004117	0.00264	0.012298	0.83002	-0.26006	0.064988	-4.0017	1.0592	0.26175	-35.579	0.16374	34.097	-24.439	0.82863	False	-44.115	50.256
EA	EUR	symptoms	internal	4090	K1_brain_expressed	primary	K1	genome	14304	440670	0.0041465	0.013894	0.76536	0.0038823	0.77955		0.0041106	0.0023957	0.012843	0.85202	0.42714	0.49838	0.85706								False	-9.5545	9.08
EA	EUR	symptoms	internal	4090	K2_glial	primary	K2	genome	1774	65964	0.0041465	0.013894	0.76536	0.0038823	0.77955		0.0041106	-0.011132	0.012958	0.39029	-0.65981	0.065239	-10.114	0.85746	0.95581	-18.913	1.2213	22.451	-8.281	0.28914	False	-53.398	53.53
EA	EUR	symptoms	internal	4090	K2_neuronal	primary	K2	genome	1320	99946	0.0041465	0.013894	0.76536	0.0038823	0.77955		0.0041106	0.007598	0.013274	0.56707	0.64173	0.12076	5.3143	1.2443	0.00079984	-15.187	1.1646	18.047	4.5633	0.66347	False	-29.387	27.564
EA	EUR	symptoms	internal	4090	K3_oligodendrocyte	primary	K3	genome	615	28162	0.0041465	0.013894	0.76536	0.0038823	0.77955		0.0041106	-0.0085819	0.01337	0.52096	-0.34767	0.030064	-11.564	0.96688	0.59788	-29.76	1	34.191	-11.564	0.42032	False	-81.502	81.159
EA	EUR	symptoms	internal	4090	K3_syngo	primary	K3	genome	1503	80730	0.0041465	0.013894	0.76536	0.0038823	0.77955		0.0041106	0.018378	0.013435	0.17131	1.3653	0.10017	13.63	1.2686	0.0019996	-16.496	1.2072	19.811	11.291	0.18436	False	-70.657	52.096
EA	EUR	symptoms	internal	4090	S0_scz_locus_pool	secondary	S0	genome	366	20013	0.0041465	0.013894	0.76536	0.0038823	0.77955		0.0041106	0.017619	0.013069	0.17763	0.7799	0.034888	22.355	2.058	0.00019996	-38.248	1.5876	43.947	14.081	0.30874	False	-87.133	90.133
EA	EUR	symptoms	internal	4090	S1_snrna_pc1_bottom	secondary	S1	snrna	1570	80398	0.0041465	0.013894	0.76536	0.0038823	0.77955		0.0041106	-0.020162	0.013258	0.12833	-1.4435	0.09477	-15.232	1.0507	0.25855	-16.115	1.2198	18.941	-12.487	0.061988	False	-65.438	84.063
EA	EUR	symptoms	internal	4090	S1_snrna_pc1_top	secondary	S1	snrna	1579	134129	0.0041465	0.013894	0.76536	0.0038823	0.77955		0.0041106	0.013887	0.01292	0.28246	1.354	0.16205	8.3555	1.2602	0.00019996	-13.234	0.87814	15.28	9.515	0.29914	False	-32.745	30.713
EA	EUR	symptoms	internal	4090	S2_c3_bottom	secondary	S2	ahba	585	22882	0.0041465	0.013894	0.76536	0.0038823	0.77955		0.0041106	-0.010596	0.013684	0.43871	-0.38861	0.023658	-16.426	0.85904	0.86223	-36.907	-1.9945	33.726	8.2358	0.42472	False	-69.605	93.533
EA	EUR	symptoms	internal	4090	S2_c3_top	secondary	S2	ahba	587	32341	0.0041465	0.013894	0.76536	0.0038823	0.77955		0.0041106	0.0023206	0.013071	0.85908	0.10417	0.040361	2.581	1.1504	0.12337	-32.049	-1.4445	29.796	-1.7869	0.78104	False	-41.689	43.329
EA	EUR	symptoms	internal	4090	S3_c1_bottom	secondary	S3	ahba	567	24742	0.0041465	0.013894	0.76536	0.0038823	0.77955		0.0041106	-0.00023795	0.012978	0.98537	-0.010339	0.032465	-0.31846	1.1778	0.10918	-35.757	-2.5108	33.154	0.12684	0.90502	False	-55.167	51.44
EA	EUR	symptoms	internal	4090	S3_c1_top	secondary	S3	ahba	601	27301	0.0041465	0.013894	0.76536	0.0038823	0.77955		0.0041106	-0.0047981	0.013211	0.71646	-0.20424	0.036165	-5.6474	1.196	0.081584	-32.513	-1.0949	30.688	5.158	0.77984	False	-50.39	45.795
EA	EUR	symptoms	internal	4090	S3_c2_bottom	secondary	S3	ahba	568	26957	0.0041465	0.013894	0.76536	0.0038823	0.77955		0.0041106	0.013107	0.012981	0.3126	0.56323	0.03022	18.638	1.0365	0.40652	-32.196	-0.57545	32.18	-32.388	0.25875	False	-112.05	75.291
EA	EUR	symptoms	internal	4090	S3_c2_top	secondary	S3	ahba	603	22975	0.0041465	0.013894	0.76536	0.0038823	0.77955		0.0041106	-0.017173	0.013614	0.20716	-0.66646	0.028393	-23.472	1.1074	0.23195	-37.476	-1.0907	37.439	21.52	0.21756	False	-122.05	115.47
EA	EUR	symptoms	internal	4090	S4_pls2_bottom	secondary	S4	ahba	583	23404	0.0041465	0.013894	0.76536	0.0038823	0.77955		0.0041106	-0.031563	0.013152	0.016399	-1.0726	0.018931	-56.66	0.7165	0.9874	-38.434	-1.525	38.22	37.155	0.004799	False	-195.93	229.89
EA	EUR	symptoms	internal	4090	S4_pls2_top	secondary	S4	ahba	581	29374	0.0041465	0.013894	0.76536	0.0038823	0.77955		0.0041106	-0.0085196	0.012895	0.50881	-0.36515	0.030696	-11.896	0.89067	0.81524	-38.326	-2.0448	34.626	5.8176	0.58748	False	-58.547	91.789
EA	EUR	symptoms	internal	4090	S5_brain_celltype_markers	secondary	S5	genome	4062	226522	0.0041465	0.013894	0.76536	0.0038823	0.77955		0.0041106	0.0027459	0.013188	0.83506	0.3335	0.24957	1.3363	1.0815	0.018796	-8.1609	1.2026	10.453	1.1112	0.9778	False	-13.895	20.544
EA	EUR	symptoms	internal	4090	K1c_not_brain_expressed	primary	K1	genome	2253	52269	0.0041465	0.013894	0.76536	0.0038823	0.77955		0.0041106	0.0025727	0.013688	0.85091	0.15018	0.065241	2.302	1.063	0.24935	-21.58	0.93152	23.922	2.4712	0.91262	False	-34.693	37.978
EA	EUR	symptoms	external	4090	K1_brain_expressed	primary	K1	genome	14304	440670	-0.022543	0.013758	0.10133	-0.02285	0.096514		0.0041267	-0.014338	0.012964	0.26876	0.43598	0.49906	0.87361								False	-2.6539	3.4126
EA	EUR	symptoms	external	4090	K2_glial	primary	K2	genome	1774	65964	-0.022543	0.013758	0.10133	-0.02285	0.096514		0.0041267	-0.013051	0.012551	0.29838	0.13194	0.065032	2.0289	0.85311	0.95941	-2.9058	0.59154	3.9912	3.4299	0.42152	False	-10.93	14.211
EA	EUR	symptoms	external	4090	K2_neuronal	primary	K2	genome	1320	99946	-0.022543	0.013758	0.10133	-0.02285	0.096514		0.0041267	-0.008704	0.013241	0.51094	0.12544	0.12124	1.0347	1.2459	0.00079984	-2.4506	0.37808	3.2441	2.7366	0.61708	False	-7.0385	9.5428
EA	EUR	symptoms	external	4090	K3_oligodendrocyte	primary	K3	genome	615	28162	-0.022543	0.013758	0.10133	-0.02285	0.096514		0.0041267	-0.0085145	0.012478	0.49502	0.058858	0.030185	1.9499	0.96908	0.59448	-4.7503	0.53881	5.674	3.6189	0.57469	False	-13.234	21.646
EA	EUR	symptoms	external	4090	K3_syngo	primary	K3	genome	1503	80730	-0.022543	0.013758	0.10133	-0.02285	0.096514		0.0041267	-0.0053998	0.012927	0.67615	0.068457	0.10034	0.68223	1.2686	0.0021996	-2.6197	0.4556	3.4613	1.4974	0.88022	False	-8.9334	7.5825
EA	EUR	symptoms	external	4090	S0_scz_locus_pool	secondary	S0	genome	366	20013	-0.022543	0.013758	0.10133	-0.02285	0.096514		0.0041267	0.020542	0.012703	0.10584	-0.15517	0.03499	-4.4347	2.0583	0.00019996	-6.3942	0.3898	6.9086	-11.377	0.16517	False	-45.043	22.22
EA	EUR	symptoms	external	4090	S1_snrna_pc1_bottom	secondary	S1	snrna	1570	80398	-0.022543	0.013758	0.10133	-0.02285	0.096514		0.0041267	-0.018095	0.012651	0.1526	0.22101	0.09471	2.3336	1.048	0.26895	-2.0649	0.75951	3.6254	3.0725	0.27954	False	-7.2976	16.025
EA	EUR	symptoms	external	4090	S1_snrna_pc1_top	secondary	S1	snrna	1579	134129	-0.022543	0.013758	0.10133	-0.02285	0.096514		0.0041267	0.000732	0.012845	0.95456	-0.012173	0.16229	-0.075011	1.259	0.00019996	-1.5384	0.79237	3.0712	-0.094667	0.45711	False	-11.734	6.0163
EA	EUR	symptoms	external	4090	S2_c3_bottom	secondary	S2	ahba	585	22882	-0.022543	0.013758	0.10133	-0.02285	0.096514		0.0041267	-0.016475	0.012735	0.19578	0.10308	0.023599	4.368	0.85604	0.86583	-5.0405	1.0698	6.718	4.083	0.26195	False	-12.857	39.453
EA	EUR	symptoms	external	4090	S2_c3_top	secondary	S2	ahba	587	32341	-0.022543	0.013758	0.10133	-0.02285	0.096514		0.0041267	-0.0012297	0.013061	0.92499	0.0094182	0.040415	0.23304	1.1493	0.12377	-3.6235	1.2576	6.2326	0.1853	0.69786	False	-16.412	10.82
EA	EUR	symptoms	external	4090	S3_c1_bottom	secondary	S3	ahba	567	24742	-0.022543	0.013758	0.10133	-0.02285	0.096514		0.0041267	0.0014653	0.012919	0.9097	-0.010866	0.03262	-0.33311	1.1801	0.10498	-4.0908	1.5073	6.9927	-0.221	0.52909	False	-20.474	13.436
EA	EUR	symptoms	external	4090	S3_c1_top	secondary	S3	ahba	601	27301	-0.022543	0.013758	0.10133	-0.02285	0.096514		0.0041267	-0.017729	0.012802	0.16609	0.12877	0.036211	3.5561	1.1958	0.082983	-4.3178	1.1403	6.1762	3.1187	0.35113	False	-15.821	24.552
EA	EUR	symptoms	external	4090	S3_c2_bottom	secondary	S3	ahba	568	26957	-0.022543	0.013758	0.10133	-0.02285	0.096514		0.0041267	0.010093	0.012804	0.43057	-0.074024	0.030474	-2.4291	1.0425	0.38052	-4.4111	1.046	6.0997	-2.3221	0.19916	False	-34.505	20.912
EA	EUR	symptoms	external	4090	S3_c2_top	secondary	S3	ahba	603	22975	-0.022543	0.013758	0.10133	-0.02285	0.096514		0.0041267	-0.023484	0.013124	0.073553	0.1555	0.028369	5.4815	1.1057	0.23735	-4.9322	1.4028	7.3357	3.9076	0.16717	False	-21.409	41.373
EA	EUR	symptoms	external	4090	S4_pls2_bottom	secondary	S4	ahba	583	23404	-0.022543	0.013758	0.10133	-0.02285	0.096514		0.0041267	-0.014477	0.012903	0.26187	0.083953	0.01893	4.4348	0.71567	0.9876	-5.5486	0.75982	6.8101	5.8367	0.22995	False	-22.853	38.114
EA	EUR	symptoms	external	4090	S4_pls2_top	secondary	S4	ahba	581	29374	-0.022543	0.013758	0.10133	-0.02285	0.096514		0.0041267	0.0077725	0.012748	0.54207	-0.056835	0.030673	-1.853	0.8882	0.82064	-4.5834	1.248	6.925	-1.4847	0.29714	False	-29.818	18.697
EA	EUR	symptoms	external	4090	S5_brain_celltype_markers	secondary	S5	genome	4062	226522	-0.022543	0.013758	0.10133	-0.02285	0.096514		0.0041267	-0.011131	0.013107	0.39575	0.23069	0.2497	0.92384	1.0794	0.020796	-1.0601	0.47167	2.0167	1.9587	0.55109	False	-6.2475	4.9246
EA	EUR	symptoms	external	4090	K1c_not_brain_expressed	primary	K1	genome	2253	52269	-0.022543	0.013758	0.10133	-0.02285	0.096514		0.0041267	0.0084458	0.01278	0.50869	-0.084151	0.065505	-1.2847	1.0653	0.24075	-2.9604	0.73839	4.3207	-1.7398	0.28754	False	-23.828	14.245
EA	EUR	symptoms	depress	4086	K1_brain_expressed	primary	K1	genome	14304	440670	-0.0061544	0.01453	0.67188	-0.0068011	0.63988		0.0040982	-0.002978	0.013953	0.83099	0.30269	0.49813	0.60767								False	-6.5858	10.414
EA	EUR	symptoms	depress	4086	K2_glial	primary	K2	genome	1774	65964	-0.0061544	0.01453	0.67188	-0.0068011	0.63988		0.0040982	-0.0227	0.013705	0.097651	0.76647	0.065176	11.76	0.857	0.95661	-12.49	0.83498	14.135	14.084	0.093981	False	-65.676	69.755
EA	EUR	symptoms	depress	4086	K2_neuronal	primary	K2	genome	1320	99946	-0.0061544	0.01453	0.67188	-0.0068011	0.63988		0.0040982	0.008246	0.014229	0.56224	-0.39706	0.12057	-3.2931	1.2429	0.00079984	-9.7269	0.42386	11.043	-7.7693	0.4951	False	-45.101	32.397
EA	EUR	symptoms	depress	4086	K3_oligodendrocyte	primary	K3	genome	615	28162	-0.0061544	0.01453	0.67188	-0.0068011	0.63988		0.0040982	-0.013112	0.014239	0.35713	0.30238	0.029893	10.116	0.96247	0.61368	-19.509	0.64775	20.067	15.616	0.34113	False	-77.887	72.692
EA	EUR	symptoms	depress	4086	K3_syngo	primary	K3	genome	1503	80730	-0.0061544	0.01453	0.67188	-0.0068011	0.63988		0.0040982	0.0061806	0.014292	0.66541	-0.26175	0.10026	-2.6107	1.2698	0.0019996	-10.68	0.37875	11.292	-6.893	0.59548	False	-26.819	33.935
EA	EUR	symptoms	depress	4086	S0_scz_locus_pool	secondary	S0	genome	366	20013	-0.0061544	0.01453	0.67188	-0.0068011	0.63988		0.0040982	0.017883	0.013825	0.19581	-0.45116	0.034847	-12.947	2.0547	0.00019996	-26.194	0.55375	24.735	-23.38	0.29074	False	-93.105	88.712
EA	EUR	symptoms	depress	4086	S1_snrna_pc1_bottom	secondary	S1	snrna	1570	80398	-0.0061544	0.01453	0.67188	-0.0068011	0.63988		0.0040982	-0.019389	0.013994	0.1659	0.79051	0.094757	8.3425	1.051	0.25575	-10.434	0.44651	11.285	18.684	0.15717	False	-46.414	45.618
EA	EUR	symptoms	depress	4086	S1_snrna_pc1_top	secondary	S1	snrna	1579	134129	-0.0061544	0.01453	0.67188	-0.0068011	0.63988		0.0040982	0.0045669	0.013877	0.74207	-0.25379	0.16198	-1.5668	1.2602	0.00019996	-8.3256	0.63307	9.2466	-2.4748	0.61108	False	-24.907	21.151
EA	EUR	symptoms	depress	4086	S2_c3_bottom	secondary	S2	ahba	585	22882	-0.0061544	0.01453	0.67188	-0.0068011	0.63988		0.0040982	0.0057054	0.014073	0.68517	-0.11928	0.023558	-5.0632	0.85645	0.86723	-19.799	3.9834	26.376	-1.2711	0.43471	False	-56.597	77.403
EA	EUR	symptoms	depress	4086	S2_c3_top	secondary	S2	ahba	587	32341	-0.0061544	0.01453	0.67188	-0.0068011	0.63988		0.0040982	0.0087133	0.014178	0.53883	-0.223	0.040408	-5.5187	1.1527	0.11918	-15.133	4.5578	23.833	-1.2108	0.33113	False	-62.294	78.027
EA	EUR	symptoms	depress	4086	S3_c1_bottom	secondary	S3	ahba	567	24742	-0.0061544	0.01453	0.67188	-0.0068011	0.63988		0.0040982	0.0019536	0.013995	0.88898	-0.048316	0.032234	-1.4989	1.1704	0.11818	-17.854	4.654	26.489	-0.32207	0.59588	False	-70.646	42.33
EA	EUR	symptoms	depress	4086	S3_c1_top	secondary	S3	ahba	601	27301	-0.0061544	0.01453	0.67188	-0.0068011	0.63988		0.0040982	-0.013511	0.014217	0.34192	0.32788	0.036122	9.0771	1.1959	0.081384	-16.884	3.3967	23.4	2.6723	0.57429	False	-63.353	58.339
EA	EUR	symptoms	depress	4086	S3_c2_bottom	secondary	S3	ahba	568	26957	-0.0061544	0.01453	0.67188	-0.0068011	0.63988		0.0040982	0.015355	0.013759	0.26442	-0.37615	0.030201	-12.455	1.0375	0.40212	-17.759	2.5902	23.966	-4.8084	0.15157	False	-106.21	89.322
EA	EUR	symptoms	depress	4086	S3_c2_top	secondary	S3	ahba	603	22975	-0.0061544	0.01453	0.67188	-0.0068011	0.63988		0.0040982	-0.018656	0.014235	0.19002	0.41272	0.028383	14.541	1.1087	0.23095	-20.271	3.8059	27.116	3.8207	0.36393	False	-96.995	101.22
EA	EUR	symptoms	depress	4086	S4_pls2_bottom	secondary	S4	ahba	583	23404	-0.0061544	0.01453	0.67188	-0.0068011	0.63988		0.0040982	-0.039458	0.013888	0.0044965	0.76405	0.018914	40.396	0.71658	0.9872	-21.099	3.9383	27.727	10.257	0.0043991	False	-304.96	271.19
EA	EUR	symptoms	depress	4086	S4_pls2_top	secondary	S4	ahba	581	29374	-0.0061544	0.01453	0.67188	-0.0068011	0.63988		0.0040982	-0.022407	0.013656	0.10085	0.5473	0.03063	17.868	0.89027	0.81744	-18.034	4.7844	27.696	3.7346	0.25515	False	-110	122.26
EA	EUR	symptoms	depress	4086	S5_brain_celltype_markers	secondary	S5	genome	4062	226522	-0.0061544	0.01453	0.67188	-0.0068011	0.63988		0.0040982	-0.0068489	0.014157	0.62853	0.47407	0.24939	1.9009	1.0808	0.018796	-5.0358	0.64681	6.3397	2.9389	0.67906	False	-18.842	15.098
EA	EUR	symptoms	depress	4086	K1c_not_brain_expressed	primary	K1	genome	2253	52269	-0.0061544	0.01453	0.67188	-0.0068011	0.63988		0.0040982	-0.0050541	0.013952	0.71717	0.16822	0.065348	2.5743	1.0648	0.24175	-12.959	0.80366	14.345	3.2031	0.79984	False	-31.7	35.895
EA	EUR	symptoms	thought	4089	K1_brain_expressed	primary	K1	genome	14304	440670	0.00078719	0.014008	0.95519	0.00063769	0.96363		0.0041081	0.01549	0.013438	0.24901	16.804	0.49799	33.743								False	-20.083	17.032
EA	EUR	symptoms	thought	4089	K2_glial	primary	K2	genome	1774	65964	0.00078719	0.014008	0.95519	0.00063769	0.96363		0.0041081	-0.016442	0.013391	0.21951	-5.9303	0.065115	-91.075	0.85644	0.95681	-105.12	25.533	162.66	-3.567	0.080384	False	-46.596	64.104
EA	EUR	symptoms	thought	4089	K2_neuronal	primary	K2	genome	1320	99946	0.00078719	0.014008	0.95519	0.00063769	0.96363		0.0041081	0.016392	0.013704	0.23162	8.4256	0.12037	69.996	1.2407	0.00079984	-72.083	34.114	140.93	2.0519	0.5127	False	-46.945	39.397
EA	EUR	symptoms	thought	4089	K3_oligodendrocyte	primary	K3	genome	615	28162	0.00078719	0.014008	0.95519	0.00063769	0.96363		0.0041081	0.0039695	0.013538	0.76937	0.97879	0.029895	32.74	0.96288	0.61308	-167.64	28.987	236.6	1.1295	0.97221	False	-61.916	74.417
EA	EUR	symptoms	thought	4089	K3_syngo	primary	K3	genome	1503	80730	0.00078719	0.014008	0.95519	0.00063769	0.96363		0.0041081	0.026077	0.013635	0.05582	11.79	0.10011	117.77	1.2683	0.0019996	-80.344	30.617	144.09	3.8463	0.12837	False	-77.841	50.926
EA	EUR	symptoms	thought	4089	S0_scz_locus_pool	secondary	S0	genome	366	20013	0.00078719	0.014008	0.95519	0.00063769	0.96363		0.0041081	0.01293	0.013435	0.33581	3.4835	0.034937	99.706	2.0629	0.00019996	-223	28.406	299.43	3.51	0.59988	False	-75.037	51.363
EA	EUR	symptoms	thought	4089	S1_snrna_pc1_bottom	secondary	S1	snrna	1570	80398	0.00078719	0.014008	0.95519	0.00063769	0.96363		0.0041081	-0.013151	0.013366	0.32514	-5.7304	0.094812	-60.44	1.0519	0.25495	-70.035	38.157	146.56	-1.584	0.072785	False	-35.087	48.132
EA	EUR	symptoms	thought	4089	S1_snrna_pc1_top	secondary	S1	snrna	1579	134129	0.00078719	0.014008	0.95519	0.00063769	0.96363		0.0041081	0.022061	0.013586	0.1044	13.089	0.16192	80.839	1.2595	0.00019996	-48.39	38.467	125.71	2.1015	0.35393	False	-47.086	41.157
EA	EUR	symptoms	thought	4089	S2_c3_bottom	secondary	S2	ahba	585	22882	0.00078719	0.014008	0.95519	0.00063769	0.96363		0.0041081	0.0022356	0.014061	0.87367	0.49913	0.023581	21.166	0.8579	0.86543	-191.72	28.392	253.49	0.74549	0.94301	False	-54.681	56.355
EA	EUR	symptoms	thought	4089	S2_c3_top	secondary	S2	ahba	587	32341	0.00078719	0.014008	0.95519	0.00063769	0.96363		0.0041081	0.014581	0.013878	0.29343	3.9835	0.040367	98.68	1.1513	0.12138	-165.84	19.869	211.08	4.9666	0.41752	False	-72.395	69.257
EA	EUR	symptoms	thought	4089	S3_c1_bottom	secondary	S3	ahba	567	24742	0.00078719	0.014008	0.95519	0.00063769	0.96363		0.0041081	0.015226	0.01406	0.27886	4.0238	0.032348	124.39	1.174	0.11238	-196.94	15.482	241	8.0347	0.33313	False	-80.476	71.279
EA	EUR	symptoms	thought	4089	S3_c1_top	secondary	S3	ahba	601	27301	0.00078719	0.014008	0.95519	0.00063769	0.96363		0.0041081	-0.0052789	0.013313	0.69173	-1.3672	0.03615	-37.821	1.1968	0.080384	-168.5	28.529	230.72	-1.3257	0.5107	False	-53.769	53.454
EA	EUR	symptoms	thought	4089	S3_c2_bottom	secondary	S3	ahba	568	26957	0.00078719	0.014008	0.95519	0.00063769	0.96363		0.0041081	0.016173	0.013597	0.23425	4.231	0.030161	140.28	1.0359	0.40792	-167.84	35.483	239.74	3.9536	0.30714	False	-83.579	62.675
EA	EUR	symptoms	thought	4089	S3_c2_top	secondary	S3	ahba	603	22975	0.00078719	0.014008	0.95519	0.00063769	0.96363		0.0041081	-0.018365	0.014001	0.18963	-4.3383	0.028335	-153.11	1.1074	0.23595	-202.02	26.375	259.97	-5.8052	0.12078	False	-67.19	102.12
EA	EUR	symptoms	thought	4089	S4_pls2_bottom	secondary	S4	ahba	583	23404	0.00078719	0.014008	0.95519	0.00063769	0.96363		0.0041081	-0.012042	0.013919	0.38698	-2.4894	0.018873	-131.9	0.71473	0.9886	-200.2	30.357	283.09	-4.3451	0.17996	False	-65.887	99.816
EA	EUR	symptoms	thought	4089	S4_pls2_top	secondary	S4	ahba	581	29374	0.00078719	0.014008	0.95519	0.00063769	0.96363		0.0041081	-0.0061138	0.013257	0.64468	-1.5941	0.030665	-51.986	0.89132	0.81584	-203.53	23.005	252.35	-2.2598	0.5127	False	-44.413	64.76
EA	EUR	symptoms	thought	4089	S5_brain_celltype_markers	secondary	S5	genome	4062	226522	0.00078719	0.014008	0.95519	0.00063769	0.96363		0.0041081	0.0067611	0.013633	0.61995	4.9977	0.24904	20.068	1.0798	0.020396	-28.473	31.456	89.987	0.63798	0.71586	False	-22.761	16.492
EA	EUR	symptoms	thought	4089	K1c_not_brain_expressed	primary	K1	genome	2253	52269	0.00078719	0.014008	0.95519	0.00063769	0.96363		0.0041081	-0.0078451	0.013414	0.55867	-2.7871	0.065277	-42.696	1.0636	0.24435	-112.51	24.06	164.17	-1.7746	0.35353	False	-35.519	53.252
MDD_eur	EUR	imaging_dk	global_slope_1lmm	4308	K1_brain_expressed	primary	K1	genome	14424	569124	-0.029263	0.015427	0.05785	-0.028821	0.061176	0.00083091	0.0032439	-0.028301	0.014778	0.055473	0.66807	0.51005	1.3098								False	-0.28055	3.6715
MDD_eur	EUR	imaging_dk	global_slope_1lmm	4308	K2_glial	primary	K2	genome	1782	85128	-0.029263	0.015427	0.05785	-0.028821	0.061176	0.00083091	0.0032439	0.012183	0.014673	0.40638	-0.099663	0.073051	-1.3643	0.94806	0.75085	-1.54	1.1584	3.7638	-1.1778	0.063187	False	-15.167	6.1976
MDD_eur	EUR	imaging_dk	global_slope_1lmm	4308	K2_neuronal	primary	K2	genome	1326	128678	-0.029263	0.015427	0.05785	-0.028821	0.061176	0.00083091	0.0032439	-0.0074807	0.014639	0.60935	0.086517	0.13469	0.64236	1.3131	0.00019996	-1.3381	1.0908	3.4624	0.5889	0.72146	False	-4.4712	5.158
MDD_eur	EUR	imaging_dk	global_slope_1lmm	4308	K3_oligodendrocyte	primary	K3	genome	616	36063	-0.029263	0.015427	0.05785	-0.028821	0.061176	0.00083091	0.0032439	0.021283	0.014844	0.15164	-0.1115	0.028928	-3.8543	0.91641	0.72785	-3.4688	1.1209	5.6458	-3.4385	0.037992	False	-30.049	2.9147
MDD_eur	EUR	imaging_dk	global_slope_1lmm	4308	K3_syngo	primary	K3	genome	1512	104374	-0.029263	0.015427	0.05785	-0.028821	0.061176	0.00083091	0.0032439	0.012889	0.014307	0.36762	-0.12867	0.1049	-1.2267	1.2842	0.00079984	-1.7012	1.1095	3.8893	-1.1056	0.10758	False	-13.358	5.604
MDD_eur	EUR	imaging_dk	global_slope_1lmm	4308	S0_scz_locus_pool	secondary	S0	genome	367	26100	-0.029263	0.015427	0.05785	-0.028821	0.061176	0.00083091	0.0032439	0.0032149	0.015044	0.83078	-0.020162	0.042351	-0.47607	2.4916	0.00019996	-4.1301	1.1533	6.6942	-0.41278	0.54749	False	-15.262	7.0502
MDD_eur	EUR	imaging_dk	global_slope_1lmm	4308	S1_snrna_pc1_bottom	secondary	S1	snrna	1573	103614	-0.029263	0.015427	0.05785	-0.028821	0.061176	0.00083091	0.0032439	-0.0086708	0.014556	0.55138	0.083737	0.096917	0.864	1.0201	0.39692	-1.0782	1.2114	3.5621	0.71323	0.76865	False	-5.0243	8.5424
MDD_eur	EUR	imaging_dk	global_slope_1lmm	4308	S1_snrna_pc1_top	secondary	S1	snrna	1580	173677	-0.029263	0.015427	0.05785	-0.028821	0.061176	0.00083091	0.0032439	-0.0044105	0.014532	0.76151	0.057571	0.17215	0.33442	1.228	0.00019996	-0.95656	1.0771	3.0769	0.31047	0.45551	False	-5.2382	4.5601
MDD_eur	EUR	imaging_dk	global_slope_1lmm	4308	S2_c3_bottom	secondary	S2	ahba	590	29655	-0.029263	0.015427	0.05785	-0.028821	0.061176	0.00083091	0.0032439	5.5986e-05	0.014214	0.99686	-0.00026296	0.025493	-0.010315	0.88621	0.81344	-3.525	1.0882	5.878	-0.0094791	0.64707	False	-14.425	11.034
MDD_eur	EUR	imaging_dk	global_slope_1lmm	4308	S2_c3_top	secondary	S2	ahba	591	42065	-0.029263	0.015427	0.05785	-0.028821	0.061176	0.00083091	0.0032439	-0.018785	0.015066	0.21244	0.11593	0.038903	2.9801	1.0463	0.34553	-2.821	1.5193	5.9585	1.9615	0.4895	False	-6.598	18.116
MDD_eur	EUR	imaging_dk	global_slope_1lmm	4308	S3_c1_bottom	secondary	S3	ahba	571	32066	-0.029263	0.015427	0.05785	-0.028821	0.061176	0.00083091	0.0032439	-0.0084737	0.014555	0.56045	0.044919	0.028486	1.5769	0.93998	0.67946	-3.5343	1.1606	6.117	1.3586	0.88222	False	-9.5768	14.467
MDD_eur	EUR	imaging_dk	global_slope_1lmm	4308	S3_c1_top	secondary	S3	ahba	604	35094	-0.029263	0.015427	0.05785	-0.028821	0.061176	0.00083091	0.0032439	0.014021	0.013926	0.31404	-0.07965	0.033506	-2.3772	1.0337	0.39012	-3.1799	1.4154	6.3052	-1.6796	0.10798	False	-22.618	4.7728
MDD_eur	EUR	imaging_dk	global_slope_1lmm	4308	S3_c2_bottom	secondary	S3	ahba	569	34302	-0.029263	0.015427	0.05785	-0.028821	0.061176	0.00083091	0.0032439	-0.0061396	0.014677	0.67572	0.034605	0.039455	0.87709	1.2719	0.029794	-3.2828	1.2805	5.9555	0.68493	0.85583	False	-8.7719	7.9924
MDD_eur	EUR	imaging_dk	global_slope_1lmm	4308	S3_c2_top	secondary	S3	ahba	606	29768	-0.029263	0.015427	0.05785	-0.028821	0.061176	0.00083091	0.0032439	-0.013333	0.014479	0.35714	0.068418	0.025788	2.6531	0.94997	0.64347	-3.8297	1.295	6.6358	2.0487	0.59428	False	-11.443	18.753
MDD_eur	EUR	imaging_dk	global_slope_1lmm	4308	S4_pls2_bottom	secondary	S4	ahba	586	30112	-0.029263	0.015427	0.05785	-0.028821	0.061176	0.00083091	0.0032439	0.029482	0.0142	0.037882	-0.14068	0.024843	-5.6627	0.90467	0.77065	-4.1908	1.0162	6.321	-5.5722	0.011998	False	-49.405	14.163
MDD_eur	EUR	imaging_dk	global_slope_1lmm	4308	S4_pls2_top	secondary	S4	ahba	582	38163	-0.029263	0.015427	0.05785	-0.028821	0.061176	0.00083091	0.0032439	-0.01492	0.014434	0.30131	0.083703	0.031526	2.655	0.85071	0.90582	-2.8813	1.335	5.8234	1.9888	0.56189	False	-8.0295	15.699
MDD_eur	EUR	imaging_dk	global_slope_1lmm	4308	S5_brain_celltype_markers	secondary	S5	genome	4080	293303	-0.029263	0.015427	0.05785	-0.028821	0.061176	0.00083091	0.0032439	-0.011425	0.014467	0.42966	0.18996	0.28037	0.67755	1.1715	0.00019996	-0.12508	1.1126	2.3399	0.609	0.46071	False	-2.7462	4.4794
MDD_eur	EUR	imaging_dk	global_slope_1lmm	4308	K1c_not_brain_expressed	primary	K1	genome	2276	68251	-0.029263	0.015427	0.05785	-0.028821	0.061176	0.00083091	0.0032439	-0.00074396	0.01446	0.95897	0.0048827	0.051957	0.093976	0.85938	0.95661	-2.023	1.1995	4.6174	0.078344	0.4919	False	-10.841	6.8985
MDD_eur	EUR	imaging_dk	baseline_thickness_1lmm	4308	K1_brain_expressed	primary	K1	genome	14424	569124	-0.023032	0.016217	0.15554	-0.022166	0.17147	-0.0028095	0.0032439	-0.0072203	0.015787	0.64741	0.22161	0.51005	0.43448								False	-4.5338	4.5597
MDD_eur	EUR	imaging_dk	baseline_thickness_1lmm	4308	K2_glial	primary	K2	genome	1782	85128	-0.023032	0.016217	0.15554	-0.022166	0.17147	-0.0028095	0.0032439	-0.013762	0.016243	0.39687	0.14638	0.073051	2.0038	0.94806	0.75085	-3.4813	0.41588	4.1299	4.8183	0.39792	False	-18.981	15.413
MDD_eur	EUR	imaging_dk	baseline_thickness_1lmm	4308	K2_neuronal	primary	K2	genome	1326	128678	-0.023032	0.016217	0.15554	-0.022166	0.17147	-0.0028095	0.0032439	-0.01024	0.016273	0.52921	0.15398	0.13469	1.1432	1.3131	0.00019996	-2.5351	0.84543	4.2885	1.3522	0.86143	False	-8.4781	11.72
MDD_eur	EUR	imaging_dk	baseline_thickness_1lmm	4308	K3_oligodendrocyte	primary	K3	genome	616	36063	-0.023032	0.016217	0.15554	-0.022166	0.17147	-0.0028095	0.0032439	0.02531	0.016367	0.12201	-0.17241	0.028928	-5.9598	0.91641	0.72785	-6.2893	0.37823	6.7211	-15.757	0.060788	False	-57.307	43.358
MDD_eur	EUR	imaging_dk	baseline_thickness_1lmm	4308	K3_syngo	primary	K3	genome	1512	104374	-0.023032	0.016217	0.15554	-0.022166	0.17147	-0.0028095	0.0032439	-0.019661	0.016319	0.22829	0.25519	0.1049	2.4328	1.2842	0.00079984	-3.4709	0.56007	4.4405	4.3437	0.36593	False	-9.5996	17.36
MDD_eur	EUR	imaging_dk	baseline_thickness_1lmm	4308	S0_scz_locus_pool	secondary	S0	genome	367	26100	-0.023032	0.016217	0.15554	-0.022166	0.17147	-0.0028095	0.0032439	0.0021553	0.016004	0.89287	-0.017575	0.042351	-0.41499	2.4916	0.00019996	-7.3333	0.55897	8.158	-0.74242	0.80704	False	-19.551	23.585
MDD_eur	EUR	imaging_dk	baseline_thickness_1lmm	4308	S1_snrna_pc1_bottom	secondary	S1	snrna	1573	103614	-0.023032	0.016217	0.15554	-0.022166	0.17147	-0.0028095	0.0032439	-0.0038319	0.016724	0.81877	0.048116	0.096917	0.49646	1.0201	0.39692	-2.647	0.71931	4.0762	0.69019	0.89302	False	-17.869	10.417
MDD_eur	EUR	imaging_dk	baseline_thickness_1lmm	4308	S1_snrna_pc1_top	secondary	S1	snrna	1580	173677	-0.023032	0.016217	0.15554	-0.022166	0.17147	-0.0028095	0.0032439	-0.022877	0.015996	0.15268	0.38826	0.17215	2.2553	1.228	0.00019996	-1.6975	1.1133	3.8999	2.0259	0.39872	False	-8.1776	14.104
MDD_eur	EUR	imaging_dk	baseline_thickness_1lmm	4308	S2_c3_bottom	secondary	S2	ahba	590	29655	-0.023032	0.016217	0.15554	-0.022166	0.17147	-0.0028095	0.0032439	-0.0060732	0.01578	0.70034	0.037089	0.025493	1.4549	0.88621	0.81344	-5.3142	1.5444	8.4976	0.94205	0.97461	False	-23.273	21.01
MDD_eur	EUR	imaging_dk	baseline_thickness_1lmm	4308	S2_c3_top	secondary	S2	ahba	591	42065	-0.023032	0.016217	0.15554	-0.022166	0.17147	-0.0028095	0.0032439	-0.031162	0.01608	0.052624	0.25006	0.038903	6.4278	1.0463	0.34553	-3.4468	2.5428	8.9451	2.5278	0.22755	False	-27.39	50.404
MDD_eur	EUR	imaging_dk	baseline_thickness_1lmm	4308	S3_c1_bottom	secondary	S3	ahba	571	32066	-0.023032	0.016217	0.15554	-0.022166	0.17147	-0.0028095	0.0032439	0.027169	0.015953	0.088569	-0.18726	0.028486	-6.5736	0.93998	0.67946	-4.4273	2.2825	9.4641	-2.88	0.012797	False	-67.553	46.89
MDD_eur	EUR	imaging_dk	baseline_thickness_1lmm	4308	S3_c1_top	secondary	S3	ahba	604	35094	-0.023032	0.016217	0.15554	-0.022166	0.17147	-0.0028095	0.0032439	0.0083466	0.016293	0.60845	-0.061651	0.033506	-1.84	1.0337	0.39012	-4.7539	1.9806	8.7741	-0.92904	0.26795	False	-30.956	17.076
MDD_eur	EUR	imaging_dk	baseline_thickness_1lmm	4308	S3_c2_bottom	secondary	S3	ahba	569	34302	-0.023032	0.016217	0.15554	-0.022166	0.17147	-0.0028095	0.0032439	-0.011862	0.016355	0.46828	0.086929	0.039455	2.2032	1.2719	0.029794	-4.7761	1.7235	8.2068	1.2783	0.88142	False	-13.946	20.939
MDD_eur	EUR	imaging_dk	baseline_thickness_1lmm	4308	S3_c2_top	secondary	S3	ahba	606	29768	-0.023032	0.016217	0.15554	-0.022166	0.17147	-0.0028095	0.0032439	-0.017366	0.01566	0.26746	0.11586	0.025788	4.493	0.94997	0.64347	-5.2958	1.8379	9.2372	2.4447	0.4779	False	-27.816	51.042
MDD_eur	EUR	imaging_dk	baseline_thickness_1lmm	4308	S4_pls2_bottom	secondary	S4	ahba	586	30112	-0.023032	0.016217	0.15554	-0.022166	0.17147	-0.0028095	0.0032439	-0.019695	0.01645	0.2312	0.12219	0.024843	4.9186	0.90467	0.77065	-5.6523	1.5919	8.9541	3.0898	0.37312	False	-29.057	43.161
MDD_eur	EUR	imaging_dk	baseline_thickness_1lmm	4308	S4_pls2_top	secondary	S4	ahba	582	38163	-0.023032	0.016217	0.15554	-0.022166	0.17147	-0.0028095	0.0032439	-0.021582	0.015869	0.17383	0.15743	0.031526	4.9935	0.85071	0.90582	-3.9963	2.2803	8.353	2.1898	0.38312	False	-28.22	35.749
MDD_eur	EUR	imaging_dk	baseline_thickness_1lmm	4308	S5_brain_celltype_markers	secondary	S5	genome	4080	293303	-0.023032	0.016217	0.15554	-0.022166	0.17147	-0.0028095	0.0032439	-0.014828	0.01584	0.3492	0.32056	0.28037	1.1434	1.1715	0.00019996	-1.116	0.62893	2.3557	1.8179	0.55909	False	-6.3316	7.2562
MDD_eur	EUR	imaging_dk	baseline_thickness_1lmm	4308	K1c_not_brain_expressed	primary	K1	genome	2276	68251	-0.023032	0.016217	0.15554	-0.022166	0.17147	-0.0028095	0.0032439	0.014982	0.015916	0.34655	-0.12785	0.051957	-2.4606	0.85938	0.95661	-4.6233	-0.046508	4.6179	52.907	0.31994	False	-36.017	21.154
MDD_eur	EUR	imaging_hcp	global_slope_1lmm	4308	K1_brain_expressed	primary	K1	genome	14424	569124	-0.033517	0.015358	0.029083	-0.033457	0.028866	0.00087388	0.0032439	-0.034013	0.014651	0.020253	0.69163	0.51005	1.356								True	0.41776	3.1544
MDD_eur	EUR	imaging_hcp	global_slope_1lmm	4308	K2_glial	primary	K2	genome	1782	85128	-0.033517	0.015358	0.029083	-0.033457	0.028866	0.00087388	0.0032439	0.0094049	0.014512	0.51694	-0.066277	0.073051	-0.90727	0.94806	0.75085	-0.97471	1.2475	3.4448	-0.72728	0.060388	True	-10.531	2.0983
MDD_eur	EUR	imaging_hcp	global_slope_1lmm	4308	K2_neuronal	primary	K2	genome	1326	128678	-0.033517	0.015358	0.029083	-0.033457	0.028866	0.00087388	0.0032439	-0.017612	0.014555	0.22626	0.17546	0.13469	1.3028	1.3131	0.00019996	-0.82785	1.2351	3.2719	1.0548	0.94661	True	-1.1992	5.7595
MDD_eur	EUR	imaging_hcp	global_slope_1lmm	4308	K3_oligodendrocyte	primary	K3	genome	616	36063	-0.033517	0.015358	0.029083	-0.033457	0.028866	0.00087388	0.0032439	0.024602	0.014634	0.092723	-0.11103	0.028928	-3.8381	0.91641	0.72785	-2.6216	1.2565	5.0767	-3.0547	0.011198	True	-27.892	0.83111
MDD_eur	EUR	imaging_hcp	global_slope_1lmm	4308	K3_syngo	primary	K3	genome	1512	104374	-0.033517	0.015358	0.029083	-0.033457	0.028866	0.00087388	0.0032439	0.0013286	0.014198	0.92545	-0.011425	0.1049	-0.10892	1.2842	0.00079984	-1.1907	1.2104	3.6039	-0.089987	0.27155	True	-6.1225	2.4173
MDD_eur	EUR	imaging_hcp	global_slope_1lmm	4308	S0_scz_locus_pool	secondary	S0	genome	367	26100	-0.033517	0.015358	0.029083	-0.033457	0.028866	0.00087388	0.0032439	0.0046241	0.014917	0.75656	-0.024981	0.042351	-0.58986	2.4916	0.00019996	-3.3133	1.2019	5.8693	-0.49076	0.42512	True	-11.505	4.3141
MDD_eur	EUR	imaging_hcp	global_slope_1lmm	4308	S1_snrna_pc1_bottom	secondary	S1	snrna	1573	103614	-0.033517	0.015358	0.029083	-0.033457	0.028866	0.00087388	0.0032439	-0.0074234	0.014597	0.61107	0.061756	0.096917	0.6372	1.0201	0.39692	-0.65647	1.2766	3.2445	0.49914	0.53069	True	-4.0224	4.3422
MDD_eur	EUR	imaging_hcp	global_slope_1lmm	4308	S1_snrna_pc1_top	secondary	S1	snrna	1580	173677	-0.033517	0.015358	0.029083	-0.033457	0.028866	0.00087388	0.0032439	-0.012047	0.014618	0.40988	0.13546	0.17215	0.78688	1.228	0.00019996	-0.47309	1.1905	2.8889	0.66098	0.62228	True	-2.0735	3.4725
MDD_eur	EUR	imaging_hcp	global_slope_1lmm	4308	S2_c3_bottom	secondary	S2	ahba	590	29655	-0.033517	0.015358	0.029083	-0.033457	0.028866	0.00087388	0.0032439	-0.004054	0.014198	0.77524	0.016403	0.025493	0.64343	0.88621	0.81344	-2.6574	1.3625	5.3561	0.47225	0.72785	True	-6.1971	7.9123
MDD_eur	EUR	imaging_hcp	global_slope_1lmm	4308	S2_c3_top	secondary	S2	ahba	591	42065	-0.033517	0.015358	0.029083	-0.033457	0.028866	0.00087388	0.0032439	-0.022664	0.015227	0.13665	0.12049	0.038903	3.0972	1.0463	0.34553	-2.0059	1.6645	5.4556	1.8607	0.44231	True	-1.5261	16.665
MDD_eur	EUR	imaging_hcp	global_slope_1lmm	4308	S3_c1_bottom	secondary	S3	ahba	571	32066	-0.033517	0.015358	0.029083	-0.033457	0.028866	0.00087388	0.0032439	-0.0096195	0.014641	0.51115	0.043926	0.028486	1.542	0.93998	0.67946	-2.684	1.3866	5.6506	1.112	0.94781	True	-5.8681	10.332
MDD_eur	EUR	imaging_hcp	global_slope_1lmm	4308	S3_c1_top	secondary	S3	ahba	604	35094	-0.033517	0.015358	0.029083	-0.033457	0.028866	0.00087388	0.0032439	0.0069895	0.013998	0.61755	-0.034204	0.033506	-1.0208	1.0337	0.39012	-2.3665	1.6073	5.7175	-0.63515	0.18916	True	-8.8231	4.9125
MDD_eur	EUR	imaging_hcp	global_slope_1lmm	4308	S3_c2_bottom	secondary	S3	ahba	569	34302	-0.033517	0.015358	0.029083	-0.033457	0.028866	0.00087388	0.0032439	-0.0073227	0.014652	0.61723	0.035554	0.039455	0.90113	1.2719	0.029794	-2.5487	1.3919	5.3315	0.64741	0.80864	True	-5.1102	6.5475
MDD_eur	EUR	imaging_hcp	global_slope_1lmm	4308	S3_c2_top	secondary	S3	ahba	606	29768	-0.033517	0.015358	0.029083	-0.033457	0.028866	0.00087388	0.0032439	-0.018017	0.01441	0.21118	0.079641	0.025788	3.0883	0.94997	0.64347	-2.8592	1.5229	5.9587	2.0279	0.46391	True	-2.9996	17.056
MDD_eur	EUR	imaging_hcp	global_slope_1lmm	4308	S4_pls2_bottom	secondary	S4	ahba	586	30112	-0.033517	0.015358	0.029083	-0.033457	0.028866	0.00087388	0.0032439	0.023362	0.014316	0.10271	-0.096027	0.024843	-3.8654	0.90467	0.77065	-3.2002	1.3108	5.8585	-2.9488	0.022795	True	-39.281	1.1369
MDD_eur	EUR	imaging_hcp	global_slope_1lmm	4308	S4_pls2_top	secondary	S4	ahba	582	38163	-0.033517	0.015358	0.029083	-0.033457	0.028866	0.00087388	0.0032439	-0.018927	0.01463	0.19578	0.091469	0.031526	2.9013	0.85071	0.90582	-2.0425	1.5378	5.2791	1.8867	0.4819	True	-2.5338	13.979
MDD_eur	EUR	imaging_hcp	global_slope_1lmm	4308	S5_brain_celltype_markers	secondary	S5	genome	4080	293303	-0.033517	0.015358	0.029083	-0.033457	0.028866	0.00087388	0.0032439	-0.018102	0.014546	0.21332	0.25926	0.28037	0.92471	1.1715	0.00019996	0.1856	1.2404	2.3079	0.74548	0.53429	True	-0.91106	2.8805
MDD_eur	EUR	imaging_hcp	global_slope_1lmm	4308	K1c_not_brain_expressed	primary	K1	genome	2276	68251	-0.033517	0.015358	0.029083	-0.033457	0.028866	0.00087388	0.0032439	-0.0055528	0.014477	0.70131	0.031393	0.051957	0.60422	0.85938	0.95661	-1.4133	1.3178	4.1928	0.45852	0.61508	True	-5.6835	5.1806
MDD_eur	EUR	imaging_hcp	baseline_thickness_1lmm	4308	K1_brain_expressed	primary	K1	genome	14424	569124	-0.023437	0.016099	0.14544	-0.022125	0.16914	-0.0020227	0.0032439	-0.0081639	0.015712	0.60335	0.25103	0.51005	0.49217								False	-3.5994	5.3556
MDD_eur	EUR	imaging_hcp	baseline_thickness_1lmm	4308	K2_glial	primary	K2	genome	1782	85128	-0.023437	0.016099	0.14544	-0.022125	0.16914	-0.0020227	0.0032439	-0.013972	0.016288	0.391	0.14889	0.073051	2.0382	0.94806	0.75085	-3.4222	0.49536	4.3585	4.1145	0.43151	False	-17.041	15.198
MDD_eur	EUR	imaging_hcp	baseline_thickness_1lmm	4308	K2_neuronal	primary	K2	genome	1326	128678	-0.023437	0.016099	0.14544	-0.022125	0.16914	-0.0020227	0.0032439	-0.003551	0.016428	0.82887	0.053497	0.13469	0.39719	1.3131	0.00019996	-2.4779	0.93649	4.5055	0.42413	0.76705	False	-9.444	14.331
MDD_eur	EUR	imaging_hcp	baseline_thickness_1lmm	4308	K3_oligodendrocyte	primary	K3	genome	616	36063	-0.023437	0.016099	0.14544	-0.022125	0.16914	-0.0020227	0.0032439	0.027777	0.016375	0.089833	-0.18956	0.028928	-6.5528	0.91641	0.72785	-6.1588	0.53758	6.9497	-12.189	0.039992	False	-52.076	53.595
MDD_eur	EUR	imaging_hcp	baseline_thickness_1lmm	4308	K3_syngo	primary	K3	genome	1512	104374	-0.023437	0.016099	0.14544	-0.022125	0.16914	-0.0020227	0.0032439	-0.01542	0.016374	0.34633	0.20052	0.1049	1.9116	1.2842	0.00079984	-3.3782	0.6586	4.6222	2.9026	0.56269	False	-8.9174	12.032
MDD_eur	EUR	imaging_hcp	baseline_thickness_1lmm	4308	S0_scz_locus_pool	secondary	S0	genome	367	26100	-0.023437	0.016099	0.14544	-0.022125	0.16914	-0.0020227	0.0032439	0.0053949	0.015964	0.73541	-0.044073	0.042351	-1.0407	2.4916	0.00019996	-7.1272	0.70452	8.3468	-1.4771	0.66987	False	-21.583	18.476
MDD_eur	EUR	imaging_hcp	baseline_thickness_1lmm	4308	S1_snrna_pc1_bottom	secondary	S1	snrna	1573	103614	-0.023437	0.016099	0.14544	-0.022125	0.16914	-0.0020227	0.0032439	-0.003579	0.016694	0.83024	0.045024	0.096917	0.46456	1.0201	0.39692	-2.6841	0.76923	4.1213	0.60392	0.86303	False	-15.755	11.142
MDD_eur	EUR	imaging_hcp	baseline_thickness_1lmm	4308	S1_snrna_pc1_top	secondary	S1	snrna	1580	173677	-0.023437	0.016099	0.14544	-0.022125	0.16914	-0.0020227	0.0032439	-0.018979	0.016086	0.23805	0.32271	0.17215	1.8746	1.228	0.00019996	-1.6669	1.1674	4.0391	1.6058	0.62467	False	-4.8916	13.331
MDD_eur	EUR	imaging_hcp	baseline_thickness_1lmm	4308	S2_c3_bottom	secondary	S2	ahba	590	29655	-0.023437	0.016099	0.14544	-0.022125	0.16914	-0.0020227	0.0032439	-0.0054977	0.015744	0.72694	0.033637	0.025493	1.3195	0.88621	0.81344	-5.2944	1.6455	8.7178	0.80187	0.92341	False	-18.541	23.747
MDD_eur	EUR	imaging_hcp	baseline_thickness_1lmm	4308	S2_c3_top	secondary	S2	ahba	591	42065	-0.023437	0.016099	0.14544	-0.022125	0.16914	-0.0020227	0.0032439	-0.030519	0.016117	0.058279	0.24535	0.038903	6.3066	1.0463	0.34553	-3.585	2.5874	9.0494	2.4374	0.25235	False	-39.687	37.721
MDD_eur	EUR	imaging_hcp	baseline_thickness_1lmm	4308	S3_c1_bottom	secondary	S3	ahba	571	32066	-0.023437	0.016099	0.14544	-0.022125	0.16914	-0.0020227	0.0032439	0.029381	0.01587	0.064122	-0.20288	0.028486	-7.122	0.93998	0.67946	-4.6295	2.3983	9.7046	-2.9697	0.0095981	False	-56.542	60.175
MDD_eur	EUR	imaging_hcp	baseline_thickness_1lmm	4308	S3_c1_top	secondary	S3	ahba	604	35094	-0.023437	0.016099	0.14544	-0.022125	0.16914	-0.0020227	0.0032439	0.011939	0.016165	0.46018	-0.088346	0.033506	-2.6368	1.0337	0.39012	-4.9674	2.0403	9.0795	-1.2923	0.18676	False	-31.347	25.918
MDD_eur	EUR	imaging_hcp	baseline_thickness_1lmm	4308	S3_c2_bottom	secondary	S3	ahba	569	34302	-0.023437	0.016099	0.14544	-0.022125	0.16914	-0.0020227	0.0032439	-0.0078084	0.016426	0.63452	0.05733	0.039455	1.4531	1.2719	0.029794	-4.865	1.8073	8.4205	0.804	0.91382	False	-11.459	21.028
MDD_eur	EUR	imaging_hcp	baseline_thickness_1lmm	4308	S3_c2_top	secondary	S3	ahba	606	29768	-0.023437	0.016099	0.14544	-0.022125	0.16914	-0.0020227	0.0032439	-0.015305	0.015676	0.3289	0.1023	0.025788	3.9672	0.94997	0.64347	-5.4333	1.8943	9.4242	2.0943	0.58588	False	-23.857	37.397
MDD_eur	EUR	imaging_hcp	baseline_thickness_1lmm	4308	S4_pls2_bottom	secondary	S4	ahba	586	30112	-0.023437	0.016099	0.14544	-0.022125	0.16914	-0.0020227	0.0032439	-0.016944	0.016477	0.30379	0.10532	0.024843	4.2394	0.90467	0.77065	-5.6641	1.7273	9.1087	2.4544	0.5139	False	-34.199	30.39
MDD_eur	EUR	imaging_hcp	baseline_thickness_1lmm	4308	S4_pls2_top	secondary	S4	ahba	582	38163	-0.023437	0.016099	0.14544	-0.022125	0.16914	-0.0020227	0.0032439	-0.020939	0.015783	0.18462	0.15302	0.031526	4.8538	0.85071	0.90582	-4.2029	2.3656	8.6863	2.0518	0.43111	False	-28.863	31.732
MDD_eur	EUR	imaging_hcp	baseline_thickness_1lmm	4308	S5_brain_celltype_markers	secondary	S5	genome	4080	293303	-0.023437	0.016099	0.14544	-0.022125	0.16914	-0.0020227	0.0032439	-0.012132	0.015892	0.44522	0.26276	0.28037	0.93721	1.1715	0.00019996	-1.0328	0.73371	2.5059	1.2773	0.82583	False	-5.6439	8.4064
MDD_eur	EUR	imaging_hcp	baseline_thickness_1lmm	4308	K1c_not_brain_expressed	primary	K1	genome	2276	68251	-0.023437	0.016099	0.14544	-0.022125	0.16914	-0.0020227	0.0032439	0.009571	0.015929	0.54793	-0.081825	0.051957	-1.5749	0.85938	0.95661	-4.4693	0.10192	4.9254	-15.452	0.4887	False	-22.72	19.234
MDD_eur	EUR	symptoms	pfactor	4079	K1_brain_expressed	primary	K1	genome	14424	569124	0.099783	0.012665	3.3149e-15	0.10051	2.161e-15		0.0033643	0.068485	0.012346	2.9041e-08	0.4739	0.50803	0.93282								True	0.69217	1.1553
MDD_eur	EUR	symptoms	pfactor	4079	K2_glial	primary	K2	genome	1782	85128	0.099783	0.012665	3.3149e-15	0.10051	2.161e-15		0.0033643	0.055477	0.011947	3.427e-06	0.13465	0.073553	1.8307	0.96135	0.68906	0.25228	0.91331	1.568	2.0045	0.0059988	True	1.0785	2.6434
MDD_eur	EUR	symptoms	pfactor	4079	K2_neuronal	primary	K2	genome	1326	128678	0.099783	0.012665	3.3149e-15	0.10051	2.161e-15		0.0033643	0.035946	0.012368	0.0036551	0.12266	0.13251	0.92571	1.3034	0.00019996	0.28709	0.89887	1.4813	1.0298	0.92582	True	0.33922	1.5182
MDD_eur	EUR	symptoms	pfactor	4079	K3_oligodendrocyte	primary	K3	genome	616	36063	0.099783	0.012665	3.3149e-15	0.10051	2.161e-15		0.0033643	0.032045	0.011876	0.0069705	0.049869	0.029076	1.7151	0.92869	0.70186	-0.25151	0.89899	1.9894	1.9079	0.14677	True	0.45617	3.0766
MDD_eur	EUR	symptoms	pfactor	4079	K3_syngo	primary	K3	genome	1512	104374	0.099783	0.012665	3.3149e-15	0.10051	2.161e-15		0.0033643	0.029688	0.012516	0.017696	0.08761	0.10326	0.84841	1.2724	0.0011998	0.21029	0.9068	1.5655	0.93561	0.87462	True	0.14171	1.524
MDD_eur	EUR	symptoms	pfactor	4079	S0_scz_locus_pool	secondary	S0	genome	367	26100	0.099783	0.012665	3.3149e-15	0.10051	2.161e-15		0.0033643	0.013272	0.012497	0.28825	0.024651	0.041763	0.59027	2.467	0.00019996	-0.50403	0.89458	2.3093	0.65982	0.68226	True	-0.53695	1.6417
MDD_eur	EUR	symptoms	pfactor	4079	S1_snrna_pc1_bottom	secondary	S1	snrna	1573	103614	0.099783	0.012665	3.3149e-15	0.10051	2.161e-15		0.0033643	0.043916	0.011963	0.00024174	0.1253	0.097487	1.2853	1.0347	0.32234	0.33524	0.92768	1.4874	1.3855	0.20676	True	0.62364	1.9641
MDD_eur	EUR	symptoms	pfactor	4079	S1_snrna_pc1_top	secondary	S1	snrna	1580	173677	0.099783	0.012665	3.3149e-15	0.10051	2.161e-15		0.0033643	0.028887	0.012042	0.016445	0.11153	0.1705	0.65413	1.2274	0.00019996	0.45485	0.90375	1.3738	0.7238	0.28834	True	0.097599	1.0899
MDD_eur	EUR	symptoms	pfactor	4079	S2_c3_bottom	secondary	S2	ahba	590	29655	0.099783	0.012665	3.3149e-15	0.10051	2.161e-15		0.0033643	0.024309	0.012374	0.04947	0.034015	0.025903	1.3132	0.90636	0.76665	-0.0049471	1.1722	2.2849	1.1202	0.80424	True	-0.041774	2.6291
MDD_eur	EUR	symptoms	pfactor	4079	S2_c3_top	secondary	S2	ahba	591	42065	0.099783	0.012665	3.3149e-15	0.10051	2.161e-15		0.0033643	0.025439	0.011662	0.029161	0.04647	0.039034	1.1905	1.0538	0.32533	0.039129	1.1591	2.1656	1.027	0.95221	True	0.11082	2.2862
MDD_eur	EUR	symptoms	pfactor	4079	S3_c1_bottom	secondary	S3	ahba	571	32066	0.099783	0.012665	3.3149e-15	0.10051	2.161e-15		0.0033643	0.027475	0.012372	0.026368	0.043084	0.028392	1.5175	0.94108	0.66727	-0.080127	1.1008	2.204	1.3785	0.4819	True	0.21422	2.9075
MDD_eur	EUR	symptoms	pfactor	4079	S3_c1_top	secondary	S3	ahba	604	35094	0.099783	0.012665	3.3149e-15	0.10051	2.161e-15		0.0033643	0.01623	0.011832	0.17014	0.027437	0.032968	0.83221	1.0214	0.44371	0.0078642	1.174	2.2923	0.7089	0.55509	True	-0.38402	2.0654
MDD_eur	EUR	symptoms	pfactor	4079	S3_c2_bottom	secondary	S3	ahba	569	34302	0.099783	0.012665	3.3149e-15	0.10051	2.161e-15		0.0033643	0.010879	0.012134	0.36995	0.018273	0.040729	0.44866	1.3258	0.011398	-0.023609	1.112	2.162	0.40348	0.23955	True	-0.56733	1.4293
MDD_eur	EUR	symptoms	pfactor	4079	S3_c2_top	secondary	S3	ahba	606	29768	0.099783	0.012665	3.3149e-15	0.10051	2.161e-15		0.0033643	0.017589	0.012548	0.161	0.026699	0.02391	1.1167	0.88546	0.80004	-0.084807	1.1679	2.3303	0.95617	0.92702	True	-0.44327	2.6759
MDD_eur	EUR	symptoms	pfactor	4079	S4_pls2_bottom	secondary	S4	ahba	586	30112	0.099783	0.012665	3.3149e-15	0.10051	2.161e-15		0.0033643	0.018909	0.012596	0.1333	0.026789	0.025372	1.0559	0.92653	0.70506	-0.092082	1.1732	2.3919	0.89994	0.84823	True	-0.39353	2.4455
MDD_eur	EUR	symptoms	pfactor	4079	S4_pls2_top	secondary	S4	ahba	582	38163	0.099783	0.012665	3.3149e-15	0.10051	2.161e-15		0.0033643	0.029079	0.012187	0.017032	0.048416	0.031327	1.5455	0.85333	0.89182	0.045103	1.1543	2.1948	1.3389	0.46991	True	0.26946	2.872
MDD_eur	EUR	symptoms	pfactor	4079	S5_brain_celltype_markers	secondary	S5	genome	4080	293303	0.099783	0.012665	3.3149e-15	0.10051	2.161e-15		0.0033643	0.057441	0.011855	1.2636e-06	0.28087	0.27809	1.01	1.1728	0.00019996	0.60631	0.90105	1.1967	1.1209	0.4823	True	0.65763	1.3411
MDD_eur	EUR	symptoms	pfactor	4079	K1c_not_brain_expressed	primary	K1	genome	2276	68251	0.099783	0.012665	3.3149e-15	0.10051	2.161e-15		0.0033643	0.022529	0.012258	0.066082	0.043832	0.051467	0.85164	0.85503	0.95801	0.13326	0.93545	1.7099	0.91041	0.82264	True	-0.081051	1.7096
MDD_eur	EUR	symptoms	internal	4090	K1_brain_expressed	primary	K1	genome	14424	569124	0.10282	0.013747	7.4485e-14	0.10304	6.5729e-14		0.0033329	0.074078	0.013371	3.0234e-08	0.49676	0.50744	0.97894								True	0.73563	1.2075
MDD_eur	EUR	symptoms	internal	4090	K2_glial	primary	K2	genome	1782	85128	0.10282	0.013747	7.4485e-14	0.10304	6.5729e-14		0.0033329	0.069745	0.013098	1.0109e-07	0.16391	0.073926	2.2172	0.96597	0.66707	0.22231	0.9081	1.5712	2.4416	0.00039992	True	1.4678	3.1984
MDD_eur	EUR	symptoms	internal	4090	K2_neuronal	primary	K2	genome	1326	128678	0.10282	0.013747	7.4485e-14	0.10304	6.5729e-14		0.0033329	0.026852	0.013544	0.04742	0.088639	0.13195	0.67175	1.2991	0.00019996	0.21284	0.86281	1.4695	0.77857	0.56189	True	0.062808	1.2665
MDD_eur	EUR	symptoms	internal	4090	K3_oligodendrocyte	primary	K3	genome	616	36063	0.10282	0.013747	7.4485e-14	0.10304	6.5729e-14		0.0033329	0.032591	0.012949	0.011841	0.049099	0.029454	1.6669	0.94135	0.66667	-0.29712	0.86697	2.0101	1.9227	0.16597	True	0.39097	3.0108
MDD_eur	EUR	symptoms	internal	4090	K3_syngo	primary	K3	genome	1512	104374	0.10282	0.013747	7.4485e-14	0.10304	6.5729e-14		0.0033329	0.026632	0.013283	0.04497	0.076044	0.10275	0.74008	1.2679	0.0013997	0.14416	0.88716	1.5791	0.83422	0.68826	True	0.058159	1.4207
MDD_eur	EUR	symptoms	internal	4090	S0_scz_locus_pool	secondary	S0	genome	367	26100	0.10282	0.013747	7.4485e-14	0.10304	6.5729e-14		0.0033329	0.011543	0.013277	0.38462	0.020735	0.041884	0.49506	2.4814	0.00019996	-0.60067	0.85989	2.3621	0.57572	0.62188	True	-0.77432	1.5609
MDD_eur	EUR	symptoms	internal	4090	S1_snrna_pc1_bottom	secondary	S1	snrna	1573	103614	0.10282	0.013747	7.4485e-14	0.10304	6.5729e-14		0.0033329	0.040226	0.013543	0.0029759	0.11115	0.097801	1.1365	1.0392	0.30074	0.2952	0.91547	1.5184	1.2414	0.46111	True	0.42881	1.878
MDD_eur	EUR	symptoms	internal	4090	S1_snrna_pc1_top	secondary	S1	snrna	1580	173677	0.10282	0.013747	7.4485e-14	0.10304	6.5729e-14		0.0033329	0.031924	0.013059	0.014502	0.11923	0.16991	0.70173	1.2251	0.00019996	0.37859	0.87351	1.3763	0.80335	0.4767	True	0.22206	1.1895
MDD_eur	EUR	symptoms	internal	4090	S2_c3_bottom	secondary	S2	ahba	590	29655	0.10282	0.013747	7.4485e-14	0.10304	6.5729e-14		0.0033329	0.027749	0.012939	0.031977	0.037549	0.025812	1.4547	0.90365	0.77704	-0.13385	1.1127	2.2689	1.3074	0.56989	True	0.16473	2.7671
MDD_eur	EUR	symptoms	internal	4090	S2_c3_top	secondary	S2	ahba	591	42065	0.10282	0.013747	7.4485e-14	0.10304	6.5729e-14		0.0033329	0.023096	0.01269	0.068759	0.040873	0.038924	1.0501	1.0531	0.32654	-0.11836	1.0329	2.123	1.0166	0.97581	True	-0.062876	2.2999
MDD_eur	EUR	symptoms	internal	4090	S3_c1_bottom	secondary	S3	ahba	571	32066	0.10282	0.013747	7.4485e-14	0.10304	6.5729e-14		0.0033329	0.030052	0.013279	0.02363	0.045585	0.028373	1.6066	0.94222	0.66847	-0.24265	1.0093	2.2029	1.5918	0.33833	True	0.26028	3.081
MDD_eur	EUR	symptoms	internal	4090	S3_c1_top	secondary	S3	ahba	604	35094	0.10282	0.013747	7.4485e-14	0.10304	6.5729e-14		0.0033329	0.021173	0.013203	0.10879	0.034642	0.033151	1.045	1.0293	0.42072	-0.18168	1.089	2.2515	0.95957	0.95221	True	-0.29656	2.4234
MDD_eur	EUR	symptoms	internal	4090	S3_c2_bottom	secondary	S3	ahba	569	34302	0.10282	0.013747	7.4485e-14	0.10304	6.5729e-14		0.0033329	0.013312	0.013322	0.31765	0.021637	0.040211	0.53809	1.311	0.014997	-0.13859	1.0325	2.1295	0.52114	0.41752	True	-0.50283	1.6421
MDD_eur	EUR	symptoms	internal	4090	S3_c2_top	secondary	S3	ahba	606	29768	0.10282	0.013747	7.4485e-14	0.10304	6.5729e-14		0.0033329	0.014248	0.013511	0.29163	0.020939	0.024194	0.86545	0.89653	0.77665	-0.2366	1.0943	2.3359	0.79084	0.73625	True	-0.81776	2.4788
MDD_eur	EUR	symptoms	internal	4090	S4_pls2_bottom	secondary	S4	ahba	586	30112	0.10282	0.013747	7.4485e-14	0.10304	6.5729e-14		0.0033329	0.031273	0.013604	0.021514	0.042868	0.025496	1.6813	0.93205	0.68946	-0.2168	1.1281	2.3782	1.4904	0.37233	True	0.24671	3.2199
MDD_eur	EUR	symptoms	internal	4090	S4_pls2_top	secondary	S4	ahba	582	38163	0.10282	0.013747	7.4485e-14	0.10304	6.5729e-14		0.0033329	0.030484	0.013118	0.02014	0.049067	0.031218	1.5717	0.85177	0.89802	-0.12841	1.0374	2.1142	1.5151	0.33873	True	0.2726	3.1088
MDD_eur	EUR	symptoms	internal	4090	S5_brain_celltype_markers	secondary	S5	genome	4080	293303	0.10282	0.013747	7.4485e-14	0.10304	6.5729e-14		0.0033329	0.05647	0.013149	1.7503e-05	0.26734	0.27741	0.9637	1.1711	0.00019996	0.5612	0.87459	1.1934	1.1019	0.57788	True	0.60878	1.3122
MDD_eur	EUR	symptoms	internal	4090	K1c_not_brain_expressed	primary	K1	genome	2276	68251	0.10282	0.013747	7.4485e-14	0.10304	6.5729e-14		0.0033329	0.014701	0.013543	0.27772	0.02767	0.051661	0.5356	0.85903	0.95381	0.12525	0.97916	1.7912	0.547	0.31114	True	-0.52262	1.4721
MDD_eur	EUR	symptoms	external	4090	K1_brain_expressed	primary	K1	genome	14424	569124	0.097926	0.013388	2.5807e-13	0.099253	1.1181e-13		0.0033578	0.073677	0.012995	1.4305e-08	0.51618	0.50862	1.0149								True	0.77417	1.2437
MDD_eur	EUR	symptoms	external	4090	K2_glial	primary	K2	genome	1782	85128	0.097926	0.013388	2.5807e-13	0.099253	1.1181e-13		0.0033578	0.056054	0.012865	1.3181e-05	0.13766	0.07403	1.8595	0.96577	0.66667	0.31427	1.0493	1.752	1.7723	0.024795	True	1.0303	2.7375
MDD_eur	EUR	symptoms	external	4090	K2_neuronal	primary	K2	genome	1326	128678	0.097926	0.013388	2.5807e-13	0.099253	1.1181e-13		0.0033578	0.04734	0.013233	0.00034701	0.1635	0.13281	1.2311	1.3053	0.00019996	0.38101	1.0528	1.6938	1.1693	0.58508	True	0.61716	1.8823
MDD_eur	EUR	symptoms	external	4090	K3_oligodendrocyte	primary	K3	genome	616	36063	0.097926	0.013388	2.5807e-13	0.099253	1.1181e-13		0.0033578	0.036495	0.012831	0.0044507	0.057491	0.029721	1.9344	0.94797	0.64607	-0.16411	1.0597	2.2374	1.8254	0.14477	True	0.67601	3.4025
MDD_eur	EUR	symptoms	external	4090	K3_syngo	primary	K3	genome	1512	104374	0.097926	0.013388	2.5807e-13	0.099253	1.1181e-13		0.0033578	0.04776	0.013241	0.00030988	0.14257	0.10321	1.3814	1.2699	0.0011998	0.30513	1.0404	1.7802	1.3277	0.37153	True	0.6556	2.1479
MDD_eur	EUR	symptoms	external	4090	S0_scz_locus_pool	secondary	S0	genome	367	26100	0.097926	0.013388	2.5807e-13	0.099253	1.1181e-13		0.0033578	0.0194	0.01313	0.13952	0.036461	0.042413	0.85966	2.5082	0.00019996	-0.52534	1.0273	2.6018	0.83678	0.82863	True	-0.24156	1.9757
MDD_eur	EUR	symptoms	external	4090	S1_snrna_pc1_bottom	secondary	S1	snrna	1573	103614	0.097926	0.013388	2.5807e-13	0.099253	1.1181e-13		0.0033578	0.048374	0.012719	0.00014287	0.13968	0.09803	1.4249	1.0393	0.30054	0.37913	1.0108	1.6316	1.4097	0.18436	True	0.71467	2.144
MDD_eur	EUR	symptoms	external	4090	S1_snrna_pc1_top	secondary	S1	snrna	1580	173677	0.097926	0.013388	2.5807e-13	0.099253	1.1181e-13		0.0033578	0.037551	0.012759	0.0032491	0.14665	0.17056	0.85982	1.2269	0.00019996	0.51513	0.9971	1.5018	0.86233	0.56229	True	0.33336	1.3704
MDD_eur	EUR	symptoms	external	4090	S2_c3_bottom	secondary	S2	ahba	590	29655	0.097926	0.013388	2.5807e-13	0.099253	1.1181e-13		0.0033578	0.037332	0.012856	0.003685	0.05281	0.025926	2.0369	0.9021	0.78024	0.079063	1.3254	2.6179	1.5369	0.26795	True	0.68288	3.561
MDD_eur	EUR	symptoms	external	4090	S2_c3_top	secondary	S2	ahba	591	42065	0.097926	0.013388	2.5807e-13	0.099253	1.1181e-13		0.0033578	0.024769	0.012663	0.050474	0.045815	0.039032	1.1738	1.0483	0.34013	0.12978	1.3199	2.436	0.88927	0.80264	True	0.041038	2.3681
MDD_eur	EUR	symptoms	external	4090	S3_c1_bottom	secondary	S3	ahba	571	32066	0.097926	0.013388	2.5807e-13	0.099253	1.1181e-13		0.0033578	0.024422	0.013153	0.063339	0.038742	0.028803	1.3451	0.94972	0.64507	0.068444	1.3013	2.5511	1.0337	0.95021	True	-0.058851	2.8934
MDD_eur	EUR	symptoms	external	4090	S3_c1_top	secondary	S3	ahba	604	35094	0.097926	0.013388	2.5807e-13	0.099253	1.1181e-13		0.0033578	0.013052	0.012432	0.2938	0.022313	0.032987	0.67641	1.0171	0.45431	0.091582	1.3454	2.5453	0.50276	0.29234	True	-0.65828	1.9322
MDD_eur	EUR	symptoms	external	4090	S3_c2_bottom	secondary	S3	ahba	569	34302	0.097926	0.013388	2.5807e-13	0.099253	1.1181e-13		0.0033578	0.018055	0.012896	0.16153	0.030678	0.041045	0.74743	1.3293	0.011398	0.098341	1.2922	2.4416	0.5784	0.36553	True	-0.32952	1.7003
MDD_eur	EUR	symptoms	external	4090	S3_c2_top	secondary	S3	ahba	606	29768	0.097926	0.013388	2.5807e-13	0.099253	1.1181e-13		0.0033578	0.025185	0.013185	0.056121	0.038654	0.023837	1.6216	0.87789	0.81564	-0.022087	1.3503	2.6907	1.2009	0.68746	True	-0.019695	3.3522
MDD_eur	EUR	symptoms	external	4090	S4_pls2_bottom	secondary	S4	ahba	586	30112	0.097926	0.013388	2.5807e-13	0.099253	1.1181e-13		0.0033578	0.029847	0.013315	0.024984	0.042776	0.025569	1.6729	0.92792	0.70186	0.020519	1.3615	2.6718	1.2288	0.65587	True	0.12339	3.2534
MDD_eur	EUR	symptoms	external	4090	S4_pls2_top	secondary	S4	ahba	582	38163	0.097926	0.013388	2.5807e-13	0.099253	1.1181e-13		0.0033578	0.026548	0.01308	0.042384	0.044688	0.03143	1.4219	0.8522	0.89602	0.13467	1.3286	2.4812	1.0702	0.87503	True	0.050675	2.8437
MDD_eur	EUR	symptoms	external	4090	S5_brain_celltype_markers	secondary	S5	genome	4080	293303	0.097926	0.013388	2.5807e-13	0.099253	1.1181e-13		0.0033578	0.069661	0.012698	4.1143e-08	0.34504	0.27893	1.237	1.1752	0.00019996	0.72835	1.0482	1.3809	1.1801	0.25515	True	0.87289	1.6095
MDD_eur	EUR	symptoms	external	4090	K1c_not_brain_expressed	primary	K1	genome	2276	68251	0.097926	0.013388	2.5807e-13	0.099253	1.1181e-13		0.0033578	0.038354	0.012603	0.0023411	0.075407	0.051563	1.4624	0.85561	0.95821	0.21447	1.0521	1.9252	1.39	0.34873	True	0.53224	2.4301
MDD_eur	EUR	symptoms	depress	4086	K1_brain_expressed	primary	K1	genome	14424	569124	0.1143	0.014536	3.7439e-15	0.11521	2.2082e-15		0.0033411	0.079357	0.014194	2.2586e-08	0.47674	0.50782	0.93878								True	0.70143	1.1399
MDD_eur	EUR	symptoms	depress	4086	K2_glial	primary	K2	genome	1782	85128	0.1143	0.014536	3.7439e-15	0.11521	2.2082e-15		0.0033411	0.061414	0.013936	1.0485e-05	0.12936	0.073759	1.7538	0.96265	0.68746	0.2115	0.88335	1.5355	1.9854	0.009998	True	1.038	2.6091
MDD_eur	EUR	symptoms	depress	4086	K2_neuronal	primary	K2	genome	1326	128678	0.1143	0.014536	3.7439e-15	0.11521	2.2082e-15		0.0033411	0.043759	0.014023	0.0018048	0.12956	0.13297	0.97437	1.3039	0.00019996	0.24438	0.85423	1.435	1.1406	0.69826	True	0.39047	1.5171
MDD_eur	EUR	symptoms	depress	4086	K3_oligodendrocyte	primary	K3	genome	616	36063	0.1143	0.014536	3.7439e-15	0.11521	2.2082e-15		0.0033411	0.041762	0.013866	0.002596	0.056369	0.029181	1.9317	0.93023	0.69626	-0.27843	0.85914	1.9498	2.2484	0.054789	True	0.7529	3.3182
MDD_eur	EUR	symptoms	depress	4086	K3_syngo	primary	K3	genome	1512	104374	0.1143	0.014536	3.7439e-15	0.11521	2.2082e-15		0.0033411	0.02464	0.014076	0.080037	0.063026	0.10315	0.61099	1.2696	0.0013997	0.16314	0.86745	1.5604	0.70435	0.4767	True	-0.048493	1.1835
MDD_eur	EUR	symptoms	depress	4086	S0_scz_locus_pool	secondary	S0	genome	367	26100	0.1143	0.014536	3.7439e-15	0.11521	2.2082e-15		0.0033411	0.023713	0.01415	0.093769	0.038219	0.042332	0.90284	2.5013	0.00019996	-0.5633	0.81561	2.2738	1.107	0.89982	True	-0.20107	1.9486
MDD_eur	EUR	symptoms	depress	4086	S1_snrna_pc1_bottom	secondary	S1	snrna	1573	103614	0.1143	0.014536	3.7439e-15	0.11521	2.2082e-15		0.0033411	0.046133	0.013754	0.00079638	0.11426	0.097647	1.1701	1.0352	0.32094	0.29876	0.90053	1.4747	1.2994	0.36033	True	0.5518	1.8307
MDD_eur	EUR	symptoms	depress	4086	S1_snrna_pc1_top	secondary	S1	snrna	1580	173677	0.1143	0.014536	3.7439e-15	0.11521	2.2082e-15		0.0033411	0.040934	0.013937	0.0033127	0.1371	0.1706	0.80361	1.2262	0.00019996	0.38782	0.87114	1.3421	0.92248	0.77585	True	0.30547	1.2784
MDD_eur	EUR	symptoms	depress	4086	S2_c3_bottom	secondary	S2	ahba	590	29655	0.1143	0.014536	3.7439e-15	0.11521	2.2082e-15		0.0033411	0.033166	0.014037	0.018143	0.040235	0.02605	1.5445	0.91062	0.75645	0.029271	1.2023	2.3675	1.2846	0.57788	True	0.21827	2.9305
MDD_eur	EUR	symptoms	depress	4086	S2_c3_top	secondary	S2	ahba	591	42065	0.1143	0.014536	3.7439e-15	0.11521	2.2082e-15		0.0033411	0.035129	0.013851	0.011208	0.05573	0.039406	1.4143	1.0636	0.29894	0.021858	1.155	2.2255	1.2245	0.62628	True	0.34179	2.5404
MDD_eur	EUR	symptoms	depress	4086	S3_c1_bottom	secondary	S3	ahba	571	32066	0.1143	0.014536	3.7439e-15	0.11521	2.2082e-15		0.0033411	0.037769	0.014078	0.0072975	0.051343	0.028448	1.8048	0.94186	0.66747	-0.10933	1.098	2.2904	1.6437	0.23995	True	0.63729	3.1159
MDD_eur	EUR	symptoms	depress	4086	S3_c1_top	secondary	S3	ahba	604	35094	0.1143	0.014536	3.7439e-15	0.11521	2.2082e-15		0.0033411	0.02236	0.013814	0.10554	0.032766	0.032913	0.99553	1.0192	0.44831	-0.034097	1.1663	2.3214	0.85362	0.78064	True	-0.22793	2.3728
MDD_eur	EUR	symptoms	depress	4086	S3_c2_bottom	secondary	S3	ahba	569	34302	0.1143	0.014536	3.7439e-15	0.11521	2.2082e-15		0.0033411	0.0062548	0.013836	0.65123	0.0091015	0.040231	0.22623	1.3078	0.017197	-0.016008	1.1218	2.197	0.20166	0.12038	True	-0.89621	1.0982
MDD_eur	EUR	symptoms	depress	4086	S3_c2_top	secondary	S3	ahba	606	29768	0.1143	0.014536	3.7439e-15	0.11521	2.2082e-15		0.0033411	0.015393	0.014403	0.28516	0.020261	0.023918	0.84711	0.88428	0.80004	-0.10409	1.1636	2.3709	0.72801	0.61308	True	-0.79716	2.4222
MDD_eur	EUR	symptoms	depress	4086	S4_pls2_bottom	secondary	S4	ahba	586	30112	0.1143	0.014536	3.7439e-15	0.11521	2.2082e-15		0.0033411	0.029313	0.014129	0.038013	0.035997	0.025441	1.4149	0.92751	0.69806	-0.066151	1.214	2.4363	1.1655	0.75905	True	0.12088	2.8507
MDD_eur	EUR	symptoms	depress	4086	S4_pls2_top	secondary	S4	ahba	582	38163	0.1143	0.014536	3.7439e-15	0.11521	2.2082e-15		0.0033411	0.04988	0.01416	0.00042716	0.072004	0.031504	2.2855	0.85702	0.88622	0.029265	1.1284	2.2218	2.0255	0.040792	True	1.0471	3.6839
MDD_eur	EUR	symptoms	depress	4086	S5_brain_celltype_markers	secondary	S5	genome	4080	293303	0.1143	0.014536	3.7439e-15	0.11521	2.2082e-15		0.0033411	0.067483	0.013797	1.0028e-06	0.28642	0.27847	1.0286	1.1721	0.00019996	0.55604	0.86282	1.1646	1.1921	0.28714	True	0.6989	1.3916
MDD_eur	EUR	symptoms	depress	4086	K1c_not_brain_expressed	primary	K1	genome	2276	68251	0.1143	0.014536	3.7439e-15	0.11521	2.2082e-15		0.0033411	0.01592	0.013745	0.24675	0.026869	0.051826	0.51844	0.86185	0.95061	0.10088	0.91078	1.7155	0.56923	0.33633	True	-0.34436	1.3749
MDD_eur	EUR	symptoms	thought	4089	K1_brain_expressed	primary	K1	genome	14424	569124	0.099926	0.013616	2.1502e-13	0.10063	1.4822e-13		0.0033158	0.056153	0.013542	3.3763e-05	0.38373	0.50693	0.75698								True	0.50238	1.0039
MDD_eur	EUR	symptoms	thought	4089	K2_glial	primary	K2	genome	1782	85128	0.099926	0.013616	2.1502e-13	0.10063	1.4822e-13		0.0033158	0.03676	0.013255	0.0055483	0.087948	0.073213	1.2013	0.9592	0.70106	0.0069398	0.72109	1.4328	1.6659	0.18156	True	0.37931	2.0571
MDD_eur	EUR	symptoms	thought	4089	K2_neuronal	primary	K2	genome	1326	128678	0.099926	0.013616	2.1502e-13	0.10063	1.4822e-13		0.0033158	0.032851	0.013279	0.013365	0.11051	0.13219	0.83598	1.3015	0.00019996	0.0474	0.68725	1.3505	1.2164	0.68066	True	0.15619	1.4589
MDD_eur	EUR	symptoms	thought	4089	K3_oligodendrocyte	primary	K3	genome	616	36063	0.099926	0.013616	2.1502e-13	0.10063	1.4822e-13		0.0033158	0.033823	0.013442	0.011863	0.05184	0.028963	1.7899	0.92682	0.70386	-0.5156	0.71727	1.8929	2.4954	0.076385	True	0.38853	3.3654
MDD_eur	EUR	symptoms	thought	4089	K3_syngo	primary	K3	genome	1512	104374	0.099926	0.013616	2.1502e-13	0.10063	1.4822e-13		0.0033158	0.010017	0.013604	0.46153	0.029121	0.10259	0.28387	1.2673	0.0013997	-0.028553	0.69146	1.4236	0.41054	0.28434	True	-0.54641	0.95514
MDD_eur	EUR	symptoms	thought	4089	S0_scz_locus_pool	secondary	S0	genome	367	26100	0.099926	0.013616	2.1502e-13	0.10063	1.4822e-13		0.0033158	0.013811	0.013902	0.32046	0.025283	0.04196	0.60255	2.4849	0.00019996	-0.86887	0.67098	2.1354	0.89802	0.92702	True	-0.66065	1.7329
MDD_eur	EUR	symptoms	thought	4089	S1_snrna_pc1_bottom	secondary	S1	snrna	1573	103614	0.099926	0.013616	2.1502e-13	0.10063	1.4822e-13		0.0033158	0.029588	0.013484	0.028217	0.083213	0.096926	0.85852	1.0309	0.34013	0.087289	0.73866	1.3615	1.1623	0.68866	True	0.10899	1.642
MDD_eur	EUR	symptoms	thought	4089	S1_snrna_pc1_top	secondary	S1	snrna	1580	173677	0.099926	0.013616	2.1502e-13	0.10063	1.4822e-13		0.0033158	0.02956	0.013325	0.026526	0.11253	0.1702	0.66118	1.2279	0.00019996	0.18051	0.69961	1.2017	0.94506	0.87582	True	0.077595	1.1618
MDD_eur	EUR	symptoms	thought	4089	S2_c3_bottom	secondary	S2	ahba	590	29655	0.099926	0.013616	2.1502e-13	0.10063	1.4822e-13		0.0033158	0.021686	0.014003	0.12145	0.0299	0.025972	1.1513	0.90719	0.76465	-0.048646	1.1945	2.4074	0.96376	0.95021	True	-0.38305	2.6017
MDD_eur	EUR	symptoms	thought	4089	S2_c3_top	secondary	S2	ahba	591	42065	0.099926	0.013616	2.1502e-13	0.10063	1.4822e-13		0.0033158	0.030016	0.013337	0.024414	0.054101	0.039126	1.3828	1.057	0.31754	-0.0032254	1.1558	2.2601	1.1964	0.69026	True	0.19076	2.6589
MDD_eur	EUR	symptoms	thought	4089	S3_c1_bottom	secondary	S3	ahba	571	32066	0.099926	0.013616	2.1502e-13	0.10063	1.4822e-13		0.0033158	0.026651	0.013436	0.047298	0.041203	0.028574	1.442	0.94635	0.65427	-0.17514	1.0838	2.2265	1.3305	0.54389	True	0.077375	2.9493
MDD_eur	EUR	symptoms	thought	4089	S3_c1_top	secondary	S3	ahba	604	35094	0.099926	0.013616	2.1502e-13	0.10063	1.4822e-13		0.0033158	0.012258	0.013132	0.35061	0.020428	0.032811	0.6226	1.0165	0.45511	-0.1215	1.1687	2.3808	0.53272	0.37472	True	-0.80526	1.9653
MDD_eur	EUR	symptoms	thought	4089	S3_c2_bottom	secondary	S3	ahba	569	34302	0.099926	0.013616	2.1502e-13	0.10063	1.4822e-13		0.0033158	0.0047537	0.013455	0.72385	0.0078669	0.040301	0.1952	1.3126	0.015797	-0.03416	1.0953	2.2331	0.17822	0.12318	True	-1.0267	1.2517
MDD_eur	EUR	symptoms	thought	4089	S3_c2_top	secondary	S3	ahba	606	29768	0.099926	0.013616	2.1502e-13	0.10063	1.4822e-13		0.0033158	0.028759	0.01373	0.036206	0.043058	0.024028	1.792	0.88817	0.79544	-0.17742	1.1293	2.4122	1.5869	0.31354	True	0.19511	3.5928
MDD_eur	EUR	symptoms	thought	4089	S4_pls2_bottom	secondary	S4	ahba	586	30112	0.099926	0.013616	2.1502e-13	0.10063	1.4822e-13		0.0033158	0.011614	0.014134	0.41128	0.016212	0.02535	0.63953	0.92503	0.70966	-0.13697	1.1702	2.4524	0.5465	0.41112	True	-0.98381	2.1348
MDD_eur	EUR	symptoms	thought	4089	S4_pls2_top	secondary	S4	ahba	582	38163	0.099926	0.013616	2.1502e-13	0.10063	1.4822e-13		0.0033158	0.024248	0.013627	0.075178	0.039791	0.031608	1.2589	0.86033	0.88222	-0.032679	1.1362	2.2279	1.108	0.83983	True	-0.22237	2.8025
MDD_eur	EUR	symptoms	thought	4089	S5_brain_celltype_markers	secondary	S5	genome	4080	293303	0.099926	0.013616	2.1502e-13	0.10063	1.4822e-13		0.0033158	0.046701	0.012962	0.00031458	0.22533	0.27755	0.81186	1.1731	0.00019996	0.36423	0.69781	1.0236	1.1634	0.4947	True	0.41382	1.1571
MDD_eur	EUR	symptoms	thought	4089	K1c_not_brain_expressed	primary	K1	genome	2276	68251	0.099926	0.013616	2.1502e-13	0.10063	1.4822e-13		0.0033158	0.012099	0.013444	0.36815	0.023189	0.051293	0.45209	0.85466	0.96081	-0.14911	0.73003	1.5835	0.61928	0.52989	True	-0.49463	1.3686
MDD_pooled	pooled	imaging_dk	global_slope_1lmm	8596	K1_brain_expressed	primary	K1	genome	14414	560185	-0.025336	0.01058	0.016633	-0.025096	0.017563	-0.00016654	0.0027374	-0.019496	0.010331	0.05915	0.51177	0.50852	1.0064								True	-0.10858	1.9064
MDD_pooled	pooled	imaging_dk	global_slope_1lmm	8596	K2_glial	primary	K2	genome	1783	83787	-0.025336	0.01058	0.016633	-0.025096	0.017563	-0.00016654	0.0027374	-0.002141	0.010345	0.83605	0.018676	0.070336	0.26552	0.91398	0.79684	-1.3168	0.92032	3.1825	0.28851	0.57788	True	-4.8606	3.2795
MDD_pooled	pooled	imaging_dk	global_slope_1lmm	8596	K2_neuronal	primary	K2	genome	1324	127092	-0.025336	0.01058	0.016633	-0.025096	0.017563	-0.00016654	0.0027374	0.00050157	0.010406	0.96156	-0.0062089	0.13968	-0.044452	1.3535	0.00019996	-1.1943	0.55282	2.3136	-0.08041	0.4903	True	-4.2711	1.8158
MDD_pooled	pooled	imaging_dk	global_slope_1lmm	8596	K3_oligodendrocyte	primary	K3	genome	616	35575	-0.025336	0.01058	0.016633	-0.025096	0.017563	-0.00016654	0.0027374	0.0079249	0.010399	0.44601	-0.045027	0.031793	-1.4163	1.0089	0.4801	-2.5914	0.70103	4.046	-2.0203	0.21076	True	-10.954	2.6333
MDD_pooled	pooled	imaging_dk	global_slope_1lmm	8596	K3_syngo	primary	K3	genome	1511	102867	-0.025336	0.01058	0.016633	-0.025096	0.017563	-0.00016654	0.0027374	0.011532	0.010315	0.26358	-0.12259	0.10623	-1.154	1.3102	0.0029994	-1.3371	0.69288	2.7623	-1.6655	0.071186	True	-9.2808	0.79083
MDD_pooled	pooled	imaging_dk	global_slope_1lmm	8596	S0_scz_locus_pool	secondary	S0	genome	368	25706	-0.025336	0.01058	0.016633	-0.025096	0.017563	-0.00016654	0.0027374	0.0059708	0.010422	0.5667	-0.038866	0.036314	-1.0703	2.1153	0.00019996	-3.9717	0.74008	5.5963	-1.4462	0.44311	True	-9.9038	2.6639
MDD_pooled	pooled	imaging_dk	global_slope_1lmm	8596	S1_snrna_pc1_bottom	secondary	S1	snrna	1573	102032	-0.025336	0.01058	0.016633	-0.025096	0.017563	-0.00016654	0.0027374	0.014039	0.010172	0.16755	-0.14611	0.099775	-1.4644	1.0292	0.37493	-1.1718	0.70196	2.5734	-2.0862	0.027994	True	-9.5527	0.61804
MDD_pooled	pooled	imaging_dk	global_slope_1lmm	8596	S1_snrna_pc1_top	secondary	S1	snrna	1580	171207	-0.025336	0.01058	0.016633	-0.025096	0.017563	-0.00016654	0.0027374	-0.0016007	0.010302	0.87652	0.022536	0.17516	0.12866	1.2299	0.00019996	-0.79249	0.53787	1.8566	0.2392	0.54189	True	-3.2605	1.6962
MDD_pooled	pooled	imaging_dk	global_slope_1lmm	8596	S2_c3_bottom	secondary	S2	ahba	589	29137	-0.025336	0.01058	0.016633	-0.025096	0.017563	-0.00016654	0.0027374	0.00075503	0.010184	0.9409	-0.0038023	0.030728	-0.12374	1.0028	0.4927	-2.3898	0.8023	4.3518	-0.15423	0.57948	True	-6.5208	4.2054
MDD_pooled	pooled	imaging_dk	global_slope_1lmm	8596	S2_c3_top	secondary	S2	ahba	591	41385	-0.025336	0.01058	0.016633	-0.025096	0.017563	-0.00016654	0.0027374	-0.013037	0.010437	0.21162	0.084702	0.039433	2.148	0.9963	0.5091	-2.1738	0.85407	4.0456	2.515	0.40632	True	-2.2417	8.5202
MDD_pooled	pooled	imaging_dk	global_slope_1lmm	8596	S3_c1_bottom	secondary	S3	ahba	571	31539	-0.025336	0.01058	0.016633	-0.025096	0.017563	-0.00016654	0.0027374	-0.013191	0.010355	0.2027	0.074159	0.026249	2.8253	0.80992	0.88342	-2.3969	1.1753	5.0541	2.4038	0.37233	True	-2.5084	12.656
MDD_pooled	pooled	imaging_dk	global_slope_1lmm	8596	S3_c1_top	secondary	S3	ahba	603	34603	-0.025336	0.01058	0.016633	-0.025096	0.017563	-0.00016654	0.0027374	0.0069473	0.010063	0.48998	-0.041238	0.031757	-1.2986	0.92155	0.69386	-2.6679	0.9974	4.8518	-1.3019	0.21116	True	-11.021	2.9595
MDD_pooled	pooled	imaging_dk	global_slope_1lmm	8596	S3_c2_bottom	secondary	S3	ahba	567	33889	-0.025336	0.01058	0.016633	-0.025096	0.017563	-0.00016654	0.0027374	0.00070548	0.010242	0.94508	-0.0043141	0.036875	-0.11699	1.1187	0.23455	-2.1898	0.88988	4.3586	-0.13147	0.53189	True	-6.8952	3.8222
MDD_pooled	pooled	imaging_dk	global_slope_1lmm	8596	S3_c2_top	secondary	S3	ahba	606	29295	-0.025336	0.01058	0.016633	-0.025096	0.017563	-0.00016654	0.0027374	-0.011241	0.010265	0.27348	0.06139	0.029865	2.0556	1.0403	0.41372	-2.5723	0.96149	4.7424	2.1379	0.55629	True	-2.3966	10.059
MDD_pooled	pooled	imaging_dk	global_slope_1lmm	8596	S4_pls2_bottom	secondary	S4	ahba	585	29631	-0.025336	0.01058	0.016633	-0.025096	0.017563	-0.00016654	0.0027374	0.01539	0.010352	0.13709	-0.079877	0.035216	-2.2682	1.2001	0.13617	-2.3053	0.7119	3.8224	-3.1862	0.054789	True	-12.604	0.60766
MDD_pooled	pooled	imaging_dk	global_slope_1lmm	8596	S4_pls2_top	secondary	S4	ahba	582	37585	-0.025336	0.01058	0.016633	-0.025096	0.017563	-0.00016654	0.0027374	-0.0077501	0.010143	0.44479	0.04545	0.035788	1.27	0.90742	0.73065	-2.0831	0.69824	3.6519	1.8188	0.72345	True	-3.3832	6.0711
MDD_pooled	pooled	imaging_dk	global_slope_1lmm	8596	S5_brain_celltype_markers	secondary	S5	genome	4078	288990	-0.025336	0.01058	0.016633	-0.025096	0.017563	-0.00016654	0.0027374	-0.0017256	0.010264	0.8665	0.032128	0.29049	0.1106	1.2142	0.00019996	-0.27799	0.6756	1.5968	0.1637	0.23555	True	-2.8925	1.2326
MDD_pooled	pooled	imaging_dk	global_slope_1lmm	8596	K1c_not_brain_expressed	primary	K1	genome	2278	66879	-0.025336	0.01058	0.016633	-0.025096	0.017563	-0.00016654	0.0027374	0.00056573	0.01026	0.95603	-0.0041209	0.043687	-0.094327	0.74666	0.99	-1.3635	1.1286	3.7775	-0.08358	0.33313	True	-5.9077	4.0484
MDD_pooled	pooled	imaging_dk	baseline_thickness_1lmm	8596	K1_brain_expressed	primary	K1	genome	14414	560185	-0.0034072	0.011029	0.75738	-0.002752	0.80297	-0.0016152	0.0027374	-0.0039227	0.010688	0.71361	0.93902	0.50852	1.8466								False	-13.237	11.338
MDD_pooled	pooled	imaging_dk	baseline_thickness_1lmm	8596	K2_glial	primary	K2	genome	1783	83787	-0.0034072	0.011029	0.75738	-0.002752	0.80297	-0.0016152	0.0027374	-0.013562	0.011136	0.22329	1.0788	0.070336	15.338	0.91398	0.79684	-20.863	2.237	25.944	6.8563	0.27394	False	-77.741	43.52
MDD_pooled	pooled	imaging_dk	baseline_thickness_1lmm	8596	K2_neuronal	primary	K2	genome	1324	127092	-0.0034072	0.011029	0.75738	-0.002752	0.80297	-0.0016152	0.0027374	-0.0016204	0.010968	0.88254	0.18293	0.13968	1.3097	1.3535	0.00019996	-18.706	-1.3868	16.337	-0.94439	0.77225	False	-20.892	36.688
MDD_pooled	pooled	imaging_dk	baseline_thickness_1lmm	8596	K3_oligodendrocyte	primary	K3	genome	616	35575	-0.0034072	0.011029	0.75738	-0.002752	0.80297	-0.0016152	0.0027374	0.013316	0.011169	0.23317	-0.68996	0.031793	-21.701	1.0089	0.4801	-34.7	-0.19767	35.894	109.79	0.22236	False	-85.087	116.87
MDD_pooled	pooled	imaging_dk	baseline_thickness_1lmm	8596	K3_syngo	primary	K3	genome	1511	102867	-0.0034072	0.011029	0.75738	-0.002752	0.80297	-0.0016152	0.0027374	-0.0095235	0.011121	0.39179	0.92324	0.10623	8.6906	1.3102	0.0029994	-21.363	-0.066627	22.713	-130.44	0.43711	False	-34.122	43.104
MDD_pooled	pooled	imaging_dk	baseline_thickness_1lmm	8596	S0_scz_locus_pool	secondary	S0	genome	368	25706	-0.0034072	0.011029	0.75738	-0.002752	0.80297	-0.0016152	0.0027374	0.005078	0.011245	0.65156	-0.30144	0.036314	-8.3007	2.1153	0.00019996	-47.679	0.39942	53.585	-20.782	0.73665	False	-79.969	97.158
MDD_pooled	pooled	imaging_dk	baseline_thickness_1lmm	8596	S1_snrna_pc1_bottom	secondary	S1	snrna	1573	102032	-0.0034072	0.011029	0.75738	-0.002752	0.80297	-0.0016152	0.0027374	0.00018023	0.011176	0.98713	-0.017105	0.099775	-0.17144	1.0292	0.37493	-17.294	1.7249	23.017	-0.099394	0.83783	False	-40.776	33.921
MDD_pooled	pooled	imaging_dk	baseline_thickness_1lmm	8596	S1_snrna_pc1_top	secondary	S1	snrna	1580	171207	-0.0034072	0.011029	0.75738	-0.002752	0.80297	-0.0016152	0.0027374	-0.010287	0.010887	0.34471	1.3208	0.17516	7.5402	1.2299	0.00019996	-13.704	0.23633	14.425	31.905	0.30554	False	-32.902	31.116
MDD_pooled	pooled	imaging_dk	baseline_thickness_1lmm	8596	S2_c3_bottom	secondary	S2	ahba	589	29137	-0.0034072	0.011029	0.75738	-0.002752	0.80297	-0.0016152	0.0027374	0.00081854	0.010847	0.93985	-0.037591	0.030728	-1.2233	1.0028	0.4927	-26.726	5.9025	42.924	-0.20726	0.67346	False	-50.91	55.858
MDD_pooled	pooled	imaging_dk	baseline_thickness_1lmm	8596	S2_c3_top	secondary	S2	ahba	591	41385	-0.0034072	0.011029	0.75738	-0.002752	0.80297	-0.0016152	0.0027374	-0.016206	0.011106	0.14451	0.9602	0.039433	24.35	0.9963	0.5091	-21.173	8.0121	41.811	3.0391	0.31194	False	-126.58	100.14
MDD_pooled	pooled	imaging_dk	baseline_thickness_1lmm	8596	S3_c1_bottom	secondary	S3	ahba	571	31539	-0.0034072	0.011029	0.75738	-0.002752	0.80297	-0.0016152	0.0027374	0.011079	0.010928	0.31064	-0.56801	0.026249	-21.64	0.80992	0.88342	-24.922	10.77	50.911	-2.0094	0.071586	False	-80.305	159.83
MDD_pooled	pooled	imaging_dk	baseline_thickness_1lmm	8596	S3_c1_top	secondary	S3	ahba	603	34603	-0.0034072	0.011029	0.75738	-0.002752	0.80297	-0.0016152	0.0027374	-0.0030224	0.010951	0.78255	0.1636	0.031757	5.1517	0.92155	0.69386	-27.117	9.2138	48.329	0.55913	0.83343	False	-57.631	55.382
MDD_pooled	pooled	imaging_dk	baseline_thickness_1lmm	8596	S3_c2_bottom	secondary	S3	ahba	567	33889	-0.0034072	0.011029	0.75738	-0.002752	0.80297	-0.0016152	0.0027374	0.0051745	0.010951	0.63655	-0.28856	0.036875	-7.8252	1.1187	0.23455	-26.432	6.2925	41.411	-1.2436	0.39912	False	-54.95	68.165
MDD_pooled	pooled	imaging_dk	baseline_thickness_1lmm	8596	S3_c2_top	secondary	S3	ahba	606	29295	-0.0034072	0.011029	0.75738	-0.002752	0.80297	-0.0016152	0.0027374	0.0021017	0.010804	0.84576	-0.10467	0.029865	-3.5049	1.0403	0.41372	-28.59	7.3229	47.805	-0.47863	0.56309	False	-66.278	63.253
MDD_pooled	pooled	imaging_dk	baseline_thickness_1lmm	8596	S4_pls2_bottom	secondary	S4	ahba	585	29631	-0.0034072	0.011029	0.75738	-0.002752	0.80297	-0.0016152	0.0027374	-0.0040475	0.010989	0.71263	0.19157	0.035216	5.4398	1.2001	0.13617	-29.69	1.5588	35.228	3.4898	0.81704	False	-47.874	46.11
MDD_pooled	pooled	imaging_dk	baseline_thickness_1lmm	8596	S4_pls2_top	secondary	S4	ahba	582	37585	-0.0034072	0.011029	0.75738	-0.002752	0.80297	-0.0016152	0.0027374	-0.012928	0.011073	0.24301	0.69137	0.035788	19.318	0.90742	0.73065	-22.94	6.1561	37.223	3.1381	0.38832	False	-105.66	82.077
MDD_pooled	pooled	imaging_dk	baseline_thickness_1lmm	8596	S5_brain_celltype_markers	secondary	S5	genome	4078	288990	-0.0034072	0.011029	0.75738	-0.002752	0.80297	-0.0016152	0.0027374	-0.0052267	0.010828	0.62931	0.88744	0.29049	3.0549	1.2142	0.00019996	-10.366	-0.4632	9.617	-6.5954	0.4975	False	-17.516	17.89
MDD_pooled	pooled	imaging_dk	baseline_thickness_1lmm	8596	K1c_not_brain_expressed	primary	K1	genome	2278	66879	-0.0034072	0.011029	0.75738	-0.002752	0.80297	-0.0016152	0.0027374	0.0090327	0.010921	0.40818	-0.60001	0.043687	-13.734	0.74666	0.99	-23.754	2.0689	29.234	-6.6385	0.24955	False	-88.282	67.395
MDD_pooled	pooled	imaging_hcp	global_slope_1lmm	8596	K1_brain_expressed	primary	K1	genome	14414	560185	-0.02471	0.010562	0.019311	-0.024573	0.019818	9.884e-05	0.0027374	-0.01956	0.010267	0.056764	0.52437	0.50852	1.0312								True	0.046228	1.9277
MDD_pooled	pooled	imaging_hcp	global_slope_1lmm	8596	K2_glial	primary	K2	genome	1783	83787	-0.02471	0.010562	0.019311	-0.024573	0.019818	9.884e-05	0.0027374	-0.0041281	0.010216	0.68614	0.036776	0.070336	0.52286	0.91398	0.79684	-1.1986	1.0306	3.3403	0.50733	0.67227	True	-4.6085	3.9223
MDD_pooled	pooled	imaging_hcp	global_slope_1lmm	8596	K2_neuronal	primary	K2	genome	1324	127092	-0.02471	0.010562	0.019311	-0.024573	0.019818	9.884e-05	0.0027374	-0.0022596	0.010298	0.82633	0.028567	0.13968	0.20452	1.3535	0.00019996	-1.1885	0.55103	2.3	0.37116	0.70626	True	-3.6526	2.1157
MDD_pooled	pooled	imaging_hcp	global_slope_1lmm	8596	K3_oligodendrocyte	primary	K3	genome	616	35575	-0.02471	0.010562	0.019311	-0.024573	0.019818	9.884e-05	0.0027374	0.0093263	0.010255	0.36311	-0.054118	0.031793	-1.7022	1.0089	0.4801	-2.5852	0.7171	4.1604	-2.3737	0.13997	True	-12.352	2.153
MDD_pooled	pooled	imaging_hcp	global_slope_1lmm	8596	K3_syngo	primary	K3	genome	1511	102867	-0.02471	0.010562	0.019311	-0.024573	0.019818	9.884e-05	0.0027374	0.006946	0.01023	0.49716	-0.075413	0.10623	-0.70987	1.3102	0.0029994	-1.311	0.71162	2.82	-0.99754	0.17636	True	-6.8448	1.2321
MDD_pooled	pooled	imaging_hcp	global_slope_1lmm	8596	S0_scz_locus_pool	secondary	S0	genome	368	25706	-0.02471	0.010562	0.019311	-0.024573	0.019818	9.884e-05	0.0027374	0.0057813	0.010382	0.57762	-0.038434	0.036314	-1.0584	2.1153	0.00019996	-3.8271	0.76665	5.7753	-1.3805	0.43591	True	-10.806	2.6174
MDD_pooled	pooled	imaging_hcp	global_slope_1lmm	8596	S1_snrna_pc1_bottom	secondary	S1	snrna	1573	102032	-0.02471	0.010562	0.019311	-0.024573	0.019818	9.884e-05	0.0027374	0.01668	0.010235	0.10319	-0.17729	0.099775	-1.7769	1.0292	0.37493	-1.2081	0.72141	2.5872	-2.463	0.011998	True	-10.735	0.36079
MDD_pooled	pooled	imaging_hcp	global_slope_1lmm	8596	S1_snrna_pc1_top	secondary	S1	snrna	1580	171207	-0.02471	0.010562	0.019311	-0.024573	0.019818	9.884e-05	0.0027374	-0.0020246	0.010273	0.84377	0.029112	0.17516	0.1662	1.2299	0.00019996	-0.80279	0.50302	1.8684	0.3304	0.61988	True	-3.1947	1.6815
MDD_pooled	pooled	imaging_hcp	global_slope_1lmm	8596	S2_c3_bottom	secondary	S2	ahba	589	29137	-0.02471	0.010562	0.019311	-0.024573	0.019818	9.884e-05	0.0027374	-0.0058829	0.010158	0.56249	0.030257	0.030728	0.98467	1.0028	0.4927	-2.4802	0.72145	4.2229	1.3648	0.86903	True	-4.0246	5.9507
MDD_pooled	pooled	imaging_hcp	global_slope_1lmm	8596	S2_c3_top	secondary	S2	ahba	591	41385	-0.02471	0.010562	0.019311	-0.024573	0.019818	9.884e-05	0.0027374	-0.013916	0.010466	0.18364	0.092334	0.039433	2.3415	0.9963	0.5091	-2.2292	0.80381	4.0779	2.913	0.33113	True	-1.602	9.5762
MDD_pooled	pooled	imaging_hcp	global_slope_1lmm	8596	S3_c1_bottom	secondary	S3	ahba	571	31539	-0.02471	0.010562	0.019311	-0.024573	0.019818	9.884e-05	0.0027374	-0.014325	0.010337	0.1658	0.082249	0.026249	3.1335	0.80992	0.88342	-2.3692	1.1121	4.9569	2.8176	0.27554	True	-1.9428	13.573
MDD_pooled	pooled	imaging_hcp	global_slope_1lmm	8596	S3_c1_top	secondary	S3	ahba	603	34603	-0.02471	0.010562	0.019311	-0.024573	0.019818	9.884e-05	0.0027374	0.0067602	0.010033	0.50044	-0.040981	0.031757	-1.2905	0.92155	0.69386	-2.6308	1.0033	4.804	-1.2862	0.20436	True	-10.884	2.6459
MDD_pooled	pooled	imaging_hcp	global_slope_1lmm	8596	S3_c2_bottom	secondary	S3	ahba	567	33889	-0.02471	0.010562	0.019311	-0.024573	0.019818	9.884e-05	0.0027374	0.0017079	0.010267	0.86789	-0.010666	0.036875	-0.28925	1.1187	0.23455	-2.3499	0.80346	4.1621	-0.36001	0.5015	True	-8.0905	3.7076
MDD_pooled	pooled	imaging_hcp	global_slope_1lmm	8596	S3_c2_top	secondary	S3	ahba	606	29295	-0.02471	0.010562	0.019311	-0.024573	0.019818	9.884e-05	0.0027374	-0.010905	0.010224	0.28614	0.060824	0.029865	2.0366	1.0403	0.41372	-2.541	0.93332	4.676	2.1822	0.53429	True	-3.1024	9.9454
MDD_pooled	pooled	imaging_hcp	global_slope_1lmm	8596	S4_pls2_bottom	secondary	S4	ahba	585	29631	-0.02471	0.010562	0.019311	-0.024573	0.019818	9.884e-05	0.0027374	0.013073	0.010341	0.20616	-0.069296	0.035216	-1.9677	1.2001	0.13617	-2.4264	0.60461	3.7212	-3.2546	0.095581	True	-12.895	0.93759
MDD_pooled	pooled	imaging_hcp	global_slope_1lmm	8596	S4_pls2_top	secondary	S4	ahba	582	37585	-0.02471	0.010562	0.019311	-0.024573	0.019818	9.884e-05	0.0027374	-0.0044488	0.010226	0.66354	0.026645	0.035788	0.74451	0.90742	0.73065	-2.1692	0.67373	3.6491	1.1051	0.95421	True	-4.8467	5.6793
MDD_pooled	pooled	imaging_hcp	global_slope_1lmm	8596	S5_brain_celltype_markers	secondary	S5	genome	4078	288990	-0.02471	0.010562	0.019311	-0.024573	0.019818	9.884e-05	0.0027374	-0.0021354	0.010248	0.83493	0.040604	0.29049	0.13978	1.2142	0.00019996	-0.25201	0.68642	1.62	0.20363	0.25275	True	-3.2764	1.2395
MDD_pooled	pooled	imaging_hcp	global_slope_1lmm	8596	K1c_not_brain_expressed	primary	K1	genome	2278	66879	-0.02471	0.010562	0.019311	-0.024573	0.019818	9.884e-05	0.0027374	-0.0038003	0.010206	0.70962	0.028272	0.043687	0.64714	0.74666	0.99	-1.2796	1.2629	3.9695	0.51242	0.61988	True	-4.8675	5.1235
MDD_pooled	pooled	imaging_hcp	baseline_thickness_1lmm	8596	K1_brain_expressed	primary	K1	genome	14414	560185	-0.0042269	0.011046	0.70198	-0.0034669	0.75363	-0.0011086	0.0027374	-0.0056417	0.010689	0.59764	1.072	0.50852	2.1081								False	-9.6003	12.991
MDD_pooled	pooled	imaging_hcp	baseline_thickness_1lmm	8596	K2_glial	primary	K2	genome	1783	83787	-0.0042269	0.011046	0.70198	-0.0034669	0.75363	-0.0011086	0.0027374	-0.015373	0.011164	0.1685	0.97066	0.070336	13.8	0.91398	0.79684	-15.432	2.5687	21.512	5.3724	0.24235	False	-66.656	66.293
MDD_pooled	pooled	imaging_hcp	baseline_thickness_1lmm	8596	K2_neuronal	primary	K2	genome	1324	127092	-0.0042269	0.011046	0.70198	-0.0034669	0.75363	-0.0011086	0.0027374	-0.0014214	0.011105	0.89816	0.12736	0.13968	0.91185	1.3535	0.00019996	-14.048	-0.26161	13.68	-3.4855	0.87223	False	-23.304	28.296
MDD_pooled	pooled	imaging_hcp	baseline_thickness_1lmm	8596	K3_oligodendrocyte	primary	K3	genome	616	35575	-0.0042269	0.011046	0.70198	-0.0034669	0.75363	-0.0011086	0.0027374	0.013246	0.011189	0.23646	-0.54478	0.031793	-17.135	1.0089	0.4801	-26.642	1.0581	29.841	-16.195	0.19676	False	-95.517	91.393
MDD_pooled	pooled	imaging_hcp	baseline_thickness_1lmm	8596	K3_syngo	primary	K3	genome	1511	102867	-0.0042269	0.011046	0.70198	-0.0034669	0.75363	-0.0011086	0.0027374	-0.01087	0.011156	0.32989	0.83647	0.10623	7.8737	1.3102	0.0029994	-15.961	0.88467	18.92	8.9002	0.43351	False	-44.554	40.1
MDD_pooled	pooled	imaging_hcp	baseline_thickness_1lmm	8596	S0_scz_locus_pool	secondary	S0	genome	368	25706	-0.0042269	0.011046	0.70198	-0.0034669	0.75363	-0.0011086	0.0027374	0.0097104	0.011235	0.38741	-0.45754	0.036314	-12.6	2.1153	0.00019996	-37.87	1.1715	43.425	-10.755	0.4887	False	-77.653	76.496
MDD_pooled	pooled	imaging_hcp	baseline_thickness_1lmm	8596	S1_snrna_pc1_bottom	secondary	S1	snrna	1573	102032	-0.0042269	0.011046	0.70198	-0.0034669	0.75363	-0.0011086	0.0027374	0.0002408	0.011216	0.98287	-0.01814	0.099775	-0.18181	1.0292	0.37493	-13.139	2.1112	18.777	-0.086117	0.76705	False	-43.143	38.613
MDD_pooled	pooled	imaging_hcp	baseline_thickness_1lmm	8596	S1_snrna_pc1_top	secondary	S1	snrna	1580	171207	-0.0042269	0.011046	0.70198	-0.0034669	0.75363	-0.0011086	0.0027374	-0.010068	0.010919	0.3565	1.0261	0.17516	5.8578	1.2299	0.00019996	-10.187	0.96134	12.472	6.0933	0.39152	False	-23.639	33.11
MDD_pooled	pooled	imaging_hcp	baseline_thickness_1lmm	8596	S2_c3_bottom	secondary	S2	ahba	589	29137	-0.0042269	0.011046	0.70198	-0.0034669	0.75363	-0.0011086	0.0027374	-0.0011596	0.010912	0.91537	0.042273	0.030728	1.3757	1.0028	0.4927	-20.703	5.7795	35.085	0.23803	0.74105	False	-41.767	51.633
MDD_pooled	pooled	imaging_hcp	baseline_thickness_1lmm	8596	S2_c3_top	secondary	S2	ahba	591	41385	-0.0042269	0.011046	0.70198	-0.0034669	0.75363	-0.0011086	0.0027374	-0.017261	0.011067	0.11883	0.81176	0.039433	20.586	0.9963	0.5091	-16.348	7.4595	34.183	2.7597	0.31434	False	-95.276	83.542
MDD_pooled	pooled	imaging_hcp	baseline_thickness_1lmm	8596	S3_c1_bottom	secondary	S3	ahba	571	31539	-0.0042269	0.011046	0.70198	-0.0034669	0.75363	-0.0011086	0.0027374	0.011947	0.010929	0.27435	-0.48618	0.026249	-18.522	0.80992	0.88342	-18.789	9.616	41.678	-1.9262	0.052789	False	-96.981	118.26
MDD_pooled	pooled	imaging_hcp	baseline_thickness_1lmm	8596	S3_c1_top	secondary	S3	ahba	603	34603	-0.0042269	0.011046	0.70198	-0.0034669	0.75363	-0.0011086	0.0027374	0.00014109	0.010926	0.9897	-0.0060621	0.031757	-0.19089	0.92155	0.69386	-21.259	8.3293	39.699	-0.022918	0.58788	False	-55.912	50.467
MDD_pooled	pooled	imaging_hcp	baseline_thickness_1lmm	8596	S3_c2_bottom	secondary	S3	ahba	567	33889	-0.0042269	0.011046	0.70198	-0.0034669	0.75363	-0.0011086	0.0027374	0.004225	0.010993	0.70073	-0.18702	0.036875	-5.0716	1.1187	0.23455	-20.651	5.959	34.271	-0.85109	0.41872	False	-48.377	64.927
MDD_pooled	pooled	imaging_hcp	baseline_thickness_1lmm	8596	S3_c2_top	secondary	S3	ahba	606	29295	-0.0042269	0.011046	0.70198	-0.0034669	0.75363	-0.0011086	0.0027374	0.0056593	0.010833	0.60138	-0.22373	0.029865	-7.4913	1.0403	0.41372	-21.837	6.8597	39.205	-1.0921	0.33873	False	-70.046	69.125
MDD_pooled	pooled	imaging_hcp	baseline_thickness_1lmm	8596	S4_pls2_bottom	secondary	S4	ahba	585	29631	-0.0042269	0.011046	0.70198	-0.0034669	0.75363	-0.0011086	0.0027374	-0.004104	0.011073	0.71092	0.15419	0.035216	4.3783	1.2001	0.13617	-22.814	2.4687	30.131	1.7736	0.88702	False	-57.331	45.62
MDD_pooled	pooled	imaging_hcp	baseline_thickness_1lmm	8596	S4_pls2_top	secondary	S4	ahba	582	37585	-0.0042269	0.011046	0.70198	-0.0034669	0.75363	-0.0011086	0.0027374	-0.013796	0.011084	0.21328	0.58562	0.035788	16.363	0.90742	0.73065	-16.978	5.9538	30.901	2.7484	0.39832	False	-80.499	81.52
MDD_pooled	pooled	imaging_hcp	baseline_thickness_1lmm	8596	S5_brain_celltype_markers	secondary	S5	genome	4078	288990	-0.0042269	0.011046	0.70198	-0.0034669	0.75363	-0.0011086	0.0027374	-0.0073415	0.010884	0.49997	0.98945	0.29049	3.4061	1.2142	0.00019996	-7.3509	0.50085	8.6163	6.8007	0.47351	False	-17.536	23.495
MDD_pooled	pooled	imaging_hcp	baseline_thickness_1lmm	8596	K1c_not_brain_expressed	primary	K1	genome	2278	66879	-0.0042269	0.011046	0.70198	-0.0034669	0.75363	-0.0011086	0.0027374	0.0053338	0.010988	0.62739	-0.28124	0.043687	-6.4375	0.74666	0.99	-18.395	2.6973	24.354	-2.3867	0.41032	False	-62.857	54.169
MDD_pooled	pooled	symptoms	pfactor	8053	K1_brain_expressed	primary	K1	genome	14414	560185	0.076434	0.0095697	1.3819e-15	0.076554	1.3436e-15		0.0027911	0.052557	0.0091365	8.7977e-09	0.45754	0.5078	0.90101								True	0.68652	1.0896
MDD_pooled	pooled	symptoms	pfactor	8053	K2_glial	primary	K2	genome	1783	83787	0.076434	0.0095697	1.3819e-15	0.076554	1.3436e-15		0.0027911	0.035366	0.0088123	5.9901e-05	0.10289	0.070066	1.4684	0.913	0.79984	0.26604	0.87452	1.5162	1.6791	0.073185	True	0.78624	2.1648
MDD_pooled	pooled	symptoms	pfactor	8053	K2_neuronal	primary	K2	genome	1324	127092	0.076434	0.0095697	1.3819e-15	0.076554	1.3436e-15		0.0027911	0.026276	0.0090079	0.0035344	0.10802	0.13846	0.78012	1.3488	0.00019996	0.26644	0.76287	1.2605	1.0226	0.94901	True	0.28864	1.214
MDD_pooled	pooled	symptoms	pfactor	8053	K3_oligodendrocyte	primary	K3	genome	616	35575	0.076434	0.0095697	1.3819e-15	0.076554	1.3436e-15		0.0027911	0.018114	0.008747	0.038372	0.034257	0.032192	1.0641	1.0256	0.43531	-0.16378	0.77536	1.7588	1.3724	0.54629	True	-0.00069765	2.0518
MDD_pooled	pooled	symptoms	pfactor	8053	K3_syngo	primary	K3	genome	1511	102867	0.076434	0.0095697	1.3819e-15	0.076554	1.3436e-15		0.0027911	0.030009	0.0090468	0.00090974	0.10602	0.10572	1.0028	1.3093	0.0031994	0.21495	0.814	1.4306	1.2319	0.53629	True	0.47547	1.5694
MDD_pooled	pooled	symptoms	pfactor	8053	S0_scz_locus_pool	secondary	S0	genome	368	25706	0.076434	0.0095697	1.3819e-15	0.076554	1.3436e-15		0.0027911	0.0085118	0.008842	0.33572	0.018487	0.036702	0.5037	2.1475	0.00019996	-0.49259	0.79285	2.1684	0.6353	0.66507	True	-0.59694	1.4434
MDD_pooled	pooled	symptoms	pfactor	8053	S1_snrna_pc1_bottom	secondary	S1	snrna	1573	102032	0.076434	0.0095697	1.3819e-15	0.076554	1.3436e-15		0.0027911	0.036961	0.0087792	2.5537e-05	0.12781	0.099217	1.2881	1.0288	0.38072	0.38871	0.86931	1.3897	1.4818	0.11158	True	0.72927	1.8773
MDD_pooled	pooled	symptoms	pfactor	8053	S1_snrna_pc1_top	secondary	S1	snrna	1580	171207	0.076434	0.0095697	1.3819e-15	0.076554	1.3436e-15		0.0027911	0.026345	0.0090742	0.0036932	0.1234	0.17436	0.70776	1.2322	0.00019996	0.44152	0.79977	1.1623	0.88495	0.62228	True	0.22905	1.1005
MDD_pooled	pooled	symptoms	pfactor	8053	S2_c3_bottom	secondary	S2	ahba	589	29137	0.076434	0.0095697	1.3819e-15	0.076554	1.3436e-15		0.0027911	0.025604	0.0089877	0.0043878	0.043025	0.030596	1.4062	0.99717	0.5055	0.076833	0.95122	1.9078	1.4783	0.34673	True	0.43157	2.4314
MDD_pooled	pooled	symptoms	pfactor	8053	S2_c3_top	secondary	S2	ahba	591	41385	0.076434	0.0095697	1.3819e-15	0.076554	1.3436e-15		0.0027911	0.017542	0.0085661	0.040572	0.037887	0.039494	0.95932	1.0002	0.4997	0.1391	0.95894	1.7601	1.0004	0.9986	True	0.018888	1.8881
MDD_pooled	pooled	symptoms	pfactor	8053	S3_c1_bottom	secondary	S3	ahba	571	31539	0.076434	0.0095697	1.3819e-15	0.076554	1.3436e-15		0.0027911	0.01827	0.0088876	0.039808	0.034195	0.025846	1.323	0.80082	0.89462	-0.0038266	0.99667	2.003	1.3274	0.5219	True	0.039194	2.6498
MDD_pooled	pooled	symptoms	pfactor	8053	S3_c1_top	secondary	S3	ahba	603	34603	0.076434	0.0095697	1.3819e-15	0.076554	1.3436e-15		0.0027911	0.010163	0.0089547	0.2564	0.02011	0.031786	0.63268	0.92437	0.69026	-0.0032087	0.92729	1.9106	0.68229	0.52829	True	-0.55365	1.6482
MDD_pooled	pooled	symptoms	pfactor	8053	S3_c2_bottom	secondary	S3	ahba	567	33889	0.076434	0.0095697	1.3819e-15	0.076554	1.3436e-15		0.0027911	0.0053663	0.0087158	0.53809	0.010953	0.037748	0.29015	1.1478	0.18976	0.034366	0.90834	1.7867	0.31944	0.16357	True	-0.66372	1.2546
MDD_pooled	pooled	symptoms	pfactor	8053	S3_c2_top	secondary	S3	ahba	606	29295	0.076434	0.0095697	1.3819e-15	0.076554	1.3436e-15		0.0027911	0.013052	0.0090253	0.14814	0.023722	0.029445	0.80563	1.0311	0.42951	0.028283	0.9798	1.9504	0.82224	0.73145	True	-0.38569	1.8683
MDD_pooled	pooled	symptoms	pfactor	8053	S4_pls2_bottom	secondary	S4	ahba	585	29631	0.076434	0.0095697	1.3819e-15	0.076554	1.3436e-15		0.0027911	0.021395	0.0091669	0.019601	0.037076	0.035756	1.0369	1.213	0.11878	0.027377	0.87403	1.7165	1.1864	0.69466	True	0.15778	1.876
MDD_pooled	pooled	symptoms	pfactor	8053	S4_pls2_top	secondary	S4	ahba	582	37585	0.076434	0.0095697	1.3819e-15	0.076554	1.3436e-15		0.0027911	0.016862	0.0088746	0.057433	0.032874	0.035208	0.93371	0.89606	0.76425	0.093488	0.89312	1.6805	1.0454	0.92382	True	-0.07225	1.8624
MDD_pooled	pooled	symptoms	pfactor	8053	S5_brain_celltype_markers	secondary	S5	genome	4078	288990	0.076434	0.0095697	1.3819e-15	0.076554	1.3436e-15		0.0027911	0.042505	0.0090244	2.4765e-06	0.26266	0.28905	0.90871	1.2151	0.00019996	0.52111	0.78899	1.05	1.1517	0.36393	True	0.60278	1.198
MDD_pooled	pooled	symptoms	pfactor	8053	K1c_not_brain_expressed	primary	K1	genome	2278	66879	0.076434	0.0095697	1.3819e-15	0.076554	1.3436e-15		0.0027911	0.0074153	0.0089722	0.40853	0.018024	0.044036	0.40929	0.7503	0.9892	0.21758	0.95236	1.7058	0.42977	0.14637	True	-0.61251	1.2998
MDD_pooled	pooled	symptoms	internal	8080	K1_brain_expressed	primary	K1	genome	14414	560185	0.078036	0.010084	1.0031e-14	0.078166	9.1302e-15		0.0027768	0.059116	0.0096326	8.4047e-10	0.50274	0.50806	0.98954								True	0.80365	1.1794
MDD_pooled	pooled	symptoms	internal	8080	K2_glial	primary	K2	genome	1783	83787	0.078036	0.010084	1.0031e-14	0.078166	9.1302e-15		0.0027768	0.044231	0.0094912	3.1582e-06	0.12554	0.070304	1.7857	0.91573	0.79364	0.31494	0.93718	1.5966	1.9054	0.010798	True	1.1062	2.6056
MDD_pooled	pooled	symptoms	internal	8080	K2_neuronal	primary	K2	genome	1324	127092	0.078036	0.010084	1.0031e-14	0.078166	9.1302e-15		0.0027768	0.02159	0.0095962	0.024459	0.086572	0.1382	0.6264	1.3452	0.00019996	0.33631	0.82512	1.3395	0.75916	0.43871	True	0.069081	1.1102
MDD_pooled	pooled	symptoms	internal	8080	K3_oligodendrocyte	primary	K3	genome	616	35575	0.078036	0.010084	1.0031e-14	0.078166	9.1302e-15		0.0027768	0.01685	0.0094777	0.075422	0.031065	0.032231	0.96383	1.0258	0.43411	-0.11779	0.84568	1.8557	1.1397	0.81304	True	-0.028289	1.9518
MDD_pooled	pooled	symptoms	internal	8080	K3_syngo	primary	K3	genome	1511	102867	0.078036	0.010084	1.0031e-14	0.078166	9.1302e-15		0.0027768	0.031969	0.0096714	0.00094796	0.11014	0.10535	1.0454	1.3045	0.0037992	0.28218	0.86962	1.5055	1.2022	0.58268	True	0.48616	1.5806
MDD_pooled	pooled	symptoms	internal	8080	S0_scz_locus_pool	secondary	S0	genome	368	25706	0.078036	0.010084	1.0031e-14	0.078166	9.1302e-15		0.0027768	0.011845	0.009329	0.2042	0.025084	0.03687	0.68033	2.1581	0.00019996	-0.43962	0.84594	2.2461	0.80423	0.80904	True	-0.34794	1.6762
MDD_pooled	pooled	symptoms	internal	8080	S1_snrna_pc1_bottom	secondary	S1	snrna	1573	102032	0.078036	0.010084	1.0031e-14	0.078166	9.1302e-15		0.0027768	0.040787	0.0095182	1.826e-05	0.13763	0.099489	1.3833	1.0309	0.37073	0.47292	0.97007	1.5072	1.426	0.13597	True	0.81443	2.0072
MDD_pooled	pooled	symptoms	internal	8080	S1_snrna_pc1_top	secondary	S1	snrna	1580	171207	0.078036	0.010084	1.0031e-14	0.078166	9.1302e-15		0.0027768	0.028508	0.0095281	0.0027719	0.13022	0.17418	0.74766	1.2297	0.00039992	0.51501	0.89363	1.272	0.83665	0.45671	True	0.30033	1.1412
MDD_pooled	pooled	symptoms	internal	8080	S2_c3_bottom	secondary	S2	ahba	589	29137	0.078036	0.010084	1.0031e-14	0.078166	9.1302e-15		0.0027768	0.024685	0.0093274	0.0081332	0.040427	0.030634	1.3197	0.99912	0.5013	0.053813	0.94452	1.911	1.3972	0.43551	True	0.36109	2.2617
MDD_pooled	pooled	symptoms	internal	8080	S2_c3_top	secondary	S2	ahba	591	41385	0.078036	0.010084	1.0031e-14	0.078166	9.1302e-15		0.0027768	0.016119	0.0090759	0.075721	0.03397	0.039503	0.85993	1.0006	0.4979	0.12127	0.94059	1.7672	0.91424	0.85583	True	-0.0762	1.7791
MDD_pooled	pooled	symptoms	internal	8080	S3_c1_bottom	secondary	S3	ahba	571	31539	0.078036	0.010084	1.0031e-14	0.078166	9.1302e-15		0.0027768	0.025347	0.0094262	0.0071674	0.046247	0.025812	1.7917	0.79997	0.89522	0.027766	1.0044	2.0629	1.7838	0.12957	True	0.53964	3.2928
MDD_pooled	pooled	symptoms	internal	8080	S3_c1_top	secondary	S3	ahba	603	34603	0.078036	0.010084	1.0031e-14	0.078166	9.1302e-15		0.0027768	0.013588	0.0096681	0.1599	0.026212	0.031747	0.82567	0.923	0.69186	0.017028	0.94181	1.9535	0.87668	0.80624	True	-0.2816	1.946
MDD_pooled	pooled	symptoms	internal	8080	S3_c2_bottom	secondary	S3	ahba	567	33889	0.078036	0.010084	1.0031e-14	0.078166	9.1302e-15		0.0027768	0.00992	0.0093288	0.28761	0.01974	0.037571	0.5254	1.1429	0.19756	0.02227	0.88944	1.8084	0.59071	0.39312	True	-0.45895	1.5461
MDD_pooled	pooled	symptoms	internal	8080	S3_c2_top	secondary	S3	ahba	606	29295	0.078036	0.010084	1.0031e-14	0.078166	9.1302e-15		0.0027768	0.011841	0.0095577	0.21538	0.021001	0.029561	0.71042	1.0361	0.41892	0.021526	0.98598	1.9796	0.72052	0.57828	True	-0.40964	1.8146
MDD_pooled	pooled	symptoms	internal	8080	S4_pls2_bottom	secondary	S4	ahba	585	29631	0.078036	0.010084	1.0031e-14	0.078166	9.1302e-15		0.0027768	0.021015	0.0095669	0.028047	0.035505	0.035812	0.99143	1.2148	0.11578	0.0014973	0.87276	1.7339	1.136	0.78704	True	0.052276	1.9034
MDD_pooled	pooled	symptoms	internal	8080	S4_pls2_top	secondary	S4	ahba	582	37585	0.078036	0.010084	1.0031e-14	0.078166	9.1302e-15		0.0027768	0.027414	0.0093958	0.0035264	0.052103	0.035204	1.48	0.89645	0.76565	0.078281	0.87994	1.6926	1.682	0.14997	True	0.55886	2.5683
MDD_pooled	pooled	symptoms	internal	8080	S5_brain_celltype_markers	secondary	S5	genome	4078	288990	0.078036	0.010084	1.0031e-14	0.078166	9.1302e-15		0.0027768	0.044803	0.0095201	2.5244e-06	0.27024	0.28906	0.93488	1.2147	0.00019996	0.58052	0.85009	1.1182	1.0998	0.53989	True	0.62628	1.2214
MDD_pooled	pooled	symptoms	internal	8080	K1c_not_brain_expressed	primary	K1	genome	2278	66879	0.078036	0.010084	1.0031e-14	0.078166	9.1302e-15		0.0027768	0.0013264	0.009637	0.89053	0.0031414	0.043918	0.07153	0.74811	0.9898	0.24748	1.003	1.7656	0.071313	0.017996	True	-1.0427	1.0366
MDD_pooled	pooled	symptoms	external	8076	K1_brain_expressed	primary	K1	genome	14414	560185	0.074355	0.0098396	4.1346e-14	0.07458	3.4219e-14		0.002788	0.056197	0.0095072	3.3998e-09	0.50215	0.50788	0.98872								True	0.77893	1.1787
MDD_pooled	pooled	symptoms	external	8076	K2_glial	primary	K2	genome	1783	83787	0.074355	0.0098396	4.1346e-14	0.07458	3.4219e-14		0.002788	0.045066	0.0092872	1.2189e-06	0.13451	0.070111	1.9185	0.91327	0.79824	0.3097	0.99739	1.7225	1.9236	0.013197	True	1.1843	2.7758
MDD_pooled	pooled	symptoms	external	8076	K2_neuronal	primary	K2	genome	1324	127092	0.074355	0.0098396	4.1346e-14	0.07458	3.4219e-14		0.002788	0.02942	0.0095567	0.0020809	0.12415	0.13875	0.89472	1.3512	0.00019996	0.30104	0.8413	1.3875	1.0635	0.85983	True	0.344	1.3936
MDD_pooled	pooled	symptoms	external	8076	K3_oligodendrocyte	primary	K3	genome	616	35575	0.074355	0.0098396	4.1346e-14	0.07458	3.4219e-14		0.002788	0.026786	0.009229	0.0037036	0.051965	0.03219	1.6143	1.0245	0.43551	-0.15372	0.87813	1.9804	1.8383	0.16797	True	0.56024	2.6752
MDD_pooled	pooled	symptoms	external	8076	K3_syngo	primary	K3	genome	1511	102867	0.074355	0.0098396	4.1346e-14	0.07458	3.4219e-14		0.002788	0.033456	0.0094426	0.0003955	0.12126	0.10566	1.1476	1.3078	0.0035993	0.26055	0.90846	1.5778	1.2633	0.4883	True	0.52895	1.7742
MDD_pooled	pooled	symptoms	external	8076	S0_scz_locus_pool	secondary	S0	genome	368	25706	0.074355	0.0098396	4.1346e-14	0.07458	3.4219e-14		0.002788	0.011149	0.0094911	0.24013	0.02484	0.036839	0.67427	2.1554	0.00019996	-0.51191	0.87658	2.3707	0.7692	0.78304	True	-0.37561	1.7988
MDD_pooled	pooled	symptoms	external	8076	S1_snrna_pc1_bottom	secondary	S1	snrna	1573	102032	0.074355	0.0098396	4.1346e-14	0.07458	3.4219e-14		0.002788	0.045704	0.0092423	7.6102e-07	0.16222	0.099418	1.6317	1.0306	0.37393	0.40136	0.96984	1.5382	1.6824	0.023195	True	1.0562	2.271
MDD_pooled	pooled	symptoms	external	8076	S1_snrna_pc1_top	secondary	S1	snrna	1580	171207	0.074355	0.0098396	4.1346e-14	0.07458	3.4219e-14		0.002788	0.026943	0.0094201	0.0042342	0.12947	0.17441	0.74231	1.2316	0.00019996	0.46271	0.86407	1.2782	0.85909	0.55189	True	0.302	1.1722
MDD_pooled	pooled	symptoms	external	8076	S2_c3_bottom	secondary	S2	ahba	589	29137	0.074355	0.0098396	4.1346e-14	0.07458	3.4219e-14		0.002788	0.032257	0.009413	0.00061073	0.055591	0.03063	1.815	0.99772	0.5035	0.04665	1.0394	2.1166	1.7461	0.15797	True	0.88523	2.9413
MDD_pooled	pooled	symptoms	external	8076	S2_c3_top	secondary	S2	ahba	591	41385	0.074355	0.0098396	4.1346e-14	0.07458	3.4219e-14		0.002788	0.022216	0.0091706	0.015414	0.049263	0.039598	1.2441	1.0009	0.4975	0.093321	0.9918	1.9054	1.2544	0.58188	True	0.1998	2.2086
MDD_pooled	pooled	symptoms	external	8076	S3_c1_bottom	secondary	S3	ahba	571	31539	0.074355	0.0098396	4.1346e-14	0.07458	3.4219e-14		0.002788	0.0083353	0.0094919	0.37987	0.016002	0.025812	0.61996	0.79884	0.89602	-0.054719	1.0419	2.2182	0.59504	0.45511	True	-0.68599	2.0017
MDD_pooled	pooled	symptoms	external	8076	S3_c1_top	secondary	S3	ahba	603	34603	0.074355	0.0098396	4.1346e-14	0.07458	3.4219e-14		0.002788	0.0010777	0.0092513	0.90727	0.0021877	0.031797	0.068802	0.92288	0.69186	-0.012838	1.0185	2.1446	0.067555	0.074385	True	-1.2641	1.1386
MDD_pooled	pooled	symptoms	external	8076	S3_c2_bottom	secondary	S3	ahba	567	33889	0.074355	0.0098396	4.1346e-14	0.07458	3.4219e-14		0.002788	0.0023106	0.0092437	0.80262	0.0048382	0.037783	0.12805	1.1476	0.18956	0.026142	1.0097	2.0018	0.12682	0.079984	True	-0.84548	1.0454
MDD_pooled	pooled	symptoms	external	8076	S3_c2_top	secondary	S3	ahba	606	29295	0.074355	0.0098396	4.1346e-14	0.07458	3.4219e-14		0.002788	0.018795	0.0093944	0.045428	0.035057	0.029454	1.1903	1.03	0.43191	-0.025753	1.0269	2.1772	1.1591	0.78624	True	0.025942	2.4028
MDD_pooled	pooled	symptoms	external	8076	S4_pls2_bottom	secondary	S4	ahba	585	29631	0.074355	0.0098396	4.1346e-14	0.07458	3.4219e-14		0.002788	0.031615	0.0095427	0.00092282	0.056198	0.035727	1.573	1.2102	0.12138	0.018247	0.92444	1.8956	1.7015	0.17677	True	0.73788	2.5561
MDD_pooled	pooled	symptoms	external	8076	S4_pls2_top	secondary	S4	ahba	582	37585	0.074355	0.0098396	4.1346e-14	0.07458	3.4219e-14		0.002788	0.014131	0.0093915	0.13242	0.028268	0.035288	0.80107	0.89747	0.76265	0.033917	0.94156	1.8373	0.85079	0.75705	True	-0.23918	1.8397
MDD_pooled	pooled	symptoms	external	8076	S5_brain_celltype_markers	secondary	S5	genome	4078	288990	0.074355	0.0098396	4.1346e-14	0.07458	3.4219e-14		0.002788	0.049837	0.0094053	1.1658e-07	0.31614	0.28939	1.0925	1.2163	0.00019996	0.58997	0.8795	1.1766	1.2421	0.15877	True	0.78184	1.431
MDD_pooled	pooled	symptoms	external	8076	K1c_not_brain_expressed	primary	K1	genome	2278	66879	0.074355	0.0098396	4.1346e-14	0.07458	3.4219e-14		0.002788	0.013588	0.0092333	0.14111	0.033856	0.043891	0.77135	0.74836	0.9896	0.27174	1.0711	1.9008	0.72015	0.45591	True	-0.26965	1.7914
MDD_pooled	pooled	symptoms	depress	8072	K1_brain_expressed	primary	K1	genome	14414	560185	0.079275	0.010632	8.9032e-14	0.079752	6.4554e-14		0.002784	0.056413	0.010384	5.5589e-08	0.47096	0.50823	0.92668								True	0.70978	1.1357
MDD_pooled	pooled	symptoms	depress	8072	K2_glial	primary	K2	genome	1783	83787	0.079275	0.010632	8.9032e-14	0.079752	6.4554e-14		0.002784	0.034181	0.010201	0.00080595	0.095277	0.070245	1.3564	0.91417	0.79764	0.2107	0.90164	1.6288	1.5043	0.21716	True	0.6139	2.1509
MDD_pooled	pooled	symptoms	depress	8072	K2_neuronal	primary	K2	genome	1324	127092	0.079275	0.010632	8.9032e-14	0.079752	6.4554e-14		0.002784	0.026215	0.010147	0.0097821	0.10323	0.13838	0.74601	1.3447	0.00019996	0.21627	0.7651	1.3077	0.97505	0.94781	True	0.23435	1.2456
MDD_pooled	pooled	symptoms	depress	8072	K3_oligodendrocyte	primary	K3	genome	616	35575	0.079275	0.010632	8.9032e-14	0.079752	6.4554e-14		0.002784	0.020632	0.010043	0.039943	0.037355	0.032056	1.1653	1.0195	0.44831	-0.2767	0.76719	1.8576	1.5189	0.46591	True	-0.0074752	2.2519
MDD_pooled	pooled	symptoms	depress	8072	K3_syngo	primary	K3	genome	1511	102867	0.079275	0.010632	8.9032e-14	0.079752	6.4554e-14		0.002784	0.025748	0.010084	0.010671	0.087089	0.10551	0.82542	1.3046	0.0037992	0.18092	0.81304	1.4865	1.0152	0.97101	True	0.25195	1.4083
MDD_pooled	pooled	symptoms	depress	8072	S0_scz_locus_pool	secondary	S0	genome	368	25706	0.079275	0.010632	8.9032e-14	0.079752	6.4554e-14		0.002784	0.014828	0.010112	0.14256	0.030845	0.036915	0.83558	2.1583	0.00019996	-0.66442	0.77387	2.2893	1.0797	0.92941	True	-0.31634	1.8627
MDD_pooled	pooled	symptoms	depress	8072	S1_snrna_pc1_bottom	secondary	S1	snrna	1573	102032	0.079275	0.010632	8.9032e-14	0.079752	6.4554e-14		0.002784	0.035968	0.010064	0.00035164	0.11922	0.099542	1.1977	1.0302	0.37193	0.34926	0.91352	1.495	1.3111	0.32714	True	0.57747	1.8194
MDD_pooled	pooled	symptoms	depress	8072	S1_snrna_pc1_top	secondary	S1	snrna	1580	171207	0.079275	0.010632	8.9032e-14	0.079752	6.4554e-14		0.002784	0.034427	0.010241	0.00077444	0.15449	0.1745	0.88532	1.2312	0.00019996	0.39263	0.80858	1.2207	1.0949	0.71426	True	0.47038	1.3338
MDD_pooled	pooled	symptoms	depress	8072	S2_c3_bottom	secondary	S2	ahba	589	29137	0.079275	0.010632	8.9032e-14	0.079752	6.4554e-14		0.002784	0.019339	0.010121	0.056045	0.031093	0.0307	1.0128	1.0011	0.4969	0.017108	1.0328	2.1311	0.98069	0.96501	True	-0.075526	2.0489
MDD_pooled	pooled	symptoms	depress	8072	S2_c3_top	secondary	S2	ahba	591	41385	0.079275	0.010632	8.9032e-14	0.079752	6.4554e-14		0.002784	0.023867	0.0099542	0.016498	0.049395	0.039613	1.2469	1.0025	0.4943	0.096643	1.009	1.9514	1.2358	0.59908	True	0.23668	2.197
MDD_pooled	pooled	symptoms	depress	8072	S3_c1_bottom	secondary	S3	ahba	571	31539	0.079275	0.010632	8.9032e-14	0.079752	6.4554e-14		0.002784	0.022735	0.010142	0.024986	0.040733	0.025779	1.5801	0.79883	0.89622	-0.075651	1.0905	2.2619	1.449	0.38792	True	0.26187	3.1493
MDD_pooled	pooled	symptoms	depress	8072	S3_c1_top	secondary	S3	ahba	603	34603	0.079275	0.010632	8.9032e-14	0.079752	6.4554e-14		0.002784	0.019513	0.010062	0.052473	0.03695	0.031626	1.1683	0.91944	0.70446	-0.052959	1.0259	2.1305	1.1388	0.78584	True	-0.023733	2.4288
MDD_pooled	pooled	symptoms	depress	8072	S3_c2_bottom	secondary	S3	ahba	567	33889	0.079275	0.010632	8.9032e-14	0.079752	6.4554e-14		0.002784	0.0087773	0.0098524	0.373	0.017146	0.037587	0.45618	1.1422	0.19776	-0.016782	0.95167	1.9397	0.47935	0.32473	True	-0.57973	1.4993
MDD_pooled	pooled	symptoms	depress	8072	S3_c2_top	secondary	S3	ahba	606	29295	0.079275	0.010632	8.9032e-14	0.079752	6.4554e-14		0.002784	0.012525	0.010216	0.22019	0.021807	0.029432	0.74093	1.0309	0.43071	-0.0017845	1.0464	2.198	0.70809	0.57429	True	-0.47322	1.9699
MDD_pooled	pooled	symptoms	depress	8072	S4_pls2_bottom	secondary	S4	ahba	585	29631	0.079275	0.010632	8.9032e-14	0.079752	6.4554e-14		0.002784	0.019985	0.010222	0.050563	0.033155	0.035765	0.92701	1.212	0.11918	-0.039832	0.88838	1.8685	1.0435	0.94981	True	0.043641	1.8778
MDD_pooled	pooled	symptoms	depress	8072	S4_pls2_top	secondary	S4	ahba	582	37585	0.079275	0.010632	8.9032e-14	0.079752	6.4554e-14		0.002784	0.034109	0.010125	0.00075521	0.063689	0.035282	1.8051	0.89679	0.76225	0.050926	0.92876	1.8473	1.9436	0.059988	True	0.83832	2.9484
MDD_pooled	pooled	symptoms	depress	8072	S5_brain_celltype_markers	secondary	S5	genome	4078	288990	0.079275	0.010632	8.9032e-14	0.079752	6.4554e-14		0.002784	0.044447	0.010218	1.3618e-05	0.26322	0.28933	0.90978	1.2143	0.00019996	0.49964	0.79176	1.0904	1.1491	0.43031	True	0.5782	1.2361
MDD_pooled	pooled	symptoms	depress	8072	K1c_not_brain_expressed	primary	K1	genome	2278	66879	0.079275	0.010632	8.9032e-14	0.079752	6.4554e-14		0.002784	0.0009629	0.010095	0.92401	0.0022407	0.044115	0.050792	0.75193	0.9888	0.13115	0.95923	1.8077	0.052951	0.028794	True	-1.0503	1.0187
MDD_pooled	pooled	symptoms	thought	8074	K1_brain_expressed	primary	K1	genome	14414	560185	0.070802	0.010203	3.9327e-12	0.07082	4.0454e-12		0.0027728	0.037619	0.0099901	0.00016612	0.35249	0.50737	0.69474								True	0.40042	0.91927
MDD_pooled	pooled	symptoms	thought	8074	K2_glial	primary	K2	genome	1783	83787	0.070802	0.010203	3.9327e-12	0.07082	4.0454e-12		0.0027728	0.027184	0.0097458	0.0052817	0.085024	0.06995	1.2155	0.91235	0.80124	-0.086681	0.66969	1.4613	1.815	0.16677	True	0.37657	2.0708
MDD_pooled	pooled	symptoms	thought	8074	K2_neuronal	primary	K2	genome	1324	127092	0.070802	0.010203	3.9327e-12	0.07082	4.0454e-12		0.0027728	0.02034	0.0097667	0.037291	0.089905	0.13821	0.65048	1.346	0.00019996	0.073725	0.67278	1.2739	0.96685	0.94181	True	0.061254	1.2122
MDD_pooled	pooled	symptoms	thought	8074	K3_oligodendrocyte	primary	K3	genome	616	35575	0.070802	0.010203	3.9327e-12	0.07082	4.0454e-12		0.0027728	0.014897	0.009767	0.1272	0.030269	0.031992	0.94613	1.0189	0.45011	-0.51463	0.65085	1.8203	1.4537	0.60468	True	-0.19069	2.1342
MDD_pooled	pooled	symptoms	thought	8074	K3_syngo	primary	K3	genome	1511	102867	0.070802	0.010203	3.9327e-12	0.07082	4.0454e-12		0.0027728	0.020584	0.0098223	0.036117	0.078158	0.10539	0.74158	1.306	0.0035993	-0.055019	0.67502	1.4031	1.0986	0.85983	True	0.059242	1.3791
MDD_pooled	pooled	symptoms	thought	8074	S0_scz_locus_pool	secondary	S0	genome	368	25706	0.070802	0.010203	3.9327e-12	0.07082	4.0454e-12		0.0027728	0.0095167	0.0098155	0.33227	0.022217	0.036819	0.60341	2.1548	0.00019996	-0.93855	0.66263	2.3056	0.91063	0.93821	True	-0.72117	1.8222
MDD_pooled	pooled	symptoms	thought	8074	S1_snrna_pc1_bottom	secondary	S1	snrna	1573	102032	0.070802	0.010203	3.9327e-12	0.07082	4.0454e-12		0.0027728	0.028481	0.0097753	0.0035737	0.10588	0.099076	1.0687	1.0278	0.38232	0.07961	0.72287	1.3921	1.4784	0.30194	True	0.39132	1.7468
MDD_pooled	pooled	symptoms	thought	8074	S1_snrna_pc1_top	secondary	S1	snrna	1580	171207	0.070802	0.010203	3.9327e-12	0.07082	4.0454e-12		0.0027728	0.027539	0.009921	0.0055057	0.13873	0.17422	0.79629	1.2316	0.00019996	0.26016	0.7155	1.1804	1.1129	0.73985	True	0.31989	1.2555
MDD_pooled	pooled	symptoms	thought	8074	S2_c3_bottom	secondary	S2	ahba	589	29137	0.070802	0.010203	3.9327e-12	0.07082	4.0454e-12		0.0027728	0.018401	0.0098859	0.062701	0.033215	0.03045	1.0908	0.99382	0.5131	-0.089457	1.0252	2.1641	1.064	0.90062	True	-0.07478	2.287
MDD_pooled	pooled	symptoms	thought	8074	S2_c3_top	secondary	S2	ahba	591	41385	0.070802	0.010203	3.9327e-12	0.07082	4.0454e-12		0.0027728	0.016932	0.009677	0.080162	0.039325	0.039481	0.99605	0.99991	0.5003	0.069746	1.0805	2.0495	0.9218	0.86783	True	-0.13334	2.062
MDD_pooled	pooled	symptoms	thought	8074	S3_c1_bottom	secondary	S3	ahba	571	31539	0.070802	0.010203	3.9327e-12	0.07082	4.0454e-12		0.0027728	0.021862	0.0096818	0.023942	0.043981	0.02584	1.702	0.80158	0.89442	-0.13243	1.0952	2.3614	1.554	0.31954	True	0.26778	3.4194
MDD_pooled	pooled	symptoms	thought	8074	S3_c1_top	secondary	S3	ahba	603	34603	0.070802	0.010203	3.9327e-12	0.07082	4.0454e-12		0.0027728	0.0095499	0.0097651	0.32809	0.020313	0.031702	0.64073	0.92229	0.69446	-0.14977	1.0361	2.2263	0.61837	0.5103	True	-0.60128	1.9326
MDD_pooled	pooled	symptoms	thought	8074	S3_c2_bottom	secondary	S3	ahba	567	33889	0.070802	0.010203	3.9327e-12	0.07082	4.0454e-12		0.0027728	0.0037813	0.0096833	0.69617	0.0082942	0.037659	0.22025	1.1466	0.18856	-0.10966	0.9887	2.0791	0.22276	0.15677	True	-0.8675	1.4138
MDD_pooled	pooled	symptoms	thought	8074	S3_c2_top	secondary	S3	ahba	606	29295	0.070802	0.010203	3.9327e-12	0.07082	4.0454e-12		0.0027728	0.016814	0.0098914	0.089156	0.032865	0.029414	1.1173	1.0317	0.42831	-0.10651	1.0518	2.2255	1.0622	0.91262	True	-0.24641	2.4514
MDD_pooled	pooled	symptoms	thought	8074	S4_pls2_bottom	secondary	S4	ahba	585	29631	0.070802	0.010203	3.9327e-12	0.07082	4.0454e-12		0.0027728	0.021861	0.010086	0.030196	0.040714	0.035569	1.1447	1.207	0.12298	-0.032697	0.99153	1.9905	1.1544	0.77065	True	0.021655	2.1802
MDD_pooled	pooled	symptoms	thought	8074	S4_pls2_top	secondary	S4	ahba	582	37585	0.070802	0.010203	3.9327e-12	0.07082	4.0454e-12		0.0027728	0.014736	0.0097652	0.13128	0.030896	0.035355	0.87386	0.90069	0.75765	0.044233	1.0077	2.0043	0.86717	0.77624	True	-0.22806	2.0114
MDD_pooled	pooled	symptoms	thought	8074	S5_brain_celltype_markers	secondary	S5	genome	4078	288990	0.070802	0.010203	3.9327e-12	0.07082	4.0454e-12		0.0027728	0.036018	0.0098512	0.00025596	0.23936	0.28854	0.82955	1.2137	0.00019996	0.34287	0.66716	0.98501	1.2434	0.32473	True	0.47276	1.1588
MDD_pooled	pooled	symptoms	thought	8074	K1c_not_brain_expressed	primary	K1	genome	2278	66879	0.070802	0.010203	3.9327e-12	0.07082	4.0454e-12		0.0027728	-0.0011907	0.0097497	0.9028	-0.0031095	0.043968	-0.070723	0.75008	0.9898	-0.2142	0.65553	1.5518	-0.10789	0.10478	True	-1.3641	0.99516
SCZ25_EUR	EUR	imaging_dk	global_slope_1lmm	4308	K1_brain_expressed	primary	K1	genome	14422	571685	-0.029774	0.013923	0.032483	-0.027923	0.045348	0.00051097	0.012846	-0.024569	0.013795	0.074907	0.63228	0.55792	1.1333								True	-0.43681	3.0245
SCZ25_EUR	EUR	imaging_dk	global_slope_1lmm	4308	K2_glial	primary	K2	genome	1782	85484	-0.029774	0.013923	0.032483	-0.027923	0.045348	0.00051097	0.012846	-0.010776	0.014347	0.4526	0.094972	0.079523	1.1943	0.96769	0.66947	-1.9306	0.96101	3.8265	1.2427	0.87862	True	-5.1807	7.785
SCZ25_EUR	EUR	imaging_dk	global_slope_1lmm	4308	K2_neuronal	primary	K2	genome	1325	129066	-0.029774	0.013923	0.032483	-0.027923	0.045348	0.00051097	0.012846	0.0043659	0.013841	0.75244	-0.052506	0.13024	-0.40315	1.2495	0.00039992	-1.4744	0.74981	3.0616	-0.53767	0.30234	True	-9.4331	4.7675
SCZ25_EUR	EUR	imaging_dk	global_slope_1lmm	4308	K3_oligodendrocyte	primary	K3	genome	616	36216	-0.029774	0.013923	0.032483	-0.027923	0.045348	0.00051097	0.012846	-0.018031	0.014078	0.20026	0.11271	0.038451	2.9313	1.1737	0.10918	-4.1577	0.84495	5.6227	3.4692	0.41672	True	-7.9502	16.728
SCZ25_EUR	EUR	imaging_dk	global_slope_1lmm	4308	K3_syngo	primary	K3	genome	1510	104822	-0.029774	0.013923	0.032483	-0.027923	0.045348	0.00051097	0.012846	-0.014317	0.014673	0.32921	0.15371	0.10945	1.4044	1.2923	0.00039992	-1.763	0.88586	3.5811	1.5854	0.68946	True	-4.2082	8.6128
SCZ25_EUR	EUR	imaging_dk	global_slope_1lmm	4308	S0_scz_locus_pool	secondary	S0	genome	368	26185	-0.029774	0.013923	0.032483	-0.027923	0.045348	0.00051097	0.012846	-0.010725	0.014219	0.4507	0.087657	0.061811	1.4181	3.3892	0.00019996	-3.6179	0.79917	5.1383	1.7745	0.77025	True	-6.1254	10.726
SCZ25_EUR	EUR	imaging_dk	global_slope_1lmm	4308	S1_snrna_pc1_bottom	secondary	S1	snrna	1573	104067	-0.029774	0.013923	0.032483	-0.027923	0.045348	0.00051097	0.012846	-0.015563	0.014258	0.27503	0.15952	0.10846	1.4708	1.1004	0.078984	-1.3689	1.1515	3.4898	1.2773	0.77624	True	-4.2116	8.1072
SCZ25_EUR	EUR	imaging_dk	global_slope_1lmm	4308	S1_snrna_pc1_top	secondary	S1	snrna	1580	174158	-0.029774	0.013923	0.032483	-0.027923	0.045348	0.00051097	0.012846	-0.0040637	0.01402	0.77193	0.05631	0.16588	0.33946	1.1743	0.00039992	-0.93885	0.91691	2.7776	0.37023	0.5275	True	-7.3807	4.3948
SCZ25_EUR	EUR	imaging_dk	global_slope_1lmm	4308	S2_c3_bottom	secondary	S2	ahba	590	29770	-0.029774	0.013923	0.032483	-0.027923	0.045348	0.00051097	0.012846	0.0032227	0.014138	0.81968	-0.015008	0.02253	-0.66615	0.70884	0.9972	-4.4098	0.45358	5.5917	-1.4687	0.65547	True	-16.589	12.701
SCZ25_EUR	EUR	imaging_dk	global_slope_1lmm	4308	S2_c3_top	secondary	S2	ahba	591	42205	-0.029774	0.013923	0.032483	-0.027923	0.045348	0.00051097	0.012846	-0.0056672	0.014593	0.69776	0.038263	0.047058	0.8131	1.1771	0.075385	-3.1171	0.76583	4.5902	1.0617	0.9822	True	-10.804	7.8485
SCZ25_EUR	EUR	imaging_dk	global_slope_1lmm	4308	S3_c1_bottom	secondary	S3	ahba	571	32114	-0.029774	0.013923	0.032483	-0.027923	0.045348	0.00051097	0.012846	-0.0052132	0.014241	0.71431	0.031165	0.035462	0.87884	1.0704	0.30074	-3.8023	0.59393	4.9734	1.4797	0.89862	True	-9.2862	10.42
SCZ25_EUR	EUR	imaging_dk	global_slope_1lmm	4308	S3_c1_top	secondary	S3	ahba	603	35247	-0.029774	0.013923	0.032483	-0.027923	0.045348	0.00051097	0.012846	0.020414	0.014716	0.16538	-0.12898	0.041168	-3.1329	1.1571	0.11918	-3.4466	0.75181	5.0358	-4.1672	0.075985	True	-29.357	6.6877
SCZ25_EUR	EUR	imaging_dk	global_slope_1lmm	4308	S3_c2_bottom	secondary	S3	ahba	568	34410	-0.029774	0.013923	0.032483	-0.027923	0.045348	0.00051097	0.012846	-0.0075725	0.014299	0.59641	0.043785	0.036678	1.1938	1.0798	0.27215	-3.5008	0.48771	4.5758	2.4477	0.73105	True	-10.727	12.135
SCZ25_EUR	EUR	imaging_dk	global_slope_1lmm	4308	S3_c2_top	secondary	S3	ahba	606	29931	-0.029774	0.013923	0.032483	-0.027923	0.045348	0.00051097	0.012846	-0.015344	0.014482	0.28936	0.085876	0.029424	2.9186	0.97976	0.55829	-4.4282	0.64743	5.6622	4.508	0.37073	True	-6.6327	18.528
SCZ25_EUR	EUR	imaging_dk	global_slope_1lmm	4308	S4_pls2_bottom	secondary	S4	ahba	585	30225	-0.029774	0.013923	0.032483	-0.027923	0.045348	0.00051097	0.012846	0.013296	0.014478	0.35846	-0.068053	0.023908	-2.8465	0.78338	0.96121	-4.2797	0.63536	5.5011	-4.4801	0.15677	True	-28.926	8.7768
SCZ25_EUR	EUR	imaging_dk	global_slope_1lmm	4308	S4_pls2_top	secondary	S4	ahba	582	38287	-0.029774	0.013923	0.032483	-0.027923	0.045348	0.00051097	0.012846	0.0082548	0.014099	0.55823	-0.051649	0.044346	-1.1647	1.1096	0.18236	-2.9209	0.90226	4.6898	-1.2909	0.29034	True	-17.86	4.6383
SCZ25_EUR	EUR	imaging_dk	global_slope_1lmm	4308	S5_brain_celltype_markers	secondary	S5	genome	4080	294220	-0.029774	0.013923	0.032483	-0.027923	0.045348	0.00051097	0.012846	-0.013806	0.013911	0.32099	0.24115	0.28222	0.85446	1.1421	0.00019996	-0.36905	0.85192	2.1169	1.003	0.997	True	-2.9571	3.2535
SCZ25_EUR	EUR	imaging_dk	global_slope_1lmm	4308	K1c_not_brain_expressed	primary	K1	genome	2281	68747	-0.029774	0.013923	0.032483	-0.027923	0.045348	0.00051097	0.012846	0.0034163	0.014256	0.81061	-0.026677	0.058028	-0.45973	0.85111	0.97481	-2.2114	1.0634	4.3267	-0.43234	0.35673	True	-10.522	5.4192
SCZ25_EUR	EUR	imaging_dk	baseline_thickness_1lmm	4308	K1_brain_expressed	primary	K1	genome	14422	571685	0.019493	0.016582	0.23977	0.022722	0.17141	0.0024246	0.012846	0.033517	0.016418	0.041206	1.06	0.55792	1.8999								False	-5.6836	8.3968
SCZ25_EUR	EUR	imaging_dk	baseline_thickness_1lmm	4308	K2_glial	primary	K2	genome	1782	85484	0.019493	0.016582	0.23977	0.022722	0.17141	0.0024246	0.012846	-0.01463	0.015929	0.35835	-0.15846	0.079523	-1.9926	0.96769	0.66947	-2.6751	1.416	5.5572	-1.4072	0.10278	False	-25.837	17.754
SCZ25_EUR	EUR	imaging_dk	baseline_thickness_1lmm	4308	K2_neuronal	primary	K2	genome	1325	129066	0.019493	0.016582	0.23977	0.022722	0.17141	0.0024246	0.012846	0.0050568	0.016307	0.75649	0.074735	0.13024	0.57383	1.2495	0.00039992	-1.3067	1.9298	5.2443	0.29736	0.40672	False	-11.524	10.771
SCZ25_EUR	EUR	imaging_dk	baseline_thickness_1lmm	4308	K3_oligodendrocyte	primary	K3	genome	616	36216	0.019493	0.016582	0.23977	0.022722	0.17141	0.0024246	0.012846	0.014406	0.015823	0.36258	0.11066	0.038451	2.878	1.1737	0.10918	-5.5887	1.5587	8.5367	1.8464	0.71146	False	-21.246	30.933
SCZ25_EUR	EUR	imaging_dk	baseline_thickness_1lmm	4308	K3_syngo	primary	K3	genome	1510	104822	0.019493	0.016582	0.23977	0.022722	0.17141	0.0024246	0.012846	-0.0017172	0.015991	0.91448	-0.022657	0.10945	-0.20701	1.2923	0.00039992	-1.9325	1.8113	5.46	-0.11429	0.30274	False	-20.568	13.245
SCZ25_EUR	EUR	imaging_dk	baseline_thickness_1lmm	4308	S0_scz_locus_pool	secondary	S0	genome	368	26185	0.019493	0.016582	0.23977	0.022722	0.17141	0.0024246	0.012846	0.030948	0.016186	0.055876	0.31084	0.061811	5.0289	3.3892	0.00019996	-4.3565	1.9505	8.0624	2.5783	0.32953	False	-24.075	41.602
SCZ25_EUR	EUR	imaging_dk	baseline_thickness_1lmm	4308	S1_snrna_pc1_bottom	secondary	S1	snrna	1573	104067	0.019493	0.016582	0.23977	0.022722	0.17141	0.0024246	0.012846	0.022121	0.016291	0.1745	0.27864	0.10846	2.5691	1.1004	0.078984	-1.2736	2.1784	5.6688	1.1793	0.82464	False	-16.574	17.697
SCZ25_EUR	EUR	imaging_dk	baseline_thickness_1lmm	4308	S1_snrna_pc1_top	secondary	S1	snrna	1580	174158	0.019493	0.016582	0.23977	0.022722	0.17141	0.0024246	0.012846	0.0018057	0.016235	0.91144	0.030749	0.16588	0.18537	1.1743	0.00039992	-0.30839	2.2997	4.9183	0.080604	0.10798	False	-12.765	10.905
SCZ25_EUR	EUR	imaging_dk	baseline_thickness_1lmm	4308	S2_c3_bottom	secondary	S2	ahba	590	29770	0.019493	0.016582	0.23977	0.022722	0.17141	0.0024246	0.012846	0.010809	0.016818	0.52043	0.061858	0.02253	2.7456	0.70884	0.9972	-4.8281	2.0659	8.8178	1.329	0.84223	False	-21.59	36.924
SCZ25_EUR	EUR	imaging_dk	baseline_thickness_1lmm	4308	S2_c3_top	secondary	S2	ahba	591	42205	0.019493	0.016582	0.23977	0.022722	0.17141	0.0024246	0.012846	0.0024273	0.016481	0.88291	0.020139	0.047058	0.42796	1.1771	0.075385	-2.9111	2.4789	7.6676	0.17264	0.42751	False	-22.167	18.036
SCZ25_EUR	EUR	imaging_dk	baseline_thickness_1lmm	4308	S3_c1_bottom	secondary	S3	ahba	571	32114	0.019493	0.016582	0.23977	0.022722	0.17141	0.0024246	0.012846	0.023513	0.016065	0.14332	0.17273	0.035462	4.8709	1.0704	0.30074	-4.1862	2.0648	8.2885	2.359	0.38472	False	-20.713	43.909
SCZ25_EUR	EUR	imaging_dk	baseline_thickness_1lmm	4308	S3_c1_top	secondary	S3	ahba	603	35247	0.019493	0.016582	0.23977	0.022722	0.17141	0.0024246	0.012846	0.012948	0.016137	0.42235	0.10053	0.041168	2.4419	1.1571	0.11918	-3.4807	2.4063	8.0096	1.0148	0.9926	False	-15.899	23.454
SCZ25_EUR	EUR	imaging_dk	baseline_thickness_1lmm	4308	S3_c2_bottom	secondary	S3	ahba	568	34410	0.019493	0.016582	0.23977	0.022722	0.17141	0.0024246	0.012846	0.022086	0.016025	0.16812	0.15694	0.036678	4.2787	1.0798	0.27215	-3.19	2.4636	8.05	1.7368	0.5175	False	-24.757	31.2
SCZ25_EUR	EUR	imaging_dk	baseline_thickness_1lmm	4308	S3_c2_top	secondary	S3	ahba	606	29931	0.019493	0.016582	0.23977	0.022722	0.17141	0.0024246	0.012846	-0.012303	0.016027	0.44271	-0.084617	0.029424	-2.8758	0.97976	0.55829	-5.0267	1.7924	8.663	-1.6045	0.18396	False	-43.324	35.613
SCZ25_EUR	EUR	imaging_dk	baseline_thickness_1lmm	4308	S4_pls2_bottom	secondary	S4	ahba	585	30225	0.019493	0.016582	0.23977	0.022722	0.17141	0.0024246	0.012846	0.01796	0.016178	0.26694	0.11297	0.023908	4.7252	0.78338	0.96121	-4.2943	2.2048	8.9503	2.1432	0.45591	False	-27.294	41.468
SCZ25_EUR	EUR	imaging_dk	baseline_thickness_1lmm	4308	S4_pls2_top	secondary	S4	ahba	582	38287	0.019493	0.016582	0.23977	0.022722	0.17141	0.0024246	0.012846	-0.01692	0.016457	0.30391	-0.13009	0.044346	-2.9336	1.1096	0.18236	-3.0968	2.355	7.771	-1.2457	0.056389	False	-35.587	27.149
SCZ25_EUR	EUR	imaging_dk	baseline_thickness_1lmm	4308	S5_brain_celltype_markers	secondary	S5	genome	4080	294220	0.019493	0.016582	0.23977	0.022722	0.17141	0.0024246	0.012846	0.010346	0.016153	0.52184	0.22208	0.28222	0.7869	1.1421	0.00019996	-0.0034238	1.7523	3.5288	0.44907	0.28234	False	-6.4186	5.6505
SCZ25_EUR	EUR	imaging_dk	baseline_thickness_1lmm	4308	K1c_not_brain_expressed	primary	K1	genome	2281	68747	0.019493	0.016582	0.23977	0.022722	0.17141	0.0024246	0.012846	-0.015894	0.016344	0.33083	-0.15252	0.058028	-2.6284	0.85111	0.97481	-3.5353	1.1825	5.8661	-2.2228	0.10758	False	-27.628	29.028
SCZ25_EUR	EUR	imaging_hcp	global_slope_1lmm	4308	K1_brain_expressed	primary	K1	genome	14422	571685	-0.034096	0.014181	0.016204	-0.032946	0.02029	0.00073551	0.012846	-0.029506	0.013939	0.03428	0.64357	0.55792	1.1535								True	0.010977	2.3399
SCZ25_EUR	EUR	imaging_hcp	global_slope_1lmm	4308	K2_glial	primary	K2	genome	1782	85484	-0.034096	0.014181	0.016204	-0.032946	0.02029	0.00073551	0.012846	-0.017153	0.014238	0.22829	0.12813	0.079523	1.6113	0.96769	0.66947	-1.3806	1.0809	3.4982	1.4907	0.67027	True	-2.1495	6.3468
SCZ25_EUR	EUR	imaging_hcp	global_slope_1lmm	4308	K2_neuronal	primary	K2	genome	1325	129066	-0.034096	0.014181	0.016204	-0.032946	0.02029	0.00073551	0.012846	0.0038571	0.013923	0.78175	-0.039316	0.13024	-0.30187	1.2495	0.00039992	-0.96095	0.91277	2.855	-0.33072	0.19516	True	-6.6339	2.5642
SCZ25_EUR	EUR	imaging_hcp	global_slope_1lmm	4308	K3_oligodendrocyte	primary	K3	genome	616	36216	-0.034096	0.014181	0.016204	-0.032946	0.02029	0.00073551	0.012846	-0.012804	0.014045	0.36194	0.067836	0.038451	1.7642	1.1737	0.10918	-3.2676	0.99643	5.1326	1.7705	0.71946	True	-4.1542	8.4787
SCZ25_EUR	EUR	imaging_hcp	global_slope_1lmm	4308	K3_syngo	primary	K3	genome	1510	104822	-0.034096	0.014181	0.016204	-0.032946	0.02029	0.00073551	0.012846	-0.017621	0.014511	0.22464	0.16035	0.10945	1.465	1.2923	0.00039992	-1.1447	1.0199	3.2697	1.4364	0.70066	True	-1.9313	5.7637
SCZ25_EUR	EUR	imaging_hcp	global_slope_1lmm	4308	S0_scz_locus_pool	secondary	S0	genome	368	26185	-0.034096	0.014181	0.016204	-0.032946	0.02029	0.00073551	0.012846	-0.010513	0.014217	0.45965	0.072824	0.061811	1.1782	3.3892	0.00019996	-2.8023	0.92019	4.5634	1.2804	0.87782	True	-3.5746	7.0112
SCZ25_EUR	EUR	imaging_hcp	global_slope_1lmm	4308	S1_snrna_pc1_bottom	secondary	S1	snrna	1573	104067	-0.034096	0.014181	0.016204	-0.032946	0.02029	0.00073551	0.012846	-0.016192	0.014005	0.24763	0.14066	0.10846	1.2969	1.1004	0.078984	-0.97994	1.1454	3.1228	1.1323	0.89102	True	-2.1256	6.0074
SCZ25_EUR	EUR	imaging_hcp	global_slope_1lmm	4308	S1_snrna_pc1_top	secondary	S1	snrna	1580	174158	-0.034096	0.014181	0.016204	-0.032946	0.02029	0.00073551	0.012846	-0.0010166	0.0141	0.94253	0.011939	0.16588	0.071972	1.1743	0.00039992	-0.58288	0.99911	2.5967	0.072036	0.24835	True	-5.2075	2.3609
SCZ25_EUR	EUR	imaging_hcp	global_slope_1lmm	4308	S2_c3_bottom	secondary	S2	ahba	590	29770	-0.034096	0.014181	0.016204	-0.032946	0.02029	0.00073551	0.012846	0.001205	0.014077	0.93178	-0.0047561	0.02253	-0.2111	0.70884	0.9972	-3.7014	0.47913	4.6722	-0.44059	0.74825	True	-10.393	6.7771
SCZ25_EUR	EUR	imaging_hcp	global_slope_1lmm	4308	S2_c3_top	secondary	S2	ahba	591	42205	-0.034096	0.014181	0.016204	-0.032946	0.02029	0.00073551	0.012846	-0.00305	0.014447	0.83279	0.017453	0.047058	0.37089	1.1771	0.075385	-2.5746	0.72966	4.0264	0.5083	0.83743	True	-6.7791	4.6787
SCZ25_EUR	EUR	imaging_hcp	global_slope_1lmm	4308	S3_c1_bottom	secondary	S3	ahba	571	32114	-0.034096	0.014181	0.016204	-0.032946	0.02029	0.00073551	0.012846	-0.0026073	0.014324	0.85557	0.013211	0.035462	0.37253	1.0704	0.30074	-3.1518	0.56799	4.4276	0.65587	0.91822	True	-7.069	5.9475
SCZ25_EUR	EUR	imaging_hcp	global_slope_1lmm	4308	S3_c1_top	secondary	S3	ahba	603	35247	-0.034096	0.014181	0.016204	-0.032946	0.02029	0.00073551	0.012846	0.016277	0.014602	0.265	-0.087159	0.041168	-2.1172	1.1571	0.11918	-2.8897	0.74213	4.3057	-2.8528	0.12557	True	-16.46	1.9158
SCZ25_EUR	EUR	imaging_hcp	global_slope_1lmm	4308	S3_c2_bottom	secondary	S3	ahba	568	34410	-0.034096	0.014181	0.016204	-0.032946	0.02029	0.00073551	0.012846	-0.0073122	0.014093	0.60386	0.035834	0.036678	0.97698	1.0798	0.27215	-2.9234	0.47285	3.96	2.0662	0.77504	True	-4.9505	7.7892
SCZ25_EUR	EUR	imaging_hcp	global_slope_1lmm	4308	S3_c2_top	secondary	S3	ahba	606	29931	-0.034096	0.014181	0.016204	-0.032946	0.02029	0.00073551	0.012846	-0.016368	0.014573	0.26136	0.077639	0.029424	2.6387	0.97976	0.55829	-3.6773	0.6853	4.9212	3.8504	0.35273	True	-3.7692	14.06
SCZ25_EUR	EUR	imaging_hcp	global_slope_1lmm	4308	S4_pls2_bottom	secondary	S4	ahba	585	30225	-0.034096	0.014181	0.016204	-0.032946	0.02029	0.00073551	0.012846	0.010425	0.014378	0.46842	-0.045224	0.023908	-1.8916	0.78338	0.96121	-3.4336	0.58783	4.7079	-3.2179	0.23755	True	-15.802	4.6237
SCZ25_EUR	EUR	imaging_hcp	global_slope_1lmm	4308	S4_pls2_top	secondary	S4	ahba	582	38287	-0.034096	0.014181	0.016204	-0.032946	0.02029	0.00073551	0.012846	0.0093008	0.014346	0.51677	-0.049321	0.044346	-1.1122	1.1096	0.18236	-2.4049	0.85987	4.0781	-1.2934	0.23955	True	-13.175	2.6149
SCZ25_EUR	EUR	imaging_hcp	global_slope_1lmm	4308	S5_brain_celltype_markers	secondary	S5	genome	4080	294220	-0.034096	0.014181	0.016204	-0.032946	0.02029	0.00073551	0.012846	-0.013977	0.013911	0.31504	0.20691	0.28222	0.73316	1.1421	0.00019996	-0.022573	1.0168	2.0722	0.72103	0.60468	True	-1.4098	2.242
SCZ25_EUR	EUR	imaging_hcp	global_slope_1lmm	4308	K1c_not_brain_expressed	primary	K1	genome	2281	68747	-0.034096	0.014181	0.016204	-0.032946	0.02029	0.00073551	0.012846	-0.0042385	0.014312	0.76712	0.028052	0.058028	0.48342	0.85111	0.97481	-1.6274	1.1606	3.9565	0.41652	0.62348	True	-4.47	5.3376
SCZ25_EUR	EUR	imaging_hcp	baseline_thickness_1lmm	4308	K1_brain_expressed	primary	K1	genome	14422	571685	0.024113	0.016494	0.14377	0.027702	0.093723	0.0033073	0.012846	0.036225	0.016368	0.026887	0.93972	0.55792	1.6843								False	-0.53609	6.1844
SCZ25_EUR	EUR	imaging_hcp	baseline_thickness_1lmm	4308	K2_glial	primary	K2	genome	1782	85484	0.024113	0.016494	0.14377	0.027702	0.093723	0.0033073	0.012846	-0.018991	0.016002	0.23532	-0.16871	0.079523	-2.1216	0.96769	0.66947	-2.0784	1.2978	4.6676	-1.6347	0.047591	False	-28.407	5.9758
SCZ25_EUR	EUR	imaging_hcp	baseline_thickness_1lmm	4308	K2_neuronal	primary	K2	genome	1325	129066	0.024113	0.016494	0.14377	0.027702	0.093723	0.0033073	0.012846	0.01285	0.016181	0.4271	0.15578	0.13024	1.1961	1.2495	0.00039992	-0.94282	1.7125	4.4182	0.69846	0.69346	False	-6.4126	8.7123
SCZ25_EUR	EUR	imaging_hcp	baseline_thickness_1lmm	4308	K3_oligodendrocyte	primary	K3	genome	616	36216	0.024113	0.016494	0.14377	0.027702	0.093723	0.0033073	0.012846	0.015585	0.015827	0.32475	0.098201	0.038451	2.5539	1.1737	0.10918	-4.6744	1.4187	7.2136	1.8002	0.70546	False	-8.6554	21.702
SCZ25_EUR	EUR	imaging_hcp	baseline_thickness_1lmm	4308	K3_syngo	primary	K3	genome	1510	104822	0.024113	0.016494	0.14377	0.027702	0.093723	0.0033073	0.012846	0.0042188	0.015977	0.79175	0.045658	0.10945	0.41716	1.2923	0.00039992	-1.5455	1.6537	4.5794	0.25226	0.46911	False	-10.978	6.0565
SCZ25_EUR	EUR	imaging_hcp	baseline_thickness_1lmm	4308	S0_scz_locus_pool	secondary	S0	genome	368	26185	0.024113	0.016494	0.14377	0.027702	0.093723	0.0033073	0.012846	0.032957	0.016224	0.042218	0.27152	0.061811	4.3928	3.3892	0.00019996	-3.5288	1.7324	6.7847	2.5357	0.29834	False	-5.0308	35.397
SCZ25_EUR	EUR	imaging_hcp	baseline_thickness_1lmm	4308	S1_snrna_pc1_bottom	secondary	S1	snrna	1573	104067	0.024113	0.016494	0.14377	0.027702	0.093723	0.0033073	0.012846	0.020987	0.016346	0.19915	0.21684	0.10846	1.9993	1.1004	0.078984	-0.93741	1.9315	4.8942	1.0351	0.96941	False	-3.446	13.021
SCZ25_EUR	EUR	imaging_hcp	baseline_thickness_1lmm	4308	S1_snrna_pc1_top	secondary	S1	snrna	1580	174158	0.024113	0.016494	0.14377	0.027702	0.093723	0.0033073	0.012846	0.0066421	0.016156	0.68099	0.092776	0.16588	0.55929	1.1743	0.00039992	-0.10434	2.0462	4.2223	0.27333	0.18156	False	-8.5049	5.2615
SCZ25_EUR	EUR	imaging_hcp	baseline_thickness_1lmm	4308	S2_c3_bottom	secondary	S2	ahba	590	29770	0.024113	0.016494	0.14377	0.027702	0.093723	0.0033073	0.012846	0.011645	0.016807	0.48841	0.054663	0.02253	2.4263	0.70884	0.9972	-3.8437	1.8654	7.339	1.3007	0.84343	False	-12.842	31.789
SCZ25_EUR	EUR	imaging_hcp	baseline_thickness_1lmm	4308	S2_c3_top	secondary	S2	ahba	591	42205	0.024113	0.016494	0.14377	0.027702	0.093723	0.0033073	0.012846	0.0089023	0.01652	0.58997	0.060586	0.047058	1.2875	1.1771	0.075385	-2.4093	2.0857	6.319	0.6173	0.72306	False	-12.531	13.248
SCZ25_EUR	EUR	imaging_hcp	baseline_thickness_1lmm	4308	S3_c1_bottom	secondary	S3	ahba	571	32114	0.024113	0.016494	0.14377	0.027702	0.093723	0.0033073	0.012846	0.021798	0.015988	0.17276	0.13135	0.035462	3.7041	1.0704	0.30074	-3.3047	1.8053	6.8358	2.0518	0.4767	False	-8.084	24.575
SCZ25_EUR	EUR	imaging_hcp	baseline_thickness_1lmm	4308	S3_c1_top	secondary	S3	ahba	603	35247	0.024113	0.016494	0.14377	0.027702	0.093723	0.0033073	0.012846	0.017208	0.016096	0.28504	0.10959	0.041168	2.662	1.1571	0.11918	-2.6662	2.0886	6.7845	1.2746	0.81704	False	-9.5434	21.107
SCZ25_EUR	EUR	imaging_hcp	baseline_thickness_1lmm	4308	S3_c2_bottom	secondary	S3	ahba	568	34410	0.024113	0.016494	0.14377	0.027702	0.093723	0.0033073	0.012846	0.025848	0.016008	0.10638	0.15065	0.036678	4.1073	1.0798	0.27215	-2.528	2.2006	6.8572	1.8664	0.41472	False	-5.5148	33.681
SCZ25_EUR	EUR	imaging_hcp	baseline_thickness_1lmm	4308	S3_c2_top	secondary	S3	ahba	606	29931	0.024113	0.016494	0.14377	0.027702	0.093723	0.0033073	0.012846	-0.0082904	0.016204	0.60891	-0.046771	0.029424	-1.5896	0.97976	0.55829	-4.0915	1.6314	7.3614	-0.97437	0.27874	False	-27.569	12.009
SCZ25_EUR	EUR	imaging_hcp	baseline_thickness_1lmm	4308	S4_pls2_bottom	secondary	S4	ahba	585	30225	0.024113	0.016494	0.14377	0.027702	0.093723	0.0033073	0.012846	0.017623	0.016144	0.27501	0.090927	0.023908	3.8032	0.78338	0.96121	-3.4074	1.9915	7.5911	1.9098	0.5203	False	-9.3173	30.566
SCZ25_EUR	EUR	imaging_hcp	baseline_thickness_1lmm	4308	S4_pls2_top	secondary	S4	ahba	582	38287	0.024113	0.016494	0.14377	0.027702	0.093723	0.0033073	0.012846	-0.015798	0.016424	0.33611	-0.099637	0.044346	-2.2468	1.1096	0.18236	-2.4731	2.0771	6.5709	-1.0817	0.063987	False	-29.293	7.2014
SCZ25_EUR	EUR	imaging_hcp	baseline_thickness_1lmm	4308	S5_brain_celltype_markers	secondary	S5	genome	4080	294220	0.024113	0.016494	0.14377	0.027702	0.093723	0.0033073	0.012846	0.012122	0.016086	0.4511	0.21343	0.28222	0.75625	1.1421	0.00019996	0.086298	1.5459	3.0481	0.4892	0.27714	False	-4.6531	4.2246
SCZ25_EUR	EUR	imaging_hcp	baseline_thickness_1lmm	4308	K1c_not_brain_expressed	primary	K1	genome	2281	68747	0.024113	0.016494	0.14377	0.027702	0.093723	0.0033073	0.012846	-0.015001	0.01633	0.3583	-0.11808	0.058028	-2.0349	0.85111	0.97481	-2.8579	1.0897	4.9989	-1.8674	0.11038	False	-20.069	13.968
SCZ25_EUR	EUR	symptoms	pfactor	4079	K1_brain_expressed	primary	K1	genome	14422	571685	0.011944	0.012014	0.32011	0.014684	0.22197		0.012828	-0.0050964	0.011716	0.66356	-0.25003	0.55588	-0.44979								False	-15.19	10.8
SCZ25_EUR	EUR	symptoms	pfactor	4079	K2_glial	primary	K2	genome	1782	85484	0.011944	0.012014	0.32011	0.014684	0.22197		0.012828	-0.0018297	0.012447	0.88313	-0.030787	0.079867	-0.38548	0.97175	0.64187	-5.8662	-1.1328	3.5451	0.34028	0.75385	False	-21.721	21.783
SCZ25_EUR	EUR	symptoms	pfactor	4079	K2_neuronal	primary	K2	genome	1325	129066	0.011944	0.012014	0.32011	0.014684	0.22197		0.012828	-0.0075977	0.011986	0.52616	-0.17515	0.13156	-1.3314	1.257	0.00019996	-4.7054	-0.96959	2.7228	1.3731	0.84463	False	-24.154	21.467
SCZ25_EUR	EUR	symptoms	pfactor	4079	K3_oligodendrocyte	primary	K3	genome	616	36216	0.011944	0.012014	0.32011	0.014684	0.22197		0.012828	-0.0026798	0.011853	0.82113	-0.031918	0.038222	-0.83506	1.1638	0.11798	-9.5945	-1.3245	6.9315	0.63049	0.90302	False	-32.396	28.035
SCZ25_EUR	EUR	symptoms	pfactor	4079	K3_syngo	primary	K3	genome	1510	104822	0.011944	0.012014	0.32011	0.014684	0.22197		0.012828	-0.029385	0.012052	0.014764	-0.60247	0.11069	-5.4427	1.3022	0.00019996	-5.3772	-1.0522	3.2259	5.1727	0.046391	False	-72.094	47.367
SCZ25_EUR	EUR	symptoms	pfactor	4079	S0_scz_locus_pool	secondary	S0	genome	368	26185	0.011944	0.012014	0.32011	0.014684	0.22197		0.012828	-0.011944	0.011984	0.31891	-0.18604	0.060891	-3.0553	3.3327	0.00019996	-7.7826	-0.82352	6.1189	3.71	0.5095	False	-43.379	30.297
SCZ25_EUR	EUR	symptoms	pfactor	4079	S1_snrna_pc1_bottom	secondary	S1	snrna	1573	104067	0.011944	0.012014	0.32011	0.014684	0.22197		0.012828	-0.010639	0.012177	0.38228	-0.20787	0.10784	-1.9276	1.0947	0.089382	-4.441	-0.36712	3.7212	5.2508	0.47231	False	-30.805	24.674
SCZ25_EUR	EUR	symptoms	pfactor	4079	S1_snrna_pc1_top	secondary	S1	snrna	1580	174158	0.011944	0.012014	0.32011	0.014684	0.22197		0.012828	-0.0036943	0.011873	0.75569	-0.098455	0.16788	-0.58647	1.1864	0.00039992	-3.4855	-0.4769	2.5696	1.2297	0.94821	False	-16.982	16.684
SCZ25_EUR	EUR	symptoms	pfactor	4079	S2_c3_bottom	secondary	S2	ahba	590	29770	0.011944	0.012014	0.32011	0.014684	0.22197		0.012828	0.0032075	0.012112	0.79115	0.028511	0.022092	1.2906	0.69313	0.9968	-8.3427	-0.23547	8.0558	-5.4809	0.71186	False	-33.543	42.093
SCZ25_EUR	EUR	symptoms	pfactor	4079	S2_c3_top	secondary	S2	ahba	591	42205	0.011944	0.012014	0.32011	0.014684	0.22197		0.012828	-0.031845	0.011984	0.0078756	-0.41032	0.047431	-8.6509	1.1856	0.070186	-6.8987	-0.68259	5.6536	12.674	0.011198	False	-111.44	84.897
SCZ25_EUR	EUR	symptoms	pfactor	4079	S3_c1_bottom	secondary	S3	ahba	571	32114	0.011944	0.012014	0.32011	0.014684	0.22197		0.012828	0.020717	0.012246	0.090702	0.23642	0.034943	6.7659	1.0572	0.33393	-8.0849	-0.49142	7.0101	-13.768	0.058388	False	-47.007	78.092
SCZ25_EUR	EUR	symptoms	pfactor	4079	S3_c1_top	secondary	S3	ahba	603	35247	0.011944	0.012014	0.32011	0.014684	0.22197		0.012828	0.0056943	0.012082	0.63741	0.068475	0.041104	1.6659	1.1558	0.11018	-7.5465	-0.21072	7.2896	-7.9056	0.62508	False	-33.447	28.251
SCZ25_EUR	EUR	symptoms	pfactor	4079	S3_c2_bottom	secondary	S3	ahba	568	34410	0.011944	0.012014	0.32011	0.014684	0.22197		0.012828	0.011518	0.011958	0.33547	0.12707	0.037381	3.3994	1.1014	0.22515	-7.3548	-0.60337	5.9617	-5.634	0.24035	False	-29.481	39.72
SCZ25_EUR	EUR	symptoms	pfactor	4079	S3_c2_top	secondary	S3	ahba	606	29931	0.011944	0.012014	0.32011	0.014684	0.22197		0.012828	-0.010357	0.011669	0.37476	-0.11019	0.028324	-3.8904	0.9483	0.66147	-8.3936	-0.35569	8.0527	10.937	0.39312	False	-51.444	30.327
SCZ25_EUR	EUR	symptoms	pfactor	4079	S4_pls2_bottom	secondary	S4	ahba	585	30225	0.011944	0.012014	0.32011	0.014684	0.22197		0.012828	0.0082516	0.012447	0.50737	0.080461	0.023295	3.454	0.76551	0.97461	-8.5723	-0.60313	7.6097	-5.7268	0.33513	False	-39.18	46.5
SCZ25_EUR	EUR	symptoms	pfactor	4079	S4_pls2_top	secondary	S4	ahba	582	38287	0.011944	0.012014	0.32011	0.014684	0.22197		0.012828	-0.0077631	0.011539	0.50107	-0.092526	0.044332	-2.0871	1.1097	0.17677	-6.8868	-0.38103	6.2892	5.4776	0.62947	False	-36.929	32.615
SCZ25_EUR	EUR	symptoms	pfactor	4079	S5_brain_celltype_markers	secondary	S5	genome	4080	294220	0.011944	0.012014	0.32011	0.014684	0.22197		0.012828	-0.0039575	0.011618	0.73338	-0.13239	0.28287	-0.46805	1.1404	0.00019996	-3.0861	-1.0609	1.0069	0.44117	0.57988	False	-12.018	14.665
SCZ25_EUR	EUR	symptoms	pfactor	4079	K1c_not_brain_expressed	primary	K1	genome	2281	68747	0.011944	0.012014	0.32011	0.014684	0.22197		0.012828	-0.028733	0.012291	0.019399	-0.42806	0.060352	-7.0927	0.8831	0.93421	-6.5399	-1.4843	3.6493	4.7784	0.029594	False	-84.67	74.102
SCZ25_EUR	EUR	symptoms	internal	4090	K1_brain_expressed	primary	K1	genome	14422	571685	0.013672	0.013455	0.30959	0.015682	0.2445		0.012787	-0.0069848	0.012986	0.59067	-0.32034	0.55531	-0.57687								False	-13.198	11.324
SCZ25_EUR	EUR	symptoms	internal	4090	K2_glial	primary	K2	genome	1782	85484	0.013672	0.013455	0.30959	0.015682	0.2445		0.012787	-0.0058268	0.013292	0.66112	-0.091678	0.079545	-1.1525	0.96865	0.65827	-5.9029	-1.1934	3.2776	0.96574	0.9894	False	-22.871	20.606
SCZ25_EUR	EUR	symptoms	internal	4090	K2_neuronal	primary	K2	genome	1325	129066	0.013672	0.013455	0.30959	0.015682	0.2445		0.012787	-0.015092	0.013103	0.24942	-0.32505	0.1316	-2.47	1.2587	0.00019996	-4.7446	-1.0964	2.594	2.2528	0.46831	False	-29.752	26.879
SCZ25_EUR	EUR	symptoms	internal	4090	K3_oligodendrocyte	primary	K3	genome	616	36216	0.013672	0.013455	0.30959	0.015682	0.2445		0.012787	-0.0018505	0.013097	0.88764	-0.020613	0.037824	-0.54497	1.1527	0.13377	-9.5311	-1.424	6.7632	0.38271	0.84103	False	-24.966	30.578
SCZ25_EUR	EUR	symptoms	internal	4090	K3_syngo	primary	K3	genome	1510	104822	0.013672	0.013455	0.30959	0.015682	0.2445		0.012787	-0.023568	0.013334	0.077149	-0.45223	0.11076	-4.083	1.3049	0.00019996	-5.3799	-1.1769	2.9537	3.4692	0.16837	False	-40.782	34.956
SCZ25_EUR	EUR	symptoms	internal	4090	S0_scz_locus_pool	secondary	S0	genome	368	26185	0.013672	0.013455	0.30959	0.015682	0.2445		0.012787	-0.0072618	0.013167	0.58128	-0.1057	0.060871	-1.7365	3.3316	0.00019996	-7.726	-0.87141	5.7833	1.9928	0.79504	False	-30.867	35.713
SCZ25_EUR	EUR	symptoms	internal	4090	S1_snrna_pc1_bottom	secondary	S1	snrna	1573	104067	0.013672	0.013455	0.30959	0.015682	0.2445		0.012787	-0.011556	0.013108	0.37799	-0.21118	0.10762	-1.9624	1.0939	0.091382	-4.4363	-0.43064	3.5259	4.5569	0.43511	False	-31.722	20.034
SCZ25_EUR	EUR	symptoms	internal	4090	S1_snrna_pc1_top	secondary	S1	snrna	1580	174158	0.013672	0.013455	0.30959	0.015682	0.2445		0.012787	7.179e-06	0.013232	0.99957	0.00017876	0.16777	0.0010655	1.1869	0.00039992	-3.4804	-0.55592	2.3979	-0.0019166	0.71186	False	-12.119	14.491
SCZ25_EUR	EUR	symptoms	internal	4090	S2_c3_bottom	secondary	S2	ahba	590	29770	0.013672	0.013455	0.30959	0.015682	0.2445		0.012787	0.0083429	0.013052	0.5227	0.069396	0.022097	3.1405	0.69351	0.9968	-7.4918	0.34015	8.5465	9.2325	0.4915	False	-25.292	36.058
SCZ25_EUR	EUR	symptoms	internal	4090	S2_c3_top	secondary	S2	ahba	591	42205	0.013672	0.013455	0.30959	0.015682	0.2445		0.012787	-0.026119	0.012984	0.044258	-0.3147	0.047415	-6.6371	1.185	0.068986	-6.1757	-0.17316	6.0099	38.33	0.032393	False	-64.627	49.022
SCZ25_EUR	EUR	symptoms	internal	4090	S3_c1_bottom	secondary	S3	ahba	571	32114	0.013672	0.013455	0.30959	0.015682	0.2445		0.012787	0.012132	0.013331	0.36279	0.12942	0.034919	3.7061	1.0565	0.33393	-7.0904	0.041885	7.2704	88.483	0.30874	False	-30.285	45.055
SCZ25_EUR	EUR	symptoms	internal	4090	S3_c1_top	secondary	S3	ahba	603	35247	0.013672	0.013455	0.30959	0.015682	0.2445		0.012787	0.017204	0.01288	0.18163	0.19377	0.041011	4.7249	1.1535	0.11478	-6.3837	0.39775	7.5283	11.879	0.23955	False	-26.142	39.854
SCZ25_EUR	EUR	symptoms	internal	4090	S3_c2_bottom	secondary	S3	ahba	568	34410	0.013672	0.013455	0.30959	0.015682	0.2445		0.012787	0.019926	0.013264	0.13305	0.2053	0.037318	5.5013	1.0997	0.22975	-6.5027	-0.070604	6.2431	-77.918	0.081184	False	-37.947	48.719
SCZ25_EUR	EUR	symptoms	internal	4090	S3_c2_top	secondary	S3	ahba	606	29931	0.013672	0.013455	0.30959	0.015682	0.2445		0.012787	-0.0070894	0.012934	0.58359	-0.070535	0.028343	-2.4886	0.94913	0.65947	-7.703	0.11554	8.3644	-21.54	0.52629	False	-35.727	32.165
SCZ25_EUR	EUR	symptoms	internal	4090	S4_pls2_bottom	secondary	S4	ahba	585	30225	0.013672	0.013455	0.30959	0.015682	0.2445		0.012787	0.012328	0.013348	0.35568	0.11239	0.023292	4.8253	0.76558	0.97501	-7.7506	0.11007	7.9016	43.838	0.22755	False	-36.411	45.103
SCZ25_EUR	EUR	symptoms	internal	4090	S4_pls2_top	secondary	S4	ahba	582	38287	0.013672	0.013455	0.30959	0.015682	0.2445		0.012787	-0.0039709	0.01282	0.75676	-0.04423	0.044298	-0.99847	1.1082	0.17577	-6.1044	0.16333	6.5194	-6.1131	0.71306	False	-26.698	22.87
SCZ25_EUR	EUR	symptoms	internal	4090	S5_brain_celltype_markers	secondary	S5	genome	4080	294220	0.013672	0.013455	0.30959	0.015682	0.2445		0.012787	-0.0053539	0.012863	0.67725	-0.16733	0.28238	-0.59257	1.1393	0.00019996	-3.1593	-1.1528	0.87139	0.51401	0.58508	False	-12.054	13.131
SCZ25_EUR	EUR	symptoms	internal	4090	K1c_not_brain_expressed	primary	K1	genome	2281	68747	0.013672	0.013455	0.30959	0.015682	0.2445		0.012787	-0.028558	0.013259	0.031251	-0.39785	0.060413	-6.5856	0.8849	0.93261	-6.5553	-1.5673	3.4229	4.2018	0.04999	False	-64.916	57.051
SCZ25_EUR	EUR	symptoms	external	4090	K1_brain_expressed	primary	K1	genome	14422	571685	0.013118	0.012998	0.31289	0.01619	0.21268		0.012823	0.0018139	0.012703	0.88645	0.08083	0.55551	0.14551								False	-9.5841	5.0012
SCZ25_EUR	EUR	symptoms	external	4090	K2_glial	primary	K2	genome	1782	85484	0.013118	0.012998	0.31289	0.01619	0.21268		0.012823	0.011852	0.0131	0.36562	0.18133	0.079558	2.2793	0.9683	0.66067	-4.5185	-0.14975	4.2967	-15.221	0.27914	False	-14.964	20.08
SCZ25_EUR	EUR	symptoms	external	4090	K2_neuronal	primary	K2	genome	1325	129066	0.013118	0.012998	0.31289	0.01619	0.21268		0.012823	-0.00084921	0.012772	0.94699	-0.01779	0.13192	-0.13486	1.2603	0.00019996	-3.6186	-0.044277	3.4645	3.0457	0.96261	False	-17.028	11.153
SCZ25_EUR	EUR	symptoms	external	4090	K3_oligodendrocyte	primary	K3	genome	616	36216	0.013118	0.012998	0.31289	0.01619	0.21268		0.012823	0.01422	0.01274	0.26433	0.15411	0.037886	4.0678	1.1533	0.13277	-8.09	-0.24716	7.6153	-16.458	0.27874	False	-25.652	44.737
SCZ25_EUR	EUR	symptoms	external	4090	K3_syngo	primary	K3	genome	1510	104822	0.013118	0.012998	0.31289	0.01619	0.21268		0.012823	-0.027767	0.012804	0.030114	-0.51726	0.11039	-4.6859	1.2995	0.00019996	-4.2272	-0.11236	3.9468	41.703	0.030394	False	-68.251	33.089
SCZ25_EUR	EUR	symptoms	external	4090	S0_scz_locus_pool	secondary	S0	genome	368	26185	0.013118	0.012998	0.31289	0.01619	0.21268		0.012823	-0.015546	0.012908	0.22845	-0.22004	0.060951	-3.61	3.3336	0.00019996	-6.7052	-0.1581	6.3837	22.833	0.30434	False	-66.244	28.64
SCZ25_EUR	EUR	symptoms	external	4090	S1_snrna_pc1_bottom	secondary	S1	snrna	1573	104067	0.013118	0.012998	0.31289	0.01619	0.21268		0.012823	0.00040912	0.013113	0.97511	0.0072694	0.10773	0.067477	1.0942	0.091182	-3.7371	0.23686	4.2573	0.28488	0.93101	False	-15.425	14.861
SCZ25_EUR	EUR	symptoms	external	4090	S1_snrna_pc1_top	secondary	S1	snrna	1580	174158	0.013118	0.012998	0.31289	0.01619	0.21268		0.012823	-0.0061838	0.012704	0.62643	-0.1497	0.16784	-0.89189	1.1865	0.00039992	-2.4961	0.38499	3.2129	-2.3167	0.39232	False	-19.85	10.603
SCZ25_EUR	EUR	symptoms	external	4090	S2_c3_bottom	secondary	S2	ahba	590	29770	0.013118	0.012998	0.31289	0.01619	0.21268		0.012823	-0.0054995	0.013138	0.67551	-0.044423	0.021831	-2.0349	0.68587	0.9972	-7.2245	0.57997	8.5837	-3.5086	0.52629	False	-49.981	33.785
SCZ25_EUR	EUR	symptoms	external	4090	S2_c3_top	secondary	S2	ahba	591	42205	0.013118	0.012998	0.31289	0.01619	0.21268		0.012823	-0.019918	0.012815	0.12013	-0.23328	0.047288	-4.9332	1.1827	0.072785	-6.0405	-0.11097	5.8624	44.455	0.11358	False	-84.235	34.669
SCZ25_EUR	EUR	symptoms	external	4090	S3_c1_bottom	secondary	S3	ahba	571	32114	0.013118	0.012998	0.31289	0.01619	0.21268		0.012823	0.014332	0.013122	0.27474	0.14862	0.034827	4.2673	1.0551	0.33813	-7.027	0.1596	7.1307	26.738	0.24915	False	-27.173	43.25
SCZ25_EUR	EUR	symptoms	external	4090	S3_c1_top	secondary	S3	ahba	603	35247	0.013118	0.012998	0.31289	0.01619	0.21268		0.012823	0.0044887	0.012719	0.72416	0.049164	0.041101	1.1962	1.1575	0.10958	-6.6558	0.46481	7.5971	2.5735	0.83743	False	-17.832	35.317
SCZ25_EUR	EUR	symptoms	external	4090	S3_c2_bottom	secondary	S3	ahba	568	34410	0.013118	0.012998	0.31289	0.01619	0.21268		0.012823	0.0086931	0.012793	0.49679	0.087097	0.037387	2.3296	1.1029	0.22276	-6.2517	0.027141	6.4553	85.833	0.4943	False	-15.371	41.738
SCZ25_EUR	EUR	symptoms	external	4090	S3_c2_top	secondary	S3	ahba	606	29931	0.013118	0.012998	0.31289	0.01619	0.21268		0.012823	-0.0035032	0.01261	0.78116	-0.033884	0.028298	-1.1974	0.94882	0.65947	-6.9961	0.61993	8.8692	-1.9315	0.63867	False	-34.655	23.707
SCZ25_EUR	EUR	symptoms	external	4090	S4_pls2_bottom	secondary	S4	ahba	585	30225	0.013118	0.012998	0.31289	0.01619	0.21268		0.012823	0.0085842	0.013216	0.51599	0.07605	0.023106	3.2913	0.76065	0.9778	-7.2386	0.49388	8.4182	6.6643	0.4847	False	-22.655	64.808
SCZ25_EUR	EUR	symptoms	external	4090	S4_pls2_top	secondary	S4	ahba	582	38287	0.013118	0.012998	0.31289	0.01619	0.21268		0.012823	0.0077617	0.012333	0.52913	0.084036	0.044088	1.9061	1.1047	0.18436	-6.0205	0.15522	6.2762	12.28	0.57828	False	-20.654	19.142
SCZ25_EUR	EUR	symptoms	external	4090	S5_brain_celltype_markers	secondary	S5	genome	4080	294220	0.013118	0.012998	0.31289	0.01619	0.21268		0.012823	0.0055246	0.012585	0.66067	0.16795	0.28288	0.59372	1.1404	0.00019996	-2.0662	-0.095317	1.8587	-6.2289	0.46951	False	-8.5613	7.1577
SCZ25_EUR	EUR	symptoms	external	4090	K1c_not_brain_expressed	primary	K1	genome	2281	68747	0.013118	0.012998	0.31289	0.01619	0.21268		0.012823	-0.016397	0.012946	0.20531	-0.22218	0.060415	-3.6776	0.88489	0.93321	-5.5018	-0.53381	4.5041	6.8895	0.20596	False	-56.45	27.457
SCZ25_EUR	EUR	symptoms	depress	4086	K1_brain_expressed	primary	K1	genome	14422	571685	0.0046895	0.013905	0.73593	0.0073504	0.5981		0.012811	-0.0072566	0.013707	0.59653	-0.71068	0.55539	-1.2796								False	-13.846	21.007
SCZ25_EUR	EUR	symptoms	depress	4086	K2_glial	primary	K2	genome	1782	85484	0.0046895	0.013905	0.73593	0.0073504	0.5981		0.012811	-0.0023326	0.014155	0.86911	-0.078407	0.080058	-0.97937	0.97451	0.62987	-13.365	-3.0733	7.0005	0.31867	0.69106	False	-32.797	33.019
SCZ25_EUR	EUR	symptoms	depress	4086	K2_neuronal	primary	K2	genome	1325	129066	0.0046895	0.013905	0.73593	0.0073504	0.5981		0.012811	-0.0067385	0.013592	0.62005	-0.31016	0.13167	-2.3556	1.2585	0.00019996	-10.968	-2.7712	5.2296	0.85001	0.91942	False	-29.164	46.348
SCZ25_EUR	EUR	symptoms	depress	4086	K3_oligodendrocyte	primary	K3	genome	616	36216	0.0046895	0.013905	0.73593	0.0073504	0.5981		0.012811	-0.010059	0.013592	0.45926	-0.23953	0.038051	-6.295	1.1583	0.12718	-21.492	-3.5415	14.578	1.7775	0.75665	False	-80.556	63.082
SCZ25_EUR	EUR	symptoms	depress	4086	K3_syngo	primary	K3	genome	1510	104822	0.0046895	0.013905	0.73593	0.0073504	0.5981		0.012811	-0.02893	0.014067	0.039726	-1.1858	0.11088	-10.694	1.3056	0.00019996	-11.947	-2.7939	6.7129	3.8278	0.089982	False	-74.539	90.242
SCZ25_EUR	EUR	symptoms	depress	4086	S0_scz_locus_pool	secondary	S0	genome	368	26185	0.0046895	0.013905	0.73593	0.0073504	0.5981		0.012811	-0.0081904	0.013971	0.55771	-0.25471	0.060949	-4.1791	3.334	0.00019996	-18.254	-2.89	11.839	1.446	0.86943	False	-49.323	61.711
SCZ25_EUR	EUR	symptoms	depress	4086	S1_snrna_pc1_bottom	secondary	S1	snrna	1573	104067	0.0046895	0.013905	0.73593	0.0073504	0.5981		0.012811	-0.0092732	0.013999	0.50771	-0.36188	0.10752	-3.3655	1.0926	0.09738	-10.055	-0.99484	7.474	3.3829	0.60548	False	-33.38	45.769
SCZ25_EUR	EUR	symptoms	depress	4086	S1_snrna_pc1_top	secondary	S1	snrna	1580	174158	0.0046895	0.013905	0.73593	0.0073504	0.5981		0.012811	0.0059449	0.013477	0.65914	0.31629	0.16791	1.8837	1.1874	0.00039992	-7.4875	-1.0736	5.4661	-1.7547	0.40112	False	-17.765	33.915
SCZ25_EUR	EUR	symptoms	depress	4086	S2_c3_bottom	secondary	S2	ahba	590	29770	0.0046895	0.013905	0.73593	0.0073504	0.5981		0.012811	-0.0018241	0.013902	0.89561	-0.032398	0.02204	-1.47	0.69217	0.997	-19.233	-0.93948	16.995	1.5647	0.94901	False	-61.828	72.033
SCZ25_EUR	EUR	symptoms	depress	4086	S2_c3_top	secondary	S2	ahba	591	42205	0.0046895	0.013905	0.73593	0.0073504	0.5981		0.012811	-0.029025	0.013887	0.036608	-0.74679	0.047371	-15.765	1.1844	0.070586	-15.42	-1.5694	12.341	10.045	0.044391	False	-116.82	142.2
SCZ25_EUR	EUR	symptoms	depress	4086	S3_c1_bottom	secondary	S3	ahba	571	32114	0.0046895	0.013905	0.73593	0.0073504	0.5981		0.012811	0.025455	0.014092	0.070854	0.5802	0.034961	16.596	1.0588	0.32673	-18.003	-0.99915	14.818	-16.61	0.030794	False	-130.78	119.99
SCZ25_EUR	EUR	symptoms	depress	4086	S3_c1_top	secondary	S3	ahba	603	35247	0.0046895	0.013905	0.73593	0.0073504	0.5981		0.012811	0.021393	0.013539	0.11409	0.51459	0.040943	12.569	1.1528	0.11698	-16.374	-0.61871	15.437	-20.314	0.10598	False	-98.435	82.001
SCZ25_EUR	EUR	symptoms	depress	4086	S3_c2_bottom	secondary	S3	ahba	568	34410	0.0046895	0.013905	0.73593	0.0073504	0.5981		0.012811	-0.0027971	0.013858	0.84004	-0.061587	0.037381	-1.6476	1.1028	0.22335	-16.075	-1.5857	12.25	1.039	0.9942	False	-56.527	60.481
SCZ25_EUR	EUR	symptoms	depress	4086	S3_c2_top	secondary	S3	ahba	606	29931	0.0046895	0.013905	0.73593	0.0073504	0.5981		0.012811	-0.016788	0.013259	0.20545	-0.35669	0.028211	-12.643	0.94594	0.67287	-19.111	-1.305	17.005	9.6885	0.21316	False	-118.92	109.35
SCZ25_EUR	EUR	symptoms	depress	4086	S4_pls2_bottom	secondary	S4	ahba	585	30225	0.0046895	0.013905	0.73593	0.0073504	0.5981		0.012811	-0.0011489	0.014042	0.93479	-0.022375	0.023183	-0.96516	0.76248	0.9766	-19.042	-1.5625	15.903	0.6177	0.94341	False	-70.013	52.678
SCZ25_EUR	EUR	symptoms	depress	4086	S4_pls2_top	secondary	S4	ahba	582	38287	0.0046895	0.013905	0.73593	0.0073504	0.5981		0.012811	-0.021306	0.013502	0.11456	-0.50642	0.043959	-11.52	1.101	0.19316	-15.199	-0.95766	12.762	12.03	0.14197	False	-96.219	87.615
SCZ25_EUR	EUR	symptoms	depress	4086	S5_brain_celltype_markers	secondary	S5	genome	4080	294220	0.0046895	0.013905	0.73593	0.0073504	0.5981		0.012811	-0.0051336	0.013289	0.69926	-0.34295	0.28277	-1.2128	1.1402	0.00019996	-7.3862	-2.8868	1.5517	0.42013	0.45911	False	-19.422	28.301
SCZ25_EUR	EUR	symptoms	depress	4086	K1c_not_brain_expressed	primary	K1	genome	2281	68747	0.0046895	0.013905	0.73593	0.0073504	0.5981		0.012811	-0.039915	0.014047	0.0044907	-1.1879	0.060626	-19.594	0.88766	0.92682	-15.182	-3.8284	7.2848	5.1182	0.0039992	False	-143.96	125.06
SCZ25_EUR	EUR	symptoms	thought	4089	K1_brain_expressed	primary	K1	genome	14422	571685	0.0086772	0.013224	0.51173	0.011159	0.39898		0.012769	0.0049244	0.012923	0.70317	0.31718	0.55564	0.57085								False	-7.5144	7.9141
SCZ25_EUR	EUR	symptoms	thought	4089	K2_glial	primary	K2	genome	1782	85484	0.0086772	0.013224	0.51173	0.011159	0.39898		0.012769	-0.0088996	0.013794	0.5188	-0.19649	0.079274	-2.4787	0.96551	0.67287	-7.3199	-0.22184	6.6555	11.173	0.5099	False	-32.498	34.429
SCZ25_EUR	EUR	symptoms	thought	4089	K2_neuronal	primary	K2	genome	1325	129066	0.0086772	0.013224	0.51173	0.011159	0.39898		0.012769	0.0033654	0.013131	0.79772	0.10174	0.13168	0.77257	1.2605	0.00019996	-5.3864	-0.036083	5.3291	-21.411	0.76145	False	-20.135	16.701
SCZ25_EUR	EUR	symptoms	thought	4089	K3_oligodendrocyte	primary	K3	genome	616	36216	0.0086772	0.013224	0.51173	0.011159	0.39898		0.012769	-0.014422	0.01327	0.27712	-0.2254	0.038105	-5.9152	1.1613	0.12277	-12.708	-0.5791	10.977	10.214	0.39232	False	-58.57	95.804
SCZ25_EUR	EUR	symptoms	thought	4089	K3_syngo	primary	K3	genome	1510	104822	0.0086772	0.013224	0.51173	0.011159	0.39898		0.012769	-0.021583	0.013547	0.11112	-0.58113	0.11069	-5.25	1.3043	0.00019996	-6.507	-0.22021	5.8794	23.841	0.11238	False	-53.139	65.641
SCZ25_EUR	EUR	symptoms	thought	4089	S0_scz_locus_pool	secondary	S0	genome	368	26185	0.0086772	0.013224	0.51173	0.011159	0.39898		0.012769	0.00074123	0.013151	0.95505	0.015135	0.060804	0.24892	3.328	0.00019996	-10.347	0.16169	10.021	1.5394	0.9814	False	-34.498	34.87
SCZ25_EUR	EUR	symptoms	thought	4089	S1_snrna_pc1_bottom	secondary	S1	snrna	1573	104067	0.0086772	0.013224	0.51173	0.011159	0.39898		0.012769	-0.015679	0.013525	0.24633	-0.40201	0.1077	-3.7328	1.0942	0.089782	-5.4641	0.63302	6.7088	-5.8967	0.14797	False	-42.211	45.699
SCZ25_EUR	EUR	symptoms	thought	4089	S1_snrna_pc1_top	secondary	S1	snrna	1580	174158	0.0086772	0.013224	0.51173	0.011159	0.39898		0.012769	0.0031324	0.013184	0.8122	0.10945	0.16778	0.65238	1.1871	0.00039992	-3.7971	0.56623	4.9651	1.1521	0.96701	False	-15.368	20.49
SCZ25_EUR	EUR	symptoms	thought	4089	S2_c3_bottom	secondary	S2	ahba	590	29770	0.0086772	0.013224	0.51173	0.011159	0.39898		0.012769	0.019176	0.014174	0.17609	0.22372	0.02213	10.11	0.69431	0.9966	-11.235	1.1682	13.165	8.6542	0.14797	False	-98.543	124.66
SCZ25_EUR	EUR	symptoms	thought	4089	S2_c3_top	secondary	S2	ahba	591	42205	0.0086772	0.013224	0.51173	0.011159	0.39898		0.012769	-0.021014	0.013228	0.11215	-0.35508	0.047284	-7.5096	1.1811	0.075385	-8.182	0.80402	9.9528	-9.3401	0.073985	False	-69.308	82.968
SCZ25_EUR	EUR	symptoms	thought	4089	S3_c1_bottom	secondary	S3	ahba	571	32114	0.0086772	0.013224	0.51173	0.011159	0.39898		0.012769	0.026763	0.013816	0.052729	0.40069	0.034969	11.459	1.0577	0.32873	-9.8118	1.2099	11.638	9.4705	0.053189	False	-150.17	98.766
SCZ25_EUR	EUR	symptoms	thought	4089	S3_c1_top	secondary	S3	ahba	603	35247	0.0086772	0.013224	0.51173	0.011159	0.39898		0.012769	-0.003374	0.013476	0.80231	-0.053325	0.041006	-1.3004	1.1525	0.11438	-9.1574	1.4868	11.913	-0.87466	0.60868	False	-37.815	47.912
SCZ25_EUR	EUR	symptoms	thought	4089	S3_c2_bottom	secondary	S3	ahba	568	34410	0.0086772	0.013224	0.51173	0.011159	0.39898		0.012769	0.017574	0.013332	0.18746	0.25407	0.037237	6.8229	1.096	0.23655	-9.1286	0.73183	9.9207	9.3231	0.20436	False	-48.441	80.337
SCZ25_EUR	EUR	symptoms	thought	4089	S3_c2_top	secondary	S3	ahba	606	29931	0.0086772	0.013224	0.51173	0.011159	0.39898		0.012769	-0.0074205	0.013178	0.57338	-0.10359	0.028355	-3.6532	0.94873	0.66327	-10.677	1.4639	13.805	-2.4956	0.39312	False	-64.135	42.918
SCZ25_EUR	EUR	symptoms	thought	4089	S4_pls2_bottom	secondary	S4	ahba	585	30225	0.0086772	0.013224	0.51173	0.011159	0.39898		0.012769	0.011522	0.013883	0.40654	0.14737	0.023159	6.3633	0.7602	0.9778	-10.776	0.86097	12.385	7.3909	0.35673	False	-46.554	79.888
SCZ25_EUR	EUR	symptoms	thought	4089	S4_pls2_top	secondary	S4	ahba	582	38287	0.0086772	0.013224	0.51173	0.011159	0.39898		0.012769	-0.014065	0.013202	0.28671	-0.21977	0.044205	-4.9716	1.1047	0.18236	-8.2738	1.1421	10.413	-4.3531	0.21836	False	-45.911	45.602
SCZ25_EUR	EUR	symptoms	thought	4089	S5_brain_celltype_markers	secondary	S5	genome	4080	294220	0.0086772	0.013224	0.51173	0.011159	0.39898		0.012769	0.0018381	0.012985	0.88743	0.080653	0.28236	0.28564	1.14	0.00019996	-3.1291	-0.11651	2.8516	-2.4517	0.81024	False	-10.682	13.308
SCZ25_EUR	EUR	symptoms	thought	4089	K1c_not_brain_expressed	primary	K1	genome	2281	68747	0.0086772	0.013224	0.51173	0.011159	0.39898		0.012769	-0.026484	0.013458	0.049078	-0.51784	0.060115	-8.6142	0.88017	0.94101	-8.0824	-0.88465	6.7196	9.7375	0.037992	False	-89.054	108.26
SCZ25_META	pooled	imaging_dk	global_slope_1lmm	8596	K1_brain_expressed	primary	K1	genome	14430	566474	-0.031634	0.010062	0.0016675	-0.031541	0.0017772	-0.0015271	0.011287	-0.024256	0.010117	0.01651	0.55934	0.56668	0.98706								True	0.37671	1.6682
SCZ25_META	pooled	imaging_dk	global_slope_1lmm	8596	K2_glial	primary	K2	genome	1783	84695	-0.031634	0.010062	0.0016675	-0.031541	0.0017772	-0.0015271	0.011287	-0.00026831	0.010309	0.97924	0.0020222	0.073622	0.027468	0.87967	0.94381	-0.86296	0.7701	2.4712	0.035667	0.36393	True	-3.1948	2.0387
SCZ25_META	pooled	imaging_dk	global_slope_1lmm	8596	K2_neuronal	primary	K2	genome	1326	128127	-0.031634	0.010062	0.0016675	-0.031541	0.0017772	-0.0015271	0.011287	0.00024751	0.010117	0.98048	-0.0025815	0.13584	-0.019004	1.286	0.00019996	-0.86731	0.54904	1.9079	-0.034613	0.43391	True	-3.2131	1.3576
SCZ25_META	pooled	imaging_dk	global_slope_1lmm	8596	K3_oligodendrocyte	primary	K3	genome	616	35891	-0.031634	0.010062	0.0016675	-0.031541	0.0017772	-0.0015271	0.011287	-0.0052366	0.010172	0.60668	0.02871	0.039458	0.72761	1.1819	0.10478	-2.0553	0.6079	3.2716	1.1969	0.92741	True	-2.8987	4.2132
SCZ25_META	pooled	imaging_dk	global_slope_1lmm	8596	K3_syngo	primary	K3	genome	1512	103881	-0.031634	0.010062	0.0016675	-0.031541	0.0017772	-0.0015271	0.011287	-0.011557	0.010389	0.26597	0.1079	0.11083	0.97359	1.2869	0.00019996	-0.83621	0.68222	2.257	1.4271	0.71106	True	-1.2075	2.9795
SCZ25_META	pooled	imaging_dk	global_slope_1lmm	8596	S0_scz_locus_pool	secondary	S0	genome	368	25947	-0.031634	0.010062	0.0016675	-0.031541	0.0017772	-0.0015271	0.011287	0.0016126	0.010245	0.87493	-0.011947	0.069503	-0.17189	3.7799	0.00019996	-1.7591	0.75508	3.3737	-0.22764	0.4859	True	-3.3409	2.2016
SCZ25_META	pooled	imaging_dk	global_slope_1lmm	8596	S1_snrna_pc1_bottom	secondary	S1	snrna	1573	102976	-0.031634	0.010062	0.0016675	-0.031541	0.0017772	-0.0015271	0.011287	-0.0117	0.010167	0.24983	0.10302	0.10438	0.98696	1.0492	0.24595	-0.6809	0.83421	2.2642	1.1831	0.83783	True	-0.94266	3.0875
SCZ25_META	pooled	imaging_dk	global_slope_1lmm	8596	S1_snrna_pc1_top	secondary	S1	snrna	1580	172687	-0.031634	0.010062	0.0016675	-0.031541	0.0017772	-0.0015271	0.011287	-0.011119	0.010253	0.27816	0.13337	0.17285	0.77157	1.2155	0.00059988	-0.38886	0.68858	1.7724	1.1205	0.88822	True	-0.96353	2.1859
SCZ25_META	pooled	imaging_dk	global_slope_1lmm	8596	S2_c3_bottom	secondary	S2	ahba	591	29472	-0.031634	0.010062	0.0016675	-0.031541	0.0017772	-0.0015271	0.011287	0.0036843	0.01055	0.72692	-0.014614	0.021819	-0.66977	0.67054	0.9988	-2.2568	0.65357	3.453	-1.0248	0.35473	True	-6.5142	3.6249
SCZ25_META	pooled	imaging_dk	global_slope_1lmm	8596	S2_c3_top	secondary	S2	ahba	591	41830	-0.031634	0.010062	0.0016675	-0.031541	0.0017772	-0.0015271	0.011287	-0.014021	0.010495	0.18155	0.084574	0.046859	1.8048	1.149	0.11778	-1.8335	0.66774	3.2365	2.7029	0.39472	True	-0.93445	5.5354
SCZ25_META	pooled	imaging_dk	global_slope_1lmm	8596	S3_c1_bottom	secondary	S3	ahba	571	31845	-0.031634	0.010062	0.0016675	-0.031541	0.0017772	-0.0015271	0.011287	-0.0028996	0.01028	0.7779	0.01546	0.037993	0.40692	1.1259	0.17516	-1.8447	0.79063	3.4702	0.51467	0.77585	True	-3.6088	3.589
SCZ25_META	pooled	imaging_dk	global_slope_1lmm	8596	S3_c1_top	secondary	S3	ahba	604	34963	-0.031634	0.010062	0.0016675	-0.031541	0.0017772	-0.0015271	0.011287	-0.0028667	0.010273	0.7802	0.016328	0.047625	0.34286	1.3264	0.012797	-1.7043	0.70375	3.2196	0.48719	0.77065	True	-2.858	2.8955
SCZ25_META	pooled	imaging_dk	global_slope_1lmm	8596	S3_c2_bottom	secondary	S3	ahba	569	34220	-0.031634	0.010062	0.0016675	-0.031541	0.0017772	-0.0015271	0.011287	-0.0063628	0.010338	0.53823	0.031319	0.035364	0.8856	1.0204	0.43411	-1.69	0.8222	3.3408	1.0771	0.96581	True	-3.1829	4.3498
SCZ25_META	pooled	imaging_dk	global_slope_1lmm	8596	S3_c2_top	secondary	S3	ahba	606	29650	-0.031634	0.010062	0.0016675	-0.031541	0.0017772	-0.0015271	0.011287	-0.01086	0.01029	0.29123	0.053579	0.032369	1.6553	1.0583	0.34333	-2.108	0.73816	3.6241	2.2424	0.5183	True	-1.8855	6.2104
SCZ25_META	pooled	imaging_dk	global_slope_1lmm	8596	S4_pls2_bottom	secondary	S4	ahba	587	29983	-0.031634	0.010062	0.0016675	-0.031541	0.0017772	-0.0015271	0.011287	0.0033666	0.010184	0.74097	-0.014743	0.026142	-0.56396	0.83555	0.91222	-2.0566	0.74811	3.5732	-0.75385	0.37312	True	-6.4987	3.0257
SCZ25_META	pooled	imaging_dk	global_slope_1lmm	8596	S4_pls2_top	secondary	S4	ahba	582	37960	-0.031634	0.010062	0.0016675	-0.031541	0.0017772	-0.0015271	0.011287	-0.0049151	0.01024	0.63122	0.027759	0.042157	0.65847	1.0437	0.36313	-1.6582	0.75782	3.1132	0.8689	0.94101	True	-3.0784	3.9186
SCZ25_META	pooled	imaging_dk	global_slope_1lmm	8596	S5_brain_celltype_markers	secondary	S5	genome	4082	291683	-0.031634	0.010062	0.0016675	-0.031541	0.0017772	-0.0015271	0.011287	-0.012668	0.010092	0.20936	0.19474	0.28461	0.68425	1.1342	0.00039992	-0.14344	0.6284	1.3908	1.0889	0.88662	True	-0.6844	1.6138
SCZ25_META	pooled	imaging_dk	global_slope_1lmm	8596	K1c_not_brain_expressed	primary	K1	genome	2282	67919	-0.031634	0.010062	0.0016675	-0.031541	0.0017772	-0.0015271	0.011287	0.0033552	0.010226	0.74283	-0.022316	0.05952	-0.37493	0.85851	0.96861	-1.0465	0.93505	2.9576	-0.40097	0.19196	True	-4.7129	1.7777
SCZ25_META	pooled	imaging_dk	baseline_thickness_1lmm	8596	K1_brain_expressed	primary	K1	genome	14430	566474	-0.0080243	0.011185	0.47311	-0.0058824	0.59935	-0.0017979	0.011287	-0.0048968	0.011208	0.66217	0.60547	0.56668	1.0685								False	-8.2161	10.684
SCZ25_META	pooled	imaging_dk	baseline_thickness_1lmm	8596	K2_glial	primary	K2	genome	1783	84695	-0.0080243	0.011185	0.47311	-0.0058824	0.59935	-0.0017979	0.011287	-0.01226	0.010924	0.26173	0.49544	0.073622	6.7295	0.87967	0.94381	-10.298	0.96595	12.172	6.9668	0.32673	False	-52.666	41.008
SCZ25_META	pooled	imaging_dk	baseline_thickness_1lmm	8596	K2_neuronal	primary	K2	genome	1326	128127	-0.0080243	0.011185	0.47311	-0.0058824	0.59935	-0.0017979	0.011287	-0.003875	0.011438	0.73478	0.2167	0.13584	1.5953	1.286	0.00019996	-9.0503	0.49245	9.5546	3.2395	0.81544	False	-19.734	34.874
SCZ25_META	pooled	imaging_dk	baseline_thickness_1lmm	8596	K3_oligodendrocyte	primary	K3	genome	616	35891	-0.0080243	0.011185	0.47311	-0.0058824	0.59935	-0.0017979	0.011287	-0.013076	0.011094	0.23853	0.38439	0.039458	9.7417	1.1819	0.10478	-16.766	1.4892	19.781	6.5414	0.36513	False	-82.521	92.441
SCZ25_META	pooled	imaging_dk	baseline_thickness_1lmm	8596	K3_syngo	primary	K3	genome	1512	103881	-0.0080243	0.011185	0.47311	-0.0058824	0.59935	-0.0017979	0.011287	-0.0064035	0.010936	0.55819	0.32057	0.11083	2.8925	1.2869	0.00019996	-9.6161	0.88472	10.939	3.2694	0.69026	False	-19.679	31.305
SCZ25_META	pooled	imaging_dk	baseline_thickness_1lmm	8596	S0_scz_locus_pool	secondary	S0	genome	368	25947	-0.0080243	0.011185	0.47311	-0.0058824	0.59935	-0.0017979	0.011287	0.011851	0.011107	0.28599	-0.47077	0.069503	-6.7733	3.7799	0.00019996	-15.336	2.4208	19.935	-2.798	0.31554	False	-55.049	53.776
SCZ25_META	pooled	imaging_dk	baseline_thickness_1lmm	8596	S1_snrna_pc1_bottom	secondary	S1	snrna	1573	102976	-0.0080243	0.011185	0.47311	-0.0058824	0.59935	-0.0017979	0.011287	0.0021311	0.01132	0.85067	-0.10061	0.10438	-0.9639	1.0492	0.24595	-9.592	0.40723	10.266	-2.367	0.78224	False	-32.212	27.728
SCZ25_META	pooled	imaging_dk	baseline_thickness_1lmm	8596	S1_snrna_pc1_top	secondary	S1	snrna	1580	172687	-0.0080243	0.011185	0.47311	-0.0058824	0.59935	-0.0017979	0.011287	-0.0096636	0.011286	0.39187	0.62152	0.17285	3.5957	1.2155	0.00059988	-7.4698	0.2242	7.4165	16.038	0.35993	False	-18.052	30.432
SCZ25_META	pooled	imaging_dk	baseline_thickness_1lmm	8596	S2_c3_bottom	secondary	S2	ahba	591	29472	-0.0080243	0.011185	0.47311	-0.0058824	0.59935	-0.0017979	0.011287	0.011297	0.011444	0.32355	-0.24026	0.021819	-11.011	0.67054	0.9988	-16.715	1.5529	20.062	-7.0909	0.16997	False	-77.136	111.22
SCZ25_META	pooled	imaging_dk	baseline_thickness_1lmm	8596	S2_c3_top	secondary	S2	ahba	591	41830	-0.0080243	0.011185	0.47311	-0.0058824	0.59935	-0.0017979	0.011287	-0.0097289	0.011168	0.38369	0.31466	0.046859	6.7149	1.149	0.11778	-15.371	0.94414	17.443	7.1122	0.4763	False	-62.93	59.559
SCZ25_META	pooled	imaging_dk	baseline_thickness_1lmm	8596	S3_c1_bottom	secondary	S3	ahba	571	31845	-0.0080243	0.011185	0.47311	-0.0058824	0.59935	-0.0017979	0.011287	0.011543	0.011167	0.30129	-0.32999	0.037993	-8.6857	1.1259	0.17516	-14.517	2.1923	18.484	-3.9619	0.20116	False	-67.567	86.911
SCZ25_META	pooled	imaging_dk	baseline_thickness_1lmm	8596	S3_c1_top	secondary	S3	ahba	604	34963	-0.0080243	0.011185	0.47311	-0.0058824	0.59935	-0.0017979	0.011287	-0.0027533	0.011029	0.80288	0.084087	0.047625	1.7656	1.3264	0.012797	-13.796	1.7305	17.585	1.0203	0.9966	False	-42.498	65.475
SCZ25_META	pooled	imaging_dk	baseline_thickness_1lmm	8596	S3_c2_bottom	secondary	S3	ahba	569	34220	-0.0080243	0.011185	0.47311	-0.0058824	0.59935	-0.0017979	0.011287	-0.0058269	0.011033	0.59742	0.15379	0.035364	4.3486	1.0204	0.43411	-15.347	1.0297	17.971	4.223	0.72905	False	-42.434	47.1
SCZ25_META	pooled	imaging_dk	baseline_thickness_1lmm	8596	S3_c2_top	secondary	S3	ahba	606	29650	-0.0080243	0.011185	0.47311	-0.0058824	0.59935	-0.0017979	0.011287	-0.023853	0.011154	0.032469	0.63099	0.032369	19.494	1.0583	0.34333	-16.366	2.3563	21.662	8.2731	0.076785	False	-132.99	118
SCZ25_META	pooled	imaging_dk	baseline_thickness_1lmm	8596	S4_pls2_bottom	secondary	S4	ahba	587	29983	-0.0080243	0.011185	0.47311	-0.0058824	0.59935	-0.0017979	0.011287	0.0034113	0.01098	0.75604	-0.0801	0.026142	-3.064	0.83555	0.91222	-18.002	0.45838	19.291	-6.6844	0.69706	False	-63.211	59.114
SCZ25_META	pooled	imaging_dk	baseline_thickness_1lmm	8596	S4_pls2_top	secondary	S4	ahba	582	37960	-0.0080243	0.011185	0.47311	-0.0058824	0.59935	-0.0017979	0.011287	-0.014103	0.01139	0.21567	0.42706	0.042157	10.13	1.0437	0.36313	-14.056	0.78786	16.088	12.858	0.23715	False	-73.362	68.575
SCZ25_META	pooled	imaging_dk	baseline_thickness_1lmm	8596	S5_brain_celltype_markers	secondary	S5	genome	4082	291683	-0.0080243	0.011185	0.47311	-0.0058824	0.59935	-0.0017979	0.011287	-0.0059805	0.011124	0.59084	0.49294	0.28461	1.732	1.1342	0.00039992	-4.2357	0.78682	5.9594	2.2013	0.70306	False	-9.9177	18.03
SCZ25_META	pooled	imaging_dk	baseline_thickness_1lmm	8596	K1c_not_brain_expressed	primary	K1	genome	2282	67919	-0.0080243	0.011185	0.47311	-0.0058824	0.59935	-0.0017979	0.011287	-0.0032464	0.010968	0.76724	0.11577	0.05952	1.9451	0.85851	0.96861	-11.595	1.4549	14.216	1.3369	0.93301	False	-41.104	30.558
SCZ25_META	pooled	imaging_hcp	global_slope_1lmm	8596	K1_brain_expressed	primary	K1	genome	14430	566474	-0.035308	0.010092	0.00046792	-0.035334	0.0004806	-0.0015962	0.011287	-0.028343	0.010146	0.0052137	0.58343	0.56668	1.0296								True	0.51411	1.6134
SCZ25_META	pooled	imaging_hcp	global_slope_1lmm	8596	K2_glial	primary	K2	genome	1783	84695	-0.035308	0.010092	0.00046792	-0.035334	0.0004806	-0.0015962	0.011287	-0.0015336	0.010221	0.88072	0.010318	0.073622	0.14015	0.87967	0.94381	-0.61384	0.85071	2.3656	0.16474	0.34833	True	-2.2604	1.8364
SCZ25_META	pooled	imaging_hcp	global_slope_1lmm	8596	K2_neuronal	primary	K2	genome	1326	128127	-0.035308	0.010092	0.00046792	-0.035334	0.0004806	-0.0015962	0.011287	-0.0044551	0.01013	0.66009	0.041478	0.13584	0.30535	1.286	0.00019996	-0.57103	0.72098	1.9749	0.42351	0.5199	True	-1.8469	1.5396
SCZ25_META	pooled	imaging_hcp	global_slope_1lmm	8596	K3_oligodendrocyte	primary	K3	genome	616	35891	-0.035308	0.010092	0.00046792	-0.035334	0.0004806	-0.0015962	0.011287	-0.0041509	0.010161	0.6829	0.020315	0.039458	0.51484	1.1819	0.10478	-1.5684	0.73982	3.182	0.6959	0.84783	True	-2.6522	3.2182
SCZ25_META	pooled	imaging_hcp	global_slope_1lmm	8596	K3_syngo	primary	K3	genome	1512	103881	-0.035308	0.010092	0.00046792	-0.035334	0.0004806	-0.0015962	0.011287	-0.013078	0.010478	0.21198	0.10899	0.11083	0.98344	1.2869	0.00019996	-0.5577	0.82417	2.2241	1.1933	0.82943	True	-0.65918	2.6021
SCZ25_META	pooled	imaging_hcp	global_slope_1lmm	8596	S0_scz_locus_pool	secondary	S0	genome	368	25947	-0.035308	0.010092	0.00046792	-0.035334	0.0004806	-0.0015962	0.011287	0.0016551	0.010141	0.87035	-0.010945	0.069503	-0.15748	3.7799	0.00019996	-1.341	0.92111	3.3458	-0.17097	0.36073	True	-2.9636	1.7663
SCZ25_META	pooled	imaging_hcp	global_slope_1lmm	8596	S1_snrna_pc1_bottom	secondary	S1	snrna	1573	102976	-0.035308	0.010092	0.00046792	-0.035334	0.0004806	-0.0015962	0.011287	-0.013795	0.010051	0.16993	0.10843	0.10438	1.0387	1.0492	0.24595	-0.42378	0.92247	2.2202	1.126	0.86223	True	-0.5196	2.6624
SCZ25_META	pooled	imaging_hcp	global_slope_1lmm	8596	S1_snrna_pc1_top	secondary	S1	snrna	1580	172687	-0.035308	0.010092	0.00046792	-0.035334	0.0004806	-0.0015962	0.011287	-0.012988	0.010241	0.20471	0.13906	0.17285	0.80453	1.2155	0.00059988	-0.14249	0.82974	1.823	0.96962	0.95221	True	-0.67131	2.0466
SCZ25_META	pooled	imaging_hcp	global_slope_1lmm	8596	S2_c3_bottom	secondary	S2	ahba	591	29472	-0.035308	0.010092	0.00046792	-0.035334	0.0004806	-0.0015962	0.011287	0.0016516	0.010416	0.87401	-0.005848	0.021819	-0.26802	0.67054	0.9988	-2.0498	0.59655	3.2249	-0.44928	0.5099	True	-5.004	3.4338
SCZ25_META	pooled	imaging_hcp	global_slope_1lmm	8596	S2_c3_top	secondary	S2	ahba	591	41830	-0.035308	0.010092	0.00046792	-0.035334	0.0004806	-0.0015962	0.011287	-0.015202	0.010467	0.14639	0.081853	0.046859	1.7468	1.149	0.11778	-1.6577	0.64687	2.9796	2.7004	0.35913	True	-0.52696	4.9658
SCZ25_META	pooled	imaging_hcp	global_slope_1lmm	8596	S3_c1_bottom	secondary	S3	ahba	571	31845	-0.035308	0.010092	0.00046792	-0.035334	0.0004806	-0.0015962	0.011287	9.4522e-06	0.010339	0.99927	-4.4987e-05	0.037993	-0.0011841	1.1259	0.17516	-1.6255	0.7189	3.1793	-0.0016471	0.54789	True	-3.609	2.6883
SCZ25_META	pooled	imaging_hcp	global_slope_1lmm	8596	S3_c1_top	secondary	S3	ahba	604	34963	-0.035308	0.010092	0.00046792	-0.035334	0.0004806	-0.0015962	0.011287	-0.0049661	0.010194	0.62613	0.02525	0.047625	0.53019	1.3264	0.012797	-1.5284	0.69229	2.9459	0.76586	0.88942	True	-2.0688	2.768
SCZ25_META	pooled	imaging_hcp	global_slope_1lmm	8596	S3_c2_bottom	secondary	S3	ahba	569	34220	-0.035308	0.010092	0.00046792	-0.035334	0.0004806	-0.0015962	0.011287	-0.0028795	0.010235	0.77845	0.012652	0.035364	0.35776	1.0204	0.43411	-1.6907	0.7051	3.0294	0.50738	0.76225	True	-3.1696	3.0993
SCZ25_META	pooled	imaging_hcp	global_slope_1lmm	8596	S3_c2_top	secondary	S3	ahba	606	29650	-0.035308	0.010092	0.00046792	-0.035334	0.0004806	-0.0015962	0.011287	-0.013318	0.010279	0.1951	0.058652	0.032369	1.812	1.0583	0.34333	-1.9334	0.64601	3.2846	2.8049	0.38712	True	-1.2336	5.7549
SCZ25_META	pooled	imaging_hcp	global_slope_1lmm	8596	S4_pls2_bottom	secondary	S4	ahba	587	29983	-0.035308	0.010092	0.00046792	-0.035334	0.0004806	-0.0015962	0.011287	0.00027519	0.010077	0.97821	-0.0010758	0.026142	-0.04115	0.83555	0.91222	-1.9299	0.61181	3.2781	-0.067259	0.62348	True	-4.5207	3.003
SCZ25_META	pooled	imaging_hcp	global_slope_1lmm	8596	S4_pls2_top	secondary	S4	ahba	582	37960	-0.035308	0.010092	0.00046792	-0.035334	0.0004806	-0.0015962	0.011287	-0.0062719	0.010298	0.54249	0.031619	0.042157	0.75002	1.0437	0.36313	-1.4973	0.71473	2.8857	1.0494	0.9742	True	-2.5055	3.4914
SCZ25_META	pooled	imaging_hcp	global_slope_1lmm	8596	S5_brain_celltype_markers	secondary	S5	genome	4082	291683	-0.035308	0.010092	0.00046792	-0.035334	0.0004806	-0.0015962	0.011287	-0.015068	0.010115	0.13633	0.20676	0.28461	0.72647	1.1342	0.00039992	0.073327	0.77397	1.4724	0.93863	0.90662	True	-0.39007	1.4852
SCZ25_META	pooled	imaging_hcp	global_slope_1lmm	8596	K1c_not_brain_expressed	primary	K1	genome	2282	67919	-0.035308	0.010092	0.00046792	-0.035334	0.0004806	-0.0015962	0.011287	9.6062e-06	0.010153	0.99925	-5.7032e-05	0.05952	-0.00095821	0.85851	0.96861	-0.79814	0.95338	2.8214	-0.0010051	0.27435	True	-3.1874	2.0099
SCZ25_META	pooled	imaging_hcp	baseline_thickness_1lmm	8596	K1_brain_expressed	primary	K1	genome	14430	566474	-0.0018221	0.01118	0.87054	0.00032244	0.97701	-0.0013166	0.011287	0.00074467	0.011162	0.94681	1.6798	0.56668	2.9643								False	-11.036	12.76
SCZ25_META	pooled	imaging_hcp	baseline_thickness_1lmm	8596	K2_glial	primary	K2	genome	1783	84695	-0.0018221	0.01118	0.87054	0.00032244	0.97701	-0.0013166	0.011287	-0.013336	0.010947	0.22316	-9.8317	0.073622	-133.54	0.87967	0.94381	-212.86	-0.63822	207.24	209.24	0.21596	False	-72.84	68.723
SCZ25_META	pooled	imaging_hcp	baseline_thickness_1lmm	8596	K2_neuronal	primary	K2	genome	1326	128127	-0.0018221	0.01118	0.87054	0.00032244	0.97701	-0.0013166	0.011287	0.0013645	0.011419	0.90489	1.3921	0.13584	10.248	1.286	0.00019996	-157.21	9.3275	179.29	1.0987	0.9886	False	-28.774	27.989
SCZ25_META	pooled	imaging_hcp	baseline_thickness_1lmm	8596	K3_oligodendrocyte	primary	K3	genome	616	35891	-0.0018221	0.01118	0.87054	0.00032244	0.97701	-0.0013166	0.011287	-0.010718	0.011103	0.33439	-5.7479	0.039458	-145.67	1.1819	0.10478	-338.02	-7.2233	324.9	20.167	0.39872	False	-102.23	95.368
SCZ25_META	pooled	imaging_hcp	baseline_thickness_1lmm	8596	K3_syngo	primary	K3	genome	1512	103881	-0.0018221	0.01118	0.87054	0.00032244	0.97701	-0.0013166	0.011287	-0.0030993	0.010955	0.77725	-2.8306	0.11083	-25.541	1.2869	0.00019996	-180.95	3.4127	197.33	-7.484	0.76065	False	-31.245	31.379
SCZ25_META	pooled	imaging_hcp	baseline_thickness_1lmm	8596	S0_scz_locus_pool	secondary	S0	genome	368	25947	-0.0018221	0.01118	0.87054	0.00032244	0.97701	-0.0013166	0.011287	0.013929	0.01113	0.21075	10.094	0.069503	145.24	3.7799	0.00019996	-343.06	-27.099	297.13	-5.3594	0.29994	False	-64.823	69.65
SCZ25_META	pooled	imaging_hcp	baseline_thickness_1lmm	8596	S1_snrna_pc1_bottom	secondary	S1	snrna	1573	102976	-0.0018221	0.01118	0.87054	0.00032244	0.97701	-0.0013166	0.011287	0.0046584	0.011339	0.6812	4.0124	0.10438	38.439	1.0492	0.24595	-164.72	15.265	200.06	2.5181	0.80184	False	-31.085	34.825
SCZ25_META	pooled	imaging_hcp	baseline_thickness_1lmm	8596	S1_snrna_pc1_top	secondary	S1	snrna	1580	172687	-0.0018221	0.01118	0.87054	0.00032244	0.97701	-0.0013166	0.011287	-0.0066011	0.011254	0.55749	-7.7454	0.17285	-44.809	1.2155	0.00059988	-112.99	18.155	159.01	-2.4681	0.35633	False	-28.773	32.43
SCZ25_META	pooled	imaging_hcp	baseline_thickness_1lmm	8596	S2_c3_bottom	secondary	S2	ahba	591	29472	-0.0018221	0.01118	0.87054	0.00032244	0.97701	-0.0013166	0.011287	0.013747	0.011477	0.23102	5.3338	0.021819	244.45	0.67054	0.9988	-345.02	-4.4412	330	-55.043	0.14237	False	-101.76	117.4
SCZ25_META	pooled	imaging_hcp	baseline_thickness_1lmm	8596	S2_c3_top	secondary	S2	ahba	591	41830	-0.0018221	0.01118	0.87054	0.00032244	0.97701	-0.0013166	0.011287	-0.0073563	0.011122	0.50833	-4.3406	0.046859	-92.629	1.149	0.11778	-302.31	9.5748	302.09	-9.6743	0.5087	False	-68.599	70.169
SCZ25_META	pooled	imaging_hcp	baseline_thickness_1lmm	8596	S3_c1_bottom	secondary	S3	ahba	571	31845	-0.0018221	0.01118	0.87054	0.00032244	0.97701	-0.0013166	0.011287	0.012241	0.011138	0.27174	6.3845	0.037993	168.04	1.1259	0.17516	-317.51	-14.71	289.83	-11.423	0.23635	False	-75.846	86.688
SCZ25_META	pooled	imaging_hcp	baseline_thickness_1lmm	8596	S3_c1_top	secondary	S3	ahba	604	34963	-0.0018221	0.01118	0.87054	0.00032244	0.97701	-0.0013166	0.011287	0.001076	0.011016	0.92219	0.59954	0.047625	12.589	1.3264	0.012797	-291.91	-6.8886	278.1	-1.8275	0.88942	False	-44.865	46.373
SCZ25_META	pooled	imaging_hcp	baseline_thickness_1lmm	8596	S3_c2_bottom	secondary	S3	ahba	569	34220	-0.0018221	0.01118	0.87054	0.00032244	0.97701	-0.0013166	0.011287	-0.0033934	0.011126	0.76038	-1.6339	0.035364	-46.201	1.0204	0.43411	-312	2.7993	305.01	-16.505	0.76185	False	-64.325	59.512
SCZ25_META	pooled	imaging_hcp	baseline_thickness_1lmm	8596	S3_c2_top	secondary	S3	ahba	606	29650	-0.0018221	0.01118	0.87054	0.00032244	0.97701	-0.0013166	0.011287	-0.020161	0.011181	0.071376	-9.7295	0.032369	-300.58	1.0583	0.34333	-375.99	-15.133	323.69	19.863	0.11558	False	-173.17	132.68
SCZ25_META	pooled	imaging_hcp	baseline_thickness_1lmm	8596	S4_pls2_bottom	secondary	S4	ahba	587	29983	-0.0018221	0.01118	0.87054	0.00032244	0.97701	-0.0013166	0.011287	0.0040467	0.010972	0.71226	1.7335	0.026142	66.311	0.83555	0.91222	-331.99	12.198	352.25	5.4362	0.75745	False	-80.806	65.03
SCZ25_META	pooled	imaging_hcp	baseline_thickness_1lmm	8596	S4_pls2_top	secondary	S4	ahba	582	37960	-0.0018221	0.01118	0.87054	0.00032244	0.97701	-0.0013166	0.011287	-0.014395	0.011306	0.20296	-7.9524	0.042157	-188.64	1.0437	0.36313	-275.87	12.23	288.35	-15.424	0.17237	False	-94.646	84.165
SCZ25_META	pooled	imaging_hcp	baseline_thickness_1lmm	8596	S5_brain_celltype_markers	secondary	S5	genome	4082	291683	-0.0018221	0.01118	0.87054	0.00032244	0.97701	-0.0013166	0.011287	-0.0028356	0.01104	0.79731	-4.264	0.28461	-14.982	1.1342	0.00039992	-90.754	4.0953	96.696	-3.6583	0.68826	False	-16.522	17.231
SCZ25_META	pooled	imaging_hcp	baseline_thickness_1lmm	8596	K1c_not_brain_expressed	primary	K1	genome	2282	67919	-0.0018221	0.01118	0.87054	0.00032244	0.97701	-0.0013166	0.011287	-0.004582	0.011012	0.67733	-2.9811	0.05952	-50.086	0.85851	0.96861	-241.82	-4.8153	228.78	10.401	0.71986	False	-49.619	39.845
SCZ25_META	pooled	symptoms	pfactor	8053	K1_brain_expressed	primary	K1	genome	14430	566474	0.017822	0.0087623	0.041962	0.01865	0.033488		0.01128	-0.0021046	0.0087561	0.81005	-0.08233	0.56753	-0.14507								True	-6.1979	0.87822
SCZ25_META	pooled	symptoms	pfactor	8053	K2_glial	primary	K2	genome	1783	84695	0.017822	0.0087623	0.041962	0.01865	0.033488		0.01128	-0.0029827	0.009003	0.74041	-0.038025	0.073443	-0.51775	0.87437	0.95061	-2.9931	-0.51394	1.9124	1.0074	0.997	True	-10.954	3.5276
SCZ25_META	pooled	symptoms	pfactor	8053	K2_neuronal	primary	K2	genome	1326	128127	0.017822	0.0087623	0.041962	0.01865	0.033488		0.01128	-0.0048147	0.0086289	0.57686	-0.085566	0.13821	-0.61911	1.2984	0.00019996	-2.7342	-0.67157	1.3647	0.92188	0.95381	True	-8.7023	2.2237
SCZ25_META	pooled	symptoms	pfactor	8053	K3_oligodendrocyte	primary	K3	genome	616	35891	0.017822	0.0087623	0.041962	0.01865	0.033488		0.01128	-0.01321	0.0087799	0.13244	-0.12282	0.0385	-3.1901	1.148	0.15217	-4.4763	-0.57817	3.4474	5.5176	0.19036	True	-29.294	1.7962
SCZ25_META	pooled	symptoms	pfactor	8053	K3_syngo	primary	K3	genome	1512	103881	0.017822	0.0087623	0.041962	0.01865	0.033488		0.01128	-0.016573	0.0090434	0.066869	-0.26206	0.11111	-2.3585	1.2838	0.00019996	-2.7671	-0.49246	1.726	4.7892	0.11038	True	-21.547	0.67078
SCZ25_META	pooled	symptoms	pfactor	8053	S0_scz_locus_pool	secondary	S0	genome	368	25947	0.017822	0.0087623	0.041962	0.01865	0.033488		0.01128	-0.0093505	0.0087823	0.28701	-0.11725	0.069405	-1.6893	3.756	0.00019996	-3.8829	-0.15896	3.6784	10.627	0.44791	True	-17.663	2.1416
SCZ25_META	pooled	symptoms	pfactor	8053	S1_snrna_pc1_bottom	secondary	S1	snrna	1573	102976	0.017822	0.0087623	0.041962	0.01865	0.033488		0.01128	-0.0090434	0.0088788	0.30842	-0.13486	0.10334	-1.305	1.0365	0.30834	-2.5741	-0.44461	1.6074	2.9352	0.41952	True	-15.537	1.7507
SCZ25_META	pooled	symptoms	pfactor	8053	S1_snrna_pc1_top	secondary	S1	snrna	1580	172687	0.017822	0.0087623	0.041962	0.01865	0.033488		0.01128	-0.0057466	0.0086202	0.505	-0.1175	0.17536	-0.67004	1.2274	0.00039992	-2.0456	-0.48708	1.0796	1.3756	0.82703	True	-9.5543	1.5683
SCZ25_META	pooled	symptoms	pfactor	8053	S2_c3_bottom	secondary	S2	ahba	591	29472	0.017822	0.0087623	0.041962	0.01865	0.033488		0.01128	0.0066257	0.0091057	0.46683	0.04464	0.022041	2.0253	0.67507	0.9984	-4.6413	-0.28384	3.9571	-7.1356	0.27514	True	-7.494	16.172
SCZ25_META	pooled	symptoms	pfactor	8053	S2_c3_top	secondary	S2	ahba	591	41830	0.017822	0.0087623	0.041962	0.01865	0.033488		0.01128	-0.014489	0.0087818	0.098961	-0.14841	0.047238	-3.1418	1.1567	0.10978	-4.1598	-0.52933	3.1122	5.9354	0.15797	True	-22.643	2.077
SCZ25_META	pooled	symptoms	pfactor	8053	S3_c1_bottom	secondary	S3	ahba	571	31845	0.017822	0.0087623	0.041962	0.01865	0.033488		0.01128	0.0082812	0.0088589	0.3499	0.07494	0.03778	1.9836	1.1133	0.20576	-4.2367	-0.29697	3.6384	-6.6794	0.27235	True	-5.4162	11.253
SCZ25_META	pooled	symptoms	pfactor	8053	S3_c1_top	secondary	S3	ahba	604	34963	0.017822	0.0087623	0.041962	0.01865	0.033488		0.01128	-0.0047293	0.008885	0.59453	-0.045611	0.047642	-0.95736	1.3221	0.013397	-3.8759	-0.35782	3.2381	2.6755	0.72945	True	-14.023	3.2135
SCZ25_META	pooled	symptoms	pfactor	8053	S3_c2_bottom	secondary	S3	ahba	569	34220	0.017822	0.0087623	0.041962	0.01865	0.033488		0.01128	0.0080868	0.008792	0.35768	0.067441	0.035914	1.8779	1.0304	0.41132	-3.9826	-0.23475	3.4076	-7.9992	0.25115	True	-3.9072	16.499
SCZ25_META	pooled	symptoms	pfactor	8053	S3_c2_top	secondary	S3	ahba	606	29650	0.017822	0.0087623	0.041962	0.01865	0.033488		0.01128	0.00058221	0.0088431	0.94751	0.0048778	0.03235	0.15078	1.053	0.35633	-4.2651	-0.19499	3.835	-0.77328	0.88342	True	-9.6099	6.5707
SCZ25_META	pooled	symptoms	pfactor	8053	S4_pls2_bottom	secondary	S4	ahba	587	29983	0.017822	0.0087623	0.041962	0.01865	0.033488		0.01128	0.0067354	0.0089084	0.4496	0.050119	0.026111	1.9195	0.83268	0.91042	-4.7524	-0.52527	3.8258	-3.6543	0.26915	True	-5.3107	17.308
SCZ25_META	pooled	symptoms	pfactor	8053	S4_pls2_top	secondary	S4	ahba	582	37960	0.017822	0.0087623	0.041962	0.01865	0.033488		0.01128	0.00026106	0.0085132	0.97554	0.0024954	0.042212	0.059115	1.0471	0.35173	-4.1166	-0.42137	3.2216	-0.14029	0.79504	True	-6.545	5.8045
SCZ25_META	pooled	symptoms	pfactor	8053	S5_brain_celltype_markers	secondary	S5	genome	4082	291683	0.017822	0.0087623	0.041962	0.01865	0.033488		0.01128	-0.0033562	0.0085717	0.6954	-0.087754	0.28613	-0.3067	1.1333	0.00019996	-1.6641	-0.59087	0.50788	0.51907	0.61428	True	-6.9096	1.2661
SCZ25_META	pooled	symptoms	pfactor	8053	K1c_not_brain_expressed	primary	K1	genome	2282	67919	0.017822	0.0087623	0.041962	0.01865	0.033488		0.01128	-0.010947	0.0091304	0.23056	-0.12338	0.060905	-2.0258	0.87504	0.94461	-3.1194	-0.3292	2.524	6.1538	0.22236	True	-22.121	2.3718
SCZ25_META	pooled	symptoms	internal	8080	K1_brain_expressed	primary	K1	genome	14430	566474	0.016563	0.0095163	0.08177	0.017723	0.062587		0.011264	-0.0017131	0.0094335	0.8559	-0.070488	0.56759	-0.12419								False	-6.5267	3.9139
SCZ25_META	pooled	symptoms	internal	8080	K2_glial	primary	K2	genome	1783	84695	0.016563	0.0095163	0.08177	0.017723	0.062587		0.011264	0.00141	0.0095675	0.88284	0.018917	0.073294	0.25809	0.87241	0.95281	-3.086	-0.34958	2.4042	-0.73828	0.67507	False	-10.532	6.818
SCZ25_META	pooled	symptoms	internal	8080	K2_neuronal	primary	K2	genome	1326	128127	0.016563	0.0095163	0.08177	0.017723	0.062587		0.011264	-0.0066279	0.0092455	0.47345	-0.1238	0.13801	-0.89702	1.2968	0.00019996	-2.738	-0.4496	1.8205	1.9952	0.70266	False	-13.922	5.0337
SCZ25_META	pooled	symptoms	internal	8080	K3_oligodendrocyte	primary	K3	genome	616	35891	0.016563	0.0095163	0.08177	0.017723	0.062587		0.011264	-0.010894	0.0093836	0.24566	-0.10654	0.038354	-2.7778	1.1442	0.16077	-4.8199	-0.42059	4.0252	6.6044	0.27794	False	-25.009	6.6279
SCZ25_META	pooled	symptoms	internal	8080	K3_syngo	primary	K3	genome	1512	103881	0.016563	0.0095163	0.08177	0.017723	0.062587		0.011264	-0.011607	0.0095841	0.22588	-0.19315	0.11119	-1.7371	1.2845	0.00019996	-2.7553	-0.35221	2.1501	4.9319	0.27195	False	-18.589	8.2114
SCZ25_META	pooled	symptoms	internal	8080	S0_scz_locus_pool	secondary	S0	genome	368	25947	0.016563	0.0095163	0.08177	0.017723	0.062587		0.011264	-0.01286	0.0093562	0.16929	-0.16971	0.069513	-2.4414	3.764	0.00019996	-4.2937	-0.14827	4.245	16.466	0.28874	False	-21.23	6.3864
SCZ25_META	pooled	symptoms	internal	8080	S1_snrna_pc1_bottom	secondary	S1	snrna	1573	102976	0.016563	0.0095163	0.08177	0.017723	0.062587		0.011264	-0.006157	0.0095236	0.51796	-0.096618	0.10332	-0.9351	1.0364	0.31014	-2.6282	-0.30814	2.0133	3.0347	0.60188	False	-15.477	5.3078
SCZ25_META	pooled	symptoms	internal	8080	S1_snrna_pc1_top	secondary	S1	snrna	1580	172687	0.016563	0.0095163	0.08177	0.017723	0.062587		0.011264	0.0021717	0.0093308	0.81596	0.046667	0.17517	0.26641	1.2264	0.00059988	-2.0201	-0.27066	1.415	-0.9843	0.53189	False	-6.032	4.3009
SCZ25_META	pooled	symptoms	internal	8080	S2_c3_bottom	secondary	S2	ahba	591	29472	0.016563	0.0095163	0.08177	0.017723	0.062587		0.011264	0.0087007	0.009562	0.36286	0.06167	0.022015	2.8013	0.67385	0.9986	-4.4329	0.17707	5.0072	15.82	0.28594	False	-10.967	23.212
SCZ25_META	pooled	symptoms	internal	8080	S2_c3_top	secondary	S2	ahba	591	41830	0.016563	0.0095163	0.08177	0.017723	0.062587		0.011264	-0.0068547	0.0094483	0.46815	-0.073885	0.047357	-1.5602	1.1588	0.10718	-3.9782	0.10167	4.2332	-15.346	0.41992	False	-17.785	5.0151
SCZ25_META	pooled	symptoms	internal	8080	S3_c1_bottom	secondary	S3	ahba	571	31845	0.016563	0.0095163	0.08177	0.017723	0.062587		0.011264	0.0084317	0.009644	0.38196	0.08027	0.037815	2.1227	1.1134	0.20516	-4.265	0.21704	4.7105	9.78	0.39752	False	-8.1258	21.565
SCZ25_META	pooled	symptoms	internal	8080	S3_c1_top	secondary	S3	ahba	604	34963	0.016563	0.0095163	0.08177	0.017723	0.062587		0.011264	0.0018301	0.0093652	0.84507	0.018572	0.047629	0.38993	1.3192	0.013797	-3.7961	0.15543	4.1905	2.5087	0.90582	False	-11.185	7.6428
SCZ25_META	pooled	symptoms	internal	8080	S3_c2_bottom	secondary	S3	ahba	569	34220	0.016563	0.0095163	0.08177	0.017723	0.062587		0.011264	0.009556	0.0093534	0.30694	0.0838	0.035891	2.3348	1.0291	0.41752	-3.9777	0.20538	4.2018	11.368	0.31114	False	-6.0948	16.729
SCZ25_META	pooled	symptoms	internal	8080	S3_c2_top	secondary	S3	ahba	606	29650	0.016563	0.0095163	0.08177	0.017723	0.062587		0.011264	-0.002277	0.0094216	0.80903	-0.020068	0.032389	-0.61961	1.0533	0.35573	-4.2131	0.33535	4.782	-1.8477	0.69786	False	-17.254	9.2071
SCZ25_META	pooled	symptoms	internal	8080	S4_pls2_bottom	secondary	S4	ahba	587	29983	0.016563	0.0095163	0.08177	0.017723	0.062587		0.011264	0.0017356	0.0094219	0.85385	0.013574	0.02593	0.52348	0.82641	0.91702	-4.7826	0.047327	4.7462	11.061	0.84223	False	-13.751	13.975
SCZ25_META	pooled	symptoms	internal	8080	S4_pls2_top	secondary	S4	ahba	582	37960	0.016563	0.0095163	0.08177	0.017723	0.062587		0.011264	0.008468	0.0093471	0.36496	0.085131	0.042246	2.0152	1.0474	0.35173	-3.9537	0.071816	4.1635	28.06	0.36193	False	-7.2995	13.35
SCZ25_META	pooled	symptoms	internal	8080	S5_brain_celltype_markers	secondary	S5	genome	4082	291683	0.016563	0.0095163	0.08177	0.017723	0.062587		0.011264	3.1228e-05	0.0092511	0.99731	0.00085816	0.28576	0.0030031	1.132	0.00019996	-1.5709	-0.39858	0.79773	-0.0075347	0.5111	False	-6.8285	2.6751
SCZ25_META	pooled	symptoms	internal	8080	K1c_not_brain_expressed	primary	K1	genome	2282	67919	0.016563	0.0095163	0.08177	0.017723	0.062587		0.011264	-0.0049618	0.0097356	0.61029	-0.058789	0.060698	-0.96854	0.87238	0.94921	-3.3643	-0.237	2.8918	4.0867	0.64027	False	-14.193	6.1253
SCZ25_META	pooled	symptoms	external	8076	K1_brain_expressed	primary	K1	genome	14430	566474	0.022824	0.0093507	0.014652	0.023474	0.01219		0.011276	0.0069495	0.0093626	0.45793	0.21613	0.5675	0.38085								True	-1.7953	1.0229
SCZ25_META	pooled	symptoms	external	8076	K2_glial	primary	K2	genome	1783	84695	0.022824	0.0093507	0.014652	0.023474	0.01219		0.011276	0.0074957	0.0094059	0.4255	0.076046	0.073398	1.0361	0.87433	0.95081	-1.9706	0.076566	2.1577	13.532	0.35433	True	-3.0589	5.0109
SCZ25_META	pooled	symptoms	external	8076	K2_neuronal	primary	K2	genome	1326	128127	0.022824	0.0093507	0.014652	0.023474	0.01219		0.011276	0.0021633	0.0091539	0.81318	0.030559	0.13823	0.22108	1.2994	0.00019996	-1.4683	0.19432	1.8909	1.1377	0.9754	True	-3.7657	2.7742
SCZ25_META	pooled	symptoms	external	8076	K3_oligodendrocyte	primary	K3	genome	616	35891	0.022824	0.0093507	0.014652	0.023474	0.01219		0.011276	-0.003207	0.0092423	0.7286	-0.023718	0.038354	-0.61838	1.1438	0.16157	-3.06	0.18907	3.4222	-3.2707	0.63587	True	-9.5893	3.2926
SCZ25_META	pooled	symptoms	external	8076	K3_syngo	primary	K3	genome	1512	103881	0.022824	0.0093507	0.014652	0.023474	0.01219		0.011276	-0.011025	0.0094801	0.24485	-0.13856	0.11088	-1.2496	1.2815	0.00019996	-1.6598	0.21116	2.0613	-5.9181	0.12158	True	-9.9213	0.9382
SCZ25_META	pooled	symptoms	external	8076	S0_scz_locus_pool	secondary	S0	genome	368	25947	0.022824	0.0093507	0.014652	0.023474	0.01219		0.011276	-0.0010549	0.0092992	0.90968	-0.010527	0.069575	-0.1513	3.7656	0.00019996	-2.8563	0.36722	3.492	-0.41202	0.75545	True	-7.5817	2.6888
SCZ25_META	pooled	symptoms	external	8076	S1_snrna_pc1_bottom	secondary	S1	snrna	1573	102976	0.022824	0.0093507	0.014652	0.023474	0.01219		0.011276	-0.002044	0.0092997	0.82603	-0.024249	0.10331	-0.23472	1.0364	0.30854	-1.4806	0.31396	2.037	-0.74761	0.53309	True	-5.4661	2.1389
SCZ25_META	pooled	symptoms	external	8076	S1_snrna_pc1_top	secondary	S1	snrna	1580	172687	0.022824	0.0093507	0.014652	0.023474	0.01219		0.011276	-0.0020001	0.0091703	0.82734	-0.032507	0.17527	-0.18547	1.2268	0.00039992	-0.9652	0.36652	1.6583	-0.50602	0.39072	True	-4.4205	1.6505
SCZ25_META	pooled	symptoms	external	8076	S2_c3_bottom	secondary	S2	ahba	591	29472	0.022824	0.0093507	0.014652	0.023474	0.01219		0.011276	0.0080929	0.0094696	0.39276	0.043364	0.02196	1.9747	0.67278	0.9986	-3.323	0.25286	3.7529	7.8093	0.34513	True	-4.3423	11.578
SCZ25_META	pooled	symptoms	external	8076	S2_c3_top	secondary	S2	ahba	591	41830	0.022824	0.0093507	0.014652	0.023474	0.01219		0.011276	-0.0059466	0.0091651	0.51645	-0.048475	0.047214	-1.0267	1.1566	0.11138	-2.71	0.23526	3.3723	-4.3643	0.41152	True	-10.007	2.9035
SCZ25_META	pooled	symptoms	external	8076	S3_c1_bottom	secondary	S3	ahba	571	31845	0.022824	0.0093507	0.014652	0.023474	0.01219		0.011276	0.00067337	0.0093578	0.94264	0.0048466	0.037762	0.12835	1.1131	0.20636	-3.09	0.30872	3.5768	0.41574	0.90782	True	-6.4488	5.4276
SCZ25_META	pooled	symptoms	external	8076	S3_c1_top	secondary	S3	ahba	604	34963	0.022824	0.0093507	0.014652	0.023474	0.01219		0.011276	-0.0026659	0.0093803	0.77626	-0.020452	0.047575	-0.42989	1.3185	0.013797	-2.706	0.24648	3.2031	-1.7441	0.64827	True	-7.3059	3.9064
SCZ25_META	pooled	symptoms	external	8076	S3_c2_bottom	secondary	S3	ahba	569	34220	0.022824	0.0093507	0.014652	0.023474	0.01219		0.011276	0.010689	0.0093236	0.2516	0.070878	0.035799	1.9799	1.0269	0.42152	-2.7119	0.37849	3.3412	5.231	0.28674	True	-2.4739	8.4846
SCZ25_META	pooled	symptoms	external	8076	S3_c2_top	secondary	S3	ahba	606	29650	0.022824	0.0093507	0.014652	0.023474	0.01219		0.011276	0.0045482	0.0093043	0.62496	0.030306	0.032401	0.93534	1.0543	0.35253	-2.9933	0.31063	3.669	3.0111	0.72825	True	-6.4012	7.3547
SCZ25_META	pooled	symptoms	external	8076	S4_pls2_bottom	secondary	S4	ahba	587	29983	0.022824	0.0093507	0.014652	0.023474	0.01219		0.011276	0.01263	0.0092892	0.17395	0.0747	0.025984	2.8748	0.8286	0.91522	-3.2826	0.2265	3.905	12.693	0.14837	True	-1.9604	12.815
SCZ25_META	pooled	symptoms	external	8076	S4_pls2_top	secondary	S4	ahba	582	37960	0.022824	0.0093507	0.014652	0.023474	0.01219		0.011276	0.0071993	0.0090315	0.42538	0.05474	0.042175	1.2979	1.0464	0.35493	-2.7628	0.25355	3.3162	5.1192	0.5139	True	-3.5481	6.6476
SCZ25_META	pooled	symptoms	external	8076	S5_brain_celltype_markers	secondary	S5	genome	4082	291683	0.022824	0.0093507	0.014652	0.023474	0.01219		0.011276	0.0055603	0.0092018	0.54567	0.11557	0.28601	0.40409	1.1332	0.00019996	-0.75653	0.16164	1.0792	2.5	0.60428	True	-2.46	2.0472
SCZ25_META	pooled	symptoms	external	8076	K1c_not_brain_expressed	primary	K1	genome	2282	67919	0.022824	0.0093507	0.014652	0.023474	0.01219		0.011276	-0.011357	0.0094624	0.23007	-0.10176	0.06063	-1.6783	0.87158	0.95101	-2.1453	0.17543	2.5248	-9.5668	0.11878	True	-12.107	1.0769
SCZ25_META	pooled	symptoms	depress	8072	K1_brain_expressed	primary	K1	genome	14430	566474	0.016983	0.0099559	0.088045	0.018488	0.063666		0.011278	0.0037761	0.010048	0.70706	0.14906	0.56754	0.26264								False	-4.4784	3.9285
SCZ25_META	pooled	symptoms	depress	8072	K2_glial	primary	K2	genome	1783	84695	0.016983	0.0099559	0.088045	0.018488	0.063666		0.011278	0.0036921	0.010125	0.71538	0.047541	0.073515	0.64668	0.87507	0.94721	-2.8176	-0.10078	2.6406	-6.4169	0.58228	False	-9.6152	10.157
SCZ25_META	pooled	symptoms	depress	8072	K2_neuronal	primary	K2	genome	1326	128127	0.016983	0.0099559	0.088045	0.018488	0.063666		0.011278	-0.00045266	0.0099522	0.96372	-0.0081163	0.13808	-0.058781	1.2973	0.00019996	-2.4077	-0.19103	2.1368	0.30771	0.90302	False	-8.1598	5.4422
SCZ25_META	pooled	symptoms	depress	8072	K3_oligodendrocyte	primary	K3	genome	616	35891	0.016983	0.0099559	0.088045	0.018488	0.063666		0.011278	-0.01098	0.0099139	0.26808	-0.10308	0.038395	-2.6848	1.1452	0.15877	-4.5237	0.00699	4.1963	-384.09	0.23275	False	-22.61	12.142
SCZ25_META	pooled	symptoms	depress	8072	K3_syngo	primary	K3	genome	1512	103881	0.016983	0.0099559	0.088045	0.018488	0.063666		0.011278	-0.012988	0.010306	0.20758	-0.20735	0.11101	-1.8678	1.2825	0.00019996	-2.4413	-0.0094657	2.4718	197.32	0.13477	False	-17.711	13.395
SCZ25_META	pooled	symptoms	depress	8072	S0_scz_locus_pool	secondary	S0	genome	368	25947	0.016983	0.0099559	0.088045	0.018488	0.063666		0.011278	-0.0082396	0.010098	0.4145	-0.10436	0.069619	-1.499	3.7674	0.00019996	-4.2334	0.022453	4.4311	-66.763	0.5135	False	-18.36	5.8409
SCZ25_META	pooled	symptoms	depress	8072	S1_snrna_pc1_bottom	secondary	S1	snrna	1573	102976	0.016983	0.0099559	0.088045	0.018488	0.063666		0.011278	-0.00089854	0.0099469	0.92802	-0.013529	0.10315	-0.13116	1.035	0.31634	-2.3017	0.05806	2.3765	-2.259	0.86383	False	-8.9755	8.3117
SCZ25_META	pooled	symptoms	depress	8072	S1_snrna_pc1_top	secondary	S1	snrna	1580	172687	0.016983	0.0099559	0.088045	0.018488	0.063666		0.011278	0.0058633	0.0099302	0.55489	0.12092	0.17516	0.69038	1.2262	0.00059988	-1.6211	0.12578	1.8175	5.4889	0.53149	False	-5.2407	5.6949
SCZ25_META	pooled	symptoms	depress	8072	S2_c3_bottom	secondary	S2	ahba	591	29472	0.016983	0.0099559	0.088045	0.018488	0.063666		0.011278	-0.00047002	0.010332	0.96372	-0.0031965	0.021974	-0.14547	0.67267	0.9986	-4.8172	0.10894	4.7957	-1.3353	0.92222	False	-20.115	12.818
SCZ25_META	pooled	symptoms	depress	8072	S2_c3_top	secondary	S2	ahba	591	41830	0.016983	0.0099559	0.088045	0.018488	0.063666		0.011278	-0.005965	0.010072	0.55371	-0.0617	0.047485	-1.2994	1.1628	0.10118	-3.9263	0.042536	4.049	-30.548	0.5255	False	-20.089	9.2179
SCZ25_META	pooled	symptoms	depress	8072	S3_c1_bottom	secondary	S3	ahba	571	31845	0.016983	0.0099559	0.088045	0.018488	0.063666		0.011278	0.01809	0.010082	0.072785	0.16527	0.037822	4.3697	1.1141	0.20356	-4.253	0.060016	4.4489	72.809	0.055989	False	-7.1486	23.857
SCZ25_META	pooled	symptoms	depress	8072	S3_c1_top	secondary	S3	ahba	604	34963	0.016983	0.0099559	0.088045	0.018488	0.063666		0.011278	0.0061443	0.0099669	0.53758	0.059827	0.04761	1.2566	1.3187	0.013997	-3.6825	0.16914	4.2168	7.4295	0.59308	False	-10.644	11.559
SCZ25_META	pooled	symptoms	depress	8072	S3_c2_bottom	secondary	S3	ahba	569	34220	0.016983	0.0099559	0.088045	0.018488	0.063666		0.011278	-0.0057649	0.0099624	0.56282	-0.048524	0.035845	-1.3537	1.0281	0.42032	-4.0474	0.21396	4.2287	-6.3271	0.46111	False	-15.971	9.0173
SCZ25_META	pooled	symptoms	depress	8072	S3_c2_top	secondary	S3	ahba	606	29650	0.016983	0.0099559	0.088045	0.018488	0.063666		0.011278	-0.0060271	0.0099224	0.54357	-0.050969	0.032273	-1.5793	1.0495	0.36353	-4.3706	0.25268	4.6434	-6.2503	0.42911	False	-20.353	11.069
SCZ25_META	pooled	symptoms	depress	8072	S4_pls2_bottom	secondary	S4	ahba	587	29983	0.016983	0.0099559	0.088045	0.018488	0.063666		0.011278	-0.00058623	0.010077	0.95361	-0.004401	0.026012	-0.16919	0.82892	0.91342	-4.8487	-0.040526	4.4715	4.1748	0.95301	False	-17.365	11.284
SCZ25_META	pooled	symptoms	depress	8072	S4_pls2_top	secondary	S4	ahba	582	37960	0.016983	0.0099559	0.088045	0.018488	0.063666		0.011278	-0.0010146	0.009922	0.91855	-0.0097901	0.042207	-0.23195	1.0468	0.35433	-3.9404	0.049256	4.0056	-4.7092	0.89302	False	-14.573	9.2145
SCZ25_META	pooled	symptoms	depress	8072	S5_brain_celltype_markers	secondary	S5	genome	4082	291683	0.016983	0.0099559	0.088045	0.018488	0.063666		0.011278	0.0020274	0.0099152	0.83799	0.053482	0.28594	0.18704	1.1325	0.00019996	-1.3524	-0.1071	1.0724	-1.7464	0.63107	False	-5.4363	4.8447
SCZ25_META	pooled	symptoms	depress	8072	K1c_not_brain_expressed	primary	K1	genome	2282	67919	0.016983	0.0099559	0.088045	0.018488	0.063666		0.011278	-0.010636	0.010225	0.29825	-0.12095	0.060839	-1.9881	0.87421	0.94621	-3.082	0.086554	3.3137	-22.969	0.19836	False	-17.928	6.9834
SCZ25_META	pooled	symptoms	thought	8074	K1_brain_expressed	primary	K1	genome	14430	566474	0.0096927	0.0096148	0.31341	0.010598	0.27039		0.011253	-0.004922	0.0096064	0.60839	-0.33834	0.5674	-0.5963								False	-15.957	13.217
SCZ25_META	pooled	symptoms	thought	8074	K2_glial	primary	K2	genome	1783	84695	0.0096927	0.0096148	0.31341	0.010598	0.27039		0.011253	-0.0074622	0.0099222	0.45201	-0.16721	0.073076	-2.2881	0.87033	0.95601	-5.9245	-1.0247	3.885	2.233	0.59708	False	-41.9	31.132
SCZ25_META	pooled	symptoms	thought	8074	K2_neuronal	primary	K2	genome	1326	128127	0.0096927	0.0096148	0.31341	0.010598	0.27039		0.011253	-0.0023071	0.009487	0.80786	-0.072007	0.13804	-0.52162	1.2975	0.00019996	-5.2214	-1.2705	2.7887	0.41056	0.72106	False	-20.596	21.783
SCZ25_META	pooled	symptoms	thought	8074	K3_oligodendrocyte	primary	K3	genome	616	35891	0.0096927	0.0096148	0.31341	0.010598	0.27039		0.011253	-0.013208	0.0098255	0.17888	-0.21576	0.038447	-5.6118	1.147	0.15477	-9.0978	-1.165	6.7686	4.8168	0.25915	False	-61.4	55.466
SCZ25_META	pooled	symptoms	thought	8074	K3_syngo	primary	K3	genome	1512	103881	0.0096927	0.0096148	0.31341	0.010598	0.27039		0.011253	-0.015407	0.0099266	0.12064	-0.42827	0.11108	-3.8554	1.2836	0.00019996	-5.4828	-0.97663	3.4595	3.9477	0.21396	False	-49.059	41.192
SCZ25_META	pooled	symptoms	thought	8074	S0_scz_locus_pool	secondary	S0	genome	368	25947	0.0096927	0.0096148	0.31341	0.010598	0.27039		0.011253	-0.0031382	0.0097229	0.74687	-0.069173	0.069442	-0.99613	3.7595	0.00019996	-8.4491	-0.92051	6.9186	1.0821	0.9838	False	-29.469	24.989
SCZ25_META	pooled	symptoms	thought	8074	S1_snrna_pc1_bottom	secondary	S1	snrna	1573	102976	0.0096927	0.0096148	0.31341	0.010598	0.27039		0.011253	-0.0098028	0.0097784	0.31611	-0.25702	0.10335	-2.4869	1.037	0.30834	-5.3181	-0.93283	3.4066	2.666	0.4835	False	-33.414	35.111
SCZ25_META	pooled	symptoms	thought	8074	S1_snrna_pc1_top	secondary	S1	snrna	1580	172687	0.0096927	0.0096148	0.31341	0.010598	0.27039		0.011253	-0.0063043	0.0095725	0.51017	-0.22637	0.17523	-1.2919	1.2265	0.00039992	-4.1779	-0.97287	2.1449	1.3279	0.84263	False	-26.21	20.04
SCZ25_META	pooled	symptoms	thought	8074	S2_c3_bottom	secondary	S2	ahba	591	29472	0.0096927	0.0096148	0.31341	0.010598	0.27039		0.011253	0.012367	0.010189	0.22483	0.1464	0.022039	6.6426	0.67414	0.9986	-8.691	0.038868	8.4275	170.9	0.12078	False	-50.032	62.558
SCZ25_META	pooled	symptoms	thought	8074	S2_c3_top	secondary	S2	ahba	591	41830	0.0096927	0.0096148	0.31341	0.010598	0.27039		0.011253	-0.010787	0.0096632	0.26428	-0.19426	0.047368	-4.1011	1.1587	0.10678	-7.4157	-0.48474	6.6792	8.4604	0.32314	False	-52.71	47.494
SCZ25_META	pooled	symptoms	thought	8074	S3_c1_bottom	secondary	S3	ahba	571	31845	0.0096927	0.0096148	0.31341	0.010598	0.27039		0.011253	0.0093473	0.0099033	0.34525	0.14868	0.037818	3.9314	1.1134	0.20616	-8.0704	-0.17108	7.3066	-22.979	0.29354	False	-33.3	39.006
SCZ25_META	pooled	symptoms	thought	8074	S3_c1_top	secondary	S3	ahba	604	34963	0.0096927	0.0096148	0.31341	0.010598	0.27039		0.011253	-0.0082239	0.0098107	0.40189	-0.13941	0.047637	-2.9266	1.3185	0.013797	-7.1749	-0.18295	6.9582	15.997	0.43951	False	-37.799	41.976
SCZ25_META	pooled	symptoms	thought	8074	S3_c2_bottom	secondary	S3	ahba	569	34220	0.0096927	0.0096148	0.31341	0.010598	0.27039		0.011253	0.0062865	0.0095867	0.51198	0.09208	0.03579	2.5728	1.0258	0.42672	-7.4368	-0.12215	6.7712	-21.062	0.45311	False	-29.05	34.59
SCZ25_META	pooled	symptoms	thought	8074	S3_c2_top	secondary	S3	ahba	606	29650	0.0096927	0.0096148	0.31341	0.010598	0.27039		0.011253	0.00056926	0.0095926	0.95268	0.0083781	0.03233	0.25914	1.0518	0.36013	-7.7316	0.063489	8.223	4.0816	0.96541	False	-37.899	35.396
SCZ25_META	pooled	symptoms	thought	8074	S4_pls2_bottom	secondary	S4	ahba	587	29983	0.0096927	0.0096148	0.31341	0.010598	0.27039		0.011253	0.012567	0.010031	0.21028	0.16418	0.025931	6.3314	0.82631	0.91842	-8.8573	-0.44084	7.9156	-14.362	0.11998	False	-47.805	78.211
SCZ25_META	pooled	symptoms	thought	8074	S4_pls2_top	secondary	S4	ahba	582	37960	0.0096927	0.0096148	0.31341	0.010598	0.27039		0.011253	-0.0089849	0.0096616	0.35239	-0.15091	0.042193	-3.5766	1.0463	0.35693	-7.297	-0.25966	6.8034	13.774	0.35633	False	-57.848	39.342
SCZ25_META	pooled	symptoms	thought	8074	S5_brain_celltype_markers	secondary	S5	genome	4082	291683	0.0096927	0.0096148	0.31341	0.010598	0.27039		0.011253	-0.0037294	0.0095455	0.69602	-0.17127	0.28572	-0.59942	1.1323	0.00019996	-3.3561	-1.1075	1.0311	0.54121	0.63427	False	-15.908	16.274
SCZ25_META	pooled	symptoms	thought	8074	K1c_not_brain_expressed	primary	K1	genome	2282	67919	0.0096927	0.0096148	0.31341	0.010598	0.27039		0.011253	-0.011147	0.0098442	0.25748	-0.22065	0.060668	-3.637	0.87214	0.94921	-6.5458	-0.93471	4.7271	3.891	0.34713	False	-54.414	43.726
