GENE	C1	C2	C3	C1+	C2+	C3+	C1-	C2-	C3-
1	-0.80617	-0.139317	-0.0179386	0	0	0	0.80617	0.139317	0.0179386
503538	-0.62448	-0.0368614	0.377001	0	0	0.377001	0.62448	0.0368614	0
8086	0.600656	0.139431	-0.0597516	0.600656	0.139431	0	0	0	0.0597516
79719	-0.261427	0.554815	0.345811	0	0.554815	0.345811	0.261427	0	0
22848	0.696944	0.03137	0.0572984	0.696944	0.03137	0.0572984	0	0	0
441376	0.682209	-0.0637768	0.173586	0.682209	0	0.173586	0	0.0637768	0
132949	0.530151	-0.460872	-0.13053	0.530151	0	0	0	0.460872	0.13053
26574	0.128207	0.621035	-0.226538	0.128207	0.621035	0	0	0	0.226538
19	-0.475041	-0.393984	-0.306279	0	0	0	0.475041	0.393984	0.306279
23461	0.470729	-0.520821	0.12614	0.470729	0	0.12614	0	0.520821	0
23460	0.758867	-0.00750787	-0.315624	0.758867	0	0	0	0.00750787	0.315624
10347	0.673997	0.158117	-0.0413689	0.673997	0.158117	0	0	0	0.0413689
10350	0.750631	-0.118911	-0.116211	0.750631	0	0	0	0.118911	0.116211
23456	0.616839	-0.242604	0.071163	0.616839	0	0.071163	0	0.242604	0
10058	-0.601047	0.290924	0.169295	0	0.290924	0.169295	0.601047	0	0
22	0.690748	-0.163333	-0.312074	0.690748	0	0	0	0.163333	0.312074
4363	0.701201	0.0562058	-0.0910659	0.701201	0.0562058	0	0	0	0.0910659
94160	-0.24575	0.364242	0.678279	0	0.364242	0.678279	0.24575	0	0
10257	-0.547624	0.235852	-0.327071	0	0.235852	0	0.547624	0	0.327071
10057	0.379108	-0.584295	0.0416007	0.379108	0	0.0416007	0	0.584295	0
368	-0.554626	0.159858	0.221514	0	0.159858	0.221514	0.554626	0	0
6833	0.718035	-0.00149143	0.163867	0.718035	0	0.163867	0	0.00149143	0
10060	0.0873493	0.45866	-0.394839	0.0873493	0.45866	0	0	0	0.394839
225	0.692192	-0.106413	-0.135956	0.692192	0	0	0	0.106413	0.135956
5826	0.282769	-0.162179	-0.30212	0.282769	0	0	0	0.162179	0.30212
9619	0.0746489	-0.56131	-0.185828	0.0746489	0	0	0	0.56131	0.185828
9429	0.435856	0.307432	-0.382087	0.435856	0.307432	0	0	0	0.382087
64137	0.772939	0.350365	-0.01732	0.772939	0.350365	0	0	0	0.01732
64240	-0.345572	0.612195	0.0156461	0	0.612195	0.0156461	0.345572	0	0
84696	-0.611109	0.0541013	-0.227466	0	0.0541013	0	0.611109	0	0.227466
83451	0.665235	-0.096029	0.0728397	0.665235	0	0.0728397	0	0.096029	0
26090	0.653025	0.475128	-0.334819	0.653025	0.475128	0	0	0	0.334819
145447	-0.151069	0.757593	0.230492	0	0.757593	0.230492	0.151069	0	0
84945	0.611648	-0.245363	0.119059	0.611648	0	0.119059	0	0.245363	0
81926	0.73865	-0.0358622	-0.103075	0.73865	0	0	0	0.0358622	0.103075
51104	0.704721	-0.0237399	-0.2911	0.704721	0	0	0	0.0237399	0.2911
58489	-0.672876	-0.0782572	0.17741	0	0	0.17741	0.672876	0.0782572	0
171586	0.398281	-0.00222948	-0.406747	0.398281	0	0	0	0.00222948	0.406747
57406	0.566422	0.351194	-0.332734	0.566422	0.351194	0	0	0	0.332734
10006	-0.711491	0.0185747	0.172042	0	0.0185747	0.172042	0.711491	0	0
10152	-0.493053	-0.220314	0.292609	0	0	0.292609	0.493053	0.220314	0
27	0.481091	0.21668	0.256441	0.481091	0.21668	0.256441	0	0	0
3983	0.0414134	0.209365	-0.387981	0.0414134	0.209365	0	0	0	0.387981
84448	-0.770465	-0.0704396	0.348891	0	0	0.348891	0.770465	0.0704396	0
22885	-0.819999	0.21132	0.0610266	0	0.21132	0.0610266	0.819999	0	0
29	-0.464917	-0.355823	0.131019	0	0	0.131019	0.464917	0.355823	0
58527	0.574116	0.0604265	0.400472	0.574116	0.0604265	0.400472	0	0	0
80325	0.740217	0.397492	0.31366	0.740217	0.397492	0.31366	0	0	0
25841	0.648505	0.208672	-0.54308	0.648505	0.208672	0	0	0	0.54308
33	-0.775234	0.00299036	-0.0871907	0	0.00299036	0	0.775234	0	0.0871907
35	-0.468646	0.133634	-0.0637896	0	0.133634	0	0.468646	0	0.0637896
36	0.468628	-0.532777	-0.211225	0.468628	0	0	0	0.532777	0.211225
176	0.902666	0.20418	-0.26536	0.902666	0.20418	0	0	0	0.26536
116983	-0.266916	-0.604246	0.141286	0	0	0.141286	0.266916	0.604246	0
39	-0.538292	0.586924	0.138622	0	0.586924	0.138622	0.538292	0	0
55331	0.506823	0.257481	-0.167412	0.506823	0.257481	0	0	0	0.167412
43	0.219395	0.640608	0.0495481	0.219395	0.640608	0.0495481	0	0	0
2532	-0.275676	-0.44346	0.343167	0	0	0.343167	0.275676	0.44346	0
57007	-0.77645	-0.0968214	0.00417917	0	0	0.00417917	0.77645	0.0968214	0
48	-0.0145445	-0.0671995	-0.494857	0	0	0	0.0145445	0.0671995	0.494857
50	-0.361834	0.399273	-0.231314	0	0.399273	0	0.361834	0	0.231314
55856	-0.195518	0.703059	-0.0880461	0	0.703059	0	0.195518	0	0.0880461
10965	-0.887183	-0.0751577	0.0494165	0	0	0.0494165	0.887183	0.0751577	0
10005	-0.645634	0.492386	0.0956993	0	0.492386	0.0956993	0.645634	0	0
8309	-0.558195	0.144094	-0.157822	0	0.144094	0	0.558195	0	0.157822
8310	-0.697314	0.15965	0.154876	0	0.15965	0.154876	0.697314	0	0
52	-0.817768	0.0466793	0.116133	0	0.0466793	0.116133	0.817768	0	0
80221	-0.599923	-0.014267	-0.127451	0	0	0	0.599923	0.014267	0.127451
197322	0.713036	0.176221	0.108143	0.713036	0.176221	0.108143	0	0	0
2180	0.106712	0.141985	-0.302196	0.106712	0.141985	0	0	0	0.302196
2181	0.636498	-0.0490862	0.435091	0.636498	0	0.435091	0	0.0490862	0
2182	-0.799368	0.0667576	0.254717	0	0.0667576	0.254717	0.799368	0	0
23305	0.887439	0.108532	-0.137818	0.887439	0.108532	0	0	0	0.137818
55902	0.601315	0.335742	-0.12045	0.601315	0.335742	0	0	0	0.12045
79611	-0.413957	0.119629	-0.117827	0	0.119629	0	0.413957	0	0.117827
58	-0.480078	0.647565	0.150651	0	0.647565	0.150651	0.480078	0	0
60	-0.696017	0.137707	0.0661299	0	0.137707	0.0661299	0.696017	0	0
70	-0.579401	0.601783	0.113429	0	0.601783	0.113429	0.579401	0	0
71	-0.820902	0.186967	0.0670056	0	0.186967	0.0670056	0.820902	0	0
86	-0.067252	0.202029	-0.534981	0	0.202029	0	0.067252	0	0.534981
87	-0.361712	-0.223494	0.502475	0	0	0.502475	0.361712	0.223494	0
88	-0.196432	0.525969	0.473425	0	0.525969	0.473425	0.196432	0	0
81	0.797521	0.110289	0.155271	0.797521	0.110289	0.155271	0	0	0
55860	-0.830775	0.200272	0.110479	0	0.200272	0.110479	0.830775	0	0
10121	-0.64792	0.523057	0.198537	0	0.523057	0.198537	0.64792	0	0
10120	0.742778	-0.153098	0.358572	0.742778	0	0.358572	0	0.153098	0
10096	-0.580938	0.232748	-0.0450955	0	0.232748	0	0.580938	0	0.0450955
57180	-0.8387	0.008485	0.140261	0	0.008485	0.140261	0.8387	0	0
653857	-0.40153	0.141586	-0.442554	0	0.141586	0	0.40153	0	0.442554
79913	0.0794278	-0.596702	0.232855	0.0794278	0	0.232855	0	0.596702	0
90	0.407023	-0.0750417	-0.355435	0.407023	0	0	0	0.0750417	0.355435
130399	0.787935	0.149522	-0.142884	0.787935	0.149522	0	0	0	0.142884
92	-0.756903	-0.433824	0.147479	0	0	0.147479	0.756903	0.433824	0
93	-0.647233	-0.289067	0.212031	0	0	0.212031	0.647233	0.289067	0
94	0.331372	0.432191	-0.221023	0.331372	0.432191	0	0	0	0.221023
91703	-0.495626	0.0799598	-0.292042	0	0.0799598	0	0.495626	0	0.292042
98	0.777631	0.302628	-0.167938	0.777631	0.302628	0	0	0	0.167938
161931	0.00395687	-0.113682	-0.272415	0.00395687	0	0	0	0.113682	0.272415
8751	0.512135	-0.0582219	-0.472678	0.512135	0	0	0	0.0582219	0.472678
6868	-0.076727	-0.316446	-0.176891	0	0	0	0.076727	0.316446	0.176891
53616	0.833377	0.186555	0.196637	0.833377	0.186555	0.196637	0	0	0
8745	0.913926	0.291698	0.0755002	0.913926	0.291698	0.0755002	0	0	0
10863	-0.596368	0.0443065	-0.323316	0	0.0443065	0	0.596368	0	0.323316
101	0.563286	-0.40125	0.138386	0.563286	0	0.138386	0	0.40125	0
8754	0.57436	-0.348871	-0.020966	0.57436	0	0	0	0.348871	0.020966
11093	0.735127	-0.225503	0.0618925	0.735127	0	0.0618925	0	0.225503	0
171019	-0.673827	0.104932	-0.0687181	0	0.104932	0	0.673827	0	0.0687181
9509	0.173925	0.460265	-0.0467557	0.173925	0.460265	0	0	0	0.0467557
9508	-0.734238	0.157154	0.409143	0	0.157154	0.409143	0.734238	0	0
9507	0.231847	0.32417	-0.398959	0.231847	0.32417	0	0	0	0.398959
11096	0.764815	0.180231	0.142284	0.764815	0.180231	0.142284	0	0	0
11095	-0.535517	-0.100742	0.427525	0	0	0.427525	0.535517	0.100742	0
56999	-0.658853	0.302286	-0.390413	0	0.302286	0	0.658853	0	0.390413
92949	0.439783	-0.516328	-0.0930404	0.439783	0	0	0	0.516328	0.0930404
9719	-0.43747	0.491151	-0.14765	0	0.491151	0	0.43747	0	0.14765
57188	-0.34149	0.48199	-0.451108	0	0.48199	0	0.34149	0	0.451108
55803	-0.740865	0.057063	-0.290196	0	0.057063	0	0.740865	0	0.290196
642394	0.130337	0.497166	-0.48189	0.130337	0.497166	0	0	0	0.48189
107	0.506102	0.269131	-0.0140702	0.506102	0.269131	0	0	0	0.0140702
108	-0.69	0.315224	0.133309	0	0.315224	0.133309	0.69	0	0
109	0.511449	-0.376542	0.0473823	0.511449	0	0.0473823	0	0.376542	0
196883	0.315607	0.400793	-0.253863	0.315607	0.400793	0	0	0	0.253863
113	-0.63252	0.388174	0.330942	0	0.388174	0.330942	0.63252	0	0
114	0.104374	-0.275632	-0.488356	0.104374	0	0	0	0.275632	0.488356
115	0.864683	-0.0312228	0.0815737	0.864683	0	0.0815737	0	0.0312228	0
116	-0.0396313	0.261192	0.397807	0	0.261192	0.397807	0.0396313	0	0
117	-0.622315	-0.210522	-0.381862	0	0	0	0.622315	0.210522	0.381862
118	0.71736	-0.0525176	-0.0163958	0.71736	0	0	0	0.0525176	0.0163958
84435	0.434396	0.18762	0.202217	0.434396	0.18762	0.202217	0	0	0
25960	0.507929	0.106423	0.178269	0.507929	0.106423	0.178269	0	0	0
166647	-0.676001	0.0079057	-0.290484	0	0.0079057	0	0.676001	0	0.290484
577	-0.775613	0.0198447	0.329601	0	0.0198447	0.329601	0.775613	0	0
976	0.0520646	0.248096	-0.348011	0.0520646	0.248096	0	0	0	0.348011
221395	-0.393956	0.233796	0.191493	0	0.233796	0.191493	0.393956	0	0
9289	-0.785412	0.017129	-0.0567319	0	0.017129	0	0.785412	0	0.0567319
57211	-0.371827	-0.149171	-0.188797	0	0	0	0.371827	0.149171	0.188797
23266	0.595962	-0.435308	0.110577	0.595962	0	0.110577	0	0.435308	0
23284	-0.737807	-0.244744	0.240515	0	0	0.240515	0.737807	0.244744	0
64123	0.508195	0.247757	-0.15676	0.508195	0.247757	0	0	0	0.15676
84059	-0.79616	-0.239886	-0.126697	0	0	0	0.79616	0.239886	0.126697
128	-0.721481	-0.0428855	-0.0142321	0	0	0	0.721481	0.0428855	0.0142321
55256	-0.685683	-0.0601761	-0.293342	0	0	0	0.685683	0.0601761	0.293342
51094	-0.737748	-0.0465474	-0.0788071	0	0	0	0.737748	0.0465474	0.0788071
10974	-0.820681	-0.133749	-0.289053	0	0	0	0.820681	0.133749	0.289053
132	-0.461119	0.456592	0.0146368	0	0.456592	0.0146368	0.461119	0	0
133	0.71602	0.098421	-0.248786	0.71602	0.098421	0	0	0	0.248786
199800	-0.78006	-0.142632	0.246115	0	0	0.246115	0.78006	0.142632	0
23394	-0.298227	-0.153919	0.531446	0	0	0.531446	0.298227	0.153919	0
22850	0.372812	-0.132929	0.196044	0.372812	0	0.196044	0	0.132929	0
84890	0.798408	0.0683936	0.160328	0.798408	0.0683936	0.160328	0	0	0
136	-0.599693	0.00168633	-0.199153	0	0.00168633	0	0.599693	0	0.199153
113622	0.553551	0.630871	0.207226	0.553551	0.630871	0.207226	0	0	0
148	-0.18281	0.0632442	-0.381319	0	0.0632442	0	0.18281	0	0.381319
147	-0.749232	0.329933	0.0617279	0	0.329933	0.0617279	0.749232	0	0
146	0.462747	0.529005	0.366923	0.462747	0.529005	0.366923	0	0	0
150	0.100507	0.303597	0.0149112	0.100507	0.303597	0.0149112	0	0	0
152	-0.740683	-0.0111358	0.00535739	0	0	0.00535739	0.740683	0.0111358	0
153	0.585474	-0.414829	0.379999	0.585474	0	0.379999	0	0.414829	0
154	-0.715454	0.177236	-0.266261	0	0.177236	0	0.715454	0	0.266261
84830	-0.6488	0.506077	0.290633	0	0.506077	0.290633	0.6488	0	0
165	-0.426058	0.247398	-0.313069	0	0.247398	0	0.426058	0	0.313069
121536	0.526159	-0.286835	0.222586	0.526159	0	0.222586	0	0.286835	0
134265	0.504788	0.413934	0.147837	0.504788	0.413934	0.147837	0	0	0
84632	0.100135	0.229369	0.195606	0.100135	0.229369	0.195606	0	0	0
4301	-0.412735	0.0996674	-0.530356	0	0.0996674	0	0.412735	0	0.530356
4299	0.624139	-0.18308	-0.381911	0.624139	0	0	0	0.18308	0.381911
2334	-0.492382	-0.148341	-0.0410934	0	0	0	0.492382	0.148341	0.0410934
54812	0.737661	-0.0123056	0.202639	0.737661	0	0.202639	0	0.0123056	0
175	-0.557012	0.285392	-0.381225	0	0.285392	0	0.557012	0	0.381225
116987	-0.150597	-0.722523	-0.0674328	0	0	0	0.150597	0.722523	0.0674328
116986	-0.738333	-0.190098	0.0545471	0	0	0.0545471	0.738333	0.190098	0
116988	-0.555546	0.0346508	0.0999883	0	0.0346508	0.0999883	0.555546	0	0
3268	-0.312469	0.117959	-0.309244	0	0.117959	0	0.312469	0	0.309244
55750	0.232386	-0.236276	0.335367	0.232386	0	0.335367	0	0.236276	0
79814	-0.0895216	0.766294	0.00570623	0	0.766294	0.00570623	0.0895216	0	0
26523	0.929031	-0.149945	0.024454	0.929031	0	0.024454	0	0.149945	0
192669	0.467771	-0.3372	-0.358382	0.467771	0	0	0	0.3372	0.358382
192670	0.303354	-0.709754	0.17865	0.303354	0	0.17865	0	0.709754	0
10555	-0.604241	0.274642	0.353191	0	0.274642	0.353191	0.604241	0	0
56894	0.729551	0.314592	0.0643142	0.729551	0.314592	0.0643142	0	0	0
191	-0.621673	0.107366	-0.0170414	0	0.107366	0	0.621673	0	0.0170414
54806	0.839257	-0.358079	0.11743	0.839257	0	0.11743	0	0.358079	0
79026	-0.839231	-0.130951	-0.199723	0	0	0	0.839231	0.130951	0.199723
113146	-0.0938377	0.890384	0.1262	0	0.890384	0.1262	0.0938377	0	0
196	-0.488146	-0.372175	0.0359114	0	0	0.0359114	0.488146	0.372175	0
57491	-0.844312	-0.185435	0.153513	0	0	0.153513	0.844312	0.185435	0
197	-0.297004	0.00513999	0.352333	0	0.00513999	0.352333	0.297004	0	0
199	-0.717447	0.104822	-0.182358	0	0.104822	0	0.717447	0	0.182358
84883	-0.580932	-0.0221199	0.23537	0	0	0.23537	0.580932	0.0221199	0
150209	0.793417	0.0676481	-0.198786	0.793417	0.0676481	0	0	0	0.198786
51390	-0.430827	0.132618	-0.0397723	0	0.132618	0	0.430827	0	0.0397723
9447	-0.296418	-0.427834	-0.278604	0	0	0	0.296418	0.427834	0.278604
9049	0.413721	0.139268	0.0985757	0.413721	0.139268	0.0985757	0	0	0
326	0.0443398	0.666956	-0.335388	0.0443398	0.666956	0	0	0	0.335388
55966	-0.488595	-0.489202	0.153687	0	0	0.153687	0.488595	0.489202	0
203	0.542917	0.296253	-0.127999	0.542917	0.296253	0	0	0	0.127999
204	0.708993	0.373488	-0.303985	0.708993	0.373488	0	0	0	0.303985
205	-0.84871	-0.126914	-0.0869587	0	0	0	0.84871	0.126914	0.0869587
26289	-0.602879	-0.0376449	0.229762	0	0	0.229762	0.602879	0.0376449	0
221264	0.488096	0.429263	-0.104404	0.488096	0.429263	0	0	0	0.104404
642597	0.698078	0.293599	-0.0150688	0.698078	0.293599	0	0	0	0.0150688
8165	0.274563	-0.27256	-0.123807	0.274563	0	0	0	0.27256	0.123807
11216	0.332773	-0.144322	0.379003	0.332773	0	0.379003	0	0.144322	0
9590	0.419957	0.714818	0.0514967	0.419957	0.714818	0.0514967	0	0	0
11214	0.322857	-0.444608	0.219441	0.322857	0	0.219441	0	0.444608	0
158798	-0.865651	-0.225036	-0.0358035	0	0	0	0.865651	0.225036	0.0358035
9495	-0.698586	-0.337713	0.3096	0	0	0.3096	0.698586	0.337713	0
9465	0.1569	-0.693243	-0.167028	0.1569	0	0	0	0.693243	0.167028
10270	-0.468718	0.651473	0.325915	0	0.651473	0.325915	0.468718	0	0
55122	-0.87636	-0.0356065	0.254235	0	0	0.254235	0.87636	0.0356065	0
1645	-0.210721	0.686606	-0.20712	0	0.686606	0	0.210721	0	0.20712
8644	-0.377122	0.660826	-0.123657	0	0.660826	0	0.377122	0	0.123657
1109	-0.18918	0.718139	-0.186256	0	0.718139	0	0.18918	0	0.186256
8574	-0.692687	0.180675	-0.244596	0	0.180675	0	0.692687	0	0.244596
22977	-0.694538	0.231178	-0.195876	0	0.231178	0	0.694538	0	0.195876
84335	0.531974	0.282409	-0.331913	0.531974	0.282409	0	0	0	0.331913
10000	0.703083	-0.0979078	0.0892405	0.703083	0	0.0892405	0	0.0979078	0
214	-0.657369	-0.166056	-0.327435	0	0	0	0.657369	0.166056	0.327435
216	0.562508	0.18023	0.0375563	0.562508	0.18023	0.0375563	0	0	0
220	0.918084	-0.00588576	0.0597401	0.918084	0	0.0597401	0	0.00588576	0
219	0.583444	0.545497	-0.10888	0.583444	0.545497	0	0	0	0.10888
10840	-0.467787	-0.102837	-0.108813	0	0	0	0.467787	0.102837	0.108813
217	-0.690232	0.0416169	-0.155941	0	0.0416169	0	0.690232	0	0.155941
224	-0.41406	-0.0470231	0.401558	0	0	0.401558	0.41406	0.0470231	0
8659	-0.475379	-0.104589	-0.133752	0	0	0	0.475379	0.104589	0.133752
4329	-0.466107	0.0608044	-0.299169	0	0.0608044	0	0.466107	0	0.299169
501	-0.608584	-0.137456	-0.232547	0	0	0	0.608584	0.137456	0.232547
223	-0.735741	0.0233913	-0.296128	0	0.0233913	0	0.735741	0	0.296128
230	0.44353	0.577244	-0.145576	0.44353	0.577244	0	0	0	0.145576
84920	0.00845838	-0.484998	0.0945414	0.00845838	0	0.0945414	0	0.484998	0
144245	0.159625	-0.416099	0.258315	0.159625	0	0.258315	0	0.416099	0
85365	0.53521	-0.211153	-0.192379	0.53521	0	0	0	0.211153	0.192379
10195	0.455028	0.208987	-0.0526651	0.455028	0.208987	0	0	0	0.0526651
29880	-0.364872	0.24728	-0.389578	0	0.24728	0	0.364872	0	0.389578
79053	-0.645232	-0.0752671	-0.196981	0	0	0	0.645232	0.0752671	0.196981
238	-0.511257	0.063651	-0.275989	0	0.063651	0	0.511257	0	0.275989
285016	-0.902123	0.0384343	-0.171009	0	0.0384343	0	0.902123	0	0.171009
121642	0.459854	0.186964	0.104709	0.459854	0.186964	0.104709	0	0	0
84266	-0.535787	0.453811	-0.102944	0	0.453811	0	0.535787	0	0.102944
91801	0.578039	-0.340843	0.124611	0.578039	0	0.124611	0	0.340843	0
240	-0.677425	0.0577341	-0.264248	0	0.0577341	0	0.677425	0	0.264248
241	-0.551257	0.13709	-0.261236	0	0.13709	0	0.551257	0	0.261236
80216	-0.024583	-0.000573651	-0.373127	0	0	0	0.024583	0.000573651	0.373127
249	-0.627067	0.322915	0.313377	0	0.322915	0.313377	0.627067	0	0
57679	0.459665	-0.317942	0.291746	0.459665	0	0.291746	0	0.317942	0
259173	0.299319	0.274055	0.444439	0.299319	0.274055	0.444439	0	0	0
257	0.757813	-0.140383	-0.163222	0.757813	0	0	0	0.140383	0.163222
10189	-0.75907	-0.0502199	-0.0885435	0	0	0	0.75907	0.0502199	0.0885435
262	0.646305	-0.416493	-0.0842477	0.646305	0	0	0	0.416493	0.0842477
144193	-0.0357811	0.716919	0.0046631	0	0.716919	0.0046631	0.0357811	0	0
139285	0.654106	0.326256	0.0738989	0.654106	0.326256	0.0738989	0	0	0
268	0.547075	-0.0922615	0.11079	0.547075	0	0.11079	0	0.0922615	0
347902	-0.884532	0.25169	0.124867	0	0.25169	0.124867	0.884532	0	0
9949	0.732492	-0.366892	-0.069065	0.732492	0	0	0	0.366892	0.069065
196394	-0.660143	0.26796	0.159617	0	0.26796	0.159617	0.660143	0	0
272	0.511665	0.183995	-0.333184	0.511665	0.183995	0	0	0	0.333184
275	0.406496	-0.571069	0.0400236	0.406496	0	0.0400236	0	0.571069	0
279	0.0733496	-0.667139	0.0216691	0.0733496	0	0.0216691	0	0.667139	0
155185	-0.718181	-0.181052	-0.260802	0	0	0	0.718181	0.181052	0.260802
64682	0.462656	-0.268583	0.112846	0.462656	0	0.112846	0	0.268583	0
10393	0.454638	-0.2843	-0.0324624	0.454638	0	0	0	0.2843	0.0324624
51529	-0.592111	0.30909	0.0698991	0	0.30909	0.0698991	0.592111	0	0
29945	0.251376	-0.625483	-0.0126403	0.251376	0	0	0	0.625483	0.0126403
283	-0.439029	0.147216	-0.308869	0	0.147216	0	0.439029	0	0.308869
23357	0.113537	0.577889	-0.156629	0.113537	0.577889	0	0	0	0.156629
90806	0.128377	-0.520066	0.0386017	0.128377	0	0.0386017	0	0.520066	0
284	-0.447225	0.216799	-0.496409	0	0.216799	0	0.447225	0	0.496409
23452	0.487143	0.11392	-0.265964	0.487143	0.11392	0	0	0	0.265964
51129	-0.502777	0.105466	-0.269987	0	0.105466	0	0.502777	0	0.269987
55908	0.54278	0.118152	0.483104	0.54278	0.118152	0.483104	0	0	0
286	0.953907	0.149077	-0.0360068	0.953907	0.149077	0	0	0	0.0360068
288	-0.853882	-0.195103	0.0552266	0	0	0.0552266	0.853882	0.195103	0
348094	-0.584897	-0.38929	-0.24595	0	0	0	0.584897	0.38929	0.24595
56172	0.86554	0.0836561	0.0143802	0.86554	0.0836561	0.0143802	0	0	0
23141	-0.729887	0.181991	0.101074	0	0.181991	0.101074	0.729887	0	0
57763	-0.509012	-0.332959	-0.273997	0	0	0	0.509012	0.332959	0.273997
88455	0.579354	-0.210244	-0.424524	0.579354	0	0	0	0.210244	0.424524
54522	0.359317	-0.501047	0.0499512	0.359317	0	0.0499512	0	0.501047	0
253650	0.0241172	-0.0647624	-0.67073	0.0241172	0	0	0	0.0647624	0.67073
441459	-0.0936889	-0.541476	-0.271382	0	0	0	0.0936889	0.541476	0.271382
26287	0.568041	0.401895	0.265358	0.568041	0.401895	0.265358	0	0	0
170961	0.59539	0.0261993	0.524849	0.59539	0.0261993	0.524849	0	0	0
22852	0.497368	-0.528833	0.170617	0.497368	0	0.170617	0	0.528833	0
84079	0.211159	0.681353	0.146572	0.211159	0.681353	0.146572	0	0	0
23243	-0.140291	0.30203	0.429125	0	0.30203	0.429125	0.140291	0	0
147463	0.86019	0.270431	-0.123824	0.86019	0.270431	0	0	0	0.123824
374860	-0.596708	0.161101	0.510045	0	0.161101	0.510045	0.596708	0	0
554226	-0.51889	0.0442563	0.233928	0	0.0442563	0.233928	0.51889	0	0
651746	0.566475	-0.324559	0.445732	0.566475	0	0.445732	0	0.324559	0
390616	0.743273	0.327247	0.192013	0.743273	0.327247	0.192013	0	0	0
353322	0.710522	0.105076	-0.0685296	0.710522	0.105076	0	0	0	0.0685296
338699	0.589881	0.281566	-0.129738	0.589881	0.281566	0	0	0	0.129738
339416	-0.155042	-0.620279	-0.26227	0	0	0	0.155042	0.620279	0.26227
54851	0.164101	-0.648184	0.128306	0.164101	0	0.128306	0	0.648184	0
57182	-0.798823	0.0528176	0.113883	0	0.0528176	0.113883	0.798823	0	0
129138	-0.626417	-0.181423	-0.255787	0	0	0	0.626417	0.181423	0.255787
79722	-0.504321	0.0743425	0.316203	0	0.0743425	0.316203	0.504321	0	0
22881	-0.946027	-0.0924917	0.0365135	0	0	0.0365135	0.946027	0.0924917	0
342850	0.77958	-0.0603285	-0.219912	0.77958	0	0	0	0.0603285	0.219912
441869	0.587001	-0.288154	0.132235	0.587001	0	0.132235	0	0.288154	0
122416	0.727764	0.132716	-0.175437	0.727764	0.132716	0	0	0	0.175437
23294	0.698409	-0.0391715	-0.093715	0.698409	0	0	0	0.0391715	0.093715
56899	0.216153	-0.738005	0.182035	0.216153	0	0.182035	0	0.738005	0
124401	0.624555	-0.319234	0.0371258	0.624555	0	0.0371258	0	0.319234	0
203286	0.867907	-0.0461699	-0.0971196	0.867907	0	0	0	0.0461699	0.0971196
55139	0.509055	-0.329795	0.0507049	0.509055	0	0.0507049	0	0.329795	0
54443	0.141166	0.166344	-0.465432	0.141166	0.166344	0	0	0	0.465432
55129	-0.53401	-0.027541	-0.0244811	0	0	0	0.53401	0.027541	0.0244811
57101	-0.608895	-0.0175708	-0.110805	0	0	0	0.608895	0.0175708	0.110805
63982	-0.795946	0.298685	0.221192	0	0.298685	0.221192	0.795946	0	0
121601	0.392149	0.113291	-0.365862	0.392149	0.113291	0	0	0	0.365862
203859	0.687851	0.275481	0.389102	0.687851	0.275481	0.389102	0	0	0
50636	0.306998	0.398642	-0.0704215	0.306998	0.398642	0	0	0	0.0704215
3730	-0.717654	-0.0888439	-0.11115	0	0	0	0.717654	0.0888439	0.11115
8125	0.198462	-0.348119	-0.438568	0.198462	0	0	0	0.348119	0.438568
81611	-0.679442	-0.0260325	-0.131911	0	0	0	0.679442	0.0260325	0.131911
84168	0.637668	-0.354433	-0.101867	0.637668	0	0	0	0.354433	0.101867
118429	0.191745	0.0529566	-0.29259	0.191745	0.0529566	0	0	0	0.29259
301	-0.36622	0.222311	-0.150182	0	0.222311	0	0.36622	0	0.150182
311	-0.702691	-0.480897	0.0915278	0	0	0.0915278	0.702691	0.480897	0
302	-0.523594	0.12291	-0.465605	0	0.12291	0	0.523594	0	0.465605
306	0.489906	0.468923	-0.141747	0.489906	0.468923	0	0	0	0.141747
307	-0.0823584	0.63716	-0.449842	0	0.63716	0	0.0823584	0	0.449842
308	0.424326	0.144293	-0.644209	0.424326	0.144293	0	0	0	0.644209
309	0.63966	0.328095	0.177305	0.63966	0.328095	0.177305	0	0	0
8906	0.197096	-0.542352	0.258331	0.197096	0	0.258331	0	0.542352	0
1174	-0.638146	0.0900872	0.209421	0	0.0900872	0.209421	0.638146	0	0
8905	0.610279	0.165456	0.100678	0.610279	0.165456	0.100678	0	0	0
161	-0.808146	0.0170355	0.220746	0	0.0170355	0.220746	0.808146	0	0
163	-0.765075	0.0699559	-0.0482028	0	0.0699559	0	0.765075	0	0.0482028
1175	-0.624964	0.0882636	0.147753	0	0.0882636	0.147753	0.624964	0	0
8120	-0.691123	0.058009	0.407752	0	0.058009	0.407752	0.691123	0	0
10947	-0.710804	0.243	0.441118	0	0.243	0.441118	0.710804	0	0
1176	-0.888908	0.206257	0.0585442	0	0.206257	0.0585442	0.888908	0	0
23431	0.605517	0.08524	-0.104734	0.605517	0.08524	0	0	0	0.104734
55745	0.47744	0.242185	-0.0196716	0.47744	0.242185	0	0	0	0.0196716
55317	-0.600008	-0.110112	-0.117037	0	0	0	0.600008	0.110112	0.117037
317	-0.718628	-0.294504	-0.1226	0	0	0	0.718628	0.294504	0.1226
320	-0.528439	-0.222617	0.238914	0	0	0.238914	0.528439	0.222617	0
54518	-0.708552	-0.0550128	-0.265941	0	0	0	0.708552	0.0550128	0.265941
323	0.24788	0.413213	-0.240608	0.24788	0.413213	0	0	0	0.240608
147495	-0.611146	0.0363544	-0.287675	0	0.0363544	0	0.611146	0	0.287675
327	-0.40018	0.617447	0.363193	0	0.617447	0.363193	0.40018	0	0
27301	-0.371624	0.435097	0.180542	0	0.435097	0.180542	0.371624	0	0
8539	0.391007	-0.0963553	0.30293	0.391007	0	0.30293	0	0.0963553	0
51074	0.667742	-0.109952	-0.385826	0.667742	0	0	0	0.109952	0.385826
8862	-0.658189	0.00634213	-0.542016	0	0.00634213	0	0.658189	0	0.542016
187	-0.637043	0.0250668	-0.439853	0	0.0250668	0	0.637043	0	0.439853
57136	-0.642667	0.18596	0.328032	0	0.18596	0.328032	0.642667	0	0
341	-0.649907	-0.391559	0.0314148	0	0	0.0314148	0.649907	0.391559	0
348	-0.666009	-0.203766	-0.154876	0	0	0	0.666009	0.203766	0.154876
8542	0.660375	0.318519	0.201643	0.660375	0.318519	0.201643	0	0	0
23780	0.851269	0.335175	0.140472	0.851269	0.335175	0.140472	0	0	0
81575	0.340226	0.360661	-0.27159	0.340226	0.360661	0	0	0	0.27159
55937	-0.650797	0.133269	-0.300705	0	0.133269	0	0.650797	0	0.300705
10513	0.529786	0.194135	0.089604	0.529786	0.194135	0.089604	0	0	0
353	-0.530269	0.281533	0.154105	0	0.281533	0.154105	0.530269	0	0
358	-0.435247	0.166276	-0.465295	0	0.166276	0	0.435247	0	0.465295
361	-0.691544	0.00117537	-0.236719	0	0.00117537	0	0.691544	0	0.236719
362	-0.518982	-0.240413	-0.3159	0	0	0	0.518982	0.240413	0.3159
366	-0.532196	0.28805	0.452395	0	0.28805	0.452395	0.532196	0	0
367	0.809491	0.272206	-0.109005	0.809491	0.272206	0	0	0	0.109005
116984	0.466291	-0.0944748	0.256248	0.466291	0	0.256248	0	0.0944748	0
64411	0.348548	-0.383514	0.423051	0.348548	0	0.423051	0	0.383514	0
23237	0.772787	0.230252	0.167937	0.772787	0.230252	0.167937	0	0	0
377	-0.584655	0.0747573	0.396547	0	0.0747573	0.396547	0.584655	0	0
26286	-0.602154	-0.0627298	0.0545103	0	0	0.0545103	0.602154	0.0627298	0
10565	0.386961	-0.190707	-0.0330814	0.386961	0	0	0	0.190707	0.0330814
10564	0.632196	0.146419	-0.0675273	0.632196	0.146419	0	0	0	0.0675273
57221	-0.796965	-0.0789302	0.0986598	0	0	0.0986598	0.796965	0.0789302	0
384	0.384214	0.473083	0.0415825	0.384214	0.473083	0.0415825	0	0	0
79658	0.246817	-0.204991	0.25274	0.246817	0	0.25274	0	0.204991	0
94134	-0.823585	0.0975095	0.0828919	0	0.0975095	0.0828919	0.823585	0	0
93663	-0.667841	-0.11163	-0.10841	0	0	0	0.667841	0.11163	0.10841
58504	-0.360282	0.334056	-0.519793	0	0.334056	0	0.360282	0	0.519793
9938	-0.127331	0.795844	-0.036309	0	0.795844	0	0.127331	0	0.036309
23092	0.744475	0.164993	0.237941	0.744475	0.164993	0.237941	0	0	0
201176	0.35858	0.0523258	-0.227982	0.35858	0.0523258	0	0	0	0.227982
79822	-0.789663	0.0272362	0.329482	0	0.0272362	0.329482	0.789663	0	0
9411	0.31299	-0.284305	0.659289	0.31299	0	0.659289	0	0.284305	0
57514	-0.301394	0.323774	-0.140775	0	0.323774	0	0.301394	0	0.140775
9743	0.445947	-0.511375	0.317	0.445947	0	0.317	0	0.511375	0
115703	-0.86779	-0.0660856	0.0752119	0	0	0.0752119	0.86779	0.0660856	0
158763	-0.811169	-0.258296	-0.15256	0	0	0	0.811169	0.258296	0.15256
80728	0.786679	-0.0451798	0.101765	0.786679	0	0.101765	0	0.0451798	0
393	-0.829956	0.126808	-0.272786	0	0.126808	0	0.829956	0	0.272786
143872	-0.370855	0.427896	-0.151945	0	0.427896	0	0.370855	0	0.151945
9912	0.602966	0.356291	-0.127915	0.602966	0.356291	0	0	0	0.127915
23526	-0.563984	0.442837	-0.276423	0	0.442837	0	0.563984	0	0.276423
84837	-0.719129	-0.10983	-0.0583746	0	0	0	0.719129	0.10983	0.0583746
395	-0.769039	-0.463863	-0.195561	0	0	0	0.769039	0.463863	0.195561
64333	0.878494	0.364169	0.0605615	0.878494	0.364169	0.0605615	0	0	0
396	-0.819161	0.244305	0.0975377	0	0.244305	0.0975377	0.819161	0	0
397	-0.365366	0.289952	0.115813	0	0.289952	0.115813	0.365366	0	0
398	-0.720241	0.489341	0.252485	0	0.489341	0.252485	0.720241	0	0
9639	0.295064	0.312998	-0.361962	0.295064	0.312998	0	0	0	0.361962
55160	0.510938	0.0660831	-0.401064	0.510938	0.0660831	0	0	0	0.401064
9826	0.801871	0.000306909	0.0883167	0.801871	0.000306909	0.0883167	0	0	0
23365	0.701985	-0.196655	0.299345	0.701985	0	0.299345	0	0.196655	0
27237	0.306976	0.621745	-0.275136	0.306976	0.621745	0	0	0	0.275136
9828	0.725054	0.206412	0.0809384	0.725054	0.206412	0.0809384	0	0	0
23370	0.74906	-0.00671733	-0.00979046	0.74906	0	0	0	0.00671733	0.00979046
9181	0.429558	0.121805	0.16049	0.429558	0.121805	0.16049	0	0	0
64283	-0.87526	0.122231	-0.0168196	0	0.122231	0	0.87526	0	0.0168196
50649	-0.176781	0.587304	-0.0499029	0	0.587304	0	0.176781	0	0.0499029
55701	-0.714689	0.103738	-0.36692	0	0.103738	0	0.714689	0	0.36692
9459	0.165166	0.122004	-0.401568	0.165166	0.122004	0	0	0	0.401568
8874	0.772367	-0.212892	-0.126108	0.772367	0	0	0	0.212892	0.126108
196528	0.707515	-0.0646543	0.0418654	0.707515	0	0.0418654	0	0.0646543	0
10620	0.343682	-0.641773	-0.272533	0.343682	0	0	0	0.641773	0.272533
10865	0.0841907	0.0906032	0.612983	0.0841907	0.0906032	0.612983	0	0	0
84159	0.667234	-0.284528	-0.127833	0.667234	0	0	0	0.284528	0.127833
10425	0.786411	-0.194736	-0.120205	0.786411	0	0	0	0.194736	0.120205
285598	-0.757766	-0.396696	0.0998742	0	0	0.0998742	0.757766	0.396696	0
200894	0.601252	-0.26065	-0.306311	0.601252	0	0	0	0.26065	0.306311
54622	-0.761611	0.254154	0.127675	0	0.254154	0.127675	0.761611	0	0
339231	-0.830676	-0.0297075	0.121977	0	0	0.121977	0.830676	0.0297075	0
51326	0.0504879	-0.733271	-0.0427977	0.0504879	0	0	0	0.733271	0.0427977
23568	0.734661	-0.108374	0.0966778	0.734661	0	0.0966778	0	0.108374	0
403	-0.62184	0.445463	-0.0287523	0	0.445463	0	0.62184	0	0.0287523
10124	-0.0839841	-0.724238	0.267587	0	0	0.267587	0.0839841	0.724238	0
10123	0.648098	0.116077	0.128972	0.648098	0.116077	0.128972	0	0	0
379	0.167474	0.607381	0.23771	0.167474	0.607381	0.23771	0	0	0
26225	0.249037	-0.486431	-0.264532	0.249037	0	0	0	0.486431	0.264532
221079	0.736245	0.279857	0.214722	0.736245	0.279857	0.214722	0	0	0
84100	0.279976	0.123971	0.0980415	0.279976	0.123971	0.0980415	0	0	0
10550	0.627681	0.337572	0.299784	0.627681	0.337572	0.299784	0	0	0
132946	-0.034349	-0.76826	0.370524	0	0	0.370524	0.034349	0.76826	0
83787	-0.856086	-0.0417108	0.0568014	0	0	0.0568014	0.856086	0.0417108	0
84071	-0.557315	-0.296568	0.0684177	0	0	0.0684177	0.557315	0.296568	0
25852	0.596514	0.480232	0.441335	0.596514	0.480232	0.441335	0	0	0
80210	0.353499	-0.538708	0.0989842	0.353499	0	0.0989842	0	0.538708	0
51309	-0.811734	0.101797	0.159275	0	0.101797	0.159275	0.811734	0	0
9823	-0.808107	0.262846	0.161303	0	0.262846	0.161303	0.808107	0	0
100131755	0.619002	-0.462692	0.0369185	0.619002	0	0.0369185	0	0.462692	0
54470	0.0787682	0.518846	-0.529267	0.0787682	0.518846	0	0	0	0.529267
9915	-0.506779	-0.0726214	0.398662	0	0	0.398662	0.506779	0.0726214	0
10109	-0.709649	0.268916	0.100544	0	0.268916	0.100544	0.709649	0	0
10094	-0.660038	0.347893	0.0932284	0	0.347893	0.0932284	0.660038	0	0
10092	-0.755633	-0.0620534	-0.131542	0	0	0	0.755633	0.0620534	0.131542
10776	-0.757828	0.238135	0.403586	0	0.238135	0.403586	0.757828	0	0
10777	0.66166	-0.596295	0.19027	0.66166	0	0.19027	0	0.596295	0
408	-0.701938	-0.0892692	-0.205734	0	0	0	0.701938	0.0892692	0.205734
409	-0.714231	0.0132582	0.223405	0	0.0132582	0.223405	0.714231	0	0
22901	0.608583	-0.2026	0.332246	0.608583	0	0.332246	0	0.2026	0
79642	-0.293667	-0.147283	0.380182	0	0	0.380182	0.293667	0.147283	0
419	0.381801	-0.0465853	0.223554	0.381801	0	0.223554	0	0.0465853	0
421	-0.486975	-0.168285	0.120736	0	0	0.120736	0.486975	0.168285	0
427	-0.390254	0.0834815	-0.45344	0	0.0834815	0	0.390254	0	0.45344
56624	0.54411	-0.326808	-0.200093	0.54411	0	0	0	0.326808	0.200093
653308	0.541264	-0.3623	-0.166553	0.541264	0	0	0	0.3623	0.166553
8853	0.685968	0.338804	-0.0264051	0.685968	0.338804	0	0	0	0.0264051
55616	-0.274441	-0.0293184	-0.429671	0	0	0	0.274441	0.0293184	0.429671
51665	-0.790814	0.111208	-0.0943964	0	0.111208	0	0.790814	0	0.0943964
79754	0.931137	0.070588	0.149265	0.931137	0.070588	0.149265	0	0	0
51676	-0.204269	0.463543	0.142036	0	0.463543	0.142036	0.204269	0	0
140458	-0.6149	-0.324571	0.0740679	0	0	0.0740679	0.6149	0.324571	0
140459	-0.387378	0.633699	0.271765	0	0.633699	0.271765	0.387378	0	0
430	-0.941875	0.000713702	0.0807383	0	0.000713702	0.0807383	0.941875	0	0
432	0.453137	0.498582	0.135421	0.453137	0.498582	0.135421	0	0	0
433	0.186123	0.829145	0.236459	0.186123	0.829145	0.236459	0	0	0
55870	0.520685	-0.279586	0.16517	0.520685	0	0.16517	0	0.279586	0
9070	-0.705664	0.0628177	0.386931	0	0.0628177	0.386931	0.705664	0	0
40	-0.796592	0.203338	-0.115196	0	0.203338	0	0.796592	0	0.115196
9311	0.230081	-0.30261	0.14381	0.230081	0	0.14381	0	0.30261	0
55515	-0.209328	-0.627514	0.318746	0	0	0.318746	0.209328	0.627514	0
435	-0.63889	0.212378	0.0535129	0	0.212378	0.0535129	0.63889	0	0
54529	0.217309	0.0842423	0.224391	0.217309	0.0842423	0.224391	0	0	0
554235	0.608923	-0.00533011	0.187023	0.608923	0	0.187023	0	0.00533011	0
57168	-0.623246	-0.308988	0.342157	0	0	0.342157	0.623246	0.308988	0
151516	0.465533	-0.181891	-0.335721	0.465533	0	0	0	0.181891	0.335721
79058	0.666722	0.196045	-0.149409	0.666722	0.196045	0	0	0	0.149409
445	-0.625011	0.0821147	0.455411	0	0.0821147	0.455411	0.625011	0	0
28990	0.435067	-0.199587	0.0608279	0.435067	0	0.0608279	0	0.199587	0
460	-0.866288	-0.139736	0.135416	0	0	0.135416	0.866288	0.139736	0
23245	0.515999	0.355686	-0.287981	0.515999	0.355686	0	0	0	0.287981
55252	-0.395558	0.419225	-0.193978	0	0.419225	0	0.395558	0	0.193978
80816	-0.727433	-0.310461	0.206609	0	0	0.206609	0.727433	0.310461	0
29028	0.462786	-0.382264	-0.0274426	0.462786	0	0	0	0.382264	0.0274426
54454	0.267149	-0.391255	-0.359621	0.267149	0	0	0	0.391255	0.359621
11101	-0.567639	0.00237239	-0.167109	0	0.00237239	0	0.567639	0	0.167109
468	0.617297	0.409463	-0.0471742	0.617297	0.409463	0	0	0	0.0471742
22809	-0.548648	0.208307	-0.259425	0	0.208307	0	0.548648	0	0.259425
1388	0.509363	-0.289188	0.104833	0.509363	0	0.104833	0	0.289188	0
80063	-0.403029	-0.413463	0.348427	0	0	0.348427	0.403029	0.413463	0
55054	0.849231	-0.0279287	0.215815	0.849231	0	0.215815	0	0.0279287	0
84971	0.725855	0.319918	0.11282	0.725855	0.319918	0.11282	0	0	0
10533	-0.213794	0.310329	0.540843	0	0.310329	0.540843	0.213794	0	0
51062	-0.494389	0.227887	0.384368	0	0.227887	0.384368	0.494389	0	0
220202	-0.933821	-0.110543	0.164101	0	0	0.164101	0.933821	0.110543	0
475	-0.76957	0.0838038	-0.00711043	0	0.0838038	0	0.76957	0	0.00711043
57194	0.505513	0.237553	-0.280906	0.505513	0.237553	0	0	0	0.280906
23250	0.459436	-0.0732809	-0.326703	0.459436	0	0	0	0.0732809	0.326703
79572	0.654888	-0.257266	-0.099714	0.654888	0	0	0	0.257266	0.099714
476	0.58927	0.384365	0.182734	0.58927	0.384365	0.182734	0	0	0
478	0.616802	0.354276	0.132237	0.616802	0.354276	0.132237	0	0	0
480	0.737452	0.318303	0.0670298	0.737452	0.318303	0.0670298	0	0	0
481	0.66443	0.502302	-0.0237129	0.66443	0.502302	0	0	0	0.0237129
483	0.667334	0.307994	0.0785813	0.667334	0.307994	0.0785813	0	0	0
488	0.601552	0.332284	0.284903	0.601552	0.332284	0.284903	0	0	0
490	0.644331	0.0408539	0.477211	0.644331	0.0408539	0.477211	0	0	0
491	0.905954	-0.081984	0.139643	0.905954	0	0.139643	0	0.081984	0
492	0.85498	-0.130278	0.0595869	0.85498	0	0.0595869	0	0.130278	0
493	-0.93959	-0.0590803	0.176125	0	0	0.176125	0.93959	0.0590803	0
27032	-0.612024	-0.0108295	0.241563	0	0	0.241563	0.612024	0.0108295	0
9914	-0.495314	0.417202	-0.481369	0	0.417202	0	0.495314	0	0.481369
495	0.781896	-0.241914	0.27519	0.781896	0	0.27519	0	0.241914	0
498	0.731865	0.273085	-0.0533762	0.731865	0.273085	0	0	0	0.0533762
506	0.557401	0.512684	0.0846632	0.557401	0.512684	0.0846632	0	0	0
513	0.253329	0.622565	0.157209	0.253329	0.622565	0.157209	0	0	0
521	-0.648993	0.337907	-0.184653	0	0.337907	0	0.648993	0	0.184653
537	-0.661036	0.281282	0.231195	0	0.281282	0.231195	0.661036	0	0
23545	0.543313	0.109094	-0.159211	0.543313	0.109094	0	0	0	0.159211
50617	-0.649207	-0.0967529	-0.123597	0	0	0	0.649207	0.0967529	0.123597
9114	-0.570682	0.439665	0.21977	0	0.439665	0.21977	0.570682	0	0
8992	-0.258099	0.137722	-0.437302	0	0.137722	0	0.258099	0	0.437302
155066	-0.387456	0.503834	-0.174555	0	0.503834	0	0.387456	0	0.174555
401431	-0.554765	-0.141899	-0.127839	0	0	0	0.554765	0.141899	0.127839
523	-0.301258	0.574133	0.254257	0	0.574133	0.254257	0.301258	0	0
528	-0.813223	0.261998	0.275592	0	0.261998	0.275592	0.813223	0	0
245973	-0.57928	0.0102545	-0.297659	0	0.0102545	0	0.57928	0	0.297659
529	-0.428949	0.448781	0.192933	0	0.448781	0.192933	0.428949	0	0
90423	0.623717	-0.062573	-0.0350679	0.623717	0	0	0	0.062573	0.0350679
51606	-0.580702	0.208173	0.108557	0	0.208173	0.108557	0.580702	0	0
540	-0.473036	-0.524894	0.032543	0	0	0.032543	0.473036	0.524894	0
10396	-0.488863	-0.31829	-0.0119969	0	0	0	0.488863	0.31829	0.0119969
51761	-0.788344	0.0317371	0.0668481	0	0.0317371	0.0668481	0.788344	0	0
5205	0.750287	-0.0668737	-0.00214547	0.750287	0	0	0	0.0668737	0.00214547
57198	0.664919	-0.466607	-0.0883845	0.664919	0	0	0	0.466607	0.0883845
10079	-0.715201	0.0940176	0.31777	0	0.0940176	0.31777	0.715201	0	0
64756	0.274136	0.163417	-0.437348	0.274136	0.163417	0	0	0	0.437348
91647	0.593916	-0.0627599	-0.177303	0.593916	0	0	0	0.0627599	0.177303
26033	0.850568	0.0240631	0.377153	0.850568	0.0240631	0.377153	0	0	0
546	-0.378801	-0.360527	0.207608	0	0	0.207608	0.378801	0.360527	0
6310	0.583713	0.172025	0.375115	0.583713	0.172025	0.375115	0	0	0
25814	-0.71295	-0.102247	-0.00809767	0	0	0	0.71295	0.102247	0.00809767
11273	0.508442	-0.172378	0.100055	0.508442	0	0.100055	0	0.172378	0
4287	0.596955	0.0670712	-0.0831376	0.596955	0.0670712	0	0	0	0.0831376
6314	0.488013	-0.622699	0.0378317	0.488013	0	0.0378317	0	0.622699	0
127002	0.492275	-0.214897	0.103359	0.492275	0	0.103359	0	0.214897	0
56970	0.230314	0.48061	0.383025	0.230314	0.48061	0.383025	0	0	0
79000	-0.0181989	-0.333631	0.268388	0	0	0.268388	0.0181989	0.333631	0
26053	0.358553	-0.591763	-0.122438	0.358553	0	0	0	0.591763	0.122438
57099	0.233602	0.672632	-0.156634	0.233602	0.672632	0	0	0	0.156634
10677	-0.344247	-0.467004	-0.196215	0	0	0	0.344247	0.467004	0.196215
23080	-0.628823	-0.0755846	0.343821	0	0	0.343821	0.628823	0.0755846	0
60370	0.611255	0.349289	0.317689	0.611255	0.349289	0.317689	0	0	0
8313	-0.41272	-0.411628	0.0194997	0	0	0.0194997	0.41272	0.411628	0
563	0.537388	0.0509722	-0.307837	0.537388	0.0509722	0	0	0	0.307837
51582	-0.656189	-0.128346	0.0720696	0	0	0.0720696	0.656189	0.128346	0
567	0.0786182	0.0130917	-0.584437	0.0786182	0.0130917	0	0	0	0.584437
8706	-0.893106	-0.0595343	0.128768	0	0	0.128768	0.893106	0.0595343	0
148789	0.66528	-0.421298	-0.187984	0.66528	0	0	0	0.421298	0.187984
8707	-0.287711	0.378043	-0.103653	0	0.378043	0	0.287711	0	0.103653
126792	-0.866314	0.230089	0.0566774	0	0.230089	0.0566774	0.866314	0	0
27087	-0.7091	-0.0755828	0.0724671	0	0	0.0724671	0.7091	0.0755828	0
135152	-0.509703	-0.0861287	-0.461022	0	0	0	0.509703	0.0861287	0.461022
145173	-0.111356	0.118081	-0.35658	0	0.118081	0	0.111356	0	0.35658
10678	-0.622891	0.206722	0.254254	0	0.206722	0.254254	0.622891	0	0
79369	-0.828247	0.134674	0.181941	0	0.134674	0.181941	0.828247	0	0
84002	-0.578849	0.0910954	-0.341753	0	0.0910954	0	0.578849	0	0.341753
84752	0.479827	-0.238388	-0.425163	0.479827	0	0	0	0.238388	0.425163
2683	-0.416101	0.0242768	-0.359915	0	0.0242768	0	0.416101	0	0.359915
8704	-0.784414	0.163387	0.159726	0	0.163387	0.159726	0.784414	0	0
8703	-0.723199	0.0107129	0.223287	0	0.0107129	0.223287	0.723199	0	0
9334	-0.423807	0.104412	0.458438	0	0.104412	0.458438	0.423807	0	0
9331	0.750221	-0.030507	-0.0407515	0.750221	0	0	0	0.030507	0.0407515
11041	-0.71341	0.0770947	0.219507	0	0.0770947	0.219507	0.71341	0	0
27077	-0.928043	-0.0126541	0.16463	0	0	0.16463	0.928043	0.0126541	0
79870	-0.187302	0.255185	0.272953	0	0.255185	0.272953	0.187302	0	0
570	0.62943	-0.188019	0.138951	0.62943	0	0.138951	0	0.188019	0
9577	-0.797328	0.184867	0.226528	0	0.184867	0.226528	0.797328	0	0
23621	0.0950896	0.466795	-0.450633	0.0950896	0.466795	0	0	0	0.450633
25825	0.0676107	0.121937	-0.530241	0.0676107	0.121937	0	0	0	0.530241
60468	0.523101	-0.556946	0.198509	0.523101	0	0.198509	0	0.556946	0
572	-0.468697	0.444954	0.2874	0	0.444954	0.2874	0.468697	0	0
9532	-0.492052	0.497214	-0.0763948	0	0.497214	0	0.492052	0	0.0763948
9531	-0.466159	0.0583056	-0.515539	0	0.0583056	0	0.466159	0	0.515539
9529	0.365223	0.310944	0.474707	0.365223	0.310944	0.474707	0	0	0
57597	0.160307	-0.479443	0.242661	0.160307	0	0.242661	0	0.479443	0
10458	-0.802012	0.0284971	0.209788	0	0.0284971	0.209788	0.802012	0	0
80115	-0.301245	0.698929	0.344448	0	0.698929	0.344448	0.301245	0	0
8938	-0.902452	0.112276	0.208956	0	0.112276	0.208956	0.902452	0	0
578	0.700457	-0.101005	0.0408436	0.700457	0	0.0408436	0	0.101005	0
25805	-0.147325	0.447253	-0.506449	0	0.447253	0	0.147325	0	0.506449
55024	-0.169546	0.155809	0.461636	0	0.155809	0.461636	0.169546	0	0
580	0.0341228	-0.500136	-0.171961	0.0341228	0	0	0	0.500136	0.171961
55509	-0.859071	0.0486626	0.341628	0	0.0486626	0.341628	0.859071	0	0
9031	0.540048	0.090524	0.0978176	0.540048	0.090524	0.0978176	0	0	0
29994	-0.0959015	-0.616466	-0.0852747	0	0	0	0.0959015	0.616466	0.0852747
27113	-0.501319	-0.317807	0.38825	0	0	0.38825	0.501319	0.317807	0
8424	-0.553558	-0.0876734	-0.216742	0	0	0	0.553558	0.0876734	0.216742
79738	0.150459	-0.00408167	0.211733	0.150459	0	0.211733	0	0.00408167	0
585	-0.663643	-0.104539	-0.271188	0	0	0	0.663643	0.104539	0.271188
55212	0.843292	-0.154494	0.00332849	0.843292	0	0.00332849	0	0.154494	0
63827	-0.677601	-0.0293354	-0.238549	0	0	0	0.677601	0.0293354	0.238549
9564	0.516228	0.255757	-0.0175192	0.516228	0.255757	0	0	0	0.0175192
8412	-0.282378	-0.341931	0.422039	0	0	0.422039	0.282378	0.341931	0
8537	0.385619	0.116882	-0.434145	0.385619	0.116882	0	0	0	0.434145
586	0.743287	0.465459	-0.0627067	0.743287	0.465459	0	0	0	0.0627067
590	-0.574079	-0.105007	-0.40274	0	0	0	0.574079	0.105007	0.40274
10295	-0.764516	0.480984	0.121735	0	0.480984	0.121735	0.764516	0	0
53335	0.545939	-0.441521	0.307317	0.545939	0	0.307317	0	0.441521	0
64919	-0.25359	0.765906	-0.343613	0	0.765906	0	0.25359	0	0.343613
596	-0.273958	-0.648955	0.209354	0	0	0.209354	0.273958	0.648955	0
597	-0.843824	0.123132	-0.161844	0	0.123132	0	0.843824	0	0.161844
10017	-0.512585	-0.399545	0.273109	0	0	0.273109	0.512585	0.399545	0
23786	0.0608239	0.317985	0.0662072	0.0608239	0.317985	0.0662072	0	0	0
599	0.545862	0.296287	0.320706	0.545862	0.296287	0.320706	0	0	0
602	0.723127	0.142443	0.0262539	0.723127	0.142443	0.0262539	0	0	0
604	-0.263909	0.234312	-0.306	0	0.234312	0	0.263909	0	0.306
255877	0.479528	0.287067	-0.147486	0.479528	0.287067	0	0	0	0.147486
605	0.397497	-0.282118	0.41151	0.397497	0	0.41151	0	0.282118	0
9274	-0.664677	0.400676	-0.307462	0	0.400676	0	0.664677	0	0.307462
256643	-0.619283	-0.0183414	-0.329777	0	0	0	0.619283	0.0183414	0.329777
83875	0.673337	-0.0382536	-0.42956	0.673337	0	0	0	0.0382536	0.42956
54880	0.345007	-0.490807	0.118819	0.345007	0	0.118819	0	0.490807	0
613	-0.797027	-0.0599324	0.0986633	0	0	0.0986633	0.797027	0.0599324	0
623	0.16525	-0.305153	-0.14966	0.16525	0	0	0	0.305153	0.14966
624	-0.417242	-0.538755	0.112561	0	0	0.112561	0.417242	0.538755	0
627	-0.631177	-0.257545	0.339569	0	0	0.339569	0.631177	0.257545	0
146227	0.302379	0.0738336	0.122613	0.302379	0.0738336	0.122613	0	0	0
8678	0.643395	0.0111536	0.197999	0.643395	0.0111536	0.197999	0	0	0
57596	-0.670625	-0.17594	0.323461	0	0	0.323461	0.670625	0.17594	0
79656	0.410969	0.444546	0.520644	0.410969	0.444546	0.520644	0	0	0
221336	0.915416	0.167436	-0.0509732	0.915416	0.167436	0	0	0	0.0509732
222389	0.355372	-0.273716	-0.458805	0.355372	0	0	0	0.273716	0.458805
55859	-0.698061	-0.114338	0.327246	0	0	0.327246	0.698061	0.114338	0
84707	-0.75351	-0.0421966	0.353318	0	0	0.353318	0.75351	0.0421966	0
56271	-0.340386	-0.43889	0.0317225	0	0	0.0317225	0.340386	0.43889	0
631	-0.741931	-0.269563	0.316987	0	0	0.316987	0.741931	0.269563	0
27319	-0.113515	-0.731719	-0.288659	0	0	0	0.113515	0.731719	0.288659
8553	0.863386	0.18566	0.0968603	0.863386	0.18566	0.0968603	0	0	0
79365	0.673455	0.203232	-0.0774816	0.673455	0.203232	0	0	0	0.0774816
23743	-0.571621	0.275393	-0.0776953	0	0.275393	0	0.571621	0	0.0776953
636	0.389923	0.422359	-0.0207381	0.389923	0.422359	0	0	0	0.0207381
92558	0.211578	-0.542347	0.19977	0.211578	0	0.19977	0	0.542347	0
146439	0.715833	0.509406	0.0714212	0.715833	0.509406	0.0714212	0	0	0
23506	0.642923	-0.250038	0.197681	0.642923	0	0.197681	0	0.250038	0
637	0.860489	-0.150611	-0.0524741	0.860489	0	0	0	0.150611	0.0524741
55909	0.427445	-0.230304	0.372502	0.427445	0	0.372502	0	0.230304	0
330	-0.915951	-0.0879363	-0.0705168	0	0	0	0.915951	0.0879363	0.0705168
10904	-0.735529	-0.0716918	0.165751	0	0	0.165751	0.735529	0.0716918	0
641	-0.295436	-0.287418	0.198695	0	0	0.198695	0.295436	0.287418	0
642	0.667044	-0.0530064	0.00971917	0.667044	0	0.00971917	0	0.0530064	0
29760	-0.620586	0.0173334	-0.220844	0	0.0173334	0	0.620586	0	0.220844
26258	-0.782935	0.0550308	0.138692	0	0.0550308	0.138692	0.782935	0	0
645	-0.749278	0.106954	-0.0872539	0	0.106954	0	0.749278	0	0.0872539
650	0.206561	0.0588151	-0.241627	0.206561	0.0588151	0	0	0	0.241627
353500	0.391395	-0.137048	-0.185979	0.391395	0	0	0	0.137048	0.185979
656	0.136654	-0.0535982	-0.115271	0.136654	0	0	0	0.0535982	0.115271
658	-0.370637	-0.190031	-0.312938	0	0	0	0.370637	0.190031	0.312938
9790	0.655189	0.1659	0.108885	0.655189	0.1659	0.108885	0	0	0
663	-0.483079	-0.155923	-0.428943	0	0	0	0.483079	0.155923	0.428943
664	0.015682	0.797405	0.152242	0.015682	0.797405	0.152242	0	0	0
388962	0.564002	0.449664	0.0261255	0.564002	0.449664	0.0261255	0	0	0
118426	-0.419551	-0.0832688	0.197065	0	0	0.197065	0.419551	0.0832688	0
119032	-0.864818	-0.121929	0.0459291	0	0	0.0459291	0.864818	0.121929	0
670	-0.789934	0.213533	-0.0419271	0	0.213533	0	0.789934	0	0.0419271
673	0.773817	-0.0175385	0.0182911	0.773817	0	0.0182911	0	0.0175385	0
672	0.425733	0.103894	-0.264175	0.425733	0.103894	0	0	0	0.264175
6046	0.476709	-0.30418	-0.252307	0.476709	0	0	0	0.30418	0.252307
29117	-0.717897	0.0321104	-0.102616	0	0.0321104	0	0.717897	0	0.102616
10902	0.0445414	-0.280466	0.276189	0.0445414	0	0.276189	0	0.280466	0
283870	0.380131	-0.320545	0.207249	0.380131	0	0.207249	0	0.320545	0
1620	0.69458	-0.347839	0.316034	0.69458	0	0.316034	0	0.347839	0
57795	0.545788	-0.550309	0.28341	0.545788	0	0.28341	0	0.550309	0
339479	-0.45662	-0.283636	0.00673146	0	0	0.00673146	0.45662	0.283636	0
55845	-0.709479	0.391101	0.326721	0	0.391101	0.326721	0.709479	0	0
25855	-0.312917	0.434873	-0.268587	0	0.434873	0	0.312917	0	0.268587
84312	-0.76135	-0.00557183	0.119519	0	0	0.119519	0.76135	0.00557183	0
84446	0.661302	-0.204084	-0.0896069	0.661302	0	0	0	0.204084	0.0896069
9024	0.641095	-0.353818	0.0705992	0.641095	0	0.0705992	0	0.353818	0
54014	-0.814332	-0.0152258	0.276086	0	0	0.276086	0.814332	0.0152258	0
254065	0.675269	-0.282599	-0.0342519	0.675269	0	0	0	0.282599	0.0342519
55108	0.364407	-0.553571	0.0427329	0.364407	0	0.0427329	0	0.553571	0
8927	-0.406708	-0.273071	0.647099	0	0	0.647099	0.406708	0.273071	0
54836	-0.731835	0.30734	-0.220193	0	0.30734	0	0.731835	0	0.220193
53339	-0.456741	0.395906	0.256912	0	0.395906	0.256912	0.456741	0	0
388419	-0.197718	-0.136026	-0.543213	0	0	0	0.197718	0.136026	0.543213
22903	0.512478	-0.566452	-0.129954	0.512478	0	0	0	0.566452	0.129954
55727	-0.00143095	0.155945	0.0689949	0	0.155945	0.0689949	0.00143095	0	0
114781	-0.73908	-0.0665377	0.148894	0	0	0.148894	0.73908	0.0665377	0
685	-0.555619	0.127243	0.27963	0	0.127243	0.27963	0.555619	0	0
694	-0.199698	-0.649495	-0.182956	0	0	0	0.199698	0.649495	0.182956
10950	-0.657144	-0.596198	-0.126708	0	0	0	0.657144	0.596198	0.126708
11120	0.554534	-0.239724	-0.0978044	0.554534	0	0	0	0.239724	0.0978044
10385	0.518642	-0.177426	-0.668918	0.518642	0	0	0	0.177426	0.668918
11119	0.266408	0.300921	-0.480941	0.266408	0.300921	0	0	0	0.480941
11118	0.0508686	0.281562	-0.563994	0.0508686	0.281562	0	0	0	0.563994
10384	0.489721	0.27587	-0.345145	0.489721	0.27587	0	0	0	0.345145
153579	-0.399276	0.452602	-0.226824	0	0.452602	0	0.399276	0	0.226824
8945	-0.52092	0.267982	0.295037	0	0.267982	0.295037	0.52092	0	0
701	-0.0452547	-0.646548	0.220232	0	0	0.220232	0.0452547	0.646548	0
9184	0.42606	0.0408623	-0.140442	0.42606	0.0408623	0	0	0	0.140442
84811	0.543904	-0.357904	0.032048	0.543904	0	0.032048	0	0.357904	0
11149	0.404735	0.154983	-0.362151	0.404735	0.154983	0	0	0	0.362151
705	-0.67791	0.377676	0.229004	0	0.377676	0.229004	0.67791	0	0
28969	0.0900959	-0.41352	0.458565	0.0900959	0	0.458565	0	0.41352	0
414152	-0.403032	-0.197244	-0.586481	0	0	0	0.403032	0.197244	0.586481
53838	0.533976	0.414597	-0.0735436	0.533976	0.414597	0	0	0	0.0735436
28970	0.417044	-0.204528	-0.409178	0.417044	0	0	0	0.204528	0.409178
54494	-0.391886	-0.275366	-0.252556	0	0	0	0.391886	0.275366	0.252556
399947	-0.0608603	0.414996	0.625319	0	0.414996	0.625319	0.0608603	0	0
387763	0.0534714	0.0914101	-0.536214	0.0534714	0.0914101	0	0	0	0.536214
643037	-0.902174	0.119951	0.0611056	0	0.119951	0.0611056	0.902174	0	0
374470	-0.661875	0.244752	0.0610313	0	0.244752	0.0610313	0.661875	0	0
121273	0.635188	0.332829	0.139931	0.635188	0.332829	0.139931	0	0	0
113246	0.550293	0.036785	0.168988	0.550293	0.036785	0.168988	0	0	0
387882	-0.790627	-0.143118	-0.338575	0	0	0	0.790627	0.143118	0.338575
400073	-0.624823	0.328891	-0.23103	0	0.328891	0	0.624823	0	0.23103
55017	0.140502	0.621534	-0.0499563	0.140502	0.621534	0	0	0	0.0499563
56967	-0.466153	-0.596822	0.414098	0	0	0.414098	0.466153	0.596822	0
404550	0.535998	-0.360027	0.153934	0.535998	0	0.153934	0	0.360027	0
388272	-0.491186	0.0163391	0.395247	0	0.0163391	0.395247	0.491186	0	0
146556	-0.521738	-0.0515372	-0.162926	0	0	0	0.521738	0.0515372	0.162926
100506581	-0.511065	0.494235	0.20355	0	0.494235	0.20355	0.511065	0	0
388327	0.449617	-0.0538503	0.36756	0.449617	0	0.36756	0	0.0538503	0
339210	-0.728632	0.323194	-0.0524864	0	0.323194	0	0.728632	0	0.0524864
64149	0.863791	-0.0795473	-0.0536065	0.863791	0	0	0	0.0795473	0.0536065
83636	-0.737226	0.210083	0.237987	0	0.210083	0.237987	0.737226	0	0
148223	0.776599	-0.287939	-0.131326	0.776599	0	0	0	0.287939	0.131326
55150	0.305867	-0.189953	0.297307	0.305867	0	0.297307	0	0.189953	0
56913	-0.481741	0.104633	-0.338612	0	0.104633	0	0.481741	0	0.338612
712	-0.664692	0.132654	-0.104383	0	0.132654	0	0.664692	0	0.104383
713	-0.678708	0.124788	-0.156351	0	0.124788	0	0.678708	0	0.156351
714	-0.700431	0.0270745	-0.218963	0	0.0270745	0	0.700431	0	0.218963
10882	-0.882261	0.0896603	-0.0172619	0	0.0896603	0	0.882261	0	0.0172619
165257	-0.658034	-0.112949	0.138023	0	0	0.138023	0.658034	0.112949	0
389941	-0.875452	0.141308	0.140348	0	0.141308	0.140348	0.875452	0	0
388581	-0.540786	-0.0307876	0.186377	0	0	0.186377	0.540786	0.0307876	0
114898	-0.589436	-0.346774	0.139139	0	0	0.139139	0.589436	0.346774	0
51279	0.860425	-0.10182	0.175158	0.860425	0	0.175158	0	0.10182	0
716	-0.811062	0.154473	0.335823	0	0.154473	0.335823	0.811062	0	0
79762	-0.40548	-0.427491	0.508485	0	0	0.508485	0.40548	0.427491	0
127687	-0.663165	0.371117	-0.319444	0	0.371117	0	0.663165	0	0.319444
128346	0.440026	-0.446453	-0.233276	0.440026	0	0	0	0.446453	0.233276
284498	0.404251	-0.179758	0.322748	0.404251	0	0.322748	0	0.179758	0
81563	-0.619748	-0.120882	-0.109269	0	0	0	0.619748	0.120882	0.109269
400798	-0.684714	-0.453548	-0.0540036	0	0	0	0.684714	0.453548	0.0540036
400793	-0.710726	-0.144668	-0.287633	0	0	0	0.710726	0.144668	0.287633
79078	-0.897127	0.219126	-0.0873638	0	0.219126	0	0.897127	0	0.0873638
148423	-0.500205	0.0561421	-0.0359813	0	0.0561421	0	0.500205	0	0.0359813
79630	-0.444838	0.161799	-0.533209	0	0.161799	0	0.444838	0	0.533209
148304	-0.371167	0.310207	0.309196	0	0.310207	0.309196	0.371167	0	0
717	0.0218873	0.0109576	-0.0787449	0.0218873	0.0109576	0	0	0	0.0787449
54058	0.503348	0.159065	-0.10302	0.503348	0.159065	0	0	0	0.10302
54149	0.295716	0.0502177	-0.423331	0.295716	0.0502177	0	0	0	0.423331
84645	-0.711275	-0.0355796	-0.0639063	0	0	0	0.711275	0.0355796	0.0639063
128977	-0.715674	-0.0534841	0.00803378	0	0	0.00803378	0.715674	0.0534841	0
25966	0.190389	0.774321	0.0490682	0.190389	0.774321	0.0490682	0	0	0
9854	-0.662555	-0.277675	0.455066	0	0	0.455066	0.662555	0.277675	0
26005	0.772919	-0.180219	-0.0362876	0.772919	0	0	0	0.180219	0.0362876
126567	-0.918434	0.012462	0.277289	0	0.012462	0.277289	0.918434	0	0
9847	0.415952	-0.573818	0.131219	0.415952	0	0.131219	0	0.573818	0
388969	0.235154	-0.352182	-0.335513	0.235154	0	0	0	0.352182	0.335513
205327	-0.827046	0.057331	0.131334	0	0.057331	0.131334	0.827046	0	0
339804	-0.288023	0.00202845	0.355575	0	0.00202845	0.355575	0.288023	0	0
389073	-0.866612	-0.0936265	0.238974	0	0	0.238974	0.866612	0.0936265	0
84281	0.214365	0.176536	-0.519657	0.214365	0.176536	0	0	0	0.519657
718	-0.544077	0.179386	-0.233513	0	0.179386	0	0.544077	0	0.233513
51161	0.784079	0.411432	0.149522	0.784079	0.411432	0.149522	0	0	0
285237	0.29656	-0.627531	-0.0542755	0.29656	0	0	0	0.627531	0.0542755
285382	-0.593836	-0.169006	-0.119025	0	0	0	0.593836	0.169006	0.119025
401097	-0.0229578	0.482853	0.551529	0	0.482853	0.551529	0.0229578	0	0
401152	0.610585	-0.2556	-0.261054	0.610585	0	0	0	0.2556	0.261054
132321	0.840663	0.0167424	-0.247654	0.840663	0.0167424	0	0	0	0.247654
727	-0.523799	-0.0671231	-0.131237	0	0	0	0.523799	0.0671231	0.131237
134553	0.554619	-0.558898	-0.0488647	0.554619	0	0	0	0.558898	0.0488647
133874	0.304154	0.389354	-0.150118	0.304154	0.389354	0	0	0	0.150118
168090	-0.7651	-0.189316	-0.240627	0	0	0	0.7651	0.189316	0.240627
221545	0.517107	0.460015	0.282897	0.517107	0.460015	0.282897	0	0	0
135398	-0.664142	0.0817095	0.180588	0	0.0817095	0.180588	0.664142	0	0
57827	0.801279	-0.0821232	-0.182923	0.801279	0	0	0	0.0821232	0.182923
347744	-0.826738	0.0635295	-0.0485162	0	0.0635295	0	0.826738	0	0.0485162
136288	0.500718	-0.397354	0.154893	0.500718	0	0.154893	0	0.397354	0
65265	-0.337017	0.519546	0.00444632	0	0.519546	0.00444632	0.337017	0	0
116328	-0.695131	-0.0317381	-0.273857	0	0	0	0.695131	0.0317381	0.273857
56260	-0.537073	-0.581828	0.0645002	0	0	0.0645002	0.537073	0.581828	0
414919	-0.403094	0.520406	-0.259357	0	0.520406	0	0.403094	0	0.259357
203228	0.771465	-0.162349	0.0115867	0.771465	0	0.0115867	0	0.162349	0
56934	-0.548294	0.450945	0.479146	0	0.450945	0.479146	0.548294	0	0
770	-0.708194	-0.0946737	0.347668	0	0	0.347668	0.708194	0.0946737	0
771	-0.00101914	-0.138668	-0.729579	0	0	0	0.00101914	0.138668	0.729579
377677	0.748546	0.20073	0.0756796	0.748546	0.20073	0.0756796	0	0	0
23632	0.27887	0.230847	-0.402708	0.27887	0.230847	0	0	0	0.402708
760	0.309694	0.0633945	-0.342101	0.309694	0.0633945	0	0	0	0.342101
762	-0.270425	-0.0433622	0.651856	0	0	0.651856	0.270425	0.0433622	0
763	0.223771	0.340807	-0.148925	0.223771	0.340807	0	0	0	0.148925
11238	-0.501085	0.0392493	-0.48204	0	0.0392493	0	0.501085	0	0.48204
766	0.675571	0.0630336	0.267126	0.675571	0.0630336	0.267126	0	0	0
767	-0.52113	-0.11517	-0.152991	0	0	0	0.52113	0.11517	0.152991
51719	0.784667	0.240338	0.122235	0.784667	0.240338	0.122235	0	0	0
81617	0.459801	-0.37547	-0.0741232	0.459801	0	0	0	0.37547	0.0741232
219621	-0.757034	-0.193526	-0.170223	0	0	0	0.757034	0.193526	0.170223
91768	-0.0683306	-0.54725	0.0359785	0	0	0.0359785	0.0683306	0.54725	0
81928	0.64615	0.037614	0.241268	0.64615	0.037614	0.241268	0	0	0
9478	0.922351	0.139452	0.13276	0.922351	0.139452	0.13276	0	0	0
164633	-0.513709	0.163325	-0.351672	0	0.163325	0	0.513709	0	0.351672
26256	-0.700387	0.398247	0.223633	0	0.398247	0.223633	0.700387	0	0
57685	-0.600895	-0.0262669	-0.0381023	0	0	0	0.600895	0.0262669	0.0381023
773	0.621389	-0.353386	0.0498378	0.621389	0	0.0498378	0	0.353386	0
774	-0.198088	-0.328275	0.51809	0	0	0.51809	0.198088	0.328275	0
775	0.360856	-0.602641	0.377939	0.360856	0	0.377939	0	0.602641	0
777	-0.408441	-0.513847	-0.109896	0	0	0	0.408441	0.513847	0.109896
778	-0.332349	-0.136087	0.367417	0	0	0.367417	0.332349	0.136087	0
8913	-0.0253117	-0.302937	0.581016	0	0	0.581016	0.0253117	0.302937	0
8912	-0.830209	0.287179	-0.0447037	0	0.287179	0	0.830209	0	0.0447037
8911	0.24801	0.0108051	0.145859	0.24801	0.0108051	0.145859	0	0	0
781	-0.687288	-0.303464	0.146788	0	0	0.146788	0.687288	0.303464	0
9254	0.869095	0.251356	-0.00232302	0.869095	0.251356	0	0	0	0.00232302
55799	0.530889	0.217688	0.218974	0.530889	0.217688	0.218974	0	0	0
783	-0.278912	0.115134	0.586657	0	0.115134	0.586657	0.278912	0	0
784	-0.415156	-0.431006	0.590334	0	0	0.590334	0.415156	0.431006	0
785	0.855286	0.000531103	0.0970021	0.855286	0.000531103	0.0970021	0	0	0
786	-0.781332	-0.219039	-0.0361323	0	0	0	0.781332	0.219039	0.0361323
10369	0.672198	0.305353	0.342004	0.672198	0.305353	0.342004	0	0	0
10368	-0.725441	0.258874	0.368947	0	0.258874	0.368947	0.725441	0	0
27092	-0.669345	-0.0275836	-0.0488505	0	0	0	0.669345	0.0275836	0.0488505
59285	0.32816	0.515471	0.498598	0.32816	0.515471	0.498598	0	0	0
59283	0.583788	0.398919	0.305307	0.583788	0.398919	0.305307	0	0	0
143384	-0.719121	0.160741	0.0362204	0	0.160741	0.0362204	0.719121	0	0
23705	-0.899109	-0.262901	-0.0590986	0	0	0	0.899109	0.262901	0.0590986
57863	-0.423082	-0.403884	0.242791	0	0	0.242791	0.423082	0.403884	0
199731	0.672277	-0.00773886	-0.295602	0.672277	0	0	0	0.00773886	0.295602
8618	-0.126027	0.659343	0.0300265	0	0.659343	0.0300265	0.126027	0	0
93664	0.90837	-0.0411555	0.208103	0.90837	0	0.208103	0	0.0411555	0
793	-0.807594	0.012567	0.284295	0	0.012567	0.284295	0.807594	0	0
794	-0.631965	-0.568972	0.0826442	0	0	0.0826442	0.631965	0.568972	0
57658	0.709012	-0.0829678	0.0961887	0.709012	0	0.0961887	0	0.0829678	0
10203	-0.351627	-0.0683423	-0.000557757	0	0	0	0.351627	0.0683423	0.000557757
800	-0.354041	0.413435	-0.486451	0	0.413435	0	0.354041	0	0.486451
255022	0.0317308	0.517044	0.388634	0.0317308	0.517044	0.388634	0	0	0
51063	-0.451971	-0.0337552	0.478344	0	0	0.478344	0.451971	0.0337552	0
441168	-0.85955	-0.173726	0.0186691	0	0	0.0186691	0.85955	0.173726	0
808	-0.892105	0.237856	0.0648148	0	0.237856	0.0648148	0.892105	0	0
810	0.765035	0.153783	0.276408	0.765035	0.153783	0.276408	0	0	0
91860	0.232762	-0.620336	0.0969541	0.232762	0	0.0969541	0	0.620336	0
83698	-0.326608	-0.332834	-0.543785	0	0	0	0.326608	0.332834	0.543785
8536	0.225537	-0.616164	0.224086	0.225537	0	0.224086	0	0.616164	0
57118	0.586483	-0.376111	0.43807	0.586483	0	0.43807	0	0.376111	0
57172	-0.233033	0.570879	0.481391	0	0.570879	0.481391	0.233033	0	0
815	0.10164	-0.343283	0.55713	0.10164	0	0.55713	0	0.343283	0
817	-0.868315	-0.19148	0.258081	0	0	0.258081	0.868315	0.19148	0
818	0.830246	0.261642	-0.0623561	0.830246	0.261642	0	0	0	0.0623561
55450	-0.388027	-0.623013	0.446788	0	0	0.446788	0.388027	0.623013	0
94032	0.13357	-0.580773	0.0512453	0.13357	0	0.0512453	0	0.580773	0
814	-0.23935	-0.21439	0.734687	0	0	0.734687	0.23935	0.21439	0
84254	0.510272	-0.107881	0.49941	0.510272	0	0.49941	0	0.107881	0
10645	0.744138	0.182816	0.446628	0.744138	0.182816	0.446628	0	0	0
79012	-0.796147	-0.321628	0.373332	0	0	0.373332	0.796147	0.321628	0
819	-0.605355	-0.058326	0.080712	0	0	0.080712	0.605355	0.058326	0
157922	-0.597066	-0.431762	0.00517075	0	0	0.00517075	0.597066	0.431762	0
23261	0.809235	0.0387993	0.244645	0.809235	0.0387993	0.244645	0	0	0
23125	0.833299	-0.0821143	0.0551095	0.833299	0	0.0551095	0	0.0821143	0
821	-0.884505	-0.0624371	0.162001	0	0	0.162001	0.884505	0.0624371	0
10487	-0.759399	0.255548	-0.0327834	0	0.255548	0	0.759399	0	0.0327834
10486	-0.0262754	-0.355791	0.384363	0	0	0.384363	0.0262754	0.355791	0
822	-0.820234	0.0919918	-0.149575	0	0.0919918	0	0.820234	0	0.149575
147968	-0.469769	0.10402	0.372184	0	0.10402	0.372184	0.469769	0	0
6650	0.721154	-0.355319	-0.153223	0.721154	0	0	0	0.355319	0.153223
825	0.376549	0.17202	-0.416312	0.376549	0.17202	0	0	0	0.416312
23473	0.37354	-0.447469	-0.323857	0.37354	0	0	0	0.447469	0.323857
84698	0.613463	0.273014	0.413158	0.613463	0.273014	0.413158	0	0	0
133690	-0.907693	-0.131559	0.0161309	0	0	0.0161309	0.907693	0.131559	0
832	-0.699842	0.0425065	-0.0473459	0	0.0425065	0	0.699842	0	0.0473459
79092	0.203237	0.336321	-0.532964	0.203237	0.336321	0	0	0	0.532964
84270	0.524882	0.320184	-0.19855	0.524882	0.320184	0	0	0	0.19855
64170	0.637874	-0.377131	-0.227779	0.637874	0	0	0	0.377131	0.227779
90668	-0.799124	0.18183	-0.0444538	0	0.18183	0	0.799124	0	0.0444538
57571	0.219482	0.250243	-0.37091	0.219482	0.250243	0	0	0	0.37091
9607	-0.0385076	0.00341902	0.662491	0	0.00341902	0.662491	0.0385076	0	0
401237	0.123792	-0.431318	0.505857	0.123792	0	0.505857	0	0.431318	0
8573	-0.893821	-0.0611078	0.186565	0	0	0.186565	0.893821	0.0611078	0
834	-0.710458	0.10087	-0.084834	0	0.10087	0	0.710458	0	0.084834
836	0.483473	-0.305221	-0.019332	0.483473	0	0	0	0.305221	0.019332
838	-0.349895	-0.293425	-0.0635312	0	0	0	0.349895	0.293425	0.0635312
839	-0.553738	-0.235712	-0.184615	0	0	0	0.553738	0.235712	0.184615
9994	0.646919	-0.192831	0.159164	0.646919	0	0.159164	0	0.192831	0
844	-0.375666	0.434223	0.489198	0	0.434223	0.489198	0.375666	0	0
831	0.756219	0.428816	-0.15661	0.756219	0.428816	0	0	0	0.15661
652968	-0.635222	-0.128689	-0.227768	0	0	0	0.635222	0.128689	0.227768
729438	0.422943	-0.283226	0.0435635	0.422943	0	0.0435635	0	0.283226	0
858	-0.34759	-0.56034	-0.107222	0	0	0	0.34759	0.56034	0.107222
284119	0.333702	0.3469	-0.451424	0.333702	0.3469	0	0	0	0.451424
112464	-0.234374	-0.409521	-0.01574	0	0	0	0.234374	0.409521	0.01574
863	-0.542984	0.135272	0.203691	0	0.135272	0.203691	0.542984	0	0
865	-0.664834	-0.041324	-0.446681	0	0	0	0.664834	0.041324	0.446681
869	-0.706182	0.163494	0.242849	0	0.163494	0.242849	0.706182	0	0
147381	-0.0698148	0.805114	0.202477	0	0.805114	0.202477	0.0698148	0	0
140689	0.303147	0.0750894	0.587487	0.303147	0.0750894	0.587487	0	0	0
23468	0.341239	-0.156354	-0.0800849	0.341239	0	0	0	0.156354	0.0800849
23492	0.61412	-0.191226	0.27859	0.61412	0	0.27859	0	0.191226	0
57545	-0.409549	-0.187355	-0.189763	0	0	0	0.409549	0.187355	0.189763
387707	-0.585965	0.136507	-0.277946	0	0.136507	0	0.585965	0	0.277946
147372	-0.824107	0.256309	-0.215712	0	0.256309	0	0.824107	0	0.215712
79839	-0.209837	0.13495	0.0323522	0	0.13495	0.0323522	0.209837	0	0
388389	-0.604944	0.181983	0.0762586	0	0.181983	0.0762586	0.604944	0	0
256309	-0.283321	0.64823	0.326581	0	0.64823	0.326581	0.283321	0	0
153733	-0.755226	0.0805392	-0.0731638	0	0.0805392	0	0.755226	0	0.0731638
84317	0.686003	0.195095	0.0684653	0.686003	0.195095	0.0684653	0	0	0
151903	0.121158	-0.00333623	0.371891	0.121158	0	0.371891	0	0.00333623	0
90060	-0.242335	-0.552513	-0.0177299	0	0	0	0.242335	0.552513	0.0177299
79635	0.329412	0.213996	-0.348825	0.329412	0.213996	0	0	0	0.348825
160857	0.450821	-0.054087	-0.245214	0.450821	0	0	0	0.054087	0.245214
90693	0.613283	-0.223206	0.0367793	0.613283	0	0.0367793	0	0.223206	0
64753	0.707805	-0.343264	-0.154544	0.707805	0	0	0	0.343264	0.154544
165055	0.524242	-0.301323	-0.0802905	0.524242	0	0	0	0.301323	0.0802905
64770	-0.0349036	-0.237485	0.128558	0	0	0.128558	0.0349036	0.237485	0
57639	0.598881	-0.0553982	-0.239272	0.598881	0	0	0	0.0553982	0.239272
130940	-0.796872	-0.0622457	-0.00888623	0	0	0	0.796872	0.0622457	0.00888623
100129792	0.253446	-0.588462	-0.0177274	0.253446	0	0	0	0.588462	0.0177274
339965	-0.305058	0.124962	0.178575	0	0.124962	0.178575	0.305058	0	0
347475	0.0142379	0.440376	-0.535874	0.0142379	0.440376	0	0	0	0.535874
154467	-0.714063	0.340362	-0.136343	0	0.340362	0	0.714063	0	0.136343
203238	-0.407446	-0.579981	-0.106347	0	0	0	0.407446	0.579981	0.106347
56936	0.754578	-0.412065	0.255485	0.754578	0	0.255485	0	0.412065	0
57821	0.44296	-0.423438	0.014331	0.44296	0	0.014331	0	0.423438	0
387856	0.682488	0.207299	0.223276	0.682488	0.207299	0.223276	0	0	0
55088	0.714571	-0.0464245	0.188368	0.714571	0	0.188368	0	0.0464245	0
57577	-0.452024	-0.489562	-0.337749	0	0	0	0.452024	0.489562	0.337749
149473	-0.707792	-0.0647665	0.270528	0	0	0.270528	0.707792	0.0647665	0
55246	0.647018	0.482275	0.102511	0.647018	0.482275	0.102511	0	0	0
25901	-0.767291	-0.0321262	-0.155578	0	0	0	0.767291	0.0321262	0.155578
83643	-0.651073	0.16229	0.412239	0	0.16229	0.412239	0.651073	0	0
339829	0.888514	0.322087	-0.0636299	0.888514	0.322087	0	0	0	0.0636299
57003	0.559577	-0.160416	0.0868855	0.559577	0	0.0868855	0	0.160416	0
284001	0.587781	-0.515218	0.151102	0.587781	0	0.151102	0	0.515218	0
29080	0.0855767	-0.659959	0.0832695	0.0855767	0	0.0832695	0	0.659959	0
8030	-0.666228	-0.0721736	0.184624	0	0	0.184624	0.666228	0.0721736	0
85478	0.181179	-0.591724	-0.0196427	0.181179	0	0	0	0.591724	0.0196427
80323	-0.582264	0.235679	0.419607	0	0.235679	0.419607	0.582264	0	0
168455	-0.705176	-0.153326	0.0392532	0	0	0.0392532	0.705176	0.153326	0
84318	-0.376649	-0.0806478	-0.525529	0	0	0	0.376649	0.0806478	0.525529
124093	0.606837	0.300843	-0.140019	0.606837	0.300843	0	0	0	0.140019
83987	-0.653707	-0.130171	-0.274788	0	0	0	0.653707	0.130171	0.274788
151887	-0.0337584	0.480671	-0.36089	0	0.480671	0	0.0337584	0	0.36089
79780	0.404992	-0.352494	-0.157576	0.404992	0	0	0	0.352494	0.157576
114800	-0.40791	0.357606	0.497878	0	0.357606	0.497878	0.40791	0	0
317762	-0.858995	-0.194812	-0.0985873	0	0	0	0.858995	0.194812	0.0985873
283234	0.390217	-0.497926	-0.0673728	0.390217	0	0	0	0.497926	0.0673728
60492	-0.865731	0.109228	-0.290195	0	0.109228	0	0.865731	0	0.290195
55297	0.516191	0.0645151	-0.108323	0.516191	0.0645151	0	0	0	0.108323
80212	0.131397	0.606647	-0.0786794	0.131397	0.606647	0	0	0	0.0786794
643669	0.659515	0.166101	0.0512491	0.659515	0.166101	0.0512491	0	0	0
881	-0.536334	-0.336296	-0.0291947	0	0	0	0.536334	0.336296	0.0291947
885	-0.345232	0.402776	0.641134	0	0.402776	0.641134	0.345232	0	0
887	-0.625087	0.265349	0.492712	0	0.265349	0.492712	0.625087	0	0
6363	-0.309936	-0.214033	-0.355125	0	0	0	0.309936	0.214033	0.355125
6347	-0.308477	0.222053	-0.556148	0	0.222053	0	0.308477	0	0.556148
10850	0.796555	0.0033431	0.0109544	0.796555	0.0033431	0.0109544	0	0	0
56477	-0.718034	-0.232225	0.30908	0	0	0.30908	0.718034	0.232225	0
83605	0.476237	0.622347	0.00879734	0.476237	0.622347	0.00879734	0	0	0
8900	-0.773458	0.0827075	0.0449171	0	0.0827075	0.0449171	0.773458	0	0
891	0.412232	0.489156	0.107692	0.412232	0.489156	0.107692	0	0	0
57820	0.834365	-0.0610543	0.0301211	0.834365	0	0.0301211	0	0.0610543	0
595	0.164394	0.181513	-0.346081	0.164394	0.181513	0	0	0	0.346081
898	0.658478	0.319121	0.0721159	0.658478	0.319121	0.0721159	0	0	0
9134	0.39009	0.112862	-0.437559	0.39009	0.112862	0	0	0	0.437559
901	0.174193	-0.580202	0.380001	0.174193	0	0.380001	0	0.580202	0
902	-0.761519	0.402704	-0.0860389	0	0.402704	0	0.761519	0	0.0860389
10983	0.855474	0.242427	0.209429	0.855474	0.242427	0.209429	0	0	0
57018	0.392068	-0.523278	-0.255216	0.392068	0	0	0	0.523278	0.255216
81669	-0.39297	0.613387	0.401008	0	0.613387	0.401008	0.39297	0	0
10309	0.733102	-0.436568	0.230199	0.733102	0	0.230199	0	0.436568	0
92002	-0.525919	0.48033	0.0832193	0	0.48033	0.0832193	0.525919	0	0
904	0.608734	0.187216	-0.0550337	0.608734	0.187216	0	0	0	0.0550337
219771	-0.639817	0.496215	-0.0354575	0	0.496215	0	0.639817	0	0.0354575
151195	-0.412631	0.331211	0.37014	0	0.331211	0.37014	0.412631	0	0
1230	-0.695374	0.0688428	-0.12012	0	0.0688428	0	0.695374	0	0.12012
2826	0.667013	0.105254	0.066138	0.667013	0.105254	0.066138	0	0	0
1234	-0.521031	0.0725455	-0.107358	0	0.0725455	0	0.521031	0	0.107358
401145	0.691367	0.060164	0.199353	0.691367	0.060164	0.199353	0	0	0
54462	-0.531229	0.14159	-0.0616296	0	0.14159	0	0.531229	0	0.0616296
22948	-0.78795	0.331905	-0.0166705	0	0.331905	0	0.78795	0	0.0166705
10693	-0.308121	0.119314	-0.31861	0	0.119314	0	0.308121	0	0.31861
51622	0.204438	-0.34259	-0.179969	0.204438	0	0	0	0.34259	0.179969
929	-0.126376	0.136879	-0.0950468	0	0.136879	0	0.126376	0	0.0950468
977	-0.589097	0.312113	-0.20948	0	0.312113	0	0.589097	0	0.20948
9332	-0.614988	-0.0301055	-0.223989	0	0	0	0.614988	0.0301055	0.223989
283316	0.440269	0.209938	-0.0897716	0.440269	0.209938	0	0	0	0.0897716
8763	-0.0760432	0.58085	-0.23528	0	0.58085	0	0.0760432	0	0.23528
4345	-0.536511	-0.465762	0.463568	0	0	0.463568	0.536511	0.465762	0
10666	-0.021823	-0.0814739	-0.159855	0	0	0	0.021823	0.0814739	0.159855
51744	-0.663775	-0.220021	-0.0858265	0	0	0	0.663775	0.220021	0.0858265
919	-0.348295	-0.466753	0.251577	0	0	0.251577	0.348295	0.466753	0
57124	-0.217507	0.462422	-0.139167	0	0.462422	0	0.217507	0	0.139167
29126	0.703723	0.256358	0.0688012	0.703723	0.256358	0.0688012	0	0	0
51293	0.50091	0.506579	-0.0510265	0.50091	0.506579	0	0	0	0.0510265
945	-0.612729	0.0879274	-0.183876	0	0.0879274	0	0.612729	0	0.183876
952	-0.358556	0.389161	-0.381075	0	0.389161	0	0.358556	0	0.381075
917	0.289881	-0.240038	0.56438	0.289881	0	0.56438	0	0.240038	0
960	-0.266074	0.320528	-0.548421	0	0.320528	0	0.266074	0	0.548421
1043	-0.533011	0.305254	-0.0479436	0	0.305254	0	0.533011	0	0.0479436
963	-0.0340025	0.220504	0.450592	0	0.220504	0.450592	0.0340025	0	0
965	-0.403921	0.397199	-0.184987	0	0.397199	0	0.403921	0	0.184987
966	0.551426	0.607986	-0.011615	0.551426	0.607986	0	0	0	0.011615
923	-0.594732	0.572994	0.175893	0	0.572994	0.175893	0.594732	0	0
967	-0.769991	0.363284	-0.100531	0	0.363284	0	0.769991	0	0.100531
968	-0.595006	-0.050632	-0.198522	0	0	0	0.595006	0.050632	0.198522
972	-0.484215	-0.00399918	-0.402712	0	0	0	0.484215	0.00399918	0.402712
975	-0.675401	0.0579246	-0.12304	0	0.0579246	0	0.675401	0	0.12304
9308	-0.711651	0.404254	0.349793	0	0.404254	0.349793	0.711651	0	0
8832	-0.610171	-0.0733549	-0.296622	0	0	0	0.610171	0.0733549	0.296622
925	-0.530435	-0.0640032	0.261087	0	0	0.261087	0.530435	0.0640032	0
926	0.321755	0.493936	-0.298235	0.321755	0.493936	0	0	0	0.298235
928	0.269663	-0.0560653	-0.285934	0.269663	0	0	0	0.0560653	0.285934
83692	0.796147	0.427195	0.0810469	0.796147	0.427195	0.0810469	0	0	0
81602	0.819811	-0.0384624	-0.0426773	0.819811	0	0	0	0.0384624	0.0426773
8556	-0.486209	0.265613	-0.218151	0	0.265613	0	0.486209	0	0.218151
996	-0.592818	0.387833	0.0784782	0	0.387833	0.0784782	0.592818	0	0
997	-0.696203	0.334298	0.182732	0	0.334298	0.182732	0.696203	0	0
51362	-0.238019	0.063987	0.657867	0	0.063987	0.657867	0.238019	0	0
998	-0.758462	0.113811	0.0442835	0	0.113811	0.0442835	0.758462	0	0
8476	0.79888	-0.0678191	0.0528995	0.79888	0	0.0528995	0	0.0678191	0
9578	-0.653937	-0.0148411	0.0186218	0	0	0.0186218	0.653937	0.0148411	0
10602	0.650402	-0.08751	0.357369	0.650402	0	0.357369	0	0.08751	0
23580	-0.609192	-0.157166	-0.0355743	0	0	0	0.609192	0.157166	0.0355743
56882	0.437132	0.262788	-0.191784	0.437132	0.262788	0	0	0	0.191784
56990	-0.675065	0.292216	0.414563	0	0.292216	0.414563	0.675065	0	0
990	-0.241634	-0.147899	0.697166	0	0	0.697166	0.241634	0.147899	0
113130	0.230404	0.520809	0.595245	0.230404	0.520809	0.595245	0	0	0
83879	-0.712404	0.0450851	-0.106955	0	0.0450851	0	0.712404	0	0.106955
55143	0.473627	0.073611	0.245992	0.473627	0.073611	0.245992	0	0	0
1008	-0.783088	0.250769	0.158944	0	0.250769	0.158944	0.783088	0	0
1009	-0.747808	0.414954	-0.334628	0	0.414954	0	0.747808	0	0.334628
1010	0.419733	-0.579593	0.0658038	0.419733	0	0.0658038	0	0.579593	0
1012	-0.544033	0.383132	-0.108005	0	0.383132	0	0.544033	0	0.108005
1016	0.0872926	0.151033	0.558543	0.0872926	0.151033	0.558543	0	0	0
1000	-0.259004	-0.573851	-0.161084	0	0	0	0.259004	0.573851	0.161084
64405	0.0385979	0.265971	0.462594	0.0385979	0.265971	0.462594	0	0	0
1001	-0.552682	-0.476539	0.215265	0	0	0.215265	0.552682	0.476539	0
1002	-0.803811	-0.103949	0.214017	0	0	0.214017	0.803811	0.103949	0
1004	-0.19871	0.595742	-0.12766	0	0.595742	0	0.19871	0	0.12766
1005	0.817742	-0.179756	0.170451	0.817742	0	0.170451	0	0.179756	0
1006	-0.682788	-0.0245369	0.508272	0	0	0.508272	0.682788	0.0245369	0
1007	-0.818353	-0.117192	0.311649	0	0	0.311649	0.818353	0.117192	0
92211	-0.493906	0.447999	-0.451659	0	0.447999	0	0.493906	0	0.451659
10423	-0.210233	0.498611	0.452609	0	0.498611	0.452609	0.210233	0	0
728642	0.592842	0.0986385	0.0224583	0.592842	0.0986385	0.0224583	0	0	0
8621	0.485335	-0.582301	-0.00637686	0.485335	0	0	0	0.582301	0.00637686
5218	0.818085	0.165327	0.0225525	0.818085	0.165327	0.0225525	0	0	0
5128	-0.688142	-0.134338	0.0829933	0	0	0.0829933	0.688142	0.134338	0
5129	0.235111	0.395051	-0.455829	0.235111	0.395051	0	0	0	0.455829
23097	0.271414	-0.582562	-0.173776	0.271414	0	0	0	0.582562	0.173776
23552	-0.603113	-0.290793	0.469854	0	0	0.469854	0.603113	0.290793	0
8099	0.365766	0.542815	-0.452802	0.365766	0.542815	0	0	0	0.452802
55755	0.228799	-0.164089	-0.530356	0.228799	0	0	0	0.164089	0.530356
8814	0.659301	-0.203464	0.479693	0.659301	0	0.479693	0	0.203464	0
6792	-0.41238	-0.0848585	0.378938	0	0	0.378938	0.41238	0.0848585	0
1027	0.753701	0.0183608	-0.117055	0.753701	0.0183608	0	0	0	0.117055
1028	-0.0113516	0.280985	-0.387493	0	0.280985	0	0.0113516	0	0.387493
1029	0.421422	0.0838996	0.273971	0.421422	0.0838996	0.273971	0	0	0
55602	0.281373	-0.598539	-0.121319	0.281373	0	0	0	0.598539	0.121319
91368	-0.627474	0.141831	0.0978973	0	0.141831	0.0978973	0.627474	0	0
1031	0.687891	0.231497	-0.220297	0.687891	0.231497	0	0	0	0.220297
1032	-0.818868	0.174526	0.244292	0	0.174526	0.244292	0.818868	0	0
1036	-0.709186	0.385358	-0.00991424	0	0.385358	0	0.709186	0	0.00991424
1039	0.542483	0.0647782	0.109502	0.542483	0.0647782	0.109502	0	0	0
30850	0.87815	0.0965694	-0.230547	0.87815	0.0965694	0	0	0	0.230547
1040	0.870522	0.301339	-0.0120243	0.870522	0.301339	0	0	0	0.0120243
8760	-0.48891	-0.103768	-0.11979	0	0	0	0.48891	0.103768	0.11979
81620	0.137374	0.755862	0.130949	0.137374	0.755862	0.130949	0	0	0
124359	-0.4754	0.245775	0.477748	0	0.245775	0.477748	0.4754	0	0
56971	0.525253	-0.20067	-0.203451	0.525253	0	0	0	0.20067	0.203451
1050	-0.86353	0.0298545	0.136761	0	0.0298545	0.136761	0.86353	0	0
1052	0.000356266	-0.595373	0.327632	0.000356266	0	0.327632	0	0.595373	0
10658	-0.197641	-0.658189	0.320133	0	0	0.320133	0.197641	0.658189	0
10659	0.889767	0.267893	0.0189257	0.889767	0.267893	0.0189257	0	0	0
11189	-0.698972	-0.30341	0.0445808	0	0	0.0445808	0.698972	0.30341	0
56853	-0.779017	-0.0633374	0.345891	0	0	0.345891	0.779017	0.0633374	0
60680	-0.731481	-0.116701	0.334939	0	0	0.334939	0.731481	0.116701	0
60677	-0.617839	-0.375554	0.0628127	0	0	0.0628127	0.617839	0.375554	0
1951	0.288538	-0.396117	0.486188	0.288538	0	0.486188	0	0.396117	0
57214	0.578909	-0.172646	0.248441	0.578909	0	0.248441	0	0.172646	0
51286	0.732774	0.291145	-0.024051	0.732774	0.291145	0	0	0	0.024051
1060	0.12237	-0.733143	-0.0207694	0.12237	0	0	0	0.733143	0.0207694
1063	-0.581407	0.371261	0.0931838	0	0.371261	0.0931838	0.581407	0	0
55835	0.675361	-0.414486	0.0107737	0.675361	0	0.0107737	0	0.414486	0
55839	0.109612	0.621852	-0.0857574	0.109612	0.621852	0	0	0	0.0857574
401541	-0.678644	0.407881	-0.0632447	0	0.407881	0	0.678644	0	0.0632447
378708	-0.136198	0.292793	0.392098	0	0.292793	0.392098	0.136198	0	0
387103	-0.935045	-0.114087	0.0917841	0	0	0.0917841	0.935045	0.114087	0
9731	0.422773	0.0713847	-0.51852	0.422773	0.0713847	0	0	0	0.51852
201134	-0.183197	-0.296268	-0.160288	0	0	0	0.183197	0.296268	0.160288
153241	0.437264	-0.324362	-0.0599914	0.437264	0	0	0	0.324362	0.0599914
57562	-0.0550168	0.290366	0.0243648	0	0.290366	0.0243648	0.0550168	0	0
9662	0.483544	-0.270062	-0.246946	0.483544	0	0	0	0.270062	0.246946
22995	0.804055	-0.134601	-0.118746	0.804055	0	0	0	0.134601	0.118746
22832	-0.0500173	-0.420148	-0.168021	0	0	0	0.0500173	0.420148	0.168021
283638	-0.753303	-0.010931	0.34308	0	0	0.34308	0.753303	0.010931	0
55125	0.547191	-0.339845	-0.0424645	0.547191	0	0	0	0.339845	0.0424645
80184	0.300613	-0.133787	0.148669	0.300613	0	0.148669	0	0.133787	0
85459	0.167776	-0.515108	0.144883	0.167776	0	0.144883	0	0.515108	0
9857	0.419918	-0.192119	-0.166263	0.419918	0	0	0	0.192119	0.166263
80817	0.612651	-0.299269	-0.0332016	0.612651	0	0	0	0.299269	0.0332016
9702	0.448525	-0.496523	0.230337	0.448525	0	0.230337	0	0.496523	0
80321	-0.352648	0.47715	-0.202702	0	0.47715	0	0.352648	0	0.202702
55722	-0.566143	-0.238034	0.257892	0	0	0.257892	0.566143	0.238034	0
79959	0.387649	-0.3558	0.0603462	0.387649	0	0.0603462	0	0.3558	0
51134	-0.77975	0.0436542	-0.0414811	0	0.0436542	0	0.77975	0	0.0414811
387119	0.808387	-0.0386944	-0.0610088	0.808387	0	0	0	0.0386944	0.0610088
84902	-0.581557	-0.17735	-0.113982	0	0	0	0.581557	0.17735	0.113982
90799	0.604995	-0.459189	-0.120147	0.604995	0	0	0	0.459189	0.120147
79598	0.59561	-0.418156	-0.301768	0.59561	0	0	0	0.418156	0.301768
64781	0.838506	0.103531	-0.208188	0.838506	0.103531	0	0	0	0.208188
10715	-0.649857	0.315406	-0.0800873	0	0.315406	0	0.649857	0	0.0800873
29956	0.187334	0.166513	-0.46411	0.187334	0.166513	0	0	0	0.46411
79603	-0.486715	0.256989	-0.109647	0	0.256989	0	0.486715	0	0.109647
253782	-0.35878	0.296362	0.695233	0	0.296362	0.695233	0.35878	0	0
283848	-0.76717	-0.263053	0.0022561	0	0	0.0022561	0.76717	0.263053	0
221223	-0.547034	0.309181	-0.171982	0	0.309181	0	0.547034	0	0.171982
1069	-0.876147	0.242743	0.0871568	0	0.242743	0.0871568	0.876147	0	0
1070	-0.567485	-0.00807259	-0.350855	0	0	0	0.567485	0.00807259	0.350855
29105	-0.456384	-0.0240877	0.167882	0	0	0.167882	0.456384	0.0240877	0
200373	0.677256	0.325491	0.0270631	0.677256	0.325491	0.0270631	0	0	0
80217	-0.397748	-0.477093	-0.216507	0	0	0	0.397748	0.477093	0.216507
55779	-0.728931	-0.271734	0.0931773	0	0	0.0931773	0.728931	0.271734	0
146845	-0.759873	0.194595	0.185709	0	0.194595	0.185709	0.759873	0	0
159686	-0.500428	-0.152296	-0.40871	0	0	0	0.500428	0.152296	0.40871
26074	-0.623491	0.0197433	-0.187533	0	0.0197433	0	0.623491	0	0.187533
255101	0.496262	-0.400628	0.0198858	0.496262	0	0.0198858	0	0.400628	0
79846	0.596122	-0.37175	0.271041	0.596122	0	0.271041	0	0.37175	0
118491	-0.687194	-0.337967	-0.137638	0	0	0	0.687194	0.337967	0.137638
387885	-0.367088	-0.444523	-0.00551399	0	0	0	0.367088	0.444523	0.00551399
57587	-0.482265	-0.110113	-0.142644	0	0	0	0.482265	0.110113	0.142644
1675	-0.92503	-0.00963312	-0.118621	0	0	0	0.92503	0.00963312	0.118621
1073	0.700379	0.286892	-0.279827	0.700379	0.286892	0	0	0	0.279827
8837	-0.474023	-0.382226	-0.573145	0	0	0	0.474023	0.382226	0.573145
5199	-0.170461	-0.585283	0.0914698	0	0	0.0914698	0.170461	0.585283	0
10669	-0.840037	0.00395342	0.329708	0	0.00395342	0.329708	0.840037	0	0
9023	-0.392453	0.286795	-0.598203	0	0.286795	0	0.392453	0	0.598203
79094	0.430807	0.430892	0.0861458	0.430807	0.430892	0.0861458	0	0	0
150356	0.276323	0.199618	-0.480421	0.276323	0.199618	0	0	0	0.480421
10036	0.687025	0.282958	0.0925345	0.687025	0.282958	0.0925345	0	0	0
8208	-0.542967	-0.422876	0.439043	0	0	0.439043	0.542967	0.422876	0
400916	0.548335	0.439449	0.132777	0.548335	0.439449	0.132777	0	0	0
131474	0.226922	0.745364	0.0500023	0.226922	0.745364	0.0500023	0	0	0
84269	-0.625432	0.190879	-0.0206251	0	0.190879	0	0.625432	0	0.0206251
84303	-0.892288	0.28243	0.174155	0	0.28243	0.174155	0.892288	0	0
79145	-0.325136	0.354952	-0.170475	0	0.354952	0	0.325136	0	0.170475
1105	0.412941	-0.550216	-0.148898	0.412941	0	0	0	0.550216	0.148898
9557	0.523069	0.123308	-0.383922	0.523069	0.123308	0	0	0	0.383922
1107	-0.663224	-0.250474	-0.0834773	0	0	0	0.663224	0.250474	0.0834773
84181	0.709105	-0.016111	0.210739	0.709105	0	0.210739	0	0.016111	0
80205	0.644206	-0.124782	0.20903	0.644206	0	0.20903	0	0.124782	0
55349	-0.528104	-0.000175009	-0.243423	0	0	0	0.528104	0.000175009	0.243423
1111	-0.163297	0.478565	-0.263807	0	0.478565	0	0.163297	0	0.263807
11200	0.421766	0.485158	-0.0668936	0.421766	0.485158	0	0	0	0.0668936
55743	0.35493	-0.497259	-0.138867	0.35493	0	0	0	0.497259	0.138867
1113	0.888365	0.1574	0.105482	0.888365	0.1574	0.105482	0	0	0
1116	0.407983	-0.198009	0.458572	0.407983	0	0.458572	0	0.198009	0
53344	0.750619	-0.0454598	0.0431652	0.750619	0	0.0431652	0	0.0454598	0
66005	-0.907505	0.00358561	0.0655203	0	0.00358561	0.0655203	0.907505	0	0
10752	-0.622439	0.117656	0.490534	0	0.117656	0.490534	0.622439	0	0
1122	0.730995	-0.035903	0.438588	0.730995	0	0.438588	0	0.035903	0
5119	-0.901647	0.107011	0.0842319	0	0.107011	0.0842319	0.901647	0	0
57132	-0.603233	-0.0153812	0.0456653	0	0	0.0456653	0.603233	0.0153812	0
27243	-0.67192	0.189715	0.00542903	0	0.189715	0.00542903	0.67192	0	0
29082	-0.642935	0.370517	-0.17573	0	0.370517	0	0.642935	0	0.17573
128866	-0.224328	0.250351	0.354298	0	0.250351	0.354298	0.224328	0	0
1123	0.407029	0.180254	0.6791	0.407029	0.180254	0.6791	0	0	0
1124	0.673263	0.191541	0.00360637	0.673263	0.191541	0.00360637	0	0	0
140578	-0.489221	0.209665	-0.235997	0	0.209665	0	0.489221	0	0.235997
11261	-0.544211	0.455014	0.175781	0	0.455014	0.175781	0.544211	0	0
63928	-0.363953	0.531222	-0.405872	0	0.531222	0	0.363953	0	0.405872
56994	-0.583813	0.168802	-0.0853437	0	0.168802	0	0.583813	0	0.0853437
8646	0.725593	0.0178645	0.204926	0.725593	0.0178645	0.204926	0	0	0
91851	-0.614675	0.265102	0.128824	0	0.265102	0.128824	0.614675	0	0
1128	0.0527442	-0.0529242	0.628806	0.0527442	0	0.628806	0	0.0529242	0
1129	0.466059	-0.0406813	-0.35549	0.466059	0	0	0	0.0406813	0.35549
1131	-0.363269	0.22583	0.727577	0	0.22583	0.727577	0.363269	0	0
1135	0.61519	-0.120361	0.503775	0.61519	0	0.503775	0	0.120361	0
1136	-0.765012	-0.170068	-0.383982	0	0	0	0.765012	0.170068	0.383982
1137	-0.00320014	0.710834	-0.0111712	0	0.710834	0	0.00320014	0	0.0111712
8534	-0.855163	-0.0491875	0.247575	0	0	0.247575	0.855163	0.0491875	0
50515	-0.346804	-0.121555	-0.445439	0	0	0	0.346804	0.121555	0.445439
55501	0.574344	-0.258352	-0.234272	0.574344	0	0	0	0.258352	0.234272
113189	-0.342529	0.182948	-0.388455	0	0.182948	0	0.342529	0	0.388455
51363	-0.508097	0.620007	0.0395477	0	0.620007	0.0395477	0.508097	0	0
9435	0.237962	0.404626	-0.0448918	0.237962	0.404626	0	0	0	0.0448918
56548	-0.467478	0.254167	-0.1212	0	0.254167	0	0.467478	0	0.1212
64377	0.0681885	0.705927	-0.310478	0.0681885	0.705927	0	0	0	0.310478
83539	-0.608917	0.140012	-0.316574	0	0.140012	0	0.608917	0	0.316574
337876	-0.252493	-0.518674	0.411694	0	0	0.411694	0.252493	0.518674	0
63922	-0.444515	-0.48283	0.154197	0	0	0.154197	0.444515	0.48283	0
1147	-0.433527	-0.107331	-0.110362	0	0	0	0.433527	0.107331	0.110362
57019	0.368408	0.621579	0.234544	0.368408	0.621579	0.234544	0	0	0
10519	-0.66898	0.347235	0.0650628	0	0.347235	0.0650628	0.66898	0	0
10518	-0.711659	0.257559	-0.0640598	0	0.257559	0	0.711659	0	0.0640598
23152	-0.134851	-0.602249	-0.249	0	0	0	0.134851	0.602249	0.249
1149	0.457424	0.695951	0.0349408	0.457424	0.695951	0.0349408	0	0	0
51550	-0.413074	0.32169	-0.12553	0	0.32169	0	0.413074	0	0.12553
57650	-0.580893	0.0377442	0.00653756	0	0.0377442	0.00653756	0.580893	0	0
85457	-0.424058	0.217914	-0.370181	0	0.217914	0	0.424058	0	0.370181
1153	-0.614834	-0.0966773	0.095528	0	0	0.095528	0.614834	0.0966773	0
493856	0.75819	0.0524306	0.208774	0.75819	0.0524306	0.208774	0	0	0
284106	-0.457152	0.601898	0.0122292	0	0.601898	0.0122292	0.457152	0	0
11113	0.735994	-0.28049	0.412853	0.735994	0	0.412853	0	0.28049	0
10370	0.694966	0.0996208	0.358354	0.694966	0.0996208	0.358354	0	0	0
163732	-0.30038	-0.152325	0.639556	0	0	0.639556	0.30038	0.152325	0
26586	0.534351	0.458747	-0.054187	0.534351	0.458747	0	0	0	0.054187
548596	0.522157	0.338755	0.234818	0.522157	0.338755	0.234818	0	0	0
1159	0.915106	-0.0244353	0.122319	0.915106	0	0.122319	0	0.0244353	0
1160	0.380764	0.533568	-0.336	0.380764	0.533568	0	0	0	0.336
1163	-0.674648	0.214335	-0.186434	0	0.214335	0	0.674648	0	0.186434
122616	-0.675011	0.0952975	0.298787	0	0.0952975	0.298787	0.675011	0	0
1181	0.547105	0.0713565	-0.197151	0.547105	0.0713565	0	0	0	0.197151
1182	0.458543	0.394975	-0.0205461	0.458543	0.394975	0	0	0	0.0205461
1183	0.527706	-0.327332	0.081864	0.527706	0	0.081864	0	0.327332	0
1184	0.0635715	0.723186	-0.037191	0.0635715	0.723186	0	0	0	0.037191
1185	-0.222692	0.547437	0.0794279	0	0.547437	0.0794279	0.222692	0	0
1364	-0.416637	-0.16643	0.229009	0	0	0.229009	0.416637	0.16643	0
7122	0.341457	0.293519	-0.280922	0.341457	0.293519	0	0	0	0.280922
56650	0.174116	0.201085	-0.435922	0.174116	0.201085	0	0	0	0.435922
125875	-0.6013	0.033112	-0.0890026	0	0.033112	0	0.6013	0	0.0890026
6320	0.244646	0.587132	-0.356974	0.244646	0.587132	0	0	0	0.356974
23274	0.836341	0.0016465	-0.0471802	0.836341	0.0016465	0	0	0	0.0471802
497190	-0.244089	0.0398789	-0.471999	0	0.0398789	0	0.244089	0	0.471999
9976	0.352484	0.14229	-0.358101	0.352484	0.14229	0	0	0	0.358101
154790	0.582361	0.66682	-0.058976	0.582361	0.66682	0	0	0	0.058976
7123	0.281284	0.358915	-0.214402	0.281284	0.358915	0	0	0	0.214402
50856	-0.606833	0.0755753	-0.242863	0	0.0755753	0	0.606833	0	0.242863
339390	-0.574107	0.229361	0.251107	0	0.229361	0.251107	0.574107	0	0
10332	0.756875	0.0955115	-0.1931	0.756875	0.0955115	0	0	0	0.1931
283420	-0.480813	-0.0854418	-0.158661	0	0	0	0.480813	0.0854418	0.158661
1047	0.794801	-0.188938	-0.15192	0.794801	0	0	0	0.188938	0.15192
53405	-0.527444	0.368579	-0.145442	0	0.368579	0	0.527444	0	0.145442
79745	0.631914	0.186582	-0.35041	0.631914	0.186582	0	0	0	0.35041
1198	0.731512	0.0541881	-0.0525228	0.731512	0.0541881	0	0	0	0.0525228
57396	0.645958	-0.198801	0.15934	0.645958	0	0.15934	0	0.198801	0
79789	0.334492	-0.0878335	-0.375747	0.334492	0	0	0	0.0878335	0.375747
79827	0.73354	0.243219	-0.303243	0.73354	0.243219	0	0	0	0.303243
54982	0.701871	0.106872	0.0403094	0.701871	0.106872	0.0403094	0	0	0
81570	-0.444016	0.495027	0.243881	0	0.495027	0.243881	0.444016	0	0
8192	-0.767983	0.00147435	0.0247391	0	0.00147435	0.0247391	0.767983	0	0
1208	-0.431882	0.350456	-0.255455	0	0.350456	0	0.431882	0	0.255455
63967	-0.438672	-0.2316	0.354714	0	0	0.354714	0.438672	0.2316	0
64084	-0.235894	0.200298	-0.321908	0	0.200298	0	0.235894	0	0.321908
8218	-0.617364	0.209913	-0.0517939	0	0.209913	0	0.617364	0	0.0517939
1191	-0.546537	0.510937	0.0829229	0	0.510937	0.0829229	0.546537	0	0
157807	0.436188	-0.474166	0.203201	0.436188	0	0.203201	0	0.474166	0
134829	0.583386	-0.0493188	0.0299338	0.583386	0	0.0299338	0	0.0493188	0
171425	-0.512353	-0.0538248	0.210983	0	0	0.210983	0.512353	0.0538248	0
55907	-0.694458	0.307411	0.126411	0	0.307411	0.126411	0.694458	0	0
56942	0.620715	-0.104628	-0.126374	0.620715	0	0	0	0.104628	0.126374
100272147	-0.0982554	-0.0217752	-0.588479	0	0	0	0.0982554	0.0217752	0.588479
80790	-0.610246	-0.193368	-0.0168471	0	0	0	0.610246	0.193368	0.0168471
1240	-0.267609	-0.371317	-0.529293	0	0	0	0.267609	0.371317	0.529293
51727	0.733866	-0.093832	-0.245807	0.733866	0	0	0	0.093832	0.245807
84319	-0.872608	-0.114263	0.0349457	0	0	0.0349457	0.872608	0.114263	0
123920	-0.66799	0.057203	-0.448106	0	0.057203	0	0.66799	0	0.448106
146223	-0.665653	-0.00528331	0.209173	0	0	0.209173	0.665653	0.00528331	0
116173	0.187654	0.149291	-0.487878	0.187654	0.149291	0	0	0	0.487878
112616	-0.662655	0.114539	-0.217039	0	0.114539	0	0.662655	0	0.217039
152189	-0.779028	-0.279083	0.208658	0	0	0.208658	0.779028	0.279083	0
202333	0.773425	0.114892	-0.151888	0.773425	0.114892	0	0	0	0.151888
84735	0.553023	0.141589	-0.312981	0.553023	0.141589	0	0	0	0.312981
255919	0.655876	0.13145	0.189743	0.655876	0.13145	0.189743	0	0	0
84518	0.504331	-0.0377883	0.001033	0.504331	0	0.001033	0	0.0377883	0
1258	-0.760873	-0.0840805	0.103998	0	0	0.103998	0.760873	0.0840805	0
254263	-0.844421	0.2724	0.0930737	0	0.2724	0.0930737	0.844421	0	0
149111	-0.500409	0.473652	-0.047092	0	0.473652	0	0.500409	0	0.047092
22866	0.476185	-0.476394	0.229785	0.476185	0	0.229785	0	0.476394	0
154043	0.255479	0.454859	-0.403696	0.255479	0.454859	0	0	0	0.403696
11061	-0.705839	0.159804	-0.333393	0	0.159804	0	0.705839	0	0.333393
1265	0.101194	0.20692	-0.352485	0.101194	0.20692	0	0	0	0.352485
1266	-0.75862	-0.00409564	-0.243577	0	0	0	0.75862	0.00409564	0.243577
26507	0.671051	0.193344	0.17527	0.671051	0.193344	0.17527	0	0	0
54805	0.595089	0.463677	0.0770147	0.595089	0.463677	0.0770147	0	0	0
26504	-0.331477	-0.337282	0.402589	0	0	0.402589	0.331477	0.337282	0
25904	0.536282	-0.125922	-0.041648	0.536282	0	0	0	0.125922	0.041648
4850	-0.667121	-0.0371845	-0.102107	0	0	0	0.667121	0.0371845	0.102107
57472	0.139401	-0.369224	0.243446	0.139401	0	0.243446	0	0.369224	0
246175	0.673384	-0.450067	0.114072	0.673384	0	0.114072	0	0.450067	0
9337	0.522134	-0.061139	0.00992665	0.522134	0	0.00992665	0	0.061139	0
10330	-0.657272	-0.00392162	-0.135784	0	0	0	0.657272	0.00392162	0.135784
1268	-0.880289	0.0781554	0.0655987	0	0.0781554	0.0655987	0.880289	0	0
25927	-0.767964	-0.172128	0.26984	0	0	0.26984	0.767964	0.172128	0
163882	0.782071	-0.152201	0.149168	0.782071	0	0.149168	0	0.152201	0
54875	0.515993	-0.298411	-0.449803	0.515993	0	0	0	0.298411	0.449803
1272	-0.894469	0.0615361	0.228872	0	0.0615361	0.228872	0.894469	0	0
6900	0.456527	0.16986	-0.359376	0.456527	0.16986	0	0	0	0.359376
5067	-0.657128	-0.244614	0.297085	0	0	0.297085	0.657128	0.244614	0
152330	-0.200116	0.694102	-0.0261086	0	0.694102	0	0.200116	0	0.0261086
53942	0.130743	-0.562165	-0.172636	0.130743	0	0	0	0.562165	0.172636
27255	-0.441132	0.672332	-0.229517	0	0.672332	0	0.441132	0	0.229517
8506	0.721605	0.29902	0.233765	0.721605	0.29902	0.233765	0	0	0
26047	0.0862635	0.309322	0.531432	0.0862635	0.309322	0.531432	0	0	0
79937	-0.573387	0.217688	-0.326274	0	0.217688	0	0.573387	0	0.326274
728577	-0.33322	0.173746	-0.435234	0	0.173746	0	0.33322	0	0.435234
85445	-0.255814	0.0796708	-0.280296	0	0.0796708	0	0.255814	0	0.280296
129684	0.4548	-0.657856	-0.0226584	0.4548	0	0	0	0.657856	0.0226584
11064	0.467352	-0.501049	-0.118398	0.467352	0	0	0	0.501049	0.118398
55744	0.00477453	0.62718	0.0668751	0.00477453	0.62718	0.0668751	0	0	0
28958	-0.608207	0.248041	0.0903599	0	0.248041	0.0903599	0.608207	0	0
388753	-0.582747	0.291549	0.294414	0	0.291549	0.294414	0.582747	0	0
22837	0.454783	-0.295995	0.000850956	0.454783	0	0.000850956	0	0.295995	0
1690	-0.871347	-0.304762	-0.135286	0	0	0	0.871347	0.304762	0.135286
9382	-0.841852	-0.102126	0.125634	0	0	0.125634	0.841852	0.102126	0
22796	0.759428	-0.0289411	0.137265	0.759428	0	0.137265	0	0.0289411	0
10466	-0.799554	0.19608	0.0072058	0	0.19608	0.0072058	0.799554	0	0
1300	-0.323725	-0.0956024	0.554199	0	0	0.554199	0.323725	0.0956024	0
1301	-0.403717	0.541415	0.174414	0	0.541415	0.174414	0.403717	0	0
1302	0.356815	-0.34557	-0.0398987	0.356815	0	0	0	0.34557	0.0398987
1303	-0.255551	-0.0868853	0.484871	0	0	0.484871	0.255551	0.0868853	0
1305	0.543573	-0.36739	0.19083	0.543573	0	0.19083	0	0.36739	0
1307	-0.550009	0.406809	-0.329471	0	0.406809	0	0.550009	0	0.329471
80781	-0.0902708	0.316372	-0.565471	0	0.316372	0	0.0902708	0	0.565471
1310	0.443909	-0.191241	-0.131734	0.443909	0	0	0	0.191241	0.131734
1278	-0.181104	0.0735974	-0.368279	0	0.0735974	0	0.181104	0	0.368279
57642	-0.469074	0.366064	-0.0582085	0	0.366064	0	0.469074	0	0.0582085
81578	-0.850341	-0.131897	-0.116841	0	0	0	0.850341	0.131897	0.116841
91522	-0.556478	0.136139	0.399335	0	0.136139	0.399335	0.556478	0	0
255631	-0.123266	0.577106	0.255507	0	0.577106	0.255507	0.123266	0	0
85301	0.506584	-0.381791	0.0256477	0.506584	0	0.0256477	0	0.381791	0
1282	-0.490589	-0.0484474	-0.0902765	0	0	0	0.490589	0.0484474	0.0902765
1284	-0.489357	0.0750225	-0.170612	0	0.0750225	0	0.489357	0	0.170612
1286	0.485587	0.395184	-0.14356	0.485587	0.395184	0	0	0	0.14356
1289	0.649687	-0.593496	0.289513	0.649687	0	0.289513	0	0.593496	0
1290	0.353402	0.692161	0.300211	0.353402	0.692161	0.300211	0	0	0
1291	0.747624	0.0791341	0.215177	0.747624	0.0791341	0.215177	0	0	0
1294	0.729219	-0.142297	-0.0237026	0.729219	0	0	0	0.142297	0.0237026
1299	0.604161	0.156208	-0.23431	0.604161	0.156208	0	0	0	0.23431
399948	-0.441834	0.364794	-0.194416	0	0.364794	0	0.441834	0	0.194416
81035	0.0217033	0.344885	-0.170202	0.0217033	0.344885	0	0	0	0.170202
23127	0.0710279	0.577135	-0.286785	0.0710279	0.577135	0	0	0	0.286785
29099	-0.409931	0.57586	0.123864	0	0.57586	0.123864	0.409931	0	0
1311	-0.257414	0.188026	-0.50623	0	0.188026	0	0.257414	0	0.50623
1312	-0.396611	0.158865	-0.48974	0	0.158865	0	0.396611	0	0.48974
118881	-0.749973	0.0368502	0.0573397	0	0.0368502	0.0573397	0.749973	0	0
64326	-0.652612	-0.159566	0.309417	0	0	0.309417	0.652612	0.159566	0
1314	0.394439	0.408594	0.0130942	0.394439	0.408594	0.0130942	0	0	0
9276	-0.491518	0.586372	-0.0446882	0	0.586372	0	0.491518	0	0.0446882
55352	-0.695859	0.234518	0.19603	0	0.234518	0.19603	0.695859	0	0
51138	-0.825339	0.268968	0.0514994	0	0.268968	0.0514994	0.825339	0	0
150678	-0.072952	0.611045	0.0231566	0	0.611045	0.0231566	0.072952	0	0
22818	-0.65683	0.1851	0.144066	0	0.1851	0.144066	0.65683	0	0
51226	0.0301692	0.156119	-0.680403	0.0301692	0.156119	0	0	0	0.680403
80219	0.769488	-0.17909	-0.183559	0.769488	0	0	0	0.17909	0.183559
51805	0.634646	0.153338	0.18303	0.634646	0.153338	0.18303	0	0	0
10229	-0.550582	-0.127927	0.107212	0	0	0.107212	0.550582	0.127927	0
11151	-0.800535	-0.0103672	0.388002	0	0	0.388002	0.800535	0.0103672	0
7464	0.704973	0.419136	0.117293	0.704973	0.419136	0.117293	0	0	0
10391	0.578146	0.387158	0.156517	0.578146	0.387158	0.156517	0	0	0
84940	0.888667	0.0531456	0.105483	0.888667	0.0531456	0.105483	0	0	0
79585	0.704692	0.161926	-0.0717736	0.704692	0.161926	0	0	0	0.0717736
1325	-0.432173	0.23741	0.028204	0	0.23741	0.028204	0.432173	0	0
23406	0.375825	0.564211	-0.434032	0.375825	0.564211	0	0	0	0.434032
1352	0.526616	-0.15916	-0.178581	0.526616	0	0	0	0.15916	0.178581
1353	-0.512117	0.511924	0.000997387	0	0.511924	0.000997387	0.512117	0	0
84987	0.264498	0.304887	-0.411477	0.264498	0.304887	0	0	0	0.411477
10063	0.598965	0.500085	0.0747916	0.598965	0.500085	0.0747916	0	0	0
1327	0.0985342	0.66633	0.0402123	0.0985342	0.66633	0.0402123	0	0	0
1346	0.77278	-0.168763	0.216024	0.77278	0	0.216024	0	0.168763	0
27151	-0.90197	0.107012	-0.163257	0	0.107012	0	0.90197	0	0.163257
1363	-0.840516	0.0150598	-0.139277	0	0.0150598	0	0.840516	0	0.139277
22849	0.714943	0.140076	0.145389	0.714943	0.140076	0.145389	0	0	0
80315	0.262029	-0.381756	0.366378	0.262029	0	0.366378	0	0.381756	0
10815	0.923838	0.165667	-0.0163584	0.923838	0.165667	0	0	0	0.0163584
10814	0.628753	-0.360142	0.140482	0.628753	0	0.140482	0	0.360142	0
594855	-0.830906	-0.334558	-0.142308	0	0	0	0.830906	0.334558	0.142308
221184	-0.506261	0.0392988	-0.353889	0	0.0392988	0	0.506261	0	0.353889
8895	-0.641957	-0.328484	-0.275456	0	0	0	0.641957	0.328484	0.275456
131034	-0.140488	0.00515039	0.0710885	0	0.00515039	0.0710885	0.140488	0	0
57699	-0.757555	-0.20216	0.368547	0	0	0.368547	0.757555	0.20216	0
9362	-0.940311	-0.193846	0.0920015	0	0	0.0920015	0.940311	0.193846	0
27132	-0.888854	0.0420005	0.0456451	0	0.0420005	0.0456451	0.888854	0	0
144402	-0.303096	0.0805506	0.720676	0	0.0805506	0.720676	0.303096	0	0
151835	0.712217	-0.0932817	0.470993	0.712217	0	0.470993	0	0.0932817	0
55313	0.459293	0.403864	-0.320827	0.459293	0.403864	0	0	0	0.320827
29894	0.682507	-0.0715427	0.170748	0.682507	0	0.170748	0	0.0715427	0
11052	-0.563436	-0.332795	0.0803848	0	0	0.0803848	0.563436	0.332795	0
1374	0.240478	0.673243	-0.189528	0.240478	0.673243	0	0	0	0.189528
126129	-0.801939	-0.131996	0.0363361	0	0	0.0363361	0.801939	0.131996	0
54504	-0.509032	0.00752645	-0.49295	0	0.00752645	0	0.509032	0	0.49295
119587	0.262577	0.712226	-0.339117	0.262577	0.712226	0	0	0	0.339117
1381	0.734257	0.0533216	-0.181798	0.734257	0.0533216	0	0	0	0.181798
23418	-0.583128	0.00860028	-0.177175	0	0.00860028	0	0.583128	0	0.177175
51185	0.184451	0.273535	-0.144324	0.184451	0.273535	0	0	0	0.144324
10488	-0.589085	-0.0425462	0.0628259	0	0	0.0628259	0.589085	0.0425462	0
84699	0.0763334	0.723516	0.279781	0.0763334	0.723516	0.279781	0	0	0
153222	0.77694	-0.0569101	0.10408	0.77694	0	0.10408	0	0.0569101	0
58487	0.680957	-0.460066	0.0821108	0.680957	0	0.0821108	0	0.460066	0
8804	-0.493902	-0.452704	0.175391	0	0	0.175391	0.493902	0.452704	0
200407	-0.524348	0.107751	0.519278	0	0.107751	0.519278	0.524348	0	0
79174	-0.569475	-0.00430139	-0.113757	0	0	0	0.569475	0.00430139	0.113757
1390	-0.854753	0.238344	-0.133003	0	0.238344	0	0.854753	0	0.133003
1392	-0.0190422	0.137485	0.532854	0	0.137485	0.532854	0.0190422	0	0
1393	-0.688293	0.238282	-0.368252	0	0.238282	0	0.688293	0	0.368252
51232	-0.596796	0.102324	0.00539895	0	0.102324	0.00539895	0.596796	0	0
1397	-0.834018	0.236587	0.303707	0	0.236587	0.303707	0.834018	0	0
401262	-0.0601879	-0.800801	0.106958	0	0	0.106958	0.0601879	0.800801	0
83690	0.519269	0.309752	-0.518071	0.519269	0.309752	0	0	0	0.518071
9244	-0.421238	0.369174	0.359063	0	0.369174	0.359063	0.421238	0	0
51379	-0.492226	-0.171209	0.261694	0	0	0.261694	0.492226	0.171209	0
1400	-0.816073	-0.0523111	0.272723	0	0	0.272723	0.816073	0.0523111	0
51340	-0.484326	-0.120189	0.195098	0	0	0.195098	0.484326	0.120189	0
54677	-0.663859	0.283754	-0.130403	0	0.283754	0	0.663859	0	0.130403
55118	0.547379	0.558082	-0.0672592	0.547379	0.558082	0	0	0	0.0672592
200186	0.459512	-0.172891	-0.103121	0.459512	0	0	0	0.172891	0.103121
1407	-0.0636769	-0.418503	-0.182914	0	0	0	0.0636769	0.418503	0.182914
1408	-0.507808	-0.366783	0.463385	0	0	0.463385	0.507808	0.366783	0
1410	0.24772	0.263101	-0.43016	0.24772	0.263101	0	0	0	0.43016
1412	0.379715	0.856248	0.00263088	0.379715	0.856248	0.00263088	0	0	0
1414	0.174797	0.680205	0.132322	0.174797	0.680205	0.132322	0	0	0
131544	0.164852	0.635064	-0.530854	0.164852	0.635064	0	0	0	0.530854
1421	0.336501	0.258928	-0.402661	0.336501	0.258928	0	0	0	0.402661
1427	0.326497	-0.348094	-0.135341	0.326497	0	0	0	0.348094	0.135341
1428	-0.765804	0.0392593	0.381071	0	0.0392593	0.381071	0.765804	0	0
1429	-0.670437	0.293033	-0.126221	0	0.293033	0	0.670437	0	0.126221
9946	-0.743852	0.0649541	0.049917	0	0.0649541	0.049917	0.743852	0	0
1431	0.780667	-0.0280111	-0.0573408	0.780667	0	0	0	0.0280111	0.0573408
51380	-0.318089	-0.486063	-0.0714942	0	0	0	0.318089	0.486063	0.0714942
158511	0.276208	0.48298	-0.134513	0.276208	0.48298	0	0	0	0.134513
27254	0.726924	0.200244	-0.335816	0.726924	0.200244	0	0	0	0.335816
1436	-0.689304	0.122948	-0.195756	0	0.122948	0	0.689304	0	0.195756
55790	-0.610133	-0.200264	0.359041	0	0	0.359041	0.610133	0.200264	0
114788	-0.418556	-0.52631	0.315155	0	0	0.315155	0.418556	0.52631	0
1464	-0.643177	-0.0227361	-0.275338	0	0	0	0.643177	0.0227361	0.275338
10675	-0.440023	-0.377071	0.018406	0	0	0.018406	0.440023	0.377071	0
80034	0.41952	0.2304	0.341452	0.41952	0.2304	0.341452	0	0	0
1466	-0.0377985	0.290213	-0.576963	0	0.290213	0	0.0377985	0	0.576963
1476	-0.512849	0.274914	-0.249251	0	0.274914	0	0.512849	0	0.249251
1477	-0.326267	0.196135	0.283476	0	0.196135	0.283476	0.326267	0	0
1478	0.590638	-0.159834	0.103282	0.590638	0	0.103282	0	0.159834	0
23283	0.471256	0.319704	0.0292284	0.471256	0.319704	0.0292284	0	0	0
1479	-0.258435	-0.56944	0.325919	0	0	0.325919	0.258435	0.56944	0
80169	-0.770016	0.289245	0.28102	0	0.289245	0.28102	0.770016	0	0
58190	0.644254	-0.0950476	-0.168414	0.644254	0	0	0	0.0950476	0.168414
51496	-0.257537	-0.326346	0.308603	0	0	0.308603	0.257537	0.326346	0
1491	-0.679897	0.409342	-0.00843804	0	0.409342	0	0.679897	0	0.00843804
9811	0.816053	0.00489522	0.119254	0.816053	0.00489522	0.119254	0	0	0
1495	0.663812	-0.0515608	-0.283751	0.663812	0	0	0	0.0515608	0.283751
8727	0.559125	-0.528866	0.292598	0.559125	0	0.292598	0	0.528866	0
1499	0.0774555	-0.699035	0.165472	0.0774555	0	0.165472	0	0.699035	0
56998	-0.277468	0.443154	-0.299226	0	0.443154	0	0.277468	0	0.299226
56259	0.226796	0.421636	0.145136	0.226796	0.421636	0.145136	0	0	0
1501	-0.678315	-0.0175611	0.23904	0	0	0.23904	0.678315	0.0175611	0
56474	0.360652	-0.513206	-0.393527	0.360652	0	0	0	0.513206	0.393527
5476	0.66616	0.237858	0.052345	0.66616	0.237858	0.052345	0	0	0
1075	0.862025	-0.148085	-0.0987626	0.862025	0	0	0	0.148085	0.0987626
1512	-0.397624	0.168828	-0.242554	0	0.168828	0	0.397624	0	0.242554
1513	0.53237	-0.0829835	-0.0804124	0.53237	0	0	0	0.0829835	0.0804124
1514	0.301002	0.451192	0.0383692	0.301002	0.451192	0.0383692	0	0	0
1519	-0.698939	-0.190583	-0.302475	0	0	0	0.698939	0.190583	0.302475
1515	0.114433	0.250956	-0.424179	0.114433	0.250956	0	0	0	0.424179
1522	0.597501	0.555792	-0.328388	0.597501	0.555792	0	0	0	0.328388
83992	0.640426	-0.199684	-0.369648	0.640426	0	0	0	0.199684	0.369648
404217	-0.873008	0.0688978	0.321653	0	0.0688978	0.321653	0.873008	0	0
613212	0.127869	0.826258	0.0172192	0.127869	0.826258	0.0172192	0	0	0
8452	0.571355	0.0127665	0.369775	0.571355	0.0127665	0.369775	0	0	0
8451	-0.602289	0.251287	0.14054	0	0.251287	0.14054	0.602289	0	0
1523	0.771543	-0.373531	-0.106341	0.771543	0	0	0	0.373531	0.106341
23316	0.465436	-0.408865	0.262338	0.465436	0	0.262338	0	0.408865	0
57703	0.665397	-0.149252	-0.0241048	0.665397	0	0	0	0.149252	0.0241048
6376	-0.558185	-0.0274506	0.172867	0	0	0.172867	0.558185	0.0274506	0
1524	-0.597963	0.194261	-0.158253	0	0.194261	0	0.597963	0	0.158253
1525	-0.799128	-0.318227	-0.0986718	0	0	0	0.799128	0.318227	0.0986718
6387	0.434306	0.287295	-0.338281	0.434306	0.287295	0	0	0	0.338281
2920	-0.36384	-0.104752	-0.24639	0	0	0	0.36384	0.104752	0.24639
7852	-0.542323	0.216462	-0.581613	0	0.216462	0	0.542323	0	0.581613
80319	-0.682689	-0.0499153	0.124218	0	0	0.124218	0.682689	0.0499153	0
1534	-0.668143	0.206744	0.394165	0	0.206744	0.394165	0.668143	0	0
80777	-0.605487	0.107709	0.212892	0	0.107709	0.212892	0.605487	0	0
124936	-0.849846	0.239914	-0.0296761	0	0.239914	0	0.849846	0	0.0296761
51706	-0.846948	0.330622	-0.161731	0	0.330622	0	0.846948	0	0.161731
1727	-0.580631	0.283383	-0.3955	0	0.283383	0	0.580631	0	0.3955
51167	0.665512	-0.000173825	-0.135394	0.665512	0	0	0	0.000173825	0.135394
1536	-0.711085	0.114437	-0.131094	0	0.114437	0	0.711085	0	0.131094
1537	0.505578	0.463468	0.127249	0.505578	0.463468	0.127249	0	0	0
54205	0.304571	0.567431	-0.212793	0.304571	0.567431	0	0	0	0.212793
23191	0.31407	-0.272649	-0.194732	0.31407	0	0	0	0.272649	0.194732
114757	-0.489128	-0.112919	0.435501	0	0	0.435501	0.489128	0.112919	0
1545	-0.308049	-0.224944	0.373656	0	0	0.373656	0.308049	0.224944	0
285154	0.187854	-0.477568	0.608879	0.187854	0	0.608879	0	0.477568	0
1592	-0.677864	0.404838	-0.00889792	0	0.404838	0	0.677864	0	0.00889792
56603	0.134802	-0.329487	0.556938	0.134802	0	0.556938	0	0.329487	0
1593	0.277899	0.221228	-0.51324	0.277899	0.221228	0	0	0	0.51324
1571	0.515346	0.159765	0.482156	0.515346	0.159765	0.482156	0	0	0
10858	-0.7664	0.126034	0.293262	0	0.126034	0.293262	0.7664	0	0
285440	-0.424494	-0.0290715	-0.374589	0	0	0	0.424494	0.0290715	0.374589
260293	-0.644044	-0.272346	0.415715	0	0	0.415715	0.644044	0.272346	0
199974	-0.698741	-0.112588	0.215285	0	0	0.215285	0.698741	0.112588	0
1595	-0.341686	0.529438	-0.0668918	0	0.529438	0	0.341686	0	0.0668918
192668	-0.642264	-0.404879	0.375058	0	0	0.375058	0.642264	0.404879	0
9267	0.332914	-0.0658626	-0.357685	0.332914	0	0	0	0.0658626	0.357685
27128	-0.667813	0.0464891	-0.266686	0	0.0464891	0	0.667813	0	0.266686
54360	-0.407955	0.213318	-0.299866	0	0.213318	0	0.407955	0	0.299866
23002	-0.333112	-0.0646416	0.114107	0	0	0.114107	0.333112	0.0646416	0
1600	-0.244016	-0.208895	-0.115938	0	0	0	0.244016	0.208895	0.115938
1601	-0.351735	0.282983	-0.288705	0	0.282983	0	0.351735	0	0.288705
1602	0.121443	0.660056	0.225837	0.121443	0.660056	0.225837	0	0	0
117154	-0.878693	0.268639	0.21566	0	0.268639	0.21566	0.878693	0	0
51339	-0.814271	-0.384748	0.15327	0	0	0.15327	0.814271	0.384748	0
168002	0.73237	0.0421515	-0.128601	0.73237	0.0421515	0	0	0	0.128601
147906	-0.574503	0.398253	-0.186815	0	0.398253	0	0.574503	0	0.186815
1603	-0.489395	0.427841	-0.260885	0	0.427841	0	0.489395	0	0.260885
221955	-0.42857	-0.286584	0.42217	0	0	0.42217	0.42857	0.286584	0
1611	-0.740424	0.064101	-0.186737	0	0.064101	0	0.740424	0	0.186737
7818	-0.403977	-0.00679718	-0.291182	0	0	0	0.403977	0.00679718	0.291182
1612	0.24477	-0.358543	0.3254	0.24477	0	0.3254	0	0.358543	0
92196	-0.910011	0.0341988	-0.159316	0	0.0341988	0	0.910011	0	0.159316
164781	-0.588674	0.0599794	0.315084	0	0.0599794	0.315084	0.588674	0	0
1616	0.487417	-0.109686	0.0936066	0.487417	0	0.0936066	0	0.109686	0
26528	0.626615	-0.0883393	-0.0684026	0.626615	0	0	0	0.0883393	0.0684026
1621	-0.304736	0.106547	0.58461	0	0.106547	0.58461	0.304736	0	0
1622	-0.567285	0.257284	-0.537916	0	0.257284	0	0.567285	0	0.537916
79007	0.196898	0.50366	0.396246	0.196898	0.50366	0.396246	0	0	0
440097	-0.567208	0.269518	-0.269549	0	0.269518	0	0.567208	0	0.269549
9730	0.640314	-0.30967	-0.0544292	0.640314	0	0	0	0.30967	0.0544292
80344	-0.768746	0.161754	0.245863	0	0.161754	0.245863	0.768746	0	0
90379	-0.674067	-0.0309077	0.149967	0	0	0.149967	0.674067	0.0309077	0
54876	0.140778	-0.57302	-0.106902	0.140778	0	0	0	0.57302	0.106902
26094	-0.554122	0.0512604	0.497488	0	0.0512604	0.497488	0.554122	0	0
8816	-0.725754	-0.0145711	-0.0627762	0	0	0	0.725754	0.0145711	0.0627762
55827	0.0610425	0.231657	0.409626	0.0610425	0.231657	0.409626	0	0	0
10238	-0.768176	-0.0274387	-0.0275969	0	0	0	0.768176	0.0274387	0.0275969
347442	0.711199	-0.13936	-0.171051	0.711199	0	0	0	0.13936	0.171051
79877	-0.88709	0.00922098	0.0422261	0	0.00922098	0.0422261	0.88709	0	0
285761	0.3104	-0.373919	0.171532	0.3104	0	0.171532	0	0.373919	0
131566	0.820955	-0.103185	0.195317	0.820955	0	0.195317	0	0.103185	0
1630	0.212271	-0.113908	0.325579	0.212271	0	0.325579	0	0.113908	0
8642	-0.566184	-0.388418	-0.148623	0	0	0	0.566184	0.388418	0.148623
54798	-0.504802	0.62536	0.0370275	0	0.62536	0.0370275	0.504802	0	0
9201	0.820385	0.377321	-0.133808	0.820385	0.377321	0	0	0	0.133808
166614	-0.781774	0.119021	0.255245	0	0.119021	0.255245	0.781774	0	0
85443	-0.432535	-0.679456	0.111523	0	0	0.111523	0.432535	0.679456	0
9937	0.690945	0.00353035	0.294219	0.690945	0.00353035	0.294219	0	0	0
1634	-0.531032	0.090607	-0.341563	0	0.090607	0	0.531032	0	0.341563
55802	0.776473	-0.329664	0.000441959	0.776473	0	0.000441959	0	0.329664	0
167227	-0.479076	0.18754	0.499873	0	0.18754	0.499873	0.479076	0	0
28960	0.729001	-0.0877144	0.153165	0.729001	0	0.153165	0	0.0877144	0
81501	-0.33627	0.0616577	0.121108	0	0.0616577	0.121108	0.33627	0	0
1635	-0.564867	0.18484	0.0737314	0	0.18484	0.0737314	0.564867	0	0
100189589	0.543691	0.0385959	0.0114946	0.543691	0.0385959	0.0114946	0	0	0
79077	-0.657409	0.236914	0.294267	0	0.236914	0.294267	0.657409	0	0
54165	0.657789	0.377003	0.227904	0.657789	0.377003	0.227904	0	0	0
55208	0.875571	0.0658899	0.0592746	0.875571	0.0658899	0.0592746	0	0	0
123879	0.10357	0.426356	0.345156	0.10357	0.426356	0.345156	0	0	0
23142	0.239252	0.489392	0.26245	0.239252	0.489392	0.26245	0	0	0
84259	-0.603211	0.404555	-0.0303889	0	0.404555	0	0.603211	0	0.0303889
51181	0.380733	0.381624	-0.280505	0.380733	0.381624	0	0	0	0.280505
79016	-0.834959	0.1543	0.0934326	0	0.1543	0.0934326	0.834959	0	0
23576	-0.773771	0.390879	0.0450451	0	0.390879	0.0450451	0.773771	0	0
23564	-0.881422	0.0295137	-0.284231	0	0.0295137	0	0.881422	0	0.284231
1643	0.220986	-0.00229485	-0.351569	0.220986	0	0	0	0.00229485	0.351569
80821	0.508832	0.245028	0.190508	0.508832	0.245028	0.190508	0	0	0
23259	0.882242	0.0100779	-0.0495247	0.882242	0.0100779	0	0	0	0.0495247
115265	-0.492521	-0.0116414	0.157859	0	0	0.157859	0.492521	0.0116414	0
23109	-0.780418	-0.165852	0.200094	0	0	0.200094	0.780418	0.165852	0
4921	-0.271077	0.168746	-0.399212	0	0.168746	0	0.271077	0	0.399212
65992	-0.757175	0.0281162	0.351912	0	0.0281162	0.351912	0.757175	0	0
1653	0.19994	0.582186	0.336849	0.19994	0.582186	0.336849	0	0	0
1662	-0.714338	0.281072	0.363602	0	0.281072	0.363602	0.714338	0	0
1663	0.702499	-0.0801967	-0.136793	0.702499	0	0	0	0.0801967	0.136793
29118	-0.687644	-0.0413462	0.398708	0	0	0.398708	0.687644	0.0413462	0
10212	0.322558	0.191734	-0.365321	0.322558	0.191734	0	0	0	0.365321
1654	0.775128	-0.19856	-0.061866	0.775128	0	0	0	0.19856	0.061866
8653	0.630917	-0.306707	-0.0619222	0.630917	0	0	0	0.306707	0.0619222
9879	0.624135	-0.32884	-0.0498548	0.624135	0	0	0	0.32884	0.0498548
1655	0.0809947	-0.577867	-0.122434	0.0809947	0	0	0	0.577867	0.122434
11056	0.419478	0.223338	0.0118323	0.419478	0.223338	0.0118323	0	0	0
79039	-0.68422	-0.490808	0.227249	0	0	0.227249	0.68422	0.490808	0
57696	0.623945	-0.343304	-0.0417685	0.623945	0	0	0	0.343304	0.0417685
10522	-0.825245	-0.0977255	-0.132028	0	0	0	0.825245	0.0977255	0.132028
26063	-0.536437	-0.347987	0.430391	0	0	0.430391	0.536437	0.347987	0
644414	0.802067	0.048723	0.152801	0.802067	0.048723	0.152801	0	0	0
8560	-0.601085	0.0487218	-0.101841	0	0.0487218	0	0.601085	0	0.101841
57706	-0.648254	-0.20885	0.230188	0	0	0.230188	0.648254	0.20885	0
163486	0.859398	0.0921199	0.042607	0.859398	0.0921199	0.042607	0	0	0
79958	-0.621331	0.0339376	0.0725276	0	0.0339376	0.0725276	0.621331	0	0
27147	-0.586863	0.189074	-0.32391	0	0.189074	0	0.586863	0	0.32391
163259	-0.580335	-0.253533	-0.331685	0	0	0	0.580335	0.253533	0.331685
79961	0.36248	0.743851	0.287174	0.36248	0.743851	0.287174	0	0	0
22898	-0.098185	0.0954464	0.405072	0	0.0954464	0.405072	0.098185	0	0
10260	0.557591	-0.354917	0.362386	0.557591	0	0.362386	0	0.354917	0
9909	0.692807	-0.0198249	-0.110677	0.692807	0	0	0	0.0198249	0.110677
55667	0.538187	-0.195358	-0.328421	0.538187	0	0	0	0.195358	0.328421
160518	0.548014	0.164856	0.177231	0.548014	0.164856	0.177231	0	0	0
201627	0.646019	-0.23987	-0.227124	0.646019	0	0	0	0.23987	0.227124
414918	-0.659459	0.106081	0.15344	0	0.106081	0.15344	0.659459	0	0
8562	-0.739874	0.0322476	0.147018	0	0.0322476	0.147018	0.739874	0	0
55635	0.179821	-0.406002	-0.0305663	0.179821	0	0	0	0.406002	0.0305663
9681	0.560389	0.169991	0.465257	0.560389	0.169991	0.465257	0	0	0
64798	0.696958	0.0738113	-0.141553	0.696958	0.0738113	0	0	0	0.141553
79139	-0.593524	-0.545944	-0.176341	0	0	0	0.593524	0.545944	0.176341
51009	-0.784324	0.0794122	-0.0909008	0	0.0794122	0	0.784324	0	0.0909008
91319	-0.395745	-0.407058	0.0384004	0	0	0.0384004	0.395745	0.407058	0
55070	0.42417	0.031965	0.120082	0.42417	0.031965	0.120082	0	0	0
28955	0.828377	0.36854	0.0173863	0.828377	0.36854	0.0173863	0	0	0
84649	-0.552631	0.152413	0.156407	0	0.152413	0.156407	0.552631	0	0
54487	0.625602	-0.473553	0.152786	0.625602	0	0.152786	0	0.473553	0
1606	-0.410829	-0.264626	0.431008	0	0	0.431008	0.410829	0.264626	0
1607	-0.689947	-0.1209	0.558611	0	0	0.558611	0.689947	0.1209	0
8527	0.0893669	-0.0350002	-0.496478	0.0893669	0	0	0	0.0350002	0.496478
1608	-0.412087	-0.22518	-0.467753	0	0	0	0.412087	0.22518	0.467753
160851	-0.41137	-0.25446	-0.136659	0	0	0	0.41137	0.25446	0.136659
9162	0.509569	-0.200229	0.312606	0.509569	0	0.312606	0	0.200229	0
1716	-0.578469	-0.061961	0.247103	0	0	0.247103	0.578469	0.061961	0
1718	-0.333231	0.700068	0.0376149	0	0.700068	0.0376149	0.333231	0	0
27294	-0.848287	-0.300716	0.0802476	0	0	0.0802476	0.848287	0.300716	0
79758	-0.798746	-0.289109	0.136386	0	0	0.136386	0.798746	0.289109	0
10202	-0.801364	0.0841018	-0.023989	0	0.0841018	0	0.801364	0	0.023989
9249	0.140441	0.506209	-0.547094	0.140441	0.506209	0	0	0	0.547094
10901	-0.465971	0.28981	0.176037	0	0.28981	0.176037	0.465971	0	0
51635	0.384136	0.580103	-0.108918	0.384136	0.580103	0	0	0	0.108918
25979	-0.255019	0.550986	0.387784	0	0.550986	0.387784	0.255019	0	0
10170	-0.694772	0.297182	-0.248475	0	0.297182	0	0.694772	0	0.248475
8449	0.492974	-0.00902698	0.122752	0.492974	0	0.122752	0	0.00902698	0
60625	0.854532	-0.00885261	0.153651	0.854532	0	0.153651	0	0.00885261	0
170506	-0.415226	0.262078	0.338102	0	0.262078	0.338102	0.415226	0	0
79132	-0.729685	-0.00992764	0.101904	0	0	0.101904	0.729685	0.00992764	0
56616	0.631803	0.265636	-0.137965	0.631803	0.265636	0	0	0	0.137965
1729	0.168424	-0.650366	0.296883	0.168424	0	0.296883	0	0.650366	0
1730	-0.723003	-0.405776	0.159195	0	0	0.159195	0.723003	0.405776	0
81624	-0.774326	0.286446	-0.166013	0	0.286446	0	0.774326	0	0.166013
11083	0.605626	-0.348604	-0.0525925	0.605626	0	0	0	0.348604	0.0525925
1734	-0.595599	0.210162	-0.0952364	0	0.210162	0	0.595599	0	0.0952364
1735	-0.241504	0.39833	-0.271749	0	0.39833	0	0.241504	0	0.271749
64150	0.509477	0.465037	-0.275807	0.509477	0.465037	0	0	0	0.275807
23181	0.418524	0.0772856	-0.537727	0.418524	0.0772856	0	0	0	0.537727
57609	0.370101	0.310572	-0.308983	0.370101	0.310572	0	0	0	0.308983
148252	0.776095	0.476721	0.200507	0.776095	0.476721	0.200507	0	0	0
54769	0.176926	0.361861	0.373329	0.176926	0.361861	0.373329	0	0	0
9077	-0.854028	-0.383804	-0.0682407	0	0	0	0.854028	0.383804	0.0682407
22894	0.658386	-0.328868	-0.0600977	0.658386	0	0	0	0.328868	0.0600977
129563	0.838675	-0.339362	0.0368747	0.838675	0	0.0368747	0	0.339362	0
85455	-0.705378	0.0434572	0.221954	0	0.0434572	0.221954	0.705378	0	0
85458	-0.450021	-0.148237	-0.399332	0	0	0	0.450021	0.148237	0.399332
22943	0.598326	0.433605	0.163177	0.598326	0.433605	0.163177	0	0	0
27123	-0.1624	0.0421163	0.287328	0	0.0421163	0.287328	0.1624	0	0
27122	-0.694138	0.0750912	0.198225	0	0.0750912	0.198225	0.694138	0	0
10395	0.386695	0.533018	-0.557826	0.386695	0.533018	0	0	0	0.557826
1738	0.101338	0.62855	0.136978	0.101338	0.62855	0.136978	0	0	0
9940	-0.579218	-0.282512	-0.158078	0	0	0	0.579218	0.282512	0.158078
1740	-0.754488	0.0136362	0.0206846	0	0.0136362	0.0206846	0.754488	0	0
9231	0.42113	-0.615829	0.271769	0.42113	0	0.271769	0	0.615829	0
9229	0.622122	-0.36976	0.15541	0.622122	0	0.15541	0	0.36976	0
101410534	0.502421	-0.574966	0.386685	0.502421	0	0.386685	0	0.574966	0
9228	0.520037	-0.389104	0.201348	0.520037	0	0.201348	0	0.389104	0
58512	-0.358002	-0.273116	0.366415	0	0	0.366415	0.358002	0.273116	0
22839	-0.544553	0.0458344	0.0212846	0	0.0458344	0.0212846	0.544553	0	0
65989	-0.629152	0.0619086	0.471459	0	0.0619086	0.471459	0.629152	0	0
10683	-0.824148	-0.323864	0.100837	0	0	0.100837	0.824148	0.323864	0
90871	-0.486991	0.586358	0.0816405	0	0.586358	0.0816405	0.486991	0	0
1755	0.305694	0.343849	-0.484651	0.305694	0.343849	0	0	0	0.484651
1756	-0.670194	0.0756568	0.0441862	0	0.0756568	0.0441862	0.670194	0	0
29958	-0.715495	0.0805896	-0.041829	0	0.0805896	0	0.715495	0	0.041829
93099	0.832606	-0.307783	0.290848	0.832606	0	0.290848	0	0.307783	0
10655	0.173302	0.201022	-0.573326	0.173302	0.201022	0	0	0	0.573326
58524	0.631208	0.139133	0.19809	0.631208	0.139133	0.19809	0	0	0
63950	0.138955	0.0422457	-0.37112	0.138955	0.0422457	0	0	0	0.37112
63946	0.263972	0.224181	-0.501091	0.263972	0.224181	0	0	0	0.501091
1762	-0.758189	0.11103	0.191871	0	0.11103	0.191871	0.758189	0	0
1763	0.515997	-0.409738	-0.0640091	0.515997	0	0	0	0.409738	0.0640091
55172	0.692441	-0.390836	0.0741178	0.692441	0	0.0741178	0	0.390836	0
161582	-0.888987	-0.06907	-0.00973548	0	0	0	0.888987	0.06907	0.00973548
54919	0.45733	-0.579558	-0.179466	0.45733	0	0	0	0.579558	0.179466
201625	-0.617154	-0.0291576	-0.509148	0	0	0	0.617154	0.0291576	0.509148
127602	-0.853505	0.0950764	-0.135266	0	0.0950764	0	0.853505	0	0.135266
8632	0.451246	0.289771	-0.399118	0.451246	0.289771	0	0	0	0.399118
146754	-0.861521	-0.122062	0.0326559	0	0	0.0326559	0.861521	0.122062	0
1767	-0.946101	-0.0486729	-0.0146768	0	0	0	0.946101	0.0486729	0.0146768
1768	-0.72642	-0.2504	0.338705	0	0	0.338705	0.72642	0.2504	0
56171	-0.663751	-0.181886	0.132841	0	0	0.132841	0.663751	0.181886	0
1770	-0.422694	-0.202799	-0.287686	0	0	0	0.422694	0.202799	0.287686
3301	-0.719264	0.244199	0.278004	0	0.244199	0.278004	0.719264	0	0
55466	-0.88455	0.171853	-0.0896632	0	0.171853	0	0.88455	0	0.0896632
4189	0.054606	0.728632	0.219677	0.054606	0.728632	0.219677	0	0	0
64215	-0.397942	0.298521	-0.0061147	0	0.298521	0	0.397942	0	0.0061147
54431	-0.799599	-0.0847737	-0.0305017	0	0	0	0.799599	0.0847737	0.0305017
55735	0.649715	0.250797	0.0965371	0.649715	0.250797	0.0965371	0	0	0
56521	-0.705533	-0.350654	-0.0225449	0	0	0	0.705533	0.350654	0.0225449
202052	0.602534	0.324104	-0.0392139	0.602534	0.324104	0	0	0	0.0392139
131118	-0.578175	0.332516	0.130931	0	0.332516	0.130931	0.578175	0	0
27000	-0.806201	0.23998	0.0919184	0	0.23998	0.0919184	0.806201	0	0
134218	0.552015	-0.108947	0.336287	0.552015	0	0.336287	0	0.108947	0
79962	0.599327	0.477728	-0.170808	0.599327	0.477728	0	0	0	0.170808
548645	0.660215	-0.178215	-0.0424581	0.660215	0	0	0	0.178215	0.0424581
51277	0.33648	0.553846	0.316154	0.33648	0.553846	0.316154	0	0	0
54943	0.699898	-0.125595	0.021005	0.699898	0	0.021005	0	0.125595	0
84277	-0.693218	0.163018	0.282369	0	0.163018	0.282369	0.693218	0	0
3338	0.851367	0.229354	-0.0210648	0.851367	0.229354	0	0	0	0.0210648
285126	0.640387	-0.388099	0.395005	0.640387	0	0.395005	0	0.388099	0
22826	-0.561129	0.426333	0.126789	0	0.426333	0.126789	0.561129	0	0
83544	-0.687253	0.0726617	-0.0305541	0	0.0726617	0	0.687253	0	0.0305541
10126	-0.824208	-0.187309	0.173378	0	0	0.173378	0.824208	0.187309	0
7802	-0.716652	-0.215579	0.068903	0	0	0.068903	0.716652	0.215579	0
1774	-0.443637	0.276756	-0.131555	0	0.276756	0	0.443637	0	0.131555
1775	0.623289	-0.188483	0.0326283	0.623289	0	0.0326283	0	0.188483	0
373863	0.804339	-0.225462	-0.110539	0.804339	0	0	0	0.225462	0.110539
144132	0.525022	-0.449599	0.248879	0.525022	0	0.248879	0	0.449599	0
26052	0.450289	0.54889	0.294686	0.450289	0.54889	0.294686	0	0	0
1788	0.555789	-0.400421	-0.19452	0.555789	0	0	0	0.400421	0.19452
10591	-0.607426	0.0184924	0.0803466	0	0.0184924	0.0803466	0.607426	0	0
8448	-0.757883	-0.0525022	0.427544	0	0	0.427544	0.757883	0.0525022	0
8447	-0.803663	0.218108	-0.137587	0	0.218108	0	0.803663	0	0.137587
9732	0.125911	0.0611433	0.41166	0.125911	0.0611433	0.41166	0	0	0
85440	-0.719815	-0.122973	-0.0553913	0	0	0	0.719815	0.122973	0.0553913
81704	-0.515187	-0.002836	-0.389665	0	0	0	0.515187	0.002836	0.389665
23348	-0.561519	-0.128663	-0.170701	0	0	0	0.561519	0.128663	0.170701
1796	-0.794964	-0.0864803	-0.217388	0	0	0	0.794964	0.0864803	0.217388
79930	0.780364	0.415938	-0.213666	0.780364	0.415938	0	0	0	0.213666
55715	-0.614846	0.4077	0.164499	0	0.4077	0.164499	0.614846	0	0
220164	-0.905749	0.185856	0.0433076	0	0.185856	0.0433076	0.905749	0	0
285489	-0.0436974	0.437342	-0.475438	0	0.437342	0	0.0436974	0	0.475438
29980	-0.274001	-0.29005	-0.0319912	0	0	0	0.274001	0.29005	0.0319912
84444	0.671259	-0.376047	-0.180894	0.671259	0	0	0	0.376047	0.180894
25911	-0.724772	0.420303	-0.0176967	0	0.420303	0	0.724772	0	0.0176967
8193	-0.746048	0.133322	0.487909	0	0.133322	0.487909	0.746048	0	0
285381	0.650869	0.361777	-0.0380866	0.650869	0.361777	0	0	0	0.0380866
100132911	0.452359	0.496935	-0.0114153	0.452359	0.496935	0	0	0	0.0114153
51611	-0.7815	0.073409	-0.219233	0	0.073409	0	0.7815	0	0.219233
92715	0.443048	-0.213802	-0.0226955	0.443048	0	0	0	0.213802	0.0226955
54344	0.486599	-0.445018	0.157099	0.486599	0	0.157099	0	0.445018	0
57628	-0.687373	0.0627645	0.344212	0	0.0627645	0.344212	0.687373	0	0
389023	-0.511968	0.244919	0.550203	0	0.244919	0.550203	0.511968	0	0
1803	0.810571	0.089489	-0.211754	0.810571	0.089489	0	0	0	0.211754
1804	0.233984	-0.389968	0.429533	0.233984	0	0.429533	0	0.389968	0
29952	0.44134	0.425159	0.0353118	0.44134	0.425159	0.0353118	0	0	0
54878	0.76717	0.245587	0.194624	0.76717	0.245587	0.194624	0	0	0
1805	0.524759	-0.0404393	-0.0209851	0.524759	0	0	0	0.0404393	0.0209851
23333	0.108507	0.666409	-0.201495	0.108507	0.666409	0	0	0	0.201495
283417	0.626847	-0.469197	0.103343	0.626847	0	0.103343	0	0.469197	0
286148	0.328021	0.12605	-0.504531	0.328021	0.12605	0	0	0	0.504531
84661	-0.357811	0.513374	-0.0791703	0	0.513374	0	0.357811	0	0.0791703
1806	-0.649665	-0.1248	-0.165043	0	0	0	0.649665	0.1248	0.165043
1807	-0.0109442	0.681427	0.0650619	0	0.681427	0.0650619	0.0109442	0	0
1809	-0.937978	0.0130136	-0.0483193	0	0.0130136	0	0.937978	0	0.0483193
10570	-0.608823	0.128425	0.391276	0	0.128425	0.391276	0.608823	0	0
56896	-0.545859	0.167608	-0.433684	0	0.167608	0	0.545859	0	0.433684
1810	-0.79746	-0.20237	-0.0827902	0	0	0	0.79746	0.20237	0.0827902
55332	-0.491503	0.322248	-0.187084	0	0.322248	0	0.491503	0	0.187084
374946	-0.543183	-0.457035	0.0470379	0	0	0.0470379	0.543183	0.457035	0
92749	-0.58612	-0.350757	0.367928	0	0	0.367928	0.58612	0.350757	0
83450	0.518943	-0.420891	0.0738284	0.518943	0	0.0738284	0	0.420891	0
1812	0.202469	-0.321554	0.122606	0.202469	0	0.122606	0	0.321554	0
1813	-0.413228	-0.368795	0.283402	0	0	0.283402	0.413228	0.368795	0
1814	-0.257708	0.125387	0.369371	0	0.125387	0.369371	0.257708	0	0
57453	0.480588	0.160679	-0.545638	0.480588	0.160679	0	0	0	0.545638
79075	0.847646	0.0584565	-0.104902	0.847646	0.0584565	0	0	0	0.104902
257203	-0.0982879	-0.608162	-0.0359987	0	0	0	0.0982879	0.608162	0.0359987
92126	-0.62368	0.0173223	-0.382747	0	0.0173223	0	0.62368	0	0.382747
1832	0.15963	-0.598075	0.0205784	0.15963	0	0.0205784	0	0.598075	0
667	0.377897	0.185929	-0.391578	0.377897	0.185929	0	0	0	0.391578
11034	-0.653685	0.28831	-0.0357798	0	0.28831	0	0.653685	0	0.0357798
1837	-0.224275	0.135863	-0.631637	0	0.135863	0	0.224275	0	0.631637
1838	-0.569134	0.123569	0.380268	0	0.123569	0.380268	0.569134	0	0
84062	-0.882456	0.0914316	0.02767	0	0.0914316	0.02767	0.882456	0	0
56986	-0.588012	-0.559019	-0.228735	0	0	0	0.588012	0.559019	0.228735
285605	0.646232	-0.443349	-0.087328	0.646232	0	0	0	0.443349	0.087328
1840	-0.557716	0.00144745	0.176877	0	0.00144745	0.176877	0.557716	0	0
196403	0.461573	-0.00750756	0.260433	0.461573	0	0.260433	0	0.00750756	0
64118	0.8027	-0.129386	-0.184267	0.8027	0	0	0	0.129386	0.184267
11062	-0.451113	-0.28529	-0.0336849	0	0	0	0.451113	0.28529	0.0336849
1843	0.556145	0.00548279	-0.281037	0.556145	0.00548279	0	0	0	0.281037
11072	-0.474908	-0.0956021	0.419534	0	0	0.419534	0.474908	0.0956021	0
80824	0.254921	-0.0416816	-0.18394	0.254921	0	0	0	0.0416816	0.18394
150290	-0.66723	-0.133641	-0.104623	0	0	0	0.66723	0.133641	0.104623
1844	-0.28366	0.491096	0.50381	0	0.491096	0.50381	0.28366	0	0
56940	0.193061	-0.409983	-0.269662	0.193061	0	0	0	0.409983	0.269662
54935	-0.482706	0.113035	-0.344472	0	0.113035	0	0.482706	0	0.344472
78986	-0.669974	-0.330564	0.340465	0	0	0.340465	0.669974	0.330564	0
1845	-0.320867	0.527135	0.534955	0	0.527135	0.534955	0.320867	0	0
1846	0.461087	-0.144986	0.270974	0.461087	0	0.270974	0	0.144986	0
1848	-0.0381144	0.532924	0.31889	0	0.532924	0.31889	0.0381144	0	0
1849	0.386742	-0.174849	0.0963452	0.386742	0	0.0963452	0	0.174849	0
1850	0.384157	-0.6916	0.0411067	0.384157	0	0.0411067	0	0.6916	0
1854	0.431503	-0.0515412	0.062413	0.431503	0	0.062413	0	0.0515412	0
1855	-0.465306	-0.170134	0.131916	0	0	0.131916	0.465306	0.170134	0
1856	0.511875	-0.277578	-0.0307039	0.511875	0	0	0	0.277578	0.0307039
84332	-0.907927	0.0277112	-0.0180249	0	0.0277112	0	0.907927	0	0.0180249
54808	0.545467	-0.422854	-0.00375885	0.545467	0	0	0	0.422854	0.00375885
1780	-0.594179	0.533975	0.175637	0	0.533975	0.175637	0.594179	0	0
51143	0.446661	0.11886	0.338166	0.446661	0.11886	0.338166	0	0	0
79659	0.481548	-0.307778	0.152171	0.481548	0	0.152171	0	0.307778	0
8655	-0.845367	0.346476	0.0613274	0	0.346476	0.0613274	0.845367	0	0
6993	-0.461071	-0.0182014	-0.495051	0	0	0	0.461071	0.0182014	0.495051
6990	0.157768	0.75647	0.356633	0.157768	0.75647	0.356633	0	0	0
8445	-0.666055	0.392379	0.045629	0	0.392379	0.045629	0.666055	0	0
8444	-0.773343	0.279087	-0.198393	0	0.279087	0	0.773343	0	0.198393
9666	-0.750044	0.243128	0.234804	0	0.243128	0.234804	0.750044	0	0
1869	0.377166	0.687837	0.0987747	0.377166	0.687837	0.0987747	0	0	0
1871	-0.683304	0.368454	0.27434	0	0.368454	0.27434	0.683304	0	0
1875	-0.827298	-0.288667	0.104076	0	0	0.104076	0.827298	0.288667	0
85403	-0.329803	0.429016	0.1169	0	0.429016	0.1169	0.329803	0	0
55840	0.00873333	0.0948304	-0.433393	0.00873333	0.0948304	0	0	0	0.433393
124454	-0.709783	-0.0613202	0.264325	0	0	0.264325	0.709783	0.0613202	0
9166	-0.10464	-0.604879	0.196432	0	0	0.196432	0.10464	0.604879	0
1879	0.343307	0.296978	-0.404469	0.343307	0.296978	0	0	0	0.404469
10148	-0.55613	-0.0147528	-0.20842	0	0	0	0.55613	0.0147528	0.20842
1891	-0.506869	0.274675	-0.22079	0	0.274675	0	0.506869	0	0.22079
55268	0.0219761	-0.561239	-0.165658	0.0219761	0	0	0	0.561239	0.165658
79746	-0.926351	-0.0791214	-0.00400627	0	0	0	0.926351	0.0791214	0.00400627
1892	-0.435869	0.495634	-0.0443477	0	0.495634	0	0.435869	0	0.0443477
1632	0.243128	0.365623	-0.268139	0.243128	0.365623	0	0	0	0.268139
10455	-0.284495	0.371029	-0.299337	0	0.371029	0	0.284495	0	0.299337
1893	0.886616	0.114202	-0.00966947	0.886616	0.114202	0	0	0	0.00966947
51295	0.661141	0.299482	0.210415	0.661141	0.299482	0.210415	0	0	0
1896	-0.603488	0.0337688	-0.242967	0	0.0337688	0	0.603488	0	0.242967
128178	-0.710063	0.130072	-0.124006	0	0.130072	0	0.710063	0	0.124006
80153	-0.414039	0.549591	0.185403	0	0.549591	0.185403	0.414039	0	0
9695	0.566965	-0.4207	-0.006756	0.566965	0	0	0	0.4207	0.006756
8721	-0.615428	0.235923	0.183011	0	0.235923	0.183011	0.615428	0	0
10085	0.322844	-0.338614	-0.202884	0.322844	0	0	0	0.338614	0.202884
1906	-0.537678	0.207484	0.0865898	0	0.207484	0.0865898	0.537678	0	0
1908	0.587935	0.109159	-0.120597	0.587935	0.109159	0	0	0	0.120597
1909	0.545391	0.0633089	-0.227354	0.545391	0.0633089	0	0	0	0.227354
1910	-0.826735	-0.109526	-0.175016	0	0	0	0.826735	0.109526	0.175016
8726	0.463049	-0.251731	0.0708093	0.463049	0	0.0708093	0	0.251731	0
221143	-0.6086	-0.181665	0.0667708	0	0	0.0667708	0.6086	0.181665	0
399818	0.0355177	-0.705504	0.0390991	0.0355177	0	0.0390991	0	0.705504	0
29904	0.682468	-0.172498	-0.118729	0.682468	0	0	0	0.172498	0.118729
80820	0.917342	-0.0911813	-0.209617	0.917342	0	0	0	0.0911813	0.209617
90141	-0.117321	0.138856	-0.40658	0	0.138856	0	0.117321	0	0.40658
9813	0.197815	0.0597873	-0.542572	0.197815	0.0597873	0	0	0	0.542572
84288	0.224533	0.216876	-0.286647	0.224533	0.216876	0	0	0	0.286647
84455	0.492318	-0.310347	0.21242	0.492318	0	0.21242	0	0.310347	0
79825	-0.314358	0.0737086	-0.149379	0	0.0737086	0	0.314358	0	0.149379
2202	-0.606911	-0.0123201	-0.262203	0	0	0	0.606911	0.0123201	0.262203
30008	-0.678203	-0.0156225	-0.157148	0	0	0	0.678203	0.0156225	0.157148
151651	-0.618951	0.125179	-0.185136	0	0.125179	0	0.618951	0	0.185136
80258	-0.787952	0.213235	-0.0134617	0	0.213235	0	0.787952	0	0.0134617
79180	-0.0616098	-0.267374	-0.240422	0	0	0	0.0616098	0.267374	0.240422
79631	-0.0335209	0.597686	-0.310382	0	0.597686	0	0.0335209	0	0.310382
1943	-0.414583	-0.0312404	-0.30852	0	0	0	0.414583	0.0312404	0.30852
1946	0.796462	0.242718	0.110165	0.796462	0.242718	0.110165	0	0	0
1947	-0.432155	-0.0952931	-0.205026	0	0	0	0.432155	0.0952931	0.205026
1948	-0.704151	0.12218	0.384488	0	0.12218	0.384488	0.704151	0	0
1949	-0.938656	-0.0536772	0.144822	0	0	0.144822	0.938656	0.0536772	0
23167	0.858022	0.313934	-0.050545	0.858022	0.313934	0	0	0	0.050545
22979	-0.391569	-0.228118	0.202202	0	0	0.202202	0.391569	0.228118	0
25975	-0.635349	-0.351532	-0.0617461	0	0	0	0.635349	0.351532	0.0617461
51162	0.235375	0.609122	0.483685	0.235375	0.609122	0.483685	0	0	0
54583	-0.678085	-0.252644	-0.28543	0	0	0	0.678085	0.252644	0.28543
1958	0.585633	0.0375313	0.198141	0.585633	0.0375313	0.198141	0	0	0
1959	0.0840805	-0.198221	0.362994	0.0840805	0	0.362994	0	0.198221	0
1960	-0.341193	-0.163228	0.613573	0	0	0.613573	0.341193	0.163228	0
1961	-0.300295	-0.182189	0.325256	0	0	0.325256	0.300295	0.182189	0
254102	-0.639132	-0.193661	0.482637	0	0	0.482637	0.639132	0.193661	0
10938	-0.0967009	0.283472	-0.457757	0	0.283472	0	0.0967009	0	0.457757
30846	0.70164	-0.0820405	0.292162	0.70164	0	0.292162	0	0.0820405	0
26298	0.197733	0.443163	-0.360103	0.197733	0.443163	0	0	0	0.360103
79813	0.629582	-0.470361	-0.192194	0.629582	0	0	0	0.470361	0.192194
23741	-0.301348	-0.24985	0.277927	0	0	0.277927	0.301348	0.24985	0
126272	-0.625949	-0.509369	0.241978	0	0	0.241978	0.625949	0.509369	0
10209	-0.658483	0.186778	-0.0410152	0	0.186778	0	0.658483	0	0.0410152
84285	-0.586896	-0.243376	0.0564024	0	0	0.0564024	0.586896	0.243376	0
1964	0.668147	0.217534	0.315434	0.668147	0.217534	0.315434	0	0	0
9086	-0.759365	-0.0599191	-0.160236	0	0	0	0.759365	0.0599191	0.160236
10289	0.570709	0.138799	0.213534	0.570709	0.138799	0.213534	0	0	0
83939	0.829653	-0.395537	0.0456926	0.829653	0	0.0456926	0	0.395537	0
8892	0.499782	0.533208	0.0363127	0.499782	0.533208	0.0363127	0	0	0
8664	-0.61419	0.073007	-0.0355996	0	0.073007	0	0.61419	0	0.0355996
8669	-0.430893	0.566201	-0.0323856	0	0.566201	0	0.430893	0	0.0323856
1974	0.634984	0.206366	0.123353	0.634984	0.206366	0.123353	0	0	0
1977	0.580266	-0.173846	0.0752546	0.580266	0	0.0752546	0	0.173846	0
253314	0.877797	0.0600555	0.182619	0.877797	0.0600555	0.182619	0	0	0
9470	0.74881	0.511393	-0.0488823	0.74881	0.511393	0	0	0	0.0488823
317649	0.838512	0.022203	0.126163	0.838512	0.022203	0.126163	0	0	0
1978	-0.726711	-0.149815	-0.086345	0	0	0	0.726711	0.149815	0.086345
1982	0.508256	0.344701	0.049879	0.508256	0.344701	0.049879	0	0	0
8672	0.595273	-0.0781346	-0.11864	0.595273	0	0	0	0.0781346	0.11864
1983	0.737067	0.36506	0.083562	0.737067	0.36506	0.083562	0	0	0
56648	0.892596	0.317898	0.0034141	0.892596	0.317898	0.0034141	0	0	0
3692	-0.647709	0.321527	0.268125	0	0.321527	0.268125	0.647709	0	0
7260	-0.773006	-0.162093	0.224246	0	0	0.224246	0.773006	0.162093	0
60528	-0.474755	0.464825	-0.0804233	0	0.464825	0	0.474755	0	0.0804233
1996	0.721724	-0.0248698	0.447287	0.721724	0	0.447287	0	0.0248698	0
114794	-0.861139	-0.26845	0.156536	0	0	0.156536	0.861139	0.26845	0
2002	-0.465511	-0.516995	0.157879	0	0	0.157879	0.465511	0.516995	0
2004	-0.125863	0.0807857	-0.56463	0	0.0807857	0	0.125863	0	0.56463
8178	0.478759	-0.464142	0.167494	0.478759	0	0.167494	0	0.464142	0
22936	0.275495	0.242901	0.24539	0.275495	0.242901	0.24539	0	0	0
80237	-0.849431	0.114198	-0.0846117	0	0.114198	0	0.849431	0	0.0846117
9844	0.311952	0.504394	0.150358	0.311952	0.504394	0.150358	0	0	0
63916	-0.67486	0.0952028	-0.0472137	0	0.0952028	0	0.67486	0	0.0472137
79767	0.794554	0.408603	0.0348482	0.794554	0.408603	0.0348482	0	0	0
255520	0.346495	0.38674	0.0136897	0.346495	0.38674	0.0136897	0	0	0
84173	0.655764	-0.235923	-0.212019	0.655764	0	0	0	0.235923	0.212019
2006	0.0417232	-0.0624304	-0.304409	0.0417232	0	0	0	0.0624304	0.304409
6924	-0.369811	0.496309	0.140639	0	0.496309	0.140639	0.369811	0	0
6923	-0.6242	0.183709	0.0994784	0	0.183709	0.0994784	0.6242	0	0
64834	0.516977	0.164453	-0.404562	0.516977	0.164453	0	0	0	0.404562
6785	0.742257	0.0706974	0.0251072	0.742257	0.0706974	0.0251072	0	0	0
60481	0.0578412	0.0808098	-0.562367	0.0578412	0.0808098	0	0	0	0.562367
79993	0.61811	0.203371	-0.467143	0.61811	0.203371	0	0	0	0.467143
55140	0.207331	0.735169	0.223115	0.207331	0.735169	0.223115	0	0	0
133418	0.643683	0.480713	-0.256261	0.643683	0.480713	0	0	0	0.256261
9694	0.0062684	0.329974	-0.516179	0.0062684	0.329974	0	0	0	0.516179
55831	-0.521547	0.503665	0.260427	0	0.503665	0.260427	0.521547	0	0
56851	-0.716383	0.38122	-0.168248	0	0.38122	0	0.716383	0	0.168248
51705	0.607241	0.319182	-0.222786	0.607241	0.319182	0	0	0	0.222786
10436	-0.788113	0.325327	0.00726643	0	0.325327	0.00726643	0.788113	0	0
129080	-0.782245	0.128733	-0.0997886	0	0.128733	0	0.782245	0	0.0997886
84034	0.381458	0.427894	-0.609864	0.381458	0.427894	0	0	0	0.609864
90187	0.782475	-0.0958699	0.0911586	0.782475	0	0.0911586	0	0.0958699	0
2009	-0.0653386	0.20348	-0.0701133	0	0.20348	0	0.0653386	0	0.0701133
24139	0.699307	0.0870388	-0.240861	0.699307	0.0870388	0	0	0	0.240861
161436	0.330906	-0.482175	0.37061	0.330906	0	0.37061	0	0.482175	0
400954	0.694722	-0.0528105	0.375478	0.694722	0	0.375478	0	0.0528105	0
2012	-0.552229	0.239189	-0.397338	0	0.239189	0	0.552229	0	0.397338
2013	0.0143258	0.369006	-0.421304	0.0143258	0.369006	0	0	0	0.421304
2014	-0.589633	0.0611853	-0.336655	0	0.0611853	0	0.589633	0	0.336655
56946	0.641153	-0.400144	-0.010949	0.641153	0	0	0	0.400144	0.010949
2016	0.790709	-0.192417	0.252887	0.790709	0	0.252887	0	0.192417	0
196047	-0.556154	-0.143279	-0.194683	0	0	0	0.556154	0.143279	0.194683
55740	0.00959572	0.206335	-0.423607	0.00959572	0.206335	0	0	0	0.423607
8507	-0.528629	-0.211791	0.624148	0	0	0.624148	0.528629	0.211791	0
23052	0.227432	0.595139	-0.310034	0.227432	0.595139	0	0	0	0.310034
8909	-0.47812	-0.0433243	0.0907779	0	0	0.0907779	0.47812	0.0433243	0
2022	0.383183	0.34457	-0.142074	0.383183	0.34457	0	0	0	0.142074
84080	0.330444	-0.265798	0.0622278	0.330444	0	0.0622278	0	0.265798	0
219670	-0.559359	0.283036	-0.163499	0	0.283036	0	0.559359	0	0.163499
2023	-0.821489	0.180554	-0.0912396	0	0.180554	0	0.821489	0	0.0912396
2026	0.666734	0.0631037	0.238889	0.666734	0.0631037	0.238889	0	0	0
2027	0.0821827	0.535546	-0.449211	0.0821827	0.535546	0	0	0	0.449211
387712	0.0534877	-0.134876	-0.172797	0.0534877	0	0	0	0.134876	0.172797
55068	-0.761522	0.39321	0.157329	0	0.39321	0.157329	0.761522	0	0
5167	-0.553505	0.135298	-0.156588	0	0.135298	0	0.553505	0	0.156588
5168	0.217775	0.0615306	-0.456249	0.217775	0.0615306	0	0	0	0.456249
22875	-0.0887371	0.533758	-0.197676	0	0.533758	0	0.0887371	0	0.197676
59084	0.820211	0.0565088	0.0890767	0.820211	0.0565088	0.0890767	0	0	0
133121	0.293011	0.634849	-0.27043	0.293011	0.634849	0	0	0	0.27043
2029	-0.45321	0.0954053	0.461636	0	0.0954053	0.461636	0.45321	0	0
956	0.609163	-0.155587	0.00123878	0.609163	0	0.00123878	0	0.155587	0
9583	0.932023	-0.0130681	0.0613655	0.932023	0	0.0613655	0	0.0130681	0
955	-0.600984	-0.0721969	0.520382	0	0	0.520382	0.600984	0.0721969	0
56943	-0.56915	0.216188	-0.10649	0	0.216188	0	0.56915	0	0.10649
2035	0.933376	-0.100367	0.101034	0.933376	0	0.101034	0	0.100367	0
2036	0.834946	-0.116923	-0.0268665	0.834946	0	0	0	0.116923	0.0268665
23136	0.733545	0.199115	0.145436	0.733545	0.199115	0.145436	0	0	0
64097	0.107154	0.40242	-0.277	0.107154	0.40242	0	0	0	0.277
54566	-0.693907	-0.374288	0.431791	0	0	0.431791	0.693907	0.374288	0
57669	0.519681	-0.381167	0.149302	0.519681	0	0.149302	0	0.381167	0
80314	0.319881	-0.470565	-0.0177018	0.319881	0	0	0	0.470565	0.0177018
26122	0.50166	-0.504943	0.095766	0.50166	0	0.095766	0	0.504943	0
4072	-0.48519	-0.277063	-0.174502	0	0	0	0.48519	0.277063	0.174502
54749	0.184802	0.698905	0.122314	0.184802	0.698905	0.122314	0	0	0
284656	-0.70338	0.367767	0.155132	0	0.367767	0.155132	0.70338	0	0
2042	0.139843	-0.669724	0.357689	0.139843	0	0.357689	0	0.669724	0
2043	0.0225637	-0.366874	0.538314	0.0225637	0	0.538314	0	0.366874	0
2044	-0.555304	-0.228586	0.360353	0	0	0.360353	0.555304	0.228586	0
285220	-0.400586	-0.116482	0.0196673	0	0	0.0196673	0.400586	0.116482	0
2045	0.402704	-0.138988	-0.250392	0.402704	0	0	0	0.138988	0.250392
2048	0.631126	0.324291	-0.169257	0.631126	0.324291	0	0	0	0.169257
2049	-0.0120107	0.643191	0.045423	0	0.643191	0.045423	0.0120107	0	0
2051	0.725739	0.431529	0.212527	0.725739	0.431529	0.212527	0	0	0
2052	-0.483607	0.184036	-0.361801	0	0.184036	0	0.483607	0	0.361801
253152	0.68138	0.298194	0.417702	0.68138	0.298194	0.417702	0	0	0
7957	0.716455	0.0928437	-0.0540612	0.716455	0.0928437	0	0	0	0.0540612
55040	0.836465	0.412889	0.0565697	0.836465	0.412889	0.0565697	0	0	0
100170841	-0.739597	0.120789	0.449372	0	0.120789	0.449372	0.739597	0	0
2064	-0.68023	-0.236245	-0.206367	0	0	0	0.68023	0.236245	0.206367
23085	-0.500025	-0.196272	-0.369132	0	0	0	0.500025	0.196272	0.369132
26059	-0.843751	-0.226029	0.263506	0	0	0.263506	0.843751	0.226029	0
2068	-0.736426	0.0759451	0.0942982	0	0.0759451	0.0942982	0.736426	0	0
2072	0.711779	-0.238311	-0.151772	0.711779	0	0	0	0.238311	0.151772
375748	-0.776445	0.140199	0.155076	0	0.140199	0.155076	0.776445	0	0
151176	-0.92644	-0.0906093	0.153257	0	0	0.153257	0.92644	0.0906093	0
2078	0.520353	0.2368	-0.251845	0.520353	0.2368	0	0	0	0.251845
2079	-0.796306	-0.0649815	-0.0374212	0	0	0	0.796306	0.0649815	0.0374212
79033	-0.538466	0.150089	0.0707446	0	0.150089	0.0707446	0.538466	0	0
157697	-0.116995	0.844169	0.068617	0	0.844169	0.068617	0.116995	0	0
285141	-0.436198	-0.111428	-0.306341	0	0	0	0.436198	0.111428	0.306341
127254	-0.701491	-0.398605	-0.0122265	0	0	0	0.701491	0.398605	0.0122265
203111	0.692273	-0.485261	0.0632203	0.692273	0	0.0632203	0	0.485261	0
10613	-0.743055	-0.1969	0.293193	0	0	0.293193	0.743055	0.1969	0
55780	-0.593206	-0.182421	-0.307193	0	0	0	0.593206	0.182421	0.307193
79956	0.648388	0.239419	-0.207701	0.648388	0.239419	0	0	0	0.207701
30001	0.324198	-0.410374	0.281551	0.324198	0	0.281551	0	0.410374	0
56605	0.406024	-0.387451	-0.218763	0.406024	0	0	0	0.387451	0.218763
10961	0.282061	0.331655	-0.194954	0.282061	0.331655	0	0	0	0.194954
23071	0.665976	-0.295942	0.142326	0.665976	0	0.142326	0	0.295942	0
54206	0.796098	0.255448	0.0675696	0.796098	0.255448	0.0675696	0	0	0
90952	0.599509	0.49503	-0.134725	0.599509	0.49503	0	0	0	0.134725
114799	0.667522	-0.126803	-0.0414883	0.667522	0	0	0	0.126803	0.0414883
2098	-0.695774	0.0881288	0.0724516	0	0.0881288	0.0724516	0.695774	0	0
2101	0.912696	0.238967	-0.142378	0.912696	0.238967	0	0	0	0.142378
2103	0.472033	0.326229	-0.227321	0.472033	0.326229	0	0	0	0.227321
2104	0.92846	0.151796	-0.147946	0.92846	0.151796	0	0	0	0.147946
23344	0.617707	0.520433	0.27394	0.617707	0.520433	0.27394	0	0	0
2109	-0.557381	0.567167	-0.170328	0	0.567167	0	0.557381	0	0.170328
2110	-0.49353	0.23099	-0.0993127	0	0.23099	0	0.49353	0	0.0993127
144363	-0.361949	0.0655887	-0.373277	0	0.0655887	0	0.361949	0	0.373277
23474	0.516446	0.377619	-0.0511355	0.516446	0.377619	0	0	0	0.0511355
55500	-0.600792	-0.109108	0.179544	0	0	0.179544	0.600792	0.109108	0
64850	-0.821278	-0.117729	-0.0837273	0	0	0	0.821278	0.117729	0.0837273
2114	0.723982	-0.0681919	0.422626	0.723982	0	0.422626	0	0.0681919	0
2115	0.23415	0.626365	0.0475489	0.23415	0.626365	0.0475489	0	0	0
2119	0.323001	0.133716	-0.235668	0.323001	0.133716	0	0	0	0.235668
2120	0.761312	-0.172603	0.302076	0.761312	0	0.302076	0	0.172603	0
2124	-0.456806	-0.0192454	-0.286591	0	0	0	0.456806	0.0192454	0.286591
54932	-0.516661	-0.00682557	0.505948	0	0	0.505948	0.516661	0.00682557	0
55763	-0.534137	0.215844	-0.370344	0	0.215844	0	0.534137	0	0.370344
90332	0.109068	-0.287033	-0.0695273	0.109068	0	0	0	0.287033	0.0695273
60412	-0.75708	0.15366	0.148824	0	0.15366	0.148824	0.75708	0	0
54536	-0.852406	-0.050945	0.365987	0	0	0.365987	0.852406	0.050945	0
9941	0.580973	-0.488276	-0.0687332	0.580973	0	0	0	0.488276	0.0687332
11340	-0.488573	-0.376642	-0.185428	0	0	0	0.488573	0.376642	0.185428
23086	-0.0700862	-0.506155	0.442532	0	0	0.442532	0.0700862	0.506155	0
2131	-0.274909	-0.268853	0.415733	0	0	0.415733	0.274909	0.268853	0
2134	0.205205	0.241734	0.494681	0.205205	0.241734	0.494681	0	0	0
2135	0.899793	0.146652	0.0918569	0.899793	0.146652	0.0918569	0	0	0
2137	-0.149791	-0.303664	0.328851	0	0	0.328851	0.149791	0.303664	0
2139	-0.654899	0.0375182	-0.171064	0	0.0375182	0	0.654899	0	0.171064
2140	0.515102	-0.465995	-0.00375207	0.515102	0	0	0	0.465995	0.00375207
2070	0.813601	-0.116018	-0.252496	0.813601	0	0	0	0.116018	0.252496
7430	-0.646268	-0.0515064	-0.302957	0	0	0	0.646268	0.0515064	0.302957
2161	-0.854439	-0.118269	0.294912	0	0	0.294912	0.854439	0.118269	0
2155	0.623562	0.377126	0.0629864	0.623562	0.377126	0.0629864	0	0	0
2157	0.333699	0.296822	0.447539	0.333699	0.296822	0.447539	0	0	0
79152	0.168558	0.223194	-0.395412	0.168558	0.223194	0	0	0	0.395412
158584	-0.0199733	-0.606028	0.10611	0	0	0.10611	0.0199733	0.606028	0
2170	-0.715036	0.3058	0.215723	0	0.3058	0.215723	0.715036	0	0
2171	-0.751117	0.245044	-0.383914	0	0.245044	0	0.751117	0	0.383914
2172	-0.424751	0.637495	-0.340805	0	0.637495	0	0.424751	0	0.340805
2173	-0.942815	-0.0919774	-0.0310014	0	0	0	0.942815	0.0919774	0.0310014
3992	-0.450436	0.0397164	-0.449522	0	0.0397164	0	0.450436	0	0.449522
9415	-0.708164	0.172282	-0.316295	0	0.172282	0	0.708164	0	0.316295
3995	-0.787634	0.291585	0.281702	0	0.291585	0.281702	0.787634	0	0
283985	0.633784	-0.110181	0.155059	0.633784	0	0.155059	0	0.110181	0
2184	-0.765412	0.023646	-0.0616979	0	0.023646	0	0.765412	0	0.0616979
11170	-0.683288	-0.0496744	-0.159849	0	0	0	0.683288	0.0496744	0.159849
83541	0.769106	-0.224562	0.1458	0.769106	0	0.1458	0	0.224562	0
642273	-0.904647	0.0401004	0.225423	0	0.0401004	0.225423	0.904647	0	0
81558	-0.893786	-0.157275	-0.140959	0	0	0	0.893786	0.157275	0.140959
150864	-0.0922206	-0.311826	0.572078	0	0	0.572078	0.0922206	0.311826	0
23196	-0.673974	-0.223434	-0.0117394	0	0	0	0.673974	0.223434	0.0117394
158293	-0.839474	0.337407	-0.0931056	0	0.337407	0	0.839474	0	0.0931056
54954	0.731536	0.00225571	-0.0377612	0.731536	0.00225571	0	0	0	0.0377612
131408	-0.498826	0.258436	0.388808	0	0.258436	0.388808	0.498826	0	0
9715	0.814604	0.0362412	0.190004	0.814604	0.0362412	0.190004	0	0	0
286499	-0.39027	-0.0291926	0.579086	0	0	0.579086	0.39027	0.0291926	0
51059	0.735654	0.159686	-0.227404	0.735654	0.159686	0	0	0	0.227404
10144	0.379425	-0.325057	0.530221	0.379425	0	0.530221	0	0.325057	0
285512	0.48854	-0.352102	-0.320551	0.48854	0	0	0	0.352102	0.320551
51306	0.567332	-0.584885	-0.12086	0.567332	0	0	0	0.584885	0.12086
25854	-0.893964	-0.0593968	0.0714836	0	0	0.0714836	0.893964	0.0593968	0
167555	-0.512313	-0.31496	0.0159701	0	0	0.0159701	0.512313	0.31496	0
285596	0.342645	-0.656298	0.415916	0.342645	0	0.415916	0	0.656298	0
84140	-0.337803	-0.530892	0.258547	0	0	0.258547	0.337803	0.530892	0
26355	-0.517361	0.403167	-0.0505447	0	0.403167	0	0.517361	0	0.0505447
221303	0.539321	-0.101035	0.594043	0.539321	0	0.594043	0	0.101035	0
83648	-0.518466	-0.0907384	-0.104973	0	0	0	0.518466	0.0907384	0.104973
84734	0.748687	0.373302	-0.0678776	0.748687	0.373302	0	0	0	0.0678776
130074	0.621642	-0.143396	0.0453515	0.621642	0	0.0453515	0	0.143396	0
26049	0.325778	-0.339228	0.253124	0.325778	0	0.253124	0	0.339228	0
221061	0.501526	0.450005	-0.048983	0.501526	0.450005	0	0	0	0.048983
284069	-0.656482	-0.00984228	0.162989	0	0	0.162989	0.656482	0.00984228	0
165215	-0.911151	-0.182236	0.0396187	0	0	0.0396187	0.911151	0.182236	0
400451	-0.505769	0.308198	0.321909	0	0.308198	0.321909	0.505769	0	0
90050	-0.857811	-0.197315	-0.15689	0	0	0	0.857811	0.197315	0.15689
220382	-0.43762	0.0689236	-0.501989	0	0.0689236	0	0.43762	0	0.501989
728882	-0.615819	0.322175	0.13921	0	0.322175	0.13921	0.615819	0	0
79632	-0.768398	-0.106614	0.145185	0	0	0.145185	0.768398	0.106614	0
222234	-0.0316748	-0.579459	0.302827	0	0	0.302827	0.0316748	0.579459	0
100528020	-0.758011	-0.0170954	0.206968	0	0	0.206968	0.758011	0.0170954	0
285550	-0.662928	0.0773281	-0.0655298	0	0.0773281	0	0.662928	0	0.0655298
158228	-0.301747	0.234444	-0.42272	0	0.234444	0	0.301747	0	0.42272
200232	0.490398	0.258975	0.0178451	0.490398	0.258975	0.0178451	0	0	0
54757	0.681863	-0.339607	0.214219	0.681863	0	0.214219	0	0.339607	0
116151	0.636939	-0.392135	0.114318	0.636939	0	0.114318	0	0.392135	0
29902	0.891834	0.164509	0.00208097	0.891834	0.164509	0.00208097	0	0	0
63939	0.773607	-0.00652485	0.362997	0.773607	0	0.362997	0	0.00652485	0
152756	-0.128127	-0.531772	-0.158243	0	0	0	0.128127	0.531772	0.158243
340277	0.403563	-0.0775843	-0.421161	0.403563	0	0	0	0.0775843	0.421161
55731	0.821065	0.0382527	-0.0348884	0.821065	0.0382527	0	0	0	0.0348884
100128385	0.369373	-0.247547	-0.409383	0.369373	0	0	0	0.247547	0.409383
375190	-0.619236	0.057399	-0.123114	0	0.057399	0	0.619236	0	0.123114
619208	-0.687961	0.308236	-0.0896155	0	0.308236	0	0.687961	0	0.0896155
83986	0.2239	0.194401	-0.448289	0.2239	0.194401	0	0	0	0.448289
57613	0.19869	0.460327	0.605917	0.19869	0.460327	0.605917	0	0	0
132720	-0.706586	0.00973195	-0.169872	0	0.00973195	0	0.706586	0	0.169872
219738	-0.727559	-0.0179445	0.398434	0	0	0.398434	0.727559	0.0179445	0
196792	-0.417054	-0.520318	-0.13737	0	0	0	0.417054	0.520318	0.13737
26017	-0.569578	0.360002	0.128326	0	0.360002	0.128326	0.569578	0	0
10447	0.3018	-0.456421	0.248462	0.3018	0	0.248462	0	0.456421	0
131583	0.801571	0.12383	-0.0839326	0.801571	0.12383	0	0	0	0.0839326
163933	0.50823	0.550217	0.102299	0.50823	0.550217	0.102299	0	0	0
100129583	-0.632271	0.231504	0.312703	0	0.231504	0.312703	0.632271	0	0
51307	-0.593627	-0.125161	0.199858	0	0	0.199858	0.593627	0.125161	0
199870	-0.485543	-0.181481	0.101302	0	0	0.101302	0.485543	0.181481	0
143684	0.662658	-0.425226	-0.126818	0.662658	0	0	0	0.425226	0.126818
286336	0.830445	0.411748	0.0685	0.830445	0.411748	0.0685	0	0	0
149297	0.824404	-0.0598975	0.15221	0.824404	0	0.15221	0	0.0598975	0
145773	0.629045	0.163156	0.273003	0.629045	0.163156	0.273003	0	0	0
81610	0.805224	0.0790322	0.0639194	0.805224	0.0790322	0.0639194	0	0	0
375061	-0.518579	-0.158975	-0.441285	0	0	0	0.518579	0.158975	0.441285
23625	0.472896	0.169494	0.264425	0.472896	0.169494	0.264425	0	0	0
25940	-0.218256	0.626683	-0.141659	0	0.626683	0	0.218256	0	0.141659
2175	0.210013	-0.724945	0.055139	0.210013	0	0.055139	0	0.724945	0
2176	0.43465	-0.284004	-0.0975162	0.43465	0	0	0	0.284004	0.0975162
2178	-0.0874609	-0.17105	-0.254594	0	0	0	0.0874609	0.17105	0.254594
2189	-0.11833	-0.730165	-0.133248	0	0	0	0.11833	0.730165	0.133248
55215	0.835066	0.0600515	0.0282458	0.835066	0.0600515	0.0282458	0	0	0
55120	-0.575794	-0.659061	-0.00256858	0	0	0	0.575794	0.659061	0.00256858
92565	-0.105821	0.313942	-0.456968	0	0.313942	0	0.105821	0	0.456968
2191	0.481044	-0.216521	0.432231	0.481044	0	0.432231	0	0.216521	0
84188	0.286817	0.125166	-0.0819738	0.286817	0.125166	0	0	0	0.0819738
55711	0.653872	0.251474	0.0115497	0.653872	0.251474	0.0115497	0	0	0
10160	-0.926965	-0.0921261	0.0208877	0	0	0.0208877	0.926965	0.0921261	0
10056	-0.669272	0.226472	0.177321	0	0.226472	0.177321	0.669272	0	0
79675	0.891339	-0.113335	-0.0966336	0.891339	0	0	0	0.113335	0.0966336
60493	0.695079	0.463265	0.209236	0.695079	0.463265	0.209236	0	0	0
2195	-0.45415	0.0546927	-0.218042	0	0.0546927	0	0.45415	0	0.218042
2197	-0.559114	0.0133698	-0.0856034	0	0.0133698	0	0.559114	0	0.0856034
2091	-0.668831	-0.223586	-0.177294	0	0	0	0.668831	0.223586	0.177294
54751	0.636941	0.142524	-0.13131	0.636941	0.142524	0	0	0	0.13131
2199	-0.790106	-0.0803882	-0.149167	0	0	0	0.790106	0.0803882	0.149167
10516	-0.413963	-0.326668	0.245251	0	0	0.245251	0.413963	0.326668	0
129804	0.821895	0.10294	0.300941	0.821895	0.10294	0.300941	0	0	0
2200	0.675111	-0.235044	0.123523	0.675111	0	0.123523	0	0.235044	0
57666	0.188871	-0.53468	0.206078	0.188871	0	0.206078	0	0.53468	0
79176	0.521731	0.448196	0.174735	0.521731	0.448196	0.174735	0	0	0
146330	-0.63821	-0.0441731	0.266665	0	0	0.266665	0.63821	0.0441731	0
25827	-0.553149	0.232688	0.323376	0	0.232688	0.323376	0.553149	0	0
26235	0.676651	-0.418701	-0.0776581	0.676651	0	0	0	0.418701	0.0776581
201456	-0.634803	0.0612527	-0.388571	0	0.0612527	0	0.634803	0	0.388571
157574	0.552458	-0.183737	0.379565	0.552458	0	0.379565	0	0.183737	0
115290	-0.494201	-0.385673	0.12081	0	0	0.12081	0.494201	0.385673	0
26232	-0.760325	0.264145	0.162619	0	0.264145	0.162619	0.760325	0	0
23014	0.397543	-0.506906	-0.0286797	0.397543	0	0	0	0.506906	0.0286797
126433	-0.28135	-0.132055	0.3452	0	0	0.3452	0.28135	0.132055	0
26273	-0.591978	-0.0455124	0.16371	0	0	0.16371	0.591978	0.0455124	0
84085	0.512479	0.344752	-0.248828	0.512479	0.344752	0	0	0	0.248828
79791	0.505628	-0.180887	0.212137	0.505628	0	0.212137	0	0.180887	0
114907	0.879388	-0.0203855	0.181088	0.879388	0	0.181088	0	0.0203855	0
254170	0.883064	0.163438	0.0778373	0.883064	0.163438	0.0778373	0	0	0
55030	0.450131	-0.664464	0.13851	0.450131	0	0.13851	0	0.664464	0
51725	0.00498688	0.348437	0.4552	0.00498688	0.348437	0.4552	0	0	0
93611	-0.612221	0.0675788	0.417134	0	0.0675788	0.417134	0.612221	0	0
200933	0.578718	-0.157854	0.13592	0.578718	0	0.13592	0	0.157854	0
23403	0.406106	-0.337577	0.220529	0.406106	0	0.220529	0	0.337577	0
25793	0.168809	0.305513	-0.285345	0.168809	0.305513	0	0	0	0.285345
26268	0.753995	-0.389808	0.111273	0.753995	0	0.111273	0	0.389808	0
55294	0.568859	0.526389	0.234389	0.568859	0.526389	0.234389	0	0	0
84261	-0.663246	-0.00392042	0.23957	0	0	0.23957	0.663246	0.00392042	0
8857	-0.739217	0.138745	-0.362667	0	0.138745	0	0.739217	0	0.362667
2214	-0.396676	0.185371	-0.337199	0	0.185371	0	0.396676	0	0.337199
2217	-0.359166	0.262856	-0.457673	0	0.262856	0	0.359166	0	0.457673
115548	0.50064	-0.269884	0.0775931	0.50064	0	0.0775931	0	0.269884	0
2219	0.377035	0.152393	-0.0516361	0.377035	0.152393	0	0	0	0.0516361
2222	-0.776948	0.300173	0.0709419	0	0.300173	0.0709419	0.776948	0	0
2224	-0.726283	0.480792	0.0488985	0	0.480792	0.0488985	0.726283	0	0
2230	0.602502	0.329827	-0.0498877	0.602502	0.329827	0	0	0	0.0498877
2232	-0.760866	-0.120083	-0.168782	0	0	0	0.760866	0.120083	0.168782
2235	0.821182	0.0892043	0.180374	0.821182	0.0892043	0.180374	0	0	0
55612	-0.486278	0.46621	-0.369244	0	0.46621	0	0.486278	0	0.369244
10979	-0.804302	-0.224373	-0.172785	0	0	0	0.804302	0.224373	0.172785
2242	0.721883	-0.0243249	0.401269	0.721883	0	0.401269	0	0.0243249	0
9638	0.450332	0.274261	-0.274685	0.450332	0.274261	0	0	0	0.274685
9637	-0.378835	0.268973	0.236658	0	0.268973	0.236658	0.378835	0	0
55079	-0.469091	0.297266	-0.422351	0	0.297266	0	0.469091	0	0.422351
338557	-0.721849	0.319573	0.246423	0	0.319573	0.246423	0.721849	0	0
2245	-0.123173	-0.596259	0.167002	0	0	0.167002	0.123173	0.596259	0
89846	-0.798157	0.0292652	0.210046	0	0.0292652	0.210046	0.798157	0	0
121512	-0.360945	0.131375	-0.709064	0	0.131375	0	0.360945	0	0.709064
152273	0.663222	0.148217	-0.141154	0.663222	0.148217	0	0	0	0.141154
2257	0.710789	-0.227284	0.300474	0.710789	0	0.300474	0	0.227284	0
2258	0.730686	-0.355854	0.102379	0.730686	0	0.102379	0	0.355854	0
2259	0.634026	-0.229664	0.358678	0.634026	0	0.358678	0	0.229664	0
8822	0.437638	-0.431773	0.233224	0.437638	0	0.233224	0	0.431773	0
8817	0.622222	-0.037182	0.243823	0.622222	0	0.243823	0	0.037182	0
2247	-0.59006	-0.0213063	-0.123923	0	0	0	0.59006	0.0213063	0.123923
27006	-0.34806	0.320712	0.213135	0	0.320712	0.213135	0.34806	0	0
2252	0.725313	0.0122198	-0.180627	0.725313	0.0122198	0	0	0	0.180627
2254	0.88536	0.236294	-0.0806202	0.88536	0.236294	0	0	0	0.0806202
143282	-0.728355	0.0859711	-0.19425	0	0.0859711	0	0.728355	0	0.19425
2260	-0.223459	0.459319	-0.343571	0	0.459319	0	0.223459	0	0.343571
26127	0.314246	0.0192675	0.701286	0.314246	0.0192675	0.701286	0	0	0
2263	0.417976	0.258571	-0.442022	0.417976	0.258571	0	0	0	0.442022
2261	-0.472867	-0.30688	-0.0881463	0	0	0	0.472867	0.30688	0.0881463
55277	-0.801961	0.106446	-0.123546	0	0.106446	0	0.801961	0	0.123546
2267	-0.193701	0.125641	-0.145242	0	0.125641	0	0.193701	0	0.145242
10875	-0.427467	-0.110895	-0.456311	0	0	0	0.427467	0.110895	0.456311
2268	0.474072	0.401938	-0.284532	0.474072	0.401938	0	0	0	0.284532
2272	0.0828284	0.404281	-0.472222	0.0828284	0.404281	0	0	0	0.472222
2273	-0.439986	-0.478224	0.270939	0	0	0.270939	0.439986	0.478224	0
2275	-0.249033	0.177155	0.292071	0	0.177155	0.292071	0.249033	0	0
29109	-0.554749	0.381129	-0.259913	0	0.381129	0	0.554749	0	0.259913
80206	-0.684118	0.258071	-0.0204037	0	0.258071	0	0.684118	0	0.0204037
387758	-0.543989	-0.0235639	-0.245241	0	0	0	0.543989	0.0235639	0.245241
55137	0.644231	-0.242777	0.338947	0.644231	0	0.338947	0	0.242777	0
401720	-0.762886	-0.16616	0.26028	0	0	0.26028	0.762886	0.16616	0
27145	-0.801317	0.066148	-0.186005	0	0.066148	0	0.801317	0	0.186005
11259	-0.46469	0.0897538	0.628472	0	0.0897538	0.628472	0.46469	0	0
81608	-0.655788	-0.0485937	0.0815666	0	0	0.0815666	0.655788	0.0485937	0
128486	0.170522	0.664589	0.233398	0.170522	0.664589	0.233398	0	0	0
84922	0.736559	0.184383	0.193231	0.736559	0.184383	0.193231	0	0	0
24147	-0.192301	0.332892	0.00810995	0	0.332892	0.00810995	0.192301	0	0
51303	0.66221	-0.177606	0.126748	0.66221	0	0.126748	0	0.177606	0
55033	-0.718595	-0.169728	-0.290364	0	0	0	0.718595	0.169728	0.290364
2280	-0.876443	0.042858	0.268434	0	0.042858	0.268434	0.876443	0	0
2281	-0.761763	0.439179	0.0771778	0	0.439179	0.0771778	0.761763	0	0
2286	0.507621	0.596916	0.0398186	0.507621	0.596916	0.0398186	0	0	0
2289	0.78774	0.101581	-0.345397	0.78774	0.101581	0	0	0	0.345397
51661	0.518363	0.112291	-0.28073	0.518363	0.112291	0	0	0	0.28073
79147	-0.558335	-0.0971109	-0.0384344	0	0	0	0.558335	0.0971109	0.0384344
201163	-0.400602	-0.225387	0.248035	0	0	0.248035	0.400602	0.225387	0
2314	0.164005	0.536005	-0.020135	0.164005	0.536005	0	0	0	0.020135
2319	-0.385086	0.485989	0.387798	0	0.485989	0.387798	0.385086	0	0
23769	-0.695233	0.0983454	-0.166797	0	0.0983454	0	0.695233	0	0.166797
23768	0.701043	-0.298178	0.394948	0.701043	0	0.394948	0	0.298178	0
23767	0.55341	-0.218485	0.466352	0.55341	0	0.466352	0	0.218485	0
2321	0.593679	0.198252	-0.338046	0.593679	0.198252	0	0	0	0.338046
2322	0.837956	0.291225	-0.158635	0.837956	0.291225	0	0	0	0.158635
342184	0.895256	0.102399	0.276443	0.895256	0.102399	0.276443	0	0	0
56776	0.628689	-0.403282	0.0969983	0.628689	0	0.0969983	0	0.403282	0
114793	0.215288	0.0949138	-0.441014	0.215288	0.0949138	0	0	0	0.441014
2331	-0.0863674	0.361092	0.0518273	0	0.361092	0.0518273	0.0863674	0	0
2332	0.657204	0.182776	0.306054	0.657204	0.182776	0.306054	0	0	0
79672	-0.565247	0.271088	0.151125	0	0.271088	0.151125	0.565247	0	0
54874	-0.867805	-0.273309	0.172293	0	0	0.172293	0.867805	0.273309	0
643988	0.589459	0.415184	0.0661931	0.589459	0.415184	0.0661931	0	0	0
79025	0.597255	-0.130094	-0.103402	0.597255	0	0	0	0.130094	0.103402
22862	-0.478282	-0.41412	-0.189034	0	0	0	0.478282	0.41412	0.189034
64778	-0.257389	-0.00950581	0.305562	0	0	0.305562	0.257389	0.00950581	0
64838	0.837537	0.283823	0.128878	0.837537	0.283823	0.128878	0	0	0
252995	0.856543	-0.0866767	0.168167	0.856543	0	0.168167	0	0.0866767	0
408263	-0.419301	-0.738522	0.269652	0	0	0.269652	0.419301	0.738522	0
57600	-0.552088	0.124095	0.340712	0	0.124095	0.340712	0.552088	0	0
2339	0.297197	0.332142	-0.450222	0.297197	0.332142	0	0	0	0.450222
54914	0.626362	0.337706	0.187616	0.626362	0.337706	0.187616	0	0	0
219595	0.211197	0.163809	-0.418948	0.211197	0.163809	0	0	0	0.418948
2348	-0.64371	-0.269045	-0.250742	0	0	0	0.64371	0.269045	0.250742
2350	-0.802206	0.116813	-0.115425	0	0.116813	0	0.802206	0	0.115425
2353	0.0777807	-0.00563897	-0.505437	0.0777807	0	0	0	0.00563897	0.505437
2354	0.638185	-0.128084	0.158207	0.638185	0	0.158207	0	0.128084	0
2355	0.749296	-0.275805	-0.0195308	0.749296	0	0	0	0.275805	0.0195308
2296	0.298785	0.299056	-0.226588	0.298785	0.299056	0	0	0	0.226588
2297	0.127983	0.50758	-0.201394	0.127983	0.50758	0	0	0	0.201394
2294	0.22726	0.28157	-0.22915	0.22726	0.28157	0	0	0	0.22915
2295	-0.421938	0.509029	-0.107242	0	0.509029	0	0.421938	0	0.107242
2290	-0.516737	-0.16359	0.212388	0	0	0.212388	0.516737	0.16359	0
55810	-0.202184	-0.494068	0.289901	0	0	0.289901	0.202184	0.494068	0
22887	-0.520113	0.0266229	0.357961	0	0.0266229	0.357961	0.520113	0	0
221937	0.488452	-0.320276	-0.190663	0.488452	0	0	0	0.320276	0.190663
668	0.451095	0.486862	-0.0880442	0.451095	0.486862	0	0	0	0.0880442
1112	0.705091	-0.114463	-0.121058	0.705091	0	0	0	0.114463	0.121058
400236	-0.715422	0.170603	0.143437	0	0.170603	0.143437	0.715422	0	0
2308	-0.317454	-0.182287	-0.576723	0	0	0	0.317454	0.182287	0.576723
27086	0.442214	-0.449765	0.39637	0.442214	0	0.39637	0	0.449765	0
93986	0.466585	-0.389407	0.493507	0.466585	0	0.493507	0	0.389407	0
94234	0.388141	0.276781	0.0114494	0.388141	0.276781	0.0114494	0	0	0
80020	-0.750511	-0.157343	0.507813	0	0	0.507813	0.750511	0.157343	0
2307	0.215488	0.503394	-0.359244	0.215488	0.503394	0	0	0	0.359244
2356	-0.6072	-0.00185474	-0.355939	0	0	0	0.6072	0.00185474	0.355939
8790	0.220231	-0.0127458	-0.172428	0.220231	0	0	0	0.0127458	0.172428
2357	-0.431751	0.115659	-0.296459	0	0.115659	0	0.431751	0	0.296459
118924	-0.444643	0.432889	0.0679394	0	0.432889	0.0679394	0.444643	0	0
80144	0.33272	0.26665	0.0331791	0.33272	0.26665	0.0331791	0	0	0
10023	0.887044	-0.158536	0.0864288	0.887044	0	0.0864288	0	0.158536	0
23401	0.805333	-0.16872	0.14817	0.805333	0	0.14817	0	0.16872	0
166752	-0.63689	0.487883	0.389784	0	0.487883	0.389784	0.63689	0	0
2444	0.363219	0.498547	-0.360492	0.363219	0.498547	0	0	0	0.360492
257019	-0.708919	-0.179301	-0.164226	0	0	0	0.708919	0.179301	0.164226
55691	0.739127	-0.243488	-0.122337	0.739127	0	0	0	0.243488	0.122337
84978	0.734286	-0.0101833	-0.152715	0.734286	0	0	0	0.0101833	0.152715
122786	-0.0793321	-0.114463	0.573702	0	0	0.573702	0.0793321	0.114463	0
9758	-0.0732306	0.212614	0.620639	0	0.212614	0.620639	0.0732306	0	0
23732	-0.692648	-0.044127	0.372506	0	0	0.372506	0.692648	0.044127	0
285527	0.4837	0.0987199	-0.346098	0.4837	0.0987199	0	0	0	0.346098
2487	0.0809259	-0.281475	0.204765	0.0809259	0	0.204765	0	0.281475	0
100861412	0.662512	-0.32642	0.235141	0.662512	0	0.235141	0	0.32642	0
161835	-0.396742	-0.228431	0.160415	0	0	0.160415	0.396742	0.228431	0
11167	0.831948	-0.146953	-0.250981	0.831948	0	0	0	0.146953	0.250981
23105	0.601545	-0.0632719	0.500784	0.601545	0	0.500784	0	0.0632719	0
56884	-0.758389	0.361003	0.156805	0	0.361003	0.156805	0.758389	0	0
2495	-0.69398	0.399925	-0.0850249	0	0.399925	0	0.69398	0	0.0850249
2512	-0.662661	-0.00365146	-0.212414	0	0	0	0.662661	0.00365146	0.212414
2517	-0.710763	0.0361549	0.129645	0	0.0361549	0.129645	0.710763	0	0
65991	0.48291	0.423959	0.00545032	0.48291	0.423959	0.00545032	0	0	0
282969	-0.618018	0.139441	0.234531	0	0.139441	0.234531	0.618018	0	0
84750	-0.528402	0.282564	-0.120853	0	0.282564	0	0.528402	0	0.120853
170384	0.610561	0.225717	-0.0880247	0.610561	0.225717	0	0	0	0.0880247
10690	-0.447458	0.0592779	0.508607	0	0.0592779	0.508607	0.447458	0	0
8087	0.738668	0.268968	0.041557	0.738668	0.268968	0.041557	0	0	0
53826	-0.859635	0.000569369	0.321628	0	0.000569369	0.321628	0.859635	0	0
53822	0.160617	-0.118958	0.638921	0.160617	0	0.638921	0	0.118958	0
2533	-0.654924	0.106356	-0.254715	0	0.106356	0	0.654924	0	0.254715
2534	-0.329257	-0.399803	0.0109532	0	0	0.0109532	0.329257	0.399803	0
8321	-0.899645	0.0753568	-0.113209	0	0.0753568	0	0.899645	0	0.113209
11211	0.299856	0.375125	-0.294169	0.299856	0.375125	0	0	0	0.294169
2535	-0.689398	0.109503	-0.122325	0	0.109503	0	0.689398	0	0.122325
7976	-0.421692	0.127857	0.288475	0	0.127857	0.288475	0.421692	0	0
8322	0.661595	0.128798	-0.117338	0.661595	0.128798	0	0	0	0.117338
7855	0.142639	0.064592	-0.121504	0.142639	0.064592	0	0	0	0.121504
8323	0.738253	0.109129	-0.117125	0.738253	0.109129	0	0	0	0.117125
8324	-0.456637	-0.125657	-0.388592	0	0	0	0.456637	0.125657	0.388592
8325	-0.724902	0.100899	-0.220579	0	0.100899	0	0.724902	0	0.220579
8326	-0.575975	0.420428	0.130242	0	0.420428	0.130242	0.575975	0	0
51343	-0.76698	0.295585	0.138498	0	0.295585	0.138498	0.76698	0	0
50486	0.429291	0.622883	-0.326327	0.429291	0.622883	0	0	0	0.326327
2539	0.402625	0.233829	-0.061005	0.402625	0.233829	0	0	0	0.061005
2549	0.381665	0.112956	-0.307576	0.381665	0.112956	0	0	0	0.307576
11337	-0.744671	0.339918	-0.043318	0	0.339918	0	0.744671	0	0.043318
2550	-0.859222	0.0331062	0.101355	0	0.0331062	0.101355	0.859222	0	0
2554	0.668693	0.248823	0.286955	0.668693	0.248823	0.286955	0	0	0
2555	-0.633071	-0.600341	0.1124	0	0	0.1124	0.633071	0.600341	0
2556	-0.864334	0.235114	0.0195936	0	0.235114	0.0195936	0.864334	0	0
2557	0.755679	-0.0980325	-0.131774	0.755679	0	0	0	0.0980325	0.131774
2558	-0.95011	0.0107069	0.0133269	0	0.0107069	0.0133269	0.95011	0	0
2560	-0.912127	-0.100622	0.142085	0	0	0.142085	0.912127	0.100622	0
2561	0.714676	-0.00402058	0.265946	0.714676	0	0.265946	0	0.00402058	0
2562	-0.783393	-0.00380106	0.264999	0	0	0.264999	0.783393	0.00380106	0
2563	0.640388	0.344138	0.338998	0.640388	0.344138	0.338998	0	0	0
2564	-0.572594	-0.358722	0.262824	0	0	0.262824	0.572594	0.358722	0
2565	-0.618182	-0.426706	0.234484	0	0	0.234484	0.618182	0.426706	0
2566	0.640167	0.27372	0.4322	0.640167	0.27372	0.4322	0	0	0
2567	0.15	0.12485	0.240512	0.15	0.12485	0.240512	0	0	0
2571	0.476133	-0.375335	-0.0591983	0.476133	0	0	0	0.375335	0.0591983
4616	0.535226	0.144253	-0.151428	0.535226	0.144253	0	0	0	0.151428
90480	-0.560261	0.19509	0.235142	0	0.19509	0.235142	0.560261	0	0
51083	-0.083348	0.874106	-0.0551174	0	0.874106	0	0.083348	0	0.0551174
2582	0.650036	-0.178476	0.295774	0.650036	0	0.295774	0	0.178476	0
130589	-0.674114	0.150834	-0.239456	0	0.150834	0	0.674114	0	0.239456
63917	-0.560679	-0.0131226	0.205106	0	0	0.205106	0.560679	0.0131226	0
79695	0.554197	0.167845	-0.172115	0.554197	0.167845	0	0	0	0.172115
114805	0.398693	-0.0629026	0.342081	0.398693	0	0.342081	0	0.0629026	0
79623	-0.731603	0.0507607	0.290466	0	0.0507607	0.290466	0.731603	0	0
117248	0.00974239	0.313274	-0.558852	0.00974239	0.313274	0	0	0	0.558852
57452	-0.39992	0.400248	-0.232378	0	0.400248	0	0.39992	0	0.232378
64409	-0.582586	0.224465	0.419863	0	0.224465	0.419863	0.582586	0	0
374378	-0.590102	-0.362685	0.348945	0	0	0.348945	0.590102	0.362685	0
168391	-0.0552852	0.539	0.486991	0	0.539	0.486991	0.0552852	0	0
2587	0.689346	0.0302018	0.142313	0.689346	0.0302018	0.142313	0	0	0
2592	0.528136	0.137332	-0.144919	0.528136	0.137332	0	0	0	0.144919
2593	-0.56901	0.244394	-0.134184	0	0.244394	0	0.56901	0	0.134184
2595	0.474315	0.0410579	-0.330178	0.474315	0.0410579	0	0	0	0.330178
2596	-0.577331	0.499354	0.309103	0	0.499354	0.309103	0.577331	0	0
26130	0.661324	-0.109365	-0.166112	0.661324	0	0	0	0.109365	0.166112
54433	-0.693805	0.161532	0.0332684	0	0.161532	0.0332684	0.693805	0	0
84253	0.016759	0.0756733	-0.236667	0.016759	0.0756733	0	0	0	0.236667
2618	0.62294	-0.0731326	0.0815542	0.62294	0	0.0815542	0	0.0731326	0
2620	0.889468	-0.00661931	-0.0562113	0.889468	0	0	0	0.00661931	0.0562113
2621	0.731944	-0.0124088	-0.220858	0.731944	0	0	0	0.0124088	0.220858
54815	0.634838	0.232104	-0.190365	0.634838	0.232104	0	0	0	0.190365
5188	-0.612824	0.52847	0.121664	0	0.52847	0.121664	0.612824	0	0
2632	-0.0369588	0.737291	-0.33067	0	0.737291	0	0.0369588	0	0.33067
2634	0.0441712	-0.00277057	-0.43169	0.0441712	0	0	0	0.00277057	0.43169
2635	-0.206701	0.214047	-0.538651	0	0.214047	0	0.206701	0	0.538651
115361	0.252665	0.372372	-0.12642	0.252665	0.372372	0	0	0	0.12642
9648	0.755597	-0.182409	0.0358122	0.755597	0	0.0358122	0	0.182409	0
2644	0.404197	0.542857	0.0698557	0.404197	0.542857	0.0698557	0	0	0
2730	0.458217	0.478677	0.101218	0.458217	0.478677	0.101218	0	0	0
2650	-0.795246	0.190955	-0.0186964	0	0.190955	0	0.795246	0	0.0186964
2653	0.0816297	0.207142	-0.456671	0.0816297	0.207142	0	0	0	0.456671
9615	-0.921453	0.0487288	0.0640893	0	0.0487288	0.0640893	0.921453	0	0
51573	-0.49384	0.302688	0.0855906	0	0.302688	0.0855906	0.49384	0	0
2662	-0.584921	0.480274	0.0198465	0	0.480274	0.0198465	0.584921	0	0
151449	0.171472	0.730269	0.155554	0.171472	0.730269	0.155554	0	0	0
284161	0.850039	0.0807838	0.0256489	0.850039	0.0807838	0.0256489	0	0	0
54857	-0.74952	-0.117492	-0.0859282	0	0	0	0.74952	0.117492	0.0859282
81544	0.230506	0.513722	-0.125113	0.230506	0.513722	0	0	0	0.125113
390637	-0.492271	0.344331	0.174914	0	0.344331	0.174914	0.492271	0	0
2669	-0.260697	0.280028	-0.451319	0	0.280028	0	0.260697	0	0.451319
79760	0.511429	0.368837	0.178803	0.511429	0.368837	0.178803	0	0	0
54960	-0.538443	-0.056012	-0.15679	0	0	0	0.538443	0.056012	0.15679
2670	-0.519161	0.149528	-0.468238	0	0.149528	0	0.519161	0	0.468238
85476	0.689958	-0.178276	-0.119465	0.689958	0	0	0	0.178276	0.119465
54438	0.459579	-0.0901384	0.535196	0.459579	0	0.535196	0	0.0901384	0
81577	0.194527	0.541712	0.582089	0.194527	0.541712	0.582089	0	0	0
9945	0.247239	-0.491242	-0.0952146	0.247239	0	0	0	0.491242	0.0952146
2674	0.0478616	-0.0697429	-0.612313	0.0478616	0	0	0	0.0697429	0.612313
2675	0.775316	0.299658	0.0538238	0.775316	0.299658	0.0538238	0	0	0
23062	0.718949	-0.34394	0.183761	0.718949	0	0.183761	0	0.34394	0
79017	-0.876549	0.220687	0.209232	0	0.220687	0.209232	0.876549	0	0
2677	-0.740642	0.100284	0.136942	0	0.100284	0.136942	0.740642	0	0
8836	0.334087	0.0384495	0.0510039	0.334087	0.0384495	0.0510039	0	0	0
199720	-0.488297	0.379905	0.256244	0	0.379905	0.256244	0.488297	0	0
79893	0.0889891	0.56693	0.163356	0.0889891	0.56693	0.163356	0	0	0
2678	0.516002	-0.250461	0.191924	0.516002	0	0.191924	0	0.250461	0
2687	0.488025	0.411554	-0.217515	0.488025	0.411554	0	0	0	0.217515
124975	0.151463	-0.350865	0.0173181	0.151463	0	0.0173181	0	0.350865	0
2686	0.567599	-0.168208	0.0248687	0.567599	0	0.0248687	0	0.168208	0
92086	0.511466	-0.407036	0.17632	0.511466	0	0.17632	0	0.407036	0
84514	0.532453	0.232847	0.248758	0.532453	0.232847	0.248758	0	0	0
2690	-0.755686	-0.475346	0.0616269	0	0	0.0616269	0.755686	0.475346	0
51738	-0.412022	-0.12951	-0.133148	0	0	0	0.412022	0.12951	0.133148
100126793	0.726177	-0.10141	0.083943	0.726177	0	0.083943	0	0.10141	0
64599	0.612789	-0.49396	-0.113794	0.612789	0	0	0	0.49396	0.113794
26058	0.682803	-0.0748695	-0.027427	0.682803	0	0	0	0.0748695	0.027427
51659	-0.489973	0.121728	-0.0956307	0	0.121728	0	0.489973	0	0.0956307
10755	0.443242	0.462316	-0.0564588	0.443242	0.462316	0	0	0	0.0564588
9815	0.768976	-0.275871	-0.188556	0.768976	0	0	0	0.275871	0.188556
2697	-0.738611	-0.186337	-0.0506423	0	0	0	0.738611	0.186337	0.0506423
2705	0.385508	0.323757	-0.40786	0.385508	0.323757	0	0	0	0.40786
2709	0.13785	-0.0579778	0.429372	0.13785	0	0.429372	0	0.0579778	0
10052	0.684719	0.181448	-0.125581	0.684719	0.181448	0	0	0	0.125581
57165	0.421416	0.341321	-0.39715	0.421416	0.341321	0	0	0	0.39715
2710	0.709789	0.0802383	0.175443	0.709789	0.0802383	0.175443	0	0	0
256356	0.174452	-0.485511	-0.372561	0.174452	0	0	0	0.485511	0.372561
2717	0.433606	0.130771	-0.0237269	0.433606	0.130771	0	0	0	0.0237269
112937	0.706319	-0.00399932	0.135026	0.706319	0	0.135026	0	0.00399932	0
113263	0.87886	-0.233171	0.164631	0.87886	0	0.164631	0	0.233171	0
26035	-0.42056	0.268082	0.442045	0	0.268082	0.442045	0.42056	0	0
2731	-0.665064	0.268325	-0.273583	0	0.268325	0	0.665064	0	0.273583
342035	0.311578	0.152465	-0.381757	0.311578	0.152465	0	0	0	0.381757
2734	-0.502335	0.19104	-0.266596	0	0.19104	0	0.502335	0	0.266596
2735	-0.723161	-0.231409	-0.0961318	0	0	0	0.723161	0.231409	0.0961318
2737	-0.65063	-0.016441	-0.241609	0	0	0	0.65063	0.016441	0.241609
11010	0.792183	0.00756423	0.264351	0.792183	0.00756423	0.264351	0	0	0
148979	0.594773	-0.572296	0.0998363	0.594773	0	0.0998363	0	0.572296	0
169792	0.10148	-0.208661	0.375456	0.10148	0	0.375456	0	0.208661	0
11146	0.687264	-0.327427	0.11848	0.687264	0	0.11848	0	0.327427	0
2739	-0.620077	0.290444	-0.00287062	0	0.290444	0	0.620077	0	0.00287062
51031	-0.87617	-0.165276	0.0646644	0	0	0.0646644	0.87617	0.165276	0
9340	-0.609559	-0.180856	0.0581709	0	0	0.0581709	0.609559	0.180856	0
2742	-0.924725	-0.212229	0.0367228	0	0	0.0367228	0.924725	0.212229	0
8001	-0.834615	0.0309537	0.234276	0	0.0309537	0.234276	0.834615	0	0
2745	0.598412	0.487517	0.229154	0.598412	0.487517	0.229154	0	0	0
51022	0.794191	0.360204	-0.049475	0.794191	0.360204	0	0	0	0.049475
10539	0.444076	0.350718	-0.14405	0.444076	0.350718	0	0	0	0.14405
2744	0.557363	-0.495942	-0.0546274	0.557363	0	0	0	0.495942	0.0546274
27165	0.867382	0.0894982	0.191569	0.867382	0.0894982	0.191569	0	0	0
55830	-0.334282	-0.301414	-0.102075	0	0	0	0.334282	0.301414	0.102075
83468	-0.832798	-0.264246	0.203018	0	0	0.203018	0.832798	0.264246	0
2746	-0.689651	-0.281387	-0.206731	0	0	0	0.689651	0.281387	0.206731
2747	-0.789863	-0.114178	-0.119238	0	0	0	0.789863	0.114178	0.119238
2760	0.400429	0.0835824	-0.51807	0.400429	0.0835824	0	0	0	0.51807
2764	-0.885286	0.134922	0.13752	0	0.134922	0.13752	0.885286	0	0
9535	-0.824186	0.355451	-0.177026	0	0.355451	0	0.824186	0	0.177026
51291	-0.720033	0.329434	-0.325787	0	0.329434	0	0.720033	0	0.325787
51053	0.202316	-0.00697898	-0.267096	0.202316	0	0	0	0.00697898	0.267096
2766	0.564599	0.376691	-0.46785	0.564599	0.376691	0	0	0	0.46785
51292	0.41705	0.451569	-0.0153032	0.41705	0.451569	0	0	0	0.0153032
8833	0.393149	0.585056	-0.0149947	0.393149	0.585056	0	0	0	0.0149947
2768	-0.630098	-0.115963	-0.304343	0	0	0	0.630098	0.115963	0.304343
9630	0.511566	0.641278	-0.149607	0.511566	0.641278	0	0	0	0.149607
2769	0.0120353	0.63094	0.235302	0.0120353	0.63094	0.235302	0	0	0
2771	-0.642369	0.212053	-0.205292	0	0.212053	0	0.642369	0	0.205292
2774	-0.0664091	-0.251822	-0.341854	0	0	0	0.0664091	0.251822	0.341854
2775	-0.774675	-0.04476	0.158126	0	0	0.158126	0.774675	0.04476	0
2776	-0.57723	0.263108	0.245655	0	0.263108	0.245655	0.57723	0	0
2778	0.820415	0.297979	0.0123688	0.820415	0.297979	0.0123688	0	0	0
2781	-0.611176	0.073612	0.26165	0	0.073612	0.26165	0.611176	0	0
54584	-0.41098	0.187045	0.635695	0	0.187045	0.635695	0.41098	0	0
2783	-0.872043	0.0716918	0.163001	0	0.0716918	0.163001	0.872043	0	0
2784	0.637988	-0.205891	0.0800423	0.637988	0	0.0800423	0	0.205891	0
59345	-0.831855	0.310751	-0.206999	0	0.310751	0	0.831855	0	0.206999
2790	-0.800897	-0.400556	-0.0440899	0	0	0	0.800897	0.400556	0.0440899
2791	0.381305	0.365243	-0.321293	0.381305	0.365243	0	0	0	0.321293
55970	-0.682178	-0.0454517	-0.21339	0	0	0	0.682178	0.0454517	0.21339
51764	0.242933	0.325707	0.586288	0.242933	0.325707	0.586288	0	0	0
54331	-0.891936	-0.0742274	0.01701	0	0	0.01701	0.891936	0.0742274	0
2786	-0.922264	-0.0665192	-0.0365802	0	0	0	0.922264	0.0665192	0.0365802
2788	0.613073	0.173533	-0.22602	0.613073	0.173533	0	0	0	0.22602
2794	0.834156	-0.123233	0.114491	0.834156	0	0.114491	0	0.123233	0
29889	0.429785	0.156933	0.102453	0.429785	0.156933	0.102453	0	0	0
10578	0.406492	0.385897	-0.156414	0.406492	0.385897	0	0	0	0.156414
132789	0.579191	-0.0107293	0.306188	0.579191	0	0.306188	0	0.0107293	0
79158	-0.873095	-0.0368716	0.163651	0	0	0.163651	0.873095	0.0368716	0
2796	0.751153	-0.159492	-0.22584	0.751153	0	0	0	0.159492	0.22584
2800	0.340175	-0.241281	-0.247482	0.340175	0	0	0	0.241281	0.247482
401647	0.586353	0.520807	-0.0727634	0.586353	0.520807	0	0	0	0.0727634
23015	0.29177	-0.571895	0.0975521	0.29177	0	0.0975521	0	0.571895	0
2804	-0.663527	0.194021	0.145142	0	0.194021	0.145142	0.663527	0	0
51280	-0.878074	-0.0863864	0.0196005	0	0	0.0196005	0.878074	0.0863864	0
64083	0.715428	-0.0287999	0.00860421	0.715428	0	0.00860421	0	0.0287999	0
55204	-0.447371	0.313186	0.152992	0	0.313186	0.152992	0.447371	0	0
127845	-0.859495	0.0221049	-0.079954	0	0.0221049	0	0.859495	0	0.079954
54856	0.558492	-0.369729	-0.0381508	0.558492	0	0	0	0.369729	0.0381508
84520	0.25644	-0.261136	-0.276206	0.25644	0	0	0	0.261136	0.276206
57120	0.543011	0.0683126	0.344317	0.543011	0.0683126	0.344317	0	0	0
9570	-0.824502	0.0145424	0.113745	0	0.0145424	0.113745	0.824502	0	0
2805	0.471228	0.577957	0.219426	0.471228	0.577957	0.219426	0	0	0
2806	0.643916	0.120785	0.0782323	0.643916	0.120785	0.0782323	0	0	0
84803	0.926516	0.197074	0.0139545	0.926516	0.197074	0.0139545	0	0	0
54865	-0.249955	0.633428	0.0301736	0	0.633428	0.0301736	0.249955	0	0
23131	0.708053	-0.398182	-0.00928415	0.708053	0	0	0	0.398182	0.00928415
60313	0.479618	0.176544	-0.0312236	0.479618	0.176544	0	0	0	0.0312236
221914	-0.51194	-0.025111	-0.45884	0	0	0	0.51194	0.025111	0.45884
2239	-0.871257	-0.279234	-0.0352592	0	0	0	0.871257	0.279234	0.0352592
2262	-0.654058	-0.227748	-0.325163	0	0	0	0.654058	0.227748	0.325163
10082	-0.680868	0.119431	-0.0729725	0	0.119431	0	0.680868	0	0.0729725
56261	0.963384	0.0376353	0.0630844	0.963384	0.0376353	0.0630844	0	0	0
2819	-0.0477165	0.401922	-0.631346	0	0.401922	0	0.0477165	0	0.631346
2820	-0.801246	-0.250299	-0.056881	0	0	0	0.801246	0.250299	0.056881
2852	0.256738	0.53023	-0.288655	0.256738	0.53023	0	0	0	0.288655
10243	0.441243	-0.69813	0.0687053	0.441243	0	0.0687053	0	0.69813	0
338328	0.208577	0.329998	-0.476673	0.208577	0.329998	0	0	0	0.476673
2822	0.888666	-0.213978	0.062553	0.888666	0	0.062553	0	0.213978	0
2823	-0.753071	-0.228634	0.376746	0	0	0.376746	0.753071	0.228634	0
2824	-0.785481	0.0873965	-0.0804029	0	0.0873965	0	0.785481	0	0.0804029
11321	-0.452173	0.379019	0.296984	0	0.379019	0.296984	0.452173	0	0
54707	-0.19143	0.026284	0.475673	0	0.026284	0.475673	0.19143	0	0
10457	-0.688522	0.0891498	0.213691	0	0.0891498	0.213691	0.688522	0	0
57720	-0.67992	0.067237	-0.17312	0	0.067237	0	0.67992	0	0.17312
56927	0.745482	0.325033	-0.157965	0.745482	0.325033	0	0	0	0.157965
7107	-0.551691	-0.0161734	-0.348304	0	0	0	0.551691	0.0161734	0.348304
283554	0.536387	-0.420039	0.464089	0.536387	0	0.464089	0	0.420039	0
4935	-0.48641	0.431392	-0.209736	0	0.431392	0	0.48641	0	0.209736
115330	0.577035	0.144309	-0.044603	0.577035	0.144309	0	0	0	0.044603
344758	0.507716	-0.21912	-0.00785908	0.507716	0	0	0	0.21912	0.00785908
285601	-0.683957	-0.088568	0.426518	0	0	0.426518	0.683957	0.088568	0
151556	-0.42849	-0.178549	0.62296	0	0	0.62296	0.42849	0.178549	0
57512	0.775715	0.336565	0.237485	0.775715	0.336565	0.237485	0	0	0
26996	-0.941382	0.0753322	-0.0122293	0	0.0753322	0	0.941382	0	0.0122293
23432	0.920487	-0.0342832	0.0894196	0.920487	0	0.0894196	0	0.0342832	0
440435	-0.0650825	-0.00877274	-0.115796	0	0	0	0.0650825	0.00877274	0.115796
160897	0.690218	-0.162555	0.236826	0.690218	0	0.236826	0	0.162555	0
1880	-0.495331	0.0990838	-0.318904	0	0.0990838	0	0.495331	0	0.318904
2842	0.38917	-0.57088	-0.00466946	0.38917	0	0	0	0.57088	0.00466946
2843	0.285136	0.8269	0.0837914	0.285136	0.8269	0.0837914	0	0	0
2845	0.498382	0.191091	0.285595	0.498382	0.191091	0.285595	0	0	0
2848	-0.650424	0.0585703	0.190084	0	0.0585703	0.190084	0.650424	0	0
2849	-0.134634	0.615541	-0.0292734	0	0.615541	0	0.134634	0	0.0292734
2850	-0.742513	-0.217659	0.059365	0	0	0.059365	0.742513	0.217659	0
2857	-0.637646	0.083374	-0.135286	0	0.083374	0	0.637646	0	0.135286
2828	0.435039	0.448784	-0.284458	0.435039	0.448784	0	0	0	0.284458
2830	-0.729827	-0.42019	0.283644	0	0	0.283644	0.729827	0.42019	0
83873	0.519564	-0.0204069	0.281389	0.519564	0	0.281389	0	0.0204069	0
118442	0.12654	0.198691	-0.381876	0.12654	0.198691	0	0	0	0.381876
8111	-0.85714	0.282503	-0.0694832	0	0.282503	0	0.85714	0	0.0694832
10888	-0.293387	-0.490381	0.184452	0	0	0.184452	0.293387	0.490381	0
54329	0.590987	-0.0458493	-0.074408	0.590987	0	0	0	0.0458493	0.074408
54112	-0.886026	-0.246033	0.169181	0	0	0.169181	0.886026	0.246033	0
55890	-0.450631	-0.124076	-0.320164	0	0	0	0.450631	0.124076	0.320164
114787	-0.854868	-0.223782	0.237844	0	0	0.237844	0.854868	0.223782	0
9721	-0.861592	0.0853713	-0.0266517	0	0.0853713	0	0.861592	0	0.0266517
26086	-0.665632	-0.274774	0.113171	0	0	0.113171	0.665632	0.274774	0
29899	0.259127	0.265006	-0.550229	0.259127	0.265006	0	0	0	0.550229
84706	-0.75255	0.117816	-0.0690293	0	0.117816	0	0.75255	0	0.0690293
2878	0.274475	0.716068	0.340248	0.274475	0.716068	0.340248	0	0	0
2879	-0.392045	0.568407	0.14394	0	0.568407	0.14394	0.392045	0	0
2882	0.118289	-0.511029	-0.285308	0.118289	0	0	0	0.511029	0.285308
57476	0.816309	-0.016188	-0.101671	0.816309	0	0	0	0.016188	0.101671
23151	-0.623895	0.483212	0.156753	0	0.483212	0.156753	0.623895	0	0
2887	-0.748073	0.1347	0.146052	0	0.1347	0.146052	0.748073	0	0
2888	-0.450895	0.399034	0.0785174	0	0.399034	0.0785174	0.450895	0	0
9687	0.711699	-0.37643	-0.0573521	0.711699	0	0	0	0.37643	0.0573521
80000	0.124239	-0.651551	-0.155921	0.124239	0	0	0	0.651551	0.155921
26585	-0.112345	0.422198	-0.348307	0	0.422198	0	0.112345	0	0.348307
64388	0.224293	0.415783	-0.247995	0.224293	0.415783	0	0	0	0.247995
9380	0.0594892	0.469747	-0.276245	0.0594892	0.469747	0	0	0	0.276245
2890	-0.907225	0.0383431	-0.00237224	0	0.0383431	0	0.907225	0	0.00237224
2891	-0.387269	-0.0904196	0.421991	0	0	0.421991	0.387269	0.0904196	0
2894	0.32608	0.463787	-0.283819	0.32608	0.463787	0	0	0	0.283819
2895	-0.898652	0.0727951	-0.161823	0	0.0727951	0	0.898652	0	0.161823
2897	-0.584461	-0.265991	0.278971	0	0	0.278971	0.584461	0.265991	0
2898	-0.817083	-0.279626	0.185331	0	0	0.185331	0.817083	0.279626	0
2899	-0.700399	0.112128	0.0135124	0	0.112128	0.0135124	0.700399	0	0
2900	-0.517528	0.407977	-0.329362	0	0.407977	0	0.517528	0	0.329362
2901	-0.68086	-0.15575	0.142633	0	0	0.142633	0.68086	0.15575	0
2903	0.841672	0.191215	0.327106	0.841672	0.191215	0.327106	0	0	0
2904	-0.707258	-0.0966069	0.163017	0	0	0.163017	0.707258	0.0966069	0
2905	-0.567566	-0.0726433	-0.122571	0	0	0	0.567566	0.0726433	0.122571
116443	-0.922549	0.176519	0.0288548	0	0.176519	0.0288548	0.922549	0	0
80852	0.526137	0.165728	-0.0543699	0.526137	0.165728	0	0	0	0.0543699
157	0.307581	0.303384	-0.218323	0.307581	0.303384	0	0	0	0.218323
2869	-0.0625603	-0.556201	0.485159	0	0	0.485159	0.0625603	0.556201	0
2911	-0.818324	-0.0972783	0.387072	0	0	0.387072	0.818324	0.0972783	0
2913	-0.553492	0.406589	-0.0103471	0	0.406589	0	0.553492	0	0.0103471
2914	0.181201	0.268817	-0.483887	0.181201	0.268817	0	0	0	0.483887
2915	-0.466615	-0.530361	0.137643	0	0	0.137643	0.466615	0.530361	0
2917	-0.472495	-0.35199	0.535677	0	0	0.535677	0.472495	0.35199	0
2918	-0.650765	-0.133807	0.392374	0	0	0.392374	0.650765	0.133807	0
2896	-0.66498	0.167073	-0.119732	0	0.167073	0	0.66498	0	0.119732
2922	-0.878777	-0.123005	-0.189362	0	0	0	0.878777	0.123005	0.189362
134266	0.717624	0.125323	0.214479	0.717624	0.125323	0.214479	0	0	0
2926	-0.487328	0.541386	0.148184	0	0.541386	0.148184	0.487328	0	0
54103	0.489688	-0.376284	0.0756986	0.489688	0	0.0756986	0	0.376284	0
55876	0.713135	-0.391166	0.226172	0.713135	0	0.226172	0	0.391166	0
1687	0.00558417	0.069664	0.132883	0.00558417	0.069664	0.132883	0	0	0
23199	0.537816	-0.105663	-0.283909	0.537816	0	0	0	0.105663	0.283909
83445	-0.798671	0.327137	0.151959	0	0.327137	0.151959	0.798671	0	0
146395	-0.540062	-0.196607	0.314281	0	0	0.314281	0.540062	0.196607	0
2932	0.760419	0.25624	0.334061	0.760419	0.25624	0.334061	0	0	0
51527	-0.817724	0.388693	0.0540284	0	0.388693	0.0540284	0.817724	0	0
2934	-0.0143295	0.142646	-0.536788	0	0.142646	0	0.0143295	0	0.536788
23708	-0.685348	-0.352787	0.180093	0	0	0.180093	0.685348	0.352787	0
2936	0.349719	-0.337801	-0.0650666	0.349719	0	0	0	0.337801	0.0650666
2937	-0.778167	0.246523	0.232258	0	0.246523	0.232258	0.778167	0	0
79807	-0.00160038	-0.590288	-0.0969264	0	0	0	0.00160038	0.590288	0.0969264
373156	0.546938	-0.0615386	-0.392678	0.546938	0	0	0	0.0615386	0.392678
2944	-0.510979	-0.286175	-0.0597089	0	0	0	0.510979	0.286175	0.0597089
2946	-0.673766	-0.0528899	-0.214601	0	0	0	0.673766	0.0528899	0.214601
2947	-0.882018	0.019696	0.0283049	0	0.019696	0.0283049	0.882018	0	0
2949	-0.641404	-0.332548	0.0706063	0	0	0.0706063	0.641404	0.332548	0
119391	-0.727793	-0.131441	0.142625	0	0	0.142625	0.727793	0.131441	0
2950	-0.482783	0.252878	-0.384041	0	0.252878	0	0.482783	0	0.384041
2952	0.840837	0.360584	-0.0967803	0.840837	0.360584	0	0	0	0.0967803
79712	-0.246394	0.682954	0.0625642	0	0.682954	0.0625642	0.246394	0	0
2957	0.613135	0.119596	0.0704476	0.613135	0.119596	0.0704476	0	0	0
2958	0.455343	0.281313	-0.20074	0.455343	0.281313	0	0	0	0.20074
2963	-0.808167	-0.210348	-0.115843	0	0	0	0.808167	0.210348	0.115843
404672	-0.867516	0.0495876	-0.089908	0	0.0495876	0	0.867516	0	0.089908
9569	0.395491	-0.0553589	-0.212863	0.395491	0	0	0	0.0553589	0.212863
2971	0.568834	0.328673	0.203508	0.568834	0.328673	0.203508	0	0	0
2976	0.58672	-0.0965727	0.0474191	0.58672	0	0.0474191	0	0.0965727	0
9330	0.743151	-0.22361	0.0130049	0.743151	0	0.0130049	0	0.22361	0
112495	-0.872427	0.0503724	-0.152799	0	0.0503724	0	0.872427	0	0.152799
9567	0.290082	-0.574754	-0.311616	0.290082	0	0	0	0.574754	0.311616
23560	-0.634903	0.24125	0.0150069	0	0.24125	0.0150069	0.634903	0	0
2981	0.858105	-0.122498	-0.132949	0.858105	0	0	0	0.122498	0.132949
83606	0.56393	-0.121127	-0.332649	0.56393	0	0	0	0.121127	0.332649
2982	-0.682147	-0.221004	0.171378	0	0	0.171378	0.682147	0.221004	0
2977	0.453457	0.684991	0.0965358	0.453457	0.684991	0.0965358	0	0	0
2983	-0.59276	0.0405016	0.456425	0	0.0405016	0.456425	0.59276	0	0
2987	-0.756622	0.339652	0.055957	0	0.339652	0.055957	0.756622	0	0
51454	-0.40406	0.199796	0.444098	0	0.199796	0.444098	0.40406	0	0
2990	0.0556886	-0.360026	-0.393857	0.0556886	0	0	0	0.360026	0.393857
727936	-0.661126	0.289323	-0.421436	0	0.289323	0	0.661126	0	0.421436
2992	-0.0457834	0.729639	-0.14569	0	0.729639	0	0.0457834	0	0.14569
8908	-0.320103	0.454339	0.145774	0	0.454339	0.145774	0.320103	0	0
2996	-0.871839	0.138141	0.131475	0	0.138141	0.131475	0.871839	0	0
64412	0.62418	0.172074	0.12924	0.62418	0.172074	0.12924	0	0	0
23498	0.567186	-0.0415358	0.320058	0.567186	0	0.320058	0	0.0415358	0
9200	-0.596473	0.348021	-0.27039	0	0.348021	0	0.596473	0	0.27039
201562	0.107189	-0.56128	0.111086	0.107189	0	0.111086	0	0.56128	0
401494	-0.828447	0.00694956	-0.0827023	0	0.00694956	0	0.828447	0	0.0827023
57531	0.514238	-0.431824	0.0973325	0.514238	0	0.0973325	0	0.431824	0
26061	0.317605	0.630033	0.201785	0.317605	0.630033	0.201785	0	0	0
3033	-0.682256	-0.347813	-0.12466	0	0	0	0.682256	0.347813	0.12466
3032	-0.310977	0.260603	-0.547396	0	0.260603	0	0.310977	0	0.547396
84264	0.741695	0.425397	0.0161762	0.741695	0.425397	0.0161762	0	0	0
57817	0.0108542	-0.0659171	0.424599	0.0108542	0	0.424599	0	0.0659171	0
60484	0.330385	0.224117	-0.48899	0.330385	0.224117	0	0	0	0.48899
404037	0.867486	0.4116	0.147654	0.867486	0.4116	0.147654	0	0	0
768096	0.722751	0.362547	0.165804	0.722751	0.362547	0.165804	0	0	0
283254	0.329717	0.504516	-0.142655	0.329717	0.504516	0	0	0	0.142655
79441	-0.00781085	-0.715605	-0.101423	0	0	0	0.00781085	0.715605	0.101423
54801	0.494369	0.0843341	0.113882	0.494369	0.0843341	0.113882	0	0	0
55559	-0.167266	0.634049	-0.10944	0	0.634049	0	0.167266	0	0.10944
93323	0.463401	-0.39431	0.0563958	0.463401	0	0.0563958	0	0.39431	0
84868	-0.513128	0.0264248	-0.382245	0	0.0264248	0	0.513128	0	0.382245
3047	-0.785398	0.103023	-0.152327	0	0.103023	0	0.785398	0	0.152327
3042	-0.427124	0.541979	0.0521506	0	0.541979	0.0521506	0.427124	0	0
26959	0.426941	-0.324271	-0.315676	0.426941	0	0	0	0.324271	0.315676
3049	-0.818202	0.361859	0.0950797	0	0.361859	0.0950797	0.818202	0	0
3050	-0.697986	0.0146157	0.126826	0	0.0146157	0.126826	0.697986	0	0
3059	-0.446234	0.043186	-0.457058	0	0.043186	0	0.446234	0	0.457058
348980	0.832398	0.35895	0.12756	0.832398	0.35895	0.12756	0	0	0
610	0.785051	0.204185	-0.199362	0.785051	0.204185	0	0	0	0.199362
57657	-0.304251	0.190508	0.189283	0	0.190508	0.189283	0.304251	0	0
10021	-0.487206	0.596039	-0.231665	0	0.596039	0	0.487206	0	0.231665
10870	-0.769927	0.109097	-0.191568	0	0.109097	0	0.769927	0	0.191568
9759	0.389667	-0.445947	-0.118431	0.389667	0	0	0	0.445947	0.118431
10014	0.00609116	0.280457	-0.193996	0.00609116	0.280457	0	0	0	0.193996
51564	0.379215	-0.466239	-0.0353093	0.379215	0	0	0	0.466239	0.0353093
55869	0.520439	-0.528652	-0.0705032	0.520439	0	0	0	0.528652	0.0705032
9734	-0.324466	0.458152	0.419471	0	0.458152	0.419471	0.324466	0	0
3067	-0.728569	0.222952	0.325053	0	0.222952	0.325053	0.728569	0	0
51020	-0.223417	0.470117	-0.307615	0	0.470117	0	0.223417	0	0.307615
50810	-0.541421	-0.161512	0.419836	0	0	0.419836	0.541421	0.161512	0
84064	0.128004	0.475793	0.0447591	0.128004	0.475793	0.0447591	0	0	0
50865	-0.645151	0.150308	-0.230853	0	0.150308	0	0.645151	0	0.230853
23593	-0.214659	-0.312302	-0.551663	0	0	0	0.214659	0.312302	0.551663
51696	0.705038	0.444239	0.21288	0.705038	0.444239	0.21288	0	0	0
25831	0.485154	-0.00872318	0.0890076	0.485154	0	0.0890076	0	0.00872318	0
143279	-0.799313	-0.16487	0.208429	0	0	0.208429	0.799313	0.16487	0
23072	0.791373	-0.000988696	0.240459	0.791373	0	0.240459	0	0.000988696	0
57493	0.356082	0.351455	-0.450953	0.356082	0.351455	0	0	0	0.450953
92797	0.643917	-0.0609829	-0.0457736	0.643917	0	0	0	0.0609829	0.0457736
3070	0.227107	-0.654342	0.166464	0.227107	0	0.166464	0	0.654342	0
113510	0.605522	0.0893567	0.050389	0.605522	0.0893567	0.050389	0	0	0
220296	-0.456085	-0.0941269	-0.483563	0	0	0	0.456085	0.0941269	0.483563
8916	0.605184	-0.481842	-0.252249	0.605184	0	0	0	0.481842	0.252249
51191	-0.529956	-0.00955898	-0.21156	0	0	0	0.529956	0.00955898	0.21156
55008	0.6694	0.416138	0.139644	0.6694	0.416138	0.139644	0	0	0
9709	0.669672	0.311694	0.0881717	0.669672	0.311694	0.0881717	0	0	0
3280	-0.564167	0.140769	-0.359889	0	0.140769	0	0.564167	0	0.359889
57801	-0.813582	0.165301	0.173535	0	0.165301	0.173535	0.813582	0	0
388585	-0.821261	-0.0961203	-0.218524	0	0	0	0.821261	0.0961203	0.218524
55502	0.837793	0.23932	-0.141875	0.837793	0.23932	0	0	0	0.141875
3074	0.269876	0.412744	0.408089	0.269876	0.412744	0.408089	0	0	0
10614	0.78737	0.345268	0.108637	0.78737	0.345268	0.108637	0	0	0
23462	-0.536499	0.362378	0.215441	0	0.362378	0.215441	0.536499	0	0
23493	-0.460883	-0.0819521	-0.371522	0	0	0	0.460883	0.0819521	0.371522
26508	-0.743182	0.0975284	-0.38634	0	0.0975284	0	0.743182	0	0.38634
3082	-0.582429	0.396034	0.129839	0	0.396034	0.129839	0.582429	0	0
51236	-0.798216	-0.0942577	-0.187443	0	0	0	0.798216	0.0942577	0.187443
138050	-0.560793	-0.359637	0.0964456	0	0	0.0964456	0.560793	0.359637	0
55733	0.335003	0.37857	-0.133579	0.335003	0.37857	0	0	0	0.133579
57467	0.391858	0.0953466	-0.263363	0.391858	0.0953466	0	0	0	0.263363
3087	-0.429042	-0.00656843	-0.256413	0	0	0	0.429042	0.00656843	0.256413
646576	0.361899	0.0980152	-0.451231	0.361899	0.0980152	0	0	0	0.451231
84439	-0.856082	0.0840424	0.105619	0	0.0840424	0.105619	0.856082	0	0
23119	-0.153596	-0.665203	0.170695	0	0	0.170695	0.153596	0.665203	0
51751	0.54491	0.555346	-0.167225	0.54491	0.555346	0	0	0	0.167225
135114	-0.541568	-0.0908348	-0.135158	0	0	0	0.541568	0.0908348	0.135158
3097	0.662407	0.127101	0.295777	0.662407	0.127101	0.295777	0	0	0
3099	-0.433077	-0.0638446	-0.412542	0	0	0	0.433077	0.0638446	0.412542
80201	-0.655045	0.0952381	0.000228579	0	0.0952381	0.000228579	0.655045	0	0
3105	-0.337194	0.0488644	-0.516759	0	0.0488644	0	0.337194	0	0.516759
3106	-0.00889557	0.0390859	-0.552805	0	0.0390859	0	0.00889557	0	0.552805
3107	-0.152028	0.00819783	-0.595022	0	0.00819783	0	0.152028	0	0.595022
3108	-0.470437	0.19063	-0.445926	0	0.19063	0	0.470437	0	0.445926
3109	-0.631599	0.0439126	-0.325007	0	0.0439126	0	0.631599	0	0.325007
3111	-0.626869	0.166742	-0.399684	0	0.166742	0	0.626869	0	0.399684
3113	-0.183216	0.0818224	-0.414086	0	0.0818224	0	0.183216	0	0.414086
3115	-0.0599612	-0.198764	-0.424094	0	0	0	0.0599612	0.198764	0.424094
3119	-0.322634	0.133165	-0.118207	0	0.133165	0	0.322634	0	0.118207
3122	-0.459299	0.0596859	-0.335538	0	0.0596859	0	0.459299	0	0.335538
3123	-0.330049	0.174353	-0.448233	0	0.174353	0	0.330049	0	0.448233
3127	-0.353194	0.17132	-0.480398	0	0.17132	0	0.353194	0	0.480398
3133	0.0583425	0.199391	-0.509475	0.0583425	0.199391	0	0	0	0.509475
3135	-0.169143	0.0229041	-0.591458	0	0.0229041	0	0.169143	0	0.591458
3141	-0.321233	0.480656	-0.508537	0	0.480656	0	0.321233	0	0.508537
3131	0.439553	0.0318348	0.332252	0.439553	0.0318348	0.332252	0	0	0
6596	0.557052	-0.0440777	-0.0548819	0.557052	0	0	0	0.0440777	0.0548819
3145	0.708978	0.389361	-0.112472	0.708978	0.389361	0	0	0	0.112472
56941	0.656792	-0.303671	0.115875	0.656792	0	0.115875	0	0.303671	0
3146	-0.636827	-0.236689	0.126268	0	0	0.126268	0.636827	0.236689	0
3148	0.492784	-0.29704	0.0475163	0.492784	0	0.0475163	0	0.29704	0
3149	-0.617102	-0.0476518	0.330302	0	0	0.330302	0.617102	0.0476518	0
3155	-0.648263	0.205224	-0.196249	0	0.205224	0	0.648263	0	0.196249
3156	-0.795549	0.0180462	0.362288	0	0.0180462	0.362288	0.795549	0	0
3157	-0.750948	0.234529	0.320253	0	0.234529	0.320253	0.750948	0	0
3151	-0.622813	-0.214408	-0.0533033	0	0	0	0.622813	0.214408	0.0533033
3162	-0.2925	0.146072	-0.502612	0	0.146072	0	0.2925	0	0.502612
3163	0.365216	0.623974	-0.0521055	0.365216	0.623974	0	0	0	0.0521055
3176	-0.436913	-0.232049	-0.186605	0	0	0	0.436913	0.232049	0.186605
144983	0.741445	-0.269272	-0.0707377	0.741445	0	0	0	0.269272	0.0707377
220988	0.656018	-0.395188	-0.0621443	0.656018	0	0	0	0.395188	0.0621443
3183	-0.873002	-0.297727	0.0168215	0	0	0.0168215	0.873002	0.297727	0
9987	0.434814	-0.351373	0.204579	0.434814	0	0.204579	0	0.351373	0
3185	0.497789	-0.143676	-0.166598	0.497789	0	0	0	0.143676	0.166598
3187	0.393919	-0.427241	-0.141709	0.393919	0	0	0	0.427241	0.141709
3192	0.22697	-0.526924	-0.0831904	0.22697	0	0	0	0.526924	0.0831904
221092	0.738256	0.188202	0.198989	0.738256	0.188202	0.198989	0	0	0
9456	-0.0171794	0.525062	0.342413	0	0.525062	0.342413	0.0171794	0	0
9454	0.472973	0.365849	-0.586692	0.472973	0.365849	0	0	0	0.586692
51361	-0.250537	-0.409421	0.499137	0	0	0.499137	0.250537	0.409421	0
84525	-0.662421	-0.348752	0.42183	0	0	0.42183	0.662421	0.348752	0
3231	0.303703	0.381764	-0.45539	0.303703	0.381764	0	0	0	0.45539
3208	-0.699585	-0.19218	0.302662	0	0	0.302662	0.699585	0.19218	0
3241	-0.709484	-0.0984506	0.165811	0	0	0.165811	0.709484	0.0984506	0
51440	-0.901759	-0.213999	0.21255	0	0	0.21255	0.901759	0.213999	0
3248	-0.580938	0.203977	-0.194289	0	0.203977	0	0.580938	0	0.194289
27306	-0.60359	0.0853632	-0.184947	0	0.0853632	0	0.60359	0	0.184947
3249	0.445279	0.122445	-0.294526	0.445279	0.122445	0	0	0	0.294526
3257	0.847506	0.0234634	-0.107455	0.847506	0.0234634	0	0	0	0.107455
60495	0.0203403	0.439007	0.132377	0.0203403	0.439007	0.132377	0	0	0
55806	0.901361	0.252749	0.117968	0.901361	0.252749	0.117968	0	0	0
3265	-0.803137	0.265993	0.0672591	0	0.265993	0.0672591	0.803137	0	0
3270	0.674033	0.208524	-0.196739	0.674033	0.208524	0	0	0	0.196739
3269	-0.784613	0.167741	0.423675	0	0.167741	0.423675	0.784613	0	0
3274	0.398186	-0.398942	0.433547	0.398186	0	0.433547	0	0.398942	0
11255	-0.399305	0.458635	-0.345622	0	0.458635	0	0.399305	0	0.345622
8739	-0.658189	0.268704	-0.16829	0	0.268704	0	0.658189	0	0.16829
9653	-0.637314	-0.221677	0.4594	0	0	0.4594	0.637314	0.221677	0
9957	0.846525	-0.305606	0.1122	0.846525	0	0.1122	0	0.305606	0
9956	-0.0780787	0.628667	0.197003	0	0.628667	0.197003	0.0780787	0	0
9951	-0.308993	-0.0926201	-0.303185	0	0	0	0.308993	0.0926201	0.303185
222537	0.718424	0.486143	-0.208486	0.718424	0.486143	0	0	0	0.208486
90161	0.555992	0.338525	-0.212374	0.555992	0.338525	0	0	0	0.212374
3281	-0.841527	0.249243	-0.231571	0	0.249243	0	0.841527	0	0.231571
440498	0.658596	0.356435	-0.372359	0.658596	0.356435	0	0	0	0.372359
3290	0.697964	0.265908	-0.243991	0.697964	0.265908	0	0	0	0.243991
374875	-0.806529	0.168971	0.2286	0	0.168971	0.2286	0.806529	0	0
3028	-0.372308	0.312623	-0.380321	0	0.312623	0	0.372308	0	0.380321
51170	0.21464	-0.369009	0.0471257	0.21464	0	0.0471257	0	0.369009	0
51144	0.0535885	0.306839	-0.512132	0.0535885	0.306839	0	0	0	0.512132
51171	-0.569886	-0.178848	0.00443215	0	0	0.00443215	0.569886	0.178848	0
3295	0.342591	0.329431	-0.350972	0.342591	0.329431	0	0	0	0.350972
8630	-0.593415	0.125067	-0.0682098	0	0.125067	0	0.593415	0	0.0682098
80270	-0.535632	-0.0250911	-0.477818	0	0	0	0.535632	0.0250911	0.477818
84263	-0.533833	0.15185	-0.415245	0	0.15185	0	0.533833	0	0.415245
3299	0.522079	-0.325751	-0.00543297	0.522079	0	0	0	0.325751	0.00543297
3326	-0.694637	0.224156	0.163853	0	0.224156	0.163853	0.694637	0	0
7184	-0.726382	-0.0180097	0.200183	0	0	0.200183	0.726382	0.0180097	0
259217	0.293109	0.672319	0.0977934	0.293109	0.672319	0.0977934	0	0	0
116835	0.224495	0.587405	0.153611	0.224495	0.587405	0.153611	0	0	0
6782	-0.659007	0.0599733	0.234525	0	0.0599733	0.234525	0.659007	0	0
3306	0.112808	0.180445	-0.377642	0.112808	0.180445	0	0	0	0.377642
3308	-0.065589	0.64239	-0.0220961	0	0.64239	0	0.065589	0	0.0220961
22824	0.862006	-0.00997717	-0.167803	0.862006	0	0	0	0.00997717	0.167803
3309	-0.546201	-0.272321	-0.317499	0	0	0	0.546201	0.272321	0.317499
3315	-0.40158	0.496416	-0.207628	0	0.496416	0	0.40158	0	0.207628
3316	0.586608	0.512088	-0.368509	0.586608	0.512088	0	0	0	0.368509
8988	-0.598096	0.677933	0.017682	0	0.677933	0.017682	0.598096	0	0
126393	0.780764	0.0733066	0.000417564	0.780764	0.0733066	0.000417564	0	0	0
26353	0.112019	0.563866	-0.170791	0.112019	0.563866	0	0	0	0.170791
79663	0.626645	-0.338005	-0.158218	0.626645	0	0	0	0.338005	0.158218
3329	-0.479317	0.380313	-0.272191	0	0.380313	0	0.479317	0	0.272191
3336	0.0701663	0.469157	-0.328568	0.0701663	0.469157	0	0	0	0.328568
10808	0.642197	0.35981	0.215626	0.642197	0.35981	0.215626	0	0	0
10553	0.660067	0.321361	-0.126484	0.660067	0.321361	0	0	0	0.126484
27336	-0.538805	-0.0830996	-0.0359466	0	0	0	0.538805	0.0830996	0.0359466
3350	-0.817766	-0.353865	0.128516	0	0	0.128516	0.817766	0.353865	0
3352	-0.343085	-0.623247	0.310794	0	0	0.310794	0.343085	0.623247	0
3354	0.0151029	0.634135	0.533288	0.0151029	0.634135	0.533288	0	0	0
3355	0.907753	-0.138928	0.184465	0.907753	0	0.184465	0	0.138928	0
3356	0.265376	-0.31691	0.534174	0.265376	0	0.534174	0	0.31691	0
3358	-0.729149	-0.494218	0.172663	0	0	0.172663	0.729149	0.494218	0
9177	-0.0284741	-0.223072	0.819774	0	0	0.819774	0.0284741	0.223072	0
3360	-0.355254	-0.684194	0.128867	0	0	0.128867	0.355254	0.684194	0
3361	0.457228	0.200769	0.518489	0.457228	0.200769	0.518489	0	0	0
3363	-0.835416	0.315119	-0.095914	0	0.315119	0	0.835416	0	0.095914
5654	-0.115035	0.286648	-0.516197	0	0.286648	0	0.115035	0	0.516197
94031	-0.272578	0.0497659	-0.290564	0	0.0497659	0	0.272578	0	0.290564
30811	0.675916	0.00462016	0.066262	0.675916	0.00462016	0.066262	0	0	0
84329	-0.171717	0.45987	-0.322819	0	0.45987	0	0.171717	0	0.322819
8372	0.35595	0.646401	0.156737	0.35595	0.646401	0.156737	0	0	0
54768	-0.720742	-0.285355	-0.178184	0	0	0	0.720742	0.285355	0.178184
81888	-0.744996	-0.230246	-0.126284	0	0	0	0.744996	0.230246	0.126284
123688	-0.262056	0.102915	-0.409216	0	0.102915	0	0.262056	0	0.409216
219844	0.693093	-0.0631071	0.193603	0.693093	0	0.193603	0	0.0631071	0
55699	-0.491021	0.378521	-0.181637	0	0.378521	0	0.491021	0	0.181637
3382	0.801184	-0.255434	0.295937	0.801184	0	0.295937	0	0.255434	0
130026	0.181668	-0.443765	0.186365	0.181668	0	0.186365	0	0.443765	0
3384	0.275963	0.334042	-0.2158	0.275963	0.334042	0	0	0	0.2158
3385	-0.564139	0.00364943	-0.181492	0	0.00364943	0	0.564139	0	0.181492
7087	-0.810722	-0.311115	0.176041	0	0	0.176041	0.810722	0.311115	0
23379	-0.755801	-0.11896	-0.00870599	0	0	0	0.755801	0.11896	0.00870599
3397	0.319906	0.25063	-0.34317	0.319906	0.25063	0	0	0	0.34317
3398	-0.0223323	-0.0970914	0.26222	0	0	0.26222	0.0223323	0.0970914	0
3400	-0.65543	-0.0339221	-0.346606	0	0	0	0.65543	0.0339221	0.346606
3416	0.841001	-0.126349	-0.144922	0.841001	0	0	0	0.126349	0.144922
3417	-0.241329	0.189531	-0.489378	0	0.189531	0	0.241329	0	0.489378
100507475	-0.413396	0.274356	-0.339215	0	0.274356	0	0.413396	0	0.339215
3418	-0.638479	0.164536	-0.0385059	0	0.164536	0	0.638479	0	0.0385059
3419	0.532297	0.281185	-0.122571	0.532297	0.281185	0	0	0	0.122571
3420	0.261835	0.528179	0.206639	0.261835	0.528179	0.206639	0	0	0
3421	0.595246	0.465824	-0.109617	0.595246	0.465824	0	0	0	0.109617
3422	-0.501603	0.550007	-0.0911273	0	0.550007	0	0.501603	0	0.0911273
55853	0.830614	0.181371	-0.156999	0.830614	0.181371	0	0	0	0.156999
414328	-0.776161	-0.0330251	0.0116387	0	0	0.0116387	0.776161	0.0330251	0
3423	0.911418	-0.14412	0.198079	0.911418	0	0.198079	0	0.14412	0
9592	0.670894	0.208417	-0.110218	0.670894	0.208417	0	0	0	0.110218
51278	0.685926	-0.100321	0.349918	0.685926	0	0.349918	0	0.100321	0
389792	0.674478	0.0919152	0.423761	0.674478	0.0919152	0.423761	0	0	0
25900	0.874299	0.0955514	0.110266	0.874299	0.0955514	0.110266	0	0	0
126917	0.628054	-0.367005	-0.0742996	0.628054	0	0	0	0.367005	0.0742996
3429	0.488178	0.190672	-0.26733	0.488178	0.190672	0	0	0	0.26733
122509	-0.722418	0.0810941	-0.160897	0	0.0810941	0	0.722418	0	0.160897
83982	-0.889473	0.158224	-0.177144	0	0.158224	0	0.889473	0	0.177144
10437	-0.40287	0.10845	-0.443902	0	0.10845	0	0.40287	0	0.443902
10964	0.383007	-0.0221996	-0.385013	0.383007	0	0	0	0.0221996	0.385013
2537	-0.133563	0.675016	0.0855033	0	0.675016	0.0855033	0.133563	0	0
64135	0.47372	0.343035	-0.456333	0.47372	0.343035	0	0	0	0.456333
3434	-0.0456788	0.357619	0.37738	0	0.357619	0.37738	0.0456788	0	0
3433	0.304466	0.365866	-0.399302	0.304466	0.365866	0	0	0	0.399302
24138	0.650295	0.0895176	-0.256876	0.650295	0.0895176	0	0	0	0.256876
8519	0.366233	0.240912	-0.388332	0.366233	0.240912	0	0	0	0.388332
402778	0.43974	0.716232	-0.0605222	0.43974	0.716232	0	0	0	0.0605222
163702	0.859312	-0.244104	0.110722	0.859312	0	0.110722	0	0.244104	0
7866	0.566761	-0.440342	-0.0375877	0.566761	0	0	0	0.440342	0.0375877
55764	0.150694	-0.0752822	0.543454	0.150694	0	0.543454	0	0.0752822	0
64792	-0.902061	0.267588	0.128484	0	0.267588	0.128484	0.902061	0	0
11020	-0.74926	0.314158	-0.0985633	0	0.314158	0	0.74926	0	0.0985633
55081	0.286497	0.528347	0.16639	0.286497	0.528347	0.16639	0	0	0
80173	-0.400625	-0.510145	-0.186396	0	0	0	0.400625	0.510145	0.186396
9543	0.472355	-0.686064	0.156268	0.472355	0	0.156268	0	0.686064	0
57722	-0.440316	-0.11202	-0.353377	0	0	0	0.440316	0.11202	0.353377
3479	-0.733454	-0.07542	0.200981	0	0	0.200981	0.733454	0.07542	0
3480	0.559012	-0.188338	-0.144941	0.559012	0	0	0	0.188338	0.144941
10643	0.133096	-0.305019	-0.32797	0.133096	0	0	0	0.305019	0.32797
3483	0.703965	-0.23224	0.0920727	0.703965	0	0.0920727	0	0.23224	0
3485	0.654503	0.373817	0.0542086	0.654503	0.373817	0.0542086	0	0	0
3486	-0.145085	-0.28659	-0.0570872	0	0	0	0.145085	0.28659	0.0570872
3488	-0.819438	-0.248902	-0.089103	0	0	0	0.819438	0.248902	0.089103
3489	0.522586	0.502134	0.135578	0.522586	0.502134	0.135578	0	0	0
347252	-0.0652573	0.291389	-0.278997	0	0.291389	0	0.0652573	0	0.278997
444882	0.4475	-0.460741	-0.15454	0.4475	0	0	0	0.460741	0.15454
79713	0.254491	0.397746	-0.535294	0.254491	0.397746	0	0	0	0.535294
91156	-0.701095	-0.0587826	-0.282582	0	0	0	0.701095	0.0587826	0.282582
492311	0.554219	0.186085	0.11314	0.554219	0.186085	0.11314	0	0	0
3543	0.749708	-0.175954	-0.157464	0.749708	0	0	0	0.175954	0.157464
402665	0.579571	0.372469	-0.0316343	0.579571	0.372469	0	0	0	0.0316343
3547	0.621796	-0.133237	-0.0453132	0.621796	0	0	0	0.133237	0.0453132
84966	-0.0436537	0.621734	0.369876	0	0.621734	0.369876	0.0436537	0	0
283284	-0.860232	-0.225313	0.0856954	0	0	0.0856954	0.860232	0.225313	0
3321	0.0757947	-0.213878	0.714132	0.0757947	0	0.714132	0	0.213878	0
10261	-0.496454	0.128935	-0.210613	0	0.128935	0	0.496454	0	0.210613
121457	-0.742457	-0.230942	0.234936	0	0	0.234936	0.742457	0.230942	0
3551	0.549143	-0.272067	-0.359678	0.549143	0	0	0	0.272067	0.359678
3587	-0.750684	0.269106	-0.0992808	0	0.269106	0	0.750684	0	0.0992808
3588	0.348279	0.216267	-0.155103	0.348279	0.216267	0	0	0	0.155103
3595	-0.727223	-0.0337198	0.3811	0	0	0.3811	0.727223	0.0337198	0
3597	-0.477107	0.174157	-0.446741	0	0.174157	0	0.477107	0	0.446741
3598	-0.936838	-0.223956	0.0173387	0	0	0.0173387	0.936838	0.223956	0
3600	-0.433366	-0.300048	-0.349575	0	0	0	0.433366	0.300048	0.349575
3601	0.658227	0.169761	-0.0312922	0.658227	0.169761	0	0	0	0.0312922
53342	-0.482854	0.145762	-0.0720353	0	0.145762	0	0.482854	0	0.0720353
23765	0.565128	-0.467555	-0.0667741	0.565128	0	0	0	0.467555	0.0667741
55540	-0.438736	-0.0228524	-0.296885	0	0	0	0.438736	0.0228524	0.296885
84818	0.568599	-0.193244	-0.31096	0.568599	0	0	0	0.193244	0.31096
54756	-0.695534	0.114898	-0.234373	0	0.114898	0	0.695534	0	0.234373
132014	0.65932	-0.164981	-0.109978	0.65932	0	0	0	0.164981	0.109978
3553	-0.757861	-0.397087	-0.0113883	0	0	0	0.757861	0.397087	0.0113883
3556	0.854927	-0.124177	0.154071	0.854927	0	0.154071	0	0.124177	0
26280	-0.137101	-0.116511	0.648262	0	0	0.648262	0.137101	0.116511	0
90865	-0.867352	-0.0928938	-0.000990174	0	0	0	0.867352	0.0928938	0.000990174
146433	-0.85614	-0.0140515	-0.0584839	0	0	0	0.85614	0.0140515	0.0584839
3566	-0.205308	0.289109	-0.573388	0	0.289109	0	0.205308	0	0.573388
3570	0.65236	0.0178326	-0.248113	0.65236	0.0178326	0	0	0	0.248113
3572	0.67383	0.336284	-0.154502	0.67383	0.336284	0	0	0	0.154502
3575	0.634888	-0.0635089	-0.04213	0.634888	0	0	0	0.0635089	0.04213
3609	-0.653553	-0.116272	-0.102554	0	0	0	0.653553	0.116272	0.102554
3611	0.549823	0.358184	-0.214483	0.549823	0.358184	0	0	0	0.214483
83943	-0.80633	-0.0947528	0.0354988	0	0	0.0354988	0.80633	0.0947528	0
92856	-0.0323334	0.681835	0.0502962	0	0.681835	0.0502962	0.0323334	0	0
3612	0.589348	-0.223569	-0.206137	0.589348	0	0	0	0.223569	0.206137
3613	0.348961	-0.219108	-0.127308	0.348961	0	0	0	0.219108	0.127308
55364	-0.779201	0.114128	-0.250571	0	0.114128	0	0.779201	0	0.250571
3614	0.553022	0.329544	0.136936	0.553022	0.329544	0.136936	0	0	0
9118	0.839758	0.347178	0.138751	0.839758	0.347178	0.138751	0	0	0
64423	0.445057	0.479271	0.225001	0.445057	0.479271	0.225001	0	0	0
3621	0.528777	-0.141642	0.253479	0.528777	0	0.253479	0	0.141642	0
3622	-0.531778	-0.26959	0.354304	0	0	0.354304	0.531778	0.26959	0
54556	0.700969	-0.0341963	0.0812133	0.700969	0	0.0812133	0	0.0341963	0
3624	0.409167	0.253412	-0.467832	0.409167	0.253412	0	0	0	0.467832
3625	-0.325175	0.257997	-0.345746	0	0.257997	0	0.325175	0	0.345746
58493	0.789752	-0.070016	-0.130711	0.789752	0	0	0	0.070016	0.130711
3631	-0.609648	0.18095	0.103146	0	0.18095	0.103146	0.609648	0	0
8821	-0.00839557	-0.536769	0.248693	0	0	0.248693	0.00839557	0.536769	0
3632	0.678714	0.198229	-0.0438272	0.678714	0.198229	0	0	0	0.0438272
22876	0.790402	-0.0481756	0.0809431	0.790402	0	0.0809431	0	0.0481756	0
27124	0.527238	0.467516	-0.0194918	0.527238	0.467516	0	0	0	0.0194918
51763	-0.558173	0.311	-0.140159	0	0.311	0	0.558173	0	0.140159
3638	-0.179994	0.54451	-0.0911254	0	0.54451	0	0.179994	0	0.0911254
51141	0.568111	0.0599058	-0.19953	0.568111	0.0599058	0	0	0	0.19953
3642	-0.586799	-0.309746	0.264819	0	0	0.264819	0.586799	0.309746	0
84684	0.590681	-0.371403	0.25846	0.590681	0	0.25846	0	0.371403	0
3643	0.612736	-0.263832	-0.109791	0.612736	0	0	0	0.263832	0.109791
92105	-0.686756	-0.0464359	-0.399958	0	0	0	0.686756	0.0464359	0.399958
203522	0.230164	-0.372801	0.0440549	0.230164	0	0.0440549	0	0.372801	0
55656	0.792701	-0.20171	0.111182	0.792701	0	0.111182	0	0.20171	0
55756	0.68636	0.116896	-0.00954517	0.68636	0.116896	0	0	0	0.00954517
27152	-0.702133	-0.379105	-0.254647	0	0	0	0.702133	0.379105	0.254647
51447	0.691884	-0.291054	-0.31359	0.691884	0	0	0	0.291054	0.31359
117283	0.362404	0.271525	-0.359709	0.362404	0.271525	0	0	0	0.359709
26034	0.578386	0.0542166	0.515179	0.578386	0.0542166	0.515179	0	0	0
3843	0.247298	-0.385236	0.590946	0.247298	0	0.590946	0	0.385236	0
79781	-0.730338	-0.228358	0.0194807	0	0	0.0194807	0.730338	0.228358	0
401067	-0.537956	-0.130963	0.0849659	0	0	0.0849659	0.537956	0.130963	0
84223	-0.150618	0.46965	-0.235391	0	0.46965	0	0.150618	0	0.235391
100506686	0.528151	0.0281165	-0.148785	0.528151	0.0281165	0	0	0	0.148785
654502	-0.453683	-0.676032	0.373329	0	0	0.373329	0.453683	0.676032	0
124152	-0.681177	-0.0176199	-0.377932	0	0	0	0.681177	0.0176199	0.377932
80726	0.169594	-0.631648	0.0501572	0.169594	0	0.0501572	0	0.631648	0
9922	0.685041	0.102016	0.000933754	0.685041	0.102016	0.000933754	0	0	0
23096	-0.577237	-0.324297	0.151796	0	0	0.151796	0.577237	0.324297	0
154865	0.743	-0.218464	0.130892	0.743	0	0.130892	0	0.218464	0
26145	0.546298	-0.0606039	0.225319	0.546298	0	0.225319	0	0.0606039	0
359948	0.399774	-0.270769	-0.242772	0.399774	0	0	0	0.270769	0.242772
3661	0.49345	-0.235482	0.0277832	0.49345	0	0.0277832	0	0.235482	0
3667	0.839574	0.0191571	0.0299854	0.839574	0.0191571	0.0299854	0	0	0
8660	-0.081945	0.350059	0.319395	0	0.350059	0.319395	0.081945	0	0
81689	0.724432	-0.168995	-0.0511724	0.724432	0	0	0	0.168995	0.0511724
122961	-0.455172	0.330241	-0.284081	0	0.330241	0	0.455172	0	0.284081
23479	0.815166	0.308515	0.014255	0.815166	0.308515	0.014255	0	0	0
9636	-0.648937	-0.346694	0.294954	0	0	0.294954	0.648937	0.346694	0
3670	0.387143	-0.374427	0.104489	0.387143	0	0.104489	0	0.374427	0
3671	0.617964	-0.0286821	0.258059	0.617964	0	0.258059	0	0.0286821	0
140862	0.216094	0.122667	-0.163516	0.216094	0.122667	0	0	0	0.163516
51015	-0.891198	-0.225081	-0.0721678	0	0	0	0.891198	0.225081	0.0721678
51477	-0.535231	0.301488	-0.0864356	0	0.301488	0	0.535231	0	0.0864356
83737	0.519023	-0.0736807	-0.310965	0.519023	0	0	0	0.0736807	0.310965
81533	-0.63487	0.0305264	0.446191	0	0.0305264	0.446191	0.63487	0	0
55846	0.597159	-0.51277	-0.0797838	0.597159	0	0	0	0.51277	0.0797838
3672	-0.0356895	0.329031	-0.336399	0	0.329031	0	0.0356895	0	0.336399
22801	0.483902	0.0385691	-0.246718	0.483902	0.0385691	0	0	0	0.246718
3673	0.285242	0.224957	-0.409895	0.285242	0.224957	0	0	0	0.409895
3674	0.475789	-0.0849859	0.442843	0.475789	0	0.442843	0	0.0849859	0
3655	-0.35862	-0.00306514	-0.56686	0	0	0	0.35862	0.00306514	0.56686
3679	0.010654	0.432545	-0.578131	0.010654	0.432545	0	0	0	0.578131
8516	-0.094322	0.689765	-0.359586	0	0.689765	0	0.094322	0	0.359586
3684	-0.61187	0.0549087	-0.199027	0	0.0549087	0	0.61187	0	0.199027
3685	-0.0374114	0.0453331	-0.671921	0	0.0453331	0	0.0374114	0	0.671921
3687	-0.417382	0.0355624	-0.264336	0	0.0355624	0	0.417382	0	0.264336
3688	0.584018	-0.0344354	-0.536454	0.584018	0	0	0	0.0344354	0.536454
9270	-0.251446	0.794532	0.0579015	0	0.794532	0.0579015	0.251446	0	0
26548	0.4853	-0.191255	0.126434	0.4853	0	0.126434	0	0.191255	0
3689	0.696665	-0.110505	-0.193586	0.696665	0	0	0	0.110505	0.193586
23421	0.72356	-0.276476	-0.0948659	0.72356	0	0	0	0.276476	0.0948659
3691	-0.309971	0.205444	-0.4178	0	0.205444	0	0.309971	0	0.4178
3695	-0.645027	0.0249521	-0.106866	0	0.0249521	0	0.645027	0	0.106866
80760	0.512993	0.441066	-0.132587	0.512993	0.441066	0	0	0	0.132587
9452	0.826932	-0.0629783	-0.118708	0.826932	0	0	0	0.0629783	0.118708
3705	0.731691	-0.00833819	0.21405	0.731691	0	0.21405	0	0.00833819	0
3706	-0.188189	-0.0862117	0.7531	0	0	0.7531	0.188189	0.0862117	0
80271	0.64988	-0.406702	-0.186965	0.64988	0	0	0	0.406702	0.186965
3708	0.803355	0.188537	0.218662	0.803355	0.188537	0.218662	0	0	0
3709	0.114924	0.371023	-0.546491	0.114924	0.371023	0	0	0	0.546491
3710	0.284611	0.368203	-0.245201	0.284611	0.368203	0	0	0	0.245201
150771	0.515125	-0.278205	0.0721179	0.515125	0	0.0721179	0	0.278205	0
162073	-0.833669	-0.0847829	-0.116858	0	0	0	0.833669	0.0847829	0.116858
50618	0.601424	-0.297546	-0.0599503	0.601424	0	0	0	0.297546	0.0599503
10625	0.564951	0.265347	-0.254665	0.564951	0.265347	0	0	0	0.254665
79960	0.373782	-0.524983	0.317151	0.373782	0	0.317151	0	0.524983	0
23338	-0.654198	0.09466	-0.0386366	0	0.09466	0	0.654198	0	0.0386366
3716	0.583855	-0.141882	-0.0352711	0.583855	0	0	0	0.141882	0.0352711
3717	0.462283	-0.696887	-0.033412	0.462283	0	0	0	0.696887	0.033412
152789	-0.639924	0.0298459	-0.0727726	0	0.0298459	0	0.639924	0	0.0727726
282973	0.625512	-0.0796694	-0.174862	0.625512	0	0	0	0.0796694	0.174862
58494	0.693457	0.0217347	0.248906	0.693457	0.0217347	0.248906	0	0	0
120425	-0.475857	0.219926	-0.186748	0	0.219926	0	0.475857	0	0.186748
3720	0.72596	-0.0235952	0.0151455	0.72596	0	0.0151455	0	0.0235952	0
57608	0.266617	-0.362475	0.584804	0.266617	0	0.584804	0	0.362475	0
122953	0.925213	0.165445	-0.109629	0.925213	0.165445	0	0	0	0.109629
221037	0.582622	-0.502107	0.11751	0.582622	0	0.11751	0	0.502107	0
84989	-0.513771	0.360471	0.318946	0	0.360471	0.318946	0.513771	0	0
65094	-0.697732	0.358029	0.0719644	0	0.358029	0.0719644	0.697732	0	0
133746	0.685339	-0.0433638	-0.0351846	0.685339	0	0	0	0.0433638	0.0351846
57338	-0.875502	0.111798	-0.0372235	0	0.111798	0	0.875502	0	0.0372235
84502	-0.736025	-0.247839	0.312966	0	0	0.312966	0.736025	0.247839	0
51155	-0.91044	0.000974752	0.147167	0	0.000974752	0.147167	0.91044	0	0
90861	0.291244	0.343158	-0.522967	0.291244	0.343158	0	0	0	0.522967
3725	-0.719772	-0.00705921	-0.129662	0	0	0	0.719772	0.00705921	0.129662
3728	-0.41887	0.0636666	-0.320628	0	0.0636666	0	0.41887	0	0.320628
8997	0.802875	-0.171366	0.363367	0.802875	0	0.363367	0	0.171366	0
256949	0.491196	0.376074	-0.0931459	0.491196	0.376074	0	0	0	0.0931459
163782	0.341962	0.542854	-0.551281	0.341962	0.542854	0	0	0	0.551281
284058	0.671272	-0.257462	-0.0137093	0.671272	0	0	0	0.257462	0.0137093
151050	-0.0665191	0.111578	-0.493313	0	0.111578	0	0.0665191	0	0.493313
2648	0.388726	-0.267338	0.22845	0.388726	0	0.22845	0	0.267338	0
7994	0.276117	-0.31456	-0.0282372	0.276117	0	0	0	0.31456	0.0282372
23522	0.459553	-0.432625	0.037783	0.459553	0	0.037783	0	0.432625	0
84148	0.489386	-0.233115	0.0520804	0.489386	0	0.0520804	0	0.233115	0
84056	0.491696	0.503255	0.182119	0.491696	0.503255	0.182119	0	0	0
83473	0.463249	0.335056	-0.167672	0.463249	0.335056	0	0	0	0.167672
81621	0.549969	0.236107	0.163327	0.549969	0.236107	0.163327	0	0	0
23254	0.465678	0.454915	0.0652645	0.465678	0.454915	0.0652645	0	0	0
9920	0.283592	0.250806	0.364117	0.283592	0.250806	0.364117	0	0	0
166348	0.689344	-0.114959	-0.065624	0.689344	0	0	0	0.114959	0.065624
25948	0.690334	-0.141757	-0.0619198	0.690334	0	0	0	0.141757	0.0619198
143879	0.889348	0.106081	0.00715648	0.889348	0.106081	0.00715648	0	0	0
89890	-0.769883	-0.265175	0.0439145	0	0	0.0439145	0.769883	0.265175	0
56888	0.717559	0.446266	0.139888	0.717559	0.446266	0.139888	0	0	0
3736	0.9118	0.265021	-0.0512114	0.9118	0.265021	0	0	0	0.0512114
3737	0.860289	0.310574	0.225185	0.860289	0.310574	0.225185	0	0	0
3738	0.896704	0.233749	-0.0707134	0.896704	0.233749	0	0	0	0.0707134
3739	-0.620233	-0.527039	0.41019	0	0	0.41019	0.620233	0.527039	0
3741	-0.710211	0.431107	0.0667774	0	0.431107	0.0667774	0.710211	0	0
7881	-0.314961	-0.181341	0.171133	0	0	0.171133	0.314961	0.181341	0
9196	0.938483	0.0268361	0.0305616	0.938483	0.0268361	0.0305616	0	0	0
3745	0.846435	-0.00283314	0.349776	0.846435	0	0.349776	0	0.00283314	0
9312	-0.448797	-0.0377327	0.452381	0	0	0.452381	0.448797	0.0377327	0
3746	0.938219	0.0900595	0.0612297	0.938219	0.0900595	0.0612297	0	0	0
3747	0.492915	0.360355	0.357941	0.492915	0.360355	0.357941	0	0	0
3748	0.935037	0.105039	0.0423362	0.935037	0.105039	0.0423362	0	0	0
3749	0.853588	0.0760883	-0.0928703	0.853588	0.0760883	0	0	0	0.0928703
3752	0.495698	-0.469638	0.36639	0.495698	0	0.36639	0	0.469638	0
23704	-0.407817	-0.229382	-0.347613	0	0	0	0.407817	0.229382	0.347613
23630	0.159044	-0.114039	-0.608261	0.159044	0	0	0	0.114039	0.608261
3755	-0.951513	-0.0875331	0.02805	0	0	0.02805	0.951513	0.0875331	0
170850	-0.778045	-0.053121	0.240442	0	0	0.240442	0.778045	0.053121	0
3756	0.637317	-0.105465	0.449675	0.637317	0	0.449675	0	0.105465	0
23415	0.629404	-0.471379	0.382833	0.629404	0	0.382833	0	0.471379	0
27133	-0.0831753	0.288842	0.366388	0	0.288842	0.366388	0.0831753	0	0
81033	0.875759	0.319657	0.00782438	0.875759	0.319657	0.00782438	0	0	0
90134	-0.688379	0.229376	0.10485	0	0.229376	0.10485	0.688379	0	0
30820	-0.589629	0.0775557	0.0384275	0	0.0775557	0.0384275	0.589629	0	0
30819	0.36772	-0.51137	-0.127286	0.36772	0	0	0	0.51137	0.127286
30818	0.610019	0.0229794	0.304075	0.610019	0.0229794	0.304075	0	0	0
80333	0.268164	-0.33289	0.558663	0.268164	0	0.558663	0	0.33289	0
3767	0.649005	0.325379	0.199962	0.649005	0.325379	0.199962	0	0	0
3768	-0.289673	0.395197	0.45588	0	0.395197	0.45588	0.289673	0	0
3770	0.696162	0.222337	0.0632801	0.696162	0.222337	0.0632801	0	0	0
3773	-0.517929	0.00541606	-0.252877	0	0.00541606	0	0.517929	0	0.252877
3759	0.383071	-0.0707399	-0.209974	0.383071	0	0	0	0.0707399	0.209974
3760	0.818265	-0.0179687	0.133717	0.818265	0	0.133717	0	0.0179687	0
3762	-0.566653	0.115375	0.111642	0	0.115375	0.111642	0.566653	0	0
3764	0.148597	0.68723	-0.00760154	0.148597	0.68723	0	0	0	0.00760154
3775	-0.461119	0.175195	0.422615	0	0.175195	0.422615	0.461119	0	0
56660	0.811587	-0.162282	0.0163965	0.811587	0	0.0163965	0	0.162282	0
3776	-0.742609	-0.0773081	-0.0889658	0	0	0	0.742609	0.0773081	0.0889658
3777	-0.526828	0.204756	0.358645	0	0.204756	0.358645	0.526828	0	0
3778	0.138883	-0.00443533	0.210821	0.138883	0	0.210821	0	0.00443533	0
3779	-0.462794	0.101731	-0.301781	0	0.101731	0	0.462794	0	0.301781
10242	-0.630366	0.407026	-0.149515	0	0.407026	0	0.630366	0	0.149515
27345	-0.875536	0.310739	0.103044	0	0.310739	0.103044	0.875536	0	0
3781	-0.367939	0.648242	0.096919	0	0.648242	0.096919	0.367939	0	0
3782	-0.861014	-0.0974513	-0.0580097	0	0	0	0.861014	0.0974513	0.0580097
3783	0.470115	0.0657666	-0.417733	0.470115	0.0657666	0	0	0	0.417733
3784	-0.728247	0.107238	-0.241691	0	0.107238	0	0.728247	0	0.241691
3785	-0.589325	-0.146023	-0.213728	0	0	0	0.589325	0.146023	0.213728
56479	0.781354	0.371768	0.218232	0.781354	0.371768	0.218232	0	0	0
3787	0.872678	0.378472	0.186447	0.872678	0.378472	0.186447	0	0	0
3788	0.748501	-0.0981988	0.47759	0.748501	0	0.47759	0	0.0981988	0
3790	0.597219	0.601175	-0.0413351	0.597219	0.601175	0	0	0	0.0413351
57582	0.883932	-0.103329	0.0671954	0.883932	0	0.0671954	0	0.103329	0
343450	-0.356113	0.339502	0.3527	0	0.339502	0.3527	0.356113	0	0
27012	-0.122169	0.119098	0.691781	0	0.119098	0.691781	0.122169	0	0
284252	0.460264	-0.00236996	0.604039	0.460264	0	0.604039	0	0.00236996	0
83892	-0.600037	-0.0264019	-0.146301	0	0	0	0.600037	0.0264019	0.146301
115207	-0.894968	0.0643695	-0.136636	0	0.0643695	0	0.894968	0	0.136636
79047	-0.677131	-0.0284351	0.0276039	0	0	0.0276039	0.677131	0.0284351	0
283219	-0.595389	-0.0510238	-0.224642	0	0	0	0.595389	0.0510238	0.224642
51133	0.255459	-0.318065	-0.553108	0.255459	0	0	0	0.318065	0.553108
386618	-0.815456	-0.460387	0.133524	0	0	0.133524	0.815456	0.460387	0
200845	-0.606986	0.0254547	0.00684504	0	0.0254547	0.00684504	0.606986	0	0
386617	0.596014	-0.328416	0.301483	0.596014	0	0.301483	0	0.328416	0
54793	0.806094	0.482269	0.0309568	0.806094	0.482269	0.0309568	0	0	0
126695	0.685759	-0.302484	0.207481	0.685759	0	0.207481	0	0.302484	0
221656	-0.619252	-0.358611	0.0392062	0	0	0.0392062	0.619252	0.358611	0
84678	0.593466	-0.341629	-0.0384732	0.593466	0	0	0	0.341629	0.0384732
23081	0.649963	-0.235499	-0.157627	0.649963	0	0	0	0.235499	0.157627
55693	0.0381294	-0.426776	0.144924	0.0381294	0	0.144924	0	0.426776	0
10765	0.0489409	-0.579003	0.0864221	0.0489409	0	0.0864221	0	0.579003	0
80853	0.755366	-0.14544	-0.0338189	0.755366	0	0	0	0.14544	0.0338189
3791	0.480467	0.285325	-0.22067	0.480467	0.285325	0	0	0	0.22067
22889	0.519626	-0.445566	-0.066355	0.519626	0	0	0	0.445566	0.066355
202559	-0.367713	-0.501369	0.520966	0	0	0.520966	0.367713	0.501369	0
23351	0.307441	0.0736607	-0.0958543	0.307441	0.0736607	0	0	0	0.0958543
9856	-0.518653	-0.441297	0.0727343	0	0	0.0727343	0.518653	0.441297	0
9764	-0.0834925	-0.505889	0.15011	0	0	0.15011	0.0834925	0.505889	0
285600	-0.1058	-0.657939	0.119084	0	0	0.119084	0.1058	0.657939	0
57179	-0.535776	0.0642884	0.0751402	0	0.0642884	0.0751402	0.535776	0	0
56243	0.0668868	-0.0794114	-0.17059	0.0668868	0	0	0	0.0794114	0.17059
57536	-0.662616	-0.1608	-0.00382318	0	0	0	0.662616	0.1608	0.00382318
57670	-0.373137	0.117616	0.710271	0	0.117616	0.710271	0.373137	0	0
25758	0.0800557	0.207349	0.793104	0.0800557	0.207349	0.793104	0	0	0
57691	0.62879	-0.0972005	0.019392	0.62879	0	0.019392	0	0.0972005	0
57710	0.668206	0.0862815	0.0120549	0.668206	0.0862815	0.0120549	0	0	0
57498	-0.60828	0.104229	-0.0587254	0	0.104229	0	0.60828	0	0.0587254
113220	-0.880579	-0.104732	0.014074	0	0	0.014074	0.880579	0.104732	0
23303	0.259473	0.0981118	-0.481497	0.259473	0.0981118	0	0	0	0.481497
56992	0.347343	-0.30751	0.138347	0.347343	0	0.138347	0	0.30751	0
55614	0.475317	-0.169514	-0.167356	0.475317	0	0	0	0.169514	0.167356
57576	-0.0445497	0.558199	0.658398	0	0.558199	0.658398	0.0445497	0	0
23095	-0.64969	0.0332502	0.10166	0	0.0332502	0.10166	0.64969	0	0
55605	0.470689	0.348565	-0.0100491	0.470689	0.348565	0	0	0	0.0100491
23046	-0.901957	0.0289555	0.200446	0	0.0289555	0.200446	0.901957	0	0
3835	-0.592	-0.200838	0.0389686	0	0	0.0389686	0.592	0.200838	0
26153	-0.080412	0.286077	-0.046133	0	0.286077	0	0.080412	0	0.046133
55083	-0.519277	-0.201373	0.0109247	0	0	0.0109247	0.519277	0.201373	0
55582	0.585105	-0.246253	-0.126751	0.585105	0	0	0	0.246253	0.126751
3796	-0.76059	0.163155	-0.0567224	0	0.163155	0	0.76059	0	0.0567224
11004	0.564713	-0.0977668	0.27146	0.564713	0	0.27146	0	0.0977668	0
3797	-0.429715	0.153922	0.359891	0	0.153922	0.359891	0.429715	0	0
3798	0.734559	-0.466419	0.00841307	0.734559	0	0.00841307	0	0.466419	0
3799	0.399564	-0.237184	-0.442708	0.399564	0	0	0	0.237184	0.442708
64147	0.629572	0.402216	0.0610923	0.629572	0.402216	0.0610923	0	0	0
285352	0.53328	-0.497542	-0.109898	0.53328	0	0	0	0.497542	0.109898
22920	-0.192565	0.69472	0.0688293	0	0.69472	0.0688293	0.192565	0	0
90990	0.387061	-0.327352	0.365063	0.387061	0	0.365063	0	0.327352	0
22944	0.41852	-0.604047	0.0211708	0.41852	0	0.0211708	0	0.604047	0
84063	-0.88104	0.146526	0.114834	0	0.146526	0.114834	0.88104	0	0
84623	-0.423764	-0.543541	0.535338	0	0	0.535338	0.423764	0.543541	0
4254	0.649059	0.187709	0.0855847	0.649059	0.187709	0.0855847	0	0	0
55857	0.375913	-0.0964038	-0.395601	0.375913	0	0	0	0.0964038	0.395601
64837	0.632845	0.312041	0.188972	0.632845	0.312041	0.188972	0	0	0
89953	0.467487	-0.400808	-0.223205	0.467487	0	0	0	0.400808	0.223205
7071	-0.758937	-0.120375	0.371206	0	0	0.371206	0.758937	0.120375	0
11278	0.847837	0.0859163	0.177664	0.847837	0.0859163	0.177664	0	0	0
51621	0.420529	-0.392903	0.224034	0.420529	0	0.224034	0	0.392903	0
10365	0.481995	0.244187	-0.177997	0.481995	0.244187	0	0	0	0.177997
51274	-0.0572321	0.390711	-0.446844	0	0.390711	0	0.0572321	0	0.446844
9314	0.0328939	0.135279	-0.15742	0.0328939	0.135279	0	0	0	0.15742
688	-0.0836844	-0.386763	0.00442847	0	0	0.00442847	0.0836844	0.386763	0
1316	-0.694083	0.312168	0.0599657	0	0.312168	0.0599657	0.694083	0	0
11279	-0.908208	0.0606178	0.0165449	0	0.0606178	0.0165449	0.908208	0	0
687	0.854153	0.086521	0.238618	0.854153	0.086521	0.238618	0	0	0
23588	0.378893	-0.161413	0.376358	0.378893	0	0.376358	0	0.161413	0
55220	-0.646186	0.478785	-0.163491	0	0.478785	0	0.646186	0	0.163491
200942	-0.926029	0.0445608	0.104301	0	0.0445608	0.104301	0.926029	0	0
57626	-0.770484	-0.196727	-0.2459	0	0	0	0.770484	0.196727	0.2459
55175	0.684964	-0.156269	0.0603306	0.684964	0	0.0603306	0	0.156269	0
59349	-0.750486	0.0965128	0.308681	0	0.0965128	0.308681	0.750486	0	0
90293	-0.656749	0.00651896	-0.456026	0	0.00651896	0	0.656749	0	0.456026
80311	0.559283	-0.0147074	0.144465	0.559283	0	0.144465	0	0.0147074	0
339451	0.630395	0.165836	0.20639	0.630395	0.165836	0.20639	0	0	0
11275	-0.594846	-0.136437	0.277701	0	0	0.277701	0.594846	0.136437	0
27252	0.682583	0.12401	-0.103124	0.682583	0.12401	0	0	0	0.103124
9903	0.605555	-0.0308193	-0.140392	0.605555	0	0	0	0.0308193	0.140392
54800	0.726824	-0.076383	-0.227957	0.726824	0	0	0	0.076383	0.227957
64410	-0.4415	0.0783134	0.309094	0	0.0783134	0.309094	0.4415	0	0
114818	-0.0300342	0.837065	-0.0449085	0	0.837065	0	0.0300342	0	0.0449085
26249	0.399623	-0.187402	-0.0656828	0.399623	0	0	0	0.187402	0.0656828
283212	-0.690354	0.014846	0.296408	0	0.014846	0.296408	0.690354	0	0
79786	0.18533	-0.667162	-0.041399	0.18533	0	0	0	0.667162	0.041399
56062	0.293322	-0.423411	-0.0125451	0.293322	0	0	0	0.423411	0.0125451
10324	-0.278404	-0.388319	-0.0317295	0	0	0	0.278404	0.388319	0.0317295
51088	-0.330952	-0.0346307	-0.347717	0	0	0	0.330952	0.0346307	0.347717
57563	0.489252	-0.0875629	0.282685	0.489252	0	0.282685	0	0.0875629	0
55958	0.555812	0.319029	-0.0340822	0.555812	0.319029	0	0	0	0.0340822
5655	-0.883056	0.269383	0.0943405	0	0.269383	0.0943405	0.883056	0	0
25818	-0.789026	0.24875	0.300286	0	0.24875	0.300286	0.789026	0	0
5653	0.286484	0.204235	-0.512119	0.286484	0.204235	0	0	0	0.512119
5650	-0.769719	0.387391	0.0759551	0	0.387391	0.0759551	0.769719	0	0
3822	-0.601984	0.107037	-0.224671	0	0.107037	0	0.601984	0	0.224671
3823	-0.512192	0.101195	-0.209651	0	0.101195	0	0.512192	0	0.209651
10219	-0.706272	-0.169141	-0.156922	0	0	0	0.706272	0.169141	0.156922
8564	0.0717462	-0.00217664	0.55714	0.0717462	0	0.55714	0	0.00217664	0
55904	0.592571	-0.460703	0.0855194	0.592571	0	0.0855194	0	0.460703	0
51111	0.531267	-0.15493	0.170369	0.531267	0	0.170369	0	0.15493	0
85442	0.65003	-0.219995	0.261112	0.65003	0	0.261112	0	0.219995	0
3827	0.770568	0.439882	-0.0988873	0.770568	0.439882	0	0	0	0.0988873
400506	0.210651	0.055151	-0.402462	0.210651	0.055151	0	0	0	0.402462
9735	-0.407698	-0.098304	0.159442	0	0	0.159442	0.407698	0.098304	0
3840	-0.676821	0.271356	0.180466	0	0.271356	0.180466	0.676821	0	0
3841	0.527511	-0.172187	0.12198	0.527511	0	0.12198	0	0.172187	0
3837	-0.576276	0.14582	0.0916487	0	0.14582	0.0916487	0.576276	0	0
3845	-0.488625	0.26384	0.293833	0	0.26384	0.293833	0.488625	0	0
84626	0.695615	0.0668053	-0.0878176	0.695615	0.0668053	0	0	0	0.0878176
55634	-0.734735	-0.376212	0.0091547	0	0	0.0091547	0.734735	0.376212	0
83999	0.760318	-0.222726	-0.209697	0.760318	0	0	0	0.222726	0.209697
79412	-0.686282	0.430848	0.182687	0	0.430848	0.182687	0.686282	0	0
65095	0.559412	-0.169655	-0.126099	0.559412	0	0	0	0.169655	0.126099
889	0.696757	-0.327202	-0.0759468	0.696757	0	0	0	0.327202	0.0759468
3861	-0.649544	0.204084	-0.0852975	0	0.204084	0	0.649544	0	0.0852975
3872	-0.675166	0.214222	-0.231747	0	0.214222	0	0.675166	0	0.231747
3875	0.144145	-0.445775	-0.125185	0.144145	0	0	0	0.445775	0.125185
3880	-0.303454	-0.10571	-0.28696	0	0	0	0.303454	0.10571	0.28696
125113	0.64882	0.0802458	0.0429455	0.64882	0.0802458	0.0429455	0	0	0
3881	-0.374052	0.579675	-0.255118	0	0.579675	0	0.374052	0	0.255118
3884	-0.551436	0.442237	-0.196354	0	0.442237	0	0.551436	0	0.196354
3852	0.233841	0.640091	0.460167	0.233841	0.640091	0.460167	0	0	0
3889	-0.489691	0.076845	0.309809	0	0.076845	0.309809	0.489691	0	0
3892	-0.646545	0.324166	-0.0127359	0	0.324166	0	0.646545	0	0.0127359
353333	0.407427	0.304793	-0.278179	0.407427	0.304793	0	0	0	0.278179
440021	0.660429	-0.246464	-0.135662	0.660429	0	0	0	0.246464	0.135662
440050	0.558303	-0.09157	-0.0460719	0.558303	0	0	0	0.09157	0.0460719
200634	0.538048	-0.577258	-0.174654	0.538048	0	0	0	0.577258	0.174654
883	0.752115	0.00136324	0.159674	0.752115	0.00136324	0.159674	0	0	0
8942	-0.364875	0.59599	-0.350917	0	0.59599	0	0.364875	0	0.350917
79944	0.788826	-0.171768	-0.122549	0.788826	0	0	0	0.171768	0.122549
26013	-0.526094	-0.399656	-0.213866	0	0	0	0.526094	0.399656	0.213866
83746	0.269442	-0.167218	0.434097	0.269442	0	0.434097	0	0.167218	0
84456	-0.0310903	-0.531027	0.206607	0	0	0.206607	0.0310903	0.531027	0
91133	-0.617231	-0.0779067	0.266251	0	0	0.266251	0.617231	0.0779067	0
114294	-0.533391	-0.0876162	-0.317409	0	0	0	0.533391	0.0876162	0.317409
51110	-0.00913862	0.247061	-0.500355	0	0.247061	0	0.00913862	0	0.500355
3902	0.879658	-0.146767	0.0170747	0.879658	0	0.0170747	0	0.146767	0
8270	-0.49094	0.530986	0.174242	0	0.530986	0.174242	0.49094	0	0
284217	-0.774154	0.1383	-0.180067	0	0.1383	0	0.774154	0	0.180067
3908	0.217098	0.826651	-0.0834082	0.217098	0.826651	0	0	0	0.0834082
3909	0.327332	-0.675118	-0.113429	0.327332	0	0	0	0.675118	0.113429
3910	0.604986	-0.0346891	-0.436322	0.604986	0	0	0	0.0346891	0.436322
3911	0.111083	0.025911	0.180783	0.111083	0.025911	0.180783	0	0	0
3912	-0.541155	0.0218054	0.577551	0	0.0218054	0.577551	0.541155	0	0
3913	-0.185001	0.239824	-0.438479	0	0.239824	0	0.185001	0	0.438479
3914	0.331994	0.162247	0.668931	0.331994	0.162247	0.668931	0	0	0
3920	0.297244	0.116155	-0.376514	0.297244	0.116155	0	0	0	0.376514
24141	-0.0432986	-0.686039	0.227859	0	0	0.227859	0.0432986	0.686039	0
28956	-0.607083	0.452959	-0.000539495	0	0.452959	0	0.607083	0	0.000539495
389541	-0.585454	0.354747	0.00455296	0	0.354747	0.00455296	0.585454	0	0
55915	-0.665674	-0.104232	0.0825896	0	0	0.0825896	0.665674	0.104232	0
347404	0.331253	-0.212552	0.565059	0.331253	0	0.565059	0	0.212552	0
9741	-0.328343	0.166279	-0.426011	0	0.166279	0	0.328343	0	0.426011
55353	0.851789	0.3134	0.0723007	0.851789	0.3134	0.0723007	0	0	0
7805	-0.45273	0.236278	-0.226402	0	0.236278	0	0.45273	0	0.226402
9215	-0.920758	0.202454	0.11889	0	0.202454	0.11889	0.920758	0	0
23367	-0.753916	0.199249	0.267251	0	0.199249	0.267251	0.753916	0	0
55132	0.597927	-0.00767207	0.261292	0.597927	0	0.261292	0	0.00767207	0
113251	0.638399	-0.0437714	-0.255466	0.638399	0	0	0	0.0437714	0.255466
55323	0.382458	-0.0228143	0.158529	0.382458	0	0.158529	0	0.0228143	0
23395	-0.592141	0.168542	-0.0186424	0	0.168542	0	0.592141	0	0.0186424
27040	0.454019	-0.384766	0.0502994	0.454019	0	0.0502994	0	0.384766	0
7462	-0.546217	0.00712917	-0.376977	0	0.00712917	0	0.546217	0	0.376977
143903	0.305403	0.293836	-0.346025	0.305403	0.293836	0	0	0	0.346025
81606	0.170759	0.710244	-0.140823	0.170759	0.710244	0	0	0	0.140823
3930	0.123809	0.0495846	-0.538918	0.123809	0.0495846	0	0	0	0.538918
167691	0.812922	-0.148504	-0.298983	0.812922	0	0	0	0.148504	0.298983
353144	0.409632	0.145524	0.288841	0.409632	0.145524	0.288841	0	0	0
253558	-0.603556	0.244018	0.338581	0	0.244018	0.338581	0.603556	0	0
51451	-0.607481	0.164154	0.327703	0	0.164154	0.327703	0.607481	0	0
389812	0.0235051	-0.257353	0.779631	0.0235051	0	0.779631	0	0.257353	0
3936	-0.699535	0.0588785	-0.302287	0	0.0588785	0	0.699535	0	0.302287
3937	0.252794	0.868644	-0.0148427	0.252794	0.868644	0	0	0	0.0148427
197021	-0.459215	-0.132326	-0.335177	0	0	0	0.459215	0.132326	0.335177
8861	0.373127	-0.501382	0.15878	0.373127	0	0.15878	0	0.501382	0
9079	0.619184	-0.0680845	0.437288	0.619184	0	0.437288	0	0.0680845	0
11155	0.412517	0.242386	-0.425073	0.412517	0.242386	0	0	0	0.425073
3939	-0.519788	0.63368	0.0721933	0	0.63368	0.0721933	0.519788	0	0
3945	0.151279	0.606351	0.0616354	0.151279	0.606351	0.0616354	0	0	0
3948	-0.320112	0.472582	0.0900222	0	0.472582	0.0900222	0.320112	0	0
197257	-0.770406	0.457802	0.0696399	0	0.457802	0.0696399	0.770406	0	0
3949	0.202984	0.668557	0.116721	0.202984	0.668557	0.116721	0	0	0
753	0.361873	0.628434	-0.083601	0.361873	0.628434	0	0	0	0.083601
116842	0.636121	-0.177402	-0.280042	0.636121	0	0	0	0.177402	0.280042
51176	0.516019	0.320991	-0.301584	0.516019	0.320991	0	0	0	0.301584
10637	-0.0173421	-0.542564	0.397962	0	0	0.397962	0.0173421	0.542564	0
123169	0.574695	-0.398831	0.225987	0.574695	0	0.225987	0	0.398831	0
23484	0.73207	0.323279	-0.00192975	0.73207	0.323279	0	0	0	0.00192975
3955	-0.485811	-0.00313565	-0.436778	0	0	0	0.485811	0.00313565	0.436778
3956	0.14945	0.919631	0.147243	0.14945	0.919631	0.147243	0	0	0
3957	-0.556746	0.582241	-0.213763	0	0.582241	0	0.556746	0	0.213763
3958	-0.470665	-0.112054	-0.0720152	0	0	0	0.470665	0.112054	0.0720152
3964	0.103115	0.649148	-0.0273396	0.103115	0.649148	0	0	0	0.0273396
654346	-0.505802	0.0533938	-0.457783	0	0.0533938	0	0.505802	0	0.457783
55203	0.681838	0.437047	-0.214903	0.681838	0.437047	0	0	0	0.214903
203190	0.783799	0.230282	0.0242266	0.783799	0.230282	0.0242266	0	0	0
163175	-0.599892	-0.0118241	0.130539	0	0	0.130539	0.599892	0.0118241	0
59352	0.137238	-0.55768	-0.369903	0.137238	0	0	0	0.55768	0.369903
375612	-0.679789	0.0434319	-0.236647	0	0.0434319	0	0.679789	0	0.236647
222662	-0.562877	0.0973499	-0.0927548	0	0.0973499	0	0.562877	0	0.0927548
10186	-0.414559	0.339635	-0.260377	0	0.339635	0	0.414559	0	0.260377
64077	-0.170617	0.50562	0.398713	0	0.50562	0.398713	0.170617	0	0
9355	-0.611675	-0.242294	0.0268802	0	0	0.0268802	0.611675	0.242294	0
26468	-0.378677	0.357196	-0.0128587	0	0.357196	0	0.378677	0	0.0128587
11019	0.692983	0.165289	-0.0643739	0.692983	0.165289	0	0	0	0.0643739
3977	0.0854961	0.175803	-0.471873	0.0854961	0.175803	0	0	0	0.471873
100506495	-0.28479	-0.509345	-0.275853	0	0	0	0.28479	0.509345	0.275853
3978	-0.495504	-0.445436	-0.0016313	0	0	0	0.495504	0.445436	0.0016313
11006	-0.447579	-0.094388	-0.304494	0	0	0	0.447579	0.094388	0.304494
80774	-0.545136	-0.193072	0.301075	0	0	0.301075	0.545136	0.193072	0
3984	0.539038	0.346957	-0.101446	0.539038	0.346957	0	0	0	0.101446
3985	-0.31171	-0.597285	-0.453388	0	0	0	0.31171	0.597285	0.453388
55679	-0.34223	0.327155	-0.251411	0	0.327155	0	0.34223	0	0.251411
389421	0.770634	-0.112843	0.264207	0.770634	0	0.264207	0	0.112843	0
8825	0.376804	-0.470637	0.296785	0.376804	0	0.296785	0	0.470637	0
64130	-0.77908	0.0542544	0.0892874	0	0.0542544	0.0892874	0.77908	0	0
286826	0.714868	-0.38555	0.141279	0.714868	0	0.141279	0	0.38555	0
349114	0.651897	-0.239914	-0.121674	0.651897	0	0	0	0.239914	0.121674
284836	-0.36168	0.152785	0.0986174	0	0.152785	0.0986174	0.36168	0	0
387486	-0.465274	0.146479	-0.19396	0	0.146479	0	0.465274	0	0.19396
100129347	-0.749085	0.200094	0.354647	0	0.200094	0.354647	0.749085	0	0
100862680	0.306617	-0.158897	0.759379	0.306617	0	0.759379	0	0.158897	0
29075	0.757347	0.131488	-0.0018897	0.757347	0.131488	0	0	0	0.0018897
100506930	-0.423228	-0.44161	-0.115545	0	0	0	0.423228	0.44161	0.115545
84856	-0.0249075	0.431721	0.23887	0	0.431721	0.23887	0.0249075	0	0
283143	-0.845973	-0.108234	0.219449	0	0	0.219449	0.845973	0.108234	0
389634	-0.716255	0.104082	-0.204369	0	0.104082	0	0.716255	0	0.204369
100506305	-0.432376	0.43601	0.134358	0	0.43601	0.134358	0.432376	0	0
401232	0.423863	-0.384269	0.456255	0.423863	0	0.456255	0	0.384269	0
100507254	-0.563891	0.262434	-0.163327	0	0.262434	0	0.563891	0	0.163327
100505702	-0.830827	0.0338958	-0.210443	0	0.0338958	0	0.830827	0	0.210443
150568	0.874507	0.0610502	-0.171527	0.874507	0.0610502	0	0	0	0.171527
151009	0.487505	-0.386043	0.235814	0.487505	0	0.235814	0	0.386043	0
375295	-0.21112	0.636646	0.348326	0	0.636646	0.348326	0.21112	0	0
339524	-0.786496	0.403997	0.0838912	0	0.403997	0.0838912	0.786496	0	0
643355	-0.767796	-0.0762423	0.361086	0	0	0.361086	0.767796	0.0762423	0
84894	-0.660825	-0.299085	0.315123	0	0	0.315123	0.660825	0.299085	0
158038	-0.0702512	-0.611966	0.438224	0	0	0.438224	0.0702512	0.611966	0
645191	-0.522483	0.121387	0.0441695	0	0.121387	0.0441695	0.522483	0	0
55180	0.0682776	-0.498826	0.296998	0.0682776	0	0.296998	0	0.498826	0
3988	-0.127296	0.289852	-0.420224	0	0.289852	0	0.127296	0	0.420224
3990	-0.0493586	0.284461	-0.233162	0	0.284461	0	0.0493586	0	0.233162
3991	0.390484	0.238592	-0.330606	0.390484	0.238592	0	0	0	0.330606
200879	-0.384231	-0.321058	0.307253	0	0	0.307253	0.384231	0.321058	0
9516	-0.0967594	0.232427	-0.45061	0	0.232427	0	0.0967594	0	0.45061
167410	-0.768739	0.220729	-0.349162	0	0.220729	0	0.768739	0	0.349162
128077	-0.648973	0.0368149	-0.260665	0	0.0368149	0	0.648973	0	0.260665
198437	-0.332481	0.301362	0.406995	0	0.301362	0.406995	0.332481	0	0
3993	0.223999	0.279561	-0.317719	0.223999	0.279561	0	0	0	0.317719
81562	-0.770483	-0.028574	0.116716	0	0	0.116716	0.770483	0.028574	0
64327	0.667089	0.0484612	-0.0444555	0.667089	0.0484612	0	0	0	0.0444555
92255	-0.500679	-0.0247555	0.0870073	0	0	0.0870073	0.500679	0.0247555	0
29995	-0.486767	0.264394	-0.655487	0	0.264394	0	0.486767	0	0.655487
89782	0.790485	0.182671	-0.0980491	0.790485	0.182671	0	0	0	0.0980491
4004	-0.798428	-0.164839	0.0629409	0	0	0.0629409	0.798428	0.164839	0
4005	0.439556	0.0606842	-0.497104	0.439556	0.0606842	0	0	0	0.497104
55885	-0.797423	0.354687	0.121105	0	0.354687	0.121105	0.797423	0	0
8543	-0.194624	0.561294	0.315578	0	0.561294	0.315578	0.194624	0	0
4008	-0.437424	0.306192	-0.333138	0	0.306192	0	0.437424	0	0.333138
22853	0.778363	-0.284728	0.1786	0.778363	0	0.1786	0	0.284728	0
348801	0.577985	-0.156956	0.331935	0.577985	0	0.331935	0	0.156956	0
80856	-0.617766	0.423836	0.116029	0	0.423836	0.116029	0.617766	0	0
84708	0.269082	-0.450032	0.497007	0.269082	0	0.497007	0	0.450032	0
222484	0.394793	-0.32181	0.270125	0.394793	0	0.270125	0	0.32181	0
9361	0.471567	0.36406	0.000667377	0.471567	0.36406	0.000667377	0	0	0
164832	-0.643745	-0.127795	0.512889	0	0	0.512889	0.643745	0.127795	0
79836	0.280679	-0.717509	-0.12804	0.280679	0	0	0	0.717509	0.12804
4016	-0.837149	-0.115203	-0.217383	0	0	0	0.837149	0.115203	0.217383
84695	-0.748827	-0.05283	-0.220698	0	0	0	0.748827	0.05283	0.220698
4018	-0.851504	-0.195909	0.062391	0	0	0.062391	0.851504	0.195909	0
10161	-0.620671	0.0860858	-0.41364	0	0.0860858	0	0.620671	0	0.41364
79888	-0.673317	-0.0614237	0.316067	0	0	0.316067	0.673317	0.0614237	0
54947	-0.267845	0.289144	-0.461366	0	0.289144	0	0.267845	0	0.461366
10162	-0.362587	-0.5163	0.180956	0	0	0.180956	0.362587	0.5163	0
254531	0.884049	-0.000500647	0.0926433	0.884049	0	0.0926433	0	0.000500647	0
9926	0.622675	-0.117118	0.0183727	0.622675	0	0.0183727	0	0.117118	0
4023	0.240701	-0.107041	0.713267	0.240701	0	0.713267	0	0.107041	0
4026	-0.329884	0.25285	-0.328322	0	0.25285	0	0.329884	0	0.328322
9404	0.147235	0.0616891	-0.389266	0.147235	0.0616891	0	0	0	0.389266
23143	0.825324	0.189272	0.100598	0.825324	0.189272	0.100598	0	0	0
57631	-0.713845	-0.500886	0.143559	0	0	0.143559	0.713845	0.500886	0
100507055	-0.334766	-0.222112	0.391251	0	0	0.391251	0.334766	0.222112	0
57497	-0.496004	-0.087474	0.510411	0	0	0.510411	0.496004	0.087474	0
78999	-0.278822	-0.430845	0.302145	0	0	0.302145	0.278822	0.430845	0
145581	0.578106	-0.399375	0.334803	0.578106	0	0.334803	0	0.399375	0
121227	0.076785	-0.357335	-0.318331	0.076785	0	0	0	0.357335	0.318331
83938	-0.633227	-0.0343627	-0.252804	0	0	0	0.633227	0.0343627	0.252804
29967	0.481981	0.264718	0.0470572	0.481981	0.264718	0.0470572	0	0	0
53353	-0.818157	0.171052	-0.182094	0	0.171052	0	0.818157	0	0.182094
4036	0.0345987	0.290679	-0.339882	0.0345987	0.290679	0	0	0	0.339882
55805	-0.0515136	-0.627594	0.0122582	0	0	0.0122582	0.0515136	0.627594	0
91355	0.584313	0.158995	-0.339654	0.584313	0.158995	0	0	0	0.339654
7804	0.648674	-0.181797	-0.284118	0.648674	0	0	0	0.181797	0.284118
4043	0.935884	0.0786348	0.023479	0.935884	0.0786348	0.023479	0	0	0
122769	0.588032	-0.195326	-0.0833913	0.588032	0	0	0	0.195326	0.0833913
55227	0.0194457	0.0478165	-0.555803	0.0194457	0.0478165	0	0	0	0.555803
9684	0.34442	0.613931	0.436663	0.34442	0.613931	0.436663	0	0	0
79442	-0.779216	0.165993	0.312749	0	0.165993	0.312749	0.779216	0	0
55222	0.477392	0.347336	0.37041	0.477392	0.347336	0.37041	0	0	0
123355	-0.175284	-0.581072	0.0971993	0	0	0.0971993	0.175284	0.581072	0
2615	0.304913	0.381312	-0.178887	0.304913	0.381312	0	0	0	0.178887
151827	0.331593	-0.714617	0.0702249	0.331593	0	0.0702249	0	0.714617	0
55282	-0.935825	0.0487462	-0.127321	0	0.0487462	0	0.935825	0	0.127321
126755	0.755714	0.430726	-0.0266528	0.755714	0.430726	0	0	0	0.0266528
127495	0.039054	0.0460643	0.21812	0.039054	0.0460643	0.21812	0	0	0
116135	-0.941651	-0.113483	0.0222189	0	0	0.0222189	0.941651	0.113483	0
64101	0.802882	-0.299464	0.0652982	0.802882	0	0.0652982	0	0.299464	0
115353	-0.807485	-0.0454591	0.126336	0	0	0.126336	0.807485	0.0454591	0
54839	0.852569	-0.259107	-0.0474972	0.852569	0	0	0	0.259107	0.0474972
57689	-0.263835	0.476259	-0.064216	0	0.476259	0	0.263835	0	0.064216
115399	-0.89105	-0.352066	-0.082707	0	0	0	0.89105	0.352066	0.082707
255252	-0.574205	-0.199883	0.136577	0	0	0.136577	0.574205	0.199883	0
55379	0.617133	0.408243	0.105273	0.617133	0.408243	0.105273	0	0	0
65999	-0.751923	-0.126576	0.143269	0	0	0.143269	0.751923	0.126576	0
57554	-0.639456	-0.612118	0.17418	0	0	0.17418	0.639456	0.612118	0
221424	-0.724281	0.182864	0.444477	0	0.182864	0.444477	0.724281	0	0
388341	0.565557	0.0808127	0.312944	0.565557	0.0808127	0.312944	0	0	0
56262	0.134571	0.295722	0.0150628	0.134571	0.295722	0.0150628	0	0	0
23507	-0.286459	0.447072	0.384125	0	0.447072	0.384125	0.286459	0	0
84230	0.648558	0.0114824	-0.202362	0.648558	0.0114824	0	0	0	0.202362
55144	0.342013	0.189312	-0.168429	0.342013	0.189312	0	0	0	0.168429
341883	0.686944	-0.00121481	0.138177	0.686944	0	0.138177	0	0.00121481	0
9208	0.699389	-0.243996	0.0742719	0.699389	0	0.0742719	0	0.243996	0
84125	-0.643548	-0.466897	-0.113924	0	0	0	0.643548	0.466897	0.113924
79705	0.331477	-0.0616551	0.634787	0.331477	0	0.634787	0	0.0616551	0
120892	0.635382	-0.517687	0.126527	0.635382	0	0.126527	0	0.517687	0
57633	-0.719511	0.333988	-0.0772942	0	0.333988	0	0.719511	0	0.0772942
10446	-0.814584	0.402156	-0.13356	0	0.402156	0	0.814584	0	0.13356
54674	0.628791	0.00475925	0.19397	0.628791	0.00475925	0.19397	0	0	0
347730	-0.697592	-0.382904	-0.0840826	0	0	0	0.697592	0.382904	0.0840826
347731	0.401421	-0.558921	0.42649	0.401421	0	0.42649	0	0.558921	0
80059	-0.607184	0.0775804	0.545896	0	0.0775804	0.545896	0.607184	0	0
220074	-0.677791	-0.231995	-0.14675	0	0	0	0.677791	0.231995	0.14675
4045	-0.075925	0.624149	-0.134782	0	0.624149	0	0.075925	0	0.134782
55341	-0.16837	0.586949	-0.258248	0	0.586949	0	0.16837	0	0.258248
27258	-0.884783	-0.0117555	0.0493584	0	0	0.0493584	0.884783	0.0117555	0
25804	-0.838849	0.237617	0.139668	0	0.237617	0.139668	0.838849	0	0
51690	-0.697802	0.18879	0.0323388	0	0.18879	0.0323388	0.697802	0	0
4046	-0.777944	-0.161782	-0.137655	0	0	0	0.777944	0.161782	0.137655
4047	0.0364721	0.293278	-0.542889	0.0364721	0.293278	0	0	0	0.542889
7940	-0.612377	0.0640701	-0.200094	0	0.0640701	0	0.612377	0	0.200094
4050	0.764325	0.101069	0.220978	0.764325	0.101069	0.220978	0	0	0
8425	-0.833694	-0.113025	0.0849844	0	0	0.0849844	0.833694	0.113025	0
4056	-0.595388	0.110188	-0.226475	0	0.110188	0	0.595388	0	0.226475
4058	-0.0024974	-0.252817	0.708409	0	0	0.708409	0.0024974	0.252817	0
26046	0.556636	-0.00691968	0.203136	0.556636	0	0.203136	0	0.00691968	0
84946	0.359857	0.18483	-0.108114	0.359857	0.18483	0	0	0	0.108114
51747	-0.313808	-0.461306	0.0637902	0	0	0.0637902	0.313808	0.461306	0
286343	0.78754	0.202296	0.00154679	0.78754	0.202296	0.00154679	0	0	0
7798	0.899344	0.0503483	-0.0318168	0.899344	0.0503483	0	0	0	0.0318168
338645	-0.854521	0.0781679	-0.337371	0	0.0781679	0	0.854521	0	0.337371
56925	0.106111	-0.645826	-0.122654	0.106111	0	0	0	0.645826	0.122654
8581	0.757989	-0.0469437	0.496072	0.757989	0	0.496072	0	0.0469437	0
4061	-0.380788	0.122423	0.595136	0	0.122423	0.595136	0.380788	0	0
58496	0.541687	-0.384916	0.0174357	0.541687	0	0.0174357	0	0.384916	0
4062	-0.934794	0.0349125	0.251323	0	0.0349125	0.251323	0.934794	0	0
9450	-0.53495	0.10355	-0.148429	0	0.10355	0	0.53495	0	0.148429
285780	-0.591522	0.139742	0.633325	0	0.139742	0.633325	0.591522	0	0
23643	-0.550681	0.150228	-0.515529	0	0.150228	0	0.550681	0	0.515529
55646	0.300573	-0.0765531	-0.183486	0.300573	0	0	0	0.0765531	0.183486
4067	-0.606208	0.175607	-0.0508104	0	0.175607	0	0.606208	0	0.0508104
66004	0.58294	0.59702	0.180206	0.58294	0.59702	0.180206	0	0	0
116372	-0.840844	-0.04798	-0.250472	0	0	0	0.840844	0.04798	0.250472
284348	0.937064	0.191299	-0.00679574	0.937064	0.191299	0	0	0	0.00679574
646627	-0.836344	0.238106	0.19545	0	0.238106	0.19545	0.836344	0	0
10434	0.566219	0.197268	-0.0915483	0.566219	0.197268	0	0	0	0.0915483
127018	-0.650586	0.0205014	-0.363284	0	0.0205014	0	0.650586	0	0.363284
57226	-0.722923	-0.051041	0.0868362	0	0	0.0868362	0.722923	0.051041	0
57128	0.389186	0.238211	0.716121	0.389186	0.238211	0.716121	0	0	0
90624	0.645527	0.058822	0.0267144	0.645527	0.058822	0.0267144	0	0	0
201229	-0.879591	-0.185439	0.0133721	0	0	0.0133721	0.879591	0.185439	0
256586	0.411155	0.201164	0.302301	0.411155	0.201164	0.302301	0	0	0
145748	0.805988	-0.253416	0.0912918	0.805988	0	0.0912918	0	0.253416	0
1130	0.643565	-0.362135	0.289582	0.643565	0	0.289582	0	0.362135	0
10894	-0.736038	0.0776639	-0.181729	0	0.0776639	0	0.736038	0	0.181729
131375	-0.785629	0.362132	0.161024	0	0.362132	0.161024	0.785629	0	0
54585	0.00777364	-0.369672	0.544549	0.00777364	0	0.544549	0	0.369672	0
8216	-0.395145	0.503983	-0.065842	0	0.503983	0	0.395145	0	0.065842
11178	0.0794196	0.280527	0.161284	0.0794196	0.280527	0.161284	0	0	0
9762	0.705716	-0.194992	0.422499	0.705716	0	0.422499	0	0.194992	0
140733	-0.489742	-0.515858	0.396486	0	0	0.396486	0.489742	0.515858	0
8379	0.682961	0.465331	0.142332	0.682961	0.465331	0.142332	0	0	0
10459	-0.698473	-0.236991	-0.129883	0	0	0	0.698473	0.236991	0.129883
8174	0.802344	0.36971	-0.0303616	0.802344	0.36971	0	0	0	0.0303616
10296	-0.352583	0.555676	0.0481064	0	0.555676	0.0481064	0.352583	0	0
9935	0.689138	0.150286	0.303294	0.689138	0.150286	0.303294	0	0	0
23764	0.088941	0.448835	-0.177461	0.088941	0.448835	0	0	0	0.177461
4097	-0.753495	0.208013	-0.0600636	0	0.208013	0	0.753495	0	0.0600636
7975	-0.379239	-0.034411	0.0991664	0	0	0.0991664	0.379239	0.034411	0
4099	0.251605	0.26505	-0.321918	0.251605	0.26505	0	0	0	0.321918
9500	-0.818437	0.201546	0.146659	0	0.201546	0.146659	0.818437	0	0
64110	-0.422947	-0.118399	0.153725	0	0	0.153725	0.422947	0.118399	0
28986	-0.882984	-0.00571623	0.0868021	0	0	0.0868021	0.882984	0.00571623	0
54551	0.813908	0.321385	-0.00625869	0.813908	0.321385	0	0	0	0.00625869
260425	0.828323	-0.0613266	0.262515	0.828323	0	0.262515	0	0.0613266	0
79917	-0.567189	0.394644	0.172654	0	0.394644	0.172654	0.567189	0	0
114569	-0.143666	0.0236473	0.849488	0	0.0236473	0.849488	0.143666	0	0
378938	0.711884	-0.408456	-0.0365231	0.711884	0	0	0	0.408456	0.0365231
7851	-0.149406	-0.362002	0.0148534	0	0	0.0148534	0.149406	0.362002	0
9794	0.511476	-0.262629	0.0015136	0.511476	0	0.0015136	0	0.262629	0
84441	-0.452511	0.100514	-0.45629	0	0.100514	0	0.452511	0	0.45629
55534	0.337899	-0.401679	-0.220167	0.337899	0	0	0	0.401679	0.220167
10046	-0.773459	-0.380506	-0.0948601	0	0	0	0.773459	0.380506	0.0948601
4121	-0.833348	-0.11607	0.00901386	0	0	0.00901386	0.833348	0.11607	0
10905	0.0374139	-0.023043	0.513538	0.0374139	0	0.513538	0	0.023043	0
11253	-0.618395	0.209859	0.148665	0	0.209859	0.148665	0.618395	0	0
57134	0.740229	0.203821	0.226523	0.740229	0.203821	0.226523	0	0	0
4124	-0.0128254	0.3327	-0.22821	0	0.3327	0	0.0128254	0	0.22821
4122	0.426975	-0.260702	-0.266973	0.426975	0	0	0	0.260702	0.266973
23324	-0.609616	0.00735055	0.128328	0	0.00735055	0.128328	0.609616	0	0
149175	-0.872844	0.139442	0.0445183	0	0.139442	0.0445183	0.872844	0	0
7873	-0.549281	0.432163	0.00982272	0	0.432163	0.00982272	0.549281	0	0
4128	-0.714879	-0.142834	-0.215782	0	0	0	0.714879	0.142834	0.215782
4129	-0.810091	0.148404	0.00702497	0	0.148404	0.00702497	0.810091	0	0
4130	0.530131	0.187784	-0.145721	0.530131	0.187784	0	0	0	0.145721
4131	0.235129	0.652533	0.0354361	0.235129	0.652533	0.0354361	0	0	0
84557	-0.746993	-0.0204651	0.0406289	0	0	0.0406289	0.746993	0.0204651	0
81631	0.835089	0.0591513	0.0654531	0.835089	0.0591513	0.0654531	0	0	0
643246	0.605183	0.0360156	-0.071807	0.605183	0.0360156	0	0	0	0.071807
4133	-0.465721	-0.0177407	-0.0191238	0	0	0	0.465721	0.0177407	0.0191238
5604	-0.650049	0.145023	0.223508	0	0.145023	0.223508	0.650049	0	0
5605	0.382714	0.588403	0.224606	0.382714	0.588403	0.224606	0	0	0
5606	0.552434	0.32713	-0.15616	0.552434	0.32713	0	0	0	0.15616
6416	-0.0854997	0.654134	0.320005	0	0.654134	0.320005	0.0854997	0	0
5607	0.108478	0.554844	-0.047414	0.108478	0.554844	0	0	0	0.047414
5608	0.596594	-0.393654	-0.0246386	0.596594	0	0	0	0.393654	0.0246386
5609	0.651014	-0.2099	-0.0536612	0.651014	0	0	0	0.2099	0.0536612
4294	0.41847	-0.42268	-0.0409947	0.41847	0	0	0	0.42268	0.0409947
7786	0.49386	-0.406732	-0.0228398	0.49386	0	0	0	0.406732	0.0228398
9175	0.780529	0.0716706	0.250625	0.780529	0.0716706	0.250625	0	0	0
9020	0.391236	0.0280312	-0.17874	0.391236	0.0280312	0	0	0	0.17874
51776	0.345863	-0.10666	-0.151757	0.345863	0	0	0	0.10666	0.151757
84451	0.303598	-0.350043	0.313476	0.303598	0	0.313476	0	0.350043	0
4215	0.60839	-0.263153	-0.206801	0.60839	0	0	0	0.263153	0.206801
4216	-0.230177	-0.472538	-0.0560484	0	0	0	0.230177	0.472538	0.0560484
4217	-0.253243	-0.637393	0.0471723	0	0	0.0471723	0.253243	0.637393	0
9064	0.863372	0.170579	-0.00149345	0.863372	0.170579	0	0	0	0.00149345
1326	0.308104	-0.0127929	-0.431562	0.308104	0	0	0	0.0127929	0.431562
4293	0.74468	0.344965	-0.0853506	0.74468	0.344965	0	0	0	0.0853506
4134	-0.585916	0.414818	0.384684	0	0.414818	0.384684	0.585916	0	0
5871	0.638559	0.188198	-0.0256653	0.638559	0.188198	0	0	0	0.0256653
79929	0.459117	0.0339234	-0.183166	0.459117	0.0339234	0	0	0	0.183166
256714	0.549958	0.0355608	0.0792323	0.549958	0.0355608	0.0792323	0	0	0
79884	0.807441	0.418416	0.0556763	0.807441	0.418416	0.0556763	0	0	0
5594	-0.828092	-0.264887	0.0982676	0	0	0.0982676	0.828092	0.264887	0
5602	0.79298	0.277757	0.344676	0.79298	0.277757	0.344676	0	0	0
5600	-0.506217	0.355146	0.485715	0	0.355146	0.485715	0.506217	0	0
5603	0.122555	0.548868	0.61648	0.122555	0.548868	0.61648	0	0	0
93487	-0.863908	-0.160566	0.206355	0	0	0.206355	0.863908	0.160566	0
5595	-0.835624	-0.0478311	0.160855	0	0	0.160855	0.835624	0.0478311	0
5596	0.22855	0.387659	0.418546	0.22855	0.387659	0.418546	0	0	0
5597	0.394681	-0.485524	0.347918	0.394681	0	0.347918	0	0.485524	0
9479	-0.768973	-0.0207564	-0.164057	0	0	0	0.768973	0.0207564	0.164057
5601	0.0739946	-0.489044	-0.0278622	0.0739946	0	0	0	0.489044	0.0278622
9261	-0.0512534	0.418864	-0.5685	0	0.418864	0	0.0512534	0	0.5685
7867	-0.515302	0.211965	-0.268617	0	0.211965	0	0.515302	0	0.268617
51275	-0.576157	0.151131	-0.00276532	0	0.151131	0	0.576157	0	0.00276532
23005	0.440584	-0.466249	-0.0299241	0.440584	0	0	0	0.466249	0.0299241
22919	-0.304642	0.239877	-0.401515	0	0.239877	0	0.304642	0	0.401515
4082	-0.864214	-0.258629	0.209459	0	0	0.209459	0.864214	0.258629	0
8685	-0.610538	-0.0295983	-0.109269	0	0	0	0.610538	0.0295983	0.109269
9665	0.7054	0.346378	0.281669	0.7054	0.346378	0.281669	0	0	0
4139	-0.593027	0.0451669	0.235202	0	0.0451669	0.235202	0.593027	0	0
5648	-0.583145	-0.0430039	-0.481381	0	0	0	0.583145	0.0430039	0.481381
10747	0.643464	-0.383687	0.0512385	0.643464	0	0.0512385	0	0.383687	0
23031	-0.67503	-0.0421616	0.442891	0	0	0.442891	0.67503	0.0421616	0
375449	0.799398	0.231526	0.0425708	0.799398	0.231526	0.0425708	0	0	0
27430	0.753518	0.0558455	0.366897	0.753518	0.0558455	0.366897	0	0	0
4145	0.760413	0.321067	0.0605939	0.760413	0.321067	0.0605939	0	0	0
100129196	0.252598	0.101157	-0.365104	0.252598	0.101157	0	0	0	0.365104
4147	-0.460021	-0.625632	-0.174007	0	0	0	0.460021	0.625632	0.174007
4148	0.284935	0.157342	-0.420823	0.284935	0.157342	0	0	0	0.420823
4149	0.727259	0.058974	-0.092749	0.727259	0.058974	0	0	0	0.092749
4150	-0.488394	0.0902919	0.204563	0	0.0902919	0.204563	0.488394	0	0
151963	-0.54958	-0.0909134	0.512768	0	0	0.512768	0.54958	0.0909134	0
8932	0.779546	0.194641	0.162719	0.779546	0.194641	0.162719	0	0	0
53615	0.621248	-0.00355446	0.0624647	0.621248	0	0.0624647	0	0.00355446	0
55777	-0.0479676	-0.471027	0.124736	0	0	0.124736	0.0479676	0.471027	0
153364	-0.706205	-0.35161	0.108916	0	0	0.108916	0.706205	0.35161	0
10150	0.79217	-0.0546291	0.0939865	0.79217	0	0.0939865	0	0.0546291	0
55796	-0.494596	-0.0927153	-0.446206	0	0	0	0.494596	0.0927153	0.446206
154141	0.172426	0.485215	-0.563103	0.172426	0.485215	0	0	0	0.563103
129642	-0.862155	0.151616	-0.206645	0	0.151616	0	0.862155	0	0.206645
79143	-0.857315	-0.0255362	0.246782	0	0	0.246782	0.857315	0.0255362	0
4155	0.483287	-0.604863	0.247269	0.483287	0	0.247269	0	0.604863	0
54799	0.527592	-0.305599	0.0209751	0.527592	0	0.0209751	0	0.305599	0
4157	0.821237	-0.0573741	-0.127434	0.821237	0	0	0	0.0573741	0.127434
4162	0.474203	0.255229	-0.304681	0.474203	0.255229	0	0	0	0.304681
4168	0.8516	-0.00157218	-0.0181159	0.8516	0	0	0	0.00157218	0.0181159
23263	0.829719	0.0164559	-0.00624782	0.829719	0.0164559	0	0	0	0.00624782
100289410	0.770173	0.291798	-0.05625	0.770173	0.291798	0	0	0	0.05625
23101	0.651201	-0.329632	0.119411	0.651201	0	0.119411	0	0.329632	0
90411	-0.716111	0.00256742	0.115996	0	0.00256742	0.115996	0.716111	0	0
84539	-0.218361	0.142954	0.623357	0	0.142954	0.623357	0.218361	0	0
4172	-0.140073	-0.543546	-0.310893	0	0	0	0.140073	0.543546	0.310893
114044	0.695454	-0.054858	-0.251703	0.695454	0	0	0	0.054858	0.251703
4174	0.229799	-0.024989	-0.431492	0.229799	0	0	0	0.024989	0.431492
4175	-0.709619	-0.0201437	-0.0952019	0	0	0	0.709619	0.0201437	0.0952019
4176	0.50761	-0.100978	-0.405958	0.50761	0	0	0	0.100978	0.405958
10445	0.608974	-0.0490456	0.231307	0.608974	0	0.231307	0	0.0490456	0
79772	-0.705445	0.251421	0.256447	0	0.251421	0.256447	0.705445	0	0
55784	0.049622	0.497761	-0.0139291	0.049622	0.497761	0	0	0	0.0139291
28985	-0.726658	0.466736	0.187831	0	0.466736	0.187831	0.726658	0	0
90550	0.503189	0.0868046	0.0368929	0.503189	0.0868046	0.0368929	0	0	0
55013	-0.889991	0.265546	-0.0357761	0	0.265546	0	0.889991	0	0.0357761
63933	-0.76024	0.263253	-0.0509939	0	0.263253	0	0.76024	0	0.0509939
9656	0.290469	-0.491177	-0.0404334	0.290469	0	0	0	0.491177	0.0404334
29969	-0.430614	0.366475	-0.122217	0	0.366475	0	0.430614	0	0.122217
266727	-0.762458	0.342352	-0.133069	0	0.342352	0	0.762458	0	0.133069
161357	0.617437	0.042126	0.187402	0.617437	0.042126	0.187402	0	0	0
4190	0.603148	0.46428	0.13418	0.603148	0.46428	0.13418	0	0	0
4191	-0.538181	0.264877	0.292219	0	0.264877	0.292219	0.538181	0	0
4192	-0.619827	0.207008	-0.286889	0	0.207008	0	0.619827	0	0.286889
4199	-0.813569	0.278912	0.0227669	0	0.278912	0.0227669	0.813569	0	0
4200	-0.580978	0.21304	-0.195121	0	0.21304	0	0.580978	0	0.195121
10873	-0.771612	0.257669	0.209651	0	0.257669	0.209651	0.771612	0	0
4201	-0.696872	0.148432	0.439862	0	0.148432	0.439862	0.696872	0	0
2122	0.496989	0.282872	-0.266151	0.496989	0.282872	0	0	0	0.266151
4204	0.61422	-0.261237	-0.0118066	0.61422	0	0	0	0.261237	0.0118066
51102	-0.503909	0.526733	0.110701	0	0.526733	0.110701	0.503909	0	0
400569	0.803157	0.207881	-0.256031	0.803157	0.207881	0	0	0	0.256031
10025	-0.69733	0.129263	0.164463	0	0.129263	0.164463	0.69733	0	0
9412	0.691971	0.0430922	0.163371	0.691971	0.0430922	0.163371	0	0	0
6837	0.619394	-0.00587938	-0.138496	0.619394	0	0	0	0.00587938	0.138496
9439	0.371156	-0.404291	0.240496	0.371156	0	0.240496	0	0.404291	0
55090	0.50732	-0.360104	0.0817347	0.50732	0	0.0817347	0	0.360104	0
84935	-0.327175	0.510335	0.38679	0	0.510335	0.38679	0.327175	0	0
4205	0.491955	-0.550735	0.06524	0.491955	0	0.06524	0	0.550735	0
4208	0.271988	-0.574064	0.339829	0.271988	0	0.339829	0	0.574064	0
1953	0.428328	0.136568	0.0172423	0.428328	0.136568	0.0172423	0	0	0
150365	-0.0412397	0.417093	0.292923	0	0.417093	0.292923	0.0412397	0	0
4211	0.00749961	-0.00100954	-0.00162992	0.00749961	0	0	0	0.00100954	0.00162992
4212	-0.276901	0.179838	-0.278491	0	0.179838	0	0.276901	0	0.278491
56917	-0.885968	0.0994178	0.23462	0	0.0994178	0.23462	0.885968	0	0
4241	-0.0700167	0.0573601	0.0245399	0	0.0573601	0.0245399	0.0700167	0	0
56257	0.527749	0.191678	-0.014036	0.527749	0.191678	0	0	0	0.014036
56955	-0.512856	0.549119	0.21385	0	0.549119	0.21385	0.512856	0	0
10461	-0.312453	-0.387582	-0.0475695	0	0	0	0.312453	0.387582	0.0475695
23184	-0.427317	0.271736	-0.26143	0	0.271736	0	0.427317	0	0.26143
55897	-0.893188	-0.105009	0.280326	0	0	0.280326	0.893188	0.105009	0
4232	-0.743863	-0.207211	0.331263	0	0	0.331263	0.743863	0.207211	0
4233	0.30041	-0.766977	0.426012	0.30041	0	0.426012	0	0.766977	0
10988	0.654008	0.376849	-0.105668	0.654008	0.376849	0	0	0	0.105668
284207	-0.272521	0.386726	-0.50741	0	0.386726	0	0.272521	0	0.50741
4234	-0.586303	0.296164	0.120363	0	0.296164	0.120363	0.586303	0	0
51603	0.382141	0.404008	0.347108	0.382141	0.404008	0.347108	0	0	0
196074	0.661178	-0.380868	0.0694521	0.661178	0	0.0694521	0	0.380868	0
64745	0.686469	-0.0675204	0.0765908	0.686469	0	0.0765908	0	0.0675204	0
151194	0.72296	0.0597532	0.259816	0.72296	0.0597532	0.259816	0	0	0
196541	0.306524	0.309501	0.333245	0.306524	0.309501	0.333245	0	0	0
728464	0.721588	-0.263226	-0.0119805	0.721588	0	0	0	0.263226	0.0119805
29081	-0.789069	0.0775703	0.0244719	0	0.0775703	0.0244719	0.789069	0	0
131965	-0.717271	0.090319	0.0440736	0	0.090319	0.0440736	0.717271	0	0
79828	-0.36667	0.343041	-0.37593	0	0.343041	0	0.36667	0	0.37593
51108	-0.497913	0.141323	0.325413	0	0.141323	0.325413	0.497913	0	0
92312	-0.503332	0.159635	-0.295675	0	0.159635	0	0.503332	0	0.295675
4238	0.541228	-0.0235171	0.183713	0.541228	0	0.183713	0	0.0235171	0
9848	0.55986	-0.0777999	-0.316172	0.55986	0	0	0	0.0777999	0.316172
4239	-0.372552	-0.0694598	-0.233695	0	0	0	0.372552	0.0694598	0.233695
56947	0.558398	0.400814	0.0543433	0.558398	0.400814	0.0543433	0	0	0
4240	0.545603	0.345756	0.235034	0.545603	0.345756	0.235034	0	0	0
9258	0.629868	-0.177198	-0.0618534	0.629868	0	0	0	0.177198	0.0618534
9927	0.162958	0.542541	0.124648	0.162958	0.542541	0.124648	0	0	0
64747	0.32755	-0.124444	-0.473254	0.32755	0	0	0	0.124444	0.473254
126321	-0.550881	0.380381	0.160773	0	0.380381	0.160773	0.550881	0	0
84879	0.457638	0.238806	-0.294098	0.457638	0.238806	0	0	0	0.294098
54842	-0.119055	0.187485	0.0918247	0	0.187485	0.0918247	0.119055	0	0
84804	0.683047	0.0496478	-0.0870044	0.683047	0.0496478	0	0	0	0.0870044
23269	0.560607	-0.158637	0.0567493	0.560607	0	0.0567493	0	0.158637	0
84709	0.758262	-0.101061	-0.208091	0.758262	0	0	0	0.101061	0.208091
4245	0.530582	0.0806617	-0.103577	0.530582	0.0806617	0	0	0	0.103577
11320	0.196062	-0.345925	0.53874	0.196062	0	0.53874	0	0.345925	0
11282	-0.769992	0.101729	0.222636	0	0.101729	0.222636	0.769992	0	0
25834	-0.0589201	0.458527	-0.268283	0	0.458527	0	0.0589201	0	0.268283
4249	0.473081	0.429926	-0.00358169	0.473081	0.429926	0	0	0	0.00358169
146664	0.0361526	-0.452063	0.664872	0.0361526	0	0.664872	0	0.452063	0
11343	0.190711	0.527306	0.155163	0.190711	0.527306	0.155163	0	0	0
4255	-0.8003	0.189945	-0.162511	0	0.189945	0	0.8003	0	0.162511
4256	-0.097944	-0.566795	0.346728	0	0	0.346728	0.097944	0.566795	0
4257	-0.878082	0.0549251	0.0194727	0	0.0549251	0.0194727	0.878082	0	0
4258	0.692497	0.28402	-0.283272	0.692497	0.28402	0	0	0	0.283272
375056	0.763913	-0.0761441	0.0469596	0.763913	0	0.0469596	0	0.0761441	0
440823	0.738795	-0.348326	0.20775	0.738795	0	0.20775	0	0.348326	0
100507436	0.423005	0.0295779	-0.644285	0.423005	0.0295779	0	0	0	0.644285
64780	0.258074	-0.108934	0.144304	0.258074	0	0.144304	0	0.108934	0
9645	0.589074	-0.176007	0.54134	0.589074	0	0.54134	0	0.176007	0
4277	0.41704	0.0203295	-0.735563	0.41704	0.0203295	0	0	0	0.735563
221154	0.410015	-0.394092	-0.257597	0.410015	0	0	0	0.394092	0.257597
286097	0.746751	0.0553421	0.337749	0.746751	0.0553421	0.337749	0	0	0
11043	0.820203	0.129711	-0.0897899	0.820203	0.129711	0	0	0	0.0897899
57708	0.514625	-0.137687	-0.033818	0.514625	0	0	0	0.137687	0.033818
4282	-0.644534	0.266514	0.133635	0	0.266514	0.133635	0.644534	0	0
374986	0.0034107	0.426106	0.126076	0.0034107	0.426106	0.126076	0	0	0
284021	-0.654585	-0.0155013	-0.259176	0	0	0	0.654585	0.0155013	0.259176
55793	0.142291	0.163729	-0.58819	0.142291	0.163729	0	0	0	0.58819
80013	0.807746	0.21023	-0.0207476	0.807746	0.21023	0	0	0	0.0207476
50488	-0.776266	-0.141994	0.060933	0	0	0.060933	0.776266	0.141994	0
54468	0.440987	-0.1563	0.407475	0.440987	0	0.407475	0	0.1563	0
100506755	0.0879275	-0.322332	0.119621	0.0879275	0	0.119621	0	0.322332	0
284424	-0.603517	0.488736	0.436961	0	0.488736	0.436961	0.603517	0	0
55320	0.635689	-0.534719	0.0800388	0.635689	0	0.0800388	0	0.534719	0
4286	0.598535	0.190791	-0.430591	0.598535	0.190791	0	0	0	0.430591
4289	0.746391	-0.0670252	-0.113916	0.746391	0	0	0	0.0670252	0.113916
8569	-0.174816	-0.687843	0.00310427	0	0	0.00310427	0.174816	0.687843	0
2872	0.777432	-0.203429	-0.0651067	0.777432	0	0	0	0.203429	0.0651067
23609	0.44907	0.208171	0.303761	0.44907	0.208171	0.303761	0	0	0
283078	0.785308	0.264357	0.342972	0.785308	0.264357	0.342972	0	0	0
4291	-0.533589	-0.397261	0.125258	0	0	0.125258	0.533589	0.397261	0
4292	-0.444242	-0.0503839	-0.426054	0	0	0	0.444242	0.0503839	0.426054
90523	-0.468574	-0.480147	0.600786	0	0	0.600786	0.468574	0.480147	0
197259	0.108143	0.237751	-0.522047	0.108143	0.237751	0	0	0	0.522047
8028	0.686638	-0.370449	0.0280789	0.686638	0	0.0280789	0	0.370449	0
2862	-0.626372	0.0460806	0.0784593	0	0.0460806	0.0784593	0.626372	0	0
79083	0.283592	0.0380681	-0.255766	0.283592	0.0380681	0	0	0	0.255766
166785	-0.617946	0.135181	-0.0686094	0	0.135181	0	0.617946	0	0.0686094
326625	-0.720688	0.0465773	-0.0440399	0	0.0465773	0	0.720688	0	0.0440399
25974	0.349463	0.187311	-0.241185	0.349463	0.187311	0	0	0	0.241185
23531	-0.952488	0.0481699	-0.05418	0	0.0481699	0	0.952488	0	0.05418
93380	-0.37578	0.371058	0.155505	0	0.371058	0.155505	0.37578	0	0
4324	0.492236	0.518155	-0.363027	0.492236	0.518155	0	0	0	0.363027
4325	-0.454897	-0.462111	0.20344	0	0	0.20344	0.454897	0.462111	0
79148	-0.726655	-0.112388	-0.182168	0	0	0	0.726655	0.112388	0.182168
253714	0.724718	-0.0244219	-0.198685	0.724718	0	0	0	0.0244219	0.198685
84057	-0.355551	0.44196	-0.231579	0	0.44196	0	0.355551	0	0.231579
4332	-0.512373	-0.02862	-0.298007	0	0	0	0.512373	0.02862	0.298007
55329	0.527548	0.165309	0.0792931	0.527548	0.165309	0.0792931	0	0	0
4335	-0.266302	-0.543911	0.141961	0	0	0.141961	0.266302	0.543911	0
92597	-0.893188	-0.0342347	0.245234	0	0	0.245234	0.893188	0.0342347	0
81532	0.571722	0.517625	0.113352	0.571722	0.517625	0.113352	0	0	0
79817	0.255437	0.556904	-0.0956143	0.255437	0.556904	0	0	0	0.0956143
4336	0.245636	0.21079	-0.534799	0.245636	0.21079	0	0	0	0.534799
4337	0.665081	0.292327	0.000275155	0.665081	0.292327	0.000275155	0	0	0
4340	0.241471	0.170502	-0.436882	0.241471	0.170502	0	0	0	0.436882
116255	0.840196	0.0848922	-0.0859356	0.840196	0.0848922	0	0	0	0.0859356
80168	0.804321	-0.13357	-0.0867497	0.804321	0	0	0	0.13357	0.0867497
5891	0.494094	-0.374548	0.176574	0.494094	0	0.176574	0	0.374548	0
150291	0.605467	-0.25044	0.169008	0.605467	0	0.169008	0	0.25044	0
10933	0.187078	0.551412	0.0124422	0.187078	0.551412	0.0124422	0	0	0
283385	-0.483673	0.0318362	0.305035	0	0.0318362	0.305035	0.483673	0	0
118812	-0.752937	0.0950344	0.273953	0	0.0950344	0.273953	0.752937	0	0
254956	-0.601717	0.209487	-0.138336	0	0.209487	0	0.601717	0	0.138336
56180	0.529286	0.221784	0.189618	0.529286	0.221784	0.189618	0	0	0
158747	-0.523927	0.0146643	-0.352501	0	0.0146643	0	0.523927	0	0.352501
26002	-0.349653	0.365961	-0.0671141	0	0.365961	0	0.349653	0	0.0671141
51660	0.768689	0.238446	-0.306761	0.768689	0.238446	0	0	0	0.306761
8777	-0.51968	-0.0273748	-0.172331	0	0	0	0.51968	0.0273748	0.172331
219972	-0.551539	-0.0261606	-0.210921	0	0	0	0.551539	0.0261606	0.210921
10200	-0.748679	0.15147	-0.0266761	0	0.15147	0	0.748679	0	0.0266761
10198	0.627438	-0.392274	0.120495	0.627438	0	0.120495	0	0.392274	0
4351	-0.491018	0.635234	-0.0538815	0	0.635234	0	0.491018	0	0.0538815
4352	-0.279439	0.0766459	0.384787	0	0.0766459	0.384787	0.279439	0	0
136647	0.502555	-0.310548	-0.109657	0.502555	0	0	0	0.310548	0.109657
84954	-0.488734	0.367662	0.414877	0	0.367662	0.414877	0.488734	0	0
4353	-0.425394	0.59886	0.257063	0	0.59886	0.257063	0.425394	0	0
4354	0.84304	0.375497	0.0394233	0.84304	0.375497	0.0394233	0	0	0
4355	-0.630803	-0.0760362	0.300331	0	0	0.300331	0.630803	0.0760362	0
4356	-0.479974	-0.138161	0.208726	0	0	0.208726	0.479974	0.138161	0
143098	0.517464	-0.21857	0.236656	0.517464	0	0.236656	0	0.21857	0
758	-0.127341	0.66148	0.0736646	0	0.66148	0.0736646	0.127341	0	0
23164	0.559839	-0.43981	-0.0242168	0.559839	0	0	0	0.43981	0.0242168
255027	-0.000371271	-0.672478	-0.235252	0	0	0	0.000371271	0.672478	0.235252
84769	-0.786549	0.231497	0.246111	0	0.231497	0.246111	0.786549	0	0
9019	-0.36423	0.321733	-0.29242	0	0.321733	0	0.36423	0	0.29242
196264	0.647305	-0.113901	-0.0410527	0.647305	0	0	0	0.113901	0.0410527
3140	-0.772557	0.0486148	-0.0678994	0	0.0486148	0	0.772557	0	0.0678994
56246	0.216555	0.277338	-0.323467	0.216555	0.277338	0	0	0	0.323467
112609	-0.0647817	0.70639	0.0255996	0	0.70639	0.0255996	0.0647817	0	0
22808	-0.878821	-0.0099159	0.229907	0	0	0.229907	0.878821	0.0099159	0
4360	-0.785311	0.101176	-0.0101212	0	0.101176	0	0.785311	0	0.0101212
55686	0.546285	0.550786	-0.070479	0.546285	0.550786	0	0	0	0.070479
55257	0.585018	0.171969	0.044444	0.585018	0.171969	0.044444	0	0	0
116535	0.807378	0.225767	-0.187792	0.807378	0.225767	0	0	0	0.187792
55178	-0.411192	0.401154	0.274694	0	0.401154	0.274694	0.411192	0	0
51149	0.489994	-0.187922	0.0982158	0.489994	0	0.0982158	0	0.187922	0
389690	0.819183	0.443076	-0.0645109	0.819183	0.443076	0	0	0	0.0645109
642475	0.679621	0.0678334	-0.0366997	0.679621	0.0678334	0	0	0	0.0366997
140699	0.679159	-0.214931	0.103041	0.679159	0	0.103041	0	0.214931	0
124995	-0.705275	0.0079293	0.171544	0	0.0079293	0.171544	0.705275	0	0
6182	0.473659	0.594206	0.035072	0.473659	0.594206	0.035072	0	0	0
64928	-0.508889	0.33945	0.17575	0	0.33945	0.17575	0.508889	0	0
29088	0.603263	0.419257	0.0710113	0.603263	0.419257	0.0710113	0	0	0
54948	0.584501	0.246492	0.0359246	0.584501	0.246492	0.0359246	0	0	0
9801	0.523317	0.480862	0.0177123	0.523317	0.480862	0.0177123	0	0	0
55052	-0.734307	0.358439	-0.00703624	0	0.358439	0	0.734307	0	0.00703624
29093	0.566672	0.307071	-0.0616437	0.566672	0.307071	0	0	0	0.0616437
6150	-0.604612	0.336074	-0.0319208	0	0.336074	0	0.604612	0	0.0319208
51264	0.538006	0.510446	0.147865	0.538006	0.510446	0.147865	0	0	0
10573	-0.686829	0.250034	0.302925	0	0.250034	0.302925	0.686829	0	0
51263	-0.679959	0.0837317	0.125405	0	0.0837317	0.125405	0.679959	0	0
9553	0.896185	-0.0160234	0.147391	0.896185	0	0.147391	0	0.0160234	0
64981	0.645236	-0.00943735	0.0405388	0.645236	0	0.0405388	0	0.00943735	0
51253	-0.684299	0.49026	0.11286	0	0.49026	0.11286	0.684299	0	0
54148	0.599789	0.322101	0.0864173	0.599789	0.322101	0.0864173	0	0	0
28977	0.238082	0.327255	-0.376168	0.238082	0.327255	0	0	0	0.376168
84545	-0.656232	-0.235697	-0.220091	0	0	0	0.656232	0.235697	0.220091
57129	0.285923	0.684951	-0.119573	0.285923	0.684951	0	0	0	0.119573
51642	0.644852	0.179639	-0.283271	0.644852	0.179639	0	0	0	0.283271
740	-0.82819	0.0245157	-0.0214513	0	0.0245157	0	0.82819	0	0.0214513
3396	0.638906	0.338556	0.0101572	0.638906	0.338556	0.0101572	0	0	0
64960	-0.0488041	0.675315	-0.0773387	0	0.675315	0	0.0488041	0	0.0773387
51021	-0.704393	0.25264	-0.116111	0	0.25264	0	0.704393	0	0.116111
51023	-0.219062	0.524377	0.0445661	0	0.524377	0.0445661	0.219062	0	0
54460	-0.260711	0.596746	0.198679	0	0.596746	0.198679	0.260711	0	0
56945	0.32496	0.651068	-0.108724	0.32496	0.651068	0	0	0	0.108724
64949	0.547404	0.0936233	0.271005	0.547404	0.0936233	0.271005	0	0	0
10884	0.711117	0.0104485	0.295483	0.711117	0.0104485	0.295483	0	0	0
51650	-0.759652	0.0105334	-0.10323	0	0.0105334	0	0.759652	0	0.10323
64968	-0.694159	-0.258753	0.189511	0	0	0.189511	0.694159	0.258753	0
64965	-0.320422	0.583052	0.0487657	0	0.583052	0.0487657	0.320422	0	0
92399	0.653592	0.0154592	-0.329882	0.653592	0.0154592	0	0	0	0.329882
57380	0.673167	0.0109109	0.0426299	0.673167	0.0109109	0.0426299	0	0	0
219995	0.0124216	0.384233	-0.231927	0.0124216	0.384233	0	0	0	0.231927
51338	-0.523076	0.119845	-0.152208	0	0.119845	0	0.523076	0	0.152208
58475	-0.414668	0.189506	-0.320668	0	0.189506	0	0.414668	0	0.320668
345222	-0.847253	0.0259681	0.332539	0	0.0259681	0.332539	0.847253	0	0
79684	0.582775	-0.00732023	0.0383824	0.582775	0	0.0383824	0	0.00732023	0
91283	0.354486	0.541584	-0.00139577	0.354486	0.541584	0	0	0	0.00139577
84437	0.186567	0.33869	0.17426	0.186567	0.33869	0.17426	0	0	0
4436	0.318659	-0.396054	0.261217	0.318659	0	0.261217	0	0.396054	0
124540	-0.619129	-0.0111349	-0.114132	0	0	0	0.619129	0.0111349	0.114132
55167	0.493939	-0.401704	-0.0523634	0.493939	0	0	0	0.401704	0.0523634
10943	0.0655174	-0.388946	0.436322	0.0655174	0	0.436322	0	0.388946	0
6307	-0.689719	0.374295	0.0289428	0	0.374295	0.0289428	0.689719	0	0
4478	-0.306029	0.291492	-0.459466	0	0.291492	0	0.306029	0	0.459466
4482	-0.682609	0.227639	-0.152091	0	0.227639	0	0.682609	0	0.152091
22921	-0.444987	0.357993	-0.313925	0	0.357993	0	0.444987	0	0.313925
253827	0.702063	-0.14297	-0.0278362	0.702063	0	0	0	0.14297	0.0278362
4486	0.201245	-0.687439	0.305499	0.201245	0	0.305499	0	0.687439	0
4487	-0.10168	-0.0949277	0.120867	0	0	0.120867	0.10168	0.0949277	0
4489	-0.616064	0.00372044	-0.183804	0	0.00372044	0	0.616064	0	0.183804
4490	-0.747626	0.121015	-0.200024	0	0.121015	0	0.747626	0	0.200024
4493	-0.707196	0.13058	-0.193988	0	0.13058	0	0.707196	0	0.193988
4494	-0.71444	0.143562	-0.210771	0	0.143562	0	0.71444	0	0.210771
4495	-0.727561	0.211703	-0.186044	0	0.211703	0	0.727561	0	0.186044
4499	-0.656041	0.0674258	-0.226679	0	0.0674258	0	0.656041	0	0.226679
4501	-0.694166	0.167427	-0.24252	0	0.167427	0	0.694166	0	0.24252
4502	-0.732196	0.0217946	-0.221483	0	0.0217946	0	0.732196	0	0.221483
4504	-0.657844	0.118464	-0.0119913	0	0.118464	0	0.657844	0	0.0119913
57504	-0.82081	0.0851893	0.212784	0	0.0851893	0.212784	0.82081	0	0
4507	0.776701	-0.037189	-0.0661953	0.776701	0	0	0	0.037189	0.0661953
27085	0.46064	-0.522607	0.155417	0.46064	0	0.155417	0	0.522607	0
23787	-0.824768	0.273617	0.175044	0	0.273617	0.175044	0.824768	0	0
23255	0.863684	0.0908533	0.231408	0.863684	0.0908533	0.231408	0	0	0
92140	0.756163	-0.248656	0.182692	0.756163	0	0.182692	0	0.248656	0
80298	0.096196	-0.683392	-0.0207302	0.096196	0	0	0	0.683392	0.0207302
51537	0.732911	0.346167	0.0515582	0.732911	0.346167	0.0515582	0	0	0
9650	0.477524	-0.0142044	-0.388876	0.477524	0	0	0	0.0142044	0.388876
4522	-0.675182	0.174626	0.0468613	0	0.174626	0.0468613	0.675182	0	0
25902	-0.72135	0.0192068	0.044785	0	0.0192068	0.044785	0.72135	0	0
10797	0.455304	0.519339	-0.314314	0.455304	0.519339	0	0	0	0.314314
441024	0.323069	-0.657475	-0.0733226	0.323069	0	0	0	0.657475	0.0733226
4528	0.546256	0.328771	0.0494778	0.546256	0.328771	0.0494778	0	0	0
10903	-0.204036	-0.355328	-0.409437	0	0	0	0.204036	0.355328	0.409437
54545	-0.385409	-0.549145	0.344723	0	0	0.344723	0.385409	0.549145	0
64419	0.456431	0.0603243	0.161131	0.456431	0.0603243	0.161131	0	0	0
8898	0.66491	0.511815	-0.0764156	0.66491	0.511815	0	0	0	0.0764156
8897	-0.54196	-0.24892	-0.0540061	0	0	0	0.54196	0.24892	0.0540061
55149	0.789926	-0.309708	0.0465818	0.789926	0	0.0465818	0	0.309708	0
9617	0.672259	0.0286316	-0.0767462	0.672259	0.0286316	0	0	0	0.0767462
54516	0.683073	0.344745	0.124477	0.683073	0.344745	0.124477	0	0	0
4552	0.5051	-0.18311	-0.195644	0.5051	0	0	0	0.18311	0.195644
9788	-0.245566	0.193282	-0.511497	0	0.193282	0	0.245566	0	0.511497
4547	-0.0122232	0.330603	-0.437586	0	0.330603	0	0.0122232	0	0.437586
57509	0.223035	0.0664019	-0.435869	0.223035	0.0664019	0	0	0	0.435869
23281	0.772666	-0.185383	0.172867	0.772666	0	0.172867	0	0.185383	0
200958	0.621643	-0.111318	-0.126394	0.621643	0	0	0	0.111318	0.126394
118430	0.277702	0.760886	0.357276	0.277702	0.760886	0.357276	0	0	0
79594	-0.0764888	0.485547	0.233606	0	0.485547	0.233606	0.0764888	0	0
4595	0.223379	-0.317793	-0.327614	0.223379	0	0	0	0.317793	0.327614
4597	-0.678752	0.197006	0.223785	0	0.197006	0.223785	0.678752	0	0
9961	0.483158	0.234273	-0.272326	0.483158	0.234273	0	0	0	0.272326
4599	0.705766	0.484631	-0.238913	0.705766	0.484631	0	0	0	0.238913
4600	-0.154051	-0.384429	-0.050288	0	0	0	0.154051	0.384429	0.050288
4084	0.529587	-0.336029	0.313636	0.529587	0	0.313636	0	0.336029	0
10608	0.332069	-0.577922	-0.0983721	0.332069	0	0	0	0.577922	0.0983721
4601	0.692664	-0.350578	-0.0796762	0.692664	0	0	0	0.350578	0.0796762
439921	-0.108967	0.647093	0.239163	0	0.647093	0.239163	0.108967	0	0
54587	-0.465856	0.0698213	-0.420403	0	0.0698213	0	0.465856	0	0.420403
91663	-0.782481	0.367489	0.0106332	0	0.367489	0.0106332	0.782481	0	0
255275	0.616668	0.500679	0.181712	0.616668	0.500679	0.181712	0	0	0
4602	-0.779075	-0.100831	0.294605	0	0	0.294605	0.779075	0.100831	0
10514	0.60661	-0.026197	0.36568	0.60661	0	0.36568	0	0.026197	0
4603	0.188197	0.650744	-0.300706	0.188197	0.650744	0	0	0	0.300706
4604	-0.575183	0.2124	0.127798	0	0.2124	0.127798	0.575183	0	0
4606	-0.269363	0.59833	0.136646	0	0.59833	0.136646	0.269363	0	0
343263	0.750948	-0.366662	0.277686	0.750948	0	0.277686	0	0.366662	0
4609	0.634015	0.316233	-0.149488	0.634015	0.316233	0	0	0	0.149488
84073	0.464606	0.004259	0.0148347	0.464606	0.004259	0.0148347	0	0	0
4613	-0.609156	-0.207758	-0.305469	0	0	0	0.609156	0.207758	0.305469
10408	-0.732762	0.000201935	0.0759547	0	0.000201935	0.0759547	0.732762	0	0
80177	0.0849237	0.398817	-0.267556	0.0849237	0.398817	0	0	0	0.267556
56005	-0.745044	0.23489	0.0567962	0	0.23489	0.0567962	0.745044	0	0
4628	-0.497827	0.584311	0.0807199	0	0.584311	0.0807199	0.497827	0	0
22989	-0.587353	0.320021	-0.278645	0	0.320021	0	0.587353	0	0.278645
4625	-0.839912	-0.304568	0.237083	0	0	0.237083	0.839912	0.304568	0
57644	0.896764	0.21814	0.0393372	0.896764	0.21814	0.0393372	0	0	0
10627	0.274807	0.265529	-0.586704	0.274807	0.265529	0	0	0	0.586704
103910	-0.857553	0.296863	-0.0480636	0	0.296863	0	0.857553	0	0.0480636
4634	-0.227285	0.0575883	-0.49323	0	0.0575883	0	0.227285	0	0.49323
4636	-0.909411	-0.00555089	-0.073682	0	0	0	0.909411	0.00555089	0.073682
4637	-0.581659	0.468938	-0.208718	0	0.468938	0	0.581659	0	0.208718
140465	-0.630499	0.126961	0.166331	0	0.126961	0.166331	0.630499	0	0
29116	-0.559408	-0.0922371	-0.0337826	0	0	0	0.559408	0.0922371	0.0337826
4638	0.389654	0.402857	-0.581412	0.389654	0.402857	0	0	0	0.581412
85366	0.585487	0.428298	-0.214659	0.585487	0.428298	0	0	0	0.214659
55892	0.634194	-0.315593	0.00454518	0.634194	0	0.00454518	0	0.315593	0
51168	0.751009	0.192483	0.325096	0.751009	0.192483	0.325096	0	0	0
23026	-0.740865	-0.101516	-0.0387902	0	0	0	0.740865	0.101516	0.0387902
80179	0.800846	-0.328523	-0.113918	0.800846	0	0	0	0.328523	0.113918
4430	0.371304	0.16929	0.359063	0.371304	0.16929	0.359063	0	0	0
4642	0.219575	0.238631	-0.446018	0.219575	0.238631	0	0	0	0.446018
4643	0.496075	0.093023	-0.432238	0.496075	0.093023	0	0	0	0.432238
4542	-0.552925	0.0935071	-0.383451	0	0.0935071	0	0.552925	0	0.383451
4645	0.271502	0.653155	0.00604046	0.271502	0.653155	0.00604046	0	0	0
55930	0.254988	-0.689938	0.249181	0.254988	0	0.249181	0	0.689938	0
4647	-0.156523	-0.479549	0.451121	0	0	0.451121	0.156523	0.479549	0
4650	0.383961	-0.0352586	-0.473963	0.383961	0	0	0	0.0352586	0.473963
26509	-0.119253	0.357426	-0.647854	0	0.357426	0	0.119253	0	0.647854
8736	-0.496992	-0.102284	-0.46229	0	0	0	0.496992	0.102284	0.46229
9172	-0.164265	0.659459	0.203422	0	0.659459	0.203422	0.164265	0	0
9499	0.35988	0.0106766	-0.204573	0.35988	0.0106766	0	0	0	0.204573
91977	0.757957	0.101739	0.195202	0.757957	0.101739	0.195202	0	0	0
25924	-0.815462	-0.149598	0.159006	0	0	0.159006	0.815462	0.149598	0
114803	0.551347	-0.119552	0.241518	0.551347	0	0.241518	0	0.119552	0
4661	-0.268409	0.0599796	-0.211003	0	0.0599796	0	0.268409	0	0.211003
23040	0.531239	-0.392333	0.124585	0.531239	0	0.124585	0	0.392333	0
440145	-0.375413	-0.0328886	0.322899	0	0	0.322899	0.375413	0.0328886	0
653784	-0.850315	0.111342	0.0542153	0	0.111342	0.0542153	0.850315	0	0
80097	-0.825411	0.114806	0.0739033	0	0.114806	0.0739033	0.825411	0	0
9683	0.600286	-0.225104	0.0937867	0.600286	0	0.0937867	0	0.225104	0
55728	0.31893	-0.746276	0.15067	0.31893	0	0.15067	0	0.746276	0
90634	0.47067	-0.661971	0.239498	0.47067	0	0.239498	0	0.661971	0
10443	0.553251	-0.259453	-0.183043	0.553251	0	0	0	0.259453	0.183043
8260	-0.594013	0.333258	0.12611	0	0.333258	0.12611	0.594013	0	0
79612	0.786431	-0.1535	-0.142214	0.786431	0	0	0	0.1535	0.142214
122830	-0.724416	0.228878	0.270505	0	0.228878	0.270505	0.724416	0	0
84316	-0.523588	0.226755	0.0261667	0	0.226755	0.0261667	0.523588	0	0
27163	0.590444	-0.140942	-0.397351	0.590444	0	0	0	0.140942	0.397351
10003	0.774386	-0.356986	-0.106223	0.774386	0	0	0	0.356986	0.106223
4664	0.42033	-0.481534	-0.00786645	0.42033	0	0	0	0.481534	0.00786645
64859	-0.814559	0.160078	-0.198629	0	0.160078	0	0.814559	0	0.198629
112939	-0.593362	0.0637573	-0.0275986	0	0.0637573	0	0.593362	0	0.0275986
138151	0.23819	-0.0604008	-0.663473	0.23819	0	0	0	0.0604008	0.663473
133686	-0.814946	-0.0807499	-0.072877	0	0	0	0.814946	0.0807499	0.072877
55577	-0.83381	0.223162	-0.0911225	0	0.223162	0	0.83381	0	0.0911225
4669	-0.24194	0.258295	-0.41818	0	0.258295	0	0.24194	0	0.41818
51172	0.69485	-0.0369895	0.421228	0.69485	0	0.421228	0	0.0369895	0
340719	-0.921492	-0.1317	0.0555345	0	0	0.0555345	0.921492	0.1317	0
4673	0.597801	0.479277	0.246848	0.597801	0.479277	0.246848	0	0	0
4674	0.760026	-0.114613	0.179425	0.760026	0	0.179425	0	0.114613	0
4675	0.309281	-0.396036	0.396913	0.309281	0	0.396913	0	0.396036	0
266812	0.115105	0.449055	0.397504	0.115105	0.449055	0.397504	0	0	0
8775	0.626736	0.300404	0.142649	0.626736	0.300404	0.142649	0	0	0
63908	-0.0752838	0.398579	0.353605	0	0.398579	0.353605	0.0752838	0	0
222236	0.722668	-0.0815182	0.382208	0.722668	0	0.382208	0	0.0815182	0
8774	0.468389	0.364445	-0.0885747	0.468389	0.364445	0	0	0	0.0885747
339983	0.864592	0.372841	0.040154	0.864592	0.372841	0.040154	0	0	0
89796	-0.61916	-0.202903	-0.247475	0	0	0	0.61916	0.202903	0.247475
89797	-0.531566	0.0143616	-0.506132	0	0.0143616	0	0.531566	0	0.506132
89795	-0.780597	-0.137926	0.259654	0	0	0.259654	0.780597	0.137926	0
128240	-0.536148	0.506475	0.181079	0	0.506475	0.181079	0.536148	0	0
51594	-0.525093	0.484459	0.2561	0	0.484459	0.2561	0.525093	0	0
84224	0.320108	-0.466177	-0.485003	0.320108	0	0	0	0.466177	0.485003
83988	0.444083	0.0312539	0.498929	0.444083	0.0312539	0.498929	0	0	0
4684	-0.67224	-0.398522	-0.0940781	0	0	0	0.67224	0.398522	0.0940781
4685	-0.825785	-0.118647	0.158837	0	0	0.158837	0.825785	0.118647	0
1463	-0.809749	-0.168631	-0.0101943	0	0	0	0.809749	0.168631	0.0101943
9918	0.63581	0.0418091	-0.262616	0.63581	0.0418091	0	0	0	0.262616
29781	-0.65521	-0.0487047	0.218642	0	0	0.218642	0.65521	0.0487047	0
22916	-0.349557	0.149126	-0.132395	0	0.149126	0	0.349557	0	0.132395
57552	0.661206	0.346721	0.322186	0.661206	0.346721	0.322186	0	0	0
8440	0.748139	-0.114839	0.150437	0.748139	0	0.150437	0	0.114839	0
51517	0.760534	-0.103995	-0.0140549	0.760534	0	0	0	0.103995	0.0140549
8202	0.923787	-0.194912	-0.00411498	0.923787	0	0	0	0.194912	0.00411498
23054	-0.298735	-0.132709	0.0714285	0	0	0.0714285	0.298735	0.132709	0
135112	-0.147386	0.571982	0.0171745	0	0.571982	0.0171745	0.147386	0	0
9612	0.466878	-0.398135	0.110297	0.466878	0	0.110297	0	0.398135	0
23413	0.110692	-0.463968	-0.0510314	0.110692	0	0	0	0.463968	0.0510314
54820	0.275523	0.15839	-0.476568	0.275523	0.15839	0	0	0	0.476568
81565	0.234974	0.500233	0.571185	0.234974	0.500233	0.571185	0	0	0
80762	-0.671529	0.271091	0.221684	0	0.271091	0.221684	0.671529	0	0
4692	-0.605679	-0.478912	0.0172218	0	0	0.0172218	0.605679	0.478912	0
4693	-0.537186	0.115425	0.162031	0	0.115425	0.162031	0.537186	0	0
57446	0.846577	0.178254	-0.0153923	0.846577	0.178254	0	0	0	0.0153923
8509	-0.519034	0.31515	0.0520144	0	0.31515	0.0520144	0.519034	0	0
9348	-0.204468	0.247506	0.434863	0	0.247506	0.434863	0.204468	0	0
4705	0.543871	-0.383327	0.00796656	0.543871	0	0.00796656	0	0.383327	0
126328	-0.633621	0.293824	0.0791139	0	0.293824	0.0791139	0.633621	0	0
55967	0.296011	0.68331	-0.0664107	0.296011	0.68331	0	0	0	0.0664107
56901	0.526035	0.294254	-0.154897	0.526035	0.294254	0	0	0	0.154897
4700	-0.0257985	0.707435	-0.112273	0	0.707435	0	0.0257985	0	0.112273
91942	0.435382	-0.140978	-0.224296	0.435382	0	0	0	0.140978	0.224296
79133	0.694836	0.174231	0.0735502	0.694836	0.174231	0.0735502	0	0	0
284184	-0.853047	0.155171	0.0493717	0	0.155171	0.0493717	0.853047	0	0
4707	-0.697557	0.0237796	0.0586647	0	0.0237796	0.0586647	0.697557	0	0
100134713	-0.578728	-0.256692	0.0959278	0	0	0.0959278	0.578728	0.256692	0
4712	-0.527259	0.380303	-0.176171	0	0.380303	0	0.527259	0	0.176171
4714	-0.32519	0.662265	0.127417	0	0.662265	0.127417	0.32519	0	0
4715	0.31841	0.39012	-0.29155	0.31841	0.39012	0	0	0	0.29155
4718	-0.847069	-0.0155	0.12573	0	0	0.12573	0.847069	0.0155	0
4719	0.697484	0.0612225	0.00574653	0.697484	0.0612225	0.00574653	0	0	0
374291	0.332004	0.337869	-0.0150409	0.332004	0.337869	0	0	0	0.0150409
4731	-0.082434	0.428778	-0.226266	0	0.428778	0	0.082434	0	0.226266
283131	0.55897	0.0747778	-0.500206	0.55897	0.0747778	0	0	0	0.500206
4703	0.691773	0.0717525	-0.40099	0.691773	0.0717525	0	0	0	0.40099
100128511	-0.829998	-0.103798	0.0397916	0	0	0.0397916	0.829998	0.103798	0
64168	0.088881	0.282308	0.553756	0.088881	0.282308	0.553756	0	0	0
54550	-0.911404	-0.275057	0.217874	0	0	0.217874	0.911404	0.275057	0
63941	0.712968	-0.0133438	0.132151	0.712968	0	0.132151	0	0.0133438	0
55707	-0.364408	-0.0372057	-0.610428	0	0	0	0.364408	0.0372057	0.610428
5818	-0.313654	0.227132	0.407129	0	0.227132	0.407129	0.313654	0	0
25945	-0.442358	0.398763	0.105796	0	0.398763	0.105796	0.442358	0	0
23327	-0.767489	-0.00673991	0.315343	0	0	0.315343	0.767489	0.00673991	0
4739	0.547908	0.362611	0.0570828	0.547908	0.362611	0.0570828	0	0	0
4744	0.804151	0.53811	-0.017239	0.804151	0.53811	0	0	0	0.017239
4747	0.729943	0.450988	0.0596177	0.729943	0.450988	0.0596177	0	0	0
4741	0.766635	0.478196	-0.0136106	0.766635	0.478196	0	0	0	0.0136106
257194	0.137083	-0.5914	0.181351	0.137083	0	0.181351	0	0.5914	0
79661	0.584547	-0.441468	0.0879608	0.584547	0	0.0879608	0	0.441468	0
152110	-0.0271182	-0.835424	0.155867	0	0	0.155867	0.0271182	0.835424	0
79858	-0.498542	-0.0242802	-0.248516	0	0	0	0.498542	0.0242802	0.248516
4751	-0.763042	0.221601	0.417382	0	0.221601	0.417382	0.763042	0	0
10783	-0.530851	0.0478481	0.0084163	0	0.0478481	0.0084163	0.530851	0	0
7469	0.664063	-0.377398	-0.0590619	0.664063	0	0	0	0.377398	0.0590619
7936	-0.782365	0.230037	-0.0988874	0	0.230037	0	0.782365	0	0.0988874
4745	0.204971	-0.622649	0.530373	0.204971	0	0.530373	0	0.622649	0
4753	-0.735273	-0.11925	0.379048	0	0	0.379048	0.735273	0.11925	0
9147	0.337607	-0.00219442	0.0695922	0.337607	0	0.0695922	0	0.00219442	0
10276	0.473844	0.359802	-0.24991	0.473844	0.359802	0	0	0	0.24991
81832	-0.472568	-0.115357	0.357424	0	0	0.357424	0.472568	0.115357	0
81831	-0.503017	0.421076	0.484647	0	0.421076	0.484647	0.503017	0	0
9148	-0.368222	-0.190734	0.371107	0	0	0.371107	0.368222	0.190734	0
54492	-0.863422	-0.187959	-0.0848805	0	0	0	0.863422	0.187959	0.0848805
4760	-0.073794	-0.671473	0.453463	0	0	0.453463	0.073794	0.671473	0
4761	-0.550157	0.187346	0.2085	0	0.187346	0.2085	0.550157	0	0
63974	-0.557474	0.307222	0.45958	0	0.307222	0.45958	0.557474	0	0
340533	-0.620367	-0.236076	0.288931	0	0	0.288931	0.620367	0.236076	0
91624	0.778607	0.089658	-0.331319	0.778607	0.089658	0	0	0	0.331319
4771	0.61737	0.1322	-0.0341865	0.61737	0.1322	0	0	0	0.0341865
84901	0.695973	-0.171763	-0.102139	0.695973	0	0	0	0.171763	0.102139
4775	0.591893	-0.113472	-0.354912	0.591893	0	0	0	0.113472	0.354912
9603	-0.00967814	0.405296	-0.477563	0	0.405296	0	0.00967814	0	0.477563
4774	-0.50814	0.125707	-0.547215	0	0.125707	0	0.50814	0	0.547215
4781	-0.692361	-0.162969	-0.131881	0	0	0	0.692361	0.162969	0.131881
4782	0.932694	0.184	-0.0841109	0.932694	0.184	0	0	0	0.0841109
4783	0.649151	-0.208516	0.0649725	0.649151	0	0.0649725	0	0.208516	0
4784	0.66314	-0.0795599	-0.255175	0.66314	0	0	0	0.0795599	0.255175
4790	0.698561	-0.0275929	-0.0698245	0.698561	0	0	0	0.0275929	0.0698245
4792	0.572809	-0.0439711	-0.0526966	0.572809	0	0	0	0.0439711	0.0526966
4794	-0.761873	0.297021	0.209003	0	0.297021	0.209003	0.761873	0	0
64332	0.672161	0.0897645	-0.275811	0.672161	0.0897645	0	0	0	0.275811
4801	0.335896	-0.311636	-0.026716	0.335896	0	0	0	0.311636	0.026716
4802	0.599806	-0.267452	0.237814	0.599806	0	0.237814	0	0.267452	0
58157	-0.161497	0.199657	0.545167	0	0.199657	0.545167	0.161497	0	0
25983	0.298013	-0.016763	0.116358	0.298013	0	0.116358	0	0.016763	0
25791	0.628929	-0.0335446	0.57634	0.628929	0	0.57634	0	0.0335446	0
55768	0.701284	0.0832714	-0.0568142	0.701284	0.0832714	0	0	0	0.0568142
378884	-0.813627	-0.191907	0.0974022	0	0	0.0974022	0.813627	0.191907	0
374354	0.706287	-0.312051	0.0173613	0.706287	0	0.0173613	0	0.312051	0
387921	-0.158604	-0.193729	0.154868	0	0	0.154868	0.158604	0.193729	0
283948	0.586281	0.173522	0.0875407	0.586281	0.173522	0.0875407	0	0	0
55651	-0.673682	0.143351	0.231901	0	0.143351	0.231901	0.673682	0	0
57224	-0.64868	-0.129315	-0.23549	0	0	0	0.64868	0.129315	0.23549
84276	-0.504025	-0.0827126	0.524974	0	0	0.524974	0.504025	0.0827126	0
167359	0.382989	-0.616468	0.157763	0.382989	0	0.157763	0	0.616468	0
4815	0.293193	0.0596355	-0.3576	0.293193	0.0596355	0	0	0	0.3576
22981	-0.42798	-0.0795982	-0.461573	0	0	0	0.42798	0.0795982	0.461573
51388	-0.529219	0.430564	0.108802	0	0.430564	0.108802	0.529219	0	0
123606	0.647293	0.0379924	-0.255768	0.647293	0.0379924	0	0	0	0.255768
79815	0.841535	-0.0221153	0.311008	0.841535	0	0.311008	0	0.0221153	0
57185	0.592202	0.224604	-0.289534	0.592202	0.224604	0	0	0	0.289534
25836	0.185343	-0.338776	-0.109403	0.185343	0	0	0	0.338776	0.109403
8508	-0.541825	0.335669	0.174175	0	0.335669	0.174175	0.541825	0	0
25934	-0.756277	0.304214	-0.198903	0	0.304214	0	0.756277	0	0.198903
11188	-0.88471	-0.0436326	0.162505	0	0	0.162505	0.88471	0.0436326	0
56954	-0.891366	0.0211993	0.0483621	0	0.0211993	0.0483621	0.891366	0	0
79570	-0.267467	-0.12711	0.193905	0	0	0.193905	0.267467	0.12711	0
154215	-0.842915	0.0263765	-0.146932	0	0.0263765	0	0.842915	0	0.146932
286183	-0.856624	-0.00363984	-0.18543	0	0	0	0.856624	0.00363984	0.18543
128414	-0.924501	0.00182138	-0.210342	0	0.00182138	0	0.924501	0	0.210342
222698	0.736351	-0.0858768	0.0454541	0.736351	0	0.0454541	0	0.0858768	0
85407	0.360473	0.327564	-0.239392	0.360473	0.327564	0	0	0	0.239392
85409	-0.755224	0.337573	0.0845608	0	0.337573	0.0845608	0.755224	0	0
4818	0.455038	0.359715	-0.03372	0.455038	0.359715	0	0	0	0.03372
4820	0.0645295	-0.572798	-0.147926	0.0645295	0	0	0	0.572798	0.147926
390010	0.830578	0.148723	0.159445	0.830578	0.148723	0.159445	0	0	0
4824	0.760152	0.311506	-0.317015	0.760152	0.311506	0	0	0	0.317015
157848	0.852698	-0.0555071	0.100707	0.852698	0	0.100707	0	0.0555071	0
54475	-0.727166	0.269375	0.187922	0	0.269375	0.187922	0.727166	0	0
22871	-0.0178708	-0.680538	0.0756252	0	0	0.0756252	0.0178708	0.680538	0
54413	-0.708041	-0.0216201	0.0155693	0	0	0.0155693	0.708041	0.0216201	0
51701	0.497131	-0.00742983	0.586106	0.497131	0	0.586106	0	0.00742983	0
57486	0.455588	0.556432	0.416756	0.455588	0.556432	0.416756	0	0	0
79671	0.50283	0.232971	-0.0191136	0.50283	0.232971	0	0	0	0.0191136
4833	-0.666801	-0.116593	0.0107775	0	0	0.0107775	0.666801	0.116593	0
8382	0.568197	-0.544715	0.100683	0.568197	0	0.100683	0	0.544715	0
9111	-0.422468	0.190487	-0.332941	0	0.190487	0	0.422468	0	0.332941
349565	-0.622098	0.349547	-0.0453237	0	0.349547	0	0.622098	0	0.0453237
4836	-0.656969	0.332105	0.105848	0	0.332105	0.105848	0.656969	0	0
10874	-0.335146	0.191728	0.448676	0	0.191728	0.448676	0.335146	0	0
4826	-0.847657	-0.144843	-0.022857	0	0	0	0.847657	0.144843	0.022857
4837	0.510684	-0.146616	0.590033	0.510684	0	0.590033	0	0.146616	0
28987	0.633343	0.054426	-0.218587	0.633343	0.054426	0	0	0	0.218587
64318	0.0377169	0.457147	-0.378545	0.0377169	0.457147	0	0	0	0.378545
8996	0.137934	0.391151	-0.415603	0.137934	0.391151	0	0	0	0.415603
8715	-0.842909	-0.115204	0.379087	0	0	0.379087	0.842909	0.115204	0
140688	-0.720992	0.181651	0.143944	0	0.181651	0.143944	0.720992	0	0
65083	0.26617	0.286107	-0.152026	0.26617	0.286107	0	0	0	0.152026
79707	-0.599462	-0.0343096	-0.0356294	0	0	0	0.599462	0.0343096	0.0356294
64434	0.763464	-0.105539	-0.0437661	0.763464	0	0	0	0.105539	0.0437661
4841	0.326673	-0.593221	-0.201339	0.326673	0	0	0	0.593221	0.201339
51491	-0.524611	0.565076	0.11037	0	0.565076	0.11037	0.524611	0	0
4839	0.635775	0.162307	0.106589	0.635775	0.162307	0.106589	0	0	0
29997	0.527312	-0.141761	-0.129156	0.527312	0	0	0	0.141761	0.129156
10528	-0.576871	-0.0536697	0.247473	0	0	0.247473	0.576871	0.0536697	0
4842	-0.400438	0.232667	-0.368825	0	0.232667	0	0.400438	0	0.368825
9722	-0.424374	-0.0135127	-0.14387	0	0	0	0.424374	0.0135127	0.14387
4843	0.68911	0.174945	0.521606	0.68911	0.174945	0.521606	0	0	0
4846	0.362908	0.316196	-0.020723	0.362908	0.316196	0	0	0	0.020723
115677	0.524007	0.271223	-0.24456	0.524007	0.271223	0	0	0	0.24456
4855	0.421606	0.443565	-0.273103	0.421606	0.443565	0	0	0	0.273103
4857	0.646577	0.331912	0.392304	0.646577	0.331912	0.392304	0	0	0
4858	-0.828072	-0.115094	0.0953222	0	0	0.0953222	0.828072	0.115094	0
50507	0.706367	0.291251	-0.0139911	0.706367	0.291251	0	0	0	0.0139911
124056	0.713778	-0.494945	0.312071	0.713778	0	0.312071	0	0.494945	0
64067	-0.623021	-0.273425	-0.156797	0	0	0	0.623021	0.273425	0.156797
4863	0.311406	-0.544669	-0.191291	0.311406	0	0	0	0.544669	0.191291
256933	-0.634586	0.00704127	-0.102492	0	0.00704127	0	0.634586	0	0.102492
4864	0.21933	0.122319	-0.416728	0.21933	0.122319	0	0	0	0.416728
10577	-0.376003	0.271262	-0.602727	0	0.271262	0	0.376003	0	0.602727
56654	-0.678981	0.0744382	0.289914	0	0.0744382	0.289914	0.678981	0	0
10886	-0.264946	0.527372	-0.107207	0	0.527372	0	0.264946	0	0.107207
4867	-0.61122	-0.28239	0.171189	0	0	0.171189	0.61122	0.28239	0
4868	-0.519346	0.473607	0.0424006	0	0.473607	0.0424006	0.519346	0	0
101059953	0.607204	-0.300113	-0.109503	0.607204	0	0	0	0.300113	0.109503
80896	-0.426312	0.134458	-0.380761	0	0.134458	0	0.426312	0	0.380761
4869	-0.555197	0.300071	0.0127574	0	0.300071	0.0127574	0.555197	0	0
10361	0.433433	-0.0688835	0.238401	0.433433	0	0.238401	0	0.0688835	0
10360	-0.71974	-0.104687	0.158317	0	0	0.158317	0.71974	0.104687	0
255743	-0.447151	-0.103275	-0.335015	0	0	0	0.447151	0.103275	0.335015
4878	-0.630259	-0.425455	0.463782	0	0	0.463782	0.630259	0.425455	0
4883	0.417787	-0.603276	0.196512	0.417787	0	0.196512	0	0.603276	0
4884	-0.61669	-0.38352	0.215504	0	0	0.215504	0.61669	0.38352	0
4885	-0.545831	-0.224669	0.50504	0	0	0.50504	0.545831	0.224669	0
23467	-0.825382	-0.304664	0.249783	0	0	0.249783	0.825382	0.304664	0
4852	-0.653443	0.369883	-0.311634	0	0.369883	0	0.653443	0	0.311634
4886	-0.738777	0.0934312	0.392324	0	0.0934312	0.392324	0.738777	0	0
4889	-0.51195	0.0361402	0.536141	0	0.0361402	0.536141	0.51195	0	0
1728	-0.442786	0.109076	-0.146447	0	0.109076	0	0.442786	0	0.146447
190	-0.61581	0.118875	-0.0316982	0	0.118875	0	0.61581	0	0.0316982
9572	0.647348	-0.502378	0.295952	0.647348	0	0.295952	0	0.502378	0
9975	0.810527	-0.13546	0.292668	0.810527	0	0.292668	0	0.13546	0
7376	0.741921	0.318039	-0.0195566	0.741921	0.318039	0	0	0	0.0195566
10062	-0.386246	0.45843	0.192247	0	0.45843	0.192247	0.386246	0	0
7181	0.713832	-0.538067	-0.0442161	0.713832	0	0	0	0.538067	0.0442161
126382	-0.330714	-0.413585	0.173716	0	0	0.173716	0.330714	0.413585	0
7101	-0.607549	-0.194318	0.0162305	0	0	0.0162305	0.607549	0.194318	0
7025	-0.0919897	-0.862632	0.218467	0	0	0.218467	0.0919897	0.862632	0
7026	-0.550686	-0.502212	0.0881342	0	0	0.0881342	0.550686	0.502212	0
644192	-0.311446	-0.447209	-0.0391215	0	0	0	0.311446	0.447209	0.0391215
2908	0.887207	0.224894	0.140657	0.887207	0.224894	0.140657	0	0	0
4306	0.880651	-0.0842094	0.200095	0.880651	0	0.200095	0	0.0842094	0
4929	-0.405978	0.0702084	-0.261053	0	0.0702084	0	0.405978	0	0.261053
8013	-0.773693	0.20344	-0.0483158	0	0.20344	0	0.773693	0	0.0483158
4892	-0.557302	-0.0416506	-0.268857	0	0	0	0.557302	0.0416506	0.268857
4893	-0.520818	0.00810492	-0.316158	0	0.00810492	0	0.520818	0	0.316158
29982	0.687953	-0.013483	0.0895211	0.687953	0	0.0895211	0	0.013483	0
4897	-0.545439	0.270828	0.390037	0	0.270828	0.390037	0.545439	0	0
9315	0.802804	0.160822	0.0742988	0.802804	0.160822	0.0742988	0	0	0
3084	0.749758	0.532297	-0.113878	0.749758	0.532297	0	0	0	0.113878
9542	0.512745	-0.398799	-0.217875	0.512745	0	0	0	0.398799	0.217875
10718	-0.501582	-0.351621	0.369308	0	0	0.369308	0.501582	0.351621	0
145957	0.259466	-0.365815	0.206905	0.259466	0	0.206905	0	0.365815	0
4900	0.385147	0.333898	0.423101	0.385147	0.333898	0.423101	0	0	0
8204	0.0882921	0.342101	0.240101	0.0882921	0.342101	0.240101	0	0	0
83714	0.543418	0.34824	-0.442678	0.543418	0.34824	0	0	0	0.442678
56675	0.399511	0.271033	-0.0755299	0.399511	0.271033	0	0	0	0.0755299
4901	-0.500562	-0.00748149	-0.214231	0	0	0	0.500562	0.00748149	0.214231
51299	0.537833	0.119445	0.63559	0.537833	0.119445	0.63559	0	0	0
123904	-0.166482	-0.242808	-0.106396	0	0	0	0.166482	0.242808	0.106396
8829	-0.306417	0.659783	-0.386463	0	0.659783	0	0.306417	0	0.386463
8828	-0.689967	-0.29274	0.0678728	0	0	0.0678728	0.689967	0.29274	0
9378	0.290364	-0.141737	0.695588	0.290364	0	0.695588	0	0.141737	0
9379	-0.547668	-0.43168	0.248842	0	0	0.248842	0.547668	0.43168	0
7468	-0.722038	-0.0427808	0.0151734	0	0	0.0151734	0.722038	0.0427808	0
54904	-0.00412822	-0.405785	0.56331	0	0	0.56331	0.00412822	0.405785	0
50814	-0.532724	0.445187	-0.0268359	0	0.445187	0	0.532724	0	0.0268359
55968	-0.917651	0.116271	0.0195729	0	0.116271	0.0195729	0.917651	0	0
27065	0.49278	0.581857	0.283664	0.49278	0.581857	0.283664	0	0	0
51617	-0.917911	-0.17123	0.149296	0	0	0.149296	0.917911	0.17123	0
8439	0.524224	-0.429651	0.189273	0.524224	0	0.189273	0	0.429651	0
197370	-0.605979	0.370007	-0.0916117	0	0.370007	0	0.605979	0	0.0916117
54780	0.0945997	-0.330473	-0.472613	0.0945997	0	0	0	0.330473	0.472613
26012	-0.658296	0.0571044	-0.0235585	0	0.0571044	0	0.658296	0	0.0235585
84081	0.567509	0.121646	-0.226732	0.567509	0.121646	0	0	0	0.226732
63899	0.67423	-0.192994	-0.0279509	0.67423	0	0	0	0.192994	0.0279509
55695	0.472777	0.0360102	0.0950009	0.472777	0.0360102	0.0950009	0	0	0
221078	-0.465241	-0.487641	0.0415896	0	0	0.0415896	0.465241	0.487641	0
51251	-0.520161	-0.361084	0.0952506	0	0	0.0952506	0.520161	0.361084	0
221294	0.795085	0.380798	-0.276946	0.795085	0.380798	0	0	0	0.276946
64943	-0.455918	0.430468	0.23681	0	0.430468	0.23681	0.455918	0	0
51559	-0.831827	0.320919	0.242245	0	0.320919	0.242245	0.831827	0	0
4907	-0.487369	-0.057047	-0.147091	0	0	0	0.487369	0.057047	0.147091
56953	0.928568	0.0899155	0.0798428	0.928568	0.0899155	0.0798428	0	0	0
4913	0.372405	0.587904	0.194537	0.372405	0.587904	0.194537	0	0	0
50863	0.408831	-0.336399	0.310902	0.408831	0	0.310902	0	0.336399	0
59277	0.611625	0.310777	0.460404	0.611625	0.310777	0.460404	0	0	0
22854	0.334886	-0.544324	-0.0296258	0.334886	0	0	0	0.544324	0.0296258
84628	-0.655848	0.0557287	0.0708402	0	0.0557287	0.0708402	0.655848	0	0
4915	-0.67966	-0.180372	-0.160926	0	0	0	0.67966	0.180372	0.160926
4916	-0.558883	0.0475006	0.363705	0	0.0475006	0.363705	0.558883	0	0
4923	-0.892339	0.0328499	-0.134062	0	0.0328499	0	0.892339	0	0.134062
23620	-0.762208	-0.0609339	-0.210141	0	0	0	0.762208	0.0609339	0.210141
9891	0.584064	0.272185	0.542852	0.584064	0.272185	0.542852	0	0	0
51667	0.771485	-0.105759	-0.147021	0.771485	0	0	0	0.105759	0.147021
4682	0.320521	0.652981	-0.0644966	0.320521	0.652981	0	0	0	0.0644966
4925	-0.557379	-0.422992	-0.0416266	0	0	0	0.557379	0.422992	0.0416266
84955	-0.342963	-0.168435	0.337573	0	0	0.337573	0.342963	0.168435	0
4521	0.0486756	0.547126	-0.338217	0.0486756	0.547126	0	0	0	0.338217
170685	-0.821585	0.279446	0.0478715	0	0.279446	0.0478715	0.821585	0	0
55190	-0.936442	0.0031343	0.120014	0	0.0031343	0.120014	0.936442	0	0
83594	0.591318	0.0106512	-0.163909	0.591318	0.0106512	0	0	0	0.163909
256281	-0.759161	0.502388	0.144865	0	0.502388	0.144865	0.759161	0	0
55270	0.611741	-0.141407	0.137107	0.611741	0	0.137107	0	0.141407	0
131870	-0.698558	0.283625	0.143678	0	0.283625	0.143678	0.698558	0	0
84309	-0.828005	0.00770236	0.0308492	0	0.00770236	0.0308492	0.828005	0	0
200035	-0.645011	-0.0497956	-0.0894892	0	0	0	0.645011	0.0497956	0.0894892
79873	-0.717429	0.285951	0.165793	0	0.285951	0.165793	0.717429	0	0
318	-0.729915	-0.0357718	0.19743	0	0	0.19743	0.729915	0.0357718	0
84304	0.685286	0.587708	0.00158632	0.685286	0.587708	0.00158632	0	0	0
11163	-0.688113	0.354269	0.330965	0	0.354269	0.330965	0.688113	0	0
11164	0.665765	0.17985	-0.162502	0.665765	0.17985	0	0	0	0.162502
11162	0.394982	0.208511	0.08418	0.394982	0.208511	0.08418	0	0	0
254552	0.760293	0.281844	-0.232563	0.760293	0.281844	0	0	0	0.232563
8650	0.365082	0.555277	0.198085	0.365082	0.555277	0.198085	0	0	0
9253	-0.71583	-0.30635	0.218631	0	0	0.218631	0.71583	0.30635	0
57122	0.303927	-0.236425	-0.260152	0.303927	0	0	0	0.236425	0.260152
9972	0.372498	-0.363219	0.0455033	0.372498	0	0.0455033	0	0.363219	0
23165	0.401546	-0.439807	-0.258962	0.401546	0	0	0	0.439807	0.258962
129401	0.452796	0.138228	-0.093041	0.452796	0.138228	0	0	0	0.093041
53371	0.587273	-0.23912	0.00705898	0.587273	0	0.00705898	0	0.23912	0
79902	-0.694069	0.0417227	0.0453378	0	0.0417227	0.0453378	0.694069	0	0
4927	-0.381899	-0.525703	-0.04131	0	0	0	0.381899	0.525703	0.04131
9688	0.463792	0.0691977	-0.0820733	0.463792	0.0691977	0	0	0	0.0820733
26471	-0.869626	0.00816592	-0.256455	0	0.00816592	0	0.869626	0	0.256455
389493	-0.899466	-0.320502	0.0933306	0	0	0.0933306	0.899466	0.320502	0
116150	-0.785036	-0.0640657	0.167563	0	0	0.167563	0.785036	0.0640657	0
10204	-0.731751	0.159889	0.0371946	0	0.159889	0.0371946	0.731751	0	0
4931	0.126883	-0.397917	-0.202463	0.126883	0	0	0	0.397917	0.202463
284434	-0.58982	0.0936443	-0.191647	0	0.0936443	0	0.58982	0	0.191647
57495	-0.777449	-0.17121	0.492736	0	0	0.492736	0.777449	0.17121	0
64359	-0.615326	0.168708	-0.0689522	0	0.168708	0	0.615326	0	0.0689522
91775	0.674541	0.260977	-0.269152	0.674541	0.260977	0	0	0	0.269152
30010	-0.676505	0.177572	-0.0908116	0	0.177572	0	0.676505	0	0.0908116
11248	0.565269	0.330148	-0.151343	0.565269	0.330148	0	0	0	0.151343
57624	-0.399109	-0.420725	0.102325	0	0	0.102325	0.399109	0.420725	0
57523	-0.583876	0.124424	-0.152823	0	0.124424	0	0.583876	0	0.152823
220323	-0.543859	-0.135044	0.107701	0	0	0.107701	0.543859	0.135044	0
4947	-0.534423	0.510073	0.0535836	0	0.510073	0.0535836	0.534423	0	0
51686	-0.544328	0.461384	-0.0979984	0	0.461384	0	0.544328	0	0.0979984
84033	-0.485227	-0.334787	0.270636	0	0	0.270636	0.485227	0.334787	0
23363	0.507887	-0.294681	0.0812427	0.507887	0	0.0812427	0	0.294681	0
4948	-0.777127	-0.174955	0.224572	0	0	0.224572	0.777127	0.174955	0
79629	0.612318	0.40677	0.102645	0.612318	0.40677	0.102645	0	0	0
100506658	0.114726	0.216968	-0.196765	0.114726	0.216968	0	0	0	0.196765
4957	0.611614	-0.0629169	0.105912	0.611614	0	0.105912	0	0.0629169	0
57489	0.227674	-0.539447	0.029351	0.227674	0	0.029351	0	0.539447	0
55753	0.78292	0.333944	0.0525193	0.78292	0.333944	0.0525193	0	0	0
79676	0.536013	-0.0440321	-0.116042	0.536013	0	0	0	0.0440321	0.116042
79701	0.40345	-0.47022	-0.0884358	0.40345	0	0	0	0.47022	0.0884358
4968	-0.801703	-0.186501	0.15786	0	0	0.15786	0.801703	0.186501	0
4969	-0.235168	-0.0810851	-0.208929	0	0	0	0.235168	0.0810851	0.208929
8473	0.378674	-0.564125	0.137124	0.378674	0	0.137124	0	0.564125	0
10439	0.569148	-0.288048	0.402066	0.569148	0	0.402066	0	0.288048	0
118427	-0.229431	0.40144	0.713827	0	0.40144	0.713827	0.229431	0	0
10562	-0.0226805	0.381079	0.0018664	0	0.381079	0.0018664	0.0226805	0	0
169611	0.280531	-0.394765	-0.118391	0.280531	0	0	0	0.394765	0.118391
25903	-0.520549	0.163869	-0.011985	0	0.163869	0	0.520549	0	0.011985
56944	-0.370434	0.204828	-0.216193	0	0.204828	0	0.370434	0	0.216193
4973	0.640064	-0.422104	-0.0895687	0.640064	0	0	0	0.422104	0.0895687
115209	0.168302	0.273103	-0.421186	0.168302	0.273103	0	0	0	0.421186
4974	0.432105	-0.14493	-0.203889	0.432105	0	0	0	0.14493	0.203889
3175	-0.68201	-0.047147	0.180557	0	0	0.180557	0.68201	0.047147	0
9480	0.757432	0.470306	0.110125	0.757432	0.470306	0.110125	0	0	0
80207	-0.0894149	0.412246	0.0536946	0	0.412246	0.0536946	0.0894149	0	0
4983	-0.589532	-0.345759	-0.244014	0	0	0	0.589532	0.345759	0.244014
23596	0.733081	0.161824	0.438744	0.733081	0.161824	0.438744	0	0	0
94233	-0.288434	0.437079	-0.418391	0	0.437079	0	0.288434	0	0.418391
4985	0.543718	-0.25089	0.289418	0.543718	0	0.289418	0	0.25089	0
4986	-0.69299	0.403892	-0.166924	0	0.403892	0	0.69299	0	0.166924
4988	-0.774535	0.398944	0.242022	0	0.398944	0.242022	0.774535	0	0
10133	-0.49448	0.197129	0.545559	0	0.197129	0.545559	0.49448	0	0
138799	-0.452581	-0.0453791	-0.179764	0	0	0	0.452581	0.0453791	0.179764
401994	-0.408328	0.422465	0.592804	0	0.422465	0.592804	0.408328	0	0
391191	0.746229	-0.24074	-0.0263255	0.746229	0	0	0	0.24074	0.0263255
284521	0.678975	0.195321	0.186609	0.678975	0.195321	0.186609	0	0	0
26246	0.688428	-0.248225	-0.184502	0.688428	0	0	0	0.248225	0.184502
391192	0.701965	0.0172822	0.242545	0.701965	0.0172822	0.242545	0	0	0
391190	0.698743	0.000957645	0.200943	0.698743	0.000957645	0.200943	0	0	0
26245	0.684714	-0.0450824	-0.0504246	0.684714	0	0	0	0.0450824	0.0504246
26648	0.26353	0.199045	-0.403316	0.26353	0.199045	0	0	0	0.403316
80228	-0.118765	-0.512032	-0.22752	0	0	0	0.118765	0.512032	0.22752
5000	-0.426849	0.528299	0.213732	0	0.528299	0.213732	0.426849	0	0
23594	-0.781548	0.0918082	0.235266	0	0.0918082	0.235266	0.781548	0	0
29095	-0.396711	0.472057	-0.351287	0	0.472057	0	0.396711	0	0.351287
23762	0.764425	-0.0824587	0.141268	0.764425	0	0.141268	0	0.0824587	0
114885	-0.421064	-0.290289	-0.243104	0	0	0	0.421064	0.290289	0.243104
114876	0.750541	0.333422	0.105369	0.750541	0.333422	0.105369	0	0	0
9885	0.645106	0.186307	-0.201475	0.645106	0.186307	0	0	0	0.201475
26031	0.524147	0.657315	-0.189213	0.524147	0.657315	0	0	0	0.189213
114879	0.625376	0.0483809	0.0264361	0.625376	0.0483809	0.0264361	0	0	0
114880	0.919948	0.133731	0.123944	0.919948	0.133731	0.123944	0	0	0
114883	0.366772	-0.00808228	-0.202311	0.366772	0	0	0	0.00808228	0.202311
55644	0.464089	-0.501004	0.0278111	0.464089	0	0.0278111	0	0.501004	0
64172	0.630862	-0.235986	-0.148118	0.630862	0	0	0	0.235986	0.148118
130497	-0.809937	0.192815	0.0344784	0	0.192815	0.0344784	0.809937	0	0
100128731	-0.887872	0.0720007	-0.184025	0	0.0720007	0	0.887872	0	0.184025
26578	0.560112	0.103944	0.560043	0.560112	0.103944	0.560043	0	0	0
344901	0.096632	0.407988	-0.261249	0.096632	0.407988	0	0	0	0.261249
78990	-0.788612	-0.134446	0.157453	0	0	0.157453	0.788612	0.134446	0
220213	-0.631982	-0.211872	0.227574	0	0	0.227574	0.631982	0.211872	0
5016	0.816029	-0.270693	0.0116139	0.816029	0	0.0116139	0	0.270693	0
58495	-0.403961	0.490898	0.176485	0	0.490898	0.176485	0.403961	0	0
5019	-0.778763	-0.137309	0.161125	0	0	0.161125	0.778763	0.137309	0
64064	0.491333	-0.0194697	-0.0190307	0.491333	0	0	0	0.0194697	0.0190307
27199	0.572003	0.225314	-0.249379	0.572003	0.225314	0	0	0	0.249379
92106	0.611461	0.281863	-0.396084	0.611461	0.281863	0	0	0	0.396084
55074	0.422169	0.579738	0.202505	0.422169	0.579738	0.202505	0	0	0
9943	0.657101	0.0406826	-0.0231386	0.657101	0.0406826	0	0	0	0.0231386
5021	-0.780227	-0.292325	-0.20663	0	0	0	0.780227	0.292325	0.20663
5025	0.151424	-0.461085	-0.0760911	0.151424	0	0	0	0.461085	0.0760911
5026	-0.763104	0.179578	0.271832	0	0.179578	0.271832	0.763104	0	0
9127	0.750614	0.422664	-0.18536	0.750614	0.422664	0	0	0	0.18536
64805	-0.744368	0.0513472	-0.154408	0	0.0513472	0	0.744368	0	0.154408
53829	-0.730132	0.0266853	-0.148625	0	0.0266853	0	0.730132	0	0.148625
9934	0.0696147	0.633484	0.0992094	0.0696147	0.633484	0.0992094	0	0	0
5031	-0.57017	0.0565228	0.220903	0	0.0565228	0.220903	0.57017	0	0
64175	0.507672	-0.297481	-0.0165115	0.507672	0	0	0	0.297481	0.0165115
55214	-0.428007	-0.0213283	-0.219392	0	0	0	0.428007	0.0213283	0.219392
10536	0.593536	-0.380733	0.175735	0.593536	0	0.175735	0	0.380733	0
8974	-0.668744	-0.0961345	-0.208208	0	0	0	0.668744	0.0961345	0.208208
80227	-0.283129	0.280947	-0.254649	0	0.280947	0	0.283129	0	0.254649
80336	-0.677113	-0.370673	-0.0657878	0	0	0	0.677113	0.370673	0.0657878
135138	-0.893309	-0.0886652	0.119901	0	0	0.119901	0.893309	0.0886652	0
55690	-0.679161	0.167095	0.042514	0	0.167095	0.042514	0.679161	0	0
23241	0.458441	0.114657	-0.429423	0.458441	0.114657	0	0	0	0.429423
29993	-0.606075	0.0792246	0.280329	0	0.0792246	0.280329	0.606075	0	0
11252	0.485982	-0.126778	-0.433987	0.485982	0	0	0	0.126778	0.433987
29763	0.679832	0.0482315	-0.248011	0.679832	0.0482315	0	0	0	0.248011
11240	0.0473401	0.221743	-0.441227	0.0473401	0.221743	0	0	0	0.441227
5050	-0.769802	-0.283713	-0.0558684	0	0	0	0.769802	0.283713	0.0558684
55824	0.738729	0.185694	-0.0630348	0.738729	0.185694	0	0	0	0.0630348
79447	0.304285	-0.341729	-0.129941	0.304285	0	0	0	0.341729	0.129941
5053	-0.134684	0.494339	0.432943	0	0.494339	0.432943	0.134684	0	0
10605	0.609896	0.042185	0.363024	0.609896	0.042185	0.363024	0	0	0
5063	-0.81729	-0.163799	0.20415	0	0	0.20415	0.81729	0.163799	0
23022	-0.634915	-0.0789844	-0.159139	0	0	0	0.634915	0.0789844	0.159139
5064	-0.794492	-0.125394	0.126245	0	0	0.126245	0.794492	0.125394	0
54873	-0.707203	-0.469725	-0.178023	0	0	0	0.707203	0.469725	0.178023
5066	0.388001	-0.675622	0.0387172	0.388001	0	0.0387172	0	0.675622	0
25891	-0.630577	0.00300009	-0.000753025	0	0.00300009	0	0.630577	0	0.000753025
9924	0.536465	-0.286569	-0.172324	0.536465	0	0	0	0.286569	0.172324
53354	0.732714	-0.300593	-0.0584304	0.732714	0	0	0	0.300593	0.0584304
79646	-0.623455	-0.114013	0.150003	0	0	0.150003	0.623455	0.114013	0
24145	-0.298285	-0.0817102	0.544176	0	0	0.544176	0.298285	0.0817102	0
56666	0.908136	0.111644	-0.0446848	0.908136	0.111644	0	0	0	0.0446848
196743	-0.333321	0.202189	-0.206935	0	0.202189	0	0.333321	0	0.206935
9060	0.287088	-0.146251	0.260723	0.287088	0	0.260723	0	0.146251	0
124222	0.417906	0.310549	-0.182849	0.417906	0.310549	0	0	0	0.182849
79957	0.410233	0.242592	-0.461282	0.410233	0.242592	0	0	0	0.461282
85315	0.453155	0.357705	-0.418951	0.453155	0.357705	0	0	0	0.418951
344838	0.787795	0.0799752	-0.18967	0.787795	0.0799752	0	0	0	0.18967
56288	-0.488745	-0.296917	-0.227047	0	0	0	0.488745	0.296917	0.227047
117583	-0.480415	-0.037144	-0.307956	0	0	0	0.480415	0.037144	0.307956
50855	0.368071	0.574798	0.215289	0.368071	0.574798	0.215289	0	0	0
84612	0.653131	0.0080782	0.34831	0.653131	0.0080782	0.34831	0	0	0
84552	0.444562	0.141077	-0.321568	0.444562	0.141077	0	0	0	0.321568
8505	0.399651	-0.273546	0.142772	0.399651	0	0.142772	0	0.273546	0
25849	0.346322	-0.214698	0.369175	0.346322	0	0.369175	0	0.214698	0
54625	-0.369156	0.0276144	-0.535189	0	0.0276144	0	0.369156	0	0.535189
10038	0.0288974	-0.539165	0.374924	0.0288974	0	0.374924	0	0.539165	0
10039	0.66864	0.199866	-0.209018	0.66864	0.199866	0	0	0	0.209018
143	0.272255	0.153963	-0.472282	0.272255	0.153963	0	0	0	0.472282
79668	-0.427995	0.486364	0.196837	0	0.486364	0.196837	0.427995	0	0
25973	0.31925	0.288324	0.255741	0.31925	0.288324	0.255741	0	0	0
25859	0.229219	0.55398	0.410435	0.229219	0.55398	0.410435	0	0	0
55742	-0.608322	-0.0497561	-0.0365969	0	0	0	0.608322	0.0497561	0.0365969
29780	-0.39859	-0.328279	0.128851	0	0	0.128851	0.39859	0.328279	0
23178	0.824774	0.0351506	-0.0438765	0.824774	0.0351506	0	0	0	0.0438765
399967	0.463279	-0.650053	0.240918	0.463279	0	0.240918	0	0.650053	0
10207	0.325753	-0.514502	-0.331532	0.325753	0	0	0	0.514502	0.331532
5074	-0.0442399	-0.018383	-0.487512	0	0	0	0.0442399	0.018383	0.487512
5080	-0.686913	0.382019	-0.205906	0	0.382019	0	0.686913	0	0.205906
7849	0.225288	-0.310578	0.157857	0.225288	0	0.157857	0	0.310578	0
100506215	-0.713844	-0.306227	0.0681376	0	0	0.0681376	0.713844	0.306227	0
22976	0.516113	-0.314281	-0.0228534	0.516113	0	0	0	0.314281	0.0228534
64081	-0.483783	-0.14248	-0.437223	0	0	0	0.483783	0.14248	0.437223
5087	-0.043139	0.12658	0.125724	0	0.12658	0.125724	0.043139	0	0
5090	0.500411	0.322661	-0.273835	0.500411	0.322661	0	0	0	0.273835
80714	-0.720368	-0.525859	-0.0917066	0	0	0	0.720368	0.525859	0.0917066
57326	-0.679395	-0.0107477	-0.227741	0	0	0	0.679395	0.0107477	0.227741
5091	0.537346	0.6701	-0.174409	0.537346	0.6701	0	0	0	0.174409
5092	-0.861476	0.318476	0.0801836	0	0.318476	0.0801836	0.861476	0	0
54039	-0.580281	0.463217	-0.0648854	0	0.463217	0	0.580281	0	0.0648854
5095	0.351354	0.540729	-0.0261919	0.351354	0.540729	0	0	0	0.0261919
57575	-0.392501	0.523566	0.250184	0	0.523566	0.250184	0.392501	0	0
27328	0.0455124	-0.648614	-0.0574957	0.0455124	0	0	0	0.648614	0.0574957
83259	-0.160597	-0.586946	-0.0572022	0	0	0	0.160597	0.586946	0.0572022
51294	0.744894	0.496245	-0.122415	0.744894	0.496245	0	0	0	0.122415
65217	-0.831216	-0.123038	-0.203316	0	0	0	0.831216	0.123038	0.203316
27253	-0.770683	0.397149	-0.323131	0	0.397149	0	0.770683	0	0.323131
54510	-0.455765	-0.258265	0.113725	0	0	0.113725	0.455765	0.258265	0
57526	-0.773958	-0.167648	0.491666	0	0	0.491666	0.773958	0.167648	0
64881	-0.867314	0.219252	0.156829	0	0.219252	0.156829	0.867314	0	0
5099	0.635327	-0.346757	0.113778	0.635327	0	0.113778	0	0.346757	0
5100	-0.43456	0.382311	0.116256	0	0.382311	0.116256	0.43456	0	0
56134	-0.104689	0.270832	0.510746	0	0.270832	0.510746	0.104689	0	0
56126	0.562855	0.209442	0.245438	0.562855	0.209442	0.245438	0	0	0
56125	0.658079	-0.0799925	0.16781	0.658079	0	0.16781	0	0.0799925	0
56124	0.509047	-0.339286	0.288511	0.509047	0	0.288511	0	0.339286	0
56122	0.404677	-0.480499	0.324235	0.404677	0	0.324235	0	0.480499	0
57717	0.752487	0.0940159	0.00268729	0.752487	0.0940159	0.00268729	0	0	0
56133	0.359768	0.274448	0.0447781	0.359768	0.274448	0.0447781	0	0	0
56130	0.527781	0.150602	0.214918	0.527781	0.150602	0.214918	0	0	0
56127	0.339408	0.54204	0.161588	0.339408	0.54204	0.161588	0	0	0
56112	0.282956	-0.531084	-0.360892	0.282956	0	0	0	0.531084	0.360892
8641	0.439377	-0.543014	-0.319145	0.439377	0	0	0	0.543014	0.319145
56097	-0.433764	-0.254259	0.236107	0	0	0.236107	0.433764	0.254259	0
91523	-0.891446	0.244984	-0.0419277	0	0.244984	0	0.891446	0	0.0419277
84759	0.774611	0.345562	0.1075	0.774611	0.345562	0.1075	0	0	0
10336	0.323176	0.598831	0.138616	0.323176	0.598831	0.138616	0	0	0
5106	-0.755024	-0.261292	-0.0891663	0	0	0	0.755024	0.261292	0.0891663
9768	-0.017689	0.472081	-0.400946	0	0.472081	0	0.017689	0	0.400946
27445	-0.662406	-0.0654903	0.280389	0	0	0.280389	0.662406	0.0654903	0
5110	-0.459953	0.355443	0.270139	0	0.355443	0.270139	0.459953	0	0
55251	-0.433072	-0.404555	0.0238009	0	0	0.0238009	0.433072	0.404555	0
5111	0.512842	-0.187674	-0.203325	0.512842	0	0	0	0.187674	0.203325
5116	0.675468	-0.0826537	-0.226164	0.675468	0	0	0	0.0826537	0.226164
80003	0.753363	-0.0831431	0.28344	0.753363	0	0.28344	0	0.0831431	0
64430	0.344961	-0.561461	-0.113079	0.344961	0	0	0	0.561461	0.113079
26577	-0.723287	-0.258142	-0.444068	0	0	0	0.723287	0.258142	0.444068
5121	0.618095	0.593782	-0.242085	0.618095	0.593782	0	0	0	0.242085
654790	0.825938	0.202655	-0.0849384	0.825938	0.202655	0	0	0	0.0849384
5122	0.883201	0.136801	0.0793791	0.883201	0.136801	0.0793791	0	0	0
5126	0.148577	0.637795	-0.051114	0.148577	0.637795	0	0	0	0.051114
5125	-0.826498	0.187245	-0.227616	0	0.187245	0	0.826498	0	0.227616
5046	0.334703	0.325969	-0.439458	0.334703	0.325969	0	0	0	0.439458
58488	0.519357	-0.0213665	-0.371763	0.519357	0	0	0	0.0213665	0.371763
9468	-0.438407	-0.0257456	-0.123914	0	0	0	0.438407	0.0257456	0.123914
5833	-0.169955	0.755477	0.0285772	0	0.755477	0.0285772	0.169955	0	0
27250	-0.274261	-0.510915	-0.06836	0	0	0	0.274261	0.510915	0.06836
10015	0.7225	0.0366034	0.00633623	0.7225	0.0366034	0.00633623	0	0	0
10081	0.523903	-0.439863	0.0880086	0.523903	0	0.0880086	0	0.439863	0
5082	0.494329	0.218637	-0.443257	0.494329	0.218637	0	0	0	0.443257
79031	0.524724	0.244504	0.18518	0.524724	0.244504	0.18518	0	0	0
10846	0.529711	0.105653	-0.0239482	0.529711	0.105653	0	0	0	0.0239482
50940	-0.127636	0.102259	-0.61191	0	0.102259	0	0.127636	0	0.61191
5136	-0.68923	-0.0764836	-0.0258702	0	0	0	0.68923	0.0764836	0.0258702
5153	-0.106054	0.125495	0.569395	0	0.125495	0.569395	0.106054	0	0
5138	-0.90051	-0.196003	0.146404	0	0	0.146404	0.90051	0.196003	0
5139	-0.320851	-0.371436	-0.303851	0	0	0	0.320851	0.371436	0.303851
5141	0.84802	0.150874	-0.0872006	0.84802	0.150874	0	0	0	0.0872006
5142	0.327509	-0.320835	0.0682615	0.327509	0	0.0682615	0	0.320835	0
5143	-0.407515	0.070401	0.457621	0	0.070401	0.457621	0.407515	0	0
5144	0.470622	-0.0927443	0.137682	0.470622	0	0.137682	0	0.0927443	0
9659	-0.82647	-0.154426	0.00855978	0	0	0.00855978	0.82647	0.154426	0
5150	0.670978	-0.110495	0.0831164	0.670978	0	0.0831164	0	0.110495	0
27115	0.528647	-0.49998	0.423539	0.528647	0	0.423539	0	0.49998	0
8622	0.205692	-0.0757529	0.0227442	0.205692	0	0.0227442	0	0.0757529	0
5155	-0.735101	-0.0514908	0.185772	0	0	0.185772	0.735101	0.0514908	0
56034	-0.816533	0.0492475	0.0384128	0	0.0492475	0.0384128	0.816533	0	0
80310	-0.0157001	-0.664241	0.299076	0	0	0.299076	0.0157001	0.664241	0
5156	-0.671929	-0.0468936	-0.19106	0	0	0	0.671929	0.0468936	0.19106
5157	-0.563746	0.28577	-0.279661	0	0.28577	0	0.563746	0	0.279661
5162	-0.418644	0.594242	0.092027	0	0.594242	0.092027	0.418644	0	0
10954	0.610025	-0.479738	0.345767	0.610025	0	0.345767	0	0.479738	0
5163	0.320624	-0.487284	0.160074	0.320624	0	0.160074	0	0.487284	0
5164	-0.794625	0.117919	0.20718	0	0.117919	0.20718	0.794625	0	0
5165	0.0195008	0.735664	0.452382	0.0195008	0.735664	0.452382	0	0	0
64236	0.293116	0.48857	-0.299721	0.293116	0.48857	0	0	0	0.299721
27295	-0.691531	0.149981	-0.337897	0	0.149981	0	0.691531	0	0.337897
10611	-0.754424	0.0174569	-0.16685	0	0.0174569	0	0.754424	0	0.16685
9260	-0.0328468	0.762478	0.0549816	0	0.762478	0.0549816	0.0328468	0	0
54704	0.748425	-0.15877	0.405922	0.748425	0	0.405922	0	0.15877	0
57546	0.816704	-0.034354	0.0421052	0.816704	0	0.0421052	0	0.034354	0
5170	-0.239044	-0.250807	0.340164	0	0	0.340164	0.239044	0.250807	0
10630	0.451326	0.0911739	-0.500387	0.451326	0.0911739	0	0	0	0.500387
81572	-0.620011	0.271992	-0.0582834	0	0.271992	0	0.620011	0	0.0582834
23244	-0.707591	-0.0659865	0.151001	0	0	0.151001	0.707591	0.0659865	0
23047	0.688884	-0.23979	0.049694	0.688884	0	0.049694	0	0.23979	0
23590	0.703049	-0.176737	0.090757	0.703049	0	0.090757	0	0.176737	0
5173	-0.684499	-0.5611	-0.100506	0	0	0	0.684499	0.5611	0.100506
23037	-0.205784	-0.26868	0.649279	0	0	0.649279	0.205784	0.26868	0
79955	0.55129	0.488379	-0.0265875	0.55129	0.488379	0	0	0	0.0265875
118987	0.72895	-0.0548051	-0.358457	0.72895	0	0	0	0.0548051	0.358457
23024	-0.0788078	-0.533288	0.548674	0	0	0.548674	0.0788078	0.533288	0
29951	-0.362236	-0.00867956	0.239448	0	0	0.239448	0.362236	0.00867956	0
8682	-0.959907	-0.132106	0.0176141	0	0	0.0176141	0.959907	0.132106	0
157310	0.0417215	0.688865	-0.000530597	0.0417215	0.688865	0	0	0	0.000530597
5175	-0.0504296	0.26548	-0.360753	0	0.26548	0	0.0504296	0	0.360753
55825	0.783105	-0.126719	-0.22335	0.783105	0	0	0	0.126719	0.22335
23089	-0.778492	0.0230946	-0.37682	0	0.0230946	0	0.778492	0	0.37682
5178	0.625231	-0.369044	0.1286	0.625231	0	0.1286	0	0.369044	0
57162	-0.732907	-0.229419	-0.0174829	0	0	0	0.732907	0.229419	0.0174829
57161	-0.169614	-0.167242	-0.424106	0	0	0	0.169614	0.167242	0.424106
246330	0.881181	0.28185	0.200605	0.881181	0.28185	0.200605	0	0	0
10400	-0.306694	0.594133	-0.0859901	0	0.594133	0	0.306694	0	0.0859901
5179	0.608889	-0.355917	-0.0687342	0.608889	0	0	0	0.355917	0.0687342
5184	0.645352	0.499506	-0.217011	0.645352	0.499506	0	0	0	0.217011
5187	0.483776	-0.177588	0.196979	0.483776	0	0.196979	0	0.177588	0
8864	0.279314	-0.00124187	0.320783	0.279314	0	0.320783	0	0.00124187	0
8863	0.139195	-0.510368	-0.152412	0.139195	0	0	0	0.510368	0.152412
84808	-0.61526	0.331267	0.0712844	0	0.331267	0.0712844	0.61526	0	0
64065	0.167712	0.339793	-0.488339	0.167712	0.339793	0	0	0	0.488339
100131801	-0.606735	0.111545	0.181156	0	0.111545	0.181156	0.606735	0	0
5189	0.101744	-0.530356	0.0430385	0.101744	0	0.0430385	0	0.530356	0
5192	-0.731039	0.274053	-0.019383	0	0.274053	0	0.731039	0	0.019383
5193	0.229195	0.158	-0.00975418	0.229195	0.158	0	0	0	0.00975418
5824	-0.876043	0.161233	-0.0803125	0	0.161233	0	0.876043	0	0.0803125
5828	-0.313369	0.248768	-0.212306	0	0.248768	0	0.313369	0	0.212306
55670	0.0226186	-0.157462	-0.242314	0.0226186	0	0	0	0.157462	0.242314
51555	0.517404	0.422325	0.103089	0.517404	0.422325	0.103089	0	0	0
5190	0.468976	-0.0221674	0.164889	0.468976	0	0.164889	0	0.0221674	0
5201	0.441336	0.606259	0.113451	0.441336	0.606259	0.113451	0	0	0
5208	0.678339	0.2241	0.0897734	0.678339	0.2241	0.0897734	0	0	0
5211	-0.566989	-0.00341815	-0.0802758	0	0	0	0.566989	0.00341815	0.0802758
5214	0.288688	0.467084	-0.0425839	0.288688	0.467084	0	0	0	0.0425839
5216	0.550782	0.521854	0.142192	0.550782	0.521854	0.142192	0	0	0
192111	-0.451228	0.40527	0.320292	0	0.40527	0.320292	0.451228	0	0
80055	-0.864803	-0.125744	-0.149769	0	0	0	0.864803	0.125744	0.149769
93210	-0.469681	-0.507063	0.145464	0	0	0.145464	0.469681	0.507063	0
267002	0.266579	-0.573112	0.110174	0.266579	0	0.110174	0	0.573112	0
161779	0.680072	0.181453	0.114376	0.680072	0.181453	0.114376	0	0	0
79605	-0.414274	-0.108478	0.2925	0	0	0.2925	0.414274	0.108478	0
5225	0.6675	-0.40448	0.280956	0.6675	0	0.280956	0	0.40448	0
283209	-0.850047	-0.127585	0.136293	0	0	0.136293	0.850047	0.127585	0
5238	0.408535	-0.00666858	-0.380332	0.408535	0	0	0	0.00666858	0.380332
283871	0.575684	0.463071	0.249867	0.575684	0.463071	0.249867	0	0	0
10857	-0.84197	-0.166972	-0.0035579	0	0	0	0.84197	0.166972	0.0035579
10424	-0.228006	0.390036	0.208474	0	0.390036	0.208474	0.228006	0	0
9749	-0.06193	0.0528807	-0.554581	0	0.0528807	0	0.06193	0	0.554581
116154	-0.651107	-0.130177	0.148103	0	0	0.148103	0.651107	0.130177	0
51808	0.543103	-0.206166	0.0569759	0.543103	0	0.0569759	0	0.206166	0
1912	0.448678	-0.181945	-0.0926989	0.448678	0	0	0	0.181945	0.0926989
148479	-0.726838	-0.195576	0.294249	0	0	0.294249	0.726838	0.195576	0
9678	-0.553919	-0.204048	0.346035	0	0	0.346035	0.553919	0.204048	0
26147	0.214407	-0.338921	0.0177387	0.214407	0	0.0177387	0	0.338921	0
51105	-0.656416	0.0727429	0.432285	0	0.0727429	0.432285	0.656416	0	0
79142	0.205296	0.78224	0.139149	0.205296	0.78224	0.139149	0	0	0
23349	-0.526721	0.263592	0.416531	0	0.263592	0.416531	0.526721	0	0
23133	0.532221	-0.234042	-0.0960969	0.532221	0	0	0	0.234042	0.0960969
26227	-0.416694	0.137323	-0.465719	0	0.137323	0	0.416694	0	0.465719
55023	0.119845	-0.651115	-0.0932687	0.119845	0	0	0	0.651115	0.0932687
5256	0.702896	-0.231889	-0.259951	0.702896	0	0	0	0.231889	0.259951
5257	0.118868	0.427231	0.0598661	0.118868	0.427231	0.0598661	0	0	0
5261	0.56146	0.365325	0.245602	0.56146	0.365325	0.245602	0	0	0
7262	0.354657	0.598846	0.550687	0.354657	0.598846	0.550687	0	0	0
23612	0.334925	0.507869	-0.16143	0.334925	0.507869	0	0	0	0.16143
90102	0.514428	0.41243	-0.220474	0.514428	0.41243	0	0	0	0.220474
653583	-0.552444	0.107108	-0.356984	0	0.107108	0	0.552444	0	0.356984
23035	-0.525767	0.101198	0.470119	0	0.101198	0.470119	0.525767	0	0
493911	-0.505136	-0.0726672	0.199125	0	0	0.199125	0.505136	0.0726672	0
29085	-0.860855	-0.00375553	0.0869261	0	0	0.0869261	0.860855	0.00375553	0
5264	0.911942	-0.0293411	0.115715	0.911942	0	0.115715	0	0.0293411	0
9796	-0.024407	-0.142808	0.627937	0	0	0.627937	0.024407	0.142808	0
84457	0.198678	-0.388518	0.440139	0.198678	0	0.440139	0	0.388518	0
221476	-0.248148	0.2146	-0.472744	0	0.2146	0	0.248148	0	0.472744
55361	0.782015	-0.104423	-0.161138	0.782015	0	0	0	0.104423	0.161138
5297	-0.557192	0.260331	0.43752	0	0.260331	0.43752	0.557192	0	0
196500	-0.735488	-0.0712789	0.184368	0	0	0.184368	0.735488	0.0712789	0
8554	-0.122087	-0.314846	0.260691	0	0	0.260691	0.122087	0.314846	0
9063	0.649566	-0.400543	0.0368185	0.649566	0	0.0368185	0	0.400543	0
10401	-0.546166	-0.131466	-0.0144538	0	0	0	0.546166	0.131466	0.0144538
9463	0.287304	0.548464	0.232402	0.287304	0.548464	0.232402	0	0	0
55022	-0.934143	-0.0946748	0.106421	0	0	0.106421	0.934143	0.0946748	0
55367	0.546995	-0.19839	0.0661686	0.546995	0	0.0661686	0	0.19839	0
80119	0.872482	0.263345	-0.135225	0.872482	0.263345	0	0	0	0.135225
5279	0.581162	-0.259406	-0.0281839	0.581162	0	0	0	0.259406	0.0281839
5281	-0.656428	0.156201	-0.23072	0	0.156201	0	0.656428	0	0.23072
10026	0.494339	-0.0197843	0.0502883	0.494339	0	0.0502883	0	0.0197843	0
9487	0.662856	-0.434277	-0.0370364	0.662856	0	0	0	0.434277	0.0370364
9091	-0.531062	0.0799405	0.248974	0	0.0799405	0.248974	0.531062	0	0
5290	0.837652	-0.0982905	0.0368782	0.837652	0	0.0368782	0	0.0982905	0
5291	0.878642	-0.00232674	0.0455214	0.878642	0	0.0455214	0	0.00232674	0
5293	-0.336063	0.391508	0.379827	0	0.391508	0.379827	0.336063	0	0
5294	-0.420564	0.659932	-0.317367	0	0.659932	0	0.420564	0	0.317367
5295	0.282895	-0.0212059	0.710253	0.282895	0	0.710253	0	0.0212059	0
200576	0.714896	-0.33585	-0.104425	0.714896	0	0	0	0.33585	0.104425
29992	0.44209	-0.428621	0.105341	0.44209	0	0.105341	0	0.428621	0
5292	0.806077	0.0297473	-0.0421987	0.806077	0.0297473	0	0	0	0.0421987
11040	-0.832595	0.0636042	0.143871	0	0.0636042	0.143871	0.832595	0	0
415116	0.819517	0.31037	-0.0666331	0.819517	0.31037	0	0	0	0.0666331
65018	0.000781684	0.705043	0.258509	0.000781684	0.705043	0.258509	0	0	0
390940	-0.838876	-0.182201	-0.172974	0	0	0	0.838876	0.182201	0.172974
54984	0.755928	-0.0484266	0.0101766	0.755928	0	0.0101766	0	0.0484266	0
5305	0.408109	0.267319	-0.444392	0.408109	0.267319	0	0	0	0.444392
8396	-0.330066	-0.403012	0.401506	0	0	0.401506	0.330066	0.403012	0
55529	0.693286	0.392329	0.136361	0.693286	0.392329	0.136361	0	0	0
8395	0.577629	0.127531	0.367865	0.577629	0.127531	0.367865	0	0	0
23396	0.571332	0.251195	0.200938	0.571332	0.251195	0.200938	0	0	0
138429	0.747525	-0.055579	-0.196864	0.747525	0	0	0	0.055579	0.196864
8544	-0.228137	0.256033	-0.537864	0	0.256033	0	0.228137	0	0.537864
644139	-0.606015	0.399695	-0.519621	0	0.399695	0	0.606015	0	0.519621
5306	0.406861	0.594249	0.0358281	0.406861	0.594249	0.0358281	0	0	0
26207	0.0598769	0.618343	-0.19718	0.0598769	0.618343	0	0	0	0.19718
57605	-0.728547	-0.27073	0.293864	0	0	0.293864	0.728547	0.27073	0
143689	-0.347224	-0.627676	-0.0396436	0	0	0	0.347224	0.627676	0.0396436
64219	-0.592898	-0.363849	0.0490117	0	0	0.0490117	0.592898	0.363849	0
494513	0.675539	-0.213033	0.0484451	0.675539	0	0.0484451	0	0.213033	0
5310	0.743936	-0.0398096	0.135645	0.743936	0	0.135645	0	0.0398096	0
5311	0.663122	-0.0799065	-0.201971	0.663122	0	0	0	0.0799065	0.201971
9033	-0.33922	-0.157918	0.728938	0	0	0.728938	0.33922	0.157918	0
91461	0.459566	0.313957	0.410139	0.459566	0.313957	0.410139	0	0	0
5569	-0.961252	-0.0853147	0.112894	0	0	0.112894	0.961252	0.0853147	0
5570	-0.690442	-0.282533	0.351899	0	0	0.351899	0.690442	0.282533	0
11142	-0.502361	-0.0607826	0.434216	0	0	0.434216	0.502361	0.0607826	0
5315	0.520999	0.383927	0.133251	0.520999	0.383927	0.133251	0	0	0
5316	-0.707458	-0.477222	-0.0822311	0	0	0	0.707458	0.477222	0.0822311
63876	0.731381	-0.164666	0.392127	0.731381	0	0.392127	0	0.164666	0
5318	0.259145	-0.383601	0.148524	0.259145	0	0.148524	0	0.383601	0
11187	-0.355608	0.426077	0.515056	0	0.426077	0.515056	0.355608	0	0
51365	-0.069716	0.0634434	-0.18376	0	0.0634434	0	0.069716	0	0.18376
5321	0.165075	0.0426221	0.217525	0.165075	0.0426221	0.217525	0	0	0
7941	-0.256438	0.634044	-0.214343	0	0.634044	0	0.256438	0	0.214343
22925	0.861488	0.0536174	-0.191947	0.861488	0.0536174	0	0	0	0.191947
219348	-0.840675	0.128188	-0.135923	0	0.128188	0	0.840675	0	0.135923
5324	0.349207	0.100707	0.128995	0.349207	0.100707	0.128995	0	0	0
5325	0.73717	0.0330662	-0.267812	0.73717	0.0330662	0	0	0	0.267812
5326	0.592044	-0.394068	0.259607	0.592044	0	0.259607	0	0.394068	0
5327	0.57875	-0.0547468	-0.295477	0.57875	0	0	0	0.0547468	0.295477
5328	0.476938	-0.577348	-0.0535523	0.476938	0	0	0	0.577348	0.0535523
151056	-0.796915	-0.26724	-0.0200417	0	0	0	0.796915	0.26724	0.0200417
79887	-0.0419404	0.494369	-0.517603	0	0.494369	0	0.0419404	0	0.517603
23236	0.835708	0.128533	0.255447	0.835708	0.128533	0.255447	0	0	0
5330	-0.869224	0.00950376	-0.0649802	0	0.00950376	0	0.869224	0	0.0649802
5332	0.759712	0.375172	0.0389956	0.759712	0.375172	0.0389956	0	0	0
113026	-0.596634	0.0415465	-0.363457	0	0.0415465	0	0.596634	0	0.363457
84812	0.790621	0.0766422	-0.166868	0.790621	0.0766422	0	0	0	0.166868
51196	-0.331356	0.111129	-0.44108	0	0.111129	0	0.331356	0	0.44108
5336	-0.494905	0.0509365	-0.363559	0	0.0509365	0	0.494905	0	0.363559
23007	-0.390387	0.587083	-0.302174	0	0.587083	0	0.390387	0	0.302174
9651	-0.437496	-0.253425	0.264023	0	0	0.264023	0.437496	0.253425	0
5334	0.589091	0.240835	-0.268811	0.589091	0.240835	0	0	0	0.268811
345557	0.0867591	-0.478197	0.213804	0.0867591	0	0.213804	0	0.478197	0
201164	-0.839499	-0.362368	0.0428353	0	0	0.0428353	0.839499	0.362368	0
59338	0.549405	0.204093	0.364914	0.549405	0.204093	0.364914	0	0	0
57664	-0.479265	0.162896	-0.605942	0	0.162896	0	0.479265	0	0.605942
54477	0.451467	-0.288526	0.441654	0.451467	0	0.441654	0	0.288526	0
22874	0.712653	0.0639554	0.218054	0.712653	0.0639554	0.218054	0	0	0
144100	-0.353433	0.0517537	-0.421201	0	0.0517537	0	0.353433	0	0.421201
84725	0.630345	-0.0519447	-0.194924	0.630345	0	0	0	0.0519447	0.194924
79156	0.609977	0.0589826	-0.164275	0.609977	0.0589826	0	0	0	0.164275
79666	-0.385953	-0.209518	0.0681564	0	0	0.0681564	0.385953	0.209518	0
57480	0.421378	-0.0226969	-0.0644947	0.421378	0	0	0	0.0226969	0.0644947
25894	0.153621	0.126652	-0.526187	0.153621	0.126652	0	0	0	0.526187
130271	-0.294494	0.149522	-0.529731	0	0.149522	0	0.294494	0	0.529731
79990	0.873671	0.0955479	-0.0344885	0.873671	0.0955479	0	0	0	0.0344885
9842	0.571875	0.00904758	-0.188323	0.571875	0.00904758	0	0	0	0.188323
23207	0.795555	-0.110596	0.179797	0.795555	0	0.179797	0	0.110596	0
51177	0.610118	-0.0187112	0.19185	0.610118	0	0.19185	0	0.0187112	0
80301	-0.593214	-0.138037	-0.30555	0	0	0	0.593214	0.138037	0.30555
440503	-0.616327	-0.140506	-0.238696	0	0	0	0.616327	0.140506	0.238696
10769	-0.206593	-0.341557	0.149087	0	0	0.149087	0.206593	0.341557	0
126520	0.344233	-0.767992	0.0124644	0.344233	0	0.0124644	0	0.767992	0
51090	0.207222	0.0835432	-0.322102	0.207222	0.0835432	0	0	0	0.322102
8985	0.32118	0.263176	-0.337874	0.32118	0.263176	0	0	0	0.337874
5354	0.271839	0.150523	-0.450166	0.271839	0.150523	0	0	0	0.450166
11212	-0.645919	0.016371	0.181909	0	0.016371	0.181909	0.645919	0	0
8611	0.355609	0.382606	-0.379443	0.355609	0.382606	0	0	0	0.379443
8612	0.282837	0.158487	-0.344801	0.282837	0.158487	0	0	0	0.344801
196051	-0.734293	-0.0475274	-0.256142	0	0	0	0.734293	0.0475274	0.256142
84513	-0.497044	-0.396914	0.200873	0	0	0.200873	0.497044	0.396914	0
84814	0.645833	0.401869	0.198959	0.645833	0.401869	0.198959	0	0	0
54886	-0.460665	0.0879877	-0.350714	0	0.0879877	0	0.460665	0	0.350714
64748	-0.929281	-0.0783014	0.113779	0	0	0.113779	0.929281	0.0783014	0
79948	-0.930409	0.120549	0.0644268	0	0.120549	0.0644268	0.930409	0	0
9890	-0.918377	-0.178031	0.0854546	0	0	0.0854546	0.918377	0.178031	0
163404	-0.659196	-0.504512	0.141831	0	0	0.141831	0.659196	0.504512	0
5357	0.586031	0.423041	-0.0622872	0.586031	0.423041	0	0	0	0.0622872
5358	-0.414795	-0.00506414	0.119862	0	0	0.119862	0.414795	0.00506414	0
5359	0.340096	-0.335381	0.00491659	0.340096	0	0.00491659	0	0.335381	0
57088	-0.747478	0.00725271	-0.145437	0	0.00725271	0	0.747478	0	0.145437
5360	-0.675477	0.130014	-0.143814	0	0.130014	0	0.675477	0	0.143814
57125	0.90145	0.206376	0.193613	0.90145	0.206376	0.193613	0	0	0
84898	-0.738776	-0.315142	-0.305465	0	0	0	0.738776	0.315142	0.305465
5361	-0.56491	0.0451328	0.477529	0	0.0451328	0.477529	0.56491	0	0
5362	0.548061	-0.222539	0.273845	0.548061	0	0.273845	0	0.222539	0
55558	-0.409574	0.156175	-0.239388	0	0.156175	0	0.409574	0	0.239388
91584	0.665621	-0.16843	-0.0104796	0.665621	0	0	0	0.16843	0.0104796
10154	-0.819088	-0.295149	0.138961	0	0	0.138961	0.819088	0.295149	0
135293	-0.208304	-0.724043	-0.0300181	0	0	0	0.208304	0.724043	0.0300181
5366	0.241029	0.238956	-0.230078	0.241029	0.238956	0	0	0	0.230078
56937	0.554713	0.401963	-0.275367	0.554713	0.401963	0	0	0	0.275367
11243	-0.642814	0.0336209	-0.189268	0	0.0336209	0	0.642814	0	0.189268
5372	-0.682846	0.35468	0.240606	0	0.35468	0.240606	0.682846	0	0
5373	0.49317	-0.273119	-0.162214	0.49317	0	0	0	0.273119	0.162214
9512	-0.300846	0.652752	0.203921	0	0.652752	0.203921	0.300846	0	0
10654	-0.812071	0.189315	0.0213021	0	0.189315	0.0213021	0.812071	0	0
139728	-0.900583	-0.0304006	0.231259	0	0	0.231259	0.900583	0.0304006	0
25957	0.455564	-0.477124	0.19385	0.455564	0	0.19385	0	0.477124	0
25953	0.817339	0.393298	0.0973176	0.817339	0.393298	0.0973176	0	0	0
154197	0.590141	0.0707405	0.468124	0.590141	0.0707405	0.468124	0	0	0
55228	-0.831555	-0.0531997	0.285182	0	0	0.285182	0.831555	0.0531997	0
57469	-0.214088	0.377414	0.221763	0	0.377414	0.221763	0.214088	0	0
5409	-0.877483	-0.307343	0.270159	0	0	0.270159	0.877483	0.307343	0
5368	-0.475127	0.0335302	0.162429	0	0.0335302	0.162429	0.475127	0	0
4860	-0.583567	0.118619	-0.474573	0	0.118619	0	0.583567	0	0.474573
80339	-0.728438	0.520655	-0.0949004	0	0.520655	0	0.728438	0	0.0949004
8228	-0.718542	0.0406491	0.106797	0	0.0406491	0.106797	0.718542	0	0
87178	0.51487	0.0121467	-0.27044	0.51487	0.0121467	0	0	0	0.27044
55629	-0.562394	-0.11045	0.151967	0	0	0.151967	0.562394	0.11045	0
25886	-0.738345	0.0916991	0.14839	0	0.0916991	0.14839	0.738345	0	0
5420	-0.121684	0.0609958	-0.222776	0	0.0609958	0	0.121684	0	0.222776
57645	0.500743	-0.0777252	-0.213077	0.500743	0	0	0	0.0777252	0.213077
56983	0.749661	0.133012	-0.0315885	0.749661	0.133012	0	0	0	0.0315885
23126	0.259302	-0.366945	0.0454525	0.259302	0	0.0454525	0	0.366945	0
5423	-0.350235	-0.489285	-0.161879	0	0	0	0.350235	0.489285	0.161879
10714	0.385546	-0.00455281	0.260701	0.385546	0	0.260701	0	0.00455281	0
57804	0.248368	0.464638	0.113527	0.248368	0.464638	0.113527	0	0	0
26073	0.520007	0.392743	0.218588	0.520007	0.392743	0.218588	0	0	0
56655	-0.860785	0.25842	-0.195267	0	0.25842	0	0.860785	0	0.195267
51082	-0.71203	-0.27203	0.0412656	0	0	0.0412656	0.71203	0.27203	0
5436	-0.810882	0.165168	-0.169004	0	0.165168	0	0.810882	0	0.169004
5438	-0.626229	0.32571	-0.0948444	0	0.32571	0	0.626229	0	0.0948444
5441	-0.879595	0.152936	0.00574116	0	0.152936	0.00574116	0.879595	0	0
55703	0.0917849	0.369581	0.356621	0.0917849	0.369581	0.356621	0	0	0
10623	-0.493374	0.189238	0.230857	0	0.189238	0.230857	0.493374	0	0
10622	0.170783	-0.0630499	-0.611804	0.170783	0	0	0	0.0630499	0.611804
84265	-0.768498	-0.0778382	0.0184054	0	0	0.0184054	0.768498	0.0778382	0
5443	0.626344	-0.265182	-0.150268	0.626344	0	0	0	0.265182	0.150268
84892	-0.534475	0.379746	0.312343	0	0.379746	0.312343	0.534475	0	0
10585	-0.0157018	-0.607618	-0.330061	0	0	0	0.0157018	0.607618	0.330061
5445	-0.637744	-0.0245735	-0.224126	0	0	0	0.637744	0.0245735	0.224126
5446	-0.697564	-0.233894	-0.218284	0	0	0	0.697564	0.233894	0.218284
10775	-0.51465	0.458495	0.202235	0	0.458495	0.202235	0.51465	0	0
64208	0.533016	0.642102	0.269565	0.533016	0.642102	0.269565	0	0	0
5447	-0.746792	0.15682	0.0617728	0	0.15682	0.0617728	0.746792	0	0
10631	0.694897	0.0520118	0.141573	0.694897	0.0520118	0.141573	0	0	0
5450	0.192061	0.256351	-0.397945	0.192061	0.256351	0	0	0	0.397945
5452	0.51969	-0.595771	0.198074	0.51969	0	0.198074	0	0.595771	0
5453	0.413802	0.464609	-0.393879	0.413802	0.464609	0	0	0	0.393879
5454	0.722956	-0.158883	-0.0319245	0.722956	0	0	0	0.158883	0.0319245
5455	0.617371	0.158841	-0.392715	0.617371	0.158841	0	0	0	0.392715
5456	0.591736	0.00560187	-0.0944993	0.591736	0.00560187	0	0	0	0.0944993
5463	0.894777	-0.0277418	0.198547	0.894777	0	0.198547	0	0.0277418	0
11281	0.741903	0.0947616	0.157	0.741903	0.0947616	0.157	0	0	0
5467	0.769046	0.0924108	-0.269978	0.769046	0.0924108	0	0	0	0.269978
5468	-0.105553	0.620616	0.14407	0	0.620616	0.14407	0.105553	0	0
10891	0.884492	0.232507	0.0305019	0.884492	0.232507	0.0305019	0	0	0
133522	0.692365	0.186459	0.321685	0.692365	0.186459	0.321685	0	0	0
5471	-0.451203	-0.237254	0.462084	0	0	0.462084	0.451203	0.237254	0
79717	-0.617359	-0.245525	-0.0335316	0	0	0	0.617359	0.245525	0.0335316
79144	-0.69835	0.120802	-0.12592	0	0.120802	0	0.69835	0	0.12592
5475	-0.738632	0.515079	0.0859078	0	0.515079	0.0859078	0.738632	0	0
8499	-0.396824	-0.572079	0.21716	0	0	0.21716	0.396824	0.572079	0
8497	0.568252	-0.577672	0.373722	0.568252	0	0.373722	0	0.577672	0
8496	0.236239	0.433668	0.172397	0.236239	0.433668	0.172397	0	0	0
51535	-0.728677	-0.159233	0.142233	0	0	0.142233	0.728677	0.159233	0
5479	-0.56054	0.156168	-0.239935	0	0.156168	0	0.56054	0	0.239935
5480	0.360233	0.345879	-0.416752	0.360233	0.345879	0	0	0	0.416752
10105	0.55436	0.512817	-0.229895	0.55436	0.512817	0	0	0	0.229895
23759	-0.610531	-0.287344	0.0676666	0	0	0.0676666	0.610531	0.287344	0
53938	0.839029	-0.157547	-0.178044	0.839029	0	0	0	0.157547	0.178044
285755	-0.747413	-0.232468	0.284302	0	0	0.284302	0.747413	0.232468	0
9677	0.304812	-0.504678	0.00190027	0.304812	0	0.00190027	0	0.504678	0
23262	0.659012	0.258214	0.0912437	0.659012	0.258214	0.0912437	0	0	0
5493	0.444347	-0.27553	0.39793	0.444347	0	0.39793	0	0.27553	0
5494	0.662111	0.413224	0.154257	0.662111	0.413224	0.154257	0	0	0
5495	0.514041	-0.11358	0.250915	0.514041	0	0.250915	0	0.11358	0
8493	0.48495	-0.537472	-0.072932	0.48495	0	0	0	0.537472	0.072932
22843	0.21495	-0.241093	-0.202294	0.21495	0	0	0	0.241093	0.202294
57460	0.575386	-0.168418	0.278936	0.575386	0	0.278936	0	0.168418	0
333926	-0.158273	-0.41569	0.316594	0	0	0.316594	0.158273	0.41569	0
151742	0.585273	-0.154659	0.114642	0.585273	0	0.114642	0	0.154659	0
132160	-0.939056	-0.122127	0.0339076	0	0	0.0339076	0.939056	0.122127	0
147699	-0.814463	-0.272346	0.0570079	0	0	0.0570079	0.814463	0.272346	0
51400	0.444078	-0.304482	0.176815	0.444078	0	0.176815	0	0.304482	0
5500	0.625356	0.298822	0.351238	0.625356	0.298822	0.351238	0	0	0
5501	0.423881	0.41967	-0.257453	0.423881	0.41967	0	0	0	0.257453
4659	-0.161153	0.25821	0.548444	0	0.25821	0.548444	0.161153	0	0
4660	0.88512	0.0380733	0.00914079	0.88512	0.0380733	0.00914079	0	0	0
94274	0.267792	0.237117	-0.39072	0.267792	0.237117	0	0	0	0.39072
26472	0.190646	0.161994	-0.481276	0.190646	0.161994	0	0	0	0.481276
81706	-0.25849	0.189024	0.699159	0	0.189024	0.699159	0.25849	0	0
84919	0.659597	-0.268626	-0.12635	0.659597	0	0	0	0.268626	0.12635
84988	-0.161042	-0.294189	-0.35491	0	0	0	0.161042	0.294189	0.35491
26051	0.705786	-0.35711	-0.0544574	0.705786	0	0	0	0.35711	0.0544574
10842	-0.562045	0.452881	-0.33409	0	0.452881	0	0.562045	0	0.33409
170954	-0.479971	0.105274	-0.468814	0	0.105274	0	0.479971	0	0.468814
5502	-0.811514	-0.152176	0.084091	0	0	0.084091	0.811514	0.152176	0
84152	-0.435872	-0.321028	0.22468	0	0	0.22468	0.435872	0.321028	0
9858	-0.639984	-0.243901	0.0354024	0	0	0.0354024	0.639984	0.243901	0
284352	-0.34177	-0.332209	-0.140071	0	0	0	0.34177	0.332209	0.140071
79660	0.601199	0.443064	-0.324885	0.601199	0.443064	0	0	0	0.324885
5509	0.629427	0.0316642	-0.388148	0.629427	0.0316642	0	0	0	0.388148
90673	0.651054	-0.115387	0.042987	0.651054	0	0.042987	0	0.115387	0
286187	-0.613791	-0.465611	-0.176538	0	0	0	0.613791	0.465611	0.176538
5511	-0.39354	-0.419564	-0.22532	0	0	0	0.39354	0.419564	0.22532
84687	-0.530621	-0.0705153	0.129371	0	0	0.129371	0.530621	0.0705153	0
5516	-0.470922	0.0639845	-0.0867267	0	0.0639845	0	0.470922	0	0.0867267
5519	-0.180336	0.266692	-0.614836	0	0.266692	0	0.180336	0	0.614836
5520	0.360467	0.509297	0.301308	0.360467	0.509297	0.301308	0	0	0
5521	0.522818	-0.206291	-0.0824168	0.522818	0	0	0	0.206291	0.0824168
55844	0.612623	-0.023555	0.296517	0.612623	0	0.296517	0	0.023555	0
55012	-0.518871	0.363713	-0.0974236	0	0.363713	0	0.518871	0	0.0974236
5525	-0.579154	-0.0670918	-0.26539	0	0	0	0.579154	0.0670918	0.26539
5527	-0.505649	0.337356	0.091708	0	0.337356	0.091708	0.505649	0	0
5528	0.563184	-0.0146583	0.136177	0.563184	0	0.136177	0	0.0146583	0
5530	0.594343	-0.104689	0.532311	0.594343	0	0.532311	0	0.104689	0
5532	-0.496097	0.168228	0.586928	0	0.168228	0.586928	0.496097	0	0
5533	0.683967	-0.0521916	0.0544898	0.683967	0	0.0544898	0	0.0521916	0
5534	-0.24009	0.136775	0.461922	0	0.136775	0.461922	0.24009	0	0
151987	-0.105102	-0.222352	0.296093	0	0	0.296093	0.105102	0.222352	0
55671	0.409947	-0.462312	-0.0558777	0.409947	0	0	0	0.462312	0.0558777
57718	-0.958132	-0.0108026	0.142137	0	0	0.142137	0.958132	0.0108026	0
5537	-0.664011	0.12045	0.328923	0	0.12045	0.328923	0.664011	0	0
22870	-0.0340097	-0.068387	-0.110949	0	0	0	0.0340097	0.068387	0.110949
160760	0.812898	0.336089	-0.0463558	0.812898	0.336089	0	0	0	0.0463558
23398	0.374082	-0.331905	-0.254459	0.374082	0	0	0	0.331905	0.254459
11230	-0.724451	0.341439	0.161991	0	0.341439	0.161991	0.724451	0	0
157285	0.738174	-0.00801374	0.394408	0.738174	0	0.394408	0	0.00801374	0
118471	-0.180865	0.407992	0.580812	0	0.407992	0.580812	0.180865	0	0
5542	0.59273	-0.506404	0.221668	0.59273	0	0.221668	0	0.506404	0
653247	0.611059	-0.537463	0.245645	0.611059	0	0.245645	0	0.537463	0
5545	0.549694	-0.382591	0.128353	0.549694	0	0.128353	0	0.382591	0
9055	0.649853	-0.274288	0.519902	0.649853	0	0.519902	0	0.274288	0
5547	0.299438	0.538051	-0.347823	0.299438	0.538051	0	0	0	0.347823
56981	0.667383	-0.57049	0.0281277	0.667383	0	0.0281277	0	0.57049	0
59335	-0.645422	0.0789606	0.125886	0	0.0789606	0.125886	0.645422	0	0
63976	-0.375958	0.244844	0.0869922	0	0.244844	0.0869922	0.375958	0	0
7799	0.845695	0.0771247	0.0622342	0.845695	0.0771247	0.0622342	0	0	0
11107	0.667588	-0.251911	-0.0813398	0.667588	0	0	0	0.251911	0.0813398
56978	0.441595	-0.170543	-0.228015	0.441595	0	0	0	0.170543	0.228015
5052	-0.591044	0.246853	-0.229775	0	0.246853	0	0.591044	0	0.229775
10549	-0.733155	0.251482	-0.315059	0	0.251482	0	0.733155	0	0.315059
9588	-0.674137	0.122963	-0.0574537	0	0.122963	0	0.674137	0	0.0574537
153768	0.128997	-0.444681	0.155102	0.128997	0	0.155102	0	0.444681	0
51012	0.0678453	0.54044	-0.329063	0.0678453	0.54044	0	0	0	0.329063
5549	-0.414478	0.399743	-0.12185	0	0.399743	0	0.414478	0	0.12185
5550	0.711823	0.298773	0.44766	0.711823	0.298773	0.44766	0	0	0
5555	0.574981	0.353745	-0.104102	0.574981	0.353745	0	0	0	0.104102
144165	0.707746	-0.0299591	0.228489	0.707746	0	0.228489	0	0.0299591	0
166336	-0.697885	0.0167419	0.292884	0	0.0167419	0.292884	0.697885	0	0
5557	0.773963	-0.0527443	-0.0390292	0.773963	0	0	0	0.0527443	0.0390292
5563	-0.705417	0.108767	0.228312	0	0.108767	0.228312	0.705417	0	0
5564	0.549359	0.186249	0.0293822	0.549359	0.186249	0.0293822	0	0	0
5567	0.251008	-0.383371	0.173833	0.251008	0	0.173833	0	0.383371	0
51422	-0.301059	0.29826	-0.203218	0	0.29826	0	0.301059	0	0.203218
5576	0.441279	0.0817272	-0.147003	0.441279	0.0817272	0	0	0	0.147003
5578	0.649547	0.114572	-0.276732	0.649547	0.114572	0	0	0	0.276732
5579	0.882409	0.296806	0.0464624	0.882409	0.296806	0.0464624	0	0	0
5580	-0.953041	0.0692101	0.179647	0	0.0692101	0.179647	0.953041	0	0
5582	-0.909784	0.135951	0.0647285	0	0.135951	0.0647285	0.909784	0	0
5583	0.321882	0.322267	-0.317135	0.321882	0.322267	0	0	0	0.317135
5584	-0.182706	-0.576309	0.180749	0	0	0.180749	0.182706	0.576309	0
5588	-0.559933	0.00251213	-0.117433	0	0.00251213	0	0.559933	0	0.117433
5587	-0.157341	0.422898	0.0676289	0	0.422898	0.0676289	0.157341	0	0
5592	-0.77415	-0.254938	-0.136935	0	0	0	0.77415	0.254938	0.136935
3275	-0.812328	0.31367	-0.243247	0	0.31367	0	0.812328	0	0.243247
55170	-0.812868	0.103449	0.0706077	0	0.103449	0.0706077	0.812868	0	0
54496	0.737251	0.249652	0.0489074	0.737251	0.249652	0.0489074	0	0	0
56341	0.408512	-0.21303	-0.0130153	0.408512	0	0	0	0.21303	0.0130153
90826	0.544996	-0.117412	0.0525245	0.544996	0	0.0525245	0	0.117412	0
5621	-0.737837	0.0473786	0.410099	0	0.0473786	0.410099	0.737837	0	0
147011	-0.283975	0.535927	-0.10514	0	0.535927	0	0.283975	0	0.10514
5625	-0.600174	-0.0788453	-0.121948	0	0	0	0.600174	0.0788453	0.121948
5627	-0.300075	0.463068	-0.292863	0	0.463068	0	0.300075	0	0.292863
254427	0.0172151	0.28415	-0.428066	0.0172151	0.28415	0	0	0	0.428066
55015	0.262884	-0.465042	0.00637493	0.262884	0	0.00637493	0	0.465042	0
5630	-0.261488	0.414851	-0.263415	0	0.414851	0	0.261488	0	0.263415
5961	-0.709745	-0.2434	0.265474	0	0	0.265474	0.709745	0.2434	0
5631	-0.686347	0.0168349	-0.0930895	0	0.0168349	0	0.686347	0	0.0930895
5634	0.544536	0.0939079	0.439258	0.544536	0.0939079	0.439258	0	0	0
78994	0.312986	-0.20008	0.163454	0.312986	0	0.163454	0	0.20008	0
51334	0.556031	-0.109096	-0.30886	0.556031	0	0	0	0.109096	0.30886
163154	0.603048	-0.258341	-0.0665358	0.603048	0	0	0	0.258341	0.0665358
92340	-0.492954	0.191163	-0.301622	0	0.191163	0	0.492954	0	0.301622
55615	-0.779005	0.373625	-0.138765	0	0.373625	0	0.779005	0	0.138765
79899	0.247947	0.227051	-0.474013	0.247947	0.227051	0	0	0	0.474013
80758	-0.410299	-0.13333	-0.00101073	0	0	0	0.410299	0.13333	0.00101073
84726	-0.633811	-0.456717	0.130745	0	0	0.130745	0.633811	0.456717	0
5638	0.301891	0.182035	-0.33425	0.301891	0.182035	0	0	0	0.33425
79057	-0.630783	-0.110105	0.120601	0	0	0.120601	0.630783	0.110105	0
80863	-0.634926	0.0232585	0.337834	0	0.0232585	0.337834	0.634926	0	0
112476	0.108689	-0.248963	0.520493	0.108689	0	0.520493	0	0.248963	0
285368	0.785323	0.190395	0.142568	0.785323	0.190395	0.142568	0	0	0
401399	0.568391	-0.143157	0.38588	0.568391	0	0.38588	0	0.143157	0
5396	-0.235185	0.613031	-0.25207	0	0.613031	0	0.235185	0	0.25207
5644	-0.291272	0.161505	0.32519	0	0.161505	0.32519	0.291272	0	0
8492	-0.221646	0.45482	0.428663	0	0.45482	0.428663	0.221646	0	0
10279	0.749166	0.382934	0.361653	0.749166	0.382934	0.361653	0	0	0
11098	-0.837778	0.147146	0.0661145	0	0.147146	0.0661145	0.837778	0	0
5646	-0.381916	0.20695	0.418997	0	0.20695	0.418997	0.381916	0	0
167681	-0.923369	-0.0220002	-0.105943	0	0	0	0.923369	0.0220002	0.105943
646960	0.81116	-0.030336	-0.189323	0.81116	0	0	0	0.030336	0.189323
5657	-0.38041	0.224495	0.636928	0	0.224495	0.636928	0.38041	0	0
158471	0.456283	0.545829	0.0444007	0.456283	0.545829	0.0444007	0	0	0
29968	-0.441218	-0.0541574	-0.487913	0	0	0	0.441218	0.0541574	0.487913
5662	-0.585983	-0.0243813	0.19338	0	0	0.19338	0.585983	0.0243813	0
23362	-0.849907	-0.131008	0.231467	0	0	0.231467	0.849907	0.131008	0
5664	-0.445546	0.521009	0.185717	0	0.521009	0.185717	0.445546	0	0
55851	-0.760806	0.244017	-0.0675986	0	0.244017	0	0.760806	0	0.0675986
11168	-0.811742	-0.408446	-0.0288452	0	0	0	0.811742	0.408446	0.0288452
5687	-0.589285	0.242136	0.257525	0	0.242136	0.257525	0.589285	0	0
5689	-0.78712	0.149697	-0.0305737	0	0.149697	0	0.78712	0	0.0305737
5699	-0.475633	0.409623	-0.285213	0	0.409623	0	0.475633	0	0.285213
5690	-0.75311	0.124952	0.0753569	0	0.124952	0.0753569	0.75311	0	0
5693	-0.431495	0.478048	0.0847797	0	0.478048	0.0847797	0.431495	0	0
5694	-0.552521	0.333968	0.120289	0	0.333968	0.120289	0.552521	0	0
5695	-0.766758	0.391407	0.124525	0	0.391407	0.124525	0.766758	0	0
5696	0.0484306	0.243983	-0.506959	0.0484306	0.243983	0	0	0	0.506959
5700	-0.375819	0.609067	0.213634	0	0.609067	0.213634	0.375819	0	0
5701	0.153546	0.663394	0.012882	0.153546	0.663394	0.012882	0	0	0
5707	-0.585691	0.380546	0.23353	0	0.380546	0.23353	0.585691	0	0
5718	0.778455	0.433666	0.0300658	0.778455	0.433666	0.0300658	0	0	0
5710	-0.465734	0.449305	-0.0124474	0	0.449305	0	0.465734	0	0.0124474
9861	0.773962	-0.104685	-0.139175	0.773962	0	0	0	0.104685	0.139175
5714	-0.550857	0.044073	0.273118	0	0.044073	0.273118	0.550857	0	0
5715	-0.576011	0.0722802	-0.225764	0	0.0722802	0	0.576011	0	0.225764
5720	-0.736394	-0.021032	-0.125824	0	0	0	0.736394	0.021032	0.125824
5721	-0.819079	-0.19836	-0.0170611	0	0	0	0.819079	0.19836	0.0170611
23198	0.408412	0.273277	-0.136896	0.408412	0.273277	0	0	0	0.136896
84262	0.449633	0.19601	0.545156	0.449633	0.19601	0.545156	0	0	0
114796	-0.799905	0.0185829	0.0462368	0	0.0185829	0.0462368	0.799905	0	0
170679	-0.85285	0.136733	0.129495	0	0.136733	0.129495	0.85285	0	0
9051	-0.316078	0.699204	-0.16634	0	0.699204	0	0.316078	0	0.16634
5724	-0.0750831	-0.126284	-0.206063	0	0	0	0.0750831	0.126284	0.206063
58155	-0.736844	-0.035587	-0.0119023	0	0	0	0.736844	0.035587	0.0119023
9991	-0.618608	-0.400772	0.174269	0	0	0.174269	0.618608	0.400772	0
5727	-0.651378	-0.3842	0.0290377	0	0	0.0290377	0.651378	0.3842	0
139411	-0.840436	-0.322644	0.207835	0	0	0.207835	0.840436	0.322644	0
442213	0.570153	-0.082402	0.0388939	0.570153	0	0.0388939	0	0.082402	0
9791	-0.689474	0.0554601	0.10358	0	0.0554601	0.10358	0.689474	0	0
9317	-0.847914	0.145622	0.134528	0	0.145622	0.134528	0.847914	0	0
11251	0.614629	0.391659	0.0497764	0.614629	0.391659	0.0497764	0	0	0
5733	-0.961096	-0.00914098	0.0141968	0	0	0.0141968	0.961096	0.00914098	0
5734	-0.885674	0.0353374	-0.0912245	0	0.0353374	0	0.885674	0	0.0912245
9536	-0.634316	-0.0194034	0.286745	0	0	0.286745	0.634316	0.0194034	0
5740	0.136954	-0.450485	-0.0708694	0.136954	0	0	0	0.450485	0.0708694
5742	0.246612	-0.0435238	-0.291398	0.246612	0	0	0	0.0435238	0.291398
5743	0.261918	-0.165002	0.204612	0.261918	0	0.204612	0	0.165002	0
5745	0.506512	0.4055	-0.218616	0.506512	0.4055	0	0	0	0.218616
5746	0.538526	0.276105	0.560774	0.538526	0.276105	0.560774	0	0	0
5744	-0.81809	-0.136054	0.0908727	0	0	0.0908727	0.81809	0.136054	0
53635	-0.326578	-0.12852	0.289479	0	0	0.289479	0.326578	0.12852	0
7803	-0.192615	0.733719	-0.110388	0	0.733719	0	0.192615	0	0.110388
11156	-0.378269	0.392063	0.212025	0	0.392063	0.212025	0.378269	0	0
138639	0.501897	-0.193282	-0.355748	0.501897	0	0	0	0.193282	0.355748
114971	0.16688	-0.0173291	0.020119	0.16688	0	0.020119	0	0.0173291	0
5781	0.038651	0.601658	0.127119	0.038651	0.601658	0.127119	0	0	0
5782	0.626382	0.111331	-0.118284	0.626382	0.111331	0	0	0	0.118284
5784	0.52887	0.340432	0.0779671	0.52887	0.340432	0.0779671	0	0	0
5771	0.609841	-0.320905	-0.120802	0.609841	0	0	0	0.320905	0.120802
5774	-0.151459	-0.528527	0.624748	0	0	0.624748	0.151459	0.528527	0
5775	0.769669	-0.217221	0.411823	0.769669	0	0.411823	0	0.217221	0
5786	-0.946462	-0.125636	-0.0113149	0	0	0	0.946462	0.125636	0.0113149
5788	-0.563629	-0.0931341	-0.309682	0	0	0	0.563629	0.0931341	0.309682
5791	0.67497	0.10876	-0.297772	0.67497	0.10876	0	0	0	0.297772
5792	-0.871322	0.0409596	0.105866	0	0.0409596	0.105866	0.871322	0	0
5793	-0.661878	-0.236612	0.247646	0	0	0.247646	0.661878	0.236612	0
5794	0.463205	0.441154	-0.346264	0.463205	0.441154	0	0	0	0.346264
5795	-0.571718	-0.393652	0.355722	0	0	0.355722	0.571718	0.393652	0
5796	0.137387	0.704713	0.0720449	0.137387	0.704713	0.0720449	0	0	0
5797	0.0849923	0.471526	0.023636	0.0849923	0.471526	0.023636	0	0	0
5800	-0.709898	-0.245168	0.414644	0	0	0.414644	0.709898	0.245168	0
5801	-0.86482	-0.378132	0.0828684	0	0	0.0828684	0.86482	0.378132	0
11122	0.262141	-0.0646635	0.183095	0.262141	0	0.183095	0	0.0646635	0
10076	-0.1021	0.552176	-0.0362048	0	0.552176	0	0.1021	0	0.0362048
5803	-0.715183	-0.0134183	-0.274271	0	0	0	0.715183	0.0134183	0.274271
138428	-0.825855	0.170343	0.132256	0	0.170343	0.132256	0.825855	0	0
51651	-0.397896	0.655505	0.218996	0	0.655505	0.218996	0.397896	0	0
391356	-0.677094	0.358275	-0.15059	0	0.358275	0	0.677094	0	0.15059
5805	-0.708761	0.292753	-0.0610212	0	0.292753	0	0.708761	0	0.0610212
9232	0.279287	-0.284087	0.184486	0.279287	0	0.184486	0	0.284087	0
754	-0.555266	0.0626168	-0.520385	0	0.0626168	0	0.555266	0	0.520385
10744	0.303535	-0.319513	0.134162	0.303535	0	0.134162	0	0.319513	0
5806	0.71176	-0.107215	-0.131958	0.71176	0	0	0	0.107215	0.131958
8226	0.451166	-0.44088	-0.0888351	0.451166	0	0	0	0.44088	0.0888351
22827	-0.657302	0.112401	-0.188984	0	0.112401	0	0.657302	0	0.188984
9698	-0.638103	-0.141489	0.267025	0	0	0.267025	0.638103	0.141489	0
9933	-0.535275	0.271789	0.020558	0	0.271789	0.020558	0.535275	0	0
5813	0.721966	-0.0356236	-0.123795	0.721966	0	0	0	0.0356236	0.123795
5814	0.46544	-0.39695	0.361599	0.46544	0	0.361599	0	0.39695	0
29942	-0.441022	-0.423751	0.151367	0	0	0.151367	0.441022	0.423751	0
80324	0.153731	-0.596742	0.152489	0.153731	0	0.152489	0	0.596742	0
83448	-0.604032	-0.379871	-0.0884661	0	0	0	0.604032	0.379871	0.0884661
126789	-0.762077	0.107086	0.20764	0	0.107086	0.20764	0.762077	0	0
5816	0.89097	0.326369	0.132915	0.89097	0.326369	0.132915	0	0	0
5817	0.492296	-0.0770495	0.068167	0.492296	0	0.068167	0	0.0770495	0
11137	-0.790801	0.0785197	0.109567	0	0.0785197	0.109567	0.790801	0	0
7837	-0.154167	-0.708277	-0.10006	0	0	0	0.154167	0.708277	0.10006
137902	0.722024	-0.0299329	-0.313963	0.722024	0	0	0	0.0299329	0.313963
11264	-0.708177	0.106562	0.0419364	0	0.106562	0.0419364	0.708177	0	0
5829	0.344106	-0.291834	-0.442862	0.344106	0	0	0	0.291834	0.442862
100506649	-0.443942	0.062884	-0.125844	0	0.062884	0	0.443942	0	0.125844
92370	0.780284	-0.298353	-0.0660474	0.780284	0	0	0	0.298353	0.0660474
29108	-0.763896	-0.178397	-0.0108511	0	0	0	0.763896	0.178397	0.0108511
5831	-0.829003	0.18302	-0.0215323	0	0.18302	0	0.829003	0	0.0215323
65263	-0.847657	0.196976	0.0498392	0	0.196976	0.0498392	0.847657	0	0
260434	-0.912392	-0.243871	0.107609	0	0	0.107609	0.912392	0.243871	0
5836	-0.890231	-0.0271066	-0.0366406	0	0	0	0.890231	0.0271066	0.0366406
26108	-0.234915	-0.13596	-0.562183	0	0	0	0.234915	0.13596	0.562183
90780	-0.673882	-0.129954	0.172198	0	0	0.172198	0.673882	0.129954	0
79912	0.591062	0.144218	-0.155859	0.591062	0.144218	0	0	0	0.155859
5860	0.451992	0.333784	-0.428899	0.451992	0.333784	0	0	0	0.428899
25797	0.348354	0.449518	0.494821	0.348354	0.449518	0.494821	0	0	0
23475	-0.134635	0.482622	-0.164641	0	0.482622	0	0.134635	0	0.164641
84109	0.671863	-0.0350786	-0.294199	0.671863	0	0	0	0.0350786	0.294199
79691	0.428522	-0.197555	-0.252186	0.428522	0	0	0	0.197555	0.252186
23518	0.321755	-0.286244	0.317837	0.321755	0	0.317837	0	0.286244	0
91300	-0.494194	-0.526633	0.123308	0	0	0.123308	0.494194	0.526633	0
8766	-0.380143	0.643241	0.0248216	0	0.643241	0.0248216	0.380143	0	0
9230	0.651304	-0.0206643	-0.142841	0.651304	0	0	0	0.0206643	0.142841
80223	-0.536257	-0.22815	0.349626	0	0	0.349626	0.536257	0.22815	0
84440	-0.424832	-0.24586	0.242402	0	0	0.242402	0.424832	0.24586	0
26056	0.700098	0.387046	0.122239	0.700098	0.387046	0.122239	0	0	0
5872	-0.487705	-0.00455319	-0.295178	0	0	0	0.487705	0.00455319	0.295178
51715	-0.758269	-0.103755	0.0168115	0	0	0.0168115	0.758269	0.103755	0
53917	0.717744	-0.297422	0.120423	0.717744	0	0.120423	0	0.297422	0
5874	-0.907653	0.00254066	0.201916	0	0.00254066	0.201916	0.907653	0	0
8934	-0.313721	0.34039	-0.476564	0	0.34039	0	0.313721	0	0.476564
11031	-0.527936	0.171757	-0.256828	0	0.171757	0	0.527936	0	0.256828
10981	-0.730868	0.0997025	-0.11853	0	0.0997025	0	0.730868	0	0.11853
83871	-0.669201	0.0277818	-0.1146	0	0.0277818	0	0.669201	0	0.1146
11021	-0.76173	0.367434	0.0698925	0	0.367434	0.0698925	0.76173	0	0
9609	-0.897086	0.13212	0.152429	0	0.13212	0.152429	0.897086	0	0
326624	0.856226	0.430502	-0.0746743	0.856226	0.430502	0	0	0	0.0746743
54734	-0.270321	0.491044	0.0972421	0	0.491044	0.0972421	0.270321	0	0
5865	-0.649216	-0.466659	-0.152577	0	0	0	0.649216	0.466659	0.152577
115827	-0.601876	0.563501	0.225803	0	0.563501	0.225803	0.601876	0	0
9545	-0.186183	0.308995	0.15901	0	0.308995	0.15901	0.186183	0	0
22930	-0.765375	0.0229691	0.174503	0	0.0229691	0.174503	0.765375	0	0
25782	0.733697	0.304545	-0.0198976	0.733697	0.304545	0	0	0	0.0198976
117177	-0.400934	0.165625	-0.606375	0	0.165625	0	0.400934	0	0.606375
282808	0.611489	-0.295482	0.0772879	0.611489	0	0.0772879	0	0.295482	0
10966	-0.649933	-0.225701	0.0705054	0	0	0.0705054	0.649933	0.225701	0
57799	0.565825	-0.0739431	0.475087	0.565825	0	0.475087	0	0.0739431	0
51762	-0.747379	0.0310364	-0.0489399	0	0.0310364	0	0.747379	0	0.0489399
9367	0.0941616	0.220234	-0.451728	0.0941616	0.220234	0	0	0	0.451728
10567	-0.557786	0.345931	0.0806442	0	0.345931	0.0806442	0.557786	0	0
79874	0.590923	0.262848	-0.459991	0.590923	0.262848	0	0	0	0.459991
10244	0.33393	0.516738	0.331005	0.33393	0.516738	0.331005	0	0	0
27342	0.599428	0.144826	0.286379	0.599428	0.144826	0.286379	0	0	0
5877	-0.464204	0.475233	0.316188	0	0.475233	0.316188	0.464204	0	0
11159	0.398681	-0.0823873	0.301548	0.398681	0	0.301548	0	0.0823873	0
5880	-0.74012	0.0787891	0.0261959	0	0.0787891	0.0261959	0.74012	0	0
29127	0.579556	-0.0742125	0.0693043	0.579556	0	0.0693043	0	0.0742125	0
5810	-0.293015	0.129169	0.331562	0	0.129169	0.331562	0.293015	0	0
5884	-0.641342	-0.0860294	-0.122088	0	0	0	0.641342	0.0860294	0.122088
5893	0.466867	-0.352781	-0.0774183	0.466867	0	0	0	0.352781	0.0774183
25788	0.924105	0.0232811	0.104446	0.924105	0.0232811	0.104446	0	0	0
55698	0.629505	-0.277338	0.0790448	0.629505	0	0.0790448	0	0.277338	0
8480	-0.68827	-0.176642	0.121437	0	0	0.121437	0.68827	0.176642	0
100652739	-0.873265	-0.108558	0.0877906	0	0	0.0877906	0.873265	0.108558	0
10743	0.51529	-0.401456	0.260537	0.51529	0	0.260537	0	0.401456	0
5899	0.803141	0.108572	-0.114762	0.803141	0.108572	0	0	0	0.114762
10928	-0.197335	0.372481	0.3418	0	0.372481	0.3418	0.197335	0	0
253959	0.595387	-0.0693761	0.0319407	0.595387	0	0.0319407	0	0.0693761	0
57186	0.577217	-0.39654	-0.246372	0.577217	0	0	0	0.39654	0.246372
55103	-0.736782	-0.0847814	-0.0247034	0	0	0	0.736782	0.0847814	0.0247034
22913	0.541554	0.378569	0.0695572	0.541554	0.378569	0.0695572	0	0	0
10268	0.423611	0.564664	-0.439061	0.423611	0.564664	0	0	0	0.439061
5901	-0.738762	0.00644293	0.100533	0	0.00644293	0.100533	0.738762	0	0
64901	0.691314	-0.17477	0.139359	0.691314	0	0.139359	0	0.17477	0
5903	0.450015	0.470059	0.270267	0.450015	0.470059	0.270267	0	0	0
202151	-0.59017	-0.0383387	-0.0508898	0	0	0	0.59017	0.0383387	0.0508898
26953	0.675679	0.148729	0.102813	0.675679	0.148729	0.102813	0	0	0
10048	0.104833	0.553655	0.479253	0.104833	0.553655	0.479253	0	0	0
5908	-0.720986	0.145117	-0.342576	0	0.145117	0	0.720986	0	0.342576
5909	-0.735714	-0.0670233	-0.00196016	0	0	0	0.735714	0.0670233	0.00196016
23108	-0.277027	-0.36625	0.130409	0	0	0.130409	0.277027	0.36625	0
5910	0.244035	0.294617	-0.0374964	0.244035	0.294617	0	0	0	0.0374964
5912	-0.9591	-0.0934665	0.0802305	0	0	0.0802305	0.9591	0.0934665	0
9693	0.170696	0.0419671	0.82567	0.170696	0.0419671	0.82567	0	0	0
11069	-0.793766	-0.112316	0.14767	0	0	0.14767	0.793766	0.112316	0
9771	0.559296	0.457224	-0.0858755	0.559296	0.457224	0	0	0	0.0858755
51735	0.554855	-0.486816	0.0423852	0.554855	0	0.0423852	0	0.486816	0
65059	-0.708727	0.199876	0.263918	0	0.199876	0.263918	0.708727	0	0
5915	0.620336	-0.236964	0.570266	0.620336	0	0.570266	0	0.236964	0
5918	-0.0307254	0.393777	-0.529893	0	0.393777	0	0.0307254	0	0.529893
22821	0.300597	-0.637416	-0.122247	0.300597	0	0	0	0.637416	0.122247
8437	-0.896812	-0.109748	0.144564	0	0	0.144564	0.896812	0.109748	0
9462	0.107537	-0.494568	0.454456	0.107537	0	0.454456	0	0.494568	0
64926	-0.649524	0.0651918	-0.294526	0	0.0651918	0	0.649524	0	0.294526
51655	0.0823834	0.240336	0.66174	0.0823834	0.240336	0.66174	0	0	0
23551	0.752665	-0.256642	0.219006	0.752665	0	0.219006	0	0.256642	0
221002	-0.683824	-0.110949	0.147915	0	0	0.147915	0.683824	0.110949	0
153020	-0.307738	-0.640094	0.0639246	0	0	0.0639246	0.307738	0.640094	0
255426	-0.83357	0.330076	-0.0416272	0	0.330076	0	0.83357	0	0.0416272
5923	0.729953	0.135537	-0.1457	0.729953	0.135537	0	0	0	0.1457
5924	-0.113315	0.496615	0.391695	0	0.496615	0.391695	0.113315	0	0
10125	-0.378143	0.467888	-0.0259879	0	0.467888	0	0.378143	0	0.0259879
10235	0.617529	0.411773	0.167622	0.617529	0.411773	0.167622	0	0	0
25780	0.11487	0.166526	-0.522936	0.11487	0.166526	0	0	0	0.522936
54922	0.289398	-0.616156	0.450001	0.289398	0	0.450001	0	0.616156	0
10633	-0.845449	-0.035868	0.0687305	0	0	0.0687305	0.845449	0.035868	0
387496	0.319484	0.248906	-0.444225	0.319484	0.248906	0	0	0	0.444225
65997	-0.743778	0.0429365	0.530834	0	0.0429365	0.530834	0.743778	0	0
9770	0.324438	0.270861	-0.57224	0.324438	0.270861	0	0	0	0.57224
283349	-0.143308	0.276949	-0.209243	0	0.276949	0	0.143308	0	0.209243
83937	0.828312	-0.269891	-0.181134	0.828312	0	0	0	0.269891	0.181134
83593	0.335909	0.606812	0.206828	0.335909	0.606812	0.206828	0	0	0
11228	0.566201	0.177814	-0.557673	0.566201	0.177814	0	0	0	0.557673
100506451	0.475594	-0.0323001	-0.508165	0.475594	0	0	0	0.0323001	0.508165
55225	-0.906942	-0.0121959	0.0594768	0	0	0.0594768	0.906942	0.0121959	0
57786	0.481335	-0.143888	0.0854514	0.481335	0	0.0854514	0	0.143888	0
5928	0.818337	-0.271403	0.0905995	0.818337	0	0.0905995	0	0.271403	0
5930	0.0996243	-0.463957	0.141755	0.0996243	0	0.141755	0	0.463957	0
5931	-0.777104	0.0962101	0.0604959	0	0.0962101	0.0604959	0.777104	0	0
54715	0.618171	0.00784408	0.528393	0.618171	0.00784408	0.528393	0	0	0
23543	0.490175	-0.450172	0.100523	0.490175	0	0.100523	0	0.450172	0
146713	0.674953	0.0500993	0.39156	0.674953	0.0500993	0.39156	0	0	0
64080	0.27759	0.36008	-0.415051	0.27759	0.36008	0	0	0	0.415051
5934	0.234459	-0.486995	-0.179284	0.234459	0	0	0	0.486995	0.179284
10432	0.506147	-0.452738	0.0449954	0.506147	0	0.0449954	0	0.452738	0
64783	0.550474	-0.118408	0.0924149	0.550474	0	0.0924149	0	0.118408	0
282996	0.416196	0.415298	-0.0806686	0.416196	0.415298	0	0	0	0.0806686
55696	0.201809	-0.386389	0.0754267	0.201809	0	0.0754267	0	0.386389	0
221662	-0.493031	-0.236449	0.390758	0	0	0.390758	0.493031	0.236449	0
58517	0.119731	-0.546171	0.118705	0.119731	0	0.118705	0	0.546171	0
64062	-0.189648	-0.256925	0.200133	0	0	0.200133	0.189648	0.256925	0
54439	0.295723	-0.655062	-0.038123	0.295723	0	0	0	0.655062	0.038123
5935	-0.37372	-0.269541	-0.00209624	0	0	0	0.37372	0.269541	0.00209624
9584	0.169339	-0.546613	-0.32361	0.169339	0	0	0	0.546613	0.32361
5936	-0.46518	-0.486134	0.0993792	0	0	0.0993792	0.46518	0.486134	0
84060	0.533103	-0.351096	0.119722	0.533103	0	0.119722	0	0.351096	0
83759	0.48644	-0.297914	-0.210041	0.48644	0	0	0	0.297914	0.210041
10181	-0.46478	-0.389176	-0.0474476	0	0	0	0.46478	0.389176	0.0474476
10179	0.527587	-0.530061	-0.079472	0.527587	0	0	0	0.530061	0.079472
9939	-0.793958	0.33249	0.0172146	0	0.33249	0.0172146	0.793958	0	0
5937	0.738408	0.397539	-0.137397	0.738408	0.397539	0	0	0	0.137397
27303	0.269608	0.231315	-0.351917	0.269608	0.231315	0	0	0	0.351917
5947	-0.17978	0.405486	-0.272786	0	0.405486	0	0.17978	0	0.272786
5950	-0.9022	0.161859	0.155881	0	0.161859	0.155881	0.9022	0	0
116362	0.329091	0.0891643	-0.397459	0.329091	0.0891643	0	0	0	0.397459
3516	0.457907	0.00686708	-0.219135	0.457907	0.00686708	0	0	0	0.219135
348093	0.216767	0.648746	-0.193047	0.216767	0.648746	0	0	0	0.193047
1827	0.514023	-0.283593	0.0938392	0.514023	0	0.0938392	0	0.283593	0
10231	0.820758	0.457935	0.0662697	0.820758	0.457935	0.0662697	0	0	0
55213	0.36681	0.135614	-0.288059	0.36681	0.135614	0	0	0	0.288059
1102	-0.419152	0.0503226	-0.373365	0	0.0503226	0	0.419152	0	0.373365
1104	0.625152	-0.103015	0.0169056	0.625152	0	0.0169056	0	0.103015	0
81554	0.497135	-0.506738	-0.0166765	0.497135	0	0	0	0.506738	0.0166765
55920	0.79884	0.0583788	-0.162823	0.79884	0.0583788	0	0	0	0.162823
91433	0.573673	0.240817	-0.246748	0.573673	0.240817	0	0	0	0.246748
10171	0.519198	0.0253115	-0.332037	0.519198	0.0253115	0	0	0	0.332037
5954	-0.620083	-0.0631676	0.448558	0	0	0.448558	0.620083	0.0631676	0
5955	-0.762101	0.0109796	0.0917708	0	0.0109796	0.0917708	0.762101	0	0
57333	0.622991	-0.200256	0.329435	0.622991	0	0.329435	0	0.200256	0
55758	0.73379	-0.175624	-0.167273	0.73379	0	0	0	0.175624	0.167273
92241	0.0901834	-0.187852	0.691795	0.0901834	0	0.691795	0	0.187852	0
157506	-0.602852	0.169549	-0.121041	0	0.169549	0	0.602852	0	0.121041
51109	-0.213402	0.506629	0.0857326	0	0.506629	0.0857326	0.213402	0	0
145226	0.128976	0.52859	0.363956	0.128976	0.52859	0.363956	0	0	0
5959	0.572067	-0.416535	-0.190997	0.572067	0	0	0	0.416535	0.190997
9401	0.311634	0.200286	0.292781	0.311634	0.200286	0.292781	0	0	0
9400	0.28681	0.251859	-0.43041	0.28681	0.251859	0	0	0	0.43041
51308	0.502773	0.526455	0.0177654	0.502773	0.526455	0.0177654	0	0	0
221035	0.341726	0.0323588	-0.483257	0.341726	0.0323588	0	0	0	0.483257
7905	0.19739	0.203729	0.375395	0.19739	0.203729	0.375395	0	0	0
92840	0.605661	0.19785	0.0199198	0.605661	0.19785	0.0199198	0	0	0
5971	0.0862702	0.195787	0.338296	0.0862702	0.195787	0.338296	0	0	0
768211	0.28563	0.318163	-0.569676	0.28563	0.318163	0	0	0	0.569676
285613	0.863743	0.380982	0.0754102	0.863743	0.380982	0.0754102	0	0	0
5649	-0.452524	-0.204864	0.0357407	0	0	0.0357407	0.452524	0.204864	0
84957	0.885617	0.0986578	-0.173015	0.885617	0.0986578	0	0	0	0.173015
29803	0.749372	0.14211	-0.154034	0.749372	0.14211	0	0	0	0.154034
85021	0.709074	-0.210775	0.0571966	0.709074	0	0.0571966	0	0.210775	0
11079	-0.746244	0.458547	-0.0930324	0	0.458547	0	0.746244	0	0.0930324
85004	0.439248	0.131221	-0.268276	0.439248	0.131221	0	0	0	0.268276
79785	0.657242	0.236101	-0.350652	0.657242	0.236101	0	0	0	0.350652
389075	-0.556595	0.30633	-0.272126	0	0.30633	0	0.556595	0	0.272126
5979	0.873825	0.275922	-0.00972535	0.873825	0.275922	0	0	0	0.00972535
54463	-0.31957	0.310782	0.395792	0	0.310782	0.395792	0.31957	0	0
79137	-0.149578	0.584011	0.319432	0	0.584011	0.319432	0.149578	0	0
51455	0.0242021	-0.639803	-0.0770049	0.0242021	0	0	0	0.639803	0.0770049
5980	0.123552	-0.621571	-0.141552	0.123552	0	0	0	0.621571	0.141552
25996	-0.111148	0.70433	-0.228721	0	0.70433	0	0.111148	0	0.228721
81691	-0.5481	-0.309114	0.234609	0	0	0.234609	0.5481	0.309114	0
5983	-0.761432	0.01281	0.0672214	0	0.01281	0.0672214	0.761432	0	0
5985	-0.192737	-0.448756	-0.057146	0	0	0	0.192737	0.448756	0.057146
55312	-0.733614	0.290171	0.185001	0	0.290171	0.185001	0.733614	0	0
359845	-0.0141785	0.576892	0.0174468	0	0.576892	0.0174468	0.0141785	0	0
5988	0.831491	0.0187356	0.326367	0.831491	0.0187356	0.326367	0	0	0
10739	0.85167	0.0656365	0.290173	0.85167	0.0656365	0.290173	0	0	0
10738	0.504113	0.165725	0.445588	0.504113	0.165725	0.445588	0	0	0
23180	-0.110606	-0.187768	0.835638	0	0	0.835638	0.110606	0.187768	0
5989	-0.0161265	-0.56706	0.0227873	0	0	0.0227873	0.0161265	0.56706	0
5990	-0.453646	-0.334249	-0.0838758	0	0	0	0.453646	0.334249	0.0838758
5991	-0.485947	-0.241935	0.365521	0	0	0.365521	0.485947	0.241935	0
5993	0.832084	0.133282	-0.0898324	0.832084	0.133282	0	0	0	0.0898324
731220	0.755145	-0.148733	0.326053	0.755145	0	0.326053	0	0.148733	0
8625	-0.182422	0.474016	-0.355852	0	0.474016	0	0.182422	0	0.355852
5994	-0.0454334	-0.737787	-0.0258411	0	0	0	0.0454334	0.737787	0.0258411
56963	0.250519	0.26607	-0.398855	0.250519	0.26607	0	0	0	0.398855
285704	-0.831483	-0.0791696	0.164536	0	0	0.164536	0.831483	0.0791696	0
9104	-0.281274	0.407034	-0.473003	0	0.407034	0	0.281274	0	0.473003
653489	0.700039	-0.285584	0.0333762	0.700039	0	0.0333762	0	0.285584	0
285190	0.725331	-0.273454	0.0566735	0.725331	0	0.0566735	0	0.273454	0
5996	-0.188705	0.0903594	-0.501078	0	0.0903594	0	0.188705	0	0.501078
6001	-0.65751	0.155795	-0.234241	0	0.155795	0	0.65751	0	0.234241
6002	-0.166821	-0.218552	0.264647	0	0	0.264647	0.166821	0.218552	0
10636	-0.695748	-0.357632	0.196134	0	0	0.196134	0.695748	0.357632	0
6004	0.272744	-0.121335	-0.0326115	0.272744	0	0	0	0.121335	0.0326115
26575	-0.454074	-0.0995516	0.334305	0	0	0.334305	0.454074	0.0995516	0
64407	-0.656402	0.0955809	-0.175884	0	0.0955809	0	0.656402	0	0.175884
5997	0.33335	-0.0514129	-0.380484	0.33335	0	0	0	0.0514129	0.380484
8601	-0.803671	0.00136913	0.0208692	0	0.00136913	0.0208692	0.803671	0	0
26166	-0.832401	-0.312291	-0.0589435	0	0	0	0.832401	0.312291	0.0589435
5998	0.170171	0.419032	-0.119124	0.170171	0.419032	0	0	0	0.119124
5999	-0.622379	0.437739	0.42804	0	0.437739	0.42804	0.622379	0	0
8490	0.36997	0.43354	-0.0030383	0.36997	0.43354	0	0	0	0.0030383
9628	0.775019	-0.199275	0.366455	0.775019	0	0.366455	0	0.199275	0
6000	0.585118	-0.367408	0.447874	0.585118	0	0.447874	0	0.367408	0
401190	0.105568	-0.212931	0.210154	0.105568	0	0.210154	0	0.212931	0
85397	-0.36873	-0.568842	0.0908213	0	0	0.0908213	0.36873	0.568842	0
8787	-0.565982	0.0391911	-0.44078	0	0.0391911	0	0.565982	0	0.44078
57414	-0.896877	0.0593493	0.19683	0	0.0593493	0.19683	0.896877	0	0
79651	-0.646916	-0.0410377	-0.36081	0	0	0	0.646916	0.0410377	0.36081
54933	0.296464	0.197975	-0.490383	0.296464	0.197975	0	0	0	0.490383
162494	0.953259	0.207831	-0.0185635	0.953259	0.207831	0	0	0	0.0185635
6006	-0.383479	0.170385	-0.159962	0	0.170385	0	0.383479	0	0.159962
51458	-0.351222	0.345576	0.161875	0	0.345576	0.161875	0.351222	0	0
121268	-0.370017	0.270405	0.634182	0	0.270405	0.634182	0.370017	0	0
387	-0.600368	0.0269522	-0.348616	0	0.0269522	0	0.600368	0	0.348616
9886	0.759507	0.0193112	-0.0956161	0.759507	0.0193112	0	0	0	0.0956161
23221	0.847128	0.417435	-0.0804218	0.847128	0.417435	0	0	0	0.0804218
389	-0.840703	-0.0373751	-0.182255	0	0	0	0.840703	0.0373751	0.182255
54509	0.00792358	0.727366	0.0627781	0.00792358	0.727366	0.0627781	0	0	0
391	0.245034	0.250726	-0.39967	0.245034	0.250726	0	0	0	0.39967
57381	-0.649704	0.246654	-0.0527133	0	0.246654	0	0.649704	0	0.0527133
23433	0.566324	0.248032	-0.147033	0.566324	0.248032	0	0	0	0.147033
171177	0.236867	0.366096	-0.130232	0.236867	0.366096	0	0	0	0.130232
85415	-0.590113	-0.122692	-0.215604	0	0	0	0.590113	0.122692	0.215604
60626	-0.878404	0.181778	0.14371	0	0.181778	0.14371	0.878404	0	0
253260	0.76629	0.0214424	-0.0825744	0.76629	0.0214424	0	0	0	0.0825744
10247	-0.404189	0.167401	-0.108465	0	0.167401	0	0.404189	0	0.108465
55183	0.376692	-0.490106	-0.0209174	0.376692	0	0	0	0.490106	0.0209174
284485	-0.912005	0.00970664	0.083952	0	0.00970664	0.083952	0.912005	0	0
83547	0.736252	0.612878	-0.0205256	0.736252	0.612878	0	0	0	0.0205256
353116	-0.695477	-0.0679674	-0.100978	0	0	0	0.695477	0.0679674	0.100978
196383	-0.924552	-0.0514615	0.152148	0	0	0.152148	0.924552	0.0514615	0
23504	-0.813005	-0.212373	0.287259	0	0	0.287259	0.813005	0.212373	0
284716	0.757768	0.574866	0.00287495	0.757768	0.574866	0.00287495	0	0	0
57494	-0.567453	-0.064475	-0.229388	0	0	0	0.567453	0.064475	0.229388
22999	-0.446558	0.0992991	0.396618	0	0.0992991	0.396618	0.446558	0	0
9699	0.527874	-0.410279	0.159411	0.527874	0	0.159411	0	0.410279	0
9783	0.494147	0.183328	0.487225	0.494147	0.183328	0.487225	0	0	0
140730	0.508105	-0.273106	-0.02742	0.508105	0	0	0	0.273106	0.02742
9610	-0.693534	-0.380298	0.23701	0	0	0.23701	0.693534	0.380298	0
6015	0.506822	-0.169939	0.156293	0.506822	0	0.156293	0	0.169939	0
126432	0.339844	0.508	-0.214388	0.339844	0.508	0	0	0	0.214388
84864	-0.80584	0.279705	-0.00924989	0	0.279705	0	0.80584	0	0.00924989
8767	-0.82857	-0.0717511	0.0785078	0	0	0.0785078	0.82857	0.0717511	0
9750	-0.97382	0.00438586	0.064947	0	0.00438586	0.064947	0.97382	0	0
6016	-0.383204	0.625649	-0.347148	0	0.625649	0	0.383204	0	0.347148
6014	-0.41827	0.685147	0.0346825	0	0.685147	0.0346825	0.41827	0	0
84934	-0.534289	0.243923	0.334941	0	0.243923	0.334941	0.534289	0	0
6017	-0.526465	-0.159648	0.166108	0	0	0.166108	0.526465	0.159648	0
51132	-0.131406	-0.459854	-0.161192	0	0	0	0.131406	0.459854	0.161192
29919	0.597254	-0.184147	-0.051959	0.597254	0	0	0	0.184147	0.051959
151393	0.416765	-0.302614	0.50534	0.416765	0	0.50534	0	0.302614	0
80010	0.782981	-0.0385711	-0.276415	0.782981	0	0	0	0.0385711	0.276415
116028	-0.791039	-0.225397	0.36471	0	0	0.36471	0.791039	0.225397	0
55005	0.578722	-0.28344	-0.068057	0.578722	0	0	0	0.28344	0.068057
64795	0.742815	-0.333483	0.232089	0.742815	0	0.232089	0	0.333483	0
6035	0.287491	0.181665	-0.318731	0.287491	0.181665	0	0	0	0.318731
6039	-0.699728	0.0271033	-0.133679	0	0.0271033	0	0.699728	0	0.133679
246243	-0.507825	0.0754399	0.0763133	0	0.0754399	0.0763133	0.507825	0	0
10535	-0.83976	-0.0974342	-0.0970758	0	0	0	0.83976	0.0974342	0.0970758
79621	-0.116526	-0.173388	0.351229	0	0	0.351229	0.116526	0.173388	0
84153	-0.816775	0.049795	-0.0889847	0	0.049795	0	0.816775	0	0.0889847
8635	-0.702372	0.060387	-0.217863	0	0.060387	0	0.702372	0	0.217863
8153	0.601036	0.0468748	0.188205	0.601036	0.0468748	0.188205	0	0	0
26994	-0.684599	0.138954	0.313453	0	0.138954	0.313453	0.684599	0	0
7737	0.777416	0.112859	0.0363786	0.777416	0.112859	0.0363786	0	0	0
79589	-0.219478	0.706337	0.0452455	0	0.706337	0.0452455	0.219478	0	0
11342	0.345448	0.26969	-0.408709	0.345448	0.26969	0	0	0	0.408709
55819	0.228508	0.172913	-0.519371	0.228508	0.172913	0	0	0	0.519371
84282	-0.438395	0.117191	-0.433232	0	0.117191	0	0.438395	0	0.433232
50862	0.160794	0.585271	-0.331004	0.160794	0.585271	0	0	0	0.331004
9781	0.59105	-0.496324	0.0241289	0.59105	0	0.0241289	0	0.496324	0
255488	0.492356	0.310473	-0.117282	0.492356	0.310473	0	0	0	0.117282
57484	-0.901223	0.0830686	0.11733	0	0.0830686	0.11733	0.901223	0	0
220441	-0.0828941	0.569581	-0.525672	0	0.569581	0	0.0828941	0	0.525672
114804	0.842328	0.302543	0.00297001	0.842328	0.302543	0.00297001	0	0	0
165918	0.782676	0.0429994	-0.111437	0.782676	0.0429994	0	0	0	0.111437
51255	-0.74045	0.199489	0.0168495	0	0.199489	0.0168495	0.74045	0	0
221687	-0.233686	0.31254	-0.0978051	0	0.31254	0	0.233686	0	0.0978051
6045	-0.671525	-0.0558187	0.278854	0	0	0.278854	0.671525	0.0558187	0
727800	0.680123	0.15068	0.0705569	0.680123	0.15068	0.0705569	0	0	0
285498	-0.0419021	-0.260898	-0.51815	0	0	0	0.0419021	0.260898	0.51815
154214	0.387723	-0.0815978	-0.118094	0.387723	0	0	0	0.0815978	0.118094
55182	0.671912	0.262487	0.162531	0.671912	0.262487	0.162531	0	0	0
79102	0.569326	0.478594	0.307509	0.569326	0.478594	0.307509	0	0	0
54894	-0.538627	0.0998969	0.1824	0	0.0998969	0.1824	0.538627	0	0
6048	-0.72971	0.276269	-0.0784982	0	0.276269	0	0.72971	0	0.0784982
9616	-0.788212	0.00521461	0.0855421	0	0.00521461	0.0855421	0.788212	0	0
8732	-0.687091	0.18032	0.330389	0	0.18032	0.330389	0.687091	0	0
55328	0.696086	-0.203075	0.355459	0.696086	0	0.355459	0	0.203075	0
6091	-0.798193	0.0285088	-0.0176497	0	0.0285088	0	0.798193	0	0.0176497
6092	-0.766878	0.263056	-0.0253696	0	0.263056	0	0.766878	0	0.0253696
64221	-0.2765	-0.0995415	-0.38828	0	0	0	0.2765	0.0995415	0.38828
54538	0.368699	0.512186	-0.163782	0.368699	0.512186	0	0	0	0.163782
6093	0.516045	-0.435442	-0.176256	0.516045	0	0	0	0.435442	0.176256
9475	0.683332	0.209263	0.272616	0.683332	0.209263	0.272616	0	0	0
6094	-0.48741	0.161928	-0.547444	0	0.161928	0	0.48741	0	0.547444
83853	0.50514	0.419778	-0.180957	0.50514	0.419778	0	0	0	0.180957
6095	0.886538	-0.139946	0.140832	0.886538	0	0.140832	0	0.139946	0
6096	0.768689	-0.37738	0.366699	0.768689	0	0.366699	0	0.37738	0
6100	0.673079	0.00334235	0.0135908	0.673079	0.00334235	0.0135908	0	0	0
6118	-0.854846	-0.12148	0.0870876	0	0	0.0870876	0.854846	0.12148	0
29935	-0.0407238	-0.108539	-0.0893796	0	0	0	0.0407238	0.108539	0.0893796
84268	-0.671025	0.183159	-0.0800002	0	0.183159	0	0.671025	0	0.0800002
79657	-0.610019	0.256237	0.0302151	0	0.256237	0.0302151	0.610019	0	0
6103	0.804849	-0.268058	-0.167391	0.804849	0	0	0	0.268058	0.167391
22895	0.614274	0.298483	0.361966	0.614274	0.298483	0.361966	0	0	0
9501	-0.316161	0.760672	0.0502031	0	0.760672	0.0502031	0.316161	0	0
22934	0.23536	-0.420788	0.0870433	0.23536	0	0.0870433	0	0.420788	0
4736	-0.662653	-0.0449211	-0.132303	0	0	0	0.662653	0.0449211	0.132303
6136	-0.846081	-0.0424084	-0.126129	0	0	0	0.846081	0.0424084	0.126129
6137	-0.154336	-0.291664	-0.217587	0	0	0	0.154336	0.291664	0.217587
6138	0.696306	-0.152389	0.195946	0.696306	0	0.195946	0	0.152389	0
6141	-0.423305	-0.145021	-0.118616	0	0	0	0.423305	0.145021	0.118616
6147	-0.699173	-0.0161623	-0.0402453	0	0	0	0.699173	0.0161623	0.0402453
6152	-0.575654	0.0625854	-0.0156222	0	0.0625854	0	0.575654	0	0.0156222
6154	-0.512357	-0.101837	-0.0776325	0	0	0	0.512357	0.101837	0.0776325
6155	-0.614305	0.0251716	0.0591188	0	0.0251716	0.0591188	0.614305	0	0
6157	-0.792949	0.0319085	-0.168662	0	0.0319085	0	0.792949	0	0.168662
6159	-0.684395	0.189194	-0.0553646	0	0.189194	0	0.684395	0	0.0553646
6160	-0.575777	-0.00541543	0.0813919	0	0	0.0813919	0.575777	0.00541543	0
6161	-0.677866	-0.091321	-0.080407	0	0	0	0.677866	0.091321	0.080407
11224	-0.672557	-0.04682	-0.00113222	0	0	0	0.672557	0.04682	0.00113222
25873	-0.804673	-0.0976913	0.0148893	0	0	0.0148893	0.804673	0.0976913	0
6167	-0.512815	-0.20314	-0.19348	0	0	0	0.512815	0.20314	0.19348
6168	-0.520045	-0.269741	-0.0975701	0	0	0	0.520045	0.269741	0.0975701
6169	-0.432164	-0.154035	-0.0700598	0	0	0	0.432164	0.154035	0.0700598
6170	-0.588838	-0.039007	-0.261161	0	0	0	0.588838	0.039007	0.261161
116832	-0.764301	-0.3302	0.247753	0	0	0.247753	0.764301	0.3302	0
6171	-0.733414	0.0196016	0.0196736	0	0.0196016	0.0196736	0.733414	0	0
6132	-0.525182	0.198656	-0.0482479	0	0.198656	0	0.525182	0	0.0482479
6133	-0.202239	-0.132562	-0.034958	0	0	0	0.202239	0.132562	0.034958
6176	-0.580448	-0.133647	-0.165802	0	0	0	0.580448	0.133647	0.165802
6185	-0.648725	-0.32149	-0.265956	0	0	0	0.648725	0.32149	0.265956
54913	0.664639	0.270296	0.0900438	0.664639	0.270296	0.0900438	0	0	0
138716	0.293628	0.608402	0.0475903	0.293628	0.608402	0.0475903	0	0	0
10557	0.281697	0.218571	-0.261804	0.281697	0.218571	0	0	0	0.261804
56475	-0.330891	-0.245965	0.281799	0	0	0.281799	0.330891	0.245965	0
388394	0.17046	-0.348876	0.372033	0.17046	0	0.372033	0	0.348876	0
6204	-0.728223	0.045697	-0.114588	0	0.045697	0	0.728223	0	0.114588
6205	-0.44861	-0.072501	-0.0796186	0	0	0	0.44861	0.072501	0.0796186
6222	-0.706425	-0.0190186	-0.0745522	0	0	0	0.706425	0.0190186	0.0745522
6223	-0.561074	-0.0563414	-0.120739	0	0	0	0.561074	0.0563414	0.120739
91582	-0.0940304	0.636487	-0.0113325	0	0.636487	0	0.0940304	0	0.0113325
6187	-0.536259	0.230387	-0.0801793	0	0.230387	0	0.536259	0	0.0801793
6224	-0.603	0.0806386	-0.143345	0	0.0806386	0	0.603	0	0.143345
6227	-0.386759	-0.0307528	-0.0848355	0	0	0	0.386759	0.0307528	0.0848355
6229	-0.664254	-0.217093	-0.116016	0	0	0	0.664254	0.217093	0.116016
6232	-0.384448	-0.172594	-0.115137	0	0	0	0.384448	0.172594	0.115137
6188	-0.342368	-0.25695	-0.282094	0	0	0	0.342368	0.25695	0.282094
6196	-0.062194	-0.239013	-0.649831	0	0	0	0.062194	0.239013	0.649831
6197	0.804392	-0.189397	0.186368	0.804392	0	0.186368	0	0.189397	0
8986	-0.461408	-0.549005	0.182893	0	0	0.182893	0.461408	0.549005	0
9252	-0.094403	0.325598	-0.0764362	0	0.325598	0	0.094403	0	0.0764362
6198	0.633176	0.257734	0.191793	0.633176	0.257734	0.191793	0	0	0
6199	0.414361	-0.219967	-0.40545	0.414361	0	0	0	0.219967	0.40545
26750	0.635967	-0.0831222	0.121431	0.635967	0	0.121431	0	0.0831222	0
6202	-0.513392	-0.0801387	-0.174303	0	0	0	0.513392	0.0801387	0.174303
27079	0.612119	-0.0361866	0.318906	0.612119	0	0.318906	0	0.0361866	0
6236	0.312249	0.0323559	-0.449692	0.312249	0.0323559	0	0	0	0.449692
10325	-0.86457	-0.0319331	0.034821	0	0	0.034821	0.86457	0.0319331	0
58528	-0.721703	-0.257446	0.221947	0	0	0.221947	0.721703	0.257446	0
22800	-0.876252	-0.00839843	0.0125644	0	0	0.0125644	0.876252	0.00839843	0
6239	-0.440751	0.44574	-0.436029	0	0.44574	0	0.440751	0	0.436029
50484	0.820292	-0.0383529	-0.165091	0.820292	0	0	0	0.0383529	0.165091
23223	0.701538	0.4489	0.176011	0.701538	0.4489	0.176011	0	0	0
88745	-0.330501	0.525464	0.154934	0	0.525464	0.154934	0.330501	0	0
27341	-0.912001	0.186349	-0.0777866	0	0.186349	0	0.912001	0	0.0777866
23212	0.615053	0.303527	-0.12375	0.615053	0.303527	0	0	0	0.12375
6247	-0.695842	0.391367	-0.0425806	0	0.391367	0	0.695842	0	0.0425806
55316	0.511849	-0.605653	0.00384127	0.511849	0	0.00384127	0	0.605653	0
91543	0.530775	-0.441586	-0.205266	0.530775	0	0	0	0.441586	0.205266
222194	0.102782	-0.569553	-0.0293266	0.102782	0	0	0	0.569553	0.0293266
89765	-0.815898	-0.258292	0.00311124	0	0	0.00311124	0.815898	0.258292	0
27156	-0.616632	0.464974	-0.12003	0	0.464974	0	0.616632	0	0.12003
221421	-0.917567	-0.253887	0.116279	0	0	0.116279	0.917567	0.253887	0
340419	0.653011	-0.471876	-0.0747774	0.653011	0	0	0	0.471876	0.0747774
84870	-0.76215	-0.123534	-0.0145515	0	0	0	0.76215	0.123534	0.0145515
343637	-0.671593	0.165531	-0.270171	0	0.165531	0	0.671593	0	0.270171
51319	0.804985	0.0680581	0.00619777	0.804985	0.0680581	0.00619777	0	0	0
6251	-0.773738	0.221118	-0.25882	0	0.221118	0	0.773738	0	0.25882
83546	-0.7875	0.18227	0.0349463	0	0.18227	0.0349463	0.7875	0	0
51750	0.659812	-0.238335	0.13927	0.659812	0	0.13927	0	0.238335	0
219790	0.906788	-0.0527872	0.297778	0.906788	0	0.297778	0	0.0527872	0
79680	-0.588474	-0.0436794	0.261183	0	0	0.261183	0.588474	0.0436794	0
84247	-0.68282	-0.0297703	0.404846	0	0	0.404846	0.68282	0.0297703	0
8933	-0.739157	0.310433	0.187438	0	0.310433	0.187438	0.739157	0	0
6253	0.613886	0.527894	0.115443	0.613886	0.527894	0.115443	0	0	0
57142	0.406526	-0.425273	0.571183	0.406526	0	0.571183	0	0.425273	0
65078	-0.411216	-0.144803	0.706635	0	0	0.706635	0.411216	0.144803	0
146760	-0.596301	0.0354799	0.519615	0	0.0354799	0.519615	0.596301	0	0
349667	-0.765782	0.280399	0.264726	0	0.280399	0.264726	0.765782	0	0
132112	-0.588864	0.579686	0.233736	0	0.579686	0.233736	0.588864	0	0
285093	-0.900741	0.0772752	-0.0848707	0	0.0772752	0	0.900741	0	0.0848707
9711	-0.596743	-0.199482	0.19657	0	0	0.19657	0.596743	0.199482	0
80183	-0.621058	-0.065759	-0.032922	0	0	0	0.621058	0.065759	0.032922
10900	-0.625322	0.32562	0.374395	0	0.32562	0.374395	0.625322	0	0
154661	0.797506	-0.197228	0.163964	0.797506	0	0.163964	0	0.197228	0
862	-0.533591	-0.520209	0.167404	0	0	0.167404	0.533591	0.520209	0
860	0.419665	0.123655	-0.316983	0.419665	0.123655	0	0	0	0.316983
51389	0.795416	-0.0561663	-0.268976	0.795416	0	0	0	0.0561663	0.268976
10069	0.762283	0.200412	0.186076	0.762283	0.200412	0.186076	0	0	0
201965	-0.4457	0.0628772	-0.160326	0	0.0628772	0	0.4457	0	0.160326
59350	-0.305735	0.454509	0.16862	0	0.454509	0.16862	0.305735	0	0
6256	-0.76705	0.127257	-0.100756	0	0.127257	0	0.76705	0	0.100756
6258	-0.604843	0.0685694	0.0230649	0	0.0685694	0.0230649	0.604843	0	0
10329	-0.458555	-0.162056	0.108582	0	0	0.108582	0.458555	0.162056	0
23429	-0.493612	-0.125194	0.0680384	0	0	0.0680384	0.493612	0.125194	0
6259	0.0714918	-0.241455	0.360248	0.0714918	0	0.360248	0	0.241455	0
6261	-0.763169	-0.0980002	-0.290953	0	0	0	0.763169	0.0980002	0.290953
6262	0.53774	-0.255942	0.296777	0.53774	0	0.296777	0	0.255942	0
6263	-0.805625	-0.211736	-0.231736	0	0	0	0.805625	0.211736	0.231736
6281	-0.716589	-0.111975	-0.47021	0	0	0	0.716589	0.111975	0.47021
6284	-0.630143	0.0789168	-0.198493	0	0.0789168	0	0.630143	0	0.198493
140576	-0.75563	0.0276188	-0.21778	0	0.0276188	0	0.75563	0	0.21778
6277	-0.485112	0.387943	-0.054469	0	0.387943	0	0.485112	0	0.054469
6285	-0.0214816	0.282598	-0.600121	0	0.282598	0	0.0214816	0	0.600121
64766	-0.422341	-0.429838	-0.276665	0	0	0	0.422341	0.429838	0.276665
170591	-0.698655	0.17483	-0.348177	0	0.17483	0	0.698655	0	0.348177
1901	-0.546702	-0.0683128	-0.157843	0	0	0	0.546702	0.0683128	0.157843
53637	0.248181	0.203535	-0.340162	0.248181	0.203535	0	0	0	0.340162
6289	0.430628	-0.2786	0.155351	0.430628	0	0.155351	0	0.2786	0
22908	0.645242	-0.0155621	0.174067	0.645242	0	0.174067	0	0.0155621	0
26278	0.522057	0.175296	0.0357145	0.522057	0.175296	0.0357145	0	0	0
6297	0.132489	-0.0230752	-0.448393	0.132489	0	0	0	0.0230752	0.448393
401474	0.70685	-0.444314	-0.108876	0.70685	0	0	0	0.444314	0.108876
148418	0.264518	0.135835	0.228416	0.264518	0.135835	0.228416	0	0	0
201191	-0.393935	-0.0670082	0.321604	0	0	0.321604	0.393935	0.0670082	0
161394	-0.779589	0.111044	-0.0389846	0	0.111044	0	0.779589	0	0.0389846
23034	-0.576969	0.414765	-0.336141	0	0.414765	0	0.576969	0	0.336141
389432	-0.196407	-0.521588	0.186987	0	0	0.186987	0.196407	0.521588	0
142891	-0.356504	0.288596	-0.247899	0	0.288596	0	0.356504	0	0.247899
54809	-0.709629	-0.02013	-0.119069	0	0	0	0.709629	0.02013	0.119069
219285	-0.527413	0.141996	-0.416599	0	0.141996	0	0.527413	0	0.416599
79595	-0.625522	-0.0890865	0.165983	0	0	0.165983	0.625522	0.0890865	0
10284	-0.509837	0.494625	-0.019863	0	0.494625	0	0.509837	0	0.019863
8819	0.352096	0.542034	-0.219622	0.352096	0.542034	0	0	0	0.219622
29115	-0.754311	-0.0977693	0.121369	0	0	0.121369	0.754311	0.0977693	0
79685	0.6061	0.524726	0.237955	0.6061	0.524726	0.237955	0	0	0
89958	-0.121389	-0.529703	0.313124	0	0	0.313124	0.121389	0.529703	0
51128	0.584232	0.268429	-0.297272	0.584232	0.268429	0	0	0	0.297272
51669	-0.6469	-0.0591862	0.111492	0	0	0.111492	0.6469	0.0591862	0
1757	-0.693611	0.00126572	0.00915713	0	0.00126572	0.00915713	0.693611	0	0
23098	0.0315696	-0.663523	-0.0147799	0.0315696	0	0	0	0.663523	0.0147799
84324	-0.877076	0.0495653	0.0432227	0	0.0495653	0.0432227	0.877076	0	0
6303	-0.29568	0.263254	-0.430931	0	0.263254	0	0.29568	0	0.430931
112483	0.65563	0.146897	0.265463	0.65563	0.146897	0.265463	0	0	0
6304	0.513827	-0.0423459	0.232639	0.513827	0	0.232639	0	0.0423459	0
23314	0.429226	0.195432	0.501233	0.429226	0.195432	0.501233	0	0	0
60485	0.698469	-0.0838886	-0.205904	0.698469	0	0	0	0.0838886	0.205904
6305	-0.59687	0.142287	-0.166823	0	0.142287	0	0.59687	0	0.166823
81846	-0.669839	-0.247842	-0.0137044	0	0	0	0.669839	0.247842	0.0137044
55206	0.586536	0.145782	0.382097	0.586536	0.145782	0.382097	0	0	0
374897	0.596382	-0.127052	-0.102832	0.596382	0	0	0	0.127052	0.102832
6309	-0.293104	0.710833	0.220853	0	0.710833	0.220853	0.293104	0	0
9169	0.639593	-0.300272	-0.405347	0.639593	0	0	0	0.300272	0.405347
286205	0.681437	-0.142938	0.0409916	0.681437	0	0.0409916	0	0.142938	0
192683	0.671337	-0.07343	0.332553	0.671337	0	0.332553	0	0.07343	0
49855	-0.821747	0.0146392	0.114405	0	0.0146392	0.114405	0.821747	0	0
286133	-0.895015	-0.0233567	0.120232	0	0	0.120232	0.895015	0.0233567	0
51097	-0.619245	0.3091	-0.252649	0	0.3091	0	0.619245	0	0.252649
6319	-0.184951	0.173403	-0.529971	0	0.173403	0	0.184951	0	0.529971
79966	-0.768802	0.099151	-0.153409	0	0.099151	0	0.768802	0	0.153409
152579	-0.0956211	0.641475	0.185829	0	0.641475	0.185829	0.0956211	0	0
7857	-0.422702	-0.307991	0.0474095	0	0	0.0474095	0.422702	0.307991	0
29106	-0.618432	0.358783	0.312855	0	0.358783	0.312855	0.618432	0	0
92304	-0.160407	0.143331	0.0901846	0	0.143331	0.0901846	0.160407	0	0
10590	-0.864169	0.0244159	-0.0215553	0	0.0244159	0	0.864169	0	0.0215553
85477	-0.474644	-0.201422	-0.319723	0	0	0	0.474644	0.201422	0.319723
132320	0.798736	-0.173203	-0.151659	0.798736	0	0	0	0.173203	0.151659
22955	-0.547712	-0.20221	0.134411	0	0	0.134411	0.547712	0.20221	0
6323	0.948762	0.206031	0.0654961	0.948762	0.206031	0.0654961	0	0	0
6324	0.956048	0.130342	0.0533618	0.956048	0.130342	0.0533618	0	0	0
6326	-0.559625	-0.159835	0.590206	0	0	0.590206	0.559625	0.159835	0
6327	0.782074	0.362335	0.142636	0.782074	0.362335	0.142636	0	0	0
6328	-0.80023	-0.298537	0.223361	0	0	0.223361	0.80023	0.298537	0
55800	-0.935693	-0.0789166	0.198297	0	0	0.198297	0.935693	0.0789166	0
6330	0.787282	0.41716	-0.192012	0.787282	0.41716	0	0	0	0.192012
6332	-0.724118	0.150046	-0.25234	0	0.150046	0	0.724118	0	0.25234
6334	0.751109	0.267336	0.0602355	0.751109	0.267336	0.0602355	0	0	0
6335	-0.917126	-0.249873	-0.111915	0	0	0	0.917126	0.249873	0.111915
6341	-0.545246	-0.0988802	-0.0387269	0	0	0	0.545246	0.0988802	0.0387269
6342	0.748385	0.279684	0.229961	0.748385	0.279684	0.229961	0	0	0
59342	-0.834175	0.0383891	-0.0294855	0	0.0383891	0	0.834175	0	0.0294855
11341	-0.382239	0.678211	-0.355819	0	0.678211	0	0.382239	0	0.355819
83482	0.932475	0.224634	0.0202091	0.932475	0.224634	0.0202091	0	0	0
57758	-0.790714	0.0492345	-0.184145	0	0.0492345	0	0.790714	0	0.184145
642658	0.531299	-0.24246	-0.103352	0.531299	0	0	0	0.24246	0.103352
9672	-0.6364	-0.196409	-0.119714	0	0	0	0.6364	0.196409	0.119714
6386	0.182873	-0.0351752	-0.280925	0.182873	0	0	0	0.0351752	0.280925
10806	0.207557	-0.112292	-0.176727	0.207557	0	0	0	0.112292	0.176727
6389	0.650732	0.41232	0.0768765	0.650732	0.41232	0.0768765	0	0	0
54949	0.755536	0.201267	0.0805959	0.755536	0.201267	0.0805959	0	0	0
135154	0.0296165	-0.472786	-0.0493063	0.0296165	0	0	0	0.472786	0.0493063
6391	0.715607	-0.122092	-0.15105	0.715607	0	0	0	0.122092	0.15105
6392	0.513466	0.144807	-0.0648178	0.513466	0.144807	0	0	0	0.0648178
221935	-0.0764849	0.524591	0.0134507	0	0.524591	0.0134507	0.0764849	0	0
54549	-0.717149	0.23906	-0.0995113	0	0.23906	0	0.717149	0	0.0995113
195814	0.493077	-0.143782	0.225083	0.493077	0	0.225083	0	0.143782	0
113675	0.729836	0.515963	-0.163896	0.729836	0.515963	0	0	0	0.163896
23478	-0.339386	0.128726	-0.543534	0	0.128726	0	0.339386	0	0.543534
90701	-0.679949	0.184406	-0.34134	0	0.184406	0	0.679949	0	0.34134
6397	0.56884	-0.269002	-0.0599308	0.56884	0	0	0	0.269002	0.0599308
23541	-0.724278	-0.105069	-0.0669715	0	0	0	0.724278	0.105069	0.0669715
9717	0.814975	0.135107	0.0188559	0.814975	0.135107	0.0188559	0	0	0
26984	-0.429722	-0.141023	0.255509	0	0	0.255509	0.429722	0.141023	0
10484	0.469132	0.208237	0.200363	0.469132	0.208237	0.200363	0	0	0
11196	-0.626417	0.000206397	0.0488527	0	0.000206397	0.0488527	0.626417	0	0
9871	-0.523087	-0.130064	0.505867	0	0	0.505867	0.523087	0.130064	0
22872	0.608815	-0.0201152	-0.149897	0.608815	0	0	0	0.0201152	0.149897
25956	0.412641	-0.611493	0.166925	0.412641	0	0.166925	0	0.611493	0
55176	-0.583139	0.577997	-0.0207722	0	0.577997	0	0.583139	0	0.0207722
23480	-0.538541	0.137852	-0.0489399	0	0.137852	0	0.538541	0	0.0489399
7095	0.737676	0.127037	-0.0121844	0.737676	0.127037	0	0	0	0.0121844
11231	-0.657124	0.239136	-0.0565165	0	0.239136	0	0.657124	0	0.0565165
79048	0.699321	-0.477878	-0.0233538	0.699321	0	0	0	0.477878	0.0233538
6398	0.14828	-0.488543	0.129435	0.14828	0	0.129435	0	0.488543	0
23231	-0.249067	-0.568521	-0.430734	0	0	0	0.249067	0.568521	0.430734
6414	0.249425	0.185422	-0.485392	0.249425	0.185422	0	0	0	0.485392
6415	-0.747547	0.318977	0.0488527	0	0.318977	0.0488527	0.747547	0	0
6404	-0.466952	0.272852	-0.235125	0	0.272852	0	0.466952	0	0.235125
7979	-0.632156	0.285809	-0.146167	0	0.285809	0	0.632156	0	0.146167
10371	-0.0183596	0.236184	-0.285573	0	0.236184	0	0.0183596	0	0.285573
101928931	0.146853	0.224729	-0.396379	0.146853	0.224729	0	0	0	0.396379
10512	-0.284799	0.18499	-0.547947	0	0.18499	0	0.284799	0	0.547947
223117	-0.752954	-0.339768	-0.00126404	0	0	0	0.752954	0.339768	0.00126404
9723	-0.0072764	0.131968	-0.373882	0	0.131968	0	0.0072764	0	0.373882
64218	-0.848233	-0.250816	-0.0112877	0	0	0	0.848233	0.250816	0.0112877
54910	0.675099	-0.219961	-0.0185908	0.675099	0	0	0	0.219961	0.0185908
10507	0.15835	0.260131	-0.44892	0.15835	0.260131	0	0	0	0.44892
10505	-0.857591	-0.0623162	0.305496	0	0	0.305496	0.857591	0.0623162	0
9037	-0.428801	0.279555	-0.640904	0	0.279555	0	0.428801	0	0.640904
54437	0.206418	-0.608941	0.205595	0.206418	0	0.205595	0	0.608941	0
10501	-0.660166	0.162366	0.221273	0	0.162366	0.221273	0.660166	0	0
80031	0.774425	-0.284852	0.0408432	0.774425	0	0.0408432	0	0.284852	0
8482	0.954858	0.125619	-0.0935658	0.954858	0.125619	0	0	0	0.0935658
29843	0.428418	-0.305268	0.222236	0.428418	0	0.222236	0	0.305268	0
26054	-0.560056	-0.252671	-0.218143	0	0	0	0.560056	0.252671	0.218143
57337	0.536447	-0.34135	-0.219831	0.536447	0	0	0	0.34135	0.219831
22929	0.686629	-0.051632	-0.0852579	0.686629	0	0	0	0.051632	0.0852579
22928	0.586157	-0.373827	0.0371585	0.586157	0	0.0371585	0	0.373827	0
10169	-0.634148	0.241225	-0.343066	0	0.241225	0	0.634148	0	0.343066
26297	0.493451	0.397881	-0.0270973	0.493451	0.397881	0	0	0	0.0270973
253190	-0.377009	0.361694	-0.385498	0	0.361694	0	0.377009	0	0.385498
57515	-0.553279	0.15426	0.101936	0	0.15426	0.101936	0.553279	0	0
10955	-0.47254	0.42265	0.492148	0	0.42265	0.492148	0.47254	0	0
27230	-0.68737	-0.0961757	0.0767213	0	0	0.0767213	0.68737	0.0961757	0
5055	-0.279777	0.447826	0.363482	0	0.447826	0.363482	0.279777	0	0
5271	-0.585706	0.196928	-0.131152	0	0.196928	0	0.585706	0	0.131152
5272	0.837262	0.315884	-0.112326	0.837262	0.315884	0	0	0	0.112326
5270	-0.296653	0.0546419	-0.108248	0	0.0546419	0	0.296653	0	0.108248
5176	-0.378315	-0.109536	0.775401	0	0	0.775401	0.378315	0.109536	0
5274	-0.207816	0.277895	0.517328	0	0.277895	0.517328	0.207816	0	0
5276	-0.0662511	0.426185	0.400269	0	0.426185	0.400269	0.0662511	0	0
56256	0.915604	0.204994	0.179977	0.915604	0.204994	0.179977	0	0	0
400120	-0.871993	-0.162368	0.166909	0	0	0.166909	0.871993	0.162368	0
143686	-0.56767	-0.0477877	0.301103	0	0	0.301103	0.56767	0.0477877	0
91404	0.566482	0.0889996	-0.154105	0.566482	0.0889996	0	0	0	0.154105
26040	0.724279	-0.300808	0.181656	0.724279	0	0.181656	0	0.300808	0
84193	0.311234	0.107203	-0.389293	0.311234	0.107203	0	0	0	0.389293
54093	0.555136	-0.336906	0.0118175	0.555136	0	0.0118175	0	0.336906	0
79918	0.500446	-0.481496	0.141629	0.500446	0	0.141629	0	0.481496	0
80854	0.769449	0.0564311	-0.34463	0.769449	0.0564311	0	0	0	0.34463
9869	0.610069	-0.351316	-0.00968252	0.610069	0	0	0	0.351316	0.00968252
83852	-0.323014	-0.53225	-0.0762799	0	0	0	0.323014	0.53225	0.0762799
124925	-0.685757	-0.372769	-0.0706683	0	0	0	0.685757	0.372769	0.0706683
23544	-0.713514	0.281802	-0.0721314	0	0.281802	0	0.713514	0	0.0721314
23451	0.405433	-0.184445	-0.043388	0.405433	0	0	0	0.184445	0.043388
23450	-0.792851	-0.314915	0.0921897	0	0	0.0921897	0.792851	0.314915	0
9814	0.640426	-0.380597	0.151797	0.640426	0	0.151797	0	0.380597	0
57713	-0.771982	0.0847723	-0.167119	0	0.0847723	0	0.771982	0	0.167119
6422	-0.475085	0.0496196	0.0702248	0	0.0496196	0.0702248	0.475085	0	0
6423	-0.424503	-0.303085	-0.130491	0	0	0	0.424503	0.303085	0.130491
207107	-0.514779	0.0313148	0.161167	0	0.0313148	0.161167	0.514779	0	0
6441	-0.783139	0.171671	0.280599	0	0.171671	0.280599	0.783139	0	0
94081	0.56207	0.186098	-0.0811382	0.56207	0.186098	0	0	0	0.0811382
119559	-0.0313398	0.690298	-0.134946	0	0.690298	0	0.0313398	0	0.134946
6444	-0.448612	-0.246459	0.0162324	0	0	0.0162324	0.448612	0.246459	0
8910	-0.0543858	0.279608	-0.41068	0	0.279608	0	0.0543858	0	0.41068
84251	0.84795	-0.108745	0.221849	0.84795	0	0.221849	0	0.108745	0
151246	0.400101	-0.272699	-0.0579546	0.400101	0	0	0	0.272699	0.0579546
130367	-0.474502	0.353527	-0.0821891	0	0.353527	0	0.474502	0	0.0821891
6448	-0.83671	-0.0767393	-0.0175233	0	0	0	0.83671	0.0767393	0.0175233
129049	-0.48548	0.191614	0.00503588	0	0.191614	0.00503588	0.48548	0	0
9905	-0.797044	-0.229186	0.106273	0	0	0.106273	0.797044	0.229186	0
54557	0.138023	0.494568	0.277311	0.138023	0.494568	0.277311	0	0	0
117157	-0.106884	0.757069	0.0360424	0	0.757069	0.0360424	0.106884	0	0
9047	0.0415116	0.274188	0.338806	0.0415116	0.274188	0.338806	0	0	0
400745	-0.525212	0.222909	0.663015	0	0.222909	0.663015	0.525212	0	0
6450	-0.618302	0.141966	0.0771758	0	0.141966	0.0771758	0.618302	0	0
6451	0.724704	0.351429	-0.19651	0.724704	0.351429	0	0	0	0.19651
83699	0.292088	0.571121	0.502387	0.292088	0.571121	0.502387	0	0	0
83442	-0.736266	0.498632	-0.177387	0	0.498632	0	0.736266	0	0.177387
23616	0.627084	0.206364	0.110204	0.627084	0.206364	0.110204	0	0	0
9467	-0.544152	0.127142	0.00279656	0	0.127142	0.00279656	0.544152	0	0
152503	-0.0177516	0.522661	-0.474976	0	0.522661	0	0.0177516	0	0.474976
6457	-0.686097	0.0704791	-0.0509358	0	0.0704791	0	0.686097	0	0.0509358
51100	-0.545174	-0.0266207	-0.321463	0	0	0	0.545174	0.0266207	0.321463
56904	-0.490664	0.36659	0.214371	0	0.36659	0.214371	0.490664	0	0
30011	-0.185003	0.132465	0.374514	0	0.132465	0.374514	0.185003	0	0
9644	0.399992	-0.0798761	-0.324706	0.399992	0	0	0	0.0798761	0.324706
285590	-0.403044	0.392921	-0.162856	0	0.392921	0	0.403044	0	0.162856
57630	-0.873973	0.137646	0.00460395	0	0.137646	0.00460395	0.873973	0	0
153769	0.684412	-0.539404	0.229834	0.684412	0	0.229834	0	0.539404	0
50944	-0.74311	-0.119826	0.139683	0	0	0.139683	0.74311	0.119826	0
22941	-0.486152	-0.334874	0.324697	0	0	0.324697	0.486152	0.334874	0
6464	-0.474685	0.275443	0.171912	0	0.275443	0.171912	0.474685	0	0
25759	-0.709019	0.0747946	0.217319	0	0.0747946	0.217319	0.709019	0	0
53358	-0.446839	-0.0845285	0.307396	0	0	0.307396	0.446839	0.0845285	0
399694	0.19483	0.33732	-0.452369	0.19483	0.33732	0	0	0	0.452369
56961	0.9265	0.0990604	0.26335	0.9265	0.0990604	0.26335	0	0	0
90525	-0.782808	-0.452983	0.0432134	0	0	0.0432134	0.782808	0.452983	0
51246	-0.695412	0.0354679	0.0907702	0	0.0354679	0.0907702	0.695412	0	0
440829	0.439765	-0.477364	0.406442	0.439765	0	0.406442	0	0.477364	0
729993	-0.770443	-0.346623	0.315862	0	0	0.315862	0.770443	0.346623	0
85352	-0.898196	0.100387	0.2626	0	0.100387	0.2626	0.898196	0	0
6470	0.681433	-0.0971702	-0.136906	0.681433	0	0	0	0.0971702	0.136906
6472	0.234139	0.554835	-0.152061	0.234139	0.554835	0	0	0	0.152061
257218	0.241724	-0.648015	0.131207	0.241724	0	0.131207	0	0.648015	0
357	0.75384	0.0779485	0.374358	0.75384	0.0779485	0.374358	0	0	0
57619	0.175624	0.14166	0.56931	0.175624	0.14166	0.56931	0	0	0
54414	0.27819	0.582471	-0.0747169	0.27819	0.582471	0	0	0	0.0747169
6477	0.381829	-0.282387	0.0772133	0.381829	0	0.0772133	0	0.282387	0
6478	0.629778	-0.142454	-0.0421701	0.629778	0	0	0	0.142454	0.0421701
283514	-0.182239	-0.461653	0.19282	0	0	0.19282	0.182239	0.461653	0
54847	-0.579579	0.182754	0.549999	0	0.182754	0.549999	0.579579	0	0
51092	-0.725587	-0.0305284	-0.200252	0	0	0	0.725587	0.0305284	0.200252
59307	-0.527974	0.295127	-0.247609	0	0.295127	0	0.527974	0	0.247609
114132	-0.69422	-0.071178	-0.170115	0	0	0	0.69422	0.071178	0.170115
23235	0.219548	0.506207	-0.181821	0.219548	0.506207	0	0	0	0.181821
80143	0.70369	0.00991044	-0.174271	0.70369	0.00991044	0	0	0	0.174271
64374	-0.804684	0.286885	-0.0591501	0	0.286885	0	0.804684	0	0.0591501
23309	-0.797084	-0.149933	0.0283449	0	0	0.0283449	0.797084	0.149933	0
58516	-0.110478	0.157896	-0.613803	0	0.157896	0	0.110478	0	0.613803
26037	0.0489741	-0.36133	0.539622	0.0489741	0	0.539622	0	0.36133	0
57568	0.485813	0.0334825	0.38331	0.485813	0.0334825	0.38331	0	0	0
23094	0.613659	0.360812	-0.12256	0.613659	0.360812	0	0	0	0.12256
140885	-0.640594	-0.0669047	0.446169	0	0	0.446169	0.640594	0.0669047	0
22933	0.417632	0.183028	-0.499618	0.417632	0.183028	0	0	0	0.499618
23409	0.75981	-0.0224777	0.217381	0.75981	0	0.217381	0	0.0224777	0
23408	0.7394	0.212228	0.123105	0.7394	0.212228	0.123105	0	0	0
10572	-0.640884	-0.139703	0.0566855	0	0	0.0566855	0.640884	0.139703	0
6496	-0.264127	0.244262	-0.0717665	0	0.244262	0	0.264127	0	0.0717665
51804	0.873028	0.274887	0.0140958	0.873028	0.274887	0.0140958	0	0	0
348235	0.635222	-0.221386	-0.259617	0.635222	0	0	0	0.221386	0.259617
8631	-0.0865033	0.845269	-0.227751	0	0.845269	0	0.0865033	0	0.227751
8935	-0.750817	0.271381	0.275709	0	0.271381	0.275709	0.750817	0	0
387640	0.884844	0.0494356	0.148412	0.884844	0.0494356	0.148412	0	0	0
6503	-0.948466	-0.0137325	-0.106066	0	0	0	0.948466	0.0137325	0.106066
122060	0.184961	-0.00933827	-0.392356	0.184961	0	0	0	0.00933827	0.392356
7884	-0.699276	-0.110206	0.224961	0	0	0.224961	0.699276	0.110206	0
8273	0.397918	0.537971	-0.210973	0.397918	0.537971	0	0	0	0.210973
201780	0.0324802	0.066494	0.630263	0.0324802	0.066494	0.630263	0	0	0
6558	0.491716	0.346011	-0.245904	0.491716	0.346011	0	0	0	0.245904
6560	-0.495824	0.093139	-0.392363	0	0.093139	0	0.495824	0	0.392363
57468	0.772456	0.00446585	0.317124	0.772456	0.00446585	0.317124	0	0	0
10723	0.33318	0.222836	0.0856436	0.33318	0.222836	0.0856436	0	0	0
84561	0.414284	-0.363133	0.062638	0.414284	0	0.062638	0	0.363133	0
6563	-0.0691235	0.0512953	-0.33673	0	0.0512953	0	0.0691235	0	0.33673
6565	-0.559324	-0.12539	-0.246578	0	0	0	0.559324	0.12539	0.246578
51296	-0.331877	-0.250376	-0.153519	0	0	0	0.331877	0.250376	0.153519
121260	0.645529	0.0350756	-0.0421807	0.645529	0.0350756	0	0	0	0.0421807
6567	-0.940228	-0.0473832	-0.0987204	0	0	0	0.940228	0.0473832	0.0987204
9123	0.125722	0.570215	-0.386553	0.125722	0.570215	0	0	0	0.386553
9120	0.926186	0.173253	-0.0118286	0.926186	0.173253	0	0	0	0.0118286
9194	0.899826	-0.0287315	0.169307	0.899826	0	0.169307	0	0.0287315	0
23539	-0.740118	-0.42341	-0.0452271	0	0	0	0.740118	0.42341	0.0452271
220963	-0.625049	-0.00767257	-0.168005	0	0	0	0.625049	0.00767257	0.168005
57084	0.562095	-0.354807	0.137074	0.562095	0	0.137074	0	0.354807	0
57030	-0.608365	0.0479584	0.329271	0	0.0479584	0.329271	0.608365	0	0
246213	-0.730418	0.142229	-0.185122	0	0.142229	0	0.730418	0	0.185122
6573	-0.445334	0.352636	0.0829196	0	0.352636	0.0829196	0.445334	0	0
10560	0.765189	0.119273	0.0215962	0.765189	0.119273	0.0215962	0	0	0
80704	0.436695	0.33154	-0.211058	0.436695	0.33154	0	0	0	0.211058
6509	-0.791766	-0.235141	-0.0650398	0	0	0	0.791766	0.235141	0.0650398
6511	-0.621448	0.17387	0.172828	0	0.17387	0.172828	0.621448	0	0
6574	0.519043	0.368975	0.409805	0.519043	0.368975	0.409805	0	0	0
6575	0.782198	0.379968	-0.190409	0.782198	0.379968	0	0	0	0.190409
387775	-0.0184319	-0.665788	0.614124	0	0	0.614124	0.0184319	0.665788	0
63027	0.720473	0.172279	-0.044313	0.720473	0.172279	0	0	0	0.044313
114571	-0.0858842	-0.714995	0.560413	0	0	0.560413	0.0858842	0.714995	0
25769	0.907636	0.299408	0.0893228	0.907636	0.299408	0.0893228	0	0	0
57419	-0.584285	-0.14055	-0.114297	0	0	0	0.584285	0.14055	0.114297
123041	0.111267	-0.580116	0.329529	0.111267	0	0.329529	0	0.580116	0
6576	-0.443154	0.254067	-0.38081	0	0.254067	0	0.443154	0	0.38081
8604	0.845094	0.0439888	0.101997	0.845094	0.0439888	0.101997	0	0	0
10165	0.31274	0.110464	-0.52872	0.31274	0.110464	0	0	0	0.52872
9016	-0.65447	0.0638232	0.339304	0	0.0638232	0.339304	0.65447	0	0
10166	0.566451	0.452157	-0.155023	0.566451	0.452157	0	0	0	0.155023
8034	0.508954	-0.368905	-0.0280109	0.508954	0	0	0	0.368905	0.0280109
10478	0.692798	0.19345	-0.134997	0.692798	0.19345	0	0	0	0.134997
83733	-0.519475	0.0131338	-0.0575535	0	0.0131338	0	0.519475	0	0.0575535
100129794	-0.390475	-0.462699	-0.193224	0	0	0	0.390475	0.462699	0.193224
79751	-0.73741	-0.0956904	0.0999337	0	0	0.0999337	0.73741	0.0956904	0
79085	-0.623784	0.0448534	0.236563	0	0.0448534	0.236563	0.623784	0	0
114789	0.602917	0.259573	0.126891	0.602917	0.259573	0.126891	0	0	0
81034	0.639367	0.343926	0.093665	0.639367	0.343926	0.093665	0	0	0
284723	0.531112	-0.344437	0.0534018	0.531112	0	0.0534018	0	0.344437	0
55186	0.717112	-0.139287	0.0424791	0.717112	0	0.0424791	0	0.139287	0
51312	0.930999	-0.152142	-0.0528111	0.930999	0	0	0	0.152142	0.0528111
55972	0.613055	0.239099	0.071996	0.613055	0.239099	0.071996	0	0	0
284427	0.408272	-0.345375	0.208341	0.408272	0	0.208341	0	0.345375	0
292	0.769103	0.38052	-0.0253781	0.769103	0.38052	0	0	0	0.0253781
284129	-0.85431	-0.139734	-0.0099942	0	0	0	0.85431	0.139734	0.0099942
5172	-0.817453	-0.0402808	0.139117	0	0	0.139117	0.817453	0.0402808	0
286002	-0.826417	0.316431	0.236807	0	0.316431	0.236807	0.826417	0	0
65010	0.564895	-0.156252	-0.193159	0.564895	0	0	0	0.156252	0.193159
116369	-0.343324	-0.547568	0.115005	0	0	0.115005	0.343324	0.547568	0
11001	-0.811514	-0.167356	0.147946	0	0	0.147946	0.811514	0.167356	0
11000	-0.621772	0.0367778	0.382301	0	0.0367778	0.382301	0.621772	0	0
10998	-0.796189	-0.0506244	0.0363565	0	0	0.0363565	0.796189	0.0506244	0
55315	-0.67951	-0.187081	0.365995	0	0	0.365995	0.67951	0.187081	0
222962	-0.738305	-0.347814	0.04088	0	0	0.04088	0.738305	0.347814	0
6513	0.423161	0.314431	-0.353314	0.423161	0.314431	0	0	0	0.353314
81031	-0.66032	-0.0689412	-0.236524	0	0	0	0.66032	0.0689412	0.236524
66035	0.503312	-0.211966	-0.289221	0.503312	0	0	0	0.211966	0.289221
154091	-0.762852	-0.188932	-0.0635407	0	0	0	0.762852	0.188932	0.0635407
114134	-0.52702	0.053488	0.257699	0	0.053488	0.257699	0.52702	0	0
56731	-0.726048	-0.18593	-0.102554	0	0	0	0.726048	0.18593	0.102554
6518	-0.510394	-0.0432898	-0.282679	0	0	0	0.510394	0.0432898	0.282679
29988	0.648783	0.0228458	-0.196899	0.648783	0.0228458	0	0	0	0.196899
55532	-0.864647	-0.186106	-0.120179	0	0	0	0.864647	0.186106	0.120179
7781	-0.509893	-0.0998891	0.687221	0	0	0.687221	0.509893	0.0998891	0
7782	0.0223364	0.372742	0.272099	0.0223364	0.372742	0.272099	0	0	0
64924	0.507553	-0.362418	0.0229993	0.507553	0	0.0229993	0	0.362418	0
1318	0.34789	0.195416	-0.379133	0.34789	0.195416	0	0	0	0.379133
10559	0.269175	-0.416232	0.104055	0.269175	0	0.104055	0	0.416232	0
7355	-0.709418	0.297772	0.27589	0	0.297772	0.27589	0.709418	0	0
113829	0.798266	0.324076	-0.104014	0.798266	0.324076	0	0	0	0.104014
347734	0.419403	0.170352	-0.200841	0.419403	0.170352	0	0	0	0.200841
51000	0.459589	-0.000163179	-0.276496	0.459589	0	0	0	0.000163179	0.276496
84912	0.643534	0.0209135	0.0353704	0.643534	0.0209135	0.0353704	0	0	0
55343	0.718309	0.254875	0.151455	0.718309	0.254875	0.151455	0	0	0
55508	-0.313901	0.307375	-0.370334	0	0.307375	0	0.313901	0	0.370334
222553	0.144928	0.641597	0.0819435	0.144928	0.641597	0.0819435	0	0	0
54733	-0.81063	0.222705	-0.076374	0	0.222705	0	0.81063	0	0.076374
148641	0.593034	-0.227034	0.259388	0.593034	0	0.259388	0	0.227034	0
206358	0.67967	0.221833	-0.0283493	0.67967	0.221833	0	0	0	0.0283493
54020	-0.296593	-0.257952	0.192494	0	0	0.192494	0.296593	0.257952	0
81539	0.790088	0.348685	0.0322178	0.790088	0.348685	0.0322178	0	0	0
151258	0.814938	-0.204351	0.0863832	0.814938	0	0.0863832	0	0.204351	0
54407	0.88879	-0.0438261	-0.0931383	0.88879	0	0	0	0.0438261	0.0931383
92745	0.487995	0.227755	-0.247813	0.487995	0.227755	0	0	0	0.247813
57181	-0.486357	0.435878	0.410452	0	0.435878	0.410452	0.486357	0	0
201266	-0.17953	0.386431	-0.185892	0	0.386431	0	0.17953	0	0.185892
221074	-0.707226	0.0859224	-0.0913669	0	0.0859224	0	0.707226	0	0.0913669
91252	0.87971	0.17724	-0.123821	0.87971	0.17724	0	0	0	0.123821
23516	0.865322	-0.0588383	-0.0369411	0.865322	0	0	0	0.0588383	0.0369411
55630	-0.69091	-0.0921641	0.485779	0	0	0.485779	0.69091	0.0921641	0
25800	-0.584471	0.122912	-0.138667	0	0.122912	0	0.584471	0	0.138667
7922	0.451788	-0.0979881	-0.319144	0.451788	0	0	0	0.0979881	0.319144
64116	0.721079	0.203433	0.0532271	0.721079	0.203433	0.0532271	0	0	0
30061	-0.558218	0.247099	-0.308238	0	0.247099	0	0.558218	0	0.308238
126969	-0.628501	0.0860995	-0.179624	0	0.0860995	0	0.628501	0	0.179624
204962	0.410206	-0.643302	0.195862	0.410206	0	0.195862	0	0.643302	0
50651	0.687779	-0.375695	0.100115	0.687779	0	0.100115	0	0.375695	0
85414	0.148737	0.200756	-0.467477	0.148737	0.200756	0	0	0	0.467477
57210	0.799146	0.0867216	0.105711	0.799146	0.0867216	0.105711	0	0	0
113235	0.311338	0.231327	-0.199187	0.311338	0.231327	0	0	0	0.199187
283537	0.611866	-0.0826891	-0.357868	0.611866	0	0	0	0.0826891	0.357868
55244	0.731015	0.387435	-0.255478	0.731015	0.387435	0	0	0	0.255478
84179	0.120618	0.664527	0.162062	0.120618	0.664527	0.162062	0	0	0
57282	-0.0466152	-0.569345	0.35453	0	0	0.35453	0.0466152	0.569345	0
83959	-0.412903	-0.172574	-0.470609	0	0	0	0.412903	0.172574	0.470609
6522	0.440664	0.136468	-0.439619	0.440664	0.136468	0	0	0	0.439619
6508	-0.873375	-0.045722	-0.0745197	0	0	0	0.873375	0.045722	0.0745197
8671	-0.600036	-0.160842	-0.0974058	0	0	0	0.600036	0.160842	0.0974058
9497	-0.0276494	-0.450576	-0.236334	0	0	0	0.0276494	0.450576	0.236334
9498	0.932945	0.164007	0.0790055	0.932945	0.164007	0.0790055	0	0	0
83697	0.774776	-0.166711	-0.154265	0.774776	0	0	0	0.166711	0.154265
79581	-0.517841	-0.173918	-0.1014	0	0	0	0.517841	0.173918	0.1014
115584	0.345241	0.267223	-0.417249	0.345241	0.267223	0	0	0	0.417249
6527	0.544991	0.0433089	0.0701801	0.544991	0.0433089	0.0701801	0	0	0
8884	0.83455	0.121634	-0.0510246	0.83455	0.121634	0	0	0	0.0510246
6539	0.386154	0.490126	-0.0700218	0.386154	0.490126	0	0	0	0.0700218
6540	0.36858	0.589536	-0.023489	0.36858	0.589536	0	0	0	0.023489
55117	-0.173592	-0.377222	-0.309324	0	0	0	0.173592	0.377222	0.309324
28968	-0.268801	-0.363611	-0.0449123	0	0	0	0.268801	0.363611	0.0449123
388662	0.377546	0.0070376	0.0725092	0.377546	0.0070376	0.0725092	0	0	0
54716	-0.199857	-0.248225	0.327491	0	0	0.327491	0.199857	0.248225	0
6533	0.572091	0.0232498	-0.0750203	0.572091	0.0232498	0	0	0	0.0750203
6535	0.441657	0.202121	-0.366217	0.441657	0.202121	0	0	0	0.366217
6541	0.272631	0.608788	-0.19535	0.272631	0.608788	0	0	0	0.19535
23657	-0.756788	0.0147712	-0.20608	0	0.0147712	0	0.756788	0	0.20608
57709	-0.506657	-0.0922682	-0.226411	0	0	0	0.506657	0.0922682	0.226411
6545	-0.911902	0.147553	0.103596	0	0.147553	0.103596	0.911902	0	0
84138	-0.443689	0.386783	-0.311426	0	0.386783	0	0.443689	0	0.311426
9056	-0.411949	0.151847	-0.339925	0	0.151847	0	0.411949	0	0.339925
23428	0.69965	0.151485	0.0445919	0.69965	0.151485	0.0445919	0	0	0
6546	0.818354	0.241488	-0.172876	0.818354	0.241488	0	0	0	0.172876
6543	-0.770602	-0.118222	0.371676	0	0	0.371676	0.770602	0.118222	0
6547	-0.532527	0.131804	0.0418165	0	0.131804	0.0418165	0.532527	0	0
80024	-0.34143	-0.0724937	-0.607308	0	0	0	0.34143	0.0724937	0.607308
6548	0.740718	0.0751664	0.244584	0.740718	0.0751664	0.244584	0	0	0
6553	0.691664	-0.0815009	0.0447361	0.691664	0	0.0447361	0	0.0815009	0
10479	-0.51447	0.231707	0.501439	0	0.231707	0.501439	0.51447	0	0
84679	-0.460564	0.0412211	0.135432	0	0.0412211	0.135432	0.460564	0	0
53919	-0.67234	0.0219729	-0.065891	0	0.0219729	0	0.67234	0	0.065891
6578	0.0495321	0.520192	0.422003	0.0495321	0.520192	0.422003	0	0	0
28232	0.37977	0.121504	-0.492864	0.37977	0.121504	0	0	0	0.492864
28231	0.804073	0.408745	0.0384794	0.804073	0.408745	0.0384794	0	0	0
353189	-0.526796	0.357096	0.469612	0	0.357096	0.469612	0.526796	0	0
84250	-0.427556	-0.461179	0.366065	0	0	0.366065	0.427556	0.461179	0
91607	0.20556	-0.512133	0.0788322	0.20556	0	0.0788322	0	0.512133	0
162394	0.687302	0.324801	-0.343493	0.687302	0.324801	0	0	0	0.343493
81892	-0.562492	0.361811	-0.000879286	0	0.361811	0	0.562492	0	0.000879286
6585	-0.94727	0.0366637	0.0719578	0	0.0366637	0.0719578	0.94727	0	0
9353	0.253754	-0.0117606	-0.0523725	0.253754	0	0	0	0.0117606	0.0523725
6586	-0.815188	-0.168069	-0.114324	0	0	0	0.815188	0.168069	0.114324
114798	-0.435437	0.0448481	0.379224	0	0.0448481	0.379224	0.435437	0	0
22865	0.737145	-0.139738	0.255	0.737145	0	0.255	0	0.139738	0
84189	-0.347581	-0.140605	-0.412802	0	0	0	0.347581	0.140605	0.412802
6588	-0.80296	0.273777	-0.0665697	0	0.273777	0	0.80296	0	0.0665697
79811	0.44554	0.082437	-0.207864	0.44554	0.082437	0	0	0	0.207864
10569	0.466965	0.3283	0.429618	0.466965	0.3283	0.429618	0	0	0
4086	-0.768612	-0.297987	0.138735	0	0	0.138735	0.768612	0.297987	0
4087	-0.869781	0.0909217	-0.122435	0	0.0909217	0	0.869781	0	0.122435
4088	-0.824895	0.144011	0.22386	0	0.144011	0.22386	0.824895	0	0
4091	0.281252	0.387873	-0.354653	0.281252	0.387873	0	0	0	0.354653
4092	0.385383	-0.143057	-0.362162	0.385383	0	0	0	0.143057	0.362162
4093	-0.417483	0.00182398	-0.626718	0	0.00182398	0	0.417483	0	0.626718
60682	-0.688691	0.274321	0.0358237	0	0.274321	0.0358237	0.688691	0	0
6594	-0.708473	-0.258933	-0.0492709	0	0	0	0.708473	0.258933	0.0492709
8467	0.755706	0.156764	0.343645	0.755706	0.156764	0.343645	0	0	0
6601	0.613225	-0.10555	0.00415713	0.613225	0	0.00415713	0	0.10555	0
6603	0.775443	0.0711584	-0.188498	0.775443	0.0711584	0	0	0	0.188498
6604	-0.882766	0.121363	-0.172516	0	0.121363	0	0.882766	0	0.172516
6605	-0.558264	-0.173314	-0.0596322	0	0	0	0.558264	0.173314	0.0596322
8243	0.559689	-0.00674532	0.514878	0.559689	0	0.514878	0	0.00674532	0
10592	0.69127	-0.0388612	-0.0303127	0.69127	0	0	0	0.0388612	0.0303127
23347	0.498412	-0.59793	-0.0946204	0.498412	0	0	0	0.59793	0.0946204
341346	0.172079	0.0101428	0.128943	0.172079	0.0101428	0.128943	0	0	0
56935	0.827746	0.157454	-0.0403057	0.827746	0.157454	0	0	0	0.0403057
56006	0.657427	-0.16741	-0.175868	0.657427	0	0	0	0.16741	0.175868
644538	-0.445682	0.391556	-0.422767	0	0.391556	0	0.445682	0	0.422767
100129361	-0.550885	-0.117202	-0.0396027	0	0	0	0.550885	0.117202	0.0396027
113444	0.267794	0.667579	0.359098	0.267794	0.667579	0.359098	0	0	0
221710	0.727399	-0.139937	0.116598	0.727399	0	0.116598	0	0.139937	0
201895	-0.408617	-0.401898	-0.115457	0	0	0	0.408617	0.401898	0.115457
114926	-0.576159	-0.418834	0.259416	0	0	0.259416	0.576159	0.418834	0
284422	-0.25504	0.439839	0.670669	0	0.439839	0.670669	0.25504	0	0
221491	-0.883673	0.177994	0.0976741	0	0.177994	0.0976741	0.883673	0	0
85027	0.811341	0.12121	-0.202098	0.811341	0.12121	0	0	0	0.202098
100130933	0.164624	0.255526	-0.397429	0.164624	0.255526	0	0	0	0.397429
100287482	-0.68986	-0.0196403	0.267984	0	0	0.267984	0.68986	0.0196403	0
6608	-0.598038	-0.0545086	-0.347101	0	0	0	0.598038	0.0545086	0.347101
64093	-0.501812	0.0895651	-0.559154	0	0.0895651	0	0.501812	0	0.559154
64094	0.693032	0.103346	-0.165589	0.693032	0.103346	0	0	0	0.165589
6610	-0.548037	-0.0286938	0.239528	0	0	0.239528	0.548037	0.0286938	0
55512	-0.240233	-0.152703	0.116755	0	0	0.116755	0.240233	0.152703	0
27293	-0.219	0.0346203	-0.0899381	0	0.0346203	0	0.219	0	0.0899381
23676	0.703589	-0.111677	0.415888	0.703589	0	0.415888	0	0.111677	0
6525	0.334954	0.331829	-0.304637	0.334954	0.331829	0	0	0	0.304637
23583	-0.12907	0.553786	0.1783	0	0.553786	0.1783	0.12907	0	0
56950	0.429855	0.628163	0.0485797	0.429855	0.628163	0.0485797	0	0	0
64754	-0.465771	0.573549	0.184808	0	0.573549	0.184808	0.465771	0	0
6591	-0.646634	0.0210771	0.175658	0	0.0210771	0.175658	0.646634	0	0
197187	-0.383167	0.383485	0.381602	0	0.383485	0.381602	0.383167	0	0
6616	-0.857846	-0.0971472	-0.0164768	0	0	0	0.857846	0.0971472	0.0164768
9892	0.392646	-0.168281	0.0142872	0.392646	0	0.0142872	0	0.168281	0
10302	-0.726658	0.0246993	0.38011	0	0.0246993	0.38011	0.726658	0	0
6622	-0.908042	-0.0146464	0.206217	0	0	0.206217	0.908042	0.0146464	0
6620	0.659729	0.046349	0.404288	0.659729	0.046349	0.404288	0	0	0
6623	-0.487963	0.221386	0.319076	0	0.221386	0.319076	0.487963	0	0
27044	-0.691098	0.193273	0.271086	0	0.193273	0.271086	0.691098	0	0
283596	0.190665	-0.464288	0.101298	0.190665	0	0.101298	0	0.464288	0
100505806	-0.049473	0.245832	-0.641515	0	0.245832	0	0.049473	0	0.641515
84973	0.413076	-0.361912	-0.198104	0.413076	0	0	0	0.361912	0.198104
100093630	-0.898942	-0.0634892	0.0684213	0	0	0.0684213	0.898942	0.0634892	0
8303	0.171579	0.77267	0.0311841	0.171579	0.77267	0.0311841	0	0	0
389084	0.263542	0.302381	-0.0709726	0.263542	0.302381	0	0	0	0.0709726
79622	0.182295	0.730428	0.0995878	0.182295	0.730428	0.0995878	0	0	0
11017	-0.846557	-0.0241977	0.134167	0	0	0.134167	0.846557	0.0241977	0
11066	0.715715	-0.0942637	0.0119659	0.715715	0	0.0119659	0	0.0942637	0
154007	0.256202	0.0296223	-0.507658	0.256202	0.0296223	0	0	0	0.507658
6629	-0.530823	0.025518	-0.158738	0	0.025518	0	0.530823	0	0.158738
6634	-0.738999	-0.108628	-0.258034	0	0	0	0.738999	0.108628	0.258034
6640	-0.474482	-0.0926902	0.0486071	0	0	0.0486071	0.474482	0.0926902	0
6641	-0.556069	0.0192833	-0.305515	0	0.0192833	0	0.556069	0	0.305515
6645	-0.116257	0.174505	0.497935	0	0.174505	0.497935	0.116257	0	0
54212	0.810465	-0.0196622	0.223593	0.810465	0	0.223593	0	0.0196622	0
54221	-0.714588	0.0670684	-0.0137338	0	0.0670684	0	0.714588	0	0.0137338
10073	-0.709007	0.308875	0.110981	0	0.308875	0.110981	0.709007	0	0
6642	0.173525	0.346806	-0.511382	0.173525	0.346806	0	0	0	0.511382
29887	-0.385725	0.596265	0.350694	0	0.596265	0.350694	0.385725	0	0
23161	-0.504647	0.0192803	-0.0676511	0	0.0192803	0	0.504647	0	0.0676511
64089	0.223774	0.423	0.156958	0.223774	0.423	0.156958	0	0	0
6643	-0.718661	0.293835	0.0706418	0	0.293835	0.0706418	0.718661	0	0
90203	0.706592	0.458218	0.0198092	0.706592	0.458218	0.0198092	0	0	0
28966	0.450099	0.531279	-0.338539	0.450099	0.531279	0	0	0	0.338539
83891	0.244765	0.144362	-0.243507	0.244765	0.144362	0	0	0	0.243507
81609	0.656801	0.260583	-0.0524739	0.656801	0.260583	0	0	0	0.0524739
8724	-0.621284	0.430856	0.201799	0	0.430856	0.201799	0.621284	0	0
58533	-0.263692	0.226343	-0.458852	0	0.226343	0	0.263692	0	0.458852
51375	-0.917476	-0.0667323	0.152756	0	0	0.152756	0.917476	0.0667323	0
29886	0.41324	-0.2728	0.0320211	0.41324	0	0.0320211	0	0.2728	0
51429	0.373588	-0.176431	-0.118187	0.373588	0	0	0	0.176431	0.118187
6646	0.732729	0.332892	-0.229914	0.732729	0.332892	0	0	0	0.229914
55084	-0.717001	-0.11252	0.094422	0	0	0.094422	0.717001	0.11252	0
8835	-0.461146	0.0922712	-0.164273	0	0.0922712	0	0.461146	0	0.164273
9655	0.684671	-0.32011	0.288102	0.684671	0	0.288102	0	0.32011	0
30837	-0.657071	-0.285152	0.142716	0	0	0.142716	0.657071	0.285152	0
6647	-0.413112	0.50258	0.00855146	0	0.50258	0.00855146	0.413112	0	0
6648	0.412055	0.204514	-0.10679	0.412055	0.204514	0	0	0	0.10679
6649	-0.307081	0.198628	-0.309565	0	0.198628	0	0.307081	0	0.309565
402381	0.832408	0.395132	0.0440728	0.832408	0.395132	0.0440728	0	0	0
10580	0.699376	-0.0840679	-0.146272	0.699376	0	0	0	0.0840679	0.146272
8470	-0.748933	-0.387161	0.138289	0	0	0.138289	0.748933	0.387161	0
10174	0.766423	-0.105757	-0.338995	0.766423	0	0	0	0.105757	0.338995
114815	0.682435	-0.188083	0.272483	0.682435	0	0.272483	0	0.188083	0
57537	-0.500691	0.300688	-0.227636	0	0.300688	0	0.500691	0	0.227636
22986	-0.30745	-0.341383	-0.0017777	0	0	0	0.30745	0.341383	0.0017777
6653	0.759369	0.486661	0.110072	0.759369	0.486661	0.110072	0	0	0
6272	0.595845	0.183795	-0.129508	0.595845	0.183795	0	0	0	0.129508
50964	0.823362	0.117531	0.144954	0.823362	0.117531	0.144954	0	0	0
25928	0.00477998	0.0163361	-0.0524167	0.00477998	0.0163361	0	0	0	0.0524167
134548	-0.785697	-0.446197	0.226546	0	0	0.226546	0.785697	0.446197	0
345079	0.12491	0.389478	0.669677	0.12491	0.389478	0.669677	0	0	0
65124	-0.406607	0.0643715	-0.562083	0	0.0643715	0	0.406607	0	0.562083
347454	-0.61299	0.176588	-0.167503	0	0.176588	0	0.61299	0	0.167503
6664	-0.839297	0.135652	-0.177084	0	0.135652	0	0.839297	0	0.177084
6665	0.145779	-0.481319	0.0399093	0.145779	0	0.0399093	0	0.481319	0
64321	0.473865	0.340659	-0.196533	0.473865	0.340659	0	0	0	0.196533
6658	-0.574129	0.168366	-0.513988	0	0.168366	0	0.574129	0	0.513988
6659	-0.746924	-0.238047	0.125709	0	0	0.125709	0.746924	0.238047	0
6660	-0.61744	0.398968	-0.141002	0	0.398968	0	0.61744	0	0.141002
6670	0.606803	-0.0256782	0.243042	0.606803	0	0.243042	0	0.0256782	0
389058	-0.874044	0.0332634	-0.0277658	0	0.0332634	0	0.874044	0	0.0277658
100131390	0.471558	-0.333804	0.152016	0.471558	0	0.152016	0	0.333804	0
53340	-0.479097	-0.327415	-0.0687016	0	0	0	0.479097	0.327415	0.0687016
11092	-0.63244	0.309996	0.20719	0	0.309996	0.20719	0.63244	0	0
79582	0.77267	-0.0928429	-0.204295	0.77267	0	0	0	0.0928429	0.204295
6676	0.893694	0.197412	0.025353	0.893694	0.197412	0.025353	0	0	0
10615	0.364511	-0.265687	-0.000338081	0.364511	0	0	0	0.265687	0.000338081
9043	0.422071	0.137226	0.017756	0.422071	0.137226	0.017756	0	0	0
6678	-0.557433	0.17107	-0.553206	0	0.17107	0	0.557433	0	0.553206
8404	0.509145	0.428341	-0.25754	0.509145	0.428341	0	0	0	0.25754
23111	0.68634	0.180641	-0.211175	0.68634	0.180641	0	0	0	0.211175
100505741	-0.440452	-0.029751	-0.182553	0	0	0	0.440452	0.029751	0.182553
221178	-0.327737	0.0812829	-0.50833	0	0.0812829	0	0.327737	0	0.50833
132671	-0.632571	0.489711	-0.210541	0	0.489711	0	0.632571	0	0.210541
64847	-0.574954	0.35949	-0.028782	0	0.35949	0	0.574954	0	0.028782
84690	0.537764	0.125633	0.0451186	0.537764	0.125633	0.0451186	0	0	0
124045	-0.92748	-0.0512892	-0.0806617	0	0	0	0.92748	0.0512892	0.0806617
132851	-0.666901	-0.0672637	0.0867834	0	0	0.0867834	0.666901	0.0672637	0
54558	0.328002	0.302359	-0.445774	0.328002	0.302359	0	0	0	0.445774
55812	0.243636	-0.370224	-0.112125	0.243636	0	0	0	0.370224	0.112125
84221	-0.806682	-0.00635508	0.248887	0	0	0.248887	0.806682	0.00635508	0
26010	-0.298741	-0.272819	0.523177	0	0	0.523177	0.298741	0.272819	0
9789	0.104479	0.481502	-0.105099	0.104479	0.481502	0	0	0	0.105099
60559	-0.341157	-0.217908	0.349208	0	0	0.349208	0.341157	0.217908	0
25803	0.228981	0.540083	0.310013	0.228981	0.540083	0.310013	0	0	0
54908	-0.581746	-0.178465	0.118125	0	0	0.118125	0.581746	0.178465	0
442590	0.298645	-0.58086	0.243754	0.298645	0	0.243754	0	0.58086	0
92521	0.794016	0.0594432	-0.22653	0.794016	0.0594432	0	0	0	0.22653
23384	0.712181	0.241697	-0.043082	0.712181	0.241697	0	0	0	0.043082
79925	0.668968	-0.111311	-0.197086	0.668968	0	0	0	0.111311	0.197086
10290	-0.0922844	-0.64497	0.215966	0	0	0.215966	0.0922844	0.64497	0
8877	0.703016	0.391796	-0.18026	0.703016	0.391796	0	0	0	0.18026
56848	0.684145	0.614329	-0.103462	0.684145	0.614329	0	0	0	0.103462
80309	-0.629479	0.47795	-0.402476	0	0.47795	0	0.629479	0	0.402476
6689	0.583784	0.163424	0.0525892	0.583784	0.163424	0.0525892	0	0	0
152185	-0.665628	0.070886	0.24718	0	0.070886	0.24718	0.665628	0	0
23514	0.281248	-0.78468	0.0988789	0.281248	0	0.0988789	0	0.78468	0
169981	0.513099	-0.255304	0.22368	0.513099	0	0.22368	0	0.255304	0
139886	-0.58282	-0.147604	-0.211976	0	0	0	0.58282	0.147604	0.211976
6691	0.11815	-0.70579	0.148846	0.11815	0	0.148846	0	0.70579	0
646424	0.438833	0.0732066	-0.419293	0.438833	0.0732066	0	0	0	0.419293
10653	-0.787924	0.0685224	0.271498	0	0.0685224	0.271498	0.787924	0	0
124976	0.796555	-0.113368	-0.163633	0.796555	0	0	0	0.113368	0.163633
90853	0.678521	0.0790393	0.0990356	0.678521	0.0790393	0.0990356	0	0	0
50859	0.177357	0.271901	-0.372001	0.177357	0.271901	0	0	0	0.372001
10417	-0.550553	0.571617	0.296023	0	0.571617	0.296023	0.550553	0	0
339745	0.607549	0.166351	-0.101214	0.607549	0.166351	0	0	0	0.101214
6696	0.360609	0.239315	-0.478713	0.360609	0.239315	0	0	0	0.478713
121665	-0.885784	0.0795542	0.208841	0	0.0795542	0.208841	0.885784	0	0
6697	0.0973671	0.778768	-0.113576	0.0973671	0.778768	0	0	0	0.113576
161742	-0.727831	-0.216055	0.00207146	0	0	0.00207146	0.727831	0.216055	0
503542	-0.630761	0.2806	0.528191	0	0.2806	0.528191	0.630761	0	0
6706	-0.754111	0.0423082	0.261953	0	0.0423082	0.261953	0.754111	0	0
83932	0.378761	-0.058137	-0.0258354	0.378761	0	0	0	0.058137	0.0258354
10252	-0.571139	0.459505	-0.0194013	0	0.459505	0	0.571139	0	0.0194013
81848	0.114594	0.688911	0.0860575	0.114594	0.688911	0.0860575	0	0	0
80176	0.514383	0.434929	-0.44243	0.514383	0.434929	0	0	0	0.44243
90864	0.438866	-0.184094	0.323047	0.438866	0	0.323047	0	0.184094	0
6710	0.569288	-0.364225	-0.0831886	0.569288	0	0	0	0.364225	0.0831886
57731	0.737682	-0.198674	0.250392	0.737682	0	0.250392	0	0.198674	0
51332	0.517352	0.538598	-0.182588	0.517352	0.538598	0	0	0	0.182588
171546	-0.555323	-0.288946	-0.422458	0	0	0	0.555323	0.288946	0.422458
165679	0.911473	0.107711	0.149244	0.911473	0.107711	0.149244	0	0	0
6713	-0.770832	0.258028	-0.0454888	0	0.258028	0	0.770832	0	0.0454888
58472	-0.580866	0.324719	-0.222148	0	0.324719	0	0.580866	0	0.222148
10011	0.781778	0.204675	0.186731	0.781778	0.204675	0.186731	0	0	0
149563	0.600313	0.165404	-0.00872705	0.600313	0.165404	0	0	0	0.00872705
6715	-0.46548	0.373607	-0.198358	0	0.373607	0	0.46548	0	0.198358
79644	-0.622205	-0.167851	0.000660421	0	0	0.000660421	0.622205	0.167851	0
6720	-0.431679	-0.319061	-0.396353	0	0	0	0.431679	0.319061	0.396353
140890	0.28094	-0.426315	-0.0592733	0.28094	0	0	0	0.426315	0.0592733
285672	-0.631723	-0.181598	0.0220751	0	0	0.0220751	0.631723	0.181598	0
153443	0.762987	-0.324606	-0.078076	0.762987	0	0	0	0.324606	0.078076
57522	-0.68514	-0.0406646	-0.45777	0	0	0	0.68514	0.0406646	0.45777
23380	0.439307	0.509422	-0.292604	0.439307	0.509422	0	0	0	0.292604
5552	0.0777646	0.187298	-0.428138	0.0777646	0.187298	0	0	0	0.428138
6717	-0.521526	0.253444	-0.03648	0	0.253444	0	0.521526	0	0.03648
6723	-0.831004	0.195508	0.0122484	0	0.195508	0.0122484	0.831004	0	0
6726	-0.572105	0.170291	-0.0705844	0	0.170291	0	0.572105	0	0.0705844
6732	0.731671	-0.0781395	0.313193	0.731671	0	0.313193	0	0.0781395	0
6734	0.519716	0.65187	0.154426	0.519716	0.65187	0.154426	0	0	0
8406	-0.117867	0.328737	-0.54236	0	0.328737	0	0.117867	0	0.54236
63826	-0.625313	0.136063	0.0315874	0	0.136063	0.0315874	0.625313	0	0
402055	-0.749112	0.0647534	0.246762	0	0.0647534	0.246762	0.749112	0	0
10250	0.31413	-0.118613	-0.10801	0.31413	0	0	0	0.118613	0.10801
222183	0.536969	-0.431384	-0.126844	0.536969	0	0	0	0.431384	0.126844
84530	0.321932	-0.534735	0.371429	0.321932	0	0.371429	0	0.534735	0
6426	0.805203	-0.23714	0.0147475	0.805203	0	0.0147475	0	0.23714	0
9295	0.360891	-0.608429	0.0291573	0.360891	0	0.0291573	0	0.608429	0
135295	-0.781891	-0.0758459	0.251274	0	0	0.251274	0.781891	0.0758459	0
10929	0.74339	-0.163346	0.183386	0.74339	0	0.183386	0	0.163346	0
140809	0.732616	0.434489	0.228934	0.732616	0.434489	0.228934	0	0	0
6742	-0.567925	0.427918	-0.0137584	0	0.427918	0	0.567925	0	0.0137584
23635	-0.514626	-0.365922	-0.230184	0	0	0	0.514626	0.365922	0.230184
23648	0.563916	-0.456742	0.0702063	0.563916	0	0.0702063	0	0.456742	0
170463	-0.478942	-0.199855	0.11758	0	0	0.11758	0.478942	0.199855	0
136853	-0.554874	0.590582	-0.079456	0	0.590582	0	0.554874	0	0.079456
284297	-0.45889	0.135339	-0.221389	0	0.135339	0	0.45889	0	0.221389
54961	0.761987	-0.188908	-0.172823	0.761987	0	0	0	0.188908	0.172823
6748	-0.659642	0.254768	0.0453021	0	0.254768	0.0453021	0.659642	0	0
6750	-0.887669	0.0698615	-0.0837118	0	0.0698615	0	0.887669	0	0.0837118
6751	-0.967168	-0.0089818	0.116061	0	0	0.116061	0.967168	0.0089818	0
6752	-0.802014	0.0196723	0.126837	0	0.0196723	0.126837	0.802014	0	0
117178	0.39463	-0.475773	0.342949	0.39463	0	0.342949	0	0.475773	0
9705	0.159761	0.137831	-0.385235	0.159761	0.137831	0	0	0	0.385235
400410	-0.890752	0.16454	-0.0619141	0	0.16454	0	0.890752	0	0.0619141
6482	-0.0522303	0.585866	-0.348447	0	0.585866	0	0.0522303	0	0.348447
6483	0.557236	-0.0312629	-0.235156	0.557236	0	0	0	0.0312629	0.235156
6487	0.547277	0.319864	0.346874	0.547277	0.319864	0.346874	0	0	0
8869	0.690332	-0.228486	-0.199106	0.690332	0	0	0	0.228486	0.199106
10402	0.83767	-0.32856	-0.0105465	0.83767	0	0	0	0.32856	0.0105465
100874207	0.810125	-0.0256312	-0.137105	0.810125	0	0	0	0.0256312	0.137105
6480	-0.548113	0.296731	0.0283128	0	0.296731	0.0283128	0.548113	0	0
84620	-0.32233	-0.763013	0.118479	0	0	0.118479	0.32233	0.763013	0
55808	0.682824	0.192832	-0.13951	0.682824	0.192832	0	0	0	0.13951
256435	0.152634	0.366958	-0.506426	0.152634	0.366958	0	0	0	0.506426
81849	-0.716356	0.042267	0.485889	0	0.042267	0.485889	0.716356	0	0
30815	-0.748429	0.0309598	0.0583711	0	0.0309598	0.0583711	0.748429	0	0
93653	-0.278945	-0.135932	-0.24668	0	0	0	0.278945	0.135932	0.24668
54879	0.399309	-0.571206	-0.0243016	0.399309	0	0	0	0.571206	0.0243016
6489	0.847065	0.159644	0.0384663	0.847065	0.159644	0.0384663	0	0	0
51046	-0.133081	0.0191423	0.578348	0	0.0191423	0.578348	0.133081	0	0
7903	-0.509026	-0.371047	-0.095865	0	0	0	0.509026	0.371047	0.095865
29906	0.719981	0.447727	0.204647	0.719981	0.447727	0.204647	0	0	0
23166	-0.592786	0.204174	-0.159322	0	0.204174	0	0.592786	0	0.159322
342667	0.884206	0.348567	-0.0897816	0.884206	0.348567	0	0	0	0.0897816
10274	0.465074	-0.472982	-0.0785155	0.465074	0	0	0	0.472982	0.0785155
10734	-0.447359	-0.250768	-0.273992	0	0	0	0.447359	0.250768	0.273992
10617	0.422359	0.0160943	-0.383606	0.422359	0.0160943	0	0	0	0.383606
57559	0.528893	-0.265616	0.578095	0.528893	0	0.578095	0	0.265616	0
6770	0.603286	0.535773	0.108658	0.603286	0.535773	0.108658	0	0	0
10809	0.773996	-0.156594	-0.000482584	0.773996	0	0	0	0.156594	0.000482584
83930	-0.611552	0.44883	-0.0882111	0	0.44883	0	0.611552	0	0.0882111
134429	0.159754	0.641	0.420637	0.159754	0.641	0.420637	0	0	0
80765	0.874733	0.0731563	0.0512593	0.874733	0.0731563	0.0512593	0	0	0
57519	0.727408	-0.187091	-0.277543	0.727408	0	0	0	0.187091	0.277543
6772	0.324926	-0.329573	-0.151161	0.324926	0	0	0	0.329573	0.151161
6775	0.798452	-0.246834	0.299022	0.798452	0	0.299022	0	0.246834	0
6778	-0.0848877	0.42192	0.606566	0	0.42192	0.606566	0.0848877	0	0
27067	0.864894	0.307375	0.167331	0.864894	0.307375	0.167331	0	0	0
8987	-0.248527	0.504652	0.230508	0	0.504652	0.230508	0.248527	0	0
26872	-0.196311	0.321834	0.608554	0	0.321834	0.608554	0.196311	0	0
261729	0.645429	0.48343	0.388005	0.645429	0.48343	0.388005	0	0	0
6786	-0.715315	-0.0424677	0.193937	0	0	0.193937	0.715315	0.0424677	0
57620	0.704519	-0.109928	0.0335952	0.704519	0	0.0335952	0	0.109928	0
6793	-0.233682	0.313702	-0.484677	0	0.313702	0	0.233682	0	0.484677
114790	0.0754241	-0.230873	-0.0614687	0.0754241	0	0	0	0.230873	0.0614687
9263	-0.68461	0.431364	-0.146598	0	0.431364	0	0.68461	0	0.146598
9262	-0.595877	0.0147333	-0.251439	0	0.0147333	0	0.595877	0	0.251439
10494	-0.846389	0.0507182	0.161967	0	0.0507182	0.161967	0.846389	0	0
51765	0.645645	0.441029	0.00923097	0.645645	0.441029	0.00923097	0	0	0
56164	-0.346427	-0.544034	-0.357482	0	0	0	0.346427	0.544034	0.357482
282974	-0.781669	0.132006	0.173526	0	0.132006	0.173526	0.781669	0	0
65975	0.0826981	0.0728406	-0.647439	0.0826981	0.0728406	0	0	0	0.647439
27148	0.433663	-0.345642	-0.0384694	0.433663	0	0	0	0.345642	0.0384694
23012	0.777517	0.136611	0.214983	0.777517	0.136611	0.214983	0	0	0
27347	0.146159	0.754462	-0.121642	0.146159	0.754462	0	0	0	0.121642
83931	0.573162	-0.0222663	0.0102879	0.573162	0	0.0102879	0	0.0222663	0
3925	-0.629644	-0.136211	0.360439	0	0	0.360439	0.629644	0.136211	0
11075	-0.22893	0.673729	0.178617	0	0.673729	0.178617	0.22893	0	0
79991	0.765011	0.401011	0.105583	0.765011	0.401011	0.105583	0	0	0
2040	-0.658034	0.00506652	-0.330519	0	0.00506652	0	0.658034	0	0.330519
9399	-0.854581	0.142213	0.243415	0	0.142213	0.243415	0.854581	0	0
11037	0.130739	-0.158162	-0.501451	0.130739	0	0	0	0.158162	0.501451
85439	-0.794787	-0.0412961	-0.150434	0	0	0	0.794787	0.0412961	0.150434
56977	0.325843	-0.684487	0.168376	0.325843	0	0.168376	0	0.684487	0
90529	0.823448	-0.00743675	0.239199	0.823448	0	0.239199	0	0.00743675	0
92335	0.750902	0.125345	0.00348254	0.750902	0.125345	0.00348254	0	0	0
11171	-0.507353	0.336904	0.351326	0	0.336904	0.351326	0.507353	0	0
55342	0.825518	0.287322	0.162404	0.825518	0.287322	0.162404	0	0	0
85369	-0.683882	-0.116948	0.307504	0	0	0.307504	0.683882	0.116948	0
57464	-0.150879	-0.572119	0.0443645	0	0	0.0443645	0.150879	0.572119	0
6801	0.913471	0.0441916	-0.0429706	0.913471	0.0441916	0	0	0	0.0429706
412	0.888661	-0.0422842	0.184692	0.888661	0	0.184692	0	0.0422842	0
201595	-0.526336	-0.159919	-0.133359	0	0	0	0.526336	0.159919	0.133359
375057	-0.946558	0.034379	0.0670018	0	0.034379	0.0670018	0.946558	0	0
23673	-0.785351	0.213471	0.0576362	0	0.213471	0.0576362	0.785351	0	0
8675	0.554597	-0.0665857	-0.29404	0.554597	0	0	0	0.0665857	0.29404
415117	0.567689	0.131965	0.5283	0.567689	0.131965	0.5283	0	0	0
6804	-0.731127	-0.00420066	0.550521	0	0	0.550521	0.731127	0.00420066	0
112755	0.702171	-0.191756	0.098431	0.702171	0	0.098431	0	0.191756	0
2054	-0.616427	-0.391306	-0.137181	0	0	0	0.616427	0.391306	0.137181
8417	-0.453937	0.340169	-0.0803966	0	0.340169	0	0.453937	0	0.0803966
9482	0.625743	-0.068932	0.0343093	0.625743	0	0.0343093	0	0.068932	0
6812	0.594408	-0.206343	0.369687	0.594408	0	0.369687	0	0.206343	0
6814	-0.461677	-0.0766077	-0.507937	0	0	0	0.461677	0.0766077	0.507937
252983	-0.51684	-0.189906	-0.523089	0	0	0	0.51684	0.189906	0.523089
134957	-0.156647	0.604747	0.0752089	0	0.604747	0.0752089	0.156647	0	0
9515	0.794773	0.0159718	0.283646	0.794773	0.0159718	0.283646	0	0	0
29091	-0.295285	0.290521	0.0882714	0	0.290521	0.0882714	0.295285	0	0
55359	-0.830809	0.00400864	0.37631	0	0.00400864	0.37631	0.830809	0	0
51657	-0.487274	0.357804	-0.218389	0	0.357804	0	0.487274	0	0.218389
10923	-0.916828	0.13774	-0.0288744	0	0.13774	0	0.916828	0	0.0288744
51430	-0.585143	-0.151643	-0.263755	0	0	0	0.585143	0.151643	0.263755
10147	0.835802	-0.300772	0.0211207	0.835802	0	0.0211207	0	0.300772	0
23213	-0.41893	0.482564	-0.468165	0	0.482564	0	0.41893	0	0.468165
55959	-0.868179	0.272347	-0.137982	0	0.272347	0	0.868179	0	0.137982
27233	-0.399215	-0.0368418	-0.32805	0	0	0	0.399215	0.0368418	0.32805
285362	-0.861229	0.179373	-0.0794182	0	0.179373	0	0.861229	0	0.0794182
25870	0.472047	-0.0295363	-0.164467	0.472047	0	0	0	0.0295363	0.164467
6613	-0.619758	-0.218295	0.143247	0	0	0.143247	0.619758	0.218295	0
6612	-0.89928	0.0556677	0.0564808	0	0.0556677	0.0564808	0.89928	0	0
23353	0.293916	-0.594199	0.115302	0.293916	0	0.115302	0	0.594199	0
11198	0.632257	-0.0390333	0.267761	0.632257	0	0.267761	0	0.0390333	0
55578	0.408729	-0.389075	-0.182116	0.408729	0	0	0	0.389075	0.182116
9913	0.705291	-0.0586492	-0.11225	0.705291	0	0	0	0.0586492	0.11225
6835	0.0230751	0.549495	0.245464	0.0230751	0.549495	0.245464	0	0	0
6836	0.0719168	0.534618	0.28679	0.0719168	0.534618	0.28679	0	0	0
64420	-0.879228	-0.0393125	0.231971	0	0	0.231971	0.879228	0.0393125	0
203328	-0.650584	0.115176	-0.215604	0	0.115176	0	0.650584	0	0.215604
55061	-0.364896	0.595338	-0.135406	0	0.595338	0	0.364896	0	0.135406
26032	0.576168	0.401026	0.402023	0.576168	0.401026	0.402023	0	0	0
9766	0.0341588	0.31025	-0.0100956	0.0341588	0.31025	0	0	0	0.0100956
6839	-0.490948	0.15477	0.334056	0	0.15477	0.334056	0.490948	0	0
23512	0.575434	-0.0271867	0.235327	0.575434	0	0.235327	0	0.0271867	0
9900	0.706776	-0.364083	-0.00917619	0.706776	0	0	0	0.364083	0.00917619
9899	-0.307283	0.383133	0.677748	0	0.383133	0.677748	0.307283	0	0
22987	0.877411	0.257915	-0.0511424	0.877411	0.257915	0	0	0	0.0511424
258010	0.412965	0.134879	-0.464072	0.412965	0.134879	0	0	0	0.464072
55530	-0.84412	0.295227	0.274802	0	0.295227	0.274802	0.84412	0	0
375757	-0.586304	0.423933	-0.172798	0	0.423933	0	0.586304	0	0.172798
126074	-0.411998	0.14424	-0.176552	0	0.14424	0	0.411998	0	0.176552
55638	0.355303	-0.615371	0.448989	0.355303	0	0.448989	0	0.615371	0
93426	0.0788809	0.0481596	0.642067	0.0788809	0.0481596	0.642067	0	0	0
10388	0.932845	-0.214853	0.0422581	0.932845	0	0.0422581	0	0.214853	0
221711	0.339583	-0.374787	0.134944	0.339583	0	0.134944	0	0.374787	0
84144	0.210848	0.381123	-0.0963039	0.210848	0.381123	0	0	0	0.0963039
25949	-0.463679	-0.030707	-0.0812918	0	0	0	0.463679	0.030707	0.0812918
6850	-0.583673	0.028659	-0.215019	0	0.028659	0	0.583673	0	0.215019
6854	-0.732795	-0.22238	0.201504	0	0	0.201504	0.732795	0.22238	0
8224	0.581631	-0.465973	0.364745	0.581631	0	0.364745	0	0.465973	0
79953	0.740188	0.312563	0.185158	0.740188	0.312563	0.185158	0	0	0
23345	0.733002	-0.208471	0.238832	0.733002	0	0.238832	0	0.208471	0
163183	0.874754	-0.0241621	-0.17442	0.874754	0	0	0	0.0241621	0.17442
9144	0.28716	0.22152	-0.352219	0.28716	0.22152	0	0	0	0.352219
9143	-0.598911	0.357594	0.377159	0	0.357594	0.377159	0.598911	0	0
8867	0.415508	0.252482	-0.0987161	0.415508	0.252482	0	0	0	0.0987161
8871	0.396808	0.203432	-0.415894	0.396808	0.203432	0	0	0	0.415894
23336	-0.298902	0.559797	0.109001	0	0.559797	0.109001	0.298902	0	0
11346	-0.578724	-0.154185	0.0384165	0	0	0.0384165	0.578724	0.154185	0
171024	0.0345748	0.560488	0.371328	0.0345748	0.560488	0.371328	0	0	0
132204	-0.820534	-0.0303311	0.157922	0	0	0.157922	0.820534	0.0303311	0
6856	0.362296	0.24049	-0.479204	0.362296	0.24049	0	0	0	0.479204
6857	-0.288974	-0.0437071	0.504523	0	0	0.504523	0.288974	0.0437071	0
341359	-0.681411	-0.103783	0.0748861	0	0	0.0748861	0.681411	0.103783	0
91683	0.891042	0.181531	0.0561717	0.891042	0.181531	0.0561717	0	0	0
57586	-0.128225	0.0253597	0.679438	0	0.0253597	0.679438	0.128225	0	0
255928	0.182151	-0.153942	0.225162	0.182151	0	0.225162	0	0.153942	0
83849	0.634295	0.241702	-0.346393	0.634295	0.241702	0	0	0	0.346393
83851	-0.427355	-0.127085	0.433376	0	0	0.433376	0.427355	0.127085	0
51760	-0.942597	0.0442403	0.0327889	0	0.0442403	0.0327889	0.942597	0	0
127833	0.874038	0.338901	-0.182756	0.874038	0.338901	0	0	0	0.182756
84258	0.695212	0.410614	0.055318	0.695212	0.410614	0.055318	0	0	0
6860	-0.57089	0.502537	0.251449	0	0.502537	0.251449	0.57089	0	0
6861	-0.444276	0.0632075	0.610824	0	0.0632075	0.610824	0.444276	0	0
148281	-0.140044	0.229235	-0.747418	0	0.229235	0	0.140044	0	0.747418
143425	-0.573837	0.284114	-0.186581	0	0.284114	0	0.573837	0	0.186581
84958	-0.725438	-0.437862	0.0132746	0	0	0.0132746	0.725438	0.437862	0
54843	-0.815706	-0.374951	0.126036	0	0	0.126036	0.815706	0.374951	0
94120	-0.35775	0.515136	-0.394658	0	0.515136	0	0.35775	0	0.394658
94121	-0.569287	0.163641	-0.130522	0	0.163641	0	0.569287	0	0.130522
94122	-0.797531	-0.25299	0.0816357	0	0	0.0816357	0.797531	0.25299	0
26099	-0.260613	0.162233	-0.519696	0	0.162233	0	0.260613	0	0.519696
23334	0.731311	-0.232498	-0.119321	0.731311	0	0	0	0.232498	0.119321
23118	-0.651605	0.241272	0.106278	0	0.241272	0.106278	0.651605	0	0
257397	0.536595	0.35715	0.243745	0.536595	0.35715	0.243745	0	0	0
6863	-0.665672	0.481075	-0.0631053	0	0.481075	0	0.665672	0	0.0631053
6866	-0.494926	-0.535863	0.307153	0	0	0.307153	0.494926	0.535863	0
6867	0.628	-0.140786	0.130909	0.628	0	0.130909	0	0.140786	0
10460	0.526957	0.20465	-0.0490556	0.526957	0.20465	0	0	0	0.0490556
6865	-0.625908	0.169793	0.278671	0	0.169793	0.278671	0.625908	0	0
117143	-0.581846	-0.353754	0.117986	0	0	0.117986	0.581846	0.353754	0
6871	0.702532	-0.439952	0.181249	0.702532	0	0.181249	0	0.439952	0
93624	0.741354	0.000839732	-0.0671533	0.741354	0.000839732	0	0	0	0.0671533
6881	-0.702226	0.268225	-0.0399397	0	0.268225	0	0.702226	0	0.0399397
6883	0.494168	0.212253	-0.112763	0.494168	0.212253	0	0	0	0.112763
6884	0.678502	0.159112	-0.107307	0.678502	0.159112	0	0	0	0.107307
9015	-0.327891	-0.334816	0.119178	0	0	0.119178	0.327891	0.334816	0
9013	0.582359	-0.192786	-0.0350532	0.582359	0	0	0	0.192786	0.0350532
79101	0.540993	-0.0921049	0.060645	0.540993	0	0.060645	0	0.0921049	0
83860	0.678212	0.0560505	-0.131982	0.678212	0.0560505	0	0	0	0.131982
6875	0.842463	-0.210206	0.110024	0.842463	0	0.110024	0	0.210206	0
27097	0.458423	-0.198785	-0.0945976	0.458423	0	0	0	0.198785	0.0945976
51616	-0.865022	0.135559	-0.122087	0	0.135559	0	0.865022	0	0.122087
8407	-0.505456	-0.15107	-0.442504	0	0	0	0.505456	0.15107	0.442504
29114	-0.685111	-0.00247247	0.175937	0	0	0.175937	0.685111	0.00247247	0
6888	-0.326361	0.17169	-0.427811	0	0.17169	0	0.326361	0	0.427811
132001	-0.740612	0.0564768	0.248694	0	0.0564768	0.248694	0.740612	0	0
85461	0.539334	0.220388	-0.470183	0.539334	0.220388	0	0	0	0.470183
128989	0.677902	-0.0772154	-0.202677	0.677902	0	0	0	0.0772154	0.202677
79613	-0.438785	0.238609	0.219301	0	0.238609	0.219301	0.438785	0	0
57551	-0.540363	0.463342	0.0569201	0	0.463342	0.0569201	0.540363	0	0
6890	0.497478	-0.061684	-0.582285	0.497478	0	0	0	0.061684	0.582285
202018	-0.383836	0.082909	0.123738	0	0.082909	0.123738	0.383836	0	0
6894	-0.152152	-0.405712	0.313554	0	0	0.313554	0.152152	0.405712	0
23435	0.689621	-0.229815	0.0979289	0.689621	0	0.0979289	0	0.229815	0
50839	0.608448	-0.149499	0.159039	0.608448	0	0.159039	0	0.149499	0
50838	0.664088	-0.200836	-0.187892	0.664088	0	0	0	0.200836	0.187892
50840	0.709506	-0.341893	-0.0872788	0.709506	0	0	0	0.341893	0.0872788
259293	0.661733	-0.426495	-0.179921	0.661733	0	0	0	0.426495	0.179921
259290	0.636008	-0.373815	-0.081591	0.636008	0	0	0	0.373815	0.081591
259289	0.593506	-0.349606	-0.101711	0.593506	0	0	0	0.349606	0.101711
54429	0.584093	-0.322544	-0.197189	0.584093	0	0	0	0.322544	0.197189
259296	0.538016	-0.208931	-0.118035	0.538016	0	0	0	0.208931	0.118035
55617	0.385793	-0.0982981	0.32066	0.385793	0	0.32066	0	0.0982981	0
83940	-0.436144	0.509971	-0.0895413	0	0.509971	0	0.436144	0	0.0895413
8887	0.207477	0.638442	0.0360677	0.207477	0.638442	0.0360677	0	0	0
23216	0.576185	-0.0136849	0.140233	0.576185	0	0.140233	0	0.0136849	0
83874	-0.826883	0.0276908	0.0498926	0	0.0276908	0.0498926	0.826883	0	0
374403	-0.288701	0.217668	-0.251968	0	0.217668	0	0.288701	0	0.251968
23232	0.417354	0.22326	-0.370768	0.417354	0.22326	0	0	0	0.370768
54662	-0.71862	-0.00229286	-0.0736754	0	0	0	0.71862	0.00229286	0.0736754
57533	-0.681979	-0.0842848	-0.0272276	0	0	0	0.681979	0.0842848	0.0272276
64786	0.0125068	0.12784	0.0495719	0.0125068	0.12784	0.0495719	0	0	0
125058	0.718657	-0.011647	-0.0663244	0.718657	0	0	0	0.011647	0.0663244
55296	0.745055	0.154498	0.00150443	0.745055	0.154498	0.00150443	0	0	0
25771	-0.545623	0.233793	0.0216184	0	0.233793	0.0216184	0.545623	0	0
57465	-0.828889	-0.0958532	0.303404	0	0	0.303404	0.828889	0.0958532	0
353149	-0.84565	-0.264312	0.0228778	0	0	0.0228778	0.84565	0.264312	0
23329	0.713245	-0.00126341	-0.123213	0.713245	0	0	0	0.00126341	0.123213
93594	-0.180009	-0.3556	-0.121375	0	0	0	0.180009	0.3556	0.121375
9882	0.837668	0.13577	-0.0476432	0.837668	0.13577	0	0	0	0.0476432
11138	0.633943	0.0961844	-0.271424	0.633943	0.0961844	0	0	0	0.271424
54885	0.408329	-0.0388288	-0.205571	0.408329	0	0	0	0.0388288	0.205571
23158	-0.0905461	-0.107333	0.515358	0	0	0.515358	0.0905461	0.107333	0
23061	0.0988817	0.525177	-0.316521	0.0988817	0.525177	0	0	0	0.316521
6902	-0.83559	0.167821	-0.0828389	0	0.167821	0	0.83559	0	0.0828389
1155	-0.618528	0.199522	0.0631734	0	0.199522	0.0631734	0.618528	0	0
6905	0.822199	0.226456	-0.0179982	0.822199	0.226456	0	0	0	0.0179982
219899	0.555673	-0.206008	-0.122243	0.555673	0	0	0	0.206008	0.122243
6907	-0.0390749	-0.233104	-0.507508	0	0	0	0.0390749	0.233104	0.507508
90665	0.195515	-0.353968	-0.446733	0.195515	0	0	0	0.353968	0.446733
26608	-0.516234	0.195636	0.211945	0	0.195636	0.211945	0.516234	0	0
10716	0.777031	-0.179628	0.175206	0.777031	0	0.175206	0	0.179628	0
84897	0.468263	0.169682	0.205442	0.468263	0.169682	0.205442	0	0	0
9095	-0.510117	-0.0270875	-0.526085	0	0	0	0.510117	0.0270875	0.526085
6909	0.210035	0.453657	-0.256246	0.210035	0.453657	0	0	0	0.256246
6926	0.428255	0.276054	-0.225592	0.428255	0.276054	0	0	0	0.225592
6915	-0.549459	0.227063	-0.0627133	0	0.227063	0	0.549459	0	0.0627133
123036	0.288069	0.276972	-0.00558196	0.288069	0.276972	0	0	0	0.00558196
8557	-0.650008	-0.485989	0.1625	0	0	0.1625	0.650008	0.485989	0
6920	-0.933035	0.123563	0.0336076	0	0.123563	0.0336076	0.933035	0	0
51186	-0.404565	0.285849	-0.22727	0	0.285849	0	0.404565	0	0.22727
10915	0.495118	-0.439168	-0.0296981	0.495118	0	0	0	0.439168	0.0296981
256536	-0.119622	0.684278	0.186302	0	0.684278	0.186302	0.119622	0	0
83439	-0.664994	-0.00628333	-0.10521	0	0	0	0.664994	0.00628333	0.10521
6934	0.806683	-0.116607	0.157734	0.806683	0	0.157734	0	0.116607	0
10732	-0.137344	0.233711	-0.217227	0	0.233711	0	0.137344	0	0.217227
7062	0.772428	0.155095	0.10477	0.772428	0.155095	0.10477	0	0	0
84260	0.670921	-0.351845	-0.141935	0.670921	0	0	0	0.351845	0.141935
56892	0.358352	0.33829	-0.0629564	0.358352	0.33829	0	0	0	0.0629564
6949	0.708078	0.207939	0.365399	0.708078	0.207939	0.365399	0	0	0
6988	-0.664263	0.452753	-0.0872793	0	0.452753	0	0.664263	0	0.0872793
202500	-0.624995	0.0908061	0.017015	0	0.0908061	0.017015	0.624995	0	0
79600	-0.663007	-0.441933	0.0215287	0	0	0.0215287	0.663007	0.441933	0
79867	0.439159	-0.245521	0.155291	0.439159	0	0.155291	0	0.245521	0
6996	0.518374	-0.362138	0.183712	0.518374	0	0.183712	0	0.362138	0
51567	0.737781	0.152868	-0.0129391	0.737781	0.152868	0	0	0	0.0129391
56165	0.709765	-0.33394	0.422054	0.709765	0	0.422054	0	0.33394	0
126668	-0.245089	0.108949	-0.365396	0	0.108949	0	0.245089	0	0.365396
81550	0.791381	-0.221067	-0.276329	0.791381	0	0	0	0.221067	0.276329
221400	0.605314	-0.490244	-0.217203	0.605314	0	0	0	0.490244	0.217203
23424	0.343834	0.438302	0.162901	0.343834	0.438302	0.162901	0	0	0
122402	-0.859286	-0.018058	0.0597743	0	0	0.0597743	0.859286	0.018058	0
11022	-0.724309	0.344882	0.352002	0	0.344882	0.352002	0.724309	0	0
9895	-0.797979	-0.209305	-0.0630818	0	0	0	0.797979	0.209305	0.0630818
7007	0.132999	0.288068	-0.511455	0.132999	0.288068	0	0	0	0.511455
80178	0.41168	-0.240982	0.405732	0.41168	0	0.405732	0	0.240982	0
7010	-0.743753	-0.267402	-0.0287015	0	0	0	0.743753	0.267402	0.0287015
27285	-0.776272	-0.346832	-0.00182959	0	0	0	0.776272	0.346832	0.00182959
150483	0.381902	0.375942	-0.0732375	0.381902	0.375942	0	0	0	0.0732375
10178	-0.6439	0.0893177	-0.391547	0	0.0893177	0	0.6439	0	0.391547
57451	0.202602	-0.852175	0.188393	0.202602	0	0.188393	0	0.852175	0
55714	-0.837033	-0.253	0.0285483	0	0	0.0285483	0.837033	0.253	0
26011	0.478959	-0.400457	-0.00365113	0.478959	0	0	0	0.400457	0.00365113
146705	0.650082	-0.0996492	-0.183766	0.650082	0	0	0	0.0996492	0.183766
7013	-0.707248	-0.0371426	0.0277452	0	0	0.0277452	0.707248	0.0371426	0
54386	-0.587058	-0.0618351	0.310715	0	0	0.310715	0.587058	0.0618351	0
26136	0.265433	0.330122	-0.248126	0.265433	0.330122	0	0	0	0.248126
54997	0.639056	0.542743	0.0307477	0.639056	0.542743	0.0307477	0	0	0
9840	0.57994	0.600875	0.399068	0.57994	0.600875	0.399068	0	0	0
122046	-0.154683	0.54713	-0.428209	0	0.54713	0	0.154683	0	0.428209
121793	0.574476	0.543356	0.488768	0.574476	0.543356	0.488768	0	0	0
93081	0.10062	0.67123	0.082033	0.10062	0.67123	0.082033	0	0	0
219557	0.195199	0.611909	0.0270973	0.195199	0.611909	0.0270973	0	0	0
374618	-0.541454	-0.118217	-0.260319	0	0	0	0.541454	0.118217	0.260319
7018	0.24648	0.281981	-0.429184	0.24648	0.281981	0	0	0	0.429184
7019	0.897745	0.150404	0.0825663	0.897745	0.150404	0.0825663	0	0	0
64216	0.674708	-0.088681	0.249686	0.674708	0	0.249686	0	0.088681	0
7029	-0.232976	0.687718	-0.220077	0	0.687718	0	0.232976	0	0.220077
7942	0.441444	0.0616144	-0.387173	0.441444	0.0616144	0	0	0	0.387173
22797	-0.601169	-0.224999	-0.162216	0	0	0	0.601169	0.224999	0.162216
29844	-0.788919	0.318846	0.185969	0	0.318846	0.185969	0.788919	0	0
7037	-0.183114	0.774739	0.0023906	0	0.774739	0.0023906	0.183114	0	0
7038	-0.786595	0.25963	-0.196527	0	0.25963	0	0.786595	0	0.196527
7045	-0.622337	0.466815	-0.257937	0	0.466815	0	0.622337	0	0.257937
7046	0.513244	0.127316	-0.403017	0.513244	0.127316	0	0	0	0.403017
100507588	-0.428551	-0.183494	0.647263	0	0	0.647263	0.428551	0.183494	0
9392	0.357014	0.19023	0.557585	0.357014	0.19023	0.557585	0	0	0
7051	0.739596	-0.0305983	0.024686	0.739596	0	0.024686	0	0.0305983	0
7052	0.279576	0.280362	-0.114243	0.279576	0.280362	0	0	0	0.114243
10618	-0.55614	0.252752	0.162767	0	0.252752	0.162767	0.55614	0	0
56906	0.93621	0.0414702	0.0624592	0.93621	0.0414702	0.0624592	0	0	0
199745	-0.550702	0.282946	0.0900623	0	0.282946	0.0900623	0.550702	0	0
7056	-0.434291	0.355979	-0.123163	0	0.355979	0	0.434291	0	0.123163
7059	0.650531	-0.184237	0.167961	0.650531	0	0.167961	0	0.184237	0
7060	-0.376932	0.240939	-0.57092	0	0.240939	0	0.376932	0	0.57092
117145	0.455289	0.13251	-0.169095	0.455289	0.13251	0	0	0	0.169095
284486	-0.420576	0.492643	0.1856	0	0.492643	0.1856	0.420576	0	0
51337	0.647373	0.387642	0.132609	0.647373	0.387642	0.132609	0	0	0
387357	0.583336	0.480176	0.0685325	0.583336	0.480176	0.0685325	0	0	0
9473	0.54199	0.580927	-0.359484	0.54199	0.580927	0	0	0	0.359484
54974	0.591052	-0.229947	-0.0120306	0.591052	0	0	0	0.229947	0.0120306
55258	-0.543335	0.0545276	0.084392	0	0.0545276	0.084392	0.543335	0	0
9984	0.527339	-0.595802	-0.16061	0.527339	0	0	0	0.595802	0.16061
57187	0.31541	-0.473483	-0.153051	0.31541	0	0	0	0.473483	0.153051
7067	-0.902759	-0.161219	0.0276107	0	0	0.0276107	0.902759	0.161219	0
7068	-0.653734	-0.238507	0.298829	0	0	0.298829	0.653734	0.238507	0
79875	0.589979	-0.252939	-0.25828	0.589979	0	0	0	0.252939	0.25828
221981	0.31068	-0.791217	0.0307881	0.31068	0	0.0307881	0	0.791217	0
79178	-0.833499	-0.159499	0.0342849	0	0	0.0342849	0.833499	0.159499	0
7070	-0.199716	0.442181	0.473942	0	0.442181	0.473942	0.199716	0	0
7072	0.451304	-0.401054	-0.00733172	0.451304	0	0	0	0.401054	0.00733172
7074	0.595937	-0.61844	0.00613909	0.595937	0	0.00613909	0	0.61844	0
26230	0.601212	0.282558	0.257027	0.601212	0.282558	0.257027	0	0	0
148022	0.567372	0.216534	0.158769	0.567372	0.216534	0.158769	0	0	0
7075	0.36871	0.39799	-0.123157	0.36871	0.39799	0	0	0	0.123157
92610	0.849417	0.200202	-0.125534	0.849417	0.200202	0	0	0	0.125534
57103	0.720271	0.374284	-0.0914915	0.720271	0.374284	0	0	0	0.0914915
220359	0.741477	0.141191	0.359826	0.741477	0.141191	0.359826	0	0	0
26519	-0.828757	0.243341	0.170764	0	0.243341	0.170764	0.828757	0	0
26517	-0.659136	0.309475	0.0431128	0	0.309475	0.0431128	0.659136	0	0
10245	-0.571495	0.0991822	0.219827	0	0.0991822	0.219827	0.571495	0	0
29090	0.229361	0.425664	-0.0588419	0.229361	0.425664	0	0	0	0.0588419
100652748	0.6439	-0.205506	-0.25831	0.6439	0	0	0	0.205506	0.25831
1678	0.338021	0.211883	0.226911	0.338021	0.211883	0.226911	0	0	0
26521	-0.902287	0.272401	-0.124652	0	0.272401	0	0.902287	0	0.124652
7076	-0.734088	0.00704279	-0.275915	0	0.00704279	0	0.734088	0	0.275915
7077	-0.740361	-0.27764	-0.298906	0	0	0	0.740361	0.27764	0.298906
7078	-0.483714	-0.0386058	-0.430946	0	0	0	0.483714	0.0386058	0.430946
7079	-0.612125	0.304488	-0.320651	0	0.304488	0	0.612125	0	0.320651
257000	-0.822694	-0.0751627	-0.126656	0	0	0	0.822694	0.0751627	0.126656
25976	-0.0177212	0.408036	-0.455413	0	0.408036	0	0.0177212	0	0.455413
7083	0.113523	-0.300339	0.137025	0.113523	0	0.137025	0	0.300339	0
7084	-0.19711	0.170791	-0.249167	0	0.170791	0	0.19711	0	0.249167
26007	-0.902064	-0.0651695	-0.0994721	0	0	0	0.902064	0.0651695	0.0994721
727910	-0.425233	0.264393	-0.066894	0	0.264393	0	0.425233	0	0.066894
7088	-0.289542	-0.735617	0.201621	0	0	0.201621	0.289542	0.735617	0
7089	0.833314	-0.0792474	-0.0969422	0.833314	0	0	0	0.0792474	0.0969422
7091	0.116068	0.128251	-0.441201	0.116068	0.128251	0	0	0	0.441201
9874	-0.354029	0.341639	-0.282329	0	0.341639	0	0.354029	0	0.282329
7092	-0.572996	-0.372181	0.319195	0	0	0.319195	0.572996	0.372181	0
7093	-0.176075	0.221289	-0.473718	0	0.221289	0	0.176075	0	0.473718
83660	-0.706231	-0.136293	0.469853	0	0	0.469853	0.706231	0.136293	0
7096	-0.382483	0.0242868	-0.283522	0	0.0242868	0	0.382483	0	0.283522
7097	-0.501408	0.0588579	-0.311203	0	0.0588579	0	0.501408	0	0.311203
7098	-0.479062	0.174411	-0.26431	0	0.174411	0	0.479062	0	0.26431
7099	-0.478525	0.0624868	-0.0902088	0	0.0624868	0	0.478525	0	0.0902088
10333	-0.320015	0.0910781	-0.423575	0	0.0910781	0	0.320015	0	0.423575
51284	-0.561712	0.330551	-0.0098542	0	0.330551	0	0.561712	0	0.0098542
3196	0.459183	-0.00690486	0.176608	0.459183	0	0.176608	0	0.00690486	0
80213	-0.864097	0.151488	0.198461	0	0.151488	0.198461	0.864097	0	0
116441	0.448686	0.26339	-0.270114	0.448686	0.26339	0	0	0	0.270114
53346	0.114744	0.71432	0.259073	0.114744	0.71432	0.259073	0	0	0
7108	-0.565624	0.365802	0.260899	0	0.365802	0.260899	0.565624	0	0
55319	0.298826	-0.141392	0.151943	0.298826	0	0.151943	0	0.141392	0
11322	0.235302	0.179492	-0.393791	0.235302	0.179492	0	0	0	0.393791
79905	0.264128	0.0838935	-0.398047	0.264128	0.0838935	0	0	0	0.398047
147138	-0.521106	0.0695114	-0.313955	0	0.0695114	0	0.521106	0	0.313955
23023	0.503232	-0.145812	0.0886056	0.503232	0	0.0886056	0	0.145812	0
9911	0.816481	0.321193	-0.203672	0.816481	0.321193	0	0	0	0.203672
55374	0.436148	-0.15607	-0.246449	0.436148	0	0	0	0.15607	0.246449
10972	-0.699336	-0.126948	-0.0376176	0	0	0	0.699336	0.126948	0.0376176
23423	-0.396549	0.481607	-0.00653486	0	0.481607	0	0.396549	0	0.00653486
23671	-0.866709	0.196483	-0.0880473	0	0.196483	0	0.866709	0	0.0880473
55273	-0.590986	-0.278074	-0.320471	0	0	0	0.590986	0.278074	0.320471
113277	-0.608382	0.070838	-0.340235	0	0.070838	0	0.608382	0	0.340235
79022	-0.845477	-0.104322	0.128694	0	0	0.128694	0.845477	0.104322	0
84314	-0.763685	-0.361783	0.347267	0	0	0.347267	0.763685	0.361783	0
66000	-0.831054	-0.164344	0.183193	0	0	0.183193	0.831054	0.164344	0
79073	0.395482	-0.223007	0.220846	0.395482	0	0.220846	0	0.223007	0
84216	-0.601784	0.433772	-0.0606542	0	0.433772	0	0.601784	0	0.0606542
83862	-0.623717	0.424576	-0.111903	0	0.424576	0	0.623717	0	0.111903
80757	-0.408838	-0.0255227	0.256288	0	0	0.256288	0.408838	0.0255227	0
128218	0.144519	0.176728	-0.350768	0.144519	0.176728	0	0	0	0.350768
55654	0.766555	0.108959	0.0917148	0.766555	0.108959	0.0917148	0	0	0
85013	-0.656558	-0.084644	-0.250085	0	0	0	0.656558	0.084644	0.250085
222865	-0.872939	-0.0104318	0.227993	0	0	0.227993	0.872939	0.0104318	0
54972	-0.785473	-0.185363	0.316581	0	0	0.316581	0.785473	0.185363	0
92293	0.760601	0.301233	-0.0836021	0.760601	0.301233	0	0	0	0.0836021
121256	-0.230528	-0.000405933	0.596953	0	0	0.596953	0.230528	0.000405933	0
124842	0.673848	-0.590298	0.241322	0.673848	0	0.241322	0	0.590298	0
55281	0.359155	0.348005	-0.33018	0.359155	0.348005	0	0	0	0.33018
85014	-0.255223	0.666472	0.110129	0	0.666472	0.110129	0.255223	0	0
284339	0.778851	-0.263731	-0.0829773	0.778851	0	0	0	0.263731	0.0829773
51522	0.752584	0.209173	-0.0464543	0.752584	0.209173	0	0	0	0.0464543
441027	-0.533583	0.567229	0.306415	0	0.567229	0.306415	0.533583	0	0
256472	-0.173066	0.519077	-0.0994002	0	0.519077	0	0.173066	0	0.0994002
25907	-0.936984	-0.140637	0.118701	0	0	0.118701	0.936984	0.140637	0
84187	-0.71985	0.0119211	0.217207	0	0.0119211	0.217207	0.71985	0	0
55858	0.315722	0.101395	-0.462321	0.315722	0.101395	0	0	0	0.462321
92691	0.535486	0.363107	0.0444694	0.535486	0.363107	0.0444694	0	0	0
200728	-0.853869	-0.00954012	-0.0517104	0	0	0	0.853869	0.00954012	0.0517104
124491	-0.583432	-0.175053	-0.317718	0	0	0	0.583432	0.175053	0.317718
100113407	0.607068	0.00751467	0.433494	0.607068	0.00751467	0.433494	0	0	0
55365	-0.793052	0.0199226	-0.17138	0	0.0199226	0	0.793052	0	0.17138
28959	-0.787283	0.0521136	-0.145158	0	0.0521136	0	0.787283	0	0.145158
130733	0.546442	-0.00587316	-0.109463	0.546442	0	0	0	0.00587316	0.109463
374395	-0.300971	0.0482712	-0.463251	0	0.0482712	0	0.300971	0	0.463251
129787	-0.723628	0.0105146	0.0933929	0	0.0105146	0.0933929	0.723628	0	0
57583	-0.52015	0.0526431	0.29444	0	0.0526431	0.29444	0.52015	0	0
130827	-0.252794	0.638502	-0.234687	0	0.638502	0	0.252794	0	0.234687
25829	-0.226851	0.439658	-0.0181436	0	0.439658	0	0.226851	0	0.0181436
55751	0.598279	0.564315	0.0289273	0.598279	0.564315	0.0289273	0	0	0
8269	-0.386227	0.238352	-0.0794648	0	0.238352	0	0.386227	0	0.0794648
256130	-0.426088	0.214276	0.0429079	0	0.214276	0.0429079	0.426088	0	0
114801	-0.884644	-0.0833583	-0.012864	0	0	0	0.884644	0.0833583	0.012864
645369	-0.324661	0.12944	0.56518	0	0.12944	0.56518	0.324661	0	0
199953	0.654687	0.258309	-0.225585	0.654687	0.258309	0	0	0	0.225585
79652	0.632214	0.362978	-0.0575606	0.632214	0.362978	0	0	0	0.0575606
374882	-0.734767	0.0487764	0.256143	0	0.0487764	0.256143	0.734767	0	0
29100	-0.787503	0.272656	-0.0169692	0	0.272656	0	0.787503	0	0.0169692
84928	-0.478505	-0.106483	-0.324811	0	0	0	0.478505	0.106483	0.324811
401498	-0.583925	-0.298099	0.0884525	0	0	0.0884525	0.583925	0.298099	0
219854	-0.51972	-0.0981936	-0.381738	0	0	0	0.51972	0.0981936	0.381738
124446	-0.53124	0.1831	-0.102445	0	0.1831	0	0.53124	0	0.102445
79064	0.77733	-0.103166	0.194683	0.77733	0	0.194683	0	0.103166	0
730130	0.538841	0.161851	-0.111339	0.538841	0.161851	0	0	0	0.111339
161145	0.743076	0.271517	-0.121681	0.743076	0.271517	0	0	0	0.121681
642987	0.299827	0.149418	0.198256	0.299827	0.149418	0.198256	0	0	0
387890	-0.684082	-0.142593	-0.103071	0	0	0	0.684082	0.142593	0.103071
56063	-0.677234	-0.0392108	0.209361	0	0	0.209361	0.677234	0.0392108	0
65062	0.78558	-0.0233	0.122978	0.78558	0	0.122978	0	0.0233	0
388564	-0.811903	-0.0729695	-0.0890336	0	0	0	0.811903	0.0729695	0.0890336
85019	0.364209	-0.647494	0.38706	0.364209	0	0.38706	0	0.647494	0
729515	-0.602331	-0.0869241	0.309194	0	0	0.309194	0.602331	0.0869241	0
79161	0.341721	0.522406	0.400913	0.341721	0.522406	0.400913	0	0	0
253582	-0.334359	-0.287242	-0.360891	0	0	0	0.334359	0.287242	0.360891
348013	0.707214	0.27687	-0.305944	0.707214	0.27687	0	0	0	0.305944
254863	-0.676956	0.282241	-0.0284033	0	0.282241	0	0.676956	0	0.0284033
90488	-0.957682	0.0145913	0.0925478	0	0.0145913	0.0925478	0.957682	0	0
100862671	0.47799	-0.285656	-0.00156087	0.47799	0	0	0	0.285656	0.00156087
203197	0.667191	-0.140177	0.490005	0.667191	0	0.490005	0	0.140177	0
59353	0.654259	0.0701292	-0.0164911	0.654259	0.0701292	0	0	0	0.0164911
100506144	-0.211995	-0.483361	-0.511065	0	0	0	0.211995	0.483361	0.511065
79041	0.68213	-0.0926466	0.464219	0.68213	0	0.464219	0	0.0926466	0
55254	0.510668	-0.360856	-0.181967	0.510668	0	0	0	0.360856	0.181967
55116	-0.148353	-0.381816	0.272049	0	0	0.272049	0.148353	0.381816	0
131616	-0.527538	0.142825	-0.158257	0	0.142825	0	0.527538	0	0.158257
79188	-0.586864	-0.165191	-0.190848	0	0	0	0.586864	0.165191	0.190848
93109	-0.122108	0.549489	-0.0606907	0	0.549489	0	0.122108	0	0.0606907
120224	0.406985	0.296339	-0.337848	0.406985	0.296339	0	0	0	0.337848
83604	-0.711744	-0.222957	0.0388421	0	0	0.0388421	0.711744	0.222957	0
55092	-0.374009	-0.0602698	-0.329515	0	0	0	0.374009	0.0602698	0.329515
339456	-0.882594	0.0318457	0.0188098	0	0.0318457	0.0188098	0.882594	0	0
79639	-0.753511	0.267066	0.215662	0	0.267066	0.215662	0.753511	0	0
113452	-0.638153	0.142314	0.275028	0	0.142314	0.275028	0.638153	0	0
9528	0.734582	0.257238	0.0816381	0.734582	0.257238	0.0816381	0	0	0
25789	-0.7399	0.114789	0.337955	0	0.114789	0.337955	0.7399	0	0
199964	-0.330427	0.123197	-0.195931	0	0.123197	0	0.330427	0	0.195931
9725	0.184583	0.256095	-0.423722	0.184583	0.256095	0	0	0	0.423722
157378	-0.583678	0.427584	0.0726266	0	0.427584	0.0726266	0.583678	0	0
91147	0.205953	-0.316307	0.086514	0.205953	0	0.086514	0	0.316307	0
137695	-0.737163	-0.199603	-0.0849817	0	0	0	0.737163	0.199603	0.0849817
54968	-0.432821	0.633685	0.0432136	0	0.633685	0.0432136	0.432821	0	0
55321	-0.135418	-0.331168	0.299441	0	0	0.299441	0.135418	0.331168	0
388730	0.834507	0.308346	0.192887	0.834507	0.308346	0.192887	0	0	0
144110	-0.50632	0.0710405	0.289709	0	0.0710405	0.289709	0.50632	0	0
255043	0.840984	-0.189374	0.101051	0.840984	0	0.101051	0	0.189374	0
25963	0.269414	0.0834958	-0.332997	0.269414	0.0834958	0	0	0	0.332997
92162	0.471726	0.276913	-0.266455	0.471726	0.276913	0	0	0	0.266455
51754	-0.576863	-0.363078	0.218774	0	0	0.218774	0.576863	0.363078	0
252839	-0.748319	0.139104	0.058842	0	0.139104	0.058842	0.748319	0	0
641649	-0.389021	-0.682171	0.120253	0	0	0.120253	0.389021	0.682171	0
9772	-0.600349	-0.306266	0.0476578	0	0	0.0476578	0.600349	0.306266	0
27346	-0.412895	0.235181	0.387279	0	0.235181	0.387279	0.412895	0	0
26022	0.220723	0.178484	-0.476516	0.220723	0.178484	0	0	0	0.476516
7110	0.562919	-0.326628	-0.01666	0.562919	0	0	0	0.326628	0.01666
7111	-0.0266446	-0.488606	0.600149	0	0	0.600149	0.0266446	0.488606	0
29766	-0.63844	-0.399292	-0.119829	0	0	0	0.63844	0.399292	0.119829
7112	0.698325	-0.182784	0.359467	0.698325	0	0.359467	0	0.182784	0
80975	-0.64373	-0.235764	-0.304262	0	0	0	0.64373	0.235764	0.304262
9168	-0.876026	0.141543	0.290053	0	0.141543	0.290053	0.876026	0	0
11013	-0.100475	-0.776114	-0.129151	0	0	0	0.100475	0.776114	0.129151
286527	-0.306457	-0.633187	0.0175191	0	0	0.0175191	0.306457	0.633187	0
7114	-0.774388	0.188851	-0.163071	0	0.188851	0	0.774388	0	0.163071
9087	-0.532441	-0.041762	0.0151584	0	0	0.0151584	0.532441	0.041762	0
83857	-0.651533	0.482095	-0.14539	0	0.482095	0	0.651533	0	0.14539
160335	0.0705272	0.00338277	-0.274902	0.0705272	0.00338277	0	0	0	0.274902
84899	0.708933	-0.308606	0.0845141	0.708933	0	0.0845141	0	0.308606	0
81542	0.0999725	0.444998	-0.378174	0.0999725	0.444998	0	0	0	0.378174
51075	0.512394	0.402711	-0.0304182	0.512394	0.402711	0	0	0	0.0304182
56255	0.613158	0.513638	0.133858	0.613158	0.513638	0.133858	0	0	0
3371	0.048487	0.405056	-0.374819	0.048487	0.405056	0	0	0	0.374819
7124	0.755837	-0.159078	-0.173547	0.755837	0	0	0	0.159078	0.173547
7126	0.499523	0.139653	0.362741	0.499523	0.139653	0.362741	0	0	0
7127	-0.701114	-0.255077	-0.129063	0	0	0	0.701114	0.255077	0.129063
126282	-0.583047	0.168313	0.53318	0	0.168313	0.53318	0.583047	0	0
79626	-0.629645	0.117612	-0.134863	0	0.117612	0	0.629645	0	0.134863
388121	-0.617788	0.22171	-0.149298	0	0.22171	0	0.617788	0	0.149298
8795	-0.403018	0.157282	-0.341823	0	0.157282	0	0.403018	0	0.341823
8792	-0.765116	-0.120315	0.471479	0	0	0.471479	0.765116	0.120315	0
51330	0.258473	0.288037	-0.589009	0.258473	0.288037	0	0	0	0.589009
8764	-0.108297	0.58876	0.182549	0	0.58876	0.182549	0.108297	0	0
27242	0.0756872	0.775672	-0.307825	0.0756872	0.775672	0	0	0	0.307825
8718	0.688936	-0.307408	0.223097	0.688936	0	0.223097	0	0.307408	0
7293	0.373174	-0.139439	0.573874	0.373174	0	0.573874	0	0.139439	0
8742	-0.459707	-0.359267	0.135597	0	0	0.135597	0.459707	0.359267	0
10673	-0.173532	-0.228559	0.67649	0	0	0.67649	0.173532	0.228559	0
23043	-0.777381	-0.161069	-0.108555	0	0	0	0.777381	0.161069	0.108555
10318	0.825036	0.268348	-0.147756	0.825036	0.268348	0	0	0	0.147756
79155	0.00831715	0.494717	-0.154643	0.00831715	0.494717	0	0	0	0.154643
8658	0.51819	0.220928	-0.220675	0.51819	0.220928	0	0	0	0.220675
80351	-0.664957	-0.30366	-0.0985591	0	0	0	0.664957	0.30366	0.0985591
7125	0.768207	-0.082255	0.320202	0.768207	0	0.320202	0	0.082255	0
7137	-0.695058	0.0311632	0.23513	0	0.0311632	0.23513	0.695058	0	0
7138	-0.83431	-0.0621481	0.233298	0	0	0.233298	0.83431	0.0621481	0
7139	0.342514	0.662757	0.371697	0.342514	0.662757	0.371697	0	0	0
7143	-0.634293	-0.313531	-0.0687004	0	0	0	0.634293	0.313531	0.0687004
27327	0.497424	-0.291163	0.0325906	0.497424	0	0.0325906	0	0.291163	0
23112	0.368577	-0.60994	0.102711	0.368577	0	0.102711	0	0.60994	0
57690	0.159746	-0.460372	0.0835231	0.159746	0	0.0835231	0	0.460372	0
7145	0.37171	0.0834247	-0.658395	0.37171	0.0834247	0	0	0	0.658395
64759	-0.569777	-0.150727	-0.0220924	0	0	0	0.569777	0.150727	0.0220924
7148	0.582518	0.0680466	0.0481599	0.582518	0.0680466	0.0481599	0	0	0
10140	0.277073	-0.124577	-0.434382	0.277073	0	0	0	0.124577	0.434382
114034	0.0623122	-0.506641	0.217926	0.0623122	0	0.217926	0	0.506641	0
54472	-0.640191	0.241173	0.35051	0	0.241173	0.35051	0.640191	0	0
10040	-0.756692	0.207138	0.144569	0	0.207138	0.144569	0.756692	0	0
10953	0.0769575	0.203024	-0.0989407	0.0769575	0.203024	0	0	0	0.0989407
10452	0.602422	0.229748	0.0326038	0.602422	0.229748	0.0326038	0	0	0
100188893	-0.703188	0.0886815	0.147421	0	0.0886815	0.147421	0.703188	0	0
116447	-0.438476	-0.237143	-0.430629	0	0	0	0.438476	0.237143	0.430629
163590	0.634516	0.316167	-0.230809	0.634516	0.316167	0	0	0	0.230809
9760	0.19307	-0.164127	0.55078	0.19307	0	0.55078	0	0.164127	0
84969	0.818066	0.398871	0.192315	0.818066	0.398871	0.192315	0	0	0
27324	-0.806679	-0.313658	-0.0371994	0	0	0	0.806679	0.313658	0.0371994
9878	-0.384909	0.496799	0.154421	0	0.496799	0.154421	0.384909	0	0
63970	0.0672958	-0.378442	0.171699	0.0672958	0	0.171699	0	0.378442	0
7158	-0.741909	-0.167156	0.190488	0	0	0.190488	0.741909	0.167156	0
7159	-0.601651	-0.0383185	-0.110296	0	0	0	0.601651	0.0383185	0.110296
9537	-0.793252	-0.447533	0.166606	0	0	0.166606	0.793252	0.447533	0
9540	-0.473044	-0.226673	0.27775	0	0	0.27775	0.473044	0.226673	0
58476	0.302009	0.042985	-0.378916	0.302009	0.042985	0	0	0	0.378916
11257	-0.575294	0.247555	-0.29096	0	0.247555	0	0.575294	0	0.29096
729264	0.56192	0.0722829	0.372561	0.56192	0.0722829	0.372561	0	0	0
7162	0.464644	0.630461	0.435271	0.464644	0.630461	0.435271	0	0	0
53373	0.537365	-0.302894	-0.384561	0.537365	0	0	0	0.302894	0.384561
7163	-0.3069	0.370893	0.497431	0	0.370893	0.497431	0.3069	0	0
7164	0.0661263	0.0203121	-0.18716	0.0661263	0.0203121	0	0	0	0.18716
25941	0.447799	0.679203	0.090715	0.447799	0.679203	0.090715	0	0	0
7167	-0.500043	0.517902	0.327579	0	0.517902	0.327579	0.500043	0	0
27010	0.260521	0.241115	0.577371	0.260521	0.241115	0.577371	0	0	0
7168	-0.553997	-0.318232	0.192181	0	0	0.192181	0.553997	0.318232	0
7170	-0.929427	0.199001	0.0642812	0	0.199001	0.0642812	0.929427	0	0
7173	-0.630273	-0.0716416	0.248733	0	0	0.248733	0.630273	0.0716416	0
1200	-0.161492	0.234262	-0.357327	0	0.234262	0	0.161492	0	0.357327
7174	0.659259	-0.155291	-0.196565	0.659259	0	0	0	0.155291	0.196565
51673	-0.46016	0.283666	-0.493156	0	0.283666	0	0.46016	0	0.493156
51002	0.667986	-0.0929915	-0.0660503	0.667986	0	0	0	0.0929915	0.0660503
8460	-0.695728	0.354471	0.314301	0	0.354471	0.314301	0.695728	0	0
8459	0.493258	0.393821	0.3117	0.493258	0.393821	0.3117	0	0	0
22974	-0.510209	0.281875	0.334809	0	0.281875	0.334809	0.510209	0	0
80305	0.510106	-0.20706	-0.248499	0.510106	0	0	0	0.20706	0.248499
129293	-0.3744	0.371394	0.428065	0	0.371394	0.428065	0.3744	0	0
8717	0.234178	0.414629	-0.519709	0.234178	0.414629	0	0	0	0.519709
7187	0.564536	0.541933	0.0640958	0.564536	0.541933	0.0640958	0	0	0
26146	0.68597	0.092735	0.0873396	0.68597	0.092735	0.0873396	0	0	0
10758	-0.468988	-0.00385191	-0.296621	0	0	0	0.468988	0.00385191	0.296621
80342	-0.553506	0.128006	-0.28313	0	0.128006	0	0.553506	0	0.28313
7188	-0.157566	0.231697	0.168931	0	0.231697	0.168931	0.157566	0	0
10293	-0.717838	-0.486824	0.0404201	0	0	0.0404201	0.717838	0.486824	0
66008	0.70887	-0.0625559	-0.30541	0.70887	0	0	0	0.0625559	0.30541
23471	0.0884597	0.1642	-0.466794	0.0884597	0.1642	0	0	0	0.466794
9697	0.11916	0.27432	0.338263	0.11916	0.27432	0.338263	0	0	0
401264	0.481525	0.149715	-0.0540471	0.481525	0.149715	0	0	0	0.0540471
9881	0.725007	-0.483468	0.0911458	0.725007	0	0.0911458	0	0.483468	0
51693	-0.878785	0.137693	0.0836834	0	0.137693	0.0836834	0.878785	0	0
126003	-0.493706	0.209614	0.379326	0	0.209614	0.379326	0.493706	0	0
79090	-0.728279	0.104329	-0.0830743	0	0.104329	0	0.728279	0	0.0830743
122553	-0.551232	-0.207484	0.055943	0	0	0.055943	0.551232	0.207484	0
54209	-0.372453	0.231259	-0.244482	0	0.231259	0	0.372453	0	0.244482
55809	0.714707	-0.454485	0.265559	0.714707	0	0.265559	0	0.454485	0
7200	-0.353587	0.166825	-0.135714	0	0.166825	0	0.353587	0	0.135714
51499	0.547322	-0.350737	0.0288699	0.547322	0	0.0288699	0	0.350737	0
10221	-0.558036	0.41517	-0.122676	0	0.41517	0	0.558036	0	0.122676
57761	-0.79619	-0.145514	0.288755	0	0	0.288755	0.79619	0.145514	0
9865	-0.60252	-0.0673242	-0.207891	0	0	0	0.60252	0.0673242	0.207891
81559	-0.416421	-0.469507	0.3114	0	0	0.3114	0.416421	0.469507	0
10206	0.507702	0.0743216	0.0980131	0.507702	0.0743216	0.0980131	0	0	0
9830	0.148026	-0.44215	0.29681	0.148026	0	0.29681	0	0.44215	0
51127	-0.571343	-0.0387905	0.382664	0	0	0.382664	0.571343	0.0387905	0
23321	0.280519	0.454627	-0.301684	0.280519	0.454627	0	0	0	0.301684
10346	-0.659596	0.181737	-0.0726364	0	0.181737	0	0.659596	0	0.0726364
8805	-0.755716	-0.00740428	0.219384	0	0	0.219384	0.755716	0.00740428	0
7726	0.593527	0.0679561	-0.164885	0.593527	0.0679561	0	0	0	0.164885
5987	-0.881991	0.059156	0.140713	0	0.059156	0.140713	0.881991	0	0
22954	0.645176	0.0736941	0.312052	0.645176	0.0736941	0.312052	0	0	0
51592	0.261036	-0.453858	0.104492	0.261036	0	0.104492	0	0.453858	0
23087	0.688382	0.31724	-0.172135	0.688382	0.31724	0	0	0	0.172135
55521	-0.897954	0.167126	-0.0354851	0	0.167126	0	0.897954	0	0.0354851
4591	0.71162	0.494461	0.0902639	0.71162	0.494461	0.0902639	0	0	0
54765	0.805447	-0.0415834	0.0219766	0.805447	0	0.0219766	0	0.0415834	0
80263	-0.355665	-0.390952	-0.0818052	0	0	0	0.355665	0.390952	0.0818052
91107	0.469243	0.34116	-0.248275	0.469243	0.34116	0	0	0	0.248275
84851	0.681134	-0.221546	0.0212003	0.681134	0	0.0212003	0	0.221546	0
57159	0.434161	-0.377641	0.444803	0.434161	0	0.444803	0	0.377641	0
25893	0.619292	0.190899	-0.211673	0.619292	0.190899	0	0	0	0.211673
391712	-0.0729828	-0.251971	-0.290638	0	0	0	0.0729828	0.251971	0.290638
55223	0.446171	0.0122284	-0.217803	0.446171	0.0122284	0	0	0	0.217803
440730	0.106306	0.0337787	-0.443885	0.106306	0.0337787	0	0	0	0.443885
55128	-0.668698	0.0570048	0.0305182	0	0.0570048	0.0305182	0.668698	0	0
81786	0.626216	-0.450113	0.348513	0.626216	0	0.348513	0	0.450113	0
131405	-0.666011	-0.242043	0.0859588	0	0	0.0859588	0.666011	0.242043	0
114088	0.460452	-0.24148	0.530987	0.460452	0	0.530987	0	0.24148	0
205860	-0.511902	-0.289682	0.341275	0	0	0.341275	0.511902	0.289682	0
7204	0.160489	-0.77788	0.19951	0.160489	0	0.19951	0	0.77788	0
9321	0.73833	-0.172878	-0.22535	0.73833	0	0	0	0.172878	0.22535
9320	-0.638202	0.502853	-0.075514	0	0.502853	0	0.638202	0	0.075514
9325	0.473908	-0.308984	-0.292413	0.473908	0	0	0	0.308984	0.292413
7205	-0.516188	0.0835168	-0.42718	0	0.0835168	0	0.516188	0	0.42718
54802	-0.00639905	-0.608752	0.0252901	0	0	0.0252901	0.00639905	0.608752	0
93587	0.834852	0.25985	-0.0588335	0.834852	0.25985	0	0	0	0.0588335
60487	0.669074	-0.182385	0.0683645	0.669074	0	0.0683645	0	0.182385	0
51504	-0.641481	0.305524	-0.0127662	0	0.305524	0	0.641481	0	0.0127662
55039	-0.636739	0.139075	0.124733	0	0.139075	0.124733	0.636739	0	0
79979	0.769081	-0.0441538	-0.212688	0.769081	0	0	0	0.0441538	0.212688
55006	0.76527	0.17395	-0.0440355	0.76527	0.17395	0	0	0	0.0440355
57604	0.861645	-0.00587278	-0.0502506	0.861645	0	0	0	0.00587278	0.0502506
55687	0.681392	0.190454	0.0459304	0.681392	0.190454	0.0459304	0	0	0
388610	0.720025	-0.0204581	-0.101551	0.720025	0	0	0	0.0204581	0.101551
7220	-0.0840255	-0.494134	-0.217264	0	0	0	0.0840255	0.494134	0.217264
7222	0.924461	0.0163235	-0.129542	0.924461	0.0163235	0	0	0	0.129542
7223	-0.616666	-0.13402	-0.25033	0	0	0	0.616666	0.13402	0.25033
7224	0.0873462	0.327412	0.015442	0.0873462	0.327412	0.015442	0	0	0
7225	-0.533076	0.240624	-0.446463	0	0.240624	0	0.533076	0	0.446463
7226	0.677201	0.425495	0.0619608	0.677201	0.425495	0.0619608	0	0	0
80036	0.788646	0.165379	-0.261696	0.788646	0.165379	0	0	0	0.261696
54822	0.529496	-0.148622	0.0750418	0.529496	0	0.0750418	0	0.148622	0
7227	-0.453491	0.165359	-0.43269	0	0.165359	0	0.453491	0	0.43269
83707	0.572215	0.605624	-0.183376	0.572215	0.605624	0	0	0	0.183376
51393	-0.623439	0.116628	0.371294	0	0.116628	0.371294	0.623439	0	0
56302	0.531342	0.27332	-0.314818	0.531342	0.27332	0	0	0	0.314818
8295	0.283713	-0.615203	-0.0939923	0.283713	0	0	0	0.615203	0.0939923
8848	0.679741	-0.290699	0.190856	0.679741	0	0.190856	0	0.290699	0
116461	0.461952	0.0205724	-0.145881	0.461952	0.0205724	0	0	0	0.145881
80746	0.618046	-0.288506	0.244471	0.618046	0	0.244471	0	0.288506	0
79042	-0.886652	-0.105506	-0.0590874	0	0	0	0.886652	0.105506	0.0590874
283989	0.469085	-0.261951	-0.230233	0.469085	0	0	0	0.261951	0.230233
10194	0.427182	-0.553582	0.359819	0.427182	0	0.359819	0	0.553582	0
128553	0.0504794	-0.38302	0.578656	0.0504794	0	0.578656	0	0.38302	0
57616	0.164594	-0.614474	0.492772	0.164594	0	0.492772	0	0.614474	0
25987	-0.538701	0.293171	-0.298739	0	0.293171	0	0.538701	0	0.298739
7247	-0.60832	0.0143569	0.201848	0	0.0143569	0.201848	0.60832	0	0
203062	0.652397	-0.130581	-0.093978	0.652397	0	0	0	0.130581	0.093978
10103	0.501148	-0.421027	0.0845065	0.501148	0	0.0845065	0	0.421027	0
441631	-0.545651	-0.374354	-0.277224	0	0	0	0.545651	0.374354	0.277224
27075	0.502111	-0.22406	0.342998	0.502111	0	0.342998	0	0.22406	0
81619	-0.750784	-0.173941	0.27593	0	0	0.27593	0.750784	0.173941	0
90139	-0.705805	0.195077	-0.399655	0	0.195077	0	0.705805	0	0.399655
10100	-0.695059	0.332931	-0.342597	0	0.332931	0	0.695059	0	0.342597
340348	-0.707179	0.326349	0.244941	0	0.326349	0.244941	0.707179	0	0
7106	-0.73914	0.0141455	-0.360794	0	0.0141455	0	0.73914	0	0.360794
10098	0.281638	0.310109	0.462889	0.281638	0.310109	0.462889	0	0	0
7105	-0.716145	0.13279	-0.247211	0	0.13279	0	0.716145	0	0.247211
7103	0.247048	0.434391	-0.579955	0.247048	0.434391	0	0	0	0.579955
10867	0.726605	0.0987997	-0.00257542	0.726605	0.0987997	0	0	0	0.00257542
9256	-0.78238	-0.314239	0.247426	0	0	0.247426	0.78238	0.314239	0
7259	0.501831	-0.0364124	0.395234	0.501831	0	0.395234	0	0.0364124	0
64061	-0.44061	-0.454096	0.364302	0	0	0.364302	0.44061	0.454096	0
23270	0.595007	-0.204612	0.414748	0.595007	0	0.414748	0	0.204612	0
100131187	-0.921328	-0.0988137	0.103005	0	0	0.103005	0.921328	0.0988137	0
158427	0.535475	-0.330841	0.0406816	0.535475	0	0.0406816	0	0.330841	0
146057	0.852793	0.179169	-0.0688929	0.852793	0.179169	0	0	0	0.0688929
7265	-0.0642701	0.262164	-0.0460324	0	0.262164	0	0.0642701	0	0.0460324
54970	0.343993	0.426633	-0.214256	0.343993	0.426633	0	0	0	0.214256
199223	0.0528869	-0.612975	0.0629537	0.0528869	0	0.0629537	0	0.612975	0
79809	0.852863	-0.239429	0.0424552	0.852863	0	0.0424552	0	0.239429	0
153657	-0.561663	-0.106085	-0.0808514	0	0	0	0.561663	0.106085	0.0808514
7267	-0.623405	0.189158	0.0103899	0	0.189158	0.0103899	0.623405	0	0
22996	0.794359	0.432653	-0.166758	0.794359	0.432653	0	0	0	0.166758
158219	0.89909	-0.0936193	0.00163666	0.89909	0	0.00163666	0	0.0936193	0
125488	0.759888	-0.295228	0.236672	0.759888	0	0.236672	0	0.295228	0
145567	-0.660248	-0.0297011	-0.145452	0	0	0	0.660248	0.0297011	0.145452
123016	-0.44517	-0.694182	0.247728	0	0	0.247728	0.44517	0.694182	0
23508	-0.0913791	0.538158	0.15568	0	0.538158	0.15568	0.0913791	0	0
148014	-0.655103	-0.336926	0.207431	0	0	0.207431	0.655103	0.336926	0
283237	-0.198679	0.312311	0.411817	0	0.312311	0.411817	0.198679	0	0
8458	-0.563718	0.114665	-0.1252	0	0.114665	0	0.563718	0	0.1252
25809	-0.79065	0.0274343	0.120734	0	0.0274343	0.120734	0.79065	0	0
158135	0.615396	0.287304	-0.139609	0.615396	0.287304	0	0	0	0.139609
23170	0.23982	0.433843	0.292527	0.23982	0.433843	0.292527	0	0	0
7273	-0.218054	0.199588	-0.155944	0	0.199588	0	0.218054	0	0.155944
79183	-0.626109	0.439073	0.286018	0	0.439073	0.286018	0.626109	0	0
7276	-0.219606	-0.203715	-0.435991	0	0	0	0.219606	0.203715	0.435991
57348	-0.656364	0.0204418	-0.0745951	0	0.0204418	0	0.656364	0	0.0745951
80727	-0.566639	-0.159944	0.281327	0	0	0.281327	0.566639	0.159944	0
7846	-0.582987	0.506576	-0.0210008	0	0.506576	0	0.582987	0	0.0210008
10376	-0.542236	0.503981	0.233621	0	0.503981	0.233621	0.542236	0	0
113457	-0.727209	0.406857	-0.0670304	0	0.406857	0	0.727209	0	0.0670304
7277	-0.657294	0.510053	0.116011	0	0.510053	0.116011	0.657294	0	0
51807	0.540279	0.0505276	0.338403	0.540279	0.0505276	0.338403	0	0	0
203068	-0.887438	0.262989	0.126185	0	0.262989	0.126185	0.887438	0	0
7280	-0.891754	0.216273	0.146032	0	0.216273	0.146032	0.891754	0	0
347733	-0.654442	-0.0242253	-0.288596	0	0	0	0.654442	0.0242253	0.288596
10381	-0.790937	0.336956	0.186567	0	0.336956	0.186567	0.790937	0	0
10383	-0.486059	0.593804	0.255631	0	0.593804	0.255631	0.486059	0	0
84617	-0.869222	0.287588	0.162005	0	0.287588	0.162005	0.869222	0	0
347688	-0.527024	0.311942	0.111996	0	0.311942	0.111996	0.527024	0	0
51174	0.836082	-0.13712	0.0125418	0.836082	0	0.0125418	0	0.13712	0
51175	0.536944	-0.533196	-0.13993	0.536944	0	0	0	0.533196	0.13993
27229	0.315075	0.510191	0.455504	0.315075	0.510191	0.455504	0	0	0
114791	0.512445	0.377188	0.0600624	0.512445	0.377188	0.0600624	0	0	0
7284	-0.536915	0.463808	-0.00739126	0	0.463808	0	0.536915	0	0.00739126
286319	-0.506352	-0.305689	0.0424329	0	0	0.0424329	0.506352	0.305689	0
11334	-0.181619	0.65227	0.154667	0	0.65227	0.154667	0.181619	0	0
7991	-0.834843	-0.0563736	0.175892	0	0	0.175892	0.834843	0.0563736	0
780776	-0.635273	0.385395	0.108827	0	0.385395	0.108827	0.635273	0	0
7291	-0.254819	0.130723	0.303949	0	0.130723	0.303949	0.254819	0	0
56652	0.745166	-0.0430691	-0.0645674	0.745166	0	0	0	0.0430691	0.0645674
167838	-0.727429	-0.158005	0.289631	0	0	0.289631	0.727429	0.158005	0
55787	0.538139	-0.500287	0.0615897	0.538139	0	0.0615897	0	0.500287	0
7295	-0.842532	0.209483	0.119565	0	0.209483	0.119565	0.842532	0	0
51061	-0.288098	-0.214108	0.230458	0	0	0.230458	0.288098	0.214108	0
10907	-0.79792	0.322332	-0.0741282	0	0.322332	0	0.79792	0	0.0741282
114112	-0.67871	0.0775013	0.13387	0	0.0775013	0.13387	0.67871	0	0
1890	-0.558842	0.155311	0.00863969	0	0.155311	0.00863969	0.558842	0	0
7301	-0.628087	-0.191576	0.482913	0	0	0.482913	0.628087	0.191576	0
7305	-0.611533	0.140264	-0.230436	0	0.140264	0	0.611533	0	0.230436
7306	-0.250052	-0.0640872	0.640847	0	0	0.640847	0.250052	0.0640872	0
129450	-0.767083	0.145565	-0.0803029	0	0.145565	0	0.767083	0	0.0803029
9039	0.660711	-0.0896965	-0.0888674	0.660711	0	0	0	0.0896965	0.0888674
79876	0.421588	-0.405123	0.0874021	0.421588	0	0.0874021	0	0.405123	0
7311	-0.857278	0.193941	0.0206764	0	0.193941	0.0206764	0.857278	0	0
51271	0.762173	-0.128603	-0.0651918	0.762173	0	0	0	0.128603	0.0651918
390595	0.701217	-0.358944	-0.0562103	0.701217	0	0	0	0.358944	0.0562103
7319	-0.699092	0.108923	-0.19741	0	0.108923	0	0.699092	0	0.19741
7320	-0.633327	0.11851	0.204264	0	0.11851	0.204264	0.633327	0	0
7321	0.569372	-0.0885138	-0.122377	0.569372	0	0	0	0.0885138	0.122377
7322	-0.739144	0.313105	0.0404544	0	0.313105	0.0404544	0.739144	0	0
51619	0.627497	0.272285	0.201962	0.627497	0.272285	0.201962	0	0	0
140739	-0.00227637	0.401317	-0.181797	0	0.401317	0	0.00227637	0	0.181797
7326	0.569355	-0.0707043	-0.295112	0.569355	0	0	0	0.0707043	0.295112
7329	-0.650971	-0.169785	0.0763679	0	0	0.0763679	0.650971	0.169785	0
9246	-0.707303	-0.0331272	0.0358151	0	0	0.0358151	0.707303	0.0331272	0
9040	-0.497575	0.195545	0.188348	0	0.195545	0.188348	0.497575	0	0
63893	0.650575	-0.25557	0.159676	0.650575	0	0.159676	0	0.25557	0
134111	0.853631	0.0188748	0.321872	0.853631	0.0188748	0.321872	0	0	0
27338	-0.752239	0.253149	0.157961	0	0.253149	0.157961	0.752239	0	0
65264	-0.737247	0.164967	0.144154	0	0.164967	0.144154	0.737247	0	0
7337	-0.628302	0.242294	0.221587	0	0.242294	0.221587	0.628302	0	0
90025	-0.494994	0.145428	0.346056	0	0.145428	0.346056	0.494994	0	0
9354	0.572493	0.473302	-0.18772	0.572493	0.473302	0	0	0	0.18772
10277	0.578485	0.0719342	-0.218123	0.578485	0.0719342	0	0	0	0.218123
56061	0.437661	0.281177	0.221567	0.437661	0.281177	0.221567	0	0	0
5412	0.642117	0.390704	-0.39868	0.642117	0.390704	0	0	0	0.39868
59286	-0.822662	0.104476	0.0257459	0	0.104476	0.0257459	0.822662	0	0
134510	0.570085	-0.0269743	0.115548	0.570085	0	0.115548	0	0.0269743	0
29855	0.614851	-0.391681	-0.105582	0.614851	0	0	0	0.391681	0.105582
254048	0.51814	-0.353716	-0.0158853	0.51814	0	0	0	0.353716	0.0158853
7342	0.382088	-0.355585	0.451385	0.382088	0	0.451385	0	0.355585	0
29978	-0.529991	-0.292734	0.386017	0	0	0.386017	0.529991	0.292734	0
143630	-0.546284	0.184518	-0.109668	0	0.184518	0	0.546284	0	0.109668
23304	0.471389	-0.345896	-0.072841	0.471389	0	0	0	0.345896	0.072841
127733	0.391455	0.405644	0.524752	0.391455	0.405644	0.524752	0	0	0
80700	-0.575633	0.349681	0.279697	0	0.349681	0.279697	0.575633	0	0
7993	-0.628694	0.396453	-0.225634	0	0.396453	0	0.628694	0	0.225634
7345	-0.794081	0.270769	0.199933	0	0.270769	0.199933	0.794081	0	0
7347	-0.925935	-0.10301	-0.0426808	0	0	0	0.925935	0.10301	0.0426808
51377	0.730339	0.0828078	0.275945	0.730339	0.0828078	0.275945	0	0	0
7352	0.797011	-0.239978	0.0742913	0.797011	0	0.0742913	0	0.239978	0
51506	-0.811542	0.255174	0.00828345	0	0.255174	0.00828345	0.811542	0	0
7353	-0.412681	0.345851	-0.234726	0	0.345851	0	0.412681	0	0.234726
23376	-0.452494	-0.24295	-0.296194	0	0	0	0.452494	0.24295	0.296194
51569	-0.638552	-0.199938	-0.187415	0	0	0	0.638552	0.199938	0.187415
7357	0.687295	-0.134784	0.148383	0.687295	0	0.148383	0	0.134784	0
7360	0.539962	0.504722	0.120794	0.539962	0.504722	0.120794	0	0	0
7368	0.154722	0.106706	-0.48804	0.154722	0.106706	0	0	0	0.48804
127933	-0.733495	0.507951	-0.115615	0	0.507951	0	0.733495	0	0.115615
115426	-0.491702	-0.404892	0.253055	0	0	0.253055	0.491702	0.404892	0
51720	0.486466	-0.447597	-0.158726	0.486466	0	0	0	0.447597	0.158726
8408	0.240583	-0.500021	0.285099	0.240583	0	0.285099	0	0.500021	0
25989	0.670644	0.0178174	-0.269647	0.670644	0.0178174	0	0	0	0.269647
7372	-0.795054	0.0120635	-0.165534	0	0.0120635	0	0.795054	0	0.165534
23025	-0.105884	-0.011147	0.665778	0	0	0.665778	0.105884	0.011147	0
10497	0.302427	-0.682137	0.244789	0.302427	0	0.244789	0	0.682137	0
440279	0.434372	-0.168311	-0.244471	0.434372	0	0	0	0.168311	0.244471
728978	-0.911147	-0.198907	0.0790625	0	0	0.0790625	0.911147	0.198907	0
8633	0.134116	0.0684735	-0.14617	0.134116	0.0684735	0	0	0	0.14617
137970	-0.117522	-0.457844	0.494344	0	0	0.494344	0.117522	0.457844	0
81622	-0.38794	0.0239528	-0.19692	0	0.0239528	0	0.38794	0	0.19692
85451	0.159426	-0.554606	-0.184342	0.159426	0	0	0	0.554606	0.184342
65110	0.541276	-0.214994	-0.16142	0.541276	0	0	0	0.214994	0.16142
7378	0.921019	-0.238492	0.0646952	0.921019	0	0.0646952	0	0.238492	0
151531	-0.67683	-0.432844	0.239522	0	0	0.239522	0.67683	0.432844	0
84300	-0.780008	0.235109	-0.138088	0	0.235109	0	0.780008	0	0.138088
790955	-0.484745	0.236185	0.211012	0	0.236185	0.211012	0.484745	0	0
10975	-0.667978	0.255431	-0.107172	0	0.255431	0	0.667978	0	0.107172
7384	0.441515	0.536821	0.0351585	0.441515	0.536821	0.0351585	0	0	0
7386	-0.494603	0.642816	0.0631689	0	0.642816	0.0631689	0.494603	0	0
81605	0.924298	-0.130473	-0.00151606	0.924298	0	0	0	0.130473	0.00151606
7390	-0.664154	0.140128	0.23881	0	0.140128	0.23881	0.664154	0	0
79650	0.483825	0.474202	0.0921557	0.483825	0.474202	0.0921557	0	0	0
7392	0.760332	-0.144382	-0.053742	0.760332	0	0	0	0.144382	0.053742
205717	-0.600048	-0.0194834	0.115765	0	0	0.115765	0.600048	0.0194834	0
10083	0.364112	0.258376	-0.605264	0.364112	0.258376	0	0	0	0.605264
83878	0.384976	0.427898	0.034955	0.384976	0.427898	0.034955	0	0	0
8615	0.53722	-0.0624173	-0.144725	0.53722	0	0	0	0.0624173	0.144725
7398	0.103708	-0.336678	0.171405	0.103708	0	0.171405	0	0.336678	0
8237	-0.478068	-0.405808	0.329013	0	0	0.329013	0.478068	0.405808	0
219333	-0.625789	0.277463	0.00546334	0	0.277463	0.00546334	0.625789	0	0
8975	0.726122	-0.161704	0.0319211	0.726122	0	0.0319211	0	0.161704	0
9097	-0.593072	-0.00314902	-0.0319101	0	0	0	0.593072	0.00314902	0.0319101
10600	0.601798	-0.191766	-0.304371	0.601798	0	0	0	0.191766	0.304371
11274	-0.306197	-0.41502	-0.166455	0	0	0	0.306197	0.41502	0.166455
9099	0.609545	-0.152655	0.00681985	0.609545	0	0.00681985	0	0.152655	0
29761	-0.239143	-0.616627	0.201476	0	0	0.201476	0.239143	0.616627	0
57646	0.713115	-0.420348	0.172006	0.713115	0	0.172006	0	0.420348	0
9960	0.312393	-0.336811	-0.534714	0.312393	0	0	0	0.336811	0.534714
57478	0.815725	0.359278	0.11448	0.815725	0.359278	0.11448	0	0	0
23032	0.685863	-0.0763811	0.140469	0.685863	0	0.140469	0	0.0763811	0
57558	-0.382732	0.531692	-0.0680465	0	0.531692	0	0.382732	0	0.0680465
57602	0.529531	-0.120996	0.0148996	0.529531	0	0.0148996	0	0.120996	0
57695	-0.369308	-0.43241	0.0462856	0	0	0.0462856	0.369308	0.43241	0
84132	0.374447	-0.625942	-0.00548147	0.374447	0	0	0	0.625942	0.00548147
85015	0.884938	0.0495236	-0.146504	0.884938	0.0495236	0	0	0	0.146504
25862	0.225187	-0.710077	-0.0158326	0.225187	0	0	0	0.710077	0.0158326
158880	-0.587463	-0.435571	0.0685944	0	0	0.0685944	0.587463	0.435571	0
159195	0.628213	-0.0859024	-0.154085	0.628213	0	0	0	0.0859024	0.154085
9712	-0.726448	0.179081	-0.258401	0	0.179081	0	0.726448	0	0.258401
8239	-0.536889	0.298469	0.159274	0	0.298469	0.159274	0.536889	0	0
10208	0.488626	0.111935	0.178677	0.488626	0.111935	0.178677	0	0	0
10090	0.517759	-0.28585	0.335668	0.517759	0	0.335668	0	0.28585	0
7402	0.315234	-0.116915	-0.522269	0.315234	0	0	0	0.116915	0.522269
7405	0.497666	-0.0637006	-0.287251	0.497666	0	0	0	0.0637006	0.287251
80146	0.428462	0.0509354	-0.146548	0.428462	0.0509354	0	0	0	0.146548
6843	0.950365	0.176207	-0.0690844	0.950365	0.176207	0	0	0	0.0690844
6844	-0.551248	0.0848161	0.275705	0	0.0848161	0.275705	0.551248	0	0
8673	-0.62497	0.198374	-0.371071	0	0.198374	0	0.62497	0	0.371071
81839	-0.255147	-0.00508658	-0.568715	0	0	0	0.255147	0.00508658	0.568715
57216	-0.642994	-0.0308393	-0.357163	0	0	0	0.642994	0.0308393	0.357163
9218	0.554753	0.0308696	0.448224	0.554753	0.0308696	0.448224	0	0	0
9217	0.614618	-0.103042	-0.0590656	0.614618	0	0	0	0.103042	0.0590656
57176	-0.209505	-0.431167	0.00483433	0	0	0.00483433	0.209505	0.431167	0
79805	0.461273	0.347225	-0.304693	0.461273	0.347225	0	0	0	0.304693
114990	-0.509298	-0.354245	0.515123	0	0	0.515123	0.509298	0.354245	0
10493	-0.620814	0.532027	-0.13651	0	0.532027	0	0.620814	0	0.13651
57687	-0.733983	0.445646	-0.29144	0	0.445646	0	0.733983	0	0.29144
7409	-0.853458	0.159924	-0.00329402	0	0.159924	0	0.853458	0	0.00329402
7410	-0.3336	0.187096	-0.502744	0	0.187096	0	0.3336	0	0.502744
10451	0.808203	-0.149964	-0.228791	0.808203	0	0	0	0.149964	0.228791
11023	0.182486	0.14838	-0.00463352	0.182486	0.14838	0	0	0	0.00463352
7411	-0.694588	0.0964881	-0.149392	0	0.0964881	0	0.694588	0	0.149392
7414	-0.0118934	0.735525	0.193695	0	0.735525	0.193695	0.0118934	0	0
79609	0.764772	-0.0771747	0.123944	0.764772	0	0.123944	0	0.0771747	0
26609	0.528107	-0.618173	-0.0612019	0.528107	0	0	0	0.618173	0.0612019
51480	0.556026	-0.58904	-0.0590657	0.556026	0	0	0	0.58904	0.0590657
7422	0.54088	0.288978	-0.351136	0.54088	0.288978	0	0	0	0.351136
7423	-0.388648	0.217942	-0.306614	0	0.217942	0	0.388648	0	0.306614
7424	0.222905	0.151963	-0.595755	0.222905	0.151963	0	0	0	0.595755
55591	-0.857039	0.0209777	0.215687	0	0.0209777	0.215687	0.857039	0	0
7425	0.34224	0.201162	0.564801	0.34224	0.201162	0.564801	0	0	0
7428	-0.395946	-0.483184	-0.104342	0	0	0	0.395946	0.483184	0.104342
50853	0.617428	0.629452	-0.15153	0.617428	0.629452	0	0	0	0.15153
7432	-0.237634	-0.403036	0.354972	0	0	0.354972	0.237634	0.403036	0
7434	0.68239	-0.0846812	0.0155762	0.68239	0	0.0155762	0	0.0846812	0
5212	-0.616565	0.603613	0.161997	0	0.603613	0.161997	0.616565	0	0
154807	-0.733319	0.2481	0.0441737	0	0.2481	0.0441737	0.733319	0	0
7436	-0.470425	-0.171754	0.128557	0	0	0.128557	0.470425	0.171754	0
203547	-0.388916	-0.0667204	-0.189638	0	0	0	0.388916	0.0667204	0.189638
81671	0.548126	0.240899	0.0178784	0.548126	0.240899	0.0178784	0	0	0
81552	-0.800566	-0.0115155	0.143451	0	0	0.143451	0.800566	0.0115155	0
55823	0.617618	0.113812	0.0998552	0.617618	0.113812	0.0998552	0	0	0
55187	0.0425952	0.582373	0.181352	0.0425952	0.582373	0.181352	0	0	0
57617	-0.044074	0.567201	0.216935	0	0.567201	0.216935	0.044074	0	0
112936	-0.709539	0.111088	0.236764	0	0.111088	0.236764	0.709539	0	0
51699	-0.592832	0.309363	0.131927	0	0.309363	0.131927	0.592832	0	0
55737	-0.308971	0.660973	0.293928	0	0.660973	0.293928	0.308971	0	0
51028	0.728942	0.0185096	0.131566	0.728942	0.0185096	0.131566	0	0	0
79720	-0.75247	-0.225635	0.0465798	0	0	0.0465798	0.75247	0.225635	0
55048	-0.760746	0.0153819	0.0105316	0	0.0153819	0.0105316	0.760746	0	0
155382	-0.861802	0.1293	0.128191	0	0.1293	0.128191	0.861802	0	0
738	0.624075	-0.550591	-0.0152471	0.624075	0	0	0	0.550591	0.0152471
51542	0.604248	-0.222797	-0.163542	0.604248	0	0	0	0.222797	0.163542
54621	0.582541	0.115164	-0.251236	0.582541	0.115164	0	0	0	0.251236
147645	-0.67822	0.519977	-0.0714402	0	0.519977	0	0.67822	0	0.0714402
11326	-0.79242	0.0729265	-0.155021	0	0.0729265	0	0.79242	0	0.155021
7447	0.479094	0.262819	0.525881	0.479094	0.262819	0.525881	0	0	0
284415	0.133971	0.560635	-0.537489	0.133971	0.560635	0	0	0	0.537489
222008	0.762752	-0.352163	0.190368	0.762752	0	0.190368	0	0.352163	0
128434	-0.527279	0.578303	0.426423	0	0.578303	0.426423	0.527279	0	0
10490	-0.579056	0.139182	0.0426326	0	0.139182	0.0426326	0.579056	0	0
146177	0.15508	0.13537	-0.214086	0.15508	0.13537	0	0	0	0.214086
4013	-0.737314	0.206409	-0.339451	0	0.206409	0	0.737314	0	0.339451
23078	0.793145	0.0290053	-0.153357	0.793145	0.0290053	0	0	0	0.153357
375567	0.856274	-0.0616126	0.070785	0.856274	0	0.070785	0	0.0616126	0
402117	0.172332	-0.232808	0.255805	0.172332	0	0.255805	0	0.232808	0
220001	-0.646513	0.232743	-0.00139564	0	0.232743	0	0.646513	0	0.00139564
221806	0.174548	-0.688469	-0.0264385	0.174548	0	0	0	0.688469	0.0264385
7450	0.318137	0.230943	-0.114409	0.318137	0.230943	0	0	0	0.114409
51322	0.0152168	0.344427	0.450272	0.0152168	0.344427	0.450272	0	0	0
220906	-0.410594	-0.100149	0.480641	0	0	0.480641	0.410594	0.100149	0
23063	0.415335	-0.417394	0.0647058	0.415335	0	0.0647058	0	0.417394	0
8936	-0.386316	-0.0322518	0.517497	0	0	0.517497	0.386316	0.0322518	0
100287171	0.602539	0.152614	-0.02662	0.602539	0.152614	0	0	0	0.02662
387680	0.393285	-0.336728	-0.306671	0.393285	0	0	0	0.336728	0.306671
253725	0.45679	-0.30631	-0.381418	0.45679	0	0	0	0.30631	0.381418
51019	-0.470311	0.125339	-0.158896	0	0.125339	0	0.470311	0	0.158896
23325	0.580177	0.234923	-0.420176	0.580177	0.234923	0	0	0	0.420176
115825	-0.418548	-0.378107	-0.450858	0	0	0	0.418548	0.378107	0.450858
57705	-0.794395	0.0579277	-0.32037	0	0.0579277	0	0.794395	0	0.32037
51057	0.75021	-0.0516852	-0.187431	0.75021	0	0	0	0.0516852	0.187431
9948	-0.777128	-0.157638	-0.151751	0	0	0	0.777128	0.157638	0.151751
64743	-0.661743	-0.121731	0.118718	0	0	0.118718	0.661743	0.121731	0
116966	-0.653793	-0.0218517	0.281705	0	0	0.281705	0.653793	0.0218517	0
57728	0.575612	-0.371363	-0.00106565	0.575612	0	0	0	0.371363	0.00106565
79446	-0.686287	0.000686849	0.322695	0	0.000686849	0.322695	0.686287	0	0
80232	-0.746038	-0.0726787	-0.142616	0	0	0	0.746038	0.0726787	0.142616
114987	-0.651627	0.103367	0.120616	0	0.103367	0.120616	0.651627	0	0
55339	0.701523	-0.24749	0.219493	0.701523	0	0.219493	0	0.24749	0
10785	0.596022	0.114986	-0.00749575	0.596022	0.114986	0	0	0	0.00749575
11152	0.297382	0.612363	0.137353	0.297382	0.612363	0.137353	0	0	0
56270	-0.304736	-0.266635	-0.411636	0	0	0	0.304736	0.266635	0.411636
57599	-0.523156	0.268978	0.117251	0	0.268978	0.117251	0.523156	0	0
151790	-0.308777	0.183061	-0.31148	0	0.183061	0	0.308777	0	0.31148
84058	-0.802694	0.11001	0.272449	0	0.11001	0.272449	0.802694	0	0
11180	-0.820804	-0.172675	-0.0116029	0	0	0	0.820804	0.172675	0.0116029
55100	0.672606	-0.0757074	0.0334953	0.672606	0	0.0334953	0	0.0757074	0
84942	-0.0512045	-0.2143	0.078828	0	0	0.078828	0.0512045	0.2143	0
84128	0.602885	-0.309768	-0.0364229	0.602885	0	0	0	0.309768	0.0364229
349136	-0.897377	0.187336	0.130411	0	0.187336	0.130411	0.897377	0	0
197335	0.558967	-0.470712	0.0429684	0.558967	0	0.0429684	0	0.470712	0
29062	0.431671	0.143909	-0.221205	0.431671	0.143909	0	0	0	0.221205
151525	-0.0857719	-0.499492	-0.0280694	0	0	0	0.0857719	0.499492	0.0280694
58189	-0.619357	0.62527	-0.0532657	0	0.62527	0	0.619357	0	0.0532657
10406	0.80599	-0.000832464	0.26247	0.80599	0	0.26247	0	0.000832464	0
117166	0.294628	-0.392261	0.22533	0.294628	0	0.22533	0	0.392261	0
124857	-0.0703644	-0.0571842	-0.114873	0	0	0	0.0703644	0.0571842	0.114873
7466	-0.766565	-0.254624	0.0693136	0	0	0.0693136	0.766565	0.254624	0
25861	0.383376	-0.292877	-0.209489	0.383376	0	0	0	0.292877	0.209489
11197	-0.600968	0.00248535	-0.0658722	0	0.00248535	0	0.600968	0	0.0658722
147179	0.0434349	0.208929	0.613824	0.0434349	0.208929	0.613824	0	0	0
644150	0.339896	0.221502	-0.0672361	0.339896	0.221502	0	0	0	0.0672361
55062	0.536946	0.136109	-0.327221	0.536946	0.136109	0	0	0	0.327221
26100	-0.541865	-0.477511	0.0202766	0	0	0.0202766	0.541865	0.477511	0
58525	-0.724928	-0.141833	0.102455	0	0	0.102455	0.724928	0.141833	0
79971	-0.79236	0.213581	-0.216737	0	0.213581	0	0.79236	0	0.216737
80326	0.120683	0.816817	-0.0899447	0.120683	0.816817	0	0	0	0.0899447
7480	-0.918646	0.0419707	0.198915	0	0.0419707	0.198915	0.918646	0	0
7482	0.2041	-0.368055	0.432719	0.2041	0	0.432719	0	0.368055	0
7473	0.509126	-0.625873	-0.0175014	0.509126	0	0	0	0.625873	0.0175014
54361	-0.721382	-0.173492	-0.0861717	0	0	0	0.721382	0.173492	0.0861717
7475	0.198995	0.798377	-0.0980128	0.198995	0.798377	0	0	0	0.0980128
7476	-0.177393	0.666877	0.123788	0	0.666877	0.123788	0.177393	0	0
7477	-0.81303	-0.212756	-0.0575387	0	0	0	0.81303	0.212756	0.0575387
49856	0.574642	0.00826204	0.145922	0.574642	0.00826204	0.145922	0	0	0
7486	-0.468121	-0.273906	-0.0919206	0	0	0	0.468121	0.273906	0.0919206
55884	-0.486336	0.37659	0.590215	0	0.37659	0.590215	0.486336	0	0
23302	-0.390073	-0.164497	-0.593263	0	0	0	0.390073	0.164497	0.593263
9589	-0.820133	-0.0107646	0.200446	0	0	0.200446	0.820133	0.0107646	0
126374	-0.736921	0.340637	-0.0175098	0	0.340637	0	0.736921	0	0.0175098
23286	-0.74858	-0.0345707	-0.0774437	0	0	0	0.74858	0.0345707	0.0774437
80014	-0.0641621	-0.555841	-0.217549	0	0	0	0.0641621	0.555841	0.217549
51741	-0.589411	-0.0587082	-0.120392	0	0	0	0.589411	0.0587082	0.120392
11059	0.417992	0.352119	-0.114224	0.417992	0.352119	0	0	0	0.114224
7504	-0.51477	-0.0844834	0.650767	0	0	0.650767	0.51477	0.0844834	0
114786	-0.873274	-0.12167	-0.0592545	0	0	0	0.873274	0.12167	0.0592545
286046	0.851163	-0.152479	0.271802	0.851163	0	0.271802	0	0.152479	0
55113	0.0495407	-0.256913	-0.665289	0.0495407	0	0	0	0.256913	0.665289
389668	0.719941	-0.0672778	0.307987	0.719941	0	0.307987	0	0.0672778	0
7507	0.421565	-0.571567	-0.233526	0.421565	0	0	0	0.571567	0.233526
64328	0.596078	-0.274641	-0.115723	0.596078	0	0	0	0.274641	0.115723
9213	0.644673	0.317931	0.0929133	0.644673	0.317931	0.0929133	0	0	0
7518	-0.307194	0.0863584	-0.306524	0	0.0863584	0	0.307194	0	0.306524
64131	-0.850732	0.199631	0.0602484	0	0.199631	0.0602484	0.850732	0	0
64132	0.764236	0.0492473	-0.240571	0.764236	0.0492473	0	0	0	0.240571
10138	-0.381305	-0.150304	-0.132196	0	0	0	0.381305	0.150304	0.132196
10413	-0.580826	-0.0851418	-0.292397	0	0	0	0.580826	0.0851418	0.292397
54059	0.639919	0.0299664	-0.376121	0.639919	0.0299664	0	0	0	0.376121
51087	-0.137985	0.512509	0.170506	0	0.512509	0.170506	0.137985	0	0
8089	0.49745	-0.440209	-0.0104111	0.49745	0	0	0	0.440209	0.0104111
54432	-0.28155	0.341178	0.425613	0	0.341178	0.425613	0.28155	0	0
374887	-0.74677	0.212395	0.297473	0	0.212395	0.297473	0.74677	0	0
10652	-0.68422	0.1779	0.0284229	0	0.1779	0.0284229	0.68422	0	0
56252	-0.47888	-0.165798	0.117541	0	0	0.117541	0.47888	0.165798	0
55432	0.527064	0.288148	0.316191	0.527064	0.288148	0.316191	0	0	0
29799	-0.922504	-0.242601	0.130086	0	0	0.130086	0.922504	0.242601	0
388403	-0.178524	0.165118	0.351286	0	0.165118	0.351286	0.178524	0	0
83719	0.423852	-0.0528137	0.436852	0.423852	0	0.436852	0	0.0528137	0
219539	0.487157	-0.191993	0.336565	0.487157	0	0.336565	0	0.191993	0
51646	-0.386819	0.512307	0.397163	0	0.512307	0.397163	0.386819	0	0
91746	0.695624	-0.0153036	0.25367	0.695624	0	0.25367	0	0.0153036	0
64848	0.390786	-0.361906	0.125484	0.390786	0	0.125484	0	0.361906	0
51441	-0.613475	0.353803	0.264245	0	0.353803	0.264245	0.613475	0	0
7529	-0.67627	0.0716098	0.226742	0	0.0716098	0.226742	0.67627	0	0
7531	-0.667978	0.0744044	0.0667693	0	0.0744044	0.0667693	0.667978	0	0
7533	-0.748795	0.100178	0.447013	0	0.100178	0.447013	0.748795	0	0
10971	-0.625134	0.0734386	-0.250354	0	0.0734386	0	0.625134	0	0.250354
7534	-0.798917	-0.150338	0.228448	0	0	0.228448	0.798917	0.150338	0
7535	-0.257053	0.200412	-0.139575	0	0.200412	0	0.257053	0	0.139575
79740	0.513089	0.325337	0.330434	0.513089	0.325337	0.330434	0	0	0
58486	0.726214	-0.145756	0.0569841	0.726214	0	0.0569841	0	0.145756	0
63920	-0.25211	-0.413606	0.0593546	0	0	0.0593546	0.25211	0.413606	0
22890	0.890835	0.128864	-0.0368198	0.890835	0.128864	0	0	0	0.0368198
7704	0.846767	-0.050576	0.241683	0.846767	0	0.241683	0	0.050576	0
10472	-0.139136	-0.507055	-0.0289049	0	0	0	0.139136	0.507055	0.0289049
49854	0.774619	-0.14539	0.322583	0.774619	0	0.322583	0	0.14539	0
9841	0.182009	0.0162972	0.493404	0.182009	0.0162972	0.493404	0	0	0
7597	0.288315	-0.306557	-0.0699167	0.288315	0	0	0	0.306557	0.0699167
403341	0.623573	-0.0099578	0.026764	0.623573	0	0.026764	0	0.0099578	0
253461	0.707981	-0.294233	0.134181	0.707981	0	0.134181	0	0.294233	0
9880	0.44706	-0.0282832	0.179631	0.44706	0	0.179631	0	0.0282832	0
9923	0.486591	-0.338449	-0.189282	0.486591	0	0	0	0.338449	0.189282
23099	0.613228	-0.361658	-0.0707598	0.613228	0	0	0	0.361658	0.0707598
29068	-0.672155	-0.0980324	0.333245	0	0	0.333245	0.672155	0.0980324	0
92999	0.427022	-0.383721	-0.221662	0.427022	0	0	0	0.383721	0.221662
51341	0.848281	-0.0489836	0.0196038	0.848281	0	0.0196038	0	0.0489836	0
51043	0.559989	0.400183	-0.203832	0.559989	0.400183	0	0	0	0.203832
653121	0.11189	-0.75173	0.286117	0.11189	0	0.286117	0	0.75173	0
339487	0.792784	0.205357	0.0181248	0.792784	0.205357	0.0181248	0	0	0
51101	-0.340103	0.595716	-0.0835408	0	0.595716	0	0.340103	0	0.0835408
84872	0.592445	0.0787415	-0.00886786	0.592445	0.0787415	0	0	0	0.00886786
80149	0.247901	0.0495058	-0.407321	0.247901	0.0495058	0	0	0	0.407321
85463	0.520584	-0.0559908	-0.262671	0.520584	0	0	0	0.0559908	0.262671
124245	0.338854	-0.312423	0.0199668	0.338854	0	0.0199668	0	0.312423	0
376940	0.520848	-0.345387	0.227885	0.520848	0	0.227885	0	0.345387	0
29066	-0.0494034	-0.706751	0.0141201	0	0	0.0141201	0.0494034	0.706751	0
23264	0.688539	0.0048683	-0.108181	0.688539	0.0048683	0	0	0	0.108181
84524	-0.499734	-0.0255152	0.310269	0	0	0.310269	0.499734	0.0255152	0
56829	-0.832869	-0.125063	-0.221204	0	0	0	0.832869	0.125063	0.221204
170261	-0.918479	-0.124229	0.0532359	0	0	0.0532359	0.918479	0.124229	0
23174	-0.0235682	-0.517079	0.144677	0	0	0.144677	0.0235682	0.517079	0
51538	-0.949163	-0.0581182	0.102083	0	0	0.102083	0.949163	0.0581182	0
644353	-0.87246	-0.185196	0.0730576	0	0	0.0730576	0.87246	0.185196	0
54877	-0.294817	-0.256588	0.192657	0	0	0.192657	0.294817	0.256588	0
85364	0.511295	-0.151615	0.273979	0.511295	0	0.273979	0	0.151615	0
84186	0.614281	-0.0993802	-0.108491	0.614281	0	0	0	0.0993802	0.108491
55596	0.657271	-0.376173	-0.142393	0.657271	0	0	0	0.376173	0.142393
55063	0.122289	0.43269	-0.44226	0.122289	0.43269	0	0	0	0.44226
152098	-0.318214	0.0105919	-0.215718	0	0.0105919	0	0.318214	0	0.215718
57683	-0.122251	-0.551625	0.0603954	0	0	0.0603954	0.122251	0.551625	0
84885	-0.795885	0.110839	-0.120736	0	0.110839	0	0.795885	0	0.120736
79683	-0.50475	-0.255888	0.265858	0	0	0.265858	0.50475	0.255888	0
158866	-0.591434	0.125366	-0.0327737	0	0.125366	0	0.591434	0	0.0327737
84243	0.283719	-0.608172	0.203494	0.283719	0	0.203494	0	0.608172	0
51201	0.794035	0.179444	-0.324495	0.794035	0.179444	0	0	0	0.324495
253832	0.498959	0.247742	-0.426306	0.498959	0.247742	0	0	0	0.426306
254887	-0.590207	-0.0233036	0.200839	0	0	0.200839	0.590207	0.0233036	0
254359	-0.703384	0.184394	0.170164	0	0.184394	0.170164	0.703384	0	0
51304	0.648986	0.29168	-0.0971393	0.648986	0.29168	0	0	0	0.0971393
55146	-0.579389	0.584827	0.0358652	0	0.584827	0.0358652	0.579389	0	0
25921	0.68381	0.064446	0.135871	0.68381	0.064446	0.135871	0	0	0
60685	-0.581767	0.0226599	-0.124342	0	0.0226599	0	0.581767	0	0.124342
93550	0.195938	-0.152785	-0.522355	0.195938	0	0	0	0.152785	0.522355
57623	0.448697	-0.0814424	-0.184951	0.448697	0	0	0	0.0814424	0.184951
85446	0.674418	0.293847	0.0828268	0.674418	0.293847	0.0828268	0	0	0
463	-0.656315	0.220446	-0.414965	0	0.220446	0	0.656315	0	0.414965
57677	0.627582	-0.408317	0.0519797	0.627582	0	0.0519797	0	0.408317	0
140612	-0.524475	0.0886141	0.197046	0	0.0886141	0.197046	0.524475	0	0
7538	-0.20698	0.20635	-0.315524	0	0.20635	0	0.20698	0	0.315524
677	-0.661531	0.208191	-0.462657	0	0.208191	0	0.661531	0	0.462657
678	-0.569882	-0.00700768	-0.498889	0	0	0	0.569882	0.00700768	0.498889
7539	0.297453	-0.338093	-0.223268	0.297453	0	0	0	0.338093	0.223268
643836	-0.0195964	0.141152	-0.0737486	0	0.141152	0	0.0195964	0	0.0737486
55734	-0.746816	0.27655	0.00107405	0	0.27655	0.00107405	0.746816	0	0
339559	-0.575243	0.296603	0.00439183	0	0.296603	0.00439183	0.575243	0	0
80829	0.495073	0.180882	-0.00218012	0.495073	0.180882	0	0	0	0.00218012
23414	0.518278	0.258941	0.0418175	0.518278	0.258941	0.0418175	0	0	0
51663	-0.610351	-0.289367	0.109219	0	0	0.109219	0.610351	0.289367	0
53349	-0.464772	0.403034	0.00504209	0	0.403034	0.00504209	0.464772	0	0
84936	0.824774	0.399184	-0.157116	0.824774	0.399184	0	0	0	0.157116
79038	-0.490794	0.410955	0.0455351	0	0.410955	0.0455351	0.490794	0	0
118813	0.442187	-0.137354	0.175223	0.442187	0	0.175223	0	0.137354	0
57732	0.775411	-0.188625	0.224064	0.775411	0	0.224064	0	0.188625	0
9372	0.787036	0.0011219	0.164217	0.787036	0.0011219	0.164217	0	0	0
55345	0.54486	-0.174643	-0.032966	0.54486	0	0	0	0.174643	0.032966
11244	0.528978	0.149326	0.0324777	0.528978	0.149326	0.0324777	0	0	0
7545	-0.0307078	0.59485	-0.325967	0	0.59485	0	0.0307078	0	0.325967
7547	0.195308	0.388023	-0.140892	0.195308	0.388023	0	0	0	0.140892
84107	-0.0136041	0.526539	-0.406469	0	0.526539	0	0.0136041	0	0.406469
85416	-0.438645	0.102385	-0.161462	0	0.102385	0	0.438645	0	0.161462
23619	0.555398	-0.589314	-0.058734	0.555398	0	0	0	0.589314	0.058734
84460	-0.704402	-0.263756	-0.234978	0	0	0	0.704402	0.263756	0.234978
153527	-0.6546	0.138164	0.217767	0	0.138164	0.217767	0.6546	0	0
79698	0.867008	0.00458179	0.235728	0.867008	0.00458179	0.235728	0	0	0
57178	-0.363596	-0.180647	0.0102708	0	0	0.0102708	0.363596	0.180647	0
83637	0.480306	-0.242541	0.120963	0.480306	0	0.120963	0	0.242541	0
10269	0.192804	0.735606	-0.0503488	0.192804	0.735606	0	0	0	0.0503488
9203	-0.651829	-0.41769	0.0585057	0	0	0.0585057	0.651829	0.41769	0
9202	0.48186	-0.278868	0.300775	0.48186	0	0.300775	0	0.278868	0
9205	0.632608	-0.38077	-0.0985545	0.632608	0	0	0	0.38077	0.0985545
9204	0.678419	-0.187214	-0.0861642	0.678419	0	0	0	0.187214	0.0861642
51364	-0.681181	0.225465	-0.213925	0	0.225465	0	0.681181	0	0.213925
84217	-0.525142	0.0664017	0.0104484	0	0.0664017	0.0104484	0.525142	0	0
84225	-0.485324	0.222681	-0.253016	0	0.222681	0	0.485324	0	0.253016
23613	0.645809	-0.295027	0.297689	0.645809	0	0.297689	0	0.295027	0
7556	0.33321	-0.550078	-0.204626	0.33321	0	0	0	0.550078	0.204626
7559	0.322795	-0.232621	0.259718	0.322795	0	0.259718	0	0.232621	0
7678	0.592572	0.396291	-0.00470662	0.592572	0.396291	0	0	0	0.00470662
7692	0.288946	-0.350642	0.0275697	0.288946	0	0.0275697	0	0.350642	0
7695	0.587284	-0.330622	0.161483	0.587284	0	0.161483	0	0.330622	0
7702	0.640679	0.25092	0.0799685	0.640679	0.25092	0.0799685	0	0	0
7705	0.530073	-0.0852178	-0.325589	0.530073	0	0	0	0.0852178	0.325589
7707	0.499482	-0.167335	0.437802	0.499482	0	0.437802	0	0.167335	0
7718	0.773032	0.0904202	0.0469631	0.773032	0.0904202	0.0469631	0	0	0
7728	0.411583	0.0544079	0.23995	0.411583	0.0544079	0.23995	0	0	0
7733	0.416898	-0.326737	0.175112	0.416898	0	0.175112	0	0.326737	0
7569	0.559391	-0.284544	0.0451026	0.559391	0	0.0451026	0	0.284544	0
7738	-0.434206	-0.118461	0.150081	0	0	0.150081	0.434206	0.118461	0
7743	0.547342	0.251842	0.174236	0.547342	0.251842	0.174236	0	0	0
7762	-0.47214	-0.324581	0.442531	0	0	0.442531	0.47214	0.324581	0
51222	-0.37207	0.439503	-0.0668326	0	0.439503	0	0.37207	0	0.0668326
7673	0.419898	0.0124301	0.264975	0.419898	0.0124301	0.264975	0	0	0
7766	0.602919	-0.0520183	0.32014	0.602919	0	0.32014	0	0.0520183	0
7769	-0.85843	0.309723	0.0454776	0	0.309723	0.0454776	0.85843	0	0
7772	-0.756316	0.195651	-0.103754	0	0.195651	0	0.756316	0	0.103754
7773	0.575641	-0.118437	0.117337	0.575641	0	0.117337	0	0.118437	0
7775	0.649663	-0.0894565	0.121058	0.649663	0	0.121058	0	0.0894565	0
8187	-0.607064	0.179836	0.186994	0	0.179836	0.186994	0.607064	0	0
57209	0.342806	-0.175256	0.361048	0.342806	0	0.361048	0	0.175256	0
219749	0.579437	0.044445	0.469306	0.579437	0.044445	0.469306	0	0	0
58500	0.713299	-0.196254	0.108661	0.713299	0	0.108661	0	0.196254	0
90987	0.322315	-0.574928	0.0777377	0.322315	0	0.0777377	0	0.574928	0
113835	0.324607	-0.104755	-0.159484	0.324607	0	0	0	0.104755	0.159484
7574	-0.601654	-0.181625	0.339731	0	0	0.339731	0.601654	0.181625	0
10781	0.446554	-0.326143	0.0992779	0.446554	0	0.0992779	0	0.326143	0
10308	0.410665	-0.44945	0.388654	0.410665	0	0.388654	0	0.44945	0
10795	0.640452	-0.424342	-0.00607297	0.640452	0	0	0	0.424342	0.00607297
10793	0.601993	-0.362453	0.240618	0.601993	0	0.240618	0	0.362453	0
54816	0.633978	-0.3595	0.0231502	0.633978	0	0.0231502	0	0.3595	0
342909	0.673814	0.275669	0.152398	0.673814	0.275669	0.152398	0	0	0
57335	-0.376753	-0.387912	-0.178463	0	0	0	0.376753	0.387912	0.178463
57336	0.642094	-0.338712	0.0239024	0.642094	0	0.0239024	0	0.338712	0
23036	0.461457	-0.360149	0.189363	0.461457	0	0.189363	0	0.360149	0
7551	0.494578	0.0798365	-0.213603	0.494578	0.0798365	0	0	0	0.213603
55900	0.358721	0.243003	0.013944	0.358721	0.243003	0.013944	0	0	0
57343	0.579513	-0.0946048	0.109689	0.579513	0	0.109689	0	0.0946048	0
24149	0.535989	0.338099	0.278027	0.535989	0.338099	0.278027	0	0	0
79692	0.448644	-0.209329	0.265306	0.448644	0	0.265306	0	0.209329	0
388569	0.502338	-0.297038	0.149192	0.502338	0	0.149192	0	0.297038	0
55422	-0.401211	-0.479722	0.192718	0	0	0.192718	0.401211	0.479722	0
84449	0.650953	-0.406769	-0.0619206	0.650953	0	0	0	0.406769	0.0619206
26152	-0.213952	-0.475426	0.113018	0	0	0.113018	0.213952	0.475426	0
7582	-0.113166	-0.45297	-0.100445	0	0	0	0.113166	0.45297	0.100445
80778	0.636021	-0.314808	0.0550879	0.636021	0	0.0550879	0	0.314808	0
7584	0.666936	0.019268	0.0761106	0.666936	0.019268	0.0761106	0	0	0
59348	-0.725227	-0.0919249	0.115225	0	0	0.115225	0.725227	0.0919249	0
117608	0.467038	-0.402768	-0.126708	0.467038	0	0	0	0.402768	0.126708
140467	0.634719	-0.274771	0.098319	0.634719	0	0.098319	0	0.274771	0
149076	0.76746	-0.457616	0.0228715	0.76746	0	0.0228715	0	0.457616	0
22891	0.92814	-0.0113149	0.242623	0.92814	0	0.242623	0	0.0113149	0
167465	0.521686	0.224107	-0.0292542	0.521686	0.224107	0	0	0	0.0292542
84911	-0.237745	-0.662636	0.0537783	0	0	0.0537783	0.237745	0.662636	0
25946	0.822338	0.197911	-0.247292	0.822338	0.197911	0	0	0	0.247292
151126	0.781912	-0.280727	0.226267	0.781912	0	0.226267	0	0.280727	0
79750	0.7175	0.23879	-0.12317	0.7175	0.23879	0	0	0	0.12317
84124	0.77291	-0.150498	-0.247352	0.77291	0	0	0	0.150498	0.247352
55893	-0.150424	-0.61074	-0.153695	0	0	0	0.150424	0.61074	0.153695
57541	0.562019	-0.377837	0.251759	0.562019	0	0.251759	0	0.377837	0
55786	0.617446	-0.0385373	-0.132304	0.617446	0	0	0	0.0385373	0.132304
55659	0.291915	-0.0756636	0.351677	0.291915	0	0.351677	0	0.0756636	0
147686	-0.490749	0.131	0.0463991	0	0.131	0.0463991	0.490749	0	0
23090	0.13746	0.433868	-0.323787	0.13746	0.433868	0	0	0	0.323787
80818	-0.78219	-0.217018	0.321617	0	0	0.321617	0.78219	0.217018	0
220929	-0.570252	-0.370479	-0.204603	0	0	0	0.570252	0.370479	0.204603
55663	0.400987	-0.385458	0.0149476	0.400987	0	0.0149476	0	0.385458	0
203523	-0.698146	-0.0741806	0.171072	0	0	0.171072	0.698146	0.0741806	0
84627	-0.42704	0.069139	0.0294027	0	0.069139	0.0294027	0.42704	0	0
147657	-0.345714	0.198633	-0.567415	0	0.198633	0	0.345714	0	0.567415
158399	0.118536	-0.515758	0.283429	0.118536	0	0.283429	0	0.515758	0
642819	0.739141	0.127939	-0.0390151	0.739141	0.127939	0	0	0	0.0390151
284443	0.629422	0.135106	-0.0395643	0.629422	0.135106	0	0	0	0.0395643
91392	0.53089	-0.651664	0.0991142	0.53089	0	0.0991142	0	0.651664	0
84858	0.194183	0.181359	-0.129895	0.194183	0.181359	0	0	0	0.129895
9658	-0.428973	-0.228637	-0.341029	0	0	0	0.428973	0.228637	0.341029
162655	0.675707	-0.468106	0.0293941	0.675707	0	0.0293941	0	0.468106	0
25925	-0.699088	-0.289135	0.0928173	0	0	0.0928173	0.699088	0.289135	0
84436	-0.576592	-0.213492	0.184335	0	0	0.184335	0.576592	0.213492	0
147658	-0.13609	-0.646788	0.129252	0	0	0.129252	0.13609	0.646788	0
84215	0.0465908	-0.606138	0.464333	0.0465908	0	0.464333	0	0.606138	0
27300	-0.778934	-0.0243361	0.190223	0	0	0.190223	0.778934	0.0243361	0
339327	0.647584	0.00314588	-0.123628	0.647584	0.00314588	0	0	0	0.123628
284306	0.476721	-0.18514	0.267176	0.476721	0	0.267176	0	0.18514	0
148254	0.686247	-0.000574556	-0.162524	0.686247	0	0	0	0.000574556	0.162524
79230	0.674678	-0.26683	0.0893584	0.674678	0	0.0893584	0	0.26683	0
54811	0.57842	-0.250321	-0.0707975	0.57842	0	0	0	0.250321	0.0707975
147929	0.610376	-0.151285	-0.213706	0.610376	0	0	0	0.151285	0.213706
84924	0.324362	-0.388827	0.13219	0.324362	0	0.13219	0	0.388827	0
163081	0.550126	0.0483727	0.389226	0.550126	0.0483727	0.389226	0	0	0
137209	-0.679367	-0.0949411	-0.201388	0	0	0	0.679367	0.0949411	0.201388
284346	-0.647506	-0.161419	0.0156466	0	0	0.0156466	0.647506	0.161419	0
79177	0.476867	0.467356	0.241905	0.476867	0.467356	0.241905	0	0	0
84765	-0.732758	-0.154855	-0.190948	0	0	0	0.732758	0.154855	0.190948
51157	-0.629599	-0.386854	-0.124201	0	0	0	0.629599	0.386854	0.124201
201514	0.534478	0.423772	0.268976	0.534478	0.423772	0.268976	0	0	0
54807	0.334541	-0.311743	-0.197735	0.334541	0	0	0	0.311743	0.197735
84914	0.178169	-0.703872	-0.0105723	0.178169	0	0	0	0.703872	0.0105723
51385	-0.396364	-0.327046	-0.122856	0	0	0	0.396364	0.327046	0.122856
9640	0.305945	0.224176	-0.395835	0.305945	0.224176	0	0	0	0.395835
90850	0.46047	-0.0988552	0.0401299	0.46047	0	0.0401299	0	0.0988552	0
284370	0.483392	-0.390067	0.0672335	0.483392	0	0.0672335	0	0.390067	0
114991	0.0785136	-0.232909	0.112402	0.0785136	0	0.112402	0	0.232909	0
253639	0.599776	-0.375575	0.0806841	0.599776	0	0.0806841	0	0.375575	0
23361	0.651692	-0.194899	-0.231013	0.651692	0	0	0	0.194899	0.231013
57232	0.761024	0.259735	0.150546	0.761024	0.259735	0.150546	0	0	0
121274	0.697062	0.0813173	0.160607	0.697062	0.0813173	0.160607	0	0	0
9726	0.643706	-0.178461	-0.138155	0.643706	0	0	0	0.178461	0.138155
65251	-0.425554	-0.0840086	-0.210466	0	0	0	0.425554	0.0840086	0.210466
115950	0.570607	0.0932307	0.312645	0.570607	0.0932307	0.312645	0	0	0
55279	0.610802	-0.128467	0.118495	0.610802	0	0.118495	0	0.128467	0
285349	0.216273	-0.622945	-0.0081081	0.216273	0	0	0	0.622945	0.0081081
144348	0.383713	0.259577	-0.428551	0.383713	0.259577	0	0	0	0.428551
63934	-0.632545	-0.438804	0.0609618	0	0	0.0609618	0.632545	0.438804	0
93474	0.651167	-0.391977	0.0586871	0.651167	0	0.0586871	0	0.391977	0
79891	0.269081	0.183685	0.268192	0.269081	0.183685	0.268192	0	0	0
401588	-0.222122	-0.452683	-0.170954	0	0	0	0.222122	0.452683	0.170954
342926	-0.448565	-0.622631	0.1053	0	0	0.1053	0.448565	0.622631	0
340252	0.604129	-0.0167437	-0.112142	0.604129	0	0	0	0.0167437	0.112142
127396	0.573486	0.0718016	-0.122768	0.573486	0.0718016	0	0	0	0.122768
55657	0.633761	-0.259546	-0.0239659	0.633761	0	0	0	0.259546	0.0239659
90874	0.097298	0.0741791	0.453054	0.097298	0.0741791	0.453054	0	0	0
619279	-0.350633	0.045096	0.271804	0	0.045096	0.271804	0.350633	0	0
51123	-0.915028	-0.188863	0.160615	0	0	0.160615	0.915028	0.188863	0
7552	0.317915	-0.562586	0.373112	0.317915	0	0.373112	0	0.562586	0
148206	0.564036	-0.190781	-0.343886	0.564036	0	0	0	0.190781	0.343886
255403	0.718592	-0.435705	0.0522003	0.718592	0	0.0522003	0	0.435705	0
442319	-0.722125	-0.0754956	0.0092587	0	0	0.0092587	0.722125	0.0754956	0
7625	-0.0430209	-0.720585	0.139722	0	0	0.139722	0.0430209	0.720585	0
58492	0.346796	-0.0892626	0.23866	0.346796	0	0.23866	0	0.0892626	0
374928	0.288355	-0.564549	-0.000813893	0.288355	0	0	0	0.564549	0.000813893
163115	0.359878	-0.552785	0.111925	0.359878	0	0.111925	0	0.552785	0
158431	0.561823	-0.327093	0.107951	0.561823	0	0.107951	0	0.327093	0
100289678	0.26231	-0.506539	0.164142	0.26231	0	0.164142	0	0.506539	0
136051	0.475732	-0.395234	0.440071	0.475732	0	0.440071	0	0.395234	0
126208	0.626959	0.0365556	0.169884	0.626959	0.0365556	0.169884	0	0	0
285989	0.000227289	-0.76513	0.0120011	0.000227289	0	0.0120011	0	0.76513	0
388536	-0.578499	-0.0708004	0.0612495	0	0	0.0612495	0.578499	0.0708004	0
7554	0.408768	-0.413059	0.218827	0.408768	0	0.218827	0	0.413059	0
55552	0.410899	0.431439	-0.10295	0.410899	0.431439	0	0	0	0.10295
152485	-0.591025	0.1686	0.0371022	0	0.1686	0.0371022	0.591025	0	0
55769	-0.57139	-0.0801175	-0.201755	0	0	0	0.57139	0.0801175	0.201755
91603	0.350659	-0.466102	0.197113	0.350659	0	0.197113	0	0.466102	0
128611	-0.910936	-0.223435	0.110182	0	0	0.110182	0.910936	0.223435	0
7637	-0.263611	-0.408491	0.124853	0	0	0.124853	0.263611	0.408491	0
91664	-0.477611	-0.089551	0.173567	0	0	0.173567	0.477611	0.089551	0
54753	0.529618	-0.0959569	-0.342858	0.529618	0	0	0	0.0959569	0.342858
400713	-0.640329	-0.191473	-0.153457	0	0	0	0.640329	0.191473	0.153457
169834	-0.713968	-0.173738	-0.146125	0	0	0	0.713968	0.173738	0.146125
7644	-0.203728	-0.157687	-0.0890522	0	0	0	0.203728	0.157687	0.0890522
168374	0.505785	-0.284424	-0.132787	0.505785	0	0	0	0.284424	0.132787
57169	0.502783	0.207968	0.0650796	0.502783	0.207968	0.0650796	0	0	0
84937	-0.804854	-0.0459393	0.262394	0	0	0.262394	0.804854	0.0459393	0
8882	-0.72911	0.367202	0.0771815	0	0.367202	0.0771815	0.72911	0	0
54764	0.697776	-0.220697	0.306932	0.697776	0	0.306932	0	0.220697	0
9406	0.112101	-0.201328	0.138372	0.112101	0	0.138372	0	0.201328	0
84083	-0.776743	0.10164	0.269104	0	0.10164	0.269104	0.776743	0	0
65982	-0.904448	-0.176295	0.170834	0	0	0.170834	0.904448	0.176295	0
7741	0.241729	-0.488802	0.293604	0.241729	0	0.293604	0	0.488802	0
146050	0.630542	0.334462	0.0707191	0.630542	0.334462	0.0707191	0	0	0
64288	0.509072	-0.40918	0.112027	0.509072	0	0.112027	0	0.40918	0
79149	-0.463326	0.534912	-0.22307	0	0.534912	0	0.463326	0	0.22307
7746	0.796498	-0.202188	0.0848264	0.796498	0	0.0848264	0	0.202188	0
65249	0.811567	0.0987906	0.0283108	0.811567	0.0987906	0.0283108	0	0	0
125150	-0.445893	0.431935	-0.0244824	0	0.431935	0	0.445893	0	0.0244824
374920	-0.520761	0.017207	-0.0518926	0	0.017207	0	0.520761	0	0.0518926
11130	-0.644548	-0.233298	-0.0183918	0	0	0	0.644548	0.233298	0.0183918
7791	0.886896	0.165915	0.0831664	0.886896	0.165915	0.0831664	0	0	0
23140	0.680889	-0.366439	-0.221542	0.680889	0	0	0	0.366439	0.221542
26009	-0.567331	-0.127443	-0.0380397	0	0	0	0.567331	0.127443	0.0380397
