outcome	brain	adj_global	model	beta	se	p	n	y_sd_beta	source
anxdep	global_thin	False	fu	0.0046219	0.0098479	0.63883	7991	0.0058349	5.1 core/mental-health/mh_p_cbcl.csv
anxdep	global_thin	False	change	0.0061142	0.008371	0.46515	7990	0.0077187	5.1 core/mental-health/mh_p_cbcl.csv
anxdep	global_thin	False	base	-0.0043067	0.0092202	0.64043	8714	-0.0054466	5.1 core/mental-health/mh_p_cbcl.csv
anxdep	global_thin	False	fu_year4	0.014942	0.013984	0.28528	3874	0.018902	5.1 core/mental-health/mh_p_cbcl.csv
anxdep	pls2_proj	False	fu	-0.0085403	0.0087669	0.32998	7991	-0.010782	5.1 core/mental-health/mh_p_cbcl.csv
anxdep	pls2_proj	False	change	-0.010062	0.0073276	0.1697	7990	-0.012703	5.1 core/mental-health/mh_p_cbcl.csv
anxdep	pls2_proj	False	base	0.0021457	0.0085489	0.80182	8714	0.0027136	5.1 core/mental-health/mh_p_cbcl.csv
anxdep	pls2_proj	False	fu_year4	-0.0088398	0.012746	0.48796	3874	-0.011183	5.1 core/mental-health/mh_p_cbcl.csv
anxdep	pls2_proj	True	fu	-0.0090603	0.0088204	0.30433	7991	-0.011438	5.1 core/mental-health/mh_p_cbcl.csv
anxdep	pls2_proj	True	change	-0.010738	0.0073804	0.14568	7990	-0.013556	5.1 core/mental-health/mh_p_cbcl.csv
anxdep	pls2_proj	True	base	0.0026025	0.0085972	0.76211	8714	0.0032913	5.1 core/mental-health/mh_p_cbcl.csv
anxdep	pls2_proj	True	fu_year4	-0.010143	0.012819	0.42879	3874	-0.012832	5.1 core/mental-health/mh_p_cbcl.csv
anxdep	pls2_top	False	fu	-0.0032789	0.009139	0.71976	7991	-0.0041394	5.1 core/mental-health/mh_p_cbcl.csv
anxdep	pls2_top	False	change	-0.0085281	0.0076448	0.26462	7990	-0.010766	5.1 core/mental-health/mh_p_cbcl.csv
anxdep	pls2_top	False	base	0.0077869	0.0087432	0.37313	8714	0.0098479	5.1 core/mental-health/mh_p_cbcl.csv
anxdep	pls2_top	False	fu_year4	0.015355	0.013171	0.24368	3874	0.019425	5.1 core/mental-health/mh_p_cbcl.csv
anxdep	pls2_top	True	fu	-0.009783	0.01159	0.39862	7991	-0.01235	5.1 core/mental-health/mh_p_cbcl.csv
anxdep	pls2_top	True	change	-0.019763	0.0096478	0.040514	7990	-0.02495	5.1 core/mental-health/mh_p_cbcl.csv
anxdep	pls2_top	True	base	0.016905	0.011181	0.13053	8714	0.02138	5.1 core/mental-health/mh_p_cbcl.csv
anxdep	pls2_top	True	fu_year4	0.010516	0.016751	0.53013	3874	0.013304	5.1 core/mental-health/mh_p_cbcl.csv
anxdep	pls2_topbottom	False	fu	-0.0057973	0.0087962	0.50985	7991	-0.0073187	5.1 core/mental-health/mh_p_cbcl.csv
anxdep	pls2_topbottom	False	change	-0.010413	0.0074375	0.16148	7990	-0.013146	5.1 core/mental-health/mh_p_cbcl.csv
anxdep	pls2_topbottom	False	base	0.0086759	0.0085722	0.31149	8714	0.010972	5.1 core/mental-health/mh_p_cbcl.csv
anxdep	pls2_topbottom	False	fu_year4	0.004288	0.013063	0.74272	3874	0.0054245	5.1 core/mental-health/mh_p_cbcl.csv
anxdep	pls2_topbottom	True	fu	-0.0055917	0.0088014	0.52522	7991	-0.0070592	5.1 core/mental-health/mh_p_cbcl.csv
anxdep	pls2_topbottom	True	change	-0.010149	0.0074341	0.17219	7990	-0.012812	5.1 core/mental-health/mh_p_cbcl.csv
anxdep	pls2_topbottom	True	base	0.0084981	0.0085756	0.3217	8714	0.010747	5.1 core/mental-health/mh_p_cbcl.csv
anxdep	pls2_topbottom	True	fu_year4	0.0051453	0.013076	0.69396	3874	0.006509	5.1 core/mental-health/mh_p_cbcl.csv
anxdep	pls1_proj	False	fu	-0.019362	0.0091772	0.034873	7991	-0.024444	5.1 core/mental-health/mh_p_cbcl.csv
anxdep	pls1_proj	False	change	-0.016998	0.0075905	0.025128	7990	-0.02146	5.1 core/mental-health/mh_p_cbcl.csv
anxdep	pls1_proj	False	base	-0.0031621	0.0086857	0.71582	8714	-0.003999	5.1 core/mental-health/mh_p_cbcl.csv
anxdep	pls1_proj	False	fu_year4	-0.0078183	0.013111	0.55095	3874	-0.0098904	5.1 core/mental-health/mh_p_cbcl.csv
anxdep	pls1_proj	True	fu	-0.020929	0.0093173	0.024687	7991	-0.026422	5.1 core/mental-health/mh_p_cbcl.csv
anxdep	pls1_proj	True	change	-0.018755	0.0077123	0.015025	7990	-0.023677	5.1 core/mental-health/mh_p_cbcl.csv
anxdep	pls1_proj	True	base	-0.0024775	0.0088508	0.77954	8714	-0.0031333	5.1 core/mental-health/mh_p_cbcl.csv
anxdep	pls1_proj	True	fu_year4	-0.010742	0.013259	0.41787	3874	-0.013589	5.1 core/mental-health/mh_p_cbcl.csv
anxdep	pls1_thick_proj	False	fu	-0.01054	0.0090698	0.24518	7991	-0.013307	5.1 core/mental-health/mh_p_cbcl.csv
anxdep	pls1_thick_proj	False	change	-0.010872	0.007494	0.14683	7990	-0.013726	5.1 core/mental-health/mh_p_cbcl.csv
anxdep	pls1_thick_proj	False	base	0.0001089	0.0086509	0.98996	8714	0.00013772	5.1 core/mental-health/mh_p_cbcl.csv
anxdep	pls1_thick_proj	False	fu_year4	-0.0044466	0.0134	0.74	3874	-0.0056252	5.1 core/mental-health/mh_p_cbcl.csv
anxdep	pls1_thick_proj	True	fu	-0.010406	0.0090752	0.25152	7991	-0.013137	5.1 core/mental-health/mh_p_cbcl.csv
anxdep	pls1_thick_proj	True	change	-0.010691	0.0075027	0.15416	7990	-0.013497	5.1 core/mental-health/mh_p_cbcl.csv
anxdep	pls1_thick_proj	True	base	-1.2063e-05	0.0086571	0.99889	8714	-1.5256e-05	5.1 core/mental-health/mh_p_cbcl.csv
anxdep	pls1_thick_proj	True	fu_year4	-0.0036598	0.01341	0.78492	3874	-0.0046298	5.1 core/mental-health/mh_p_cbcl.csv
anxdep	c3_proj	False	fu	-0.0058683	0.0092052	0.5238	7991	-0.0074084	5.1 core/mental-health/mh_p_cbcl.csv
anxdep	c3_proj	False	change	-0.003613	0.0077257	0.64003	7990	-0.0045612	5.1 core/mental-health/mh_p_cbcl.csv
anxdep	c3_proj	False	base	-0.0038261	0.0088054	0.66391	8714	-0.0048388	5.1 core/mental-health/mh_p_cbcl.csv
anxdep	c3_proj	False	fu_year4	-0.027138	0.012964	0.036319	3874	-0.034331	5.1 core/mental-health/mh_p_cbcl.csv
anxdep	c3_proj	True	fu	-0.0089583	0.010067	0.37355	7991	-0.011309	5.1 core/mental-health/mh_p_cbcl.csv
anxdep	c3_proj	True	change	-0.0069505	0.0084203	0.40912	7990	-0.0087746	5.1 core/mental-health/mh_p_cbcl.csv
anxdep	c3_proj	True	base	-0.0026092	0.0096057	0.7859	8714	-0.0032998	5.1 core/mental-health/mh_p_cbcl.csv
anxdep	c3_proj	True	fu_year4	-0.038447	0.014336	0.0073238	3874	-0.048636	5.1 core/mental-health/mh_p_cbcl.csv
withdep	global_thin	False	fu	0.017527	0.0087626	0.045476	7991	0.024878	5.1 core/mental-health/mh_p_cbcl.csv
withdep	global_thin	False	change	0.024825	0.0079109	0.0017003	7990	0.035237	5.1 core/mental-health/mh_p_cbcl.csv
withdep	global_thin	False	base	-0.0102	0.007061	0.14859	8714	-0.016614	5.1 core/mental-health/mh_p_cbcl.csv
withdep	global_thin	False	fu_year4	0.024494	0.012863	0.056881	3874	0.033407	5.1 core/mental-health/mh_p_cbcl.csv
withdep	pls2_proj	False	fu	-0.007306	0.007713	0.34352	7991	-0.01037	5.1 core/mental-health/mh_p_cbcl.csv
withdep	pls2_proj	False	change	-0.0066986	0.0068793	0.33019	7990	-0.009508	5.1 core/mental-health/mh_p_cbcl.csv
withdep	pls2_proj	False	base	0.0012031	0.0064349	0.85169	8714	0.0019597	5.1 core/mental-health/mh_p_cbcl.csv
withdep	pls2_proj	False	fu_year4	-0.0063418	0.011932	0.59506	3874	-0.0086496	5.1 core/mental-health/mh_p_cbcl.csv
withdep	pls2_proj	True	fu	-0.0090265	0.0077815	0.24605	7991	-0.012812	5.1 core/mental-health/mh_p_cbcl.csv
withdep	pls2_proj	True	change	-0.0090995	0.0069421	0.18994	7990	-0.012916	5.1 core/mental-health/mh_p_cbcl.csv
withdep	pls2_proj	True	base	0.0022412	0.0064696	0.72903	8714	0.0036506	5.1 core/mental-health/mh_p_cbcl.csv
withdep	pls2_proj	True	fu_year4	-0.0084144	0.011981	0.48248	3874	-0.011476	5.1 core/mental-health/mh_p_cbcl.csv
withdep	pls2_top	False	fu	0.0028272	0.0081544	0.72881	7991	0.0040129	5.1 core/mental-health/mh_p_cbcl.csv
withdep	pls2_top	False	change	0.0048233	0.0072577	0.50632	7990	0.0068462	5.1 core/mental-health/mh_p_cbcl.csv
withdep	pls2_top	False	base	-0.00030236	0.0067895	0.96448	8714	-0.00049251	5.1 core/mental-health/mh_p_cbcl.csv
withdep	pls2_top	False	fu_year4	0.011435	0.012554	0.36235	3874	0.015597	5.1 core/mental-health/mh_p_cbcl.csv
withdep	pls2_top	True	fu	-0.012299	0.010279	0.23149	7991	-0.017458	5.1 core/mental-health/mh_p_cbcl.csv
withdep	pls2_top	True	change	-0.016098	0.0091806	0.079529	7990	-0.022849	5.1 core/mental-health/mh_p_cbcl.csv
withdep	pls2_top	True	base	0.0094504	0.0086478	0.27448	8714	0.015394	5.1 core/mental-health/mh_p_cbcl.csv
withdep	pls2_top	True	fu_year4	-0.0051377	0.016032	0.74861	3874	-0.0070073	5.1 core/mental-health/mh_p_cbcl.csv
withdep	pls2_topbottom	False	fu	-0.0063231	0.0078112	0.41823	7991	-0.0089751	5.1 core/mental-health/mh_p_cbcl.csv
withdep	pls2_topbottom	False	change	-0.0082853	0.0070209	0.23796	7990	-0.01176	5.1 core/mental-health/mh_p_cbcl.csv
withdep	pls2_topbottom	False	base	0.0059277	0.0065419	0.36488	8714	0.0096556	5.1 core/mental-health/mh_p_cbcl.csv
withdep	pls2_topbottom	False	fu_year4	-0.0040467	0.012104	0.73813	3874	-0.0055193	5.1 core/mental-health/mh_p_cbcl.csv
withdep	pls2_topbottom	True	fu	-0.0055033	0.0078172	0.48144	7991	-0.0078113	5.1 core/mental-health/mh_p_cbcl.csv
withdep	pls2_topbottom	True	change	-0.007127	0.0070193	0.30994	7990	-0.010116	5.1 core/mental-health/mh_p_cbcl.csv
withdep	pls2_topbottom	True	base	0.0054718	0.0065415	0.40289	8714	0.0089129	5.1 core/mental-health/mh_p_cbcl.csv
withdep	pls2_topbottom	True	fu_year4	-0.0026814	0.012135	0.82511	3874	-0.0036572	5.1 core/mental-health/mh_p_cbcl.csv
withdep	pls1_proj	False	fu	0.0066028	0.0081771	0.4194	7991	0.009372	5.1 core/mental-health/mh_p_cbcl.csv
withdep	pls1_proj	False	change	0.014043	0.0073662	0.056602	7990	0.019932	5.1 core/mental-health/mh_p_cbcl.csv
withdep	pls1_proj	False	base	-0.01037	0.0068324	0.12907	8714	-0.016892	5.1 core/mental-health/mh_p_cbcl.csv
withdep	pls1_proj	False	fu_year4	0.0024207	0.012208	0.84282	3874	0.0033016	5.1 core/mental-health/mh_p_cbcl.csv
withdep	pls1_proj	True	fu	0.0035904	0.0082677	0.66409	7991	0.0050962	5.1 core/mental-health/mh_p_cbcl.csv
withdep	pls1_proj	True	change	0.0099569	0.0074611	0.18204	7990	0.014133	5.1 core/mental-health/mh_p_cbcl.csv
withdep	pls1_proj	True	base	-0.0088533	0.0069675	0.20385	8714	-0.014421	5.1 core/mental-health/mh_p_cbcl.csv
withdep	pls1_proj	True	fu_year4	-0.001846	0.012344	0.88113	3874	-0.0025177	5.1 core/mental-health/mh_p_cbcl.csv
withdep	pls1_thick_proj	False	fu	-0.0020979	0.0080298	0.79389	7991	-0.0029778	5.1 core/mental-health/mh_p_cbcl.csv
withdep	pls1_thick_proj	False	change	-0.012785	0.0070906	0.071383	7990	-0.018147	5.1 core/mental-health/mh_p_cbcl.csv
withdep	pls1_thick_proj	False	base	0.021136	0.0066314	0.0014359	8714	0.034429	5.1 core/mental-health/mh_p_cbcl.csv
withdep	pls1_thick_proj	False	fu_year4	-0.0067802	0.012269	0.58051	3874	-0.0092476	5.1 core/mental-health/mh_p_cbcl.csv
withdep	pls1_thick_proj	True	fu	-0.0015447	0.0080232	0.84732	7991	-0.0021926	5.1 core/mental-health/mh_p_cbcl.csv
withdep	pls1_thick_proj	True	change	-0.012026	0.0070865	0.089677	7990	-0.01707	5.1 core/mental-health/mh_p_cbcl.csv
withdep	pls1_thick_proj	True	base	0.020869	0.0066276	0.0016396	8714	0.033993	5.1 core/mental-health/mh_p_cbcl.csv
withdep	pls1_thick_proj	True	fu_year4	-0.0054888	0.012281	0.65491	3874	-0.0074861	5.1 core/mental-health/mh_p_cbcl.csv
withdep	c3_proj	False	fu	-0.0021554	0.0081516	0.79146	7991	-0.0030594	5.1 core/mental-health/mh_p_cbcl.csv
withdep	c3_proj	False	change	0.0028059	0.0071775	0.69585	7990	0.0039826	5.1 core/mental-health/mh_p_cbcl.csv
withdep	c3_proj	False	base	-0.0051221	0.0067633	0.44885	8714	-0.0083433	5.1 core/mental-health/mh_p_cbcl.csv
withdep	c3_proj	False	fu_year4	-0.017488	0.012015	0.14551	3874	-0.023852	5.1 core/mental-health/mh_p_cbcl.csv
withdep	c3_proj	True	fu	-0.010246	0.0088632	0.2477	7991	-0.014543	5.1 core/mental-health/mh_p_cbcl.csv
withdep	c3_proj	True	change	-0.0075861	0.0077074	0.32498	7990	-0.010768	5.1 core/mental-health/mh_p_cbcl.csv
withdep	c3_proj	True	base	-0.0015039	0.0073582	0.83805	8714	-0.0024497	5.1 core/mental-health/mh_p_cbcl.csv
withdep	c3_proj	True	fu_year4	-0.031143	0.013205	0.018355	3874	-0.042476	5.1 core/mental-health/mh_p_cbcl.csv
somatic	global_thin	False	fu	-0.00042069	0.0083961	0.96004	7991	-0.00063281	5.1 core/mental-health/mh_p_cbcl.csv
somatic	global_thin	False	change	0.00078711	0.0074413	0.91576	7990	0.001184	5.1 core/mental-health/mh_p_cbcl.csv
somatic	global_thin	False	base	-0.0017727	0.0079381	0.82329	8714	-0.0026484	5.1 core/mental-health/mh_p_cbcl.csv
somatic	global_thin	False	fu_year4	0.0018627	0.012201	0.87866	3874	0.002789	5.1 core/mental-health/mh_p_cbcl.csv
somatic	pls2_proj	False	fu	-0.007391	0.0074113	0.31864	7991	-0.011118	5.1 core/mental-health/mh_p_cbcl.csv
somatic	pls2_proj	False	change	-0.0052768	0.0066434	0.42702	7990	-0.0079375	5.1 core/mental-health/mh_p_cbcl.csv
somatic	pls2_proj	False	base	-0.0045765	0.0073671	0.53446	8714	-0.0068373	5.1 core/mental-health/mh_p_cbcl.csv
somatic	pls2_proj	False	fu_year4	-0.017628	0.01075	0.10106	3874	-0.026394	5.1 core/mental-health/mh_p_cbcl.csv
somatic	pls2_proj	True	fu	-0.0074255	0.0074727	0.32038	7991	-0.01117	5.1 core/mental-health/mh_p_cbcl.csv
somatic	pls2_proj	True	change	-0.0054038	0.0067028	0.42013	7990	-0.0081285	5.1 core/mental-health/mh_p_cbcl.csv
somatic	pls2_proj	True	base	-0.0044501	0.0073925	0.54719	8714	-0.0066485	5.1 core/mental-health/mh_p_cbcl.csv
somatic	pls2_proj	True	fu_year4	-0.01792	0.010786	0.096641	3874	-0.026832	5.1 core/mental-health/mh_p_cbcl.csv
somatic	pls2_top	False	fu	-0.010447	0.0076941	0.17455	7991	-0.015714	5.1 core/mental-health/mh_p_cbcl.csv
somatic	pls2_top	False	change	-0.010319	0.0068182	0.13016	7990	-0.015522	5.1 core/mental-health/mh_p_cbcl.csv
somatic	pls2_top	False	base	-0.00047554	0.0074991	0.94944	8714	-0.00071046	5.1 core/mental-health/mh_p_cbcl.csv
somatic	pls2_top	False	fu_year4	-0.0076151	0.011377	0.50328	3874	-0.011402	5.1 core/mental-health/mh_p_cbcl.csv
somatic	pls2_top	True	fu	-0.01657	0.0097879	0.090469	7991	-0.024925	5.1 core/mental-health/mh_p_cbcl.csv
somatic	pls2_top	True	change	-0.017533	0.0087596	0.04533	7990	-0.026374	5.1 core/mental-health/mh_p_cbcl.csv
somatic	pls2_top	True	base	0.00095223	0.0093708	0.91906	8714	0.0014226	5.1 core/mental-health/mh_p_cbcl.csv
somatic	pls2_top	True	fu_year4	-0.014212	0.01436	0.32231	3874	-0.02128	5.1 core/mental-health/mh_p_cbcl.csv
somatic	pls2_topbottom	False	fu	-0.0057181	0.0074295	0.44151	7991	-0.0086013	5.1 core/mental-health/mh_p_cbcl.csv
somatic	pls2_topbottom	False	change	-0.0060357	0.0066833	0.36647	7990	-0.0090791	5.1 core/mental-health/mh_p_cbcl.csv
somatic	pls2_topbottom	False	base	0.00096416	0.0072464	0.89415	8714	0.0014404	5.1 core/mental-health/mh_p_cbcl.csv
somatic	pls2_topbottom	False	fu_year4	-0.010377	0.010954	0.34347	3874	-0.015538	5.1 core/mental-health/mh_p_cbcl.csv
somatic	pls2_topbottom	True	fu	-0.0057529	0.0074267	0.43857	7991	-0.0086536	5.1 core/mental-health/mh_p_cbcl.csv
somatic	pls2_topbottom	True	change	-0.0060137	0.0066764	0.36773	7990	-0.009046	5.1 core/mental-health/mh_p_cbcl.csv
somatic	pls2_topbottom	True	base	0.00088476	0.0072624	0.90303	8714	0.0013218	5.1 core/mental-health/mh_p_cbcl.csv
somatic	pls2_topbottom	True	fu_year4	-0.01031	0.010976	0.34759	3874	-0.015437	5.1 core/mental-health/mh_p_cbcl.csv
somatic	pls1_proj	False	fu	-0.012395	0.0076896	0.10698	7991	-0.018645	5.1 core/mental-health/mh_p_cbcl.csv
somatic	pls1_proj	False	change	-0.0094341	0.0068027	0.1655	7990	-0.014191	5.1 core/mental-health/mh_p_cbcl.csv
somatic	pls1_proj	False	base	-0.0035799	0.0075238	0.63421	8714	-0.0053484	5.1 core/mental-health/mh_p_cbcl.csv
somatic	pls1_proj	False	fu_year4	0.0033478	0.011394	0.76889	3874	0.0050126	5.1 core/mental-health/mh_p_cbcl.csv
somatic	pls1_proj	True	fu	-0.012771	0.0077728	0.10038	7991	-0.01921	5.1 core/mental-health/mh_p_cbcl.csv
somatic	pls1_proj	True	change	-0.0099251	0.0068641	0.14819	7990	-0.01493	5.1 core/mental-health/mh_p_cbcl.csv
somatic	pls1_proj	True	base	-0.0033806	0.0076647	0.65917	8714	-0.0050506	5.1 core/mental-health/mh_p_cbcl.csv
somatic	pls1_proj	True	fu_year4	0.0031324	0.011472	0.78482	3874	0.0046901	5.1 core/mental-health/mh_p_cbcl.csv
somatic	pls1_thick_proj	False	fu	-0.01545	0.0075659	0.041141	7991	-0.023241	5.1 core/mental-health/mh_p_cbcl.csv
somatic	pls1_thick_proj	False	change	-0.017123	0.0067859	0.011625	7990	-0.025757	5.1 core/mental-health/mh_p_cbcl.csv
somatic	pls1_thick_proj	False	base	0.0027678	0.0072228	0.70157	8714	0.0041351	5.1 core/mental-health/mh_p_cbcl.csv
somatic	pls1_thick_proj	False	fu_year4	0.0073703	0.011133	0.50796	3874	0.011035	5.1 core/mental-health/mh_p_cbcl.csv
somatic	pls1_thick_proj	True	fu	-0.015482	0.0075661	0.040736	7991	-0.023288	5.1 core/mental-health/mh_p_cbcl.csv
somatic	pls1_thick_proj	True	change	-0.017118	0.0067878	0.011672	7990	-0.02575	5.1 core/mental-health/mh_p_cbcl.csv
somatic	pls1_thick_proj	True	base	0.0027205	0.0072274	0.70661	8714	0.0040645	5.1 core/mental-health/mh_p_cbcl.csv
somatic	pls1_thick_proj	True	fu_year4	0.0074945	0.011117	0.50023	3874	0.011221	5.1 core/mental-health/mh_p_cbcl.csv
somatic	c3_proj	False	fu	-0.0049548	0.0078599	0.52844	7991	-0.0074532	5.1 core/mental-health/mh_p_cbcl.csv
somatic	c3_proj	False	change	-0.0018395	0.006994	0.79254	7990	-0.0027671	5.1 core/mental-health/mh_p_cbcl.csv
somatic	c3_proj	False	base	-0.0084661	0.0075441	0.26177	8714	-0.012648	5.1 core/mental-health/mh_p_cbcl.csv
somatic	c3_proj	False	fu_year4	-0.022287	0.010946	0.041742	3874	-0.033371	5.1 core/mental-health/mh_p_cbcl.csv
somatic	c3_proj	True	fu	-0.0056643	0.00857	0.50864	7991	-0.0085204	5.1 core/mental-health/mh_p_cbcl.csv
somatic	c3_proj	True	change	-0.0025171	0.0076334	0.74159	7990	-0.0037863	5.1 core/mental-health/mh_p_cbcl.csv
somatic	c3_proj	True	base	-0.0092528	0.0082125	0.25988	8714	-0.013824	5.1 core/mental-health/mh_p_cbcl.csv
somatic	c3_proj	True	fu_year4	-0.027116	0.011683	0.020289	3874	-0.0406	5.1 core/mental-health/mh_p_cbcl.csv
social	global_thin	False	fu	-0.0014671	0.0081371	0.85692	7991	-0.0022351	5.1 core/mental-health/mh_p_cbcl.csv
social	global_thin	False	change	0.0039667	0.006644	0.55048	7990	0.0060433	5.1 core/mental-health/mh_p_cbcl.csv
social	global_thin	False	base	-0.010929	0.0083496	0.19054	8714	-0.015444	5.1 core/mental-health/mh_p_cbcl.csv
social	global_thin	False	fu_year4	-0.0026207	0.011057	0.81264	3874	-0.004157	5.1 core/mental-health/mh_p_cbcl.csv
social	pls2_proj	False	fu	-0.0098117	0.0073746	0.18336	7991	-0.014948	5.1 core/mental-health/mh_p_cbcl.csv
social	pls2_proj	False	change	-0.007658	0.0062971	0.22395	7990	-0.011667	5.1 core/mental-health/mh_p_cbcl.csv
social	pls2_proj	False	base	-0.0054095	0.0076143	0.47744	8714	-0.007644	5.1 core/mental-health/mh_p_cbcl.csv
social	pls2_proj	False	fu_year4	0.0027217	0.010419	0.79392	3874	0.0043171	5.1 core/mental-health/mh_p_cbcl.csv
social	pls2_proj	True	fu	-0.0097722	0.0074329	0.1886	7991	-0.014888	5.1 core/mental-health/mh_p_cbcl.csv
social	pls2_proj	True	change	-0.0081074	0.0063523	0.20185	7990	-0.012352	5.1 core/mental-health/mh_p_cbcl.csv
social	pls2_proj	True	base	-0.0043727	0.0076328	0.56672	8714	-0.0061789	5.1 core/mental-health/mh_p_cbcl.csv
social	pls2_proj	True	fu_year4	0.0029595	0.010485	0.77775	3874	0.0046944	5.1 core/mental-health/mh_p_cbcl.csv
social	pls2_top	False	fu	-0.0056474	0.0076955	0.46304	7991	-0.0086038	5.1 core/mental-health/mh_p_cbcl.csv
social	pls2_top	False	change	-0.0054053	0.0063926	0.39779	7990	-0.0082351	5.1 core/mental-health/mh_p_cbcl.csv
social	pls2_top	False	base	-0.00073444	0.0079911	0.92677	8714	-0.0010378	5.1 core/mental-health/mh_p_cbcl.csv
social	pls2_top	False	fu_year4	0.0030119	0.010563	0.77554	3874	0.0047775	5.1 core/mental-health/mh_p_cbcl.csv
social	pls2_top	True	fu	-0.007763	0.0097053	0.42379	7991	-0.011827	5.1 core/mental-health/mh_p_cbcl.csv
social	pls2_top	True	change	-0.012613	0.008172	0.12272	7990	-0.019216	5.1 core/mental-health/mh_p_cbcl.csv
social	pls2_top	True	base	0.0094569	0.010173	0.35257	8714	0.013363	5.1 core/mental-health/mh_p_cbcl.csv
social	pls2_top	True	fu_year4	0.0074493	0.0135	0.58109	3874	0.011816	5.1 core/mental-health/mh_p_cbcl.csv
social	pls2_topbottom	False	fu	-0.0087027	0.0073499	0.23639	7991	-0.013259	5.1 core/mental-health/mh_p_cbcl.csv
social	pls2_topbottom	False	change	-0.0085447	0.0063418	0.17787	7990	-0.013018	5.1 core/mental-health/mh_p_cbcl.csv
social	pls2_topbottom	False	base	-0.0011353	0.0076385	0.88185	8714	-0.0016042	5.1 core/mental-health/mh_p_cbcl.csv
social	pls2_topbottom	False	fu_year4	0.0074575	0.010584	0.48105	3874	0.011829	5.1 core/mental-health/mh_p_cbcl.csv
social	pls2_topbottom	True	fu	-0.0087952	0.0073512	0.23153	7991	-0.0134	5.1 core/mental-health/mh_p_cbcl.csv
social	pls2_topbottom	True	change	-0.0083777	0.0063433	0.18659	7990	-0.012764	5.1 core/mental-health/mh_p_cbcl.csv
social	pls2_topbottom	True	base	-0.0016415	0.0076465	0.83002	8714	-0.0023196	5.1 core/mental-health/mh_p_cbcl.csv
social	pls2_topbottom	True	fu_year4	0.0073368	0.01059	0.48841	3874	0.011638	5.1 core/mental-health/mh_p_cbcl.csv
social	pls1_proj	False	fu	0.00046798	0.0077475	0.95183	7991	0.00071297	5.1 core/mental-health/mh_p_cbcl.csv
social	pls1_proj	False	change	-0.0018193	0.0065408	0.7809	7990	-0.0027717	5.1 core/mental-health/mh_p_cbcl.csv
social	pls1_proj	False	base	0.0061523	0.0080811	0.44647	8714	0.0086936	5.1 core/mental-health/mh_p_cbcl.csv
social	pls1_proj	False	fu_year4	-0.019125	0.011119	0.085433	3874	-0.030336	5.1 core/mental-health/mh_p_cbcl.csv
social	pls1_proj	True	fu	0.00075749	0.0079089	0.9237	7991	0.001154	5.1 core/mental-health/mh_p_cbcl.csv
social	pls1_proj	True	change	-0.0026225	0.0066882	0.69499	7990	-0.0039953	5.1 core/mental-health/mh_p_cbcl.csv
social	pls1_proj	True	base	0.0084027	0.0082458	0.30819	8714	0.011874	5.1 core/mental-health/mh_p_cbcl.csv
social	pls1_proj	True	fu_year4	-0.019319	0.011327	0.08808	3874	-0.030644	5.1 core/mental-health/mh_p_cbcl.csv
social	pls1_thick_proj	False	fu	0.0024127	0.0075901	0.75058	7991	0.0036758	5.1 core/mental-health/mh_p_cbcl.csv
social	pls1_thick_proj	False	change	-0.00478	0.0063658	0.45272	7990	-0.0072823	5.1 core/mental-health/mh_p_cbcl.csv
social	pls1_thick_proj	False	base	0.015357	0.0078101	0.049257	8714	0.021701	5.1 core/mental-health/mh_p_cbcl.csv
social	pls1_thick_proj	False	fu_year4	0.020799	0.010842	0.05506	3874	0.032991	5.1 core/mental-health/mh_p_cbcl.csv
social	pls1_thick_proj	True	fu	0.0023691	0.0075994	0.75524	7991	0.0036093	5.1 core/mental-health/mh_p_cbcl.csv
social	pls1_thick_proj	True	change	-0.0046607	0.006376	0.46479	7990	-0.0071006	5.1 core/mental-health/mh_p_cbcl.csv
social	pls1_thick_proj	True	base	0.015064	0.0078097	0.053742	8714	0.021287	5.1 core/mental-health/mh_p_cbcl.csv
social	pls1_thick_proj	True	fu_year4	0.020727	0.010857	0.056252	3874	0.032877	5.1 core/mental-health/mh_p_cbcl.csv
social	c3_proj	False	fu	-0.012467	0.0075164	0.097176	7991	-0.018994	5.1 core/mental-health/mh_p_cbcl.csv
social	c3_proj	False	change	-0.0048913	0.0064292	0.44678	7990	-0.0074519	5.1 core/mental-health/mh_p_cbcl.csv
social	c3_proj	False	base	-0.013437	0.0079707	0.091844	8714	-0.018987	5.1 core/mental-health/mh_p_cbcl.csv
social	c3_proj	False	fu_year4	-0.01174	0.010462	0.26181	3874	-0.018621	5.1 core/mental-health/mh_p_cbcl.csv
social	c3_proj	True	fu	-0.014073	0.008276	0.089044	7991	-0.021441	5.1 core/mental-health/mh_p_cbcl.csv
social	c3_proj	True	change	-0.0075144	0.0071291	0.29186	7990	-0.011448	5.1 core/mental-health/mh_p_cbcl.csv
social	c3_proj	True	base	-0.011045	0.0086371	0.20099	8714	-0.015607	5.1 core/mental-health/mh_p_cbcl.csv
social	c3_proj	True	fu_year4	-0.01274	0.011433	0.26515	3874	-0.020208	5.1 core/mental-health/mh_p_cbcl.csv
thought	global_thin	False	fu	0.0068131	0.0083703	0.41567	7991	0.010105	5.1 core/mental-health/mh_p_cbcl.csv
thought	global_thin	False	change	0.001037	0.0070238	0.88262	7990	0.0015381	5.1 core/mental-health/mh_p_cbcl.csv
thought	global_thin	False	base	0.0082778	0.0080989	0.30674	8714	0.012077	5.1 core/mental-health/mh_p_cbcl.csv
thought	global_thin	False	fu_year4	3.6484e-05	0.012049	0.99758	3874	5.4757e-05	5.1 core/mental-health/mh_p_cbcl.csv
thought	pls2_proj	False	fu	-0.0021185	0.0075077	0.77781	7991	-0.0031421	5.1 core/mental-health/mh_p_cbcl.csv
thought	pls2_proj	False	change	-0.0012134	0.0063222	0.8478	7990	-0.0017996	5.1 core/mental-health/mh_p_cbcl.csv
thought	pls2_proj	False	base	-0.0029988	0.007437	0.68678	8714	-0.0043752	5.1 core/mental-health/mh_p_cbcl.csv
thought	pls2_proj	False	fu_year4	-0.0061274	0.010924	0.57486	3874	-0.0091962	5.1 core/mental-health/mh_p_cbcl.csv
thought	pls2_proj	True	fu	-0.00278	0.0075685	0.71338	7991	-0.0041233	5.1 core/mental-health/mh_p_cbcl.csv
thought	pls2_proj	True	change	-0.0013231	0.0063708	0.83547	7990	-0.0019624	5.1 core/mental-health/mh_p_cbcl.csv
thought	pls2_proj	True	base	-0.0038641	0.0074609	0.60452	8714	-0.0056377	5.1 core/mental-health/mh_p_cbcl.csv
thought	pls2_proj	True	fu_year4	-0.0061786	0.010957	0.57282	3874	-0.0092731	5.1 core/mental-health/mh_p_cbcl.csv
thought	pls2_top	False	fu	-0.0014299	0.007936	0.85702	7991	-0.0021207	5.1 core/mental-health/mh_p_cbcl.csv
thought	pls2_top	False	change	-0.0070521	0.0066163	0.28649	7990	-0.010459	5.1 core/mental-health/mh_p_cbcl.csv
thought	pls2_top	False	base	0.0089432	0.0076733	0.24382	8714	0.013048	5.1 core/mental-health/mh_p_cbcl.csv
thought	pls2_top	False	fu_year4	-0.0057451	0.011283	0.61061	3874	-0.0086224	5.1 core/mental-health/mh_p_cbcl.csv
thought	pls2_top	True	fu	-0.0088904	0.01029	0.38759	7991	-0.013186	5.1 core/mental-health/mh_p_cbcl.csv
thought	pls2_top	True	change	-0.012461	0.0085341	0.14426	7990	-0.018482	5.1 core/mental-health/mh_p_cbcl.csv
thought	pls2_top	True	base	0.0065232	0.009731	0.50263	8714	0.0095173	5.1 core/mental-health/mh_p_cbcl.csv
thought	pls2_top	True	fu_year4	-0.0093942	0.014376	0.51346	3874	-0.014099	5.1 core/mental-health/mh_p_cbcl.csv
thought	pls2_topbottom	False	fu	-0.0015458	0.0075739	0.83828	7991	-0.0022926	5.1 core/mental-health/mh_p_cbcl.csv
thought	pls2_topbottom	False	change	-0.0022475	0.00642	0.72628	7990	-0.0033334	5.1 core/mental-health/mh_p_cbcl.csv
thought	pls2_topbottom	False	base	0.0018147	0.0073821	0.80582	8714	0.0026476	5.1 core/mental-health/mh_p_cbcl.csv
thought	pls2_topbottom	False	fu_year4	0.00081818	0.011104	0.94126	3874	0.001228	5.1 core/mental-health/mh_p_cbcl.csv
thought	pls2_topbottom	True	fu	-0.0012247	0.0075746	0.87155	7991	-0.0018164	5.1 core/mental-health/mh_p_cbcl.csv
thought	pls2_topbottom	True	change	-0.0022038	0.0064207	0.73142	7990	-0.0032687	5.1 core/mental-health/mh_p_cbcl.csv
thought	pls2_topbottom	True	base	0.0022004	0.0073912	0.76593	8714	0.0032104	5.1 core/mental-health/mh_p_cbcl.csv
thought	pls2_topbottom	True	fu_year4	0.0008232	0.011135	0.94107	3874	0.0012355	5.1 core/mental-health/mh_p_cbcl.csv
thought	pls1_proj	False	fu	-0.0030748	0.007903	0.69723	7991	-0.0045604	5.1 core/mental-health/mh_p_cbcl.csv
thought	pls1_proj	False	change	-0.0064489	0.0066532	0.3324	7990	-0.0095647	5.1 core/mental-health/mh_p_cbcl.csv
thought	pls1_proj	False	base	0.0074965	0.0077143	0.33117	8714	0.010937	5.1 core/mental-health/mh_p_cbcl.csv
thought	pls1_proj	False	fu_year4	-0.0095047	0.011614	0.41314	3874	-0.014265	5.1 core/mental-health/mh_p_cbcl.csv
thought	pls1_proj	True	fu	-0.0044523	0.0079929	0.57751	7991	-0.0066034	5.1 core/mental-health/mh_p_cbcl.csv
thought	pls1_proj	True	change	-0.0068767	0.0067226	0.30634	7990	-0.010199	5.1 core/mental-health/mh_p_cbcl.csv
thought	pls1_proj	True	base	0.0062321	0.0078951	0.4299	8714	0.0090926	5.1 core/mental-health/mh_p_cbcl.csv
thought	pls1_proj	True	fu_year4	-0.0098389	0.011754	0.40254	3874	-0.014767	5.1 core/mental-health/mh_p_cbcl.csv
thought	pls1_thick_proj	False	fu	0.0011143	0.0078562	0.88721	7991	0.0016527	5.1 core/mental-health/mh_p_cbcl.csv
thought	pls1_thick_proj	False	change	-0.0026838	0.006542	0.68163	7990	-0.0039805	5.1 core/mental-health/mh_p_cbcl.csv
thought	pls1_thick_proj	False	base	0.0077296	0.0074682	0.30066	8714	0.011277	5.1 core/mental-health/mh_p_cbcl.csv
thought	pls1_thick_proj	False	fu_year4	-0.00329	0.011341	0.77173	3874	-0.0049378	5.1 core/mental-health/mh_p_cbcl.csv
thought	pls1_thick_proj	True	fu	0.0013316	0.0078602	0.86547	7991	0.001975	5.1 core/mental-health/mh_p_cbcl.csv
thought	pls1_thick_proj	True	change	-0.0026539	0.0065474	0.68523	7990	-0.0039362	5.1 core/mental-health/mh_p_cbcl.csv
thought	pls1_thick_proj	True	base	0.0079694	0.0074708	0.28609	8714	0.011627	5.1 core/mental-health/mh_p_cbcl.csv
thought	pls1_thick_proj	True	fu_year4	-0.0032989	0.011347	0.77127	3874	-0.0049512	5.1 core/mental-health/mh_p_cbcl.csv
thought	c3_proj	False	fu	0.0011681	0.0079155	0.88268	7991	0.0017325	5.1 core/mental-health/mh_p_cbcl.csv
thought	c3_proj	False	change	0.00074673	0.0065212	0.90884	7990	0.0011075	5.1 core/mental-health/mh_p_cbcl.csv
thought	c3_proj	False	base	-0.0008713	0.0076958	0.90986	8714	-0.0012712	5.1 core/mental-health/mh_p_cbcl.csv
thought	c3_proj	False	fu_year4	-0.0070023	0.011283	0.53487	3874	-0.010509	5.1 core/mental-health/mh_p_cbcl.csv
thought	c3_proj	True	fu	-0.0016146	0.0086172	0.85137	7991	-0.0023947	5.1 core/mental-health/mh_p_cbcl.csv
thought	c3_proj	True	change	0.00042594	0.0070697	0.95196	7990	0.00063174	5.1 core/mental-health/mh_p_cbcl.csv
thought	c3_proj	True	base	-0.0047473	0.0083179	0.56818	8714	-0.0069263	5.1 core/mental-health/mh_p_cbcl.csv
thought	c3_proj	True	fu_year4	-0.0082843	0.01214	0.49498	3874	-0.012433	5.1 core/mental-health/mh_p_cbcl.csv
attention	global_thin	False	fu	0.012592	0.010316	0.22223	7991	0.01482	5.1 core/mental-health/mh_p_cbcl.csv
attention	global_thin	False	change	0.013132	0.0077746	0.091202	7990	0.015456	5.1 core/mental-health/mh_p_cbcl.csv
attention	global_thin	False	base	-0.0015952	0.01003	0.87364	8714	-0.0018525	5.1 core/mental-health/mh_p_cbcl.csv
attention	global_thin	False	fu_year4	0.027325	0.014977	0.068088	3874	0.032145	5.1 core/mental-health/mh_p_cbcl.csv
attention	pls2_proj	False	fu	0.0032178	0.0095478	0.7361	7991	0.0037874	5.1 core/mental-health/mh_p_cbcl.csv
attention	pls2_proj	False	change	-0.0044267	0.0073358	0.54622	7990	-0.0052102	5.1 core/mental-health/mh_p_cbcl.csv
attention	pls2_proj	False	base	0.012329	0.0094556	0.19227	8714	0.014318	5.1 core/mental-health/mh_p_cbcl.csv
attention	pls2_proj	False	fu_year4	-0.0079173	0.014025	0.57242	3874	-0.0093137	5.1 core/mental-health/mh_p_cbcl.csv
attention	pls2_proj	True	fu	0.0020667	0.0096005	0.82956	7991	0.0024325	5.1 core/mental-health/mh_p_cbcl.csv
attention	pls2_proj	True	change	-0.0057065	0.0073611	0.4382	7990	-0.0067166	5.1 core/mental-health/mh_p_cbcl.csv
attention	pls2_proj	True	base	0.012628	0.009507	0.18407	8714	0.014666	5.1 core/mental-health/mh_p_cbcl.csv
attention	pls2_proj	True	fu_year4	-0.010236	0.014048	0.46621	3874	-0.012042	5.1 core/mental-health/mh_p_cbcl.csv
attention	pls2_top	False	fu	0.0098968	0.0097681	0.31098	7991	0.011648	5.1 core/mental-health/mh_p_cbcl.csv
attention	pls2_top	False	change	-5.5763e-06	0.0075591	0.99941	7990	-6.5632e-06	5.1 core/mental-health/mh_p_cbcl.csv
attention	pls2_top	False	base	0.017851	0.0094978	0.060179	8714	0.020731	5.1 core/mental-health/mh_p_cbcl.csv
attention	pls2_top	False	fu_year4	0.021562	0.014467	0.1361	3874	0.025366	5.1 core/mental-health/mh_p_cbcl.csv
attention	pls2_top	True	fu	0.0039457	0.012338	0.74911	7991	0.004644	5.1 core/mental-health/mh_p_cbcl.csv
attention	pls2_top	True	change	-0.012681	0.0095911	0.18612	7990	-0.014925	5.1 core/mental-health/mh_p_cbcl.csv
attention	pls2_top	True	base	0.030684	0.012087	0.011127	8714	0.035634	5.1 core/mental-health/mh_p_cbcl.csv
attention	pls2_top	True	fu_year4	0.0086123	0.018505	0.64164	3874	0.010131	5.1 core/mental-health/mh_p_cbcl.csv
attention	pls2_topbottom	False	fu	0.0051212	0.0094743	0.58883	7991	0.0060277	5.1 core/mental-health/mh_p_cbcl.csv
attention	pls2_topbottom	False	change	-0.0059082	0.0074106	0.4253	7990	-0.0069539	5.1 core/mental-health/mh_p_cbcl.csv
attention	pls2_topbottom	False	base	0.019237	0.0093709	0.040091	8714	0.02234	5.1 core/mental-health/mh_p_cbcl.csv
attention	pls2_topbottom	False	fu_year4	0.0018357	0.014173	0.89694	3874	0.0021595	5.1 core/mental-health/mh_p_cbcl.csv
attention	pls2_topbottom	True	fu	0.0057352	0.0094927	0.54573	7991	0.0067502	5.1 core/mental-health/mh_p_cbcl.csv
attention	pls2_topbottom	True	change	-0.005298	0.0074341	0.47606	7990	-0.0062357	5.1 core/mental-health/mh_p_cbcl.csv
attention	pls2_topbottom	True	base	0.019209	0.0093817	0.04061	8714	0.022308	5.1 core/mental-health/mh_p_cbcl.csv
attention	pls2_topbottom	True	fu_year4	0.0033818	0.014199	0.81175	3874	0.0039783	5.1 core/mental-health/mh_p_cbcl.csv
attention	pls1_proj	False	fu	0.0055921	0.0098056	0.56847	7991	0.0065819	5.1 core/mental-health/mh_p_cbcl.csv
attention	pls1_proj	False	change	2.5488e-05	0.0074538	0.99727	7990	2.9999e-05	5.1 core/mental-health/mh_p_cbcl.csv
attention	pls1_proj	False	base	0.01091	0.0095459	0.2531	8714	0.01267	5.1 core/mental-health/mh_p_cbcl.csv
attention	pls1_proj	False	fu_year4	0.0024033	0.014152	0.86516	3874	0.0028272	5.1 core/mental-health/mh_p_cbcl.csv
attention	pls1_proj	True	fu	0.0034591	0.009985	0.72902	7991	0.0040713	5.1 core/mental-health/mh_p_cbcl.csv
attention	pls1_proj	True	change	-0.0024108	0.0076106	0.75141	7990	-0.0028375	5.1 core/mental-health/mh_p_cbcl.csv
attention	pls1_proj	True	base	0.0116	0.0097109	0.23225	8714	0.013472	5.1 core/mental-health/mh_p_cbcl.csv
attention	pls1_proj	True	fu_year4	-0.0023669	0.014376	0.86923	3874	-0.0027844	5.1 core/mental-health/mh_p_cbcl.csv
attention	pls1_thick_proj	False	fu	0.0036929	0.0096642	0.70237	7991	0.0043465	5.1 core/mental-health/mh_p_cbcl.csv
attention	pls1_thick_proj	False	change	-0.0083077	0.0073683	0.25953	7990	-0.0097781	5.1 core/mental-health/mh_p_cbcl.csv
attention	pls1_thick_proj	False	base	0.01713	0.0093287	0.06632	8714	0.019893	5.1 core/mental-health/mh_p_cbcl.csv
attention	pls1_thick_proj	False	fu_year4	-0.0066337	0.01454	0.64821	3874	-0.0078037	5.1 core/mental-health/mh_p_cbcl.csv
attention	pls1_thick_proj	True	fu	0.0040964	0.0096752	0.67201	7991	0.0048214	5.1 core/mental-health/mh_p_cbcl.csv
attention	pls1_thick_proj	True	change	-0.0079011	0.0073828	0.28453	7990	-0.0092996	5.1 core/mental-health/mh_p_cbcl.csv
attention	pls1_thick_proj	True	base	0.017101	0.0093307	0.066841	8714	0.01986	5.1 core/mental-health/mh_p_cbcl.csv
attention	pls1_thick_proj	True	fu_year4	-0.0051898	0.014565	0.7216	3874	-0.0061052	5.1 core/mental-health/mh_p_cbcl.csv
attention	c3_proj	False	fu	0.006026	0.0097071	0.53474	7991	0.0070925	5.1 core/mental-health/mh_p_cbcl.csv
attention	c3_proj	False	change	0.0046716	0.0073769	0.52655	7990	0.0054985	5.1 core/mental-health/mh_p_cbcl.csv
attention	c3_proj	False	base	0.0035312	0.0094707	0.70925	8714	0.0041009	5.1 core/mental-health/mh_p_cbcl.csv
attention	c3_proj	False	fu_year4	-0.0037842	0.013951	0.78621	3874	-0.0044517	5.1 core/mental-health/mh_p_cbcl.csv
attention	c3_proj	True	fu	0.0015811	0.010525	0.88058	7991	0.001861	5.1 core/mental-health/mh_p_cbcl.csv
attention	c3_proj	True	change	-0.00025421	0.0080323	0.97475	7990	-0.00029921	5.1 core/mental-health/mh_p_cbcl.csv
attention	c3_proj	True	base	0.0049066	0.010286	0.63334	8714	0.0056982	5.1 core/mental-health/mh_p_cbcl.csv
attention	c3_proj	True	fu_year4	-0.016173	0.015044	0.28234	3874	-0.019026	5.1 core/mental-health/mh_p_cbcl.csv
rulebreak	global_thin	False	fu	-0.0026719	0.0078388	0.73321	7991	-0.0041584	5.1 core/mental-health/mh_p_cbcl.csv
rulebreak	global_thin	False	change	-0.0063093	0.0065087	0.33236	7990	-0.0098195	5.1 core/mental-health/mh_p_cbcl.csv
rulebreak	global_thin	False	base	0.0065634	0.0074745	0.37989	8714	0.010306	5.1 core/mental-health/mh_p_cbcl.csv
rulebreak	global_thin	False	fu_year4	0.027721	0.011577	0.016641	3874	0.04285	5.1 core/mental-health/mh_p_cbcl.csv
rulebreak	pls2_proj	False	fu	-0.0052943	0.0070703	0.45397	7991	-0.0082398	5.1 core/mental-health/mh_p_cbcl.csv
rulebreak	pls2_proj	False	change	-0.0037707	0.0060002	0.52972	7990	-0.0058685	5.1 core/mental-health/mh_p_cbcl.csv
rulebreak	pls2_proj	False	base	-0.0014282	0.0068521	0.83489	8714	-0.0022426	5.1 core/mental-health/mh_p_cbcl.csv
rulebreak	pls2_proj	False	fu_year4	0.0046735	0.010559	0.65806	3874	0.0072242	5.1 core/mental-health/mh_p_cbcl.csv
rulebreak	pls2_proj	True	fu	-0.0050962	0.0071305	0.47479	7991	-0.0079316	5.1 core/mental-health/mh_p_cbcl.csv
rulebreak	pls2_proj	True	change	-0.0032149	0.0060338	0.59416	7990	-0.0050036	5.1 core/mental-health/mh_p_cbcl.csv
rulebreak	pls2_proj	True	base	-0.0021036	0.0068849	0.75996	8714	-0.0033032	5.1 core/mental-health/mh_p_cbcl.csv
rulebreak	pls2_proj	True	fu_year4	0.0024212	0.010566	0.81875	3874	0.0037426	5.1 core/mental-health/mh_p_cbcl.csv
rulebreak	pls2_top	False	fu	-0.0069506	0.0074599	0.35148	7991	-0.010818	5.1 core/mental-health/mh_p_cbcl.csv
rulebreak	pls2_top	False	change	-0.007081	0.0062863	0.25998	7990	-0.011021	5.1 core/mental-health/mh_p_cbcl.csv
rulebreak	pls2_top	False	base	0.0023871	0.0071187	0.73738	8714	0.0037483	5.1 core/mental-health/mh_p_cbcl.csv
rulebreak	pls2_top	False	fu_year4	0.021354	0.01113	0.05503	3874	0.033008	5.1 core/mental-health/mh_p_cbcl.csv
rulebreak	pls2_top	True	fu	-0.0087195	0.0094396	0.35564	7991	-0.013571	5.1 core/mental-health/mh_p_cbcl.csv
rulebreak	pls2_top	True	change	-0.005426	0.0079793	0.4965	7990	-0.0084448	5.1 core/mental-health/mh_p_cbcl.csv
rulebreak	pls2_top	True	base	-0.0025036	0.0090513	0.78209	8714	-0.0039312	5.1 core/mental-health/mh_p_cbcl.csv
rulebreak	pls2_top	True	fu_year4	0.0078886	0.013854	0.56907	3874	0.012194	5.1 core/mental-health/mh_p_cbcl.csv
rulebreak	pls2_topbottom	False	fu	-0.0061982	0.0071454	0.3857	7991	-0.0096466	5.1 core/mental-health/mh_p_cbcl.csv
rulebreak	pls2_topbottom	False	change	-0.0032683	0.0061271	0.59375	7990	-0.0050867	5.1 core/mental-health/mh_p_cbcl.csv
rulebreak	pls2_topbottom	False	base	-0.0048231	0.0068468	0.48116	8714	-0.0075735	5.1 core/mental-health/mh_p_cbcl.csv
rulebreak	pls2_topbottom	False	fu_year4	0.0055973	0.010764	0.60307	3874	0.0086521	5.1 core/mental-health/mh_p_cbcl.csv
rulebreak	pls2_topbottom	True	fu	-0.0063416	0.0071428	0.37463	7991	-0.0098699	5.1 core/mental-health/mh_p_cbcl.csv
rulebreak	pls2_topbottom	True	change	-0.0035766	0.0061308	0.55964	7990	-0.0055665	5.1 core/mental-health/mh_p_cbcl.csv
rulebreak	pls2_topbottom	True	base	-0.0045322	0.0068567	0.50862	8714	-0.0071166	5.1 core/mental-health/mh_p_cbcl.csv
rulebreak	pls2_topbottom	True	fu_year4	0.0071793	0.010788	0.50573	3874	0.011098	5.1 core/mental-health/mh_p_cbcl.csv
rulebreak	pls1_proj	False	fu	0.0082317	0.0074665	0.27025	7991	0.012812	5.1 core/mental-health/mh_p_cbcl.csv
rulebreak	pls1_proj	False	change	0.004505	0.0062714	0.47254	7990	0.0070115	5.1 core/mental-health/mh_p_cbcl.csv
rulebreak	pls1_proj	False	base	0.0094105	0.0071593	0.18869	8714	0.014777	5.1 core/mental-health/mh_p_cbcl.csv
rulebreak	pls1_proj	False	fu_year4	0.0044458	0.011219	0.6919	3874	0.0068721	5.1 core/mental-health/mh_p_cbcl.csv
rulebreak	pls1_proj	True	fu	0.0090291	0.0075922	0.23433	7991	0.014053	5.1 core/mental-health/mh_p_cbcl.csv
rulebreak	pls1_proj	True	change	0.0058399	0.0063899	0.36076	7990	0.0090889	5.1 core/mental-health/mh_p_cbcl.csv
rulebreak	pls1_proj	True	base	0.0085335	0.0073223	0.24385	8714	0.0134	5.1 core/mental-health/mh_p_cbcl.csv
rulebreak	pls1_proj	True	fu_year4	-0.00032429	0.011434	0.97737	3874	-0.00050128	5.1 core/mental-health/mh_p_cbcl.csv
rulebreak	pls1_thick_proj	False	fu	0.020901	0.0072913	0.0041498	7991	0.032529	5.1 core/mental-health/mh_p_cbcl.csv
rulebreak	pls1_thick_proj	False	change	0.0073744	0.0062261	0.23624	7990	0.011477	5.1 core/mental-health/mh_p_cbcl.csv
rulebreak	pls1_thick_proj	False	base	0.025343	0.0069417	0.00026134	8714	0.039795	5.1 core/mental-health/mh_p_cbcl.csv
rulebreak	pls1_thick_proj	False	fu_year4	0.0062226	0.011034	0.57279	3874	0.0096187	5.1 core/mental-health/mh_p_cbcl.csv
rulebreak	pls1_thick_proj	True	fu	0.020841	0.0072967	0.0042879	7991	0.032435	5.1 core/mental-health/mh_p_cbcl.csv
rulebreak	pls1_thick_proj	True	change	0.0071805	0.0062334	0.24935	7990	0.011175	5.1 core/mental-health/mh_p_cbcl.csv
rulebreak	pls1_thick_proj	True	base	0.025551	0.0069461	0.00023464	8714	0.040121	5.1 core/mental-health/mh_p_cbcl.csv
rulebreak	pls1_thick_proj	True	fu_year4	0.0077301	0.011053	0.48431	3874	0.011949	5.1 core/mental-health/mh_p_cbcl.csv
rulebreak	c3_proj	False	fu	-0.005481	0.0072821	0.45165	7991	-0.0085304	5.1 core/mental-health/mh_p_cbcl.csv
rulebreak	c3_proj	False	change	-0.0065967	0.0063343	0.29768	7990	-0.010267	5.1 core/mental-health/mh_p_cbcl.csv
rulebreak	c3_proj	False	base	0.0027277	0.0068595	0.69089	8714	0.0042831	5.1 core/mental-health/mh_p_cbcl.csv
rulebreak	c3_proj	False	fu_year4	0.0088294	0.010398	0.39579	3874	0.013648	5.1 core/mental-health/mh_p_cbcl.csv
rulebreak	c3_proj	True	fu	-0.0052963	0.008006	0.50826	7991	-0.008243	5.1 core/mental-health/mh_p_cbcl.csv
rulebreak	c3_proj	True	change	-0.0050155	0.0069044	0.46758	7990	-0.0078059	5.1 core/mental-health/mh_p_cbcl.csv
rulebreak	c3_proj	True	base	0.00029319	0.0074649	0.96867	8714	0.00046038	5.1 core/mental-health/mh_p_cbcl.csv
rulebreak	c3_proj	True	fu_year4	-0.0014482	0.011183	0.89696	3874	-0.0022386	5.1 core/mental-health/mh_p_cbcl.csv
aggressive	global_thin	False	fu	0.0041581	0.010638	0.69588	7991	0.004765	5.1 core/mental-health/mh_p_cbcl.csv
aggressive	global_thin	False	change	-0.0043738	0.0084937	0.60659	7990	-0.0050122	5.1 core/mental-health/mh_p_cbcl.csv
aggressive	global_thin	False	base	0.011875	0.010559	0.26075	8714	0.013237	5.1 core/mental-health/mh_p_cbcl.csv
aggressive	global_thin	False	fu_year4	0.0098251	0.014987	0.51211	3874	0.011629	5.1 core/mental-health/mh_p_cbcl.csv
aggressive	pls2_proj	False	fu	-0.0078863	0.0097497	0.41859	7991	-0.0090375	5.1 core/mental-health/mh_p_cbcl.csv
aggressive	pls2_proj	False	change	-0.0129	0.0076851	0.093226	7990	-0.014784	5.1 core/mental-health/mh_p_cbcl.csv
aggressive	pls2_proj	False	base	0.0060485	0.0096173	0.5294	8714	0.0067423	5.1 core/mental-health/mh_p_cbcl.csv
aggressive	pls2_proj	False	fu_year4	-0.0029583	0.013805	0.83032	3874	-0.0035015	5.1 core/mental-health/mh_p_cbcl.csv
aggressive	pls2_proj	True	fu	-0.0083561	0.0098302	0.3953	7991	-0.0095759	5.1 core/mental-health/mh_p_cbcl.csv
aggressive	pls2_proj	True	change	-0.012619	0.0077287	0.10253	7990	-0.014461	5.1 core/mental-health/mh_p_cbcl.csv
aggressive	pls2_proj	True	base	0.004924	0.0096758	0.61082	8714	0.0054888	5.1 core/mental-health/mh_p_cbcl.csv
aggressive	pls2_proj	True	fu_year4	-0.0037929	0.013859	0.78433	3874	-0.0044894	5.1 core/mental-health/mh_p_cbcl.csv
aggressive	pls2_top	False	fu	-0.0044277	0.010178	0.66355	7991	-0.005074	5.1 core/mental-health/mh_p_cbcl.csv
aggressive	pls2_top	False	change	-0.013503	0.0080967	0.095364	7990	-0.015475	5.1 core/mental-health/mh_p_cbcl.csv
aggressive	pls2_top	False	base	0.013375	0.010035	0.18258	8714	0.014909	5.1 core/mental-health/mh_p_cbcl.csv
aggressive	pls2_top	False	fu_year4	0.00079947	0.014534	0.95613	3874	0.00094627	5.1 core/mental-health/mh_p_cbcl.csv
aggressive	pls2_top	True	fu	-0.011203	0.013034	0.39007	7991	-0.012838	5.1 core/mental-health/mh_p_cbcl.csv
aggressive	pls2_top	True	change	-0.017729	0.0102	0.082193	7990	-0.020317	5.1 core/mental-health/mh_p_cbcl.csv
aggressive	pls2_top	True	base	0.010249	0.012805	0.4235	8714	0.011424	5.1 core/mental-health/mh_p_cbcl.csv
aggressive	pls2_top	True	fu_year4	-0.0082308	0.018386	0.65439	3874	-0.009742	5.1 core/mental-health/mh_p_cbcl.csv
aggressive	pls2_topbottom	False	fu	-0.0068243	0.0098383	0.4879	7991	-0.0078205	5.1 core/mental-health/mh_p_cbcl.csv
aggressive	pls2_topbottom	False	change	-0.0092822	0.0078762	0.23859	7990	-0.010637	5.1 core/mental-health/mh_p_cbcl.csv
aggressive	pls2_topbottom	False	base	0.0018693	0.009598	0.84558	8714	0.0020837	5.1 core/mental-health/mh_p_cbcl.csv
aggressive	pls2_topbottom	False	fu_year4	0.001427	0.014064	0.91918	3874	0.001689	5.1 core/mental-health/mh_p_cbcl.csv
aggressive	pls2_topbottom	True	fu	-0.0066435	0.009842	0.49966	7991	-0.0076133	5.1 core/mental-health/mh_p_cbcl.csv
aggressive	pls2_topbottom	True	change	-0.0095147	0.0078836	0.22747	7990	-0.010904	5.1 core/mental-health/mh_p_cbcl.csv
aggressive	pls2_topbottom	True	base	0.0024208	0.009602	0.80095	8714	0.0026985	5.1 core/mental-health/mh_p_cbcl.csv
aggressive	pls2_topbottom	True	fu_year4	0.0019857	0.014097	0.88798	3874	0.0023503	5.1 core/mental-health/mh_p_cbcl.csv
aggressive	pls1_proj	False	fu	0.011019	0.010111	0.27579	7991	0.012627	5.1 core/mental-health/mh_p_cbcl.csv
aggressive	pls1_proj	False	change	0.0056454	0.0081179	0.48679	7990	0.0064695	5.1 core/mental-health/mh_p_cbcl.csv
aggressive	pls1_proj	False	base	0.011865	0.010066	0.23851	8714	0.013225	5.1 core/mental-health/mh_p_cbcl.csv
aggressive	pls1_proj	False	fu_year4	-0.0032935	0.014207	0.81668	3874	-0.0038982	5.1 core/mental-health/mh_p_cbcl.csv
aggressive	pls1_proj	True	fu	0.01065	0.010276	0.3	7991	0.012205	5.1 core/mental-health/mh_p_cbcl.csv
aggressive	pls1_proj	True	change	0.0066626	0.0082592	0.41984	7990	0.0076352	5.1 core/mental-health/mh_p_cbcl.csv
aggressive	pls1_proj	True	base	0.010091	0.010264	0.32553	8714	0.011248	5.1 core/mental-health/mh_p_cbcl.csv
aggressive	pls1_proj	True	fu_year4	-0.005152	0.014471	0.72183	3874	-0.0060979	5.1 core/mental-health/mh_p_cbcl.csv
aggressive	pls1_thick_proj	False	fu	-0.0017017	0.0099455	0.86415	7991	-0.0019501	5.1 core/mental-health/mh_p_cbcl.csv
aggressive	pls1_thick_proj	False	change	-0.012468	0.0078321	0.1114	7990	-0.014288	5.1 core/mental-health/mh_p_cbcl.csv
aggressive	pls1_thick_proj	False	base	0.017246	0.0097595	0.077204	8714	0.019224	5.1 core/mental-health/mh_p_cbcl.csv
aggressive	pls1_thick_proj	False	fu_year4	0.014407	0.014334	0.31486	3874	0.017052	5.1 core/mental-health/mh_p_cbcl.csv
aggressive	pls1_thick_proj	True	fu	-0.0015718	0.0099551	0.87454	7991	-0.0018013	5.1 core/mental-health/mh_p_cbcl.csv
aggressive	pls1_thick_proj	True	change	-0.012623	0.0078417	0.10746	7990	-0.014466	5.1 core/mental-health/mh_p_cbcl.csv
aggressive	pls1_thick_proj	True	base	0.017596	0.0097619	0.071465	8714	0.019614	5.1 core/mental-health/mh_p_cbcl.csv
aggressive	pls1_thick_proj	True	fu_year4	0.014982	0.014355	0.29666	3874	0.017732	5.1 core/mental-health/mh_p_cbcl.csv
aggressive	c3_proj	False	fu	-0.0047504	0.0098588	0.62992	7991	-0.0054438	5.1 core/mental-health/mh_p_cbcl.csv
aggressive	c3_proj	False	change	-0.010971	0.0079048	0.16515	7990	-0.012573	5.1 core/mental-health/mh_p_cbcl.csv
aggressive	c3_proj	False	base	0.0096169	0.0097918	0.32603	8714	0.01072	5.1 core/mental-health/mh_p_cbcl.csv
aggressive	c3_proj	False	fu_year4	-0.009149	0.013799	0.5073	3874	-0.010829	5.1 core/mental-health/mh_p_cbcl.csv
aggressive	c3_proj	True	fu	-0.0074348	0.010843	0.49293	7991	-0.0085201	5.1 core/mental-health/mh_p_cbcl.csv
aggressive	c3_proj	True	change	-0.011029	0.008602	0.19979	7990	-0.012639	5.1 core/mental-health/mh_p_cbcl.csv
aggressive	c3_proj	True	base	0.0060873	0.010677	0.5686	8714	0.0067855	5.1 core/mental-health/mh_p_cbcl.csv
aggressive	c3_proj	True	fu_year4	-0.015012	0.015095	0.31996	3874	-0.017769	5.1 core/mental-health/mh_p_cbcl.csv
totprob	global_thin	False	fu	0.0045673	0.013453	0.73423	7991	0.0041935	5.1 core/mental-health/mh_p_cbcl.csv
totprob	global_thin	False	change	0.0049564	0.010157	0.62556	7990	0.0045507	5.1 core/mental-health/mh_p_cbcl.csv
totprob	global_thin	False	base	-0.0014702	0.012042	0.90283	8714	-0.0014304	5.1 core/mental-health/mh_p_cbcl.csv
totprob	global_thin	False	fu_year4	0.022599	0.020112	0.26115	3874	0.020007	5.1 core/mental-health/mh_p_cbcl.csv
totprob	pls2_proj	False	fu	-0.016468	0.012128	0.17452	7991	-0.01512	5.1 core/mental-health/mh_p_cbcl.csv
totprob	pls2_proj	False	change	-0.018636	0.0092448	0.043811	7990	-0.017111	5.1 core/mental-health/mh_p_cbcl.csv
totprob	pls2_proj	False	base	0.0029832	0.011056	0.78729	8714	0.0029025	5.1 core/mental-health/mh_p_cbcl.csv
totprob	pls2_proj	False	fu_year4	-0.019245	0.018794	0.30583	3874	-0.017038	5.1 core/mental-health/mh_p_cbcl.csv
totprob	pls2_proj	True	fu	-0.017062	0.012198	0.16191	7991	-0.015665	5.1 core/mental-health/mh_p_cbcl.csv
totprob	pls2_proj	True	change	-0.01929	0.0092894	0.037845	7990	-0.017711	5.1 core/mental-health/mh_p_cbcl.csv
totprob	pls2_proj	True	base	0.0031646	0.011107	0.7757	8714	0.0030789	5.1 core/mental-health/mh_p_cbcl.csv
totprob	pls2_proj	True	fu_year4	-0.021263	0.018865	0.25969	3874	-0.018825	5.1 core/mental-health/mh_p_cbcl.csv
totprob	pls2_top	False	fu	-0.0073815	0.012689	0.56074	7991	-0.0067773	5.1 core/mental-health/mh_p_cbcl.csv
totprob	pls2_top	False	change	-0.017476	0.0097315	0.072522	7990	-0.016046	5.1 core/mental-health/mh_p_cbcl.csv
totprob	pls2_top	False	base	0.014839	0.011406	0.19326	8714	0.014437	5.1 core/mental-health/mh_p_cbcl.csv
totprob	pls2_top	False	fu_year4	0.0124	0.019467	0.52414	3874	0.010978	5.1 core/mental-health/mh_p_cbcl.csv
totprob	pls2_top	True	fu	-0.016397	0.016168	0.3105	7991	-0.015055	5.1 core/mental-health/mh_p_cbcl.csv
totprob	pls2_top	True	change	-0.033193	0.012403	0.007448	7990	-0.030476	5.1 core/mental-health/mh_p_cbcl.csv
totprob	pls2_top	True	base	0.025647	0.014623	0.079448	8714	0.024953	5.1 core/mental-health/mh_p_cbcl.csv
totprob	pls2_top	True	fu_year4	-0.0017269	0.024761	0.9444	3874	-0.0015289	5.1 core/mental-health/mh_p_cbcl.csv
totprob	pls2_topbottom	False	fu	-0.013963	0.012236	0.25379	7991	-0.01282	5.1 core/mental-health/mh_p_cbcl.csv
totprob	pls2_topbottom	False	change	-0.019536	0.0094843	0.03942	7990	-0.017937	5.1 core/mental-health/mh_p_cbcl.csv
totprob	pls2_topbottom	False	base	0.0091277	0.011062	0.40929	8714	0.0088807	5.1 core/mental-health/mh_p_cbcl.csv
totprob	pls2_topbottom	False	fu_year4	-0.0058478	0.0192	0.76069	3874	-0.0051772	5.1 core/mental-health/mh_p_cbcl.csv
totprob	pls2_topbottom	True	fu	-0.013781	0.012248	0.26052	7991	-0.012653	5.1 core/mental-health/mh_p_cbcl.csv
totprob	pls2_topbottom	True	change	-0.01935	0.0094958	0.041579	7990	-0.017766	5.1 core/mental-health/mh_p_cbcl.csv
totprob	pls2_topbottom	True	base	0.0090817	0.011075	0.41222	8714	0.0088358	5.1 core/mental-health/mh_p_cbcl.csv
totprob	pls2_topbottom	True	fu_year4	-0.0045958	0.019242	0.81123	3874	-0.0040688	5.1 core/mental-health/mh_p_cbcl.csv
totprob	pls1_proj	False	fu	0.0035628	0.012681	0.77875	7991	0.0032712	5.1 core/mental-health/mh_p_cbcl.csv
totprob	pls1_proj	False	change	0.0055226	0.0097151	0.56973	7990	0.0050706	5.1 core/mental-health/mh_p_cbcl.csv
totprob	pls1_proj	False	base	0.0020237	0.01137	0.85874	8714	0.0019689	5.1 core/mental-health/mh_p_cbcl.csv
totprob	pls1_proj	False	fu_year4	0.0036688	0.019345	0.84958	3874	0.0032481	5.1 core/mental-health/mh_p_cbcl.csv
totprob	pls1_proj	True	fu	0.0028453	0.012873	0.82508	7991	0.0026124	5.1 core/mental-health/mh_p_cbcl.csv
totprob	pls1_proj	True	change	0.0048048	0.0099032	0.62755	7990	0.0044115	5.1 core/mental-health/mh_p_cbcl.csv
totprob	pls1_proj	True	base	0.0023697	0.011572	0.83774	8714	0.0023055	5.1 core/mental-health/mh_p_cbcl.csv
totprob	pls1_proj	True	fu_year4	-0.0002183	0.019569	0.9911	3874	-0.00019327	5.1 core/mental-health/mh_p_cbcl.csv
totprob	pls1_thick_proj	False	fu	-0.0078669	0.012747	0.53714	7991	-0.007223	5.1 core/mental-health/mh_p_cbcl.csv
totprob	pls1_thick_proj	False	change	-0.020707	0.0096584	0.032043	7990	-0.019012	5.1 core/mental-health/mh_p_cbcl.csv
totprob	pls1_thick_proj	False	base	0.017222	0.011385	0.13038	8714	0.016755	5.1 core/mental-health/mh_p_cbcl.csv
totprob	pls1_thick_proj	False	fu_year4	-0.0081795	0.019297	0.67166	3874	-0.0072415	5.1 core/mental-health/mh_p_cbcl.csv
totprob	pls1_thick_proj	True	fu	-0.0077313	0.012751	0.5443	7991	-0.0070985	5.1 core/mental-health/mh_p_cbcl.csv
totprob	pls1_thick_proj	True	change	-0.020574	0.0096722	0.033414	7990	-0.01889	5.1 core/mental-health/mh_p_cbcl.csv
totprob	pls1_thick_proj	True	base	0.017196	0.011389	0.13108	8714	0.016731	5.1 core/mental-health/mh_p_cbcl.csv
totprob	pls1_thick_proj	True	fu_year4	-0.0069943	0.019317	0.71729	3874	-0.0061922	5.1 core/mental-health/mh_p_cbcl.csv
totprob	c3_proj	False	fu	-0.0070439	0.012494	0.5729	7991	-0.0064674	5.1 core/mental-health/mh_p_cbcl.csv
totprob	c3_proj	False	change	-0.002248	0.0095052	0.81304	7990	-0.002064	5.1 core/mental-health/mh_p_cbcl.csv
totprob	c3_proj	False	base	-0.0050106	0.011377	0.65964	8714	-0.004875	5.1 core/mental-health/mh_p_cbcl.csv
totprob	c3_proj	False	fu_year4	-0.034304	0.018587	0.064951	3874	-0.03037	5.1 core/mental-health/mh_p_cbcl.csv
totprob	c3_proj	True	fu	-0.010322	0.013635	0.44904	7991	-0.0094772	5.1 core/mental-health/mh_p_cbcl.csv
totprob	c3_proj	True	change	-0.0048309	0.010327	0.63992	7990	-0.0044355	5.1 core/mental-health/mh_p_cbcl.csv
totprob	c3_proj	True	base	-0.0052874	0.012361	0.66884	8714	-0.0051443	5.1 core/mental-health/mh_p_cbcl.csv
totprob	c3_proj	True	fu_year4	-0.050188	0.020449	0.014115	3874	-0.044432	5.1 core/mental-health/mh_p_cbcl.csv
internal	global_thin	False	fu	0.0085962	0.011806	0.46654	7991	0.0091432	5.1 core/mental-health/mh_p_cbcl.csv
internal	global_thin	False	change	0.012636	0.0098245	0.19839	7990	0.01344	5.1 core/mental-health/mh_p_cbcl.csv
internal	global_thin	False	base	-0.0053016	0.010645	0.61844	8714	-0.0058821	5.1 core/mental-health/mh_p_cbcl.csv
internal	global_thin	False	fu_year4	0.025049	0.0173	0.14765	3874	0.025878	5.1 core/mental-health/mh_p_cbcl.csv
internal	pls2_proj	False	fu	-0.012235	0.010409	0.23986	7991	-0.013013	5.1 core/mental-health/mh_p_cbcl.csv
internal	pls2_proj	False	change	-0.013151	0.0085614	0.12452	7990	-0.013988	5.1 core/mental-health/mh_p_cbcl.csv
internal	pls2_proj	False	base	0.0024443	0.0097566	0.80218	8714	0.0027119	5.1 core/mental-health/mh_p_cbcl.csv
internal	pls2_proj	False	fu_year4	-0.020954	0.015721	0.18258	3874	-0.021648	5.1 core/mental-health/mh_p_cbcl.csv
internal	pls2_proj	True	fu	-0.013165	0.010476	0.20886	7991	-0.014003	5.1 core/mental-health/mh_p_cbcl.csv
internal	pls2_proj	True	change	-0.014472	0.0086188	0.093138	7990	-0.015392	5.1 core/mental-health/mh_p_cbcl.csv
internal	pls2_proj	True	base	0.0030044	0.0098059	0.75931	8714	0.0033333	5.1 core/mental-health/mh_p_cbcl.csv
internal	pls2_proj	True	fu_year4	-0.023187	0.015797	0.14216	3874	-0.023955	5.1 core/mental-health/mh_p_cbcl.csv
internal	pls2_top	False	fu	-0.0044691	0.010935	0.68277	7991	-0.0047535	5.1 core/mental-health/mh_p_cbcl.csv
internal	pls2_top	False	change	-0.0094843	0.0090364	0.29392	7990	-0.010088	5.1 core/mental-health/mh_p_cbcl.csv
internal	pls2_top	False	base	0.0083926	0.010006	0.4016	8714	0.0093114	5.1 core/mental-health/mh_p_cbcl.csv
internal	pls2_top	False	fu_year4	0.014638	0.016549	0.37641	3874	0.015123	5.1 core/mental-health/mh_p_cbcl.csv
internal	pls2_top	True	fu	-0.015548	0.013858	0.2619	7991	-0.016537	5.1 core/mental-health/mh_p_cbcl.csv
internal	pls2_top	True	change	-0.027611	0.011453	0.015914	7990	-0.029368	5.1 core/mental-health/mh_p_cbcl.csv
internal	pls2_top	True	base	0.018864	0.01274	0.13871	8714	0.020929	5.1 core/mental-health/mh_p_cbcl.csv
internal	pls2_top	True	fu_year4	-0.00045927	0.021041	0.98259	3874	-0.00047448	5.1 core/mental-health/mh_p_cbcl.csv
internal	pls2_topbottom	False	fu	-0.0081072	0.010481	0.43921	7991	-0.0086231	5.1 core/mental-health/mh_p_cbcl.csv
internal	pls2_topbottom	False	change	-0.014105	0.0087435	0.1067	7990	-0.015003	5.1 core/mental-health/mh_p_cbcl.csv
internal	pls2_topbottom	False	base	0.011367	0.0097331	0.24285	8714	0.012612	5.1 core/mental-health/mh_p_cbcl.csv
internal	pls2_topbottom	False	fu_year4	-0.010068	0.016161	0.53331	3874	-0.010401	5.1 core/mental-health/mh_p_cbcl.csv
internal	pls2_topbottom	True	fu	-0.007718	0.01049	0.46188	7991	-0.0082092	5.1 core/mental-health/mh_p_cbcl.csv
internal	pls2_topbottom	True	change	-0.01354	0.0087388	0.12127	7990	-0.014402	5.1 core/mental-health/mh_p_cbcl.csv
internal	pls2_topbottom	True	base	0.01115	0.0097408	0.25235	8714	0.012371	5.1 core/mental-health/mh_p_cbcl.csv
internal	pls2_topbottom	True	fu_year4	-0.008693	0.016187	0.59124	3874	-0.008981	5.1 core/mental-health/mh_p_cbcl.csv
internal	pls1_proj	False	fu	-0.016326	0.010883	0.13358	7991	-0.017365	5.1 core/mental-health/mh_p_cbcl.csv
internal	pls1_proj	False	change	-0.0073552	0.0089929	0.41342	7990	-0.0078232	5.1 core/mental-health/mh_p_cbcl.csv
internal	pls1_proj	False	base	-0.011134	0.010057	0.26826	8714	-0.012352	5.1 core/mental-health/mh_p_cbcl.csv
internal	pls1_proj	False	fu_year4	0.0026528	0.016228	0.87015	3874	0.0027407	5.1 core/mental-health/mh_p_cbcl.csv
internal	pls1_proj	True	fu	-0.018519	0.011013	0.092639	7991	-0.019698	5.1 core/mental-health/mh_p_cbcl.csv
internal	pls1_proj	True	change	-0.0099678	0.0090924	0.27296	7990	-0.010602	5.1 core/mental-health/mh_p_cbcl.csv
internal	pls1_proj	True	base	-0.010553	0.010224	0.30201	8714	-0.011708	5.1 core/mental-health/mh_p_cbcl.csv
internal	pls1_proj	True	fu_year4	-0.0017044	0.016368	0.91707	3874	-0.0017608	5.1 core/mental-health/mh_p_cbcl.csv
internal	pls1_thick_proj	False	fu	-0.017602	0.010909	0.10665	7991	-0.018722	5.1 core/mental-health/mh_p_cbcl.csv
internal	pls1_thick_proj	False	change	-0.024219	0.0089408	0.0067524	7990	-0.02576	5.1 core/mental-health/mh_p_cbcl.csv
internal	pls1_thick_proj	False	base	0.010204	0.0099423	0.30476	8714	0.011321	5.1 core/mental-health/mh_p_cbcl.csv
internal	pls1_thick_proj	False	fu_year4	-0.010009	0.016393	0.54148	3874	-0.010341	5.1 core/mental-health/mh_p_cbcl.csv
internal	pls1_thick_proj	True	fu	-0.01735	0.010915	0.11195	7991	-0.018454	5.1 core/mental-health/mh_p_cbcl.csv
internal	pls1_thick_proj	True	change	-0.023848	0.0089507	0.0077143	7990	-0.025365	5.1 core/mental-health/mh_p_cbcl.csv
internal	pls1_thick_proj	True	base	0.010064	0.0099468	0.31165	8714	0.011166	5.1 core/mental-health/mh_p_cbcl.csv
internal	pls1_thick_proj	True	fu_year4	-0.0086986	0.016401	0.59586	3874	-0.0089868	5.1 core/mental-health/mh_p_cbcl.csv
internal	c3_proj	False	fu	-0.0065815	0.010941	0.54748	7991	-0.0070003	5.1 core/mental-health/mh_p_cbcl.csv
internal	c3_proj	False	change	-0.0018736	0.0089838	0.8348	7990	-0.0019928	5.1 core/mental-health/mh_p_cbcl.csv
internal	c3_proj	False	base	-0.005712	0.010176	0.57457	8714	-0.0063373	5.1 core/mental-health/mh_p_cbcl.csv
internal	c3_proj	False	fu_year4	-0.036307	0.015882	0.022249	3874	-0.03751	5.1 core/mental-health/mh_p_cbcl.csv
internal	c3_proj	True	fu	-0.011546	0.011906	0.33216	7991	-0.012281	5.1 core/mental-health/mh_p_cbcl.csv
internal	c3_proj	True	change	-0.0077614	0.0097169	0.42443	7990	-0.0082553	5.1 core/mental-health/mh_p_cbcl.csv
internal	c3_proj	True	base	-0.0044011	0.011047	0.69033	8714	-0.0048829	5.1 core/mental-health/mh_p_cbcl.csv
internal	c3_proj	True	fu_year4	-0.053603	0.017481	0.0021673	3874	-0.055379	5.1 core/mental-health/mh_p_cbcl.csv
external	global_thin	False	fu	0.0002797	0.011672	0.98088	7991	0.00029111	5.1 core/mental-health/mh_p_cbcl.csv
external	global_thin	False	change	-0.0079772	0.0091505	0.38333	7990	-0.0083027	5.1 core/mental-health/mh_p_cbcl.csv
external	global_thin	False	base	0.012118	0.01135	0.2857	8714	0.012532	5.1 core/mental-health/mh_p_cbcl.csv
external	global_thin	False	fu_year4	0.020695	0.016833	0.21892	3874	0.021775	5.1 core/mental-health/mh_p_cbcl.csv
external	pls2_proj	False	fu	-0.007783	0.010682	0.46622	7991	-0.0081006	5.1 core/mental-health/mh_p_cbcl.csv
external	pls2_proj	False	change	-0.011374	0.0083564	0.17349	7990	-0.011838	5.1 core/mental-health/mh_p_cbcl.csv
external	pls2_proj	False	base	0.0048822	0.010435	0.63987	8714	0.0050492	5.1 core/mental-health/mh_p_cbcl.csv
external	pls2_proj	False	fu_year4	-0.0036449	0.015576	0.81497	3874	-0.0038352	5.1 core/mental-health/mh_p_cbcl.csv
external	pls2_proj	True	fu	-0.0078873	0.010757	0.46342	7991	-0.0082092	5.1 core/mental-health/mh_p_cbcl.csv
external	pls2_proj	True	change	-0.010738	0.0083966	0.20095	7990	-0.011176	5.1 core/mental-health/mh_p_cbcl.csv
external	pls2_proj	True	base	0.0037201	0.010491	0.7229	8714	0.0038474	5.1 core/mental-health/mh_p_cbcl.csv
external	pls2_proj	True	fu_year4	-0.0053826	0.015618	0.73037	3874	-0.0056635	5.1 core/mental-health/mh_p_cbcl.csv
external	pls2_top	False	fu	-0.0084208	0.011224	0.4531	7991	-0.0087644	5.1 core/mental-health/mh_p_cbcl.csv
external	pls2_top	False	change	-0.016379	0.0088102	0.063015	7990	-0.017047	5.1 core/mental-health/mh_p_cbcl.csv
external	pls2_top	False	base	0.012962	0.010844	0.23193	8714	0.013406	5.1 core/mental-health/mh_p_cbcl.csv
external	pls2_top	False	fu_year4	0.009288	0.016377	0.57063	3874	0.0097728	5.1 core/mental-health/mh_p_cbcl.csv
external	pls2_top	True	fu	-0.013953	0.014297	0.32908	7991	-0.014523	5.1 core/mental-health/mh_p_cbcl.csv
external	pls2_top	True	change	-0.018929	0.011139	0.08925	7990	-0.019702	5.1 core/mental-health/mh_p_cbcl.csv
external	pls2_top	True	base	0.0093381	0.013795	0.49847	8714	0.0096577	5.1 core/mental-health/mh_p_cbcl.csv
external	pls2_top	True	fu_year4	-0.0049498	0.02054	0.80957	3874	-0.0052082	5.1 core/mental-health/mh_p_cbcl.csv
external	pls2_topbottom	False	fu	-0.0084098	0.010792	0.43582	7991	-0.0087529	5.1 core/mental-health/mh_p_cbcl.csv
external	pls2_topbottom	False	change	-0.0092942	0.0085981	0.27971	7990	-0.0096734	5.1 core/mental-health/mh_p_cbcl.csv
external	pls2_topbottom	False	base	-0.00018296	0.010393	0.98595	8714	-0.00018923	5.1 core/mental-health/mh_p_cbcl.csv
external	pls2_topbottom	False	fu_year4	0.0013725	0.015828	0.9309	3874	0.0014442	5.1 core/mental-health/mh_p_cbcl.csv
external	pls2_topbottom	True	fu	-0.0084181	0.010798	0.43563	7991	-0.0087616	5.1 core/mental-health/mh_p_cbcl.csv
external	pls2_topbottom	True	change	-0.0096981	0.0086056	0.25976	7990	-0.010094	5.1 core/mental-health/mh_p_cbcl.csv
external	pls2_topbottom	True	base	0.00037494	0.010403	0.97125	8714	0.00038777	5.1 core/mental-health/mh_p_cbcl.csv
external	pls2_topbottom	True	fu_year4	0.0025434	0.015872	0.87269	3874	0.0026762	5.1 core/mental-health/mh_p_cbcl.csv
external	pls1_proj	False	fu	0.012026	0.011099	0.27855	7991	0.012517	5.1 core/mental-health/mh_p_cbcl.csv
external	pls1_proj	False	change	0.0063766	0.0088613	0.47177	7990	0.0066367	5.1 core/mental-health/mh_p_cbcl.csv
external	pls1_proj	False	base	0.012555	0.010793	0.24471	8714	0.012985	5.1 core/mental-health/mh_p_cbcl.csv
external	pls1_proj	False	fu_year4	-0.00069039	0.016134	0.96587	3874	-0.00072643	5.1 core/mental-health/mh_p_cbcl.csv
external	pls1_proj	True	fu	0.012415	0.011302	0.27199	7991	0.012921	5.1 core/mental-health/mh_p_cbcl.csv
external	pls1_proj	True	change	0.0080889	0.0090343	0.37059	7990	0.0084189	5.1 core/mental-health/mh_p_cbcl.csv
external	pls1_proj	True	base	0.010761	0.011024	0.32897	8714	0.01113	5.1 core/mental-health/mh_p_cbcl.csv
external	pls1_proj	True	fu_year4	-0.0043897	0.016444	0.78951	3874	-0.0046188	5.1 core/mental-health/mh_p_cbcl.csv
external	pls1_thick_proj	False	fu	0.0095047	0.010982	0.38677	7991	0.0098925	5.1 core/mental-health/mh_p_cbcl.csv
external	pls1_thick_proj	False	change	-0.0075453	0.0086124	0.38098	7990	-0.0078531	5.1 core/mental-health/mh_p_cbcl.csv
external	pls1_thick_proj	False	base	0.027154	0.010531	0.0099239	8714	0.028083	5.1 core/mental-health/mh_p_cbcl.csv
external	pls1_thick_proj	False	fu_year4	0.010951	0.016112	0.49672	3874	0.011522	5.1 core/mental-health/mh_p_cbcl.csv
external	pls1_thick_proj	True	fu	0.0095246	0.010994	0.38631	7991	0.0099132	5.1 core/mental-health/mh_p_cbcl.csv
external	pls1_thick_proj	True	change	-0.0078103	0.0086259	0.36523	7990	-0.008129	5.1 core/mental-health/mh_p_cbcl.csv
external	pls1_thick_proj	True	base	0.027519	0.010535	0.0089969	8714	0.028461	5.1 core/mental-health/mh_p_cbcl.csv
external	pls1_thick_proj	True	fu_year4	0.012097	0.016135	0.45343	3874	0.012728	5.1 core/mental-health/mh_p_cbcl.csv
external	c3_proj	False	fu	-0.0063354	0.010839	0.55888	7991	-0.0065939	5.1 core/mental-health/mh_p_cbcl.csv
external	c3_proj	False	change	-0.012821	0.008641	0.13787	7990	-0.013345	5.1 core/mental-health/mh_p_cbcl.csv
external	c3_proj	False	base	0.010988	0.010554	0.29784	8714	0.011364	5.1 core/mental-health/mh_p_cbcl.csv
external	c3_proj	False	fu_year4	-0.0077489	0.015368	0.61411	3874	-0.0081534	5.1 core/mental-health/mh_p_cbcl.csv
external	c3_proj	True	fu	-0.0076018	0.011892	0.52266	7991	-0.007912	5.1 core/mental-health/mh_p_cbcl.csv
external	c3_proj	True	change	-0.01163	0.0094028	0.21613	7990	-0.012105	5.1 core/mental-health/mh_p_cbcl.csv
external	c3_proj	True	base	0.0076053	0.011501	0.50845	8714	0.0078656	5.1 core/mental-health/mh_p_cbcl.csv
external	c3_proj	True	fu_year4	-0.018015	0.01674	0.28185	3874	-0.018955	5.1 core/mental-health/mh_p_cbcl.csv
depress	global_thin	False	fu	0.012573	0.0093116	0.17694	7991	0.016916	5.1 core/mental-health/mh_p_cbcl.csv
depress	global_thin	False	change	0.01152	0.0082526	0.16273	7990	0.015499	5.1 core/mental-health/mh_p_cbcl.csv
depress	global_thin	False	base	0.0031718	0.0079667	0.69053	8714	0.0047686	5.1 core/mental-health/mh_p_cbcl.csv
depress	global_thin	False	fu_year4	0.012359	0.013813	0.37091	3874	0.016155	5.1 core/mental-health/mh_p_cbcl.csv
depress	pls2_proj	False	fu	-0.014507	0.0082936	0.080259	7991	-0.019518	5.1 core/mental-health/mh_p_cbcl.csv
depress	pls2_proj	False	change	-0.014998	0.0073616	0.041616	7990	-0.020179	5.1 core/mental-health/mh_p_cbcl.csv
depress	pls2_proj	False	base	0.00066056	0.0072212	0.92712	8714	0.00099309	5.1 core/mental-health/mh_p_cbcl.csv
depress	pls2_proj	False	fu_year4	-0.014036	0.01266	0.26758	3874	-0.018346	5.1 core/mental-health/mh_p_cbcl.csv
depress	pls2_proj	True	fu	-0.015834	0.0083718	0.058575	7991	-0.021303	5.1 core/mental-health/mh_p_cbcl.csv
depress	pls2_proj	True	change	-0.016232	0.0074445	0.029228	7990	-0.021839	5.1 core/mental-health/mh_p_cbcl.csv
depress	pls2_proj	True	base	0.00034942	0.0072599	0.96161	8714	0.00052532	5.1 core/mental-health/mh_p_cbcl.csv
depress	pls2_proj	True	fu_year4	-0.015167	0.012714	0.2329	3874	-0.019825	5.1 core/mental-health/mh_p_cbcl.csv
depress	pls2_top	False	fu	-0.0049664	0.0086728	0.56689	7991	-0.0066819	5.1 core/mental-health/mh_p_cbcl.csv
depress	pls2_top	False	change	-0.0076397	0.0075704	0.3129	7990	-0.010279	5.1 core/mental-health/mh_p_cbcl.csv
depress	pls2_top	False	base	0.004995	0.0074898	0.50483	8714	0.0075095	5.1 core/mental-health/mh_p_cbcl.csv
depress	pls2_top	False	fu_year4	-0.0078141	0.013053	0.5494	3874	-0.010214	5.1 core/mental-health/mh_p_cbcl.csv
depress	pls2_top	True	fu	-0.020189	0.011152	0.070235	7991	-0.027162	5.1 core/mental-health/mh_p_cbcl.csv
depress	pls2_top	True	change	-0.023528	0.0097985	0.016341	7990	-0.031655	5.1 core/mental-health/mh_p_cbcl.csv
depress	pls2_top	True	base	0.0050585	0.0094714	0.59329	8714	0.0076049	5.1 core/mental-health/mh_p_cbcl.csv
depress	pls2_top	True	fu_year4	-0.024721	0.016665	0.13796	3874	-0.032313	5.1 core/mental-health/mh_p_cbcl.csv
depress	pls2_topbottom	False	fu	-0.01719	0.0083869	0.040395	7991	-0.023128	5.1 core/mental-health/mh_p_cbcl.csv
depress	pls2_topbottom	False	change	-0.018636	0.0074729	0.012638	7990	-0.025073	5.1 core/mental-health/mh_p_cbcl.csv
depress	pls2_topbottom	False	base	0.0024253	0.0071576	0.73473	8714	0.0036462	5.1 core/mental-health/mh_p_cbcl.csv
depress	pls2_topbottom	False	fu_year4	-0.012724	0.012923	0.32484	3874	-0.016631	5.1 core/mental-health/mh_p_cbcl.csv
depress	pls2_topbottom	True	fu	-0.016635	0.0083856	0.047282	7991	-0.022381	5.1 core/mental-health/mh_p_cbcl.csv
depress	pls2_topbottom	True	change	-0.018135	0.0074616	0.01508	7990	-0.024399	5.1 core/mental-health/mh_p_cbcl.csv
depress	pls2_topbottom	True	base	0.0025772	0.0071658	0.71911	8714	0.0038746	5.1 core/mental-health/mh_p_cbcl.csv
depress	pls2_topbottom	True	fu_year4	-0.012073	0.012945	0.35099	3874	-0.015781	5.1 core/mental-health/mh_p_cbcl.csv
depress	pls1_proj	False	fu	0.0001051	0.0088273	0.9905	7991	0.0001414	5.1 core/mental-health/mh_p_cbcl.csv
depress	pls1_proj	False	change	0.0045157	0.0078203	0.56365	7990	0.0060755	5.1 core/mental-health/mh_p_cbcl.csv
depress	pls1_proj	False	base	-0.0035199	0.0074685	0.63742	8714	-0.0052919	5.1 core/mental-health/mh_p_cbcl.csv
depress	pls1_proj	False	fu_year4	0.014374	0.013189	0.27578	3874	0.018789	5.1 core/mental-health/mh_p_cbcl.csv
depress	pls1_proj	True	fu	-0.0022253	0.0088962	0.80248	7991	-0.002994	5.1 core/mental-health/mh_p_cbcl.csv
depress	pls1_proj	True	change	0.0025424	0.0078778	0.74689	7990	0.0034206	5.1 core/mental-health/mh_p_cbcl.csv
depress	pls1_proj	True	base	-0.0042358	0.0075992	0.57725	8714	-0.0063682	5.1 core/mental-health/mh_p_cbcl.csv
depress	pls1_proj	True	fu_year4	0.012675	0.013274	0.33964	3874	0.016568	5.1 core/mental-health/mh_p_cbcl.csv
depress	pls1_thick_proj	False	fu	-0.0058188	0.0086115	0.49923	7991	-0.0078287	5.1 core/mental-health/mh_p_cbcl.csv
depress	pls1_thick_proj	False	change	-0.01303	0.0075617	0.084852	7990	-0.017531	5.1 core/mental-health/mh_p_cbcl.csv
depress	pls1_thick_proj	False	base	0.011583	0.0071928	0.10733	8714	0.017414	5.1 core/mental-health/mh_p_cbcl.csv
depress	pls1_thick_proj	False	fu_year4	-0.0039406	0.013031	0.76234	3874	-0.0051508	5.1 core/mental-health/mh_p_cbcl.csv
depress	pls1_thick_proj	True	fu	-0.005427	0.0086133	0.52864	7991	-0.0073016	5.1 core/mental-health/mh_p_cbcl.csv
depress	pls1_thick_proj	True	change	-0.01268	0.0075611	0.093553	7990	-0.017059	5.1 core/mental-health/mh_p_cbcl.csv
depress	pls1_thick_proj	True	base	0.011682	0.007194	0.10439	8714	0.017564	5.1 core/mental-health/mh_p_cbcl.csv
depress	pls1_thick_proj	True	fu_year4	-0.0032907	0.013047	0.80088	3874	-0.0043013	5.1 core/mental-health/mh_p_cbcl.csv
depress	c3_proj	False	fu	-0.0020533	0.0087898	0.8153	7991	-0.0027625	5.1 core/mental-health/mh_p_cbcl.csv
depress	c3_proj	False	change	-0.0013671	0.007691	0.85892	7990	-0.0018393	5.1 core/mental-health/mh_p_cbcl.csv
depress	c3_proj	False	base	0.0014354	0.0074811	0.84784	8714	0.002158	5.1 core/mental-health/mh_p_cbcl.csv
depress	c3_proj	False	fu_year4	-0.011271	0.012686	0.37429	3874	-0.014733	5.1 core/mental-health/mh_p_cbcl.csv
depress	c3_proj	True	fu	-0.0079481	0.0095629	0.40589	7991	-0.010693	5.1 core/mental-health/mh_p_cbcl.csv
depress	c3_proj	True	change	-0.0066743	0.0082875	0.42062	7990	-0.0089797	5.1 core/mental-health/mh_p_cbcl.csv
depress	c3_proj	True	base	0.00028085	0.0081065	0.97236	8714	0.00042223	5.1 core/mental-health/mh_p_cbcl.csv
depress	c3_proj	True	fu_year4	-0.018604	0.013807	0.17785	3874	-0.024317	5.1 core/mental-health/mh_p_cbcl.csv
anxdisord	global_thin	False	fu	0.0034239	0.0090677	0.70574	7991	0.0047334	5.1 core/mental-health/mh_p_cbcl.csv
anxdisord	global_thin	False	change	0.0076675	0.0077362	0.32163	7990	0.0106	5.1 core/mental-health/mh_p_cbcl.csv
anxdisord	global_thin	False	base	-0.009466	0.0084246	0.26118	8714	-0.012941	5.1 core/mental-health/mh_p_cbcl.csv
anxdisord	global_thin	False	fu_year4	0.0092479	0.012612	0.46341	3874	0.013045	5.1 core/mental-health/mh_p_cbcl.csv
anxdisord	pls2_proj	False	fu	-0.0028449	0.0080649	0.72428	7991	-0.003933	5.1 core/mental-health/mh_p_cbcl.csv
anxdisord	pls2_proj	False	change	-0.0014927	0.0066837	0.82327	7990	-0.0020637	5.1 core/mental-health/mh_p_cbcl.csv
anxdisord	pls2_proj	False	base	-0.0021692	0.0078761	0.783	8714	-0.0029656	5.1 core/mental-health/mh_p_cbcl.csv
anxdisord	pls2_proj	False	fu_year4	-0.014225	0.011332	0.2094	3874	-0.020065	5.1 core/mental-health/mh_p_cbcl.csv
anxdisord	pls2_proj	True	fu	-0.0031952	0.0081206	0.69397	7991	-0.0044173	5.1 core/mental-health/mh_p_cbcl.csv
anxdisord	pls2_proj	True	change	-0.0022285	0.0067305	0.74056	7990	-0.0030809	5.1 core/mental-health/mh_p_cbcl.csv
anxdisord	pls2_proj	True	base	-0.0012429	0.0079113	0.87516	8714	-0.0016992	5.1 core/mental-health/mh_p_cbcl.csv
anxdisord	pls2_proj	True	fu_year4	-0.0151	0.011396	0.18514	3874	-0.021301	5.1 core/mental-health/mh_p_cbcl.csv
anxdisord	pls2_top	False	fu	0.0026982	0.0083389	0.74626	7991	0.0037303	5.1 core/mental-health/mh_p_cbcl.csv
anxdisord	pls2_top	False	change	0.00074297	0.0069969	0.91543	7990	0.0010271	5.1 core/mental-health/mh_p_cbcl.csv
anxdisord	pls2_top	False	base	0.0034507	0.0080521	0.66825	8714	0.0047176	5.1 core/mental-health/mh_p_cbcl.csv
anxdisord	pls2_top	False	fu_year4	0.011774	0.011899	0.32241	3874	0.016608	5.1 core/mental-health/mh_p_cbcl.csv
anxdisord	pls2_top	True	fu	0.0010846	0.010584	0.91838	7991	0.0014994	5.1 core/mental-health/mh_p_cbcl.csv
anxdisord	pls2_top	True	change	-0.0061887	0.0088023	0.48201	7990	-0.0085558	5.1 core/mental-health/mh_p_cbcl.csv
anxdisord	pls2_top	True	base	0.014859	0.010311	0.14953	8714	0.020315	5.1 core/mental-health/mh_p_cbcl.csv
anxdisord	pls2_top	True	fu_year4	0.010206	0.015097	0.499	3874	0.014397	5.1 core/mental-health/mh_p_cbcl.csv
anxdisord	pls2_topbottom	False	fu	-0.0012017	0.0080967	0.88201	7991	-0.0016613	5.1 core/mental-health/mh_p_cbcl.csv
anxdisord	pls2_topbottom	False	change	-0.0045824	0.0067607	0.4979	7990	-0.006335	5.1 core/mental-health/mh_p_cbcl.csv
anxdisord	pls2_topbottom	False	base	0.007715	0.0078922	0.3283	8714	0.010547	5.1 core/mental-health/mh_p_cbcl.csv
anxdisord	pls2_topbottom	False	fu_year4	-0.0014837	0.011631	0.89849	3874	-0.002093	5.1 core/mental-health/mh_p_cbcl.csv
anxdisord	pls2_topbottom	True	fu	-0.0010415	0.0080971	0.89766	7991	-0.0014398	5.1 core/mental-health/mh_p_cbcl.csv
anxdisord	pls2_topbottom	True	change	-0.0042296	0.0067576	0.53138	7990	-0.0058474	5.1 core/mental-health/mh_p_cbcl.csv
anxdisord	pls2_topbottom	True	base	0.0072972	0.007899	0.35558	8714	0.0099761	5.1 core/mental-health/mh_p_cbcl.csv
anxdisord	pls2_topbottom	True	fu_year4	-0.00096809	0.011649	0.93377	3874	-0.0013656	5.1 core/mental-health/mh_p_cbcl.csv
anxdisord	pls1_proj	False	fu	-0.016135	0.0084741	0.056905	7991	-0.022306	5.1 core/mental-health/mh_p_cbcl.csv
anxdisord	pls1_proj	False	change	-0.015886	0.0070615	0.024473	7990	-0.021962	5.1 core/mental-health/mh_p_cbcl.csv
anxdisord	pls1_proj	False	base	-0.00033648	0.008127	0.96698	8714	-0.00046001	5.1 core/mental-health/mh_p_cbcl.csv
anxdisord	pls1_proj	False	fu_year4	-0.0039962	0.011814	0.73516	3874	-0.0056371	5.1 core/mental-health/mh_p_cbcl.csv
anxdisord	pls1_proj	True	fu	-0.017361	0.0085881	0.043221	7991	-0.024002	5.1 core/mental-health/mh_p_cbcl.csv
anxdisord	pls1_proj	True	change	-0.017889	0.0071475	0.012318	7990	-0.024732	5.1 core/mental-health/mh_p_cbcl.csv
anxdisord	pls1_proj	True	base	0.0014075	0.0082919	0.86521	8714	0.0019243	5.1 core/mental-health/mh_p_cbcl.csv
anxdisord	pls1_proj	True	fu_year4	-0.0057765	0.011957	0.62901	3874	-0.0081484	5.1 core/mental-health/mh_p_cbcl.csv
anxdisord	pls1_thick_proj	False	fu	-0.012148	0.0083251	0.14452	7991	-0.016794	5.1 core/mental-health/mh_p_cbcl.csv
anxdisord	pls1_thick_proj	False	change	-0.012199	0.006984	0.080697	7990	-0.016864	5.1 core/mental-health/mh_p_cbcl.csv
anxdisord	pls1_thick_proj	False	base	0.00081631	0.0079778	0.9185	8714	0.001116	5.1 core/mental-health/mh_p_cbcl.csv
anxdisord	pls1_thick_proj	False	fu_year4	-0.007035	0.012038	0.55896	3874	-0.0099236	5.1 core/mental-health/mh_p_cbcl.csv
anxdisord	pls1_thick_proj	True	fu	-0.012053	0.0083315	0.14798	7991	-0.016664	5.1 core/mental-health/mh_p_cbcl.csv
anxdisord	pls1_thick_proj	True	change	-0.01197	0.0069916	0.086892	7990	-0.016548	5.1 core/mental-health/mh_p_cbcl.csv
anxdisord	pls1_thick_proj	True	base	0.00055096	0.0079865	0.945	8714	0.00075324	5.1 core/mental-health/mh_p_cbcl.csv
anxdisord	pls1_thick_proj	True	fu_year4	-0.0065622	0.012051	0.58608	3874	-0.0092566	5.1 core/mental-health/mh_p_cbcl.csv
anxdisord	c3_proj	False	fu	-0.0057004	0.0085179	0.50335	7991	-0.0078808	5.1 core/mental-health/mh_p_cbcl.csv
anxdisord	c3_proj	False	change	0.00049087	0.0070924	0.94482	7990	0.00067862	5.1 core/mental-health/mh_p_cbcl.csv
anxdisord	c3_proj	False	base	-0.011212	0.0082229	0.17274	8714	-0.015328	5.1 core/mental-health/mh_p_cbcl.csv
anxdisord	c3_proj	False	fu_year4	-0.032764	0.01157	0.0046271	3874	-0.046217	5.1 core/mental-health/mh_p_cbcl.csv
anxdisord	c3_proj	True	fu	-0.0082337	0.0093062	0.37629	7991	-0.011383	5.1 core/mental-health/mh_p_cbcl.csv
anxdisord	c3_proj	True	change	-0.0027879	0.0077016	0.71736	7990	-0.0038543	5.1 core/mental-health/mh_p_cbcl.csv
anxdisord	c3_proj	True	base	-0.0090603	0.0089739	0.31267	8714	-0.012387	5.1 core/mental-health/mh_p_cbcl.csv
anxdisord	c3_proj	True	fu_year4	-0.042651	0.012703	0.0007866	3874	-0.060163	5.1 core/mental-health/mh_p_cbcl.csv
somaticpr	global_thin	False	fu	-0.0014667	0.0073736	0.84233	7991	-0.0024936	5.1 core/mental-health/mh_p_cbcl.csv
somaticpr	global_thin	False	change	-0.0015771	0.0066557	0.8127	7990	-0.0026812	5.1 core/mental-health/mh_p_cbcl.csv
somaticpr	global_thin	False	base	0.00045698	0.0071636	0.94914	8714	0.00075463	5.1 core/mental-health/mh_p_cbcl.csv
somaticpr	global_thin	False	fu_year4	0.0036979	0.01069	0.72939	3874	0.0062719	5.1 core/mental-health/mh_p_cbcl.csv
somaticpr	pls2_proj	False	fu	-0.0070762	0.0065873	0.28273	7991	-0.01203	5.1 core/mental-health/mh_p_cbcl.csv
somaticpr	pls2_proj	False	change	-0.0034245	0.0060421	0.57087	7990	-0.005822	5.1 core/mental-health/mh_p_cbcl.csv
somaticpr	pls2_proj	False	base	-0.0087679	0.0066306	0.18606	8714	-0.014479	5.1 core/mental-health/mh_p_cbcl.csv
somaticpr	pls2_proj	False	fu_year4	-0.016031	0.0094341	0.089271	3874	-0.02719	5.1 core/mental-health/mh_p_cbcl.csv
somaticpr	pls2_proj	True	fu	-0.0070093	0.0066273	0.29022	7991	-0.011917	5.1 core/mental-health/mh_p_cbcl.csv
somaticpr	pls2_proj	True	change	-0.0033105	0.0060935	0.58693	7990	-0.0056283	5.1 core/mental-health/mh_p_cbcl.csv
somaticpr	pls2_proj	True	base	-0.0089128	0.0066569	0.18061	8714	-0.014718	5.1 core/mental-health/mh_p_cbcl.csv
somaticpr	pls2_proj	True	fu_year4	-0.016463	0.0094565	0.081706	3874	-0.027921	5.1 core/mental-health/mh_p_cbcl.csv
somaticpr	pls2_top	False	fu	-0.012671	0.0068262	0.063429	7991	-0.021542	5.1 core/mental-health/mh_p_cbcl.csv
somaticpr	pls2_top	False	change	-0.011526	0.0061237	0.059804	7990	-0.019596	5.1 core/mental-health/mh_p_cbcl.csv
somaticpr	pls2_top	False	base	-0.0027626	0.0067969	0.68441	8714	-0.004562	5.1 core/mental-health/mh_p_cbcl.csv
somaticpr	pls2_top	False	fu_year4	-0.009545	0.00999	0.33934	3874	-0.016189	5.1 core/mental-health/mh_p_cbcl.csv
somaticpr	pls2_top	True	fu	-0.019176	0.0085829	0.025468	7991	-0.032602	5.1 core/mental-health/mh_p_cbcl.csv
somaticpr	pls2_top	True	change	-0.017215	0.0078131	0.02757	7990	-0.029268	5.1 core/mental-health/mh_p_cbcl.csv
somaticpr	pls2_top	True	base	-0.0049536	0.0084658	0.55846	8714	-0.00818	5.1 core/mental-health/mh_p_cbcl.csv
somaticpr	pls2_top	True	fu_year4	-0.019137	0.012528	0.12664	3874	-0.032457	5.1 core/mental-health/mh_p_cbcl.csv
somaticpr	pls2_topbottom	False	fu	-0.0068652	0.0065661	0.29576	7991	-0.011672	5.1 core/mental-health/mh_p_cbcl.csv
somaticpr	pls2_topbottom	False	change	-0.0044059	0.0060426	0.46592	7990	-0.0074906	5.1 core/mental-health/mh_p_cbcl.csv
somaticpr	pls2_topbottom	False	base	-0.0055755	0.0065363	0.39366	8714	-0.0092069	5.1 core/mental-health/mh_p_cbcl.csv
somaticpr	pls2_topbottom	False	fu_year4	-0.013185	0.0095541	0.16756	3874	-0.022363	5.1 core/mental-health/mh_p_cbcl.csv
somaticpr	pls2_topbottom	True	fu	-0.0069529	0.0065695	0.2899	7991	-0.011821	5.1 core/mental-health/mh_p_cbcl.csv
somaticpr	pls2_topbottom	True	change	-0.0044923	0.0060378	0.45686	7990	-0.0076375	5.1 core/mental-health/mh_p_cbcl.csv
somaticpr	pls2_topbottom	True	base	-0.0055677	0.0065505	0.39535	8714	-0.009194	5.1 core/mental-health/mh_p_cbcl.csv
somaticpr	pls2_topbottom	True	fu_year4	-0.013025	0.0095762	0.17379	3874	-0.022091	5.1 core/mental-health/mh_p_cbcl.csv
somaticpr	pls1_proj	False	fu	-0.0085683	0.0067187	0.20221	7991	-0.014567	5.1 core/mental-health/mh_p_cbcl.csv
somaticpr	pls1_proj	False	change	-0.007732	0.0061021	0.20512	7990	-0.013145	5.1 core/mental-health/mh_p_cbcl.csv
somaticpr	pls1_proj	False	base	-0.0010223	0.0067936	0.88039	8714	-0.0016881	5.1 core/mental-health/mh_p_cbcl.csv
somaticpr	pls1_proj	False	fu_year4	0.0035893	0.009966	0.71873	3874	0.0060876	5.1 core/mental-health/mh_p_cbcl.csv
somaticpr	pls1_proj	True	fu	-0.0086097	0.0068156	0.2065	7991	-0.014638	5.1 core/mental-health/mh_p_cbcl.csv
somaticpr	pls1_proj	True	change	-0.0077221	0.0061718	0.21087	7990	-0.013129	5.1 core/mental-health/mh_p_cbcl.csv
somaticpr	pls1_proj	True	base	-0.0011441	0.0069184	0.86865	8714	-0.0018893	5.1 core/mental-health/mh_p_cbcl.csv
somaticpr	pls1_proj	True	fu_year4	0.0030563	0.010069	0.76149	3874	0.0051837	5.1 core/mental-health/mh_p_cbcl.csv
somaticpr	pls1_thick_proj	False	fu	-0.01612	0.0066679	0.015629	7991	-0.027405	5.1 core/mental-health/mh_p_cbcl.csv
somaticpr	pls1_thick_proj	False	change	-0.017053	0.0060459	0.0047927	7990	-0.028993	5.1 core/mental-health/mh_p_cbcl.csv
somaticpr	pls1_thick_proj	False	base	0.0021396	0.0065088	0.74236	8714	0.0035332	5.1 core/mental-health/mh_p_cbcl.csv
somaticpr	pls1_thick_proj	False	fu_year4	0.0095177	0.0097917	0.33105	3874	0.016142	5.1 core/mental-health/mh_p_cbcl.csv
somaticpr	pls1_thick_proj	True	fu	-0.016185	0.006667	0.0152	7991	-0.027516	5.1 core/mental-health/mh_p_cbcl.csv
somaticpr	pls1_thick_proj	True	change	-0.017123	0.0060434	0.0046056	7990	-0.029112	5.1 core/mental-health/mh_p_cbcl.csv
somaticpr	pls1_thick_proj	True	base	0.0021544	0.0065117	0.74076	8714	0.0035576	5.1 core/mental-health/mh_p_cbcl.csv
somaticpr	pls1_thick_proj	True	fu_year4	0.0097474	0.0097805	0.31895	3874	0.016532	5.1 core/mental-health/mh_p_cbcl.csv
somaticpr	c3_proj	False	fu	-0.0040403	0.0069408	0.56049	7991	-0.0068691	5.1 core/mental-health/mh_p_cbcl.csv
somaticpr	c3_proj	False	change	-0.0019041	0.0063434	0.76405	7990	-0.0032372	5.1 core/mental-health/mh_p_cbcl.csv
somaticpr	c3_proj	False	base	-0.0072444	0.0067232	0.28125	8714	-0.011963	5.1 core/mental-health/mh_p_cbcl.csv
somaticpr	c3_proj	False	fu_year4	-0.016153	0.0096366	0.093687	3874	-0.027397	5.1 core/mental-health/mh_p_cbcl.csv
somaticpr	c3_proj	True	fu	-0.0041252	0.0075269	0.58365	7991	-0.0070133	5.1 core/mental-health/mh_p_cbcl.csv
somaticpr	c3_proj	True	change	-0.0015548	0.0069032	0.8218	7990	-0.0026433	5.1 core/mental-health/mh_p_cbcl.csv
somaticpr	c3_proj	True	base	-0.0088031	0.007341	0.23046	8714	-0.014537	5.1 core/mental-health/mh_p_cbcl.csv
somaticpr	c3_proj	True	fu_year4	-0.020659	0.010246	0.043769	3874	-0.035038	5.1 core/mental-health/mh_p_cbcl.csv
adhd	global_thin	False	fu	0.0052402	0.0095643	0.58377	7991	0.006629	5.1 core/mental-health/mh_p_cbcl.csv
adhd	global_thin	False	change	0.0057785	0.0072723	0.42685	7990	0.0073101	5.1 core/mental-health/mh_p_cbcl.csv
adhd	global_thin	False	base	-0.0035937	0.0095004	0.70523	8714	-0.0044187	5.1 core/mental-health/mh_p_cbcl.csv
adhd	global_thin	False	fu_year4	0.016593	0.013699	0.2258	3874	0.021349	5.1 core/mental-health/mh_p_cbcl.csv
adhd	pls2_proj	False	fu	0.0036814	0.0089078	0.67941	7991	0.0046571	5.1 core/mental-health/mh_p_cbcl.csv
adhd	pls2_proj	False	change	-0.00089687	0.0068939	0.89649	7990	-0.0011346	5.1 core/mental-health/mh_p_cbcl.csv
adhd	pls2_proj	False	base	0.0085122	0.0088309	0.33509	8714	0.010466	5.1 core/mental-health/mh_p_cbcl.csv
adhd	pls2_proj	False	fu_year4	-0.01326	0.012709	0.2968	3874	-0.017061	5.1 core/mental-health/mh_p_cbcl.csv
adhd	pls2_proj	True	fu	0.0032258	0.0089505	0.71854	7991	0.0040808	5.1 core/mental-health/mh_p_cbcl.csv
adhd	pls2_proj	True	change	-0.0014494	0.0069193	0.83408	7990	-0.0018336	5.1 core/mental-health/mh_p_cbcl.csv
adhd	pls2_proj	True	base	0.0089693	0.0088714	0.312	8714	0.011028	5.1 core/mental-health/mh_p_cbcl.csv
adhd	pls2_proj	True	fu_year4	-0.014735	0.012741	0.24748	3874	-0.018958	5.1 core/mental-health/mh_p_cbcl.csv
adhd	pls2_top	False	fu	0.0092569	0.0091207	0.31014	7991	0.01171	5.1 core/mental-health/mh_p_cbcl.csv
adhd	pls2_top	False	change	0.0028087	0.0071039	0.69256	7990	0.0035532	5.1 core/mental-health/mh_p_cbcl.csv
adhd	pls2_top	False	base	0.013008	0.0089663	0.14686	8714	0.015994	5.1 core/mental-health/mh_p_cbcl.csv
adhd	pls2_top	False	fu_year4	0.0088398	0.013212	0.50344	3874	0.011374	5.1 core/mental-health/mh_p_cbcl.csv
adhd	pls2_top	True	fu	0.0099918	0.011527	0.38606	7991	0.01264	5.1 core/mental-health/mh_p_cbcl.csv
adhd	pls2_top	True	change	-0.0010083	0.0090797	0.91158	7990	-0.0012755	5.1 core/mental-health/mh_p_cbcl.csv
adhd	pls2_top	True	base	0.024729	0.0114	0.030065	8714	0.030406	5.1 core/mental-health/mh_p_cbcl.csv
adhd	pls2_top	True	fu_year4	-0.0016994	0.016895	0.91988	3874	-0.0021866	5.1 core/mental-health/mh_p_cbcl.csv
adhd	pls2_topbottom	False	fu	0.0084049	0.0088385	0.34163	7991	0.010633	5.1 core/mental-health/mh_p_cbcl.csv
adhd	pls2_topbottom	False	change	0.0011541	0.006988	0.86882	7990	0.00146	5.1 core/mental-health/mh_p_cbcl.csv
adhd	pls2_topbottom	False	base	0.014823	0.0087728	0.091099	8714	0.018226	5.1 core/mental-health/mh_p_cbcl.csv
adhd	pls2_topbottom	False	fu_year4	-0.0048112	0.012936	0.70995	3874	-0.0061903	5.1 core/mental-health/mh_p_cbcl.csv
adhd	pls2_topbottom	True	fu	0.0086766	0.008855	0.32716	7991	0.010976	5.1 core/mental-health/mh_p_cbcl.csv
adhd	pls2_topbottom	True	change	0.0014322	0.007008	0.83806	7990	0.0018118	5.1 core/mental-health/mh_p_cbcl.csv
adhd	pls2_topbottom	True	base	0.014692	0.0087832	0.094372	8714	0.018065	5.1 core/mental-health/mh_p_cbcl.csv
adhd	pls2_topbottom	True	fu_year4	-0.0038938	0.012953	0.76371	3874	-0.0050099	5.1 core/mental-health/mh_p_cbcl.csv
adhd	pls1_proj	False	fu	0.0034538	0.009154	0.70595	7991	0.0043692	5.1 core/mental-health/mh_p_cbcl.csv
adhd	pls1_proj	False	change	-0.0016855	0.0069802	0.80919	7990	-0.0021323	5.1 core/mental-health/mh_p_cbcl.csv
adhd	pls1_proj	False	base	0.009279	0.009095	0.30762	8714	0.011409	5.1 core/mental-health/mh_p_cbcl.csv
adhd	pls1_proj	False	fu_year4	0.0073983	0.012958	0.56803	3874	0.009519	5.1 core/mental-health/mh_p_cbcl.csv
adhd	pls1_proj	True	fu	0.0026074	0.0093433	0.7802	7991	0.0032984	5.1 core/mental-health/mh_p_cbcl.csv
adhd	pls1_proj	True	change	-0.0028197	0.007132	0.69258	7990	-0.003567	5.1 core/mental-health/mh_p_cbcl.csv
adhd	pls1_proj	True	base	0.010282	0.0092608	0.2669	8714	0.012642	5.1 core/mental-health/mh_p_cbcl.csv
adhd	pls1_proj	True	fu_year4	0.0047065	0.013131	0.72003	3874	0.0060556	5.1 core/mental-health/mh_p_cbcl.csv
adhd	pls1_thick_proj	False	fu	0.0025052	0.0089466	0.77946	7991	0.0031692	5.1 core/mental-health/mh_p_cbcl.csv
adhd	pls1_thick_proj	False	change	-0.0067876	0.0068756	0.32354	7990	-0.0085866	5.1 core/mental-health/mh_p_cbcl.csv
adhd	pls1_thick_proj	False	base	0.014831	0.0086687	0.087112	8714	0.018235	5.1 core/mental-health/mh_p_cbcl.csv
adhd	pls1_thick_proj	False	fu_year4	-0.0050533	0.013245	0.70282	3874	-0.0065019	5.1 core/mental-health/mh_p_cbcl.csv
adhd	pls1_thick_proj	True	fu	0.0026743	0.0089553	0.76523	7991	0.0033831	5.1 core/mental-health/mh_p_cbcl.csv
adhd	pls1_thick_proj	True	change	-0.0066124	0.0068866	0.33696	7990	-0.0083649	5.1 core/mental-health/mh_p_cbcl.csv
adhd	pls1_thick_proj	True	base	0.014743	0.0086711	0.089082	8714	0.018128	5.1 core/mental-health/mh_p_cbcl.csv
adhd	pls1_thick_proj	True	fu_year4	-0.00418	0.013261	0.75259	3874	-0.0053782	5.1 core/mental-health/mh_p_cbcl.csv
adhd	c3_proj	False	fu	0.0033879	0.0090253	0.70738	7991	0.0042858	5.1 core/mental-health/mh_p_cbcl.csv
adhd	c3_proj	False	change	0.0021144	0.0068715	0.75831	7990	0.0026748	5.1 core/mental-health/mh_p_cbcl.csv
adhd	c3_proj	False	base	0.0030966	0.0089062	0.72807	8714	0.0038075	5.1 core/mental-health/mh_p_cbcl.csv
adhd	c3_proj	False	fu_year4	-0.0099349	0.012632	0.43158	3874	-0.012783	5.1 core/mental-health/mh_p_cbcl.csv
adhd	c3_proj	True	fu	0.001697	0.009798	0.8625	7991	0.0021468	5.1 core/mental-health/mh_p_cbcl.csv
adhd	c3_proj	True	change	-4.2528e-05	0.0074769	0.99546	7990	-5.38e-05	5.1 core/mental-health/mh_p_cbcl.csv
adhd	c3_proj	True	base	0.0052873	0.0096545	0.58393	8714	0.0065011	5.1 core/mental-health/mh_p_cbcl.csv
adhd	c3_proj	True	fu_year4	-0.018839	0.013674	0.16828	3874	-0.024239	5.1 core/mental-health/mh_p_cbcl.csv
opposit	global_thin	False	fu	0.0062577	0.008347	0.45344	7991	0.0091381	5.1 core/mental-health/mh_p_cbcl.csv
opposit	global_thin	False	change	-0.0050131	0.0068404	0.46364	7990	-0.0073206	5.1 core/mental-health/mh_p_cbcl.csv
opposit	global_thin	False	base	0.016869	0.0082047	0.039776	8714	0.023922	5.1 core/mental-health/mh_p_cbcl.csv
opposit	global_thin	False	fu_year4	0.017439	0.012027	0.14708	3874	0.025927	5.1 core/mental-health/mh_p_cbcl.csv
opposit	pls2_proj	False	fu	-0.0072632	0.0076989	0.34548	7991	-0.010606	5.1 core/mental-health/mh_p_cbcl.csv
opposit	pls2_proj	False	change	-0.012975	0.0061926	0.036153	7990	-0.018947	5.1 core/mental-health/mh_p_cbcl.csv
opposit	pls2_proj	False	base	0.0086753	0.0075894	0.253	8714	0.012302	5.1 core/mental-health/mh_p_cbcl.csv
opposit	pls2_proj	False	fu_year4	-0.00059814	0.01099	0.9566	3874	-0.0008893	5.1 core/mental-health/mh_p_cbcl.csv
opposit	pls2_proj	True	fu	-0.0079241	0.0077567	0.30698	7991	-0.011571	5.1 core/mental-health/mh_p_cbcl.csv
opposit	pls2_proj	True	change	-0.012634	0.0062248	0.042391	7990	-0.01845	5.1 core/mental-health/mh_p_cbcl.csv
opposit	pls2_proj	True	base	0.0070788	0.0076551	0.35511	8714	0.010038	5.1 core/mental-health/mh_p_cbcl.csv
opposit	pls2_proj	True	fu_year4	-0.0020429	0.011038	0.85317	3874	-0.0030373	5.1 core/mental-health/mh_p_cbcl.csv
opposit	pls2_top	False	fu	-0.0036372	0.0080286	0.65052	7991	-0.0053114	5.1 core/mental-health/mh_p_cbcl.csv
opposit	pls2_top	False	change	-0.013819	0.0065443	0.034724	7990	-0.020179	5.1 core/mental-health/mh_p_cbcl.csv
opposit	pls2_top	False	base	0.015138	0.0077759	0.051557	8714	0.021467	5.1 core/mental-health/mh_p_cbcl.csv
opposit	pls2_top	False	fu_year4	0.0063369	0.011595	0.58469	3874	0.0094216	5.1 core/mental-health/mh_p_cbcl.csv
opposit	pls2_top	True	fu	-0.011942	0.010226	0.2429	7991	-0.017439	5.1 core/mental-health/mh_p_cbcl.csv
opposit	pls2_top	True	change	-0.017621	0.0082042	0.03173	7990	-0.025732	5.1 core/mental-health/mh_p_cbcl.csv
opposit	pls2_top	True	base	0.008256	0.010027	0.41029	8714	0.011708	5.1 core/mental-health/mh_p_cbcl.csv
opposit	pls2_top	True	fu_year4	-0.0065974	0.014604	0.65145	3874	-0.009809	5.1 core/mental-health/mh_p_cbcl.csv
opposit	pls2_topbottom	False	fu	-0.0081638	0.0077448	0.29184	7991	-0.011921	5.1 core/mental-health/mh_p_cbcl.csv
opposit	pls2_topbottom	False	change	-0.011113	0.0063088	0.078162	7990	-0.016227	5.1 core/mental-health/mh_p_cbcl.csv
opposit	pls2_topbottom	False	base	0.0033526	0.0076194	0.65993	8714	0.0047542	5.1 core/mental-health/mh_p_cbcl.csv
opposit	pls2_topbottom	False	fu_year4	-0.0013744	0.011165	0.90203	3874	-0.0020435	5.1 core/mental-health/mh_p_cbcl.csv
opposit	pls2_topbottom	True	fu	-0.0078863	0.0077511	0.30894	7991	-0.011516	5.1 core/mental-health/mh_p_cbcl.csv
opposit	pls2_topbottom	True	change	-0.011381	0.0063151	0.071518	7990	-0.016619	5.1 core/mental-health/mh_p_cbcl.csv
opposit	pls2_topbottom	True	base	0.0041378	0.0076184	0.58704	8714	0.0058677	5.1 core/mental-health/mh_p_cbcl.csv
opposit	pls2_topbottom	True	fu_year4	-0.00039695	0.011188	0.9717	3874	-0.00059018	5.1 core/mental-health/mh_p_cbcl.csv
opposit	pls1_proj	False	fu	0.013859	0.007951	0.081332	7991	0.020238	5.1 core/mental-health/mh_p_cbcl.csv
opposit	pls1_proj	False	change	0.0084504	0.0064494	0.19011	7990	0.01234	5.1 core/mental-health/mh_p_cbcl.csv
opposit	pls1_proj	False	base	0.011395	0.0079214	0.15029	8714	0.016159	5.1 core/mental-health/mh_p_cbcl.csv
opposit	pls1_proj	False	fu_year4	-0.0024041	0.011217	0.83029	3874	-0.0035744	5.1 core/mental-health/mh_p_cbcl.csv
opposit	pls1_proj	True	fu	0.013204	0.0080876	0.10254	7991	0.019282	5.1 core/mental-health/mh_p_cbcl.csv
opposit	pls1_proj	True	change	0.0096871	0.0065707	0.1404	7990	0.014146	5.1 core/mental-health/mh_p_cbcl.csv
opposit	pls1_proj	True	base	0.0086779	0.0080649	0.28192	8714	0.012306	5.1 core/mental-health/mh_p_cbcl.csv
opposit	pls1_proj	True	fu_year4	-0.0055842	0.011413	0.62463	3874	-0.0083025	5.1 core/mental-health/mh_p_cbcl.csv
opposit	pls1_thick_proj	False	fu	-0.0055551	0.0078127	0.47707	7991	-0.008112	5.1 core/mental-health/mh_p_cbcl.csv
opposit	pls1_thick_proj	False	change	-0.010781	0.0062469	0.084378	7990	-0.015744	5.1 core/mental-health/mh_p_cbcl.csv
opposit	pls1_thick_proj	False	base	0.0070396	0.0076696	0.3587	8714	0.0099826	5.1 core/mental-health/mh_p_cbcl.csv
opposit	pls1_thick_proj	False	fu_year4	0.0052596	0.011297	0.64151	3874	0.0078199	5.1 core/mental-health/mh_p_cbcl.csv
opposit	pls1_thick_proj	True	fu	-0.0053632	0.0078204	0.49284	7991	-0.0078318	5.1 core/mental-health/mh_p_cbcl.csv
opposit	pls1_thick_proj	True	change	-0.010955	0.0062535	0.079812	7990	-0.015997	5.1 core/mental-health/mh_p_cbcl.csv
opposit	pls1_thick_proj	True	base	0.0075202	0.0076695	0.32682	8714	0.010664	5.1 core/mental-health/mh_p_cbcl.csv
opposit	pls1_thick_proj	True	fu_year4	0.0062124	0.011312	0.58287	3874	0.0092365	5.1 core/mental-health/mh_p_cbcl.csv
opposit	c3_proj	False	fu	0.00029556	0.0077836	0.96971	7991	0.0004316	5.1 core/mental-health/mh_p_cbcl.csv
opposit	c3_proj	False	change	-0.0080687	0.0063295	0.20239	7990	-0.011783	5.1 core/mental-health/mh_p_cbcl.csv
opposit	c3_proj	False	base	0.014113	0.0076027	0.063405	8714	0.020013	5.1 core/mental-health/mh_p_cbcl.csv
opposit	c3_proj	False	fu_year4	0.0016451	0.010847	0.87944	3874	0.002446	5.1 core/mental-health/mh_p_cbcl.csv
opposit	c3_proj	True	fu	-0.0024006	0.0085447	0.77875	7991	-0.0035055	5.1 core/mental-health/mh_p_cbcl.csv
opposit	c3_proj	True	change	-0.0073222	0.0068937	0.28817	7990	-0.010692	5.1 core/mental-health/mh_p_cbcl.csv
opposit	c3_proj	True	base	0.0091832	0.0083394	0.27081	8714	0.013022	5.1 core/mental-health/mh_p_cbcl.csv
opposit	c3_proj	True	fu_year4	-0.0055272	0.011855	0.64105	3874	-0.0082177	5.1 core/mental-health/mh_p_cbcl.csv
conduct	global_thin	False	fu	-0.0025485	0.008118	0.75357	7991	-0.0037967	5.1 core/mental-health/mh_p_cbcl.csv
conduct	global_thin	False	change	-0.0084418	0.0066675	0.20547	7990	-0.012576	5.1 core/mental-health/mh_p_cbcl.csv
conduct	global_thin	False	base	0.010503	0.0080659	0.19286	8714	0.015285	5.1 core/mental-health/mh_p_cbcl.csv
conduct	global_thin	False	fu_year4	0.032831	0.011629	0.0047553	3874	0.050045	5.1 core/mental-health/mh_p_cbcl.csv
conduct	pls2_proj	False	fu	-0.0016593	0.0073671	0.8218	7991	-0.002472	5.1 core/mental-health/mh_p_cbcl.csv
conduct	pls2_proj	False	change	-0.0023539	0.0061062	0.69988	7990	-0.0035067	5.1 core/mental-health/mh_p_cbcl.csv
conduct	pls2_proj	False	base	0.0026222	0.0073749	0.72218	8714	0.003816	5.1 core/mental-health/mh_p_cbcl.csv
conduct	pls2_proj	False	fu_year4	0.0027535	0.010462	0.79241	3874	0.0041971	5.1 core/mental-health/mh_p_cbcl.csv
conduct	pls2_proj	True	fu	-0.0014364	0.007445	0.84701	7991	-0.0021399	5.1 core/mental-health/mh_p_cbcl.csv
conduct	pls2_proj	True	change	-0.0015838	0.0061464	0.79665	7990	-0.0023595	5.1 core/mental-health/mh_p_cbcl.csv
conduct	pls2_proj	True	base	0.0015968	0.0074069	0.82932	8714	0.0023237	5.1 core/mental-health/mh_p_cbcl.csv
conduct	pls2_proj	True	fu_year4	6.3991e-05	0.010466	0.99512	3874	9.754e-05	5.1 core/mental-health/mh_p_cbcl.csv
conduct	pls2_top	False	fu	-0.0017683	0.0077226	0.81889	7991	-0.0026344	5.1 core/mental-health/mh_p_cbcl.csv
conduct	pls2_top	False	change	-0.0049517	0.0064672	0.44388	7990	-0.0073768	5.1 core/mental-health/mh_p_cbcl.csv
conduct	pls2_top	False	base	0.0073741	0.0077102	0.33887	8714	0.010731	5.1 core/mental-health/mh_p_cbcl.csv
conduct	pls2_top	False	fu_year4	0.017073	0.011169	0.12639	3874	0.026024	5.1 core/mental-health/mh_p_cbcl.csv
conduct	pls2_top	True	fu	-0.00041711	0.0099219	0.96647	7991	-0.00062139	5.1 core/mental-health/mh_p_cbcl.csv
conduct	pls2_top	True	change	9.1119e-05	0.0082161	0.99115	7990	0.00013574	5.1 core/mental-health/mh_p_cbcl.csv
conduct	pls2_top	True	base	0.0017933	0.0098004	0.85481	8714	0.0026097	5.1 core/mental-health/mh_p_cbcl.csv
conduct	pls2_top	True	fu_year4	-0.0040443	0.013888	0.77089	3874	-0.0061647	5.1 core/mental-health/mh_p_cbcl.csv
conduct	pls2_topbottom	False	fu	-0.00044652	0.0074689	0.95233	7991	-0.0006652	5.1 core/mental-health/mh_p_cbcl.csv
conduct	pls2_topbottom	False	change	-0.00033219	0.0062568	0.95766	7990	-0.00049488	5.1 core/mental-health/mh_p_cbcl.csv
conduct	pls2_topbottom	False	base	0.00015258	0.0073179	0.98336	8714	0.00022205	5.1 core/mental-health/mh_p_cbcl.csv
conduct	pls2_topbottom	False	fu_year4	0.0022132	0.010652	0.83541	3874	0.0033735	5.1 core/mental-health/mh_p_cbcl.csv
conduct	pls2_topbottom	True	fu	-0.00056925	0.0074612	0.93918	7991	-0.00084804	5.1 core/mental-health/mh_p_cbcl.csv
conduct	pls2_topbottom	True	change	-0.00073498	0.0062603	0.90654	7990	-0.0010949	5.1 core/mental-health/mh_p_cbcl.csv
conduct	pls2_topbottom	True	base	0.00063689	0.007328	0.93074	8714	0.00092686	5.1 core/mental-health/mh_p_cbcl.csv
conduct	pls2_topbottom	True	fu_year4	0.0040709	0.010662	0.70261	3874	0.0062052	5.1 core/mental-health/mh_p_cbcl.csv
conduct	pls1_proj	False	fu	0.0051313	0.0078231	0.51188	7991	0.0076444	5.1 core/mental-health/mh_p_cbcl.csv
conduct	pls1_proj	False	change	-0.00053115	0.0064758	0.93463	7990	-0.00079128	5.1 core/mental-health/mh_p_cbcl.csv
conduct	pls1_proj	False	base	0.014618	0.0077855	0.060445	8714	0.021273	5.1 core/mental-health/mh_p_cbcl.csv
conduct	pls1_proj	False	fu_year4	0.0077952	0.011335	0.49162	3874	0.011882	5.1 core/mental-health/mh_p_cbcl.csv
conduct	pls1_proj	True	fu	0.0057923	0.00795	0.46625	7991	0.0086291	5.1 core/mental-health/mh_p_cbcl.csv
conduct	pls1_proj	True	change	0.0010143	0.0066069	0.87798	7990	0.0015111	5.1 core/mental-health/mh_p_cbcl.csv
conduct	pls1_proj	True	base	0.013198	0.0079845	0.098339	8714	0.019207	5.1 core/mental-health/mh_p_cbcl.csv
conduct	pls1_proj	True	fu_year4	0.0022331	0.011533	0.84647	3874	0.0034039	5.1 core/mental-health/mh_p_cbcl.csv
conduct	pls1_thick_proj	False	fu	0.017081	0.0075644	0.023939	7991	0.025447	5.1 core/mental-health/mh_p_cbcl.csv
conduct	pls1_thick_proj	False	change	0.002271	0.0062682	0.71713	7990	0.0033832	5.1 core/mental-health/mh_p_cbcl.csv
conduct	pls1_thick_proj	False	base	0.026753	0.0074716	0.00034277	8714	0.038933	5.1 core/mental-health/mh_p_cbcl.csv
conduct	pls1_thick_proj	False	fu_year4	0.0015038	0.011248	0.89364	3874	0.0022923	5.1 core/mental-health/mh_p_cbcl.csv
conduct	pls1_thick_proj	True	fu	0.01702	0.0075685	0.024522	7991	0.025356	5.1 core/mental-health/mh_p_cbcl.csv
conduct	pls1_thick_proj	True	change	0.0020008	0.0062748	0.74983	7990	0.0029807	5.1 core/mental-health/mh_p_cbcl.csv
conduct	pls1_thick_proj	True	base	0.027073	0.0074758	0.00029305	8714	0.039398	5.1 core/mental-health/mh_p_cbcl.csv
conduct	pls1_thick_proj	True	fu_year4	0.0032699	0.011262	0.77155	3874	0.0049842	5.1 core/mental-health/mh_p_cbcl.csv
conduct	c3_proj	False	fu	-0.0070106	0.0075231	0.3514	7991	-0.010444	5.1 core/mental-health/mh_p_cbcl.csv
conduct	c3_proj	False	change	-0.01031	0.0063873	0.10649	7990	-0.01536	5.1 core/mental-health/mh_p_cbcl.csv
conduct	c3_proj	False	base	0.0082594	0.0073238	0.25943	8714	0.01202	5.1 core/mental-health/mh_p_cbcl.csv
conduct	c3_proj	False	fu_year4	0.012485	0.01048	0.23351	3874	0.019031	5.1 core/mental-health/mh_p_cbcl.csv
conduct	c3_proj	True	fu	-0.0071562	0.0082877	0.38788	7991	-0.010661	5.1 core/mental-health/mh_p_cbcl.csv
conduct	c3_proj	True	change	-0.0084623	0.0069787	0.22529	7990	-0.012607	5.1 core/mental-health/mh_p_cbcl.csv
conduct	c3_proj	True	base	0.0050914	0.0080093	0.52498	8714	0.0074094	5.1 core/mental-health/mh_p_cbcl.csv
conduct	c3_proj	True	fu_year4	0.00067993	0.011284	0.95195	3874	0.0010364	5.1 core/mental-health/mh_p_cbcl.csv
pfactor	global_thin	False	fu	0.019225	0.026545	0.46892	7991	0.0090625	5.1 core/mental-health/mh_p_cbcl.csv
pfactor	global_thin	False	change	0.018927	0.020039	0.3449	7990	0.0089221	5.1 core/mental-health/mh_p_cbcl.csv
pfactor	global_thin	False	base	-0.0013518	0.025118	0.95708	8714	-0.00064093	5.1 core/mental-health/mh_p_cbcl.csv
pfactor	global_thin	False	fu_year4	0.048862	0.038099	0.19967	3874	0.022961	5.1 core/mental-health/mh_p_cbcl.csv
pfactor	pls2_proj	False	fu	-0.022303	0.023352	0.33953	7991	-0.010514	5.1 core/mental-health/mh_p_cbcl.csv
pfactor	pls2_proj	False	change	-0.023993	0.017557	0.17176	7990	-0.01131	5.1 core/mental-health/mh_p_cbcl.csv
pfactor	pls2_proj	False	base	0.0019776	0.022647	0.93041	8714	0.00093764	5.1 core/mental-health/mh_p_cbcl.csv
pfactor	pls2_proj	False	fu_year4	-0.018714	0.035342	0.59645	3874	-0.0087943	5.1 core/mental-health/mh_p_cbcl.csv
pfactor	pls2_proj	True	fu	-0.024334	0.023516	0.30077	7991	-0.011471	5.1 core/mental-health/mh_p_cbcl.csv
pfactor	pls2_proj	True	change	-0.026013	0.01768	0.14119	7990	-0.012263	5.1 core/mental-health/mh_p_cbcl.csv
pfactor	pls2_proj	True	base	0.0021357	0.022698	0.92504	8714	0.0010126	5.1 core/mental-health/mh_p_cbcl.csv
pfactor	pls2_proj	True	fu_year4	-0.022896	0.035477	0.51868	3874	-0.01076	5.1 core/mental-health/mh_p_cbcl.csv
pfactor	pls2_top	False	fu	-0.010037	0.025001	0.68807	7991	-0.0047315	5.1 core/mental-health/mh_p_cbcl.csv
pfactor	pls2_top	False	change	-0.024349	0.018786	0.19494	7990	-0.011478	5.1 core/mental-health/mh_p_cbcl.csv
pfactor	pls2_top	False	base	0.022395	0.023719	0.34509	8714	0.010618	5.1 core/mental-health/mh_p_cbcl.csv
pfactor	pls2_top	False	fu_year4	0.028704	0.036459	0.43111	3874	0.013489	5.1 core/mental-health/mh_p_cbcl.csv
pfactor	pls2_top	True	fu	-0.03484	0.031653	0.27104	7991	-0.016424	5.1 core/mental-health/mh_p_cbcl.csv
pfactor	pls2_top	True	change	-0.057838	0.023907	0.015553	7990	-0.027264	5.1 core/mental-health/mh_p_cbcl.csv
pfactor	pls2_top	True	base	0.037861	0.029736	0.20293	8714	0.017951	5.1 core/mental-health/mh_p_cbcl.csv
pfactor	pls2_top	True	fu_year4	-0.00065074	0.046603	0.98886	3874	-0.0003058	5.1 core/mental-health/mh_p_cbcl.csv
pfactor	pls2_topbottom	False	fu	-0.018126	0.023416	0.43888	7991	-0.0085443	5.1 core/mental-health/mh_p_cbcl.csv
pfactor	pls2_topbottom	False	change	-0.026628	0.018083	0.14087	7990	-0.012553	5.1 core/mental-health/mh_p_cbcl.csv
pfactor	pls2_topbottom	False	base	0.014017	0.022394	0.53137	8714	0.0066456	5.1 core/mental-health/mh_p_cbcl.csv
pfactor	pls2_topbottom	False	fu_year4	0.0045323	0.0361	0.90009	3874	0.0021299	5.1 core/mental-health/mh_p_cbcl.csv
pfactor	pls2_topbottom	True	fu	-0.017255	0.023434	0.46153	7991	-0.008134	5.1 core/mental-health/mh_p_cbcl.csv
pfactor	pls2_topbottom	True	change	-0.025796	0.018089	0.15386	7990	-0.01216	5.1 core/mental-health/mh_p_cbcl.csv
pfactor	pls2_topbottom	True	base	0.013988	0.022436	0.53299	8714	0.0066318	5.1 core/mental-health/mh_p_cbcl.csv
pfactor	pls2_topbottom	True	fu_year4	0.0073015	0.036169	0.84002	3874	0.0034312	5.1 core/mental-health/mh_p_cbcl.csv
pfactor	pls1_proj	False	fu	-0.00057718	0.024959	0.98155	7991	-0.00027208	5.1 core/mental-health/mh_p_cbcl.csv
pfactor	pls1_proj	False	change	-0.0045788	0.018812	0.8077	7990	-0.0021584	5.1 core/mental-health/mh_p_cbcl.csv
pfactor	pls1_proj	False	base	0.014444	0.02382	0.54426	8714	0.0068482	5.1 core/mental-health/mh_p_cbcl.csv
pfactor	pls1_proj	False	fu_year4	-0.015052	0.037244	0.68611	3874	-0.0070733	5.1 core/mental-health/mh_p_cbcl.csv
pfactor	pls1_proj	True	fu	-0.0041675	0.025344	0.86939	7991	-0.0019646	5.1 core/mental-health/mh_p_cbcl.csv
pfactor	pls1_proj	True	change	-0.0082585	0.019103	0.66551	7990	-0.003893	5.1 core/mental-health/mh_p_cbcl.csv
pfactor	pls1_proj	True	base	0.015218	0.024369	0.53232	8714	0.007215	5.1 core/mental-health/mh_p_cbcl.csv
pfactor	pls1_proj	True	fu_year4	-0.024249	0.037689	0.51997	3874	-0.011395	5.1 core/mental-health/mh_p_cbcl.csv
pfactor	pls1_thick_proj	False	fu	0.0015478	0.02471	0.95005	7991	0.00072964	5.1 core/mental-health/mh_p_cbcl.csv
pfactor	pls1_thick_proj	False	change	-0.034184	0.018681	0.067261	7990	-0.016114	5.1 core/mental-health/mh_p_cbcl.csv
pfactor	pls1_thick_proj	False	base	0.053103	0.023193	0.022044	8714	0.025177	5.1 core/mental-health/mh_p_cbcl.csv
pfactor	pls1_thick_proj	False	fu_year4	0.014712	0.03704	0.69122	3874	0.0069138	5.1 core/mental-health/mh_p_cbcl.csv
pfactor	pls1_thick_proj	True	fu	0.0021591	0.024731	0.93043	7991	0.0010178	5.1 core/mental-health/mh_p_cbcl.csv
pfactor	pls1_thick_proj	True	change	-0.033624	0.018708	0.072292	7990	-0.01585	5.1 core/mental-health/mh_p_cbcl.csv
pfactor	pls1_thick_proj	True	base	0.053114	0.023199	0.022051	8714	0.025182	5.1 core/mental-health/mh_p_cbcl.csv
pfactor	pls1_thick_proj	True	fu_year4	0.017382	0.03706	0.63906	3874	0.0081682	5.1 core/mental-health/mh_p_cbcl.csv
pfactor	c3_proj	False	fu	-0.014739	0.024346	0.54492	7991	-0.0069479	5.1 core/mental-health/mh_p_cbcl.csv
pfactor	c3_proj	False	change	-0.0074616	0.018401	0.68512	7990	-0.0035174	5.1 core/mental-health/mh_p_cbcl.csv
pfactor	c3_proj	False	base	-0.0088616	0.023691	0.70837	8714	-0.0042015	5.1 core/mental-health/mh_p_cbcl.csv
pfactor	c3_proj	False	fu_year4	-0.041879	0.035217	0.23437	3874	-0.01968	5.1 core/mental-health/mh_p_cbcl.csv
pfactor	c3_proj	True	fu	-0.025846	0.026706	0.33315	7991	-0.012184	5.1 core/mental-health/mh_p_cbcl.csv
pfactor	c3_proj	True	change	-0.017122	0.020043	0.39295	7990	-0.0080714	5.1 core/mental-health/mh_p_cbcl.csv
pfactor	c3_proj	True	base	-0.0099111	0.02558	0.69842	8714	-0.004699	5.1 core/mental-health/mh_p_cbcl.csv
pfactor	c3_proj	True	fu_year4	-0.070383	0.038557	0.067935	3874	-0.033075	5.1 core/mental-health/mh_p_cbcl.csv
totprob_clin	global_thin	False	fu_logit	-0.028689	0.058097	0.62144	7991		5.1 core/mental-health/mh_p_cbcl.csv
totprob_clin	pls2_proj	False	fu_logit	-0.0088651	0.048218	0.85413	7991		5.1 core/mental-health/mh_p_cbcl.csv
totprob_clin	pls2_proj	True	fu_logit	-0.0062517	0.048707	0.89787	7991		5.1 core/mental-health/mh_p_cbcl.csv
totprob_clin	pls2_top	False	fu_logit	-0.06075	0.054643	0.26624	7991		5.1 core/mental-health/mh_p_cbcl.csv
totprob_clin	pls2_top	True	fu_logit	-0.071059	0.069906	0.30939	7991		5.1 core/mental-health/mh_p_cbcl.csv
totprob_clin	pls2_topbottom	False	fu_logit	-0.022903	0.047808	0.6319	7991		5.1 core/mental-health/mh_p_cbcl.csv
totprob_clin	pls2_topbottom	True	fu_logit	-0.024478	0.047606	0.60712	7991		5.1 core/mental-health/mh_p_cbcl.csv
totprob_clin	pls1_proj	False	fu_logit	0.025955	0.054039	0.63101	7991		5.1 core/mental-health/mh_p_cbcl.csv
totprob_clin	pls1_proj	True	fu_logit	0.032221	0.054013	0.55081	7991		5.1 core/mental-health/mh_p_cbcl.csv
totprob_clin	pls1_thick_proj	False	fu_logit	0.05362	0.052381	0.306	7991		5.1 core/mental-health/mh_p_cbcl.csv
totprob_clin	pls1_thick_proj	True	fu_logit	0.052558	0.052384	0.31571	7991		5.1 core/mental-health/mh_p_cbcl.csv
totprob_clin	c3_proj	False	fu_logit	-0.04398	0.051153	0.38992	7991		5.1 core/mental-health/mh_p_cbcl.csv
totprob_clin	c3_proj	True	fu_logit	-0.039528	0.057476	0.49163	7991		5.1 core/mental-health/mh_p_cbcl.csv
internal_clin	global_thin	False	fu_logit	0.086606	0.046185	0.060765	7991		5.1 core/mental-health/mh_p_cbcl.csv
internal_clin	pls2_proj	False	fu_logit	0.0044294	0.038192	0.90767	7991		5.1 core/mental-health/mh_p_cbcl.csv
internal_clin	pls2_proj	True	fu_logit	-0.0036819	0.03875	0.9243	7991		5.1 core/mental-health/mh_p_cbcl.csv
internal_clin	pls2_top	False	fu_logit	0.038404	0.042117	0.36185	7991		5.1 core/mental-health/mh_p_cbcl.csv
internal_clin	pls2_top	True	fu_logit	-0.021641	0.053531	0.68601	7991		5.1 core/mental-health/mh_p_cbcl.csv
internal_clin	pls2_topbottom	False	fu_logit	-0.022215	0.038361	0.56252	7991		5.1 core/mental-health/mh_p_cbcl.csv
internal_clin	pls2_topbottom	True	fu_logit	-0.018078	0.038417	0.63795	7991		5.1 core/mental-health/mh_p_cbcl.csv
internal_clin	pls1_proj	False	fu_logit	-0.049378	0.042445	0.24469	7991		5.1 core/mental-health/mh_p_cbcl.csv
internal_clin	pls1_proj	True	fu_logit	-0.068039	0.043224	0.11547	7991		5.1 core/mental-health/mh_p_cbcl.csv
internal_clin	pls1_thick_proj	False	fu_logit	-0.0037404	0.041557	0.92828	7991		5.1 core/mental-health/mh_p_cbcl.csv
internal_clin	pls1_thick_proj	True	fu_logit	-0.00070674	0.04167	0.98647	7991		5.1 core/mental-health/mh_p_cbcl.csv
internal_clin	c3_proj	False	fu_logit	0.036033	0.044269	0.41567	7991		5.1 core/mental-health/mh_p_cbcl.csv
internal_clin	c3_proj	True	fu_logit	0.0040918	0.049255	0.93379	7991		5.1 core/mental-health/mh_p_cbcl.csv
external_clin	global_thin	False	fu_logit	-0.051073	0.063477	0.42105	7991		5.1 core/mental-health/mh_p_cbcl.csv
external_clin	pls2_proj	False	fu_logit	-0.058011	0.056508	0.30461	7991		5.1 core/mental-health/mh_p_cbcl.csv
external_clin	pls2_proj	True	fu_logit	-0.054017	0.057088	0.34404	7991		5.1 core/mental-health/mh_p_cbcl.csv
external_clin	pls2_top	False	fu_logit	-0.073829	0.06164	0.23101	7991		5.1 core/mental-health/mh_p_cbcl.csv
external_clin	pls2_top	True	fu_logit	-0.070389	0.082002	0.39068	7991		5.1 core/mental-health/mh_p_cbcl.csv
external_clin	pls2_topbottom	False	fu_logit	-0.083219	0.055996	0.13724	7991		5.1 core/mental-health/mh_p_cbcl.csv
external_clin	pls2_topbottom	True	fu_logit	-0.086264	0.055761	0.12186	7991		5.1 core/mental-health/mh_p_cbcl.csv
external_clin	pls1_proj	False	fu_logit	-0.03913	0.063696	0.53901	7991		5.1 core/mental-health/mh_p_cbcl.csv
external_clin	pls1_proj	True	fu_logit	-0.031424	0.063092	0.61844	7991		5.1 core/mental-health/mh_p_cbcl.csv
external_clin	pls1_thick_proj	False	fu_logit	0.17086	0.062019	0.0058704	7991		5.1 core/mental-health/mh_p_cbcl.csv
external_clin	pls1_thick_proj	True	fu_logit	0.16925	0.061964	0.0063051	7991		5.1 core/mental-health/mh_p_cbcl.csv
external_clin	c3_proj	False	fu_logit	-0.10048	0.060057	0.094317	7991		5.1 core/mental-health/mh_p_cbcl.csv
external_clin	c3_proj	True	fu_logit	-0.096325	0.067197	0.15172	7991		5.1 core/mental-health/mh_p_cbcl.csv
depress_clin	global_thin	False	fu_logit	0.10642	0.044986	0.018002	7991		5.1 core/mental-health/mh_p_cbcl.csv
depress_clin	pls2_proj	False	fu_logit	0.0066228	0.037963	0.86151	7991		5.1 core/mental-health/mh_p_cbcl.csv
depress_clin	pls2_proj	True	fu_logit	-0.0036473	0.038919	0.92534	7991		5.1 core/mental-health/mh_p_cbcl.csv
depress_clin	pls2_top	False	fu_logit	0.065706	0.041055	0.1095	7991		5.1 core/mental-health/mh_p_cbcl.csv
depress_clin	pls2_top	True	fu_logit	0.0038449	0.053776	0.943	7991		5.1 core/mental-health/mh_p_cbcl.csv
depress_clin	pls2_topbottom	False	fu_logit	-0.0095746	0.038988	0.80601	7991		5.1 core/mental-health/mh_p_cbcl.csv
depress_clin	pls2_topbottom	True	fu_logit	-0.0045957	0.038953	0.90608	7991		5.1 core/mental-health/mh_p_cbcl.csv
depress_clin	pls1_proj	False	fu_logit	0.0027998	0.043255	0.94839	7991		5.1 core/mental-health/mh_p_cbcl.csv
depress_clin	pls1_proj	True	fu_logit	-0.017274	0.043631	0.69217	7991		5.1 core/mental-health/mh_p_cbcl.csv
depress_clin	pls1_thick_proj	False	fu_logit	0.013633	0.040778	0.73814	7991		5.1 core/mental-health/mh_p_cbcl.csv
depress_clin	pls1_thick_proj	True	fu_logit	0.017724	0.040936	0.66504	7991		5.1 core/mental-health/mh_p_cbcl.csv
depress_clin	c3_proj	False	fu_logit	0.015892	0.041724	0.70328	7991		5.1 core/mental-health/mh_p_cbcl.csv
depress_clin	c3_proj	True	fu_logit	-0.029332	0.047045	0.53296	7991		5.1 core/mental-health/mh_p_cbcl.csv
