outcome	map	label	r	t	p	n
depress	absolute	lh_1	0.015095	1.3633	0.17282	8181
depress	absolute	lh_10d	0.00037951	0.034271	0.97266	8181
depress	absolute	lh_10pp	-0.0055343	-0.49978	0.61724	8181
depress	absolute	lh_10r	-0.0038144	-0.34446	0.73051	8181
depress	absolute	lh_10v	0.0013799	0.12461	0.90084	8181
depress	absolute	lh_11l	-0.010063	-0.90883	0.36347	8181
depress	absolute	lh_13l	0.0031328	0.28291	0.77725	8181
depress	absolute	lh_2	0.032119	2.902	0.0037175	8181
depress	absolute	lh_23c	0.0058082	0.52452	0.59993	8181
depress	absolute	lh_23d	-0.011272	-1.0179	0.30873	8181
depress	absolute	lh_24dd	0.037114	3.3539	0.00080049	8181
depress	absolute	lh_24dv	0.035366	3.1957	0.0014001	8181
depress	absolute	lh_25	-0.011729	-1.0593	0.28949	8181
depress	absolute	lh_31a	0.0081427	0.73535	0.46215	8181
depress	absolute	lh_31pd	0.0059383	0.53627	0.59179	8181
depress	absolute	lh_31pv	0.019732	1.7823	0.074744	8181
depress	absolute	lh_33pr	-0.0094518	-0.85358	0.39336	8181
depress	absolute	lh_3a	0.0088677	0.80083	0.42325	8181
depress	absolute	lh_3b	0.015039	1.3583	0.17441	8181
depress	absolute	lh_4	0.00010119	0.0091377	0.99271	8181
depress	absolute	lh_43	0.012227	1.1042	0.26952	8181
depress	absolute	lh_44	0.0099061	0.89461	0.37102	8181
depress	absolute	lh_45	0.043752	3.9548	7.7255e-05	8181
depress	absolute	lh_46	0.015195	1.3724	0.16999	8181
depress	absolute	lh_47l	0.0038963	0.35186	0.72496	8181
depress	absolute	lh_47m	0.0067268	0.60748	0.54355	8181
depress	absolute	lh_47s	0.018392	1.6612	0.096721	8181
depress	absolute	lh_52	0.04104	3.7092	0.00020927	8181
depress	absolute	lh_55b	0.013284	1.1997	0.23028	8181
depress	absolute	lh_5L	0.0090359	0.81602	0.41451	8181
depress	absolute	lh_5m	0.03893	3.5183	0.00043672	8181
depress	absolute	lh_5mv	0.030337	2.7409	0.0061409	8181
depress	absolute	lh_6a	0.0083217	0.75152	0.45236	8181
depress	absolute	lh_6d	0.0034091	0.30786	0.7582	8181
depress	absolute	lh_6ma	-0.0066618	-0.60161	0.54745	8181
depress	absolute	lh_6mp	0.0095307	0.86071	0.38942	8181
depress	absolute	lh_6r	0.024913	2.2505	0.024445	8181
depress	absolute	lh_6v	0.0090776	0.81979	0.41236	8181
depress	absolute	lh_7AL	0.015025	1.357	0.17483	8181
depress	absolute	lh_7Am	-0.0050336	-0.45456	0.64944	8181
depress	absolute	lh_7PC	-0.0041984	-0.37914	0.70459	8181
depress	absolute	lh_7PL	0.00087221	0.078765	0.93722	8181
depress	absolute	lh_7Pm	0.0094693	0.85517	0.39248	8181
depress	absolute	lh_7m	0.028194	2.5471	0.010881	8181
depress	absolute	lh_8Ad	0.0063776	0.57594	0.56467	8181
depress	absolute	lh_8Av	-0.0031448	-0.28399	0.77642	8181
depress	absolute	lh_8BL	0.0088696	0.801	0.42316	8181
depress	absolute	lh_8BM	0.0042819	0.38668	0.699	8181
depress	absolute	lh_8C	0.03122	2.8207	0.0048031	8181
depress	absolute	lh_9-46d	0.0084477	0.76289	0.44555	8181
depress	absolute	lh_9a	-0.014323	-1.2936	0.19585	8181
depress	absolute	lh_9m	0.012036	1.087	0.27706	8181
depress	absolute	lh_9p	0.00030553	0.027591	0.97799	8181
depress	absolute	lh_A1	0.025694	2.3211	0.020307	8181
depress	absolute	lh_A4	0.013795	1.2458	0.21286	8181
depress	absolute	lh_A5	0.019474	1.759	0.078623	8181
depress	absolute	lh_AAIC	-0.015415	-1.3922	0.1639	8181
depress	absolute	lh_AIP	0.0024477	0.22104	0.82507	8181
depress	absolute	lh_AVI	0.026857	2.4262	0.01528	8181
depress	absolute	lh_DVT	0.0265	2.394	0.01669	8181
depress	absolute	lh_EC	0.0050988	0.46046	0.6452	8181
depress	absolute	lh_FEF	0.027712	2.5035	0.012317	8181
depress	absolute	lh_FFC	0.016891	1.5256	0.12715	8181
depress	absolute	lh_FOP1	0.020765	1.8756	0.060745	8181
depress	absolute	lh_FOP2	0.024268	2.1922	0.028395	8181
depress	absolute	lh_FOP3	0.02354	2.1263	0.033506	8181
depress	absolute	lh_FOP4	0.025289	2.2844	0.022372	8181
depress	absolute	lh_FOP5	0.032001	2.8913	0.0038465	8181
depress	absolute	lh_FST	0.016472	1.4877	0.13687	8181
depress	absolute	lh_IFJa	0.02603	2.3515	0.018723	8181
depress	absolute	lh_IFJp	0.0010475	0.094597	0.92464	8181
depress	absolute	lh_IFSa	0.01937	1.7496	0.080231	8181
depress	absolute	lh_IFSp	0.023403	2.114	0.034548	8181
depress	absolute	lh_IP0	0.010869	0.98157	0.32634	8181
depress	absolute	lh_IP1	0.016399	1.4811	0.13863	8181
depress	absolute	lh_IP2	0.02191	1.979	0.047846	8181
depress	absolute	lh_IPS1	0.018593	1.6793	0.093125	8181
depress	absolute	lh_Ig	0.016647	1.5035	0.13275	8181
depress	absolute	lh_LBelt	0.016014	1.4464	0.14812	8181
depress	absolute	lh_LIPd	0.010314	0.93145	0.35165	8181
depress	absolute	lh_LIPv	-0.00082066	-0.07411	0.94092	8181
depress	absolute	lh_LO1	0.011681	1.0549	0.29149	8181
depress	absolute	lh_LO2	0.02077	1.8761	0.060681	8181
depress	absolute	lh_LO3	0.026392	2.3841	0.017142	8181
depress	absolute	lh_MBelt	0.031627	2.8575	0.004281	8181
depress	absolute	lh_MI	0.025868	2.3368	0.019475	8181
depress	absolute	lh_MIP	0.0096953	0.87557	0.38129	8181
depress	absolute	lh_MST	0.030628	2.7672	0.0056671	8181
depress	absolute	lh_MT	0.021014	1.8981	0.057714	8181
depress	absolute	lh_OFC	-0.025315	-2.2868	0.022234	8181
depress	absolute	lh_OP1	-0.001367	-0.12345	0.90175	8181
depress	absolute	lh_OP2-3	0.014921	1.3476	0.17784	8181
depress	absolute	lh_OP4	0.028625	2.586	0.0097266	8181
depress	absolute	lh_PBelt	0.021564	1.9478	0.051473	8181
depress	absolute	lh_PCV	0.021681	1.9584	0.050218	8181
depress	absolute	lh_PEF	0.0047105	0.42538	0.67057	8181
depress	absolute	lh_PF	0.025107	2.268	0.023354	8181
depress	absolute	lh_PFcm	0.034145	3.0852	0.0020408	8181
depress	absolute	lh_PFm	0.019581	1.7686	0.077003	8181
depress	absolute	lh_PFop	0.017934	1.6198	0.10532	8181
depress	absolute	lh_PFt	0.011887	1.0735	0.28308	8181
depress	absolute	lh_PGi	0.01774	1.6022	0.10914	8181
depress	absolute	lh_PGp	0.023322	2.1066	0.03518	8181
depress	absolute	lh_PGs	0.010968	0.99054	0.32194	8181
depress	absolute	lh_PH	0.04248	3.8397	0.00012414	8181
depress	absolute	lh_PHA1	0.0099528	0.89883	0.36877	8181
depress	absolute	lh_PHA2	0.021105	1.9063	0.056649	8181
depress	absolute	lh_PHA3	0.026317	2.3773	0.017461	8181
depress	absolute	lh_PHT	0.0032984	0.29787	0.76581	8181
depress	absolute	lh_PI	0.021805	1.9696	0.048923	8181
depress	absolute	lh_PIT	0.017406	1.5721	0.11597	8181
depress	absolute	lh_POS1	0.018022	1.6278	0.10362	8181
depress	absolute	lh_POS2	0.031125	2.8121	0.0049333	8181
depress	absolute	lh_PSL	0.0096785	0.87406	0.38211	8181
depress	absolute	lh_PeEc	0.019326	1.7456	0.080922	8181
depress	absolute	lh_Pir	-0.023685	-2.1395	0.032425	8181
depress	absolute	lh_PoI1	0.02484	2.2438	0.02487	8181
depress	absolute	lh_PoI2	-0.0099331	-0.89705	0.36972	8181
depress	absolute	lh_PreS	0.01632	1.4739	0.14054	8181
depress	absolute	lh_ProS	0.024081	2.1753	0.02964	8181
depress	absolute	lh_RI	0.013468	1.2163	0.2239	8181
depress	absolute	lh_RSC	0.0071381	0.64462	0.51919	8181
depress	absolute	lh_SCEF	0.010386	0.93796	0.34829	8181
depress	absolute	lh_SFL	-0.0057939	-0.52323	0.60083	8181
depress	absolute	lh_STGa	0.022702	2.0506	0.040336	8181
depress	absolute	lh_STSda	0.019602	1.7705	0.076687	8181
depress	absolute	lh_STSdp	0.020689	1.8687	0.0617	8181
depress	absolute	lh_STSva	0.021718	1.9617	0.049832	8181
depress	absolute	lh_STSvp	0.0087315	0.78853	0.43041	8181
depress	absolute	lh_STV	0.0089782	0.81081	0.4175	8181
depress	absolute	lh_TA2	0.033337	3.0122	0.0026015	8181
depress	absolute	lh_TE1a	0.020721	1.8717	0.06129	8181
depress	absolute	lh_TE1m	0.0042696	0.38557	0.69983	8181
depress	absolute	lh_TE1p	-0.0083689	-0.75578	0.4498	8181
depress	absolute	lh_TE2a	0.0089323	0.80667	0.41988	8181
depress	absolute	lh_TE2p	0.019694	1.7788	0.075308	8181
depress	absolute	lh_TF	0.024481	2.2114	0.027035	8181
depress	absolute	lh_TGd	0.020507	1.8523	0.064021	8181
depress	absolute	lh_TGv	0.0090582	0.81804	0.41336	8181
depress	absolute	lh_TPOJ1	0.017355	1.5675	0.11704	8181
depress	absolute	lh_TPOJ2	0.019504	1.7617	0.078162	8181
depress	absolute	lh_TPOJ3	0.028159	2.5439	0.010981	8181
depress	absolute	lh_V1	0.0060221	0.54384	0.58657	8181
depress	absolute	lh_V2	0.0084693	0.76485	0.44438	8181
depress	absolute	lh_V3	0.026416	2.3863	0.017039	8181
depress	absolute	lh_V3A	0.016426	1.4835	0.13798	8181
depress	absolute	lh_V3B	0.0072522	0.65493	0.51253	8181
depress	absolute	lh_V3CD	0.031857	2.8783	0.0040089	8181
depress	absolute	lh_V4	0.021955	1.9831	0.047388	8181
depress	absolute	lh_V4t	0.012454	1.1247	0.26074	8181
depress	absolute	lh_V6	0.041137	3.718	0.00020213	8181
depress	absolute	lh_V6A	0.011377	1.0275	0.30422	8181
depress	absolute	lh_V7	0.027024	2.4413	0.014657	8181
depress	absolute	lh_V8	0.0020617	0.18618	0.85231	8181
depress	absolute	lh_VIP	-0.0023344	-0.21081	0.83304	8181
depress	absolute	lh_VMV1	0.038917	3.5171	0.00043872	8181
depress	absolute	lh_VMV2	0.0071077	0.64188	0.52097	8181
depress	absolute	lh_VMV3	0.034772	3.1419	0.0016843	8181
depress	absolute	lh_VVC	0.044409	4.0143	6.0155e-05	8181
depress	absolute	lh_a10p	0.010951	0.989	0.32269	8181
depress	absolute	lh_a24	0.010744	0.97034	0.33191	8181
depress	absolute	lh_a24pr	0.018779	1.6961	0.089898	8181
depress	absolute	lh_a32pr	0.012637	1.1412	0.25381	8181
depress	absolute	lh_a47r	0.0063314	0.57177	0.56749	8181
depress	absolute	lh_a9-46v	0.020978	1.8949	0.058148	8181
depress	absolute	lh_d23ab	0.019848	1.7927	0.073053	8181
depress	absolute	lh_d32	0.017297	1.5623	0.11826	8181
depress	absolute	lh_i6-8	0.011102	1.0026	0.31607	8181
depress	absolute	lh_p10p	0.0060597	0.54723	0.58423	8181
depress	absolute	lh_p24	0.0025129	0.22693	0.82048	8181
depress	absolute	lh_p24pr	0.037506	3.3894	0.00070387	8181
depress	absolute	lh_p32	-0.0017547	-0.15846	0.8741	8181
depress	absolute	lh_p32pr	0.013331	1.204	0.22863	8181
depress	absolute	lh_p47r	0.015904	1.4364	0.15092	8181
depress	absolute	lh_p9-46v	0.020506	1.8522	0.064029	8181
depress	absolute	lh_pOFC	-0.018456	-1.667	0.095561	8181
depress	absolute	lh_s32	0.0091545	0.82673	0.40841	8181
depress	absolute	lh_s6-8	0.0016491	0.14892	0.88162	8181
depress	absolute	lh_v23ab	0.024942	2.2531	0.02428	8181
depress	relative	lh_1	-0.00077419	-0.069909	0.94427	8181
depress	relative	lh_10d	-0.012654	-1.1427	0.25319	8181
depress	relative	lh_10pp	-0.017036	-1.5386	0.12395	8181
depress	relative	lh_10r	-0.014251	-1.287	0.19813	8181
depress	relative	lh_10v	-0.010007	-0.90366	0.36621	8181
depress	relative	lh_11l	-0.023398	-2.1135	0.034592	8181
depress	relative	lh_13l	-0.0093709	-0.84622	0.39745	8181
depress	relative	lh_2	0.017509	1.5813	0.11386	8181
depress	relative	lh_23c	-0.011917	-1.0762	0.28188	8181
depress	relative	lh_23d	-0.020774	-1.8763	0.060646	8181
depress	relative	lh_24dd	0.024646	2.2262	0.026027	8181
depress	relative	lh_24dv	0.024338	2.1984	0.027949	8181
depress	relative	lh_25	-0.016187	-1.4619	0.14382	8181
depress	relative	lh_31a	-0.0041066	-0.37083	0.71077	8181
depress	relative	lh_31pd	-0.010121	-0.91395	0.36077	8181
depress	relative	lh_31pv	0.0061904	0.559	0.57618	8181
depress	relative	lh_33pr	-0.011835	-1.0688	0.2852	8181
depress	relative	lh_3a	-0.0013587	-0.12269	0.90235	8181
depress	relative	lh_3b	0.007649	0.69072	0.48976	8181
depress	relative	lh_4	-0.0028966	-0.26156	0.79366	8181
depress	relative	lh_43	-8.4278e-05	-0.0076103	0.99393	8181
depress	relative	lh_44	-0.0038642	-0.34893	0.72715	8181
depress	relative	lh_45	0.032353	2.923	0.0034764	8181
depress	relative	lh_46	-0.0031134	-0.28114	0.77861	8181
depress	relative	lh_47l	-0.01106	-0.99874	0.31795	8181
depress	relative	lh_47m	-0.0053011	-0.4787	0.63217	8181
depress	relative	lh_47s	0.0079977	0.72221	0.47019	8181
depress	relative	lh_52	0.032309	2.919	0.0035208	8181
depress	relative	lh_55b	0.00065522	0.059166	0.95282	8181
depress	relative	lh_5L	-0.0058102	-0.52466	0.59983	8181
depress	relative	lh_5m	0.026612	2.4039	0.016244	8181
depress	relative	lh_5mv	0.016255	1.468	0.14215	8181
depress	relative	lh_6a	-0.0098659	-0.89093	0.37299	8181
depress	relative	lh_6d	-0.010822	-0.97726	0.32847	8181
depress	relative	lh_6ma	-0.022951	-2.073	0.038204	8181
depress	relative	lh_6mp	-0.0057505	-0.51927	0.60359	8181
depress	relative	lh_6r	0.010505	0.94863	0.34284	8181
depress	relative	lh_6v	-0.0040336	-0.36423	0.71569	8181
depress	relative	lh_7AL	0.0017076	0.15419	0.87746	8181
depress	relative	lh_7Am	-0.021729	-1.9626	0.049732	8181
depress	relative	lh_7PC	-0.02244	-2.0269	0.042708	8181
depress	relative	lh_7PL	-0.014474	-1.3071	0.1912	8181
depress	relative	lh_7Pm	-0.0034088	-0.30782	0.75823	8181
depress	relative	lh_7m	0.014003	1.2646	0.20607	8181
depress	relative	lh_8Ad	-0.012318	-1.1124	0.266	8181
depress	relative	lh_8Av	-0.014644	-1.3225	0.18604	8181
depress	relative	lh_8BL	-0.0052621	-0.47517	0.63468	8181
depress	relative	lh_8BM	-0.011823	-1.0677	0.28568	8181
depress	relative	lh_8C	0.016703	1.5085	0.13148	8181
depress	relative	lh_9-46d	-0.0089954	-0.81232	0.41663	8181
depress	relative	lh_9a	-0.030765	-2.7794	0.0054592	8181
depress	relative	lh_9m	-0.0038241	-0.34532	0.72987	8181
depress	relative	lh_9p	-0.016423	-1.4832	0.13807	8181
depress	relative	lh_A1	0.013871	1.2527	0.21036	8181
depress	relative	lh_A4	-0.0039594	-0.35754	0.7207	8181
depress	relative	lh_A5	0.0036555	0.33009	0.74134	8181
depress	relative	lh_AAIC	-0.018728	-1.6914	0.090794	8181
depress	relative	lh_AIP	-0.017466	-1.5774	0.11475	8181
depress	relative	lh_AVI	0.017121	1.5463	0.12208	8181
depress	relative	lh_DVT	0.011689	1.0556	0.29117	8181
depress	relative	lh_EC	0.0017149	0.15485	0.87694	8181
depress	relative	lh_FEF	0.015467	1.3968	0.16252	8181
depress	relative	lh_FFC	0.00057325	0.051764	0.95872	8181
depress	relative	lh_FOP1	0.010977	0.99124	0.3216	8181
depress	relative	lh_FOP2	0.015196	1.3724	0.16998	8181
depress	relative	lh_FOP3	0.015274	1.3794	0.16782	8181
depress	relative	lh_FOP4	0.014424	1.3026	0.19274	8181
depress	relative	lh_FOP5	0.021552	1.9466	0.051622	8181
depress	relative	lh_FST	0.0015964	0.14416	0.88538	8181
depress	relative	lh_IFJa	0.014377	1.2983	0.19421	8181
depress	relative	lh_IFJp	-0.0099542	-0.8989	0.36873	8181
depress	relative	lh_IFSa	0.0037541	0.339	0.73462	8181
depress	relative	lh_IFSp	0.0095401	0.8615	0.38899	8181
depress	relative	lh_IP0	-0.0056108	-0.50666	0.6124	8181
depress	relative	lh_IP1	-0.0012227	-0.11041	0.91209	8181
depress	relative	lh_IP2	0.0067798	0.61223	0.5404	8181
depress	relative	lh_IPS1	0.0035446	0.32008	0.74892	8181
depress	relative	lh_Ig	0.0064215	0.57987	0.56202	8181
depress	relative	lh_LBelt	0.0034784	0.3141	0.75345	8181
depress	relative	lh_LIPd	-0.0045883	-0.41432	0.67865	8181
depress	relative	lh_LIPv	-0.016531	-1.4929	0.13549	8181
depress	relative	lh_LO1	-0.0026754	-0.24159	0.8091	8181
depress	relative	lh_LO2	0.0078548	0.70931	0.47815	8181
depress	relative	lh_LO3	0.013253	1.1968	0.23141	8181
depress	relative	lh_MBelt	0.020082	1.8138	0.069747	8181
depress	relative	lh_MI	0.016574	1.4969	0.13447	8181
depress	relative	lh_MIP	-0.0070649	-0.63797	0.52351	8181
depress	relative	lh_MST	0.018068	1.6318	0.10276	8181
depress	relative	lh_MT	0.0067668	0.61105	0.54118	8181
depress	relative	lh_OFC	-0.034548	-3.1215	0.0018054	8181
depress	relative	lh_OP1	-0.012653	-1.1427	0.2532	8181
depress	relative	lh_OP2-3	0.0048641	0.43923	0.66051	8181
depress	relative	lh_OP4	0.015306	1.3823	0.16692	8181
depress	relative	lh_PBelt	0.0075375	0.68065	0.49611	8181
depress	relative	lh_PCV	0.0061718	0.55732	0.57732	8181
depress	relative	lh_PEF	-0.0063381	-0.57234	0.56711	8181
depress	relative	lh_PF	0.010373	0.9367	0.34894	8181
depress	relative	lh_PFcm	0.021803	1.9692	0.048958	8181
depress	relative	lh_PFm	0.0011216	0.10128	0.91933	8181
depress	relative	lh_PFop	0.0055295	0.49932	0.61757	8181
depress	relative	lh_PFt	-0.0025757	-0.23258	0.81609	8181
depress	relative	lh_PGi	-0.0021308	-0.19241	0.84742	8181
depress	relative	lh_PGp	0.0089459	0.80784	0.41921	8181
depress	relative	lh_PGs	-0.0075058	-0.67779	0.49792	8181
depress	relative	lh_PH	0.03037	2.7436	0.0060894	8181
depress	relative	lh_PHA1	0.0041968	0.37897	0.70472	8181
depress	relative	lh_PHA2	0.012042	1.0875	0.27685	8181
depress	relative	lh_PHA3	0.016297	1.4718	0.14111	8181
depress	relative	lh_PHT	-0.014392	-1.2997	0.19374	8181
depress	relative	lh_PI	0.012455	1.1247	0.26074	8181
depress	relative	lh_PIT	0.0044316	0.40018	0.68904	8181
depress	relative	lh_POS1	0.0040064	0.36178	0.71753	8181
depress	relative	lh_POS2	0.01572	1.4197	0.15575	8181
depress	relative	lh_PSL	-0.0046889	-0.42341	0.672	8181
depress	relative	lh_PeEc	0.010742	0.9701	0.33203	8181
depress	relative	lh_Pir	-0.028064	-2.5351	0.011259	8181
depress	relative	lh_PoI1	0.018844	1.7019	0.088817	8181
depress	relative	lh_PoI2	-0.016307	-1.4727	0.14086	8181
depress	relative	lh_PreS	0.014258	1.2877	0.1979	8181
depress	relative	lh_ProS	0.016788	1.5162	0.12951	8181
depress	relative	lh_RI	-0.00067557	-0.061003	0.95136	8181
depress	relative	lh_RSC	0.0023616	0.21326	0.83113	8181
depress	relative	lh_SCEF	-0.0051826	-0.46799	0.6398	8181
depress	relative	lh_SFL	-0.01846	-1.6672	0.095518	8181
depress	relative	lh_STGa	0.012013	1.0848	0.27804	8181
depress	relative	lh_STSda	0.0049766	0.44939	0.65316	8181
depress	relative	lh_STSdp	0.0053668	0.48462	0.62796	8181
depress	relative	lh_STSva	0.0090754	0.81954	0.4125	8181
depress	relative	lh_STSvp	-0.0071866	-0.64896	0.51638	8181
depress	relative	lh_STV	-0.006874	-0.62074	0.53479	8181
depress	relative	lh_TA2	0.024284	2.1935	0.028299	8181
depress	relative	lh_TE1a	0.0080982	0.73129	0.46462	8181
depress	relative	lh_TE1m	-0.0087859	-0.79339	0.42757	8181
depress	relative	lh_TE1p	-0.025214	-2.2775	0.022782	8181
depress	relative	lh_TE2a	-0.0072661	-0.65615	0.51175	8181
depress	relative	lh_TE2p	0.0072153	0.65155	0.51471	8181
depress	relative	lh_TF	0.013506	1.2197	0.22261	8181
depress	relative	lh_TGd	0.010293	0.92954	0.35264	8181
depress	relative	lh_TGv	-0.002359	-0.21302	0.83132	8181
depress	relative	lh_TPOJ1	-0.00069135	-0.062428	0.95022	8181
depress	relative	lh_TPOJ2	0.0028563	0.25793	0.79647	8181
depress	relative	lh_TPOJ3	0.014389	1.2995	0.19382	8181
depress	relative	lh_V1	-0.003054	-0.27578	0.78273	8181
depress	relative	lh_V2	-0.008436	-0.76179	0.44621	8181
depress	relative	lh_V3	0.012937	1.1683	0.24272	8181
depress	relative	lh_V3A	-0.00026465	-0.023897	0.98094	8181
depress	relative	lh_V3B	-0.0075791	-0.68441	0.49373	8181
depress	relative	lh_V3CD	0.019317	1.7447	0.081081	8181
depress	relative	lh_V4	0.0040045	0.36161	0.71766	8181
depress	relative	lh_V4t	-0.0013582	-0.12265	0.90239	8181
depress	relative	lh_V6	0.028947	2.615	0.0089402	8181
depress	relative	lh_V6A	-0.0017967	-0.16224	0.87112	8181
depress	relative	lh_V7	0.013717	1.2387	0.21549	8181
depress	relative	lh_V8	-0.014109	-1.2742	0.20264	8181
depress	relative	lh_VIP	-0.017963	-1.6223	0.10477	8181
depress	relative	lh_VMV1	0.030791	2.7817	0.0054191	8181
depress	relative	lh_VMV2	-0.0043873	-0.39617	0.69199	8181
depress	relative	lh_VMV3	0.024042	2.1716	0.029911	8181
depress	relative	lh_VVC	0.03544	3.2022	0.0013691	8181
depress	relative	lh_a10p	-0.00087478	-0.078992	0.93704	8181
depress	relative	lh_a24	0.0014096	0.12729	0.89872	8181
depress	relative	lh_a24pr	0.0087287	0.78822	0.43059	8181
depress	relative	lh_a32pr	0.00024947	0.022527	0.98203	8181
depress	relative	lh_a47r	-0.011169	-1.0086	0.31321	8181
depress	relative	lh_a9-46v	0.0066984	0.60488	0.54528	8181
depress	relative	lh_d23ab	0.0086366	0.77991	0.43547	8181
depress	relative	lh_d32	0.0036745	0.33181	0.74004	8181
depress	relative	lh_i6-8	-0.0029601	-0.2673	0.78924	8181
depress	relative	lh_p10p	-0.0080156	-0.72383	0.46919	8181
depress	relative	lh_p24	-0.0067722	-0.61154	0.54086	8181
depress	relative	lh_p24pr	0.028273	2.5541	0.010665	8181
depress	relative	lh_p32	-0.014789	-1.3356	0.18173	8181
depress	relative	lh_p32pr	-0.00039257	-0.035449	0.97172	8181
depress	relative	lh_p47r	0.0025663	0.23174	0.81675	8181
depress	relative	lh_p9-46v	0.0049569	0.44761	0.65445	8181
depress	relative	lh_pOFC	-0.023283	-2.103	0.035493	8181
depress	relative	lh_s32	0.0011949	0.1079	0.91408	8181
depress	relative	lh_s6-8	-0.01201	-1.0846	0.27814	8181
depress	relative	lh_v23ab	0.01419	1.2815	0.20006	8181
depress	absolute_ct	lh_1	-0.010965	-0.99019	0.32211	8181
depress	absolute_ct	lh_10d	0.015878	1.4339	0.15163	8181
depress	absolute_ct	lh_10pp	-0.0080025	-0.72264	0.46992	8181
depress	absolute_ct	lh_10r	-0.0013301	-0.12011	0.9044	8181
depress	absolute_ct	lh_10v	0.0079416	0.71714	0.47331	8181
depress	absolute_ct	lh_11l	-0.0057584	-0.51998	0.60309	8181
depress	absolute_ct	lh_13l	0.016594	1.4987	0.134	8181
depress	absolute_ct	lh_2	0.026921	2.4318	0.015044	8181
depress	absolute_ct	lh_23c	0.003381	0.3053	0.76014	8181
depress	absolute_ct	lh_23d	-0.01177	-1.0629	0.28785	8181
depress	absolute_ct	lh_24dd	0.032982	2.9799	0.0028917	8181
depress	absolute_ct	lh_24dv	0.048857	4.4171	1.0133e-05	8181
depress	absolute_ct	lh_25	-0.0075164	-0.67875	0.49732	8181
depress	absolute_ct	lh_31a	0.0023855	0.21541	0.82945	8181
depress	absolute_ct	lh_31pd	0.0011696	0.10561	0.91589	8181
depress	absolute_ct	lh_31pv	0.0025093	0.22659	0.82075	8181
depress	absolute_ct	lh_33pr	0.0069202	0.62491	0.53205	8181
depress	absolute_ct	lh_3a	0.015454	1.3957	0.16285	8181
depress	absolute_ct	lh_3b	-0.015678	-1.4159	0.15685	8181
depress	absolute_ct	lh_4	0.0037305	0.33687	0.73623	8181
depress	absolute_ct	lh_43	0.016989	1.5343	0.12499	8181
depress	absolute_ct	lh_44	0.015878	1.434	0.15162	8181
depress	absolute_ct	lh_45	0.045464	4.1096	4.0016e-05	8181
depress	absolute_ct	lh_46	0.0091608	0.82725	0.40812	8181
depress	absolute_ct	lh_47l	-0.0042464	-0.38345	0.7014	8181
depress	absolute_ct	lh_47m	0.012935	1.1681	0.2428	8181
depress	absolute_ct	lh_47s	0.0012593	0.11372	0.90947	8181
depress	absolute_ct	lh_52	0.039258	3.5477	0.00039073	8181
depress	absolute_ct	lh_55b	0.016718	1.5098	0.13112	8181
depress	absolute_ct	lh_5L	-0.013235	-1.1953	0.23202	8181
depress	absolute_ct	lh_5m	0.014484	1.308	0.1909	8181
depress	absolute_ct	lh_5mv	0.025261	2.2818	0.022528	8181
depress	absolute_ct	lh_6a	0.0057673	0.52079	0.60253	8181
depress	absolute_ct	lh_6d	-0.0022592	-0.20401	0.83835	8181
depress	absolute_ct	lh_6ma	-0.010073	-0.90959	0.36306	8181
depress	absolute_ct	lh_6mp	0.0091296	0.82444	0.40972	8181
depress	absolute_ct	lh_6r	0.027237	2.4604	0.013898	8181
depress	absolute_ct	lh_6v	0.014351	1.296	0.19501	8181
depress	absolute_ct	lh_7AL	-0.0001004	-0.0090658	0.99277	8181
depress	absolute_ct	lh_7Am	0.0035847	0.3237	0.74617	8181
depress	absolute_ct	lh_7PC	0.0022598	0.20406	0.83831	8181
depress	absolute_ct	lh_7PL	0.0038216	0.34509	0.73003	8181
depress	absolute_ct	lh_7Pm	0.0080063	0.72299	0.46971	8181
depress	absolute_ct	lh_7m	0.015746	1.4221	0.15505	8181
depress	absolute_ct	lh_8Ad	0.0010567	0.095416	0.92399	8181
depress	absolute_ct	lh_8Av	-0.025365	-2.2912	0.021979	8181
depress	absolute_ct	lh_8BL	0.0066409	0.59968	0.54874	8181
depress	absolute_ct	lh_8BM	0.019117	1.7265	0.084287	8181
depress	absolute_ct	lh_8C	0.027624	2.4953	0.012603	8181
depress	absolute_ct	lh_9-46d	0.0023878	0.21562	0.82929	8181
depress	absolute_ct	lh_9a	-0.0021767	-0.19655	0.84418	8181
depress	absolute_ct	lh_9m	0.013862	1.2518	0.21068	8181
depress	absolute_ct	lh_9p	0.0042668	0.3853	0.70003	8181
depress	absolute_ct	lh_A1	0.0094065	0.84944	0.39566	8181
depress	absolute_ct	lh_A4	0.0070921	0.64043	0.52191	8181
depress	absolute_ct	lh_A5	0.018327	1.6552	0.097929	8181
depress	absolute_ct	lh_AAIC	-0.019352	-1.7478	0.080532	8181
depress	absolute_ct	lh_AIP	-0.0028674	-0.25892	0.7957	8181
depress	absolute_ct	lh_AVI	0.017002	1.5355	0.1247	8181
depress	absolute_ct	lh_DVT	0.030716	2.7749	0.0055339	8181
depress	absolute_ct	lh_EC	0.00032993	0.029792	0.97623	8181
depress	absolute_ct	lh_FEF	0.020681	1.8679	0.061808	8181
depress	absolute_ct	lh_FFC	0.02748	2.4824	0.01307	8181
depress	absolute_ct	lh_FOP1	0.015674	1.4155	0.15695	8181
depress	absolute_ct	lh_FOP2	0.030554	2.7603	0.0057883	8181
depress	absolute_ct	lh_FOP3	0.020659	1.8659	0.062087	8181
depress	absolute_ct	lh_FOP4	0.019576	1.768	0.077094	8181
depress	absolute_ct	lh_FOP5	0.030304	2.7377	0.0061998	8181
depress	absolute_ct	lh_FST	0.0093304	0.84257	0.39949	8181
depress	absolute_ct	lh_IFJa	0.031868	2.8792	0.0039976	8181
depress	absolute_ct	lh_IFJp	0.010621	0.95915	0.33751	8181
depress	absolute_ct	lh_IFSa	0.015946	1.4401	0.14988	8181
depress	absolute_ct	lh_IFSp	0.036798	3.3251	0.00088776	8181
depress	absolute_ct	lh_IP0	-0.0026496	-0.23926	0.81091	8181
depress	absolute_ct	lh_IP1	0.0029731	0.26847	0.78834	8181
depress	absolute_ct	lh_IP2	0.01206	1.0891	0.27613	8181
depress	absolute_ct	lh_IPS1	0.015564	1.4056	0.15987	8181
depress	absolute_ct	lh_Ig	0.012345	1.1148	0.26495	8181
depress	absolute_ct	lh_LBelt	0.010645	0.96133	0.33642	8181
depress	absolute_ct	lh_LIPd	0.0092589	0.83611	0.40312	8181
depress	absolute_ct	lh_LIPv	-0.0068499	-0.61856	0.53622	8181
depress	absolute_ct	lh_LO1	0.014915	1.347	0.17803	8181
depress	absolute_ct	lh_LO2	0.0066938	0.60446	0.54555	8181
depress	absolute_ct	lh_LO3	0.03644	3.2927	0.00099638	8181
depress	absolute_ct	lh_MBelt	0.02447	2.2103	0.027111	8181
depress	absolute_ct	lh_MI	0.026007	2.3492	0.018838	8181
depress	absolute_ct	lh_MIP	0.0096663	0.8729	0.38274	8181
depress	absolute_ct	lh_MST	0.026385	2.3834	0.017175	8181
depress	absolute_ct	lh_MT	0.018008	1.6264	0.10391	8181
depress	absolute_ct	lh_OFC	-0.016175	-1.4608	0.14412	8181
depress	absolute_ct	lh_OP1	-0.0046339	-0.41844	0.67564	8181
depress	absolute_ct	lh_OP2-3	0.01899	1.7151	0.086371	8181
depress	absolute_ct	lh_OP4	0.020815	1.88	0.060141	8181
depress	absolute_ct	lh_PBelt	0.021157	1.9109	0.056049	8181
depress	absolute_ct	lh_PCV	0.0088935	0.80311	0.42194	8181
depress	absolute_ct	lh_PEF	0.0058975	0.53255	0.59436	8181
depress	absolute_ct	lh_PF	0.028973	2.6173	0.008879	8181
depress	absolute_ct	lh_PFcm	0.036767	3.3223	0.0008967	8181
depress	absolute_ct	lh_PFm	0.014249	1.2868	0.19819	8181
depress	absolute_ct	lh_PFop	0.01534	1.3854	0.16598	8181
depress	absolute_ct	lh_PFt	0.010288	0.92903	0.3529	8181
depress	absolute_ct	lh_PGi	0.01503	1.3574	0.1747	8181
depress	absolute_ct	lh_PGp	0.023028	2.0799	0.037562	8181
depress	absolute_ct	lh_PGs	0.015661	1.4144	0.15729	8181
depress	absolute_ct	lh_PH	0.033459	3.0231	0.0025101	8181
depress	absolute_ct	lh_PHA1	0.0085469	0.77181	0.44025	8181
depress	absolute_ct	lh_PHA2	0.028681	2.5909	0.0095891	8181
depress	absolute_ct	lh_PHA3	0.026478	2.3918	0.016787	8181
depress	absolute_ct	lh_PHT	0.0098047	0.8854	0.37597	8181
depress	absolute_ct	lh_PI	0.025348	2.2896	0.022067	8181
depress	absolute_ct	lh_PIT	0.012027	1.0861	0.27745	8181
depress	absolute_ct	lh_POS1	0.0096065	0.8675	0.38569	8181
depress	absolute_ct	lh_POS2	0.027403	2.4754	0.013329	8181
depress	absolute_ct	lh_PSL	0.027362	2.4717	0.013467	8181
depress	absolute_ct	lh_PeEc	0.01611	1.4549	0.14573	8181
depress	absolute_ct	lh_Pir	-0.0031489	-0.28434	0.77615	8181
depress	absolute_ct	lh_PoI1	0.027771	2.5087	0.012138	8181
depress	absolute_ct	lh_PoI2	0.00025145	0.022706	0.98189	8181
depress	absolute_ct	lh_PreS	0.032336	2.9215	0.0034933	8181
depress	absolute_ct	lh_ProS	0.014192	1.2817	0.2	8181
depress	absolute_ct	lh_RI	0.016974	1.5329	0.12533	8181
depress	absolute_ct	lh_RSC	-0.0090354	-0.81592	0.41457	8181
depress	absolute_ct	lh_SCEF	0.010362	0.93574	0.34944	8181
depress	absolute_ct	lh_SFL	-0.00034383	-0.031048	0.97523	8181
depress	absolute_ct	lh_STGa	0.040278	3.6401	0.00027424	8181
depress	absolute_ct	lh_STSda	0.026432	2.3877	0.016978	8181
depress	absolute_ct	lh_STSdp	0.027432	2.478	0.013232	8181
depress	absolute_ct	lh_STSva	0.016032	1.4478	0.1477	8181
depress	absolute_ct	lh_STSvp	0.0076327	0.68925	0.49069	8181
depress	absolute_ct	lh_STV	0.013059	1.1793	0.23831	8181
depress	absolute_ct	lh_TA2	0.027571	2.4906	0.012772	8181
depress	absolute_ct	lh_TE1a	0.019311	1.7441	0.081183	8181
depress	absolute_ct	lh_TE1m	-0.00074838	-0.067578	0.94612	8181
depress	absolute_ct	lh_TE1p	0.0061627	0.5565	0.57789	8181
depress	absolute_ct	lh_TE2a	0.011339	1.024	0.30588	8181
depress	absolute_ct	lh_TE2p	0.0149	1.3456	0.17846	8181
depress	absolute_ct	lh_TF	0.024922	2.2511	0.024405	8181
depress	absolute_ct	lh_TGd	0.018638	1.6833	0.092353	8181
depress	absolute_ct	lh_TGv	0.014927	1.348	0.17769	8181
depress	absolute_ct	lh_TPOJ1	0.01762	1.5913	0.11158	8181
depress	absolute_ct	lh_TPOJ2	0.02446	2.2094	0.027173	8181
depress	absolute_ct	lh_TPOJ3	0.025446	2.2986	0.021556	8181
depress	absolute_ct	lh_V1	-0.0020194	-0.18235	0.85531	8181
depress	absolute_ct	lh_V2	-6.7633e-05	-0.0061073	0.99513	8181
depress	absolute_ct	lh_V3	0.023923	2.1609	0.030733	8181
depress	absolute_ct	lh_V3A	0.014523	1.3115	0.18971	8181
depress	absolute_ct	lh_V3B	0.0041389	0.37375	0.7086	8181
depress	absolute_ct	lh_V3CD	0.017009	1.5361	0.12454	8181
depress	absolute_ct	lh_V4	0.010807	0.97593	0.32913	8181
depress	absolute_ct	lh_V4t	0.0098633	0.89069	0.37312	8181
depress	absolute_ct	lh_V6	0.035524	3.2098	0.0013335	8181
depress	absolute_ct	lh_V6A	0.0067254	0.60732	0.54366	8181
depress	absolute_ct	lh_V7	0.018125	1.637	0.10168	8181
depress	absolute_ct	lh_V8	0.015009	1.3555	0.17531	8181
depress	absolute_ct	lh_VIP	-0.008069	-0.72865	0.46624	8181
depress	absolute_ct	lh_VMV1	0.015742	1.4217	0.15516	8181
depress	absolute_ct	lh_VMV2	0.026631	2.4057	0.016166	8181
depress	absolute_ct	lh_VMV3	0.026219	2.3683	0.017891	8181
depress	absolute_ct	lh_VVC	0.040947	3.7006	0.0002165	8181
depress	absolute_ct	lh_a10p	0.00039453	0.035626	0.97158	8181
depress	absolute_ct	lh_a24	0.024327	2.1973	0.028025	8181
depress	absolute_ct	lh_a24pr	0.010644	0.96124	0.33646	8181
depress	absolute_ct	lh_a32pr	0.026865	2.4268	0.015256	8181
depress	absolute_ct	lh_a47r	0.00077038	0.069565	0.94454	8181
depress	absolute_ct	lh_a9-46v	0.017773	1.6051	0.10851	8181
depress	absolute_ct	lh_d23ab	-0.0024774	-0.22371	0.82299	8181
depress	absolute_ct	lh_d32	0.017848	1.6119	0.10702	8181
depress	absolute_ct	lh_i6-8	0.014092	1.2726	0.20319	8181
depress	absolute_ct	lh_p10p	0.0067395	0.60859	0.54281	8181
depress	absolute_ct	lh_p24	0.012095	1.0923	0.27474	8181
depress	absolute_ct	lh_p24pr	0.031095	2.8092	0.0049782	8181
depress	absolute_ct	lh_p32	-0.003185	-0.2876	0.77366	8181
depress	absolute_ct	lh_p32pr	0.021824	1.9712	0.048736	8181
depress	absolute_ct	lh_p47r	0.0068953	0.62266	0.53353	8181
depress	absolute_ct	lh_p9-46v	0.016479	1.4882	0.13673	8181
depress	absolute_ct	lh_pOFC	-0.017401	-1.5715	0.1161	8181
depress	absolute_ct	lh_s32	0.015546	1.404	0.16037	8181
depress	absolute_ct	lh_s6-8	-0.012053	-1.0885	0.27642	8181
depress	absolute_ct	lh_v23ab	0.002059	0.18592	0.85251	8181
depress	relative_ct	lh_1	-0.019705	-1.7796	0.075176	8181
depress	relative_ct	lh_10d	0.0075743	0.68394	0.49403	8181
depress	relative_ct	lh_10pp	-0.013963	-1.2609	0.20739	8181
depress	relative_ct	lh_10r	-0.0085359	-0.77077	0.44087	8181
depress	relative_ct	lh_10v	0.0013865	0.12519	0.90038	8181
depress	relative_ct	lh_11l	-0.014692	-1.3267	0.18464	8181
depress	relative_ct	lh_13l	0.0059303	0.53548	0.59233	8181
depress	relative_ct	lh_2	0.017233	1.5563	0.11968	8181
depress	relative_ct	lh_23c	-0.0099252	-0.89623	0.37016	8181
depress	relative_ct	lh_23d	-0.016721	-1.51	0.13108	8181
depress	relative_ct	lh_24dd	0.024059	2.173	0.02981	8181
depress	relative_ct	lh_24dv	0.040154	3.6286	0.00028667	8181
depress	relative_ct	lh_25	-0.0092802	-0.83798	0.40207	8181
depress	relative_ct	lh_31a	-0.0065014	-0.58705	0.55719	8181
depress	relative_ct	lh_31pd	-0.0098205	-0.88677	0.37523	8181
depress	relative_ct	lh_31pv	-0.004783	-0.43188	0.66584	8181
depress	relative_ct	lh_33pr	0.0043609	0.39377	0.69376	8181
depress	relative_ct	lh_3a	0.0080425	0.72621	0.46773	8181
depress	relative_ct	lh_3b	-0.017153	-1.5491	0.12141	8181
depress	relative_ct	lh_4	-0.0044987	-0.40621	0.6846	8181
depress	relative_ct	lh_43	0.0081636	0.73714	0.46106	8181
depress	relative_ct	lh_44	0.005145	0.46457	0.64225	8181
depress	relative_ct	lh_45	0.037245	3.3653	0.00076805	8181
depress	relative_ct	lh_46	-0.0033547	-0.30292	0.76196	8181
depress	relative_ct	lh_47l	-0.014258	-1.2875	0.19794	8181
depress	relative_ct	lh_47m	0.0042972	0.38801	0.69802	8181
depress	relative_ct	lh_47s	-0.0033273	-0.30043	0.76385	8181
depress	relative_ct	lh_52	0.0324	2.927	0.0034316	8181
depress	relative_ct	lh_55b	0.0088415	0.79836	0.42468	8181
depress	relative_ct	lh_5L	-0.021239	-1.9182	0.055118	8181
depress	relative_ct	lh_5m	0.0089944	0.81218	0.41671	8181
depress	relative_ct	lh_5mv	0.015281	1.3799	0.16765	8181
depress	relative_ct	lh_6a	-0.0079969	-0.72209	0.47026	8181
depress	relative_ct	lh_6d	-0.010557	-0.95328	0.34047	8181
depress	relative_ct	lh_6ma	-0.018508	-1.6714	0.094678	8181
depress	relative_ct	lh_6mp	-0.0012246	-0.11057	0.91196	8181
depress	relative_ct	lh_6r	0.016523	1.4921	0.1357	8181
depress	relative_ct	lh_6v	0.0064894	0.58597	0.55791	8181
depress	relative_ct	lh_7AL	-0.0080985	-0.73127	0.46464	8181
depress	relative_ct	lh_7Am	-0.010171	-0.91841	0.35843	8181
depress	relative_ct	lh_7PC	-0.010104	-0.91237	0.3616	8181
depress	relative_ct	lh_7PL	-0.0090561	-0.81774	0.41353	8181
depress	relative_ct	lh_7Pm	-0.0025953	-0.23434	0.81473	8181
depress	relative_ct	lh_7m	0.0071242	0.64329	0.52006	8181
depress	relative_ct	lh_8Ad	-0.012436	-1.123	0.26146	8181
depress	relative_ct	lh_8Av	-0.021773	-1.9665	0.04928	8181
depress	relative_ct	lh_8BL	-0.0014399	-0.13002	0.89656	8181
depress	relative_ct	lh_8BM	0.0077734	0.70191	0.48276	8181
depress	relative_ct	lh_8C	0.017139	1.5478	0.12171	8181
depress	relative_ct	lh_9-46d	-0.0091024	-0.82192	0.41114	8181
depress	relative_ct	lh_9a	-0.013315	-1.2024	0.22925	8181
depress	relative_ct	lh_9m	0.0034869	0.31485	0.75289	8181
depress	relative_ct	lh_9p	-0.0071875	-0.64901	0.51635	8181
depress	relative_ct	lh_A1	0.0038299	0.34582	0.72949	8181
depress	relative_ct	lh_A4	-0.0040286	-0.36376	0.71605	8181
depress	relative_ct	lh_A5	0.0087387	0.78908	0.43009	8181
depress	relative_ct	lh_AAIC	-0.020241	-1.828	0.067583	8181
depress	relative_ct	lh_AIP	-0.017102	-1.5445	0.12252	8181
depress	relative_ct	lh_AVI	0.011662	1.053	0.29235	8181
depress	relative_ct	lh_DVT	0.019134	1.728	0.084028	8181
depress	relative_ct	lh_EC	-0.0014946	-0.13495	0.89265	8181
depress	relative_ct	lh_FEF	0.012714	1.1481	0.25096	8181
depress	relative_ct	lh_FFC	0.012609	1.1386	0.25491	8181
depress	relative_ct	lh_FOP1	0.010311	0.93108	0.35184	8181
depress	relative_ct	lh_FOP2	0.025097	2.2669	0.023425	8181
depress	relative_ct	lh_FOP3	0.017801	1.6075	0.10797	8181
depress	relative_ct	lh_FOP4	0.013867	1.2522	0.21053	8181
depress	relative_ct	lh_FOP5	0.023433	2.1164	0.034341	8181
depress	relative_ct	lh_FST	-0.0019215	-0.1735	0.86226	8181
depress	relative_ct	lh_IFJa	0.022565	2.038	0.041586	8181
depress	relative_ct	lh_IFJp	0.0035579	0.32126	0.74802	8181
depress	relative_ct	lh_IFSa	0.0057892	0.52274	0.60117	8181
depress	relative_ct	lh_IFSp	0.026121	2.3594	0.018329	8181
depress	relative_ct	lh_IP0	-0.012864	-1.1616	0.24541	8181
depress	relative_ct	lh_IP1	-0.0080745	-0.7291	0.46596	8181
depress	relative_ct	lh_IP2	0.002496	0.22537	0.82169	8181
depress	relative_ct	lh_IPS1	0.0034152	0.30837	0.75781	8181
depress	relative_ct	lh_Ig	0.0065249	0.58917	0.55576	8181
depress	relative_ct	lh_LBelt	0.0023066	0.20827	0.83502	8181
depress	relative_ct	lh_LIPd	-0.00082877	-0.074833	0.94035	8181
depress	relative_ct	lh_LIPv	-0.018621	-1.6817	0.092672	8181
depress	relative_ct	lh_LO1	0.0039614	0.35769	0.72059	8181
depress	relative_ct	lh_LO2	-0.0021795	-0.1968	0.84399	8181
depress	relative_ct	lh_LO3	0.026282	2.3739	0.017624	8181
depress	relative_ct	lh_MBelt	0.017032	1.5381	0.12406	8181
depress	relative_ct	lh_MI	0.020861	1.884	0.059602	8181
depress	relative_ct	lh_MIP	-0.002861	-0.25833	0.79616	8181
depress	relative_ct	lh_MST	0.017633	1.5924	0.11133	8181
depress	relative_ct	lh_MT	0.0068133	0.61521	0.53843	8181
depress	relative_ct	lh_OFC	-0.02114	-1.9092	0.056266	8181
depress	relative_ct	lh_OP1	-0.010066	-0.90895	0.3634	8181
depress	relative_ct	lh_OP2-3	0.011951	1.0792	0.28052	8181
depress	relative_ct	lh_OP4	0.012888	1.1638	0.24454	8181
depress	relative_ct	lh_PBelt	0.011041	0.99701	0.31879	8181
depress	relative_ct	lh_PCV	-0.0014348	-0.12955	0.89692	8181
depress	relative_ct	lh_PEF	-0.0017488	-0.1579	0.87454	8181
depress	relative_ct	lh_PF	0.021725	1.9621	0.049786	8181
depress	relative_ct	lh_PFcm	0.029049	2.6241	0.0087051	8181
depress	relative_ct	lh_PFm	0.0032384	0.29241	0.76998	8181
depress	relative_ct	lh_PFop	0.0079073	0.714	0.47525	8181
depress	relative_ct	lh_PFt	0.000981	0.088578	0.92942	8181
depress	relative_ct	lh_PGi	-0.00012351	-0.011152	0.9911	8181
depress	relative_ct	lh_PGp	0.014612	1.3196	0.18702	8181
depress	relative_ct	lh_PGs	0.003428	0.30953	0.75693	8181
depress	relative_ct	lh_PH	0.025279	2.2832	0.022443	8181
depress	relative_ct	lh_PHA1	0.0037017	0.33424	0.73821	8181
depress	relative_ct	lh_PHA2	0.022885	2.0669	0.038777	8181
depress	relative_ct	lh_PHA3	0.018717	1.6903	0.091004	8181
depress	relative_ct	lh_PHT	-0.0025367	-0.22905	0.81884	8181
depress	relative_ct	lh_PI	0.018774	1.6955	0.090025	8181
depress	relative_ct	lh_PIT	0.0022215	0.20059	0.84103	8181
depress	relative_ct	lh_POS1	0.00079343	0.071642	0.94289	8181
depress	relative_ct	lh_POS2	0.016706	1.5086	0.13143	8181
depress	relative_ct	lh_PSL	0.019733	1.7821	0.074766	8181
depress	relative_ct	lh_PeEc	0.0113	1.0204	0.30758	8181
depress	relative_ct	lh_Pir	-0.0040266	-0.36358	0.71618	8181
depress	relative_ct	lh_PoI1	0.024835	2.2432	0.024912	8181
depress	relative_ct	lh_PoI2	0.00012803	0.01156	0.99078	8181
depress	relative_ct	lh_PreS	0.032157	2.9051	0.0036813	8181
depress	relative_ct	lh_ProS	0.0095525	0.86257	0.3884	8181
depress	relative_ct	lh_RI	0.0061729	0.55739	0.57728	8181
depress	relative_ct	lh_RSC	-0.012828	-1.1584	0.24674	8181
depress	relative_ct	lh_SCEF	-0.00089648	-0.080947	0.93549	8181
depress	relative_ct	lh_SFL	-0.0062126	-0.56097	0.57483	8181
depress	relative_ct	lh_STGa	0.033887	3.0616	0.0022088	8181
depress	relative_ct	lh_STSda	0.014903	1.3458	0.17841	8181
depress	relative_ct	lh_STSdp	0.015795	1.4263	0.15381	8181
depress	relative_ct	lh_STSva	0.0076091	0.68707	0.49206	8181
depress	relative_ct	lh_STSvp	-0.0040246	-0.3634	0.71631	8181
depress	relative_ct	lh_STV	0.002641	0.23847	0.81152	8181
depress	relative_ct	lh_TA2	0.022085	1.9946	0.046118	8181
depress	relative_ct	lh_TE1a	0.013987	1.2631	0.20659	8181
depress	relative_ct	lh_TE1m	-0.0079985	-0.72224	0.47017	8181
depress	relative_ct	lh_TE1p	-0.0043729	-0.39485	0.69297	8181
depress	relative_ct	lh_TE2a	-0.00064011	-0.057798	0.95391	8181
depress	relative_ct	lh_TE2p	0.0060761	0.54865	0.58326	8181
depress	relative_ct	lh_TF	0.015132	1.3665	0.17183	8181
depress	relative_ct	lh_TGd	0.011555	1.0434	0.2968	8181
depress	relative_ct	lh_TGv	0.0091861	0.82948	0.40686	8181
depress	relative_ct	lh_TPOJ1	0.0042501	0.38376	0.70116	8181
depress	relative_ct	lh_TPOJ2	0.011648	1.0518	0.2929	8181
depress	relative_ct	lh_TPOJ3	0.015222	1.3746	0.16928	8181
depress	relative_ct	lh_V1	-0.0057344	-0.51779	0.60462	8181
depress	relative_ct	lh_V2	-0.010687	-0.96502	0.33456	8181
depress	relative_ct	lh_V3	0.014032	1.2672	0.20514	8181
depress	relative_ct	lh_V3A	0.0020105	0.18153	0.85595	8181
depress	relative_ct	lh_V3B	-0.0053692	-0.48481	0.62782	8181
depress	relative_ct	lh_V3CD	0.0092253	0.83303	0.40485	8181
depress	relative_ct	lh_V4	0.0015186	0.13712	0.89094	8181
depress	relative_ct	lh_V4t	-0.0013036	-0.11771	0.9063	8181
depress	relative_ct	lh_V6	0.027428	2.4775	0.013252	8181
depress	relative_ct	lh_V6A	-0.0027786	-0.2509	0.8019	8181
depress	relative_ct	lh_V7	0.0095154	0.85923	0.39024	8181
depress	relative_ct	lh_V8	0.001656	0.14953	0.88114	8181
depress	relative_ct	lh_VIP	-0.019224	-1.7362	0.082571	8181
depress	relative_ct	lh_VMV1	0.010913	0.98546	0.32443	8181
depress	relative_ct	lh_VMV2	0.016873	1.5238	0.12761	8181
depress	relative_ct	lh_VMV3	0.018899	1.7068	0.087901	8181
depress	relative_ct	lh_VVC	0.035185	3.1789	0.0014838	8181
depress	relative_ct	lh_a10p	-0.0056876	-0.51357	0.60757	8181
depress	relative_ct	lh_a24	0.020079	1.8133	0.069816	8181
depress	relative_ct	lh_a24pr	0.0041274	0.37268	0.7094	8181
depress	relative_ct	lh_a32pr	0.018406	1.6623	0.096497	8181
depress	relative_ct	lh_a47r	-0.010738	-0.96968	0.33224	8181
depress	relative_ct	lh_a9-46v	0.0086391	0.78009	0.43536	8181
depress	relative_ct	lh_d23ab	-0.0081224	-0.73343	0.46332	8181
depress	relative_ct	lh_d32	0.0083785	0.75656	0.44934	8181
depress	relative_ct	lh_i6-8	0.0062674	0.56592	0.57147	8181
depress	relative_ct	lh_p10p	-0.0019455	-0.17567	0.86056	8181
depress	relative_ct	lh_p24	0.0060844	0.5494	0.58275	8181
depress	relative_ct	lh_p24pr	0.025552	2.3079	0.021029	8181
depress	relative_ct	lh_p32	-0.012424	-1.1219	0.26195	8181
depress	relative_ct	lh_p32pr	0.011852	1.0702	0.28455	8181
depress	relative_ct	lh_p47r	-0.0011659	-0.10527	0.91616	8181
depress	relative_ct	lh_p9-46v	0.0059444	0.53676	0.59145	8181
depress	relative_ct	lh_pOFC	-0.018621	-1.6816	0.092675	8181
depress	relative_ct	lh_s32	0.010267	0.92712	0.35389	8181
depress	relative_ct	lh_s6-8	-0.020328	-1.8359	0.066408	8181
depress	relative_ct	lh_v23ab	-0.0031842	-0.28751	0.77373	8181
anxdisord	absolute	lh_1	0.0097953	0.88482	0.37628	8185
anxdisord	absolute	lh_10d	-0.0071329	-0.64431	0.51939	8185
anxdisord	absolute	lh_10pp	-0.0078976	-0.71339	0.47563	8185
anxdisord	absolute	lh_10r	0.0084792	0.76593	0.44374	8185
anxdisord	absolute	lh_10v	0.0067226	0.60725	0.5437	8185
anxdisord	absolute	lh_11l	-0.013646	-1.2328	0.2177	8185
anxdisord	absolute	lh_13l	-0.0067075	-0.60588	0.54461	8185
anxdisord	absolute	lh_2	0.018071	1.6326	0.10259	8185
anxdisord	absolute	lh_23c	0.01207	1.0903	0.27562	8185
anxdisord	absolute	lh_23d	-0.0040164	-0.36279	0.71677	8185
anxdisord	absolute	lh_24dd	0.017816	1.6095	0.10755	8185
anxdisord	absolute	lh_24dv	0.02632	2.3782	0.01742	8185
anxdisord	absolute	lh_25	-0.010482	-0.94683	0.34376	8185
anxdisord	absolute	lh_31a	0.0032018	0.28921	0.77243	8185
anxdisord	absolute	lh_31pd	0.0053026	0.47898	0.63197	8185
anxdisord	absolute	lh_31pv	0.0047221	0.42654	0.66973	8185
anxdisord	absolute	lh_33pr	-0.011919	-1.0767	0.28164	8185
anxdisord	absolute	lh_3a	-0.0045114	-0.40751	0.68365	8185
anxdisord	absolute	lh_3b	0.01284	1.1599	0.24613	8185
anxdisord	absolute	lh_4	0.010485	0.9471	0.34361	8185
anxdisord	absolute	lh_43	-0.0029632	-0.26766	0.78897	8185
anxdisord	absolute	lh_44	0.0060412	0.5457	0.58529	8185
anxdisord	absolute	lh_45	0.022172	2.0033	0.045183	8185
anxdisord	absolute	lh_46	0.01019	0.9205	0.35734	8185
anxdisord	absolute	lh_47l	0.0034684	0.31329	0.75407	8185
anxdisord	absolute	lh_47m	0.0025661	0.23179	0.8167	8185
anxdisord	absolute	lh_47s	0.013437	1.2138	0.22485	8185
anxdisord	absolute	lh_52	0.01929	1.7427	0.081424	8185
anxdisord	absolute	lh_55b	0.023961	2.1649	0.030421	8185
anxdisord	absolute	lh_5L	0.0070571	0.63747	0.52384	8185
anxdisord	absolute	lh_5m	0.0294	2.6568	0.007905	8185
anxdisord	absolute	lh_5mv	0.020342	1.8378	0.066123	8185
anxdisord	absolute	lh_6a	0.011941	1.0787	0.28076	8185
anxdisord	absolute	lh_6d	0.012881	1.1636	0.24462	8185
anxdisord	absolute	lh_6ma	0.0031349	0.28317	0.77706	8185
anxdisord	absolute	lh_6mp	0.019388	1.7516	0.079874	8185
anxdisord	absolute	lh_6r	0.0068686	0.62044	0.53499	8185
anxdisord	absolute	lh_6v	0.014536	1.3131	0.18919	8185
anxdisord	absolute	lh_7AL	0.0029715	0.26841	0.78839	8185
anxdisord	absolute	lh_7Am	-0.0065083	-0.58789	0.55662	8185
anxdisord	absolute	lh_7PC	-0.01151	-1.0397	0.29851	8185
anxdisord	absolute	lh_7PL	-0.0017076	-0.15424	0.87743	8185
anxdisord	absolute	lh_7Pm	0.009667	0.87323	0.38256	8185
anxdisord	absolute	lh_7m	0.035511	3.2096	0.0013343	8185
anxdisord	absolute	lh_8Ad	0.010272	0.92785	0.35351	8185
anxdisord	absolute	lh_8Av	-3.7889e-05	-0.0034224	0.99727	8185
anxdisord	absolute	lh_8BL	0.010079	0.91049	0.36259	8185
anxdisord	absolute	lh_8BM	0.010612	0.95856	0.33781	8185
anxdisord	absolute	lh_8C	0.020704	1.8706	0.061443	8185
anxdisord	absolute	lh_9-46d	-0.0043342	-0.3915	0.69544	8185
anxdisord	absolute	lh_9a	-0.0068109	-0.61522	0.53842	8185
anxdisord	absolute	lh_9m	0.015934	1.4395	0.15005	8185
anxdisord	absolute	lh_9p	0.00079616	0.071915	0.94267	8185
anxdisord	absolute	lh_A1	0.029688	2.6828	0.0073156	8185
anxdisord	absolute	lh_A4	0.031018	2.8031	0.0050728	8185
anxdisord	absolute	lh_A5	0.023111	2.0881	0.036818	8185
anxdisord	absolute	lh_AAIC	-0.0086612	-0.78237	0.43402	8185
anxdisord	absolute	lh_AIP	0.0054006	0.48783	0.62568	8185
anxdisord	absolute	lh_AVI	0.011206	1.0123	0.31144	8185
anxdisord	absolute	lh_DVT	0.02898	2.6188	0.0088404	8185
anxdisord	absolute	lh_EC	0.0080737	0.7293	0.46584	8185
anxdisord	absolute	lh_FEF	0.037808	3.4176	0.00063493	8185
anxdisord	absolute	lh_FFC	0.010172	0.91886	0.3582	8185
anxdisord	absolute	lh_FOP1	0.0054719	0.49427	0.62113	8185
anxdisord	absolute	lh_FOP2	0.010433	0.94245	0.34599	8185
anxdisord	absolute	lh_FOP3	0.011354	1.0257	0.30508	8185
anxdisord	absolute	lh_FOP4	0.010534	0.95156	0.34135	8185
anxdisord	absolute	lh_FOP5	0.022124	1.9989	0.045649	8185
anxdisord	absolute	lh_FST	0.011279	1.0189	0.30829	8185
anxdisord	absolute	lh_IFJa	0.016208	1.4642	0.14317	8185
anxdisord	absolute	lh_IFJp	0.012026	1.0864	0.27734	8185
anxdisord	absolute	lh_IFSa	0.0075542	0.68237	0.49502	8185
anxdisord	absolute	lh_IFSp	0.01003	0.90603	0.36495	8185
anxdisord	absolute	lh_IP0	-0.00045356	-0.040969	0.96732	8185
anxdisord	absolute	lh_IP1	0.0077307	0.69831	0.485	8185
anxdisord	absolute	lh_IP2	0.01142	1.0316	0.30228	8185
anxdisord	absolute	lh_IPS1	0.0066818	0.60356	0.54615	8185
anxdisord	absolute	lh_Ig	-0.0034098	-0.308	0.75809	8185
anxdisord	absolute	lh_LBelt	0.025746	2.3263	0.020027	8185
anxdisord	absolute	lh_LIPd	0.020166	1.8219	0.068509	8185
anxdisord	absolute	lh_LIPv	0.0005494	0.049626	0.96042	8185
anxdisord	absolute	lh_LO1	0.019893	1.7973	0.072328	8185
anxdisord	absolute	lh_LO2	0.019133	1.7286	0.083922	8185
anxdisord	absolute	lh_LO3	0.0087829	0.79337	0.42759	8185
anxdisord	absolute	lh_MBelt	0.023704	2.1418	0.032243	8185
anxdisord	absolute	lh_MI	0.021118	1.908	0.05643	8185
anxdisord	absolute	lh_MIP	0.011069	0.99987	0.3174	8185
anxdisord	absolute	lh_MST	0.022367	2.0208	0.043329	8185
anxdisord	absolute	lh_MT	0.027109	2.4496	0.014323	8185
anxdisord	absolute	lh_OFC	-0.014833	-1.34	0.18029	8185
anxdisord	absolute	lh_OP1	-0.011067	-0.99972	0.31748	8185
anxdisord	absolute	lh_OP2-3	-0.00039587	-0.035758	0.97148	8185
anxdisord	absolute	lh_OP4	0.012531	1.132	0.25767	8185
anxdisord	absolute	lh_PBelt	0.02587	2.3375	0.019435	8185
anxdisord	absolute	lh_PCV	0.021877	1.9765	0.048127	8185
anxdisord	absolute	lh_PEF	0.015979	1.4435	0.1489	8185
anxdisord	absolute	lh_PF	0.022401	2.0239	0.043013	8185
anxdisord	absolute	lh_PFcm	0.027595	2.4935	0.012669	8185
anxdisord	absolute	lh_PFm	0.012241	1.1058	0.26884	8185
anxdisord	absolute	lh_PFop	0.0035115	0.31719	0.75111	8185
anxdisord	absolute	lh_PFt	0.016422	1.4836	0.13796	8185
anxdisord	absolute	lh_PGi	0.0088524	0.79964	0.42394	8185
anxdisord	absolute	lh_PGp	0.021327	1.9269	0.054032	8185
anxdisord	absolute	lh_PGs	0.017892	1.6164	0.10605	8185
anxdisord	absolute	lh_PH	0.02842	2.5682	0.010242	8185
anxdisord	absolute	lh_PHA1	0.0083967	0.75848	0.44819	8185
anxdisord	absolute	lh_PHA2	0.027073	2.4463	0.014455	8185
anxdisord	absolute	lh_PHA3	0.0052715	0.47617	0.63397	8185
anxdisord	absolute	lh_PHT	0.013851	1.2512	0.21088	8185
anxdisord	absolute	lh_PI	0.020568	1.8582	0.063176	8185
anxdisord	absolute	lh_PIT	0.003263	0.29474	0.7682	8185
anxdisord	absolute	lh_POS1	0.0088213	0.79683	0.42557	8185
anxdisord	absolute	lh_POS2	0.019663	1.7765	0.07569	8185
anxdisord	absolute	lh_PSL	0.013798	1.2465	0.21263	8185
anxdisord	absolute	lh_PeEc	0.028907	2.6122	0.0090123	8185
anxdisord	absolute	lh_Pir	-0.021063	-1.903	0.057072	8185
anxdisord	absolute	lh_PoI1	0.016238	1.467	0.14242	8185
anxdisord	absolute	lh_PoI2	-0.006012	-0.54306	0.5871	8185
anxdisord	absolute	lh_PreS	-0.0040483	-0.36567	0.71462	8185
anxdisord	absolute	lh_ProS	0.013697	1.2373	0.21601	8185
anxdisord	absolute	lh_RI	0.016737	1.512	0.13058	8185
anxdisord	absolute	lh_RSC	0.0021902	0.19784	0.84318	8185
anxdisord	absolute	lh_SCEF	0.010415	0.94082	0.34683	8185
anxdisord	absolute	lh_SFL	-0.0059566	-0.53806	0.59055	8185
anxdisord	absolute	lh_STGa	0.0095053	0.85862	0.39057	8185
anxdisord	absolute	lh_STSda	0.018419	1.664	0.096143	8185
anxdisord	absolute	lh_STSdp	0.0053415	0.48249	0.62947	8185
anxdisord	absolute	lh_STSva	0.021425	1.9357	0.052937	8185
anxdisord	absolute	lh_STSvp	0.012278	1.1091	0.26741	8185
anxdisord	absolute	lh_STV	0.024285	2.1942	0.028248	8185
anxdisord	absolute	lh_TA2	0.018777	1.6964	0.089855	8185
anxdisord	absolute	lh_TE1a	0.02256	2.0383	0.04155	8185
anxdisord	absolute	lh_TE1m	0.012402	1.1203	0.26262	8185
anxdisord	absolute	lh_TE1p	0.0077698	0.70184	0.4828	8185
anxdisord	absolute	lh_TE2a	0.01321	1.1933	0.23279	8185
anxdisord	absolute	lh_TE2p	0.012239	1.1056	0.26892	8185
anxdisord	absolute	lh_TF	0.019732	1.7827	0.074674	8185
anxdisord	absolute	lh_TGd	0.021731	1.9634	0.049636	8185
anxdisord	absolute	lh_TGv	0.012901	1.1654	0.24389	8185
anxdisord	absolute	lh_TPOJ1	0.015973	1.443	0.14905	8185
anxdisord	absolute	lh_TPOJ2	0.014454	1.3057	0.19168	8185
anxdisord	absolute	lh_TPOJ3	0.015962	1.442	0.14934	8185
anxdisord	absolute	lh_V1	0.021063	1.903	0.057073	8185
anxdisord	absolute	lh_V2	0.022019	1.9894	0.046689	8185
anxdisord	absolute	lh_V3	0.021201	1.9154	0.055474	8185
anxdisord	absolute	lh_V3A	0.033174	2.9982	0.0027241	8185
anxdisord	absolute	lh_V3B	0.005491	0.496	0.61991	8185
anxdisord	absolute	lh_V3CD	0.01606	1.4509	0.14685	8185
anxdisord	absolute	lh_V4	0.019388	1.7516	0.079883	8185
anxdisord	absolute	lh_V4t	0.021373	1.931	0.053518	8185
anxdisord	absolute	lh_V6	0.042903	3.8789	0.00010576	8185
anxdisord	absolute	lh_V6A	0.026612	2.4046	0.016213	8185
anxdisord	absolute	lh_V7	0.019232	1.7375	0.082335	8185
anxdisord	absolute	lh_V8	0.00020661	0.018663	0.98511	8185
anxdisord	absolute	lh_VIP	0.0060223	0.54399	0.58646	8185
anxdisord	absolute	lh_VMV1	0.047208	4.269	1.9861e-05	8185
anxdisord	absolute	lh_VMV2	0.0093022	0.84028	0.40078	8185
anxdisord	absolute	lh_VMV3	0.026071	2.3557	0.01851	8185
anxdisord	absolute	lh_VVC	0.044937	4.0631	4.8875e-05	8185
anxdisord	absolute	lh_a10p	0.0086809	0.78415	0.43298	8185
anxdisord	absolute	lh_a24	-0.0050654	-0.45755	0.64729	8185
anxdisord	absolute	lh_a24pr	0.033161	2.997	0.0027345	8185
anxdisord	absolute	lh_a32pr	0.016644	1.5037	0.13271	8185
anxdisord	absolute	lh_a47r	-0.007949	-0.71804	0.47276	8185
anxdisord	absolute	lh_a9-46v	0.0035897	0.32425	0.74576	8185
anxdisord	absolute	lh_d23ab	0.019862	1.7945	0.072774	8185
anxdisord	absolute	lh_d32	0.026615	2.405	0.016197	8185
anxdisord	absolute	lh_i6-8	0.013718	1.2392	0.21531	8185
anxdisord	absolute	lh_p10p	0.0063841	0.57667	0.56418	8185
anxdisord	absolute	lh_p24	0.011772	1.0634	0.28763	8185
anxdisord	absolute	lh_p24pr	0.018864	1.7042	0.088375	8185
anxdisord	absolute	lh_p32	-0.0028877	-0.26084	0.79422	8185
anxdisord	absolute	lh_p32pr	0.0081306	0.73444	0.4627	8185
anxdisord	absolute	lh_p47r	0.0027133	0.24508	0.8064	8185
anxdisord	absolute	lh_p9-46v	0.0077053	0.69602	0.48644	8185
anxdisord	absolute	lh_pOFC	-0.017227	-1.5563	0.11967	8185
anxdisord	absolute	lh_s32	0.003258	0.29429	0.76855	8185
anxdisord	absolute	lh_s6-8	0.015382	1.3896	0.1647	8185
anxdisord	absolute	lh_v23ab	0.034477	3.1161	0.0018392	8185
anxdisord	relative	lh_1	-0.0044429	-0.40129	0.68822	8185
anxdisord	relative	lh_10d	-0.019056	-1.7215	0.085201	8185
anxdisord	relative	lh_10pp	-0.018068	-1.6322	0.10269	8185
anxdisord	relative	lh_10r	3.7438e-05	0.0033814	0.9973	8185
anxdisord	relative	lh_10v	-0.0028134	-0.25411	0.79941	8185
anxdisord	relative	lh_11l	-0.025606	-2.3135	0.020718	8185
anxdisord	relative	lh_13l	-0.018317	-1.6547	0.098033	8185
anxdisord	relative	lh_2	0.0034869	0.31494	0.75281	8185
anxdisord	relative	lh_23c	-0.0021586	-0.19496	0.84543	8185
anxdisord	relative	lh_23d	-0.012003	-1.0842	0.27829	8185
anxdisord	relative	lh_24dd	0.004872	0.44005	0.65991	8185
anxdisord	relative	lh_24dv	0.016351	1.4771	0.1397	8185
anxdisord	relative	lh_25	-0.014367	-1.2978	0.19439	8185
anxdisord	relative	lh_31a	-0.0077228	-0.69755	0.48548	8185
anxdisord	relative	lh_31pd	-0.0085448	-0.7718	0.44025	8185
anxdisord	relative	lh_31pv	-0.0084747	-0.76548	0.44401	8185
anxdisord	relative	lh_33pr	-0.014001	-1.2647	0.206	8185
anxdisord	relative	lh_3a	-0.01407	-1.2709	0.20379	8185
anxdisord	relative	lh_3b	0.0064254	0.58036	0.56169	8185
anxdisord	relative	lh_4	0.0079131	0.71474	0.47479	8185
anxdisord	relative	lh_43	-0.014783	-1.3354	0.18178	8185
anxdisord	relative	lh_44	-0.0061511	-0.55559	0.57851	8185
anxdisord	relative	lh_45	0.010028	0.90577	0.36508	8185
anxdisord	relative	lh_46	-0.0062729	-0.56659	0.57101	8185
anxdisord	relative	lh_47l	-0.0094901	-0.8572	0.39136	8185
anxdisord	relative	lh_47m	-0.0081349	-0.73478	0.4625	8185
anxdisord	relative	lh_47s	0.0042356	0.38257	0.70205	8185
anxdisord	relative	lh_52	0.010725	0.96872	0.33271	8185
anxdisord	relative	lh_55b	0.014135	1.2768	0.20171	8185
anxdisord	relative	lh_5L	-0.0058563	-0.52896	0.59685	8185
anxdisord	relative	lh_5m	0.018065	1.6319	0.10273	8185
anxdisord	relative	lh_5mv	0.0071563	0.64638	0.51805	8185
anxdisord	relative	lh_6a	-0.0029906	-0.27012	0.78707	8185
anxdisord	relative	lh_6d	0.0015335	0.13851	0.88984	8185
anxdisord	relative	lh_6ma	-0.0099516	-0.89889	0.36874	8185
anxdisord	relative	lh_6mp	0.00757	0.68375	0.49415	8185
anxdisord	relative	lh_6r	-0.0078506	-0.7091	0.47828	8185
anxdisord	relative	lh_6v	0.0037964	0.3429	0.73168	8185
anxdisord	relative	lh_7AL	-0.0095838	-0.86567	0.3867	8185
anxdisord	relative	lh_7Am	-0.021236	-1.9185	0.055083	8185
anxdisord	relative	lh_7PC	-0.02838	-2.5644	0.010354	8185
anxdisord	relative	lh_7PL	-0.015225	-1.3753	0.16909	8185
anxdisord	relative	lh_7Pm	-0.0013529	-0.1222	0.90275	8185
anxdisord	relative	lh_7m	0.024999	2.2586	0.023933	8185
anxdisord	relative	lh_8Ad	-0.0050861	-0.45939	0.64597	8185
anxdisord	relative	lh_8Av	-0.0098588	-0.89051	0.37322	8185
anxdisord	relative	lh_8BL	-0.0019094	-0.17246	0.86308	8185
anxdisord	relative	lh_8BM	-0.0024517	-0.22144	0.82475	8185
anxdisord	relative	lh_8C	0.0069576	0.62844	0.52973	8185
anxdisord	relative	lh_9-46d	-0.021346	-1.9284	0.053835	8185
anxdisord	relative	lh_9a	-0.020472	-1.8494	0.064431	8185
anxdisord	relative	lh_9m	0.0029592	0.26728	0.78926	8185
anxdisord	relative	lh_9p	-0.013647	-1.2327	0.21771	8185
anxdisord	relative	lh_A1	0.020163	1.8215	0.06857	8185
anxdisord	relative	lh_A4	0.019208	1.7352	0.082736	8185
anxdisord	relative	lh_A5	0.010452	0.94411	0.34514	8185
anxdisord	relative	lh_AAIC	-0.011557	-1.044	0.29654	8185
anxdisord	relative	lh_AIP	-0.011221	-1.0135	0.31083	8185
anxdisord	relative	lh_AVI	0.0020358	0.18388	0.85411	8185
anxdisord	relative	lh_DVT	0.017197	1.5535	0.12035	8185
anxdisord	relative	lh_EC	0.0051534	0.46547	0.64161	8185
anxdisord	relative	lh_FEF	0.028692	2.5926	0.0095425	8185
anxdisord	relative	lh_FFC	-0.0047037	-0.42485	0.67096	8185
anxdisord	relative	lh_FOP1	-0.003742	-0.33799	0.73538	8185
anxdisord	relative	lh_FOP2	0.0020601	0.18607	0.85239	8185
anxdisord	relative	lh_FOP3	0.0037851	0.34188	0.73245	8185
anxdisord	relative	lh_FOP4	0.00019334	0.017463	0.98607	8185
anxdisord	relative	lh_FOP5	0.012598	1.138	0.25517	8185
anxdisord	relative	lh_FST	-0.0019767	-0.17854	0.8583	8185
anxdisord	relative	lh_IFJa	0.0055067	0.49738	0.61893	8185
anxdisord	relative	lh_IFJp	0.0031634	0.28572	0.7751	8185
anxdisord	relative	lh_IFSa	-0.0074137	-0.66963	0.50311	8185
anxdisord	relative	lh_IFSp	-0.0033265	-0.30045	0.76384	8185
anxdisord	relative	lh_IP0	-0.016194	-1.4629	0.14354	8185
anxdisord	relative	lh_IP1	-0.0088024	-0.79508	0.42659	8185
anxdisord	relative	lh_IP2	-0.0028896	-0.26099	0.7941	8185
anxdisord	relative	lh_IPS1	-0.0076897	-0.69457	0.48734	8185
anxdisord	relative	lh_Ig	-0.013355	-1.2063	0.22772	8185
anxdisord	relative	lh_LBelt	0.016029	1.4479	0.14768	8185
anxdisord	relative	lh_LIPd	0.0086156	0.77821	0.43647	8185
anxdisord	relative	lh_LIPv	-0.012891	-1.1644	0.24428	8185
anxdisord	relative	lh_LO1	0.0086089	0.7776	0.43683	8185
anxdisord	relative	lh_LO2	0.0080783	0.72967	0.46561	8185
anxdisord	relative	lh_LO3	-0.0043457	-0.39251	0.69469	8185
anxdisord	relative	lh_MBelt	0.013314	1.2027	0.22913	8185
anxdisord	relative	lh_MI	0.012978	1.1723	0.24112	8185
anxdisord	relative	lh_MIP	-0.003021	-0.27286	0.78497	8185
anxdisord	relative	lh_MST	0.010969	0.9908	0.32181	8185
anxdisord	relative	lh_MT	0.015958	1.4416	0.14947	8185
anxdisord	relative	lh_OFC	-0.02258	-2.04	0.041387	8185
anxdisord	relative	lh_OP1	-0.021445	-1.9374	0.052732	8185
anxdisord	relative	lh_OP2-3	-0.0098772	-0.89217	0.37233	8185
anxdisord	relative	lh_OP4	-0.00069931	-0.063162	0.94964	8185
anxdisord	relative	lh_PBelt	0.014677	1.3258	0.18494	8185
anxdisord	relative	lh_PCV	0.0089598	0.80929	0.41837	8185
anxdisord	relative	lh_PEF	0.0071553	0.6463	0.5181	8185
anxdisord	relative	lh_PF	0.0097636	0.88191	0.37785	8185
anxdisord	relative	lh_PFcm	0.016636	1.5028	0.13293	8185
anxdisord	relative	lh_PFm	-0.0048396	-0.43712	0.66203	8185
anxdisord	relative	lh_PFop	-0.0083576	-0.7549	0.45033	8185
anxdisord	relative	lh_PFt	0.0046294	0.41814	0.67586	8185
anxdisord	relative	lh_PGi	-0.010086	-0.91105	0.3623	8185
anxdisord	relative	lh_PGp	0.0090594	0.81829	0.41321	8185
anxdisord	relative	lh_PGs	0.0034938	0.31557	0.75234	8185
anxdisord	relative	lh_PH	0.016512	1.4915	0.13586	8185
anxdisord	relative	lh_PHA1	0.0033942	0.30657	0.75917	8185
anxdisord	relative	lh_PHA2	0.019655	1.7756	0.075832	8185
anxdisord	relative	lh_PHA3	-0.0045869	-0.4143	0.67867	8185
anxdisord	relative	lh_PHT	0.00023095	0.02086	0.98336	8185
anxdisord	relative	lh_PI	0.012548	1.1334	0.25706	8185
anxdisord	relative	lh_PIT	-0.009174	-0.82864	0.40733	8185
anxdisord	relative	lh_POS1	-0.0041646	-0.37616	0.70681	8185
anxdisord	relative	lh_POS2	0.0047241	0.42669	0.66962	8185
anxdisord	relative	lh_PSL	0.0019646	0.17745	0.85916	8185
anxdisord	relative	lh_PeEc	0.021969	1.9848	0.047203	8185
anxdisord	relative	lh_Pir	-0.024873	-2.2472	0.024651	8185
anxdisord	relative	lh_PoI1	0.010913	0.98577	0.32428	8185
anxdisord	relative	lh_PoI2	-0.011492	-1.038	0.2993	8185
anxdisord	relative	lh_PreS	-0.0059267	-0.53532	0.59244	8185
anxdisord	relative	lh_ProS	0.0071312	0.64412	0.51952	8185
anxdisord	relative	lh_RI	0.005075	0.45839	0.64669	8185
anxdisord	relative	lh_RSC	-0.0020169	-0.18217	0.85546	8185
anxdisord	relative	lh_SCEF	-0.0028571	-0.25806	0.79637	8185
anxdisord	relative	lh_SFL	-0.017005	-1.5361	0.12454	8185
anxdisord	relative	lh_STGa	-0.00051163	-0.046212	0.96314	8185
anxdisord	relative	lh_STSda	0.0059709	0.53931	0.58968	8185
anxdisord	relative	lh_STSdp	-0.0099146	-0.89555	0.37052	8185
anxdisord	relative	lh_STSva	0.010737	0.96985	0.33215	8185
anxdisord	relative	lh_STSvp	-0.00083933	-0.07581	0.93957	8185
anxdisord	relative	lh_STV	0.012804	1.1566	0.24748	8185
anxdisord	relative	lh_TA2	0.010337	0.9337	0.35049	8185
anxdisord	relative	lh_TE1a	0.012097	1.0927	0.27456	8185
anxdisord	relative	lh_TE1m	0.0018802	0.16982	0.86515	8185
anxdisord	relative	lh_TE1p	-0.0050167	-0.45312	0.65047	8185
anxdisord	relative	lh_TE2a	-4.6558e-05	-0.0042052	0.99664	8185
anxdisord	relative	lh_TE2p	0.00094667	0.085505	0.93186	8185
anxdisord	relative	lh_TF	0.010079	0.91038	0.36265	8185
anxdisord	relative	lh_TGd	0.013106	1.1839	0.2365	8185
anxdisord	relative	lh_TGv	0.0033472	0.30233	0.76241	8185
anxdisord	relative	lh_TPOJ1	0.00055649	0.050264	0.95991	8185
anxdisord	relative	lh_TPOJ2	-0.00039279	-0.035478	0.9717	8185
anxdisord	relative	lh_TPOJ3	0.0027871	0.25174	0.80125	8185
anxdisord	relative	lh_V1	0.013885	1.2543	0.20978	8185
anxdisord	relative	lh_V2	0.0096265	0.86953	0.38459	8185
anxdisord	relative	lh_V3	0.0092977	0.83982	0.40103	8185
anxdisord	relative	lh_V3A	0.022019	1.9893	0.046702	8185
anxdisord	relative	lh_V3B	-0.0074141	-0.66967	0.50308	8185
anxdisord	relative	lh_V3CD	0.0037553	0.33919	0.73448	8185
anxdisord	relative	lh_V4	0.0039576	0.35746	0.72076	8185
anxdisord	relative	lh_V4t	0.010553	0.95318	0.34053	8185
anxdisord	relative	lh_V6	0.033537	3.0309	0.0024463	8185
anxdisord	relative	lh_V6A	0.016824	1.5198	0.12859	8185
anxdisord	relative	lh_V7	0.007176	0.64817	0.51689	8185
anxdisord	relative	lh_V8	-0.013998	-1.2644	0.20611	8185
anxdisord	relative	lh_VIP	-0.0065938	-0.59558	0.55147	8185
anxdisord	relative	lh_VMV1	0.040819	3.6899	0.00022581	8185
anxdisord	relative	lh_VMV2	-0.00041061	-0.037087	0.97042	8185
anxdisord	relative	lh_VMV3	0.016407	1.4821	0.13835	8185
anxdisord	relative	lh_VVC	0.03762	3.4003	0.00067644	8185
anxdisord	relative	lh_a10p	-0.0016375	-0.1479	0.88243	8185
anxdisord	relative	lh_a24	-0.013837	-1.2499	0.21139	8185
anxdisord	relative	lh_a24pr	0.025463	2.3006	0.021439	8185
anxdisord	relative	lh_a32pr	0.0063665	0.57505	0.56527	8185
anxdisord	relative	lh_a47r	-0.025198	-2.2766	0.022834	8185
anxdisord	relative	lh_a9-46v	-0.010721	-0.96836	0.33289	8185
anxdisord	relative	lh_d23ab	0.010356	0.93542	0.3496	8185
anxdisord	relative	lh_d32	0.016107	1.455	0.1457	8185
anxdisord	relative	lh_i6-8	0.002005	0.1811	0.8563	8185
anxdisord	relative	lh_p10p	-0.0057081	-0.51558	0.60616	8185
anxdisord	relative	lh_p24	0.0041125	0.37145	0.71031	8185
anxdisord	relative	lh_p24pr	0.0099746	0.90096	0.36763	8185
anxdisord	relative	lh_p32	-0.014293	-1.2911	0.19669	8185
anxdisord	relative	lh_p32pr	-0.0041702	-0.37666	0.70644	8185
anxdisord	relative	lh_p47r	-0.0099864	-0.90204	0.36706	8185
anxdisord	relative	lh_p9-46v	-0.007403	-0.66867	0.50372	8185
anxdisord	relative	lh_pOFC	-0.021421	-1.9352	0.052999	8185
anxdisord	relative	lh_s32	-0.0038298	-0.34591	0.72942	8185
anxdisord	relative	lh_s6-8	0.0047985	0.43342	0.66472	8185
anxdisord	relative	lh_v23ab	0.026156	2.3632	0.01814	8185
anxdisord	absolute_ct	lh_1	-0.029836	-2.696	0.0070315	8185
anxdisord	absolute_ct	lh_10d	0.00073845	0.066698	0.94682	8185
anxdisord	absolute_ct	lh_10pp	-0.028667	-2.5903	0.0096064	8185
anxdisord	absolute_ct	lh_10r	-0.014108	-1.2744	0.20255	8185
anxdisord	absolute_ct	lh_10v	-0.0079242	-0.71575	0.47416	8185
anxdisord	absolute_ct	lh_11l	-0.024829	-2.2433	0.024907	8185
anxdisord	absolute_ct	lh_13l	-0.0032521	-0.29373	0.76897	8185
anxdisord	absolute_ct	lh_2	-0.00074755	-0.06752	0.94617	8185
anxdisord	absolute_ct	lh_23c	-0.01481	-1.3378	0.18099	8185
anxdisord	absolute_ct	lh_23d	-0.0154	-1.3911	0.16423	8185
anxdisord	absolute_ct	lh_24dd	0.011756	1.0619	0.28832	8185
anxdisord	absolute_ct	lh_24dv	0.03187	2.88	0.0039874	8185
anxdisord	absolute_ct	lh_25	-0.012357	-1.1162	0.26437	8185
anxdisord	absolute_ct	lh_31a	-0.011292	-1.02	0.30778	8185
anxdisord	absolute_ct	lh_31pd	-0.020984	-1.8957	0.05803	8185
anxdisord	absolute_ct	lh_31pv	-0.01873	-1.6921	0.090672	8185
anxdisord	absolute_ct	lh_33pr	-0.018828	-1.7009	0.089003	8185
anxdisord	absolute_ct	lh_3a	-0.0089928	-0.81227	0.41666	8185
anxdisord	absolute_ct	lh_3b	-0.028555	-2.5802	0.0098921	8185
anxdisord	absolute_ct	lh_4	0.019685	1.7783	0.075395	8185
anxdisord	absolute_ct	lh_43	-0.0018218	-0.16455	0.86931	8185
anxdisord	absolute_ct	lh_44	0.0026205	0.23669	0.81291	8185
anxdisord	absolute_ct	lh_45	0.018465	1.6681	0.095339	8185
anxdisord	absolute_ct	lh_46	-0.00095511	-0.086267	0.93126	8185
anxdisord	absolute_ct	lh_47l	-0.0099563	-0.89931	0.36851	8185
anxdisord	absolute_ct	lh_47m	-0.0026017	-0.23499	0.81422	8185
anxdisord	absolute_ct	lh_47s	-0.011185	-1.0103	0.31239	8185
anxdisord	absolute_ct	lh_52	0.017771	1.6054	0.10846	8185
anxdisord	absolute_ct	lh_55b	0.012336	1.1143	0.26519	8185
anxdisord	absolute_ct	lh_5L	-0.024109	-2.1782	0.02942	8185
anxdisord	absolute_ct	lh_5m	0.0020009	0.18073	0.85658	8185
anxdisord	absolute_ct	lh_5mv	0.0069362	0.62651	0.531	8185
anxdisord	absolute_ct	lh_6a	0.0012374	0.11176	0.91101	8185
anxdisord	absolute_ct	lh_6d	-0.0076836	-0.69401	0.48769	8185
anxdisord	absolute_ct	lh_6ma	-0.010602	-0.95762	0.33828	8185
anxdisord	absolute_ct	lh_6mp	0.014853	1.3417	0.17973	8185
anxdisord	absolute_ct	lh_6r	-0.0011336	-0.10239	0.91845	8185
anxdisord	absolute_ct	lh_6v	0.0084428	0.7626	0.44573	8185
anxdisord	absolute_ct	lh_7AL	-0.031631	-2.8584	0.0042687	8185
anxdisord	absolute_ct	lh_7Am	-0.019552	-1.7663	0.077379	8185
anxdisord	absolute_ct	lh_7PC	-0.021157	-1.9113	0.055996	8185
anxdisord	absolute_ct	lh_7PL	-0.017412	-1.5729	0.11578	8185
anxdisord	absolute_ct	lh_7Pm	0.0012952	0.11698	0.90688	8185
anxdisord	absolute_ct	lh_7m	0.0059286	0.53549	0.59233	8185
anxdisord	absolute_ct	lh_8Ad	0.009102	0.82215	0.41102	8185
anxdisord	absolute_ct	lh_8Av	-0.019049	-1.7208	0.085316	8185
anxdisord	absolute_ct	lh_8BL	-0.0053524	-0.48344	0.62879	8185
anxdisord	absolute_ct	lh_8BM	0.007674	0.69314	0.48824	8185
anxdisord	absolute_ct	lh_8C	0.015926	1.4387	0.15029	8185
anxdisord	absolute_ct	lh_9-46d	-0.014095	-1.2732	0.20297	8185
anxdisord	absolute_ct	lh_9a	-0.0046378	-0.4189	0.6753	8185
anxdisord	absolute_ct	lh_9m	0.0001253	0.011318	0.99097	8185
anxdisord	absolute_ct	lh_9p	-0.0016407	-0.14819	0.8822	8185
anxdisord	absolute_ct	lh_A1	0.01067	0.96381	0.33517	8185
anxdisord	absolute_ct	lh_A4	0.0050701	0.45795	0.647	8185
anxdisord	absolute_ct	lh_A5	0.007126	0.64365	0.51982	8185
anxdisord	absolute_ct	lh_AAIC	-0.022132	-1.9995	0.045591	8185
anxdisord	absolute_ct	lh_AIP	-0.0085041	-0.76814	0.44243	8185
anxdisord	absolute_ct	lh_AVI	-0.0082668	-0.7467	0.45527	8185
anxdisord	absolute_ct	lh_DVT	0.015064	1.3607	0.17364	8185
anxdisord	absolute_ct	lh_EC	0.0022102	0.19963	0.84178	8185
anxdisord	absolute_ct	lh_FEF	0.019285	1.7422	0.08151	8185
anxdisord	absolute_ct	lh_FFC	0.0081279	0.73415	0.46288	8185
anxdisord	absolute_ct	lh_FOP1	0.0021141	0.19095	0.84857	8185
anxdisord	absolute_ct	lh_FOP2	0.004296	0.38803	0.698	8185
anxdisord	absolute_ct	lh_FOP3	0.010565	0.95429	0.33997	8185
anxdisord	absolute_ct	lh_FOP4	-0.0039098	-0.35314	0.72399	8185
anxdisord	absolute_ct	lh_FOP5	0.010482	0.94677	0.34378	8185
anxdisord	absolute_ct	lh_FST	-0.0041964	-0.37903	0.70467	8185
anxdisord	absolute_ct	lh_IFJa	0.0095771	0.86506	0.38703	8185
anxdisord	absolute_ct	lh_IFJp	0.0042187	0.38104	0.70318	8185
anxdisord	absolute_ct	lh_IFSa	-0.012318	-1.1126	0.26589	8185
anxdisord	absolute_ct	lh_IFSp	0.0094873	0.85694	0.3915	8185
anxdisord	absolute_ct	lh_IP0	-0.021769	-1.9666	0.049259	8185
anxdisord	absolute_ct	lh_IP1	-0.016247	-1.4676	0.14225	8185
anxdisord	absolute_ct	lh_IP2	-0.012848	-1.1605	0.24587	8185
anxdisord	absolute_ct	lh_IPS1	0.0010095	0.091175	0.92736	8185
anxdisord	absolute_ct	lh_Ig	-0.015307	-1.3827	0.16679	8185
anxdisord	absolute_ct	lh_LBelt	0.010342	0.93415	0.35025	8185
anxdisord	absolute_ct	lh_LIPd	-0.0022057	-0.19923	0.84209	8185
anxdisord	absolute_ct	lh_LIPv	-0.025855	-2.3361	0.019511	8185
anxdisord	absolute_ct	lh_LO1	0.010249	0.92577	0.35459	8185
anxdisord	absolute_ct	lh_LO2	-0.00032831	-0.029654	0.97634	8185
anxdisord	absolute_ct	lh_LO3	0.013931	1.2584	0.2083	8185
anxdisord	absolute_ct	lh_MBelt	0.0063568	0.57417	0.56587	8185
anxdisord	absolute_ct	lh_MI	0.0042406	0.38302	0.70171	8185
anxdisord	absolute_ct	lh_MIP	-0.0031912	-0.28824	0.77317	8185
anxdisord	absolute_ct	lh_MST	0.009045	0.817	0.41395	8185
anxdisord	absolute_ct	lh_MT	0.013853	1.2513	0.21085	8185
anxdisord	absolute_ct	lh_OFC	-0.019903	-1.7981	0.072203	8185
anxdisord	absolute_ct	lh_OP1	-0.022852	-2.0645	0.038999	8185
anxdisord	absolute_ct	lh_OP2-3	-0.0058931	-0.53229	0.59454	8185
anxdisord	absolute_ct	lh_OP4	-0.010134	-0.91533	0.36005	8185
anxdisord	absolute_ct	lh_PBelt	0.0096247	0.86936	0.38468	8185
anxdisord	absolute_ct	lh_PCV	-0.0035901	-0.32427	0.74574	8185
anxdisord	absolute_ct	lh_PEF	-0.0003039	-0.027449	0.9781	8185
anxdisord	absolute_ct	lh_PF	0.012031	1.0868	0.27718	8185
anxdisord	absolute_ct	lh_PFcm	0.020675	1.8678	0.061829	8185
anxdisord	absolute_ct	lh_PFm	0.0015264	0.13787	0.89035	8185
anxdisord	absolute_ct	lh_PFop	5.0778e-05	0.0045864	0.99634	8185
anxdisord	absolute_ct	lh_PFt	-0.0059794	-0.54008	0.58916	8185
anxdisord	absolute_ct	lh_PGi	0.0025324	0.22873	0.81909	8185
anxdisord	absolute_ct	lh_PGp	0.011701	1.0569	0.29057	8185
anxdisord	absolute_ct	lh_PGs	-0.0019288	-0.17421	0.8617	8185
anxdisord	absolute_ct	lh_PH	0.011499	1.0387	0.29898	8185
anxdisord	absolute_ct	lh_PHA1	0.0052676	0.47578	0.63424	8185
anxdisord	absolute_ct	lh_PHA2	0.014086	1.2724	0.20328	8185
anxdisord	absolute_ct	lh_PHA3	-0.0054279	-0.49026	0.62396	8185
anxdisord	absolute_ct	lh_PHT	-0.01119	-1.0108	0.31215	8185
anxdisord	absolute_ct	lh_PI	0.0096547	0.87207	0.38319	8185
anxdisord	absolute_ct	lh_PIT	-0.0084263	-0.76111	0.44662	8185
anxdisord	absolute_ct	lh_POS1	-0.018263	-1.6498	0.099021	8185
anxdisord	absolute_ct	lh_POS2	0.011909	1.0757	0.28209	8185
anxdisord	absolute_ct	lh_PSL	0.011622	1.0498	0.29385	8185
anxdisord	absolute_ct	lh_PeEc	0.018481	1.6695	0.095058	8185
anxdisord	absolute_ct	lh_Pir	0.011099	1.0025	0.31611	8185
anxdisord	absolute_ct	lh_PoI1	0.013932	1.2584	0.20827	8185
anxdisord	absolute_ct	lh_PoI2	0.006187	0.55883	0.57629	8185
anxdisord	absolute_ct	lh_PreS	-0.0044562	-0.4025	0.68733	8185
anxdisord	absolute_ct	lh_ProS	-0.013122	-1.1853	0.23593	8185
anxdisord	absolute_ct	lh_RI	0.0099495	0.8987	0.36884	8185
anxdisord	absolute_ct	lh_RSC	-0.0059306	-0.53567	0.5922	8185
anxdisord	absolute_ct	lh_SCEF	0.0049506	0.44715	0.65478	8185
anxdisord	absolute_ct	lh_SFL	-0.015868	-1.4334	0.15179	8185
anxdisord	absolute_ct	lh_STGa	0.023606	2.1327	0.03298	8185
anxdisord	absolute_ct	lh_STSda	0.016163	1.4601	0.14431	8185
anxdisord	absolute_ct	lh_STSdp	-0.00017189	-0.015525	0.98761	8185
anxdisord	absolute_ct	lh_STSva	0.00094241	0.08512	0.93217	8185
anxdisord	absolute_ct	lh_STSvp	-0.0040446	-0.36532	0.71488	8185
anxdisord	absolute_ct	lh_STV	0.01664	1.5032	0.13284	8185
anxdisord	absolute_ct	lh_TA2	0.0056561	0.51088	0.60945	8185
anxdisord	absolute_ct	lh_TE1a	0.0023456	0.21186	0.83222	8185
anxdisord	absolute_ct	lh_TE1m	-0.0032479	-0.29335	0.76926	8185
anxdisord	absolute_ct	lh_TE1p	0.0010373	0.093688	0.92536	8185
anxdisord	absolute_ct	lh_TE2a	0.0090997	0.82194	0.41114	8185
anxdisord	absolute_ct	lh_TE2p	0.0019503	0.17615	0.86018	8185
anxdisord	absolute_ct	lh_TF	0.017874	1.6146	0.10643	8185
anxdisord	absolute_ct	lh_TGd	0.014037	1.268	0.20484	8185
anxdisord	absolute_ct	lh_TGv	0.008824	0.79703	0.42546	8185
anxdisord	absolute_ct	lh_TPOJ1	-7.1649e-05	-0.0064715	0.99484	8185
anxdisord	absolute_ct	lh_TPOJ2	0.0061931	0.55938	0.57591	8185
anxdisord	absolute_ct	lh_TPOJ3	0.0050645	0.45744	0.64737	8185
anxdisord	absolute_ct	lh_V1	-0.00057764	-0.052173	0.95839	8185
anxdisord	absolute_ct	lh_V2	-0.0029313	-0.26476	0.7912	8185
anxdisord	absolute_ct	lh_V3	0.015055	1.36	0.17387	8185
anxdisord	absolute_ct	lh_V3A	0.013104	1.1837	0.23658	8185
anxdisord	absolute_ct	lh_V3B	-0.013371	-1.2078	0.22717	8185
anxdisord	absolute_ct	lh_V3CD	-0.0006067	-0.054798	0.9563	8185
anxdisord	absolute_ct	lh_V4	0.0046293	0.41813	0.67586	8185
anxdisord	absolute_ct	lh_V4t	-5.7585e-06	-0.00052012	0.99959	8185
anxdisord	absolute_ct	lh_V6	0.026952	2.4353	0.014902	8185
anxdisord	absolute_ct	lh_V6A	-0.0040462	-0.36546	0.71478	8185
anxdisord	absolute_ct	lh_V7	0.0012834	0.11592	0.90772	8185
anxdisord	absolute_ct	lh_V8	0.001868	0.16872	0.86602	8185
anxdisord	absolute_ct	lh_VIP	-0.014496	-1.3094	0.19043	8185
anxdisord	absolute_ct	lh_VMV1	0.0059345	0.53602	0.59196	8185
anxdisord	absolute_ct	lh_VMV2	-0.00011003	-0.0099383	0.99207	8185
anxdisord	absolute_ct	lh_VMV3	0.010778	0.97357	0.3303	8185
anxdisord	absolute_ct	lh_VVC	0.030383	2.7456	0.0060541	8185
anxdisord	absolute_ct	lh_a10p	-0.013216	-1.1938	0.23259	8185
anxdisord	absolute_ct	lh_a24	-0.0045517	-0.41112	0.68099	8185
anxdisord	absolute_ct	lh_a24pr	0.013969	1.2618	0.20706	8185
anxdisord	absolute_ct	lh_a32pr	0.014339	1.2953	0.19526	8185
anxdisord	absolute_ct	lh_a47r	-0.020484	-1.8505	0.064278	8185
anxdisord	absolute_ct	lh_a9-46v	-0.0064134	-0.57928	0.56241	8185
anxdisord	absolute_ct	lh_d23ab	-0.018424	-1.6644	0.096072	8185
anxdisord	absolute_ct	lh_d32	0.005593	0.50518	0.61345	8185
anxdisord	absolute_ct	lh_i6-8	0.00769	0.69459	0.48733	8185
anxdisord	absolute_ct	lh_p10p	-0.0076545	-0.69138	0.48934	8185
anxdisord	absolute_ct	lh_p24	0.0099904	0.9024	0.36687	8185
anxdisord	absolute_ct	lh_p24pr	0.00029154	0.026332	0.97899	8185
anxdisord	absolute_ct	lh_p32	-0.004851	-0.43815	0.66129	8185
anxdisord	absolute_ct	lh_p32pr	0.013227	1.1948	0.23221	8185
anxdisord	absolute_ct	lh_p47r	-0.0059931	-0.54132	0.5883	8185
anxdisord	absolute_ct	lh_p9-46v	-0.013289	-1.2004	0.23002	8185
anxdisord	absolute_ct	lh_pOFC	-0.010121	-0.91422	0.36063	8185
anxdisord	absolute_ct	lh_s32	-0.0094509	-0.85366	0.39332	8185
anxdisord	absolute_ct	lh_s6-8	-0.008081	-0.72991	0.46546	8185
anxdisord	absolute_ct	lh_v23ab	0.0032808	0.29633	0.76699	8185
anxdisord	relative_ct	lh_1	-0.037112	-3.3541	0.00079978	8185
anxdisord	relative_ct	lh_10d	-0.0071573	-0.64644	0.51801	8185
anxdisord	relative_ct	lh_10pp	-0.033657	-3.0415	0.0023614	8185
anxdisord	relative_ct	lh_10r	-0.019639	-1.774	0.076096	8185
anxdisord	relative_ct	lh_10v	-0.012908	-1.1659	0.24368	8185
anxdisord	relative_ct	lh_11l	-0.032305	-2.9191	0.0035195	8185
anxdisord	relative_ct	lh_13l	-0.01206	-1.0893	0.27606	8185
anxdisord	relative_ct	lh_2	-0.0074344	-0.67146	0.50194	8185
anxdisord	relative_ct	lh_23c	-0.023986	-2.1669	0.030271	8185
anxdisord	relative_ct	lh_23d	-0.019202	-1.7346	0.082851	8185
anxdisord	relative_ct	lh_24dd	0.0028683	0.25906	0.7956	8185
anxdisord	relative_ct	lh_24dv	0.024334	2.1984	0.02795	8185
anxdisord	relative_ct	lh_25	-0.013842	-1.2503	0.21123	8185
anxdisord	relative_ct	lh_31a	-0.019268	-1.7406	0.0818	8185
anxdisord	relative_ct	lh_31pd	-0.02939	-2.6555	0.0079345	8185
anxdisord	relative_ct	lh_31pv	-0.026031	-2.3518	0.018705	8185
anxdisord	relative_ct	lh_33pr	-0.02115	-1.9106	0.056091	8185
anxdisord	relative_ct	lh_3a	-0.015014	-1.3562	0.17507	8185
anxdisord	relative_ct	lh_3b	-0.02979	-2.6917	0.0071232	8185
anxdisord	relative_ct	lh_4	0.015693	1.4175	0.15638	8185
anxdisord	relative_ct	lh_43	-0.010443	-0.94322	0.3456	8185
anxdisord	relative_ct	lh_44	-0.0063015	-0.56914	0.56928	8185
anxdisord	relative_ct	lh_45	0.0099227	0.89622	0.37016	8185
anxdisord	relative_ct	lh_46	-0.011503	-1.039	0.29886	8185
anxdisord	relative_ct	lh_47l	-0.017533	-1.5838	0.11329	8185
anxdisord	relative_ct	lh_47m	-0.010267	-0.92731	0.3538	8185
anxdisord	relative_ct	lh_47s	-0.014442	-1.3044	0.19212	8185
anxdisord	relative_ct	lh_52	0.010956	0.98955	0.32242	8185
anxdisord	relative_ct	lh_55b	0.0068448	0.61821	0.53646	8185
anxdisord	relative_ct	lh_5L	-0.030845	-2.7871	0.0053304	8185
anxdisord	relative_ct	lh_5m	-0.0028099	-0.25378	0.79967	8185
anxdisord	relative_ct	lh_5mv	-0.0010188	-0.092011	0.92669	8185
anxdisord	relative_ct	lh_6a	-0.0075234	-0.6795	0.49684	8185
anxdisord	relative_ct	lh_6d	-0.013552	-1.2241	0.22096	8185
anxdisord	relative_ct	lh_6ma	-0.016976	-1.5334	0.12521	8185
anxdisord	relative_ct	lh_6mp	0.0073755	0.66614	0.50534	8185
anxdisord	relative_ct	lh_6r	-0.010803	-0.9757	0.32924	8185
anxdisord	relative_ct	lh_6v	0.0024062	0.21732	0.82797	8185
anxdisord	relative_ct	lh_7AL	-0.039178	-3.5411	0.00040065	8185
anxdisord	relative_ct	lh_7Am	-0.031642	-2.8592	0.0042581	8185
anxdisord	relative_ct	lh_7PC	-0.032631	-2.9487	0.0032007	8185
anxdisord	relative_ct	lh_7PL	-0.0288	-2.6022	0.0092808	8185
anxdisord	relative_ct	lh_7Pm	-0.0077091	-0.69628	0.48628	8185
anxdisord	relative_ct	lh_7m	0.0011505	0.1039	0.91725	8185
anxdisord	relative_ct	lh_8Ad	-0.0025555	-0.2308	0.81747	8185
anxdisord	relative_ct	lh_8Av	-0.016026	-1.4476	0.14777	8185
anxdisord	relative_ct	lh_8BL	-0.012075	-1.0906	0.27548	8185
anxdisord	relative_ct	lh_8BM	-0.00083708	-0.075602	0.93974	8185
anxdisord	relative_ct	lh_8C	0.0062832	0.56749	0.5704	8185
anxdisord	relative_ct	lh_9-46d	-0.024492	-2.2127	0.026946	8185
anxdisord	relative_ct	lh_9a	-0.013629	-1.231	0.21836	8185
anxdisord	relative_ct	lh_9m	-0.007345	-0.66339	0.5071	8185
anxdisord	relative_ct	lh_9p	-0.011099	-1.0025	0.31613	8185
anxdisord	relative_ct	lh_A1	0.0066211	0.59801	0.54985	8185
anxdisord	relative_ct	lh_A4	0.00021701	0.0196	0.98436	8185
anxdisord	relative_ct	lh_A5	0.0004633	0.041844	0.96662	8185
anxdisord	relative_ct	lh_AAIC	-0.022775	-2.0575	0.039672	8185
anxdisord	relative_ct	lh_AIP	-0.017768	-1.605	0.10853	8185
anxdisord	relative_ct	lh_AVI	-0.012361	-1.1165	0.26425	8185
anxdisord	relative_ct	lh_DVT	0.0068069	0.61479	0.53871	8185
anxdisord	relative_ct	lh_EC	0.00064309	0.058081	0.95369	8185
anxdisord	relative_ct	lh_FEF	0.014367	1.2977	0.19441	8185
anxdisord	relative_ct	lh_FFC	-0.0034843	-0.31469	0.75301	8185
anxdisord	relative_ct	lh_FOP1	-0.0031002	-0.28	0.77949	8185
anxdisord	relative_ct	lh_FOP2	-0.00046599	-0.042087	0.96643	8185
anxdisord	relative_ct	lh_FOP3	0.0078351	0.70766	0.47918	8185
anxdisord	relative_ct	lh_FOP4	-0.008759	-0.79111	0.4289	8185
anxdisord	relative_ct	lh_FOP5	0.0054167	0.48922	0.6247	8185
anxdisord	relative_ct	lh_FST	-0.013749	-1.2419	0.21431	8185
anxdisord	relative_ct	lh_IFJa	0.0025709	0.2322	0.81639	8185
anxdisord	relative_ct	lh_IFJp	-0.0011555	-0.10436	0.91688	8185
anxdisord	relative_ct	lh_IFSa	-0.021349	-1.9286	0.053813	8185
anxdisord	relative_ct	lh_IFSp	-0.00028248	-0.025512	0.97965	8185
anxdisord	relative_ct	lh_IP0	-0.031147	-2.8144	0.0048984	8185
anxdisord	relative_ct	lh_IP1	-0.025815	-2.3323	0.019709	8185
anxdisord	relative_ct	lh_IP2	-0.020817	-1.8805	0.060076	8185
anxdisord	relative_ct	lh_IPS1	-0.0093693	-0.84624	0.39744	8185
anxdisord	relative_ct	lh_Ig	-0.020682	-1.8683	0.061754	8185
anxdisord	relative_ct	lh_LBelt	0.0046682	0.42162	0.67332	8185
anxdisord	relative_ct	lh_LIPd	-0.0084796	-0.76588	0.44377	8185
anxdisord	relative_ct	lh_LIPv	-0.034796	-3.1445	0.0016696	8185
anxdisord	relative_ct	lh_LO1	0.0024103	0.21769	0.82768	8185
anxdisord	relative_ct	lh_LO2	-0.0077335	-0.69848	0.4849	8185
anxdisord	relative_ct	lh_LO3	0.0033795	0.30522	0.7602	8185
anxdisord	relative_ct	lh_MBelt	0.0014094	0.12729	0.89871	8185
anxdisord	relative_ct	lh_MI	0.00048091	0.043434	0.96536	8185
anxdisord	relative_ct	lh_MIP	-0.01273	-1.1498	0.25025	8185
anxdisord	relative_ct	lh_MST	0.0012586	0.11368	0.9095	8185
anxdisord	relative_ct	lh_MT	0.0059714	0.53932	0.58968	8185
anxdisord	relative_ct	lh_OFC	-0.023776	-2.148	0.031747	8185
anxdisord	relative_ct	lh_OP1	-0.027798	-2.5116	0.012039	8185
anxdisord	relative_ct	lh_OP2-3	-0.012038	-1.0873	0.27693	8185
anxdisord	relative_ct	lh_OP4	-0.0172	-1.5537	0.1203	8185
anxdisord	relative_ct	lh_PBelt	0.0032005	0.28906	0.77254	8185
anxdisord	relative_ct	lh_PCV	-0.011224	-1.0138	0.31073	8185
anxdisord	relative_ct	lh_PEF	-0.0059194	-0.53463	0.59292	8185
anxdisord	relative_ct	lh_PF	0.0062347	0.56311	0.57338	8185
anxdisord	relative_ct	lh_PFcm	0.014059	1.2699	0.20416	8185
anxdisord	relative_ct	lh_PFm	-0.0086945	-0.78528	0.43231	8185
anxdisord	relative_ct	lh_PFop	-0.0073659	-0.66528	0.50589	8185
anxdisord	relative_ct	lh_PFt	-0.012166	-1.0989	0.27186	8185
anxdisord	relative_ct	lh_PGi	-0.011047	-0.99776	0.31843	8185
anxdisord	relative_ct	lh_PGp	0.0048837	0.44108	0.65916	8185
anxdisord	relative_ct	lh_PGs	-0.0099274	-0.89665	0.36993	8185
anxdisord	relative_ct	lh_PH	0.0044017	0.39755	0.69097	8185
anxdisord	relative_ct	lh_PHA1	0.0017255	0.15584	0.87616	8185
anxdisord	relative_ct	lh_PHA2	0.0099439	0.89814	0.36914	8185
anxdisord	relative_ct	lh_PHA3	-0.011075	-1.0003	0.31719	8185
anxdisord	relative_ct	lh_PHT	-0.018663	-1.6859	0.091853	8185
anxdisord	relative_ct	lh_PI	0.004789	0.43253	0.66537	8185
anxdisord	relative_ct	lh_PIT	-0.017667	-1.5959	0.11056	8185
anxdisord	relative_ct	lh_POS1	-0.025647	-2.3171	0.020525	8185
anxdisord	relative_ct	lh_POS2	0.0015619	0.14106	0.88782	8185
anxdisord	relative_ct	lh_PSL	0.0058049	0.52428	0.6001	8185
anxdisord	relative_ct	lh_PeEc	0.014821	1.3387	0.18071	8185
anxdisord	relative_ct	lh_Pir	0.010311	0.93133	0.35171	8185
anxdisord	relative_ct	lh_PoI1	0.011358	1.0259	0.30499	8185
anxdisord	relative_ct	lh_PoI2	0.0060777	0.54893	0.58307	8185
anxdisord	relative_ct	lh_PreS	-0.0046532	-0.42027	0.6743	8185
anxdisord	relative_ct	lh_ProS	-0.017073	-1.5422	0.12307	8185
anxdisord	relative_ct	lh_RI	0.002213	0.19987	0.84158	8185
anxdisord	relative_ct	lh_RSC	-0.0092952	-0.83954	0.40119	8185
anxdisord	relative_ct	lh_SCEF	-0.0040002	-0.36128	0.7179	8185
anxdisord	relative_ct	lh_SFL	-0.020969	-1.8942	0.058232	8185
anxdisord	relative_ct	lh_STGa	0.017527	1.5832	0.11341	8185
anxdisord	relative_ct	lh_STSda	0.0069265	0.62559	0.5316	8185
anxdisord	relative_ct	lh_STSdp	-0.011607	-1.0484	0.2945	8185
anxdisord	relative_ct	lh_STSva	-0.0036931	-0.33355	0.73873	8185
anxdisord	relative_ct	lh_STSvp	-0.011964	-1.0807	0.27988	8185
anxdisord	relative_ct	lh_STV	0.010121	0.91413	0.36067	8185
anxdisord	relative_ct	lh_TA2	0.00099268	0.089655	0.92856	8185
anxdisord	relative_ct	lh_TE1a	-0.0015026	-0.13571	0.89205	8185
anxdisord	relative_ct	lh_TE1m	-0.0082965	-0.74933	0.45368	8185
anxdisord	relative_ct	lh_TE1p	-0.0060266	-0.54431	0.58624	8185
anxdisord	relative_ct	lh_TE2a	-3.0465e-05	-0.0027514	0.9978	8185
anxdisord	relative_ct	lh_TE2p	-0.0051585	-0.4659	0.6413	8185
anxdisord	relative_ct	lh_TF	0.009941	0.89788	0.36928	8185
anxdisord	relative_ct	lh_TGd	0.0096479	0.8714	0.38356	8185
anxdisord	relative_ct	lh_TGv	0.004484	0.40498	0.6855	8185
anxdisord	relative_ct	lh_TPOJ1	-0.010425	-0.9416	0.34642	8185
anxdisord	relative_ct	lh_TPOJ2	-0.0047114	-0.42552	0.67047	8185
anxdisord	relative_ct	lh_TPOJ3	-0.0044306	-0.40016	0.68905	8185
anxdisord	relative_ct	lh_V1	-0.0028698	-0.25919	0.79549	8185
anxdisord	relative_ct	lh_V2	-0.0077231	-0.69754	0.48549	8185
anxdisord	relative_ct	lh_V3	0.015062	1.3605	0.17372	8185
anxdisord	relative_ct	lh_V3A	0.0083835	0.75719	0.44896	8185
anxdisord	relative_ct	lh_V3B	-0.020918	-1.8896	0.058841	8185
anxdisord	relative_ct	lh_V3CD	-0.0089383	-0.8073	0.41952	8185
anxdisord	relative_ct	lh_V4	-0.00013219	-0.011939	0.99047	8185
anxdisord	relative_ct	lh_V4t	-0.0080582	-0.72781	0.46675	8185
anxdisord	relative_ct	lh_V6	0.022574	2.0393	0.041453	8185
anxdisord	relative_ct	lh_V6A	-0.010136	-0.91552	0.35995	8185
anxdisord	relative_ct	lh_V7	-0.0044654	-0.4033	0.68674	8185
anxdisord	relative_ct	lh_V8	-0.0091279	-0.82443	0.40972	8185
anxdisord	relative_ct	lh_VIP	-0.022886	-2.0675	0.038718	8185
anxdisord	relative_ct	lh_VMV1	0.0025506	0.23036	0.81782	8185
anxdisord	relative_ct	lh_VMV2	-0.0077494	-0.69992	0.484	8185
anxdisord	relative_ct	lh_VMV3	0.0053672	0.48475	0.62787	8185
anxdisord	relative_ct	lh_VVC	0.027084	2.4471	0.014424	8185
anxdisord	relative_ct	lh_a10p	-0.017578	-1.5879	0.11236	8185
anxdisord	relative_ct	lh_a24	-0.0084841	-0.76628	0.44353	8185
anxdisord	relative_ct	lh_a24pr	0.0095012	0.85815	0.39083	8185
anxdisord	relative_ct	lh_a32pr	0.0076284	0.68899	0.49085	8185
anxdisord	relative_ct	lh_a47r	-0.031375	-2.8351	0.004593	8185
anxdisord	relative_ct	lh_a9-46v	-0.015491	-1.3992	0.16178	8185
anxdisord	relative_ct	lh_d23ab	-0.022946	-2.073	0.038207	8185
anxdisord	relative_ct	lh_d32	-0.00090156	-0.081425	0.93511	8185
anxdisord	relative_ct	lh_i6-8	0.0014958	0.1351	0.89254	8185
anxdisord	relative_ct	lh_p10p	-0.014185	-1.2813	0.20014	8185
anxdisord	relative_ct	lh_p24	0.005583	0.50424	0.6141	8185
anxdisord	relative_ct	lh_p24pr	-0.0048171	-0.43507	0.66353	8185
anxdisord	relative_ct	lh_p32	-0.012894	-1.1646	0.2442	8185
anxdisord	relative_ct	lh_p32pr	0.0042906	0.38752	0.69838	8185
anxdisord	relative_ct	lh_p47r	-0.013944	-1.2595	0.20789	8185
anxdisord	relative_ct	lh_p9-46v	-0.023989	-2.1672	0.030247	8185
anxdisord	relative_ct	lh_pOFC	-0.011248	-1.016	0.30967	8185
anxdisord	relative_ct	lh_s32	-0.014138	-1.277	0.20163	8185
anxdisord	relative_ct	lh_s6-8	-0.013919	-1.2573	0.2087	8185
anxdisord	relative_ct	lh_v23ab	9.5755e-05	0.0086482	0.9931	8185
anxdep	absolute	lh_1	0.011172	1.0091	0.31294	8184
anxdep	absolute	lh_10d	-0.012895	-1.1648	0.24414	8184
anxdep	absolute	lh_10pp	-0.010616	-0.9589	0.33764	8184
anxdep	absolute	lh_10r	-0.0013259	-0.11976	0.90468	8184
anxdep	absolute	lh_10v	0.0048789	0.44068	0.65946	8184
anxdep	absolute	lh_11l	-0.018918	-1.709	0.087483	8184
anxdep	absolute	lh_13l	-0.0071795	-0.64848	0.51669	8184
anxdep	absolute	lh_2	0.019105	1.7259	0.084407	8184
anxdep	absolute	lh_23c	0.011485	1.0374	0.29959	8184
anxdep	absolute	lh_23d	-0.0085182	-0.7694	0.44168	8184
anxdep	absolute	lh_24dd	0.012065	1.0898	0.27582	8184
anxdep	absolute	lh_24dv	0.024429	2.2072	0.02733	8184
anxdep	absolute	lh_25	-0.0075462	-0.6816	0.49551	8184
anxdep	absolute	lh_31a	-0.003144	-0.28397	0.77644	8184
anxdep	absolute	lh_31pd	0.0041101	0.37124	0.71047	8184
anxdep	absolute	lh_31pv	0.012524	1.1313	0.25797	8184
anxdep	absolute	lh_33pr	-0.012008	-1.0846	0.27811	8184
anxdep	absolute	lh_3a	-0.0080327	-0.72555	0.46814	8184
anxdep	absolute	lh_3b	0.013511	1.2205	0.22233	8184
anxdep	absolute	lh_4	-0.00097054	-0.087661	0.93015	8184
anxdep	absolute	lh_43	-0.015135	-1.3671	0.17162	8184
anxdep	absolute	lh_44	-0.0011935	-0.1078	0.91416	8184
anxdep	absolute	lh_45	0.015011	1.356	0.17513	8184
anxdep	absolute	lh_46	0.002407	0.21741	0.8279	8184
anxdep	absolute	lh_47l	-0.0030763	-0.27786	0.78113	8184
anxdep	absolute	lh_47m	-0.00080371	-0.072592	0.94213	8184
anxdep	absolute	lh_47s	0.012806	1.1567	0.24742	8184
anxdep	absolute	lh_52	0.022174	2.0033	0.04518	8184
anxdep	absolute	lh_55b	0.018099	1.635	0.10209	8184
anxdep	absolute	lh_5L	0.010808	0.97629	0.32895	8184
anxdep	absolute	lh_5m	0.032887	2.972	0.0029674	8184
anxdep	absolute	lh_5mv	0.018105	1.6356	0.10197	8184
anxdep	absolute	lh_6a	0.0062318	0.56288	0.57353	8184
anxdep	absolute	lh_6d	0.010702	0.96665	0.33375	8184
anxdep	absolute	lh_6ma	0.0012541	0.11328	0.90981	8184
anxdep	absolute	lh_6mp	0.016672	1.506	0.1321	8184
anxdep	absolute	lh_6r	0.0041012	0.37043	0.71107	8184
anxdep	absolute	lh_6v	0.012666	1.1441	0.25263	8184
anxdep	absolute	lh_7AL	0.0024918	0.22506	0.82193	8184
anxdep	absolute	lh_7Am	-0.010396	-0.93904	0.34774	8184
anxdep	absolute	lh_7PC	-0.013292	-1.2007	0.22991	8184
anxdep	absolute	lh_7PL	-0.0011979	-0.10819	0.91385	8184
anxdep	absolute	lh_7Pm	0.0025823	0.23324	0.81558	8184
anxdep	absolute	lh_7m	0.033146	2.9954	0.0027488	8184
anxdep	absolute	lh_8Ad	0.0024614	0.22232	0.82407	8184
anxdep	absolute	lh_8Av	-0.0028721	-0.25941	0.79533	8184
anxdep	absolute	lh_8BL	0.0014594	0.13182	0.89513	8184
anxdep	absolute	lh_8BM	0.0028174	0.25448	0.79913	8184
anxdep	absolute	lh_8C	0.015464	1.3969	0.16248	8184
anxdep	absolute	lh_9-46d	-0.013665	-1.2344	0.21709	8184
anxdep	absolute	lh_9a	-0.013079	-1.1814	0.23749	8184
anxdep	absolute	lh_9m	0.0093643	0.84584	0.39767	8184
anxdep	absolute	lh_9p	-0.0037127	-0.33534	0.73738	8184
anxdep	absolute	lh_A1	0.0313	2.8284	0.0046893	8184
anxdep	absolute	lh_A4	0.027923	2.523	0.011654	8184
anxdep	absolute	lh_A5	0.024687	2.2305	0.025745	8184
anxdep	absolute	lh_AAIC	-0.013775	-1.2443	0.21343	8184
anxdep	absolute	lh_AIP	0.0074222	0.6704	0.50262	8184
anxdep	absolute	lh_AVI	0.013471	1.2168	0.22371	8184
anxdep	absolute	lh_DVT	0.024539	2.2171	0.026647	8184
anxdep	absolute	lh_EC	0.012141	1.0967	0.2728	8184
anxdep	absolute	lh_FEF	0.031614	2.8569	0.0042893	8184
anxdep	absolute	lh_FFC	0.010089	0.91131	0.36216	8184
anxdep	absolute	lh_FOP1	0.0039121	0.35335	0.72384	8184
anxdep	absolute	lh_FOP2	0.0076798	0.69367	0.48791	8184
anxdep	absolute	lh_FOP3	0.0087126	0.78697	0.43132	8184
anxdep	absolute	lh_FOP4	0.0097275	0.87865	0.37962	8184
anxdep	absolute	lh_FOP5	0.01738	1.57	0.11645	8184
anxdep	absolute	lh_FST	0.0072624	0.65597	0.51186	8184
anxdep	absolute	lh_IFJa	0.01343	1.2132	0.2251	8184
anxdep	absolute	lh_IFJp	0.011496	1.0384	0.29911	8184
anxdep	absolute	lh_IFSa	0.0065245	0.58932	0.55567	8184
anxdep	absolute	lh_IFSp	0.0027745	0.2506	0.80213	8184
anxdep	absolute	lh_IP0	0.0040582	0.36655	0.71396	8184
anxdep	absolute	lh_IP1	0.0094468	0.85329	0.39353	8184
anxdep	absolute	lh_IP2	0.013295	1.2009	0.22981	8184
anxdep	absolute	lh_IPS1	0.013002	1.1744	0.24026	8184
anxdep	absolute	lh_Ig	-0.0018955	-0.1712	0.86407	8184
anxdep	absolute	lh_LBelt	0.018677	1.6872	0.091605	8184
anxdep	absolute	lh_LIPd	0.024288	2.1944	0.028233	8184
anxdep	absolute	lh_LIPv	-0.00047996	-0.043351	0.96542	8184
anxdep	absolute	lh_LO1	0.023855	2.1552	0.031172	8184
anxdep	absolute	lh_LO2	0.016553	1.4953	0.13487	8184
anxdep	absolute	lh_LO3	0.011929	1.0775	0.2813	8184
anxdep	absolute	lh_MBelt	0.024776	2.2385	0.025215	8184
anxdep	absolute	lh_MI	0.026799	2.4214	0.015484	8184
anxdep	absolute	lh_MIP	0.010541	0.9521	0.34108	8184
anxdep	absolute	lh_MST	0.02707	2.4459	0.014471	8184
anxdep	absolute	lh_MT	0.029676	2.6815	0.0073436	8184
anxdep	absolute	lh_OFC	-0.022184	-2.0042	0.04508	8184
anxdep	absolute	lh_OP1	-0.008939	-0.80742	0.41945	8184
anxdep	absolute	lh_OP2-3	-0.0054378	-0.49116	0.62333	8184
anxdep	absolute	lh_OP4	0.0072374	0.65371	0.51332	8184
anxdep	absolute	lh_PBelt	0.024277	2.1934	0.02831	8184
anxdep	absolute	lh_PCV	0.017604	1.5903	0.1118	8184
anxdep	absolute	lh_PEF	0.013695	1.237	0.21611	8184
anxdep	absolute	lh_PF	0.023509	2.1239	0.033706	8184
anxdep	absolute	lh_PFcm	0.030966	2.7982	0.0051505	8184
anxdep	absolute	lh_PFm	0.012902	1.1654	0.24387	8184
anxdep	absolute	lh_PFop	5.0408e-05	0.0045529	0.99637	8184
anxdep	absolute	lh_PFt	0.013165	1.1892	0.23441	8184
anxdep	absolute	lh_PGi	0.0035466	0.32034	0.74872	8184
anxdep	absolute	lh_PGp	0.01631	1.4733	0.1407	8184
anxdep	absolute	lh_PGs	0.014121	1.2756	0.20214	8184
anxdep	absolute	lh_PH	0.029338	2.651	0.0080411	8184
anxdep	absolute	lh_PHA1	-0.0022285	-0.20128	0.84048	8184
anxdep	absolute	lh_PHA2	0.024497	2.2132	0.026908	8184
anxdep	absolute	lh_PHA3	0.0061065	0.55156	0.58126	8184
anxdep	absolute	lh_PHT	0.016207	1.464	0.14322	8184
anxdep	absolute	lh_PI	0.022716	2.0523	0.040171	8184
anxdep	absolute	lh_PIT	0.0083437	0.75365	0.45108	8184
anxdep	absolute	lh_POS1	0.012271	1.1084	0.2677	8184
anxdep	absolute	lh_POS2	0.019315	1.7449	0.081039	8184
anxdep	absolute	lh_PSL	0.0043092	0.38922	0.69713	8184
anxdep	absolute	lh_PeEc	0.023421	2.116	0.034376	8184
anxdep	absolute	lh_Pir	-0.024853	-2.2454	0.024767	8184
anxdep	absolute	lh_PoI1	0.018107	1.6358	0.10193	8184
anxdep	absolute	lh_PoI2	-0.0078563	-0.70961	0.47796	8184
anxdep	absolute	lh_PreS	-0.0013462	-0.12159	0.90323	8184
anxdep	absolute	lh_ProS	0.012598	1.1379	0.25518	8184
anxdep	absolute	lh_RI	0.015641	1.4129	0.15771	8184
anxdep	absolute	lh_RSC	0.0014412	0.13017	0.89643	8184
anxdep	absolute	lh_SCEF	0.0086905	0.78497	0.43249	8184
anxdep	absolute	lh_SFL	-0.015193	-1.3724	0.16996	8184
anxdep	absolute	lh_STGa	0.013395	1.2099	0.22634	8184
anxdep	absolute	lh_STSda	0.018604	1.6806	0.092876	8184
anxdep	absolute	lh_STSdp	0.003586	0.3239	0.74602	8184
anxdep	absolute	lh_STSva	0.023773	2.1479	0.031754	8184
anxdep	absolute	lh_STSvp	0.0078238	0.70668	0.47978	8184
anxdep	absolute	lh_STV	0.01467	1.3252	0.18514	8184
anxdep	absolute	lh_TA2	0.025405	2.2954	0.021736	8184
anxdep	absolute	lh_TE1a	0.028809	2.6032	0.0092533	8184
anxdep	absolute	lh_TE1m	0.0095862	0.86588	0.38658	8184
anxdep	absolute	lh_TE1p	0.0072931	0.65874	0.51008	8184
anxdep	absolute	lh_TE2a	0.017006	1.5362	0.12452	8184
anxdep	absolute	lh_TE2p	0.01107	0.99995	0.31736	8184
anxdep	absolute	lh_TF	0.019538	1.7651	0.077588	8184
anxdep	absolute	lh_TGd	0.016094	1.4538	0.14604	8184
anxdep	absolute	lh_TGv	0.011321	1.0226	0.30652	8184
anxdep	absolute	lh_TPOJ1	0.012421	1.1219	0.26192	8184
anxdep	absolute	lh_TPOJ2	0.013494	1.2189	0.22292	8184
anxdep	absolute	lh_TPOJ3	0.02298	2.0762	0.037908	8184
anxdep	absolute	lh_V1	0.022526	2.0351	0.041873	8184
anxdep	absolute	lh_V2	0.027378	2.4737	0.013391	8184
anxdep	absolute	lh_V3	0.022874	2.0666	0.038804	8184
anxdep	absolute	lh_V3A	0.029891	2.701	0.0069272	8184
anxdep	absolute	lh_V3B	0.010372	0.93686	0.34886	8184
anxdep	absolute	lh_V3CD	0.024662	2.2282	0.025896	8184
anxdep	absolute	lh_V4	0.02294	2.0725	0.038247	8184
anxdep	absolute	lh_V4t	0.022011	1.9886	0.04678	8184
anxdep	absolute	lh_V6	0.041216	3.7258	0.00019599	8184
anxdep	absolute	lh_V6A	0.026717	2.414	0.0158	8184
anxdep	absolute	lh_V7	0.028398	2.566	0.010306	8184
anxdep	absolute	lh_V8	-0.0049153	-0.44397	0.65708	8184
anxdep	absolute	lh_VIP	0.0013078	0.11812	0.90597	8184
anxdep	absolute	lh_VMV1	0.059306	5.3661	8.2685e-08	8184
anxdep	absolute	lh_VMV2	0.012597	1.1379	0.25521	8184
anxdep	absolute	lh_VMV3	0.024169	2.1836	0.029018	8184
anxdep	absolute	lh_VVC	0.04286	3.8748	0.00010756	8184
anxdep	absolute	lh_a10p	0.0055271	0.49922	0.61764	8184
anxdep	absolute	lh_a24	-0.011141	-1.0064	0.31427	8184
anxdep	absolute	lh_a24pr	0.029024	2.6226	0.0087433	8184
anxdep	absolute	lh_a32pr	0.011162	1.0082	0.31337	8184
anxdep	absolute	lh_a47r	-0.013116	-1.1848	0.23615	8184
anxdep	absolute	lh_a9-46v	0.00012702	0.011473	0.99085	8184
anxdep	absolute	lh_d23ab	0.020513	1.8531	0.063902	8184
anxdep	absolute	lh_d32	0.024803	2.2409	0.025058	8184
anxdep	absolute	lh_i6-8	0.0067181	0.6068	0.544	8184
anxdep	absolute	lh_p10p	0.0031241	0.28217	0.77782	8184
anxdep	absolute	lh_p24	0.0097075	0.87684	0.3806	8184
anxdep	absolute	lh_p24pr	0.016691	1.5078	0.13166	8184
anxdep	absolute	lh_p32	-0.0042487	-0.38375	0.70117	8184
anxdep	absolute	lh_p32pr	0.0081989	0.74057	0.45898	8184
anxdep	absolute	lh_p47r	-0.0014639	-0.13222	0.89482	8184
anxdep	absolute	lh_p9-46v	0.0017894	0.16162	0.87161	8184
anxdep	absolute	lh_pOFC	-0.019558	-1.7669	0.077286	8184
anxdep	absolute	lh_s32	-0.0040233	-0.3634	0.71632	8184
anxdep	absolute	lh_s6-8	0.013243	1.1963	0.23163	8184
anxdep	absolute	lh_v23ab	0.035663	3.2232	0.0012727	8184
anxdep	relative	lh_1	-0.0004611	-0.041645	0.96678	8184
anxdep	relative	lh_10d	-0.023555	-2.128	0.033367	8184
anxdep	relative	lh_10pp	-0.019471	-1.7589	0.078637	8184
anxdep	relative	lh_10r	-0.0089101	-0.80476	0.42098	8184
anxdep	relative	lh_10v	-0.0032445	-0.29304	0.7695	8184
anxdep	relative	lh_11l	-0.029576	-2.6724	0.0075468	8184
anxdep	relative	lh_13l	-0.017109	-1.5454	0.12228	8184
anxdep	relative	lh_2	0.0074931	0.67676	0.49857	8184
anxdep	relative	lh_23c	-0.00037681	-0.034032	0.97285	8184
anxdep	relative	lh_23d	-0.0155	-1.4001	0.16153	8184
anxdep	relative	lh_24dd	0.00064337	0.058106	0.95367	8184
anxdep	relative	lh_24dv	0.016188	1.4622	0.14373	8184
anxdep	relative	lh_25	-0.010832	-0.9784	0.32791	8184
anxdep	relative	lh_31a	-0.012883	-1.1637	0.2446	8184
anxdep	relative	lh_31pd	-0.007682	-0.69383	0.48781	8184
anxdep	relative	lh_31pv	0.0023507	0.21231	0.83187	8184
anxdep	relative	lh_33pr	-0.01377	-1.2438	0.21361	8184
anxdep	relative	lh_3a	-0.016357	-1.4775	0.13957	8184
anxdep	relative	lh_3b	0.0081539	0.73645	0.46148	8184
anxdep	relative	lh_4	-0.0031862	-0.28777	0.77353	8184
anxdep	relative	lh_43	-0.026207	-2.3677	0.017921	8184
anxdep	relative	lh_44	-0.012181	-1.1002	0.27128	8184
anxdep	relative	lh_45	0.0041629	0.37598	0.70694	8184
anxdep	relative	lh_46	-0.012817	-1.1577	0.24701	8184
anxdep	relative	lh_47l	-0.014714	-1.329	0.18388	8184
anxdep	relative	lh_47m	-0.01009	-0.91132	0.36215	8184
anxdep	relative	lh_47s	0.0051202	0.46245	0.64377	8184
anxdep	relative	lh_52	0.015277	1.3799	0.16765	8184
anxdep	relative	lh_55b	0.0095749	0.86481	0.38717	8184
anxdep	relative	lh_5L	0.00042235	0.038145	0.96957	8184
anxdep	relative	lh_5m	0.024507	2.2141	0.026852	8184
anxdep	relative	lh_5mv	0.0070809	0.63954	0.52249	8184
anxdep	relative	lh_6a	-0.0071015	-0.6414	0.52128	8184
anxdep	relative	lh_6d	0.0010662	0.096294	0.92329	8184
anxdep	relative	lh_6ma	-0.0099837	-0.90174	0.36722	8184
anxdep	relative	lh_6mp	0.0066849	0.60377	0.54601	8184
anxdep	relative	lh_6r	-0.0086323	-0.77966	0.43561	8184
anxdep	relative	lh_6v	0.0036006	0.3252	0.74504	8184
anxdep	relative	lh_7AL	-0.0081555	-0.7366	0.46139	8184
anxdep	relative	lh_7Am	-0.023469	-2.1202	0.034016	8184
anxdep	relative	lh_7PC	-0.028109	-2.5397	0.011112	8184
anxdep	relative	lh_7PL	-0.012635	-1.1412	0.25381	8184
anxdep	relative	lh_7Pm	-0.0072721	-0.65681	0.51132	8184
anxdep	relative	lh_7m	0.024722	2.2335	0.025544	8184
anxdep	relative	lh_8Ad	-0.011655	-1.0527	0.2925	8184
anxdep	relative	lh_8Av	-0.011373	-1.0272	0.30436	8184
anxdep	relative	lh_8BL	-0.0094555	-0.85402	0.39312	8184
anxdep	relative	lh_8BM	-0.0090466	-0.81709	0.4139	8184
anxdep	relative	lh_8C	0.0034321	0.30997	0.75659	8184
anxdep	relative	lh_9-46d	-0.029675	-2.6814	0.0073472	8184
anxdep	relative	lh_9a	-0.025431	-2.2976	0.021612	8184
anxdep	relative	lh_9m	-0.0022161	-0.20015	0.84137	8184
anxdep	relative	lh_9p	-0.016516	-1.4919	0.13577	8184
anxdep	relative	lh_A1	0.023822	2.1521	0.031419	8184
anxdep	relative	lh_A4	0.018217	1.6456	0.099888	8184
anxdep	relative	lh_A5	0.014798	1.3366	0.18139	8184
anxdep	relative	lh_AAIC	-0.016237	-1.4666	0.14252	8184
anxdep	relative	lh_AIP	-0.0061386	-0.55443	0.5793	8184
anxdep	relative	lh_AVI	0.0059453	0.53696	0.59131	8184
anxdep	relative	lh_DVT	0.014543	1.3136	0.18903	8184
anxdep	relative	lh_EC	0.0096881	0.87503	0.38158	8184
anxdep	relative	lh_FEF	0.023847	2.1544	0.031239	8184
anxdep	relative	lh_FFC	-0.0022725	-0.20524	0.83739	8184
anxdep	relative	lh_FOP1	-0.0039365	-0.35553	0.7222	8184
anxdep	relative	lh_FOP2	0.00051227	0.046266	0.9631	8184
anxdep	relative	lh_FOP3	0.0022625	0.20434	0.83809	8184
anxdep	relative	lh_FOP4	0.0010176	0.091904	0.92678	8184
anxdep	relative	lh_FOP5	0.0092033	0.83124	0.40586	8184
anxdep	relative	lh_FST	-0.0042806	-0.38661	0.69905	8184
anxdep	relative	lh_IFJa	0.0043318	0.39124	0.69563	8184
anxdep	relative	lh_IFJp	0.0040622	0.36689	0.71371	8184
anxdep	relative	lh_IFSa	-0.0061435	-0.55487	0.579	8184
anxdep	relative	lh_IFSp	-0.009322	-0.84196	0.39983	8184
anxdep	relative	lh_IP0	-0.0086168	-0.77827	0.43643	8184
anxdep	relative	lh_IP1	-0.0039948	-0.36079	0.71826	8184
anxdep	relative	lh_IP2	0.0017413	0.15727	0.87504	8184
anxdep	relative	lh_IPS1	0.0018745	0.16929	0.86557	8184
anxdep	relative	lh_Ig	-0.010265	-0.92713	0.35389	8184
anxdep	relative	lh_LBelt	0.01013	0.91493	0.36026	8184
anxdep	relative	lh_LIPd	0.015379	1.3892	0.16482	8184
anxdep	relative	lh_LIPv	-0.011983	-1.0824	0.27912	8184
anxdep	relative	lh_LO1	0.015086	1.3627	0.17303	8184
anxdep	relative	lh_LO2	0.0072138	0.65154	0.51472	8184
anxdep	relative	lh_LO3	0.0013578	0.12263	0.90241	8184
anxdep	relative	lh_MBelt	0.016471	1.4878	0.13684	8184
anxdep	relative	lh_MI	0.020404	1.8432	0.065335	8184
anxdep	relative	lh_MIP	-0.0012301	-0.11109	0.91154	8184
anxdep	relative	lh_MST	0.018426	1.6645	0.096058	8184
anxdep	relative	lh_MT	0.021135	1.9093	0.056265	8184
anxdep	relative	lh_OFC	-0.029076	-2.6272	0.008626	8184
anxdep	relative	lh_OP1	-0.017699	-1.5988	0.10991	8184
anxdep	relative	lh_OP2-3	-0.01374	-1.2411	0.2146	8184
anxdep	relative	lh_OP4	-0.0044378	-0.40081	0.68857	8184
anxdep	relative	lh_PBelt	0.015103	1.3642	0.17253	8184
anxdep	relative	lh_PCV	0.006499	0.58698	0.55724	8184
anxdep	relative	lh_PEF	0.0062168	0.56149	0.57448	8184
anxdep	relative	lh_PF	0.013524	1.2215	0.22192	8184
anxdep	relative	lh_PFcm	0.022676	2.0486	0.040537	8184
anxdep	relative	lh_PFm	-0.00098122	-0.08862	0.92939	8184
anxdep	relative	lh_PFop	-0.010277	-0.92821	0.35332	8184
anxdep	relative	lh_PFt	0.0030777	0.27797	0.78104	8184
anxdep	relative	lh_PGi	-0.013555	-1.2243	0.22086	8184
anxdep	relative	lh_PGp	0.0056472	0.51005	0.61003	8184
anxdep	relative	lh_PGs	0.0017178	0.15515	0.87671	8184
anxdep	relative	lh_PH	0.020137	1.819	0.068944	8184
anxdep	relative	lh_PHA1	-0.0066217	-0.59806	0.54982	8184
anxdep	relative	lh_PHA2	0.018287	1.6519	0.098599	8184
anxdep	relative	lh_PHA3	-0.0021175	-0.19124	0.84834	8184
anxdep	relative	lh_PHT	0.0053298	0.48138	0.63026	8184
anxdep	relative	lh_PI	0.016211	1.4643	0.14315	8184
anxdep	relative	lh_PIT	-0.0016111	-0.14551	0.88431	8184
anxdep	relative	lh_POS1	0.0018501	0.1671	0.8673	8184
anxdep	relative	lh_POS2	0.0072357	0.65352	0.51344	8184
anxdep	relative	lh_PSL	-0.0065484	-0.59144	0.55424	8184
anxdep	relative	lh_PeEc	0.017492	1.5801	0.11413	8184
anxdep	relative	lh_Pir	-0.028138	-2.5423	0.011031	8184
anxdep	relative	lh_PoI1	0.013686	1.2361	0.21644	8184
anxdep	relative	lh_PoI2	-0.012553	-1.1338	0.25689	8184
anxdep	relative	lh_PreS	-0.002905	-0.26237	0.79304	8184
anxdep	relative	lh_ProS	0.0070664	0.63822	0.52335	8184
anxdep	relative	lh_RI	0.0059328	0.53584	0.59209	8184
anxdep	relative	lh_RSC	-0.0021206	-0.19153	0.84812	8184
anxdep	relative	lh_SCEF	-0.0025669	-0.23183	0.81667	8184
anxdep	relative	lh_SFL	-0.025277	-2.2836	0.02242	8184
anxdep	relative	lh_STGa	0.0052969	0.47841	0.63237	8184
anxdep	relative	lh_STSda	0.0084638	0.76444	0.44463	8184
anxdep	relative	lh_STSdp	-0.0095051	-0.8585	0.39064	8184
anxdep	relative	lh_STSva	0.015312	1.383	0.16669	8184
anxdep	relative	lh_STSvp	-0.0036466	-0.32935	0.7419	8184
anxdep	relative	lh_STV	0.004132	0.37319	0.70901	8184
anxdep	relative	lh_TA2	0.018804	1.6986	0.089431	8184
anxdep	relative	lh_TE1a	0.020938	1.8914	0.058605	8184
anxdep	relative	lh_TE1m	0.00057724	0.052134	0.95842	8184
anxdep	relative	lh_TE1p	-0.0034707	-0.31346	0.75394	8184
anxdep	relative	lh_TE2a	0.006588	0.59502	0.55185	8184
anxdep	relative	lh_TE2p	0.0015626	0.14113	0.88777	8184
anxdep	relative	lh_TF	0.011591	1.0469	0.29517	8184
anxdep	relative	lh_TGd	0.0086445	0.78076	0.43496	8184
anxdep	relative	lh_TGv	0.0032483	0.29337	0.76924	8184
anxdep	relative	lh_TPOJ1	-0.00089576	-0.080901	0.93552	8184
anxdep	relative	lh_TPOJ2	0.0011303	0.10208	0.91869	8184
anxdep	relative	lh_TPOJ3	0.013213	1.1935	0.23272	8184
anxdep	relative	lh_V1	0.016625	1.5017	0.13322	8184
anxdep	relative	lh_V2	0.018191	1.6432	0.10037	8184
anxdep	relative	lh_V3	0.013445	1.2144	0.22464	8184
anxdep	relative	lh_V3A	0.020738	1.8734	0.061048	8184
anxdep	relative	lh_V3B	6.7898e-05	0.0061323	0.99511	8184
anxdep	relative	lh_V3CD	0.015637	1.4125	0.15785	8184
anxdep	relative	lh_V4	0.011393	1.0291	0.30348	8184
anxdep	relative	lh_V4t	0.013254	1.1971	0.23129	8184
anxdep	relative	lh_V6	0.034069	3.0788	0.0020852	8184
anxdep	relative	lh_V6A	0.018814	1.6995	0.089259	8184
anxdep	relative	lh_V7	0.019768	1.7857	0.07418	8184
anxdep	relative	lh_V8	-0.017606	-1.5903	0.1118	8184
anxdep	relative	lh_VIP	-0.0098125	-0.88627	0.3755	8184
anxdep	relative	lh_VMV1	0.054832	4.9597	7.2036e-07	8184
anxdep	relative	lh_VMV2	0.0046826	0.42292	0.67237	8184
anxdep	relative	lh_VMV3	0.016166	1.4603	0.14425	8184
anxdep	relative	lh_VVC	0.036989	3.343	0.00083241	8184
anxdep	relative	lh_a10p	-0.0033318	-0.30092	0.76348	8184
anxdep	relative	lh_a24	-0.018889	-1.7063	0.087985	8184
anxdep	relative	lh_a24pr	0.022561	2.0381	0.041569	8184
anxdep	relative	lh_a32pr	0.0022063	0.19926	0.84206	8184
anxdep	relative	lh_a47r	-0.028734	-2.5962	0.009442	8184
anxdep	relative	lh_a9-46v	-0.012417	-1.1215	0.2621	8184
anxdep	relative	lh_d23ab	0.012739	1.1507	0.2499	8184
anxdep	relative	lh_d32	0.016165	1.4601	0.14429	8184
anxdep	relative	lh_i6-8	-0.0037539	-0.33904	0.73459	8184
anxdep	relative	lh_p10p	-0.0073573	-0.6645	0.50639	8184
anxdep	relative	lh_p24	0.0032137	0.29025	0.77163	8184
anxdep	relative	lh_p24pr	0.0091997	0.83091	0.40605	8184
anxdep	relative	lh_p32	-0.014043	-1.2684	0.20469	8184
anxdep	relative	lh_p32pr	-0.0020596	-0.18601	0.85244	8184
anxdep	relative	lh_p47r	-0.01263	-1.1408	0.254	8184
anxdep	relative	lh_p9-46v	-0.011794	-1.0652	0.2868	8184
anxdep	relative	lh_pOFC	-0.023172	-2.0933	0.03635	8184
anxdep	relative	lh_s32	-0.010264	-0.92706	0.35392	8184
anxdep	relative	lh_s6-8	0.004297	0.38809	0.69796	8184
anxdep	relative	lh_v23ab	0.029096	2.6289	0.0085816	8184
anxdep	absolute_ct	lh_1	-0.028994	-2.6198	0.0088154	8184
anxdep	absolute_ct	lh_10d	0.0054933	0.49614	0.61981	8184
anxdep	absolute_ct	lh_10pp	-0.031155	-2.8152	0.0048869	8184
anxdep	absolute_ct	lh_10r	-0.018369	-1.6593	0.097091	8184
anxdep	absolute_ct	lh_10v	-0.0061838	-0.55851	0.57651	8184
anxdep	absolute_ct	lh_11l	-0.028184	-2.5464	0.010901	8184
anxdep	absolute_ct	lh_13l	-0.0045299	-0.40913	0.68246	8184
anxdep	absolute_ct	lh_2	-0.0020272	-0.18309	0.85473	8184
anxdep	absolute_ct	lh_23c	-0.016427	-1.4838	0.1379	8184
anxdep	absolute_ct	lh_23d	-0.022614	-2.0429	0.041095	8184
anxdep	absolute_ct	lh_24dd	0.0041217	0.37226	0.70971	8184
anxdep	absolute_ct	lh_24dv	0.019967	1.8037	0.071318	8184
anxdep	absolute_ct	lh_25	-0.0068448	-0.61821	0.53646	8184
anxdep	absolute_ct	lh_31a	-0.014053	-1.2694	0.20435	8184
anxdep	absolute_ct	lh_31pd	-0.02351	-2.1239	0.033706	8184
anxdep	absolute_ct	lh_31pv	-0.013517	-1.2209	0.22214	8184
anxdep	absolute_ct	lh_33pr	-0.017367	-1.5687	0.11675	8184
anxdep	absolute_ct	lh_3a	-0.015823	-1.4292	0.15297	8184
anxdep	absolute_ct	lh_3b	-0.031284	-2.8268	0.0047125	8184
anxdep	absolute_ct	lh_4	0.0080204	0.7244	0.46884	8184
anxdep	absolute_ct	lh_43	-0.011792	-1.065	0.28689	8184
anxdep	absolute_ct	lh_44	-0.0016179	-0.14612	0.88383	8184
anxdep	absolute_ct	lh_45	0.014594	1.3182	0.18748	8184
anxdep	absolute_ct	lh_46	-0.0052621	-0.47526	0.63461	8184
anxdep	absolute_ct	lh_47l	-0.016628	-1.502	0.13314	8184
anxdep	absolute_ct	lh_47m	-0.0031436	-0.28392	0.77648	8184
anxdep	absolute_ct	lh_47s	-0.01143	-1.0323	0.30194	8184
anxdep	absolute_ct	lh_52	0.017732	1.6017	0.10926	8184
anxdep	absolute_ct	lh_55b	0.009675	0.87385	0.38223	8184
anxdep	absolute_ct	lh_5L	-0.019053	-1.7211	0.085265	8184
anxdep	absolute_ct	lh_5m	-0.00051015	-0.046075	0.96325	8184
anxdep	absolute_ct	lh_5mv	0.0030849	0.27861	0.78055	8184
anxdep	absolute_ct	lh_6a	-0.0026034	-0.23513	0.81412	8184
anxdep	absolute_ct	lh_6d	-0.0076723	-0.69296	0.48836	8184
anxdep	absolute_ct	lh_6ma	-0.0095823	-0.86547	0.3868	8184
anxdep	absolute_ct	lh_6mp	0.012035	1.087	0.27707	8184
anxdep	absolute_ct	lh_6r	-0.0061653	-0.55684	0.57766	8184
anxdep	absolute_ct	lh_6v	0.010228	0.92378	0.35563	8184
anxdep	absolute_ct	lh_7AL	-0.024872	-2.247	0.024667	8184
anxdep	absolute_ct	lh_7Am	-0.017064	-1.5414	0.12326	8184
anxdep	absolute_ct	lh_7PC	-0.01598	-1.4434	0.14895	8184
anxdep	absolute_ct	lh_7PL	-0.018476	-1.6689	0.095169	8184
anxdep	absolute_ct	lh_7Pm	0.0034992	0.31604	0.75198	8184
anxdep	absolute_ct	lh_7m	0.0041033	0.3706	0.71095	8184
anxdep	absolute_ct	lh_8Ad	0.0046786	0.42256	0.67263	8184
anxdep	absolute_ct	lh_8Av	-0.011154	-1.0075	0.31373	8184
anxdep	absolute_ct	lh_8BL	-0.00033269	-0.030047	0.97603	8184
anxdep	absolute_ct	lh_8BM	0.006355	0.57397	0.56601	8184
anxdep	absolute_ct	lh_8C	0.013234	1.1953	0.232	8184
anxdep	absolute_ct	lh_9-46d	-0.020772	-1.8765	0.060623	8184
anxdep	absolute_ct	lh_9a	-0.0038747	-0.34995	0.72638	8184
anxdep	absolute_ct	lh_9m	-0.0020392	-0.18417	0.85388	8184
anxdep	absolute_ct	lh_9p	-0.00074206	-0.06702	0.94657	8184
anxdep	absolute_ct	lh_A1	0.0042556	0.38436	0.70072	8184
anxdep	absolute_ct	lh_A4	0.001841	0.16627	0.86795	8184
anxdep	absolute_ct	lh_A5	0.0053423	0.4825	0.62946	8184
anxdep	absolute_ct	lh_AAIC	-0.027281	-2.4648	0.013729	8184
anxdep	absolute_ct	lh_AIP	-0.007894	-0.71298	0.47588	8184
anxdep	absolute_ct	lh_AVI	-0.0086923	-0.78509	0.43243	8184
anxdep	absolute_ct	lh_DVT	0.010048	0.90757	0.36413	8184
anxdep	absolute_ct	lh_EC	0.0029024	0.26213	0.79323	8184
anxdep	absolute_ct	lh_FEF	0.016217	1.4648	0.14301	8184
anxdep	absolute_ct	lh_FFC	0.0067622	0.61075	0.54138	8184
anxdep	absolute_ct	lh_FOP1	0.0005254	0.047452	0.96215	8184
anxdep	absolute_ct	lh_FOP2	-0.0020422	-0.18444	0.85367	8184
anxdep	absolute_ct	lh_FOP3	0.0022639	0.20447	0.83799	8184
anxdep	absolute_ct	lh_FOP4	-0.0068697	-0.62046	0.53497	8184
anxdep	absolute_ct	lh_FOP5	0.0048442	0.43752	0.66175	8184
anxdep	absolute_ct	lh_FST	-0.0093571	-0.84514	0.39806	8184
anxdep	absolute_ct	lh_IFJa	0.00988	0.89237	0.37222	8184
anxdep	absolute_ct	lh_IFJp	-0.00034529	-0.031185	0.97512	8184
anxdep	absolute_ct	lh_IFSa	-0.01188	-1.073	0.28328	8184
anxdep	absolute_ct	lh_IFSp	0.0076037	0.68676	0.49226	8184
anxdep	absolute_ct	lh_IP0	-0.019954	-1.8025	0.071496	8184
anxdep	absolute_ct	lh_IP1	-0.010407	-0.93995	0.34727	8184
anxdep	absolute_ct	lh_IP2	-0.0096708	-0.87347	0.38243	8184
anxdep	absolute_ct	lh_IPS1	0.0060326	0.54485	0.58587	8184
anxdep	absolute_ct	lh_Ig	-0.01813	-1.6377	0.10153	8184
anxdep	absolute_ct	lh_LBelt	0.002679	0.24196	0.80882	8184
anxdep	absolute_ct	lh_LIPd	0.00076316	0.068925	0.94505	8184
anxdep	absolute_ct	lh_LIPv	-0.028021	-2.5317	0.011369	8184
anxdep	absolute_ct	lh_LO1	0.013668	1.2345	0.21704	8184
anxdep	absolute_ct	lh_LO2	-0.00033565	-0.030315	0.97582	8184
anxdep	absolute_ct	lh_LO3	0.020144	1.8197	0.068837	8184
anxdep	absolute_ct	lh_MBelt	0.0016068	0.14512	0.88462	8184
anxdep	absolute_ct	lh_MI	0.0057439	0.51878	0.60393	8184
anxdep	absolute_ct	lh_MIP	-0.0010497	-0.094803	0.92447	8184
anxdep	absolute_ct	lh_MST	0.010007	0.90382	0.36611	8184
anxdep	absolute_ct	lh_MT	0.0093043	0.84037	0.40073	8184
anxdep	absolute_ct	lh_OFC	-0.023779	-2.1483	0.031723	8184
anxdep	absolute_ct	lh_OP1	-0.022485	-2.0313	0.042256	8184
anxdep	absolute_ct	lh_OP2-3	-0.012786	-1.1549	0.24817	8184
anxdep	absolute_ct	lh_OP4	-0.017718	-1.6005	0.10953	8184
anxdep	absolute_ct	lh_PBelt	0.0070919	0.64053	0.52185	8184
anxdep	absolute_ct	lh_PCV	-0.006115	-0.55229	0.58076	8184
anxdep	absolute_ct	lh_PEF	-0.00078945	-0.0713	0.94316	8184
anxdep	absolute_ct	lh_PF	0.0086412	0.78047	0.43514	8184
anxdep	absolute_ct	lh_PFcm	0.015623	1.4112	0.15823	8184
anxdep	absolute_ct	lh_PFm	0.0025395	0.22936	0.8186	8184
anxdep	absolute_ct	lh_PFop	-0.0025702	-0.23213	0.81644	8184
anxdep	absolute_ct	lh_PFt	-0.0095976	-0.86686	0.38605	8184
anxdep	absolute_ct	lh_PGi	-0.0038243	-0.3454	0.7298	8184
anxdep	absolute_ct	lh_PGp	0.010121	0.91417	0.36066	8184
anxdep	absolute_ct	lh_PGs	-0.00030364	-0.027423	0.97812	8184
anxdep	absolute_ct	lh_PH	0.01005	0.90768	0.36407	8184
anxdep	absolute_ct	lh_PHA1	-0.0066139	-0.59736	0.55029	8184
anxdep	absolute_ct	lh_PHA2	0.0093013	0.84009	0.40088	8184
anxdep	absolute_ct	lh_PHA3	-0.0057986	-0.52371	0.60049	8184
anxdep	absolute_ct	lh_PHT	-0.010672	-0.96392	0.33512	8184
anxdep	absolute_ct	lh_PI	0.010248	0.92557	0.3547	8184
anxdep	absolute_ct	lh_PIT	-0.0051227	-0.46267	0.64361	8184
anxdep	absolute_ct	lh_POS1	-0.019215	-1.7357	0.082647	8184
anxdep	absolute_ct	lh_POS2	0.011446	1.0338	0.30126	8184
anxdep	absolute_ct	lh_PSL	0.0061193	0.55268	0.5805	8184
anxdep	absolute_ct	lh_PeEc	0.0087702	0.79212	0.42832	8184
anxdep	absolute_ct	lh_Pir	0.006288	0.56792	0.57011	8184
anxdep	absolute_ct	lh_PoI1	0.010792	0.97478	0.3297	8184
anxdep	absolute_ct	lh_PoI2	0.002492	0.22507	0.82193	8184
anxdep	absolute_ct	lh_PreS	-0.0019514	-0.17624	0.86011	8184
anxdep	absolute_ct	lh_ProS	-0.023191	-2.0951	0.036196	8184
anxdep	absolute_ct	lh_RI	0.0047607	0.42998	0.66723	8184
anxdep	absolute_ct	lh_RSC	-0.0089609	-0.80934	0.41834	8184
anxdep	absolute_ct	lh_SCEF	0.0035169	0.31763	0.75077	8184
anxdep	absolute_ct	lh_SFL	-0.013849	-1.2509	0.21101	8184
anxdep	absolute_ct	lh_STGa	0.025365	2.2916	0.021956	8184
anxdep	absolute_ct	lh_STSda	0.012371	1.1174	0.26386	8184
anxdep	absolute_ct	lh_STSdp	-0.0055807	-0.50404	0.61425	8184
anxdep	absolute_ct	lh_STSva	-0.00027135	-0.024507	0.98045	8184
anxdep	absolute_ct	lh_STSvp	-0.0087048	-0.78621	0.43177	8184
anxdep	absolute_ct	lh_STV	0.0094529	0.85378	0.39325	8184
anxdep	absolute_ct	lh_TA2	0.0064481	0.58238	0.56033	8184
anxdep	absolute_ct	lh_TE1a	0.0044048	0.39783	0.69077	8184
anxdep	absolute_ct	lh_TE1m	-0.0022329	-0.20167	0.84018	8184
anxdep	absolute_ct	lh_TE1p	0.0073115	0.66036	0.50904	8184
anxdep	absolute_ct	lh_TE2a	0.0071746	0.648	0.517	8184
anxdep	absolute_ct	lh_TE2p	-0.0031033	-0.28028	0.77927	8184
anxdep	absolute_ct	lh_TF	0.017092	1.5439	0.12265	8184
anxdep	absolute_ct	lh_TGd	0.0081869	0.73943	0.45967	8184
anxdep	absolute_ct	lh_TGv	0.0078191	0.70621	0.48007	8184
anxdep	absolute_ct	lh_TPOJ1	-0.0073794	-0.66649	0.50512	8184
anxdep	absolute_ct	lh_TPOJ2	0.0028342	0.25597	0.79798	8184
anxdep	absolute_ct	lh_TPOJ3	0.01197	1.0812	0.27964	8184
anxdep	absolute_ct	lh_V1	-0.0038502	-0.34774	0.72805	8184
anxdep	absolute_ct	lh_V2	-0.0023306	-0.2105	0.83329	8184
anxdep	absolute_ct	lh_V3	0.015801	1.4273	0.15354	8184
anxdep	absolute_ct	lh_V3A	0.0083665	0.75565	0.44988	8184
anxdep	absolute_ct	lh_V3B	-0.012012	-1.085	0.27796	8184
anxdep	absolute_ct	lh_V3CD	-0.0010152	-0.091691	0.92695	8184
anxdep	absolute_ct	lh_V4	0.0051105	0.46156	0.64441	8184
anxdep	absolute_ct	lh_V4t	-0.00088583	-0.080005	0.93624	8184
anxdep	absolute_ct	lh_V6	0.023106	2.0874	0.036885	8184
anxdep	absolute_ct	lh_V6A	0.00018218	0.016454	0.98687	8184
anxdep	absolute_ct	lh_V7	0.0077626	0.70111	0.48326	8184
anxdep	absolute_ct	lh_V8	-0.0055039	-0.4971	0.61913	8184
anxdep	absolute_ct	lh_VIP	-0.0094494	-0.85347	0.39342	8184
anxdep	absolute_ct	lh_VMV1	0.0041478	0.37462	0.70795	8184
anxdep	absolute_ct	lh_VMV2	-0.0025864	-0.23359	0.81531	8184
anxdep	absolute_ct	lh_VMV3	0.0079273	0.71598	0.47402	8184
anxdep	absolute_ct	lh_VVC	0.025172	2.2742	0.022981	8184
anxdep	absolute_ct	lh_a10p	-0.019924	-1.7998	0.071928	8184
anxdep	absolute_ct	lh_a24	-0.0038991	-0.35215	0.72473	8184
anxdep	absolute_ct	lh_a24pr	0.0065619	0.59266	0.55342	8184
anxdep	absolute_ct	lh_a32pr	0.0052998	0.47866	0.63219	8184
anxdep	absolute_ct	lh_a47r	-0.023387	-2.1128	0.034652	8184
anxdep	absolute_ct	lh_a9-46v	-0.0071824	-0.64871	0.51655	8184
anxdep	absolute_ct	lh_d23ab	-0.019995	-1.8063	0.070913	8184
anxdep	absolute_ct	lh_d32	0.0024926	0.22512	0.82189	8184
anxdep	absolute_ct	lh_i6-8	0.006243	0.56386	0.57287	8184
anxdep	absolute_ct	lh_p10p	-0.009009	-0.81369	0.41584	8184
anxdep	absolute_ct	lh_p24	0.002145	0.19373	0.84639	8184
anxdep	absolute_ct	lh_p24pr	0.0038459	0.34735	0.72834	8184
anxdep	absolute_ct	lh_p32	-0.0062593	-0.56532	0.57187	8184
anxdep	absolute_ct	lh_p32pr	0.0055151	0.49811	0.61842	8184
anxdep	absolute_ct	lh_p47r	-0.0082622	-0.74623	0.45555	8184
anxdep	absolute_ct	lh_p9-46v	-0.016688	-1.5074	0.13175	8184
anxdep	absolute_ct	lh_pOFC	-0.017723	-1.601	0.10942	8184
anxdep	absolute_ct	lh_s32	-0.0099701	-0.90051	0.36788	8184
anxdep	absolute_ct	lh_s6-8	-0.0045912	-0.41466	0.6784	8184
anxdep	absolute_ct	lh_v23ab	0.001957	0.17675	0.85971	8184
anxdep	relative_ct	lh_1	-0.034469	-3.1148	0.0018471	8184
anxdep	relative_ct	lh_10d	-0.0018028	-0.16281	0.87067	8184
anxdep	relative_ct	lh_10pp	-0.035492	-3.2073	0.0013451	8184
anxdep	relative_ct	lh_10r	-0.023529	-2.1255	0.033574	8184
anxdep	relative_ct	lh_10v	-0.010463	-0.94494	0.34472	8184
anxdep	relative_ct	lh_11l	-0.034934	-3.1568	0.0016009	8184
anxdep	relative_ct	lh_13l	-0.012021	-1.0857	0.27765	8184
anxdep	relative_ct	lh_2	-0.005854	-0.52869	0.59704	8184
anxdep	relative_ct	lh_23c	-0.023745	-2.145	0.031982	8184
anxdep	relative_ct	lh_23d	-0.025835	-2.3339	0.019623	8184
anxdep	relative_ct	lh_24dd	-0.003007	-0.27157	0.78596	8184
anxdep	relative_ct	lh_24dv	0.014362	1.2971	0.19462	8184
anxdep	relative_ct	lh_25	-0.0081233	-0.73364	0.46319	8184
anxdep	relative_ct	lh_31a	-0.021365	-1.9299	0.053649	8184
anxdep	relative_ct	lh_31pd	-0.030412	-2.7478	0.006013	8184
anxdep	relative_ct	lh_31pv	-0.018617	-1.6816	0.092677	8184
anxdep	relative_ct	lh_33pr	-0.019337	-1.7466	0.080738	8184
anxdep	relative_ct	lh_3a	-0.020722	-1.8718	0.061271	8184
anxdep	relative_ct	lh_3b	-0.032251	-2.9141	0.0035766	8184
anxdep	relative_ct	lh_4	0.005065	0.45742	0.64738	8184
anxdep	relative_ct	lh_43	-0.020151	-1.8202	0.068763	8184
anxdep	relative_ct	lh_44	-0.009939	-0.89764	0.36941	8184
anxdep	relative_ct	lh_45	0.0065638	0.59279	0.55334	8184
anxdep	relative_ct	lh_46	-0.015548	-1.4043	0.16026	8184
anxdep	relative_ct	lh_47l	-0.023214	-2.097	0.036024	8184
anxdep	relative_ct	lh_47m	-0.0098789	-0.89221	0.37231	8184
anxdep	relative_ct	lh_47s	-0.013828	-1.2489	0.21174	8184
anxdep	relative_ct	lh_52	0.012677	1.145	0.25226	8184
anxdep	relative_ct	lh_55b	0.004806	0.43404	0.66427	8184
anxdep	relative_ct	lh_5L	-0.024188	-2.1851	0.028913	8184
anxdep	relative_ct	lh_5m	-0.0027471	-0.2481	0.80407	8184
anxdep	relative_ct	lh_5mv	-0.0028831	-0.26038	0.79458	8184
anxdep	relative_ct	lh_6a	-0.010668	-0.96344	0.33535	8184
anxdep	relative_ct	lh_6d	-0.012628	-1.1406	0.25409	8184
anxdep	relative_ct	lh_6ma	-0.015114	-1.3651	0.17227	8184
anxdep	relative_ct	lh_6mp	0.0057584	0.52005	0.60304	8184
anxdep	relative_ct	lh_6r	-0.014063	-1.2702	0.20406	8184
anxdep	relative_ct	lh_6v	0.0050968	0.4603	0.64531	8184
anxdep	relative_ct	lh_7AL	-0.031294	-2.8275	0.0047025	8184
anxdep	relative_ct	lh_7Am	-0.028045	-2.5337	0.011304	8184
anxdep	relative_ct	lh_7PC	-0.026319	-2.3777	0.017442	8184
anxdep	relative_ct	lh_7PL	-0.028082	-2.5371	0.011196	8184
anxdep	relative_ct	lh_7Pm	-0.004777	-0.43142	0.66618	8184
anxdep	relative_ct	lh_7m	0.00073351	0.066243	0.94719	8184
anxdep	relative_ct	lh_8Ad	-0.0067877	-0.61301	0.53989	8184
anxdep	relative_ct	lh_8Av	-0.0083414	-0.75334	0.45127	8184
anxdep	relative_ct	lh_8BL	-0.0068036	-0.61445	0.53894	8184
anxdep	relative_ct	lh_8BM	-0.0017986	-0.16243	0.87097	8184
anxdep	relative_ct	lh_8C	0.0042523	0.38403	0.70096	8184
anxdep	relative_ct	lh_9-46d	-0.031127	-2.8125	0.0049276	8184
anxdep	relative_ct	lh_9a	-0.012329	-1.1135	0.26551	8184
anxdep	relative_ct	lh_9m	-0.0089842	-0.8114	0.41716	8184
anxdep	relative_ct	lh_9p	-0.0095762	-0.86487	0.38714	8184
anxdep	relative_ct	lh_A1	0.001826	0.16491	0.86902	8184
anxdep	relative_ct	lh_A4	-0.0016552	-0.14948	0.88118	8184
anxdep	relative_ct	lh_A5	0.00072876	0.065815	0.94753	8184
anxdep	relative_ct	lh_AAIC	-0.027787	-2.5105	0.012076	8184
anxdep	relative_ct	lh_AIP	-0.014331	-1.2944	0.19556	8184
anxdep	relative_ct	lh_AVI	-0.011431	-1.0324	0.30191	8184
anxdep	relative_ct	lh_DVT	0.0031496	0.28445	0.77608	8184
anxdep	relative_ct	lh_EC	0.0016488	0.1489	0.88164	8184
anxdep	relative_ct	lh_FEF	0.011997	1.0835	0.27861	8184
anxdep	relative_ct	lh_FFC	-0.0025819	-0.23317	0.81564	8184
anxdep	relative_ct	lh_FOP1	-0.0039037	-0.35255	0.72444	8184
anxdep	relative_ct	lh_FOP2	-0.0060038	-0.54221	0.58769	8184
anxdep	relative_ct	lh_FOP3	3.0613e-05	0.0027646	0.99779	8184
anxdep	relative_ct	lh_FOP4	-0.010611	-0.95838	0.3379	8184
anxdep	relative_ct	lh_FOP5	0.00080593	0.072784	0.94198	8184
anxdep	relative_ct	lh_FST	-0.017532	-1.5836	0.11332	8184
anxdep	relative_ct	lh_IFJa	0.003647	0.32936	0.74189	8184
anxdep	relative_ct	lh_IFJp	-0.0048065	-0.43408	0.66424	8184
anxdep	relative_ct	lh_IFSa	-0.019422	-1.7544	0.079402	8184
anxdep	relative_ct	lh_IFSp	-0.0017282	-0.15607	0.87598	8184
anxdep	relative_ct	lh_IP0	-0.026865	-2.4271	0.015241	8184
anxdep	relative_ct	lh_IP1	-0.018053	-1.6306	0.103	8184
anxdep	relative_ct	lh_IP2	-0.015713	-1.4192	0.15587	8184
anxdep	relative_ct	lh_IPS1	-0.0008171	-0.073793	0.94118	8184
anxdep	relative_ct	lh_Ig	-0.02232	-2.0163	0.043805	8184
anxdep	relative_ct	lh_LBelt	-0.0022427	-0.20254	0.8395	8184
anxdep	relative_ct	lh_LIPd	-0.0035068	-0.3167	0.75148	8184
anxdep	relative_ct	lh_LIPv	-0.03544	-3.2026	0.0013671	8184
anxdep	relative_ct	lh_LO1	0.0079041	0.71385	0.47534	8184
anxdep	relative_ct	lh_LO2	-0.0065702	-0.59338	0.55295	8184
anxdep	relative_ct	lh_LO3	0.011666	1.0536	0.29208	8184
anxdep	relative_ct	lh_MBelt	-0.00080085	-0.072326	0.94234	8184
anxdep	relative_ct	lh_MI	0.003204	0.28936	0.77231	8184
anxdep	relative_ct	lh_MIP	-0.0089931	-0.81221	0.4167	8184
anxdep	relative_ct	lh_MST	0.0046637	0.42118	0.67363	8184
anxdep	relative_ct	lh_MT	0.0040776	0.36825	0.71269	8184
anxdep	relative_ct	lh_OFC	-0.027328	-2.469	0.013571	8184
anxdep	relative_ct	lh_OP1	-0.026573	-2.4006	0.016388	8184
anxdep	relative_ct	lh_OP2-3	-0.018036	-1.6291	0.10333	8184
anxdep	relative_ct	lh_OP4	-0.023645	-2.136	0.032711	8184
anxdep	relative_ct	lh_PBelt	0.0022462	0.20285	0.83925	8184
anxdep	relative_ct	lh_PCV	-0.012616	-1.1394	0.25455	8184
anxdep	relative_ct	lh_PEF	-0.0055259	-0.49906	0.61775	8184
anxdep	relative_ct	lh_PF	0.0045087	0.40719	0.68388	8184
anxdep	relative_ct	lh_PFcm	0.011332	1.0234	0.30614	8184
anxdep	relative_ct	lh_PFm	-0.0054953	-0.49629	0.6197	8184
anxdep	relative_ct	lh_PFop	-0.0090758	-0.81967	0.41243	8184
anxdep	relative_ct	lh_PFt	-0.014679	-1.3258	0.18494	8184
anxdep	relative_ct	lh_PGi	-0.015712	-1.4192	0.15589	8184
anxdep	relative_ct	lh_PGp	0.0040451	0.36532	0.71488	8184
anxdep	relative_ct	lh_PGs	-0.0073738	-0.66595	0.50546	8184
anxdep	relative_ct	lh_PH	0.0055922	0.50504	0.61354	8184
anxdep	relative_ct	lh_PHA1	-0.0091522	-0.82657	0.4085	8184
anxdep	relative_ct	lh_PHA2	0.0059807	0.54013	0.58912	8184
anxdep	relative_ct	lh_PHA3	-0.0099341	-0.8972	0.36964	8184
anxdep	relative_ct	lh_PHT	-0.01608	-1.4524	0.14643	8184
anxdep	relative_ct	lh_PI	0.0065337	0.59007	0.55516	8184
anxdep	relative_ct	lh_PIT	-0.01219	-1.101	0.27093	8184
anxdep	relative_ct	lh_POS1	-0.024504	-2.2136	0.026882	8184
anxdep	relative_ct	lh_POS2	0.0033695	0.3043	0.7609	8184
anxdep	relative_ct	lh_PSL	0.00044798	0.040458	0.96773	8184
anxdep	relative_ct	lh_PeEc	0.0056546	0.51068	0.60959	8184
anxdep	relative_ct	lh_Pir	0.0056094	0.5066	0.61245	8184
anxdep	relative_ct	lh_PoI1	0.0087347	0.78887	0.43021	8184
anxdep	relative_ct	lh_PoI2	0.002397	0.21647	0.82863	8184
anxdep	relative_ct	lh_PreS	-0.0020956	-0.18925	0.8499	8184
anxdep	relative_ct	lh_ProS	-0.026307	-2.3766	0.017496	8184
anxdep	relative_ct	lh_RI	-0.0010687	-0.096512	0.92312	8184
anxdep	relative_ct	lh_RSC	-0.011798	-1.0655	0.28666	8184
anxdep	relative_ct	lh_SCEF	-0.0040171	-0.36279	0.71677	8184
anxdep	relative_ct	lh_SFL	-0.018745	-1.6931	0.090468	8184
anxdep	relative_ct	lh_STGa	0.020506	1.8523	0.064016	8184
anxdep	relative_ct	lh_STSda	0.0052285	0.4722	0.6368	8184
anxdep	relative_ct	lh_STSdp	-0.015169	-1.3701	0.1707	8184
anxdep	relative_ct	lh_STSva	-0.0026526	-0.23956	0.81068	8184
anxdep	relative_ct	lh_STSvp	-0.015433	-1.394	0.16336	8184
anxdep	relative_ct	lh_STV	0.0030643	0.27674	0.78199	8184
anxdep	relative_ct	lh_TA2	0.0034252	0.30934	0.75707	8184
anxdep	relative_ct	lh_TE1a	0.0019867	0.17942	0.85761	8184
anxdep	relative_ct	lh_TE1m	-0.0066614	-0.60161	0.54745	8184
anxdep	relative_ct	lh_TE1p	0.0012176	0.10996	0.91244	8184
anxdep	relative_ct	lh_TE2a	0.00075629	0.068301	0.94555	8184
anxdep	relative_ct	lh_TE2p	-0.0082281	-0.74311	0.45744	8184
anxdep	relative_ct	lh_TF	0.010847	0.97967	0.32728	8184
anxdep	relative_ct	lh_TGd	0.0047243	0.42666	0.66964	8184
anxdep	relative_ct	lh_TGv	0.0041625	0.37592	0.70699	8184
anxdep	relative_ct	lh_TPOJ1	-0.015992	-1.4445	0.14865	8184
anxdep	relative_ct	lh_TPOJ2	-0.0059636	-0.53858	0.59019	8184
anxdep	relative_ct	lh_TPOJ3	0.005419	0.4894	0.62457	8184
anxdep	relative_ct	lh_V1	-0.0053715	-0.48511	0.62761	8184
anxdep	relative_ct	lh_V2	-0.0040529	-0.36602	0.71436	8184
anxdep	relative_ct	lh_V3	0.020685	1.8685	0.061732	8184
anxdep	relative_ct	lh_V3A	0.0054483	0.49205	0.6227	8184
anxdep	relative_ct	lh_V3B	-0.017527	-1.5831	0.11343	8184
anxdep	relative_ct	lh_V3CD	-0.0063253	-0.57125	0.56785	8184
anxdep	relative_ct	lh_V4	0.0057979	0.52362	0.60055	8184
anxdep	relative_ct	lh_V4t	-0.0071489	-0.64564	0.51853	8184
anxdep	relative_ct	lh_V6	0.020757	1.875	0.060832	8184
anxdep	relative_ct	lh_V6A	-0.0045277	-0.4089	0.68262	8184
anxdep	relative_ct	lh_V7	0.0054105	0.48863	0.62511	8184
anxdep	relative_ct	lh_V8	-0.01526	-1.3783	0.16815	8184
anxdep	relative_ct	lh_VIP	-0.017138	-1.548	0.12167	8184
anxdep	relative_ct	lh_VMV1	0.0024064	0.21733	0.82796	8184
anxdep	relative_ct	lh_VMV2	-0.0085644	-0.77349	0.43926	8184
anxdep	relative_ct	lh_VMV3	0.0040278	0.36375	0.71605	8184
anxdep	relative_ct	lh_VVC	0.023268	2.1019	0.035593	8184
anxdep	relative_ct	lh_a10p	-0.023185	-2.0944	0.036256	8184
anxdep	relative_ct	lh_a24	-0.0075168	-0.67886	0.49724	8184
anxdep	relative_ct	lh_a24pr	0.0029717	0.26838	0.78841	8184
anxdep	relative_ct	lh_a32pr	-0.00061106	-0.055185	0.95599	8184
anxdep	relative_ct	lh_a47r	-0.033465	-3.0239	0.0025031	8184
anxdep	relative_ct	lh_a9-46v	-0.015307	-1.3826	0.16683	8184
anxdep	relative_ct	lh_d23ab	-0.023476	-2.1207	0.033976	8184
anxdep	relative_ct	lh_d32	-0.0026588	-0.24012	0.81024	8184
anxdep	relative_ct	lh_i6-8	0.00043766	0.039525	0.96847	8184
anxdep	relative_ct	lh_p10p	-0.014698	-1.3275	0.18438	8184
anxdep	relative_ct	lh_p24	-0.0012521	-0.11308	0.90997	8184
anxdep	relative_ct	lh_p24pr	-0.00054476	-0.049198	0.96076	8184
anxdep	relative_ct	lh_p32	-0.013168	-1.1893	0.23436	8184
anxdep	relative_ct	lh_p32pr	-0.001606	-0.14504	0.88469	8184
anxdep	relative_ct	lh_p47r	-0.01537	-1.3883	0.16509	8184
anxdep	relative_ct	lh_p9-46v	-0.026612	-2.4042	0.016232	8184
anxdep	relative_ct	lh_pOFC	-0.018663	-1.6858	0.091876	8184
anxdep	relative_ct	lh_s32	-0.014199	-1.2825	0.19972	8184
anxdep	relative_ct	lh_s6-8	-0.0095184	-0.85965	0.39001	8184
anxdep	relative_ct	lh_v23ab	3.2499e-05	0.002935	0.99766	8184
withdep	absolute	lh_1	0.025762	2.3283	0.01992	8189
withdep	absolute	lh_10d	0.017817	1.61	0.10744	8189
withdep	absolute	lh_10pp	0.0058864	0.53184	0.59485	8189
withdep	absolute	lh_10r	0.018087	1.6344	0.10221	8189
withdep	absolute	lh_10v	0.012977	1.1726	0.24101	8189
withdep	absolute	lh_11l	-0.0032505	-0.29369	0.76901	8189
withdep	absolute	lh_13l	0.0089639	0.80992	0.41801	8189
withdep	absolute	lh_2	0.041115	3.7178	0.00020228	8189
withdep	absolute	lh_23c	0.0086124	0.77815	0.4365	8189
withdep	absolute	lh_23d	0.0064102	0.57917	0.56249	8189
withdep	absolute	lh_24dd	0.033756	3.0516	0.0022838	8189
withdep	absolute	lh_24dv	0.039631	3.5835	0.00034105	8189
withdep	absolute	lh_25	-0.01341	-1.2117	0.22566	8189
withdep	absolute	lh_31a	-0.0013565	-0.12256	0.90246	8189
withdep	absolute	lh_31pd	0.0029847	0.26967	0.78742	8189
withdep	absolute	lh_31pv	0.010337	0.93399	0.35034	8189
withdep	absolute	lh_33pr	0.0011673	0.10546	0.91601	8189
withdep	absolute	lh_3a	0.012018	1.0859	0.27755	8189
withdep	absolute	lh_3b	0.017355	1.5682	0.11687	8189
withdep	absolute	lh_4	-0.0094157	-0.85074	0.39494	8189
withdep	absolute	lh_43	0.0067565	0.61046	0.54157	8189
withdep	absolute	lh_44	0.0028896	0.26107	0.79404	8189
withdep	absolute	lh_45	0.027849	2.5171	0.011851	8189
withdep	absolute	lh_46	0.021561	1.9485	0.051389	8189
withdep	absolute	lh_47l	0.010231	0.92438	0.35531	8189
withdep	absolute	lh_47m	0.01329	1.2009	0.22983	8189
withdep	absolute	lh_47s	0.01129	1.0201	0.30772	8189
withdep	absolute	lh_52	0.024734	2.2354	0.025416	8189
withdep	absolute	lh_55b	0.013959	1.2613	0.20725	8189
withdep	absolute	lh_5L	0.023341	2.1094	0.034942	8189
withdep	absolute	lh_5m	0.026509	2.3959	0.016602	8189
withdep	absolute	lh_5mv	0.031389	2.8373	0.0045604	8189
withdep	absolute	lh_6a	0.01633	1.4756	0.1401	8189
withdep	absolute	lh_6d	-0.0046758	-0.42246	0.6727	8189
withdep	absolute	lh_6ma	0.0047213	0.42657	0.6697	8189
withdep	absolute	lh_6mp	0.011843	1.0701	0.28461	8189
withdep	absolute	lh_6r	0.01281	1.1574	0.24712	8189
withdep	absolute	lh_6v	0.00677	0.61168	0.54077	8189
withdep	absolute	lh_7AL	0.020173	1.823	0.068347	8189
withdep	absolute	lh_7Am	-0.0032326	-0.29206	0.77025	8189
withdep	absolute	lh_7PC	-0.0010006	-0.090405	0.92797	8189
withdep	absolute	lh_7PL	0.00171	0.1545	0.87722	8189
withdep	absolute	lh_7Pm	0.017344	1.5672	0.1171	8189
withdep	absolute	lh_7m	0.03587	3.2429	0.001188	8189
withdep	absolute	lh_8Ad	0.011802	1.0664	0.2863	8189
withdep	absolute	lh_8Av	0.00091833	0.08297	0.93388	8189
withdep	absolute	lh_8BL	0.019429	1.7557	0.07917	8189
withdep	absolute	lh_8BM	0.019646	1.7753	0.075877	8189
withdep	absolute	lh_8C	0.025778	2.3298	0.019843	8189
withdep	absolute	lh_9-46d	0.015975	1.4435	0.14891	8189
withdep	absolute	lh_9a	-0.00092271	-0.083366	0.93356	8189
withdep	absolute	lh_9m	0.027089	2.4484	0.014372	8189
withdep	absolute	lh_9p	0.0062271	0.56262	0.57371	8189
withdep	absolute	lh_A1	0.016935	1.5303	0.12599	8189
withdep	absolute	lh_A4	0.021818	1.9718	0.048672	8189
withdep	absolute	lh_A5	0.025573	2.3112	0.020845	8189
withdep	absolute	lh_AAIC	-0.017072	-1.5427	0.12295	8189
withdep	absolute	lh_AIP	0.010835	0.97902	0.3276	8189
withdep	absolute	lh_AVI	0.021659	1.9574	0.050339	8189
withdep	absolute	lh_DVT	0.024767	2.2384	0.025223	8189
withdep	absolute	lh_EC	0.0019165	0.17315	0.86254	8189
withdep	absolute	lh_FEF	0.02301	2.0795	0.037605	8189
withdep	absolute	lh_FFC	0.020634	1.8647	0.062262	8189
withdep	absolute	lh_FOP1	0.022528	2.0359	0.041794	8189
withdep	absolute	lh_FOP2	0.015038	1.3589	0.17423	8189
withdep	absolute	lh_FOP3	0.025433	2.2986	0.021552	8189
withdep	absolute	lh_FOP4	0.01896	1.7133	0.08669	8189
withdep	absolute	lh_FOP5	0.02619	2.3671	0.017952	8189
withdep	absolute	lh_FST	0.016852	1.5228	0.12785	8189
withdep	absolute	lh_IFJa	0.022829	2.0631	0.039135	8189
withdep	absolute	lh_IFJp	-0.0080743	-0.72953	0.4657	8189
withdep	absolute	lh_IFSa	0.020986	1.8964	0.057936	8189
withdep	absolute	lh_IFSp	0.032208	2.9114	0.0036074	8189
withdep	absolute	lh_IP0	0.009621	0.86929	0.38471	8189
withdep	absolute	lh_IP1	0.017349	1.5677	0.11699	8189
withdep	absolute	lh_IP2	0.013554	1.2247	0.22071	8189
withdep	absolute	lh_IPS1	0.014486	1.309	0.19058	8189
withdep	absolute	lh_Ig	0.0074757	0.67544	0.49942	8189
withdep	absolute	lh_LBelt	0.0034487	0.31159	0.75536	8189
withdep	absolute	lh_LIPd	0.0081975	0.74066	0.45892	8189
withdep	absolute	lh_LIPv	0.0021259	0.19208	0.84769	8189
withdep	absolute	lh_LO1	0.011964	1.081	0.27973	8189
withdep	absolute	lh_LO2	0.023628	2.1353	0.032764	8189
withdep	absolute	lh_LO3	0.024273	2.1937	0.028288	8189
withdep	absolute	lh_MBelt	0.014337	1.2955	0.1952	8189
withdep	absolute	lh_MI	0.021579	1.9501	0.051199	8189
withdep	absolute	lh_MIP	0.0050341	0.45483	0.64924	8189
withdep	absolute	lh_MST	0.015345	1.3866	0.16562	8189
withdep	absolute	lh_MT	0.015271	1.3799	0.16765	8189
withdep	absolute	lh_OFC	-0.025531	-2.3075	0.021052	8189
withdep	absolute	lh_OP1	-0.004273	-0.38606	0.69946	8189
withdep	absolute	lh_OP2-3	0.022549	2.0378	0.0416	8189
withdep	absolute	lh_OP4	0.023151	2.0922	0.036448	8189
withdep	absolute	lh_PBelt	0.023789	2.1499	0.031593	8189
withdep	absolute	lh_PCV	0.022931	2.0724	0.038263	8189
withdep	absolute	lh_PEF	4.1017e-05	0.0037059	0.99704	8189
withdep	absolute	lh_PF	0.021607	1.9526	0.050898	8189
withdep	absolute	lh_PFcm	0.032751	2.9606	0.0030794	8189
withdep	absolute	lh_PFm	0.013607	1.2295	0.21893	8189
withdep	absolute	lh_PFop	0.014902	1.3465	0.17818	8189
withdep	absolute	lh_PFt	0.011804	1.0666	0.2862	8189
withdep	absolute	lh_PGi	0.028951	2.6168	0.0088929	8189
withdep	absolute	lh_PGp	0.021045	1.9018	0.057226	8189
withdep	absolute	lh_PGs	0.017998	1.6264	0.10391	8189
withdep	absolute	lh_PH	0.031298	2.8291	0.0046793	8189
withdep	absolute	lh_PHA1	-0.00060668	-0.054813	0.95629	8189
withdep	absolute	lh_PHA2	0.018212	1.6457	0.099854	8189
withdep	absolute	lh_PHA3	0.015105	1.3649	0.17233	8189
withdep	absolute	lh_PHT	0.0019055	0.17216	0.86332	8189
withdep	absolute	lh_PI	0.013322	1.2037	0.22874	8189
withdep	absolute	lh_PIT	0.0064858	0.586	0.55789	8189
withdep	absolute	lh_POS1	0.026243	2.3719	0.017721	8189
withdep	absolute	lh_POS2	0.036291	3.281	0.0010386	8189
withdep	absolute	lh_PSL	0.021588	1.9509	0.051102	8189
withdep	absolute	lh_PeEc	0.023664	2.1387	0.032493	8189
withdep	absolute	lh_Pir	-0.010327	-0.9331	0.3508	8189
withdep	absolute	lh_PoI1	0.015016	1.3568	0.17488	8189
withdep	absolute	lh_PoI2	-0.0062086	-0.56096	0.57484	8189
withdep	absolute	lh_PreS	0.0095834	0.86589	0.38657	8189
withdep	absolute	lh_ProS	0.026837	2.4255	0.015307	8189
withdep	absolute	lh_RI	0.016381	1.4802	0.13885	8189
withdep	absolute	lh_RSC	-0.0014517	-0.13116	0.89565	8189
withdep	absolute	lh_SCEF	0.015297	1.3822	0.16695	8189
withdep	absolute	lh_SFL	0.0033052	0.29862	0.76523	8189
withdep	absolute	lh_STGa	0.016899	1.5271	0.12679	8189
withdep	absolute	lh_STSda	0.020717	1.8722	0.061216	8189
withdep	absolute	lh_STSdp	0.017049	1.5406	0.12346	8189
withdep	absolute	lh_STSva	0.018373	1.6602	0.096903	8189
withdep	absolute	lh_STSvp	0.0080632	0.72853	0.46631	8189
withdep	absolute	lh_STV	0.017209	1.555	0.11998	8189
withdep	absolute	lh_TA2	0.017499	1.5813	0.11386	8189
withdep	absolute	lh_TE1a	0.016993	1.5355	0.12469	8189
withdep	absolute	lh_TE1m	0.0068329	0.61737	0.53701	8189
withdep	absolute	lh_TE1p	-0.0067856	-0.61309	0.53983	8189
withdep	absolute	lh_TE2a	0.0028364	0.25627	0.79775	8189
withdep	absolute	lh_TE2p	0.016729	1.5117	0.13065	8189
withdep	absolute	lh_TF	0.014918	1.348	0.17771	8189
withdep	absolute	lh_TGd	0.010357	0.93576	0.34943	8189
withdep	absolute	lh_TGv	-0.0020586	-0.18599	0.85246	8189
withdep	absolute	lh_TPOJ1	0.011686	1.0559	0.29106	8189
withdep	absolute	lh_TPOJ2	0.015287	1.3813	0.16722	8189
withdep	absolute	lh_TPOJ3	0.030604	2.7663	0.0056822	8189
withdep	absolute	lh_V1	-0.0062599	-0.56559	0.57169	8189
withdep	absolute	lh_V2	0.0048768	0.44062	0.6595	8189
withdep	absolute	lh_V3	0.019493	1.7616	0.078181	8189
withdep	absolute	lh_V3A	0.025289	2.2856	0.022306	8189
withdep	absolute	lh_V3B	0.0099182	0.89615	0.3702	8189
withdep	absolute	lh_V3CD	0.019082	1.7244	0.084676	8189
withdep	absolute	lh_V4	0.020191	1.8246	0.068091	8189
withdep	absolute	lh_V4t	0.021473	1.9405	0.05235	8189
withdep	absolute	lh_V6	0.039177	3.5423	0.00039885	8189
withdep	absolute	lh_V6A	0.01477	1.3346	0.18204	8189
withdep	absolute	lh_V7	0.020647	1.8659	0.062094	8189
withdep	absolute	lh_V8	0.0049096	0.44358	0.65736	8189
withdep	absolute	lh_VIP	0.0036803	0.33252	0.73951	8189
withdep	absolute	lh_VMV1	0.03161	2.8574	0.0042827	8189
withdep	absolute	lh_VMV2	0.0025133	0.22707	0.82037	8189
withdep	absolute	lh_VMV3	0.028151	2.5445	0.010962	8189
withdep	absolute	lh_VVC	0.038318	3.4646	0.00053385	8189
withdep	absolute	lh_a10p	0.018049	1.631	0.10293	8189
withdep	absolute	lh_a24	0.015982	1.4441	0.14874	8189
withdep	absolute	lh_a24pr	0.029021	2.6231	0.0087299	8189
withdep	absolute	lh_a32pr	0.016449	1.4864	0.13721	8189
withdep	absolute	lh_a47r	0.012979	1.1727	0.24094	8189
withdep	absolute	lh_a9-46v	0.021018	1.8993	0.057555	8189
withdep	absolute	lh_d23ab	0.021461	1.9394	0.052485	8189
withdep	absolute	lh_d32	0.021686	1.9598	0.050054	8189
withdep	absolute	lh_i6-8	0.014278	1.2902	0.19703	8189
withdep	absolute	lh_p10p	0.025956	2.3459	0.019006	8189
withdep	absolute	lh_p24	0.014682	1.3266	0.18467	8189
withdep	absolute	lh_p24pr	0.033516	3.0298	0.0024546	8189
withdep	absolute	lh_p32	0.010107	0.91319	0.36117	8189
withdep	absolute	lh_p32pr	0.018736	1.6931	0.090471	8189
withdep	absolute	lh_p47r	0.019389	1.7521	0.079787	8189
withdep	absolute	lh_p9-46v	0.0261	2.359	0.01835	8189
withdep	absolute	lh_pOFC	-0.016978	-1.5342	0.12503	8189
withdep	absolute	lh_s32	0.021205	1.9163	0.055367	8189
withdep	absolute	lh_s6-8	0.013064	1.1804	0.23788	8189
withdep	absolute	lh_v23ab	0.023766	2.1478	0.031758	8189
withdep	relative	lh_1	0.010156	0.91758	0.35886	8189
withdep	relative	lh_10d	0.0051882	0.46873	0.63928	8189
withdep	relative	lh_10pp	-0.0058006	-0.52406	0.60025	8189
withdep	relative	lh_10r	0.0080085	0.72355	0.46937	8189
withdep	relative	lh_10v	0.0014246	0.12871	0.89759	8189
withdep	relative	lh_11l	-0.016985	-1.5347	0.12489	8189
withdep	relative	lh_13l	-0.0040299	-0.36408	0.71581	8189
withdep	relative	lh_2	0.026729	2.4156	0.01573	8189
withdep	relative	lh_23c	-0.010059	-0.90879	0.36349	8189
withdep	relative	lh_23d	-0.0030377	-0.27444	0.78375	8189
withdep	relative	lh_24dd	0.019445	1.7571	0.078941	8189
withdep	relative	lh_24dv	0.027973	2.5282	0.011484	8189
withdep	relative	lh_25	-0.018222	-1.6466	0.099687	8189
withdep	relative	lh_31a	-0.015321	-1.3843	0.1663	8189
withdep	relative	lh_31pd	-0.014684	-1.3268	0.18462	8189
withdep	relative	lh_31pv	-0.0054884	-0.49585	0.62001	8189
withdep	relative	lh_33pr	-0.0013553	-0.12244	0.90255	8189
withdep	relative	lh_3a	0.0011688	0.10559	0.91591	8189
withdep	relative	lh_3b	0.0094425	0.85311	0.39363	8189
withdep	relative	lh_4	-0.012704	-1.1479	0.25106	8189
withdep	relative	lh_43	-0.0070074	-0.63309	0.52669	8189
withdep	relative	lh_44	-0.012738	-1.1509	0.24981	8189
withdep	relative	lh_45	0.012829	1.1591	0.24644	8189
withdep	relative	lh_46	0.0029604	0.26745	0.78913	8189
withdep	relative	lh_47l	-0.0051567	-0.46588	0.64131	8189
withdep	relative	lh_47m	0.00078357	0.07079	0.94357	8189
withdep	relative	lh_47s	-0.00042773	-0.038643	0.96918	8189
withdep	relative	lh_52	0.014173	1.2805	0.2004	8189
withdep	relative	lh_55b	0.00034177	0.030877	0.97537	8189
withdep	relative	lh_5L	0.0090311	0.81594	0.41456	8189
withdep	relative	lh_5m	0.010921	0.98673	0.3238	8189
withdep	relative	lh_5mv	0.016065	1.4516	0.14665	8189
withdep	relative	lh_6a	-0.0019104	-0.17259	0.86297	8189
withdep	relative	lh_6d	-0.020845	-1.8836	0.059649	8189
withdep	relative	lh_6ma	-0.011416	-1.0314	0.30238	8189
withdep	relative	lh_6mp	-0.004377	-0.39544	0.69253	8189
withdep	relative	lh_6r	-0.004815	-0.43501	0.66356	8189
withdep	relative	lh_6v	-0.0076065	-0.68722	0.49196	8189
withdep	relative	lh_7AL	0.0063032	0.56946	0.56906	8189
withdep	relative	lh_7Am	-0.020919	-1.8904	0.058745	8189
withdep	relative	lh_7PC	-0.020089	-1.8153	0.069515	8189
withdep	relative	lh_7PL	-0.014662	-1.3248	0.18527	8189
withdep	relative	lh_7Pm	0.0041344	0.37352	0.70877	8189
withdep	relative	lh_7m	0.021519	1.9446	0.051859	8189
withdep	relative	lh_8Ad	-0.0073908	-0.66773	0.50432	8189
withdep	relative	lh_8Av	-0.011194	-1.0113	0.31189	8189
withdep	relative	lh_8BL	0.0053028	0.47908	0.63189	8189
withdep	relative	lh_8BM	0.004275	0.38622	0.69934	8189
withdep	relative	lh_8C	0.0087475	0.79031	0.42937	8189
withdep	relative	lh_9-46d	-0.0016384	-0.14802	0.88233	8189
withdep	relative	lh_9a	-0.01712	-1.5469	0.12192	8189
withdep	relative	lh_9m	0.012059	1.0895	0.27595	8189
withdep	relative	lh_9p	-0.011007	-0.99444	0.32004	8189
withdep	relative	lh_A1	0.0032007	0.28917	0.77246	8189
withdep	relative	lh_A4	0.0040368	0.36471	0.71534	8189
withdep	relative	lh_A5	0.0093512	0.84486	0.39822	8189
withdep	relative	lh_AAIC	-0.020679	-1.8686	0.06171	8189
withdep	relative	lh_AIP	-0.0090395	-0.81669	0.41413	8189
withdep	relative	lh_AVI	0.010785	0.97444	0.32987	8189
withdep	relative	lh_DVT	0.0082442	0.74484	0.45639	8189
withdep	relative	lh_EC	-0.0017411	-0.1573	0.87501	8189
withdep	relative	lh_FEF	0.0090854	0.82084	0.41176	8189
withdep	relative	lh_FFC	0.003515	0.31756	0.75083	8189
withdep	relative	lh_FOP1	0.012046	1.0884	0.27647	8189
withdep	relative	lh_FOP2	0.0047465	0.42882	0.66807	8189
withdep	relative	lh_FOP3	0.016514	1.4921	0.1357	8189
withdep	relative	lh_FOP4	0.0066376	0.59968	0.54874	8189
withdep	relative	lh_FOP5	0.014297	1.2917	0.19649	8189
withdep	relative	lh_FST	0.00078512	0.070931	0.94345	8189
withdep	relative	lh_IFJa	0.0098235	0.88753	0.37482	8189
withdep	relative	lh_IFJp	-0.02043	-1.8462	0.064906	8189
withdep	relative	lh_IFSa	0.0042628	0.38512	0.70016	8189
withdep	relative	lh_IFSp	0.018265	1.6504	0.098894	8189
withdep	relative	lh_IP0	-0.0083914	-0.75814	0.44839	8189
withdep	relative	lh_IP1	-0.0016402	-0.14819	0.8822	8189
withdep	relative	lh_IP2	-0.0042993	-0.38842	0.69772	8189
withdep	relative	lh_IPS1	-0.0024787	-0.22393	0.82281	8189
withdep	relative	lh_Ig	-0.0041252	-0.37269	0.70939	8189
withdep	relative	lh_LBelt	-0.011248	-1.0163	0.30953	8189
withdep	relative	lh_LIPd	-0.0081943	-0.74033	0.45912	8189
withdep	relative	lh_LIPv	-0.014412	-1.3022	0.19289	8189
withdep	relative	lh_LO1	-0.0034975	-0.31598	0.75202	8189
withdep	relative	lh_LO2	0.0098899	0.89353	0.3716	8189
withdep	relative	lh_LO3	0.0096666	0.87336	0.38249	8189
withdep	relative	lh_MBelt	-0.00011365	-0.010267	0.99181	8189
withdep	relative	lh_MI	0.011233	1.0149	0.3102	8189
withdep	relative	lh_MIP	-0.013783	-1.2453	0.21305	8189
withdep	relative	lh_MST	-0.0003398	-0.030698	0.97551	8189
withdep	relative	lh_MT	-0.0010664	-0.096347	0.92325	8189
withdep	relative	lh_OFC	-0.03539	-3.1993	0.0013828	8189
withdep	relative	lh_OP1	-0.016572	-1.4974	0.13433	8189
withdep	relative	lh_OP2-3	0.012151	1.0978	0.2723	8189
withdep	relative	lh_OP4	0.0078096	0.70557	0.48048	8189
withdep	relative	lh_PBelt	0.0088069	0.79568	0.42624	8189
withdep	relative	lh_PCV	0.0062144	0.56145	0.57451	8189
withdep	relative	lh_PEF	-0.012122	-1.0953	0.27344	8189
withdep	relative	lh_PF	0.0049097	0.44357	0.65737	8189
withdep	relative	lh_PFcm	0.018975	1.7146	0.086453	8189
withdep	relative	lh_PFm	-0.0079835	-0.72129	0.47075	8189
withdep	relative	lh_PFop	0.0011281	0.10192	0.91883	8189
withdep	relative	lh_PFt	-0.0038444	-0.34732	0.72836	8189
withdep	relative	lh_PGi	0.010187	0.92037	0.35741	8189
withdep	relative	lh_PGp	0.0050363	0.45501	0.64912	8189
withdep	relative	lh_PGs	-0.00066956	-0.060491	0.95177	8189
withdep	relative	lh_PH	0.015841	1.4313	0.15237	8189
withdep	relative	lh_PHA1	-0.0070073	-0.63308	0.5267	8189
withdep	relative	lh_PHA2	0.0082548	0.74579	0.45581	8189
withdep	relative	lh_PHA3	0.0034686	0.31337	0.75401	8189
withdep	relative	lh_PHT	-0.01734	-1.5668	0.11721	8189
withdep	relative	lh_PI	0.0027465	0.24813	0.80404	8189
withdep	relative	lh_PIT	-0.008688	-0.78494	0.43251	8189
withdep	relative	lh_POS1	0.012013	1.0854	0.27777	8189
withdep	relative	lh_POS2	0.020365	1.8402	0.065776	8189
withdep	relative	lh_PSL	0.0073732	0.66614	0.50534	8189
withdep	relative	lh_PeEc	0.014545	1.3142	0.18882	8189
withdep	relative	lh_Pir	-0.01489	-1.3454	0.17853	8189
withdep	relative	lh_PoI1	0.0082978	0.74968	0.45347	8189
withdep	relative	lh_PoI2	-0.012998	-1.1743	0.24029	8189
withdep	relative	lh_PreS	0.0073014	0.65965	0.5095	8189
withdep	relative	lh_ProS	0.019004	1.7172	0.085985	8189
withdep	relative	lh_RI	0.0014247	0.12871	0.89759	8189
withdep	relative	lh_RSC	-0.0067312	-0.60813	0.54312	8189
withdep	relative	lh_SCEF	-0.00086014	-0.077709	0.93806	8189
withdep	relative	lh_SFL	-0.0096169	-0.86887	0.38495	8189
withdep	relative	lh_STGa	0.004854	0.43854	0.66101	8189
withdep	relative	lh_STSda	0.0049683	0.44886	0.65354	8189
withdep	relative	lh_STSdp	-0.00023824	-0.021524	0.98283	8189
withdep	relative	lh_STSva	0.0042608	0.38494	0.70029	8189
withdep	relative	lh_STSvp	-0.0091897	-0.83027	0.40641	8189
withdep	relative	lh_STV	0.0011863	0.10718	0.91465	8189
withdep	relative	lh_TA2	0.0066923	0.60463	0.54544	8189
withdep	relative	lh_TE1a	0.0028686	0.25917	0.79551	8189
withdep	relative	lh_TE1m	-0.0069874	-0.63128	0.52787	8189
withdep	relative	lh_TE1p	-0.024613	-2.2243	0.026153	8189
withdep	relative	lh_TE2a	-0.015517	-1.402	0.16095	8189
withdep	relative	lh_TE2p	0.0028994	0.26194	0.79337	8189
withdep	relative	lh_TF	0.0022051	0.19922	0.8421	8189
withdep	relative	lh_TGd	-0.0013849	-0.12512	0.90043	8189
withdep	relative	lh_TGv	-0.015148	-1.3687	0.17115	8189
withdep	relative	lh_TPOJ1	-0.0091729	-0.82875	0.40727	8189
withdep	relative	lh_TPOJ2	-0.0036525	-0.32998	0.74142	8189
withdep	relative	lh_TPOJ3	0.015866	1.4336	0.15172	8189
withdep	relative	lh_V1	-0.016565	-1.4967	0.1345	8189
withdep	relative	lh_V2	-0.013937	-1.2593	0.20796	8189
withdep	relative	lh_V3	0.0038161	0.34476	0.73028	8189
withdep	relative	lh_V3A	0.0086919	0.78529	0.43231	8189
withdep	relative	lh_V3B	-0.0057316	-0.51782	0.6046	8189
withdep	relative	lh_V3CD	0.0036865	0.33306	0.7391	8189
withdep	relative	lh_V4	0.00012564	0.011351	0.99094	8189
withdep	relative	lh_V4t	0.0075006	0.67765	0.49801	8189
withdep	relative	lh_V6	0.025256	2.2824	0.022491	8189
withdep	relative	lh_V6A	0.00087134	0.07872	0.93726	8189
withdep	relative	lh_V7	0.0052628	0.47546	0.63447	8189
withdep	relative	lh_V8	-0.012126	-1.0956	0.2733	8189
withdep	relative	lh_VIP	-0.012441	-1.124	0.26103	8189
withdep	relative	lh_VMV1	0.022399	2.0241	0.042992	8189
withdep	relative	lh_VMV2	-0.01016	-0.91797	0.35866	8189
withdep	relative	lh_VMV3	0.015771	1.425	0.15419	8189
withdep	relative	lh_VVC	0.028037	2.534	0.011297	8189
withdep	relative	lh_a10p	0.0058382	0.52746	0.59789	8189
withdep	relative	lh_a24	0.0061627	0.55677	0.5777	8189
withdep	relative	lh_a24pr	0.018742	1.6935	0.090395	8189
withdep	relative	lh_a32pr	0.0033562	0.30322	0.76173	8189
withdep	relative	lh_a47r	-0.0048648	-0.43951	0.6603	8189
withdep	relative	lh_a9-46v	0.0054906	0.49605	0.61987	8189
withdep	relative	lh_d23ab	0.0094386	0.85276	0.39382	8189
withdep	relative	lh_d32	0.0073687	0.66573	0.5056	8189
withdep	relative	lh_i6-8	-0.00056454	-0.051003	0.95932	8189
withdep	relative	lh_p10p	0.0128	1.1565	0.24752	8189
withdep	relative	lh_p24	0.0052018	0.46996	0.6384	8189
withdep	relative	lh_p24pr	0.02316	2.0929	0.036388	8189
withdep	relative	lh_p32	-0.0029315	-0.26484	0.79114	8189
withdep	relative	lh_p32pr	0.0044781	0.40457	0.6858	8189
withdep	relative	lh_p47r	0.0053326	0.48178	0.62998	8189
withdep	relative	lh_p9-46v	0.010069	0.9097	0.36301	8189
withdep	relative	lh_pOFC	-0.02213	-1.9998	0.045552	8189
withdep	relative	lh_s32	0.012992	1.1739	0.24048	8189
withdep	relative	lh_s6-8	-0.00060438	-0.054602	0.95646	8189
withdep	relative	lh_v23ab	0.011985	1.0829	0.2789	8189
withdep	absolute_ct	lh_1	0.0058149	0.52535	0.59936	8189
withdep	absolute_ct	lh_10d	0.023332	2.1085	0.035021	8189
withdep	absolute_ct	lh_10pp	0.0025589	0.23118	0.81718	8189
withdep	absolute_ct	lh_10r	-0.00011702	-0.010572	0.99157	8189
withdep	absolute_ct	lh_10v	0.0085018	0.76811	0.44244	8189
withdep	absolute_ct	lh_11l	-0.0077987	-0.70458	0.48109	8189
withdep	absolute_ct	lh_13l	0.0096552	0.87233	0.38306	8189
withdep	absolute_ct	lh_2	0.039705	3.59	0.00033266	8189
withdep	absolute_ct	lh_23c	0.0056195	0.50769	0.61168	8189
withdep	absolute_ct	lh_23d	0.0013644	0.12327	0.9019	8189
withdep	absolute_ct	lh_24dd	0.033576	3.0351	0.0024121	8189
withdep	absolute_ct	lh_24dv	0.056027	5.0697	4.0724e-07	8189
withdep	absolute_ct	lh_25	-0.012952	-1.1702	0.24195	8189
withdep	absolute_ct	lh_31a	-0.0067494	-0.60978	0.54203	8189
withdep	absolute_ct	lh_31pd	-0.00075291	-0.06802	0.94577	8189
withdep	absolute_ct	lh_31pv	-0.0044676	-0.40362	0.6865	8189
withdep	absolute_ct	lh_33pr	0.0029571	0.26716	0.78935	8189
withdep	absolute_ct	lh_3a	0.016654	1.5048	0.13242	8189
withdep	absolute_ct	lh_3b	-0.0065061	-0.5878	0.55668	8189
withdep	absolute_ct	lh_4	-0.0073427	-0.66339	0.5071	8189
withdep	absolute_ct	lh_43	0.016804	1.5183	0.12897	8189
withdep	absolute_ct	lh_44	0.00039399	0.035594	0.97161	8189
withdep	absolute_ct	lh_45	0.027312	2.4684	0.013591	8189
withdep	absolute_ct	lh_46	0.0097497	0.88086	0.37842	8189
withdep	absolute_ct	lh_47l	0.0023616	0.21335	0.83106	8189
withdep	absolute_ct	lh_47m	0.0074138	0.66981	0.503	8189
withdep	absolute_ct	lh_47s	-0.0039168	-0.35387	0.72345	8189
withdep	absolute_ct	lh_52	0.023904	2.1602	0.030784	8189
withdep	absolute_ct	lh_55b	0.022574	2.0399	0.041392	8189
withdep	absolute_ct	lh_5L	0.0013131	0.11863	0.90557	8189
withdep	absolute_ct	lh_5m	0.010595	0.95727	0.33846	8189
withdep	absolute_ct	lh_5mv	0.02891	2.6129	0.0089937	8189
withdep	absolute_ct	lh_6a	0.015161	1.3699	0.17076	8189
withdep	absolute_ct	lh_6d	-0.0066403	-0.59992	0.54858	8189
withdep	absolute_ct	lh_6ma	0.0071668	0.64749	0.51733	8189
withdep	absolute_ct	lh_6mp	0.013842	1.2507	0.2111	8189
withdep	absolute_ct	lh_6r	0.018755	1.6947	0.090178	8189
withdep	absolute_ct	lh_6v	0.013983	1.2634	0.20647	8189
withdep	absolute_ct	lh_7AL	0.0057948	0.52353	0.60062	8189
withdep	absolute_ct	lh_7Am	0.0067847	0.61297	0.53992	8189
withdep	absolute_ct	lh_7PC	0.001989	0.17969	0.8574	8189
withdep	absolute_ct	lh_7PL	0.0017296	0.15626	0.87583	8189
withdep	absolute_ct	lh_7Pm	0.013932	1.2588	0.20815	8189
withdep	absolute_ct	lh_7m	0.023099	2.0874	0.036879	8189
withdep	absolute_ct	lh_8Ad	0.0042902	0.3876	0.69832	8189
withdep	absolute_ct	lh_8Av	-0.019946	-1.8024	0.071527	8189
withdep	absolute_ct	lh_8BL	0.0096583	0.87261	0.3829	8189
withdep	absolute_ct	lh_8BM	0.019123	1.728	0.084034	8189
withdep	absolute_ct	lh_8C	0.019414	1.7542	0.079426	8189
withdep	absolute_ct	lh_9-46d	0.003686	0.33301	0.73914	8189
withdep	absolute_ct	lh_9a	-0.0066884	-0.60426	0.54568	8189
withdep	absolute_ct	lh_9m	0.01126	1.0173	0.30903	8189
withdep	absolute_ct	lh_9p	-0.0034617	-0.31274	0.75448	8189
withdep	absolute_ct	lh_A1	0.0018221	0.16461	0.86925	8189
withdep	absolute_ct	lh_A4	0.0089964	0.8128	0.41636	8189
withdep	absolute_ct	lh_A5	0.021249	1.9202	0.054871	8189
withdep	absolute_ct	lh_AAIC	-0.022247	-2.0103	0.044428	8189
withdep	absolute_ct	lh_AIP	0.006385	0.57686	0.56405	8189
withdep	absolute_ct	lh_AVI	0.012435	1.1235	0.26126	8189
withdep	absolute_ct	lh_DVT	0.035452	3.2049	0.0013565	8189
withdep	absolute_ct	lh_EC	-0.0058907	-0.53219	0.59461	8189
withdep	absolute_ct	lh_FEF	0.018971	1.7143	0.086518	8189
withdep	absolute_ct	lh_FFC	0.032638	2.9502	0.003185	8189
withdep	absolute_ct	lh_FOP1	0.022409	2.025	0.042895	8189
withdep	absolute_ct	lh_FOP2	0.027471	2.4827	0.013058	8189
withdep	absolute_ct	lh_FOP3	0.021919	1.9807	0.047655	8189
withdep	absolute_ct	lh_FOP4	0.0076287	0.68922	0.4907	8189
withdep	absolute_ct	lh_FOP5	0.023391	2.1138	0.034559	8189
withdep	absolute_ct	lh_FST	0.0084911	0.76715	0.44302	8189
withdep	absolute_ct	lh_IFJa	0.023619	2.1344	0.032837	8189
withdep	absolute_ct	lh_IFJp	-0.0012498	-0.11291	0.91011	8189
withdep	absolute_ct	lh_IFSa	0.014833	1.3402	0.18022	8189
withdep	absolute_ct	lh_IFSp	0.031209	2.8209	0.0048008	8189
withdep	absolute_ct	lh_IP0	-0.0025475	-0.23016	0.81798	8189
withdep	absolute_ct	lh_IP1	0.0047178	0.42623	0.66995	8189
withdep	absolute_ct	lh_IP2	0.0079216	0.71569	0.4742	8189
withdep	absolute_ct	lh_IPS1	0.013002	1.1748	0.24012	8189
withdep	absolute_ct	lh_Ig	0.0077178	0.69728	0.48565	8189
withdep	absolute_ct	lh_LBelt	-0.0098883	-0.89339	0.37167	8189
withdep	absolute_ct	lh_LIPd	0.016629	1.5025	0.133	8189
withdep	absolute_ct	lh_LIPv	0.0012412	0.11213	0.91072	8189
withdep	absolute_ct	lh_LO1	0.0035633	0.32193	0.74752	8189
withdep	absolute_ct	lh_LO2	0.0048729	0.44024	0.65978	8189
withdep	absolute_ct	lh_LO3	0.023389	2.1136	0.03458	8189
withdep	absolute_ct	lh_MBelt	0.0095984	0.8672	0.38586	8189
withdep	absolute_ct	lh_MI	0.01509	1.3635	0.17278	8189
withdep	absolute_ct	lh_MIP	0.011087	1.0017	0.3165	8189
withdep	absolute_ct	lh_MST	0.010399	0.93954	0.34748	8189
withdep	absolute_ct	lh_MT	0.008855	0.80002	0.42372	8189
withdep	absolute_ct	lh_OFC	-0.02031	-1.8352	0.066506	8189
withdep	absolute_ct	lh_OP1	-0.0059081	-0.53377	0.59351	8189
withdep	absolute_ct	lh_OP2-3	0.028553	2.5806	0.0098792	8189
withdep	absolute_ct	lh_OP4	0.017717	1.6009	0.10944	8189
withdep	absolute_ct	lh_PBelt	0.015058	1.3606	0.17369	8189
withdep	absolute_ct	lh_PCV	0.010792	0.97508	0.32955	8189
withdep	absolute_ct	lh_PEF	0.011359	1.0263	0.30478	8189
withdep	absolute_ct	lh_PF	0.025604	2.3139	0.020698	8189
withdep	absolute_ct	lh_PFcm	0.03064	2.7694	0.0056282	8189
withdep	absolute_ct	lh_PFm	0.007382	0.66693	0.50483	8189
withdep	absolute_ct	lh_PFop	0.016783	1.5164	0.12944	8189
withdep	absolute_ct	lh_PFt	0.0068311	0.61716	0.53714	8189
withdep	absolute_ct	lh_PGi	0.02135	1.9293	0.053728	8189
withdep	absolute_ct	lh_PGp	0.018294	1.653	0.098373	8189
withdep	absolute_ct	lh_PGs	0.017232	1.557	0.11951	8189
withdep	absolute_ct	lh_PH	0.021977	1.986	0.04707	8189
withdep	absolute_ct	lh_PHA1	-0.0018596	-0.168	0.86659	8189
withdep	absolute_ct	lh_PHA2	0.0213	1.9248	0.054289	8189
withdep	absolute_ct	lh_PHA3	0.013401	1.2108	0.226	8189
withdep	absolute_ct	lh_PHT	0.0030092	0.27186	0.78573	8189
withdep	absolute_ct	lh_PI	0.0085991	0.7769	0.43724	8189
withdep	absolute_ct	lh_PIT	0.00052427	0.047364	0.96222	8189
withdep	absolute_ct	lh_POS1	0.011498	1.0388	0.29891	8189
withdep	absolute_ct	lh_POS2	0.031744	2.8693	0.004124	8189
withdep	absolute_ct	lh_PSL	0.026915	2.4324	0.015019	8189
withdep	absolute_ct	lh_PeEc	0.00095956	0.08669	0.93092	8189
withdep	absolute_ct	lh_Pir	-0.001199	-0.10832	0.91374	8189
withdep	absolute_ct	lh_PoI1	0.011959	1.0805	0.27997	8189
withdep	absolute_ct	lh_PoI2	-0.0021	-0.18972	0.84953	8189
withdep	absolute_ct	lh_PreS	0.024567	2.2202	0.026435	8189
withdep	absolute_ct	lh_ProS	0.036085	3.2622	0.00111	8189
withdep	absolute_ct	lh_RI	0.016871	1.5244	0.12745	8189
withdep	absolute_ct	lh_RSC	-0.0078343	-0.7078	0.47909	8189
withdep	absolute_ct	lh_SCEF	0.013623	1.2309	0.2184	8189
withdep	absolute_ct	lh_SFL	0.0067648	0.61117	0.5411	8189
withdep	absolute_ct	lh_STGa	0.021866	1.976	0.048194	8189
withdep	absolute_ct	lh_STSda	0.028863	2.6087	0.0091062	8189
withdep	absolute_ct	lh_STSdp	0.024933	2.2532	0.024272	8189
withdep	absolute_ct	lh_STSva	0.010921	0.98667	0.32384	8189
withdep	absolute_ct	lh_STSvp	0.0028166	0.25446	0.79914	8189
withdep	absolute_ct	lh_STV	0.011372	1.0274	0.30424	8189
withdep	absolute_ct	lh_TA2	0.0077932	0.70409	0.4814	8189
withdep	absolute_ct	lh_TE1a	0.0055083	0.49765	0.61875	8189
withdep	absolute_ct	lh_TE1m	0.0038915	0.35157	0.72517	8189
withdep	absolute_ct	lh_TE1p	0.005191	0.46898	0.63909	8189
withdep	absolute_ct	lh_TE2a	0.0104	0.9396	0.34745	8189
withdep	absolute_ct	lh_TE2p	0.013386	1.2094	0.22653	8189
withdep	absolute_ct	lh_TF	0.01641	1.4827	0.13819	8189
withdep	absolute_ct	lh_TGd	0.0042384	0.38291	0.70179	8189
withdep	absolute_ct	lh_TGv	0.00091796	0.082932	0.93391	8189
withdep	absolute_ct	lh_TPOJ1	0.015894	1.4361	0.151	8189
withdep	absolute_ct	lh_TPOJ2	0.018562	1.6773	0.09353	8189
withdep	absolute_ct	lh_TPOJ3	0.030008	2.7123	0.0066967	8189
withdep	absolute_ct	lh_V1	-0.011802	-1.0663	0.28631	8189
withdep	absolute_ct	lh_V2	-0.00163	-0.14726	0.88293	8189
withdep	absolute_ct	lh_V3	0.017445	1.5763	0.115	8189
withdep	absolute_ct	lh_V3A	0.02102	1.8995	0.05754	8189
withdep	absolute_ct	lh_V3B	0.0072043	0.65088	0.51514	8189
withdep	absolute_ct	lh_V3CD	0.002545	0.22993	0.81815	8189
withdep	absolute_ct	lh_V4	0.0089866	0.81192	0.41686	8189
withdep	absolute_ct	lh_V4t	0.011636	1.0513	0.29314	8189
withdep	absolute_ct	lh_V6	0.040396	3.6525	0.00026135	8189
withdep	absolute_ct	lh_V6A	0.0046176	0.41718	0.67656	8189
withdep	absolute_ct	lh_V7	0.012162	1.0988	0.27188	8189
withdep	absolute_ct	lh_V8	0.0070181	0.63406	0.52606	8189
withdep	absolute_ct	lh_VIP	-0.0054227	-0.48991	0.62421	8189
withdep	absolute_ct	lh_VMV1	0.014087	1.2728	0.20313	8189
withdep	absolute_ct	lh_VMV2	0.021751	1.9656	0.049383	8189
withdep	absolute_ct	lh_VMV3	0.022527	2.0357	0.04181	8189
withdep	absolute_ct	lh_VVC	0.035427	3.2026	0.0013671	8189
withdep	absolute_ct	lh_a10p	0.0037386	0.33776	0.73555	8189
withdep	absolute_ct	lh_a24	0.014209	1.2839	0.19923	8189
withdep	absolute_ct	lh_a24pr	0.018466	1.6686	0.095238	8189
withdep	absolute_ct	lh_a32pr	0.023326	2.1079	0.035068	8189
withdep	absolute_ct	lh_a47r	0.0017584	0.15886	0.87378	8189
withdep	absolute_ct	lh_a9-46v	0.011765	1.063	0.28782	8189
withdep	absolute_ct	lh_d23ab	0.0044697	0.40381	0.68636	8189
withdep	absolute_ct	lh_d32	0.01658	1.4981	0.13414	8189
withdep	absolute_ct	lh_i6-8	0.01461	1.32	0.18686	8189
withdep	absolute_ct	lh_p10p	0.01821	1.6455	0.09991	8189
withdep	absolute_ct	lh_p24	0.017719	1.6011	0.10939	8189
withdep	absolute_ct	lh_p24pr	0.03151	2.8482	0.0044079	8189
withdep	absolute_ct	lh_p32	0.0089553	0.80909	0.41849	8189
withdep	absolute_ct	lh_p32pr	0.02736	2.4728	0.013427	8189
withdep	absolute_ct	lh_p47r	0.010066	0.90945	0.36314	8189
withdep	absolute_ct	lh_p9-46v	0.012482	1.1277	0.25947	8189
withdep	absolute_ct	lh_pOFC	-0.021146	-1.9108	0.056066	8189
withdep	absolute_ct	lh_s32	0.015992	1.445	0.1485	8189
withdep	absolute_ct	lh_s6-8	-0.007248	-0.65483	0.51259	8189
withdep	absolute_ct	lh_v23ab	0.0037535	0.33911	0.73454	8189
withdep	relative_ct	lh_1	-0.0026409	-0.23858	0.81144	8189
withdep	relative_ct	lh_10d	0.015975	1.4434	0.14895	8189
withdep	relative_ct	lh_10pp	-0.0033403	-0.30176	0.76285	8189
withdep	relative_ct	lh_10r	-0.0065326	-0.59016	0.5551	8189
withdep	relative_ct	lh_10v	0.0022431	0.20264	0.83942	8189
withdep	relative_ct	lh_11l	-0.016518	-1.4924	0.13563	8189
withdep	relative_ct	lh_13l	0.00030045	0.027142	0.97835	8189
withdep	relative_ct	lh_2	0.029425	2.6593	0.0078448	8189
withdep	relative_ct	lh_23c	-0.0083076	-0.75052	0.45297	8189
withdep	relative_ct	lh_23d	-0.0033479	-0.30245	0.76232	8189
withdep	relative_ct	lh_24dd	0.022007	1.9885	0.046788	8189
withdep	relative_ct	lh_24dv	0.046724	4.2256	2.4092e-05	8189
withdep	relative_ct	lh_25	-0.014801	-1.3372	0.18119	8189
withdep	relative_ct	lh_31a	-0.017203	-1.5543	0.12015	8189
withdep	relative_ct	lh_31pd	-0.013033	-1.1775	0.23903	8189
withdep	relative_ct	lh_31pv	-0.013545	-1.2238	0.22107	8189
withdep	relative_ct	lh_33pr	0.00026205	0.023673	0.98111	8189
withdep	relative_ct	lh_3a	0.0090057	0.81359	0.4159	8189
withdep	relative_ct	lh_3b	-0.0081399	-0.73537	0.46213	8189
withdep	relative_ct	lh_4	-0.017265	-1.5599	0.11881	8189
withdep	relative_ct	lh_43	0.0066548	0.6012	0.54772	8189
withdep	relative_ct	lh_44	-0.011243	-1.0157	0.3098	8189
withdep	relative_ct	lh_45	0.016309	1.4735	0.14064	8189
withdep	relative_ct	lh_46	-0.0020202	-0.18251	0.85519	8189
withdep	relative_ct	lh_47l	-0.0079724	-0.72024	0.4714	8189
withdep	relative_ct	lh_47m	-0.0012388	-0.11191	0.91089	8189
withdep	relative_ct	lh_47s	-0.0094732	-0.85583	0.39212	8189
withdep	relative_ct	lh_52	0.015374	1.3891	0.16485	8189
withdep	relative_ct	lh_55b	0.013976	1.2627	0.20672	8189
withdep	relative_ct	lh_5L	-0.0058909	-0.53218	0.59462	8189
withdep	relative_ct	lh_5m	0.0019041	0.17202	0.86343	8189
withdep	relative_ct	lh_5mv	0.017489	1.5802	0.1141	8189
withdep	relative_ct	lh_6a	0.0010262	0.092704	0.92614	8189
withdep	relative_ct	lh_6d	-0.01642	-1.4836	0.13796	8189
withdep	relative_ct	lh_6ma	-0.00079463	-0.071785	0.94277	8189
withdep	relative_ct	lh_6mp	0.0027946	0.25246	0.80069	8189
withdep	relative_ct	lh_6r	0.0049444	0.44667	0.65512	8189
withdep	relative_ct	lh_6v	0.0052612	0.4753	0.63459	8189
withdep	relative_ct	lh_7AL	-0.0024397	-0.2204	0.82556	8189
withdep	relative_ct	lh_7Am	-0.0077165	-0.69712	0.48575	8189
withdep	relative_ct	lh_7PC	-0.010756	-0.97174	0.33121	8189
withdep	relative_ct	lh_7PL	-0.011994	-1.0836	0.27856	8189
withdep	relative_ct	lh_7Pm	0.0033789	0.30525	0.76019	8189
withdep	relative_ct	lh_7m	0.014665	1.325	0.18522	8189
withdep	relative_ct	lh_8Ad	-0.0090671	-0.81914	0.41273	8189
withdep	relative_ct	lh_8Av	-0.016167	-1.4607	0.14414	8189
withdep	relative_ct	lh_8BL	0.0021023	0.18992	0.84938	8189
withdep	relative_ct	lh_8BM	0.009298	0.84	0.40093	8189
withdep	relative_ct	lh_8C	0.0075938	0.68603	0.49271	8189
withdep	relative_ct	lh_9-46d	-0.0063803	-0.57639	0.56437	8189
withdep	relative_ct	lh_9a	-0.017013	-1.5371	0.1243	8189
withdep	relative_ct	lh_9m	0.0027791	0.25106	0.80177	8189
withdep	relative_ct	lh_9p	-0.014157	-1.279	0.20092	8189
withdep	relative_ct	lh_A1	-0.0050222	-0.4537	0.65006	8189
withdep	relative_ct	lh_A4	-0.0013473	-0.12171	0.90313	8189
withdep	relative_ct	lh_A5	0.01179	1.0651	0.28684	8189
withdep	relative_ct	lh_AAIC	-0.023228	-2.099	0.035851	8189
withdep	relative_ct	lh_AIP	-0.0079802	-0.72094	0.47096	8189
withdep	relative_ct	lh_AVI	0.0062658	0.56605	0.57137	8189
withdep	relative_ct	lh_DVT	0.022106	1.9975	0.045807	8189
withdep	relative_ct	lh_EC	-0.0078387	-0.70815	0.47887	8189
withdep	relative_ct	lh_FEF	0.0095287	0.86084	0.38935	8189
withdep	relative_ct	lh_FFC	0.016913	1.5281	0.12653	8189
withdep	relative_ct	lh_FOP1	0.016489	1.4898	0.13632	8189
withdep	relative_ct	lh_FOP2	0.021042	1.9013	0.057293	8189
withdep	relative_ct	lh_FOP3	0.018801	1.6988	0.0894	8189
withdep	relative_ct	lh_FOP4	0.0014494	0.13094	0.89583	8189
withdep	relative_ct	lh_FOP5	0.015618	1.4111	0.15826	8189
withdep	relative_ct	lh_FST	-0.0036534	-0.33005	0.74137	8189
withdep	relative_ct	lh_IFJa	0.013955	1.2608	0.20743	8189
withdep	relative_ct	lh_IFJp	-0.0094021	-0.84941	0.39568	8189
withdep	relative_ct	lh_IFSa	0.0041522	0.37511	0.70759	8189
withdep	relative_ct	lh_IFSp	0.021565	1.9486	0.051374	8189
withdep	relative_ct	lh_IP0	-0.013994	-1.2643	0.20616	8189
withdep	relative_ct	lh_IP1	-0.0073684	-0.66567	0.50564	8189
withdep	relative_ct	lh_IP2	-0.0041994	-0.37937	0.70442	8189
withdep	relative_ct	lh_IPS1	-0.0015912	-0.14375	0.8857	8189
withdep	relative_ct	lh_Ig	0.00077219	0.069758	0.94439	8189
withdep	relative_ct	lh_LBelt	-0.019526	-1.7642	0.077728	8189
withdep	relative_ct	lh_LIPd	0.0048969	0.44238	0.65822	8189
withdep	relative_ct	lh_LIPv	-0.011355	-1.0259	0.30497	8189
withdep	relative_ct	lh_LO1	-0.0077732	-0.70223	0.48255	8189
withdep	relative_ct	lh_LO2	-0.004455	-0.40246	0.68736	8189
withdep	relative_ct	lh_LO3	0.012316	1.1127	0.26588	8189
withdep	relative_ct	lh_MBelt	-0.00055514	-0.05015	0.96	8189
withdep	relative_ct	lh_MI	0.0096176	0.86888	0.38494	8189
withdep	relative_ct	lh_MIP	-0.003568	-0.32233	0.74721	8189
withdep	relative_ct	lh_MST	-0.0012916	-0.11668	0.90711	8189
withdep	relative_ct	lh_MT	-0.0040285	-0.36393	0.71592	8189
withdep	relative_ct	lh_OFC	-0.025475	-2.3021	0.021354	8189
withdep	relative_ct	lh_OP1	-0.011865	-1.072	0.28377	8189
withdep	relative_ct	lh_OP2-3	0.021219	1.9174	0.055227	8189
withdep	relative_ct	lh_OP4	0.0081068	0.73238	0.46396	8189
withdep	relative_ct	lh_PBelt	0.005067	0.45775	0.64714	8189
withdep	relative_ct	lh_PCV	-0.00045965	-0.041524	0.96688	8189
withdep	relative_ct	lh_PEF	0.0027108	0.24489	0.80655	8189
withdep	relative_ct	lh_PF	0.017102	1.5452	0.12235	8189
withdep	relative_ct	lh_PFcm	0.02203	1.9906	0.046554	8189
withdep	relative_ct	lh_PFm	-0.0060516	-0.5467	0.5846	8189
withdep	relative_ct	lh_PFop	0.00824	0.74442	0.45665	8189
withdep	relative_ct	lh_PFt	-0.0030612	-0.27654	0.78214	8189
withdep	relative_ct	lh_PGi	0.0086008	0.77701	0.43717	8189
withdep	relative_ct	lh_PGp	0.0087925	0.79433	0.42702	8189
withdep	relative_ct	lh_PGs	0.0054504	0.49238	0.62246	8189
withdep	relative_ct	lh_PH	0.010861	0.98123	0.32651	8189
withdep	relative_ct	lh_PHA1	-0.0073555	-0.6645	0.50639	8189
withdep	relative_ct	lh_PHA2	0.015033	1.3582	0.17444	8189
withdep	relative_ct	lh_PHA3	0.0047055	0.4251	0.67078	8189
withdep	relative_ct	lh_PHT	-0.010168	-0.91858	0.35834	8189
withdep	relative_ct	lh_PI	0.0015873	0.14339	0.88598	8189
withdep	relative_ct	lh_PIT	-0.011198	-1.0117	0.3117	8189
withdep	relative_ct	lh_POS1	0.0030565	0.27612	0.78246	8189
withdep	relative_ct	lh_POS2	0.020903	1.8888	0.058956	8189
withdep	relative_ct	lh_PSL	0.019964	1.8039	0.071289	8189
withdep	relative_ct	lh_PeEc	-0.0040027	-0.3616	0.71766	8189
withdep	relative_ct	lh_Pir	-0.0020755	-0.1875	0.85127	8189
withdep	relative_ct	lh_PoI1	0.008711	0.78696	0.43133	8189
withdep	relative_ct	lh_PoI2	-0.0022316	-0.2016	0.84023	8189
withdep	relative_ct	lh_PreS	0.024362	2.2015	0.027729	8189
withdep	relative_ct	lh_ProS	0.03081	2.7847	0.0053705	8189
withdep	relative_ct	lh_RI	0.0058524	0.52871	0.59702	8189
withdep	relative_ct	lh_RSC	-0.012074	-1.0908	0.27539	8189
withdep	relative_ct	lh_SCEF	0.0022076	0.19943	0.84193	8189
withdep	relative_ct	lh_SFL	0.0010348	0.093484	0.92552	8189
withdep	relative_ct	lh_STGa	0.014982	1.3536	0.17589	8189
withdep	relative_ct	lh_STSda	0.016403	1.482	0.13838	8189
withdep	relative_ct	lh_STSdp	0.011561	1.0445	0.29628	8189
withdep	relative_ct	lh_STSva	0.0016542	0.14944	0.88121	8189
withdep	relative_ct	lh_STSvp	-0.0094229	-0.85129	0.39463	8189
withdep	relative_ct	lh_STV	0.0013682	0.1236	0.90163	8189
withdep	relative_ct	lh_TA2	0.0013184	0.1191	0.9052	8189
withdep	relative_ct	lh_TE1a	-0.00035965	-0.03249	0.97408	8189
withdep	relative_ct	lh_TE1m	-0.0039154	-0.35372	0.72356	8189
withdep	relative_ct	lh_TE1p	-0.005797	-0.5237	0.6005	8189
withdep	relative_ct	lh_TE2a	-0.0037873	-0.34214	0.73225	8189
withdep	relative_ct	lh_TE2p	0.0032706	0.29547	0.76765	8189
withdep	relative_ct	lh_TF	0.004748	0.42893	0.66799	8189
withdep	relative_ct	lh_TGd	-0.0028985	-0.26184	0.79345	8189
withdep	relative_ct	lh_TGv	-0.0055691	-0.50311	0.6149	8189
withdep	relative_ct	lh_TPOJ1	-0.00022384	-0.020221	0.98387	8189
withdep	relative_ct	lh_TPOJ2	0.0037806	0.34153	0.73271	8189
withdep	relative_ct	lh_TPOJ3	0.018895	1.7072	0.087814	8189
withdep	relative_ct	lh_V1	-0.016207	-1.4643	0.14315	8189
withdep	relative_ct	lh_V2	-0.013963	-1.2615	0.20715	8189
withdep	relative_ct	lh_V3	0.0040656	0.36729	0.71341	8189
withdep	relative_ct	lh_V3A	0.0091143	0.82341	0.4103	8189
withdep	relative_ct	lh_V3B	-0.0028497	-0.25743	0.79685	8189
withdep	relative_ct	lh_V3CD	-0.0080055	-0.72322	0.46956	8189
withdep	relative_ct	lh_V4	-0.002202	-0.19893	0.84232	8189
withdep	relative_ct	lh_V4t	0.00073951	0.066806	0.94674	8189
withdep	relative_ct	lh_V6	0.029934	2.7054	0.0068372	8189
withdep	relative_ct	lh_V6A	-0.0052585	-0.47505	0.63476	8189
withdep	relative_ct	lh_V7	0.0017267	0.15599	0.87605	8189
withdep	relative_ct	lh_V8	-0.0060895	-0.55012	0.58225	8189
withdep	relative_ct	lh_VIP	-0.016658	-1.5051	0.13234	8189
withdep	relative_ct	lh_VMV1	0.0083176	0.75142	0.45242	8189
withdep	relative_ct	lh_VMV2	0.010958	0.98995	0.32223	8189
withdep	relative_ct	lh_VMV3	0.013337	1.205	0.22824	8189
withdep	relative_ct	lh_VVC	0.028643	2.5887	0.0096521	8189
withdep	relative_ct	lh_a10p	-0.0022172	-0.2003	0.84125	8189
withdep	relative_ct	lh_a24	0.010058	0.90869	0.36354	8189
withdep	relative_ct	lh_a24pr	0.011983	1.0826	0.27901	8189
withdep	relative_ct	lh_a32pr	0.01455	1.3146	0.18869	8189
withdep	relative_ct	lh_a47r	-0.0092587	-0.83645	0.40293	8189
withdep	relative_ct	lh_a9-46v	0.0022024	0.19896	0.8423	8189
withdep	relative_ct	lh_d23ab	-0.0016721	-0.15105	0.87994	8189
withdep	relative_ct	lh_d32	0.0068601	0.61975	0.53544	8189
withdep	relative_ct	lh_i6-8	0.0064859	0.58593	0.55794	8189
withdep	relative_ct	lh_p10p	0.010928	0.98724	0.32356	8189
withdep	relative_ct	lh_p24	0.011988	1.083	0.27883	8189
withdep	relative_ct	lh_p24pr	0.025009	2.26	0.023846	8189
withdep	relative_ct	lh_p32	-0.00011096	-0.010024	0.992	8189
withdep	relative_ct	lh_p32pr	0.017131	1.5478	0.1217	8189
withdep	relative_ct	lh_p47r	0.00166	0.14996	0.8808	8189
withdep	relative_ct	lh_p9-46v	0.0020828	0.18816	0.85076	8189
withdep	relative_ct	lh_pOFC	-0.022408	-2.0248	0.042919	8189
withdep	relative_ct	lh_s32	0.010777	0.97365	0.33026	8189
withdep	relative_ct	lh_s6-8	-0.015084	-1.3628	0.17297	8189
withdep	relative_ct	lh_v23ab	-0.0022936	-0.2072	0.83586	8189
internal	absolute	lh_1	0.017677	1.5973	0.11023	8189
internal	absolute	lh_10d	-0.0063996	-0.57821	0.56314	8189
internal	absolute	lh_10pp	-0.010433	-0.94269	0.34587	8189
internal	absolute	lh_10r	-0.00023626	-0.021346	0.98297	8189
internal	absolute	lh_10v	-0.001129	-0.10201	0.91875	8189
internal	absolute	lh_11l	-0.016846	-1.5223	0.12798	8189
internal	absolute	lh_13l	-0.0030712	-0.27748	0.78142	8189
internal	absolute	lh_2	0.031077	2.8092	0.0049786	8189
internal	absolute	lh_23c	0.00512	0.4626	0.64366	8189
internal	absolute	lh_23d	-0.0066014	-0.59644	0.5509	8189
internal	absolute	lh_24dd	0.02241	2.0253	0.042873	8189
internal	absolute	lh_24dv	0.030182	2.7282	0.0063819	8189
internal	absolute	lh_25	-0.01509	-1.3635	0.17276	8189
internal	absolute	lh_31a	-0.0049096	-0.44358	0.65736	8189
internal	absolute	lh_31pd	-0.007612	-0.68776	0.49162	8189
internal	absolute	lh_31pv	0.0017554	0.1586	0.87399	8189
internal	absolute	lh_33pr	-0.0068887	-0.6224	0.53369	8189
internal	absolute	lh_3a	0.0039191	0.35409	0.72328	8189
internal	absolute	lh_3b	0.017283	1.5617	0.1184	8189
internal	absolute	lh_4	-0.0049636	-0.44847	0.65383	8189
internal	absolute	lh_43	-0.0038866	-0.35116	0.72548	8189
internal	absolute	lh_44	0.00057854	0.052271	0.95831	8189
internal	absolute	lh_45	0.026394	2.3855	0.017076	8189
internal	absolute	lh_46	0.0040917	0.36969	0.71162	8189
internal	absolute	lh_47l	0.00062499	0.056468	0.95497	8189
internal	absolute	lh_47m	0.0085144	0.7693	0.44174	8189
internal	absolute	lh_47s	0.018353	1.6585	0.097263	8189
internal	absolute	lh_52	0.029107	2.631	0.0085305	8189
internal	absolute	lh_55b	0.018268	1.6508	0.09882	8189
internal	absolute	lh_5L	0.007071	0.63888	0.52292	8189
internal	absolute	lh_5m	0.033357	3.0154	0.002574	8189
internal	absolute	lh_5mv	0.021178	1.9138	0.055675	8189
internal	absolute	lh_6a	0.003691	0.33348	0.73878	8189
internal	absolute	lh_6d	0.0016497	0.14905	0.88152	8189
internal	absolute	lh_6ma	0.0037353	0.33749	0.73576	8189
internal	absolute	lh_6mp	0.0082087	0.74168	0.4583	8189
internal	absolute	lh_6r	0.0067728	0.61193	0.5406	8189
internal	absolute	lh_6v	0.012219	1.104	0.26962	8189
internal	absolute	lh_7AL	0.0046168	0.41713	0.6766	8189
internal	absolute	lh_7Am	-0.0098451	-0.88955	0.37374	8189
internal	absolute	lh_7PC	-0.0083289	-0.75254	0.45175	8189
internal	absolute	lh_7PL	-0.00082064	-0.074144	0.9409	8189
internal	absolute	lh_7Pm	0.0084711	0.76539	0.44406	8189
internal	absolute	lh_7m	0.031601	2.8566	0.004293	8189
internal	absolute	lh_8Ad	0.0093361	0.84355	0.39895	8189
internal	absolute	lh_8Av	-0.0017728	-0.16017	0.87275	8189
internal	absolute	lh_8BL	0.0054234	0.49001	0.62414	8189
internal	absolute	lh_8BM	0.011663	1.0538	0.29199	8189
internal	absolute	lh_8C	0.018393	1.6621	0.096528	8189
internal	absolute	lh_9-46d	-0.0063288	-0.57181	0.56747	8189
internal	absolute	lh_9a	-0.019012	-1.718	0.085834	8189
internal	absolute	lh_9m	0.0067494	0.60982	0.542	8189
internal	absolute	lh_9p	-0.0038977	-0.35216	0.72473	8189
internal	absolute	lh_A1	0.035048	3.1685	0.0015377	8189
internal	absolute	lh_A4	0.031704	2.8659	0.0041694	8189
internal	absolute	lh_A5	0.034187	3.0906	0.0020043	8189
internal	absolute	lh_AAIC	-0.014383	-1.2996	0.19376	8189
internal	absolute	lh_AIP	0.0054032	0.48818	0.62543	8189
internal	absolute	lh_AVI	0.010854	0.98069	0.32677	8189
internal	absolute	lh_DVT	0.025839	2.3353	0.019551	8189
internal	absolute	lh_EC	0.014441	1.3049	0.19198	8189
internal	absolute	lh_FEF	0.026384	2.3846	0.01712	8189
internal	absolute	lh_FFC	0.013489	1.2189	0.22293	8189
internal	absolute	lh_FOP1	0.0097582	0.88169	0.37797	8189
internal	absolute	lh_FOP2	0.011997	1.084	0.27838	8189
internal	absolute	lh_FOP3	0.020506	1.8531	0.063899	8189
internal	absolute	lh_FOP4	0.0063086	0.56999	0.5687	8189
internal	absolute	lh_FOP5	0.019709	1.781	0.07495	8189
internal	absolute	lh_FST	0.010132	0.91548	0.35997	8189
internal	absolute	lh_IFJa	0.013813	1.2481	0.21203	8189
internal	absolute	lh_IFJp	0.00079635	0.071949	0.94264	8189
internal	absolute	lh_IFSa	0.010181	0.91986	0.35767	8189
internal	absolute	lh_IFSp	0.015069	1.3616	0.17335	8189
internal	absolute	lh_IP0	0.0029258	0.26435	0.79152	8189
internal	absolute	lh_IP1	0.010425	0.94197	0.34624	8189
internal	absolute	lh_IP2	0.0081975	0.74067	0.45892	8189
internal	absolute	lh_IPS1	0.013186	1.1914	0.23352	8189
internal	absolute	lh_Ig	0.0028191	0.25471	0.79896	8189
internal	absolute	lh_LBelt	0.014455	1.3062	0.19153	8189
internal	absolute	lh_LIPd	0.013961	1.2615	0.20717	8189
internal	absolute	lh_LIPv	-0.0055753	-0.50373	0.61446	8189
internal	absolute	lh_LO1	0.013386	1.2095	0.2265	8189
internal	absolute	lh_LO2	0.019911	1.7993	0.072002	8189
internal	absolute	lh_LO3	0.017407	1.5729	0.11577	8189
internal	absolute	lh_MBelt	0.024094	2.1775	0.029469	8189
internal	absolute	lh_MI	0.017318	1.5649	0.11764	8189
internal	absolute	lh_MIP	0.0059751	0.53985	0.58931	8189
internal	absolute	lh_MST	0.024321	2.1981	0.027973	8189
internal	absolute	lh_MT	0.023873	2.1575	0.030996	8189
internal	absolute	lh_OFC	-0.031145	-2.8153	0.0048852	8189
internal	absolute	lh_OP1	-0.010744	-0.97079	0.33168	8189
internal	absolute	lh_OP2-3	0.0079086	0.71456	0.4749	8189
internal	absolute	lh_OP4	0.018766	1.6958	0.089956	8189
internal	absolute	lh_PBelt	0.026883	2.4297	0.015131	8189
internal	absolute	lh_PCV	0.017864	1.6142	0.10652	8189
internal	absolute	lh_PEF	0.0059341	0.53615	0.59187	8189
internal	absolute	lh_PF	0.024878	2.2484	0.024578	8189
internal	absolute	lh_PFcm	0.034398	3.1097	0.0018794	8189
internal	absolute	lh_PFm	0.012237	1.1057	0.2689	8189
internal	absolute	lh_PFop	0.0061351	0.55431	0.57938	8189
internal	absolute	lh_PFt	0.0053038	0.4792	0.63181	8189
internal	absolute	lh_PGi	0.012192	1.1016	0.27065	8189
internal	absolute	lh_PGp	0.016349	1.4773	0.13963	8189
internal	absolute	lh_PGs	0.013582	1.2273	0.21975	8189
internal	absolute	lh_PH	0.033878	3.0627	0.002201	8189
internal	absolute	lh_PHA1	0.0051721	0.46731	0.64029	8189
internal	absolute	lh_PHA2	0.022069	1.9944	0.046144	8189
internal	absolute	lh_PHA3	0.0091858	0.82997	0.40658	8189
internal	absolute	lh_PHT	0.0096412	0.87112	0.38371	8189
internal	absolute	lh_PI	0.018737	1.6931	0.090466	8189
internal	absolute	lh_PIT	0.0064384	0.58172	0.56077	8189
internal	absolute	lh_POS1	0.015944	1.4407	0.14971	8189
internal	absolute	lh_POS2	0.020137	1.8197	0.068839	8189
internal	absolute	lh_PSL	0.014141	1.2777	0.20137	8189
internal	absolute	lh_PeEc	0.024678	2.2303	0.025755	8189
internal	absolute	lh_Pir	-0.022305	-2.0157	0.043862	8189
internal	absolute	lh_PoI1	0.011037	0.99725	0.31867	8189
internal	absolute	lh_PoI2	-0.010853	-0.98065	0.3268	8189
internal	absolute	lh_PreS	0.01133	1.0237	0.30601	8189
internal	absolute	lh_ProS	0.023687	2.1407	0.032326	8189
internal	absolute	lh_RI	0.021835	1.9732	0.048501	8189
internal	absolute	lh_RSC	-0.0050985	-0.46065	0.64506	8189
internal	absolute	lh_SCEF	0.0073278	0.66208	0.50794	8189
internal	absolute	lh_SFL	-0.013808	-1.2476	0.2122	8189
internal	absolute	lh_STGa	0.016112	1.4559	0.14546	8189
internal	absolute	lh_STSda	0.023743	2.1458	0.031919	8189
internal	absolute	lh_STSdp	0.007349	0.66399	0.50671	8189
internal	absolute	lh_STSva	0.02418	2.1853	0.028895	8189
internal	absolute	lh_STSvp	0.0037288	0.3369	0.7362	8189
internal	absolute	lh_STV	0.019071	1.7234	0.08486	8189
internal	absolute	lh_TA2	0.026256	2.3731	0.017664	8189
internal	absolute	lh_TE1a	0.023095	2.0872	0.036901	8189
internal	absolute	lh_TE1m	0.0068775	0.62139	0.53436	8189
internal	absolute	lh_TE1p	-0.00065242	-0.058946	0.953	8189
internal	absolute	lh_TE2a	0.0079078	0.71449	0.47495	8189
internal	absolute	lh_TE2p	0.0079378	0.71719	0.47327	8189
internal	absolute	lh_TF	0.026664	2.4099	0.015978	8189
internal	absolute	lh_TGd	0.019083	1.7245	0.08466	8189
internal	absolute	lh_TGv	0.010338	0.93408	0.35029	8189
internal	absolute	lh_TPOJ1	0.014046	1.2692	0.2044	8189
internal	absolute	lh_TPOJ2	0.017501	1.5814	0.11382	8189
internal	absolute	lh_TPOJ3	0.027656	2.4997	0.01245	8189
internal	absolute	lh_V1	0.0060503	0.54665	0.58463	8189
internal	absolute	lh_V2	0.015966	1.4427	0.14914	8189
internal	absolute	lh_V3	0.02236	2.0207	0.04334	8189
internal	absolute	lh_V3A	0.028895	2.6118	0.0090239	8189
internal	absolute	lh_V3B	0.0080902	0.73097	0.46482	8189
internal	absolute	lh_V3CD	0.019573	1.7687	0.076976	8189
internal	absolute	lh_V4	0.02411	2.179	0.029361	8189
internal	absolute	lh_V4t	0.019168	1.7321	0.083286	8189
internal	absolute	lh_V6	0.038212	3.4549	0.0005532	8189
internal	absolute	lh_V6A	0.027801	2.5128	0.011997	8189
internal	absolute	lh_V7	0.028016	2.5322	0.011352	8189
internal	absolute	lh_V8	-0.0013418	-0.12123	0.90351	8189
internal	absolute	lh_VIP	-0.0051836	-0.46834	0.63955	8189
internal	absolute	lh_VMV1	0.046856	4.238	2.2797e-05	8189
internal	absolute	lh_VMV2	0.0029555	0.26702	0.78946	8189
internal	absolute	lh_VMV3	0.020273	1.832	0.066987	8189
internal	absolute	lh_VVC	0.035795	3.2362	0.0012164	8189
internal	absolute	lh_a10p	0.0016022	0.14476	0.8849	8189
internal	absolute	lh_a24	-0.0083479	-0.75425	0.45072	8189
internal	absolute	lh_a24pr	0.028909	2.613	0.0089925	8189
internal	absolute	lh_a32pr	0.010958	0.99011	0.32215	8189
internal	absolute	lh_a47r	-0.0041864	-0.37824	0.70526	8189
internal	absolute	lh_a9-46v	-0.0020732	-0.18731	0.85142	8189
internal	absolute	lh_d23ab	0.014298	1.2919	0.19641	8189
internal	absolute	lh_d32	0.019824	1.7914	0.073265	8189
internal	absolute	lh_i6-8	0.0098324	0.88839	0.37436	8189
internal	absolute	lh_p10p	0.0052615	0.47538	0.63453	8189
internal	absolute	lh_p24	0.0093381	0.84373	0.39885	8189
internal	absolute	lh_p24pr	0.025203	2.2778	0.022762	8189
internal	absolute	lh_p32	-0.013376	-1.2087	0.22683	8189
internal	absolute	lh_p32pr	0.01566	1.415	0.1571	8189
internal	absolute	lh_p47r	0.0071531	0.64629	0.51811	8189
internal	absolute	lh_p9-46v	0.0049226	0.44476	0.6565	8189
internal	absolute	lh_pOFC	-0.015544	-1.4046	0.16018	8189
internal	absolute	lh_s32	-0.0010825	-0.097804	0.92209	8189
internal	absolute	lh_s6-8	0.013095	1.1832	0.23677	8189
internal	absolute	lh_v23ab	0.026557	2.4002	0.016407	8189
internal	relative	lh_1	0.0062059	0.56067	0.57503	8189
internal	relative	lh_10d	-0.017128	-1.5476	0.12175	8189
internal	relative	lh_10pp	-0.01979	-1.7882	0.073777	8189
internal	relative	lh_10r	-0.0082286	-0.74343	0.45724	8189
internal	relative	lh_10v	-0.010157	-0.91767	0.35882	8189
internal	relative	lh_11l	-0.027901	-2.5217	0.011699	8189
internal	relative	lh_13l	-0.013241	-1.1964	0.23158	8189
internal	relative	lh_2	0.020895	1.8882	0.059038	8189
internal	relative	lh_23c	-0.0085952	-0.77655	0.43744	8189
internal	relative	lh_23d	-0.01391	-1.2568	0.20885	8189
internal	relative	lh_24dd	0.011723	1.0592	0.28954	8189
internal	relative	lh_24dv	0.021866	1.976	0.048194	8189
internal	relative	lh_25	-0.01864	-1.6843	0.09216	8189
internal	relative	lh_31a	-0.015352	-1.3871	0.16544	8189
internal	relative	lh_31pd	-0.021707	-1.9615	0.049852	8189
internal	relative	lh_31pv	-0.0104	-0.9396	0.34745	8189
internal	relative	lh_33pr	-0.0087466	-0.79023	0.42942	8189
internal	relative	lh_3a	-0.0042124	-0.38057	0.70353	8189
internal	relative	lh_3b	0.011683	1.0555	0.29121	8189
internal	relative	lh_4	-0.007337	-0.66287	0.50743	8189
internal	relative	lh_43	-0.014606	-1.3197	0.18696	8189
internal	relative	lh_44	-0.010896	-0.98444	0.32493	8189
internal	relative	lh_45	0.016404	1.4822	0.13833	8189
internal	relative	lh_46	-0.011754	-1.062	0.28829	8189
internal	relative	lh_47l	-0.011282	-1.0193	0.3081	8189
internal	relative	lh_47m	-0.000625	-0.056465	0.95497	8189
internal	relative	lh_47s	0.010502	0.94888	0.34271	8189
internal	relative	lh_52	0.022128	1.9996	0.045579	8189
internal	relative	lh_55b	0.0091348	0.8253	0.40922	8189
internal	relative	lh_5L	-0.0044718	-0.404	0.68622	8189
internal	relative	lh_5m	0.024229	2.1896	0.02858	8189
internal	relative	lh_5mv	0.0098086	0.88619	0.37554	8189
internal	relative	lh_6a	-0.01097	-0.99114	0.32165	8189
internal	relative	lh_6d	-0.0095608	-0.86379	0.38773	8189
internal	relative	lh_6ma	-0.0079326	-0.71668	0.47359	8189
internal	relative	lh_6mp	-0.0035985	-0.3251	0.74511	8189
internal	relative	lh_6r	-0.0063831	-0.57668	0.56417	8189
internal	relative	lh_6v	0.0024793	0.22399	0.82277	8189
internal	relative	lh_7AL	-0.0064862	-0.586	0.55789	8189
internal	relative	lh_7Am	-0.023566	-2.1296	0.033231	8189
internal	relative	lh_7PC	-0.023249	-2.101	0.035672	8189
internal	relative	lh_7PL	-0.012916	-1.167	0.24325	8189
internal	relative	lh_7Pm	-0.0014659	-0.13244	0.89464	8189
internal	relative	lh_7m	0.022088	1.996	0.04597	8189
internal	relative	lh_8Ad	-0.0044426	-0.40137	0.68816	8189
internal	relative	lh_8Av	-0.01071	-0.9676	0.33327	8189
internal	relative	lh_8BL	-0.0057511	-0.51958	0.60337	8189
internal	relative	lh_8BM	0.00019117	0.017271	0.98622	8189
internal	relative	lh_8C	0.0059925	0.54139	0.58825	8189
internal	relative	lh_9-46d	-0.021986	-1.9868	0.046978	8189
internal	relative	lh_9a	-0.032656	-2.9518	0.003168	8189
internal	relative	lh_9m	-0.0059924	-0.54138	0.58826	8189
internal	relative	lh_9p	-0.017488	-1.5802	0.1141	8189
internal	relative	lh_A1	0.027291	2.4665	0.013665	8189
internal	relative	lh_A4	0.021789	1.969	0.048988	8189
internal	relative	lh_A5	0.025016	2.2608	0.0238	8189
internal	relative	lh_AAIC	-0.017013	-1.5372	0.12428	8189
internal	relative	lh_AIP	-0.0094577	-0.85448	0.39286	8189
internal	relative	lh_AVI	0.0026658	0.24084	0.80968	8189
internal	relative	lh_DVT	0.015192	1.3727	0.1699	8189
internal	relative	lh_EC	0.011857	1.0713	0.28409	8189
internal	relative	lh_FEF	0.017354	1.5681	0.11691	8189
internal	relative	lh_FFC	0.00083049	0.075029	0.94019	8189
internal	relative	lh_FOP1	0.0017681	0.15974	0.87309	8189
internal	relative	lh_FOP2	0.0045837	0.41411	0.6788	8189
internal	relative	lh_FOP3	0.014144	1.2779	0.20131	8189
internal	relative	lh_FOP4	-0.0032008	-0.28918	0.77245	8189
internal	relative	lh_FOP5	0.011152	1.0076	0.31367	8189
internal	relative	lh_FST	-0.0017969	-0.16233	0.87105	8189
internal	relative	lh_IFJa	0.0041152	0.37178	0.71006	8189
internal	relative	lh_IFJp	-0.0077809	-0.70297	0.48209	8189
internal	relative	lh_IFSa	-0.0027459	-0.24808	0.80408	8189
internal	relative	lh_IFSp	0.0038572	0.34848	0.72749	8189
internal	relative	lh_IP0	-0.010731	-0.96956	0.33229	8189
internal	relative	lh_IP1	-0.0037605	-0.33974	0.73406	8189
internal	relative	lh_IP2	-0.0049891	-0.45074	0.65219	8189
internal	relative	lh_IPS1	0.0012889	0.11644	0.9073	8189
internal	relative	lh_Ig	-0.005749	-0.5194	0.6035	8189
internal	relative	lh_LBelt	0.0048941	0.44215	0.65839	8189
internal	relative	lh_LIPd	0.0030704	0.27739	0.78149	8189
internal	relative	lh_LIPv	-0.018372	-1.6601	0.09693	8189
internal	relative	lh_LO1	0.0027122	0.24504	0.80644	8189
internal	relative	lh_LO2	0.010249	0.92601	0.35447	8189
internal	relative	lh_LO3	0.0067941	0.61382	0.53935	8189
internal	relative	lh_MBelt	0.015044	1.3593	0.17408	8189
internal	relative	lh_MI	0.0099076	0.89514	0.37074	8189
internal	relative	lh_MIP	-0.0073045	-0.65993	0.50932	8189
internal	relative	lh_MST	0.014594	1.3186	0.18734	8189
internal	relative	lh_MT	0.013772	1.2443	0.21341	8189
internal	relative	lh_OFC	-0.038722	-3.5009	0.00046614	8189
internal	relative	lh_OP1	-0.020119	-1.818	0.069104	8189
internal	relative	lh_OP2-3	-0.0001134	-0.010245	0.99183	8189
internal	relative	lh_OP4	0.0079136	0.71497	0.47465	8189
internal	relative	lh_PBelt	0.017294	1.5627	0.11817	8189
internal	relative	lh_PCV	0.00595	0.53756	0.5909	8189
internal	relative	lh_PEF	-0.0025225	-0.22789	0.81974	8189
internal	relative	lh_PF	0.014268	1.2891	0.1974	8189
internal	relative	lh_PFcm	0.025809	2.3325	0.019701	8189
internal	relative	lh_PFm	-0.0028479	-0.25729	0.79696	8189
internal	relative	lh_PFop	-0.0042634	-0.38518	0.70012	8189
internal	relative	lh_PFt	-0.0064189	-0.57992	0.56199	8189
internal	relative	lh_PGi	-0.0037243	-0.33647	0.73653	8189
internal	relative	lh_PGp	0.0048968	0.4424	0.65821	8189
internal	relative	lh_PGs	0.00016105	0.01455	0.98839	8189
internal	relative	lh_PH	0.024583	2.2216	0.026335	8189
internal	relative	lh_PHA1	0.00063555	0.057418	0.95421	8189
internal	relative	lh_PHA2	0.015276	1.3802	0.16756	8189
internal	relative	lh_PHA3	0.00063001	0.056918	0.95461	8189
internal	relative	lh_PHT	-0.0030605	-0.2765	0.78217	8189
internal	relative	lh_PI	0.011541	1.0427	0.29711	8189
internal	relative	lh_PIT	-0.0043897	-0.39658	0.69169	8189
internal	relative	lh_POS1	0.0052451	0.47387	0.6356	8189
internal	relative	lh_POS2	0.0072304	0.65324	0.51362	8189
internal	relative	lh_PSL	0.003676	0.33211	0.73982	8189
internal	relative	lh_PeEc	0.01838	1.6608	0.096793	8189
internal	relative	lh_Pir	-0.02576	-2.328	0.019934	8189
internal	relative	lh_PoI1	0.0061621	0.55672	0.57774	8189
internal	relative	lh_PoI2	-0.015891	-1.4358	0.1511	8189
internal	relative	lh_PreS	0.0096857	0.87509	0.38155	8189
internal	relative	lh_ProS	0.018143	1.6394	0.10117	8189
internal	relative	lh_RI	0.012139	1.0967	0.27279	8189
internal	relative	lh_RSC	-0.0089786	-0.8112	0.41728	8189
internal	relative	lh_SCEF	-0.0048886	-0.44166	0.65875	8189
internal	relative	lh_SFL	-0.024334	-2.1991	0.027899	8189
internal	relative	lh_STGa	0.0076607	0.69212	0.48888	8189
internal	relative	lh_STSda	0.013539	1.2233	0.22126	8189
internal	relative	lh_STSdp	-0.0059731	-0.53964	0.58946	8189
internal	relative	lh_STSva	0.015081	1.3626	0.17303	8189
internal	relative	lh_STSvp	-0.0090701	-0.81946	0.41255	8189
internal	relative	lh_STV	0.008354	0.75476	0.45042	8189
internal	relative	lh_TA2	0.019212	1.736	0.082593	8189
internal	relative	lh_TE1a	0.013969	1.2622	0.20693	8189
internal	relative	lh_TE1m	-0.0029714	-0.26845	0.78836	8189
internal	relative	lh_TE1p	-0.013075	-1.1813	0.23752	8189
internal	relative	lh_TE2a	-0.0045844	-0.41418	0.67876	8189
internal	relative	lh_TE2p	-0.0025131	-0.22704	0.8204	8189
internal	relative	lh_TF	0.018706	1.6902	0.091022	8189
internal	relative	lh_TGd	0.011297	1.0206	0.30745	8189
internal	relative	lh_TGv	0.0016587	0.14986	0.88088	8189
internal	relative	lh_TPOJ1	9.7753e-05	0.0088314	0.99295	8189
internal	relative	lh_TPOJ2	0.0049674	0.44878	0.65361	8189
internal	relative	lh_TPOJ3	0.01778	1.6066	0.10819	8189
internal	relative	lh_V1	-0.0009698	-0.087615	0.93018	8189
internal	relative	lh_V2	0.0042267	0.38186	0.70258	8189
internal	relative	lh_V3	0.012097	1.093	0.27444	8189
internal	relative	lh_V3A	0.018694	1.6892	0.091225	8189
internal	relative	lh_V3B	-0.0031642	-0.28587	0.77499	8189
internal	relative	lh_V3CD	0.0091474	0.82645	0.40857	8189
internal	relative	lh_V4	0.011799	1.066	0.28645	8189
internal	relative	lh_V4t	0.0094228	0.85133	0.39461	8189
internal	relative	lh_V6	0.029724	2.6866	0.0072331	8189
internal	relative	lh_V6A	0.019366	1.7499	0.080174	8189
internal	relative	lh_V7	0.018583	1.6792	0.093158	8189
internal	relative	lh_V8	-0.014325	-1.2943	0.19559	8189
internal	relative	lh_VIP	-0.01772	-1.6012	0.10938	8189
internal	relative	lh_VMV1	0.041328	3.7369	0.00018755	8189
internal	relative	lh_VMV2	-0.0061535	-0.55594	0.57827	8189
internal	relative	lh_VMV3	0.011283	1.0194	0.30802	8189
internal	relative	lh_VVC	0.028895	2.6116	0.0090284	8189
internal	relative	lh_a10p	-0.0081254	-0.7341	0.46291	8189
internal	relative	lh_a24	-0.016408	-1.4826	0.13823	8189
internal	relative	lh_a24pr	0.021926	1.9813	0.047588	8189
internal	relative	lh_a32pr	0.001375	0.12422	0.90114	8189
internal	relative	lh_a47r	-0.019253	-1.7397	0.081944	8189
internal	relative	lh_a9-46v	-0.015677	-1.4165	0.15666	8189
internal	relative	lh_d23ab	0.0054758	0.49471	0.62082	8189
internal	relative	lh_d32	0.0099158	0.89588	0.37034	8189
internal	relative	lh_i6-8	-0.00099382	-0.089786	0.92846	8189
internal	relative	lh_p10p	-0.0056495	-0.51041	0.60978	8189
internal	relative	lh_p24	0.0024111	0.21782	0.82757	8189
internal	relative	lh_p24pr	0.017745	1.6034	0.10889	8189
internal	relative	lh_p32	-0.024469	-2.2113	0.027046	8189
internal	relative	lh_p32pr	0.0055414	0.50064	0.61664	8189
internal	relative	lh_p47r	-0.0037741	-0.34097	0.73314	8189
internal	relative	lh_p9-46v	-0.0089942	-0.81261	0.41647	8189
internal	relative	lh_pOFC	-0.019318	-1.7456	0.080916	8189
internal	relative	lh_s32	-0.0076036	-0.68696	0.49213	8189
internal	relative	lh_s6-8	0.0035034	0.31652	0.75162	8189
internal	relative	lh_v23ab	0.018724	1.6919	0.09071	8189
internal	absolute_ct	lh_1	-0.015027	-1.3577	0.17458	8189
internal	absolute_ct	lh_10d	0.0063742	0.57588	0.56471	8189
internal	absolute_ct	lh_10pp	-0.016937	-1.5303	0.12597	8189
internal	absolute_ct	lh_10r	-0.0065452	-0.59133	0.55432	8189
internal	absolute_ct	lh_10v	-0.0013893	-0.12552	0.90012	8189
internal	absolute_ct	lh_11l	-0.025121	-2.2702	0.023221	8189
internal	absolute_ct	lh_13l	0.0022084	0.19952	0.84186	8189
internal	absolute_ct	lh_2	0.017564	1.587	0.11255	8189
internal	absolute_ct	lh_23c	-0.0094793	-0.85644	0.39178	8189
internal	absolute_ct	lh_23d	-0.013753	-1.2426	0.21406	8189
internal	absolute_ct	lh_24dd	0.019142	1.7297	0.083722	8189
internal	absolute_ct	lh_24dv	0.040241	3.6385	0.00027597	8189
internal	absolute_ct	lh_25	-0.0083457	-0.754	0.45087	8189
internal	absolute_ct	lh_31a	-0.014548	-1.3145	0.18873	8189
internal	absolute_ct	lh_31pd	-0.020218	-1.8269	0.067744	8189
internal	absolute_ct	lh_31pv	-0.0096161	-0.8688	0.38498	8189
internal	absolute_ct	lh_33pr	-0.0093795	-0.84741	0.39679	8189
internal	absolute_ct	lh_3a	0.0031728	0.28664	0.77439	8189
internal	absolute_ct	lh_3b	-0.020896	-1.8883	0.059027	8189
internal	absolute_ct	lh_4	-0.00064475	-0.058249	0.95355	8189
internal	absolute_ct	lh_43	0.002816	0.25441	0.79918	8189
internal	absolute_ct	lh_44	0.0025591	0.2312	0.81717	8189
internal	absolute_ct	lh_45	0.023853	2.1556	0.031146	8189
internal	absolute_ct	lh_46	-0.0016651	-0.15043	0.88043	8189
internal	absolute_ct	lh_47l	-0.010513	-0.94981	0.34224	8189
internal	absolute_ct	lh_47m	-0.00034905	-0.031535	0.97484	8189
internal	absolute_ct	lh_47s	-0.0024506	-0.22139	0.82479	8189
internal	absolute_ct	lh_52	0.026457	2.3911	0.016821	8189
internal	absolute_ct	lh_55b	0.01609	1.4538	0.14603	8189
internal	absolute_ct	lh_5L	-0.018202	-1.6447	0.10006	8189
internal	absolute_ct	lh_5m	0.0039065	0.35293	0.72415	8189
internal	absolute_ct	lh_5mv	0.011678	1.0551	0.2914	8189
internal	absolute_ct	lh_6a	-4.338e-05	-0.0039191	0.99687	8189
internal	absolute_ct	lh_6d	-0.0085717	-0.77443	0.4387	8189
internal	absolute_ct	lh_6ma	-0.0029688	-0.26821	0.78854	8189
internal	absolute_ct	lh_6mp	0.0042916	0.38773	0.69823	8189
internal	absolute_ct	lh_6r	0.0064382	0.58167	0.56081	8189
internal	absolute_ct	lh_6v	0.008543	0.77184	0.44023	8189
internal	absolute_ct	lh_7AL	-0.017056	-1.5411	0.12333	8189
internal	absolute_ct	lh_7Am	-0.015881	-1.4349	0.15135	8189
internal	absolute_ct	lh_7PC	-0.014279	-1.2902	0.19703	8189
internal	absolute_ct	lh_7PL	-0.01514	-1.368	0.17135	8189
internal	absolute_ct	lh_7Pm	0.0019164	0.17314	0.86255	8189
internal	absolute_ct	lh_7m	0.0074549	0.67352	0.50063	8189
internal	absolute_ct	lh_8Ad	0.005474	0.49455	0.62093	8189
internal	absolute_ct	lh_8Av	-0.014708	-1.3289	0.18391	8189
internal	absolute_ct	lh_8BL	0.0030082	0.27178	0.7858	8189
internal	absolute_ct	lh_8BM	0.014728	1.3307	0.18332	8189
internal	absolute_ct	lh_8C	0.017901	1.6175	0.10581	8189
internal	absolute_ct	lh_9-46d	-0.012733	-1.1504	0.25001	8189
internal	absolute_ct	lh_9a	-0.0081987	-0.74072	0.45888	8189
internal	absolute_ct	lh_9m	-0.00046974	-0.042438	0.96615	8189
internal	absolute_ct	lh_9p	0.0008944	0.080803	0.9356	8189
internal	absolute_ct	lh_A1	0.0063349	0.57233	0.56711	8189
internal	absolute_ct	lh_A4	0.014111	1.275	0.20234	8189
internal	absolute_ct	lh_A5	0.024033	2.1719	0.029893	8189
internal	absolute_ct	lh_AAIC	-0.021498	-1.9426	0.052093	8189
internal	absolute_ct	lh_AIP	-0.0036575	-0.33043	0.74108	8189
internal	absolute_ct	lh_AVI	-0.0023442	-0.21179	0.83228	8189
internal	absolute_ct	lh_DVT	0.016947	1.5313	0.12574	8189
internal	absolute_ct	lh_EC	0.0095409	0.862	0.38871	8189
internal	absolute_ct	lh_FEF	0.012122	1.0952	0.27345	8189
internal	absolute_ct	lh_FFC	0.020499	1.8523	0.064017	8189
internal	absolute_ct	lh_FOP1	0.0055815	0.50426	0.61409	8189
internal	absolute_ct	lh_FOP2	0.011186	1.0106	0.31223	8189
internal	absolute_ct	lh_FOP3	0.014642	1.3229	0.1859	8189
internal	absolute_ct	lh_FOP4	-0.0062026	-0.56038	0.57524	8189
internal	absolute_ct	lh_FOP5	0.0094141	0.85054	0.39505	8189
internal	absolute_ct	lh_FST	-0.0058818	-0.5314	0.59516	8189
internal	absolute_ct	lh_IFJa	0.014731	1.331	0.18324	8189
internal	absolute_ct	lh_IFJp	-0.0072311	-0.65331	0.51358	8189
internal	absolute_ct	lh_IFSa	0.00071914	0.06497	0.9482	8189
internal	absolute_ct	lh_IFSp	0.017303	1.5635	0.11798	8189
internal	absolute_ct	lh_IP0	-0.0144	-1.3011	0.19328	8189
internal	absolute_ct	lh_IP1	-0.011285	-1.0196	0.30796	8189
internal	absolute_ct	lh_IP2	-0.0087233	-0.78813	0.43064	8189
internal	absolute_ct	lh_IPS1	0.0070523	0.63715	0.52405	8189
internal	absolute_ct	lh_Ig	-0.0062162	-0.5616	0.5744	8189
internal	absolute_ct	lh_LBelt	-0.0029658	-0.26794	0.78875	8189
internal	absolute_ct	lh_LIPd	-0.0012424	-0.11224	0.91063	8189
internal	absolute_ct	lh_LIPv	-0.020784	-1.8781	0.060401	8189
internal	absolute_ct	lh_LO1	0.0065108	0.58822	0.5564	8189
internal	absolute_ct	lh_LO2	0.0033871	0.30601	0.75961	8189
internal	absolute_ct	lh_LO3	0.024028	2.1714	0.029926	8189
internal	absolute_ct	lh_MBelt	0.0056198	0.50772	0.61166	8189
internal	absolute_ct	lh_MI	0.0069802	0.63064	0.5283	8189
internal	absolute_ct	lh_MIP	-0.0077638	-0.70143	0.48305	8189
internal	absolute_ct	lh_MST	0.010673	0.96434	0.3349	8189
internal	absolute_ct	lh_MT	0.0089459	0.80824	0.41898	8189
internal	absolute_ct	lh_OFC	-0.026257	-2.3729	0.01767	8189
internal	absolute_ct	lh_OP1	-0.024134	-2.181	0.029213	8189
internal	absolute_ct	lh_OP2-3	0.0080457	0.7269	0.46731	8189
internal	absolute_ct	lh_OP4	0.00076907	0.069481	0.94461	8189
internal	absolute_ct	lh_PBelt	0.011521	1.0409	0.29796	8189
internal	absolute_ct	lh_PCV	-0.0073778	-0.66655	0.50508	8189
internal	absolute_ct	lh_PEF	0.0032721	0.29562	0.76753	8189
internal	absolute_ct	lh_PF	0.015416	1.3929	0.16369	8189
internal	absolute_ct	lh_PFcm	0.025218	2.2791	0.02269	8189
internal	absolute_ct	lh_PFm	0.0034402	0.3108	0.75596	8189
internal	absolute_ct	lh_PFop	0.0016191	0.14628	0.88371	8189
internal	absolute_ct	lh_PFt	-0.010341	-0.93433	0.35016	8189
internal	absolute_ct	lh_PGi	0.0047408	0.42831	0.66844	8189
internal	absolute_ct	lh_PGp	0.012284	1.1099	0.26709	8189
internal	absolute_ct	lh_PGs	0.0063044	0.56957	0.56898	8189
internal	absolute_ct	lh_PH	0.015813	1.4287	0.15312	8189
internal	absolute_ct	lh_PHA1	0.0023958	0.21645	0.82864	8189
internal	absolute_ct	lh_PHA2	0.019713	1.7813	0.074899	8189
internal	absolute_ct	lh_PHA3	0.0049607	0.44818	0.65404	8189
internal	absolute_ct	lh_PHT	-1.2081e-05	-0.0010914	0.99913	8189
internal	absolute_ct	lh_PI	0.010163	0.9182	0.35854	8189
internal	absolute_ct	lh_PIT	-0.0026146	-0.23622	0.81327	8189
internal	absolute_ct	lh_POS1	-0.011893	-1.0745	0.28263	8189
internal	absolute_ct	lh_POS2	0.012631	1.1413	0.25379	8189
internal	absolute_ct	lh_PSL	0.017561	1.5868	0.11259	8189
internal	absolute_ct	lh_PeEc	0.01146	1.0354	0.3005	8189
internal	absolute_ct	lh_Pir	0.0036178	0.32685	0.74379	8189
internal	absolute_ct	lh_PoI1	0.010215	0.92295	0.35606	8189
internal	absolute_ct	lh_PoI2	0.007848	0.70904	0.47832	8189
internal	absolute_ct	lh_PreS	0.01785	1.6129	0.1068	8189
internal	absolute_ct	lh_ProS	0.0039674	0.35843	0.72003	8189
internal	absolute_ct	lh_RI	0.014732	1.3311	0.1832	8189
internal	absolute_ct	lh_RSC	-0.013375	-1.2085	0.22689	8189
internal	absolute_ct	lh_SCEF	0.0080327	0.72572	0.46803	8189
internal	absolute_ct	lh_SFL	-0.0014616	-0.13205	0.89495	8189
internal	absolute_ct	lh_STGa	0.02768	2.5017	0.01238	8189
internal	absolute_ct	lh_STSda	0.028968	2.6182	0.0088564	8189
internal	absolute_ct	lh_STSdp	0.0059466	0.53724	0.59111	8189
internal	absolute_ct	lh_STSva	0.01135	1.0254	0.30519	8189
internal	absolute_ct	lh_STSvp	-0.0046522	-0.42031	0.67427	8189
internal	absolute_ct	lh_STV	0.012844	1.1605	0.2459	8189
internal	absolute_ct	lh_TA2	0.011629	1.0507	0.29344	8189
internal	absolute_ct	lh_TE1a	0.011207	1.0126	0.31129	8189
internal	absolute_ct	lh_TE1m	0.0065219	0.58922	0.55573	8189
internal	absolute_ct	lh_TE1p	0.01047	0.94597	0.34419	8189
internal	absolute_ct	lh_TE2a	0.011519	1.0408	0.29802	8189
internal	absolute_ct	lh_TE2p	0.00017774	0.016058	0.98719	8189
internal	absolute_ct	lh_TF	0.024733	2.2352	0.025432	8189
internal	absolute_ct	lh_TGd	0.013805	1.2473	0.21232	8189
internal	absolute_ct	lh_TGv	0.010101	0.91259	0.36149	8189
internal	absolute_ct	lh_TPOJ1	0.0053729	0.48542	0.62739	8189
internal	absolute_ct	lh_TPOJ2	0.012027	1.0866	0.27724	8189
internal	absolute_ct	lh_TPOJ3	0.0176	1.5903	0.1118	8189
internal	absolute_ct	lh_V1	-0.0058006	-0.52406	0.60025	8189
internal	absolute_ct	lh_V2	-0.001363	-0.12313	0.902	8189
internal	absolute_ct	lh_V3	0.017686	1.5981	0.11007	8189
internal	absolute_ct	lh_V3A	0.013418	1.2123	0.22543	8189
internal	absolute_ct	lh_V3B	-0.0077457	-0.6998	0.48407	8189
internal	absolute_ct	lh_V3CD	-0.0024146	-0.21815	0.82732	8189
internal	absolute_ct	lh_V4	0.0091745	0.82889	0.40719	8189
internal	absolute_ct	lh_V4t	0.0023498	0.21229	0.83188	8189
internal	absolute_ct	lh_V6	0.025733	2.3256	0.020067	8189
internal	absolute_ct	lh_V6A	0.004195	0.379	0.7047	8189
internal	absolute_ct	lh_V7	0.00874	0.78963	0.42976	8189
internal	absolute_ct	lh_V8	-0.0010875	-0.098246	0.92174	8189
internal	absolute_ct	lh_VIP	-0.019507	-1.7627	0.077992	8189
internal	absolute_ct	lh_VMV1	0.014946	1.3504	0.17691	8189
internal	absolute_ct	lh_VMV2	0.0031079	0.28078	0.77888	8189
internal	absolute_ct	lh_VMV3	0.0092937	0.83966	0.40112	8189
internal	absolute_ct	lh_VVC	0.02853	2.5785	0.009939	8189
internal	absolute_ct	lh_a10p	-0.014431	-1.3039	0.19231	8189
internal	absolute_ct	lh_a24	0.00054064	0.048844	0.96105	8189
internal	absolute_ct	lh_a24pr	0.012038	1.0876	0.27679	8189
internal	absolute_ct	lh_a32pr	0.018576	1.6786	0.093277	8189
internal	absolute_ct	lh_a47r	-0.015502	-1.4007	0.16134	8189
internal	absolute_ct	lh_a9-46v	-0.0039397	-0.35593	0.7219	8189
internal	absolute_ct	lh_d23ab	-0.012264	-1.1081	0.26786	8189
internal	absolute_ct	lh_d32	0.012111	1.0943	0.27388	8189
internal	absolute_ct	lh_i6-8	0.011858	1.0713	0.28405	8189
internal	absolute_ct	lh_p10p	-0.0036199	-0.32704	0.74364	8189
internal	absolute_ct	lh_p24	0.010947	0.98909	0.32265	8189
internal	absolute_ct	lh_p24pr	0.019455	1.758	0.078789	8189
internal	absolute_ct	lh_p32	-0.0083817	-0.75726	0.44891	8189
internal	absolute_ct	lh_p32pr	0.023587	2.1315	0.033074	8189
internal	absolute_ct	lh_p47r	-0.0054086	-0.48864	0.62511	8189
internal	absolute_ct	lh_p9-46v	-0.0076169	-0.68816	0.49137	8189
internal	absolute_ct	lh_pOFC	-0.013876	-1.2537	0.20997	8189
internal	absolute_ct	lh_s32	0.0026487	0.2393	0.81088	8189
internal	absolute_ct	lh_s6-8	-0.011315	-1.0223	0.30667	8189
internal	absolute_ct	lh_v23ab	0.00068838	0.062191	0.95041	8189
internal	relative_ct	lh_1	-0.020489	-1.8513	0.064162	8189
internal	relative_ct	lh_10d	-0.00071378	-0.064482	0.94859	8189
internal	relative_ct	lh_10pp	-0.021784	-1.9684	0.049056	8189
internal	relative_ct	lh_10r	-0.011964	-1.0809	0.27978	8189
internal	relative_ct	lh_10v	-0.0064985	-0.58707	0.55717	8189
internal	relative_ct	lh_11l	-0.032134	-2.9044	0.0036891	8189
internal	relative_ct	lh_13l	-0.0057701	-0.52127	0.60219	8189
internal	relative_ct	lh_2	0.013222	1.1946	0.23229	8189
internal	relative_ct	lh_23c	-0.019126	-1.7281	0.084009	8189
internal	relative_ct	lh_23d	-0.017351	-1.5677	0.11698	8189
internal	relative_ct	lh_24dd	0.011366	1.0269	0.30452	8189
internal	relative_ct	lh_24dv	0.033733	3.0491	0.0023027	8189
internal	relative_ct	lh_25	-0.0097782	-0.88339	0.37705	8189
internal	relative_ct	lh_31a	-0.02244	-2.0277	0.042627	8189
internal	relative_ct	lh_31pd	-0.029823	-2.6953	0.0070459	8189
internal	relative_ct	lh_31pv	-0.016749	-1.5133	0.13025	8189
internal	relative_ct	lh_33pr	-0.011405	-1.0304	0.30287	8189
internal	relative_ct	lh_3a	-0.0021923	-0.19805	0.84301	8189
internal	relative_ct	lh_3b	-0.021936	-1.9821	0.047499	8189
internal	relative_ct	lh_4	-0.006417	-0.57971	0.56212	8189
internal	relative_ct	lh_43	-0.0052076	-0.47045	0.63805	8189
internal	relative_ct	lh_44	-0.0062717	-0.56659	0.57101	8189
internal	relative_ct	lh_45	0.01691	1.5278	0.12659	8189
internal	relative_ct	lh_46	-0.012637	-1.1417	0.25361	8189
internal	relative_ct	lh_47l	-0.017694	-1.5987	0.10993	8189
internal	relative_ct	lh_47m	-0.0066536	-0.60109	0.5478	8189
internal	relative_ct	lh_47s	-0.0052145	-0.47107	0.6376	8189
internal	relative_ct	lh_52	0.021125	1.9089	0.056315	8189
internal	relative_ct	lh_55b	0.010717	0.96823	0.33296	8189
internal	relative_ct	lh_5L	-0.024255	-2.1918	0.028425	8189
internal	relative_ct	lh_5m	0.00085147	0.07692	0.93869	8189
internal	relative_ct	lh_5mv	0.0045127	0.40767	0.68353	8189
internal	relative_ct	lh_6a	-0.010668	-0.96376	0.33519	8189
internal	relative_ct	lh_6d	-0.014938	-1.3497	0.17716	8189
internal	relative_ct	lh_6ma	-0.0086528	-0.78171	0.43441	8189
internal	relative_ct	lh_6mp	-0.0035464	-0.32037	0.74869	8189
internal	relative_ct	lh_6r	-0.0032032	-0.28937	0.77231	8189
internal	relative_ct	lh_6v	0.0030034	0.27133	0.78615	8189
internal	relative_ct	lh_7AL	-0.023825	-2.1529	0.031356	8189
internal	relative_ct	lh_7Am	-0.027388	-2.4751	0.013341	8189
internal	relative_ct	lh_7PC	-0.024388	-2.2039	0.027562	8189
internal	relative_ct	lh_7PL	-0.025295	-2.2858	0.02229	8189
internal	relative_ct	lh_7Pm	-0.0062123	-0.56122	0.57466	8189
internal	relative_ct	lh_7m	0.002984	0.26957	0.7875	8189
internal	relative_ct	lh_8Ad	-0.0044144	-0.39879	0.69006	8189
internal	relative_ct	lh_8Av	-0.011843	-1.0699	0.28468	8189
internal	relative_ct	lh_8BL	-0.0034398	-0.31075	0.756	8189
internal	relative_ct	lh_8BM	0.007189	0.64946	0.51606	8189
internal	relative_ct	lh_8C	0.0081915	0.74003	0.45931	8189
internal	relative_ct	lh_9-46d	-0.022926	-2.0716	0.038333	8189
internal	relative_ct	lh_9a	-0.017752	-1.6039	0.10877	8189
internal	relative_ct	lh_9m	-0.0084786	-0.76597	0.44372	8189
internal	relative_ct	lh_9p	-0.008592	-0.77622	0.43764	8189
internal	relative_ct	lh_A1	0.0038872	0.35117	0.72547	8189
internal	relative_ct	lh_A4	0.009865	0.89123	0.37283	8189
internal	relative_ct	lh_A5	0.019831	1.7919	0.073191	8189
internal	relative_ct	lh_AAIC	-0.022161	-2.0025	0.045264	8189
internal	relative_ct	lh_AIP	-0.01285	-1.161	0.24569	8189
internal	relative_ct	lh_AVI	-0.0064019	-0.57835	0.56305	8189
internal	relative_ct	lh_DVT	0.0093521	0.84489	0.3982	8189
internal	relative_ct	lh_EC	0.0081604	0.73722	0.46101	8189
internal	relative_ct	lh_FEF	0.0068152	0.61569	0.53812	8189
internal	relative_ct	lh_FFC	0.0091679	0.82825	0.40756	8189
internal	relative_ct	lh_FOP1	0.001158	0.10461	0.91669	8189
internal	relative_ct	lh_FOP2	0.0068467	0.61854	0.53624	8189
internal	relative_ct	lh_FOP3	0.012502	1.1295	0.25872	8189
internal	relative_ct	lh_FOP4	-0.010733	-0.96965	0.33225	8189
internal	relative_ct	lh_FOP5	0.0048484	0.438	0.6614	8189
internal	relative_ct	lh_FST	-0.014342	-1.2957	0.19511	8189
internal	relative_ct	lh_IFJa	0.0074549	0.67348	0.50066	8189
internal	relative_ct	lh_IFJp	-0.012699	-1.1473	0.25128	8189
internal	relative_ct	lh_IFSa	-0.0074407	-0.67219	0.50148	8189
internal	relative_ct	lh_IFSp	0.0090936	0.82154	0.41137	8189
internal	relative_ct	lh_IP0	-0.022544	-2.0371	0.041671	8189
internal	relative_ct	lh_IP1	-0.019268	-1.741	0.081729	8189
internal	relative_ct	lh_IP2	-0.016606	-1.5003	0.13357	8189
internal	relative_ct	lh_IPS1	-0.00086837	-0.078447	0.93747	8189
internal	relative_ct	lh_Ig	-0.010869	-0.98195	0.32615	8189
internal	relative_ct	lh_LBelt	-0.0086145	-0.77825	0.43644	8189
internal	relative_ct	lh_LIPd	-0.0076258	-0.68892	0.49089	8189
internal	relative_ct	lh_LIPv	-0.029939	-2.7059	0.0068267	8189
internal	relative_ct	lh_LO1	-0.00113	-0.10208	0.91869	8189
internal	relative_ct	lh_LO2	-0.0029834	-0.26952	0.78754	8189
internal	relative_ct	lh_LO3	0.015736	1.4217	0.15514	8189
internal	relative_ct	lh_MBelt	0.0018839	0.17019	0.86487	8189
internal	relative_ct	lh_MI	0.0033227	0.30017	0.76406	8189
internal	relative_ct	lh_MIP	-0.016861	-1.5235	0.12768	8189
internal	relative_ct	lh_MST	0.0042689	0.38565	0.69976	8189
internal	relative_ct	lh_MT	0.0019674	0.17774	0.85894	8189
internal	relative_ct	lh_OFC	-0.030308	-2.7392	0.0061723	8189
internal	relative_ct	lh_OP1	-0.028541	-2.5794	0.0099152	8189
internal	relative_ct	lh_OP2-3	0.0026122	0.23598	0.81345	8189
internal	relative_ct	lh_OP4	-0.0048897	-0.44173	0.65869	8189
internal	relative_ct	lh_PBelt	0.0062334	0.56312	0.57337	8189
internal	relative_ct	lh_PCV	-0.014411	-1.302	0.19297	8189
internal	relative_ct	lh_PEF	-0.0024736	-0.22346	0.82319	8189
internal	relative_ct	lh_PF	0.010836	0.97901	0.32761	8189
internal	relative_ct	lh_PFcm	0.02061	1.8623	0.062599	8189
internal	relative_ct	lh_PFm	-0.0055277	-0.49937	0.61753	8189
internal	relative_ct	lh_PFop	-0.0047452	-0.42867	0.66817	8189
internal	relative_ct	lh_PFt	-0.017099	-1.5449	0.12241	8189
internal	relative_ct	lh_PGi	-0.0060144	-0.54334	0.58691	8189
internal	relative_ct	lh_PGp	0.0056205	0.50775	0.61164	8189
internal	relative_ct	lh_PGs	-0.001821	-0.1645	0.86934	8189
internal	relative_ct	lh_PH	0.011167	1.0089	0.31306	8189
internal	relative_ct	lh_PHA1	-0.00083551	-0.075479	0.93984	8189
internal	relative_ct	lh_PHA2	0.015643	1.4133	0.15759	8189
internal	relative_ct	lh_PHA3	-0.00087482	-0.07903	0.93701	8189
internal	relative_ct	lh_PHT	-0.0078476	-0.70896	0.47837	8189
internal	relative_ct	lh_PI	0.0057291	0.51757	0.60478	8189
internal	relative_ct	lh_PIT	-0.010667	-0.96369	0.33523	8189
internal	relative_ct	lh_POS1	-0.017471	-1.5785	0.11448	8189
internal	relative_ct	lh_POS2	0.0038989	0.35222	0.72468	8189
internal	relative_ct	lh_PSL	0.012391	1.1194	0.26298	8189
internal	relative_ct	lh_PeEc	0.0081388	0.73527	0.4622	8189
internal	relative_ct	lh_Pir	0.0029078	0.26269	0.7928	8189
internal	relative_ct	lh_PoI1	0.0078288	0.70726	0.47942	8189
internal	relative_ct	lh_PoI2	0.0077426	0.69947	0.48428	8189
internal	relative_ct	lh_PreS	0.017705	1.5997	0.10971	8189
internal	relative_ct	lh_ProS	0.0006696	0.060491	0.95177	8189
internal	relative_ct	lh_RI	0.0085499	0.77241	0.43989	8189
internal	relative_ct	lh_RSC	-0.016483	-1.4892	0.13647	8189
internal	relative_ct	lh_SCEF	-0.00087164	-0.078742	0.93724	8189
internal	relative_ct	lh_SFL	-0.0065576	-0.59242	0.55359	8189
internal	relative_ct	lh_STGa	0.022666	2.0481	0.04058	8189
internal	relative_ct	lh_STSda	0.021146	1.9107	0.056073	8189
internal	relative_ct	lh_STSdp	-0.0041329	-0.37336	0.70889	8189
internal	relative_ct	lh_STSva	0.0067217	0.60724	0.54371	8189
internal	relative_ct	lh_STSvp	-0.013288	-1.2005	0.22998	8189
internal	relative_ct	lh_STV	0.006576	0.59408	0.55247	8189
internal	relative_ct	lh_TA2	0.0080269	0.72516	0.46838	8189
internal	relative_ct	lh_TE1a	0.0077852	0.70332	0.48187	8189
internal	relative_ct	lh_TE1m	0.00087769	0.079289	0.9368	8189
internal	relative_ct	lh_TE1p	0.0028339	0.25601	0.79795	8189
internal	relative_ct	lh_TE2a	0.002119	0.19142	0.8482	8189
internal	relative_ct	lh_TE2p	-0.0066885	-0.60424	0.5457	8189
internal	relative_ct	lh_TF	0.018332	1.6564	0.097687	8189
internal	relative_ct	lh_TGd	0.0094067	0.84982	0.39545	8189
internal	relative_ct	lh_TGv	0.0059797	0.54021	0.58907	8189
internal	relative_ct	lh_TPOJ1	-0.0043761	-0.39534	0.69261	8189
internal	relative_ct	lh_TPOJ2	0.0029812	0.26932	0.78769	8189
internal	relative_ct	lh_TPOJ3	0.011013	0.99493	0.3198	8189
internal	relative_ct	lh_V1	-0.008445	-0.76294	0.44552	8189
internal	relative_ct	lh_V2	-0.006899	-0.62326	0.53313	8189
internal	relative_ct	lh_V3	0.016302	1.4729	0.14081	8189
internal	relative_ct	lh_V3A	0.0085786	0.77501	0.43836	8189
internal	relative_ct	lh_V3B	-0.014274	-1.2896	0.19723	8189
internal	relative_ct	lh_V3CD	-0.0090786	-0.82018	0.41214	8189
internal	relative_ct	lh_V4	0.0073662	0.66547	0.50577	8189
internal	relative_ct	lh_V4t	-0.0049386	-0.44615	0.6555	8189
internal	relative_ct	lh_V6	0.021482	1.9411	0.05228	8189
internal	relative_ct	lh_V6A	-0.00092377	-0.083452	0.93349	8189
internal	relative_ct	lh_V7	0.0054502	0.49237	0.62247	8189
internal	relative_ct	lh_V8	-0.01107	-1.0001	0.3173	8189
internal	relative_ct	lh_VIP	-0.028366	-2.5635	0.010379	8189
internal	relative_ct	lh_VMV1	0.012117	1.0947	0.27368	8189
internal	relative_ct	lh_VMV2	-0.0043287	-0.39105	0.69577	8189
internal	relative_ct	lh_VMV3	0.0037265	0.33665	0.73639	8189
internal	relative_ct	lh_VVC	0.02464	2.2266	0.026	8189
internal	relative_ct	lh_a10p	-0.018914	-1.709	0.087488	8189
internal	relative_ct	lh_a24	-0.0032097	-0.28996	0.77186	8189
internal	relative_ct	lh_a24pr	0.0079723	0.72023	0.47141	8189
internal	relative_ct	lh_a32pr	0.012091	1.0924	0.2747	8189
internal	relative_ct	lh_a47r	-0.024912	-2.2512	0.024397	8189
internal	relative_ct	lh_a9-46v	-0.013215	-1.194	0.23253	8189
internal	relative_ct	lh_d23ab	-0.016644	-1.5038	0.13267	8189
internal	relative_ct	lh_d32	0.0056418	0.50968	0.61029	8189
internal	relative_ct	lh_i6-8	0.0058743	0.53068	0.59565	8189
internal	relative_ct	lh_p10p	-0.0097415	-0.88007	0.37885	8189
internal	relative_ct	lh_p24	0.0067893	0.61335	0.53966	8189
internal	relative_ct	lh_p24pr	0.014933	1.3492	0.17732	8189
internal	relative_ct	lh_p32	-0.016672	-1.5064	0.13201	8189
internal	relative_ct	lh_p32pr	0.016304	1.4731	0.14077	8189
internal	relative_ct	lh_p47r	-0.011938	-1.0786	0.28081	8189
internal	relative_ct	lh_p9-46v	-0.017692	-1.5985	0.10997	8189
internal	relative_ct	lh_pOFC	-0.014845	-1.3412	0.17989	8189
internal	relative_ct	lh_s32	-0.0017667	-0.1596	0.8732	8189
internal	relative_ct	lh_s6-8	-0.016593	-1.4992	0.13387	8189
internal	relative_ct	lh_v23ab	-0.0025436	-0.22978	0.81826	8189
rulebreak	absolute	lh_1	0.0096511	0.87164	0.38343	8182
rulebreak	absolute	lh_10d	0.0092207	0.83276	0.405	8182
rulebreak	absolute	lh_10pp	0.0071079	0.64193	0.52093	8182
rulebreak	absolute	lh_10r	0.0031758	0.28681	0.77426	8182
rulebreak	absolute	lh_10v	0.0047107	0.42543	0.67053	8182
rulebreak	absolute	lh_11l	0.0081944	0.74006	0.45928	8182
rulebreak	absolute	lh_13l	0.021678	1.9582	0.050236	8182
rulebreak	absolute	lh_2	0.0093294	0.84258	0.39949	8182
rulebreak	absolute	lh_23c	0.0057272	0.51723	0.60501	8182
rulebreak	absolute	lh_23d	0.018707	1.6897	0.09112	8182
rulebreak	absolute	lh_24dd	0.039218	3.5445	0.00039553	8182
rulebreak	absolute	lh_24dv	0.026961	2.4358	0.014882	8182
rulebreak	absolute	lh_25	-0.007122	-0.64321	0.52011	8182
rulebreak	absolute	lh_31a	-0.011921	-1.0767	0.28165	8182
rulebreak	absolute	lh_31pd	0.01319	1.1913	0.23358	8182
rulebreak	absolute	lh_31pv	0.013654	1.2332	0.21755	8182
rulebreak	absolute	lh_33pr	-0.0035223	-0.3181	0.75041	8182
rulebreak	absolute	lh_3a	0.016591	1.4985	0.13404	8182
rulebreak	absolute	lh_3b	0.0058447	0.52785	0.59762	8182
rulebreak	absolute	lh_4	0.031614	2.8565	0.0042936	8182
rulebreak	absolute	lh_43	0.0052908	0.47782	0.63279	8182
rulebreak	absolute	lh_44	0.020293	1.8331	0.066829	8182
rulebreak	absolute	lh_45	0.032981	2.9801	0.0028897	8182
rulebreak	absolute	lh_46	0.015457	1.3961	0.16272	8182
rulebreak	absolute	lh_47l	0.0086618	0.78228	0.43407	8182
rulebreak	absolute	lh_47m	0.023766	2.1469	0.031827	8182
rulebreak	absolute	lh_47s	0.0073965	0.668	0.50415	8182
rulebreak	absolute	lh_52	0.037283	3.3694	0.00075685	8182
rulebreak	absolute	lh_55b	0.018556	1.6761	0.093755	8182
rulebreak	absolute	lh_5L	-0.0050813	-0.4589	0.64632	8182
rulebreak	absolute	lh_5m	0.010878	0.98244	0.32591	8182
rulebreak	absolute	lh_5mv	0.02623	2.3697	0.017827	8182
rulebreak	absolute	lh_6a	0.021971	1.9847	0.047209	8182
rulebreak	absolute	lh_6d	0.0081613	0.73708	0.4611	8182
rulebreak	absolute	lh_6ma	0.0012548	0.11332	0.90978	8182
rulebreak	absolute	lh_6mp	0.01419	1.2817	0.2	8182
rulebreak	absolute	lh_6r	0.023784	2.1485	0.0317	8182
rulebreak	absolute	lh_6v	0.021784	1.9678	0.049129	8182
rulebreak	absolute	lh_7AL	-0.0015278	-0.13797	0.89026	8182
rulebreak	absolute	lh_7Am	0.0019087	0.17237	0.86315	8182
rulebreak	absolute	lh_7PC	-0.0033878	-0.30595	0.75965	8182
rulebreak	absolute	lh_7PL	0.035186	3.1797	0.00148	8182
rulebreak	absolute	lh_7Pm	0.013833	1.2494	0.21157	8182
rulebreak	absolute	lh_7m	0.029782	2.6908	0.0071419	8182
rulebreak	absolute	lh_8Ad	0.021847	1.9734	0.048478	8182
rulebreak	absolute	lh_8Av	-0.0066383	-0.59952	0.54884	8182
rulebreak	absolute	lh_8BL	0.012117	1.0944	0.27381	8182
rulebreak	absolute	lh_8BM	0.0075325	0.68028	0.49635	8182
rulebreak	absolute	lh_8C	0.026601	2.4032	0.016273	8182
rulebreak	absolute	lh_9-46d	0.014082	1.2719	0.20344	8182
rulebreak	absolute	lh_9a	-1.1027e-05	-0.00099585	0.99921	8182
rulebreak	absolute	lh_9m	0.011562	1.0442	0.29641	8182
rulebreak	absolute	lh_9p	0.011911	1.0758	0.28207	8182
rulebreak	absolute	lh_A1	0.021145	1.91	0.056168	8182
rulebreak	absolute	lh_A4	0.0080344	0.72562	0.46809	8182
rulebreak	absolute	lh_A5	0.022863	2.0653	0.038926	8182
rulebreak	absolute	lh_AAIC	-0.023325	-2.1071	0.03514	8182
rulebreak	absolute	lh_AIP	0.012698	1.1469	0.25146	8182
rulebreak	absolute	lh_AVI	0.037221	3.3638	0.00077235	8182
rulebreak	absolute	lh_DVT	0.019679	1.7776	0.075507	8182
rulebreak	absolute	lh_EC	-0.0031406	-0.28363	0.7767	8182
rulebreak	absolute	lh_FEF	0.0075581	0.68259	0.49488	8182
rulebreak	absolute	lh_FFC	0.030075	2.7173	0.0065954	8182
rulebreak	absolute	lh_FOP1	0.013304	1.2016	0.22957	8182
rulebreak	absolute	lh_FOP2	0.034585	3.1252	0.0017828	8182
rulebreak	absolute	lh_FOP3	0.028288	2.5557	0.010615	8182
rulebreak	absolute	lh_FOP4	0.015029	1.3574	0.1747	8182
rulebreak	absolute	lh_FOP5	0.035838	3.2386	0.001206	8182
rulebreak	absolute	lh_FST	0.0077375	0.69879	0.4847	8182
rulebreak	absolute	lh_IFJa	0.028716	2.5944	0.0094919	8182
rulebreak	absolute	lh_IFJp	0.00053876	0.048656	0.96119	8182
rulebreak	absolute	lh_IFSa	0.034128	3.0839	0.0020497	8182
rulebreak	absolute	lh_IFSp	0.026159	2.3632	0.018139	8182
rulebreak	absolute	lh_IP0	0.025425	2.2969	0.02165	8182
rulebreak	absolute	lh_IP1	0.0080248	0.72475	0.46863	8182
rulebreak	absolute	lh_IP2	0.011773	1.0633	0.28767	8182
rulebreak	absolute	lh_IPS1	0.023142	2.0906	0.036599	8182
rulebreak	absolute	lh_Ig	0.016331	1.475	0.14025	8182
rulebreak	absolute	lh_LBelt	0.017623	1.5918	0.11146	8182
rulebreak	absolute	lh_LIPd	0.00029542	0.02668	0.97872	8182
rulebreak	absolute	lh_LIPv	-0.016357	-1.4774	0.13961	8182
rulebreak	absolute	lh_LO1	0.012888	1.164	0.24444	8182
rulebreak	absolute	lh_LO2	0.0031843	0.28758	0.77368	8182
rulebreak	absolute	lh_LO3	0.014575	1.3164	0.18806	8182
rulebreak	absolute	lh_MBelt	0.026876	2.4281	0.015202	8182
rulebreak	absolute	lh_MI	0.0081949	0.74011	0.45926	8182
rulebreak	absolute	lh_MIP	0.01473	1.3304	0.18343	8182
rulebreak	absolute	lh_MST	0.024144	2.1811	0.029208	8182
rulebreak	absolute	lh_MT	0.025249	2.281	0.022576	8182
rulebreak	absolute	lh_OFC	-0.0033939	-0.30651	0.75923	8182
rulebreak	absolute	lh_OP1	-0.012697	-1.1467	0.25153	8182
rulebreak	absolute	lh_OP2-3	0.018533	1.674	0.094173	8182
rulebreak	absolute	lh_OP4	0.019371	1.7497	0.080201	8182
rulebreak	absolute	lh_PBelt	0.025678	2.3198	0.020377	8182
rulebreak	absolute	lh_PCV	0.020924	1.89	0.058787	8182
rulebreak	absolute	lh_PEF	0.0069453	0.62725	0.53051	8182
rulebreak	absolute	lh_PF	0.0081313	0.73437	0.46275	8182
rulebreak	absolute	lh_PFcm	0.015854	1.4319	0.15221	8182
rulebreak	absolute	lh_PFm	0.004992	0.45084	0.65212	8182
rulebreak	absolute	lh_PFop	0.015271	1.3793	0.16784	8182
rulebreak	absolute	lh_PFt	0.011848	1.0701	0.28462	8182
rulebreak	absolute	lh_PGi	0.026665	2.409	0.01602	8182
rulebreak	absolute	lh_PGp	0.019818	1.7901	0.073469	8182
rulebreak	absolute	lh_PGs	0.016753	1.5132	0.13027	8182
rulebreak	absolute	lh_PH	0.027886	2.5194	0.011774	8182
rulebreak	absolute	lh_PHA1	0.0059252	0.53512	0.59258	8182
rulebreak	absolute	lh_PHA2	0.010714	0.96764	0.33325	8182
rulebreak	absolute	lh_PHA3	0.019175	1.732	0.083303	8182
rulebreak	absolute	lh_PHT	0.011137	1.0059	0.31451	8182
rulebreak	absolute	lh_PI	0.0141	1.2735	0.20286	8182
rulebreak	absolute	lh_PIT	0.0083599	0.75501	0.45026	8182
rulebreak	absolute	lh_POS1	0.023872	2.1565	0.031072	8182
rulebreak	absolute	lh_POS2	0.0037603	0.33959	0.73417	8182
rulebreak	absolute	lh_PSL	0.0096876	0.87493	0.38164	8182
rulebreak	absolute	lh_PeEc	0.020409	1.8435	0.065287	8182
rulebreak	absolute	lh_Pir	-0.019338	-1.7468	0.080717	8182
rulebreak	absolute	lh_PoI1	-0.0082297	-0.74325	0.45735	8182
rulebreak	absolute	lh_PoI2	-0.025666	-2.3187	0.020438	8182
rulebreak	absolute	lh_PreS	-0.0002045	-0.018468	0.98527	8182
rulebreak	absolute	lh_ProS	0.020059	1.8119	0.070042	8182
rulebreak	absolute	lh_RI	0.017361	1.5681	0.11689	8182
rulebreak	absolute	lh_RSC	-0.0059988	-0.54176	0.588	8182
rulebreak	absolute	lh_SCEF	0.025689	2.3207	0.020326	8182
rulebreak	absolute	lh_SFL	0.015081	1.3621	0.1732	8182
rulebreak	absolute	lh_STGa	0.022899	2.0686	0.038614	8182
rulebreak	absolute	lh_STSda	0.035264	3.1867	0.0014443	8182
rulebreak	absolute	lh_STSdp	0.030634	2.7678	0.0056558	8182
rulebreak	absolute	lh_STSva	0.027808	2.5123	0.012012	8182
rulebreak	absolute	lh_STSvp	0.02262	2.0434	0.041047	8182
rulebreak	absolute	lh_STV	0.0092595	0.83626	0.40303	8182
rulebreak	absolute	lh_TA2	0.026167	2.364	0.018102	8182
rulebreak	absolute	lh_TE1a	0.01037	0.93657	0.34901	8182
rulebreak	absolute	lh_TE1m	0.014946	1.3499	0.17707	8182
rulebreak	absolute	lh_TE1p	0.011468	1.0357	0.30035	8182
rulebreak	absolute	lh_TE2a	0.018988	1.7152	0.086356	8182
rulebreak	absolute	lh_TE2p	0.02536	2.291	0.021991	8182
rulebreak	absolute	lh_TF	0.032039	2.895	0.003802	8182
rulebreak	absolute	lh_TGd	0.027059	2.4446	0.014521	8182
rulebreak	absolute	lh_TGv	0.01627	1.4695	0.14173	8182
rulebreak	absolute	lh_TPOJ1	0.024387	2.2031	0.027619	8182
rulebreak	absolute	lh_TPOJ2	0.02154	1.9457	0.051724	8182
rulebreak	absolute	lh_TPOJ3	0.021171	1.9124	0.055858	8182
rulebreak	absolute	lh_V1	0.0036304	0.32786	0.74302	8182
rulebreak	absolute	lh_V2	0.0010771	0.097272	0.92251	8182
rulebreak	absolute	lh_V3	0.021116	1.9074	0.056499	8182
rulebreak	absolute	lh_V3A	0.0086627	0.78236	0.43402	8182
rulebreak	absolute	lh_V3B	0.0025409	0.22947	0.81851	8182
rulebreak	absolute	lh_V3CD	0.041364	3.7388	0.00018615	8182
rulebreak	absolute	lh_V4	0.02112	1.9078	0.056457	8182
rulebreak	absolute	lh_V4t	0.0065867	0.59486	0.55195	8182
rulebreak	absolute	lh_V6	0.0033436	0.30196	0.76269	8182
rulebreak	absolute	lh_V6A	0.0149	1.3458	0.1784	8182
rulebreak	absolute	lh_V7	0.027168	2.4545	0.014129	8182
rulebreak	absolute	lh_V8	0.0063327	0.57192	0.56739	8182
rulebreak	absolute	lh_VIP	-0.0072834	-0.65779	0.51069	8182
rulebreak	absolute	lh_VMV1	0.018797	1.6979	0.089573	8182
rulebreak	absolute	lh_VMV2	0.02162	1.953	0.050858	8182
rulebreak	absolute	lh_VMV3	0.039938	3.6097	0.0003084	8182
rulebreak	absolute	lh_VVC	0.021719	1.9619	0.049806	8182
rulebreak	absolute	lh_a10p	0.025939	2.3434	0.019134	8182
rulebreak	absolute	lh_a24	0.018667	1.6861	0.091815	8182
rulebreak	absolute	lh_a24pr	0.004258	0.38455	0.70058	8182
rulebreak	absolute	lh_a32pr	0.010427	0.94172	0.34636	8182
rulebreak	absolute	lh_a47r	0.031655	2.8602	0.0042442	8182
rulebreak	absolute	lh_a9-46v	0.028479	2.573	0.010101	8182
rulebreak	absolute	lh_d23ab	0.014268	1.2887	0.19753	8182
rulebreak	absolute	lh_d32	0.012738	1.1505	0.24999	8182
rulebreak	absolute	lh_i6-8	0.0023576	0.21292	0.8314	8182
rulebreak	absolute	lh_p10p	0.043243	3.909	9.3437e-05	8182
rulebreak	absolute	lh_p24	0.0047114	0.42549	0.67049	8182
rulebreak	absolute	lh_p24pr	0.023998	2.1679	0.030196	8182
rulebreak	absolute	lh_p32	0.023948	2.1634	0.030543	8182
rulebreak	absolute	lh_p32pr	0.015723	1.4201	0.15561	8182
rulebreak	absolute	lh_p47r	0.026928	2.4328	0.015004	8182
rulebreak	absolute	lh_p9-46v	0.012111	1.0938	0.27406	8182
rulebreak	absolute	lh_pOFC	-0.0071847	-0.64887	0.51644	8182
rulebreak	absolute	lh_s32	0.016771	1.5149	0.12985	8182
rulebreak	absolute	lh_s6-8	0.001774	0.16021	0.87272	8182
rulebreak	absolute	lh_v23ab	0.020563	1.8575	0.063282	8182
rulebreak	relative	lh_1	-0.007516	-0.67875	0.49732	8182
rulebreak	relative	lh_10d	-0.0034337	-0.31008	0.75651	8182
rulebreak	relative	lh_10pp	-0.0039284	-0.35475	0.72278	8182
rulebreak	relative	lh_10r	-0.007167	-0.64723	0.5175	8182
rulebreak	relative	lh_10v	-0.0067656	-0.61098	0.54123	8182
rulebreak	relative	lh_11l	-0.0040791	-0.36837	0.71261	8182
rulebreak	relative	lh_13l	0.010284	0.92876	0.35304	8182
rulebreak	relative	lh_2	-0.010312	-0.93131	0.35172	8182
rulebreak	relative	lh_23c	-0.012496	-1.1285	0.25912	8182
rulebreak	relative	lh_23d	0.010167	0.91814	0.35857	8182
rulebreak	relative	lh_24dd	0.026611	2.4039	0.016242	8182
rulebreak	relative	lh_24dv	0.014733	1.3306	0.18337	8182
rulebreak	relative	lh_25	-0.011653	-1.0524	0.29265	8182
rulebreak	relative	lh_31a	-0.026107	-2.3584	0.018375	8182
rulebreak	relative	lh_31pd	-0.0023549	-0.21266	0.8316	8182
rulebreak	relative	lh_31pv	-0.0010357	-0.093532	0.92548	8182
rulebreak	relative	lh_33pr	-0.0059446	-0.53683	0.5914	8182
rulebreak	relative	lh_3a	0.0065287	0.58958	0.55549	8182
rulebreak	relative	lh_3b	-0.0020307	-0.18338	0.8545	8182
rulebreak	relative	lh_4	0.028705	2.5933	0.0095241	8182
rulebreak	relative	lh_43	-0.0079605	-0.7189	0.47222	8182
rulebreak	relative	lh_44	0.0072086	0.65099	0.51507	8182
rulebreak	relative	lh_45	0.019568	1.7674	0.077193	8182
rulebreak	relative	lh_46	-0.003336	-0.30126	0.76322	8182
rulebreak	relative	lh_47l	-0.006163	-0.55656	0.57784	8182
rulebreak	relative	lh_47m	0.012699	1.1469	0.25147	8182
rulebreak	relative	lh_47s	-0.0040175	-0.3628	0.71676	8182
rulebreak	relative	lh_52	0.028046	2.5337	0.011305	8182
rulebreak	relative	lh_55b	0.0060464	0.54603	0.58506	8182
rulebreak	relative	lh_5L	-0.021999	-1.9871	0.04694	8182
rulebreak	relative	lh_5m	-0.0062169	-0.56142	0.57452	8182
rulebreak	relative	lh_5mv	0.010977	0.99133	0.32155	8182
rulebreak	relative	lh_6a	0.0056765	0.51263	0.60823	8182
rulebreak	relative	lh_6d	-0.0059741	-0.5395	0.58956	8182
rulebreak	relative	lh_6ma	-0.014554	-1.3144	0.18873	8182
rulebreak	relative	lh_6mp	-0.00092615	-0.083636	0.93335	8182
rulebreak	relative	lh_6r	0.0087337	0.78873	0.43029	8182
rulebreak	relative	lh_6v	0.0094724	0.85544	0.39233	8182
rulebreak	relative	lh_7AL	-0.016951	-1.531	0.12581	8182
rulebreak	relative	lh_7Am	-0.014341	-1.2952	0.19529	8182
rulebreak	relative	lh_7PC	-0.021967	-1.9842	0.04727	8182
rulebreak	relative	lh_7PL	0.023283	2.1032	0.035483	8182
rulebreak	relative	lh_7Pm	0.00098962	0.089368	0.92879	8182
rulebreak	relative	lh_7m	0.01536	1.3873	0.1654	8182
rulebreak	relative	lh_8Ad	0.0054021	0.48784	0.62568	8182
rulebreak	relative	lh_8Av	-0.018655	-1.685	0.092032	8182
rulebreak	relative	lh_8BL	-0.0020675	-0.18671	0.85189	8182
rulebreak	relative	lh_8BM	-0.0085932	-0.77604	0.43775	8182
rulebreak	relative	lh_8C	0.010691	0.9655	0.33432	8182
rulebreak	relative	lh_9-46d	-0.0029153	-0.26327	0.79235	8182
rulebreak	relative	lh_9a	-0.015329	-1.3844	0.16627	8182
rulebreak	relative	lh_9m	-0.0048249	-0.43572	0.66305	8182
rulebreak	relative	lh_9p	-0.0037367	-0.33744	0.73579	8182
rulebreak	relative	lh_A1	0.0085096	0.76848	0.44222	8182
rulebreak	relative	lh_A4	-0.011315	-1.0219	0.30688	8182
rulebreak	relative	lh_A5	0.007115	0.64254	0.52054	8182
rulebreak	relative	lh_AAIC	-0.026802	-2.4212	0.01549	8182
rulebreak	relative	lh_AIP	-0.0058073	-0.52443	0.59999	8182
rulebreak	relative	lh_AVI	0.027845	2.5155	0.011906	8182
rulebreak	relative	lh_DVT	0.0032219	0.29096	0.77109	8182
rulebreak	relative	lh_EC	-0.0066665	-0.60203	0.54717	8182
rulebreak	relative	lh_FEF	-0.0073037	-0.65958	0.50954	8182
rulebreak	relative	lh_FFC	0.015463	1.3966	0.16259	8182
rulebreak	relative	lh_FOP1	0.0027956	0.25246	0.80069	8182
rulebreak	relative	lh_FOP2	0.02579	2.3298	0.019842	8182
rulebreak	relative	lh_FOP3	0.019984	1.805	0.071113	8182
rulebreak	relative	lh_FOP4	0.0030209	0.2728	0.78501	8182
rulebreak	relative	lh_FOP5	0.02537	2.2918	0.021944	8182
rulebreak	relative	lh_FST	-0.0087625	-0.79133	0.42878	8182
rulebreak	relative	lh_IFJa	0.016959	1.5317	0.12564	8182
rulebreak	relative	lh_IFJp	-0.010802	-0.97555	0.32932	8182
rulebreak	relative	lh_IFSa	0.020401	1.8427	0.065407	8182
rulebreak	relative	lh_IFSp	0.012247	1.106	0.26876	8182
rulebreak	relative	lh_IP0	0.010696	0.96592	0.33411	8182
rulebreak	relative	lh_IP1	-0.011762	-1.0623	0.28815	8182
rulebreak	relative	lh_IP2	-0.0054313	-0.49048	0.62381	8182
rulebreak	relative	lh_IPS1	0.0083121	0.75065	0.45289	8182
rulebreak	relative	lh_Ig	0.0058036	0.5241	0.60022	8182
rulebreak	relative	lh_LBelt	0.0048941	0.44197	0.65852	8182
rulebreak	relative	lh_LIPd	-0.016243	-1.467	0.14241	8182
rulebreak	relative	lh_LIPv	-0.034242	-3.0941	0.0019811	8182
rulebreak	relative	lh_LO1	-0.0017276	-0.15601	0.87603	8182
rulebreak	relative	lh_LO2	-0.012024	-1.0859	0.27757	8182
rulebreak	relative	lh_LO3	-0.00046443	-0.04194	0.96655	8182
rulebreak	relative	lh_MBelt	0.014458	1.3058	0.19166	8182
rulebreak	relative	lh_MI	-0.0023737	-0.21436	0.83027	8182
rulebreak	relative	lh_MIP	-0.001722	-0.1555	0.87643	8182
rulebreak	relative	lh_MST	0.010349	0.93458	0.35003	8182
rulebreak	relative	lh_MT	0.011133	1.0054	0.31474	8182
rulebreak	relative	lh_OFC	-0.012103	-1.093	0.27443	8182
rulebreak	relative	lh_OP1	-0.024969	-2.2555	0.024126	8182
rulebreak	relative	lh_OP2-3	0.0084003	0.75862	0.4481	8182
rulebreak	relative	lh_OP4	0.0043303	0.39105	0.69577	8182
rulebreak	relative	lh_PBelt	0.011759	1.062	0.28826	8182
rulebreak	relative	lh_PCV	0.0047975	0.43325	0.66485	8182
rulebreak	relative	lh_PEF	-0.0042591	-0.38462	0.70053	8182
rulebreak	relative	lh_PF	-0.0098224	-0.88706	0.37507	8182
rulebreak	relative	lh_PFcm	0.00065974	0.059578	0.95249	8182
rulebreak	relative	lh_PFm	-0.017487	-1.5794	0.11428	8182
rulebreak	relative	lh_PFop	0.0022627	0.20434	0.83809	8182
rulebreak	relative	lh_PFt	-0.0030319	-0.2738	0.78424	8182
rulebreak	relative	lh_PGi	0.0085144	0.76892	0.44196	8182
rulebreak	relative	lh_PGp	0.0044828	0.40483	0.68562	8182
rulebreak	relative	lh_PGs	-0.0011471	-0.10359	0.9175	8182
rulebreak	relative	lh_PH	0.012787	1.1549	0.24819	8182
rulebreak	relative	lh_PHA1	-6.7764e-05	-0.0061194	0.99512	8182
rulebreak	relative	lh_PHA2	0.0008609	0.077743	0.93803	8182
rulebreak	relative	lh_PHA3	0.0083851	0.75725	0.44892	8182
rulebreak	relative	lh_PHT	-0.0058259	-0.52612	0.59882	8182
rulebreak	relative	lh_PI	0.0040721	0.36773	0.71308	8182
rulebreak	relative	lh_PIT	-0.0059386	-0.5363	0.59177	8182
rulebreak	relative	lh_POS1	0.010152	0.9168	0.35927	8182
rulebreak	relative	lh_POS2	-0.018257	-1.649	0.099195	8182
rulebreak	relative	lh_PSL	-0.0050628	-0.45721	0.64754	8182
rulebreak	relative	lh_PeEc	0.011625	1.0499	0.2938	8182
rulebreak	relative	lh_Pir	-0.02379	-2.1489	0.03167	8182
rulebreak	relative	lh_PoI1	-0.01511	-1.3646	0.17241	8182
rulebreak	relative	lh_PoI2	-0.032506	-2.937	0.0033228	8182
rulebreak	relative	lh_PreS	-0.0023952	-0.2163	0.82876	8182
rulebreak	relative	lh_ProS	0.012419	1.1216	0.26206	8182
rulebreak	relative	lh_RI	0.0032549	0.29394	0.76881	8182
rulebreak	relative	lh_RSC	-0.011082	-1.0008	0.31694	8182
rulebreak	relative	lh_SCEF	0.01172	1.0584	0.2899	8182
rulebreak	relative	lh_SFL	0.0035887	0.32408	0.74589	8182
rulebreak	relative	lh_STGa	0.011897	1.0745	0.28265	8182
rulebreak	relative	lh_STSda	0.022375	2.0211	0.043299	8182
rulebreak	relative	lh_STSdp	0.016411	1.4822	0.13833	8182
rulebreak	relative	lh_STSva	0.015415	1.3922	0.16389	8182
rulebreak	relative	lh_STSvp	0.0081445	0.73551	0.46205	8182
rulebreak	relative	lh_STV	-0.006987	-0.63097	0.52808	8182
rulebreak	relative	lh_TA2	0.016408	1.4819	0.1384	8182
rulebreak	relative	lh_TE1a	-0.0037096	-0.33499	0.73764	8182
rulebreak	relative	lh_TE1m	0.0024701	0.22306	0.82349	8182
rulebreak	relative	lh_TE1p	-0.0034607	-0.31252	0.75465	8182
rulebreak	relative	lh_TE2a	0.0037455	0.33824	0.73519	8182
rulebreak	relative	lh_TE2p	0.013072	1.1806	0.2378	8182
rulebreak	relative	lh_TF	0.021334	1.927	0.054012	8182
rulebreak	relative	lh_TGd	0.016961	1.5319	0.12559	8182
rulebreak	relative	lh_TGv	0.0050544	0.45645	0.64808	8182
rulebreak	relative	lh_TPOJ1	0.0072657	0.65615	0.51175	8182
rulebreak	relative	lh_TPOJ2	0.0047456	0.42856	0.66826	8182
rulebreak	relative	lh_TPOJ3	0.0059147	0.53414	0.59326	8182
rulebreak	relative	lh_V1	-0.0057884	-0.52273	0.60118	8182
rulebreak	relative	lh_V2	-0.017414	-1.5728	0.11581	8182
rulebreak	relative	lh_V3	0.006498	0.58682	0.55734	8182
rulebreak	relative	lh_V3A	-0.0098589	-0.89035	0.3733	8182
rulebreak	relative	lh_V3B	-0.013219	-1.1939	0.23256	8182
rulebreak	relative	lh_V3CD	0.029621	2.6761	0.0074642	8182
rulebreak	relative	lh_V4	0.0023832	0.21521	0.82961	8182
rulebreak	relative	lh_V4t	-0.0082512	-0.74515	0.4562	8182
rulebreak	relative	lh_V6	-0.015507	-1.4006	0.16139	8182
rulebreak	relative	lh_V6A	0.0017003	0.15355	0.87797	8182
rulebreak	relative	lh_V7	0.013457	1.2154	0.22426	8182
rulebreak	relative	lh_V8	-0.0097093	-0.87684	0.3806	8182
rulebreak	relative	lh_VIP	-0.023867	-2.156	0.031116	8182
rulebreak	relative	lh_VMV1	0.0094145	0.85022	0.39523	8182
rulebreak	relative	lh_VMV2	0.010816	0.97681	0.32869	8182
rulebreak	relative	lh_VMV3	0.029334	2.6501	0.0080618	8182
rulebreak	relative	lh_VVC	0.010856	0.98041	0.32691	8182
rulebreak	relative	lh_a10p	0.014934	1.3488	0.17745	8182
rulebreak	relative	lh_a24	0.0094613	0.85444	0.39289	8182
rulebreak	relative	lh_a24pr	-0.0069597	-0.62851	0.52969	8182
rulebreak	relative	lh_a32pr	-0.0025217	-0.22772	0.81987	8182
rulebreak	relative	lh_a47r	0.017648	1.5939	0.111	8182
rulebreak	relative	lh_a9-46v	0.014785	1.3353	0.18181	8182
rulebreak	relative	lh_d23ab	0.0022864	0.20648	0.83642	8182
rulebreak	relative	lh_d32	-0.0018166	-0.16405	0.8697	8182
rulebreak	relative	lh_i6-8	-0.013063	-1.1797	0.23815	8182
rulebreak	relative	lh_p10p	0.032583	2.944	0.003249	8182
rulebreak	relative	lh_p24	-0.0047202	-0.42626	0.66993	8182
rulebreak	relative	lh_p24pr	0.013577	1.2262	0.22015	8182
rulebreak	relative	lh_p32	0.012625	1.1402	0.25424	8182
rulebreak	relative	lh_p32pr	0.0018652	0.16844	0.86625	8182
rulebreak	relative	lh_p47r	0.014373	1.2981	0.19429	8182
rulebreak	relative	lh_p9-46v	-0.0052891	-0.47764	0.63292	8182
rulebreak	relative	lh_pOFC	-0.012012	-1.0848	0.27804	8182
rulebreak	relative	lh_s32	0.0088477	0.79902	0.4243	8182
rulebreak	relative	lh_s6-8	-0.012249	-1.1062	0.26866	8182
rulebreak	relative	lh_v23ab	0.0091556	0.82683	0.40836	8182
rulebreak	absolute_ct	lh_1	0.0059227	0.53486	0.59276	8182
rulebreak	absolute_ct	lh_10d	0.029117	2.6305	0.0085408	8182
rulebreak	absolute_ct	lh_10pp	0.0049479	0.44683	0.65501	8182
rulebreak	absolute_ct	lh_10r	0.025641	2.3163	0.020569	8182
rulebreak	absolute_ct	lh_10v	0.034269	3.0965	0.001965	8182
rulebreak	absolute_ct	lh_11l	0.017678	1.5967	0.11037	8182
rulebreak	absolute_ct	lh_13l	0.028965	2.6168	0.0088931	8182
rulebreak	absolute_ct	lh_2	0.016742	1.5121	0.13055	8182
rulebreak	absolute_ct	lh_23c	0.023423	2.1158	0.034396	8182
rulebreak	absolute_ct	lh_23d	0.022021	1.9891	0.046726	8182
rulebreak	absolute_ct	lh_24dd	0.040768	3.6847	0.00023049	8182
rulebreak	absolute_ct	lh_24dv	0.040749	3.6829	0.0002321	8182
rulebreak	absolute_ct	lh_25	-0.0068302	-0.61681	0.53738	8182
rulebreak	absolute_ct	lh_31a	0.0096893	0.87503	0.38158	8182
rulebreak	absolute_ct	lh_31pd	0.01361	1.2291	0.21906	8182
rulebreak	absolute_ct	lh_31pv	0.020974	1.8944	0.058202	8182
rulebreak	absolute_ct	lh_33pr	0.020294	1.833	0.066841	8182
rulebreak	absolute_ct	lh_3a	0.027465	2.4812	0.013115	8182
rulebreak	absolute_ct	lh_3b	0.0015213	0.13738	0.89073	8182
rulebreak	absolute_ct	lh_4	0.02816	2.544	0.010977	8182
rulebreak	absolute_ct	lh_43	0.028598	2.5836	0.0097956	8182
rulebreak	absolute_ct	lh_44	0.025541	2.3072	0.021068	8182
rulebreak	absolute_ct	lh_45	0.038236	3.4554	0.00055231	8182
rulebreak	absolute_ct	lh_46	0.018739	1.6925	0.090589	8182
rulebreak	absolute_ct	lh_47l	0.018117	1.6364	0.1018	8182
rulebreak	absolute_ct	lh_47m	0.017981	1.624	0.10441	8182
rulebreak	absolute_ct	lh_47s	0.011232	1.0144	0.31043	8182
rulebreak	absolute_ct	lh_52	0.035889	3.243	0.0011875	8182
rulebreak	absolute_ct	lh_55b	0.024569	2.2194	0.026486	8182
rulebreak	absolute_ct	lh_5L	-0.0047858	-0.43219	0.66562	8182
rulebreak	absolute_ct	lh_5m	0.011015	0.99479	0.31987	8182
rulebreak	absolute_ct	lh_5mv	0.027436	2.4786	0.013212	8182
rulebreak	absolute_ct	lh_6a	0.028332	2.5595	0.0105	8182
rulebreak	absolute_ct	lh_6d	0.0052833	0.47712	0.63329	8182
rulebreak	absolute_ct	lh_6ma	0.0061202	0.55269	0.58049	8182
rulebreak	absolute_ct	lh_6mp	0.016705	1.5088	0.1314	8182
rulebreak	absolute_ct	lh_6r	0.03191	2.8831	0.0039484	8182
rulebreak	absolute_ct	lh_6v	0.022059	1.9925	0.046351	8182
rulebreak	absolute_ct	lh_7AL	-0.012313	-1.112	0.26618	8182
rulebreak	absolute_ct	lh_7Am	0.01224	1.1054	0.26902	8182
rulebreak	absolute_ct	lh_7PC	-0.0021187	-0.19133	0.84827	8182
rulebreak	absolute_ct	lh_7PL	0.024589	2.2212	0.026365	8182
rulebreak	absolute_ct	lh_7Pm	0.017808	1.6084	0.10779	8182
rulebreak	absolute_ct	lh_7m	0.024217	2.1876	0.02873	8182
rulebreak	absolute_ct	lh_8Ad	0.022481	2.0306	0.042324	8182
rulebreak	absolute_ct	lh_8Av	-0.032983	-2.9801	0.0028896	8182
rulebreak	absolute_ct	lh_8BL	0.026813	2.4222	0.015449	8182
rulebreak	absolute_ct	lh_8BM	0.029405	2.6565	0.0079101	8182
rulebreak	absolute_ct	lh_8C	0.027647	2.4976	0.012523	8182
rulebreak	absolute_ct	lh_9-46d	0.015483	1.3984	0.16204	8182
rulebreak	absolute_ct	lh_9a	0.0067816	0.61242	0.54027	8182
rulebreak	absolute_ct	lh_9m	0.029107	2.6296	0.0085649	8182
rulebreak	absolute_ct	lh_9p	0.023249	2.1001	0.035755	8182
rulebreak	absolute_ct	lh_A1	0.008973	0.81034	0.41777	8182
rulebreak	absolute_ct	lh_A4	0.011664	1.0534	0.2922	8182
rulebreak	absolute_ct	lh_A5	0.024272	2.1925	0.028369	8182
rulebreak	absolute_ct	lh_AAIC	-0.021694	-1.9596	0.050081	8182
rulebreak	absolute_ct	lh_AIP	0.020218	1.8262	0.067863	8182
rulebreak	absolute_ct	lh_AVI	0.035634	3.22	0.0012871	8182
rulebreak	absolute_ct	lh_DVT	0.031756	2.8692	0.0041259	8182
rulebreak	absolute_ct	lh_EC	-0.01315	-1.1876	0.23501	8182
rulebreak	absolute_ct	lh_FEF	0.015276	1.3796	0.16774	8182
rulebreak	absolute_ct	lh_FFC	0.039492	3.5692	0.0003602	8182
rulebreak	absolute_ct	lh_FOP1	0.029216	2.6395	0.0083189	8182
rulebreak	absolute_ct	lh_FOP2	0.051634	4.669	3.0751e-06	8182
rulebreak	absolute_ct	lh_FOP3	0.033208	3.0005	0.0027031	8182
rulebreak	absolute_ct	lh_FOP4	0.021867	1.9752	0.048278	8182
rulebreak	absolute_ct	lh_FOP5	0.036846	3.3296	0.00087353	8182
rulebreak	absolute_ct	lh_FST	0.016338	1.4756	0.14009	8182
rulebreak	absolute_ct	lh_IFJa	0.03792	3.4268	0.00061372	8182
rulebreak	absolute_ct	lh_IFJp	0.024828	2.2428	0.024936	8182
rulebreak	absolute_ct	lh_IFSa	0.03765	3.4024	0.00067125	8182
rulebreak	absolute_ct	lh_IFSp	0.042288	3.8222	0.00013324	8182
rulebreak	absolute_ct	lh_IP0	0.03868	3.4957	0.00047542	8182
rulebreak	absolute_ct	lh_IP1	0.025903	2.34	0.019308	8182
rulebreak	absolute_ct	lh_IP2	0.026884	2.4287	0.015176	8182
rulebreak	absolute_ct	lh_IPS1	0.027291	2.4654	0.013707	8182
rulebreak	absolute_ct	lh_Ig	0.023875	2.1566	0.031065	8182
rulebreak	absolute_ct	lh_LBelt	0.012616	1.1393	0.25459	8182
rulebreak	absolute_ct	lh_LIPd	0.018417	1.6635	0.096259	8182
rulebreak	absolute_ct	lh_LIPv	-0.0014658	-0.13237	0.89469	8182
rulebreak	absolute_ct	lh_LO1	0.019583	1.7688	0.076973	8182
rulebreak	absolute_ct	lh_LO2	0.015627	1.4114	0.15817	8182
rulebreak	absolute_ct	lh_LO3	0.018098	1.6346	0.10218	8182
rulebreak	absolute_ct	lh_MBelt	0.03027	2.7348	0.0062559	8182
rulebreak	absolute_ct	lh_MI	0.014609	1.3194	0.18708	8182
rulebreak	absolute_ct	lh_MIP	0.029239	2.6416	0.0082682	8182
rulebreak	absolute_ct	lh_MST	0.02719	2.4563	0.014058	8182
rulebreak	absolute_ct	lh_MT	0.026849	2.4255	0.015308	8182
rulebreak	absolute_ct	lh_OFC	0.011216	1.0129	0.31114	8182
rulebreak	absolute_ct	lh_OP1	0.0045267	0.40879	0.6827	8182
rulebreak	absolute_ct	lh_OP2-3	0.025016	2.2598	0.023861	8182
rulebreak	absolute_ct	lh_OP4	0.018678	1.687	0.091633	8182
rulebreak	absolute_ct	lh_PBelt	0.026085	2.3564	0.018476	8182
rulebreak	absolute_ct	lh_PCV	0.014229	1.2851	0.1988	8182
rulebreak	absolute_ct	lh_PEF	0.018106	1.6353	0.10203	8182
rulebreak	absolute_ct	lh_PF	0.025907	2.3403	0.019293	8182
rulebreak	absolute_ct	lh_PFcm	0.026721	2.4139	0.015804	8182
rulebreak	absolute_ct	lh_PFm	0.019704	1.7797	0.075158	8182
rulebreak	absolute_ct	lh_PFop	0.026528	2.3965	0.016577	8182
rulebreak	absolute_ct	lh_PFt	0.020292	1.8329	0.066856	8182
rulebreak	absolute_ct	lh_PGi	0.029029	2.6226	0.0087422	8182
rulebreak	absolute_ct	lh_PGp	0.034747	3.1397	0.0016973	8182
rulebreak	absolute_ct	lh_PGs	0.030115	2.7208	0.0065261	8182
rulebreak	absolute_ct	lh_PH	0.023821	2.1517	0.031448	8182
rulebreak	absolute_ct	lh_PHA1	0.0060767	0.54877	0.58318	8182
rulebreak	absolute_ct	lh_PHA2	0.011083	1.0009	0.3169	8182
rulebreak	absolute_ct	lh_PHA3	0.017086	1.5432	0.12282	8182
rulebreak	absolute_ct	lh_PHT	0.023515	2.1241	0.033689	8182
rulebreak	absolute_ct	lh_PI	0.012579	1.136	0.25597	8182
rulebreak	absolute_ct	lh_PIT	0.01341	1.2111	0.2259	8182
rulebreak	absolute_ct	lh_POS1	0.029766	2.6892	0.0071768	8182
rulebreak	absolute_ct	lh_POS2	0.026282	2.3742	0.017609	8182
rulebreak	absolute_ct	lh_PSL	0.034461	3.1139	0.001853	8182
rulebreak	absolute_ct	lh_PeEc	0.018984	1.7147	0.086438	8182
rulebreak	absolute_ct	lh_Pir	-0.0052685	-0.47578	0.63424	8182
rulebreak	absolute_ct	lh_PoI1	-0.00017781	-0.016057	0.98719	8182
rulebreak	absolute_ct	lh_PoI2	-0.011206	-1.012	0.31155	8182
rulebreak	absolute_ct	lh_PreS	0.0050339	0.45459	0.64941	8182
rulebreak	absolute_ct	lh_ProS	0.031607	2.8557	0.0043053	8182
rulebreak	absolute_ct	lh_RI	0.027457	2.4804	0.013143	8182
rulebreak	absolute_ct	lh_RSC	-0.0048263	-0.43585	0.66296	8182
rulebreak	absolute_ct	lh_SCEF	0.029762	2.6888	0.0071846	8182
rulebreak	absolute_ct	lh_SFL	0.0093336	0.84291	0.3993	8182
rulebreak	absolute_ct	lh_STGa	0.017093	1.5438	0.12267	8182
rulebreak	absolute_ct	lh_STSda	0.039073	3.5312	0.00041604	8182
rulebreak	absolute_ct	lh_STSdp	0.04316	3.9012	9.6478e-05	8182
rulebreak	absolute_ct	lh_STSva	0.022008	1.9879	0.046855	8182
rulebreak	absolute_ct	lh_STSvp	0.027179	2.4553	0.014098	8182
rulebreak	absolute_ct	lh_STV	0.019307	1.7438	0.081224	8182
rulebreak	absolute_ct	lh_TA2	0.020877	1.8857	0.059374	8182
rulebreak	absolute_ct	lh_TE1a	0.0080726	0.72902	0.46601	8182
rulebreak	absolute_ct	lh_TE1m	0.014879	1.3438	0.17904	8182
rulebreak	absolute_ct	lh_TE1p	0.01474	1.3313	0.18314	8182
rulebreak	absolute_ct	lh_TE2a	0.022955	2.0735	0.038161	8182
rulebreak	absolute_ct	lh_TE2p	0.028861	2.6073	0.0091415	8182
rulebreak	absolute_ct	lh_TF	0.033696	3.0446	0.002337	8182
rulebreak	absolute_ct	lh_TGd	0.028473	2.5723	0.010119	8182
rulebreak	absolute_ct	lh_TGv	0.024066	2.1739	0.029744	8182
rulebreak	absolute_ct	lh_TPOJ1	0.034163	3.0869	0.0020293	8182
rulebreak	absolute_ct	lh_TPOJ2	0.031197	2.8186	0.0048349	8182
rulebreak	absolute_ct	lh_TPOJ3	0.024356	2.2002	0.027824	8182
rulebreak	absolute_ct	lh_V1	0.0083123	0.75067	0.45287	8182
rulebreak	absolute_ct	lh_V2	0.012482	1.1272	0.25968	8182
rulebreak	absolute_ct	lh_V3	0.021648	1.9554	0.050573	8182
rulebreak	absolute_ct	lh_V3A	0.0090497	0.81726	0.4138	8182
rulebreak	absolute_ct	lh_V3B	0.011514	1.0398	0.29845	8182
rulebreak	absolute_ct	lh_V3CD	0.037818	3.4176	0.00063484	8182
rulebreak	absolute_ct	lh_V4	0.023201	2.0957	0.036139	8182
rulebreak	absolute_ct	lh_V4t	0.02629	2.3749	0.017576	8182
rulebreak	absolute_ct	lh_V6	0.01266	1.1434	0.25291	8182
rulebreak	absolute_ct	lh_V6A	0.023856	2.1549	0.031195	8182
rulebreak	absolute_ct	lh_V7	0.024482	2.2116	0.027025	8182
rulebreak	absolute_ct	lh_V8	0.013493	1.2186	0.22305	8182
rulebreak	absolute_ct	lh_VIP	0.00077951	0.070393	0.94388	8182
rulebreak	absolute_ct	lh_VMV1	0.013411	1.2112	0.22587	8182
rulebreak	absolute_ct	lh_VMV2	0.029351	2.6517	0.0080253	8182
rulebreak	absolute_ct	lh_VMV3	0.037594	3.3973	0.0006837	8182
rulebreak	absolute_ct	lh_VVC	0.01987	1.7947	0.072732	8182
rulebreak	absolute_ct	lh_a10p	0.036466	3.2953	0.00098749	8182
rulebreak	absolute_ct	lh_a24	0.020409	1.8434	0.0653	8182
rulebreak	absolute_ct	lh_a24pr	0.010548	0.9526	0.34082	8182
rulebreak	absolute_ct	lh_a32pr	0.027662	2.499	0.012474	8182
rulebreak	absolute_ct	lh_a47r	0.035027	3.1651	0.0015561	8182
rulebreak	absolute_ct	lh_a9-46v	0.033136	2.994	0.0027621	8182
rulebreak	absolute_ct	lh_d23ab	0.024975	2.2561	0.02409	8182
rulebreak	absolute_ct	lh_d32	0.035575	3.2147	0.001311	8182
rulebreak	absolute_ct	lh_i6-8	0.0099982	0.90294	0.36659	8182
rulebreak	absolute_ct	lh_p10p	0.049163	4.445	8.9037e-06	8182
rulebreak	absolute_ct	lh_p24	0.023641	2.1355	0.032749	8182
rulebreak	absolute_ct	lh_p24pr	0.025129	2.27	0.023232	8182
rulebreak	absolute_ct	lh_p32	0.02622	2.3687	0.017876	8182
rulebreak	absolute_ct	lh_p32pr	0.027819	2.5131	0.011986	8182
rulebreak	absolute_ct	lh_p47r	0.036421	3.2912	0.0010019	8182
rulebreak	absolute_ct	lh_p9-46v	0.028902	2.6111	0.0090413	8182
rulebreak	absolute_ct	lh_pOFC	-0.0024889	-0.22476	0.82217	8182
rulebreak	absolute_ct	lh_s32	0.017533	1.5836	0.11332	8182
rulebreak	absolute_ct	lh_s6-8	0.0095949	0.8665	0.38624	8182
rulebreak	absolute_ct	lh_v23ab	0.016626	1.5017	0.13322	8182
rulebreak	relative_ct	lh_1	-0.0048293	-0.43609	0.66278	8182
rulebreak	relative_ct	lh_10d	0.021411	1.9338	0.053171	8182
rulebreak	relative_ct	lh_10pp	-0.00061143	-0.055212	0.95597	8182
rulebreak	relative_ct	lh_10r	0.018634	1.683	0.092421	8182
rulebreak	relative_ct	lh_10v	0.027189	2.456	0.014069	8182
rulebreak	relative_ct	lh_11l	0.0094587	0.85415	0.39305	8182
rulebreak	relative_ct	lh_13l	0.019974	1.804	0.071269	8182
rulebreak	relative_ct	lh_2	-4.839e-05	-0.0043696	0.99651	8182
rulebreak	relative_ct	lh_23c	0.0087275	0.78812	0.43065	8182
rulebreak	relative_ct	lh_23d	0.017604	1.5899	0.11189	8182
rulebreak	relative_ct	lh_24dd	0.030155	2.7243	0.0064584	8182
rulebreak	relative_ct	lh_24dv	0.031002	2.8008	0.00511	8182
rulebreak	relative_ct	lh_25	-0.0085845	-0.77521	0.43824	8182
rulebreak	relative_ct	lh_31a	-0.0014456	-0.13054	0.89614	8182
rulebreak	relative_ct	lh_31pd	0.002944	0.26585	0.79036	8182
rulebreak	relative_ct	lh_31pv	0.011991	1.0828	0.27892	8182
rulebreak	relative_ct	lh_33pr	0.017739	1.6021	0.10917	8182
rulebreak	relative_ct	lh_3a	0.019831	1.7911	0.073316	8182
rulebreak	relative_ct	lh_3b	-0.00019486	-0.017595	0.98596	8182
rulebreak	relative_ct	lh_4	0.016767	1.5143	0.13	8182
rulebreak	relative_ct	lh_43	0.018317	1.6543	0.098108	8182
rulebreak	relative_ct	lh_44	0.015533	1.4028	0.16073	8182
rulebreak	relative_ct	lh_45	0.027898	2.5201	0.011751	8182
rulebreak	relative_ct	lh_46	0.0046031	0.41566	0.67767	8182
rulebreak	relative_ct	lh_47l	0.0052345	0.47268	0.63645	8182
rulebreak	relative_ct	lh_47m	0.010619	0.95895	0.33761	8182
rulebreak	relative_ct	lh_47s	0.0042193	0.38101	0.70321	8182
rulebreak	relative_ct	lh_52	0.028558	2.5799	0.0099014	8182
rulebreak	relative_ct	lh_55b	0.016868	1.5234	0.1277	8182
rulebreak	relative_ct	lh_5L	-0.01496	-1.351	0.17673	8182
rulebreak	relative_ct	lh_5m	-0.00033846	-0.030562	0.97562	8182
rulebreak	relative_ct	lh_5mv	0.015379	1.3889	0.16492	8182
rulebreak	relative_ct	lh_6a	0.013615	1.2296	0.2189	8182
rulebreak	relative_ct	lh_6d	-0.0029319	-0.26475	0.79121	8182
rulebreak	relative_ct	lh_6ma	-0.0018242	-0.16472	0.86917	8182
rulebreak	relative_ct	lh_6mp	0.0065014	0.58709	0.55716	8182
rulebreak	relative_ct	lh_6r	0.019857	1.7934	0.07294	8182
rulebreak	relative_ct	lh_6v	0.015117	1.3652	0.17223	8182
rulebreak	relative_ct	lh_7AL	-0.022319	-2.0159	0.043847	8182
rulebreak	relative_ct	lh_7Am	-0.00083509	-0.075408	0.93989	8182
rulebreak	relative_ct	lh_7PC	-0.014547	-1.3137	0.18897	8182
rulebreak	relative_ct	lh_7PL	0.016207	1.4637	0.14332	8182
rulebreak	relative_ct	lh_7Pm	0.0074441	0.67222	0.50146	8182
rulebreak	relative_ct	lh_7m	0.015129	1.3663	0.17187	8182
rulebreak	relative_ct	lh_8Ad	0.0097524	0.88068	0.37852	8182
rulebreak	relative_ct	lh_8Av	-0.029299	-2.6468	0.0081412	8182
rulebreak	relative_ct	lh_8BL	0.018886	1.7057	0.088098	8182
rulebreak	relative_ct	lh_8BM	0.017991	1.6249	0.10423	8182
rulebreak	relative_ct	lh_8C	0.014771	1.334	0.18226	8182
rulebreak	relative_ct	lh_9-46d	0.0026256	0.2371	0.81259	8182
rulebreak	relative_ct	lh_9a	-0.0029918	-0.27016	0.78704	8182
rulebreak	relative_ct	lh_9m	0.017652	1.5942	0.11093	8182
rulebreak	relative_ct	lh_9p	0.012261	1.1072	0.26823	8182
rulebreak	relative_ct	lh_A1	0.0026614	0.24033	0.81008	8182
rulebreak	relative_ct	lh_A4	-0.0016085	-0.14524	0.88452	8182
rulebreak	relative_ct	lh_A5	0.014752	1.3322	0.18283	8182
rulebreak	relative_ct	lh_AAIC	-0.022732	-2.0532	0.040083	8182
rulebreak	relative_ct	lh_AIP	0.0036844	0.3327	0.73937	8182
rulebreak	relative_ct	lh_AVI	0.029775	2.6899	0.0071629	8182
rulebreak	relative_ct	lh_DVT	0.018201	1.6438	0.10026	8182
rulebreak	relative_ct	lh_EC	-0.014998	-1.3544	0.17564	8182
rulebreak	relative_ct	lh_FEF	0.0042755	0.38608	0.69945	8182
rulebreak	relative_ct	lh_FFC	0.026378	2.3828	0.017205	8182
rulebreak	relative_ct	lh_FOP1	0.02261	2.0422	0.041166	8182
rulebreak	relative_ct	lh_FOP2	0.04612	4.1691	3.0898e-05	8182
rulebreak	relative_ct	lh_FOP3	0.030239	2.7318	0.0063128	8182
rulebreak	relative_ct	lh_FOP4	0.01449	1.3086	0.19072	8182
rulebreak	relative_ct	lh_FOP5	0.029649	2.6785	0.0074103	8182
rulebreak	relative_ct	lh_FST	0.0025917	0.23403	0.81497	8182
rulebreak	relative_ct	lh_IFJa	0.028114	2.5397	0.011113	8182
rulebreak	relative_ct	lh_IFJp	0.017497	1.5803	0.11409	8182
rulebreak	relative_ct	lh_IFSa	0.028891	2.6099	0.0090732	8182
rulebreak	relative_ct	lh_IFSp	0.031478	2.8439	0.0044678	8182
rulebreak	relative_ct	lh_IP0	0.027996	2.529	0.011458	8182
rulebreak	relative_ct	lh_IP1	0.01018	0.91927	0.35798	8182
rulebreak	relative_ct	lh_IP2	0.013404	1.2105	0.22613	8182
rulebreak	relative_ct	lh_IPS1	0.012096	1.0923	0.27472	8182
rulebreak	relative_ct	lh_Ig	0.01726	1.5588	0.11909	8182
rulebreak	relative_ct	lh_LBelt	0.0041586	0.37552	0.70728	8182
rulebreak	relative_ct	lh_LIPd	0.005841	0.52745	0.5979	8182
rulebreak	relative_ct	lh_LIPv	-0.016303	-1.4724	0.14096	8182
rulebreak	relative_ct	lh_LO1	0.0083184	0.75117	0.45257	8182
rulebreak	relative_ct	lh_LO2	0.003905	0.35262	0.72438	8182
rulebreak	relative_ct	lh_LO3	0.0062373	0.56324	0.57329	8182
rulebreak	relative_ct	lh_MBelt	0.020424	1.8447	0.065121	8182
rulebreak	relative_ct	lh_MI	0.0083571	0.75467	0.45047	8182
rulebreak	relative_ct	lh_MIP	0.016157	1.4591	0.14457	8182
rulebreak	relative_ct	lh_MST	0.017022	1.5373	0.12427	8182
rulebreak	relative_ct	lh_MT	0.015622	1.4108	0.15834	8182
rulebreak	relative_ct	lh_OFC	0.0065233	0.58906	0.55584	8182
rulebreak	relative_ct	lh_OP1	-0.0019039	-0.17192	0.86351	8182
rulebreak	relative_ct	lh_OP2-3	0.017808	1.6083	0.10781	8182
rulebreak	relative_ct	lh_OP4	0.0088321	0.79757	0.42514	8182
rulebreak	relative_ct	lh_PBelt	0.016048	1.4493	0.14729	8182
rulebreak	relative_ct	lh_PCV	0.0030764	0.2778	0.78118	8182
rulebreak	relative_ct	lh_PEF	0.01024	0.92468	0.35516	8182
rulebreak	relative_ct	lh_PF	0.015737	1.4213	0.15528	8182
rulebreak	relative_ct	lh_PFcm	0.016069	1.4512	0.14677	8182
rulebreak	relative_ct	lh_PFm	0.0040038	0.36155	0.7177	8182
rulebreak	relative_ct	lh_PFop	0.018224	1.6459	0.099816	8182
rulebreak	relative_ct	lh_PFt	0.010106	0.91265	0.36145	8182
rulebreak	relative_ct	lh_PGi	0.014077	1.2712	0.20368	8182
rulebreak	relative_ct	lh_PGp	0.025052	2.2629	0.023666	8182
rulebreak	relative_ct	lh_PGs	0.018155	1.6396	0.10112	8182
rulebreak	relative_ct	lh_PH	0.012208	1.1025	0.27028	8182
rulebreak	relative_ct	lh_PHA1	0.00045972	0.041513	0.96689	8182
rulebreak	relative_ct	lh_PHA2	0.0049	0.44247	0.65816	8182
rulebreak	relative_ct	lh_PHA3	0.0091479	0.82609	0.40878	8182
rulebreak	relative_ct	lh_PHT	0.011601	1.0477	0.29482	8182
rulebreak	relative_ct	lh_PI	0.0057692	0.52096	0.60241	8182
rulebreak	relative_ct	lh_PIT	0.0018165	0.16403	0.86971	8182
rulebreak	relative_ct	lh_POS1	0.020593	1.8599	0.062935	8182
rulebreak	relative_ct	lh_POS2	0.0067158	0.60645	0.54423	8182
rulebreak	relative_ct	lh_PSL	0.026521	2.3957	0.016611	8182
rulebreak	relative_ct	lh_PeEc	0.01407	1.2706	0.2039	8182
rulebreak	relative_ct	lh_Pir	-0.0061397	-0.55443	0.5793	8182
rulebreak	relative_ct	lh_PoI1	-0.0037026	-0.33434	0.73813	8182
rulebreak	relative_ct	lh_PoI2	-0.011345	-1.0245	0.30563	8182
rulebreak	relative_ct	lh_PreS	0.0048244	0.43564	0.66311	8182
rulebreak	relative_ct	lh_ProS	0.026404	2.3851	0.017097	8182
rulebreak	relative_ct	lh_RI	0.016001	1.4451	0.14848	8182
rulebreak	relative_ct	lh_RSC	-0.0089581	-0.80894	0.41857	8182
rulebreak	relative_ct	lh_SCEF	0.019468	1.7583	0.078736	8182
rulebreak	relative_ct	lh_SFL	0.0045336	0.40938	0.68227	8182
rulebreak	relative_ct	lh_STGa	0.011228	1.0139	0.31065	8182
rulebreak	relative_ct	lh_STSda	0.029496	2.6646	0.0077226	8182
rulebreak	relative_ct	lh_STSdp	0.03241	2.9281	0.0034195	8182
rulebreak	relative_ct	lh_STSva	0.013835	1.2495	0.21154	8182
rulebreak	relative_ct	lh_STSvp	0.016236	1.4663	0.14259	8182
rulebreak	relative_ct	lh_STV	0.0085792	0.77472	0.43853	8182
rulebreak	relative_ct	lh_TA2	0.014855	1.3416	0.17977	8182
rulebreak	relative_ct	lh_TE1a	0.0018874	0.17043	0.86468	8182
rulebreak	relative_ct	lh_TE1m	0.0077819	0.70272	0.48225	8182
rulebreak	relative_ct	lh_TE1p	0.0062401	0.56349	0.57312	8182
rulebreak	relative_ct	lh_TE2a	0.011718	1.0582	0.28999	8182
rulebreak	relative_ct	lh_TE2p	0.018952	1.7117	0.086997	8182
rulebreak	relative_ct	lh_TF	0.023788	2.1486	0.031694	8182
rulebreak	relative_ct	lh_TGd	0.020642	1.8644	0.062308	8182
rulebreak	relative_ct	lh_TGv	0.018384	1.6604	0.096876	8182
rulebreak	relative_ct	lh_TPOJ1	0.021261	1.9203	0.054853	8182
rulebreak	relative_ct	lh_TPOJ2	0.018106	1.6353	0.10204	8182
rulebreak	relative_ct	lh_TPOJ3	0.012348	1.1151	0.26483	8182
rulebreak	relative_ct	lh_V1	0.0039499	0.35668	0.72134	8182
rulebreak	relative_ct	lh_V2	-0.002335	-0.21085	0.83301	8182
rulebreak	relative_ct	lh_V3	0.0037572	0.33928	0.73441	8182
rulebreak	relative_ct	lh_V3A	-0.0054065	-0.48821	0.62541	8182
rulebreak	relative_ct	lh_V3B	0.00070327	0.063505	0.94937	8182
rulebreak	relative_ct	lh_V3CD	0.030908	2.7923	0.0052455	8182
rulebreak	relative_ct	lh_V4	0.0049527	0.44723	0.65472	8182
rulebreak	relative_ct	lh_V4t	0.01372	1.239	0.21538	8182
rulebreak	relative_ct	lh_V6	-0.0033755	-0.30481	0.76052	8182
rulebreak	relative_ct	lh_V6A	0.01424	1.286	0.19847	8182
rulebreak	relative_ct	lh_V7	0.014219	1.2841	0.19915	8182
rulebreak	relative_ct	lh_V8	0.00077357	0.069853	0.94431	8182
rulebreak	relative_ct	lh_VIP	-0.011521	-1.0404	0.29819	8182
rulebreak	relative_ct	lh_VMV1	0.007262	0.65577	0.51199	8182
rulebreak	relative_ct	lh_VMV2	0.020674	1.8672	0.061908	8182
rulebreak	relative_ct	lh_VMV3	0.029415	2.6573	0.0078928	8182
rulebreak	relative_ct	lh_VVC	0.01249	1.128	0.25937	8182
rulebreak	relative_ct	lh_a10p	0.029424	2.6581	0.0078726	8182
rulebreak	relative_ct	lh_a24	0.016462	1.4867	0.13712	8182
rulebreak	relative_ct	lh_a24pr	0.0027142	0.24509	0.80639	8182
rulebreak	relative_ct	lh_a32pr	0.018716	1.6903	0.091009	8182
rulebreak	relative_ct	lh_a47r	0.025532	2.3063	0.021118	8182
rulebreak	relative_ct	lh_a9-46v	0.024043	2.1717	0.029909	8182
rulebreak	relative_ct	lh_d23ab	0.018408	1.6626	0.09644	8182
rulebreak	relative_ct	lh_d32	0.024982	2.2566	0.02406	8182
rulebreak	relative_ct	lh_i6-8	0.0010347	0.093435	0.92556	8182
rulebreak	relative_ct	lh_p10p	0.042824	3.8705	0.00010946	8182
rulebreak	relative_ct	lh_p24	0.017054	1.5402	0.12354	8182
rulebreak	relative_ct	lh_p24pr	0.018368	1.6589	0.097168	8182
rulebreak	relative_ct	lh_p32	0.018341	1.6564	0.097672	8182
rulebreak	relative_ct	lh_p32pr	0.017663	1.5952	0.11071	8182
rulebreak	relative_ct	lh_p47r	0.028449	2.57	0.010188	8182
rulebreak	relative_ct	lh_p9-46v	0.016134	1.4571	0.14513	8182
rulebreak	relative_ct	lh_pOFC	-0.0037316	-0.33696	0.73616	8182
rulebreak	relative_ct	lh_s32	0.012386	1.1186	0.26336	8182
rulebreak	relative_ct	lh_s6-8	0.0009468	0.085496	0.93187	8182
rulebreak	relative_ct	lh_v23ab	0.009907	0.89464	0.37101	8182
pfactor	absolute	lh_1	0.014079	1.27	0.20411	8162
pfactor	absolute	lh_10d	0.0030733	0.27721	0.78163	8162
pfactor	absolute	lh_10pp	-0.0042096	-0.37971	0.70417	8162
pfactor	absolute	lh_10r	0.003022	0.27258	0.78518	8162
pfactor	absolute	lh_10v	0.0029302	0.26431	0.79155	8162
pfactor	absolute	lh_11l	-0.016694	-1.506	0.13211	8162
pfactor	absolute	lh_13l	0.0001457	0.013142	0.98951	8162
pfactor	absolute	lh_2	0.019201	1.7322	0.083272	8162
pfactor	absolute	lh_23c	0.0023288	0.21006	0.83363	8162
pfactor	absolute	lh_23d	-0.0026399	-0.23812	0.8118	8162
pfactor	absolute	lh_24dd	0.017467	1.5757	0.11512	8162
pfactor	absolute	lh_24dv	0.026935	2.4304	0.015103	8162
pfactor	absolute	lh_25	-0.012349	-1.1139	0.26534	8162
pfactor	absolute	lh_31a	-0.012279	-1.1077	0.26804	8162
pfactor	absolute	lh_31pd	-0.0050691	-0.45724	0.64751	8162
pfactor	absolute	lh_31pv	0.0040364	0.36408	0.71581	8162
pfactor	absolute	lh_33pr	0.0009721	0.087684	0.93013	8162
pfactor	absolute	lh_3a	-0.0053757	-0.48489	0.62777	8162
pfactor	absolute	lh_3b	0.011888	1.0724	0.28358	8162
pfactor	absolute	lh_4	0.012225	1.1028	0.27016	8162
pfactor	absolute	lh_43	-0.00091178	-0.082242	0.93446	8162
pfactor	absolute	lh_44	0.0069507	0.62697	0.5307	8162
pfactor	absolute	lh_45	0.026654	2.405	0.016193	8162
pfactor	absolute	lh_46	0.0056502	0.50966	0.61031	8162
pfactor	absolute	lh_47l	-0.00044618	-0.040245	0.9679	8162
pfactor	absolute	lh_47m	0.0059519	0.53687	0.59137	8162
pfactor	absolute	lh_47s	0.022551	2.0346	0.041925	8162
pfactor	absolute	lh_52	0.026498	2.3909	0.016828	8162
pfactor	absolute	lh_55b	0.018259	1.6473	0.099543	8162
pfactor	absolute	lh_5L	-0.0028783	-0.25962	0.79516	8162
pfactor	absolute	lh_5m	0.019495	1.7588	0.078657	8162
pfactor	absolute	lh_5mv	0.01417	1.2783	0.2012	8162
pfactor	absolute	lh_6a	0.012609	1.1374	0.25539	8162
pfactor	absolute	lh_6d	0.0066583	0.60059	0.54813	8162
pfactor	absolute	lh_6ma	-0.0041699	-0.37613	0.70683	8162
pfactor	absolute	lh_6mp	0.010569	0.95339	0.34042	8162
pfactor	absolute	lh_6r	0.011672	1.0529	0.29242	8162
pfactor	absolute	lh_6v	0.020397	1.8402	0.065778	8162
pfactor	absolute	lh_7AL	0.0029161	0.26303	0.79253	8162
pfactor	absolute	lh_7Am	-0.011988	-1.0814	0.27956	8162
pfactor	absolute	lh_7PC	-0.0084656	-0.76362	0.44512	8162
pfactor	absolute	lh_7PL	0.0072361	0.65271	0.51396	8162
pfactor	absolute	lh_7Pm	0.0049024	0.4422	0.65836	8162
pfactor	absolute	lh_7m	0.029451	2.6576	0.0078844	8162
pfactor	absolute	lh_8Ad	0.0069336	0.62543	0.53171	8162
pfactor	absolute	lh_8Av	-0.0011749	-0.10598	0.9156	8162
pfactor	absolute	lh_8BL	0.0068484	0.61774	0.53676	8162
pfactor	absolute	lh_8BM	0.0088647	0.79962	0.42395	8162
pfactor	absolute	lh_8C	0.024048	2.1698	0.030051	8162
pfactor	absolute	lh_9-46d	-0.00077145	-0.069584	0.94453	8162
pfactor	absolute	lh_9a	-0.019214	-1.7335	0.083052	8162
pfactor	absolute	lh_9m	0.0065808	0.5936	0.5528	8162
pfactor	absolute	lh_9p	-0.00082449	-0.074369	0.94072	8162
pfactor	absolute	lh_A1	0.02669	2.4083	0.01605	8162
pfactor	absolute	lh_A4	0.023487	2.1191	0.03411	8162
pfactor	absolute	lh_A5	0.033968	3.0657	0.002179	8162
pfactor	absolute	lh_AAIC	-0.010915	-0.9846	0.32485	8162
pfactor	absolute	lh_AIP	-0.0015406	-0.13896	0.88948	8162
pfactor	absolute	lh_AVI	0.028246	2.5488	0.010829	8162
pfactor	absolute	lh_DVT	0.025255	2.2787	0.022708	8162
pfactor	absolute	lh_EC	0.01003	0.90477	0.36561	8162
pfactor	absolute	lh_FEF	0.025606	2.3104	0.020891	8162
pfactor	absolute	lh_FFC	0.016397	1.4792	0.13913	8162
pfactor	absolute	lh_FOP1	0.017936	1.6181	0.10567	8162
pfactor	absolute	lh_FOP2	0.02134	1.9253	0.054227	8162
pfactor	absolute	lh_FOP3	0.020253	1.8272	0.067707	8162
pfactor	absolute	lh_FOP4	0.012623	1.1387	0.25486	8162
pfactor	absolute	lh_FOP5	0.027926	2.5199	0.011757	8162
pfactor	absolute	lh_FST	0.01096	0.98862	0.32288	8162
pfactor	absolute	lh_IFJa	0.019189	1.7311	0.083466	8162
pfactor	absolute	lh_IFJp	-0.0024904	-0.22464	0.82227	8162
pfactor	absolute	lh_IFSa	0.012383	1.1171	0.264	8162
pfactor	absolute	lh_IFSp	0.013164	1.1875	0.23508	8162
pfactor	absolute	lh_IP0	0.017125	1.5449	0.1224	8162
pfactor	absolute	lh_IP1	0.0024324	0.2194	0.82634	8162
pfactor	absolute	lh_IP2	0.0089365	0.8061	0.42021	8162
pfactor	absolute	lh_IPS1	0.013221	1.1926	0.23305	8162
pfactor	absolute	lh_Ig	0.0035407	0.31937	0.74945	8162
pfactor	absolute	lh_LBelt	0.011877	1.0714	0.28404	8162
pfactor	absolute	lh_LIPd	0.0020125	0.18153	0.85596	8162
pfactor	absolute	lh_LIPv	-0.0082714	-0.7461	0.45563	8162
pfactor	absolute	lh_LO1	0.015767	1.4224	0.15496	8162
pfactor	absolute	lh_LO2	0.018183	1.6403	0.10097	8162
pfactor	absolute	lh_LO3	0.011449	1.0328	0.30174	8162
pfactor	absolute	lh_MBelt	0.020029	1.807	0.070803	8162
pfactor	absolute	lh_MI	0.016041	1.4471	0.14792	8162
pfactor	absolute	lh_MIP	0.0057082	0.51489	0.60664	8162
pfactor	absolute	lh_MST	0.027001	2.4364	0.014857	8162
pfactor	absolute	lh_MT	0.024902	2.2468	0.024679	8162
pfactor	absolute	lh_OFC	-0.023524	-2.1225	0.033827	8162
pfactor	absolute	lh_OP1	-0.007364	-0.66425	0.50655	8162
pfactor	absolute	lh_OP2-3	0.0084125	0.75883	0.44798	8162
pfactor	absolute	lh_OP4	0.020215	1.8237	0.068231	8162
pfactor	absolute	lh_PBelt	0.015623	1.4093	0.15878	8162
pfactor	absolute	lh_PCV	0.012013	1.0836	0.27855	8162
pfactor	absolute	lh_PEF	0.010051	0.90662	0.36464	8162
pfactor	absolute	lh_PF	0.020786	1.8753	0.060792	8162
pfactor	absolute	lh_PFcm	0.03303	2.9809	0.0028823	8162
pfactor	absolute	lh_PFm	0.014726	1.3284	0.18407	8162
pfactor	absolute	lh_PFop	0.014054	1.2678	0.2049	8162
pfactor	absolute	lh_PFt	0.014869	1.3413	0.17986	8162
pfactor	absolute	lh_PGi	0.011994	1.0819	0.27932	8162
pfactor	absolute	lh_PGp	0.022658	2.0443	0.040955	8162
pfactor	absolute	lh_PGs	0.014726	1.3284	0.18408	8162
pfactor	absolute	lh_PH	0.041507	3.7472	0.00018007	8162
pfactor	absolute	lh_PHA1	0.0027303	0.24627	0.80548	8162
pfactor	absolute	lh_PHA2	0.016671	1.5039	0.13265	8162
pfactor	absolute	lh_PHA3	0.0079124	0.71372	0.47542	8162
pfactor	absolute	lh_PHT	0.010328	0.93167	0.35154	8162
pfactor	absolute	lh_PI	0.016499	1.4884	0.13668	8162
pfactor	absolute	lh_PIT	0.011317	1.0208	0.30736	8162
pfactor	absolute	lh_POS1	0.014932	1.3471	0.178	8162
pfactor	absolute	lh_POS2	0.014575	1.3148	0.18862	8162
pfactor	absolute	lh_PSL	0.01517	1.3685	0.17121	8162
pfactor	absolute	lh_PeEc	0.037257	3.3629	0.00077474	8162
pfactor	absolute	lh_Pir	-0.014836	-1.3383	0.18082	8162
pfactor	absolute	lh_PoI1	0.011934	1.0765	0.28173	8162
pfactor	absolute	lh_PoI2	-0.0138	-1.2448	0.21323	8162
pfactor	absolute	lh_PreS	0.014851	1.3397	0.18039	8162
pfactor	absolute	lh_ProS	0.018176	1.6397	0.1011	8162
pfactor	absolute	lh_RI	0.012726	1.1479	0.25103	8162
pfactor	absolute	lh_RSC	-0.0024423	-0.2203	0.82564	8162
pfactor	absolute	lh_SCEF	0.010442	0.94194	0.34625	8162
pfactor	absolute	lh_SFL	-0.0042085	-0.37961	0.70425	8162
pfactor	absolute	lh_STGa	0.018836	1.6993	0.089302	8162
pfactor	absolute	lh_STSda	0.020294	1.8309	0.067156	8162
pfactor	absolute	lh_STSdp	0.01091	0.98412	0.32509	8162
pfactor	absolute	lh_STSva	0.024786	2.2364	0.025354	8162
pfactor	absolute	lh_STSvp	0.011477	1.0353	0.30057	8162
pfactor	absolute	lh_STV	0.016774	1.5132	0.13027	8162
pfactor	absolute	lh_TA2	0.030883	2.7869	0.005333	8162
pfactor	absolute	lh_TE1a	0.020456	1.8455	0.065	8162
pfactor	absolute	lh_TE1m	0.0099234	0.89513	0.37074	8162
pfactor	absolute	lh_TE1p	0.011737	1.0587	0.28975	8162
pfactor	absolute	lh_TE2a	0.018704	1.6874	0.091562	8162
pfactor	absolute	lh_TE2p	0.0090025	0.81205	0.41678	8162
pfactor	absolute	lh_TF	0.024892	2.246	0.024731	8162
pfactor	absolute	lh_TGd	0.026404	2.3824	0.017221	8162
pfactor	absolute	lh_TGv	0.014559	1.3134	0.18909	8162
pfactor	absolute	lh_TPOJ1	0.01667	1.5039	0.13265	8162
pfactor	absolute	lh_TPOJ2	0.012378	1.1166	0.2642	8162
pfactor	absolute	lh_TPOJ3	0.020761	1.873	0.061101	8162
pfactor	absolute	lh_V1	0.014367	1.2961	0.19499	8162
pfactor	absolute	lh_V2	0.020525	1.8518	0.064098	8162
pfactor	absolute	lh_V3	0.022612	2.0402	0.041367	8162
pfactor	absolute	lh_V3A	0.022312	2.0131	0.044139	8162
pfactor	absolute	lh_V3B	0.011472	1.0349	0.30076	8162
pfactor	absolute	lh_V3CD	0.040499	3.656	0.00025781	8162
pfactor	absolute	lh_V4	0.021178	1.9107	0.056083	8162
pfactor	absolute	lh_V4t	0.018417	1.6615	0.096645	8162
pfactor	absolute	lh_V6	0.028413	2.5639	0.010368	8162
pfactor	absolute	lh_V6A	0.024357	2.1976	0.028003	8162
pfactor	absolute	lh_V7	0.031352	2.8294	0.0046754	8162
pfactor	absolute	lh_V8	-0.0031848	-0.28727	0.77391	8162
pfactor	absolute	lh_VIP	-0.014392	-1.2983	0.19423	8162
pfactor	absolute	lh_VMV1	0.040262	3.6345	0.00028019	8162
pfactor	absolute	lh_VMV2	0.0089808	0.8101	0.41791	8162
pfactor	absolute	lh_VMV3	0.025605	2.3103	0.020896	8162
pfactor	absolute	lh_VVC	0.034349	3.1001	0.0019413	8162
pfactor	absolute	lh_a10p	0.013982	1.2613	0.20725	8162
pfactor	absolute	lh_a24	0.0094544	0.85282	0.39378	8162
pfactor	absolute	lh_a24pr	0.016478	1.4865	0.13718	8162
pfactor	absolute	lh_a32pr	0.016358	1.4757	0.14006	8162
pfactor	absolute	lh_a47r	0.0017048	0.15377	0.87779	8162
pfactor	absolute	lh_a9-46v	0.01173	1.0581	0.29003	8162
pfactor	absolute	lh_d23ab	0.011622	1.0483	0.29451	8162
pfactor	absolute	lh_d32	0.018773	1.6936	0.090376	8162
pfactor	absolute	lh_i6-8	0.0067735	0.61098	0.54123	8162
pfactor	absolute	lh_p10p	0.020357	1.8366	0.066311	8162
pfactor	absolute	lh_p24	0.01119	1.0094	0.31281	8162
pfactor	absolute	lh_p24pr	0.017883	1.6133	0.10673	8162
pfactor	absolute	lh_p32	0.0003632	0.032761	0.97387	8162
pfactor	absolute	lh_p32pr	0.013413	1.21	0.22632	8162
pfactor	absolute	lh_p47r	0.016019	1.4451	0.14848	8162
pfactor	absolute	lh_p9-46v	0.019736	1.7806	0.075022	8162
pfactor	absolute	lh_pOFC	-0.0097775	-0.88197	0.37782	8162
pfactor	absolute	lh_s32	0.009608	0.86668	0.38614	8162
pfactor	absolute	lh_s6-8	0.0077128	0.69572	0.48663	8162
pfactor	absolute	lh_v23ab	0.023009	2.0759	0.037933	8162
pfactor	relative	lh_1	0.00048255	0.043523	0.96529	8162
pfactor	relative	lh_10d	-0.008007	-0.72221	0.47019	8162
pfactor	relative	lh_10pp	-0.014122	-1.2738	0.20277	8162
pfactor	relative	lh_10r	-0.0057053	-0.51459	0.60685	8162
pfactor	relative	lh_10v	-0.0068404	-0.61698	0.53727	8162
pfactor	relative	lh_11l	-0.028886	-2.6065	0.0091648	8162
pfactor	relative	lh_13l	-0.010936	-0.98638	0.32398	8162
pfactor	relative	lh_2	0.0048286	0.43552	0.6632	8162
pfactor	relative	lh_23c	-0.013458	-1.214	0.22479	8162
pfactor	relative	lh_23d	-0.010573	-0.95371	0.34026	8162
pfactor	relative	lh_24dd	0.004453	0.40164	0.68796	8162
pfactor	relative	lh_24dv	0.016991	1.5327	0.12538	8162
pfactor	relative	lh_25	-0.016222	-1.4633	0.14342	8162
pfactor	relative	lh_31a	-0.02443	-2.2041	0.027548	8162
pfactor	relative	lh_31pd	-0.020303	-1.8316	0.067053	8162
pfactor	relative	lh_31pv	-0.0092394	-0.83338	0.40466	8162
pfactor	relative	lh_33pr	-0.0010687	-0.096393	0.92321	8162
pfactor	relative	lh_3a	-0.015004	-1.3534	0.17596	8162
pfactor	relative	lh_3b	0.005443	0.49093	0.62349	8162
pfactor	relative	lh_4	0.0096656	0.87182	0.38333	8162
pfactor	relative	lh_43	-0.012557	-1.1326	0.2574	8162
pfactor	relative	lh_44	-0.0051474	-0.46428	0.64246	8162
pfactor	relative	lh_45	0.015153	1.3669	0.1717	8162
pfactor	relative	lh_46	-0.011782	-1.0628	0.28791	8162
pfactor	relative	lh_47l	-0.013855	-1.2497	0.21143	8162
pfactor	relative	lh_47m	-0.0044907	-0.40504	0.68546	8162
pfactor	relative	lh_47s	0.013974	1.2605	0.20754	8162
pfactor	relative	lh_52	0.01836	1.6562	0.097718	8162
pfactor	relative	lh_55b	0.0079376	0.71595	0.47404	8162
pfactor	relative	lh_5L	-0.016976	-1.5313	0.12572	8162
pfactor	relative	lh_5m	0.0066112	0.59631	0.55099	8162
pfactor	relative	lh_5mv	-8.945e-05	-0.0080679	0.99356	8162
pfactor	relative	lh_6a	-0.0021938	-0.19787	0.84315	8162
pfactor	relative	lh_6d	-0.0052876	-0.47692	0.63343	8162
pfactor	relative	lh_6ma	-0.018083	-1.6313	0.10287	8162
pfactor	relative	lh_6mp	-0.0023637	-0.21319	0.83118	8162
pfactor	relative	lh_6r	-0.0023116	-0.20849	0.83485	8162
pfactor	relative	lh_6v	0.010189	0.91906	0.35809	8162
pfactor	relative	lh_7AL	-0.0096497	-0.87039	0.38411	8162
pfactor	relative	lh_7Am	-0.027382	-2.4706	0.013507	8162
pfactor	relative	lh_7PC	-0.024917	-2.2481	0.024597	8162
pfactor	relative	lh_7PL	-0.0053537	-0.48288	0.62919	8162
pfactor	relative	lh_7Pm	-0.006549	-0.5907	0.55474	8162
pfactor	relative	lh_7m	0.017968	1.6209	0.10508	8162
pfactor	relative	lh_8Ad	-0.0090362	-0.81504	0.41507	8162
pfactor	relative	lh_8Av	-0.01103	-0.99493	0.3198	8162
pfactor	relative	lh_8BL	-0.0054624	-0.49269	0.62225	8162
pfactor	relative	lh_8BM	-0.0044295	-0.39952	0.68952	8162
pfactor	relative	lh_8C	0.010896	0.98282	0.32573	8162
pfactor	relative	lh_9-46d	-0.017252	-1.5563	0.11968	8162
pfactor	relative	lh_9a	-0.034184	-3.085	0.0020423	8162
pfactor	relative	lh_9m	-0.0077403	-0.69815	0.4851	8162
pfactor	relative	lh_9p	-0.015479	-1.3963	0.16266	8162
pfactor	relative	lh_A1	0.016869	1.5217	0.12811	8162
pfactor	relative	lh_A4	0.010263	0.92571	0.35462	8162
pfactor	relative	lh_A5	0.023087	2.0829	0.037293	8162
pfactor	relative	lh_AAIC	-0.013754	-1.2407	0.21476	8162
pfactor	relative	lh_AIP	-0.019449	-1.7545	0.079386	8162
pfactor	relative	lh_AVI	0.020117	1.8148	0.069592	8162
pfactor	relative	lh_DVT	0.012829	1.1572	0.24724	8162
pfactor	relative	lh_EC	0.0071542	0.64529	0.51876	8162
pfactor	relative	lh_FEF	0.015161	1.3676	0.17147	8162
pfactor	relative	lh_FFC	0.0025611	0.23099	0.81733	8162
pfactor	relative	lh_FOP1	0.0094493	0.85231	0.39407	8162
pfactor	relative	lh_FOP2	0.013506	1.2183	0.22314	8162
pfactor	relative	lh_FOP3	0.013056	1.1777	0.23896	8162
pfactor	relative	lh_FOP4	0.0024345	0.21958	0.8262	8162
pfactor	relative	lh_FOP5	0.018845	1.7	0.089166	8162
pfactor	relative	lh_FST	-0.0023589	-0.21276	0.83152	8162
pfactor	relative	lh_IFJa	0.0087605	0.79018	0.42945	8162
pfactor	relative	lh_IFJp	-0.012208	-1.1012	0.27086	8162
pfactor	relative	lh_IFSa	-0.0018499	-0.16685	0.86749	8162
pfactor	relative	lh_IFSp	0.00019958	0.018001	0.98564	8162
pfactor	relative	lh_IP0	0.0040061	0.36133	0.71786	8162
pfactor	relative	lh_IP1	-0.015163	-1.3678	0.17143	8162
pfactor	relative	lh_IP2	-0.0057758	-0.52095	0.60242	8162
pfactor	relative	lh_IPS1	-0.00023791	-0.021458	0.98288	8162
pfactor	relative	lh_Ig	-0.0059987	-0.54106	0.58848	8162
pfactor	relative	lh_LBelt	0.00084942	0.076613	0.93893	8162
pfactor	relative	lh_LIPd	-0.011756	-1.0604	0.289	8162
pfactor	relative	lh_LIPv	-0.022724	-2.0501	0.040389	8162
pfactor	relative	lh_LO1	0.0039849	0.35941	0.71929	8162
pfactor	relative	lh_LO2	0.0070124	0.63249	0.52708	8162
pfactor	relative	lh_LO3	-0.0013711	-0.12366	0.90158	8162
pfactor	relative	lh_MBelt	0.0092324	0.83274	0.40501	8162
pfactor	relative	lh_MI	0.0076376	0.68889	0.49091	8162
pfactor	relative	lh_MIP	-0.0092178	-0.83142	0.40576	8162
pfactor	relative	lh_MST	0.016177	1.4593	0.14452	8162
pfactor	relative	lh_MT	0.013462	1.2143	0.22468	8162
pfactor	relative	lh_OFC	-0.031562	-2.8481	0.0044092	8162
pfactor	relative	lh_OP1	-0.017512	-1.5797	0.11421	8162
pfactor	relative	lh_OP2-3	-0.00059698	-0.053844	0.95706	8162
pfactor	relative	lh_OP4	0.0080166	0.72308	0.46965	8162
pfactor	relative	lh_PBelt	0.0030718	0.27706	0.78174	8162
pfactor	relative	lh_PCV	-0.0025668	-0.23151	0.81692	8162
pfactor	relative	lh_PEF	0.00084113	0.075865	0.93953	8162
pfactor	relative	lh_PF	0.0078712	0.70996	0.47775	8162
pfactor	relative	lh_PFcm	0.022783	2.0554	0.039868	8162
pfactor	relative	lh_PFm	-0.0017778	-0.16035	0.87261	8162
pfactor	relative	lh_PFop	0.0031474	0.28388	0.77651	8162
pfactor	relative	lh_PFt	0.0028735	0.25918	0.7955	8162
pfactor	relative	lh_PGi	-0.0061243	-0.55239	0.5807	8162
pfactor	relative	lh_PGp	0.010567	0.95313	0.34055	8162
pfactor	relative	lh_PGs	-0.00029545	-0.026648	0.97874	8162
pfactor	relative	lh_PH	0.031818	2.8713	0.0040985	8162
pfactor	relative	lh_PHA1	-0.0023491	-0.21187	0.83221	8162
pfactor	relative	lh_PHA2	0.0087615	0.79027	0.4294	8162
pfactor	relative	lh_PHA3	-0.0017869	-0.16117	0.87197	8162
pfactor	relative	lh_PHT	-0.003835	-0.3459	0.72943	8162
pfactor	relative	lh_PI	0.0082718	0.74609	0.45563	8162
pfactor	relative	lh_PIT	-0.00030887	-0.027858	0.97778	8162
pfactor	relative	lh_POS1	0.0027194	0.24527	0.80625	8162
pfactor	relative	lh_POS2	-0.0014965	-0.13498	0.89263	8162
pfactor	relative	lh_PSL	0.003493	0.31505	0.75273	8162
pfactor	relative	lh_PeEc	0.030712	2.7713	0.0055952	8162
pfactor	relative	lh_Pir	-0.018562	-1.6745	0.094079	8162
pfactor	relative	lh_PoI1	0.0065351	0.58944	0.55558	8162
pfactor	relative	lh_PoI2	-0.019438	-1.7536	0.079544	8162
pfactor	relative	lh_PreS	0.013052	1.1773	0.23912	8162
pfactor	relative	lh_ProS	0.011785	1.063	0.28782	8162
pfactor	relative	lh_RI	0.00057853	0.05218	0.95839	8162
pfactor	relative	lh_RSC	-0.006663	-0.60098	0.54787	8162
pfactor	relative	lh_SCEF	-0.0028574	-0.25772	0.79663	8162
pfactor	relative	lh_SFL	-0.015126	-1.3644	0.17248	8162
pfactor	relative	lh_STGa	0.0095104	0.85782	0.39102	8162
pfactor	relative	lh_STSda	0.0080796	0.72876	0.46617	8162
pfactor	relative	lh_STSdp	-0.0034886	-0.31465	0.75303	8162
pfactor	relative	lh_STSva	0.01447	1.3052	0.19185	8162
pfactor	relative	lh_STSvp	-0.0017545	-0.15825	0.87427	8162
pfactor	relative	lh_STV	0.0042725	0.38536	0.69998	8162
pfactor	relative	lh_TA2	0.023155	2.089	0.036735	8162
pfactor	relative	lh_TE1a	0.0097604	0.88037	0.37868	8162
pfactor	relative	lh_TE1m	-0.00083574	-0.075379	0.93991	8162
pfactor	relative	lh_TE1p	-0.0006223	-0.056128	0.95524	8162
pfactor	relative	lh_TE2a	0.0062166	0.56071	0.57501	8162
pfactor	relative	lh_TE2p	-0.0026031	-0.23478	0.81438	8162
pfactor	relative	lh_TF	0.015672	1.4137	0.15748	8162
pfactor	relative	lh_TGd	0.01811	1.6337	0.10236	8162
pfactor	relative	lh_TGv	0.0051208	0.46187	0.64419	8162
pfactor	relative	lh_TPOJ1	0.0013928	0.12562	0.90004	8162
pfactor	relative	lh_TPOJ2	-0.0028804	-0.2598	0.79503	8162
pfactor	relative	lh_TPOJ3	0.0082953	0.74822	0.45435	8162
pfactor	relative	lh_V1	0.0068866	0.62115	0.53452	8162
pfactor	relative	lh_V2	0.0078712	0.70996	0.47775	8162
pfactor	relative	lh_V3	0.010903	0.98341	0.32543	8162
pfactor	relative	lh_V3A	0.0092558	0.83486	0.40382	8162
pfactor	relative	lh_V3B	-0.00075825	-0.06839	0.94548	8162
pfactor	relative	lh_V3CD	0.031292	2.8238	0.0047577	8162
pfactor	relative	lh_V4	0.0061439	0.55416	0.57949	8162
pfactor	relative	lh_V4t	0.0072828	0.65688	0.51128	8162
pfactor	relative	lh_V6	0.016667	1.5034	0.13277	8162
pfactor	relative	lh_V6A	0.014345	1.294	0.1957	8162
pfactor	relative	lh_V7	0.02088	1.8837	0.059642	8162
pfactor	relative	lh_V8	-0.017797	-1.6054	0.10844	8162
pfactor	relative	lh_VIP	-0.029303	-2.6441	0.0082075	8162
pfactor	relative	lh_VMV1	0.033531	3.026	0.002486	8162
pfactor	relative	lh_VMV2	-0.00078669	-0.070955	0.94344	8162
pfactor	relative	lh_VMV3	0.015906	1.4348	0.15138	8162
pfactor	relative	lh_VVC	0.026285	2.3716	0.017735	8162
pfactor	relative	lh_a10p	0.0040595	0.36614	0.71427	8162
pfactor	relative	lh_a24	0.0013667	0.12327	0.9019	8162
pfactor	relative	lh_a24pr	0.0077905	0.70268	0.48228	8162
pfactor	relative	lh_a32pr	0.0060689	0.54739	0.58413	8162
pfactor	relative	lh_a47r	-0.014032	-1.2657	0.20566	8162
pfactor	relative	lh_a9-46v	-0.0015002	-0.13531	0.89237	8162
pfactor	relative	lh_d23ab	0.0014795	0.13344	0.89385	8162
pfactor	relative	lh_d32	0.0073675	0.66453	0.50637	8162
pfactor	relative	lh_i6-8	-0.0056918	-0.51338	0.6077	8162
pfactor	relative	lh_p10p	0.0096953	0.8745	0.38187	8162
pfactor	relative	lh_p24	0.0035209	0.31757	0.75082	8162
pfactor	relative	lh_p24pr	0.0089405	0.80641	0.42003	8162
pfactor	relative	lh_p32	-0.010802	-0.97435	0.32991	8162
pfactor	relative	lh_p32pr	0.0016647	0.15014	0.88065	8162
pfactor	relative	lh_p47r	0.0047109	0.4249	0.67092	8162
pfactor	relative	lh_p9-46v	0.0065827	0.59373	0.55271	8162
pfactor	relative	lh_pOFC	-0.01389	-1.2529	0.21027	8162
pfactor	relative	lh_s32	0.0027827	0.25098	0.80183	8162
pfactor	relative	lh_s6-8	-0.0035398	-0.31928	0.74953	8162
pfactor	relative	lh_v23ab	0.013815	1.2461	0.21275	8162
pfactor	absolute_ct	lh_1	-0.014523	-1.31	0.19024	8162
pfactor	absolute_ct	lh_10d	0.015429	1.3917	0.16404	8162
pfactor	absolute_ct	lh_10pp	-0.018226	-1.6441	0.10019	8162
pfactor	absolute_ct	lh_10r	-0.0048342	-0.43602	0.66283	8162
pfactor	absolute_ct	lh_10v	0.0066799	0.6025	0.54686	8162
pfactor	absolute_ct	lh_11l	-0.019639	-1.7717	0.076484	8162
pfactor	absolute_ct	lh_13l	0.0068796	0.62052	0.53493	8162
pfactor	absolute_ct	lh_2	0.0079767	0.71947	0.47187	8162
pfactor	absolute_ct	lh_23c	-0.016982	-1.5319	0.1256	8162
pfactor	absolute_ct	lh_23d	-0.012221	-1.1024	0.27033	8162
pfactor	absolute_ct	lh_24dd	0.013613	1.2279	0.21951	8162
pfactor	absolute_ct	lh_24dv	0.036207	3.2678	0.0010883	8162
pfactor	absolute_ct	lh_25	-0.0082723	-0.74614	0.4556	8162
pfactor	absolute_ct	lh_31a	-0.019777	-1.7842	0.074434	8162
pfactor	absolute_ct	lh_31pd	-0.020925	-1.8877	0.059104	8162
pfactor	absolute_ct	lh_31pv	-0.010418	-0.93967	0.34741	8162
pfactor	absolute_ct	lh_33pr	0.0079675	0.71865	0.47238	8162
pfactor	absolute_ct	lh_3a	-0.004481	-0.40416	0.6861	8162
pfactor	absolute_ct	lh_3b	-0.024052	-2.17	0.030035	8162
pfactor	absolute_ct	lh_4	0.015217	1.3726	0.16991	8162
pfactor	absolute_ct	lh_43	0.0086471	0.77995	0.43544	8162
pfactor	absolute_ct	lh_44	0.0080173	0.72314	0.46962	8162
pfactor	absolute_ct	lh_45	0.025488	2.2996	0.021494	8162
pfactor	absolute_ct	lh_46	-0.00020129	-0.018155	0.98552	8162
pfactor	absolute_ct	lh_47l	-0.0063852	-0.57592	0.56468	8162
pfactor	absolute_ct	lh_47m	9.3929e-05	0.0084719	0.99324	8162
pfactor	absolute_ct	lh_47s	0.0055618	0.50165	0.61593	8162
pfactor	absolute_ct	lh_52	0.02451	2.2113	0.02704	8162
pfactor	absolute_ct	lh_55b	0.014125	1.2741	0.20265	8162
pfactor	absolute_ct	lh_5L	-0.028148	-2.5398	0.01111	8162
pfactor	absolute_ct	lh_5m	-0.0053276	-0.48052	0.63087	8162
pfactor	absolute_ct	lh_5mv	0.0036761	0.33157	0.74023	8162
pfactor	absolute_ct	lh_6a	0.0086601	0.78112	0.43476	8162
pfactor	absolute_ct	lh_6d	-0.0023347	-0.21058	0.83322	8162
pfactor	absolute_ct	lh_6ma	-0.0064174	-0.57882	0.56273	8162
pfactor	absolute_ct	lh_6mp	0.0072409	0.65311	0.51371	8162
pfactor	absolute_ct	lh_6r	0.012547	1.1317	0.25778	8162
pfactor	absolute_ct	lh_6v	0.016305	1.4708	0.14137	8162
pfactor	absolute_ct	lh_7AL	-0.025642	-2.3135	0.020719	8162
pfactor	absolute_ct	lh_7Am	-0.019389	-1.7491	0.080305	8162
pfactor	absolute_ct	lh_7PC	-0.015681	-1.4145	0.15725	8162
pfactor	absolute_ct	lh_7PL	-0.015752	-1.421	0.15537	8162
pfactor	absolute_ct	lh_7Pm	-0.004371	-0.39424	0.69341	8162
pfactor	absolute_ct	lh_7m	-9.9244e-05	-0.0089512	0.99286	8162
pfactor	absolute_ct	lh_8Ad	0.0043681	0.39398	0.6936	8162
pfactor	absolute_ct	lh_8Av	-0.023522	-2.1222	0.033853	8162
pfactor	absolute_ct	lh_8BL	0.0011052	0.099685	0.9206	8162
pfactor	absolute_ct	lh_8BM	0.01722	1.5534	0.12037	8162
pfactor	absolute_ct	lh_8C	0.020299	1.8312	0.0671	8162
pfactor	absolute_ct	lh_9-46d	-0.008063	-0.72726	0.46709	8162
pfactor	absolute_ct	lh_9a	-0.0082635	-0.74535	0.45608	8162
pfactor	absolute_ct	lh_9m	0.0074968	0.67619	0.49894	8162
pfactor	absolute_ct	lh_9p	0.0017126	0.15446	0.87725	8162
pfactor	absolute_ct	lh_A1	0.0079506	0.71712	0.47332	8162
pfactor	absolute_ct	lh_A4	0.0024493	0.22092	0.82516	8162
pfactor	absolute_ct	lh_A5	0.015192	1.3704	0.1706	8162
pfactor	absolute_ct	lh_AAIC	-0.018305	-1.6512	0.098728	8162
pfactor	absolute_ct	lh_AIP	-0.0087186	-0.7864	0.43166	8162
pfactor	absolute_ct	lh_AVI	0.013429	1.2113	0.2258	8162
pfactor	absolute_ct	lh_DVT	0.010847	0.97841	0.3279	8162
pfactor	absolute_ct	lh_EC	-0.0035991	-0.32462	0.74547	8162
pfactor	absolute_ct	lh_FEF	0.015843	1.4291	0.15301	8162
pfactor	absolute_ct	lh_FFC	0.02191	1.9767	0.048113	8162
pfactor	absolute_ct	lh_FOP1	0.013136	1.1849	0.23608	8162
pfactor	absolute_ct	lh_FOP2	0.017895	1.6143	0.10651	8162
pfactor	absolute_ct	lh_FOP3	0.013838	1.2482	0.21199	8162
pfactor	absolute_ct	lh_FOP4	0.0023768	0.21437	0.83026	8162
pfactor	absolute_ct	lh_FOP5	0.01759	1.5867	0.11261	8162
pfactor	absolute_ct	lh_FST	-0.0056069	-0.50571	0.61307	8162
pfactor	absolute_ct	lh_IFJa	0.020915	1.8869	0.059215	8162
pfactor	absolute_ct	lh_IFJp	0.0025337	0.22852	0.81925	8162
pfactor	absolute_ct	lh_IFSa	-0.00021623	-0.019503	0.98444	8162
pfactor	absolute_ct	lh_IFSp	0.023859	2.1525	0.031386	8162
pfactor	absolute_ct	lh_IP0	-0.0019881	-0.17932	0.85769	8162
pfactor	absolute_ct	lh_IP1	-0.010271	-0.92644	0.35425	8162
pfactor	absolute_ct	lh_IP2	-0.0033288	-0.30024	0.764	8162
pfactor	absolute_ct	lh_IPS1	0.0073253	0.66072	0.50881	8162
pfactor	absolute_ct	lh_Ig	-0.0063262	-0.57059	0.56829	8162
pfactor	absolute_ct	lh_LBelt	0.0010987	0.099095	0.92107	8162
pfactor	absolute_ct	lh_LIPd	-0.0056442	-0.50908	0.61071	8162
pfactor	absolute_ct	lh_LIPv	-0.023481	-2.1184	0.034171	8162
pfactor	absolute_ct	lh_LO1	0.010537	0.95041	0.34193	8162
pfactor	absolute_ct	lh_LO2	0.0051965	0.4687	0.63929	8162
pfactor	absolute_ct	lh_LO3	0.015738	1.4196	0.15575	8162
pfactor	absolute_ct	lh_MBelt	0.0087568	0.78984	0.42964	8162
pfactor	absolute_ct	lh_MI	0.0032258	0.29095	0.7711	8162
pfactor	absolute_ct	lh_MIP	0.00059011	0.053225	0.95755	8162
pfactor	absolute_ct	lh_MST	0.012682	1.144	0.25267	8162
pfactor	absolute_ct	lh_MT	0.010106	0.91158	0.36202	8162
pfactor	absolute_ct	lh_OFC	-0.022766	-2.0539	0.040022	8162
pfactor	absolute_ct	lh_OP1	-0.011383	-1.0267	0.30458	8162
pfactor	absolute_ct	lh_OP2-3	0.0036999	0.33371	0.73861	8162
pfactor	absolute_ct	lh_OP4	0.00076881	0.069343	0.94472	8162
pfactor	absolute_ct	lh_PBelt	0.00035839	0.032324	0.97421	8162
pfactor	absolute_ct	lh_PCV	-0.012947	-1.1678	0.24292	8162
pfactor	absolute_ct	lh_PEF	0.0090052	0.81225	0.41667	8162
pfactor	absolute_ct	lh_PF	0.016955	1.5295	0.12619	8162
pfactor	absolute_ct	lh_PFcm	0.026547	2.3952	0.016632	8162
pfactor	absolute_ct	lh_PFm	0.0054694	0.49332	0.6218	8162
pfactor	absolute_ct	lh_PFop	0.0080492	0.72602	0.46785	8162
pfactor	absolute_ct	lh_PFt	0.0044418	0.40063	0.68871	8162
pfactor	absolute_ct	lh_PGi	0.0037521	0.33842	0.73505	8162
pfactor	absolute_ct	lh_PGp	0.012062	1.088	0.27664	8162
pfactor	absolute_ct	lh_PGs	0.0060395	0.54474	0.58595	8162
pfactor	absolute_ct	lh_PH	0.020182	1.8207	0.068694	8162
pfactor	absolute_ct	lh_PHA1	0.00046048	0.041532	0.96687	8162
pfactor	absolute_ct	lh_PHA2	0.0071402	0.64402	0.51958	8162
pfactor	absolute_ct	lh_PHA3	-0.00060389	-0.054467	0.95656	8162
pfactor	absolute_ct	lh_PHT	0.0067639	0.61008	0.54182	8162
pfactor	absolute_ct	lh_PI	0.0096826	0.87335	0.3825	8162
pfactor	absolute_ct	lh_PIT	-0.0025678	-0.2316	0.81685	8162
pfactor	absolute_ct	lh_POS1	-0.0071654	-0.6463	0.51811	8162
pfactor	absolute_ct	lh_POS2	0.017181	1.5498	0.12122	8162
pfactor	absolute_ct	lh_PSL	0.021732	1.9605	0.049966	8162
pfactor	absolute_ct	lh_PeEc	0.015474	1.3958	0.1628	8162
pfactor	absolute_ct	lh_Pir	0.0069488	0.62676	0.53084	8162
pfactor	absolute_ct	lh_PoI1	0.014734	1.3291	0.18385	8162
pfactor	absolute_ct	lh_PoI2	0.0011001	0.099222	0.92096	8162
pfactor	absolute_ct	lh_PreS	0.012111	1.0924	0.27469	8162
pfactor	absolute_ct	lh_ProS	0.00097849	0.088254	0.92968	8162
pfactor	absolute_ct	lh_RI	0.0097309	0.87771	0.38013	8162
pfactor	absolute_ct	lh_RSC	-0.014737	-1.3293	0.18377	8162
pfactor	absolute_ct	lh_SCEF	0.0072943	0.65792	0.51061	8162
pfactor	absolute_ct	lh_SFL	-0.0029921	-0.26987	0.78727	8162
pfactor	absolute_ct	lh_STGa	0.022728	2.0505	0.04035	8162
pfactor	absolute_ct	lh_STSda	0.013172	1.1881	0.23481	8162
pfactor	absolute_ct	lh_STSdp	0.0074683	0.67362	0.50057	8162
pfactor	absolute_ct	lh_STSva	0.0079632	0.71826	0.47262	8162
pfactor	absolute_ct	lh_STSvp	0.00057943	0.052261	0.95832	8162
pfactor	absolute_ct	lh_STV	0.0059192	0.53389	0.59343	8162
pfactor	absolute_ct	lh_TA2	0.015881	1.4325	0.15203	8162
pfactor	absolute_ct	lh_TE1a	0.010425	0.94033	0.34708	8162
pfactor	absolute_ct	lh_TE1m	-0.00019346	-0.017449	0.98608	8162
pfactor	absolute_ct	lh_TE1p	0.01259	1.1356	0.25615	8162
pfactor	absolute_ct	lh_TE2a	0.0089882	0.81071	0.41755	8162
pfactor	absolute_ct	lh_TE2p	-0.00041387	-0.037329	0.97022	8162
pfactor	absolute_ct	lh_TF	0.025269	2.2799	0.022641	8162
pfactor	absolute_ct	lh_TGd	0.020705	1.8679	0.06181	8162
pfactor	absolute_ct	lh_TGv	0.013232	1.1935	0.2327	8162
pfactor	absolute_ct	lh_TPOJ1	0.007735	0.69767	0.4854	8162
pfactor	absolute_ct	lh_TPOJ2	0.0086326	0.77864	0.43622	8162
pfactor	absolute_ct	lh_TPOJ3	0.011944	1.0774	0.28134	8162
pfactor	absolute_ct	lh_V1	0.002684	0.24209	0.80872	8162
pfactor	absolute_ct	lh_V2	0.0040591	0.36611	0.71429	8162
pfactor	absolute_ct	lh_V3	0.017835	1.6088	0.10769	8162
pfactor	absolute_ct	lh_V3A	0.0065227	0.58832	0.55633	8162
pfactor	absolute_ct	lh_V3B	-0.0064772	-0.58421	0.55909	8162
pfactor	absolute_ct	lh_V3CD	0.0058823	0.53056	0.59574	8162
pfactor	absolute_ct	lh_V4	0.0057342	0.5172	0.60503	8162
pfactor	absolute_ct	lh_V4t	0.0093085	0.83961	0.40115	8162
pfactor	absolute_ct	lh_V6	0.017483	1.5771	0.1148	8162
pfactor	absolute_ct	lh_V6A	0.0089898	0.81086	0.41747	8162
pfactor	absolute_ct	lh_V7	0.011787	1.0632	0.28772	8162
pfactor	absolute_ct	lh_V8	-0.0032517	-0.29329	0.76931	8162
pfactor	absolute_ct	lh_VIP	-0.021449	-1.935	0.05302	8162
pfactor	absolute_ct	lh_VMV1	0.010559	0.95244	0.3409	8162
pfactor	absolute_ct	lh_VMV2	0.0037633	0.33943	0.73429	8162
pfactor	absolute_ct	lh_VMV3	0.013156	1.1867	0.23538	8162
pfactor	absolute_ct	lh_VVC	0.026273	2.3705	0.017788	8162
pfactor	absolute_ct	lh_a10p	0.0024259	0.2188	0.82681	8162
pfactor	absolute_ct	lh_a24	0.016497	1.4881	0.13675	8162
pfactor	absolute_ct	lh_a24pr	0.001278	0.11527	0.90823	8162
pfactor	absolute_ct	lh_a32pr	0.019326	1.7434	0.081301	8162
pfactor	absolute_ct	lh_a47r	-0.0077653	-0.7004	0.4837	8162
pfactor	absolute_ct	lh_a9-46v	0.0056883	0.51306	0.60792	8162
pfactor	absolute_ct	lh_d23ab	-0.011971	-1.0798	0.28025	8162
pfactor	absolute_ct	lh_d32	0.023289	2.1011	0.035664	8162
pfactor	absolute_ct	lh_i6-8	0.0072214	0.65134	0.51484	8162
pfactor	absolute_ct	lh_p10p	0.014483	1.3064	0.19145	8162
pfactor	absolute_ct	lh_p24	0.021505	1.9401	0.052402	8162
pfactor	absolute_ct	lh_p24pr	0.0067555	0.60932	0.54233	8162
pfactor	absolute_ct	lh_p32	-0.0017671	-0.15938	0.87337	8162
pfactor	absolute_ct	lh_p32pr	0.016095	1.4519	0.14657	8162
pfactor	absolute_ct	lh_p47r	0.0076725	0.69204	0.48893	8162
pfactor	absolute_ct	lh_p9-46v	0.0052645	0.47484	0.63492	8162
pfactor	absolute_ct	lh_pOFC	-0.0093885	-0.84683	0.39712	8162
pfactor	absolute_ct	lh_s32	0.0070366	0.63468	0.52566	8162
pfactor	absolute_ct	lh_s6-8	-0.0079425	-0.71639	0.47377	8162
pfactor	absolute_ct	lh_v23ab	0.0004827	0.043537	0.96527	8162
pfactor	relative_ct	lh_1	-0.021691	-1.9567	0.050413	8162
pfactor	relative_ct	lh_10d	0.0084533	0.76242	0.44583	8162
pfactor	relative_ct	lh_10pp	-0.02316	-2.0893	0.036711	8162
pfactor	relative_ct	lh_10r	-0.010724	-0.96725	0.33345	8162
pfactor	relative_ct	lh_10v	0.0010882	0.098142	0.92182	8162
pfactor	relative_ct	lh_11l	-0.027652	-2.4949	0.01262	8162
pfactor	relative_ct	lh_13l	-0.0019394	-0.17491	0.86115	8162
pfactor	relative_ct	lh_2	-0.00029538	-0.02664	0.97875	8162
pfactor	relative_ct	lh_23c	-0.028092	-2.5345	0.011278	8162
pfactor	relative_ct	lh_23d	-0.016032	-1.4461	0.1482	8162
pfactor	relative_ct	lh_24dd	0.0040417	0.36452	0.71548	8162
pfactor	relative_ct	lh_24dv	0.028457	2.5676	0.010259	8162
pfactor	relative_ct	lh_25	-0.0098152	-0.88527	0.37604	8162
pfactor	relative_ct	lh_31a	-0.029217	-2.6362	0.0083998	8162
pfactor	relative_ct	lh_31pd	-0.031086	-2.805	0.0050435	8162
pfactor	relative_ct	lh_31pv	-0.018087	-1.6315	0.10282	8162
pfactor	relative_ct	lh_33pr	0.0057728	0.52065	0.60262	8162
pfactor	relative_ct	lh_3a	-0.011043	-0.99599	0.31928	8162
pfactor	relative_ct	lh_3b	-0.025324	-2.2847	0.022355	8162
pfactor	relative_ct	lh_4	0.0082244	0.74178	0.45824	8162
pfactor	relative_ct	lh_43	-0.00012432	-0.011212	0.99105	8162
pfactor	relative_ct	lh_44	-0.0011582	-0.10446	0.91681	8162
pfactor	relative_ct	lh_45	0.017229	1.5541	0.1202	8162
pfactor	relative_ct	lh_46	-0.01233	-1.1121	0.26614	8162
pfactor	relative_ct	lh_47l	-0.015622	-1.4091	0.15884	8162
pfactor	relative_ct	lh_47m	-0.0073063	-0.65897	0.50994	8162
pfactor	relative_ct	lh_47s	0.0020512	0.185	0.85324	8162
pfactor	relative_ct	lh_52	0.018127	1.6351	0.10207	8162
pfactor	relative_ct	lh_55b	0.00801	0.72243	0.47005	8162
pfactor	relative_ct	lh_5L	-0.036054	-3.2538	0.0011433	8162
pfactor	relative_ct	lh_5m	-0.011647	-1.0505	0.29353	8162
pfactor	relative_ct	lh_5mv	-0.0057127	-0.51523	0.60641	8162
pfactor	relative_ct	lh_6a	-0.0019553	-0.17634	0.86003	8162
pfactor	relative_ct	lh_6d	-0.009092	-0.82003	0.41222	8162
pfactor	relative_ct	lh_6ma	-0.013576	-1.2245	0.22081	8162
pfactor	relative_ct	lh_6mp	-0.0013424	-0.12107	0.90364	8162
pfactor	relative_ct	lh_6r	0.0021842	0.19699	0.84384	8162
pfactor	relative_ct	lh_6v	0.010694	0.96449	0.33483	8162
pfactor	relative_ct	lh_7AL	-0.03329	-3.0041	0.0026721	8162
pfactor	relative_ct	lh_7Am	-0.032316	-2.9161	0.003554	8162
pfactor	relative_ct	lh_7PC	-0.026766	-2.4149	0.015761	8162
pfactor	relative_ct	lh_7PL	-0.025875	-2.3344	0.019599	8162
pfactor	relative_ct	lh_7Pm	-0.013959	-1.259	0.20805	8162
pfactor	relative_ct	lh_7m	-0.0058102	-0.52403	0.60027	8162
pfactor	relative_ct	lh_8Ad	-0.0075433	-0.68034	0.49631	8162
pfactor	relative_ct	lh_8Av	-0.020534	-1.8524	0.064009	8162
pfactor	relative_ct	lh_8BL	-0.005977	-0.53907	0.58985	8162
pfactor	relative_ct	lh_8BM	0.0081496	0.73502	0.46235	8162
pfactor	relative_ct	lh_8C	0.010889	0.98216	0.32605	8162
pfactor	relative_ct	lh_9-46d	-0.018637	-1.6811	0.092781	8162
pfactor	relative_ct	lh_9a	-0.01872	-1.6886	0.091326	8162
pfactor	relative_ct	lh_9m	-0.0019932	-0.17976	0.85734	8162
pfactor	relative_ct	lh_9p	-0.0082964	-0.74827	0.45432	8162
pfactor	relative_ct	lh_A1	0.0036765	0.33158	0.74022	8162
pfactor	relative_ct	lh_A4	-0.0040335	-0.36378	0.71603	8162
pfactor	relative_ct	lh_A5	0.010253	0.92473	0.35513	8162
pfactor	relative_ct	lh_AAIC	-0.019002	-1.7141	0.086546	8162
pfactor	relative_ct	lh_AIP	-0.020899	-1.8853	0.059428	8162
pfactor	relative_ct	lh_AVI	0.0096331	0.86884	0.38496	8162
pfactor	relative_ct	lh_DVT	0.001923	0.17343	0.86231	8162
pfactor	relative_ct	lh_EC	-0.005033	-0.45393	0.64989	8162
pfactor	relative_ct	lh_FEF	0.0092673	0.83584	0.40327	8162
pfactor	relative_ct	lh_FFC	0.0099273	0.89538	0.37061	8162
pfactor	relative_ct	lh_FOP1	0.0084977	0.76643	0.44344	8162
pfactor	relative_ct	lh_FOP2	0.013459	1.214	0.22478	8162
pfactor	relative_ct	lh_FOP3	0.0114	1.0282	0.30387	8162
pfactor	relative_ct	lh_FOP4	-0.0027042	-0.24389	0.80732	8162
pfactor	relative_ct	lh_FOP5	0.012703	1.1458	0.25191	8162
pfactor	relative_ct	lh_FST	-0.01515	-1.3665	0.17181	8162
pfactor	relative_ct	lh_IFJa	0.013018	1.1742	0.24036	8162
pfactor	relative_ct	lh_IFJp	-0.0037923	-0.34202	0.73234	8162
pfactor	relative_ct	lh_IFSa	-0.0090564	-0.81682	0.41406	8162
pfactor	relative_ct	lh_IFSp	0.013768	1.2418	0.21433	8162
pfactor	relative_ct	lh_IP0	-0.0092529	-0.83454	0.404	8162
pfactor	relative_ct	lh_IP1	-0.021798	-1.9664	0.049289	8162
pfactor	relative_ct	lh_IP2	-0.012686	-1.1442	0.25257	8162
pfactor	relative_ct	lh_IPS1	-0.0021064	-0.18997	0.84934	8162
pfactor	relative_ct	lh_Ig	-0.011527	-1.0397	0.29853	8162
pfactor	relative_ct	lh_LBelt	-0.0059596	-0.5375	0.59094	8162
pfactor	relative_ct	lh_LIPd	-0.014704	-1.3262	0.1848	8162
pfactor	relative_ct	lh_LIPv	-0.033955	-3.0641	0.0021902	8162
pfactor	relative_ct	lh_LO1	0.0020252	0.18265	0.85507	8162
pfactor	relative_ct	lh_LO2	-0.0024585	-0.22173	0.82453	8162
pfactor	relative_ct	lh_LO3	0.005567	0.50209	0.61562	8162
pfactor	relative_ct	lh_MBelt	0.0024962	0.22513	0.82188	8162
pfactor	relative_ct	lh_MI	-0.00088248	-0.07959	0.93657	8162
pfactor	relative_ct	lh_MIP	-0.010327	-0.93145	0.35165	8162
pfactor	relative_ct	lh_MST	0.005534	0.49911	0.61771	8162
pfactor	relative_ct	lh_MT	0.0020042	0.18076	0.85656	8162
pfactor	relative_ct	lh_OFC	-0.026969	-2.4332	0.014988	8162
pfactor	relative_ct	lh_OP1	-0.016326	-1.4726	0.14089	8162
pfactor	relative_ct	lh_OP2-3	-0.0021399	-0.19299	0.84697	8162
pfactor	relative_ct	lh_OP4	-0.0056649	-0.51092	0.60942	8162
pfactor	relative_ct	lh_PBelt	-0.0073465	-0.66259	0.50761	8162
pfactor	relative_ct	lh_PCV	-0.022232	-2.0056	0.044934	8162
pfactor	relative_ct	lh_PEF	0.0027626	0.24916	0.80324	8162
pfactor	relative_ct	lh_PF	0.010754	0.96996	0.3321	8162
pfactor	relative_ct	lh_PFcm	0.020613	1.8594	0.063003	8162
pfactor	relative_ct	lh_PFm	-0.004296	-0.38745	0.69843	8162
pfactor	relative_ct	lh_PFop	0.0015511	0.1399	0.88875	8162
pfactor	relative_ct	lh_PFt	-0.0026378	-0.2379	0.81196	8162
pfactor	relative_ct	lh_PGi	-0.0085789	-0.77375	0.4391	8162
pfactor	relative_ct	lh_PGp	0.0054571	0.49218	0.62261	8162
pfactor	relative_ct	lh_PGs	-0.0030353	-0.27375	0.78429	8162
pfactor	relative_ct	lh_PH	0.015792	1.4244	0.15436	8162
pfactor	relative_ct	lh_PHA1	-0.0034567	-0.31176	0.75523	8162
pfactor	relative_ct	lh_PHA2	0.0025123	0.22658	0.82075	8162
pfactor	relative_ct	lh_PHA3	-0.0065295	-0.5889	0.55594	8162
pfactor	relative_ct	lh_PHT	-0.0023749	-0.21419	0.8304	8162
pfactor	relative_ct	lh_PI	0.0044437	0.40078	0.68859	8162
pfactor	relative_ct	lh_PIT	-0.010886	-0.98188	0.32619	8162
pfactor	relative_ct	lh_POS1	-0.014124	-1.274	0.20271	8162
pfactor	relative_ct	lh_POS2	0.0047166	0.42538	0.67057	8162
pfactor	relative_ct	lh_PSL	0.015898	1.434	0.15162	8162
pfactor	relative_ct	lh_PeEc	0.012252	1.1051	0.26917	8162
pfactor	relative_ct	lh_Pir	0.0062117	0.56023	0.57533	8162
pfactor	relative_ct	lh_PoI1	0.012068	1.0885	0.27642	8162
pfactor	relative_ct	lh_PoI2	0.00097073	0.087549	0.93024	8162
pfactor	relative_ct	lh_PreS	0.011921	1.0752	0.28233	8162
pfactor	relative_ct	lh_ProS	-0.0029802	-0.26879	0.7881	8162
pfactor	relative_ct	lh_RI	0.001142	0.103	0.91797	8162
pfactor	relative_ct	lh_RSC	-0.018125	-1.6349	0.10211	8162
pfactor	relative_ct	lh_SCEF	-0.0019575	-0.17655	0.85987	8162
pfactor	relative_ct	lh_SFL	-0.0080384	-0.725	0.46847	8162
pfactor	relative_ct	lh_STGa	0.017493	1.5779	0.11463	8162
pfactor	relative_ct	lh_STSda	0.0044727	0.40339	0.68667	8162
pfactor	relative_ct	lh_STSdp	-0.003217	-0.29014	0.77172	8162
pfactor	relative_ct	lh_STSva	0.0030584	0.27583	0.78268	8162
pfactor	relative_ct	lh_STSvp	-0.0079955	-0.72113	0.47085	8162
pfactor	relative_ct	lh_STV	-0.0016528	-0.14907	0.8815	8162
pfactor	relative_ct	lh_TA2	0.01187	1.0706	0.28438	8162
pfactor	relative_ct	lh_TE1a	0.0061892	0.5582	0.57672	8162
pfactor	relative_ct	lh_TE1m	-0.0057396	-0.51766	0.60471	8162
pfactor	relative_ct	lh_TE1p	0.0056852	0.51275	0.60814	8162
pfactor	relative_ct	lh_TE2a	0.0010781	0.09723	0.92255	8162
pfactor	relative_ct	lh_TE2p	-0.0079085	-0.71328	0.47569	8162
pfactor	relative_ct	lh_TF	0.017049	1.5378	0.12413	8162
pfactor	relative_ct	lh_TGd	0.016056	1.4483	0.14757	8162
pfactor	relative_ct	lh_TGv	0.0088497	0.79818	0.42479	8162
pfactor	relative_ct	lh_TPOJ1	-0.0029082	-0.26229	0.7931	8162
pfactor	relative_ct	lh_TPOJ2	-0.0029048	-0.26198	0.79335	8162
pfactor	relative_ct	lh_TPOJ3	0.0030129	0.27173	0.78583	8162
pfactor	relative_ct	lh_V1	-0.00015401	-0.01389	0.98892	8162
pfactor	relative_ct	lh_V2	-0.0021855	-0.1971	0.84375	8162
pfactor	relative_ct	lh_V3	0.015076	1.3598	0.17393	8162
pfactor	relative_ct	lh_V3A	-0.00057519	-0.051876	0.95863	8162
pfactor	relative_ct	lh_V3B	-0.013434	-1.2117	0.22565	8162
pfactor	relative_ct	lh_V3CD	0.0013243	0.11944	0.90493	8162
pfactor	relative_ct	lh_V4	0.0017944	0.16183	0.87144	8162
pfactor	relative_ct	lh_V4t	0.00069783	0.062936	0.94982	8162
pfactor	relative_ct	lh_V6	0.0103	0.929	0.35292	8162
pfactor	relative_ct	lh_V6A	0.0024482	0.2208	0.82526	8162
pfactor	relative_ct	lh_V7	0.007763	0.70015	0.48385	8162
pfactor	relative_ct	lh_V8	-0.014483	-1.3064	0.19146	8162
pfactor	relative_ct	lh_VIP	-0.032447	-2.9279	0.0034226	8162
pfactor	relative_ct	lh_VMV1	0.0067723	0.6108	0.54135	8162
pfactor	relative_ct	lh_VMV2	-0.004011	-0.36175	0.71755	8162
pfactor	relative_ct	lh_VMV3	0.0072662	0.65535	0.51226	8162
pfactor	relative_ct	lh_VVC	0.021651	1.9532	0.050834	8162
pfactor	relative_ct	lh_a10p	-0.0024625	-0.22209	0.82425	8162
pfactor	relative_ct	lh_a24	0.012875	1.1613	0.24557	8162
pfactor	relative_ct	lh_a24pr	-0.0041912	-0.378	0.70544	8162
pfactor	relative_ct	lh_a32pr	0.012553	1.1323	0.25756	8162
pfactor	relative_ct	lh_a47r	-0.017745	-1.6007	0.10949	8162
pfactor	relative_ct	lh_a9-46v	-0.0027447	-0.24754	0.8045	8162
pfactor	relative_ct	lh_d23ab	-0.017206	-1.552	0.12069	8162
pfactor	relative_ct	lh_d32	0.015491	1.3973	0.16237	8162
pfactor	relative_ct	lh_i6-8	0.00025015	0.022561	0.982	8162
pfactor	relative_ct	lh_p10p	0.0085101	0.76754	0.44278	8162
pfactor	relative_ct	lh_p24	0.016429	1.4819	0.1384	8162
pfactor	relative_ct	lh_p24pr	0.0013577	0.12245	0.90255	8162
pfactor	relative_ct	lh_p32	-0.0096152	-0.86722	0.38584	8162
pfactor	relative_ct	lh_p32pr	0.0077726	0.70102	0.48331	8162
pfactor	relative_ct	lh_p47r	0.00093285	0.084132	0.93295	8162
pfactor	relative_ct	lh_p9-46v	-0.0033388	-0.30112	0.76333	8162
pfactor	relative_ct	lh_pOFC	-0.01043	-0.94075	0.34686	8162
pfactor	relative_ct	lh_s32	0.0025709	0.23187	0.81665	8162
pfactor	relative_ct	lh_s6-8	-0.014523	-1.31	0.19024	8162
pfactor	relative_ct	lh_v23ab	-0.0038285	-0.34529	0.72989	8162
