gene	dCT + CT|DK	dCT alone|DK	CT + dCT + T1T2 + dT1T2|DK	dCT + CT|HCP	dCT alone|HCP
A1BG	0.916462	-1.4192	-0.605835	-0.8197	-1.47924
A1BG-AS1	4.04661	2.52528	3.27235	2.41419	0.95175
AAAS	1.41751	3.05159	1.72257	0.754201	1.37277
AACS	3.39377	2.98574	4.18988		
AAED1	0.146146	-1.47846	0.446831	-0.461101	-1.10387
AAGAB	6.40047	4.16944	8.82798	3.58288	2.83396
AAK1	-0.0589938	1.47384	1.19872	0.417945	1.30047
AAMDC	-4.39352	-4.84906	-4.53644		
AAR2	-0.44934	0.497795	0.194859		
AARD	2.93102	3.61971	3.78675	3.40598	4.11064
AARS	1.66518	2.21919	2.21687	0.973935	1.26574
AARS2	-2.72679	-2.16329	-2.78583		
AASDH	-3.69888	-1.91068	-3.33825	-1.59534	-0.635714
AASDHPPT	1.53728	1.36409	0.649089		
AASS	-2.86884	-3.54877	-1.88943		
AATBC	2.66827	3.19317	2.58288		
AATF	0.420843	0.141499	0.616345	-2.85165	-2.81184
ABCA1	-2.90169	-3.33965	-4.99106	-0.367998	-0.571097
ABCA2	0.317658	0.595976	0.411078		
ABCA5	-1.18978	0.696098	-1.56614	0.767865	1.59808
ABCA6	-2.48847	0.279907	-1.24816	-3.90377	-1.21719
ABCA7	-0.390691	0.915033	-0.0520477	-2.17242	-1.27665
ABCA9	-3.51702	-0.751442	-2.44782	-1.28286	-0.0284421
ABCB1	-0.945452	-0.0102083	-1.54046		
ABCB10	-0.658092	1.12806	-0.576915	1.47827	2.03541
ABCB6	3.59711	1.68066	3.38443	0.779341	-0.259735
ABCB7	-2.86435	0.37014	-1.65055	-1.31545	0.134464
ABCB8	0.180534	-0.330823	-0.643596		
ABCB9	-0.357146	1.15849	-0.0170104		
ABCC1	-3.03652	0.338876	-3.86606	0.301943	1.0068
ABCC12	7.07086	3.81443	6.13428	3.11554	2.3638
ABCC4	-0.0673012	-1.24284	0.370818	-1.02735	-1.53848
ABCC5	1.94697	2.43376	1.8408	1.85793	2.71356
ABCC6	1.01739	-1.18144	-0.0645615	0.788344	-0.0666227
ABCC8	2.54756	2.69598	3.27914	3.06829	3.30649
ABCC9	-0.708227	-0.954102	0.643856	0.416223	0.427271
ABCD2	-5.80136	-0.42441	-4.50188	-2.17245	-1.08677
ABCD4				0.703838	1.26446
ABCF2	2.90468	3.41944	3.80266		
ABCG1	-1.99718	-1.17462	-4.15888	-0.749378	-0.343629
ABCG2	-4.0221	-1.74463	-4.1736	-3.12728	-2.29095
ABCG4	0.383847	1.63803	1.55788	-0.901857	-0.0473458
ABCG5	2.9735	2.37379	3.85035	2.14875	1.40593
ABHD1	-0.782198	-2.01868	-0.676279	0.429157	-0.142129
ABHD10	-0.429794	0.793334	0.188325		
ABHD11	0.663293	2.10658	1.34678	1.42753	2.53227
ABHD12	-1.372	-0.132637	-2.64723	-3.43338	-1.9369
ABHD12B	3.62778	2.73718	7.30635	2.50622	2.14748
ABHD13	0.916684	2.32719	1.85629	3.60071	4.21216
ABHD14A	3.14667	3.83039	2.56674		
ABHD15	-1.33687	-2.3603	-2.08856		
ABHD17A	-3.58619	0.243006	-2.53323	-0.708999	0.519334
ABHD17B	-3.96705	-0.193516	-2.56281	-3.93978	-1.50945
ABHD17C	1.0213	-0.312759	0.574584	2.41619	1.14771
ABHD2	0.802304	-1.03962	0.566973		
ABHD3	-3.07665	-1.09264	-2.03875	-0.927038	-0.175877
ABHD4	-6.22955	-5.8405	-4.24563		
ABHD5	-5.24185	-1.44058	-3.14855		
ABHD6	-1.0601	0.352821	-0.802952	-3.91075	-2.20704
ABHD8	5.00559	5.3249	4.12489		
ABI1	2.04328	-0.763488	0.174325	2.30535	0.506792
ABI2	1.03769	-0.607473	-0.0721022	0.677106	0.0564736
ABI3	-2.24155	-2.96721	-2.59146		
ABL2	3.26472	4.68788	4.04278	2.89933	3.39967
ABLIM1				0.44728	0.722951
ABLIM2	1.04579	-1.0787	-0.991241	0.76099	-0.515092
ABLIM3	4.12042	-0.0780102	4.35697	4.01508	1.3015
ABR	-1.07951	-1.62209	-1.96972	0.567683	0.168781
ABRACL	1.78125	3.44125	1.06705	1.29841	1.8938
ABRAXAS2	3.7769	2.59006	3.88212		
ABTB1	3.3215	4.29901	6.3086	3.83996	4.00017
ABTB2	-5.15341	-1.08267	-6.50188	-8.11101	-3.62359
ACAA1	-1.16552	-2.03155	-1.36683		
ACAA2	-1.17792	-2.10825	-1.0081		
ACACA	0.520657	0.576473	0.251182		
ACADL	1.21385	-0.829404	2.06976	1.07686	0.0781359
ACADM	-2.41838	-0.441764	-2.23146		
ACADS	1.35175	-0.243231	1.07728	2.5693	1.96858
ACADSB	-0.254562	1.42459	0.92714	0.926053	1.94319
ACADVL	0.0864878	-2.11292	0.623554		
ACAN	-2.02379	0.229682	-5.83398	-6.64969	-2.14817
ACAP2	-0.875275	0.704473	-0.202731		
ACAP3	-0.640976	-1.09461	-1.81216	0.71961	0.482519
ACAT2	2.11348	0.630501	2.16363	-0.99408	-2.28689
ACBD5	-7.23123	-2.49525	-6.87326		
ACBD7	-1.65351	-2.35537	-1.73742		
ACCS	-1.44757	-2.30538	-1.48997		
ACD	1.28334	1.65491	0.934991		
ACE	2.68517	3.32995	5.22019		
ACER3	0.301381	1.38994	0.505397	0.0328713	0.52178
ACHE	1.72058	1.47985	3.65186	-0.124096	-0.309874
ACKR1	0.11682	-0.562919	-1.44913	-1.52372	-2.18805
ACKR3	1.67393	-0.646428	2.18577	3.5907	1.76316
ACKR4	-2.69378	-1.27754	-1.68078		
ACO1	-2.89974	-2.59108	-2.7173	-2.14649	-2.24727
ACO2	-0.849583	-2.03377	-0.737829	-0.577748	-1.0441
ACOT13	-0.975472	-1.90435	-2.65961	-2.46009	-3.27025
ACOT2	1.18186	-1.25546	1.31371	2.4343	0.224789
ACOT7	-1.74104	-0.991557	-1.79941		
ACOT8	1.98613	-0.762606	1.05583	-0.130266	-1.19753
ACOX2	-0.575347	-1.64676	-0.397759	2.19974	1.51037
ACOX3	3.40287	0.895706	4.11267	3.48584	1.49291
ACP1	-0.139824	-1.76041	-1.37614	-0.217799	-1.03233
ACPP	-1.00165	-1.54371	-0.516676		
ACR	0.973957	0.741256	0.0381095		
ACSBG1	-2.95394	-3.5934	-2.5875		
ACSF2	-0.604499	-1.77158	-0.801824	0.0193012	-0.732926
ACSF3	2.76713	3.15602	3.17048	0.767893	1.45797
ACSL1	1.12749	1.60998	1.31002	-0.844163	-0.520565
ACSL3	3.11338	3.67068	3.00402	3.94337	4.26054
ACSL4	3.50186	0.803731	3.19037	3.89834	1.33804
ACSL6	-2.8841	0.127202	-4.59271	-3.0262	-0.781172
ACSS2	0.637626	1.46724	0.870328	-0.138805	0.352756
ACSS3	-0.149961	-1.29639	-0.0871907	1.30821	0.950861
ACTA1	3.4296	2.36208	4.67083	1.56349	0.717101
ACTA2	-0.832247	-2.18283	-0.428555		
ACTB	-0.60097	-2.1979	-0.181954	1.30163	-0.10996
ACTC1	4.09829	1.7006	4.79517	2.93	1.62382
ACTG1	5.08508	-0.407611	3.3117	-0.00901492	-0.99232
ACTG1P4	-1.26272	-2.43095	-0.773913	-1.99406	-2.29905
ACTL6A	-2.96862	-2.84626	-2.01068	-2.76655	-2.63568
ACTL6B	1.94506	2.45321	1.33591		
ACTL8	-1.56404	-0.688791	-1.93678		
ACTN1	2.11297	1.71643	1.22646	1.31543	0.763549
ACTN2	5.66634	4.22185	7.4675	3.96528	3.67641
ACTN3	1.84814	1.76258	2.14706		
ACTN4	1.50739	2.36962	1.40269	0.216745	1.00415
ACTR10	2.59875	-0.717454	1.688	0.297375	-0.977221
ACTR1A	2.7781	0.243753	2.94444	-0.27751	-1.47992
ACTR1B	0.398628	1.84422	-0.285835	0.404928	1.26925
ACTR3	-0.755522	-2.00041	-1.6648	-3.25503	-3.63666
ACTR3B	2.965	-0.158711	2.55563	1.09838	-0.486426
ACTR3C	-2.55829	-3.69878	-2.97877	-5.29568	-6.22176
ACTR5	0.377699	1.32737	0.835002	2.6135	2.99865
ACTR6	0.763704	1.1115	0.15891		
ACVR1	-4.3978	-0.783541	-3.23369	-5.65793	-3.70835
ACVR1C	-1.06998	1.00826	-0.739478	-0.55638	0.619448
ACVR2A	0.292244	-0.684179	-0.22098	2.00484	1.11336
ACVR2B	1.47998	-0.198106	1.27823	1.52655	0.584254
ACVRL1	-0.0463844	0.907251	0.645838	0.0746037	0.346706
ACY3	-1.60673	-2.35081	-2.25676	-1.43925	-1.72314
ACYP2	-1.52932	0.166655	-3.12884	-2.56955	-1.1349
ADAD2	-0.878031	-1.27274	-0.393894	-2.29963	-2.47117
ADAL	-1.61034	-0.506446	-0.822155	-2.38238	-1.68626
ADAM11	3.3586	4.04773	4.34061		
ADAM15	-6.48233	-2.19542	-5.30367	-3.0538	-1.61401
ADAM17	1.8443	2.14322	1.73447	1.35501	1.63137
ADAM19	-3.33416	-2.68111	-3.06655		
ADAM20	1.04095	2.376	1.92426		
ADAM20P1	3.58234	4.1002	3.52493	7.16977	7.57208
ADAM22	1.45928	2.30563	2.30418	-0.0563425	0.713361
ADAM23	0.0602008	1.39049	0.320906	-1.33303	-0.072155
ADAM28	-2.51774	-3.05933	-2.97074	-3.56713	-3.81897
ADAM32	1.14472	2.06697	0.469564		
ADAM33	-0.657777	0.935141	0.576157		
ADAM8	2.18916	2.74738	2.83756	1.22817	2.03656
ADAM9	-1.14211	1.28193	-0.353635	0.441346	1.46067
ADAMDEC1	-3.13581	-1.18568	-2.4271		
ADAMTS13	-0.0299611	1.71816	-0.0943766	0.402618	1.26952
ADAMTS19	3.9398	0.841412	6.46705	3.77329	2.13248
ADAMTS2	0.937357	1.28196	2.13858	1.00836	1.06866
ADAMTS3	6.10632	1.46362	5.27242	5.3485	2.54306
ADAMTS4	-0.333812	0.3536	-0.0255605	-3.10421	-2.40349
ADAMTS5	0.0503928	1.75424	-0.573758	-0.654841	0.495694
ADAMTS8	4.43506	0.620529	2.93411	-0.0337635	-0.720139
ADAMTS9	-1.4373	-2.97793	-0.734189	-1.14315	-1.94427
ADAMTSL1	-2.23633	-1.16817	-1.87103	-0.445102	0.135468
ADAMTSL2	1.15093	0.496809	2.22677	-0.236013	-0.937494
ADAMTSL3	-0.107833	-0.62541	0.668436	-2.90082	-3.45671
ADAP1	-0.582879	-1.31613	-0.58549		
ADAP2	-2.72305	-2.79936	-3.80002	-3.90927	-3.64456
ADAR	6.63011	2.26025	4.83252		
ADARB1	-0.30807	1.40839	0.573345		
ADARB2-AS1	-0.907432	-0.570456	-0.361813	-1.8723	-1.61163
ADAT2	2.20049	2.91716	2.50633		
ADCK2	4.16438	2.51348	3.01871		
ADCY1	-0.649706	0.599952	-0.509782	-0.689071	-0.0768564
ADCY2	4.50082	2.49252	3.79136	2.3488	0.870657
ADCY3	0.110041	1.49742	0.624165	0.0837198	0.846641
ADCY4	-0.333849	0.412028	0.35765	-0.591347	-0.260394
ADCY7	4.76602	0.893592	3.54638	2.08809	0.705554
ADCY8	-4.81406	-2.99178	-4.21309	-2.52386	-2.30124
ADCY9	-1.38856	0.678303	-2.21377	-2.43386	-0.676507
ADCYAP1	5.90613	3.89954	5.61014	6.08753	5.34711
ADCYAP1R1	-1.56347	-2.13985	-1.16571	0.713424	0.431427
ADD1	-1.92654	0.878379	-1.32182	-0.634152	0.385633
ADD3	-2.04527	-2.6431	-2.33671		
ADGRA1	1.28364	2.50114	1.91142	1.85912	2.58915
ADGRA2	2.09457	2.67905	2.09328	1.98228	2.35153
ADGRA3	-0.869726	-1.83277	-0.0419818	1.57975	0.853243
ADGRB2	2.75265	1.89826	2.22168		
ADGRB3	3.08422	0.352363	2.45468	4.2335	1.5187
ADGRD1	1.9904	2.24456	1.58491		
ADGRE5	0.681454	1.19556	0.960977	-0.728994	-0.578158
ADGRF5	5.26026	3.14598	4.65361	2.85314	1.982
ADGRG1	-0.567254	-1.77559	-0.68853	2.27383	0.649315
ADGRG5	-4.4195	-3.44096	-2.49735		
ADGRG6	-0.275562	-1.13701	0.350665	0.234875	0.131125
ADGRL2	0.613047	1.5404	0.270252	0.398539	1.12656
ADGRL3	1.86204	-1.07585	0.396123	1.32031	0.0742514
ADGRL4	-1.35758	0.289226	-2.02784	-0.798877	-0.200861
ADGRV1	-0.91683	-2.03522	-1.30305	1.07394	0.0944544
ADH5	0.786264	-0.922687	0.515989	2.68135	1.33811
ADHFE1	-1.11006	-1.93213	-0.714483		
ADI1	-2.79213	-3.10061	-3.35265	-0.885278	-1.44424
ADIPOR1	-0.729052	-2.22183	-2.17864	-1.45147	-2.01404
ADIRF	-2.31471	-2.8752	-3.44898	-0.365869	-1.08397
ADK	-1.01261	-2.3824	-3.08704	-2.08683	-3.03163
ADM	-4.72203	-1.65663	-5.16814	-5.75496	-3.37139
ADM5	1.42098	-0.818419	0.463213	0.602772	-0.371183
ADNP	3.42615	2.49921	3.59913	4.21498	3.18649
ADNP-AS1	-1.79252	-2.05993	-3.9924		
ADNP2	2.85999	4.06638	3.46231	2.3935	3.23499
ADO	1.99746	2.77565	2.02485	0.230428	0.911514
ADORA1	1.12881	1.56508	1.1601		
ADORA2B	-0.224735	-1.18339	0.735462	2.19629	1.45087
ADPRHL1	3.20464	4.02794	5.79655	2.92705	3.31106
ADPRHL2	2.62707	1.31154	2.29036	-0.37532	-0.86898
ADRA1A	-0.0695695	0.147605	1.76951	0.466349	0.5621
ADRA1B	2.90619	1.17427	2.84945	0.445402	-0.837716
ADRA1D	3.15918	3.05814	6.32797	0.832051	0.90673
ADRA2A	0.0481152	1.19732	-0.0174649	1.08309	1.33653
ADRA2C	3.09476	-0.507387	2.25714	-0.342228	-1.51257
ADRB1	2.16346	3.31495	1.95735	1.85731	2.62989
ADRB2	-1.24825	-2.0806	-1.36517	-0.813428	-1.5567
ADSL	0.640176	-1.54165	0.10667		
ADSSL1	-1.03937	0.833583	0.067801	-1.97242	-0.798309
ADTRP	5.46266	1.6415	5.1008	3.46267	1.70942
AEBP1	0.618424	0.372984	2.41652	2.5333	2.53059
AEBP2	0.864054	2.5879	1.17992	2.96597	4.23393
AEN	1.82704	-0.376796	0.246057		
AES	0.850398	0.885877	0.255746		
AFAP1L1	2.19608	2.69	2.83162	0.916373	1.24394
AFAP1L2	2.7976	3.53004	2.39239	1.93995	2.21796
AFDN	-0.859705	-1.6949	0.417137	-0.641106	-1.07003
AFDN-DT	-1.41279	-0.828331	-0.183396	-4.70203	-5.0903
AFF1	-2.33431	0.0601741	-1.46871	-1.92104	-0.776221
AFF2	-1.73518	-2.59439	-2.43051	-1.65519	-2.02512
AFF4	-0.236761	-0.0302042	1.15554		
AFG1L	0.61526	1.28683	-0.0510814		
AFG3L1P	-1.30811	0.377493	-0.901704		
AFG3L2	0.505071	1.40431	0.802978		
AFTPH	1.85386	2.56814	2.06088	2.03731	2.5665
AGA	-0.353109	-1.73643	0.212441	-3.2346	-3.78002
AGAP1	-0.288387	-1.29337	-1.00686	0.153825	0.215785
AGAP11	-1.13796	0.492812	-0.971065		
AGAP2	0.551591	-1.01319	0.551988	2.00167	0.656977
AGAP3	-1.24602	-2.23503	-2.08313	-0.460379	-1.2126
AGAP5	-1.12402	0.618757	-0.222004		
AGBL3	2.15637	3.07709	2.14682		
AGBL4	11.3523	5.0012	10.3191		
AGBL5	2.54266	-0.0175774	0.880192		
AGER	-1.68176	-1.14965	-0.802961		
AGFG2	-0.805642	-1.59657	-0.461363	-1.4944	-1.87699
AGK	1.09639	1.5148	0.702281	0.166085	0.467541
AGL	-2.39869	-0.703961	-1.47498		
AGMAT	1.42238	0.836854	3.22459	-1.1273	-1.74495
AGO1	-0.0700596	2.04502	0.410177	2.48686	2.23125
AGO2	-0.949699	0.558878	-0.165699		
AGO3	-2.54551	0.368724	-1.19823	-0.889209	0.123411
AGO4	0.071531	1.441	2.06753	2.41132	3.52664
AGPAT1	0.647019	0.268863	1.00155		
AGPAT2	8.05175	1.84698	6.17006	5.6148	3.01577
AGPAT3	-0.0951947	1.02676	-0.73713	-1.9753	-1.09569
AGPAT5	-2.83415	-2.89909	-2.04382		
AGPS	3.38282	3.82012	3.62971		
AGTPBP1	2.1322	0.933551	2.45306		
AHCY	0.833836	-0.857427	-0.141665	-3.11104	-3.41763
AHCYL1	-1.83692	-1.57107	-1.00093		
AHI1	-1.19573	1.41132	-2.15616	0.758718	1.80162
AHNAK	-0.641443	-1.78394	-0.664355	0.652693	-0.203725
AHNAK2	1.97605	1.56096	3.88999	0.313283	-0.138804
AHR	1.07601	0.286892	0.990296	1.17275	0.731227
AHRR	3.25501	-0.130401	3.31568	3.91472	1.2242
AHSA1	-0.874471	-0.264444	-2.53193		
AHSG	4.57495	3.35362	3.85672	2.59671	1.95963
AIF1	-1.48249	-2.30291	-2.57906	-3.09993	-3.19945
AIFM2	4.86081	0.321701	3.52043	4.77965	2.58249
AIFM3	-3.66962	-1.2479	-3.51931	-0.925157	0.165286
AIG1	4.28267	3.0137	4.28035	4.27439	3.48384
AIM2	-3.31795	-1.93292	-3.18588	-1.95171	-2.09976
AIP	0.821012	2.03755	-0.0360636	0.395768	1.03649
AIRE	0.906277	0.848831	2.90291	0.0715393	-0.0317293
AJAP1	2.29818	2.23502	4.71583	3.89695	2.89344
AK1	-0.651922	0.288413	-0.967115	-0.850974	-0.420703
AK2	-1.43874	-0.296839	-2.55779	-2.76042	-1.34719
AK3	-1.97622	-2.69654	-2.20497		
AK4	0.358265	-1.52354	0.452384	1.75818	0.369954
AK5	3.35729	0.349927	1.99944	0.861659	-0.173758
AK6	-0.483544	-1.58316	-1.39148		
AK8	-2.71169	-3.38648	-3.93976		
AK9	0.715317	1.92244	1.05161	1.37434	1.81337
AKAIN1	0.315202	1.48365	0.394898	-2.26454	-0.98224
AKAP1	-1.31948	0.32782	-1.9448	-0.151832	0.444629
AKAP10	2.08126	2.80097	1.71895	2.14583	2.84308
AKAP11	4.2003	2.47464	4.81227		
AKAP12	1.31084	1.68571	4.71903	0.477425	0.641656
AKAP13	-0.249752	0.138229	-0.113378	0.863215	1.23699
AKAP14	-2.43266	-3.14625	-6.81141	-3.42154	-3.3798
AKAP17A	-0.388733	1.04506	0.407811	0.702668	1.17869
AKAP5	0.931411	-0.847591	-0.286051	0.597905	-0.289353
AKAP6	2.19961	2.6365	3.4005		
AKAP7	-2.2122	-1.27302	-3.66273	-0.0881751	0.591689
AKAP8	3.66271	1.46157	4.44551	0.815352	-0.199531
AKAP9	2.9835	3.6765	2.96447		
AKIRIN1	-0.412573	-1.99124	-1.5187		
AKIRIN2	3.59094	-0.448341	2.50867	0.882479	-0.529419
AKR1B1	-0.0815586	-0.610573	-1.36714		
AKR1C1	-0.922104	-1.95579	-1.7924	-3.06788	-3.73716
AKR1C3	-0.800062	-2.15289	-2.29157	-1.72113	-2.71209
AKR1C4	-1.02549	-2.02111	-1.56456	-2.68254	-3.37968
AKR7A2	-2.53342	-3.16032	-3.29071	-1.97223	-2.44516
AKR7A2P1	-0.92166	-2.34633	-1.26296	-0.298975	-1.1025
AKR7A3	-0.72189	-2.16469	-0.860364	-1.68332	-2.3872
AKR7L	-2.7989	-3.40763	-3.37633	-0.779395	-1.46154
AKT1	-2.58597	-0.200025	-1.40187		
AKT1S1	-3.95325	-0.52981	-3.18109	-3.4195	-1.91353
AKT3	-0.407635	0.877566	-0.686594	0.232729	1.01291
AKTIP	-1.87843	-3.01716	-2.8024		
ALAS1	1.12246	1.01254	1.564		
ALB	-2.69278	-2.46148	-2.1066		
ALCAM	-0.791333	-1.9474	-0.193783	-1.29749	-1.71128
ALDH1A1	-1.22246	0.269501	-1.65065	-0.0837825	0.469288
ALDH1A3	0.390507	2.44406	0.0537605	2.65626	2.91352
ALDH1B1	0.496483	1.28268	0.518469	-2.18733	-1.37019
ALDH1L1	-0.985885	-1.91693	-1.1906	0.882177	0.318056
ALDH1L2	-0.822907	0.247708	-0.833498		
ALDH2	-0.776061	-1.88197	-0.618994	1.22041	0.344894
ALDH3A2	3.85965	1.48942	2.04675	-0.236214	-0.908573
ALDH4A1	-0.830016	-1.8556	-0.807292	0.844713	0.222566
ALDH5A1	-1.88496	-2.55934	-1.66868		
ALDH6A1	-1.24571	-2.16434	-1.05464	0.772287	0.337316
ALDH7A1	-2.75884	-3.16942	-3.47163	-0.777333	-1.32128
ALDH8A1	-0.353211	0.465593	-0.555916		
ALDH9A1	-2.12199	-2.5628	-2.61002	-1.80761	-2.38685
ALDOA	2.16158	0.934496	1.79645		
ALDOC	-0.804894	-0.487952	-1.40252	-0.482356	-0.170993
ALG1	-1.58827	-0.441813	-0.727575		
ALG10	0.581045	1.1887	1.38752	2.94795	3.56768
ALG10B	0.83827	1.99403	2.05279	4.40286	5.00234
ALG13	5.73185	4.52914	5.9211		
ALG1L	1.16485	-0.793078	0.451995		
ALG2	-1.84495	0.556372	-0.718503	1.23621	1.9164
ALG3	-0.517596	0.904412	-0.877964	-1.44826	-0.952649
ALG5	-0.988098	-2.43559	-2.38494	-3.30849	-3.98432
ALG8	-2.98577	-5.10327	-4.12783	-2.91274	-3.61058
ALG9	-2.91492	-3.2129	-3.34275		
ALK	1.5695	-0.540583	1.57449	-1.31017	-1.69299
ALKAL2	-1.34351	-2.34574	-2.15589	-4.05988	-3.16553
ALKBH1	0.87899	1.84662	1.07632		
ALKBH2	1.76529	2.94274	1.33118	0.847354	1.46696
ALKBH3	0.584339	1.34708	0.524298		
ALKBH5	-2.23284	-0.325322	-2.03193		
ALKBH7	1.06977	-0.363324	0.96352	-0.0769942	-0.751738
ALKBH8	0.649026	2.15253	1.05359	-0.228219	0.630224
ALMS1	-5.00504	-1.93537	-4.65026		
ALMS1P1	-4.92222	-3.82177	-6.9532		
ALOX12B	2.29948	3.21319	1.65917		
ALOX15B	3.05784	1.96475	2.91954		
ALOX5	-2.39202	-2.78356	-3.35434	-3.60895	-3.77473
ALOX5AP	-2.18796	-2.85094	-3.09897	-3.64489	-3.96702
ALPK1	-5.43406	-5.32819	-5.21149	-7.96099	-7.47993
ALPL	2.16209	-0.0915065	1.24931	0.700839	-0.586323
ALS2	1.48481	2.64101	1.44204	2.95105	3.43294
ALS2CL	7.4715	4.60583	5.36825	5.18062	5.4887
ALS2CR12	-3.14676	-2.54515	-2.16953	0.0588711	0.309358
ALX3	-4.05752	-0.773586	-2.966	-1.7265	-0.27035
ALYREF	1.70247	-0.660453	1.63611	0.895994	-0.108895
AMACR	0.928567	1.29481	0.0517645		
AMD1	-3.25125	0.224152	-2.31094	-1.00741	0.128992
AMDHD1	2.30824	2.33512	2.97088	0.727886	0.691752
AMER1	1.89584	3.2131	3.98447	0.999927	1.53516
AMER3	5.40348	5.80363	5.44788		
AMH	1.83946	2.56261	2.16724	0.344786	1.06418
AMIGO1	2.18828	2.864	2.34829		
AMIGO2	5.20942	0.209519	4.25334	4.52125	0.999657
AMMECR1	-1.81888	1.24213	-0.458897	0.518985	1.62938
AMMECR1L	0.180217	1.72657	0.0398978		
AMN1	1.03947	-1.13631	-0.279812	-0.724103	-1.53655
AMOT	-0.506073	-1.38059	-0.535613		
AMOTL1	-4.38302	-2.28443	-3.06004		
AMPD3	-0.0971266	0.853484	0.180801	-2.85415	-1.59236
AMPH	1.04078	1.34415	1.16565		
AMT	0.000882561	1.40423	-0.150949	1.89272	2.72211
AMY2A	-0.065381	0.697405	-0.367375	1.06538	1.60887
AMZ1	-2.83957	-4.28201	-3.60893	-4.15263	-4.95371
AMZ2	1.48796	-0.256214	-0.175941		
AMZ2P1	-0.486999	-1.88665	-2.49204	0.421	-0.379944
ANAPC1	1.7429	3.01586	2.01653	2.66598	3.34816
ANAPC10	0.899521	2.37717	1.39084	1.5819	2.42464
ANAPC11	0.81474	-1.3583	-0.690742	0.934142	-0.194644
ANAPC13	-1.73505	-2.39832	-2.68701		
ANAPC15	1.03252	-0.621918	-0.372006		
ANAPC4	-0.469441	0.807595	-0.9013	1.21319	2.07553
ANAPC7	-0.839042	0.0234147	-1.72478		
ANG	0.147877	-0.793739	0.769741	1.0786	0.663596
ANGEL1	0.523566	-0.0614992	0.865866	-1.0004	-1.24457
ANGEL2	-0.451592	0.69237	-1.40324	0.843159	1.32728
ANGPT1	-2.54037	-3.11545	-0.666431	-1.06795	-1.4943
ANGPT2	-0.0890798	0.395439	-0.53495		
ANGPTL1	0.361472	-1.40619	-0.266998		
ANGPTL2	-3.91469	-0.581956	-2.90581	-1.68743	-0.610176
ANGPTL4	-0.725613	-1.59016	-0.752809	0.902635	0.241871
ANGPTL6	2.46393	0.233059	1.68178		
ANGPTL8	4.94342	5.71753	4.72395	5.12754	5.55722
ANK1	-0.66657	1.35133	-0.728107	-1.62064	0.242569
ANK3	1.1247	-0.818548	1.25375	1.59821	0.203145
ANKDD1A	-0.553851	-1.34301	0.441645	0.993791	0.774185
ANKFY1	-2.18822	0.0793093	-1.23222		
ANKH	0.0636294	1.62661	0.795664	-0.0766793	0.948816
ANKHD1	-0.52325	0.77983	-0.407794		
ANKLE2	3.81261	0.688844	3.03889	1.5776	0.271238
ANKMY2	1.73602	2.20267	1.36328		
ANKRA2	-0.383688	-1.54059	-1.05127	-0.801607	-1.00924
ANKRD10	-0.400452	-0.962292	-0.416398		
ANKRD12	2.80799	1.99162	2.61365		
ANKRD13A	-5.53583	-0.605429	-3.75098	-3.56712	-1.91735
ANKRD13C	2.39345	2.64551	3.84192		
ANKRD16	-1.93549	0.333832	-3.06713	-1.45149	-1.03762
ANKRD18A	-5.32754	-2.46356	-3.44065	-5.42111	-5.19868
ANKRD18B	-2.31972	-1.16407	-2.12203	-1.33035	-1.28543
ANKRD18CP	-5.14318	-2.60016	-4.68848	-1.93258	-1.61575
ANKRD18DP	-0.696296	0.701731	0.799233	0.902578	1.45085
ANKRD19P	-0.0161293	-1.69472	0.498782	0.0950654	-0.760045
ANKRD2	1.84811	2.22705	1.92245	-0.423244	-0.17903
ANKRD20A11P	-3.09919	-3.19283	-4.15388	-2.37492	-2.35811
ANKRD20A12P	-3.53858	-0.855903	-1.69232	-0.871437	-0.168891
ANKRD20A4-ANKRD20A20P	-3.5461	-0.321963	-1.92026	-1.00011	-0.0447662
ANKRD20A5P	-1.05768	-1.70596	-3.0003	-2.04102	-2.27406
ANKRD20A8P	-0.132657	1.62374	0.562399	1.75731	2.65053
ANKRD20A9P	-2.97823	-0.69181	-1.96159	-0.759062	0.0215149
ANKRD23	-1.125	0.711401	0.14761		
ANKRD24	5.84233	5.7395	4.7581	6.2347	7.15503
ANKRD26	-0.816129	0.866686	-1.60944	1.01396	1.69795
ANKRD27	2.65658	2.9263	5.8311	1.79964	1.86973
ANKRD28	5.79545	3.56144	6.46173	3.54163	3.42039
ANKRD29	-1.80246	0.621382	-3.49482	-3.30069	-1.12077
ANKRD30B	6.53678	2.44576	6.05529	5.53018	3.61413
ANKRD30BL	2.01501	0.115828	1.32221	3.73758	2.57081
ANKRD30BP2	1.95431	0.0199984	2.21468	1.75303	0.846709
ANKRD33B	1.64552	2.56564	0.776787	2.04996	2.56723
ANKRD34C	2.36642	2.90343	3.16891	2.78836	3.0516
ANKRD36B	-2.26234	-1.58385	-4.20746		
ANKRD36BP1	-1.54166	-0.51547	-2.31856		
ANKRD36BP2	-2.04988	-2.105	-3.39467	0.566625	0.720462
ANKRD36C	-2.05378	-0.475365	-2.56884		
ANKRD37	0.0688789	1.41918	0.176386	0.229599	0.941069
ANKRD42	-1.07948	-0.9301	-1.80015	-3.26612	-2.4174
ANKRD44	-3.01069	-1.37689	-2.03629		
ANKRD45	-1.57943	-0.995458	-1.68684	0.071095	0.426945
ANKRD49	0.374307	1.46682	0.248872	1.13186	1.71734
ANKRD50	2.18044	-0.00363256	3.76166	2.58558	0.782821
ANKRD54	-1.93826	-2.64197	-2.99661	-3.10104	-3.41389
ANKRD55	4.55428	0.711116	3.23205	6.55582	4.23595
ANKRD6	2.34652	-0.552534	4.45203	3.39181	0.755632
ANKRD62	-2.07931	0.0706475	-2.73605	-5.46448	-2.08039
ANKRD65	0.307455	1.41852	-0.390192	-0.102254	0.678291
ANKRD9	-2.43858	-0.616618	-2.20682	-0.947027	-0.00489861
ANKS1A	-1.44331	0.518164	-0.928721	0.217786	0.987018
ANKS1B	-0.0166249	0.82547	-0.133049	1.67511	2.27817
ANKS3	1.54288	2.65109	2.5133	1.14234	2.01548
ANKS6	0.904827	2.28307	2.56158	0.230337	1.20604
ANKZF1	1.1403	2.26194	2.06971	2.2983	3.21824
ANLN	-0.978115	-0.187529	-0.313573	-3.25907	-2.60428
ANO1	1.80371	2.7956	2.13244		
ANO10	0.369472	-0.29719	2.58547	2.71012	2.1147
ANO2	1.15952	-0.846586	0.577611	1.50598	0.555703
ANO3	4.54016	-0.13398	3.78302	1.18756	-0.543629
ANO4				-1.54686	-1.06749
ANO5	2.33956	2.98505	3.09736	1.88144	2.29937
ANO6	-5.71677	-4.00756	-5.01689		
ANO7	1.77785	2.1911	1.65647	1.4775	1.6781
ANO8	-1.09279	-0.341382	-0.100496		
ANOS1	0.563251	-0.765888	1.08554	2.45188	1.64656
ANP32A	-3.96008	-1.20302	-2.4922	-4.03224	-3.6041
ANP32A-IT1	-2.0773	-0.323927	-0.667995		
ANP32AP1	-10.4319	-4.76674	-10.1514		
ANP32D	-6.06151	-3.38531	-6.47133		
ANP32E	-1.02864	-1.88092	-0.815211	1.23476	0.434606
ANTXR1	-2.08264	0.587654	-2.13039	0.673063	1.74337
ANTXR2	-2.57797	-0.668608	-2.25836	-1.42255	-1.2329
ANXA1	-0.191317	-0.41145	-0.553909	-1.21027	-1.81078
ANXA11	0.350252	-1.22073	0.331492	0.864305	0.028804
ANXA2	-4.96735	-4.75448	-4.92147	-3.58781	-3.94472
ANXA2P1	-2.86163	-3.95188	-2.67806		
ANXA2P3	4.84715	4.65103	3.3466	5.25046	6.31316
ANXA3	0.103186	0.661399	0.0556631	-0.608242	-0.216817
ANXA4	-0.315187	-1.09996	-0.392146	-3.1443	-3.44849
ANXA5	-5.03327	-3.62356	-7.45813	-4.87954	-3.34619
ANXA6	0.283491	0.89914	0.0587096	-1.99236	-1.60143
AOAH	-4.77965	-5.3724	-4.44233		
AOC2	2.36586	2.64986	2.54141		
AP1AR	-2.30631	-0.445362	-4.22355		
AP1G2	2.15456	2.88373	2.77432	4.12881	5.18266
AP1M1	2.64814	1.83089	2.31751		
AP1S1	1.69433	-0.803842	0.501121	-0.335156	-1.48251
AP1S2	-0.802498	-0.68903	-2.27733	-2.17356	-1.61155
AP1S3	-0.414766	0.853789	-0.590622		
AP2A2	2.77238	0.513709	2.10383	0.750412	-0.435231
AP2B1	0.0214104	-1.99756	-0.191573	-1.18174	-1.90942
AP2M1	1.4683	-0.50126	1.3733		
AP2S1	0.818564	-1.04887	-0.561077	-0.621303	-1.42448
AP3B1	-3.13452	-4.09376	-4.1058		
AP3B2	4.19254	1.80765	3.29676	3.12948	1.22088
AP3M1	-1.32717	-2.43154	-1.27029		
AP3M2	4.32807	0.82654	3.39577	4.49978	1.78336
AP3S1	1.12041	-1.52793	0.531575	0.0109649	-1.12708
AP4B1	-0.073721	1.26028	0.390856		
AP4E1	0.933406	1.94497	1.92615	1.12679	1.57983
AP5B1	-1.33904	0.201231	-2.12232		
AP5M1	-2.37231	0.330975	-1.87363	-0.751315	-0.181435
AP5S1	-0.495176	-1.61687	-0.86832	-2.16187	-2.6875
APAF1	-0.983991	-1.60383	-1.44871	0.308536	-0.268545
APBA1	0.0698776	-1.06117	-1.01386	0.708979	0.0408993
APBA2	2.46087	3.36609	2.81774		
APBA3	-0.670378	0.0550509	0.101256		
APBB1IP	-3.12098	-3.02959	-4.1345	-3.89354	-3.85954
APBB2	0.33843	0.580822	0.29422	-1.23207	-1.15488
APBB3	2.16668	2.47182	2.39222		
APCDD1	-1.75719	-2.63666	-1.6892	1.36751	0.782063
APEH	4.03739	1.66901	3.90531	1.74267	0.894079
APEX2	4.05323	1.11334	2.74395	1.47405	0.693856
APH1A	-1.19769	-0.947063	-2.41427		
APH1B	-2.13859	-3.0533	-0.93411		
API5	2.15516	2.97679	1.67822	2.57132	3.03527
APIP	-2.98853	0.0266035	-1.9216	-3.57948	-1.44238
APLN	-2.92445	-3.36746	-2.15883	-0.492581	-1.05569
APLNR	-1.9277	-2.55604	-1.01451	-0.959986	-1.34465
APLP2	3.49036	2.99014	5.30141		
APMAP	5.02868	1.20913	4.01439	3.54398	1.79561
APOC1	-2.24637	-3.13932	-5.71118	-2.20171	-2.4904
APOE	-2.09062	-2.91514	-3.29228	-0.041888	-0.621905
APOL1	1.35653	2.07379	1.94712	-0.234852	0.224375
APOL2	1.25995	2.29908	2.33268	0.199806	0.80276
APOL4	1.71376	2.28104	2.19872		
APOLD1	-0.990341	-0.0562797	-1.1493	-1.69199	-1.17055
APOM	-0.321334	-1.65648	-0.279209	0.282399	-0.221818
APOOL	-1.03699	-0.86581	-0.906935		
APOPT1	-2.57993	-3.12559	-3.99734	-2.85089	-3.01573
APPBP2	1.93633	2.88042	1.9039	0.509374	1.00401
APPL2	-3.66658	-4.16176	-6.59459		
APRT	0.950796	-0.821362	-0.209966	-0.367199	-1.10834
APTR	-1.10906	-2.32763	-1.66855	-2.43202	-2.60086
AQP1	0.270114	0.00473535	2.50404	1.00565	0.890429
AQP11	2.20387	2.08377	4.34594		
AQP4	-0.665781	-1.79527	-0.262929	1.79414	0.886789
AQP5	-3.76253	-5.43235	-3.89604	-3.59144	-4.4141
AQP9	6.59029	2.93268	5.65846	4.6279	2.96505
AQR	-2.2896	0.201102	-1.83763		
AR	-0.298535	1.11013	-0.836988	-1.53124	-0.37366
ARAP1	-2.01892	-1.04617	-0.938051		
ARAP2	0.905468	1.86681	1.10103	2.18022	2.54118
ARAP3	2.60624	3.71796	2.85998	5.7502	6.02919
ARC	0.208747	1.78491	0.946049	0.332926	1.15347
ARF3	4.34333	1.04643	2.48886	2.99959	1.50431
ARF4	-0.258818	-1.64325	-1.19976		
ARFGAP1	1.48923	2.31384	1.19676		
ARFGAP3	1.23976	-0.846329	0.113201	1.69485	0.861363
ARFGEF1	-1.46964	0.445046	-1.00161	-2.75836	-2.10181
ARFGEF2	0.892306	1.85506	1.63035	-0.44787	0.342276
ARFGEF3	0.848926	-1.56195	-0.229296	0.456823	-0.66487
ARFIP1	1.83844	0.511779	2.41988		
ARFIP2	4.51811	3.16349	4.25124		
ARFRP1	1.97364	3.19395	2.08312		
ARG2	1.54422	2.63372	1.51454	0.555295	1.05798
ARGLU1	-2.93933	-3.61789	-2.92509		
ARHGAP10	0.315288	1.09281	-0.778934	0.50224	0.865297
ARHGAP12	5.29672	-0.0660413	4.25557	4.6173	1.923
ARHGAP18	-3.94446	-4.5348	-3.02521	-2.12314	-2.51404
ARHGAP20	6.30782	3.73247	6.30108		
ARHGAP22	-2.34664	-2.32647	-1.55935	-4.70412	-5.40153
ARHGAP23	-0.32244	-2.06822	-0.110201		
ARHGAP25	2.29422	2.35568	5.19975	1.48116	1.20231
ARHGAP26	3.36715	3.89709	4.12941	2.38772	2.65652
ARHGAP27	-5.3025	-1.96756	-5.67061	-1.82173	-1.46854
ARHGAP27P1	0.00312707	1.41861	0.463403	0.85496	1.59069
ARHGAP27P2	3.1891	4.8423	2.65603	4.91827	5.42561
ARHGAP28	5.77606	0.713891	6.69081	8.95382	3.19649
ARHGAP29	4.69713	3.53343	2.88173	5.84226	6.17961
ARHGAP31	-1.80324	-2.5458	-1.51992	1.37474	1.05483
ARHGAP32	-0.198705	1.30373	-0.763573	1.27521	2.06791
ARHGAP33	1.97314	-0.929933	1.9921	3.03237	0.634533
ARHGAP36	-0.694266	-2.0508	-0.4752	-0.0153224	-0.770511
ARHGAP39	-0.0213738	1.88465	0.592905	1.53781	2.29719
ARHGAP4	0.130857	-1.43077	0.961822	0.436268	-0.448187
ARHGAP42	0.896495	-0.322611	1.78874	2.46772	2.21841
ARHGAP44	-0.280519	1.1192	0.161059	-1.58197	-0.832958
ARHGAP45	-1.27148	-2.26634	-2.00686	-3.30752	-3.73745
ARHGAP5-AS1	-0.261289	-1.52842	-0.745936	1.31038	0.369761
ARHGAP6	-2.23589	-3.28254	-3.41695	-1.84803	-2.1667
ARHGAP9	0.0825268	1.39808	-0.567985	-1.29756	-0.221886
ARHGDIA	1.86933	-1.10819	1.515	0.131385	-1.04005
ARHGDIB	1.13466	-0.893258	-0.170068	-0.506516	-1.41051
ARHGDIG	5.12009	0.758937	4.99605	2.95562	0.787183
ARHGEF10	-0.0925145	0.727379	0.298237	0.175556	0.567813
ARHGEF10L	-2.46132	0.654125	-0.886366	-1.01901	-0.176561
ARHGEF11	-1.45102	0.403167	-1.57903	-0.219194	0.798477
ARHGEF12	1.48383	2.58496	0.874017	3.45562	4.174
ARHGEF16	1.0281	1.92506	2.60613	0.426492	0.719991
ARHGEF17	1.58603	2.26396	2.76247	0.795257	1.10677
ARHGEF18	-0.00483411	1.82062	0.675376	0.408392	1.03355
ARHGEF2	1.07327	1.83127	0.495912	0.396364	0.669757
ARHGEF25	4.88074	3.44876	5.0818		
ARHGEF26	-2.18466	-2.78973	-2.70628		
ARHGEF26-AS1	-2.1888	-2.66583	-3.10911	1.31946	0.749146
ARHGEF28	2.48405	-0.469165	2.57647	0.0739304	-1.18403
ARHGEF3	1.68997	2.34346	1.8678		
ARHGEF33	-1.73472	-1.21901	-3.40809		
ARHGEF4	1.00989	0.114738	1.48278	-0.33837	-0.754767
ARHGEF40	-2.9083	-2.94521	-2.85869	-0.361159	-1.11006
ARHGEF6	-2.45285	-2.74393	-2.94008	-2.1015	-1.96368
ARHGEF7	-4.34221	0.399748	-2.982	-0.929434	0.35852
ARID1A	-0.0379544	-0.157239	0.1205		
ARID1B	-1.45868	0.403347	-1.26793		
ARID2	2.19841	2.86053	2.62971	2.12963	2.63522
ARID3A	-0.423224	0.630476	-1.17689		
ARID3B	-4.56284	-1.39794	-5.78519	-2.67349	-1.8582
ARID3C	1.03412	1.51345	1.09379		
ARID4B	0.485432	1.9624	1.34251		
ARID5A	7.55939	4.48269	5.9545	7.44839	7.51948
ARID5B	-0.480587	1.50276	1.36446	0.165525	1.22056
ARIH1	0.715638	1.94772	1.04375		
ARIH2	-3.61935	0.513915	-2.63593	-1.8925	-0.3303
ARL10	0.745561	-0.798423	1.01107	1.72392	0.660201
ARL13B	-3.83051	-0.489977	-3.02442	-1.86028	-0.465746
ARL14EP	0.185265	-0.739252	-1.5761		
ARL15	3.07501	0.306901	3.30406	1.23393	-0.357598
ARL16	-0.976559	-2.09597	-3.55912	-1.95661	-2.15291
ARL17A	-0.503127	0.37877	-0.526221	0.633785	1.11396
ARL17B	-2.04951	-0.580028	-1.07406		
ARL2	0.529469	1.13571	0.0236265		
ARL2BP	-0.7108	1.15454	-0.662804	0.733977	1.40696
ARL3	-0.0494137	-1.67997	-1.2911	0.0273697	-0.981194
ARL4A	-0.472133	-0.661305	-1.26962	0.381812	0.391759
ARL4C	3.92777	6.23601	3.50122	5.97066	6.14871
ARL4D	1.64698	1.84421	2.34935	-0.0523531	-0.179307
ARL5A	-3.02904	-0.390317	-2.62337	-2.96174	-2.54465
ARL5B	1.53877	2.50928	2.85809	1.93279	2.18757
ARL6	3.95415	4.15365	3.65537	-0.0407929	0.353519
ARL6IP1	1.49477	-0.293576	1.45446		
ARL6IP4	0.910803	-0.321543	-0.742841		
ARL6IP5	1.26379	1.87578	0.648044	-0.390718	-0.00650292
ARL8B	2.24415	2.16219	3.36245		
ARL9	-0.950389	-1.14872	-2.95107	-0.170516	-0.0231526
ARMC1	-1.33026	0.139431	-0.55876		
ARMC10	2.16146	-0.893064	2.16169	0.613542	-0.498596
ARMC2	0.245585	-1.09591	-0.550934	1.71228	1.32174
ARMC4	2.80227	3.56594	3.21436		
ARMC7	1.30483	1.68437	0.147636		
ARMC8	3.36746	3.70691	7.48919	1.29571	1.57891
ARMC9	0.544957	0.956499	0.827226	2.03661	2.88722
ARMCX1	4.99287	-0.00957348	3.99725	4.01802	0.885249
ARMCX2	2.59408	-0.190975	1.62701	0.569347	-0.804501
ARMCX3	2.16697	2.56854	2.65566		
ARMCX4	0.881233	2.3969	2.39113	2.56126	3.29183
ARMCX6	-0.600171	-0.806405	0.147707	-0.748869	-0.549579
ARMT1	0.0872173	1.15058	-1.14248	-2.33778	-1.58442
ARNT	0.640727	1.84526	1.12624		
ARNT2	2.89869	-0.263609	1.11006	3.55448	2.21841
ARNTL	2.21881	2.87011	1.33032	1.11458	1.82176
ARNTL2	1.16139	-0.120595	0.751544	0.0196197	-0.352738
ARPC1B	-2.16056	-2.34975	-2.89322		
ARPC2	1.43917	-0.930807	0.365743	-0.0671742	-1.02046
ARPC3	-0.0373513	-1.8026	-1.67705	-0.766884	-1.55275
ARPC4	0.921197	-1.01512	0.0762408		
ARPC5	-1.23847	-2.92613	-1.09725	-2.91976	-3.09941
ARPC5L	-2.91775	-2.78002	-3.96932		
ARPIN	-1.58531	-0.523999	-0.148658		
ARPP19	4.03801	0.817321	3.46871	2.77747	0.701843
ARPP21	0.313097	1.89071	1.324	3.33852	4.4076
ARRB1	-0.0988101	-1.42247	-0.0980296	1.00149	0.112076
ARRB2	1.24741	-0.952154	-0.0691411	-0.374212	-1.05719
ARRDC1-AS1	-1.73387	-0.605922	-2.03561	-1.82899	-1.36339
ARRDC3	-0.648496	0.811371	0.207876		
ARRDC4	-1.29724	0.0839439	0.011952		
ARSF	-1.44196	-2.66766	-1.40536		
ARSG	1.99854	2.78521	1.1082	0.735745	1.5646
ARSJ	4.32288	2.90386	4.42636	8.18695	6.28226
ART3	1.87898	2.36706	1.235	-0.730069	-0.498495
ARV1	-1.75335	-0.921743	-2.5281		
ARVCF	0.12617	-0.411849	0.259521	1.93955	1.11566
ARX	1.19441	0.125308	1.31182		
ASAH1	-2.35723	-3.70455	-2.45357	-2.24304	-2.72077
ASAH2	-2.15385	0.439355	-1.17224	-2.16702	-1.21238
ASAH2B	-2.81504	0.43179	-1.65769	-1.03252	-0.04282
ASAP1	3.85749	4.25444	3.87559		
ASAP1-IT1	-0.247139	1.32744	0.694026		
ASAP1-IT2	0.022109	0.889601	0.478264		
ASAP2	0.419536	1.3542	0.388019	-0.0943764	0.687621
ASAP3	-2.25354	-2.94675	-1.93832	-0.840603	-1.31143
ASB1	2.35461	-0.860963	1.88481	0.00128795	-0.983262
ASB13	0.376624	1.79178	-0.318767	-0.67065	0.505233
ASB2	6.63708	5.39478	9.32581	7.55929	6.54021
ASB5	-0.594603	-1.12244	-1.46498	0.216304	-0.496578
ASB6	4.52299	2.94925	6.26046	1.60608	0.82165
ASB7	0.433079	1.49042	0.339894		
ASB8	-1.67706	0.407712	-1.10933		
ASCC3	-3.46336	-2.57856	-7.30446		
ASCL2	0.717362	-1.39412	-0.617725	-0.601914	-1.36728
ASGR1	2.98501	3.83056	5.97565	2.63461	3.04308
ASGR2	2.82054	2.62366	7.20236	1.54537	1.55659
ASH1L	-0.57891	1.11879	-0.677446	0.459037	1.14728
ASH1L-AS1	-0.187952	-1.37916	-0.25057	0.011318	-0.66245
ASH2L	5.58825	0.72091	4.094	2.32595	0.669082
ASIC1	-5.00978	-2.16757	-4.51651		
ASIC2	2.01909	-0.901695	2.1742	-1.8387	-2.32707
ASIC3	0.535015	1.17299	0.421633	3.15886	3.53811
ASIC4	1.93047	0.707257	0.97238	2.86456	2.77406
ASIP	-4.84559	-5.08745	-4.56351		
ASL	3.00152	0.373948	2.39141	1.44973	0.314218
ASMTL	3.45435	2.20384	3.62507	3.388	2.03603
ASMTL-AS1	1.5906	0.813608	-0.0065218	1.91448	2.08702
ASNSD1	2.15971	3.10177	2.09272	2.41924	2.94845
ASNSP1	1.4989	1.58219	2.69049	-0.656788	-0.878979
ASPDH	-0.0063987	1.31701	-0.791669	-0.514253	0.145595
ASPH	-0.632723	-1.51983	-0.73525		
ASPHD1	0.274836	-0.599245	-1.00713		
ASPHD2	0.125071	-0.814316	-2.42824	0.1788	-0.336757
ASPRV1	-0.72056	1.01919	0.755219	-0.726797	0.0944775
ASPSCR1	-0.522859	1.27436	0.15348	-0.669042	0.445733
ASS1	3.05495	0.525502	2.76338	3.68706	2.22524
ASTE1	1.82203	2.54901	2.51487	3.31741	4.28764
ASTN1	0.871365	-1.07705	1.21003	1.252	-0.0652054
ASTN2	-1.56612	0.623427	-0.89417	-1.79852	-0.820624
ASXL2	0.26466	-0.796569	0.151593	1.33279	0.642086
ASXL3	4.23364	0.660651	3.99376	4.88754	2.44851
ATAD1	-2.85857	0.450107	-2.72681		
ATAD2	0.119458	1.7914	1.50709	1.44354	2.53505
ATAD2B	-0.955079	0.821837	-0.0432551	-0.293141	0.351049
ATAD3A	2.28918	0.963529	1.28265		
ATAD5	1.01786	1.75186	0.96512		
ATCAY	3.12314	3.45806	2.42161		
ATE1	0.583247	-0.968578	0.641569	-0.0155142	-0.696261
ATF1	-0.623653	0.357348	-1.45316		
ATF2	5.10578	5.67501	4.81212		
ATF4	1.06666	2.44206	1.52508	-0.0803634	0.612316
ATF5	-4.54642	-5.20879	-3.7744	-3.53676	-4.02361
ATF6B	0.386142	1.72413	0.689477	2.45721	3.3797
ATF7IP2	1.37277	0.645148	0.152743	1.42556	1.02348
ATG101	2.20963	1.53316	1.33043		
ATG12	0.686059	-1.19538	0.512858		
ATG14	-0.0904648	1.0391	0.133019		
ATG16L1	1.21704	2.11971	0.886352	1.46718	1.87905
ATG2A	3.87648	2.57483	3.38602		
ATG4A	-2.4217	0.240228	-1.78342		
ATG4B	1.31209	0.249415	1.43003		
ATG4D	0.776948	1.8847	1.71288	-0.56002	0.0133142
ATG5	4.06016	3.48742	6.06079		
ATG7	6.90533	3.9711	6.14586	3.06691	2.47853
ATG9A	4.96191	4.39245	4.03843		
ATIC	0.61514	-0.934399	-0.992441		
ATL1	2.70037	1.59544	1.78058	0.536359	-0.423702
ATL2	4.78259	4.52933	5.4363		
ATM	-1.93207	-0.428564	-0.813782		
ATMIN	0.970866	1.02662	1.15501		
ATN1	0.535828	1.56621	0.908492		
ATOH7	2.46214	-0.865568	1.6032	0.579366	-0.797385
ATOX1	1.19755	-1.13663	-0.676702	-0.758304	-1.41454
ATP10A	-0.297778	0.726318	-0.109228	-1.16978	-0.675041
ATP10D	-6.90505	-4.25442	-7.07851		
ATP11A	-1.96291	0.513313	-0.836265	-2.01855	-0.844504
ATP11B	1.05659	1.97537	1.98813		
ATP13A3	-3.35717	0.5055	-2.59224	-2.28224	-0.833484
ATP1A1	1.28201	1.87551	1.75007	-0.155258	0.261448
ATP1A3	0.563151	1.3016	0.668155	-0.574951	-0.0866975
ATP1A4	0.31875	1.39525	0.732533	-1.13189	-0.246687
ATP1B1	0.948233	1.84336	2.2965	-1.19796	-0.34686
ATP1B3	1.14606	1.88911	2.51228	-0.829353	-0.0266571
ATP2A2	1.84626	2.42277	2.40136	0.029371	0.40409
ATP2B1	2.6321	2.9108	2.65656	1.47183	1.82569
ATP2B2	-1.31532	1.13523	-2.34889	-1.02567	0.330718
ATP2B3	-0.437454	1.29359	-0.486288	-1.88695	-0.292146
ATP2B4	3.29581	-0.621425	2.62468	1.97326	-0.289065
ATP2C1	0.801307	-0.904235	-0.210552	-0.299549	-1.03619
ATP2C2	-1.12862	-2.08151	-0.167094	-1.21591	-1.79509
ATP4A	4.4207	4.43687	4.35567	6.1868	5.46639
ATP5F1A	-0.77509	0.747419	-0.416677	-2.0264	-0.678898
ATP5F1B	1.03529	1.75646	1.55631	-1.0134	-0.46566
ATP5F1C	-6.10343	-3.7816	-7.78465		
ATP5F1D	0.640038	0.957579	0.439225	-0.611378	-0.709684
ATP5IF1	0.321296	-1.49985	-2.00079		
ATP5MC1	0.804715	-1.28434	-1.06551		
ATP5MC3	0.330148	0.674307	0.0801594		
ATP5ME	-0.373346	-1.93651	-1.59161	-3.40244	-3.51787
ATP5MF	-0.823272	-2.08948	-2.72567		
ATP5MPL	2.13985	3.26926	2.11803		
ATP5PB	-0.419422	-1.82461	-1.7763		
ATP5PF	1.10004	-0.451429	-0.579991		
ATP5S	-4.42164	-4.3417	-4.32865		
ATP6AP1	4.18064	2.41071	3.31941	1.55735	0.321338
ATP6AP1L	-3.14245	-0.663561	-2.68269		
ATP6AP2	-0.174697	0.258509	-0.045		
ATP6V0A1	5.88752	4.65772	6.57706		
ATP6V0A2	0.154656	1.93891	0.501872	0.190024	1.01103
ATP6V0A4	-2.65572	-3.18936	-4.19727	-3.58658	-4.06441
ATP6V0B	3.30263	2.77889	2.27016		
ATP6V0C	3.28312	2.1293	2.4863		
ATP6V0CP3	2.47104	1.1275	1.89682		
ATP6V0D1	2.05008	0.982073	1.66923	-0.0320296	-1.13717
ATP6V0E1	-3.79409	-4.44672	-4.43806	-2.43413	-2.84893
ATP6V0E2	-0.812446	-2.13252	-1.60789	-2.32444	-3.08954
ATP6V0E2-AS1	-0.814467	-1.86662	-1.32306	-1.21819	-1.71328
ATP6V1A	2.73626	1.51633	4.01165	0.956238	0.304884
ATP6V1B2	-0.0699278	0.943328	0.668106		
ATP6V1C1	5.69352	0.0412942	3.69323	3.23825	0.630827
ATP6V1C2	1.48382	1.51294	2.50476	2.74913	2.35414
ATP6V1D	0.49961	-1.04313	-0.434681		
ATP6V1E1	1.25697	-0.456598	0.61876	-0.537459	-1.44826
ATP6V1E2	-1.70244	-0.906151	-2.70841	-1.88157	-1.12927
ATP6V1G1	-0.29582	0.682137	-0.882448		
ATP6V1H	2.18008	-0.857037	1.12412	-1.06157	-1.8584
ATP7A	3.06511	3.38278	3.05432		
ATP7B	-0.734828	-1.76183	-1.48143	-1.03173	-1.39911
ATP8A1	1.13317	0.592974	1.49795	0.719085	0.358574
ATP8A2	1.52404	-1.07395	0.450354	-2.47731	-2.94533
ATP8B1	1.35196	2.11981	2.15205	1.95784	2.28467
ATP8B2	-1.98147	0.907331	-0.97045	0.133806	1.17296
ATP8B3	-2.61651	-3.0379	-1.4946		
ATP9A	4.99328	1.10758	3.99949	3.2768	1.41512
ATP9B	-0.223947	1.00565	0.605745		
ATPAF1	-4.87268	-3.35552	-4.79698	-2.52098	-2.07267
ATPAF2	-3.34088	0.0543666	-3.39071	-0.909698	-0.0121945
ATR	-0.119945	0.885913	-0.579344		
ATRAID	-5.73978	-4.11312	-4.89467		
ATRNL1	1.83229	2.47057	1.96069	1.00733	1.64515
ATRX	1.26408	1.05383	1.41618	1.72897	1.51658
ATXN1	3.01928	4.21202	2.72622	6.08776	6.69019
ATXN10	-1.47344	-2.56375	-2.06745	-1.28022	-1.808
ATXN2L	1.91302	2.85991	2.31028	1.49452	2.10968
ATXN3	0.549246	1.85941	1.67037	-0.436942	0.317525
ATXN7	-0.705477	0.920027	-0.659257	1.23313	2.20963
ATXN7L1	1.03237	2.14832	2.37287		
ATXN7L2	1.05657	2.09405	1.77763	3.25604	3.96593
ATXN7L3	2.77736	2.69349	4.9573	1.64454	1.64944
ATXN7L3B	2.53233	3.17912	1.50443		
AUH	1.45486	2.3502	2.12867		
AUNIP	-1.36011	-1.6053	-2.43215	-2.97958	-3.41032
AURKA	-0.828922	1.26611	0.526596		
AURKAIP1	3.35561	2.62862	3.03663		
AURKB	-1.04685	-0.809166	-0.652469		
AUTS2	-2.20815	-1.04358	-3.11006	-0.151589	0.548566
AVEN	0.144251	-0.225098	-0.0944869	-2.83197	-3.12545
AVIL	-0.312208	0.0611319	0.187823	0.21602	0.112386
AVL9	4.20832	0.52522	3.04622	3.57509	1.71989
AVP	-3.50554	-2.59539	-2.55509		
AVPI1	3.70148	4.4037	5.55263	3.02629	3.37042
AXIN1	-2.5333	-2.58301	-2.43673		
AXIN2	1.74802	1.82124	5.29652	2.93456	2.60369
AXL	-2.6411	-3.10256	-1.66616		
AZGP1	-2.8228	-0.323387	-3.04245	-3.67354	-2.16201
AZI2	-1.15617	-0.689391	-1.57921		
AZIN1	0.152163	-1.28822	-0.176592	-0.677933	-1.26388
AZIN1-AS1	1.03353	-0.906378	1.01601	-0.154303	-1.05408
AZIN2	3.07882	2.04108	3.99739		
B2M	-6.57941	-4.87701	-7.40935	-4.49736	-4.19142
B3GALNT1	2.65642	-0.276058	4.59372	4.28397	1.03647
B3GALNT2	-2.77656	0.562031	-1.39809	0.1743	1.17826
B3GALT1	1.69032	2.70067	3.07398		
B3GALT2	0.234216	0.341339	0.698362	-0.285274	-0.929698
B3GALT4	1.32071	0.791121	1.17533		
B3GALT5-AS1	-1.37626	-2.43187	-1.76023	-3.39474	-4.166
B3GALT6	5.10659	-0.72761	4.38699	3.40634	0.336305
B3GAT1	0.299631	-1.05716	-0.148643	1.6934	0.516684
B3GAT2	-1.05384	-1.6418	-0.264398	-0.796406	-1.12438
B3GLCT	-3.44133	-1.70136	-2.97278	-3.25715	-3.46139
B3GNT2	4.18483	0.709716	3.31145	1.57432	0.225693
B3GNT4	3.3237	0.148643	2.32885	-0.866148	-1.5557
B3GNT5	-3.55195	-3.42855	-4.0565	-3.99371	-4.30322
B3GNT7	-1.13124	-0.171756	0.0736825		
B3GNT8	-1.48405	-2.25949	-1.54883		
B3GNT9	-3.95687	-1.01997	-3.44029	-1.60053	-0.563809
B3GNTL1	1.84555	-0.271834	1.02881		
B4GALNT1	3.15044	2.26031	2.8006		
B4GALNT4	0.0368611	-0.813166	-0.00433991		
B4GALT1	-1.05653	-1.90287	-0.926682	-0.719376	-0.948947
B4GALT2	3.32928	-0.0174552	4.84294	4.92042	1.88122
B4GALT3	3.68844	0.240172	5.79781	3.05306	1.25147
B4GALT4	-2.2001	-0.785983	-1.76228		
B4GALT5	5.30808	0.87346	2.55278	2.52714	1.40966
B4GALT6	0.221704	1.58292	1.15976	-1.41387	-0.0857972
B4GALT7	1.7824	0.11249	0.916861		
B4GAT1	3.9109	0.926174	3.25602	2.74435	1.2707
B9D1	2.32953	-0.999713	1.46179	0.865041	-0.738696
BAALC	3.89236	0.953709	3.18068	6.33645	5.98018
BAALC-AS2	1.70575	0.767594	0.918258		
BAAT	2.91114	3.15711	2.82665	1.3073	2.05629
BABAM1	2.80945	-0.112738	1.5115		
BABAM2	3.67972	-0.659324	1.9422	1.32241	-0.453794
BACE1				-3.44197	-3.13654
BACE2	-3.557	-1.23949	-2.94856	-5.96524	-5.69315
BACH2	0.709882	2.1044	1.69219	3.20354	4.21337
BAD	4.3519	1.82096	3.91901	2.471	1.39486
BAG1	-1.70901	-3.03549	-2.44373		
BAG2	1.74226	-0.0431994	2.38066	1.07189	0.415881
BAG3	-4.16745	-4.55984	-5.43487	-2.52357	-3.15295
BAG4	1.84982	1.49157	2.10985		
BAG5	4.89916	4.49591	5.67233	3.52488	3.97584
BAHCC1	1.37619	2.46727	2.34077	3.68785	4.45256
BAIAP2	2.65047	-0.363253	1.94194	1.23606	-0.44989
BAIAP2L2	4.87365	3.08023	6.04294	2.60364	1.92316
BAIAP3	3.96159	0.152434	5.84623	7.63977	2.1406
BAK1	0.0976409	1.59401	0.432278	1.23914	2.03292
BAMBI	-1.37083	-1.98979	-1.20116	-3.11666	-3.55513
BANF1	-4.45831	-3.89445	-4.54733		
BANK1	1.70173	0.156876	-0.18482	-0.705991	-1.30411
BARD1	-3.2932	-2.41087	-4.88564	-1.67994	-1.5514
BASP1	5.50038	2.04747	2.96157		
BASP1-AS1	2.10656	2.74713	1.99392	2.60347	3.44666
BATF3	5.45315	-0.459507	2.98479	0.980727	-0.67123
BAZ1B	1.26725	2.55215	1.40371	3.38051	4.00103
BAZ2B	-0.263742	0.725804	0.492822	0.636952	1.02881
BBC3	5.23647	2.58856	6.59297	6.40419	3.68013
BBIP1	-3.47018	-3.0562	-3.21375		
BBOF1	-1.60117	0.466896	-1.26247		
BBOX1	-1.32415	-2.17172	-1.11432	0.933068	0.370713
BBS1	-0.10942	1.669	0.91811		
BBS10	3.50707	4.43925	5.53734	6.22686	6.79294
BBS12	6.30478	4.56703	3.63711		
BBS4	-1.58162	-2.46653	-1.1653	-2.15881	-2.52537
BBS5	-1.29894	0.0577318	-0.996133		
BBS7	-2.10517	1.06737	-0.917682	-1.3398	0.427211
BBS9	-2.3441	-0.584238	-0.81906		
BBX	-3.04997	-1.16777	-1.90898		
BCAN	-2.30502	-2.95911	-2.6314	-0.914976	-1.56118
BCAP31	0.113223	-0.544696	0.229054		
BCAR1	1.40037	2.40516	2.57349	2.71679	3.50946
BCAR3	2.14334	0.527426	1.5051	8.56038	6.49519
BCAS1	-3.6866	-2.42579	-4.90164	-5.71155	-3.97254
BCAS2	0.610033	-1.2492	-0.789844		
BCAS3	0.749767	1.25287	1.18037		
BCAS4	-0.766347	1.31672	-0.110083		
BCAT1	0.0161751	1.03697	0.38864	-1.69181	-0.618072
BCDIN3D	-0.883894	0.476365	-0.882597		
BCHE	-3.46284	-3.20889	-3.88874	-2.8293	-3.32526
BCKDHA	0.84265	0.826706	1.55074		
BCKDHB	-2.61244	-3.51809	-2.8961		
BCKDK	3.46271	0.548883	3.26546	1.23746	-0.286624
BCL10	-0.842302	1.28211	-0.571805		
BCL11A	-0.161198	1.18948	-0.153528	0.756627	1.86942
BCL11B	0.628727	-0.0279672	2.03689	-1.74079	-2.39948
BCL2	0.0387244	-0.360384	-0.15813	4.26291	4.0129
BCL2A1	-0.90735	-1.84298	-0.852832	-0.814974	-1.52048
BCL2L10	0.389941	-0.401271	-0.508814	0.864284	0.217524
BCL2L11	-5.1553	-2.6564	-4.36117		
BCL2L12	-3.6362	-1.80394	-2.25003		
BCL2L13	2.54109	2.61174	4.63116	0.414442	0.217981
BCL2L2	3.28769	4.40762	3.51414	4.17839	4.78663
BCL3	-0.195999	1.48498	-1.34165	-0.784689	0.179645
BCL6	1.90615	0.807931	2.95319	2.52874	2.4395
BCL6B	-0.019633	1.06394	0.541187	-1.33988	-0.570889
BCL7A	2.02726	3.18193	2.49745	6.20943	7.02458
BCL7B	0.527489	0.584413	0.287097		
BCL7C	-0.776137	-1.98449	0.0900752	0.0333736	-0.716014
BCL9	-1.71592	-0.654695	-1.2924		
BCLAF1	1.57611	2.82126	3.47385		
BCLAF3	0.0944234	-1.15431	0.741079	1.27462	0.818106
BCO2	-3.57327	-0.724675	-3.04361	-3.7063	-2.00723
BCOR	0.575373	1.88499	-0.226794	0.548312	1.18714
BCR	0.708583	-1.03028	0.882642	0.0157287	-0.742856
BCRP2	0.5218	-1.25539	0.24864	0.699689	-0.317324
BDH1	3.41653	4.52149	4.11642		
BDH2	-2.33126	-2.96122	-1.809		
BDKRB1	-4.05047	-2.26706	-4.11098	-1.83729	-1.69709
BDKRB2	-2.08478	-2.65109	-4.46638	-0.475911	-0.772719
BDNF	1.87538	0.555371	1.43474	2.7072	1.17446
BDP1	4.39912	4.66673	4.31041		
BEAN1	-0.68954	0.71529	-0.521374	1.68805	2.39011
BECN1	0.69736	1.6965	0.371731	0.386124	1.14366
BEGAIN	1.79633	-0.443065	1.20326	3.42542	1.54062
BEND3	1.2282	-0.0763125	0.951212		
BEND5	4.63833	3.87456	8.52447	3.44272	3.84317
BEND6	-1.14295	0.809304	-1.78243	-3.83502	-1.03979
BEND7	-6.05867	-4.34795	-5.59195	-2.08435	-1.42367
BEST4	-0.920309	-0.132926	-0.521983		
BET1L	1.5241	-0.0648332	0.829338		
BEX1	2.87265	-0.152736	1.44654	1.87088	0.478269
BEX2	2.9965	-0.0417529	1.74273	1.56968	0.190546
BEX3	5.01063	0.254169	4.00516		
BEX4	-1.53488	-2.16462	-1.55585	0.265413	0.101111
BEX5	3.73948	4.20215	3.01306		
BFSP1	2.30387	-0.473954	0.279484	0.844655	-0.21796
BHLHB9	0.650307	0.297836	0.907541	0.920075	1.09308
BHLHE22	-2.92669	-1.91465	-3.38695	-1.50103	-1.49862
BHLHE40	0.170689	1.65953	0.859389	0.940645	1.47117
BHLHE41	-1.43839	0.845248	-1.90396	-0.0178482	0.800938
BHMT	2.0972	-0.0287291	0.692372		
BHMT2	-0.425159	-2.54082	-0.836896	-1.07471	-1.86307
BICC1	6.22309	4.47558	4.98056		
BICD1	0.0549394	1.29594	0.58496	-0.288387	0.0364761
BICD2	0.709392	1.73273	1.07114		
BICDL1	0.71864	1.7528	0.718211	2.24593	2.65624
BICDL2	0.424154	1.23046	-0.0221782	-2.28922	-1.50591
BICRAL	2.89168	3.17618	3.9606	5.1362	5.52135
BID	-3.79265	0.237269	-3.18179	-4.56515	-1.36855
BIN1	-1.9944	-2.72153	-1.97305		
BIN3	1.48446	2.28874	0.971561	1.4648	2.03416
BIRC3	1.35465	-1.2904	1.6505	0.10885	-0.932362
BIRC6	-1.82702	0.0224916	-0.586896		
BIVM	1.0541	1.93606	1.3238		
BLCAP	3.10442	0.0118432	2.6374	0.804539	-0.197527
BLID	0.366954	0.188803	1.06092		
BLM	0.0773214	-0.431812	-0.763382	2.43126	2.13111
BLMH	-2.97943	0.0258025	-4.52753	-3.6515	-1.77766
BLNK	-1.94176	-2.70138	-2.89467	-3.04218	-3.33329
BLOC1S1	-0.926654	-2.399	-2.81965		
BLOC1S2	1.56474	-0.825709	0.0990444		
BLOC1S4	0.82127	0.915625	0.746294		
BLOC1S6	-0.407758	-2.03269	-1.4992	-1.22051	-1.68386
BLVRA	1.26446	1.67674	1.59402		
BLVRB	-3.20334	-4.35334	-3.67339	-2.98991	-3.20026
BMP1	-0.287856	0.817655	-0.0644913		
BMP2	-0.348262	1.01516	0.483359	-0.0487775	0.17744
BMP2K	-1.35166	-0.595698	-2.05171		
BMP6	-0.0795833	-0.208746	-0.0359331		
BMP7	-4.01901	-4.39666	-3.77871		
BMP8A	-2.66667	-0.445738	-2.73543	-0.270756	0.586189
BMP8B	-1.36947	-0.651868	-1.90785	0.470133	1.06367
BMPER	3.7921	4.17199	4.6211		
BMPR1B	-1.32193	-1.70451	-0.453809	1.45763	1.4908
BMS1	0.914612	2.05724	1.13659	0.348002	0.824399
BMS1P1	0.318454	1.94476	1.7631	2.47309	3.47728
BMS1P14	0.123392	-1.09646	-0.848174		
BMS1P2	-1.11959	1.1712	0.616467	0.236039	1.35215
BMS1P20	1.8081	2.68899	1.54825	0.64253	1.28785
BMS1P4	-1.39747	1.03087	-0.837303	0.786695	1.75907
BNIP2	-2.40102	-3.38872	-2.66568	0.0516182	-0.180793
BNIP3	2.20248	2.06768	2.42085	1.28642	1.1526
BOD1	0.220681	-0.930228	-0.456132		
BOD1L1	-2.43882	0.265128	-2.71335		
BOLA1	0.402078	-1.03703	-0.831382		
BOLA2-SMG1P6	-1.98638	-0.574878	-1.05206		
BOLA3	-0.402652	-0.0715202	-1.97426	-1.35816	-0.980751
BOLA3-AS1	-0.228467	-0.012478	-0.398174	-2.02334	-1.85057
BOP1	2.22839	0.570048	1.5586		
BORA	-0.852248	0.7305	-0.204188		
BORCS5	6.821	2.45436	5.65449	0.333517	-0.250029
BORCS7	-0.148682	-1.69195	-1.34846	-0.218603	-0.960489
BPGM	-1.53241	-2.23196	-2.21158		
BPHL	0.345576	-1.89574	0.114025	-1.10692	-2.01062
BPNT1	-4.47631	-5.06576	-3.05568		
BRAF	0.0297641	1.71099	1.67644	1.01052	1.63292
BRAP	1.21117	2.20302	0.735604		
BRAT1	-2.86109	-1.60108	-1.68352		
BRCA1	-0.697	0.751232	-0.651532	-1.4788	-0.684959
BRD1	-0.978982	-0.0731896	-1.20873		
BRD2	-7.4817	-2.56126	-6.21885	-3.74792	-2.80724
BRD3	-0.765188	-0.363547	-0.909199		
BRD7	-0.711951	-2.07138	-2.07886	-1.64727	-2.18809
BRD8	3.13655	3.80853	3.89139	3.53543	4.17499
BRF1	0.525224	1.6694	1.02651		
BRF2	3.98581	1.00893	2.57957		
BRI3BP	0.0519765	1.47868	1.51877		
BRICD5	2.71114	3.44379	2.84582	2.72218	3.60151
BRINP1	-0.534001	1.29857	-1.61998	-0.366659	0.525855
BRINP2	-1.1305	0.554285	-3.00674	1.77328	2.32698
BRINP3	-0.294782	-0.0830234	-0.119199	1.14994	0.988406
BRIX1	-0.477899	0.856376	-1.04792		
BRK1	4.1021	0.424675	3.62907	2.7794	0.962674
BRMS1	-1.76003	-2.77441	-1.68036	-5.61892	-6.15591
BRMS1L	3.32461	-0.67629	1.44591	1.30834	-0.179489
BROX	-2.5927	-1.68429	-2.28977		
BRPF1	0.868513	1.98814	0.993517		
BRPF3	7.59683	3.53908	5.01879		
BRSK1	-2.51565	0.0695653	-1.81878	-1.02881	0.078687
BRSK2	-4.24922	0.505194	-3.47296	-1.3564	-0.533739
BRWD1	5.45714	-0.1191	4.46724	3.32784	0.698385
BRWD1-AS2	-0.0603818	1.1069	-0.475855		
BRWD3	-0.706252	1.07163	-0.7067	0.631905	1.5456
BSDC1	-0.947085	0.681035	-0.693263	2.08048	2.96961
BSN	4.52992	1.40036	2.84719	3.31743	2.18331
BSPRY	1.59885	-0.123923	2.17322	0.399237	-0.688532
BTAF1	-0.761219	0.105864	0.210316		
BTBD1	3.97194	1.65248	2.90232	3.36496	2.53731
BTBD10	4.18066	2.30309	4.7133		
BTBD11	4.46037	4.34933	4.75774	3.95706	4.19414
BTBD17				-3.65994	-4.04917
BTBD3	-2.35953	0.0373469	-2.37282	-2.50033	-1.41678
BTBD7	2.8915	1.56152	2.74923	4.35378	4.43944
BTBD8	-1.49029	0.459344	0.0454163		
BTBD9	1.68006	-1.0199	0.668334	0.062813	-0.918455
BTC	0.615026	-1.3836	-1.68757	-0.262302	-1.09018
BTD	1.3595	0.870995	1.16142		
BTF3	-6.39795	-3.9635	-6.21103		
BTF3L4	-2.9248	-1.45759	-3.39014		
BTF3P11	-0.883587	-1.89192	-1.2857		
BTG1	-2.85627	-3.07468	-4.08967	-0.980511	-0.875608
BTG3	-1.44471	-1.92243	-3.31694	-0.333449	-0.578346
BTG3-AS1	-1.13848	-0.783041	-2.00236	-0.244606	-0.326979
BTN2A1	-0.199745	1.62665	0.930218	0.512315	1.30098
BTN2A2	-6.28699	-2.30556	-5.19685	-5.31625	-3.86979
BTN2A3P	-4.47438	-3.50426	-2.84312		
BTN3A1	-1.70988	-0.956667	-1.96157	-2.88679	-2.23166
BTN3A2	-3.162	-3.52122	-3.54106	-2.73978	-2.65706
BTN3A3	-1.47928	-0.218356	-1.79272	-2.23828	-1.08784
BTNL2	-1.9056	0.253437	-1.84301		
BTNL9	-1.14515	-2.63852	-1.10331	-0.279192	-1.11328
BTRC	3.70255	0.413835	1.92146	0.791438	-0.213062
BUB1B	-0.615386	0.00136085	-2.96996	0.506018	0.784199
BUB3	-1.67907	0.578336	-1.76845	-2.18924	-1.2555
BUD13	1.44694	2.91231	1.87037	2.07004	2.84776
BUD23	-2.51401	-1.04168	-3.67383		
BVES	-0.333262	0.441454	-0.157447	-2.18735	-1.20171
BYSL	4.40833	1.60882	3.19472	1.00627	-0.199411
BZW1	-1.26947	-1.45813	-0.755494		
BZW2	0.606793	1.2414	0.511544	-0.0327442	0.224209
C10orf105	-5.37755	-5.19405	-4.73543	-3.60635	-3.99258
C10orf143	0.259742	0.265379	0.305775		
C10orf82	2.32437	1.16608	2.49522		
C10orf88	-0.330738	0.296369	-0.0876477		
C11orf1	-2.33306	-2.80939	-3.02073	-2.19623	-2.88616
C11orf24	0.11927	1.14281	0.458347	-0.685481	-0.237889
C11orf54	-3.88877	0.0457794	-1.51994	-0.387611	0.365224
C11orf58	0.0129364	0.544655	-0.376531		
C11orf65	-2.5646	-3.02344	-2.80004		
C11orf68	4.34041	4.46576	4.95563		
C11orf71	1.23008	-0.352388	0.354416	1.26875	1.28702
C11orf74	1.44021	-0.109641	0.475659	0.0973825	-0.295929
C11orf80	-0.452812	-0.315828	-0.20826		
C11orf87	6.62143	5.60341	6.91536	3.29477	3.0645
C11orf95	2.53184	0.380926	2.55559	5.24748	3.11849
C11orf96	-1.89099	-2.52214	-1.65817	-3.00147	-2.72135
C11orf97	1.27036	-1.25992	0.80022	0.430444	-1.01204
C12orf10	-0.239245	0.518382	-1.43614	-2.26022	-1.87933
C12orf29	3.51181	3.27997	7.15675	3.16583	3.27453
C12orf4	7.55474	5.41116	6.9567	3.84134	3.90079
C12orf42	0.205508	-0.939505	0.136265	2.07967	1.10667
C12orf43	4.13943	3.82777	5.12891		
C12orf45	0.669218	-1.59784	-0.052491	-1.80521	-2.14692
C12orf49	-0.335843	0.423834	-0.835233	-1.56558	-1.12009
C12orf54	1.09196	1.74535	0.398375	1.27855	1.87216
C12orf57	0.138013	1.50898	-1.26213	-0.67579	-0.0717466
C12orf60	1.41154	0.414726	1.30139		
C12orf65	0.812067	1.84227	0.535058		
C12orf73	2.20845	-0.717877	0.781203	0.385453	-0.594887
C12orf75	-4.73174	-3.6744	-5.19302	-3.11228	-3.15422
C12orf76	2.4843	0.843014	3.16829	-0.0350206	-0.756744
C14orf119	-0.764296	-0.931276	-2.36732	-2.13416	-2.45897
C14orf132	0.00652089	-0.64244	-0.788076	2.64849	1.9284
C14orf144	-2.37673	-2.68239	-1.33151		
C14orf177	-4.4307	-3.56633	-3.74243	-1.51903	-1.20772
C14orf28	5.1589	2.66999	3.3813		
C15orf39	0.743227	1.1326	0.381227		
C15orf40	-2.84365	-3.60159	-3.94503		
C15orf41	-0.128421	1.20351	-0.138517	-0.546953	0.149118
C15orf59	-4.61292	-3.35615	-5.00946	-4.01677	-3.23632
C15orf61	-0.494651	-0.434239	-1.00401		
C15orf65	0.986329	-0.465121	0.140751		
C16orf45	2.65183	3.11256	1.98023	1.91008	2.40999
C16orf46	1.031	1.85377	1.55857		
C16orf58	4.33041	0.8894	3.52411	3.95334	1.18704
C16orf70	1.04227	0.253958	0.315165		
C16orf72	0.764998	1.83957	0.36514	1.15522	1.57454
C16orf74	-2.27072	-2.82048	-2.29449	-1.31739	-0.706789
C16orf86	2.24796	2.576	1.30895		
C16orf87	7.52479	3.81036	7.83366	6.10429	4.55403
C16orf89	-0.983943	-1.84352	-0.757238	1.93425	1.29833
C16orf91	1.66408	1.67552	1.40119		
C16orf95	2.30447	-0.429686	1.48181	0.301463	-0.741226
C17orf100	1.05	2.36621	0.678811	1.30198	1.90246
C17orf51	1.21193	-0.170052	0.73415	0.073343	-0.639163
C17orf58	1.08557	-0.640752	1.42898		
C17orf67	3.10601	-0.233251	2.18778	-0.0395332	-1.14684
C17orf75	-0.0981347	1.70527	1.10872	-1.72447	0.27272
C17orf80	-0.975491	0.443961	-0.36823		
C17orf97	3.0661	2.82504	5.57024		
C18orf21	-2.43526	-0.10292	-3.08817		
C18orf25	2.22314	2.8112	2.37728	2.69026	3.14821
C18orf54	1.46975	1.94431	1.55909		
C19orf12	5.54107	1.32688	4.16137	3.56905	1.55784
C19orf25	-2.8107	0.625361	-2.56109	-0.257099	0.977079
C19orf38	-0.787565	-2.01651	-1.32578		
C19orf44	-2.25923	-1.54806	-2.20707		
C19orf47	4.49774	4.29885	5.28496		
C19orf48	-1.99274	-3.11585	-2.20678		
C19orf53	-0.522191	-1.79354	-1.39175		
C19orf57	1.9022	1.02073	3.55425	2.15438	1.77534
C19orf66	1.09374	2.17854	1.43056		
C19orf70	2.10656	-0.465224	1.39351	0.0285116	-0.976463
C19orf73	1.51375	2.48392	0.775451	1.50854	2.03415
C1D	2.84932	0.210878	1.34314		
C1GALT1	2.15464	0.786345	2.257	-0.0435201	-0.577327
C1GALT1C1L	-0.646839	0.0719154	-0.969364		
C1QA	-1.7944	-2.50313	-3.26376	-2.1025	-2.39955
C1QB	-1.92769	-2.53284	-3.01738	-2.74799	-2.94172
C1QC	-2.33482	-2.7544	-3.43582	-2.11133	-2.46775
C1QL1	1.2098	-1.27537	1.68839	1.11439	-0.556215
C1QL2	1.38079	-0.831553	1.27792	0.429348	-0.604446
C1QL3	4.38075	0.269995	3.67456	1.83721	-0.239786
C1QL4	2.39451	0.00576458	1.8474		
C1QTNF12	1.63231	0.654492	1.54464	2.47207	1.24664
C1QTNF2	0.659738	0.0603514	0.743133	1.90396	1.23797
C1QTNF3	-1.04967	-1.91659	-1.13359		
C1QTNF4	2.42044	2.6398	1.38841		
C1R	4.14411	0.591246	5.63599	5.39583	2.41576
C1RL	1.37862	2.52537	1.8249	3.79033	3.39259
C1S	5.4905	1.27843	4.43651	4.83923	1.93966
C1orf100	-0.72984	0.0822007	-0.355207		
C1orf109	1.09084	2.01993	1.27231		
C1orf115	3.03032	2.3725	4.84006	6.8393	4.69718
C1orf122	-1.6054	-2.65293	-2.43919	-2.58313	-3.1042
C1orf123	0.0335114	-1.21313	-1.03651		
C1orf131	-0.155736	-0.577181	-1.1497		
C1orf162	-1.76241	-0.217996	-1.89747	-0.0757116	0.734234
C1orf167	2.75352	4.14525	3.3164	3.14507	3.57906
C1orf174	0.851943	2.08069	2.03338		
C1orf194	0.114459	-0.895501	0.0508876	1.58974	0.757657
C1orf198	-2.15155	-2.61939	-1.45723		
C1orf21	-2.21537	-2.76885	-2.02807	0.444279	-0.0262239
C1orf216	0.120292	-1.34747	-1.2571		
C1orf220	0.254983	-1.20949	0.1262	0.564395	-0.19019
C1orf226	-0.265731	-2.04676	0.147891	-1.11279	-1.88787
C1orf50	0.175241	-1.75764	-0.665166	-1.99908	-2.02693
C1orf52	-0.205796	-1.39338	-0.0554396	-1.8816	-2.33942
C1orf53	-2.41816	-3.38848	-3.95967		
C1orf54	-4.03207	-3.96276	-3.63629	-2.67656	-3.19437
C1orf56	-0.398559	-1.29482	-0.878676		
C1orf61	-1.88891	-2.47422	-2.33115	0.243917	-0.859769
C1orf74	4.5444	2.36216	2.83447	1.88387	0.972382
C1orf94	-1.57358	-2.86148	-2.45201		
C2	-1.24423	-2.05388	-2.1756	-5.69181	-5.70015
C20orf194	-1.43422	-2.49247	-1.04378		
C20orf196	3.15499	4.13561	2.5472		
C20orf27	2.19926	-1.20423	0.759397	-0.322759	-1.29314
C20orf96	-3.36952	-0.929866	-3.23236		
C21orf2	2.76338	-0.00134089	1.91234	1.00195	-0.0509402
C21orf58	0.139725	1.42987	0.427717	0.266344	0.845015
C21orf91	-1.38391	0.0599884	-0.634324	-3.32363	-2.2783
C22orf15	-4.4932	-3.10424	-3.70414		
C22orf23	-0.508196	-1.63639	-0.728036	1.61868	0.567907
C22orf39	0.422613	-1.46474	-0.59495	-0.367728	-1.23062
C2CD2	1.64012	1.5838	4.58088	0.298646	0.237396
C2CD2L	2.84203	0.512999	2.7049	3.50919	1.72318
C2CD3	-0.870756	1.48798	0.168037	1.72242	2.09154
C2CD4C	4.65751	0.143479	8.88725	9.49875	1.98328
C2CD4D	0.68259	0.951814	0.745145		
C2CD5	0.410681	1.63604	0.820594	0.900307	1.85496
C2orf15	-0.633354	0.135484	0.157044		
C2orf27A	2.0148	2.21337	2.69453	1.73328	1.89514
C2orf40	1.82504	1.45789	3.753	0.984297	0.652857
C2orf42	1.16869	1.76641	1.31039		
C2orf49	1.39809	2.62294	2.05535		
C2orf50	1.5112	2.16979	0.829195		
C2orf54	-0.943524	0.0830115	-0.533101	0.957049	1.6998
C2orf68	-3.03794	-1.22465	-3.04	0.401145	1.01045
C2orf69	2.13925	-0.933095	0.720486	0.101453	-0.903968
C2orf70	-2.89854	-3.27407	-3.72135		
C2orf72	0.297646	0.507576	1.29944		
C2orf73	0.958624	-0.681093	1.00074	2.6622	1.28087
C2orf74	0.663394	-1.05889	-1.22379	-1.4102	-1.84578
C2orf80	2.57246	-0.522022	1.57372	2.00646	0.132622
C2orf81	1.59916	0.919286	1.54013		
C2orf88	-1.83755	-1.08087	-1.3623	-3.73078	-2.87691
C3	-2.88192	-3.21914	-3.81866	-4.48355	-4.72297
C3AR1	-3.91244	-4.34703	-2.95669		
C3orf14	0.167476	-1.58684	-1.29366	-2.07106	-2.60548
C3orf18	1.75167	2.85674	3.40919	0.826707	1.27824
C3orf35	-0.326203	1.76176	0.88532	-0.307723	0.673848
C3orf38	-1.05094	0.333566	-0.46865	1.42886	2.14335
C3orf58	3.15355	3.97712	2.74233	3.41472	3.88494
C3orf62	-2.60435	0.177396	-2.00193		
C3orf70	-0.588907	-1.51062	-0.333722	1.12289	0.496975
C3orf80	6.44544	4.61268	7.0305	4.1029	4.03144
C4orf3	-6.7283	-1.47616	-6.1065	-3.82939	-2.48968
C4orf33	-4.00362	0.296164	-3.98484	-5.48429	-1.29689
C4orf45	3.91465	0.582863	3.562	1.87541	0.872622
C4orf47	1.45102	1.90119	2.79269		
C4orf48	0.870261	0.47194	0.199196		
C5	1.07492	-0.338246	1.11085	1.11476	0.830292
C5orf22	-1.40996	-0.00416201	-0.966664		
C5orf24	-2.96368	-0.0343021	-4.54873	-1.5306	-0.646691
C5orf30	6.76465	3.94184	5.04168	2.84091	2.34514
C5orf42	-1.2675	0.218	0.163265		
C5orf49	1.89121	-1.21097	1.97156	1.55585	-0.25426
C5orf56	-4.15512	-1.94164	-3.10573	-0.87506	-0.203448
C5orf58	-3.61045	-3.10316	-3.75243	-2.3829	-2.22002
C5orf64	-0.948549	-0.458632	-0.718727	-3.82696	-2.81112
C6orf106	1.76491	2.66529	2.07812	1.18807	1.6001
C6orf118	-2.02491	-2.74821	-2.93245	-2.64793	-2.91656
C6orf120	0.484227	1.75842	0.320676		
C6orf136	1.80192	2.36911	3.08764	0.55405	0.921779
C6orf141	-0.419291	-2.12862	-0.337566	0.301247	-0.830469
C6orf203	0.878612	-0.192911	0.40993		
C6orf226	-0.921736	-1.36045	-1.08766		
C6orf47	-2.87993	1.17945	-1.3528	-0.820015	0.796126
C6orf48	-4.52365	-4.69285	-7.82035		
C6orf52	1.07259	-1.06255	0.972413	0.786036	-0.474976
C6orf62	0.13683	0.109092	0.427725		
C7	1.11246	0.743918	1.0161		
C7orf13	-0.45263	-1.78119	-0.372677	-1.32526	-1.70602
C7orf50	-0.529417	-1.64222	-1.4978		
C7orf57	-1.80999	-0.497641	-1.96285	-0.964324	-0.37681
C8G	0.688126	-0.341235	0.155147		
C8orf31	-1.40965	1.09012	-0.270301	0.595119	1.12572
C8orf33	0.658233	-0.563529	1.55497	-1.21423	-1.7968
C8orf34	-2.17027	-2.7332	-1.59323	-2.33401	-2.80859
C8orf44	1.2455	0.554485	1.44249	1.96134	1.38765
C8orf46	3.17977	0.448964	3.26653	0.83038	-0.640501
C8orf59	1.10936	2.22568	1.57127		
C8orf82	0.737918	-0.665199	2.75677	1.49754	1.00411
C9orf116	0.464735	-0.430469	0.525482	-0.680217	-1.38946
C9orf129	4.59097	4.76895	3.46867		
C9orf16	-3.69272	-5.01174	-5.304		
C9orf24	1.66265	1.63082	3.73557	0.129154	0.0617688
C9orf3	-4.35414	0.0558293	-2.94577	-4.52474	-1.60841
C9orf40	4.87489	1.66548	3.11653		
C9orf50	1.18585	0.426522	0.371929		
C9orf64	-0.0388552	1.76257	1.48518		
C9orf72	1.09218	2.66295	1.12543	3.0762	3.71982
C9orf78	-4.19363	-4.43318	-4.96511		
CA10	6.10273	1.36083	5.36079	2.902	1.54194
CA11	2.50215	-0.653139	1.3327	2.1194	0.47402
CA12	-7.69834	-4.81994	-6.99832	-6.27361	-5.41228
CA13	2.12179	2.89145	3.09814	-0.0335058	0.741572
CA14	-0.451911	0.128013	-0.316278	-3.56553	-2.63589
CA2				-2.50983	-1.9008
CA4	6.62275	2.87059	5.30017	4.08401	3.17722
CA5A	-1.46728	-1.19719	-2.41436	-4.13185	-4.0081
CA5B	-4.50992	-4.76737	-3.42299	-1.81792	-2.37658
CA7	1.0776	2.0447	0.958576	-0.472427	0.304696
CA8	-1.76171	-2.4711	-2.40544	-1.93977	-2.2893
CAAP1	-1.16981	1.25674	-0.323984		
CAB39	1.11757	1.90713	1.75325	-0.722129	0.121097
CAB39L	-1.15629	0.719795	0.0782602	0.117708	0.906401
CABCOCO1	-1.85579	-2.73577	-2.16572	-1.73123	-2.0458
CABLES1	-1.36378	-1.95422	-2.10553	1.0611	1.16876
CABLES2	3.38866	4.3384	3.71433	2.33051	2.79445
CABP1	0.805408	1.91085	2.00852	0.230011	1.00944
CABP7	-4.4219	-4.88494	-6.017	-8.26155	-8.64276
CABYR	3.94978	1.01672	3.12476	0.357561	-1.01695
CACHD1	-2.04367	-2.88009	-2.42803	0.920951	0.0671915
CACNA1A	-0.969456	1.35653	-0.419084	0.157783	1.08665
CACNA1B	3.24833	3.21398	2.69745	2.71183	2.36915
CACNA1C	0.421857	1.73774	0.372514	2.63137	3.34352
CACNA1D	-0.337922	1.0815	-0.971164		
CACNA1E	-3.22973	-3.68842	-3.57782	-2.47534	-2.79341
CACNA1F	0.66111	-0.790062	-1.0362	-0.122824	-0.611911
CACNA1G	2.94646	3.85203	4.41542	4.52752	4.61417
CACNA1H	-0.242362	-2.26199	-0.520653	-3.02681	-3.48526
CACNA1I	-0.136683	1.25901	0.005374	1.25811	1.85219
CACNA2D1	1.64099	0.875442	2.16985	1.54098	0.806742
CACNA2D2	1.46592	2.5743	2.53876	0.837936	1.44136
CACNA2D3	3.73859	3.84341	5.15081	3.41313	4.57191
CACNB1	2.19694	2.20956	3.41389		
CACNB2	7.88598	4.54272	9.63079	6.43469	5.37278
CACNB3	1.15801	0.368192	-0.0263951	1.42107	0.819427
CACNB4	-0.175489	1.43415	-0.197791	-2.18114	-0.114645
CACNG1	-0.502733	-1.89165	-0.533627	-0.32826	-1.06233
CACNG2	2.59097	3.50228	2.91936	2.53067	2.83387
CACNG3	4.22767	-0.225581	2.10877	0.717178	-0.583281
CACNG4	-3.89332	-4.74166	-3.89491	-0.971033	-1.53573
CACNG6	2.43252	1.55339	1.33105	0.662868	0.650145
CACNG7	-1.94746	-0.24473	-1.62252		
CACNG8	2.17678	3.08961	3.01463	0.433346	0.859081
CACTIN	-3.60984	-1.25435	-2.50083		
CACUL1	0.362422	-1.54541	-0.17952	-1.07499	-1.60686
CACYBP	0.833744	-0.502522	0.387281		
CAD	2.96254	3.35158	2.77257		
CADM1	0.0337524	-1.52189	0.0869173	1.3667	0.0146887
CADM2	0.772243	1.41995	-0.144148		
CADM3	-1.29836	-2.19411	-2.09535	-0.648389	-1.07651
CADM4	-4.18261	0.162283	-2.42448	-3.11979	-1.28789
CADPS	0.415473	0.166709	-0.0782474	-2.26833	-3.19764
CADPS2	0.226286	1.6575	-0.385686	-0.857881	0.325898
CALB1	2.37065	0.0336384	3.33104	4.79506	1.98256
CALB2	0.455998	-0.809164	-0.0873364	0.922255	0.464023
CALCOCO1	1.81543	2.81936	1.68899	2.63674	3.00953
CALCRL	1.90162	1.61053	2.50714	2.04755	2.16819
CALD1	-1.04647	-2.26153	-0.652819	-1.37991	-1.84656
CALHM1	3.59125	2.40496	4.50751	2.49698	2.34392
CALHM2	6.94014	1.99972	4.03823	2.78261	1.81023
CALHM6	-0.0820123	-1.55274	-1.26401	-1.60072	-1.92766
CALM1	1.05009	-1.22988	-0.565572		
CALM2	0.39461	-0.817417	-1.62068		
CALM3	3.08664	-0.97139	3.00171	1.55413	-0.411193
CALML3	2.70616	3.6295	2.10181	4.03093	4.03114
CALML4	-1.44775	-0.801748	-2.29745	1.68423	2.37941
CALML6	-1.69617	0.0927729	-2.71939		
CALN1	-6.66978	-3.99131	-5.82576	-4.27482	-4.86945
CALR	1.92415	0.470407	0.613433		
CALU	1.32382	-0.495091	1.2111		
CAMK1	-1.11262	0.15056	-1.96598	-0.600355	-0.277677
CAMK1D	1.44007	2.50949	0.488201	0.767603	1.34856
CAMK1G	6.7649	4.37507	10.101	5.61302	5.21401
CAMK2A	1.55427	1.67564	1.28877	2.35663	2.53622
CAMK2B	-1.86478	0.380043	-0.861845		
CAMK2D	1.11857	-0.852953	0.363644	2.77857	0.63979
CAMK2G	-1.3254	0.741539	-1.56728	-2.76087	-0.962317
CAMK2N1	0.922874	0.0749241	-0.0662001	2.31044	1.77783
CAMK2N2	-2.85507	-2.6116	-5.46454	-1.99167	-1.8939
CAMK4	3.16903	2.24026	2.23103	3.09203	2.58594
CAMKK1	1.38709	1.858	0.164513	-0.927374	-0.629736
CAMKK2	5.78863	5.52807	5.28616	3.97503	4.25092
CAMKMT	-0.143292	-0.0420792	1.88994		
CAMKV	2.15436	-0.111093	2.34187	3.61319	1.35646
CAMLG	2.11862	0.00319252	1.78187	1.29207	0.545163
CAMSAP1	-0.492598	-1.32882	-0.39927	-0.73641	-1.16383
CAMTA1	0.883515	2.00117	0.344319	0.085649	0.94247
CAMTA2	-1.86712	0.917836	-1.51774	-0.889812	0.301772
CAND2	3.95859	4.21108	4.20667		
CANT1	0.643384	-0.297903	0.787606		
CANX	3.99782	-0.208363	3.6083	2.77032	0.333232
CAP1	1.5764	-0.934535	0.901917	0.354685	-0.920893
CAP2	0.766433	0.821172	0.641253	1.86858	1.9823
CAPG	0.362453	-1.3746	0.812295	2.41731	0.789308
CAPN1	0.192273	1.10893	0.726233		
CAPN10	0.320662	-0.174602	0.550392		
CAPN12	2.17356	0.339991	1.29005	2.60226	1.78104
CAPN15	-4.23177	-0.803587	-3.89827	-1.71009	-0.451937
CAPN2	-7.3178	-5.79054	-5.83135		
CAPN3	-1.23523	-0.222531	-1.05481	-4.56599	-3.03004
CAPN7	-2.19065	0.349229	-0.798829	1.23117	2.04798
CAPNS1	1.73732	0.223436	2.0348		
CAPNS2	1.23913	-0.155977	0.789441		
CAPRIN1	2.67011	0.00253151	1.37768		
CAPRIN2	-4.33081	-3.69031	-4.78676		
CAPS2	3.95011	5.17858	4.37125	3.77003	4.47005
CAPSL	-0.645864	-2.43012	-1.6381	-1.69626	-2.24447
CAPZB	-3.21832	-4.41658	-3.82291	-1.93616	-2.42075
CARD14	-2.12419	-1.20179	-1.98037	-6.28565	-4.93406
CARD16	-0.330796	-1.84635	-2.16873		
CARD17	-0.53911	-1.80084	-1.96964	-0.143522	-1.17689
CARD19	-0.989234	0.402416	-1.66343	-2.84867	-2.10312
CARD8	-4.76246	-3.53884	-4.35948		
CARD9	-4.88026	-1.71069	-4.9327	-1.8705	-0.719539
CARHSP1	-1.45912	-2.52362	-1.96131		
CARMIL1	1.29572	-0.0284323	1.12935		
CARMIL2	-0.331171	1.2215	-0.842052		
CARMIL3	0.793789	-1.58448	0.538541	-1.13346	-1.87833
CARNMT1	0.653139	1.53788	0.410733		
CARNS1	0.180439	0.673514	0.491496	-2.56994	-1.9751
CARS	-0.580308	-0.00735779	-2.43641		
CARTPT	4.62343	2.19456	3.45192	7.20445	7.01439
CASC1	-0.108368	0.875515	-0.73536		
CASC10	1.78364	-0.0658454	1.98791	3.62162	2.77149
CASC15	1.47974	2.45931	1.81263	1.35046	1.63055
CASC2	-1.75475	-0.422956	-0.804075		
CASC4	-1.55694	-2.25828	-1.48321		
CASD1	0.545594	0.438071	1.48196		
CASK	1.93258	-0.70728	1.99082	3.05699	0.496427
CASKIN2	-5.74797	-4.56736	-5.59103		
CASP1	-1.5642	-2.48922	-4.53149	-2.02656	-2.33268
CASP10	-0.687501	-0.213942	-0.8266		
CASP16P	-2.57502	-1.25106	-1.70347		
CASP2	-3.32586	-1.69112	-2.55319		
CASP3	-0.598788	1.35384	-0.524608	2.34588	3.22165
CASP5	-1.71955	-3.654	-3.7643	-2.48478	-3.07776
CASP6	-1.75679	-2.42267	-2.81914	0.255686	-0.0895463
CASP8AP2	1.31656	2.65307	1.60884	4.19851	4.72551
CASQ1	6.05573	3.17547	6.0487	3.87385	2.71994
CAST	0.794667	1.8553	4.11427	0.0166589	0.720639
CASTOR1	-1.13391	-1.97002	-1.28566	1.31915	0.588793
CASTOR2	-1.47293	0.0412343	-0.729371	1.78053	2.61589
CAV2	-0.134636	0.10368	0.272408	0.600469	0.821292
CAVIN1	-0.805258	0.0419306	-0.438976	-3.57629	-2.48971
CAVIN2	0.360021	1.01629	0.628251		
CAVIN3	-3.21662	-4.76386	-5.35198	-2.95572	-3.3318
CAVIN4	1.39675	2.28578	1.61304		
CBFA2T2	0.0339303	0.905122	0.465106		
CBFA2T3	4.73262	1.52349	4.74642	3.34683	1.94384
CBFB	-3.88277	-3.77198	-3.37833	-1.83561	-2.37144
CBLB	-0.358533	1.20362	0.453312		
CBLL1	2.27992	1.0443	2.09865		
CBLN1	6.6337	2.91139	5.49238	3.28687	1.82278
CBLN2	4.4723	3.63536	8.32069	3.30629	3.26734
CBLN4	2.74173	2.33403	1.44211	3.36673	4.17632
CBR3	-0.383098	-1.41917	-1.29999		
CBWD1	-2.64867	0.268701	-1.03595	0.762101	1.75478
CBWD5	0.3466	1.46874	1.095	-0.160562	0.629307
CBX1	0.990003	-0.333651	0.799535		
CBX2	-0.0209437	0.181891	-0.937753		
CBX5	-1.16634	0.0840486	-0.916677	1.24763	1.98181
CBX6	-0.124895	-1.16219	-0.231206		
CBX7	0.707391	2.55265	0.193341	1.59979	2.526
CBX8	0.926776	-0.0546052	-0.588801		
CC2D1A	0.354984	0.413645	0.536756		
CC2D2A	0.60808	-0.0974755	0.904419	0.927393	0.796305
CC2D2B	-2.4382	-3.08206	-2.57618	-0.275215	-0.908172
CCAR1	-3.05446	-2.23402	-3.12362		
CCBE1	0.248065	-1.91247	0.979992	-2.87075	-3.41314
CCDC102A	-3.56021	-4.41255	-3.12285		
CCDC102B	2.72917	1.5078	3.69831	0.823805	0.500868
CCDC103	1.43429	-1.27559	1.11926	-0.0205494	-0.790298
CCDC107	-0.189625	0.110177	-1.45172		
CCDC110	3.41073	2.31519	5.83674	2.4368	1.93635
CCDC112	0.238532	-1.21994	0.670268	0.0189609	-0.965471
CCDC115	1.12585	2.77759	1.71859	1.40656	2.05699
CCDC12	2.82017	3.80513	2.26564	2.62946	2.92753
CCDC120	0.149424	0.431769	1.62565	2.86172	3.08066
CCDC121				-0.19498	0.247093
CCDC122	-0.743065	0.732224	-0.240808	-2.71318	-1.76937
CCDC124	2.79776	0.7919	1.89752		
CCDC125	-2.0378	-0.544418	-1.39362		
CCDC126	1.39943	2.32968	1.6028	-0.519775	0.491473
CCDC127	-0.0132535	-0.971795	-0.164618		
CCDC130	0.349401	1.66266	1.34391	1.12755	1.89979
CCDC134	-3.75717	-1.35597	-4.49667		
CCDC136	-3.26045	-0.160539	-3.59066	-1.13366	0.262732
CCDC138	-1.97119	0.494204	-1.44883	-0.721376	0.0384841
CCDC14	1.32371	2.19633	1.85989	2.6204	2.98948
CCDC142	-1.61839	-0.102796	-1.99005		
CCDC144B	-0.233516	1.19325	-0.295439	1.63986	2.40334
CCDC144CP	-1.17751	0.797241	0.016981		
CCDC144NL	-2.10404	-0.298315	-2.03924		
CCDC146	-5.06796	-0.629995	-4.86595	-1.10644	-0.261701
CCDC148	0.210347	-1.09779	-0.139516	1.60531	0.49092
CCDC149	1.77171	1.13759	2.39764		
CCDC151	-1.44256	-0.238485	-1.10474	0.00337304	0.506111
CCDC152	-3.16145	-2.90441	-6.18702	-2.44933	-2.08886
CCDC153	0.160384	-1.19771	0.189034	-1.19596	-1.73065
CCDC154	0.625298	1.94353	1.33483		
CCDC158	2.35629	0.890085	1.75551	5.2199	4.26598
CCDC159	-2.52216	-3.59371	-2.13722		
CCDC160	-0.907007	-0.847167	-0.294521	-2.00688	-2.07768
CCDC167	1.12998	-1.17471	-0.0230433	0.103555	-0.817556
CCDC171	-1.79159	-2.26848	-2.62194	-0.137806	-0.283412
CCDC173	-1.70527	-2.03293	-1.07254	0.199236	0.168873
CCDC174	3.67723	5.29	2.50924		
CCDC177	0.499581	2.16585	0.510844	3.34721	4.15476
CCDC18	-1.46291	-2.50809	-3.13148		
CCDC181	-1.69225	0.573502	-1.41187	1.34728	2.16589
CCDC184	1.46666	2.45021	1.52343	1.88409	2.38534
CCDC186	0.480117	1.62611	0.742611	0.0301895	0.985153
CCDC189	1.11506	-1.35805	0.744862	-2.41349	-2.60405
CCDC191	-1.96753	-2.43199	-2.74734	-0.679474	-0.886271
CCDC22	-0.954135	0.162456	-0.714923		
CCDC24	2.52071	0.100764	2.5947	4.15239	1.8644
CCDC25	-0.77651	0.374312	-1.84216	-1.48768	-0.929287
CCDC28A	0.78141	-1.17891	1.78014	-0.161412	-0.948616
CCDC3	7.22179	3.11706	6.22002	5.519	3.34918
CCDC32	1.49602	-0.376886	0.452139		
CCDC39	0.0879541	1.4185	0.496393	-1.69831	-0.362355
CCDC47	0.770004	1.76103	0.162244	0.3658	0.898141
CCDC50	-3.46995	-3.02262	-3.71853		
CCDC51	1.03835	1.66483	1.07865		
CCDC57	1.16262	2.16283	1.73942	1.78967	2.54297
CCDC58	-3.71352	0.510763	-2.64144	-1.8533	0.142938
CCDC59	-0.942283	-0.634724	-1.74828	-0.736338	-0.516193
CCDC6	0.416994	-1.73053	-0.719928	-1.52075	-2.32007
CCDC65	-1.5798	-0.494298	-1.66755	0.713525	1.26425
CCDC66	-0.240108	1.05253	0.342668		
CCDC68	6.32769	2.50755	5.56201	4.85248	2.63511
CCDC7	-1.77734	-1.28793	-2.40687		
CCDC71L	0.2697	-0.321076	1.82693	4.44831	2.58852
CCDC74B	-3.52354	-4.27739	-5.0953		
CCDC77	-4.8604	-5.55924	-4.4569	-4.10508	-4.79404
CCDC78	0.108594	1.54541	1.35719	0.609556	1.27079
CCDC8	-1.16442	-2.11789	-0.776659	0.335746	-0.285538
CCDC80	0.136774	0.39772	1.48715	0.456228	0.566269
CCDC82	0.124015	1.54084	1.70441	0.836733	1.45212
CCDC84	0.0440379	1.54201	1.17898	2.2438	3.07009
CCDC85A	5.1794	2.64017	4.52879	3.43481	2.39594
CCDC85B	3.37533	1.10232	2.05614		
CCDC85C	-2.03625	-3.0621	-3.16449	1.03731	-0.0989538
CCDC86	0.671547	-0.389643	0.496642		
CCDC88A	-5.28683	-2.47809	-5.07914		
CCDC88B	-2.69073	-1.4398	-3.18413	-2.04098	-1.4871
CCDC88C	0.239262	-1.32368	-0.794148		
CCDC9	3.60592	3.5404	2.74991		
CCDC90B	-2.12851	-2.54024	-3.01196	-3.89168	-3.37887
CCDC91	-4.05693	-3.65663	-3.06079	-3.11718	-2.31235
CCDC92	-0.385563	0.00965141	-0.0078278	-2.44483	-2.64043
CCDC93	-0.427123	0.904141	0.659085		
CCDC96	-0.304597	1.70602	0.30335	-0.261782	0.369141
CCDC97	-1.29011	-1.05398	-0.954474		
CCEPR	0.422528	-0.553707	0.169854	1.5874	1.22693
CCER2	1.25883	2.35551	1.26421	1.88572	2.41514
CCHCR1	2.14011	1.84179	1.4167		
CCIN	-1.59722	-2.69006	-1.10565	0.323394	-0.179506
CCK	8.73405	3.66312	8.72913	6.59598	4.93008
CCKBR	6.76172	2.2262	6.46248	5.33086	2.78352
CCL19	-3.61584	-4.92742	-3.86668	-2.51213	-2.81843
CCL2	-4.87776	-4.10835	-4.11111	-4.51141	-5.29023
CCL27	-0.70303	1.38433	-0.724285	1.37838	2.02788
CCL28	0.456981	-1.03874	-0.4498	0.669841	-0.227428
CCM2	0.913048	1.58088	1.58668	-1.07388	-0.844354
CCNA1	1.54766	0.11946	1.3605	-0.124276	-0.91221
CCNA2	-1.21613	0.319283	-1.06401		
CCNB1	0.337911	0.82107	-0.402523	-2.52582	-2.46361
CCNB1IP1	-0.184417	1.72587	-0.1952	-1.40148	0.090204
CCNB3	1.27707	0.0858143	0.38151		
CCND1	-0.424195	-0.224819	-0.0919586	-1.53143	-1.28033
CCND2-AS1	0.408381	1.45638	0.741998	0.336698	1.16397
CCND3	1.59988	0.263868	1.32336		
CCNDBP1	2.12807	2.0977	4.17031		
CCNE1	1.30251	2.13132	1.89902	-0.363851	0.220548
CCNE2	-1.20509	-0.0393635	-1.3694	-2.54025	-1.56134
CCNG2	0.865391	1.84358	2.56971	2.04438	2.83331
CCNH	0.236738	-1.71226	-0.0222839	-1.77453	-2.40505
CCNI	1.8206	3.01881	2.01388	2.80225	2.68326
CCNI2	-0.89672	1.03559	-0.073162		
CCNJ	0.198775	1.6462	0.697605		
CCNL1	-3.08295	-1.05189	-3.6789	-0.958339	-0.157551
CCNL2	3.78405	2.42792	5.44433	0.289453	-0.570012
CCNO	0.151094	2.0417	-0.408732	1.06962	2.30915
CCNQ	1.9872	-0.404692	2.04051	-0.0498918	-0.941454
CCNT1	-0.585177	1.08817	-0.634594	-1.00084	-0.184836
CCNT2	2.34669	2.99288	1.21607		
CCNY	0.818652	-1.09422	0.0720841	-2.02011	-2.70827
CCNYL1	7.2737	2.93917	7.34758	6.69553	5.11866
CCR1	-1.76144	-2.37286	-2.34689	-1.92672	-2.24895
CCR10	-0.20432	1.62639	-0.614966	-0.902365	0.0449407
CCR5	-0.210218	-1.43215	-0.923942	-0.363126	-1.08215
CCS	1.61368	-0.474969	0.437633		
CCSAP	1.45385	2.37346	3.51828		
CCSER1	3.98139	3.91286	5.71753	5.9386	6.58131
CCSER2	0.417106	-0.890232	0.321246	1.43106	0.424935
CCT2	2.01821	0.611986	1.99601		
CCT5	2.35606	-0.592699	2.25026	-0.27308	-1.39855
CCT6A	-3.41884	-0.527419	-1.82692		
CCT6B	-0.263231	-1.6694	-0.984319	-3.2697	-3.94341
CCT7	2.24366	0.712782	1.57915		
CCZ1	-5.57772	-3.4871	-5.03505	-2.23179	-1.94617
CCZ1B	-8.23961	-5.68917	-9.19652		
CCZ1P-OR7E38P	-3.38642	-3.74446	-4.09585	-5.0238	-5.529
CD14	-2.4294	-3.03197	-2.92137	-2.31725	-2.4927
CD151	0.0963126	-1.5008	0.129175	-0.998432	-1.6959
CD163	-0.756177	-1.87523	-0.971159	-2.31012	-2.77481
CD163L1	-0.04191	0.77805	-0.359578	-2.55325	-1.91286
CD164	0.651178	0.0469675	1.58484	0.430757	0.225969
CD2	-0.895085	-1.38317	-0.510513		
CD200	1.68463	0.639414	1.57606	2.45817	1.59611
CD226	-4.16668	-4.32403	-4.16093	-1.65999	-1.86423
CD24	0.0859089	-1.33235	1.03032	2.13104	0.460737
CD244	-1.4202	-3.48952	-1.5187	-2.30875	-2.8106
CD247	0.357284	-0.126407	-0.739046	1.87171	1.52021
CD248	0.135542	-0.882229	1.21841	1.17367	0.841357
CD27	-3.48099	-2.14907	-3.94391		
CD274	0.369472	1.79631	0.235695	0.250256	0.989674
CD2AP	-0.357923	1.12962	-0.273221		
CD2BP2	1.47231	-0.415025	0.712821		
CD300A	-2.57415	-2.9989	-2.72497		
CD300C	-0.627518	-0.395802	-0.352049		
CD320	-0.692074	0.193445	-1.34954	-1.61742	-1.21285
CD33	-1.53043	-2.28692	-2.39087	-2.08799	-2.38041
CD34	0.277184	0.458975	0.693546		
CD38	1.34902	0.917456	3.4179	1.63118	1.69426
CD3EAP	-1.19266	0.750515	-1.17997		
CD3G	4.54898	4.62819	3.21643	3.55019	4.34557
CD44	-2.62927	-2.96835	-1.93161	-1.302	-1.61202
CD46	-0.692969	0.33744	0.496118		
CD47	2.74856	3.36526	3.63912		
CD52	0.0241298	-1.14058	-0.518284	-3.72485	-5.5266
CD53	3.66842	1.03435	2.19019	3.9485	4.10289
CD58	-0.621336	-2.05011	-1.01162	-0.433014	-1.31434
CD59	0.220427	0.726408	-0.193519	-1.77011	-1.43318
CD6	5.6296	2.06175	6.24618	4.40242	2.59379
CD63	2.97384	-0.66099	3.55864	0.961534	-0.410776
CD68	-2.65623	-2.84819	-3.16332	-2.57906	-2.92068
CD7	1.35869	-0.560757	1.04437		
CD74	-4.69154	-5.3574	-5.54288	-3.82838	-4.36449
CD81	-0.446043	-1.73107	-0.350692	1.53079	0.531135
CD83	5.79277	0.759577	4.8886	2.47491	0.39111
CD84	-3.84191	-3.42346	-3.98775	-4.08192	-4.311
CD86	-2.66079	-3.0521	-2.88879		
CD8A	0.317729	-1.16768	-0.869298	-1.78181	-2.50399
CD8B	-0.535584	-0.469287	-1.2978	-0.596566	-0.289545
CD9				-0.735139	-0.353512
CD99	-3.4558	-4.16435	-2.94175	-1.27837	-1.98898
CD99L2	1.68368	2.59235	5.08521	-0.0472936	0.667211
CDA	-0.125683	0.321322	-0.502443		
CDADC1	-0.983435	1.41942	-1.28331	-0.356062	0.681723
CDC123	1.11969	0.24921	0.505548		
CDC14A	0.431364	-0.475649	1.14192	1.98717	1.41866
CDC14B	-1.69421	-0.929906	-1.56295		
CDC16	1.02381	-1.4447	0.495177		
CDC25B	1.71937	2.25466	0.668599		
CDC27	3.18092	0.32463	3.31716	-0.108138	-1.07738
CDC34	2.70268	0.412109	2.18381	0.315605	-0.687492
CDC37	1.3882	1.40571	1.7732		
CDC40	6.16939	5.22605	5.06544	3.64793	2.94104
CDC42	-0.652748	-2.2251	-1.47749	-0.326823	-1.23676
CDC42BPA	0.976953	2.2206	1.1754	2.32899	2.68652
CDC42BPB	1.3637	-0.520579	2.09339	2.19768	0.742601
CDC42EP1	-0.154882	0.163098	-0.123978		
CDC42EP3	3.73704	4.63445	3.95901	5.94414	6.73582
CDC42EP4	-0.0302321	-1.14533	0.0390626	2.76027	1.80944
CDC42P3	-1.23103	-2.61805	-2.06939	-1.49985	-2.20606
CDC42SE1	-0.222011	0.758004	-0.694519	-1.43278	-0.94445
CDC42SE2	7.69055	0.595375	5.54403	3.1311	0.926588
CDC5L	-2.2886	-0.845803	-1.77579		
CDC6	6.98386	2.7403	5.67012	4.24617	3.22941
CDC7	0.927377	2.11628	2.02834		
CDCA5	4.95326	4.17247	6.79097	1.83668	1.89301
CDCA7	1.40961	-0.352885	1.4494	0.353219	-0.254576
CDCA7L	-1.72667	-1.26809	-1.21667		
CDCA8	1.83806	2.93529	1.33866	-0.320603	0.32994
CDH1	0.31602	-0.729572	-0.639317		
CDH10	6.75272	0.957705	5.68234	5.5002	1.99293
CDH11	-0.945053	-2.73315	0.0522265	-3.97977	-4.46178
CDH12	-0.950723	0.350278	-1.44674	-2.64597	-2.0022
CDH13	2.94526	2.01748	2.97439	0.711429	-0.174203
CDH18	7.62005	5.7511	7.51276	3.89008	4.13499
CDH2	-0.954719	-0.527651	-1.42856	0.370885	0.389203
CDH20	-6.40513	-5.00608	-6.24457		
CDH22	3.49758	1.96918	3.30032	0.331573	0.0130192
CDH3	0.0210888	-0.350164	-0.0563242	1.45433	1.0872
CDH4	0.491872	-1.23323	-1.10978	0.83113	-0.384145
CDH6	1.3665	1.17163	1.90864	-0.783236	-1.53062
CDH7	0.997855	2.03973	0.773376	-0.147897	0.663616
CDH8	3.60056	0.391021	2.08446	3.69983	1.53903
CDH9	6.37805	1.30431	5.32509	6.41367	2.04766
CDHR1	0.18994	-0.960237	1.97289	-0.951759	-1.53123
CDHR3	-2.54394	-3.12643	-1.47194		
CDIPT	4.24406	3.13212	4.12351	2.2872	1.76076
CDK11A	0.778056	1.96081	1.39229	0.130654	0.734339
CDK11B	-4.06533	-3.06136	-3.24573		
CDK12	3.14651	4.28421	3.0493		
CDK13	-0.781438	1.03571	-1.40312	0.445892	1.43896
CDK14	-1.61657	0.389651	-1.8531	-3.65313	-1.57005
CDK16	-0.757114	-1.86233	-1.80506		
CDK17	1.15782	0.0223845	0.901733	1.00572	0.249008
CDK18	-0.215369	0.261026	0.313165	-2.24776	-1.86903
CDK19	-3.13662	-1.06666	-3.26061	-1.31198	-0.637131
CDK20	4.76003	1.98695	6.96738	6.27324	3.50184
CDK2AP1	-2.53316	-1.32304	-2.13225	-0.690573	-0.217113
CDK5	1.06776	-0.445086	-0.549149		
CDK5R1	-0.0541265	-0.483263	-0.100142		
CDK5RAP2	-3.20952	-1.70345	-2.71104	-1.9518	-1.32732
CDK5RAP3	0.896446	1.71184	1.29453		
CDK8	-2.23512	-1.8571	-2.16279		
CDK9	-0.597536	-0.200928	-0.110588		
CDKAL1	-1.43113	0.254275	-0.677515		
CDKL1	4.93914	4.94477	6.39095	8.31499	8.93246
CDKL2	-0.395988	0.492173	-0.311596		
CDKL3	-1.40598	-1.81589	-1.20191		
CDKL4	-0.952618	-1.77737	-1.2117		
CDKL5	3.4798	3.34039	3.57172	4.84013	3.48144
CDKN1A	-3.43121	-3.84092	-2.50785		
CDKN1B	-0.244037	1.65244	-0.0986917	0.0150384	0.915182
CDKN1C	-0.139734	-0.120149	0.191348	-4.91457	-4.72374
CDKN2A	2.41515	2.93773	0.649846	-0.00353939	0.157221
CDKN2AIP	-1.40778	0.305407	-2.02321	-0.250146	0.415813
CDKN2AIPNL	1.44745	-1.33048	-0.443205	-1.69897	-2.54269
CDKN2C	-2.47089	-1.29936	-2.93527	-1.83078	-0.865328
CDKN2D	3.60287	-0.403048	1.7585	2.83545	0.296485
CDKN3	5.49425	5.11786	4.63845		
CDO1	1.76028	-0.658465	1.21772	1.13498	-0.121534
CDON	0.850605	1.9548	1.05782		
CDR1	-2.14309	-0.708581	-1.95599		
CDR2	-0.816978	0.341096	-1.02582	-1.65429	-0.926342
CDR2L	-2.0612	0.635912	-2.7589	-4.47903	-1.22266
CDS1	-0.790496	1.03018	-1.25555	-1.77961	-0.404135
CDS2				-0.355638	-0.613538
CDT1	2.89134	2.39838	6.75297	1.89627	1.90608
CDV3	1.26758	-0.0596916	1.13964		
CDYL	-1.46741	0.662924	-0.882004		
CDYL2	6.55528	3.72457	6.45275	4.3266	3.39414
CEACAM19	-0.189867	1.52211	0.874641	1.61071	2.47342
CEACAM20	-0.680809	-0.995909	-0.778246		
CEBPA	2.36555	-0.671866	2.08407	1.32492	-0.276437
CEBPB	3.43536	4.15736	3.4499		
CEBPD	0.722798	0.284116	-0.397324	0.966913	1.22199
CEBPG	-0.591268	0.851676	-0.269584		
CECR2	-2.06422	-1.82599	-0.848723		
CECR7	-1.76786	-1.29124	-3.01136		
CELF1	0.189376	0.725686	0.0170255	1.73378	1.79739
CELF2	0.151977	1.70276	0.769768	-0.422464	0.582255
CELF3	0.523585	-0.694927	1.23243	2.16659	0.982842
CELF4	5.36647	1.12161	5.20463	6.27658	2.39591
CELF5	2.78911	-0.539435	2.03136	2.89917	0.902856
CELF6	1.22254	-0.223846	2.21242	3.27563	2.15126
CELSR2	-0.0132381	1.22347	-0.065346		
CELSR3	2.52873	3.31488	3.53329	4.83423	5.36599
CEMIP	2.19298	2.92978	2.33985	3.27234	3.85031
CEND1	-0.997123	0.712943	-0.690234	-0.291746	0.454098
CENPB	-2.80088	-3.40574	-2.97389		
CENPBD1	-0.958514	0.860108	-2.56775	-0.923473	-0.486423
CENPBD1P1	0.0956437	1.16729	0.234694		
CENPC	-0.635505	0.365695	-0.417742	2.32424	2.91571
CENPE	1.47645	0.517065	0.812327		
CENPF	1.72651	0.500117	2.12219	-0.528935	-1.54863
CENPH	0.640528	-0.779165	-0.140907		
CENPJ	-2.66572	-0.188448	-4.09673	-0.74486	0.209821
CENPN	0.307696	-0.0929622	-1.07687	-3.29614	-3.76689
CENPO	-1.51699	-2.17646	-1.65866		
CENPP	0.8894	-0.882502	0.360007	-3.4443	-4.11884
CENPS	0.803154	-0.750318	-1.72767	-1.21947	-1.82614
CENPVL3	1.59043	-1.39397	0.82984	-0.970931	-1.57209
CENPW	0.228298	-1.55551	-0.763026	-0.690638	-1.33314
CEP104	-3.10642	-1.03025	-2.43034	-2.4633	-1.43227
CEP112	-0.352787	0.299348	1.10272	2.20909	2.87322
CEP120	-1.18536	0.909947	-0.262637	0.634848	1.58826
CEP126	0.869503	0.4834	1.06574	0.915253	1.11424
CEP128	-1.51571	-1.45343	-1.77927		
CEP131	-0.835282	-0.387107	-0.990725		
CEP135	-2.30916	0.59877	-0.893416	-0.146841	1.05183
CEP152	-3.07582	0.611212	-2.10307	-2.77688	-0.643993
CEP162	-1.19436	0.165871	-0.66697	-0.41739	-0.301918
CEP170	-0.0363298	1.11706	0.306805		
CEP170B	2.79608	-0.428204	2.0455	3.01632	0.760177
CEP19	-0.375141	0.744914	-0.653903		
CEP192	0.297426	1.90925	0.818997	0.841861	1.66494
CEP250	-0.0214332	1.34365	-0.738958		
CEP290	3.87111	5.19592	3.92533	4.61126	5.50881
CEP295	1.01553	2.41905	1.23067	2.6728	3.50365
CEP350	-2.33776	0.605904	-1.20091	1.06821	1.71971
CEP41	3.47458	3.49052	1.86253		
CEP44	-0.823456	1.44646	-1.57739	-0.21876	0.860833
CEP57	0.380648	1.87599	1.05467	2.32894	3.54506
CEP63	1.63771	2.11819	2.13576		
CEP68	-4.22433	-4.64521	-4.38659		
CEP70	-0.852937	-1.85049	-1.1135	-0.759661	-1.26492
CEP72	1.58952	-0.387514	-0.518877	-0.0538472	-0.684495
CEP76	-2.39208	0.17207	-2.24352	-0.6527	-0.178736
CEP78	-0.559165	0.261013	0.18262		
CEP83	-1.13093	-2.26388	-2.31421	-1.16253	-1.67766
CEP85L	-1.25259	1.37289	-0.422728	2.99872	2.98221
CEP89	-0.487213	-1.59449	-0.853737	0.0448045	-0.482308
CEP95	-0.0897399	1.72653	1.41557	1.84087	2.80458
CEP97	-5.16434	-0.470465	-3.45071	-3.12944	-1.7087
CERK	-2.84625	0.801735	-1.09651	-2.46458	-0.412386
CERNA1	2.05815	2.398	1.35567		
CERS1	1.57988	-0.796966	1.37447	1.60166	0.515961
CERS2	-0.75412	-0.241516	-0.369866	-3.38479	-2.75703
CERS4	2.83076	0.698551	2.38678	0.370364	-0.262528
CERS5	-3.55873	-3.52524	-2.79041		
CERS6	7.12578	3.97481	6.17105	5.85422	4.97061
CES2	-3.43297	-3.35016	-2.79154		
CES3	0.467737	-1.19346	0.715169		
CES4A	1.86541	-0.145264	1.82195	0.795215	-0.116396
CES5A	-0.140214	-1.79011	-0.953961	-4.70033	-6.24461
CETN2	2.7955	-1.20208	1.14544	1.20487	-0.741084
CETN3	-1.4554	-2.23417	-1.70885	-1.0667	-1.43686
CETN4P	2.09542	2.79067	2.15916		
CFAP20				0.764541	0.167297
CFAP206	-0.877741	-1.00908	-0.987395		
CFAP221	-0.0195358	1.574	1.47983	1.02992	1.65789
CFAP36	-0.49172	0.294889	-1.30841		
CFAP43	-0.991472	-1.86027	-1.11431	-0.182489	-0.265302
CFAP44	0.61442	-1.61349	0.112386	0.130857	-0.904646
CFAP46	3.0925	3.61279	6.30393		
CFAP52	3.87326	0.833651	3.37969	1.63654	-0.0166902
CFAP53	-3.45585	-2.44909	-3.82196		
CFAP58	-1.93129	-2.54032	-1.31367	-0.0207147	-0.416068
CFAP58-AS1	0.72993	0.492011	1.31583	0.952515	0.847324
CFAP61	-2.53952	-3.31784	-2.52428	-3.55214	-3.94443
CFAP65	0.570717	1.85039	0.927309	1.18927	1.97483
CFAP69	1.46479	2.61945	3.46982	5.48313	6.78377
CFAP70	-0.131138	-1.13846	-0.0646416	1.24558	0.585733
CFAP73	-1.1998	-2.23867	-1.8784	-0.291687	-0.637205
CFAP97	1.39116	0.0554808	2.61689	2.85838	2.47309
CFC1	0.3219	1.05103	-1.11671		
CFD	-0.995254	-2.3041	-2.51339	-2.43839	-2.33335
CFL1	2.33775	0.490058	1.38722		
CFL1P1	2.13592	0.0872981	1.86888		
CFL2	0.218024	1.44427	1.20969	-1.32927	-0.225352
CFLAR	-5.69165	-6.02107	-5.04623	-4.20678	-4.7355
CFP	0.243286	0.725755	0.489172	1.55575	1.71263
CGAS	0.879829	-0.510771	0.818003		
CGGBP1	0.231616	0.850745	-0.053972		
CGN	-3.98671	-0.300255	-2.30755		
CGNL1	-4.8348	-5.1557	-4.46558		
CGREF1	2.03017	-0.878476	0.418365	1.45484	-0.289084
CGRRF1	-0.34186	0.572693	-0.815089		
CH25H	-2.56347	-3.59292	-2.86066	-5.93949	-6.42245
CHAC1	0.131044	1.22281	-0.0327357	-1.10865	-0.829877
CHAC2	-0.64999	-0.883124	-0.5886		
CHADL	-1.14838	-0.104935	-0.550935	-3.40624	-2.43125
CHAF1A	0.484082	1.84373	0.397927	-0.243365	0.563948
CHAF1B	2.78833	1.09227	3.02381	2.12653	1.37563
CHCHD10	0.671756	1.44744	0.589857	-0.42469	-0.0302809
CHCHD2	-0.860142	-2.10424	-1.77671		
CHCHD3	-0.863858	0.578938	-0.649807		
CHCHD4	0.946109	0.554926	1.17686	0.0488301	-0.0754293
CHCHD5	-2.59854	-3.18062	-3.33394	-0.177094	-0.941339
CHCHD6	7.28617	-0.230032	6.13697	2.21022	-0.434438
CHCHD7	-0.747706	-1.76857	-1.30342	-2.27635	-2.92167
CHD1	-2.58963	-0.213728	-3.43347	-0.200847	0.519138
CHD1L	-3.51825	-1.06197	-4.60949	-5.04467	-3.07132
CHD3	-1.38722	-2.55422	-1.44519	1.37474	0.561479
CHD5	5.42541	4.10399	5.01225		
CHD6	3.99313	3.50527	4.18416	3.86732	3.80655
CHD7	-4.88702	-5.24659	-6.09039		
CHD8	-0.163856	1.02209	0.125708		
CHD9	1.47855	2.6502	1.88268	4.51268	5.39485
CHDH	-0.634416	-1.59215	-0.150882	1.49034	1.05694
CHEK1	-0.45224	-0.638722	-0.215223	-1.9735	-2.26642
CHEK2	0.307496	0.918652	0.506948	-2.18294	-1.96146
CHEK2P2	0.510078	0.719821	0.0871924	-0.918592	-0.881464
CHFR	-1.03836	0.63801	-0.576328	0.0462367	0.630988
CHGA	0.618027	2.03956	1.51373	1.44832	1.91338
CHGB	-0.322531	0.240529	-0.790099		
CHI3L1	2.15538	2.14495	1.6396	4.5948	5.54365
CHIC1	-0.565616	1.29946	-0.132585	-1.62171	-0.315688
CHID1	4.54885	0.0388137	4.05008	2.07266	-0.05183
CHL1	6.31054	2.41143	5.26964	5.64703	3.22035
CHM	-0.418733	0.910933	-0.0548606		
CHML	5.00277	3.9593	5.47551	7.9948	7.38788
CHMP1A	2.19422	-0.505926	2.1415	3.45676	0.700352
CHMP1B	0.108078	-1.55522	-1.02365	-2.94942	-3.25917
CHMP2A	-0.450139	-1.94848	-1.80163	-1.08669	-1.59491
CHMP2B	-1.61851	-2.62629	-2.80858		
CHMP4A	1.20194	-0.836851	0.723135	0.349738	-0.723343
CHMP4B	3.76462	0.9465	3.02021	1.33756	0.833012
CHMP4C	-5.19537	-2.65659	-4.52777		
CHMP6	1.22368	0.236091	1.1137		
CHMP7	-0.830197	0.617925	0.316731		
CHN1	5.25716	5.08405	4.4827	3.34367	3.9132
CHN2	2.11121	2.77331	3.11044	0.733562	1.22662
CHODL	-0.38103	-1.11732	-0.607388	0.287723	-0.0087063
CHORDC1	1.022	2.08981	1.55441		
CHP1	1.03293	-0.7869	0.149995	-0.575663	-1.47586
CHP2	-0.457165	-1.33132	-0.281565	-5.40361	-6.36416
CHPF	-1.13251	-2.21904	-1.08265		
CHPT1	1.38203	-0.189667	3.14063	3.92381	2.65728
CHRD	2.69501	2.70559	3.03465	2.16425	2.63746
CHRDL1	3.14323	-0.0741448	2.40819	4.17253	2.36895
CHRM1	3.71679	3.92441	2.85254	2.42978	2.47959
CHRM2	-4.57545	-0.433915	-3.84169	-3.77984	-2.61425
CHRM3	9.90306	4.47765	8.2846	9.82071	6.74475
CHRM4	-2.05898	-2.83385	-1.42098		
CHRNA10	0.925632	1.98894	0.901293		
CHRNA2	3.65361	5.07821	3.1497	5.94382	6.32565
CHRNA3	-4.05581	-4.58826	-4.77976	-3.02209	-3.62262
CHRNA4	1.66976	0.68486	4.13395	0.128018	-0.224273
CHRNA6	3.2586	2.19343	3.05858		
CHRNA7	3.53409	2.00996	2.36526		
CHRNB1	-1.75864	-2.62828	-3.60036		
CHST1	3.60564	-0.334884	3.41295	2.71395	0.449691
CHST10	3.14806	4.46548	3.73315		
CHST11	-4.63351	-5.37978	-4.17251	-5.81281	-6.19721
CHST12	-2.69229	0.361745	-1.48836	-1.78721	-0.720452
CHST14	-2.47592	-3.94268	-1.89589	0.312277	-0.0471564
CHST15	2.3027	1.08117	3.14308	-0.629968	-1.63173
CHST2	-0.651773	0.257829	-1.30014	-1.68871	-1.71757
CHST4	-1.64147	-0.278983	-0.988995		
CHST7	1.15889	-0.500896	1.99343	2.49907	1.94227
CHST8	0.653603	0.925937	3.23798	0.464299	0.428319
CHST9	-2.71714	-3.16475	-2.71325	-2.04927	-2.50636
CHSY3	3.08959	2.27122	3.69393	2.81033	2.53381
CHTF18	1.88128	1.94843	2.46489	2.32394	1.8197
CHUK	-0.151963	-0.144093	-0.0146599	1.30648	0.830294
CIAO1	1.97777	1.77958	2.34361		
CIAPIN1	1.56449	2.07486	3.00316	0.295679	0.421901
CIB1	3.78992	0.00682672	3.44061	3.98485	1.92594
CIB2	0.172639	-1.44556	0.443231	1.14987	-0.300568
CIC	-2.5948	-2.02971	-2.83258	-0.300189	-0.245548
CIDEA	1.19208	1.25393	2.23605	-1.19792	-1.05752
CIDEB	-1.13262	-2.16548	-1.19968		
CIDEC	0.461268	0.777461	-0.816192		
CIDECP	0.736535	1.09906	-0.483278	-1.56432	-1.68237
CINP	0.682311	-1.38319	1.05477	-0.237789	-1.09099
CIP2A	1.98001	0.961479	1.73289	1.62384	0.98276
CIPC	-4.15941	-4.69357	-4.38479	-1.97136	-2.54171
CIRBP	1.93069	-0.564294	0.915156	1.4358	0.484345
CISD2	1.22626	2.27474	1.36445	0.264629	1.10699
CISD3	0.350589	-1.15232	-0.313975	-0.750654	-1.54964
CISH	-3.29761	-3.31821	-3.6742		
CIT	3.50996	3.73763	3.68031	6.60703	5.87576
CITED2	4.73528	5.13573	5.09072	7.6033	6.99227
CITED4	4.1129	3.35581	5.28697	6.40655	4.77881
CIZ1	-1.03372	0.908529	-1.24121		
CKAP2	0.404008	1.27232	0.666672	-0.963908	-0.493138
CKB	2.63535	2.99297	3.49577		
CKM	-2.21148	-1.74655	-1.631		
CKMT1A	1.13992	1.83505	1.11416	-0.552943	-0.261031
CKMT1B	1.04446	2.1418	2.42417	1.41088	1.80908
CKMT2	-1.62606	-0.92776	-2.09266	-1.42371	-1.12175
CKMT2-AS1	-1.4496	0.34414	-0.652602		
CKS1B	0.404711	-1.19208	0.82609	-1.01295	-1.64556
CKS2	-3.42105	-2.0255	-2.91586		
CLASP2	-1.5236	0.486413	-0.765915		
CLASRP	0.271205	1.6763	1.47443		
CLBA1	1.39444	-0.771461	0.254526	0.465393	-0.334112
CLCC1	0.346606	-0.233171	1.28154		
CLCN2	-2.82559	0.287659	-2.70044	-0.629417	0.191798
CLCN3	-0.182834	0.697943	0.0600948	-0.22394	0.156264
CLCN4	-0.482721	1.13006	-0.307909	-2.0174	-1.07076
CLCN5	2.69425	2.19749	7.60984	1.59605	1.57552
CLCN6	3.91355	3.015	7.68737	2.05031	1.7607
CLDN10	-1.1732	-2.10799	-1.43205		
CLDN12	3.81296	4.51403	3.87		
CLDN4	2.01219	1.30917	1.92314	1.6399	1.13832
CLDN5	-1.35828	0.0255687	-0.951153	-1.3032	-0.768308
CLDN9	-0.607751	0.552562	-0.106383		
CLDND1	-1.17613	-0.608675	-0.897497	-2.76301	-2.24597
CLDND2	1.1998	-0.680267	0.93778	1.43749	0.584666
CLEC11A	-0.549844	0.142875	-0.372906	-2.25004	-2.06588
CLEC16A	-2.12204	0.855407	-1.9581	-1.04566	0.199753
CLEC18B	0.847059	1.00554	2.10345	1.85434	2.24385
CLEC2B	-2.91088	-0.448086	-1.58165	-1.87434	-1.23764
CLEC2D	-5.14045	-5.04917	-5.34685		
CLEC2L	0.638454	1.51153	2.52234	0.215078	0.578543
CLEC3B	-0.0469663	0.54822	0.161616	-0.0865916	0.212928
CLEC4A	-0.863724	-2.14902	-1.36189	-1.26032	-1.77805
CLEC4G	1.37097	-0.973408	-0.168673	-2.57221	-3.53152
CLEC4M	-3.09784	-0.688203	-4.24606	-2.21938	-0.97963
CLEC9A	-1.35156	-2.10294	-2.22993	-1.68994	-1.98955
CLGN	-3.43037	0.0948926	-2.60331	-3.55544	-1.26821
CLIC2	-0.13193	0.427894	-1.31736		
CLIC5	0.455627	-0.585335	1.16476	1.19491	0.452709
CLIC6	-3.26282	-2.84621	-2.42557		
CLINT1	-0.49552	-1.64969	-0.990919		
CLIP1	3.99094	5.50711	4.80957		
CLIP3	-0.0456714	-0.884523	-0.222982		
CLIP4	-1.57872	0.290381	-1.29101	-2.22211	-0.776632
CLK1	-1.73423	-0.932678	-1.20429		
CLK2	0.843516	2.01884	1.34911		
CLK2P1	0.726959	2.00205	1.56127	3.30253	3.85879
CLK3	0.311684	1.8135	0.645361	0.152197	0.943041
CLK4	3.56754	3.20623	4.53713	3.0663	3.86014
CLMN	-2.68517	-0.560262	-1.75069	-2.31892	-1.43427
CLMP	-2.80497	0.477676	-1.7883	-2.52873	-0.559578
CLN6	0.255845	1.59087	0.145681	-1.76845	-0.571846
CLNS1A	-0.85954	-1.84147	-1.33692		
CLOCK	-0.315334	1.44869	-0.529099		
CLP1	3.97453	5.07687	3.3348		
CLPB	3.33409	0.885879	3.12903	0.667935	-0.233788
CLPP	2.11121	-0.589995	1.08203	0.792103	-0.344548
CLPS	-3.02678	-4.2249	-2.31765	-1.44989	-2.06415
CLPSL1	-2.34106	-2.29208	-1.25634		
CLPTM1L	1.92981	1.39801	2.86486		
CLPX	-4.84175	-0.0190952	-3.14442		
CLSPN	0.896786	-0.436988	-0.00900521	0.209296	-0.116517
CLSTN1	4.42442	4.24285	4.15424		
CLSTN2	-1.45882	-1.20109	-0.590286	-4.02345	-4.95488
CLTC	4.65743	3.75771	4.39502		
CLTCL1	1.71003	-0.518318	1.15525	0.717244	-0.185631
CLU	1.8169	-0.428232	2.98519	2.13438	1.20361
CLUAP1	4.70219	5.86891	3.83236		
CLUHP3	2.06455	3.14195	4.1134	3.12505	4.09062
CLUL1	-0.666673	-1.24716	-1.76918		
CLVS1	0.606566	1.66371	0.521648	0.63106	1.45813
CLVS2	0.124528	1.66824	1.61067	0.291364	1.06863
CLYBL	0.992831	-1.01157	-0.802106	0.39801	-0.542575
CMAHP	6.05331	4.58999	8.77962	6.77401	7.11893
CMAS	1.70728	-0.862323	1.03452	-1.60436	-2.5388
CMBL	-4.2238	-1.95427	-3.61955		
CMC2	-2.91773	-0.83467	-3.16206	-3.38222	-1.86004
CMC4	-6.41376	-5.2937	-6.47476	-4.4	-4.52829
CMIP	-0.45889	-1.91352	-0.463295	0.682664	-0.229161
CMKLR1	-4.89674	-4.25252	-8.76203	-2.41623	-2.58103
CMPK1	-5.17679	-0.404947	-4.46782	-4.94418	-1.87493
CMPK2	-0.875496	0.668782	-0.261085		
CMSS1	1.35664	-1.16048	0.944504	1.40866	-0.0545614
CMTM3	-5.68654	-4.80419	-5.63659	-4.00492	-4.66633
CMTM4	3.43205	0.148133	4.23265	3.12186	1.31147
CMTM5				-3.8465	-3.27911
CMTM6	-2.21622	-2.68417	-2.70714		
CMTM7	-1.42357	-2.24154	-2.15637	-3.10365	-3.32364
CMTM8	1.94555	-0.0440007	2.37496	4.60044	2.0452
CMTR2	-1.52916	-2.00968	-2.98642		
CMYA5	-1.54333	0.994299	-1.20113	-0.66444	0.496998
CNBP	0.733397	1.88902	1.51812		
CNDP1	-0.702012	0.490577	-0.69953	-4.24379	-2.30366
CNDP2	-0.912644	-2.16293	-1.34905		
CNEP1R1	1.3559	2.37722	2.34714	1.35845	1.84021
CNFN	-3.89913	-1.51528	-4.38162	-1.95909	-1.31934
CNGB1	0.837278	-1.07946	0.868819	2.17986	0.543518
CNIH1	-0.880984	0.417164	-2.09302		
CNIH2	0.207171	-1.53745	0.17806	1.01413	-0.688898
CNIH3	1.99214	0.678398	2.06671	0.123924	-0.614697
CNKSR2	-0.160498	1.2941	0.214807	0.703738	1.64096
CNKSR3	-0.0339731	0.277263	0.262004	-3.03154	-2.43791
CNMD	-0.632533	-1.8261	-0.105877	0.403202	-0.298219
CNN1	5.1126	4.12806	7.26408		
CNN2				-1.67103	-1.45541
CNN3	-1.1137	-2.15607	-1.22659	0.997215	0.00277507
CNNM1	1.7376	2.48757	2.01669	1.50358	1.94772
CNNM2	0.829622	1.82367	1.13061	0.0838916	0.561762
CNNM4	5.5982	3.51387	5.40482	3.86681	3.16071
CNOT1	0.48637	1.67422	1.71756		
CNOT10	-0.114825	1.36512	0.778347	0.566838	1.40865
CNOT11	1.9735	2.91546	1.88579		
CNOT2	0.143974	1.38491	0.734384		
CNOT4	-0.0517159	-1.65123	-0.168218	0.362704	-0.639059
CNOT6	0.137837	1.70347	1.23455	3.46915	4.24568
CNOT6L	1.40388	2.45286	3.82011	4.09101	4.48554
CNOT7	1.74494	-1.12748	0.208133		
CNOT8	-0.147314	1.61244	0.0461201	0.831853	1.55759
CNOT9	-0.27085	-1.20267	-0.686852		
CNPY2	-1.23911	-2.73103	-0.855106	-1.10865	-1.78258
CNPY3	-1.73636	-2.50908	-1.4484		
CNR1	5.04798	0.0307222	4.89268	3.4988	0.793574
CNRIP1	2.42298	0.121445	2.89562	2.95717	1.21047
CNST	1.57556	2.32121	2.59021	2.83228	2.98067
CNTLN	-5.15772	-2.84427	-4.6731	-3.5447	-2.40199
CNTN1	4.05219	0.264406	3.25501	3.0455	0.341259
CNTN2	-0.59697	0.520955	-0.0754074	-3.16165	-1.85406
CNTN3	4.61941	1.70499	4.66118	4.01165	2.15996
CNTN4	1.06604	0.932801	1.34106	-0.987453	-1.57391
CNTN5	-2.70272	-2.05469	-2.95622	-0.0677308	0.499503
CNTN6	0.874392	0.256385	1.37881	-2.36351	-3.56903
CNTNAP1	1.65334	2.46443	2.32928	0.336666	0.995221
CNTNAP2	8.21793	4.30591	5.68844	6.10478	5.99837
CNTNAP3	0.588993	-0.246124	1.47402	-0.0874304	-0.685668
CNTNAP3B	-0.750786	-0.989624	0.515288	-1.11755	-1.57645
CNTNAP4	1.22976	0.432181	0.808269	-1.39421	-1.77995
CNTNAP5	-1.30774	0.308167	-1.21999	-0.49569	0.348279
CNTRL	-2.03815	-0.380688	-2.09333	0.363184	1.30057
CNTROB	-2.4517	-1.73902	-1.24627		
COA1	0.448047	-0.337212	-0.35206	-1.96043	-2.42129
COA3	1.52582	-0.807639	-0.215479	-0.895178	-1.56832
COA4	-2.77561	-3.19047	-2.46957		
COA6	1.15109	-0.953546	-0.481306	-0.571734	-1.4761
COASY	1.03796	1.72509	1.16007		
COBLL1	-2.07291	-0.246706	-2.27887	-0.523917	0.171716
COCH	-1.15289	-2.29323	-2.13037	-0.877314	-1.36177
COG1	1.83659	-1.17149	0.48852	-0.315047	-1.18049
COG2	0.189778	1.80103	0.516399	1.63583	2.29972
COG3	0.79051	1.82471	2.22457		
COG5	4.06113	0.549397	4.37525	2.98255	0.831785
COG6	0.817347	-0.400236	0.0401525		
COG7	-0.105458	1.05695	-0.0597478		
COIL	-0.0626956	1.391	0.295756		
COL10A1	1.18901	-0.0749059	-0.211968	0.517248	0.0450961
COL11A1	3.83274	0.579581	3.7553	1.1029	0.232313
COL11A2	1.0411	2.03652	1.32545	0.709628	1.25733
COL12A1	7.83462	4.30827	7.16842	5.52143	4.93238
COL13A1	-0.138485	1.271	-0.37431	0.723596	1.2276
COL16A1	1.21332	-0.151545	1.68088	-1.10808	-2.24221
COL18A1	-1.31092	-1.38268	-0.402138	-3.4938	-3.69743
COL19A1	-0.794722	0.815668	-0.111235	-2.38559	-1.50529
COL1A2	-3.15087	-3.6563	-2.44575	-2.71233	-3.00499
COL20A1	2.95898	0.876673	2.38598	1.82146	1.21337
COL21A1	0.782493	-0.839034	2.86609	2.728	0.868834
COL23A1	8.42083	3.95952	7.68995	10.2141	5.78762
COL24A1	2.3583	1.52237	2.39048	-1.37886	-1.93456
COL26A1	4.02971	3.52025	2.7686		
COL27A1	-1.04113	-0.545205	-2.04475	-2.30108	-1.44501
COL4A1	-0.264882	-2.09669	-0.152774	0.958972	0.463617
COL4A2	1.19894	-0.63246	0.584502	-0.647549	-1.11463
COL4A3BP	3.9898	2.82032	8.22317		
COL4A4	0.529693	1.43735	1.46422	-0.189995	0.420732
COL5A1	0.25661	1.93848	-0.0233822	2.11515	3.04673
COL5A2	3.94356	3.86764	8.5816	2.95893	3.30604
COL5A3	0.854038	-1.05576	0.621314		
COL6A1	2.93961	3.87126	3.45105	2.4157	2.93676
COL6A2	1.06227	1.56954	1.32107		
COL6A3	-1.53967	-1.26675	-0.910798		
COL7A1	0.520603	1.85728	1.04239	0.519476	1.37996
COL9A1	-1.84556	-2.35735	-2.14332		
COL9A2	-2.11387	-1.74886	-2.0027		
COL9A3	-0.292062	0.545626	-0.547889	-2.56968	-1.35653
COLCA1	-0.415487	-1.38375	-0.15572	-0.633256	-1.12948
COLEC12	0.739745	0.308662	1.838	2.48051	2.6287
COLGALT2				-1.84449	-2.01477
COMMD10	2.52315	0.811376	2.14714		
COMMD4	1.14914	2.13162	0.500532		
COMMD5	4.77984	3.36646	3.69653		
COMMD6	-0.904358	-1.87116	-1.51267		
COMMD7	1.37656	-0.168828	0.354104		
COMMD9	0.515109	-1.18152	-0.719015	-0.532776	-1.30856
COMP	-3.13177	-4.22141	-5.72446	-5.82084	-6.52111
COMT	-1.89765	-2.67387	-1.2636	-0.496889	-0.742779
COMTD1	3.44693	1.61891	3.03826	2.97053	1.18891
COP1	2.73718	0.793514	1.76043	0.839322	-0.0287393
COPA	0.882682	1.39104	1.88193	-1.44393	-0.995078
COPB2	1.13437	-0.270263	1.14463	-0.37453	-1.2889
COPE	-0.662417	-1.80104	-1.73383		
COPG1	1.67187	1.98676	2.18423		
COPRS	3.73475	-0.171849	1.92035	2.42003	0.704667
COPS3	1.93177	2.52812	1.54613		
COPS4	1.69166	-1.34754	-0.129454	-1.56961	-2.2436
COPS5	-0.775022	-1.14805	-3.30339		
COPS6	1.97418	-0.00706621	1.25288		
COPS9	0.210745	-1.14714	-0.858245	-0.836659	-1.37291
COPZ1	1.01905	-1.19737	-0.300318	1.78892	0.387473
COPZ2	-7.29658	-4.91081	-9.10048	-6.82277	-6.00838
COQ10A	-1.23397	-0.756728	-1.74076		
COQ10B	-5.57043	-0.769803	-4.08509	-2.11065	-0.521605
COQ2	-5.25143	-2.09811	-5.0607		
COQ3	1.32083	2.52869	0.810302	0.852217	1.46995
COQ7	0.713368	-0.805405	-0.526874	-0.34455	-0.768467
COQ9	4.14091	1.35904	2.95815		
CORO1A	4.03908	-0.132586	2.6067	1.66776	0.0876247
CORO1B	-1.47657	-2.50219	-1.33067		
CORO1C	0.549399	-1.04375	-0.224583		
CORO2A	2.50278	3.31523	5.69167	1.63115	2.01195
CORO2B	0.558658	1.40892	0.655019	-0.668733	-0.274956
CORO6	2.02468	2.42686	3.43831	3.47755	2.94673
CORO7	-1.22465	0.739276	-1.94702	-3.17541	-1.53752
CORT	0.623982	-1.08008	0.187717	0.250783	-0.196974
COTL1	-1.12293	-1.03208	-1.21443	-2.27852	-1.78136
COX10	-1.10247	1.13714	0.0611217	-2.19684	-1.06933
COX11	1.9503	-0.60978	2.82679	-0.119161	-0.957463
COX14	-1.21069	-0.834037	-1.50158	-2.95814	-2.33697
COX17	1.22377	2.51878	0.821164	0.488468	0.991395
COX20	-4.65453	-4.16017	-3.94402		
COX4I1	-0.262568	-0.991799	-1.62659	-1.20733	-1.60269
COX4I2	-0.448338	-0.248145	-1.40125		
COX5A	0.317808	0.203248	-0.927697		
COX5B	-0.65355	-0.872416	-3.21963		
COX6A1	-2.54223	-3.46801	-5.45948		
COX6A2	0.840361	-0.401033	1.25889		
COX7A1	-0.986317	0.446833	-3.30522	-2.25607	-1.14741
COX7A2L	2.11591	-0.546308	1.09653		
COX8C	0.659108	1.58495	1.51779		
CPAMD8	-1.08195	-2.46686	-0.516447	0.103535	-0.983513
CPE	-0.773966	-2.08709	-0.818398	0.495167	-0.483224
CPEB2	0.671856	-1.06153	0.810892		
CPEB3	1.664	2.61836	3.92495	2.51413	2.81864
CPEB4	0.903624	2.06272	0.950137	4.57862	5.24186
CPLX1	-1.34571	0.951444	-1.78699	-3.07697	-0.535996
CPLX2	-3.71873	-2.22535	-5.90268	-4.16808	-2.91637
CPLX3	-0.688601	-2.01888	-1.0809	-0.447589	-1.0765
CPN2	-1.33384	-0.069866	-0.669523		
CPNE2	-0.0505558	-1.28965	0.177972	0.0431378	-0.284452
CPNE3	-4.12265	-4.64571	-7.69922	-2.0422	-2.48034
CPNE4	-0.609729	0.127027	-0.809738	-0.209269	-0.698572
CPNE5	3.52887	0.76853	3.00485	3.73747	1.57273
CPNE6	0.765796	-1.30825	0.196282	0.4813	-0.685145
CPNE7	1.19592	-1.07621	0.962489	0.89554	-0.496098
CPNE8	9.72246	4.08781	11.1723	10.2875	6.74716
CPNE9	3.97641	3.54038	4.67527	4.43169	4.58993
CPPED1	0.0437059	1.06266	0.731142	-1.63735	-0.816776
CPS1	0.0769799	0.536465	0.0493758		
CPSF1	0.906281	2.07349	0.169638	1.23291	1.76483
CPSF3	2.31641	2.68764	2.32232		
CPSF4	1.79955	0.411548	1.95033		
CPSF6	1.29902	0.185411	1.69947	0.605165	0.189346
CPSF7	-0.169541	0.606809	0.328207		
CPT1A	-0.787618	-1.1428	-1.2868	-2.28525	-2.40546
CPT1C	0.207257	-1.2981	0.266713	0.00528677	-0.921597
CPTP	3.19019	2.29482	2.56935		
CPVL	-5.60458	-5.96267	-5.33237	-5.1674	-5.8302
CPXM2	0.5457	1.08834	1.81862	-1.58437	-1.16737
CPZ	-2.26978	-2.96543	-1.78719		
CR2	0.280071	-0.233844	0.153568		
CRABP1	-3.74415	-0.739535	-4.66001	-3.28283	-1.51286
CRABP2	-0.498831	-0.0887702	-1.66331		
CRACR2B	-0.0850764	-1.1938	-0.361469		
CRADD	-1.47557	-2.82144	-2.96264		
CRAT	-0.498251	-0.549258	0.128015		
CRB1	0.503106	-0.806145	1.25716	3.35232	2.50965
CRB2	1.73453	0.838865	2.23174		
CRBN	0.162834	0.546528	0.498046	-2.76954	-2.5815
CREB3	1.02613	-0.96922	0.610366	0.92736	0.0761047
CREB3L2	-3.42657	-3.57302	-2.64524		
CREB3L3	3.7289	3.08878	4.98974	1.94649	1.88175
CREBBP	-0.326813	1.08455	0.379147		
CREBL2	-1.67192	-2.54424	-2.90639		
CREBRF	2.90614	3.01849	4.81045	6.77456	5.31799
CREBZF	0.587759	1.98967	1.44699	2.10634	3.06131
CREG1	-0.337407	-1.47054	-2.06546	0.444081	-0.00419624
CREG2	3.38066	1.79874	2.54724	-0.439194	-1.35344
CRELD1	2.45998	2.95525	1.80078		
CRELD2	-0.122155	-2.05761	-1.19659	-2.57486	-3.33193
CREM	0.302846	-2.04613	-0.219906	-2.77802	-3.18637
CRH	7.28546	3.15262	5.24648	6.48675	5.71696
CRHBP	-1.10715	-2.22452	-0.458232	-1.37856	-1.93014
CRIM1	2.53027	0.429616	4.19	3.18311	1.76043
CRIP1	0.531064	-1.00868	1.05379		
CRIP2	6.47006	0.47573	4.95926	3.46178	0.648305
CRIP3	0.475051	1.15483	0.981916	1.97124	2.32909
CRIPAK	-1.13707	0.884541	-0.258558	0.177253	0.980378
CRIPT	-0.963362	-1.20202	-1.15286		
CRISPLD1	-3.90217	-0.256861	-2.86363	-3.58184	-2.0089
CRKL	1.10101	0.95513	2.50539		
CRLF1	4.43098	1.07707	4.38837	2.71158	2.03051
CRLF3	3.92048	1.54097	5.83189	4.97177	3.74341
CRLS1	-1.15219	-0.503081	-2.21061		
CRMP1	2.04822	-0.358771	1.40207	0.959623	-0.341722
CRNKL1	2.77904	1.5961	2.83238	3.673	2.89131
CROCCP2	-0.830729	1.53915	-0.751562	0.527971	1.26284
CROCCP3	-0.693833	0.883352	0.0826015		
CROT	0.948515	-0.869431	1.08808	-0.442834	-1.5307
CRSP8P	2.49238	0.0862349	1.25434	-0.551098	-1.44697
CRTAC1	0.260693	1.13714	0.184924	-1.32529	-0.804493
CRTAP	-2.99796	-1.15342	-2.12585		
CRTC2	-0.00136067	1.76361	0.425762	2.24653	2.81491
CRTC3	1.7093	2.39744	1.92708		
CRY1				1.59114	2.16545
CRY2	3.77167	1.74289	5.76038	6.93956	4.60249
CRYAB	-1.26988	-0.208995	-0.693434	-2.78233	-2.02463
CRYBA2	1.12402	1.56895	3.86126	-0.455009	-0.440165
CRYBB1	1.3817	1.39099	1.40992	-0.704853	-0.989216
CRYBB2P1	-0.104065	0.896824	-0.525171		
CRYBG3	-0.364521	-0.108902	0.79234	-2.23684	-1.84646
CRYGA	-0.419958	-0.128388	-1.36202		
CRYGD	-3.78144	-3.10884	-4.07981	-5.49221	-4.30039
CRYGS	0.925014	1.9264	1.1489	1.75263	2.34376
CRYL1	-0.0386406	-1.02586	0.198173		
CRYM	8.33345	1.55954	8.45204	8.4898	3.00089
CRYZ	1.70994	-0.149436	2.09043	1.76658	0.509319
CRYZL1	0.167548	-1.66144	-0.157292	0.138881	-0.808241
CRYZL2P	2.16381	-0.300277	0.702331		
CS	-1.18158	0.659486	-1.46469	-1.94628	-0.366377
CSAD	-1.64423	-1.72695	-3.0479	-0.306493	-0.38212
CSAG1	0.36368	0.1922	0.0764315	0.0757609	0.305746
CSAG3	0.335841	0.686461	-0.0159916		
CSDC2	-3.6893	-0.644166	-3.27919	-2.19446	-0.615075
CSDE1	-0.812066	-0.474576	-1.13767		
CSE1L	1.91936	1.00799	1.47139		
CSF1R	-1.53603	-2.33764	-2.46873	-2.9202	-3.0564
CSF2RA	-1.61266	-2.37583	-1.43528	-0.885882	-1.19161
CSGALNACT1	2.05114	-0.740975	0.339161	2.42534	1.05234
CSH1	-1.16008	-0.874655	-0.746282		
CSMD1	1.16017	2.15367	1.43101		
CSMD3	1.02907	0.366123	1.38565	1.62563	1.28814
CSNK1G2	-4.00761	-3.20526	-3.79865		
CSNK1G3	0.693611	1.68679	1.90995		
CSNK2A1	0.925002	0.468925	1.69788		
CSPG4	-2.88998	-3.4341	-3.32347	-3.21017	-3.55833
CSPG5	-0.369461	-0.768791	-0.181441	2.62697	2.09094
CSPP1	-3.91293	-3.00383	-3.36278		
CSRNP2	-1.36812	0.326731	-0.661195		
CSRNP3	4.77635	4.83596	5.92739	5.42721	5.927
CSRP2	-2.04879	-1.71988	-0.718938	-0.30825	-0.275368
CSTB	-1.53661	-2.28927	-1.29148	0.625047	0.156502
CSTF1	3.45951	1.6472	1.95381	1.07274	0.631471
CSTF2	1.69612	3.46418	1.10709	1.21382	2.05782
CSTF2T	2.21912	3.61741	2.48201	0.542623	0.896653
CSTF3	2.13826	1.12843	2.57793	4.46487	4.45847
CTBP1	-3.44498	-1.0753	-2.19133		
CTBP1-AS2	-1.50938	-0.118371	-0.797065		
CTBP2	-4.38766	-5.52847	-3.32272		
CTBS	1.75984	0.478896	0.951783		
CTC1	4.81364	0.820599	3.81037	1.22305	-0.291436
CTCF	-3.10848	0.179279	-2.65883		
CTDSP1	-5.31536	-1.44313	-3.69298	-1.84912	-0.780652
CTDSPL	7.29518	4.01933	4.91454		
CTDSPL2	2.83517	3.10879	2.78916	1.08592	0.825866
CTGF	-1.62808	-2.23903	-0.502472	-2.29585	-2.92946
CTH	2.26979	-0.213743	3.0462	1.24693	0.00841159
CTHRC1	2.11882	3.73175	2.8754		
CTIF	1.4567	2.55802	2.44411	2.1163	2.64195
CTNNA1	-4.84603	-0.368755	-4.12064	-2.13468	-0.752437
CTNNA2	-0.691738	-1.86232	-1.47987		
CTNNAL1	0.100984	1.41775	-0.690024	1.99518	2.79197
CTNNB1	0.0492362	0.96101	0.843358	2.18634	3.00918
CTNNBIP1	0.28682	-0.683923	2.10588	-0.236445	-0.694945
CTNNBL1	1.33184	1.85655	1.3329	0.868293	1.00785
CTNND2	1.69731	-0.556085	1.37196	3.86488	1.83774
CTPS2	-2.77981	-0.185232	-2.10102	-1.68152	-0.896418
CTR9	1.49967	-0.837664	0.0561862		
CTRL	-1.77496	-0.0143993	-1.04327		
CTSA	0.734833	1.71343	0.729912	-0.498779	0.371329
CTSB	1.14652	1.9744	0.800616		
CTSC	-6.28201	-0.265353	-4.73439	-2.27861	-0.267026
CTSD	0.697214	0.370298	0.94274		
CTSH	1.22204	-0.0684712	2.76995	2.04869	1.88658
CTSK	-0.304302	0.40619	-1.35513	-1.60803	-1.04164
CTSL	2.14881	2.83358	2.31914	1.08002	1.33539
CTSO	-0.356826	-1.40817	0.00118814	-0.884955	-1.27168
CTSS	-6.98521	-5.39207	-7.62444		
CTSV	-0.671499	-0.0761629	-0.318753	-3.73118	-3.18311
CTSZ	-0.430634	0.840598	0.42643	-0.944593	-0.297519
CTTNBP2	-5.39897	-0.136961	-3.50163	-3.04555	-1.1388
CTU1	1.2644	0.749555	0.744949		
CTXN1	6.8726	-0.177559	5.80479	3.97717	0.540308
CTXN3	1.69842	1.60379	3.30665	1.76284	1.92207
CTXND1	-2.20754	-3.11149	-3.34418	-1.22101	-1.59557
CUEDC1	-2.95584	-3.02153	-2.08424		
CUL1	1.78906	1.934	0.965974		
CUL2	2.31417	0.3282	1.33202		
CUL3	3.87351	4.37656	4.5553	2.32248	3.1213
CUL4A	3.25356	0.480761	2.70668	0.768292	-0.317594
CUL4B	-0.205882	0.229963	0.0468435		
CUL5	0.68581	1.6157	1.08866		
CUTC	0.829274	0.00827542	1.10403		
CUX1	-2.55946	0.746914	-2.80937	-0.455137	0.769348
CUX2	-0.347888	1.09314	-2.30697	-0.162765	0.476183
CWC22	-1.57196	0.500425	-0.516747	-0.388933	0.479437
CWC25	0.413357	1.81462	0.747647		
CWF19L1	1.58062	2.46096	2.1064		
CWF19L2	1.12538	2.28533	1.40759		
CX3CL1	0.579874	0.475884	0.294648	0.722364	0.10588
CX3CR1	-1.21295	-2.13832	-1.94652	-2.95758	-3.36736
CXADR	-0.469725	-1.72172	-0.475051	-0.667737	-1.14821
CXADRP2	-0.628701	-1.70133	-0.668158	-1.19407	-1.5135
CXADRP3	0.03088	-0.388751	0.425153	0.845221	0.247822
CXCL1	-5.56914	-5.56905	-4.52951		
CXCL12	-2.32458	-0.964711	-1.71683	-2.18083	-1.7228
CXCL16	-4.22779	-4.91787	-3.53493		
CXCL2	-4.04604	-4.36443	-3.25152	-1.39923	-1.76953
CXCL3	-3.72906	-4.35998	-4.50757		
CXCL5	-1.77764	-1.83869	-1.46358		
CXCR4	-2.84334	-3.44131	-2.58873	-2.4239	-3.02908
CXXC4	2.49941	0.441411	3.90034	5.3723	3.54362
CXXC5	1.93357	2.5493	1.94232		
CXorf36	-3.03431	-1.05481	-3.91025	-3.85267	-2.57081
CXorf38	-4.25968	-5.50183	-4.66208		
CXorf56	-3.05674	-1.70432	-4.2253		
CXorf57	2.68563	-0.415025	4.46359	3.35741	0.70447
CXorf67	2.86879	2.29934	3.28113		
CYB561	7.21154	1.99756	5.80659	5.27482	2.35806
CYB561A3	0.304851	-0.516531	0.262446		
CYB561D1	-0.34673	1.10182	-0.728527		
CYB5A	-1.64805	-2.52564	-3.63182		
CYB5B	-0.356176	-1.85687	-1.679	0.23072	-0.853243
CYB5D2	1.13219	-1.70059	0.291158	-0.110647	-1.39435
CYB5R1	2.18892	-0.984355	2.84147	-0.253739	-1.3407
CYB5R3	-1.46593	-2.96925	-1.73936	-1.28053	-2.03525
CYB5R4	-3.934	-0.186728	-3.47485	-3.2715	-1.69651
CYBA	-4.78134	-4.49033	-4.5697		
CYBB	-1.51365	-2.41912	-2.42331	-1.73633	-2.17757
CYBRD1	-2.30508	-2.8	-3.15787		
CYC1	0.805877	1.44065	1.14591	-0.626251	-0.295647
CYCS	0.182999	0.447534	1.40984	-1.9091	-1.71096
CYCSP52	-1.79309	-1.64699	-1.74078		
CYFIP1	-5.54411	-3.47125	-4.80724	-2.68813	-2.02208
CYFIP2	1.70625	1.02299	0.682294		
CYGB	2.55765	0.906251	1.47483	1.1873	0.208583
CYHR1	5.20777	1.55181	3.97041	3.02891	1.37903
CYLD	0.958233	-1.00103	-0.879095		
CYP1A2	-1.819	-0.948122	-1.00603		
CYP1B1	2.42733	0.743036	0.737491	0.848657	0.299998
CYP1B1-AS1	2.58332	2.79909	1.18686	0.994573	1.11753
CYP20A1	-0.887099	0.11669	0.397281		
CYP26A1	3.29746	0.790485	2.90446	1.4482	0.151711
CYP26B1	1.33318	0.46421	-0.8493	0.202358	-0.0114386
CYP27A1	-1.75675	-0.598179	-1.50458	-2.55259	-1.8187
CYP2D6	0.87572	0.117582	1.22189		
CYP2E1	6.1001	5.8581	5.31737	7.11275	7.86805
CYP2J2	-3.70597	-4.16453	-3.82129		
CYP2R1	2.31552	0.891631	1.49844		
CYP46A1	4.14299	0.493468	2.98713	2.97709	0.589709
CYP4F12	-0.574027	-1.19373	0.187325		
CYP4F29P	-1.39046	-0.394825	-0.398769		
CYP4V2	-1.28993	-1.96309	-1.14883	1.41796	1.22574
CYP4X1	4.60501	1.02574	3.56569	2.8077	1.39641
CYP4Z1	3.54811	0.81565	2.05914	1.81521	0.475157
CYP51A1	2.6149	1.87762	2.89568	1.33172	1.02831
CYP7B1	-2.36253	-1.69963	-1.28012		
CYR61	-0.115415	0.8293	0.75322	-0.250157	0.185325
CYS1	1.63818	0.0274709	1.42854	2.81091	1.47183
CYSTM1	-1.62582	-2.39655	-2.6901		
CYTH1	-0.636591	0.825644	0.0254543	-1.26047	-0.586074
CYTH3	-1.89372	0.524916	-1.38583		
CYTH4	-2.58521	-2.96325	-2.64711	-4.46278	-4.34114
CYTL1	-1.11019	-2.50034	-2.05396	-3.64924	-4.14787
CYTOR	-0.800349	-2.1798	-4.34093	-1.31914	-1.89189
CYYR1	-0.871505	-0.44336	-0.874363		
DAAM1	3.53368	2.66485	4.23586	5.59056	4.93263
DAB1	-3.26366	-3.74524	-2.84825	-1.21246	-1.40775
DAB2	-4.98374	-5.44469	-5.56124	-4.19946	-4.8919
DACH1	4.47807	4.20758	6.78244	3.59223	3.67858
DACH2	3.62963	-0.525457	2.03192	0.712215	-0.95545
DACT1	1.51063	-0.727835	0.793082	0.903706	-0.117778
DACT2	-1.63364	-0.300868	-1.44009	-1.06309	-0.0199534
DACT3	1.45208	-0.661835	1.968	2.07986	1.09726
DAD1	-1.52462	-2.76402	-3.61309	-1.88666	-2.62315
DAGLA	0.745701	0.917994	0.78008		
DAGLB	4.40321	2.54403	3.51353	2.1785	1.51236
DANCR	-1.28245	-0.781983	-1.52745		
DAP	-1.72609	-2.6256	-1.88054	-2.42224	-2.75391
DAP3	-4.53517	-5.68689	-3.45051	-3.96993	-4.43706
DAPK1				2.00111	3.05164
DAPK1-IT1	2.12621	3.22516	3.90036	4.63748	5.77979
DAPK3	1.42592	2.10613	0.80634		
DAPL1	-0.577971	-2.25852	0.0574409	-0.589805	-1.35702
DARS	-4.29255	-4.58892	-3.88341		
DAW1	0.123087	-1.80357	-1.30826	-0.0339721	-1.13572
DAXX	-0.82307	0.998499	-1.1925	0.780691	1.38034
DAZAP1	-1.27381	1.09686	-0.541074	0.0169545	0.730019
DBF4	-0.282061	1.28884	-0.688151		
DBH	7.17083	2.9828	5.90198	6.16345	4.43155
DBI	-3.10376	-3.45212	-3.71815	-1.31334	-1.96802
DBIL5P2	-0.684526	1.35917	-1.08826	0.426407	1.27728
DBN1	2.26436	1.6098	1.67568		
DBNDD1	2.43658	1.72699	2.16249	1.27905	1.2934
DBNL	2.12956	-0.304693	1.41015		
DBP	-0.762273	-0.0819899	-2.08941		
DBT	1.67657	1.15732	1.30886		
DBX2	-0.260363	-1.00566	0.635688	0.939677	0.444503
DCAF1	-2.01439	0.806045	-0.391667	-1.79492	-0.502863
DCAF10	2.65814	3.27022	3.44978		
DCAF11	3.05423	-0.493261	2.07783	2.06859	0.131929
DCAF13P3	-0.919294	1.47881	0.529535	0.854241	1.72328
DCAF15	1.70044	-0.303509	0.847814	1.04455	-0.19952
DCAF16	0.317815	1.46831	1.24998	1.9228	2.5994
DCAF4	4.75905	0.858953	2.99276	2.86573	1.6338
DCAF5	2.07241	-0.114645	3.01295	1.43984	0.434273
DCAF6	4.50667	4.38634	3.80188	2.44507	2.33999
DCAF7	-0.898712	-2.04096	-1.01286	-0.403095	-1.14401
DCAF8	-1.79998	0.472183	-0.796446		
DCAF8L2	-4.46571	-1.17911	-3.21185	-1.86222	-0.482907
DCAKD	3.5384	-0.208882	3.50878	3.19525	0.746853
DCBLD1	-0.964264	-0.0888779	-0.827712	0.28564	1.02477
DCBLD2	1.42488	2.4723	1.05327	1.66214	2.26174
DCC	-0.0504296	-0.0205419	-0.527563	0.401698	0.751516
DCHS1	-0.723802	-1.30089	-0.544551	0.833152	0.475006
DCHS2	5.13006	1.92096	5.86657	3.18556	2.16432
DCLK1	-0.620732	1.01241	0.16171	-2.38654	-0.695765
DCLK2	3.81485	-0.862306	1.91379	-0.400567	-1.42922
DCLK3	-1.25993	-1.34456	-4.29091	-0.605134	-0.834754
DCLRE1A	4.27221	4.70699	4.47275	6.00904	6.00031
DCLRE1B	0.165036	-1.22703	-0.544148		
DCLRE1C	0.181643	1.7187	-0.109386		
DCN	-4.42324	-5.17073	-3.65089	-1.93112	-2.34234
DCP1A	1.04125	2.21287	1.91888	1.04121	1.85426
DCP1B	-0.817948	1.383	-0.683332		
DCP2	8.23472	2.57186	6.70608	5.78482	4.16744
DCPS	0.550681	2.02045	-0.671497	-0.966438	-0.113622
DCSTAMP	1.24926	-0.458913	-0.593032	0.433796	-0.367149
DCTD	0.200557	-1.23356	-0.477395	0.322429	-0.548799
DCTN1-AS1	0.143857	1.06412	0.122191	-0.74585	-0.200902
DCTN2	1.06731	1.06533	1.88243		
DCTN3	2.76612	0.183556	1.85355		
DCTN4	-1.28598	0.571899	-1.23978		
DCTN6	-0.251191	-1.33952	-0.745913		
DCTPP1	4.04398	0.700728	3.0253	1.32597	0.100118
DCUN1D1	2.35293	3.32969	3.09536	1.07437	1.42366
DCUN1D2	-0.246469	1.51198	-0.411104	-0.226923	0.722064
DCUN1D3	6.18797	5.56626	6.6799	5.29949	5.51709
DCUN1D4	1.29189	0.942906	1.59772	-0.0359459	-0.175056
DCUN1D5	0.215028	-1.40624	-0.0941193	-1.8713	-2.56046
DCX	2.04088	1.82215	2.7675		
DCXR	-3.0927	-2.62029	-4.18966	-1.20288	-0.848497
DDA1	0.824161	-1.60552	0.661555	0.42328	-0.921271
DDAH1	2.37278	-0.713849	3.22105	4.09332	1.68594
DDAH2	-1.64882	-2.48072	-2.026	-0.301628	-1.15943
DDB1	1.33556	-0.92638	0.515464		
DDB2	-0.588223	0.367179	0.0290932	-1.85653	-1.6608
DDC	-1.38147	-1.35525	-0.983729		
DDHD1	1.24494	2.04401	1.45758	0.35407	0.700631
DDHD2	-0.911627	1.12647	-0.677967	-3.11249	-0.833792
DDI2	-1.32995	-1.25667	-1.5711		
DDIT3	-0.80095	-0.0672652	-1.33296		
DDIT4L	2.15776	-0.051466	2.10176	4.776	3.97536
DDN	0.582524	-1.11031	0.371888	1.20041	0.109654
DDO	-1.43424	-2.40729	-1.95842		
DDR2	-2.15314	-2.79247	-0.304289	0.146328	0.00476619
DDRGK1	2.99326	0.356736	2.06809	3.38403	1.18188
DDX1	1.66029	1.82514	1.82859	-0.27191	-0.479964
DDX10	3.94344	1.56234	3.3983	1.81568	0.450813
DDX11	-3.14295	0.408545	-3.45275	-0.79536	0.421138
DDX18	0.424686	1.04649	0.15446		
DDX19B	-1.31068	0.823262	-0.918661		
DDX20	4.60428	1.24134	2.99312		
DDX23	-2.21875	0.517492	-1.12858		
DDX24	-4.53918	-1.21745	-3.46817		
DDX25	5.17107	1.06901	4.25059	3.51249	1.50581
DDX27	-1.57921	0.762749	-1.33367		
DDX28	1.94179	2.81849	1.36421		
DDX31	-1.25419	0.184468	-1.57033		
DDX39A	-0.848936	0.712478	0.182925	-1.04634	-0.326206
DDX3X	-0.79189	1.56056	0.623051	0.525554	1.45036
DDX3Y	-2.55964	0.88249	-1.53383	-0.329851	0.777855
DDX41	1.01674	0.959957	1.44696		
DDX46	-1.13785	1.52276	-0.0914304	1.26161	2.01781
DDX49	-0.509149	-1.73418	-1.18566		
DDX5	-1.2644	0.031119	-1.46626	0.506712	0.888097
DDX52	0.397531	1.47537	1.19231	-1.17827	-0.797851
DDX54	0.216587	-1.25349	-1.4683	0.0732374	-0.640839
DDX55	-4.23481	0.279759	-4.94364	-1.37895	-0.431805
DDX58	0.470031	-1.17575	0.399637		
DDX59	-4.99894	-3.13693	-5.46293		
DEAF1	-1.38531	-2.22988	-1.28459	0.38642	-0.610386
DECR2	2.18359	0.552001	0.828601	0.849149	0.186455
DEF6	-3.14733	-2.80022	-4.54791		
DEFB1	-1.276	-0.119795	-1.0601		
DEFB115	-2.23913	-1.37475	-1.55105		
DEFB124	0.461406	-0.390467	0.831585		
DEFB131A	1.86279	2.99636	2.2224	1.34016	1.9417
DEGS1	-0.040168	-1.43187	-0.773689	-2.92088	-3.38238
DEK	-1.98054	-1.37595	-3.24697		
DENND1A	1.72561	-0.204011	1.91757	4.79833	2.67673
DENND1B	0.890231	2.18949	2.39204	0.647641	1.39658
DENND1C	-0.50882	-1.54562	-1.23435	-0.944485	-1.56648
DENND2A	-2.00576	-2.69361	-2.1562	-1.29386	-1.80989
DENND2C	-2.00377	-3.76283	-1.69008	-2.6616	-3.14532
DENND2D	2.85758	2.38767	5.18516	1.561	1.68334
DENND3	7.93394	5.51367	6.66041	5.8645	5.06251
DENND4A	2.22593	3.26842	2.35027	3.12288	4.03651
DENND4B	-1.00949	0.865971	-0.449219	-1.16907	-0.176542
DENND4C	-6.30685	-1.51119	-5.35059	-2.93096	-1.51265
DENND5B	1.92813	2.63612	2.70513	3.43379	3.71122
DENND6A	0.141445	1.72854	1.56266	-0.106412	0.890259
DENND6B	2.51176	1.01977	2.82614	3.10398	1.44717
DENR	2.88189	0.622622	2.88084	2.79096	1.07133
DEPDC1	1.15146	2.1679	1.84566	1.6853	2.13141
DEPDC5	5.38229	6.07728	5.00309	3.82306	4.38533
DEPP1	0.643117	0.341178	0.307655		
DEPTOR	-0.905452	0.639832	-0.707345	-1.31454	-0.22241
DERA	-2.29966	-3.03736	-2.50973		
DERL1	-1.67589	-2.54924	-2.74243	-1.77422	-2.09261
DERL2	0.9034	-1.05813	0.448801	0.595549	-0.58475
DERL3	-1.4687	-2.03774	-2.02066	-0.183921	-0.389682
DESI2	-1.23306	-0.0798831	-0.82613		
DET1	1.83401	2.5957	1.38851	-1.90596	-1.14223
DEXI	0.259991	1.43957	0.513171	-0.554435	0.198864
DFFA	-0.632936	-1.14756	-1.1508		
DFFB	1.66723	2.56907	2.33997		
DGAT1	3.21468	3.35283	2.63496		
DGAT2	1.88627	0.617902	1.39458	-0.48669	-1.28033
DGCR2	1.01633	1.71969	0.205153		
DGCR5	4.69468	2.40489	2.78573		
DGCR6	1.04955	-0.539298	0.86226		
DGCR6L	1.49585	-0.550762	0.889224		
DGCR8	1.33765	2.43111	2.61929	2.41418	3.25707
DGCR9	1.98741	2.89571	2.1229	1.46343	2.16815
DGKA	4.57296	1.48065	3.12895	2.30423	1.40728
DGKB	4.87235	1.40567	4.28752	5.24895	2.36744
DGKD	-1.85205	-0.0578424	-0.327496	-0.0974521	0.452624
DGKE	2.19428	2.53752	2.9339		
DGKG	-0.489407	-0.781939	0.34175	-3.17886	-4.02148
DGKH	-0.256885	-0.404832	0.508428	-0.00814387	-0.204819
DGKI	1.45991	3.04506	0.673036	1.57705	2.35003
DGUOK	1.39598	-1.13234	-0.573358	0.313723	-0.489498
DHCR24	1.79233	0.866519	2.06558	-1.8936	-2.9161
DHCR7	0.424247	-0.967493	0.563254		
DHDDS	1.03747	0.0524985	1.67679		
DHDH	0.450719	-0.850124	0.318595	0.246425	-0.441133
DHFR	-0.568078	-0.0168536	-0.109581		
DHODH	-2.45457	-3.50672	-3.31509		
DHPS	2.23018	2.43888	1.39829		
DHRS1	-0.355016	0.546013	-0.0938287		
DHRS11	1.33874	1.50609	0.819049		
DHRS12	1.73215	-0.407193	2.2471	1.27974	0.107005
DHRS2	1.62255	-0.760365	1.19885	-0.176656	-0.862957
DHRS3	-4.60212	-3.83726	-4.64584	-3.38465	-2.90657
DHRS4	2.63003	-0.223181	1.51093	0.895124	0.141644
DHRS4-AS1	0.819461	-0.375686	0.278151		
DHRS7	0.153677	0.417689	0.126446	-0.391727	-0.238719
DHRS7B	2.48194	0.829112	1.83839	1.14971	0.47631
DHRS9	-0.825613	-1.96117	-0.879477	-3.01849	-3.01027
DHRSX	-2.42587	-2.80532	-1.97021		
DHX15	-1.05369	0.572752	-0.67264		
DHX16	0.432358	1.6821	-0.222424	1.01104	1.59722
DHX29	-0.172451	1.10374	-0.918486		
DHX32	0.104679	1.38178	0.596954		
DHX33	-1.65898	0.567366	-0.762991		
DHX35	1.68307	2.47264	2.27672	2.48572	2.52347
DHX36	3.34646	2.77667	2.67788	2.96185	2.17578
DHX40	-1.68384	-0.185169	-1.51769		
DHX57	2.66904	3.21337	2.43824		
DHX58	0.962354	-1.19709	-0.669121	0.430663	-0.583199
DHX8	1.05239	1.84625	0.198737		
DHX9	-0.764734	0.579435	-0.244205		
DIABLO	-0.233192	1.05551	0.147224	-1.32197	-0.405896
DIAPH1	0.591916	1.0442	0.239573	3.87424	4.55013
DIAPH2	0.4533	-0.995535	0.51079	1.23663	0.258492
DIAPH3	0.104842	-1.54894	1.05507	1.99657	0.44813
DICER1-AS1	1.19181	-0.155462	1.73195		
DIDO1	-1.08282	1.34986	-0.177726	0.909065	1.66217
DIEXF	2.43334	-0.0100571	1.84443		
DIO2	-1.16942	-2.27796	-1.03222	0.634869	-0.293157
DIO3	1.13658	0.61997	1.83702	-0.461422	-0.984
DIO3OS	0.998398	1.80664	3.85823	0.33039	0.879105
DIP2A	-3.27854	-0.290802	-1.74144	-3.04535	-1.69591
DIP2B	-1.07257	0.0902742	-1.02937	-2.06804	-1.40786
DIP2C	-2.3958	-0.00349035	-1.59846		
DIRAS1	1.89572	2.72181	5.07702	0.944738	1.34474
DIRAS2	3.09719	3.77115	2.96581	3.5062	3.68929
DIRAS3	-0.577724	-1.79224	-1.82679	0.0217771	-0.685383
DIRC2	-2.15866	-3.23257	-2.30814	-0.493106	-0.87823
DIS3	-1.76646	1.22007	-1.15238	1.9139	2.84818
DIS3L	-2.62882	-3.77943	-2.95665		
DIS3L2	-2.55825	0.957845	-3.30471	-0.699476	0.86994
DISP1	-2.96099	-2.18471	-1.80507		
DISP2	2.90648	0.737229	3.60788	4.51185	2.03093
DIXDC1	-0.824137	-0.551092	0.180766	-0.726649	-0.987005
DKFZP586I1420	3.93398	1.31138	3.53668	2.15575	1.33867
DKFZp779M0652	0.480818	-1.65226	-0.608115	0.15452	-1.21008
DKK1	1.8921	2.53319	3.99485	1.69402	2.01255
DKK2	2.55437	2.61671	2.12715	4.68682	4.00508
DKK3	1.81977	-0.922256	0.801529	0.612221	-0.490178
DLAT	0.963109	1.20007	2.30939		
DLC1	-3.76073	-2.39119	-4.77892	-3.79454	-2.77246
DLD	1.0683	0.479161	1.20241	-0.261445	-0.510769
DLEC1	-1.30291	-1.64741	-1.03101	0.0715259	-0.162975
DLEU1	-1.57276	-2.702	-2.61623		
DLEU7	2.58705	0.500251	1.15163		
DLG1	0.286744	1.52751	0.18405		
DLG2	0.361602	-1.42451	-0.19401	0.242869	-0.825293
DLG3	-1.06637	0.247605	-0.498751		
DLG4	0.713708	-0.311245	0.246162		
DLG5	-0.0609402	1.42245	0.709626	4.23454	5.7314
DLGAP1	-0.915361	1.14674	-0.754759	0.991087	2.16224
DLGAP1-AS4	0.951244	2.10878	0.932761	3.17565	3.90147
DLGAP2	0.873071	2.07146	2.15202	1.62667	2.61651
DLGAP3	-0.516183	-1.56803	-2.60352	-0.603471	-1.01201
DLGAP4	-0.0922166	-1.30487	-0.289474	0.363879	-0.236078
DLK1	-2.13853	-1.02538	-1.86911		
DLK2	4.17234	1.21212	3.14544	3.29546	1.36527
DLL3	-0.261772	-1.50063	-2.57573	0.0224514	-0.65596
DLST	-0.123883	-0.0158664	-0.0585897		
DMAC1	1.5213	-0.478203	1.00418	-0.402297	-1.36664
DMAC2	1.26047	1.36861	0.771976		
DMAP1	2.22204	2.37895	1.19122		
DMBT1	-0.421217	0.34777	-0.146223	-3.43111	-2.48588
DMD	4.55438	0.31558	5.28381	3.96491	2.63574
DMGDH	0.228025	-1.65774	-1.17491	0.375853	-0.756949
DMKN	2.01402	3.1476	3.17074	6.37826	6.11168
DMRT2	-0.520769	-0.0126301	-0.1028	-4.38636	-3.52196
DMRT3	1.00953	1.15332	0.404373	-1.81017	-1.31833
DMRTA2				-2.75621	-2.16872
DMRTC2	-3.01434	-2.20286	-3.3714	-5.36818	-4.13345
DMWD	1.02678	-1.19849	0.26399	0.0926453	-0.918032
DNA2	0.497191	1.99698	1.51207	2.7366	3.29297
DNAAF1	0.0928047	-1.72949	-0.469678		
DNAAF2	-0.383843	1.59366	-0.213928	1.83888	2.71471
DNAAF4	1.12174	-0.825598	2.34068	2.58275	0.49536
DNAAF5	-4.09101	-1.21024	-3.23223	-2.14089	-1.35183
DNAH1	1.95503	2.6765	1.64942		
DNAH12	-3.88345	-4.87792	-2.61967	-2.89053	-3.54592
DNAH14	0.745825	-1.2183	1.07823	1.04759	-0.148497
DNAH17	-0.624524	0.3342	-0.254676	-3.39594	-2.08882
DNAH2	2.70925	-0.245851	2.85953	3.2992	1.08719
DNAH5	1.59477	-0.972567	1.71075	0.73272	-0.721981
DNAH6	2.95276	-0.15475	2.64492	3.15415	1.25221
DNAH7	4.09154	0.615841	3.18399	4.72573	2.8546
DNAH9	-3.73311	-4.33169	-4.32625	-3.37966	-4.05366
DNAJA1	4.43237	0.56766	3.4256	2.48773	0.908219
DNAJA2	1.32745	0.498147	-0.0131875		
DNAJA4	1.04278	-1.39265	1.4467	0.0443787	-1.01221
DNAJB1	-0.42522	-0.769418	0.816221		
DNAJB14	2.84254	3.3645	5.31389		
DNAJB2	-2.89566	-3.92565	-2.34242		
DNAJB6	3.21324	1.02536	1.9684		
DNAJB9	2.23653	1.8685	4.22565	0.511708	0.244117
DNAJC1	0.225716	-1.01159	-0.375847	0.902815	0.243971
DNAJC10	0.875842	-1.36944	1.03635	1.25464	0.00802777
DNAJC11	0.038788	1.25783	0.286011	-1.1135	-0.496066
DNAJC12	-2.31927	-3.21073	-4.69212	-2.80295	-3.01107
DNAJC13	4.17706	2.05451	2.65715		
DNAJC14	2.01531	0.548256	0.0935528		
DNAJC16	3.19943	3.85804	5.314		
DNAJC17	1.62918	2.22493	0.821676		
DNAJC18	-0.120519	0.968178	0.564575	-0.677427	0.0428417
DNAJC19	0.679033	-1.14965	-0.519385	-0.675825	-1.45662
DNAJC2	3.91666	-0.100836	3.22791	-0.000104104	-1.21345
DNAJC21	1.26876	1.70691	0.565791	-0.241582	0.0858128
DNAJC22	-0.464095	0.171386	-1.0208	-3.3557	-2.27991
DNAJC24	1.56503	-0.615249	0.980466		
DNAJC25	-3.02554	0.367412	-2.47595	-2.66626	-1.58215
DNAJC27	2.03223	2.37524	2.8013	0.471274	0.545755
DNAJC28	-3.06413	-0.0168826	-2.28867	-1.88095	-0.618043
DNAJC3-AS1	1.65684	0.71031	2.25929		
DNAJC30	5.74077	1.02192	3.70959	0.0908915	-0.862897
DNAJC4	-1.30328	0.835727	-1.38277	-1.64798	-0.189343
DNAJC5	1.07328	-0.853796	0.358381		
DNAJC5G	0.903538	2.1187	0.26119	2.0058	2.69249
DNAJC6	0.999965	0.864387	1.30783		
DNAJC7	0.803053	-0.222132	0.455827		
DNAJC8	2.25637	-0.234692	1.5758	-0.389998	-1.29575
DNAJC9	-1.19516	0.384048	-1.03606		
DNAL1	0.189223	-0.987201	0.918496	0.00126196	-0.635033
DNAL4	0.559933	-1.1876	0.0468274	0.0536545	-0.824556
DNALI1	1.03994	-0.600543	0.521061	3.27377	1.66393
DNASE1L1	-0.174948	-1.25919	0.152019	-1.84844	-2.45267
DNASE1L2	-0.0273197	1.34849	0.246137	1.72263	2.32955
DND1	-1.53298	1.29549	0.0932189	0.11285	1.26225
DNER	-4.20852	-4.81483	-4.53455		
DNHD1	1.67058	2.82983	1.37451	1.03855	2.16702
DNLZ	1.0023	-0.434566	-0.644152		
DNM1	4.26876	3.81794	2.85471		
DNM1L	1.17502	1.17591	1.11936		
DNM3	3.15396	3.45225	4.07842	0.586268	0.852901
DNMBP	2.47346	3.70829	2.88508		
DNMT3A	-3.17978	-1.076	-2.95515	-2.58138	-1.33757
DNMT3B	4.2242	4.72891	5.36977		
DNPEP	-2.3097	-3.5333	-2.72141		
DNPH1	2.31644	-0.257853	0.924631	0.718998	-0.0820735
DOC2A	4.74275	0.459361	3.20478	1.5441	0.00731577
DOC2B	0.824611	-1.09665	1.38071	0.917888	-0.578263
DOCK3	1.21544	2.2901	1.87768		
DOCK4	3.6311	2.2549	3.2122	3.14597	3.89105
DOCK5	-0.880453	-0.213913	-0.510229		
DOCK6	0.267038	-0.639218	0.196562		
DOCK7	-0.846772	-1.90143	-1.22763	1.4863	0.517653
DOCK8	-2.48539	-3.17137	-3.06074	-4.473	-4.80711
DOCK9	0.807242	-0.163119	0.604333	-2.09799	-2.4808
DOCK9-AS2	5.45723	3.77895	3.82454	3.22117	2.63969
DOHH	0.768692	1.14743	0.849665		
DOK1	-2.26075	-2.87982	-4.53354	-1.3007	-1.87687
DOK3	-1.20781	0.27759	-3.21447	-3.82194	-1.95281
DOK4	1.61463	-0.760274	1.8313	0.947743	-0.348809
DOK5	-2.69254	-3.25978	-2.76548		
DOK6	2.38623	-1.00671	4.33839	1.90632	-0.379197
DOK7	-0.914177	-1.2634	0.25172	-1.54268	-1.66072
DOLK	-0.605129	-2.36746	-2.09823		
DOLPP1	1.84495	-0.260462	1.451		
DONSON	2.29095	1.46806	1.37402	1.50946	1.43278
DOPEY1	3.93773	2.52793	3.77648		
DOPEY2	-1.73956	0.0720189	-1.43062		
DOT1L	-3.35221	0.389125	-2.30475	0.4598	1.24052
DPCD	0.53486	-1.36273	-0.259887	-2.00057	-2.35811
DPF1	6.78658	1.45637	5.88041	3.77418	1.25998
DPH2	2.26604	0.971815	1.40149		
DPH3	-0.547435	0.0532919	-1.23022	-0.540445	-0.0299785
DPH3P1	0.499875	1.11377	1.103	-1.34313	-0.900595
DPH5	-1.06308	-2.0294	-1.60609	-3.21391	-3.5848
DPH6	-2.1977	-2.58388	-2.49781		
DPH7	2.08426	2.65983	2.18299	2.21575	2.80558
DPM2	3.96721	1.87833	2.60205		
DPM3	-0.979706	0.658742	-0.426894	0.164568	1.08884
DPP10	6.25866	1.205	3.82773	2.07201	0.666044
DPP10-AS1	4.24284	0.4776	1.95458	2.86842	1.48049
DPP3	0.664838	0.550202	0.696496		
DPP4	-1.74276	1.10857	-0.967202	-1.89619	-0.0924095
DPP6	0.668643	0.854706	-0.123271	-0.695374	-0.716363
DPP7	2.77406	3.73906	4.70627	2.01881	2.59295
DPP8	0.941405	1.98252	0.953707	-0.214448	0.606745
DPP9	1.8129	2.26006	1.57257		
DPT	-1.72633	0.250118	-0.731167	-0.777052	-0.138982
DPY19L1	0.933395	1.05284	2.07997	-1.66617	-1.81987
DPY19L1P1	2.95772	3.97113	3.87989	4.82521	5.92874
DPY19L2	0.86775	2.10023	1.07016	1.40485	2.48358
DPY19L2P1	-0.279978	1.60671	-0.676033	1.22522	2.15983
DPY19L2P2	0.479033	1.95991	0.96865	2.31936	2.92272
DPY19L2P3	-0.730667	1.35183	-0.559791	1.44158	2.50889
DPY19L2P4	1.02962	2.44355	1.04101	0.975022	2.03175
DPY19L3	-2.59105	-2.5262	-3.48625		
DPY19L4	-1.3618	0.317513	0.254288	-0.807572	-0.154076
DPY30	0.0122256	-1.14618	-0.661074	-0.693417	-1.43486
DPYD	-1.13386	-2.76029	-1.22946	-0.356602	-1.03011
DPYS	3.5376	3.13075	7.3508	2.68919	2.61941
DPYSL2	2.0328	0.522531	1.97437		
DPYSL3	1.27407	-1.03626	3.76182	2.8137	0.667474
DPYSL4	3.8001	1.79117	2.83336	3.29357	1.39961
DPYSL5	-0.586678	-0.829162	0.412283	-3.28205	-4.03367
DR1	-1.39867	-2.54398	-2.23312	-2.12183	-2.35133
DRAIC	-1.32568	-2.51326	-2.00385	-1.69824	-2.15554
DRAM1	-0.293112	-1.74088	0.27787	1.4044	0.742084
DRAP1	5.04516	1.71734	4.09545		
DRAXIN	-1.27456	-2.43046	-2.3327	-0.335033	-0.854817
DRC1	5.44995	2.45984	6.00661	4.53786	2.55609
DRC3	-0.872923	0.16255	-1.11607	2.51174	3.67536
DRD1	2.70634	3.22487	2.81484	3.39476	3.67791
DRD2	-1.3499	-2.88174	-3.86713	-0.377487	-1.01196
DRD3	2.47399	0.972435	1.8083	1.34352	0.796832
DRG2	2.31227	1.06336	1.62461		
DRICH1	0.805916	-0.556673	0.0677274		
DROSHA	6.81028	3.03358	5.45697		
DRP2	3.12174	3.34359	2.52242		
DSCAM	-2.19895	-0.0947088	-2.08822		
DSCAML1	-2.57607	-0.152263	-1.65306	-3.75633	-2.1211
DSCC1	-0.864274	1.50836	0.400558	3.14435	3.09294
DSCR9	-0.789437	-0.211652	-1.17063	2.27709	2.62295
DSEL	-1.3076	-2.73696	-0.830879	-2.20901	-2.7343
DSP	-3.13085	-3.21115	-5.61355	-2.94868	-2.85647
DST	-1.22979	0.066324	-0.236188	-1.17424	-0.738648
DSTN	1.25578	-1.11431	0.456863	-0.280303	-1.13011
DSTYK	0.0310971	1.28851	0.691909		
DTD1	-4.36759	-2.84853	-5.15044		
DTNA	-2.30607	-2.64409	-2.06982	-1.49268	-1.67381
DTNB	2.919	0.0146338	0.870288	-0.614113	-1.42417
DTNBP1	1.33094	-1.3775	-0.664556	-0.869982	-1.67073
DTWD1	-0.754429	-1.09069	-0.855867	-0.471941	-0.665037
DTWD2	-1.03413	1.3876	-0.867389	-0.208765	1.01162
DTX1	2.27396	0.279637	1.96337	2.94277	1.60747
DTX2	-2.07989	-0.0429706	-0.787904		
DTX2P1-UPK3BP1-PMS2P11	-3.39048	-2.2758	-4.95872		
DTX3	3.46707	3.57602	4.24615	3.94651	4.84741
DTX3L	-1.17046	-1.73943	-0.855704		
DTX4	2.76318	2.37828	3.851		
DTYMK	-1.76631	-2.6446	-1.4023		
DUBR	-1.5513	0.61722	-0.38573	-0.913585	-0.0330925
DUS1L	-5.86663	-0.56213	-5.21581	-2.72556	-0.66678
DUS3L	0.692834	1.75358	0.547547		
DUS4L	-0.714263	-1.77804	-1.55494	0.946999	0.537258
DUSP1	-4.27893	-0.930358	-2.78767	-1.69907	-0.464749
DUSP11	0.822006	1.61551	0.369336		
DUSP14	1.74258	0.930762	0.686345	0.452358	-0.138123
DUSP16				-1.04918	-0.645354
DUSP18	0.227347	-0.857481	1.08968	1.78681	0.526573
DUSP19	4.7027	1.42258	3.07289		
DUSP2	4.24229	3.18381	4.55368	2.7776	2.12302
DUSP22	-1.75692	-0.522972	-1.10645	-3.06899	-2.58746
DUSP23	-0.955827	-1.5059	-0.464703	-1.57947	-2.61343
DUSP26	2.90374	0.694176	4.4385	3.53218	2.06484
DUSP27	3.46085	1.87713	3.10586	1.2046	0.000420129
DUSP28	3.61806	0.353033	2.40816		
DUSP3	5.4167	2.20717	3.84565	3.56155	2.70247
DUSP4	3.20677	5.37676	3.70547	4.79	5.74038
DUSP5	2.3512	3.65898	2.6001		
DUSP5P1	1.36251	-0.748998	-0.024018	1.00752	0.0302632
DUSP6	4.69483	4.19968	8.23139	3.77531	3.67954
DUSP7	0.0676301	1.21418	0.123652	2.75542	3.27399
DUSP8	-2.82913	-1.00116	-4.5732	-0.855322	-0.254137
DUSP9	-2.31854	-3.18044	-2.83686		
DUT	2.08965	2.83727	2.9072	4.5068	5.1602
DVL1	0.791594	-0.425643	0.715024	4.37045	3.04598
DVL2	2.54565	3.2165	3.41043	3.40229	3.94742
DXO	1.06198	2.53641	0.595118		
DYDC2	-0.745863	-2.26312	-1.44701	-2.32985	-2.37792
DYM	-1.47806	0.833535	-0.778585	0.44157	1.38262
DYNC1H1	2.01002	1.56438	1.84925		
DYNC1I1	2.27547	0.68345	2.21037	-0.55108	-1.50202
DYNC1LI1	0.634532	1.60067	0.797069	0.107206	0.426587
DYNC2H1	1.2585	2.45053	1.98304	2.76244	3.94542
DYNC2LI1	1.41975	1.3846	2.17194		
DYNLL1	4.79423	-0.763554	3.19367	1.21312	-0.588025
DYNLL2	-2.49441	-0.695075	-1.68667		
DYNLRB2	-2.20192	-2.38628	-1.96343		
DYNLT1	-3.92683	-4.00841	-2.79632	-0.654541	-0.908283
DYNLT3	3.54085	3.40138	8.94831	2.03306	2.02801
DYRK2	1.98015	-0.213867	2.09218	1.47662	0.211529
DYRK3	0.965886	-1.05213	1.6961	1.04236	-0.0768818
DYRK4	-1.96473	0.0522411	-2.19869		
DZANK1	-2.35219	-0.187331	-1.91928		
DZIP1	0.11164	-0.378855	0.171873		
DZIP3	7.20464	2.7707	6.20574	7.18268	3.01906
E2F1	1.11146	1.21375	1.54408	-1.41268	-1.52905
E2F3	6.19082	1.43795	5.71333	3.01844	1.21498
E2F4	-0.625132	0.617125	-0.2374		
E2F5	0.248463	-1.47502	0.384481	1.55023	0.300994
E2F6	1.76553	2.71202	1.56175		
E4F1	0.0510264	1.5713	0.170729		
EAF1	2.86067	0.782954	3.76093	0.66443	0.110753
EAF2	-3.97258	-4.26528	-4.38634	-2.16974	-2.16451
EARS2	3.44374	0.344032	2.25632	3.43962	1.40738
EBAG9	-1.13636	-1.79463	-3.15995	-1.67792	-1.76903
EBF1	-1.42015	-0.905571	-1.03809	-0.716939	-0.381696
EBF4	-2.07067	-1.23212	-1.31413		
EBI3	-4.98878	-4.2982	-5.45551	-4.06386	-4.40505
EBNA1BP2	3.2555	0.83335	2.27851		
EBP	2.09893	1.06364	1.37017		
ECD	-2.76712	0.0603964	-2.97734		
ECE1	1.23677	2.38604	1.93558		
ECH1	-0.306053	-1.66449	-0.37628	-1.75331	-2.15784
ECHDC1	-0.0408777	-1.34922	-1.15052		
ECHDC2	-2.68156	-1.9528	-5.12981	-0.735564	-0.539591
ECHDC3	1.24665	-1.20767	0.943341	1.23089	-0.476545
ECHS1	-0.318939	-1.87254	-1.32307	-1.22951	-2.08868
ECI1	-0.187028	0.623962	0.327384	2.02844	2.51979
ECI2	-1.57161	-2.51069	-1.92867	-0.260557	-0.717909
ECM1	0.0749369	1.47188	1.35468	0.0115712	0.82302
ECSCR	-2.80403	-1.39305	-2.389		
ECSIT	1.83372	2.69858	2.55974	0.132421	0.701062
ECT2	3.93836	2.29352	3.72946		
EDA	-2.01632	-3.11273	-2.2809	-2.94514	-3.59161
EDARADD	-0.987156	-2.46914	-0.995423	-0.87695	-1.59903
EDC3	2.47387	1.35573	2.66883	0.620097	-0.14375
EDEM1	-1.46537	0.866742	-0.645463	1.11408	2.02531
EDEM3	1.06169	2.02665	1.87005		
EDF1	2.83353	-0.123448	1.05455	1.35887	0.331465
EDIL3	-2.74347	-0.251639	-2.43002	-2.22569	-1.4734
EDN1	2.0528	1.02656	2.2112	2.33631	1.43975
EDN3	-0.256122	-0.0604845	-0.695739	-0.569794	0.203775
EDNRA	-2.60006	0.523703	-2.26865	-1.08733	-0.188868
EDNRB	-0.411657	-1.75355	0.0192687	1.83798	0.529806
EEA1	4.40823	2.98391	5.51065		
EED	1.28648	2.51003	1.96779	1.87525	2.71801
EEF1A1	-5.81024	-5.70381	-5.66057		
EEF1A2	-4.21778	-1.67844	-3.61746		
EEF1AKMT1	0.463455	-0.794933	-0.531157	1.19591	0.519813
EEF1AKMT2	-0.169737	0.626768	0.339854	1.79607	2.58645
EEF1AKMT4	-1.43562	-2.42937	-4.91169		
EEF1B2	-3.95341	-3.83021	-4.54349		
EEF1D	-4.46561	-3.31169	-4.7461		
EEF1G	-2.83465	-3.56664	-2.32339		
EEF2K	-1.83771	0.289966	-2.73195	-2.60514	-1.08135
EEPD1	-2.76054	0.84079	-1.52694	-4.28015	-0.381025
EFCAB1	5.11047	-0.368003	4.93786	4.75934	0.633565
EFCAB11	-1.50702	-2.43996	-2.41308	-3.93384	-4.29172
EFCAB14				-1.46175	-0.962563
EFCAB2	-0.994491	-1.53466	-0.932781	-1.40824	-1.22843
EFCAB5	0.265068	-0.726115	-0.666091		
EFCAB7	0.780474	2.15188	0.776781	2.40123	3.61508
EFCC1				-1.86796	-2.6231
EFEMP1	0.0776004	-1.12805	0.737185	2.26129	1.80087
EFEMP2	-0.789868	-1.91683	-0.636874	0.545492	-0.199064
EFHB	1.31261	-0.641	1.84436	1.58364	0.41861
EFHC1	-0.78051	0.97449	0.103744		
EFHC2	2.60734	0.490135	3.74019	3.14204	1.49857
EFHD2	-3.84224	-3.24082	-2.301	-0.702609	-0.694021
EFL1	0.589072	0.683172	3.00593	-0.447735	-0.600639
EFNA2	-4.32269	-4.60241	-4.68141	-1.41112	-1.75689
EFNA5	2.57564	3.25517	6.40511	2.67255	2.81747
EFNB1	0.678134	-0.227471	1.3074	3.59057	2.97522
EFNB2	4.83157	0.18022	3.94761	5.37096	1.81626
EFNB3	3.52395	-0.459559	5.79422	4.11472	0.792951
EFR3A	0.0161239	1.57855	1.66974	-0.734233	0.415715
EFR3B	0.676047	-0.645558	0.535458	0.75766	0.523599
EGFEM1P	0.275017	-0.148952	1.74721	0.741315	0.207365
EGFL6	-1.38396	-1.90142	-2.67639	-0.941754	-1.2912
EGFL7	3.72175	3.91448	4.79518	2.07128	2.1627
EGFR-AS1	-1.53023	0.136983	-0.793006		
EGLN1	-3.0842	-4.0752	-4.03841	-1.86137	-2.22464
EGR1	1.42169	2.40463	2.32714	3.31099	4.03431
EGR2	3.65335	4.21566	3.69213	5.17793	5.97816
EGR3	2.36686	0.598402	1.19198	1.44644	0.664903
EGR4	2.89934	2.49175	2.78746	3.12569	2.98171
EHBP1	1.33991	2.21754	1.80611		
EHBP1L1	1.69025	-0.125664	0.7623	2.1974	0.994821
EHD1	-0.348621	-0.0656478	0.401109	-1.16453	-1.29771
EHD2	1.51206	2.46435	1.24559	3.00068	3.12387
EHD3	2.94053	2.7077	3.18027		
EHF	-0.387634	0.65916	1.0366	-0.837268	-0.698203
EHMT1	-1.80179	0.94029	-0.699827	-0.404104	0.685071
EHMT2	0.941924	1.8752	2.15431		
EID1	0.88927	0.73954	0.290261	1.5139	1.43442
EID2B	2.09195	0.425756	2.18264	2.19324	1.39137
EID3	1.61955	2.58138	1.70049		
EIF1	-0.954563	-2.08623	-2.18138	-1.12867	-1.96399
EIF1AD	3.00759	0.209768	2.6579	0.502347	-0.260812
EIF1AX	2.27348	2.82177	2.3677	1.35851	1.82983
EIF1AY	-0.646063	-1.83656	-0.573202	-0.339949	-0.902438
EIF1B	-0.325514	0.899392	-1.20877	0.383379	1.11236
EIF2A	-1.63165	1.292	-1.57604	-0.0353983	1.19209
EIF2AK1	0.358351	1.16902	0.910238		
EIF2AK2	-2.28971	-1.23481	-0.817284		
EIF2B2	0.656615	1.48276	1.11391	-0.00195203	0.380025
EIF2B5	1.39077	2.37768	1.77186		
EIF2D	-3.43696	-1.34293	-3.16531		
EIF2S1	3.22968	0.472402	2.67549		
EIF2S3	-3.32577	0.285252	-1.55281		
EIF3B	3.2663	2.29528	2.95123		
EIF3D	1.38404	-0.9282	0.431785	-0.295708	-0.989107
EIF3E	-4.32069	-3.43615	-5.48391		
EIF3H	-2.25572	-2.8787	-2.92565		
EIF3J	1.9197	-0.205116	1.34226	0.408257	-0.219804
EIF3K	1.12087	-0.543908	-0.0506259		
EIF3L	-4.28099	-3.24701	-3.54946		
EIF4A2	2.37267	2.89331	2.52019	1.0229	1.69019
EIF4E	-0.737389	0.857988	-0.23379	0.395838	1.47055
EIF4E1B	1.26426	2.34102	2.00484	-0.626424	0.242317
EIF4E2	0.538447	1.34784	0.90121	-1.30496	-0.446341
EIF4E3	1.04758	2.23289	1.51728	1.61391	1.89421
EIF4EBP1	-0.512844	-1.79222	-0.316253	-0.293306	-0.898776
EIF4EBP2	-2.02648	-1.85778	-2.456		
EIF4ENIF1	6.4464	5.83699	6.88952		
EIF4G1	-0.641408	-2.0187	-1.56837		
EIF4G2	-1.63899	-0.293065	-1.60201	-0.849988	-0.200298
EIF4G3	-3.45008	-0.364157	-2.57864	-1.42136	-0.489531
EIF5	1.65845	2.6013	3.60237	0.601228	1.2707
EIF5A2	0.300361	1.73685	1.60014	-0.412287	0.543954
EIF5B	-0.905775	-1.80809	-1.07376		
EIF6	2.87343	1.00344	2.1038	0.103106	-0.750035
EIPR1	1.00379	-0.772395	-0.3147	0.865449	-0.208027
ELAC2	1.39991	-0.47462	2.16824	-0.448675	-1.22121
ELAVL1	-0.986287	-1.59519	-1.10067		
ELAVL2	3.47372	4.27371	5.62004		
ELAVL3	-0.0896945	-0.45562	0.0431031		
ELAVL4	3.2949	4.24537	3.05748	3.01429	3.86004
ELF2	-0.0170396	1.59586	0.284464		
ELF4	-2.37577	-2.93822	-2.26105		
ELFN2	0.738042	-0.948128	0.814598	2.91486	0.794907
ELK1	0.380948	-1.13315	-0.869882	-0.161078	-0.632723
ELK3	-5.06555	-4.01255	-3.51648	-3.16357	-3.17375
ELK4	-2.69866	-1.64342	-3.49367		
ELL	0.840873	2.41954	1.23332	2.5807	3.41077
ELL2	2.1712	2.7552	2.26899	2.79868	3.02858
ELL3	0.945909	-1.55853	0.428	-0.491608	-1.30675
ELMO1	1.83134	2.05241	2.59037	0.403545	0.466032
ELMO2	0.934446	-1.06781	0.725122	0.451871	-0.45613
ELMO3	0.679428	1.45148	1.06322	-1.51204	-0.647769
ELMOD1	-3.40937	-0.802186	-2.11026		
ELMOD2	3.16601	3.50217	3.73319	3.54339	4.02348
ELMOD3	-4.34238	0.446159	-2.3982	-1.97781	-0.382705
ELMSAN1	0.695114	0.807208	1.13065	2.57651	2.85062
ELN	1.43918	2.64452	4.41024	2.12503	2.93961
ELOA	2.08143	0.671435	1.37731	0.984575	0.284604
ELOB	1.71548	-0.829531	-0.12414	-0.115522	-0.964383
ELOC	0.782612	-0.760576	-0.594269		
ELOVL1	-2.1208	-0.295445	-1.66893	-4.25053	-2.31146
ELOVL4	-1.45986	0.423289	-1.77159	-4.38682	-2.39802
ELOVL5				-0.437618	-0.0942113
ELOVL6	0.830014	1.52638	1.36155		
ELOVL7	-3.20058	-0.30617	-3.57562	-3.89883	-1.8201
ELP2	0.222168	1.54485	0.576171		
ELP3	2.49657	2.30415	5.58076	1.06657	1.0992
EMB	-1.44513	0.11541	-1.72418	-3.05708	-1.74604
EMBP1	-2.13588	-0.485672	-2.3597	-3.02817	-1.61142
EMC10	-2.29798	-1.95247	-3.07122		
EMC2	-4.02778	-4.29841	-6.50856	-3.61265	-3.50348
EMC3	0.774649	-0.555368	0.170991	0.527782	-0.416006
EMC3-AS1	-0.29014	1.05899	-0.33333	1.05917	1.86203
EMC4	0.677406	-0.274204	-0.319132		
EMC7	-0.297794	-2.06038	-1.22974	-1.619	-2.38581
EMCN	-0.942463	0.329958	-1.76446	-1.77276	-0.916454
EME2	-1.90715	-2.47122	-1.90911		
EMG1	4.13321	-0.799863	2.42945	-0.241876	-1.22229
EMID1	0.131355	-1.40853	0.472873	3.00008	1.18877
EMILIN2	-2.66087	-1.08873	-4.26547	-6.51299	-4.72459
EMILIN3	-1.34409	0.811244	-0.946318	1.57055	2.02
EML1	4.03173	4.13944	4.92321	2.16535	2.30319
EML2	-1.27827	0.743336	-0.981219	-2.42148	-0.988369
EML3	-1.83415	-2.98425	-2.11128		
EML4	-7.75462	-5.47713	-9.38808		
EML5	0.843468	2.04389	1.44477	4.09387	5.39856
EML6	4.00696	5.76895	3.67185	2.70999	3.33327
EMP1	-2.38518	-3.22031	-1.05177	-1.0962	-1.78511
EMP2				0.286722	0.360417
EMP3	-2.3295	-2.98291	-2.03234	-0.315311	-0.900438
EMSY	0.085464	1.81267	1.3087	2.27323	3.011
EMX1	-0.0984563	1.60011	-0.495898	0.135604	1.02159
EMX2	-2.01574	-2.74886	-1.68059		
EMX2OS	-1.95983	-2.65668	-1.66366	0.780243	0.192205
ENAH	-0.32413	-0.627946	0.210194	-0.578072	-0.344383
ENC1	4.85558	0.966593	2.24496	0.795833	-0.118698
ENDOD1	0.562249	0.697572	1.17652	-0.626664	-0.491774
ENDOG	0.905459	1.66501	0.475384		
ENDOU	-0.549828	-1.88388	-1.2058	1.0539	0.343137
ENG	-1.39305	-0.547708	-2.03693	-1.01841	-0.75006
ENHO	-0.648767	-1.64042	-1.20254		
ENKD1	0.951011	2.22159	2.23789	3.66505	4.53474
ENKUR	-0.0107513	-0.812349	0.80556	1.38784	0.592886
ENO1	0.115778	-1.85565	0.0296761	-0.891345	-1.55338
ENO2	1.33248	2.05329	1.41966	0.337377	1.04285
ENO3	0.778273	1.19949	2.62815	-0.0274399	0.0456656
ENO4	0.77909	1.90634	1.08584	2.20227	2.55565
ENOPH1	-1.22688	-2.11288	-1.86681		
ENOX1	6.04003	1.57525	4.73025	2.28929	0.520638
ENOX2	-5.12499	-4.95725	-5.01919		
ENPP1	0.960592	-0.778708	-0.0706744	-0.948103	-1.49773
ENPP2				-3.58967	-2.73182
ENPP4	2.29273	2.2548	2.96489	0.213998	0.0611817
ENPP5	-0.042311	1.56011	1.11176	-0.263991	0.806994
ENPP6	1.01106	1.38978	2.02896	-1.59617	-1.39114
ENPP7P13	1.28918	0.349461	0.758507		
ENSA	5.14945	1.14191	4.30963	3.06986	1.59225
ENTPD1	-2.90818	-3.57455	-3.78052		
ENTPD3	-0.31134	1.72007	0.445415	-0.630915	0.374213
ENTPD4	-1.93564	1.06738	-1.96948	-1.07076	0.662754
ENTPD6	4.13403	1.85355	2.78473	1.09398	0.0903265
ENTPD7	1.19483	2.04233	0.912666		
ENY2	-1.06052	-2.23635	-1.06553	-1.13938	-1.68475
EOGT	-1.89972	0.205159	-1.66676		
EP300	-1.65365	0.185071	-2.04167		
EP400	-2.16264	-0.977514	-2.93885		
EPAS1	0.0177052	0.114396	1.2406		
EPB41	-0.0885092	1.86774	-0.329449	0.689632	1.45626
EPB41L1	-3.77777	0.152431	-4.71645	-3.42844	-0.817484
EPB41L3	0.551589	1.41966	0.481347	-1.43828	-0.317547
EPB41L4A	-2.26575	-3.23608	-4.3883	-6.35023	-6.78135
EPB41L4A-AS2	-1.35655	-1.49527	-2.8011	-4.77614	-5.09104
EPB41L4B	1.53902	-0.579415	0.267186	1.53475	0.421609
EPB41L5	2.81074	3.91015	3.91946	2.71308	3.88502
EPC1	-0.659999	0.820838	-0.90804	1.71801	2.44139
EPC2	0.624065	2.01816	1.92342	1.44905	2.61211
EPCAM	-4.29555	-6.0218	-5.07262	-6.72927	-7.81317
EPDR1	0.478892	0.112883	-0.275095	-2.34548	-2.92814
EPG5	0.814992	2.00661	0.809165		
EPHA10	5.31807	-0.0235582	4.15028	0.571366	-0.656608
EPHA3	-0.291705	0.351465	-2.62872	0.525724	0.854888
EPHA4	1.61571	2.21367	1.56997	2.27163	2.40735
EPHA5	0.451707	-0.307911	-0.437289	-0.204499	-0.716109
EPHA5-AS1	-0.958016	-1.4353	-2.95741	0.0126129	-0.28548
EPHA6	-1.5081	-2.3286	-1.22749	-0.495313	-0.920291
EPHA7	-3.15268	-0.999862	-2.11738	-3.598	-2.83786
EPHA8	-3.6854	-4.377	-2.54847		
EPHB1	-1.01833	0.114568	-1.89459		
EPHB2	0.474258	1.66874	2.28852	-0.00566596	0.606979
EPHB3	2.59411	2.49816	3.48864	0.612383	0.405007
EPHB6	2.83281	3.84556	6.49224	2.76002	3.18517
EPHX1	-1.89591	-2.69218	-2.05303	0.00123934	-0.593239
EPHX2	-1.48794	-2.2364	-1.28474		
EPHX4	3.53006	4.23891	6.42216	3.36324	3.76774
EPM2A	-1.27359	0.756834	-1.64252	-0.484524	0.706367
EPM2AIP1	3.44896	4.40655	3.73105		
EPN2	-2.26655	-2.75399	-1.91867		
EPN3	0.530874	1.42681	0.941333	-1.60667	-0.723726
EPOP	4.60273	0.627915	3.53566	3.40429	1.37743
EPOR	1.76732	1.61306	-0.00254267		
EPRS	-0.0499614	0.249271	-0.32282	-1.80693	-1.60507
EPS15	0.940688	2.00297	0.938163		
EPS15L1	-1.77312	-1.04612	-1.21881		
EPS8	-3.1427	-3.8268	-2.50504		
ERBB2	-1.19686	-2.08386	-1.92716	1.86876	1.15881
ERBB3	-2.55782	-1.61583	-1.73611		
ERBB4	0.893139	-0.15932	1.83255		
ERC1	-3.11415	-3.14413	-2.8546	-1.25121	-1.53426
ERC2	1.05968	-1.11963	-0.0254807	0.602167	-0.626251
ERC2-IT1	-0.370867	0.234702	-1.14975	1.57064	1.516
ERCC1	0.707624	-0.201154	-0.302544		
ERCC2	2.26014	-0.481927	2.25704	1.85394	0.271705
ERCC4	-2.86247	0.759088	-1.88195	-1.04549	0.393269
ERCC6	1.98956	2.47868	2.32006		
ERCC6L2	3.40519	0.503446	2.57085	2.49803	0.612923
ERFE	1.21667	-0.918179	1.58311	2.11151	-0.0195531
ERG	-1.26422	-0.0794917	-1.46042	-1.82054	-1.29327
ERGIC1	-1.11219	-1.1488	-1.4287		
ERGIC2	2.6477	0.774758	1.09399		
ERH	0.308385	-1.23972	0.0390865	1.23996	0.178325
ERI1	0.279845	1.22083	0.387576		
ERI3	-0.956589	-2.25986	-2.13448	-0.840836	-1.52474
ERICH1	1.92476	1.13974	5.01128	1.03833	0.65562
ERICH2	-4.21792	-4.36811	-5.01825	-2.95814	-3.42346
ERICH3	-0.410848	-1.66518	-0.731448	0.896415	0.0617428
ERICH5	-1.74478	0.94386	-1.76356	0.561468	1.71073
ERICH6-AS1	-0.615574	-1.92086	-1.76988	-1.62395	-1.81759
ERLIN1	3.22318	0.657398	3.65893	4.87479	2.20821
ERLIN2	-1.41851	-2.15283	-1.05764		
ERMARD	-1.83666	-3.21708	-1.47106	-0.752676	-1.14374
ERMP1	-1.386	0.363777	-2.4168	-0.932671	-0.0589389
ERO1A	1.64903	2.44209	1.98305	0.562315	1.18252
ERO1B	-1.34965	0.359964	-0.578296	0.666961	1.56496
ERP29	-5.04186	-4.1869	-5.31068	-3.11056	-3.04907
ERP44	0.28817	1.9941	0.880465	3.02838	3.81178
ERRFI1	1.87745	2.98656	3.26775	0.914393	1.40326
ERVK13-1	-1.0661	0.219045	-0.324243		
ESAM	-0.71141	0.337197	-0.834462	-0.907846	-0.395362
ESCO1	0.451996	1.92707	1.72811	0.928871	1.73576
ESD	0.3807	-1.53221	-0.126125	1.08726	-0.0390856
ESF1	-3.3431	-2.45267	-3.4569		
ESM1	-4.66131	-1.32182	-2.99868		
ESRP2	-1.44615	-0.610966	-0.957378		
ESRRA	-1.33786	0.763462	-2.42358	-2.12138	-0.338746
ESRRB	-2.06747	-0.0741458	-2.05522	-2.94747	-2.10761
ESRRG	-1.99341	0.770193	-4.04357	-3.41257	-0.347392
ESS2	3.52838	3.27503	2.61438		
ESYT1	1.60393	2.10524	3.40451	-0.568835	-0.180173
ESYT2	-0.0432449	1.12971	1.28105		
ETF1	-0.459067	-1.77158	-1.33845		
ETFA	-2.99064	-3.80168	-4.99592		
ETFB	0.294304	-1.52146	-0.730667	-1.47402	-2.47664
ETFDH	0.413263	-0.969643	0.0596264	0.915146	0.251042
ETFRF1	-5.42567	-5.13779	-5.76159	-2.20534	-2.89435
ETHE1	-0.429941	0.279685	-2.60336	-1.60686	-1.1579
ETNK1	2.12962	1.5145	2.05887	1.39971	0.815163
ETNPPL	-0.285556	-1.81016	-0.944115	0.845685	-0.278646
ETS1	0.479123	1.99893	1.52193		
ETS2	4.98852	4.06402	4.82356	3.33839	4.08158
ETV1	0.790824	0.444165	0.655026	-1.27347	-1.63826
ETV3	-0.975155	0.264671	0.121268		
ETV5	-0.131506	0.926021	1.54092	0.308832	0.991574
ETV6	1.77927	3.75628	2.7769	7.63855	6.90187
EVA1C	0.29621	0.672241	-0.102258		
EVI2A	-1.16646	-0.222909	-0.731478		
EVI2B	-2.34963	-3.40211	-2.90869	-3.11415	-3.50284
EVI5	1.52804	2.01796	2.52054		
EVI5L	-0.848388	-1.70294	-2.78767		
EVL	0.989665	1.81084	1.56474		
EVPL	0.0497042	0.597124	-0.668533		
EWSR1	-0.526421	0.719927	-0.120268		
EXD2	-0.733208	-0.0250682	-0.73941		
EXD3	5.73459	2.46911	5.77947	2.71901	1.46391
EXO5	4.65289	3.77498	3.1244		
EXOC1	-0.883851	-2.1426	-0.256953	-3.0543	-3.53391
EXOC2	-1.31619	-0.230834	-0.819436		
EXOC3-AS1	2.91423	-0.287081	1.60365	0.751815	-0.271605
EXOC3L2	-1.5878	-1.44193	-1.29779	-1.7977	-1.59906
EXOC4	2.52263	-0.77454	1.35825	0.0388142	-1.04742
EXOC5	0.449506	0.0336763	1.0864		
EXOC6	4.00362	0.363215	3.6254	2.88256	0.458655
EXOC7	1.34194	-0.138167	1.36855		
EXOC8	3.46375	3.7352	4.02585		
EXOG	-3.10462	-0.766731	-3.1373	-1.51431	-0.370205
EXOSC10	-1.27529	-0.873681	-1.54847		
EXOSC2	-2.25233	-2.18562	-3.8031		
EXOSC3	-0.998644	-0.169785	-1.0796		
EXOSC4	4.19447	1.47632	2.48548		
EXOSC6	-1.16068	0.342173	-1.09661		
EXOSC7	0.404555	-1.1178	-0.16561		
EXOSC8	-0.507759	-1.25012	-1.23451	0.880316	0.783574
EXOSC9	2.83016	2.34864	3.26042		
EXPH5	-0.338055	0.28004	-0.865038	0.531519	0.482619
EXT1	3.0329	2.54505	2.37201	1.85139	1.40831
EXTL1	4.12567	4.10745	3.1588	3.16623	3.28226
EXTL2	-0.495518	1.42311	-0.831327	-1.05205	0.436034
EXTL3	1.7056	1.92654	1.79633	2.82999	2.78236
EYA1	-1.21592	-1.77425	0.0245222		
EYA2	-0.648496	-1.73951	-0.48598	1.3149	0.445976
EYA3	-0.427922	1.34691	0.0987417	2.00846	2.73527
EYA4	-6.25421	-0.384589	-5.11081	-5.31843	-1.72452
EZH1	-1.09791	0.986564	-0.0925111		
EZH2	-0.279819	1.25464	-1.32272		
EZR	-0.83729	-1.76783	-0.222183	0.704207	0.169704
F11R	-1.36879	-1.62579	-0.309174		
F12	2.2721	-0.368244	1.95727	2.34497	0.474364
F13A1	1.14196	0.0679995	0.273619		
F2RL1	-2.87614	-2.1511	-2.19285		
F3	-2.74902	-3.81501	-2.48327		
F7	0.452998	1.30229	0.735581	-1.11651	-0.598365
F8	4.1495	3.87424	3.04418	2.93827	3.18895
F8A1	2.05106	2.57981	1.32078		
FA2H				-2.50428	-1.99961
FAAH	1.24506	1.0771	1.40129		
FAAH2	-1.20109	-0.674444	-2.73547	0.147112	0.537781
FAAP100	-0.00615756	1.08786	0.971818		
FAAP20	-2.92275	-2.76785	-2.38384		
FABP3	2.519	-0.738809	0.766316	-0.129156	-1.29355
FABP5	-1.41103	-2.45719	-1.15561	-1.59896	-2.21148
FABP5P3	-2.02509	-2.8066	-1.93964	-1.66301	-2.08816
FABP6	-0.610336	-1.80355	-0.936277	-4.04264	-5.03488
FABP7	0.480157	-1.36615	1.3322	1.1615	-0.276699
FADS1	-0.77525	-1.66336	0.0893648	0.590657	0.394717
FADS2	-1.04621	-2.12422	-0.346863	-0.0738641	-0.81529
FADS3	5.20537	1.06253	4.2309	4.21427	1.11999
FADS6	0.461796	1.63569	0.575113	0.500432	1.40783
FAF1	0.167755	0.876471	0.074353		
FAH	-0.446597	-1.75991	-0.823832	1.34825	0.138418
FAHD2A	-0.355661	-1.7582	-1.57985		
FAIM	-3.92504	-4.4405	-3.99553		
FAIM2	2.24135	1.77	2.45862		
FAM102A	-0.986105	-1.99519	-1.29998	-0.365807	-0.928277
FAM102B	6.3052	1.64189	5.42876	5.26321	2.18084
FAM104A	1.15761	2.67446	0.693161		
FAM104B	0.384083	1.64161	-0.199187	-0.327831	0.52603
FAM105A	0.316436	-1.10359	-0.1214	-0.830818	-1.26162
FAM106A	0.977521	2.3835	1.59334	1.82188	2.37966
FAM107A	-0.958335	-1.88471	-0.778849	1.03696	0.161013
FAM110A	-0.987952	1.27668	-1.22183	1.57584	2.6657
FAM110C	3.69584	0.271482	6.37819	8.2314	2.10246
FAM111A	-2.49456	-3.2362	-1.4714		
FAM111A-DT	-1.91326	-1.00584	-0.920151	-2.29468	-2.39314
FAM114A1	-2.58474	-3.52516	-3.38774		
FAM117A	-1.34059	-3.18077	-1.47214	-1.38699	-1.97957
FAM117B	5.7849	4.71765	9.16158	8.18133	7.79718
FAM118A	-2.11007	-0.240026	-1.95091		
FAM118B	-0.776457	-1.65135	-1.30127		
FAM120A	-1.36799	-2.34148	-2.04145	1.68551	0.713916
FAM120AOS	3.12967	-0.78611	4.17209	1.42259	-0.391951
FAM120B	-1.32728	-0.629727	-1.57317		
FAM120C	1.10692	2.14415	1.26484	0.322867	0.997961
FAM122A	3.79724	3.68569	2.99989		
FAM122C	3.04413	-0.849783	2.09087	0.000817233	-1.16953
FAM126A	-1.63435	-2.2557	-0.942586		
FAM126B	0.35617	1.50804	0.817984	0.754355	1.53354
FAM129A	-4.71545	-6.74496	-4.93119	-4.42933	-5.02113
FAM129B	-1.76232	-2.68992	-1.22716	0.147919	-0.76767
FAM131A	2.87041	0.479083	1.90331	1.09189	-0.0499356
FAM131B	0.585361	1.77077	0.52769	-0.745626	0.0858295
FAM131C	-1.16165	-2.11799	-0.763962		
FAM133A	8.30141	2.19917	5.84178	5.98588	4.08493
FAM133B	-2.96808	-1.03098	-2.98127		
FAM133CP	-3.09496	-0.899332	-3.13778		
FAM133DP	-2.75316	0.0789658	-2.84031	-1.14036	-0.260968
FAM135A	-1.49139	0.461521	-0.382842		
FAM135B	-1.17847	0.356796	-0.947526	-2.52361	-1.38606
FAM136A	0.520108	-0.432797	0.83408		
FAM13A	5.17193	5.51212	3.2784	1.87135	2.53001
FAM13A-AS1	-3.18389	0.569846	-1.77306	-1.32084	-0.258857
FAM13B	-3.5542	-0.58942	-5.30755	-1.70953	-0.601468
FAM13C	-0.923722	-1.50717	-0.68095		
FAM149A	0.644147	-1.13878	0.644925	1.26957	-0.153944
FAM151B	-0.399366	-1.74481	-1.526	-0.994525	-1.38794
FAM153A	1.65349	2.69515	1.98436	2.90546	3.61059
FAM155A	1.13665	1.9998	0.916667		
FAM155B	-4.74828	-4.90357	-5.12992	-3.80096	-4.10826
FAM160A1	-0.228169	-0.001635	0.0708537		
FAM160A2	4.23732	2.40291	3.97199	4.40275	2.4489
FAM160B2	1.90691	2.55431	2.55086	0.763503	1.31865
FAM161A	-0.176355	0.20938	-0.430996	5.67584	4.75198
FAM161B	-0.830763	-0.920123	-0.895438		
FAM162A	-0.925122	-2.22229	-3.19213	-3.5633	-4.50886
FAM162B	4.57725	5.60336	4.44674	10.0014	11.0746
FAM163B	2.57338	1.61306	1.74017		
FAM167A	-0.260671	-1.13472	-0.0565231	2.89268	2.05488
FAM167A-AS1	-5.58339	-5.08508	-5.67704		
FAM167B	-1.7307	-0.268408	-3.15537	-3.02568	-1.96503
FAM168A	-4.01347	-2.41686	-3.04322		
FAM168B	-2.06038	0.821673	-0.77535	-0.737001	0.0713922
FAM169A	1.99777	2.73119	2.74481	4.31875	4.88913
FAM171A1	0.302226	0.729116	0.476887	-1.31571	-0.867726
FAM171A2	0.742562	-1.27513	0.0652975	2.68644	0.936868
FAM171B	0.0835917	-1.59792	-0.756143	0.232756	-0.744613
FAM172A	-0.494922	-1.02715	-2.84271	1.25499	0.940587
FAM173A	3.91905	2.35713	2.82548		
FAM173B	0.673747	-0.120725	0.465175		
FAM174B	4.10309	2.26903	3.05628	1.10042	0.213046
FAM177A1	-2.89633	-3.79927	-2.33742		
FAM178B	-0.842968	0.810037	-0.618552		
FAM181A	-1.15809	-2.12693	-1.68441	0.352991	-0.606598
FAM181B	-3.09562	-3.33566	-2.51105	-0.147056	-0.44058
FAM182A	1.33113	-0.543791	0.371977		
FAM182B	2.38709	-0.480376	1.55357	1.82649	0.568877
FAM184A	1.12389	-1.06961	-0.840493	0.875247	-0.242151
FAM185A	0.558428	0.765002	0.600738	2.38867	2.77751
FAM187A	3.82154	0.162063	2.49667	0.661892	-0.568951
FAM189A1	-3.44344	-1.44802	-1.48436	-0.741296	-0.852458
FAM189A2	-1.67009	-2.51301	-1.11837	-0.925372	-1.13352
FAM189B	0.370367	0.4103	0.769305	-1.42386	-1.41726
FAM192A	-0.182811	-1.42335	-1.4606	-1.33895	-1.8171
FAM193A	-6.53533	-2.75955	-5.07775		
FAM193B	-0.323309	1.3083	-0.00553858		
FAM196A	-3.60623	-3.88392	-5.91721	-1.48155	-1.84738
FAM198B	0.0514104	1.79411	0.199643	4.04026	4.67553
FAM199X	-1.516	-1.7004	-0.893631		
FAM19A1	2.41469	0.182816	2.00561	2.81568	0.953916
FAM19A2	0.25379	1.16176	-0.661297	0.506861	0.941317
FAM19A4	1.31443	2.13474	0.490985		
FAM19A5	1.03976	0.272326	0.924624		
FAM200B	1.86678	-0.243227	1.92183	0.443877	-0.532639
FAM201A	-3.1296	-2.68238	-1.2283	-3.59061	-4.10182
FAM206A	0.932712	1.86932	0.969103	0.980952	1.5068
FAM207A	1.29904	-1.21126	0.170802	-1.37401	-2.12971
FAM208A	4.60178	3.21172	3.31978		
FAM208B	-1.28431	0.6423	-0.672875	0.163233	0.885257
FAM209A	0.284904	1.03911	-0.395804	-2.32534	-1.79263
FAM209B	-0.640592	0.0297013	-2.56376		
FAM20A	-1.22864	0.576888	-1.26317	-0.599577	0.42604
FAM20B	1.51985	0.882849	0.58601		
FAM210A	0.674788	-0.308036	0.482301		
FAM210B	-0.828678	1.03567	-0.444924	1.60409	2.66094
FAM212A	0.332188	-1.31876	-0.00730671	-1.14365	-1.5887
FAM212B	-0.667041	-1.20978	-3.08464	-1.1091	-1.43042
FAM213A	1.73685	0.929982	5.54339	1.54882	1.342
FAM213B	2.33508	-0.32465	2.13683	-2.58112	-3.55858
FAM214A	-1.46085	1.43842	-0.943069	0.410055	1.40847
FAM214B	-1.93159	-2.72436	-1.81524		
FAM215A	-3.17307	-1.78128	-1.89822		
FAM216A	0.149209	1.67389	0.782595	-1.44909	0.107842
FAM217B	3.18475	3.20171	3.55022	2.67236	2.9535
FAM218A	-0.276547	0.543319	0.448351	2.07692	2.60776
FAM220A	2.35544	0.774555	0.954314		
FAM221A	-4.28242	-1.23232	-3.3406	-3.18086	-1.94682
FAM222A	-0.0516887	0.753118	0.00912103		
FAM222B	-0.0820304	1.52901	-0.116616	-1.03372	0.224084
FAM225B	-4.70251	-1.14101	-3.05088	-4.03643	-2.72863
FAM228B	0.580108	-1.21932	-0.113845	0.888269	-0.0162034
FAM229B	0.118966	-1.7617	-1.7037	-1.76783	-2.40011
FAM234A	-0.728235	0.470213	0.440646	-2.10565	-1.3794
FAM234B	6.07234	4.97982	5.14536	4.9838	5.29623
FAM241A	-1.56379	-3.95961	-1.56771	-2.54738	-3.55613
FAM241B	4.71509	1.2353	6.2655	5.34362	1.95689
FAM24B	-2.76694	-2.93017	-5.23522	-1.92268	-2.19116
FAM27E2	1.16517	0.378675	1.80876	1.47175	1.18713
FAM27E3	1.63227	1.30157	2.38226	2.65341	2.06937
FAM32A	1.00187	-1.08307	0.224457	-0.426813	-1.17929
FAM35BP	-1.21269	0.926033	0.337725	-0.947144	0.24515
FAM3C	-0.899474	0.535799	-1.906	0.104681	0.457937
FAM43A	-0.46484	1.36808	-0.16759	-2.25915	-0.273407
FAM43B	0.234146	0.939244	-0.230152	-0.1197	0.19814
FAM45BP	0.261497	-0.794397	-0.355313		
FAM46A	-3.16002	-3.34963	-2.79018	-0.338332	-0.757408
FAM47E	4.50876	0.896978	2.97083	5.01857	2.44256
FAM49A	2.98806	1.03016	2.22071	2.9468	1.24238
FAM49B	3.13848	3.56878	3.15615	1.85132	2.4951
FAM50A	0.663844	0.829715	0.0962085		
FAM53C	0.540521	-0.638566	1.17209	2.7615	1.65325
FAM57A	2.00087	0.412699	2.94549		
FAM57B	-4.15998	-0.749489	-5.8441	-3.70191	-2.15527
FAM66B	-1.57958	-0.774894	-2.11926		
FAM69B	1.27267	1.50355	2.35248	-0.666248	-0.745623
FAM69C	-3.23614	-3.0436	-2.83246		
FAM71E1	-5.86665	-0.437714	-5.47783	-4.04292	-0.802442
FAM71F1	3.02729	-0.879019	2.02883	2.90667	-0.051032
FAM71F2	-0.844954	-1.78739	-0.486261		
FAM76A	1.0347	0.160329	0.942112	1.96713	1.40447
FAM76B	-0.620774	1.51318	0.80025	0.900304	1.97268
FAM78A	1.0121	2.04976	2.27677	-0.354238	0.258698
FAM78B	1.91018	3.26176	1.90729	2.63088	3.31286
FAM81A	3.32993	4.64949	4.13025	4.51099	5.27235
FAM83D	0.258786	1.44705	0.316947	-1.28351	-0.276726
FAM83H	1.04145	-0.059193	0.58391	0.81329	0.561524
FAM84A	4.40024	5.07783	5.27137	4.82006	5.37532
FAM84B	1.04488	0.0973432	2.36506	-0.192839	-0.416267
FAM86B3P	-0.811621	-2.0426	-1.17324	-1.31181	-2.1031
FAM86C1	-0.0366396	-1.79511	-0.228341	-1.00746	-2.02071
FAM86DP	0.592411	-0.0743575	1.23036		
FAM86EP	-0.274858	-1.67085	-0.272573	-0.734646	-1.46731
FAM86FP	-0.290203	-1.74046	0.118083	-1.15886	-1.95299
FAM86HP	-0.466665	-0.565974	-0.65992	-0.864496	-0.880348
FAM89A	-5.26813	-5.3577	-4.82099	-2.61468	-3.25414
FAM89B	-0.0999007	0.357616	-1.33606	-0.36098	-0.0727015
FAM90A1	2.42335	3.20725	1.81695		
FAM90A7P	0.522841	1.75501	0.852352		
FAM91A1	0.331121	1.4576	1.66394		
FAM92A	1.33305	1.75951	0.405784		
FAM95A	-0.89405	0.707077	-1.21911	0.666606	1.32639
FAM95C	-0.994082	-0.399279	-0.044457	-4.19225	-3.8589
FAM96B	-0.4271	-1.44613	-1.54291		
FAM98A	0.0418994	-0.857476	0.0940566	-0.904325	-1.52494
FAM98B	0.755261	2.33477	1.50736		
FAM98C	0.214386	0.212148	-0.887415		
FAN1	-1.92073	0.430559	-1.57557		
FANCA	0.223605	1.44985	0.519092	0.195865	0.768907
FANCC	-0.834406	1.12332	-0.599732	2.05614	3.03638
FANCE	-0.518396	-0.271572	-0.504483	-0.0256088	0.0733553
FANCG	-0.594114	0.131185	-0.61629	0.630608	0.919165
FANCI	-0.683911	1.14585	-0.999505	-1.27804	-0.0339426
FANCL	0.0722383	-0.965152	-0.600258	0.22769	-0.146524
FANCM	0.251699	1.75007	-0.794907		
FANK1	-3.10474	-3.33121	-1.95383	-1.72805	-1.87071
FAP	1.93736	2.69009	0.539912	0.886161	1.32492
FAR1	1.03645	1.69939	1.03677	0.552244	0.806788
FAR2	-0.706131	0.633248	-0.766782	-3.13447	-2.03632
FAR2P1	2.32379	-0.737534	1.00746	1.30892	-0.149132
FAR2P2	1.84014	-0.63252	1.33872	1.57602	0.120335
FARP1	0.912024	-0.857492	2.69331	3.63113	1.03472
FARS2	3.95205	2.77787	2.6416		
FARSA	4.81832	3.41183	7.31956		
FARSB	1.88776	-0.656427	0.500307	0.798137	-0.427972
FAS	1.46409	-0.268823	1.25682		
FASTKD1	-3.35932	0.810967	-4.05803	-2.75085	-0.202219
FASTKD2	0.44661	1.18959	0.752074		
FASTKD3	0.343185	1.81426	-0.219078		
FASTKD5	2.11276	2.91965	5.29327	0.690137	1.1581
FAT1	1.57938	0.0937814	2.91478	2.31472	1.89052
FAT3	1.58849	2.21617	1.88425		
FAU	-1.15119	-1.97154	-2.33313	-0.343602	-0.789863
FAXC	1.21208	2.28539	1.60972		
FBL	-1.25214	-2.40697	-3.18101	-0.0168169	-0.435611
FBLIM1	-3.10942	-0.385434	-2.71466	-1.81503	-1.11292
FBLN2	-3.25596	-3.54778	-3.83836	-2.7514	-3.25034
FBLN5	1.79334	0.582089	0.722699	1.22483	0.590274
FBLN7	3.05764	3.55777	3.23236	4.20231	3.87448
FBN1	1.76538	2.47332	2.25266	2.2217	2.97804
FBP1	-3.12274	-4.15682	-3.62616		
FBRS	-1.56448	0.0481393	-0.677647		
FBRSL1	0.733198	1.07799	0.997778	4.44775	5.06684
FBXL12	0.389856	1.28581	-0.516764		
FBXL15	1.46472	2.39269	1.83033	1.09857	1.48114
FBXL16	1.97478	-0.428435	1.1834	2.35562	0.921145
FBXL18	0.242388	-1.03647	-0.924431		
FBXL19	-0.555699	-1.38617	-0.645679		
FBXL2	4.35356	1.82673	4.2126	4.02904	2.57713
FBXL22	-2.5872	-1.04132	-4.15326		
FBXL3	-0.315455	0.750212	0.784568		
FBXL4	-1.0522	1.22514	-0.637636	-0.0663152	1.02526
FBXL6	-0.903212	0.551498	0.285088		
FBXO11	4.87175	4.70629	4.05493		
FBXO15	-3.02387	-3.75184	-4.64443	-6.88354	-7.16353
FBXO16	2.70285	3.5683	1.98098	-0.592792	-0.0103852
FBXO17	-1.7617	-3.17473	-3.0518	-1.65757	-2.02908
FBXO2	0.0615954	-1.80329	-1.26522	0.353347	-0.919503
FBXO21	-3.03939	-0.504679	-2.61633	-2.24531	-1.54684
FBXO22	-2.05741	0.127498	-1.94301		
FBXO27	1.15927	-0.14637	-0.81187	1.18567	0.678138
FBXO28	2.6071	3.13432	2.57664		
FBXO3	1.28656	-0.165124	0.927562	0.246169	-0.287849
FBXO30	-1.78938	-0.704188	-1.22672	0.812151	1.29881
FBXO31	0.418232	1.14223	-0.247033	-1.21336	-0.630053
FBXO32	1.88519	2.44207	2.50108	1.39383	1.86192
FBXO33	1.52414	2.62738	4.34403	1.19384	1.65616
FBXO34	0.472419	1.89727	1.07157	2.02184	3.13628
FBXO36	-1.59583	-0.974591	-1.19685		
FBXO40	5.16881	4.05182	6.39539	3.17524	3.20438
FBXO41	-1.01707	-1.84894	-0.651935		
FBXO42	-5.17926	-1.11212	-2.70652		
FBXO44	4.92581	1.71119	3.59906	2.32518	0.950923
FBXO45	-0.615805	0.994233	-0.483046	-0.554393	0.345457
FBXO46	3.00961	3.80769	4.05694	4.3775	5.39353
FBXO5	-1.11383	0.261662	-0.695991		
FBXO7				-3.04023	-2.77081
FBXO9	-0.300143	1.78021	-0.556405	1.0632	2.26043
FBXW11	-0.253985	-1.22822	-0.566856		
FBXW7	2.97185	3.54819	6.6005	2.51137	2.80199
FBXW9	2.3769	0.480221	1.53928	1.06275	0.136183
FCER1G	-3.5473	-4.12723	-3.67358		
FCGBP	-1.65122	-2.67784	-1.84151	-6.89535	-5.97427
FCGR1B	-2.90797	-3.00833	-3.57713	-4.16323	-4.1077
FCGR2A	-6.90666	-6.46518	-5.21357		
FCGR3A	-3.39988	-4.01119	-4.01222	-5.00024	-5.66394
FCGRT	-3.17048	-3.71325	-2.82535	-3.03279	-3.39446
FCHO1	1.91416	2.72682	1.28972		
FCHO2	2.10364	3.00903	3.37193	3.23439	4.02242
FCHSD2	-0.80999	-1.21269	-1.35923		
FCN1	-1.21819	-0.913908	-1.87454	0.0147705	0.460058
FCRLB	2.51835	3.30616	1.69007		
FDFT1	1.47224	-1.02422	0.603564	-1.41973	-2.70094
FDPS	2.46217	0.01537	2.44511	0.489136	-0.778458
FDPSP2	1.2842	-0.716673	1.21223	-0.778509	-1.57986
FDX1	-0.522587	0.936742	-1.16783	-1.90733	-1.05277
FDX1L	2.93836	-0.208287	2.65425	0.767417	-0.525397
FDXR	-0.644958	-1.81472	-1.80086	-0.238622	-0.855904
FECH	1.37764	2.26386	1.89455	2.47736	2.60119
FEM1C	3.69036	4.26408	3.77344		
FEN1	3.35586	2.24804	2.06956		
FER	-1.5886	-1.84803	-0.822755		
FER1L4	-0.818116	0.858322	-0.477627	-3.47037	-1.19108
FERMT1	-0.52269	-1.71716	0.17487	-0.576117	-1.27644
FERMT2	-1.4607	-2.6061	-2.28329	0.947657	-0.12573
FES	2.64355	3.78801	1.39928	1.2222	1.92931
FEZ1	-1.61947	-0.250987	-1.9616	-2.91061	-1.823
FEZ2	2.25405	0.315364	1.16113	0.235083	-0.567018
FEZF2	-1.22311	-1.83827	0.218279	-1.04474	-1.89785
FFAR4	8.22687	1.36595	7.81244	7.72029	3.431
FGD1	-1.03838	-1.52977	-2.28956	0.395508	0.450952
FGD2	-5.65964	-5.8627	-4.30801		
FGD3	1.63638	-0.728549	0.385604	1.89939	0.205113
FGD4	-5.56631	-5.39391	-6.10939	-4.52464	-4.90111
FGD5	-0.412746	0.709693	-0.616998	-1.17944	-0.420939
FGF1	-2.46602	-2.78858	-1.893		
FGF12	-0.0872008	1.805	0.12585	2.12105	3.24251
FGF13	-1.88338	0.565192	-2.20788	-0.433398	0.650968
FGF14	1.85679	2.9364	3.22089	5.13602	5.48999
FGF17	0.439354	1.71141	-0.170617	2.68174	3.89945
FGF18	2.01503	3.47584	1.63808	3.74194	4.49325
FGF2	-0.0318974	-1.2628	-0.111868	2.64635	1.98397
FGF22	5.23008	2.38468	4.56806	2.99939	2.03121
FGF7	-1.61283	0.304169	-0.865734	-4.3794	-1.94119
FGF7P3	-1.26137	0.527341	-1.49379	-2.41211	-1.19638
FGF7P6	-0.949312	-0.0250883	-0.868272	-4.18749	-3.38646
FGF9	0.821619	1.99207	2.10596	-3.02225	-0.977536
FGFBP3	0.46028	-1.13922	1.56433	1.22351	0.0138966
FGFR1	0.151956	-0.578101	0.875536	-0.177083	-0.586477
FGFR1OP	2.19825	2.63525	3.56258	2.0206	2.75212
FGFR1OP2	6.30123	4.61263	4.23142	5.45803	5.99168
FGFR2	-0.754958	0.414473	-0.413281	-3.23551	-2.01469
FGFR3	-0.955578	-1.81481	-0.913008	1.62424	1.20543
FGGY	-0.380308	-1.76774	-0.438226	0.970113	-0.39131
FGL1	-1.55424	-2.72013	-1.72223	-0.152299	-0.268001
FGL2	-5.4521	-5.04445	-6.41419	-4.22549	-4.66002
FGR	-0.594676	0.212924	-0.327313	-1.41169	-0.914175
FH	-1.18081	-0.0808937	-2.2267		
FHIT	-0.57919	-0.968879	-0.931254	-3.80987	-3.68452
FHL1	0.611264	-0.0270471	1.04963	1.94961	1.4992
FHL2	5.74303	5.28904	4.70348		
FHL3	3.27805	3.24321	3.21818	3.43409	2.85151
FHOD1	-3.58492	-5.2053	-4.33276	-5.28817	-6.89164
FHOD3	-0.219047	-1.53569	-0.545363	-0.843269	-1.37221
FIBCD1	-1.92871	-3.29442	-1.93461		
FIBIN	-0.92385	-1.92785	-0.388196	1.21968	0.748578
FIBP	2.25445	2.18006	3.22093		
FICD	-0.36973	0.752534	-0.626523		
FIG4	2.65761	1.20201	2.16591		
FIGN	3.20111	5.1293	3.31854	6.18105	7.18282
FIGNL2	4.24369	0.517609	4.47461	6.30479	2.66731
FILIP1	0.11286	-1.42878	0.00641658	-1.13895	-1.86991
FILIP1L	5.82516	2.02982	3.17848	4.25897	2.78718
FIP1L1	4.2153	0.731806	4.73382	2.52945	1.58054
FIS1	1.30293	0.163881	0.560493		
FITM2	3.11973	3.14326	6.70666	0.823916	0.723978
FIZ1	2.27361	3.50328	3.00692	0.795609	1.4433
FJX1	0.857985	-0.0940054	1.79623	-0.303809	-0.835814
FKBP10	-0.459585	-1.10255	-0.0305164		
FKBP11	0.756166	2.04404	-0.0915242	2.34304	3.22833
FKBP14	-1.19114	-2.73122	-1.36709	-0.847692	-1.3913
FKBP1A	4.34679	-0.574618	2.82539	1.9519	-0.24017
FKBP1B	1.31482	-1.40586	0.351222	-1.9953	-2.89695
FKBP2	1.00887	1.53816	0.777778	-0.918943	-0.65765
FKBP4	-3.47689	-2.98521	-3.03378		
FKBP5	-4.84756	-0.922111	-4.47297	-5.6599	-2.05059
FKBP7	-3.05788	-0.328403	-3.05909	-2.13958	-1.16607
FKBP9	-0.252105	0.260447	-0.599802		
FKBP9P1	-0.357473	0.766651	-0.275319		
FKBPL	2.08724	1.42236	1.45282		
FKRP	-0.192678	-1.38964	-1.13342	0.557367	-0.126851
FKTN	-1.18738	0.231811	-0.405824		
FLAD1	1.31978	0.609412	1.48902		
FLCN	1.81471	0.969279	0.693544	-0.640646	-1.14044
FLII	1.23664	1.35778	1.33667	-0.135216	-0.261094
FLJ20021	5.34138	2.14317	3.42861	2.18703	0.746765
FLJ23867	-0.748983	0.915874	-1.04501	-2.20995	-0.854496
FLJ30901	0.339514	0.958184	1.05143	0.705129	0.696687
FLJ33534	3.10342	1.47806	3.29494	1.02073	0.231525
FLJ37035	1.96778	0.0501243	0.895476		
FLJ37453	-0.603387	-1.60838	-1.25755	-0.981921	-1.15623
FLJ42627	-2.58669	-0.207874	-2.46013	-0.532208	0.363113
FLNA	-1.15618	-2.60882	-1.24984		
FLOT1	1.60387	1.18412	1.3273		
FLOT2	3.22283	1.23322	1.65226	0.793	-0.15304
FLRT1	0.178515	-1.66302	0.304215	0.348677	-0.802658
FLRT2	4.35689	4.67008	4.23624	7.77497	7.46678
FLRT3	2.06335	2.99738	1.58509	0.797093	1.36236
FLT1	-3.13536	-0.254884	-2.25734	-3.27665	-1.69647
FLT3	-0.435251	1.22542	0.274923	-1.95863	-0.330768
FLT3LG	-0.610738	-0.729949	-0.846126		
FLT4	-2.19905	0.422508	-1.16424		
FLVCR1	1.81369	2.63226	2.73264		
FLVCR1-AS1	0.340355	-0.645904	-0.40514	-2.74977	-3.71688
FLYWCH1	-0.900521	0.910819	-0.204474		
FLYWCH2	-2.27567	0.0758652	-3.48414		
FMC1	-1.69401	-2.19029	-1.72706		
FMN1	4.47409	4.38536	5.30718	6.41293	5.09018
FMN2	0.842566	2.25988	2.50364	5.79735	6.24543
FMNL2				-2.4978	-1.95243
FMO1	-0.285493	0.384381	-0.220198		
FMO2	-0.0883449	-0.258627	1.19053		
FMO5	-1.67362	-1.36585	-1.38869		
FMOD	2.10401	0.991403	1.09268	0.49364	0.151807
FMR1	4.34171	5.27832	4.44343	3.55473	3.9022
FN3KRP	2.98021	0.560887	1.97417	-0.225289	-1.0243
FNBP1L	1.55234	-0.641862	1.69369	3.70099	1.18555
FNBP4	0.39113	1.92478	0.754748		
FNDC10	1.49969	2.51749	2.66316	0.828585	1.29695
FNDC11	-3.73506	-1.78018	-2.74539	-0.555537	0.159227
FNDC3A	-0.682665	-1.50465	-0.0312008	1.99594	1.69608
FNDC3B	2.59453	2.50467	3.57417	7.1059	6.27684
FNDC4	0.210678	1.89654	0.200667	-0.615119	0.455503
FNDC5	-0.711308	1.98051	-0.727936	0.866041	1.78567
FNDC9	1.3672	0.65439	1.57858	2.47704	2.1248
FNIP2	3.9783	2.19483	2.68849	1.17418	0.199998
FNTA	-1.52249	-1.07402	-1.89016	-2.96153	-2.22729
FOCAD	0.578786	1.41122	0.102539	-1.41201	-0.817217
FOLH1B				-3.34201	-2.55284
FOLR1	-2.6475	-3.77012	-2.33611	-1.38074	-1.80337
FOLR2	-1.67813	-2.44541	-2.67611	-3.41546	-3.25535
FOPNL	-0.737892	-1.48503	-0.631831		
FOS	-4.21387	-2.5256	-2.81746	-3.04254	-2.58205
FOSB	1.3359	2.33921	1.70688	2.57639	3.30383
FOSL2	-1.22853	1.28079	0.500969	0.177421	1.41278
FOXA2	-6.1769	-4.99896	-4.48123		
FOXC1	-1.31303	0.0510295	-0.800248	-0.437221	-0.0520826
FOXD1	1.09811	1.11151	1.88544	0.0645227	0.159325
FOXD4L5	-0.258005	0.354671	0.193486		
FOXE3	-2.41109	-1.85581	-2.83512		
FOXF1	-1.93222	-0.708898	-1.46283	-0.953701	-0.880188
FOXF2	1.67435	0.576939	1.99023	0.832336	0.0871919
FOXG1	3.1305	0.87179	4.03304	2.80675	2.19303
FOXJ2				3.2169	3.35448
FOXJ3	4.74363	2.44231	3.1716	1.05135	0.187648
FOXK1	-0.485761	1.34264	0.23636	-0.29287	0.663611
FOXK2	-1.94358	-0.829067	-2.71438		
FOXL2	1.2189	1.77618	2.30395	-0.159955	0.286462
FOXN2	-4.13266	-4.28957	-3.85898		
FOXN3	-3.24449	-0.29554	-2.68951	-0.567638	0.647404
FOXN3-AS1	2.60743	-0.442608	1.33795	2.51751	0.7709
FOXO1	-4.51211	-5.00388	-5.22437	-1.78565	-1.9432
FOXO4	-1.1993	-1.8232	-1.73075		
FOXP1	1.41808	2.44133	1.48269	2.69505	3.27427
FOXP2	2.55668	3.40798	2.83942	4.4829	5.29823
FOXP4	1.95812	1.31385	0.739707		
FOXQ1	0.782829	1.69649	1.10792	1.03747	1.38998
FOXRED1	1.32805	1.88707	1.54909		
FOXRED2	4.2459	0.920652	5.36418	6.40702	2.3073
FOXS1	-0.700034	-0.202343	0.460058	-0.597877	-0.459609
FPGS	-0.497401	-1.42391	0.0115637	-1.6504	-2.13592
FPGT	-2.64318	-0.568642	-1.72517	1.27937	1.67519
FPR1	-2.26092	-3.09804	-3.53344	-5.91302	-6.09832
FRA10AC1	2.01271	-0.29844	1.75195	1.25176	0.490856
FRAS1	1.28739	1.96488	0.961578	-0.983374	-0.547552
FRAT1	-1.29196	1.28066	-1.88166	-0.82804	0.584786
FRAT2	-1.55005	0.410613	-3.40905	-2.14693	-0.667662
FREM1	-1.05286	-0.594479	-1.43499		
FREM2	-0.0910048	-1.44362	-0.982908		
FREM3	4.66397	2.24682	4.4039	3.11913	1.82835
FRG1JP	-2.30218	-0.504598	-2.43303		
FRK	-0.0659236	0.699954	0.608965	-2.38413	-1.7061
FRMD3	-2.31756	-3.35646	-3.42431	-1.16334	-1.61545
FRMD4A	-2.59769	0.565162	-1.85781	-2.17178	-0.476383
FRMD5	1.1464	2.31351	2.21584	-0.344255	0.608656
FRMD6	7.00037	3.06264	3.39985	3.30374	3.45883
FRMD8	0.985895	1.7089	1.82185		
FRMPD1	1.18671	2.09512	2.0781		
FRMPD4	3.01188	3.2386	3.24254	5.59694	4.93974
FRRS1L	2.97223	0.746433	3.31273	2.89231	1.13813
FRS3	3.84358	3.0948	5.44143		
FRY	-0.7061	0.281813	-0.458018		
FRYL	-1.24463	0.328935	-0.925927	-2.75486	-1.49324
FRZB	0.0105546	0.60991	-0.535573	1.45118	1.84328
FSBP	0.267188	2.00186	-0.453727	3.9995	4.97632
FSCN1	0.836651	0.217232	-0.237508		
FSCN2	-2.2495	-2.25399	-1.57467		
FSD1	1.61863	2.2792	0.9179		
FSIP1	0.449064	-0.888665	-0.184786	2.08243	1.36676
FSTL1	-4.35543	-0.403005	-3.28935	-0.353546	1.05585
FSTL3	-0.162032	1.13561	0.451186		
FSTL4	2.582	3.10137	2.00755	1.24416	1.73263
FSTL5	3.7826	0.682132	2.96127	2.8801	1.16905
FTCD	5.66496	3.08012	3.59174		
FTCDNL1	-2.26623	-2.79723	-2.78978		
FTH1	0.789809	-0.796506	0.637452	-0.881702	-1.86368
FTHL17	1.27587	1.86979	1.75422		
FTL	-2.63224	-3.05469	-3.16017	-1.82832	-2.20312
FTO	4.43251	4.36129	3.12636		
FTSJ3	-4.18176	-0.902943	-3.17429		
FUBP1	2.94366	2.11033	2.56292		
FUCA1	2.17489	-0.336535	0.778731	1.01307	-0.11884
FUCA2	-3.41754	-3.9109	-4.74617		
FUK	0.926239	-0.627049	1.04168		
FUNDC1	1.73191	0.640679	1.36068		
FUNDC2	-0.0663369	0.0712017	-1.10767	0.399402	0.670056
FUNDC2P2	0.0585187	-0.659062	-0.133266		
FUOM	-0.150499	-1.96992	-2.18973	-1.65333	-2.54319
FURIN	-2.74672	-1.53491	-2.08038		
FUT10	1.96745	-0.742806	1.486	2.9709	2.20855
FUT11	-0.427065	0.959607	0.272895	-2.36509	-1.26124
FUT4	-1.19052	-1.54217	-0.713237		
FUT6	-1.76989	-1.49211	-1.23586		
FUT9	5.48591	2.94347	6.53829	8.28579	6.1621
FXN	-1.44812	-2.45627	-1.4693		
FXR1	1.84749	2.75294	3.37503	1.08833	1.55475
FXR2	2.3942	2.01441	3.48811		
FXYD1	-0.522645	-1.64887	-0.532113		
FXYD6	6.84343	1.22521	5.7964	7.69365	2.34424
FXYD7	3.28592	3.61522	2.51606	1.77366	1.78022
FYB1	-2.71294	-2.99548	-3.64535	-3.70793	-3.71688
FYN	-4.21298	-4.98444	-6.13239	-1.06803	-1.22953
FYTTD1	-0.0949763	1.04712	0.706059		
FZD1	0.0678657	-1.6988	0.573225	1.57347	-0.163997
FZD10	-1.05314	-0.0472382	-0.265265	-0.880008	-0.378717
FZD2	-1.77218	-2.6165	-2.54056	-0.557685	-1.22543
FZD3	5.93973	4.5741	6.63286	4.76294	3.93278
FZD4	-0.545423	1.15124	-0.0702952	1.13021	1.51747
FZD5	1.39535	2.59518	2.27422	3.48614	4.08314
FZD6	0.72557	2.19941	2.96727	3.77982	4.03541
FZD7	0.25184	-0.71644	0.500938	1.57807	1.63314
FZD8	0.0582968	-1.42301	0.310952	2.01165	0.922428
FZD9	2.09133	-0.302948	1.17568	1.89625	0.799986
FZR1	4.53634	1.58243	3.81405	1.86945	0.343315
G0S2	0.0235021	0.664475	1.49438	-1.32814	-0.89202
G2E3	3.0283	3.53701	3.2751		
G3BP2	2.91028	1.99291	2.26516		
G6PC3	-1.93767	-3.00912	-3.17592		
G6PD	-0.711258	-0.117682	-1.41164	-2.47526	-2.07375
GAB1	-0.0770295	1.09087	0.688266	-0.887156	-0.272361
GABARAP	-0.312126	-1.91669	-1.58524	0.372469	-0.691764
GABARAPL2	0.708817	-1.13272	-0.284263		
GABARAPL3	0.0278876	-0.41342	-0.305588		
GABBR1	3.89637	-0.791573	2.53675	1.87014	-0.0400936
GABBR2	3.2209	3.13	2.01195		
GABPB1-IT1	1.70784	2.79638	1.65248	4.49515	5.43232
GABRA1	1.65908	2.32718	2.47932	1.42245	1.90821
GABRA2	0.107724	-1.26262	-1.07632	0.5634	0.0915146
GABRA3	3.75193	-0.19371	3.51424	-0.892621	-1.75802
GABRA4	-4.38023	-1.37579	-3.70461	-0.635847	0.404795
GABRA5	1.18969	-1.23563	1.0917	1.17847	-0.626022
GABRB1	2.23344	-0.761727	2.64977	3.47281	0.820966
GABRB2	0.592253	2.00006	0.162478	0.762122	1.6632
GABRB3	1.96645	-0.947576	0.907867	0.835711	-0.43717
GABRD	2.89919	3.70934	3.89118	2.04403	2.59113
GABRE	1.61708	0.0890977	1.0633	2.40332	1.12775
GABRG1	1.26993	-0.351457	1.00281	4.82116	3.00971
GABRG2	3.94252	4.43836	5.48742	3.08145	3.40862
GABRG3	2.85186	3.63323	2.39353	2.04668	2.30699
GAD1	-1.10099	0.729961	0.123037	0.321354	1.3612
GAD2	-1.57806	-0.126844	-0.0874685		
GADD45A	0.281704	1.07483	0.438314		
GADD45B	-1.35285	0.116475	-1.71164	-2.82946	-1.83206
GADD45GIP1	3.83713	0.467316	2.07312	1.51497	0.432871
GAL	2.0722	1.75606	5.01572	0.913638	0.629086
GAL3ST4	-2.98926	-3.91482	-3.65847		
GALE	0.0927209	1.49897	-0.55414	0.224491	1.02321
GALK2	-3.14307	-0.35446	-3.37422		
GALM	0.107553	-1.64969	0.224582	0.0588136	-0.716072
GALNS	-1.00568	-0.689021	-2.11069		
GALNT1	0.430205	0.254401	0.435815		
GALNT10	-2.09646	-2.77863	-2.53391		
GALNT11	2.16905	-0.166053	1.21778	0.193119	-0.376739
GALNT12	0.14927	1.25459	0.240829	-1.87696	-0.91909
GALNT13	1.53807	1.40226	0.117798	-0.26249	-0.172144
GALNT14	2.65904	0.736583	1.7556	0.260324	-1.05763
GALNT15	-0.984084	-0.413289	-0.172862	-3.92539	-3.40462
GALNT16	2.76326	2.29377	4.42573	2.45983	2.04291
GALNT17	7.0486	3.79619	6.25896	5.26247	2.88078
GALNT18	2.27717	0.413148	1.6575	1.05564	0.370167
GALNT2	1.67616	0.748429	2.44157		
GALNT3	0.777068	2.38741	2.4724		
GALNT5	-1.17065	-0.140016	-1.76747		
GALNT9	4.20947	4.15934	6.1708		
GALNTL5	4.25598	2.05923	4.93265	1.26262	1.01758
GALP	-1.26243	-0.468236	-1.86491		
GALR1	-0.556085	1.53785	-0.0212283	3.49216	3.68081
GALT	-1.7663	-0.921328	-2.38738	-2.36189	-1.76912
GAMT	1.92968	0.0217252	1.58914	-0.143192	-0.828362
GAN	-1.80007	-2.1174	0.0395413		
GANC	-1.8136	-0.163959	-1.28599	-2.93024	-1.73246
GAP43	3.37052	0.0369933	3.43627	2.13207	0.749663
GAPDH	-0.0213528	0.342832	-0.499001		
GAPVD1	-1.35024	0.455496	-0.785788	-3.33942	-1.58264
GAR1	0.877959	-1.41469	-0.469767	-1.15911	-1.76539
GAREM1	0.958044	0.971502	1.69278		
GAREM2	-3.12889	-3.68709	-2.47066		
GARNL3	-2.32625	-1.80299	-1.80001	-1.0593	-1.03388
GARS	0.0114656	0.663591	0.0606013		
GART	1.14643	2.16772	1.31701	0.052786	0.666611
GAS1	-2.0245	-1.40921	-2.49763		
GAS2	-2.3571	0.869586	-2.24371	-2.98827	-0.63267
GAS2L1P2	-0.0538977	-0.844224	-0.00611698		
GAS5	-2.23482	-2.72082	-2.83222	-0.837631	-1.04186
GAS6	-5.20265	0.035949	-3.22312	-1.73125	-0.525168
GAS7	0.803571	1.78722	1.5493		
GAS8	1.14382	2.0511	1.52068		
GASAL1	-0.686486	-2.00671	-2.05058	-1.60531	-2.02356
GAST	3.11514	1.19534	2.3187		
GATAD2A	-1.42577	-0.531562	-1.61146	-2.24615	-1.49072
GATAD2B	-1.38877	0.659226	-0.520853		
GATB	3.5312	1.31313	3.87751	1.93413	0.783419
GATD1	-2.89035	-3.08126	-2.80186		
GATM	-1.15489	-2.07103	-1.0838		
GBA	1.0845	-0.822585	1.18751	-1.63935	-2.27414
GBAP1	1.96095	0.477225	2.2169	0.544025	-0.34266
GBE1	0.406621	0.52009	0.839274	-3.00762	-3.36449
GBP2	-0.732652	0.110794	0.222928	-2.02372	-1.79963
GBP3	-3.2101	-3.12324	-2.00241	-2.28838	-2.47876
GBP4	-0.38968	-0.163559	-0.346462	-1.1135	-0.920579
GCA	1.83977	1.79766	2.10919		
GCAT	1.8812	1.72867	2.74		
GCC1	1.71662	2.98522	2.19843		
GCC2	-2.49896	0.690772	-1.97587	-0.563377	0.533387
GCDH	-0.538258	-1.48476	-0.216836		
GCFC2	4.01047	5.24018	4.80626		
GCHFR	1.36626	1.67215	2.36157	0.0259561	0.201267
GCLM	1.5386	2.11224	4.03321	0.272989	0.468784
GCNA	2.40736	3.0786	2.61997		
GCNT1	2.47478	0.0977496	2.52545	0.0209042	-1.21719
GCNT4	3.7838	4.03512	3.11904		
GCSH	-3.32469	-3.9618	-4.20249	-1.71635	-1.70053
GCSHP3	-2.04735	-1.4145	-1.91888		
GDA	3.74151	-0.359551	3.70729	2.294	0.0453334
GDAP2	-1.46775	0.304718	-1.18736		
GDE1	-0.442283	-2.22786	-2.48597	-2.68019	-3.99102
GDF10	3.42269	2.43761	4.98778	1.97909	1.16081
GDF11	-1.26978	-1.89072	-1.29674		
GDF7	1.9368	1.58959	2.86815	-0.102219	-0.342243
GDPD1	-0.865941	0.926175	-2.10037	-3.16326	-1.0319
GDPD2	-0.423478	-1.61924	-0.788948	1.59023	0.531804
GDPD5	0.625713	1.25318	0.475821	-0.795433	-0.73728
GDPGP1	4.59529	2.61364	2.99252	0.733961	-0.102309
GEM	-1.94341	-2.84144	-1.45013	-0.0861196	-0.297032
GEMIN4	4.94954	2.19667	4.73415		
GEMIN5	-2.26597	-0.605577	-1.63286		
GEMIN7	0.627428	1.63187	-0.496437	-1.46574	-1.03006
GEMIN8	-1.67007	-2.58754	-3.16729	-0.529026	-0.91422
GEMIN8P4	-0.269358	-1.3488	-0.894348		
GEN1	-0.778752	0.390603	-0.592654		
GET4	1.90624	0.761054	1.29363		
GFAP	-2.97338	-3.51302	-2.274	-1.35771	-1.71648
GFER	3.5688	2.39943	3.70814		
GFM1	-3.20701	0.377413	-1.63121	-1.21504	0.142608
GFM2	2.55183	-0.34146	1.08617		
GFOD1	5.26978	4.84396	4.38197	3.4503	3.98472
GFOD2	4.25802	3.91821	5.45857	1.84167	1.8217
GFPT1	4.92867	1.31294	2.64162		
GFPT2	0.554161	1.6579	1.6865	1.42745	1.97793
GFRA1	-7.84217	-2.80964	-5.67756	-3.95336	-3.75366
GFRA2	0.292986	1.48668	1.59158	-0.201215	0.470667
GFRA3	-0.486248	-0.294859	-0.127628		
GGA2	-0.58195	1.23275	-0.506859	1.19493	2.06034
GGA3	2.14912	2.51361	0.695031		
GGACT	-1.07174	-1.649	-1.29628		
GGCT	6.26386	-0.0742263	5.56034	3.13264	0.383841
GGCX	0.659122	-1.54027	-0.891385	-1.39375	-1.93689
GGH	0.603832	1.22713	1.34123	-1.73206	-1.31714
GGN	2.06455	0.143469	1.73307	3.56447	2.17199
GGNBP1	0.463368	-0.685746	1.03227		
GGNBP2	1.33027	0.652774	2.06482	0.230718	0.0120114
GGPS1	0.766925	0.0687449	0.432996		
GGT1	0.61137	1.80419	0.763146	2.7816	3.48038
GGT3P	-1.273	0.836687	-0.500073	0.0934054	1.12327
GGT5	-1.32467	-0.146733	-1.5859	-1.86401	-1.34973
GGT6	-0.437431	0.361471	-0.248221	0.294854	0.708038
GGT7	-0.363329	1.19959	-0.152804	-1.41983	-0.8387
GGTA1P	-0.848513	-2.13785	-0.588723	-2.45248	-3.21349
GGTLC1	1.88687	3.07514	1.46113	1.54092	2.52984
GGTLC2	0.424725	1.46101	0.372716		
GHDC	3.73014	5.60729	3.12826	2.99552	3.69713
GHR	0.161764	-1.18717	-0.152254	1.25678	0.196273
GHRL				-2.57721	-3.09047
GHRLOS	-1.32458	1.33302	-0.662534	1.2025	1.79174
GHSR	-1.53673	-0.580129	-1.14631		
GID8	2.81496	4.81671	2.4261		
GIGYF1	-1.34029	1.13273	-0.244466	0.670965	1.68868
GIGYF2	0.822394	2.43752	1.32279	2.91663	3.24153
GIMAP2	-3.3067	-3.79254	-3.3256		
GIMAP4	1.10877	-0.498806	-0.0788318		
GIMAP6	-0.108037	0.154049	-0.01668		
GIMAP7	-2.42684	-1.04765	-2.73782		
GIN1	0.829831	2.1352	2.22987		
GINM1	-5.14966	-5.41211	-5.70626		
GINS2	-0.150124	-1.57409	-0.717108	-0.783939	-1.32684
GINS3	1.81531	0.192594	2.48552		
GIPC1	0.990488	1.55238	1.79246	-0.898996	-0.592704
GIPR	-3.95969	-1.92432	-2.50654		
GIT1	1.49544	-0.0398553	1.58387		
GIT2	-7.73636	-0.231106	-6.17937	-3.04466	-1.02286
GJA1	-0.0700062	-1.36363	-0.0673669	3.02315	1.73576
GJA4	-0.938285	-0.531649	-0.138369		
GJB1	-0.718907	0.203626	-0.476736	-4.00444	-2.60972
GJB5	1.54989	1.32089	0.38455	-2.29936	-2.99058
GJB6	-0.0170496	-1.08979	0.282103		
GJC1	-0.38269	1.3344	0.634684	-0.077642	0.764181
GJC2	-0.331807	0.49566	0.0414478	-3.74297	-2.49162
GJD4	1.6214	1.68878	1.60901		
GK	2.61139	3.26897	4.18273	2.9906	3.48724
GK3P	1.24109	2.26909	1.05266	5.00931	5.16466
GK5	-2.24014	-0.363279	-1.48647	-4.36027	-3.70251
GKAP1	0.118484	-0.621973	-0.00339525		
GKN1	-1.34137	-1.55529	-0.76171		
GLA	-0.205792	1.07951	-0.333288	-0.633736	-0.0367077
GLB1L	-1.14764	-1.30126	-0.52762		
GLB1L3	2.27418	3.26238	3.19406	1.38837	1.96895
GLCCI1	1.13324	2.25624	0.725856	2.03457	2.44093
GLCE	3.93297	2.16417	2.71861	2.05366	1.07328
GLDC	-0.606751	-1.33632	0.191676	0.251786	-0.541279
GLDN	-0.212311	0.68188	0.280496	-2.54764	-1.698
GLE1	1.89048	2.59493	2.64837		
GLG1	1.12614	0.142532	1.57305	-0.51549	-0.93154
GLI1	0.464618	-0.61589	1.49772	3.6303	2.36326
GLI3	-1.84554	-2.62384	-1.76016	1.18011	0.529299
GLI4	0.479357	1.68818	0.0487919		
GLIPR1	1.27953	3.02409	1.3201	3.58097	3.82397
GLIPR1L2	-2.49156	-3.53289	-2.3749		
GLIS1	0.196261	1.71657	0.339462	1.36262	2.32844
GLIS3	2.11199	0.702754	2.08584	6.49432	7.07839
GLMN	-0.277099	1.58719	0.426089	0.863532	1.72954
GLO1	0.743621	-1.37658	-0.244469	-1.8431	-2.74962
GLOD4	1.40783	-0.918134	1.951	2.64496	0.582778
GLP2R	1.26246	-0.550112	1.89193	-0.0610093	-0.906495
GLRA2	0.0626764	-1.59101	-0.911423	-0.267394	-1.15604
GLRA3	6.19502	1.26496	6.67873	10.0397	2.77374
GLRB	1.05357	1.75359	1.25623		
GLRX	0.788916	1.56104	0.304491	-1.08493	-0.810766
GLRX2	0.322344	1.52476	1.36896	-0.923877	0.00787519
GLRX3	-2.90709	-1.3376	-4.87358	-5.22697	-4.38667
GLRX5	1.33583	-0.153326	-0.192828		
GLS	-1.66082	1.01807	-0.555001	0.519032	1.64909
GLS2	0.828592	1.94607	1.20529	-0.117396	0.854878
GLT1D1	4.07964	3.28097	6.58009		
GLT8D1	-1.15501	-1.20368	-2.17311	-0.0618913	-0.112326
GLT8D2	1.00025	-0.830974	0.197413	1.32998	0.0563293
GLTPD2	-1.99415	-2.7146	-1.64869		
GLUD1	-1.82646	-2.70162	-2.55614	0.535902	-0.117794
GLUD2	-1.08075	-2.09868	-1.59273	1.08339	-0.0655132
GLYCTK	-3.78007	-2.11997	-3.03818		
GLYR1	0.268963	0.814081	0.216566		
GM2A	-1.87708	-0.334166	-0.895353	-2.63601	-1.55588
GMCL1	1.83134	2.1424	2.84321		
GMDS	-2.65015	-1.42325	-1.68413		
GMEB1	-1.37707	-0.877003	-2.51003		
GMFB	2.9215	-0.972943	1.6704	0.8166	-0.844219
GMFG	-0.327342	-1.87688	-0.9299	-3.38868	-3.28199
GMIP	-1.14032	-2.16666	-0.980926	-3.32905	-3.45056
GMNN	-0.419176	0.852982	0.317971	0.784409	1.45386
GMPPB	2.35547	1.63574	2.50078		
GMPR	-1.90014	-0.618891	-2.41722	-4.57762	-2.60166
GMPR2	0.63816	0.946331	0.594582	-1.2689	-1.00656
GMPS	0.501907	1.14926	1.21926	-0.738687	-0.291761
GNA11	-0.688317	-0.801889	-0.649043		
GNA12	-3.36557	-3.30732	-3.4923	-0.547965	-1.14221
GNA13	-1.21338	-1.93017	-0.623404		
GNA14	0.560644	0.517222	0.128508	-0.959355	-0.768814
GNA15	1.13042	0.95984	1.72451	1.08558	0.88073
GNAI2	-0.988349	-2.4386	-1.10661	-0.983711	-1.58899
GNAL	-3.79719	-3.25293	-2.86016	-4.83927	-4.66863
GNAO1	0.895672	-1.72999	0.197676	-0.227662	-1.2749
GNAQ	3.37582	0.0594962	3.054	1.92682	0.86315
GNAS	-0.136267	1.3791	-0.0939726	-0.451639	0.520062
GNAZ	5.22085	1.4589	4.16731	3.26512	1.6813
GNB1L	7.50722	4.1209	6.21168	3.50088	2.33893
GNB2	2.77072	-0.67222	1.97516	2.40297	0.0883902
GNB3	1.38965	2.33454	1.78489	0.61256	1.40936
GNB4	1.24437	-1.44706	1.46028	-0.209021	-1.3346
GNB5	1.82666	2.60355	1.04715		
GNG10	-0.339282	-1.66699	-0.704958	-0.0612802	-0.806087
GNG11	-1.73345	-1.21949	-1.42047	-0.526015	-0.0992145
GNG12	-0.468038	-1.66706	-0.323609	0.054745	-0.557136
GNG13	6.83443	5.64839	5.23034	7.50783	7.75178
GNG2	-0.424489	-2.16361	-1.67589	-1.79861	-2.13773
GNG3	2.59327	0.703062	2.8239		
GNG4	2.13973	-0.804806	3.1093	2.19341	0.258768
GNG5	-2.26496	-2.93881	-2.25569		
GNG7	-3.71628	-1.312	-4.27261	-3.81339	-2.59072
GNG8	-0.716452	-1.81232	-1.40028		
GNL1	0.796738	2.24025	1.18145	1.65367	2.276
GNL2	-0.514988	0.785969	-1.41174	0.382515	0.777791
GNL3	-1.28983	0.305691	-1.19152		
GNL3L	0.204671	1.66589	0.16028		
GNLY	-1.81187	-1.1312	-2.07078	-1.26999	-0.641619
GNPAT	-1.36292	0.47865	-0.27322		
GNPDA2	2.97052	3.43737	2.92396	1.22536	1.86412
GNPTAB	2.01115	-0.582077	1.37418	1.36013	-0.228304
GNPTG	-2.91312	-0.808851	-2.56988		
GNRH1	-2.38174	1.15023	-1.0314	1.3612	1.85653
GNRH2	0.224034	0.467211	0.403956		
GOLGA1	-0.263486	1.1535	0.890558	2.42617	2.97271
GOLGA2	0.894245	-0.0205796	0.815324		
GOLGA2P11	-2.28409	-0.932988	-1.8409		
GOLGA2P5	-3.15883	-0.292018	-2.51613		
GOLGA2P7	-2.26435	-0.588886	-2.32934	0.106813	1.16546
GOLGA3	5.90998	1.45662	5.81662		
GOLGA6C	-0.21678	0.207165	0.192558		
GOLGA6L10	-0.52017	1.24036	0.484874	2.51733	3.49466
GOLGA6L17P	-1.75649	-0.501943	-0.867681	1.24003	1.85388
GOLGA7B	0.304551	1.27069	1.11127	-0.918865	-0.26618
GOLGA8A	0.706388	1.8344	1.91614	2.56567	3.57978
GOLGA8IP	-1.9531	-0.0645215	-0.86594		
GOLGB1	3.80115	0.0460364	2.96641	1.73825	0.413128
GOLM1	2.98547	-0.441288	3.7836	3.22658	0.961366
GOLPH3	0.695555	1.93325	0.947739	-0.158467	0.818229
GOLPH3L	5.94242	3.24696	6.19262	2.93313	2.259
GOLT1A	0.239951	-1.28373	1.31775	1.14606	-0.013352
GON4L	-2.0454	0.424568	-2.15174	0.226225	1.10791
GON7	-3.79286	-1.00724	-2.97412	-1.95693	-1.63005
GOPC	5.09316	6.01444	4.80154	5.85842	6.67457
GORAB	4.1697	3.34905	3.8217		
GOSR2	1.09919	-0.871857	1.03731	0.205006	-0.621668
GOT1	1.27354	1.77961	1.73221	-0.683113	-0.505949
GOT2	-0.195858	0.988405	0.103284	-0.914599	-0.121601
GP9	3.34258	2.54833	2.78077		
GPAM	-2.91971	-3.58723	-3.25181		
GPAT2	4.47816	3.63337	3.37064		
GPAT3	-0.405655	1.15601	-2.20054	-3.188	-1.08202
GPATCH1	0.433183	1.83213	-0.479853		
GPATCH2	1.9036	1.63012	2.10915		
GPATCH2L	3.63179	4.14603	4.08133		
GPATCH3	3.10037	2.12356	1.55409		
GPATCH4	1.47138	-0.0610976	1.00324	-0.801951	-1.62743
GPATCH8	-0.325135	1.61518	0.252018	0.770949	1.67346
GPBP1	2.21813	3.67649	3.19007		
GPBP1L1	-0.101874	1.26981	-0.201384	0.304238	0.852887
GPC1	1.35467	0.368956	1.69688		
GPC2	-3.60292	-4.99039	-2.72868	-4.46431	-5.21939
GPC4	-0.872475	-2.30511	-1.89889	-1.79343	-2.14057
GPC5	-2.54807	-3.08959	-2.99298	-0.743744	-1.16343
GPC6	1.73632	-0.63516	1.91863	0.149617	-0.797885
GPCPD1	-0.0432307	1.72653	-0.525345	-0.97436	0.591461
GPD1	-1.5224	-1.26551	-0.982092	-6.17694	-5.96208
GPD1L	6.39981	4.37211	4.02162		
GPD2	-0.709628	-2.01202	-1.05138	-1.31608	-1.90373
GPER1	-0.782443	-0.692125	-0.326346	-0.315169	-0.286663
GPHN	-0.397639	0.94306	-0.877066	1.44575	2.32346
GPI	2.05875	0.170114	1.62641		
GPIHBP1	0.0130914	0.601668	0.736986	-3.53282	-2.6797
GPKOW	4.43983	0.593843	3.00518		
GPLD1	-1.47561	1.46367	-1.34223	-1.45856	0.510049
GPM6A	3.38113	0.556366	4.63404	4.20796	1.99776
GPM6B	1.39597	-1.24766	1.04308	1.70838	0.449385
GPN1	5.23792	2.05616	4.42373	3.23514	2.22571
GPN2	4.33214	3.13705	2.69359	0.619622	0.372219
GPNMB	1.36534	-0.940423	-0.366532	2.45914	0.757962
GPR107	-0.622615	-2.05629	-1.21407	-1.5723	-2.2387
GPR108	-1.33668	0.474719	-2.46842	-2.2306	-0.79099
GPR119	-1.82627	0.203304	-0.463058		
GPR135	-0.463886	0.528104	-0.493998		
GPR137	0.672899	0.905311	0.234799		
GPR137B	-2.2365	-2.87458	-2.1416	-0.276088	-0.766191
GPR137C	2.18418	3.23726	2.10601	2.57199	3.38397
GPR143	1.02286	-0.501046	2.45032	1.77693	1.20511
GPR146	-2.2752	0.232069	-1.77182	1.31654	1.7931
GPR149	-0.647667	0.134956	-0.801348	0.929614	1.77829
GPR150	6.74927	2.66658	5.80004	6.38147	3.14604
GPR155	7.40873	3.70061	5.50054	3.40542	2.25291
GPR158	2.45318	3.15996	3.73048	1.08249	1.54824
GPR160	0.489936	-1.75773	0.402767	-0.3925	-1.42563
GPR161	-1.38409	1.7072	0.189176	4.10623	3.17615
GPR162	6.35638	5.77046	6.30684		
GPR171	4.45226	4.3507	2.84613		
GPR173	-1.1405	-2.31241	-1.51806		
GPR176	0.538473	0.243818	1.45802		
GPR179	-3.16063	-3.50835	-2.97614	-1.60925	-1.89604
GPR180	2.35346	2.78776	2.66447	3.42188	3.75229
GPR183	-3.01684	-3.57889	-3.47757	-3.45692	-3.83314
GPR19	-0.553596	0.742371	-0.436582	0.786554	1.58269
GPR20	2.05437	1.87914	4.30517	0.25982	0.180724
GPR21	1.0526	1.9104	1.01781		
GPR22	3.44384	4.4351	6.10387	3.78673	4.54098
GPR25	2.3142	-0.216706	2.10658	2.37068	0.851136
GPR26	2.89454	3.30475	4.08318	2.8553	2.89586
GPR27	0.380311	-0.95314	-0.0626095	2.39419	0.848688
GPR34	-1.69072	-2.3823	-2.34765	-1.49965	-1.85385
GPR37	-0.376636	0.339141	-0.0879567		
GPR39	-1.64309	-3.13621	-1.90334		
GPR4	-1.23681	-0.447638	-2.21189	-2.54111	-1.92525
GPR6	0.685017	-0.486749	0.988308	1.96711	0.776177
GPR61	0.324629	1.51466	-0.490842	-0.889905	-0.469764
GPR62				-2.38948	-1.98549
GPR63	3.4507	3.8713	5.26745		
GPR68	2.42066	-0.629644	2.11621	0.365747	-1.03704
GPR83	2.15733	0.127295	1.02851	0.913469	0.470592
GPR85	0.224473	1.56342	0.761715	0.0389419	0.818675
GPR88	0.0374988	-1.38602	-0.969988	1.20008	0.0569489
GPRASP1	0.821214	2.25184	0.676827		
GPRC5C	-3.23375	-3.83379	-3.67985	-0.895903	-1.3139
GPRIN1	1.3887	-0.557573	1.74368	2.83844	0.961667
GPRIN2	3.67439	-0.209612	3.50049	1.99016	-0.232385
GPSM1	1.27169	-0.330833	2.56807	3.65343	2.03528
GPSM2	-1.20397	-0.679298	-0.658925	-2.50654	-1.92738
GPT2	0.721835	-1.18351	1.02606	0.280115	-0.546829
GPX3	5.26227	4.40987	7.87554	5.16922	5.7377
GPX4	1.28597	-0.33521	0.586295	1.3352	0.379095
GPX7	-1.61069	-0.780263	-1.64189	1.68291	2.38021
GRAMD1B	-3.08441	0.704008	-2.14834	-1.40977	0.0138919
GRAMD1C	-1.22226	-2.10751	-0.640104		
GRAMD2B	-3.01049	-2.39368	-3.5086		
GRAMD4	6.37114	0.753276	5.58389	1.57252	0.295749
GRAP	-1.66723	-1.08042	-2.33249		
GRASP	6.72642	3.79486	6.68938	3.007	1.99331
GRB10	3.02856	-0.468216	1.98377	2.20761	0.355222
GRB14	0.845985	-0.562059	0.76357	0.203864	-0.270223
GREB1	-0.838244	1.20893	-0.615586	-1.20324	0.33628
GREB1L	-3.66836	-3.90128	-6.5096	-2.6386	-2.30985
GREM1	1.81194	1.69997	3.33156	0.1917	-0.0506804
GREM2	0.691218	1.34173	1.67376	0.091654	0.362385
GRHPR	0.131913	0.0772818	0.147068	-0.895071	-0.977211
GRIA1	3.05897	-0.636327	3.86479	2.20731	-0.0977747
GRIA2	5.4319	3.4121	5.08751	6.10018	4.63727
GRIA3	1.34059	0.326699	1.17105		
GRIA4	1.69614	0.694747	-0.615894		
GRID1	0.417747	1.47793	0.629662	-1.19567	-1.0557
GRID2	-0.546514	-2.54848	-0.122234	-1.02418	-1.93228
GRIK1	2.60508	0.796664	3.04247	5.92325	3.74848
GRIK2	3.24389	0.336417	4.97335	6.12357	2.73015
GRIK3	2.97256	0.695366	2.60992	1.31681	-0.143735
GRIK4	0.0570082	-0.636573	1.02592	-1.81155	-2.55166
GRIK5	-2.10213	-3.85822	-2.53335	-0.193523	-1.06059
GRIN1	0.651011	1.68476	0.566282		
GRIN2A	2.94454	3.1183	4.01422	3.25403	3.04857
GRIN2B	1.36653	-0.367128	1.01999	0.0859942	-0.631127
GRIN2C	-1.01536	-1.90624	-0.95298	1.88673	1.16832
GRIN3A	2.98761	-0.91564	2.24325	0.0811455	-1.30502
GRIP1	1.07515	2.0077	1.17254		
GRIP2	0.802532	2.40453	0.517036	-0.173859	0.478341
GRIPAP1	8.32285	5.22181	7.09987		
GRK3	-1.43121	-0.349814	-0.180239	-0.642451	-0.191977
GRK4	-1.65733	-1.49236	-1.50739		
GRK5	1.09502	0.41141	0.203146	1.6296	1.59595
GRK6	2.66078	0.851971	2.09377		
GRM1	4.78153	0.806299	4.23335	3.64263	1.18874
GRM2	2.90094	1.1424	2.09055		
GRM3	3.94241	1.17742	3.80699	0.828901	-0.0638563
GRM4	-5.63915	-1.76539	-4.47067	-3.63918	-3.09563
GRM5	0.461442	-0.155789	0.793423	1.17654	0.777379
GRM6	2.32507	1.29383	1.99442		
GRM7	0.0896002	0.757046	0.0548909	1.89011	1.23475
GRM8	2.22523	0.474781	2.01144	3.82253	1.54558
GRN	-0.459585	-1.95214	-0.424429	-2.16297	-2.65853
GRP	-0.779613	-1.94003	-0.651534	-0.335591	-1.09016
GRPEL2	2.66967	3.20665	3.7971	3.32089	3.53492
GRPR	2.09575	0.259791	1.03261		
GRSF1	2.73693	0.971764	3.38821	0.712717	-0.103174
GRWD1	4.11519	4.63212	3.29781		
GS1-124K5.11	-5.73308	-0.646726	-4.04902	-2.82477	-0.938303
GS1-124K5.4	-2.20944	-2.78826	-2.71256	-3.58987	-4.00162
GSAP	-1.09007	0.386378	-1.60424	2.17528	3.12403
GSDMB	0.20305	1.6327	-0.122997	1.97779	3.05322
GSDMD	-0.231743	-1.42655	-0.13526		
GSDME	1.55801	1.52006	0.991913	1.52769	1.47328
GSE1	-1.10447	0.834677	-0.258166	0.745188	1.82864
GSG1	5.65027	0.403028	6.25561	3.98402	1.38548
GSG1L	1.81553	-0.495996	-0.896923	-0.821261	-1.37916
GSK3B	2.43797	3.48683	3.08948	1.8913	2.34082
GSKIP	2.60543	-0.815623	1.61114	-1.28962	-2.14015
GSN	-2.66422	-2.43855	-1.81552	-2.88488	-2.69423
GSPT2	2.24092	0.439856	5.3077	4.94056	2.80099
GSR	-1.70439	-1.02944	-1.71199	-1.2899	-0.743558
GSS	4.03104	0.937906	2.9071	2.00669	0.225121
GSTA4	1.93253	0.722514	1.23975		
GSTCD	-0.127295	0.632997	0.562419	1.78164	2.41768
GSTK1	-4.22315	-1.25354	-4.30741	-3.65734	-2.13011
GSTM1	-0.54113	-1.61575	-0.954774	1.5046	0.903246
GSTM2	-0.757574	-1.85194	-0.494712	0.874022	0.143598
GSTM2P1	-1.32718	-1.96951	-1.51491	1.26126	0.842082
GSTM3	0.765628	-1.27053	0.552695	3.27737	1.04043
GSTM4	0.355449	-0.570547	0.0314192		
GSTM5	0.247579	-1.31471	-0.440894	1.97386	0.945764
GSTO2	1.02851	-1.13622	0.333212	0.281679	-0.739821
GSTP1	-2.46337	-3.59197	-2.00013	-1.01329	-1.60484
GSTT1	-0.315362	0.956864	-0.874604	-1.50481	-0.51532
GSTZ1	-0.626164	-0.323169	-0.881627		
GTDC1	2.98125	1.61162	5.56464	1.32384	0.835318
GTF2A1	1.55616	2.55717	2.25792	0.0420451	0.810831
GTF2A2	-1.77093	-1.55726	-2.45919	-3.33971	-2.23816
GTF2B	-2.10097	-0.0439378	-1.68156		
GTF2E1	3.28939	1.39099	2.58337		
GTF2F2	0.947263	-1.06556	0.651001	0.714964	-0.221253
GTF2H2B	-1.06134	1.55955	0.0522128	0.701448	1.63507
GTF2H3	5.70958	1.17659	4.68634		
GTF2H5	-3.30791	-2.87025	-4.94606	-3.32218	-2.99848
GTF2I	-0.841883	0.247584	0.170715		
GTF2IP20	-1.00874	0.0464177	-0.096167		
GTF2IRD1	1.34148	2.84707	2.67944	2.28695	2.81483
GTF2IRD1P1	1.0499	2.23812	1.56687		
GTF2IRD2	-2.31673	-2.95761	-2.99101		
GTF3A	-0.949251	0.31711	-3.77497	-1.2033	-0.630196
GTF3C2	0.40714	1.98819	0.648557	2.66696	3.2174
GTF3C3	0.0651229	1.92638	0.605449	2.0467	2.44443
GTF3C4	5.34292	4.90198	6.54022		
GTF3C6	-0.890606	-1.97407	-1.29714	0.667954	-0.553337
GTPBP1	-2.78037	-0.590555	-2.71253	-0.0310066	0.86264
GTPBP10	0.78185	1.59679	1.21312		
GTPBP4	1.87893	-0.929882	1.07331	-1.45802	-2.34431
GUCA1B	2.28537	1.94078	2.32151		
GUCA2B	-5.68417	-0.493031	-4.98682	-4.13489	-0.939646
GUCD1	-5.07119	-2.30764	-4.40505	-3.36564	-2.27258
GUCY1A1	1.03672	-1.39417	-1.20462	-2.11126	-2.60691
GUCY1A2	2.42894	3.05383	8.0193	1.90968	2.23244
GUCY1B1	4.91888	2.1828	3.99191	2.58601	1.14443
GUK1	0.667035	-1.5307	-1.06405	-0.307191	-1.42672
GULP1	5.58819	1.98139	6.73864	10.1325	6.83144
GUSB	-1.30392	-0.378464	-0.689735	-1.57463	-1.2919
GUSBP4	0.388474	1.91082	2.15682	2.06736	2.69806
GXYLT1	0.41063	0.587398	1.63089		
GXYLT2	-0.431587	-2.20924	0.365198	-0.645126	-1.68304
GYG1	0.667919	-0.0303746	1.62317	-1.04332	-1.3698
GYG2	1.20153	-0.0674104	1.38519	1.4352	0.903053
GYG2P1	6.39484	3.64467	4.74803		
GYPE	2.79626	-0.334618	2.05033	2.2278	0.00793154
GYS1	-1.24368	-0.574824	-0.0891963		
GZF1	1.42048	2.93743	1.34613	1.10296	1.50391
GZMB	-0.49605	0.578543	-0.332594		
H1F0	-1.41732	0.996607	-1.09014	0.253529	1.19409
H2AFJ	-2.06358	-2.19325	-1.46425	-3.08892	-3.08692
H2AFX	-3.24537	-1.29433	-3.832	-3.21975	-2.02057
H2AFY	-1.05756	-0.953853	-2.02585		
H2AFY2	0.368562	1.98812	0.222322	1.67098	2.31503
H2BFS	-2.58056	-3.20244	-3.93665		
H3.Y	-2.64431	-1.40328	-2.87659		
H3F3B	-2.16416	-2.98004	-3.04003		
H3F3C	-1.77133	-2.53797	-2.83402		
HAAO	0.0104669	0.917717	-0.446319	1.25926	1.76572
HACD1	1.38308	-0.646015	1.70783	-0.998817	-1.54324
HACD2	-1.06834	-0.195349	-1.26134	-0.631718	-0.325942
HACD4	-0.449983	-1.82418	-1.84001	-0.00966278	-0.858297
HACE1	4.43715	5.41384	3.98332	0.0718158	0.825819
HACL1	3.40098	4.03754	6.61133	3.47148	3.80719
HADH	0.801869	-1.12517	0.7517	2.34072	1.52625
HADHA	-1.17705	-2.29609	-1.70468		
HADHB	-2.1429	-2.93676	-2.27427	-1.25271	-1.57309
HAGHL	1.39406	2.54862	3.09697	0.77361	1.31554
HAGLR	-1.30469	-0.342904	-0.90932	-2.89168	-2.11251
HAGLROS	-0.025917	-0.226454	-0.702287	-2.30002	-2.32497
HAMP	-0.111799	-0.657708	-1.23296	-0.145937	-0.10306
HAPLN2	-1.72522	-0.63814	-1.37824	-6.30575	-4.24342
HAPLN4	1.49229	2.53938	4.78629	0.504192	1.11129
HAR1A	0.79799	2.08571	0.807549	0.195347	0.83519
HARBI1	0.738405	1.24607	0.546671	-1.26403	-0.971307
HARS	2.63447	3.15146	4.64473	0.838994	1.17844
HARS2	2.59008	0.236076	1.47477		
HAT1	-1.79812	-0.272121	-1.33292		
HAUS1	-6.08695	-3.85363	-5.9802		
HAUS3	-0.672145	0.227286	-0.0753814	1.75377	2.19513
HAUS4	-2.37537	-0.950235	-2.61853		
HAUS5	1.92935	3.23494	1.30231		
HAUS6	3.11148	3.94335	3.00652	0.419623	1.0561
HAUS7	2.16859	1.80659	4.25585	1.61178	1.43694
HAUS8	-0.488632	1.36561	-0.0984131	0.574397	1.22547
HAVCR2	-4.75684	-4.10272	-4.92947	-4.64173	-5.07161
HBA1	-1.85681	-2.41427	-3.10142		
HBA2	-1.92441	-2.47219	-3.12801		
HBG1	-1.42666	-2.88996	-1.55105	-1.6419	-2.2979
HBM	2.74133	0.584832	3.5345	1.76546	0.909034
HBP1	-4.21122	-1.11745	-3.47354	-0.240317	0.523399
HBQ1	1.69565	-1.25595	0.337049	-2.52294	-3.31226
HBZ	0.201206	-1.37822	0.301982	-0.35806	-1.10598
HCFC1R1	0.927142	-0.893437	-0.436302		
HCFC2	1.31972	0.510143	2.21785		
HCG23	0.00900244	-1.23819	0.598709	1.69181	0.501037
HCG4	-2.88846	-0.110043	-2.35481	-1.32018	-0.351075
HCK	-2.33747	-2.78177	-3.36008		
HCLS1	-5.46442	-5.35519	-5.5348	-6.67761	-7.66132
HCN1	1.78953	2.63554	5.02659	1.17771	1.64041
HCN2	-2.16818	0.32359	-2.41596	-3.89609	-1.64945
HCN3	5.19647	4.01828	6.87087	6.62295	5.39908
HCN4	-0.459561	-1.97617	-0.277516	-1.79047	-3
HCP5	-4.61129	-3.31431	-4.06845		
HCRT	0.282134	1.19822	0.213917		
HCST	-1.81356	-2.44464	-2.6808	-2.38209	-2.56153
HDAC1	-8.31099	-5.14028	-7.7701		
HDAC4	-0.76397	1.09878	0.205384	1.57125	2.36228
HDAC5	-0.0158368	0.137234	1.41081	2.59584	3.01224
HDAC6	0.477856	1.52593	1.11852		
HDAC7	0.104774	1.54827	0.796027	1.72781	2.57085
HDAC8	-2.21453	0.0239311	-3.24335	-0.722354	0.0970614
HDAC9	8.70327	3.64371	8.31481	7.37915	5.95795
HDC	3.6051	0.819574	4.57131	5.41302	2.36105
HDDC2	-2.07602	-3.07309	-4.4203	-3.98966	-4.62289
HDDC3	1.67722	2.06015	1.76684		
HDGF	-4.77933	-3.34861	-3.71674		
HDGFL2	-3.46327	-3.02989	-5.07955		
HDGFL3	1.49579	0.0396911	1.75546	5.16876	3.46065
HDHD2	0.670314	0.330968	-0.672386	-2.14189	-2.50701
HDHD3	-5.02492	-3.40247	-3.24221		
HDLBP	-0.611386	-1.86698	-0.898304		
HDX	3.38198	3.90262	3.24517		
HEATR3	-3.25403	-0.69061	-3.07553		
HEATR4	1.17242	2.69804	1.58905		
HEATR5A	-3.76974	-3.91822	-3.43723		
HEBP1	0.13986	-1.49105	0.48761	0.164035	-0.574171
HEBP2	-4.56016	-4.33027	-3.70089	-1.29643	-1.30367
HECA	1.90444	3.06418	3.57277	2.59767	2.86916
HECTD1	1.696	2.36869	1.88705	2.77747	3.15118
HECTD2	3.41241	0.500667	5.32631	5.5709	2.61169
HECTD4	3.57796	1.51621	3.02212		
HECW1	1.65934	2.46239	1.99315	4.20281	3.79428
HECW2	3.30601	3.81734	3.08642		
HEG1	-2.6683	-1.30446	-1.94738	-1.34425	-0.741404
HELB	-2.76495	-2.21737	-3.01708	-0.299537	0.529333
HELLS	0.593651	1.63427	0.862818	2.12936	3.27024
HELQ	0.213851	2.00822	0.0229998	1.5808	2.28551
HELZ	-0.00206125	1.60206	0.617348		
HEMK1	2.54249	1.21966	2.70414		
HEPACAM	-2.80072	-3.09288	-2.62568	-1.20196	-1.58255
HEPH	-1.60688	-2.6552	-1.55904		
HERC1	5.01491	4.85182	3.8303		
HERC2P2	-3.32925	0.116976	-2.04119	-0.269469	0.439461
HERC2P9	-1.25844	0.413849	-0.562341		
HERC3	-3.12325	0.231213	-2.54008	-1.71427	-0.45568
HERC5	-0.461369	-1.65981	-0.872027	0.885366	0.251353
HERC6	2.82024	3.58826	6.16033	1.95464	2.37141
HERPUD1	0.795966	1.74579	0.883309	-0.137862	0.515442
HERPUD2	-0.189811	0.535416	0.547592		
HES1	-0.798679	-2.14645	-0.501329	0.0340356	-0.645482
HES4	4.40201	-0.11538	4.32446	3.74774	0.951379
HES5	-0.00668813	-1.32615	0.546575	1.65495	0.464952
HES6	-1.03566	0.747577	-1.78488	-2.11926	-0.594092
HEXA	0.84933	-0.718911	1.06004		
HEXB	1.66507	1.77067	2.2185	0.473897	0.420919
HEXDC	-1.83839	0.254332	-2.29781		
HEXIM1	0.917635	2.27437	0.835582	0.332912	0.877783
HEXIM2	2.80902	0.498431	1.33928		
HEY1	1.18862	-1.10211	0.0595474	-0.753702	-1.64449
HEY2	-3.94492	-3.89029	-4.67662	-1.76811	-2.19957
HEYL	-3.29158	-3.67866	-2.62997	-2.8198	-3.2077
HGD	0.812137	0.26725	-0.334802		
HGF	4.66013	1.1691	4.51915	2.76567	1.4571
HGH1	-1.17825	-2.29574	-1.12279	-0.826605	-1.40624
HGS	1.9832	1.91198	3.08203		
HGSNAT	1.98356	1.13755	3.09417	1.70393	1.24438
HHAT	-0.0930849	0.0819737	-0.128461	-0.835832	-0.437434
HHATL				-0.433586	0.0387308
HHEX	-4.13053	-5.23449	-4.80699	-3.14133	-3.60881
HHIP	0.0681322	0.4081	-0.413996		
HHIP-AS1	-1.581	0.273622	-0.898219	-2.58255	-1.75799
HHIPL1	1.75242	-0.831632	2.26697	3.11661	0.802333
HHIPL2	1.06107	0.922912	0.101089		
HHLA3	-1.20887	-2.37549	-2.27873	-0.22692	-0.852837
HIBADH	-1.34939	-0.780722	-2.44726		
HIC2	1.72029	1.93124	2.09786	2.24347	2.14883
HID1	3.01028	2.06251	2.44445		
HIF1AN	0.317895	1.32367	0.301444		
HIF3A	-1.12313	-2.04748	-0.968374		
HIGD1A	-0.215481	-1.40452	-1.14418		
HIGD1B	-0.0579432	0.550165	0.318751	0.477453	0.845808
HILS1	-0.754363	-2.28085	-2.96488	-1.79174	-2.48894
HINFP	3.65231	4.7079	2.43538		
HINT1	1.36153	-1.03792	-0.576793		
HINT2	0.345788	-1.00123	-0.104711		
HINT3	0.724874	0.0195608	1.38818	-0.761578	-1.2096
HIP1R	-3.28777	-2.47354	-1.56145		
HIPK1	-0.02373	0.918409	1.41129		
HIRA	-1.80054	-1.39975	-1.79782		
HIST1H1A	-1.52315	0.437812	-4.46144	-0.217381	0.414485
HIST1H1C	-4.60001	-2.98412	-6.20876		
HIST1H1D	0.142325	2.13971	-0.310985	2.58005	3.50934
HIST1H1E	-2.6404	-0.434307	-4.7807	-0.164722	0.631037
HIST1H2AA	-0.713771	-1.2932	-1.11447		
HIST1H2AD	-3.11316	-3.85051	-3.18985		
HIST1H2AE	-1.01217	-0.241215	-1.4811		
HIST1H2AG	-2.77972	-3.52197	-2.58449		
HIST1H2AH	-1.43874	-1.27869	-1.4993		
HIST1H2AK	-2.48969	-2.67453	-2.2675		
HIST1H2AM	-2.3547	-2.80497	-3.20519		
HIST1H2APS1	-2.55139	-2.72491	-2.594		
HIST1H2BB	-1.76333	-2.09951	-2.3266		
HIST1H2BC	-1.79962	-2.52575	-3.02373		
HIST1H2BD	-2.46096	-3.19725	-3.65784		
HIST1H2BE	-1.89235	-2.38497	-2.30737		
HIST1H2BF	-1.23974	-1.72922	-1.51402		
HIST1H2BH	-3.21327	-4.04674	-4.27919		
HIST1H2BI	-2.16381	-2.94313	-2.49146		
HIST1H2BJ	-3.08485	-3.50093	-3.50877		
HIST1H2BK	-1.85122	-2.88752	-2.96142	-5.31211	-4.09491
HIST1H2BL	-1.06349	-1.63917	-1.11659		
HIST1H2BM	-3.21522	-4.0665	-3.63664		
HIST1H2BN	-2.64531	-3.29672	-3.91616		
HIST1H2BO	-1.67855	-2.51916	-2.28506		
HIST1H3A	-1.06159	1.46818	-0.542893	1.11272	2.25821
HIST1H3B	-0.608824	1.13335	-0.53333		
HIST1H3C	-2.51692	-2.97566	-2.55848		
HIST1H3D	2.64411	4.10706	2.40157		
HIST1H3J	-0.612394	-0.728264	-0.540853		
HIST1H4A	0.656112	2.34255	0.182655	1.75884	2.7168
HIST1H4B	-0.592897	0.553217	-0.326881		
HIST1H4C	-0.518538	-0.337717	-0.748707		
HIST1H4E	1.16958	2.58827	1.5512	2.12538	2.98991
HIST1H4H	0.200112	1.29654	-0.425438	1.96435	2.62088
HIST1H4I	-0.233066	1.01811	-0.85205		
HIST1H4L	-0.755819	-0.0128438	-0.635016		
HIST2H2AC	-1.93871	-2.5554	-2.45914		
HIST2H2BE	-1.28823	-2.07322	-1.29889		
HIST3H2A	-2.26554	-2.6218	-3.26934		
HIST3H2BB	-2.99115	-3.61926	-3.27886		
HIST4H4	-1.97755	-0.0866939	-2.81727	-2.80425	-1.53568
HIVEP1	5.19559	5.59118	8.00205		
HIVEP2	-1.33636	1.35538	-0.694662	1.2455	2.07468
HIVEP3	-3.168	-2.77677	-3.75369		
HK2	-5.95634	-5.62492	-5.59083	-4.36136	-4.85277
HKDC1	0.112754	-1.28413	0.0327343	2.42528	1.19483
HKR1	-1.53218	0.403033	-0.227507		
HLA-A	-6.78259	-6.39701	-6.17773	-2.42429	-2.73207
HLA-B	-7.42899	-4.67185	-6.25068	-3.05776	-3.01679
HLA-C	-7.51639	-4.90812	-5.60144	-2.5061	-2.54473
HLA-DMA	-5.01864	-5.47952	-5.19045	-4.42259	-4.91027
HLA-DMB	-2.869	-2.99203	-3.42808	-3.62242	-3.79294
HLA-DOA	-1.98679	-2.77633	-1.93466	-4.81357	-4.9106
HLA-DOB	-3.45296	-1.10361	-3.41189		
HLA-DPA1	-4.47545	-4.95723	-5.61792	-4.09714	-4.46228
HLA-DPB1	-6.50286	-5.63459	-7.38143	-3.66557	-3.79377
HLA-DPB2	-0.342376	-1.28552	-1.03503	-2.89578	-2.91887
HLA-DQB1	-0.275256	-1.50927	-1.13596	-1.96241	-2.445
HLA-DRA	-2.52535	-3.08102	-3.20296	-2.83964	-3.22065
HLA-DRB1	-4.04192	-4.5107	-4.70312	-4.17257	-4.77916
HLA-DRB3	-5.23612	-5.61413	-6.4812	-4.63433	-5.11411
HLA-DRB4	-2.04726	-2.9257	-2.67768	-2.3575	-2.72744
HLA-DRB5	-3.84831	-4.55253	-4.54469	-4.42096	-5.07669
HLA-E	-9.02385	-4.17287	-5.82687	-3.25255	-3.08196
HLA-F	-6.2345	-6.17471	-5.79673		
HLA-F-AS1	-4.42316	-4.44527	-4.20481		
HLA-G	-7.72873	-5.44999	-5.78902	-2.12508	-2.24681
HLA-H	-6.72504	-6.34539	-5.47199	-2.47395	-2.79218
HLA-J	-9.46086	-5.50779	-7.5951		
HLA-L	-2.97472	-3.67171	-2.02935		
HLCS	-0.62585	-1.46418	0.185905	-2.33421	-2.82337
HLF	3.95456	4.78881	3.99368	3.07617	3.62693
HLTF	0.355825	1.78927	1.82929	0.663583	1.4607
HM13	-2.68654	0.0812767	-2.72335		
HMBOX1	-1.35691	-2.36395	-1.74186		
HMBS	-0.302995	1.03359	-0.820195	-1.4037	-0.518785
HMCES	-0.458413	1.21032	-0.657074	0.133662	0.945799
HMG20B	-3.3264	-4.33906	-3.3691		
HMGB1	-0.418085	-1.71658	-2.1516	0.896919	0.178657
HMGB2	-0.443418	1.11503	-0.550106	0.746279	1.77913
HMGB3	1.59413	-0.352842	0.373601	2.52045	1.18565
HMGCL	0.420317	-1.62805	-0.18635	-1.72251	-2.30411
HMGCR	4.1576	1.22077	3.97834	4.93794	1.57881
HMGCS1	4.12285	0.242503	3.12893	2.51748	0.300571
HMGCS2	-2.77668	-2.30307	-1.94669		
HMGN1	-1.61193	-1.59497	-2.93035		
HMGN2	-1.18657	-2.08913	-2.53552	1.31922	0.714828
HMGN2P46	-1.35114	-2.13328	-2.38926	1.07444	0.60322
HMGN3	-3.59301	-3.00168	-4.98955		
HMGN5	-2.26769	-2.24907	-1.69487		
HMGXB3	-3.0055	-0.180997	-1.62864		
HMGXB4	-0.369283	0.785326	-0.688853		
HMOX1	-2.55407	-3.56845	-4.06916	-4.61773	-5.49075
HMOX2	0.610663	0.881507	0.517413	-2.73512	-2.40877
HNMT	0.12419	-1.08919	0.00892354	0.175662	-0.051333
HNRNPA0	-1.87226	-0.451501	-0.891421		
HNRNPA1L2	-6.23308	-0.195922	-5.00867	-1.08181	0.14325
HNRNPA2B1	-4.72165	-2.81689	-4.18428		
HNRNPA3	-0.803077	1.40658	0.322513	2.13969	2.86387
HNRNPA3P1	1.3099	2.3988	1.81877	1.75713	2.45738
HNRNPAB	-2.23798	-2.47556	-2.68004		
HNRNPC	-0.00330178	-1.53678	-2.1446	0.474524	-0.411625
HNRNPD	-0.0424678	0.307124	0.296078		
HNRNPDL	2.76756	4.44856	3.48334	3.40306	4.4309
HNRNPF	-1.86021	0.0949183	-1.78867	0.336013	1.06332
HNRNPH1	-2.04571	0.0254669	-2.19395	0.641098	1.61284
HNRNPK	1.53492	-0.290651	0.486472		
HNRNPL	0.4999	1.75926	0.817687		
HNRNPLL	-1.45754	-1.0438	-0.367632		
HNRNPR	-0.836879	-1.81551	-1.94775		
HNRNPU	-0.558572	0.893615	0.0955463	1.16642	2.07021
HNRNPUL1	-6.2498	-4.57528	-5.09005		
HNRNPUL2	3.97592	4.61248	5.6779	3.49923	3.52908
HOMER1	1.96912	2.02553	2.12722	0.48777	0.14176
HOMER2	-0.465461	-0.130756	0.252259		
HOMER3	-4.05265	-1.17684	-4.06252	-4.04909	-2.53596
HOMEZ	-0.0525978	1.22269	0.238104		
HOOK1	1.89141	2.12263	2.33585	2.4947	2.28654
HOPX	1.63038	-0.427152	0.505701	2.03829	0.738434
HOXB13	-3.49599	-2.78197	-2.49716		
HOXD1	-0.753046	0.143582	-0.32911	-4.47482	-3.10568
HOXD9	-2.16226	-0.50211	-1.53772		
HPCA	4.11618	1.09483	6.95097	8.46697	4.00837
HPCAL1	5.43223	0.896162	4.90462	6.34779	3.0493
HPCAL4	1.6234	-0.72539	3.67748	2.62126	0.551242
HPDL	-2.21946	-2.9581	-1.41352		
HPF1	0.281872	1.15667	0.16596		
HPGD	-2.36877	-3.9157	-2.05306	-5.65656	-7.02101
HPGDS	-3.50528	-4.03074	-4.5824	-2.25632	-2.71298
HPN	-0.848016	0.226404	-1.39213	-2.63175	-1.66362
HPS1	-1.77486	0.711686	-0.87082	-1.125	0.19323
HPS4	3.85951	0.774567	2.4802		
HPS6	5.3961	4.25095	5.75462		
HPSE2	1.83085	2.71656	2.18164	2.6438	2.79206
HR	0.966529	2.16531	2.58097	1.0361	1.52655
HRAS	1.39627	-1.35271	0.728142	-0.221537	-1.1903
HRASLS	1.41474	-1.32273	0.05661	-0.760285	-1.60474
HRASLS5	4.32301	0.724657	2.88411	3.56681	2.20544
HRC	-2.49842	-0.508251	-2.25041	-1.03695	0.070334
HRCT1	0.394175	1.13414	0.138208		
HRH1	6.56428	1.52167	4.86966	4.79542	1.64556
HRH2	3.05385	3.55582	2.97545	1.78684	2.51013
HRH3	-0.114552	-0.82582	1.37449	-0.302607	-0.901247
HRK	1.50561	0.102821	3.17552	1.6122	0.47009
HS2ST1	5.08824	1.00523	5.86532	5.12717	2.3882
HS3ST1	-1.82473	1.25835	-2.3885	-0.805615	0.734056
HS3ST2	2.44457	2.08421	3.55279	0.509453	-0.0283197
HS3ST4	-2.39324	-1.6683	-1.81978	-0.856166	-1.18036
HS3ST5	0.158915	1.21217	0.811025	-1.37812	-0.453707
HS6ST1	6.25059	4.69192	4.34392		
HS6ST2	-3.50808	-1.74597	-3.27671	-5.71384	-3.71004
HS6ST3	1.90943	1.50783	1.01848		
HSBP1	-3.12632	-2.83491	-4.56693	-4.54816	-3.79912
HSBP1L1	-4.15994	-1.47678	-4.84805	-5.68908	-2.96409
HSCB	-2.35675	-2.42197	-2.83434		
HSD11B1	-1.36723	0.045921	-2.81892	-4.66819	-2.47935
HSD11B1L	2.07841	-0.797531	1.11823	3.396	0.636166
HSD11B2	-1.38686	0.348728	-0.444426		
HSD17B1	0.528728	-0.186887	0.41686		
HSD17B10	-1.50829	-2.47656	-1.70153	-0.896398	-1.36093
HSD17B11	-2.19351	-1.08065	-3.44473	-1.25247	-0.958912
HSD17B12	-2.27402	-2.57064	-2.70816	-2.4063	-2.38162
HSD17B14	-0.974931	-2.06644	-0.986194	1.97212	1.51306
HSD17B3	0.614821	0.666775	0.16843		
HSD17B4	-3.3674	-1.48153	-4.09421	-3.54318	-2.64677
HSD17B6	-0.0946982	-1.22701	-0.00144645	2.62392	1.6649
HSD17B7	0.646747	-0.611064	1.3767		
HSD17B8	-0.284978	-1.54206	-0.890358		
HSD3B7	-1.09707	-2.10751	0.0211775	-0.685036	-1.18419
HSDL1	1.82679	0.104611	2.40584		
HSDL2	-3.30246	-3.25722	-3.19927	-0.649924	-1.4007
HSF1	-0.399154	-0.330648	0.123604		
HSF2	9.25439	4.51838	7.39463		
HSF4	-0.103657	1.41254	0.599518	2.00592	3.02538
HSP90AA1	1.82924	0.627356	2.22411		
HSP90AB1	2.55164	-0.289794	1.86906	0.816627	-0.385372
HSP90B1				2.27573	0.728364
HSPA12A	0.443478	0.948105	0.613104	-1.96675	-1.85411
HSPA12B	2.00694	2.01304	2.78432	-0.60766	-0.811504
HSPA13	5.73588	1.2117	4.66973	4.53548	2.60376
HSPA14	-1.64289	-0.526666	-3.46524		
HSPA1A	-1.28815	-0.950955	0.214062		
HSPA1L	1.30387	1.83687	0.279473		
HSPA2				-2.52751	-2.12287
HSPA4	0.494539	0.138984	0.170764	-1.36945	-1.87937
HSPA4L	-3.25108	0.573762	-2.34802	-4.15502	-1.04518
HSPA5	-3.17348	-4.0938	-3.73514	-2.50637	-3.09573
HSPA6	-0.567941	-1.48536	-0.36297		
HSPA8	1.9143	0.512414	1.69993		
HSPA9	0.33512	-0.848951	-0.105977		
HSPB1	0.613476	-0.999169	1.08189	0.886504	0.357099
HSPB11	-0.11083	-1.71966	-1.73896	-1.40536	-1.79486
HSPB2	-1.37537	-0.0864331	-1.34322	-2.50387	-1.54802
HSPB3	2.95921	1.11053	4.5915	0.613338	-0.41217
HSPB6	0.334463	1.10714	-0.404672	-1.70084	-0.535029
HSPB8	0.94394	1.86641	2.97743	3.15921	3.76905
HSPB9	-0.718422	0.89924	-0.99764		
HSPBAP1	-1.62735	0.936228	-2.0792	-0.370114	0.844197
HSPC324	-1.11263	-0.0794983	-1.88463		
HSPD1	-0.778742	-2.08695	-0.96415	-0.844457	-1.32203
HSPE1	-1.00447	-1.72798	-2.25162	-3.01797	-3.09693
HSPH1	1.33641	1.98188	2.33021	0.475434	0.876617
HTATIP2	-0.625965	1.08417	-0.431758	-1.89284	-0.747643
HTATSF1	0.262873	-1.4992	-0.420868	-0.359529	-0.794323
HTR1A	0.340654	-1.57251	-0.950099	-1.36825	-1.73783
HTR1D	-0.72882	-1.09422	-4.05985	-0.487273	-0.64466
HTR1E	5.69623	4.23827	10.2655	3.32618	3.39087
HTR1F	2.45092	2.92657	2.00612	4.71445	3.63732
HTR2A	1.27529	2.16797	1.28653	1.88053	2.2216
HTR2C	0.46028	-1.19159	-0.707135	0.647835	-0.305207
HTR3A	-0.448684	-1.65779	-0.948561		
HTR3B	6.42486	3.42339	5.43022	5.77771	4.84405
HTR4	-0.020584	-0.815088	-0.285007	-0.275736	-0.533488
HTR5A	4.79747	5.38112	5.07941	5.75849	6.77355
HTR7	2.87402	-0.667458	3.71498	1.89786	-0.142244
HTR7P1	6.58601	0.156029	6.87366	3.51244	0.580623
HTRA1				-1.05049	-1.09117
HTRA3	-2.65479	-3.96304	-2.18988	-1.4355	-1.98262
HTT	0.354444	-0.918521	-0.632099		
HUNK	-1.24032	1.30549	-0.00780844	0.629505	1.43043
HVCN1	0.627219	-0.0729969	1.75766	0.994077	0.961424
HYAL1	-0.209611	0.778623	-0.471618		
HYAL2	-0.782359	-0.76474	-1.20561		
HYAL3	1.56596	1.90768	2.46215	-0.240226	-0.241336
HYDIN	-2.04239	-2.88786	-2.02576	-1.19559	-1.52749
HYDIN2	-1.41434	0.0202619	-1.24652		
HYI	0.666452	-1.12989	0.772158	1.36294	0.441095
HYKK	-4.26589	-4.66552	-4.86704	-5.75612	-6.70695
HYLS1	-0.649612	1.57471	-1.5294	0.0754658	0.996666
IARS2	-1.73104	-2.53129	-2.19613	-1.35684	-1.85655
IBTK	2.55421	3.10677	2.20549		
ICA1	1.30722	2.33886	1.1989	1.8817	2.61748
ICA1L	1.61742	2.71924	4.13899	3.12614	4.01573
ICAM1	0.580971	-0.786168	0.765902		
ICAM2	-0.778836	0.208889	-0.345748	-0.407467	0.0205656
ICAM3	-1.34665	-2.38061	-2.03207	-0.21182	-0.920139
ICAM5	2.22465	-0.565794	2.05543	1.36953	-0.129709
ICE1	1.1847	-1.21593	1.01308	0.352018	-0.449723
ICE2	0.863108	1.77893	0.343276		
ICK	0.784427	1.65123	1.73737	0.142358	0.564145
ICMT	0.963646	-0.23426	-0.504473		
ID1	-3.61658	-1.76905	-2.58846	-0.614733	-0.0465721
ID2	2.44628	1.48119	2.26743	4.23136	4.31422
ID4	-0.93632	-1.70692	-0.413905	0.798123	0.482074
IDE	-2.9819	0.858952	-2.63502	-2.75113	-0.361835
IDH1	-2.79858	-2.92452	-1.98025	-0.336767	-0.465009
IDH1-AS1	-1.04763	-1.93478	-1.10076	-0.64572	-1.28649
IDH2	-0.0588609	-1.55918	-0.272729	1.11556	0.202204
IDH3A	-0.673585	0.297535	-1.32193	-3.59197	-2.58907
IDH3B	2.81168	3.01277	3.56499	0.948125	1.09891
IDH3G	-0.3625	0.447007	-0.93545	-3.97401	-2.95545
IDI1	0.634353	-1.03411	0.873018	-1.40972	-2.3495
IDI2-AS1	-1.73272	0.261126	-4.49854	-3.70782	-1.72649
IDNK	1.2158	-0.897844	1.03722	2.76165	0.77276
IDS	1.51657	2.64934	1.70141	2.38262	2.49449
IDUA	2.89837	2.69308	2.58172		
IER2	-0.361758	1.33048	0.268496	0.202048	1.08568
IER3	-3.33412	-4.20021	-3.41431		
IER3IP1	-1.16706	-0.661356	-2.02621		
IER5	5.87953	5.85282	5.19636	5.90815	6.30593
IER5L	4.62862	5.35165	5.82097	3.21427	3.59145
IFFO1	0.37676	1.77384	0.429804	-0.337658	0.665921
IFFO2	-1.32025	0.903049	-0.709651	0.186075	0.977367
IFI16	-5.17727	-5.45924	-6.3807		
IFI27	-2.53505	-0.415293	-2.35152	-2.13319	-1.27206
IFI27L1	-1.60159	-2.40414	-3.25257	-1.56874	-1.98887
IFI27L2	-1.32019	-2.24584	-2.41278	-1.73839	-1.98018
IFI30	-4.91316	-5.12883	-5.99328	-4.53895	-5.02137
IFI44	-3.40466	-3.88274	-2.94771		
IFI44L				-2.23505	-1.41555
IFI6	1.66471	0.912555	2.23104	0.366585	-0.162801
IFIH1	-2.0386	-1.18786	-4.4144	-6.3084	-4.33002
IFIT1	3.66475	3.32276	3.85049	2.70065	2.66081
IFIT2	-0.649989	-0.542059	-0.972419	-2.69516	-2.1739
IFIT5	0.0890898	1.70557	1.29356	0.0690787	0.855323
IFITM1				-0.536006	-0.10305
IFITM10	0.863583	1.1601	2.40186	-1.65151	-1.5069
IFITM2	-6.58831	-5.20977	-5.19371		
IFITM4P	-6.9559	-4.58585	-5.04327		
IFNAR2	-2.83597	-0.603856	-1.43046		
IFNLR1	2.217	2.78108	2.68527	3.68855	3.38112
IFRD1	-0.47584	0.132794	-0.950766		
IFRD2	-0.727161	1.12746	0.147157	1.75673	2.66646
IFT122	4.60285	4.59969	3.91664	3.83817	4.40962
IFT172	1.16097	2.25311	1.3894		
IFT20	-2.07133	-2.04473	-3.27862		
IFT22	2.40244	-1.06692	1.31484	1.88648	-0.565233
IFT27	-1.42314	-2.49736	-4.06577	-4.40441	-4.50373
IFT57	2.07187	2.46995	3.80995	0.422606	0.527437
IFT74	-2.30814	-2.85363	-3.44172	-1.2374	-1.40688
IFT81	-0.895954	-0.434583	-0.499889		
IGDCC3	-0.883914	0.747698	-1.57907	1.36153	2.32419
IGDCC4	-1.75524	-2.69671	-1.46677	-0.529947	-0.909746
IGF1	5.35668	0.813278	6.94114	3.80367	1.97583
IGF1R	-1.95858	0.693897	-0.907449	0.906057	1.58938
IGF2BP3	-1.69141	0.350608	-0.614383	-0.176815	0.549527
IGFALS	0.95332	2.32922	1.73615	2.69237	3.4872
IGFBP2	0.637175	1.7653	0.428714	-0.18716	0.409311
IGFBP3	-0.0167363	0.507193	0.261669	1.13308	1.5385
IGFBP5	0.803642	-1.52256	1.1547	0.210738	-0.702677
IGFBP6	0.980911	1.40063	1.79033	-2.11602	-1.78962
IGFBPL1	-2.71158	-3.46075	-3.90851	-6.2113	-6.45946
IGFL4	-2.47439	-0.268804	-2.05259	-0.845276	0.0635882
IGFLR1	-2.42444	-1.41937	-2.01089	-2.26807	-2.11615
IGFN1	-1.68657	-2.80485	-1.17129	0.025197	-0.674484
IGIP	1.19713	2.4438	1.97644	1.33013	1.98029
IGLL1	-2.92239	0.885783	-2.30656	-1.66354	0.0222959
IGLL3P	-0.525485	1.60266	0.0381983	-0.171324	1.00234
IGLON5	-0.0571355	0.6665	-0.0127608	-1.90226	-1.25378
IGSF1	0.152554	1.77757	0.522736	2.2208	3.39874
IGSF11	1.03954	-0.603939	0.00973046		
IGSF21	3.60334	3.2678	4.72671	2.47451	2.26248
IGSF22	-0.230579	-1.58378	-1.93145	0.0180428	-0.78644
IGSF3	6.52562	4.21902	5.41866	7.68613	7.3338
IGSF6	-3.13922	-3.25289	-3.89079	-3.01281	-3.51554
IGSF9	-3.4198	-3.22234	-2.48395		
IK	-1.0131	-1.09797	-2.08976		
IKBIP	2.3522	-0.801082	0.409484	-0.416201	-1.29531
IKBKB	-4.0957	-0.884648	-3.02796	-0.862928	0.0487484
IKBKG	2.08036	2.58445	2.43742		
IKZF5	0.895775	-0.377811	0.973658		
IL10RA	2.30119	-0.88179	1.3187	-2.22734	-2.41072
IL10RB	-5.32413	-2.875	-3.815	-2.39049	-2.09941
IL12RB2	4.00861	0.205291	2.89754	4.79999	1.67637
IL13RA1	-2.89451	-3.27363	-4.11178	-4.94149	-5.38775
IL13RA2	-0.593127	-2.0344	-3.35956	-1.06154	-1.54961
IL15	-2.10666	-3.41976	-1.67011	-1.45016	-1.80243
IL15RA	-3.61673	-0.65147	-3.64195	-1.31629	-0.284409
IL17D	0.615513	-0.869373	0.590042	2.51019	1.8744
IL17RA	-5.64093	-1.87604	-5.62178	-5.14603	-3.3112
IL17RB	-0.425404	-1.25659	-0.151176	1.69774	1.41788
IL17RC	-3.65479	-0.465541	-2.29967	-2.17919	-0.988976
IL17RD	-0.489256	-1.65098	-0.470103	1.78999	0.891939
IL17RE	-5.51833	-1.31854	-3.83234	-1.13811	-0.143235
IL18	-4.28308	-4.06662	-4.81089		
IL1B	-1.59648	-2.67845	-5.35146	-2.37263	-2.65452
IL1RAP	0.197987	2.4076	0.357378	2.28783	2.9724
IL1RAPL1	3.2373	3.08428	2.45487		
IL1RAPL2	6.09953	4.06961	5.84167	8.75829	6.42978
IL27RA	4.58584	3.46291	2.95875		
IL32	-0.435919	-0.0946723	-0.552745		
IL33	-0.207841	-1.72125	-0.914019	1.81994	0.22537
IL34	-0.939384	-2.46072	-0.79044	-4.30605	-3.64883
IL3RA	-2.06479	-2.95039	-2.40238		
IL4I1	-1.75158	-3.06907	-1.05906		
IL4R	0.199918	-0.380812	2.85777	-1.21991	-1.40685
IL6R	-4.69405	-1.91216	-3.47952	0.057912	1.14727
IL6ST	-0.382932	1.23735	-0.505545	0.171137	0.863422
IL7R	-1.55774	0.424405	-1.51403	-0.801512	-0.00467916
ILDR2	-1.52557	-0.974035	-1.8199		
ILF2	3.40558	0.953557	1.86228		
ILF3	-0.13585	-1.7638	-0.472983	-0.691439	-1.27678
ILF3-AS1	-0.0882998	-1.07812	-0.136106	0.410588	-0.0179458
ILK	0.000847081	0.833981	0.119973	-0.89787	-0.151104
IMMP2L	0.968209	-1.16644	0.567037	-0.212124	-1.13431
IMMT	2.22097	1.49231	3.03547		
IMP4	1.19722	0.315556	1.52062	-0.681403	-1.1714
IMPA1	-2.13252	0.185878	-1.06516	-4.72488	-2.54338
IMPA1P1	-1.95732	0.323617	-0.224496		
IMPA2	-3.29568	-2.69195	-3.28229	0.0606884	0.448642
IMPACT	0.61399	-1.47955	1.16255	-1.14292	-1.81045
IMPAD1	1.24638	2.11817	2.14723	-0.248379	0.159167
IMPDH1	1.1328	1.96982	1.33241	1.1437	1.49977
IMPG2	0.828333	2.50916	1.43571		
INA	0.702753	1.84646	1.12904	-0.626122	0.287513
INAFM2	3.7236	5.47556	2.83667		
INCENP	1.89683	-0.0624632	1.19831		
INF2	2.75454	3.17516	2.7667	0.942793	1.2075
ING1	0.391008	1.72766	-0.786934	0.299929	0.743965
ING2	1.36183	0.0442547	0.465554	4.35596	2.87929
ING3	3.02142	4.82536	3.09982	4.4639	4.68395
ING4	-1.41375	-1.15558	-1.08373		
ING5	0.0951076	0.163418	0.597358		
INHA	1.00998	0.790762	0.356834		
INHBA	-2.19955	-0.436736	-2.06629	-3.04437	-2.21854
INHBB	-1.83413	-2.48128	-1.65352	-0.508881	-0.839805
INIP	-2.82724	0.659989	-2.21598	-2.37961	-0.35604
INO80	0.19558	1.39287	0.100636		
INO80C	0.787493	0.52087	1.45851		
INO80E	-3.44234	-1.36755	-3.78322		
INPP4A	1.72326	0.609679	1.8569	1.56271	0.292124
INPP4B	-0.299588	-0.727859	-0.717848	0.892113	1.25354
INPP5A	-0.522248	0.798717	-0.103835	-1.32438	-0.356084
INPP5B	-0.9639	0.883754	-0.329		
INPP5D	-5.42213	-4.71376	-5.82399	-2.95965	-2.72888
INPP5E	1.91602	3.09354	2.24856		
INPP5F	-1.93942	0.609412	-2.10753	-3.06813	-0.883848
INPP5J	-0.671634	0.441219	-1.04503	-2.64547	-1.89078
INPP5K	0.416885	-1.26035	1.10403	-0.101382	-0.976598
INSIG1	2.26166	1.83552	3.26489	0.483572	0.129706
INSIG2	-0.988218	0.71689	0.190869	-3.44678	-1.7991
INSL3	2.21214	2.53936	2.74267		
INSM1	1.51905	-0.103663	1.5543	3.38773	1.93967
INSM2	1.55947	2.62154	1.79351	2.42445	3.032
INSR	-0.475906	1.48552	-0.149401	-0.00816034	0.806987
INTS10	1.09438	-0.781875	-0.759783		
INTS12	-6.81042	-4.84802	-6.65071		
INTS13	-1.79398	-1.96241	-2.6832		
INTS3	4.9722	1.7924	5.08223		
INTS4	-2.04547	-3.01039	-2.13906	-2.7482	-3.2007
INTS4P1	0.368314	1.81444	1.7619	0.682649	1.53256
INTS6	0.827461	1.98778	1.46371		
INTS6-AS1	-2.07379	-0.816308	-1.89106		
INTS6L	-0.0318527	1.24858	0.358692	2.82894	3.44014
INTS8	0.191814	2.02419	0.932646	2.74591	3.02633
INTS9	1.40594	2.53417	1.63313	0.142433	1.0297
INTU	-0.87905	-1.72495	-0.778695	0.855714	0.321087
IP6K1	0.815178	1.54132	0.814508		
IP6K2	-3.58823	-0.409039	-2.60994	-0.674987	0.553668
IP6K3	0.0516103	0.838686	0.384602	-2.72539	-1.80742
IPCEF1	5.15304	5.29453	4.59983	3.92381	4.36893
IPO13	0.3286	-0.400954	-0.31884		
IPO5	3.51653	4.53169	5.47021	7.70531	8.67199
IPO5P1	0.149488	-1.33279	-0.736183	0.454759	-0.410585
IPO7	-0.711532	1.33404	0.310881		
IPO8	-0.153888	-1.69381	0.612983		
IPP	-1.07022	-2.07281	-1.63407		
IPW	-1.12458	1.15523	-0.428457	-1.52193	0.169464
IQCA1	0.397847	-0.631254	1.04894	3.89031	2.32253
IQCC	1.43574	2.36631	0.920497		
IQCD	-0.657396	-1.65421	-1.08377		
IQCE	-0.0488234	0.961631	0.256688		
IQCF3	1.28166	-0.847556	0.183088	0.420519	-0.189925
IQCF4	1.97911	0.271255	0.905917	0.432993	-0.155509
IQCG	-1.19009	-1.41751	-0.901616	-0.893893	-0.956548
IQCH-AS1	-1.40932	0.702073	-0.715333	-0.332454	0.330571
IQCJ	1.65759	0.0957694	0.755464	1.9158	1.43706
IQCK	-0.591844	-1.66942	-0.633515	0.747552	0.0907638
IQCN	0.93323	1.97958	1.94982	3.43475	4.29346
IQSEC1	0.871012	2.07038	2.24286	1.19366	1.78696
IQSEC2	1.11792	-0.660029	0.931476	1.04286	0.248926
IQSEC3	-2.56968	-0.473493	-3.39528		
IQUB	0.663449	2.55844	0.384791	2.711	3.40207
IRAK1	-0.882658	0.400915	-0.89786		
IRAK1BP1	-2.03558	-0.0201049	-3.04289		
IREB2	2.32914	3.248	3.87779		
IRF2BP1	2.79421	3.43613	3.29807	2.9279	3.61448
IRF2BP2	-0.61399	0.982057	0.432883	1.61574	2.58773
IRF2BPL	-0.974833	-1.68071	-0.456174		
IRF3	-0.774969	1.10454	-1.60007	1.52322	2.29799
IRF5	-3.66886	-4.12017	-5.73718		
IRS1	1.10755	2.19294	3.20348	-0.127206	1.02487
IRS2	2.40847	1.85216	3.93349	0.964759	0.7192
IRX5	-4.21525	-4.47798	-4.40789		
ISCA1	-1.33308	1.18385	-0.616496	-2.37437	-0.791746
ISCA2	-2.4713	-3.02211	-2.94988	-3.8809	-4.4353
ISCU	0.0222637	1.33702	0.15251	-0.654919	0.148052
ISG15	-0.373037	-1.61342	-2.31726	0.489698	-0.251377
ISG20L2	-1.25859	-0.0149477	-2.05611		
ISL1	-2.5676	-1.23343	-2.3112	-1.39663	-1.03684
ISLR	1.66721	2.15329	1.51922	-0.120629	0.201069
ISLR2	2.17314	0.692292	1.8697		
ISM1	-3.94291	-3.45604	-3.82694	-2.38373	-1.95196
ISOC1	1.37457	-0.957036	2.09213	1.6433	0.241207
ISOC2	0.953608	-0.0453422	-0.145802		
ISYNA1	1.64931	-0.687987	1.89395	1.78113	0.675003
ITCH	-1.8154	0.846053	-1.4099	-2.37442	-1.04303
ITFG1	3.98245	2.0597	2.98766	2.85438	1.22748
ITFG2	-4.49531	0.027472	-5.58781	-0.654128	0.287508
ITGA1	-2.33992	-2.22242	-1.27197	-1.53651	-1.46098
ITGA11	-1.04379	0.468422	-0.749259	-1.10646	-0.494513
ITGA2	0.779485	1.3911	1.64152	-0.868051	-0.322699
ITGA2B	4.17027	4.63818	4.07587	2.92649	3.63379
ITGA4	2.36837	2.92818	3.126		
ITGA5	-3.80513	-0.934441	-2.76737		
ITGA6	-3.17928	-3.94423	-2.31835	-0.518414	-0.739461
ITGA7	-1.42747	-1.10272	-0.573555	-1.64893	-1.58446
ITGA8	1.03675	0.765396	2.93243	0.316862	-0.0297999
ITGA9	3.90527	4.06286	2.74485		
ITGA9-AS1	-1.33847	-0.281272	-0.425452		
ITGAM	-3.39877	-3.29185	-4.26153	-3.18301	-3.51182
ITGAV	-7.339	-5.02826	-7.10826	-3.6927	-3.46046
ITGAX	-1.63001	-2.47239	-2.27895	-2.266	-2.71058
ITGB1	-5.63641	-1.35613	-5.08206	-6.19565	-3.02136
ITGB1BP1	1.0707	-0.244609	2.07628	-1.03767	-1.85988
ITGB1BP2	1.57908	2.88678	0.692671	0.973328	1.56412
ITGB2	-5.96898	-1.13006	-4.2042	-2.46446	-0.971347
ITGB3BP	-1.40701	0.125378	-1.37537	0.245759	1.46604
ITGB4	-0.176891	-0.38344	1.06199	0.796628	1.04401
ITGB5	-1.71471	-2.51682	-1.21177		
ITGB7	-1.86382	-2.72484	-3.61197	-2.70252	-3.03029
ITGB8	1.83256	-0.0273411	1.75864		
ITIH5	-0.548257	0.180703	-0.558378	0.415759	0.696277
ITM2A	-3.38982	-0.164545	-4.8027	-3.88478	-1.66211
ITM2B	0.566368	-1.1966	0.797726		
ITM2C	-0.374027	-1.16647	-0.093744		
ITPA	1.99497	2.76941	1.4127		
ITPK1	2.06335	3.50639	2.73071	5.72439	5.43664
ITPKA	6.79208	3.8189	5.05335	3.24359	2.7577
ITPKC	-6.17339	-0.366445	-5.95187	-3.00703	-1.05815
ITPR1	2.77149	3.45252	5.51518	2.11028	2.6184
ITPR2	-3.76146	-3.31782	-2.86821	-3.26173	-2.97771
ITPR3				-1.16539	-1.0084
ITPRIPL1	-1.7809	-0.357749	-1.61839	-1.28443	-0.576982
ITPRIPL2	0.0444874	-1.76082	0.427401	0.657469	-0.577102
ITSN2	1.42067	2.52301	2.71054	1.30617	1.98431
IVD	0.677564	-0.901154	-0.0598305		
IVNS1ABP	-0.899722	0.772288	-0.712996	-1.85982	-0.823375
IZUMO1R	-0.408127	1.15389	0.559561		
IZUMO4	-1.87945	-2.45686	-2.38213		
JADE1	1.7975	3.11598	5.04632	5.55304	6.84807
JADE2	2.3488	1.11512	2.11822	0.0550702	-0.65399
JADE3	-1.99243	-1.68396	-1.45181		
JAG2	3.97521	2.65406	3.48778		
JAK1	-2.38347	-0.374148	-1.88713	-2.31725	-1.26879
JAK2	-1.68909	0.406809	-2.94331	-0.731529	0.148153
JAK3	7.5697	4.80389	6.56254		
JAKMIP1	-0.521976	-1.81212	-0.42858	-0.204832	-0.977688
JAKMIP2	0.992234	1.99105	1.16672		
JAKMIP3	1.85877	2.34865	2.41694	1.10388	1.6268
JAM2	0.889761	2.38267	0.533654	4.67293	4.49679
JAML	1.06405	-0.343782	0.816736	0.81204	0.199163
JARID2	-1.48386	1.26853	-0.351166	1.2379	2.06818
JARID2-AS1	-0.823023	-2.12265	-0.572263		
JAZF1	5.27252	2.27903	4.43122		
JCAD	0.931832	1.86067	1.25144	2.57581	3.11207
JDP2	-1.88732	1.12356	-1.85574	-1.92887	0.0871692
JHY	-0.884397	0.208432	-0.156418		
JMJD1C	0.499148	1.91696	1.79632	2.33911	3.16462
JMJD1C-AS1	4.61242	1.57368	3.76716	3.24976	1.61021
JMJD4	0.717249	-0.91021	0.347851	-1.13434	-1.86655
JMJD6	-0.599433	1.41514	0.464336		
JMJD7	0.972608	-0.761285	-0.17883		
JMY	0.0796495	1.80171	1.79265	1.32109	2.15519
JOSD1	2.55741	3.1863	3.1356		
JOSD2	0.72898	0.90135	0.249408		
JPH1	-0.0446525	-0.38864	1.4155		
JPH3	0.764354	-1.20387	2.06001	3.0199	0.438694
JPH4	1.53046	-0.392292	1.38868	4.08574	1.83672
JPT1	1.17791	-1.22693	0.268834	-1.02902	-1.50038
JPT2	-1.16124	-0.336646	-1.17299	-5.32428	-3.6546
JPX	-3.20237	-3.78318	-3.51962		
JRK	-1.89213	0.0262044	-1.23181		
JUN	0.739423	-1.37159	0.863646	-1.7864	-2.23489
JUND	-0.754986	-0.51761	-0.58083		
JUP	0.413554	-1.15996	0.326206	-0.108085	-0.53087
KALRN	2.7478	2.9866	3.13566	5.51648	4.46513
KANK1	-2.68989	-3.30629	-2.75185		
KANK3	0.473524	1.62174	1.30875	1.03742	1.42459
KANK4	-1.528	-0.326889	-1.30022	-6.17235	-4.29621
KANSL1	0.345675	1.84278	1.34784	1.87108	2.46426
KANSL1-AS1	-1.17775	-1.8156	-1.62979	0.213353	-0.121029
KANSL1L	-1.20598	-1.02422	-0.209958	-0.98008	-0.860177
KANSL2	-2.20339	0.338749	-1.58458		
KANSL3	2.95761	3.14867	1.93719		
KAT14	2.67912	-0.116367	0.725594		
KAT2A	2.56128	3.20734	2.92293	3.78297	4.52402
KAT6A	-0.149325	1.29609	0.613099	2.38705	3.28057
KAT6B	-1.1427	0.455633	-1.19738	3.36922	4.22075
KAT7	2.58214	1.92532	2.07574		
KAT8	-0.09397	1.53687	-0.0164461	0.349865	1.03114
KATNAL1	3.39682	3.81648	5.47569	1.62629	1.96878
KATNAL2	1.08337	1.92416	1.96086	-0.917154	-0.275058
KATNBL1	2.05039	2.62763	1.18686		
KAZALD1	-1.42638	-0.462479	-4.39489	-3.08669	-3.0544
KAZN	1.22365	1.39412	1.76634	0.192016	0.387897
KBTBD11	5.79639	5.05363	6.57127	5.01789	5.85435
KBTBD12	-2.53654	-0.122185	-2.27072	-1.46736	-0.324424
KBTBD2	-0.598265	1.32194	-0.126347	-0.638242	0.616983
KBTBD3	1.49735	2.40425	3.61708	-0.739093	0.508641
KBTBD4	2.86759	4.01735	1.58966		
KBTBD6	-0.237619	-1.54547	-0.975694	-0.27324	-0.775714
KBTBD8	1.17924	2.40171	1.45834		
KCMF1	0.884129	1.7705	2.56824	-0.198761	0.289736
KCNA1	-0.584309	0.871422	-1.32732	-2.52233	-0.813315
KCNA2	1.14868	2.23985	2.30958	0.235024	0.866294
KCNA3	-0.71449	0.902068	-1.35497	-2.79059	-0.951894
KCNA4	1.90613	0.286388	1.70866	1.62488	0.738875
KCNA5	3.87314	0.608286	5.57031	3.82271	2.15808
KCNAB1				0.530501	0.162729
KCNAB2	-1.20969	-0.737014	-1.41425		
KCNAB3	-1.04232	1.24801	-1.63883	-0.913062	0.559712
KCNB1	4.23013	3.6139	5.60804	3.64112	3.49441
KCNB2	4.01471	1.83879	4.96021	4.95388	4.20307
KCNC1	-0.12539	1.41866	-1.06329	-1.75439	-0.200838
KCNC2	2.88853	3.63661	2.91226	2.47611	2.93901
KCNC3	-0.109603	1.40022	-0.719063	-1.99898	-0.369153
KCNC4	-1.58067	0.710532	-2.31262	-2.77158	-1.2534
KCND2	7.82216	4.30962	8.91071		
KCND3	1.08307	2.6729	0.763482	1.54445	2.25662
KCNE2	5.62377	2.14286	4.59838		
KCNE4	-4.96153	-5.97344	-5.17772	-4.11048	-4.9395
KCNE5	-7.5955	-4.83821	-8.90929	-6.41598	-5.5132
KCNG1	0.478515	-1.16839	1.64157	2.08711	0.134529
KCNG3	6.36513	0.949774	5.26063	3.96828	1.64175
KCNH1	3.78271	3.72608	3.73612	0.836576	1.36857
KCNH2	2.90185	0.152985	0.732684		
KCNH3	-1.59661	-0.607516	-2.72938		
KCNH4	0.984836	2.35325	1.09235	3.10654	3.99235
KCNH5	2.97218	2.86158	2.03546	0.311487	0.242525
KCNH6	0.657452	1.75392	2.36865	-1.31918	-0.258278
KCNH7	2.62674	0.112735	1.64826	-1.28564	-2.29167
KCNH8	-2.74095	-0.431766	-1.64266		
KCNIP1	-1.44441	-2.49603	-1.44235	0.218348	-0.652382
KCNIP2	-3.48319	-1.56819	-5.75953	-1.60183	-1.1887
KCNIP3	1.87439	3.12325	1.0879	2.62857	3.58249
KCNIP4	6.04241	5.06148	4.13877	2.29185	2.68181
KCNJ11	1.60598	2.34901	2.54783	-0.0733382	0.558031
KCNJ12	8.52994	3.34659	8.80969	4.85781	3.67665
KCNJ14	-0.306564	1.11756	-0.298236	-0.979828	-0.27051
KCNJ16	-1.64385	-2.21327	-1.06425	-0.611117	-1.01226
KCNJ2	-0.276672	1.16297	0.0203834	-0.791574	-0.130249
KCNJ3	0.115559	1.59851	0.459811	-0.770175	0.506269
KCNJ4	5.74156	4.28029	6.06098		
KCNJ5	0.71597	0.0505267	0.574018	2.69292	2.0146
KCNJ6	0.628735	1.3069	0.441442		
KCNJ8	2.27252	2.37895	4.53226	0.578383	0.326148
KCNJ9	-2.49429	0.0755013	-2.39918		
KCNK1	3.04149	1.75447	2.79337	-0.931231	-1.785
KCNK10	-1.38271	0.249884	-1.08574		
KCNK12	-4.60407	0.291167	-4.13166	-2.57222	-0.796599
KCNK15	-1.48332	-0.202391	-1.3397		
KCNK2	0.142958	-1.5384	0.216778	0.673458	-0.480663
KCNK3	4.26919	1.73048	3.34659	3.63107	2.08531
KCNK7	-1.4159	-0.945414	-1.04369		
KCNMA1	-2.41118	-2.8561	-3.73604	-2.41048	-2.64077
KCNMB1	-1.75977	-2.7777	-1.05623	-0.306924	-0.730647
KCNMB2	2.01861	-0.246682	3.37592	-0.716623	-1.49269
KCNMB3	-0.145868	1.24921	0.0741025		
KCNMB4	3.41658	-0.158859	3.0956	2.86511	0.0517563
KCNN2	2.75344	1.50917	5.24362	2.61115	2.05572
KCNN3	-0.317355	-1.67186	-1.12287	1.58031	0.0904254
KCNN4	-1.12194	0.105016	-0.43179	-4.32631	-2.92735
KCNQ1	-1.99051	-2.45161	-2.44442	-3.06204	-3.05287
KCNQ1DN	-1.14061	-1.85719	-2.54912	-5.46431	-5.35083
KCNQ2	0.832954	-0.235294	1.13402	-3.10575	-3.85652
KCNQ5	2.44844	3.21445	7.22099	1.34676	1.70294
KCNS1	1.46181	2.38858	4.58194	0.203663	0.807275
KCNS2	4.96962	4.62856	4.78324	3.0522	3.48132
KCNS3	0.998375	1.80002	1.78475	-0.85943	-0.298386
KCNT1	-1.15833	1.28736	-1.43475	0.666349	1.46028
KCNT2	6.91821	3.99976	6.18801	5.19174	3.72059
KCNV1	6.86572	3.85509	5.62411	2.07416	1.60546
KCNV2	-0.245225	1.44733	0.754306		
KCTD1	3.41416	3.72457	2.58002	1.70877	2.17827
KCTD10	-1.14101	-2.60851	-0.685787	-2.00623	-2.48684
KCTD12	-1.14027	-2.31794	-1.63313	-2.47301	-2.4285
KCTD15	1.5274	-0.35564	1.67834	5.10021	3.0589
KCTD16	2.01534	2.63372	2.40279		
KCTD17	0.0356044	-1.36169	-0.864378		
KCTD2	3.48929	1.89254	2.57444		
KCTD20	-0.207499	0.507388	0.336599		
KCTD21	1.15719	-0.451544	1.85299	-0.222104	-0.859613
KCTD3	-5.83073	-2.48652	-4.37688	-1.74081	-0.992362
KCTD4	0.322699	-1.41201	-0.612406	-0.571818	-1.21081
KCTD6	2.78146	0.381864	2.01984	0.577125	-0.21994
KCTD8	1.74336	2.37114	0.421467	-0.860772	-0.191228
KCTD9	0.660094	1.76897	2.91783	-0.153297	0.500707
KDELC1	2.60729	3.33598	4.16726	2.2991	2.89595
KDELR3	3.46266	1.91464	4.01678		
KDF1	-0.155535	1.70149	-0.501143	2.15896	3.16822
KDM1A	-2.02769	-0.827186	-2.88277		
KDM1B	-0.327537	-2.02818	-0.80785	0.644635	-0.13367
KDM2B	-0.977046	1.21159	-0.622401	0.481943	1.53157
KDM3A	2.59106	2.42229	1.74913		
KDM3B	-1.80762	0.324134	-1.02293		
KDM4A	-2.0316	0.798945	-1.00662		
KDM4B	-0.19979	0.572663	0.300241		
KDM4C	-2.21281	0.858405	-1.3685	-0.147356	0.931827
KDM4D				0.0386202	0.211353
KDM5A	0.185273	1.53665	0.740755		
KDM5B	-1.86133	-0.589334	-2.61505	-0.61387	-0.336171
KDM5C	-0.882456	0.873018	-0.942928		
KDM5D	0.690036	1.95152	1.62139		
KDM6B	-1.13164	1.16732	-0.62821		
KDM7A	-1.12386	1.18146	-0.70348	-0.930298	0.396266
KDR	-0.862309	-0.517123	-2.20849	-1.77467	-1.18531
KEAP1	-1.75189	-0.261685	-1.05347		
KHDC1	2.40441	1.69269	2.40355		
KHDC1L	1.19409	0.915644	1.22925		
KHDC4	-2.36611	0.231797	-1.75544	-0.511358	0.433857
KHDRBS1	-0.685367	-1.267	-2.37875		
KHDRBS2	2.71439	1.95708	3.57064	3.61394	3.04414
KHDRBS3	3.0739	3.54333	3.41219		
KHK	4.67687	4.19268	4.28175		
KHNYN	0.698295	1.84546	1.46472	4.33002	4.89546
KHSRP	-1.10221	-1.1362	-1.8453		
KIAA0087	-1.87829	-1.21304	-1.26543		
KIAA0100	0.967894	-0.505598	0.399084		
KIAA0232	1.91011	2.41819	2.47962		
KIAA0319	-0.409875	-0.821806	0.331311	2.05254	1.65256
KIAA0355	-0.829129	0.512403	0.45171	-1.04578	-0.242723
KIAA0368	1.19903	2.23015	1.46607	0.889802	1.45279
KIAA0391	-0.204991	1.4444	0.837162		
KIAA0513	-0.848738	-0.115981	-0.735518	-0.505866	-0.479152
KIAA0586	-1.36368	0.65061	-0.433866		
KIAA0753	-0.699039	-0.274886	-1.26544		
KIAA0825	0.30253	0.987209	0.672104	2.64226	3.17666
KIAA0895	-3.7855	-1.57412	-2.57547	-0.200559	0.243809
KIAA0895L	-0.45508	0.455485	0.45387	2.14797	2.99098
KIAA0930	-2.27352	-2.98627	-2.15862		
KIAA1024	4.02169	0.253839	4.20611	4.38334	1.91825
KIAA1107	1.68893	2.93042	1.44795	1.69499	2.49557
KIAA1109	-3.98253	-0.867378	-3.92768		
KIAA1147	-1.67594	-2.54112	-1.65003	-0.184957	-0.768387
KIAA1191	-0.653204	-1.74025	-0.810383	-0.0501869	-0.762144
KIAA1211	-5.2328	-5.27273	-4.12637	-3.39501	-3.81387
KIAA1211L	1.95307	1.83631	0.180799	1.35712	1.35132
KIAA1217	-0.130721	1.24716	0.711832	1.00869	1.74268
KIAA1257	-2.37126	-1.93036	-3.65923	-0.627647	-0.465399
KIAA1324	-1.20325	-0.63387	-2.20585	0.204249	0.4677
KIAA1324L	-0.41748	1.30174	0.0134915	0.0622716	0.685355
KIAA1328	1.83858	-0.329086	1.7136	1.79981	0.655988
KIAA1468	1.32731	1.67971	1.34665		
KIAA1522	0.25709	-0.0844688	-0.852054	3.31277	3.2554
KIAA1549	9.40786	4.93846	9.19696	8.32699	5.9388
KIAA1549L	9.57454	5.43894	8.26472	6.45461	6.57062
KIAA1551	0.737243	2.28392	1.23007	2.3264	2.95062
KIAA1586	-0.68382	1.12849	0.226447	0.355171	0.981804
KIAA1614	1.34099	2.76084	1.99507	2.16067	2.73932
KIAA1656	0.76629	1.26374	0.0348946	-1.45738	-1.26632
KIAA1671	-0.0602959	1.19064	0.0411879		
KIAA1841	-1.98153	0.479443	-1.45915	-4.32978	-1.45303
KIDINS220	0.419935	-1.54351	0.277026	0.0287415	-0.698765
KIF11	-0.0165547	1.10348	-0.738163		
KIF12	-0.322992	-2.02286	-1.16566	-1.49012	-1.85253
KIF13B				-3.34987	-2.60609
KIF15	-1.71446	-0.450843	-2.68648	0.107154	0.717665
KIF16B	-0.968692	0.842929	-1.65577	-1.20714	-0.274231
KIF17	6.56382	3.92418	8.88011	4.25995	3.95642
KIF1B	1.7952	-0.724925	1.04614	1.65056	0.500852
KIF1BP	1.87706	0.144389	0.48926		
KIF1C	-2.48036	-3.08706	-3.07141		
KIF21A	0.359014	1.25008	0.759558	-0.63775	-0.159957
KIF21B	1.32522	-1.01927	0.92295	1.76701	-0.137355
KIF22	1.37512	0.199452	1.33212	1.73068	1.09871
KIF23	-0.343943	0.368952	-0.462594		
KIF26A	2.24403	1.5068	2.70204	3.4177	3.45459
KIF26B	1.10376	-0.348668	1.20593	1.34601	0.651489
KIF27	-0.8565	1.20015	0.07295	-0.707876	0.612951
KIF2A	2.13118	-0.578782	1.64163	0.691856	-0.425803
KIF2C	1.1085	2.12731	1.21132	2.77164	3.36799
KIF3A	1.18461	-0.0280542	0.586163		
KIF3B	-0.346892	-0.692541	-0.742205		
KIF3C	3.08253	0.816461	1.82451	0.748513	-0.124615
KIF4B	-2.09653	0.0358404	-3.00398		
KIF5A	-1.98393	0.429101	-2.17052	0.647833	1.60189
KIF5B	-6.97493	-3.42584	-6.46336	-3.03611	-2.04155
KIF5C	-1.57616	-0.838818	-2.48208		
KIF6	-3.36641	-4.03432	-3.26451		
KIF7	-1.40955	-0.189413	-1.62787		
KIF9	0.514422	1.35883	-0.0849702	-1.12912	-0.613513
KIF9-AS1	-1.23721	0.528835	-1.04631	0.629369	1.92178
KIFAP3	1.76948	1.56949	2.35731	0.221292	-0.163847
KIFC2	1.18154	2.65547	1.6817	2.27998	3.00999
KIN	-1.74953	0.425607	-2.09665	-0.286091	0.487204
KIRREL2	2.01925	-1.52653	0.494262	-1.32038	-2.32006
KIRREL3	2.98996	0.601659	1.94397	3.51446	2.23319
KIT	-0.256221	0.0811599	-0.299776		
KITLG	1.65539	2.47848	2.11529	0.216741	0.824022
KIZ	-2.77807	-0.827872	-2.16341	-7.22592	-4.87279
KLC1	2.30805	0.475645	1.26979		
KLC2	0.845927	1.78318	1.33853	-0.628114	0.0400563
KLC4	-3.11766	-0.597441	-2.84383	-0.548195	0.143271
KLF10	2.38174	-0.0702205	1.40184	1.46497	0.0314518
KLF11	1.07523	1.92322	1.30009		
KLF12	2.10975	3.87148	1.99954	4.07254	4.03151
KLF13	-0.971472	0.482106	-3.06018	0.284909	0.722862
KLF15	-1.35695	-1.89983	-1.1026		
KLF2	0.67541	1.65594	1.42505	-0.474891	0.198467
KLF3	-1.14945	-1.637	-0.255658	0.249802	0.334022
KLF3-AS1	0.351802	1.82334	1.21202		
KLF4	0.816815	1.28348	1.56644	-0.246341	-0.190734
KLF5	-0.513049	-0.316626	0.272912	1.28146	2.05582
KLF6	4.74967	1.86141	4.25236	2.5174	0.806886
KLF7	-0.838513	-1.57299	-0.549137		
KLF8	3.06312	-0.227657	3.06778	1.30606	-0.355577
KLF9	1.3595	2.37266	1.25949	0.866462	1.56009
KLHDC1	0.123473	1.54632	1.41158		
KLHDC10	-0.299947	-0.141137	1.15619		
KLHDC2	1.94685	2.49529	1.54018	2.21094	2.8721
KLHDC3	4.39621	3.90035	4.7775		
KLHDC8A	1.07583	-0.888057	0.552507	0.325646	-0.955474
KLHDC8B	3.55117	-0.289639	4.61592	5.08674	0.855723
KLHDC9	6.91137	5.31518	6.65223		
KLHL1	-2.33185	-3.91775	-2.45565	-3.51346	-3.80141
KLHL11	0.336962	1.73374	1.03452	-0.11783	0.960039
KLHL12	6.0118	0.610006	5.08995	4.00318	1.41212
KLHL13	-2.67001	-3.63895	-1.04896	-4.37519	-5.07035
KLHL15	0.897784	2.70069	0.72813	2.34035	2.75364
KLHL17	3.13286	3.83377	3.36673	1.95809	2.49597
KLHL18	5.89711	5.49102	4.8632		
KLHL2	2.9171	0.52492	1.85898	1.87869	0.810167
KLHL20	-0.837392	1.23447	-1.0627	-1.57179	-0.233633
KLHL21	1.04749	2.58267	2.53225	0.156926	1.10768
KLHL24	-1.40699	1.23641	-0.310911	1.61436	2.1402
KLHL25	8.67278	3.2399	7.37661	9.43622	6.11668
KLHL26	5.69519	2.53997	3.87455		
KLHL28	0.962237	1.96362	1.61538		
KLHL29	1.06526	0.777533	2.17867	-0.982651	-1.36561
KLHL3	-0.555066	1.05673	0.433488	0.0731865	0.680889
KLHL33	-3.5595	-1.44067	-2.33302		
KLHL34	-0.766748	0.176409	-0.973749		
KLHL35	4.8371	1.10282	3.82228	0.452803	-0.531777
KLHL36	-3.09163	-1.72461	-3.89482	-0.816143	-0.34285
KLHL4	1.84152	1.99621	1.14094	-0.413597	-0.104635
KLHL41	-0.804088	-0.427557	-1.64819	0.22824	0.349594
KLHL42	-1.09413	0.255849	-0.358328		
KLHL5	-3.41259	-3.99651	-3.65511	-1.28998	-1.67698
KLHL8	0.676907	1.474	-0.262831	0.597336	1.06054
KLHL9	1.98419	2.70169	3.41873	1.95682	2.42716
KLK10	3.94204	-0.605256	2.71213	0.721518	-1.04956
KLK5	3.60334	-0.368474	2.37619	2.06747	0.0698495
KLK6	-1.27577	-0.296554	-0.875006	-5.42046	-3.72159
KLK7	0.0392592	-2.02154	-1.03346	-2.41933	-3.56142
KLRA1P	-0.152496	1.31529	1.43707		
KLRC1	-1.5958	-2.44199	-1.65645		
KLRC2	-1.33049	-2.26846	-1.46427	-1.13092	-1.79061
KLRC3	-0.974387	-1.98955	-1.14855	0.19117	-0.416071
KLRG1	0.516382	-1.15391	0.264614	-0.728374	-1.37383
KMO	6.6566	2.69895	3.5798	5.34769	5.33294
KMT2A	-1.19855	0.123812	-0.560119		
KMT2D	-0.852695	-1.04348	-1.08325		
KMT2E	0.0208609	1.58157	0.844592	0.311198	1.31925
KMT5A	0.131024	0.0199889	0.443225		
KMT5B	2.4953	3.36336	3.47803	4.71118	5.12861
KNDC1	-1.06444	0.953089	-2.06596	-0.1892	0.498186
KNG1	-0.926129	0.716639	-1.44848	-1.14788	-0.11283
KNOP1				-1.39267	-1.03112
KNTC1	3.90486	3.10068	3.26906	1.70253	1.2837
KPNA2	3.41223	0.0875574	2.67725		
KPNA4	3.20464	-0.135527	1.68179	1.92681	0.367139
KPNA5	0.191088	1.87939	1.17117	0.322725	1.24315
KPNB1				2.80663	2.06579
KPTN	0.24806	-0.926542	-0.0589448		
KRAS	5.96634	2.92072	5.42625	2.72972	1.50459
KRBA1	-2.99099	-0.0442977	-2.41236	-1.37875	-0.513251
KRBOX4	2.20855	-0.168128	2.94319	1.65837	0.66117
KREMEN1	-3.72323	-0.565155	-2.82184	-1.99012	-0.327193
KREMEN2	2.46985	0.0734776	1.7391	-0.84413	-1.74606
KRI1	-2.23285	0.795824	-1.35089	-0.87949	0.0743532
KRIT1	0.128569	1.83004	1.92704	0.839833	1.9828
KRR1	0.474419	1.15113	0.746731		
KRT10	-3.60764	-3.25777	-4.04195		
KRT14	0.25187	-0.796544	-0.120172	0.446965	-0.323806
KRT17	-0.0258395	-1.28545	-0.197248	0.0941755	-0.699872
KRT18				-1.52131	-1.23086
KRT18P55	-1.84989	-1.22849	-3.35984		
KRT19	1.90742	0.709459	4.04376	3.81722	3.69794
KRT222	-0.195265	1.16862	-0.359551	-0.951465	-0.24032
KRT3	-4.37346	-1.74218	-2.44452		
KRT31	2.20688	2.59121	4.05188	3.01376	2.82616
KRT33B	0.896546	0.813416	2.48347	2.72117	1.99583
KRT5	3.33294	2.67182	4.37905	0.806701	0.676768
KRT71	-2.35187	-0.996922	-1.09743		
KRT8	-0.554656	0.977094	-0.128361		
KRT83	2.33122	0.39708	1.76627	1.69278	0.972266
KRT85	-1.30566	-2.06138	-1.2673		
KRT86	2.28494	0.133215	2.0213	1.71248	0.40393
KRTAP10-1	0.168888	1.38878	0.94028		
KRTAP10-10	-3.57617	-3.03035	-3.95697	-3.3106	-2.7664
KRTAP10-2	-2.06556	-0.285184	-1.07671		
KRTAP10-5	-0.787515	0.51096	-0.0292477		
KRTAP17-1	0.825848	-0.531153	1.06214		
KRTAP19-2	-2.31105	-2.6214	-2.07204		
KRTAP20-1	1.56822	0.66828	0.406418		
KRTAP5-2	-1.07626	0.872956	-0.773359	-3.27366	-1.54628
KRTAP5-6	1.6936	1.60555	1.06371		
KRTAP5-7	-0.8367	0.688542	-0.318114	0.773079	1.36191
KRTAP5-8	-2.85553	-2.61391	-1.64834		
KRTAP5-9	-2.15945	-0.42442	-1.33337		
KRTAP6-1	-1.66513	-0.677311	-0.297091		
KRTAP6-3	0.999623	-0.18293	0.581527		
KRTAP9-4	-3.19761	-0.304028	-1.42478		
KRTCAP3	-2.59633	0.178356	-2.50315	-1.00958	0.00138543
KSR1	-3.24537	-3.97641	-2.88555		
KSR2	1.58146	3.13344	0.948261		
KTN1	-1.50628	0.531679	-0.136969		
KXD1	-0.247364	-1.65014	-1.14519		
KY	5.69022	5.7115	5.4107		
KYAT1	2.82321	3.08893	3.59746	3.31832	3.27803
KYNU	-0.277482	-1.31511	0.233416	-3.11627	-4.05956
L1CAM	3.35237	2.14273	2.46588		
L1TD1	0.329061	1.63738	-0.733032		
L2HGDH	-2.94348	0.960374	-1.21488	-0.0674169	1.14891
L3MBTL1	-1.35947	-2.27259	-2.39324	-0.964018	-1.29943
L3MBTL2	2.84643	3.5298	2.52537	1.41037	1.81966
L3MBTL3	0.571005	1.12926	-0.706232	1.04595	1.37502
L3MBTL4	3.79031	0.61251	3.47599	6.80967	3.61421
LACC1	0.307467	1.25461	0.839311		
LACTB	-2.26295	-4.16594	-1.43081	-0.904662	-1.32539
LACTB2	-2.79693	-3.32112	-4.10984	-3.19286	-3.34336
LAG3	-1.85283	0.660124	-3.22628	-1.96148	0.00911887
LAGE3	2.29574	0.625359	2.31921	1.11916	0.0619933
LAIR1	-4.8314	-4.88222	-4.64688		
LAMA1	0.669446	-1.0347	2.01515	2.45951	1.11233
LAMA2	1.71492	1.86411	5.259	0.622482	0.678157
LAMA3	-2.75115	-1.02581	-3.87095	-0.589304	0.0499472
LAMA4	-6.96572	-2.90243	-6.07719	-4.00722	-2.19848
LAMA5	2.8123	3.40786	3.02866	2.44984	2.86592
LAMB1	6.3785	2.0241	5.49518	4.63148	2.65763
LAMB2	-2.96298	-3.41315	-1.89434	-0.3811	-0.519696
LAMB2P1	0.599915	0.570916	1.03404	3.12458	3.36685
LAMB3	7.02477	5.12821	6.6784	5.07862	5.66541
LAMC1	-1.31767	0.879979	-0.445946		
LAMC3	-0.398581	-1.51399	0.138349		
LAMP2				-2.66131	-1.92594
LAMP5	-0.307589	-1.1663	-1.82974	-0.698703	-0.830581
LAMTOR1	-0.284154	-1.19483	-0.670226		
LAMTOR2	0.663817	-1.16321	-0.511974	-1.01495	-1.87301
LAMTOR3	0.976244	1.92641	2.61117		
LAMTOR4	1.0266	-1.12668	-0.396304	-0.767177	-1.35977
LANCL1	-0.809782	0.56609	-0.0625961		
LANCL2	-0.0309869	-1.56608	-0.720321	0.617579	-0.269527
LANCL3	3.16286	4.5252	3.51183	4.11725	4.70791
LAPTM4A	-2.24701	-2.83988	-2.3568	-0.392334	-0.766279
LAPTM4B	1.10171	2.20142	1.27601	0.0686524	0.765571
LAPTM5	-3.17307	-3.63864	-3.62883	-4.31311	-4.69727
LARGE1	3.73792	-0.806269	2.57788	1.21315	-0.944244
LARP1	5.39485	0.282551	3.40715	3.67199	0.944529
LARP1B	2.81036	3.66446	2.67369	0.65585	1.22846
LARP4	-4.11054	-0.548612	-3.77139	-2.3014	-0.827231
LARP6	1.67826	2.31327	0.837929	-0.767756	-0.411038
LARP7	-6.41987	-4.75634	-7.118		
LARS2	-0.0681835	-1.36578	-0.73978	-1.63203	-2.30707
LASP1	2.55704	0.0643699	2.66525		
LAT	1.34908	2.40411	2.23095	3.5913	4.53165
LAT2	-3.81172	-3.8453	-4.32322	-4.33579	-4.77792
LATS2	-3.84635	-1.40345	-2.54928		
LAYN	-0.746388	-0.269324	-1.59268	-4.1402	-3.19397
LBH	1.42428	1.58199	3.46926	-0.0559443	-0.0544925
LBR				-1.22702	-0.778116
LCA10	-1.58036	-1.10768	-1.14305		
LCA5	-4.33804	0.517153	-3.07462	-3.03678	-0.241049
LCAT	-0.623857	-1.21287	-0.024615		
LCE1F	-1.04354	-0.351296	-0.721151		
LCE2A	-1.17247	-0.431132	-0.760913		
LCE3C	1.49379	1.6554	0.997413	0.135693	0.160285
LCLAT1	5.30055	1.12796	4.12831	2.6381	1.30427
LCMT1	2.32807	0.173575	1.12489	1.48974	0.42322
LCN12	-1.21684	-2.49312	-1.56035		
LCN15	7.3718	4.14968	5.84559	4.68873	4.32065
LCP1	-3.64479	-3.40802	-3.74044	-3.74862	-3.77924
LCP2	1.59074	1.54732	3.97952	-0.343825	-0.427097
LCTL	-3.31656	-5.8045	-4.93573	-3.8827	-4.86202
LDAH	0.572561	-1.30068	-0.930647		
LDB1	-0.144562	1.21123	-0.206733	0.658575	1.46777
LDB2	3.83231	4.47948	4.21701	2.52775	3.02664
LDB3	-0.789667	0.178913	-0.703261	-2.62426	-1.62757
LDHA	2.12911	0.412171	3.08531	0.127469	-0.70881
LDHB	-0.48206	-0.683064	-2.29317	-1.60989	-1.89907
LDHC	1.19862	-0.287332	2.28963	-0.589121	-1.1941
LDHD	3.59848	-0.499916	3.54757	1.58526	-0.0489659
LDLR	3.11788	3.0992	5.12511	1.52599	1.59996
LDLRAD4	0.39679	1.14478	0.906759	-1.64202	-1.38546
LDLRAP1	-0.235165	0.797041	-0.0048064		
LDOC1	-3.10519	-4.22768	-4.22269		
LEAP2	-3.03399	0.89398	-1.6024	-1.04071	0.236008
LEF1	-1.73659	-0.189827	-1.64502	-2.65202	-1.75531
LEFTY1	2.41235	2.96021	2.91931	2.88872	2.84478
LEMD2	-2.97938	0.138187	-1.4562		
LEMD3	1.55245	2.26434	1.36577		
LENG1	-4.7713	-1.3384	-3.40445		
LENG8	0.593775	1.51111	1.25907		
LEO1	-0.461529	1.44412	-1.24015	0.912816	1.98426
LEPR	0.860715	1.05722	0.390255		
LEPROT	-4.44504	-5.04373	-4.65765		
LEPROTL1	0.489196	1.5301	1.48535	-0.616961	0.221748
LETM1	-2.38013	-3.28908	-2.72525		
LETM2	1.05783	1.01625	0.300149		
LFNG	-1.05531	-1.62224	0.259678	1.20307	1.00617
LGALS1	2.32645	2.07242	6.33162	1.31768	1.25131
LGALS2	-0.868589	-2.4853	-2.06933	-4.08669	-6.33938
LGALS3	-1.23	-2.15322	-1.18755	2.32169	1.86791
LGALS4	-4.21338	-2.14256	-3.03447		
LGALS8	-0.0479526	-0.116448	-0.257894	-2.75509	-3.33453
LGALS9C	-5.33305	-4.62584	-5.69264	-4.60662	-4.96748
LGI1	-1.38156	0.391814	0.553585		
LGI2	-1.14024	0.858137	-0.103346	-0.498123	0.360079
LGI3	1.16325	2.046	1.89018	-1.62885	-0.523648
LGI4	5.72834	1.015	5.79815	5.21561	3.17134
LGR4	-1.02777	-1.99916	-0.866023		
LGR5	-1.13287	-0.0958477	-0.304805		
LGR6	-7.9462	-2.98521	-5.69365	-4.22392	-4.17266
LHB	-1.73926	-1.04325	-1.14557		
LHFPL3	-3.63062	-4.35868	-2.71695	-1.91979	-2.80803
LHFPL4	0.361404	1.31367	-0.0205815		
LHFPL5	0.5519	-0.333413	1.2457	-0.701024	-1.38146
LHFPL6	-0.852801	-1.57834	-0.50559	-2.19187	-2.61757
LHPP	3.17296	1.51143	2.00839	0.495063	-0.130134
LHX2	-1.13469	-2.01751	-1.3648	1.16557	0.326375
LHX4-AS1	0.125301	1.10501	0.953873	2.06481	2.56257
LHX6	2.59256	0.855617	3.39107	4.84156	3.8977
LHX8	0.0228226	-1.26491	-0.00842916		
LIAS	-0.447624	0.901204	-0.456585	-1.81281	-0.488875
LIF	-1.46305	-1.1902	-1.69194		
LIFR				-0.130591	0.0145535
LIFR-AS1	-0.875021	-0.36584	0.277783	1.86739	2.11408
LIG1	0.8309	-0.0204326	0.301009	0.432213	0.172969
LILRA4	-5.73836	-5.82843	-4.29955		
LILRB4	-3.13269	-3.31418	-3.64171	-3.79345	-4.13353
LIMA1	-3.87144	-4.54851	-3.57318		
LIMD2	0.422558	-0.671061	-0.38402	1.50566	0.755862
LIME1	-0.993855	-1.67885	-1.63458		
LIMK1	-0.610046	-0.326564	-0.756646	-2.13273	-1.90166
LIMK2	-5.04327	-4.81761	-7.95075	-4.49334	-4.93853
LIMS2	0.257071	-1.33949	0.642236	-0.567178	-1.06362
LIN28B	0.582574	1.79684	-0.279671	0.815271	1.77899
LIN37	5.22241	3.01116	3.71888		
LIN52	-1.66164	0.51556	-0.572514		
LIN54	1.39721	2.69973	2.0422		
LIN7A	0.226421	1.50771	-0.00981494	2.86115	3.43728
LIN7B	1.5958	-1.19598	0.47802	-1.02922	-1.60524
LIN7C	0.450708	1.76593	1.94485		
LIN9	1.02027	2.25094	1.65317	2.32086	2.95103
LINC-PINT	-2.33235	0.481671	-1.6407	-1.87257	-0.595979
LINC00115	-0.209743	1.55862	1.9084		
LINC00216	-1.07495	0.0238109	-1.08949		
LINC00260	0.448809	-1.57706	-0.0842622	0.207255	-0.843913
LINC00265	-1.73569	0.901563	-1.10328	1.05607	1.70407
LINC00266-1	-1.14536	-0.184995	-1.15541	-0.959222	-0.197901
LINC00294	0.926544	-0.662003	0.322743		
LINC00302	-1.50622	-2.27776	-1.06913		
LINC00319	0.199251	-1.43444	-0.183822	-0.619128	-1.30396
LINC00320	-2.40347	-3.07024	-3.63066	-5.52202	-5.9391
LINC00339	2.37494	2.95829	1.90073		
LINC00431	2.74918	3.41345	2.4656		
LINC00461	0.00952655	-1.60692	-0.799826	-0.984729	-1.79479
LINC00467	-2.13557	-3.30514	-3.4968	-5.17122	-6.10319
LINC00473	3.99716	4.4485	5.98864	10.0085	10.5867
LINC00475	-1.41264	-1.46467	-1.43748		
LINC00476	-0.510595	1.30726	-0.592723	0.879192	1.67405
LINC00484	4.35094	1.32565	4.01319	7.4633	3.22994
LINC00507	6.16668	5.31576	5.16657	4.14603	4.76934
LINC00515	1.42982	2.59866	1.93514	0.499905	1.20349
LINC00545	2.08062	1.69255	3.2764	0.0913294	-0.427552
LINC00574	0.498516	1.47476	0.682837		
LINC00578	0.153046	-0.93427	-0.521403		
LINC00595	-0.167308	-1.24824	0.00280966	1.81328	1.18114
LINC00599	1.11662	2.29724	1.66793	3.86973	3.07695
LINC00622	4.07789	4.31712	3.41488	2.71056	3.00876
LINC00632	-1.44841	-0.578298	-1.60938		
LINC00643	-1.61342	-2.16026	-3.25773	-0.595297	-0.754675
LINC00652	-1.48861	0.905796	-2.46625	-1.99309	-0.844632
LINC00654	-0.210013	1.77544	0.940756		
LINC00665	-2.05978	-2.68348	-3.59673	-2.16431	-2.41667
LINC00667	0.748313	2.2813	0.584066		
LINC00672	6.02745	5.75532	4.8537		
LINC00674	-3.26416	-3.52976	-4.73472		
LINC00680	1.1439	1.68992	2.05204	-0.904106	-0.683171
LINC00687	-0.831698	-1.58173	-1.19613		
LINC00839	0.79787	-0.53889	-0.333599	-1.25213	-2.09045
LINC00842	-3.34462	-3.14154	-3.93709	-2.07468	-2.29737
LINC00886	-3.66087	-5.16362	-3.98694	-1.68783	-2.13758
LINC00889	-2.45843	0.128146	-2.46425	-2.97603	-1.43629
LINC00893	-1.43939	-0.318383	-0.896934		
LINC00900	3.07461	-0.114326	3.20103	2.13718	0.373384
LINC00909	1.14611	0.414802	0.748607		
LINC00933	1.60544	2.22628	1.04118		
LINC00937	-0.52338	-1.83009	0.135004	-0.310742	-0.834394
LINC00938	-2.03963	-0.860706	-2.15803	-0.106042	0.39139
LINC00950	-0.47308	-0.282916	-1.16925	0.406675	0.501425
LINC00958	1.42793	0.104961	1.12818	0.431839	-0.109172
LINC00963	-2.5461	0.0751186	-3.18346	-1.31789	-0.513864
LINC00965	-0.121653	1.09386	-0.149254		
LINC00982	1.87859	-0.237285	1.57475		
LINC00999	-1.50029	0.760674	-0.705882	0.262802	1.14543
LINC01000	-1.02872	0.122313	-0.826902		
LINC01003	-0.596548	-0.49154	-0.787909		
LINC01011	0.568757	1.66807	-0.344943	2.05439	2.46574
LINC01013	-0.606624	-1.19721	-0.398347	0.193681	-0.595854
LINC01061	-1.6057	0.797576	-0.674972		
LINC01088	-4.23827	-4.7675	-3.26793		
LINC01089	-0.792124	0.762056	-0.687131	1.37893	2.15126
LINC01094	-2.84244	-3.35662	-3.86258	-1.08508	-1.64503
LINC01102	-1.20197	0.986081	-1.05312	-3.24258	-0.826938
LINC01105	-6.95859	-4.60585	-6.88709	-3.67699	-2.94775
LINC01106	2.0671	2.92099	2.39677	1.85701	2.49583
LINC01116	2.52986	1.66804	2.80715	-0.0545293	-0.700946
LINC01128	1.0921	1.93306	0.955659	1.62157	1.97859
LINC01137	-1.93001	0.136057	-2.59248	-3.70003	-1.99294
LINC01138	0.614015	0.114231	-0.178882	3.58335	3.33331
LINC01140	3.90226	0.311175	4.01058	2.12421	0.37121
LINC01158	-1.89868	0.248757	-0.779149	-1.06362	0.00554065
LINC01176	-0.459824	-1.00324	-0.500084		
LINC01184	1.51401	0.0967386	0.296608		
LINC01197	4.54897	-0.376687	3.15029	0.428357	-0.910986
LINC01260	-0.135549	0.594975	-0.959689	-2.38936	-1.81349
LINC01278	1.0262	2.67436	1.89071	0.807479	1.84837
LINC01296	2.01985	1.96312	2.94555	1.39325	1.53333
LINC01315	-2.64165	-3.50911	-2.4591	-4.81785	-5.2169
LINC01351	-1.11393	-1.2511	-1.12929	2.78507	2.57177
LINC01353	1.57542	-0.225345	0.171334		
LINC01361	4.61912	5.14758	5.07947		
LINC01405	-2.14008	-0.210861	-2.17433	0.244451	0.849158
LINC01410	-0.947547	-1.8968	-0.889112	-0.87434	-1.19391
LINC01481	-0.146994	1.05439	0.510564	1.95543	2.71124
LINC01485	3.07589	-0.440475	1.79618	1.85882	0.439674
LINC01521	-0.428246	-0.716153	-0.788971		
LINC01547	0.992474	-1.20438	-0.383062	0.138076	-0.941069
LINC01551	1.2735	-0.794429	1.07227	-1.98955	-2.5886
LINC01554	1.4548	0.735425	2.08177		
LINC01556	-0.204251	0.792815	0.628518		
LINC01578	-4.96564	-1.36113	-4.31859	-2.101	-0.679096
LINC01637	1.42427	2.48163	1.71246	3.57152	3.10167
LINC01664	2.47486	1.33273	1.74304		
LINC01736	-3.27979	-3.27968	-3.69767	-3.57839	-3.97413
LINC01750	3.3342	0.0720076	2.31237	2.94759	0.686252
LINC01963	3.89493	3.42675	6.93085		
LINC02012	-1.71335	-0.362107	-2.58169		
LINC02018	-2.47774	-1.64791	-2.46339		
LINC02055	0.765155	1.35744	1.83477	-0.272459	-0.14774
LINC02076	-0.461193	-1.83734	-0.668365	1.02169	-0.16934
LINC02145	2.54311	4.15392	2.55838		
LINC02210	-0.769384	1.21822	-0.847731		
LINC02217	2.00579	-0.110639	3.58483	1.72423	0.548255
LINC02223	2.39162	0.623382	2.55393	3.6525	2.50808
LINC02361	3.08502	0.508491	2.96961	0.0276974	-1.25705
LINC02381	-2.25596	-3.0645	-2.44249		
LINC02470	-1.05324	-1.52407	-0.885992		
LINC02482	0.254972	-1.61243	-0.209073	0.966836	-0.501546
LINGO1	2.38574	-0.177509	1.37835	1.88464	0.717987
LINGO2	0.337417	0.540148	-1.17013	0.9694	0.925857
LINGO3	-1.92989	-3.07051	-3.08733	-3.71286	-4.62334
LINS1	1.12658	2.02954	0.551282	1.66056	1.8754
LIPA				-2.29821	-2.51651
LIPC	0.628383	0.162773	0.124689	-1.47127	-1.87109
LIPE	-0.0996044	0.833495	0.179005	-2.76464	-1.7913
LIPH	0.422352	-1.21911	-0.833108	-0.595842	-1.20905
LITAF	-1.25277	-1.74132	-1.10789	-3.00652	-3.01185
LIX1	-1.16525	-2.21358	-0.978838	-0.556668	-1.29738
LIX1L	-1.62607	-2.32774	-1.78323	0.676077	-0.0544568
LKAAEAR1	9.99495	4.48797	8.52095	4.83119	3.71148
LLGL1	-0.851629	-0.354142	-0.463833		
LLGL2	-2.50706	-1.42809	-2.81596	-1.00013	-0.746882
LLPH	1.0782	-0.445568	0.494154		
LMAN2L	4.28314	0.798733	4.14176	3.05963	1.43831
LMBR1	-0.450458	1.36871	0.516305	-1.54789	-0.378285
LMBRD2	2.95962	1.05245	2.62868	0.0394175	-0.603173
LMCD1	-3.03214	-4.11422	-2.00295	-5.87162	-6.84063
LMF1	1.10959	0.431376	1.53357		
LMLN	-0.51909	1.2048	-0.226434	-1.34482	-0.0178195
LMNA	-1.91423	-1.53145	-1.02585		
LMNB2	-1.8089	-0.313704	-0.576956		
LMO1	0.751826	-1.1358	-0.576514	-1.30646	-1.82385
LMO2	-6.97508	-4.21845	-6.38055	-4.32854	-3.49588
LMO3	2.80915	-0.192341	2.04264	1.3673	-0.232545
LMO4	3.15764	2.35869	4.11054	1.17757	0.687001
LMO7	-0.423122	-0.295062	0.414372	-3.12673	-4.02584
LMTK2	2.33917	2.76856	3.59227	3.7408	4.2403
LMTK3	-0.628202	0.28262	-0.234791		
LMX1A	-0.931134	0.0854849	-0.467502		
LNP1	-0.267011	1.59336	-1.58524	0.887176	1.68396
LNPEP	-1.39671	0.407519	-0.188724		
LNPK	3.78935	1.06417	4.17448	1.55633	0.552868
LNX1	1.87465	2.4048	1.24127	0.415604	0.813345
LNX2	1.47456	2.84653	2.26962	6.54342	7.14481
LOC100049716	-0.41928	-1.41341	-0.95054		
LOC100128239	2.68934	2.8388	6.97129	0.881407	0.827618
LOC100128361	-1.46241	0.595668	-1.4514		
LOC100128398	-0.238068	1.05688	1.37425	1.64855	2.48468
LOC100129034	-1.55843	-1.3958	-1.38986		
LOC100129138	1.49705	2.43292	0.586899		
LOC100129291	-0.118013	-1.82903	-2.58068	-0.991033	-1.5284
LOC100130264	0.684726	0.509572	0.0976987		
LOC100130331	-0.832272	-1.956	-0.367569	-3.06365	-3.22334
LOC100130691				-1.95679	-2.05964
LOC100130705	-0.620106	-1.3481	-1.49882		
LOC100130950	-1.30032	0.31166	-2.05846		
LOC100131289	2.02907	2.61191	0.676414		
LOC100132831	-0.423607	-0.558835	-0.697713	-0.865812	-1.04065
LOC100133091	0.32163	1.6739	-0.0355141		
LOC100190986	-0.772624	0.670169	0.326625		
LOC100233156	-2.44592	-2.17226	-3.62582	-4.96464	-4.04411
LOC100240734	-1.11382	0.601615	-1.17238	0.266262	1.06832
LOC100240735	-1.43283	-2.37555	-2.14243	-1.14629	-1.63631
LOC100270746				-1.79	-1.71871
LOC100286906	0.155493	0.308765	-0.837367	-2.08536	-1.36101
LOC100287497	-0.299184	1.05619	0.0529191		
LOC100288203	-1.64081	0.121356	-1.01538		
LOC100288846	0.823652	-1.01302	-0.27984	1.11501	-0.192464
LOC100288911	5.15242	-0.773827	3.93162	2.96444	-0.0287903
LOC100289230	0.446297	1.70346	1.69745	1.99024	2.76592
LOC100294145	-3.27468	0.660796	-2.5122	-0.993173	0.339865
LOC100294362	-1.12678	0.236738	-1.5595		
LOC100505915	-1.1447	-1.31099	-0.807375		
LOC100505938	2.35441	3.7994	1.05226	1.29047	2.08094
LOC100506100	-2.07653	-2.4193	-4.00834	-4.72412	-3.44935
LOC100506124	0.401379	1.8812	0.976232	-0.756645	0.510945
LOC100506125	-0.437234	-1.27753	-0.426678		
LOC100506271	3.87005	0.207053	3.35308	2.80957	1.47315
LOC100506282	-0.176358	0.896345	0.675834		
LOC100506388	2.74175	3.88427	3.93954	1.99458	2.44705
LOC100506476	-3.06347	-1.18021	-3.19029	-0.577374	-0.0326222
LOC100506725				-4.56636	-3.81711
LOC100506990	-0.312367	1.02301	0.59148	2.66684	3.72603
LOC100507351	1.17888	-0.795996	0.00627015	-0.332647	-0.939441
LOC100507387	0.35396	0.318262	-0.275339	1.89309	1.96718
LOC100507507	1.12906	2.06712	2.70857	1.21296	1.55182
LOC100507516	-3.02108	-3.2013	-4.26697	-0.68976	-1.28331
LOC100507557	1.34622	-0.433056	0.515837		
LOC100507599	1.48595	1.63276	0.817335		
LOC100507642	1.46761	2.46388	2.22663	0.534692	0.962117
LOC100996385	0.349801	-0.189307	-1.7693		
LOC100996455	1.57261	-0.438766	1.84484		
LOC101060091	-1.45214	-2.48814	-2.00385	-1.70829	-2.53348
LOC101060391	0.215788	-1.21446	0.48948	-0.486357	-1.20186
LOC101926934	-1.00111	-2.33536	-2.07515	-4.1511	-5.19228
LOC101926935	0.358916	1.83933	1.93781	2.63453	3.57453
LOC101927027	2.36215	-0.530392	2.94499	3.27471	0.683132
LOC101927278	1.7047	1.65972	4.63966	0.259897	0.0940057
LOC101927318	-0.206223	-1.64119	-0.245409	-1.41239	-2.42742
LOC101927420	2.87197	-0.606621	1.85774	-0.0424079	-1.02561
LOC101927550	-3.33229	-2.08418	-4.23613		
LOC101927588	2.60389	3.14295	4.98565	1.09145	1.43665
LOC101927596	-3.48214	-2.24132	-2.82213		
LOC101927752	-0.54596	-1.78613	-1.4075	-0.9036	-1.61814
LOC101927811	1.73514	-0.55469	0.866188	1.22475	0.459395
LOC101927974	0.959316	-1.29641	-0.995335	-1.59178	-2.35376
LOC101928087	0.124806	1.48377	-0.493367	-0.617029	0.205682
LOC101928111	-0.517719	-1.84914	0.0651585	-2.07363	-2.64179
LOC101928303	-0.487352	-0.20057	-1.77376		
LOC101928370	-5.4804	-5.2975	-5.22628		
LOC101928424	-0.0304188	-1.32794	-0.713308		
LOC101928433	3.56258	3.86071	5.59865	2.79908	3.49646
LOC101928659	0.364919	0.202268	0.40819		
LOC101928673	0.449176	2.05763	1.29501	1.28725	1.91447
LOC101929066	1.33648	-0.2121	0.720828	0.0370122	-0.713073
LOC101929552	3.34014	2.31619	2.68386		
LOC101930085	1.42628	-0.536943	1.59474		
LOC102723665	1.02893	-0.995916	0.0164577		
LOC102723968	-2.85506	-4.03033	-2.93639		
LOC102724156	0.491755	-1.18935	-0.803984	-0.305548	-1.00893
LOC103091866	1.1458	2.43199	1.60735		
LOC103344931	0.880177	-0.734493	0.670449	0.844341	-0.143404
LOC105274304	-0.110225	-0.24443	-0.304178		
LOC105370333	-2.96215	-1.54549	-2.74329	-2.87134	-2.17036
LOC105372480	2.50632	-0.647316	0.507392	0.12823	-1.00387
LOC105373383	0.00372037	-1.04692	-0.781344	0.361302	-0.0542428
LOC105373876	-3.16383	-3.18739	-2.80228		
LOC105374546	-1.04836	-2.07933	-1.56718	-0.79815	-1.56105
LOC105374727	0.0522923	1.74625	0.951032	-0.226779	0.425302
LOC105374952	4.52342	1.12094	3.11731		
LOC105376064	-1.91688	-2.9462	-4.97577	-2.21576	-2.74335
LOC105376360	4.46475	3.98677	6.17763	3.02473	3.42463
LOC105376805	-1.76287	-2.36601	-2.28367	-0.194599	-0.519787
LOC105377590	1.74327	-1.13089	3.00586	1.31204	-0.340417
LOC105377621	5.60114	5.14067	4.17065		
LOC105378663	-2.51043	-0.470462	-1.98994		
LOC105378853	5.35737	1.94473	4.938	2.4772	1.87458
LOC105379807	4.90178	1.60594	4.7225	3.79786	2.08652
LOC107984974				-0.985064	-1.08999
LOC145783	1.48223	-0.277139	0.128637		
LOC148413	0.559742	-0.295699	0.497535		
LOC148709	-0.523879	-1.8148	-0.69432		
LOC150776	0.733997	1.38891	1.74919		
LOC151174	-2.37209	-0.245772	-2.48653	-3.11577	-2.88092
LOC155060	1.34158	2.37637	2.49381	3.76197	4.65217
LOC202181	-0.0430952	0.345686	0.157888	1.11099	0.910856
LOC220729	-4.39473	0.49571	-2.83839	-2.19659	-0.0889466
LOC257396	1.70113	-0.324511	0.932437	0.7173	-0.465727
LOC283788	-2.12806	-1.08062	-3.02956		
LOC284009	-2.94301	-0.277072	-1.14395		
LOC284454	-2.6311	-0.284216	-1.81094	-1.66723	-0.778347
LOC285074	-1.80779	-0.321272	-1.98006	-1.29526	-0.731514
LOC285097	1.11716	-1.0326	2.39231	2.49812	0.789446
LOC339059	1.32236	2.02556	2.202		
LOC339803	-0.275935	-1.33529	-1.16617	-2.35195	-3.19305
LOC341056	2.86424	2.8605	1.32916		
LOC344967	2.06229	0.888673	2.06231		
LOC375196	0.840428	-0.360405	-1.17306	0.59588	0.0708457
LOC389705	0.018529	0.0242391	-0.462479		
LOC389765	-1.58906	0.0230492	-0.92569		
LOC389831	-0.908764	-1.67571	-1.32685		
LOC389834	-0.625567	1.18363	-0.128074	-0.57431	0.389333
LOC389895	2.28813	-0.260319	0.889096		
LOC390705	0.226859	-1.45421	-0.259613		
LOC400710	-0.924913	-1.71109	-2.07265	-0.849003	-1.09755
LOC401357	-3.16886	0.436239	-2.15283	0.175974	1.07909
LOC407835	1.39211	1.787	2.29483	1.09647	1.28784
LOC440040	6.10439	4.78957	3.75901	1.58165	1.65045
LOC440084	3.78136	4.30058	6.95748	4.52234	4.21244
LOC440311	-1.60592	0.681517	-0.940574	0.991127	2.13998
LOC440434	-2.04794	-2.72026	-2.16457	-1.21326	-1.62435
LOC440934	4.22751	-0.452243	3.03598	2.32572	0.591581
LOC441052	1.21202	-1.04221	0.525842	0.4937	-0.740829
LOC441204	5.92716	3.53909	4.77277	4.49555	3.87811
LOC441455	0.643826	1.7375	1.93439	1.53073	2.21912
LOC441666	1.60318	-0.321757	1.07637	-0.832977	-2.01518
LOC494141	0.79323	1.98017	1.72511		
LOC554206	0.438746	-0.315453	-0.0388403	1.56895	0.79371
LOC641367	4.43796	2.47789	4.79754		
LOC642852	0.738546	-1.32548	0.702589	1.65387	-0.18601
LOC642929	-1.29302	0.0733177	-1.92227		
LOC643406	-1.35928	1.25595	-0.564231	0.300114	1.3317
LOC643733	0.3896	-0.958966	-0.616447		
LOC644189	2.56667	0.452418	1.60383	2.44405	1.22005
LOC644762	-1.18447	-0.479873	-1.16404		
LOC644794	0.384092	-0.651872	0.588929		
LOC644936	0.0115174	-1.56487	-0.1724	-1.08663	-1.69559
LOC645166	1.228	-0.814887	0.290612	1.37502	0.137505
LOC645752	0.128109	0.281396	0.312139		
LOC646548	3.28537	4.04076	2.92777		
LOC646626	-0.873725	0.760987	-0.88764		
LOC646903	3.60617	3.12598	3.05541	4.99316	4.03768
LOC646938	0.179895	1.07561	0.980198		
LOC652276	-3.09729	0.200924	-1.91993	-1.67406	-0.30109
LOC653080	1.63776	2.69045	2.88148		
LOC654780	3.05181	0.663316	2.77077		
LOC727896	1.14953	2.13947	2.8814	2.28273	2.82623
LOC728024	-1.85118	-0.669471	-2.14541		
LOC728392	2.16574	-0.536221	3.11313	3.47083	1.23977
LOC728485	1.36635	0.295057	0.502273	0.177333	-0.3375
LOC728554	-1.24019	-1.92753	-4.54667	-2.61193	-3.00524
LOC728715	-0.603619	-1.62836	-1.38846	-0.947554	-1.38235
LOC728739	-2.67366	-4.23771	-4.90757	-2.67396	-3.17522
LOC728743	-0.403567	1.37801	-0.469517	0.317874	1.00184
LOC728989	-1.92713	-2.50429	-3.12539		
LOC729080	-1.44539	-1.99043	-0.988554		
LOC729159	1.78616	2.59563	2.09448	3.59609	4.07017
LOC729218	-1.41929	1.1897	-0.552486	1.41817	2.08492
LOC729683	-1.43346	-2.51147	-3.37473	-0.667482	-1.30385
LOC729732	1.45195	0.721742	2.18861	0.840982	0.594403
LOC729737	0.494961	1.86167	0.984283	0.708684	1.30955
LOC729930	1.8952	0.944488	1.21022		
LOC729970	2.50272	-0.237703	3.62215	3.19212	0.997531
LOC730098	3.88839	5.21361	3.1284	3.28082	3.90219
LOC730183	-3.71587	-3.30264	-3.88351		
LOC90246	-0.615738	0.971435	-0.668148		
LOC93622	1.0358	-1.08427	0.0958268	1.40785	-0.00367001
LOH12CR2	-0.457257	-1.73999	-1.3542	-0.905746	-1.45498
LONP1	0.969177	1.75286	1.30017	-0.423631	-0.154225
LONP2	0.199104	0.052859	0.826677		
LONRF2	5.56033	1.4002	4.91378	5.76341	2.79308
LONRF3	-3.1778	-2.15978	-4.25882	-0.643863	-0.142085
LOR	4.20167	0.206897	2.95917	-0.402219	-1.28284
LOXHD1	-3.33597	-0.420751	-3.08462		
LOXL1	-0.338995	-1.95321	-0.110145	-0.205945	-1.05935
LOXL2	-0.702572	1.01698	0.351478		
LOXL3	-1.32175	-2.26771	-2.25565	-0.289768	-0.989075
LPA	0.828252	-0.919467	0.885372	0.574445	-0.44474
LPAR2	-3.01257	-0.378225	-2.12976		
LPAR5	-0.35459	1.48329	0.233665		
LPAR6	-6.72468	-5.02754	-6.59693	-5.41539	-5.72253
LPCAT1	3.25778	-0.421791	1.59196	2.33301	0.718831
LPCAT2	-1.78225	-2.958	-1.93658	-3.52668	-4.0844
LPCAT3	0.739927	0.417152	0.483651	1.59326	1.16435
LPCAT4	-1.22776	1.13385	-0.644351	-0.428255	0.650452
LPGAT1	0.366761	1.25973	0.0650177	-2.32918	-1.18277
LPIN2	-2.06304	-0.605323	-1.79855		
LPL	5.4045	2.97795	2.74548	3.15254	3.48198
LPP	0.0907194	-1.00834	1.25603	1.42338	1.21934
LPXN	-6.36735	-5.13995	-7.27206	-1.80461	-1.71652
LRCH1	3.53387	3.97128	5.24944	2.60207	2.98444
LRCH2	-0.0941561	-1.10995	-1.34671	1.14151	0.440218
LRCH3	-0.156986	0.998764	0.468926		
LRCOL1	1.17364	0.230607	-0.221148	-0.422633	-1.06502
LRFN1	-1.57931	-2.13591	-1.36425		
LRFN2	5.22181	2.94493	4.44159	5.02808	3.05728
LRFN3	2.9005	2.86423	1.87491		
LRFN4	0.228943	0.710171	0.0799001	0.898259	0.800802
LRFN5	0.98714	2.15931	1.74627	2.88129	3.80266
LRIF1	0.0843277	1.13884	-0.455268		
LRIG2	-1.6638	0.330701	-0.970437		
LRIG3	-1.62207	-0.0349641	-1.05459	0.883737	1.26641
LRMDA	-4.00833	-3.72365	-5.32769	-3.95598	-4.36166
LRP12	1.30312	1.79158	2.70439	-0.501937	-0.0591436
LRP1B	0.261254	-2.04022	0.703827	-0.941288	-2.04229
LRP2	1.18988	1.48276	1.59935	-1.00711	-0.886273
LRP2BP	0.415023	1.26501	2.13174	3.4917	4.18658
LRP3	-0.92335	-1.59572	-1.32779		
LRP4	-0.809144	-1.70862	-0.46299		
LRP5	-3.2007	-0.750347	-1.6025		
LRP5L	-2.02871	0.0599667	-3.51537	-3.3491	-1.96834
LRP8	-5.63662	-0.640279	-3.99025	-1.62902	-0.44499
LRPAP1	-0.467228	1.41033	-0.814471	-1.7907	-0.0797565
LRPPRC	-0.517169	1.21225	-0.967235		
LRR1	-1.02657	1.14259	-1.92792	-0.0825935	0.815658
LRRC1				-2.11349	-1.78829
LRRC14	3.0809	2.99269	5.42336	1.68985	1.84745
LRRC17	-0.610462	0.750655	-0.493305		
LRRC2	8.42782	1.51492	7.38862	6.29971	2.15496
LRRC20	2.50219	2.8603	2.03994	0.392336	0.466631
LRRC23	-5.02976	-2.99802	-4.19797		
LRRC27	-0.243765	-1.80669	-0.216766		
LRRC28	-1.87772	0.346185	-2.06771	1.63271	1.57749
LRRC32	0.111477	0.578046	0.241518	1.84402	2.127
LRRC34	-0.234184	1.24329	0.376455	1.28046	2.22812
LRRC36	0.758124	-1.22575	0.843078	1.05294	-0.44972
LRRC37A3	-1.55568	-1.14282	-1.43388		
LRRC37A4P	-3.90078	0.548516	-2.99208	-1.80379	0.418385
LRRC37B	-1.77738	-1.87483	-2.88909		
LRRC38	0.0589683	1.02933	-0.257863	-2.04064	-1.13573
LRRC39	2.31375	1.38786	1.21908	4.50036	4.41136
LRRC3B	0.681586	-1.31794	0.23239	2.75304	0.234679
LRRC4	-0.607094	1.60177	-0.330158	0.340947	1.41697
LRRC40	0.638589	1.55828	1.17574		
LRRC42	1.01472	-1.4233	0.11933	-0.388261	-1.52288
LRRC43	-0.495734	0.52418	-1.37322		
LRRC45	-0.0445091	1.03654	-0.0332399		
LRRC46	-4.32867	-2.37126	-3.25753		
LRRC49	-5.82645	0.0572048	-5.17797	-3.24855	-0.714551
LRRC4B	-3.85249	-3.24231	-4.16629		
LRRC4C	1.23287	1.03759	1.4168	-0.103543	-0.629127
LRRC55	0.0854105	1.55779	0.668418		
LRRC56	-1.02181	-2.11953	-2.24169	-0.405507	-1.04858
LRRC57	-0.309947	-1.77855	-1.33381	-2.00993	-2.44781
LRRC58	-1.94452	-0.955386	-1.68175		
LRRC59	0.381182	1.4268	0.297473	-0.788703	-0.279545
LRRC6	0.961479	0.810057	0.581315	2.52426	3.14108
LRRC61	0.762448	-0.342034	0.329165	0.742197	-0.0148967
LRRC7	-0.156321	-1.06492	-1.58348	0.575027	-0.0132262
LRRC73	6.22105	0.922363	6.52755	2.21728	0.497485
LRRC75A	0.710373	1.56097	0.246458	0.705564	1.09513
LRRC75A-AS1	-1.44183	-2.09111	-1.79835		
LRRC75B	5.40978	5.51692	6.48663		
LRRC8A	0.0747388	-0.2055	0.432497	3.34393	3.68805
LRRC8B	2.97861	1.98297	1.96943	-0.24056	-0.854673
LRRC8C	-5.08754	-0.504685	-3.6229	-3.62155	-1.60104
LRRC8D	0.0422182	1.02553	-0.140299	-1.52108	-0.982902
LRRC9	0.396128	1.42418	0.374684	-0.748083	0.0131882
LRRFIP1	0.97357	2.18524	1.49331	1.85889	2.84687
LRRFIP2	0.159043	1.60514	1.10021		
LRRIQ1	-0.741554	-1.15259	-0.474163	0.689238	0.313344
LRRK1	4.56884	4.35722	3.65348	4.24293	4.78417
LRRK2	-1.21414	0.977104	-1.12846	1.49534	2.46717
LRRN1	0.587973	-1.3625	1.04523	0.974462	-0.185117
LRRN2	1.36001	-1.03398	1.51283	-1.83886	-2.80496
LRRN3	3.08071	3.15282	2.37606	2.68079	3.44532
LRRTM1	-1.92	-2.32666	-3.52766	-1.0143	-1.33958
LRRTM2	1.03234	1.07473	1.60604		
LRRTM3	1.50619	2.50566	2.47403	4.24362	5.48382
LRRTM4	8.80059	2.7318	8.09126	9.54524	4.50506
LRSAM1	3.4689	2.6266	4.11146		
LRTM2	2.47871	3.19204	2.22798		
LRTOMT	-1.71627	-2.45065	-3.73218	-0.335942	-0.908415
LSAMP	0.663566	1.24184	1.79846	1.22226	1.16192
LSG1	0.205082	-0.086713	0.85098	-3.84995	-4.31748
LSM11	2.9201	1.86709	2.62685		
LSM14B	0.161949	0.707686	1.80969		
LSM3	0.394017	-1.56316	-1.2981	-0.050513	-1.15581
LSM4	2.5955	-0.69997	1.54413	1.72894	-0.503875
LSM5	-0.273912	-1.3332	-0.865177		
LSM7	0.148697	-1.46125	-1.34899	-0.904271	-1.48689
LSMEM1	2.82064	3.62283	1.37692		
LSP1	-0.256429	-1.22875	0.166692	0.293127	-0.365025
LSR	0.214067	0.611299	-0.0887113		
LSS				-1.0222	-0.956267
LST1	-2.18513	-2.58984	-2.9893	-2.96039	-3.19283
LTB	2.38459	3.35922	2.19362	1.60985	2.17041
LTBP4	0.623115	-1.35853	0.087739	0.0881389	-0.851101
LTBR	0.472854	1.07525	0.903328		
LTC4S	-0.621737	-1.70652	-0.699196	-2.17695	-2.52485
LTK	7.94439	4.52918	6.43205	5.36015	5.20579
LTN1	2.66401	3.74154	3.4599	1.42869	2.13893
LTV1	-6.19006	-1.76713	-5.91298	0.413442	1.04197
LUC7L	-2.72092	-1.70472	-2.54753		
LUC7L3	0.839667	1.20402	1.51789	2.83017	2.83849
LURAP1	0.485876	1.50013	0.425923		
LURAP1L	0.83564	1.96635	1.29748	-1.24962	-0.245996
LUZP1	-1.24431	1.17857	-1.75537	-1.78954	0.0294603
LUZP2	-2.90249	-3.06542	-2.98592	-3.84279	-3.76402
LXN	-5.49281	-4.37346	-7.79574	-3.93647	-3.81154
LY6D	5.16462	5.90328	3.98985	3.91993	4.20525
LY6E	4.17762	1.71139	2.49769	1.69207	0.697703
LY6G5B	-0.310088	1.2504	-0.259277	1.22654	2.23241
LY6G5C	-1.08467	0.181783	-0.713717		
LY6H	4.31238	-0.139874	4.18434	4.39333	0.636601
LY86	-2.03927	-2.58427	-2.5939	-2.03722	-2.38233
LY86-AS1	5.96389	1.86174	5.2298	2.31655	0.839048
LY9	-2.9251	-3.76952	-2.02629		
LY96	-3.70186	-4.6632	-3.7599	-5.32516	-5.97962
LYAR				0.467192	1.04699
LYG1	0.31822	1.52205	0.409571		
LYN	0.545957	-1.12529	0.335721	1.36627	0.476388
LYNX1	1.07873	1.75668	1.50561	-0.546595	-0.271529
LYPD1	-1.08053	-2.17544	-1.02431	-0.502144	-1.32404
LYPD5	-0.495387	1.44892	-0.953874	-1.55288	0.177899
LYPD6	1.38172	0.202304	1.84221		
LYPD6B	6.28334	2.33837	4.16799		
LYPD8	3.5329	-0.900617	1.6926	0.209787	-1.07017
LYPLA1	-2.8698	-0.712889	-4.15566	-2.16243	-1.46872
LYPLAL1	-2.28929	-3.051	-2.30346	-1.39438	-1.84852
LYRM1	-0.104946	-1.14333	-0.579614		
LYRM2	-0.782874	-2.30247	-1.50665	-0.421193	-1.13856
LYRM4	4.81982	4.10594	5.45892	1.40664	1.55635
LYRM7	1.40783	2.90411	1.42411	0.491887	1.30166
LYRM9	0.547471	-1.46799	0.457853	0.229287	-0.841736
LYSMD1	-1.68723	0.683534	-0.692697		
LYSMD2	1.84636	2.40624	1.55723	0.293984	0.526323
LYSMD4	0.29163	2.02981	0.768726	2.49697	3.0247
LYST	3.40194	3.64888	3.23861	4.06655	4.478
LYVE1	-1.34947	-2.19968	-1.64509	-0.545624	-1.18005
LYZL1	-2.52491	-2.74449	-1.50169		
LYZL4	3.78127	-0.119332	2.92586	1.39688	-0.521432
LZIC	-0.909729	-1.99345	-1.36898		
LZTFL1	3.55567	3.88705	4.45326	4.24334	4.71003
LZTR1	1.51156	0.689538	2.06675	-0.0190518	-0.630903
LZTS1	0.687426	0.387533	-0.112486	-0.861544	-0.909635
LZTS3	0.65286	2.02788	0.427197	2.72543	3.26774
MAATS1	0.0488711	1.3392	1.14325	1.92707	2.72893
MACO1	0.432478	1.6429	1.06927		
MACROD1	-0.771299	0.840112	-0.689724		
MACROD2	-0.784174	-2.11502	-1.9859	0.215223	-0.235519
MAD1L1	1.14669	1.95243	1.94638	0.203489	0.706325
MAD2L1	1.54355	2.45355	1.8353		
MAD2L1BP	-2.26982	-0.86626	-1.69527		
MAD2L2	-1.0793	-2.36342	-2.31209	-2.49025	-2.85562
MADCAM1	0.724871	1.85785	1.87875	0.283907	0.908705
MADD	2.66616	1.93713	2.67409		
MAEA	2.92425	2.12108	4.42811	1.02845	0.510021
MAF	-1.05991	-1.73514	-1.41708		
MAFB	3.71094	5.48495	2.90864	4.43639	4.97309
MAFF	1.56057	2.07613	3.95747	1.88047	1.95878
MAFG	1.76569	-0.631062	3.12829	2.36602	0.786006
MAFK	2.99183	1.31771	6.01768	4.77506	3.93524
MAG	0.162251	0.717426	0.314014	-2.35097	-1.77311
MAGED1	2.20301	-0.400415	1.38693	0.829198	-0.814453
MAGEE1	3.52063	2.76402	2.6507		
MAGEF1	1.81009	0.656573	1.06242	1.4044	1.01501
MAGEH1	4.10009	0.0151227	4.67198	2.44798	0.543249
MAGEL2	0.521317	1.44024	1.23793	-2.01091	-0.741979
MAGI1	2.54536	2.78013	2.22752		
MAGI2	-0.552236	-0.0487408	-1.07611		
MAGI2-AS3	-2.79654	1.32659	-1.55831	1.3268	1.81445
MAGI3	2.83676	3.7436	2.30772	2.1161	2.60134
MAGIX	3.12676	0.44007	1.98824	0.639074	-0.33685
MAIP1	-0.84777	0.0163685	-2.60361		
MAL2	8.82948	4.8875	6.54178	5.34983	4.50605
MALAT1	-1.44753	1.10911	-0.224096	0.160878	1.47348
MALL	-2.74508	-4.2593	-4.62102	-3.50208	-4.34671
MAMDC4	1.09421	2.1936	1.57135		
MAML1	0.00749342	1.641	1.24479	1.18498	1.8645
MAML2	-3.93909	-4.4947	-2.63158	-1.36505	-1.78579
MAML3	-5.53771	-2.74127	-5.82787	-2.57541	-1.96223
MAMLD1	-0.884112	-1.7166	-0.945948	1.10129	0.304036
MAN1A1	1.54602	-0.953409	1.89157	0.106468	-0.759136
MAN1A2	4.62441	4.91964	7.4446	7.82086	7.65276
MAN1B1	2.80931	1.47528	2.13034	0.741985	-0.166459
MAN1B1-AS1	-4.96195	-5.36563	-4.36908	-4.25549	-4.55711
MAN1C1	0.929298	2.26443	0.181534	-0.0619722	0.689357
MAN2A1	1.69786	1.63999	2.50524	-0.396916	-0.463209
MAN2A2	0.419927	1.5696	0.554736	-1.05987	-0.125616
MAN2B2	1.24821	-0.977684	0.256557	0.900547	-0.181123
MANBAL	3.47069	2.52118	2.86824		
MANEAL	1.43544	-1.13524	0.726619	-2.25399	-2.54775
MANF	0.935538	-0.838677	-0.0493825	-0.393434	-1.36336
MANSC1	0.599334	2.12391	0.0352001		
MAOA	-1.10449	-1.95693	-1.30329	1.79152	0.781226
MAOB	3.64168	0.0880608	5.89636	5.79303	2.26054
MAP10	3.45117	4.19169	3.47592		
MAP1A	-2.55247	-1.22219	-2.68224	-4.57434	-3.57436
MAP1B	1.42887	1.45731	2.95564	-0.762879	-0.804315
MAP1LC3A	0.5854	-1.19399	0.082355	-1.25138	-1.75665
MAP1LC3B	-0.953949	1.17725	-0.984262	-0.0122347	0.905776
MAP1LC3B2	-2.03974	-0.038206	-1.48922	-2.03505	-1.13019
MAP2	-0.973759	-2.21321	-0.961766	-2.51352	-3.12639
MAP2K1	0.992633	-1.05586	-0.125234	-2.88051	-3.92527
MAP2K2	1.13369	1.68245	1.35184	-0.347543	-0.214624
MAP2K3	-0.212424	1.15426	0.243933	-1.07757	-0.381909
MAP2K4	3.29661	2.72593	4.63381	0.620291	0.206171
MAP2K5	0.0524456	-0.572751	-0.642602	-2.41782	-2.57094
MAP2K6	-1.3907	0.772774	-0.751147	-1.61697	-0.349195
MAP2K7	-1.4661	0.981122	-0.366315	-1.17035	0.149783
MAP3K10	-2.36137	-1.52054	-2.58836	-0.16387	0.366051
MAP3K12	-1.70065	0.289845	-1.74807	-0.8271	0.161763
MAP3K13	4.05211	3.18039	4.86327	4.60716	4.11319
MAP3K14	0.254427	1.46094	0.896275	0.398	1.02888
MAP3K20	-1.37165	-1.21261	-1.12436	0.894459	1.59792
MAP3K21	1.74065	2.88825	1.48979	2.85437	3.42886
MAP3K3	-1.39644	0.853018	-1.04668	-0.60396	0.397838
MAP3K4	-1.43404	-1.59315	-2.85308	-0.0803764	-0.0450205
MAP3K5	-1.72424	-1.69431	-3.75312	0.581716	0.634544
MAP3K6	-0.995139	1.52334	-0.189824	1.0045	1.57309
MAP3K8	-2.97546	-0.827249	-1.75475	-0.906834	-0.224724
MAP3K9	-1.40392	0.520655	-0.86729	-2.14715	-0.743928
MAP4	5.59938	1.35982	5.70645	2.58169	1.28613
MAP4K2	-3.85508	-0.239684	-3.81984	-0.307752	0.592955
MAP4K3	5.00055	3.77831	5.1566		
MAP6	0.566588	-1.22288	0.139226		
MAP6D1	-0.0875926	1.1277	0.0899234	-1.98183	-1.10258
MAP7D2	0.200945	1.18058	0.325479	-1.48294	-0.699886
MAP7D3	-1.36166	-1.92338	-0.922782		
MAP9	1.00844	2.09273	2.57667	0.447934	1.07547
MAPK1	-0.504198	-2.02822	-1.40411	-0.735955	-1.36725
MAPK10	2.60599	3.23856	5.10403	2.19375	2.44092
MAPK11	4.07273	1.14311	2.85356	3.06039	1.57255
MAPK13	5.26822	4.22582	7.47552	1.87182	1.79639
MAPK14	-1.58199	0.33957	-1.15834		
MAPK1IP1L	2.02947	-0.568892	2.95219	3.56282	1.29586
MAPK3	1.10246	-1.34895	0.519456	2.13704	-0.0068122
MAPK4	6.86979	3.54099	5.78804	4.89611	5.36212
MAPK6	0.669882	1.69414	-0.106183	0.884067	1.44734
MAPK7	2.99193	0.933923	2.92587		
MAPK8	-1.21161	0.636121	-0.54902		
MAPK8IP1	-1.65752	-2.71674	-1.57825	-1.92637	-2.13382
MAPK8IP1P2	-1.50677	-2.71834	-1.04068	-3.10779	-3.09626
MAPK8IP2	4.29955	0.665617	4.19523		
MAPK9	1.18847	2.16979	2.15684	1.71662	2.51608
MAPKAP1	-0.480392	-1.86176	-0.356825		
MAPKAPK2	-2.48092	-2.85047	-2.82612	-1.72248	-1.74984
MAPKAPK3	0.0906687	-1.06672	1.09835	1.02324	0.4384
MAPKAPK5	-1.10292	-1.94153	-1.26036		
MAPKAPK5-AS1	-2.89903	-3.20494	-3.71468	-2.82982	-3.20668
MAPKBP1	-0.143353	1.35725	0.25776	1.15161	1.81718
MAPRE1	-1.0844	-1.93018	-0.991738	-3.54681	-4.28741
MAPRE2	0.459823	0.101873	0.773979		
MAPRE3	-1.43937	-2.46067	-1.81849		
MARC1	6.96082	2.40026	6.61614	4.66607	3.30397
MARC2	3.10917	0.187787	1.86307		
MARCH1	4.6682	1.06403	5.30411	4.21946	2.14532
MARCH2	0.189996	0.999345	-0.959385	-1.42405	-1.05398
MARCH3	-1.58395	-2.04604	-3.57536	0.00421967	-0.407488
MARCH4	1.02999	-0.823072	0.439029	1.28592	0.51118
MARCH6	4.12989	4.25649	6.09029	3.37529	4.00073
MARCH7	0.213851	0.929948	1.36178		
MARCH8	0.774703	-0.885618	2.40106	0.230397	-0.501208
MARCKS	2.00653	-0.251059	3.58699	4.1732	1.64685
MARCO	0.604926	-0.77384	0.846929	-1.2716	-1.9036
MARF1	4.01476	5.41324	5.24114	5.29772	5.58428
MARK1	3.17105	1.6879	3.35684	5.2672	2.71934
MARK4	0.864963	0.0718802	1.23101		
MARS	2.52964	2.45725	2.17615		
MASP1	-3.46827	-3.77453	-3.80148	-2.25421	-2.72433
MASP2	-0.654918	1.38673	-0.323781	0.275737	1.23511
MAST3	4.50748	0.469566	3.25664	1.9829	0.550928
MAST4	1.60135	2.51178	4.55539	2.62855	2.83552
MAT2A	0.15135	1.49044	1.20723		
MAT2B	4.63975	5.83613	4.03224	4.32222	4.71682
MATK	-0.45705	1.09366	-0.733406	-0.663423	0.199674
MATN1-AS1				-1.60545	-1.04066
MATN2	-2.45651	-3.48189	-5.79352	-1.64258	-1.87528
MATN3	-4.01384	-1.81093	-4.32738	-5.35352	-4.57704
MATN4	0.87203	1.98149	0.930981		
MATR3	-0.119919	0.922456	0.407749		
MAX	0.206556	2.00474	0.969173	1.39419	2.09701
MAZ	0.946563	0.13872	0.752705	2.62027	1.4605
MB21D2	4.11579	1.63109	4.09005	3.96271	2.37058
MBD1	5.33229	1.91723	3.96509		
MBD2	1.72886	2.77513	2.71853	1.08987	1.56956
MBD3	-0.643607	1.43878	-0.360032	1.66549	2.65656
MBD5	1.713	2.70181	4.32507	2.10826	2.6653
MBD6	-3.32456	-1.007	-2.87669		
MBL1P	-2.06145	0.17156	-2.28695	-0.00206959	0.901086
MBLAC1	1.02562	2.39606	0.466851		
MBLAC2	0.57454	-0.870063	0.985652	0.541514	-0.0938012
MBNL2	1.50186	2.3973	1.71243	1.09506	1.76792
MBNL3	-3.63432	-3.61148	-3.81873	-2.27717	-2.66755
MBOAT1	-0.858252	-0.352921	-0.146293	-5.38064	-4.55541
MBOAT2	0.816328	-1.39736	1.4266	0.0123551	-1.01001
MBOAT7	5.20073	0.332591	4.87119	6.10074	1.55963
MBP	-1.03786	-0.0401261	-1.63694	1.65232	2.70563
MBTD1	-0.238876	1.2207	-0.996282	1.25022	2.29769
MBTPS1	2.1123	2.54034	1.55107		
MBTPS2	2.45399	3.17918	2.47862		
MC1R	-2.27614	0.629549	-2.90261	-3.51746	-1.21006
MCAM	-0.977145	-0.137512	-0.745971	-3.07521	-1.93999
MCCC1	1.03398	0.790346	0.473391		
MCCC2	-0.675874	-1.05943	-0.790347		
MCEE	-1.55314	-0.282668	-1.1447		
MCF2	-2.43908	0.0800491	-4.27481	-3.91514	-1.39271
MCF2L	0.482277	1.8137	1.15137	1.70528	2.03328
MCF2L-AS1	0.0655934	1.61441	0.514626	-0.362433	0.617121
MCF2L2	-0.327352	1.15528	-0.25152	4.34624	4.80995
MCFD2	0.971868	-0.83626	1.00124	2.8874	1.04335
MCHR1	3.09814	1.15775	2.64078		
MCHR2	8.73761	5.24362	8.61798	5.55955	4.56508
MCM2	0.984886	2.18198	1.90324		
MCM3	-8.3178	-4.59571	-7.89967	-2.2497	-2.28788
MCM3AP-AS1	-4.2481	-0.0162632	-2.36774	-1.10913	0.109166
MCM5	-6.15168	-2.79628	-5.1972	-3.41162	-2.62913
MCM6	1.5101	0.477965	2.09374	0.892622	0.223602
MCM7	-5.44247	-1.80811	-4.48961	-4.15534	-2.57808
MCM8	-0.340553	1.85918	-0.383295		
MCMBP	-2.36165	-2.28967	-3.53956		
MCOLN1	2.42163	2.75217	2.93221		
MCPH1	-1.00033	0.949395	-0.750266		
MCRIP1	2.91783	0.407929	1.69777		
MCRIP2	0.646545	1.70209	0.390573		
MCRS1	-0.470071	1.44377	-1.60066	1.63394	2.23312
MCTP1	5.67817	0.977511	4.41043	2.65621	0.795901
MCTP2	4.02544	3.59716	5.38683	3.0247	3.19339
MCTS1	2.47111	-0.788299	1.54967	-1.36826	-2.33171
MCU	0.147327	1.65288	0.168884	-0.958187	-0.285588
MCUB	3.36691	-0.609779	2.83572	2.09137	-0.0519737
MCUR1	0.406982	-1.54024	-0.532183	-0.564331	-1.53863
MDC1	0.630345	1.75216	1.1436	1.18363	1.80018
MDFIC	2.77371	0.582037	4.3039	2.14571	1.65399
MDGA1	1.76536	-0.481338	1.35783	-0.981896	-1.68009
MDGA2	2.02663	2.6178	2.05877	2.1065	2.56345
MDH1	0.701431	1.53216	1.07832	-0.739255	-0.244196
MDH1B	-1.23457	0.814128	-1.98961		
MDH2	2.75973	1.05785	2.78995	1.06708	0.0804461
MDK	0.588252	-1.21346	0.158872	1.77424	0.847826
MDM2	-0.22866	1.19718	0.86594		
ME1	0.399054	-1.8848	0.0688579	-0.824456	-1.81179
ME2	-0.987961	-2.17481	-1.06889	-0.838856	-1.43363
ME3	4.04248	0.0988425	2.58428	0.99041	-0.483892
MEA1	6.96703	0.741291	6.13153	5.36487	2.16382
MEAF6	1.9067	0.612256	1.23192		
MECOM	-2.14143	-0.358158	-2.96512	-3.06264	-1.82735
MECP2	-0.594269	1.23877	0.0301952	1.23707	1.9159
MECR	1.62051	-0.118269	1.3852	-1.48534	-2.25002
MED10	1.65565	-0.333614	0.802107		
MED11	-2.83611	-0.166282	-3.91132	-3.9917	-1.34851
MED12L	8.28822	5.69153	8.0564		
MED13	-2.10213	-0.999036	-2.43306		
MED14OS	2.50416	0.225125	1.56483		
MED16	3.02308	-0.103612	2.47644	4.14864	1.97745
MED17	0.907531	2.02311	0.621051		
MED19	2.31785	0.394295	1.45815		
MED20	2.50218	3.64538	1.74365		
MED21	4.38189	4.01821	3.55304	1.04279	1.99114
MED22	-2.21074	0.950758	-1.4767	-0.2879	0.48265
MED23	1.09452	2.30399	1.34076	2.45935	3.38883
MED24	-1.228	-2.68629	-1.17412		
MED26	1.64368	2.1301	2.13903		
MED27	1.39167	0.0157518	0.304668		
MED29	-4.32206	-4.76746	-4.78963		
MED30	-0.120875	1.4665	0.644057		
MED31	2.73332	2.19589	2.91376		
MED4	1.30025	-0.319165	0.0560823		
MED7	1.67793	1.28013	1.42709		
MED8	1.55697	-0.269929	1.29763		
MED9	0.482475	2.20935	1.20596	2.63026	3.54767
MEDAG	4.97024	3.07865	5.32478	2.20618	1.62022
MEF2A	-0.37712	1.25875	0.223169	2.1022	2.78888
MEF2C	0.473367	1.7492	1.22954	2.94952	3.69226
MEF2D	-0.862435	0.151168	-0.366092		
MEG3	-3.22292	-3.26238	-3.48745		
MEGF11	-3.29702	-3.58668	-2.99508		
MEGF6	2.63111	3.24475	3.42201	3.63433	4.71603
MEGF8	5.91886	5.01409	4.36579		
MEGF9	1.14144	-0.114036	1.04123		
MEI1	1.47455	0.629423	0.45067	-1.23516	-2.06341
MEIG1	-0.346367	-1.68509	-1.60429		
MEIKIN	-2.84718	-0.630404	-2.00476		
MEIS1	-0.0103225	-0.726762	-1.90177	-1.67944	-1.98
MEIS2	-1.83016	-1.46981	-1.75898	-1.70642	-1.73257
MEIS3	5.25747	-0.619015	3.60097	2.96619	0.15362
MEIS3P1	0.76815	0.757706	1.69746	0.836888	0.909501
MELTF	2.0706	2.34795	3.3623	4.4723	4.48537
MELTF-AS1	-0.179086	0.278135	0.00190208		
MEPCE	-0.0889881	1.53026	1.63294	0.966049	1.61945
MEPE	2.48596	-0.0222208	2.65636	0.0721099	-1.17439
MERTK	-1.3653	-1.73191	-1.42442	2.02003	1.86803
MESD	1.24429	-0.664963	1.49755	0.0789278	-0.413682
MESP1	3.52177	-0.336881	3.65626	2.25253	0.124815
MEST	2.15169	-0.586305	0.991039	2.21362	0.723363
MET	-0.0916825	0.461674	-1.38772	2.0353	2.69833
METAP1	3.44929	1.14207	2.49846		
METAP2	-0.133857	1.20744	-0.405636	-0.145786	0.512581
METRN	-2.48016	-2.55524	-2.06715		
METRNL	-4.54462	-4.85797	-3.12323	-2.0794	-2.70697
METTL1	2.31498	0.172499	0.909741	-0.795868	-1.73073
METTL13	4.46821	4.80703	4.65725	2.54216	2.92346
METTL14	-1.08508	0.310858	-0.523322		
METTL15	-1.8803	0.72927	-2.49912	-1.803	-0.695327
METTL17	-0.342713	1.35658	-0.184664	0.889292	1.70518
METTL18	-1.99005	-0.255125	-1.89418		
METTL21A	4.3069	4.93796	3.37701	2.74499	3.29449
METTL21C	5.5643	5.20786	5.95804	8.98739	9.91475
METTL24	0.546271	2.38292	1.288	2.36815	3.00402
METTL25	-0.729564	0.307377	-0.855077		
METTL2A	-3.68674	-0.90766	-3.86552		
METTL3	-2.59775	-2.07773	-2.91786		
METTL5	-0.075023	-1.61739	-1.35641	-0.779382	-1.38202
METTL6	0.781246	-1.35064	-0.331857	-0.533468	-1.201
METTL7A	-0.650692	-1.61422	-0.616995		
METTL8	0.210678	-1.01642	0.288966	-2.86121	-3.51848
METTL9	1.93269	-0.244798	0.252911	4.32089	2.30647
MEX3A	-0.554169	-1.7045	-0.917301	-0.0657688	-0.605966
MEX3C	-0.290187	0.528302	-0.0792046		
MEX3D	-2.66061	-1.50117	-2.61995		
MFAP1	3.01948	0.882955	2.67861		
MFAP3	2.22419	2.98762	1.71773	3.21999	3.87267
MFAP3L	-1.4284	0.254179	-0.921196	-2.97733	-1.45729
MFAP4	0.0263191	-1.30639	0.295811	0.249331	-0.00545704
MFF	0.0683167	0.996132	-1.15539	-0.627754	-0.245225
MFGE8	2.45602	2.10182	2.75315	2.81601	3.32004
MFHAS1	-0.800113	1.58627	0.513143	0.260149	1.43341
MFN1	-0.724258	0.222494	0.353348		
MFN2	2.78212	2.78504	5.03582	0.612237	0.601973
MFNG	-5.52801	-3.48227	-5.21152		
MFSD1	-1.48021	-2.24596	-2.02802	-2.93149	-2.13788
MFSD10	0.979385	-0.436805	0.95345		
MFSD12	1.89619	0.24465	1.37944	0.51167	-0.579823
MFSD13A	1.48698	0.49146	0.66116		
MFSD14A	0.198009	-0.188524	0.291802		
MFSD14C	-1.97453	-0.788751	-1.35742		
MFSD2A	-3.26769	-0.874211	-3.66371	-3.12293	-2.3804
MFSD2B	-2.03785	-2.16681	-1.40261		
MFSD4A	3.35717	1.56206	1.47435	0.68785	-0.219474
MFSD4B	2.15703	0.598996	1.83458	2.72093	2.35028
MFSD6	0.58917	0.167044	0.439623	-3.11819	-3.65436
MFSD8	-0.50048	0.760504	0.438083		
MFSD9	-1.70651	0.687266	-1.32627	-1.90506	-0.705641
MGA	3.12559	3.51277	4.41331	5.29751	5.62094
MGARP	-4.26948	-0.91876	-4.70369	-5.03218	-2.06459
MGAT1	-2.8237	-0.685118	-2.06165	-0.578768	0.0299626
MGAT3	-0.050554	-0.336963	0.331478		
MGAT4A	2.74194	3.58158	3.91385	7.44783	7.73404
MGAT4B	2.7862	-0.769062	1.19065	1.26297	-0.111693
MGAT4C	2.33713	2.90336	3.64213	2.06202	2.21732
MGAT5	0.773853	1.49605	0.957255	-0.655629	-0.380593
MGAT5B	2.44237	2.17024	1.92428	4.69086	4.47421
MGC16025	-2.55714	0.173441	-1.1935	-1.36323	-0.0362587
MGC16275	-2.90884	-3.41544	-3.15652		
MGC27345	0.94269	2.28539	1.75602	3.00457	3.65346
MGC2889	-0.603201	-1.01087	-1.66964		
MGC34796	0.221651	-0.243262	-0.0809775	0.405328	0.269624
MGC70870	-5.61612	-6.01728	-5.02642		
MGEA5	6.05549	3.75423	5.01901	4.02253	3.39605
MGLL	0.761666	-0.00186285	-0.00545353	0.228879	0.132127
MGMT	-0.432268	-1.9522	-0.675811	-1.71723	-2.09988
MGP	0.86837	0.0979513	-0.892766	-0.964026	-1.34763
MGST1	-0.15965	-1.69371	-1.17309	1.71532	-0.225154
MGST2	-1.46178	0.575758	-1.04231	-2.15772	-0.814398
MGST3	-1.3192	-1.8023	-4.16205		
MHENCR	0.323081	-1.07683	-0.832513		
MIA3	0.509115	1.92509	0.866826	0.31841	1.06155
MIAT	1.24466	2.31408	1.70293	3.10069	3.59553
MIB1	-1.1775	-0.907861	-1.00055		
MIB2	-0.413547	1.42773	0.696789		
MICA	-5.57586	-1.49886	-5.1355	-5.69701	-3.76029
MICAL1	0.703004	1.34342	1.13111	2.81038	3.58234
MICAL2	4.03707	4.06456	2.87713	3.00881	3.59103
MICAL3	-2.42732	0.189379	-2.78052		
MICALL1	-1.03897	-0.604832	-0.863104		
MICB	-6.43139	-1.8452	-4.77056	-5.70934	-3.76069
MICU2	-3.4799	-1.19758	-3.03903	-1.3021	-0.404477
MICU3	1.29064	2.18375	0.739393	0.325711	1.05778
MID1	-3.99996	-4.87596	-4.82742		
MID2	-0.759823	1.47642	0.141416	0.281672	1.12697
MIEF1	2.59295	0.0854165	3.03499		
MIER1	-0.442541	1.37025	0.390762	1.76592	2.29273
MIER3	1.05358	2.26736	1.88606		
MIF	2.92087	-0.27093	1.18409	-0.762309	-1.61565
MIF-AS1	1.55775	-0.705869	0.0970223	-1.02765	-1.87485
MIGA1	1.57279	1.56127	2.12877	-0.561616	-0.769457
MIGA2	-0.252636	1.194	0.156092		
MIIP	-0.120708	-1.72526	-0.586064		
MILR1	-2.50949	-2.77672	-3.33642	-3.70858	-3.77259
MINDY1				-4.81283	-3.87299
MINDY2	-5.8405	-3.00754	-5.36808		
MINDY3	-0.262501	1.28716	-0.256934	-0.663207	0.317519
MINK1	-2.03373	-3.27531	-2.34526	-0.773629	-1.37223
MINOS1	0.680627	-1.02988	-0.0446938	-0.414777	-1.30453
MINPP1	-1.19806	0.104445	-1.70355		
MIOS	2.8156	3.92625	2.34487	4.51437	5.03448
MIPEP	-1.3956	-1.37865	-1.18129		
MIPOL1	-2.82636	-2.12111	-2.70734		
MIR100HG	1.73162	-0.78539	1.57564	-2.299	-3.33818
MIR124-2HG	1.56264	2.82041	2.74674	4.88668	5.64342
MIR193BHG	1.72325	2.18438	2.66056		
MIR22HG	1.78588	2.21601	4.76536	-0.163756	-0.0518906
MIR29B2CHG	0.883378	2.24955	1.96348	1.54167	1.82997
MIR31HG	-0.0447745	1.47282	-0.51886	0.138675	1.02123
MIR4435-2HG	-0.965288	-2.30342	-4.44271	-1.75808	-2.17192
MIR4453HG	-0.571037	0.665165	0.131647		
MIR4697HG	2.5641	3.24279	2.2022	2.47197	2.99043
MIR497HG	-0.243776	-0.197968	-0.299925	4.64273	5.06882
MIR600HG	0.739141	2.08823	2.43354	0.386334	1.25172
MIR7-3HG	3.62576	0.364335	3.61382	1.53475	0.208986
MIR9-3HG	-0.200013	0.847527	-0.724516	0.715809	1.22049
MIR99AHG	0.834823	-0.60702	1.85192	1.43353	0.730856
MIRLET7BHG	-4.46853	-1.24197	-3.66791	-1.34284	-0.0541747
MIS18A	-0.0773406	1.203	-1.58606		
MIS18BP1	-3.18704	-0.355348	-5.73506	-2.38521	-1.14954
MITF	-4.09419	-0.789806	-5.17281	-4.06654	-2.09516
MKKS	0.500049	-1.16669	-0.749278		
MKL1	2.89389	3.01088	3.4807		
MKL2	5.54819	1.33887	5.63516	7.02892	2.80835
MKLN1	-2.22817	0.921849	-1.12942	1.909	2.33262
MKNK1	-2.66387	-2.19294	-5.62201	-0.43677	-0.30791
MKNK2	-1.59698	1.26292	-1.07419	1.24908	1.91568
MKRN1	1.59324	1.93431	3.01735		
MKRN2	3.7643	4.03886	3.92486	4.08394	4.68857
MKRN9P	0.724173	1.21084	0.613751		
MKX	2.7168	3.67801	4.32839	2.32544	2.67515
MLC1	-1.31071	-2.30231	-1.37753		
MLEC	1.61584	-0.871141	0.588197		
MLF1	-2.58114	-3.39348	-5.44212	0.52207	0.172881
MLH1	-3.40198	-4.24416	-2.93209	-2.42196	-2.71802
MLH3	0.302564	1.18586	0.949568		
MLIP	4.53315	1.86723	6.1933	6.35004	4.16198
MLKL	-3.11407	-3.25285	-4.02444	-5.58018	-4.90494
MLLT1	-2.75403	-3.23536	-1.54422		
MLLT10	-0.0461078	1.92602	1.3269	1.89274	2.74801
MLLT11	3.29277	1.11182	2.60337		
MLLT3	-0.979043	-0.026055	-0.464183		
MLLT6	-0.243963	0.61339	-0.271363		
MLNR	0.469176	-1.16564	0.486454	1.90157	0.800148
MLPH	-2.12651	-0.0486403	-1.25257	-2.3763	-1.86274
MLX	-0.291406	-1.57645	-1.78549		
MLXIP	-1.48308	0.482483	-1.08768	-0.762695	0.3373
MLXIPL	3.25273	3.81419	4.28892		
MLYCD	2.70926	3.23922	3.13884		
MMAA	1.99771	0.26027	2.25365	0.501386	-0.201493
MMAB	-0.150196	-2.24233	-0.995645	-2.57826	-2.91177
MMACHC	-1.14447	-0.834381	-2.03703	-5.04449	-4.17027
MMD	0.0410039	-1.92849	-0.368603	-2.32076	-2.10751
MMGT1	2.68964	0.828098	1.65321	1.76304	1.33719
MMP14	-0.401775	-0.208275	0.125119		
MMP15	-0.359835	0.903231	0.775426	-0.788915	-0.378249
MMP16	0.768111	0.601995	0.635285	3.23239	2.62288
MMP17	2.91095	2.11436	2.45089		
MMP28	-1.39274	-2.27521	-1.70905	1.54197	0.563252
MMRN2	-2.25157	-2.91992	-2.0597		
MMS19	1.86988	-0.223636	1.01089		
MMS22L	-0.987039	1.23148	-1.86875	-1.25322	-0.00104344
MNAT1	3.67356	4.05582	3.25444		
MND1	3.46195	1.85639	4.57088	1.03099	0.636756
MNDA	-2.2531	-2.7097	-2.66781	-2.91701	-3.23021
MNS1	0.708949	2.21312	0.757718	2.66879	3.39648
MNT	-1.09198	-1.26015	-1.36826	0.936833	0.749931
MOAP1	2.52954	3.20929	1.67183		
MOB1B	2.0869	-0.847912	1.56671	3.33847	0.370086
MOB2	2.31436	3.16685	4.26194	1.6258	2.03271
MOB3A	-1.79633	-2.43521	-2.2647		
MOB3B	2.92413	3.03277	4.21486	1.28789	1.55081
MOB3C	-3.42565	-2.84141	-2.86231		
MOBP	-3.29415	-2.96448	-4.5511	-5.61129	-4.44838
MOCS1	-0.19576	0.778597	-0.611693	0.420078	0.995657
MOCS2	-1.60317	-2.60168	-3.92076		
MOG	-0.895917	-0.240459	-0.469383	-3.73188	-2.79758
MOGAT1	-1.64603	0.90352	-1.58524	1.13683	1.60373
MOGAT2	-4.26339	-0.823907	-3.73101	-0.722691	0.524673
MOGAT3	-1.75257	0.702089	-0.574464		
MOGS	-0.00198168	0.909972	0.0242589		
MOK	2.96463	3.97506	5.23289	6.83288	8.22211
MON1A	2.24208	0.626762	2.28097		
MON2	0.160736	1.61745	0.93601		
MORC2-AS1	0.401674	2.22876	-0.211902	1.12379	1.85326
MORC4	-0.577081	-1.1623	-0.63293		
MORF4L1	0.164257	-0.0759036	-0.298627	-0.467196	-0.646146
MORN2	-1.16013	-1.97681	-1.80829		
MORN3	3.87912	1.95067	4.35102	3.50798	2.03359
MORN4	4.04963	-0.105648	2.90223	6.47669	1.92181
MORN5	-0.433582	-1.71431	-1.35725	-2.45392	-3.05432
MOSPD1	2.51513	3.61641	2.90443	2.5643	2.9954
MOSPD2	-0.162344	-1.5663	-0.0272654	-2.2914	-2.91084
MOSPD3	-3.65865	-3.90049	-2.8654		
MOV10	-0.992152	-2.08789	-1.44011		
MOXD1	-0.474335	-2.14965	-1.78428	-2.72835	-4.15064
MPC1	-2.72248	-0.313266	-4.43787	-3.86907	-1.66319
MPC2	0.807739	0.921923	0.786178		
MPDU1	-2.97442	-1.74329	-5.67687		
MPDZ	0.786231	-0.929937	0.211787	0.446581	-0.189107
MPEG1	-2.15208	-2.98641	-2.37578	-2.76732	-3.21532
MPHOSPH10	-1.39154	0.401484	-1.54304		
MPHOSPH6	-1.22313	-2.12394	-1.53544	-0.364184	-1.19952
MPHOSPH9	-0.159971	1.69398	-0.243937	3.40237	4.13509
MPI	0.870923	-0.538826	1.21158	-1.9037	-2.82808
MPL	7.20473	2.03813	5.39308	2.74049	2.25427
MPLKIP	-1.19852	1.0475	0.56358	0.924399	1.72223
MPND	4.56093	0.819197	2.58459	1.21528	0.183573
MPO	2.01924	-0.0336072	1.70395	0.643857	-0.132554
MPP1	0.819169	1.8173	2.89957	-1.2322	-0.187645
MPP2	5.7589	1.71641	4.54262	2.83761	1.4645
MPP3	1.81423	0.243699	0.206244	0.686188	-0.171143
MPP5	-1.90147	0.666744	-0.937292	-1.47864	-0.298469
MPP6	1.54923	-0.477458	3.10205	0.341786	-0.57023
MPP7	0.911321	1.69531	-0.0694547	0.698444	0.943195
MPPE1	-0.70075	0.310144	-1.54855		
MPPED1	3.72108	3.05868	6.5707	1.82075	1.44268
MPRIP	-0.620787	1.29258	0.666637	1.27207	2.36416
MPST	-2.96197	-3.61537	-2.70698		
MPV17	-0.618735	-1.83212	-1.54827		
MPV17L	-2.51534	-1.2219	-2.52474	-0.641105	-0.19355
MPV17L2	2.27701	-0.47324	1.34861	1.40167	-0.353689
MPZL1	-1.20469	-2.23227	-1.35097	-1.41992	-2.09759
MPZL3	-2.71135	0.254886	-2.88314	-0.789301	0.227523
MR1	1.12414	-1.16664	1.0612	0.816869	-0.375287
MRAP	-0.404356	-0.327282	-1.2672	-2.35147	-2.05236
MRAP2	2.18284	2.04728	2.66929	0.837025	0.72533
MRAS	2.65343	-0.837639	1.94275	5.13209	1.27053
MRC1	0.530218	-1.42346	0.111194	-0.0196339	-0.959954
MRE11	2.53264	2.08157	2.82315		
MREG	0.796543	1.46298	1.71427	-0.615271	-0.156275
MRFAP1	1.99186	-0.321445	0.866622		
MRGBP	0.110163	1.6644	-0.351254	0.963435	1.6252
MRGPRD	-1.46749	-1.9721	-1.06773		
MRGPRF	-0.754868	1.38998	-0.0295007	-0.62147	0.62201
MRM1	0.914352	1.78041	1.24325		
MRM3	5.33689	3.70654	5.06283	2.5157	1.78208
MRNIP	0.712724	1.96456	1.12482	2.13036	2.93418
MRO	-0.930208	-1.64625	-1.15487		
MROH5	-0.253106	0.857669	-0.632484	-2.41881	-1.19031
MROH6	-3.88723	-0.2463	-2.35604	-0.787253	-0.2048
MROH7	-1.96016	-2.13996	-1.10484		
MROH8	1.75698	2.78794	1.94254	3.94875	4.01524
MRPL1	-3.66886	-1.20475	-3.09417		
MRPL10	2.06035	-0.943111	1.23373	3.11397	1.29259
MRPL12	-0.259654	0.00348228	-1.43165	-2.31401	-2.01098
MRPL14	1.53768	-0.507281	-0.688904	-0.558322	-1.36222
MRPL15	0.271478	0.978879	-0.248521	-1.07661	-0.581623
MRPL16	0.0418703	1.6173	-0.607708	0.27351	1.00827
MRPL18	0.85226	0.164225	0.780704		
MRPL19	-0.0712378	0.384639	-0.542116	-0.261697	0.137735
MRPL20	1.16842	-1.33251	-0.235495	-0.521085	-1.41901
MRPL22	-1.83915	-0.856836	-3.02607	-3.45728	-2.81435
MRPL23	-0.622942	-1.98466	-1.64558	-0.667607	-1.48776
MRPL24	0.0811727	-1.37194	-1.35097		
MRPL27	2.34248	3.0864	2.47281	0.707448	1.0194
MRPL28	2.75295	-0.274243	1.1341	-0.168124	-1.01989
MRPL30	4.60979	0.0692627	3.08148	1.56152	0.354027
MRPL33	0.421989	2.13439	-0.0496923	2.92128	2.90794
MRPL34	-2.93184	-0.627829	-4.73555	-2.24203	-1.05992
MRPL35	1.60597	1.66869	1.69738		
MRPL37	2.70451	-0.0612621	3.30094	-0.134517	-1.2888
MRPL39	-0.0408404	1.19489	-0.549174	-0.127385	0.48101
MRPL4	1.07313	0.926241	1.66042		
MRPL41	4.76	2.88854	3.77494		
MRPL42	1.69064	1.37848	2.72724	-2.92813	-2.63142
MRPL43	-2.37416	-3.07239	-2.88138	-1.54903	-2.08423
MRPL44	3.27351	0.5781	2.09056		
MRPL47	-0.578624	0.0991935	-1.39695	-1.69064	-1.56996
MRPL48	-1.07017	0.552952	-1.68915	-4.49789	-2.32726
MRPL49	-0.260615	-1.91667	-1.43243	-3.22383	-2.92894
MRPL50	-2.28244	-0.64625	-2.74109		
MRPL51	-0.0263799	-1.24874	-0.951107		
MRPL52	0.738144	0.88491	0.538089		
MRPL53	-0.238743	-0.968544	-1.13902		
MRPL55	1.62772	-0.110057	0.441512		
MRPL58	-0.887182	0.00400017	-2.61533	-2.89535	-1.79743
MRPS10	-0.621661	-1.87197	-1.54181		
MRPS11	0.0396376	-1.22461	-1.16209		
MRPS12	0.905387	1.36228	-0.195971		
MRPS14	0.0330119	-0.569211	-0.523714		
MRPS15	-0.826274	-1.77945	-2.33015	-2.46116	-3.12959
MRPS16	0.124232	-1.69397	-0.629254	-1.35548	-2.06861
MRPS18A	2.1379	0.473293	2.64097		
MRPS18C	1.10302	-0.353322	0.521551	-0.0724201	-0.656908
MRPS2	5.35654	5.4868	5.58075		
MRPS21	2.04355	0.283376	1.464	2.48755	1.81994
MRPS22	0.114119	0.674047	0.34993	-0.942504	-0.682652
MRPS25	2.26954	-0.377789	1.423		
MRPS26	2.87164	3.40163	2.83547	2.49126	3.24364
MRPS28	-0.605104	-1.37592	-1.33796		
MRPS30	3.5066	3.8341	4.30737	3.56653	4.28582
MRPS30-DT	2.01935	3.06901	2.59629	0.163072	0.894257
MRPS31	-2.38918	-0.0518401	-3.38941		
MRPS33	-2.20115	-2.71897	-3.2339	-2.33501	-2.5132
MRPS36	-1.13496	-0.000575113	-2.10782	-3.28609	-1.9567
MRPS5	-4.52356	-0.962809	-3.73834		
MRPS6	-1.10546	-2.06855	-3.11853	-0.713066	-1.13793
MRPS9	1.10853	0.0262611	0.544456	-1.10342	-1.75326
MRRF	-2.18318	0.613389	-2.2171	-2.95873	-0.991636
MRS2	0.0628733	1.83244	1.14306	-0.356653	0.672379
MRTO4	0.781657	-1.02321	-0.16561		
MRVI1	-2.90765	-3.44062	-2.69781	-0.248797	-0.624506
MRVI1-AS1	0.118313	1.01713	-1.48191	0.580083	0.820251
MS4A15	1.1159	0.899898	0.706919	-1.43702	-1.68786
MS4A4A	-1.78024	-2.85772	-2.65969	-1.4844	-2.00329
MS4A7	-2.45345	-3.231	-3.17102	-4.23142	-4.8614
MSANTD1	4.43155	0.140051	3.86058	4.42985	1.23168
MSANTD2	1.59086	2.52579	1.55633	2.63596	3.13859
MSANTD3	0.402948	0.460736	0.653447	-1.5593	-1.44204
MSANTD4	2.40354	1.75468	2.4665	3.15555	3.43487
MSH2	0.515036	1.7424	0.918421	1.26493	2.12312
MSH3	-1.91238	-2.55138	-2.21846		
MSI2	0.328854	-1.23363	0.384001	0.800947	-0.0272984
MSL2	0.722955	2.01118	1.25597	2.61066	3.47329
MSL3	1.84308	1.56227	0.916089	1.72635	1.98775
MSLN	-1.95126	-1.569	-1.79453		
MSMO1	2.12527	0.080598	2.13582	0.682195	-0.396795
MSN	-2.84639	-3.36478	-3.25019	-3.16018	-3.6067
MSRA	0.0554524	-1.50013	0.764456	-1.50443	-2.08288
MSRB1	-1.11929	-1.73312	-1.85638		
MSRB2	-0.487314	-1.4623	-0.347109	0.972006	0.323645
MSRB3	-4.02981	0.032303	-3.14385	0.312309	1.45189
MST1P2	-0.484763	0.667678	-0.0435518		
MST1R	0.277978	0.905938	-0.294315	0.466703	0.762872
MSTO2P	0.515958	1.35588	0.68799		
MSX1	0.711561	0.133963	0.479021	3.02273	3.11791
MT1A	-0.271762	-1.621	-0.614271	0.976279	0.286244
MT1B	-1.20085	-2.15697	-1.14851	1.53077	0.506118
MT1E	-0.60968	-1.73781	-0.274481	2.16923	1.19021
MT1F	-0.299824	-1.33121	0.60093	2.06108	1.23417
MT1G	-0.470569	-1.57266	-0.0701237	2.00615	0.911545
MT1JP	-0.454251	-1.41794	-0.130027	2.3825	1.20054
MT1L	-0.940898	-1.99162	-0.839294	1.32011	0.501918
MT1M	-0.653214	-1.67564	0.0203471	1.54612	0.913824
MT1X	-1.17565	-2.16223	-1.03786	1.37176	0.521162
MT2A	-1.73149	-2.4905	-2.03615	0.79095	0.0112199
MT3	1.18781	-1.05167	0.00667307	1.3896	0.319979
MTA2	-3.90838	-1.84674	-3.78217		
MTA3	4.1003	-0.0195527	3.62422	4.06619	1.07815
MTAP	-0.735327	1.5033	-0.714626	-1.02192	0.386861
MTBP	0.468351	1.86362	1.22582	1.79223	2.73621
MTCH1	5.25517	0.367263	4.25949	1.4078	-0.279797
MTCH2	0.625348	-0.5947	0.269987		
MTCL1	2.34207	3.05016	3.45794	2.00732	2.24931
MTDH	0.568763	1.92236	0.886907	1.975	2.42137
MTERF1	0.655036	0.405238	-0.994614		
MTERF2	-2.12209	-1.04112	-4.04451	0.156256	0.693881
MTERF4	-2.11022	-0.808466	-2.01412		
MTF2	-0.408176	-0.0940446	-0.713513		
MTFP1	-0.126655	1.24014	-0.779647	-1.04521	-0.187023
MTFR1	-6.46922	-2.20974	-6.15981	-2.78124	-1.48454
MTG1	-1.09049	0.806768	-0.575805		
MTG2	-2.99528	0.218351	-2.86852		
MTHFD1	0.921245	-1.41567	0.29693	0.0702809	-0.827518
MTHFD1L	1.75194	-1.28177	0.790415	-0.563156	-1.37218
MTHFD2	-2.39427	-1.08475	-3.83257	-3.29413	-2.35764
MTHFD2L	-3.13519	-2.28053	-4.56934	-1.66345	-1.20882
MTIF2	0.946866	1.10876	0.909298	-1.3325	-0.773126
MTIF3	-3.61667	-2.72891	-3.84778		
MTM1	-4.66586	-5.07375	-4.88881		
MTMR1	-1.83942	-1.30626	-1.59437		
MTMR11	-1.23265	-0.494373	0.0460749	1.80559	2.08146
MTMR12	1.07694	0.66063	0.706759	2.18994	1.55778
MTMR14	1.71115	2.60602	1.23606	1.8459	2.23003
MTMR2	1.50961	2.20497	3.90685	0.101065	0.538661
MTMR3	1.04682	-0.272299	0.879629	0.249235	-0.302108
MTMR4	1.71158	2.37434	2.7222		
MTMR6	0.755574	0.0274749	-0.0139044		
MTMR9	7.08469	4.74672	5.11508		
MTMR9LP	-2.97633	-3.19381	-2.84347	-1.83223	-2.39118
MTO1	0.208222	0.586647	-1.07677		
MTPAP	0.480863	2.00409	1.87968	2.85651	3.29303
MTR	-0.373327	1.20873	-0.0199462		
MTRF1	-2.49514	0.236712	-3.71802	-0.53534	0.229023
MTRF1L	0.0828532	0.995563	-0.270357	-0.342523	0.24473
MTRR	-0.185245	1.00367	0.142814	-2.10977	-0.917711
MTSS1	-0.153509	-0.982194	0.666315	-1.30527	-1.61611
MTSS1L	-1.86541	-2.79007	-1.76657	-4.51772	-4.0357
MTTP	-0.789169	-0.607588	-0.387419	-3.06317	-3.17503
MTUS1				-1.88923	-1.27946
MTUS2	1.95902	2.7458	2.21042	1.47764	1.95241
MTX2	1.74602	1.39193	1.66602		
MTX3	1.35199	1.49803	2.6482		
MUC1	-5.9373	-5.60069	-4.30809		
MUC20	-0.845209	1.30552	0.773516	0.341847	1.25422
MUC4	-2.92226	-3.76395	-3.03935		
MUCL1	3.33172	3.28747	8.72956	2.45264	2.59803
MUL1	2.52479	2.27641	2.64484	2.44108	2.36711
MUM1	2.13871	3.22409	2.28722	6.99286	7.94566
MUM1L1	6.29889	2.24512	6.21743	5.52	3.7853
MUS81	-3.43406	-2.62615	-3.49651		
MUT	-0.018097	-1.37348	-0.652262		
MUTYH	-1.19842	0.482248	-0.280721	0.73015	1.42104
MVB12B	-1.40748	-1.15225	-0.723039		
MVD	2.96528	0.880901	2.2878	0.916718	-0.175427
MVK	0.564654	1.06011	0.651781		
MVP	-1.12286	-0.0751696	-1.44482	-3.33903	-1.95269
MX1	-0.419631	1.13656	1.98562	-0.413988	0.425835
MX2	-2.09091	-1.41364	-1.89125	-1.02608	-0.92441
MXD1	2.10927	3.12071	4.29432	7.65042	7.65611
MXD4	-2.64553	-1.65374	-2.9029	0.652298	1.29384
MXI1	-2.60783	0.257688	-2.42496	1.20125	2.05098
MXRA5	0.322563	0.613311	1.33861		
MXRA7	3.98309	2.67083	6.34302	2.08902	1.82049
MXRA8	-0.755666	-1.47497	0.538537	0.815229	0.789084
MYADM	2.5679	0.152746	2.30762	-0.0556383	-1.30382
MYADML2	1.79252	2.52684	2.9349	-0.549669	-0.0781291
MYB	3.45537	-0.687439	0.893275	0.274005	-0.822934
MYBBP1A	2.55475	3.41959	1.66171	2.20019	3.15634
MYBL1	0.7021	0.998123	1.67835	-0.264105	-0.0824233
MYBPC1	1.97619	0.0238898	2.30722	6.12972	4.10064
MYBPC2	2.49112	1.29062	4.55064	2.53237	2.00594
MYBPC3	-1.44136	-0.857248	-1.62955		
MYBPH	-2.87042	-2.91745	-2.69208		
MYBPHL	2.27213	3.42153	1.95154	2.7552	3.11551
MYC	0.389192	1.40143	1.1082	-0.629991	0.0377128
MYCBP2	3.37736	2.66686	1.87088		
MYCBPAP	3.37371	4.31003	2.83877	4.94691	5.81991
MYCN	-1.14636	-2.69632	-1.17565	-2.07733	-2.60966
MYCNOS	0.123396	-1.65897	-1.37096	-1.70758	-2.19517
MYCT1	0.165685	0.791777	0.663683	-0.700636	-0.746416
MYD88	-5.77915	-5.51357	-4.83277		
MYDGF	3.73981	-0.777481	2.79779	0.554049	-0.626464
MYH10	1.37253	0.0622174	1.72073	-0.928307	-1.78544
MYH15	-0.535351	-1.8424	-1.02461	-1.46721	-1.99839
MYH7	4.09264	0.621568	4.6082	4.97566	1.87322
MYH7B	0.803903	2.20439	0.902297	-0.107541	0.924437
MYL12A	-5.90897	-3.55033	-5.87818	-4.61695	-3.32698
MYL12B	-0.549872	-2.36192	-1.59371	-4.51335	-3.63857
MYL3	-3.31791	-2.19522	-2.1043	-0.262276	-0.389822
MYL5	0.846267	-1.4719	1.04482	-0.0405079	-1.07786
MYL6	-1.90288	-3.07534	-4.15371	-2.51274	-3.1099
MYL6B	1.27702	-0.954312	-0.371509	0.625495	-0.316056
MYLIP	-0.855593	-1.80831	-0.769492	-2.63407	-3.13981
MYLK	-2.89963	-1.35904	-3.06456	-2.2887	-1.44384
MYLK2	-1.27386	0.393138	-1.25735	-2.10429	-1.30522
MYLK4	-0.0954826	0.408227	-0.491688		
MYMK	-1.51531	-2.24574	-1.21945		
MYMX	-2.74751	-1.35382	-2.32483	-1.09255	-0.107828
MYNN	-1.35577	0.382377	-1.65172	0.538698	1.3999
MYO10	-0.458547	-1.34178	-0.231118		
MYO15A	3.35293	3.77155	4.11907	4.56824	4.35741
MYO16	-2.35249	-3.20937	-4.31608	-1.85498	-2.32833
MYO19	-1.8558	1.12587	-1.23424	-0.619187	0.772142
MYO1B	1.9679	3.04029	2.18183	1.85156	2.55243
MYO1D				-2.90721	-2.21219
MYO1E	-1.09864	0.772858	0.0147297	-1.49346	-0.583507
MYO1F	-3.34275	-3.36808	-3.97532	-5.94824	-6.04461
MYO5A	1.86049	2.56215	2.52171		
MYO5B	2.02975	1.80841	2.26754	0.258967	0.425317
MYO5C	1.43538	2.61249	2.33336	2.90731	3.89548
MYO7A	0.55426	-0.404756	-0.485697	1.42437	1.15859
MYO9A	0.638482	1.41985	0.0630892		
MYO9B	-2.83654	-0.884119	-2.37833	-4.14831	-2.79185
MYOF	-3.82681	-3.55784	-4.15039	-4.70942	-5.03514
MYOM1	-2.58625	-3.07003	-2.62352	-1.21444	-1.49048
MYOM2	2.31343	1.44197	4.15178	-0.128947	-0.402877
MYOT				-0.501339	0.034382
MYOZ3	-0.418395	0.698254	-0.72163	-2.08391	-0.822762
MYPOP	-0.050852	0.395696	-2.07832		
MYRIP	0.483885	-1.15822	-0.171308	1.39285	-0.040087
MYSM1	1.60268	2.55312	2.15615	0.94429	1.71774
MYT1	-1.50825	-2.1473	-1.17854	-0.721504	-0.909456
MYT1L	-3.91053	-0.0228346	-3.82713	-1.14925	-0.578171
MZF1	1.78635	2.50917	1.9449		
MZT1	1.64941	0.229442	0.410022	1.7493	1.04059
MZT2A	0.870497	-1.14528	-0.217188	0.124034	-0.819264
MZT2B	1.03665	-1.07218	-0.171862	0.994175	-0.439967
N4BP1	1.87284	2.51905	2.89095	2.61678	3.3001
N4BP2	-0.0260846	1.25407	0.225476	2.24359	3.19051
N4BP2L1	0.312928	1.75699	1.14421	2.78975	4.04087
N4BP2L2	-0.562565	1.50643	0.00132786	0.975618	1.81293
N4BP3	2.68118	3.31237	1.71084		
N6AMT1	0.628803	-0.712244	0.198349		
NAA10	0.851016	-1.23337	-1.29131	-0.845666	-1.62276
NAA11	-0.00870328	-1.56536	-1.79895		
NAA15	5.00357	5.58561	4.64655		
NAA16	-4.46364	0.432766	-2.85169	0.8532	1.673
NAA20	0.441304	-0.0585583	-0.806038		
NAA30	4.16179	-0.477427	2.45173	1.51414	-0.0956356
NAA35	2.81088	0.448036	1.86849		
NAA38	1.36671	-0.596231	-0.150205	0.401196	-0.331689
NAA40	-2.53443	-0.492103	-1.94042		
NAA50	1.6534	3.04468	1.69206		
NAAA	-2.04307	0.771798	-0.197621	-1.56056	-0.214448
NAALAD2	-2.45407	0.876209	-1.99062	-1.23596	0.425647
NAB1	-0.341074	1.04632	0.778039	1.62729	2.57002
NAB2	0.714501	1.57891	0.747497		
NABP1	-0.861081	-2.32719	-1.27852	-7.02798	-5.37328
NABP2	0.81463	1.81427	-0.0150936		
NACA	-2.52878	-3.09665	-2.92575		
NACA2	-2.73779	-3.25637	-3.12604		
NACAD	0.52936	0.207377	0.736847		
NACC1	-1.51136	-2.3619	-1.66488	-0.0940018	-0.858756
NACC2	-8.19751	-3.44668	-5.66123	-5.86109	-4.22059
NADK2	1.03243	-1.17784	1.91482	2.74732	0.971382
NAE1	1.66146	2.1718	1.95221		
NAGA	-3.34398	-3.49326	-3.61829		
NAGK	0.952741	-1.57174	0.877929	-0.576107	-1.36457
NAGLU	-0.699424	-0.993723	-0.141539	-1.68852	-2.05299
NAGPA	4.4301	3.84315	5.3178	4.04266	4.48447
NAGS	-1.3107	-0.787686	-1.04065		
NALT1	-3.64894	-4.1063	-2.63631		
NAMPT	-0.318885	-0.315827	0.523391		
NANOS1	1.82041	-0.729363	2.28233	2.73044	0.54761
NANS	-1.54163	-1.76514	-2.3146		
NAP1L1	2.32096	3.2841	4.50144	1.57789	1.96835
NAP1L2	0.444217	1.91263	0.944586	-0.382712	0.594841
NAP1L3	3.8472	4.71004	5.23158	5.83212	7.13724
NAP1L5	5.6612	5.25012	7.46877	5.10586	5.30423
NAPA	0.111555	1.08498	0.121614	-1.44479	-0.90486
NAPB	3.79402	2.88054	4.12288	1.11001	0.867968
NAPEPLD	4.1908	4.92695	2.94158	4.54284	5.07312
NAPG	-0.535527	0.109226	-0.588447	-4.17406	-3.1837
NAPSB	-4.17182	-4.39197	-4.21026	-4.05769	-3.48599
NARFL	0.949416	1.97242	1.07		
NARS	-3.07329	0.383374	-4.01739	-2.66402	-0.652828
NAT10	-4.00323	-3.40813	-4.26406		
NAT14	-0.143975	-1.24377	-1.36716		
NAT6	4.65606	3.55567	4.00462		
NAT8L	0.0913372	1.38561	0.317782	-1.14089	-0.148845
NAT9	-0.240172	1.24846	0.413263		
NAV1	-1.34793	-2.06865	-1.30855	-0.211961	-0.757256
NAV2	-3.66232	-4.22056	-3.3112	-1.44143	-1.83546
NAV3	3.955	0.427998	4.60543	5.04378	2.02638
NAXD	-2.21586	-0.796873	-2.26351		
NAXE	1.70932	-0.331735	0.837268	0.545458	-0.435806
NBAS	2.1534	0.35352	1.63996	-0.784745	-1.77722
NBDY	0.219381	-1.65459	-0.416753	0.538897	-0.699457
NBEA	4.21646	2.71987	3.18689		
NBEAL2	-2.14946	-1.07446	-1.0495		
NBPF1	-5.4333	-2.38964	-5.08702		
NBPF10	-3.64585	-1.35865	-2.43603		
NBPF11	-3.44002	-1.00406	-2.11275		
NBPF3	-4.61743	-2.15313	-5.25303	-1.16369	-0.46916
NBR1	-1.90485	-0.440633	-1.03101		
NCALD	1.92084	3.40639	2.24834	4.60284	5.74145
NCAM1	-1.14867	-2.10785	-1.26506	-0.0927598	-0.537929
NCAM2	1.53656	-1.10991	0.188317	0.0481959	-1.02885
NCAN	0.145321	-1.20381	0.59119	3.09178	1.23133
NCAPD2	-2.35077	-0.139711	-1.77452	-4.71698	-2.43815
NCAPG2	-2.25625	-3.08563	-2.19104		
NCAPH2	3.84946	1.1544	2.47295	1.91512	0.829657
NCBP2	-1.85168	-2.96695	-2.00026	-2.69926	-3.24816
NCDN	-1.43317	0.417954	-1.2188		
NCEH1	2.6376	3.02578	5.5982	1.7739	2.1265
NCF1C	-5.69269	-5.90222	-6.32026		
NCK2	0.662471	2.28159	0.975613	5.3	5.02531
NCKAP1	4.30528	1.28175	3.57439		
NCKAP5	-6.58777	-4.84874	-5.58368		
NCKIPSD	-1.79316	0.993462	-1.08687	-0.530366	0.653032
NCLN	1.45247	0.00318125	0.90336		
NCOA2	1.68272	3.52183	2.24181		
NCOA3	-4.53474	0.917128	-3.13217	-0.468356	1.14367
NCOA6	-0.0176162	0.15229	0.0352544	0.817172	0.628959
NCOA7	0.968568	0.189601	1.7292	-0.884182	-1.2941
NCOR1	-0.580899	0.502844	0.238413		
NCOR2	-1.36297	0.639063	-2.39044	-0.567366	-0.0563612
NCR2	-3.03144	-3.4131	-2.54754		
NCS1	-2.71427	-2.637	-2.99413	-1.5686	-1.58759
NDC1	0.496861	0.453347	0.469473		
NDE1	-1.14809	-0.0299291	-0.600663	-3.63832	-2.61592
NDEL1	5.67475	4.74099	9.09454	3.41482	3.73118
NDFIP1	3.81581	1.14104	3.02543	4.07431	1.80953
NDFIP2	3.15599	3.00854	3.79208		
NDN	-1.02156	-1.65174	-2.50882	0.0867982	-0.13979
NDP	2.07097	-0.404488	1.86864	4.61782	3.27704
NDRG2	-2.06296	-2.56078	-2.09324		
NDRG3	-1.11122	0.832014	-1.57345	-2.80087	-1.16624
NDRG4	-1.30255	-2.22237	-1.97525		
NDST2	-0.723625	-2.43409	-2.32954	-1.95878	-3.12045
NDST3	7.59235	4.4688	9.3194	6.98812	6.04394
NDUFA10	-0.462063	1.39417	0.332282	0.55887	1.47443
NDUFA11	0.786199	-1.38555	-1.20208	-1.03225	-1.74958
NDUFA12	-0.524798	-0.710774	-1.87018	-1.62481	-1.67926
NDUFA13	1.21378	-0.718192	-0.536292		
NDUFA3	0.178241	-1.31866	-1.21664		
NDUFA4L2	-1.30563	-0.41635	-1.27201	-0.361387	0.152686
NDUFA5	0.81173	-0.719325	-0.36574		
NDUFA6	-0.59527	-1.5474	-2.11733	-1.48822	-1.99618
NDUFA6-AS1	-1.16805	-2.79186	-1.59264	-0.177661	-0.981346
NDUFA7	-3.59347	-4.16916	-4.53057		
NDUFAB1	0.709357	-0.767063	-0.296105		
NDUFAF1	0.953913	-0.751792	-0.408557		
NDUFAF2	-6.09226	-3.56436	-5.08232	-4.31682	-3.53395
NDUFAF3	-0.218842	-1.49239	-1.01321		
NDUFAF4	1.57256	1.62419	4.56129		
NDUFAF4P1	0.151943	-0.623411	0.78265	-0.811202	-1.33108
NDUFAF5	0.603297	2.02438	1.26347	-0.617593	0.087998
NDUFAF6	-2.54265	-1.10546	-2.55952		
NDUFAF7	-2.78876	-0.312614	-2.10731		
NDUFAF8	0.338955	-1.56852	-1.13714	-0.361461	-1.43528
NDUFB1	-1.25163	-2.07743	-2.73582	-2.06224	-2.32674
NDUFB10	-0.405184	-1.11841	-2.36528		
NDUFB2-AS1	1.37247	-1.07937	-0.960328	-1.5092	-2.3874
NDUFB3	-0.0930415	-1.49083	-2.18545		
NDUFB5	-1.01088	-0.994612	-1.5915		
NDUFB6	-1.30758	-2.43485	-3.27768	-4.02458	-4.73683
NDUFB8	1.30767	-0.440431	0.738611	0.935657	0.115448
NDUFB9	-2.2286	-1.97079	-3.61821	-3.62732	-3.31803
NDUFC1	-1.44298	0.392552	-3.51084		
NDUFC2	3.89358	-0.660857	2.25992	0.295766	-0.891399
NDUFS1	-0.187591	1.349	0.101828	-1.3926	-0.263276
NDUFS2	-0.564527	0.0137774	-0.927801		
NDUFS4	-6.06476	-2.79857	-6.88888		
NDUFS6	-0.474401	-1.78374	-1.52878		
NDUFS7	1.05545	1.67167	1.01623	-0.411317	0.0894919
NDUFV1	2.48467	2.30121	2.24084		
NDUFV2	-0.458394	-0.488305	-2.59156		
NDUFV3	-3.03124	-3.97453	-4.9014	-4.12015	-4.77912
NEAT1	-3.63783	-0.554038	-2.34327	-3.1879	-1.6313
NEB	-3.21751	-0.461472	-5.27178	-6.21102	-2.9479
NEBL	-3.06499	-3.13875	-2.82044		
NEBL-AS1	0.736456	-1.02285	1.93564	1.79357	0.26485
NECAB1	6.51698	5.18812	6.15111	4.30995	5.12636
NECAB2	1.83072	-0.719083	2.48335	3.10701	0.59134
NECAB3	-0.207512	1.11619	-1.43216	-1.83328	-1.12251
NECAP2	-5.49036	-5.1693	-3.78388	-1.89357	-2.08885
NECTIN1	5.2081	2.5179	3.09038	2.49408	1.80062
NECTIN2	0.342692	-0.990576	-0.270481		
NECTIN3	2.98296	2.54622	3.57987	2.35518	1.78722
NEDD4	-3.71849	-4.60737	-3.91129		
NEDD4L	4.51254	-0.246879	1.89913	1.58134	0.1592
NEDD8	2.3271	0.0449524	1.40208		
NEDD9	3.45787	4.9823	5.38968	4.06133	4.66205
NEFH	0.418533	1.36151	1.93612	-1.27068	-0.436858
NEFL	0.00991779	0.819759	0.100195	-2.48613	-1.39036
NEFM	-0.251036	0.688727	-0.837185	-2.96709	-1.60985
NEGR1	0.66739	1.83192	0.914327	2.38256	3.02348
NEIL1	1.26645	2.28313	2.59045	3.32976	4.06279
NEK1	-4.65627	-1.07706	-3.33412		
NEK10	-0.46597	0.037049	-1.50992	0.759397	0.958471
NEK11	-0.088252	-1.1841	0.0411606	1.29518	0.625222
NEK2	7.41844	0.538878	6.60467	4.36924	1.4446
NEK4	0.651807	2.09878	0.831902		
NEK6	-0.0291725	-1.26011	0.370424	0.895831	0.225471
NEK8	-0.666692	0.548432	-0.125762		
NELFA	-0.918351	0.927189	-1.41364	0.800506	1.77676
NELFE	2.05065	-0.84403	1.38405	0.416759	-0.721423
NELL1	0.863057	1.37171	-0.385418	2.0306	2.37537
NELL2	3.36067	1.57981	2.73162	2.71752	1.17787
NEMF	1.62261	2.71397	1.00144	3.07341	4.00223
NENF	-2.2115	-3.29735	-1.7984		
NEPRO	4.0928	0.412184	2.7456	0.448717	-0.691209
NES	-4.32953	-4.16658	-4.48223		
NET1	-0.688091	0.403822	-0.369902	-2.32953	-1.23998
NETO1	4.42072	1.22005	3.03853	1.6788	0.67545
NETO2	7.39973	2.56104	7.23567	5.20439	3.33522
NEU1	8.13538	5.50179	7.85244		
NEU4	-2.06103	-0.129442	-1.59237		
NEURL1	1.05727	-0.286546	0.523927	2.59947	1.8549
NEURL1B	-0.689156	-1.34327	-0.848386	1.25223	0.342627
NEURL3	-2.76454	0.393221	-1.59414		
NEUROD1	2.53109	2.29052	2.70648	3.82228	3.76198
NEUROD2	3.17271	1.34338	2.56349	1.23834	0.113212
NEUROD6	5.92453	2.01548	5.69914	6.00314	3.74551
NEXMIF	4.78106	1.67047	5.43472	4.56044	3.40897
NEXN	-2.99269	-0.253536	-4.36218	-5.88894	-2.30398
NF1	3.92487	3.08733	2.91133		
NF2	-0.868365	-0.443182	-1.14158	-0.033116	0.418955
NFAT5	-0.0555407	1.27778	0.809039		
NFATC1	0.098078	-1.309	0.652946		
NFATC2IP	-3.11228	0.180751	-2.90386	-1.53959	-0.324808
NFATC3	-1.56148	0.424192	-0.692167	-0.599732	0.36817
NFE2L1	1.32578	1.2079	2.5405		
NFE2L2	-4.44079	-3.97529	-5.2491		
NFE2L3	-2.13065	-1.88901	-1.86084	-4.40632	-4.19877
NFIA	-2.10188	-2.69878	-1.39836	0.0305034	-0.371862
NFIB	-1.33257	-2.72121	-1.91995	-1.686	-2.45016
NFIC	-1.54506	0.879699	-2.48485	-2.09065	-0.306679
NFIL3	1.5601	2.66197	2.0716	2.65006	3.5175
NFIX	-1.29181	1.25976	1.5701	0.734704	1.67273
NFKB1	-1.15624	1.17053	-0.878857	-0.535401	0.393948
NFKBIA	-0.50596	1.22095	-0.602897	0.769357	1.41497
NFKBIE	6.34844	0.936144	5.70088	5.33671	2.22785
NFKBIL1	1.57983	2.65965	1.75831		
NFKBIZ	-5.05771	-1.25767	-4.1693	-3.04486	-1.41942
NFS1	1.3346	1.1569	1.35936		
NFU1	-1.54047	-0.885431	-1.45993		
NFX1	0.10857	1.13949	0.138085		
NFXL1	0.092873	1.64184	0.378716		
NFYB	-0.703813	0.623641	-1.06573	-0.532956	0.0203694
NFYC	1.02773	2.25397	1.23293	1.67225	2.2826
NFYC-AS1	-0.896525	1.14053	-0.437292		
NGB	6.77188	4.59543	8.10122	13.2545	9.6705
NGDN	1.83456	2.66532	0.958478	0.992921	1.39428
NGEF	5.93916	5.46414	5.61614	4.00132	4.4418
NGLY1	-0.683902	1.17377	-0.445592	-0.775282	0.248946
NHLRC1	3.13008	-0.580341	1.51692	-0.843368	-1.65018
NHLRC2	0.0285084	2.03506	1.3757	3.72573	4.19788
NHLRC3	3.62917	3.40978	3.72744	4.25907	4.61842
NHLRC4	-0.866148	0.510803	-1.17477	0.892412	1.40119
NHP2	1.44556	-1.12837	-0.673317	-0.942313	-1.49468
NHS	-0.436578	-0.972392	-0.427858		
NHSL1	-1.86503	-2.59515	-1.80608	1.1001	0.361565
NICN1	3.73066	1.55942	2.13382	0.903802	0.0290767
NIF3L1	0.90846	1.56691	-0.134109		
NIFK	-3.54368	-2.26124	-2.76547		
NIM1K	-0.0194438	1.32021	0.172208	0.902613	1.48018
NIN	-2.91234	-3.20064	-2.6435		
NINJ1	-1.81704	-2.51114	-2.82804		
NINJ2	-2.08523	-1.42066	-2.51793	-3.43759	-2.55967
NINL	-1.41494	-2.04323	-0.605377	-0.138783	-0.321981
NIP7	1.45591	-0.531689	0.575797	-0.320738	-1.07724
NIPA1	-1.3901	0.448004	-0.56555	-2.73947	-1.22172
NIPA2	2.73917	3.43354	3.47322		
NIPAL2	2.47066	2.97064	2.33171	1.53243	2.01756
NIPAL3	-0.0651466	0.901315	-0.0505063	-2.38397	-1.21995
NIPBL				1.44118	2.08736
NIPBL-AS1	0.0907875	1.32425	0.822668	1.10494	1.76182
NIPSNAP1	2.45677	-0.484936	1.78436	0.290804	-0.657879
NIPSNAP2	-0.0441658	-1.17655	-0.17407		
NIPSNAP3A	-0.203269	-1.88874	-1.09034	-2.42096	-2.98987
NISCH	2.9452	-0.710068	3.57789	2.27717	0.176347
NIT2	1.4377	-1.46115	0.650493	-0.317509	-1.33633
NKAIN1	1.44598	1.40755	1.68496	2.20489	2.6078
NKAIN2	0.767783	-0.763059	1.08334	-1.08599	-1.64059
NKAIN3	-0.117158	-1.61996	0.267803	1.05054	-0.163445
NKAIN4	-0.274757	-1.78215	0.372414	0.619107	-0.598258
NKAPL	-3.26947	0.00611578	-4.04209	-2.3916	-1.05979
NKAPP1	-3.67621	-0.443072	-1.83763		
NKD1	-2.09466	-0.462511	-2.37532	-2.46581	-1.79892
NKD2	3.40351	0.0301328	4.35194	2.6559	0.576628
NKG7	0.0250007	0.390813	-0.470049	-0.527553	-0.260968
NKRF	2.954	3.39972	2.72142		
NKTR	-0.403289	0.861613	0.428582	1.79771	2.65284
NKX1-2	1.81799	3.48424	1.99548	1.60637	2.17788
NKX3-1	-4.16094	-0.802426	-5.88462	-4.30968	-1.9621
NKX6-1	0.528845	0.892684	0.456718		
NKX6-2	-0.144417	0.444975	-0.0647787		
NKX6-3	1.11738	2.62242	1.34627	1.96481	2.92218
NLE1	3.1807	-0.116595	2.1324	1.7884	0.259568
NLGN1	-2.51588	-1.62977	-3.57482	-0.957584	-0.876198
NLGN3	0.0914256	-1.34283	-0.817065	0.876951	-0.113688
NLGN4X	-1.64551	-0.635141	-2.07503		
NLK	4.807	4.94269	3.22008	2.6123	3.16999
NLN	3.33828	3.45929	5.94981	1.65299	1.8861
NLRX1	1.60757	2.47626	2.30576	1.38114	2.00529
NMB	-6.88487	-4.56231	-5.41136		
NMBR	-0.261539	-0.436733	-0.26492		
NMD3	-0.725483	0.930178	0.307365		
NME1	-0.485604	-1.48175	-2.36869		
NME3	0.431765	0.561764	1.09231		
NME4	-0.507605	-1.60497	-1.09759	1.65922	0.67094
NME5	-0.588535	1.30349	-0.762255	0.0892361	0.82174
NME9	4.12087	3.69038	3.84631		
NMI	-2.08637	-2.90695	-2.77148	-2.06002	-2.55517
NMNAT1	2.69713	1.61783	2.41902		
NMNAT2	6.80108	4.62402	6.36519		
NMNAT3	2.06765	-0.214049	2.13815	0.473842	-0.32988
NMRAL1	2.22104	1.24332	1.57054		
NMRK1	2.40893	3.38821	1.89334		
NMT1	2.29373	0.938591	2.06553	1.12348	0.211766
NMT2	4.07166	3.30857	3.31271		
NMU	5.99257	2.83367	4.56543	7.02839	5.32246
NNAT	-0.474081	-1.70739	-0.747389	-0.268451	-0.957393
NNMT	4.88725	5.03529	3.52947	2.33829	2.72292
NOB1	-2.03334	0.252954	-1.91422	-3.97953	-2.27617
NOC2L	-0.586224	0.582236	-0.243355		
NOC3L	-0.864717	-1.28735	-1.00191	-1.30073	-1.29553
NOL10	-0.258857	1.53691	0.0433234		
NOL3	-3.5004	-3.60609	-5.1114	-5.76759	-5.61074
NOL4	4.32665	1.06517	7.32156	7.85106	2.55539
NOL4L	0.69314	-1.49625	0.0626351	0.835306	-0.257684
NOL6				-2.53068	-2.56713
NOL8	-2.29084	-0.749167	-1.56419		
NOL9	-0.0439523	-1.15491	-0.147714	-1.09025	-1.71122
NOM1	-0.998457	0.899486	-1.08322	-0.688622	0.304248
NONO	-2.05614	-0.124196	-1.48498	0.335214	1.11487
NOP16	1.24493	-0.563681	0.583158	-2.10544	-2.90411
NOP2	1.08169	2.00671	1.74582	1.71596	2.21861
NOP53	-0.811453	1.4437	-0.308117	0.64169	1.6611
NOP56	4.22582	1.32584	3.28391	2.6186	1.59391
NOP58	-0.752793	0.22983	-1.29194		
NOP9	-0.284032	1.25537	0.374376		
NORAD	3.88267	0.582882	2.6654		
NOS1	-2.94256	-3.34515	-2.96638	-0.97415	-1.3444
NOS1AP	-0.334022	0.297659	0.566579	-0.351143	-0.88457
NOS2	4.50999	4.61758	3.99295	2.51789	3.09027
NOS3	-2.56632	-1.42429	-1.78335	0.0910453	0.264075
NOSTRIN	-2.24629	-0.483565	-2.09606	-1.69543	-0.945954
NOTCH4	0.180316	1.14829	0.875381	-0.0222824	0.326703
NOV	5.08589	0.942957	5.80895	6.75479	2.48967
NOVA1	3.51128	4.23224	5.77398	2.5897	3.09483
NOVA2	3.42455	-0.128832	3.36449	2.3327	0.450283
NOX4	0.200665	0.955644	0.198037	-1.51599	-0.954321
NOXA1	4.55766	5.00769	8.02719		
NOXO1	1.03678	2.6477	1.45462	3.45882	4.5047
NPAS1	4.52864	4.41058	4.41906		
NPAS3	-1.28935	-1.98038	-2.03147	1.64721	1.01745
NPAT	-1.34937	0.212148	-0.391753	-0.0479566	0.64954
NPB	-0.574608	-1.20354	0.0159129	-0.601748	-1.10363
NPC1				-2.07923	-1.5714
NPC2	-4.82141	-5.16246	-5.07695	-4.84754	-5.35708
NPDC1	3.1666	1.11241	2.76829	2.34022	0.926823
NPFFR2	0.129017	-0.304262	-0.0946666	-1.70535	-2.50819
NPHP1	1.04453	0.0488372	0.504923	1.95721	1.08557
NPHP4	0.365945	1.70382	0.667376		
NPHS1	1.07953	-1.28342	0.726624	-1.33834	-2.73295
NPIPA8	-2.04334	0.618102	-1.03022	0.578619	1.35972
NPIPB11	0.11752	1.32561	0.551224		
NPIPB15	-1.3456	0.666269	-0.226544		
NPIPB2	-2.63638	-1.80547	-2.07079		
NPL	-0.535645	-1.33069	-0.476517	-0.134356	-0.378591
NPM1	-3.32756	-3.86899	-3.52581	1.05407	0.159066
NPM2	-0.19108	1.48527	-0.307782	2.4412	3.10399
NPM3	1.26661	-0.814258	0.455755	-0.684337	-1.3172
NPNT	-2.18912	-2.48493	-3.10346	0.0786335	0.00969946
NPPA	2.92558	0.367694	2.33679	2.03985	0.759201
NPPB	0.357753	1.79315	0.126129		
NPR2	-0.865061	0.583305	-0.732888		
NPR3	0.602103	1.44277	-0.0199748	2.60629	3.64603
NPRL2	5.4783	3.97467	5.6311		
NPTN	1.49144	2.03328	0.02598		
NPTX1	-0.50933	-2.34456	-1.47872	-1.58562	-2.41774
NPTX2	2.32687	-0.511692	0.0450595	0.190079	-0.795229
NPTXR	1.56951	-0.931181	1.24617	0.768867	-0.452982
NPY	-0.749704	-2.30276	-0.927902	-1.82091	-2.60725
NPY1R	4.6655	1.14283	3.99908	5.06308	2.15846
NPY2R	-1.45755	-0.190907	-1.50799		
NPY5R	7.33578	2.22718	7.02795	4.7944	2.76964
NQO1	-1.14747	-2.34799	-2.69619	-1.51757	-2.30657
NQO2	0.0349579	0.0376007	-1.10679		
NR0B1	-1.65867	-2.33903	-2.15461	0.559326	-0.416313
NR1D1	-0.0129522	1.51246	-0.354279	2.64315	3.1921
NR1D2	1.49963	2.55387	1.11149	2.69087	2.92756
NR1H2	0.3936	1.92028	1.05176	1.43635	1.97719
NR1H3	2.23096	-0.182728	1.04434	1.64615	0.712455
NR2C1	-1.96841	0.862671	-1.70553	-0.367437	1.11353
NR2C2	-2.18083	-1.02157	-2.9892		
NR2C2AP	0.376567	0.511614	0.241505	2.32506	2.33447
NR2E1	0.154972	-1.1018	-0.0643116	1.85106	1.00778
NR2F1	-0.925985	-0.777208	-3.21389	1.37877	1.45627
NR2F1-AS1	0.902742	1.87368	1.2919	4.6045	4.99278
NR2F2	-2.56665	-3.72654	-4.54918	-3.18873	-3.61509
NR2F2-AS1	-3.0031	-3.65656	-4.25964	-2.16228	-2.42834
NR2F6	3.98937	4.47347	3.46343		
NR3C1	1.87657	2.71669	4.21996	3.03154	2.77036
NR3C2	1.26441	2.50476	1.61921	4.58945	3.63481
NR4A1	1.3194	2.29668	2.11412		
NR4A2	-2.74077	-4.32059	-2.55712	-4.10368	-5.37551
NR4A3	2.78078	0.902529	4.35022	3.96377	2.25635
NRAP	0.89682	0.0703144	0.81357	1.70565	0.957032
NRAS	-0.459437	-1.67178	0.541263	-0.635018	-1.19835
NRAV	3.23862	2.82017	2.28977		
NRBF2	0.011093	1.07117	0.0148084	-0.527612	0.322057
NRCAM	5.90535	2.42241	5.57862	3.98809	2.53448
NRDC	1.38719	-0.364081	0.790091		
NRDE2	-0.500823	0.915923	-0.0170866		
NREP	2.653	3.01257	5.06164	3.25324	3.28286
NRF1	-0.776142	0.656686	-0.457113		
NRG1	0.687259	1.60614	2.61006	-0.526028	0.0209985
NRG2	-4.33605	-0.0393098	-3.7798	-0.842267	-0.0893179
NRG3	3.4185	2.38469	4.09299	3.1683	2.06978
NRG4	-2.00398	-1.89691	-3.38603	1.10006	1.69191
NRGN	2.53758	2.77457	2.14809	1.6551	1.97149
NRIP1	4.7013	4.72147	4.48964	3.33539	3.53988
NRIP2	-1.46541	0.156882	-1.14521	-5.14443	-2.9276
NRIP3	-2.12515	-2.329	-4.10512	-6.73006	-6.65992
NRL	-0.498155	-1.538	-0.223032	-1.14017	-1.57775
NRN1	3.19732	4.00019	2.32771	1.74602	2.23519
NRN1L	1.10636	0.628815	0.63351	0.409063	0.149911
NRP1	0.0653276	-0.656695	1.68992	-0.534802	-0.945415
NRP2	-1.40163	-2.22621	-2.99352	-0.287941	-0.848549
NRSN1	4.49096	5.37475	5.22456		
NRSN2-AS1	-0.354542	-1.12161	-0.150157		
NRXN1	4.74228	4.2863	3.57874	7.17093	7.58154
NRXN2	-0.056655	-0.565577	-0.0641596	-0.0366114	-0.447234
NRXN3	2.27084	2.81044	2.17648		
NSA2	-0.255823	-1.46228	-0.966521		
NSD2	-0.283556	-1.8044	-0.685484	-2.15267	-2.71843
NSD3	5.83429	4.10978	5.08589	4.62318	5.05956
NSDHL	0.541461	-1.10016	0.325806	-2.12833	-2.76656
NSF	1.3435	0.802145	1.07498		
NSFL1C	4.70977	-0.822929	3.03556	1.56205	-0.489712
NSG1	1.53385	1.89973	2.46609	0.0899445	0.224918
NSG2	0.677595	-1.11769	0.49164	1.28037	-0.135917
NSMAF	1.24234	2.41193	2.16027	3.3203	4.13101
NSMCE1	-0.915002	-2.25304	-1.47066	-0.953661	-1.68507
NSMCE2	-1.3364	-0.201155	-2.991		
NSMCE4A	-6.61267	-3.09182	-4.75024	-2.37654	-2.20413
NSMF	-0.527983	-1.54145	0.0197484	0.878605	0.00453762
NSRP1	-2.82522	-1.14572	-2.92503	-3.16194	-1.92671
NSUN2	-0.419095	1.12493	0.391791		
NSUN3	-1.15275	1.04279	-0.766629	0.299083	1.34508
NSUN4	1.66072	2.29674	1.37493		
NSUN5	1.91298	2.64726	2.05964	2.95238	3.5654
NSUN5P2	1.05817	1.94451	1.61032	2.34362	3.01877
NSUN6	0.148978	-0.584582	-0.87933	1.93558	1.60124
NT5C	0.085721	-0.175729	0.289474		
NT5C3A	-2.45749	-3.38889	-4.51542	-0.862314	-1.33354
NT5DC1	-0.491806	0.916922	0.336294	-2.60826	-0.847351
NT5DC2	5.13172	0.715078	3.42546	4.96471	3.22872
NT5DC3	4.21845	-0.547235	2.31549	4.06448	0.667011
NT5E	-1.56713	-2.52939	-1.79388	0.614856	0.0304061
NT5M	0.53378	1.99751	1.66544	0.766106	1.52473
NTAN1	-2.20409	-2.99665	-2.77517		
NTF4	0.95916	1.99555	1.55624		
NTHL1	1.7481	2.24126	1.88559	0.125008	0.301245
NTM	1.4733	2.72667	2.40304	5.91131	6.57135
NTMT1	1.50205	0.498482	1.20998		
NTN4	4.38949	5.19272	4.52136	5.03253	5.76301
NTNG1	-2.111	-0.664283	-2.63469	-0.608757	-0.0163701
NTNG2	0.928478	-0.840275	0.264691	0.487943	-0.674871
NTRK2	-0.357316	-1.47635	0.145974	2.40487	1.54592
NTRK3	3.78684	1.05939	2.91484	1.56557	0.526093
NTSR1	1.07314	-1.02827	1.42261	0.711112	-0.488734
NTSR2	-1.03095	-2.02183	-0.860009	0.937505	-0.0189109
NUAK1	7.25944	6.6313	7.60761	5.85562	6.3058
NUB1	-2.37961	0.925394	-1.09473	0.567556	1.45558
NUBP1	0.523651	0.653323	-0.0243006	-0.304844	-0.184854
NUCB2	-2.7782	-3.56342	-6.05998	-1.17162	-1.44461
NUDCD1	3.95924	1.50932	2.28572	2.65615	1.9245
NUDCD3	0.385698	0.840616	-1.34553		
NUDT1	-0.212197	-0.380837	-0.30454	-2.90153	-3.00852
NUDT10	3.65871	-0.0084832	3.4179	0.732377	-0.685634
NUDT11	4.59401	-0.498499	3.42685	2.37915	-0.196858
NUDT12	0.81438	2.32012	0.626417	0.404348	0.985032
NUDT14	4.33893	0.267296	4.42253	2.57361	0.573157
NUDT15	-0.557779	0.497948	-0.917753	-0.677924	-0.0364617
NUDT16	5.77172	0.845452	4.81935	2.61721	0.77886
NUDT16L1	1.56254	-0.680009	1.50508	0.236162	-0.793004
NUDT17	-0.00312809	-1.50844	-0.236015	-0.132824	-0.688807
NUDT18	2.90183	0.218836	1.9246	-1.47673	-2.38287
NUDT2	2.51916	-0.694509	0.272961	-0.462658	-1.21696
NUDT21	0.726596	-0.0925669	1.11352		
NUDT22	0.76091	1.74963	1.66148	-0.919919	-0.262341
NUDT4	7.27911	2.80033	6.32358	6.39552	3.19689
NUDT5	-1.7566	0.179948	-3.19507	-2.33858	-1.1175
NUDT6	-1.05586	0.264694	-1.40807	-0.441509	-0.0578928
NUDT7	-2.15918	-2.9211	-3.04306		
NUDT8	-1.70764	-0.0861941	-3.13567	-1.3823	-0.318675
NUDT9P1	5.42964	4.41394	6.80129	6.74016	6.00416
NUMB	2.28307	3.19663	4.20321	3.37692	3.73595
NUMBL	-1.03678	-2.19006	-2.94923	-0.301111	-0.873745
NUP107	0.0342555	1.86143	1.65347	0.506568	1.2898
NUP153	-0.721891	0.680361	-0.252151	-0.105396	0.776576
NUP155	-1.0589	0.291297	-0.652504		
NUP160	-0.646589	1.11796	0.00557489		
NUP188	-0.368505	0.950167	0.0558242		
NUP205	-0.553918	1.10136	0.336745	0.62465	1.49912
NUP210	-0.0678661	1.45423	0.752953		
NUP35	0.864904	2.00555	1.43209	1.28669	1.94962
NUP50	5.80021	6.19669	5.42547		
NUP54	-0.863131	1.18946	0.141914	0.150113	1.15663
NUP58	-1.36765	0.400126	-0.367111		
NUP85	4.00564	2.05845	3.49549	2.89918	1.75719
NUP88	0.356016	-0.0400646	0.721771	0.644547	0.569363
NUP93	0.909517	1.23241	0.354717	-2.97387	-2.60039
NUP98	0.43493	1.75874	0.472645		
NUPL2	-2.19408	-0.0102629	-2.62328	-0.846819	0.126708
NUPR1	-2.31146	-3.03697	-3.26598	-0.537882	-1.32337
NUPR2	-0.670837	-1.76577	-3.35515	0.30228	-0.622665
NUS1	1.88662	-0.676773	2.44554	2.63261	0.668944
NUTF2	0.315683	-1.39991	-0.253962	-1.73444	-2.2119
NUTM2B-AS1	-1.26416	1.01943	0.099654	0.0969513	0.965476
NVL	-0.606514	0.728001	-0.760949	0.353446	0.854975
NWD1	-0.692901	-1.7188	0.138694	1.78877	1.23108
NWD2	4.28893	1.41569	4.31722	6.24852	2.43489
NXF5	-0.922246	-2.0756	-1.7833		
NXN	0.015019	-1.81789	-0.360845	0.498315	-0.256416
NXNL2	-0.254844	0.640347	-0.172477		
NXPE3	-1.0803	0.708869	-0.491438	-2.5163	-1.03849
NXPH1	0.469032	-0.896305	1.09437	1.12798	0.367606
NXPH3	-0.831519	1.25882	-0.64744	1.63661	2.15057
NXT2	-3.23281	-3.74115	-3.01981		
NYAP2	0.147967	-0.0701402	0.519317	2.24405	1.81211
NYNRIN	0.641636	-1.18645	1.76189	2.12523	1.34106
OAF	-0.115334	-1.36786	-0.725054	2.97699	1.97401
OARD1	3.28945	-0.0167021	0.999065		
OAS3	-1.59175	-2.47801	-1.38539		
OAT	0.168673	-0.0658853	-0.278775		
OAZ1	1.61349	-1.07364	-0.362201		
OAZ2	1.29909	-0.599604	0.935529	-1.00294	-1.92595
OAZ3	1.62629	-0.678155	1.31539	-1.02429	-1.84114
OBSCN	0.870181	-0.922643	0.0943065	1.52428	0.625914
OBSL1	2.42935	3.76158	2.47648	3.86467	4.53563
OCA2	5.31016	1.1416	4.30783	3.09594	1.15078
OCEL1	1.57888	2.28688	2.55076	-0.771758	-0.295667
OCIAD1	3.37517	1.4117	2.53593		
OCLN				-0.0618994	0.0528727
OCRL	5.34273	2.56505	5.23679		
ODC1	-0.0519431	-1.01277	-0.733385		
ODF2	3.11683	3.35757	3.28389	3.83503	4.03918
ODF2L	-0.89819	0.646352	-0.56256	0.904259	1.68014
ODF3L2	-3.27793	-2.496	-2.27628		
OFD1	-1.35335	-0.587703	-0.47916		
OGDHL	2.045	2.89627	5.94612	1.17643	1.61938
OGFOD2	-0.159474	1.62876	0.0347325	-1.00162	-0.101069
OGFOD3	-0.95663	0.638741	-0.553112	-0.609103	0.0812208
OGFRL1	-1.59512	-0.458105	-0.83762		
OGG1	0.310698	-1.33375	-0.450916	1.31454	-0.171595
OGN	-2.10457	-3.09838	-2.11284	-1.19357	-1.31297
OGT	0.908171	2.00774	1.17747	1.46984	2.20254
OIP5-AS1	0.445403	2.12843	0.647546	1.52907	1.89459
OLFM1	2.54339	2.32428	0.64279	0.451376	0.987894
OLFM2	-0.105711	-1.02435	-0.622522		
OLFM3	7.25115	4.11501	6.71973	4.45897	3.92435
OLFM4	3.68904	3.85527	8.64698	3.29002	3.47175
OLFML2A	-2.92209	-1.07356	-3.5726	-1.05938	-0.590967
OLFML2B	0.682186	-0.186605	0.235548	0.363082	-0.27135
OLFML3	-0.721872	-1.98784	-1.70341	-1.36452	-1.82907
OLR1	-1.83276	-0.133903	-1.96133	-1.19571	-0.204526
OMA1	-0.175955	-0.0710176	0.358699	0.165304	0.5661
OMG	-3.79213	-0.886264	-3.50709	-1.81356	-0.978789
ONECUT1	-2.02956	-3.28701	-2.35531	-1.93952	-2.79418
ONECUT2	2.05892	2.99189	3.15799	0.767481	1.34008
OPA1	3.59877	2.09938	3.64138		
OPA3	-1.59156	-0.465293	-1.26345	-1.89498	-2.68272
OPCML	6.86774	5.45242	6.47749		
OPHN1	-1.56387	-2.11657	-2.01018	-1.00055	-1.22499
OPN3	5.68067	5.8675	6.18327	4.64747	4.95363
OPN4	-0.834073	-1.16707	-0.339456	-4.68651	-5.87284
OPRD1	-0.695112	1.21827	-1.23575	0.139271	0.885833
OPRK1	0.423336	-1.56041	0.118095	-2.85494	-4.15302
OPRL1	0.0316722	1.39239	-0.592545		
OPRM1	6.11347	1.05249	5.27404	3.20922	1.03107
OPTN	3.55782	0.591002	2.0179	0.084722	-0.965999
OR10K1	1.67172	2.85386	1.77733		
OR13C5	-1.73007	-2.62639	-1.48463	-1.11617	-1.71966
OR14I1	5.573	2.84077	5.81542	2.43891	1.49133
OR1D5	-1.38772	-2.0929	-1.43606		
OR1E1	-2.13735	-0.122783	-1.16979		
OR2AK2	-1.52302	1.24895	-0.882654	0.793867	1.6324
OR2H1	-2.07604	-1.69088	-1.57454		
OR2L13	1.84491	2.82616	2.00898	0.596439	1.16221
OR2L2	-5.27668	-0.448889	-4.033	-2.4698	-0.799297
OR2L3	2.42962	4.14221	2.31491	5.71022	5.5177
OR2L8	2.21151	2.99835	2.43321	3.12492	3.68065
OR2M1P	2.3246	2.81807	2.22523		
OR2M4	-1.14926	0.514906	-1.32637	-0.578041	0.166157
OR4D10	0.394752	0.258321	0.236334		
OR7E14P	-2.22549	-2.99339	-2.62162		
OR7E156P	-5.57674	-3.32491	-6.04246	-5.99531	-4.95429
OR7E24	-6.36127	-2.39845	-4.74619	-4.26363	-3.72536
OR7E47P	-3.23922	-0.647119	-4.06432	-1.66581	-0.969258
OR7E91P	-0.312105	1.0808	0.390298		
OR8B8	-3.31423	-4.79931	-3.81193		
ORAI2	-7.05397	-4.84128	-9.93562	-4.89856	-5.41483
ORAI3	-5.3803	-2.27996	-4.72372		
ORAOV1	-1.02637	0.801589	-0.370871		
ORC3	-1.12831	-2.29236	-1.57995		
ORC4	1.81953	0.0504649	1.03651	1.78179	0.975159
ORC5	0.2297	-0.666444	-0.287413		
ORC6	3.78281	-0.261422	2.48415	1.64473	0.172055
ORMDL1	-0.973113	0.195824	-2.20715		
ORMDL2	-0.75419	-2.14052	-1.74771	-3.0522	-3.90684
ORMDL3	-0.733065	0.833598	-1.21679		
OSBP2	-1.46559	1.2573	-1.7416	0.118177	1.23561
OSBPL10	1.08782	0.672393	0.161787		
OSBPL11	-0.525755	-0.852945	-0.261765	1.22695	1.07548
OSBPL1A	1.32001	2.52575	1.60518	0.5278	1.2497
OSBPL2	-2.33277	0.456241	-1.00772	0.349714	0.960896
OSBPL3	1.00303	1.89649	4.35525	0.182103	0.662902
OSBPL5	1.06976	2.2382	2.03572	2.46207	3.23376
OSBPL6	0.788665	2.13141	1.26532	0.825969	1.44939
OSBPL8	2.54262	1.65007	3.48247		
OSBPL9	-1.72858	0.205603	-1.86431	-0.380139	0.0513042
OSCP1	8.01806	3.01001	8.5225		
OSGEP	-0.184432	1.46594	0.738535	2.84745	4.21422
OSGEPL1	-1.48912	1.04253	-2.49278	-0.371155	0.618304
OSGIN1	-0.264987	-1.21922	-1.6372		
OSGIN2	-1.62511	0.220466	-0.202831		
OSR1	3.53759	0.515187	2.71333	5.9827	2.45387
OST4	-3.04423	-2.69092	-4.44507	-3.12029	-2.71843
OSTF1	5.68796	5.36145	4.1624	2.31557	2.82855
OSTM1	1.2493	1.84115	1.89786		
OSTN	1.24014	2.12181	2.91379	1.52142	1.9628
OTOF	-1.34442	-2.27399	-2.13715		
OTOS	-3.38148	-3.78726	-3.77273		
OTUB2	1.97462	-0.584673	1.55785	1.88816	0.376752
OTUD1	1.85489	0.271837	2.20156	3.15964	1.97634
OTUD3	7.2382	5.57618	6.42888		
OTUD5	-0.513052	-1.74067	-0.923358		
OTUD6A	-4.10723	-4.02147	-3.5576		
OTUD6B	-2.13763	-0.968304	-1.52831		
OTUD6B-AS1	3.36322	4.32972	2.7001	3.62226	4.0407
OTUD7A	-1.35957	0.523981	-0.50731		
OTUD7B	-1.99989	-0.491703	-1.38622		
OTULIN	1.146	2.12657	1.7117		
OVGP1	0.736681	1.93979	1.82236	1.67409	2.22602
OVOL2	6.50839	3.06792	6.40718	5.03122	3.81757
OXA1L	0.267852	1.08096	-0.931497		
OXCT1	0.974826	-1.20191	0.154494	0.610866	-0.33975
OXCT2	-2.86511	-0.267782	-2.90945	0.907591	1.66386
OXER1	-4.30197	-4.7466	-3.27427		
OXGR1	-4.11877	-0.643411	-3.42698	-3.20563	-2.17274
OXNAD1	-1.25693	0.570958	-0.862685	-2.41668	-1.24176
OXR1	2.81893	3.34951	5.30284	2.0052	2.32065
OXSR1	0.40979	1.77494	1.67915	0.703487	1.70306
OXT	-2.44078	-1.48483	-1.73789		
OXTR	-2.03506	-2.86219	-2.26727	-0.453598	-0.947549
P2RX2	-1.30259	-2.53276	-2.11406		
P2RX4	-2.04004	-1.4506	-4.43003	-1.93486	-1.7874
P2RX5	5.42324	0.672347	3.63053	0.583145	-0.603105
P2RX6	0.901443	2.1402	4.1369	1.76015	2.14956
P2RX6P	1.0855	2.24099	3.35234	0.818201	1.27869
P2RY1	-0.585058	-1.40899	0.234838		
P2RY12	-1.97223	-2.46342	-3.03966	-3.53634	-3.42882
P2RY13	-1.52653	-2.23204	-2.40104	-2.84149	-2.91644
P2RY14	1.62793	1.4135	2.15004	2.28101	2.293
P2RY6	2.45069	-0.409006	0.551535	0.248332	-0.793412
P3H1	-0.531757	1.11737	-0.185695	0.18132	1.07014
P3H2	-0.603728	-1.53487	-0.458624	0.538795	0.159926
P3H3	0.828036	2.08372	0.574079	0.759802	1.72987
P4HA2	-0.350146	-2.00238	0.670134	-0.0140834	-0.590294
P4HB	0.545725	-0.976389	0.420535		
P4HTM	0.925386	1.79224	0.755744		
PAAF1	0.0395286	-1.39552	-0.453694	-1.44923	-1.88442
PABPC1	-2.9978	-2.98855	-5.08558		
PABPC1L	-0.307973	-1.34004	-0.877179	0.288611	-0.190325
PABPC1L2A	3.6527	3.82879	5.38166		
PABPC1L2B	2.79083	3.25932	3.40261		
PABPC3	-5.07744	-4.87096	-6.33108		
PABPC4	-0.0437973	-0.955633	-0.642461		
PABPC5	0.203609	0.890663	0.4463		
PACRG	1.72618	-0.85665	2.20614	1.72784	-0.0294705
PACRGL	0.947565	0.198327	1.24802		
PACS1	1.62147	-0.445078	1.85126	0.405874	-0.475118
PACS2	-3.61987	-2.49644	-4.19507	-3.40925	-2.75985
PACSIN1	4.46514	0.0677032	2.81788	1.50213	0.298869
PACSIN2	-4.29529	-1.3114	-3.39625	-2.76194	-1.62032
PACSIN3	-3.95804	-0.817194	-3.42987	-0.636491	0.544984
PADI2				-2.39016	-2.34994
PAFAH1B1	1.48876	0.330643	1.1681		
PAFAH1B2	1.86456	2.19061	2.40298		
PAFAH1B3	-0.779912	-1.92038	-1.91771	-0.0604929	-0.598034
PAFAH2	-3.49764	-3.91365	-3.89376		
PAG1	-0.197571	1.74208	-0.452732	0.634197	1.3185
PAGR1	0.154914	1.351	1.00349	0.973532	1.74446
PAH	5.72124	2.08894	3.66418	5.01219	4.30397
PAICS	-3.91465	-3.99419	-4.88942		
PAIP1	3.73776	3.85521	4.5839	4.48527	4.54707
PAK1	3.9702	2.27437	2.12761		
PAK1IP1	-1.32964	-0.129392	-2.15519		
PAK2	-1.37432	0.545343	-1.08659		
PAK3	2.2467	-0.275954	3.20457	3.06656	1.07646
PAK5	1.00623	1.83264	1.10509		
PALB2	-0.566863	1.32058	-0.00373695		
PALD1	-2.55859	-3.2624	-3.34376		
PALLD	-0.976109	-1.88503	-1.05242	0.262689	-0.453174
PALM	0.0639645	-1.3592	-0.203818	2.17981	0.568698
PALM2	1.42579	-0.325486	0.481181	1.89053	0.982448
PALMD	-3.74997	-4.76032	-6.60652	-3.24514	-3.45333
PAM	-1.4942	0.371694	-1.52304	0.30327	1.35818
PAMR1	0.269232	-1.14931	0.875136	3.20127	2.04095
PAN2	-0.939966	0.992344	-0.265006	-0.363421	0.597332
PANK1	-1.3977	1.45741	0.399746	-0.708581	0.663222
PANK2	-1.46825	-1.85135	-4.1759		
PANK3	1.10284	0.17627	1.45314	0.730635	-0.199601
PANX1	6.2188	2.36446	5.26208	3.33962	2.43349
PANX2	-2.58391	0.569675	-3.0503	-3.92953	-0.91978
PAOX	1.60997	-0.370828	0.613747	-0.838414	-1.24597
PAPD4	2.08808	2.49662	2.18959		
PAPD7	3.35473	4.29793	2.36717		
PAPLN	-0.873492	-1.69638	-0.834254		
PAPOLA	-1.63763	-0.512171	-1.18291		
PAPOLG	3.37243	4.26942	2.90392		
PAPSS1	2.284	1.20323	2.08712		
PAPSS2	0.649031	1.73552	0.71348	1.93473	2.33959
PAQR3	2.75589	3.29472	3.0908		
PAQR4	-0.662584	0.353929	-0.530957	-3.72705	-2.61225
PAQR6	-2.91032	-2.56274	-5.03048	-5.54376	-4.09487
PAQR8	-1.35261	-0.673793	-1.04124	-1.05252	-0.44108
PAQR9	-2.07808	0.17746	-1.94515	-4.70647	-2.05053
PARD3	-1.93832	-2.63337	-2.42556	-1.19548	-1.50589
PARD3B	-1.54055	-2.19948	-1.66477	1.25351	0.953582
PARD6A	1.27513	1.93855	1.49335	-0.379091	-0.219955
PARD6B	3.51431	3.94257	3.30631	3.4243	4.13135
PARD6G	-3.02096	-0.586179	-2.68091	-1.15492	-0.154437
PARG	1.86133	2.87204	2.93531	3.43744	4.62453
PARGP1	-0.0465012	1.66749	1.21062		
PARM1	1.73272	2.77727	1.93829	2.7664	3.25766
PARN	3.32386	3.78994	2.98906		
PARP1	1.30542	0.0435454	0.16604		
PARP14	-5.30108	-5.4818	-4.497	-3.62761	-3.98631
PARP16	0.276788	1.67674	0.838084		
PARP2	2.56956	3.28753	3.19222	3.56383	3.95156
PARP3	-1.13932	0.242944	-1.15971	-1.57255	-0.714535
PARP4	-6.04938	-3.53067	-5.30634	-2.23568	-1.61953
PARP8	2.24065	1.13375	3.0712	3.23003	1.91196
PARS2	0.649732	1.30339	0.190361	2.43536	2.70534
PART1	5.1187	4.49729	8.04856	4.08368	4.31539
PARVA	-1.26827	-2.31545	-2.0082	-2.23317	-2.93254
PARVB	-2.16763	-3.29873	-3.42189	-1.66476	-2.11082
PASK	-0.342022	1.45256	0.36959	0.593495	1.37994
PATE2	0.0876863	1.49039	-1.21378	1.02463	2.00676
PATJ	-4.74777	-2.70667	-5.64004	-2.87249	-2.4146
PATL1	-1.50628	-0.182346	-0.873763		
PATZ1	-0.835399	-1.07436	-0.477051		
PAWR	-6.54823	-5.03967	-5.31903	-2.41509	-2.62027
PAX6	0.0349519	-1.61117	0.373757	0.44549	-0.537699
PAX8	-2.35534	-2.13414	-3.78161	-1.2599	-1.41411
PAX8-AS1	-2.74227	-2.50484	-3.83442	-1.73997	-1.87922
PAXBP1	-3.0066	-0.55789	-3.29736		
PAXBP1-AS1	1.98984	-0.244712	1.80541	3.42466	1.728
PAXIP1	-0.746286	1.13684	-0.264008	0.0882813	0.953214
PAXIP1-AS1	2.55068	0.187815	1.80113	3.0428	1.86086
PBLD	-3.22392	-3.89019	-3.42042	-2.16685	-2.49237
PBX1	5.26004	5.58606	6.87277	5.40256	5.85825
PBX2	-1.36481	-0.852571	-2.24989		
PBX3	-1.2553	-0.483899	-3.19275	-3.93397	-3.10508
PBX4	-1.03906	-1.70551	-2.02234	-0.408125	-0.800517
PBXIP1	-0.791793	-1.82533	-0.571887	1.43754	0.402204
PC	0.73123	1.2745	2.61945	-0.283966	0.0217972
PCAT19	-2.64908	-0.341857	-2.0925	-1.78851	-1.08868
PCBD1	4.55174	-0.579622	2.9188	4.58415	1.12445
PCBD2	-3.71616	-3.78195	-4.14871		
PCBP1	-0.975766	0.374069	-1.27036		
PCBP2	-3.53537	-1.69019	-2.92646		
PCBP3	2.45757	0.454726	3.43539	2.42406	1.28121
PCCA	-0.288956	-0.04524	-0.794287	-0.494039	-0.391727
PCCB	-0.564029	-1.59618	-0.708603		
PCDH1	2.36926	0.630626	1.66905		
PCDH10	5.99378	3.91606	5.85356	4.09068	3.19632
PCDH11X	-1.73749	-1.06144	-3.58706	-0.676158	-0.312422
PCDH11Y	-2.25703	-1.89031	-4.17673	-1.24499	-1.16891
PCDH12	-0.34205	0.552764	-1.90155	-3.40625	-2.08883
PCDH15	-2.01331	-2.84363	-5.45394	-1.6573	-2.01033
PCDH17	-0.288311	-2.24834	0.376602	-2.7625	-3.41535
PCDH18	1.21436	0.443761	1.75422	1.1297	0.729212
PCDH19	3.67134	0.187409	5.76107	5.50848	1.88332
PCDH20	4.22993	0.753946	3.35553	4.77353	1.39533
PCDH7	-3.23552	-0.128298	-3.73405	-2.60885	-1.6921
PCDH8	6.71414	2.74535	7.72153	5.42207	4.18158
PCDH9	2.52324	2.13444	1.95808		
PCDHA1	0.429523	1.31193	0.572541		
PCDHA11	0.205008	1.48583	0.823623		
PCDHA5	0.932623	1.78481	0.969016		
PCDHA9	-0.249653	0.184965	-0.369533		
PCDHAC2	4.01062	2.74631	3.60954	1.24932	0.820268
PCDHB10	4.39838	4.40028	4.45113	6.07942	5.94637
PCDHB11	1.86488	2.57692	3.88149	5.10644	5.4398
PCDHB12	1.16171	2.33343	1.30124	1.01172	1.40337
PCDHB14	1.21256	2.50229	1.57376	1.93367	2.77484
PCDHB15	0.112773	1.48621	1.14372		
PCDHB16	2.17913	2.86286	3.28827	0.321074	1.0695
PCDHB17P	3.70747	5.53261	4.90946		
PCDHB18P	2.51531	2.86944	2.81636	-0.198717	0.562651
PCDHB2	2.26769	3.912	4.06419	1.54588	2.2517
PCDHB4	3.67893	3.08847	3.93541		
PCDHB5	-0.40507	0.148432	0.582683		
PCDHB6	4.36286	5.8693	6.25288	2.36284	3.01814
PCDHB8	2.07746	2.64005	2.92341		
PCDHB9	4.14716	5.27035	6.83898	2.76307	3.08244
PCDHGA11	-1.5924	0.390018	-1.09766		
PCDHGA12	-2.41653	-2.99162	-3.77147		
PCDHGA3	-2.5596	-0.949497	-3.23643	-0.474673	0.277445
PCDHGA9	0.353292	0.127472	0.383169		
PCDHGB1	-2.46337	-0.335332	-1.46581		
PCDHGB2	-1.69665	0.38497	-0.233947		
PCDHGB3	-1.46676	0.700762	0.00210415		
PCDHGB4	-2.20418	0.137281	-1.05499	0.429359	1.45576
PCDHGC3	-2.91402	-3.55837	-3.09419		
PCDHGC5	-1.34144	-2.42085	-1.23515	-1.07319	-1.48259
PCED1B	1.37403	-1.34382	1.54806	1.39742	-0.699742
PCGF1	0.951945	2.08016	1.31715	-0.343624	0.297234
PCGF2	-0.818986	1.0039	0.204471		
PCGF3	1.39536	1.38595	2.30282	-1.42205	-1.64606
PCGF5	2.72754	5.03305	3.39476		
PCGF6	1.6519	3.23926	1.51509		
PCID2	0.707681	1.80243	1.40947		
PCIF1	-1.58324	-0.91118	-1.04302		
PCK2	-2.66041	-3.37042	-5.19456	-1.03077	-1.467
PCLAF	0.219139	-0.595689	8.81269e-05	-2.48756	-2.54336
PCLO	1.81266	-0.567966	0.0581478	0.710979	-0.30377
PCM1	-4.08891	-2.11757	-4.59077		
PCMT1	1.46093	-0.283078	0.881661	-0.83885	-1.67316
PCMTD1	-2.93426	-1.35108	-2.18839		
PCMTD2	3.36386	1.43291	2.8309	3.12894	2.77192
PCNA	-4.54581	-0.232489	-4.2279	-0.663984	0.122665
PCNT	-0.919752	0.798681	-0.491341	-2.25364	-0.744562
PCNX2	2.86096	3.18109	2.14701	1.75815	2.39267
PCNX4	-0.124103	1.50006	1.77399	2.00278	3.1888
PCOLCE2	-4.09688	-4.43711	-3.4041	-4.11957	-4.67799
PCP4	-1.22545	0.290699	-1.51142	-3.39857	-2.20297
PCP4L1	-0.378691	1.25898	0.225088	-0.293319	0.514486
PCSK1	1.91966	2.66587	4.46082	3.73924	3.42947
PCSK2	0.499782	0.639076	0.743385	-1.92013	-1.99086
PCSK5	1.30483	-0.699019	2.26249	1.32263	0.171924
PCSK6	0.566865	1.096	1.50586	-1.72905	-1.14135
PCTP	-4.87474	-0.764989	-4.77809	-4.08711	-3.14194
PCYOX1L	3.5074	2.79167	4.24145		
PCYT1B	-2.43742	-3.11115	-3.19094	-3.98504	-4.40002
PCYT2	1.82328	0.988447	2.98906	-0.0955242	-0.523077
PDAP1	-4.36551	-1.78406	-3.35092		
PDC	2.17482	3.61966	2.26656		
PDCD1	-1.63259	-0.716541	-1.25738		
PDCD10	0.939528	0.114999	1.22594		
PDCD11	-1.18921	0.337395	-0.9731		
PDCD2	-0.944916	-2.04515	-2.35784		
PDCD2L	6.11847	0.902298	3.54665		
PDCD4	-0.211148	0.476262	1.22908	1.5281	1.80617
PDCD5	-5.54844	-5.09515	-5.87048		
PDCD6IP	-0.464186	1.25533	0.0476742	-0.430611	0.520018
PDCD7	1.00772	2.20414	1.38433	0.927247	1.85641
PDCL	-2.15627	-0.817501	-1.84958	-2.70874	-1.7419
PDCL3	3.00283	4.25047	2.90262	2.83675	3.17241
PDCL3P4	0.352662	1.94515	0.658109	-0.0988217	0.654918
PDE10A	2.14393	3.02296	2.83341	2.81964	3.73111
PDE11A	-1.59299	-1.74862	-1.22802	-5.83264	-5.60643
PDE1A	1.21362	-0.582203	1.46995	1.57648	0.347313
PDE1B	6.34612	4.61421	4.69635	2.71893	2.55208
PDE2A	0.894084	-1.15176	0.353656	0.491257	-0.64277
PDE3A	-2.89818	-3.20619	-4.66434	-1.91354	-2.00444
PDE4A	0.0932975	1.76255	2.54462	0.624262	1.42767
PDE4B	-0.488458	1.08177	-0.419571	1.65301	2.15666
PDE4C	3.58793	1.78146	3.10057	3.52452	2.30232
PDE4D	3.22339	3.95513	4.76452	4.92128	5.98949
PDE4DIP	-1.90798	-3.01947	-4.56642	-0.260789	-0.991498
PDE4DIPP1	-1.37961	0.462603	-0.178232	0.897126	1.69019
PDE5A	-2.29536	-2.98495	-1.90962		
PDE6H	1.57946	0.687947	0.0812365		
PDE7A	1.4625	2.24442	1.71117	0.785093	1.48154
PDE7B	1.43022	2.3869	0.573521	2.4542	3.29905
PDE8B	1.03441	1.82215	1.06333	1.53983	1.97673
PDE9A	-7.97647	-4.94908	-7.65092		
PDGFA	0.537456	-0.319748	1.01161		
PDGFB	4.05	0.181658	3.38304	1.45268	0.271133
PDGFC	2.91391	-0.513075	2.14228	4.16095	1.77036
PDGFD	1.33548	0.334677	-0.508149	0.404511	0.260129
PDGFRA	-1.04596	-2.10066	-1.1566	-2.60965	-2.8591
PDGFRB	-1.64576	-1.3394	-0.810884		
PDGFRL	-1.07865	-1.91197	-0.953349	-1.22919	-2.06865
PDHA1	3.02457	2.07097	6.22421		
PDHB	1.06991	-0.710118	0.539089	-1.38147	-2.35243
PDHX	0.551342	0.231603	-0.570949		
PDIA2	3.88659	3.87994	4.08549		
PDIA3	-3.36495	-3.97836	-3.75275		
PDIA3P1	-2.08875	-3.92198	-2.47944	-2.71974	-3.25163
PDIA5	0.842581	2.3565	0.338358	1.64716	2.52698
PDIA6	-1.80976	-0.952506	-2.19456		
PDIK1L	2.8549	4.13817	2.61353		
PDK1	-0.637154	0.355813	-1.06178	1.41727	2.07773
PDK2	4.14952	0.0422927	2.96674	1.16606	-0.414057
PDK3	3.86759	3.28263	6.62487	1.96936	1.81468
PDLIM2	0.430311	0.0407832	1.84049	-1.42909	-1.16218
PDLIM3	0.24276	-1.12067	1.53885	2.07867	1.25277
PDLIM4	-3.86263	-4.29551	-4.44086		
PDLIM5	-0.16196	-1.62005	-0.330713	1.07706	0.162527
PDLIM7	1.82974	1.34944	4.66562	0.975932	0.664974
PDP1	1.86708	2.53364	1.89202	2.36234	2.81705
PDP2	-1.24699	1.08336	-1.25726	-1.57355	0.0488971
PDPK1	-0.728888	-1.93258	-2.14176	-2.14687	-2.63074
PDPN	-2.76277	-2.10256	-2.30364	-2.26453	-1.20797
PDPR	-2.30083	0.270866	-1.16222		
PDRG1	1.61118	-0.00883963	1.10126	-2.08292	-2.97608
PDS5A	3.11712	-0.323044	1.45417	1.81321	0.722307
PDS5B	-0.645943	1.54818	-0.177258	1.51946	2.53221
PDSS1	0.105367	1.89482	0.723441	2.766	3.17554
PDXDC2P-NPIPB14P	0.610384	1.74886	1.41442		
PDXP	2.73327	-0.569417	0.845558		
PDYN	-1.80445	-2.58449	-2.95419	-0.742301	-1.13807
PDZD11	-0.553482	-1.5774	-0.763932		
PDZD2	4.76127	1.68712	3.11848	2.73538	2.17134
PDZD7	-0.529341	0.219961	-1.04786	-3.14942	-2.42043
PDZD8	-3.07407	-0.214345	-2.60257	-4.37764	-1.59704
PDZRN3	1.75858	1.92113	1.64506	4.52519	4.27241
PDZRN4	1.80578	2.11219	2.09524	2.90765	2.58788
PEA15	0.641327	-1.58495	0.140168	1.11751	-0.574783
PEBP4	1.32606	1.18123	1.89443	-0.381999	-0.742759
PECAM1	-1.5121	-1.84279	-1.45131	-1.97132	-2.27766
PECR	-1.48105	1.16502	-0.68592	-3.28959	-1.08438
PEG10	-4.04486	-5.13471	-2.99505	-5.08855	-4.99418
PEG3	0.612564	1.82871	0.926719	0.531172	1.4792
PEG3-AS1	1.4845	2.1966	0.905987		
PELI1	0.36287	-1.56069	-0.151634	0.707776	-0.244528
PELI2	-3.99773	-3.61639	-4.45302	-0.68723	-0.613355
PELI3	1.45076	2.48029	2.66602	-0.0201355	0.782149
PEMT	0.609372	-0.496458	0.55751	-0.338751	-0.868947
PENK	-2.8259	0.311283	-2.44059	-1.50622	-0.37286
PEPD	-0.574639	0.646782	-0.591036	-2.12409	-1.10941
PER1	1.62865	2.73883	2.4423	4.82571	6.01328
PER2	4.51932	5.21546	5.34042	8.42285	9.71321
PER3	0.342561	1.51072	2.28868	2.91022	3.76181
PERM1	3.13883	0.967275	4.50133	2.05979	1.20536
PERP	-2.40677	-1.95322	-1.29188	-1.07065	-0.81466
PES1	-0.273509	0.915992	-0.397943		
PET100	0.885693	-1.29201	-2.11803	-0.0920919	-0.925881
PEX1	-0.358659	0.601058	-0.690018	0.0982866	0.547057
PEX10	0.204822	-1.52009	-0.124616	-0.331025	-1.34977
PEX11G	0.650005	-0.786433	0.121008		
PEX12	1.72684	2.46256	0.950922	0.97536	1.32213
PEX14	3.1503	3.72762	4.49966		
PEX19	0.963649	-1.19868	1.32915	0.439303	-0.91664
PEX2	-2.31757	-2.78156	-2.4237	-0.0122997	-0.432596
PEX26	-1.4509	-1.63809	-0.670806	-1.31523	-1.30703
PEX5L	1.80753	2.40538	3.64734	-0.149412	0.0639633
PEX6	2.16385	2.91488	1.83877	1.91391	2.86493
PFAS	1.92684	3.12608	0.920316		
PFDN1	1.26651	1.7084	1.18034	-0.190104	-0.00941022
PFDN2	1.25196	0.0826358	0.754137		
PFDN5	-0.677354	-1.71553	-1.7663		
PFDN6	-2.94385	-4.25438	-2.70216		
PFKFB2	1.45027	2.54787	1.50793	2.93515	3.30373
PFKFB3	-0.671004	-1.5821	-0.452693		
PFKL	-0.169929	-1.98154	0.211198	-1.45685	-1.95842
PFKM	1.22326	1.68833	2.03647		
PFKP	0.43803	1.24577	1.3024	-0.523175	-0.297482
PFN1	0.223422	0.932533	-0.545294	-1.27516	-0.955303
PFN1P2	-3.05851	-1.11673	-2.20339		
PFN2	3.6447	0.930445	2.34837		
PFN4	0.553916	1.65926	1.22428		
PGAM1P5	0.680074	-0.348364	0.532468		
PGAM4	0.659202	-0.590428	0.431595		
PGAM5	2.88641	0.785643	1.89282	1.6748	0.570114
PGAP1	0.186727	-1.26425	1.28029	0.861348	-0.187523
PGAP3	1.50108	1.68035	1.94416	1.74228	1.32111
PGBD1	1.25898	2.42278	1.30981		
PGBD2	2.0317	3.18409	3.18354	2.52138	3.34203
PGBD4	1.03696	1.96624	1.40664	-1.72891	-1.09906
PGBD5	-0.448827	-1.21424	-1.31769	0.952688	0.320103
PGC	2.85639	3.1621	3.24207	2.59792	3.55327
PGD	-0.198042	0.198727	-0.738553		
PGGHG	-0.712661	-1.62618	-0.193417		
PGK1	1.27837	1.9379	1.58454		
PGLS	-3.1504	-3.83434	-3.15586		
PGM1	0.552747	-0.886764	0.489813		
PGM2L1	1.99861	-0.297309	1.83508	2.39803	0.480502
PGM3	-1.8558	-0.106893	-0.871132	0.308603	0.996683
PGP	1.25042	1.92716	1.91038	-0.975823	-0.595802
PGPEP1	-3.11554	-4.13249	-2.97317		
PGRMC1	1.13014	-1.27089	1.29293	1.12382	-0.324029
PGRMC2	6.01254	3.03875	4.86592	3.85794	3.63212
PHACTR1	-2.28237	-1.54506	-2.83483		
PHACTR2	-7.33092	-3.9222	-5.25979	-2.98224	-3.11695
PHACTR3	1.11334	-0.494648	0.898678	3.52251	1.98684
PHACTR4	-3.30213	-0.982113	-2.73537		
PHAX	-1.24117	0.940506	-1.72127	0.812646	1.57115
PHB	0.0556533	-1.05886	-0.102292		
PHC2	-1.86381	0.748316	-2.58563	-0.77043	-0.160145
PHC3	-0.82373	0.0411402	0.0705898		
PHF10	-0.917012	-2.13564	-0.788918		
PHF12	-2.95038	0.0331674	-2.0758		
PHF13	3.01406	0.353282	4.42198	1.5468	0.520484
PHF14	-1.93591	-0.926326	-2.832	1.95442	1.26326
PHF19	-0.783066	0.147112	-1.84343	0.820245	1.35492
PHF2	-1.12449	-0.167519	-0.569891		
PHF20L1	4.2224	0.304271	2.95539	3.48296	1.47106
PHF21B	-3.48551	-2.8405	-4.29235		
PHF23	1.50965	1.3035	2.82424	-0.31861	-0.489826
PHF24	3.36986	0.627887	1.84073	0.501638	-0.675251
PHF5A	-0.810316	0.168162	0.00218677		
PHF6	1.62823	2.30988	2.79338		
PHF8	0.187191	1.97509	0.484674	1.3263	1.89901
PHGDH	-3.04042	-3.44762	-2.31631	-0.0367423	-0.274862
PHGR1	0.0185633	-1.29816	-0.0589097		
PHIP	0.00130393	1.03257	0.903708	2.04849	3.09433
PHKA1	-4.83946	-4.0675	-5.96673		
PHKA2	-1.9632	0.951897	-0.232813	-0.235586	0.962405
PHKB	1.85484	1.93838	2.17334	0.49626	0.579632
PHKG2	2.35614	2.93982	3.28668	0.27678	0.810087
PHLDA2	4.18635	3.51431	6.60694	2.1931	2.39489
PHLDA3	0.316903	0.914344	0.155651	-1.55172	-1.40912
PHLDB2	1.53471	2.39521	3.72136	1.29016	1.79543
PHLDB3	-1.29192	-2.65375	-1.12048	-2.43503	-3.34486
PHLPP2	7.25415	4.0484	6.42336	3.99866	2.3455
PHOSPHO2				2.67388	1.52294
PHPT1	1.22403	-1.33069	-0.783587	2.02596	0.163308
PHRF1	-1.17217	0.452366	-0.795574		
PHTF1	-1.37846	0.77586	-1.12471		
PHYH	-0.344159	1.5863	0.207721	1.51264	1.78293
PHYHD1	-1.87089	-2.61801	-2.30952		
PHYHIP	3.0158	3.27874	1.94022	0.537833	0.456586
PHYHIPL	2.33756	2.59613	0.91889	1.60702	1.83191
PI16	-0.170414	-0.196964	0.685445	-1.7896	-1.93312
PI4K2A	-5.75161	-0.227851	-5.7571	-3.66631	-1.64394
PI4K2B	-2.22293	-3.27794	-2.61318		
PI4KA	4.63354	3.27585	4.55774	3.0579	1.61595
PIANP	1.87925	-0.95816	0.841732	1.21117	-0.118784
PIAS1	1.4103	1.98382	1.1129	1.75385	1.67344
PIAS2	0.951809	2.02289	1.95646	2.20677	3.08946
PIAS3	3.00112	1.61125	3.96414	3.33509	2.32724
PIBF1	-0.405426	1.3729	-0.48502		
PICK1	2.87576	3.08842	4.62969	1.32824	1.52085
PID1	2.40513	-1.1798	1.95979	0.994461	-0.785868
PIDD1	3.09933	3.20566	4.07793	3.78297	4.54885
PIEZO1	-1.27514	-2.42973	-1.73454		
PIEZO2	0.694636	0.96929	0.997716		
PIF1	-0.560206	1.17811	-1.19509	-1.79572	-0.319087
PIFO	-1.31936	-2.02772	-1.05618	-1.17576	-1.62335
PIGC	-1.68382	0.503963	-2.74398	-1.65746	-0.771417
PIGF	-1.00548	-2.13885	-2.06313	-1.37958	-1.98555
PIGK	0.552036	1.69658	0.37759	0.172884	0.872762
PIGL	-1.62506	0.928316	-1.04265	-0.0705525	0.987364
PIGN	-0.93594	0.707364	-0.202188		
PIGP	-1.12931	-2.20818	-2.26535		
PIGQ	4.4516	2.70077	3.43011	2.25788	1.50211
PIGU	-1.41595	0.582654	-1.28324		
PIGV	2.75492	0.115744	0.771747		
PIGW	0.369321	1.53162	-0.327875		
PIGX	-1.78758	-0.341107	-1.31361		
PIK3AP1	-3.67334	-4.30787	-3.795		
PIK3C2A	-1.17503	-1.32103	-1.49186		
PIK3C3	-1.32927	1.21	0.223854		
PIK3CA	-0.0170486	1.78666	0.594067	-0.328004	0.977621
PIK3CB	0.233955	1.71864	0.510968	-0.540922	0.683666
PIK3CD	2.94367	-0.013908	2.08423	2.99711	2.10895
PIK3CG	-0.275635	-1.64758	-0.911586	-3.38726	-4.81848
PIK3IP1	-2.2546	-1.81452	-2.95925		
PIK3R1	7.22852	5.76399	7.61456	9.78854	10.1288
PIK3R2	-2.05163	-2.32401	-4.02439		
PIK3R4	3.23377	3.59099	2.13226		
PIKFYVE	-0.708625	1.44003	0.46887	0.270863	1.48834
PILRA	0.994436	2.07315	1.40852	2.84868	3.77669
PIM1	-0.0319325	1.57935	1.18393	-0.270516	0.822879
PIM2	4.2919	0.063013	4.24217	1.24738	-0.236629
PIM3	0.194462	1.49601	0.882065	-1.17519	-0.135847
PIN1	1.88485	0.109468	1.13294		
PIN1P1	2.10511	0.402327	1.44107		
PIN4	-1.06425	-2.09175	-2.11377		
PIN4P1	-0.419869	1.37943	0.451058	0.347192	1.09295
PINK1	1.19874	0.824734	0.954505	-0.415375	-0.966625
PINLYP	-1.55896	-2.32147	-3.57363	-0.972527	-1.46556
PINX1	-2.07303	1.01133	-1.4284	-1.29337	0.0666838
PIP4K2A	-1.45724	-0.890958	-1.80249	-4.11313	-2.75173
PIP4K2B	2.62117	1.04799	2.347	4.21248	3.48984
PIP4K2C	3.47216	3.32811	3.19898		
PIP4P1	7.07156	3.84822	6.65584		
PIP4P2	1.27334	2.39763	0.956206	0.278749	0.743416
PIP5K1B	3.59577	4.63341	2.77474	2.05578	2.75614
PIP5K1C	-0.9098	0.380803	-2.54067	-0.708652	-0.292641
PIP5KL1	-5.15724	-0.9045	-4.00042	-2.94744	-1.28323
PIPSL	-0.168498	-1.65805	-0.545863	0.242621	-0.536041
PIR	-2.48495	-3.37645	-3.34652	-2.20688	-2.57016
PIRT	-2.06196	-3.22674	-0.799765	-3.05363	-4.05746
PITHD1	3.58455	1.06401	3.15301		
PITPNA	1.12887	1.61224	3.25217	0.162384	0.35921
PITPNB	2.95946	0.603136	4.96262		
PITPNC1	-0.14261	0.390968	0.497368	2.23659	2.48229
PITPNM2	2.57892	-0.0383461	2.11228	2.6303	1.01413
PITRM1	-1.92606	-0.566802	-2.06857		
PIWIL4	-0.503825	-0.899356	-1.50166	1.20952	1.31245
PJA1	3.66252	0.158013	3.1493	-0.478883	-0.875103
PJVK	1.0864	2.22796	1.6391	1.33852	1.86594
PKD1	1.30419	2.12323	1.73712	1.00673	1.65708
PKD1P6-NPIPP1	-4.20793	-2.78408	-4.13823		
PKD2				0.740093	1.55708
PKD2L1	7.08768	2.64413	5.33616	9.27307	7.00146
PKD2L2	0.744748	2.02187	0.480117		
PKDCC	4.93597	4.83267	6.01776	3.4364	3.88103
PKIA	2.50578	-0.872149	3.94507	2.84032	0.189413
PKIB	2.4058	-0.307253	0.977158	3.00197	1.15349
PKIG	2.88622	0.33432	1.40905	3.40291	1.9865
PKM	1.07277	1.58587	1.28662	0.561249	0.871621
PKMYT1	-4.45572	-3.39551	-3.81683		
PKN1	0.0525145	-0.863929	1.20617		
PKN2	-2.39224	-0.948295	-2.3254		
PKNOX1	-0.584147	-1.31687	-1.45337	-0.194282	-0.587223
PKNOX2	3.67977	3.80474	5.01197	8.72112	7.39748
PKP2	-0.146689	-0.0684287	-0.0253661	-0.0647219	0.260116
PKP3	7.83018	3.47517	8.37627	5.24809	3.71908
PLA1A				-2.68876	-2.75604
PLA2G4A	0.166704	0.511238	-1.08241	-1.82904	-2.10347
PLA2G4C	2.60758	2.4655	1.78705		
PLA2G5	-1.0623	-0.651688	-1.56721		
PLA2G6	-0.859677	0.087944	-0.800747		
PLA2G7	-0.305871	-1.3994	-1.09835	-2.82744	-4.04882
PLA2R1	-4.91844	0.265456	-3.64478	-2.38429	-0.151339
PLAA	-0.603922	0.186362	-0.835406		
PLAC9	0.00200388	-1.73627	0.0540317	1.04697	-0.4311
PLAC9P1	-1.1001	-2.21037	-0.989747	-0.0347333	-0.914089
PLAG1	4.942	5.17979	6.00243	4.45963	4.85109
PLAGL1	-3.16403	0.875619	-0.819404	0.307696	1.31358
PLAGL2	0.427738	1.87361	0.934267	4.10812	4.42093
PLAT	-2.31712	-0.880894	-2.3799	-1.62828	-0.786073
PLAU	-2.65759	-1.55456	-3.44007	0.173018	1.05515
PLAUR	-5.93493	-2.05106	-4.57391		
PLB1	0.188095	-1.46562	-0.640214	-0.315835	-0.974474
PLBD1	-0.903489	-0.796104	-0.478457	-1.58211	-1.61399
PLBD2	-1.18875	-0.000453926	-0.663921		
PLCB1	0.32411	1.72467	0.00337845	0.256788	0.972629
PLCB2	-0.273567	-1.82962	-1.73104	-1.8122	-2.04344
PLCB4	0.360229	1.4122	-0.301393	-1.03133	-0.223334
PLCD1	-4.89969	-3.98157	-3.60133		
PLCD3	-2.83628	-2.42517	-2.00832	-0.844247	-1.1113
PLCD4	-1.80065	-0.0351643	-2.84994	-3.4077	-2.13488
PLCE1	-2.05988	-2.97003	-2.4719	-3.09755	-3.97398
PLCG1	0.0418976	1.13154	0.127671		
PLCG2	-5.63449	-5.98885	-5.91743	-4.04087	-4.57083
PLCH1	0.858389	-0.40938	1.71751	0.0631004	-0.630476
PLCH2	1.90457	1.14913	2.59956	2.74488	2.32631
PLCL1	-0.127407	1.48805	1.3223	0.0124528	0.736491
PLCXD1	-2.22052	0.715975	-2.14875	-0.690332	0.640609
PLCXD2	-6.06837	-2.74482	-4.6973		
PLCXD3	1.2982	0.983745	1.44106	2.31624	2.87001
PLD1	-1.36156	0.0314482	-0.532058		
PLD3	1.52581	-0.263988	0.812708		
PLD4	-2.05975	-2.71257	-2.80034		
PLD6	0.879015	-0.909627	1.04604	1.2087	0.103168
PLEC	-1.77284	-0.682513	-1.20958		
PLEK	-3.21342	-4.3832	-3.75387		
PLEKHA1	5.53693	5.56323	5.85327	4.77242	5.29531
PLEKHA2	-1.81274	-2.9779	-4.68956		
PLEKHA3	0.294455	-0.342815	-0.227806		
PLEKHA4	-4.37064	-5.06917	-4.58458	-3.31376	-3.95675
PLEKHA5	0.912059	2.21827	0.617562	3.54758	4.48604
PLEKHA6	2.58938	3.11835	3.21093	4.58037	4.29398
PLEKHA7	-1.33489	-2.06408	-0.509321	0.917561	0.705916
PLEKHA8	-5.27636	-0.808505	-5.40821	-3.33422	-2.09358
PLEKHB1	-3.09681	-4.07632	-3.89187		
PLEKHF1	-0.889775	1.20664	0.072699	-0.216124	0.562836
PLEKHF2	-0.745935	-1.32155	-0.98311	2.37401	2.22982
PLEKHG1	-0.33274	1.90206	1.16919	3.18841	3.9442
PLEKHG4				-3.7493	-3.10619
PLEKHG4B	-3.43993	-4.26715	-2.52556		
PLEKHG5	6.16121	5.53565	8.2137		
PLEKHH2	-3.26794	-3.06997	-3.29758	-3.04894	-3.99984
PLEKHH3	-0.262536	1.93231	1.71714	3.3443	2.96974
PLEKHM1	-2.09368	0.397008	-0.666424	-0.211249	0.440013
PLEKHM1P1	-4.05702	-0.403101	-3.41879		
PLEKHM2	-1.61873	0.676962	-1.99606	0.0437548	1.10952
PLEKHM3	4.54917	5.63792	4.49617		
PLEKHO1	1.04399	2.52574	0.526966	2.23791	3.02538
PLEKHO2	-2.25029	-2.70076	-2.54382	0.750942	0.189386
PLG	-2.00649	-0.648045	-1.04688		
PLGLA	-0.721759	-0.0783072	-0.867526		
PLIN2	-2.75846	-4.65571	-4.79797		
PLIN3	-2.43373	-1.1107	-0.97965		
PLIN5	-1.17217	-2.04196	-0.971361	0.48669	-0.0767116
PLK2	0.321217	1.18943	1.54898	1.84888	2.30898
PLK3	-1.16672	0.0792857	0.79177		
PLK5	-1.84637	-0.667029	-3.62698	-0.152468	0.477738
PLLP				-2.91845	-2.39324
PLOD2	-2.08904	-1.38043	-3.28445		
PLOD3	0.790653	1.4484	1.21937	-1.19238	-0.655272
PLP1	-1.88012	-0.705371	-1.21555	-4.42057	-3.22677
PLP2	-1.74859	-2.74909	-1.51092		
PLPBP	2.31224	-0.71877	1.21055	1.25574	0.0180226
PLPP1	-1.1146	0.244404	-0.90742	-1.9612	-1.45754
PLPP2	-0.204359	0.546726	-0.0204924	-2.59522	-1.81902
PLPP3	-1.16763	-2.05619	-0.962809		
PLPP4	-1.40041	-2.26643	-1.89775	-1.27156	-1.85142
PLPP5	1.70267	0.471322	2.11494	4.46563	3.773
PLPP6	4.94446	3.92707	3.81388		
PLPP7	3.33592	3.93726	4.77825	2.54162	2.8236
PLPPR1	-2.29101	-2.81284	-2.70487	-2.73454	-3.32629
PLPPR2	0.353967	-1.76259	-0.767407	-0.895894	-1.49447
PLPPR3	2.66594	-0.566158	3.12418	3.2971	0.186593
PLPPR4	-0.170392	-1.76482	-0.702462	0.268726	-0.765426
PLPPR5	-0.397475	-1.4546	-1.738	0.360409	-0.209449
PLS1	1.09198	2.26593	2.09197	-0.440212	0.424215
PLS3	1.46116	-0.244148	0.602637	0.478549	0.199572
PLSCR1	-2.13665	-1.00023	-2.62886	0.120198	0.725311
PLSCR4	-0.00818051	-1.37275	0.238484	2.68698	1.30888
PLTP	0.0034403	-1.40178	1.05662	3.00863	1.8001
PLXDC1	1.609	2.62836	3.28506	1.40692	1.80135
PLXDC2	-2.54916	-3.37194	-4.29482	-1.41715	-1.97645
PLXNA1	6.59694	1.69124	6.054	7.22053	4.46984
PLXNA2	0.0799053	1.41386	-0.70516	1.31511	2.28239
PLXNA3	0.496211	-0.456697	1.69438	1.93767	1.70642
PLXNA4	-1.16293	0.574909	-0.568924	-2.91096	-1.58046
PLXNC1	1.33906	-0.528851	1.96067	2.39847	0.827571
PLXND1	-1.82861	-2.02123	-3.31708		
PM20D2	-0.891526	-0.204467	-0.963249	0.589614	0.80358
PMAIP1	-1.69734	-0.0449799	-1.5327	-2.35295	-1.8089
PMEPA1	-0.517645	1.0181	0.195424	-1.34304	-0.448919
PMF1	-1.40463	-2.67242	-1.45238	-1.17045	-1.68646
PMFBP1	-4.03002	-1.53355	-3.48634		
PMM1	4.08356	0.0299792	3.47137	1.83565	0.227446
PMM2	-7.82493	-1.18818	-6.74754	-4.16713	-3.45866
PMP2	-2.57727	-3.4521	-3.52882		
PMPCA	0.647855	-0.133136	0.273557		
PMPCB	2.7739	1.80851	4.21699	0.888258	0.297885
PMS2P3	-3.3254	-1.7844	-3.61542		
PMS2P4	-3.77644	-2.97751	-4.85797		
PMS2P5	-3.72419	-2.68304	-4.89264		
PMVK	3.24615	-0.508715	2.5882	3.5697	0.814463
PNCK	4.72178	-0.447772	3.8869	3.07948	0.309653
PNISR	0.381586	1.67484	0.22507	3.37231	4.91944
PNKD	0.389103	1.31245	0.455311	-1.2084	-0.365255
PNLDC1	4.63328	5.65876	3.2241	5.89298	6.96907
PNMA2	1.34265	1.78783	1.03267		
PNMA3	4.88047	5.07469	5.06503		
PNMA5	5.59481	5.62905	7.21906		
PNMA6E	3.14992	3.89085	4.4141		
PNMA8A	4.84134	1.26343	4.4203	5.46131	1.88727
PNMA8B	3.45346	2.61871	3.23393	0.593451	0.260234
PNMT	1.9744	-0.31548	3.11173	3.60533	1.13529
PNN	-2.43675	-1.95875	-3.37747		
PNOC	2.5135	1.52165	2.8037	5.21281	3.94693
PNP	-2.05844	-2.70035	-1.39884	-1.5578	-1.96976
PNPLA1	-4.99842	-4.88194	-4.29379		
PNPLA2	0.562785	1.21542	0.637588		
PNPLA3	1.78572	-0.582245	3.26867	-0.720593	-1.74619
PNPLA4	-0.488645	-1.54056	-0.672916	4.05008	2.02393
PNPLA6	2.41729	1.13577	2.0908		
PNPLA7	3.02701	3.18474	4.38076		
PNPO	-1.24276	0.907628	-1.18859		
PNPT1	-4.43671	-0.728191	-3.07902	-1.77041	-0.738765
PNRC2	2.75682	0.289523	2.30506	1.83627	0.966341
POC1A	2.97183	0.340172	2.03866	-0.279984	-1.02706
PODXL				1.10951	1.11412
PODXL2	-1.99114	-0.207197	-1.10981		
POGK	-1.03051	0.689685	-0.518615	1.84278	2.61079
POGLUT1	1.78538	2.59293	3.42564	0.16658	0.940391
POGZ	-0.794016	0.692278	0.0651408	2.98358	3.84469
POLB	-0.634877	-0.872457	-0.859728	-0.979852	-1.1073
POLD1	-2.29976	-0.593391	-0.545068		
POLD3	3.65885	4.18615	3.74546	4.05234	4.96851
POLD4	-0.851649	-1.40506	-2.68016	-1.94437	-2.22928
POLDIP2	1.51591	2.38879	1.93289	0.708629	1.34525
POLE4	-0.671676	-2.01571	-0.695838	-1.39136	-1.86048
POLG2	-0.604745	1.21091	-0.47386		
POLI	0.594445	-0.75211	0.139594		
POLN	2.71857	3.65933	2.29693		
POLR1A	2.94689	3.13528	4.82856		
POLR1B	-0.132721	1.14904	0.199544		
POLR1D	-0.972809	-2.01515	-1.88478	0.476047	-0.264077
POLR2A	-4.62327	-4.65548	-3.90482		
POLR2E	1.13561	0.309887	1.07467		
POLR2F	0.688814	1.45615	0.353365		
POLR2G	-0.298379	-2.01352	-0.994884	-0.684627	-1.56321
POLR2H	1.68615	0.612383	1.02388		
POLR2I	-0.818612	-2.06527	-2.42664	-4.53077	-4.67298
POLR2J	-2.24191	-3.02072	-3.35326		
POLR2J4	-2.82147	-3.5537	-3.71356		
POLR2K	-0.155227	-1.27999	-0.891245		
POLR2L	-0.0888592	-1.9532	-1.69482	-0.737245	-1.56213
POLR3A	0.826061	1.58757	0.35143		
POLR3B	2.45759	2.22552	2.10198	-0.504523	-0.875482
POLR3C	2.4602	-0.285103	1.189	1.27554	0.444863
POLR3D	-0.617741	0.465661	-0.0337157		
POLR3G	-0.454546	0.326412	-0.600828	-6.64679	-5.26952
POLR3GL	1.24899	-0.714078	0.583271	2.01052	0.584852
POLR3H	0.692809	-0.591743	0.335854		
POLR3K	1.87129	-0.324676	0.686817		
POLRMT	0.851227	1.67259	1.4142		
POM121	-0.819475	0.825823	-0.399908		
POMC	-4.30323	-1.86127	-4.13695	-2.32513	-1.23575
POMGNT2	2.62187	0.982566	2.20392	1.07412	0.00744834
POMP	-1.14167	-2.10276	-1.82089		
POMT1	-2.57771	-1.10268	-2.41081	-0.816768	-0.43391
POMT2	0.366566	1.76314	1.38075		
PON2	-0.602053	-1.70693	-0.405092	1.93401	1.24244
PON3	-1.29847	-2.16025	-1.56866	0.682088	0.250106
POP1	1.875	2.67034	2.24693		
POP4	0.609737	-0.838971	-0.850301	-0.706064	-1.61918
POP7	4.85257	4.12337	4.84499		
POPDC2	-2.29791	-1.13021	-2.13188		
POPDC3	2.05227	2.45212	3.39468	0.180214	0.435794
POR	1.80757	-0.402793	1.07889	-0.030081	-0.815277
POSTN	0.335931	1.6003	-0.684683	-0.561405	0.379221
POTEF	-1.99708	-3.11545	-1.58994		
POU2AF1	-0.408891	-0.289545	0.112331	-4.32425	-3.76089
POU2F1	-2.1508	0.0664522	-1.20378		
POU2F2	1.39316	2.38578	1.49593	3.00476	3.76474
POU3F1	-0.404412	0.953691	1.86301	-1.14258	-0.451071
POU3F2	-2.2267	0.215224	-2.92832	0.161996	1.09287
POU3F3	-3.06977	0.167699	-1.95584	-2.54351	-0.946024
POU3F4	-4.95263	-0.859628	-5.24609	-1.34158	-0.32937
POU5F1P3	0.126093	0.462001	0.58864		
POU6F1	1.4231	2.39355	2.20496	4.26259	3.35849
POU6F2	0.695611	2.13516	0.478611	1.20082	1.83062
PP12613	5.01203	5.30108	5.87979	3.86645	4.09739
PP7080	2.09185	0.496903	1.55567	2.33191	1.76195
PPA1	-0.853982	0.00268705	-2.37115		
PPARA	-1.91875	-2.52865	-1.84978		
PPARD	-5.60515	-0.718417	-4.81631	-5.31671	-2.54902
PPARG	2.31119	1.26934	2.70079	0.285232	-0.173204
PPARGC1A	0.442199	1.79009	0.878164	0.130798	0.950488
PPARGC1B	4.39854	3.85098	6.21759	3.6995	3.64308
PPAT	4.5355	2.81316	5.35618	4.77413	3.45538
PPCDC	-0.481685	-0.52948	-0.427603		
PPCS	-2.09516	-2.93706	-3.21571	-1.51192	-1.88321
PPDPF	0.161985	-2.01737	-0.491901	-1.92207	-2.4958
PPEF1	3.45346	0.309367	3.99606	2.38798	0.677288
PPFIA1	-1.99427	-0.416295	-1.29895		
PPFIA2	1.10279	1.14802	1.9012	3.47686	2.80173
PPFIA4	-0.0943763	1.18857	-1.07333	1.42319	2.20908
PPFIBP1	3.56359	3.61061	4.7384	2.93666	3.43567
PPHLN1	1.34844	-0.838253	0.41616	0.680787	-0.388063
PPIA	-0.554401	-0.912005	-2.10883		
PPIAP30	0.0234735	-1.00318	-0.561886		
PPIB	-4.41177	-4.62263	-4.63589	-3.02131	-3.2394
PPIC	-2.99162	-1.84208	-3.31575	-1.5343	-1.10035
PPID	5.59379	1.30641	6.29431		
PPIE	1.8458	2.61412	2.03139		
PPIEL	4.1532	4.41713	3.44856	2.45203	3.03194
PPIF	-1.15769	0.181494	-0.865812	-1.74704	-1.07206
PPIG	-2.86453	-0.131406	-2.94989		
PPIH	0.476576	-1.19897	-0.517842		
PPIL2	-0.493411	-1.86477	-2.11256	0.318809	-0.324368
PPIL3	-2.37746	1.03981	-1.63446	-2.58119	-0.169027
PPIL4	-0.535866	-1.38342	-0.0852859		
PPIL6	1.51072	-0.580082	0.817411	4.27559	1.70652
PPIP5K1	-0.46732	0.975969	-0.16278	-0.39095	0.102623
PPIP5K2	2.28534	3.33093	4.16014	1.40376	1.85208
PPL	1.28273	2.68892	0.612459	1.28627	2.00323
PPM1A	0.854687	1.92121	1.48525	-0.325646	0.259997
PPM1B	2.24098	3.30957	1.59144	2.45899	3.08209
PPM1D	-2.37278	0.190215	-2.07283	-0.209414	0.806138
PPM1E	-1.82878	-0.626083	-0.861491	-2.79254	-2.58248
PPM1F	2.13302	0.847105	1.16724		
PPM1H	1.0975	2.22048	0.954781	0.199472	0.924634
PPM1J	-1.14528	-1.21659	-2.99832	0.236756	0.101725
PPM1K	2.49418	0.337982	2.22141		
PPM1L	4.83532	5.38759	3.50045	1.35374	2.34169
PPM1M	0.658222	-1.28895	1.58432	1.90897	0.0475939
PPM1N	0.885939	-1.13522	0.848289	1.48692	0.301822
PPME1	0.543292	1.54383	0.22627	-1.28291	-0.699007
PPP1CA	1.52377	0.158607	0.755461		
PPP1CB	5.07309	6.44452	4.86002	6.47665	6.80328
PPP1CC	-2.13956	-0.221901	-1.63248	0.485697	0.890206
PPP1R10	1.091	2.16173	2.29139		
PPP1R11	0.970973	-0.192405	0.342639		
PPP1R12A	7.21254	2.86814	6.92306	5.52724	5.15892
PPP1R12B	-0.237632	1.673	1.00591	0.546539	1.331
PPP1R13L	-2.06937	-1.13657	-0.49417		
PPP1R14A	-0.803567	-0.232069	-0.784173	-3.60886	-2.72663
PPP1R14B	-3.5056	-3.4469	-2.63502	-1.78802	-1.68019
PPP1R14C	9.084	3.72774	7.29489	5.21528	3.88692
PPP1R15B	-1.30728	0.974163	-0.731016	-0.914165	0.263845
PPP1R16A	-2.8325	-2.78925	-2.49803	0.371282	0.458425
PPP1R16B	-5.03063	-0.0689659	-4.91875	-1.86045	-0.43214
PPP1R17	-0.144015	-0.996392	0.903475	-2.3315	-3.76528
PPP1R18	-4.3573	-4.63805	-3.69514	-2.51963	-3.22179
PPP1R1A	-1.81315	-3.39349	-5.09984	-2.48561	-2.98938
PPP1R1B	0.472826	-0.959276	-0.657717	2.01531	1.15368
PPP1R1C	-1.42534	-1.8712	-1.26012		
PPP1R21	1.58911	0.280079	0.897017		
PPP1R26	0.272584	-0.730531	0.424655	1.68267	0.765697
PPP1R32	3.44354	-0.864888	1.81895	0.663747	-0.674975
PPP1R35	-0.239273	1.12103	0.409342		
PPP1R37	-2.39692	-3.12468	-2.04042	-2.75871	-3.11841
PPP1R3B	-0.848493	0.0326612	-2.01896	-1.85169	-0.98537
PPP1R3D	-4.55156	-2.32833	-3.66191	-1.98718	-0.908389
PPP1R3E	2.49171	3.29987	1.80441	2.73238	3.09406
PPP1R3F	1.16165	2.37939	0.822021		
PPP1R3G	0.298241	-0.974152	-0.048809		
PPP1R42	-1.19314	-1.74034	-1.84339	0.234697	-0.0929236
PPP1R8	-0.175374	-0.863268	-0.455901	1.47966	1.46461
PPP1R9A	1.11007	1.70197	1.87577		
PPP1R9B	-0.359199	-1.38748	-0.691098	1.34689	0.373486
PPP2CA	1.46267	1.6578	0.703071		
PPP2CB	-1.35581	-2.29086	-1.83898	-0.825688	-1.4356
PPP2R1B	-0.477853	-0.453107	0.908547	-1.28675	-1.41494
PPP2R2A	3.46269	3.85955	6.7375	2.81541	3.14768
PPP2R2B	-4.6914	-2.00616	-3.80688	-1.28608	-0.502418
PPP2R2C	-0.965811	0.00426152	-0.853429		
PPP2R2D	4.08357	3.54885	3.77135	4.41209	4.64597
PPP2R3B	-2.09359	-3.21658	-2.87142		
PPP2R3C	-0.714478	-2.0501	-1.58275	-0.450287	-1.27265
PPP2R5A	-0.30416	-1.32931	0.214451	1.72198	1.31126
PPP2R5B	2.44953	3.14971	2.73461		
PPP2R5C	0.895519	-0.404952	1.32305	1.75774	0.972198
PPP2R5D	-0.380235	1.26621	-0.165184	-0.10239	0.492966
PPP3CA	2.83717	3.33497	2.10618	0.719433	1.31271
PPP3CB	3.42696	1.50454	2.03774	1.61365	0.503472
PPP3CC	0.485035	1.79661	1.32798	0.352634	1.13591
PPP3R1	3.16307	1.58765	2.42016	-0.0339442	-0.565252
PPP4C	-4.51392	-4.28945	-4.42548		
PPP4R2	2.45181	3.00973	1.7921	2.07269	2.17065
PPP4R3A	0.0909159	1.47375	0.744068	0.677908	1.51102
PPP4R3B	-0.776792	0.603999	-0.233431		
PPP4R4	3.88848	-0.777352	5.50755	2.36404	-0.345411
PPP5D1	2.82161	-0.617806	1.24275	0.802115	-0.531807
PPP6C	6.5626	0.810894	5.56198	3.80506	1.78936
PPP6R1	-3.77857	-4.03301	-3.71823	-1.62747	-1.87325
PPP6R2	4.32438	4.70858	3.65257		
PPP6R3	0.784037	2.05931	0.720417		
PPT1	1.41811	2.30156	1.11943		
PPT2	1.82696	2.70991	1.43994		
PPTC7	-0.350232	0.833297	-0.971799	-2.3	-0.926095
PPWD1	-0.329197	1.5388	0.613317	0.882508	1.7342
PQLC1	0.172187	-0.812511	-0.142817	-1.97633	-2.72115
PQLC3	-2.2013	-2.28719	-1.88391	-0.176004	-0.220512
PRAC1	-1.62626	-0.307868	-0.869702		
PRADC1	-0.510314	0.567421	-1.50376		
PRAF2	3.04559	0.225525	2.36287	0.94173	-0.509014
PRAG1	2.1857	3.38965	1.42013	3.16439	3.92002
PRAM1	-1.97789	-2.69792	-2.10312		
PRAP1	3.90716	1.58317	2.75448	3.27686	2.60486
PRB1	0.368366	1.80277	1.27362	1.51933	2.61162
PRB2	0.649136	1.96554	0.701242	2.28908	3.15368
PRB4	-2.01537	-0.0472463	-1.50808	1.11567	1.75374
PRC1	3.15134	4.54905	2.59663	3.43763	4.21093
PRCP	-2.01808	-1.58371	-3.0371	-1.63396	-1.56825
PRDM1	-1.1895	0.681052	-1.12406		
PRDM10	7.10948	4.56809	6.29298		
PRDM11	-1.37334	0.864319	-1.46593	1.02663	2.16281
PRDM12	3.80335	0.281527	2.35644	0.156213	-0.702709
PRDM16	1.94291	-0.061037	1.65184	3.4642	3.14761
PRDM2	-1.7497	0.929326	-1.68149	0.120641	1.16457
PRDM5	-1.10281	1.43138	0.136968	1.70765	2.91
PRDM8	-3.69279	0.175406	-2.79885	-2.00066	-1.51518
PRDX1	-1.59484	-2.51164	-2.29973	-0.753234	-1.37581
PRDX3	-0.0409854	-0.816363	-0.836735		
PRDX4	-1.04284	-2.33133	-1.63368	-2.31507	-2.7047
PRDX5	0.939797	-0.071411	-0.187397		
PRDX6	0.340839	-1.36747	-0.115972	1.88693	0.841657
PREB	0.677353	-1.06974	0.366239		
PRELID1	0.939144	-0.730807	0.117899		
PRELID2	2.27201	3.21203	3.31823	4.9626	5.76314
PRELID3B	-0.616929	-0.826865	-1.13956	-2.87707	-2.92087
PRELP	-0.505323	-1.90199	-0.977201	0.834114	0.116267
PREP	3.31147	3.92309	4.1612	1.61978	2.13008
PREPL	4.06064	4.43251	5.12099		
PREX2	-1.06929	-1.87896	-1.17402		
PRH2	-0.923406	0.872753	-0.658276	-1.18116	-0.345463
PRICKLE1	1.57145	2.18937	1.65258	0.13096	0.831968
PRICKLE2	3.6334	0.757717	2.37129	4.09409	1.91619
PRICKLE4	-2.35073	-1.3234	-1.24215		
PRIM1	-0.772349	1.44001	-1.02111	-0.200453	0.969669
PRIM2	1.73406	0.37194	2.45469		
PRIMPOL	-1.45435	-0.487136	-1.42277		
PRKAA1	-3.94576	-0.479115	-2.49214		
PRKAA2	5.07938	0.688302	4.08169	2.30426	0.624404
PRKAB1	0.702813	1.68868	0.96077	-1.24376	-0.492788
PRKAB2	0.658844	1.43876	0.494029		
PRKACA	1.44118	1.76435	2.51549		
PRKACB	1.23547	2.21446	2.07157	1.49931	2.28041
PRKAG1	-0.860521	-2.15996	-1.90903		
PRKAG2	0.141036	-0.454018	0.640452	-2.54075	-3.1315
PRKAR1A	-0.246838	1.09961	0.689477		
PRKAR1B	5.18572	4.07755	4.71724		
PRKAR2A	-0.976628	0.70214	-0.265515	-1.37836	-0.637401
PRKAR2B	5.6054	4.64627	4.4133		
PRKCA	-2.84382	-0.341748	-1.52692	-0.595629	0.423664
PRKCB	0.0923657	1.3195	0.943417	-0.772247	0.0879998
PRKCD	3.05028	-0.902362	2.52178	2.33738	-0.415963
PRKCE	3.62543	3.83998	1.94533		
PRKCG	0.963446	-1.39231	0.852962	-0.45952	-1.43726
PRKCH	-2.57937	-0.588446	-1.783	-2.24579	-1.83878
PRKCI	-0.707704	-0.387647	-1.17868	-0.339342	-0.381784
PRKCQ	-1.62046	-3.47217	-1.91947	-3.12851	-3.63804
PRKCQ-AS1	1.15016	1.1962	1.54905	-1.90317	-1.75298
PRKCZ	4.60423	2.94613	3.36638		
PRKD1	0.754162	-0.20527	0.197638	0.151266	0.0397325
PRKD3	-2.66404	-3.14772	-2.52252		
PRKDC	4.5814	2.19698	3.09483		
PRKG1	-0.467059	-1.34096	-0.211707	0.775865	0.0026809
PRKG2	-0.319257	-0.104792	-0.244923		
PRKN	1.59345	0.240333	0.707793		
PRKX	-3.26759	-3.60089	-2.49072		
PRKY	-0.466507	-1.72735	-1.34042		
PRMT2	-0.433529	-2.09453	-0.0784104	-1.43704	-1.9301
PRMT6	0.633633	-0.797032	0.210491	0.190375	-0.709408
PRMT7	0.903503	2.12413	1.07784	-0.363758	0.659557
PRMT8	-0.635872	1.33083	0.985686	0.565385	1.6044
PRMT9	-0.772404	1.16135	-0.859254	0.768346	1.40299
PRNP	5.36788	0.97296	4.52164	6.22451	2.81364
PRO1804	-1.52864	1.30173	-3.29999	-0.255184	1.05802
PROCA1	3.33896	1.16373	2.97314	2.38411	1.91962
PRODH	-1.12014	-2.02101	-0.882549	1.68481	1.00557
PRORSD1P	0.881545	1.47997	1.01447	4.32737	3.82792
PRORY	-2.059	-1.40798	-1.48998		
PROS1	-0.0728597	-1.18293	0.0629962	-0.868995	-1.28819
PROSER1	-0.496348	1.13219	-0.359378		
PROSER2	-6.57965	-3.90362	-4.38125	-2.39738	-2.70303
PROSER3	-1.36887	-0.822288	-1.64752		
PROX1	-0.372513	0.379581	-0.029637		
PRPF3	-2.04805	0.278883	-0.930021		
PRPF38A	-1.91334	-2.37744	-1.83817		
PRPF38B	-3.29757	-3.12829	-3.5296		
PRPF39	-0.278732	0.774213	-0.727163	1.54288	2.30656
PRPF40A	-0.178165	-0.440213	-0.36569		
PRPF4B	0.427199	1.84346	1.84904	0.644054	1.50176
PRPH	-2.44479	-2.27641	-2.39921	-4.05325	-4.79579
PRPH2	0.45902	-1.08115	-0.623743	-0.996946	-1.51802
PRPS1	-0.532729	-1.91708	-0.826475	-1.41114	-1.92911
PRPS1L1	-0.756006	-1.82628	-1.37164		
PRPS2	4.36321	4.3556	4.31968	2.97517	3.63722
PRPSAP1	0.258434	1.11525	1.3439		
PRR12	-0.860986	-0.481744	-0.83511		
PRR13	1.78205	0.0329824	1.44829		
PRR14	0.24344	1.65725	-0.000708281	1.14375	1.64533
PRR16	-4.51254	-0.705444	-4.60854	-7.01309	-4.78367
PRR22	1.40556	2.20542	1.99918	2.29332	2.73691
PRR29	-3.94017	-4.27664	-3.29195	-1.35163	-2.07293
PRR3	2.62699	3.11666	2.80453		
PRR36	2.02028	0.5401	2.09713		
PRR5	-0.301789	-1.91397	0.527471	-1.20788	-1.97182
PRR5L	-1.24327	-0.354517	-0.684975	-3.85768	-2.83936
PRR7	-0.574204	-1.64915	-0.671332	-1.52527	-2.03455
PRRC1	1.03945	1.86871	0.457091		
PRRC2B	0.403191	-0.128462	1.11995	1.69471	1.17973
PRRG1				-2.41059	-1.72709
PRRG3	1.35643	-0.326527	2.01228	0.813387	-0.0478381
PRRT1	2.7831	1.04219	2.10648	1.3267	0.337479
PRRT2	1.90923	2.9533	1.92229	2.02275	2.20229
PRRT3	0.347601	1.64929	-0.0222896	-1.43591	-0.379419
PRRT4	5.02738	5.571	4.23218	6.16626	7.12538
PRRX1	1.28437	1.59899	3.07398	2.39965	2.41079
PRSS1	0.233287	-1.40523	-2.01256	-1.66812	-2.96741
PRSS12	10.0238	4.12923	9.85592	8.97269	7.55541
PRSS16	3.0791	3.94851	4.42673	2.74191	3.08291
PRSS2	0.661984	-0.939452	-1.17139	-1.48619	-2.64841
PRSS23	4.62949	-0.109483	3.2633	1.1622	-0.427559
PRSS27	0.797189	1.44722	0.737667		
PRSS3	0.690026	-0.979456	-1.15029	-1.47286	-2.74645
PRSS35	0.523717	-1.26663	1.41728	2.43325	0.55433
PRSS3P2	0.68787	-1.01989	-1.36214	-0.777429	-1.96699
PRSS55	-4.42494	-3.43316	-3.77725		
PRSS56	-5.4317	-1.00175	-5.22678	-2.59326	-0.713142
PRSS58	-4.44264	-3.12011	-2.34119		
PRSS8	-0.574156	-1.03027	-0.769551		
PRTG	0.638375	0.812974	1.6986		
PRTN3	6.08772	2.73478	5.03267	4.10445	2.81836
PRUNE2	3.45357	2.94698	6.91661	-0.0981947	-0.0450185
PSAT1	-3.34791	-3.91631	-3.98873	0.184945	-0.133094
PSCA	5.14036	3.21159	3.74979		
PSD	-2.76961	-3.31829	-4.60561	-0.837132	-1.51023
PSD3	4.32945	0.282132	4.19499	4.02603	1.43154
PSEN2	2.41152	1.14922	2.8192	-0.252763	-1.32407
PSENEN	0.100886	-1.87003	-0.605999	-0.465964	-1.29622
PSIP1	-0.216303	-1.29714	-0.179823	1.30386	0.613787
PSKH1	-3.82615	-3.87693	-3.38262		
PSMA1	0.446197	-1.17015	-1.22133		
PSMA2	-1.0659	-2.09889	-2.26097		
PSMA3	-2.50812	-3.311	-4.08729		
PSMA3-AS1	-1.66188	-1.62421	-2.87161	-0.881531	-0.691501
PSMA4	-3.19366	-1.47039	-4.80584		
PSMA5	0.320826	-1.31386	-0.907402		
PSMA6	2.98093	0.773778	1.92093	1.47723	0.4806
PSMA7	-2.01258	-3.26064	-3.20131		
PSMB1	1.76784	-1.30846	0.622799	-0.233061	-1.12575
PSMB10	-1.7407	-2.73938	-2.2132	-3.08032	-3.79535
PSMB2	1.84706	-1.03422	0.311332	-0.821457	-1.80346
PSMB5	1.72286	-0.238186	0.778291	-0.994227	-1.78336
PSMB6	1.52129	-0.559171	0.203431	-0.607007	-1.51901
PSMB7	2.39107	-0.948231	1.03243	-0.770607	-1.68613
PSMB8	-5.28511	-4.18708	-5.28183	-2.9253	-2.94029
PSMC1	2.49454	1.09665	2.25875	0.898314	0.206467
PSMC2	0.379272	0.23409	-0.239049	-1.75394	-2.12214
PSMC3	1.81434	0.253627	2.81763		
PSMD1	2.86417	0.58775	2.63747	0.482228	-0.585287
PSMD10	-0.596777	-1.60708	-1.09067		
PSMD12	0.633742	1.66623	2.39997	-0.627752	0.111681
PSMD13	1.56528	0.159072	0.854907		
PSMD4	0.518677	-1.05201	0.0614939	-1.37887	-1.99264
PSMD6	-5.4422	-1.0898	-4.72557	-1.75832	-0.293561
PSMD7	0.196338	-0.843807	-1.80516		
PSMD8	0.0505723	-1.87124	-1.28877	-1.14698	-1.77471
PSMD9	-1.51042	-2.56649	-3.38278	-2.0964	-2.90051
PSME1	-0.391844	-1.78574	-1.24377	0.889842	0.0568491
PSME2	0.816062	-1.01149	0.487907	1.7232	0.414924
PSME3	-0.1229	-1.19263	-1.15022		
PSME4	-0.411344	0.786443	-0.17035	-1.84686	-1.48115
PSMG2	-4.02072	-1.47962	-5.40596		
PSMG3	3.66197	4.12765	2.86433	1.55164	2.04243
PSMG3-AS1	0.576432	-1.45624	0.0444468	-1.16095	-1.72364
PSORS1C1	1.72761	-0.916189	1.19047	2.82557	0.290878
PSPC1	-1.90859	-0.352385	-2.32854		
PSPH	0.770891	-1.19365	-0.405182		
PSTPIP1	0.67315	-0.661222	1.0485	-0.714248	-1.49209
PTAFR	-4.16365	-4.30305	-5.09796	-1.77941	-1.76596
PTBP2	1.20035	-1.06845	0.612754	0.627605	-0.353741
PTBP3	0.4515	-0.308083	0.607716	2.06105	1.32513
PTCH1	2.2772	0.59098	3.99757	3.70679	2.53234
PTCHD1	3.11101	0.0220321	3.96824	4.05178	1.30724
PTCHD4	-0.534745	1.27478	-0.383536	1.85795	2.74188
PTDSS1	1.56577	-0.480844	0.938028	-1.34032	-2.19006
PTER	3.42073	-0.199173	2.94459	0.487242	-1.01322
PTGDR2	0.360455	0.964739	0.142642	0.287638	0.611021
PTGDS	-2.77455	-3.69377	-2.73089		
PTGER3	0.598536	-1.83164	-0.0530525	-0.99744	-1.64462
PTGER4	-0.256225	-2.07089	-2.1527	-3.859	-3.51446
PTGER4P2-CDK2AP2P2	-3.93219	-4.26153	-3.24977		
PTGES	2.7641	-0.0537557	1.50356	0.334136	-0.612479
PTGIS	0.0709188	1.33927	1.4728	3.90977	4.93667
PTGR1	-0.00902075	0.0531671	-0.330693		
PTGR2	0.0310258	-1.52601	0.118482		
PTGS1	-2.21226	-0.0607443	-2.68324	-3.43319	-3.10084
PTGS2	0.720395	1.63037	0.81664	0.586558	0.885564
PTH1R	-2.23226	-0.32763	-1.50278	-0.282016	0.231953
PTH2R	4.10271	3.93172	2.50546	3.4898	4.02418
PTHLH	0.383573	-1.19361	-0.729564	-0.621934	-1.21274
PTK2	-1.24546	-1.8715	-1.2481		
PTK2B	3.64311	3.81905	3.3206		
PTK7	-0.590609	0.520828	-0.239589		
PTN	-1.87383	-2.40422	-1.7886		
PTOV1	2.62371	2.79793	2.59465	3.02626	2.83512
PTP4A1	1.16669	-0.200737	3.15197	-0.936111	-1.39457
PTP4A2	-1.85197	-2.62744	-2.05744		
PTP4A3	7.32018	4.42775	9.41377	2.10288	1.46384
PTPA	2.66358	0.787332	2.35063		
PTPDC1	-2.03293	0.0991077	-1.31008	-2.21292	-1.10079
PTPMT1	-1.09907	0.052525	-1.47939	1.96476	2.43853
PTPN11	3.31411	2.45384	3.5936	2.1675	2.28098
PTPN12	-0.625189	1.60442	0.946172	1.15743	2.00631
PTPN13	-0.00399025	-1.12525	-0.236933		
PTPN14	1.11895	1.84481	1.56445	0.0759608	0.503261
PTPN18	-1.42271	-2.2913	-1.72298		
PTPN2	1.31165	2.50153	2.1496	1.39302	2.18169
PTPN20	1.47909	1.94256	1.75429		
PTPN21	-1.43871	-0.532802	-1.04159		
PTPN3	0.559826	-0.113916	-0.828784	0.987775	0.833071
PTPN4	1.64447	2.67465	2.58172	5.49303	4.81758
PTPN5	1.66931	2.34475	0.760391		
PTPN9	1.27643	0.124924	1.07524		
PTPRA	0.786347	-1.26943	0.93605	1.032	-0.39512
PTPRC	-3.90205	-3.60276	-4.65319	-3.16945	-3.44408
PTPRD	-2.81595	0.304517	-1.75012		
PTPRD-AS1	-0.156381	1.39863	0.965935	-1.13434	0.216254
PTPRE	-2.24692	-0.346447	-2.73705	-4.45132	-2.66153
PTPRF	4.471	-0.164053	7.01424	5.08537	1.51095
PTPRG	0.183635	-1.15361	-0.239512	1.71535	0.721905
PTPRH	1.01437	1.73168	2.09057	-0.834691	-0.341999
PTPRJ	1.69863	-0.224587	0.41698	2.94814	1.59355
PTPRK	2.56253	2.77947	4.62985	1.74805	1.80793
PTPRM	0.881655	0.423925	0.197989	-2.85335	-3.64791
PTPRN2	0.126904	-1.49425	0.296476		
PTPRO	3.14673	1.67427	2.83265	1.83072	0.471623
PTPRR	-0.11584	-1.36666	-0.365967	0.540221	-0.286785
PTPRS	-2.78943	-1.79218	-2.42999		
PTPRT	3.0705	4.87291	3.1239	6.05093	7.33875
PTPRU	1.99638	1.58986	2.05747	0.0982492	-0.154007
PTPRZ1	-3.67718	-3.54629	-3.55721	-1.57122	-2.2786
PTRH1	1.39202	-0.952985	0.951757	1.84047	-0.0463194
PTRH2	3.03124	1.4115	3.79432	0.825176	0.118797
PTRHD1	-1.81025	-2.53493	-3.03123	-3.8012	-3.84781
PTS	-1.17056	-2.20002	-2.48435	-2.17748	-2.51937
PTTG1	-1.30304	0.025386	-1.372	0.999921	1.73086
PTTG1IP	-5.75524	-5.92262	-4.64446	-2.09598	-2.61778
PTTG2	-1.56507	-0.232711	-1.60865	-0.0887806	0.525061
PTX3	-0.903388	0.885636	-1.0874	-1.86862	-0.374862
PUDP	-2.63337	-0.850673	-4.05467	-0.657205	0.146769
PUF60	-0.0562909	-1.78393	0.255888	-1.84467	-2.29261
PUM1	0.324876	-0.1447	0.474894	4.38501	2.91438
PUM3	1.54346	-0.827186	0.646089	0.629671	-0.417698
PURA	-0.15248	1.80598	1.35863	1.07193	1.91461
PURB	2.10662	3.31353	4.65132	5.67147	6.52246
PURG	0.217315	-0.455738	-0.110274	1.20064	0.81008
PUS1	0.612343	1.28942	-0.142319	0.664296	1.01654
PUS7L	1.11046	-0.247401	1.23425	-0.00631716	-0.343658
PUSL1	1.91662	-0.861608	0.626956	2.30182	0.432104
PVALB	0.96789	2.07435	2.09384	-0.582647	0.391703
PVR	1.60782	2.48555	2.10055	0.644389	1.26054
PVRIG	-1.34246	0.513507	-1.10215		
PWAR5	0.193275	1.76	2.18899	0.980296	1.84864
PWAR6	-0.616245	-0.0926912	-0.365315		
PWARSN	1.30196	2.16513	2.17682		
PWP1	2.6595	-0.896494	1.05281	-0.110057	-0.951966
PWP2	1.4949	1.32886	1.88888		
PWWP2B	3.04645	0.331452	1.85343		
PXDC1	1.04353	-0.422671	1.11398		
PXDN	-1.36638	-0.562609	-2.3861	-0.863032	-0.707776
PXDNL	-3.27234	-0.066356	-4.3828	-5.48175	-3.1306
PXMP4	2.55695	-0.0625362	1.3246	-0.997438	-1.6364
PXN	-4.32431	-2.00873	-3.94939	-1.1455	-0.459805
PXN-AS1	2.56588	0.835155	1.5918	-0.315798	-0.78371
PXYLP1	-1.36404	1.20113	-0.191252	0.182422	1.34006
PYCARD	-1.92258	-2.618	-4.99466	-0.902396	-1.33439
PYCR1	1.49793	-1.37673	0.564344	0.370976	-0.945229
PYCR3	1.39243	-0.910645	0.828818	-0.0280627	-1.20679
PYDC1	-0.562925	-1.86537	-2.99712	0.320602	-0.623817
PYDC2	3.34685	2.76548	4.2373		
PYGB	-1.44861	-1.22081	-0.61829		
PYGL	1.28323	-1.37555	0.563108	0.47076	-0.629721
PYGO1	-3.83837	-3.80906	-3.8279	-0.535803	-0.498446
PYGO2	3.46571	1.13372	3.95252	6.66963	3.9751
PYM1	1.97839	3.2976	2.27288		
PYROXD1	0.602234	1.78309	1.72502	-2.15474	-1.05435
QDPR	-1.01351	-0.280444	-1.21304	-3.97368	-2.56247
QPCT	4.0627	4.64412	4.52102	1.77675	1.98559
QPCTL	1.44817	2.39238	1.40315		
QPRT	-0.142475	-1.13076	-0.29773	0.215013	-0.14013
QRFP	-2.13028	-1.19553	-1.88791		
QRFPR	-2.01216	0.278642	-2.95894	-3.36146	-2.01928
QSOX1	0.741608	1.62844	0.157274		
QTRT2	-1.02507	0.803944	0.0722181	0.0389801	1.01502
R3HCC1L	1.46484	0.791388	1.10043		
R3HDM1	0.615119	1.93381	0.789466	2.59001	3.33431
R3HDM2	2.82846	4.52889	2.62749		
R3HDM4	-0.195981	-0.796463	-1.0896	2.12489	1.53805
RAB10	-0.507328	-0.980524	-0.00534078		
RAB11A	0.103181	-1.22809	-1.22341	-1.70581	-2.54465
RAB11B	-3.41482	0.231571	-2.94017	-1.2402	-0.127359
RAB11FIP1	2.70687	0.962929	2.21398	3.56721	2.11451
RAB11FIP2	0.223412	1.49027	0.706461		
RAB11FIP3	-0.930038	0.94127	-0.0686139		
RAB11FIP4	0.473347	0.339222	0.51227	2.27897	1.94179
RAB11FIP5	-0.00569886	0.920475	-1.02134	-2.30876	-1.48107
RAB12	-0.26894	-0.291297	-1.10101		
RAB13	-3.96594	-4.07795	-3.61507	-1.53071	-1.89569
RAB14	2.22433	2.5469	3.40295		
RAB15	1.91647	0.291918	0.870387		
RAB18	-0.638521	-1.67521	-0.843848		
RAB21	-1.2675	-1.55166	-0.601329		
RAB22A	-1.8411	-2.97955	-2.09939		
RAB23	1.53042	-0.529598	1.72006	2.72483	1.60438
RAB24	0.476891	1.86833	0.805474	1.53088	2.45061
RAB26	6.62828	4.57794	5.24505		
RAB27B	1.93812	-0.861427	1.46922	0.955021	-0.680061
RAB29	-2.72919	-3.54756	-2.58668	-2.2654	-2.93207
RAB2A	-1.1902	-0.636533	-1.01543		
RAB2B	-1.78638	-1.74811	-1.39021		
RAB30	-1.65866	0.257998	-1.6454		
RAB31	-1.58156	-2.40397	-1.57262	-0.251952	-0.991054
RAB32	-0.0694643	-1.7735	-1.35099	-0.797183	-1.44696
RAB33A	3.67895	2.64572	2.7821		
RAB34	0.0376654	-1.34365	-0.00246187	1.86754	0.789795
RAB35	1.53968	-0.980777	1.0517	-1.44684	-2.35137
RAB36	3.24314	-0.378318	2.86755	2.57834	0.0541234
RAB37	0.411742	1.62031	2.7378	-1.24055	-0.0919317
RAB39A	2.80411	1.62834	3.84076	0.909795	0.377798
RAB39B	4.08581	2.01881	2.94761		
RAB3B	-2.10433	-2.32622	-3.71106	0.143698	-0.339143
RAB3C	4.95078	1.95885	5.11224	3.59719	1.95586
RAB3D	-0.116514	-1.35854	-0.915092	-2.2976	-3.03685
RAB3GAP1	4.07187	0.327802	2.72298	1.02927	-0.289806
RAB3GAP2	-0.0915193	1.28414	0.839778	-1.0525	-0.202965
RAB3IL1	0.36075	-0.611947	0.141093		
RAB3IP	-1.40404	-2.48834	-0.981334	-2.2916	-2.80556
RAB40AL	1.25223	2.29214	2.48212	2.90711	3.42231
RAB40B	0.0525013	-1.68459	-0.807956	-0.0226057	-0.745861
RAB40C	4.53078	4.25622	4.17537	1.52958	2.20864
RAB4A	0.790952	0.242921	0.703065		
RAB5A	-0.426406	-1.609	-1.5989		
RAB5B	0.857994	1.26576	0.804687		
RAB6A	0.426474	0.907852	0.456059		
RAB6B	4.32256	1.21917	3.05634		
RAB7B	1.71	1.858	2.66736	-0.618801	-0.505704
RAB8B	-1.51473	-2.78725	-2.05324	-0.345096	-1.18554
RAB9A				-2.65516	-2.43358
RABAC1	0.876915	-0.700533	-0.0389264	-1.56026	-2.24053
RABEP1	1.1368	0.143894	1.0885		
RABEP2	-3.29115	-0.0816429	-2.53235	-3.6462	-2.0302
RABEPK	3.86523	4.04599	5.51735	2.24879	2.45767
RABGAP1	0.65951	-1.16813	-0.0929927		
RABGAP1L	3.72737	3.00857	3.76111		
RABGEF1	3.59544	3.88119	4.07525	2.75825	3.10239
RABGGTA	0.619596	0.983246	0.479235		
RABGGTB	-0.347692	-0.48598	-0.541184		
RABIF	3.65863	1.05071	2.68248	2.02109	1.04982
RABL2A	2.55579	3.07279	2.08449	1.44569	1.96936
RABL3	0.708267	-1.01601	-0.436662		
RAC1	1.28751	-0.653965	0.707953		
RAC2	0.460065	-1.30305	-0.272963	-1.58874	-1.98201
RACGAP1	0.304397	1.88689	-0.404562	-0.479378	0.420797
RACGAP1P	-1.07821	0.612875	-2.13818		
RAD1	0.116289	-1.01494	-0.86521	-1.20806	-2.08645
RAD17	1.20758	-0.57859	1.35188	-0.136962	-0.64575
RAD21	0.204373	-1.05922	0.247525		
RAD23B	4.43267	2.15527	3.98318		
RAD51AP2	2.13921	3.18678	2.22715		
RAD51B	-2.92477	-4.76541	-3.07969		
RAD51C	0.699611	0.795946	-0.575365		
RAD51D	6.62992	3.79841	5.11074		
RAD52	-1.65989	0.442585	-1.5794	0.435123	1.27704
RAD54B	0.276229	1.86923	-0.162473	-0.639609	0.603009
RAD54L2	-2.01179	0.38754	-1.91438		
RADIL	-0.501149	1.27619	-0.404434	3.05162	4.0783
RAE1	-0.551872	-1.78793	-1.22736	-0.0247035	-0.632771
RAET1E-AS1	2.6206	-0.646287	3.19085	2.30405	0.0989169
RAI1	0.943376	2.20367	1.03887	2.55655	3.19286
RAI14	-5.48144	-4.63823	-4.43268		
RALA	0.162017	-1.29944	-0.780216		
RALB	-2.03716	0.154102	-1.65403	-3.26796	-1.2313
RALBP1	3.28335	1.36041	2.24205	1.96072	1.45091
RALGAPA1	-1.62852	0.464714	-0.886463	1.53616	2.08105
RALGAPA2	-4.19083	-0.387376	-4.87298	-1.05176	-0.0113566
RALGAPB	-2.01638	0.586559	-1.77362		
RALGDS	-1.75803	-1.6517	-2.32086		
RALGPS1	-1.69461	0.401204	-0.920972		
RALGPS2	-1.03166	-2.62483	-0.430896	-0.850587	-1.40086
RALY	0.419766	1.49194	0.0362361	-0.221415	0.294883
RALYL	1.23113	0.868648	1.67722		
RAMP1	-2.86609	-3.18316	-3.32471		
RAMP3	-0.569169	0.674617	0.648339	-1.7051	-0.999742
RAN	3.87834	0.154198	3.21254	0.174688	-0.647245
RANBP1	-5.30173	-2.38317	-4.81627		
RANBP10	-0.134756	0.631466	0.891163		
RANBP17	2.51071	3.20162	2.85379	2.81745	3.23553
RANBP2	2.78353	3.15762	7.39804	1.83273	2.09251
RANBP3L	0.0205862	-1.31827	0.148078	2.73044	1.7966
RANBP6	0.673924	1.5576	1.05025	-1.00501	-0.0576044
RANBP9	4.84991	4.24386	7.84063	2.46357	2.45353
RAP1B	-2.56661	-2.71147	-3.30492	-0.999674	-1.66872
RAP1GAP	-1.37996	-2.82982	-1.4599	-1.08052	-1.65956
RAP1GAP2				1.80124	1.65971
RAP1GDS1	-1.35456	-0.937957	-1.72155	-5.70475	-5.03193
RAP2B	1.70065	-1.2093	2.33815	0.253693	-0.985935
RAP2C-AS1	-2.83964	-0.6784	-3.01645		
RAPGEF1	-0.0352893	-0.991446	0.1273		
RAPGEF2	8.6924	5.40174	7.59184	5.64208	6.14165
RAPGEF4	0.550441	-1.20801	-0.465698	0.975615	-0.257649
RAPGEF5	0.793875	1.52478	1.70224	-1.4287	-0.737054
RAPGEF6	-2.76893	0.022072	-4.07825	-0.243098	0.555349
RAPGEFL1	-1.56388	-0.674824	-2.12864		
RAPH1	5.69567	2.98013	4.96408	4.265	2.04799
RAPSN	-0.392668	-1.82773	-0.31252		
RARA	4.1519	4.98446	3.01852		
RARA-AS1	7.44655	2.45178	6.20903	4.29139	2.69786
RARB	4.93055	5.85374	4.54858	7.47778	9.8024
RARG	-5.72007	-1.8856	-3.08597		
RARRES1	-2.04241	-1.64344	-1.92602	-6.06657	-5.66637
RARRES3	-1.8307	-2.43257	-2.14135	-0.238005	-0.559167
RARS	1.97372	-0.238552	0.536003	0.383116	-0.479571
RASA2	-0.467636	0.490321	0.125927		
RASA3	-1.32417	0.0290199	-1.85889	1.21735	2.18499
RASA4CP	0.118975	-1.19324	0.76117	1.84797	0.818796
RASAL1	3.832	0.111431	3.75618	3.66743	0.834151
RASAL2	2.45765	2.75588	2.17764	4.1491	4.74519
RASAL3	-1.45005	-2.25752	-2.40388	-3.58465	-3.65567
RASD1	6.40152	4.89246	6.71228	3.84464	4.00027
RASD2	0.917382	2.28774	0.410772	1.97526	2.89867
RASGEF1A	1.21752	-0.361348	1.22345	2.77658	1.12291
RASGEF1B	-1.77409	-1.95852	-4.03195	-1.70735	-1.83289
RASGEF1C	3.35761	-0.0755349	2.84083	0.716578	-0.891304
RASGRF1	-3.50067	0.14229	-2.33073	-1.31045	-0.156396
RASGRF2	6.07202	3.72013	6.95918	2.74123	2.48998
RASGRP1	0.973682	0.0400592	0.949229	1.96279	1.51133
RASGRP2	1.74172	2.15156	1.597	0.333232	0.663407
RASGRP3	-2.82363	-2.16961	-2.80054	-5.24306	-4.28327
RASIP1	0.440863	1.28296	-2.00618	0.34142	0.736571
RASL10A	1.06238	-1.6727	-0.10341	-2.82082	-3.09188
RASL10B	-1.60623	-0.622087	-1.00926		
RASL11A	-4.24513	-0.955755	-2.76926	-3.43701	-2.49159
RASL11B	5.74406	1.23773	5.65483	7.62978	2.79154
RASL12	-0.123801	-0.0820905	1.17668		
RASSF1	-0.322831	0.94434	-1.01892		
RASSF2	-2.93849	-1.80861	-3.66404	-6.70691	-4.57552
RASSF3	0.664119	1.10063	1.4378	1.46938	1.56136
RASSF4	-5.06337	-0.541703	-4.35335	-2.10451	-0.186963
RASSF5	1.68611	2.23541	2.20169	0.301253	0.535874
RASSF7	-1.41476	-0.738442	-1.34618		
RASSF8	-5.43815	-2.86028	-4.64488	-2.05874	-1.04905
RASSF8-AS1	-8.41548	-3.98249	-7.75572	-6.49406	-5.0177
RAVER2	1.47722	-1.16517	0.897649	1.44737	-0.361126
RAX2	-1.20694	0.156754	-0.381058		
RB1	-0.0787178	-1.30043	-0.555531		
RB1CC1	-1.04949	-0.438454	-1.31981		
RBAK	1.00913	2.22567	0.876169	0.985939	1.53829
RBBP4	1.85618	2.7593	3.65043	3.3886	3.76445
RBBP5	1.26147	2.40658	1.63865		
RBBP6	0.0266601	1.05015	-0.139778	2.70316	3.3554
RBBP7	1.56558	-1.38178	0.13832	-0.435963	-1.33631
RBBP8	-2.19673	-1.12449	-2.82104		
RBFA	-1.83082	-2.66397	-1.86176		
RBFOX1	2.21894	2.80775	1.43305	0.989364	1.46095
RBFOX2	-1.8161	0.355764	-1.70957	-1.13817	-0.412113
RBFOX3	1.34834	2.21353	0.649143	-0.647937	-0.071353
RBKS	-0.664507	0.678389	0.69628	-0.658732	-0.10797
RBL2	-0.862436	0.402814	-0.375114	1.3512	2.00614
RBM12	4.08663	3.75397	4.20024		
RBM12B	0.980118	2.31319	1.79274		
RBM14	-0.185889	1.28401	0.299918	1.97215	2.88493
RBM15	1.33889	2.47084	2.41781	4.37013	4.45901
RBM15B	1.02137	0.696323	1.42254		
RBM19	-1.18854	-0.297893	-1.42372		
RBM20	0.100511	1.2497	0.928605	0.520902	0.832856
RBM22	-0.516176	0.847332	-0.609335	0.775974	1.50898
RBM24	4.80185	2.2531	5.85859	7.25981	4.67496
RBM25	0.170243	1.14495	0.352225	1.34013	1.80437
RBM26	2.14354	2.06067	1.89337	1.96529	2.12121
RBM27	-3.12795	-1.71296	-3.7768	-1.19726	-0.864162
RBM28	-0.550247	1.26209	0.295083		
RBM3	-1.47039	-2.10763	-1.66549	-1.57369	-1.85868
RBM33	-2.38997	-1.49117	-2.14863		
RBM34	-4.67274	-5.1428	-5.62198		
RBM38	-1.83337	-1.36114	-1.19048		
RBM39	-5.19085	-2.60051	-5.44004	-1.78322	-1.1787
RBM4	2.49845	1.5825	2.46286	2.18821	1.78294
RBM41	1.23807	2.74152	0.820799		
RBM48	-0.685372	0.744944	-1.46642	1.30476	2.06444
RBM4B	-1.21169	1.0268	-0.535097	1.20814	2.10169
RBM5	1.42056	0.590697	1.67255	1.02936	0.781368
RBM6	-2.60363	-1.45803	-2.86327		
RBM7	-1.37717	0.663409	-1.00236	0.482723	1.62249
RBM8A	2.89295	-0.860098	1.69246	0.74281	-0.664641
RBMS1	-0.0366431	1.42286	1.06909	0.439145	1.09355
RBMS3	-0.639141	-0.320289	-0.207182	0.305838	0.663625
RBMX	0.0535168	-1.36095	-0.902303		
RBMX2	1.5052	0.587835	0.518967		
RBP1	1.52668	1.2456	3.32996	2.17683	2.25512
RBP2	-1.07141	-0.37614	-0.630768		
RBP4	4.22907	-0.29305	5.6219	5.89196	1.37032
RBP5	2.23811	2.41748	2.68776		
RBP7	-0.93369	-0.374017	-0.824161	-4.79644	-3.57618
RBPJ	-0.124698	1.32731	0.582883	-0.327948	0.3082
RBPMS	-2.67377	-1.67055	-1.86615		
RBPMS2	1.53239	1.55701	4.64257	0.781115	0.791931
RBSN	0.395755	-1.13813	-0.163233		
RBX1	-0.0063459	-1.10069	-1.00288		
RC3H1	2.366	3.54907	2.85219		
RC3H2	5.10985	1.7113	3.71739		
RCAN1	-0.620812	0.268805	-1.25358	0.170889	0.960657
RCAN2	1.64039	2.5213	5.74966	0.611973	1.085
RCBTB1	-1.33274	-0.334607	-1.1119	-1.01964	-0.58413
RCBTB2	-2.70875	-3.58261	-2.72473	-2.6921	-3.37363
RCC1	-0.842735	0.987806	-1.25254	-0.335098	0.203654
RCC1L	-0.335745	1.03089	0.461079	0.174356	0.766889
RCC2	-1.59145	1.23764	-0.168627	0.0978798	1.21047
RCCD1	-0.827189	-0.205862	-1.08525	-2.85797	-1.90317
RCHY1	1.69559	-0.559071	0.619695		
RCL1	-2.70559	0.606056	-2.86206	-3.58975	-1.99081
RCN1	3.0584	-0.364111	1.33265	1.27262	0.0994523
RCN2	2.54076	-0.0246467	2.17341	2.42996	0.936747
RCN3	0.937017	2.90489	-0.350663	3.58857	4.17024
RCOR3	-0.0740896	1.86497	0.896767	-1.25752	0.307398
RCSD1	4.05621	2.02335	1.54546	3.65538	3.44437
RDH10	0.267041	-1.1591	0.0393319	3.02771	1.80779
RDH11	2.34677	0.767198	2.73826	1.20367	0.745043
RDH12	3.30936	3.30002	1.99954	0.487344	0.421381
RDH5	-2.61192	0.486697	-2.34476	0.249242	1.07148
RDM1	-1.19974	-0.983712	-0.398391		
REC8	3.1996	1.75277	2.95938		
RECQL	-1.56208	-0.0400681	-1.17888		
RECQL4	2.77366	3.29011	1.6597	1.21389	1.50279
RECQL5	-1.10299	0.0454497	-0.38763	-1.55003	-1.00294
REEP1	3.10625	2.05754	3.50537		
REEP2	0.657886	1.52609	1.10304	-0.794818	-0.492632
REEP3	-3.61724	-1.07219	-2.17137	-3.88939	-2.60642
REEP4	-1.67468	-0.349802	-1.90471		
REEP5	3.53526	3.84455	2.97489	2.50629	2.8526
REEP6	-2.04874	0.454678	-3.27054	-0.368305	0.350109
REL	-2.37571	-0.0603486	-1.68462		
RELB	2.80324	2.49161	2.58315	1.73322	1.73367
RELL1	-2.80037	-2.00644	-2.45316	-2.22327	-1.66018
RELL2	0.64542	1.84382	2.04739	-0.784844	0.250291
RELN	0.848907	-0.0663099	0.782493	0.72772	0.658098
RELT	-2.74077	0.141522	-3.13064	-4.57529	-1.39483
REP15	2.66027	3.60746	3.19547		
REPIN1	-0.37071	1.23236	0.248793	0.855959	1.38102
REPS1	0.344735	1.93112	0.778063	2.13651	2.68955
REPS2	2.68157	1.97713	4.06759		
RER1	0.484464	-1.39621	0.458854	-2.52642	-2.88934
RERE	1.06384	2.5106	1.61018		
RERG	-0.927728	0.747846	-0.322858	0.437788	0.93229
RERGL	-2.65711	-1.13483	-2.16794	-1.98365	-1.02503
RESP18	-1.37585	-2.43947	-0.99315	-3.9032	-4.59438
REST	-6.30183	-6.04281	-5.66894		
RET	-0.302118	1.54926	0.446032	0.516788	1.18058
RETREG1	5.61162	4.54464	6.32886	4.69013	4.06106
RETREG2	3.95064	3.13602	4.88629	0.74274	0.27478
RETSAT	-0.152952	-0.728077	-0.306897		
REV1	-0.442861	0.500886	-0.239477	1.37368	1.911
REV3L	-1.9858	-1.00183	-2.94694	-0.0583343	0.495216
REXO2	0.011114	-0.764863	-0.701186	-0.848316	-1.4362
REXO5	2.99316	0.48204	2.39832	2.5446	1.83329
RFC1	-1.18737	-0.333467	-0.339333		
RFC3	1.62557	0.292331	1.96217	1.07955	0.199855
RFC4	0.749583	1.478	-0.801729		
RFC5	-0.84766	-0.863097	-0.475246	-0.529862	-0.569986
RFESD	1.49641	2.45979	1.9511		
RFK	2.06942	-1.00025	0.976228	2.03555	0.204365
RFLNB	1.26925	0.234127	1.71826	0.00447563	-0.265206
RFPL1	2.81812	3.68922	2.83091	4.38933	4.09416
RFPL1S	1.00103	1.4264	-0.293788		
RFPL2	2.34334	3.33499	3.01318	2.12778	2.35722
RFPL3	3.11836	3.62395	2.42693	2.30806	2.67412
RFPL3S	-1.54012	-0.138482	-1.78473		
RFT1	1.34713	0.163568	1.18629		
RFTN1	5.47491	2.9899	4.00845	4.00912	3.46572
RFX1				2.47662	2.93513
RFX2	-1.24826	-1.90392	-1.70819	1.92166	1.62768
RFX3	4.10126	1.64403	6.89034	9.60468	6.55784
RFX4	-2.20127	-3.22337	-1.66645		
RFX5	-0.611865	1.28213	-0.414233	-0.711821	0.258263
RFX7	1.15907	2.18378	1.99034		
RFX8	4.25513	4.20431	3.67798	2.46058	3.01946
RFXANK	-0.927018	-1.74737	-1.22956	-0.531704	-0.819769
RFXAP	0.513483	1.39966	1.89746	2.4324	2.91049
RGL1	2.22716	0.344704	1.14263		
RGL2	-2.64213	-0.378098	-1.90941		
RGL3	-0.870283	-1.96468	-0.276244		
RGMA	-0.986606	-0.403531	0.169187	0.340129	0.602974
RGMB	4.58465	0.158734	3.59964	1.56812	-0.010397
RGN	-1.94596	-2.59322	-1.61962	-0.132375	-0.44686
RGPD3	-0.209909	1.6723	0.891819	1.17448	2.10488
RGPD4	-0.741416	1.37884	0.454648	1.11597	1.94664
RGR	1.79924	1.24087	2.07495		
RGS1	-2.51451	-3.42884	-2.82817	-3.84223	-4.04766
RGS10	-1.84951	-2.47616	-2.56132	-3.68129	-3.81355
RGS11	2.1113	2.79235	2.95563		
RGS12	1.937	0.819605	0.421936	0.249161	0.0144953
RGS14	-0.773782	-2.04932	-2.56772	-1.41444	-1.8391
RGS16	0.132801	1.61553	0.289041	1.33717	2.04423
RGS17	2.08581	-0.375807	0.0966846	0.826914	0.327059
RGS18	-1.1413	-2.08204	-1.88301	-2.21571	-2.64648
RGS19	-0.0247891	-1.23997	-0.672911		
RGS2	-2.44311	-0.266949	-0.748183	-2.08123	-1.38772
RGS20	0.0493645	-1.66918	-1.06653	1.18777	-0.253628
RGS22	-0.0942963	-1.33175	0.111386	0.853669	-0.0624353
RGS3	0.0795531	1.02964	0.584614	-0.360288	-0.203072
RGS4	6.12609	2.59174	6.01771	2.76079	1.28394
RGS5	0.867919	0.6549	1.60068	0.608248	0.806761
RGS6	1.28229	2.32265	0.808702	1.87395	2.57889
RGS7	1.07321	2.71236	0.801109	4.38135	5.21362
RGS7BP	-1.804	-0.769476	-2.33278	-1.90885	-2.05993
RGS8	-1.11677	-1.84534	-2.55643	-1.02965	-1.2598
RGS9	-1.68307	-1.8786	0.0155567	0.345216	0.159337
RHBDD2	3.02929	-0.766044	1.84482	0.846111	-0.861101
RHBDD3	0.494839	1.69015	0.357386		
RHBDF2	-4.10026	-3.51701	-4.91266	-4.90321	-5.05624
RHBDL2				-4.50211	-3.27004
RHBDL3	-0.568607	1.46894	-0.0372204	-0.14333	0.829528
RHCE	1.15338	0.253215	1.38461	-1.84036	-2.38492
RHCG	3.38399	1.29705	2.3788	2.67324	2.05623
RHEB	1.03658	-0.215953	1.1681		
RHEBL1	6.06241	2.97424	5.6897	2.34627	1.42189
RHO	0.539528	0.536975	0.474104		
RHOA	-0.680885	-2.24975	-0.243291	-0.799569	-1.35496
RHOBTB1	1.1308	2.15442	1.6709	0.617021	1.33357
RHOBTB2	-0.512693	0.75164	-1.65829	-2.62984	-1.1889
RHOBTB3	-2.26618	-2.79579	-1.82674		
RHOC	-2.72454	-2.94199	-4.32593	-1.27389	-1.88276
RHOF	1.27532	0.812794	1.78536	-1.04178	-1.24939
RHOG	-1.30035	-0.412973	-1.02187	-2.87129	-2.22541
RHOJ	1.32706	-0.676405	1.31946	2.62077	1.5104
RHOQ	-2.88484	-0.660037	-2.15677	-0.868041	-0.284529
RHOT1	-0.844129	0.599543	-0.077661		
RHOT2	2.79524	3.65983	2.68831		
RHOV	0.174613	1.19003	0.168507	-1.18983	-1.00341
RHOXF1	1.60547	2.84211	2.15505		
RHPN1	-2.68263	-2.20505	-2.08597		
RHPN2	-1.37914	-2.2957	-2.14601	-3.34797	-3.53382
RIBC1	-2.04382	-2.71545	-2.17586		
RIC8A	4.09823	-0.323199	4.46559	3.28768	0.474019
RIC8B	5.06839	5.10296	3.23004		
RICTOR	2.08547	2.61739	4.11605	2.30045	2.50253
RIDA	-0.911808	-1.7992	-1.22409	0.258587	-0.356479
RIF1	0.192056	1.37576	0.98564	0.343603	1.09793
RIIAD1	-0.129499	-1.72455	-1.99529	-1.29754	-1.72342
RILP	1.11841	1.88392	3.81533	-0.302077	0.157814
RILPL1	1.45962	-1.47755	-0.332467	-0.675732	-1.48034
RILPL2	1.13511	-0.980286	1.11599	1.62058	-0.167783
RIMBP2	2.64737	0.030333	3.33065	3.65095	1.13903
RIMKLA	0.667577	1.54832	2.83067	-1.18225	-0.479443
RIMKLB	-0.393763	-1.43944	-0.126762	1.49208	0.948688
RIMS1	2.30071	0.125221	2.07314	2.32491	1.12156
RIMS2	-0.155932	1.19303	-0.174091	3.69607	4.61743
RIMS3	6.36795	6.33984	4.85572	8.51024	8.71222
RIMS4	-1.3051	0.236137	-0.655757	-1.47468	-0.946555
RIN1	2.23294	0.057057	2.27594	2.12931	0.822699
RIN2	-2.48967	-2.17595	-1.54937		
RIN3	-0.199161	-0.584896	0.48555		
RING1	0.66337	2.01049	0.412878	2.35373	3.22387
RINL	-0.440242	-0.230795	-1.27939	-3.44183	-3.33361
RINT1	-0.347833	1.01258	0.0715598		
RIOX2	1.94635	-0.930826	1.89551	-0.110688	-1.13322
RIPK1	-0.882015	0.647805	-1.07526		
RIPK2	2.57311	-0.362307	2.42827	2.61123	0.69146
RIPOR1	-2.61656	-1.43862	-1.20715		
RIPOR2	3.30481	-0.887152	4.51135	2.21088	-0.472696
RIT1	0.474007	-0.936346	2.09642	-2.119	-2.92697
RIT2	2.05567	1.28029	2.59671	-0.999264	-1.99399
RITA1	2.02282	-0.313328	0.126161	0.869168	-0.280358
RLBP1	1.21104	-0.470897	0.899807	3.91269	3.00644
RLF	1.8556	2.69569	3.00871		
RLIM	-2.96758	-2.73095	-5.15422	-0.248927	-0.0533159
RMC1	-1.30935	0.554463	-1.38819	-1.34287	-0.241191
RMDN1	-2.10177	-1.80368	-1.89365		
RMDN2	3.88942	4.34605	2.43825	3.62549	4.57989
RMI1	-1.47689	1.15546	-0.138628	0.154305	1.05097
RMI2	3.14672	0.200462	1.68852	1.49136	0.0492658
RMND1	-0.0487414	1.53094	0.0664302	-2.02078	-1.08418
RMND5A	0.627105	2.23156	0.189085	3.75433	3.92211
RMND5B	2.13586	0.608924	1.93386		
RNASE1				-3.36657	-2.56343
RNASE6	-1.88236	-2.41584	-2.81218	-3.3586	-3.38519
RNASEH1	-0.261035	0.267148	-1.08332	-1.07759	-1.7142
RNASEH1-AS1	0.411364	0.248079	-0.681248		
RNASEH2A	-0.76787	-2.15888	-2.4557	-1.82836	-2.13479
RNASEH2B	1.29194	-0.102528	0.0462091	0.871768	0.532392
RNASEH2C	-0.611669	-2.10525	-1.96393	-1.14198	-1.76479
RNASEL	-4.21752	-1.42928	-2.72345		
RNASET2	-3.29394	-3.23028	-3.72186	-3.90371	-3.78293
RND1	4.30722	4.44966	4.65943		
RND2	1.4292	2.603	0.251211	1.96631	2.84245
RND3	0.28142	-0.973292	0.141755		
RNF11	2.39356	-0.584367	0.830556	1.50006	0.0641079
RNF111	5.09072	5.08765	3.69203		
RNF112	5.72227	5.43508	4.43365		
RNF113A	-0.0384656	1.48532	-0.48772	-0.584479	0.453402
RNF114	-2.29046	-2.79871	-2.35062		
RNF115	-1.35122	-1.24207	-1.96288		
RNF125	-1.55479	-0.986175	-1.53203		
RNF128	2.37795	2.2135	4.71236	0.247872	-0.191428
RNF13	-1.58643	-0.28377	-1.53634	-4.03578	-2.79726
RNF130	-1.64495	-1.33256	-1.64421	-4.02181	-3.04781
RNF135	-3.60621	-3.59279	-2.5773	-1.09421	-1.57747
RNF138	-0.610841	0.724341	0.512923		
RNF139	2.54608	0.20209	2.70277		
RNF141	1.13861	1.36772	2.49449	-0.869457	-0.755249
RNF144A	0.295353	1.69744	1.28717	1.77496	2.59241
RNF144B	-0.314386	0.939275	-0.212388	-0.219384	0.349195
RNF150	2.51858	-1.17406	1.74295	-0.312296	-1.29076
RNF152	-2.80535	-1.69206	-2.0541	-5.31705	-5.55914
RNF157	-0.834989	0.931395	-1.14384	-2.13024	-0.579924
RNF157-AS1	-0.266129	-1.37352	-0.298835	1.58185	1.08258
RNF165	0.0584791	1.51203	-0.753956	1.27301	2.27724
RNF166	-0.00115047	0.669217	0.677811		
RNF167	0.612375	0.117113	0.669652		
RNF168	-1.46566	0.974302	-0.895991	-2.37978	-0.547672
RNF175	4.53255	2.61119	5.7366		
RNF180	-1.28301	-0.116675	-0.70157		
RNF181	0.399754	-1.70329	-1.34881	-0.762379	-1.46623
RNF182	1.76924	0.542076	3.96985	3.05133	2.89354
RNF19A	1.23901	2.14267	1.69166		
RNF19B	-1.70126	0.180989	-0.628492		
RNF2	3.48784	0.308944	2.66383	3.31511	1.60845
RNF20	-3.77344	-3.19256	-4.81967		
RNF208	0.169621	1.60841	0.281847	-0.86726	-0.031489
RNF212	-4.57135	-3.27487	-3.96802	-0.899434	-0.703725
RNF214	1.80814	1.38782	2.69157		
RNF215	1.47184	0.144661	1.18338		
RNF216P1	-3.03025	-2.27637	-2.19033		
RNF217	0.906209	2.74935	1.78341	2.67672	3.44305
RNF219	5.94768	4.70955	4.59903		
RNF220	4.20556	4.99924	5.26706	3.12858	3.46306
RNF24	1.55684	-0.629405	0.819912		
RNF26	1.98019	2.57393	2.43336	0.385411	0.647638
RNF38	4.06108	2.54958	3.58937		
RNF4	-0.0950362	0.0353998	-0.0642499		
RNF40	3.69281	2.79337	3.06287		
RNF43	1.73068	0.0547506	1.54987	2.95157	1.7703
RNF5	-0.522943	-2.02502	-1.60623	-1.73722	-2.33446
RNF5P1	-1.55264	-2.67153	-2.07344	-1.47521	-2.23486
RNF6	-0.0409836	1.17845	-0.605746		
RNF7	-0.119807	-1.75344	-1.99154	-0.340853	-1.28542
RNF8	2.57477	2.40309	3.52505		
RNFT1	0.83503	1.79643	0.273542		
RNFT2	0.31291	1.14165	1.2921		
RNGTT	6.31412	1.9134	4.61416	3.43893	1.744
RNLS	1.2506	2.46478	1.08123	2.98189	3.50408
RNMT	1.97271	1.82239	3.27032		
RNPC3	-0.859835	0.308094	-1.21675		
RNPEP	-0.785551	-0.227396	-2.40511		
ROBO1	1.08661	-1.27167	-0.397758	-0.139111	-0.996737
ROBO2	3.24048	0.241958	3.07227	0.627109	-0.84559
ROBO3	0.322955	-0.761566	0.848248	1.51482	1.69487
ROBO4	-0.0396689	0.623454	0.303505	-0.460228	-0.167066
ROCK1	-2.4558	-1.05829	-2.28309	0.354931	1.28052
ROCK1P1	-1.57031	-1.66476	-2.03867		
ROCK2	1.3077	2.12188	1.66632	-0.567052	0.211805
ROGDI	0.227993	0.492877	0.173115		
ROM1	-4.06688	-4.23184	-5.30095	-4.59333	-5.4558
ROMO1	-0.811359	-2.00067	-1.91112		
ROPN1L	-1.90648	-1.38815	-3.79825	-3.67972	-2.95584
RORA	-0.867273	1.79654	-0.382715	4.47477	3.74851
RORB	0.925232	2.35548	0.626157	3.48697	3.9405
RORC	-2.65745	-3.21516	-2.2586		
RP9	-1.66302	0.563469	-1.7539	-1.66896	-0.656611
RP9P	-3.76274	-2.50766	-3.48133	-4.22359	-3.2782
RPA2	1.12793	-1.21645	0.711066	0.635295	-0.48907
RPA4	-3.27589	-3.5697	-3.19472	-1.4063	-1.60185
RPAIN	0.105614	-1.64066	-0.437992	-1.95465	-2.47732
RPAP1	2.10077	1.568	1.42283		
RPAP2	-1.97419	-1.01633	-1.89164		
RPAP3	1.27802	-0.410429	1.34661	0.0693377	-0.869545
RPE	1.26147	2.43376	2.3864		
RPEL1	-2.97964	0.678693	-0.0357207		
RPF1	-0.827722	1.3283	-0.126734		
RPF2	0.612557	0.399035	-0.28642		
RPGR	-6.63885	0.0335498	-5.21239	-1.66348	0.231951
RPGRIP1L	4.53478	3.6618	3.56673		
RPH3A	3.25945	3.93816	2.98706	2.34193	2.9038
RPH3AL	3.63098	2.40252	6.47104	2.6159	2.07384
RPIA	1.39882	2.67919	2.27997	2.25114	3.14582
RPL10	-1.75281	-2.4905	-1.83479		
RPL10A	-2.40943	-2.92825	-3.63646	-1.47197	-1.88121
RPL10L	-2.43287	-3.00175	-2.44255		
RPL12	-0.28486	-1.66203	-1.36063	0.348275	-0.526022
RPL13	-1.37077	-2.21387	-2.64653	-0.741463	-0.754642
RPL13A	-1.80437	-2.38832	-2.84697		
RPL13AP3	-0.632814	-1.45537	-1.26543		
RPL13AP6	-2.99426	-3.25759	-3.95647		
RPL13P5	-1.59122	0.213803	-0.662243		
RPL14	-2.41236	-1.99912	-3.95748		
RPL15	2.29627	3.62875	1.99424	2.46243	2.87801
RPL17	-0.903631	-1.69701	-0.63007		
RPL18	-1.22758	-1.92831	-2.28541	0.0812415	-0.124029
RPL18A	-2.13056	-2.5875	-3.08504		
RPL19P12	-3.2091	-3.79151	-4.01737		
RPL21	-1.76114	-2.33183	-2.65621		
RPL21P44	-1.43244	-2.15719	-2.19463		
RPL22L1	-5.08609	-4.45207	-4.60485		
RPL23	-1.13648	-1.99095	-1.79905		
RPL23A	-1.8379	-2.45233	-2.55659	-0.543073	-1.22856
RPL23AP32	-4.85651	-4.80063	-5.41433		
RPL23AP53	-4.79383	-3.04265	-4.6169		
RPL23AP7	-3.05759	-3.3494	-4.12783		
RPL24	-0.0444905	-1.24286	-0.955287	0.764575	0.155263
RPL26	-1.34796	-2.02079	-1.86917	0.251126	-0.115227
RPL27	0.93533	-0.868988	-0.403494	1.17245	0.359791
RPL27A	-0.299861	-1.7052	-0.251775	-2.72766	-2.95641
RPL28	-3.00104	-3.3835	-3.82995		
RPL29	-3.43962	-3.26908	-4.78395	-0.682322	-1.3777
RPL29P2	-3.03127	-3.01097	-3.99622	-0.804591	-1.42485
RPL3	-3.70912	-3.74663	-3.05002		
RPL30	-3.12756	-3.60069	-4.87958		
RPL31	0.0206572	-1.23589	-1.07299	1.29498	0.524904
RPL31P11	0.788573	-0.858272	-0.417656	0.899383	0.174332
RPL32	-0.657912	-1.65838	-1.6121	0.318402	-0.219782
RPL34	-1.21072	-1.77123	-1.57949		
RPL35	-0.505781	-1.61341	-1.3663	1.32756	0.383872
RPL36	0.122464	-1.34517	-1.16514	1.94559	0.45429
RPL36A	0.0307754	-1.22683	-0.590644		
RPL36AL	-0.316422	-1.26954	-1.05644		
RPL37	-1.72511	-2.4304	-3.11763	-0.533606	-0.8383
RPL37A	-0.562616	-1.50297	-1.62786	-0.452761	-0.731282
RPL38	0.916827	-0.661314	-0.236539	-0.4586	-0.680267
RPL39	-1.72562	-2.4751	-2.63107	-0.560815	-0.879967
RPL39L	0.0897222	-1.30845	-1.84926	0.971379	-0.034636
RPL4	-4.95183	-5.06955	-5.17252		
RPL41	1.40282	-0.920727	0.540317	1.13536	0.0995622
RPL5	-2.53641	-3.01117	-2.24127		
RPL6	-3.19261	-4.08505	-5.0729		
RPL7	-2.12772	-2.61399	-2.26737		
RPL7A	-1.55515	-2.60093	-2.12862		
RPL7L1	-0.573881	-1.74379	-1.27092		
RPL8	0.0620883	-1.38126	-0.768884	0.715395	0.0251373
RPL9	-0.718217	-1.24392	-1.03645	1.28146	1.24975
RPLP0	-5.08074	-4.88274	-4.99989		
RPLP0P2	-4.30786	-4.28646	-4.23692		
RPLP1	-2.03025	-2.80175	-3.77555	-1.20936	-1.58283
RPN2	-3.17599	-4.56171	-2.72296	-2.66653	-3.02705
RPP25	1.32667	2.63902	0.92187	0.114195	0.931768
RPP25L	0.367218	0.0498209	-0.268422	-0.903266	-0.892418
RPP30	-2.56072	-3.12294	-2.5553		
RPP38	-2.44169	-0.957212	-3.55742	-2.48859	-2.34634
RPP40	1.95713	0.934595	1.15855		
RPRD2	-1.19308	0.519158	-1.04956		
RPRM	5.71141	3.56223	4.77735	4.53983	3.31482
RPRML	3.92591	4.3907	5.38022	3.23283	4.05078
RPS10	-0.833893	-2.00397	-1.42513	-0.153596	-0.89512
RPS11	-0.600426	-1.61721	-1.91573	0.728563	0.424522
RPS12	-3.37282	-3.71697	-3.45393		
RPS14	0.212554	-1.19062	-0.946904		
RPS15	-0.617678	-1.74505	-1.62577		
RPS15A	-2.52637	-2.92076	-3.20462		
RPS16	-1.98168	-2.17207	-2.9202		
RPS17	-1.96707	-2.52224	-3.27979		
RPS18	-0.851276	-1.95377	-2.22349	0.500367	-0.353832
RPS19	-1.6068	-2.25438	-2.59153	-0.114797	-0.614949
RPS19BP1	0.107181	-0.768211	-0.692028	-0.839376	-1.24929
RPS2	-0.81107	-1.95303	-1.12767	0.157566	-0.602148
RPS20	-0.935936	-1.90713	-1.93862	-0.171728	-0.693404
RPS21	-0.233285	-1.33008	-1.42089	0.0321117	-0.1876
RPS23	-2.00383	-2.56103	-2.3305		
RPS24	-0.945672	-1.90906	-2.38777	0.199928	-0.210922
RPS25	-2.02862	-2.60942	-2.21321		
RPS26	-2.64285	-3.43426	-4.06837		
RPS27	-1.08571	-1.77344	-2.01903	0.0966267	-0.103263
RPS27A	-0.377258	-1.53251	-1.25419		
RPS27L	-0.659097	-1.59983	-0.611627		
RPS29	-1.65042	-2.27906	-2.69361		
RPS2P32	-2.46986	-2.8108	-3.00452	-1.20501	-1.87403
RPS3	-1.73444	-2.24175	-3.08807	0.0509464	0.0607696
RPS3A	0.676899	-0.862862	-0.108659		
RPS4X	-1.48978	-2.31	-2.27743		
RPS4Y1	-1.50705	-2.12093	-1.80573		
RPS4Y2	0.43965	-0.658781	0.0101883		
RPS6	-2.73808	-3.14734	-3.73403		
RPS6KA1	-3.06047	-1.88613	-2.84254		
RPS6KA2	-7.55876	-3.9543	-5.20845	-3.56489	-3.4909
RPS6KA3	1.78195	2.47942	2.0845	2.85208	2.96482
RPS6KA4	-0.318296	-1.0617	-1.80748	1.18169	0.52608
RPS6KA5	2.05109	2.18128	2.65896	0.254003	0.272405
RPS6KA6	0.515337	1.6251	0.828377		
RPS6KB1	1.98445	2.7932	2.80073	0.150817	0.831635
RPS6KB2	-4.197	-0.546225	-2.75257	-2.06489	-1.03697
RPS6KC1	1.40224	2.09974	1.6185	0.136047	0.674704
RPS6KL1	0.217526	1.26745	0.171499		
RPS7	-2.75937	-3.03049	-5.09847		
RPS8	-1.45869	-2.19016	-2.529	0.0180933	-0.319519
RPS9	-1.80229	-2.58096	-2.42454		
RPSA	-3.64403	-2.37287	-2.85684		
RPSAP52	-2.2355	-1.66005	-1.94868		
RPSAP9	-0.620955	0.410958	-1.07112	3.45538	4.52438
RPTOR	-4.15586	-1.71608	-2.86178		
RPUSD2	2.56319	3.14724	2.09827	1.62457	2.28053
RRAD	-3.18811	-0.677914	-1.8857	-1.43318	-0.770901
RRAGB	0.401921	-1.42033	0.189644	0.296038	-0.698582
RRAGD	-0.337874	-1.52174	-1.2299	0.0751906	-0.59632
RRAS	-1.51864	-2.82298	-2.88266		
RRAS2	1.38118	-0.683835	3.28179	3.32512	1.19593
RREB1	-0.368618	-1.67864	0.483023	-0.5701	-1.08506
RRH	-0.658341	0.029487	-0.695189		
RRM2B	-3.0289	0.501398	-2.18663	-4.56271	-1.35899
RRN3	2.00675	1.79796	1.83814		
RRN3P3	-1.71418	0.178193	-1.57792		
RRNAD1	-0.501759	1.35778	-0.00741065	-0.330843	0.654623
RRP1	0.748632	0.448991	-0.305243		
RRP12	0.676349	1.45666	0.798778	-1.06174	-0.463368
RRP15	-0.521648	-1.61319	-1.17012		
RRP1B	0.255908	1.3878	0.0443547		
RRP36	0.732719	-0.302076	-0.248188	-1.12058	-1.96246
RRP7A	0.62914	-1.60271	1.12791	0.295522	-1.11744
RRP7BP	1.03652	-1.42497	0.40251	0.687133	-0.64433
RRS1	-0.791902	0.319039	-1.51202	-1.21733	-0.67479
RS1	2.36346	1.05521	2.86782	2.57476	1.25259
RSAD1	-0.187839	1.41563	0.367358	0.577297	1.52175
RSAD2	-2.53356	0.394171	-1.0752	0.449236	1.40128
RSBN1	0.504025	1.69822	0.955926		
RSBN1L	-1.17706	-0.134255	-1.30935	0.655711	1.30881
RSC1A1	-0.345128	0.936766	0.409948		
RSG1	2.68012	-0.237491	2.29446		
RSL24D1	-2.29373	-0.495191	-1.90831		
RSPH1	-0.499226	-1.6835	-1.28892	0.00703233	-0.68598
RSPH14	-0.693411	-2.07964	-1.45141	-3.84054	-4.56417
RSPH3	1.86609	2.71214	1.967		
RSPH9	1.09795	-1.06007	1.13148	1.29392	-0.150693
RSPO2	-5.0884	-0.374973	-5.76356	-3.12958	-2.01207
RSPO3	-0.799074	-2.07427	-0.565525	0.0436437	-0.91313
RSPO4	-0.237692	-1.47269	0.0463381	-0.859833	-1.43129
RSRC1	-1.82407	0.459749	-4.528	-2.36995	-0.984003
RSRP1	-1.74068	-0.14758	-3.46132		
RSU1	-0.695157	-2.26481	-1.29403	-2.86622	-3.68297
RTBDN	0.403425	-1.64026	0.758118	0.32004	-0.897516
RTCA	0.980222	1.71712	0.875863		
RTCB	3.23515	2.22418	3.79281		
RTEL1	2.05426	2.54938	1.7701	0.492533	1.38212
RTKN2	1.49095	2.50988	1.40197	2.9007	2.67948
RTL10	2.92743	1.40025	2.2819	1.87968	0.680843
RTL5	1.98222	2.08646	1.03661		
RTL6	1.66739	-0.494412	0.285973	1.98679	0.620265
RTL8A	1.71839	-0.604166	0.680789		
RTL8C	4.02824	0.751092	3.03457	2.99216	0.80121
RTN1	4.43431	2.46067	3.458		
RTN2	0.453467	1.45521	0.267265	-0.751176	-0.30049
RTN3	4.39426	2.43151	3.96857		
RTN4	0.190892	1.18594	-2.07137	0.611135	1.03782
RTN4IP1	3.50045	2.91997	5.06536		
RTN4R	3.84787	2.35247	3.40373	3.35535	2.0943
RTN4RL1	5.9782	1.97886	4.8682	1.93702	0.734155
RTN4RL2	3.44587	0.205166	2.70585	0.596102	-0.856559
RTP1	5.88447	1.86836	6.09866	4.64299	2.60446
RTP5	0.688704	-1.2824	1.08242	0.948993	-0.542367
RTTN	0.587424	0.258616	1.55963		
RUBCN	2.38668	0.176196	3.31344	3.43726	2.36642
RUBCNL	0.917269	-0.68758	0.161266	1.14631	0.194327
RUFY2	5.79881	5.70358	6.0549		
RUFY3	1.13454	-0.128284	0.724863		
RUNDC1	8.76218	4.82879	8.55306		
RUNDC3A	5.35576	0.0060911	4.60119	2.14639	0.446882
RUNDC3B	-0.192253	1.48517	0.318793	0.697548	1.50958
RUNX1	-0.99725	-1.95131	-1.24653		
RUNX1T1	-0.440894	-1.04525	-0.525682	1.73371	1.21076
RUNX2	-2.63162	0.115327	-1.71362	-0.670314	0.17539
RUSC1-AS1	0.477412	0.210568	0.786289		
RUSC2	2.69446	3.13488	2.66499		
RWDD1	-5.18805	-1.2638	-4.11444	-6.64981	-2.57922
RWDD2A	5.25999	4.26517	4.88559		
RWDD2B	0.0125195	1.35234	-1.33567	-1.11677	-0.304728
RWDD3	-0.392455	-1.28	-0.282543		
RWDD4				0.0513559	-0.329509
RXFP1	4.37028	3.42289	5.26559	2.26346	1.65841
RXRA	-3.25117	-3.34774	-3.00921	-1.88865	-2.42816
RXRB	2.31811	2.88635	1.84846		
RXRG	0.994303	-1.03447	0.799172	2.70078	1.68779
RXYLT1	0.472561	-0.489373	-0.572166	-0.114334	-0.458747
RYBP	1.30145	0.709917	1.19641	0.670139	0.0915656
RYK	5.38758	2.38702	3.45671	7.31531	7.2203
RYR1	-1.12358	-1.99991	-0.661077	2.46451	1.29301
RYR2	0.72997	1.75527	-0.0544566	0.711312	1.12223
RYR3	-1.14671	-2.24431	-1.53009	1.26383	0.270546
S100A1	-1.391	-2.27361	-1.82994		
S100A10	-5.09046	-5.91809	-3.8873	-4.98832	-5.17028
S100A11	-3.96508	-4.70725	-5.86187		
S100A13	-0.379215	-1.59373	0.179828	1.50568	0.747674
S100A16	-1.88337	-2.4565	-2.05784	-0.303749	-1.06959
S100A2	-1.90917	-2.41498	-1.36315		
S100A4	-0.932536	-1.88648	-0.809633		
S100A6	2.47891	1.28943	3.38459	2.32657	1.60655
S100B	-3.18928	-3.96878	-5.51111	-2.81127	-2.8766
S100PBP	-1.81704	-1.95359	-2.53117	0.53236	0.367102
S100Z	-2.15596	-2.74097	-2.90363	-3.25357	-3.35834
S1PR1	-0.434918	-1.42071	-0.113302	2.70731	2.15535
S1PR2	5.24251	4.383	4.6378		
S1PR5	-0.406299	0.358638	-0.422918	-3.17957	-2.46331
SAA2	-0.297428	1.24244	-0.0261989	1.72393	2.8262
SAAL1	-1.85584	0.162877	-2.18399		
SAC3D1	1.71182	2.51125	0.826995		
SACM1L	3.84184	3.81992	6.1315	3.2946	3.66428
SACS	-0.46231	0.554237	-0.961748	-2.60841	-1.96096
SAE1	3.83759	4.36701	3.73644		
SAFB2	-5.19621	-1.27478	-5.18428		
SALL2	-2.6525	-2.52537	-2.15409	0.785247	1.21756
SAMD1	-2.74232	-2.35361	-2.86646		
SAMD11	-1.85237	-0.644783	-0.527263		
SAMD12	-2.11122	1.00358	-1.41134	-1.09087	0.506024
SAMD13	3.06218	4.31866	2.77716	3.39273	3.74588
SAMD14	1.55161	-0.392694	0.441096	1.24272	0.425341
SAMD15	0.475563	-1.1523	0.114911	-0.759257	-1.37818
SAMD4A	-0.37556	-1.75343	-0.237516	-1.68956	-2.32769
SAMD4B	0.905703	-0.0245326	1.55718		
SAMD5	-1.49463	-1.0095	-2.79885	-0.690062	-0.714605
SAMD8	0.1343	-1.19947	-0.0903255	-0.965438	-1.47862
SAMD9	-2.89047	-3.96664	-3.90147	-3.23653	-3.53361
SAMD9L	-3.26148	-3.31802	-2.78034	-0.643314	-1.08822
SAMSN1	-2.15901	-2.7439	-2.70622		
SAP130	1.26248	-0.349455	0.894791	2.73209	1.23084
SAP18	0.174448	-1.2293	-0.650895	-1.04396	-1.85723
SAP30	-0.541955	-0.860117	-1.16131	-0.716449	-0.51115
SAP30BP	0.653936	-0.601543	0.528331	0.465703	-0.428783
SAP30L	1.72338	2.1179	2.4292	0.285869	0.613819
SAPCD2	-0.0449606	-0.828043	-1.50415	-0.076073	-0.179943
SAR1A	0.751273	-0.935131	0.954858		
SAR1B	-1.18153	0.366296	-0.3157	-2.45031	-1.23402
SARAF	0.482725	-0.901212	0.492935	1.26314	0.321709
SARDH	1.30209	-0.740294	1.01182	2.24544	0.715399
SARM1	-1.15744	-0.0271552	-1.61172	1.07024	1.58783
SARNP	2.56121	-0.972333	1.58233	1.1551	-0.30684
SARS	0.910077	2.0663	2.0358	0.756014	1.55415
SARS2	2.62654	2.92358	2.13333		
SAT1	-3.93324	-4.87167	-6.07884	-4.45131	-5.12523
SAT2	1.32891	2.3677	0.318519	1.19201	1.82439
SATB1	1.4429	2.82667	2.66376	4.50131	5.71992
SATB2	6.97409	6.49018	6.91916	7.84273	8.56636
SATL1	3.62318	1.78501	2.39109		
SAV1	-4.2135	-1.73093	-3.65248	-0.942816	0.0770855
SAXO2	-1.03351	0.550454	-0.00392769		
SAYSD1	0.850272	-0.473334	1.51917		
SBDS	-6.43493	-5.73394	-5.63882		
SBDSP1	-2.44925	-3.37562	-2.38104		
SBF1	-0.763796	-1.92647	-0.740546	-0.792551	-1.29162
SBF1P1	2.20962	1.1191	1.92688		
SBF2	-1.1453	-2.00509	-1.97311	0.382405	-0.345477
SBNO1	2.91661	3.19499	2.89188	1.30601	1.87112
SBNO2	0.488242	1.4614	-0.605466		
SBSN	-1.64174	0.178573	-1.7112	-2.29958	-1.26754
SC5D	2.15109	0.709173	3.51271	0.752488	0.109163
SCAF11	-5.48108	-0.582914	-5.51524	-1.45483	0.028009
SCAF4	-0.0261082	0.935101	-0.684588		
SCAI	1.97357	2.55902	3.88338	3.60195	3.91115
SCAMP1	-0.180579	1.1344	0.248403		
SCAMP1-AS1	-3.84439	-4.06007	-3.35671	-4.20951	-4.51683
SCAMP2	-0.46738	-0.67029	-0.428457		
SCAMP5	4.52807	4.36391	3.73414	1.06895	1.8614
SCAND1	4.17565	3.51343	2.81305		
SCAND2P	-0.885317	0.631849	0.0605525		
SCAP	1.04653	1.76651	1.15363		
SCAPER	3.6968	0.0709796	5.50499	3.13577	1.18296
SCARA5	1.97232	-0.454587	3.79254	5.85293	1.96021
SCARB1	-0.451344	0.26873	-0.992449		
SCARB2	-0.451585	0.545847	0.213292		
SCARF2	-0.478298	1.246	0.179011		
SCARNA17	2.33769	3.75716	3.25226	2.50062	3.11438
SCCPDH	0.435502	-1.5545	0.227842	-1.65756	-2.47452
SCD	-3.31974	-3.98696	-2.70018	-2.13395	-2.52654
SCD5	-1.69943	-2.66469	-2.07877	0.249081	-0.719949
SCFD2	1.54567	1.17144	1.5567	-0.953426	-1.61968
SCG2	3.04625	2.4315	2.88778	2.95458	2.15966
SCG3	3.48713	-0.196395	1.45296	2.96227	1.11072
SCGB3A1	1.22322	1.21263	0.738511	-0.439212	-0.981932
SCGN	3.10477	-0.20156	3.6817	3.06334	0.79784
SCIN	-2.69424	-3.35014	-2.33954	-2.63218	-2.99287
SCLT1	-3.50413	-0.429672	-2.59085	-0.942773	0.587451
SCMH1	1.01732	0.478515	2.62835	2.7161	1.97837
SCML1	3.26257	1.26416	2.50006		
SCN1A	0.0383593	1.57777	0.380959	-1.1728	0.273302
SCN1B	-0.077239	1.45609	-0.615499	-1.52943	0.21259
SCN2A	4.93892	3.08961	4.78074	3.7613	2.35857
SCN2B	1.66083	2.40164	2.42665	0.240094	0.810708
SCN3A	2.50585	0.20326	3.21002	4.38664	2.00759
SCN3B	2.45527	-0.354209	2.7024	2.51082	0.200586
SCN4B	-0.826305	0.434464	-3.21997	-3.47268	-2.01074
SCN7A	-1.49487	-4.27671	-1.83032	-4.30941	-5.05124
SCN8A	-0.932158	0.821027	-1.10325	-1.67649	-0.723491
SCN9A	-0.705526	-2.09667	-1.36078	-0.717139	-1.3214
SCNN1D	-1.42738	-0.331776	-1.3426		
SCO1	-0.0219963	-0.547624	0.365058	-0.42506	-0.864779
SCOC	-1.18683	-2.09414	-0.610204		
SCOC-AS1	0.0498941	0.00459768	-0.578814		
SCP2	2.89153	3.88397	5.27719	1.93724	2.3395
SCPEP1	1.04326	-1.33944	0.616383	-0.225788	-1.18384
SCRG1	-0.403531	-1.66307	-0.616948	-0.578898	-1.14815
SCRN2	1.097	2.61111	1.21446		
SCRN3	0.289399	-0.949624	0.2256		
SCRT1	-0.53589	1.30256	-1.66267	-1.29491	0.17472
SCUBE2	-2.61382	-3.25766	-3.28871	-1.82334	-2.29368
SCX	0.73737	1.93124	1.62956	2.36803	3.06915
SCYL1	3.66156	3.70942	2.67315		
SCYL2	-1.3439	-0.0547921	-0.345852		
SCYL3	1.557	1.22957	2.43169		
SDAD1	2.46813	1.07403	1.4066		
SDC3	-2.18503	-3.21322	-2.57759	-0.194537	-0.6469
SDC4	-0.846326	-1.86625	-0.775109		
SDCBP	-3.43943	-0.794401	-2.00124	0.314094	1.00522
SDCCAG3	1.59759	2.77132	1.54207		
SDCCAG8	-1.59389	-1.80373	-1.57994	-1.1239	-0.943224
SDF2L1	-0.457533	-1.91643	-2.2913		
SDHA	0.308119	1.22699	0.482702	-0.46131	0.209536
SDHAF1	4.15463	3.37536	2.6266		
SDHAF2	-0.299108	1.24296	-0.527386	-0.526128	0.305755
SDHAF3	-1.6687	-2.36677	-3.40988		
SDHAF4	-2.9337	-2.72525	-3.82309	-1.66051	-1.64549
SDHB	-1.10177	-1.36007	-2.81573		
SDHC	-5.27638	-0.982262	-4.00387	-1.40823	-0.278102
SDHD	-2.92167	-1.49623	-3.12894	-2.0366	-1.34297
SDK1	3.08183	2.73515	4.30764	0.926005	0.783458
SDK2	1.63859	-0.533223	2.44184	2.20243	0.703939
SDR16C5	-0.962134	0.795242	-0.611826	-0.487165	0.369695
SDS	-1.27823	-2.09556	-1.53135		
SDSL	0.00730138	1.01285	0.260132	-1.25307	-0.521035
SEC11A	-3.90949	-4.4609	-3.93205	-4.02356	-4.59378
SEC11C	-4.48744	-4.44907	-4.06619	-3.66413	-3.85857
SEC14L1	-2.15324	-0.00214169	-2.34569	0.164694	1.20314
SEC14L2	-1.54987	-2.66679	-1.24652	-0.549254	-1.16187
SEC14L4	-2.26234	-2.54674	-1.69061		
SEC14L5	1.01864	1.93085	1.59176	-0.276348	0.47559
SEC16A	3.61558	4.30372	4.18808		
SEC22A	4.25287	1.08875	1.86566	-0.213605	-0.758293
SEC22B	0.38661	-1.20212	-0.441929	-0.488715	-1.27282
SEC22C	-1.59401	-2.65388	-2.17955		
SEC23A	3.0633	3.7141	4.13524	2.04902	2.46878
SEC23B	-0.247674	-1.73049	-0.78334		
SEC23IP	2.80121	0.165722	2.13944	1.125	0.120437
SEC24B	-1.317	0.504435	-0.703021		
SEC24C	-0.533095	0.996221	0.519987		
SEC24D	9.89141	3.62779	7.82335	5.19792	3.6106
SEC31A	-2.34889	0.317341	-1.46457	-3.16232	-1.21594
SEC31B	2.03693	3.09006	3.18737	3.73712	4.58198
SEC61A2	2.47685	0.564574	2.2694	-1.14056	-2.00901
SEC61B	-2.98836	-3.69344	-5.12414		
SEC61G				-2.62955	-3.13055
SEC62	-0.465555	1.43357	0.475613	1.32266	1.75478
SEC63	0.677833	-1.2462	-0.668988	-0.997676	-1.93839
SECISBP2	-3.05883	0.358448	-3.05624	-2.49219	-0.830073
SECTM1	-2.38015	-1.03256	-2.49438	-1.6001	-1.60278
SEH1L	3.61694	2.20537	2.83286		
SEL1L	1.1761	1.85361	1.37723		
SEL1L3	-2.43032	-1.21403	-2.10782	-0.87468	-0.714405
SELENBP1	-0.985355	-2.04893	-1.52248		
SELENOH	4.82285	2.67111	3.61034		
SELENOI	3.02107	1.63377	3.08831		
SELENOK	-0.98151	-1.78929	-0.942333		
SELENON	0.0539853	-1.09014	-0.316913		
SELENOO	1.61533	2.31631	1.86821		
SELENOP	-1.90637	-0.905544	-1.59816	-3.58513	-2.67533
SELENOS	-1.94604	-2.97499	-2.04073		
SELENOW	0.0337138	-1.75521	-1.2559	-0.838875	-1.53226
SELPLG	-1.58483	-2.43974	-2.59074	-4.00122	-4.35227
SEM1	-1.54004	-2.42408	-2.82179	-1.95176	-2.57114
SEMA3A	-1.02949	-0.0388334	-0.300638	-2.45644	-2.62367
SEMA3B-AS1	0.416416	0.449195	0.580628	-3.03243	-2.50455
SEMA3C	-0.323439	-0.0291305	0.661345	-1.98561	-2.01121
SEMA3D	-0.855131	-2.00897	-1.36436	-0.653262	-1.19665
SEMA3E	-1.82479	-0.181841	-0.751956	-1.75116	-1.72979
SEMA3G	-2.93732	-2.23931	-2.47723		
SEMA4A	-1.56594	-2.75748	-2.70156	-0.332522	-1.09084
SEMA4C	2.92779	3.01907	3.43729	2.54361	2.9384
SEMA4D				-2.88654	-2.46919
SEMA4F	5.00218	0.357138	6.95588	5.96554	1.64144
SEMA4G	-2.12941	-0.96017	-1.00413		
SEMA5A	-2.3238	-2.78285	-0.715497	-1.80501	-2.2976
SEMA5B	-0.301722	0.865811	-0.79102	0.073371	0.4931
SEMA6A	-2.10427	-0.540323	-0.988956		
SEMA6B	1.90948	-0.606378	0.98908	1.76555	0.448715
SEMA6D	0.165899	2.09577	1.77203	3.55998	4.35009
SEMA7A	-1.1505	0.967361	-1.4563	-3.89763	-0.815893
SENP1	1.99946	3.08512	3.45839	6.05296	6.73928
SENP2	3.64007	1.65894	4.21922		
SENP5	-0.936432	-1.61582	-0.611144		
SENP6	0.314254	-0.80269	0.950399	0.528334	0.217178
SENP7	-1.0963	1.1385	0.196033	0.954362	1.93897
SEPHS1	-0.791999	0.762252	-0.514271	0.499637	1.12601
SEPHS2	-3.12943	-0.0895562	-2.41341	-2.40509	-1.24843
SEPT10	-3.42957	-1.67608	-3.4638	-5.96174	-3.95226
SEPT11	-1.26162	-2.30668	-1.61915	0.215803	-0.295107
SEPT12	-1.02349	1.34741	-0.0770626	-0.135749	0.774464
SEPT14	-0.292454	1.26057	0.916568		
SEPT2	-4.52105	-4.23886	-4.89189		
SEPT3	-0.954233	-1.93684	-0.0705476	0.531694	0.00647761
SEPT4	-3.34473	-1.90997	-3.48421	-3.34022	-2.01424
SEPT6	-3.73812	-0.628136	-2.81638	-0.414547	0.672671
SEPT7P2	0.806675	1.99571	1.09283		
SEPT8	-1.5506	-0.107668	-1.52063		
SEPT9	0.485886	-0.783446	1.39684	0.1427	-0.424193
SERAC1	0.0521148	1.44254	0.990607		
SERBP1	-4.27487	-2.67278	-4.75719		
SERF2	-1.69705	-2.55715	-2.24355	-1.63367	-2.44908
SERGEF	-1.2572	0.264129	-1.26384	-0.55679	-0.029116
SERHL2	1.73818	0.834209	2.713	0.0982504	-0.531423
SERINC1	2.38363	0.00825856	1.82244	1.37144	0.528031
SERINC3	5.31478	3.25717	4.85749	2.86832	1.81221
SERP1	0.419991	-1.18334	-0.0812365	3.16016	1.83669
SERPINA1	-4.13026	-5.06043	-5.25931		
SERPINB1	-1.31756	-1.99768	-1.56802		
SERPINB2	1.65742	0.170761	0.796496	0.736219	-0.0691283
SERPINB8	0.0649578	-1.80575	-0.950244	-2.40353	-3.24643
SERPINB9	-0.608844	1.0473	-0.975972	-2.7511	-0.881898
SERPINB9P1	1.97828	1.77396	1.96446		
SERPINE2	0.331388	-0.553698	0.501185	-0.0803637	-0.626831
SERPINF1	6.61305	2.09955	5.0522	4.71682	2.95111
SERPINH1	-1.65614	-0.781417	-1.19416		
SERPINI1	6.53386	4.24061	6.30166	4.91678	3.76916
SERPINI2	4.49132	2.45397	4.22412	3.91294	3.56513
SERTAD1	-5.08625	-2.85792	-5.11446		
SERTAD2	-0.374465	1.02651	0.244863		
SERTAD3	-2.28131	0.159921	-1.05598		
SERTAD4	0.897384	2.11766	1.6711	-0.181282	0.754639
SERTAD4-AS1	-0.244438	1.53085	-0.222647	-1.86835	0.0940242
SERTM1	1.9786	-0.258673	2.44636	2.70614	0.800909
SESN1	1.84828	2.62877	2.14844		
SESN2	1.28216	2.30129	1.33024		
SESN3	2.43363	-0.266665	1.49772	1.53912	0.713893
SESTD1	-1.06974	0.620447	-0.17537	-0.361159	0.430385
SETBP1	1.01312	2.36301	1.57669	4.24949	5.01372
SETD1B	0.0765955	1.533	0.51669		
SETD2	-3.58944	-1.19689	-4.09214		
SETD3	-6.07885	-4.35384	-5.68372	-7.38395	-5.66251
SETD4	-0.174133	1.61648	-0.0465175	0.470619	1.51078
SETD6	0.569452	2.15749	0.847466	2.54181	3.82002
SETD7	-4.95131	-0.697791	-5.43759	-3.94688	-1.3959
SETD9	-1.24491	-2.33603	-1.55325		
SETDB1	1.01453	2.3476	2.81133	4.02666	4.36357
SETDB2	0.025778	0.257555	0.546802	0.680459	0.612181
SETMAR	-0.195139	0.82158	-0.444947		
SETX	0.346327	1.69177	0.682319		
SEZ6	-0.746068	-1.84576	-1.28453	-2.08849	-2.37225
SEZ6L	1.03861	-0.17417	1.31214	0.306684	-0.879317
SEZ6L2	3.95483	3.98617	4.04685		
SF3B1	-1.32402	0.963996	-1.68651	1.20837	1.83587
SF3B3	0.599042	-1.30363	-0.163308	0.218373	-0.601779
SF3B6	-1.42486	-2.2575	-2.16579		
SFI1	1.66919	2.60505	3.62326	4.34955	4.97471
SFMBT1	0.157182	1.13511	0.894461		
SFMBT2	-1.12064	-2.8355	-0.800868	-1.36977	-2.23887
SFN	-1.39545	-1.54065	-0.600798		
SFR1	-1.32244	-0.00593011	-1.72121		
SFRP1	2.36107	-0.213863	1.97307	1.73304	1.22236
SFRP2	-1.04626	-1.3631	-1.08905	-1.08632	-1.27455
SFT2D1	-1.80962	-2.59517	-1.89097		
SFTA1P	1.67683	-0.00782549	1.24676	5.94406	3.92593
SFTPA1	-0.0138658	0.53601	-0.276833		
SFTPC	-0.63219	-0.362964	-0.531627		
SFTPD	6.50548	0.58236	4.83112	3.42162	0.784286
SFXN1	0.20296	1.3035	1.10759	-1.76408	-1.08024
SFXN4	0.629766	0.223801	0.995953	-1.56501	-2.03001
SFXN5	-4.6307	-4.41695	-4.88844		
SGCD	-1.52672	-1.62918	-2.64335	1.00625	0.762563
SGCE	-1.44177	-1.73061	-1.20692	0.077321	0.163067
SGCG	-0.831458	1.247	-0.188245		
SGCZ	-0.595144	0.071188	-1.35		
SGIP1	1.97548	2.69151	2.52911	3.31651	3.158
SGK494	-0.61912	1.44072	0.202233	0.277927	1.40401
SGO2	-0.416119	1.17835	-0.162389	0.137982	0.878214
SGPL1	2.74076	3.46402	1.90191		
SGPP2	-0.16143	-1.30388	-0.326281	-3.26537	-3.7749
SGSH	3.3371	0.226491	5.0916	2.53459	1.01205
SGSM1	2.27492	1.44922	3.9081	2.29177	1.82771
SGSM2	0.903179	-0.878722	1.72952	2.35521	0.844734
SGTB	3.18623	2.9908	4.93468	1.88475	1.94467
SH2B3	1.23187	-0.717138	0.155605		
SH2D1B	1.85907	1.42323	3.88264	0.0283567	-0.3921
SH2D2A	3.25715	1.48076	2.56047	3.94907	3.88506
SH2D5	8.3686	3.17783	8.40161	9.39822	5.19844
SH3BGR	0.258677	-1.47438	-0.662152	0.734634	-0.302188
SH3BGRL	-2.28214	-0.418487	-3.09343	-1.62	-0.413943
SH3BGRL2	2.89651	2.61921	6.10046	1.3584	1.35657
SH3BGRL3	0.153062	-1.68778	0.423269	-2.7575	-3.7413
SH3BP1	0.288952	1.17198	1.13358	-0.54366	0.08553
SH3BP5	3.10851	1.70098	3.19224	1.39522	0.859083
SH3BP5L	0.3262	1.48872	0.2138		
SH3D19	-0.812077	-1.36528	-1.0674	-2.17636	-2.32426
SH3D21	-0.35109	1.1848	0.611279		
SH3GL2	-0.197576	1.019	-0.445455		
SH3GL3	1.82178	-1.02324	0.382736	-1.38159	-2.05039
SH3GLB1	-1.60874	-2.46231	-1.52324	-0.598432	-1.10004
SH3GLB2	2.23379	-0.113415	2.01371	0.511714	-0.479956
SH3KBP1	1.22388	-0.26271	0.0970783	0.727173	0.196225
SH3PXD2A				-2.27594	-1.49415
SH3PXD2B	0.3421	-0.991001	0.552692	1.57394	1.04009
SH3RF1	0.516989	-1.48795	0.279817	-0.890908	-1.54893
SH3RF2	-0.82317	1.20794	-1.08217	1.90493	2.60656
SH3RF3	0.410616	0.30408	1.19836		
SHANK1	-0.68027	-1.77275	-1.54824	2.41731	0.78394
SHANK2	0.0277171	-0.550848	-0.50261	1.91392	1.37912
SHANK3	-1.24078	-0.959919	-1.98849		
SHARPIN	-0.635288	0.215694	0.0334506		
SHB	-2.08084	-0.608061	-2.13894		
SHC1	1.65234	-0.10044	1.92815	2.94564	2.00379
SHC2	6.67392	1.48306	5.98945	5.60351	2.65195
SHC3	1.90811	-0.108108	1.67708	2.53022	1.68275
SHC4				-2.15096	-1.66821
SHD	1.27345	2.37848	1.32108	0.369094	1.10185
SHF	0.216071	-0.779795	1.04526	1.90288	0.969543
SHISA4	-0.154424	-1.59434	-1.44914		
SHISA5	0.554232	-1.18609	1.01975	0.860298	-0.297216
SHISA6	-2.30533	-2.70216	-2.94975		
SHISA7	-0.190722	-1.01912	0.00904482		
SHISA8	3.54827	4.1796	3.02974	3.65752	4.83152
SHISA9	2.8912	0.588415	3.98571	3.77211	2.1087
SHISAL1	3.90086	-0.465861	4.22506	6.99047	1.01569
SHISAL2A	-5.1315	-3.64159	-4.99293		
SHMT1	-3.64906	-0.233887	-2.43804	-1.36996	-0.172703
SHMT2	0.67086	1.29906	1.27102	0.0794627	0.24274
SHOC2	-2.38799	-0.470776	-1.88224		
SHPRH	-0.583326	0.720753	-0.491522	1.80831	2.54898
SHROOM2	4.33556	5.07824	4.9105	3.99453	4.1867
SHROOM3	3.77871	3.62522	4.56719	7.54406	7.72877
SHTN1	-2.0325	-3.2398	-1.91795		
SIAE	2.87304	3.34322	4.85789	1.27352	1.50059
SIAH1	0.840827	1.95735	1.55444	1.52127	2.28343
SIAH2	-0.534555	1.17321	-0.493285	1.61353	2.33174
SIAH3	0.872612	0.725694	1.23244	1.1596	0.971554
SIDT1	7.03326	2.52861	5.79817	5.72606	3.04826
SIDT2	0.88032	-0.993755	1.48691	-0.16939	-0.907234
SIGIRR	-2.49514	-3.3402	-2.69287	-2.00642	-2.77437
SIGLEC11	-3.23855	-3.30532	-5.63116	-2.61294	-2.87598
SIGLEC6	-0.855703	-0.925932	-0.570859		
SIK2	0.62879	0.914536	1.3927	0.224089	0.366868
SIK3	2.25189	3.21779	2.82182		
SIKE1	-0.347954	1.2752	0.318806	-0.800218	0.345797
SIL1	2.18871	-0.534863	1.48132	-1.80476	-2.29824
SIM2	-5.59065	-4.13728	-3.89231		
SIN3B	1.87066	-0.523428	2.16745	2.54574	0.771119
SINHCAF	-5.76615	-5.08203	-6.70975	-7.2754	-6.78983
SIPA1L1	3.91865	3.5319	3.86475	2.45013	2.66037
SIPA1L2	3.53193	3.86079	4.16382	2.07639	2.56212
SIPA1L3	0.194233	0.861149	0.73731	-1.15133	-0.631931
SIRPA	5.08363	1.48929	4.23348	4.055	2.02191
SIRT1	-0.0237417	1.62482	1.52949		
SIRT2	-3.19716	-1.81763	-4.72975	-5.94043	-4.02067
SIRT3	3.54095	1.54872	2.41134		
SIRT4	1.30358	2.87929	0.470428	1.94522	2.41057
SIRT5	0.716655	1.74775	0.745552	-1.66552	-0.782234
SIRT7	-2.25628	0.128865	-1.89938		
SIVA1	0.623259	-0.982791	-0.763243	0.610205	-0.0254654
SIX1	0.50109	0.993176	0.925835		
SIX3	1.61265	0.881763	2.02104	3.23927	3.03382
SIX4	0.457928	1.80272	1.64678	-1.05213	0.184391
SKA2	-4.21351	-2.337	-3.72156	-0.84789	0.126479
SKAP1	1.65706	1.30424	4.93146	-0.364238	-0.650553
SKAP2	4.17958	-0.265536	2.05603	0.613031	-0.881561
SKI	-0.499282	0.623266	0.359031		
SKIDA1	1.65957	2.89716	1.79596	2.47347	2.58702
SKIL	2.28281	2.47219	3.024		
SKIV2L	2.58625	1.37787	2.44071		
SLA	0.152521	-2.09455	-0.462426	-2.76032	-2.6504
SLAIN1				-2.67264	-2.12601
SLAIN2	0.410057	1.65143	-0.178961		
SLAMF7	-4.00446	-4.31239	-4.01352		
SLAMF8	0.111578	0.513343	0.385912		
SLBP	2.22173	-0.58474	0.438738	0.433089	-0.468029
SLC10A3	0.710134	1.25027	1.43217	-0.696888	-0.388401
SLC10A4	7.91158	3.94747	5.5612	4.97593	4.97801
SLC11A2	-2.12395	-0.212175	-1.09648		
SLC12A2	0.132196	1.13077	0.47684	-1.6518	-0.830914
SLC12A4	-0.898777	-1.68614	0.115546	0.164691	-0.278446
SLC12A5	1.66174	2.34867	1.3729	0.961606	1.62372
SLC12A6	-1.22186	0.568985	-0.110011		
SLC12A7	0.880211	0.451809	0.505524	2.08666	2.35931
SLC12A8	-0.356737	1.44425	0.605461	1.30484	2.4646
SLC12A9	-0.862412	-0.502934	-1.41354		
SLC14A1	-0.0526846	0.220982	1.56937	2.10578	2.71833
SLC15A2	-0.902142	-1.77039	-0.948519	0.909202	0.602638
SLC15A3	-3.39931	-4.28857	-5.52691	-4.21572	-4.8231
SLC15A4	0.194506	1.41697	0.239213	0.242566	0.870659
SLC16A14	4.39073	3.68975	4.28304		
SLC16A2	-0.0285785	-1.62294	0.210252	0.269151	-0.786113
SLC16A3	-1.13369	-1.58701	-2.10451	-3.48542	-3.92606
SLC16A4	-1.06433	0.485256	-0.330132		
SLC16A5	-2.56999	-3.29538	-2.54733		
SLC16A6	-0.808925	0.940285	-2.97172	-3.43152	-1.00456
SLC16A7	1.37701	2.24225	2.87903	1.743	1.99492
SLC16A8	-0.469478	-1.95534	-1.69158	0.022225	-0.780315
SLC16A9	-0.330242	-1.47036	0.533213	3.02591	2.05311
SLC17A5	-4.44389	-1.51405	-3.75016		
SLC17A6	-3.62963	-1.68734	-6.44053	-5.47501	-4.07392
SLC17A7	2.24237	0.335812	1.27223	0.96991	-0.189649
SLC17A8	-0.600201	-2.49953	-1.70962	-5.38749	-6.5218
SLC18A1	-0.0464324	-0.119125	0.111348		
SLC18B1	-0.689302	-0.331885	0.873189		
SLC19A1	3.48284	0.118596	2.72725	1.92373	0.97053
SLC19A2	1.58421	2.45887	4.17453	1.77336	2.36907
SLC19A3	-1.8671	-1.05354	-1.57365	-1.12741	-0.791061
SLC1A2	-0.642073	-1.64623	-0.605292		
SLC1A3	-0.181152	-1.36331	0.0778079		
SLC1A4	-0.564226	-1.72066	-1.10349	1.3779	0.264167
SLC1A6	2.78954	0.645551	1.80828	0.715205	-0.258979
SLC1A7	-1.76374	-1.0572	-1.64114		
SLC20A1	4.65149	4.82493	7.01695	3.1843	3.68182
SLC20A2	-0.400607	0.654906	-0.613223	-3.04958	-1.60936
SLC22A10	1.56166	1.34142	1.09872	2.59152	2.60862
SLC22A18	3.85911	2.88725	7.07229	1.81252	1.54335
SLC22A18AS	-1.90898	-1.4901	-1.5738	-1.70663	-1.47203
SLC22A23	-0.599469	0.899427	-0.847182	-1.76961	-0.679192
SLC22A3	1.27091	-0.201511	1.03595		
SLC22A4	-2.39528	-3.50255	-2.50418		
SLC22A5	-2.12173	0.081119	-1.5211		
SLC22A7	-1.98377	-1.99764	-1.52614		
SLC22A9	0.777944	0.289168	-0.818716	1.59886	1.60147
SLC24A1	-2.74848	-4.08427	-2.7842		
SLC24A2	0.73565	1.87279	2.10977	-0.275974	0.616476
SLC24A3	-1.00141	-1.59062	-1.30242	0.857305	0.599375
SLC24A4	1.58457	2.46725	1.53039	3.92961	4.54532
SLC25A1	-0.705755	-2.12949	-0.564	-1.73846	-2.09079
SLC25A10	1.19394	1.45242	0.783426		
SLC25A12	0.970399	1.97427	1.95824	0.37077	1.22657
SLC25A13	-2.43551	-0.308818	-1.04054	-2.66811	-1.79692
SLC25A14	2.47549	-0.0145665	1.06169	0.29646	-0.731591
SLC25A15	-1.8231	-0.27841	-2.68184	-2.30757	-1.40615
SLC25A16	-0.512319	1.0789	-0.13888	0.335477	1.42409
SLC25A17	-1.1115	0.718413	-0.538838	-1.85514	-0.578037
SLC25A18	-0.696908	-1.82972	-0.868315	1.3463	0.619389
SLC25A19	-4.80764	-1.63616	-4.12731		
SLC25A21-AS1	-0.309695	-0.550754	-0.0765689	0.383393	0.386971
SLC25A22	2.03326	-0.652276	2.15114	2.09005	0.640237
SLC25A23	1.404	-0.964821	0.559478	1.17219	-0.147786
SLC25A25	1.13046	1.95792	1.30774	-0.28753	0.199473
SLC25A26	1.49715	-0.769501	0.430867	0.369137	-0.468041
SLC25A27	-0.723252	-0.0586661	-1.75583		
SLC25A28	0.341011	1.20622	1.34271		
SLC25A3	1.07338	1.2511	1.90964		
SLC25A32	2.16234	2.94615	4.69553	0.494022	1.09112
SLC25A34	-0.0415281	1.17421	-0.0323229	1.90659	2.66881
SLC25A36	1.1227	2.08872	1.80303	1.30706	2.07036
SLC25A37	-2.09806	1.36326	-1.77501	-1.5095	0.671217
SLC25A39	-2.6742	-2.0066	-1.64396		
SLC25A4	1.03788	1.53973	1.21612		
SLC25A40	1.02113	1.92909	1.88541	0.607124	1.17118
SLC25A41	4.03898	4.80871	4.24253	3.8261	4.76222
SLC25A42	5.13193	3.23504	4.77441		
SLC25A43	1.06626	1.42642	0.40662		
SLC25A44	2.88155	3.29218	2.78618		
SLC25A45	1.9053	2.29162	2.57517		
SLC25A46	1.58133	0.657712	1.54415		
SLC25A48	-0.951672	-1.77972	-1.02527		
SLC25A5	-0.213537	0.778988	-1.24224	-1.53286	-0.585811
SLC26A1	-0.825068	-1.30207	-0.916101		
SLC26A10	4.67296	5.39495	4.15844	5.74266	6.61603
SLC26A11	3.01489	-0.143405	5.47015	4.67017	2.12348
SLC26A4	4.14029	0.700606	3.58485	3.88397	1.25636
SLC26A4-AS1	6.42862	0.091878	5.18596	4.12944	0.856149
SLC26A6	-1.6195	0.728346	-1.30364	-1.49051	-0.624867
SLC26A8	-0.288318	-1.3514	-0.658748	0.89269	0.40883
SLC27A2	1.28436	-0.524169	1.92319	3.20114	1.35163
SLC27A3	2.56555	0.475959	1.59549	2.06993	0.87955
SLC27A4	1.79968	1.64336	2.06583		
SLC27A5	2.07102	-0.616889	1.16383	2.79905	0.742795
SLC27A6	0.639017	-0.381804	0.987663		
SLC29A1	5.11189	5.2561	5.20659		
SLC29A2	2.18692	3.10364	3.16977		
SLC29A3	2.07325	-0.1953	1.08057	2.70627	1.18702
SLC29A4	0.284453	-1.02896	0.313763	0.441996	-0.0792584
SLC2A1	-1.8712	-0.912023	-2.18808	-2.22514	-1.5713
SLC2A10	-1.46237	-2.33592	-1.01527	-0.128855	-0.650453
SLC2A11	-2.7955	-0.233075	-1.86595	-3.46788	-2.14865
SLC2A12	0.571806	-0.888113	1.22803	2.84592	1.55015
SLC2A13	-0.85766	0.121514	-0.432963	3.06776	1.73094
SLC2A4RG	0.184657	-1.1525	-0.12145	3.10691	1.82915
SLC2A5	-2.78788	-3.04425	-3.74899	-4.3577	-4.5806
SLC2A6	0.124331	1.391	0.144088		
SLC2A8	-3.34969	0.73861	-2.15506	-1.92719	-0.636627
SLC30A1	-1.62708	-1.92651	-0.839613		
SLC30A10	0.55584	-1.14132	1.57807	1.23451	-0.00629838
SLC30A3	5.30942	1.69527	5.26586	3.02644	1.63146
SLC30A4	3.614	3.84119	2.96553	0.463341	0.443198
SLC30A5	-0.148861	1.43274	0.146621	0.935613	1.73417
SLC30A7	2.18673	3.25263	2.07725		
SLC31A1	-0.911704	-0.131154	-1.40694		
SLC31A2	-0.579961	0.310043	-0.396754	-3.31967	-2.251
SLC32A1	1.58809	3.76477	1.29688		
SLC33A1	-1.61634	0.411247	-0.82787		
SLC34A1	1.06196	1.29414	0.954529		
SLC35A1	-0.278289	1.22278	-0.267618	1.2771	2.14345
SLC35A2	3.76884	1.12668	3.13754	0.419916	-0.709296
SLC35A4	-1.42034	0.722045	-1.78434	-0.682303	0.452058
SLC35A5	0.209266	1.30451	0.785863		
SLC35B1	3.08795	1.08749	2.10032		
SLC35B2	-1.87151	-0.490056	-2.3908	-2.56089	-1.93994
SLC35B3	-1.834	0.416959	-0.368266	-1.57586	-0.709753
SLC35B4	-0.618489	0.73055	-0.0466356	-2.39702	-1.1653
SLC35C1	1.9888	2.82537	2.17774	1.20046	1.75713
SLC35E1	-0.282579	1.19084	0.346385		
SLC35E3	-2.19308	-3.13375	-3.6903	-4.65647	-5.25279
SLC35F1	2.62063	2.78091	4.90252	1.99642	2.02004
SLC35F2	3.18167	-0.08973	4.14915	3.67403	1.41528
SLC35F3	1.39333	2.17677	1.75783	-0.429759	0.229083
SLC35G5	-1.17424	0.682819	-0.833895		
SLC36A1	0.312997	1.83212	0.842073	0.0378482	0.896654
SLC36A4	0.78358	1.79895	1.19472		
SLC37A1	1.32368	0.969304	0.519944	2.18845	1.89252
SLC37A3	3.63112	3.70777	3.77228		
SLC38A1	0.652112	1.91388	2.76826	0.667936	1.31756
SLC38A11	-0.906162	1.43401	-0.578648	0.136606	1.10856
SLC38A2	-0.27096	1.567	0.855993	-0.80329	0.688174
SLC38A3	-3.53947	-0.432846	-2.44572		
SLC38A5	-2.89202	-0.624536	-3.21952	-2.13659	-1.44057
SLC38A6	0.252066	2.08324	1.25725		
SLC38A8	1.17141	0.0607272	0.353527		
SLC38A9	0.452543	1.73154	0.914693		
SLC39A10	5.13855	2.994	4.70532	1.92589	1.06303
SLC39A11	0.855471	-0.0619042	1.23818	-0.737553	-1.29332
SLC39A12	0.426036	-0.901403	1.29003	3.99996	2.58409
SLC39A13	0.49645	1.98108	3.14339	0.834236	1.4298
SLC39A14	-1.35596	1.22859	-0.477758	-2.14432	-0.220744
SLC39A3	3.59929	1.87796	2.72952		
SLC39A4	2.14708	-0.309316	0.470949	1.45522	0.153507
SLC39A6	-0.141021	-1.05166	0.0782289	-0.768464	-1.27744
SLC39A7	-6.32071	-1.62832	-4.39388	-4.42946	-3.16843
SLC39A8	-0.817816	0.63499	-1.5847	-0.403574	0.425741
SLC3A1	-0.14351	1.47428	1.05366		
SLC3A2	-3.82733	-4.60357	-2.57973		
SLC40A1	-2.06231	-2.6246	-2.43797	0.273287	-0.515507
SLC41A1	-2.21308	-1.55949	-1.36716		
SLC41A2	4.53878	4.08064	4.82569		
SLC43A1	0.146613	1.12487	0.0283395		
SLC43A2	0.691088	1.75931	1.45264		
SLC44A2	-1.32993	-2.38088	-1.3097		
SLC44A3	-0.735657	-1.78224	-0.783567	1.59493	0.728802
SLC44A5	0.0163565	1.49482	0.650673	1.67603	3.0227
SLC45A1	1.37018	2.54087	2.2104	3.86383	4.2972
SLC45A3	-0.20159	0.401619	0.354514	-3.34939	-2.59739
SLC45A4	1.44919	2.20621	2.43311	0.830877	1.48108
SLC46A1	-3.71776	-2.41952	-2.62629	-2.38868	-2.2377
SLC46A3	-0.888631	0.595466	-0.0557761	-3.40267	-1.50391
SLC47A1	-0.539012	0.889611	0.260147	-2.27595	-0.941893
SLC49A3	2.36239	1.9591	3.91392	-0.118437	-0.533605
SLC4A10	1.66082	2.17469	2.22086	2.69065	3.00298
SLC4A11	-3.47042	-4.05991	-2.34569	-2.12324	-2.51237
SLC4A2	-2.75801	-1.4703	-2.71221	-3.31132	-2.20144
SLC4A3	-0.662608	-2.14546	-0.541393	-1.62122	-1.91208
SLC4A4	-0.616892	-1.61689	-0.334407	2.39566	1.64521
SLC4A7	-3.01846	-1.88728	-2.60382	-0.997004	-0.818897
SLC4A8	1.2877	2.42859	4.27408	1.40594	1.74683
SLC4A9	-4.65873	0.0597639	-4.41958	-2.10422	-0.459155
SLC50A1	-3.33299	-1.04174	-2.82246		
SLC52A2	-0.567881	-1.17464	-0.473899	-1.70121	-2.05587
SLC5A11	-0.0336551	0.734142	0.509399	-2.72571	-1.90102
SLC5A12	-0.0422965	-1.43812	-0.444475		
SLC5A2	-1.72483	-2.55726	-1.11757		
SLC5A4	-0.0775142	1.32344	0.38831	1.39908	1.97976
SLC5A6	-0.505818	1.13336	-0.462787	-0.371636	0.560647
SLC6A10P	-7.11858	-2.71004	-6.35264		
SLC6A12	-0.546983	-0.15855	-0.249215	0.306656	0.515138
SLC6A13	2.18877	2.98067	4.23369	1.21379	1.47587
SLC6A15	-2.25706	-0.987327	-0.771804	-1.25155	-1.31935
SLC6A16	-1.24431	-2.13514	-1.05315	0.788666	0.486083
SLC6A17	2.38286	3.23919	5.01501	4.35504	5.03947
SLC6A19	-0.76526	-1.82306	-0.559003		
SLC6A20	3.59662	3.04033	2.108	1.05641	0.848478
SLC6A6	-0.22556	1.1244	-0.238542	-1.22913	-0.46404
SLC6A7	3.19255	3.68283	2.56956		
SLC6A8	-2.40053	-1.30603	-2.2138	-1.82231	-1.11873
SLC7A1	-0.729325	-0.697171	-1.00488	-3.23002	-2.83925
SLC7A11	-1.20884	-2.11739	-1.2018	1.51936	0.4525
SLC7A14	0.519499	0.0850205	0.716906	-1.79425	-2.507
SLC7A2	0.725965	0.919452	1.729		
SLC7A4	4.08043	0.168389	3.44042	2.8218	-0.0348645
SLC7A5	0.149004	0.926181	1.11013		
SLC7A5P2	0.414177	1.30089	1.1454	-0.682774	-0.128716
SLC7A6	-0.810045	0.0814126	-0.702395		
SLC7A6OS	0.308752	-1.02484	0.154828	-1.39162	-1.80424
SLC7A7	-4.72979	-4.71807	-5.41702	-3.60969	-4.06481
SLC7A8	1.09289	2.44853	1.72742	0.578657	1.19139
SLC8A1	-0.746082	1.0957	0.449963	-1.88161	-0.268037
SLC8A2	3.12957	0.746316	3.10184	2.72387	0.882039
SLC8A3	0.0233648	-0.651943	0.435915	1.73691	0.921528
SLC8B1	-4.59314	-2.54414	-2.58012	-2.71682	-3.12756
SLC9A1	0.525861	1.67695	0.595977	-0.811578	-0.0533458
SLC9A3R2	-1.5398	-0.164513	-1.82991	-0.183596	0.327703
SLC9A5	-0.255834	1.3194	-0.843172	-1.07262	-0.325621
SLC9A6	6.79021	3.43251	5.86055	5.04205	3.01342
SLC9A7	1.03297	-0.342839	0.315345	-2.28577	-2.91009
SLCO1C1	0.0127963	-1.34228	-0.00013141	2.80882	1.62813
SLCO2A1	3.61161	3.09195	5.01784	1.86447	1.87937
SLCO3A1	-1.74171	-0.44083	-1.09787	-4.52068	-2.99244
SLCO4A1	1.27401	2.36004	4.56772	1.11906	1.77071
SLCO4C1	8.11163	2.41402	8.18996	5.36728	4.06643
SLF1	3.53949	2.79077	6.00417	5.83836	4.52458
SLFN11	-2.48054	-2.86516	-4.10473	-1.8501	-1.86613
SLFN5	-2.04976	0.166178	-1.58128	-1.98119	-0.688216
SLFNL1	-0.579227	0.175814	0.350418		
SLIRP	0.505921	-1.328	-0.73079	-0.585823	-1.29371
SLIT1	3.48547	-0.712008	2.6402	0.414939	-1.04538
SLIT2	-0.809096	0.98723	-0.985571	-1.38277	-1.07972
SLIT3	0.0972351	-1.90191	0.468547	-0.726269	-1.54937
SLITRK1	3.8758	2.9485	2.41385	1.37158	0.613104
SLITRK2	3.46151	0.405413	2.46867		
SLITRK3	1.20734	2.4977	1.23141	2.75029	3.18311
SLITRK4	1.9899	2.81931	2.60227		
SLITRK5	5.69702	4.75683	6.41881		
SLITRK6	-2.60574	-3.00332	-1.66918	-1.56838	-1.89635
SLK	0.316606	1.31074	1.18877		
SLMAP	-1.46405	0.238675	-0.515792		
SLN	2.61251	0.481478	2.79048	1.93765	0.325927
SLTM	-0.645752	0.949692	-0.27998	-1.35437	-0.562966
SLU7	3.28272	4.19587	3.30444	2.70076	3.09389
SLX4	1.33057	1.2885	1.35594		
SMAD1	2.34471	0.0909748	2.77609	2.92967	1.34931
SMAD2	-0.419099	-1.74872	0.0569814	0.63074	-0.514702
SMAD3	3.51176	-0.271784	2.30146	1.40689	-0.26934
SMAD4	-0.939183	-1.04269	-1.51372		
SMAD5	-6.81113	-4.50649	-6.41663		
SMAD6	-0.34628	-0.538752	-0.394785	-0.780006	-0.526629
SMAD7	-2.91795	0.0570615	-1.88517	-1.92332	-1.29297
SMAD9	-2.12108	-2.27169	-1.2229	-2.28679	-2.54234
SMAP1	-0.216475	-2.18699	-1.15338	-3.76099	-4.00688
SMAP2	2.89686	1.46437	1.82331		
SMARCA1	0.426656	-0.59429	1.64902	2.14118	1.583
SMARCA5	4.05271	4.12115	5.02896	4.09241	4.00061
SMARCAD1	-1.15312	0.251081	-0.903848		
SMARCAL1	6.38217	3.64739	4.6679		
SMARCC1	-2.7787	-1.43896	-2.8353		
SMARCC2	-0.721599	0.877344	-0.167685	1.4135	2.21867
SMARCD1	-0.182138	-0.210427	-0.188796		
SMARCD2	-2.22263	0.747606	-1.64684	-0.991217	0.299398
SMARCD3	-0.199412	-1.92563	0.0268123	-0.361563	-1.21025
SMARCE1	-0.509719	-1.64992	-1.53318	0.894116	0.375318
SMC1A	5.53294	5.84456	5.54074	4.12471	4.74004
SMC2	-1.14269	1.15934	-0.97802	-0.219895	0.892225
SMC4	-3.17135	-3.44093	-4.82038		
SMC5	1.50396	2.62421	2.80609		
SMC6	-1.52724	-1.83223	-1.77894		
SMCHD1	-3.48301	-0.497539	-3.99126	-0.950834	0.0410093
SMCO2	2.78822	3.77126	4.47802	4.08113	4.5224
SMCO4	-2.6592	0.178317	-2.14278	-1.41635	-0.0362877
SMG7	3.41129	3.90139	2.15796		
SMG8	3.81509	0.900277	2.24609		
SMG9	-2.16424	0.167273	-0.926919	-1.28501	-0.0321028
SMIM1	0.0827541	-0.595384	-0.173372		
SMIM10	-1.83252	-2.49009	-0.977684	-4.20408	-4.85586
SMIM10L1	-1.01178	-0.305969	-0.549529	-2.64454	-3.12744
SMIM10L2A	2.28274	-0.995287	1.7096	1.64344	-0.336355
SMIM10L2B	3.22272	-0.665081	2.80622	1.70535	-0.100788
SMIM12	2.83979	2.77629	5.15061	1.18593	1.23806
SMIM13	1.0608	2.16534	1.64555	0.981654	1.56604
SMIM14	-1.36035	-2.24385	-2.85727	-1.11256	-1.39469
SMIM19	0.841617	-0.266152	0.442008	1.73837	1.15118
SMIM2-AS1	-0.00968787	-0.114576	-0.568357		
SMIM20	-1.27405	-1.97063	-1.87133		
SMIM24	8.59795	3.69624	8.6557	6.50827	5.37189
SMIM27	-0.47506	-1.70972	-1.15724	-0.490389	-1.39144
SMIM29	4.96729	-0.579381	2.87431	0.99064	-0.79866
SMIM3	-1.83947	-0.0130064	-1.98954	-1.57919	-0.42658
SMIM30	-3.98912	-4.24968	-4.65607	-1.52576	-2.24861
SMIM32	-0.655003	-0.559512	-1.37698	-2.57238	-3.23884
SMIM37	-0.0438917	0.265779	-1.29585	-1.89422	-1.60302
SMIM4	-0.69727	-2.05047	-2.07549	-3.17645	-3.04698
SMIM6	-0.0440371	0.166973	-0.0208191	-3.38147	-2.72332
SMIM7	-0.620113	-1.78768	-1.1168		
SMIM8	0.346357	2.03655	-0.242996		
SMKR1	6.05014	0.801926	3.91388	1.44612	0.268031
SMO	-1.57013	-2.22954	-0.797035	1.13582	0.677873
SMOC1	-5.43704	-5.15114	-4.46579	-5.53571	-6.26921
SMOC2	-2.2307	-0.439107	-1.81753	-0.596747	0.192205
SMOX	-4.88663	-4.8372	-4.20878		
SMPD1	1.8303	0.714181	2.88734		
SMPD2	3.55499	1.2894	2.09526	0.0465061	-0.468683
SMPD3	-1.77774	-1.40259	-3.13883	-1.03391	-1.13016
SMPDL3B				-0.68364	-0.923223
SMPX	2.60814	3.58604	1.87945	3.01714	3.45931
SMS	-0.123275	-0.153301	0.0205358		
SMTN	-1.63151	-1.17652	-2.37421	-1.2119	-0.710589
SMU1	1.38077	2.28479	1.38962		
SMUG1	2.22819	0.902118	1.35852	0.273637	-0.16653
SMYD2	-0.234846	0.121412	-1.39364	-2.28243	-2.45719
SMYD3	2.51132	0.456116	2.94708	-0.0259199	-0.971976
SMYD4	1.79097	2.83248	1.88165		
SNAI1	2.11385	2.70444	1.88261		
SNAI2	1.06951	-0.840105	0.902537	0.156696	-0.794218
SNAI3-AS1	1.35189	-0.571479	0.223679	0.820389	-0.0632673
SNAP25	1.02574	-1.02783	1.66563	1.32658	-0.120564
SNAP29	-1.22089	-2.37665	-2.17725		
SNAP91	-0.220165	1.35343	0.129211	-0.659148	-0.042226
SNAPC2	5.03938	4.89682	4.92443		
SNAPC4	1.24711	2.0456	1.66797		
SNAPC5	2.54677	-0.6083	0.529038	1.15761	-0.136291
SNAPIN	-0.759613	-1.60168	-1.40109		
SNCA	4.48095	0.0842013	3.48516	3.75015	0.544765
SNCAIP	-2.31306	-0.36304	-1.29289		
SNCB	1.86268	2.50818	1.52693	1.81923	2.21841
SNCG	-0.470923	-1.9766	-1.88419	-2.10412	-2.9368
SND1	5.42804	1.85532	4.59209	6.10958	3.17654
SND1-IT1	1.26338	2.34843	1.25348	4.24072	4.79435
SNED1	-3.09338	-1.95538	-3.52043		
SNHG1	-6.60567	-0.0139442	-5.68468	-4.54501	-1.56677
SNHG10	0.817373	1.97865	1.25563	3.24331	3.92054
SNHG14	-0.422475	1.67046	0.00619562	0.66052	2.07002
SNHG16	-0.546605	-1.73529	-1.1178		
SNHG17	-4.90368	-2.04784	-3.32913	-2.56046	-1.96294
SNHG18	-1.66598	-1.00872	-0.54586	-5.83648	-5.21873
SNHG19	0.297691	-0.435589	0.506997	2.00333	1.92958
SNHG20	1.94474	0.800448	1.05933		
SNHG21	0.197098	0.166703	-0.360015	2.06348	2.36341
SNHG5	-3.67246	-3.89482	-3.82964		
SNHG7	0.675488	1.63355	1.21524	0.765703	1.6333
SNHG8	1.95447	-0.498657	2.7319	2.70986	0.711144
SNN	0.528637	-0.173037	-0.14106	-2.1457	-2.62812
SNORC	1.01672	2.2055	1.75085	1.77858	2.47854
SNPH	-2.70236	-1.96377	-2.51168		
SNRK	-4.1094	-0.389308	-3.08157		
SNRNP25	0.549147	-0.0560973	-0.441989	-1.24663	-1.69349
SNRNP27	2.07484	-0.893087	0.458715	1.72889	-0.133373
SNRNP35	0.458682	2.54233	0.529413	1.09602	1.88869
SNRNP40	-1.08386	0.759028	-0.856581		
SNRNP48	-4.20412	-1.64333	-3.01169	-2.43892	-1.92016
SNRPA1	-0.136122	-0.176643	-1.38283		
SNRPB2	-1.79404	-2.57599	-2.51494	-2.87302	-3.21919
SNRPC	-1.43742	-2.32921	-2.40319		
SNRPD3	-2.1408	-2.74163	-2.4011	-2.48016	-2.66063
SNRPG	-1.25485	-2.0784	-1.57398		
SNTA1	-0.508973	-1.51773	-0.701073	1.27375	0.534262
SNTB1	-1.12774	-2.33777	-0.979484	0.209692	-0.445275
SNTB2	3.72817	3.31583	3.29157	1.21632	0.976356
SNTG1	3.04562	3.28181	2.27239	2.43796	2.79267
SNTG2	1.33067	-0.600041	0.906219	-0.601933	-1.33856
SNUPN	4.76148	0.238988	3.48631	1.44005	0.124899
SNW1	-2.24551	-0.824664	-3.04361		
SNX1	-1.96966	-1.43251	-1.84602	-4.53644	-3.83468
SNX10	3.70937	1.55598	3.88834	2.23879	1.2496
SNX12	1.99166	1.97732	1.45834		
SNX13	2.39732	0.11094	2.70487	0.813253	0.488574
SNX16	3.87138	4.50547	6.12538	2.7133	2.96948
SNX2	1.19867	-1.1995	-0.451705	-0.224248	-1.13919
SNX20	-3.38609	-0.613355	-1.38407		
SNX21	1.03889	1.72118	2.12218	-0.810429	-0.34719
SNX24	-0.998843	-0.604185	-2.08327	-4.37336	-3.21087
SNX25	0.597795	1.05569	2.65356	0.666421	1.41119
SNX27	0.440735	1.22033	0.279041	-0.874533	-0.30223
SNX29	-1.95265	0.0451385	-0.784115		
SNX29P2	-0.388232	0.768098	-1.24231		
SNX3	2.06215	-0.687574	0.0824122	0.932779	-0.195028
SNX30	2.48833	2.73472	3.44361		
SNX32	4.09137	1.01882	3.1264		
SNX33	1.35195	0.45356	1.10837		
SNX4	1.79983	1.14658	1.07214		
SNX6				-1.77502	-2.03972
SNX7	1.18675	-0.965382	0.45445	2.3716	0.261223
SNX8	-0.53329	-0.177217	-0.396083	2.04121	2.76656
SNX9	-0.0594748	1.3681	0.323378	0.889532	1.2677
SOAT1	-0.0265112	1.35779	1.14082	-0.920105	0.164453
SOBP	-0.0480666	-1.13308	-0.285216	1.96847	0.94525
SOCS2	-3.14004	-1.82036	-1.97178	-3.41993	-4.43768
SOCS4	-1.37101	0.646858	0.145481		
SOCS5	3.54456	4.14847	3.03922	4.22228	4.77473
SOCS7	1.39018	-0.101712	2.12975	2.02835	0.91926
SOD1	0.394252	-1.1001	-0.941159	-1.12195	-1.90016
SOD2	-0.14339	0.787001	0.595147	-1.74069	-1.25469
SOD3	-1.95901	-3.25261	-1.65965	-0.584034	-1.11376
SOGA1	-1.10302	-1.82712	-1.22995	0.250277	0.0479063
SOGA3	-0.914502	0.893548	-0.0826346	-1.25561	-0.442059
SOHLH1	1.41385	2.32541	4.12597	1.23479	1.64843
SON	-0.390194	1.01173	-0.149287		
SORBS1	-4.3592	0.0494418	-1.82402	-0.956743	0.251876
SORBS2	-0.477546	-1.84383	-2.27123	-0.538553	-1.04068
SORBS3	-4.34589	0.0910034	-2.36407	-0.415017	0.884686
SORCS1	-0.17211	1.15588	-0.370938	-0.567494	0.164751
SORCS2	1.23456	-0.335429	2.73022	0.909574	0.0740133
SORCS3	1.48892	0.894222	1.98703	1.02981	0.979361
SORL1	1.21765	2.0895	2.66616	0.338551	0.921457
SORT1	-0.529837	0.781568	-0.414724	-2.88176	-1.50248
SOS1	-1.81979	-1.85276	-0.467959		
SOST	0.271558	1.66555	-0.260158	-0.11159	0.664001
SOSTDC1	-0.0242042	0.800706	-0.127863	-1.57932	-1.81845
SOWAHA	0.208078	-1.22944	-1.47832	0.592859	-0.226061
SOWAHB	7.43307	5.68799	6.81448	6.78393	6.58476
SOWAHC	-4.10114	-5.02874	-4.35571	-2.57551	-3.07045
SOWAHD	-0.976646	-1.91082	-1.91534	-2.02047	-2.59878
SOX11	-0.64793	-1.75693	-0.73893	-0.114772	-0.917916
SOX12	2.49206	3.35891	3.30116		
SOX15	-0.912605	-0.258369	-0.482764	3.11429	3.82936
SOX17	-1.72678	-0.203213	-1.72048	-1.52864	-0.889269
SOX2	-1.29696	-1.97738	-1.02519		
SOX2-OT				-4.00604	-3.29982
SOX21	-1.64954	-2.15411	-1.51435		
SOX3	-1.52702	-2.48968	-0.313702	-0.77394	-1.21343
SOX4	0.263954	-0.726368	-0.255053	1.64868	0.520909
SOX5	-0.165463	-1.97029	-1.38273	-2.60845	-4.10473
SOX6	-0.902798	-1.14699	-0.80083		
SOX7	-4.43407	-0.904746	-2.79891		
SOX9	-0.591915	-1.55134	-0.802383		
SOX9-AS1	0.214544	-1.37721	0.149008	1.16203	0.170484
SP1	-2.41238	-0.78505	-1.41294		
SP100	-0.0432274	-1.11912	-0.866832		
SP110	-4.85894	-4.67886	-3.98702		
SP3	2.94911	3.57184	3.87206	3.01633	3.71126
SP5	1.4496	-1.19291	0.465107	-0.359492	-1.24332
SP6	-0.712396	-0.223364	-0.373859		
SP9	-0.524215	1.23145	-2.03556	-0.956799	-0.405699
SPA17	-4.25409	-4.69214	-6.23554	-3.3652	-3.7786
SPACA3	-2.62988	-3.04353	-2.34219		
SPACA6	-0.767058	1.37512	0.00389205	0.327374	1.13509
SPACA9	4.47235	1.15202	3.66479	3.64003	1.54158
SPAG16	-3.40085	-0.978562	-2.63982	-2.23476	-0.54805
SPAG4	0.43644	1.925	1.49185	1.05293	1.66
SPAG5	0.957258	1.81117	0.569071	0.591678	1.06547
SPAG9	0.867788	1.86587	0.187729	0.218532	0.560679
SPARC	-3.72712	-4.58844	-2.69023	-4.55199	-5.11568
SPARCL1	-0.797957	0.00602476	-0.632132	0.487152	0.831948
SPART	-1.86027	0.582161	-2.50826	-1.14585	-0.0497381
SPAST	-1.97385	-2.87257	-1.40159		
SPATA1	-0.362283	-1.68142	0.00708404	-0.758714	-1.08346
SPATA13	-1.67362	-1.87785	-1.05072	-3.12389	-3.37341
SPATA18	-0.217801	-1.72917	-0.766127	-3.68659	-5.12156
SPATA2	4.51298	5.10381	3.19438		
SPATA20	2.32607	0.0119515	2.55423	1.23403	0.236159
SPATA22	0.288506	1.16268	-0.749589	-0.06459	0.391831
SPATA24	1.00551	-0.442319	0.163011		
SPATA33	-0.778325	-2.02081	-1.56143	-0.838185	-1.4434
SPATA4	-0.0204965	-1.39613	-1.34851	2.20991	0.980609
SPATA5	-1.21963	-0.179264	-0.88874		
SPATA5L1				0.941821	0.80681
SPATA6	-2.11918	-1.04456	-1.73344	-1.39871	-0.921429
SPATA7	-4.43308	-3.16754	-4.54361	-1.62597	-1.18037
SPATC1L	2.53799	-0.275682	1.73458	4.44136	1.29925
SPATS2	3.17211	2.31087	2.07208		
SPATS2L	2.42087	1.49747	3.5795	4.55727	3.77201
SPCS2	-0.182394	-0.918796	-0.692422	-1.45272	-1.85562
SPCS3	3.92218	2.55705	2.67451	0.381231	-0.177741
SPDEF	2.20424	2.20238	2.31872	2.28374	2.51004
SPDL1	0.189249	-0.520663	0.509568	1.44973	0.917652
SPDYE5	1.35953	2.41654	2.27389	2.7744	3.91439
SPECC1	-0.731912	1.29511	-0.102932	-1.71208	-0.0862721
SPECC1L	0.466982	1.5223	1.80375	-0.0813083	0.509272
SPEF2	-4.37665	-1.16559	-3.50026	-2.86116	-1.309
SPEG	0.0809951	0.536313	-0.505579	1.14318	1.19365
SPEM1	-1.56612	-1.47464	-1.10963		
SPEN	-0.236783	1.20194	-0.288437		
SPHK1	-1.22413	-0.0446461	-1.89882	-4.10859	-2.49008
SPHK2	0.311978	1.32222	1.93526	-0.917803	-0.327351
SPHKAP	-1.28975	-2.76332	-0.443497	-2.93896	-3.86
SPIB	-0.752663	1.27621	-0.617212	-1.00776	-0.219655
SPICE1	6.14747	1.55026	6.04604	5.08847	3.02581
SPIDR	-1.70451	-1.12456	-2.857	-0.719288	-0.188643
SPIN3	0.904907	2.19809	1.40139	3.61862	4.29465
SPIN4	-0.370265	-1.29791	1.11368	-0.176705	-0.569439
SPINK2	-1.29288	-0.36067	-1.80022	-0.246839	0.212865
SPINK8	-4.36114	-1.27151	-4.76808	-6.24929	-4.47004
SPINT2	5.23252	1.26111	4.56554	6.19561	1.83897
SPIRE1	-2.37596	0.656038	-1.16533		
SPIRE2	-1.16405	0.906977	-0.250933		
SPNS2	-3.43049	0.128172	-2.33315	-1.68729	-0.121269
SPNS3	-1.82113	-2.80877	-2.43474		
SPOCD1	0.848456	2.03356	-0.121925	0.774878	1.4015
SPOCK1	0.948283	1.35447	1.28969		
SPOCK2	-1.70864	0.10715	-1.96797		
SPOCK3	-0.218795	-0.194779	0.260765	-0.99212	-0.658382
SPON1	-1.84835	-2.42155	-1.10063		
SPON2	5.21482	1.61796	6.31478	2.81444	1.70511
SPOP	-0.306704	0.176767	-0.700419		
SPOPL	-1.21661	0.821614	-0.983552	-0.404507	0.327272
SPP1	-1.99955	-0.696771	-1.95483	-6.19994	-3.97086
SPPL3	4.86428	0.112915	4.53829	4.23633	0.824033
SPR	0.908312	0.806009	2.01531	-0.169822	-0.434035
SPRED1	0.391489	-1.13985	0.49608	0.815283	-0.107439
SPRN	7.73883	3.07044	6.76626	5.81321	2.82814
SPRR2E	-1.66563	-1.10126	-1.31481		
SPRR2G	1.8992	-0.602052	0.988021	0.0217207	-0.93379
SPRTN	0.114862	1.36288	0.913651	2.10517	2.6497
SPRY1	1.66145	-0.339736	2.07042	0.174026	-0.700844
SPRY3	-3.23937	0.372654	-1.77906		
SPRY4	2.6001	2.28725	4.69924	2.53571	2.70632
SPRYD3	3.06224	1.94138	2.97358		
SPRYD4	-0.27847	-1.68484	-1.52944		
SPRYD7	2.33197	0.358783	1.84238		
SPSB1	0.0690203	1.3507	1.98626	-0.474702	0.190604
SPSB2	0.517642	0.421196	1.30564		
SPSB3	2.84914	3.51972	4.21751	3.81899	4.71364
SPSB4	-2.07023	-2.93814	-1.67438		
SPTB	-3.65319	-0.747755	-3.74582	-1.30896	-0.496863
SPTBN4	1.65879	2.50288	2.0313	2.47464	3.25616
SPTBN5	0.397723	1.55058	1.12911	-0.0858542	0.60917
SPTLC1	0.39534	-1.38191	-0.0712416		
SPTSSA	-2.48234	-3.37934	-3.59354	-1.3766	-1.80108
SPTSSB	1.2993	2.37501	2.71264	2.29683	2.21162
SPTY2D1	-0.604611	-1.61543	-0.927823		
SPX	-1.13336	-1.88657	-1.36616		
SQLE	1.7042	-0.566723	1.20244	-1.72827	-2.48108
SQOR	-2.65116	-3.14592	-4.24338	-4.4655	-5.23289
SRA1	1.97116	2.75513	3.06628	1.10603	1.66068
SRARP	0.208797	1.16031	-0.110211	-0.478985	0.172878
SRD5A1	-0.147086	-1.37304	0.060063	-3.25053	-4.01627
SRD5A3	0.867362	-0.927097	-0.10004	-2.62758	-3.08764
SREBF1	-2.45897	-3.34895	-3.24001	-0.306511	-0.443412
SREBF2	-0.225345	-1.39111	-0.363487		
SREK1	1.10928	2.24373	3.30156	2.66127	3.52817
SREK1IP1	0.481686	-0.737602	-0.0627711	1.00382	0.489451
SRF	1.00947	1.22355	0.903789		
SRFBP1	-3.67841	0.174188	-3.20583	-1.18329	0.206773
SRGAP1	-1.02059	-1.87849	-0.084464	0.0712715	-0.417357
SRGAP2	-1.13268	-0.00317599	-0.842302	-1.45288	-0.925054
SRGAP2B	-1.74905	-0.583276	-0.575569		
SRGAP3	-1.26735	-0.044281	-1.41411		
SRGN	-4.99069	-4.65036	-5.61232	-5.68437	-5.5091
SRI	0.331211	-1.19782	-0.131394	1.15208	0.381446
SRM	0.801413	-1.2546	0.925418	0.236601	-0.750937
SRP14-AS1	-1.06385	-0.991496	-1.15123	-1.13189	-0.825527
SRP19	3.29966	-0.0225632	1.57141		
SRP9	-0.779113	-1.92509	-1.63087	-1.5061	-1.99805
SRPK1	2.62723	3.74545	1.96212	1.6234	2.43391
SRPK3	1.39167	2.27666	2.19054		
SRPRA	1.66922	2.02669	3.66989	0.251983	0.425153
SRPRB	2.33661	2.23502	2.31679		
SRPX	-2.61158	-1.43675	-1.11119	-1.04447	-1.06179
SRR	0.704153	-1.13996	0.0584678	0.981956	-0.138542
SRRD	1.76339	-0.958118	-0.753073	0.291943	-0.804595
SRRM1				0.172419	0.677453
SRRM3	-4.33447	-1.103	-3.97441	-1.07817	-0.465503
SRRM4	1.3973	2.49557	2.78064	1.79391	2.53779
SRSF1	0.269524	2.06235	1.77533	3.86829	3.58372
SRSF11	-2.27881	0.240395	-2.86445	-0.747802	-0.0569085
SRSF12	4.56725	0.557839	5.40071	3.41041	1.25238
SRSF5	-1.12194	0.142132	-0.603031		
SRSF6	-2.01744	-0.915205	-1.32227		
SRSF7	-1.40539	-0.505343	-1.92914		
SRSF8	0.844538	2.56915	0.000518161	-0.592367	0.593425
SRXN1	1.10698	2.12029	2.36557	-0.231872	0.307681
SS18L1	0.180941	1.3852	0.924754		
SSBP1	0.176354	-1.42774	-0.710185	-1.40476	-2.14514
SSBP2	-1.45117	-1.10405	-1.53441	-0.58277	-0.780243
SSBP3	-1.95678	0.286425	-1.47357	-0.0551273	0.6806
SSBP4	-2.18933	-3.12197	-2.74636	-0.706135	-1.1091
SSC4D	0.165019	-1.36636	0.280969	-1.10543	-1.99245
SSC5D	-1.69116	-2.7552	-1.61333	-1.01786	-1.64153
SSH2	0.977657	-0.0728764	0.649664		
SSH3	0.80036	2.27238	3.8383	3.47334	3.55356
SSNA1	-0.397841	0.253523	-1.48445		
SSPN	-2.59674	-3.09788	-2.58153		
SSR1	1.52893	1.76609	2.70229		
SSR3	-0.973324	-2.21244	-1.26664		
SSR4	2.21599	-0.850479	0.258951	0.380724	-0.537741
SSR4P1	0.87473	-0.68428	0.647514	-1.65548	-2.37096
SSRP1	2.56441	2.46885	2.8374		
SSSCA1	0.984066	-1.37337	-0.0885468	0.112391	-1.00229
SST	1.38365	-1.11854	1.33199	2.20812	0.25005
SSTR1	3.82392	-0.781988	4.19811	2.14149	-0.585243
SSTR2	2.59429	-0.195688	2.09223	-0.367377	-1.54549
SSUH2	-1.56863	-2.64676	-2.10996		
SSX2IP	1.18567	2.27063	2.01565	1.25002	2.01146
ST18				-2.60237	-2.10306
ST20	-0.620876	-1.73683	-0.87302	0.657526	-0.517556
ST3GAL1	-0.0106958	-0.371858	0.271886	-3.03123	-3.48103
ST3GAL2	-3.91643	-1.42958	-3.161	-3.391	-2.40426
ST3GAL3	3.06006	4.51642	2.8941	2.46315	3.15245
ST3GAL4	0.436314	1.18292	-0.102789		
ST3GAL5	-0.736199	1.09328	0.218445	-1.12501	0.250772
ST3GAL6	-3.93517	0.500603	-5.48239	-3.30807	-0.900541
ST3GAL6-AS1	-3.44473	0.375164	-6.30098	-5.10957	-1.8449
ST5	0.634349	-1.49642	1.19654	1.85847	0.406814
ST6GAL1	0.169129	-1.18699	-0.609374	0.00284343	-0.668291
ST6GAL2	-1.07126	-0.841956	-2.24632	1.7523	1.64447
ST6GALNAC1	-0.142167	1.30604	0.266337	-1.24954	-0.267813
ST6GALNAC3	-0.232531	-0.147921	0.315301	-2.87418	-2.39244
ST6GALNAC5	6.18251	0.610675	5.5441	6.32738	2.40516
ST6GALNAC6	-0.838262	-1.91574	-1.3217	-0.152022	-0.993092
ST7-AS1	2.17903	1.74867	2.50439	3.42525	3.60405
ST7L	-1.112	0.604391	-1.98334	1.61386	2.54554
ST8SIA1	0.767775	2.53708	1.95762	0.741488	1.4414
ST8SIA3	5.5166	4.36045	4.55517	4.00175	3.67085
ST8SIA4	-0.80283	-0.779979	-0.934138	0.600815	0.251299
ST8SIA5	2.84797	3.71445	6.66617	1.54444	1.86944
STAB1	-3.68717	-3.43616	-4.1332	-2.77296	-3.22135
STAC2	0.361627	1.63544	3.05215	0.313493	0.9599
STAG1	-0.563602	1.25492	-0.298164	0.856535	2.02607
STAG2	-3.47206	-2.34122	-3.53247		
STAG3	-3.1162	-3.59309	-4.26002	-1.7872	-2.15011
STAG3L2	0.330821	1.14783	1.92794	1.49137	1.83276
STAG3L4	-1.56745	1.16089	-1.77013	0.798934	1.46867
STAG3L5P	-0.826838	0.0456753	-0.480836		
STAM	-0.529569	0.997525	0.691101		
STAM2	-2.01759	0.372278	-0.97357		
STAMBP	-2.33902	-0.287927	-1.62577	-4.02513	-2.60786
STAMBPL1	4.35865	5.49949	4.53811	7.4253	7.89838
STAP2	2.21202	1.69951	1.12278		
STAR	1.74006	2.08874	4.0515	0.542876	0.758039
STARD10	-2.61811	0.478895	-3.11411	-3.31124	-1.20859
STARD13	1.04821	1.56247	2.00158		
STARD3NL	-0.888859	-2.35347	-1.52887	-2.16545	-3.11349
STARD4	2.1236	1.9915	2.21859	-0.426936	-0.794442
STARD5	0.70454	2.06639	1.86508	2.13581	2.23855
STARD7	2.41502	-0.419942	1.08604		
STARD7-AS1	1.25994	0.381221	0.275887		
STARD9	-1.80412	0.967888	-0.623933	-2.45537	-0.483002
STAT1	-1.8414	-0.540619	-1.40761	-0.933746	-0.270496
STAT4	4.91975	6.27139	4.06865	3.83201	4.725
STAT6	4.65651	3.27299	6.42414	3.25763	2.85945
STAU1	1.20648	-0.784654	0.163272		
STAU2	1.08054	2.41956	2.28252	0.743656	1.41084
STBD1	4.28377	2.6032	7.45997	3.59987	3.15958
STC2	0.457671	1.01691	0.685712		
STEAP1	7.08142	2.89429	6.54755	6.08897	5.45866
STEAP1B	2.08379	2.34516	3.19783		
STEAP2	3.21013	3.89573	6.48976	3.09607	3.45293
STH	-0.170241	1.23161	0.23724		
STIM1	1.82342	-1.22568	-0.755327	-0.750742	-1.75101
STIM2	-1.9783	0.909824	-1.74122	-2.40721	-0.9989
STK10	-4.72469	-5.06098	-5.50296	-3.58666	-3.96953
STK11	1.89502	3.03697	1.34415		
STK11IP	0.375008	1.38989	0.682871	0.915166	1.3833
STK16	1.72582	-0.73727	0.143175		
STK17A	2.90125	0.0279161	5.3092	1.16016	0.123847
STK17B	-0.83936	-1.81037	-0.304354	1.98266	1.54449
STK24	0.838238	0.631593	0.867382		
STK25	2.33249	-0.904395	1.59136	1.66502	-0.0226747
STK26	-0.948212	0.638923	-1.70343	-3.35415	-1.97244
STK31	-3.02996	-2.96947	-4.08593	-0.898956	-1.01771
STK32C	5.38247	0.155782	3.92358	1.10052	-0.386811
STK33	-3.76166	-3.0745	-2.7685	-1.29715	-0.774091
STK35	-0.873654	0.231161	-0.944279		
STK36	-0.845533	0.424583	-0.571858	2.55478	3.55655
STK38	-1.16933	-0.879231	-0.710035		
STK38L	1.81327	2.49201	3.53145	4.06739	3.77976
STK39	0.477937	0.281454	1.27213	-2.53529	-2.80869
STK4-AS1	-1.16302	-0.38259	-1.83608		
STK40	-0.352692	1.55984	0.267072	1.2843	1.83803
STMN1	2.97581	1.08323	3.40155	2.80791	1.67605
STMN2	1.97469	1.19761	3.27606	0.556117	0.00981418
STMN3	0.359123	-0.935566	-0.0281539		
STN1	1.87329	2.8279	3.58104	-0.0530943	0.491475
STOM	-3.99573	-4.64625	-4.06924	-0.825615	-1.48926
STOML1	4.61403	0.00358106	3.29356	2.28687	-0.0690624
STON1	-4.69055	-2.34576	-4.57282	-0.724264	-0.414014
STON2	-0.581615	-1.63083	-0.742269	1.73378	0.56019
STOX1	-0.779736	-1.86788	-1.32903		
STOX2	-0.843512	0.545124	-3.83712	-0.368595	0.0209151
STPG1	1.80968	2.60749	1.83919	1.30926	1.82392
STRADA	0.986601	2.02251	2.67786	0.491908	1.10252
STRADB	-1.65665	-2.84395	-1.78393		
STRAP	2.13882	-0.264865	0.73509	0.309562	-0.527874
STRBP	-0.972381	1.01281	-2.46971	0.86386	1.48579
STRIP1	3.8368	1.29785	3.78167	2.03498	0.840395
STRIP2	-2.54335	-2.721	-6.15617	-0.651777	-0.642836
STRN	-0.371924	1.54224	0.534731	-0.491056	0.80821
STRN3	1.79662	-0.120931	1.77166		
STRN4	-1.93799	-2.30939	-2.38598		
STS	0.658351	2.04675	-0.341886	0.394375	1.42084
STT3B	-1.81627	-3.29153	-1.78718	-2.24856	-2.88624
STUB1	4.64958	2.21038	6.40416		
STUM	2.05941	-1.24536	1.28542	-0.0813852	-1.27427
STX12	4.46514	-0.201216	4.6566	2.633	0.568059
STX16	-1.40832	0.0796562	-1.13389	-0.544244	0.163938
STX17-AS1	0.360269	-1.05611	1.90031	1.86403	0.515285
STX18-AS1	-0.795932	0.994719	-0.294467		
STX19	3.03879	3.7198	2.68268	3.4284	3.87193
STX1A	5.2793	1.88015	5.16788	6.97929	2.48971
STX1B	-0.883601	1.31741	-0.788309	0.0328676	0.966627
STX2	-1.9043	-3.19051	-4.38087	-1.63654	-2.0309
STX4	1.81864	-0.508825	1.43045		
STX6	-4.75195	-1.11655	-4.26865		
STX7	0.0117402	-1.34221	0.331476	0.627073	0.115717
STX8	-0.444858	0.952048	-0.70075	0.180936	0.926839
STXBP1	1.47356	2.07864	1.2905	2.58348	2.993
STXBP3	-1.95016	-2.63489	-0.876801	-1.49999	-1.8575
STXBP4	-1.90242	-2.51749	-1.79346	-1.58748	-1.95227
STXBP5	2.87879	2.79083	4.52412	1.19254	0.969514
STXBP5L	3.67625	4.60156	3.74778	3.87248	4.09138
STXBP6	3.606	1.59529	2.52182	3.43636	2.88064
STYK1	4.85527	0.300686	3.48841	3.47431	0.687009
STYXL1	-0.178238	-1.64702	-0.521309	-0.866042	-1.512
SUB1	1.7234	-1.56909	0.652454	-0.0287372	-1.15706
SUCLA2	-1.56787	0.834782	0.357237		
SUCLG2	-0.168618	-0.847079	-0.0755947		
SUCO	-0.237401	-1.54391	0.378072	0.410274	0.107729
SUDS3	-0.0448679	0.183787	-0.508418		
SUFU	-0.763267	-1.80783	-1.39653		
SUGCT	-1.11123	-1.74575	-0.794038		
SUGP2	-1.62372	1.24582	-1.03252	1.73118	2.27958
SUGT1	-5.93319	-5.96448	-5.3243		
SUGT1P1	-1.49948	-0.108031	-1.49945		
SUGT1P3	-0.0424739	-0.889585	-0.41928	-0.0606139	-0.67389
SULF1	0.0331094	0.0159926	1.62945	-0.286916	-0.668666
SULF2	0.859588	-1.57745	1.38312	-2.91867	-2.9831
SULT1A2	-1.6044	-1.03588	-2.5504		
SULT1C4	-1.52234	-2.18569	-0.607514	1.07269	1.03781
SULT2B1	2.38226	2.59727	1.81388		
SULT4A1	0.985577	1.70642	1.12494		
SUMF1	1.37293	-1.46351	0.488323	-1.54103	-2.22267
SUMF2	-1.74959	0.296199	-0.988377	-3.00083	-2.06485
SUMO2	0.427061	-0.762859	-0.0524015	1.07296	0.0873766
SUMO3	0.600286	-1.73661	-1.07348	-0.391973	-1.45563
SUN1	0.263246	1.63614	0.880013	1.94695	2.93559
SUPT16H	1.10897	2.20386	1.12929	3.03782	3.43303
SUPT20H	-1.1169	0.68698	-0.480336	0.498861	1.39101
SUPT3H	-1.86673	-1.96405	-0.885501		
SUPT4H1	0.412788	-1.36317	-0.969544		
SUPT5H	4.08384	3.4921	6.00164		
SUPT7L	-1.01378	1.32486	-0.413632	-0.195294	0.664974
SUPV3L1	0.311564	1.28314	0.387662		
SURF1	-1.09624	-2.15351	-1.82566		
SURF2				-0.812492	-1.4124
SURF4	2.84054	2.26038	3.23885	0.576415	0.383742
SURF6	2.1243	0.452605	1.10145		
SUSD1	1.74071	-0.799317	0.804347	1.10715	-0.457467
SUSD2	0.500943	-0.0895604	0.318538		
SUSD3	-2.15819	-2.57652	-2.84706	-3.94918	-3.98886
SUSD4	1.53857	0.880919	3.48871	0.547781	0.0882391
SUSD5	4.26045	4.68455	5.55774	2.86068	3.30116
SUSD6	-6.95784	-1.26226	-5.26419	1.85004	1.96874
SUV39H1	6.82964	3.23131	5.10711	4.0856	2.54079
SUZ12	1.50621	2.50201	1.62656	2.87173	3.22819
SV2A	-1.3239	0.940854	-0.0173004	0.156663	1.34391
SV2B	6.87805	4.41635	8.26582	3.56392	3.00377
SV2C	-0.133591	0.938478	-0.540081	-1.96361	-0.786896
SVIP	-4.36134	-1.3383	-3.79169	-5.72524	-3.64119
SVOP	5.41569	0.408584	3.85755	2.23802	-0.17154
SWAP70	-1.06976	-1.93778	-1.67011		
SWI5	-0.138381	-1.74161	-1.66447	-1.19839	-2.01435
SWSAP1	-0.390254	-1.22763	-0.521467	0.166736	-0.287499
SWT1	4.37781	5.29021	4.65322		
SYAP1	-0.0573928	-0.580188	-0.587575		
SYBU	1.79	2.9019	4.04022	3.50868	4.23613
SYCE1	7.92666	4.46088	6.51772	6.26192	5.74631
SYCE3	-0.797821	-1.59411	-0.922534		
SYCN	0.110429	-0.824421	-0.602344		
SYCP2	-1.77283	1.46152	-2.46227	-1.11925	0.853467
SYCP2L	0.758553	1.37082	0.104852	2.2944	2.67849
SYDE2	1.84062	2.81719	3.90361	1.64134	2.07718
SYF2	-0.823941	-1.67127	-1.27751	-0.462777	-0.804948
SYK	-3.08421	-3.4605	-4.11763	-5.22366	-5.35145
SYN1	2.84923	1.71697	2.3244		
SYN2	2.61761	-0.112224	2.57084	1.52467	0.203275
SYN3	-0.661079	0.9914	-2.38298	-0.239957	0.518109
SYNCRIP	-0.761233	-1.11049	-1.86647		
SYNDIG1	1.13656	1.89825	1.94913	-1.46668	-0.940871
SYNDIG1L	-0.243222	-1.02807	-0.282221		
SYNE1	1.44703	2.26523	1.61853	2.37902	2.907
SYNE2	-0.468416	1.02994	-1.1801		
SYNE4	-4.65586	0.416644	-5.62189	-4.21786	-1.10044
SYNGR1	4.13492	3.85914	6.67046		
SYNGR2				-2.60399	-1.99928
SYNGR3	5.11502	1.70923	4.43586	4.19056	1.8939
SYNGR4	0.124137	-0.994194	-0.781318		
SYNJ1	0.824827	1.60837	1.42428	-1.099	-0.689608
SYNJ2	-0.944079	-0.16468	-0.861779	-5.98587	-3.9726
SYNJ2BP	-4.41961	-4.34003	-6.03498		
SYNM	4.5072	3.17597	5.64102	3.16558	2.8387
SYNPO	-2.36445	-3.102	-3.31206	-3.23517	-3.78736
SYNPO2	3.55801	5.09669	4.47792	4.34421	4.51116
SYNPR	2.77763	-0.131643	1.76976	3.9221	1.27717
SYNRG	0.397249	-0.942525	0.604439		
SYP	6.88656	4.47159	5.73067		
SYPL1	-0.897118	0.259725	0.0947652	-2.56723	-1.44128
SYPL2	-0.836793	-1.90452	-1.21928		
SYT1	2.82942	2.20688	1.96441	1.71147	1.31654
SYT10	3.78982	1.72764	3.74236	6.646	3.74141
SYT11	3.95525	2.35224	3.44952		
SYT12	1.17242	2.19748	4.3914	0.0826809	0.822975
SYT13	8.14146	4.66136	8.50192	6.42886	5.47115
SYT14	5.35784	5.5641	6.48711	4.66129	5.21811
SYT15	-0.811613	0.859697	-0.0277938	-2.53233	-1.18364
SYT16	5.63448	3.41728	4.95121	3.11738	2.00597
SYT17	3.12422	-1.21484	2.0423	0.188871	-1.28834
SYT2	-1.30314	0.421544	-3.34852	-3.74346	-1.53241
SYT3	0.272726	1.29291	-0.788975	-2.19792	-1.31034
SYT4	4.284	2.66858	4.3967	2.63076	1.46829
SYT5	5.63201	2.1653	4.73704	3.37337	1.96137
SYT6	-5.84578	-2.37926	-3.87883	-5.48273	-5.80666
SYT9	2.67614	0.150265	3.30517	1.02048	0.255426
SYTL1	-1.55566	-2.53252	-4.11769	-1.01883	-1.51972
SYTL2	0.13101	-1.53309	-1.77229	1.73109	0.235902
SYTL3	-1.40586	-2.02475	-1.01923	-5.06903	-5.64313
SYTL4	-0.402212	-1.37235	0.0351324	2.20819	1.41925
SYTL5	1.27125	-0.925433	0.719407	0.300335	-0.56977
SZRD1	-3.29509	-3.70591	-2.79872	-1.15256	-1.44392
SZT2	-1.21485	1.20457	-0.0705358	1.4905	2.11343
TAB2	2.25116	0.167594	3.5887	4.54966	2.89225
TAB3	1.70467	2.2784	2.63632	0.915152	1.26755
TAC1	1.01986	-1.21648	1.39418	-0.342387	-1.38501
TAC3	2.11358	0.528834	1.87954	3.52826	2.61312
TACC1	-1.95293	0.448227	-1.67782	-2.24063	-1.06331
TACC2	-4.14227	-1.38106	-3.71929		
TACC3	-1.48502	0.348783	-2.82402	-2.26085	-1.41677
TACR2	1.25145	-0.889528	0.223936	0.418219	-0.488934
TADA1	0.514114	0.362224	1.24276	2.28317	1.84624
TADA2A	2.00021	3.37776	1.85368	2.14973	3.32154
TADA2B	-3.46954	-0.11805	-3.96184	-0.181148	0.796715
TAF10	-1.42096	-2.26816	-2.39121	-0.840464	-1.48468
TAF11	-2.0341	0.0908274	-0.859064		
TAF12	-1.96579	-0.844047	-1.95125	-1.00979	-0.376158
TAF13	-0.752192	0.902393	-0.411106	-3.58678	-1.84951
TAF1A	1.17974	0.880742	1.06718	1.73175	1.64532
TAF1B	-4.44998	-2.13847	-3.89673		
TAF1C	1.3875	2.18841	1.90237	1.6537	2.30836
TAF1D	-0.0211599	1.80129	0.836361	1.72995	2.81895
TAF2	-2.37912	0.392978	-1.75617		
TAF3	-3.30722	-0.0321346	-3.07486	-1.84182	-0.674874
TAF4B	0.579007	1.87245	0.919099	1.93818	2.13346
TAF5	1.4167	1.99455	1.2714		
TAF5L	-0.763843	0.38327	-0.350189	-0.4043	0.103566
TAF6	-0.337518	-0.715055	-0.623788		
TAF7L	-0.170726	-1.85525	-2.78818		
TAF8	-1.26076	0.235685	-1.52779		
TAF9B	1.41583	-1.28707	2.05893	1.60142	-0.0708969
TAGLN2	-2.39148	-3.38875	-1.65958	-1.77697	-2.54231
TAGLN3	1.12153	-1.14682	0.221526	-0.0409166	-0.927208
TALDO1	-2.17431	-3.57925	-2.5429	-3.1562	-3.85745
TAMM41	2.85969	-0.31515	1.00511	1.02187	-0.134893
TANC1	-2.65211	-0.520768	-1.85369	-3.49989	-2.01998
TANC2	-2.31277	-0.463916	-1.4282		
TANGO2	-4.64123	-0.909494	-3.88802	-2.22979	-0.893712
TANGO6	2.81005	0.634937	1.92152	1.60531	0.802593
TANK	-2.25211	-0.530845	-1.79191		
TAOK1	3.31064	0.833751	3.30451	1.60335	0.739908
TAOK2	2.02942	3.1245	1.98123		
TAP1	-6.12423	-2.12744	-4.71893	-2.47801	-1.25928
TAP2	-5.53323	-1.82525	-4.75706		
TAPBP	1.52564	2.21829	2.71699		
TAPT1	6.08319	2.27157	4.52168	1.95593	1.55044
TARBP1	3.11213	3.16442	3.30707	3.44689	3.45147
TARBP2	0.0711982	1.5453	-0.378524		
TARDBP	0.0347559	1.89941	-0.245735	0.604172	1.6561
TARS	-3.85438	-0.193743	-3.51739		
TARSL2	-1.31416	-0.119654	-0.766914	-4.24637	-2.79432
TAS2R10	2.06636	2.80323	2.77637	3.69362	4.21805
TAS2R13	-1.20746	0.947237	-0.972289	-0.339091	0.925818
TAS2R14	-0.055304	1.81314	1.10669	3.04765	3.31061
TAS2R19	-1.08627	0.944844	0.309572		
TAS2R20	1.27434	2.69787	1.27807		
TAS2R30	-0.661113	1.45217	1.28136	1.79913	2.61227
TAS2R31	-0.0756109	1.54451	1.14986	1.63285	2.63936
TAS2R4	2.05342	3.30911	1.96975		
TAS2R43	0.183176	1.74428	1.84659	2.56019	3.21133
TAS2R45	0.0494759	1.53113	1.47829	2.50209	3.19518
TAS2R5	0.147757	1.90697	3.06248	2.69406	3.75044
TAS2R50	0.914657	2.31596	2.00592	2.40728	3.13462
TASP1	3.20705	4.58894	2.93671	5.00487	5.86229
TATDN1	0.186573	-1.32834	-0.596517	-2.0269	-2.65831
TATDN2	1.83107	0.512068	0.92275		
TATDN3	-0.1863	-1.5333	-1.42394		
TAX1BP1	1.35093	1.42099	2.29221	-0.132201	-0.175126
TAZ	0.643261	1.85097	0.656946	0.926593	1.55172
TBC1D1	3.32079	4.48504	3.24639	1.62866	2.56135
TBC1D10A	2.61433	-0.886146	2.45022	1.55234	-0.141757
TBC1D10C	-1.24922	-2.65039	-2.06059	-2.68195	-3.23697
TBC1D12	-1.78594	-0.566096	-2.10349	-2.69174	-1.65524
TBC1D13	1.40392	-0.905677	1.53658	1.86941	0.600473
TBC1D14	-0.245489	-1.46388	0.0071089	-0.036104	-0.70496
TBC1D15	2.5155	2.78007	2.07104	1.57877	1.65461
TBC1D16	-2.64934	0.129008	-2.22333	-2.00156	-0.8492
TBC1D17	-2.98305	-1.64876	-4.05363		
TBC1D19	-0.261453	1.16173	0.510054	-0.402435	0.377929
TBC1D2	-1.15158	0.191243	-0.703196		
TBC1D22A	4.02458	0.68231	4.91086	2.45299	1.14724
TBC1D24	5.45913	0.801748	8.01143	6.75485	2.62
TBC1D26	0.179243	-1.2458	-0.648714	0.826953	-0.171624
TBC1D2B	-2.28211	-0.923728	-1.23535		
TBC1D30	-1.08157	0.778244	-0.240148	-1.48307	-0.0522248
TBC1D31	-3.36774	-3.80431	-7.22149	-2.5343	-2.67219
TBC1D3P2	-2.58248	-1.50181	-1.40223		
TBC1D3P5	-3.60289	-1.58499	-2.17901		
TBC1D4	-0.39623	1.23553	-0.00763485	-1.75681	-0.202914
TBC1D8	-1.16527	0.570983	-0.430061	-3.38457	-1.6439
TBC1D8B	-1.28583	0.464848	-0.805123	-2.47306	-1.57823
TBC1D9	2.29112	2.33658	1.1206	0.83821	0.517676
TBC1D9B	-1.13946	-1.65187	-1.85121	-2.5547	-2.57488
TBCA	-0.316498	-1.84853	-0.923066	-0.890797	-1.63114
TBCB	2.79972	0.408301	1.92446	1.24364	0.420498
TBCC	-0.573139	0.775907	-1.24289		
TBCD	0.372462	-1.70076	0.237155		
TBCE	-0.322631	1.22548	-1.2081	-1.51193	-0.150781
TBCEL	0.124966	1.71885	1.40209	0.761053	1.86313
TBL1X	-6.45763	-4.13162	-8.16893	-2.83219	-2.58463
TBL1Y	-6.55889	-3.63988	-8.0994	-2.73113	-2.29062
TBL2	3.96457	0.938949	2.74513	1.54592	0.610487
TBPL1	0.891399	-0.807219	0.343477		
TBR1	0.342813	1.70236	0.521324	1.1592	1.71364
TBRG1	0.905971	1.67398	0.485745	-1.06723	-0.75188
TBRG4	2.91607	3.21848	2.44745		
TBX1	-1.9547	0.576279	-1.38179		
TBX19	-3.64002	-4.55382	-2.56259	-2.95703	-3.70492
TBX2	0.55602	0.717878	0.857255	-0.108654	-0.0521561
TBX2-AS1	-2.57968	-0.910445	-2.24732	-1.22371	-0.77664
TBX3	0.0300234	1.11247	0.619796	-1.02127	-0.509056
TBXA2R	0.253381	-1.42558	0.0510323	1.36195	0.500243
TBXAS1	-1.89721	-3.00203	-1.79447		
TC2N	1.16262	2.04453	1.52807	0.897501	1.29474
TCAF1	2.1249	1.70436	2.25965		
TCAIM	-1.29153	-0.0424872	-0.326027		
TCAM1P	3.18276	2.42442	2.36583		
TCAP	1.81101	0.89355	2.10837	2.0626	1.19014
TCEA2	3.62945	2.23738	4.87089		
TCEA3	2.72458	-0.829226	2.56328	4.19145	0.27736
TCEAL1	0.629252	0.802621	0.620414		
TCEAL2	-2.51868	-1.08112	-3.42901		
TCEAL7	3.14582	0.912098	1.92147		
TCEAL9	0.455225	-0.598095	0.932484	2.27069	1.87077
TCERG1	-0.16731	1.42565	0.394185	0.815979	1.59636
TCERG1L	4.96955	4.27204	6.85116	3.8658	3.83222
TCF20	0.896144	-0.0818297	0.978817		
TCF4	-0.552537	0.0481806	0.101377		
TCF7L1	-1.10377	-2.07637	-0.610763	1.24742	0.238245
TCF7L2	1.78114	4.10477	1.47068	6.27112	6.43675
TCFL5	0.256714	-0.946975	0.302344	-0.388442	-0.560069
TCHH	0.589398	1.34818	0.134453	-1.86293	-0.834357
TCHP	-2.09639	0.716237	-1.17161	-0.828567	0.500083
TCIM	2.86753	3.41128	3.74551	3.40869	4.13795
TCN2	-2.99153	-0.396968	-2.01244		
TCOF1	3.07905	3.41813	3.66815	1.32124	1.78105
TCP1	0.551126	-0.9357	0.051115		
TCTA	0.901319	-0.832502	0.88337	-1.39237	-2.11264
TCTE1	-0.317375	-2.19797	-0.311598	-0.000350893	-0.941719
TCTEX1D1	0.175327	1.83689	0.883988	-1.66787	-0.00701484
TCTEX1D2	-0.969961	-1.98514	-1.90435		
TCTN1	-0.363174	-0.904892	-0.35626	2.51804	1.68002
TCTN2	1.1671	2.84736	2.25848	4.05286	4.81558
TDG	2.33324	3.06049	3.05857	2.84012	3.47491
TDO2	0.708612	0.90498	1.33188		
TDP2	-1.91691	0.233382	-1.62162	0.238446	0.978751
TDRD1	1.74036	3.15478	1.3771	3.12307	3.87719
TDRD10				-0.893721	-1.12966
TDRD3	-4.69132	0.140347	-3.34733	-2.43218	-0.40271
TDRD6	-3.57913	0.393431	-3.50296	-1.7758	-0.396543
TDRD7	3.13668	3.22787	2.7102	3.26475	3.7619
TDRD9	2.25569	-1.08089	1.81247	0.010591	-1.24535
TDRKH	5.44866	1.3944	3.68256	3.18546	1.16481
TEAD1	-1.84169	-2.62511	-2.10266		
TEAD3	-3.91239	-3.81854	-3.80786		
TEAD4	0.428644	1.76685	-0.0264939		
TECPR2	1.34501	-0.491103	2.44585	1.90343	0.478275
TECR	-1.30799	-0.354004	-2.17348		
TECTA	-1.78426	-0.0615853	-0.125907	-1.59968	-1.34458
TEDC1	1.34174	0.281617	1.55343		
TEDC2	3.19152	3.95299	2.80457	1.8414	2.55487
TEF	-0.565813	-1.35975	-1.94412		
TEFM	-2.74052	-2.03532	-3.13271		
TEK	-0.0941728	-1.42436	-0.458602	1.02881	0.142539
TEKT2	1.58659	-0.377955	2.08245	1.15764	0.103036
TEKT4	-0.199489	-0.437003	-1.71435	-2.41601	-2.44126
TEKT5	-4.46865	-2.3136	-3.88145		
TENM1	-3.45756	-3.90732	-2.67989	-2.05008	-2.47405
TENM2	-0.771907	0.353502	-1.48159	1.48674	2.19561
TENM3	1.3828	-0.192663	2.26377	2.93348	1.14339
TENM4	-3.02644	-0.641099	-2.86442	-4.33858	-3.39811
TEPSIN	-1.59718	0.944521	-0.418778	-0.842865	0.297246
TERF1	-0.404097	-1.14692	-1.23985	1.4243	0.454018
TERF2	3.71302	2.93318	3.45654		
TERF2IP	3.68554	1.46163	3.43137	2.30015	1.3714
TES	-1.33498	-0.172172	-1.6899	-2.27568	-1.72875
TESC	-0.822294	0.247975	-2.09247	-2.74854	-1.92724
TESPA1	3.22928	3.55486	6.77503	1.52503	1.82462
TET1	0.444467	1.8815	0.91657		
TET2	-3.22513	-2.27133	-4.93381		
TET3	1.62475	2.35056	2.31453		
TEX26	0.513599	0.641618	2.62191	0.13584	0.0283098
TEX261	-2.01199	-0.0261141	-1.44216		
TEX264	-0.128349	1.12795	0.0767858		
TEX29	4.06866	4.08782	5.7794	2.87303	3.3346
TEX30	3.92843	3.65512	6.70653	4.45872	4.69209
TEX47	2.46656	2.54929	3.45058	2.1673	2.29446
TEX9	-0.940344	-1.64984	-1.04441	0.705736	0.435532
TF	-0.770146	-0.065785	-0.336652	-3.42818	-2.55188
TFAM	0.230004	1.88767	1.02472	0.579733	1.30897
TFAP2C	-0.522585	-0.649195	-1.11641		
TFAP2E	2.43245	3.00579	2.38797		
TFB1M	0.110864	1.23847	0.35786		
TFB2M	0.776075	2.08928	0.823212	0.802627	1.3094
TFDP1	-1.2896	0.0441211	-0.507692		
TFDP2	-0.0959306	-1.08439	-0.704207	-2.54551	-3.66085
TFEB	-1.23769	0.292911	-0.64719	-2.05269	-1.02475
TFEC	-1.36513	-2.21324	-1.70322	-1.71585	-1.98806
TFIP11	1.31682	1.23685	0.869403		
TFPT	4.59829	-0.369587	2.94264	4.49523	1.2277
TFRC	0.557002	-0.16555	1.23436	-0.34901	-0.929743
TG	-0.624437	-2.64171	-1.25729	-5.89254	-6.52665
TGFB1	-1.61275	-2.56905	-2.11718		
TGFBI	0.857822	-0.462253	2.37518	0.264591	-0.377394
TGFBR1	-1.94505	-0.266848	-1.1036	-3.71542	-2.25513
TGFBR3L	4.36383	1.35668	3.26691	2.34486	1.28526
TGFBRAP1	4.6492	4.82547	4.20724	3.60764	3.95125
TGM1	0.961293	2.11731	1.38462	0.26619	1.19609
TGM2	0.133152	0.94389	0.0978965	0.440848	0.888854
TGOLN2	5.18537	1.92286	4.08994	1.99976	1.18737
THAP1	-2.31991	0.295633	-1.96873		
THAP10	0.0786159	1.8892	-0.157173	-0.443125	0.818389
THAP12	0.1828	-0.139915	-0.457785		
THAP2	-0.815967	1.00666	0.253107		
THAP3	1.36835	2.18012	1.14569		
THAP6	-3.2673	-1.17625	-1.98144		
THAP7	3.4673	4.26255	4.02794		
THAP8	2.58647	0.648283	2.17867	1.57858	0.568599
THBD	2.45621	0.534539	2.63297	1.19413	0.438096
THBS3	1.38861	2.15388	1.47526	2.71493	2.92668
THBS4	-3.11041	-4.33976	-4.89156	-6.98722	-8.21957
THEM4	0.488195	1.85538	0.531236	-0.680463	0.175732
THEM5	2.87106	0.960942	2.39583	1.79514	0.855583
THEM6	1.43213	2.28636	2.95359	-0.182771	0.182802
THEMIS	1.1336	1.6019	2.01591	-0.759379	-0.537514
THEMIS2	-0.343481	0.574019	0.369512	-2.2359	-1.36939
THG1L	-3.12201	-0.443073	-4.60832	-0.969715	-0.221318
THNSL1	1.41043	0.774334	0.660582		
THNSL2	1.84082	-0.792229	0.412552	0.851806	0.170175
THOC1	-1.26631	0.977667	-0.374199	0.224753	1.25262
THOC2	-2.29974	-0.602081	-3.64299	0.399604	1.26322
THOC5	0.0985612	1.05483	-0.0410905		
THOC6	-0.00416727	0.592059	-0.106171		
THOP1	6.90682	4.32694	6.31899		
THRA	1.95722	-1.19221	1.72823	1.05244	-0.348471
THRB	3.24777	0.277783	5.02319	4.68753	2.45419
THSD1	-1.24626	-1.47982	-1.90467		
THSD4	-3.05344	0.832316	-0.822661	0.511395	1.62692
THSD7A	-1.45216	-0.0794261	-3.14098	-0.103427	0.568967
THTPA	-1.49294	-3.00865	-3.68614	-1.63536	-2.18418
THUMPD2	1.29226	3.1755	2.49707		
THY1	4.22192	3.06181	3.19111	1.41904	0.86847
TIA1	2.16397	2.98365	3.97935	3.43324	4.32677
TIAM1	-2.57225	-0.725684	-4.22172	-0.362995	0.587845
TIAM2	1.90611	2.59325	2.47069	1.20713	1.69845
TICAM1	4.3525	5.2357	6.1207	3.64727	4.01699
TIE1	1.06104	1.62456	1.60698	0.43568	0.642799
TIFA	-2.53208	0.325554	-2.95429	-3.59843	-1.31581
TIGAR	-0.67131	0.913754	-0.524764	-2.6754	-1.38538
TIGD1	-0.626184	0.855858	0.314215		
TIGD2	1.08845	2.46026	1.57468		
TIGD3	2.92393	3.85511	3.97663	2.0494	2.53744
TIGD5	4.6105	4.44229	3.74722		
TIGD6	1.02767	-0.186035	0.109947		
TIMELESS	-2.66193	-1.39459	-2.58165		
TIMM10	2.47297	-0.889006	0.90404	1.44923	-0.47616
TIMM10B	2.44611	0.301471	1.9347		
TIMM13	2.49319	-0.562525	1.14687	1.16848	-0.102326
TIMM17A	1.74466	0.409982	1.06986		
TIMM17B	1.89943	-0.810945	-0.536652	0.354949	-0.52171
TIMM21	0.146349	0.125652	-0.843501	-1.35016	-1.31315
TIMM23	0.186547	-0.527293	-1.82564		
TIMM23B	-1.77991	0.721057	-0.646432	-1.52925	-0.126455
TIMM44	2.08399	2.23727	2.06248		
TIMM50	3.04216	1.91321	3.24607		
TIMM8A	1.45112	2.40392	1.25035	1.87541	2.34575
TIMM8B	-0.560275	-2.01176	-2.10875	-3.17763	-2.65075
TIMMDC1	-0.600405	-0.817179	-2.42047		
TIMP1	-3.15529	-3.29041	-3.25454	-1.50475	-1.96423
TIMP2	-2.27752	-3.06047	-4.67568	-2.11933	-2.45735
TIMP3	-3.15592	-3.65137	-2.58151	-0.0277014	-0.307861
TIMP4	-1.41345	-2.38417	-1.7256	-2.86721	-3.67104
TINCR	-0.588853	-1.9694	-0.171944	0.796482	-0.38978
TIPARP	-1.49029	-1.66014	-0.584993	0.690277	0.769062
TIPIN	-1.64342	-2.46669	-2.12211		
TIRAP	0.660596	1.87604	0.0366546		
TJP2	-0.370619	-0.466331	0.0147441		
TK1	0.584451	0.160568	-0.405604	-1.25899	-1.22096
TK2	-1.06054	-1.99731	-0.933882	-0.110259	-0.243564
TKFC	-0.81897	-2.10692	-1.37371	-2.03426	-2.1578
TKT	-0.900405	-0.507707	-1.5776		
TKTL1	-2.28765	-1.10593	-0.616144		
TLCD1	-2.28929	-2.93518	-1.97925		
TLCD2	-1.33072	-2.5269	-1.97259	-1.72839	-2.67193
TLDC1	0.129789	-1.40372	1.05509	-1.87794	-2.64109
TLE1	-1.65207	-2.14854	-3.41164	-0.228212	-0.461987
TLE2	-1.20441	1.01168	-1.07865	-1.22429	0.166114
TLE3	5.364	2.83807	3.79387		
TLE4	-1.00271	0.170258	-0.0327919	-0.812444	-0.542497
TLE6	0.291926	-0.619989	-0.975253		
TLK1	0.144417	-0.553298	0.663592	-2.26592	-3.03135
TLK2	-2.40451	-1.24957	-0.660401		
TLL1	1.95022	-0.357714	-0.00403056	1.13537	0.0153484
TLL2				-3.69127	-3.90068
TLN2	2.61986	0.424369	1.9062	3.67355	1.5014
TLR1	-3.67486	-3.96194	-4.42301	-3.84249	-4.20535
TLR2	-3.27743	-3.39514	-3.71566	-3.27304	-3.81179
TLR3	-0.40929	-1.38049	-0.240417	0.919847	0.26597
TLR4	-1.74515	-2.4768	-2.59983	0.354966	-0.264755
TLR5	-0.398118	-1.48222	-0.125726		
TLR6	-2.08169	-2.52954	-1.59292	-3.80672	-4.26073
TLR7	-0.0287798	-1.48107	-1.28602	-1.2842	-2.05892
TLX2	0.378312	0.846629	-1.10781	-2.40006	-2.11512
TM2D1	-1.08134	-1.93385	-1.22299		
TM2D3	5.1619	1.07094	4.08292	4.16408	0.86685
TM4SF18	-1.62313	-0.338611	-1.90325	-2.77298	-2.23055
TM6SF1	4.19684	3.80872	7.63426	3.79575	4.00792
TM7SF2	4.65181	1.49269	3.1827	2.73666	1.37141
TM7SF3	1.80039	1.82093	1.47368		
TM9SF2	1.13579	1.59287	0.505109		
TM9SF4	1.43213	2.08295	0.92316		
TMA16	4.20023	4.90912	3.43427	2.92851	3.56478
TMA7	-0.421709	-1.57947	-1.10009		
TMBIM4	-3.80386	-3.96015	-3.90856		
TMBIM6	-2.38393	-3.29024	-1.09106		
TMC4	-1.11403	-0.495417	-0.378014		
TMC6				-3.73418	-2.88584
TMC7				-1.91611	-1.27148
TMC8	-3.99828	-3.32493	-4.67771	-2.16336	-2.78878
TMCC1	-2.32075	-0.0579562	-2.28989	-1.09589	-0.40471
TMCC2	-1.27493	0.0613512	-1.62157	-1.80286	-0.471764
TMCC3	-2.82138	-1.80833	-2.88311		
TMCO3	-0.881626	0.472772	0.0849762		
TMCO6	-1.77931	0.116805	-1.88899	-2.24913	-1.32943
TMED1	-1.58158	-2.61752	-1.53452		
TMED10	1.38884	-0.731892	1.55607	1.16555	0.410197
TMED10P1	-2.71907	-3.48378	-3.36001		
TMED3	1.10378	0.939371	1.30212	0.0827913	-0.358944
TMED4	-2.56925	-0.39097	-2.06372		
TMED5	-1.33723	0.567823	-0.633875		
TMED8	6.60409	3.51512	6.08252		
TMED9	0.905917	-0.231686	0.360839		
TMEFF2	1.80141	-1.19826	0.90004	-2.04571	-2.4157
TMEM100	-3.70894	-4.13281	-3.61752	-1.16897	-1.63317
TMEM101	1.14499	-0.330306	0.269602		
TMEM106A	-3.97565	-3.73089	-3.67341	-3.04718	-3.37113
TMEM106C	4.18192	0.132452	5.8257	4.39305	1.58064
TMEM107	1.58434	-0.258675	1.90436	2.70335	1.14365
TMEM108	1.89932	-0.236911	2.60277	4.24569	1.69455
TMEM109	0.328	1.61789	-0.563353	1.86056	2.43648
TMEM11	2.00346	1.98401	1.88176		
TMEM115	2.45758	2.37094	1.77653		
TMEM117	3.45025	1.48584	4.25109	1.75409	0.780502
TMEM120A	0.560444	-1.45171	-0.676371	-3.06074	-4.05223
TMEM120B	-3.01212	-0.614784	-1.87794		
TMEM121	5.72124	3.63979	3.77144	1.70853	1.0818
TMEM121B	3.27826	3.58282	2.44681		
TMEM125	0.301783	0.604329	0.385595	-2.6217	-2.16876
TMEM126A	0.928535	-0.961105	-0.358555		
TMEM127	-0.0159215	1.59851	-0.728075	-0.857003	0.25314
TMEM128	0.359216	-1.27047	0.120402	0.593485	0.0166042
TMEM129	-2.29559	-2.77067	-1.21223		
TMEM130	5.27883	0.558786	4.73901	3.15489	0.438387
TMEM131	-0.612133	-1.04026	-1.15188		
TMEM132A	2.37508	-0.150406	2.61345	3.58728	1.35742
TMEM132B	8.05075	3.58067	6.0926		
TMEM132C	-0.796719	-0.144878	-1.31664	-1.10093	-0.283657
TMEM132D	1.54172	1.23323	0.567753	1.68736	1.20896
TMEM132E	-0.61331	1.28662	-1.99491	1.40619	2.3936
TMEM136	-2.20854	-2.80747	-3.0991	-2.15813	-2.97786
TMEM140	0.164276	0.944613	0.668649	-0.865773	-0.300027
TMEM141	1.54925	0.347416	1.76108	-0.214945	-0.977525
TMEM143	0.00646462	1.2485	-0.631612		
TMEM145	-1.7475	1.11053	-1.1794	-0.684518	0.769956
TMEM14A	1.42274	1.82907	2.41372		
TMEM14B	-2.14754	-1.32999	-3.23507		
TMEM14C	-1.7939	-0.266664	-4.42872	-2.38048	-1.38686
TMEM150A	-1.4925	0.651266	0.0603231		
TMEM150B	-0.553565	-1.69586	-0.423562		
TMEM150C	4.1992	1.01998	4.02127	2.63787	1.51804
TMEM151A	1.69777	1.42569	1.79259	-1.09233	-1.51606
TMEM151B	-1.93765	-0.897277	-1.64652		
TMEM155	3.3601	3.71256	5.84915	2.22814	2.48208
TMEM158	0.919406	-1.26014	0.398716	0.958013	-0.570674
TMEM159	1.62772	-1.02368	2.73815	0.227763	-0.989237
TMEM160	3.73818	3.07308	2.06263		
TMEM161B	0.24283	1.21919	0.746341		
TMEM161B-AS1	-0.721096	0.353172	-1.13282	-0.152022	0.687317
TMEM164	0.772431	-0.990818	0.032204	3.27424	1.07086
TMEM165	-0.976107	0.349464	-0.12991	-2.36575	-1.54649
TMEM167A	-3.49099	-4.21811	-4.58338		
TMEM167B	-0.932553	-0.056662	-0.408019		
TMEM168	-0.232973	0.50453	0.262536		
TMEM169	1.03709	1.6613	1.26512	-1.37144	-0.891988
TMEM17	-0.507308	-2.14837	-1.41304	-2.92103	-2.83366
TMEM170A	-1.56987	-2.47664	-1.8376	0.88506	0.499198
TMEM170B	1.08259	2.46496	0.575931	3.77297	4.10585
TMEM171	-0.00157141	0.731804	-0.714802		
TMEM173	0.382267	-1.09226	-1.13346	-1.78143	-2.5374
TMEM176A	-2.05305	-2.70893	-2.56836	-0.0955326	-1.01994
TMEM176B	-0.832871	-2.06266	-1.62438	0.293849	-0.759895
TMEM177	-1.78964	0.227633	-2.37842		
TMEM178A	-2.42573	-0.197868	-0.95027	-0.928002	-0.159099
TMEM178B	6.53854	4.67857	6.15942		
TMEM179	0.921126	1.6762	1.05342		
TMEM179B	-3.9359	-4.45913	-3.46693	-2.14045	-2.45786
TMEM18	0.545656	-1.58845	-1.17423	-2.27786	-2.80267
TMEM181	2.65612	0.843614	1.54443	1.89676	0.970866
TMEM182	0.244129	-0.735661	-0.270973	-2.96257	-3.83901
TMEM184A	-0.854384	-0.0709436	-0.512933		
TMEM184B	2.81644	1.56729	4.67779	1.45433	1.14478
TMEM184C	1.27475	2.12478	2.88121	0.255373	0.678301
TMEM185B	-0.650864	-1.32115	-0.280433		
TMEM186	3.32233	0.708356	2.05812		
TMEM187	1.78833	-0.115768	2.09394	-0.546284	-1.13565
TMEM189	-0.803238	-0.929997	-1.29062	-4.84133	-4.13328
TMEM19	-1.82668	-0.0847211	-1.15289		
TMEM191A	0.112667	0.798301	0.2884	-0.935106	-0.624794
TMEM192	0.550101	-0.0086266	0.226729		
TMEM196	4.44779	3.33608	3.82887	2.86278	1.99471
TMEM198	2.79739	2.39887	0.942337		
TMEM200A	-1.67301	-2.93759	-2.13515	-2.81837	-2.8595
TMEM200B	0.189108	2.15263	0.139877		
TMEM200C	5.92551	2.50275	4.50554	10.391	6.93451
TMEM201	-0.549258	0.921319	-0.0847098	-2.69228	-1.52845
TMEM204	0.164633	1.30811	0.330885	0.091713	0.64025
TMEM205	3.2234	0.456596	2.00381	1.83403	0.380444
TMEM206	-1.06067	-1.29432	-0.98604	-4.17089	-3.95684
TMEM208	3.38198	-1.01109	2.34033	0.328171	-0.908538
TMEM209	-0.667616	-1.20014	-0.238977	-0.367839	-0.619642
TMEM215	-0.360162	-0.560559	-0.92214	-1.15676	-1.66605
TMEM216	-1.08661	-0.736112	-1.16551		
TMEM217	2.76401	1.90624	3.18466		
TMEM218	-2.84026	-3.13487	-2.87383	-1.32425	-1.69128
TMEM219	0.0342843	-1.33153	-0.784583	0.629544	-0.211486
TMEM220	-2.7362	-3.68311	-3.28006		
TMEM223	0.447336	1.855	-0.392567	0.560903	1.45211
TMEM229A	0.0864633	0.585063	-1.46837	-1.1008	-0.542359
TMEM229B	-1.45519	-0.233132	-1.5239	-3.76908	-2.12028
TMEM230	-0.523029	-1.69903	-1.2097		
TMEM232	3.3252	3.4948	3.17763	4.41813	5.32644
TMEM233	-0.802704	-1.97106	0.486394	-0.0570158	-1.04555
TMEM234	2.96055	0.344007	2.19266	1.03301	0.134988
TMEM237	2.17088	3.47796	2.13601	1.86086	2.34078
TMEM238	0.0823779	-1.53608	-0.00411594	1.4619	0.111153
TMEM240	4.38091	4.37098	3.54258		
TMEM241	1.53663	2.62986	2.89584	2.15863	2.82249
TMEM242	2.29008	0.205389	1.32182	1.24492	0.108404
TMEM243	2.12222	1.54337	2.0793	0.414654	0.295079
TMEM244	-3.61146	-4.32804	-3.59879	-4.47233	-4.94552
TMEM246	2.07298	1.83205	2.30358		
TMEM248	2.17079	0.357991	0.776495		
TMEM249	-1.58959	-1.7161	-3.35566	-0.569115	-0.443275
TMEM25	2.66391	3.4963	2.53187		
TMEM250	-0.955022	0.128014	-1.72702		
TMEM254	0.717452	-0.832714	-0.0892421		
TMEM255B	-2.46243	-0.111857	-3.37453	-2.98047	-1.53507
TMEM256	1.68586	-1.00871	-0.208923	0.110779	-0.799481
TMEM258	-0.209266	-1.71485	-1.59548		
TMEM259	0.0556082	0.239985	1.02124		
TMEM263	2.74481	-1.01142	3.70772	2.22243	-0.27255
TMEM265	-1.04442	1.23193	-0.967074	1.98283	2.78848
TMEM266	-0.260993	0.288556	-0.239356		
TMEM267	2.19382	2.78991	2.47788		
TMEM268	2.66536	3.04997	1.98513	1.02815	1.66153
TMEM30B	-1.91854	-1.94608	-1.44928		
TMEM33	3.88248	3.5766	4.70719		
TMEM35A	-0.51818	0.962035	-0.230058	-1.62177	-0.285878
TMEM35B	-3.71506	-3.8795	-4.5496	-1.37398	-1.41766
TMEM38A	1.46582	2.32264	0.556518	-0.179094	0.575672
TMEM39A	-1.11489	1.17382	-0.338431	1.05495	2.05785
TMEM39B	2.34784	2.80735	2.52712	1.9622	1.93614
TMEM41B	-2.14966	0.104195	-0.599769		
TMEM42	0.145346	-1.50317	-0.723959	-3.0109	-3.6529
TMEM43	-1.40012	-2.88029	-0.984631	-1.43575	-1.964
TMEM44	1.77237	1.62926	2.09497	-0.536169	-1.00476
TMEM45B	-2.90571	-1.03401	-3.74853	-4.03483	-3.12985
TMEM47	-0.368321	-1.46613	-0.874222	2.98577	1.48455
TMEM50A	2.9733	2.80663	1.43591		
TMEM51	-2.44168	-2.89565	-2.33379	-0.792897	-1.33959
TMEM52	1.54742	-0.848076	2.00897	2.28197	0.408017
TMEM53	3.78276	0.672342	2.49831	3.2074	0.932006
TMEM54	3.25882	-0.125903	2.40406	5.43915	2.60607
TMEM56	3.74657	3.29311	3.53914	4.79163	5.45214
TMEM59	1.06725	2.06382	1.35261	-1.05259	-0.0608568
TMEM59L	3.62574	0.618073	2.59438	1.97148	0.371808
TMEM60	1.5616	1.8035	1.17611		
TMEM61	-4.37667	-4.4047	-3.51228	-5.35965	-6.01493
TMEM63A	-0.395742	0.30315	0.117119	-2.94819	-2.3908
TMEM63C	2.82331	2.64287	3.24027		
TMEM64	1.24435	0.513537	1.19788		
TMEM65	1.97714	0.534751	2.24498	0.301943	-0.389737
TMEM67	1.22356	2.56432	2.40901	2.4316	3.22401
TMEM68	-0.114239	-1.24794	-0.0603351	-0.133963	-0.790707
TMEM69	2.3661	2.87901	2.48457		
TMEM70	1.51251	0.618151	2.24067	-0.719605	-1.55545
TMEM74	-1.07796	-0.863596	-0.209237		
TMEM74B	1.85313	2.42998	2.48045	5.40947	5.26162
TMEM81	2.20816	3.03124	5.06555	1.07373	1.46404
TMEM86A	1.46652	0.249348	0.871707	3.95821	2.6862
TMEM86B	0.916387	2.2349	0.362075	0.896477	1.66584
TMEM87A	0.156899	1.21478	0.725912	-0.379047	0.0686425
TMEM87B	2.26908	1.90262	4.17768		
TMEM88	-1.26008	0.459006	-0.325332	-0.338319	0.277967
TMEM8A	1.2742	-0.290371	1.61095		
TMEM8B	-0.429796	-1.36758	-1.83561	0.424613	-0.189503
TMEM9	0.594603	-1.57575	-0.0874584	0.478837	-0.607181
TMEM91	0.056096	-0.370533	0.222964	1.43186	1.55811
TMEM94	-0.306289	-1.37875	-0.898599	1.0652	0.554398
TMEM97	2.3759	0.487495	0.50272	-0.315556	-1.00441
TMEM98	-1.55328	-0.716266	-0.961329	-3.39993	-2.64651
TMEM9B	0.395785	-0.557617	-0.339291		
TMF1	-2.09099	0.535574	-0.810078	0.267945	1.0885
TMIE	2.32433	-0.126224	0.263115		
TMIGD3	-1.29457	-2.12875	-2.40784	-0.979219	-1.40062
TMLHE	-0.387797	1.21085	-0.413541		
TMOD1	1.76073	1.61237	1.34805	4.39485	4.46197
TMOD3	-1.04374	-1.79425	-1.16189	0.239331	-0.165644
TMPO	4.80932	5.82845	3.97685	4.13813	4.73948
TMPRSS5	-0.279418	-1.41732	0.519793	1.61605	1.08625
TMSB10	4.21334	-0.950536	1.15227	0.98396	-0.924141
TMSB15A	-2.53155	-2.33173	-4.2711	0.0136636	0.149172
TMSB15B	-0.5788	-0.461832	-1.12719	-0.0493992	-0.0516045
TMSB4X	-0.459334	-1.96081	-0.599744	-2.68849	-2.74046
TMSB4Y	0.710285	-1.11744	-0.29585	-0.280162	-0.927767
TMTC1	-0.0978478	-1.90404	0.00841594	-4.64975	-5.77813
TMTC2	0.544316	0.977738	0.611499	-0.155345	0.0630336
TMTC3	4.32135	3.32583	5.08799		
TMTC4	0.202463	1.88388	0.135519	-0.020349	0.905358
TMUB1	1.46417	2.41726	2.14955		
TMX1	-1.34316	-1.65346	-1.37752	-0.405014	-0.339589
TMX2	0.937442	1.60209	1.23071	-0.473033	-0.12223
TMX3	5.23299	3.81723	4.91187		
TMX4	1.62115	2.06637	3.26783	-0.157793	0.086018
TNC	-0.0555435	0.701203	1.37774	0.00964796	0.274107
TNF	-4.70785	-0.989457	-3.38929	-3.47553	-1.21849
TNFAIP1	4.10749	4.78137	3.54163	2.52126	3.08585
TNFAIP2	-1.85756	-2.667	-2.72368	-2.59247	-2.93237
TNFAIP8	-3.59168	-1.05444	-3.79497		
TNFAIP8L1	5.91071	1.1368	3.11452	1.93931	0.648985
TNFAIP8L2	-1.02181	-2.00988	-1.95981	-2.09141	-2.47523
TNFAIP8L3	-2.62195	-3.8806	-1.91182	-1.19431	-1.94855
TNFRSF10B	-4.04867	-4.71744	-2.78364	-3.59584	-4.45715
TNFRSF11A	4.86563	0.552466	3.49473	3.6497	1.01303
TNFRSF12A	-4.49955	-2.87246	-7.08327	-7.57263	-6.32822
TNFRSF13C	-1.14024	-1.91315	-1.74919		
TNFRSF14	2.89981	1.70457	3.48248	3.108	2.94195
TNFRSF1A	0.175085	-0.93408	-0.880803		
TNFRSF21	0.377489	0.540703	1.02126	-2.7152	-2.8783
TNFRSF25	4.52617	4.06798	5.87066	7.34439	6.51298
TNFRSF4	4.0001	3.79286	2.16231	3.37366	3.94564
TNFSF12	1.20243	-0.139408	0.652672	3.70234	2.46212
TNFSF13B	5.08502	3.0854	5.10413	5.93227	4.96689
TNFSF4	0.71341	1.83913	0.945269		
TNIK	-0.475178	-1.57827	-0.686044	1.45812	0.5417
TNIP1	-1.96834	0.390206	-2.69551	-3.37019	-1.43237
TNIP2	0.335725	-0.265793	-0.359848	-1.16051	-1.40297
TNIP3	-1.39767	-2.71371	-2.18024		
TNKS	-0.200322	0.967125	0.72673	-0.132788	0.479072
TNKS1BP1	0.270267	-1.10892	-0.823243		
TNKS2	0.254368	-0.13386	1.1429	0.466993	-0.33736
TNNC2	5.43344	5.27335	5.29403	5.06429	4.65908
TNNI3	2.64448	-0.528184	0.842498	0.088228	-1.09962
TNNT1	0.969082	-1.53506	-1.22718	0.201802	-1.09574
TNNT2	4.65023	4.05587	7.6837	3.74818	4.17669
TNNT3	1.36189	1.08005	1.28184		
TNPO1	-4.01003	-1.47522	-2.66116		
TNR	-1.70937	-2.40993	-2.03266	0.0391214	-0.356777
TNRC18	-1.98912	0.257733	-1.21053		
TNRC6A	-0.0123414	1.64335	0.240355	3.1046	3.68783
TNRC6B	-0.892331	0.983193	-1.41911	1.69489	2.47887
TNRC6C	0.998385	2.10024	2.15182	3.25853	3.86162
TNS1	-2.75636	-0.400889	-1.10299	-5.35736	-3.34031
TNS2	-5.23128	-4.8376	-4.7571		
TNS3	-0.535202	-1.45811	-0.611348	2.14485	1.31673
TNXB	0.269594	1.71527	1.00819	-0.439362	0.229159
TOB1	-1.3418	0.871348	0.654823	0.526426	1.42828
TOB1-AS1	-1.64572	1.00576	-1.36256	-0.467595	0.410926
TOB2	-0.61413	-1.12725	-0.212388		
TOE1	1.28904	2.07181	0.333135	0.68066	0.948612
TOLLIP	4.04825	0.819893	2.95385	0.947286	-0.220539
TOM1L1	3.82588	-0.262184	3.34198	3.75658	1.39462
TOMM20	3.46576	2.0303	2.61543		
TOMM22	-0.836235	-1.76969	-2.07469		
TOMM34	-1.00305	-1.58324	-1.28797	-4.43952	-4.92949
TOMM40	0.128658	1.02912	0.371422	-0.708353	-0.260382
TOMM40L	4.19545	4.01459	5.45409		
TOMM5	0.974453	-0.975215	-0.403045		
TOMM6	2.39781	-0.682997	0.69158	1.63167	0.325396
TOP1	-1.27013	0.487087	-1.00125		
TOP1MT	-3.27781	-3.43878	-3.36419	-1.18272	-1.41328
TOP1P2	0.0788859	1.93862	0.0835548	2.10858	2.64574
TOP2B	2.42469	3.20898	2.98555		
TOP3A	0.444578	1.60215	1.09096		
TOP3B	-0.826921	1.00286	-0.979897		
TOR1A	1.93493	-0.14444	0.695278		
TOR1AIP2	-0.922758	0.301161	-0.718437	-2.98512	-1.56448
TOR1B	0.416446	-0.136535	-0.0806669		
TOR2A	1.03146	2.33138	0.207001		
TOX	6.29755	5.09299	5.16648	5.2112	5.70793
TOX2	2.43691	3.63587	4.60179	1.33968	1.79
TOX3	-0.267912	-1.7634	-1.55876	-1.04447	-1.5135
TOX4	2.81115	0.403204	4.71206	0.926366	0.136235
TP53AIP1	-1.5125	-0.57539	-2.93109	1.69256	2.0776
TP53BP1	2.52814	0.774393	2.92626	3.78893	1.80679
TP53BP2	-0.310168	-1.45123	-0.464669	1.92734	1.16343
TP53I11	-0.533482	-1.63568	-3.76573	0.396831	-0.427248
TP53I13	1.74362	0.353395	0.427917		
TP53I3	-0.991488	-2.74687	-3.76511	-0.330083	-1.1169
TP53INP2				-3.65986	-3.01318
TP53RK	-0.592888	0.26225	-0.306329		
TP53TG1	-1.84484	-2.46227	-3.41634	-3.32483	-4.18914
TP53TG3D	2.665	2.9845	2.82595	0.948232	1.17776
TP53TG3HP	3.00831	3.40993	3.27886		
TPBG	3.35161	3.05696	6.54007	1.15459	1.31777
TPCN1	-4.59923	-2.28846	-3.94719	-1.0263	-0.119617
TPD52	8.43658	3.82796	6.70585	3.12031	2.63063
TPD52L1	-3.81332	-3.76949	-3.70931	-0.918122	-0.840617
TPGS2	0.400025	0.375517	0.0764382	-1.06979	-0.9387
TPI1	2.76504	0.806787	2.9779	0.501502	-0.519659
TPI1P2	2.07334	0.0903483	1.86248		
TPK1	6.85146	5.13707	7.31637	9.0584	9.3801
TPM1	-3.5108	-4.06598	-5.54513	-0.758235	-1.30073
TPM2	-1.56557	-3.31454	-1.21829		
TPM3	1.65034	-1.46228	0.373508	0.448666	-1.30402
TPM3P9	-1.69582	-2.71912	-2.34698	1.02238	-0.266389
TPMT	0.963304	0.953264	0.0155352		
TPO	0.686396	-1.39859	-0.856635	-1.79186	-2.58965
TPP1	-1.56013	-2.50057	-2.16631	-0.578587	-0.823837
TPP2	-2.31872	0.829636	-0.464296	-0.771148	0.624593
TPPP3	0.0626328	-1.33325	1.1155	-0.506296	-0.988105
TPR	-3.33565	-1.28187	-4.00364		
TPRG1L	0.481916	-1.26091	0.313428		
TPRKB	-2.64084	-0.643916	-2.96292	-2.31705	-0.915608
TPRXL	1.02879	2.13663	0.666133		
TPST1	7.83762	1.66924	6.54169	4.76025	2.00699
TPST2	2.77028	3.57232	2.55545	2.76926	3.19757
TPT1	-3.41092	-3.36504	-3.5432		
TPT1-AS1	-1.49947	-0.350548	-0.393145		
TPTE	-3.27573	-2.40503	-3.47911		
TPTE2P1	-1.23762	0.320199	-3.99015	0.476722	1.13691
TPTE2P3	-0.731002	-2.26778	-1.47137		
TPTE2P5	1.41045	2.23108	0.211674	-1.74478	-1.19447
TPTE2P6	0.484351	1.64579	0.874417	-0.119971	0.488255
TPTEP1	-1.61157	-0.87403	-1.06124		
TPX2	2.45347	1.16156	2.11737	1.10286	0.176876
TRABD	-0.36367	1.42848	1.22788	1.21905	1.92246
TRABD2A	6.89563	4.39361	7.48831	4.3658	3.22296
TRADD	-2.61078	-1.87367	-3.37437	-7.54479	-5.84561
TRAF2	2.40395	3.15899	2.69254		
TRAF3	1.2741	2.07179	3.26553	1.30877	1.67871
TRAF3IP1	3.21763	3.69953	4.31476	4.00436	4.17238
TRAF3IP2	-1.5992	-2.2921	-1.42689	0.452119	0.0681469
TRAF3IP3	-2.99177	-3.22684	-3.11876	-4.59328	-4.82047
TRAF5	-0.273392	0.0168627	-0.8982	-2.4644	-3.24184
TRAF6	1.56826	2.51064	2.66968		
TRAF7	-1.05697	0.830326	-0.243997		
TRAIP	0.205268	-0.79114	-0.437251	0.0389197	-0.371441
TRAK2	-5.08598	-0.784922	-6.36086	-5.15897	-2.53805
TRAM1				-0.741512	-0.48632
TRAM1L1	-0.440856	-1.68825	-0.118594		
TRAM2	6.63495	5.66173	5.38798	3.39245	3.55372
TRAM2-AS1	0.855913	2.17075	1.33675	0.639762	1.27965
TRANK1	-1.36534	0.911709	-2.24394	0.437415	1.45765
TRAPPC1	1.58683	1.51752	1.28553		
TRAPPC11	-0.797289	-0.187309	-2.34668		
TRAPPC13	2.28562	1.44694	2.50064		
TRAPPC2	2.05908	-0.267874	0.904962		
TRAPPC2L	2.65076	-1.12043	0.350321	-1.02487	-1.71478
TRAPPC5	4.11522	1.73722	2.68652	1.3841	0.476661
TRAPPC6A	1.5363	-1.07376	0.861312	0.378435	-0.51934
TRAPPC6B	1.56848	0.299913	1.8378	-0.655867	-1.09854
TRAPPC9	5.45332	3.38176	4.78004		
TRDMT1	-2.90856	-0.662513	-2.71316		
TREM2	-2.02466	-2.68352	-2.89415	-3.59693	-4.02802
TRERF1	0.243578	1.87076	-0.182464	0.67127	1.50076
TRH	1.99468	0.812733	1.73474	1.54098	1.52535
TRHDE	1.19333	2.04374	0.695874		
TRIAP1	-1.01394	1.05514	-1.1733	-1.57177	-0.791019
TRIB1	-1.5211	-2.69151	-1.2965	-0.208424	-1.03248
TRIB3	2.82544	0.312707	5.13343	4.10996	1.46508
TRIL	-1.03208	-2.20135	-0.536196	0.741693	-0.0177858
TRIM11	2.60896	2.11763	3.48954	3.78221	2.9427
TRIM13	0.820147	2.76096	0.57987	3.20825	3.85457
TRIM14	-0.846557	-0.124051	-1.92489	-0.380022	-0.183803
TRIM16L	-1.65095	0.185649	-1.20025		
TRIM17	4.83277	2.55467	4.13817	2.10496	1.07014
TRIM2	-0.0820088	0.713232	0.450184	-1.35794	-0.796168
TRIM22	0.575734	-1.2883	-0.321702	1.42348	0.219609
TRIM24	3.18198	0.347649	2.91583	2.68213	0.983155
TRIM26	-0.213472	1.71163	0.403399	-0.216615	0.547874
TRIM27	4.44093	0.447529	2.92919	2.58196	0.287326
TRIM3	3.14195	3.20613	3.75246		
TRIM32	4.55839	4.29409	5.35513	3.46618	4.19841
TRIM33	-2.19204	0.0609263	-2.11576	-0.60276	-0.13776
TRIM35	1.63806	2.71704	2.99345	-0.241966	0.481473
TRIM36	2.3741	-1.09186	3.0634	0.298747	-1.02949
TRIM37	1.08937	1.90067	3.40622	-1.00012	-0.520545
TRIM39	-1.73062	0.177653	-0.921629		
TRIM4	0.463802	1.74897	0.17493		
TRIM41	-1.69253	-1.49511	-2.21928		
TRIM44	-1.19421	0.847767	-0.938486	-1.31143	0.148633
TRIM45	3.66898	1.98674	2.04786	2.32857	2.09367
TRIM47	-0.870555	0.270964	-0.334223	0.216761	0.731567
TRIM49	2.23122	1.5265	1.56265		
TRIM49B	-2.65322	-3.26218	-1.76057		
TRIM5	-0.485373	-0.932248	-0.130233		
TRIM52	1.34892	2.34284	1.97121	3.68685	3.6725
TRIM53AP	7.67345	4.61054	6.06695		
TRIM54	1.37882	2.5226	0.769887	2.65933	3.172
TRIM58	-2.6441	-0.452778	-3.2906	-4.84895	-3.04894
TRIM61	-2.31469	-2.32768	-1.81154	-1.86892	-2.14254
TRIM62	-4.35735	-1.64457	-3.93711	-1.61119	-0.958621
TRIM65	1.15902	1.69521	0.582189		
TRIM66	4.82319	5.36988	5.39309		
TRIM67	-4.35155	-3.12245	-2.90999	-1.87817	-1.66948
TRIM68	2.9948	-0.266002	2.03286	1.67404	0.417691
TRIM7	1.39404	3.00396	1.76104	5.11176	5.84759
TRIM71	0.591759	-0.988351	-0.0590062	1.53718	0.560972
TRIM9	3.32334	3.87906	3.35051	6.82596	7.2317
TRIML2	4.91134	1.72056	4.44349	2.71561	1.62398
TRIO	-0.8794	0.0710104	-2.47171	1.54214	2.00624
TRIP11	-1.77871	1.24871	-0.591501	0.708198	1.61331
TRIP12	1.29177	-0.614438	1.36331	-0.901237	-1.83359
TRIP4	-3.95196	-1.33333	-4.40239	-0.558268	0.245595
TRIP6	-3.98411	-3.81633	-3.7072	-0.812177	-1.22935
TRIQK	-0.208908	-0.55186	-0.129156		
TRIR	-0.28472	0.149845	-1.53538		
TRIT1	1.51884	2.50751	2.44001	2.33445	3.12809
TRMO	-1.77514	0.589067	-0.533817		
TRMT1	2.00589	2.57958	2.15661		
TRMT10A	0.190651	1.42052	0.773929	-3.27306	-1.22036
TRMT10C	3.6451	2.50849	5.06971		
TRMT11	-0.307575	1.51046	-0.0684354	2.12685	3.02145
TRMT112	1.33275	-1.15008	1.21452	0.780474	-0.108063
TRMT12	1.4173	-0.438777	0.909889	2.27581	0.832126
TRMT13	-4.60406	-2.52103	-4.47993		
TRMT1L	-1.75917	0.536438	-2.08373		
TRMT2B	-4.63339	-0.199038	-5.60708	-2.93393	-0.892951
TRMT44	1.38792	1.83125	0.669967		
TRMT5	-1.06758	-1.89838	-1.15788		
TRMT61A	1.06759	0.127494	1.27282		
TRMT61B	1.08278	2.1113	1.62784	-0.948149	0.0923579
TRMT9B	0.0634544	1.94197	1.60694	1.4915	2.3127
TRMU	1.48561	2.22602	1.67054	-0.575132	0.135798
TRNP1	-2.37659	-0.208126	-1.5592	-1.92777	-0.632728
TRO	1.12873	-0.679228	0.832593		
TROVE2	-2.38654	-1.25154	-1.22481		
TRPC1	-1.53011	-0.713783	-1.15002	-0.346223	-0.100645
TRPC3	-3.65738	0.670865	-3.19524	-2.54377	0.108352
TRPC4	-2.26699	-3.53365	-2.37808	-3.62408	-3.95688
TRPC5	3.4649	3.38107	3.80453	2.68917	3.12112
TRPC6	-0.216443	-1.23812	0.709492	-2.01103	-2.75205
TRPM2	1.12858	1.99143	2.61753	-0.467104	0.160002
TRPM3	-2.74792	0.251394	-2.3391	-1.48874	0.174011
TRPM4	0.064299	1.33265	0.459919		
TRPM7	2.61276	2.8473	2.97028	2.38886	2.82259
TRPS1	-1.96856	-2.68567	-1.64428	0.468239	0.2481
TRPT1	-0.371204	0.643576	-0.693718	-1.93338	-1.17426
TRPV2	3.66016	0.700629	1.74872	0.526525	-0.421859
TRPV5	-0.604471	0.465831	-0.0189668	-3.58565	-1.88923
TRPV6	-3.37597	-3.04396	-2.27266		
TRRAP	-0.53513	1.15567	-0.261762	1.12064	1.98431
TRUB1	4.61949	0.929777	3.96536		
TSACC	-4.78709	-5.36312	-4.58496		
TSC1	4.57302	1.88827	4.0605		
TSC22D1	-0.268936	1.44186	-0.070551	2.01678	2.69173
TSC22D3	0.913145	1.838	0.844827		
TSEN15	0.353762	2.13257	1.78034	0.915362	1.52355
TSEN2	1.29482	2.72857	0.752235	4.17942	4.71757
TSEN34	0.845123	-1.09936	1.17983	2.5619	0.536076
TSEN54	-2.82178	0.0342957	-2.6106	-1.56453	-0.589449
TSG101	1.20111	-0.773553	-0.73392		
TSHZ1	0.223287	1.62307	-0.0771885	2.30486	3.2942
TSHZ2	5.53098	4.11427	5.08279	4.76892	5.67645
TSHZ3	1.56478	2.74172	4.18018	5.96253	7.09558
TSKU	-2.1409	-3.41061	-1.74901	-0.690955	-1.32018
TSN	2.9658	-0.178597	1.83605	2.34265	1.04051
TSNARE1	-3.15918	-0.63955	-1.99679	-0.74058	0.0230102
TSNAXIP1	5.6392	5.37294	5.65199		
TSPAN1	-1.54311	0.246625	-1.83392	-1.72486	-0.72907
TSPAN11	-1.54654	-2.18734	-1.76701	0.382694	-0.0254648
TSPAN12	-0.401584	-1.39328	-0.266962		
TSPAN13	2.80462	3.16306	3.59061	3.59189	4.10915
TSPAN14	1.52704	-0.418758	1.0878	1.81834	0.43742
TSPAN17	1.31375	-0.834615	-0.204028		
TSPAN18	-0.177598	-1.4115	1.18157	0.0263792	-0.698529
TSPAN19	1.02685	1.98454	1.63798		
TSPAN2	0.545617	-1.33379	1.13804	-2.42164	-3.14149
TSPAN3	-1.57761	-2.74473	-2.80336		
TSPAN31	-0.0217958	-0.0841811	0.229873		
TSPAN33	7.6743	2.75969	7.0688	8.3796	4.69896
TSPAN4	-3.71398	-3.75916	-3.43281	-1.82056	-2.20276
TSPAN5	3.57679	3.91446	2.97489	2.27723	2.5745
TSPAN6	-1.57689	-2.37353	-1.65251	-0.88271	-1.58298
TSPAN8	-1.69913	-0.642344	-1.53043	-5.20863	-3.73852
TSPAN9	-0.331238	1.49088	-0.671668	-0.928056	0.0800689
TSPO	-3.01886	-3.94435	-2.67514		
TSPOAP1	1.18857	-0.71085	0.756006	3.04426	0.997316
TSPOAP1-AS1	0.716393	1.69168	0.17821		
TSPYL1	4.48794	4.51144	3.69877	1.42635	1.92956
TSPYL2	3.53607	3.01466	4.63073	4.02633	3.00385
TSPYL4	5.79531	6.04024	4.95878	3.91287	4.83717
TSPYL5	0.789275	1.99874	-0.0489894		
TSR1	0.201603	-0.704884	0.133957		
TSR2	2.2072	-0.0621188	1.27216		
TSR3	1.00961	-1.16661	-0.487471		
TSSC4	3.55481	3.15087	2.18502		
TSTA3	3.52437	2.35222	4.54348		
TSTD1	0.371289	-1.18032	0.327624	2.28492	0.391646
TSTD2	0.72823	2.07825	2.28456	2.47906	3.6114
TSTD3	-2.84025	-3.42514	-2.21675		
TTBK2	-0.975174	1.13357	0.189563	-0.903779	0.325211
TTC1	-0.810827	-1.9503	-2.20342	-2.9784	-3.46293
TTC12	0.295985	0.669649	0.151169	1.04761	1.31739
TTC13	0.802698	0.488683	0.696458		
TTC14	-1.68469	-0.252033	-2.40399		
TTC16	-3.12417	-1.30507	-2.06843		
TTC17	-3.40119	-0.629301	-3.80412		
TTC21A	1.96579	2.95299	3.44164	2.94741	3.50093
TTC21B	-2.06828	1.44498	-0.257574	-1.34264	0.501867
TTC23	-1.72762	-2.48335	-1.52976		
TTC23L	-0.317845	-1.05812	-0.252899	0.816986	0.148909
TTC25	-0.644099	0.458264	-1.25709		
TTC26	2.93503	4.03576	2.18202		
TTC28	-1.73806	-0.0220991	-1.76121		
TTC3	0.152108	-0.872826	0.41094	0.0243435	-0.669343
TTC30B	-1.59218	-0.181486	-2.08395	-0.191724	0.355666
TTC31	-0.345545	0.923162	0.0921705		
TTC33	5.6355	5.71367	5.63989		
TTC37	0.617314	0.313792	0.702241		
TTC38	-2.5558	-3.06252	-2.51575		
TTC39A	-1.7485	0.00889108	-5.38978	-3.24052	-1.61982
TTC39B	-1.2806	1.65179	0.904242	1.40993	2.12285
TTC39C	0.532345	2.12483	1.30506	1.78889	2.41238
TTC3P1	-0.782531	-1.56021	-0.627234	-0.506444	-0.906331
TTC7B	-0.79397	-1.66544	-0.327621	1.48577	0.523131
TTC8	0.46965	-0.174361	0.592257	1.69606	1.31522
TTC9	2.45737	2.65859	5.15628	0.319961	0.00601922
TTC9B	-1.48495	-2.1948	-4.59199	-0.406492	-0.932079
TTC9C	0.736391	-0.0784417	-0.659693	0.443592	-0.0955934
TTF2	3.2676	0.972592	2.68854	1.08756	0.249489
TTI1	3.11099	3.51058	2.8244		
TTI2	1.42993	2.4234	1.32075		
TTL	-0.225967	-1.45414	-1.07263		
TTLL1	1.44346	-0.990128	0.450931	0.0354029	-0.879052
TTLL11	0.580278	1.68103	1.65533	-0.6007	0.153076
TTLL12	3.6217	4.22155	6.47956	3.74665	4.07824
TTLL5	0.359726	1.4452	0.91683		
TTN	0.883757	0.315202	0.281514	-0.648155	-1.10167
TTPA	-2.89549	-3.22993	-2.0306		
TTPAL	3.06917	0.761063	2.35104	1.54869	0.371009
TTR	-2.29872	-2.2001	-1.13234	-3.38102	-3.72985
TTTY14	1.22283	-0.342995	0.295409		
TTTY15	3.00251	3.55563	3.5384	1.84705	2.46102
TTYH1	-0.206828	-1.50155	-0.0793868	1.789	0.74251
TTYH3	0.485402	-1.15783	-0.325276	0.400395	-0.207602
TUB	-0.501834	-1.48978	-0.725125		
TUBA1A	0.963934	-0.999281	1.13562	-0.653337	-1.47989
TUBA1B	5.34198	0.537168	3.74036	2.56429	1.28703
TUBA1C	1.22837	-0.543436	1.749		
TUBA3D	0.657418	-1.13706	0.575815	-2.62494	-3.07393
TUBA3FP	1.01905	-0.0776197	1.08593		
TUBA4A	2.34962	0.364115	2.03846	0.435302	-0.7524
TUBA4B	4.41328	3.02816	4.16041	2.62505	1.8726
TUBA8	2.03152	2.64742	2.38046	1.49323	1.80682
TUBB	2.45586	-0.826255	1.71373	1.00554	-0.867364
TUBB2A	4.24288	-0.476019	2.84281	0.272002	-1.11764
TUBB2B	-1.46186	-2.36277	-1.48571	-0.526585	-1.1339
TUBB3	2.87918	-0.0483803	2.15886	1.15631	-0.576764
TUBB4A	2.00106	1.21124	3.49971		
TUBB4B	3.02157	0.651318	3.8836	1.91499	0.912879
TUBB6	3.13261	-0.283939	2.31373	2.07072	-0.448932
TUBB8	2.25718	-0.689404	2.2257	1.21877	0.346921
TUBB8P12	2.20365	-0.961815	1.54194	0.00673344	-1.28919
TUBD1	1.48006	2.46944	2.36086	1.5599	2.38125
TUBE1	-0.537059	1.40091	0.771497	0.981556	2.11581
TUBG1	3.06708	2.98576	4.3636		
TUBGCP3	1.00278	2.11253	1.64327		
TUBGCP4	3.13571	3.1882	4.38803	0.981208	1.01371
TUBGCP5	1.34328	2.12224	1.91459	-0.544297	-0.0432013
TUFM	1.2163	-0.26515	0.860945	-0.558214	-1.38177
TUG1	-1.76554	-0.498304	-1.90463		
TULP3	-0.841032	-1.30284	-0.718299		
TULP4	3.16968	2.47178	3.3435		
TUNAR	1.15797	-0.578244	2.0777	-0.677028	-1.61488
TUSC1	-0.639417	-1.76851	-1.03141	-1.2038	-1.8317
TUSC2	0.592158	-0.847885	-1.0665	-1.24215	-2.00568
TUSC3	1.91945	-0.458035	1.81103	2.30743	0.410948
TVP23A	3.61349	0.511629	3.28419	0.409947	-0.758251
TWIST1	0.858453	-0.361258	-0.808284	-1.97927	-3.32013
TWIST2	4.23302	0.285996	3.48546	1.34305	-0.0768347
TWISTNB	5.23606	5.34947	5.9022		
TWNK	-1.37118	1.06706	-2.04881	-2.11325	-0.420544
TWSG1	2.49793	1.47799	2.65126		
TXLNB	1.39912	-0.518763	0.54423	3.62413	1.64705
TXLNG	-1.21767	0.40638	-0.812513	0.403248	1.27155
TXLNGY	-5.16444	-1.40186	-3.81214	-1.28024	-0.469798
TXN	2.27185	-1.403	0.400503	-0.0585795	-1.2082
TXN2	-0.0723686	-1.38094	0.217691		
TXNDC11	0.0158323	0.454322	0.470669	1.50717	1.33254
TXNDC15	-6.18895	-1.91518	-4.65139		
TXNDC16	0.961453	2.26937	1.32434		
TXNDC17	-1.46155	-2.24051	-3.15304		
TXNDC9	1.26465	-0.28783	0.277415		
TXNL1	0.0773213	-1.06913	-0.890362		
TXNL4A	-1.63179	-2.47176	-3.80453	-5.17203	-4.14014
TXNRD1	0.995598	0.126595	0.487952		
TXNRD2	-1.12278	-0.1398	-1.19306		
TXNRD3	1.95283	-0.509254	1.15864	2.73175	1.01115
TYMP	0.771294	-1.05878	-0.136985	-1.59569	-2.10413
TYRO3	3.70015	0.579157	2.10572	1.87656	0.702905
TYROBP	-2.28772	-2.77286	-3.18805	-3.26845	-3.52462
TYRP1	6.9	3.45328	4.87759	4.24038	3.15568
TYSND1	1.9149	1.53727	0.830195		
TYW1B	-4.97305	-1.55252	-5.07037		
TYW3	1.85721	2.59437	2.02286		
TYW5	1.14919	-0.792985	0.600169	0.274152	-0.579888
U2SURP	3.08995	3.9204	3.24498		
UACA	-2.49685	-2.74052	-1.44519		
UBA1	2.47184	1.62225	2.22754		
UBA2	-0.845652	0.264486	-1.44359		
UBA3	-4.4492	-0.155848	-4.10106	-1.44763	-0.230173
UBA5	-2.24297	-0.142948	-2.19247	0.153716	0.954282
UBA52	1.33121	-1.21821	0.101191	-0.85031	-1.79021
UBA6	-0.0382399	1.02642	1.10231		
UBA7	-1.93679	-2.66943	-2.07964		
UBAC1	-3.87409	-2.3118	-4.12281		
UBALD1	4.10902	3.54752	2.93927		
UBAP1	-1.55672	0.641864	-0.817746	-0.528716	0.838745
UBAP1L	1.50096	2.3593	3.27621	1.70672	2.44783
UBAP2L	0.527384	1.17823	-0.167845		
UBC	2.22271	0.905156	1.29841		
UBE2A	-2.08475	-2.96197	-3.49562	-3.48163	-3.74306
UBE2B	3.33756	0.0270173	2.69122	0.529665	-0.342548
UBE2D1	-3.48176	-0.0881088	-2.04295	-2.78576	-1.65138
UBE2D2	1.42892	-1.15121	0.851433	-0.406294	-1.37683
UBE2D3	6.38352	2.32495	5.20725		
UBE2D4	1.68685	2.6029	1.26322	1.54977	2.10691
UBE2E2	5.11541	2.22635	4.20276		
UBE2F	-1.47995	-2.31614	-2.28576	-2.01068	-2.61789
UBE2G1	-5.23528	-1.05615	-4.21288	-5.86894	-3.76346
UBE2G2	-1.61333	0.17521	-1.25388		
UBE2H	-0.350769	-0.297705	-1.41403		
UBE2I	0.660551	-0.904862	0.331251	0.617058	-0.364753
UBE2J1	-2.5123	-3.10417	-3.23394		
UBE2K	2.57315	3.25417	1.83377		
UBE2L3	-6.98996	-5.97861	-7.20695		
UBE2L5	-1.46065	-2.51745	-3.14282	-1.98632	-2.84119
UBE2L6	0.198281	-1.26789	-0.22866	0.907935	-0.25068
UBE2M	1.80321	-0.0587765	1.21105	2.26361	1.22431
UBE2MP1	2.696	0.526008	1.8825	3.60634	1.83767
UBE2N	0.0589713	-1.47974	-1.26911		
UBE2O	-0.704596	0.553224	-0.971766	1.82083	2.55978
UBE2Q1	0.855311	0.30006	0.907509		
UBE2Q2	-0.838485	0.37653	-0.71431		
UBE2Q2L	-0.853195	0.155391	0.320138		
UBE2Q2P1	-2.34412	-1.45123	-1.9976	-0.265479	-0.215336
UBE2QL1	2.65502	3.40347	3.39993	2.68677	2.68215
UBE2R2	-1.7881	-1.60423	-1.7951		
UBE2S	1.99982	-0.910719	0.577309	-0.393934	-1.19908
UBE2V2	0.713277	0.885479	0.916728		
UBE2W	0.791011	1.6447	0.879315		
UBE2Z	5.38145	0.225268	3.99768	3.29967	1.38256
UBE3A	1.68685	-0.536841	0.819853	-0.137495	-1.03858
UBE3D	4.23044	0.161864	2.17997	0.777645	-0.103044
UBE4A	0.536198	1.34866	1.58143	-0.95381	-0.354557
UBE4B	-0.396656	0.926012	0.0265192	-1.80252	-0.659549
UBFD1	1.17759	1.74347	1.70234	0.114001	0.261682
UBL3	-1.78871	-0.00355412	-1.37484	-2.43452	-1.00348
UBL4A	0.650098	1.37175	1.48773		
UBL5	0.122778	-1.61134	-1.83664	-1.16646	-1.68964
UBL7-AS1	-3.59632	-2.98806	-3.84084		
UBLCP1	1.68251	2.67354	1.57491	-0.686543	0.0310326
UBN1	-3.93974	-0.564871	-3.38695	-2.06846	-0.653789
UBN2	2.06873	2.99989	3.65798	4.60075	5.65925
UBP1	2.38034	3.50889	2.64824	3.79711	4.67729
UBQLN1	1.67219	2.17027	1.83926		
UBQLN2	1.59872	0.693195	1.17269	2.25204	1.52859
UBQLN4	1.56804	2.47067	1.41802		
UBQLNL				2.33131	1.71731
UBR1	6.16693	4.1963	6.95068		
UBR2	0.529175	1.89861	1.75355	1.07857	2.03721
UBR3	2.01708	1.38328	2.11333		
UBR4	2.47829	1.47067	2.09027		
UBR5	-0.251741	0.695609	1.1174		
UBR7	0.681016	0.215542	0.0254075		
UBTD1	-1.99746	-1.49001	-3.14758		
UBXN10	6.64458	5.29127	6.66289	6.51631	7.13396
UBXN2A	-1.4764	-0.545717	-0.0542286		
UBXN2B	0.357093	-0.294393	0.487746		
UBXN6	4.53207	1.24171	3.90046	2.43993	1.05308
UBXN8	-0.378616	-1.9641	-2.11998	-4.19478	-5.38682
UCHL1	4.76064	0.332786	3.69264	0.0283619	-1.09256
UCHL3	-0.142585	-1.83186	-0.223758	-0.00200837	-1.05947
UCHL5	0.0707932	1.51928	0.152026	1.12404	1.76925
UCK2	-1.4132	-1.12557	-2.01036		
UCN	2.59917	3.30231	2.30099		
UCP3	0.782828	2.28179	0.955932	3.13805	3.12558
UFC1	-0.428174	-1.86027	-1.56937	-0.603425	-1.36967
UFD1	-1.88216	-2.88129	-2.89899	-3.77995	-4.25937
UFL1	-1.89986	-2.14415	-1.70423	-0.954877	-1.20462
UFM1	-3.39638	-3.92384	-4.04036	-2.75871	-3.09849
UG0898H09	0.271633	-1.42359	0.349687	1.71692	0.201125
UGCG	2.28951	2.56673	2.53832	0.71995	1.49789
UGGT2	-0.611062	1.16694	0.578936		
UGP2	0.342502	0.559775	-0.286551	0.138118	0.353287
UGT8	-1.05613	-0.107103	-0.544158	-4.24387	-3.29139
UHMK1	1.05972	-0.956329	2.22809	-1.56484	-2.62033
UHRF1BP1	-1.36432	0.902792	-0.280752		
UHRF1BP1L	-2.56563	0.298532	-0.862034	-2.40535	-1.4163
UHRF2	3.22827	1.72751	4.51549	4.19369	3.60202
UIMC1	-0.743599	1.2252	0.0331933	0.219836	1.09349
ULK1	-0.896679	0.216662	-1.51602	-0.645821	-0.240301
ULK2	2.45072	1.57295	2.93596		
ULK3	-1.66643	0.721084	-0.816314	-1.50572	-0.057474
ULK4	-0.543889	1.07372	1.02226		
UMAD1	-2.13966	0.862137	-2.20708		
UMODL1-AS1	8.16088	5.2078	7.3007	6.86179	6.60088
UMPS	-0.910114	-2.0278	-1.25651	-0.876834	-1.3959
UNC119B	-0.725805	-0.639895	-0.524671		
UNC13A	3.0701	1.44927	1.41525	2.07975	1.6069
UNC13B	-1.51625	-0.544959	-2.94046	0.0974849	0.614562
UNC13C	-2.54744	-0.669921	-2.02354	-0.541665	-0.0849591
UNC45A	0.514208	1.31831	0.815082		
UNC50	0.691415	1.27106	0.228618		
UNC5B	0.182508	0.149992	-1.02388		
UNC5B-AS1	0.815253	-1.61491	-0.178803	0.169627	-0.940792
UNC5C	0.558451	1.07122	0.335265	-0.10602	-0.0105735
UNC5D	3.0827	3.17343	4.21394	2.79122	2.9147
UNC79	2.44116	3.09029	2.80177		
UNC93B1	-1.82444	-2.76674	-2.39196	-2.82342	-3.41383
UNK	-1.25021	-0.28807	-1.0517	1.0455	1.76965
UNKL	-3.57317	-0.852065	-2.69474		
UPF2	0.268904	2.18182	0.777936		
UPF3A	-1.27298	1.3196	0.0132558	1.13038	1.89351
UPK1A-AS1	-0.870983	-0.583703	-0.757092		
UPK3A	2.06445	1.21824	1.39733		
UPK3B	-2.03766	-1.4217	-1.53051		
UPP1	-1.98049	1.14362	-1.92851	0.604916	1.63336
UPP2	2.09144	-0.256094	1.44124	1.47406	0.456714
UQCC1	1.87697	0.287316	1.88756		
UQCC2	-1.37244	-2.37255	-3.34757	-1.29345	-2.01975
UQCC3	3.47808	0.317518	1.58808	0.658095	0.0159551
UQCR11	-1.9529	-2.67094	-4.02309	-2.90937	-3.44434
UQCRBP1	-1.47758	-1.98069	-1.98828		
UQCRC1	0.830926	1.41427	1.05782	-0.834496	-0.562671
UQCRC2	1.55451	1.27621	2.16354		
UQCRFS1	0.411493	-1.32203	-1.49025	-2.03226	-3.11212
URB1-AS1	0.188836	-1.1089	-0.641582		
URB2	0.958348	2.0073	1.15069		
URGCP	4.70426	4.86311	4.65017		
URI1	0.0362258	-0.434264	0.305494		
URM1	-1.3831	1.45858	-0.928532	2.35506	2.2011
UROS	-0.628992	-1.88808	-2.38662	-1.25451	-1.85055
USB1	0.683386	1.17963	1.55658	0.144799	0.309672
USE1	-0.659016	-1.73822	-1.28543		
USF1	-0.905926	0.374608	-1.73708		
USF2	-3.37306	0.088641	-3.01652	1.01316	1.83676
USF3	1.99738	0.445119	2.32761	2.8757	1.71408
USH1C	-2.06149	-0.536676	-1.37732	-4.61229	-2.89433
USHBP1	0.928119	1.54284	0.499399	0.734604	0.992317
USO1	-1.67385	0.133548	-1.02928	-2.93999	-1.50183
USP1	1.62311	2.76046	2.77329	3.64307	4.50785
USP10	0.597122	1.12334	0.805921		
USP11	2.97744	2.34705	2.95315	3.02833	2.28856
USP12	2.4358	-0.427646	1.57911	0.677231	-0.25309
USP13	-0.150801	1.73862	-0.427748	-0.179779	0.930257
USP14	0.369986	-1.35241	0.0780076	-2.66049	-3.13131
USP15	-3.33038	-0.632824	-2.26539		
USP16	-2.14956	0.233159	-1.48587	-0.832752	0.285483
USP18	-0.604641	-1.18823	-1.08149	-0.821033	-0.864101
USP2	-2.52848	0.251635	-2.45847	0.0476304	0.768647
USP20	5.74937	3.5108	4.56313		
USP22	0.748189	-0.732613	0.810983		
USP25	-1.14416	-1.21624	-2.64518	1.21469	1.24113
USP27X	3.12773	1.41375	3.05305		
USP28	1.39811	2.78611	1.1934	4.01774	4.57047
USP3	-6.28244	-4.15443	-6.74509	-3.21063	-2.45476
USP30	3.39988	3.75225	2.96659		
USP31	0.951758	1.92126	1.42623	-0.552557	0.0984923
USP32	3.42804	2.77521	2.28631		
USP32P1	1.1803	0.779196	2.57772	1.95737	1.69696
USP32P2	2.92037	2.32548	3.00178	2.39589	2.32266
USP33	0.415403	1.78195	0.423994	0.732843	1.52768
USP35	0.919927	0.266193	1.5017	0.160749	-0.54036
USP36	0.786331	2.08954	1.13727	0.588669	1.36195
USP37	-0.41514	-0.673239	-1.27513	0.798805	0.665707
USP38	-1.64871	0.416824	-0.806969		
USP4	-0.0263573	1.11914	0.283044		
USP42	-1.65862	0.213289	-2.28701	1.15904	1.86641
USP43	5.1826	4.18508	4.73558		
USP45	-1.16737	1.53486	-0.0726676	0.547636	1.43736
USP46	0.134906	-0.522017	-0.179585		
USP46-AS1	0.636778	-0.921033	-0.0418782		
USP47	-0.611774	1.28515	0.373615		
USP48	-3.31169	-0.57325	-2.4975		
USP49	-0.0596396	1.13253	0.348767	2.29723	3.04072
USP5	2.18882	0.550894	2.54141		
USP51	1.24892	0.3266	2.05564	3.66709	2.45694
USP53	-2.96039	-1.38592	-1.67419		
USP54	-5.21721	-1.39439	-3.51021	-1.43872	-0.471503
USP6NL	-1.36748	-2.24396	-1.06622	-1.1685	-1.71231
USP8	-2.67938	-0.799241	-1.88486		
USP9X	0.998345	-0.612903	0.471959	0.925558	-0.0221005
USP9Y	1.54159	2.66302	1.8996		
USPL1	0.74769	1.80874	0.090724	0.200525	0.566111
UST	0.54377	1.99133	0.510409	2.34849	3.58034
UTP11	0.986323	-0.801838	-0.166082		
UTP14A	0.0547091	-0.0338641	-1.56666		
UTP15	0.463043	2.02633	-0.0217013		
UTP23	-2.44285	-0.042402	-2.97437		
UTP3	-0.395374	-1.16387	-1.33481		
UTP4	3.98322	4.28686	4.9339		
UTP6	2.53253	2.36017	2.39988		
UTRN	-4.32335	-1.78673	-2.8372	-1.82035	-1.38528
UTY	-1.25826	0.576091	0.189502		
UVRAG	-0.968053	0.956945	0.0374676	-1.87026	-0.895411
UXS1	-3.11184	-0.36727	-2.05488	-4.21546	-3.17099
UXT	-2.44103	-3.24451	-3.28149		
VAC14	1.33118	0.377677	0.353899		
VAMP1	-0.919189	1.06416	-2.30984	-1.83231	-0.0802095
VAMP2	1.04451	-0.914882	0.724252	2.10383	0.966045
VAMP7	0.32247	-1.07271	-0.55381	-2.13921	-2.86161
VAMP8	-4.37263	-3.9592	-4.93991	-5.07136	-5.4221
VANGL1	-6.76685	-4.35872	-4.57957	-3.57455	-3.99623
VANGL2	-1.99913	-2.89447	-1.73913	0.122621	-0.225229
VAPA	4.55882	5.15086	4.19515	5.47628	5.74966
VAPB	-2.22586	-0.302131	-2.36282	-2.97565	-1.76069
VARS	1.49418	2.07207	2.2909		
VARS2	0.315645	0.734338	-0.513148	0.82421	0.751801
VASH1	0.233311	-0.895605	-0.0100468		
VASH2	0.294026	1.05201	1.26624	-0.6002	-0.200046
VASN	1.52193	0.405304	1.36845	5.35516	3.44412
VASP	-5.03079	-3.69897	-4.3196		
VAT1	2.40922	0.298235	2.76602	0.413013	-0.51971
VAT1L	0.302998	-1.46145	1.07815	-1.42883	-2.53663
VAV1	0.0274346	-1.55373	-0.181146	-0.971991	-1.62399
VAV2	-1.96251	-2.8186	-1.81592	-2.7446	-3.1744
VAV3	-6.00951	-0.659995	-6.39311	-5.56849	-2.50945
VAX1	2.14481	1.79148	1.75511	2.01015	2.26761
VBP1	-0.349069	-1.84998	-1.17534	-2.94389	-3.19584
VCAN	-3.91385	-4.59619	-2.53474		
VCL	1.4202	0.979835	1.62307	-0.0133451	-0.518633
VCP	1.23103	-0.433738	0.475598		
VCPIP1	0.215088	1.49128	0.90117		
VCPKMT	0.638322	1.76213	0.925867	-1.22406	-0.0703841
VCX	-2.42599	0.120017	-4.43834	-0.691257	0.243163
VCX2	-1.70385	0.545056	-3.17813	-0.102083	0.916678
VDAC3	3.17813	1.79912	3.20373		
VEGFA	-3.21933	-0.892404	-2.62662	-3.40892	-2.11316
VEGFB	-1.42301	-2.04734	-0.860722	1.83486	1.46839
VEGFC	-7.05526	-3.35597	-5.1413	-2.27603	-1.802
VEZT	3.88802	0.419358	3.86427	3.78924	0.92865
VGF	3.56119	3.1608	3.98645	1.5788	1.77981
VGLL4	-0.392283	1.4624	0.925095		
VHL	-1.14218	-1.59675	-0.840448	-0.368469	-0.631782
VILL	0.918264	1.41163	2.38672	-0.635274	-0.16337
VIM	-4.59452	-5.6424	-5.41834		
VIP	4.10992	1.69373	3.74578	4.23525	3.9894
VIPAS39	4.38234	3.20676	4.27896		
VIPR1	2.10286	2.48843	1.83441		
VIPR2	-0.796218	1.31562	-1.42454	-1.18471	0.225092
VIRMA	-0.642748	0.591159	0.371735		
VIT	3.72902	1.65112	4.06303	1.10711	0.113051
VKORC1L1	-0.578625	-2.16911	-1.59435	-0.549612	-1.49643
VLDLR	0.812882	-0.370353	0.250868	-1.13936	-1.48165
VMA21	-0.0684959	-1.02987	0.589698	-0.964582	-1.28731
VMO1	1.64814	1.73523	2.40533		
VMP1	-0.413887	0.622121	-0.919288	-1.67981	-1.04695
VN1R1	-0.80035	0.676167	-0.508452		
VOPP1	1.01152	-0.943014	0.232814	2.27289	0.371042
VPS11	1.27113	2.09218	1.41366	0.272462	1.1049
VPS13A	0.642454	0.607725	0.305346		
VPS13B	-1.57695	-0.4717	-0.589296		
VPS13C	-3.11766	-0.883405	-2.32552		
VPS13D	2.17698	1.99357	2.97884	0.415304	0.112315
VPS18	4.41655	3.65304	4.38376	1.45868	1.23074
VPS26B	2.89153	-0.679507	1.47983	-0.0630676	-1.20529
VPS29	0.608425	-1.23473	-0.191332	1.17214	0.0133393
VPS33A	0.929238	1.36617	0.675443		
VPS35	3.28897	1.87138	3.47497	0.161281	-0.615043
VPS36	-1.03754	0.782024	-2.69832	-1.7818	-0.917668
VPS37A	0.74484	2.08588	1.34056		
VPS37B	0.214314	-1.06757	0.0450003	0.404353	-0.394175
VPS37C	-0.51821	-1.76567	-1.2895	-1.30463	-1.83643
VPS37D	4.96565	0.0975239	5.52756	3.76155	0.827257
VPS39	-0.801556	0.642441	-0.342042		
VPS41	0.905981	1.83613	0.842087		
VPS45	-1.86531	-0.336019	-1.82052		
VPS4A	2.81148	3.2738	1.77182		
VPS50	-0.629556	0.998396	0.811203		
VPS51	-1.3957	0.752681	-2.1283	1.55232	2.43716
VPS52	-0.595122	0.800125	-0.783472		
VPS54	-0.893913	1.63708	0.538314	1.70961	2.42419
VPS8	-2.15154	-0.778899	-0.993304		
VRK1	1.1176	0.181875	0.190009		
VSIG10	-2.59538	0.0473006	-2.6553	-0.885651	-0.278627
VSIG10L	0.55017	-1.41897	0.800279	-0.23481	-1.3471
VSIG4	-2.22936	-2.72886	-3.78876	-3.55317	-3.55108
VSIG8	0.128828	0.254862	1.076		
VSIR	-6.06128	-5.45137	-6.38694		
VSNL1	3.52073	3.74375	5.45642	1.27662	1.61383
VSTM1	-2.5027	-0.708446	-1.08327	-2.43521	-2.24985
VSTM2A	-0.262892	1.70906	-0.690067	0.833367	1.83597
VSTM2B	-3.81788	-5.08726	-2.35162		
VSTM2L	4.64372	1.64615	4.4675	1.611	0.535279
VSTM4	1.39662	0.459774	1.04009		
VTI1B	0.538997	-1.50117	-1.14251	-0.533069	-1.27499
VWA3A	1.63464	3.0792	4.15874	3.57357	4.35277
VWA5A	-1.85171	-3.01471	-2.33208	-4.3895	-4.55339
VWA5B2	-0.254311	0.696744	-0.913015		
VWA8	-3.55757	-0.0590914	-5.05582	-2.02641	-0.457836
VWC2	1.22946	2.36222	1.37718	2.75355	3.07031
VWC2L	0.525236	1.0436	-0.3043	1.10008	1.56828
VWCE	4.62655	2.66699	5.13132	4.30179	2.49094
VWDE	-1.97653	-0.468184	-3.13557	-0.992045	-0.571165
VWF	0.41737	1.18261	0.610962	0.205976	0.550552
WAC	7.63853	2.97646	5.3725	4.82724	4.95194
WAC-AS1	6.04369	3.50367	5.46562	3.91946	2.70562
WAPL	0.410741	1.81825	1.6348	2.90072	3.69731
WARS	-2.31269	-0.360323	-1.488	-2.93555	-2.25987
WARS2	-4.35523	-2.89181	-4.08217		
WASF1	5.79047	3.79463	3.5958	1.92877	1.12308
WASF3	-0.826059	-1.56501	-0.536086		
WASHC1	0.170954	1.76433	0.538398	-0.495643	0.251748
WASHC2A	-3.67201	-0.636449	-2.34227	-3.01307	-2.09427
WASHC2C	-4.72362	-0.881912	-2.85556	-2.66752	-1.61485
WASHC3	-3.47534	-3.59959	-4.04529	-2.59428	-3.09303
WASHC4	-0.766219	0.831743	0.229454	-1.19957	-0.190785
WASHC5	-5.02304	-5.94904	-4.90453		
WBP2	1.7794	0.667697	2.17114		
WDFY1	0.667546	0.00371901	0.411457		
WDFY2	-3.02935	-3.94214	-3.706	-1.76485	-1.96473
WDFY3-AS2	-2.00608	-1.91121	-2.22835	-0.854108	-0.506032
WDFY4	-4.60761	-3.44508	-5.13494	-4.33941	-3.98619
WDHD1	-0.332431	0.545561	-0.308382		
WDPCP	0.15573	1.61704	1.52805	-0.543211	0.678384
WDR1	-2.04988	-3.5052	-2.76293	-1.74146	-2.33515
WDR12	0.33315	1.05633	0.0665979		
WDR13	-0.610378	-1.84503	-1.68563	-0.869517	-1.34006
WDR17	3.15213	0.655124	3.24809	2.96205	1.44965
WDR18	3.35054	3.67128	2.91261		
WDR19	-0.256963	1.51206	0.614032	1.57111	2.75083
WDR20	-1.83253	-0.1069	-1.17584		
WDR24	3.70234	4.08367	4.46154		
WDR25	2.34728	0.144894	1.84376	2.00502	0.437625
WDR26	-0.863661	-2.14883	-0.930795	0.288579	-0.503535
WDR31	2.1813	-0.276984	1.65928	2.51381	1.25058
WDR33	2.73925	3.40058	3.39199	6.19467	5.73093
WDR34	4.18076	2.98404	4.54876	5.19126	4.57802
WDR35	-0.674541	0.806776	-0.205948		
WDR36	4.36328	4.6539	3.36689		
WDR37	0.980405	1.96756	0.454793		
WDR4	0.410334	1.38816	-0.0189277	-0.98572	-0.314687
WDR41	-0.0203551	-1.10237	-0.293535		
WDR44	-1.49068	-2.30632	-1.54834		
WDR45	1.02117	0.973481	1.73163	-0.40574	-0.466368
WDR45B	-3.95708	-4.74046	-4.65126	-2.467	-2.79821
WDR46	1.4678	1.39659	0.919819		
WDR47	2.62344	1.18247	2.5434		
WDR48	0.863686	-0.153854	1.02628	1.99093	1.3403
WDR49	-0.38008	-0.736166	-0.0329519	-0.132932	-0.0979402
WDR5	0.876906	1.07347	1.15205		
WDR54	3.8167	0.232481	2.61778	0.934247	-0.377871
WDR55	-1.381	0.542754	-0.639678		
WDR59	-2.11048	-1.4957	-2.88542		
WDR6	1.69737	-0.539794	2.98245	3.15543	1.35622
WDR60	1.77389	2.60096	1.84393		
WDR62	-0.234939	-1.06559	-0.0200268		
WDR66	2.28429	-0.756349	3.81881	1.99791	-0.0337544
WDR7	3.42013	2.11537	3.17665		
WDR70	-1.67192	0.949771	-1.46333	-0.834218	0.169589
WDR73				0.559243	0.831873
WDR75	0.825632	2.4095	1.76217	3.45726	4.70554
WDR77	0.12885	-1.48012	-0.451678		
WDR78	-0.61143	-1.52309	-0.234861	-0.740668	-1.29081
WDR81	1.86151	2.67285	2.16587		
WDR82	-0.231976	0.14403	-0.377591		
WDR83OS	0.935446	-0.573291	-0.689404		
WDR86	2.54562	-0.924948	2.77454	2.37629	-0.185364
WDR89	1.93192	3.13927	2.648		
WDR90	0.577226	1.93595	1.43542	3.2013	4.29755
WDR91	-1.06363	1.18964	-0.497327	-0.697293	-0.138068
WDR92	0.559079	-0.9325	-0.38364		
WDR93	-3.15621	-2.32271	-2.28654		
WDR97	-2.0701	-1.07796	-3.73757	-0.609082	-0.156441
WDSUB1	0.302449	1.24675	1.88792	2.32908	2.9282
WDTC1	-3.26038	-3.41795	-2.65633		
WDYHV1	1.99753	2.91466	3.27985	0.937749	1.32954
WFDC1	2.97241	0.369844	4.55929	1.9011	0.773468
WFDC12	1.16301	0.601798	1.02234		
WFDC2	0.941692	2.27982	-0.366774	-0.687264	0.379862
WFIKKN1	-0.169919	0.956334	-1.54008	-0.24235	0.0357366
WFIKKN2	1.51653	1.75775	1.25535	0.371032	0.806854
WFS1	0.54003	-1.18485	0.00125915	1.14452	0.149892
WHAMM	1.82726	3.6896	1.93917		
WHAMMP2	-3.38093	-1.63602	-2.47339		
WHAMMP3	-1.89874	-0.388259	-1.42702	0.409218	1.32866
WHRN	-4.0095	-0.422851	-3.0658	-1.23099	-0.485051
WIF1	1.04717	-0.930827	0.996125	1.85915	0.925673
WIPF2	9.85503	4.82971	6.74021	6.81946	7.02784
WIPF3	0.100852	0.608431	1.11528	-0.500721	-0.0130684
WIPI1	-2.86786	-1.64662	-2.6082	-0.764781	-0.264689
WIPI2	-0.505785	-1.85136	-1.76012	0.190025	-0.37268
WISP2	3.44505	1.46565	4.66173	4.07113	3.85052
WIZ	-0.0855065	-1.26917	-0.469113	2.11481	0.639514
WLS	-1.83441	-2.69606	-1.07526	1.35839	0.191061
WNT10A	1.3486	1.76175	4.43678	0.418528	0.327396
WNT10B	3.76231	-0.60874	2.99315	2.10337	-0.15659
WNT2B	-0.0551547	-0.223198	-1.75059	-0.765003	-0.763548
WNT3	-1.02393	0.807764	-0.394109	1.37611	2.2312
WNT4	0.84316	-0.201048	1.28782	2.18317	1.34721
WNT5A	0.944821	0.0116291	1.03551		
WNT6	0.00631169	-0.118549	-0.535299	-2.22023	-2.57337
WNT7A	2.87078	2.07266	3.36811	0.2864	-0.0961055
WNT7B	-2.50368	-2.87209	-4.56676	-2.21755	-2.48905
WRAP73	1.36592	2.32462	0.900941	2.59896	2.91797
WRB	0.362872	-1.59151	-0.875071	0.247419	-0.699791
WRN	0.139087	-0.278115	0.58033	1.07522	0.758026
WSB1	-3.15111	-0.695726	-1.77624		
WSB2	7.47549	1.93997	5.62233	5.94566	3.71633
WSCD1	-5.72257	-4.96977	-4.07242	-4.93583	-5.20831
WSCD2	0.88923	1.92886	1.03082		
WT1-AS	-1.96952	-1.68256	-1.4412		
WTAP	2.90953	-0.69454	1.23903	1.67787	0.176136
WTIP	3.03679	-0.329957	3.23627	3.7162	1.76061
WWC1	-0.905797	-2.09842	-0.818604	-0.0847646	-0.913642
WWC2	-0.720046	0.0617516	-0.333531	1.02491	1.84537
WWC3	-1.15016	-0.203235	-0.442022		
WWOX	-0.364718	-1.19918	-1.12437	0.380144	-0.0666874
WWP1	-0.409726	0.256429	-0.337249	-2.59599	-1.87546
WWP2	-0.623125	1.06665	-0.0963655		
WWTR1	-2.18725	-2.40984	-0.521961		
XBP1	0.0279864	1.33338	0.0152617		
XCR1	-0.575129	-0.802354	-0.431091		
XIAP	-0.159106	-0.917126	0.368719		
XIRP1	-3.22727	-0.667906	-1.97727		
XK	6.85444	2.50808	5.58666	6.12651	3.76898
XKR4	-0.584308	-1.83243	-0.565936	0.330071	-0.655508
XKR6	5.20382	3.84329	6.23108	8.61147	5.77454
XKR8	-4.90661	-2.83153	-3.8891	-3.2833	-3.01147
XKR9	2.24622	4.24221	1.7344	1.97	2.65766
XPA	2.12642	0.619367	0.94745	0.0369952	0.974287
XPNPEP1	0.341726	0.61822	-0.260549		
XPO1	1.48597	-0.534355	1.21257		
XPO4	0.00919571	1.57626	0.567184	0.264162	1.19748
XPO5	-0.395448	0.650623	-0.398109		
XPO6	0.990688	-0.469939	0.9325		
XPOT	-0.832844	-1.66791	-2.16314		
XPR1	1.52421	2.3994	2.85347	0.950988	1.43749
XRCC4	-1.87296	-2.92771	-1.88732	-2.47675	-2.87524
XRN1	3.06622	3.9316	4.33112		
XRN2	-4.70455	-2.74815	-4.29099		
XXYLT1	-1.20693	0.0445792	-1.30789		
XYLB	-0.46657	0.771353	-1.13144		
XYLT1	1.47113	-0.579104	3.07817	3.4155	0.936463
XYLT2	-2.6176	0.832723	-1.05847	-0.862938	0.167914
YAF2	-3.83286	-4.97347	-3.49374	-3.13333	-3.69524
YAP1	-1.03763	-1.91302	-0.21294	1.25869	0.931883
YARS	-2.73451	0.495306	-0.849854	0.02369	0.801813
YARS2	2.35559	1.32741	1.49487		
YBEY	-1.81032	0.917617	-1.06128	-1.98405	-0.606351
YBX1	-7.22537	-6.29993	-6.92582		
YBX2	3.73276	2.84927	6.69394	4.24544	4.14969
YBX3	-0.564169	-0.6458	-0.413384		
YBX3P1	-1.69763	-2.36394	-1.85855		
YEATS2	7.88658	3.10405	6.72567		
YEATS4	-2.82651	0.228082	-3.39725	-0.92958	-0.0801888
YIPF1	1.70009	0.0773259	0.0581876	-0.653515	-1.56408
YIPF2	3.86239	2.95342	5.12111		
YIPF4	-1.6427	-0.368635	-1.22945		
YJEFN3	2.39225	-1.02961	-0.161675	-0.388346	-1.35618
YKT6	1.13712	-0.707474	0.983151	0.302859	-0.653537
YLPM1	0.499398	-0.437282	-0.0209477	1.85287	1.06857
YME1L1	0.798377	-0.366351	0.485096		
YOD1	4.81025	4.60386	4.65544	3.41997	3.88961
YPEL1	0.815386	-1.26275	0.109198	1.23595	-0.215829
YPEL2	3.03496	2.5164	2.66255	3.69696	3.20319
YPEL3	1.69866	2.48275	0.425911	0.760074	1.18333
YPEL4	2.5012	3.45745	4.19155	5.6509	6.1092
YPEL5	4.70124	3.14105	5.0365	2.42542	1.67793
YTHDC1	2.16907	3.32253	1.61042	1.06529	1.94705
YTHDC2	-1.11575	0.755148	-1.13983	-1.15793	-0.714122
YTHDF2	5.18068	1.97381	4.27888	1.55968	0.486962
YWHAB	3.10794	0.708235	2.47529	2.5879	0.821025
YWHAE	-0.0215757	-1.76508	-1.1673	0.217551	-0.628818
YWHAEP1	-2.41134	-3.11396	-2.70184		
YWHAG	5.50567	3.67366	6.52846		
YWHAH	5.49514	0.601594	3.98545	4.49422	1.40573
YWHAQ	-0.0458315	-1.81164	-0.521371	-1.55089	-2.07324
YWHAZ	1.04655	-0.897016	0.276269	1.1702	-0.0570639
YY1	-2.00069	-1.86174	-3.57886		
YY1P2	-1.54327	-1.52392	-2.94792		
YY2	-0.668421	0.315768	-1.22787		
ZADH2	1.53662	2.82228	2.33807	5.34409	5.41721
ZAP70	2.06708	1.0692	1.39323	1.1295	0.833378
ZBBX	5.05933	5.55336	5.81214	6.42595	7.37322
ZBED1	-1.83509	-0.607907	-1.94441	-1.00622	-0.495197
ZBED3	-0.408666	0.840873	0.313508		
ZBED5	0.958563	2.26251	1.5529	1.89126	2.58919
ZBED6CL	-0.723192	-1.62232	-0.792729		
ZBED8	1.40707	1.56107	2.88069	3.94971	4.04045
ZBED9	2.58468	3.35645	3.28752	3.86724	4.65764
ZBTB1	0.0945438	1.77273	0.470668	-0.467207	0.65968
ZBTB10	0.698102	1.32424	2.37181		
ZBTB11	3.22512	3.80235	3.35408		
ZBTB14	0.259646	0.798708	-0.394558		
ZBTB16	4.26556	4.37261	4.48976	9.21009	6.97224
ZBTB17	2.32295	3.05878	2.03887		
ZBTB18	-1.58387	-1.72814	-1.84451	0.0209758	0.0450668
ZBTB2	0.222899	1.10849	0.330578		
ZBTB21	4.0982	3.97675	5.47865	10.7567	7.57064
ZBTB24	3.86783	4.31204	3.58977	3.23335	3.66005
ZBTB25	0.963294	2.03614	1.66173	2.14373	3.12771
ZBTB26	-1.88499	-0.695593	-1.37927		
ZBTB3	1.6286	2.55855	1.04715		
ZBTB33	1.22682	0.835713	-0.283263		
ZBTB34	-0.0367708	1.74468	0.710403	2.44406	2.8499
ZBTB37	-3.37274	-3.44256	-2.79441		
ZBTB38	-0.177438	1.41849	-0.163732	2.0154	2.51537
ZBTB39	0.233048	1.5969	-0.15234	2.01487	2.72411
ZBTB4	2.08075	3.36104	2.45777		
ZBTB40	-1.45477	0.865839	-0.466193	-0.0129842	1.01795
ZBTB41	7.50223	2.91425	6.02694		
ZBTB43	-0.641922	1.34826	0.985926	0.951103	1.78539
ZBTB44	4.47958	0.399699	4.60234	5.28986	3.03393
ZBTB45	3.74754	4.36752	4.7863		
ZBTB47	-2.08487	-0.552928	-2.1782	0.605192	1.44676
ZBTB48	2.77584	2.4651	2.14492		
ZBTB5	-0.752921	1.21382	0.488545		
ZBTB6	1.97499	2.1707	0.975807		
ZBTB7A	-0.855489	1.21565	-0.796844	-0.0601601	0.886687
ZBTB7B	-0.880947	-0.11365	-2.18781	-1.80393	-1.20693
ZBTB7C	-0.0187163	1.36476	0.760235		
ZBTB8A	-0.0859916	0.806838	-1.69029	1.2532	1.66262
ZBTB8OS	-0.120883	1.51996	-0.917957	-1.45126	-0.268895
ZC2HC1A	2.20122	1.54098	3.52848	0.84513	0.346463
ZC2HC1C	2.19505	0.630916	0.655069		
ZC3H10	0.596798	2.29691	0.478815	0.00697883	0.685445
ZC3H12A	-5.07975	-0.823166	-2.42397	-1.64061	-1.18955
ZC3H12B	2.93233	3.09942	2.12016		
ZC3H12C	-0.39987	1.28877	1.3655	2.14039	2.80336
ZC3H14	-1.24867	0.318753	-0.664665		
ZC3H15	-0.615783	-1.94923	-1.54791		
ZC3H18	-4.02318	-2.22886	-3.74004	-2.8276	-2.43629
ZC3H4	0.958268	2.23302	1.58535		
ZC3H6	4.12344	4.90967	4.21092	5.08431	5.62019
ZC3H7A	-1.49457	-1.51924	-2.65068	0.594674	0.898803
ZC3H7B	-2.11975	0.471199	-1.11692	-1.69394	-0.529717
ZC3H8	1.96606	0.222088	1.1136	2.04673	1.12571
ZC3HAV1	-0.809968	-2.00707	-1.4012	0.550317	-0.375426
ZCCHC10	-3.20896	-0.597724	-2.87186		
ZCCHC11	-1.03461	-0.0776458	-0.918178	1.59607	2.29879
ZCCHC12	1.25788	-1.00087	1.37207	1.94889	-0.115705
ZCCHC14	1.15987	2.1699	3.41065	5.18824	5.74348
ZCCHC17	2.0682	-0.964032	2.37756	1.97024	-0.181852
ZCCHC18	0.93633	-1.20393	0.42818	0.930576	-0.355415
ZCCHC2				1.28026	1.08794
ZCCHC24	-3.62113	-4.18704	-4.82347		
ZCCHC3	2.42027	3.65728	3.32515	5.67377	6.16615
ZCCHC4	-0.357639	0.959444	0.524976		
ZCCHC6	2.66968	4.20359	2.0237	3.60745	3.96744
ZCCHC7	-1.95517	-0.746352	-1.39092	-0.382739	0.676559
ZCCHC8	-0.431554	1.61769	0.96017	2.60163	3.29616
ZCCHC9	-1.93116	-0.785155	-1.84153		
ZCRB1	-2.36437	-2.83013	-3.50557		
ZCWPW1	-0.030783	-0.373911	0.348581	-3.60802	-3.45779
ZCWPW2	-1.0793	-1.95483	-1.25869	-2.2433	-2.64879
ZDBF2	-0.0534331	0.499835	0.793299	0.585194	1.02029
ZDHHC11	0.704941	1.63743	1.56195		
ZDHHC12	-0.727428	-2.52316	-1.03667	0.158879	-0.945976
ZDHHC13	-2.0618	0.469204	-1.97122		
ZDHHC14	1.66895	-0.248094	-0.137733	0.265522	-0.431315
ZDHHC15	-0.568895	-1.97462	-1.84678	-2.12138	-2.70667
ZDHHC16	2.06288	1.28116	0.709802		
ZDHHC17	3.21149	3.93159	3.07126		
ZDHHC18	-0.503361	0.930134	-1.14257	1.17737	1.67305
ZDHHC2	-1.59748	0.919132	-0.274286	-1.35903	0.0610149
ZDHHC20	-0.973662	0.457624	-0.373906	-3.32945	-1.83296
ZDHHC21	5.67198	6.08216	6.0551		
ZDHHC22	0.527134	1.44657	0.763892		
ZDHHC23	3.12299	2.07195	3.77553	4.3368	2.62405
ZDHHC24	2.31289	0.0920229	0.826181	-1.47296	-2.14506
ZDHHC3	-0.857191	0.479183	-0.729614	-2.30232	-1.27534
ZDHHC4	3.01254	-0.139616	2.1797	2.27344	1.03252
ZDHHC5	1.98956	2.65312	2.62774	2.25556	2.84211
ZDHHC6	1.12077	1.95842	1.24504		
ZDHHC7	1.21104	-0.437221	1.94232		
ZDHHC8P1	-0.892883	-1.31034	-0.420807		
ZEB1	-0.986298	-1.52562	-0.775166		
ZFAND1	-0.794571	0.751238	-0.570492		
ZFAND3	-1.35501	-2.21224	-1.8769	-0.581169	-1.1327
ZFAND4	-2.47286	-0.727187	-2.41275	-1.86758	-1.23225
ZFAND6	-8.58674	-5.33084	-9.14565		
ZFAS1	-4.38987	-4.39765	-4.84106		
ZFAT	-1.6635	-0.46937	-1.71701	-3.44205	-2.54534
ZFHX2	3.30835	4.00895	5.64849	4.14196	4.38532
ZFHX3	-2.66849	-3.67654	-2.65311	-3.31865	-3.76757
ZFHX4-AS1	-2.25433	-2.86346	-2.47508		
ZFP1	2.49427	2.31422	2.03304		
ZFP14	-0.441946	1.68648	0.0455256	0.680773	1.74985
ZFP2	3.21134	2.01809	1.68441		
ZFP28	2.27176	-0.508808	0.476148	1.25097	0.486957
ZFP3	-4.19591	0.0324084	-3.12811		
ZFP36	-2.17592	-3.37551	-3.90517	-4.10503	-4.85021
ZFP36L1	-3.09232	-3.20715	-2.88772	-1.20425	-1.84597
ZFP36L2	-3.31387	-3.38342	-3.54717	-2.28118	-2.7361
ZFP37	-1.30094	0.077038	-1.50822	-2.5831	-1.779
ZFP41	-1.76473	0.243757	-1.35328		
ZFP62	4.61034	3.32662	3.91228	2.2786	2.51072
ZFP64	2.01438	-0.417845	2.46177	-0.936192	-1.74029
ZFP69	2.68283	-0.120705	1.29938	-0.652116	-1.55626
ZFP69B	-1.33506	0.650948	-1.70319		
ZFP82	-0.644076	0.529184	-0.535234		
ZFP91	-0.586106	0.119714	-0.900731	-0.291447	0.164439
ZFPM2	2.37114	3.71229	4.35737	1.78683	2.6453
ZFR	-1.78077	-2.9643	-2.30136	0.974541	0.383098
ZFR2	2.66996	1.96207	4.63636		
ZFX	1.79432	2.9269	3.08483		
ZFY	-0.219205	1.4267	1.03036		
ZFYVE1	1.17557	0.235913	1.03836	0.00709806	-0.716362
ZFYVE19	-0.234444	1.23344	-0.551411	-2.36624	-0.792246
ZFYVE21	1.21373	-0.673851	0.573671	0.759551	0.0760237
ZFYVE26	-0.0122386	1.5256	1.71111		
ZFYVE27	2.14677	2.62955	2.47243	2.24505	2.96297
ZFYVE28	1.37093	2.32721	1.2044	0.752607	1.60186
ZFYVE9	0.832021	2.0835	1.86082	-0.0273996	0.968441
ZG16B	0.882731	-1.05528	-0.288087		
ZGRF1	0.119692	2.34103	0.0132003	0.216815	1.20918
ZHX1	0.700454	1.77566	1.55964	2.05133	2.48768
ZHX2	-3.89366	-4.02301	-3.98123		
ZHX3	0.346376	0.625385	0.722339		
ZIC1	1.28962	1.82567	3.65313	1.83879	2.21294
ZIC3	0.974619	1.98272	1.33923	0.269429	0.770268
ZIC4	-0.699767	-0.387102	1.07319	-0.285714	-0.12636
ZIC5	-0.0409403	-0.985252	0.491071	2.2535	1.85428
ZIK1	0.823604	1.03972	0.811204		
ZIM2	-0.455035	1.38415	-0.428571	0.581485	1.6799
ZKSCAN2	3.9028	4.21104	4.01972		
ZKSCAN4	1.81702	3.23037	2.53223		
ZKSCAN5	2.49478	1.49312	0.969632		
ZKSCAN7	-0.145537	1.62093	0.107745		
ZKSCAN8	0.929489	2.21764	2.8404		
ZMAT1	-0.698536	-1.76742	-1.09747	-0.333306	-0.771591
ZMAT2	3.52344	-0.371073	1.8755	0.74859	-0.33202
ZMAT3	1.69828	2.51262	2.58946		
ZMAT4	4.35813	3.84655	4.97219	7.24345	4.95869
ZMIZ1	3.66198	3.59639	4.78918	4.595	4.47165
ZMIZ2	-0.160599	0.667507	-0.734821	1.09031	1.50151
ZMPSTE24	2.12887	1.82431	3.90672	0.648008	0.622175
ZMYM1	-0.840008	-1.94137	-1.24951		
ZMYM2	-1.81457	0.338557	-0.82391		
ZMYM3	1.26694	0.108245	1.64584	0.311878	-0.385058
ZMYM4	1.30527	2.52598	1.79417	4.07685	4.74204
ZMYM5	-0.562362	1.34482	0.18811	1.44921	2.30158
ZMYM6	-1.82619	0.962002	-1.99169	-1.34122	-0.0929936
ZMYND10	-1.23851	-2.31675	-0.336662	0.9922	-0.0217364
ZMYND11	-1.3763	-2.33275	-2.15587		
ZMYND12	1.89865	-0.477069	0.792905	1.75613	0.884892
ZMYND15	-2.01667	-2.71104	-2.10301	-1.06321	-1.77642
ZMYND8	2.45331	3.47625	1.49691	1.83201	2.54017
ZNF10	-1.27291	-0.0142645	-1.52402	-0.391539	0.358551
ZNF101	-5.6077	-3.03993	-3.80007		
ZNF106	0.942608	1.91199	0.884282		
ZNF112	2.68214	3.97012	3.59968		
ZNF12	1.02968	2.06954	0.881423	1.22528	2.01004
ZNF124	0.866619	3.16076	1.24289	2.10305	2.7156
ZNF131	1.16875	2.25634	0.713762		
ZNF132	1.42134	2.81668	1.56572		
ZNF133	3.5383	4.37302	4.1255	3.72205	4.4281
ZNF135	0.464541	1.01821	0.609014		
ZNF136	1.7423	2.69045	2.19686	0.984686	2.07633
ZNF138	0.530447	1.28498	-0.196127		
ZNF140	-0.512883	-0.193161	-1.38482		
ZNF141	-2.24839	-0.452975	-2.11444		
ZNF142	0.527738	1.86566	-0.139984		
ZNF143	0.618718	1.92839	0.22331	0.570521	1.16838
ZNF146	-1.80653	0.126872	-0.918638	-0.773318	0.0435505
ZNF148	1.20453	2.28062	2.14626	9.90911	10.0552
ZNF157	-5.43277	-5.1826	-5.27153		
ZNF16	-0.279973	1.14462	0.299704		
ZNF165	0.491026	2.03875	0.1477	-0.857909	0.489052
ZNF17	0.982399	2.66255	1.29017		
ZNF175	2.97014	4.08994	2.41397	4.60513	5.04042
ZNF18	0.542204	1.27506	0.644694		
ZNF180	0.334336	1.81685	1.0277	2.3325	3.0975
ZNF181	1.12271	2.54876	2.79165		
ZNF182	-1.5523	0.595923	-1.25567	0.0844085	1.05152
ZNF184	5.77211	1.81404	6.73187	4.64042	3.64549
ZNF185	-2.77161	-3.64692	-2.42207		
ZNF189	2.15815	2.76858	2.19483	0.855416	1.18748
ZNF192P1	2.99971	3.89968	2.9736		
ZNF195	-4.1115	-0.967485	-3.20783		
ZNF200	-1.29176	-0.281834	-1.24191		
ZNF202	7.09236	4.39077	4.78092		
ZNF205	-1.45439	-0.826155	-1.8466		
ZNF205-AS1	0.156153	-0.853545	-0.440298		
ZNF207	-1.49396	-0.968148	-2.11362		
ZNF208	-0.106358	-0.0680855	1.07837		
ZNF211	-1.05212	0.0880997	0.00464172		
ZNF212	4.29058	4.75109	3.30141		
ZNF213	-2.09448	0.161293	-2.38952		
ZNF213-AS1	2.45346	3.12498	1.92282		
ZNF214	1.54063	2.97736	3.51981		
ZNF215	4.83266	2.52974	3.72519	2.62853	1.83762
ZNF217	-1.61945	-2.38457	-1.73695		
ZNF219	0.429086	-1.05199	0.55418	-0.0119296	-0.745424
ZNF222	5.34677	5.44415	4.50376	4.37961	5.05481
ZNF223	1.88325	2.55962	2.14092	1.68501	2.16175
ZNF224	-0.352754	1.10878	0.104238		
ZNF225	-0.823449	1.42099	-0.679255		
ZNF226	1.64758	-1.49766	0.220291	-2.89727	-3.02051
ZNF229	-0.59628	-2.29022	-0.665833	-2.59289	-3.35957
ZNF23	-0.39263	0.339599	-0.366693		
ZNF230	0.812342	2.04684	1.55853	0.832793	1.70505
ZNF232	0.852785	2.13843	0.699662	1.4111	1.98896
ZNF233	3.78387	1.40419	2.49391		
ZNF234	-1.0499	0.711288	-0.0151613		
ZNF235	-0.627464	0.0697989	0.709779		
ZNF239	3.78643	0.887681	3.03266	1.52232	0.348287
ZNF248	3.41687	4.37189	2.86276	3.87276	4.39884
ZNF25	4.85065	5.34328	5.14597	2.62781	2.99567
ZNF250	0.394175	2.43918	1.54746	3.87823	4.45395
ZNF251	0.414492	1.72853	1.36766	2.43145	3.17084
ZNF252P	0.274765	1.83682	0.105914		
ZNF257	1.50504	2.80182	3.54669	3.52145	4.1487
ZNF26	3.44366	2.0498	2.5038	3.47735	2.28296
ZNF260	1.1068	1.97867	1.38044		
ZNF263	4.76649	3.57655	3.10205		
ZNF264	1.10066	2.25737	2.13901		
ZNF266	0.896361	2.03705	1.50982	2.16026	2.7407
ZNF267	1.72921	2.97266	2.84823	3.34509	4.19148
ZNF268	-0.548858	1.43419	-0.654126	1.98472	2.64629
ZNF271P	-0.340237	0.084288	-0.0177709	-2.65644	-2.60801
ZNF273	1.05657	2.5209	0.94507	3.28064	4.13238
ZNF277	-3.26681	-3.45196	-2.9138		
ZNF280A	2.4162	3.36301	3.29863		
ZNF280B	1.27288	2.28565	1.59639		
ZNF280D	-0.427668	1.4932	0.357388	2.91063	3.80251
ZNF281	1.61291	2.33754	1.28089		
ZNF284	2.65856	3.88384	3.88422	2.08616	2.47575
ZNF285	2.71106	0.442224	1.71686		
ZNF286A	-2.14537	-2.87127	-3.81457	-0.930468	-1.1254
ZNF287	-1.77602	0.81132	-0.80825	-0.399892	0.699574
ZNF292	2.14271	3.16173	3.8748	4.48536	5.35142
ZNF3	-1.24953	0.934569	-0.732772	-0.849064	-0.0863155
ZNF30	1.55853	2.54431	0.959262		
ZNF300	-5.21219	-2.02206	-4.32619		
ZNF300P1	-6.00797	-4.78391	-6.45323		
ZNF302	3.13622	4.06457	3.39949	0.406555	0.792047
ZNF304	3.5163	4.12453	4.74009	3.84158	4.29244
ZNF317	1.67363	2.78267	1.44402		
ZNF318	3.13051	3.78184	3.85576	1.4314	1.77098
ZNF322	2.26681	3.91927	2.12038	4.96071	5.65469
ZNF324	1.59342	2.50908	2.40493		
ZNF324B	0.779226	2.34665	1.14744	1.53112	2.09497
ZNF329	1.93434	0.947273	0.707		
ZNF330	-1.33418	-0.80277	-2.20755		
ZNF331	2.26255	2.347	3.0504	2.82688	2.72213
ZNF333	0.526704	2.06236	2.39211	2.7287	3.50892
ZNF334	-0.906954	-0.323415	-0.79821		
ZNF337	1.4967	1.99112	3.44667	4.2863	4.31376
ZNF33A	-1.96129	-0.544358	-2.50272		
ZNF33B	-2.76241	-2.21365	-3.67647	-1.95073	-1.99851
ZNF34	1.447	2.76848	2.23461	3.98766	4.38745
ZNF343	2.70761	4.26218	2.38722		
ZNF347	1.74212	2.5809	1.92794		
ZNF35	0.732802	1.80526	0.942383	1.34768	1.97572
ZNF350	7.779	1.41903	8.07822	2.40853	1.17579
ZNF354A	3.4196	2.36295	3.04128		
ZNF354B	-0.481633	1.50333	0.426391	2.05356	3.08054
ZNF354C	-2.14766	-0.101564	-1.94884		
ZNF358	-1.78968	0.58382	-1.08566	0.918486	1.96785
ZNF362	-2.1345	0.601032	-2.38219	1.50497	2.43039
ZNF365	2.07065	2.66337	2.97943	1.39553	1.85954
ZNF366	-0.765883	0.518287	-0.707244	-0.270923	0.206931
ZNF37A	-1.59116	0.176118	-1.87055		
ZNF37BP	-3.19212	0.152535	-2.5135	-0.120896	0.882045
ZNF382	-0.13787	-0.288787	0.279815	1.42613	1.40074
ZNF383	-1.94328	0.805692	-0.822773		
ZNF385A	-3.95526	-0.339906	-4.40723	-1.90019	-0.39792
ZNF385B	-0.413932	1.57379	-0.289704	2.5003	3.08179
ZNF385D	1.50028	2.89903	2.62311	2.25917	2.8944
ZNF391	0.730891	0.787785	1.14072		
ZNF394	-3.82495	0.793537	-1.40162	-1.91463	-0.0344318
ZNF395	-0.461496	-0.156798	0.422814	2.72629	3.42288
ZNF396	-2.19278	0.423294	-0.968178		
ZNF397	-2.09382	0.143931	-0.978174		
ZNF398	2.73382	3.3285	3.75804	4.46247	5.08805
ZNF404	0.226732	1.68132	0.16477		
ZNF407	-2.29937	-0.216563	-2.74498		
ZNF41	-0.878701	0.969563	-0.000223454		
ZNF414	-1.53434	-0.714048	-0.745921		
ZNF415	-1.31139	0.816872	-0.0762742	-0.602258	0.362808
ZNF416	4.50721	5.29496	5.24069	6.29664	6.82292
ZNF417	0.139358	1.684	1.63699		
ZNF418	5.05691	2.0274	5.67498	4.13826	3.22711
ZNF420	0.288877	1.40412	0.343652		
ZNF423	-1.4485	-1.8065	-1.69938	-0.997647	-1.14298
ZNF425	4.08058	4.82383	3.25267		
ZNF433-AS1	-3.21805	-3.88444	-3.08622	-2.2107	-2.80286
ZNF436	2.67204	-0.311011	1.7382	0.817098	-0.450794
ZNF436-AS1	3.20518	3.69383	1.90979		
ZNF438	0.354969	-0.59465	1.00656	1.0683	0.649607
ZNF439	4.27273	2.85175	4.64812		
ZNF44	-2.49561	0.4321	-0.925421		
ZNF441	-0.815943	0.412894	-0.932624		
ZNF442	0.508661	0.77523	-0.12836		
ZNF443	0.0365632	1.88363	-0.0348882		
ZNF444	2.66771	3.88064	2.23267		
ZNF445	-1.24181	0.619273	-0.593203		
ZNF446	1.01021	2.16049	1.61549	1.89681	2.62294
ZNF449	4.88634	1.62436	3.81088	4.92412	2.54942
ZNF454	-1.17327	0.626271	-1.01003		
ZNF460	0.159001	1.4538	1.47715		
ZNF462	-2.93244	-3.21339	-4.44687		
ZNF469	2.08509	-0.259956	1.71516	0.457832	-0.166664
ZNF471	2.09276	0.96515	2.55558		
ZNF473	5.08983	5.15422	4.70739		
ZNF48	4.81413	5.28761	5.19036		
ZNF480	-1.62774	-2.2983	-1.23958	-9.38318	-9.43689
ZNF483	3.94222	4.40855	6.43926	4.58965	5.7176
ZNF484	2.36079	3.50482	2.29241		
ZNF485	-1.0266	0.600146	-0.158451		
ZNF487	-0.401804	1.46872	0.0847309	1.25203	1.79208
ZNF490	1.04253	2.17388	1.50658		
ZNF491	-3.94252	-0.746103	-3.22218		
ZNF492	1.80421	2.03125	1.66611		
ZNF493	0.713059	2.06224	1.24004	-2.08447	-0.659635
ZNF500	1.28796	2.11951	1.78191		
ZNF502	-0.506654	1.15374	-1.84619	1.32728	2.06152
ZNF503	-0.134906	-0.793577	-1.10466	-3.35815	-3.6395
ZNF507	1.7935	2.83273	2.28154		
ZNF510	-1.33144	0.547279	-0.846077		
ZNF511	-1.3366	-0.297044	-2.66585		
ZNF512	-0.72721	0.636482	-0.955706		
ZNF516	-3.49748	-3.80308	-3.28431	-3.05143	-3.39562
ZNF517	-0.416163	-1.39097	-1.40378		
ZNF518A	-1.12421	0.225003	-0.813319		
ZNF518B	0.0254554	0.126362	1.26316		
ZNF519	1.69682	2.42327	2.79087	1.43517	2.35597
ZNF521	0.366015	-0.639516	-0.189454	0.989779	0.397942
ZNF524	1.44203	2.40012	1.28711		
ZNF525	-1.52602	-2.30616	-1.89305		
ZNF526	1.94642	2.82641	2.36044		
ZNF528	0.642878	-0.974421	0.769191	2.49549	1.45264
ZNF529	6.02593	4.69316	5.80282		
ZNF530	0.062764	0.741025	0.46043		
ZNF532	-2.34661	-1.85084	-2.89915		
ZNF534	0.195223	0.432124	0.155219	1.06422	1.49231
ZNF540	4.68667	4.87833	6.00935		
ZNF541	2.34191	3.01882	2.99477	3.46537	3.57611
ZNF542P	0.709452	1.6885	0.851561		
ZNF543	-1.32762	0.645036	-0.558411		
ZNF544	3.34532	0.48433	3.03564	1.88314	0.47918
ZNF546	0.429531	2.03674	1.47939	-0.040382	0.686063
ZNF547	2.6573	3.4264	2.81179	3.34388	3.88343
ZNF548	0.981802	2.22563	1.6743		
ZNF550	3.97725	4.88873	3.17121		
ZNF554	1.7767	1.83537	1.97707		
ZNF555	0.0979052	1.82423	1.78572	1.96132	2.37763
ZNF557	2.09533	2.70696	2.82138	1.76451	2.3738
ZNF558	1.06116	2.08657	1.12085		
ZNF561	-0.904499	0.968728	-0.608371		
ZNF562	-2.99193	-0.26603	-2.31488	-0.0556671	0.799078
ZNF565	-2.32844	-0.0185813	-2.51373	-1.0964	-0.0965654
ZNF566	2.89885	4.17206	3.90228	4.19847	5.25396
ZNF567	3.94293	4.26075	3.8009	2.12351	2.68186
ZNF569	-0.749939	-0.47	0.0244815		
ZNF57	1.36271	1.71687	0.305974		
ZNF570	0.856042	2.18342	1.98493		
ZNF572	-0.644505	-1.80793	-1.18584	0.915496	0.187914
ZNF573	0.177365	0.332195	0.4289		
ZNF574	1.61365	2.45578	1.63345		
ZNF575	-0.77271	-2.20221	-1.48506	-1.81114	-2.42705
ZNF576	2.14078	2.59045	2.72324	0.211181	0.402206
ZNF577	-1.9501	-2.79525	-3.19558	-2.03505	-2.35636
ZNF578	0.960265	-0.00835179	-0.0286821		
ZNF580	0.140732	-1.34572	-0.10125	0.445852	-0.0982746
ZNF581	1.42128	1.48424	1.68168		
ZNF583	0.79165	1.93433	1.89601		
ZNF584	2.12038	2.78922	2.70043	-0.0187658	0.217651
ZNF585A	5.93861	0.730957	3.95294		
ZNF585B	2.2626	3.02661	2.49513		
ZNF586	-0.761165	0.979468	0.255798	-0.747843	0.0348512
ZNF587	-1.13106	-0.263345	-1.39567	0.878788	1.32573
ZNF589	-0.344325	-0.685249	-0.407349	0.523452	0.277807
ZNF592	-4.65503	-1.84864	-3.3021	-3.41147	-2.80932
ZNF595	-2.32943	-0.262647	-1.45007		
ZNF596	0.404184	1.34149	0.850229		
ZNF597	3.17328	3.43345	4.19448		
ZNF598	1.54569	2.64073	1.1438	1.34282	1.82134
ZNF599	-2.84314	-2.09371	-2.01565		
ZNF605	1.029	0.25531	1.42537		
ZNF607	2.88267	3.29121	3.8798		
ZNF608	-0.862857	-1.45384	-1.19703		
ZNF610	0.423977	-0.184991	0.568059		
ZNF613	3.39948	1.92	2.76863		
ZNF615	0.0112069	1.43417	0.668556	0.870308	1.83783
ZNF616	7.09364	4.8686	4.4282		
ZNF618				3.24377	4.00957
ZNF620	0.760393	2.23751	0.942657	0.624308	1.50825
ZNF622	2.48861	0.730062	1.95533		
ZNF629	-3.08231	-0.431277	-2.15087	-1.14919	0.0103967
ZNF630	2.06739	4.36305	1.78974	3.08333	3.32254
ZNF638	-3.90425	-1.35979	-3.43813		
ZNF639	0.175168	1.22163	1.09056		
ZNF641	0.949411	4.06125	1.05219	3.50928	4.05706
ZNF644	-0.992543	0.817297	-0.0974753		
ZNF646	-1.36354	0.971825	-0.560421	1.61797	2.27412
ZNF648	0.6493	-0.566362	0.389354		
ZNF649				0.440863	0.132236
ZNF652	-2.4019	-0.373587	-1.46748		
ZNF653	4.64694	4.82051	5.34353	5.21908	5.73253
ZNF654	1.18615	2.21426	1.13459	2.63003	3.34011
ZNF655	-2.03009	0.160772	-1.42299		
ZNF658B	1.82733	2.6572	2.75108		
ZNF660	-0.583599	0.483282	-0.602284	1.93865	2.9927
ZNF662	-2.46393	-0.218511	-1.69442		
ZNF664	-3.71658	-2.517	-4.66277	-4.2122	-3.13641
ZNF667	-0.24206	-1.4764	-1.03125	0.119487	-0.329151
ZNF667-AS1	-0.759723	-1.80472	-1.08153		
ZNF669	1.2179	2.32187	1.64555		
ZNF670	-0.532353	1.35998	-0.22752	-0.679018	0.542885
ZNF671	4.13355	4.72864	3.03441	3.66923	4.12622
ZNF672	-1.40572	-0.114441	-2.24164		
ZNF674	-0.595593	-0.900606	-0.295091		
ZNF674-AS1	0.748792	0.621327	1.70172	1.35619	1.67377
ZNF676	-1.70599	-1.97411	-1.19238		
ZNF677	-1.26235	-1.90225	-4.03216	-0.238209	-0.554079
ZNF678	3.10882	0.197712	2.27473		
ZNF680	2.65967	0.750711	3.20186	1.04737	1.68358
ZNF681	6.73813	4.31539	7.2813		
ZNF682	1.12553	0.487946	0.209199		
ZNF684	0.853121	1.99663	0.832474	0.305572	0.980257
ZNF692	0.679791	1.83791	0.658803	0.254273	1.04294
ZNF697	2.15732	2.48157	1.50807	1.8489	1.83192
ZNF7	3.86181	4.31219	3.40099		
ZNF70	0.236832	1.64061	1.59123		
ZNF702P	3.01443	2.27393	1.19872		
ZNF704	3.83796	3.13129	5.07889	6.31218	5.67659
ZNF706	2.05351	-0.678232	3.44923	2.97673	0.579775
ZNF707	0.34371	1.86556	0.187845		
ZNF709	0.848221	1.9124	1.90698		
ZNF710	0.126269	-1.57234	0.334105		
ZNF710-AS1	0.329324	-1.01187	0.0674875	3.06527	1.68378
ZNF711	-0.754948	0.681553	-2.07246	2.1125	2.97801
ZNF714	-3.4209	-0.439772	-2.16588	-2.41224	-1.28772
ZNF717	-3.89389	-2.55265	-5.01257		
ZNF718	0.452536	2.11946	1.2673	1.98361	2.75319
ZNF720	0.533282	-0.567087	0.0467318	-0.954858	-1.61015
ZNF721	5.26841	2.04131	5.27278		
ZNF727	2.22479	-0.42032	1.0822	-0.851007	-1.53032
ZNF728	-1.7623	-2.47112	-1.27988		
ZNF736	1.4859	2.85628	1.9864		
ZNF74	-0.410711	0.532608	-0.433547	0.613543	0.939319
ZNF740	-1.67862	0.826563	0.124203		
ZNF75A	-1.03953	0.311003	-0.363283		
ZNF76	0.387653	1.79259	0.29398		
ZNF764	-2.706	-0.817697	-3.62935		
ZNF767P	-0.000726705	1.48859	0.736152	0.546235	1.30114
ZNF768	-4.10784	-1.89075	-3.39347		
ZNF77	2.44946	3.2996	3.00566	2.99468	3.72758
ZNF771	-1.98399	-0.886093	-2.23382		
ZNF772	1.35602	2.39455	3.45861		
ZNF773	-1.3946	0.338065	-1.88543	-0.753669	-0.179147
ZNF774	-0.356873	1.41209	-0.857194		
ZNF776	-1.12602	0.719438	-1.14773		
ZNF777	1.63985	3.0221	0.652051		
ZNF778	-0.253396	0.857357	0.420149		
ZNF780A	6.31635	5.5468	5.86952		
ZNF780B	-1.066	0.56502	-0.280486		
ZNF781	0.232686	1.4238	0.726167	4.31348	5.12255
ZNF782	0.684423	2.0324	1.58639	3.72296	4.70107
ZNF783	1.52873	2.75504	2.66156	2.50169	3.03892
ZNF785	-0.0223002	1.33006	0.0834804		
ZNF786	2.27893	3.25872	2.38569	3.63837	4.33422
ZNF787	0.134183	1.54775	-0.422358	1.47397	2.31541
ZNF789	0.311618	1.23977	1.36761	2.00217	2.62686
ZNF79	2.9758	4.22164	3.6687		
ZNF790	0.183626	-0.862442	0.257478	0.588827	-0.139163
ZNF791	2.29815	2.97641	1.33059		
ZNF799	-0.210645	0.942136	-0.314546		
ZNF8	1.99902	3.386	3.13517	4.01339	4.56134
ZNF800	-0.894633	0.687263	-0.00737487		
ZNF81	-0.950177	0.737749	0.295195		
ZNF816	-0.711963	-1.62263	-1.29673		
ZNF818P	0.35169	-1.41102	-0.448634	-1.3821	-1.85365
ZNF821	0.710543	1.43897	0.553084		
ZNF823	0.529639	1.23433	1.0137	-0.229258	-0.0895024
ZNF826P	4.81986	1.81316	3.68225		
ZNF827	0.667715	-0.860748	-0.000374688	1.58204	0.646082
ZNF829	5.45776	3.51862	4.74317		
ZNF83	-1.43343	-2.58992	-2.17853	-3.78638	-4.09857
ZNF830	-1.41683	0.456357	-3.40624	-1.14037	-0.724888
ZNF831	2.83423	-0.709486	2.64421	1.26971	-0.360037
ZNF84	0.594708	0.710467	1.29292	3.18482	3.34755
ZNF841	0.289703	1.46511	1.36248		
ZNF845	1.95515	0.261716	0.938649	-0.109221	-0.825223
ZNF846	-0.417491	-1.48029	-0.0943365		
ZNF853	-5.09589	-2.03474	-3.57722	-2.46923	-1.45753
ZNF876P	-0.141876	-0.686752	-1.44016	-0.0334479	-0.132965
ZNF879	3.73152	4.29907	2.9557		
ZNF880	-2.00433	-3.96146	-3.03601	-2.25945	-2.66747
ZNF883	-3.48119	-4.65155	-4.56349	-5.65223	-5.95598
ZNF91	-2.74102	-2.37863	-2.3693	-0.643251	-0.744562
ZNF92	-0.160742	1.59499	0.51098	2.21891	2.86285
ZNF93	-1.75571	-2.51946	-1.58921		
ZNFX1	0.0633183	1.77449	0.401975	3.71812	4.22882
ZNHIT6	1.74275	2.5152	1.40485		
ZNRD1	-0.0509914	1.61371	-0.580607		
ZNRF1	0.668903	-1.13642	-0.169652	0.42023	-0.573806
ZNRF2	-0.479076	-1.23744	-1.18731		
ZNRF2P1	-1.17121	0.275959	-0.392514	0.434618	1.15155
ZNRF3	-1.25622	-1.19295	-0.157382		
ZP1	-1.49684	-0.229949	-1.97964		
ZP3	2.94387	3.57119	2.56372		
ZPR1	2.75532	-0.644445	3.03108	-0.182806	-1.3337
ZRANB1	1.59364	2.39377	2.18086	2.05441	2.61326
ZRANB2	0.907888	1.86172	0.692945	0.826973	1.27569
ZRANB3	1.22189	-0.294943	0.523837	1.83948	0.304236
ZSCAN18	3.25069	-0.151348	3.94677	3.7787	0.924498
ZSCAN2	-1.32014	-2.99284	-2.24758		
ZSCAN20	1.32806	1.96639	1.24322		
ZSCAN21	0.877571	1.99313	1.23181		
ZSCAN23	-1.37802	-0.0235023	-1.59697		
ZSCAN25	2.10402	3.58516	0.928682		
ZSCAN26	1.66377	2.68282	1.40741	3.57826	4.19527
ZSCAN29	1.2021	2.18527	1.48732	-0.165886	0.495685
ZSCAN31	1.7329	2.74365	2.26811	1.91824	2.88244
ZSCAN32	-2.6487	-0.851122	-2.2777		
ZSCAN5A	-0.422568	-1.52502	-0.665595	-2.51453	-3.5998
ZSCAN9	-0.144535	2.17987	0.202629	3.12816	3.69899
ZSWIM3	1.00215	2.13037	0.557394		
ZSWIM4	0.253672	1.88022	1.38732	1.25345	1.78331
ZSWIM5	-1.3571	0.257346	-1.14488		
ZSWIM7	0.950881	-0.82291	0.635704	-1.90635	-2.59949
ZSWIM9	1.60413	-0.499111	1.50559	1.38515	0.388835
ZW10	0.604142	1.40074	1.37797		
ZWILCH	1.07083	0.510776	0.0353526		
ZWINT	-1.61134	-2.91355	-3.1071	-2.68037	-3.02581
ZXDC	-1.42842	-1.78954	-1.17919		
ZYX	0.290782	1.69047	0.50068	-0.133384	0.8317
ZZEF1	-3.29575	0.456489	-2.19073	-2.49809	-0.686748
ZZZ3	1.36443	0.238456	1.61877	2.09501	1.64536
