gene	dCT + CT|DK	dCT alone|DK	NSPN PLS2	AHBA C3	AHBA C1	dCT + CT|HCP	dCT alone|HCP
61E3.4			-5.6531				
A1BG	0.916462	-1.4192	0.162768	-0.0179386	-0.80617	-0.8197	-1.47924
A1BG-AS1	4.04661	2.52528		0.377001	-0.62448	2.41419	0.95175
A1CF			0.754533				
A2M			-2.78008				
A2ML1			-3.03393				
A3GALT2			2.66916				
A4GALT			1.66445				
A4GNT			-2.03746				
AAAS	1.41751	3.05159	1.85689	-0.0597516	0.600656	0.754201	1.37277
AACS	3.39377	2.98574	2.02624				
AADAC			-1.37481				
AADACL2			-0.508466				
AADACL3			-5.45906				
AADACL4			-2.07541				
AADAT			-1.37532				
AAED1	0.146146	-1.47846	-1.30027	-0.190459	-0.722689	-0.461101	-1.10387
AAGAB	6.40047	4.16944	2.05254	0.345811	-0.261427	3.58288	2.83396
AAK1	-0.0589938	1.47384	-2.21616	0.0572984	0.696944	0.417945	1.30047
AAMDC	-4.39352	-4.84906	-2.29404				
AAMP			0.33143				
AANAT			-2.53084				
AAR2	-0.44934	0.497795	0.436193				
AARD	2.93102	3.61971	0.389956	0.173586	0.682209	3.40598	4.11064
AARS	1.66518	2.21919	5.9676	0.265406	0.515276	0.973935	1.26574
AARS2	-2.72679	-2.16329	-7.99323				
AARSD1			3.7965				
AASDH	-3.69888	-1.91068	-5.31672	-0.13053	0.530151	-1.59534	-0.635714
AASDHPPT	1.53728	1.36409	1.75478				
AASS	-2.86884	-3.54877	-2.82163				
AATBC	2.66827	3.19317					
AATF	0.420843	0.141499	2.42245	-0.226538	0.128207	-2.85165	-2.81184
AATK			0.276717				
ABAT			-3.34113				
ABCA1	-2.90169	-3.33965	-7.13884	-0.306279	-0.475041	-0.367998	-0.571097
ABCA10			2.58682				
ABCA11P			-2.08668				
ABCA12			-1.64393				
ABCA13			-3.85187				
ABCA17P			-3.42975				
ABCA2	0.317658	0.595976	1.50503				
ABCA3			1.03007				
ABCA4			5.30273				
ABCA5	-1.18978	0.696098	-4.60545	0.12614	0.470729	0.767865	1.59808
ABCA6	-2.48847	0.279907	-2.04327	-0.315624	0.758867	-3.90377	-1.21719
ABCA7	-0.390691	0.915033	-0.915242	-0.0413689	0.673997	-2.17242	-1.27665
ABCA8			2.2871				
ABCA9	-3.51702	-0.751442	-1.88469	-0.116211	0.750631	-1.28286	-0.0284421
ABCB1	-0.945452	-0.0102083	0.319295				
ABCB10	-0.658092	1.12806	1.81277	0.071163	0.616839	1.47827	2.03541
ABCB11			-3.64613				
ABCB4			-0.900709				
ABCB5			1.68426				
ABCB6	3.59711	1.68066	-0.455833	0.169295	-0.601047	0.779341	-0.259735
ABCB7	-2.86435	0.37014	-2.28846	-0.312074	0.690748	-1.31545	0.134464
ABCB8	0.180534	-0.330823	4.02003				
ABCB9	-0.357146	1.15849	2.67166				
ABCC1	-3.03652	0.338876	-3.41966	-0.0910659	0.701201	0.301943	1.0068
ABCC10			2.33875				
ABCC11			3.90889				
ABCC12	7.07086	3.81443	8.2649	0.678279	-0.24575	3.11554	2.3638
ABCC13			-0.81646				
ABCC2			0.505987				
ABCC3			1.26323				
ABCC4	-0.0673012	-1.24284	-0.682805	-0.327071	-0.547624	-1.02735	-1.53848
ABCC5	1.94697	2.43376	-1.87538	0.0416007	0.379108	1.85793	2.71356
ABCC6	1.01739	-1.18144	-2.49637	0.221514	-0.554626	0.788344	-0.0666227
ABCC8	2.54756	2.69598	2.08899	0.163867	0.718035	3.06829	3.30649
ABCC9	-0.708227	-0.954102	-1.01219	-0.394839	0.0873493	0.416223	0.427271
ABCD1			2.80797				
ABCD2	-5.80136	-0.42441	0.710413	-0.135956	0.692192	-2.17245	-1.08677
ABCD3			-2.15522				
ABCD4			-1.76363	-0.30212	0.282769	0.703838	1.26446
ABCE1			-0.508307				
ABCF1			5.29015				
ABCF2	2.90468	3.41944	5.35334				
ABCF3			2.53008				
ABCG1	-1.99718	-1.17462	-3.94454	-0.185828	0.0746489	-0.749378	-0.343629
ABCG2	-4.0221	-1.74463	-2.58826	-0.382087	0.435856	-3.12728	-2.29095
ABCG4	0.383847	1.63803	1.25062	-0.01732	0.772939	-0.901857	-0.0473458
ABCG5	2.9735	2.37379	3.78035	0.0156461	-0.345572	2.14875	1.40593
ABCG8			-1.48729				
ABHD1	-0.782198	-2.01868	-0.934543	-0.227466	-0.611109	0.429157	-0.142129
ABHD10	-0.429794	0.793334	-1.47656				
ABHD11	0.663293	2.10658	1.92458	0.0728397	0.665235	1.42753	2.53227
ABHD12	-1.372	-0.132637	-0.703926	-0.334819	0.653025	-3.43338	-1.9369
ABHD12B	3.62778	2.73718	8.76444	0.230492	-0.151069	2.50622	2.14748
ABHD13	0.916684	2.32719	3.30078	0.119059	0.611648	3.60071	4.21216
ABHD14A	3.14667	3.83039	3.63788				
ABHD14B			4.42178				
ABHD15	-1.33687	-2.3603	1.7347				
ABHD16A			5.1538				
ABHD16B			-8.39762				
ABHD17A	-3.58619	0.243006		-0.103075	0.73865	-0.708999	0.519334
ABHD17B	-3.96705	-0.193516	1.24086	-0.2911	0.704721	-3.93978	-1.50945
ABHD17C	1.0213	-0.312759	-2.14096	0.17741	-0.672876	2.41619	1.14771
ABHD18			-2.59776				
ABHD2	0.802304	-1.03962	-0.979194				
ABHD3	-3.07665	-1.09264	-2.67495	-0.406747	0.398281	-0.927038	-0.175877
ABHD4	-6.22955	-5.8405	-5.01448				
ABHD5	-5.24185	-1.44058	2.13734				
ABHD6	-1.0601	0.352821	-2.3327	-0.332734	0.566422	-3.91075	-2.20704
ABHD8	5.00559	5.3249	6.10747				
ABI1	2.04328	-0.763488	-0.578729	0.172042	-0.711491	2.30535	0.506792
ABI2	1.03769	-0.607473	-2.62343	0.292609	-0.493053	0.677106	0.0564736
ABI3	-2.24155	-2.96721	-2.13617				
ABI3BP			-8.1695				
ABL1			-1.9361				
ABL2	3.26472	4.68788	-1.22285	0.256441	0.481091	2.89933	3.39967
ABLIM1			-2.39273	-0.387981	0.0414134	0.44728	0.722951
ABLIM2	1.04579	-1.0787	3.35604	0.348891	-0.770465	0.76099	-0.515092
ABLIM3	4.12042	-0.0780102	-1.9014	0.0610266	-0.819999	4.01508	1.3015
ABO			-3.53776				
ABP1			0.748728				
ABR	-1.07951	-1.62209	-2.58729	0.131019	-0.464917	0.567683	0.168781
ABRA			2.07473				
ABRACL	1.78125	3.44125	0.423534	0.400472	0.574116	1.29841	1.8938
ABRAXAS1			1.82959				
ABRAXAS2	3.7769	2.59006	-0.361731				
ABT1			2.55421				
ABTB1	3.3215	4.29901	8.95222	0.31366	0.740217	3.83996	4.00017
ABTB2	-5.15341	-1.08267	-5.55439	-0.54308	0.648505	-8.11101	-3.62359
AC002351.1			-1.37492				
AC002472.1			-3.1687				
AC002472.8			-1.65527				
AC002472.9			2.84419				
AC002511.1			-0.440873				
AC002563.2			-3.63769				
AC003999.1			-0.817869				
AC004053.1			-2.49563				
AC004080.12			1.43773				
AC004241.1			-1.092				
AC004381.2			0.252921				
AC004409.1			-1.34524				
AC004690.2			0.935466				
AC004790.2			-2.71345				
AC004797.1			-1.23805				
AC004863.6			1.7309				
AC004980.7			-1.61793				
AC005014.1			-2.09088				
AC005041.9			0.586952				
AC005077.3			-3.88237				
AC005152.2			-5.34776				
AC005277.1			-0.346142				
AC005301.1			-4.1021				
AC005358.1			-0.239754				
AC005393.1			-3.94155				
AC005488.13			-1.97919				
AC005512.1			-3.21925				
AC005551.1			9.78857				
AC005829.1			-3.7207				
AC005840.2			-1.7057				
AC005921.3			-2.02256				
AC005962.2			-0.306478				
AC006014.8			-4.19838				
AC006273.1			-0.073742				
AC006276.1			2.3949				
AC006517.3			-1.47298				
AC007276.5			-3.5128				
AC007364.1			-0.015846				
AC007405.8			-5.61488				
AC007510.1			-2.09819				
AC007601.1			4.9322				
AC007688.2			2.36005				
AC007743.1			1.36665				
AC007952.2			-3.48136				
AC008026.2			-0.433327				
AC008073.1			-3.3789				
AC008073.2			-0.517068				
AC008074.2			-0.407917				
AC008132.4			2.4115				
AC008429.1			1.14303				
AC008449.1			2.35385				
AC008537.3			-1.6596				
AC008687.3			-1.10668				
AC008735.3			-3.71945				
AC008806.1			-1.96385				
AC008875.1			-2.48194				
AC008969.2			-4.031				
AC009086.2			-5.58346				
AC009093.1			-1.39606				
AC009107.3			-1.99526				
AC009123.1			-1.54539				
AC009139.1			-0.114087				
AC009163.1			-3.9811				
AC009171.1			1.30725				
AC009236.1			-3.46151				
AC009365.1			-1.94085				
AC009509.1			-0.538761				
AC009532.1			0.666935				
AC010087.3			7.35612				
AC010203.2			-2.44032				
AC010325.3			-2.94298				
AC010332.1			-2.95935				
AC010336.2			0.0288				
AC010422.1			0.15829				
AC010442.2			-1.65189				
AC010606.4			-2.56585				
AC010624.2			-2.3001				
AC010645.1			-1.883				
AC010896.1			5.84622				
AC010974.2			-4.03187				
AC010980.2			-1.84901				
AC010982.1			-3.65501				
AC011346.1			-2.80295				
AC011427.1			-1.08043				
AC011443.1			-4.54512				
AC011472.2			6.67648				
AC011479.2			-1.52556				
AC011498.2			-5.51742				
AC011498.3			-3.08708				
AC011500.2			-2.97177				
AC011511.1			-0.732746				
AC011530.1			-3.68571				
AC012100.1			-1.7877				
AC012435.1			-2.07076				
AC012621.2			0.612314				
AC012652.1			1.77408				
AC013271.3			1.3827				
AC013283.1			0.372013				
AC013356.1			-1.53327				
AC013356.3			-2.01364				
AC013400.2			-0.038476				
AC013402.2			2.88456				
AC013553.1			-4.22831				
AC013553.2			-2.04991				
AC015871.2			-0.043543				
AC015936.3			1.13505				
AC016525.1			-0.291636				
AC016629.3			0.010571				
AC016683.6			-4.85028				
AC016747.3			-1.70666				
AC016757.1			2.26981				
AC017096.1			7.52091				
AC017099.3			-0.683136				
AC018682.6			-1.2904				
AC018755.8			-1.11234				
AC018865.8			-1.63755				
AC019171.4			-3.66239				
AC020663.1			-2.7654				
AC021054.1			-1.87621				
AC021148.2			0.981446				
AC021534.2			5.31112				
AC021850.1			2.02474				
AC021860.1			-3.01338				
AC022075.1			-0.501207				
AC022098.1			-3.47727				
AC022098.3			-2.46608				
AC022100.1			-1.24934				
AC022311.1			-4.59792				
AC022498.2			-3.60876				
AC022596.6			-0.759469				
AC022748.1			-2.32744				
AC023024.1			-2.11976				
AC023055.2			0.093706				
AC023510.2			-3.35141				
AC023830.2			1.06568				
AC024270.1			-0.751145				
AC024560.3			-3.45543				
AC024575.2			-8.00508				
AC024575.3			-0.175909				
AC024940.3			-0.705391				
AC025627.16			-2.4148				
AC025647.1			-0.263641				
AC026369.2			-12.3286				
AC027323.1			-0.870786				
AC034193.5			0.062561				
AC034199.2			-1.28736				
AC034236.3			0.153176				
AC044839.2			-2.57951				
AC055839.1			-1.93181				
AC058791.2			-6.83145				
AC062028.1			-2.31084				
AC063965.2			3.14601				
AC063977.1			-3.41321				
AC066593.1			-2.96006				
AC068020.3			-1.50082				
AC068057.2			2.19057				
AC068181.1			0.870219				
AC068353.1			4.52981				
AC068385.1			0.272593				
AC068491.1			-5.95848				
AC068580.3			1.59483				
AC068658.1			5.48128				
AC068989.2			0.144501				
AC069029.1			2.18033				
AC069146.2			-0.557702				
AC069154.2			-0.577222				
AC069234.1			2.72758				
AC069525.1			-2.95185				
AC073043.2			-2.85916				
AC073135.1			-1.37165				
AC073343.8			-5.03301				
AC073346.1			-7.2842				
AC073548.1			1.84785				
AC073869.20			1.79588				
AC074286.1			-1.18496				
AC078802.1			-1.1153				
AC078847.1			0.137976				
AC078937.4			3.73764				
AC079061.1			2.23349				
AC079341.1			8.64504				
AC079776.2			-1.61148				
AC079953.2			-1.28364				
AC084018.1			-4.11686				
AC084125.1			-2.58156				
AC084209.1			-4.05785				
AC084851.1			-3.57247				
AC087309.1			-2.72393				
AC087392.3			0.350499				
AC087645.1			-0.285264				
AC087742.2			-0.412039				
AC090099.4			1.51662				
AC090360.1			-3.77841				
AC090844.1			-1.8918				
AC091152.2			-2.80337				
AC091565.3			-2.41628				
AC091878.1			4.65591				
AC092070.4			-2.63826				
AC092070.5			-4.82988				
AC092143.3			-0.745122				
AC092324.1			1.6666				
AC092327.1			0.229251				
AC092329.2			-1.50392				
AC092384.2			-1.31686				
AC092436.3			-7.75276				
AC092490.2			-4.61082				
AC093063.1			-0.347892				
AC093283.3			0.466466				
AC093310.1			-5.39626				
AC093726.2			-2.37521				
AC093734.11			-1.50158				
AC093838.4			-4.61439				
AC093849.1			-1.85388				
AC094086.1			0.301581				
AC096655.2			0.8403				
AC097067.1			0.798295				
AC098591.2			2.47333				
AC098799.1			2.28685				
AC099524.1			-5.66934				
AC099759.1			-4.82427				
AC099797.1			4.79444				
AC100756.1			2.82746				
AC100775.1			0.068369				
AC100793.2			-1.34631				
AC100793.3			-4.31062				
AC100803.1			1.37137				
AC103540.1			3.41758				
AC103965.1			-3.47448				
AC104665.1			-3.92932				
AC104819.1			0.428068				
AC105206.1			2.97686				
AC105337.1			-1.44217				
AC105391.2			-2.73148				
AC106037.2			-2.17663				
AC106739.1			-2.8364				
AC106818.2			1.05866				
AC107212.1			0.274252				
AC107883.1			-3.32886				
AC107983.3			1.36632				
AC108134.5			-1.98588				
AC108938.1			1.77697				
AC109486.1			7.79732				
AC110619.2			-2.00241				
AC110754.1			-1.94143				
AC110760.2			2.1322				
AC110814.1			5.74005				
AC112641.2			10.4827				
AC113191.1			1.04881				
AC114273.1			-0.95867				
AC114947.2			0.607332				
AC115090.1			-3.25191				
AC116165.2			-1.37188				
AC116334.1			-3.22861				
AC116655.15			-0.755254				
AC117392.3			3.0205				
AC117460.2			1.27825				
AC120024.1			3.18544				
AC120045.5			-4.86831				
AC120114.2			2.10193				
AC125232.1			-3.17164				
AC126544.1			-3.81222				
AC128683.1			-5.32233				
AC130416.1			-3.01756				
AC130416.2			-0.200682				
AC130454.1			-2.85303				
AC130686.2			1.33791				
AC131238.1			-1.08916				
AC132186.2			-0.149889				
AC132812.1			-1.32463				
AC133485.2			-7.0483				
AC134312.1			0.966396				
AC134982.1			1.82407				
AC135050.2			2.13698				
AC135178.1			-0.706373				
AC135457.2			3.2088				
AC135457.3			4.03368				
AC135592.2			-4.69335				
AC135731.1			-4.08288				
AC135983.8			-1.90199				
AC135995.5			-4.60872				
AC136443.1			-5.52477				
AC136604.1			-2.69311				
AC136632.1			4.03777				
AC138028.2			-2.75277				
AC138472.2			0.09508				
AC138894.3			4.68026				
AC138951.4			-2.37204				
AC139099.1			-6.00176				
AC139768.2			-2.01788				
AC140481.7			-4.89597				
AC141586.5			-1.80106				
AC144830.1			-2.4672				
AC145098.2			-7.09514				
AC147055.1			2.50455				
AC152006.2			3.62154				
AC174470.1			0.791611				
AC183087.2			-4.56475				
AC217771.1			-0.015308				
AC217773.2			-3.41884				
AC226150.1			-1.83073				
AC233723.1			-2.50164				
ACAA1	-1.16552	-2.03155	-3.07823				
ACAA2	-1.17792	-2.10825	-3.55298				
ACACA	0.520657	0.576473	3.75617				
ACACB			-0.020097				
ACAD10			-3.45897				
ACAD11			-1.90926				
ACAD8			-1.67671				
ACAD9			-1.80684				
ACADL	1.21385	-0.829404	-0.002707	-0.0871907	-0.775234	1.07686	0.0781359
ACADM	-2.41838	-0.441764	-0.98328				
ACADS	1.35175	-0.243231	2.21077	-0.0637896	-0.468646	2.5693	1.96858
ACADSB	-0.254562	1.42459	-5.57982	-0.211225	0.468628	0.926053	1.94319
ACADVL	0.0864878	-2.11292	-2.03944				
ACAN	-2.02379	0.229682	-2.4808	-0.26536	0.902666	-6.64969	-2.14817
ACAP1			-4.7155				
ACAP2	-0.875275	0.704473	-3.07144				
ACAP3	-0.640976	-1.09461	-2.7137	0.141286	-0.266916	0.71961	0.482519
ACAT1			0.72355				
ACAT2	2.11348	0.630501	3.55993	0.138622	-0.538292	-0.99408	-2.28689
ACBD3			-1.33651				
ACBD4			-1.62591				
ACBD5	-7.23123	-2.49525	-5.77067				
ACBD6			1.26647				
ACBD7	-1.65351	-2.35537	-4.00575				
ACCN5			-2.13054				
ACCS	-1.44757	-2.30538	-5.13709				
ACCSL			0.480295				
ACD	1.28334	1.65491	4.37192				
ACE	2.68517	3.32995	-3.27438				
ACE2			-5.12075				
ACER1			-2.78917				
ACER2			3.22939				
ACER3	0.301381	1.38994	1.43217	-0.167412	0.506823	0.0328713	0.52178
ACHE	1.72058	1.47985	1.35455	0.0495481	0.219395	-0.124096	-0.309874
ACIN1			-3.39169				
ACKR1	0.11682	-0.562919	-0.356952	0.343167	-0.275676	-1.52372	-2.18805
ACKR3	1.67393	-0.646428	-2.85686	0.00417917	-0.77645	3.5907	1.76316
ACKR4	-2.69378	-1.27754					
ACLY			-2.90903				
ACMSD			-0.177572				
ACO1	-2.89974	-2.59108	-3.44916	-0.494857	-0.0145445	-2.14649	-2.24727
ACO2	-0.849583	-2.03377	-2.90764	-0.231314	-0.361834	-0.577748	-1.0441
ACOT11			-1.98409				
ACOT12			-5.5816				
ACOT13	-0.975472	-1.90435	-1.63379	-0.0880461	-0.195518	-2.46009	-3.27025
ACOT2	1.18186	-1.25546	-2.20673	0.0494165	-0.887183	2.4343	0.224789
ACOT4			1.61375				
ACOT6			2.90546				
ACOT7	-1.74104	-0.991557	2.56115				
ACOT8	1.98613	-0.762606	3.62038	0.0956993	-0.645634	-0.130266	-1.19753
ACOT9			-5.42554				
ACOX1			-0.800246				
ACOX2	-0.575347	-1.64676	-2.5576	-0.157822	-0.558195	2.19974	1.51037
ACOX3	3.40287	0.895706	3.47968	0.154876	-0.697314	3.48584	1.49291
ACOXL			-1.86539				
ACP1	-0.139824	-1.76041	-1.6713	0.116133	-0.817768	-0.217799	-1.03233
ACP2			-0.37798				
ACP5			-3.23207				
ACP6			-2.57655				
ACPP	-1.00165	-1.54371	-0.815242				
ACPT			2.07184				
ACR	0.973957	0.741256	0.609888				
ACRBP			-3.04712				
ACRV1			-0.646066				
ACSBG1	-2.95394	-3.5934	-4.04022				
ACSBG2			-2.00437				
ACSF2	-0.604499	-1.77158	-3.01036	-0.127451	-0.599923	0.0193012	-0.732926
ACSF3	2.76713	3.15602	7.9035	0.108143	0.713036	0.767893	1.45797
ACSL1	1.12749	1.60998	0.902051	-0.302196	0.106712	-0.844163	-0.520565
ACSL3	3.11338	3.67068	4.13951	0.435091	0.636498	3.94337	4.26054
ACSL4	3.50186	0.803731	2.20702	0.254717	-0.799368	3.89834	1.33804
ACSL5			3.23735				
ACSL6	-2.8841	0.127202	-3.22702	-0.137818	0.887439	-3.0262	-0.781172
ACSM1			-1.36582				
ACSM2			1.16992				
ACSM2A			-2.39582				
ACSM3			-1.86038				
ACSM4			1.5217				
ACSM5			1.45052				
ACSS1			-2.58195				
ACSS2	0.637626	1.46724	0.309607	-0.12045	0.601315	-0.138805	0.352756
ACSS3	-0.149961	-1.29639	1.15467	-0.117827	-0.413957	1.30821	0.950861
ACTA1	3.4296	2.36208	5.6402	0.150651	-0.480078	1.56349	0.717101
ACTA2	-0.832247	-2.18283	-2.20106				
ACTB	-0.60097	-2.1979	-3.81493	0.0661299	-0.696017	1.30163	-0.10996
ACTBL2			-2.99138				
ACTC1	4.09829	1.7006	5.10198	0.113429	-0.579401	2.93	1.62382
ACTG1	5.08508	-0.407611	-2.76583	0.0670056	-0.820902	-0.00901492	-0.99232
ACTG1P4	-1.26272	-2.43095	-2.92641	-0.1248	-0.645906	-1.99406	-2.29905
ACTG2			-0.945615				
ACTL10			1.46764				
ACTL6A	-2.96862	-2.84626	0.876441	-0.534981	-0.067252	-2.76655	-2.63568
ACTL6B	1.94506	2.45321	2.0496				
ACTL7A			-0.648441				
ACTL7B			2.58663				
ACTL8	-1.56404	-0.688791	2.0962				
ACTL9			-0.297585				
ACTN1	2.11297	1.71643	1.26827	0.502475	-0.361712	1.31543	0.763549
ACTN2	5.66634	4.22185	8.57308	0.473425	-0.196432	3.96528	3.67641
ACTN3	1.84814	1.76258	0.838907				
ACTN4	1.50739	2.36962	6.62641	0.155271	0.797521	0.216745	1.00415
ACTR10	2.59875	-0.717454	0.304113	0.110479	-0.830775	0.297375	-0.977221
ACTR1A	2.7781	0.243753	1.59313	0.198537	-0.64792	-0.27751	-1.47992
ACTR1B	0.398628	1.84422	4.28645	0.358572	0.742778	0.404928	1.26925
ACTR2			-2.94082				
ACTR3	-0.755522	-2.00041	-5.74259	-0.0450955	-0.580938	-3.25503	-3.63666
ACTR3B	2.965	-0.158711	-2.37601	0.140261	-0.8387	1.09838	-0.486426
ACTR3BP2			-0.347049				
ACTR3C	-2.55829	-3.69878		-0.442554	-0.40153	-5.29568	-6.22176
ACTR5	0.377699	1.32737	-1.71581	0.232855	0.0794278	2.6135	2.99865
ACTR6	0.763704	1.1115	-0.050994				
ACTR8			1.34877				
ACTRT1			-3.429				
ACTRT2			0.941161				
ACVR1	-4.3978	-0.783541	-4.02792	-0.355435	0.407023	-5.65793	-3.70835
ACVR1B			-0.133722				
ACVR1C	-1.06998	1.00826	-0.731313	-0.142884	0.787935	-0.55638	0.619448
ACVR2A	0.292244	-0.684179	-1.97886	0.147479	-0.756903	2.00484	1.11336
ACVR2B	1.47998	-0.198106	-0.930734	0.212031	-0.647233	1.52655	0.584254
ACVRL1	-0.0463844	0.907251	0.076784	-0.221023	0.331372	0.0746037	0.346706
ACY1			-0.884861				
ACY3	-1.60673	-2.35081	0.112224	-0.292042	-0.495626	-1.43925	-1.72314
ACYP1			-1.30862				
ACYP2	-1.52932	0.166655	-1.92705	-0.167938	0.777631	-2.56955	-1.1349
AD000671.1			2.45229				
ADA			1.79461				
ADA2			-6.34062				
ADAD1			-4.01439				
ADAD2	-0.878031	-1.27274	-4.96343	-0.272415	0.00395687	-2.29963	-2.47117
ADAL	-1.61034	-0.506446	-1.16668	-0.297926	0.380273	-2.38238	-1.68626
ADAM10			-0.624579				
ADAM11	3.3586	4.04773	3.91825				
ADAM12			-2.84106				
ADAM15	-6.48233	-2.19542	-4.91769	-0.472678	0.512135	-3.0538	-1.61401
ADAM17	1.8443	2.14322	-1.3503	-0.176891	-0.076727	1.35501	1.63137
ADAM18			0.95465				
ADAM19	-3.33416	-2.68111	-1.27116				
ADAM2			-2.24011				
ADAM20	1.04095	2.376	-1.06117				
ADAM20P1	3.58234	4.1002		0.34942	0.451065	7.16977	7.57208
ADAM21			2.87269				
ADAM22	1.45928	2.30563	3.48663	0.196637	0.833377	-0.0563425	0.713361
ADAM23	0.0602008	1.39049	2.292	0.0755002	0.913926	-1.33303	-0.072155
ADAM28	-2.51774	-3.05933	-0.938667	-0.323316	-0.596368	-3.56713	-3.81897
ADAM29			0.622277				
ADAM30			2.57557				
ADAM32	1.14472	2.06697	3.6581				
ADAM33	-0.657777	0.935141	-2.17792				
ADAM5P			1.53624				
ADAM6			-2.58675				
ADAM7			-4.10541				
ADAM8	2.18916	2.74738	-5.21865	0.138386	0.563286	1.22817	2.03656
ADAM9	-1.14211	1.28193	1.63609	-0.020966	0.57436	0.441346	1.46067
ADAMDEC1	-3.13581	-1.18568	-3.62475				
ADAMTS1			0.918111				
ADAMTS10			0.70239				
ADAMTS12			0.391832				
ADAMTS13	-0.0299611	1.71816	-1.5308	0.0618925	0.735127	0.402618	1.26952
ADAMTS14			-0.554202				
ADAMTS15			-2.88441				
ADAMTS16			-4.03005				
ADAMTS17			-0.194898				
ADAMTS18			-2.6261				
ADAMTS19	3.9398	0.841412	0.137035	-0.0687181	-0.673827	3.77329	2.13248
ADAMTS2	0.937357	1.28196	1.06393	-0.0467557	0.173925	1.00836	1.06866
ADAMTS20			-2.38846				
ADAMTS3	6.10632	1.46362	6.81755	0.409143	-0.734238	5.3485	2.54306
ADAMTS4	-0.333812	0.3536	1.65073	-0.398959	0.231847	-3.10421	-2.40349
ADAMTS5	0.0503928	1.75424	3.53291	0.142284	0.764815	-0.654841	0.495694
ADAMTS6			-0.46446				
ADAMTS7			0.200524				
ADAMTS8	4.43506	0.620529	2.71441	0.427525	-0.535517	-0.0337635	-0.720139
ADAMTS9	-1.4373	-2.97793	-1.72585	-0.390413	-0.658853	-1.14315	-1.94427
ADAMTSL1	-2.23633	-1.16817	-6.15724	-0.0930404	0.439783	-0.445102	0.135468
ADAMTSL2	1.15093	0.496809	0.13934	-0.14765	-0.43747	-0.236013	-0.937494
ADAMTSL3	-0.107833	-0.62541	0.515082	-0.451108	-0.34149	-2.90082	-3.45671
ADAMTSL4			-1.14609				
ADAMTSL5			-1.89199				
ADAP1	-0.582879	-1.31613	-3.34582				
ADAP2	-2.72305	-2.79936	-3.42424	-0.290196	-0.740865	-3.90927	-3.64456
ADAR	6.63011	2.26025	-0.579646				
ADARB1	-0.30807	1.40839	-0.404866				
ADARB2			-0.212176				
ADARB2-AS1	-0.907432	-0.570456	-1.78082	-0.48189	0.130337	-1.8723	-1.61163
ADAT1			2.93915				
ADAT2	2.20049	2.91716	-3.22504				
ADAT3			1.76914				
ADC			1.33566				
ADCK1			-0.04579				
ADCK2	4.16438	2.51348	3.88365				
ADCK5			0.621778				
ADCY1	-0.649706	0.599952	1.50317	-0.0140702	0.506102	-0.689071	-0.0768564
ADCY10			1.7039				
ADCY2	4.50082	2.49252	4.31266	0.133309	-0.69	2.3488	0.870657
ADCY3	0.110041	1.49742	-3.20663	0.0473823	0.511449	0.0837198	0.846641
ADCY4	-0.333849	0.412028	1.11132	-0.253863	0.315607	-0.591347	-0.260394
ADCY5			-1.64634				
ADCY6			-3.82488				
ADCY7	4.76602	0.893592	5.43594	0.330942	-0.63252	2.08809	0.705554
ADCY8	-4.81406	-2.99178	-6.39829	-0.488356	0.104374	-2.52386	-2.30124
ADCY9	-1.38856	0.678303	-3.34211	0.0815737	0.864683	-2.43386	-0.676507
ADCYAP1	5.90613	3.89954	5.52014	0.397807	-0.0396313	6.08753	5.34711
ADCYAP1R1	-1.56347	-2.13985	-5.79937	-0.381862	-0.622315	0.713424	0.431427
ADD1	-1.92654	0.878379	-1.00904	-0.0163958	0.71736	-0.634152	0.385633
ADD2			-1.64519				
ADD3	-2.04527	-2.6431	-5.30277				
ADGRA1	1.28364	2.50114	4.45301	0.202217	0.434396	1.85912	2.58915
ADGRA2	2.09457	2.67905	4.32926	0.178269	0.507929	1.98228	2.35153
ADGRA3	-0.869726	-1.83277	-4.79185	-0.290484	-0.676001	1.57975	0.853243
ADGRB1			0.307397				
ADGRB2	2.75265	1.89826	0.179007				
ADGRB3	3.08422	0.352363	0.749961	0.329601	-0.775613	4.2335	1.5187
ADGRD1	1.9904	2.24456	2.43584				
ADGRE5	0.681454	1.19556		-0.348011	0.0520646	-0.728994	-0.578158
ADGRF5	5.26026	3.14598	5.57904	0.191493	-0.393956	2.85314	1.982
ADGRG1	-0.567254	-1.77559	-4.99956	-0.0567319	-0.785412	2.27383	0.649315
ADGRG5	-4.4195	-3.44096	-6.288				
ADGRG6	-0.275562	-1.13701	-1.27425	-0.188797	-0.371827	0.234875	0.131125
ADGRL1			-0.384642				
ADGRL2	0.613047	1.5404	-0.670443	0.110577	0.595962	0.398539	1.12656
ADGRL3	1.86204	-1.07585	-4.01429	0.240515	-0.737807	1.32031	0.0742514
ADGRL4	-1.35758	0.289226	0.036695	-0.15676	0.508195	-0.798877	-0.200861
ADGRV1	-0.91683	-2.03522	-7.25464	-0.126697	-0.79616	1.07394	0.0944544
ADH1B			-1.54425				
ADH1C			-3.12856				
ADH4			-0.438753				
ADH5	0.786264	-0.922687	-5.89102	-0.0142321	-0.721481	2.68135	1.33811
ADH6			-1.2219				
ADH7			0.220571				
ADHFE1	-1.11006	-1.93213	-4.8438				
ADI1	-2.79213	-3.10061	-5.30567	-0.293342	-0.685683	-0.885278	-1.44424
ADIG			-2.59405				
ADIPOQ			-2.35948				
ADIPOR1	-0.729052	-2.22183	-6.45322	-0.0788071	-0.737748	-1.45147	-2.01404
ADIPOR2			-1.42097				
ADIRF	-2.31471	-2.8752	-8.69821	-0.289053	-0.820681	-0.365869	-1.08397
ADK	-1.01261	-2.3824	-2.49422	0.0146368	-0.461119	-2.08683	-3.03163
ADM	-4.72203	-1.65663	-2.80655	-0.248786	0.71602	-5.75496	-3.37139
ADM2			-1.18036				
ADM5	1.42098	-0.818419	2.0889	0.246115	-0.78006	0.602772	-0.371183
ADNP	3.42615	2.49921	-3.39862	0.531446	-0.298227	4.21498	3.18649
ADNP-AS1	-1.79252	-2.05993					
ADNP2	2.85999	4.06638	1.98228	0.196044	0.372812	2.3935	3.23499
ADO	1.99746	2.77565	5.9407	0.160328	0.798408	0.230428	0.911514
ADORA1	1.12881	1.56508	3.11259				
ADORA2A			-1.29453				
ADORA2B	-0.224735	-1.18339	-2.84143	-0.199153	-0.599693	2.19629	1.45087
ADORA3			0.216269				
ADPGK			-2.27787				
ADPRH			0.63368				
ADPRHL1	3.20464	4.02794	8.81564	0.207226	0.553551	2.92705	3.31106
ADPRHL2	2.62707	1.31154	2.60138	0.0477849	-0.432508	-0.37532	-0.86898
ADPRM			-1.53921				
ADRA1A	-0.0695695	0.147605	-3.288	-0.381319	-0.18281	0.466349	0.5621
ADRA1B	2.90619	1.17427	2.61926	0.0617279	-0.749232	0.445402	-0.837716
ADRA1D	3.15918	3.05814	7.5522	0.366923	0.462747	0.832051	0.90673
ADRA2A	0.0481152	1.19732	0.851931	0.0149112	0.100507	1.08309	1.33653
ADRA2B			3.51945				
ADRA2C	3.09476	-0.507387	-3.33302	0.00535739	-0.740683	-0.342228	-1.51257
ADRB1	2.16346	3.31495	2.19243	0.379999	0.585474	1.85731	2.62989
ADRB2	-1.24825	-2.0806	-1.13534	-0.266261	-0.715454	-0.813428	-1.5567
ADRB3			-2.47392				
ADRM1			4.42936				
ADSL	0.640176	-1.54165	-0.728864				
ADSS			-2.01358				
ADSSL1	-1.03937	0.833583	-0.596241	-0.346426	0.627041	-1.97242	-0.798309
ADTRP	5.46266	1.6415	6.90963	0.290633	-0.6488	3.46267	1.70942
AEBP1	0.618424	0.372984	-1.1646	-0.313069	-0.426058	2.5333	2.53059
AEBP2	0.864054	2.5879	-0.829393	0.222586	0.526159	2.96597	4.23393
AEN	1.82704	-0.376796	0.086054				
AES	0.850398	0.885877	-1.77096				
AF205589.2			3.16083				
AF205589.3			-3.3724				
AFAP1			1.0866				
AFAP1-AS1			0.784736				
AFAP1L1	2.19608	2.69	6.85114	0.147837	0.504788	0.916373	1.24394
AFAP1L2	2.7976	3.53004	4.54307	0.195606	0.100135	1.93995	2.21796
AFDN	-0.859705	-1.6949	-4.36585	-0.530356	-0.412735	-0.641106	-1.07003
AFDN-DT	-1.41279	-0.828331	-5.5164	-0.619495	-0.216931	-4.70203	-5.0903
AFF1	-2.33431	0.0601741	-3.53625	-0.381911	0.624139	-1.92104	-0.776221
AFF2	-1.73518	-2.59439	0.967096	-0.0410934	-0.492382	-1.65519	-2.02512
AFF3			-2.96864				
AFF4	-0.236761	-0.0302042	-3.01376				
AFG1L	0.61526	1.28683	6.00829				
AFG3L1P	-1.30811	0.377493	-5.4955				
AFG3L2	0.505071	1.40431	-3.05539				
AFM			0.740758				
AFMID			0.766982				
AFP			3.46835				
AFTPH	1.85386	2.56814	5.14481	0.202639	0.737661	2.03731	2.5665
AGA	-0.353109	-1.73643	0.672102	-0.381225	-0.557012	-3.2346	-3.78002
AGAP1	-0.288387	-1.29337	-5.64458	-0.0674328	-0.150597	0.153825	0.215785
AGAP11	-1.13796	0.492812	-6.67373				
AGAP2	0.551591	-1.01319	-6.13142	0.0545471	-0.738333	2.00167	0.656977
AGAP3	-1.24602	-2.23503	-5.07471	0.0999883	-0.555546	-0.460379	-1.2126
AGAP4			-0.96178				
AGAP5	-1.12402	0.618757					
AGBL1			2.58419				
AGBL2			-4.24867				
AGBL3	2.15637	3.07709	-2.33827				
AGBL4	11.3523	5.0012	6.24949				
AGBL5	2.54266	-0.0175774	-1.64573				
AGER	-1.68176	-1.14965	-4.1324				
AGFG1			-1.37936				
AGFG2	-0.805642	-1.59657	-3.01203	-0.309244	-0.312469	-1.4944	-1.87699
AGGF1			-3.2697				
AGK	1.09639	1.5148	4.1741	0.335367	0.232386	0.166085	0.467541
AGL	-2.39869	-0.703961	-3.07261				
AGMAT	1.42238	0.836854	0.38767	0.00570623	-0.0895216	-1.1273	-1.74495
AGO1	-0.0700596	2.04502	-2.07494	0.024454	0.929031	2.48686	2.23125
AGO2	-0.949699	0.558878	0.474422				
AGO3	-2.54551	0.368724	-5.46377	-0.358382	0.467771	-0.889209	0.123411
AGO4	0.071531	1.441	-2.55969	0.17865	0.303354	2.41132	3.52664
AGPAT1	0.647019	0.268863	-0.36183				
AGPAT2	8.05175	1.84698	7.58519	0.353191	-0.604241	5.6148	3.01577
AGPAT3	-0.0951947	1.02676	-3.10966	0.0643142	0.729551	-1.9753	-1.09569
AGPAT4			-1.90948				
AGPAT4-IT1			-2.77582				
AGPAT5	-2.83415	-2.89909	-2.64303				
AGPAT9			3.97224				
AGPS	3.38282	3.82012	2.92587				
AGR2			0.730166				
AGR3			-3.80786				
AGRN			4.22709				
AGRP			1.59973				
AGSK1			-1.00188				
AGT			-4.99868				
AGTPBP1	2.1322	0.933551	0.446259				
AGTR1			0.057346				
AGTR2			-0.624518				
AGTRAP			-3.04162				
AGXT			-3.76214				
AGXT2			1.43852				
AHCTF1			-0.24553				
AHCY	0.833836	-0.857427	-2.18023	-0.0170414	-0.621673	-3.11104	-3.41763
AHCYL1	-1.83692	-1.57107	-1.82427				
AHCYL2			-1.88412				
AHDC1			-3.85407				
AHI1	-1.19573	1.41132	-2.0555	0.11743	0.839257	0.758718	1.80162
AHNAK	-0.641443	-1.78394	-6.2497	-0.199723	-0.839231	0.652693	-0.203725
AHNAK2	1.97605	1.56096	3.84437	0.1262	-0.0938377	0.313283	-0.138804
AHR	1.07601	0.286892	0.584591	0.0359114	-0.488146	1.17275	0.731227
AHRR	3.25501	-0.130401		0.153513	-0.844312	3.91472	1.2242
AHSA1	-0.874471	-0.264444	0.77165				
AHSA2P			-2.89116				
AHSG	4.57495	3.35362	4.53205	0.352333	-0.297004	2.59671	1.95963
AICDA			0.470135				
AIDA			-2.67989				
AIF1	-1.48249	-2.30291	0.412916	-0.182358	-0.717447	-3.09993	-3.19945
AIF1L			-1.3096				
AIFM1			-1.46015				
AIFM2	4.86081	0.321701	0.196178	0.23537	-0.580932	4.77965	2.58249
AIFM3	-3.66962	-1.2479	-2.65569	-0.198786	0.793417	-0.925157	0.165286
AIG1	4.28267	3.0137	-1.17513	-0.0397723	-0.430827	4.27439	3.48384
AIM1			4.1205				
AIM1L			2.5387				
AIM2	-3.31795	-1.93292	-4.77353	-0.278604	-0.296418	-1.95171	-2.09976
AIMP1			-2.5753				
AIMP2			0.761527				
AIP	0.821012	2.03755	2.84778	0.0985757	0.413721	0.395768	1.03649
AIPL1			-2.14176				
AIRE	0.906277	0.848831	-0.71474	-0.335388	0.0443398	0.0715393	-0.0317293
AJAP1	2.29818	2.23502	-3.58653	0.153687	-0.488595	3.89695	2.89344
AK1	-0.651922	0.288413	-2.90614	-0.127999	0.542917	-0.850974	-0.420703
AK2	-1.43874	-0.296839	-1.9666	-0.303985	0.708993	-2.76042	-1.34719
AK3	-1.97622	-2.69654	-0.562426				
AK3L1			-4.88669				
AK4	0.358265	-1.52354		-0.0869587	-0.84871	1.75818	0.369954
AK5	3.35729	0.349927	-0.946784	0.229762	-0.602879	0.861659	-0.173758
AK6	-0.483544	-1.58316					
AK7			2.99101				
AK8	-2.71169	-3.38648	-5.69793				
AK9	0.715317	1.92244	-1.98295	-0.104404	0.488096	1.37434	1.81337
AKAIN1	0.315202	1.48365	0.035089	-0.0150688	0.698078	-2.26454	-0.98224
AKAP1	-1.31948	0.32782	-4.03081	-0.123807	0.274563	-0.151832	0.444629
AKAP10	2.08126	2.80097	2.34286	0.379003	0.332773	2.14583	2.84308
AKAP11	4.2003	2.47464	3.37243				
AKAP12	1.31084	1.68571	-1.43154	0.0514967	0.419957	0.477425	0.641656
AKAP13	-0.249752	0.138229	-4.76345	0.219441	0.322857	0.863215	1.23699
AKAP14	-2.43266	-3.14625	-4.3525	-0.0358035	-0.865651	-3.42154	-3.3798
AKAP17A	-0.388733	1.04506	-4.0419	-0.214552	0.289488	0.702668	1.17869
AKAP3			3.65411				
AKAP4			2.21194				
AKAP5	0.931411	-0.847591	-0.38021	0.3096	-0.698586	0.597905	-0.289353
AKAP6	2.19961	2.6365	7.13964				
AKAP7	-2.2122	-1.27302	-8.83919	-0.167028	0.1569	-0.0881751	0.591689
AKAP8	3.66271	1.46157	7.9237	0.325915	-0.468718	0.815352	-0.199531
AKAP8L			-0.615565				
AKAP9	2.9835	3.6765	-0.332367				
AKIP1			1.81299				
AKIRIN1	-0.412573	-1.99124	-2.74398				
AKIRIN2	3.59094	-0.448341	-0.448442	0.254235	-0.87636	0.882479	-0.529419
AKIRIN2-AS1			-4.3522				
AKNA			-3.55189				
AKR1A1			1.93415				
AKR1B1	-0.0815586	-0.610573	-0.336587				
AKR1B10			0.730296				
AKR1C1	-0.922104	-1.95579	1.43981	-0.20712	-0.210721	-3.06788	-3.73716
AKR1C2			0.530618				
AKR1C3	-0.800062	-2.15289	-0.460657	-0.123657	-0.377122	-1.72113	-2.71209
AKR1C4	-1.02549	-2.02111	1.12215	-0.186256	-0.18918	-2.68254	-3.37968
AKR1CL1			-2.1882				
AKR1D1			-1.32516				
AKR1E2			-2.67297				
AKR7A2	-2.53342	-3.16032	-4.98327	-0.244596	-0.692687	-1.97223	-2.44516
AKR7A2P1	-0.92166	-2.34633	-2.63597	-0.15931	-0.652679	-0.298975	-1.1025
AKR7A3	-0.72189	-2.16469	-4.39251	-0.195876	-0.694538	-1.68332	-2.3872
AKR7L	-2.7989	-3.40763	-4.43895	-0.209917	-0.744641	-0.779395	-1.46154
AKT1	-2.58597	-0.200025	-2.62854				
AKT1S1	-3.95325	-0.52981	2.2185	-0.331913	0.531974	-3.4195	-1.91353
AKT2			-3.84634				
AKT3	-0.407635	0.877566	0.6195	0.0892405	0.703083	0.232729	1.01291
AKTIP	-1.87843	-3.01716	-0.143091				
AL023882.1			-3.20976				
AL033383.1			-1.20128				
AL080274.2			-1.38928				
AL096711.2			-3.13898				
AL109758.1			-1.07811				
AL109938.1			-2.98142				
AL117209.1			-1.84138				
AL135932.1			-1.59194				
AL136139.1			0.077093				
AL136419.1			-1.24772				
AL137229.4			1.72185				
AL139377.1			-0.301669				
AL161668.2			-6.02905				
AL355922.1			1.88962				
AL355985.2			-0.856824				
AL355987.1			-2.23662				
AL358813.3			-1.70302				
AL359392.2			1.8832				
AL589182.2			-1.0444				
AL589765.4			2.84707				
ALAD			-1.84249				
ALAS1	1.12246	1.01254	4.07147				
ALAS2			-1.27516				
ALB	-2.69278	-2.46148	-3.99118				
ALCAM	-0.791333	-1.9474	-2.81902	-0.327435	-0.657369	-1.29749	-1.71128
ALDH16A1			0.913811				
ALDH18A1			-3.54838				
ALDH1A1	-1.22246	0.269501	2.93141	0.0375563	0.562508	-0.0837825	0.469288
ALDH1A2			-2.16522				
ALDH1A3	0.390507	2.44406	3.21465	0.0597401	0.918084	2.65626	2.91352
ALDH1B1	0.496483	1.28268	3.96585	-0.10888	0.583444	-2.18733	-1.37019
ALDH1L1	-0.985885	-1.91693	-3.69294	-0.108813	-0.467787	0.882177	0.318056
ALDH1L2	-0.822907	0.247708	-0.876602				
ALDH2	-0.776061	-1.88197	-6.09131	-0.155941	-0.690232	1.22041	0.344894
ALDH3A1			3.85765				
ALDH3A2	3.85965	1.48942	-0.099638	0.401558	-0.41406	-0.236214	-0.908573
ALDH3B1			-0.841976				
ALDH3B2			1.51015				
ALDH4A1	-0.830016	-1.8556	-2.53806	-0.133752	-0.475379	0.844713	0.222566
ALDH5A1	-1.88496	-2.55934	-3.65648				
ALDH6A1	-1.24571	-2.16434	-3.09055	-0.299169	-0.466107	0.772287	0.337316
ALDH7A1	-2.75884	-3.16942	-5.67974	-0.232547	-0.608584	-0.777333	-1.32128
ALDH8A1	-0.353211	0.465593	-3.38978				
ALDH9A1	-2.12199	-2.5628	-6.13985	-0.296128	-0.735741	-1.80761	-2.38685
ALDOA	2.16158	0.934496	-3.20499				
ALDOB			2.216				
ALDOC	-0.804894	-0.487952	0.003438	-0.145576	0.44353	-0.482356	-0.170993
ALG1	-1.58827	-0.441813	-2.96343				
ALG10	0.581045	1.1887	0.081689	0.0945414	0.00845838	2.94795	3.56768
ALG10B	0.83827	1.99403	0.849873	0.258315	0.159625	4.40286	5.00234
ALG11			-1.5248				
ALG12			0.487746				
ALG13	5.73185	4.52914	1.71804				
ALG14			0.910822				
ALG1L	1.16485	-0.793078	-0.143154				
ALG1L2			-2.80005				
ALG2	-1.84495	0.556372	0.967895	-0.192379	0.53521	1.23621	1.9164
ALG3	-0.517596	0.904412	4.65878	-0.0526651	0.455028	-1.44826	-0.952649
ALG5	-0.988098	-2.43559	-2.95683	-0.389578	-0.364872	-3.30849	-3.98432
ALG6			2.00047				
ALG8	-2.98577	-5.10327	-4.26307	-0.196981	-0.645232	-2.91274	-3.61058
ALG9	-2.91492	-3.2129	0.23282				
ALK	1.5695	-0.540583	-0.006681	-0.275989	-0.511257	-1.31017	-1.69299
ALKAL1			-0.726433				
ALKAL2	-1.34351	-2.34574	-2.83653	-0.171009	-0.902123	-4.05988	-3.16553
ALKBH1	0.87899	1.84662	-3.53078				
ALKBH2	1.76529	2.94274	4.97253	0.104709	0.459854	0.847354	1.46696
ALKBH3	0.584339	1.34708	5.39172				
ALKBH4			1.16488				
ALKBH5	-2.23284	-0.325322	-3.83514				
ALKBH6			6.18711				
ALKBH7	1.06977	-0.363324	1.8399	-0.102944	-0.535787	-0.0769942	-0.751738
ALKBH8	0.649026	2.15253	-2.90795	0.124611	0.578039	-0.228219	0.630224
ALLC			-2.55272				
ALMS1	-5.00504	-1.93537	-8.2873				
ALMS1P1	-4.92222	-3.82177	-5.78014				
ALOX12			-3.42193				
ALOX12B	2.29948	3.21319	2.28017				
ALOX12P2			-1.62088				
ALOX15			0.287672				
ALOX15B	3.05784	1.96475	4.29211				
ALOX5	-2.39202	-2.78356	-3.56778	-0.264248	-0.677425	-3.60895	-3.77473
ALOX5AP	-2.18796	-2.85094	-1.26741	-0.261236	-0.551257	-3.64489	-3.96702
ALOXE3			0.18435				
ALPI			0.586957				
ALPK1	-5.43406	-5.32819	-5.87914	-0.373127	-0.024583	-7.96099	-7.47993
ALPK2			-3.26652				
ALPK3			4.48209				
ALPL	2.16209	-0.0915065	6.97925	0.313377	-0.627067	0.700839	-0.586323
ALPP			-2.44976				
ALPPL2			-3.12115				
ALS2	1.48481	2.64101	1.05804	0.291746	0.459665	2.95105	3.43294
ALS2CL	7.4715	4.60583	6.51789	0.444439	0.299319	5.18062	5.4887
ALS2CR11			-3.47908				
ALS2CR12	-3.14676	-2.54515	-5.93903	-0.237452	0.106348	0.0588711	0.309358
ALX1			2.30134				
ALX3	-4.05752	-0.773586	-2.6755	-0.163222	0.757813	-1.7265	-0.27035
ALX4			-4.66042				
ALYREF	1.70247	-0.660453	-1.41979	-0.0885435	-0.75907	0.895994	-0.108895
AMAC1			-1.16248				
AMACR	0.928567	1.29481	2.16685				
AMBN			-2.14444				
AMBP			0.593907				
AMBRA1			0.232201				
AMD1	-3.25125	0.224152	-4.53547	-0.0842477	0.646305	-1.00741	0.128992
AMDHD1	2.30824	2.33512	6.24646	0.0046631	-0.0357811	0.727886	0.691752
AMDHD2			0.714066				
AMELX			-4.86611				
AMELY			-2.41417				
AMER1	1.89584	3.2131	2.76377	0.0738989	0.654106	0.999927	1.53516
AMER2			-0.767764				
AMER3	5.40348	5.80363	1.33821				
AMFR			-3.35167				
AMH	1.83946	2.56261	2.23511	0.11079	0.547075	0.344786	1.06418
AMHR2			0.549613				
AMIGO1	2.18828	2.864	4.94249				
AMIGO2	5.20942	0.209519	6.08098	0.124867	-0.884532	4.52125	0.999657
AMIGO3			-4.17415				
AMMECR1	-1.81888	1.24213	0.177903	-0.069065	0.732492	0.518985	1.62938
AMMECR1L	0.180217	1.72657	-0.238147				
AMN			-1.2346				
AMN1	1.03947	-1.13631	1.44515	0.159617	-0.660143	-0.724103	-1.53655
AMOT	-0.506073	-1.38059	-3.21758				
AMOTL1	-4.38302	-2.28443	-3.88623				
AMOTL2			2.79629				
AMPD1			-1.90083				
AMPD2			-1.33242				
AMPD3	-0.0971266	0.853484	1.11704	-0.333184	0.511665	-2.85415	-1.59236
AMPH	1.04078	1.34415	-0.582167				
AMT	0.000882561	1.40423	-0.514852	0.0400236	0.406496	1.89272	2.72211
AMTN			-3.45389				
AMY1B			-3.87305				
AMY2A	-0.065381	0.697405	-3.394	0.0216691	0.0733496	1.06538	1.60887
AMZ1	-2.83957	-4.28201	-5.53205	-0.260802	-0.718181	-4.15263	-4.95371
AMZ2	1.48796	-0.256214	1.27193				
AMZ2P1	-0.486999	-1.88665	-0.196176	0.254536	-0.615574	0.421	-0.379944
ANAPC1	1.7429	3.01586	-0.596112	0.112846	0.462656	2.66598	3.34816
ANAPC10	0.899521	2.37717	-1.54223	-0.0324624	0.454638	1.5819	2.42464
ANAPC11	0.81474	-1.3583	0.207417	0.0698991	-0.592111	0.934142	-0.194644
ANAPC13	-1.73505	-2.39832	-3.91672				
ANAPC15	1.03252	-0.621918	2.66528				
ANAPC16			-2.20506				
ANAPC1P1			-1.22979				
ANAPC2			6.08381				
ANAPC4	-0.469441	0.807595	-3.94589	-0.0126403	0.251376	1.21319	2.07553
ANAPC5			-0.904427				
ANAPC7	-0.839042	0.0234147	1.69162				
ANG	0.147877	-0.793739	-0.179725	-0.308869	-0.439029	1.0786	0.663596
ANGEL1	0.523566	-0.0614992	-0.248909	-0.156629	0.113537	-1.0004	-1.24457
ANGEL2	-0.451592	0.69237	-3.03853	0.0386017	0.128377	0.843159	1.32728
ANGPT1	-2.54037	-3.11545	-2.66715	-0.496409	-0.447225	-1.06795	-1.4943
ANGPT2	-0.0890798	0.395439	2.74308				
ANGPT4			-0.993155				
ANGPTL1	0.361472	-1.40619	-2.6419				
ANGPTL2	-3.91469	-0.581956	1.08881	-0.265964	0.487143	-1.68743	-0.610176
ANGPTL3			0.474056				
ANGPTL4	-0.725613	-1.59016	-2.40867	-0.269987	-0.502777	0.902635	0.241871
ANGPTL5			0.781656				
ANGPTL6	2.46393	0.233059	2.27743				
ANGPTL7			1.10552				
ANGPTL8	4.94342	5.71753		0.483104	0.54278	5.12754	5.55722
ANK1	-0.66657	1.35133	0.156091	-0.0360068	0.953907	-1.62064	0.242569
ANK2			-2.19549				
ANK3	1.1247	-0.818548	1.37681	0.0552266	-0.853882	1.59821	0.203145
ANKAR			-2.38614				
ANKDD1A	-0.553851	-1.34301	-6.35097	-0.24595	-0.584897	0.993791	0.774185
ANKFN1			-2.59807				
ANKFY1	-2.18822	0.0793093	-5.73052				
ANKH	0.0636294	1.62661	1.41348	0.0143802	0.86554	-0.0766793	0.948816
ANKHD1	-0.52325	0.77983	-1.07283				
ANKIB1			-2.7283				
ANKK1			-0.632303				
ANKLE1			1.13885				
ANKLE2	3.81261	0.688844	2.75009	0.101074	-0.729887	1.5776	0.271238
ANKMY1			3.35845				
ANKMY2	1.73602	2.20267	0.177445				
ANKRA2	-0.383688	-1.54059	-5.68594	-0.273997	-0.509012	-0.801607	-1.00924
ANKRD1			-0.656235				
ANKRD10	-0.400452	-0.962292	-1.63727				
ANKRD11			-6.15014				
ANKRD12	2.80799	1.99162	0.659665				
ANKRD13A	-5.53583	-0.605429	-3.1686	-0.424524	0.579354	-3.56712	-1.91735
ANKRD13B			2.79255				
ANKRD13C	2.39345	2.64551	-0.335099				
ANKRD13D			-1.00496				
ANKRD16	-1.93549	0.333832	-3.71152	0.0499512	0.359317	-1.45149	-1.03762
ANKRD17			-0.070627				
ANKRD18A	-5.32754	-2.46356	-6.45252	-0.67073	0.0241172	-5.42111	-5.19868
ANKRD18B	-2.31972	-1.16407	-8.36011	-0.271382	-0.0936889	-1.33035	-1.28543
ANKRD18CP	-5.14318	-2.60016		-0.27277	0.301663	-1.93258	-1.61575
ANKRD18DP	-0.696296	0.701731		-0.377192	0.267693	0.902578	1.45085
ANKRD19P	-0.0161293	-1.69472	-4.07062	-0.131093	-0.848269	0.0950654	-0.760045
ANKRD2	1.84811	2.22705	-0.294813	0.265358	0.568041	-0.423244	-0.17903
ANKRD20A1			-4.27704				
ANKRD20A11P	-3.09919	-3.19283	-3.1737	0.10397	0.190547	-2.37492	-2.35811
ANKRD20A12P	-3.53858	-0.855903	-5.94414	-0.166173	0.537142	-0.871437	-0.168891
ANKRD20A13P			-4.94392				
ANKRD20A4-ANKRD20A20P	-3.5461	-0.321963		-0.25747	0.680017	-1.00011	-0.0447662
ANKRD20A5P	-1.05768	-1.70596	-2.70108	0.161722	0.00207738	-2.04102	-2.27406
ANKRD20A7P			-3.64234				
ANKRD20A8P	-0.132657	1.62374	-4.85494	-0.069631	0.673641	1.75731	2.65053
ANKRD20A9P	-2.97823	-0.69181	-4.58108	-0.0787368	0.52196	-0.759062	0.0215149
ANKRD22			1.02588				
ANKRD23	-1.125	0.711401	-3.81887				
ANKRD24	5.84233	5.7395	6.9486	0.524849	0.59539	6.2347	7.15503
ANKRD26	-0.816129	0.866686	-2.51649	0.170617	0.497368	1.01396	1.69795
ANKRD27	2.65658	2.9263	3.10344	0.146572	0.211159	1.79964	1.86973
ANKRD28	5.79545	3.56144	4.41901	0.429125	-0.140291	3.54163	3.42039
ANKRD29	-1.80246	0.621382	0.345123	-0.123824	0.86019	-3.30069	-1.12077
ANKRD30A			1.64739				
ANKRD30B	6.53678	2.44576		0.510045	-0.596708	5.53018	3.61413
ANKRD30BL	2.01501	0.115828	1.33583	0.233928	-0.51889	3.73758	2.57081
ANKRD30BP2	1.95431	0.0199984	-3.59677	0.190966	-0.633627	1.75303	0.846709
ANKRD31			3.09493				
ANKRD33			-1.63953				
ANKRD33B	1.64552	2.56564	-1.91212	0.445732	0.566475	2.04996	2.56723
ANKRD34A			3.36178				
ANKRD34B			-4.38492				
ANKRD34C	2.36642	2.90343	6.28062	0.192013	0.743273	2.78836	3.0516
ANKRD35			-1.68271				
ANKRD36			-1.24799				
ANKRD36B	-2.26234	-1.58385	-6.76901				
ANKRD36BP1	-1.54166	-0.51547	-9.12086				
ANKRD36BP2	-2.04988	-2.105	-8.26887	-0.227637	-0.23084	0.566625	0.720462
ANKRD36C	-2.05378	-0.475365	-5.9493				
ANKRD37	0.0688789	1.41918	-0.823817	-0.0685296	0.710522	0.229599	0.941069
ANKRD39			1.07032				
ANKRD40			1.80394				
ANKRD42	-1.07948	-0.9301	-2.71808	-0.129738	0.589881	-3.26612	-2.4174
ANKRD44	-3.01069	-1.37689	-6.25326				
ANKRD45	-1.57943	-0.995458	-6.34048	-0.26227	-0.155042	0.071095	0.426945
ANKRD46			4.51717				
ANKRD49	0.374307	1.46682	-4.42048	0.128306	0.164101	1.13186	1.71734
ANKRD5			3.05778				
ANKRD50	2.18044	-0.00363256	-1.1768	0.113883	-0.798823	2.58558	0.782821
ANKRD52			0.548283				
ANKRD53			-0.653011				
ANKRD54	-1.93826	-2.64197	-2.82516	-0.255787	-0.626417	-3.10104	-3.41389
ANKRD55	4.55428	0.711116	4.98694	0.316203	-0.504321	6.55582	4.23595
ANKRD6	2.34652	-0.552534	-0.975641	0.0365135	-0.946027	3.39181	0.755632
ANKRD60			-2.87308				
ANKRD62	-2.07931	0.0706475	-3.45334	-0.219912	0.77958	-5.46448	-2.08039
ANKRD65	0.307455	1.41852	2.01692	0.132235	0.587001	-0.102254	0.678291
ANKRD7			4.00677				
ANKRD9	-2.43858	-0.616618	3.82391	-0.175437	0.727764	-0.947027	-0.00489861
ANKS1A	-1.44331	0.518164	-1.15703	-0.093715	0.698409	0.217786	0.987018
ANKS1B	-0.0166249	0.82547	-4.13904	0.182035	0.216153	1.67511	2.27817
ANKS3	1.54288	2.65109	-2.25911	0.0371258	0.624555	1.14234	2.01548
ANKS4B			-1.73267				
ANKS6	0.904827	2.28307	3.58277	-0.0971196	0.867907	0.230337	1.20604
ANKZF1	1.1403	2.26194	2.45196	0.0507049	0.509055	2.2983	3.21824
ANLN	-0.978115	-0.187529	0.475068	-0.465432	0.141166	-3.25907	-2.60428
ANO1	1.80371	2.7956	-1.40941				
ANO10	0.369472	-0.29719	-1.83875	-0.0244811	-0.53401	2.71012	2.1147
ANO2	1.15952	-0.846586	-2.98039	-0.110805	-0.608895	1.50598	0.555703
ANO3	4.54016	-0.13398	3.19083	0.221192	-0.795946	1.18756	-0.543629
ANO4			-1.69746	-0.365862	0.392149	-1.54686	-1.06749
ANO5	2.33956	2.98505	2.14975	0.389102	0.687851	1.88144	2.29937
ANO6	-5.71677	-4.00756	-6.34635				
ANO7	1.77785	2.1911	4.19456	-0.0704215	0.306998	1.4775	1.6781
ANO8	-1.09279	-0.341382	0.853552				
ANO9			0.733643				
ANOS1	0.563251	-0.765888	-4.50117	-0.11115	-0.717654	2.45188	1.64656
ANP32A	-3.96008	-1.20302	-7.14868	-0.438568	0.198462	-4.03224	-3.6041
ANP32A-IT1	-2.0773	-0.323927	-5.15256				
ANP32AP1	-10.4319	-4.76674	-7.58239				
ANP32B			-2.53202				
ANP32BP1			-3.46501				
ANP32C			-1.11139				
ANP32D	-6.06151	-3.38531	-7.48571				
ANP32E	-1.02864	-1.88092	-6.92474	-0.131911	-0.679442	1.23476	0.434606
ANPEP			1.87232				
ANTXR1	-2.08264	0.587654	-4.23887	-0.101867	0.637668	0.673063	1.74337
ANTXR2	-2.57797	-0.668608	-0.119499	-0.29259	0.191745	-1.42255	-1.2329
ANXA1	-0.191317	-0.41145	-0.150501	-0.150182	-0.36622	-1.21027	-1.81078
ANXA10			-0.18235				
ANXA11	0.350252	-1.22073	-3.50295	0.0915278	-0.702691	0.864305	0.028804
ANXA13			-0.754685				
ANXA2	-4.96735	-4.75448	-4.003	-0.465605	-0.523594	-3.58781	-3.94472
ANXA2P1	-2.86163	-3.95188	-2.5507				
ANXA2P3	4.84715	4.65103	5.17847	0.441135	0.490987	5.25046	6.31316
ANXA2R			-3.49463				
ANXA3	0.103186	0.661399	-0.485173	-0.141747	0.489906	-0.608242	-0.216817
ANXA4	-0.315187	-1.09996	-0.806364	-0.449842	-0.0823584	-3.1443	-3.44849
ANXA5	-5.03327	-3.62356	-3.23228	-0.644209	0.424326	-4.87954	-3.34619
ANXA6	0.283491	0.89914	1.0909	0.177305	0.63966	-1.99236	-1.60143
ANXA7			-4.39771				
ANXA8			4.9509				
ANXA9			-3.90792				
AOAH	-4.77965	-5.3724	-1.11285				
AOC2	2.36586	2.64986	0.324377				
AOC3			-2.46415				
AOC4			-1.94252				
AOX1			-6.36211				
AP000345.1			-2.90917				
AP000347.4			-2.11408				
AP000459.4			-1.93579				
AP000654.2			-0.90329				
AP000679.1			-1.82056				
AP000751.3			0.92426				
AP000812.2			-5.09427				
AP000843.1			5.38281				
AP000872.1			-2.43436				
AP000880.1			-5.81966				
AP000911.1			7.146				
AP000926.2			-1.79427				
AP001011.3			-3.37735				
AP001053.11			0.794204				
AP001107.1			-0.293493				
AP001372.1			-1.85065				
AP001816.1			6.87895				
AP001931.1			-2.51949				
AP002373.1			-1.27093				
AP002380.3			-3.83899				
AP002448.1			-1.56205				
AP003108.2			-1.62711				
AP003115.1			-1.12847				
AP003117.1			-2.82025				
AP003170.1			-3.89549				
AP003355.2			-0.490276				
AP003716.1			-0.342212				
AP004607.4			5.10829				
AP005433.1			8.18077				
AP005668.1			1.31133				
AP006216.1			-1.98716				
AP006285.4			0.455909				
AP1AR	-2.30631	-0.445362	-0.563566				
AP1B1			-0.238186				
AP1G1			-0.392039				
AP1G2	2.15456	2.88373	-0.707522	0.258331	0.197096	4.12881	5.18266
AP1M1	2.64814	1.83089	1.76507				
AP1M2			3.22296				
AP1S1	1.69433	-0.803842	1.08264	0.209421	-0.638146	-0.335156	-1.48251
AP1S2	-0.802498	-0.68903	-0.436268	0.100678	0.610279	-2.17356	-1.61155
AP1S3	-0.414766	0.853789	-1.91046				
AP2A1			5.28108				
AP2A2	2.77238	0.513709	-1.01677	0.220746	-0.808146	0.750412	-0.435231
AP2B1	0.0214104	-1.99756	-0.811961	-0.0482028	-0.765075	-1.18174	-1.90942
AP2M1	1.4683	-0.50126	1.09425				
AP2S1	0.818564	-1.04887	5.48863	0.147753	-0.624964	-0.621303	-1.42448
AP3B1	-3.13452	-4.09376	-0.341666				
AP3B2	4.19254	1.80765	2.07194	0.407752	-0.691123	3.12948	1.22088
AP3D1			-4.99058				
AP3M1	-1.32717	-2.43154	-0.496872				
AP3M2	4.32807	0.82654	2.34499	0.441118	-0.710804	4.49978	1.78336
AP3S1	1.12041	-1.52793	-2.72076	0.0585442	-0.888908	0.0109649	-1.12708
AP3S2			1.61625				
AP4B1	-0.073721	1.26028	-0.898255				
AP4E1	0.933406	1.94497	-0.942322	-0.104734	0.605517	1.12679	1.57983
AP4M1			2.61479				
AP4S1			4.7407				
AP5B1	-1.33904	0.201231	-1.02177				
AP5M1	-2.37231	0.330975	0.947274	-0.0196716	0.47744	-0.751315	-0.181435
AP5S1	-0.495176	-1.61687	-3.36414	-0.117037	-0.600008	-2.16187	-2.6875
AP5Z1			2.16379				
APAF1	-0.983991	-1.60383	-7.42506	-0.1226	-0.718628	0.308536	-0.268545
APBA1	0.0698776	-1.06117	-0.330011	0.238914	-0.528439	0.708979	0.0408993
APBA2	2.46087	3.36609	1.16487				
APBA3	-0.670378	0.0550509	-0.357964				
APBB1			2.42515				
APBB1IP	-3.12098	-3.02959	-1.81871	-0.265941	-0.708552	-3.89354	-3.85954
APBB2	0.33843	0.580822	1.68505	-0.240608	0.24788	-1.23207	-1.15488
APBB3	2.16668	2.47182	4.28691				
APC			-2.02567				
APC2			-3.28616				
APCDD1	-1.75719	-2.63666	-2.68474	-0.287675	-0.611146	1.36751	0.782063
APCDD1L			-4.14513				
APCS			-1.98103				
APEH	4.03739	1.66901	7.75912	0.363193	-0.40018	1.74267	0.894079
APEX1			1.39257				
APEX2	4.05323	1.11334	1.54961	0.180542	-0.371624	1.47405	0.693856
APH1A	-1.19769	-0.947063	-1.93288				
APH1B	-2.13859	-3.0533	-3.34318				
API5	2.15516	2.97679		0.30293	0.391007	2.57132	3.03527
API5L1			3.06481				
APIP	-2.98853	0.0266035	-1.48667	-0.385826	0.667742	-3.57948	-1.44238
APLF			-0.115153				
APLN	-2.92445	-3.36746	-7.25577	-0.542016	-0.658189	-0.492581	-1.05569
APLNR	-1.9277	-2.55604	-6.32205	-0.439853	-0.637043	-0.959986	-1.34465
APLP1			-0.501558				
APLP2	3.49036	2.99014	-0.81169				
APMAP	5.02868	1.20913	-1.5219	0.328032	-0.642667	3.54398	1.79561
APOA1			-0.241641				
APOA2			-2.79125				
APOA4			-1.02851				
APOA5			2.27926				
APOB			-2.41985				
APOBEC1			-2.06242				
APOBEC2			-0.557799				
APOBEC3A			-2.75436				
APOBEC3B			-2.47582				
APOBEC3C			2.39696				
APOBEC3D			-0.788534				
APOBEC3F			-0.648582				
APOBEC3G			0.116064				
APOBEC3H			-1.89252				
APOBEC4			-2.26603				
APOC1	-2.24637	-3.13932	-1.98721	0.0314148	-0.649907	-2.20171	-2.4904
APOC3			1.87015				
APOC4			-1.54394				
APOD			1.04524				
APOE	-2.09062	-2.91514	-6.19857	-0.154876	-0.666009	-0.041888	-0.621905
APOF			-1.03105				
APOH			-1.3923				
APOL1	1.35653	2.07379	2.19344	0.201643	0.660375	-0.234852	0.224375
APOL2	1.25995	2.29908	5.57088	0.140472	0.851269	0.199806	0.80276
APOL3			-0.964473				
APOL4	1.71376	2.28104	-2.93823				
APOL5			0.290338				
APOL6			-2.42545				
APOLD1	-0.990341	-0.0562797	-0.950392	-0.27159	0.340226	-1.69199	-1.17055
APOM	-0.321334	-1.65648	-0.60262	-0.300705	-0.650797	0.282399	-0.221818
APOO			6.51448				
APOOL	-1.03699	-0.86581	-0.300389				
APOPT1	-2.57993	-3.12559	-2.42832	0.0342891	-0.767548	-2.85089	-3.01573
APP			0.096108				
APPBP2	1.93633	2.88042	2.77392	0.089604	0.529786	0.509374	1.00401
APPL1			-0.716796				
APPL2	-3.66658	-4.16176	-5.46857				
APRT	0.950796	-0.821362	3.51313	0.154105	-0.530269	-0.367199	-1.10834
APTR	-1.10906	-2.32763		-0.139327	-0.852728	-2.43202	-2.60086
APTX			-1.96174				
AQP1	0.270114	0.00473535	-2.02872	-0.465295	-0.435247	1.00565	0.890429
AQP10			-3.6887				
AQP11	2.20387	2.08377	3.39701				
AQP12A			-3.42569				
AQP2			-3.00414				
AQP3			-5.52698				
AQP4	-0.665781	-1.79527	-4.4196	-0.236719	-0.691544	1.79414	0.886789
AQP5	-3.76253	-5.43235	-6.4512	-0.3159	-0.518982	-3.59144	-4.4141
AQP6			-3.58056				
AQP7			-2.18015				
AQP7P1			-1.18985				
AQP7P2			0.508228				
AQP8			-2.15406				
AQP9	6.59029	2.93268	6.03816	0.452395	-0.532196	4.6279	2.96505
AQR	-2.2896	0.201102	-1.65838				
AR	-0.298535	1.11013	2.06788	-0.109005	0.809491	-1.53124	-0.37366
ARAF			-1.68447				
ARAP1	-2.01892	-1.04617	-5.9478				
ARAP2	0.905468	1.86681	3.87345	0.256248	0.466291	2.18022	2.54118
ARAP3	2.60624	3.71796	3.59555	0.423051	0.348548	5.7502	6.02919
ARC	0.208747	1.78491	5.99949	0.167937	0.772787	0.332926	1.15347
ARCN1			-0.999366				
AREG			1.47538				
AREL1			-2.59509				
ARF1			-4.40681				
ARF3	4.34333	1.04643	1.29342	0.396547	-0.584655	2.99959	1.50431
ARF4	-0.258818	-1.64325	-0.509728				
ARF5			5.17473				
ARF6			0.789903				
ARFGAP1	1.48923	2.31384	-0.024677				
ARFGAP2			-4.91322				
ARFGAP3	1.23976	-0.846329	-2.36505	0.0545103	-0.602154	1.69485	0.861363
ARFGEF1	-1.46964	0.445046	-0.539543	-0.0330814	0.386961	-2.75836	-2.10181
ARFGEF2	0.892306	1.85506	-0.371744	-0.0675273	0.632196	-0.44787	0.342276
ARFGEF3	0.848926	-1.56195	-0.813709	0.0986598	-0.796965	0.456823	-0.66487
ARFIP1	1.83844	0.511779	-0.988528				
ARFIP2	4.51811	3.16349	4.50449				
ARFRP1	1.97364	3.19395	-0.214212				
ARG1			4.83272				
ARG2	1.54422	2.63372	1.93447	0.0415825	0.384214	0.555295	1.05798
ARGLU1	-2.93933	-3.61789	-7.57411				
ARHGAP1			1.20289				
ARHGAP10	0.315288	1.09281	3.35767	0.25274	0.246817	0.50224	0.865297
ARHGAP11A			3.76776				
ARHGAP11B			1.66894				
ARHGAP12	5.29672	-0.0660413	0.573703	0.0828919	-0.823585	4.6173	1.923
ARHGAP15			2.41494				
ARHGAP17			-2.37544				
ARHGAP18	-3.94446	-4.5348	-6.49919	-0.10841	-0.667841	-2.12314	-2.51404
ARHGAP19			-0.047142				
ARHGAP20	6.30782	3.73247	4.6551				
ARHGAP21			-0.003135				
ARHGAP22	-2.34664	-2.32647	-1.45346	-0.519793	-0.360282	-4.70412	-5.40153
ARHGAP23	-0.32244	-2.06822	-1.23551				
ARHGAP24			-1.11536				
ARHGAP25	2.29422	2.35568	1.23648	-0.036309	-0.127331	1.48116	1.20231
ARHGAP26	3.36715	3.89709	3.20747	0.237941	0.744475	2.38772	2.65652
ARHGAP27	-5.3025	-1.96756	-2.70753	-0.227982	0.35858	-1.82173	-1.46854
ARHGAP27P1	0.00312707	1.41861		0.0663805	0.406482	0.85496	1.59069
ARHGAP27P2	3.1891	4.8423		0.161616	0.59162	4.91827	5.42561
ARHGAP28	5.77606	0.713891	5.26253	0.329482	-0.789663	8.95382	3.19649
ARHGAP29	4.69713	3.53343	4.87905	0.659289	0.31299	5.84226	6.17961
ARHGAP30			0.825138				
ARHGAP31	-1.80324	-2.5458	-0.585106	-0.140775	-0.301394	1.37474	1.05483
ARHGAP32	-0.198705	1.30373		0.317	0.445947	1.27521	2.06791
ARHGAP33	1.97314	-0.929933	-1.8733	0.0752119	-0.86779	3.03237	0.634533
ARHGAP35			-1.22906				
ARHGAP36	-0.694266	-2.0508		-0.15256	-0.811169	-0.0153224	-0.770511
ARHGAP39	-0.0213738	1.88465		0.101765	0.786679	1.53781	2.29719
ARHGAP4	0.130857	-1.43077	-3.19216	-0.272786	-0.829956	0.436268	-0.448187
ARHGAP42	0.896495	-0.322611	1.67298	-0.151945	-0.370855	2.46772	2.21841
ARHGAP44	-0.280519	1.1192		-0.127915	0.602966	-1.58197	-0.832958
ARHGAP45	-1.27148	-2.26634	-2.81329	-0.276423	-0.563984	-3.30752	-3.73745
ARHGAP5			-2.38583				
ARHGAP5-AS1	-0.261289	-1.52842		-0.0583746	-0.719129	1.31038	0.369761
ARHGAP6	-2.23589	-3.28254	-9.51844	-0.195561	-0.769039	-1.84803	-2.1667
ARHGAP8			-0.286237				
ARHGAP9	0.0825268	1.39808	7.55745	0.0605615	0.878494	-1.29756	-0.221886
ARHGDIA	1.86933	-1.10819	-0.971454	0.0975377	-0.819161	0.131385	-1.04005
ARHGDIB	1.13466	-0.893258	5.17965	0.115813	-0.365366	-0.506516	-1.41051
ARHGDIG	5.12009	0.758937	8.24859	0.252485	-0.720241	2.95562	0.787183
ARHGEF1			2.07713				
ARHGEF10	-0.0925145	0.727379	0.649481	-0.361962	0.295064	0.175556	0.567813
ARHGEF10L	-2.46132	0.654125	-5.95772	-0.401064	0.510938	-1.01901	-0.176561
ARHGEF11	-1.45102	0.403167	1.5914	0.0883167	0.801871	-0.219194	0.798477
ARHGEF12	1.48383	2.58496	-0.182202	0.299345	0.701985	3.45562	4.174
ARHGEF15			-2.1096				
ARHGEF16	1.0281	1.92506	4.41943	-0.275136	0.306976	0.426492	0.719991
ARHGEF17	1.58603	2.26396	-0.786722	0.0809384	0.725054	0.795257	1.10677
ARHGEF18	-0.00483411	1.82062	4.01146	-0.00979046	0.74906	0.408392	1.03355
ARHGEF19			-2.18299				
ARHGEF2	1.07327	1.83127	2.23941	0.16049	0.429558	0.396364	0.669757
ARHGEF25	4.88074	3.44876	5.51981				
ARHGEF26	-2.18466	-2.78973					
ARHGEF26-AS1	-2.1888	-2.66583		-0.169601	-0.65443	1.31946	0.749146
ARHGEF28	2.48405	-0.469165		-0.0168196	-0.87526	0.0739304	-1.18403
ARHGEF3	1.68997	2.34346	3.62834				
ARHGEF33	-1.73472	-1.21901					
ARHGEF4	1.00989	0.114738	-1.86485	-0.0499029	-0.176781	-0.33837	-0.754767
ARHGEF40	-2.9083	-2.94521		-0.36692	-0.714689	-0.361159	-1.11006
ARHGEF5			-3.60804				
ARHGEF5L			-0.278005				
ARHGEF6	-2.45285	-2.74393	-3.84943	-0.401568	0.165166	-2.1015	-1.96368
ARHGEF7	-4.34221	0.399748	2.7749	-0.126108	0.772367	-0.929434	0.35852
ARHGEF9			-1.83305				
ARID1A	-0.0379544	-0.157239	0.396014				
ARID1B	-1.45868	0.403347	-5.41916				
ARID2	2.19841	2.86053	0.4359	0.0418654	0.707515	2.12963	2.63522
ARID3A	-0.423224	0.630476	-2.10412				
ARID3B	-4.56284	-1.39794	-6.28101	-0.272533	0.343682	-2.67349	-1.8582
ARID3C	1.03412	1.51345	1.51373				
ARID4A			0.147656				
ARID4B	0.485432	1.9624	-1.52185				
ARID5A	7.55939	4.48269	5.05961	0.612983	0.0841907	7.44839	7.51948
ARID5B	-0.480587	1.50276	-1.35521	-0.127833	0.667234	0.165525	1.22056
ARIH1	0.715638	1.94772	-0.759155				
ARIH2	-3.61935	0.513915	-4.20716	-0.120205	0.786411	-1.8925	-0.3303
ARIH2OS			-1.23389				
ARL1			-3.80399				
ARL10	0.745561	-0.798423	-1.93594	0.0998742	-0.757766	1.72392	0.660201
ARL11			-1.41312				
ARL13A			-0.809837				
ARL13B	-3.83051	-0.489977	-2.14769	-0.306311	0.601252	-1.86028	-0.465746
ARL14			1.04063				
ARL14EP	0.185265	-0.739252	0.416931				
ARL15	3.07501	0.306901	1.34786	0.127675	-0.761611	1.23393	-0.357598
ARL16	-0.976559	-2.09597	1.70817	0.121977	-0.830676	-1.95661	-2.15291
ARL17A	-0.503127	0.37877	-5.05505	-0.0427977	0.0504879	0.633785	1.11396
ARL17B	-2.04951	-0.580028					
ARL2	0.529469	1.13571	1.66125				
ARL2BP	-0.7108	1.15454	-1.33275	0.0966778	0.734661	0.733977	1.40696
ARL3	-0.0494137	-1.67997	-3.17064	-0.0287523	-0.62184	0.0273697	-0.981194
ARL4A	-0.472133	-0.661305	-2.00531	0.267587	-0.0839841	0.381812	0.391759
ARL4C	3.92777	6.23601	3.1099	0.128972	0.648098	5.97066	6.14871
ARL4D	1.64698	1.84421	5.3702	0.23771	0.167474	-0.0523531	-0.179307
ARL5A	-3.02904	-0.390317	-5.74915	-0.264532	0.249037	-2.96174	-2.54465
ARL5B	1.53877	2.50928	2.35922	0.214722	0.736245	1.93279	2.18757
ARL5C			-1.27833				
ARL6	3.95415	4.15365	4.2119	0.0980415	0.279976	-0.0407929	0.353519
ARL6IP1	1.49477	-0.293576	-2.98509				
ARL6IP4	0.910803	-0.321543	-0.55788				
ARL6IP5	1.26379	1.87578	6.45309	0.299784	0.627681	-0.390718	-0.00650292
ARL6IP6			-5.15526				
ARL8A			-3.51558				
ARL8B	2.24415	2.16219	0.066276				
ARL9	-0.950389	-1.14872	-1.08386	0.370524	-0.034349	-0.170516	-0.0231526
ARMC1	-1.33026	0.139431	-2.7048				
ARMC10	2.16146	-0.893064	2.58164	0.0568014	-0.856086	0.613542	-0.498596
ARMC10P1			1.29507				
ARMC2	0.245585	-1.09591	-2.17685	0.0684177	-0.557315	1.71228	1.32174
ARMC3			-3.78913				
ARMC4	2.80227	3.56594	-2.68812				
ARMC5			0.706942				
ARMC6			0.898785				
ARMC7	1.30483	1.68437	1.0052				
ARMC8	3.36746	3.70691	5.67486	0.441335	0.596514	1.29571	1.57891
ARMC9	0.544957	0.956499	-0.984457	0.0989842	0.353499	2.03661	2.88722
ARMCX1	4.99287	-0.00957348	-1.653	0.159275	-0.811734	4.01802	0.885249
ARMCX2	2.59408	-0.190975	0.236991	0.161303	-0.808107	0.569347	-0.804501
ARMCX3	2.16697	2.56854	3.73948				
ARMCX4	0.881233	2.3969	0.198322	0.0369185	0.619002	2.56126	3.29183
ARMCX5			-0.869988				
ARMCX6	-0.600171	-0.806405	-0.984432	-0.529267	0.0787682	-0.748869	-0.549579
ARMS2			-0.723469				
ARMT1	0.0872173	1.15058		0.166513	0.685911	-2.33778	-1.58442
ARNT	0.640727	1.84526	1.4821				
ARNT2	2.89869	-0.263609	-1.25512	0.398662	-0.506779	3.55448	2.21841
ARNTL	2.21881	2.87011	3.06969	0.367781	0.643871	1.11458	1.82176
ARNTL2	1.16139	-0.120595	-0.726697	0.253917	-0.405508	0.0196197	-0.352738
ARPC1A			0.583608				
ARPC1B	-2.16056	-2.34975					
ARPC2	1.43917	-0.930807	0.75953	0.100544	-0.709649	-0.0671742	-1.02046
ARPC3	-0.0373513	-1.8026	-2.0086	0.0932284	-0.660038	-0.766884	-1.55275
ARPC3P3			0.094647				
ARPC4	0.921197	-1.01512	0.893699				
ARPC5	-1.23847	-2.92613	-3.78882	-0.131542	-0.755633	-2.91976	-3.09941
ARPC5L	-2.91775	-2.78002	-1.50051				
ARPIN	-1.58531	-0.523999	-4.01967				
ARPP19	4.03801	0.817321	6.54172	0.403586	-0.757828	2.77747	0.701843
ARPP21	0.313097	1.89071	0.113287	0.19027	0.66166	3.33852	4.4076
ARR3			-2.26949				
ARRB1	-0.0988101	-1.42247	-5.46643	-0.205734	-0.701938	1.00149	0.112076
ARRB2	1.24741	-0.952154	-2.10474	0.223405	-0.714231	-0.374212	-1.05719
ARRDC1			3.28962				
ARRDC1-AS1	-1.73387	-0.605922	-3.2133	-0.0871918	0.407248	-1.82899	-1.36339
ARRDC2			0.520129				
ARRDC3	-0.648496	0.811371	-3.14757				
ARRDC4	-1.29724	0.0839439	-2.58317				
ARRDC5			0.302717				
ARSA			1.18228				
ARSB			-0.144354				
ARSD			-1.20331				
ARSE			4.90515				
ARSF	-1.44196	-2.66766	2.59529				
ARSG	1.99854	2.78521	0.24883	0.332246	0.608583	0.735745	1.5646
ARSH			0.552201				
ARSI			3.10203				
ARSJ	4.32288	2.90386	3.59377	0.380182	-0.293667	8.18695	6.28226
ARSK			0.166723				
ART1			0.043491				
ART3	1.87898	2.36706	5.23123	0.223554	0.381801	-0.730069	-0.498495
ART4			-1.09443				
ART5			-2.92641				
ARTN			-4.85309				
ARV1	-1.75335	-0.921743	-0.036789				
ARVCF	0.12617	-0.411849	-4.6893	0.120736	-0.486975	1.93955	1.11566
ARVP6125			-0.171923				
ARX	1.19441	0.125308	-3.45099				
AS3MT			-3.34339				
ASAH1	-2.35723	-3.70455	-6.41638	-0.45344	-0.390254	-2.24304	-2.72077
ASAH2	-2.15385	0.439355	-3.77017	-0.200093	0.54411	-2.16702	-1.21238
ASAH2B	-2.81504	0.43179	-4.65341	-0.166553	0.541264	-1.03252	-0.04282
ASAP1	3.85749	4.25444	3.43648				
ASAP1-IT1	-0.247139	1.32744	0.097303				
ASAP1-IT2	0.022109	0.889601					
ASAP2	0.419536	1.3542	0.753448	-0.0264051	0.685968	-0.0943764	0.687621
ASAP3	-2.25354	-2.94675	-5.3272	-0.429671	-0.274441	-0.840603	-1.31143
ASB1	2.35461	-0.860963	-0.136188	-0.0943964	-0.790814	0.00128795	-0.983262
ASB10			-2.79811				
ASB11			0.464462				
ASB12			-1.41954				
ASB13	0.376624	1.79178	1.38897	0.149265	0.931137	-0.67065	0.505233
ASB14			-2.3591				
ASB15			0.647078				
ASB16			-2.83909				
ASB16-AS1			-4.46523				
ASB17			-0.420176				
ASB18			-1.34529				
ASB2	6.63708	5.39478	5.84909	0.142036	-0.204269	7.55929	6.54021
ASB3			-4.5182				
ASB4			-0.451814				
ASB5	-0.594603	-1.12244	1.60013	0.0740679	-0.6149	0.216304	-0.496578
ASB6	4.52299	2.94925	7.4203	0.271765	-0.387378	1.60608	0.82165
ASB7	0.433079	1.49042	-0.950298				
ASB8	-1.67706	0.407712	-2.1713				
ASB9			-4.09763				
ASCC1			0.303841				
ASCC2			2.18981				
ASCC3	-3.46336	-2.57856	-6.21019				
ASCL1			-0.490441				
ASCL2	0.717362	-1.39412	0.650635	0.0807383	-0.941875	-0.601914	-1.36728
ASCL3			-0.386743				
ASCL4			-2.69495				
ASCL5			-3.12829				
ASF1A			-3.5368				
ASF1B			-3.11912				
ASGR1	2.98501	3.83056	6.31445	0.135421	0.453137	2.63461	3.04308
ASGR2	2.82054	2.62366	9.22081	0.236459	0.186123	1.54537	1.55659
ASH1L	-0.57891	1.11879	0.793058	0.16517	0.520685	0.459037	1.14728
ASH1L-AS1	-0.187952	-1.37916		-0.0798221	-0.752691	0.011318	-0.66245
ASH2L	5.58825	0.72091	3.17793	0.386931	-0.705664	2.32595	0.669082
ASIC1	-5.00978	-2.16757	-5.77348				
ASIC2	2.01909	-0.901695	-3.8871	-0.115196	-0.796592	-1.8387	-2.32707
ASIC3	0.535015	1.17299	-1.01259	0.14381	0.230081	3.15886	3.53811
ASIC4	1.93047	0.707257	1.78079	0.318746	-0.209328	2.86456	2.77406
ASIP	-4.84559	-5.08745	-3.97224				
ASL	3.00152	0.373948	2.12557	0.0535129	-0.63889	1.44973	0.314218
ASMT			-1.49426				
ASMTL	3.45435	2.20384	1.10833	0.0388855	-0.530821	3.388	2.03603
ASMTL-AS1	1.5906	0.813608	1.8437	0.472356	0.0908794	1.91448	2.08702
ASNA1			-0.068839				
ASNS			-0.099621				
ASNSD1	2.15971	3.10177	0.335306	0.224391	0.217309	2.41924	2.94845
ASNSP1	1.4989	1.58219		0.0358941	0.0125746	-0.656788	-0.878979
ASPA			0.786892				
ASPDH	-0.0063987	1.31701	5.83856	0.187023	0.608923	-0.514253	0.145595
ASPG			0.364613				
ASPH	-0.632723	-1.51983	-0.081239				
ASPHD1	0.274836	-0.599245	0.117543				
ASPHD2	0.125071	-0.814316	-0.659217	0.342157	-0.623246	0.1788	-0.336757
ASPM			2.52943				
ASPN			0.525002				
ASPRV1	-0.72056	1.01919	-1.91907	-0.335721	0.465533	-0.726797	0.0944775
ASPSCR1	-0.522859	1.27436	0.799871	-0.149409	0.666722	-0.669042	0.445733
ASRGL1			-2.69144				
ASS1	3.05495	0.525502	3.321	0.455411	-0.625011	3.68706	2.22524
ASTE1	1.82203	2.54901	2.52145	0.0608279	0.435067	3.31741	4.28764
ASTL			-3.38252				
ASTN1	0.871365	-1.07705	-2.84502	0.135416	-0.866288	1.252	-0.0652054
ASTN2	-1.56612	0.623427	-0.7546	-0.287981	0.515999	-1.79852	-0.820624
ASXL1			-1.06423				
ASXL2	0.26466	-0.796569	-1.12932	-0.193978	-0.395558	1.33279	0.642086
ASXL3	4.23364	0.660651	3.75338	0.206609	-0.727433	4.88754	2.44851
ASZ1			-0.151042				
ATAD1	-2.85857	0.450107	-3.53037				
ATAD2	0.119458	1.7914	-0.75066	-0.0274426	0.462786	1.44354	2.53505
ATAD2B	-0.955079	0.821837	-2.91732	-0.359621	0.267149	-0.293141	0.351049
ATAD3A	2.28918	0.963529	3.07027				
ATAD3B			1.14377				
ATAD3C			0.211921				
ATAD5	1.01786	1.75186	-1.28454				
ATAT1			0.362242				
ATCAY	3.12314	3.45806	-0.504618				
ATE1	0.583247	-0.968578	-3.69982	-0.167109	-0.567639	-0.0155142	-0.696261
ATF1	-0.623653	0.357348	-0.119249				
ATF2	5.10578	5.67501	1.40976				
ATF3			0.838452				
ATF4	1.06666	2.44206	-1.31362	-0.0471742	0.617297	-0.0803634	0.612316
ATF5	-4.54642	-5.20879	-0.525785	-0.259425	-0.548648	-3.53676	-4.02361
ATF6			0.302186				
ATF6B	0.386142	1.72413	-0.019358	0.104833	0.509363	2.45721	3.3797
ATF7			-2.85595				
ATF7IP			-1.88821				
ATF7IP2	1.37277	0.645148	0.109934	0.348427	-0.403029	1.42556	1.02348
ATG10			-0.64622				
ATG101	2.20963	1.53316	5.09818				
ATG12	0.686059	-1.19538	-0.040228				
ATG13			-0.793541				
ATG14	-0.0904648	1.0391	2.35166				
ATG16L1	1.21704	2.11971	1.53224	0.215815	0.849231	1.46718	1.87905
ATG16L2			-4.81556				
ATG2A	3.87648	2.57483	1.92602				
ATG2B			-0.235951				
ATG3			-0.96164				
ATG4A	-2.4217	0.240228	-1.88562				
ATG4B	1.31209	0.249415	0.174563				
ATG4C			1.09662				
ATG4D	0.776948	1.8847	3.37909	0.11282	0.725855	-0.56002	0.0133142
ATG5	4.06016	3.48742	7.71603				
ATG7	6.90533	3.9711	5.02532	0.540843	-0.213794	3.06691	2.47853
ATG9A	4.96191	4.39245	3.89793				
ATG9B			0.848341				
ATIC	0.61514	-0.934399	0.208679				
ATL1	2.70037	1.59544	1.64942	0.384368	-0.494389	0.536359	-0.423702
ATL2	4.78259	4.52933	1.32387				
ATL3			2.40379				
ATM	-1.93207	-0.428564					
ATMIN	0.970866	1.02662	0.127406				
ATN1	0.535828	1.56621	-3.32888				
ATOH1			-1.78698				
ATOH7	2.46214	-0.865568	-1.81084	0.164101	-0.933821	0.579366	-0.797385
ATOH8			-1.30091				
ATOX1	1.19755	-1.13663	0.629153	-0.00711043	-0.76957	-0.758304	-1.41454
ATP10A	-0.297778	0.726318	-0.882572	-0.280906	0.505513	-1.16978	-0.675041
ATP10B			-0.870043				
ATP10D	-6.90505	-4.25442	-7.40195				
ATP11A	-1.96291	0.513313	0.833863	-0.326703	0.459436	-2.01855	-0.844504
ATP11B	1.05659	1.97537	1.28628				
ATP11C			-0.968502				
ATP12A			1.7188				
ATP13A1			-0.073899				
ATP13A2			2.70186				
ATP13A3	-3.35717	0.5055	-0.702826	-0.099714	0.654888	-2.28224	-0.833484
ATP13A4			-3.74531				
ATP13A5			-3.16449				
ATP1A1	1.28201	1.87551	3.27396	0.182734	0.58927	-0.155258	0.261448
ATP1A2			-4.2516				
ATP1A3	0.563151	1.3016	-0.977899	0.132237	0.616802	-0.574951	-0.0866975
ATP1A4	0.31875	1.39525	-0.632235	0.0670298	0.737452	-1.13189	-0.246687
ATP1B1	0.948233	1.84336	-1.08535	-0.0237129	0.66443	-1.19796	-0.34686
ATP1B2			-3.01192				
ATP1B3	1.14606	1.88911	-1.51835	0.0785813	0.667334	-0.829353	-0.0266571
ATP1B4			-3.08081				
ATP23			3.19033				
ATP2A1			-2.62271				
ATP2A2	1.84626	2.42277	5.78829	0.284903	0.601552	0.029371	0.40409
ATP2A3			3.66169				
ATP2B1	2.6321	2.9108	6.36481	0.477211	0.644331	1.47183	1.82569
ATP2B2	-1.31532	1.13523	4.11575	0.139643	0.905954	-1.02567	0.330718
ATP2B3	-0.437454	1.29359	-1.68397	0.0595869	0.85498	-1.88695	-0.292146
ATP2B4	3.29581	-0.621425	0.900798	0.176125	-0.93959	1.97326	-0.289065
ATP2C1	0.801307	-0.904235	-3.05153	0.241563	-0.612024	-0.299549	-1.03619
ATP2C2	-1.12862	-2.08151	-4.30359	-0.481369	-0.495314	-1.21591	-1.79509
ATP4A	4.4207	4.43687	3.53468	0.27519	0.781896	6.1868	5.46639
ATP4B			-3.81378				
ATP5E			-4.00243				
ATP5EP2			-3.69747				
ATP5F1A	-0.77509	0.747419	1.05189	-0.0533762	0.731865	-2.0264	-0.678898
ATP5F1B	1.03529	1.75646	1.04074	0.0846632	0.557401	-1.0134	-0.46566
ATP5F1C	-6.10343	-3.7816	-4.27287				
ATP5F1D	0.640038	0.957579	3.6049	0.157209	0.253329	-0.611378	-0.709684
ATP5G1P5			0.423683				
ATP5IF1	0.321296	-1.49985	-1.24709				
ATP5MC1	0.804715	-1.28434	0.496875				
ATP5MC2			0.223917				
ATP5MC3	0.330148	0.674307	-0.672094				
ATP5ME	-0.373346	-1.93651	-2.92761	-0.184653	-0.648993	-3.40244	-3.51787
ATP5MF	-0.823272	-2.08948	-0.335774				
ATP5MG			-3.08244				
ATP5MPL	2.13985	3.26926					
ATP5PB	-0.419422	-1.82461	-1.98195				
ATP5PD			-3.76075				
ATP5PF	1.10004	-0.451429	2.07453				
ATP5PO			-1.79909				
ATP5S	-4.42164	-4.3417	-3.1238				
ATP6AP1	4.18064	2.41071	1.56599	0.231195	-0.661036	1.55735	0.321338
ATP6AP1L	-3.14245	-0.663561	-3.01912				
ATP6AP2	-0.174697	0.258509	-2.64557				
ATP6V0A1	5.88752	4.65772	1.94084				
ATP6V0A2	0.154656	1.93891	3.106	-0.159211	0.543313	0.190024	1.01103
ATP6V0A4	-2.65572	-3.18936	-5.16844	-0.123597	-0.649207	-3.58658	-4.06441
ATP6V0B	3.30263	2.77889	7.02218				
ATP6V0C	3.28312	2.1293	4.0385				
ATP6V0CP3	2.47104	1.1275					
ATP6V0D1	2.05008	0.982073	2.07437	0.21977	-0.570682	-0.0320296	-1.13717
ATP6V0D2			-2.02334				
ATP6V0E1	-3.79409	-4.44672	-3.75846	-0.437302	-0.258099	-2.43413	-2.84893
ATP6V0E2	-0.812446	-2.13252	-2.71068	-0.174555	-0.387456	-2.32444	-3.08954
ATP6V0E2-AS1	-0.814467	-1.86662		-0.127839	-0.554765	-1.21819	-1.71328
ATP6V1A	2.73626	1.51633	2.04579	0.254257	-0.301258	0.956238	0.304884
ATP6V1B1			0.425024				
ATP6V1B2	-0.0699278	0.943328	-1.27457				
ATP6V1C1	5.69352	0.0412942	5.98337	0.275592	-0.813223	3.23825	0.630827
ATP6V1C2	1.48382	1.51294	-2.57258	-0.297659	-0.57928	2.74913	2.35414
ATP6V1D	0.49961	-1.04313	-3.67922				
ATP6V1E1	1.25697	-0.456598	-1.31508	0.192933	-0.428949	-0.537459	-1.44826
ATP6V1E2	-1.70244	-0.906151	-0.058189	-0.0350679	0.623717	-1.88157	-1.12927
ATP6V1F			-1.01219				
ATP6V1G1	-0.29582	0.682137	-0.975559				
ATP6V1G2			0.301789				
ATP6V1G3			2.73724				
ATP6V1H	2.18008	-0.857037	-3.36918	0.108557	-0.580702	-1.06157	-1.8584
ATP7A	3.06511	3.38278	6.29312				
ATP7B	-0.734828	-1.76183	-5.63605	0.032543	-0.473036	-1.03173	-1.39911
ATP8A1	1.13317	0.592974	-0.849096	-0.0119969	-0.488863	0.719085	0.358574
ATP8A2	1.52404	-1.07395	-3.96075	0.0668481	-0.788344	-2.47731	-2.94533
ATP8B1	1.35196	2.11981	6.50983	-0.00214547	0.750287	1.95784	2.28467
ATP8B2	-1.98147	0.907331	-6.43229	-0.0883845	0.664919	0.133806	1.17296
ATP8B3	-2.61651	-3.0379	0.465154				
ATP8B4			-0.918475				
ATP9A	4.99328	1.10758	0.213244	0.31777	-0.715201	3.2768	1.41512
ATP9B	-0.223947	1.00565	-4.82695				
ATPAF1	-4.87268	-3.35552	-1.62893	-0.437348	0.274136	-2.52098	-2.07267
ATPAF1-AS1			2.75289				
ATPAF2	-3.34088	0.0543666	-0.564636	-0.177303	0.593916	-0.909698	-0.0121945
ATR	-0.119945	0.885913	-2.50453				
ATRAID	-5.73978	-4.11312	-2.5936				
ATRIP			2.21404				
ATRN			0.523881				
ATRNL1	1.83229	2.47057	9.49264	0.377153	0.850568	1.00733	1.64515
ATRX	1.26408	1.05383	-2.1236	0.207608	-0.378801	1.72897	1.51658
ATXN1	3.01928	4.21202	3.61364	0.375115	0.583713	6.08776	6.69019
ATXN10	-1.47344	-2.56375	-2.74343	-0.00809767	-0.71295	-1.28022	-1.808
ATXN1L			-4.04148				
ATXN2			-0.04959				
ATXN2L	1.91302	2.85991	1.7464	0.100055	0.508442	1.49452	2.10968
ATXN3	0.549246	1.85941	-4.30163	-0.0831376	0.596955	-0.436942	0.317525
ATXN3L			-3.76861				
ATXN7	-0.705477	0.920027	-3.01566	0.0378317	0.488013	1.23313	2.20963
ATXN7L1	1.03237	2.14832	-0.20479				
ATXN7L2	1.05657	2.09405	-4.35327	0.103359	0.492275	3.25604	3.96593
ATXN7L3	2.77736	2.69349	1.54291	0.383025	0.230314	1.64454	1.64944
ATXN7L3B	2.53233	3.17912	4.60183				
AUH	1.45486	2.3502	-0.520264				
AUNIP	-1.36011	-1.6053	-1.33672	0.268388	-0.0181989	-2.97958	-3.41032
AUP1			0.344194				
AURKA	-0.828922	1.26611	5.50127				
AURKAIP1	3.35561	2.62862	2.02743				
AURKB	-1.04685	-0.809166	0.356195				
AURKC			-1.4945				
AUTS2	-2.20815	-1.04358	-6.75418	-0.122438	0.358553	-0.151589	0.548566
AVEN	0.144251	-0.225098	-0.909835	-0.156634	0.233602	-2.83197	-3.12545
AVIL	-0.312208	0.0611319	-0.450388	-0.196215	-0.344247	0.21602	0.112386
AVL9	4.20832	0.52522	-3.14365	0.343821	-0.628823	3.57509	1.71989
AVP	-3.50554	-2.59539	-3.76586				
AVPI1	3.70148	4.4037	8.40818	0.317689	0.611255	3.02629	3.37042
AVPR1A			2.86081				
AVPR1B			-2.2502				
AVPR2			-0.162034				
AWAT1			-1.20683				
AWAT2			-1.90592				
AXIN1	-2.5333	-2.58301	-2.50091				
AXIN2	1.74802	1.82124	1.57577	0.0194997	-0.41272	2.93456	2.60369
AXL	-2.6411	-3.10256	-3.72327				
AZGP1	-2.8228	-0.323387	1.58376	-0.307837	0.537388	-3.67354	-2.16201
AZI1			-2.53937				
AZI2	-1.15617	-0.689391	-1.77611				
AZIN1	0.152163	-1.28822	0.339188	0.0720696	-0.656189	-0.677933	-1.26388
AZIN1-AS1	1.03353	-0.906378		-0.209116	-0.746199	-0.154303	-1.05408
AZIN2	3.07882	2.04108					
AZU1			-0.92869				
B2M	-6.57941	-4.87701	-5.47353	-0.584437	0.0786182	-4.49736	-4.19142
B3GALNT1	2.65642	-0.276058	-3.23175	0.128768	-0.893106	4.28397	1.03647
B3GALNT2	-2.77656	0.562031	-2.78375	-0.187984	0.66528	0.1743	1.17826
B3GALT1	1.69032	2.70067	2.03225				
B3GALT2	0.234216	0.341339	-0.148531	-0.103653	-0.287711	-0.285274	-0.929698
B3GALT4	1.32071	0.791121	0.786706				
B3GALT5			-5.00916				
B3GALT5-AS1	-1.37626	-2.43187	-3.41684	-0.404753	-0.365332	-3.39474	-4.166
B3GALT6	5.10659	-0.72761	-1.73901	0.0566774	-0.866314	3.40634	0.336305
B3GAT1	0.299631	-1.05716	-1.8435	0.0724671	-0.7091	1.6934	0.516684
B3GAT2	-1.05384	-1.6418	-4.01573	-0.461022	-0.509703	-0.796406	-1.12438
B3GAT3			2.21864				
B3GLCT	-3.44133	-1.70136	-2.48987	-0.35658	-0.111356	-3.25715	-3.46139
B3GNT1			1.2655				
B3GNT2	4.18483	0.709716		0.254254	-0.622891	1.57432	0.225693
B3GNT3			0.601915				
B3GNT4	3.3237	0.148643	-0.236479	0.181941	-0.828247	-0.866148	-1.5557
B3GNT5	-3.55195	-3.42855	-4.32943	-0.341753	-0.578849	-3.99371	-4.30322
B3GNT6			-2.56337				
B3GNT7	-1.13124	-0.171756	-5.85477				
B3GNT8	-1.48405	-2.25949	-4.08749				
B3GNT9	-3.95687	-1.01997	-2.22304	-0.425163	0.479827	-1.60053	-0.563809
B3GNTL1	1.84555	-0.271834	6.20622				
B4GALNT1	3.15044	2.26031	4.75888				
B4GALNT2			-0.499798				
B4GALNT3			-2.71964				
B4GALNT4	0.0368611	-0.813166	-1.95119				
B4GALT1	-1.05653	-1.90287	-1.08145	-0.359915	-0.416101	-0.719376	-0.948947
B4GALT2	3.32928	-0.0174552	-0.904577	0.159726	-0.784414	4.92042	1.88122
B4GALT3	3.68844	0.240172	-0.606525	0.223287	-0.723199	3.05306	1.25147
B4GALT4	-2.2001	-0.785983	-4.95113				
B4GALT5	5.30808	0.87346	0.291215	0.458438	-0.423807	2.52714	1.40966
B4GALT6	0.221704	1.58292	-0.697159	-0.0407515	0.750221	-1.41387	-0.0857972
B4GALT7	1.7824	0.11249	3.90459				
B4GAT1	3.9109	0.926174		0.219507	-0.71341	2.74435	1.2707
B9D1	2.32953	-0.999713	2.72678	0.16463	-0.928043	0.865041	-0.738696
B9D2			5.04746				
BAALC	3.89236	0.953709	-1.30888	0.272953	-0.187302	6.33645	5.98018
BAALC-AS2	1.70575	0.767594	-1.97103				
BAAT	2.91114	3.15711	-1.01872	0.138951	0.62943	1.3073	2.05629
BABAM1	2.80945	-0.112738	2.62699				
BABAM2	3.67972	-0.659324	-1.29799	0.226528	-0.797328	1.32241	-0.453794
BACE1			-1.03227	-0.450633	0.0950896	-3.44197	-3.13654
BACE2	-3.557	-1.23949	-3.80941	-0.530241	0.0676107	-5.96524	-5.69315
BACH1			1.44984				
BACH2	0.709882	2.1044	-2.04282	0.198509	0.523101	3.20354	4.21337
BAD	4.3519	1.82096	5.07473	0.2874	-0.468697	2.471	1.39486
BAG1	-1.70901	-3.03549	-1.1855				
BAG2	1.74226	-0.0431994	-1.67287	-0.0763948	-0.492052	1.07189	0.415881
BAG3	-4.16745	-4.55984	-6.68504	-0.515539	-0.466159	-2.52357	-3.15295
BAG4	1.84982	1.49157	-1.1451				
BAG5	4.89916	4.49591	6.19807	0.474707	0.365223	3.52488	3.97584
BAG6			-1.42491				
BAGE			2.38385				
BAGE3			-2.86707				
BAGE4			-0.806449				
BAHCC1	1.37619	2.46727	-2.25578	0.242661	0.160307	3.68785	4.45256
BAHD1			-0.7282				
BAIAP2	2.65047	-0.363253	-2.50723	0.209788	-0.802012	1.23606	-0.44989
BAIAP2L1			-2.51614				
BAIAP2L2	4.87365	3.08023	9.10331	0.344448	-0.301245	2.60364	1.92316
BAIAP3	3.96159	0.152434	5.43638	0.208956	-0.902452	7.63977	2.1406
BAK1	0.0976409	1.59401	-0.077078	0.0408436	0.700457	1.23914	2.03292
BAMBI	-1.37083	-1.98979	-2.02751	-0.506449	-0.147325	-3.11666	-3.55513
BANF1	-4.45831	-3.89445	1.54762				
BANF2			-2.62078				
BANK1	1.70173	0.156876	5.32782	0.461636	-0.169546	-0.705991	-1.30411
BANP			1.82796				
BAP1			-0.443908				
BARD1	-3.2932	-2.41087	-1.15504	-0.171961	0.0341228	-1.67994	-1.5514
BARHL1			-0.914515				
BARHL2			3.1787				
BARX1			-2.70682				
BARX2			-1.8661				
BASP1	5.50038	2.04747	-1.19091				
BASP1-AS1	2.10656	2.74713		0.33299	0.553662	2.60347	3.44666
BAT1			2.17389				
BATF			3.10723				
BATF2			-0.557015				
BATF3	5.45315	-0.459507	2.95993	0.341628	-0.859071	0.980727	-0.67123
BAX			-1.36097				
BAZ1A			-0.312677				
BAZ1B	1.26725	2.55215	-0.293267	0.0978176	0.540048	3.38051	4.00103
BAZ2A			-0.341754				
BAZ2B	-0.263742	0.725804	-0.524673	-0.0852747	-0.0959015	0.636952	1.02881
BBC3	5.23647	2.58856	-2.98926	0.38825	-0.501319	6.40419	3.68013
BBIP1	-3.47018	-3.0562	-2.85079				
BBOF1	-1.60117	0.466896	1.13404				
BBOX1	-1.32415	-2.17172	-5.11478	-0.216742	-0.553558	0.933068	0.370713
BBS1	-0.10942	1.669	-1.15258				
BBS10	3.50707	4.43925	3.90637	0.211733	0.150459	6.22686	6.79294
BBS12	6.30478	4.56703	0.971365				
BBS2			-3.65671				
BBS4	-1.58162	-2.46653	-4.41576	-0.271188	-0.663643	-2.15881	-2.52537
BBS5	-1.29894	0.0577318	-6.83547				
BBS7	-2.10517	1.06737	0.788911	0.00332849	0.843292	-1.3398	0.427211
BBS9	-2.3441	-0.584238	-0.332833				
BBX	-3.04997	-1.16777	-2.12269				
BCAM			-0.999492				
BCAN	-2.30502	-2.95911	-4.00958	-0.238549	-0.677601	-0.914976	-1.56118
BCAP29			0.12489				
BCAP31	0.113223	-0.544696	-0.448073				
BCAR1	1.40037	2.40516	4.43382	-0.0175192	0.516228	2.71679	3.50946
BCAR3	2.14334	0.527426	3.05092	0.422039	-0.282378	8.56038	6.49519
BCAR4			-3.46297				
BCAS1	-3.6866	-2.42579	-1.8625	-0.434145	0.385619	-5.71155	-3.97254
BCAS2	0.610033	-1.2492	-0.172142				
BCAS3	0.749767	1.25287	3.81549				
BCAS4	-0.766347	1.31672	-3.33442				
BCAT1	0.0161751	1.03697	1.27982	-0.0627067	0.743287	-1.69181	-0.618072
BCAT2			2.3831				
BCCIP			-4.13972				
BCDIN3D	-0.883894	0.476365	-0.692259				
BCHE	-3.46284	-3.20889	-3.73433	-0.40274	-0.574079	-2.8293	-3.32526
BCKDHA	0.84265	0.826706	1.02453				
BCKDHB	-2.61244	-3.51809	-2.06216				
BCKDK	3.46271	0.548883	5.37528	0.121735	-0.764516	1.23746	-0.286624
BCL10	-0.842302	1.28211	-1.69329				
BCL11A	-0.161198	1.18948	-2.79259	0.307317	0.545939	0.756627	1.86942
BCL11B	0.628727	-0.0279672	-1.48189	-0.343613	-0.25359	-1.74079	-2.39948
BCL2	0.0387244	-0.360384	-1.4234	0.209354	-0.273958	4.26291	4.0129
BCL2A1	-0.90735	-1.84298	-3.59364	-0.161844	-0.843824	-0.814974	-1.52048
BCL2L1			0.997417				
BCL2L10	0.389941	-0.401271	-3.92126	0.273109	-0.512585	0.864284	0.217524
BCL2L11	-5.1553	-2.6564	-7.17701				
BCL2L12	-3.6362	-1.80394	-5.2565				
BCL2L13	2.54109	2.61174	-0.18949	0.0662072	0.0608239	0.414442	0.217981
BCL2L14			0.884697				
BCL2L15			-3.74642				
BCL2L2	3.28769	4.40762	2.35618	0.320706	0.545862	4.17839	4.78663
BCL3	-0.195999	1.48498	0.591035	0.0262539	0.723127	-0.784689	0.179645
BCL6	1.90615	0.807931	-1.58554	-0.306	-0.263909	2.52874	2.4395
BCL6B	-0.019633	1.06394	1.62005	-0.147486	0.479528	-1.33988	-0.570889
BCL7A	2.02726	3.18193	3.10349	0.41151	0.397497	6.20943	7.02458
BCL7B	0.527489	0.584413	-0.595805				
BCL7C	-0.776137	-1.98449	-2.17798	-0.307462	-0.664677	0.0333736	-0.716014
BCL9	-1.71592	-0.654695	-6.01654				
BCL9L			-0.524424				
BCLAF1	1.57611	2.82126	-3.71952				
BCLAF3	0.0944234	-1.15431	-5.5068	-0.329777	-0.619283	1.27462	0.818106
BCMO1			-2.93653				
BCO2	-3.57327	-0.724675	-5.98255	-0.42956	0.673337	-3.7063	-2.00723
BCOR	0.575373	1.88499	-0.804695	0.118819	0.345007	0.548312	1.18714
BCORL1			-2.54828				
BCORP1			-1.80202				
BCR	0.708583	-1.03028	-6.8254	0.0986633	-0.797027	0.0157287	-0.742856
BCRP2	0.5218	-1.25539		0.124709	-0.825299	0.699689	-0.317324
BCS1L			-1.24199				
BDH1	3.41653	4.52149	3.57964				
BDH2	-2.33126	-2.96122	-3.55877				
BDKRB1	-4.05047	-2.26706	-4.56582	-0.14966	0.16525	-1.83729	-1.69709
BDKRB2	-2.08478	-2.65109	-3.41956	0.112561	-0.417242	-0.475911	-0.772719
BDNF	1.87538	0.555371	-0.316937	0.339569	-0.631177	2.7072	1.17446
BDNF-AS			-2.43205				
BDP1	4.39912	4.66673	-0.768504				
BEAN1	-0.68954	0.71529		0.122613	0.302379	1.68805	2.39011
BECN1	0.69736	1.6965	4.307	0.197999	0.643395	0.386124	1.14366
BEGAIN	1.79633	-0.443065	-0.185521	0.323461	-0.670625	3.42542	1.54062
BEND2			0.655427				
BEND3	1.2282	-0.0763125	-4.44918				
BEND4			0.041945				
BEND5	4.63833	3.87456	7.12952	0.520644	0.410969	3.44272	3.84317
BEND6	-1.14295	0.809304	-0.49249	-0.0509732	0.915416	-3.83502	-1.03979
BEND7	-6.05867	-4.34795	-6.36567	-0.458805	0.355372	-2.08435	-1.42367
BEST1			0.477938				
BEST2			-3.92858				
BEST3			-0.184683				
BEST4	-0.920309	-0.132926	-3.01663				
BET1			0.169262				
BET1L	1.5241	-0.0648332	3.39636				
BET3L			-2.63277				
BEX1	2.87265	-0.152736	-5.98823	0.327246	-0.698061	1.87088	0.478269
BEX2	2.9965	-0.0417529	-0.948368	0.353318	-0.75351	1.56968	0.190546
BEX3	5.01063	0.254169	-2.66113				
BEX4	-1.53488	-2.16462	-5.93947	0.0317225	-0.340386	0.265413	0.101111
BEX5	3.73948	4.20215	1.79367				
BFAR			2.91903				
BFSP1	2.30387	-0.473954	0.823994	0.316987	-0.741931	0.844655	-0.21796
BFSP2			-1.4091				
BGLAP			-0.063183				
BGN			1.30228				
BHLHA15			-0.771661				
BHLHB9	0.650307	0.297836	-0.637026	0.122909	-0.231516	0.920075	1.09308
BHLHE22	-2.92669	-1.91465	-6.89257	-0.288659	-0.113515	-1.50103	-1.49862
BHLHE23			-2.32368				
BHLHE40	0.170689	1.65953	3.32428	0.0968603	0.863386	0.940645	1.47117
BHLHE41	-1.43839	0.845248	3.14694	-0.0774816	0.673455	-0.0178482	0.800938
BHMT	2.0972	-0.0287291	5.64371				
BHMT2	-0.425159	-2.54082	-0.375394	-0.0776953	-0.571621	-1.07471	-1.86307
BICC1	6.22309	4.47558	4.42612				
BICD1	0.0549394	1.29594	2.47763	-0.0207381	0.389923	-0.288387	0.0364761
BICD2	0.709392	1.73273	1.89436				
BICDL1	0.71864	1.7528	-2.79268	0.19977	0.211578	2.24593	2.65624
BICDL2	0.424154	1.23046	4.0689	0.0714212	0.715833	-2.28922	-1.50591
BICRA			-1.54827				
BICRAL	2.89168	3.17618	1.03101	0.197681	0.642923	5.1362	5.52135
BID	-3.79265	0.237269	-0.839265	-0.0524741	0.860489	-4.56515	-1.36855
BIK			-0.515725				
BIN1	-1.9944	-2.72153	-4.72513				
BIN2			1.46224				
BIN3	1.48446	2.28874	0.624142	0.372502	0.427445	1.4648	2.03416
BIRC2			-5.18513				
BIRC3	1.35465	-1.2904	-2.65131	-0.0705168	-0.915951	0.10885	-0.932362
BIRC5			0.773873				
BIRC6	-1.82702	0.0224916	-0.493917				
BIRC7			-1.21634				
BIVM	1.0541	1.93606	2.83819				
BLCAP	3.10442	0.0118432	-2.84736	0.165751	-0.735529	0.804539	-0.197527
BLID	0.366954	0.188803	0.151484				
BLK			-1.98765				
BLM	0.0773214	-0.431812	0.843671	0.198695	-0.295436	2.43126	2.13111
BLMH	-2.97943	0.0258025	-0.344677	0.00971917	0.667044	-3.6515	-1.77766
BLNK	-1.94176	-2.70138	0.557219	-0.220844	-0.620586	-3.04218	-3.33329
BLOC1S1	-0.926654	-2.399	0.413339				
BLOC1S2	1.56474	-0.825709	-0.142543				
BLOC1S3			-0.590654				
BLOC1S4	0.82127	0.915625	1.4606				
BLOC1S6	-0.407758	-2.03269	2.39603	0.138692	-0.782935	-1.22051	-1.68386
BLVRA	1.26446	1.67674	3.1481				
BLVRB	-3.20334	-4.35334	-4.17496	-0.0872539	-0.749278	-2.98991	-3.20026
BLZF1			-0.141318				
BMF			2.24071				
BMI1			2.44786				
BMP1	-0.287856	0.817655	1.7306				
BMP10			-1.10943				
BMP15			-3.36348				
BMP2	-0.348262	1.01516	-2.15465	-0.241627	0.206561	-0.0487775	0.17744
BMP2K	-1.35166	-0.595698	-3.70951				
BMP3			2.71058				
BMP4			1.96362				
BMP5			-6.41235				
BMP6	-0.0795833	-0.208746	-0.044991				
BMP7	-4.01901	-4.39666	-6.45251				
BMP8A	-2.66667	-0.445738	-0.939358	-0.185979	0.391395	-0.270756	0.586189
BMP8B	-1.36947	-0.651868	1.45984	-0.115271	0.136654	0.470133	1.06367
BMPER	3.7921	4.17199	7.62502				
BMPR1A			-2.63752				
BMPR1B	-1.32193	-1.70451	-4.07356	-0.312938	-0.370637	1.45763	1.4908
BMPR2			-3.32077				
BMS1	0.914612	2.05724	-0.654965	0.108885	0.655189	0.348002	0.824399
BMS1P1	0.318454	1.94476	-5.62941	-0.0720347	0.499785	2.47309	3.47728
BMS1P14	0.123392	-1.09646					
BMS1P2	-1.11959	1.1712	-4.26773	-0.201726	0.630012	0.236039	1.35215
BMS1P20	1.8081	2.68899		0.218716	0.620215	0.64253	1.28785
BMS1P4	-1.39747	1.03087		-0.0756974	0.656743	0.786695	1.75907
BMX			-0.95758				
BNC1			1.60614				
BNC2			1.53382				
BNIP1			0.870849				
BNIP2	-2.40102	-3.38872	-5.8307	-0.428943	-0.483079	0.0516182	-0.180793
BNIP3	2.20248	2.06768	3.18939	0.152242	0.015682	1.28642	1.1526
BNIP3L			0.666554				
BNIPL			1.93641				
BOC			4.16403				
BOD1	0.220681	-0.930228	-3.25675				
BOD1L1	-2.43882	0.265128	-2.79877				
BOK			0.165452				
BOLA1	0.402078	-1.03703	1.04577				
BOLA2			-0.973503				
BOLA2-SMG1P6	-1.98638	-0.574878					
BOLA3	-0.402652	-0.0715202	-0.171692	0.0261255	0.564002	-1.35816	-0.980751
BOLA3-AS1	-0.228467	-0.012478		-0.0976842	0.329094	-2.02334	-1.85057
BOLL			-2.51092				
BOP1	2.22839	0.570048					
BORA	-0.852248	0.7305	0.156459				
BORCS5	6.821	2.45436	2.76473	0.197065	-0.419551	0.333517	-0.250029
BORCS6			0.011866				
BORCS7	-0.148682	-1.69195	-4.01508	0.0459291	-0.864818	-0.218603	-0.960489
BORCS8			-2.2414				
BORCS8-MEF2B			2.42531				
BPA-1			-1.51354				
BPESC1			0.74927				
BPGM	-1.53241	-2.23196	-2.37699				
BPHL	0.345576	-1.89574	-2.88535	-0.0419271	-0.789934	-1.10692	-2.01062
BPI			-0.453186				
BPIFA4P			-1.39592				
BPIL1			-2.91802				
BPIL2			-4.01559				
BPIL3			0.833962				
BPNT1	-4.47631	-5.06576	-4.61775				
BPTF			-5.54281				
BPY2			-0.74877				
BRAF	0.0297641	1.71099	-0.706981	0.0182911	0.773817	1.01052	1.63292
BRAP	1.21117	2.20302	0.018985				
BRAT1	-2.86109	-1.60108	-4.63134				
BRCA1	-0.697	0.751232	3.67016	-0.264175	0.425733	-1.4788	-0.684959
BRCA2			0.269313				
BRCC3			-2.52695				
BRD1	-0.978982	-0.0731896	-5.37917				
BRD2	-7.4817	-2.56126	-6.66446	-0.252307	0.476709	-3.74792	-2.80724
BRD3	-0.765188	-0.363547	-3.46526				
BRD3OS			-3.61114				
BRD4			-1.30888				
BRD7	-0.711951	-2.07138	-1.4619	-0.102616	-0.717897	-1.64727	-2.18809
BRD7P3			-2.97612				
BRD8	3.13655	3.80853	-1.07377	0.276189	0.0445414	3.53543	4.17499
BRD9			1.19879				
BRDT			-1.22466				
BREA2			-2.96827				
BRF1	0.525224	1.6694	0.852746				
BRF2	3.98581	1.00893	3.73983				
BRI3			-2.74678				
BRI3BP	0.0519765	1.47868	-1.47566				
BRICD5	2.71114	3.44379	3.24604	0.207249	0.380131	2.72218	3.60151
BRINP1	-0.534001	1.29857		0.316034	0.69458	-0.366659	0.525855
BRINP2	-1.1305	0.554285	0.865847	0.28341	0.545788	1.77328	2.32698
BRINP3	-0.294782	-0.0830234	-0.931677	0.00673146	-0.45662	1.14994	0.988406
BRIP1			0.065483				
BRIX1	-0.477899	0.856376	0.19107				
BRK1	4.1021	0.424675	3.35366	0.326721	-0.709479	2.7794	0.962674
BRMS1	-1.76003	-2.77441	0.441823	-0.268587	-0.312917	-5.61892	-6.15591
BRMS1L	3.32461	-0.67629	-1.44125	0.119519	-0.76135	1.30834	-0.179489
BROX	-2.5927	-1.68429	-3.24785				
BRPF1	0.868513	1.98814	2.27132				
BRPF3	7.59683	3.53908	6.63918				
BRS3			-2.52153				
BRSK1	-2.51565	0.0695653	-1.91035	-0.0896069	0.661302	-1.02881	0.078687
BRSK2	-4.24922	0.505194	-2.36569	0.0705992	0.641095	-1.3564	-0.533739
BRWD1	5.45714	-0.1191	-0.304944	0.276086	-0.814332	3.32784	0.698385
BRWD1-AS2	-0.0603818	1.1069					
BRWD1-IT2			-2.55938				
BRWD2			-3.5353				
BRWD3	-0.706252	1.07163	-1.61299	-0.0342519	0.675269	0.631905	1.5456
BSCL2			-0.251777				
BSDC1	-0.947085	0.681035	-5.73092	0.0427329	0.364407	2.08048	2.96961
BSG			3.18457				
BSN	4.52992	1.40036	-1.16301	0.647099	-0.406708	3.31743	2.18331
BSND			-2.35441				
BSPH1			-1.41149				
BSPRY	1.59885	-0.123923	-1.35267	-0.220193	-0.731835	0.399237	-0.688532
BST1			2.98509				
BST2			1.50185				
BSX			0.272531				
BTAF1	-0.761219	0.105864	-2.69046				
BTBD1	3.97194	1.65248	1.65888	0.256912	-0.456741	3.36496	2.53731
BTBD10	4.18066	2.30309	2.59477				
BTBD11	4.46037	4.34933	1.69722	0.145895	0.772759	3.95706	4.19414
BTBD16			1.20693				
BTBD17			-4.738	-0.543213	-0.197718	-3.65994	-4.04917
BTBD2			-2.87685				
BTBD3	-2.35953	0.0373469	-1.03069	-0.129954	0.512478	-2.50033	-1.41678
BTBD6			-0.52794				
BTBD7	2.8915	1.56152	0.828353	0.0689949	-0.00143095	4.35378	4.43944
BTBD8	-1.49029	0.459344	0.567992				
BTBD9	1.68006	-1.0199	-2.48326	0.148894	-0.73908	0.062813	-0.918455
BTC	0.615026	-1.3836	3.75922	0.27963	-0.555619	-0.262302	-1.09018
BTD	1.3595	0.870995	1.7224				
BTF3	-6.39795	-3.9635	-3.47996				
BTF3L4	-2.9248	-1.45759	-4.03134				
BTF3P11	-0.883587	-1.89192	-1.08696				
BTG1	-2.85627	-3.07468	-5.57403	-0.182956	-0.199698	-0.980511	-0.875608
BTG2			-2.52061				
BTG3	-1.44471	-1.92243	-4.92823	-0.126708	-0.657144	-0.333449	-0.578346
BTG3-AS1	-1.13848	-0.783041		-0.0320677	-0.418514	-0.244606	-0.326979
BTG4			-0.01162				
BTK			0.488524				
BTLA			0.447495				
BTN1A1			-0.035635				
BTN2A1	-0.199745	1.62665	-3.89133	-0.0978044	0.554534	0.512315	1.30098
BTN2A2	-6.28699	-2.30556	-5.11901	-0.668918	0.518642	-5.31625	-3.86979
BTN2A3P	-4.47438	-3.50426	-5.38248				
BTN3A1	-1.70988	-0.956667	-3.95011	-0.480941	0.266408	-2.88679	-2.23166
BTN3A2	-3.162	-3.52122	-6.00587	-0.563994	0.0508686	-2.73978	-2.65706
BTN3A3	-1.47928	-0.218356	-2.36473	-0.345145	0.489721	-2.23828	-1.08784
BTNL10			-0.15134				
BTNL2	-1.9056	0.253437	-0.940574				
BTNL3			0.470796				
BTNL8			-1.49551				
BTNL9	-1.14515	-2.63852	0.500518	-0.226824	-0.399276	-0.279192	-1.11328
BTRC	3.70255	0.413835	3.33618	0.295037	-0.52092	0.791438	-0.213062
BUB1			-1.04721				
BUB1B	-0.615386	0.00136085	0.84902	0.220232	-0.0452547	0.506018	0.784199
BUB3	-1.67907	0.578336	-3.00233	-0.140442	0.42606	-2.18924	-1.2555
BUD13	1.44694	2.91231	-2.27558	0.032048	0.543904	2.07004	2.84776
BUD23	-2.51401	-1.04168	-0.599516				
BUD31			2.02572				
BVES	-0.333262	0.441454	2.34433	-0.362151	0.404735	-2.18735	-1.20171
BX248398.1			-2.04279				
BX255925.2			1.2857				
BYSL	4.40833	1.60882	5.85238	0.229004	-0.67791	1.00627	-0.199411
BZW1	-1.26947	-1.45813	-1.11067				
BZW2	0.606793	1.2414	0.841387	0.458565	0.0900959	-0.0327442	0.224209
C10orf105	-5.37755	-5.19405	-8.9666	-0.586481	-0.403032	-3.60635	-3.99258
C10orf111			0.035992				
C10orf113			-6.02273				
C10orf114			-0.828421				
C10orf12			1.58227				
C10orf120			-1.05335				
C10orf122			-1.85452				
C10orf126			-0.641824				
C10orf128			0.593675				
C10orf129			-2.96269				
C10orf136			-3.22403				
C10orf143	0.259742	0.265379					
C10orf18			-0.944507				
C10orf2			-0.589608				
C10orf25			3.60483				
C10orf53			1.46802				
C10orf55			-4.02837				
C10orf62			1.15643				
C10orf67			-1.14064				
C10orf68			-1.77215				
C10orf71			0.187398				
C10orf76			-4.70503				
C10orf81			0.634845				
C10orf82	2.32437	1.16608	0.291689				
C10orf88	-0.330738	0.296369	1.4374				
C10orf90			-0.000996				
C10orf91			-0.89628				
C10orf92			4.93653				
C10orf93			-0.270483				
C10orf95			-0.250401				
C10orf96			0.056895				
C10orf99			-0.369209				
C11orf1	-2.33306	-2.80939	-1.80382	-0.149688	-0.700628	-2.19623	-2.88616
C11orf16			-4.96836				
C11orf20			-0.244825				
C11orf21			-0.673794				
C11orf24	0.11927	1.14281	4.36795	-0.0735436	0.533976	-0.685481	-0.237889
C11orf34			-0.553267				
C11orf35			-4.048				
C11orf40			0.639154				
C11orf42			-1.61376				
C11orf44			4.36546				
C11orf45			-2.80089				
C11orf48			1.78789				
C11orf49			2.65951				
C11orf52			2.90459				
C11orf53			-2.46856				
C11orf54	-3.88877	0.0457794	-3.44522	-0.409178	0.417044	-0.387611	0.365224
C11orf58	0.0129364	0.544655	-2.41112				
C11orf65	-2.5646	-3.02344	-3.17365				
C11orf66			2.99983				
C11orf68	4.34041	4.46576	4.39642				
C11orf70			-7.56848				
C11orf71	1.23008	-0.352388	0.982413	-0.252556	-0.391886	1.26875	1.28702
C11orf74	1.44021	-0.109641	5.54399	0.267227	0.023311	0.0973825	-0.295929
C11orf80	-0.452812	-0.315828	-1.32037				
C11orf82			0.258038				
C11orf84			-0.76964				
C11orf85			-1.81515				
C11orf86			4.2129				
C11orf87	6.62143	5.60341	10.3304	0.625319	-0.0608603	3.29477	3.0645
C11orf88			-6.16069				
C11orf95	2.53184	0.380926	-1.99016	0.490427	-0.556479	5.24748	3.11849
C11orf96	-1.89099	-2.52214	-5.45186	-0.536214	0.0534714	-3.00147	-2.72135
C11orf97	1.27036	-1.25992		0.0611056	-0.902174	0.430444	-1.01204
C12orf10	-0.239245	0.518382	1.60094	0.0383812	0.505576	-2.26022	-1.87933
C12orf12			0.14606				
C12orf28			-2.26309				
C12orf29	3.51181	3.27997	2.60117	0.0929842	-0.147119	3.16583	3.27453
C12orf33			-3.10394				
C12orf35			-1.28399				
C12orf36			-0.063021				
C12orf37			-0.15165				
C12orf4	7.55474	5.41116	2.79677	0.53558	-0.0458343	3.84134	3.90079
C12orf40			2.44006				
C12orf42	0.205508	-0.939505	0.35914	0.0610313	-0.661875	2.07967	1.10667
C12orf43	4.13943	3.82777	3.85469				
C12orf45	0.669218	-1.59784	-0.833046	-0.0765184	-0.861527	-1.80521	-2.14692
C12orf49	-0.335843	0.423834	4.04112	-0.0598745	0.577896	-1.56558	-1.12009
C12orf50			1.78512				
C12orf54	1.09196	1.74535	3.32587	0.139931	0.635188	1.27855	1.87216
C12orf56			1.48641				
C12orf57	0.138013	1.50898	1.69101	0.168988	0.550293	-0.67579	-0.0717466
C12orf59			-2.23639				
C12orf60	1.41154	0.414726	-2.37909				
C12orf61			-1.1717				
C12orf63			-4.84146				
C12orf64			7.88386				
C12orf65	0.812067	1.84227	-1.28579				
C12orf66			3.45653				
C12orf67			-0.495495				
C12orf71			-0.949341				
C12orf72			2.23843				
C12orf73	2.20845	-0.717877	0.578711	0.150704	-0.837213	0.385453	-0.594887
C12orf74			-1.0173				
C12orf75	-4.73174	-3.6744	-7.65594	-0.338575	-0.790627	-3.11228	-3.15422
C12orf76	2.4843	0.843014	0.093899	-0.23103	-0.624823	-0.0350206	-0.756744
C13orf28			-0.821277				
C13orf3			1.4309				
C13orf30			-3.5767				
C13orf35			-0.377597				
C13orf38			-5.51617				
C13orf44			-1.95244				
C14orf105			-1.17749				
C14orf109			2.8399				
C14orf115			-0.0517				
C14orf119	-0.764296	-0.931276	3.27932	-0.0499563	0.140502	-2.13416	-2.45897
C14orf132	0.00652089	-0.64244	0.102723	0.414098	-0.466153	2.64849	1.9284
C14orf144	-2.37673	-2.68239					
C14orf148			-1.49551				
C14orf153			-1.93975				
C14orf166B			2.14416				
C14orf176			-1.0443				
C14orf177	-4.4307	-3.56633	-3.86524	-0.155901	0.424343	-1.51903	-1.20772
C14orf178			-3.62609				
C14orf180			-2.80354				
C14orf181			-1.5064				
C14orf182			-0.990087				
C14orf184			-2.26897				
C14orf2			1.23468				
C14orf28	5.1589	2.66999	5.23769				
C14orf37			-3.45487				
C14orf39			-0.208868				
C14orf43			0.936155				
C14orf48			1.57069				
C14orf49			-1.80029				
C14orf50			-2.28945				
C14orf54			-1.71948				
C14orf73			-0.703412				
C14orf91			1.43088				
C14orf93			0.59209				
C15ORF50			-3.83853				
C15orf32			-1.02226				
C15orf33			-2.80618				
C15orf39	0.743227	1.1326	-1.52601				
C15orf40	-2.84365	-3.60159	-0.733411				
C15orf41	-0.128421	1.20351	-1.65945	-0.0696595	0.26295	-0.546953	0.149118
C15orf42			-4.34004				
C15orf43			-0.22967				
C15orf48			1.1103				
C15orf53			-0.662654				
C15orf54			0.349995				
C15orf55			-1.77876				
C15orf56			-1.18351				
C15orf59	-4.61292	-3.35615	-3.29629	-0.0418939	0.531268	-4.01677	-3.23632
C15orf60			-1.81812				
C15orf61	-0.494651	-0.434239	-1.76881				
C15orf62			-1.31284				
C15orf65	0.986329	-0.465121					
C16ORF52			0.639568				
C16orf45	2.65183	3.11256	-0.488735	0.440932	0.548552	1.91008	2.40999
C16orf46	1.031	1.85377	2.1954				
C16orf54			1.51701				
C16orf58	4.33041	0.8894	0.166357	0.274179	-0.789262	3.95334	1.18704
C16orf62			-2.90448				
C16orf63			-3.50618				
C16orf65			-0.972266				
C16orf70	1.04227	0.253958	-2.96346				
C16orf71			-1.2785				
C16orf72	0.764998	1.83957	1.09583	0.128691	0.540063	1.15522	1.57454
C16orf73			1.19345				
C16orf74	-2.27072	-2.82048	-5.24997	0.153934	0.535998	-1.31739	-0.706789
C16orf78			0.641945				
C16orf82			1.97253				
C16orf86	2.24796	2.576	2.62118				
C16orf87	7.52479	3.81036	0.660012	0.395247	-0.491186	6.10429	4.55403
C16orf89	-0.983943	-1.84352	-2.44118	-0.162926	-0.521738	1.93425	1.29833
C16orf90			-3.90747				
C16orf91	1.66408	1.67552	2.90384				
C16orf92			-1.75732				
C16orf93			-2.72699				
C16orf94			0.761082				
C16orf95	2.30447	-0.429686	3.43714	0.20355	-0.511065	0.301463	-0.741226
C17ORF106			-3.98705				
C17ORF110			1.13461				
C17ORF49			4.36527				
C17orf100	1.05	2.36621	4.57603	0.36756	0.449617	1.30198	1.90246
C17orf103			2.22639				
C17orf45			-2.60609				
C17orf47			-0.784439				
C17orf50			-2.39635				
C17orf51	1.21193	-0.170052	1.13328	0.0965816	-0.585784	0.073343	-0.639163
C17orf53			2.27881				
C17orf57			-0.049914				
C17orf58	1.08557	-0.640752	-0.980678				
C17orf62			2.64593				
C17orf64			-0.498382				
C17orf66			-0.366468				
C17orf67	3.10601	-0.233251	0.151808	-0.0524864	-0.728632	-0.0395332	-1.14684
C17orf75	-0.0981347	1.70527	-0.135527	-0.0536065	0.863791	-1.72447	0.27272
C17orf77			-1.07553				
C17orf78			2.37561				
C17orf80	-0.975491	0.443961	-2.61967				
C17orf82			-2.20792				
C17orf97	3.0661	2.82504	2.6382				
C17orf98			4.08176				
C17orf99			1.7504				
C18orf12			-1.941				
C18orf15			0.838282				
C18orf19			3.45136				
C18orf21	-2.43526	-0.10292	-1.3108				
C18orf24			1.23313				
C18orf25	2.22314	2.8112	4.47628	0.251953	0.656548	2.69026	3.14821
C18orf26			-1.24415				
C18orf32			-4.31368				
C18orf34			-0.169844				
C18orf45			2.23134				
C18orf51			-0.888114				
C18orf54	1.46975	1.94431	3.69151				
C18orf58			-2.37815				
C18orf62			2.16881				
C19orf12	5.54107	1.32688	-0.856153	0.237987	-0.737226	3.56905	1.55784
C19orf15			-1.47522				
C19orf18			-3.85923				
C19orf21			0.617627				
C19orf24			2.5885				
C19orf25	-2.8107	0.625361	-4.40848	-0.131326	0.776599	-0.257099	0.977079
C19orf26			2.201				
C19orf31			-1.62958				
C19orf34			1.52408				
C19orf38	-0.787565	-2.01651	2.19942				
C19orf41			-6.99474				
C19orf44	-2.25923	-1.54806	-5.16616				
C19orf45			0.138749				
C19orf47	4.49774	4.29885	4.65423				
C19orf48	-1.99274	-3.11585	2.6964				
C19orf51			-0.973322				
C19orf53	-0.522191	-1.79354	1.69522				
C19orf54			-2.14961				
C19orf57	1.9022	1.02073	0.151662	0.0137247	-0.454938	2.15438	1.77534
C19orf59			-0.271856				
C19orf66	1.09374	2.17854	1.85124				
C19orf67			-0.771145				
C19orf69			-1.52547				
C19orf70	2.10656	-0.465224	2.60265	0.119052	-0.632366	0.0285116	-0.976463
C19orf71			3.46544				
C19orf73	1.51375	2.48392	-1.30712	0.297307	0.305867	1.50854	2.03415
C19orf75			-0.308373				
C1D	2.84932	0.210878	0.905122				
C1DP3			-0.421219				
C1GALT1	2.15464	0.786345	0.126184	-0.338612	-0.481741	-0.0435201	-0.577327
C1GALT1C1			-1.67704				
C1GALT1C1L	-0.646839	0.0719154					
C1QA	-1.7944	-2.50313	1.46914	-0.104383	-0.664692	-2.1025	-2.39955
C1QB	-1.92769	-2.53284	-0.597683	-0.156351	-0.678708	-2.74799	-2.94172
C1QBP			-5.85486				
C1QC	-2.33482	-2.7544	0.197696	-0.218963	-0.700431	-2.11133	-2.46775
C1QL1	1.2098	-1.27537	2.51135	-0.0172619	-0.882261	1.11439	-0.556215
C1QL2	1.38079	-0.831553	1.38493	0.138023	-0.658034	0.429348	-0.604446
C1QL3	4.38075	0.269995		0.140348	-0.875452	1.83721	-0.239786
C1QL4	2.39451	0.00576458	-2.08575				
C1QTNF1			3.25393				
C1QTNF12	1.63231	0.654492	1.78962	0.186377	-0.540786	2.47207	1.24664
C1QTNF2	0.659738	0.0603514	-2.31201	0.139139	-0.589436	1.90396	1.23797
C1QTNF3	-1.04967	-1.91659	-2.57448				
C1QTNF4	2.42044	2.6398	1.34258				
C1QTNF6			0.227559				
C1QTNF7			-1.61572				
C1QTNF8			-3.65517				
C1QTNF9			-4.63356				
C1R	4.14411	0.591246	1.71596	0.35585	-0.760663	5.39583	2.41576
C1RL	1.37862	2.52537	3.64572	0.175158	0.860425	3.79033	3.39259
C1S	5.4905	1.27843	4.93303	0.335823	-0.811062	4.83923	1.93966
C1orf100	-0.72984	0.0822007	-1.82057				
C1orf105			-4.19707				
C1orf106			-4.32745				
C1orf107			-0.821636				
C1orf109	1.09084	2.01993	-1.1071				
C1orf110			1.80224				
C1orf111			0.44053				
C1orf112			-1.8				
C1orf113			-2.47492				
C1orf115	3.03032	2.3725	1.15724	0.508485	-0.40548	6.8393	4.69718
C1orf116			-1.67178				
C1orf122	-1.6054	-2.65293	-2.07676	-0.319444	-0.663165	-2.58313	-3.1042
C1orf123	0.0335114	-1.21313	-0.970236				
C1orf125			-4.19413				
C1orf126			1.6026				
C1orf127			-0.988894				
C1orf129			0.800191				
C1orf130			-1.46376				
C1orf131	-0.155736	-0.577181	-3.26737				
C1orf138			-1.68279				
C1orf14			-0.062409				
C1orf141			0.737115				
C1orf145			1.79025				
C1orf146			-1.76502				
C1orf150			-1.81918				
C1orf151			-1.81305				
C1orf157			-2.38182				
C1orf158			-1.35035				
C1orf159			1.94718				
C1orf162	-1.76241	-0.217996	-3.47941	-0.233276	0.440026	-0.0757116	0.734234
C1orf167	2.75352	4.14525		0.322748	0.404251	3.14507	3.57906
C1orf168			-2.56933				
C1orf174	0.851943	2.08069	-1.16905				
C1orf177			-2.36742				
C1orf180			1.27696				
C1orf183			0.189179				
C1orf185			2.16963				
C1orf186			1.85077				
C1orf189			0.64608				
C1orf192			-1.04483				
C1orf194	0.114459	-0.895501	-0.884516	0.0823479	-0.711885	1.58974	0.757657
C1orf198	-2.15155	-2.61939	-1.69072				
C1orf199			-0.528854				
C1orf2			0.353668				
C1orf203			0.90572				
C1orf21	-2.21537	-2.76885	-6.00437	-0.109269	-0.619748	0.444279	-0.0262239
C1orf210			-3.26807				
C1orf216	0.120292	-1.34747	-1.43519				
C1orf220	0.254983	-1.20949		-0.0540036	-0.684714	0.564395	-0.19019
C1orf226	-0.265731	-2.04676	-5.7425	-0.287633	-0.710726	-1.11279	-1.88787
C1orf227			0.501026				
C1orf228			-3.85966				
C1orf229			-3.17704				
C1orf35			0.138392				
C1orf43			-0.751243				
C1orf49			-1.60599				
C1orf50	0.175241	-1.75764	-1.17327	-0.0873638	-0.897127	-1.99908	-2.02693
C1orf52	-0.205796	-1.39338	-2.07436	-0.0359813	-0.500205	-1.8816	-2.33942
C1orf53	-2.41816	-3.38848	-3.47711				
C1orf54	-4.03207	-3.96276	-5.75074	-0.533209	-0.444838	-2.67656	-3.19437
C1orf56	-0.398559	-1.29482	0.194284				
C1orf61	-1.88891	-2.47422	-5.40998	-0.144118	-0.77765	0.243917	-0.859769
C1orf62			0.536369				
C1orf66			1.13223				
C1orf68			-2.42214				
C1orf74	4.5444	2.36216	6.75547	0.309196	-0.371167	1.88387	0.972382
C1orf81			-2.6435				
C1orf84			-2.37012				
C1orf87			-5.55626				
C1orf88			-2.29488				
C1orf89			2.34182				
C1orf92			-1.43199				
C1orf93			-1.22096				
C1orf94	-1.57358	-2.86148	-3.96752				
C2	-1.24423	-2.05388	-0.91912	-0.0787449	0.0218873	-5.69181	-5.70015
C20orf108			0.206417				
C20orf114			1.02464				
C20orf117			-6.88994				
C20orf118			1.25862				
C20orf123			-0.250013				
C20orf141			-1.34082				
C20orf144			-2.68699				
C20orf151			5.76377				
C20orf152			-2.30114				
C20orf166			-3.07059				
C20orf173			0.02912				
C20orf175			1.74114				
C20orf181			-1.42552				
C20orf185			-1.05008				
C20orf186			-3.31083				
C20orf194	-1.43422	-2.49247	-4.75143				
C20orf196	3.15499	4.13561	5.50714				
C20orf197			-1.74192				
C20orf200			4.46023				
C20orf203			1.5113				
C20orf204			-1.14831				
C20orf24			2.98156				
C20orf27	2.19926	-1.20423	3.82869	0.0976081	-0.786231	-0.322759	-1.29314
C20orf43			0.298653				
C20orf70			-0.12229				
C20orf71			-2.92477				
C20orf78			1.17322				
C20orf79			-2.84255				
C20orf85			-1.39554				
C20orf96	-3.36952	-0.929866	-4.45229				
C21ORF119			-1.17927				
C21orf110			9.52001				
C21orf116			-2.69752				
C21orf2	2.76338	-0.00134089	3.31619	0.201645	-0.685002	1.00195	-0.0509402
C21orf29			-0.818442				
C21orf33			-3.26582				
C21orf37			-0.045174				
C21orf49			-1.93718				
C21orf51			-7.26699				
C21orf54			2.81102				
C21orf58	0.139725	1.42987	-3.89462	-0.10302	0.503348	0.266344	0.845015
C21orf59			-6.02708				
C21orf62			-1.2185				
C21orf7			-2.48167				
C21orf70			3.10925				
C21orf90			-3.39735				
C21orf91	-1.38391	0.0599884	2.02882	-0.423331	0.295716	-3.32363	-2.2783
C22ORF45			0.684514				
C22orf15	-4.4932	-3.10424	-6.36722				
C22orf23	-0.508196	-1.63639	-1.40442	-0.0639063	-0.711275	1.61868	0.567907
C22orf24			0.419354				
C22orf26			-1.47895				
C22orf31			-4.28916				
C22orf33			1.19423				
C22orf34			3.53777				
C22orf39	0.422613	-1.46474	-2.6403	0.00803378	-0.715674	-0.367728	-1.23062
C22orf42			2.69972				
C2CD2	1.64012	1.5838	5.84384	0.0490682	0.190389	0.298646	0.237396
C2CD2L	2.84203	0.512999	-0.988449	0.455066	-0.662555	3.50919	1.72318
C2CD3	-0.870756	1.48798	0.616432	-0.0362876	0.772919	1.72242	2.09154
C2CD4A			-3.72395				
C2CD4B			-1.4585				
C2CD4C	4.65751	0.143479	3.57077	0.277289	-0.918434	9.49875	1.98328
C2CD4D	0.68259	0.951814					
C2CD5	0.410681	1.63604	-0.789308	0.131219	0.415952	0.900307	1.85496
C2orf15	-0.633354	0.135484	-2.12877				
C2orf16			-0.134433				
C2orf27A	2.0148	2.21337	-2.38214	0.330221	0.400991	1.73328	1.89514
C2orf27B			-2.96513				
C2orf40	1.82504	1.45789	0.591813	0.0959161	-0.237787	0.984297	0.652857
C2orf42	1.16869	1.76641	1.29134				
C2orf47			1.43813				
C2orf48			0.382728				
C2orf49	1.39809	2.62294	-0.423251				
C2orf50	1.5112	2.16979	-1.93826				
C2orf51			2.28312				
C2orf53			1.64722				
C2orf54	-0.943524	0.0830115	-2.35889	0.055333	0.42582	0.957049	1.6998
C2orf55			0.774193				
C2orf61			-0.201934				
C2orf62			-0.080786				
C2orf65			0.200606				
C2orf66			-2.43341				
C2orf68	-3.03794	-1.22465	-1.97728	-0.335513	0.235154	0.401145	1.01045
C2orf69	2.13925	-0.933095	-2.43718	0.131334	-0.827046	0.101453	-0.903968
C2orf70	-2.89854	-3.27407	-7.26876				
C2orf71			3.01346				
C2orf72	0.297646	0.507576	-1.94118				
C2orf73	0.958624	-0.681093	-8.08001	0.0924047	-0.72795	2.6622	1.28087
C2orf74	0.663394	-1.05889	1.72143	0.355575	-0.288023	-1.4102	-1.84578
C2orf76			0.051236				
C2orf77			-3.14834				
C2orf78			-2.80971				
C2orf80	2.57246	-0.522022	0.533197	0.238974	-0.866612	2.00646	0.132622
C2orf81	1.59916	0.919286	0.087217				
C2orf83			2.70782				
C2orf88	-1.83755	-1.08087	-2.31761	-0.519657	0.214365	-3.73078	-2.87691
C2orf90			-2.15653				
C3	-2.88192	-3.21914	-0.036961	-0.233513	-0.544077	-4.48355	-4.72297
C3AR1	-3.91244	-4.34703	-5.76154				
C3ORF24			-3.28667				
C3P1			0.053194				
C3orf14	0.167476	-1.58684	-0.500822	0.0788752	-0.709713	-2.07106	-2.60548
C3orf15			-3.78178				
C3orf16			-0.947753				
C3orf17			3.88869				
C3orf18	1.75167	2.85674	4.00583	0.149522	0.784079	0.826707	1.27824
C3orf20			-1.51463				
C3orf22			-4.5906				
C3orf27			-2.60833				
C3orf30			-0.28952				
C3orf33			0.830648				
C3orf35	-0.326203	1.76176	-0.189712	0.00970098	0.697966	-0.307723	0.673848
C3orf36			3.04727				
C3orf38	-1.05094	0.333566	-5.07778	-0.0542755	0.29656	1.42886	2.14335
C3orf41			-3.34391				
C3orf43			-2.93288				
C3orf44			-0.771669				
C3orf45			2.41202				
C3orf48			0.289405				
C3orf49			1.70205				
C3orf52			-3.33091				
C3orf54			-0.747254				
C3orf55			-2.88135				
C3orf58	3.15355	3.97712	5.84719	0.30235	0.496072	3.41472	3.88494
C3orf62	-2.60435	0.177396	-3.06711				
C3orf63			1.58968				
C3orf67			1.42495				
C3orf70	-0.588907	-1.51062	-2.01875	-0.119025	-0.593836	1.12289	0.496975
C3orf77			-4.03052				
C3orf78			-2.30953				
C3orf80	6.44544	4.61268		0.551529	-0.0229578	4.1029	4.03144
C4A			-7.62365				
C4BPA			0.319442				
C4BPB			1.88968				
C4ORF38			0.268252				
C4orf17			-0.388663				
C4orf18			2.81962				
C4orf19			3.17702				
C4orf22			3.76514				
C4orf26			3.35252				
C4orf3	-6.7283	-1.47616	-3.44911	-0.261054	0.610585	-3.82939	-2.48968
C4orf33	-4.00362	0.296164	-3.31476	-0.247654	0.840663	-5.48429	-1.29689
C4orf35			-1.00186				
C4orf36			3.37964				
C4orf37			0.704087				
C4orf40			-3.67879				
C4orf45	3.91465	0.582863	3.83847	0.476167	-0.633751	1.87541	0.872622
C4orf46			-4.87366				
C4orf47	1.45102	1.90119	-0.665652				
C4orf48	0.870261	0.47194	-1.22536				
C4orf50			1.05941				
C4orf6			-2.01119				
C4orf7			-2.20981				
C5	1.07492	-0.338246	-1.07766	-0.131237	-0.523799	1.11476	0.830292
C5AR1			0.868781				
C5AR2			-0.76101				
C5ORF20			-2.33058				
C5orf15			-0.784241				
C5orf22	-1.40996	-0.00416201	-0.516591				
C5orf24	-2.96368	-0.0343021	-3.35958	-0.0488647	0.554619	-1.5306	-0.646691
C5orf30	6.76465	3.94184	6.38908	0.585368	-0.290465	2.84091	2.34514
C5orf34			6.16002				
C5orf38			-3.82286				
C5orf42	-1.2675	0.218	-3.6775				
C5orf46			-1.10571				
C5orf47			-3.68205				
C5orf48			2.45246				
C5orf49	1.89121	-1.21097	-1.28225	-0.035201	-0.873003	1.55585	-0.25426
C5orf50			0.653233				
C5orf51			1.79908				
C5orf52			1.04741				
C5orf56	-4.15512	-1.94164	-6.40538	-0.583897	0.263649	-0.87506	-0.203448
C5orf58	-3.61045	-3.10316		-0.150118	0.304154	-2.3829	-2.22002
C5orf64	-0.948549	-0.458632		-0.454158	0.332777	-3.82696	-2.81112
C6			0.353616				
C6ORF223			-3.17046				
C6orf10			-3.00303				
C6orf103			1.18574				
C6orf106	1.76491	2.66529	0.789087	0.191721	0.690325	1.18807	1.6001
C6orf118	-2.02491	-2.74821	-8.2536	-0.240627	-0.7651	-2.64793	-2.91656
C6orf120	0.484227	1.75842	2.19127				
C6orf123			-0.498114				
C6orf126			-0.272275				
C6orf132			-2.72451				
C6orf136	1.80192	2.36911	5.62413	0.282897	0.517107	0.55405	0.921779
C6orf141	-0.419291	-2.12862	0.640096	0.180588	-0.664142	0.301247	-0.830469
C6orf146			-2.4598				
C6orf15			-1.2748				
C6orf195			-0.881157				
C6orf201			-0.386448				
C6orf203	0.878612	-0.192911	-0.835134				
C6orf205			-0.09791				
C6orf211			2.49828				
C6orf221			-2.72351				
C6orf222			0.406416				
C6orf226	-0.921736	-1.36045	-3.081				
C6orf227			-0.564553				
C6orf26			1.98376				
C6orf47	-2.87993	1.17945	-3.04141	-0.182923	0.801279	-0.820015	0.796126
C6orf48	-4.52365	-4.69285	-7.1769				
C6orf52	1.07259	-1.06255	-0.416969	-0.0485162	-0.826738	0.786036	-0.474976
C6orf58			-1.04535				
C6orf59			0.820725				
C6orf62	0.13683	0.109092	1.36542				
C6orf81			-2.49413				
C6orf89			-1.15693				
C6orf91			-3.22329				
C6orf94			-1.27287				
C6orf99			-1.65856				
C7	1.11246	0.743918	-2.38609				
C7orf13	-0.45263	-1.78119	-5.49043	-0.014483	-0.631326	-1.32526	-1.70602
C7orf25			-4.93886				
C7orf26			2.49706				
C7orf29			-5.0392				
C7orf31			-0.67031				
C7orf33			1.41576				
C7orf34			-1.49782				
C7orf36			0.218107				
C7orf38			0.184468				
C7orf43			-0.626781				
C7orf45			-0.113175				
C7orf49			0.503798				
C7orf50	-0.529417	-1.64222	-2.50376				
C7orf57	-1.80999	-0.497641	-1.63126	0.154893	0.500718	-0.964324	-0.37681
C7orf58			-2.72458				
C7orf60			-0.180192				
C7orf61			-3.27002				
C7orf65			1.01048				
C7orf66			-0.698984				
C7orf69			-0.042369				
C7orf70			0.370332				
C8A			-1.42446				
C8B			2.59126				
C8G	0.688126	-0.341235	3.96815				
C8ORF51			-4.51958				
C8ORF75			-0.639309				
C8ORF77			2.61598				
C8orf22			-3.12773				
C8orf31	-1.40965	1.09012	4.11275	-0.038466	0.63795	0.595119	1.12572
C8orf33	0.658233	-0.563529	-2.3109	0.00444632	-0.337017	-1.21423	-1.7968
C8orf34	-2.17027	-2.7332	-5.76374	-0.273857	-0.695131	-2.33401	-2.80859
C8orf37			-1.03055				
C8orf39			-3.6493				
C8orf44	1.2455	0.554485	-3.3564	0.0645002	-0.537073	1.96134	1.38765
C8orf45			-2.75711				
C8orf46	3.17977	0.448964	3.3918	0.163614	-0.802395	0.83038	-0.640501
C8orf48			-0.019355				
C8orf54			0.192051				
C8orf58			-1.49134				
C8orf59	1.10936	2.22568	0.005095				
C8orf66			-1.55607				
C8orf71			-1.43842				
C8orf74			-0.117865				
C8orf76			1.21115				
C8orf82	0.737918	-0.665199	-1.93862	-0.259357	-0.403094	1.49754	1.00411
C8orf84			-2.28466				
C8orf86			3.40043				
C9			-2.29452				
C9ORF133			-1.68931				
C9orf100			-0.835769				
C9orf106			-4.56168				
C9orf11			1.66528				
C9orf116	0.464735	-0.430469	-1.10695	-0.102443	-0.459118	-0.680217	-1.38946
C9orf117			-2.44274				
C9orf128			-1.19538				
C9orf129	4.59097	4.76895	0.961513				
C9orf131			-0.686851				
C9orf135			-8.19089				
C9orf139			-1.05497				
C9orf147			-5.36572				
C9orf152			-2.17192				
C9orf153			1.39707				
C9orf16	-3.69272	-5.01174	0.700387				
C9orf163			0.267773				
C9orf171			-6.51695				
C9orf24	1.66265	1.63082	0.07332	0.0396924	0.209646	0.129154	0.0617688
C9orf3	-4.35414	0.0558293	-1.3772	-0.23091	0.706539	-4.52474	-1.60841
C9orf40	4.87489	1.66548	1.27836				
C9orf43			2.08347				
C9orf47			0.42875				
C9orf50	1.18585	0.426522	0.67142				
C9orf53			-0.138374				
C9orf57			-1.89649				
C9orf6			-0.3883				
C9orf61			-3.53082				
C9orf62			-3.02553				
C9orf64	-0.0388552	1.76257	0.166402				
C9orf66			0.199457				
C9orf71			1.42049				
C9orf72	1.09218	2.66295	2.06708	0.0115867	0.771465	3.0762	3.71982
C9orf78	-4.19363	-4.43318	-4.46928				
C9orf79			-0.756361				
C9orf84			-1.99142				
C9orf85			-1.61085				
C9orf96			-1.77041				
CA1			0.112666				
CA10	6.10273	1.36083	9.82894	0.479146	-0.548294	2.902	1.54194
CA11	2.50215	-0.653139	1.49752	0.347668	-0.708194	2.1194	0.47402
CA12	-7.69834	-4.81994	-9.34513	-0.729579	-0.00101914	-6.27361	-5.41228
CA13	2.12179	2.89145	4.06437	0.0756796	0.748546	-0.0335058	0.741572
CA14	-0.451911	0.128013	-0.199073	-0.402708	0.27887	-3.56553	-2.63589
CA2			-1.29611	-0.342101	0.309694	-2.50983	-1.9008
CA3			0.433202				
CA4	6.62275	2.87059	6.39132	0.651856	-0.270425	4.08401	3.17722
CA5A	-1.46728	-1.19719	2.80574	-0.148925	0.223771	-4.13185	-4.0081
CA5B	-4.50992	-4.76737	-7.24043	-0.48204	-0.501085	-1.81792	-2.37658
CA5BP1			1.41317				
CA6			-2.00629				
CA7	1.0776	2.0447	5.00626	0.267126	0.675571	-0.472427	0.304696
CA8	-1.76171	-2.4711	-3.17679	-0.152991	-0.52113	-1.93977	-2.2893
CA9			-0.121551				
CAAP1	-1.16981	1.25674	-3.37332				
CAB39	1.11757	1.90713	1.77854	0.122235	0.784667	-0.722129	0.121097
CAB39L	-1.15629	0.719795	-2.0116	-0.0741232	0.459801	0.117708	0.906401
CABCOCO1	-1.85579	-2.73577	-7.81545	-0.170223	-0.757034	-1.73123	-2.0458
CABIN1			-4.52413				
CABLES1	-1.36378	-1.95422	-2.27542	0.0359785	-0.0683306	1.0611	1.16876
CABLES2	3.38866	4.3384	4.54343	0.241268	0.64615	2.33051	2.79445
CABP1	0.805408	1.91085	12.4264	0.13276	0.922351	0.230011	1.00944
CABP2			-2.62485				
CABP4			1.34144				
CABP5			-0.463862				
CABP7	-4.4219	-4.88494	-7.48703	-0.351672	-0.513709	-8.26155	-8.64276
CABYR	3.94978	1.01672	7.02005	0.223633	-0.700387	0.357561	-1.01695
CACFD1			-1.34285				
CACHD1	-2.04367	-2.88009	-5.35974	-0.0381023	-0.600895	0.920951	0.0671915
CACNA1A	-0.969456	1.35653	-1.98725	0.0498378	0.621389	0.157783	1.08665
CACNA1B	3.24833	3.21398	-0.471916	0.51809	-0.198088	2.71183	2.36915
CACNA1C	0.421857	1.73774	-1.43723	0.377939	0.360856	2.63137	3.34352
CACNA1D	-0.337922	1.0815	-0.068739				
CACNA1E	-3.22973	-3.68842	-9.27055	-0.109896	-0.408441	-2.47534	-2.79341
CACNA1F	0.66111	-0.790062	1.7453	0.367417	-0.332349	-0.122824	-0.611911
CACNA1G	2.94646	3.85203	5.09401	0.581016	-0.0253117	4.52752	4.61417
CACNA1H	-0.242362	-2.26199	-2.20432	-0.0447037	-0.830209	-3.02681	-3.48526
CACNA1I	-0.136683	1.25901	1.21314	0.145859	0.24801	1.25811	1.85219
CACNA1S			0.378107				
CACNA2D1	1.64099	0.875442	0.07494	0.146788	-0.687288	1.54098	0.806742
CACNA2D2	1.46592	2.5743	0.424167	-0.00232302	0.869095	0.837936	1.44136
CACNA2D3	3.73859	3.84341	5.25833	0.218974	0.530889	3.41313	4.57191
CACNA2D4			0.515705				
CACNB1	2.19694	2.20956	1.83047				
CACNB2	7.88598	4.54272	3.38915	0.586657	-0.278912	6.43469	5.37278
CACNB3	1.15801	0.368192	0.962181	0.590334	-0.415156	1.42107	0.819427
CACNB4	-0.175489	1.43415	-2.28227	0.0970021	0.855286	-2.18114	-0.114645
CACNG1	-0.502733	-1.89165	-5.77838	-0.0361323	-0.781332	-0.32826	-1.06233
CACNG2	2.59097	3.50228	8.44042	0.342004	0.672198	2.53067	2.83387
CACNG3	4.22767	-0.225581	3.20162	0.368947	-0.725441	0.717178	-0.583281
CACNG4	-3.89332	-4.74166	-5.095	-0.0488505	-0.669345	-0.971033	-1.53573
CACNG5			0.384618				
CACNG6	2.43252	1.55339	3.2098	0.498598	0.32816	0.662868	0.650145
CACNG7	-1.94746	-0.24473	2.13214				
CACNG8	2.17678	3.08961	6.01454	0.305307	0.583788	0.433346	0.859081
CACTIN	-3.60984	-1.25435	-2.52591				
CACUL1	0.362422	-1.54541	2.59252	0.0362204	-0.719121	-1.07499	-1.60686
CACYBP	0.833744	-0.502522	-0.254282				
CAD	2.96254	3.35158	5.34497				
CADM1	0.0337524	-1.52189	-7.72657	-0.0590986	-0.899109	1.3667	0.0146887
CADM2	0.772243	1.41995	-0.359987				
CADM3	-1.29836	-2.19411	-0.99718	0.242791	-0.423082	-0.648389	-1.07651
CADM4	-4.18261	0.162283	-1.25929	-0.295602	0.672277	-3.11979	-1.28789
CADPS	0.415473	0.166709	-1.17008	0.0300265	-0.126027	-2.26833	-3.19764
CADPS2	0.226286	1.6575	6.13361	0.208103	0.90837	-0.857881	0.325898
CAGE1			-0.697816				
CALB1	2.37065	0.0336384	3.84601	0.284295	-0.807594	4.79506	1.98256
CALB2	0.455998	-0.809164	-5.73218	0.0826442	-0.631965	0.922255	0.464023
CALCA			-5.02962				
CALCB			6.73522				
CALCOCO1	1.81543	2.81936	-1.49571	0.0961887	0.709012	2.63674	3.00953
CALCOCO2			-3.92771				
CALCR			0.656428				
CALCRL	1.90162	1.61053	2.65378	-0.000557757	-0.351627	2.04755	2.16819
CALD1	-1.04647	-2.26153	-1.50188	-0.486451	-0.354041	-1.37991	-1.84656
CALHM1	3.59125	2.40496	1.8909	0.388634	0.0317308	2.49698	2.34392
CALHM2	6.94014	1.99972	3.92065	0.478344	-0.451971	2.78261	1.81023
CALHM3			-0.206937				
CALHM6	-0.0820123	-1.55274	-3.57645	0.0186691	-0.85955	-1.60072	-1.92766
CALM1	1.05009	-1.22988	1.2653				
CALM2	0.39461	-0.817417	-2.3114				
CALM3	3.08664	-0.97139	1.53773	0.0648148	-0.892105	1.55413	-0.411193
CALML3	2.70616	3.6295	5.62934	0.276408	0.765035	4.03093	4.03114
CALML4	-1.44775	-0.801748	-1.62517	0.0969541	0.232762	1.68423	2.37941
CALML5			0.347005				
CALML6	-1.69617	0.0927729	1.6624				
CALN1	-6.66978	-3.99131	-9.14607	-0.543785	-0.326608	-4.27482	-4.86945
CALR	1.92415	0.470407	-1.96531				
CALR3			-1.55006				
CALU	1.32382	-0.495091	1.36703				
CALY			4.43334				
CAMK1	-1.11262	0.15056	-1.5369	0.224086	0.225537	-0.600355	-0.277677
CAMK1D	1.44007	2.50949	0.906843	0.43807	0.586483	0.767603	1.34856
CAMK1G	6.7649	4.37507	5.85075	0.481391	-0.233033	5.61302	5.21401
CAMK2A	1.55427	1.67564	2.41784	0.55713	0.10164	2.35663	2.53622
CAMK2B	-1.86478	0.380043	-1.55164				
CAMK2D	1.11857	-0.852953	-0.510967	0.258081	-0.868315	2.77857	0.63979
CAMK2G	-1.3254	0.741539	-1.26674	-0.0623561	0.830246	-2.76087	-0.962317
CAMK2N1	0.922874	0.0749241	-0.584345	0.446788	-0.388027	2.31044	1.77783
CAMK2N2	-2.85507	-2.6116	-5.19594	0.0512453	0.13357	-1.99167	-1.8939
CAMK4	3.16903	2.24026	5.38298	0.734687	-0.23935	3.09203	2.58594
CAMKK1	1.38709	1.858	1.70318	0.49941	0.510272	-0.927374	-0.629736
CAMKK2	5.78863	5.52807	8.43144	0.446628	0.744138	3.97503	4.25092
CAMKMT	-0.143292	-0.0420792	-1.08787				
CAMKV	2.15436	-0.111093	-0.482683	0.373332	-0.796147	3.61319	1.35646
CAMLG	2.11862	0.00319252	-2.32691	0.080712	-0.605355	1.29207	0.545163
CAMP			-0.914819				
CAMSAP1	-0.492598	-1.32882	-1.15367	0.00517075	-0.597066	-0.73641	-1.16383
CAMSAP2			-0.961298				
CAMSAP3			0.665389				
CAMTA1	0.883515	2.00117	1.71975	0.244645	0.809235	0.085649	0.94247
CAMTA2	-1.86712	0.917836	0.403445	0.0551095	0.833299	-0.889812	0.301772
CAND1			0.393738				
CAND2	3.95859	4.21108	0.154927				
CANT1	0.643384	-0.297903	-0.174128				
CANX	3.99782	-0.208363	-3.1094	0.162001	-0.884505	2.77032	0.333232
CAP1	1.5764	-0.934535	-4.93308	-0.0327834	-0.759399	0.354685	-0.920893
CAP2	0.766433	0.821172	0.723429	0.384363	-0.0262754	1.86858	1.9823
CAPG	0.362453	-1.3746	-2.52572	-0.149575	-0.820234	2.41731	0.789308
CAPN1	0.192273	1.10893	0.55918				
CAPN10	0.320662	-0.174602	-6.49054				
CAPN11			1.20837				
CAPN12	2.17356	0.339991	2.70084	0.372184	-0.469769	2.60226	1.78104
CAPN13			2.03461				
CAPN14			-2.86537				
CAPN15	-4.23177	-0.803587	-4.667	-0.153223	0.721154	-1.71009	-0.451937
CAPN2	-7.3178	-5.79054	-5.95542				
CAPN3	-1.23523	-0.222531	0.768153	-0.416312	0.376549	-4.56599	-3.03004
CAPN5			1.49924				
CAPN6			1.36302				
CAPN7	-2.19065	0.349229	-4.74769	-0.323857	0.37354	1.23117	2.04798
CAPN8			-4.80003				
CAPN9			4.92715				
CAPNS1	1.73732	0.223436	4.91259				
CAPNS2	1.23913	-0.155977	-1.34219				
CAPRIN1	2.67011	0.00253151	-1.05192				
CAPRIN2	-4.33081	-3.69031	-3.61326				
CAPS			-6.50555				
CAPS2	3.95011	5.17858	4.74715	0.413158	0.613463	3.77003	4.47005
CAPSL	-0.645864	-2.43012	-3.62149	0.0161309	-0.907693	-1.69626	-2.24447
CAPZA1			-0.297084				
CAPZA2			-1.43973				
CAPZA3			-1.02881				
CAPZB	-3.21832	-4.41658	-5.22511	-0.0473459	-0.699842	-1.93616	-2.42075
CARD10			-3.13296				
CARD11			4.68799				
CARD14	-2.12419	-1.20179	-1.41908	-0.532964	0.203237	-6.28565	-4.93406
CARD16	-0.330796	-1.84635	2.87619				
CARD17	-0.53911	-1.80084	2.37486	-0.00171377	-0.743495	-0.143522	-1.17689
CARD18			-0.581489				
CARD19	-0.989234	0.402416	3.23364	-0.19855	0.524882	-2.84867	-2.10312
CARD6			-2.52603				
CARD8	-4.76246	-3.53884	-2.17785				
CARD9	-4.88026	-1.71069	-3.9905	-0.227779	0.637874	-1.8705	-0.719539
CARF			-3.45456				
CARHSP1	-1.45912	-2.52362	-2.39488				
CARM1			-3.16148				
CARMIL1	1.29572	-0.0284323	-0.897604				
CARMIL2	-0.331171	1.2215	0.045513				
CARMIL3	0.793789	-1.58448	-3.24077	-0.0444538	-0.799124	-1.13346	-1.87833
CARMN			-3.24309				
CARNMT1	0.653139	1.53788	1.3318				
CARNS1	0.180439	0.673514	-0.436617	-0.37091	0.219482	-2.56994	-1.9751
CARS	-0.580308	-0.00735779	1.3716				
CARS2			-1.32516				
CARTPT	4.62343	2.19456	4.98414	0.662491	-0.0385076	7.20445	7.01439
CASC1	-0.108368	0.875515	2.04348				
CASC10	1.78364	-0.0658454		0.0224782	-0.456611	3.62162	2.77149
CASC15	1.47974	2.45931	3.58967	0.505857	0.123792	1.35046	1.63055
CASC2	-1.75475	-0.422956	-1.62716				
CASC3			-5.27019				
CASC4	-1.55694	-2.25828	-5.72576				
CASC5			-1.87034				
CASD1	0.545594	0.438071	-1.8454				
CASK	1.93258	-0.70728	-3.7082	0.186565	-0.893821	3.05699	0.496427
CASKIN1			-3.7565				
CASKIN2	-5.74797	-4.56736	-5.49186				
CASP1	-1.5642	-2.48922	1.53296	-0.084834	-0.710458	-2.02656	-2.33268
CASP10	-0.687501	-0.213942	1.9941				
CASP12			-2.16627				
CASP14			0.233134				
CASP16P	-2.57502	-1.25106					
CASP2	-3.32586	-1.69112	-3.53963				
CASP3	-0.598788	1.35384	-0.468693	-0.019332	0.483473	2.34588	3.22165
CASP4			-3.26116				
CASP5	-1.71955	-3.654	0.342112	-0.0635312	-0.349895	-2.48478	-3.07776
CASP6	-1.75679	-2.42267	-4.27664	-0.184615	-0.553738	0.255686	-0.0895463
CASP7			-2.86976				
CASP8			-3.3195				
CASP8AP2	1.31656	2.65307	0.102695	0.159164	0.646919	4.19851	4.72551
CASP9			-4.01776				
CASQ1	6.05573	3.17547	9.84101	0.489198	-0.375666	3.87385	2.71994
CASQ2			0.253058				
CASR			2.03447				
CASS4			2.24649				
CAST	0.794667	1.8553	0.909128	-0.15661	0.756219	0.0166589	0.720639
CASTOR1	-1.13391	-1.97002	-5.50277	-0.227768	-0.635222	1.31915	0.588793
CASTOR2	-1.47293	0.0412343		0.0435635	0.422943	1.78053	2.61589
CASZ1			-2.56976				
CAT			-1.04328				
CATSPER1			-5.65541				
CATSPER2			-3.32939				
CATSPER2P1			-2.71483				
CATSPER3			0.962455				
CATSPER4			-6.31102				
CATSPERB			0.229821				
CATSPERE			-2.93712				
CAV1			-1.63084				
CAV2	-0.134636	0.10368	-1.0483	-0.107222	-0.34759	0.600469	0.821292
CAV3			-2.84321				
CAVIN1	-0.805258	0.0419306	-1.56502	-0.451424	0.333702	-3.57629	-2.48971
CAVIN2	0.360021	1.01629	-1.386				
CAVIN3	-3.21662	-4.76386	-3.48724	-0.01574	-0.234374	-2.95572	-3.3318
CAVIN4	1.39675	2.28578	3.7182				
CBFA2T2	0.0339303	0.905122	-2.18824				
CBFA2T3	4.73262	1.52349	-0.847171	0.203691	-0.542984	3.34683	1.94384
CBFB	-3.88277	-3.77198	-3.92948	-0.446681	-0.664834	-1.83561	-2.37144
CBL			-0.319692				
CBLB	-0.358533	1.20362	-1.73937				
CBLC			-3.11877				
CBLL1	2.27992	1.0443	0.635949				
CBLN1	6.6337	2.91139	4.83884	0.242849	-0.706182	3.28687	1.82278
CBLN2	4.4723	3.63536	7.45242	0.202477	-0.0698148	3.30629	3.26734
CBLN3			2.67824				
CBLN4	2.74173	2.33403	4.68503	0.587487	0.303147	3.36673	4.17632
CBR1			-1.4672				
CBR3	-0.383098	-1.41917	-3.67975				
CBR4			-2.84181				
CBS			1.09608				
CBWD1	-2.64867	0.268701	-6.0019	-0.221685	0.367671	0.762101	1.75478
CBWD5	0.3466	1.46874	-4.88519	-0.150319	0.236407	-0.160562	0.629307
CBWD6			-1.04508				
CBX1	0.990003	-0.333651	-7.0587				
CBX2	-0.0209437	0.181891	3.4576				
CBX3			-1.01135				
CBX3P2			-4.40264				
CBX4			5.28431				
CBX5	-1.16634	0.0840486	-2.47473	-0.0800849	0.341239	1.24763	1.98181
CBX6	-0.124895	-1.16219	-2.84862				
CBX7	0.707391	2.55265	-3.29037	0.27859	0.61412	1.59979	2.526
CBX8	0.926776	-0.0546052	5.08276				
CBY1			-1.79811				
CBY3			-1.58462				
CC2D1A	0.354984	0.413645	-0.116174				
CC2D1B			-2.76756				
CC2D2A	0.60808	-0.0974755	-2.83831	-0.189763	-0.409549	0.927393	0.796305
CC2D2B	-2.4382	-3.08206	-1.82402	-0.277946	-0.585965	-0.275215	-0.908172
CCAR1	-3.05446	-2.23402	-5.07257				
CCAR2			3.47824				
CCBE1	0.248065	-1.91247	-2.80849	-0.215712	-0.824107	-2.87075	-3.41314
CCBP2			-3.02601				
CCDC102A	-3.56021	-4.41255	-2.45645				
CCDC102B	2.72917	1.5078	0.977702	0.0323522	-0.209837	0.823805	0.500868
CCDC103	1.43429	-1.27559	-2.23697	0.0762586	-0.604944	-0.0205494	-0.790298
CCDC105			0.782956				
CCDC106			-1.05597				
CCDC107	-0.189625	0.110177	0.338374				
CCDC110	3.41073	2.31519	9.13504	0.326581	-0.283321	2.4368	1.93635
CCDC112	0.238532	-1.21994	-2.61428	-0.0731638	-0.755226	0.0189609	-0.965471
CCDC113			-1.28567				
CCDC114			-2.93084				
CCDC115	1.12585	2.77759	-0.943235	0.0684653	0.686003	1.40656	2.05699
CCDC116			1.44967				
CCDC117			1.11872				
CCDC12	2.82017	3.80513	4.87494	0.371891	0.121158	2.62946	2.92753
CCDC120	0.149424	0.431769	-5.6301	-0.0177299	-0.242335	2.86172	3.08066
CCDC121			0.824461	-0.348825	0.329412	-0.19498	0.247093
CCDC122	-0.743065	0.732224	-0.372485	-0.245214	0.450821	-2.71318	-1.76937
CCDC124	2.79776	0.7919	5.02271				
CCDC125	-2.0378	-0.544418	-1.47008				
CCDC126	1.39943	2.32968	0.124563	0.0367793	0.613283	-0.519775	0.491473
CCDC127	-0.0132535	-0.971795	-0.818378				
CCDC129			-0.846583				
CCDC13			2.86996				
CCDC130	0.349401	1.66266	-1.54067	-0.147864	0.604414	1.12755	1.89979
CCDC134	-3.75717	-1.35597	-1.5701				
CCDC135			-0.220973				
CCDC136	-3.26045	-0.160539	-0.16422	-0.154544	0.707805	-1.13366	0.262732
CCDC137			-1.16083				
CCDC138	-1.97119	0.494204	-2.4972	-0.0802905	0.524242	-0.721376	0.0384841
CCDC14	1.32371	2.19633	-0.44743	0.128558	-0.0349036	2.6204	2.98948
CCDC140			1.6721				
CCDC141			0.065383				
CCDC142	-1.61839	-0.102796	-2.69316				
CCDC144A			-4.60242				
CCDC144B	-0.233516	1.19325		0.129276	0.460254	1.63986	2.40334
CCDC144CP	-1.17751	0.797241					
CCDC144NL	-2.10404	-0.298315	-2.16565				
CCDC146	-5.06796	-0.629995	-3.54107	-0.239272	0.598881	-1.10644	-0.261701
CCDC148	0.210347	-1.09779	-3.71283	-0.00888623	-0.796872	1.60531	0.49092
CCDC149	1.77171	1.13759	-1.00954				
CCDC15			-0.787795				
CCDC150			2.79352				
CCDC151	-1.44256	-0.238485	0.355154	0.0152045	0.369262	0.00337304	0.506111
CCDC152	-3.16145	-2.90441	-1.99748	-0.0177274	0.253446	-2.44933	-2.08886
CCDC153	0.160384	-1.19771	0.165222	-0.197582	-0.710345	-1.19596	-1.73065
CCDC154	0.625298	1.94353	0.70439				
CCDC155			2.01227				
CCDC157			-2.00551				
CCDC158	2.35629	0.890085	3.73349	0.178575	-0.305058	5.2199	4.26598
CCDC159	-2.52216	-3.59371					
CCDC160	-0.907007	-0.847167		-0.535874	0.0142379	-2.00688	-2.07768
CCDC166			-1.03966				
CCDC167	1.12998	-1.17471	2.13679	-0.136343	-0.714063	0.103555	-0.817556
CCDC168			0.51389				
CCDC17			1.78938				
CCDC170			-2.94079				
CCDC171	-1.79159	-2.26848	-8.14144	-0.106347	-0.407446	-0.137806	-0.283412
CCDC173	-1.70527	-2.03293		-0.378633	-0.142591	0.199236	0.168873
CCDC174	3.67723	5.29	-1.24884				
CCDC177	0.499581	2.16585	-2.10023	0.255485	0.754578	3.34721	4.15476
CCDC18	-1.46291	-2.50809	-2.78636				
CCDC181	-1.69225	0.573502	-3.15002	0.014331	0.44296	1.34728	2.16589
CCDC184	1.46666	2.45021	7.63131	0.223276	0.682488	1.88409	2.38534
CCDC185			0.065904				
CCDC186	0.480117	1.62611	1.28917	0.188368	0.714571	0.0301895	0.985153
CCDC189	1.11506	-1.35805		0.0291893	-0.80828	-2.41349	-2.60405
CCDC19			-7.42523				
CCDC191	-1.96753	-2.43199	-7.34216	-0.337749	-0.452024	-0.679474	-0.886271
CCDC22	-0.954135	0.162456	3.89311				
CCDC24	2.52071	0.100764	0.562091	0.270528	-0.707792	4.15239	1.8644
CCDC25	-0.77651	0.374312	2.39814	0.102511	0.647018	-1.48768	-0.929287
CCDC27			2.08901				
CCDC28A	0.78141	-1.17891	-4.52544	-0.155578	-0.767291	-0.161412	-0.948616
CCDC28B			-1.25991				
CCDC3	7.22179	3.11706	2.38903	0.412239	-0.651073	5.519	3.34918
CCDC30			1.62324				
CCDC32	1.49602	-0.376886	-2.53887				
CCDC33			-2.18639				
CCDC34			-2.05744				
CCDC36			0.760202				
CCDC37			-1.87919				
CCDC38			2.37947				
CCDC39	0.0879541	1.4185	1.68393	-0.0636299	0.888514	-1.69831	-0.362355
CCDC40			-6.09155				
CCDC42			1.8173				
CCDC43			-2.07396				
CCDC47	0.770004	1.76103	-0.920325	0.0868855	0.559577	0.3658	0.898141
CCDC50	-3.46995	-3.02262	-4.79119				
CCDC51	1.03835	1.66483	3.89222				
CCDC54			0.728539				
CCDC57	1.16262	2.16283	-2.92245	0.151102	0.587781	1.78967	2.54297
CCDC58	-3.71352	0.510763	-2.70161	-0.162187	0.812051	-1.8533	0.142938
CCDC59	-0.942283	-0.634724	-3.30134	0.0832695	0.0855767	-0.736338	-0.516193
CCDC6	0.416994	-1.73053	-1.41341	0.184624	-0.666228	-1.52075	-2.32007
CCDC60			0.146881				
CCDC61			-4.65405				
CCDC62			0.487751				
CCDC63			0.628847				
CCDC65	-1.5798	-0.494298	-3.20731	-0.0196427	0.181179	0.713525	1.26425
CCDC66	-0.240108	1.05253	-4.83613				
CCDC67			-3.82775				
CCDC68	6.32769	2.50755	7.2282	0.419607	-0.582264	4.85248	2.63511
CCDC69			-2.24626				
CCDC7	-1.77734	-1.28793	-1.57145				
CCDC70			-4.86508				
CCDC71			-0.082825				
CCDC71L	0.2697	-0.321076	-3.61794	0.0392532	-0.705176	4.44831	2.58852
CCDC73			-1.29303				
CCDC74A			-5.5223				
CCDC74B	-3.52354	-4.27739	-5.01036				
CCDC77	-4.8604	-5.55924	-5.23545	-0.525529	-0.376649	-4.10508	-4.79404
CCDC78	0.108594	1.54541	-0.128209	-0.140019	0.606837	0.609556	1.27079
CCDC79			-0.666097				
CCDC8	-1.16442	-2.11789	-4.75296	-0.274788	-0.653707	0.335746	-0.285538
CCDC80	0.136774	0.39772	0.981702	-0.36089	-0.0337584	0.456228	0.566269
CCDC81			-1.40265				
CCDC82	0.124015	1.54084	-0.6093	-0.157576	0.404992	0.836733	1.45212
CCDC83			2.50949				
CCDC84	0.0440379	1.54201	-4.52455	-0.0618825	0.389411	2.2438	3.07009
CCDC85A	5.1794	2.64017	8.62067	0.497878	-0.40791	3.43481	2.39594
CCDC85B	3.37533	1.10232	2.77702				
CCDC85C	-2.03625	-3.0621	-6.08063	-0.0985873	-0.858995	1.03731	-0.0989538
CCDC86	0.671547	-0.389643	-0.196156				
CCDC87			-0.543513				
CCDC88A	-5.28683	-2.47809	-4.06011				
CCDC88B	-2.69073	-1.4398	-2.38076	-0.0673728	0.390217	-2.04098	-1.4871
CCDC88C	0.239262	-1.32368	-1.30151				
CCDC89			0.248778				
CCDC9	3.60592	3.5404	5.34926				
CCDC90B	-2.12851	-2.54024	-6.01536	-0.290195	-0.865731	-3.89168	-3.37887
CCDC91	-4.05693	-3.65663	-0.800057	-0.108323	0.516191	-3.11718	-2.31235
CCDC92	-0.385563	0.00965141	-2.7952	-0.0786794	0.131397	-2.44483	-2.64043
CCDC93	-0.427123	0.904141	-0.691928				
CCDC94			3.69381				
CCDC96	-0.304597	1.70602	-3.42331	-0.0796177	0.460681	-0.261782	0.369141
CCDC97	-1.29011	-1.05398	-5.95471				
CCDC9B			-1.89674				
CCEPR	0.422528	-0.553707		-0.0256085	-0.530219	1.5874	1.22693
CCER2	1.25883	2.35551		0.0512491	0.659515	1.88572	2.41514
CCHCR1	2.14011	1.84179	-3.00271				
CCIN	-1.59722	-2.69006	-6.63316	-0.0291947	-0.536334	0.323394	-0.179506
CCK	8.73405	3.66312	9.94577	0.641134	-0.345232	6.59598	4.93008
CCKAR			-3.67398				
CCKBR	6.76172	2.2262	5.0891	0.492712	-0.625087	5.33086	2.78352
CCL1			0.501778				
CCL11			-0.393856				
CCL13			-1.76732				
CCL14			-3.02826				
CCL15			-4.23756				
CCL16			-0.361142				
CCL17			-0.264755				
CCL18			-2.27295				
CCL19	-3.61584	-4.92742	-2.10918	-0.355125	-0.309936	-2.51213	-2.81843
CCL2	-4.87776	-4.10835	-3.33637	-0.556148	-0.308477	-4.51141	-5.29023
CCL20			-0.667461				
CCL21			-1.685				
CCL22			-0.456966				
CCL23			-2.28846				
CCL24			-1.89027				
CCL25			-1.04215				
CCL26			0.094104				
CCL27	-0.70303	1.38433	6.17431	0.0109544	0.796555	1.37838	2.02788
CCL28	0.456981	-1.03874	2.41428	0.30908	-0.718034	0.669841	-0.227428
CCL3			0.475357				
CCL3L1			-0.695534				
CCL4			1.29109				
CCL5			1.29134				
CCL7			-1.0266				
CCL8			-0.12199				
CCM2	0.913048	1.58088	2.61211	0.00879734	0.476237	-1.07388	-0.844354
CCM2L			-1.38995				
CCNA1	1.54766	0.11946	-0.23683	0.0449171	-0.773458	-0.124276	-0.91221
CCNA2	-1.21613	0.319283	-0.803799				
CCNB1	0.337911	0.82107	2.04639	0.107692	0.412232	-2.52582	-2.46361
CCNB1IP1	-0.184417	1.72587	0.930703	0.0301211	0.834365	-1.40148	0.090204
CCNB2			0.343237				
CCNB3	1.27707	0.0858143	0.460877				
CCNC			-0.714823				
CCND1	-0.424195	-0.224819	-0.077013	-0.346081	0.164394	-1.53143	-1.28033
CCND2			-2.14377				
CCND2-AS1	0.408381	1.45638		-0.0359892	0.338159	0.336698	1.16397
CCND3	1.59988	0.263868	-2.67071				
CCNDBP1	2.12807	2.0977	3.79787				
CCNE1	1.30251	2.13132	3.76106	0.0721159	0.658478	-0.363851	0.220548
CCNE2	-1.20509	-0.0393635	1.93228	-0.437559	0.39009	-2.54025	-1.56134
CCNF			2.89262				
CCNG1			0.192425				
CCNG2	0.865391	1.84358	1.99518	0.380001	0.174193	2.04438	2.83331
CCNH	0.236738	-1.71226	-2.70476	-0.0860389	-0.761519	-1.77453	-2.40505
CCNI	1.8206	3.01881	4.26541	0.209429	0.855474	2.80225	2.68326
CCNI2	-0.89672	1.03559	-3.61491				
CCNJ	0.198775	1.6462	-2.4301				
CCNJL			0.568839				
CCNK			-5.15698				
CCNL1	-3.08295	-1.05189	-3.12908	-0.255216	0.392068	-0.958339	-0.157551
CCNL2	3.78405	2.42792	-0.042589	0.401008	-0.39297	0.289453	-0.570012
CCNO	0.151094	2.0417	0.579084	0.230199	0.733102	1.06962	2.30915
CCNQ	1.9872	-0.404692	0.937804	0.0832193	-0.525919	-0.0498918	-0.941454
CCNT1	-0.585177	1.08817	0.304629	-0.0550337	0.608734	-1.00084	-0.184836
CCNT2	2.34669	2.99288	-3.42054				
CCNY	0.818652	-1.09422	-0.180029	-0.0354575	-0.639817	-2.02011	-2.70827
CCNYL1	7.2737	2.93917	4.17098	0.37014	-0.412631	6.69553	5.11866
CCPG1			-3.8413				
CCR1	-1.76144	-2.37286	0.126251	-0.12012	-0.695374	-1.92672	-2.24895
CCR10	-0.20432	1.62639	-0.266566	0.066138	0.667013	-0.902365	0.0449407
CCR2			-2.84988				
CCR3			3.73108				
CCR4			-3.8489				
CCR5	-0.210218	-1.43215	-2.63387	-0.107358	-0.521031	-0.363126	-1.08215
CCR6			-5.1948				
CCR7			-2.47546				
CCR8			1.33435				
CCR9			-1.38052				
CCRL1			-0.908181				
CCRL2			-0.877438				
CCRN4L			0.45694				
CCS	1.61368	-0.474969	0.67896				
CCSAP	1.45385	2.37346	-0.577318				
CCSER1	3.98139	3.91286	5.20687	0.199353	0.691367	5.9386	6.58131
CCSER2	0.417106	-0.890232	1.20453	-0.0616296	-0.531229	1.43106	0.424935
CCT2	2.01821	0.611986	-0.679125				
CCT3			-0.034806				
CCT4			0.676639				
CCT5	2.35606	-0.592699	-0.925545	-0.0166705	-0.78795	-0.27308	-1.39855
CCT6A	-3.41884	-0.527419	-0.801416				
CCT6B	-0.263231	-1.6694	-1.78139	-0.31861	-0.308121	-3.2697	-3.94341
CCT6P1			-2.6245				
CCT7	2.24366	0.712782	2.93815				
CCT8			-1.82363				
CCT8L2			-2.40612				
CCT8P1			-1.2676				
CCZ1	-5.57772	-3.4871	-8.64083	-0.179969	0.204438	-2.23179	-1.94617
CCZ1B	-8.23961	-5.68917	-7.56585				
CCZ1P-OR7E38P	-3.38642	-3.74446		-0.414463	-0.483421	-5.0238	-5.529
CD109			-4.92417				
CD14	-2.4294	-3.03197	-0.731784	-0.0950468	-0.126376	-2.31725	-2.4927
CD151	0.0963126	-1.5008	-3.42435	-0.20948	-0.589097	-0.998432	-1.6959
CD160			-0.719686				
CD163	-0.756177	-1.87523	-1.38914	-0.223989	-0.614988	-2.31012	-2.77481
CD163L1	-0.04191	0.77805	-2.06009	-0.0897716	0.440269	-2.55325	-1.91286
CD164	0.651178	0.0469675	1.3137	-0.23528	-0.0760432	0.430757	0.225969
CD164L2			2.13798				
CD177			1.80899				
CD180			-2.35528				
CD19			-4.39844				
CD1A			-2.07668				
CD1B			-0.795254				
CD1C			-1.89211				
CD1D			-2.43427				
CD1E			-0.214964				
CD2	-0.895085	-1.38317	1.09442				
CD200	1.68463	0.639414	1.74233	0.463568	-0.536511	2.45817	1.59611
CD200R1			0.245225				
CD200R1L			3.10883				
CD207			-2.95501				
CD209			-5.20793				
CD22			1.23156				
CD226	-4.16668	-4.32403	-5.13579	-0.159855	-0.021823	-1.65999	-1.86423
CD24	0.0859089	-1.33235	-6.38024	-2.95712e-05	-0.872236	2.13104	0.460737
CD244	-1.4202	-3.48952	-2.00394	-0.0858265	-0.663775	-2.30875	-2.8106
CD247	0.357284	-0.126407	-0.761133	0.251577	-0.348295	1.87171	1.52021
CD248	0.135542	-0.882229	-1.01946	-0.139167	-0.217507	1.17367	0.841357
CD27	-3.48099	-2.14907	-4.03289				
CD274	0.369472	1.79631	2.63324	0.0688012	0.703723	0.250256	0.989674
CD276			-0.579308				
CD28			-0.825631				
CD2AP	-0.357923	1.12962	0.697224				
CD2BP2	1.47231	-0.415025	2.10633				
CD300A	-2.57415	-2.9989	-2.74052				
CD300C	-0.627518	-0.395802	0.584026				
CD300E			0.220304				
CD300LB			0.946194				
CD300LD			0.919853				
CD300LF			0.432072				
CD300LG			-1.77693				
CD302			-4.09893				
CD320	-0.692074	0.193445	-0.284496	-0.0510265	0.50091	-1.61742	-1.21285
CD33	-1.53043	-2.28692	-0.548105	-0.183876	-0.612729	-2.08799	-2.38041
CD34	0.277184	0.458975	0.209993				
CD36			-5.93693				
CD37			-2.01282				
CD38	1.34902	0.917456	1.11902	-0.381075	-0.358556	1.63118	1.69426
CD3D			-0.287004				
CD3E			-0.77138				
CD3EAP	-1.19266	0.750515	0.906212				
CD3G	4.54898	4.62819	5.83005	0.56438	0.289881	3.55019	4.34557
CD4			-2.73646				
CD40			0.531609				
CD40LG			1.91879				
CD44	-2.62927	-2.96835	-2.90387	-0.548421	-0.266074	-1.302	-1.61202
CD46	-0.692969	0.33744	-2.63486				
CD47	2.74856	3.36526	1.30024				
CD48			2.9371				
CD5			1.90464				
CD52	0.0241298	-1.14058	-0.316013	-0.0479436	-0.533011	-3.72485	-5.5266
CD53	3.66842	1.03435	4.30154	0.450592	-0.0340025	3.9485	4.10289
CD55			-3.17006				
CD58	-0.621336	-2.05011	1.53203	-0.184987	-0.403921	-0.433014	-1.31434
CD59	0.220427	0.726408	-2.34151	-0.011615	0.551426	-1.77011	-1.43318
CD5L			-2.35158				
CD6	5.6296	2.06175	4.88004	0.175893	-0.594732	4.40242	2.59379
CD63	2.97384	-0.66099	-1.18678	-0.100531	-0.769991	0.961534	-0.410776
CD68	-2.65623	-2.84819	-0.85311	-0.198522	-0.595006	-2.57906	-2.92068
CD69			-0.37772				
CD7	1.35869	-0.560757	-0.796148				
CD70			2.85537				
CD72			3.16521				
CD74	-4.69154	-5.3574	-2.62147	-0.402712	-0.484215	-3.82838	-4.36449
CD79A			0.191974				
CD79B			-2.49041				
CD80			-3.75136				
CD81	-0.446043	-1.73107	-4.0262	-0.12304	-0.675401	1.53079	0.531135
CD82			-2.38796				
CD83	5.79277	0.759577	0.144486	0.349793	-0.711651	2.47491	0.39111
CD84	-3.84191	-3.42346	-0.870697	-0.296622	-0.610171	-4.08192	-4.311
CD86	-2.66079	-3.0521	-3.80393				
CD8A	0.317729	-1.16768	-2.38863	0.261087	-0.530435	-1.78181	-2.50399
CD8B	-0.535584	-0.469287	-0.661529	-0.298235	0.321755	-0.596566	-0.289545
CD9			-0.694158	-0.285934	0.269663	-0.735139	-0.353512
CD93			-2.39728				
CD96			-0.535177				
CD97			2.49535				
CD99	-3.4558	-4.16435	-5.54429	-0.46347	-0.647499	-1.27837	-1.98898
CD99L2	1.68368	2.59235	4.31447	0.0810469	0.796147	-0.0472936	0.667211
CD99P1			1.87579				
CDA	-0.125683	0.321322	3.13451				
CDADC1	-0.983435	1.41942	-3.08527	-0.0426773	0.819811	-0.356062	0.681723
CDAN1			0.079011				
CDC123	1.11969	0.24921	0.690522				
CDC14A	0.431364	-0.475649	-0.76393	-0.218151	-0.486209	1.98717	1.41866
CDC14B	-1.69421	-0.929906	-1.75707				
CDC14C			-1.42086				
CDC16	1.02381	-1.4447	-1.78938				
CDC2			1.27958				
CDC20			1.24323				
CDC20B			-0.064537				
CDC23			-0.54704				
CDC25A			1.50244				
CDC25B	1.71937	2.25466	2.1021				
CDC25C			0.729834				
CDC26			-0.283027				
CDC27	3.18092	0.32463	1.39825	0.0784782	-0.592818	-0.108138	-1.07738
CDC34	2.70268	0.412109	2.92183	0.182732	-0.696203	0.315605	-0.687492
CDC37	1.3882	1.40571	-0.589213				
CDC37L1			1.98263				
CDC40	6.16939	5.22605	2.25052	0.657867	-0.238019	3.64793	2.94104
CDC42	-0.652748	-2.2251	-1.90212	0.0442835	-0.758462	-0.326823	-1.23676
CDC42BPA	0.976953	2.2206	0.387651	0.0528995	0.79888	2.32899	2.68652
CDC42BPB	1.3637	-0.520579		0.0186218	-0.653937	2.19768	0.742601
CDC42BPG			-0.061196				
CDC42EP1	-0.154882	0.163098	-0.28255				
CDC42EP2			0.339891				
CDC42EP3	3.73704	4.63445	3.39919	0.357369	0.650402	5.94414	6.73582
CDC42EP4	-0.0302321	-1.14533	-2.43067	-0.0355743	-0.609192	2.76027	1.80944
CDC42EP5			-2.54293				
CDC42P3	-1.23103	-2.61805		0.0298085	-0.654936	-1.49985	-2.20606
CDC42SE1	-0.222011	0.758004	-2.66899	-0.191784	0.437132	-1.43278	-0.94445
CDC42SE2	7.69055	0.595375	7.30746	0.414563	-0.675065	3.1311	0.926588
CDC45L			-0.322871				
CDC5L	-2.2886	-0.845803	-5.81942				
CDC6	6.98386	2.7403	5.72614	0.697166	-0.241634	4.24617	3.22941
CDC7	0.927377	2.11628	5.0875				
CDC73			-2.16263				
CDCA2			1.22676				
CDCA3			-0.369495				
CDCA4			-0.696661				
CDCA5	4.95326	4.17247	8.66575	0.595245	0.230404	1.83668	1.89301
CDCA7	1.40961	-0.352885	-0.766572	-0.106955	-0.712404	0.353219	-0.254576
CDCA7L	-1.72667	-1.26809					
CDCA8	1.83806	2.93529	4.19003	0.245992	0.473627	-0.320603	0.32994
CDCP1			-1.91819				
CDCP2			-0.471652				
CDH1	0.31602	-0.729572	0.235723				
CDH10	6.75272	0.957705	2.06219	0.158944	-0.783088	5.5002	1.99293
CDH11	-0.945053	-2.73315	-2.63196	-0.334628	-0.747808	-3.97977	-4.46178
CDH12	-0.950723	0.350278	-1.9111	0.0658038	0.419733	-2.64597	-2.0022
CDH13	2.94526	2.01748	2.51263	-0.108005	-0.544033	0.711429	-0.174203
CDH15			-1.82703				
CDH16			-1.9323				
CDH17			-1.70669				
CDH18	7.62005	5.7511	10.0461	0.558543	0.0872926	3.89008	4.13499
CDH19			2.18052				
CDH2	-0.954719	-0.527651	-3.8431	-0.161084	-0.259004	0.370885	0.389203
CDH20	-6.40513	-5.00608	-3.10675				
CDH22	3.49758	1.96918	3.76565	0.462594	0.0385979	0.331573	0.0130192
CDH23			-2.143				
CDH24			-2.10301				
CDH26			-0.337232				
CDH29			-3.6582				
CDH3	0.0210888	-0.350164	-2.93481	0.215265	-0.552682	1.45433	1.0872
CDH4	0.491872	-1.23323	-1.36595	0.214017	-0.803811	0.83113	-0.384145
CDH5			-0.590002				
CDH6	1.3665	1.17163	0.774101	-0.12766	-0.19871	-0.783236	-1.53062
CDH7	0.997855	2.03973	2.35693	0.170451	0.817742	-0.147897	0.663616
CDH8	3.60056	0.391021	3.70131	0.508272	-0.682788	3.69983	1.53903
CDH9	6.37805	1.30431	4.24185	0.311649	-0.818353	6.41367	2.04766
CDHR1	0.18994	-0.960237	-2.82349	-0.451659	-0.493906	-0.951759	-1.53123
CDHR2			3.30352				
CDHR3	-2.54394	-3.12643					
CDIP1			3.07388				
CDIPT	4.24406	3.13212	3.2295	0.452609	-0.210233	2.2872	1.76076
CDK10			-1.81467				
CDK11A	0.778056	1.96081	-1.70738	0.0224583	0.592842	0.130654	0.734339
CDK11B	-4.06533	-3.06136	-5.4377				
CDK12	3.14651	4.28421	2.03115				
CDK13	-0.781438	1.03571	-4.88161	-0.00637686	0.485335	0.445892	1.43896
CDK14	-1.61657	0.389651	0.976846	0.0225525	0.818085	-3.65313	-1.57005
CDK15			-3.60649				
CDK16	-0.757114	-1.86233	-0.774033				
CDK17	1.15782	0.0223845	-1.57517	0.0829933	-0.688142	1.00572	0.249008
CDK18	-0.215369	0.261026	0.302539	-0.455829	0.235111	-2.24776	-1.86903
CDK19	-3.13662	-1.06666	-0.521011	-0.173776	0.271414	-1.31198	-0.637131
CDK2			1.56098				
CDK20	4.76003	1.98695	0.600079	0.469854	-0.603113	6.27324	3.50184
CDK2AP1	-2.53316	-1.32304	-1.60587	-0.452802	0.365766	-0.690573	-0.217113
CDK2AP2			0.706993				
CDK3			-3.18543				
CDK4			-0.347292				
CDK5	1.06776	-0.445086	2.46523				
CDK5R1	-0.0541265	-0.483263	0.049713				
CDK5R2			-0.040569				
CDK5RAP1			0.808972				
CDK5RAP2	-3.20952	-1.70345	-5.09118	-0.530356	0.228799	-1.9518	-1.32732
CDK5RAP3	0.896446	1.71184	0.304886				
CDK6			-1.89274				
CDK7			-0.488377				
CDK8	-2.23512	-1.8571	-1.73942				
CDK9	-0.597536	-0.200928	-4.52106				
CDKAL1	-1.43113	0.254275	-5.23299				
CDKL1	4.93914	4.94477	5.63118	0.479693	0.659301	8.31499	8.93246
CDKL2	-0.395988	0.492173	-3.04122				
CDKL3	-1.40598	-1.81589	-3.56202				
CDKL4	-0.952618	-1.77737	-1.25761				
CDKL5	3.4798	3.34039	0.644679	0.378938	-0.41238	4.84013	3.48144
CDKN1A	-3.43121	-3.84092	-6.21543				
CDKN1B	-0.244037	1.65244	1.70081	-0.117055	0.753701	0.0150384	0.915182
CDKN1C	-0.139734	-0.120149	-0.061255	-0.387493	-0.0113516	-4.91457	-4.72374
CDKN2A	2.41515	2.93773	4.69845	0.273971	0.421422	-0.00353939	0.157221
CDKN2AIP	-1.40778	0.305407	-5.26764	-0.121319	0.281373	-0.250146	0.415813
CDKN2AIPNL	1.44745	-1.33048	0.215295	0.0978973	-0.627474	-1.69897	-2.54269
CDKN2B			5.82334				
CDKN2C	-2.47089	-1.29936	3.25974	-0.220297	0.687891	-1.83078	-0.865328
CDKN2D	3.60287	-0.403048	1.16689	0.244292	-0.818868	2.83545	0.296485
CDKN3	5.49425	5.11786	6.08454				
CDNF			0.777734				
CDO1	1.76028	-0.658465	-0.469588	-0.00991424	-0.709186	1.13498	-0.121534
CDON	0.850605	1.9548	2.70987				
CDPF1			-7.98092				
CDR1	-2.14309	-0.708581	-1.5908				
CDR2	-0.816978	0.341096	-0.727037	0.109502	0.542483	-1.65429	-0.926342
CDR2L	-2.0612	0.635912	1.13311	-0.230547	0.87815	-4.47903	-1.22266
CDRT1			1.51377				
CDRT15			-3.37274				
CDRT4			-2.54383				
CDS1	-0.790496	1.03018	-0.622306	-0.0120243	0.870522	-1.77961	-0.404135
CDS2			-2.79789	-0.11979	-0.48891	-0.355638	-0.613538
CDSN			0.392638				
CDT1	2.89134	2.39838	3.82705	0.130949	0.137374	1.89627	1.90608
CDV3	1.26758	-0.0596916	-3.01378				
CDX1			2.68657				
CDX2			2.27617				
CDX4			-0.970121				
CDY1			-1.4322				
CDY2A			-0.517259				
CDYL	-1.46741	0.662924	-3.73184				
CDYL2	6.55528	3.72457	-2.79577	0.477748	-0.4754	4.3266	3.39414
CEACAM1			0.028821				
CEACAM16			0.380491				
CEACAM18			-1.19105				
CEACAM19	-0.189867	1.52211	-4.98175	-0.203451	0.525253	1.61071	2.47342
CEACAM20	-0.680809	-0.995909	-1.85168				
CEACAM21			-2.0565				
CEACAM22P			-5.94535				
CEACAM3			-0.400775				
CEACAM4			3.64289				
CEACAM5			0.907905				
CEACAM6			-1.64173				
CEACAM7			-1.18861				
CEACAM8			0.481669				
CEBPA	2.36555	-0.671866	0.519741	0.136761	-0.86353	1.32492	-0.276437
CEBPB	3.43536	4.15736	1.80493				
CEBPD	0.722798	0.284116	-2.18542	0.327632	0.000356266	0.966913	1.22199
CEBPE			2.46727				
CEBPG	-0.591268	0.851676	0.529826				
CEBPZ			-0.513277				
CECR2	-2.06422	-1.82599	-1.59821				
CECR7	-1.76786	-1.29124					
CEL			0.850266				
CELA1			-1.98661				
CELA2A			0.192117				
CELA2B			-0.145827				
CELA3A			0.159984				
CELA3B			-1.95621				
CELF1	0.189376	0.725686	-3.99919	0.320133	-0.197641	1.73378	1.79739
CELF2	0.151977	1.70276	-0.154947	0.0189257	0.889767	-0.422464	0.582255
CELF3	0.523585	-0.694927	-6.21033	0.0445808	-0.698972	2.16659	0.982842
CELF4	5.36647	1.12161	-0.37426	0.345891	-0.779017	6.27658	2.39591
CELF5	2.78911	-0.539435	-0.763252	0.334939	-0.731481	2.89917	0.902856
CELF6	1.22254	-0.223846	-3.33634	0.0628127	-0.617839	3.27563	2.15126
CELSR1			-3.19972				
CELSR2	-0.0132381	1.22347	1.39241				
CELSR3	2.52873	3.31488	-0.69847	0.486188	0.288538	4.83423	5.36599
CEMIP	2.19298	2.92978	3.60052	0.248441	0.578909	3.27234	3.85031
CEMP1			-1.0665				
CEND1	-0.997123	0.712943	-0.236072	-0.024051	0.732774	-0.291746	0.454098
CENPA			-0.498855				
CENPB	-2.80088	-3.40574	-2.40162				
CENPBD1	-0.958514	0.860108		0.116672	0.45053	-0.923473	-0.486423
CENPBD1P1	0.0956437	1.16729					
CENPC	-0.635505	0.365695	-5.21526	-0.0207694	0.12237	2.32424	2.91571
CENPE	1.47645	0.517065	2.24797				
CENPF	1.72651	0.500117	1.86958	0.0931838	-0.581407	-0.528935	-1.54863
CENPH	0.640528	-0.779165	-0.612413				
CENPI			0.276711				
CENPJ	-2.66572	-0.188448	-2.94787	0.0107737	0.675361	-0.74486	0.209821
CENPK			-3.93214				
CENPL			-0.391866				
CENPM			-0.304841				
CENPN	0.307696	-0.0929622	4.19918	-0.0857574	0.109612	-3.29614	-3.76689
CENPO	-1.51699	-2.17646	-4.53722				
CENPP	0.8894	-0.882502		-0.0632447	-0.678644	-3.4443	-4.11884
CENPQ			0.830328				
CENPS	0.803154	-0.750318	1.35051	0.392098	-0.136198	-1.21947	-1.82614
CENPT			-1.96505				
CENPU			-2.11756				
CENPV			-2.60624				
CENPVL1			-1.40756				
CENPVL3	1.59043	-1.39397		0.0101383	-0.944261	-0.970931	-1.57209
CENPW	0.228298	-1.55551	-3.60111	0.0917841	-0.935045	-0.690638	-1.33314
CEP104	-3.10642	-1.03025	-1.40374	-0.51852	0.422773	-2.4633	-1.43227
CEP110			-2.58335				
CEP112	-0.352787	0.299348	-1.58221	-0.160288	-0.183197	2.20909	2.87322
CEP120	-1.18536	0.909947	-3.16247	-0.0599914	0.437264	0.634848	1.58826
CEP126	0.869503	0.4834	-0.662771	0.0243648	-0.0550168	0.915253	1.11424
CEP128	-1.51571	-1.45343	0.386273				
CEP131	-0.835282	-0.387107					
CEP135	-2.30916	0.59877	-4.45941	-0.246946	0.483544	-0.146841	1.05183
CEP152	-3.07582	0.611212	-3.16823	-0.118746	0.804055	-2.77688	-0.643993
CEP162	-1.19436	0.165871	-2.54853	-0.168021	-0.0500173	-0.41739	-0.301918
CEP164			-3.3229				
CEP170	-0.0363298	1.11706	-1.1297				
CEP170B	2.79608	-0.428204	-0.635524	0.34308	-0.753303	3.01632	0.760177
CEP170P1			-0.915058				
CEP19	-0.375141	0.744914	2.00691				
CEP192	0.297426	1.90925	-0.886539	-0.0424645	0.547191	0.841861	1.66494
CEP250	-0.0214332	1.34365	-1.08912				
CEP290	3.87111	5.19592	-0.086115	0.148669	0.300613	4.61126	5.50881
CEP295	1.01553	2.41905	-2.04533	0.144883	0.167776	2.6728	3.50365
CEP350	-2.33776	0.605904	-2.49762	-0.166263	0.419918	1.06821	1.71971
CEP41	3.47458	3.49052	-1.10312				
CEP44	-0.823456	1.44646	-0.202139	-0.0332016	0.612651	-0.21876	0.860833
CEP55			-1.36132				
CEP57	0.380648	1.87599	-3.53479	0.230337	0.448525	2.32894	3.54506
CEP57L1			0.05548				
CEP63	1.63771	2.11819	3.36776				
CEP68	-4.22433	-4.64521	-4.15457				
CEP70	-0.852937	-1.85049	-2.13942	-0.202702	-0.352648	-0.759661	-1.26492
CEP72	1.58952	-0.387514	1.64013	0.257892	-0.566143	-0.0538472	-0.684495
CEP76	-2.39208	0.17207	-1.21409	0.0603462	0.387649	-0.6527	-0.178736
CEP78	-0.559165	0.261013	-0.434942				
CEP83	-1.13093	-2.26388	-1.7031	-0.0414811	-0.77975	-1.16253	-1.67766
CEP85			-1.46766				
CEP85L	-1.25259	1.37289	-1.42399	-0.0610088	0.808387	2.99872	2.98221
CEP89	-0.487213	-1.59449	-5.15436	-0.113982	-0.581557	0.0448045	-0.482308
CEP95	-0.0897399	1.72653	-5.76096	-0.120147	0.604995	1.84087	2.80458
CEP97	-5.16434	-0.470465	-2.49837	-0.301768	0.59561	-3.12944	-1.7087
CEPT1			-1.12104				
CER1			-0.845724				
CERCAM			0.002381				
CERK	-2.84625	0.801735	-0.091534	-0.208188	0.838506	-2.46458	-0.412386
CERKL			-2.32808				
CERNA1	2.05815	2.398					
CERS1	1.57988	-0.796966	-2.33848	-0.0800873	-0.649857	1.60166	0.515961
CERS2	-0.75412	-0.241516	-1.33163	-0.46411	0.187334	-3.38479	-2.75703
CERS4	2.83076	0.698551	2.21076	-0.109647	-0.486715	0.370364	-0.262528
CERS5	-3.55873	-3.52524	-8.34128				
CERS6	7.12578	3.97481	8.93271	0.695233	-0.35878	5.85422	4.97061
CES1			-7.03154				
CES2	-3.43297	-3.35016	-6.86186				
CES3	0.467737	-1.19346	-0.973972				
CES4			1.0558				
CES4A	1.86541	-0.145264	-1.99941	0.0022561	-0.76717	0.795215	-0.116396
CES5A	-0.140214	-1.79011	-1.48063	-0.171982	-0.547034	-4.70033	-6.24461
CES5AP1			1.50647				
CETN1			-5.01187				
CETN2	2.7955	-1.20208	-0.013616	0.0871568	-0.876147	1.20487	-0.741084
CETN3	-1.4554	-2.23417	-4.49855	-0.350855	-0.567485	-1.0667	-1.43686
CETN4P	2.09542	2.79067	6.23022				
CETP			-0.50109				
CFAP161			-0.816179				
CFAP20			-0.447374	0.167882	-0.456384	0.764541	0.167297
CFAP206	-0.877741	-1.00908	-4.53452				
CFAP221	-0.0195358	1.574		0.0270631	0.677256	1.02992	1.65789
CFAP36	-0.49172	0.294889	-2.05376				
CFAP43	-0.991472	-1.86027	-6.40075	-0.216507	-0.397748	-0.182489	-0.265302
CFAP44	0.61442	-1.61349	-4.49353	0.0931773	-0.728931	0.130857	-0.904646
CFAP46	3.0925	3.61279					
CFAP52	3.87326	0.833651	0.692917	0.185709	-0.759873	1.63654	-0.0166902
CFAP53	-3.45585	-2.44909	-3.77002				
CFAP58	-1.93129	-2.54032	-4.34455	-0.40871	-0.500428	-0.0207147	-0.416068
CFAP58-AS1	0.72993	0.492011		-0.290444	-0.148693	0.952515	0.847324
CFAP61	-2.53952	-3.31784	-6.4982	-0.187533	-0.623491	-3.55214	-3.94443
CFAP65	0.570717	1.85039	-4.25532	0.0198858	0.496262	1.18927	1.97483
CFAP69	1.46479	2.61945	0.997724	0.271041	0.596122	5.48313	6.78377
CFAP70	-0.131138	-1.13846	-7.86892	-0.137638	-0.687194	1.24558	0.585733
CFAP73	-1.1998	-2.23867	-2.91651	-0.00551399	-0.367088	-0.291687	-0.637205
CFAP74			6.17059				
CFAP97	1.39116	0.0554808	-0.678767	-0.142644	-0.482265	2.85838	2.47309
CFAP97D1			-1.85389				
CFB			0.005854				
CFC1	0.3219	1.05103	4.23481				
CFD	-0.995254	-2.3041	-1.27799	-0.118621	-0.92503	-2.43839	-2.33335
CFDP1			-0.204902				
CFH			-1.94859				
CFHR1			-1.05935				
CFHR2			-1.76283				
CFHR3			-1.61682				
CFHR4			1.44481				
CFHR5			-1.26173				
CFI			-2.98101				
CFL1	2.33775	0.490058	1.21339				
CFL1P1	2.13592	0.0872981	-0.491019				
CFL2	0.218024	1.44427	1.12051	-0.279827	0.700379	-1.32927	-0.225352
CFLAR	-5.69165	-6.02107	-10.0541	-0.573145	-0.474023	-4.20678	-4.7355
CFP	0.243286	0.725755	-3.94464	0.0914698	-0.170461	1.55575	1.71263
CFTR			0.456015				
CGA			-0.747659				
CGAS	0.879829	-0.510771	-3.01828				
CGB1			-4.26564				
CGB2			1.70299				
CGB5			-5.13989				
CGGBP1	0.231616	0.850745	-1.2348				
CGN	-3.98671	-0.300255	-3.76504				
CGNL1	-4.8348	-5.1557	-4.58417				
CGREF1	2.03017	-0.878476	1.25344	0.329708	-0.840037	1.45484	-0.289084
CGRRF1	-0.34186	0.572693	1.16705				
CH25H	-2.56347	-3.59292	-4.18995	-0.598203	-0.392453	-5.93949	-6.42245
CHAC1	0.131044	1.22281	2.16808	0.0861458	0.430807	-1.10865	-0.829877
CHAC2	-0.64999	-0.883124	-2.22173				
CHAD			-1.53715				
CHADL	-1.14838	-0.104935	0.036081	-0.480421	0.276323	-3.40624	-2.43125
CHAF1A	0.484082	1.84373	5.06101	0.0925345	0.687025	-0.243365	0.563948
CHAF1B	2.78833	1.09227	-0.613017	0.439043	-0.542967	2.12653	1.37563
CHAMP1			0.965692				
CHAT			-5.31947				
CHCHD1			-1.9302				
CHCHD10	0.671756	1.44744	1.97751	0.132777	0.548335	-0.42469	-0.0302809
CHCHD2	-0.860142	-2.10424	-1.63717				
CHCHD2P6			1.3675				
CHCHD3	-0.863858	0.578938	-3.5959				
CHCHD4	0.946109	0.554926	1.44102	0.0500023	0.226922	0.0488301	-0.0754293
CHCHD5	-2.59854	-3.18062	0.340625	-0.0206251	-0.625432	-0.177094	-0.941339
CHCHD6	7.28617	-0.230032	3.53567	0.174155	-0.892288	2.21022	-0.434438
CHCHD7	-0.747706	-1.76857	2.23143	-0.170475	-0.325136	-2.27635	-2.92167
CHD1	-2.58963	-0.213728	-2.42351	-0.148898	0.412941	-0.200847	0.519138
CHD1L	-3.51825	-1.06197	-1.69635	-0.383922	0.523069	-5.04467	-3.07132
CHD2			-2.36497				
CHD3	-1.38722	-2.55422	-6.86572	-0.0834773	-0.663224	1.37474	0.561479
CHD4			-1.47317				
CHD5	5.42541	4.10399	2.78637				
CHD6	3.99313	3.50527	-0.818193	0.210739	0.709105	3.86732	3.80655
CHD7	-4.88702	-5.24659	-2.36653				
CHD8	-0.163856	1.02209	-0.785172				
CHD9	1.47855	2.6502	-0.903914	0.20903	0.644206	4.51268	5.39485
CHDH	-0.634416	-1.59215	-2.71908	-0.243423	-0.528104	1.49034	1.05694
CHEK1	-0.45224	-0.638722	0.7395	-0.263807	-0.163297	-1.9735	-2.26642
CHEK2	0.307496	0.918652	4.84705	-0.0668936	0.421766	-2.18294	-1.96146
CHEK2P2	0.510078	0.719821	4.14238	-0.0191658	0.284675	-0.918592	-0.881464
CHERP			-4.02629				
CHFR	-1.03836	0.63801	-6.47682	-0.138867	0.35493	0.0462367	0.630988
CHGA	0.618027	2.03956	6.44107	0.105482	0.888365	1.44832	1.91338
CHGB	-0.322531	0.240529	-1.64355				
CHI3L1	2.15538	2.14495	1.40649	0.458572	0.407983	4.5948	5.54365
CHI3L2			-3.6755				
CHIA			-2.65763				
CHIC1	-0.565616	1.29946	3.9951	0.0431652	0.750619	-1.62171	-0.315688
CHIC2			-0.039709				
CHID1	4.54885	0.0388137	-1.29308	0.0655203	-0.907505	2.07266	-0.05183
CHIT1			8.45433				
CHKA			-2.47907				
CHKB			1.4632				
CHL1	6.31054	2.41143	3.20393	0.490534	-0.622439	5.64703	3.22035
CHM	-0.418733	0.910933	-1.16057				
CHML	5.00277	3.9593	6.47854	0.438588	0.730995	7.9948	7.38788
CHMP1A	2.19422	-0.505926	-0.20633	0.0842319	-0.901647	3.45676	0.700352
CHMP1B	0.108078	-1.55522	-4.78239	0.0456653	-0.603233	-2.94942	-3.25917
CHMP2A	-0.450139	-1.94848	-0.320417	0.00542903	-0.67192	-1.08669	-1.59491
CHMP2B	-1.61851	-2.62629	-2.53155				
CHMP4A	1.20194	-0.836851	-1.14475	-0.17573	-0.642935	0.349738	-0.723343
CHMP4B	3.76462	0.9465	0.237941	0.354298	-0.224328	1.33756	0.833012
CHMP4C	-5.19537	-2.65659	-4.05203				
CHMP5			-2.64962				
CHMP6	1.22368	0.236091	1.96625				
CHMP7	-0.830197	0.617925	-0.088495				
CHN1	5.25716	5.08405	4.54952	0.6791	0.407029	3.34367	3.9132
CHN2	2.11121	2.77331	4.27255	0.00360637	0.673263	0.733562	1.22662
CHODL	-0.38103	-1.11732	0.162708	-0.235997	-0.489221	0.287723	-0.0087063
CHORDC1	1.022	2.08981	-1.26501				
CHP1	1.03293	-0.7869		0.175781	-0.544211	-0.575663	-1.47586
CHP2	-0.457165	-1.33132		-0.405872	-0.363953	-5.40361	-6.36416
CHPF	-1.13251	-2.21904	3.86893				
CHPF2			-1.01866				
CHPT1	1.38203	-0.189667	-3.21582	-0.0853437	-0.583813	3.92381	2.65728
CHRAC1			-0.279369				
CHRD	2.69501	2.70559	4.50711	0.204926	0.725593	2.16425	2.63746
CHRDL1	3.14323	-0.0741448	3.54697	0.128824	-0.614675	4.17253	2.36895
CHRDL2			0.742077				
CHRFAM7A			-3.29466				
CHRM1	3.71679	3.92441	5.39443	0.628806	0.0527442	2.42978	2.47959
CHRM2	-4.57545	-0.433915	-1.80871	-0.35549	0.466059	-3.77984	-2.61425
CHRM3	9.90306	4.47765	5.72238	0.727577	-0.363269	9.82071	6.74475
CHRM4	-2.05898	-2.83385	-1.03064				
CHRM5			0.296405				
CHRNA1			-3.38877				
CHRNA10	0.925632	1.98894	-1.64207				
CHRNA2	3.65361	5.07821	6.47577	0.503775	0.61519	5.94382	6.32565
CHRNA3	-4.05581	-4.58826	-6.5539	-0.383982	-0.765012	-3.02209	-3.62262
CHRNA4	1.66976	0.68486	-0.463009	-0.0111712	-0.00320014	0.128018	-0.224273
CHRNA5			3.62991				
CHRNA6	3.2586	2.19343	5.73123				
CHRNA7	3.53409	2.00996	1.76421				
CHRNA9			-2.20622				
CHRNB1	-1.75864	-2.62828	-2.39561				
CHRNB2			-2.05627				
CHRNB3			3.73895				
CHRNB4			0.358683				
CHRND			1.4346				
CHRNE			3.01752				
CHRNG			-0.35247				
CHST1	3.60564	-0.334884	-1.10958	0.247575	-0.855163	2.71395	0.449691
CHST10	3.14806	4.46548	6.00105				
CHST11	-4.63351	-5.37978	-7.36928	-0.445439	-0.346804	-5.81281	-6.19721
CHST12	-2.69229	0.361745	-6.60961	-0.234272	0.574344	-1.78721	-0.720452
CHST13			0.584039				
CHST14	-2.47592	-3.94268	0.52565	-0.388455	-0.342529	0.312277	-0.0471564
CHST15	2.3027	1.08117	1.64646	0.0395477	-0.508097	-0.629968	-1.63173
CHST2	-0.651773	0.257829	0.853327	-0.0448918	0.237962	-1.68871	-1.71757
CHST3			-1.82383				
CHST4	-1.64147	-0.278983	-1.5303				
CHST5			-3.10292				
CHST6			-1.18529				
CHST7	1.15889	-0.500896	-0.324925	-0.1212	-0.467478	2.49907	1.94227
CHST8	0.653603	0.925937	-1.46418	-0.310478	0.0681885	0.464299	0.428319
CHST9	-2.71714	-3.16475	-2.21012	-0.316574	-0.608917	-2.04927	-2.50636
CHST9-AS1			-0.193563				
CHSY1			0.898767				
CHSY3	3.08959	2.27122	1.73779	0.411694	-0.252493	2.81033	2.53381
CHTF18	1.88128	1.94843	-0.585502	0.154197	-0.444515	2.32394	1.8197
CHTF8			-0.17749				
CHTOP			-0.17719				
CHUK	-0.151963	-0.144093	1.31569	-0.110362	-0.433527	1.30648	0.830294
CHURC1			-1.47359				
CIAO1	1.97777	1.77958	0.206002				
CIAPIN1	1.56449	2.07486	3.20696	0.234544	0.368408	0.295679	0.421901
CIART			1.23313				
CIB1	3.78992	0.00682672	5.89602	0.0650628	-0.66898	3.98485	1.92594
CIB2	0.172639	-1.44556	-3.08249	-0.0640598	-0.711659	1.14987	-0.300568
CIB3			1.11458				
CIB4			-1.8175				
CIC	-2.5948	-2.02971	-4.08789	-0.249	-0.134851	-0.300189	-0.245548
CICP8			-2.5927				
CIDEA	1.19208	1.25393	3.82113	0.0349408	0.457424	-1.19792	-1.05752
CIDEB	-1.13262	-2.16548	-4.4982				
CIDEC	0.461268	0.777461	5.22038				
CIDECP	0.736535	1.09906	4.91448	0.176634	0.370901	-1.56432	-1.68237
CIITA			-0.066391				
CILP			-3.77006				
CILP2			-3.47852				
CINP	0.682311	-1.38319		-0.12553	-0.413074	-0.237789	-1.09099
CIP2A	1.98001	0.961479	0.548945	0.00653756	-0.580893	1.62384	0.98276
CIPC	-4.15941	-4.69357	-7.6669	-0.370181	-0.424058	-1.97136	-2.54171
CIR1			-2.4101				
CIRBP	1.93069	-0.564294	-3.18789	0.095528	-0.614834	1.4358	0.484345
CIRBP-AS1			-2.48207				
CISD1			0.153097				
CISD2	1.22626	2.27474	0.184297	0.208774	0.75819	0.264629	1.10699
CISD3	0.350589	-1.15232	1.09924	0.0122292	-0.457152	-0.750654	-1.54964
CISH	-3.29761	-3.31821	-3.041				
CIT	3.50996	3.73763	2.17285	0.412853	0.735994	6.60703	5.87576
CITED1			-0.136412				
CITED2	4.73528	5.13573	5.19817	0.358354	0.694966	7.6033	6.99227
CITED4	4.1129	3.35581	5.68799	0.639556	-0.30038	6.40655	4.77881
CIZ1	-1.03372	0.908529	-0.116584				
CKAP2	0.404008	1.27232	0.090534	-0.054187	0.534351	-0.963908	-0.493138
CKAP2L			2.07279				
CKAP4			1.0557				
CKAP5			-1.34256				
CKB	2.63535	2.99297	6.23561				
CKLF			-2.57865				
CKM	-2.21148	-1.74655	-3.91046				
CKMT1A	1.13992	1.83505	3.08849	0.234818	0.522157	-0.552943	-0.261031
CKMT1B	1.04446	2.1418	-0.223265	0.122319	0.915106	1.41088	1.80908
CKMT2	-1.62606	-0.92776	1.26704	-0.336	0.380764	-1.42371	-1.12175
CKMT2-AS1	-1.4496	0.34414					
CKS1B	0.404711	-1.19208	-2.46313	-0.186434	-0.674648	-1.01295	-1.64556
CKS1BP6			-3.37367				
CKS2	-3.42105	-2.0255	-4.90572				
CLASP1			-0.601354				
CLASP2	-1.5236	0.486413	1.59008				
CLASRP	0.271205	1.6763	-0.444236				
CLBA1	1.39444	-0.771461	3.28176	0.298787	-0.675011	0.465393	-0.334112
CLC			-1.93488				
CLCA1			-0.038976				
CLCA2			-0.344225				
CLCA3P			0.096186				
CLCA4			2.2858				
CLCC1	0.346606	-0.233171	-3.11473				
CLCF1			-1.34126				
CLCN1			-2.85914				
CLCN2	-2.82559	0.287659	0.02937	-0.197151	0.547105	-0.629417	0.191798
CLCN3	-0.182834	0.697943	1.52249	-0.0205461	0.458543	-0.22394	0.156264
CLCN4	-0.482721	1.13006	-0.830822	0.081864	0.527706	-2.0174	-1.07076
CLCN5	2.69425	2.19749	2.77536	-0.037191	0.0635715	1.59605	1.57552
CLCN6	3.91355	3.015	1.14361	0.0794279	-0.222692	2.05031	1.7607
CLCN7			0.358091				
CLCNKA			-0.94596				
CLCNKB			-1.19273				
CLDN1			-0.360091				
CLDN10	-1.1732	-2.10799	-3.35127				
CLDN11			0.225096				
CLDN12	3.81296	4.51403	1.70735				
CLDN14			-0.870004				
CLDN15			-4.2087				
CLDN16			-1.40427				
CLDN17			1.3679				
CLDN18			-1.31388				
CLDN19			-3.35613				
CLDN2			-1.39104				
CLDN20			6.06095				
CLDN22			-3.64657				
CLDN23			0.81206				
CLDN3			-2.00904				
CLDN4	2.01219	1.30917	-1.50213	0.229009	-0.416637	1.6399	1.13832
CLDN5	-1.35828	0.0255687	-1.54862	-0.280922	0.341457	-1.3032	-0.768308
CLDN6			-3.04609				
CLDN7			-0.729924				
CLDN8			-2.75565				
CLDN9	-0.607751	0.552562	-1.54738				
CLDND1	-1.17613	-0.608675	-0.280405	-0.435922	0.174116	-2.76301	-2.24597
CLDND2	1.1998	-0.680267	0.652464	-0.0890026	-0.6013	1.43749	0.584666
CLEC10A			1.54593				
CLEC11A	-0.549844	0.142875	-2.06199	-0.356974	0.244646	-2.25004	-2.06588
CLEC12A			-0.909411				
CLEC12B			3.08496				
CLEC14A			-0.078242				
CLEC16A	-2.12204	0.855407	-0.704375	-0.0471802	0.836341	-1.04566	0.199753
CLEC17A			2.22957				
CLEC18A			-3.31764				
CLEC18B	0.847059	1.00554	-2.58634	-0.471999	-0.244089	1.85434	2.24385
CLEC1A			0.212288				
CLEC1B			0.672464				
CLEC2A			-0.07759				
CLEC2B	-2.91088	-0.448086	-0.887932	-0.358101	0.352484	-1.87434	-1.23764
CLEC2D	-5.14045	-5.04917	-6.59203				
CLEC2L	0.638454	1.51153	2.33721	-0.058976	0.582361	0.215078	0.578543
CLEC3A			-2.16167				
CLEC3B	-0.0469663	0.54822	-1.49279	-0.214402	0.281284	-0.0865916	0.212928
CLEC4A	-0.863724	-2.14902	-0.980782	-0.242863	-0.606833	-1.26032	-1.77805
CLEC4C			0.259207				
CLEC4D			2.08364				
CLEC4E			-0.445595				
CLEC4F			1.22224				
CLEC4G	1.37097	-0.973408	-0.559019	0.251107	-0.574107	-2.57221	-3.53152
CLEC4M	-3.09784	-0.688203	-2.43697	-0.1931	0.756875	-2.21938	-0.97963
CLEC5A			-1.71874				
CLEC6A			0.881639				
CLEC7A			-1.37973				
CLEC9A	-1.35156	-2.10294	-0.974297	-0.158661	-0.480813	-1.68994	-1.98955
CLECL1			-4.46485				
CLGN	-3.43037	0.0948926	-3.12886	-0.15192	0.794801	-3.55544	-1.26821
CLHC1			2.11775				
CLIC1			-2.69881				
CLIC2	-0.13193	0.427894	1.08761				
CLIC3			0.836038				
CLIC4			0.203632				
CLIC5	0.455627	-0.585335	-2.38298	-0.145442	-0.527444	1.19491	0.452709
CLIC6	-3.26282	-2.84621	-6.2354				
CLINT1	-0.49552	-1.64969	-2.89631				
CLIP1	3.99094	5.50711	-3.03749				
CLIP2			-0.848481				
CLIP3	-0.0456714	-0.884523	0.398206				
CLIP4	-1.57872	0.290381	-2.64481	-0.35041	0.631914	-2.22211	-0.776632
CLK1	-1.73423	-0.932678	-2.60657				
CLK2	0.843516	2.01884	2.85854				
CLK2P1	0.726959	2.00205	3.30616	0.0852411	0.424737	3.30253	3.85879
CLK3	0.311684	1.8135	1.06312	-0.0525228	0.731512	0.152197	0.943041
CLK4	3.56754	3.20623	3.46111	0.15934	0.645958	3.0663	3.86014
CLLU1			-2.78404				
CLLU1OS			1.75646				
CLMN	-2.68517	-0.560262	0.09602	-0.375747	0.334492	-2.31892	-1.43427
CLMP	-2.80497	0.477676		-0.303243	0.73354	-2.52873	-0.559578
CLN3			-0.691757				
CLN5			-2.05016				
CLN6	0.255845	1.59087	2.58064	0.0403094	0.701871	-1.76845	-0.571846
CLN8			-2.97335				
CLNK			-0.698611				
CLNS1A	-0.85954	-1.84147	-1.34034				
CLOCK	-0.315334	1.44869	1.52825				
CLP1	3.97453	5.07687	7.7103				
CLPB	3.33409	0.885879	8.89425	0.243881	-0.444016	0.667935	-0.233788
CLPP	2.11121	-0.589995	-3.20687	0.0247391	-0.767983	0.792103	-0.344548
CLPS	-3.02678	-4.2249	-4.02564	-0.255455	-0.431882	-1.44989	-2.06415
CLPSL1	-2.34106	-2.29208	-4.57102				
CLPTM1			-0.617765				
CLPTM1L	1.92981	1.39801	-1.0024				
CLPX	-4.84175	-0.0190952	-1.94433				
CLRN1			-4.2014				
CLRN2			2.89637				
CLRN3			3.05455				
CLSPN	0.896786	-0.436988	0.798005	0.354714	-0.438672	0.209296	-0.116517
CLSTN1	4.42442	4.24285	3.77938				
CLSTN2	-1.45882	-1.20109	-2.55343	-0.321908	-0.235894	-4.02345	-4.95488
CLSTN3			2.93237				
CLTA			3.14842				
CLTB			-0.098125				
CLTC	4.65743	3.75771	4.63698				
CLTCL1	1.71003	-0.518318	3.3993	-0.0517939	-0.617364	0.717244	-0.185631
CLU	1.8169	-0.428232	0.469333	0.0829229	-0.546537	2.13438	1.20361
CLUAP1	4.70219	5.86891	1.27292				
CLUHP3	2.06455	3.14195	2.04737	0.200111	0.430816	3.12505	4.09062
CLUL1	-0.666673	-1.24716	-0.009476				
CLVS1	0.606566	1.66371	-2.67199	0.203201	0.436188	0.63106	1.45813
CLVS2	0.124528	1.66824	-1.73815	0.0299338	0.583386	0.291364	1.06863
CLYBL	0.992831	-1.01157	2.40125	0.210983	-0.512353	0.39801	-0.542575
CMA1			-1.9252				
CMAHP	6.05331	4.58999	7.09845	0.294986	0.221561	6.77401	7.11893
CMAS	1.70728	-0.862323	-0.101561	0.126411	-0.694458	-1.60436	-2.5388
CMBL	-4.2238	-1.95427	-5.39241				
CMC1			0.400858				
CMC2	-2.91773	-0.83467	-0.020053	-0.126374	0.620715	-3.38222	-1.86004
CMC4	-6.41376	-5.2937	-6.5327	-0.588479	-0.0982554	-4.4	-4.52829
CMIP	-0.45889	-1.91352		-0.0168471	-0.610246	0.682664	-0.229161
CMKLR1	-4.89674	-4.25252	-3.84174	-0.529293	-0.267609	-2.41623	-2.58103
CMPK1	-5.17679	-0.404947	-2.49891	-0.245807	0.733866	-4.94418	-1.87493
CMPK2	-0.875496	0.668782	-6.77971				
CMSS1	1.35664	-1.16048	-4.15054	0.0349457	-0.872608	1.40866	-0.0545614
CMTM1			-0.283096				
CMTM2			-3.84947				
CMTM3	-5.68654	-4.80419	-9.13434	-0.448106	-0.66799	-4.00492	-4.66633
CMTM4	3.43205	0.148133	2.29234	0.209173	-0.665653	3.12186	1.31147
CMTM5			-1.40958	-0.487878	0.187654	-3.8465	-3.27911
CMTM6	-2.21622	-2.68417	-4.48102				
CMTM7	-1.42357	-2.24154	-1.61433	-0.217039	-0.662655	-3.10365	-3.32364
CMTM8	1.94555	-0.0440007	-1.62406	0.208658	-0.779028	4.60044	2.0452
CMTR1			-0.207733				
CMTR2	-1.52916	-2.00968	-3.7984				
CMYA5	-1.54333	0.994299	-0.000543	-0.151888	0.773425	-0.66444	0.496998
CNBD1			-6.27709				
CNBP	0.733397	1.88902	-1.75441				
CNDP1	-0.702012	0.490577	1.45281	-0.312981	0.553023	-4.24379	-2.30366
CNDP2	-0.912644	-2.16293	-1.41071				
CNEP1R1	1.3559	2.37722	2.60983	0.189743	0.655876	1.35845	1.84021
CNFN	-3.89913	-1.51528	-5.13439	0.001033	0.504331	-1.95909	-1.31934
CNGA1			-0.918671				
CNGA2			-2.77696				
CNGA3			2.98248				
CNGA4			3.57457				
CNGB1	0.837278	-1.07946	0.310593	0.103998	-0.760873	2.17986	0.543518
CNGB3			5.95937				
CNIH1	-0.880984	0.417164	-0.510989				
CNIH2	0.207171	-1.53745	-0.360989	0.0930737	-0.844421	1.01413	-0.688898
CNIH3	1.99214	0.678398	-0.45831	-0.047092	-0.500409	0.123924	-0.614697
CNIH4			0.105717				
CNKSR1			-3.48156				
CNKSR2	-0.160498	1.2941	-1.30392	0.229785	0.476185	0.703738	1.64096
CNKSR3	-0.0339731	0.277263	3.55581	-0.403696	0.255479	-3.03154	-2.43791
CNMD	-0.632533	-1.8261	-1.57248	-0.333393	-0.705839	0.403202	-0.298219
CNN1	5.1126	4.12806	3.12365				
CNN2			4.3871	-0.352485	0.101194	-1.67103	-1.45541
CNN3	-1.1137	-2.15607	-4.30283	-0.243577	-0.75862	0.997215	0.00277507
CNNM1	1.7376	2.48757	1.79263	0.17527	0.671051	1.50358	1.94772
CNNM2	0.829622	1.82367	1.54441	0.0770147	0.595089	0.0838916	0.561762
CNNM3			-2.255				
CNNM4	5.5982	3.51387	-0.595161	0.402589	-0.331477	3.86681	3.16071
CNOT1	0.48637	1.67422	-0.313599				
CNOT10	-0.114825	1.36512	2.50143	-0.041648	0.536282	0.566838	1.40865
CNOT11	1.9735	2.91546	1.36565				
CNOT2	0.143974	1.38491	-2.21538				
CNOT3			2.08676				
CNOT4	-0.0517159	-1.65123	-2.91206	-0.102107	-0.667121	0.362704	-0.639059
CNOT6	0.137837	1.70347	0.89852	0.243446	0.139401	3.46915	4.24568
CNOT6L	1.40388	2.45286	0.389503	0.114072	0.673384	4.09101	4.48554
CNOT7	1.74494	-1.12748	0.634967				
CNOT8	-0.147314	1.61244	0.535291	0.00992665	0.522134	0.831853	1.55759
CNOT9	-0.27085	-1.20267	-0.154445				
CNP			0.157602				
CNPPD1			0.083898				
CNPY1			-0.757787				
CNPY2	-1.23911	-2.73103	-0.117987	-0.135784	-0.657272	-1.10865	-1.78258
CNPY3	-1.73636	-2.50908	-1.67913				
CNPY4			0.889852				
CNR1	5.04798	0.0307222	-1.97501	0.0655987	-0.880289	3.4988	0.793574
CNR2			-1.66004				
CNRIP1	2.42298	0.121445	-1.38509	0.26984	-0.767964	2.95717	1.21047
CNST	1.57556	2.32121	2.34346	0.149168	0.782071	2.83228	2.98067
CNTD1			0.43186				
CNTD2			-0.743235				
CNTF			-1.98171				
CNTFR			-2.94546				
CNTLN	-5.15772	-2.84427	-8.32832	-0.449803	0.515993	-3.5447	-2.40199
CNTN1	4.05219	0.264406	-1.79473	0.228872	-0.894469	3.0455	0.341259
CNTN2	-0.59697	0.520955	1.46999	-0.359376	0.456527	-3.16165	-1.85406
CNTN3	4.61941	1.70499	1.23295	0.297085	-0.657128	4.01165	2.15996
CNTN4	1.06604	0.932801	2.40763	-0.0261086	-0.200116	-0.987453	-1.57391
CNTN5	-2.70272	-2.05469	-5.31851	-0.172636	0.130743	-0.0677308	0.499503
CNTN6	0.874392	0.256385	1.2475	-0.229517	-0.441132	-2.36351	-3.56903
CNTNAP1	1.65334	2.46443	1.10414	0.233765	0.721605	0.336666	0.995221
CNTNAP2	8.21793	4.30591	7.48263	0.531432	0.0862635	6.10478	5.99837
CNTNAP3	0.588993	-0.246124	-2.28232	-0.326274	-0.573387	-0.0874304	-0.685668
CNTNAP3B	-0.750786	-0.989624	-2.91024	-0.435234	-0.33322	-1.11755	-1.57645
CNTNAP4	1.22976	0.432181	0.539582	-0.280296	-0.255814	-1.39421	-1.77995
CNTNAP5	-1.30774	0.308167	-3.11273	-0.0226584	0.4548	-0.49569	0.348279
CNTRL	-2.03815	-0.380688		-0.118398	0.467352	0.363184	1.30057
CNTROB	-2.4517	-1.73902	-3.26285				
COA1	0.448047	-0.337212	1.14026	0.0668751	0.00477453	-1.96043	-2.42129
COA3	1.52582	-0.807639	-0.421823	0.0903599	-0.608207	-0.895178	-1.56832
COA4	-2.77561	-3.19047	-3.25299				
COA5			-1.30263				
COA6	1.15109	-0.953546	0.516098	0.294414	-0.582747	-0.571734	-1.4761
COA7			0.332665				
COASY	1.03796	1.72509	6.69084				
COBL			0.4361				
COBLL1	-2.07291	-0.246706	0.471476	0.000850956	0.454783	-0.523917	0.171716
COCH	-1.15289	-2.29323	-10.291	-0.135286	-0.871347	-0.877314	-1.36177
COG1	1.83659	-1.17149	-3.34114	0.125634	-0.841852	-0.315047	-1.18049
COG2	0.189778	1.80103	0.793201	0.137265	0.759428	1.63583	2.29972
COG3	0.79051	1.82471	-1.11013				
COG4			2.17206				
COG5	4.06113	0.549397	0.740297	0.0072058	-0.799554	2.98255	0.831785
COG6	0.817347	-0.400236	1.33734				
COG7	-0.105458	1.05695	-0.385574				
COG8			6.31725				
COIL	-0.0626956	1.391	1.45184				
COL10A1	1.18901	-0.0749059	2.81746	0.554199	-0.323725	0.517248	0.0450961
COL11A1	3.83274	0.579581	6.19717	0.174414	-0.403717	1.1029	0.232313
COL11A2	1.0411	2.03652	1.95862	-0.0398987	0.356815	0.709628	1.25733
COL12A1	7.83462	4.30827	1.78648	0.484871	-0.255551	5.52143	4.93238
COL13A1	-0.138485	1.271	-1.53842	0.19083	0.543573	0.723596	1.2276
COL14A1			-3.81318				
COL15A1			-3.33601				
COL16A1	1.21332	-0.151545	0.607785	-0.329471	-0.550009	-1.10808	-2.24221
COL17A1			-0.929981				
COL18A1	-1.31092	-1.38268	-3.55542	-0.565471	-0.0902708	-3.4938	-3.69743
COL19A1	-0.794722	0.815668	-2.97339	-0.131734	0.443909	-2.38559	-1.50529
COL1A1			-0.407137				
COL1A2	-3.15087	-3.6563	-1.61271	-0.368279	-0.181104	-2.71233	-3.00499
COL20A1	2.95898	0.876673	3.11952	-0.0582085	-0.469074	1.82146	1.21337
COL21A1	0.782493	-0.839034	-4.78775	-0.116841	-0.850341	2.728	0.868834
COL22A1			1.92418				
COL23A1	8.42083	3.95952	4.263	0.399335	-0.556478	10.2141	5.78762
COL24A1	2.3583	1.52237	3.90735	0.255507	-0.123266	-1.37886	-1.93456
COL25A1			1.05025				
COL26A1	4.02971	3.52025	5.39712				
COL27A1	-1.04113	-0.545205	-2.44423	0.0256477	0.506584	-2.30108	-1.44501
COL28A1			1.26447				
COL29A1			-3.22342				
COL2A1			-2.70321				
COL3A1			-2.53818				
COL4A1	-0.264882	-2.09669	-0.785268	-0.0902765	-0.490589	0.958972	0.463617
COL4A2	1.19894	-0.63246	0.350762	-0.170612	-0.489357	-0.647549	-1.11463
COL4A3			7.22285				
COL4A3BP	3.9898	2.82032	0.876174				
COL4A4	0.529693	1.43735	4.33758	-0.14356	0.485587	-0.189995	0.420732
COL4A5			0.590912				
COL4A6			-1.70677				
COL5A1	0.25661	1.93848	0.71627	0.289513	0.649687	2.11515	3.04673
COL5A2	3.94356	3.86764	4.8755	0.300211	0.353402	2.95893	3.30604
COL5A3	0.854038	-1.05576	1.30228				
COL6A1	2.93961	3.87126	4.85989	0.215177	0.747624	2.4157	2.93676
COL6A2	1.06227	1.56954	1.80813				
COL6A3	-1.53967	-1.26675	-0.771724				
COL7A1	0.520603	1.85728	-0.487498	-0.0237026	0.729219	0.519476	1.37996
COL8A1			-0.772938				
COL8A2			-2.85146				
COL9A1	-1.84556	-2.35735	-6.21235				
COL9A2	-2.11387	-1.74886	-0.4183				
COL9A3	-0.292062	0.545626	1.21154	-0.23431	0.604161	-2.56968	-1.35653
COLCA1	-0.415487	-1.38375	-2.34162	-0.194416	-0.441834	-0.633256	-1.12948
COLEC10			0.906401				
COLEC11			-1.21601				
COLEC12	0.739745	0.308662	0.695765	-0.170202	0.0217033	2.48051	2.6287
COLGALT1			3.14171				
COLGALT2			-0.025397	-0.286785	0.0710279	-1.84449	-2.01477
COLQ			-2.80813				
COMMD1			1.19336				
COMMD10	2.52315	0.811376	2.49873				
COMMD2			-0.541405				
COMMD3			-2.65185				
COMMD4	1.14914	2.13162	1.78635				
COMMD5	4.77984	3.36646	5.65977				
COMMD6	-0.904358	-1.87116	-1.47036				
COMMD7	1.37656	-0.168828	0.130479				
COMMD8			1.41077				
COMMD9	0.515109	-1.18152	1.62039	0.123864	-0.409931	-0.532776	-1.30856
COMP	-3.13177	-4.22141	-3.71365	-0.50623	-0.257414	-5.82084	-6.52111
COMT	-1.89765	-2.67387	-2.69818	-0.48974	-0.396611	-0.496889	-0.742779
COMTD1	3.44693	1.61891	-0.65832	0.0573397	-0.749973	2.97053	1.18891
COP1	2.73718	0.793514	1.73689	0.309417	-0.652612	0.839322	-0.0287393
COPA	0.882682	1.39104	-1.3274	0.0130942	0.394439	-1.44393	-0.995078
COPB1			-3.125				
COPB2	1.13437	-0.270263	-1.02522	-0.0446882	-0.491518	-0.37453	-1.2889
COPE	-0.662417	-1.80104	1.72184				
COPG1	1.67187	1.98676	2.57749				
COPG2			4.37701				
COPRS	3.73475	-0.171849	1.28432	0.19603	-0.695859	2.42003	0.704667
COPS2			-0.15932				
COPS3	1.93177	2.52812	2.4132				
COPS4	1.69166	-1.34754	1.23154	0.0514994	-0.825339	-1.56961	-2.2436
COPS5	-0.775022	-1.14805	0.544653				
COPS6	1.97418	-0.00706621	0.244867				
COPS7A			0.06345				
COPS7B			1.55907				
COPS8			-0.902411				
COPS9	0.210745	-1.14714	0.973218	0.0231566	-0.072952	-0.836659	-1.37291
COPZ1	1.01905	-1.19737	-1.14157	0.144066	-0.65683	1.78892	0.387473
COPZ2	-7.29658	-4.91081	-6.47344	-0.680403	0.0301692	-6.82277	-6.00838
COQ10A	-1.23397	-0.756728	-2.37091				
COQ10B	-5.57043	-0.769803	-0.167547	-0.183559	0.769488	-2.11065	-0.521605
COQ2	-5.25143	-2.09811	-0.827898				
COQ3	1.32083	2.52869	3.13418	0.18303	0.634646	0.852217	1.46995
COQ4			-3.34897				
COQ5			-0.309978				
COQ6			0.692071				
COQ7	0.713368	-0.805405	1.08978	0.107212	-0.550582	-0.34455	-0.768467
COQ8A			0.45448				
COQ8B			0.382722				
COQ9	4.14091	1.35904	-2.84466				
CORIN			0.569218				
CORO1A	4.03908	-0.132586	2.7826	0.388002	-0.800535	1.66776	0.0876247
CORO1B	-1.47657	-2.50219	1.3357				
CORO1C	0.549399	-1.04375	-2.16988				
CORO2A	2.50278	3.31523	3.31582	0.117293	0.704973	1.63115	2.01195
CORO2B	0.558658	1.40892	3.54853	0.156517	0.578146	-0.668733	-0.274956
CORO6	2.02468	2.42686	2.17257	0.105483	0.888667	3.47755	2.94673
CORO7	-1.22465	0.739276	2.4497	-0.0717736	0.704692	-3.17541	-1.53752
CORT	0.623982	-1.08008	-0.308381	0.028204	-0.432173	0.250783	-0.196974
COTL1	-1.12293	-1.03208	-2.11515	-0.434032	0.375825	-2.27852	-1.78136
COX10	-1.10247	1.13714	2.98578	-0.178581	0.526616	-2.19684	-1.06933
COX11	1.9503	-0.60978	1.33296	0.000997387	-0.512117	-0.119161	-0.957463
COX14	-1.21069	-0.834037	-0.006841	-0.411477	0.264498	-2.95814	-2.33697
COX15			0.493548				
COX16			-3.87163				
COX17	1.22377	2.51878	1.35237	0.0747916	0.598965	0.488468	0.991395
COX18			-0.77734				
COX19			-4.83651				
COX20	-4.65453	-4.16017	-5.2124				
COX4I1	-0.262568	-0.991799	-0.048422	0.0402123	0.0985342	-1.20733	-1.60269
COX4I2	-0.448338	-0.248145	1.81272				
COX5A	0.317808	0.203248	1.77056				
COX5B	-0.65355	-0.872416	0.363134				
COX6A1	-2.54223	-3.46801	-4.37739				
COX6A2	0.840361	-0.401033	-4.46652				
COX6B1			2.34516				
COX6B2			-0.178325				
COX6C			-3.61473				
COX7A1	-0.986317	0.446833	1.30389	0.216024	0.77278	-2.25607	-1.14741
COX7A2			-2.77166				
COX7A2L	2.11591	-0.546308	-4.07221				
COX7B			1.02549				
COX7B2			-1.83352				
COX7C			-3.89723				
COX8A			1.64633				
COX8C	0.659108	1.58495	1.27591				
CP			-4.28149				
CPA1			-2.42593				
CPA2			-2.92589				
CPA3			-3.12441				
CPA4			-0.678571				
CPA5			-0.512991				
CPA6			-1.82558				
CPAMD8	-1.08195	-2.46686	-3.84384	-0.163257	-0.90197	0.103535	-0.983513
CPB1			2.54492				
CPB2			-1.61897				
CPD			1.23114				
CPE	-0.773966	-2.08709	-7.07953	-0.139277	-0.840516	0.495167	-0.483224
CPEB1			-2.21797				
CPEB2	0.671856	-1.06153	-1.94309				
CPEB3	1.664	2.61836	0.302624	0.145389	0.714943	2.51413	2.81864
CPEB4	0.903624	2.06272	0.383517	0.366378	0.262029	4.57862	5.24186
CPLX1	-1.34571	0.951444	-0.668772	-0.0163584	0.923838	-3.07697	-0.535996
CPLX2	-3.71873	-2.22535	-2.57278	0.140482	0.628753	-4.16808	-2.91637
CPLX3	-0.688601	-2.01888	-6.82974	-0.142308	-0.830906	-0.447589	-1.0765
CPLX4			-2.37976				
CPM			1.86691				
CPN1			2.08306				
CPN2	-1.33384	-0.069866	-0.299845				
CPNE1			2.08641				
CPNE2	-0.0505558	-1.28965	-0.032413	-0.353889	-0.506261	0.0431378	-0.284452
CPNE3	-4.12265	-4.64571	-7.86482	-0.275456	-0.641957	-2.0422	-2.48034
CPNE4	-0.609729	0.127027	-0.461965	0.0710885	-0.140488	-0.209269	-0.698572
CPNE5	3.52887	0.76853	-0.699586	0.368547	-0.757555	3.73747	1.57273
CPNE6	0.765796	-1.30825	-2.50393	0.0920015	-0.940311	0.4813	-0.685145
CPNE7	1.19592	-1.07621	-1.1201	0.0456451	-0.888854	0.89554	-0.496098
CPNE8	9.72246	4.08781	8.40634	0.720676	-0.303096	10.2875	6.74716
CPNE9	3.97641	3.54038	6.9676	0.470993	0.712217	4.43169	4.58993
CPO			-1.74158				
CPOX			-1.34469				
CPPED1	0.0437059	1.06266	1.60204	-0.320827	0.459293	-1.63735	-0.816776
CPS1	0.0769799	0.536465	3.39673				
CPS1-IT1			-2.21649				
CPSF1	0.906281	2.07349	-1.7311	0.170748	0.682507	1.23291	1.76483
CPSF2			2.815				
CPSF3	2.31641	2.68764	4.62222				
CPSF4	1.79955	0.411548	-2.822				
CPSF4L			-1.01805				
CPSF6	1.29902	0.185411	1.82474	0.0803848	-0.563436	0.605165	0.189346
CPSF7	-0.169541	0.606809	-3.32857				
CPT1A	-0.787618	-1.1428	2.3903	-0.189528	0.240478	-2.28525	-2.40546
CPT1B			0.26792				
CPT1C	0.207257	-1.2981	-5.09859	0.0363361	-0.801939	0.00528677	-0.921597
CPT2			3.64637				
CPTP	3.19019	2.29482	-0.471851				
CPVL	-5.60458	-5.96267	-5.26296	-0.49295	-0.509032	-5.1674	-5.8302
CPXCR1			-2.30321				
CPXM1			-3.48493				
CPXM2	0.5457	1.08834	3.94955	-0.339117	0.262577	-1.58437	-1.16737
CPZ	-2.26978	-2.96543	-6.70554				
CR1			0.869574				
CR1L			0.939875				
CR2	0.280071	-0.233844	-1.24346				
CRABP1	-3.74415	-0.739535	-2.90932	-0.181798	0.734257	-3.28283	-1.51286
CRABP2	-0.498831	-0.0887702	-1.41765				
CRACR2B	-0.0850764	-1.1938	-0.966008				
CRADD	-1.47557	-2.82144	-0.02436				
CRAMP1			-3.83889				
CRAT	-0.498251	-0.549258	1.10049				
CRB1	0.503106	-0.806145	-1.67323	-0.177175	-0.583128	3.35232	2.50965
CRB2	1.73453	0.838865	0.376526				
CRB3			-2.82594				
CRBN	0.162834	0.546528	-1.84997	-0.144324	0.184451	-2.76954	-2.5815
CRCP			-4.35481				
CRCT1			-2.21636				
CREB1			1.9364				
CREB3	1.02613	-0.96922	-1.58646	0.0628259	-0.589085	0.92736	0.0761047
CREB3L1			1.51774				
CREB3L2	-3.42657	-3.57302	-2.51215				
CREB3L3	3.7289	3.08878	5.12202	0.279781	0.0763334	1.94649	1.88175
CREB3L4			-2.64533				
CREB5			1.16635				
CREBBP	-0.326813	1.08455	0.409137				
CREBL2	-1.67192	-2.54424	-3.45751				
CREBRF	2.90614	3.01849	-1.16183	0.10408	0.77694	6.77456	5.31799
CREBZF	0.587759	1.98967	0.492843	0.0821108	0.680957	2.10634	3.06131
CREG1	-0.337407	-1.47054	-0.96465	0.175391	-0.493902	0.444081	-0.00419624
CREG2	3.38066	1.79874	4.48029	0.519278	-0.524348	-0.439194	-1.35344
CRELD1	2.45998	2.95525	4.35365				
CRELD2	-0.122155	-2.05761	-2.111	-0.113757	-0.569475	-2.57486	-3.33193
CREM	0.302846	-2.04613	-1.91352	-0.133003	-0.854753	-2.77802	-3.18637
CRH	7.28546	3.15262	9.80017	0.532854	-0.0190422	6.48675	5.71696
CRHBP	-1.10715	-2.22452	-1.43457	-0.368252	-0.688293	-1.37856	-1.93014
CRHR1			1.35955				
CRHR2			-4.65559				
CRIM1	2.53027	0.429616	-2.50192	0.00539895	-0.596796	3.18311	1.76043
CRIP1	0.531064	-1.00868	-2.10567				
CRIP2	6.47006	0.47573	5.84665	0.303707	-0.834018	3.46178	0.648305
CRIP3	0.475051	1.15483	-3.492	0.106958	-0.0601879	1.97124	2.32909
CRIPAK	-1.13707	0.884541	-1.98363	-0.277523	0.479489	0.177253	0.980378
CRIPT	-0.963362	-1.20202	-1.66809				
CRISP1			-1.03419				
CRISP2			-4.67372				
CRISP3			-2.45556				
CRISPLD1	-3.90217	-0.256861	-3.2613	-0.518071	0.519269	-3.58184	-2.0089
CRISPLD2			3.04677				
CRK			-1.30533				
CRKL	1.10101	0.95513	-0.22819				
CRLF1	4.43098	1.07707	9.77301	0.359063	-0.421238	2.71158	2.03051
CRLF2			-1.41246				
CRLF3	3.92048	1.54097	0.005341	0.261694	-0.492226	4.97177	3.74341
CRLS1	-1.15219	-0.503081	-4.97755				
CRMP1	2.04822	-0.358771	-0.347719	0.272723	-0.816073	0.959623	-0.341722
CRNDE			1.9843				
CRNKL1	2.77904	1.5961	1.2759	0.195098	-0.484326	3.673	2.89131
CRNN			-0.336908				
CROCC			-2.99555				
CROCCP2	-0.830729	1.53915	-2.18005	-0.0850257	0.710913	0.527971	1.26284
CROCCP3	-0.693833	0.883352	-2.12164				
CROT	0.948515	-0.869431	1.81296	-0.130403	-0.663859	-0.442834	-1.5307
CRP			-1.20289				
CRSP8P	2.49238	0.0862349	2.86379	0.174856	-0.635469	-0.551098	-1.44697
CRTAC1	0.260693	1.13714	2.05299	-0.0672592	0.547379	-1.32529	-0.804493
CRTAM			3.72649				
CRTAP	-2.99796	-1.15342	-0.956885				
CRTC1			0.533089				
CRTC2	-0.00136067	1.76361	3.1871	-0.103121	0.459512	2.24653	2.81491
CRTC3	1.7093	2.39744	-2.08491				
CRX			-0.702988				
CRY1			-2.43271	-0.182914	-0.0636769	1.59114	2.16545
CRY2	3.77167	1.74289	2.87072	0.463385	-0.507808	6.93956	4.60249
CRYAA			0.866645				
CRYAB	-1.26988	-0.208995	0.061326	-0.43016	0.24772	-2.78233	-2.02463
CRYBA1			0.303485				
CRYBA2	1.12402	1.56895	3.52663	0.00263088	0.379715	-0.455009	-0.440165
CRYBA4			1.74312				
CRYBB1	1.3817	1.39099	8.7877	0.132322	0.174797	-0.704853	-0.989216
CRYBB2			4.21418				
CRYBB2P1	-0.104065	0.896824	3.92989				
CRYBB3			0.271431				
CRYBG3	-0.364521	-0.108902	0.710057	-0.530854	0.164852	-2.23684	-1.84646
CRYGA	-0.419958	-0.128388	-1.47624				
CRYGB			1.35743				
CRYGC			0.009977				
CRYGD	-3.78144	-3.10884	-5.38638	-0.402661	0.336501	-5.49221	-4.30039
CRYGN			3.65479				
CRYGS	0.925014	1.9264	-1.52351	-0.135341	0.326497	1.75263	2.34376
CRYL1	-0.0386406	-1.02586	-1.99773				
CRYM	8.33345	1.55954	1.00709	0.381071	-0.765804	8.4898	3.00089
CRYZ	1.70994	-0.149436	-2.03694	-0.126221	-0.670437	1.76658	0.509319
CRYZL1	0.167548	-1.66144	-1.6618	0.049917	-0.743852	0.138881	-0.808241
CRYZL2P	2.16381	-0.300277					
CS	-1.18158	0.659486	1.52861	-0.0573408	0.780667	-1.94628	-0.366377
CSAD	-1.64423	-1.72695	-1.14252	-0.0714942	-0.318089	-0.306493	-0.38212
CSAG1	0.36368	0.1922	2.31469	-0.134513	0.276208	0.0757609	0.305746
CSAG2			2.89214				
CSAG3	0.335841	0.686461	3.95202				
CSDC2	-3.6893	-0.644166	-5.25717	-0.335816	0.726924	-2.19446	-0.615075
CSDE1	-0.812066	-0.474576	-2.38033				
CSE1L	1.91936	1.00799	5.07199				
CSF1			-2.38566				
CSF1R	-1.53603	-2.33764	-1.04449	-0.195756	-0.689304	-2.9202	-3.0564
CSF2			-3.442				
CSF2RA	-1.61266	-2.37583	1.4228	-0.230219	-0.476935	-0.885882	-1.19161
CSF2RB			1.02929				
CSF3			-0.334604				
CSF3R			-2.57753				
CSGALNACT1	2.05114	-0.740975	1.3357	0.359041	-0.610133	2.42534	1.05234
CSGALNACT2			-1.81326				
CSH1	-1.16008	-0.874655	-2.05812				
CSH2			1.80143				
CSHL1			-2.46167				
CSK			-0.47608				
CSKMT			-2.33399				
CSMD1	1.16017	2.15367	-2.01306				
CSMD2			-4.02623				
CSMD3	1.02907	0.366123	-1.32042	0.315155	-0.418556	1.62563	1.28814
CSN1S1			-2.87877				
CSN1S2A			-0.523134				
CSN2			-3.76244				
CSN3			-0.092481				
CSNK1A1			1.24634				
CSNK1A1L			-1.6854				
CSNK1A1P1			-3.74715				
CSNK1D			-2.8181				
CSNK1E			-1.63428				
CSNK1G1			-2.21686				
CSNK1G2	-4.00761	-3.20526	-5.46592				
CSNK1G3	0.693611	1.68679	-0.02393				
CSNK2A1	0.925002	0.468925	-3.05987				
CSNK2A1P			1.03214				
CSNK2A2			1.02664				
CSNK2B			3.15083				
CSPG4	-2.88998	-3.4341	-5.7398	-0.275338	-0.643177	-3.21017	-3.55833
CSPG4P2Y			4.07945				
CSPG5	-0.369461	-0.768791	-4.33467	0.018406	-0.440023	2.62697	2.09094
CSPP1	-3.91293	-3.00383	-4.97113				
CSRNP1			0.906465				
CSRNP2	-1.36812	0.326731	-0.366195				
CSRNP3	4.77635	4.83596	-0.312062	0.341452	0.41952	5.42721	5.927
CSRP1			-0.977185				
CSRP2	-2.04879	-1.71988	-3.69336	-0.576963	-0.0377985	-0.30825	-0.275368
CSRP2BP			-0.770324				
CSRP3			0.053566				
CST1			-1.0434				
CST11			-1.08403				
CST2			-2.27816				
CST3			1.13606				
CST5			1.41843				
CST6			-0.676135				
CST7			-4.46219				
CST8			-0.150267				
CST9			-2.18865				
CST9L			-0.066014				
CSTA			-1.88136				
CSTB	-1.53661	-2.28927	-3.0015	-0.249251	-0.512849	0.625047	0.156502
CSTF1	3.45951	1.6472	5.00159	0.283476	-0.326267	1.07274	0.631471
CSTF2	1.69612	3.46418	0.00522	0.103282	0.590638	1.21382	2.05782
CSTF2T	2.21912	3.61741	4.41517	0.0292284	0.471256	0.542623	0.896653
CSTF3	2.13826	1.12843	-1.57832	0.325919	-0.258435	4.46487	4.45847
CSTL1			-2.08106				
CT45A1			-6.58713				
CT45A3			-4.2145				
CT45A4			-6.95183				
CT47A11			0.071026				
CT47B1			1.83276				
CTA-351J1.1			-4.44325				
CTAG1B			2.316				
CTAG2			-1.29436				
CTAGE1			1.17252				
CTAGE10P			-1.78221				
CTAGE11P			-1.66913				
CTAGE15P			-3.3494				
CTAGE4			-0.706899				
CTAGE5			-4.0577				
CTAGE6P			-5.04936				
CTBP1	-3.44498	-1.0753	-3.60898				
CTBP1-AS1			-7.93796				
CTBP1-AS2	-1.50938	-0.118371					
CTBP2	-4.38766	-5.52847	-4.50028				
CTBS	1.75984	0.478896	2.69393				
CTC-205M6.2			1.80593				
CTC-463N11.3			-2.6379				
CTC1	4.81364	0.820599	0.558674	0.28102	-0.770016	1.22305	-0.291436
CTCF	-3.10848	0.179279	-2.16665				
CTCFL			-2.89887				
CTD-2037K23.2			-4.01321				
CTD-2224J9.2			-3.52115				
CTD-2303B20.1			3.4736				
CTD-2324F15.2			2.29081				
CTD-2514K5.2			-1.57872				
CTD-2536I1.1			6.79278				
CTDNEP1			0.094092				
CTDP1			0.959171				
CTDSP1	-5.31536	-1.44313	-5.21153	-0.168414	0.644254	-1.84912	-0.780652
CTDSP2			-3.51311				
CTDSPL	7.29518	4.01933	4.14931				
CTDSPL2	2.83517	3.10879	3.38119	0.308603	-0.257537	1.08592	0.825866
CTF1			-2.08379				
CTGF	-1.62808	-2.23903	-3.36255	-0.419642	-0.553331	-2.29585	-2.92946
CTH	2.26979	-0.213743	2.02783	-0.00843804	-0.679897	1.24693	0.00841159
CTHRC1	2.11882	3.73175	3.00649				
CTIF	1.4567	2.55802	-0.742584	0.119254	0.816053	2.1163	2.64195
CTLA4			-0.466987				
CTNNA1	-4.84603	-0.368755	-2.46304	-0.283751	0.663812	-2.13468	-0.752437
CTNNA2	-0.691738	-1.86232	-2.54767				
CTNNA3			0.53243				
CTNNAL1	0.100984	1.41775	-0.158656	0.292598	0.559125	1.99518	2.79197
CTNNB1	0.0492362	0.96101	-1.44505	0.165472	0.0774555	2.18634	3.00918
CTNNBIP1	0.28682	-0.683923	-1.98025	-0.299226	-0.277468	-0.236445	-0.694945
CTNNBL1	1.33184	1.85655	4.50292	0.145136	0.226796	0.868293	1.00785
CTNND1			2.68859				
CTNND2	1.69731	-0.556085	-1.1114	0.23904	-0.678315	3.86488	1.83774
CTNS			1.42483				
CTPS1			-1.24075				
CTPS2	-2.77981	-0.185232	-5.10901	-0.393527	0.360652	-1.68152	-0.896418
CTR9	1.49967	-0.837664	-0.892314				
CTRB1			-4.62642				
CTRB2			-6.12761				
CTRC			-2.16282				
CTRL	-1.77496	-0.0143993	-1.65637				
CTSA	0.734833	1.71343	2.13902	0.052345	0.66616	-0.498779	0.371329
CTSB	1.14652	1.9744	3.54834				
CTSC	-6.28201	-0.265353	-4.26146	-0.0987626	0.862025	-2.27861	-0.267026
CTSD	0.697214	0.370298	1.28533				
CTSE			0.029153				
CTSF			-1.50368				
CTSG			2.48241				
CTSH	1.22204	-0.0684712	0.479144	-0.242554	-0.397624	2.04869	1.88658
CTSK	-0.304302	0.40619	-0.662217	-0.0804124	0.53237	-1.60803	-1.04164
CTSL	2.14881	2.83358	3.25538	0.0383692	0.301002	1.08002	1.33539
CTSL1P6			4.16772				
CTSL3			5.08127				
CTSO	-0.356826	-1.40817	-3.67983	-0.302475	-0.698939	-0.884955	-1.27168
CTSS	-6.98521	-5.39207	-4.0017				
CTSV	-0.671499	-0.0761629	0.681743	-0.424179	0.114433	-3.73118	-3.18311
CTSW			3.83575				
CTSZ	-0.430634	0.840598	-0.711185	-0.328388	0.597501	-0.944593	-0.297519
CTTN			-2.87624				
CTTNBP2	-5.39897	-0.136961	-5.80851	-0.369648	0.640426	-3.04555	-1.1388
CTTNBP2NL			-1.03268				
CTU1	1.2644	0.749555	4.50876				
CTU2			0.883012				
CTXN1	6.8726	-0.177559	1.7699	0.321653	-0.873008	3.97717	0.540308
CTXN2			4.64908				
CTXN3	1.69842	1.60379	3.95565	0.0172192	0.127869	1.76284	1.92207
CTXND1	-2.20754	-3.11149		0.00911014	-0.514803	-1.22101	-1.59557
CUBN			-5.87845				
CUEDC1	-2.95584	-3.02153	-0.504504				
CUEDC2			-0.105032				
CUL1	1.78906	1.934	3.56903				
CUL2	2.31417	0.3282	5.59755				
CUL3	3.87351	4.37656	4.44605	0.369775	0.571355	2.32248	3.1213
CUL4A	3.25356	0.480761	1.02155	0.14054	-0.602289	0.768292	-0.317594
CUL4B	-0.205882	0.229963	-0.064781				
CUL5	0.68581	1.6157	-1.42341				
CUL7			-1.43295				
CUL9			3.01216				
CUTA			1.90898				
CUTC	0.829274	0.00827542	-0.232293				
CUX1	-2.55946	0.746914	-3.3683	-0.106341	0.771543	-0.455137	0.769348
CUX2	-0.347888	1.09314	2.00418	0.262338	0.465436	-0.162765	0.476183
CUZD1			-2.29815				
CWC15			-3.5346				
CWC22	-1.57196	0.500425	-4.342	-0.0241048	0.665397	-0.388933	0.479437
CWC25	0.413357	1.81462	-0.38994				
CWC27			1.35772				
CWF19L1	1.58062	2.46096	-0.955504				
CWF19L2	1.12538	2.28533	0.858184				
CWH43			3.35323				
CX3CL1	0.579874	0.475884	0.214786	0.172867	-0.558185	0.722364	0.10588
CX3CR1	-1.21295	-2.13832	1.53153	-0.158253	-0.597963	-2.95758	-3.36736
CXADR	-0.469725	-1.72172	-5.40025	-0.0986718	-0.799128	-0.667737	-1.14821
CXADRP2	-0.628701	-1.70133		-0.208589	-0.511412	-1.19407	-1.5135
CXADRP3	0.03088	-0.388751	-1.35005	-0.129794	-0.670089	0.845221	0.247822
CXCL1	-5.56914	-5.56905	-8.2826				
CXCL10			0.088517				
CXCL11			3.0173				
CXCL12	-2.32458	-0.964711	-4.19944	-0.338281	0.434306	-2.18083	-1.7228
CXCL13			0.834202				
CXCL14			1.41847				
CXCL16	-4.22779	-4.91787	-1.77727				
CXCL17			0.287698				
CXCL2	-4.04604	-4.36443	-7.1499	-0.24639	-0.36384	-1.39923	-1.76953
CXCL3	-3.72906	-4.35998	-2.45288				
CXCL5	-1.77764	-1.83869	-5.00858				
CXCL6			-3.40861				
CXCL9			-0.054247				
CXCR2P1			-3.28233				
CXCR3			2.18076				
CXCR4	-2.84334	-3.44131	-3.86446	-0.581613	-0.542323	-2.4239	-3.02908
CXCR5			-1.79916				
CXCR6			-1.15774				
CXXC1			1.12987				
CXXC11			-2.43407				
CXXC4	2.49941	0.441411	1.77937	0.124218	-0.682689	5.3723	3.54362
CXXC5	1.93357	2.5493	2.20963				
CXorf1			7.40995				
CXorf21			1.14484				
CXorf22			-2.85738				
CXorf24			-1.73796				
CXorf27			-1.83986				
CXorf30			-4.0093				
CXorf36	-3.03431	-1.05481	0.109715	-0.339047	0.460402	-3.85267	-2.57081
CXorf38	-4.25968	-5.50183	-3.40226				
CXorf40A			0.503285				
CXorf41			-4.24321				
CXorf48			-1.25995				
CXorf51A			1.44445				
CXorf56	-3.05674	-1.70432	-3.09542				
CXorf57	2.68563	-0.415025	-2.00159	0.013588	-0.944676	3.35741	0.70447
CXorf58			-1.48071				
CXorf59			-5.08884				
CXorf61			1.01663				
CXorf64			-2.03144				
CXorf65			2.15519				
CXorf66			-0.020752				
CXorf67	2.86879	2.29934	-3.02023				
CYAT1			1.70758				
CYB561	7.21154	1.99756	0.356667	0.394165	-0.668143	5.27482	2.35806
CYB561A3	0.304851	-0.516531	-2.3976				
CYB561D1	-0.34673	1.10182	-0.062761				
CYB561D2			-1.81523				
CYB5A	-1.64805	-2.52564	-1.84038				
CYB5B	-0.356176	-1.85687	-2.47136	0.212892	-0.605487	0.23072	-0.853243
CYB5D1			0.384394				
CYB5D2	1.13219	-1.70059	0.073504	-0.0296761	-0.849846	-0.110647	-1.39435
CYB5R1	2.18892	-0.984355	-1.33666	-0.161731	-0.846948	-0.253739	-1.3407
CYB5R2			-0.148464				
CYB5R3	-1.46593	-2.96925	-5.71021	-0.3955	-0.580631	-1.28053	-2.03525
CYB5R4	-3.934	-0.186728	-1.65947	-0.135394	0.665512	-3.2715	-1.69651
CYB5RL			0.90562				
CYBA	-4.78134	-4.49033	-3.72589				
CYBB	-1.51365	-2.41912	0.131077	-0.131094	-0.711085	-1.73633	-2.17757
CYBRD1	-2.30508	-2.8	-4.73805				
CYC1	0.805877	1.44065	2.14837	0.127249	0.505578	-0.626251	-0.295647
CYCS	0.182999	0.447534	-1.79662	-0.212793	0.304571	-1.9091	-1.71096
CYCSP52	-1.79309	-1.64699					
CYFIP1	-5.54411	-3.47125	-5.04951	-0.194732	0.31407	-2.68813	-2.02208
CYFIP2	1.70625	1.02299	-2.0078				
CYGB	2.55765	0.906251	3.50235	0.435501	-0.489128	1.1873	0.208583
CYHR1	5.20777	1.55181	1.40446	0.159465	-0.728562	3.02891	1.37903
CYLC1			0.20359				
CYLC2			1.20699				
CYLD	0.958233	-1.00103	0.564208				
CYP11A1			-1.13601				
CYP11B1			-2.32701				
CYP11B2			0.967324				
CYP17A1			0.046039				
CYP19A1			-2.34189				
CYP1A1			2.49213				
CYP1A2	-1.819	-0.948122	-4.74388				
CYP1B1	2.42733	0.743036	1.19552	0.373656	-0.308049	0.848657	0.299998
CYP1B1-AS1	2.58332	2.79909	3.4131	0.608879	0.187854	0.994573	1.11753
CYP20A1	-0.887099	0.11669	-2.06613				
CYP21A2			-1.91673				
CYP24A1			0.284579				
CYP26A1	3.29746	0.790485	3.27834	-0.00889792	-0.677864	1.4482	0.151711
CYP26B1	1.33318	0.46421	3.17296	0.556938	0.134802	0.202358	-0.0114386
CYP26C1			-2.06009				
CYP27A1	-1.75675	-0.598179	-0.281498	-0.51324	0.277899	-2.55259	-1.8187
CYP27B1			-3.54861				
CYP27C1			0.169977				
CYP2A13			1.70613				
CYP2A6			-0.826073				
CYP2A7			-2.25074				
CYP2B7P1			-2.89914				
CYP2C18			-6.517				
CYP2C19			-9.38274				
CYP2C8			-1.87738				
CYP2C9			-2.80927				
CYP2D6	0.87572	0.117582	0.677833				
CYP2D7P1			0.720377				
CYP2E1	6.1001	5.8581	7.866	0.482156	0.515346	7.11275	7.86805
CYP2F1			1.72519				
CYP2J2	-3.70597	-4.16453	-3.25147				
CYP2R1	2.31552	0.891631	2.22119				
CYP2S1			-3.82915				
CYP2U1			-1.81429				
CYP2W1			-4.83016				
CYP39A1			1.961				
CYP3A4			-1.64262				
CYP3A43			0.53986				
CYP3A5			-0.971322				
CYP3A7			-1.30737				
CYP46A1	4.14299	0.493468	6.45052	0.293262	-0.7664	2.97709	0.589709
CYP4A11			-0.988952				
CYP4A22			-1.08113				
CYP4B1			-2.3742				
CYP4F11			-4.53202				
CYP4F12	-0.574027	-1.19373	-4.4974				
CYP4F2			-2.70302				
CYP4F22			-0.245895				
CYP4F24P			0.910956				
CYP4F29P	-1.39046	-0.394825	-4.27362				
CYP4F30P			-3.43998				
CYP4F35P			-0.425709				
CYP4F8			-4.46422				
CYP4V2	-1.28993	-1.96309	-3.01937	-0.374589	-0.424494	1.41796	1.22574
CYP4X1	4.60501	1.02574	-0.498983	0.415715	-0.644044	2.8077	1.39641
CYP4Z1	3.54811	0.81565	-0.193862	0.215285	-0.698741	1.81521	0.475157
CYP4Z2P			-1.04564				
CYP51A1	2.6149	1.87762	0.076268	-0.0668918	-0.341686	1.33172	1.02831
CYP7A1			-2.00625				
CYP7B1	-2.36253	-1.69963	-1.43732				
CYP8B1			-2.31209				
CYR61	-0.115415	0.8293	-0.610829	-0.186746	0.28351	-0.250157	0.185325
CYS1	1.63818	0.0274709	1.54798	0.375058	-0.642264	2.81091	1.47183
CYSLTR1			0.375188				
CYSLTR2			-1.83479				
CYSRT1			0.399115				
CYSTM1	-1.62582	-2.39655	-2.99688				
CYTH1	-0.636591	0.825644	-2.29917	-0.357685	0.332914	-1.26047	-0.586074
CYTH2			3.31766				
CYTH3	-1.89372	0.524916	-1.16976				
CYTH4	-2.58521	-2.96325	-3.16531	-0.266686	-0.667813	-4.46278	-4.34114
CYTIP			-2.13575				
CYTL1	-1.11019	-2.50034	0.543359	-0.299866	-0.407955	-3.64924	-4.14787
CYTOR	-0.800349	-2.1798	-1.23772	0.238886	-0.715024	-1.31914	-1.89189
CYYR1	-0.871505	-0.44336	-1.90431				
D2HGDH			-1.07069				
DAAM1	3.53368	2.66485	-2.11495	0.114107	-0.333112	5.59056	4.93263
DAAM2			-0.35727				
DAB1	-3.26366	-3.74524	-6.51855	-0.115938	-0.244016	-1.21246	-1.40775
DAB2	-4.98374	-5.44469	-1.69083	-0.288705	-0.351735	-4.19946	-4.8919
DAB2IP			-4.34943				
DACH1	4.47807	4.20758	7.16985	0.225837	0.121443	3.59223	3.67858
DACH2	3.62963	-0.525457	3.6397	0.21566	-0.878693	0.712215	-0.95545
DACT1	1.51063	-0.727835	-2.46671	0.15327	-0.814271	0.903706	-0.117778
DACT2	-1.63364	-0.300868	-2.57767	-0.128601	0.73237	-1.06309	-0.0199534
DACT3	1.45208	-0.661835	-4.56442	-0.186815	-0.574503	2.07986	1.09726
DAD1	-1.52462	-2.76402	-1.68398	-0.260885	-0.489395	-1.88666	-2.62315
DAG1			-1.07561				
DAGLA	0.745701	0.917994	2.23623				
DAGLB	4.40321	2.54403	0.237962	0.42217	-0.42857	2.1785	1.51236
DALRD3			1.52225				
DANCR	-1.28245	-0.781983	-2.09733				
DAND5			-0.874932				
DAO			-0.904395				
DAOA			-1.73964				
DAP	-1.72609	-2.6256	-5.59161	-0.186737	-0.740424	-2.42224	-2.75391
DAP3	-4.53517	-5.68689	-5.59884	-0.291182	-0.403977	-3.96993	-4.43706
DAPK1			3.98339	0.3254	0.24477	2.00111	3.05164
DAPK1-IT1	2.12621	3.22516		0.343517	0.273329	4.63748	5.77979
DAPK2			2.49204				
DAPK3	1.42592	2.10613	2.56445				
DAPL1	-0.577971	-2.25852	-2.44312	-0.159316	-0.910011	-0.589805	-1.35702
DAPP1			0.123948				
DARS	-4.29255	-4.58892	-3.52578				
DARS2			-3.72503				
DAW1	0.123087	-1.80357	-1.05366	0.315084	-0.588674	-0.0339721	-1.13572
DAXX	-0.82307	0.998499	-0.656447	0.0936066	0.487417	0.780691	1.38034
DAZ1			0.339482				
DAZ2			-0.547144				
DAZAP1	-1.27381	1.09686	-3.31269	-0.0684026	0.626615	0.0169545	0.730019
DAZAP2			-3.42537				
DAZL			-1.99676				
DBC1			-1.45794				
DBF4	-0.282061	1.28884	1.70795				
DBF4B			-4.07559				
DBH	7.17083	2.9828	6.4295	0.58461	-0.304736	6.16345	4.43155
DBI	-3.10376	-3.45212	-6.77849	-0.537916	-0.567285	-1.31334	-1.96802
DBIL5P2	-0.684526	1.35917		0.0585264	0.628749	0.426407	1.27728
DBN1	2.26436	1.6098	-2.75137				
DBNDD1	2.43658	1.72699	9.26396	0.396246	0.196898	1.27905	1.2934
DBNDD2			0.477594				
DBNL	2.12956	-0.304693	-0.845707				
DBP	-0.762273	-0.0819899	1.37012				
DBR1			-3.64556				
DBT	1.67657	1.15732	-2.43134				
DBX1			-0.453107				
DBX2	-0.260363	-1.00566	-0.375614	-0.269549	-0.567208	0.939677	0.444503
DCAF1	-2.01439	0.806045	-0.829711	-0.0544292	0.640314	-1.79492	-0.502863
DCAF10	2.65814	3.27022	2.64912				
DCAF11	3.05423	-0.493261	4.40991	0.245863	-0.768746	2.06859	0.131929
DCAF12			3.67433				
DCAF12L2			-3.54704				
DCAF13			-0.785364				
DCAF13P3	-0.919294	1.47881	-3.03197	-0.0991033	0.651353	0.854241	1.72328
DCAF15	1.70044	-0.303509	1.86578	0.149967	-0.674067	1.04455	-0.19952
DCAF16	0.317815	1.46831	-2.15716	-0.106902	0.140778	1.9228	2.5994
DCAF17			0.071291				
DCAF4	4.75905	0.858953	3.24637	0.497488	-0.554122	2.86573	1.6338
DCAF4L2			0.869655				
DCAF5	2.07241	-0.114645	-4.68539	-0.0627762	-0.725754	1.43984	0.434273
DCAF6	4.50667	4.38634	6.14918	0.409626	0.0610425	2.44507	2.33999
DCAF7	-0.898712	-2.04096	-2.70078	-0.0275969	-0.768176	-0.403095	-1.14401
DCAF8	-1.79998	0.472183	1.1239				
DCAF8L2	-4.46571	-1.17911	-4.93093	-0.171051	0.711199	-1.86222	-0.482907
DCAKD	3.5384	-0.208882	-5.25567	0.0422261	-0.88709	3.19525	0.746853
DCBLD1	-0.964264	-0.0888779	-0.951235	0.171532	0.3104	0.28564	1.02477
DCBLD2	1.42488	2.4723	2.79012	0.195317	0.820955	1.66214	2.26174
DCC	-0.0504296	-0.0205419	2.60651	0.325579	0.212271	0.401698	0.751516
DCD			3.50624				
DCDC1			-5.57268				
DCDC2			4.94597				
DCDC2B			-0.774139				
DCHS1	-0.723802	-1.30089	-5.99199	-0.148623	-0.566184	0.833152	0.475006
DCHS2	5.13006	1.92096	2.57204	0.0370275	-0.504802	3.18556	2.16432
DCK			1.02455				
DCLK1	-0.620732	1.01241	3.56666	-0.133808	0.820385	-2.38654	-0.695765
DCLK2	3.81485	-0.862306	-1.58068	0.255245	-0.781774	-0.400567	-1.42922
DCLK3	-1.25993	-1.34456	-2.57077	0.111523	-0.432535	-0.605134	-0.834754
DCLRE1A	4.27221	4.70699	3.34773	0.294219	0.690945	6.00904	6.00031
DCLRE1B	0.165036	-1.22703	-0.938766				
DCLRE1C	0.181643	1.7187	-0.888137				
DCN	-4.42324	-5.17073	-5.89339	-0.341563	-0.531032	-1.93112	-2.34234
DCP1A	1.04125	2.21287	0.963221	0.000441959	0.776473	1.04121	1.85426
DCP1B	-0.817948	1.383	-2.19497				
DCP2	8.23472	2.57186	5.53032	0.499873	-0.479076	5.78482	4.16744
DCPS	0.550681	2.02045	-0.962945	0.153165	0.729001	-0.966438	-0.113622
DCST1			-1.15429				
DCST2			-3.32315				
DCSTAMP	1.24926	-0.458913	0.989363	0.121108	-0.33627	0.433796	-0.367149
DCT			-2.62263				
DCTD	0.200557	-1.23356	-0.149656	0.0737314	-0.564867	0.322429	-0.548799
DCTN1			-1.86772				
DCTN1-AS1	0.143857	1.06412		0.0114946	0.543691	-0.74585	-0.200902
DCTN2	1.06731	1.06533	5.6015				
DCTN3	2.76612	0.183556	0.976618				
DCTN4	-1.28598	0.571899	-2.47709				
DCTN5			0.453962				
DCTN6	-0.251191	-1.33952	-1.40675				
DCTPP1	4.04398	0.700728	3.89206	0.294267	-0.657409	1.32597	0.100118
DCUN1D1	2.35293	3.32969	-1.39329	0.227904	0.657789	1.07437	1.42366
DCUN1D2	-0.246469	1.51198	1.52221	0.0592746	0.875571	-0.226923	0.722064
DCUN1D3	6.18797	5.56626	7.1915	0.345156	0.10357	5.29949	5.51709
DCUN1D4	1.29189	0.942906	2.21889	0.26245	0.239252	-0.0359459	-0.175056
DCUN1D5	0.215028	-1.40624	1.54808	-0.0303889	-0.603211	-1.8713	-2.56046
DCX	2.04088	1.82215	-0.518604				
DCXR	-3.0927	-2.62029	0.097435	-0.280505	0.380733	-1.20288	-0.848497
DDA1	0.824161	-1.60552	-3.33239	0.0934326	-0.834959	0.42328	-0.921271
DDAH1	2.37278	-0.713849	-0.392129	0.0450451	-0.773771	4.09332	1.68594
DDAH2	-1.64882	-2.48072	-5.9568	-0.284231	-0.881422	-0.301628	-1.15943
DDB1	1.33556	-0.92638	-2.37339				
DDB2	-0.588223	0.367179	-2.04665	-0.351569	0.220986	-1.85653	-1.6608
DDC	-1.38147	-1.35525	-3.57455				
DDHD1	1.24494	2.04401	3.70977	0.190508	0.508832	0.35407	0.700631
DDHD2	-0.911627	1.12647	0.199477	-0.0495247	0.882242	-3.11249	-0.833792
DDI1			-1.79804				
DDI2	-1.32995	-1.25667	-2.31591				
DDIT3	-0.80095	-0.0672652	-1.2835				
DDIT4			-2.84447				
DDIT4L	2.15776	-0.051466	2.35712	0.157859	-0.492521	4.776	3.97536
DDN	0.582524	-1.11031	-4.57857	0.200094	-0.780418	1.20041	0.109654
DDO	-1.43424	-2.40729	0.26857				
DDOST			-0.211008				
DDR1			-4.75607				
DDR2	-2.15314	-2.79247	-3.95002	-0.399212	-0.271077	0.146328	0.00476619
DDRGK1	2.99326	0.356736	3.95846	0.351912	-0.757175	3.38403	1.18188
DDT			0.677778				
DDX1	1.66029	1.82514	5.46588	0.336849	0.19994	-0.27191	-0.479964
DDX10	3.94344	1.56234	3.796	0.363602	-0.714338	1.81568	0.450813
DDX11	-3.14295	0.408545	-2.06056	-0.136793	0.702499	-0.79536	0.421138
DDX11L2			-1.69399				
DDX11L5			-0.099316				
DDX17			-1.92132				
DDX18	0.424686	1.04649	2.25213				
DDX19A			-2.76278				
DDX19B	-1.31068	0.823262	0.35605				
DDX20	4.60428	1.24134	-1.01029				
DDX21			-0.676861				
DDX23	-2.21875	0.517492	0.384704				
DDX24	-4.53918	-1.21745	-3.19012				
DDX25	5.17107	1.06901	1.60667	0.398708	-0.687644	3.51249	1.50581
DDX27	-1.57921	0.762749	-2.58691				
DDX28	1.94179	2.81849	0.607285				
DDX31	-1.25419	0.184468	-0.992802				
DDX39A	-0.848936	0.712478	0.928683	-0.365321	0.322558	-1.04634	-0.326206
DDX3X	-0.79189	1.56056	-1.12638	-0.061866	0.775128	0.525554	1.45036
DDX3Y	-2.55964	0.88249	0.35429	-0.0619222	0.630917	-0.329851	0.777855
DDX4			-1.32218				
DDX41	1.01674	0.959957	2.11157				
DDX42			-0.607814				
DDX43			-1.46334				
DDX46	-1.13785	1.52276	0.645084	-0.0498548	0.624135	1.26161	2.01781
DDX47			-3.10898				
DDX49	-0.509149	-1.73418	-2.18838				
DDX5	-1.2644	0.031119	-5.37364	-0.122434	0.0809947	0.506712	0.888097
DDX50			1.42531				
DDX51			3.24773				
DDX52	0.397531	1.47537	-1.52941	0.0118323	0.419478	-1.17827	-0.797851
DDX53			-1.25463				
DDX54	0.216587	-1.25349	-2.79627	0.227249	-0.68422	0.0732374	-0.640839
DDX55	-4.23481	0.279759	-4.28216	-0.0417685	0.623945	-1.37895	-0.431805
DDX56			-1.20877				
DDX58	0.470031	-1.17575	1.00418				
DDX59	-4.99894	-3.13693	-6.12566				
DDX6			-1.44944				
DDX60L			-2.29341				
DEAF1	-1.38531	-2.22988	-6.66961	-0.132028	-0.825245	0.38642	-0.610386
DECR1			-1.15771				
DECR2	2.18359	0.552001	0.616374	0.430391	-0.536437	0.849149	0.186455
DEDD			5.923				
DEDD2			6.77989				
DEF6	-3.14733	-2.80022	0.133828				
DEF8			0.399027				
DEFA3			0.323919				
DEFA4			-1.0757				
DEFA5			1.4412				
DEFA6			-1.70666				
DEFB1	-1.276	-0.119795	-2.03098				
DEFB103B			0.145402				
DEFB104A			-0.568949				
DEFB105A			-2.94922				
DEFB106A			-5.0918				
DEFB107B			-1.49743				
DEFB108B			-1.43399				
DEFB111			-1.35434				
DEFB112			1.48086				
DEFB113			-0.334351				
DEFB114			2.14121				
DEFB115	-2.23913	-1.37475	-2.0911				
DEFB116			-1.34553				
DEFB118			-3.62903				
DEFB119			-4.69481				
DEFB121			-1.28009				
DEFB123			-1.78217				
DEFB124	0.461406	-0.390467	-1.17968				
DEFB125			-0.555312				
DEFB126			-0.016				
DEFB127			-2.18643				
DEFB128			1.48906				
DEFB129			-0.967089				
DEFB131A	1.86279	2.99636		0.152801	0.802067	1.34016	1.9417
DEFB132			-2.86178				
DEFB134			-1.03973				
DEFB136			-2.52994				
DEFB137			-1.11501				
DEFB4			-0.303171				
DEFT1P2			-1.27907				
DEGS1	-0.040168	-1.43187	-3.19797	-0.101841	-0.601085	-2.92088	-3.38238
DEGS2			-2.17636				
DEK	-1.98054	-1.37595	-1.74691				
DENND1A	1.72561	-0.204011	-2.71043	0.230188	-0.648254	4.79833	2.67673
DENND1B	0.890231	2.18949	-1.30586	0.042607	0.859398	0.647641	1.39658
DENND1C	-0.50882	-1.54562	2.07488	0.0725276	-0.621331	-0.944485	-1.56648
DENND2A	-2.00576	-2.69361	-1.11997	-0.32391	-0.586863	-1.29386	-1.80989
DENND2C	-2.00377	-3.76283	-6.12972	-0.331685	-0.580335	-2.6616	-3.14532
DENND2D	2.85758	2.38767	8.18238	0.287174	0.36248	1.561	1.68334
DENND3	7.93394	5.51367	3.60262	0.405072	-0.098185	5.8645	5.06251
DENND4A	2.22593	3.26842	3.10899	0.362386	0.557591	3.12288	4.03651
DENND4B	-1.00949	0.865971	-3.92859	-0.110677	0.692807	-1.16907	-0.176542
DENND4C	-6.30685	-1.51119	-2.08766	-0.328421	0.538187	-2.93096	-1.51265
DENND5A			0.3721				
DENND5B	1.92813	2.63612	0.322633	0.177231	0.548014	3.43379	3.71122
DENND6A	0.141445	1.72854	-2.32703	-0.227124	0.646019	-0.106412	0.890259
DENND6B	2.51176	1.01977	2.05108	0.15344	-0.659459	3.10398	1.44717
DENR	2.88189	0.622622	2.30192	0.147018	-0.739874	2.79096	1.07133
DEPDC1	1.15146	2.1679	-0.149003	-0.0305663	0.179821	1.6853	2.13141
DEPDC1B			-1.18335				
DEPDC4			1.64473				
DEPDC5	5.38229	6.07728	5.89128	0.465257	0.560389	3.82306	4.38533
DEPDC7			1.96233				
DEPP1	0.643117	0.341178	3.2713				
DEPTOR	-0.905452	0.639832	0.744324	-0.141553	0.696958	-1.31454	-0.22241
DERA	-2.29966	-3.03736	-1.63025				
DERL1	-1.67589	-2.54924	-7.27991	-0.176341	-0.593524	-1.77422	-2.09261
DERL2	0.9034	-1.05813	0.502071	-0.0909008	-0.784324	0.595549	-0.58475
DERL3	-1.4687	-2.03774	-3.16994	0.0384004	-0.395745	-0.183921	-0.389682
DES			2.2944				
DESI1			-0.331955				
DESI2	-1.23306	-0.0798831	-0.897765				
DET1	1.83401	2.5957	-0.977819	0.120082	0.42417	-1.90596	-1.14223
DEXI	0.259991	1.43957	0.073158	0.0173863	0.828377	-0.554435	0.198864
DFFA	-0.632936	-1.14756	-3.05523				
DFFB	1.66723	2.56907	-1.95528				
DGAT1	3.21468	3.35283	1.30814				
DGAT2	1.88627	0.617902	1.5293	0.156407	-0.552631	-0.48669	-1.28033
DGAT2L6			-1.44294				
DGCR2	1.01633	1.71969	-0.686961				
DGCR5	4.69468	2.40489	2.111				
DGCR6	1.04955	-0.539298	0.538559				
DGCR6L	1.49585	-0.550762	0.505173				
DGCR8	1.33765	2.43111	-2.0764	0.152786	0.625602	2.41418	3.25707
DGCR9	1.98741	2.89571	1.9264	0.421007	0.59029	1.46343	2.16815
DGKA	4.57296	1.48065	1.22468	0.431008	-0.410829	2.30423	1.40728
DGKB	4.87235	1.40567	2.41897	0.558611	-0.689947	5.24895	2.36744
DGKD	-1.85205	-0.0578424	-5.06972	-0.496478	0.0893669	-0.0974521	0.452624
DGKE	2.19428	2.53752	4.73919				
DGKG	-0.489407	-0.781939	-5.62914	-0.467753	-0.412087	-3.17886	-4.02148
DGKH	-0.256885	-0.404832	-3.50432	-0.136659	-0.41137	-0.00814387	-0.204819
DGKI	1.45991	3.04506	3.84256	0.312606	0.509569	1.57705	2.35003
DGKK			-2.12398				
DGKQ			-2.43107				
DGKZ			1.38468				
DGLUCY			-4.87109				
DGUOK	1.39598	-1.13234	-0.683384	0.247103	-0.578469	0.313723	-0.489498
DHCR24	1.79233	0.866519	3.77284	0.0376149	-0.333231	-1.8936	-2.9161
DHCR7	0.424247	-0.967493	0.152082				
DHDDS	1.03747	0.0524985	4.88173				
DHDH	0.450719	-0.850124	-2.16603	0.0802476	-0.848287	0.246425	-0.441133
DHFR	-0.568078	-0.0168536					
DHFR2			-3.10121				
DHFRP1			-0.210176				
DHH			-0.682518				
DHODH	-2.45457	-3.50672	0.289701				
DHPS	2.23018	2.43888	4.28158				
DHRS1	-0.355016	0.546013	-2.68812				
DHRS11	1.33874	1.50609	1.42112				
DHRS12	1.73215	-0.407193	-1.70852	0.136386	-0.798746	1.27974	0.107005
DHRS13			-0.646766				
DHRS2	1.62255	-0.760365	0.551791	-0.023989	-0.801364	-0.176656	-0.862957
DHRS3	-4.60212	-3.83726	-5.47339	-0.547094	0.140441	-3.38465	-2.90657
DHRS4	2.63003	-0.223181	1.60247	0.176037	-0.465971	0.895124	0.141644
DHRS4-AS1	0.819461	-0.375686					
DHRS4L1			2.09014				
DHRS4L2			3.41688				
DHRS7	0.153677	0.417689	0.035744	-0.108918	0.384136	-0.391727	-0.238719
DHRS7B	2.48194	0.829112	6.50574	0.387784	-0.255019	1.14971	0.47631
DHRS7C			2.84933				
DHRS9	-0.825613	-1.96117	0.560787	-0.248475	-0.694772	-3.01849	-3.01027
DHRSX	-2.42587	-2.80532	-1.05169				
DHTKD1			-4.89682				
DHX15	-1.05369	0.572752	1.45635				
DHX16	0.432358	1.6821	2.42046	0.122752	0.492974	1.01104	1.59722
DHX29	-0.172451	1.10374	-0.143362				
DHX30			4.09428				
DHX32	0.104679	1.38178	-1.66289				
DHX33	-1.65898	0.567366	-4.23581				
DHX34			-2.38201				
DHX35	1.68307	2.47264	3.64334	0.153651	0.854532	2.48572	2.52347
DHX36	3.34646	2.77667	5.62653	0.338102	-0.415226	2.96185	2.17578
DHX37			1.3492				
DHX38			0.415139				
DHX40	-1.68384	-0.185169	-2.12705				
DHX57	2.66904	3.21337	3.80449				
DHX58	0.962354	-1.19709	-2.0248	0.101904	-0.729685	0.430663	-0.583199
DHX8	1.05239	1.84625	3.10278				
DHX9	-0.764734	0.579435	-2.5308				
DIABLO	-0.233192	1.05551	0.069355	-0.137965	0.631803	-1.32197	-0.405896
DIAPH1	0.591916	1.0442	-4.8295	0.296883	0.168424	3.87424	4.55013
DIAPH2	0.4533	-0.995535	-2.14488	0.159195	-0.723003	1.23663	0.258492
DIAPH3	0.104842	-1.54894	0.0038	-0.166013	-0.774326	1.99657	0.44813
DICER1			-1.47134				
DICER1-AS1	1.19181	-0.155462	-2.11163				
DIDO1	-1.08282	1.34986	-0.72151	-0.0525925	0.605626	0.909065	1.66217
DIEXF	2.43334	-0.0100571					
DIMT1			-2.79211				
DIO1			-0.910825				
DIO2	-1.16942	-2.27796	-0.297187	-0.0952364	-0.595599	0.634869	-0.293157
DIO3	1.13658	0.61997	-3.4287	-0.271749	-0.241504	-0.461422	-0.984
DIO3OS	0.998398	1.80664	0.671326	-0.275807	0.509477	0.33039	0.879105
DIP2A	-3.27854	-0.290802	-3.40877	-0.537727	0.418524	-3.04535	-1.69591
DIP2B	-1.07257	0.0902742	-0.041984	-0.308983	0.370101	-2.06804	-1.40786
DIP2C	-2.3958	-0.00349035	-2.34143				
DIRAS1	1.89572	2.72181	7.25358	0.200507	0.776095	0.944738	1.34474
DIRAS2	3.09719	3.77115	5.43992	0.373329	0.176926	3.5062	3.68929
DIRAS3	-0.577724	-1.79224	-9.19993	-0.0682407	-0.854028	0.0217771	-0.685383
DIRC1			-2.36138				
DIRC2	-2.15866	-3.23257	-4.88333	-0.325933	-0.597846	-0.493106	-0.87823
DIS3	-1.76646	1.22007	-0.235656	-0.0600977	0.658386	1.9139	2.84818
DIS3L	-2.62882	-3.77943	-1.43107				
DIS3L2	-2.55825	0.957845	-5.30211	0.0368747	0.838675	-0.699476	0.86994
DISC1			-1.73152				
DISP1	-2.96099	-2.18471	-3.36062				
DISP2	2.90648	0.737229	-3.21361	0.221954	-0.705378	4.51185	2.03093
DIXDC1	-0.824137	-0.551092	-2.31623	-0.399332	-0.450021	-0.726649	-0.987005
DKC1			-1.80491				
DKFZP434A062			-0.05166				
DKFZP434H168			0.686208				
DKFZP586I1420	3.93398	1.31138	3.43588	0.143859	-0.573223	2.15575	1.33867
DKFZP779L1853			2.74723				
DKFZp434L192			1.53318				
DKFZp566H0824			0.929027				
DKFZp779M0652	0.480818	-1.65226		-0.0423902	-0.946416	0.15452	-1.21008
DKK1	1.8921	2.53319	4.5811	0.163177	0.598326	1.69402	2.01255
DKK2	2.55437	2.61671	6.37807	0.287328	-0.1624	4.68682	4.00508
DKK3	1.81977	-0.922256	-3.10244	0.198225	-0.694138	0.612221	-0.490178
DKK4			1.16625				
DKKL1			-1.12687				
DLAT	0.963109	1.20007	-1.77288				
DLC1	-3.76073	-2.39119	-2.87086	-0.557826	0.386695	-3.79454	-2.77246
DLD	1.0683	0.479161	1.2418	0.136978	0.101338	-0.261445	-0.510769
DLEC1	-1.30291	-1.64741	-8.13861	-0.158078	-0.579218	0.0715259	-0.162975
DLEU1	-1.57276	-2.702	-0.523181				
DLEU2			-2.66191				
DLEU7	2.58705	0.500251	2.50897				
DLG1	0.286744	1.52751	0.176656				
DLG2	0.361602	-1.42451	-2.2381	0.0206846	-0.754488	0.242869	-0.825293
DLG3	-1.06637	0.247605	-0.25379				
DLG4	0.713708	-0.311245	-2.00276				
DLG5	-0.0609402	1.42245	-2.85021	0.271769	0.42113	4.23454	5.7314
DLGAP1	-0.915361	1.14674	-0.461719	0.15541	0.622122	0.991087	2.16224
DLGAP1-AS4	0.951244	2.10878		0.386685	0.502421	3.17565	3.90147
DLGAP2	0.873071	2.07146	-2.25487	0.201348	0.520037	1.62667	2.61651
DLGAP3	-0.516183	-1.56803	-1.99306	0.366415	-0.358002	-0.603471	-1.01201
DLGAP4	-0.0922166	-1.30487	-4.36769	0.0212846	-0.544553	0.363879	-0.236078
DLGAP5			-0.639231				
DLK1	-2.13853	-1.02538	-1.41322				
DLK2	4.17234	1.21212	1.8566	0.471459	-0.629152	3.29546	1.36527
DLL1			1.50467				
DLL3	-0.261772	-1.50063	-2.29664	0.100837	-0.824148	0.0224514	-0.65596
DLL4			1.49307				
DLST	-0.123883	-0.0158664					
DLSTP			-1.7852				
DLX1			2.35456				
DLX2			1.37024				
DLX3			-1.93064				
DLX4			2.53543				
DLX5			-2.3167				
DLX6			-2.57115				
DLX6-AS1			-1.0844				
DMAC1	1.5213	-0.478203	1.00167	0.0816405	-0.486991	-0.402297	-1.36664
DMAC2	1.26047	1.36861	2.98909				
DMAP1	2.22204	2.37895	1.9044				
DMBT1	-0.421217	0.34777	-1.02076	-0.484651	0.305694	-3.43111	-2.48588
DMBX1			2.05296				
DMC1			0.562774				
DMD	4.55438	0.31558	-2.58592	0.0441862	-0.670194	3.96491	2.63574
DMGDH	0.228025	-1.65774	1.27898	-0.041829	-0.715495	0.375853	-0.756949
DMKN	2.01402	3.1476	3.30071	0.290848	0.832606	6.37826	6.11168
DMP1			-0.795547				
DMPK			0.027757				
DMRT1			-1.8317				
DMRT2	-0.520769	-0.0126301	1.04179	-0.573326	0.173302	-4.38636	-3.52196
DMRT3	1.00953	1.15332	3.10824	0.19809	0.631208	-1.81017	-1.31833
DMRTA1			-1.53163				
DMRTA2			-1.63254	-0.37112	0.138955	-2.75621	-2.16872
DMRTB1			-2.37704				
DMRTC1B			-2.96878				
DMRTC2	-3.01434	-2.20286	-1.12518	-0.501091	0.263972	-5.36818	-4.13345
DMTF1			-2.87732				
DMTN			-2.09203				
DMWD	1.02678	-1.19849	-2.24716	0.191871	-0.758189	0.0926453	-0.918032
DMXL1			-1.35288				
DMXL2			2.04155				
DNA2	0.497191	1.99698	-1.03108	-0.0640091	0.515997	2.7366	3.29297
DNAAF1	0.0928047	-1.72949	-0.234487				
DNAAF2	-0.383843	1.59366	0.931034	0.0741178	0.692441	1.83888	2.71471
DNAAF4	1.12174	-0.825598		-0.00973548	-0.888987	2.58275	0.49536
DNAAF5	-4.09101	-1.21024	-5.59342	-0.179466	0.45733	-2.14089	-1.35183
DNAH1	1.95503	2.6765	1.54896				
DNAH10			-0.888292				
DNAH11			-5.32296				
DNAH12	-3.88345	-4.87792	-6.1897	-0.509148	-0.617154	-2.89053	-3.54592
DNAH14	0.745825	-1.2183	-1.99511	-0.135266	-0.853505	1.04759	-0.148497
DNAH17	-0.624524	0.3342	-2.28306	-0.399118	0.451246	-3.39594	-2.08882
DNAH2	2.70925	-0.245851	-3.70182	0.0326559	-0.861521	3.2992	1.08719
DNAH3			2.33926				
DNAH5	1.59477	-0.972567	-4.02603	-0.0146768	-0.946101	0.73272	-0.721981
DNAH6	2.95276	-0.15475	1.14389	0.338705	-0.72642	3.15415	1.25221
DNAH7	4.09154	0.615841	-1.68958	0.132841	-0.663751	4.72573	2.8546
DNAH8			3.09591				
DNAH9	-3.73311	-4.33169	-3.70215	-0.287686	-0.422694	-3.37966	-4.05366
DNAI1			-4.4445				
DNAI2			1.87233				
DNAJA1	4.43237	0.56766	1.91916	0.278004	-0.719264	2.48773	0.908219
DNAJA2	1.32745	0.498147	4.83962				
DNAJA3			-1.64156				
DNAJA4	1.04278	-1.39265	-5.576	-0.0896632	-0.88455	0.0443787	-1.01221
DNAJB1	-0.42522	-0.769418	-1.99194				
DNAJB11			-3.70904				
DNAJB12			-1.90849				
DNAJB13			0.639597				
DNAJB14	2.84254	3.3645	0.380711				
DNAJB2	-2.89566	-3.92565	-3.84179				
DNAJB3			-2.92073				
DNAJB4			0.23124				
DNAJB5			-0.391896				
DNAJB6	3.21324	1.02536	1.81411				
DNAJB7			-2.51573				
DNAJB8			0.069126				
DNAJB9	2.23653	1.8685	2.37023	0.219677	0.054606	0.511708	0.244117
DNAJC1	0.225716	-1.01159	5.15814	-0.0061147	-0.397942	0.902815	0.243971
DNAJC10	0.875842	-1.36944	-3.04619	-0.0305017	-0.799599	1.25464	0.00802777
DNAJC11	0.038788	1.25783	-0.471986	0.0965371	0.649715	-1.1135	-0.496066
DNAJC12	-2.31927	-3.21073	-7.46256	-0.0225449	-0.705533	-2.80295	-3.01107
DNAJC13	4.17706	2.05451	2.02258				
DNAJC14	2.01531	0.548256	0.978983				
DNAJC15			-1.85133				
DNAJC16	3.19943	3.85804	4.66599				
DNAJC17	1.62918	2.22493	2.9095				
DNAJC18	-0.120519	0.968178	1.18655	-0.0392139	0.602534	-0.677427	0.0428417
DNAJC19	0.679033	-1.14965	-0.701387	0.130931	-0.578175	-0.675825	-1.45662
DNAJC2	3.91666	-0.100836	1.62834	0.0919184	-0.806201	-0.000104104	-1.21345
DNAJC21	1.26876	1.70691	4.69544	0.336287	0.552015	-0.241582	0.0858128
DNAJC22	-0.464095	0.171386	2.62232	-0.170808	0.599327	-3.3557	-2.27991
DNAJC24	1.56503	-0.615249	0.017304				
DNAJC25	-3.02554	0.367412	-0.538574	-0.0424581	0.660215	-2.66626	-1.58215
DNAJC25-GNG10			-6.55259				
DNAJC27	2.03223	2.37524	2.50027	0.316154	0.33648	0.471274	0.545755
DNAJC28	-3.06413	-0.0168826	-0.448982	0.021005	0.699898	-1.88095	-0.618043
DNAJC3			-4.744				
DNAJC3-AS1	1.65684	0.71031	-3.79373				
DNAJC30	5.74077	1.02192	-1.86713	0.282369	-0.693218	0.0908915	-0.862897
DNAJC4	-1.30328	0.835727	2.28319	-0.0210648	0.851367	-1.64798	-0.189343
DNAJC5	1.07328	-0.853796	-3.2068				
DNAJC5B			1.26099				
DNAJC5G	0.903538	2.1187	2.85545	0.395005	0.640387	2.0058	2.69249
DNAJC6	0.999965	0.864387	0.458204				
DNAJC7	0.803053	-0.222132	-0.981291				
DNAJC8	2.25637	-0.234692	-2.86224	0.126789	-0.561129	-0.389998	-1.29575
DNAJC9	-1.19516	0.384048	-6.37771				
DNAL1	0.189223	-0.987201	-3.67227	-0.0305541	-0.687253	0.00126196	-0.635033
DNAL4	0.559933	-1.1876	-2.85535	0.173378	-0.824208	0.0536545	-0.824556
DNALI1	1.03994	-0.600543	1.57292	0.068903	-0.716652	3.27377	1.66393
DNASE1			-0.659294				
DNASE1L1	-0.174948	-1.25919	-3.3425	-0.131555	-0.443637	-1.84844	-2.45267
DNASE1L2	-0.0273197	1.34849	-1.66382	0.0326283	0.623289	1.72263	2.32955
DNASE1L3			-2.0993				
DNASE2B			3.25425				
DND1	-1.53298	1.29549	-2.54367	-0.110539	0.804339	0.11285	1.26225
DND1P1			0.03966				
DND1P2			-3.98707				
DNER	-4.20852	-4.81483	-5.89994				
DNHD1	1.67058	2.82983	1.49532	0.248879	0.525022	1.03855	2.16702
DNLZ	1.0023	-0.434566	0.170649				
DNM1	4.26876	3.81794	2.33859				
DNM1L	1.17502	1.17591	1.94669				
DNM1P35			-3.06912				
DNM1P46			-1.98898				
DNM2			-0.432623				
DNM3	3.15396	3.45225	4.17532	0.294686	0.450289	0.586268	0.852901
DNMBP	2.47346	3.70829	0.307404				
DNMT1			1.75528				
DNMT3A	-3.17978	-1.076	-7.61396	-0.19452	0.555789	-2.58138	-1.33757
DNMT3B	4.2242	4.72891	-1.37181				
DNMT3L			1.79183				
DNPEP	-2.3097	-3.5333	-4.67644				
DNPH1	2.31644	-0.257853	1.17984	0.0803466	-0.607426	0.718998	-0.0820735
DNTT			-0.595822				
DNTTIP1			1.93862				
DNTTIP2			-1.68176				
DOC2A	4.74275	0.459361	2.0205	0.427544	-0.757883	1.5441	0.00731577
DOC2B	0.824611	-1.09665		-0.137587	-0.803663	0.917888	-0.578263
DOC2GP			2.33928				
DOCK1			-2.00315				
DOCK10			-0.066461				
DOCK11			-0.656982				
DOCK2			2.09135				
DOCK3	1.21544	2.2901	-1.12173				
DOCK4	3.6311	2.2549	1.15489	0.41166	0.125911	3.14597	3.89105
DOCK5	-0.880453	-0.213913	1.40388				
DOCK6	0.267038	-0.639218	1.30998				
DOCK7	-0.846772	-1.90143	-4.12908	-0.0553913	-0.719815	1.4863	0.517653
DOCK8	-2.48539	-3.17137	-1.70832	-0.389665	-0.515187	-4.473	-4.80711
DOCK9	0.807242	-0.163119	-2.06639	-0.170701	-0.561519	-2.09799	-2.4808
DOCK9-AS2	5.45723	3.77895		0.433568	-0.130494	3.22117	2.63969
DOHH	0.768692	1.14743	2.67424				
DOK1	-2.26075	-2.87982	-2.13021	-0.217388	-0.794964	-1.3007	-1.87687
DOK2			1.72149				
DOK3	-1.20781	0.27759	0.377657	-0.213666	0.780364	-3.82194	-1.95281
DOK4	1.61463	-0.760274	-1.34624	0.164499	-0.614846	0.947743	-0.348809
DOK5	-2.69254	-3.25978	-1.14346				
DOK6	2.38623	-1.00671	-2.39701	0.0433076	-0.905749	1.90632	-0.379197
DOK7	-0.914177	-1.2634	-3.672	-0.475438	-0.0436974	-1.54268	-1.66072
DOLK	-0.605129	-2.36746	0.263647				
DOLPP1	1.84495	-0.260462	-1.20606				
DONSON	2.29095	1.46806	0.136098	-0.0319912	-0.274001	1.50946	1.43278
DOPEY1	3.93773	2.52793	-1.36527				
DOPEY2	-1.73956	0.0720189	-0.491036				
DOT1L	-3.35221	0.389125	-2.02595	-0.180894	0.671259	0.4598	1.24052
DPAGT1			1.97028				
DPCD	0.53486	-1.36273		-0.0176967	-0.724772	-2.00057	-2.35811
DPCR1			1.78869				
DPEP1			-0.186098				
DPEP2			1.87459				
DPEP3			-4.89508				
DPF1	6.78658	1.45637	3.88792	0.487909	-0.746048	3.77418	1.25998
DPF2			-0.553727				
DPF3			2.32988				
DPH2	2.26604	0.971815	0.350293				
DPH3	-0.547435	0.0532919	1.15879	-0.0380866	0.650869	-0.540445	-0.0299785
DPH3P1	0.499875	1.11377	2.90114	-0.0114153	0.452359	-1.34313	-0.900595
DPH5	-1.06308	-2.0294	-3.60895	-0.219233	-0.7815	-3.21391	-3.5848
DPH6	-2.1977	-2.58388	-5.69716				
DPH7	2.08426	2.65983	-0.403829	-0.0226955	0.443048	2.21575	2.80558
DPM1			-0.404606				
DPM2	3.96721	1.87833	1.2445				
DPM3	-0.979706	0.658742	0.687588	0.157099	0.486599	0.164568	1.08884
DPP10	6.25866	1.205	4.72693	0.344212	-0.687373	2.07201	0.666044
DPP10-AS1	4.24284	0.4776		0.550203	-0.511968	2.86842	1.48049
DPP3	0.664838	0.550202	3.28676				
DPP4	-1.74276	1.10857	-3.69467	-0.211754	0.810571	-1.89619	-0.0924095
DPP6	0.668643	0.854706	0.911229	0.429533	0.233984	-0.695374	-0.716363
DPP7	2.77406	3.73906	2.30848	0.0353118	0.44134	2.01881	2.59295
DPP8	0.941405	1.98252	3.14994	0.194624	0.76717	-0.214448	0.606745
DPP9	1.8129	2.26006	5.68303				
DPPA2			-0.144812				
DPPA3			1.70913				
DPPA3P2			0.20396				
DPPA4			0.818912				
DPPA5			-1.06303				
DPRXP4			-1.14903				
DPT	-1.72633	0.250118	-1.03044	-0.0209851	0.524759	-0.777052	-0.138982
DPY19L1	0.933395	1.05284	0.145914	-0.201495	0.108507	-1.66617	-1.81987
DPY19L1P1	2.95772	3.97113	-1.20282	0.093171	0.485683	4.82521	5.92874
DPY19L2	0.86775	2.10023	0.3219	0.103343	0.626847	1.40485	2.48358
DPY19L2P1	-0.279978	1.60671		0.166759	0.756643	1.22522	2.15983
DPY19L2P2	0.479033	1.95991	-1.38501	0.154712	0.680983	2.31936	2.92272
DPY19L2P3	-0.730667	1.35183		0.0878879	0.545694	1.44158	2.50889
DPY19L2P4	1.02962	2.44355	-0.078563	0.133302	0.655234	0.975022	2.03175
DPY19L3	-2.59105	-2.5262	-7.39694				
DPY19L4	-1.3618	0.317513	-1.61506	-0.504531	0.328021	-0.807572	-0.154076
DPY30	0.0122256	-1.14618	-2.06427	-0.0791703	-0.357811	-0.693417	-1.43486
DPYD	-1.13386	-2.76029	-2.59591	-0.165043	-0.649665	-0.356602	-1.03011
DPYS	3.5376	3.13075	1.65156	0.0650619	-0.0109442	2.68919	2.61941
DPYSL2	2.0328	0.522531	1.21234				
DPYSL3	1.27407	-1.03626	-3.71149	-0.0483193	-0.937978	2.8137	0.667474
DPYSL4	3.8001	1.79117	0.461782	0.391276	-0.608823	3.29357	1.39961
DPYSL5	-0.586678	-0.829162	-2.56636	-0.433684	-0.545859	-3.28205	-4.03367
DQX1			2.06295				
DR1	-1.39867	-2.54398	-3.80485	-0.0827902	-0.79746	-2.12183	-2.35133
DRAIC	-1.32568	-2.51326		0.0169572	-0.695028	-1.69824	-2.15554
DRAM1	-0.293112	-1.74088	-1.27218	-0.187084	-0.491503	1.4044	0.742084
DRAM2			0.187254				
DRAP1	5.04516	1.71734	0.228298				
DRAXIN	-1.27456	-2.43046	-4.74961	0.0470379	-0.543183	-0.335033	-0.854817
DRC1	5.44995	2.45984	1.40048	0.367928	-0.58612	4.53786	2.55609
DRC3	-0.872923	0.16255	-2.15612	0.0738284	0.518943	2.51174	3.67536
DRD1	2.70634	3.22487	-0.60453	0.122606	0.202469	3.39476	3.67791
DRD2	-1.3499	-2.88174	-3.43318	0.283402	-0.413228	-0.377487	-1.01196
DRD3	2.47399	0.972435	-3.86579	0.369371	-0.257708	1.34352	0.796832
DRD4			-1.05672				
DRD5			-2.15749				
DRG1			3.09028				
DRG2	2.31227	1.06336	-0.879716				
DRGX			7.66001				
DRICH1	0.805916	-0.556673	-1.35646				
DROSHA	6.81028	3.03358	-0.048411				
DRP2	3.12174	3.34359	-0.330946				
DSC1			4.55942				
DSC2			-7.66584				
DSC3			0.689851				
DSCAM	-2.19895	-0.0947088	-4.42361				
DSCAML1	-2.57607	-0.152263	-3.1604	-0.545638	0.480588	-3.75633	-2.1211
DSCC1	-0.864274	1.50836	-0.365718	-0.104902	0.847646	3.14435	3.09294
DSCR10			-3.28422				
DSCR3			2.11835				
DSCR4			-0.438511				
DSCR8			1.25166				
DSCR9	-0.789437	-0.211652		-0.0359987	-0.0982879	2.27709	2.62295
DSE			-2.92863				
DSEL	-1.3076	-2.73696	-3.818	-0.382747	-0.62368	-2.20901	-2.7343
DSG1			0.977742				
DSG2			-1.67196				
DSG3			2.70675				
DSG4			-1.33439				
DSN1			1.81947				
DSP	-3.13085	-3.21115	-1.50709	0.0205784	0.15963	-2.94868	-2.85647
DSPP			1.57647				
DST	-1.22979	0.066324	-2.82513	-0.391578	0.377897	-1.17424	-0.738648
DSTN	1.25578	-1.11431	-3.25372	-0.0357798	-0.653685	-0.280303	-1.13011
DSTNP3			-2.11584				
DSTYK	0.0310971	1.28851	-1.76563				
DTD1	-4.36759	-2.84853	-6.17228				
DTD2			-2.19985				
DTHD1			-0.348774				
DTL			1.84456				
DTNA	-2.30607	-2.64409	-3.76367	-0.631637	-0.224275	-1.49268	-1.67381
DTNB	2.919	0.0146338	3.16591	0.380268	-0.569134	-0.614113	-1.42417
DTNBP1	1.33094	-1.3775	-3.08413	0.02767	-0.882456	-0.869982	-1.67073
DTWD1	-0.754429	-1.09069	-6.69992	-0.228735	-0.588012	-0.471941	-0.665037
DTWD2	-1.03413	1.3876	-0.868653	-0.087328	0.646232	-0.208765	1.01162
DTX1	2.27396	0.279637	4.41737	0.176877	-0.557716	2.94277	1.60747
DTX2	-2.07989	-0.0429706	-1.17416				
DTX2P1-UPK3BP1-PMS2P11	-3.39048	-2.2758	-6.13299				
DTX3	3.46707	3.57602	-3.24655	0.260433	0.461573	3.94651	4.84741
DTX3L	-1.17046	-1.73943	0.873202				
DTX4	2.76318	2.37828	3.19609				
DTYMK	-1.76631	-2.6446	-1.91499				
DUBR	-1.5513	0.61722		-0.297657	0.435658	-0.913585	-0.0330925
DUOX1			-1.32731				
DUOX2			-5.6526				
DUOXA1			-2.86036				
DUOXA2			-4.84584				
DUPD1			2.29961				
DUS1L	-5.86663	-0.56213	-3.03032	-0.184267	0.8027	-2.72556	-0.66678
DUS2			5.01422				
DUS3L	0.692834	1.75358	-2.68115				
DUS4L	-0.714263	-1.77804	-1.30097	-0.0336849	-0.451113	0.946999	0.537258
DUSP1	-4.27893	-0.930358	-2.27271	-0.281037	0.556145	-1.69907	-0.464749
DUSP10			2.20709				
DUSP11	0.822006	1.61551	-0.825923				
DUSP12			1.66772				
DUSP13			-2.89867				
DUSP14	1.74258	0.930762	1.86942	0.419534	-0.474908	0.452358	-0.138123
DUSP15			-3.72844				
DUSP16			2.64854	-0.18394	0.254921	-1.04918	-0.645354
DUSP18	0.227347	-0.857481	-4.49962	-0.104623	-0.66723	1.78681	0.526573
DUSP19	4.7027	1.42258	3.47171				
DUSP2	4.24229	3.18381	8.05371	0.50381	-0.28366	2.7776	2.12302
DUSP21			-1.67977				
DUSP22	-1.75692	-0.522972	-3.21004	-0.269662	0.193061	-3.06899	-2.58746
DUSP23	-0.955827	-1.5059	-3.37334	-0.344472	-0.482706	-1.57947	-2.61343
DUSP26	2.90374	0.694176	-1.33748	0.340465	-0.669974	3.53218	2.06484
DUSP27	3.46085	1.87713	4.90307	0.161788	-0.625098	1.2046	0.000420129
DUSP28	3.61806	0.353033	0.047471				
DUSP3	5.4167	2.20717	6.37797	0.534955	-0.320867	3.56155	2.70247
DUSP4	3.20677	5.37676	2.07889	0.270974	0.461087	4.79	5.74038
DUSP5	2.3512	3.65898	-0.981999				
DUSP5P1	1.36251	-0.748998	-1.81541	0.328283	-0.56449	1.00752	0.0302632
DUSP6	4.69483	4.19968	5.46951	0.31889	-0.0381144	3.77531	3.67954
DUSP7	0.0676301	1.21418	1.87458	0.0963452	0.386742	2.75542	3.27399
DUSP8	-2.82913	-1.00116	-6.38483	0.0411067	0.384157	-0.855322	-0.254137
DUSP9	-2.31854	-3.18044	-5.59949				
DUSPP			-2.11523				
DUT	2.08965	2.83727	-2.49479	0.062413	0.431503	4.5068	5.1602
DUX3			-1.79998				
DUX4L15			-2.77347				
DUX4L3			-2.16484				
DUX4L9			0.307638				
DUX5			-1.07399				
DUXA			-0.40515				
DUXAP10			3.30527				
DVL1	0.791594	-0.425643	-2.69067	0.131916	-0.465306	4.37045	3.04598
DVL2	2.54565	3.2165	0.068692	-0.0307039	0.511875	3.40229	3.94742
DVL3			-1.25591				
DXO	1.06198	2.53641	-0.845009				
DYDC1			-1.65454				
DYDC2	-0.745863	-2.26312	-1.93538	-0.0180249	-0.907927	-2.32985	-2.37792
DYM	-1.47806	0.833535	-1.65559	-0.00375885	0.545467	0.44157	1.38262
DYNC1H1	2.01002	1.56438	-2.6345				
DYNC1I1	2.27547	0.68345	3.88814	0.175637	-0.594179	-0.55108	-1.50202
DYNC1I2			-1.15209				
DYNC1LI1	0.634532	1.60067	5.78149	0.338166	0.446661	0.107206	0.426587
DYNC1LI2			-1.45468				
DYNC2H1	1.2585	2.45053	-0.034768	0.152171	0.481548	2.76244	3.94542
DYNC2LI1	1.41975	1.3846	-1.10784				
DYNLL1	4.79423	-0.763554	-1.11066	0.0613274	-0.845367	1.21312	-0.588025
DYNLL2	-2.49441	-0.695075	-0.864014				
DYNLRB1			-1.46309				
DYNLRB2	-2.20192	-2.38628	-5.186				
DYNLT1	-3.92683	-4.00841	-5.96079	-0.495051	-0.461071	-0.654541	-0.908283
DYNLT3	3.54085	3.40138	5.53062	0.356633	0.157768	2.03306	2.02801
DYRK1A			1.78941				
DYRK1B			1.02997				
DYRK2	1.98015	-0.213867	1.77069	0.045629	-0.666055	1.47662	0.211529
DYRK3	0.965886	-1.05213	-2.68356	-0.198393	-0.773343	1.04236	-0.0768818
DYRK4	-1.96473	0.0522411	0.627605				
DYSF			1.97286				
DYSFIP1			-0.584316				
DYTN			-1.80297				
DYX1C1-CCPG1			-5.15216				
DZANK1	-2.35219	-0.187331	-2.17772				
DZIP1	0.11164	-0.378855	-4.07357				
DZIP1L			-4.36903				
DZIP3	7.20464	2.7707	0.68136	0.234804	-0.750044	7.18268	3.01906
E2F1	1.11146	1.21375	7.08459	0.0987747	0.377166	-1.41268	-1.52905
E2F2			-0.062709				
E2F3	6.19082	1.43795	2.90694	0.27434	-0.683304	3.01844	1.21498
E2F4	-0.625132	0.617125	-2.32409				
E2F5	0.248463	-1.47502	-2.19033	0.104076	-0.827298	1.55023	0.300994
E2F6	1.76553	2.71202	4.15813				
E2F7			1.47327				
E2F8			-1.44719				
E4F1	0.0510264	1.5713	0.977872				
EAF1	2.86067	0.782954	1.39661	0.1169	-0.329803	0.66443	0.110753
EAF2	-3.97258	-4.26528	-1.56606	-0.433393	0.00873333	-2.16974	-2.16451
EAPP			-0.234039				
EARS2	3.44374	0.344032	2.41177	0.264325	-0.709783	3.43962	1.40738
EBAG9	-1.13636	-1.79463	-1.68287	0.196432	-0.10464	-1.67792	-1.76903
EBF1	-1.42015	-0.905571	-0.232756	-0.404469	0.343307	-0.716939	-0.381696
EBF2			-3.32252				
EBF3			-3.59214				
EBF4	-2.07067	-1.23212	-3.23975				
EBI3	-4.98878	-4.2982	-1.50831	-0.20842	-0.55613	-4.06386	-4.40505
EBLN2			-2.23396				
EBNA1BP2	3.2555	0.83335	0.494204				
EBP	2.09893	1.06364	-5.93771				
EBPL			-2.42787				
ECD	-2.76712	0.0603964	-0.885794				
ECE1	1.23677	2.38604	2.52563				
ECE2			-2.33099				
ECEL1			-4.92809				
ECEL1P2			-1.9146				
ECH1	-0.306053	-1.66449	0.684716	-0.22079	-0.506869	-1.75331	-2.15784
ECHDC1	-0.0408777	-1.34922	2.93627				
ECHDC2	-2.68156	-1.9528	-6.55306	-0.165658	0.0219761	-0.735564	-0.539591
ECHDC3	1.24665	-1.20767	-0.752816	-0.00400627	-0.926351	1.23089	-0.476545
ECHS1	-0.318939	-1.87254	0.589707	-0.0443477	-0.435869	-1.22951	-2.08868
ECI1	-0.187028	0.623962	-0.9107	-0.268139	0.243128	2.02844	2.51979
ECI2	-1.57161	-2.51069	-3.80102	-0.299337	-0.284495	-0.260557	-0.717909
ECM1	0.0749369	1.47188	0.181226	-0.00966947	0.886616	0.0115712	0.82302
ECM2			-0.935647				
ECSCR	-2.80403	-1.39305	-2.72743				
ECSIT	1.83372	2.69858	4.52878	0.210415	0.661141	0.132421	0.701062
ECT2	3.93836	2.29352	5.5262				
EDA	-2.01632	-3.11273	-3.75473	-0.242967	-0.603488	-2.94514	-3.59161
EDA2R			0.016203				
EDAR			-1.72883				
EDARADD	-0.987156	-2.46914	-3.84541	-0.124006	-0.710063	-0.87695	-1.59903
EDC3	2.47387	1.35573	4.70851	0.185403	-0.414039	0.620097	-0.14375
EDC4			-1.98186				
EDEM1	-1.46537	0.866742	0.76637	-0.006756	0.566965	1.11408	2.02531
EDEM2			3.04705				
EDEM3	1.06169	2.02665	0.972715				
EDF1	2.83353	-0.123448	2.82883	0.183011	-0.615428	1.35887	0.331465
EDIL3	-2.74347	-0.251639	-2.01606	-0.202884	0.322844	-2.22569	-1.4734
EDN1	2.0528	1.02656	4.33827	0.0865898	-0.537678	2.33631	1.43975
EDN2			-1.26851				
EDN3	-0.256122	-0.0604845	2.06569	-0.120597	0.587935	-0.569794	0.203775
EDNRA	-2.60006	0.523703	-0.234086	-0.227354	0.545391	-1.08733	-0.188868
EDNRB	-0.411657	-1.75355	-5.61266	-0.175016	-0.826735	1.83798	0.529806
EDRF1			-0.587707				
EEA1	4.40823	2.98391	2.09077				
EED	1.28648	2.51003	-1.31425	0.0708093	0.463049	1.87525	2.71801
EEF1A1	-5.81024	-5.70381	-6.14728				
EEF1A1P12			-9.34027				
EEF1A1P24			-8.69289				
EEF1A1P32			-3.0629				
EEF1A1P9			-7.84846				
EEF1A2	-4.21778	-1.67844	0.470309				
EEF1AKMT1	0.463455	-0.794933	1.14618	0.0667708	-0.6086	1.19591	0.519813
EEF1AKMT2	-0.169737	0.626768	-2.97906	0.0390991	0.0355177	1.79607	2.58645
EEF1AKMT3			-2.06355				
EEF1AKMT4	-1.43562	-2.42937					
EEF1B2	-3.95341	-3.83021	-6.18178				
EEF1D	-4.46561	-3.31169	-3.87181				
EEF1DP3			-1.57326				
EEF1E1			-2.14526				
EEF1G	-2.83465	-3.56664	-5.54147				
EEF2			-3.02559				
EEF2K	-1.83771	0.289966	-2.02877	-0.118729	0.682468	-2.60514	-1.08135
EEFSEC			-1.13472				
EEPD1	-2.76054	0.84079	-3.92551	-0.209617	0.917342	-4.28015	-0.381025
EFCAB1	5.11047	-0.368003	0.631873	0.156951	-0.945287	4.75934	0.633565
EFCAB11	-1.50702	-2.43996	-4.55889	-0.40658	-0.117321	-3.93384	-4.29172
EFCAB12			-2.68565				
EFCAB14			-4.20858	-0.542572	0.197815	-1.46175	-0.962563
EFCAB2	-0.994491	-1.53466	-0.685977	-0.286647	0.224533	-1.40824	-1.22843
EFCAB4B			0.472651				
EFCAB5	0.265068	-0.726115	-1.04723				
EFCAB6			-0.198961				
EFCAB7	0.780474	2.15188	-0.670517	0.21242	0.492318	2.40123	3.61508
EFCAB8			-0.298868				
EFCC1			-1.21005	-0.149379	-0.314358	-1.86796	-2.6231
EFEMP1	0.0776004	-1.12805	-4.0054	-0.262203	-0.606911	2.26129	1.80087
EFEMP2	-0.789868	-1.91683	-4.50697	-0.157148	-0.678203	0.545492	-0.199064
EFHB	1.31261	-0.641	-2.70377	-0.185136	-0.618951	1.58364	0.41861
EFHC1	-0.78051	0.97449	-0.689087				
EFHC2	2.60734	0.490135	0.588482	-0.0134617	-0.787952	3.14204	1.49857
EFHD1			-0.240955				
EFHD2	-3.84224	-3.24082	-6.02664	-0.240422	-0.0616098	-0.702609	-0.694021
EFL1	0.589072	0.683172		-0.310382	-0.0335209	-0.447735	-0.600639
EFNA1			-2.76241				
EFNA2	-4.32269	-4.60241	-2.90203	-0.30852	-0.414583	-1.41112	-1.75689
EFNA3			1.40159				
EFNA4			-0.595332				
EFNA5	2.57564	3.25517	7.74237	0.110165	0.796462	2.67255	2.81747
EFNB1	0.678134	-0.227471	-3.82847	-0.205026	-0.432155	3.59057	2.97522
EFNB2	4.83157	0.18022	1.92097	0.384488	-0.704151	5.37096	1.81626
EFNB3	3.52395	-0.459559	-4.62962	0.144822	-0.938656	4.11472	0.792951
EFR3A	0.0161239	1.57855	-2.57292	-0.050545	0.858022	-0.734233	0.415715
EFR3B	0.676047	-0.645558	-0.048698	0.202202	-0.391569	0.75766	0.523599
EFS			-1.54017				
EFTUD1			-2.70019				
EFTUD2			0.690031				
EGF			2.89605				
EGFEM1P	0.275017	-0.148952	-1.94307	-0.353708	-0.62393	0.741315	0.207365
EGFL6	-1.38396	-1.90142	-2.29486	-0.0617461	-0.635349	-0.941754	-1.2912
EGFL7	3.72175	3.91448	13.7027	0.483685	0.235375	2.07128	2.1627
EGFLAM			-2.96224				
EGFR			-2.95676				
EGFR-AS1	-1.53023	0.136983					
EGLN1	-3.0842	-4.0752	-6.81767	-0.28543	-0.678085	-1.86137	-2.22464
EGLN2			-1.14148				
EGLN3			-3.79589				
EGR1	1.42169	2.40463	0.851354	0.198141	0.585633	3.31099	4.03431
EGR2	3.65335	4.21566	0.517893	0.362994	0.0840805	5.17793	5.97816
EGR3	2.36686	0.598402	1.14912	0.613573	-0.341193	1.44644	0.664903
EGR4	2.89934	2.49175	0.536703	0.325256	-0.300295	3.12569	2.98171
EHBP1	1.33991	2.21754	2.48455				
EHBP1L1	1.69025	-0.125664	3.81408	0.482637	-0.639132	2.1974	0.994821
EHD1	-0.348621	-0.0656478	-1.33062	-0.457757	-0.0967009	-1.16453	-1.29771
EHD2	1.51206	2.46435	6.47569	0.292162	0.70164	3.00068	3.12387
EHD3	2.94053	2.7077	5.69863				
EHD4			0.6715				
EHF	-0.387634	0.65916	-1.61822	-0.360103	0.197733	-0.837268	-0.698203
EHHADH			1.03104				
EHMT1	-1.80179	0.94029	-4.0708	-0.192194	0.629582	-0.404104	0.685071
EHMT2	0.941924	1.8752	-0.502159				
EI24			-1.32175				
EID1	0.88927	0.73954	-0.845551	0.277927	-0.301348	1.5139	1.43442
EID2			1.66799				
EID2B	2.09195	0.425756	-1.45374	0.241978	-0.625949	2.19324	1.39137
EID3	1.61955	2.58138	0.494091				
EIF1	-0.954563	-2.08623	-3.10238	-0.0410152	-0.658483	-1.12867	-1.96399
EIF1AD	3.00759	0.209768	5.12416	0.0564024	-0.586896	0.502347	-0.260812
EIF1AX	2.27348	2.82177	2.12067	0.315434	0.668147	1.35851	1.82983
EIF1AY	-0.646063	-1.83656	-3.3317	-0.160236	-0.759365	-0.339949	-0.902438
EIF1B	-0.325514	0.899392	0.027306	0.213534	0.570709	0.383379	1.11236
EIF2A	-1.63165	1.292	-2.16051	0.0456926	0.829653	-0.0353983	1.19209
EIF2AK1	0.358351	1.16902	0.615342				
EIF2AK2	-2.28971	-1.23481	-4.47814				
EIF2AK3			-1.03308				
EIF2AK4			-2.25505				
EIF2B1			0.537368				
EIF2B2	0.656615	1.48276	5.34772	0.0363127	0.499782	-0.00195203	0.380025
EIF2B3			-2.93836				
EIF2B4			-0.516723				
EIF2B5	1.39077	2.37768	2.03132				
EIF2D	-3.43696	-1.34293					
EIF2S1	3.22968	0.472402	0.741709				
EIF2S2			-1.25135				
EIF2S3	-3.32577	0.285252	-2.02719				
EIF3A			-4.87903				
EIF3B	3.2663	2.29528	0.229704				
EIF3CL			-4.56654				
EIF3D	1.38404	-0.9282	-3.34253	-0.0355996	-0.61419	-0.295708	-0.989107
EIF3E	-4.32069	-3.43615	-5.31594				
EIF3F			-0.336143				
EIF3G			1.80763				
EIF3H	-2.25572	-2.8787	-6.56457				
EIF3I			0.609385				
EIF3IP1			1.30729				
EIF3J	1.9197	-0.205116	-1.21811	-0.0323856	-0.430893	0.408257	-0.219804
EIF3K	1.12087	-0.543908	2.90679				
EIF3L	-4.28099	-3.24701	-1.63847				
EIF3M			-6.04484				
EIF3S8			-0.826209				
EIF4A1			-4.0991				
EIF4A1P4			-2.7614				
EIF4A1P6			-3.01379				
EIF4A2	2.37267	2.89331	1.48606	0.123353	0.634984	1.0229	1.69019
EIF4A3			-2.08765				
EIF4B			-1.55862				
EIF4BP3			-3.94762				
EIF4E	-0.737389	0.857988	0.233071	0.0752546	0.580266	0.395838	1.47055
EIF4E1B	1.26426	2.34102	5.7738	0.182619	0.877797	-0.626424	0.242317
EIF4E2	0.538447	1.34784	0.49325	-0.0488823	0.74881	-1.30496	-0.446341
EIF4E3	1.04758	2.23289	2.19362	0.126163	0.838512	1.61391	1.89421
EIF4EBP1	-0.512844	-1.79222	-2.82708	-0.086345	-0.726711	-0.293306	-0.898776
EIF4EBP2	-2.02648	-1.85778	-3.54831				
EIF4ENIF1	6.4464	5.83699	4.88665				
EIF4G1	-0.641408	-2.0187	-0.398084				
EIF4G2	-1.63899	-0.293065	0.751021	0.049879	0.508256	-0.849988	-0.200298
EIF4G3	-3.45008	-0.364157	-1.62699	-0.11864	0.595273	-1.42136	-0.489531
EIF4H			-2.16594				
EIF5	1.65845	2.6013	1.60875	0.083562	0.737067	0.601228	1.2707
EIF5A			-1.34035				
EIF5A2	0.300361	1.73685	4.77781	0.0034141	0.892596	-0.412287	0.543954
EIF5AL1			-1.68337				
EIF5B	-0.905775	-1.80809	0.880964				
EIF6	2.87343	1.00344	4.20697	0.268125	-0.647709	0.103106	-0.750035
EIPR1	1.00379	-0.772395	-2.69084	0.224246	-0.773006	0.865449	-0.208027
ELAC1			0.725354				
ELAC2	1.39991	-0.47462	-2.36	-0.0804233	-0.474755	-0.448675	-1.22121
ELANE			3.82423				
ELAVL1	-0.986287	-1.59519	-3.9546				
ELAVL2	3.47372	4.27371	2.64576				
ELAVL3	-0.0896945	-0.45562	-0.092794				
ELAVL4	3.2949	4.24537	7.30509	0.447287	0.721724	3.01429	3.86004
ELF1			-1.24723				
ELF2	-0.0170396	1.59586	-2.47289				
ELF3			-0.284903				
ELF4	-2.37577	-2.93822	-2.48751				
ELF5			1.21495				
ELFN1			3.33461				
ELFN2	0.738042	-0.948128	-6.82409	0.156536	-0.861139	2.91486	0.794907
ELK1	0.380948	-1.13315	-3.93286	0.157879	-0.465511	-0.161078	-0.632723
ELK3	-5.06555	-4.01255	0.226819	-0.56463	-0.125863	-3.16357	-3.17375
ELK4	-2.69866	-1.64342	-2.78549				
ELL	0.840873	2.41954	2.06444	0.167494	0.478759	2.5807	3.41077
ELL2	2.1712	2.7552	6.95734	0.24539	0.275495	2.79868	3.02858
ELL3	0.945909	-1.55853	-1.45861	-0.0846117	-0.849431	-0.491608	-1.30675
ELMO1	1.83134	2.05241	2.5722	0.150358	0.311952	0.403545	0.466032
ELMO2	0.934446	-1.06781	-4.31107	-0.0472137	-0.67486	0.451871	-0.45613
ELMO3	0.679428	1.45148	1.1804	0.0348482	0.794554	-1.51204	-0.647769
ELMOD1	-3.40937	-0.802186	-3.36474				
ELMOD2	3.16601	3.50217	-1.4787	0.0136897	0.346495	3.54339	4.02348
ELMOD3	-4.34238	0.446159	-3.9048	-0.212019	0.655764	-1.97781	-0.382705
ELMSAN1	0.695114	0.807208		0.0770621	-0.119896	2.57651	2.85062
ELN	1.43918	2.64452	-2.91593	-0.304409	0.0417232	2.12503	2.93961
ELOA	2.08143	0.671435	0.8115	0.140639	-0.369811	0.984575	0.284604
ELOB	1.71548	-0.829531	-2.108	0.0994784	-0.6242	-0.115522	-0.964383
ELOC	0.782612	-0.760576	1.37428				
ELOF1			-0.95434				
ELOVL1	-2.1208	-0.295445	-0.093467	-0.404562	0.516977	-4.25053	-2.31146
ELOVL2			-1.01141				
ELOVL3			-0.715616				
ELOVL4	-1.45986	0.423289	-0.810528	0.0251072	0.742257	-4.38682	-2.39802
ELOVL5			-0.281793	-0.562367	0.0578412	-0.437618	-0.0942113
ELOVL6	0.830014	1.52638	2.02753				
ELOVL7	-3.20058	-0.30617	-4.94093	-0.467143	0.61811	-3.89883	-1.8201
ELP1			0.715887				
ELP2	0.222168	1.54485	1.09486				
ELP3	2.49657	2.30415	3.97928	0.223115	0.207331	1.06657	1.0992
ELP4			-4.01208				
ELP5			0.4277				
ELP6			-2.48493				
ELSPBP1			2.04894				
EMB	-1.44513	0.11541	-0.365015	-0.256261	0.643683	-3.05708	-1.74604
EMBP1	-2.13588	-0.485672		-0.0727933	0.699363	-3.02817	-1.61142
EMC1			-0.200527				
EMC10	-2.29798	-1.95247	-2.788				
EMC2	-4.02778	-4.29841	-2.49568	-0.516179	0.0062684	-3.61265	-3.50348
EMC3	0.774649	-0.555368	1.05991	0.260427	-0.521547	0.527782	-0.416006
EMC3-AS1	-0.29014	1.05899		0.0715645	0.313418	1.05917	1.86203
EMC4	0.677406	-0.274204	-1.18825				
EMC6			0.585366				
EMC7	-0.297794	-2.06038	-2.0141	-0.168248	-0.716383	-1.619	-2.38581
EMC8			0.198871				
EMC9			1.81767				
EMCN	-0.942463	0.329958	-1.71947	-0.222786	0.607241	-1.77276	-0.916454
EMD			-1.36257				
EME1			3.95391				
EME2	-1.90715	-2.47122	-5.68388				
EMG1	4.13321	-0.799863	1.85109	0.00726643	-0.788113	-0.241876	-1.22229
EMID1	0.131355	-1.40853	-3.79503	-0.0997886	-0.782245	3.00008	1.18877
EMILIN1			0.196423				
EMILIN2	-2.66087	-1.08873	-2.98313	-0.609864	0.381458	-6.51299	-4.72459
EMILIN3	-1.34409	0.811244	2.78582	0.0911586	0.782475	1.57055	2.02
EML1	4.03173	4.13944	3.06303	-0.0701133	-0.0653386	2.16535	2.30319
EML2	-1.27827	0.743336	-0.670143	-0.240861	0.699307	-2.42148	-0.988369
EML3	-1.83415	-2.98425	-0.308063				
EML4	-7.75462	-5.47713	-9.12916				
EML5	0.843468	2.04389	-0.060494	0.37061	0.330906	4.09387	5.39856
EML6	4.00696	5.76895	2.37486	0.375478	0.694722	2.70999	3.33327
EMP1	-2.38518	-3.22031	-3.00747	-0.397338	-0.552229	-1.0962	-1.78511
EMP2			-1.62105	-0.421304	0.0143258	0.286722	0.360417
EMP3	-2.3295	-2.98291	-5.32064	-0.336655	-0.589633	-0.315311	-0.900438
EMR1			-1.63524				
EMR2			2.83229				
EMR3			-0.366611				
EMSY	0.085464	1.81267	0.401789	-0.010949	0.641153	2.27323	3.011
EMX1	-0.0984563	1.60011	1.93484	0.252887	0.790709	0.135604	1.02159
EMX2	-2.01574	-2.74886	-1.63321				
EMX2OS	-1.95983	-2.65668	-4.56753	-0.194683	-0.556154	0.780243	0.192205
EN1			2.5461				
EN2			-2.89862				
ENAH	-0.32413	-0.627946	-2.5496	-0.423607	0.00959572	-0.578072	-0.344383
ENAM			-2.51364				
ENC1	4.85558	0.966593	3.18208	0.624148	-0.528629	0.795833	-0.118698
ENDOD1	0.562249	0.697572	0.763638	-0.310034	0.227432	-0.626664	-0.491774
ENDOG	0.905459	1.66501	2.23198				
ENDOU	-0.549828	-1.88388		0.0907779	-0.47812	1.0539	0.343137
ENG	-1.39305	-0.547708	1.41368	-0.142074	0.383183	-1.01841	-0.75006
ENGASE			-2.43662				
ENHO	-0.648767	-1.64042	-2.09092				
ENKD1	0.951011	2.22159	0.31473	0.0622278	0.330444	3.66505	4.53474
ENKUR	-0.0107513	-0.812349	-0.715733	-0.163499	-0.559359	1.38784	0.592886
ENO1	0.115778	-1.85565	-4.18896	-0.0912396	-0.821489	-0.891345	-1.55338
ENO2	1.33248	2.05329	4.65941	0.238889	0.666734	0.337377	1.04285
ENO3	0.778273	1.19949	0.355202	-0.449211	0.0821827	-0.0274399	0.0456656
ENO4	0.77909	1.90634	-2.65846	-0.172797	0.0534877	2.20227	2.55565
ENOPH1	-1.22688	-2.11288	-0.185257				
ENOSF1			-0.946804				
ENOX1	6.04003	1.57525	4.65768	0.157329	-0.761522	2.28929	0.520638
ENOX2	-5.12499	-4.95725	-3.07017				
ENPEP			-1.84397				
ENPP1	0.960592	-0.778708	0.395379	-0.156588	-0.553505	-0.948103	-1.49773
ENPP2			-0.032666	-0.456249	0.217775	-3.58967	-2.73182
ENPP3			1.04066				
ENPP4	2.29273	2.2548	1.82007	-0.197676	-0.0887371	0.213998	0.0611817
ENPP5	-0.042311	1.56011	3.38652	0.0890767	0.820211	-0.263991	0.806994
ENPP6	1.01106	1.38978	1.28574	-0.27043	0.293011	-1.59617	-1.39114
ENPP7			0.328919				
ENPP7P13	1.28918	0.349461					
ENSA	5.14945	1.14191	2.11193	0.461636	-0.45321	3.06986	1.59225
ENSAP3			2.99609				
ENTHD1			-1.78657				
ENTPD1	-2.90818	-3.57455	-4.52014				
ENTPD2			-3.11086				
ENTPD3	-0.31134	1.72007	0.177307	0.00123878	0.609163	-0.630915	0.374213
ENTPD4	-1.93564	1.06738	3.17467	0.0613655	0.932023	-1.07076	0.662754
ENTPD5			-2.09646				
ENTPD6	4.13403	1.85355	1.05203	0.520382	-0.600984	1.09398	0.0903265
ENTPD7	1.19483	2.04233	4.76647				
ENTPD8			-1.58917				
ENY2	-1.06052	-2.23635	-4.02178	-0.10649	-0.56915	-1.13938	-1.68475
EOGT	-1.89972	0.205159	0.618198				
EOMES			-2.93142				
EP300	-1.65365	0.185071	-3.23742				
EP400	-2.16264	-0.977514	-4.36697				
EP400NL			1.56045				
EPAG			-0.045618				
EPAS1	0.0177052	0.114396	0.696757				
EPB41	-0.0885092	1.86774	2.10479	0.101034	0.933376	0.689632	1.45626
EPB41L1	-3.77777	0.152431	-4.45756	-0.0268665	0.834946	-3.42844	-0.817484
EPB41L2			-0.604861				
EPB41L3	0.551589	1.41966	3.34627	0.145436	0.733545	-1.43828	-0.317547
EPB41L4A	-2.26575	-3.23608	-2.24651	-0.277	0.107154	-6.35023	-6.78135
EPB41L4A-AS1			-1.76589				
EPB41L4A-AS2	-1.35655	-1.49527		-0.200477	0.151186	-4.77614	-5.09104
EPB41L4B	1.53902	-0.579415	0.132927	0.431791	-0.693907	1.53475	0.421609
EPB41L5	2.81074	3.91015	-3.85641	0.149302	0.519681	2.71308	3.88502
EPB42			3.05993				
EPC1	-0.659999	0.820838	-2.53988	-0.0177018	0.319881	1.71801	2.44139
EPC2	0.624065	2.01816	0.621409	0.095766	0.50166	1.44905	2.61211
EPCAM	-4.29555	-6.0218	-5.70727	-0.174502	-0.48519	-6.72927	-7.81317
EPDR1	0.478892	0.112883	0.127309	0.122314	0.184802	-2.34548	-2.92814
EPG5	0.814992	2.00661	0.791055				
EPGN			-2.27013				
EPHA1			0.41716				
EPHA10	5.31807	-0.0235582		0.155132	-0.70338	0.571366	-0.656608
EPHA2			-1.39574				
EPHA3	-0.291705	0.351465	1.84417	0.357689	0.139843	0.525724	0.854888
EPHA4	1.61571	2.21367	2.33451	0.538314	0.0225637	2.27163	2.40735
EPHA5	0.451707	-0.307911	2.31015	0.360353	-0.555304	-0.204499	-0.716109
EPHA5-AS1	-0.958016	-1.4353		0.234558	-0.275984	0.0126129	-0.28548
EPHA6	-1.5081	-2.3286	-3.15493	0.0196673	-0.400586	-0.495313	-0.920291
EPHA7	-3.15268	-0.999862	-5.13838	-0.250392	0.402704	-3.598	-2.83786
EPHA8	-3.6854	-4.377	-5.18338				
EPHB1	-1.01833	0.114568	1.219				
EPHB2	0.474258	1.66874	2.86793	-0.169257	0.631126	-0.00566596	0.606979
EPHB3	2.59411	2.49816	6.03522	0.045423	-0.0120107	0.612383	0.405007
EPHB4			2.37571				
EPHB6	2.83281	3.84556	7.53659	0.212527	0.725739	2.76002	3.18517
EPHX1	-1.89591	-2.69218	-2.56841	-0.361801	-0.483607	0.00123934	-0.593239
EPHX2	-1.48794	-2.2364	-3.80017				
EPHX3			-3.51036				
EPHX4	3.53006	4.23891	11.2304	0.417702	0.68138	3.36324	3.76774
EPM2A	-1.27359	0.756834	-0.823272	-0.0540612	0.716455	-0.484524	0.706367
EPM2AIP1	3.44896	4.40655	0.695384				
EPN1			1.44569				
EPN2	-2.26655	-2.75399	-3.33812				
EPN3	0.530874	1.42681	2.53664	0.0565697	0.836465	-1.60667	-0.723726
EPO			1.30061				
EPOP	4.60273	0.627915	2.8723	0.449372	-0.739597	3.40429	1.37743
EPOR	1.76732	1.61306	2.69705				
EPPK1			-3.87475				
EPRS	-0.0499614	0.249271	-0.001197	-0.111436	0.227756	-1.80693	-1.60507
EPS15	0.940688	2.00297	3.38715				
EPS15L1	-1.77312	-1.04612	-1.83117				
EPS8	-3.1427	-3.8268	-5.24873				
EPS8L1			-2.50785				
EPS8L2			0.209963				
EPS8L3			2.60024				
EPSTI1			3.46813				
EPX			-2.07879				
EPYC			0.722191				
ERAF			-0.747971				
ERAL1			3.54798				
ERAP1			-0.480065				
ERAP2			-0.826082				
ERAS			-3.857				
ERBB2	-1.19686	-2.08386	-7.60162	-0.206367	-0.68023	1.86876	1.15881
ERBB3	-2.55782	-1.61583	0.201255				
ERBB4	0.893139	-0.15932	0.833507				
ERBIN			-2.6342				
ERC1	-3.11415	-3.14413	-7.28443	-0.369132	-0.500025	-1.25121	-1.53426
ERC2	1.05968	-1.11963	-3.12076	0.263506	-0.843751	0.602167	-0.626251
ERC2-IT1	-0.370867	0.234702	-3.72794	0.225819	-0.11018	1.57064	1.516
ERCC1	0.707624	-0.201154	3.20629				
ERCC2	2.26014	-0.481927	-1.299	0.0942982	-0.736426	1.85394	0.271705
ERCC3			-1.82215				
ERCC4	-2.86247	0.759088	0.967654	-0.151772	0.711779	-1.04549	0.393269
ERCC5			-3.26917				
ERCC6	1.98956	2.47868	3.04396				
ERCC6L			-4.9775				
ERCC6L2	3.40519	0.503446	-3.21072	0.155076	-0.776445	2.49803	0.612923
ERCC8			-2.65532				
EREG			1.10167				
ERF			-0.614918				
ERFE	1.21667	-0.918179		0.153257	-0.92644	2.11151	-0.0195531
ERG	-1.26422	-0.0794917	-0.681037	-0.251845	0.520353	-1.82054	-1.29327
ERG28			1.47036				
ERGIC1	-1.11219	-1.1488	-2.64092				
ERGIC2	2.6477	0.774758	3.33737				
ERGIC3			-0.702347				
ERH	0.308385	-1.23972	-4.04852	-0.0374212	-0.796306	1.23996	0.178325
ERI1	0.279845	1.22083	1.25029				
ERI2			1.37997				
ERI3	-0.956589	-2.25986	0.753192	0.0707446	-0.538466	-0.840836	-1.52474
ERICH1	1.92476	1.13974	0.540308	0.068617	-0.116995	1.03833	0.65562
ERICH1-AS1			-0.625692				
ERICH2	-4.21792	-4.36811		-0.306341	-0.436198	-2.95814	-3.42346
ERICH3	-0.410848	-1.66518	-4.23464	-0.0122265	-0.701491	0.896415	0.0617428
ERICH5	-1.74478	0.94386	-3.3427	0.0632203	0.692273	0.561468	1.71073
ERICH6-AS1	-0.615574	-1.92086		-0.105183	-0.938353	-1.62395	-1.81759
ERLEC1			0.827875				
ERLEC1P1			-5.16272				
ERLIN1	3.22318	0.657398	-1.35591	0.293193	-0.743055	4.87479	2.20821
ERLIN2	-1.41851	-2.15283	-6.38516				
ERMAP			-3.0171				
ERMARD	-1.83666	-3.21708	-4.96715	-0.307193	-0.593206	-0.752676	-1.14374
ERMN			0.111898				
ERMP1	-1.386	0.363777	2.21386	-0.207701	0.648388	-0.932671	-0.0589389
ERN1			0.428008				
ERN2			-3.95353				
ERO1A	1.64903	2.44209	2.57543	0.281551	0.324198	0.562315	1.18252
ERO1B	-1.34965	0.359964	-3.20234	-0.218763	0.406024	0.666961	1.56496
ERP27			-1.47449				
ERP29	-5.04186	-4.1869	-1.72032	-0.194954	0.282061	-3.11056	-3.04907
ERP44	0.28817	1.9941	-1.0397	0.142326	0.665976	3.02838	3.81178
ERRFI1	1.87745	2.98656	3.84189	0.0675696	0.796098	0.914393	1.40326
ERVK13-1	-1.0661	0.219045					
ERVMER34-1			3.06157				
ERVV-1			-6.42346				
ERVWE1			1.91898				
ESAM	-0.71141	0.337197	0.069821	-0.134725	0.599509	-0.907846	-0.395362
ESCO1	0.451996	1.92707	0.097752	-0.0414883	0.667522	0.928871	1.73576
ESCO2			0.142489				
ESD	0.3807	-1.53221	-5.22952	0.0724516	-0.695774	1.08726	-0.0390856
ESF1	-3.3431	-2.45267	-1.61551				
ESM1	-4.66131	-1.32182	-1.81335				
ESPL1			-2.60786				
ESPN			0.118728				
ESPNL			-0.527013				
ESR1			-2.95273				
ESR2			-1.55004				
ESRP1			-0.682494				
ESRP2	-1.44615	-0.610966	-2.73685				
ESRRA	-1.33786	0.763462	-2.64642	-0.142378	0.912696	-2.12138	-0.338746
ESRRB	-2.06747	-0.0741458	-3.26165	-0.227321	0.472033	-2.94747	-2.10761
ESRRG	-1.99341	0.770193	-3.41395	-0.147946	0.92846	-3.41257	-0.347392
ESS2	3.52838	3.27503	-0.060261				
ESX1			-2.75626				
ESYT1	1.60393	2.10524	6.00768	0.27394	0.617707	-0.568835	-0.180173
ESYT2	-0.0432449	1.12971	-2.67314				
ESYT3			0.141369				
ETAA1			1.60578				
ETF1	-0.459067	-1.77158	-0.500938				
ETFA	-2.99064	-3.80168	-3.21378				
ETFB	0.294304	-1.52146	1.24381	-0.170328	-0.557381	-1.47402	-2.47664
ETFDH	0.413263	-0.969643	-1.32546	-0.0993127	-0.49353	0.915146	0.251042
ETFRF1	-5.42567	-5.13779	-4.84084	-0.373277	-0.361949	-2.20534	-2.89435
ETHE1	-0.429941	0.279685	1.14624	-0.0511355	0.516446	-1.60686	-1.1579
ETNK1	2.12962	1.5145	0.753169	0.179544	-0.600792	1.39971	0.815163
ETNK2			-0.703636				
ETNPPL	-0.285556	-1.81016	-5.59387	-0.0837273	-0.821278	0.845685	-0.278646
ETS1	0.479123	1.99893	3.23613				
ETS2	4.98852	4.06402	3.84272	0.422626	0.723982	3.33839	4.08158
ETV1	0.790824	0.444165	-0.139419	0.0475489	0.23415	-1.27347	-1.63826
ETV2			-3.75195				
ETV3	-0.975155	0.264671	-3.43657				
ETV3L			-2.64732				
ETV4			-0.575546				
ETV5	-0.131506	0.926021	-1.83085	-0.235668	0.323001	0.308832	0.991574
ETV6	1.77927	3.75628	4.04397	0.302076	0.761312	7.63855	6.90187
ETV7			1.8666				
EVA1B			-3.78595				
EVA1C	0.29621	0.672241	2.93459				
EVC			1.43279				
EVC2			1.08237				
EVI2A	-1.16646	-0.222909	1.03208				
EVI2B	-2.34963	-3.40211	1.56066	-0.286591	-0.456806	-3.11415	-3.50284
EVI5	1.52804	2.01796	2.78133				
EVI5L	-0.848388	-1.70294	1.71952				
EVL	0.989665	1.81084	-0.677276				
EVPL	0.0497042	0.597124	-4.90346				
EVPLL			-0.262993				
EVX1			-2.79799				
EVX2			0.183677				
EWSR1	-0.526421	0.719927	-4.36222				
EXD1			-0.692367				
EXD2	-0.733208	-0.0250682	-2.9587				
EXD3	5.73459	2.46911	4.67305	0.505948	-0.516661	2.71901	1.46391
EXO1			4.20038				
EXO5	4.65289	3.77498	4.26797				
EXOC1	-0.883851	-2.1426	-4.45224	-0.370344	-0.534137	-3.0543	-3.53391
EXOC2	-1.31619	-0.230834	-3.06542				
EXOC3			-3.19095				
EXOC3-AS1	2.91423	-0.287081	-2.07564	0.181994	-0.670476	0.751815	-0.271605
EXOC3L1			-2.31236				
EXOC3L2	-1.5878	-1.44193	-4.77912	-0.0695273	0.109068	-1.7977	-1.59906
EXOC4	2.52263	-0.77454	-3.5318	0.148824	-0.75708	0.0388142	-1.04742
EXOC5	0.449506	0.0336763	-1.53602				
EXOC6	4.00362	0.363215	-1.30773	0.365987	-0.852406	2.88256	0.458655
EXOC6B			0.604764				
EXOC7	1.34194	-0.138167	-2.72719				
EXOC8	3.46375	3.7352	3.83376				
EXOG	-3.10462	-0.766731	-3.55349	-0.0687332	0.580973	-1.51431	-0.370205
EXOSC1			2.37117				
EXOSC10	-1.27529	-0.873681	-2.75605				
EXOSC2	-2.25233	-2.18562	-4.33598				
EXOSC3	-0.998644	-0.169785	-1.78597				
EXOSC4	4.19447	1.47632	5.94665				
EXOSC5			3.99115				
EXOSC6	-1.16068	0.342173	-4.26312				
EXOSC7	0.404555	-1.1178	-2.15537				
EXOSC8	-0.507759	-1.25012	-4.54337	-0.185428	-0.488573	0.880316	0.783574
EXOSC9	2.83016	2.34864	2.16508				
EXPH5	-0.338055	0.28004	0.583827	0.442532	-0.0700862	0.531519	0.482619
EXT1	3.0329	2.54505	1.35897	0.415733	-0.274909	1.85139	1.40831
EXT2			1.95289				
EXTL1	4.12567	4.10745	5.78649	0.494681	0.205205	3.16623	3.28226
EXTL2	-0.495518	1.42311	6.36939	0.0918569	0.899793	-1.05205	0.436034
EXTL3	1.7056	1.92654	-1.12311	0.328851	-0.149791	2.82999	2.78236
EYA1	-1.21592	-1.77425	-2.7264				
EYA2	-0.648496	-1.73951	-3.47627	-0.171064	-0.654899	1.3149	0.445976
EYA3	-0.427922	1.34691	-1.41526	-0.00375207	0.515102	2.00846	2.73527
EYA4	-6.25421	-0.384589	-1.06631	-0.252496	0.813601	-5.31843	-1.72452
EYS			-3.11642				
EZH1	-1.09791	0.986564	1.81295				
EZH2	-0.279819	1.25464	1.55765				
EZR	-0.83729	-1.76783	-5.40845	-0.302957	-0.646268	0.704207	0.169704
F10			-0.040455				
F11			-1.17555				
F11R	-1.36879	-1.62579	-4.75818				
F12	2.2721	-0.368244	0.134634	0.294912	-0.854439	2.34497	0.474364
F13A1	1.14196	0.0679995	3.34319				
F13B			1.42927				
F2			-1.44527				
F2R			-0.343501				
F2RL1	-2.87614	-2.1511	-7.22814				
F2RL2			-0.55654				
F2RL3			0.410838				
F3	-2.74902	-3.81501	-5.21862				
F5			-2.2449				
F7	0.452998	1.30229	3.23749	0.0629864	0.623562	-1.11651	-0.598365
F8	4.1495	3.87424	4.8627	0.447539	0.333699	2.93827	3.18895
F8A1	2.05106	2.57981	5.15017				
F9			-3.53673				
FA2H			0.382829	-0.395412	0.168558	-2.50428	-1.99961
FAAH	1.24506	1.0771	1.59821				
FAAH2	-1.20109	-0.674444	-3.7626	0.10611	-0.0199733	0.147112	0.537781
FAAP100	-0.00615756	1.08786	0.988298				
FAAP20	-2.92275	-2.76785	-7.71721				
FAAP24			-0.239945				
FABP1			-0.379418				
FABP12			-0.791864				
FABP2			-0.532483				
FABP3	2.519	-0.738809	3.35195	0.215723	-0.715036	-0.129156	-1.29355
FABP4			-2.50817				
FABP5	-1.41103	-2.45719	-5.30028	-0.383914	-0.751117	-1.59896	-2.21148
FABP5P3	-2.02509	-2.8066	-5.43941	-0.379221	-0.758026	-1.66301	-2.08816
FABP6	-0.610336	-1.80355	0.842531	-0.340805	-0.424751	-4.04264	-5.03488
FABP7	0.480157	-1.36615	-4.79546	-0.0310014	-0.942815	1.1615	-0.276699
FABP9			-1.51585				
FADD			-0.191458				
FADS1	-0.77525	-1.66336	-2.25724	-0.449522	-0.450436	0.590657	0.394717
FADS2	-1.04621	-2.12422	-3.08938	-0.316295	-0.708164	-0.0738641	-0.81529
FADS3	5.20537	1.06253	6.41208	0.281702	-0.787634	4.21427	1.11999
FADS6	0.461796	1.63569	1.33042	0.155059	0.633784	0.500432	1.40783
FAF1	0.167755	0.876471	2.57098				
FAF2			-2.06155				
FAH	-0.446597	-1.75991	-3.2235	-0.0616979	-0.765412	1.34825	0.138418
FAHD1			-2.88558				
FAHD2A	-0.355661	-1.7582	-0.182686				
FAHD2B			-1.63322				
FAIM	-3.92504	-4.4405	-4.64721				
FAIM2	2.24135	1.77	5.52866				
FAIM3			1.02762				
FAM101A			0.919516				
FAM102A	-0.986105	-1.99519	-6.11	-0.236244	-0.518684	-0.365807	-0.928277
FAM102B	6.3052	1.64189	2.91375	0.242758	-0.79412	5.26321	2.18084
FAM103A1			0.602011				
FAM104A	1.15761	2.67446	-3.72033				
FAM104B	0.384083	1.64161	-0.086433	0.118884	0.648973	-0.327831	0.52603
FAM105A	0.316436	-1.10359	2.30264	-0.108434	-0.723687	-0.830818	-1.26162
FAM106A	0.977521	2.3835	4.47613	0.187283	0.445298	1.82188	2.37966
FAM107A	-0.958335	-1.88471	-5.12973	-0.159849	-0.683288	1.03696	0.161013
FAM107B			0.669487				
FAM108A4			-2.28228				
FAM108A4P			-2.23049				
FAM108A5P			-2.06554				
FAM109A			2.8984				
FAM109B			-1.05756				
FAM110A	-0.987952	1.27668	-1.15839	0.1458	0.769106	1.57584	2.6657
FAM110B			-2.07248				
FAM110C	3.69584	0.271482	3.44597	0.225423	-0.904647	8.2314	2.10246
FAM110D			-0.824088				
FAM111A	-2.49456	-3.2362	-3.10622				
FAM111A-DT	-1.91326	-1.00584		-0.478651	-0.14876	-2.29468	-2.39314
FAM111B			-0.313349				
FAM112A			0.30533				
FAM114A1	-2.58474	-3.52516	-0.614307				
FAM114A2			4.78885				
FAM115C			-2.06044				
FAM117A	-1.34059	-3.18077	-4.71732	-0.140959	-0.893786	-1.38699	-1.97957
FAM117B	5.7849	4.71765	1.47704	0.572078	-0.0922206	8.18133	7.79718
FAM118A	-2.11007	-0.240026	-2.7799				
FAM118B	-0.776457	-1.65135	-3.19762				
FAM120A	-1.36799	-2.34148	-3.4956	-0.0117394	-0.673974	1.68551	0.713916
FAM120AOS	3.12967	-0.78611	-0.429647	-0.0931056	-0.839474	1.42259	-0.391951
FAM120B	-1.32728	-0.629727	-1.35383				
FAM120C	1.10692	2.14415	-1.84725	-0.0377612	0.731536	0.322867	0.997961
FAM122A	3.79724	3.68569	3.55852				
FAM122B			-0.041695				
FAM122C	3.04413	-0.849783	-2.26969	-0.0561076	-0.889614	0.000817233	-1.16953
FAM124A			-0.497918				
FAM124B			-1.10048				
FAM126A	-1.63435	-2.2557	-5.59173				
FAM126B	0.35617	1.50804	0.693925	0.135378	0.674754	0.754355	1.53354
FAM129A	-4.71545	-6.74496	-3.65156	-0.406801	-0.533361	-4.42933	-5.02113
FAM129B	-1.76232	-2.68992	-4.32885	-0.143066	-0.764028	0.147919	-0.76767
FAM129C			-2.58212				
FAM12A			0.966586				
FAM12B			-1.84943				
FAM131A	2.87041	0.479083	2.58226	0.388808	-0.498826	1.09189	-0.0499356
FAM131B	0.585361	1.77077	5.60612	0.190004	0.814604	-0.745626	0.0858295
FAM131C	-1.16165	-2.11799	0.266261				
FAM133A	8.30141	2.19917	3.29306	0.579086	-0.39027	5.98588	4.08493
FAM133B	-2.96808	-1.03098	-3.16597				
FAM133CP	-3.09496	-0.899332					
FAM133DP	-2.75316	0.0789658		0.0449886	0.607139	-1.14036	-0.260968
FAM135A	-1.49139	0.461521	-3.30738				
FAM135B	-1.17847	0.356796	-2.06523	-0.227404	0.735654	-2.52361	-1.38606
FAM136A	0.520108	-0.432797	-3.11811				
FAM136BP			1.58886				
FAM138E			-3.80053				
FAM13A	5.17193	5.51212	1.39135	0.530221	0.379425	1.87135	2.53001
FAM13A-AS1	-3.18389	0.569846	-2.20178	-0.320551	0.48854	-1.32084	-0.258857
FAM13B	-3.5542	-0.58942	-4.50905	-0.12086	0.567332	-1.70953	-0.601468
FAM13C	-0.923722	-1.50717	-0.915664				
FAM149A	0.644147	-1.13878	-5.23257	0.0714836	-0.893964	1.26957	-0.153944
FAM149B1			-2.90081				
FAM151A			3.21911				
FAM151B	-0.399366	-1.74481	-1.32244	0.0159701	-0.512313	-0.994525	-1.38794
FAM153A	1.65349	2.69515	-1.75835	0.415916	0.342645	2.90546	3.61059
FAM153B			-1.03507				
FAM154A			1.79116				
FAM155A	1.13665	1.9998	-2.80934				
FAM155B	-4.74828	-4.90357	-3.44823	-0.269438	-0.204934	-3.80096	-4.10826
FAM156A			-1.51942				
FAM157A			0.234305				
FAM160A1	-0.228169	-0.001635	-0.89319				
FAM160A2	4.23732	2.40291	3.84282	0.394852	-0.624949	4.40275	2.4489
FAM160B1			0.922971				
FAM160B2	1.90691	2.55431	-0.276804	0.0290215	0.511256	0.763503	1.31865
FAM161A	-0.176355	0.20938	-3.03106	0.258547	-0.337803	5.67584	4.75198
FAM161B	-0.830763	-0.920123	-1.88568				
FAM162A	-0.925122	-2.22229	-3.13781	-0.0505447	-0.517361	-3.5633	-4.50886
FAM162B	4.57725	5.60336	8.5623	0.594043	0.539321	10.0014	11.0746
FAM163A			3.21785				
FAM163B	2.57338	1.61306					
FAM166A			3.40708				
FAM166B			-3.20407				
FAM167A	-0.260671	-1.13472	-2.22539	-0.104973	-0.518466	2.89268	2.05488
FAM167A-AS1	-5.58339	-5.08508	-5.22739				
FAM167B	-1.7307	-0.268408	-1.53119	-0.0678776	0.748687	-3.02568	-1.96503
FAM168A	-4.01347	-2.41686	1.67579				
FAM168B	-2.06038	0.821673	1.84639	0.0453515	0.621642	-0.737001	0.0713922
FAM169A	1.99777	2.73119	0.838051	0.253124	0.325778	4.31875	4.88913
FAM169B			-4.97426				
FAM170A			-0.550078				
FAM171A1	0.302226	0.729116	-0.821895	-0.048983	0.501526	-1.31571	-0.867726
FAM171A2	0.742562	-1.27513	3.58734	0.162989	-0.656482	2.68644	0.936868
FAM171B	0.0835917	-1.59792	-3.993	0.0396187	-0.911151	0.232756	-0.744613
FAM172A	-0.494922	-1.02715	-5.84038	0.152719	-0.464803	1.25499	0.940587
FAM173A	3.91905	2.35713	5.60333				
FAM173B	0.673747	-0.120725	1.84879				
FAM174A			0.173921				
FAM174B	4.10309	2.26903	3.34912	0.321909	-0.505769	1.10042	0.213046
FAM176A			-4.44233				
FAM177A1	-2.89633	-3.79927	-0.653328				
FAM177B			-3.69587				
FAM178B	-0.842968	0.810037	1.63994				
FAM180A			-1.70766				
FAM181A	-1.15809	-2.12693	-8.72317	-0.15689	-0.857811	0.352991	-0.606598
FAM181B	-3.09562	-3.33566	-4.48115	-0.501989	-0.43762	-0.147056	-0.44058
FAM182A	1.33113	-0.543791	3.97619				
FAM182B	2.38709	-0.480376	0.408453	0.13921	-0.615819	1.82649	0.568877
FAM183A			-10.7602				
FAM183B			-3.43725				
FAM184A	1.12389	-1.06961	-0.179316	0.145185	-0.768398	0.875247	-0.242151
FAM184B			-3.65175				
FAM185A	0.558428	0.765002	-0.349143	0.302827	-0.0316748	2.38867	2.77751
FAM186A			-1.45063				
FAM186B			1.20879				
FAM187A	3.82154	0.162063		0.206968	-0.758011	0.661892	-0.568951
FAM187B			-1.84086				
FAM188B			-2.68684				
FAM188B2			3.37829				
FAM189A1	-3.44344	-1.44802	-3.46451	-0.463939	-0.0749722	-0.741296	-0.852458
FAM189A2	-1.67009	-2.51301		-0.45691	-0.528431	-0.925372	-1.13352
FAM189B	0.370367	0.4103		0.0126119	0.431796	-1.42386	-1.41726
FAM18B2			-0.626684				
FAM192A	-0.182811	-1.42335		0.15801	-0.113208	-1.33895	-1.8171
FAM193A	-6.53533	-2.75955	-2.28648				
FAM193B	-0.323309	1.3083					
FAM196A	-3.60623	-3.88392	-9.29283	-0.3712	-0.636149	-1.48155	-1.84738
FAM197Y2P			-3.69686				
FAM197Y3			-4.05923				
FAM197Y9			-1.24838				
FAM198B	0.0514104	1.79411		0.0851746	0.564622	4.04026	4.67553
FAM199X	-1.516	-1.7004	-2.56078				
FAM19A1	2.41469	0.182816	0.641091	0.406011	-0.766947	2.81568	0.953916
FAM19A2	0.25379	1.16176	-0.722399	0.0992047	0.210195	0.506861	0.941317
FAM19A3			1.35851				
FAM19A4	1.31443	2.13474	5.06366				
FAM19A5	1.03976	0.272326	-0.271919				
FAM200B	1.86678	-0.243227	-1.05745	-0.0655298	-0.662928	0.443877	-0.532639
FAM201A	-3.1296	-2.68238	-3.22762	-0.42272	-0.301747	-3.59061	-4.10182
FAM201B			0.251844				
FAM204A			-3.48437				
FAM205B			0.753013				
FAM205CP			2.7193				
FAM206A	0.932712	1.86932		0.173715	0.751376	0.980952	1.5068
FAM207A	1.29904	-1.21126		0.00608748	-0.727458	-1.37401	-2.12971
FAM207BP			3.76522				
FAM208A	4.60178	3.21172					
FAM208B	-1.28431	0.6423		0.0572509	0.568696	0.163233	0.885257
FAM209A	0.284904	1.03911	0.560134	0.0178451	0.490398	-2.32534	-1.79263
FAM209B	-0.640592	0.0297013	4.69022				
FAM20A	-1.22864	0.576888	-0.475226	0.214219	0.681863	-0.599577	0.42604
FAM20B	1.51985	0.882849	2.59016				
FAM20C			1.97925				
FAM210A	0.674788	-0.308036					
FAM210B	-0.828678	1.03567		0.114318	0.636939	1.60409	2.66094
FAM212A	0.332188	-1.31876		-0.0286346	-0.658713	-1.14365	-1.5887
FAM212B	-0.667041	-1.20978		0.383482	-0.225944	-1.1091	-1.43042
FAM213A	1.73685	0.929982		-0.00133585	-0.0898255	1.54882	1.342
FAM213B	2.33508	-0.32465		-0.127845	-0.490371	-2.58112	-3.55858
FAM214A	-1.46085	1.43842		-0.023173	0.72634	0.410055	1.40847
FAM214B	-1.93159	-2.72436					
FAM215A	-3.17307	-1.78128	-4.59832				
FAM216A	0.149209	1.67389	0.439102	0.00208097	0.891834	-1.44909	0.107842
FAM217B	3.18475	3.20171	5.56684	0.362997	0.773607	2.67236	2.9535
FAM218A	-0.276547	0.543319	-0.99115	-0.158243	-0.128127	2.07692	2.60776
FAM219A			-2.17728				
FAM219B			-1.43188				
FAM21A			-5.1293				
FAM21D			-6.51524				
FAM220A	2.35544	0.774555					
FAM221A	-4.28242	-1.23232	-2.50778	-0.421161	0.403563	-3.18086	-1.94682
FAM222A	-0.0516887	0.753118	-0.133127				
FAM222B	-0.0820304	1.52901	-0.576962	-0.0348884	0.821065	-1.03372	0.224084
FAM223A			-0.538551				
FAM225B	-4.70251	-1.14101	-4.5416	-0.409383	0.369373	-4.03643	-2.72863
FAM226A			-1.09528				
FAM228A			-2.38002				
FAM228B	0.580108	-1.21932		-0.123114	-0.619236	0.888269	-0.0162034
FAM229B	0.118966	-1.7617	-1.35747	-0.0896155	-0.687961	-1.76783	-2.40011
FAM22D			2.07143				
FAM22E			-1.02705				
FAM22F			-1.06819				
FAM22G			0.708882				
FAM234A	-0.728235	0.470213	-0.827943	-0.448289	0.2239	-2.10565	-1.3794
FAM234B	6.07234	4.97982	9.7161	0.605917	0.19869	4.9838	5.29623
FAM23A			-0.083114				
FAM241A	-1.56379	-3.95961	-2.17965	-0.169872	-0.706586	-2.54738	-3.55613
FAM241B	4.71509	1.2353	1.90673	0.398434	-0.727559	5.34362	1.95689
FAM24A			-0.318662				
FAM24B	-2.76694	-2.93017	-7.18269	-0.13737	-0.417054	-1.92268	-2.19116
FAM25A			-0.84456				
FAM25C			0.095668				
FAM26D			-0.090395				
FAM26E			-0.256966				
FAM27A			2.68192				
FAM27E2	1.16517	0.378675		0.0234895	-0.386932	1.47175	1.18713
FAM27E3	1.63227	1.30157		0.140143	-0.42951	2.65341	2.06937
FAM27L			2.23345				
FAM32A	1.00187	-1.08307	0.576408	0.128326	-0.569578	-0.426813	-1.17929
FAM35B			-2.45962				
FAM35BP	-1.21269	0.926033		-0.208759	0.60578	-0.947144	0.24515
FAM38B			2.10354				
FAM3A			3.35307				
FAM3B			-0.374483				
FAM3C	-0.899474	0.535799	0.34997	0.248462	0.3018	0.104681	0.457937
FAM3D			2.14222				
FAM41AY2			0.002904				
FAM41C			-1.36541				
FAM43A	-0.46484	1.36808	-2.76231	-0.0839326	0.801571	-2.25915	-0.273407
FAM43B	0.234146	0.939244	1.71548	0.102299	0.50823	-0.1197	0.19814
FAM45A			-1.58345				
FAM45BP	0.261497	-0.794397					
FAM46A	-3.16002	-3.34963	-4.04919	-0.408061	-0.649198	-0.338332	-0.757408
FAM46B			0.285693				
FAM46C			-1.98521				
FAM46D			-3.33058				
FAM47A			-0.760891				
FAM47B			-2.94232				
FAM47C			-4.86619				
FAM47E	4.50876	0.896978	6.14724	0.312703	-0.632271	5.01857	2.44256
FAM48B1			-0.455883				
FAM48B2			1.43539				
FAM49A	2.98806	1.03016	4.04121	0.412323	-0.67185	2.9468	1.24238
FAM49B	3.13848	3.56878	7.12982	0.408026	0.73472	1.85132	2.4951
FAM50A	0.663844	0.829715	4.27077				
FAM50B			-1.83303				
FAM53A			0.148957				
FAM53B			1.15399				
FAM53C	0.540521	-0.638566	-2.80293	0.199858	-0.593627	2.7615	1.65325
FAM54A			2.83783				
FAM55A			2.57265				
FAM55B			-4.14107				
FAM55D			2.44449				
FAM57A	2.00087	0.412699	0.795792				
FAM57B	-4.15998	-0.749489	-2.52434	-0.179917	0.71366	-3.70191	-2.15527
FAM58BP			-1.75355				
FAM64A			-0.418825				
FAM66B	-1.57958	-0.774894					
FAM69A			-1.53477				
FAM69B	1.27267	1.50355	1.86164	0.0613965	0.271175	-0.666248	-0.745623
FAM69C	-3.23614	-3.0436					
FAM70A			-6.37422				
FAM71A			-1.94979				
FAM71B			0.4406				
FAM71C			-2.80352				
FAM71E1	-5.86665	-0.437714	-0.365158	-0.135985	0.886759	-4.04292	-0.802442
FAM71E2			-2.77015				
FAM71F1	3.02729	-0.879019	-0.075797	0.0958171	-0.924434	2.90667	-0.051032
FAM71F2	-0.844954	-1.78739	-5.17375				
FAM72D			-1.87599				
FAM74A1			-3.8294				
FAM74A2			-4.01056				
FAM74A3			0.064686				
FAM74A4			-5.27107				
FAM75A2			4.48973				
FAM75A3			-0.658461				
FAM75A4			8.12871				
FAM75C1			3.80483				
FAM75D3			0.26062				
FAM75D5			1.71211				
FAM76A	1.0347	0.160329	-1.44209	0.101302	-0.485543	1.96713	1.40447
FAM76B	-0.620774	1.51318	-0.924383	-0.126818	0.662658	0.900304	1.97268
FAM78A	1.0121	2.04976	2.65978	0.0685	0.830445	-0.354238	0.258698
FAM78B	1.91018	3.26176	0.997788	0.15221	0.824404	2.63088	3.31286
FAM7A3			-6.37302				
FAM81A	3.32993	4.64949	2.75551	0.273003	0.629045	4.51099	5.27235
FAM81B			-6.79064				
FAM83A			-0.335613				
FAM83B			-1.48154				
FAM83C			-2.62843				
FAM83D	0.258786	1.44705	0.33091	0.0639194	0.805224	-1.28351	-0.276726
FAM83E			2.45308				
FAM83F			-0.045988				
FAM83G			-1.56022				
FAM83H	1.04145	-0.059193	0.485751	0.252186	-0.167751	0.81329	0.561524
FAM84A	4.40024	5.07783	8.03277	0.512532	0.621046	4.82006	5.37532
FAM84B	1.04488	0.0973432	-0.27235	-0.351645	-0.114425	-0.192839	-0.416267
FAM86A			-0.391106				
FAM86B1			-0.765291				
FAM86B3P	-0.811621	-2.0426		-0.0640985	-0.593953	-1.31181	-2.1031
FAM86C			-2.86098				
FAM86C1	-0.0366396	-1.79511		-0.120876	-0.6773	-1.00746	-2.02071
FAM86DP	0.592411	-0.0743575	-4.59632				
FAM86EP	-0.274858	-1.67085		-0.149772	-0.472887	-0.734646	-1.46731
FAM86FP	-0.290203	-1.74046		-0.15039	-0.618869	-1.15886	-1.95299
FAM86HP	-0.466665	-0.565974		-0.0613264	0.381179	-0.864496	-0.880348
FAM88A			-0.30541				
FAM89A	-5.26813	-5.3577	-6.45031	-0.441285	-0.518579	-2.61468	-3.25414
FAM89B	-0.0999007	0.357616	-0.696224	0.264425	0.472896	-0.36098	-0.0727015
FAM8A1			1.06002				
FAM90A1	2.42335	3.20725	-2.08878				
FAM90A12P			2.38468				
FAM90A7P	0.522841	1.75501					
FAM91A1	0.331121	1.4576	-1.31471				
FAM92A	1.33305	1.75951					
FAM92A1			0.514616				
FAM92A3			-1.3873				
FAM92B			-1.54752				
FAM95A	-0.89405	0.707077		0.148652	0.510765	0.666606	1.32639
FAM95B1			-2.58073				
FAM95C	-0.994082	-0.399279		-0.598758	0.0544685	-4.19225	-3.8589
FAM96A			-2.80877				
FAM96B	-0.4271	-1.44613	-0.460961				
FAM98A	0.0418994	-0.857476	-0.198794	-0.141659	-0.218256	-0.904325	-1.52494
FAM98B	0.755261	2.33477	1.18747				
FAM98C	0.214386	0.212148	2.85834				
FAM9A			1.8666				
FAM9B			-5.09835				
FAM9C			1.40648				
FAN1	-1.92073	0.430559	-1.01383				
FANCA	0.223605	1.44985	0.305419	0.055139	0.210013	0.195865	0.768907
FANCB			-0.68405				
FANCC	-0.834406	1.12332	-4.08079	-0.0975162	0.43465	2.05614	3.03638
FANCD2			-0.471239				
FANCE	-0.518396	-0.271572	-1.44495	-0.254594	-0.0874609	-0.0256088	0.0733553
FANCF			-0.175412				
FANCG	-0.594114	0.131185	-5.21942	-0.133248	-0.11833	0.630608	0.919165
FANCI	-0.683911	1.14585	3.78533	0.0282458	0.835066	-1.27804	-0.0339426
FANCL	0.0722383	-0.965152	-4.63144	-0.00256858	-0.575794	0.22769	-0.146524
FANCM	0.251699	1.75007	-0.002096				
FANK1	-3.10474	-3.33121	-3.82668	-0.456968	-0.105821	-1.72805	-1.87071
FAP	1.93736	2.69009	2.65432	0.432231	0.481044	0.886161	1.32492
FAR1	1.03645	1.69939	0.968207	-0.0819738	0.286817	0.552244	0.806788
FAR2	-0.706131	0.633248	1.8583	0.0115497	0.653872	-3.13447	-2.03632
FAR2P1	2.32379	-0.737534		0.14282	-0.783357	1.30892	-0.149132
FAR2P2	1.84014	-0.63252		0.129304	-0.741978	1.57602	0.120335
FARP1	0.912024	-0.857492	-5.34324	0.0208877	-0.926965	3.63113	1.03472
FARP2			-1.21983				
FARS2	3.95205	2.77787	4.66972				
FARSA	4.81832	3.41183	5.83782				
FARSB	1.88776	-0.656427	-2.04038	0.177321	-0.669272	0.798137	-0.427972
FAS	1.46409	-0.268823	4.157				
FASLG			-3.01795				
FASN			0.216323				
FASTK			-3.03159				
FASTKD1	-3.35932	0.810967	-2.8078	-0.0966336	0.891339	-2.75085	-0.202219
FASTKD2	0.44661	1.18959	3.54055				
FASTKD3	0.343185	1.81426	1.25897				
FASTKD5	2.11276	2.91965	0.284917	0.209236	0.695079	0.690137	1.1581
FAT1	1.57938	0.0937814	-0.894443	-0.218042	-0.45415	2.31472	1.89052
FAT2			-7.87901				
FAT3	1.58849	2.21617	2.36478				
FAT4			-4.23074				
FATE1			0.771073				
FAU	-1.15119	-1.97154	-5.24364	-0.0856034	-0.559114	-0.343602	-0.789863
FAXC	1.21208	2.28539	3.87614				
FAXDC2			-0.475789				
FBF1			-0.089694				
FBL	-1.25214	-2.40697		-0.177294	-0.668831	-0.0168169	-0.435611
FBLIM1	-3.10942	-0.385434	2.01322	-0.13131	0.636941	-1.81503	-1.11292
FBLN1			-4.51369				
FBLN2	-3.25596	-3.54778	-5.9585	-0.149167	-0.790106	-2.7514	-3.25034
FBLN5	1.79334	0.582089	-0.728432	0.245251	-0.413963	1.22483	0.590274
FBLN7	3.05764	3.55777	9.02182	0.300941	0.821895	4.20231	3.87448
FBN1	1.76538	2.47332	0.417617	0.123523	0.675111	2.2217	2.97804
FBN2			-0.179131				
FBN3			-3.86184				
FBP1	-3.12274	-4.15682	-3.97838				
FBP2			-2.14395				
FBRS	-1.56448	0.0481393	-6.23804				
FBRSL1	0.733198	1.07799	-5.24951	0.206078	0.188871	4.44775	5.06684
FBXL12	0.389856	1.28581	-0.814431				
FBXL13			-0.618954				
FBXL14			2.32713				
FBXL15	1.46472	2.39269	2.50401	0.174735	0.521731	1.09857	1.48114
FBXL16	1.97478	-0.428435	-3.20556	0.266665	-0.63821	2.35562	0.921145
FBXL17			-0.484897				
FBXL18	0.242388	-1.03647	1.09186				
FBXL19	-0.555699	-1.38617	-5.04418				
FBXL19-AS1			-2.34815				
FBXL2	4.35356	1.82673	3.88859	0.323376	-0.553149	4.02904	2.57713
FBXL20			-0.145823				
FBXL21			-9.04224				
FBXL22	-2.5872	-1.04132	-4.0041				
FBXL3	-0.315455	0.750212	-0.676965				
FBXL4	-1.0522	1.22514	-2.20352	-0.0776581	0.676651	-0.0663152	1.02526
FBXL5			-2.68631				
FBXL6	-0.903212	0.551498	-1.75669				
FBXL7			0.316301				
FBXL8			-1.86983				
FBXO10			-1.95166				
FBXO11	4.87175	4.70629	1.30858				
FBXO15	-3.02387	-3.75184	-5.97724	-0.388571	-0.634803	-6.88354	-7.16353
FBXO16	2.70285	3.5683	2.06415	0.379565	0.552458	-0.592792	-0.0103852
FBXO17	-1.7617	-3.17473	0.160206	0.12081	-0.494201	-1.65757	-2.02908
FBXO18			-5.19921				
FBXO2	0.0615954	-1.80329	-1.56939	0.162619	-0.760325	0.353347	-0.919503
FBXO21	-3.03939	-0.504679	-7.00994	-0.0286797	0.397543	-2.24531	-1.54684
FBXO22	-2.05741	0.127498	-0.332641				
FBXO24			2.19888				
FBXO25			1.25735				
FBXO27	1.15927	-0.14637	-0.467097	0.3452	-0.28135	1.18567	0.678138
FBXO28	2.6071	3.13432	5.70544				
FBXO3	1.28656	-0.165124	-0.971862	0.16371	-0.591978	0.246169	-0.287849
FBXO30	-1.78938	-0.704188	-1.74329	-0.248828	0.512479	0.812151	1.29881
FBXO31	0.418232	1.14223	2.41276	0.212137	0.505628	-1.21336	-0.630053
FBXO32	1.88519	2.44207	7.97826	0.181088	0.879388	1.39383	1.86192
FBXO33	1.52414	2.62738	4.8609	0.0778373	0.883064	1.19384	1.65616
FBXO34	0.472419	1.89727	1.03033	0.13851	0.450131	2.02184	3.13628
FBXO36	-1.59583	-0.974591	-1.33213				
FBXO38			-1.41104				
FBXO39			-1.9798				
FBXO4			-1.18161				
FBXO40	5.16881	4.05182	9.98883	0.4552	0.00498688	3.17524	3.20438
FBXO41	-1.01707	-1.84894	-4.56736				
FBXO42	-5.17926	-1.11212	-5.28687				
FBXO43			-2.62286				
FBXO44	4.92581	1.71119	2.43869	0.417134	-0.612221	2.32518	0.950923
FBXO45	-0.615805	0.994233	2.11698	0.13592	0.578718	-0.554393	0.345457
FBXO46	3.00961	3.80769	-1.10627	0.220529	0.406106	4.3775	5.39353
FBXO47			-1.59296				
FBXO48			5.94188				
FBXO5	-1.11383	0.261662	-0.353582				
FBXO6			1.57658				
FBXO7			0.263623	-0.285345	0.168809	-3.04023	-2.77081
FBXO8			-1.51609				
FBXO9	-0.300143	1.78021	6.14575	0.111273	0.753995	1.0632	2.26043
FBXW10			-1.39797				
FBXW11	-0.253985	-1.22822	-1.70728				
FBXW12			-1.33157				
FBXW2			2.01988				
FBXW4			-1.63573				
FBXW4P1			-0.708294				
FBXW5			2.47664				
FBXW7	2.97185	3.54819	7.81586	0.234389	0.568859	2.51137	2.80199
FBXW8			-3.03853				
FBXW9	2.3769	0.480221	5.45711	0.23957	-0.663246	1.06275	0.136183
FCAMR			0.122473				
FCAR			-0.785023				
FCER1A			-2.65707				
FCER1G	-3.5473	-4.12723	-2.96367				
FCER2			-3.35076				
FCF1			-2.19942				
FCGBP	-1.65122	-2.67784	-5.56728	-0.362667	-0.739217	-6.89535	-5.97427
FCGR1A			-2.75036				
FCGR1B	-2.90797	-3.00833	-0.605907	-0.288373	-0.596168	-4.16323	-4.1077
FCGR2A	-6.90666	-6.46518	-2.43784				
FCGR2B			1.41257				
FCGR3A	-3.39988	-4.01119	0.148887	-0.337199	-0.396676	-5.00024	-5.66394
FCGR3B			0.029787				
FCGRT	-3.17048	-3.71325	-4.9908	-0.457673	-0.359166	-3.03279	-3.39446
FCHO1	1.91416	2.72682	3.39401				
FCHO2	2.10364	3.00903	-2.06628	0.0775931	0.50064	3.23439	4.02242
FCHSD1			4.6331				
FCHSD2	-0.80999	-1.21269	-2.12595				
FCN1	-1.21819	-0.913908	0.804386	-0.0516361	0.377035	0.0147705	0.460058
FCN2			1.24547				
FCN3			0.028689				
FCRL1			-1.96163				
FCRL2			-1.70636				
FCRL3			-2.90516				
FCRL4			2.19168				
FCRL5			-2.89333				
FCRL6			2.8504				
FCRLA			-5.34543				
FCRLB	2.51835	3.30616	-3.64394				
FDFT1	1.47224	-1.02422	1.47016	0.0709419	-0.776948	-1.41973	-2.70094
FDPS	2.46217	0.01537	1.72739	0.0488985	-0.726283	0.489136	-0.778458
FDPSP2	1.2842	-0.716673	-3.73903	0.0339663	-0.580397	-0.778509	-1.57986
FDX1	-0.522587	0.936742	1.31456	-0.0498877	0.602502	-1.90733	-1.05277
FDX1L	2.93836	-0.208287	2.19023	0.159862	-0.616952	0.767417	-0.525397
FDXACB1			2.4945				
FDXR	-0.644958	-1.81472	-3.46898	-0.168782	-0.760866	-0.238622	-0.855904
FECH	1.37764	2.26386	0.409012	0.180374	0.821182	2.47736	2.60119
FEM1A			-0.024272				
FEM1B			2.74603				
FEM1C	3.69036	4.26408	6.40046				
FEN1	3.35586	2.24804	-3.7088				
FER	-1.5886	-1.84803	-3.97633				
FER1L4	-0.818116	0.858322	-4.04896	-0.269295	0.839165	-3.47037	-1.19108
FER1L5			-3.69888				
FER1L6			-3.01738				
FER1L6-AS2			-4.31255				
FERD3L			-0.358511				
FERMT1	-0.52269	-1.71716	0.203427	-0.369244	-0.486278	-0.576117	-1.27644
FERMT2	-1.4607	-2.6061	-4.54443	-0.172785	-0.804302	0.947657	-0.12573
FERMT3			0.721315				
FES	2.64355	3.78801	6.10532	0.401269	0.721883	1.2222	1.92931
FETUB			-1.60237				
FEV			-2.8159				
FEZ1	-1.61947	-0.250987	0.817424	-0.274685	0.450332	-2.91061	-1.823
FEZ2	2.25405	0.315364	1.29988	0.236658	-0.378835	0.235083	-0.567018
FEZF1			-4.27613				
FEZF2	-1.22311	-1.83827	-4.32365	-0.422351	-0.469091	-1.04474	-1.89785
FFAR1			-1.42318				
FFAR2			0.386052				
FFAR4	8.22687	1.36595	2.1303	0.246423	-0.721849	7.72029	3.431
FGA			-0.544748				
FGB			-1.96273				
FGD1	-1.03838	-1.52977	-5.09237	0.167002	-0.123173	0.395508	0.450952
FGD2	-5.65964	-5.8627	-2.91873				
FGD3	1.63638	-0.728549	3.55003	0.210046	-0.798157	1.89939	0.205113
FGD4	-5.56631	-5.39391	-6.06421	-0.709064	-0.360945	-4.52464	-4.90111
FGD5	-0.412746	0.709693	0.31018	-0.141154	0.663222	-1.17944	-0.420939
FGD6			1.63018				
FGF1	-2.46602	-2.78858	-1.633				
FGF10			0.122492				
FGF11			-4.11754				
FGF12	-0.0872008	1.805	-0.313861	0.300474	0.710789	2.12105	3.24251
FGF13	-1.88338	0.565192	-2.26495	0.102379	0.730686	-0.433398	0.650968
FGF14	1.85679	2.9364	3.45006	0.358678	0.634026	5.13602	5.48999
FGF16			0.372905				
FGF17	0.439354	1.71141	0.888939	0.233224	0.437638	2.68174	3.89945
FGF18	2.01503	3.47584	4.92817	0.243823	0.622222	3.74194	4.49325
FGF19			-2.05069				
FGF2	-0.0318974	-1.2628	1.43704	-0.123923	-0.59006	2.64635	1.98397
FGF20			3.09357				
FGF21			-0.943342				
FGF22	5.23008	2.38468	3.14588	0.213135	-0.34806	2.99939	2.03121
FGF23			1.04059				
FGF3			-3.58244				
FGF4			-1.07675				
FGF5			7.13117				
FGF6			1.75166				
FGF7	-1.61283	0.304169	-2.95165	-0.180627	0.725313	-4.3794	-1.94119
FGF7P3	-1.26137	0.527341	1.27377	-0.130349	0.648188	-2.41211	-1.19638
FGF7P6	-0.949312	-0.0250883		-0.115683	0.473339	-4.18749	-3.38646
FGF8			0.034438				
FGF9	0.821619	1.99207	3.04928	-0.0806202	0.88536	-3.02225	-0.977536
FGFBP1			-2.54131				
FGFBP2			6.83479				
FGFBP3	0.46028	-1.13922	-4.12681	-0.19425	-0.728355	1.22351	0.0138966
FGFR1	0.151956	-0.578101	-2.11005	-0.343571	-0.223459	-0.177083	-0.586477
FGFR1OP	2.19825	2.63525	1.09464	0.0900038	0.627425	2.0206	2.75212
FGFR1OP2	6.30123	4.61263	4.4345	0.701286	0.314246	5.45803	5.99168
FGFR2	-0.754958	0.414473	1.5968	-0.442022	0.417976	-3.23551	-2.01469
FGFR3	-0.955578	-1.81481	-5.50934	-0.0881463	-0.472867	1.62424	1.20543
FGFR4			-5.61469				
FGFRL1			-0.914467				
FGG			4.45272				
FGGY	-0.380308	-1.76774	-3.93772	-0.123546	-0.801961	0.970113	-0.39131
FGL1	-1.55424	-2.72013	-0.627243	-0.145242	-0.193701	-0.152299	-0.268001
FGL2	-5.4521	-5.04445	-3.23609	-0.456311	-0.427467	-4.22549	-4.66002
FGR	-0.594676	0.212924	0.289169	-0.284532	0.474072	-1.41169	-0.914175
FH	-1.18081	-0.0808937	-2.7892				
FHAD1			2.13674				
FHDC1			-3.72302				
FHIT	-0.57919	-0.968879	-2.14662	-0.472222	0.0828284	-3.80987	-3.68452
FHL1	0.611264	-0.0270471	-2.52229	0.270939	-0.439986	1.94961	1.4992
FHL2	5.74303	5.28904	7.36759				
FHL3	3.27805	3.24321	3.85947	0.292071	-0.249033	3.43409	2.85151
FHL5			-0.342523				
FHOD1	-3.58492	-5.2053	-2.91474	-0.259913	-0.554749	-5.28817	-6.89164
FHOD3	-0.219047	-1.53569	-4.04881	-0.0204037	-0.684118	-0.843269	-1.37221
FIBCD1	-1.92871	-3.29442	-2.85463				
FIBIN	-0.92385	-1.92785	-3.90924	-0.245241	-0.543989	1.21968	0.748578
FIBP	2.25445	2.18006	6.96613				
FICD	-0.36973	0.752534	0.494858				
FIG4	2.65761	1.20201	3.61176				
FIGF			-3.22196				
FIGLA			2.95686				
FIGN	3.20111	5.1293	4.21806	0.338947	0.644231	6.18105	7.18282
FIGNL1			-0.561				
FIGNL2	4.24369	0.517609	-0.106727	0.26028	-0.762886	6.30479	2.66731
FILIP1	0.11286	-1.42878	-3.18958	-0.186005	-0.801317	-1.13895	-1.86991
FILIP1L	5.82516	2.02982	5.49154	0.628472	-0.46469	4.25897	2.78718
FIP1L1	4.2153	0.731806	-0.109699	0.0815666	-0.655788	2.52945	1.58054
FIS1	1.30293	0.163881	2.09086				
FITM1			-0.605734				
FITM2	3.11973	3.14326	3.89034	0.233398	0.170522	0.823916	0.723978
FIZ1	2.27361	3.50328	2.82054	0.193231	0.736559	0.795609	1.4433
FJX1	0.857985	-0.0940054	-1.11313	0.00810995	-0.192301	-0.303809	-0.835814
FKBP10	-0.459585	-1.10255	-3.60533				
FKBP11	0.756166	2.04404	-1.09521	0.126748	0.66221	2.34304	3.22833
FKBP14	-1.19114	-2.73122	-5.03948	-0.290364	-0.718595	-0.847692	-1.3913
FKBP15			-3.86211				
FKBP1A	4.34679	-0.574618	-1.56184	0.268434	-0.876443	1.9519	-0.24017
FKBP1B	1.31482	-1.40586	1.897	0.0771778	-0.761763	-1.9953	-2.89695
FKBP2	1.00887	1.53816	2.44658	0.0398186	0.507621	-0.918943	-0.65765
FKBP3			-0.291362				
FKBP4	-3.47689	-2.98521	-2.11776				
FKBP5	-4.84756	-0.922111	-3.92449	-0.345397	0.78774	-5.6599	-2.05059
FKBP6			-0.878659				
FKBP7	-3.05788	-0.328403	-0.746944	-0.28073	0.518363	-2.13958	-1.16607
FKBP8			-1.29131				
FKBP9	-0.252105	0.260447	2.39383				
FKBP9P1	-0.357473	0.766651	0.989289				
FKBPL	2.08724	1.42236	4.08438				
FKRP	-0.192678	-1.38964	-4.81339	-0.0384344	-0.558335	0.557367	-0.126851
FKSG2			-2.10818				
FKSG29			-0.48307				
FKTN	-1.18738	0.231811	-1.03687				
FLAD1	1.31978	0.609412	5.42192				
FLCN	1.81471	0.969279	-0.516543	0.248035	-0.400602	-0.640646	-1.14044
FLG			-0.172559				
FLG2			0.174994				
FLI1			0.307796				
FLII	1.23664	1.35778	2.89602	-0.020135	0.164005	-0.135216	-0.261094
FLJ10038			1.35387				
FLJ11235			-0.332709				
FLJ11292			-3.63699				
FLJ13744			-4.07899				
FLJ14107			-1.11215				
FLJ14186			-4.91086				
FLJ16124			2.96235				
FLJ20021	5.34138	2.14317		0.50625	-0.571602	2.18703	0.746765
FLJ20518			-1.17673				
FLJ23867	-0.748983	0.915874	-1.97543	-0.107055	0.847462	-2.20995	-0.854496
FLJ25363			-1.46888				
FLJ25758			-3.46913				
FLJ27352			-2.04452				
FLJ30679			-1.84713				
FLJ30901	0.339514	0.958184	0.317629	-0.297827	-0.313449	0.705129	0.696687
FLJ31715			-0.930092				
FLJ32154			-4.29988				
FLJ32742			-1.93207				
FLJ32756			-3.78889				
FLJ33534	3.10342	1.47806		0.325728	-0.396867	1.02073	0.231525
FLJ33996			6.06545				
FLJ34521			1.88628				
FLJ35390			-1.13911				
FLJ35934			-0.238115				
FLJ36000			-3.72461				
FLJ36848			-1.71262				
FLJ37035	1.96778	0.0501243					
FLJ37201			-0.589348				
FLJ37396			-2.24829				
FLJ37453	-0.603387	-1.60838		-0.269596	-0.267412	-0.981921	-1.15623
FLJ37798			-0.031291				
FLJ38379			-6.59453				
FLJ38576			2.41488				
FLJ38668			0.677372				
FLJ38723			-2.30584				
FLJ39061			-3.34283				
FLJ39653			-2.74785				
FLJ40292			1.51251				
FLJ40453			-1.0205				
FLJ40536			-2.62586				
FLJ40712			-4.75587				
FLJ41350			-1.67998				
FLJ42627	-2.58669	-0.207874	-0.025901	0.0825372	0.747571	-0.532208	0.363113
FLJ44635			-5.32802				
FLJ45079			0.528222				
FLJ45248			-2.83502				
FLJ45340			-3.25802				
FLJ45445			-6.15067				
FLJ45482			-2.94799				
FLJ45513			-1.72064				
FLJ77644			-7.13568				
FLJ90680			-2.80012				
FLNA	-1.15618	-2.60882	-1.55563				
FLNB			-3.3552				
FLNC			2.56974				
FLOT1	1.60387	1.18412	2.1522				
FLOT2	3.22283	1.23322	3.79097	0.387798	-0.385086	0.793	-0.15304
FLRT1	0.178515	-1.66302	-2.25286	-0.166797	-0.695233	0.348677	-0.802658
FLRT2	4.35689	4.67008	5.19063	0.394948	0.701043	7.77497	7.46678
FLRT3	2.06335	2.99738	3.70088	0.466352	0.55341	0.797093	1.36236
FLT1	-3.13536	-0.254884	1.65084	-0.338046	0.593679	-3.27665	-1.69647
FLT3	-0.435251	1.22542	0.547442	-0.158635	0.837956	-1.95863	-0.330768
FLT3LG	-0.610738	-0.729949	1.61678				
FLT4	-2.19905	0.422508	-2.42618				
FLVCR1	1.81369	2.63226	-5.31833				
FLVCR1-AS1	0.340355	-0.645904	0.762677	-0.14667	-0.190027	-2.74977	-3.71688
FLVCR2			-3.18026				
FLYWCH1	-0.900521	0.910819	0.38367				
FLYWCH2	-2.27567	0.0758652	-3.60325				
FMC1	-1.69401	-2.19029	-2.11063				
FMN1	4.47409	4.38536	10.1972	0.276443	0.895256	6.41293	5.09018
FMN2	0.842566	2.25988	0.266415	0.0969983	0.628689	5.79735	6.24543
FMNL1			1.02256				
FMNL2			-1.40393	-0.441014	0.215288	-2.4978	-1.95243
FMNL3			3.04036				
FMO1	-0.285493	0.384381	1.26268				
FMO2	-0.0883449	-0.258627	-1.47413				
FMO3			2.32645				
FMO4			2.81715				
FMO5	-1.67362	-1.36585	-3.80543				
FMO9P			-3.35886				
FMOD	2.10401	0.991403	3.87073	0.0518273	-0.0863674	0.49364	0.151807
FMR1	4.34171	5.27832	5.03134	0.306054	0.657204	3.55473	3.9022
FMR1NB			3.15006				
FN1			-0.525517				
FN3K			0.376703				
FN3KRP	2.98021	0.560887	-0.890524	0.151125	-0.565247	-0.225289	-1.0243
FNBP1			-1.25199				
FNBP1L	1.55234	-0.641862	-5.04661	0.172293	-0.867805	3.70099	1.18555
FNBP4	0.39113	1.92478	-4.49027				
FNDC1			-7.15334				
FNDC10	1.49969	2.51749		0.0661931	0.589459	0.828585	1.29695
FNDC11	-3.73506	-1.78018	0.008806	-0.103402	0.597255	-0.555537	0.159227
FNDC3A	-0.682665	-1.50465	-6.28305	-0.189034	-0.478282	1.99594	1.69608
FNDC3B	2.59453	2.50467	4.8021	0.305562	-0.257389	7.1059	6.27684
FNDC4	0.210678	1.89654	2.94698	0.128878	0.837537	-0.615119	0.455503
FNDC5	-0.711308	1.98051	1.98178	0.168167	0.856543	0.866041	1.78567
FNDC7			-0.948472				
FNDC8			-1.94019				
FNDC9	1.3672	0.65439	0.221729	0.269652	-0.419301	2.47704	2.1248
FNIP1			-1.83951				
FNIP2	3.9783	2.19483	5.9802	0.340712	-0.552088	1.17418	0.199998
FNTA	-1.52249	-1.07402	-0.33496	-0.450222	0.297197	-2.96153	-2.22729
FNTB			0.22923				
FOCAD	0.578786	1.41122	-0.8543	0.187616	0.626362	-1.41201	-0.817217
FOLH1			0.631442				
FOLH1B			0.175915	-0.418948	0.211197	-3.34201	-2.55284
FOLR1	-2.6475	-3.77012	-6.91458	-0.250742	-0.64371	-1.38074	-1.80337
FOLR2	-1.67813	-2.44541	-1.66651	-0.115425	-0.802206	-3.41546	-3.25535
FOLR3			0.894308				
FOPNL	-0.737892	-1.48503					
FOS	-4.21387	-2.5256	-4.79084	-0.505437	0.0777807	-3.04254	-2.58205
FOSB	1.3359	2.33921	-2.45134	0.158207	0.638185	2.57639	3.30383
FOSL1			1.98571				
FOSL2	-1.22853	1.28079	-2.30373	-0.0195308	0.749296	0.177421	1.41278
FOXA1			0.790201				
FOXA2	-6.1769	-4.99896	1.66894				
FOXA3			0.918554				
FOXB1			-1.38893				
FOXB2			-0.367583				
FOXC1	-1.31303	0.0510295	-1.22789	-0.226588	0.298785	-0.437221	-0.0520826
FOXC2			-1.31009				
FOXD1	1.09811	1.11151		-0.201394	0.127983	0.0645227	0.159325
FOXD2			1.28051				
FOXD3			-4.16783				
FOXD4			0.173635				
FOXD4L3			-0.26778				
FOXD4L4			-4.21759				
FOXD4L5	-0.258005	0.354671					
FOXE1			-2.3244				
FOXE3	-2.41109	-1.85581	1.31037				
FOXF1	-1.93222	-0.708898	-2.37053	-0.22915	0.22726	-0.953701	-0.880188
FOXF2	1.67435	0.576939	2.38973	-0.107242	-0.421938	0.832336	0.0871919
FOXG1	3.1305	0.87179	-4.1654	0.212388	-0.516737	2.80675	2.19303
FOXH1			-1.98431				
FOXI1			-3.64608				
FOXI2			-1.1504				
FOXI3			-2.32606				
FOXJ1			-5.55099				
FOXJ2			-0.067147	0.289901	-0.202184	3.2169	3.35448
FOXJ3	4.74363	2.44231	-1.73183	0.357961	-0.520113	1.05135	0.187648
FOXK1	-0.485761	1.34264	-2.42943	-0.190663	0.488452	-0.29287	0.663611
FOXK2	-1.94358	-0.829067	-0.986311				
FOXL1			-1.54237				
FOXL2	1.2189	1.77618	5.179	-0.0880442	0.451095	-0.159955	0.286462
FOXM1			-1.38312				
FOXN1			3.04449				
FOXN2	-4.13266	-4.28957	-2.81497				
FOXN3	-3.24449	-0.29554	-2.60126	-0.121058	0.705091	-0.567638	0.647404
FOXN3-AS1	2.60743	-0.442608		0.143437	-0.715422	2.51751	0.7709
FOXN4			-2.90934				
FOXO1	-4.51211	-5.00388	-5.78203	-0.576723	-0.317454	-1.78565	-1.9432
FOXO3			1.71962				
FOXO4	-1.1993	-1.8232	-0.663212				
FOXP1	1.41808	2.44133	1.00706	0.39637	0.442214	2.69505	3.27427
FOXP2	2.55668	3.40798	3.36614	0.493507	0.466585	4.4829	5.29823
FOXP3			1.82456				
FOXP4	1.95812	1.31385	2.88128				
FOXQ1	0.782829	1.69649	0.79853	0.0114494	0.388141	1.03747	1.38998
FOXR1			-0.97877				
FOXR2			-0.647097				
FOXRED1	1.32805	1.88707	3.93066				
FOXRED2	4.2459	0.920652	2.31057	0.507813	-0.750511	6.40702	2.3073
FOXS1	-0.700034	-0.202343	-2.31111	-0.359244	0.215488	-0.597877	-0.459609
FP588			-3.14129				
FPGS	-0.497401	-1.42391	-3.18954	-0.355939	-0.6072	-1.6504	-2.13592
FPGT	-2.64318	-0.568642	-2.43083	-0.172428	0.220231	1.27937	1.67519
FPR1	-2.26092	-3.09804	-1.3321	-0.296459	-0.431751	-5.91302	-6.09832
FPR2			-3.56615				
FPR3			-2.24323				
FRA10AC1	2.01271	-0.29844	1.40183	0.0679394	-0.444643	1.25176	0.490856
FRAS1	1.28739	1.96488	0.374877	0.0331791	0.33272	-0.983374	-0.547552
FRAT1	-1.29196	1.28066	0.357149	0.0864288	0.887044	-0.82804	0.584786
FRAT2	-1.55005	0.410613	-1.12999	0.14817	0.805333	-2.14693	-0.667662
FREM1	-1.05286	-0.594479	0.302012				
FREM2	-0.0910048	-1.44362	-1.86651				
FREM3	4.66397	2.24682	9.31131	0.389784	-0.63689	3.11913	1.82835
FRG1			-0.664449				
FRG1BP			-3.18364				
FRG1JP	-2.30218	-0.504598					
FRG2			-0.32375				
FRG2C			-3.1153				
FRK	-0.0659236	0.699954	3.68131	-0.360492	0.363219	-2.38413	-1.7061
FRMD1			-1.68831				
FRMD3	-2.31756	-3.35646	-4.28829	-0.164226	-0.708919	-1.16334	-1.61545
FRMD4A	-2.59769	0.565162	-4.77784	-0.122337	0.739127	-2.17178	-0.476383
FRMD4B			0.790396				
FRMD5	1.1464	2.31351	0.787959	-0.152715	0.734286	-0.344255	0.608656
FRMD6	7.00037	3.06264	4.65876	0.573702	-0.0793321	3.30374	3.45883
FRMD7			0.083332				
FRMD8	0.985895	1.7089	0.623891				
FRMPD1	1.18671	2.09512	3.17589				
FRMPD2			8.28969				
FRMPD3			-2.57911				
FRMPD4	3.01188	3.2386	5.06569	0.620639	-0.0732306	5.59694	4.93974
FRRS1			-1.36965				
FRRS1L	2.97223	0.746433	-2.2198	0.372506	-0.692648	2.89231	1.13813
FRS2			-0.542825				
FRS3	3.84358	3.0948	0.617222				
FRY	-0.7061	0.281813	-2.22296				
FRYL	-1.24463	0.328935	0.342603	-0.346098	0.4837	-2.75486	-1.49324
FRZB	0.0105546	0.60991	0.960984	0.204765	0.0809259	1.45118	1.84328
FSBP	0.267188	2.00186		0.235141	0.662512	3.9995	4.97632
FSCB			0.351954				
FSCN1	0.836651	0.217232	2.13824				
FSCN2	-2.2495	-2.25399	-1.82967				
FSCN3			-2.20624				
FSD1	1.61863	2.2792	3.35042				
FSD1L			-0.895028				
FSD2			-1.59818				
FSHB			-3.37232				
FSHR			-2.14197				
FSIP1	0.449064	-0.888665	1.52383	0.160415	-0.396742	2.08243	1.36676
FSIP2			-1.20622				
FST			-3.11831				
FSTL1	-4.35543	-0.403005	-5.46183	-0.250981	0.831948	-0.353546	1.05585
FSTL3	-0.162032	1.13561	-3.12655				
FSTL4	2.582	3.10137	6.07672	0.500784	0.601545	1.24416	1.73263
FSTL5	3.7826	0.682132	4.64614	0.156805	-0.758389	2.8801	1.16905
FTCD	5.66496	3.08012	3.14268				
FTCDNL1	-2.26623	-2.79723					
FTH1	0.789809	-0.796506		-0.0850249	-0.69398	-0.881702	-1.86368
FTH1P14			4.90078				
FTH1P20			-2.03651				
FTHL16			-0.342907				
FTHL17	1.27587	1.86979	0.371459				
FTL	-2.63224	-3.05469	-6.04936	-0.212414	-0.662661	-1.82832	-2.20312
FTLP17			1.52057				
FTMT			0.120482				
FTO	4.43251	4.36129	-0.349643				
FTSJ1			0.560104				
FTSJ3	-4.18176	-0.902943	-5.40953				
FUBP1	2.94366	2.11033	-1.35181				
FUBP3			-3.56005				
FUCA1	2.17489	-0.336535	0.479604	0.129645	-0.710763	1.01307	-0.11884
FUCA2	-3.41754	-3.9109	-1.83455				
FUK	0.926239	-0.627049	-2.52153				
FUNDC1	1.73191	0.640679	0.525117				
FUNDC2	-0.0663369	0.0712017	0.418474	0.00545032	0.48291	0.399402	0.670056
FUNDC2P2	0.0585187	-0.659062					
FUOM	-0.150499	-1.96992	3.56209	0.234531	-0.618018	-1.65333	-2.54319
FURIN	-2.74672	-1.53491	-1.04629				
FUS			-2.26652				
FUT1			2.11458				
FUT10	1.96745	-0.742806	-0.460782	-0.120853	-0.528402	2.9709	2.20855
FUT11	-0.427065	0.959607	-0.695691	-0.0880247	0.610561	-2.36509	-1.26124
FUT2			-4.60147				
FUT3			-3.80141				
FUT4	-1.19052	-1.54217	-1.77279				
FUT5			-0.900592				
FUT6	-1.76989	-1.49211	-4.66103				
FUT7			-0.076391				
FUT8			3.56895				
FUT9	5.48591	2.94347	6.18713	0.508607	-0.447458	8.28579	6.1621
FUZ			-1.78273				
FXN	-1.44812	-2.45627	-6.4484				
FXR1	1.84749	2.75294	0.088374	0.041557	0.738668	1.08833	1.55475
FXR2	2.3942	2.01441	3.34136				
FXYD1	-0.522645	-1.64887	-1.82695				
FXYD2			4.38783				
FXYD3			3.07793				
FXYD4			3.27683				
FXYD5			2.04535				
FXYD6	6.84343	1.22521	1.79377	0.321628	-0.859635	7.69365	2.34424
FXYD7	3.28592	3.61522	4.84384	0.638921	0.160617	1.77366	1.78022
FYB1	-2.71294	-2.99548	0.66302	-0.254715	-0.654924	-3.70793	-3.71688
FYCO1			-2.56114				
FYN	-4.21298	-4.98444	-6.08526	0.0109532	-0.329257	-1.06803	-1.22953
FYTTD1	-0.0949763	1.04712	-2.84707				
FZD1	0.0678657	-1.6988	-4.08083	-0.113209	-0.899645	1.57347	-0.163997
FZD10	-1.05314	-0.0472382	-0.619952	-0.294169	0.299856	-0.880008	-0.378717
FZD2	-1.77218	-2.6165	-1.65925	-0.122325	-0.689398	-0.557685	-1.22543
FZD3	5.93973	4.5741	4.52582	0.288475	-0.421692	4.76294	3.93278
FZD4	-0.545423	1.15124	-1.70895	-0.117338	0.661595	1.13021	1.51747
FZD5	1.39535	2.59518	1.43902	-0.121504	0.142639	3.48614	4.08314
FZD6	0.72557	2.19941	1.84285	-0.117125	0.738253	3.77982	4.03541
FZD7	0.25184	-0.71644	-5.36068	-0.388592	-0.456637	1.57807	1.63314
FZD8	0.0582968	-1.42301	-0.394255	-0.220579	-0.724902	2.01165	0.922428
FZD9	2.09133	-0.302948	3.04509	0.130242	-0.575975	1.89625	0.799986
FZR1	4.53634	1.58243	4.01603	0.138498	-0.76698	1.86945	0.343315
G0S2	0.0235021	0.664475	-2.00989	-0.326327	0.429291	-1.32814	-0.89202
G2E3	3.0283	3.53701	2.71313				
G3BP1			-2.59542				
G3BP2	2.91028	1.99291	-1.13307				
G6PC			-0.325488				
G6PC2			-0.770189				
G6PC3	-1.93767	-3.00912	-3.60293				
G6PD	-0.711258	-0.117682	0.252873	-0.061005	0.402625	-2.47526	-2.07375
GAA			-1.01699				
GAB1	-0.0770295	1.09087	2.41336	-0.307576	0.381665	-0.887156	-0.272361
GAB2			-0.806643				
GAB3			-1.37405				
GAB4			-2.30925				
GABARAP	-0.312126	-1.91669	-2.62211	-0.043318	-0.744671	0.372469	-0.691764
GABARAPL2	0.708817	-1.13272	-2.80533				
GABARAPL3	0.0278876	-0.41342	-0.499994				
GABBR1	3.89637	-0.791573	-3.49825	0.101355	-0.859222	1.87014	-0.0400936
GABBR2	3.2209	3.13	3.95778				
GABPA			-2.60978				
GABPB1			-2.3373				
GABPB1-AS1			-2.463				
GABPB1-IT1	1.70784	2.79638		0.175283	0.52859	4.49515	5.43232
GABPB2			-6.06214				
GABRA1	1.65908	2.32718	8.12908	0.286955	0.668693	1.42245	1.90821
GABRA2	0.107724	-1.26262	-3.58204	0.1124	-0.633071	0.5634	0.0915146
GABRA3	3.75193	-0.19371	-0.243036	0.0195936	-0.864334	-0.892621	-1.75802
GABRA4	-4.38023	-1.37579	3.40032	-0.131774	0.755679	-0.635847	0.404795
GABRA5	1.18969	-1.23563	-2.03243	0.0133269	-0.95011	1.17847	-0.626022
GABRA6			-1.03987				
GABRB1	2.23344	-0.761727	-1.71208	0.142085	-0.912127	3.47281	0.820966
GABRB2	0.592253	2.00006	3.24182	0.265946	0.714676	0.762122	1.6632
GABRB3	1.96645	-0.947576	0.291474	0.264999	-0.783393	0.835711	-0.43717
GABRD	2.89919	3.70934	7.87607	0.338998	0.640388	2.04403	2.59113
GABRE	1.61708	0.0890977	-2.31094	0.262824	-0.572594	2.40332	1.12775
GABRG1	1.26993	-0.351457	-1.06398	0.234484	-0.618182	4.82116	3.00971
GABRG2	3.94252	4.43836	5.48196	0.4322	0.640167	3.08145	3.40862
GABRG3	2.85186	3.63323	3.81072	0.240512	0.15	2.04668	2.30699
GABRP			-2.73918				
GABRQ			-4.17808				
GABRR1			-3.12665				
GABRR2			0.292001				
GABRR3			0.90865				
GAD1	-1.10099	0.729961	0.105719	-0.0591983	0.476133	0.321354	1.3612
GAD2	-1.57806	-0.126844	0.278126				
GADD45A	0.281704	1.07483	-0.029541				
GADD45B	-1.35285	0.116475	-0.534348	-0.151428	0.535226	-2.82946	-1.83206
GADD45G			-0.230305				
GADD45GIP1	3.83713	0.467316	2.51242	0.235142	-0.560261	1.51497	0.432871
GADL1			-2.6251				
GAFA1			-0.899719				
GAFA2			-0.696159				
GAFA3			3.63651				
GAGE10			-0.249347				
GAGE12G			5.01628				
GAGE12J			-0.606433				
GAGE2C			2.37796				
GAGE3			-3.05388				
GAGE4			0.820735				
GAGE6			3.28384				
GAK			-0.950062				
GAL	2.0722	1.75606	3.36579	-0.0551174	-0.083348	0.913638	0.629086
GAL3ST1			-2.37511				
GAL3ST2			-1.17733				
GAL3ST3			-2.08825				
GAL3ST4	-2.98926	-3.91482	-0.253937				
GALC			-2.73039				
GALE	0.0927209	1.49897	3.61796	0.295774	0.650036	0.224491	1.02321
GALK1			5.84226				
GALK2	-3.14307	-0.35446	-4.94545				
GALM	0.107553	-1.64969	-1.87996	-0.239456	-0.674114	0.0588136	-0.716072
GALNS	-1.00568	-0.689021	0.389214				
GALNT1	0.430205	0.254401	4.07079				
GALNT10	-2.09646	-2.77863	-1.81656				
GALNT11	2.16905	-0.166053	-3.23389	0.205106	-0.560679	0.193119	-0.376739
GALNT12	0.14927	1.25459	3.90362	-0.172115	0.554197	-1.87696	-0.91909
GALNT13	1.53807	1.40226	4.32478	0.342081	0.398693	-0.26249	-0.172144
GALNT14	2.65904	0.736583	1.879	0.290466	-0.731603	0.260324	-1.05763
GALNT15	-0.984084	-0.413289	1.66352	-0.558852	0.00974239	-3.92539	-3.40462
GALNT16	2.76326	2.29377	-0.932068	-0.232378	-0.39992	2.45983	2.04291
GALNT17	7.0486	3.79619	2.46146	0.419863	-0.582586	5.26247	2.88078
GALNT18	2.27717	0.413148	0.030243	0.348945	-0.590102	1.05564	0.370167
GALNT2	1.67616	0.748429	-0.121072				
GALNT3	0.777068	2.38741	1.65293				
GALNT4			2.74802				
GALNT5	-1.17065	-0.140016	-1.6651				
GALNT6			1.39095				
GALNT7			-1.93737				
GALNT8			0.837476				
GALNT9	4.20947	4.15934	12.0998				
GALNTL5	4.25598	2.05923	6.24679	0.486991	-0.0552852	1.26262	1.01758
GALNTL6			-1.6181				
GALP	-1.26243	-0.468236	-0.404532				
GALR1	-0.556085	1.53785	1.82905	0.142313	0.689346	3.49216	3.68081
GALR2			-1.75573				
GALR3			-2.77054				
GALT	-1.7663	-0.921328	-0.673592	-0.144919	0.528136	-2.36189	-1.76912
GAMT	1.92968	0.0217252	2.5737	-0.134184	-0.56901	-0.143192	-0.828362
GAN	-1.80007	-2.1174	-1.96694				
GANAB			0.039469				
GANC	-1.8136	-0.163959	0.184073	-0.330178	0.474315	-2.93024	-1.73246
GAP43	3.37052	0.0369933	4.94603	0.309103	-0.577331	2.13207	0.749663
GAPDH	-0.0213528	0.342832	-3.66435				
GAPDHS			0.896624				
GAPT			-4.24425				
GAPVD1	-1.35024	0.455496	-1.9732	-0.166112	0.661324	-3.33942	-1.58264
GAR1	0.877959	-1.41469	-1.09793	0.0332684	-0.693805	-1.15911	-1.76539
GAREM1	0.958044	0.971502	1.87021				
GAREM2	-3.12889	-3.68709	-4.77274				
GARNL3	-2.32625	-1.80299	-1.2927	-0.236667	0.016759	-1.0593	-1.03388
GARS	0.0114656	0.663591	2.43878				
GART	1.14643	2.16772	-2.36078	0.0815542	0.62294	0.052786	0.666611
GAS1	-2.0245	-1.40921	0.6062				
GAS2	-2.3571	0.869586	-0.2356	-0.0562113	0.889468	-2.98827	-0.63267
GAS2L1			1.84999				
GAS2L1P2	-0.0538977	-0.844224					
GAS2L2			2.91969				
GAS2L3			-1.01436				
GAS5	-2.23482	-2.72082	-2.64811	-0.153988	-0.245311	-0.837631	-1.04186
GAS6	-5.20265	0.035949	-1.57665	-0.220858	0.731944	-1.73125	-0.525168
GAS7	0.803571	1.78722	0.310021				
GAS8	1.14382	2.0511	2.47556				
GAS8-AS1			-2.50834				
GASAL1	-0.686486	-2.00671		0.0405814	-0.844393	-1.60531	-2.02356
GAST	3.11514	1.19534	3.52317				
GATA1			2.15983				
GATA2			4.91505				
GATA3			2.76682				
GATA4			4.93915				
GATA5			0.173916				
GATA6			-1.30554				
GATAD1			-1.20709				
GATAD2A	-1.42577	-0.531562	-2.45205	-0.190365	0.634838	-2.24615	-1.49072
GATAD2B	-1.38877	0.659226	1.10281				
GATB	3.5312	1.31313	7.55806	0.121664	-0.612824	1.93413	0.783419
GATC			1.52622				
GATD1	-2.89035	-3.08126	-5.2869				
GATM	-1.15489	-2.07103	-0.088292				
GATS			1.20376				
GBA	1.0845	-0.822585	2.33206	0.0124586	-0.710774	-1.63935	-2.27414
GBA2			1.49701				
GBA3			-1.66409				
GBAP			4.23179				
GBAP1	1.96095	0.477225		0.17152	-0.538754	0.544025	-0.34266
GBE1	0.406621	0.52009	1.00471	-0.33067	-0.0369588	-3.00762	-3.36449
GBF1			-2.09101				
GBGT1			1.9214				
GBP1			-1.51012				
GBP2	-0.732652	0.110794	-3.17684	-0.43169	0.0441712	-2.02372	-1.79963
GBP3	-3.2101	-3.12324	-2.63697	-0.538651	-0.206701	-2.28838	-2.47876
GBP4	-0.38968	-0.163559	-1.22862	-0.12642	0.252665	-1.1135	-0.920579
GBP5			1.98165				
GBP6			-0.232929				
GBP7			-0.988954				
GBX1			-2.38052				
GBX2			-1.79503				
GC			1.27534				
GCA	1.83977	1.79766	1.14114				
GCAT	1.8812	1.72867	2.00928				
GCC1	1.71662	2.98522	2.32135				
GCC2	-2.49896	0.690772	-1.39296	0.0358122	0.755597	-0.563377	0.533387
GCDH	-0.538258	-1.48476	-1.71012				
GCET2			-0.461554				
GCFC2	4.01047	5.24018	-1.08175				
GCG			-2.66527				
GCGR			-2.45779				
GCH1			-0.616597				
GCHFR	1.36626	1.67215	1.90564	0.0698557	0.404197	0.0259561	0.201267
GCK			-0.94901				
GCKR			3.11777				
GCLC			-1.25812				
GCLM	1.5386	2.11224	-0.239568	0.101218	0.458217	0.272989	0.468784
GCM1			-3.17291				
GCM2			1.46677				
GCN1			-3.12806				
GCNA	2.40736	3.0786	-4.19102				
GCNT1	2.47478	0.0977496	0.649229	-0.0186964	-0.795246	0.0209042	-1.21719
GCNT2			-1.93012				
GCNT3			1.80805				
GCNT4	3.7838	4.03512	4.2062				
GCNT7			1.00282				
GCOM1			-0.190321				
GCSH	-3.32469	-3.9618	-3.74174	-0.456671	0.0816297	-1.71635	-1.70053
GCSHP3	-2.04735	-1.4145					
GDA	3.74151	-0.359551	-1.73587	0.0640893	-0.921453	2.294	0.0453334
GDAP1			-2.25098				
GDAP1L1			0.892407				
GDAP2	-1.46775	0.304718	2.48422				
GDE1	-0.442283	-2.22786	4.10614	0.0855906	-0.49384	-2.68019	-3.99102
GDF1			0.056108				
GDF10	3.42269	2.43761	0.326677	0.0198465	-0.584921	1.97909	1.16081
GDF11	-1.26978	-1.89072	-1.6094				
GDF15			0.065674				
GDF2			-0.252831				
GDF3			0.93015				
GDF5			-0.207831				
GDF6			-1.28659				
GDF7	1.9368	1.58959	-3.12248	0.155554	0.171472	-0.102219	-0.342243
GDF9			0.28491				
GDI1			-0.151925				
GDI2			3.0032				
GDNF			0.039081				
GDPD1	-0.865941	0.926175	1.88157	0.0256489	0.850039	-3.16326	-1.0319
GDPD2	-0.423478	-1.61924	-4.98527	-0.0859282	-0.74952	1.59023	0.531804
GDPD3			-1.13619				
GDPD4			-0.374215				
GDPD5	0.625713	1.25318	1.39441	-0.125113	0.230506	-0.795433	-0.73728
GDPGP1	4.59529	2.61364	5.1902	0.174914	-0.492271	0.733961	-0.102309
GEM	-1.94341	-2.84144	-1.34949	-0.451319	-0.260697	-0.0861196	-0.297032
GEMIN4	4.94954	2.19667	3.43105				
GEMIN5	-2.26597	-0.605577	-7.16281				
GEMIN6			6.98676				
GEMIN7	0.627428	1.63187	4.59313	0.178803	0.511429	-1.46574	-1.03006
GEMIN8	-1.67007	-2.58754	-0.361174	-0.15679	-0.538443	-0.529026	-0.91422
GEMIN8P4	-0.269358	-1.3488	-0.585751				
GEN1	-0.778752	0.390603	-0.183033				
GET4	1.90624	0.761054	-1.35754				
GFAP	-2.97338	-3.51302	-4.61295	-0.468238	-0.519161	-1.35771	-1.71648
GFER	3.5688	2.39943	3.64308				
GFI1			-0.424174				
GFI1B			0.288779				
GFM1	-3.20701	0.377413	-2.26375	-0.119465	0.689958	-1.21504	0.142608
GFM2	2.55183	-0.34146	-1.01826				
GFOD1	5.26978	4.84396	1.74074	0.535196	0.459579	3.4503	3.98472
GFOD2	4.25802	3.91821	6.57312	0.582089	0.194527	1.84167	1.8217
GFPT1	4.92867	1.31294	2.21338				
GFPT2	0.554161	1.6579	-3.84277	-0.0952146	0.247239	1.42745	1.97793
GFRA1	-7.84217	-2.80964	-6.96692	-0.612313	0.0478616	-3.95336	-3.75366
GFRA2	0.292986	1.48668	2.49762	0.0538238	0.775316	-0.201215	0.470667
GFRA3	-0.486248	-0.294859	-0.115538				
GFRA4			-3.46593				
GFRAL			-0.512482				
GGA1			-1.7405				
GGA2	-0.58195	1.23275	-2.08773	0.183761	0.718949	1.19493	2.06034
GGA3	2.14912	2.51361	2.34989				
GGACT	-1.07174	-1.649	-4.40694				
GGCT	6.26386	-0.0742263	2.59171	0.209232	-0.876549	3.13264	0.383841
GGCX	0.659122	-1.54027	3.07722	0.136942	-0.740642	-1.39375	-1.93689
GGH	0.603832	1.22713	0.463926	0.0510039	0.334087	-1.73206	-1.31714
GGN	2.06455	0.143469	1.13487	0.256244	-0.488297	3.56447	2.17199
GGNBP1	0.463368	-0.685746	-3.33198				
GGNBP2	1.33027	0.652774	0.321803	0.163356	0.0889891	0.230718	0.0120114
GGPS1	0.766925	0.0687449	-0.132811				
GGT1	0.61137	1.80419	0.114826	0.191924	0.516002	2.7816	3.48038
GGT2			2.2696				
GGT3P	-1.273	0.836687	-3.15317	0.0662849	0.604171	0.0934054	1.12327
GGT5	-1.32467	-0.146733	0.343036	-0.217515	0.488025	-1.86401	-1.34973
GGT6	-0.437431	0.361471	-0.633074	0.0173181	0.151463	0.294854	0.708038
GGT7	-0.363329	1.19959	-0.815529	0.0248687	0.567599	-1.41983	-0.8387
GGT8P			-0.046192				
GGTA1			-2.86561				
GGTA1P	-0.848513	-2.13785		-0.376612	-0.679847	-2.45248	-3.21349
GGTLC1	1.88687	3.07514	1.54149	0.17632	0.511466	1.54092	2.52984
GGTLC2	0.424725	1.46101	-0.741405				
GH1			0.12065				
GH2			-0.988832				
GHDC	3.73014	5.60729	6.43902	0.248758	0.532453	2.99552	3.69713
GHITM			-2.89557				
GHR	0.161764	-1.18717	-4.22482	0.0616269	-0.755686	1.25678	0.196273
GHRH			-4.01407				
GHRHR			-4.42854				
GHRL			-4.74736	-0.133148	-0.412022	-2.57721	-3.09047
GHRLOS	-1.32458	1.33302	-2.22268	0.083943	0.726177	1.2025	1.79174
GHSR	-1.53673	-0.580129	0.147834				
GID4			1.7476				
GID8	2.81496	4.81671	0.565108				
GIF			-0.499778				
GIGYF1	-1.34029	1.13273	-4.31522	-0.113794	0.612789	0.670965	1.68868
GIGYF2	0.822394	2.43752	-4.74037	-0.027427	0.682803	2.91663	3.24153
GIMAP1			-0.982866				
GIMAP2	-3.3067	-3.79254	-0.520041				
GIMAP4	1.10877	-0.498806	4.10654				
GIMAP5			-0.496583				
GIMAP6	-0.108037	0.154049	-1.6359				
GIMAP7	-2.42684	-1.04765	-0.388482				
GIMAP8			2.19979				
GIN1	0.829831	2.1352	0.928427				
GINM1	-5.14966	-5.41211	-5.94				
GINS1			3.67787				
GINS2	-0.150124	-1.57409	1.19216	-0.0956307	-0.489973	-0.783939	-1.32684
GINS3	1.81531	0.192594	-1.14447				
GINS4			2.96111				
GIP			1.07902				
GIPC1	0.990488	1.55238	1.8332	-0.0564588	0.443242	-0.898996	-0.592704
GIPC2			-0.208344				
GIPC3			-2.21788				
GIPR	-3.95969	-1.92432	-4.03259				
GIT1	1.49544	-0.0398553	-0.764395				
GIT2	-7.73636	-0.231106	-6.90473	-0.188556	0.768976	-3.04466	-1.02286
GIYD2			1.25693				
GJA1	-0.0700062	-1.36363	-3.38653	-0.0506423	-0.738611	3.02315	1.73576
GJA10			-0.050739				
GJA3			-4.4683				
GJA4	-0.938285	-0.531649	0.175607				
GJA5			2.38331				
GJA8			-0.878454				
GJA9			-1.96787				
GJB1	-0.718907	0.203626	0.977066	-0.40786	0.385508	-4.00444	-2.60972
GJB2			-6.06549				
GJB3			-2.28158				
GJB4			-0.768291				
GJB5	1.54989	1.32089	4.42229	0.429372	0.13785	-2.29936	-2.99058
GJB6	-0.0170496	-1.08979	-2.71391				
GJB7			0.180466				
GJC1	-0.38269	1.3344	-1.15545	-0.125581	0.684719	-0.077642	0.764181
GJC2	-0.331807	0.49566	2.18069	-0.39715	0.421416	-3.74297	-2.49162
GJC3			0.731506				
GJD2			4.81087				
GJD3			-0.965916				
GJD4	1.6214	1.68878	8.28233				
GK	2.61139	3.26897	2.25915	0.175443	0.709789	2.9906	3.48724
GK2			-0.196845				
GK3P	1.24109	2.26909	2.7532	0.248399	0.63008	5.00931	5.16466
GK5	-2.24014	-0.363279	-3.26469	-0.372561	0.174452	-4.36027	-3.70251
GKAP1	0.118484	-0.621973	-1.54354				
GKN1	-1.34137	-1.55529	-4.83789				
GKN2			-2.47824				
GLA	-0.205792	1.07951	0.080771	-0.0237269	0.433606	-0.633736	-0.0367077
GLB1			-4.31405				
GLB1L	-1.14764	-1.30126	1.96382				
GLB1L2			1.55442				
GLB1L3	2.27418	3.26238	2.18658	0.135026	0.706319	1.38837	1.96895
GLCCI1	1.13324	2.25624	1.50879	0.164631	0.87886	2.03457	2.44093
GLCE	3.93297	2.16417	5.19971	0.442045	-0.42056	2.05366	1.07328
GLDC	-0.606751	-1.33632	-3.07078	-0.273583	-0.665064	0.251786	-0.541279
GLDN	-0.212311	0.68188	1.19184	-0.381757	0.311578	-2.54764	-1.698
GLE1	1.89048	2.59493	-2.97788				
GLG1	1.12614	0.142532	-2.00813	-0.266596	-0.502335	-0.51549	-0.93154
GLI1	0.464618	-0.61589	-4.50317	-0.0961318	-0.723161	3.6303	2.36326
GLI2			-5.25412				
GLI3	-1.84554	-2.62384	-3.5857	-0.241609	-0.65063	1.18011	0.529299
GLI4	0.479357	1.68818	-0.926762				
GLIPR1	1.27953	3.02409		0.264351	0.792183	3.58097	3.82397
GLIPR1L1			1.29718				
GLIPR1L2	-2.49156	-3.53289	-1.66879				
GLIPR2			-0.486037				
GLIS1	0.196261	1.71657	-2.31489	0.0998363	0.594773	1.36262	2.32844
GLIS2			-0.467112				
GLIS3	2.11199	0.702754	3.54785	0.375456	0.10148	6.49432	7.07839
GLIS3-AS1			3.83594				
GLMN	-0.277099	1.58719	0.651582	0.11848	0.687264	0.863532	1.72954
GLMP			-3.7342				
GLO1	0.743621	-1.37658	-0.863715	-0.00287062	-0.620077	-1.8431	-2.74962
GLOD4	1.40783	-0.918134	-5.72932	0.0646644	-0.87617	2.64496	0.582778
GLOD5			-0.383248				
GLP1R			-1.74167				
GLP2R	1.26246	-0.550112	-3.82501	0.0581709	-0.609559	-0.0610093	-0.906495
GLRA1			-2.43216				
GLRA2	0.0626764	-1.59101	-4.99918	0.0367228	-0.924725	-0.267394	-1.15604
GLRA3	6.19502	1.26496	5.89439	0.234276	-0.834615	10.0397	2.77374
GLRA4			-2.61075				
GLRB	1.05357	1.75359	3.31144				
GLRX	0.788916	1.56104	4.39247	0.229154	0.598412	-1.08493	-0.810766
GLRX2	0.322344	1.52476	0.960194	-0.049475	0.794191	-0.923877	0.00787519
GLRX3	-2.90709	-1.3376	-2.09816	-0.14405	0.444076	-5.22697	-4.38667
GLRX5	1.33583	-0.153326	0.03266				
GLS	-1.66082	1.01807	-0.225365	-0.0546274	0.557363	0.519032	1.64909
GLS2	0.828592	1.94607	1.87817	0.191569	0.867382	-0.117396	0.854878
GLT1D1	4.07964	3.28097	0.800901				
GLT6D1			-4.06886				
GLT8D1	-1.15501	-1.20368	-2.2523	-0.102075	-0.334282	-0.0618913	-0.112326
GLT8D2	1.00025	-0.830974	-1.32121	0.203018	-0.832798	1.32998	0.0563293
GLTP			-0.572092				
GLTPD2	-1.99415	-2.7146	-5.17265				
GLUD1	-1.82646	-2.70162	-6.99415	-0.206731	-0.689651	0.535902	-0.117794
GLUD2	-1.08075	-2.09868	-5.95493	-0.119238	-0.789863	1.08339	-0.0655132
GLUL			-1.09579				
GLYAT			-2.32853				
GLYATL1			1.95217				
GLYATL1P2			1.84843				
GLYATL1P4			1.8771				
GLYATL2			3.75368				
GLYATL3			-0.050224				
GLYCAM1			-3.6369				
GLYCTK	-3.78007	-2.11997	-2.37349				
GLYR1	0.268963	0.814081					
GM2A	-1.87708	-0.334166	-0.869126	-0.51807	0.400429	-2.63601	-1.55588
GMCL1	1.83134	2.1424	1.34204				
GMCL1P1			-1.08826				
GMDS	-2.65015	-1.42325	-3.86827				
GMEB1	-1.37707	-0.877003	0.418019				
GMEB2			-1.87214				
GMFB	2.9215	-0.972943	-0.326664	0.13752	-0.885286	0.8166	-0.844219
GMFG	-0.327342	-1.87688	-1.56831	-0.177026	-0.824186	-3.38868	-3.28199
GMIP	-1.14032	-2.16666	-4.25656	-0.325787	-0.720033	-3.32905	-3.45056
GML			2.4822				
GMNN	-0.419176	0.852982	0.247083	-0.267096	0.202316	0.784409	1.45386
GMPPA			8.74309				
GMPPB	2.35547	1.63574	7.96266				
GMPR	-1.90014	-0.618891	-2.85623	-0.46785	0.564599	-4.57762	-2.60166
GMPR2	0.63816	0.946331	0.101891	-0.0153032	0.41705	-1.2689	-1.00656
GMPS	0.501907	1.14926	3.47984	-0.0149947	0.393149	-0.738687	-0.291761
GNA11	-0.688317	-0.801889	-2.52157				
GNA12	-3.36557	-3.30732	-4.71934	-0.304343	-0.630098	-0.547965	-1.14221
GNA13	-1.21338	-1.93017	-1.17363				
GNA14	0.560644	0.517222	2.40272	-0.149607	0.511566	-0.959355	-0.768814
GNA15	1.13042	0.95984	5.57116	0.235302	0.0120353	1.08558	0.88073
GNAI1			2.5442				
GNAI2	-0.988349	-2.4386	-1.1377	-0.205292	-0.642369	-0.983711	-1.58899
GNAI3			-0.191931				
GNAL	-3.79719	-3.25293	-5.98802	-0.341854	-0.0664091	-4.83927	-4.66863
GNAO1	0.895672	-1.72999	-6.31041	0.158126	-0.774675	-0.227662	-1.2749
GNAQ	3.37582	0.0594962	0.132773	0.245655	-0.57723	1.92682	0.86315
GNAS	-0.136267	1.3791	-2.13727	0.0123688	0.820415	-0.451639	0.520062
GNAT1			-1.45335				
GNAT2			-0.482453				
GNAT3			-0.452251				
GNAZ	5.22085	1.4589	-3.85778	0.26165	-0.611176	3.26512	1.6813
GNB1			2.51709				
GNB1L	7.50722	4.1209	8.68355	0.635695	-0.41098	3.50088	2.33893
GNB2	2.77072	-0.67222	-0.811356	0.163001	-0.872043	2.40297	0.0883902
GNB3	1.38965	2.33454	-3.02279	0.0800423	0.637988	0.61256	1.40936
GNB4	1.24437	-1.44706	0.529289	-0.206999	-0.831855	-0.209021	-1.3346
GNB5	1.82666	2.60355	3.82984				
GNE			-1.69785				
GNG10	-0.339282	-1.66699	-7.61759	-0.0440899	-0.800897	-0.0612802	-0.806087
GNG11	-1.73345	-1.21949	-2.1059	-0.321293	0.381305	-0.526015	-0.0992145
GNG12	-0.468038	-1.66706	-3.85457	-0.21339	-0.682178	0.054745	-0.557136
GNG13	6.83443	5.64839	10.5265	0.586288	0.242933	7.50783	7.75178
GNG2	-0.424489	-2.16361	-4.91831	0.01701	-0.891936	-1.79861	-2.13773
GNG3	2.59327	0.703062	5.29387				
GNG4	2.13973	-0.804806	-2.71884	-0.0365802	-0.922264	2.19341	0.258768
GNG5	-2.26496	-2.93881	-2.22983				
GNG7	-3.71628	-1.312		-0.22602	0.613073	-3.81339	-2.59072
GNG8	-0.716452	-1.81232	-3.08305				
GNGT1			-1.3542				
GNGT2			-0.719033				
GNL1	0.796738	2.24025	0.562023	0.114491	0.834156	1.65367	2.276
GNL2	-0.514988	0.785969	2.90896	0.102453	0.429785	0.382515	0.777791
GNL3	-1.28983	0.305691	-3.59146				
GNL3L	0.204671	1.66589	-3.87704				
GNLY	-1.81187	-1.1312	4.90315	-0.156414	0.406492	-1.26999	-0.641619
GNMT			-5.52784				
GNPAT	-1.36292	0.47865	-2.62409				
GNPDA1			-0.092719				
GNPDA2	2.97052	3.43737	3.34802	0.306188	0.579191	1.22536	1.86412
GNPNAT1			2.00726				
GNPTAB	2.01115	-0.582077	-0.464343	0.163651	-0.873095	1.36013	-0.228304
GNPTG	-2.91312	-0.808851	-3.65606				
GNRH1	-2.38174	1.15023	-3.00555	-0.22584	0.751153	1.3612	1.85653
GNRH2	0.224034	0.467211	-1.222				
GNRHR			-1.72891				
GNRHR2			-4.5067				
GNS			-0.512537				
GOLGA1	-0.263486	1.1535	-2.42072	-0.247482	0.340175	2.42617	2.97271
GOLGA2	0.894245	-0.0205796	-1.46265				
GOLGA2P11	-2.28409	-0.932988					
GOLGA2P3Y			-5.62265				
GOLGA2P5	-3.15883	-0.292018					
GOLGA2P7	-2.26435	-0.588886		-0.0291422	0.627807	0.106813	1.16546
GOLGA3	5.90998	1.45662	-3.71505				
GOLGA4			-2.86795				
GOLGA5			3.33717				
GOLGA6B			-1.76101				
GOLGA6C	-0.21678	0.207165	2.2279				
GOLGA6L10	-0.52017	1.24036		-0.0810387	0.377671	2.51733	3.49466
GOLGA6L17P	-1.75649	-0.501943		-0.271761	0.0769883	1.24003	1.85388
GOLGA6L5			-5.88991				
GOLGA7			0.123894				
GOLGA7B	0.304551	1.27069	2.168	-0.0727634	0.586353	-0.918865	-0.26618
GOLGA8A	0.706388	1.8344	-4.22195	0.0975521	0.29177	2.56567	3.57978
GOLGA8C			-2.37711				
GOLGA8E			-7.49484				
GOLGA8IP	-1.9531	-0.0645215	-4.28157				
GOLGB1	3.80115	0.0460364	3.4302	0.145142	-0.663527	1.73825	0.413128
GOLIM4			-4.37918				
GOLM1	2.98547	-0.441288	-4.25281	0.0196005	-0.878074	3.22658	0.961366
GOLPH3	0.695555	1.93325	0.298985	0.00860421	0.715428	-0.158467	0.818229
GOLPH3L	5.94242	3.24696	3.48776	0.152992	-0.447371	2.93313	2.259
GOLT1A	0.239951	-1.28373	-5.10711	-0.079954	-0.859495	1.14606	-0.013352
GOLT1B			2.19481				
GON4L	-2.0454	0.424568	-1.06116	-0.0381508	0.558492	0.226225	1.10791
GON7	-3.79286	-1.00724	-3.93154	-0.276206	0.25644	-1.95693	-1.63005
GOPC	5.09316	6.01444	1.29552	0.344317	0.543011	5.85842	6.67457
GORAB	4.1697	3.34905	3.57686				
GORASP1			-2.27217				
GORASP2			-1.71683				
GOSR1			-2.84506				
GOSR2	1.09919	-0.871857	0.686152	0.113745	-0.824502	0.205006	-0.621668
GOT1	1.27354	1.77961	3.30662	0.219426	0.471228	-0.683113	-0.505949
GOT1L1			-1.31785				
GOT2	-0.195858	0.988405	1.86141	0.0782323	0.643916	-0.914599	-0.121601
GP1BA			-2.11939				
GP1BB			-3.92578				
GP2			-2.37376				
GP5			-2.34679				
GP6			0.89465				
GP9	3.34258	2.54833	0.365585				
GPA33			4.89137				
GPAA1			0.046245				
GPALPP1			-0.58483				
GPAM	-2.91971	-3.58723	-4.3634				
GPANK1			-2.39647				
GPAT2	4.47816	3.63337	4.90122				
GPAT3	-0.405655	1.15601		0.0139545	0.926516	-3.188	-1.08202
GPAT4			2.72576				
GPATCH1	0.433183	1.83213	-0.438775				
GPATCH11			-4.11923				
GPATCH2	1.9036	1.63012	-0.399333				
GPATCH2L	3.63179	4.14603	-0.556477				
GPATCH3	3.10037	2.12356	4.77187				
GPATCH4	1.47138	-0.0610976	3.83414	0.0301736	-0.249955	-0.801951	-1.62743
GPATCH8	-0.325135	1.61518	-2.53866	-0.00928415	0.708053	0.770949	1.67346
GPBAR1			-2.93609				
GPBP1	2.21813	3.67649	1.16815				
GPBP1L1	-0.101874	1.26981	1.78615	-0.0312236	0.479618	0.304238	0.852887
GPC1	1.35467	0.368956	-0.832543				
GPC2	-3.60292	-4.99039	-5.55894	-0.45884	-0.51194	-4.46431	-5.21939
GPC3			1.23194				
GPC4	-0.872475	-2.30511	-5.90321	-0.0352592	-0.871257	-1.79343	-2.14057
GPC5	-2.54807	-3.08959	-7.22329	-0.325163	-0.654058	-0.743744	-1.16343
GPC6	1.73632	-0.63516	-1.98577	-0.0729725	-0.680868	0.149617	-0.797885
GPCPD1	-0.0432307	1.72653		0.0630844	0.963384	-0.97436	0.591461
GPD1	-1.5224	-1.26551	-3.14325	-0.631346	-0.0477165	-6.17694	-5.96208
GPD1L	6.39981	4.37211	4.33592				
GPD2	-0.709628	-2.01202	-6.51047	-0.056881	-0.801246	-1.31608	-1.90373
GPER1	-0.782443	-0.692125	-1.39757	-0.288655	0.256738	-0.315169	-0.286663
GPHA2			-1.54786				
GPHB5			-3.74699				
GPHN	-0.397639	0.94306	-3.35771	0.0687053	0.441243	1.44575	2.32346
GPI	2.05875	0.170114	-0.895957				
GPIHBP1	0.0130914	0.601668	-0.242886	-0.476673	0.208577	-3.53282	-2.6797
GPKOW	4.43983	0.593843	2.31723				
GPLD1	-1.47561	1.46367	-3.04114	0.062553	0.888666	-1.45856	0.510049
GPM6A	3.38113	0.556366	1.4586	0.376746	-0.753071	4.20796	1.99776
GPM6B	1.39597	-1.24766	-2.92289	-0.0804029	-0.785481	1.70838	0.449385
GPN1	5.23792	2.05616	-0.356356	0.296984	-0.452173	3.23514	2.22571
GPN2	4.33214	3.13705	4.78941	0.475673	-0.19143	0.619622	0.372219
GPN3			-3.08426				
GPNMB	1.36534	-0.940423	3.37023	0.213691	-0.688522	2.45914	0.757962
GPR1			-3.13183				
GPR101			-3.97385				
GPR107	-0.622615	-2.05629	-0.871964	-0.17312	-0.67992	-1.5723	-2.2387
GPR108	-1.33668	0.474719	-0.107415	-0.157965	0.745482	-2.2306	-0.79099
GPR110			-1.41352				
GPR111			-1.86103				
GPR112			-1.93443				
GPR113			-0.342366				
GPR115			-4.70123				
GPR116P1			2.8854				
GPR116P2			6.33447				
GPR119	-1.82627	0.203304	-4.12711				
GPR12			-2.83443				
GPR128			-1.43492				
GPR132			1.92047				
GPR135	-0.463886	0.528104	-5.75045				
GPR137	0.672899	0.905311	4.42601				
GPR137B	-2.2365	-2.87458	-6.42805	-0.348304	-0.551691	-0.276088	-0.766191
GPR137C	2.18418	3.23726	4.09254	0.464089	0.536387	2.57199	3.38397
GPR139			-4.69046				
GPR141			-0.181202				
GPR142			-0.231361				
GPR143	1.02286	-0.501046	-0.516479	-0.209736	-0.48641	1.77693	1.20511
GPR144			-1.78394				
GPR146	-2.2752	0.232069	1.6654	-0.044603	0.577035	1.31654	1.7931
GPR148			-2.16603				
GPR149	-0.647667	0.134956	0.059261	-0.00785908	0.507716	0.929614	1.77829
GPR15			-2.15454				
GPR150	6.74927	2.66658	-0.363444	0.426518	-0.683957	6.38147	3.14604
GPR151			-2.86256				
GPR152			-1.64981				
GPR153			-1.22493				
GPR155	7.40873	3.70061	2.45354	0.62296	-0.42849	3.40542	2.25291
GPR156			-6.95352				
GPR157			-3.09504				
GPR158	2.45318	3.15996	7.2339	0.237485	0.775715	1.08249	1.54824
GPR160	0.489936	-1.75773	1.97868	-0.0122293	-0.941382	-0.3925	-1.42563
GPR161	-1.38409	1.7072	-0.646472	0.0894196	0.920487	4.10623	3.17615
GPR162	6.35638	5.77046	4.31139				
GPR17			-1.22284				
GPR171	4.45226	4.3507	0.704222				
GPR173	-1.1405	-2.31241	-1.58337				
GPR174			-0.86178				
GPR176	0.538473	0.243818	-1.71695				
GPR179	-3.16063	-3.50835	-5.32555	-0.115796	-0.0650825	-1.60925	-1.89604
GPR18			-1.96226				
GPR180	2.35346	2.78776	3.00025	0.236826	0.690218	3.42188	3.75229
GPR182			-1.22925				
GPR183	-3.01684	-3.57889	-1.95213	-0.318904	-0.495331	-3.45692	-3.83314
GPR19	-0.553596	0.742371	-2.62296	-0.00466946	0.38917	0.786554	1.58269
GPR20	2.05437	1.87914	6.57471	0.0837914	0.285136	0.25982	0.180724
GPR21	1.0526	1.9104	5.59771				
GPR22	3.44384	4.4351	1.69485	0.285595	0.498382	3.78673	4.54098
GPR25	2.3142	-0.216706	-3.78143	0.190084	-0.650424	2.37068	0.851136
GPR26	2.89454	3.30475	5.76184	-0.0292734	-0.134634	2.8553	2.89586
GPR27	0.380311	-0.95314	-2.93824	0.059365	-0.742513	2.39419	0.848688
GPR3			-2.50036				
GPR31			-5.02752				
GPR32			0.997399				
GPR34	-1.69072	-2.3823	1.07838	-0.135286	-0.637646	-1.49965	-1.85385
GPR35			0.158487				
GPR37	-0.376636	0.339141	0.857564				
GPR37L1			-0.846065				
GPR39	-1.64309	-3.13621	-6.23773				
GPR4	-1.23681	-0.447638	1.29366	-0.284458	0.435039	-2.54111	-1.92525
GPR45			-0.890752				
GPR50			-0.478038				
GPR50-AS1			1.78725				
GPR52			-3.24784				
GPR55			-3.56388				
GPR6	0.685017	-0.486749	-1.75913	0.283644	-0.729827	1.96711	0.776177
GPR61	0.324629	1.51466	2.39744	0.281389	0.519564	-0.889905	-0.469764
GPR62			1.75299	-0.381876	0.12654	-2.38948	-1.98549
GPR63	3.4507	3.8713	-1.00214				
GPR64			-2.70274				
GPR65			-0.866738				
GPR68	2.42066	-0.629644	0.641423	-0.0694832	-0.85714	0.365747	-1.03704
GPR75			-6.10252				
GPR78			-5.18762				
GPR82			-2.44398				
GPR83	2.15733	0.127295	-1.79268	0.184452	-0.293387	0.913469	0.470592
GPR84			-0.390889				
GPR85	0.224473	1.56342	-0.694634	-0.074408	0.590987	0.0389419	0.818675
GPR87			-0.536236				
GPR88	0.0374988	-1.38602	-1.17308	0.169181	-0.886026	1.20008	0.0569489
GPR89B			-2.90826				
GPR89C			-6.0987				
GPR97			-4.15961				
GPRASP1	0.821214	2.25184	2.10734				
GPRASP2			-0.575801				
GPRC5A			-0.879912				
GPRC5B			-0.910965				
GPRC5C	-3.23375	-3.83379	-5.51862	-0.320164	-0.450631	-0.895903	-1.3139
GPRC5D			1.69044				
GPRC6A			-2.26582				
GPRIN1	1.3887	-0.557573	-0.215704	0.237844	-0.854868	2.83844	0.961667
GPRIN2	3.67439	-0.209612	0.684097	-0.0266517	-0.861592	1.99016	-0.232385
GPRIN3			-6.12325				
GPS1			1.55302				
GPS2			1.02783				
GPSM1	1.27169	-0.330833	-3.48226	0.113171	-0.665632	3.65343	2.03528
GPSM2	-1.20397	-0.679298	-0.473445	-0.550229	0.259127	-2.50654	-1.92738
GPSM3			-4.3192				
GPT			-1.16089				
GPT2	0.721835	-1.18351	-4.16088	-0.0690293	-0.75255	0.280115	-0.546829
GPX1			-2.76825				
GPX1P1			-1.40972				
GPX2			-0.51749				
GPX3	5.26227	4.40987	7.83294	0.340248	0.274475	5.16922	5.7377
GPX4	1.28597	-0.33521	2.44731	0.14394	-0.392045	1.3352	0.379095
GPX5			-2.85211				
GPX6			-1.37679				
GPX7	-1.61069	-0.780263	-4.20234	-0.285308	0.118289	1.68291	2.38021
GPX8			-3.08865				
GRAMD1A			1.72565				
GRAMD1B	-3.08441	0.704008	-2.60691	-0.101671	0.816309	-1.40977	0.0138919
GRAMD1C	-1.22226	-2.10751	-5.7474				
GRAMD2			-4.22382				
GRAMD2B	-3.01049	-2.39368	-6.53827				
GRAMD4	6.37114	0.753276	0.589758	0.156753	-0.623895	1.57252	0.295749
GRAP	-1.66723	-1.08042	1.83791				
GRAP2			-2.04162				
GRAPL			-2.04106				
GRASP	6.72642	3.79486	5.78921	0.47389	-0.432151	3.007	1.99331
GRB10	3.02856	-0.468216	-0.046278	0.146052	-0.748073	2.20761	0.355222
GRB14	0.845985	-0.562059	-0.247833	0.0785174	-0.450895	0.203864	-0.270223
GRB2			-5.045				
GRB7			0.648855				
GREB1	-0.838244	1.20893		-0.0573521	0.711699	-1.20324	0.33628
GREB1L	-3.66836	-3.90128	-4.55396	-0.155921	0.124239	-2.6386	-2.30985
GREM1	1.81194	1.69997	0.91052	-0.348307	-0.112345	0.1917	-0.0506804
GREM2	0.691218	1.34173	0.906338	-0.247995	0.224293	0.091654	0.362385
GRHL1			2.32308				
GRHL2			0.150804				
GRHL3			-1.88751				
GRHPR	0.131913	0.0772818	0.048587	-0.276245	0.0594892	-0.895071	-0.977211
GRIA1	3.05897	-0.636327	-6.65342	-0.00237224	-0.907225	2.20731	-0.0977747
GRIA2	5.4319	3.4121	-0.741106	0.421991	-0.387269	6.10018	4.63727
GRIA3	1.34059	0.326699	0.317094				
GRIA4	1.69614	0.694747	3.27822				
GRID1	0.417747	1.47793	1.53176	-0.283819	0.32608	-1.19567	-1.0557
GRID2	-0.546514	-2.54848	-4.46007	-0.161823	-0.898652	-1.02418	-1.93228
GRID2IP			1.36368				
GRIK1	2.60508	0.796664	1.49065	0.278971	-0.584461	5.92325	3.74848
GRIK2	3.24389	0.336417	-2.63904	0.185331	-0.817083	6.12357	2.73015
GRIK3	2.97256	0.695366	0.248434	0.0135124	-0.700399	1.31681	-0.143735
GRIK4	0.0570082	-0.636573	-3.13516	-0.329362	-0.517528	-1.81155	-2.55166
GRIK5	-2.10213	-3.85822	-3.96872	0.142633	-0.68086	-0.193523	-1.06059
GRIN1	0.651011	1.68476	1.4982				
GRIN2A	2.94454	3.1183	4.47019	0.327106	0.841672	3.25403	3.04857
GRIN2B	1.36653	-0.367128	-0.528361	0.163017	-0.707258	0.0859942	-0.631127
GRIN2C	-1.01536	-1.90624	-2.95169	-0.122571	-0.567566	1.88673	1.16832
GRIN2D			0.156729				
GRIN3A	2.98761	-0.91564	0.977048	0.0288548	-0.922549	0.0811455	-1.30502
GRIN3B			-3.28219				
GRINA			3.62118				
GRINL1A			-2.09507				
GRIP1	1.07515	2.0077	-2.07338				
GRIP2	0.802532	2.40453	-1.60619	-0.0543699	0.526137	-0.173859	0.478341
GRIPAP1	8.32285	5.22181	-1.30293				
GRK1			-2.29213				
GRK2			-1.43477				
GRK3	-1.43121	-0.349814	-2.42272	-0.218323	0.307581	-0.642451	-0.191977
GRK4	-1.65733	-1.49236	-1.12555				
GRK5	1.09502	0.41141	-0.309356	0.485159	-0.0625603	1.6296	1.59595
GRK6	2.66078	0.851971	-0.249108				
GRK7			-0.129096				
GRM1	4.78153	0.806299	1.44846	0.387072	-0.818324	3.64263	1.18874
GRM2	2.90094	1.1424	3.39861				
GRM3	3.94241	1.17742	4.08116	-0.0103471	-0.553492	0.828901	-0.0638563
GRM4	-5.63915	-1.76539	-4.62132	-0.483887	0.181201	-3.63918	-3.09563
GRM5	0.461442	-0.155789	-3.24762	0.137643	-0.466615	1.17654	0.777379
GRM6	2.32507	1.29383	-1.31021				
GRM7	0.0896002	0.757046	1.36476	0.535677	-0.472495	1.89011	1.23475
GRM8	2.22523	0.474781	-1.44209	0.392374	-0.650765	3.82253	1.54558
GRN	-0.459585	-1.95214	-3.27909	-0.119732	-0.66498	-2.16297	-2.65853
GRP	-0.779613	-1.94003	-4.95406	-0.189362	-0.878777	-0.335591	-1.09016
GRPEL1			-3.05525				
GRPEL2	2.66967	3.20665	2.13953	0.214479	0.717624	3.32089	3.53492
GRPR	2.09575	0.259791	1.73125				
GRSF1	2.73693	0.971764	0.868226	0.148184	-0.487328	0.712717	-0.103174
GRTP1			-2.7025				
GRWD1	4.11519	4.63212	6.23229				
GRXCR1			1.20249				
GRXCR2			-0.043143				
GS1-124K5.11	-5.73308	-0.646726		-0.205294	0.731138	-2.82477	-0.938303
GS1-124K5.4	-2.20944	-2.78826		-0.179093	-0.627169	-3.58987	-4.00162
GSAP	-1.09007	0.386378	-0.534496	0.0756986	0.489688	2.17528	3.12403
GSC			-1.20846				
GSC2			-1.73758				
GSDMA			-1.48828				
GSDMB	0.20305	1.6327	1.25472	0.226172	0.713135	1.97779	3.05322
GSDMC			3.06018				
GSDMD	-0.231743	-1.42655	1.81164				
GSDME	1.55801	1.52006	1.59039	0.132883	0.00558417	1.52769	1.47328
GSE1	-1.10447	0.834677	-3.1523	-0.283909	0.537816	0.745188	1.82864
GSG1	5.65027	0.403028	3.03436	0.151959	-0.798671	3.98402	1.38548
GSG1L	1.81553	-0.495996	2.35902	0.314281	-0.540062	-0.821261	-1.37916
GSK3A			1.54717				
GSK3B	2.43797	3.48683	4.74081	0.334061	0.760419	1.8913	2.34082
GSKIP	2.60543	-0.815623	2.40651	0.0540284	-0.817724	-1.28962	-2.14015
GSN	-2.66422	-2.43855	-1.66018	-0.536788	-0.0143295	-2.88488	-2.69423
GSN-AS1			0.843712				
GSPT1			-0.299941				
GSPT2	2.24092	0.439856	-4.37042	0.180093	-0.685348	4.94056	2.80099
GSR	-1.70439	-1.02944	-5.42102	-0.0650666	0.349719	-1.2899	-0.743558
GSS	4.03104	0.937906	1.71793	0.232258	-0.778167	2.00669	0.225121
GSTA1			1.27326				
GSTA2			0.288881				
GSTA3			2.37426				
GSTA4	1.93253	0.722514	-2.29302				
GSTA5			2.06579				
GSTCD	-0.127295	0.632997	-5.75372	-0.0969264	-0.00160038	1.78164	2.41768
GSTK1	-4.22315	-1.25354	-3.86242	-0.392678	0.546938	-3.65734	-2.13011
GSTM1	-0.54113	-1.61575	-2.85284	-0.0597089	-0.510979	1.5046	0.903246
GSTM2	-0.757574	-1.85194	-3.90358	-0.214601	-0.673766	0.874022	0.143598
GSTM2P1	-1.32718	-1.96951	-3.55098	-0.118193	-0.270114	1.26126	0.842082
GSTM3	0.765628	-1.27053	-5.24963	0.0283049	-0.882018	3.27737	1.04043
GSTM4	0.355449	-0.570547	2.27776				
GSTM5	0.247579	-1.31471	-3.26197	0.0706063	-0.641404	1.97386	0.945764
GSTO1			1.66287				
GSTO2	1.02851	-1.13622	2.51734	0.142625	-0.727793	0.281679	-0.739821
GSTP1	-2.46337	-3.59197	-4.10389	-0.384041	-0.482783	-1.01329	-1.60484
GSTT1	-0.315362	0.956864	-0.012953	-0.0967803	0.840837	-1.50481	-0.51532
GSTT2			1.15852				
GSTTP1			3.64774				
GSTZ1	-0.626164	-0.323169	3.20782				
GSX1			-2.8807				
GSX2			-3.70311				
GTDC1	2.98125	1.61162	4.13705	0.0625642	-0.246394	1.32384	0.835318
GTF2A1	1.55616	2.55717	-1.89139	0.0704476	0.613135	0.0420451	0.810831
GTF2A2	-1.77093	-1.55726	-1.33207	-0.20074	0.455343	-3.33971	-2.23816
GTF2B	-2.10097	-0.0439378	0.622979				
GTF2E1	3.28939	1.39099	3.25992				
GTF2E2			-1.06374				
GTF2F1			-0.848159				
GTF2F2	0.947263	-1.06556	-4.19384	-0.115843	-0.808167	0.714964	-0.221253
GTF2H1			-3.88971				
GTF2H2B	-1.06134	1.55955	-5.45407	-0.134787	0.683424	0.701448	1.63507
GTF2H3	5.70958	1.17659	-0.867728				
GTF2H4			-0.75541				
GTF2H5	-3.30791	-2.87025	-2.25114	-0.089908	-0.867516	-3.32218	-2.99848
GTF2I	-0.841883	0.247584	-3.44005				
GTF2IP1			0.100057				
GTF2IP20	-1.00874	0.0464177					
GTF2IRD1	1.34148	2.84707	-0.310739	-0.212863	0.395491	2.28695	2.81483
GTF2IRD1P1	1.0499	2.23812					
GTF2IRD2	-2.31673	-2.95761					
GTF2IRD2P1			-5.67976				
GTF3A	-0.949251	0.31711	-0.879429	0.203508	0.568834	-1.2033	-0.630196
GTF3C1			1.06613				
GTF3C2	0.40714	1.98819	0.915803	0.0474191	0.58672	2.66696	3.2174
GTF3C3	0.0651229	1.92638	3.86318	0.0130049	0.743151	2.0467	2.44443
GTF3C4	5.34292	4.90198	-0.415791				
GTF3C5			1.10233				
GTF3C6	-0.890606	-1.97407	-4.42224	-0.152799	-0.872427	0.667954	-0.553337
GTPBP1	-2.78037	-0.590555	-6.02356	-0.311616	0.290082	-0.0310066	0.86264
GTPBP10	0.78185	1.59679	3.42784				
GTPBP2			6.99908				
GTPBP3			-3.68048				
GTPBP4	1.87893	-0.929882	-1.44409	0.0150069	-0.634903	-1.45802	-2.34431
GTPBP6			0.197175				
GTPBP8			-2.3339				
GTSE1			-0.036512				
GTSF1			-2.46133				
GUCA1A			-4.26279				
GUCA1B	2.28537	1.94078	1.53867				
GUCA1C			-0.987808				
GUCA2A			-1.99932				
GUCA2B	-5.68417	-0.493031	-6.01938	-0.132949	0.858105	-4.13489	-0.939646
GUCD1	-5.07119	-2.30764	-4.09986	-0.332649	0.56393	-3.36564	-2.27258
GUCY1A1	1.03672	-1.39417	-1.83704	0.171378	-0.682147	-2.11126	-2.60691
GUCY1A2	2.42894	3.05383	1.70779	0.0965358	0.453457	1.90968	2.23244
GUCY1B1	4.91888	2.1828	0.827407	0.456425	-0.59276	2.58601	1.14443
GUCY1B2			-1.12896				
GUCY2C			-1.7878				
GUCY2D			0.303467				
GUCY2F			-3.06051				
GUCY2GP			-2.47965				
GUF1			-0.999971				
GUK1	0.667035	-1.5307	-0.488202	0.055957	-0.756622	-0.307191	-1.42672
GULP1	5.58819	1.98139	3.241	0.444098	-0.40406	10.1325	6.83144
GUSB	-1.30392	-0.378464	-1.3371	-0.393857	0.0556886	-1.57463	-1.2919
GUSBP10			0.066986				
GUSBP2			-1.1041				
GUSBP3			-1.06753				
GUSBP4	0.388474	1.91082		-0.0914087	0.583815	2.06736	2.69806
GUSBP5			3.69477				
GVINP1			-3.18507				
GXYLT1	0.41063	0.587398	-3.4183				
GXYLT2	-0.431587	-2.20924	-1.47923	-0.421436	-0.661126	-0.645126	-1.68304
GYG1	0.667919	-0.0303746	-0.807209	-0.14569	-0.0457834	-1.04332	-1.3698
GYG2	1.20153	-0.0674104	2.198	0.145774	-0.320103	1.4352	0.903053
GYG2P1	6.39484	3.64467					
GYPB			0.588107				
GYPC			-6.29063				
GYPE	2.79626	-0.334618	3.63989	0.131475	-0.871839	2.2278	0.00793154
GYS1	-1.24368	-0.574824	-2.13874				
GYS2			1.11981				
GZF1	1.42048	2.93743	1.08687	0.12924	0.62418	1.10296	1.50391
GZMA			2.21811				
GZMB	-0.49605	0.578543	2.98636				
GZMH			1.68893				
GZMK			1.22049				
GZMM			-4.99289				
H19			3.97553				
H1F0	-1.41732	0.996607	-5.10862	-0.0660393	0.560245	0.253529	1.19409
H1FNT			-1.97456				
H1FOO			-2.06149				
H1FX			-2.21344				
H2AFB1			-0.864927				
H2AFB2			-2.54499				
H2AFJ	-2.06358	-2.19325	-2.41239	-0.530963	-0.111142	-3.08892	-3.08692
H2AFV			-3.44445				
H2AFX	-3.24537	-1.29433	-4.71955	-0.329874	0.508918	-3.21975	-2.02057
H2AFY	-1.05756	-0.953853	-3.91232				
H2AFY2	0.368562	1.98812	0.964055	0.275902	0.446117	1.67098	2.31503
H2AFZ			2.56936				
H2BFM			-5.50928				
H2BFS	-2.58056	-3.20244					
H2BFWT			-3.52421				
H2BFXP			0.524849				
H3.Y	-2.64431	-1.40328	-1.98135				
H3F3A			-3.73267				
H3F3AP4			-4.84216				
H3F3B	-2.16416	-2.98004	-2.75933				
H3F3C	-1.77133	-2.53797					
H6PD			-4.7858				
HAAO	0.0104669	0.917717	-1.61101	0.320058	0.567186	1.25926	1.76572
HABP2			-1.51039				
HABP4			-0.942764				
HACD1	1.38308	-0.646015	1.21552	-0.27039	-0.596473	-0.998817	-1.54324
HACD2	-1.06834	-0.195349	0.710532	0.111086	0.107189	-0.631718	-0.325942
HACD3			-4.32119				
HACD4	-0.449983	-1.82418	-0.700017	-0.0827023	-0.828447	-0.00966278	-0.858297
HACE1	4.43715	5.41384	1.37242	0.0973325	0.514238	0.0718158	0.825819
HACL1	3.40098	4.03754	3.66043	0.201785	0.317605	3.47148	3.80719
HADH	0.801869	-1.12517	-4.3046	-0.12466	-0.682256	2.34072	1.52625
HADHA	-1.17705	-2.29609	-2.64656				
HADHB	-2.1429	-2.93676	-4.0229	-0.547396	-0.310977	-1.25271	-1.57309
HAGH			1.74213				
HAGHL	1.39406	2.54862	4.7951	0.0161762	0.741695	0.77361	1.31554
HAGLR	-1.30469	-0.342904	-0.36447	-0.337931	0.333856	-2.89168	-2.11251
HAGLROS	-0.025917	-0.226454		-0.323381	0.127389	-2.30002	-2.32497
HAL			-2.07813				
HAMP	-0.111799	-0.657708	3.58963	0.424599	0.0108542	-0.145937	-0.10306
HAND1			-1.94758				
HAND2			-3.97901				
HAO1			0.731359				
HAO2			-2.11087				
HAP1			-2.35512				
HAPLN1			-0.511458				
HAPLN2	-1.72522	-0.63814	-0.468655	-0.48899	0.330385	-6.30575	-4.24342
HAPLN3			3.8038				
HAPLN4	1.49229	2.53938	10.3195	0.147654	0.867486	0.504192	1.11129
HAR1A	0.79799	2.08571	1.38872	0.165804	0.722751	0.195347	0.83519
HARBI1	0.738405	1.24607	6.35624	-0.142655	0.329717	-1.26403	-0.971307
HARS	2.63447	3.15146	2.79861	0.344635	0.529412	0.838994	1.17844
HARS2	2.59008	0.236076	-1.41237				
HAS1			2.38665				
HAS2			-2.1514				
HAS3			-1.19044				
HASPIN			-2.5416				
HAT1	-1.79812	-0.272121	-1.136				
HAUS1	-6.08695	-3.85363	-4.1107				
HAUS2			-3.13978				
HAUS3	-0.672145	0.227286	-3.56675	-0.101423	-0.00781085	1.75377	2.19513
HAUS4	-2.37537	-0.950235	-3.55037				
HAUS5	1.92935	3.23494	3.89957				
HAUS6	3.11148	3.94335	-0.179326	0.113882	0.494369	0.419623	1.0561
HAUS7	2.16859	1.80659	0.559546	-0.10944	-0.167266	1.61178	1.43694
HAUS8	-0.488632	1.36561	0.89672	0.0563958	0.463401	0.574397	1.22547
HAVCR1			-0.314864				
HAVCR1P1			-0.246534				
HAVCR2	-4.75684	-4.10272	-0.442062	-0.382245	-0.513128	-4.64173	-5.07161
HAX1			1.00142				
HBA1	-1.85681	-2.41427	-0.129274				
HBA2	-1.92441	-2.47219	0.297462				
HBB			-4.26238				
HBBP1			-2.07661				
HBD			-3.49227				
HBE1			1.55234				
HBEGF			-2.25198				
HBG1	-1.42666	-2.88996	-0.972152	-0.152327	-0.785398	-1.6419	-2.2979
HBG2			-0.818403				
HBM	2.74133	0.584832	3.01814	0.0521506	-0.427124	1.76546	0.909034
HBP1	-4.21122	-1.11745	-3.47621	-0.315676	0.426941	-0.240317	0.523399
HBQ1	1.69565	-1.25595	2.21302	0.0950797	-0.818202	-2.52294	-3.31226
HBS1L			-0.900306				
HBZ	0.201206	-1.37822	0.143723	0.126826	-0.697986	-0.35806	-1.10598
HCAR1			-1.67023				
HCAR3			-3.4677				
HCCS			3.56081				
HCFC1			2.92627				
HCFC1R1	0.927142	-0.893437	1.04898				
HCFC2	1.31972	0.510143	-2.20497				
HCG18			-3.73873				
HCG22			1.34944				
HCG23	0.00900244	-1.23819		0.0337865	-0.827259	1.69181	0.501037
HCG26			-4.78795				
HCG27			-1.3732				
HCG4	-2.88846	-0.110043	-5.31117	-0.249469	0.490377	-1.32018	-0.351075
HCG4B			-1.90126				
HCG8			-0.797032				
HCG9			-1.96062				
HCK	-2.33747	-2.78177	-0.001253				
HCLS1	-5.46442	-5.35519	-3.42068	-0.457058	-0.446234	-6.67761	-7.66132
HCN1	1.78953	2.63554	7.1432	0.12756	0.832398	1.17771	1.64041
HCN2	-2.16818	0.32359	-2.7603	-0.199362	0.785051	-3.89609	-1.64945
HCN3	5.19647	4.01828	-2.69513	0.189283	-0.304251	6.62295	5.39908
HCN4	-0.459561	-1.97617	0.58117	-0.231665	-0.487206	-1.79047	-3
HCP5	-4.61129	-3.31431	-4.51663				
HCP5B			-5.14271				
HCRP1			0.807483				
HCRT	0.282134	1.19822	0.416589				
HCRTR1			-3.15493				
HCRTR2			-4.19841				
HCST	-1.81356	-2.44464	-3.76958	-0.191568	-0.769927	-2.38209	-2.56153
HDAC1	-8.31099	-5.14028	-6.66083				
HDAC10			-1.10443				
HDAC11			-0.002901				
HDAC2			-1.2359				
HDAC3			-6.16645				
HDAC4	-0.76397	1.09878	-5.11803	-0.118431	0.389667	1.57125	2.36228
HDAC5	-0.0158368	0.137234	-2.41506	-0.193996	0.00609116	2.59584	3.01224
HDAC6	0.477856	1.52593	-1.07687				
HDAC7	0.104774	1.54827	-4.92927	-0.0353093	0.379215	1.72781	2.57085
HDAC8	-2.21453	0.0239311	0.129133	-0.0705032	0.520439	-0.722354	0.0970614
HDAC9	8.70327	3.64371	5.35351	0.419471	-0.324466	7.37915	5.95795
HDC	3.6051	0.819574	5.94949	0.325053	-0.728569	5.41302	2.36105
HDDC2	-2.07602	-3.07309	-3.69401	-0.307615	-0.223417	-3.98966	-4.62289
HDDC3	1.67722	2.06015	2.76413				
HDGF	-4.77933	-3.34861	-4.1042				
HDGFL1			-2.87241				
HDGFL2	-3.46327	-3.02989					
HDGFL3	1.49579	0.0396911		0.419836	-0.541421	5.16876	3.46065
HDHD2	0.670314	0.330968	0.661672	0.0447591	0.128004	-2.14189	-2.50701
HDHD3	-5.02492	-3.40247	-2.8902				
HDHD5			0.668512				
HDHD5-AS1			-6.36397				
HDLBP	-0.611386	-1.86698	-1.44244				
HDX	3.38198	3.90262	4.26768				
HEATR1			-3.71031				
HEATR3	-3.25403	-0.69061	-6.92204				
HEATR4	1.17242	2.69804	-3.70621				
HEATR5A	-3.76974	-3.91822	-4.25493				
HEATR5B			1.93039				
HEATR6			-2.42045				
HEATR7B1			-2.81534				
HEATR7B2			1.16371				
HEBP1	0.13986	-1.49105	-1.02284	-0.230853	-0.645151	0.164035	-0.574171
HEBP2	-4.56016	-4.33027	-7.13402	-0.551663	-0.214659	-1.29643	-1.30367
HECA	1.90444	3.06418	3.49796	0.21288	0.705038	2.59767	2.86916
HECTD1	1.696	2.36869	-0.705549	0.0890076	0.485154	2.77747	3.15118
HECTD2	3.41241	0.500667	-1.91383	0.208429	-0.799313	5.5709	2.61169
HECTD3			-1.60112				
HECTD4	3.57796	1.51621	-1.32614				
HECW1	1.65934	2.46239	3.78897	0.240459	0.791373	4.20281	3.79428
HECW2	3.30601	3.81734	3.62068				
HEG1	-2.6683	-1.30446	-0.211676	-0.450953	0.356082	-1.34425	-0.741404
HELB	-2.76495	-2.21737	-0.529996	-0.0457736	0.643917	-0.299537	0.529333
HELLS	0.593651	1.63427	-0.215296	0.166464	0.227107	2.12936	3.27024
HELQ	0.213851	2.00822	1.98981	0.050389	0.605522	1.5808	2.28551
HELT			0.61962				
HELZ	-0.00206125	1.60206	0.214698				
HEMGN			3.01299				
HEMK1	2.54249	1.21966	1.71086				
HENMT1			-1.28797				
HEPACAM	-2.80072	-3.09288	-4.73199	-0.483563	-0.456085	-1.20196	-1.58255
HEPACAM2			1.5627				
HEPH	-1.60688	-2.6552	-2.21396				
HEPHL1			-2.03788				
HERC1	5.01491	4.85182	3.67457				
HERC2			-3.50042				
HERC2P2	-3.32925	0.116976		-0.111876	0.526691	-0.269469	0.439461
HERC2P4			-1.6711				
HERC2P9	-1.25844	0.413849					
HERC3	-3.12325	0.231213	-5.02224	-0.252249	0.605184	-1.71427	-0.45568
HERC4			-0.322079				
HERC5	-0.461369	-1.65981	0.863296	-0.21156	-0.529956	0.885366	0.251353
HERC6	2.82024	3.58826	9.06361	0.139644	0.6694	1.95464	2.37141
HERPUD1	0.795966	1.74579	2.27574	0.0881717	0.669672	-0.137862	0.515442
HERPUD2	-0.189811	0.535416	-2.58284				
HES1	-0.798679	-2.14645	-1.83366	-0.359889	-0.564167	0.0340356	-0.645482
HES2			-2.03277				
HES3			-1.78764				
HES4	4.40201	-0.11538	4.6639	0.173535	-0.813582	3.74774	0.951379
HES5	-0.00668813	-1.32615	-4.74549	-0.218524	-0.821261	1.65495	0.464952
HES6	-1.03566	0.747577	0.237087	-0.141875	0.837793	-2.11926	-0.594092
HES7			1.55638				
HESX1			1.3063				
HEXA	0.84933	-0.718911	-3.14966				
HEXA-AS1			-3.07075				
HEXB	1.66507	1.77067	5.04387	0.408089	0.269876	0.473897	0.420919
HEXDC	-1.83839	0.254332	-0.253051				
HEXIM1	0.917635	2.27437	1.74515	0.108637	0.78737	0.332912	0.877783
HEXIM2	2.80902	0.498431	2.67487				
HEY1	1.18862	-1.10211	-0.330041	0.215441	-0.536499	-0.753702	-1.64449
HEY2	-3.94492	-3.89029	-2.5676	-0.371522	-0.460883	-1.76811	-2.19957
HEYL	-3.29158	-3.67866	-7.10679	-0.38634	-0.743182	-2.8198	-3.2077
HFE			-0.916055				
HFE2			-2.88715				
HFM1			-2.51376				
HGC6.3			1.00021				
HGD	0.812137	0.26725	-2.08816				
HGF	4.66013	1.1691	2.58352	0.129839	-0.582429	2.76567	1.4571
HGFAC			2.91882				
HGH1	-1.17825	-2.29574	1.56572	-0.187443	-0.798216	-0.826605	-1.40624
HGS	1.9832	1.91198	0.121962				
HGSNAT	1.98356	1.13755	0.802292	0.0964456	-0.560793	1.70393	1.24438
HHAT	-0.0930849	0.0819737	2.62871	-0.133579	0.335003	-0.835832	-0.437434
HHATL			-0.374397	-0.263363	0.391858	-0.433586	0.0387308
HHEX	-4.13053	-5.23449	-1.98153	-0.256413	-0.429042	-3.14133	-3.60881
HHIP	0.0681322	0.4081	1.72293				
HHIP-AS1	-1.581	0.273622		-0.451231	0.361899	-2.58255	-1.75799
HHIPL1	1.75242	-0.831632	0.470267	0.105619	-0.856082	3.11661	0.802333
HHIPL2	1.06107	0.922912	0.539511				
HHLA2			-3.92343				
HHLA3	-1.20887	-2.37549	2.40784	-0.0561373	-0.474898	-0.22692	-0.852837
HIAT1			-0.754847				
HIATL1			-1.45564				
HIATL2			-2.76811				
HIBADH	-1.34939	-0.780722	-1.61596				
HIBCH			-5.38129				
HIC1			2.90827				
HIC2	1.72029	1.93124	-4.79406	0.170695	-0.153596	2.24347	2.14883
HID1	3.01028	2.06251	-0.205162				
HIF1A			-2.33896				
HIF1AN	0.317895	1.32367	5.96677				
HIF3A	-1.12313	-2.04748	-5.77205				
HIGD1A	-0.215481	-1.40452	-1.68613				
HIGD1B	-0.0579432	0.550165	-0.714135	-0.167225	0.54491	0.477453	0.845808
HIGD1C			-3.37194				
HIGD2A			1.69416				
HIGD2B			-1.51255				
HIKESHI			0.981416				
HILPDA			-0.696311				
HILS1	-0.754363	-2.28085	-1.7225	0.151358	-0.631535	-1.79174	-2.48894
HINFP	3.65231	4.7079	2.66463				
HINT1	1.36153	-1.03792	0.13532				
HINT2	0.345788	-1.00123	0.18885				
HINT3	0.724874	0.0195608	0.268693	-0.135158	-0.541568	-0.761578	-1.2096
HIP1			-0.936369				
HIP1R	-3.28777	-2.47354	-3.82825				
HIPK1	-0.02373	0.918409	-2.01233				
HIPK2			-0.450682				
HIPK3			-0.144062				
HIPK4			0.337003				
HIRA	-1.80054	-1.39975	-4.94592				
HIRIP3			2.94654				
HIST1H1A	-1.52315	0.437812	0.329023	0.24977	0.54322	-0.217381	0.414485
HIST1H1B			-0.612058				
HIST1H1C	-4.60001	-2.98412	-5.07841				
HIST1H1D	0.142325	2.13971	1.16545	0.0642992	0.748558	2.58005	3.50934
HIST1H1E	-2.6404	-0.434307	1.61985	-0.0793313	0.417905	-0.164722	0.631037
HIST1H1T			-1.74074				
HIST1H2AA	-0.713771	-1.2932	-3.17864				
HIST1H2AB			1.11174				
HIST1H2AC			-0.865316				
HIST1H2AD	-3.11316	-3.85051	-1.50608				
HIST1H2AE	-1.01217	-0.241215	0.583019				
HIST1H2AG	-2.77972	-3.52197	-1.35665				
HIST1H2AH	-1.43874	-1.27869	-0.062802				
HIST1H2AI			-0.949771				
HIST1H2AK	-2.48969	-2.67453	-0.539709				
HIST1H2AL			1.89352				
HIST1H2AM	-2.3547	-2.80497	1.41813				
HIST1H2APS1	-2.55139	-2.72491					
HIST1H2BA			0.338212				
HIST1H2BB	-1.76333	-2.09951	0.751343				
HIST1H2BC	-1.79962	-2.52575	0.091178				
HIST1H2BD	-2.46096	-3.19725	0.228335				
HIST1H2BE	-1.89235	-2.38497	0.304492				
HIST1H2BF	-1.23974	-1.72922	0.544717				
HIST1H2BG			2.13994				
HIST1H2BH	-3.21327	-4.04674	0.455104				
HIST1H2BI	-2.16381	-2.94313	1.73085				
HIST1H2BJ	-3.08485	-3.50093	0.249731				
HIST1H2BK	-1.85122	-2.88752	-0.132435	-0.0101799	-0.884167	-5.31211	-4.09491
HIST1H2BL	-1.06349	-1.63917	1.13926				
HIST1H2BM	-3.21522	-4.0665	1.29463				
HIST1H2BN	-2.64531	-3.29672	-0.510037				
HIST1H2BO	-1.67855	-2.51916	-0.454737				
HIST1H3A	-1.06159	1.46818	-0.203704	0.129451	0.739921	1.11272	2.25821
HIST1H3B	-0.608824	1.13335	2.27958				
HIST1H3C	-2.51692	-2.97566	-1.48582				
HIST1H3D	2.64411	4.10706	2.73156				
HIST1H3E			-0.023843				
HIST1H3F			3.51152				
HIST1H3G			-1.48408				
HIST1H3H			4.86063				
HIST1H3I			-0.864179				
HIST1H3J	-0.612394	-0.728264	-0.604185				
HIST1H4A	0.656112	2.34255	2.6745	0.235592	0.621408	1.75884	2.7168
HIST1H4B	-0.592897	0.553217	-1.09033				
HIST1H4C	-0.518538	-0.337717	-2.46537				
HIST1H4D			1.41021				
HIST1H4E	1.16958	2.58827	2.66517	0.32664	0.620289	2.12538	2.98991
HIST1H4F			2.15641				
HIST1H4G			-3.78218				
HIST1H4H	0.200112	1.29654	0.423034	0.313323	0.416575	1.96435	2.62088
HIST1H4I	-0.233066	1.01811	2.65326				
HIST1H4J			1.29523				
HIST1H4K			1.67007				
HIST1H4L	-0.755819	-0.0128438	0.635528				
HIST2H2AA4			-2.28175				
HIST2H2AB			-2.42995				
HIST2H2AC	-1.93871	-2.5554	-3.55103				
HIST2H2BA			-1.64016				
HIST2H2BE	-1.28823	-2.07322	-2.33025				
HIST2H2BF			-1.98108				
HIST2H3A			-2.74217				
HIST2H3D			-3.24263				
HIST2H4A			0.421377				
HIST3H2A	-2.26554	-2.6218	0.179406				
HIST3H2BB	-2.99115	-3.61926	0.210964				
HIST3H3			-3.89867				
HIST4H4	-1.97755	-0.0866939	1.9507	-0.0656968	0.686076	-2.80425	-1.53568
HIVEP1	5.19559	5.59118	2.00431				
HIVEP2	-1.33636	1.35538	2.80392	0.295777	0.662407	1.2455	2.07468
HIVEP3	-3.168	-2.77677	-2.03961				
HJURP			1.07961				
HK1			-0.204194				
HK2	-5.95634	-5.62492	-3.06938	-0.412542	-0.433077	-4.36136	-4.85277
HK3			3.40392				
HKDC1	0.112754	-1.28413	3.53776	0.000228579	-0.655045	2.42528	1.19483
HKR1	-1.53218	0.403033					
HLA-A	-6.78259	-6.39701	-7.45842	-0.516759	-0.337194	-2.42429	-2.73207
HLA-B	-7.42899	-4.67185	-6.29701	-0.552805	-0.00889557	-3.05776	-3.01679
HLA-C	-7.51639	-4.90812	-7.05336	-0.595022	-0.152028	-2.5061	-2.54473
HLA-DMA	-5.01864	-5.47952	-2.49952	-0.445926	-0.470437	-4.42259	-4.91027
HLA-DMB	-2.869	-2.99203	-4.08504	-0.325007	-0.631599	-3.62242	-3.79294
HLA-DOA	-1.98679	-2.77633	-3.34774	-0.399684	-0.626869	-4.81357	-4.9106
HLA-DOB	-3.45296	-1.10361	-1.12812				
HLA-DPA1	-4.47545	-4.95723	-3.3933	-0.414086	-0.183216	-4.09714	-4.46228
HLA-DPB1	-6.50286	-5.63459	-5.47286	-0.424094	-0.0599612	-3.66557	-3.79377
HLA-DPB2	-0.342376	-1.28552	-6.4554	-0.188114	-0.0504596	-2.89578	-2.91887
HLA-DQA1			-2.65591				
HLA-DQA2			-1.27857				
HLA-DQB1	-0.275256	-1.50927	1.72153	-0.118207	-0.322634	-1.96241	-2.445
HLA-DQB2			0.279307				
HLA-DRA	-2.52535	-3.08102	-4.64151	-0.335538	-0.459299	-2.83964	-3.22065
HLA-DRB1	-4.04192	-4.5107	-5.62965	-0.448233	-0.330049	-4.17257	-4.77916
HLA-DRB3	-5.23612	-5.61413	-5.07996	-0.397246	-0.16734	-4.63433	-5.11411
HLA-DRB4	-2.04726	-2.9257	-1.86635	-0.327672	-0.34408	-2.3575	-2.72744
HLA-DRB5	-3.84831	-4.55253	-4.61987	-0.480398	-0.353194	-4.42096	-5.07669
HLA-DRB6			1.56812				
HLA-E	-9.02385	-4.17287	-6.43579	-0.509475	0.0583425	-3.25255	-3.08196
HLA-F	-6.2345	-6.17471	-6.32673				
HLA-F-AS1	-4.42316	-4.44527	-5.82655				
HLA-G	-7.72873	-5.44999	-6.98021	-0.591458	-0.169143	-2.12508	-2.24681
HLA-H	-6.72504	-6.34539	-6.03438	-0.610898	-0.366204	-2.47395	-2.79218
HLA-J	-9.46086	-5.50779	-8.25894				
HLA-K			-6.69819				
HLA-L	-2.97472	-3.67171	-4.2092				
HLCS	-0.62585	-1.46418	-2.06686	-0.508537	-0.321233	-2.33421	-2.82337
HLF	3.95456	4.78881	0.872064	0.332252	0.439553	3.07617	3.62693
HLTF	0.355825	1.78927	-1.68815	-0.0548819	0.557052	0.663583	1.4607
HLX			4.14985				
HM13	-2.68654	0.0812767	-3.96624				
HMBOX1	-1.35691	-2.36395	-2.03632				
HMBS	-0.302995	1.03359	2.96913	-0.112472	0.708978	-1.4037	-0.518785
HMCES	-0.458413	1.21032	0.180405	0.115875	0.656792	0.133662	0.945799
HMCN1			4.44949				
HMCN2			-1.86857				
HMG20A			2.65823				
HMG20B	-3.3264	-4.33906	-1.62984				
HMGA1			-1.80899				
HMGA2			-1.11185				
HMGB1	-0.418085	-1.71658	-6.21379	0.126268	-0.636827	0.896919	0.178657
HMGB1P1			-3.25064				
HMGB1P16			-6.74102				
HMGB2	-0.443418	1.11503	0.213771	0.0475163	0.492784	0.746279	1.77913
HMGB3	1.59413	-0.352842	-3.24747	0.330302	-0.617102	2.52045	1.18565
HMGB3P1			-6.02573				
HMGB3P22			-4.56219				
HMGB3P24			-0.478762				
HMGB3P27			-0.836953				
HMGB3P30			-0.914465				
HMGB3P6			-6.26037				
HMGB4			-2.98858				
HMGCL	0.420317	-1.62805	-0.209769	-0.196249	-0.648263	-1.72251	-2.30411
HMGCLL1			-1.40746				
HMGCR	4.1576	1.22077	1.47129	0.362288	-0.795549	4.93794	1.57881
HMGCS1	4.12285	0.242503	3.09069	0.320253	-0.750948	2.51748	0.300571
HMGCS2	-2.77668	-2.30307	-4.74256				
HMGN1	-1.61193	-1.59497	-9.24887				
HMGN2	-1.18657	-2.08913	-7.47277	-0.0533033	-0.622813	1.31922	0.714828
HMGN2P15			-5.73142				
HMGN2P46	-1.35114	-2.13328	-5.36076	-0.175059	-0.631741	1.07444	0.60322
HMGN3	-3.59301	-3.00168	-5.0393				
HMGN4			-0.471793				
HMGN5	-2.26769	-2.24907	-1.20189				
HMGXB3	-3.0055	-0.180997	-3.43669				
HMGXB4	-0.369283	0.785326	3.32784				
HMHB1			-1.26578				
HMMR			5.26931				
HMOX1	-2.55407	-3.56845	-3.2086	-0.502612	-0.2925	-4.61773	-5.49075
HMOX2	0.610663	0.881507	4.61454	-0.0521055	0.365216	-2.73512	-2.40877
HMSD			-0.494904				
HMX1			-4.50541				
HMX2			-1.20584				
HMX3			-3.68006				
HN1			-2.91256				
HN1L			-0.770532				
HNF1A			-1.67866				
HNF1A-AS1			0.375951				
HNF1B			-3.32256				
HNF4A			2.85255				
HNF4G			0.194852				
HNMT	0.12419	-1.08919	-1.88534	-0.186605	-0.436913	0.175662	-0.051333
HNRNPA0	-1.87226	-0.451501	-2.91666				
HNRNPA1L2	-6.23308	-0.195922		-0.0707377	0.741445	-1.08181	0.14325
HNRNPA1P12			-2.96687				
HNRNPA1P2			-3.28161				
HNRNPA2B1	-4.72165	-2.81689	-4.16176				
HNRNPA3	-0.803077	1.40658	-1.86247	-0.0621443	0.656018	2.13969	2.86387
HNRNPA3P1	1.3099	2.3988	-2.43324	0.329297	0.279536	1.75713	2.45738
HNRNPAB	-2.23798	-2.47556	-2.78315				
HNRNPC	-0.00330178	-1.53678	-6.53549	0.0168215	-0.873002	0.474524	-0.411625
HNRNPCL1			-5.34186				
HNRNPD	-0.0424678	0.307124	-2.03733				
HNRNPDL	2.76756	4.44856	-0.330088	0.204579	0.434814	3.40306	4.4309
HNRNPF	-1.86021	0.0949183	0.051215	-0.166598	0.497789	0.336013	1.06332
HNRNPH1	-2.04571	0.0254669	-3.29013	-0.141709	0.393919	0.641098	1.61284
HNRNPH2			-2.86419				
HNRNPH3			-3.36665				
HNRNPK	1.53492	-0.290651	-7.11665				
HNRNPKP3			-1.20254				
HNRNPL	0.4999	1.75926	-2.51697				
HNRNPLL	-1.45754	-1.0438	-5.61297				
HNRNPM			-4.32213				
HNRNPR	-0.836879	-1.81551	-2.44925				
HNRNPU	-0.558572	0.893615	-5.64622	-0.0831904	0.22697	1.16642	2.07021
HNRNPUL1	-6.2498	-4.57528	-3.91452				
HNRNPUL2	3.97592	4.61248	0.558501	0.198989	0.738256	3.49923	3.52908
HOMER1	1.96912	2.02553	4.56266	0.342413	-0.0171794	0.48777	0.14176
HOMER2	-0.465461	-0.130756	-2.30857				
HOMER3	-4.05265	-1.17684	-0.644128	-0.586692	0.472973	-4.04909	-2.53596
HOMEZ	-0.0525978	1.22269	-1.15552				
HOOK1	1.89141	2.12263	2.51972	0.499137	-0.250537	2.4947	2.28654
HOOK2			3.48887				
HOOK3			0.041872				
HOPX	1.63038	-0.427152	1.36773	0.42183	-0.662421	2.03829	0.738434
HORMAD1			-2.76825				
HORMAD2			-0.274125				
HOTAIR			-2.36565				
HOXA1			-0.66537				
HOXA10			-2.57759				
HOXA11			-2.1501				
HOXA11-AS1			-2.98104				
HOXA13			-0.189837				
HOXA2			1.04278				
HOXA3			-1.03666				
HOXA4			-2.48849				
HOXA5			-1.08373				
HOXA6			-1.58575				
HOXA7			3.57804				
HOXA9			-1.49511				
HOXB1			0.127684				
HOXB13	-3.49599	-2.78197	-2.0865				
HOXB2			-2.57693				
HOXB3			-1.46372				
HOXB4			-1.9723				
HOXB5			-1.42742				
HOXB6			-0.113372				
HOXB7			-0.398639				
HOXB8			-1.57553				
HOXB9			-1.2285				
HOXC10			0.971509				
HOXC11			-2.36294				
HOXC12			-0.743277				
HOXC13			-0.658282				
HOXC4			-2.70234				
HOXC5			-3.72493				
HOXC6			0.266012				
HOXC8			-1.41145				
HOXC9			-1.72009				
HOXD1	-0.753046	0.143582	0.059402	-0.45539	0.303703	-4.47482	-3.10568
HOXD10			-0.687593				
HOXD11			-2.08838				
HOXD12			0.734961				
HOXD13			1.37263				
HOXD3			1.97809				
HOXD4			-1.17898				
HOXD8			-0.882883				
HOXD9	-2.16226	-0.50211	-3.76189				
HP1BP3			-2.60896				
HPCA	4.11618	1.09483	2.63023	0.302662	-0.699585	8.46697	4.00837
HPCAL1	5.43223	0.896162	2.24715	0.165811	-0.709484	6.34779	3.0493
HPCAL4	1.6234	-0.72539	-1.75962	0.21255	-0.901759	2.62126	0.551242
HPD			-1.83748				
HPDL	-2.21946	-2.9581	-3.87516				
HPF1	0.281872	1.15667	1.10581				
HPGD	-2.36877	-3.9157	-2.67576	-0.194289	-0.580938	-5.65656	-7.02101
HPGDS	-3.50528	-4.03074		-0.184947	-0.60359	-2.25632	-2.71298
HPN	-0.848016	0.226404	1.81181	-0.294526	0.445279	-2.63175	-1.66362
HPR			-3.0356				
HPRT1			-0.601361				
HPS1	-1.77486	0.711686	-0.200432	-0.107455	0.847506	-1.125	0.19323
HPS3			-0.307007				
HPS4	3.85951	0.774567	-3.36665				
HPS5			-2.64181				
HPS6	5.3961	4.25095	4.67482				
HPSE			-3.35541				
HPSE2	1.83085	2.71656	7.46323	0.132377	0.0203403	2.6438	2.79206
HPX			0.486175				
HPX-2			0.553112				
HR	0.966529	2.16531	10.624	0.117968	0.901361	1.0361	1.52655
HR44			-1.21464				
HRAS	1.39627	-1.35271	0.850679	0.0672591	-0.803137	-0.221537	-1.1903
HRASLS	1.41474	-1.32273	2.52447	0.117558	-0.806285	-0.760285	-1.60474
HRASLS2			1.59449				
HRASLS5	4.32301	0.724657	2.29393	0.479922	-0.487396	3.56681	2.20544
HRC	-2.49842	-0.508251	0.377169	-0.196739	0.674033	-1.03695	0.070334
HRCT1	0.394175	1.13414	4.19702				
HRG			0.956637				
HRH1	6.56428	1.52167	5.23979	0.423675	-0.784613	4.79542	1.64556
HRH2	3.05385	3.55582	-0.000313	0.433547	0.398186	1.78684	2.51013
HRH3	-0.114552	-0.82582	-1.31355	-0.345622	-0.399305	-0.302607	-0.901247
HRH4			-2.05399				
HRK	1.50561	0.102821	-3.58764	-0.16829	-0.658189	1.6122	0.47009
HRNR			-1.89311				
HS1BP3			2.05088				
HS2ST1	5.08824	1.00523	-2.68514	0.4594	-0.637314	5.12717	2.3882
HS3ST1	-1.82473	1.25835	-2.05029	0.1122	0.846525	-0.805615	0.734056
HS3ST2	2.44457	2.08421	2.47592	0.197003	-0.0780787	0.509453	-0.0283197
HS3ST3A1			-4.10051				
HS3ST3B1			4.95093				
HS3ST4	-2.39324	-1.6683	-6.10891	-0.303185	-0.308993	-0.856166	-1.18036
HS3ST5	0.158915	1.21217	3.26635	-0.208486	0.718424	-1.37812	-0.453707
HS3ST6			0.597386				
HS6ST1	6.25059	4.69192	5.2154				
HS6ST2	-3.50808	-1.74597	-1.99214	-0.212374	0.555992	-5.71384	-3.71004
HS6ST3	1.90943	1.50783	2.0738				
HSBP1	-3.12632	-2.83491	-1.98667	-0.231571	-0.841527	-4.54816	-3.79912
HSBP1L1	-4.15994	-1.47678		-0.372359	0.658596	-5.68908	-2.96409
HSCB	-2.35675	-2.42197	-2.37373				
HSD11B1	-1.36723	0.045921	0.381299	-0.243991	0.697964	-4.66819	-2.47935
HSD11B1L	2.07841	-0.797531	3.2082	0.2286	-0.806529	3.396	0.636166
HSD11B2	-1.38686	0.348728	-3.53432				
HSD17B1	0.528728	-0.186887	0.915773				
HSD17B10	-1.50829	-2.47656	-2.86381	-0.380321	-0.372308	-0.896398	-1.36093
HSD17B11	-2.19351	-1.08065	-1.52002	0.0471257	0.21464	-1.25247	-0.958912
HSD17B12	-2.27402	-2.57064	-3.9085	-0.512132	0.0535885	-2.4063	-2.38162
HSD17B13			0.199096				
HSD17B14	-0.974931	-2.06644	-1.16361	0.00443215	-0.569886	1.97212	1.51306
HSD17B2			-2.16215				
HSD17B3	0.614821	0.666775	3.27835				
HSD17B4	-3.3674	-1.48153	-1.65385	-0.350972	0.342591	-3.54318	-2.64677
HSD17B6	-0.0946982	-1.22701	-1.07943	-0.0682098	-0.593415	2.62392	1.6649
HSD17B7	0.646747	-0.611064	-0.902584				
HSD17B7P2			-0.367472				
HSD17B8	-0.284978	-1.54206	0.944971				
HSD3B1			0.390664				
HSD3B2			3.51464				
HSD3B7	-1.09707	-2.10751	-0.921238	-0.477818	-0.535632	-0.685036	-1.18419
HSD3BP5			0.651614				
HSDL1	1.82679	0.104611	-0.951852				
HSDL2	-3.30246	-3.25722	-4.84101	-0.415245	-0.533833	-0.649924	-1.4007
HSF1	-0.399154	-0.330648	0.431594				
HSF2	9.25439	4.51838	0.797219				
HSF2BP			0.412495				
HSF4	-0.103657	1.41254	-2.27768	-0.00543297	0.522079	2.00592	3.02538
HSF5			-2.15589				
HSFX1			0.108239				
HSFY1			-4.08218				
HSFY2			-3.48023				
HSH2D			-2.32517				
HSN2			-1.78555				
HSP90AA1	1.82924	0.627356					
HSP90AA2			-2.15712				
HSP90AB1	2.55164	-0.289794	-3.92651	0.163853	-0.694637	0.816627	-0.385372
HSP90B1			-3.52127	0.200183	-0.726382	2.27573	0.728364
HSP90B3P			2.61264				
HSPA12A	0.443478	0.948105	1.85242	0.0977934	0.293109	-1.96675	-1.85411
HSPA12B	2.00694	2.01304	5.93717	0.153611	0.224495	-0.60766	-0.811504
HSPA13	5.73588	1.2117	0.488747	0.234525	-0.659007	4.53548	2.60376
HSPA14	-1.64289	-0.526666	-3.40639				
HSPA1A	-1.28815	-0.950955	-4.37696				
HSPA1B			-4.12466				
HSPA1L	1.30387	1.83687	4.28402				
HSPA2			-0.024991	-0.377642	0.112808	-2.52751	-2.12287
HSPA4	0.494539	0.138984	0.516254	-0.0220961	-0.065589	-1.36945	-1.87937
HSPA4L	-3.25108	0.573762	-2.29677	-0.167803	0.862006	-4.15502	-1.04518
HSPA5	-3.17348	-4.0938	-5.21814	-0.317499	-0.546201	-2.50637	-3.09573
HSPA6	-0.567941	-1.48536	-1.49121				
HSPA8	1.9143	0.512414	3.11333				
HSPA9	0.33512	-0.848951	-0.003629				
HSPB1	0.613476	-0.999169	-0.547413	-0.207628	-0.40158	0.886504	0.357099
HSPB11	-0.11083	-1.71966	-4.31112	0.0226908	-0.852419	-1.40536	-1.79486
HSPB2	-1.37537	-0.0864331	-4.20467	-0.368509	0.586608	-2.50387	-1.54802
HSPB3	2.95921	1.11053	5.89936	0.017682	-0.598096	0.613338	-0.41217
HSPB6	0.334463	1.10714	3.16164	0.000417564	0.780764	-1.70084	-0.535029
HSPB7			3.58001				
HSPB8	0.94394	1.86641	1.18409	-0.170791	0.112019	3.15921	3.76905
HSPB9	-0.718422	0.89924	-1.17139				
HSPBAP1	-1.62735	0.936228	-4.13403	-0.158218	0.626645	-0.370114	0.844197
HSPBP1			1.23539				
HSPC081			-0.061497				
HSPC324	-1.11263	-0.0794983					
HSPD1	-0.778742	-2.08695	-4.95409	-0.272191	-0.479317	-0.844457	-1.32203
HSPE1	-1.00447	-1.72798	-3.41407	-0.328568	0.0701663	-3.01797	-3.09693
HSPG2			1.91191				
HSPH1	1.33641	1.98188	-0.478846	0.215626	0.642197	0.475434	0.876617
HTA			1.21148				
HTATIP2	-0.625965	1.08417	1.69883	-0.126484	0.660067	-1.89284	-0.747643
HTATSF1	0.262873	-1.4992	-4.51943	-0.0359466	-0.538805	-0.359529	-0.794323
HTN1			-2.88503				
HTN3			0.120584				
HTR1A	0.340654	-1.57251	-2.20711	0.128516	-0.817766	-1.36825	-1.73783
HTR1B			-2.66613				
HTR1D	-0.72882	-1.09422	-3.62076	0.310794	-0.343085	-0.487273	-0.64466
HTR1E	5.69623	4.23827	8.36639	0.533288	0.0151029	3.32618	3.39087
HTR1F	2.45092	2.92657	3.03698	0.184465	0.907753	4.71445	3.63732
HTR2A	1.27529	2.16797	3.27259	0.534174	0.265376	1.88053	2.2216
HTR2B			-1.23988				
HTR2C	0.46028	-1.19159	-4.16273	0.172663	-0.729149	0.647835	-0.305207
HTR3A	-0.448684	-1.65779	-6.02109				
HTR3B	6.42486	3.42339	6.70966	0.819774	-0.0284741	5.77771	4.84405
HTR3C			-1.41486				
HTR3D			-0.932552				
HTR3E			-3.40904				
HTR4	-0.020584	-0.815088	-6.33716	0.128867	-0.355254	-0.275736	-0.533488
HTR5A	4.79747	5.38112	5.93257	0.518489	0.457228	5.75849	6.77355
HTR6			-3.83139				
HTR7	2.87402	-0.667458	-2.0232	-0.095914	-0.835416	1.89786	-0.142244
HTR7P1	6.58601	0.156029		0.121804	-0.838846	3.51244	0.580623
HTRA1			-2.52579	-0.516197	-0.115035	-1.05049	-1.09117
HTRA2			-1.24598				
HTRA3	-2.65479	-3.96304	-2.2944	-0.290564	-0.272578	-1.4355	-1.98262
HTRA4			2.18415				
HTT	0.354444	-0.918521	2.16364				
HUNK	-1.24032	1.30549	1.56412	0.066262	0.675916	0.629505	1.43043
HUS1			-2.42008				
HUS1B			-5.20104				
HUWE1			-1.81772				
HVCN1	0.627219	-0.0729969	0.016878	-0.322819	-0.171717	0.994077	0.961424
HYAL1	-0.209611	0.778623	5.01878				
HYAL2	-0.782359	-0.76474	-1.33984				
HYAL3	1.56596	1.90768	4.5279	0.156737	0.35595	-0.240226	-0.241336
HYAL4			2.87957				
HYDIN	-2.04239	-2.88786	-8.79627	-0.178184	-0.720742	-1.19559	-1.52749
HYDIN2	-1.41434	0.0202619					
HYI	0.666452	-1.12989	-2.23925	-0.126284	-0.744996	1.36294	0.441095
HYKK	-4.26589	-4.66552	-5.44956	-0.409216	-0.262056	-5.75612	-6.70695
HYLS1	-0.649612	1.57471	4.56357	0.193603	0.693093	0.0754658	0.996666
HYMAI			-0.428966				
HYOU1			-3.18521				
IAH1			-0.28841				
IAPP			-1.69017				
IARS			2.34858				
IARS2	-1.73104	-2.53129	-1.43012	-0.181637	-0.491021	-1.35684	-1.85655
IBA57			-3.05722				
IBSP			-2.31975				
IBTK	2.55421	3.10677	3.0644				
ICA1	1.30722	2.33886	-0.85507	0.295937	0.801184	1.8817	2.61748
ICA1L	1.61742	2.71924	0.4174	0.186365	0.181668	3.12614	4.01573
ICAM1	0.580971	-0.786168	-1.19988				
ICAM2	-0.778836	0.208889	-1.01934	-0.2158	0.275963	-0.407467	0.0205656
ICAM3	-1.34665	-2.38061	-2.32321	-0.181492	-0.564139	-0.21182	-0.920139
ICAM4			-1.4967				
ICAM5	2.22465	-0.565794	-2.07016	0.176041	-0.810722	1.36953	-0.129709
ICE1	1.1847	-1.21593	-3.44932	-0.00870599	-0.755801	0.352018	-0.449723
ICE2	0.863108	1.77893	-4.30086				
ICK	0.784427	1.65123	1.98073	-0.370674	0.402342	0.142358	0.564145
ICMT	0.963646	-0.23426	1.2539				
ICOS			-0.899254				
ICOSLG			0.250114				
ID1	-3.61658	-1.76905	-3.48085	-0.34317	0.319906	-0.614733	-0.0465721
ID2	2.44628	1.48119	-1.61826	0.26222	-0.0223323	4.23136	4.31422
ID3			-2.25555				
ID4	-0.93632	-1.70692	-3.25847	-0.346606	-0.65543	0.798123	0.482074
IDE	-2.9819	0.858952	1.07901	-0.144922	0.841001	-2.75113	-0.361835
IDH1	-2.79858	-2.92452	-4.6927	-0.489378	-0.241329	-0.336767	-0.465009
IDH1-AS1	-1.04763	-1.93478		-0.339215	-0.413396	-0.64572	-1.28649
IDH2	-0.0588609	-1.55918	1.00107	-0.0385059	-0.638479	1.11556	0.202204
IDH3A	-0.673585	0.297535	-0.327146	-0.122571	0.532297	-3.59197	-2.58907
IDH3B	2.81168	3.01277	2.76729	0.206639	0.261835	0.948125	1.09891
IDH3G	-0.3625	0.447007	0.570482	-0.109617	0.595246	-3.97401	-2.95545
IDI1	0.634353	-1.03411	-0.057373	-0.0911273	-0.501603	-1.40972	-2.3495
IDI2			0.678177				
IDI2-AS1	-1.73272	0.261126		-0.156999	0.830614	-3.70782	-1.72649
IDNK	1.2158	-0.897844	-3.65821	0.0116387	-0.776161	2.76165	0.77276
IDO1			-1.04262				
IDO2			0.072661				
IDS	1.51657	2.64934	-4.61735	0.198079	0.911418	2.38262	2.49449
IDUA	2.89837	2.69308	2.45786				
IER2	-0.361758	1.33048	-1.25558	-0.110218	0.670894	0.202048	1.08568
IER3	-3.33412	-4.20021	-5.1015				
IER3IP1	-1.16706	-0.661356	1.71643				
IER5	5.87953	5.85282	3.96405	0.349918	0.685926	5.90815	6.30593
IER5L	4.62862	5.35165	8.15373	0.423761	0.674478	3.21427	3.59145
IFFO1	0.37676	1.77384	1.44822	0.110266	0.874299	-0.337658	0.665921
IFFO2	-1.32025	0.903049	-1.41067	-0.0742996	0.628054	0.186075	0.977367
IFI16	-5.17727	-5.45924	-4.14851				
IFI27	-2.53505	-0.415293	-3.21367	-0.26733	0.488178	-2.13319	-1.27206
IFI27L1	-1.60159	-2.40414	-3.71086	-0.160897	-0.722418	-1.56874	-1.98887
IFI27L2	-1.32019	-2.24584	-5.43308	-0.177144	-0.889473	-1.73839	-1.98018
IFI30	-4.91316	-5.12883	-0.266439	-0.443902	-0.40287	-4.53895	-5.02137
IFI35			-2.59161				
IFI44	-3.40466	-3.88274	-0.423681				
IFI44L			-3.13328	-0.385013	0.383007	-2.23505	-1.41555
IFI6	1.66471	0.912555	4.14831	0.0855033	-0.133563	0.366585	-0.162801
IFIH1	-2.0386	-1.18786	-0.329086	-0.456333	0.47372	-6.3084	-4.33002
IFIT1	3.66475	3.32276	6.81226	0.37738	-0.0456788	2.70065	2.66081
IFIT1L			-3.8426				
IFIT2	-0.649989	-0.542059	1.19575	-0.399302	0.304466	-2.69516	-2.1739
IFIT3			0.992704				
IFIT5	0.0890898	1.70557	-1.29696	-0.256876	0.650295	0.0690787	0.855323
IFITM1			-2.30573	-0.388332	0.366233	-0.536006	-0.10305
IFITM10	0.863583	1.1601		-0.0605222	0.43974	-1.65151	-1.5069
IFITM2	-6.58831	-5.20977	-4.24938				
IFITM3			-1.67389				
IFITM4P	-6.9559	-4.58585	-4.99935				
IFITM5			-1.98583				
IFLTD1			-0.705785				
IFNA1			-3.63165				
IFNA10			0.683014				
IFNA16			-1.50606				
IFNA2			-1.16799				
IFNA21			0.813449				
IFNA4			-4.25564				
IFNA5			0.491746				
IFNA6			1.04101				
IFNA8			-1.43839				
IFNAR1			0.276091				
IFNAR2	-2.83597	-0.603856	-4.74613				
IFNB1			-0.22017				
IFNE			-1.42399				
IFNG			-0.934326				
IFNGR1			-3.54392				
IFNGR2			1.67515				
IFNK			0.513362				
IFNL2			-1.19258				
IFNL3			-1.62777				
IFNLR1	2.217	2.78108	0.335561	0.110722	0.859312	3.68855	3.38112
IFNW1			0.121768				
IFRD1	-0.47584	0.132794	-0.960654				
IFRD2	-0.727161	1.12746	-1.65209	-0.0375877	0.566761	1.75673	2.66646
IFT122	4.60285	4.59969	5.40111	0.543454	0.150694	3.83817	4.40962
IFT140			-3.04942				
IFT172	1.16097	2.25311	-0.765132				
IFT20	-2.07133	-2.04473	-4.6883				
IFT22	2.40244	-1.06692	-1.36908	0.128484	-0.902061	1.88648	-0.565233
IFT27	-1.42314	-2.49736	-0.94579	-0.0985633	-0.74926	-4.40441	-4.50373
IFT43			-1.44109				
IFT46			0.550804				
IFT52			-3.1436				
IFT57	2.07187	2.46995	4.93073	0.16639	0.286497	0.422606	0.527437
IFT74	-2.30814	-2.85363	-5.62495	-0.186396	-0.400625	-1.2374	-1.40688
IFT80			1.16202				
IFT81	-0.895954	-0.434583	-2.35146				
IFT88			-1.60475				
IGBP1			-0.834166				
IGDCC3	-0.883914	0.747698	-4.71009	0.156268	0.472355	1.36153	2.32419
IGDCC4	-1.75524	-2.69671	-5.80911	-0.353377	-0.440316	-0.529947	-0.909746
IGF1	5.35668	0.813278	1.57156	0.200981	-0.733454	3.80367	1.97583
IGF1R	-1.95858	0.693897	-5.09946	-0.144941	0.559012	0.906057	1.58938
IGF2			-2.40288				
IGF2-AS			0.46512				
IGF2BP1			0.018406				
IGF2BP2			-3.26268				
IGF2BP3	-1.69141	0.350608	-5.00929	-0.32797	0.133096	-0.176815	0.549527
IGF2R			-2.65048				
IGFALS	0.95332	2.32922	-2.31664	0.0920727	0.703965	2.69237	3.4872
IGFBP1			2.78288				
IGFBP2	0.637175	1.7653	5.22756	0.0542086	0.654503	-0.18716	0.409311
IGFBP3	-0.0167363	0.507193	-6.56842	-0.0570872	-0.145085	1.13308	1.5385
IGFBP4			7.97537				
IGFBP5	0.803642	-1.52256	-5.29073	-0.089103	-0.819438	0.210738	-0.702677
IGFBP6	0.980911	1.40063	4.38572	0.135578	0.522586	-2.11602	-1.78962
IGFBP7			-2.41891				
IGFBPL1	-2.71158	-3.46075	-7.1479	-0.278997	-0.0652573	-6.2113	-6.45946
IGFL1			-0.644928				
IGFL2			3.84547				
IGFL3			-0.885295				
IGFL4	-2.47439	-0.268804	-6.29233	-0.15454	0.4475	-0.845276	0.0635882
IGFLR1	-2.42444	-1.41937	-1.00542	-0.535294	0.254491	-2.26807	-2.11615
IGFN1	-1.68657	-2.80485	-4.25887	-0.282582	-0.701095	0.025197	-0.674484
IGHA1			-2.06868				
IGHG2			-4.92166				
IGHG4			1.40903				
IGHMBP2			4.51487				
IGHV2-5			3.785				
IGHV3OR16-13			0.833655				
IGHV5-78			0.672919				
IGIP	1.19713	2.4438	1.54561	0.11314	0.554219	1.33013	1.98029
IGJ			-3.10298				
IGKV1D-8			-2.09315				
IGLL1	-2.92239	0.885783	1.89728	-0.157464	0.749708	-1.66354	0.0222959
IGLL3P	-0.525485	1.60266	-1.42444	-0.136213	0.775099	-0.171324	1.00234
IGLON5	-0.0571355	0.6665	-2.256	-0.0316343	0.579571	-1.90226	-1.25378
IGLV6-57			-0.275389				
IGSF1	0.152554	1.77757	-1.0211	-0.0453132	0.621796	2.2208	3.39874
IGSF10			-0.98767				
IGSF11	1.03954	-0.603939	0.755822				
IGSF2			1.18795				
IGSF21	3.60334	3.2678	7.0398	0.369876	-0.0436537	2.47451	2.26248
IGSF22	-0.230579	-1.58378	-2.12584	0.0856954	-0.860232	0.0180428	-0.78644
IGSF3	6.52562	4.21902	6.17617	0.714132	0.0757947	7.68613	7.3338
IGSF5			-0.76654				
IGSF6	-3.13922	-3.25289	-0.563976	-0.210613	-0.496454	-3.01281	-3.51554
IGSF8			4.61825				
IGSF9	-3.4198	-3.22234	-5.68518				
IHH			1.58289				
IK	-1.0131	-1.09797	-1.01788				
IKBIP	2.3522	-0.801082		0.234936	-0.742457	-0.416201	-1.29531
IKBKB	-4.0957	-0.884648	-5.27207	-0.359678	0.549143	-0.862928	0.0487484
IKBKE			-5.26738				
IKBKG	2.08036	2.58445	5.74561				
IKZF1			2.65802				
IKZF2			-1.00631				
IKZF3			3.66128				
IKZF4			-6.71447				
IKZF5	0.895775	-0.377811	-2.11786				
IL10			0.272046				
IL10RA	2.30119	-0.88179	-0.242008	-0.0992808	-0.750684	-2.22734	-2.41072
IL10RB	-5.32413	-2.875	-4.12826	-0.155103	0.348279	-2.39049	-2.09941
IL11			0.801553				
IL11RA			-1.77719				
IL12A			-0.126087				
IL12B			0.9017				
IL12RB1			-0.300788				
IL12RB2	4.00861	0.205291	-0.541603	0.3811	-0.727223	4.79999	1.67637
IL13			0.804013				
IL13RA1	-2.89451	-3.27363	-2.21715	-0.446741	-0.477107	-4.94149	-5.38775
IL13RA2	-0.593127	-2.0344	-4.49604	0.0173387	-0.936838	-1.06154	-1.54961
IL15	-2.10666	-3.41976	-7.16718	-0.349575	-0.433366	-1.45016	-1.80243
IL15RA	-3.61673	-0.65147	-0.68082	-0.0312922	0.658227	-1.31629	-0.284409
IL16			-0.179651				
IL17A			0.587505				
IL17B			-0.739965				
IL17C			0.905995				
IL17D	0.615513	-0.869373	-3.37897	-0.0720353	-0.482854	2.51019	1.8744
IL17F			-1.06869				
IL17RA	-5.64093	-1.87604	-1.54044	-0.0667741	0.565128	-5.14603	-3.3112
IL17RB	-0.425404	-1.25659	-2.72381	-0.296885	-0.438736	1.69774	1.41788
IL17RC	-3.65479	-0.465541	-5.98055	-0.31096	0.568599	-2.17919	-0.988976
IL17RD	-0.489256	-1.65098	-2.20768	-0.234373	-0.695534	1.78999	0.891939
IL17RE	-5.51833	-1.31854	-4.89857	-0.109978	0.65932	-1.13811	-0.143235
IL17REL			-1.42862				
IL18	-4.28308	-4.06662	-2.78364				
IL18BP			-2.77474				
IL18R1			-2.84231				
IL18RAP			-1.33705				
IL19			-1.36909				
IL1A			-0.66018				
IL1B	-1.59648	-2.67845	-3.59001	-0.0113883	-0.757861	-2.37263	-2.65452
IL1F10			3.72948				
IL1F5			0.174591				
IL1F7			2.01652				
IL1F9			-2.22593				
IL1R1			-2.38322				
IL1R2			-0.331852				
IL1RAP	0.197987	2.4076	3.34735	0.154071	0.854927	2.28783	2.9724
IL1RAPL1	3.2373	3.08428	3.81617				
IL1RAPL2	6.09953	4.06961		0.648262	-0.137101	8.75829	6.42978
IL1RL1			-0.204841				
IL1RL2			3.20997				
IL1RN			-0.879471				
IL2			-1.36472				
IL20			3.01878				
IL20RA			-2.20693				
IL20RB			0.133324				
IL21			-2.50927				
IL21R			-5.00788				
IL22			-1.88114				
IL22RA1			-0.68516				
IL22RA2			-2.7933				
IL23A			1.28169				
IL23R			-0.861062				
IL24			-2.12409				
IL25			0.95118				
IL26			-0.903534				
IL27			-4.21982				
IL27RA	4.58584	3.46291	2.64818				
IL29			0.492203				
IL2RA			-2.34868				
IL2RB			3.4564				
IL2RG			-2.76677				
IL3			-0.845834				
IL31			2.9255				
IL31RA			-3.08511				
IL32	-0.435919	-0.0946723	2.46568				
IL33	-0.207841	-1.72125	-3.15128	-0.000990174	-0.867352	1.81994	0.22537
IL34	-0.939384	-2.46072	-4.07798	-0.0584839	-0.85614	-4.30605	-3.64883
IL36A			-2.19349				
IL36B			0.920077				
IL3RA	-2.06479	-2.95039	1.14575				
IL4			1.76506				
IL4I1	-1.75158	-3.06907	0.123626				
IL4R	0.199918	-0.380812	-2.42976	-0.573388	-0.205308	-1.21991	-1.40685
IL5			1.21158				
IL5RA			-2.34479				
IL6			-0.25209				
IL6R	-4.69405	-1.91216	-1.38806	-0.248113	0.65236	0.057912	1.14727
IL6ST	-0.382932	1.23735	-1.46276	-0.154502	0.67383	0.171137	0.863422
IL7			1.00928				
IL7R	-1.55774	0.424405	-2.07788	-0.04213	0.634888	-0.801512	-0.00467916
IL8			-1.27454				
IL8RA			0.408396				
IL8RB			-0.766284				
IL9			1.36197				
IL9R			-2.25116				
ILDR1			-0.970885				
ILDR2	-1.52557	-0.974035	-1.76829				
ILF2	3.40558	0.953557	4.46338				
ILF3	-0.13585	-1.7638	-1.34691	-0.102554	-0.653553	-0.691439	-1.27678
ILF3-AS1	-0.0882998	-1.07812		0.00170557	-0.671592	0.410588	-0.0179458
ILK	0.000847081	0.833981	0.84925	-0.214483	0.549823	-0.89787	-0.151104
ILKAP			-1.80652				
ILVBL			2.6851				
IMMP1L			1.62443				
IMMP2L	0.968209	-1.16644	-2.74741	0.0354988	-0.80633	-0.212124	-1.13431
IMMT	2.22097	1.49231	-0.002825				
IMP3			1.99478				
IMP4	1.19722	0.315556	2.34554	0.0502962	-0.0323334	-0.681403	-1.1714
IMPA1	-2.13252	0.185878	-6.11527	-0.206137	0.589348	-4.72488	-2.54338
IMPA1P1	-1.95732	0.323617					
IMPA2	-3.29568	-2.69195	-1.27843	-0.127308	0.348961	0.0606884	0.448642
IMPACT	0.61399	-1.47955	-3.16336	-0.250571	-0.779201	-1.14292	-1.81045
IMPAD1	1.24638	2.11817	2.4965	0.108232	0.625054	-0.248379	0.159167
IMPDH1	1.1328	1.96982	0.265572	0.136936	0.553022	1.1437	1.49977
IMPDH2			-3.89855				
IMPG1			1.72373				
IMPG2	0.828333	2.50916	-0.03528				
INA	0.702753	1.84646	4.83605	0.138751	0.839758	-0.626122	0.287513
INAFM1			-1.61093				
INAFM2	3.7236	5.47556					
INCA1			0.401281				
INCENP	1.89683	-0.0624632	1.2329				
INE1			-1.59891				
INF2	2.75454	3.17516	5.66146	0.225001	0.445057	0.942793	1.2075
ING1	0.391008	1.72766	1.81783	0.253479	0.528777	0.299929	0.743965
ING2	1.36183	0.0442547	0.274162	0.354304	-0.531778	4.35596	2.87929
ING3	3.02142	4.82536	-1.39545	0.0812133	0.700969	4.4639	4.68395
ING4	-1.41375	-1.15558	-1.5592				
ING5	0.0951076	0.163418	-3.87029				
INGX			3.49094				
INHA	1.00998	0.790762	-2.46221				
INHBA	-2.19955	-0.436736	-0.889585	-0.467832	0.409167	-3.04437	-2.21854
INHBB	-1.83413	-2.48128	-3.86533	-0.345746	-0.325175	-0.508881	-0.839805
INHBC			-2.63181				
INHBE			1.5733				
INIP	-2.82724	0.659989	0.514937	-0.130711	0.789752	-2.37961	-0.35604
INMT			-1.08277				
INO80	0.19558	1.39287	-3.15055				
INO80B			-0.370728				
INO80C	0.787493	0.52087	1.11645				
INO80D			0.347822				
INO80E	-3.44234	-1.36755	2.90966				
INPP1			-3.1617				
INPP4A	1.72326	0.609679	-0.752208	0.103146	-0.609648	1.56271	0.292124
INPP4B	-0.299588	-0.727859	-3.17858	0.248693	-0.00839557	0.892113	1.25354
INPP5A	-0.522248	0.798717	-2.865	-0.0438272	0.678714	-1.32438	-0.356084
INPP5B	-0.9639	0.883754	-0.102414				
INPP5D	-5.42213	-4.71376	-4.37315	-0.262416	0.204383	-2.95965	-2.72888
INPP5E	1.91602	3.09354	-1.12069				
INPP5F	-1.93942	0.609412	-0.072891	0.0809431	0.790402	-3.06813	-0.883848
INPP5J	-0.671634	0.441219	4.21634	-0.0194918	0.527238	-2.64547	-1.89078
INPP5K	0.416885	-1.26035	-2.95647	-0.140159	-0.558173	-0.101382	-0.976598
INPPL1			-3.75568				
INS			1.4894				
INSC			-3.13251				
INSIG1	2.26166	1.83552	1.12875	-0.0911254	-0.179994	0.483572	0.129706
INSIG2	-0.988218	0.71689	1.94901	-0.19953	0.568111	-3.44678	-1.7991
INSL3	2.21214	2.53936	6.57334				
INSL4			-0.092489				
INSL5			2.18911				
INSL6			-0.266505				
INSM1	1.51905	-0.103663	-2.16701	0.264819	-0.586799	3.38773	1.93967
INSM2	1.55947	2.62154	2.40456	0.25846	0.590681	2.42445	3.032
INSR	-0.475906	1.48552	-0.978781	-0.109791	0.612736	-0.00816034	0.806987
INSRR			-0.958548				
INTS1			-1.87721				
INTS10	1.09438	-0.781875	-2.86296				
INTS11			1.19119				
INTS12	-6.81042	-4.84802	-0.463232				
INTS13	-1.79398	-1.96241	-0.725618				
INTS14			-0.502715				
INTS2			-0.368093				
INTS3	4.9722	1.7924	-1.34312				
INTS4	-2.04547	-3.01039	-4.66886	-0.399958	-0.686756	-2.7482	-3.2007
INTS4L2			5.22719				
INTS4P1	0.368314	1.81444	-2.69617	-0.0207189	0.833242	0.682649	1.53256
INTS5			1.57401				
INTS6	0.827461	1.98778	-1.87969				
INTS6-AS1	-2.07379	-0.816308					
INTS6L	-0.0318527	1.24858	-0.666154	0.0440549	0.230164	2.82894	3.44014
INTS7			0.825043				
INTS8	0.191814	2.02419	0.869277	0.111182	0.792701	2.74591	3.02633
INTS9	1.40594	2.53417	1.17601	-0.00954517	0.68636	0.142433	1.0297
INTU	-0.87905	-1.72495	-6.32483	-0.254647	-0.702133	0.855714	0.321087
INVS			0.266338				
IP6K1	0.815178	1.54132	2.64894				
IP6K2	-3.58823	-0.409039	-5.46011	-0.31359	0.691884	-0.674987	0.553668
IP6K3	0.0516103	0.838686	2.71392	-0.359709	0.362404	-2.72539	-1.80742
IPCEF1	5.15304	5.29453	9.58281	0.515179	0.578386	3.92381	4.36893
IPMK			-2.02282				
IPO11			1.06067				
IPO13	0.3286	-0.400954	2.13762				
IPO4			0.219093				
IPO5	3.51653	4.53169	1.21683	0.590946	0.247298	7.70531	8.67199
IPO5P1	0.149488	-1.33279		0.141225	-0.742317	0.454759	-0.410585
IPO7	-0.711532	1.33404	-3.73443				
IPO8	-0.153888	-1.69381	-2.56648				
IPO9			-2.46064				
IPP	-1.07022	-2.07281	-2.07166				
IPPK			-3.10577				
IPW	-1.12458	1.15523	-3.11205	-0.158621	0.882057	-1.52193	0.169464
IQCA1	0.397847	-0.631254	-4.82135	0.0194807	-0.730338	3.89031	2.32253
IQCB1			-1.1941				
IQCC	1.43574	2.36631	2.01824				
IQCD	-0.657396	-1.65421	-1.82171				
IQCE	-0.0488234	0.961631	-4.47706				
IQCF1			-3.74222				
IQCF2			-3.10073				
IQCF3	1.28166	-0.847556	1.56149	0.0849659	-0.537956	0.420519	-0.189925
IQCF4	1.97911	0.271255		0.128934	-0.60809	0.432993	-0.155509
IQCF5			-2.65075				
IQCF6			-0.581367				
IQCG	-1.19009	-1.41751	0.889402	-0.235391	-0.150618	-0.893893	-0.956548
IQCH			-1.76704				
IQCH-AS1	-1.40932	0.702073		-0.148785	0.528151	-0.332454	0.330571
IQCJ	1.65759	0.0957694	0.014014	0.373329	-0.453683	1.9158	1.43706
IQCJ-SCHIP1			0.149778				
IQCK	-0.591844	-1.66942	-5.83084	-0.377932	-0.681177	0.747552	0.0907638
IQCN	0.93323	1.97958	-1.18363	0.0501572	0.169594	3.43475	4.29346
IQGAP1			1.02993				
IQGAP2			-0.636465				
IQGAP3			5.47737				
IQSEC1	0.871012	2.07038	1.94534	0.000933754	0.685041	1.19366	1.78696
IQSEC2	1.11792	-0.660029	-4.42805	0.151796	-0.577237	1.04286	0.248926
IQSEC3	-2.56968	-0.473493	-0.426976				
IQUB	0.663449	2.55844	2.33144	0.130892	0.743	2.711	3.40207
IRAK1	-0.882658	0.400915	1.92181				
IRAK1BP1	-2.03558	-0.0201049	-3.44904				
IRAK2			-0.053316				
IRAK3			-0.229879				
IRAK4			-3.28784				
IREB2	2.32914	3.248	-1.26353				
IRF1			0.190621				
IRF2			0.866056				
IRF2BP1	2.79421	3.43613	3.2912	0.225319	0.546298	2.9279	3.61448
IRF2BP2	-0.61399	0.982057	-3.37897	-0.242772	0.399774	1.61574	2.58773
IRF2BPL	-0.974833	-1.68071	-2.03699				
IRF3	-0.774969	1.10454	3.65069	0.0277832	0.49345	1.52322	2.29799
IRF4			-0.654042				
IRF5	-3.66886	-4.12017	-6.25505				
IRF6			-2.65175				
IRF7			-1.61082				
IRF8			-4.22487				
IRF9			-4.27074				
IRGC			-0.326133				
IRGM			-2.66917				
IRS1	1.10755	2.19294	2.52474	0.0299854	0.839574	-0.127206	1.02487
IRS2	2.40847	1.85216	1.40768	0.319395	-0.081945	0.964759	0.7192
IRS4			-3.95634				
IRX1			-1.81351				
IRX2			-4.95174				
IRX3			-3.94367				
IRX4			-3.6977				
IRX5	-4.21525	-4.47798	-1.33045				
IRX6			-4.78265				
ISCA1	-1.33308	1.18385	-0.651359	-0.0511724	0.724432	-2.37437	-0.791746
ISCA2	-2.4713	-3.02211	-3.66425	-0.284081	-0.455172	-3.8809	-4.4353
ISCU	0.0222637	1.33702	-0.467598	0.014255	0.815166	-0.654919	0.148052
ISG15	-0.373037	-1.61342	-0.859175	0.294954	-0.648937	0.489698	-0.251377
ISG20			2.7511				
ISG20L2	-1.25859	-0.0149477	-0.601542				
ISL1	-2.5676	-1.23343	-4.06184	0.104489	0.387143	-1.39663	-1.03684
ISL2			-1.44582				
ISLR	1.66721	2.15329	2.65214	0.258059	0.617964	-0.120629	0.201069
ISLR2	2.17314	0.692292	-0.600728				
ISM1	-3.94291	-3.45604	-2.83666	-0.163516	0.216094	-2.38373	-1.95196
ISM2			-0.479304				
ISOC1	1.37457	-0.957036	-2.46129	-0.0721678	-0.891198	1.6433	0.241207
ISOC2	0.953608	-0.0453422	0.491826				
ISPD			-1.03568				
IST1			-2.71186				
ISX			-3.14047				
ISY1			-3.07333				
ISYNA1	1.64931	-0.687987	-1.17352	-0.0864356	-0.535231	1.78113	0.675003
ITCH	-1.8154	0.846053	-0.810596	-0.310965	0.519023	-2.37442	-1.04303
ITFG1	3.98245	2.0597	4.79364	0.446191	-0.63487	2.85438	1.22748
ITFG2	-4.49531	0.027472	-4.02219	-0.0797838	0.597159	-0.654128	0.287508
ITGA1	-2.33992	-2.22242	-1.97639	-0.336399	-0.0356895	-1.53651	-1.46098
ITGA10			0.043855				
ITGA11	-1.04379	0.468422	-2.18533	-0.246718	0.483902	-1.10646	-0.494513
ITGA2	0.779485	1.3911	1.87691	-0.409895	0.285242	-0.868051	-0.322699
ITGA2B	4.17027	4.63818	5.49695	0.442843	0.475789	2.92649	3.63379
ITGA3			-1.69247				
ITGA4	2.36837	2.92818	1.79896				
ITGA5	-3.80513	-0.934441	-4.02752				
ITGA6	-3.17928	-3.94423	-6.46375	-0.56686	-0.35862	-0.518414	-0.739461
ITGA7	-1.42747	-1.10272	-3.76738	-0.578131	0.010654	-1.64893	-1.58446
ITGA8	1.03675	0.765396	-0.119322	-0.359586	-0.094322	0.316862	-0.0297999
ITGA9	3.90527	4.06286	4.15833				
ITGA9-AS1	-1.33847	-0.281272					
ITGAD			0.363485				
ITGAE			-2.7965				
ITGAL			0.486951				
ITGAM	-3.39877	-3.29185	-2.22556	-0.199027	-0.61187	-3.18301	-3.51182
ITGAV	-7.339	-5.02826	-4.9486	-0.671921	-0.0374114	-3.6927	-3.46046
ITGAX	-1.63001	-2.47239	0.305662	-0.264336	-0.417382	-2.266	-2.71058
ITGB1	-5.63641	-1.35613	-4.16574	-0.536454	0.584018	-6.19565	-3.02136
ITGB1BP1	1.0707	-0.244609	2.1884	0.0579015	-0.251446	-1.03767	-1.85988
ITGB1BP2	1.57908	2.88678	3.34588	0.126434	0.4853	0.973328	1.56412
ITGB1BP3			-0.950088				
ITGB2	-5.96898	-1.13006	-4.91276	-0.193586	0.696665	-2.46446	-0.971347
ITGB3			-3.69207				
ITGB3BP	-1.40701	0.125378	-2.36872	-0.0948659	0.72356	0.245759	1.46604
ITGB4	-0.176891	-0.38344	-1.64511	-0.4178	-0.309971	0.796628	1.04401
ITGB5	-1.71471	-2.51682	0.667741				
ITGB6			1.73444				
ITGB7	-1.86382	-2.72484	1.25989	-0.106866	-0.645027	-2.70252	-3.03029
ITGB8	1.83256	-0.0273411	-0.02142				
ITGBL1			-2.17031				
ITIH1			-4.28373				
ITIH2			-3.96493				
ITIH3			-0.092837				
ITIH4			1.04365				
ITIH5	-0.548257	0.180703	-0.852952	-0.132587	0.512993	0.415759	0.696277
ITIH5L			-1.02642				
ITK			-2.10313				
ITLN1			-0.685056				
ITLN2			-1.52698				
ITM2A	-3.38982	-0.164545	-3.24225	-0.118708	0.826932	-3.88478	-1.66211
ITM2B	0.566368	-1.1966	-3.37636				
ITM2C	-0.374027	-1.16647	-4.44013				
ITPA	1.99497	2.76941	2.76791				
ITPK1	2.06335	3.50639	3.17144	0.21405	0.731691	5.72439	5.43664
ITPK1-AS1			0.46748				
ITPKA	6.79208	3.8189	5.77456	0.7531	-0.188189	3.24359	2.7577
ITPKB			-4.84271				
ITPKC	-6.17339	-0.366445	-4.56406	-0.186965	0.64988	-3.00703	-1.05815
ITPR1	2.77149	3.45252	4.41636	0.218662	0.803355	2.11028	2.6184
ITPR2	-3.76146	-3.31782	-2.44221	-0.546491	0.114924	-3.26173	-2.97771
ITPR3			0.829506	-0.245201	0.284611	-1.16539	-1.0084
ITPRIP			-4.00274				
ITPRIPL1	-1.7809	-0.357749	1.25156	0.0721179	0.515125	-1.28443	-0.576982
ITPRIPL2	0.0444874	-1.76082	-6.67117	-0.116858	-0.833669	0.657469	-0.577102
ITSN1			-2.59297				
ITSN2	1.42067	2.52301	-2.85111	-0.0599503	0.601424	1.30617	1.98431
IVD	0.677564	-0.901154	0.925906				
IVL			-3.09147				
IVNS1ABP	-0.899722	0.772288	1.54473	-0.254665	0.564951	-1.85982	-0.823375
IWS1			-2.85397				
IYD			-3.7415				
IZUMO1			2.72945				
IZUMO1R	-0.408127	1.15389	-0.827332				
IZUMO4	-1.87945	-2.45686	-5.22279				
JADE1	1.7975	3.11598	1.65545	0.317151	0.373782	5.55304	6.84807
JADE2	2.3488	1.11512	2.29812	-0.0386366	-0.654198	0.0550702	-0.65399
JADE3	-1.99243	-1.68396	-2.3459				
JAG1			-0.181653				
JAG2	3.97521	2.65406	2.31783				
JAGN1			2.22716				
JAK1	-2.38347	-0.374148	-2.29107	-0.0352711	0.583855	-2.31725	-1.26879
JAK2	-1.68909	0.406809	-3.60422	-0.033412	0.462283	-0.731529	0.148153
JAK3	7.5697	4.80389	0.987835				
JAKMIP1	-0.521976	-1.81212	-2.21746	-0.0727726	-0.639924	-0.204832	-0.977688
JAKMIP2	0.992234	1.99105	-2.14623				
JAKMIP3	1.85877	2.34865	-2.15399	-0.174862	0.625512	1.10388	1.6268
JAM2	0.889761	2.38267	3.67224	0.248906	0.693457	4.67293	4.49679
JAM3			-0.269532				
JAML	1.06405	-0.343782	0.498655	-0.186748	-0.475857	0.81204	0.199163
JARID2	-1.48386	1.26853	-3.77237	0.0151455	0.72596	1.2379	2.06818
JARID2-AS1	-0.823023	-2.12265					
JAZF1	5.27252	2.27903	1.91369				
JCAD	0.931832	1.86067	2.27269	0.584804	0.266617	2.57581	3.11207
JDP2	-1.88732	1.12356	-1.57571	-0.109629	0.925213	-1.92887	0.0871692
JHY	-0.884397	0.208432	-3.84593				
JKAMP			1.90935				
JMJD1C	0.499148	1.91696	1.10195	0.11751	0.582622	2.33911	3.16462
JMJD1C-AS1	4.61242	1.57368		0.318946	-0.513771	3.24976	1.61021
JMJD4	0.717249	-0.91021	0.092967	0.0719644	-0.697732	-1.13434	-1.86655
JMJD6	-0.599433	1.41514	4.97104				
JMJD7	0.972608	-0.761285					
JMJD7-PLA2G4B			-3.49434				
JMY	0.0796495	1.80171	6.20491	-0.0351846	0.685339	1.32109	2.15519
JOSD1	2.55741	3.1863	0.266039				
JOSD2	0.72898	0.90135	4.54236				
JPH1	-0.0446525	-0.38864	-3.71673				
JPH2			0.886737				
JPH3	0.764354	-1.20387	-5.31268	-0.0372235	-0.875502	3.0199	0.438694
JPH4	1.53046	-0.392292	-1.88292	0.312966	-0.736025	4.08574	1.83672
JPT1	1.17791	-1.22693		0.147167	-0.91044	-1.02902	-1.50038
JPT2	-1.16124	-0.336646		-0.522967	0.291244	-5.32428	-3.6546
JPX	-3.20237	-3.78318	1.5314				
JRK	-1.89213	0.0262044	1.20114				
JRKL			3.69799				
JSRP1			0.253052				
JTB			1.69879				
JUB			-2.13547				
JUN	0.739423	-1.37159	-0.391559	-0.129662	-0.719772	-1.7864	-2.23489
JUNB			-3.0939				
JUND	-0.754986	-0.51761	-4.39877				
JUP	0.413554	-1.15996	-1.75354	-0.320628	-0.41887	-0.108085	-0.53087
KAAG1			1.85041				
KALRN	2.7478	2.9866	-0.57568	0.363367	0.802875	5.51648	4.46513
KANK1	-2.68989	-3.30629	-4.32872				
KANK2			-1.26149				
KANK3	0.473524	1.62174	1.84162	-0.0931459	0.491196	1.03742	1.42459
KANK4	-1.528	-0.326889	-2.2893	-0.551281	0.341962	-6.17235	-4.29621
KANSL1	0.345675	1.84278	-3.50906	-0.0137093	0.671272	1.87108	2.46426
KANSL1-AS1	-1.17775	-1.8156		-0.24203	-0.490774	0.213353	-0.121029
KANSL1L	-1.20598	-1.02422	-3.08978	-0.493313	-0.0665191	-0.98008	-0.860177
KANSL2	-2.20339	0.338749	-2.37195				
KANSL3	2.95761	3.14867	0.392781				
KARS			-0.44929				
KAT14	2.67912	-0.116367					
KAT2A	2.56128	3.20734	-0.174224	0.22845	0.388726	3.78297	4.52402
KAT2B			-2.35627				
KAT5			-0.023194				
KAT6A	-0.149325	1.29609	-0.247027	-0.0282372	0.276117	2.38705	3.28057
KAT6B	-1.1427	0.455633	-3.07997	0.037783	0.459553	3.36922	4.22075
KAT7	2.58214	1.92532	6.19459				
KAT8	-0.09397	1.53687	0.045936	0.0520804	0.489386	0.349865	1.03114
KATNA1			-1.48789				
KATNAL1	3.39682	3.81648	1.83893	0.182119	0.491696	1.62629	1.96878
KATNAL2	1.08337	1.92416	-0.583869	-0.167672	0.463249	-0.917154	-0.275058
KATNB1			1.47459				
KATNBL1	2.05039	2.62763	-1.93647				
KAZALD1	-1.42638	-0.462479	3.91608	0.163327	0.549969	-3.08669	-3.0544
KAZN	1.22365	1.39412		0.0652645	0.465678	0.192016	0.387897
KBTBD11	5.79639	5.05363	1.41548	0.364117	0.283592	5.01789	5.85435
KBTBD12	-2.53654	-0.122185	-4.80184	-0.065624	0.689344	-1.46736	-0.324424
KBTBD2	-0.598265	1.32194	2.49984	-0.0619198	0.690334	-0.638242	0.616983
KBTBD3	1.49735	2.40425	3.58164	0.00715648	0.889348	-0.739093	0.508641
KBTBD4	2.86759	4.01735	3.03762				
KBTBD5			-0.188927				
KBTBD6	-0.237619	-1.54547	-6.84078	0.0439145	-0.769883	-0.27324	-0.775714
KBTBD7			1.46291				
KBTBD8	1.17924	2.40171	6.97039				
KCMF1	0.884129	1.7705	-0.923481	0.139888	0.717559	-0.198761	0.289736
KCNA1	-0.584309	0.871422	1.88995	-0.0512114	0.9118	-2.52233	-0.813315
KCNA10			-1.12172				
KCNA2	1.14868	2.23985	7.60204	0.225185	0.860289	0.235024	0.866294
KCNA3	-0.71449	0.902068	4.55487	-0.0707134	0.896704	-2.79059	-0.951894
KCNA4	1.90613	0.286388	-0.447746	0.41019	-0.620233	1.62488	0.738875
KCNA5	3.87314	0.608286	4.58929	0.0667774	-0.710211	3.82271	2.15808
KCNA6			1.11684				
KCNA7			2.57638				
KCNAB1			-0.642092	0.171133	-0.314961	0.530501	0.162729
KCNAB2	-1.20969	-0.737014	-2.34588				
KCNAB3	-1.04232	1.24801	1.62475	0.0305616	0.938483	-0.913062	0.559712
KCNB1	4.23013	3.6139	5.76883	0.349776	0.846435	3.64112	3.49441
KCNB2	4.01471	1.83879	2.73546	0.452381	-0.448797	4.95388	4.20307
KCNC1	-0.12539	1.41866	3.90087	0.0612297	0.938219	-1.75439	-0.200838
KCNC2	2.88853	3.63661	10.3736	0.357941	0.492915	2.47611	2.93901
KCNC3	-0.109603	1.40022	2.6319	0.0423362	0.935037	-1.99898	-0.369153
KCNC4	-1.58067	0.710532	-0.698178	-0.0928703	0.853588	-2.77158	-1.2534
KCND1			-0.291146				
KCND2	7.82216	4.30962	6.0521				
KCND3	1.08307	2.6729	0.847417	0.36639	0.495698	1.54445	2.25662
KCNE1			-6.20908				
KCNE2	5.62377	2.14286	0.503832				
KCNE3			-2.23195				
KCNE4	-4.96153	-5.97344	-6.35797	-0.347613	-0.407817	-4.11048	-4.9395
KCNE5	-7.5955	-4.83821	-7.62776	-0.608261	0.159044	-6.41598	-5.5132
KCNF1			2.67169				
KCNG1	0.478515	-1.16839	-4.76976	0.02805	-0.951513	2.08711	0.134529
KCNG2			-2.59511				
KCNG3	6.36513	0.949774	1.40977	0.240442	-0.778045	3.96828	1.64175
KCNG4			1.18871				
KCNH1	3.78271	3.72608	7.13602	0.449675	0.637317	0.836576	1.36857
KCNH2	2.90185	0.152985	1.43421				
KCNH3	-1.59661	-0.607516	-1.89357				
KCNH4	0.984836	2.35325	3.17438	0.382833	0.629404	3.10654	3.99235
KCNH5	2.97218	2.86158	8.03791	0.366388	-0.0831753	0.311487	0.242525
KCNH6	0.657452	1.75392	4.73006	0.00782438	0.875759	-1.31918	-0.258278
KCNH7	2.62674	0.112735	5.95219	0.10485	-0.688379	-1.28564	-2.29167
KCNH8	-2.74095	-0.431766	1.0742				
KCNIP1	-1.44441	-2.49603	-2.74175	0.0384275	-0.589629	0.218348	-0.652382
KCNIP2	-3.48319	-1.56819	-2.91644	-0.127286	0.36772	-1.60183	-1.1887
KCNIP3	1.87439	3.12325	3.30461	0.304075	0.610019	2.62857	3.58249
KCNIP4	6.04241	5.06148	3.22699	0.558663	0.268164	2.29185	2.68181
KCNJ1			-6.06623				
KCNJ10			-1.18557				
KCNJ11	1.60598	2.34901	9.09642	0.199962	0.649005	-0.0733382	0.558031
KCNJ12	8.52994	3.34659	9.49088	0.45588	-0.289673	4.85781	3.67665
KCNJ13			-4.27246				
KCNJ14	-0.306564	1.11756	2.33315	0.0632801	0.696162	-0.979828	-0.27051
KCNJ15			-1.21495				
KCNJ16	-1.64385	-2.21327	-2.82512	-0.252877	-0.517929	-0.611117	-1.01226
KCNJ2	-0.276672	1.16297	0.347014	-0.209974	0.383071	-0.791574	-0.130249
KCNJ2-AS1			-0.077851				
KCNJ3	0.115559	1.59851	5.82457	0.133717	0.818265	-0.770175	0.506269
KCNJ4	5.74156	4.28029	-1.18814				
KCNJ5	0.71597	0.0505267	2.3823	0.111642	-0.566653	2.69292	2.0146
KCNJ6	0.628735	1.3069	4.515				
KCNJ8	2.27252	2.37895	4.1755	-0.00760154	0.148597	0.578383	0.326148
KCNJ9	-2.49429	0.0755013	-0.66983				
KCNK1	3.04149	1.75447	2.6528	0.422615	-0.461119	-0.931231	-1.785
KCNK10	-1.38271	0.249884	-2.45299				
KCNK12	-4.60407	0.291167	-1.81677	0.0163965	0.811587	-2.57222	-0.796599
KCNK13			-2.73834				
KCNK15	-1.48332	-0.202391	0.035058				
KCNK16			-3.18011				
KCNK17			-0.453992				
KCNK18			-1.21545				
KCNK2	0.142958	-1.5384	-2.04761	-0.0889658	-0.742609	0.673458	-0.480663
KCNK3	4.26919	1.73048	5.63645	0.358645	-0.526828	3.63107	2.08531
KCNK4			0.964007				
KCNK5			-2.75717				
KCNK6			-0.944				
KCNK7	-1.4159	-0.945414	-3.93742				
KCNK9			5.15172				
KCNMA1	-2.41118	-2.8561	-1.81035	0.210821	0.138883	-2.41048	-2.64077
KCNMB1	-1.75977	-2.7777	-1.76006	-0.301781	-0.462794	-0.306924	-0.730647
KCNMB2	2.01861	-0.246682	0.429712	-0.149515	-0.630366	-0.716623	-1.49269
KCNMB3	-0.145868	1.24921	2.03642				
KCNMB4	3.41658	-0.158859	1.98048	0.103044	-0.875536	2.86511	0.0517563
KCNN1			-0.426686				
KCNN2	2.75344	1.50917	3.57437	0.096919	-0.367939	2.61115	2.05572
KCNN3	-0.317355	-1.67186	-4.45094	-0.0580097	-0.861014	1.58031	0.0904254
KCNN4	-1.12194	0.105016	-3.57953	-0.417733	0.470115	-4.32631	-2.92735
KCNQ1	-1.99051	-2.45161	-6.00068	-0.241691	-0.728247	-3.06204	-3.05287
KCNQ1DN	-1.14061	-1.85719	-0.265709	-0.382388	0.00593575	-5.46431	-5.35083
KCNQ1OT1			-3.75344				
KCNQ2	0.832954	-0.235294	-2.48704	-0.213728	-0.589325	-3.10575	-3.85652
KCNQ3			0.05549				
KCNQ4			0.974423				
KCNQ5	2.44844	3.21445	6.37043	0.218232	0.781354	1.34676	1.70294
KCNRG			0.511674				
KCNS1	1.46181	2.38858	9.3433	0.186447	0.872678	0.203663	0.807275
KCNS2	4.96962	4.62856	8.2604	0.47759	0.748501	3.0522	3.48132
KCNS3	0.998375	1.80002	4.94826	-0.0413351	0.597219	-0.85943	-0.298386
KCNT1	-1.15833	1.28736	1.77586	0.0671954	0.883932	0.666349	1.46028
KCNT2	6.91821	3.99976	6.04527	0.3527	-0.356113	5.19174	3.72059
KCNU1			3.36614				
KCNV1	6.86572	3.85509	7.52581	0.691781	-0.122169	2.07416	1.60546
KCNV2	-0.245225	1.44733	-2.95595				
KCP			-1.72618				
KCTD1	3.41416	3.72457	6.12314	0.604039	0.460264	1.70877	2.17827
KCTD10	-1.14101	-2.60851	-5.66636	-0.146301	-0.600037	-2.00623	-2.48684
KCTD11			-3.76841				
KCTD12	-1.14027	-2.31794	-6.63333	-0.136636	-0.894968	-2.47301	-2.4285
KCTD13			-3.29486				
KCTD14			-1.70573				
KCTD15	1.5274	-0.35564	-1.85334	0.0276039	-0.677131	5.10021	3.0589
KCTD16	2.01534	2.63372	0.592125				
KCTD17	0.0356044	-1.36169	-1.80214				
KCTD18			-0.25113				
KCTD19			-1.54064				
KCTD2	3.48929	1.89254	2.39294				
KCTD20	-0.207499	0.507388	0.545947				
KCTD21	1.15719	-0.451544	-1.88177	-0.224642	-0.595389	-0.222104	-0.859613
KCTD3	-5.83073	-2.48652	-7.48451	-0.553108	0.255459	-1.74081	-0.992362
KCTD4	0.322699	-1.41201	-3.00211	0.133524	-0.815456	-0.571818	-1.21081
KCTD5			-3.52461				
KCTD6	2.78146	0.381864	-2.98553	0.00684504	-0.606986	0.577125	-0.21994
KCTD7			-1.4532				
KCTD8	1.74336	2.37114	3.72172	0.301483	0.596014	-0.860772	-0.191228
KCTD9	0.660094	1.76897	3.44051	0.0309568	0.806094	-0.153297	0.500707
KCTD9P2			6.80368				
KDELC1	2.60729	3.33598	3.28679	-0.144863	0.582111	2.2991	2.89595
KDELC2			0.075774				
KDELR1			-4.80888				
KDELR2			-2.86819				
KDELR3	3.46266	1.91464	2.97572				
KDF1	-0.155535	1.70149	-1.70144	0.207481	0.685759	2.15896	3.16822
KDM1A	-2.02769	-0.827186	-1.79954				
KDM1B	-0.327537	-2.02818	-2.39605	0.0392062	-0.619252	0.644635	-0.13367
KDM2A			-1.63981				
KDM2B	-0.977046	1.21159	0.426867	-0.0384732	0.593466	0.481943	1.53157
KDM3A	2.59106	2.42229	5.98378				
KDM3B	-1.80762	0.324134	-0.482283				
KDM4A	-2.0316	0.798945	-2.32152				
KDM4B	-0.19979	0.572663	-0.520305				
KDM4C	-2.21281	0.858405	-3.46722	-0.157627	0.649963	-0.147356	0.931827
KDM4D			-1.28285	0.144924	0.0381294	0.0386202	0.211353
KDM5A	0.185273	1.53665	-2.07714				
KDM5B	-1.86133	-0.589334	-0.245749	0.0864221	0.0489409	-0.61387	-0.336171
KDM5C	-0.882456	0.873018	-4.14229				
KDM5D	0.690036	1.95152	-2.30068				
KDM6A			-1.4464				
KDM6B	-1.13164	1.16732	1.83465				
KDM7A	-1.12386	1.18146	-1.16059	-0.0338189	0.755366	-0.930298	0.396266
KDM8			2.87973				
KDR	-0.862309	-0.517123	-0.324561	-0.22067	0.480467	-1.77467	-1.18531
KDSR			-6.29545				
KEAP1	-1.75189	-0.261685	-0.592305				
KEL			1.97083				
KERA			-0.59752				
KHDC1	2.40441	1.69269	7.06764				
KHDC1L	1.19409	0.915644					
KHDC4	-2.36611	0.231797	-4.03196	-0.066355	0.519626	-0.511358	0.433857
KHDRBS1	-0.685367	-1.267	-2.27548				
KHDRBS2	2.71439	1.95708	0.578975	0.520966	-0.367713	3.61394	3.04414
KHDRBS3	3.0739	3.54333	1.09193				
KHK	4.67687	4.19268	4.83245				
KHNYN	0.698295	1.84546	-0.843607	-0.0958543	0.307441	4.33002	4.89546
KHSRP	-1.10221	-1.1362	-6.63598				
KIAA0040			0.891071				
KIAA0087	-1.87829	-1.21304	-1.30598				
KIAA0100	0.967894	-0.505598	-1.47491				
KIAA0125			0.695166				
KIAA0141			-5.54891				
KIAA0232	1.91011	2.41819	7.03865				
KIAA0319	-0.409875	-0.821806	-4.50787	0.0727343	-0.518653	2.05254	1.65256
KIAA0319L			3.12406				
KIAA0355	-0.829129	0.512403	-1.31991	-0.488114	0.390165	-1.04578	-0.242723
KIAA0368	1.19903	2.23015	-1.64485	0.169228	0.589665	0.889802	1.45279
KIAA0391	-0.204991	1.4444	-2.54281				
KIAA0408			6.6298				
KIAA0467			-3.69894				
KIAA0513	-0.848738	-0.115981	-4.72183	0.15011	-0.0834925	-0.505866	-0.479152
KIAA0556			0.323924				
KIAA0586	-1.36368	0.65061	-4.44104				
KIAA0664			-3.3913				
KIAA0753	-0.699039	-0.274886	-0.556948				
KIAA0754			-3.45101				
KIAA0825	0.30253	0.987209	-1.10493	0.119084	-0.1058	2.64226	3.17666
KIAA0895	-3.7855	-1.57412	-1.48266	-0.114878	0.212377	-0.200559	0.243809
KIAA0895L	-0.45508	0.455485	-5.50042	-0.0935518	0.00780313	2.14797	2.99098
KIAA0922			4.00642				
KIAA0930	-2.27352	-2.98627	-0.859923				
KIAA1024	4.02169	0.253839	1.2736	0.0148033	-0.773261	4.38334	1.91825
KIAA1024L			3.67034				
KIAA1045			4.69541				
KIAA1107	1.68893	2.93042	6.96476	0.222021	0.783835	1.69499	2.49557
KIAA1109	-3.98253	-0.867378	-5.43578				
KIAA1143			-4.8209				
KIAA1147	-1.67594	-2.54112	-3.79774	-0.304883	-0.609604	-0.184957	-0.768387
KIAA1191	-0.653204	-1.74025	-5.26413	0.0751402	-0.535776	-0.0501869	-0.762144
KIAA1210			-0.921008				
KIAA1211	-5.2328	-5.27273	-5.30381	-0.438653	-0.354762	-3.39501	-3.81387
KIAA1211L	1.95307	1.83631		0.63313	0.0568805	1.35712	1.35132
KIAA1217	-0.130721	1.24716	-1.39981	-0.17059	0.0668868	1.00869	1.74268
KIAA1257	-2.37126	-1.93036	-5.1345	0.0816137	0.0368641	-0.627647	-0.465399
KIAA1279			2.74094				
KIAA1324	-1.20325	-0.63387	-4.54241	0.0865191	-0.0368874	0.204249	0.4677
KIAA1324L	-0.41748	1.30174	1.78133	-0.0920999	0.370774	0.0622716	0.685355
KIAA1328	1.83858	-0.329086	-1.00379	-0.00382318	-0.662616	1.79981	0.655988
KIAA1370			-0.552778				
KIAA1468	1.32731	1.67971	-2.56481				
KIAA1522	0.25709	-0.0844688	-2.46871	0.514089	0.0723897	3.31277	3.2554
KIAA1530			-0.308924				
KIAA1539			-3.19879				
KIAA1549	9.40786	4.93846	-3.04396	0.710271	-0.373137	8.32699	5.9388
KIAA1549L	9.57454	5.43894	6.62682	0.793104	0.0800557	6.45461	6.57062
KIAA1551	0.737243	2.28392		-0.0832704	0.671695	2.3264	2.95062
KIAA1586	-0.68382	1.12849	-1.89586	0.019392	0.62879	0.355171	0.981804
KIAA1609			-2.76777				
KIAA1614	1.34099	2.76084	-0.797214	0.0120549	0.668206	2.16067	2.73932
KIAA1656	0.76629	1.26374		0.204218	0.560731	-1.45738	-1.26632
KIAA1671	-0.0602959	1.19064	-1.08556				
KIAA1755			0.611388				
KIAA1841	-1.98153	0.479443	-3.20997	-0.265272	0.781718	-4.32978	-1.45303
KIAA1919			-0.897408				
KIAA1958			-0.5037				
KIAA1984			4.60232				
KIAA2013			-2.70505				
KIAA2026			-4.04052				
KIDINS220	0.419935	-1.54351	-2.8115	-0.0587254	-0.60828	0.0287415	-0.698765
KIF11	-0.0165547	1.10348	3.89596				
KIF12	-0.322992	-2.02286	-5.65065	0.014074	-0.880579	-1.49012	-1.85253
KIF13A			-0.243939				
KIF13B			-1.73266	-0.481497	0.259473	-3.34987	-2.60609
KIF14			-0.138243				
KIF15	-1.71446	-0.450843	0.00154	0.138347	0.347343	0.107154	0.717665
KIF16B	-0.968692	0.842929	0.476626	-0.167356	0.475317	-1.20714	-0.274231
KIF17	6.56382	3.92418	10.8188	0.658398	-0.0445497	4.25995	3.95642
KIF18A			-2.34222				
KIF18B			0.506446				
KIF19			0.030633				
KIF1A			-3.24996				
KIF1B	1.7952	-0.724925	-4.10457	0.10166	-0.64969	1.65056	0.500852
KIF1BP	1.87706	0.144389					
KIF1C	-2.48036	-3.08706	-2.11294				
KIF20A			-4.76351				
KIF20B			-0.579747				
KIF21A	0.359014	1.25008	-2.61659	-0.0100491	0.470689	-0.63775	-0.159957
KIF21B	1.32522	-1.01927	1.06229	0.200446	-0.901957	1.76701	-0.137355
KIF22	1.37512	0.199452	0.03809	0.0389686	-0.592	1.73068	1.09871
KIF23	-0.343943	0.368952	1.34921				
KIF24			1.3758				
KIF25			1.93774				
KIF26A	2.24403	1.5068	-1.14322	-0.046133	-0.080412	3.4177	3.45459
KIF26B	1.10376	-0.348668	-1.07968	0.0109247	-0.519277	1.34601	0.651489
KIF27	-0.8565	1.20015	-2.5631	-0.126751	0.585105	-0.707876	0.612951
KIF2A	2.13118	-0.578782	-1.91522	-0.0567224	-0.76059	0.691856	-0.425803
KIF2B			0.814913				
KIF2C	1.1085	2.12731	4.10406	0.27146	0.564713	2.77164	3.36799
KIF3A	1.18461	-0.0280542	1.32574				
KIF3B	-0.346892	-0.692541	-0.239266				
KIF3C	3.08253	0.816461	1.49317	0.359891	-0.429715	0.748513	-0.124615
KIF4A			2.68012				
KIF4B	-2.09653	0.0358404					
KIF5A	-1.98393	0.429101	-2.55625	0.00841307	0.734559	0.647833	1.60189
KIF5B	-6.97493	-3.42584	-3.66406	-0.442708	0.399564	-3.03611	-2.04155
KIF5C	-1.57616	-0.838818	-2.14381				
KIF6	-3.36641	-4.03432	-1.27998				
KIF7	-1.40955	-0.189413	-2.6972				
KIF9	0.514422	1.35883	1.6316	0.0610923	0.629572	-1.12912	-0.613513
KIF9-AS1	-1.23721	0.528835		-0.109898	0.53328	0.629369	1.92178
KIFAP3	1.76948	1.56949	3.73785	0.0688293	-0.192565	0.221292	-0.163847
KIFC1			-1.21148				
KIFC2	1.18154	2.65547	-2.55962	0.365063	0.387061	2.27998	3.00999
KIFC3			-1.02865				
KIN	-1.74953	0.425607	-2.23796	0.0211708	0.41852	-0.286091	0.487204
KIR2DL1			0.76735				
KIR2DL4			1.23122				
KIR2DL5B			-1.41083				
KIR2DS4			-3.23488				
KIR3DL1			-2.17772				
KIR3DL2			-1.05743				
KIR3DL3			-3.98607				
KIR3DP1			-1.5823				
KIR3DX1			-0.106941				
KIRREL1			-1.22456				
KIRREL2	2.01925	-1.52653	-1.39344	0.114834	-0.88104	-1.32038	-2.32006
KIRREL3	2.98996	0.601659	-0.070282	0.535338	-0.423764	3.51446	2.23319
KISS1			1.08762				
KISS1R			-2.17023				
KIT	-0.256221	0.0811599	-0.14046				
KITLG	1.65539	2.47848	2.86967	0.0855847	0.649059	0.216741	0.824022
KIZ	-2.77807	-0.827872	-3.60279	-0.395601	0.375913	-7.22592	-4.87279
KL			-7.01295				
KLB			-3.91973				
KLC1	2.30805	0.475645					
KLC2	0.845927	1.78318	4.13326	0.188972	0.632845	-0.628114	0.0400563
KLC3			-0.827646				
KLC4	-3.11766	-0.597441	-0.634924	-0.223205	0.467487	-0.548195	0.143271
KLF1			-0.987689				
KLF10	2.38174	-0.0702205	0.912631	0.371206	-0.758937	1.46497	0.0314518
KLF11	1.07523	1.92322	4.7724				
KLF12	2.10975	3.87148	5.65906	0.177664	0.847837	4.07254	4.03151
KLF13	-0.971472	0.482106	0.828581	0.224034	0.420529	0.284909	0.722862
KLF14			-2.66779				
KLF15	-1.35695	-1.89983	-4.96454				
KLF16			-3.63957				
KLF17			-0.934159				
KLF17P1			0.372337				
KLF2	0.67541	1.65594	1.09278	-0.177997	0.481995	-0.474891	0.198467
KLF3	-1.14945	-1.637	1.32956	-0.446844	-0.0572321	0.249802	0.334022
KLF3-AS1	0.351802	1.82334					
KLF4	0.816815	1.28348	1.7356	-0.15742	0.0328939	-0.246341	-0.190734
KLF5	-0.513049	-0.316626	-3.69675	0.00442847	-0.0836844	1.28146	2.05582
KLF6	4.74967	1.86141	-1.8633	0.0599657	-0.694083	2.5174	0.806886
KLF7	-0.838513	-1.57299	-0.028073				
KLF8	3.06312	-0.227657	-0.63682	0.0165449	-0.908208	1.30606	-0.355577
KLF9	1.3595	2.37266	6.09378	0.238618	0.854153	0.866462	1.56009
KLHDC1	0.123473	1.54632	-1.51362				
KLHDC10	-0.299947	-0.141137	-5.43799				
KLHDC2	1.94685	2.49529	1.86256	0.376358	0.378893	2.21094	2.8721
KLHDC3	4.39621	3.90035	5.28617				
KLHDC4			3.43206				
KLHDC7A			0.339395				
KLHDC7B			0.146039				
KLHDC8A	1.07583	-0.888057	0.575867	-0.163491	-0.646186	0.325646	-0.955474
KLHDC8B	3.55117	-0.289639	-0.368931	0.104301	-0.926029	5.08674	0.855723
KLHDC9	6.91137	5.31518	3.46486				
KLHL1	-2.33185	-3.91775	-5.28209	-0.2459	-0.770484	-3.51346	-3.80141
KLHL10			2.52628				
KLHL11	0.336962	1.73374	1.45487	0.0603306	0.684964	-0.11783	0.960039
KLHL12	6.0118	0.610006	4.20345	0.308681	-0.750486	4.00318	1.41212
KLHL13	-2.67001	-3.63895	-4.75778	-0.456026	-0.656749	-4.37519	-5.07035
KLHL14			6.67089				
KLHL15	0.897784	2.70069	1.85804	0.144465	0.559283	2.34035	2.75364
KLHL17	3.13286	3.83377	7.11827	0.20639	0.630395	1.95809	2.49597
KLHL18	5.89711	5.49102	-0.7453				
KLHL2	2.9171	0.52492	1.41743	0.277701	-0.594846	1.87869	0.810167
KLHL20	-0.837392	1.23447	-1.21788	-0.103124	0.682583	-1.57179	-0.233633
KLHL21	1.04749	2.58267	-2.42569	-0.140392	0.605555	0.156926	1.10768
KLHL22			-0.175325				
KLHL23			-0.824801				
KLHL24	-1.40699	1.23641	-0.029895	-0.227957	0.726824	1.61436	2.1402
KLHL25	8.67278	3.2399	4.56517	0.309094	-0.4415	9.43622	6.11668
KLHL26	5.69519	2.53997	4.87725				
KLHL28	0.962237	1.96362	2.1633				
KLHL29	1.06526	0.777533	-0.775047	-0.0449085	-0.0300342	-0.982651	-1.36561
KLHL3	-0.555066	1.05673	-5.16514	-0.0656828	0.399623	0.0731865	0.680889
KLHL30			0.494724				
KLHL30-AS1			0.495524				
KLHL31			-0.598805				
KLHL32			-1.75042				
KLHL33	-3.5595	-1.44067	-1.95955				
KLHL34	-0.766748	0.176409	-2.24606				
KLHL35	4.8371	1.10282	5.23109	0.296408	-0.690354	0.452803	-0.531777
KLHL36	-3.09163	-1.72461	0.224021	-0.041399	0.18533	-0.816143	-0.34285
KLHL38			0.699246				
KLHL4	1.84152	1.99621	0.728325	-0.0125451	0.293322	-0.413597	-0.104635
KLHL41	-0.804088	-0.427557	-1.93685	-0.0317295	-0.278404	0.22824	0.349594
KLHL42	-1.09413	0.255849	0.687441				
KLHL5	-3.41259	-3.99651	-2.21621	-0.347717	-0.330952	-1.28998	-1.67698
KLHL6			-0.379418				
KLHL7			-1.05949				
KLHL8	0.676907	1.474	4.12442	0.282685	0.489252	0.597336	1.06054
KLHL9	1.98419	2.70169	0.170455	-0.0340822	0.555812	1.95682	2.42716
KLK1			1.7603				
KLK10	3.94204	-0.605256	4.4831	0.0943405	-0.883056	0.721518	-1.04956
KLK11			-0.475266				
KLK12			-0.0207				
KLK13			-0.538735				
KLK14			0.883366				
KLK15			0.341932				
KLK2			-2.71337				
KLK3			-3.08759				
KLK4			-3.39692				
KLK5	3.60334	-0.368474	7.85467	0.300286	-0.789026	2.06747	0.0698495
KLK6	-1.27577	-0.296554	-0.161446	-0.512119	0.286484	-5.42046	-3.72159
KLK7	0.0392592	-2.02154	3.75303	0.0759551	-0.769719	-2.41933	-3.56142
KLK8			1.02407				
KLK9			0.822165				
KLKB1			-3.16528				
KLRA1P	-0.152496	1.31529					
KLRB1			2.1641				
KLRC1	-1.5958	-2.44199					
KLRC2	-1.33049	-2.26846	-1.38318	-0.224671	-0.601984	-1.13092	-1.79061
KLRC3	-0.974387	-1.98955	-0.002955	-0.209651	-0.512192	0.19117	-0.416071
KLRC4			-0.580043				
KLRD1			-3.48374				
KLRF1			0.436094				
KLRG1	0.516382	-1.15391	-1.62846	-0.156922	-0.706272	-0.728374	-1.37383
KLRG2			-2.45667				
KLRK1			0.150985				
KMO	6.6566	2.69895	10.3789	0.55714	0.0717462	5.34769	5.33294
KMT2A	-1.19855	0.123812	-6.65008				
KMT2C			-7.25853				
KMT2D	-0.852695	-1.04348					
KMT2E	0.0208609	1.58157	-0.280524	0.0855194	0.592571	0.311198	1.31925
KMT5A	0.131024	0.0199889	-2.58408				
KMT5B	2.4953	3.36336	-1.01928	0.170369	0.531267	4.71118	5.12861
KMT5C			3.72835				
KNCN			2.00152				
KNDC1	-1.06444	0.953089	-0.903296	0.261112	0.65003	-0.1892	0.498186
KNG1	-0.926129	0.716639	1.46812	-0.0988873	0.770568	-1.14788	-0.11283
KNOP1			-1.9311	-0.402462	0.210651	-1.39267	-1.03112
KNSTRN			0.057663				
KNTC1	3.90486	3.10068	0.758782	0.159442	-0.407698	1.70253	1.2837
KPNA1			2.6305				
KPNA2	3.41223	0.0875574	1.38048				
KPNA3			-6.53481				
KPNA4	3.20464	-0.135527	0.773988	0.180466	-0.676821	1.92681	0.367139
KPNA5	0.191088	1.87939	1.66484	0.12198	0.527511	0.322725	1.24315
KPNA6			-2.1267				
KPNA7			1.73088				
KPNB1			-2.92243	0.0916487	-0.576276	2.80663	2.06579
KPRP			1.51527				
KPTN	0.24806	-0.926542	-0.891686				
KRAS	5.96634	2.92072	-1.10487	0.293833	-0.488625	2.72972	1.50459
KRBA1	-2.99099	-0.0442977	-2.09546	-0.0878176	0.695615	-1.37875	-0.513251
KRBA2			-0.3319				
KRBOX4	2.20855	-0.168128		0.0091547	-0.734735	1.65837	0.66117
KRCC1			-3.39983				
KREMEN1	-3.72323	-0.565155	-4.14858	-0.209697	0.760318	-1.99012	-0.327193
KREMEN2	2.46985	0.0734776	8.17938	0.182687	-0.686282	-0.84413	-1.74606
KRI1	-2.23285	0.795824	-1.36747	-0.126099	0.559412	-0.87949	0.0743532
KRIT1	0.128569	1.83004	0.522746	-0.0759468	0.696757	0.839833	1.9828
KRR1	0.474419	1.15113	0.14216				
KRT1			-1.23214				
KRT10	-3.60764	-3.25777	-4.86851				
KRT12			-1.69839				
KRT13			-0.370184				
KRT14	0.25187	-0.796544	-0.865326	-0.0852975	-0.649544	0.446965	-0.323806
KRT15			-0.954439				
KRT16			-2.30141				
KRT16P2			-0.607781				
KRT17	-0.0258395	-1.28545	-0.826573	-0.231747	-0.675166	0.0941755	-0.699872
KRT18				-0.125185	0.144145	-1.52131	-1.23086
KRT18P19			-1.32145				
KRT18P26			-0.645107				
KRT18P55	-1.84989	-1.22849	-2.32986				
KRT19	1.90742	0.709459	-3.32349	-0.28696	-0.303454	3.81722	3.69794
KRT2			-1.31876				
KRT20			-1.09624				
KRT222	-0.195265	1.16862	2.38795	0.0429455	0.64882	-0.951465	-0.24032
KRT23			-0.819135				
KRT24			2.82397				
KRT25			1.81956				
KRT26			0.146776				
KRT27			-1.52378				
KRT28			-3.788				
KRT3	-4.37346	-1.74218	-1.95281				
KRT31	2.20688	2.59121	-0.154526	-0.255118	-0.374052	3.01376	2.82616
KRT32			-0.449881				
KRT33A			0.31055				
KRT33B	0.896546	0.813416	-0.744176	-0.196354	-0.551436	2.72117	1.99583
KRT34			-1.61638				
KRT35			-3.71219				
KRT36			2.38624				
KRT37			-3.8547				
KRT38			-1.2303				
KRT39			-0.439059				
KRT4			0.42407				
KRT40			-1.52621				
KRT5	3.33294	2.67182	9.15058	0.460167	0.233841	0.806701	0.676768
KRT6A			3.38175				
KRT6B			-0.226606				
KRT6C			-0.351005				
KRT7			-0.181918				
KRT71	-2.35187	-0.996922	-0.184831				
KRT72			-1.59605				
KRT73			-0.645045				
KRT74			-2.63138				
KRT75			0.41844				
KRT76			2.77899				
KRT77			-0.6902				
KRT78			-1.82723				
KRT79			-1.55493				
KRT8	-0.554656	0.977094					
KRT80			0.741318				
KRT81			-2.13678				
KRT82			-2.05514				
KRT83	2.33122	0.39708	4.15761	0.309809	-0.489691	1.69278	0.972266
KRT84			-3.63443				
KRT85	-1.30566	-2.06138	-1.51585				
KRT86	2.28494	0.133215	2.99616	-0.0127359	-0.646545	1.71248	0.40393
KRT8P41			2.0823				
KRT8P45			3.68362				
KRT8P9			1.03711				
KRT9			-0.18516				
KRTAP1-1			-1.98572				
KRTAP1-3			-2.49918				
KRTAP1-4			0.378501				
KRTAP1-5			-1.77993				
KRTAP10-1	0.168888	1.38878	-2.54512				
KRTAP10-10	-3.57617	-3.03035	-3.44908	-0.278179	0.407427	-3.3106	-2.7664
KRTAP10-11			-0.878026				
KRTAP10-12			-2.30731				
KRTAP10-2	-2.06556	-0.285184	-1.20413				
KRTAP10-3			-2.98212				
KRTAP10-4			-1.63658				
KRTAP10-5	-0.787515	0.51096	-1.93391				
KRTAP10-6			-2.45683				
KRTAP10-7			-3.14554				
KRTAP10-8			-2.6008				
KRTAP10-9			-2.48188				
KRTAP11-1			-2.45125				
KRTAP12-1			-0.27609				
KRTAP12-2			-1.65036				
KRTAP12-3			-1.85109				
KRTAP12-4			-3.23226				
KRTAP13-1			-4.83931				
KRTAP13-3			-1.23454				
KRTAP13-4			-0.690604				
KRTAP13P2			-4.89578				
KRTAP15-1			-4.17555				
KRTAP17-1	0.825848	-0.531153	-4.44931				
KRTAP19-1			-4.22185				
KRTAP19-2	-2.31105	-2.6214	-4.82446				
KRTAP19-4			0.738816				
KRTAP19-5			-2.19192				
KRTAP19-6			-1.56668				
KRTAP19-7			-0.834951				
KRTAP19-8			-2.56518				
KRTAP2-1			-1.74942				
KRTAP2-2			-2.94315				
KRTAP2-3			-1.49756				
KRTAP2-4			-1.77507				
KRTAP20-1	1.56822	0.66828	-0.055341				
KRTAP20-2			0.333093				
KRTAP20-3			-1.27795				
KRTAP21-1			-2.35787				
KRTAP21-2			-3.30002				
KRTAP22-1			-3.15805				
KRTAP23-1			-3.39193				
KRTAP24-1			-1.19646				
KRTAP25-1			-1.22347				
KRTAP26-1			0.347331				
KRTAP27-1			0.632422				
KRTAP3-1			-1.78266				
KRTAP3-2			-1.99835				
KRTAP3-3			-0.79381				
KRTAP4-1			-3.86873				
KRTAP4-11			-2.13031				
KRTAP4-12			-3.92964				
KRTAP4-2			-2.25163				
KRTAP4-3			-2.6948				
KRTAP4-4			-1.5622				
KRTAP4-5			-2.83044				
KRTAP4-6			-1.19069				
KRTAP4-7			-2.03249				
KRTAP4-8			-0.356205				
KRTAP4-9			-0.822796				
KRTAP5-1			-4.2507				
KRTAP5-10			-2.82099				
KRTAP5-11			-2.15293				
KRTAP5-2	-1.07626	0.872956	-5.27405	-0.135662	0.660429	-3.27366	-1.54628
KRTAP5-3			-3.17951				
KRTAP5-4			2.49407				
KRTAP5-5			-1.72576				
KRTAP5-6	1.6936	1.60555	2.26373				
KRTAP5-7	-0.8367	0.688542	-3.46593	-0.0460719	0.558303	0.773079	1.36191
KRTAP5-8	-2.85553	-2.61391	-2.40176				
KRTAP5-9	-2.15945	-0.42442	-6.0572				
KRTAP6-1	-1.66513	-0.677311	-2.55746				
KRTAP6-2			-1.40656				
KRTAP6-3	0.999623	-0.18293	-1.40104				
KRTAP7-1			-0.207143				
KRTAP8-1			-3.31866				
KRTAP9-2			-4.81888				
KRTAP9-3			-1.13902				
KRTAP9-4	-3.19761	-0.304028	-4.70966				
KRTAP9-8			-4.81478				
KRTCAP2			0.167409				
KRTCAP3	-2.59633	0.178356	-3.82835	-0.174654	0.538048	-1.00958	0.00138543
KRTDAP			0.188219				
KSR1	-3.24537	-3.97641	1.3723				
KSR2	1.58146	3.13344	-0.588993				
KTI12			1.43208				
KTN1	-1.50628	0.531679	-3.78315				
KTN1-AS1			-3.95092				
KXD1	-0.247364	-1.65014	-3.2486				
KY	5.69022	5.7115	6.72015				
KYAT1	2.82321	3.08893	5.26591	0.159674	0.752115	3.31832	3.27803
KYAT3			-0.888046				
KYNU	-0.277482	-1.31511	0.071207	-0.350917	-0.364875	-3.11627	-4.05956
L1CAM	3.35237	2.14273	-0.626494				
L1TD1	0.329061	1.63738	0.168238				
L2HGDH	-2.94348	0.960374	-2.24266	-0.122549	0.788826	-0.0674169	1.14891
L3HYPDH			-7.06342				
L3MBTL1	-1.35947	-2.27259	-5.84056	-0.213866	-0.526094	-0.964018	-1.29943
L3MBTL2	2.84643	3.5298	1.82644	0.434097	0.269442	1.41037	1.81966
L3MBTL3	0.571005	1.12926	-0.662407	0.206607	-0.0310903	1.04595	1.37502
L3MBTL4	3.79031	0.61251	4.1949	0.266251	-0.617231	6.80967	3.61421
LACC1	0.307467	1.25461	0.681143				
LACRT			3.29466				
LACTB	-2.26295	-4.16594	-5.54044	-0.317409	-0.533391	-0.904662	-1.32539
LACTB2	-2.79693	-3.32112	-3.58186	-0.500355	-0.00913862	-3.19286	-3.34336
LAD1			-3.39398				
LAG3	-1.85283	0.660124	0.982627	0.0170747	0.879658	-1.96148	0.00911887
LAGE3	2.29574	0.625359	3.8293	0.174242	-0.49094	1.11916	0.0619933
LAIR1	-4.8314	-4.88222	-1.41794				
LAIR2			0.28867				
LALBA			-2.07461				
LAMA1	0.669446	-1.0347	-2.27928	-0.180067	-0.774154	2.45951	1.11233
LAMA2	1.71492	1.86411	4.21673	-0.0834082	0.217098	0.622482	0.678157
LAMA3	-2.75115	-1.02581	-4.47008	-0.113429	0.327332	-0.589304	0.0499472
LAMA4	-6.96572	-2.90243	-5.103	-0.436322	0.604986	-4.00722	-2.19848
LAMA5	2.8123	3.40786	2.8026	0.180783	0.111083	2.44984	2.86592
LAMB1	6.3785	2.0241	6.44641	0.577551	-0.541155	4.63148	2.65763
LAMB2	-2.96298	-3.41315	-2.44029	-0.438479	-0.185001	-0.3811	-0.519696
LAMB2P1	0.599915	0.570916	-4.70003	0.0901934	-0.106077	3.12458	3.36685
LAMB3	7.02477	5.12821	9.13931	0.668931	0.331994	5.07862	5.66541
LAMB4			-0.138203				
LAMC1	-1.31767	0.879979	-1.74892				
LAMC2			-1.11277				
LAMC3	-0.398581	-1.51399	-0.851286				
LAMP1			-1.08849				
LAMP2			0.435257	-0.376514	0.297244	-2.66131	-1.92594
LAMP3			-2.37876				
LAMP5	-0.307589	-1.1663	-2.9976	0.227859	-0.0432986	-0.698703	-0.830581
LAMTOR1	-0.284154	-1.19483	-1.77331				
LAMTOR2	0.663817	-1.16321	-0.396285	-0.000539495	-0.607083	-1.01495	-1.87301
LAMTOR3	0.976244	1.92641	0.393418				
LAMTOR4	1.0266	-1.12668	0.834586	0.00455296	-0.585454	-0.767177	-1.35977
LAMTOR5			0.645186				
LANCL1	-0.809782	0.56609	0.386474				
LANCL2	-0.0309869	-1.56608	-1.88055	0.0825896	-0.665674	0.617579	-0.269527
LANCL3	3.16286	4.5252	5.88446	0.565059	0.331253	4.11725	4.70791
LAP3			-2.15243				
LAPTM4A	-2.24701	-2.83988	-5.39572	-0.426011	-0.328343	-0.392334	-0.766279
LAPTM4B	1.10171	2.20142	2.49715	0.0723007	0.851789	0.0686524	0.765571
LAPTM5	-3.17307	-3.63864	0.21205	-0.226402	-0.45273	-4.31311	-4.69727
LARGE1	3.73792	-0.806269	-3.81102	0.11889	-0.920758	1.21315	-0.944244
LARGE2			-4.14416				
LARP1	5.39485	0.282551	-3.44244	0.267251	-0.753916	3.67199	0.944529
LARP1B	2.81036	3.66446	0.07438	0.261292	0.597927	0.65585	1.22846
LARP1BP1			-0.248568				
LARP4	-4.11054	-0.548612	-1.60041	-0.255466	0.638399	-2.3014	-0.827231
LARP4B			0.349364				
LARP6	1.67826	2.31327	3.18864	0.158529	0.382458	-0.767756	-0.411038
LARP7	-6.41987	-4.75634	-4.86742				
LARS			-1.2002				
LARS2	-0.0681835	-1.36578	-2.69952	-0.0186424	-0.592141	-1.63203	-2.30707
LAS1L			-2.49574				
LASP1	2.55704	0.0643699	-3.18865				
LASS3			-3.28833				
LAT	1.34908	2.40411	-0.503174	0.0502994	0.454019	3.5913	4.53165
LAT2	-3.81172	-3.8453	-2.65184	-0.376977	-0.546217	-4.33579	-4.77792
LATS1			-2.33955				
LATS2	-3.84635	-1.40345	0.58983				
LAX1			-0.966782				
LAYN	-0.746388	-0.269324	1.45417	-0.346025	0.305403	-4.1402	-3.19397
LBH	1.42428	1.58199	-0.106288	-0.140823	0.170759	-0.0559443	-0.0544925
LBP			-1.31265				
LBR			-1.99115	-0.538918	0.123809	-1.22702	-0.778116
LBX1			-4.22101				
LBX2			-0.975681				
LBX2-AS1			-0.217033				
LCA10	-1.58036	-1.10768					
LCA5	-4.33804	0.517153	-2.82008	-0.298983	0.812922	-3.03678	-0.241049
LCA5L			-2.16812				
LCAT	-0.623857	-1.21287	-3.68722				
LCE1A			-2.66034				
LCE1B			-1.36729				
LCE1C			-2.07694				
LCE1D			-3.5678				
LCE1E			-2.31322				
LCE1F	-1.04354	-0.351296	-1.28607				
LCE2A	-1.17247	-0.431132	-5.40153				
LCE2B			-3.56989				
LCE2C			-3.65247				
LCE2D			-2.44354				
LCE3A			-0.506253				
LCE3B			1.13267				
LCE3C	1.49379	1.6554	2.28737	0.288841	0.409632	0.135693	0.160285
LCE3D			3.07665				
LCE3E			-2.72959				
LCE4A			-3.05932				
LCE5A			-2.38949				
LCE6A			-0.914494				
LCK			0.234706				
LCLAT1	5.30055	1.12796	0.605021	0.338581	-0.603556	2.6381	1.30427
LCMT1	2.32807	0.173575	3.71429	0.327703	-0.607481	1.48974	0.42322
LCMT2			2.21312				
LCN1			4.97296				
LCN10			-0.642941				
LCN12	-1.21684	-2.49312	-0.972469				
LCN15	7.3718	4.14968	5.92427	0.779631	0.0235051	4.68873	4.32065
LCN1P1			-0.983329				
LCN2			-2.82343				
LCN6			1.04573				
LCN8			5.7949				
LCN9			-0.937121				
LCNL1			-1.79358				
LCOR			0.316357				
LCP1	-3.64479	-3.40802	-0.006735	-0.302287	-0.699535	-3.74862	-3.77924
LCP2	1.59074	1.54732	7.69347	-0.0148427	0.252794	-0.343825	-0.427097
LCT			-2.13391				
LCTL	-3.31656	-5.8045	-4.37782	-0.335177	-0.459215	-3.8827	-4.86202
LDAH	0.572561	-1.30068	1.75533				
LDB1	-0.144562	1.21123	-3.45799	0.15878	0.373127	0.658575	1.46777
LDB2	3.83231	4.47948	2.45479	0.437288	0.619184	2.52775	3.02664
LDB3	-0.789667	0.178913	1.40566	-0.425073	0.412517	-2.62426	-1.62757
LDHA	2.12911	0.412171	1.17472	0.0721933	-0.519788	0.127469	-0.70881
LDHAL6A			-2.15571				
LDHAL6B			-2.32328				
LDHB	-0.48206	-0.683064	-2.23969	0.0616354	0.151279	-1.60989	-1.89907
LDHC	1.19862	-0.287332	1.5283	0.0900222	-0.320112	-0.589121	-1.1941
LDHD	3.59848	-0.499916	2.48668	0.0696399	-0.770406	1.58526	-0.0489659
LDLR	3.11788	3.0992	8.93289	0.116721	0.202984	1.52599	1.59996
LDLRAD1			0.660886				
LDLRAD2			0.711525				
LDLRAD3			-1.71844				
LDLRAD4	0.39679	1.14478	1.82882	-0.083601	0.361873	-1.64202	-1.38546
LDLRAP1	-0.235165	0.797041	1.40986				
LDOC1	-3.10519	-4.22768	-5.62652				
LEAP2	-3.03399	0.89398	-4.15424	-0.280042	0.636121	-1.04071	0.236008
LECT2			-1.47026				
LEF1	-1.73659	-0.189827	-0.581008	-0.301584	0.516019	-2.65202	-1.75531
LEFTY1	2.41235	2.96021	-0.750462	0.397962	-0.0173421	2.88872	2.84478
LEFTY2			1.70792				
LELP1			1.20867				
LEMD1			4.40496				
LEMD2	-2.97938	0.138187	-3.75173				
LEMD3	1.55245	2.26434	-1.67654				
LENEP			-2.44613				
LENG1	-4.7713	-1.3384	0.561139				
LENG8	0.593775	1.51111	-4.57213				
LENG9			-0.559534				
LEO1	-0.461529	1.44412	-1.45321	0.225987	0.574695	0.912816	1.98426
LEP			1.82608				
LEPR	0.860715	1.05722	1.20676				
LEPROT	-4.44504	-5.04373	-7.34699				
LEPROTL1	0.489196	1.5301	-0.137325	-0.00192975	0.73207	-0.616961	0.221748
LETM1	-2.38013	-3.28908	-2.45642				
LETM2	1.05783	1.01625	1.49568				
LETMD1			-0.394382				
LEUTX			-4.18909				
LFNG	-1.05531	-1.62224	-3.38803	-0.436778	-0.485811	1.20307	1.00617
LGALS1	2.32645	2.07242	4.84905	0.147243	0.14945	1.31768	1.25131
LGALS12			-2.68309				
LGALS13			-4.52865				
LGALS14			-3.14363				
LGALS16			-1.30145				
LGALS2	-0.868589	-2.4853	0.187134	-0.213763	-0.556746	-4.08669	-6.33938
LGALS3	-1.23	-2.15322	-2.91448	-0.0720152	-0.470665	2.32169	1.86791
LGALS3BP			-0.386337				
LGALS4	-4.21338	-2.14256	-3.72235				
LGALS7			2.08624				
LGALS7B			2.70368				
LGALS8	-0.0479526	-0.116448	-0.507871	-0.0273396	0.103115	-2.75509	-3.33453
LGALS8-AS1			-3.40053				
LGALS9			1.10958				
LGALS9C	-5.33305	-4.62584	-3.75	-0.457783	-0.505802	-4.60662	-4.96748
LGI1	-1.38156	0.391814	-0.58312				
LGI2	-1.14024	0.858137	2.51545	-0.214903	0.681838	-0.498123	0.360079
LGI3	1.16325	2.046	9.25741	0.0242266	0.783799	-1.62885	-0.523648
LGI4	5.72834	1.015	-0.194455	0.130539	-0.599892	5.21561	3.17134
LGMN			-0.50004				
LGR4	-1.02777	-1.99916	-5.51112				
LGR5	-1.13287	-0.0958477	1.82401				
LGR6	-7.9462	-2.98521	-7.40165	-0.369903	0.137238	-4.22392	-4.17266
LGSN			0.259948				
LGTN			-4.62431				
LHB	-1.73926	-1.04325	-2.20835				
LHCGR			-1.81796				
LHFPL1			-3.59731				
LHFPL2			-1.42512				
LHFPL3	-3.63062	-4.35868	-3.97963	-0.236647	-0.679789	-1.91979	-2.80803
LHFPL3-AS2			-3.08718				
LHFPL4	0.361404	1.31367	-3.20103				
LHFPL5	0.5519	-0.333413	-3.34795	-0.0927548	-0.562877	-0.701024	-1.38146
LHFPL6	-0.852801	-1.57834	-4.28664	-0.260377	-0.414559	-2.19187	-2.61757
LHPP	3.17296	1.51143	5.04341	0.398713	-0.170617	0.495063	-0.130134
LHX1			-4.24546				
LHX2	-1.13469	-2.01751	-5.56384	0.0268802	-0.611675	1.16557	0.326375
LHX3			-2.10747				
LHX4			-2.05506				
LHX4-AS1	0.125301	1.10501		-0.137292	-0.00379707	2.06481	2.56257
LHX5			0.998355				
LHX6	2.59256	0.855617	0.098337	-0.0128587	-0.378677	4.84156	3.8977
LHX8	0.0228226	-1.26491	-3.62439				
LHX9			-4.44407				
LIAS	-0.447624	0.901204	-2.30327	-0.0643739	0.692983	-1.81281	-0.488875
LIF	-1.46305	-1.1902	0.08015				
LIFR			-2.10424	-0.471873	0.0854961	-0.130591	0.0145535
LIFR-AS1	-0.875021	-0.36584		-0.275853	-0.28479	1.86739	2.11408
LIG1	0.8309	-0.0204326	-3.25906	-0.0016313	-0.495504	0.432213	0.172969
LIG3			-5.75333				
LIG4			0.43073				
LILRA1			-2.94092				
LILRA2			-1.16096				
LILRA3			0.980412				
LILRA4	-5.73836	-5.82843	-1.51328				
LILRA5			-1.4451				
LILRA6			-2.17305				
LILRB1			-1.72423				
LILRB2			0.155168				
LILRB3			1.49015				
LILRB4	-3.13269	-3.31418	-1.37209	-0.304494	-0.447579	-3.79345	-4.13353
LILRB5			0.258682				
LILRP2			-1.20745				
LIM2			-2.26563				
LIMA1	-3.87144	-4.54851	-3.2568				
LIMCH1			-0.799051				
LIMD1			0.365896				
LIMD2	0.422558	-0.671061	0.79103	0.301075	-0.545136	1.50566	0.755862
LIME1	-0.993855	-1.67885	-1.2112				
LIMK1	-0.610046	-0.326564	-0.155583	-0.101446	0.539038	-2.13273	-1.90166
LIMK2	-5.04327	-4.81761	-9.31225	-0.453388	-0.31171	-4.49334	-4.93853
LIMS1			-4.43422				
LIMS2	0.257071	-1.33949	-2.99108	-0.251411	-0.34223	-0.567178	-1.06362
LIMS3			-1.27292				
LIMS3-LOC440895			-1.43687				
LIN28			1.318				
LIN28B	0.582574	1.79684	1.40233	0.264207	0.770634	0.815271	1.77899
LIN37	5.22241	3.01116	2.17293				
LIN52	-1.66164	0.51556	1.38023				
LIN54	1.39721	2.69973	2.90187				
LIN7A	0.226421	1.50771	-1.31924	0.296785	0.376804	2.86115	3.43728
LIN7B	1.5958	-1.19598	3.31938	0.0892874	-0.77908	-1.02922	-1.60524
LIN7C	0.450708	1.76593	1.08544				
LIN9	1.02027	2.25094	-2.66872	0.141279	0.714868	2.32086	2.95103
LINC-PINT	-2.33235	0.481671		-0.1977	0.601173	-1.87257	-0.595979
LINC00029			-1.63853				
LINC00032			-3.5035				
LINC00113			-2.29141				
LINC00114			-3.18113				
LINC00115	-0.209743	1.55862	-2.83664				
LINC00116			-0.076893				
LINC00158			-3.33236				
LINC00161			-0.371636				
LINC00165			0.98098				
LINC00167			-4.82797				
LINC00174			-4.71647				
LINC00189			-2.05327				
LINC00202			5.71125				
LINC00205			-3.71633				
LINC00207			-3.61091				
LINC00216	-1.07495	0.0238109					
LINC00221			-2.10002				
LINC00238			-0.110483				
LINC00239			-2.04088				
LINC00242			-0.405143				
LINC00256A			-2.7473				
LINC00260	0.448809	-1.57706	-3.66712	-0.0188023	-0.898213	0.207255	-0.843913
LINC00261			0.282715				
LINC00265	-1.73569	0.901563	-5.65726	-0.121674	0.651897	1.05607	1.70407
LINC00266-1	-1.14536	-0.184995		-0.140215	0.522052	-0.959222	-0.197901
LINC00277			-0.079377				
LINC00294	0.926544	-0.662003	0.771613				
LINC00301			-1.21627				
LINC00302	-1.50622	-2.27776	-2.95887				
LINC00304			-2.85351				
LINC00305			-3.19399				
LINC00307			0.314676				
LINC00308			-2.01157				
LINC00310			-1.14743				
LINC00311			1.00338				
LINC00312			-3.76505				
LINC00313			-2.34704				
LINC00314			0.345591				
LINC00315			-0.744389				
LINC00317			-2.40709				
LINC00319	0.199251	-1.43444	-0.176297	0.0986174	-0.36168	-0.619128	-1.30396
LINC00320	-2.40347	-3.07024	2.675	-0.19396	-0.465274	-5.52202	-5.9391
LINC00324			2.50225				
LINC00326			0.078862				
LINC00328			-0.426329				
LINC00334			-1.07662				
LINC00337			0.324409				
LINC00339	2.37494	2.95829	5.83414				
LINC00341			-1.8661				
LINC00342			-5.58389				
LINC00346			2.74936				
LINC00347			4.26357				
LINC00421			5.25191				
LINC00431	2.74918	3.41345					
LINC00442			2.91827				
LINC00461	0.00952655	-1.60692	-5.78633	-0.0668331	-0.781102	-0.984729	-1.79479
LINC00467	-2.13557	-3.30514	-1.75918	-0.532047	-0.496566	-5.17122	-6.10319
LINC00470			2.83848				
LINC00471			-1.8106				
LINC00472			1.44628				
LINC00473	3.99716	4.4485	4.57013	0.296325	0.658247	10.0085	10.5867
LINC00474			-0.284554				
LINC00475	-1.41264	-1.46467	0.312388				
LINC00476	-0.510595	1.30726	-1.62043	0.0189767	0.65983	0.879192	1.67405
LINC00479			-1.40627				
LINC00482			1.64813				
LINC00483			-1.59035				
LINC00484	4.35094	1.32565		0.354647	-0.749085	7.4633	3.22994
LINC00507	6.16668	5.31576		0.759379	0.306617	4.14603	4.76934
LINC00515	1.42982	2.59866	3.94775	0.0751597	0.874607	0.499905	1.20349
LINC00518			1.99008				
LINC00520			1.60626				
LINC00526			0.309384				
LINC00529			2.05744				
LINC00543			0.858532				
LINC00545	2.08062	1.69255	5.36168	0.216122	-0.126604	0.0913294	-0.427552
LINC00552			-1.79042				
LINC00574	0.498516	1.47476	-2.41348				
LINC00578	0.153046	-0.93427					
LINC00595	-0.167308	-1.24824		-0.124407	-0.499249	1.81328	1.18114
LINC00597			-0.807724				
LINC00598			-3.24259				
LINC00599	1.11662	2.29724		0.149593	0.888653	3.86973	3.07695
LINC00602			-0.384703				
LINC00608			-0.220773				
LINC00622	4.07789	4.31712		0.527984	0.227753	2.71056	3.00876
LINC00632	-1.44841	-0.578298					
LINC00643	-1.61342	-2.16026		0.0203176	-0.464772	-0.595297	-0.754675
LINC00652	-1.48861	0.905796		-0.0018897	0.757347	-1.99309	-0.844632
LINC00654	-0.210013	1.77544					
LINC00665	-2.05978	-2.68348		-0.115545	-0.423228	-2.16431	-2.41667
LINC00667	0.748313	2.2813					
LINC00672	6.02745	5.75532					
LINC00674	-3.26416	-3.52976					
LINC00680	1.1439	1.68992		0.195872	0.459886	-0.904106	-0.683171
LINC00687	-0.831698	-1.58173					
LINC00839	0.79787	-0.53889		0.23887	-0.0249075	-1.25213	-2.09045
LINC00842	-3.34462	-3.14154		-0.279976	-0.313022	-2.07468	-2.29737
LINC00852			1.41538				
LINC00886	-3.66087	-5.16362		-0.443356	-0.616778	-1.68783	-2.13758
LINC00889	-2.45843	0.128146		-0.0497995	0.726289	-2.97603	-1.43629
LINC00893	-1.43939	-0.318383					
LINC00900	3.07461	-0.114326		0.219449	-0.845973	2.13718	0.373384
LINC00909	1.14611	0.414802					
LINC00933	1.60544	2.22628					
LINC00937	-0.52338	-1.83009		-0.204369	-0.716255	-0.310742	-0.834394
LINC00938	-2.03963	-0.860706		-0.421643	0.134532	-0.106042	0.39139
LINC00950	-0.47308	-0.282916		0.18106	-0.0325981	0.406675	0.501425
LINC00958	1.42793	0.104961		0.134358	-0.432376	0.431839	-0.109172
LINC00963	-2.5461	0.0751186		-0.0431105	0.596463	-1.31789	-0.513864
LINC00965	-0.121653	1.09386					
LINC00982	1.87859	-0.237285					
LINC00999	-1.50029	0.760674		-0.161221	0.642914	0.262802	1.14543
LINC01000	-1.02872	0.122313					
LINC01003	-0.596548	-0.49154					
LINC01011	0.568757	1.66807		0.456255	0.423863	2.05439	2.46574
LINC01013	-0.606624	-1.19721		-0.163327	-0.563891	0.193681	-0.595854
LINC01061	-1.6057	0.797576					
LINC01088	-4.23827	-4.7675					
LINC01089	-0.792124	0.762056		-0.0850179	0.242256	1.37893	2.15126
LINC01094	-2.84244	-3.35662		-0.210443	-0.830827	-1.08508	-1.64503
LINC01102	-1.20197	0.986081		-0.171527	0.874507	-3.24258	-0.826938
LINC01105	-6.95859	-4.60585		-0.521317	0.163769	-3.67699	-2.94775
LINC01106	2.0671	2.92099		0.235814	0.487505	1.85701	2.49583
LINC01116	2.52986	1.66804		0.348326	-0.21112	-0.0545293	-0.700946
LINC01128	1.0921	1.93306		0.344664	0.673877	1.62157	1.97859
LINC01137	-1.93001	0.136057		-0.285429	0.721197	-3.70003	-1.99294
LINC01138	0.614015	0.114231		0.176563	-0.200619	3.58335	3.33331
LINC01140	3.90226	0.311175		0.0838912	-0.786496	2.12421	0.37121
LINC01158	-1.89868	0.248757		-0.383827	0.718017	-1.06362	0.00554065
LINC01176	-0.459824	-1.00324					
LINC01184	1.51401	0.0967386					
LINC01197	4.54897	-0.376687		0.16963	-0.753685	0.428357	-0.910986
LINC01260	-0.135549	0.594975		0.0617862	0.618603	-2.38936	-1.81349
LINC01278	1.0262	2.67436		0.126221	0.375877	0.807479	1.84837
LINC01296	2.01985	1.96312		0.264119	0.402524	1.39325	1.53333
LINC01315	-2.64165	-3.50911		-0.64153	-0.573164	-4.81785	-5.2169
LINC01351	-1.11393	-1.2511		-0.0310501	-0.353496	2.78507	2.57177
LINC01353	1.57542	-0.225345					
LINC01361	4.61912	5.14758					
LINC01405	-2.14008	-0.210861		0.0774765	0.521142	0.244451	0.849158
LINC01410	-0.947547	-1.8968		-0.35912	-0.576037	-0.87434	-1.19391
LINC01481	-0.146994	1.05439		-0.203715	0.141687	1.95543	2.71124
LINC01485	3.07589	-0.440475		0.0900279	-0.738879	1.85882	0.439674
LINC01521	-0.428246	-0.716153					
LINC01547	0.992474	-1.20438	-1.41373	0.142266	-0.659472	0.138076	-0.941069
LINC01551	1.2735	-0.794429	-2.10451	-0.0856984	-0.568446	-1.98955	-2.5886
LINC01554	1.4548	0.735425	-1.72953				
LINC01556	-0.204251	0.792815	-1.43464				
LINC01578	-4.96564	-1.36113		-0.342848	0.62342	-2.101	-0.679096
LINC01590			-2.94526				
LINC01637	1.42427	2.48163		0.136433	0.904776	3.57152	3.10167
LINC01664	2.47486	1.33273					
LINC01736	-3.27979	-3.27968		-0.276495	-0.581984	-3.57839	-3.97413
LINC01750	3.3342	0.0720076		0.361086	-0.767796	2.94759	0.686252
LINC01963	3.89493	3.42675					
LINC02012	-1.71335	-0.362107					
LINC02018	-2.47774	-1.64791					
LINC02055	0.765155	1.35744		-0.203873	0.178191	-0.272459	-0.14774
LINC02076	-0.461193	-1.83734		-0.0950499	-0.829718	1.02169	-0.16934
LINC02145	2.54311	4.15392					
LINC02210	-0.769384	1.21822					
LINC02217	2.00579	-0.110639		0.0004395	-0.640514	1.72423	0.548255
LINC02223	2.39162	0.623382		0.0774102	-0.640742	3.6525	2.50808
LINC02361	3.08502	0.508491		0.123091	-0.74497	0.0276974	-1.25705
LINC02381	-2.25596	-3.0645					
LINC02470	-1.05324	-1.52407					
LINC02482	0.254972	-1.61243		-0.0298178	-0.897987	0.966836	-0.501546
LINGO1	2.38574	-0.177509	-3.11667	0.315123	-0.660825	1.88464	0.717987
LINGO2	0.337417	0.540148	1.12814	0.438224	-0.0702512	0.9694	0.925857
LINGO3	-1.92989	-3.07051	-2.56268	0.0441695	-0.522483	-3.71286	-4.62334
LINGO4			0.212273				
LINS1	1.12658	2.02954	-0.050928	0.296998	0.0682776	1.66056	1.8754
LIPA			-0.406807	-0.420224	-0.127296	-2.29821	-2.51651
LIPC	0.628383	0.162773	1.78448	-0.233162	-0.0493586	-1.47127	-1.87109
LIPE	-0.0996044	0.833495	1.91363	-0.330606	0.390484	-2.76464	-1.7913
LIPF			-1.64783				
LIPG			-1.07407				
LIPH	0.422352	-1.21911	-2.05288	0.307253	-0.384231	-0.595842	-1.20905
LIPI			-4.03515				
LIPJ			1.57974				
LIPK			-1.12827				
LIPM			1.77687				
LIPN			2.21219				
LIPT1			2.9188				
LITAF	-1.25277	-1.74132	0.196552	-0.45061	-0.0967594	-3.00652	-3.01185
LIX1	-1.16525	-2.21358	-4.82803	-0.349162	-0.768739	-0.556668	-1.29738
LIX1L	-1.62607	-2.32774	-5.4979	-0.260665	-0.648973	0.676077	-0.0544568
LKAAEAR1	9.99495	4.48797	5.89312	0.406995	-0.332481	4.83119	3.71148
LL22NC03-80A10.2			3.66455				
LLGL1	-0.851629	-0.354142	-0.489965				
LLGL2	-2.50706	-1.42809	-0.076881	-0.317719	0.223999	-1.00013	-0.746882
LLPH	1.0782	-0.445568	0.14533				
LMAN1			-1.03033				
LMAN1L			-0.786685				
LMAN2			-1.27653				
LMAN2L	4.28314	0.798733	0.115604	0.116716	-0.770483	3.05963	1.43831
LMBR1	-0.450458	1.36871	-1.59157	-0.0444555	0.667089	-1.54789	-0.378285
LMBR1L			-0.041957				
LMBRD1			0.113998				
LMBRD2	2.95962	1.05245	0.484889	0.0870073	-0.500679	0.0394175	-0.603173
LMCD1	-3.03214	-4.11422	-6.554	-0.655487	-0.486767	-5.87162	-6.84063
LMF1	1.10959	0.431376	1.5845				
LMF2			-0.260688				
LMLN	-0.51909	1.2048	-2.57102	-0.0980491	0.790485	-1.34482	-0.0178195
LMNA	-1.91423	-1.53145	-0.161617				
LMNB1			-2.54909				
LMNB2	-1.8089	-0.313704	-4.07357				
LMO1	0.751826	-1.1358	0.318306	0.0629409	-0.798428	-1.30646	-1.82385
LMO2	-6.97508	-4.21845	-4.28026	-0.497104	0.439556	-4.32854	-3.49588
LMO3	2.80915	-0.192341	4.13018	0.121105	-0.797423	1.3673	-0.232545
LMO4	3.15764	2.35869	4.80298	0.315578	-0.194624	1.17757	0.687001
LMO7	-0.423122	-0.295062	-3.87982	-0.333138	-0.437424	-3.12673	-4.02584
LMOD1			-3.92508				
LMOD2			1.12425				
LMOD3			1.59193				
LMTK2	2.33917	2.76856	-0.09246	0.1786	0.778363	3.7408	4.2403
LMTK3	-0.628202	0.28262	-3.03438				
LMX1A	-0.931134	0.0854849	0.840366				
LMX1B			-0.93615				
LNP1	-0.267011	1.59336	1.0122	0.331935	0.577985	0.887176	1.68396
LNPEP	-1.39671	0.407519	-1.88613				
LNPK	3.78935	1.06417	2.96351	0.116029	-0.617766	1.55633	0.552868
LNX1	1.87465	2.4048	1.93088	0.497007	0.269082	0.415604	0.813345
LNX2	1.47456	2.84653	0.205765	0.270125	0.394793	6.54342	7.14481
LOC100009676			0.914991				
LOC100049716	-0.41928	-1.41341					
LOC100126784			4.04261				
LOC100127886			1.18974				
LOC100127891			-0.274828				
LOC100127899			0.929323				
LOC100127913			0.125579				
LOC100127925			0.80885				
LOC100127951			-0.740873				
LOC100127998			1.08398				
LOC100128009			-2.64762				
LOC100128035			-2.24885				
LOC100128100			0.450175				
LOC100128139			-0.658011				
LOC100128174			5.25601				
LOC100128176			-0.095156				
LOC100128185			-1.33386				
LOC100128219			-2.89083				
LOC100128239	2.68934	2.8388		0.0581103	0.165853	0.881407	0.827618
LOC100128302			-1.17071				
LOC100128343			-3.23644				
LOC100128361	-1.46241	0.595668	0.242017				
LOC100128364			-4.15341				
LOC100128392			-3.8201				
LOC100128398	-0.238068	1.05688		-0.0948592	0.1742	1.64855	2.48468
LOC100128416			-2.14453				
LOC100128542			-1.81268				
LOC100128588			3.32749				
LOC100128598			-2.42256				
LOC100128737			4.75659				
LOC100128760			1.19966				
LOC100128775			2.55052				
LOC100128816			0.493283				
LOC100128818			-1.8884				
LOC100128822			-3.34163				
LOC100128843			-1.37501				
LOC100128893			-2.1408				
LOC100128922			-1.2416				
LOC100128993			-0.326402				
LOC100129033			2.37525				
LOC100129034	-1.55843	-1.3958	-4.02774				
LOC100129064			3.4805				
LOC100129104			-3.68164				
LOC100129122			-0.63193				
LOC100129138	1.49705	2.43292					
LOC100129166			0.533341				
LOC100129194			0.114674				
LOC100129201			-3.34476				
LOC100129214			0.124419				
LOC100129218			-0.520416				
LOC100129272			0.693251				
LOC100129291	-0.118013	-1.82903	-3.33645	0.155024	-0.810879	-0.991033	-1.5284
LOC100129309			-4.46703				
LOC100129321			-4.08464				
LOC100129361			-2.80657				
LOC100129417			0.374395				
LOC100129455			-2.68242				
LOC100129463			-2.95315				
LOC100129478			-0.507723				
LOC100129480			0.697219				
LOC100129484			1.78911				
LOC100129492			0.038639				
LOC100129531			-6.53765				
LOC100129551			0.662501				
LOC100129566			0.992693				
LOC100129571			-0.553947				
LOC100129616			-1.11237				
LOC100129637			-2.35699				
LOC100129726			-4.29352				
LOC100129775			-2.65892				
LOC100129781			6.80041				
LOC100129831			2.32511				
LOC100129848			-2.3467				
LOC100129852			-1.35532				
LOC100129935			-2.35183				
LOC100129986			3.06297				
LOC100130000			5.83461				
LOC100130054			-2.98766				
LOC100130071			-2.14881				
LOC100130084			-1.4748				
LOC100130100			1.25442				
LOC100130107			-4.33352				
LOC100130171			1.43005				
LOC100130256			-2.87267				
LOC100130262			-3.33991				
LOC100130264	0.684726	0.509572					
LOC100130285			1.46275				
LOC100130331	-0.832272	-1.956		-0.185732	-0.654534	-3.06365	-3.22334
LOC100130344			3.41865				
LOC100130357			-1.36663				
LOC100130360			5.42876				
LOC100130507			-4.3245				
LOC100130557			1.62373				
LOC100130667			-0.374124				
LOC100130691				-0.470375	0.091994	-1.95679	-2.05964
LOC100130700			4.02362				
LOC100130705	-0.620106	-1.3481					
LOC100130725			3.95724				
LOC100130746			-0.771595				
LOC100130797			-2.39573				
LOC100130811			-0.948522				
LOC100130856			-0.839427				
LOC100130890			-3.76504				
LOC100130897			0.941773				
LOC100130932			-2.33837				
LOC100130935			0.430602				
LOC100130938			-2.81596				
LOC100130940			1.81142				
LOC100130950	-1.30032	0.31166					
LOC100130987			-1.55521				
LOC100131082			-4.4903				
LOC100131128			-3.47397				
LOC100131131			-2.66693				
LOC100131149			-3.79155				
LOC100131150			0.704008				
LOC100131165			-1.40556				
LOC100131170			-1.49521				
LOC100131225			-3.32318				
LOC100131283			-1.23353				
LOC100131289	2.02907	2.61191	-1.30445				
LOC100131294			-4.66491				
LOC100131315			0.001637				
LOC100131316			-0.243436				
LOC100131342			-0.295687				
LOC100131360			-0.271626				
LOC100131416			0.703305				
LOC100131434			-0.735804				
LOC100131471			-2.00885				
LOC100131479			-1.13995				
LOC100131482			-1.89114				
LOC100131496			1.2942				
LOC100131504			0.794998				
LOC100131508			-2.02947				
LOC100131510			-4.2944				
LOC100131532			-0.001101				
LOC100131540			2.91393				
LOC100131564			-1.52987				
LOC100131582			-2.37971				
LOC100131646			-6.09758				
LOC100131699			-2.65204				
LOC100131704			-4.79192				
LOC100131706			2.16605				
LOC100131722			-1.51085				
LOC100131727			-3.30633				
LOC100131735			-4.94299				
LOC100131744			-1.02319				
LOC100131754			-3.80457				
LOC100131756			-3.74222				
LOC100131785			-0.462823				
LOC100131826			-3.93092				
LOC100131830			-0.309948				
LOC100131892			-1.42071				
LOC100131909			-0.631267				
LOC100131943			1.49621				
LOC100131960			0.274668				
LOC100131972			-1.87287				
LOC100132005			2.06119				
LOC100132014			-1.67552				
LOC100132062			-2.40109				
LOC100132147			3.69749				
LOC100132161			-2.2309				
LOC100132214			-6.29906				
LOC100132240			-0.266808				
LOC100132249			-5.11096				
LOC100132261			-3.22548				
LOC100132306			-2.24612				
LOC100132317			-0.152243				
LOC100132319			-0.09986				
LOC100132346			-3.6388				
LOC100132351			-2.55334				
LOC100132356			-3.67842				
LOC100132364			-0.074812				
LOC100132426			-3.13151				
LOC100132483			-0.439607				
LOC100132528			-2.47795				
LOC100132581			-2.16078				
LOC100132585			-2.26073				
LOC100132622			-0.502866				
LOC100132644			0.518289				
LOC100132658			0.562608				
LOC100132705			4.20693				
LOC100132738			3.27096				
LOC100132831	-0.423607	-0.558835	3.23708	-0.186729	0.095998	-0.865812	-1.04065
LOC100132832			-1.60972				
LOC100132941			3.44564				
LOC100132944			0.297006				
LOC100132955			-0.420233				
LOC100132977			-1.50823				
LOC100133008			-2.80823				
LOC100133019			0.844121				
LOC100133042			0.537204				
LOC100133050			2.86876				
LOC100133091	0.32163	1.6739					
LOC100133109			-2.18027				
LOC100133131			-1.07058				
LOC100133150			-0.319172				
LOC100133153			2.62344				
LOC100133161			-1.88572				
LOC100133211			-1.36469				
LOC100133224			3.48009				
LOC100133280			-2.18742				
LOC100133287			1.63552				
LOC100133299			-1.93574				
LOC100133315			-1.83315				
LOC100133337			-3.12251				
LOC100133475			-2.52559				
LOC100133578			1.71142				
LOC100133583			-1.38829				
LOC100133593			-0.799856				
LOC100133660			-1.69402				
LOC100133678			-0.783858				
LOC100133686			-3.6851				
LOC100133714			-2.91755				
LOC100133756			-0.892028				
LOC100133775			-6.94825				
LOC100133794			3.04254				
LOC100133862			-1.54371				
LOC100133920			3.61042				
LOC100134103			-1.16007				
LOC100134173			-2.26838				
LOC100134228			-0.064105				
LOC100134229			-0.102649				
LOC100134256			-1.7343				
LOC100144595			-2.20377				
LOC100190986	-0.772624	0.670169	-3.08634				
LOC100233156	-2.44592	-2.17226		-0.387702	0.358131	-4.96464	-4.04411
LOC100240734	-1.11382	0.601615	-4.37522	0.0145841	0.435849	0.266262	1.06832
LOC100240735	-1.43283	-2.37555	-3.89325	-0.0586309	-0.557582	-1.14629	-1.63631
LOC100270746			-1.49612	-0.204361	-0.0584439	-1.79	-1.71871
LOC100272216			2.42489				
LOC100272217			0.352826				
LOC100286895			1.62058				
LOC100286906	0.155493	0.308765		-0.0701563	0.71193	-2.08536	-1.36101
LOC100286909			1.47616				
LOC100286946			-1.98511				
LOC100286952			1.03919				
LOC100286977			0.561104				
LOC100287005			-1.29807				
LOC100287017			-1.66833				
LOC100287038			-4.2851				
LOC100287039			-1.68176				
LOC100287064			-5.78906				
LOC100287080			0.152642				
LOC100287081			-1.62352				
LOC100287090			3.80842				
LOC100287122			-2.17543				
LOC100287126			-0.200819				
LOC100287146			-1.04239				
LOC100287161			-7.33147				
LOC100287166			-0.204634				
LOC100287241			2.71476				
LOC100287260			-2.93828				
LOC100287282			-2.17081				
LOC100287291			1.78583				
LOC100287338			-4.36475				
LOC100287347			-1.49023				
LOC100287352			-4.43264				
LOC100287391			0.802063				
LOC100287426			-0.407738				
LOC100287430			-0.641835				
LOC100287484			-2.80344				
LOC100287487			1.60243				
LOC100287497	-0.299184	1.05619					
LOC100287521			-0.696535				
LOC100287525			3.50012				
LOC100287566			0.900381				
LOC100287572			-2.5885				
LOC100287590			-2.46966				
LOC100287593			-4.65986				
LOC100287615			-2.2757				
LOC100287641			0.144985				
LOC100287704			0.807638				
LOC100287723			-0.968005				
LOC100287728			2.72613				
LOC100287737			-2.911				
LOC100287776			3.66554				
LOC100287799			-0.620732				
LOC100287813			2.23106				
LOC100287825			-4.40013				
LOC100287852			-2.57536				
LOC100287869			-5.11313				
LOC100287872			-3.52685				
LOC100287878			-1.9362				
LOC100287891			-0.451949				
LOC100287911			-2.86685				
LOC100287946			-1.11544				
LOC100287982			-2.92854				
LOC100287986			-3.68519				
LOC100287987			-1.08075				
LOC100287988			1.17612				
LOC100288002			-0.664772				
LOC100288033			0.088131				
LOC100288058			-1.81052				
LOC100288083			-2.45941				
LOC100288105			3.94361				
LOC100288117			-0.452042				
LOC100288128			-2.52434				
LOC100288144			1.48988				
LOC100288147			-2.367				
LOC100288196			-3.62243				
LOC100288198			-5.0739				
LOC100288203	-1.64081	0.121356					
LOC100288233			-3.06137				
LOC100288237			-3.33235				
LOC100288252			-2.9676				
LOC100288263			6.7965				
LOC100288276			-1.80682				
LOC100288282			-1.45738				
LOC100288303			-1.85173				
LOC100288313			-5.76266				
LOC100288315			-4.05981				
LOC100288366			0.814486				
LOC100288367			-3.45621				
LOC100288418			-5.47385				
LOC100288432			-1.65686				
LOC100288441			-3.75825				
LOC100288550			-5.33504				
LOC100288560			1.17558				
LOC100288578			-3.1315				
LOC100288583			-4.59626				
LOC100288618			-1.47679				
LOC100288657			2.19547				
LOC100288679			-0.155628				
LOC100288721			0.426919				
LOC100288731			-7.49123				
LOC100288743			-1.76587				
LOC100288755			-6.07851				
LOC100288788			-2.22664				
LOC100288798			-3.73455				
LOC100288846	0.823652	-1.01302		0.0850573	-0.755023	1.11501	-0.192464
LOC100288860			-2.07831				
LOC100288879			-3.34205				
LOC100288893			-2.18629				
LOC100288902			-1.76127				
LOC100288908			1.39094				
LOC100288911	5.15242	-0.773827	-1.61999	0.128542	-0.880214	2.96444	-0.0287903
LOC100288929			-5.57346				
LOC100288939			1.29998				
LOC100288954			3.54915				
LOC100288972			-3.83907				
LOC100288975			-5.1381				
LOC100288976			0.226694				
LOC100289026			-3.70962				
LOC100289058			-4.39921				
LOC100289060			-4.72012				
LOC100289070			1.54409				
LOC100289079			-3.36649				
LOC100289137			-3.65652				
LOC100289143			3.29351				
LOC100289173			-4.76082				
LOC100289230	0.446297	1.70346	-3.99546	-0.134786	0.180699	1.99024	2.76592
LOC100289246			-3.42906				
LOC100289263			-4.24859				
LOC100289290			-1.64382				
LOC100289305			-1.49579				
LOC100289338			0.668318				
LOC100289341			-2.97444				
LOC100289349			-1.26155				
LOC100289350			0.577253				
LOC100289361			-0.297163				
LOC100289396			-0.812804				
LOC100289408			3.35659				
LOC100289420			1.2083				
LOC100289436			-1.38763				
LOC100289454			-3.4725				
LOC100289490			0.167393				
LOC100289525			1.38162				
LOC100289550			-1.98358				
LOC100289552			-3.73194				
LOC100289586			-0.973566				
LOC100289600			-2.37433				
LOC100289632			0.255102				
LOC100289641			-4.50303				
LOC100289671			-2.55928				
LOC100289760			0.002756				
LOC100289861			5.64364				
LOC100289874			-1.46166				
LOC100289922			-2.36253				
LOC100289944			0.062017				
LOC100289949			-1.21502				
LOC100290023			5.05521				
LOC100290036			-0.606255				
LOC100290065			-4.10885				
LOC100290084			1.78541				
LOC100290146			0.932678				
LOC100290254			-3.03344				
LOC100290375			-3.29017				
LOC100290397			-1.1873				
LOC100290448			-2.04275				
LOC100290496			-0.850862				
LOC100290497			-3.18134				
LOC100290528			-2.09657				
LOC100290566			-0.570476				
LOC100290585			-0.575281				
LOC100290622			3.21227				
LOC100290658			-4.88613				
LOC100290992			-4.94124				
LOC100291000			-3.35401				
LOC100291124			-1.34651				
LOC100291190			-1.80799				
LOC100291206			-0.1586				
LOC100291229			4.69539				
LOC100291630			-1.3174				
LOC100291744			4.92651				
LOC100291926			-2.8011				
LOC100291956			-5.15857				
LOC100292114			-3.15036				
LOC100292160			-1.73168				
LOC100292178			-2.7154				
LOC100292473			-3.07959				
LOC100292489			1.05894				
LOC100292626			-0.457221				
LOC100292648			2.66867				
LOC100292680			-6.59384				
LOC100292841			-2.95055				
LOC100292909			-3.66397				
LOC100293158			0.741386				
LOC100293440			-2.51039				
LOC100293607			1.16944				
LOC100293763			3.01206				
LOC100293871			-2.03365				
LOC100293904			-0.272287				
LOC100293983			-1.38702				
LOC100294033			-1.46601				
LOC100294059			-0.884943				
LOC100294072			-0.031668				
LOC100294100			-2.81967				
LOC100294145	-3.27468	0.660796		-0.133405	0.722449	-0.993173	0.339865
LOC100294349			2.57069				
LOC100294362	-1.12678	0.236738	-0.969825				
LOC100294367			3.05094				
LOC100294376			0.963298				
LOC100294391			-1.73646				
LOC100294396			-3.55654				
LOC100294403			-2.72957				
LOC100294469			8.27545				
LOC100418883			-3.11105				
LOC100499484-C9ORF174			-3.53941				
LOC100505915	-1.1447	-1.31099					
LOC100505938	2.35441	3.7994		0.18833	0.708291	1.29047	2.08094
LOC100506060			-4.59648				
LOC100506100	-2.07653	-2.4193		-0.0815578	-0.918621	-4.72412	-3.44935
LOC100506124	0.401379	1.8812		0.0537293	0.815235	-0.756645	0.510945
LOC100506125	-0.437234	-1.27753					
LOC100506271	3.87005	0.207053		0.269244	-0.660996	2.80957	1.47315
LOC100506282	-0.176358	0.896345	-4.08092				
LOC100506388	2.74175	3.88427		0.0188258	0.637392	1.99458	2.44705
LOC100506476	-3.06347	-1.18021		0.114333	0.498425	-0.577374	-0.0326222
LOC100506725				-0.431459	0.137161	-4.56636	-3.81711
LOC100506990	-0.312367	1.02301		-0.0140839	0.329018	2.66684	3.72603
LOC100507191			-0.110602				
LOC100507351	1.17888	-0.795996		0.293274	-0.706678	-0.332647	-0.939441
LOC100507387	0.35396	0.318262		0.335249	-0.0832946	1.89309	1.96718
LOC100507507	1.12906	2.06712		-0.019246	0.641026	1.21296	1.55182
LOC100507516	-3.02108	-3.2013		-0.233691	-0.757681	-0.68976	-1.28331
LOC100507530			-6.17598				
LOC100507557	1.34622	-0.433056					
LOC100507599	1.48595	1.63276					
LOC100507637			0.152993				
LOC100507642	1.46761	2.46388		0.0119571	0.544242	0.534692	0.962117
LOC100996385	0.349801	-0.189307					
LOC100996455	1.57261	-0.438766					
LOC101060091	-1.45214	-2.48814		-0.0778051	-0.645102	-1.70829	-2.53348
LOC101060391	0.215788	-1.21446		-0.202532	-0.725364	-0.486357	-1.20186
LOC101926934	-1.00111	-2.33536		-0.239067	-0.364122	-4.1511	-5.19228
LOC101926935	0.358916	1.83933		-0.0688639	0.464426	2.63453	3.57453
LOC101927027	2.36215	-0.530392		0.126795	-0.877389	3.27471	0.683132
LOC101927278	1.7047	1.65972		0.172774	0.185284	0.259897	0.0940057
LOC101927318	-0.206223	-1.64119		-0.161893	-0.590586	-1.41239	-2.42742
LOC101927420	2.87197	-0.606621		-0.0262928	-0.837785	-0.0424079	-1.02561
LOC101927550	-3.33229	-2.08418					
LOC101927588	2.60389	3.14295		0.254841	0.586672	1.09145	1.43665
LOC101927596	-3.48214	-2.24132					
LOC101927752	-0.54596	-1.78613		-0.117293	-0.763817	-0.9036	-1.61814
LOC101927811	1.73514	-0.55469		-0.105362	-0.536966	1.22475	0.459395
LOC101927974	0.959316	-1.29641		0.00313186	-0.590373	-1.59178	-2.35376
LOC101928087	0.124806	1.48377		0.297699	0.755738	-0.617029	0.205682
LOC101928111	-0.517719	-1.84914		-0.386681	-0.661553	-2.07363	-2.64179
LOC101928303	-0.487352	-0.20057					
LOC101928370	-5.4804	-5.2975					
LOC101928424	-0.0304188	-1.32794					
LOC101928433	3.56258	3.86071		0.0313484	0.586007	2.79908	3.49646
LOC101928659	0.364919	0.202268					
LOC101928673	0.449176	2.05763		-0.0850466	0.644891	1.28725	1.91447
LOC101929066	1.33648	-0.2121		0.102111	-0.30228	0.0370122	-0.713073
LOC101929552	3.34014	2.31619					
LOC101930085	1.42628	-0.536943					
LOC102723665	1.02893	-0.995916					
LOC102723968	-2.85506	-4.03033					
LOC102724156	0.491755	-1.18935		0.155972	-0.794674	-0.305548	-1.00893
LOC103091866	1.1458	2.43199					
LOC103344931	0.880177	-0.734493		0.118643	-0.572204	0.844341	-0.143404
LOC105274304	-0.110225	-0.24443					
LOC105370333	-2.96215	-1.54549		-0.464945	0.438955	-2.87134	-2.17036
LOC105372480	2.50632	-0.647316		0.2022	-0.709072	0.12823	-1.00387
LOC105373383	0.00372037	-1.04692		-0.00792317	-0.697702	0.361302	-0.0542428
LOC105373876	-3.16383	-3.18739					
LOC105374546	-1.04836	-2.07933		-0.173969	-0.707746	-0.79815	-1.56105
LOC105374727	0.0522923	1.74625		-0.362776	0.480288	-0.226779	0.425302
LOC105374952	4.52342	1.12094					
LOC105376064	-1.91688	-2.9462		0.0448017	-0.637804	-2.21576	-2.74335
LOC105376360	4.46475	3.98677		0.522411	0.326616	3.02473	3.42463
LOC105376805	-1.76287	-2.36601		-0.200078	-0.653655	-0.194599	-0.519787
LOC105377590	1.74327	-1.13089		-0.0539079	-0.855959	1.31204	-0.340417
LOC105377621	5.60114	5.14067					
LOC105378663	-2.51043	-0.470462					
LOC105378853	5.35737	1.94473		0.482621	-0.267978	2.4772	1.87458
LOC105379807	4.90178	1.60594		0.183802	-0.567664	3.79786	2.08652
LOC107984974				-0.293479	-0.364104	-0.985064	-1.08999
LOC115110			3.21379				
LOC120364			-1.98185				
LOC124685			-2.86177				
LOC126170			0.496423				
LOC129026			-2.24547				
LOC131055			-1.93427				
LOC138864			0.630857				
LOC144438			0.445407				
LOC144486			-3.84391				
LOC145783	1.48223	-0.277139					
LOC145837			-6.67286				
LOC147727			-1.20824				
LOC148413	0.559742	-0.295699					
LOC148430			-1.98092				
LOC148709	-0.523879	-1.8148					
LOC149134			-1.61469				
LOC149832			-4.31057				
LOC149837			-1.55378				
LOC150166			-4.66814				
LOC150197			1.39676				
LOC150519			5.43479				
LOC150622			-2.64544				
LOC150776	0.733997	1.38891					
LOC151009			1.05539				
LOC151146			0.477189				
LOC151162			0.700491				
LOC151174	-2.37209	-0.245772		-0.0527949	0.386666	-3.11577	-2.88092
LOC152217			2.68022				
LOC152586			-1.89713				
LOC155060	1.34158	2.37637		-0.0137711	0.339278	3.76197	4.65217
LOC157562			-2.32367				
LOC158572			1.06155				
LOC158696			-2.26913				
LOC199882			-5.61687				
LOC200726			0.416506				
LOC202181	-0.0430952	0.345686	-4.21516	0.054051	-0.391417	1.11099	0.910856
LOC202781			-1.98816				
LOC220077			0.118691				
LOC220729	-4.39473	0.49571		-0.118485	0.824014	-2.19659	-0.0889466
LOC220906			-1.05394				
LOC253842			-1.64499				
LOC254028			-0.164506				
LOC254559			0.51865				
LOC254896			-1.8879				
LOC255177			-2.00413				
LOC256374			-0.641886				
LOC257358			1.62206				
LOC257396	1.70113	-0.324511		-0.0434062	-0.633111	0.7173	-0.465727
LOC282997			0.84946				
LOC283143			3.84917				
LOC283155			1.03683				
LOC283174			0.702993				
LOC283177			-2.1255				
LOC283481			-2.98493				
LOC283588			1.33538				
LOC283665			-3.60047				
LOC283683			0.47233				
LOC283701			-4.59388				
LOC283788	-2.12806	-1.08062	-0.241282				
LOC283861			-4.09318				
LOC283867			-1.92773				
LOC283904			-4.513				
LOC284009	-2.94301	-0.277072	-4.35923				
LOC284033			-7.86753				
LOC284072			-1.21098				
LOC284242			-2.23074				
LOC284260			-1.68833				
LOC284412			0.38067				
LOC284440			1.34069				
LOC284441			-0.92173				
LOC284454	-2.6311	-0.284216		-0.460048	0.510859	-1.66723	-0.778347
LOC284648			-4.19398				
LOC284804			1.51571				
LOC284825			-1.5181				
LOC284861			4.12021				
LOC284890			2.82555				
LOC284912			-0.614228				
LOC284926			-6.27183				
LOC285033			3.18928				
LOC285074	-1.80779	-0.321272		-0.00589797	0.341907	-1.29526	-0.731514
LOC285097	1.11716	-1.0326		-0.0282053	-0.8827	2.49812	0.789446
LOC285216			1.01903				
LOC285359			1.75555				
LOC285548			0.07269				
LOC285740			0.636924				
LOC285741			-5.20143				
LOC286126			-1.10822				
LOC286238			-1.07045				
LOC286359			2.63253				
LOC286434			1.43513				
LOC338620			-0.009654				
LOC338667			0.425978				
LOC338756			-3.67198				
LOC339059	1.32236	2.02556					
LOC339240			1.87182				
LOC339290			-0.567771				
LOC339316			0.074725				
LOC339352			1.78487				
LOC339524			4.7018				
LOC339760			0.535953				
LOC339803	-0.275935	-1.33529		-0.00250676	-0.40473	-2.35195	-3.19305
LOC340085			1.4575				
LOC340888			0.399732				
LOC340947			-2.4615				
LOC341056	2.86424	2.8605	1.75104				
LOC341378			0.330004				
LOC342541			-1.39063				
LOC343052			-2.535				
LOC344382			1.53449				
LOC344593			-1.31637				
LOC344967	2.06229	0.888673					
LOC346329			0.866639				
LOC375196	0.840428	-0.360405	-0.012797	0.395742	-0.377336	0.59588	0.0708457
LOC375295			7.84481				
LOC377711			4.09405				
LOC387820			0.614793				
LOC388237			-3.10516				
LOC388248			0.705842				
LOC388630			-2.81703				
LOC388692			-0.384665				
LOC388849			4.02194				
LOC388955			1.92647				
LOC389043			-3.19994				
LOC389199			-3.54507				
LOC389332			-1.71687				
LOC389458			-6.30876				
LOC389607			-2.80159				
LOC389705	0.018529	0.0242391	-1.28434				
LOC389765	-1.58906	0.0230492	-3.79468				
LOC389787			-4.95468				
LOC389791			-0.280483				
LOC389831	-0.908764	-1.67571	-0.81447				
LOC389834	-0.625567	1.18363	-1.84953	-0.0527385	0.571852	-0.57431	0.389333
LOC389842			-3.93963				
LOC389895	2.28813	-0.260319	1.72005				
LOC390282			0.264632				
LOC390660			1.46527				
LOC390705	0.226859	-1.45421	-2.58655				
LOC390760			0.10089				
LOC391322			0.632038				
LOC391334			-3.00845				
LOC391722			-4.30635				
LOC391798			0.170966				
LOC392145			-2.15778				
LOC392264			-5.17253				
LOC392288			-4.52318				
LOC392352			-0.301487				
LOC392555			-2.81514				
LOC393078			2.22541				
LOC399744			-2.65683				
LOC399753			-3.54809				
LOC399815			0.104117				
LOC399900			0.226673				
LOC399978			-4.05				
LOC400027			4.24047				
LOC400099			-5.8025				
LOC400352			-3.99695				
LOC400406			1.11431				
LOC400419			-2.95034				
LOC400590			-3.51617				
LOC400643			-1.84829				
LOC400657			4.23562				
LOC400684			1.12843				
LOC400710	-0.924913	-1.71109		-0.184907	-0.567495	-0.849003	-1.09755
LOC400750			-1.44718				
LOC400752			0.461585				
LOC400943			-0.252935				
LOC400987			-7.27519				
LOC401021			-0.963378				
LOC401052			2.16686				
LOC401093			2.22576				
LOC401098			-2.31126				
LOC401131			-0.718328				
LOC401321			2.33193				
LOC401357	-3.16886	0.436239	-3.75742	-0.151688	0.708219	0.175974	1.07909
LOC401433			1.26849				
LOC401480			-0.301575				
LOC401533			-0.644759				
LOC401777			-2.51948				
LOC401805			2.6465				
LOC401847			-4.41682				
LOC401859			-0.909536				
LOC401913			1.64016				
LOC402360			-1.93255				
LOC402377			3.28525				
LOC402644			-0.671738				
LOC407835	1.39211	1.787	2.39909	0.265529	0.500343	1.09647	1.28784
LOC414300			1.11301				
LOC415056			2.77615				
LOC439914			-2.39303				
LOC439949			1.83455				
LOC439951			-0.036371				
LOC439953			-0.167565				
LOC439962			-1.50069				
LOC440040	6.10439	4.78957		0.570153	0.0902717	1.58165	1.65045
LOC440084	3.78136	4.30058	3.35227	0.495861	-0.0453579	4.52234	4.21244
LOC440173			-1.41574				
LOC440180			0.026969				
LOC440181			-0.441288				
LOC440292			-4.10697				
LOC440297			-3.62853				
LOC440311	-1.60592	0.681517	-2.7501	-0.145417	0.581289	0.991127	2.13998
LOC440335			-3.11995				
LOC440434	-2.04794	-2.72026		-0.311088	-0.696151	-1.21326	-1.62435
LOC440459			0.415961				
LOC440461			1.13781				
LOC440570			-1.65927				
LOC440577			-2.11631				
LOC440792			-1.87165				
LOC440839			-1.13827				
LOC440871			0.496441				
LOC440917			-4.87502				
LOC440934	4.22751	-0.452243		0.13962	-0.76545	2.32572	0.591581
LOC440995			-0.167646				
LOC441052	1.21202	-1.04221	-2.54351	0.0530627	-0.868425	0.4937	-0.740829
LOC441124			-5.13558				
LOC441204	5.92716	3.53909	-1.77268	0.237969	-0.297868	4.49555	3.87811
LOC441228			-2.45449				
LOC441268			-2.02918				
LOC441454			-1.80781				
LOC441455	0.643826	1.7375	-2.52157	-0.0279485	0.35587	1.53073	2.21912
LOC441528			-2.53457				
LOC441601			-3.57173				
LOC441666	1.60318	-0.321757	0.10277	0.239081	-0.471107	-0.832977	-2.01518
LOC441722			-0.261275				
LOC442113			0.996597				
LOC442249			0.946122				
LOC442293			-3.13508				
LOC442308			-1.34585				
LOC442381			6.09844				
LOC442459			-1.18363				
LOC442517			0.845471				
LOC442572			-0.410986				
LOC493754			-0.756955				
LOC494141	0.79323	1.98017					
LOC51145			-2.16456				
LOC550643			-5.84292				
LOC553137			-1.54436				
LOC554174			0.519869				
LOC554206	0.438746	-0.315453	1.29347	0.15751	-0.48246	1.56895	0.79371
LOC554207			0.573735				
LOC595101			-2.72465				
LOC641367	4.43796	2.47789					
LOC642031			-3.59193				
LOC642103			1.14343				
LOC642131			-1.98353				
LOC642373			-4.00429				
LOC642393			0.341658				
LOC642441			0.201091				
LOC642513			2.86052				
LOC642661			4.92593				
LOC642838			0.006459				
LOC642852	0.738546	-1.32548	-3.95238	0.00553227	-0.862797	1.65387	-0.18601
LOC642909			-3.64391				
LOC642929	-1.29302	0.0733177	-4.5504				
LOC642943			4.25691				
LOC643037			-0.798814				
LOC643085			-1.45977				
LOC643387			-1.44738				
LOC643395			-7.42253				
LOC643406	-1.35928	1.25595		-0.0108819	0.782223	0.300114	1.3317
LOC643421			-3.01363				
LOC643438			0.153772				
LOC643441			-2.39678				
LOC643475			1.3348				
LOC643630			-2.67171				
LOC643659			0.612991				
LOC643669			4.81088				
LOC643733	0.3896	-0.958966					
LOC643750			-0.420664				
LOC643797			-1.26939				
LOC643802			2.44988				
LOC643827			-3.94497				
LOC643856			-1.65879				
LOC643997			-0.122688				
LOC644006			-1.32085				
LOC644083			2.83869				
LOC644172			-3.46316				
LOC644189	2.56667	0.452418	-1.25052	0.396731	-0.621475	2.44405	1.22005
LOC644242			6.80267				
LOC644354			-6.12205				
LOC644397			3.67338				
LOC644422			-2.59657				
LOC644450			-5.6241				
LOC644563			-4.4998				
LOC644613			-3.13715				
LOC644662			4.90604				
LOC644684			0.671969				
LOC644762	-1.18447	-0.479873	1.39337				
LOC644794	0.384092	-0.651872	-1.62279				
LOC644852			-0.875088				
LOC644936	0.0115174	-1.56487		0.0393593	-0.714017	-1.08663	-1.69559
LOC644950			-4.22092				
LOC645139			0.137971				
LOC645166	1.228	-0.814887		0.128674	-0.66363	1.37502	0.137505
LOC645181			-3.15498				
LOC645195			0.001573				
LOC645212			1.04629				
LOC645225			-0.315389				
LOC645359			-0.318284				
LOC645431			1.0653				
LOC645489			-2.90419				
LOC645638			-5.944				
LOC645691			0.256185				
LOC645722			-2.12062				
LOC645752	0.128109	0.281396	2.71058				
LOC645769			-1.34012				
LOC645937			-3.10253				
LOC645944			-1.86079				
LOC645955			-3.80241				
LOC645984			-2.36667				
LOC646043			-2.73673				
LOC646050			-4.48045				
LOC646057			-0.085958				
LOC646127			-3.17588				
LOC646278			-4.21664				
LOC646470			-3.54504				
LOC646509			-2.33445				
LOC646513			-1.45456				
LOC646517			-3.11123				
LOC646548	3.28537	4.04076	8.97674				
LOC646626	-0.873725	0.760987	-0.599474				
LOC646627			9.34769				
LOC646670			2.98224				
LOC646719			-1.0446				
LOC646762			4.33717				
LOC646808			-2.65036				
LOC646870			-1.69075				
LOC646890			-1.41				
LOC646903	3.60617	3.12598	3.52296	0.478578	-0.289153	4.99316	4.03768
LOC646934			2.01279				
LOC646936			0.769079				
LOC646938	0.179895	1.07561					
LOC646976			-1.88974				
LOC646999			-2.9295				
LOC647012			-0.793765				
LOC647030			-6.69899				
LOC647252			-2.77146				
LOC647262			-3.04473				
LOC647716			5.49176				
LOC647946			-1.73104				
LOC647979			-0.256209				
LOC648262			-2.02985				
LOC648603			-2.36072				
LOC648771			-3.33924				
LOC648913			-1.70567				
LOC649294			-3.93916				
LOC649305			-1.6367				
LOC649330			-5.01591				
LOC649346			0.850471				
LOC649941			-1.90681				
LOC650095			-1.39172				
LOC650157			-1.63814				
LOC650224			2.88875				
LOC650621			6.49063				
LOC650623			-0.339256				
LOC651610			-1.45887				
LOC651721			3.63193				
LOC651845			-2.12119				
LOC651856			-3.81831				
LOC651959			-2.55339				
LOC652147			-1.32081				
LOC652276	-3.09729	0.200924		0.00801898	0.687849	-1.67406	-0.30109
LOC652494			-2.11981				
LOC652586			0.745833				
LOC652614			3.03529				
LOC652726			-2.75801				
LOC652826			0.902739				
LOC652859			1.76122				
LOC653051			-0.205742				
LOC653056			0.503457				
LOC653080	1.63776	2.69045					
LOC653097			3.63244				
LOC653110			-3.53707				
LOC653111			-0.842673				
LOC653203			0.524006				
LOC653340			-2.50394				
LOC653375			-1.39867				
LOC653486			-2.42623				
LOC653506			-4.45264				
LOC653513			-3.74174				
LOC653562			-4.84345				
LOC653602			0.377381				
LOC653653			1.65593				
LOC653881			-4.44032				
LOC653888			-0.799019				
LOC654780	3.05181	0.663316					
LOC727726			-1.94118				
LOC727796			4.71609				
LOC727799			-1.83308				
LOC727803			-3.25001				
LOC727820			1.34975				
LOC727858			-5.23565				
LOC727869			-0.712001				
LOC727896	1.14953	2.13947		-0.149531	0.698502	2.28273	2.82623
LOC727916			4.54809				
LOC727930			0.652268				
LOC727938			3.03611				
LOC727941			-2.82675				
LOC727961			1.12634				
LOC727967			5.76368				
LOC728024	-1.85118	-0.669471	-4.95787				
LOC728056			-3.65464				
LOC728080			-6.34662				
LOC728100			0.01171				
LOC728142			1.56682				
LOC728148			-2.15187				
LOC728153			-1.11877				
LOC728278			-4.78946				
LOC728288			-0.731796				
LOC728297			1.02198				
LOC728327			-0.207341				
LOC728392	2.16574	-0.536221	-4.51166	0.217422	-0.858853	3.47083	1.23977
LOC728401			-3.93575				
LOC728407			-2.94754				
LOC728460			-3.43115				
LOC728470			-1.69525				
LOC728485	1.36635	0.295057	0.054286	0.295765	-0.186138	0.177333	-0.3375
LOC728532			-1.19904				
LOC728533			-3.01586				
LOC728534			0.168395				
LOC728543			-0.059275				
LOC728554	-1.24019	-1.92753		0.413803	0.120117	-2.61193	-3.00524
LOC728566			1.33276				
LOC728601			-2.46724				
LOC728606			-4.39801				
LOC728613			-0.394665				
LOC728636			-5.89783				
LOC728637			-2.1508				
LOC728650			-1.07797				
LOC728673			-6.17037				
LOC728683			3.76275				
LOC728701			-2.7066				
LOC728715	-0.603619	-1.62836		-0.143285	-0.715929	-0.947554	-1.38235
LOC728716			2.64637				
LOC728734			-3.46806				
LOC728739	-2.67366	-4.23771	-2.00566	-0.0148803	-0.606706	-2.67396	-3.17522
LOC728743	-0.403567	1.37801	0.854785	0.075403	0.762354	0.317874	1.00184
LOC728763			1.62275				
LOC728800			-0.345878				
LOC728802			-3.07796				
LOC728804			-0.909724				
LOC728819			2.59057				
LOC728836			2.66261				
LOC728853			-0.385103				
LOC728914			-5.77164				
LOC728989	-1.92713	-2.50429					
LOC729020			-2.38324				
LOC729046			-2.26698				
LOC729080	-1.44539	-1.99043					
LOC729088			-2.43379				
LOC729130			-3.19996				
LOC729141			1.95101				
LOC729159	1.78616	2.59563		0.132923	0.438122	3.59609	4.07017
LOC729164			-1.20781				
LOC729213			-1.14079				
LOC729218	-1.41929	1.1897		-0.0762436	0.727801	1.41817	2.08492
LOC729222			0.014569				
LOC729225			-3.19529				
LOC729227			-2.38505				
LOC729275			1.21316				
LOC729313			-1.03435				
LOC729314			-1.43584				
LOC729317			0.971025				
LOC729339			-2.91271				
LOC729346			-2.59619				
LOC729370			-1.17567				
LOC729390			0.853444				
LOC729400			-0.978913				
LOC729409			-0.707037				
LOC729458			-0.979363				
LOC729459			-3.586				
LOC729461			-0.560648				
LOC729523			1.93774				
LOC729538			0.604774				
LOC729569			-4.20806				
LOC729603			0.150599				
LOC729652			1.06404				
LOC729680			5.68917				
LOC729683	-1.43346	-2.51147	-0.840496	0.265874	-0.698123	-0.667482	-1.30385
LOC729722			-0.768003				
LOC729732	1.45195	0.721742	-1.24065	-0.122312	-0.377535	0.840982	0.594403
LOC729737	0.494961	1.86167		0.036854	0.794034	0.708684	1.30955
LOC729739			0.214337				
LOC729742			-3.55809				
LOC729839			0.25018				
LOC729841			-0.679654				
LOC729852			-2.78952				
LOC729859			-2.97133				
LOC729866			-1.12671				
LOC729887			-5.74884				
LOC729915			-0.804052				
LOC729930	1.8952	0.944488					
LOC729970	2.50272	-0.237703		0.0224666	-0.815375	3.19212	0.997531
LOC729973			-5.61484				
LOC729983			1.52946				
LOC730098	3.88839	5.21361		0.528504	0.481894	3.28082	3.90219
LOC730110			-2.98992				
LOC730134			1.09986				
LOC730144			-1.37059				
LOC730153			-5.97285				
LOC730167			3.26042				
LOC730173			-2.55881				
LOC730183	-3.71587	-3.30264	-3.34453				
LOC730234			-4.29275				
LOC730256			-0.829792				
LOC730268			-4.84305				
LOC730275			-6.22854				
LOC730651			1.32001				
LOC730658			-2.39684				
LOC731157			-3.18693				
LOC731275			-1.85127				
LOC731602			-5.52258				
LOC731751			3.1646				
LOC731852			1.00614				
LOC732162			-3.09718				
LOC732272			-2.77318				
LOC732327			3.83587				
LOC780529			-6.33774				
LOC80054			0.821756				
LOC84931			-3.18376				
LOC84989			6.15608				
LOC90246	-0.615738	0.971435	2.76416				
LOC90784			2.81557				
LOC90834			-3.41785				
LOC92249			-0.792591				
LOC93463			-0.236232				
LOC93622	1.0358	-1.08427	0.719152	0.187637	-0.861276	1.40785	-0.00367001
LOH12CR2	-0.457257	-1.73999	-3.96422	-0.205409	-0.804154	-0.905746	-1.45498
LONP1	0.969177	1.75286	1.033	0.000667377	0.471567	-0.423631	-0.154225
LONP2	0.199104	0.052859	-2.56463				
LONRF1			-0.39693				
LONRF2	5.56033	1.4002	-1.9174	0.512889	-0.643745	5.76341	2.79308
LONRF3	-3.1778	-2.15978	-4.59033	-0.12804	0.280679	-0.643863	-0.142085
LOR	4.20167	0.206897	1.61414	0.139332	-0.811361	-0.402219	-1.28284
LOX			-6.58653				
LOXHD1	-3.33597	-0.420751	-1.43991				
LOXL1	-0.338995	-1.95321	-8.25531	-0.217383	-0.837149	-0.205945	-1.05935
LOXL2	-0.702572	1.01698	-2.51853				
LOXL3	-1.32175	-2.26771	-3.13511	-0.220698	-0.748827	-0.289768	-0.989075
LOXL4			0.655643				
LPA	0.828252	-0.919467	-3.03828	0.062391	-0.851504	0.574445	-0.44474
LPAL2			-4.8554				
LPAR1			-0.709699				
LPAR2	-3.01257	-0.378225	-3.5507				
LPAR3			4.50677				
LPAR4			-5.46455				
LPAR5	-0.35459	1.48329	-0.462416				
LPAR6	-6.72468	-5.02754	-3.30247	-0.41364	-0.620671	-5.41539	-5.72253
LPCAT1	3.25778	-0.421791	-1.71694	0.316067	-0.673317	2.33301	0.718831
LPCAT2	-1.78225	-2.958	0.059212	-0.461366	-0.267845	-3.52668	-4.0844
LPCAT3	0.739927	0.417152		0.180956	-0.362587	1.59326	1.16435
LPCAT4	-1.22776	1.13385	-0.540852	0.0926433	0.884049	-0.428255	0.650452
LPGAT1	0.366761	1.25973	1.93575	0.0183727	0.622675	-2.32918	-1.18277
LPIN1			-4.67916				
LPIN2	-2.06304	-0.605323	-1.53237				
LPIN3			-1.33996				
LPL	5.4045	2.97795	5.22347	0.713267	0.240701	3.15254	3.48198
LPO			-1.94397				
LPP	0.0907194	-1.00834	-1.65069	-0.328322	-0.329884	1.42338	1.21934
LPXN	-6.36735	-5.13995	-1.23399	-0.389266	0.147235	-1.80461	-1.71652
LRAT			-5.24922				
LRBA			-1.63964				
LRCH1	3.53387	3.97128	0.643709	0.100598	0.825324	2.60207	2.98444
LRCH2	-0.0941561	-1.10995	-3.11186	0.143559	-0.713845	1.14151	0.440218
LRCH3	-0.156986	0.998764	-4.57058				
LRCH4			-3.63441				
LRCOL1	1.17364	0.230607	2.74349	0.391251	-0.334766	-0.422633	-1.06502
LRFN1	-1.57931	-2.13591	-1.05395				
LRFN2	5.22181	2.94493	3.82335	0.510411	-0.496004	5.02808	3.05728
LRFN3	2.9005	2.86423	4.03929				
LRFN4	0.228943	0.710171	-0.451319	0.302145	-0.278822	0.898259	0.800802
LRFN5	0.98714	2.15931	1.38998	0.334803	0.578106	2.88129	3.80266
LRG1			2.82711				
LRGUK			-1.76225				
LRIF1	0.0843277	1.13884	1.39218				
LRIG1			-6.68724				
LRIG2	-1.6638	0.330701	-1.3579				
LRIG3	-1.62207	-0.0349641	-2.27718	-0.318331	0.076785	0.883737	1.26641
LRIT1			1.53445				
LRIT2			-2.27429				
LRIT3			1.89981				
LRMDA	-4.00833	-3.72365	-2.60686	-0.252804	-0.633227	-3.95598	-4.36166
LRP1			-4.41427				
LRP10			-2.17435				
LRP11			-2.16771				
LRP12	1.30312	1.79158	-1.72371	0.0470572	0.481981	-0.501937	-0.0591436
LRP1B	0.261254	-2.04022	-3.43993	-0.182094	-0.818157	-0.941288	-2.04229
LRP2	1.18988	1.48276	1.64661	-0.339882	0.0345987	-1.00711	-0.886273
LRP2BP	0.415023	1.26501	-4.58849	0.0122582	-0.0515136	3.4917	4.18658
LRP3	-0.92335	-1.59572	-2.0963				
LRP4	-0.809144	-1.70862	-2.92259				
LRP5	-3.2007	-0.750347	-0.252658				
LRP5L	-2.02871	0.0599667	-2.67301	-0.339654	0.584313	-3.3491	-1.96834
LRP6			-2.77079				
LRP8	-5.63662	-0.640279	-3.84259	-0.284118	0.648674	-1.62902	-0.44499
LRPAP1	-0.467228	1.41033	-5.48872	0.023479	0.935884	-1.7907	-0.0797565
LRPPRC	-0.517169	1.21225	-5.05007				
LRR1	-1.02657	1.14259	-0.945629	-0.0833913	0.588032	-0.0825935	0.815658
LRRC1			-0.365326	-0.555803	0.0194457	-2.11349	-1.78829
LRRC10			-0.152377				
LRRC14	3.0809	2.99269	2.39213	0.436663	0.34442	1.68985	1.84745
LRRC14B			-1.14491				
LRRC15			-3.10917				
LRRC17	-0.610462	0.750655	-3.04848				
LRRC18			3.21645				
LRRC19			-3.31542				
LRRC2	8.42782	1.51492	4.99835	0.312749	-0.779216	6.29971	2.15496
LRRC20	2.50219	2.8603	2.2948	0.37041	0.477392	0.392336	0.466631
LRRC23	-5.02976	-2.99802	-2.70479				
LRRC24			2.75935				
LRRC25			-3.67062				
LRRC26			-1.08324				
LRRC27	-0.243765	-1.80669	0.292837				
LRRC28	-1.87772	0.346185	-3.34266	0.0971993	-0.175284	1.63271	1.57749
LRRC29			2.33289				
LRRC3			-1.66416				
LRRC30			-1.83895				
LRRC31			0.631522				
LRRC32	0.111477	0.578046	0.615599	-0.178887	0.304913	1.84402	2.127
LRRC34	-0.234184	1.24329	-2.43425	0.0702249	0.331593	1.28046	2.22812
LRRC36	0.758124	-1.22575	-2.992	-0.127321	-0.935825	1.05294	-0.44972
LRRC37A16P			-2.65649				
LRRC37A3	-1.55568	-1.14282	-3.63834				
LRRC37A4P	-3.90078	0.548516	-5.26273	-0.100228	0.870124	-1.80379	0.418385
LRRC37B	-1.77738	-1.87483	-5.23583				
LRRC37BP1			-7.58314				
LRRC38	0.0589683	1.02933	5.1837	-0.0266528	0.755714	-2.04064	-1.13573
LRRC39	2.31375	1.38786	2.9173	0.21812	0.039054	4.50036	4.41136
LRRC3B	0.681586	-1.31794	-2.43998	0.0222189	-0.941651	2.75304	0.234679
LRRC3DN			-5.08739				
LRRC4	-0.607094	1.60177	-3.01848	0.0652982	0.802882	0.340947	1.41697
LRRC40	0.638589	1.55828	-0.316977				
LRRC41			-2.00336				
LRRC42	1.01472	-1.4233	-2.79311	0.126336	-0.807485	-0.388261	-1.52288
LRRC43	-0.495734	0.52418	2.94168				
LRRC45	-0.0445091	1.03654	1.52204				
LRRC46	-4.32867	-2.37126	-4.73895				
LRRC47			3.6738				
LRRC49	-5.82645	0.0572048	-3.41943	-0.0474972	0.852569	-3.24855	-0.714551
LRRC4B	-3.85249	-3.24231	-5.89554				
LRRC4C	1.23287	1.03759	-2.84536	-0.064216	-0.263835	-0.103543	-0.629127
LRRC52			-2.27275				
LRRC55	0.0854105	1.55779	-0.617842				
LRRC56	-1.02181	-2.11953	-9.54992	-0.082707	-0.89105	-0.405507	-1.04858
LRRC57	-0.309947	-1.77855	-0.817857	0.136577	-0.574205	-2.00993	-2.44781
LRRC58	-1.94452	-0.955386	1.34522				
LRRC59	0.381182	1.4268	0.614528	0.105273	0.617133	-0.788703	-0.279545
LRRC6	0.961479	0.810057	1.43464	0.32021	0.392228	2.52426	3.14108
LRRC61	0.762448	-0.342034	-0.858123	0.143269	-0.751923	0.742197	-0.0148967
LRRC63			0.068769				
LRRC66			-2.38724				
LRRC69			-1.22276				
LRRC7	-0.156321	-1.06492	-3.47544	0.17418	-0.639456	0.575027	-0.0132262
LRRC70			-0.098064				
LRRC73	6.22105	0.922363	6.45348	0.444477	-0.724281	2.21728	0.497485
LRRC75A	0.710373	1.56097	-1.12535	0.312944	0.565557	0.705564	1.09513
LRRC75A-AS1	-1.44183	-2.09111					
LRRC75B	5.40978	5.51692	3.13203				
LRRC8A	0.0747388	-0.2055	-2.43296	0.0150628	0.134571	3.34393	3.68805
LRRC8B	2.97861	1.98297	11.3179	0.384125	-0.286459	-0.24056	-0.854673
LRRC8C	-5.08754	-0.504685	-2.26295	-0.202362	0.648558	-3.62155	-1.60104
LRRC8D	0.0422182	1.02553	2.13357	-0.168429	0.342013	-1.52108	-0.982902
LRRC8E			-0.288129				
LRRC9	0.396128	1.42418	6.9676	0.138177	0.686944	-0.748083	0.0131882
LRRCC1			-2.53364				
LRRFIP1	0.97357	2.18524	-4.19958	0.0742719	0.699389	1.85889	2.84687
LRRFIP2	0.159043	1.60514	-5.23262				
LRRIQ1	-0.741554	-1.15259	-6.35345	-0.113924	-0.643548	0.689238	0.313344
LRRIQ3			1.84007				
LRRIQ4			1.7368				
LRRK1	4.56884	4.35722	7.0412	0.634787	0.331477	4.24293	4.78417
LRRK2	-1.21414	0.977104	-0.838874	0.126527	0.635382	1.49534	2.46717
LRRN1	0.587973	-1.3625	-0.22216	-0.0772942	-0.719511	0.974462	-0.185117
LRRN2	1.36001	-1.03398	-3.12717	-0.13356	-0.814584	-1.83886	-2.80496
LRRN3	3.08071	3.15282	3.62859	0.19397	0.628791	2.68079	3.44532
LRRN4			-2.4918				
LRRN4CL			1.4764				
LRRTM1	-1.92	-2.32666	-3.90958	-0.0840826	-0.697592	-1.0143	-1.33958
LRRTM2	1.03234	1.07473	-2.2242				
LRRTM3	1.50619	2.50566	1.90436	0.42649	0.401421	4.24362	5.48382
LRRTM4	8.80059	2.7318	5.84507	0.545896	-0.607184	9.54524	4.50506
LRSAM1	3.4689	2.6266	6.00697				
LRTM1			-1.85988				
LRTM2	2.47871	3.19204	1.46599				
LRTOMT	-1.71627	-2.45065		-0.14675	-0.677791	-0.335942	-0.908415
LRWD1			-1.83236				
LSAMP	0.663566	1.24184	-0.730884	-0.134782	-0.075925	1.22226	1.16192
LSG1	0.205082	-0.086713	-1.18757	-0.258248	-0.16837	-3.84995	-4.31748
LSM1			0.103538				
LSM10			2.25687				
LSM11	2.9201	1.86709	0.89043				
LSM12			-2.2745				
LSM14A			-0.647509				
LSM14B	0.161949	0.707686	-1.98565				
LSM2			-1.21474				
LSM3	0.394017	-1.56316	-2.55798	0.0493584	-0.884783	-0.050513	-1.15581
LSM4	2.5955	-0.69997	-1.46426	0.139668	-0.838849	1.72894	-0.503875
LSM5	-0.273912	-1.3332	0.658653				
LSM6			-1.68739				
LSM7	0.148697	-1.46125	0.502016	0.0323388	-0.697802	-0.904271	-1.48689
LSMD1			-0.713762				
LSMEM1	2.82064	3.62283	2.02457				
LSP1	-0.256429	-1.22875	-5.04499	-0.137655	-0.777944	0.293127	-0.365025
LSP1P3			-2.01994				
LSR	0.214067	0.611299	-1.36112				
LSS			-0.899825	-0.542889	0.0364721	-1.0222	-0.956267
LST1	-2.18513	-2.58984	-0.86649	-0.200094	-0.612377	-2.96039	-3.19283
LTA			-3.59454				
LTA4H			1.67347				
LTB	2.38459	3.35922	3.81188	0.220978	0.764325	1.60985	2.17041
LTB4R			-3.54113				
LTB4R2			-6.04402				
LTBP1			-3.0177				
LTBP2			-3.1226				
LTBP3			-3.03476				
LTBP4	0.623115	-1.35853	-3.10405	0.0849844	-0.833694	0.0881389	-0.851101
LTBR	0.472854	1.07525	-2.46875				
LTC4S	-0.621737	-1.70652	-3.54433	-0.226475	-0.595388	-2.17695	-2.52485
LTF			-1.87983				
LTK	7.94439	4.52918	5.10714	0.708409	-0.0024974	5.36015	5.20579
LTN1	2.66401	3.74154	4.4438	0.203136	0.556636	1.42869	2.13893
LTV1	-6.19006	-1.76713	-2.51999	-0.108114	0.359857	0.413442	1.04197
LUC7L	-2.72092	-1.70472	-5.23175				
LUC7L2			-0.553669				
LUC7L3	0.839667	1.20402		0.0637902	-0.313808	2.83017	2.83849
LUM			-3.10942				
LURAP1	0.485876	1.50013	4.03205				
LURAP1L	0.83564	1.96635	4.06235	0.00154679	0.78754	-1.24962	-0.245996
LUZP1	-1.24431	1.17857	2.06103	-0.0318168	0.899344	-1.78954	0.0294603
LUZP2	-2.90249	-3.06542	-10.659	-0.337371	-0.854521	-3.84279	-3.76402
LUZP4			-1.33519				
LXN	-5.49281	-4.37346	-6.85719	-0.122654	0.106111	-3.93647	-3.81154
LY6D	5.16462	5.90328	6.24241	0.496072	0.757989	3.91993	4.20525
LY6E	4.17762	1.71139	4.77106	0.595136	-0.380788	1.69207	0.697703
LY6G5B	-0.310088	1.2504	-0.038569	0.0174357	0.541687	1.22654	2.23241
LY6G5C	-1.08467	0.181783	0.381737				
LY6G6C			0.72108				
LY6G6D			-2.81264				
LY6G6E			-2.78582				
LY6G6F			-2.62829				
LY6H	4.31238	-0.139874	2.09311	0.251323	-0.934794	4.39333	0.636601
LY6K			0.483825				
LY75			-2.30149				
LY86	-2.03927	-2.58427	-0.893752	-0.148429	-0.53495	-2.03722	-2.38233
LY86-AS1	5.96389	1.86174	8.01755	0.633325	-0.591522	2.31655	0.839048
LY9	-2.9251	-3.76952	-2.78204				
LY96	-3.70186	-4.6632	-6.05533	-0.515529	-0.550681	-5.32516	-5.97962
LYAR			-1.4667	-0.183486	0.300573	0.467192	1.04699
LYG1	0.31822	1.52205	1.1799				
LYG2			-3.87235				
LYL1			-0.174171				
LYN	0.545957	-1.12529	2.64176	-0.0508104	-0.606208	1.36627	0.476388
LYNX1	1.07873	1.75668	7.46002	0.180206	0.58294	-0.546595	-0.271529
LYPD1	-1.08053	-2.17544	-5.83296	-0.250472	-0.840844	-0.502144	-1.32404
LYPD2			-2.47018				
LYPD3			-4.30455				
LYPD4			-1.84247				
LYPD5	-0.495387	1.44892	1.11863	-0.00679574	0.937064	-1.55288	0.177899
LYPD6	1.38172	0.202304	2.89474				
LYPD6B	6.28334	2.33837	7.2217				
LYPD8	3.5329	-0.900617		0.19545	-0.836344	0.209787	-1.07017
LYPLA1	-2.8698	-0.712889	-0.737068	-0.0915483	0.566219	-2.16243	-1.46872
LYPLA2			-0.702236				
LYPLA2P1			-1.39913				
LYPLAL1	-2.28929	-3.051	-3.69673	-0.363284	-0.650586	-1.39438	-1.84852
LYRM1	-0.104946	-1.14333	-0.91493				
LYRM2	-0.782874	-2.30247	-1.95876	0.0868362	-0.722923	-0.421193	-1.13856
LYRM4	4.81982	4.10594	7.34219	0.716121	0.389186	1.40664	1.55635
LYRM7	1.40783	2.90411	-0.345658	0.0267144	0.645527	0.491887	1.30166
LYRM9	0.547471	-1.46799	-6.70988	0.0133721	-0.879591	0.229287	-0.841736
LYSMD1	-1.68723	0.683534	-0.319792				
LYSMD2	1.84636	2.40624	2.28111	0.302301	0.411155	0.293984	0.526323
LYSMD4	0.29163	2.02981	0.27006	0.0912918	0.805988	2.49697	3.0247
LYST	3.40194	3.64888	0.989254	0.289582	0.643565	4.06655	4.478
LYVE1	-1.34947	-2.19968	-1.37297	-0.181729	-0.736038	-0.545624	-1.18005
LYZ			-0.416777				
LYZL1	-2.52491	-2.74449	-2.74821				
LYZL2			2.44039				
LYZL4	3.78127	-0.119332	5.14241	0.161024	-0.785629	1.39688	-0.521432
LYZL6			-2.14332				
LZIC	-0.909729	-1.99345	-2.00402				
LZTFL1	3.55567	3.88705	5.18957	0.544549	0.00777364	4.24334	4.71003
LZTR1	1.51156	0.689538	4.52528	-0.065842	-0.395145	-0.0190518	-0.630903
LZTS1	0.687426	0.387533	3.49134	0.161284	0.0794196	-0.861544	-0.909635
LZTS2			-0.058719				
LZTS3	0.65286	2.02788		0.422499	0.705716	2.72543	3.26774
M6PR			-4.58216				
MAATS1	0.0488711	1.3392		-0.0110377	0.224862	1.92707	2.72893
MAB21L1			-2.76135				
MAB21L2			-0.857414				
MAB21L3			0.092832				
MACC1			0.355818				
MACF1			-4.56679				
MACO1	0.432478	1.6429	-1.73541				
MACROD1	-0.771299	0.840112	-2.70322				
MACROD2	-0.784174	-2.11502	-6.67125	0.396486	-0.489742	0.215223	-0.235519
MAD1L1	1.14669	1.95243	4.71895	0.142332	0.682961	0.203489	0.706325
MAD2L1	1.54355	2.45355	2.21833				
MAD2L1BP	-2.26982	-0.86626	2.65389				
MAD2L2	-1.0793	-2.36342	-2.76227	-0.129883	-0.698473	-2.49025	-2.85562
MADCAM1	0.724871	1.85785	3.05649	-0.0303616	0.802344	0.283907	0.908705
MADD	2.66616	1.93713	2.23952				
MAEA	2.92425	2.12108	-1.47708	0.0481064	-0.352583	1.02845	0.510021
MAEL			1.26892				
MAF	-1.05991	-1.73514	-1.56706				
MAF1			0.240429				
MAFA			-3.0646				
MAFB	3.71094	5.48495	7.31979	0.303294	0.689138	4.43639	4.97309
MAFF	1.56057	2.07613	0.223876	-0.177461	0.088941	1.88047	1.95878
MAFG	1.76569	-0.631062	-3.71037	-0.0600636	-0.753495	2.36602	0.786006
MAFG-AS1			-1.92686				
MAFIP			-5.55624				
MAFK	2.99183	1.31771	-1.60986	0.0991664	-0.379239	4.77506	3.93524
MAG	0.162251	0.717426	2.0702	-0.321918	0.251605	-2.35097	-1.77311
MAGEA1			1.46936				
MAGEA10			1.25795				
MAGEA11			0.80735				
MAGEA12			2.23977				
MAGEA2			-2.71811				
MAGEA4			1.48906				
MAGEA5			2.45587				
MAGEA6			-4.14011				
MAGEA8			-0.459115				
MAGEA9			1.96264				
MAGEB1			-1.72106				
MAGEB10			0.146617				
MAGEB16			-0.355935				
MAGEB18			0.259893				
MAGEB2			2.24425				
MAGEB3			-2.80236				
MAGEB4			1.46605				
MAGEB6			-0.884407				
MAGEC1			1.17614				
MAGEC2			0.952549				
MAGEC3			-0.480923				
MAGED1	2.20301	-0.400415	-0.857539	0.146659	-0.818437	0.829198	-0.814453
MAGED2			-0.150744				
MAGED4B			-5.40013				
MAGEE1	3.52063	2.76402	3.20492				
MAGEE2			4.57182				
MAGEF1	1.81009	0.656573	-0.931672	0.153725	-0.422947	1.4044	1.01501
MAGEH1	4.10009	0.0151227	0.325079	0.0868021	-0.882984	2.44798	0.543249
MAGEL2	0.521317	1.44024	-0.962881	-0.00625869	0.813908	-2.01091	-0.741979
MAGI1	2.54536	2.78013	3.92951				
MAGI2	-0.552236	-0.0487408	-0.593089				
MAGI2-AS3	-2.79654	1.32659		-0.0368405	0.906913	1.3268	1.81445
MAGI3	2.83676	3.7436	2.55883	0.262515	0.828323	2.1161	2.60134
MAGIX	3.12676	0.44007	4.57533	0.172654	-0.567189	0.639074	-0.33685
MAGOH			-1.90427				
MAGOHB			-2.15835				
MAGT1			-1.95033				
MAIP1	-0.84777	0.0163685					
MAK			-0.776509				
MAK16			2.1918				
MAL			0.783367				
MAL2	8.82948	4.8875	6.40479	0.849488	-0.143666	5.34983	4.50605
MALAT1	-1.44753	1.10911	-3.50608	-0.0365231	0.711884	0.160878	1.47348
MALL	-2.74508	-4.2593	-1.41667	0.0148534	-0.149406	-3.50208	-4.34671
MALSU1			2.49341				
MALT1			-0.9867				
MAMDC2			-0.007226				
MAMDC4	1.09421	2.1936	4.12015				
MAML1	0.00749342	1.641	-3.60683	0.0015136	0.511476	1.18498	1.8645
MAML2	-3.93909	-4.4947	-1.24717	-0.45629	-0.452511	-1.36505	-1.78579
MAML3	-5.53771	-2.74127	-2.73642	-0.220167	0.337899	-2.57541	-1.96223
MAMLD1	-0.884112	-1.7166	-5.28865	-0.0948601	-0.773459	1.10129	0.304036
MAMSTR			-1.19785				
MAN1A1	1.54602	-0.953409	-1.20823	0.00901386	-0.833348	0.106468	-0.759136
MAN1A2	4.62441	4.91964	0.977382	0.513538	0.0374139	7.82086	7.65276
MAN1B1	2.80931	1.47528	-1.99861	0.148665	-0.618395	0.741985	-0.166459
MAN1B1-AS1	-4.96195	-5.36563		-0.224391	-0.663625	-4.25549	-4.55711
MAN1C1	0.929298	2.26443	1.72997	0.226523	0.740229	-0.0619722	0.689357
MAN2A1	1.69786	1.63999	2.66146	-0.22821	-0.0128254	-0.396916	-0.463209
MAN2A2	0.419927	1.5696	-2.05322	-0.266973	0.426975	-1.05987	-0.125616
MAN2B1			-2.84912				
MAN2B2	1.24821	-0.977684	-3.98605	0.128328	-0.609616	0.900547	-0.181123
MAN2C1			-0.32888				
MANBA			-1.09483				
MANBAL	3.47069	2.52118	3.64337				
MANEA			1.89337				
MANEAL	1.43544	-1.13524	-3.79139	0.0445183	-0.872844	-2.25399	-2.54775
MANF	0.935538	-0.838677	1.14413	0.00982272	-0.549281	-0.393434	-1.36336
MANSC1	0.599334	2.12391	3.42235				
MAOA	-1.10449	-1.95693	-7.07201	-0.215782	-0.714879	1.79152	0.781226
MAOB	3.64168	0.0880608	-1.89342	0.00702497	-0.810091	5.79303	2.26054
MAP10	3.45117	4.19169	0.982726				
MAP1A	-2.55247	-1.22219	-2.73534	-0.145721	0.530131	-4.57434	-3.57436
MAP1B	1.42887	1.45731	0.182187	0.0354361	0.235129	-0.762879	-0.804315
MAP1LC3A	0.5854	-1.19399	-1.44723	0.0406289	-0.746993	-1.25138	-1.75665
MAP1LC3B	-0.953949	1.17725	-1.03919	0.0654531	0.835089	-0.0122347	0.905776
MAP1LC3B2	-2.03974	-0.038206		-0.071807	0.605183	-2.03505	-1.13019
MAP1LC3C			-0.441735				
MAP1S			5.53519				
MAP2	-0.973759	-2.21321	-2.47949	-0.0191238	-0.465721	-2.51352	-3.12639
MAP2K1	0.992633	-1.05586	-0.437014	0.223508	-0.650049	-2.88051	-3.92527
MAP2K2	1.13369	1.68245	4.21218	0.224606	0.382714	-0.347543	-0.214624
MAP2K3	-0.212424	1.15426	1.157	-0.15616	0.552434	-1.07757	-0.381909
MAP2K4	3.29661	2.72593	2.34251	0.320005	-0.0854997	0.620291	0.206171
MAP2K5	0.0524456	-0.572751	-0.396938	-0.047414	0.108478	-2.41782	-2.57094
MAP2K6	-1.3907	0.772774	-0.544708	-0.0246386	0.596594	-1.61697	-0.349195
MAP2K7	-1.4661	0.981122	2.12619	-0.0536612	0.651014	-1.17035	0.149783
MAP3K1			-3.00158				
MAP3K10	-2.36137	-1.52054	-6.89068	-0.0409947	0.41847	-0.16387	0.366051
MAP3K11			1.88052				
MAP3K12	-1.70065	0.289845	0.662195	-0.0228398	0.49386	-0.8271	0.161763
MAP3K13	4.05211	3.18039	4.55717	0.250625	0.780529	4.60716	4.11319
MAP3K14	0.254427	1.46094	-2.84323	-0.17874	0.391236	0.398	1.02888
MAP3K19			1.40798				
MAP3K2			-2.50701				
MAP3K20	-1.37165	-1.21261	-1.25923	-0.151757	0.345863	0.894459	1.59792
MAP3K21	1.74065	2.88825		0.313476	0.303598	2.85437	3.42886
MAP3K3	-1.39644	0.853018	-5.30633	-0.206801	0.60839	-0.60396	0.397838
MAP3K4	-1.43404	-1.59315	-6.04061	-0.0560484	-0.230177	-0.0803764	-0.0450205
MAP3K5	-1.72424	-1.69431	-3.84888	0.0471723	-0.253243	0.581716	0.634544
MAP3K6	-0.995139	1.52334	0.775245	-0.00149345	0.863372	1.0045	1.57309
MAP3K7			-2.0145				
MAP3K8	-2.97546	-0.827249	-4.12796	-0.431562	0.308104	-0.906834	-0.224724
MAP3K9	-1.40392	0.520655	-1.04153	-0.0853506	0.74468	-2.14715	-0.743928
MAP4	5.59938	1.35982	-1.46684	0.384684	-0.585916	2.58169	1.28613
MAP4K1			2.36906				
MAP4K2	-3.85508	-0.239684	1.5531	-0.0256653	0.638559	-0.307752	0.592955
MAP4K3	5.00055	3.77831	4.79765				
MAP4K4			-1.66569				
MAP4K5			-1.05584				
MAP6	0.566588	-1.22288	-2.94657				
MAP6D1	-0.0875926	1.1277	0.428702	-0.183166	0.459117	-1.98183	-1.10258
MAP7			-2.99346				
MAP7D1			-0.17607				
MAP7D2	0.200945	1.18058	-0.186496	0.0792323	0.549958	-1.48294	-0.699886
MAP7D3	-1.36166	-1.92338	-0.937369				
MAP9	1.00844	2.09273	1.48638	0.0556763	0.807441	0.447934	1.07547
MAPK1	-0.504198	-2.02822	-4.23166	0.0982676	-0.828092	-0.735955	-1.36725
MAPK10	2.60599	3.23856	5.28074	0.344676	0.79298	2.19375	2.44092
MAPK11	4.07273	1.14311	5.46343	0.485715	-0.506217	3.06039	1.57255
MAPK12			0.99431				
MAPK13	5.26822	4.22582	10.226	0.61648	0.122555	1.87182	1.79639
MAPK14	-1.58199	0.33957	-0.758212				
MAPK15			-4.05426				
MAPK1IP1L	2.02947	-0.568892	1.49116	0.206355	-0.863908	3.56282	1.29586
MAPK3	1.10246	-1.34895	-2.52379	0.160855	-0.835624	2.13704	-0.0068122
MAPK4	6.86979	3.54099	8.03882	0.418546	0.22855	4.89611	5.36212
MAPK6	0.669882	1.69414	-2.24614	0.347918	0.394681	0.884067	1.44734
MAPK7	2.99193	0.933923	1.05166				
MAPK8	-1.21161	0.636121	1.57987				
MAPK8IP1	-1.65752	-2.71674	-3.81845	-0.164057	-0.768973	-1.92637	-2.13382
MAPK8IP1P2	-1.50677	-2.71834		-0.162926	-0.713296	-3.10779	-3.09626
MAPK8IP2	4.29955	0.665617	-0.533469				
MAPK8IP3			0.641082				
MAPK9	1.18847	2.16979	1.73179	-0.0278622	0.0739946	1.71662	2.51608
MAPKAP1	-0.480392	-1.86176	-2.64617				
MAPKAPK2	-2.48092	-2.85047	-2.00015	-0.5685	-0.0512534	-1.72248	-1.74984
MAPKAPK3	0.0906687	-1.06672	-2.02298	-0.268617	-0.515302	1.02324	0.4384
MAPKAPK5	-1.10292	-1.94153	-0.571685				
MAPKAPK5-AS1	-2.89903	-3.20494	-0.995979	-0.00276532	-0.576157	-2.82982	-3.20668
MAPKBP1	-0.143353	1.35725	-3.04521	-0.0299241	0.440584	1.15161	1.81718
MAPRE1	-1.0844	-1.93018	-1.7586	-0.401515	-0.304642	-3.54681	-4.28741
MAPRE2	0.459823	0.101873	-0.514359				
MAPRE3	-1.43937	-2.46067	-4.44343				
MAPT			-1.03722				
MAPT-AS1			-7.32835				
MARC1	6.96082	2.40026		0.194572	-0.526939	4.66607	3.30397
MARC2	3.10917	0.187787					
MARCH1	4.6682	1.06403		0.300001	-0.692815	4.21946	2.14532
MARCH2	0.189996	0.999345		0.033282	0.639479	-1.42405	-1.05398
MARCH3	-1.58395	-2.04604		-0.165911	-0.653437	0.00421967	-0.407488
MARCH4	1.02999	-0.823072		0.236986	-0.540603	1.28592	0.51118
MARCH6	4.12989	4.25649		0.342578	0.688285	3.37529	4.00073
MARCH7	0.213851	0.929948					
MARCH8	0.774703	-0.885618		-0.169469	-0.675357	0.230397	-0.501208
MARCKS	2.00653	-0.251059	-2.28507	0.209459	-0.864214	4.1732	1.64685
MARCKSL1			-4.5243				
MARCO	0.604926	-0.77384	-1.74984	-0.109269	-0.610538	-1.2716	-1.9036
MARF1	4.01476	5.41324	3.25459	0.281669	0.7054	5.29772	5.58428
MARK1	3.17105	1.6879	0.650519	0.235202	-0.593027	5.2672	2.71934
MARK2			-3.28889				
MARK3			-4.58435				
MARK4	0.864963	0.0718802	-5.25178				
MARS	2.52964	2.45725	-1.66303				
MARS2			1.75062				
MARVELD1			-2.37647				
MARVELD2			0.411259				
MARVELD3			2.68197				
MAS1			-0.531591				
MAS1L			-2.48176				
MASP1	-3.46827	-3.77453	-7.05659	-0.481381	-0.583145	-2.25421	-2.72433
MASP2	-0.654918	1.38673	-4.00767	0.0512385	0.643464	0.275737	1.23511
MAST1			1.91246				
MAST2			-2.34267				
MAST3	4.50748	0.469566	3.46331	0.442891	-0.67503	1.9829	0.550928
MAST4	1.60135	2.51178	1.10336	0.0425708	0.799398	2.62855	2.83552
MASTL			-0.076901				
MAT1A			3.78968				
MAT2A	0.15135	1.49044	-3.37876				
MAT2B	4.63975	5.83613	2.61168	0.366897	0.753518	4.32222	4.71682
MATK	-0.45705	1.09366	1.16308	0.0605939	0.760413	-0.663423	0.199674
MATN1			0.959944				
MATN1-AS1				-0.365104	0.252598	-1.60545	-1.04066
MATN2	-2.45651	-3.48189	-5.8387	-0.174007	-0.460021	-1.64258	-1.87528
MATN3	-4.01384	-1.81093	-1.17043	-0.420823	0.284935	-5.35352	-4.57704
MATN4	0.87203	1.98149	-0.956908				
MATR3	-0.119919	0.922456	-2.81205				
MAU2			-2.09372				
MAVS			-5.05212				
MAX	0.206556	2.00474	-0.700528	-0.092749	0.727259	1.39419	2.09701
MAZ	0.946563	0.13872	-0.132401	0.204563	-0.488394	2.62027	1.4605
MB			1.15589				
MB21D2	4.11579	1.63109	5.78327	0.512768	-0.54958	3.96271	2.37058
MBD1	5.33229	1.91723	1.57723				
MBD2	1.72886	2.77513	-2.87783	0.162719	0.779546	1.08987	1.56956
MBD3	-0.643607	1.43878	-0.023093	0.0624647	0.621248	1.66549	2.65656
MBD3L1			0.078919				
MBD3L2			-2.08425				
MBD4			-1.69385				
MBD5	1.713	2.70181	1.80292	0.124736	-0.0479676	2.10826	2.6653
MBD6	-3.32456	-1.007	-2.53281				
MBIP			-2.81108				
MBL1P	-2.06145	0.17156	-3.89172	0.0131411	0.474444	-0.00206959	0.901086
MBL2			-0.021029				
MBLAC1	1.02562	2.39606	4.90842				
MBLAC2	0.57454	-0.870063	-4.19576	0.108916	-0.706205	0.541514	-0.0938012
MBNL1			2.41902				
MBNL2	1.50186	2.3973	0.682737	0.0939865	0.79217	1.09506	1.76792
MBNL3	-3.63432	-3.61148	-3.46788	-0.446206	-0.494596	-2.27717	-2.66755
MBOAT1	-0.858252	-0.352921	-1.9769	-0.563103	0.172426	-5.38064	-4.55541
MBOAT2	0.816328	-1.39736	-1.49271	-0.206645	-0.862155	0.0123551	-1.01001
MBOAT4			-0.719866				
MBOAT7	5.20073	0.332591	-1.11153	0.246782	-0.857315	6.10074	1.55963
MBP	-1.03786	-0.0401261	-0.294636	0.247269	0.483287	1.65232	2.70563
MBTD1	-0.238876	1.2207	0.80876	0.0209751	0.527592	1.25022	2.29769
MBTPS1	2.1123	2.54034	-2.22876				
MBTPS2	2.45399	3.17918	5.27459				
MC1R	-2.27614	0.629549	-2.23916	-0.127434	0.821237	-3.51746	-1.21006
MC2R			-2.32542				
MC3R			0.144178				
MC4R			-4.69007				
MC5R			-4.30753				
MCAM	-0.977145	-0.137512	1.11653	-0.304681	0.474203	-3.07521	-1.93999
MCAT			-0.082166				
MCC			-1.46646				
MCCC1	1.03398	0.790346	1.12279				
MCCC2	-0.675874	-1.05943	-4.76006				
MCCD1			-1.48564				
MCEE	-1.55314	-0.282668	-0.956315				
MCF2	-2.43908	0.0800491	-1.01441	-0.0181159	0.8516	-3.91514	-1.39271
MCF2L	0.482277	1.8137	-0.676638	-0.00624782	0.829719	1.70528	2.03328
MCF2L-AS1	0.0655934	1.61441	1.0146	-0.05625	0.770173	-0.362433	0.617121
MCF2L2	-0.327352	1.15528	-1.31534	0.119411	0.651201	4.34624	4.80995
MCFD2	0.971868	-0.83626	-4.3833	0.115996	-0.716111	2.8874	1.04335
MCHR1	3.09814	1.15775	3.79518				
MCHR2	8.73761	5.24362	10.9729	0.623357	-0.218361	5.55955	4.56508
MCL1			-6.68432				
MCM10			-1.63665				
MCM2	0.984886	2.18198	1.85652				
MCM3	-8.3178	-4.59571	-8.62564	-0.310893	-0.140073	-2.2497	-2.28788
MCM3AP			-0.614312				
MCM3AP-AS1	-4.2481	-0.0162632	-3.29787	-0.251703	0.695454	-1.10913	0.109166
MCM4			0.053119				
MCM5	-6.15168	-2.79628	-2.69563	-0.431492	0.229799	-3.41162	-2.62913
MCM6	1.5101	0.477965	-4.2115	-0.0952019	-0.709619	0.892622	0.223602
MCM7	-5.44247	-1.80811	-3.01644	-0.405958	0.50761	-4.15534	-2.57808
MCM8	-0.340553	1.85918	1.20983				
MCM9			-0.566282				
MCMBP	-2.36165	-2.28967	-5.64407				
MCOLN1	2.42163	2.75217	9.16437				
MCOLN2			-1.9528				
MCOLN3			-3.33461				
MCPH1	-1.00033	0.949395	1.71335				
MCRIP1	2.91783	0.407929					
MCRIP2	0.646545	1.70209	-2.07837				
MCRS1	-0.470071	1.44377	1.27425	0.231307	0.608974	1.63394	2.23312
MCTP1	5.67817	0.977511	0.666558	0.256447	-0.705445	2.65621	0.795901
MCTP2	4.02544	3.59716	3.78046	-0.0139291	0.049622	3.0247	3.19339
MCTS1	2.47111	-0.788299	1.38925	0.187831	-0.726658	-1.36826	-2.33171
MCU	0.147327	1.65288	0.266522	0.0368929	0.503189	-0.958187	-0.285588
MCUB	3.36691	-0.609779	2.12187	-0.0357761	-0.889991	2.09137	-0.0519737
MCUR1	0.406982	-1.54024	-1.47517	-0.0509939	-0.76024	-0.564331	-1.53863
MDC1	0.630345	1.75216	1.05125	-0.0404334	0.290469	1.18363	1.80018
MDFI			-3.60241				
MDFIC	2.77371	0.582037	1.55139	-0.122217	-0.430614	2.14571	1.65399
MDGA1	1.76536	-0.481338	2.16947	-0.133069	-0.762458	-0.981896	-1.68009
MDGA2	2.02663	2.6178	3.44722	0.187402	0.617437	2.1065	2.56345
MDH1	0.701431	1.53216	2.71194	0.13418	0.603148	-0.739255	-0.244196
MDH1B	-1.23457	0.814128	1.26912				
MDH2	2.75973	1.05785	-0.920176	0.292219	-0.538181	1.06708	0.0804461
MDK	0.588252	-1.21346	-1.09678	-0.286889	-0.619827	1.77424	0.847826
MDM1			-1.29445				
MDM2	-0.22866	1.19718	-0.387471				
MDM4			-2.95207				
MDN1			-3.92211				
MDP1			2.35724				
MDS2			-3.59874				
ME1	0.399054	-1.8848	1.30305	0.0227669	-0.813569	-0.824456	-1.81179
ME2	-0.987961	-2.17481	-3.53717	-0.195121	-0.580978	-0.838856	-1.43363
ME3	4.04248	0.0988425	-2.00435	0.209651	-0.771612	0.99041	-0.483892
MEA1	6.96703	0.741291	4.49845	0.439862	-0.696872	5.36487	2.16382
MEAF6	1.9067	0.612256	-3.62017				
MECOM	-2.14143	-0.358158	-1.22237	-0.266151	0.496989	-3.06264	-1.82735
MECP2	-0.594269	1.23877	-1.59992	-0.0118066	0.61422	1.23707	1.9159
MECR	1.62051	-0.118269	2.91198	0.110701	-0.503909	-1.48534	-2.25002
MED1			-0.085517				
MED10	1.65565	-0.333614	4.68172				
MED11	-2.83611	-0.166282	0.943037	-0.256031	0.803157	-3.9917	-1.34851
MED12			-2.8925				
MED12L	8.28822	5.69153	1.78997				
MED13	-2.10213	-0.999036	-1.6314				
MED13L			-1.30178				
MED14			-0.973359				
MED14OS	2.50416	0.225125					
MED15			2.06455				
MED16	3.02308	-0.103612	2.99661	0.164463	-0.69733	4.14864	1.97745
MED17	0.907531	2.02311	0.820412				
MED18			2.47958				
MED19	2.31785	0.394295	-1.21609				
MED20	2.50218	3.64538	4.46042				
MED21	4.38189	4.01821	3.86226	0.163371	0.691971	1.04279	1.99114
MED22	-2.21074	0.950758	-1.81417	-0.138496	0.619394	-0.2879	0.48265
MED23	1.09452	2.30399	-1.39088	0.240496	0.371156	2.45935	3.38883
MED24	-1.228	-2.68629	-1.06265				
MED25			0.462133				
MED26	1.64368	2.1301	-2.39861				
MED27	1.39167	0.0157518	0.35476				
MED28			3.25578				
MED29	-4.32206	-4.76746	-6.23831				
MED30	-0.120875	1.4665	2.78791				
MED31	2.73332	2.19589	5.59287				
MED4	1.30025	-0.319165	2.60188				
MED6			-0.220673				
MED7	1.67793	1.28013	4.33994				
MED8	1.55697	-0.269929	3.71751				
MED9	0.482475	2.20935	0.941778	0.0817347	0.50732	2.63026	3.54767
MEDAG	4.97024	3.07865	10.2862	0.38679	-0.327175	2.20618	1.62022
MEF2A	-0.37712	1.25875	-2.63687	0.06524	0.491955	2.1022	2.78888
MEF2C	0.473367	1.7492	2.09961	0.339829	0.271988	2.94952	3.69226
MEF2D	-0.862435	0.151168	-0.828296				
MEFV			-3.22503				
MEG3	-3.22292	-3.26238	-3.45288				
MEGF10			0.685051				
MEGF11	-3.29702	-3.58668	-8.1564				
MEGF6	2.63111	3.24475	3.97629	0.0172423	0.428328	3.63433	4.71603
MEGF8	5.91886	5.01409	-2.09463				
MEGF9	1.14144	-0.114036	1.72595				
MEI1	1.47455	0.629423	3.6152	0.292923	-0.0412397	-1.23516	-2.06341
MEIG1	-0.346367	-1.68509	2.44602				
MEIKIN	-2.84718	-0.630404					
MEIS1	-0.0103225	-0.726762	2.89029	-0.00162992	0.00749961	-1.67944	-1.98
MEIS2	-1.83016	-1.46981	0.297318	-0.278491	-0.276901	-1.70642	-1.73257
MEIS3	5.25747	-0.619015		0.23462	-0.885968	2.96619	0.15362
MEIS3P1	0.76815	0.757706	2.96537	-0.145158	0.182608	0.836888	0.909501
MEIS3P2			3.63584				
MELK			1.48389				
MELTF	2.0706	2.34795	4.95873	0.0245399	-0.0700167	4.4723	4.48537
MELTF-AS1	-0.179086	0.278135					
MEMO1			-0.080626				
MEN1			2.70003				
MEOX1			-2.92019				
MEOX2			-0.208398				
MEP1A			-1.88536				
MEP1B			1.3682				
MEPCE	-0.0889881	1.53026	0.269461	-0.014036	0.527749	0.966049	1.61945
MEPE	2.48596	-0.0222208	7.31398	0.21385	-0.512856	0.0721099	-1.17439
MERTK	-1.3653	-1.73191	-2.7052	-0.0475695	-0.312453	2.02003	1.86803
MESD	1.24429	-0.664963	-2.03577	-0.26143	-0.427317	0.0789278	-0.413682
MESP1	3.52177	-0.336881	0.856546	0.280326	-0.893188	2.25253	0.124815
MESP2			3.73134				
MEST	2.15169	-0.586305	-0.188377	0.331263	-0.743863	2.21362	0.723363
MESTIT1			1.28216				
MET	-0.0916825	0.461674	-0.671867	0.426012	0.30041	2.0353	2.69833
METAP1	3.44929	1.14207	4.12811				
METAP1D			-0.957039				
METAP2	-0.133857	1.20744	1.29127	-0.105668	0.654008	-0.145786	0.512581
METRN	-2.48016	-2.55524	-4.53164				
METRNL	-4.54462	-4.85797	-2.10536	-0.50741	-0.272521	-2.0794	-2.70697
METTL1	2.31498	0.172499	1.21015	0.120363	-0.586303	-0.795868	-1.73073
METTL11B			-1.82039				
METTL13	4.46821	4.80703	6.73861	0.347108	0.382141	2.54216	2.92346
METTL14	-1.08508	0.310858	2.20577				
METTL15	-1.8803	0.72927	-0.820636	0.0694521	0.661178	-1.803	-0.695327
METTL16			-3.0569				
METTL17	-0.342713	1.35658	-0.483663	0.0765908	0.686469	0.889292	1.70518
METTL18	-1.99005	-0.255125	1.37797				
METTL21A	4.3069	4.93796	7.13218	0.259816	0.72296	2.74499	3.29449
METTL21C	5.5643	5.20786	4.28449	0.333245	0.306524	8.98739	9.91475
METTL22			4.58475				
METTL23			-0.650676				
METTL24	0.546271	2.38292	-1.52146	-0.0119805	0.721588	2.36815	3.00402
METTL25	-0.729564	0.307377	0.602349				
METTL26			0.186508				
METTL27			2.65665				
METTL2A	-3.68674	-0.90766	-1.94353				
METTL2B			-2.05032				
METTL3	-2.59775	-2.07773	-2.3444				
METTL4			1.73622				
METTL5	-0.075023	-1.61739	-2.24035	0.0244719	-0.789069	-0.779382	-1.38202
METTL6	0.781246	-1.35064	0.339241	0.0440736	-0.717271	-0.533468	-1.201
METTL7A	-0.650692	-1.61422	-3.62528				
METTL7B			2.79002				
METTL8	0.210678	-1.01642	-2.14234	-0.37593	-0.36667	-2.86121	-3.51848
METTL9	1.93269	-0.244798	3.51464	0.325413	-0.497913	4.32089	2.30647
MEX3A	-0.554169	-1.7045	-2.91154	-0.295675	-0.503332	-0.0657688	-0.605966
MEX3B			-0.688082				
MEX3C	-0.290187	0.528302	3.25701				
MEX3D	-2.66061	-1.50117	-4.72889				
MFAP1	3.01948	0.882955	2.92537				
MFAP2			1.60873				
MFAP3	2.22419	2.98762	4.28777	0.183713	0.541228	3.21999	3.87267
MFAP3L	-1.4284	0.254179	1.64975	-0.316172	0.55986	-2.97733	-1.45729
MFAP4	0.0263191	-1.30639	-1.84248	-0.233695	-0.372552	0.249331	-0.00545704
MFAP5			-2.19533				
MFF	0.0683167	0.996132	-1.51856	0.0543433	0.558398	-0.627754	-0.245225
MFGE8	2.45602	2.10182	3.99297	0.235034	0.545603	2.81601	3.32004
MFHAS1	-0.800113	1.58627	-0.622247	-0.0618534	0.629868	0.260149	1.43341
MFN1	-0.724258	0.222494	-1.63943				
MFN2	2.78212	2.78504	-1.64138	0.124648	0.162958	0.612237	0.601973
MFNG	-5.52801	-3.48227	-4.56452				
MFRP			-3.67504				
MFSD1	-1.48021	-2.24596	-3.96136	-0.473254	0.32755	-2.93149	-2.13788
MFSD10	0.979385	-0.436805	-0.575378				
MFSD11			0.837534				
MFSD12	1.89619	0.24465	5.76828	0.160773	-0.550881	0.51167	-0.579823
MFSD13A	1.48698	0.49146					
MFSD14A	0.198009	-0.188524					
MFSD14C	-1.97453	-0.788751					
MFSD2A	-3.26769	-0.874211	-2.38213	-0.294098	0.457638	-3.12293	-2.3804
MFSD2B	-2.03785	-2.16681					
MFSD3			5.89008				
MFSD4			1.61131				
MFSD4A	3.35717	1.56206		0.513641	-0.488848	0.68785	-0.219474
MFSD4B	2.15703	0.598996		0.22242	-0.319734	2.72093	2.35028
MFSD5			2.3411				
MFSD6	0.58917	0.167044	-1.43656	0.0918247	-0.119055	-3.11819	-3.65436
MFSD6L			-4.29474				
MFSD8	-0.50048	0.760504	-3.42026				
MFSD9	-1.70651	0.687266	-3.39288	-0.0870044	0.683047	-1.90506	-0.705641
MGA	3.12559	3.51277	-6.68218	0.0567493	0.560607	5.29751	5.62094
MGARP	-4.26948	-0.91876	-2.94597	-0.208091	0.758262	-5.03218	-2.06459
MGAT1	-2.8237	-0.685118	-1.90696	-0.103577	0.530582	-0.578768	0.0299626
MGAT2			-0.53237				
MGAT3	-0.050554	-0.336963	-2.15078				
MGAT4A	2.74194	3.58158	1.92322	0.53874	0.196062	7.44783	7.73404
MGAT4B	2.7862	-0.769062	1.18234	0.222636	-0.769992	1.26297	-0.111693
MGAT4C	2.33713	2.90336	-0.48907	-0.268283	-0.0589201	2.06202	2.21732
MGAT5	0.773853	1.49605	3.27796	-0.00358169	0.473081	-0.655629	-0.380593
MGAT5B	2.44237	2.17024	3.96873	0.664872	0.0361526	4.69086	4.47421
MGC11082			-0.493335				
MGC12916			3.57939				
MGC14436			1.66922				
MGC15705			1.84637				
MGC16025	-2.55714	0.173441	-0.22786	-0.258594	0.599262	-1.36323	-0.0362587
MGC16142			0.534738				
MGC16275	-2.90884	-3.41544					
MGC16384			-4.19993				
MGC21881			-1.64881				
MGC23284			0.789781				
MGC24103			1.18124				
MGC27345	0.94269	2.28539	-2.59555	-0.00236583	0.549031	3.00457	3.65346
MGC2848			-3.66174				
MGC2889	-0.603201	-1.01087	-0.832614				
MGC34034			-0.870915				
MGC34796	0.221651	-0.243262		0.0586106	0.154235	0.405328	0.269624
MGC34800			-3.47204				
MGC3771			-3.82709				
MGC39372			4.68878				
MGC39545			3.44617				
MGC39584			-2.15745				
MGC42157			-2.5437				
MGC4294			-1.06756				
MGC45800			-5.66314				
MGC50722			2.30953				
MGC70870	-5.61612	-6.01728	-7.78171				
MGC72080			-5.35647				
MGC9913			-2.5476				
MGEA5	6.05549	3.75423	-2.68255	0.28998	-0.342292	4.02253	3.39605
MGLL	0.761666	-0.00186285	4.04583	0.155163	0.190711	0.228879	0.132127
MGME1			-2.57204				
MGMT	-0.432268	-1.9522	-1.72756	-0.162511	-0.8003	-1.71723	-2.09988
MGP	0.86837	0.0979513	1.12617	0.346728	-0.097944	-0.964026	-1.34763
MGRN1			0.868807				
MGST1	-0.15965	-1.69371	-2.92852	0.0194727	-0.878082	1.71532	-0.225154
MGST2	-1.46178	0.575758	-1.83295	-0.283272	0.692497	-2.15772	-0.814398
MGST3	-1.3192	-1.8023	-2.84623				
MHENCR	0.323081	-1.07683					
MIA			-0.586082				
MIA2			1.66659				
MIA3	0.509115	1.92509	-0.080885	0.0469596	0.763913	0.31841	1.06155
MIAT	1.24466	2.31408	0.332063	0.20775	0.738795	3.10069	3.59553
MIB1	-1.1775	-0.907861	-1.50743				
MIB2	-0.413547	1.42773	-3.11578				
MICA	-5.57586	-1.49886	-5.71465	-0.644285	0.423005	-5.69701	-3.76029
MICAL1	0.703004	1.34342	1.19358	0.144304	0.258074	2.81038	3.58234
MICAL2	4.03707	4.06456	4.45701	0.54134	0.589074	3.00881	3.59103
MICAL3	-2.42732	0.189379	-4.16789				
MICALCL			-1.81258				
MICALL1	-1.03897	-0.604832	0.083368				
MICALL2			0.210292				
MICB	-6.43139	-1.8452	-6.27171	-0.735563	0.41704	-5.70934	-3.76069
MICU1			0.484097				
MICU2	-3.4799	-1.19758	-4.01775	-0.257597	0.410015	-1.3021	-0.404477
MICU3	1.29064	2.18375	5.22194	0.337749	0.746751	0.325711	1.05778
MID1	-3.99996	-4.87596					
MID1IP1			0.321469				
MID2	-0.759823	1.47642	1.0905	-0.0897899	0.820203	0.281672	1.12697
MIDN			-0.931375				
MIEF1	2.59295	0.0854165	2.52533				
MIEF2			-1.28216				
MIEN1			0.808657				
MIER1	-0.442541	1.37025	-1.24048	-0.033818	0.514625	1.76592	2.29273
MIER2			1.38296				
MIER3	1.05358	2.26736	2.07414				
MIF	2.92087	-0.27093	0.085299	0.133635	-0.644534	-0.762309	-1.61565
MIF-AS1	1.55775	-0.705869		0.141995	-0.577916	-1.02765	-1.87485
MIF4GD			0.655208				
MIGA1	1.57279	1.56127	2.75291	0.126076	0.0034107	-0.561616	-0.769457
MIGA2	-0.252636	1.194	2.99862				
MIIP	-0.120708	-1.72526	2.78538				
MILR1	-2.50949	-2.77672	-3.43863	-0.259176	-0.654585	-3.70858	-3.77259
MINDY1			-0.898891	-0.58819	0.142291	-4.81283	-3.87299
MINDY2	-5.8405	-3.00754	-4.47891				
MINDY3	-0.262501	1.28716	5.81929	-0.0207476	0.807746	-0.663207	0.317519
MINK1	-2.03373	-3.27531	-4.99111	0.060933	-0.776266	-0.773629	-1.37223
MINOS1	0.680627	-1.02988		0.0192998	-0.449441	-0.414777	-1.30453
MINPP1	-1.19806	0.104445	-1.25303				
MIOS	2.8156	3.92625	4.7254	0.407475	0.440987	4.51437	5.03448
MIOX			-2.88641				
MIP			0.576273				
MIPEP	-1.3956	-1.37865	-4.74643				
MIPOL1	-2.82636	-2.12111	-3.81257				
MIR100HG	1.73162	-0.78539	3.49604	0.120431	-0.632891	-2.299	-3.33818
MIR124-2HG	1.56264	2.82041		0.323914	0.659015	4.88668	5.64342
MIR1245A			0.505766				
MIR133A1			3.71979				
MIR155HG			0.3375				
MIR17HG			1.53259				
MIR193BHG	1.72325	2.18438					
MIR205HG			-1.84951				
MIR22HG	1.78588	2.21601	-1.19873	0.0819228	0.31982	-0.163756	-0.0518906
MIR2682			-0.843492				
MIR29B2CHG	0.883378	2.24955		0.0442591	0.950751	1.54167	1.82997
MIR31HG	-0.0447745	1.47282	5.07292	0.113441	0.857895	0.138675	1.02123
MIR4435-2HG	-0.965288	-2.30342		0.196077	-0.745565	-1.75808	-2.17192
MIR4453HG	-0.571037	0.665165	-2.71548				
MIR4697HG	2.5641	3.24279		0.333652	0.537825	2.47197	2.99043
MIR497HG	-0.243776	-0.197968		0.119621	0.0879275	4.64273	5.06882
MIR600HG	0.739141	2.08823	3.45853	0.0686137	0.915368	0.386334	1.25172
MIR7-3HG	3.62576	0.364335	10.1855	0.436961	-0.603517	1.53475	0.208986
MIR9-3HG	-0.200013	0.847527		0.2074	0.698732	0.715809	1.22049
MIR99AHG	0.834823	-0.60702	-0.845837	-0.192039	-0.562491	1.43353	0.730856
MIRLET7BHG	-4.46853	-1.24197		-0.154914	0.753545	-1.34284	-0.0541747
MIRLET7DHG			1.74776				
MIS12			-0.2709				
MIS18A	-0.0773406	1.203	-1.12203				
MIS18BP1	-3.18704	-0.355348	-2.34939	0.0800388	0.635689	-2.38521	-1.14954
MITD1			-4.13594				
MITF	-4.09419	-0.789806	1.40112	-0.430591	0.598535	-4.06654	-2.09516
MIXL1			0.290561				
MKI67			-0.281439				
MKKS	0.500049	-1.16669	4.19259				
MKL1	2.89389	3.01088	-0.832282				
MKL2	5.54819	1.33887	4.8134	0.521823	-0.749412	7.02892	2.80835
MKLN1	-2.22817	0.921849	0.821286	-0.113916	0.746391	1.909	2.33262
MKNK1	-2.66387	-2.19294	-4.55266	0.00310427	-0.174816	-0.43677	-0.30791
MKNK2	-1.59698	1.26292	-2.85866	-0.0651067	0.777432	1.24908	1.91568
MKRN1	1.59324	1.93431	1.81799				
MKRN2	3.7643	4.03886	6.99352	0.303761	0.44907	4.08394	4.68857
MKRN3			2.06513				
MKRN7P			-1.1509				
MKRN9P	0.724173	1.21084					
MKS1			1.94111				
MKX	2.7168	3.67801	11.9521	0.342972	0.785308	2.32544	2.67515
MLANA			2.5866				
MLC1	-1.31071	-2.30231	-4.56789				
MLEC	1.61584	-0.871141	0.124857				
MLF1	-2.58114	-3.39348	-4.30736	0.125258	-0.533589	0.52207	0.172881
MLF2			1.52467				
MLH1	-3.40198	-4.24416	-4.10899	-0.426054	-0.444242	-2.42196	-2.71802
MLH3	0.302564	1.18586	0.514304				
MLIP	4.53315	1.86723	3.10406	0.600786	-0.468574	6.35004	4.16198
MLKL	-3.11407	-3.25285	-0.485262	-0.522047	0.108143	-5.58018	-4.90494
MLL2			-5.20548				
MLLT1	-2.75403	-3.23536	-4.91628				
MLLT10	-0.0461078	1.92602	-2.70195	0.0280789	0.686638	1.89274	2.74801
MLLT11	3.29277	1.11182	0.158583				
MLLT3	-0.979043	-0.026055	-2.34262				
MLLT6	-0.243963	0.61339	-2.56482				
MLN			2.29256				
MLNR	0.469176	-1.16564	-4.47259	0.0784593	-0.626372	1.90157	0.800148
MLPH	-2.12651	-0.0486403	-2.87236	-0.255766	0.283592	-2.3763	-1.86274
MLST8			0.820165				
MLX	-0.291406	-1.57645	-2.38214				
MLXIP	-1.48308	0.482483	-3.41272	-0.262046	0.608053	-0.762695	0.3373
MLXIPL	3.25273	3.81419	1.2657				
MLYCD	2.70926	3.23922	3.98407				
MMAA	1.99771	0.26027	1.12571	-0.0686094	-0.617946	0.501386	-0.201493
MMAB	-0.150196	-2.24233	-0.839414	-0.0440399	-0.720688	-2.57826	-2.91177
MMACHC	-1.14447	-0.834381	-1.42971	-0.241185	0.349463	-5.04449	-4.17027
MMADHC			1.56543				
MMD	0.0410039	-1.92849	-7.57121	-0.05418	-0.952488	-2.32076	-2.10751
MMD2			-4.2015				
MME			3.79757				
MMEL1			-1.4473				
MMGT1	2.68964	0.828098	1.57412	0.155505	-0.37578	1.76304	1.33719
MMP1			-1.47277				
MMP10			-4.06446				
MMP11			1.46889				
MMP12			-2.85616				
MMP13			0.681457				
MMP14	-0.401775	-0.208275	-0.110163				
MMP15	-0.359835	0.903231	1.50807	-0.363027	0.492236	-0.788915	-0.378249
MMP16	0.768111	0.601995	-0.163445	0.20344	-0.454897	3.23239	2.62288
MMP17	2.91095	2.11436	1.35013				
MMP19			-5.87913				
MMP2			-1.49556				
MMP20			-0.170604				
MMP21			1.82809				
MMP23A			6.92398				
MMP24			-0.191169				
MMP25			0.181344				
MMP26			-2.11396				
MMP27			-2.12866				
MMP28	-1.39274	-2.27521	-3.69854	-0.182168	-0.726655	1.54197	0.563252
MMP3			-4.5478				
MMP7			-0.41522				
MMP8			-0.797448				
MMP9			-5.1695				
MMRN1			0.870848				
MMRN2	-2.25157	-2.91992	-3.83262				
MMS19	1.86988	-0.223636	-1.53139				
MMS22L	-0.987039	1.23148	2.71502	-0.198685	0.724718	-1.25322	-0.00104344
MN1			2.01079				
MNAT1	3.67356	4.05582	-1.82152				
MND1	3.46195	1.85639	3.31007	-0.231579	-0.355551	1.03099	0.636756
MNDA	-2.2531	-2.7097	-1.39235	-0.298007	-0.512373	-2.91701	-3.23021
MNS1	0.708949	2.21312	2.24221	0.0792931	0.527548	2.66879	3.39648
MNT	-1.09198	-1.26015	-4.89513	0.141961	-0.266302	0.936833	0.749931
MNX1			-2.76322				
MOAP1	2.52954	3.20929	3.42021				
MOB1A			-2.53959				
MOB1B	2.0869	-0.847912	-3.00558	0.245234	-0.893188	3.33847	0.370086
MOB2	2.31436	3.16685	6.52066	0.113352	0.571722	1.6258	2.03271
MOB3A	-1.79633	-2.43521	-4.53813				
MOB3B	2.92413	3.03277	4.90227	-0.0956143	0.255437	1.28789	1.55081
MOB3C	-3.42565	-2.84141	-1.45877				
MOBKL3			1.07407				
MOBP	-3.29415	-2.96448	-1.39415	-0.534799	0.245636	-5.61129	-4.44838
MOCOS			-3.87158				
MOCS1	-0.19576	0.778597	1.83492	0.000275155	0.665081	0.420078	0.995657
MOCS2	-1.60317	-2.60168	-0.673521				
MOCS3			4.48226				
MOG	-0.895917	-0.240459	0.634015	-0.436882	0.241471	-3.73188	-2.79758
MOGAT1	-1.64603	0.90352	-1.3367	-0.0859356	0.840196	1.13683	1.60373
MOGAT2	-4.26339	-0.823907	-2.65081	-0.0867497	0.804321	-0.722691	0.524673
MOGAT3	-1.75257	0.702089	-3.40231				
MOGS	-0.00198168	0.909972	-1.94957				
MOK	2.96463	3.97506		0.176574	0.494094	6.83288	8.22211
MON1A	2.24208	0.626762	1.71594				
MON1B			-5.43314				
MON2	0.160736	1.61745	-1.12693				
MOP-1			0.697163				
MORC1			2.64329				
MORC2			-0.977988				
MORC2-AS1	0.401674	2.22876	-0.13021	0.169008	0.605467	1.12379	1.85326
MORC3			-2.69624				
MORC4	-0.577081	-1.1623	1.63787				
MORF4			2.62568				
MORF4L1	0.164257	-0.0759036	-0.167388	0.0124422	0.187078	-0.467196	-0.646146
MORF4L2			-2.16249				
MORN1			2.16083				
MORN2	-1.16013	-1.97681	-2.18328				
MORN3	3.87912	1.95067	5.14933	0.305035	-0.483673	3.50798	2.03359
MORN4	4.04963	-0.105648	0.150301	0.273953	-0.752937	6.47669	1.92181
MORN5	-0.433582	-1.71431	-0.577752	-0.138336	-0.601717	-2.45392	-3.05432
MOS			-3.76037				
MOSC1			2.43194				
MOSPD1	2.51513	3.61641	3.06601	0.189618	0.529286	2.5643	2.9954
MOSPD2	-0.162344	-1.5663	0.643285	-0.352501	-0.523927	-2.2914	-2.91084
MOSPD3	-3.65865	-3.90049	-1.95911				
MOV10	-0.992152	-2.08789	-0.969846				
MOV10L1			5.18881				
MOXD1	-0.474335	-2.14965	-1.3798	-0.0671141	-0.349653	-2.72835	-4.15064
MPC1	-2.72248	-0.313266	-2.64774	-0.306761	0.768689	-3.86907	-1.66319
MPC2	0.807739	0.921923	-3.03964				
MPDU1	-2.97442	-1.74329	-2.35594				
MPDZ	0.786231	-0.929937	-4.14532	-0.172331	-0.51968	0.446581	-0.189107
MPEG1	-2.15208	-2.98641	1.03128	-0.210921	-0.551539	-2.76732	-3.21532
MPG			5.28456				
MPHOSPH10	-1.39154	0.401484	-3.28506				
MPHOSPH6	-1.22313	-2.12394	-4.46015	-0.0266761	-0.748679	-0.364184	-1.19952
MPHOSPH8			-2.34663				
MPHOSPH9	-0.159971	1.69398	-0.486249	0.120495	0.627438	3.40237	4.13509
MPI	0.870923	-0.538826	1.12206	-0.0538815	-0.491018	-1.9037	-2.82808
MPIG6B			1.32416				
MPL	7.20473	2.03813	6.34989	0.384787	-0.279439	2.74049	2.25427
MPLKIP	-1.19852	1.0475	-3.76494	-0.109657	0.502555	0.924399	1.72223
MPN2			3.23189				
MPND	4.56093	0.819197	6.25288	0.414877	-0.488734	1.21528	0.183573
MPO	2.01924	-0.0336072	7.88804	0.257063	-0.425394	0.643857	-0.132554
MPP1	0.819169	1.8173	0.863951	0.0394233	0.84304	-1.2322	-0.187645
MPP2	5.7589	1.71641	3.18898	0.300331	-0.630803	2.83761	1.4645
MPP3	1.81423	0.243699	0.655561	0.208726	-0.479974	0.686188	-0.171143
MPP4			2.78438				
MPP5	-1.90147	0.666744	-2.27116	-0.370665	0.576223	-1.47864	-0.298469
MPP6	1.54923	-0.477458	-0.007411	-0.0833598	-0.613613	0.341786	-0.57023
MPP7	0.911321	1.69531	1.81522	0.236656	0.517464	0.698444	0.943195
MPPE1	-0.70075	0.310144	-1.64853				
MPPED1	3.72108	3.05868	1.11518	0.0736646	-0.127341	1.82075	1.44268
MPPED2			-0.01546				
MPRIP	-0.620787	1.29258	0.776842	-0.0242168	0.559839	1.27207	2.36416
MPST	-2.96197	-3.61537	-2.73565				
MPV17	-0.618735	-1.83212	0.760024				
MPV17L	-2.51534	-1.2219	-6.93443	-0.235252	-0.000371271	-0.641105	-0.19355
MPV17L2	2.27701	-0.47324	5.72868	0.246111	-0.786549	1.40167	-0.353689
MPZ			-1.5714				
MPZL1	-1.20469	-2.23227	-1.64374	-0.29242	-0.36423	-1.41992	-2.09759
MPZL2			-0.193601				
MPZL3	-2.71135	0.254886	-4.60705	-0.0410527	0.647305	-0.789301	0.227523
MR1	1.12414	-1.16664	0.248053	-0.0678994	-0.772557	0.816869	-0.375287
MRAP	-0.404356	-0.327282	1.65221	-0.323467	0.216555	-2.35147	-2.05236
MRAP2	2.18284	2.04728	2.05428	0.0255996	-0.0647817	0.837025	0.72533
MRAS	2.65343	-0.837639	-3.41455	0.229907	-0.878821	5.13209	1.27053
MRC1	0.530218	-1.42346	1.64517	-0.0101212	-0.785311	-0.0196339	-0.959954
MRC2			1.83166				
MRE11	2.53264	2.08157	-0.091621				
MREG	0.796543	1.46298	1.52235	-0.070479	0.546285	-0.615271	-0.156275
MRFAP1	1.99186	-0.321445	-0.439113				
MRFAP1L1			1.00455				
MRGBP	0.110163	1.6644	2.0291	0.044444	0.585018	0.963435	1.6252
MRGPRD	-1.46749	-1.9721	0.813215				
MRGPRE			-1.54897				
MRGPRF	-0.754868	1.38998	-3.61327	-0.187792	0.807378	-0.62147	0.62201
MRGPRG			-3.29511				
MRGPRG-AS1			-1.73167				
MRGPRX1			-2.86928				
MRGPRX2			-3.13482				
MRGPRX3			-1.17629				
MRGPRX4			-2.41658				
MRI1			-1.3579				
MRM1	0.914352	1.78041	1.30808				
MRM2			4.24724				
MRM3	5.33689	3.70654	4.91088	0.274694	-0.411192	2.5157	1.78208
MRNIP	0.712724	1.96456	-2.51743	0.0982158	0.489994	2.13036	2.93418
MRO	-0.930208	-1.64625	0.395131				
MROH1			-2.08033				
MROH5	-0.253106	0.857669		-0.0645109	0.819183	-2.41881	-1.19031
MROH6	-3.88723	-0.2463	-4.05184	-0.0366997	0.679621	-0.787253	-0.2048
MROH7	-1.96016	-2.13996	-4.91487				
MROH8	1.75698	2.78794	2.12119	0.103041	0.679159	3.94875	4.01524
MRPL1	-3.66886	-1.20475	-2.34414				
MRPL10	2.06035	-0.943111	0.99953	0.171544	-0.705275	3.11397	1.29259
MRPL11			-4.40607				
MRPL12	-0.259654	0.00348228	0.868228	0.035072	0.473659	-2.31401	-2.01098
MRPL13			-3.31276				
MRPL14	1.53768	-0.507281	2.91843	0.17575	-0.508889	-0.558322	-1.36222
MRPL15	0.271478	0.978879	2.13038	0.0710113	0.603263	-1.07661	-0.581623
MRPL16	0.0418703	1.6173	-0.075885	0.0359246	0.584501	0.27351	1.00827
MRPL17			1.40806				
MRPL18	0.85226	0.164225	1.69996				
MRPL19	-0.0712378	0.384639	-0.070785	0.0177123	0.523317	-0.261697	0.137735
MRPL2			1.2503				
MRPL20	1.16842	-1.33251	-1.79403	-0.00703624	-0.734307	-0.521085	-1.41901
MRPL21			-1.01464				
MRPL22	-1.83915	-0.856836	-1.44031	-0.0616437	0.566672	-3.45728	-2.81435
MRPL23	-0.622942	-1.98466	-1.81663	-0.0319208	-0.604612	-0.667607	-1.48776
MRPL24	0.0811727	-1.37194	-0.802184				
MRPL27	2.34248	3.0864	3.56964	0.147865	0.538006	0.707448	1.0194
MRPL28	2.75295	-0.274243	4.82211	0.302925	-0.686829	-0.168124	-1.01989
MRPL3			0.071781				
MRPL30	4.60979	0.0692627	-1.16969	0.125405	-0.679959	1.56152	0.354027
MRPL32			-1.55599				
MRPL33	0.421989	2.13439	0.961249	0.147391	0.896185	2.92128	2.90794
MRPL34	-2.93184	-0.627829	-1.64012	0.0405388	0.645236	-2.24203	-1.05992
MRPL35	1.60597	1.66869	-1.45215				
MRPL36			2.1529				
MRPL37	2.70451	-0.0612621	1.6334	0.11286	-0.684299	-0.134517	-1.2888
MRPL38			1.48773				
MRPL39	-0.0408404	1.19489	4.96565	0.0864173	0.599789	-0.127385	0.48101
MRPL4	1.07313	0.926241	4.38065				
MRPL40			1.62848				
MRPL41	4.76	2.88854	-0.309526				
MRPL42	1.69064	1.37848	-0.759693	-0.376168	0.238082	-2.92813	-2.63142
MRPL42P5			-5.23715				
MRPL43	-2.37416	-3.07239	-4.78873	-0.220091	-0.656232	-1.54903	-2.08423
MRPL44	3.27351	0.5781	5.41461				
MRPL45			-0.966439				
MRPL45P2			-1.23985				
MRPL46			3.24227				
MRPL47	-0.578624	0.0991935	-0.70116	-0.119573	0.285923	-1.69064	-1.56996
MRPL48	-1.07017	0.552952	1.59318	-0.283271	0.644852	-4.49789	-2.32726
MRPL49	-0.260615	-1.91667	-2.91615	-0.0214513	-0.82819	-3.22383	-2.92894
MRPL50	-2.28244	-0.64625	-1.36868				
MRPL51	-0.0263799	-1.24874	-1.0008				
MRPL52	0.738144	0.88491	0.100654				
MRPL53	-0.238743	-0.968544	1.29278				
MRPL54			2.6411				
MRPL55	1.62772	-0.110057	1.07663				
MRPL57			-0.970322				
MRPL58	-0.887182	0.00400017	-0.575037	0.0101572	0.638906	-2.89535	-1.79743
MRPL9			-0.373932				
MRPS10	-0.621661	-1.87197	-3.9724				
MRPS11	0.0396376	-1.22461	1.86235				
MRPS12	0.905387	1.36228	4.20262				
MRPS14	0.0330119	-0.569211	0.200706				
MRPS15	-0.826274	-1.77945	-0.149397	-0.0773387	-0.0488041	-2.46116	-3.12959
MRPS16	0.124232	-1.69397	-0.163443	-0.116111	-0.704393	-1.35548	-2.06861
MRPS17			-3.50678				
MRPS18A	2.1379	0.473293	2.89204				
MRPS18B			1.43477				
MRPS18C	1.10302	-0.353322	1.57788	0.0445661	-0.219062	-0.0724201	-0.656908
MRPS2	5.35654	5.4868	2.70299				
MRPS21	2.04355	0.283376	1.80884	0.198679	-0.260711	2.48755	1.81994
MRPS22	0.114119	0.674047	1.77286	-0.108724	0.32496	-0.942504	-0.682652
MRPS23			1.08061				
MRPS24			-0.187381				
MRPS25	2.26954	-0.377789	-0.411257				
MRPS26	2.87164	3.40163	1.70423	0.271005	0.547404	2.49126	3.24364
MRPS27			0.708066				
MRPS28	-0.605104	-1.37592	-1.76531				
MRPS30	3.5066	3.8341	4.53277	0.295483	0.711117	3.56653	4.28582
MRPS30-DT	2.01935	3.06901		0.123223	0.714829	0.163072	0.894257
MRPS31	-2.38918	-0.0518401	-0.998622				
MRPS33	-2.20115	-2.71897	-3.73928	-0.10323	-0.759652	-2.33501	-2.5132
MRPS34			4.06279				
MRPS35			-1.15755				
MRPS36	-1.13496	-0.000575113	-2.29856	-0.171186	0.586569	-3.28609	-1.9567
MRPS5	-4.52356	-0.962809	-4.80443				
MRPS6	-1.10546	-2.06855	-4.62128	0.189511	-0.694159	-0.713066	-1.13793
MRPS7			2.0349				
MRPS9	1.10853	0.0262611	4.47845	0.0487657	-0.320422	-1.10342	-1.75326
MRRF	-2.18318	0.613389	-3.06904	-0.329882	0.653592	-2.95873	-0.991636
MRS2	0.0628733	1.83244	1.24697	0.0426299	0.673167	-0.356653	0.672379
MRTO4	0.781657	-1.02321	1.69255				
MRVI1	-2.90765	-3.44062	-7.68916	-0.344844	-0.502963	-0.248797	-0.624506
MRVI1-AS1	0.118313	1.01713		0.421833	0.225949	0.580083	0.820251
MS4A1			-1.53378				
MS4A10			-1.83515				
MS4A12			0.226866				
MS4A13			-3.26966				
MS4A14			-1.73625				
MS4A15	1.1159	0.899898	3.0736	-0.231927	0.0124216	-1.43702	-1.68786
MS4A2			-2.54194				
MS4A3			-2.32919				
MS4A4A	-1.78024	-2.85772	-0.994094	-0.152208	-0.523076	-1.4844	-2.00329
MS4A5			-1.9434				
MS4A6A			-3.51338				
MS4A6E			-2.2273				
MS4A7	-2.45345	-3.231	-0.748046	-0.320668	-0.414668	-4.23142	-4.8614
MS4A8B			-4.70405				
MSANTD1	4.43155	0.140051	6.43249	0.332539	-0.847253	4.42985	1.23168
MSANTD2	1.59086	2.52579	0.531074	0.0383824	0.582775	2.63596	3.13859
MSANTD3	0.402948	0.460736	1.69783	-0.00139577	0.354486	-1.5593	-1.44204
MSANTD4	2.40354	1.75468	2.92797	0.17426	0.186567	3.15555	3.43487
MSC			-1.89303				
MSGN1			-0.586762				
MSH2	0.515036	1.7424	-0.297645	0.261217	0.318659	1.26493	2.12312
MSH3	-1.91238	-2.55138	-4.69675				
MSH4			1.45594				
MSH5			1.46548				
MSH6			0.402594				
MSI1			-2.25851				
MSI2	0.328854	-1.23363	-4.21077	-0.114132	-0.619129	0.800947	-0.0272984
MSL1			-0.402698				
MSL2	0.722955	2.01118	1.60345	-0.0523634	0.493939	2.61066	3.47329
MSL3	1.84308	1.56227	0.102738	0.436322	0.0655174	1.72635	1.98775
MSL3P1			0.093831				
MSLN	-1.95126	-1.569	1.70732				
MSLNL			-1.23565				
MSMB			-4.87246				
MSMO1	2.12527	0.080598	3.63764	0.0289428	-0.689719	0.682195	-0.396795
MSMP			0.00385				
MSN	-2.84639	-3.36478	-3.36945	-0.459466	-0.306029	-3.16018	-3.6067
MSR1			-0.491334				
MSRA	0.0554524	-1.50013	-4.30229	-0.152091	-0.682609	-1.50443	-2.08288
MSRB1	-1.11929	-1.73312	1.09389				
MSRB2	-0.487314	-1.4623	-2.67115	-0.313925	-0.444987	0.972006	0.323645
MSRB3	-4.02981	0.032303	-1.13854	-0.0278362	0.702063	0.312309	1.45189
MST1			-0.911187				
MST1P2	-0.484763	0.667678					
MST1P9			-1.53545				
MST1R	0.277978	0.905938	-0.777495	0.305499	0.201245	0.466703	0.762872
MSTN			-5.53035				
MSTO1			2.61144				
MSTO2P	0.515958	1.35588					
MSX1	0.711561	0.133963	0.256667	0.120867	-0.10168	3.02273	3.11791
MSX2			1.40684				
MSX2P1			4.17914				
MT1A	-0.271762	-1.621	-3.93457	-0.183804	-0.616064	0.976279	0.286244
MT1B	-1.20085	-2.15697	-3.84645	-0.200024	-0.747626	1.53077	0.506118
MT1E	-0.60968	-1.73781	-3.37286	-0.193988	-0.707196	2.16923	1.19021
MT1F	-0.299824	-1.33121	-2.26399	-0.210771	-0.71444	2.06108	1.23417
MT1G	-0.470569	-1.57266	-3.3295	-0.186044	-0.727561	2.00615	0.911545
MT1H			-2.18446				
MT1JP	-0.454251	-1.41794		-0.123053	-0.707521	2.3825	1.20054
MT1L	-0.940898	-1.99162	-4.18103	-0.222658	-0.711909	1.32011	0.501918
MT1M	-0.653214	-1.67564	-4.06202	-0.226679	-0.656041	1.54612	0.913824
MT1X	-1.17565	-2.16223	-4.03327	-0.24252	-0.694166	1.37176	0.521162
MT2A	-1.73149	-2.4905	-5.77851	-0.221483	-0.732196	0.79095	0.0112199
MT3	1.18781	-1.05167	-3.32468	-0.0119913	-0.657844	1.3896	0.319979
MT4			-2.60048				
MTA1			-4.50311				
MTA2	-3.90838	-1.84674	-1.60097				
MTA3	4.1003	-0.0195527	-1.20368	0.212784	-0.82081	4.06619	1.07815
MTAP	-0.735327	1.5033	3.88413	-0.0661953	0.776701	-1.02192	0.386861
MTBP	0.468351	1.86362	1.14543	0.155417	0.46064	1.79223	2.73621
MTCH1	5.25517	0.367263	0.549126	0.175044	-0.824768	1.4078	-0.279797
MTCH2	0.625348	-0.5947	-2.05516				
MTCL1	2.34207	3.05016	3.45495	0.231408	0.863684	2.00732	2.24931
MTCP1			1.2059				
MTDH	0.568763	1.92236	2.52945	0.182692	0.756163	1.975	2.42137
MTERF1	0.655036	0.405238	2.70697				
MTERF2	-2.12209	-1.04112	-4.35835	-0.0207302	0.096196	0.156256	0.693881
MTERF3			-1.69477				
MTERF4	-2.11022	-0.808466	-3.01466				
MTF1			-4.14132				
MTF2	-0.408176	-0.0940446	-2.72163				
MTFMT			0.740749				
MTFP1	-0.126655	1.24014	3.60133	0.0515582	0.732911	-1.04521	-0.187023
MTFR1	-6.46922	-2.20974	-2.47186	-0.388876	0.477524	-2.78124	-1.48454
MTFR1L			-1.73263				
MTG1	-1.09049	0.806768	-4.74314				
MTG2	-2.99528	0.218351	0.187147				
MTHFD1	0.921245	-1.41567	-2.1423	0.0468613	-0.675182	0.0702809	-0.827518
MTHFD1L	1.75194	-1.28177	0.397779	0.044785	-0.72135	-0.563156	-1.37218
MTHFD2	-2.39427	-1.08475	1.95657	-0.314314	0.455304	-3.29413	-2.35764
MTHFD2L	-3.13519	-2.28053	-3.99128	-0.0733226	0.323069	-1.66345	-1.20882
MTHFR			-1.65716				
MTHFS			-2.49903				
MTHFSD			-0.758401				
MTIF2	0.946866	1.10876	4.44611	0.0494778	0.546256	-1.3325	-0.773126
MTIF3	-3.61667	-2.72891	-4.4686				
MTL5			0.514975				
MTM1	-4.66586	-5.07375	-6.25046				
MTMR1	-1.83942	-1.30626	-8.15341				
MTMR10			-1.65682				
MTMR11	-1.23265	-0.494373	-4.59456	-0.409437	-0.204036	1.80559	2.08146
MTMR12	1.07694	0.66063	-1.6064	0.344723	-0.385409	2.18994	1.55778
MTMR14	1.71115	2.60602	3.51289	0.161131	0.456431	1.8459	2.23003
MTMR2	1.50961	2.20497	3.76229	-0.0764156	0.66491	0.101065	0.538661
MTMR3	1.04682	-0.272299	-3.06253	-0.0540061	-0.54196	0.249235	-0.302108
MTMR4	1.71158	2.37434	-1.62337				
MTMR6	0.755574	0.0274749	-1.79547				
MTMR7			-0.18888				
MTMR8			-0.182767				
MTMR9	7.08469	4.74672	5.87717				
MTMR9LP	-2.97633	-3.19381	-4.86948	-0.473518	-0.486145	-1.83223	-2.39118
MTND4P12			-4.19083				
MTNR1A			-2.24748				
MTNR1B			-2.66126				
MTO1	0.208222	0.586647	2.19755				
MTOR			-3.73049				
MTPAP	0.480863	2.00409	1.97177	0.0465818	0.789926	2.85651	3.29303
MTPN			-2.11644				
MTR	-0.373327	1.20873	-3.52199				
MTREX			0.15002				
MTRF1	-2.49514	0.236712	-1.49629	-0.0767462	0.672259	-0.53534	0.229023
MTRF1L	0.0828532	0.995563	5.38875	0.124477	0.683073	-0.342523	0.24473
MTRR	-0.185245	1.00367	0.593254	-0.195644	0.5051	-2.10977	-0.917711
MTSS1	-0.153509	-0.982194	1.70621	-0.511497	-0.245566	-1.30527	-1.61611
MTSS1L	-1.86541	-2.79007	-6.46883	-0.134852	-0.723404	-4.51772	-4.0357
MTTP	-0.789169	-0.607588	-1.32197	-0.437586	-0.0122232	-3.06317	-3.17503
MTURN			-1.95552				
MTUS1			0.249792	-0.435869	0.223035	-1.88923	-1.27946
MTUS2	1.95902	2.7458	-1.93527	0.172867	0.772666	1.47764	1.95241
MTX1			2.42217				
MTX2	1.74602	1.39193	3.51637				
MTX3	1.35199	1.49803	1.17286				
MUC1	-5.9373	-5.60069	-5.52617				
MUC12			-4.34489				
MUC13			-1.41006				
MUC16			-4.73601				
MUC17			-1.82585				
MUC19			-3.13206				
MUC2			-1.62302				
MUC20	-0.845209	1.30552	-1.04875	-0.126394	0.621643	0.341847	1.25422
MUC22			1.34204				
MUC3			-2.53393				
MUC3A			-0.451974				
MUC3B			-2.91775				
MUC4	-2.92226	-3.76395	-2.72349				
MUC5AC			-3.81924				
MUC6			-1.74746				
MUC7			-0.698767				
MUC8			-0.995588				
MUCL1	3.33172	3.28747	7.12563	0.357276	0.277702	2.45264	2.59803
MUL1	2.52479	2.27641	3.01968	0.233606	-0.0764888	2.44108	2.36711
MUM1	2.13871	3.22409	-0.947661	0.143334	0.49021	6.99286	7.94566
MUM1L1	6.29889	2.24512	11.032	0.568389	-0.606148	5.52	3.7853
MUPCDH			0.776443				
MUS81	-3.43406	-2.62615	-3.16021				
MUSK			1.6581				
MUSTN1			1.52708				
MUT	-0.018097	-1.37348	-2.08877				
MUTED			1.24498				
MUTYH	-1.19842	0.482248	-3.41843	-0.327614	0.223379	0.73015	1.42104
MVB12A			-0.374809				
MVB12B	-1.40748	-1.15225	-2.82927				
MVD	2.96528	0.880901	2.44787	0.223785	-0.678752	0.916718	-0.175427
MVK	0.564654	1.06011	-0.019055				
MVP	-1.12286	-0.0751696	2.33604	-0.272326	0.483158	-3.33903	-1.95269
MX1	-0.419631	1.13656	-2.94139	-0.238913	0.705766	-0.413988	0.425835
MX2	-2.09091	-1.41364	-3.3331	-0.050288	-0.154051	-1.02608	-0.92441
MXD1	2.10927	3.12071	-0.547743	0.313636	0.529587	7.65042	7.65611
MXD3			-1.95997				
MXD4	-2.64553	-1.65374	-2.77367	-0.0983721	0.332069	0.652298	1.29384
MXI1	-2.60783	0.257688	-0.803485	-0.0796762	0.692664	1.20125	2.05098
MXRA5	0.322563	0.613311	-0.797365				
MXRA7	3.98309	2.67083	2.42113	0.239163	-0.108967	2.08902	1.82049
MXRA8	-0.755666	-1.47497	-2.78853	-0.420403	-0.465856	0.815229	0.789084
MYADM	2.5679	0.152746	-1.2877	0.0106332	-0.782481	-0.0556383	-1.30382
MYADML			0.063773				
MYADML2	1.79252	2.52684	2.41087	0.181712	0.616668	-0.549669	-0.0781291
MYB	3.45537	-0.687439	1.16738	0.294605	-0.779075	0.274005	-0.822934
MYBBP1A	2.55475	3.41959	-2.12614	0.36568	0.60661	2.20019	3.15634
MYBL1	0.7021	0.998123	2.6027	-0.300706	0.188197	-0.264105	-0.0824233
MYBL2			0.575842				
MYBPC1	1.97619	0.0238898	3.8581	0.127798	-0.575183	6.12972	4.10064
MYBPC2	2.49112	1.29062	3.53332	0.136646	-0.269363	2.53237	2.00594
MYBPC3	-1.44136	-0.857248	2.07213				
MYBPH	-2.87042	-2.91745	-3.90701				
MYBPHL	2.27213	3.42153	2.15438	0.277686	0.750948	2.7552	3.11551
MYC	0.389192	1.40143	0.645778	-0.149488	0.634015	-0.629991	0.0377128
MYCBP			-1.11749				
MYCBP2	3.37736	2.66686	-0.504306				
MYCBPAP	3.37371	4.31003	0.725578	0.0148347	0.464606	4.94691	5.81991
MYCL			-6.59441				
MYCN	-1.14636	-2.69632	-1.50123	-0.305469	-0.609156	-2.07733	-2.60966
MYCNOS	0.123396	-1.65897	-2.15152	0.0759547	-0.732762	-1.70758	-2.19517
MYCT1	0.165685	0.791777	0.985083	-0.267556	0.0849237	-0.700636	-0.746416
MYD88	-5.77915	-5.51357	-2.68048				
MYDGF	3.73981	-0.777481	-0.598357	0.0567962	-0.745044	0.554049	-0.626464
MYEF2			-1.51547				
MYEOV			-1.26123				
MYF5			-0.246942				
MYF6			-2.0968				
MYH1			2.08939				
MYH10	1.37253	0.0622174	0.501207	0.0807199	-0.497827	-0.928307	-1.78544
MYH11			-0.642208				
MYH13			-0.582345				
MYH14			-4.36298				
MYH15	-0.535351	-1.8424	-0.88178	-0.278645	-0.587353	-1.46721	-1.99839
MYH2			-2.55273				
MYH3			-2.48836				
MYH4			0.872065				
MYH6			0.132295				
MYH7	4.09264	0.621568	0.422717	0.237083	-0.839912	4.97566	1.87322
MYH7B	0.803903	2.20439	8.01815	0.0393372	0.896764	-0.107541	0.924437
MYH8			1.71334				
MYH9			-1.18437				
MYL1			-1.88671				
MYL10			5.3677				
MYL12A	-5.90897	-3.55033	-4.34432	-0.586704	0.274807	-4.61695	-3.32698
MYL12B	-0.549872	-2.36192	-2.10541	-0.0480636	-0.857553	-4.51335	-3.63857
MYL2			-1.60401				
MYL3	-3.31791	-2.19522	-4.06687	-0.49323	-0.227285	-0.262276	-0.389822
MYL4			-1.10487				
MYL5	0.846267	-1.4719	2.46068	-0.073682	-0.909411	-0.0405079	-1.07786
MYL6	-1.90288	-3.07534	-3.76009	-0.208718	-0.581659	-2.51274	-3.1099
MYL6B	1.27702	-0.954312		0.166331	-0.630499	0.625495	-0.316056
MYL7			1.60534				
MYL9			-1.16737				
MYLIP	-0.855593	-1.80831	0.168716	-0.0337826	-0.559408	-2.63407	-3.13981
MYLK	-2.89963	-1.35904	-1.32637	-0.581412	0.389654	-2.2887	-1.44384
MYLK2	-1.27386	0.393138	2.25337	-0.214659	0.585487	-2.10429	-1.30522
MYLK3			1.83077				
MYLK4	-0.0954826	0.408227	-3.08622				
MYLPF			-0.927156				
MYMK	-1.51531	-2.24574	-0.935047				
MYMX	-2.74751	-1.35382		-0.145194	0.670392	-1.09255	-0.107828
MYNN	-1.35577	0.382377	-0.913924	0.00454518	0.634194	0.538698	1.3999
MYO10	-0.458547	-1.34178	-2.06435				
MYO15A	3.35293	3.77155	9.05298	0.325096	0.751009	4.56824	4.35741
MYO15B			-1.45436				
MYO16	-2.35249	-3.20937	-3.85335	-0.0387902	-0.740865	-1.85498	-2.32833
MYO18A			0.080729				
MYO18B			0.155152				
MYO19	-1.8558	1.12587	0.716065	-0.113918	0.800846	-0.619187	0.772142
MYO1A			1.34357				
MYO1B	1.9679	3.04029	6.485	0.359063	0.371304	1.85156	2.55243
MYO1C			-0.574076				
MYO1D			0.296647	-0.446018	0.219575	-2.90721	-2.21219
MYO1E	-1.09864	0.772858	0.848113	-0.432238	0.496075	-1.49346	-0.583507
MYO1F	-3.34275	-3.36808	-1.79387	-0.383451	-0.552925	-5.94824	-6.04461
MYO1G			-0.347737				
MYO1H			-0.588605				
MYO3A			-2.86043				
MYO3B			-2.01333				
MYO5A	1.86049	2.56215	-0.629483				
MYO5B	2.02975	1.80841	6.83983	0.00604046	0.271502	0.258967	0.425317
MYO5BP2			2.35618				
MYO5C	1.43538	2.61249	-1.29849	0.249181	0.254988	2.90731	3.89548
MYO6			-3.70935				
MYO7A	0.55426	-0.404756	-0.86265	0.451121	-0.156523	1.42437	1.15859
MYO7B			-1.14647				
MYO9A	0.638482	1.41985	-2.37001				
MYO9B	-2.83654	-0.884119	-2.69873	-0.473963	0.383961	-4.14831	-2.79185
MYOC			-3.20851				
MYOCD			-1.56387				
MYOD1			-1.45179				
MYOF	-3.82681	-3.55784	-3.94896	-0.647854	-0.119253	-4.70942	-5.03514
MYOG			-2.03113				
MYOM1	-2.58625	-3.07003	-4.18356	-0.46229	-0.496992	-1.21444	-1.49048
MYOM2	2.31343	1.44197	8.03834	0.203422	-0.164265	-0.128947	-0.402877
MYOM3			-0.370502				
MYORG			0.047653				
MYOT			2.16571	-0.204573	0.35988	-0.501339	0.034382
MYOZ1			-3.04371				
MYOZ2			1.54656				
MYOZ3	-0.418395	0.698254	-1.63444	0.195202	0.757957	-2.08391	-0.822762
MYPN			-1.97115				
MYPOP	-0.050852	0.395696	2.84719				
MYRF			0.246291				
MYRIP	0.483885	-1.15822	-3.3014	0.159006	-0.815462	1.39285	-0.040087
MYSM1	1.60268	2.55312	6.63767	0.241518	0.551347	0.94429	1.71774
MYT1	-1.50825	-2.1473	-0.218312	-0.211003	-0.268409	-0.721504	-0.909456
MYT1L	-3.91053	-0.0228346	0.683739	0.124585	0.531239	-1.14925	-0.578171
MZF1	1.78635	2.50917	1.19747				
MZT1	1.64941	0.229442	1.44106	0.322899	-0.375413	1.7493	1.04059
MZT2A	0.870497	-1.14528		0.0542153	-0.850315	0.124034	-0.819264
MZT2B	1.03665	-1.07218	-1.86535	0.0739033	-0.825411	0.994175	-0.439967
N4BP1	1.87284	2.51905	-0.033692	0.0937867	0.600286	2.61678	3.3001
N4BP2	-0.0260846	1.25407	-3.90273	0.15067	0.31893	2.24359	3.19051
N4BP2L1	0.312928	1.75699	-0.202458	0.239498	0.47067	2.78975	4.04087
N4BP2L2	-0.562565	1.50643	-1.9312	-0.183043	0.553251	0.975618	1.81293
N4BP3	2.68118	3.31237					
N6AMT1	0.628803	-0.712244	0.532167				
NAA10	0.851016	-1.23337	3.08409	0.12611	-0.594013	-0.845666	-1.62276
NAA11	-0.00870328	-1.56536	-0.36065				
NAA15	5.00357	5.58561	-0.492342				
NAA16	-4.46364	0.432766	-3.73398	-0.142214	0.786431	0.8532	1.673
NAA20	0.441304	-0.0585583					
NAA25			-3.81007				
NAA30	4.16179	-0.477427	1.57827	0.270505	-0.724416	1.51414	-0.0956356
NAA35	2.81088	0.448036	-2.78193				
NAA38	1.36671	-0.596231	-3.67553	0.0261667	-0.523588	0.401196	-0.331689
NAA40	-2.53443	-0.492103	-2.73626				
NAA50	1.6534	3.04468	-2.45215				
NAA60			-1.23767				
NAAA	-2.04307	0.771798	-4.9287	-0.397351	0.590444	-1.56056	-0.214448
NAALAD2	-2.45407	0.876209	-2.75427	-0.106223	0.774386	-1.23596	0.425647
NAALADL1			1.91017				
NAALADL2			-3.20648				
NAB1	-0.341074	1.04632	-2.17015	-0.00786645	0.42033	1.62729	2.57002
NAB2	0.714501	1.57891	0.768236				
NABP1	-0.861081	-2.32719	-4.3719	-0.198629	-0.814559	-7.02798	-5.37328
NABP2	0.81463	1.81427	3.63144				
NACA	-2.52878	-3.09665	-5.66962				
NACA2	-2.73779	-3.25637	-5.31778				
NACAD	0.52936	0.207377	-8.78461				
NACAP1			-5.03003				
NACC1	-1.51136	-2.3619	-3.13942	-0.0275986	-0.593362	-0.0940018	-0.858756
NACC2	-8.19751	-3.44668	-6.02719	-0.663473	0.23819	-5.86109	-4.22059
NADK			2.95154				
NADK2	1.03243	-1.17784	-2.7516	-0.072877	-0.814946	2.74732	0.971382
NADSYN1			0.2346				
NAE1	1.66146	2.1718	2.24953				
NAF1			0.445704				
NAG18			-1.11913				
NAGA	-3.34398	-3.49326	-2.60742				
NAGK	0.952741	-1.57174	-2.39591	-0.0911225	-0.83381	-0.576107	-1.36457
NAGLU	-0.699424	-0.993723	-1.0557	-0.41818	-0.24194	-1.68852	-2.05299
NAGPA	4.4301	3.84315	4.3224	0.421228	0.69485	4.04266	4.48447
NAGS	-1.3107	-0.787686	-0.389415				
NAIF1			1.1219				
NAIP			-1.60893				
NALCN			1.41034				
NALT1	-3.64894	-4.1063					
NAMPT	-0.318885	-0.315827	-5.0764				
NANOGP1			0.145788				
NANOGP8			-3.84267				
NANOS1	1.82041	-0.729363	-1.50443	0.0555345	-0.921492	2.73044	0.54761
NANOS2			-5.12068				
NANOS3			2.3455				
NANP			-0.793146				
NANS	-1.54163	-1.76514	-2.27397				
NAP1L1	2.32096	3.2841	1.52763	0.246848	0.597801	1.57789	1.96835
NAP1L2	0.444217	1.91263	3.65378	0.179425	0.760026	-0.382712	0.594841
NAP1L3	3.8472	4.71004	-0.313523	0.396913	0.309281	5.83212	7.13724
NAP1L4			-1.31862				
NAP1L5	5.6612	5.25012	0.839809	0.397504	0.115105	5.10586	5.30423
NAP1L6			0.502148				
NAPA	0.111555	1.08498	1.63261	0.142649	0.626736	-1.44479	-0.90486
NAPB	3.79402	2.88054	2.60969	0.353605	-0.0752838	1.11001	0.867968
NAPEPLD	4.1908	4.92695	7.40347	0.382208	0.722668	4.54284	5.07312
NAPG	-0.535527	0.109226	-1.26611	-0.0885747	0.468389	-4.17406	-3.1837
NAPRT			1.05229				
NAPSA			-0.814362				
NAPSB	-4.17182	-4.39197	1.34634	-0.201086	0.258862	-4.05769	-3.48599
NARF			1.86973				
NARFL	0.949416	1.97242	3.94542				
NARS	-3.07329	0.383374	0.739958	-0.0319274	0.828029	-2.66402	-0.652828
NARS2			-1.1683				
NASP			-2.07596				
NAT1			-0.600317				
NAT10	-4.00323	-3.40813	-5.68902				
NAT14	-0.143975	-1.24377	2.39653				
NAT16			-1.51305				
NAT2			-3.34264				
NAT5			-0.278497				
NAT6	4.65606	3.55567	8.96439				
NAT8			-1.75107				
NAT8B			-1.2572				
NAT8L	0.0913372	1.38561	3.52291	0.040154	0.864592	-1.14089	-0.148845
NAT9	-0.240172	1.24846	-1.56513				
NAV1	-1.34793	-2.06865	-4.24097	-0.247475	-0.61916	-0.211961	-0.757256
NAV2	-3.66232	-4.22056	-3.45537	-0.506132	-0.531566	-1.44143	-1.83546
NAV3	3.955	0.427998	-0.158259	0.259654	-0.780597	5.04378	2.02638
NAXD	-2.21586	-0.796873	-3.50419				
NAXE	1.70932	-0.331735	4.15404	0.181079	-0.536148	0.545458	-0.435806
NBAS	2.1534	0.35352	4.00552	0.2561	-0.525093	-0.784745	-1.77722
NBDY	0.219381	-1.65459		0.0537899	-0.844671	0.538897	-0.699457
NBEA	4.21646	2.71987	-0.263846				
NBEAL1			-3.44727				
NBEAL2	-2.14946	-1.07446	-3.13226				
NBL1			4.1537				
NBN			-0.917676				
NBPF1	-5.4333	-2.38964	-5.09749				
NBPF10	-3.64585	-1.35865					
NBPF11	-3.44002	-1.00406					
NBPF15			-8.7968				
NBPF22P			-1.14003				
NBPF3	-4.61743	-2.15313	-6.63851	-0.485003	0.320108	-1.16369	-0.46916
NBPF4			0.074995				
NBPF7			-3.5756				
NBPF8			-3.37867				
NBR1	-1.90485	-0.440633	-1.70194				
NBR2			3.57739				
NCALD	1.92084	3.40639	4.78918	0.498929	0.444083	4.60284	5.74145
NCAM1	-1.14867	-2.10785	-2.84928	-0.0940781	-0.67224	-0.0927598	-0.537929
NCAM2	1.53656	-1.10991	-3.08934	0.158837	-0.825785	0.0481959	-1.02885
NCAN	0.145321	-1.20381	-5.27897	-0.0101943	-0.809749	3.09178	1.23133
NCAPD2	-2.35077	-0.139711	0.560995	-0.262616	0.63581	-4.71698	-2.43815
NCAPD3			0.499485				
NCAPG			2.49576				
NCAPG2	-2.25625	-3.08563	-5.82467				
NCAPH			4.18527				
NCAPH2	3.84946	1.1544	3.31537	0.218642	-0.65521	1.91512	0.829657
NCBP1			-0.113382				
NCBP2	-1.85168	-2.96695	-5.51003	-0.132395	-0.349557	-2.69926	-3.24816
NCBP3			-3.56114				
NCCRP1			-3.44643				
NCDN	-1.43317	0.417954	-1.17151				
NCEH1	2.6376	3.02578	0.668897	0.322186	0.661206	1.7739	2.1265
NCF1			-3.73382				
NCF1C	-5.69269	-5.90222	0.518967				
NCF2			-2.79013				
NCF4			0.279057				
NCK1			1.6488				
NCK2	0.662471	2.28159	0.695166	0.150437	0.748139	5.3	5.02531
NCKAP1	4.30528	1.28175	-2.26934				
NCKAP1L			-1.88409				
NCKAP5	-6.58777	-4.84874					
NCKAP5L			-0.952473				
NCKIPSD	-1.79316	0.993462	0.978052	-0.0140549	0.760534	-0.530366	0.653032
NCL			1.12925				
NCLN	1.45247	0.00318125	2.05955				
NCOA1			-3.26663				
NCOA2	1.68272	3.52183	-2.22654				
NCOA3	-4.53474	0.917128	-0.632031	-0.00411498	0.923787	-0.468356	1.14367
NCOA4			-1.21484				
NCOA5			-0.342794				
NCOA6	-0.0176162	0.15229	-1.22933	0.0714285	-0.298735	0.817172	0.628959
NCOA7	0.968568	0.189601	0.787889	0.0171745	-0.147386	-0.884182	-1.2941
NCOR1	-0.580899	0.502844	0.364665				
NCOR1P1			-1.91777				
NCOR2	-1.36297	0.639063	-1.98396	0.110297	0.466878	-0.567366	-0.0563612
NCR1			0.235182				
NCR2	-3.03144	-3.4131	-6.97899				
NCR3			-0.215943				
NCRNA00052			-2.30151				
NCS1	-2.71427	-2.637	-4.72125	-0.0510314	0.110692	-1.5686	-1.58759
NCSTN			1.10053				
NDC1	0.496861	0.453347	-0.678561				
NDC80			0.252023				
NDE1	-1.14809	-0.0299291	-0.244442	-0.476568	0.275523	-3.63832	-2.61592
NDEL1	5.67475	4.74099	6.02226	0.571185	0.234974	3.41482	3.73118
NDFIP1	3.81581	1.14104	-0.921071	0.221684	-0.671529	4.07431	1.80953
NDFIP2	3.15599	3.00854	-0.387928				
NDN	-1.02156	-1.65174	-6.14487	0.0172218	-0.605679	0.0867982	-0.13979
NDNF			1.42568				
NDOR1			-2.35492				
NDP	2.07097	-0.404488	1.4915	0.162031	-0.537186	4.61782	3.27704
NDRG1			0.514598				
NDRG2	-2.06296	-2.56078	-3.23115				
NDRG3	-1.11122	0.832014	3.53189	-0.0153923	0.846577	-2.80087	-1.16624
NDRG4	-1.30255	-2.22237	-2.30055				
NDST1			-4.55094				
NDST2	-0.723625	-2.43409	-2.26666	0.0520144	-0.519034	-1.95878	-3.12045
NDST3	7.59235	4.4688	4.82278	0.434863	-0.204468	6.98812	6.04394
NDST4			-2.29652				
NDUFA1			-2.66932				
NDUFA10	-0.462063	1.39417	-1.90712	0.00796656	0.543871	0.55887	1.47443
NDUFA11	0.786199	-1.38555	1.62865	0.0791139	-0.633621	-1.03225	-1.74958
NDUFA12	-0.524798	-0.710774	-0.65794	-0.0664107	0.296011	-1.62481	-1.67926
NDUFA13	1.21378	-0.718192	3.60533				
NDUFA2			-1.17969				
NDUFA3	0.178241	-1.31866	-4.35972				
NDUFA4			-1.57854				
NDUFA4L2	-1.30563	-0.41635	-1.89365	-0.154897	0.526035	-0.361387	0.152686
NDUFA5	0.81173	-0.719325	-1.138				
NDUFA6	-0.59527	-1.5474	-0.457879	-0.112273	-0.0257985	-1.48822	-1.99618
NDUFA6-AS1	-1.16805	-2.79186		0.0673316	-0.552367	-0.177661	-0.981346
NDUFA7	-3.59347	-4.16916	-3.52183				
NDUFA8			-0.41269				
NDUFA9			2.58724				
NDUFAB1	0.709357	-0.767063	2.80427				
NDUFAF1	0.953913	-0.751792	1.67401				
NDUFAF2	-6.09226	-3.56436	-5.83007	-0.224296	0.435382	-4.31682	-3.53395
NDUFAF3	-0.218842	-1.49239	-1.35919				
NDUFAF4	1.57256	1.62419	-2.02319				
NDUFAF4P1	0.151943	-0.623411		-0.0665092	-0.207707	-0.811202	-1.33108
NDUFAF5	0.603297	2.02438	1.52629	0.0735502	0.694836	-0.617593	0.087998
NDUFAF6	-2.54265	-1.10546	-0.318768				
NDUFAF7	-2.78876	-0.312614	-3.42467				
NDUFAF8	0.338955	-1.56852	-2.09284	0.0493717	-0.853047	-0.361461	-1.43528
NDUFB1	-1.25163	-2.07743	-1.75444	0.0586647	-0.697557	-2.06224	-2.32674
NDUFB10	-0.405184	-1.11841	-0.014426				
NDUFB11			0.44177				
NDUFB2			1.01747				
NDUFB2-AS1	1.37247	-1.07937		0.0959278	-0.578728	-1.5092	-2.3874
NDUFB3	-0.0930415	-1.49083	1.11284				
NDUFB4			-0.33585				
NDUFB5	-1.01088	-0.994612	-0.90317				
NDUFB6	-1.30758	-2.43485	-2.47581	-0.176171	-0.527259	-4.02458	-4.73683
NDUFB7			0.704945				
NDUFB8	1.30767	-0.440431	1.15769	0.127417	-0.32519	0.935657	0.115448
NDUFB9	-2.2286	-1.97079	-2.83271	-0.29155	0.31841	-3.62732	-3.31803
NDUFC1	-1.44298	0.392552	-4.0825				
NDUFC2	3.89358	-0.660857	-1.23777	0.12573	-0.847069	0.295766	-0.891399
NDUFS1	-0.187591	1.349	-2.03205	0.00574653	0.697484	-1.3926	-0.263276
NDUFS2	-0.564527	0.0137774	0.6955				
NDUFS3			0.9684				
NDUFS4	-6.06476	-2.79857	-1.5194				
NDUFS5			-1.11566				
NDUFS5P2			-1.41269				
NDUFS5P7			-1.78609				
NDUFS6	-0.474401	-1.78374	-0.766183				
NDUFS7	1.05545	1.67167	2.52793	-0.0150409	0.332004	-0.411317	0.0894919
NDUFS8			1.2578				
NDUFV1	2.48467	2.30121	3.82274				
NDUFV2	-0.458394	-0.488305	-0.27033				
NDUFV3	-3.03124	-3.97453	-2.66976	-0.226266	-0.082434	-4.12015	-4.77912
NEAT1	-3.63783	-0.554038	-1.14477	-0.500206	0.55897	-3.1879	-1.6313
NEB	-3.21751	-0.461472	-3.33327	-0.40099	0.691773	-6.21102	-2.9479
NEBL	-3.06499	-3.13875	-3.79678				
NEBL-AS1	0.736456	-1.02285		0.0397916	-0.829998	1.79357	0.26485
NECAB1	6.51698	5.18812	3.83694	0.553756	0.088881	4.30995	5.12636
NECAB2	1.83072	-0.719083	0.118673	0.217874	-0.911404	3.10701	0.59134
NECAB3	-0.207512	1.11619	1.38507	0.132151	0.712968	-1.83328	-1.12251
NECAP1			-4.05657				
NECAP2	-5.49036	-5.1693	-4.56154	-0.610428	-0.364408	-1.89357	-2.08885
NECTIN1	5.2081	2.5179	6.51468	0.407129	-0.313654	2.49408	1.80062
NECTIN2	0.342692	-0.990576	0.654922				
NECTIN3	2.98296	2.54622	3.02955	0.105796	-0.442358	2.35518	1.78722
NEDD1			1.23776				
NEDD4	-3.71849	-4.60737	1.38569				
NEDD4L	4.51254	-0.246879	-0.257963	0.315343	-0.767489	1.58134	0.1592
NEDD8	2.3271	0.0449524	2.49073				
NEDD9	3.45787	4.9823	5.69333	0.0570828	0.547908	4.06133	4.66205
NEFH	0.418533	1.36151	2.40716	-0.017239	0.804151	-1.27068	-0.436858
NEFL	0.00991779	0.819759	1.75997	0.0596177	0.729943	-2.48613	-1.39036
NEFM	-0.251036	0.688727	1.08158	-0.0136106	0.766635	-2.96709	-1.60985
NEGR1	0.66739	1.83192	0.875173	0.181351	0.137083	2.38256	3.02348
NEIL1	1.26645	2.28313	-1.41552	0.0879608	0.584547	3.32976	4.06279
NEIL2			-3.05909				
NEIL3			-1.2162				
NEK1	-4.65627	-1.07706	-2.97082				
NEK10	-0.46597	0.037049	-3.45756	0.155867	-0.0271182	0.759397	0.958471
NEK11	-0.088252	-1.1841	-2.00643	-0.248516	-0.498542	1.29518	0.625222
NEK2	7.41844	0.538878	7.26155	0.417382	-0.763042	4.36924	1.4446
NEK3			-0.460154				
NEK4	0.651807	2.09878	-1.17276				
NEK5			-1.92336				
NEK6	-0.0291725	-1.26011	-0.913493	0.0084163	-0.530851	0.895831	0.225471
NEK7			-0.841505				
NEK8	-0.666692	0.548432	-0.502854				
NEK9			-4.35644				
NELFA	-0.918351	0.927189	-4.57936	-0.0590619	0.664063	0.800506	1.77676
NELFB			-2.50572				
NELFCD			-0.948696				
NELFE	2.05065	-0.84403	-1.52534	-0.0988874	-0.782365	0.416759	-0.721423
NELL1	0.863057	1.37171	1.11226	0.530373	0.204971	2.0306	2.37537
NELL2	3.36067	1.57981	1.92125	0.379048	-0.735273	2.71752	1.17787
NEMF	1.62261	2.71397	-0.35636	0.0695922	0.337607	3.07341	4.00223
NEMP1			1.3693				
NEMP2			-2.3				
NENF	-2.2115	-3.29735	-1.35703				
NEO1			-2.35838				
NEPRO	4.0928	0.412184		0.214412	-0.772347	0.448717	-0.691209
NES	-4.32953	-4.16658	-2.79543				
NET1	-0.688091	0.403822	-0.859551	-0.24991	0.473844	-2.32953	-1.23998
NETO1	4.42072	1.22005	0.202162	0.357424	-0.472568	1.6788	0.67545
NETO2	7.39973	2.56104	10.7676	0.484647	-0.503017	5.20439	3.33522
NEU1	8.13538	5.50179	5.49153				
NEU2			-3.14884				
NEU3			0.193945				
NEU4	-2.06103	-0.129442	3.13953				
NEURL1	1.05727	-0.286546	-2.37767	0.371107	-0.368222	2.59947	1.8549
NEURL1B	-0.689156	-1.34327	-3.32012	-0.0848805	-0.863422	1.25223	0.342627
NEURL2			-0.943309				
NEURL3	-2.76454	0.393221	0.872921				
NEURL4			-0.572254				
NEUROD1	2.53109	2.29052	0.701228	0.453463	-0.073794	3.82228	3.76198
NEUROD2	3.17271	1.34338	-3.49007	0.2085	-0.550157	1.23834	0.113212
NEUROD4			-1.60963				
NEUROD6	5.92453	2.01548	2.65514	0.45958	-0.557474	6.00314	3.74551
NEUROG1			-1.2182				
NEUROG2			-4.34754				
NEUROG3			-3.94596				
NEXMIF	4.78106	1.67047	-1.07221	0.288931	-0.620367	4.56044	3.40897
NEXN	-2.99269	-0.253536	-3.22594	-0.331319	0.778607	-5.88894	-2.30398
NEXN-AS1			0.143118				
NF1	3.92487	3.08733	2.12221				
NF2	-0.868365	-0.443182	-2.22678	-0.0341865	0.61737	-0.033116	0.418955
NFAM1			0.723846				
NFASC			0.276019				
NFAT5	-0.0555407	1.27778	-3.68777				
NFATC1	0.098078	-1.309	-0.828371				
NFATC2			-2.17837				
NFATC2IP	-3.11228	0.180751	-0.344166	-0.102139	0.695973	-1.53959	-0.324808
NFATC3	-1.56148	0.424192	-1.31243	-0.354912	0.591893	-0.599732	0.36817
NFATC4			-2.19521				
NFE2			-0.408284				
NFE2L1	1.32578	1.2079	-2.70437				
NFE2L2	-4.44079	-3.97529	0.295736				
NFE2L3	-2.13065	-1.88901	-1.87248	-0.477563	-0.00967814	-4.40632	-4.19877
NFE2L3P2			-3.3091				
NFIA	-2.10188	-2.69878	-3.98313	-0.547215	-0.50814	0.0305034	-0.371862
NFIB	-1.33257	-2.72121	-3.96189	-0.131881	-0.692361	-1.686	-2.45016
NFIC	-1.54506	0.879699	3.58348	-0.0841109	0.932694	-2.09065	-0.306679
NFIL3	1.5601	2.66197	-3.06498	0.0649725	0.649151	2.65006	3.5175
NFIX	-1.29181	1.25976	-1.89255	-0.255175	0.66314	0.734704	1.67273
NFKB1	-1.15624	1.17053	0.789996	-0.0698245	0.698561	-0.535401	0.393948
NFKB2			-2.54806				
NFKBIA	-0.50596	1.22095	-1.65775	-0.0526966	0.572809	0.769357	1.41497
NFKBIB			1.27083				
NFKBID			-3.07355				
NFKBIE	6.34844	0.936144	4.5129	0.209003	-0.761873	5.33671	2.22785
NFKBIL1	1.57983	2.65965	5.41522				
NFKBIZ	-5.05771	-1.25767	-3.81381	-0.275811	0.672161	-3.04486	-1.41942
NFRKB			-2.17296				
NFS1	1.3346	1.1569	1.32774				
NFU1	-1.54047	-0.885431	-1.90134				
NFX1	0.10857	1.13949	-2.46278				
NFXL1	0.092873	1.64184	-1.04653				
NFYA			-0.170042				
NFYB	-0.703813	0.623641	-0.388827	-0.026716	0.335896	-0.532956	0.0203694
NFYC	1.02773	2.25397	-0.703636	0.237814	0.599806	1.67225	2.2826
NFYC-AS1	-0.896525	1.14053					
NGB	6.77188	4.59543	8.67033	0.545167	-0.161497	13.2545	9.6705
NGDN	1.83456	2.66532	0.6648	0.116358	0.298013	0.992921	1.39428
NGEF	5.93916	5.46414	5.35606	0.57634	0.628929	4.00132	4.4418
NGF			-0.677998				
NGFR			-0.572266				
NGLY1	-0.683902	1.17377	1.85997	-0.0568142	0.701284	-0.775282	0.248946
NGRN			-2.85879				
NHEJ1			1.37099				
NHLH1			2.7102				
NHLH2			0.278899				
NHLRC1	3.13008	-0.580341	0.3581	0.0974022	-0.813627	-0.843368	-1.65018
NHLRC2	0.0285084	2.03506	-2.97139	0.0173613	0.706287	3.72573	4.19788
NHLRC3	3.62917	3.40978	-0.111511	0.154868	-0.158604	4.25907	4.61842
NHLRC4	-0.866148	0.510803	-0.032589	0.0875407	0.586281	0.892412	1.40119
NHP2	1.44556	-1.12837	-1.19922	0.231901	-0.673682	-0.942313	-1.49468
NHS	-0.436578	-0.972392	0.083354				
NHSL1	-1.86503	-2.59515	-5.36725	-0.23549	-0.64868	1.1001	0.361565
NHSL2			-6.28273				
NIACR2			1.08708				
NICN1	3.73066	1.55942	3.65955	0.524974	-0.504025	0.903802	0.0290767
NID1			-3.82691				
NID2			3.33576				
NIF3L1	0.90846	1.56691	4.12946				
NIFK	-3.54368	-2.26124	-2.87374				
NIM1K	-0.0194438	1.32021		0.157763	0.382989	0.902613	1.48018
NIN	-2.91234	-3.20064	-5.77733				
NINJ1	-1.81704	-2.51114	-0.805323				
NINJ2	-2.08523	-1.42066	0.33814	-0.3576	0.293193	-3.43759	-2.55967
NINL	-1.41494	-2.04323	-3.02842	-0.461573	-0.42798	-0.138783	-0.321981
NIP7	1.45591	-0.531689	2.96648	0.108802	-0.529219	-0.320738	-1.07724
NIPA1	-1.3901	0.448004	0.479708	-0.255768	0.647293	-2.73947	-1.22172
NIPA2	2.73917	3.43354	4.9745				
NIPAL1			-2.2243				
NIPAL2	2.47066	2.97064	3.99664	0.311008	0.841535	1.53243	2.01756
NIPAL3	-0.0651466	0.901315	0.42652	-0.289534	0.592202	-2.38397	-1.21995
NIPAL4			1.43365				
NIPBL			-3.26239	-0.109403	0.185343	1.44118	2.08736
NIPBL-AS1	0.0907875	1.32425		0.0249753	0.226019	1.10494	1.76182
NIPSNAP1	2.45677	-0.484936	1.31964	0.174175	-0.541825	0.290804	-0.657879
NIPSNAP2	-0.0441658	-1.17655	-2.48603				
NIPSNAP3A	-0.203269	-1.88874	-1.94538	-0.198903	-0.756277	-2.42096	-2.98987
NIPSNAP3B			-2.77222				
NISCH	2.9452	-0.710068	0.469443	0.162505	-0.88471	2.27717	0.176347
NIT1			1.85903				
NIT2	1.4377	-1.46115	-2.51959	0.0483621	-0.891366	-0.317509	-1.33633
NKAIN1	1.44598	1.40755	0.544315	0.193905	-0.267467	2.20489	2.6078
NKAIN2	0.767783	-0.763059	-0.641813	-0.146932	-0.842915	-1.08599	-1.64059
NKAIN3	-0.117158	-1.61996	-6.60113	-0.18543	-0.856624	1.05054	-0.163445
NKAIN4	-0.274757	-1.78215	-3.73687	-0.210342	-0.924501	0.619107	-0.598258
NKAP			-0.182165				
NKAPD1			-1.72575				
NKAPL	-3.26947	0.00611578	0.614481	0.0454541	0.736351	-2.3916	-1.05979
NKAPP1	-3.67621	-0.443072	-1.09192				
NKD1	-2.09466	-0.462511	1.64799	-0.239392	0.360473	-2.46581	-1.79892
NKD2	3.40351	0.0301328	-0.965286	0.0845608	-0.755224	2.6559	0.576628
NKG7	0.0250007	0.390813	4.70574	-0.03372	0.455038	-0.527553	-0.260968
NKIRAS1			-2.00766				
NKIRAS2			5.11784				
NKPD1			4.53139				
NKRF	2.954	3.39972	1.21512				
NKTR	-0.403289	0.861613	-4.15424	-0.147926	0.0645295	1.79771	2.65284
NKX1-2	1.81799	3.48424	-2.2994	0.159445	0.830578	1.60637	2.17788
NKX2-1			0.293715				
NKX2-2			-1.06712				
NKX2-3			-0.506737				
NKX2-4			0.177707				
NKX2-5			-1.83915				
NKX2-6			-0.271352				
NKX2-8			-5.7466				
NKX3-1	-4.16094	-0.802426	-1.97717	-0.317015	0.760152	-4.30968	-1.9621
NKX3-2			0.78675				
NKX6-1	0.528845	0.892684	1.5936				
NKX6-2	-0.144417	0.444975	1.38323				
NKX6-3	1.11738	2.62242	-2.30686	0.100707	0.852698	1.96481	2.92218
NLE1	3.1807	-0.116595	4.69098	0.187922	-0.727166	1.7884	0.259568
NLGN1	-2.51588	-1.62977	-2.81262	0.0756252	-0.0178708	-0.957584	-0.876198
NLGN2			-2.25383				
NLGN3	0.0914256	-1.34283	0.538872	0.0155693	-0.708041	0.876951	-0.113688
NLGN4X	-1.64551	-0.635141	-4.94161				
NLGN4Y			-2.60137				
NLK	4.807	4.94269	6.25685	0.586106	0.497131	2.6123	3.16999
NLN	3.33828	3.45929	4.93973	0.416756	0.455588	1.65299	1.8861
NLRC3			-3.31958				
NLRC4			-3.10634				
NLRC5			-0.524656				
NLRP10			0.803743				
NLRP11			-1.149				
NLRP12			2.59853				
NLRP13			-1.95675				
NLRP14			-2.04308				
NLRP2			2.30002				
NLRP3			0.18952				
NLRP4			-2.6452				
NLRP5			0.021216				
NLRP6			-0.189717				
NLRP7			-1.3568				
NLRP8			-3.07825				
NLRP9			-2.17231				
NLRX1	1.60757	2.47626	0.68504	-0.0191136	0.50283	1.38114	2.00529
NMB	-6.88487	-4.56231	-8.67151				
NMBR	-0.261539	-0.436733	1.68058				
NMD3	-0.725483	0.930178	-1.22455				
NME1	-0.485604	-1.48175	1.4471				
NME2			0.599068				
NME2P1			1.27534				
NME3	0.431765	0.561764	-2.53564				
NME4	-0.507605	-1.60497	-3.67624	0.0107775	-0.666801	1.65922	0.67094
NME5	-0.588535	1.30349	-2.41051	0.100683	0.568197	0.0892361	0.82174
NME6			1.29442				
NME7			5.16834				
NME9	4.12087	3.69038	3.61416				
NMI	-2.08637	-2.90695	-0.717201	-0.332941	-0.422468	-2.06002	-2.55517
NMNAT1	2.69713	1.61783	0.836193				
NMNAT2	6.80108	4.62402	5.22303				
NMNAT3	2.06765	-0.214049	0.860647	-0.0453237	-0.622098	0.473842	-0.32988
NMRAL1	2.22104	1.24332	-2.37434				
NMRK1	2.40893	3.38821	3.86241				
NMS			1.75951				
NMT1	2.29373	0.938591	0.048742	0.105848	-0.656969	1.12348	0.211766
NMT2	4.07166	3.30857	2.50498				
NMU	5.99257	2.83367	7.98732	0.448676	-0.335146	7.02839	5.32246
NMUR1			0.718424				
NMUR2			-0.292353				
NNAT	-0.474081	-1.70739	-6.75405	-0.022857	-0.847657	-0.268451	-0.957393
NNMT	4.88725	5.03529	5.41521	0.590033	0.510684	2.33829	2.72292
NNT			1.90164				
NOA1			-1.12216				
NOB1	-2.03334	0.252954	-2.3607	-0.218587	0.633343	-3.97953	-2.27617
NOBOX			2.48034				
NOC2L	-0.586224	0.582236	-0.841297				
NOC3L	-0.864717	-1.28735	0.292427	-0.378545	0.0377169	-1.30073	-1.29553
NOC4L			2.02738				
NOD1			2.72519				
NOD2			-3.36336				
NODAL			-2.71394				
NOG			0.207883				
NOL10	-0.258857	1.53691	-0.272837				
NOL11			2.99896				
NOL12			0.426964				
NOL3	-3.5004	-3.60609	-2.68309	-0.415603	0.137934	-5.76759	-5.61074
NOL4	4.32665	1.06517	3.36746	0.379087	-0.842909	7.85106	2.55539
NOL4L	0.69314	-1.49625	-0.679511	0.143944	-0.720992	0.835306	-0.257684
NOL6			-1.88002	-0.152026	0.26617	-2.53068	-2.56713
NOL7			-2.46227				
NOL8	-2.29084	-0.749167	-5.78872				
NOL9	-0.0439523	-1.15491	-2.52693	-0.0356294	-0.599462	-1.09025	-1.71122
NOLC1			-1.82922				
NOM1	-0.998457	0.899486	-2.87438	-0.0437661	0.763464	-0.688622	0.304248
NOMO1			-1.07259				
NOMO2			2.37927				
NONO	-2.05614	-0.124196	-6.77318	-0.201339	0.326673	0.335214	1.11487
NOP10			0.491309				
NOP14			-4.42621				
NOP14-AS1			-5.58719				
NOP16	1.24493	-0.563681	2.72242	0.11037	-0.524611	-2.10544	-2.90411
NOP2	1.08169	2.00671	2.35893	0.106589	0.635775	1.71596	2.21861
NOP53	-0.811453	1.4437	-3.48539	-0.129156	0.527312	0.64169	1.6611
NOP56	4.22582	1.32584	-2.01786	0.247473	-0.576871	2.6186	1.59391
NOP58	-0.752793	0.22983	-5.90572				
NOP9	-0.284032	1.25537	-0.89349				
NORAD	3.88267	0.582882					
NOS1	-2.94256	-3.34515	-1.43792	-0.368825	-0.400438	-0.97415	-1.3444
NOS1AP	-0.334022	0.297659	-2.33397	-0.14387	-0.424374	-0.351143	-0.88457
NOS2	4.50999	4.61758	8.34177	0.521606	0.68911	2.51789	3.09027
NOS3	-2.56632	-1.42429	-1.04462	-0.020723	0.362908	0.0910453	0.264075
NOSIP			4.33466				
NOSTRIN	-2.24629	-0.483565	-1.93783	-0.24456	0.524007	-1.69543	-0.945954
NOTCH1			0.665138				
NOTCH2			-2.04134				
NOTCH2NL			-0.322416				
NOTCH3			0.648624				
NOTCH4	0.180316	1.14829	2.81653	-0.273103	0.421606	-0.0222824	0.326703
NOTO			1.13606				
NOTUM			1.7457				
NOV	5.08589	0.942957	0.47417	0.226566	-0.865095	6.75479	2.48967
NOVA1	3.51128	4.23224	6.44229	0.392304	0.646577	2.5897	3.09483
NOVA2	3.42455	-0.128832	-4.70711	0.0953222	-0.828072	2.3327	0.450283
NOX1			-2.75608				
NOX3			-2.92581				
NOX4	0.200665	0.955644	0.842594	-0.0139911	0.706367	-1.51599	-0.954321
NOX5			-1.21603				
NOXA1	4.55766	5.00769	4.772				
NOXO1	1.03678	2.6477	0.828667	0.312071	0.713778	3.45882	4.5047
NPAP1			-1.05964				
NPAS1	4.52864	4.41058	4.04465				
NPAS2			3.5828				
NPAS3	-1.28935	-1.98038	-4.16445	-0.156797	-0.623021	1.64721	1.01745
NPAS4			-1.20124				
NPAT	-1.34937	0.212148	-2.22049	-0.191291	0.311406	-0.0479566	0.64954
NPB	-0.574608	-1.20354	-2.0728	-0.102492	-0.634586	-0.601748	-1.10363
NPBWR1			-1.58503				
NPBWR2			1.09068				
NPC1			-0.96365	-0.416728	0.21933	-2.07923	-1.5714
NPC1L1			1.5874				
NPC2	-4.82141	-5.16246	-3.65827	-0.602727	-0.376003	-4.84754	-5.35708
NPCDR1			-2.03136				
NPDC1	3.1666	1.11241	0.101088	0.289914	-0.678981	2.34022	0.926823
NPEPL1			-3.82638				
NPEPPS			-2.95556				
NPFF			-3.77854				
NPFFR1			-2.2502				
NPFFR2	0.129017	-0.304262	3.22117	-0.107207	-0.264946	-1.70535	-2.50819
NPHP1	1.04453	0.0488372	-0.350945	0.171189	-0.61122	1.95721	1.08557
NPHP3			-7.14615				
NPHP4	0.365945	1.70382	-4.69698				
NPHS1	1.07953	-1.28342		0.0424006	-0.519346	-1.33834	-2.73295
NPHS2			-0.173411				
NPIPA8	-2.04334	0.618102		-0.109503	0.607204	0.578619	1.35972
NPIPB11	0.11752	1.32561					
NPIPB15	-1.3456	0.666269	-5.66195				
NPIPB2	-2.63638	-1.80547					
NPIPL3			-4.66289				
NPL	-0.535645	-1.33069	-2.41658	-0.380761	-0.426312	-0.134356	-0.378591
NPL2			-0.386483				
NPLOC4			-3.0162				
NPM1	-3.32756	-3.86899	-5.1969	0.0127574	-0.555197	1.05407	0.159066
NPM2	-0.19108	1.48527	2.34333	0.238401	0.433433	2.4412	3.10399
NPM3	1.26661	-0.814258	-2.5613	0.158317	-0.71974	-0.684337	-1.3172
NPNT	-2.18912	-2.48493	-3.44723	-0.335015	-0.447151	0.0786335	0.00969946
NPPA	2.92558	0.367694	3.14012	0.463782	-0.630259	2.03985	0.759201
NPPB	0.357753	1.79315	-3.58119				
NPPC			2.43788				
NPR1			-0.70126				
NPR2	-0.865061	0.583305	-3.94671				
NPR3	0.602103	1.44277	-1.54155	0.196512	0.417787	2.60629	3.64603
NPRL2	5.4783	3.97467	2.70363				
NPRL3			-3.85482				
NPS			-2.76841				
NPSA			1.27452				
NPSR1			0.231124				
NPTN	1.49144	2.03328	-0.471925				
NPTX1	-0.50933	-2.34456	-4.31134	0.215504	-0.61669	-1.58562	-2.41774
NPTX2	2.32687	-0.511692	0.483586	0.50504	-0.545831	0.190079	-0.795229
NPTXR	1.56951	-0.931181	-0.8115	0.249783	-0.825382	0.768867	-0.452982
NPVF			1.57858				
NPW			1.83957				
NPY	-0.749704	-2.30276	-0.970188	-0.311634	-0.653443	-1.82091	-2.60725
NPY1R	4.6655	1.14283	6.49062	0.392324	-0.738777	5.06308	2.15846
NPY2R	-1.45755	-0.190907	-1.43469				
NPY5R	7.33578	2.22718	8.25932	0.536141	-0.51195	4.7944	2.76964
NPY6R			-3.08898				
NQO1	-1.14747	-2.34799	-0.581962	-0.146447	-0.442786	-1.51757	-2.30657
NQO2	0.0349579	0.0376007	3.48437				
NR0B1	-1.65867	-2.33903	-2.40694	-0.0316982	-0.61581	0.559326	-0.416313
NR0B2			1.53749				
NR1D1	-0.0129522	1.51246	1.46238	0.295952	0.647348	2.64315	3.1921
NR1D2	1.49963	2.55387	5.04656	0.292668	0.810527	2.69087	2.92756
NR1H2	0.3936	1.92028	2.34566	-0.0195566	0.741921	1.43635	1.97719
NR1H3	2.23096	-0.182728	1.5654	0.192247	-0.386246	1.64615	0.712455
NR1H4			-0.712223				
NR1I2			1.06134				
NR1I3			-4.70113				
NR2C1	-1.96841	0.862671	-3.84538	-0.0442161	0.713832	-0.367437	1.11353
NR2C2	-2.18083	-1.02157	-1.46646				
NR2C2AP	0.376567	0.511614	-0.092055	0.173716	-0.330714	2.32506	2.33447
NR2E1	0.154972	-1.1018	-1.4941	0.0162305	-0.607549	1.85106	1.00778
NR2E3			3.62154				
NR2F1	-0.925985	-0.777208	-2.41597	0.218467	-0.0919897	1.37877	1.45627
NR2F1-AS1	0.902742	1.87368		0.304328	0.205021	4.6045	4.99278
NR2F2	-2.56665	-3.72654	-3.86061	0.0881342	-0.550686	-3.18873	-3.61509
NR2F2-AS1	-3.0031	-3.65656		-0.0391215	-0.311446	-2.16228	-2.42834
NR2F6	3.98937	4.47347	3.72858				
NR3C1	1.87657	2.71669	6.47039	0.140657	0.887207	3.03154	2.77036
NR3C2	1.26441	2.50476	2.27629	0.200095	0.880651	4.58945	3.63481
NR4A1	1.3194	2.29668	-1.43993				
NR4A2	-2.74077	-4.32059	-3.80642	-0.261053	-0.405978	-4.10368	-5.37551
NR4A3	2.78078	0.902529	-1.92037	-0.0483158	-0.773693	3.96377	2.25635
NR5A1			-1.97509				
NR5A2			-0.355763				
NR6A1			-4.02608				
NRAP	0.89682	0.0703144	0.045255	-0.268857	-0.557302	1.70565	0.957032
NRARP			-0.743825				
NRAS	-0.459437	-1.67178	-0.639473	-0.316158	-0.520818	-0.635018	-1.19835
NRAV	3.23862	2.82017					
NRBF2	0.011093	1.07117	6.4117	0.0895211	0.687953	-0.527612	0.322057
NRBP1			3.18944				
NRBP2			-3.08404				
NRCAM	5.90535	2.42241	2.53772	0.390037	-0.545439	3.98809	2.53448
NRDC	1.38719	-0.364081	3.63775				
NRDE2	-0.500823	0.915923	1.16181				
NREP	2.653	3.01257	2.6306	0.0742988	0.802804	3.25324	3.28286
NRF1	-0.776142	0.656686	-1.86256				
NRG1	0.687259	1.60614	1.07659	-0.113878	0.749758	-0.526028	0.0209985
NRG2	-4.33605	-0.0393098	-7.55967	-0.217875	0.512745	-0.842267	-0.0893179
NRG3	3.4185	2.38469	-0.656477	0.369308	-0.501582	3.1683	2.06978
NRG4	-2.00398	-1.89691	-3.57199	0.206905	0.259466	1.10006	1.69191
NRGN	2.53758	2.77457	8.65712	0.423101	0.385147	1.6551	1.97149
NRIP1	4.7013	4.72147	3.86359	0.240101	0.0882921	3.33539	3.53988
NRIP2	-1.46541	0.156882	0.501094	-0.442678	0.543418	-5.14443	-2.9276
NRIP3	-2.12515	-2.329	-2.58152	-0.0755299	0.399511	-6.73006	-6.65992
NRK			-0.616055				
NRL	-0.498155	-1.538	-2.25508	-0.214231	-0.500562	-1.14017	-1.57775
NRM			1.43916				
NRN1	3.19732	4.00019	5.54117	0.63559	0.537833	1.74602	2.23519
NRN1L	1.10636	0.628815	-1.35134	-0.106396	-0.166482	0.409063	0.149911
NRP1	0.0653276	-0.656695	-1.71778	-0.386463	-0.306417	-0.534802	-0.945415
NRP2	-1.40163	-2.22621	-2.50709	0.0678728	-0.689967	-0.287941	-0.848549
NRROS			-0.531086				
NRSN1	4.49096	5.37475	4.25293				
NRSN2			1.91229				
NRSN2-AS1	-0.354542	-1.12161					
NRTN			2.34076				
NRXN1	4.74228	4.2863	2.49817	0.695588	0.290364	7.17093	7.58154
NRXN2	-0.056655	-0.565577	-0.696658	0.248842	-0.547668	-0.0366114	-0.447234
NRXN3	2.27084	2.81044	5.10429				
NS3BP			-1.008				
NSA2	-0.255823	-1.46228	-3.01965				
NSD1			2.84902				
NSD2	-0.283556	-1.8044	-1.32254	0.0151734	-0.722038	-2.15267	-2.71843
NSD3	5.83429	4.10978	0.691754	0.56331	-0.00412822	4.62318	5.05956
NSDHL	0.541461	-1.10016	3.91658	-0.0268359	-0.532724	-2.12833	-2.76656
NSF	1.3435	0.802145	-0.588512				
NSFL1C	4.70977	-0.822929	-0.351623	0.0195729	-0.917651	1.56205	-0.489712
NSFP1			-4.0965				
NSG1	1.53385	1.89973		0.283664	0.49278	0.0899445	0.224918
NSG2	0.677595	-1.11769		0.149296	-0.917911	1.28037	-0.135917
NSL1			-2.12548				
NSMAF	1.24234	2.41193	-2.25663	0.189273	0.524224	3.3203	4.13101
NSMCE1	-0.915002	-2.25304	-0.000729	-0.0916117	-0.605979	-0.953661	-1.68507
NSMCE2	-1.3364	-0.201155	1.14453				
NSMCE3			-2.21849				
NSMCE4A	-6.61267	-3.09182	-4.46908	-0.472613	0.0945997	-2.37654	-2.20413
NSMF	-0.527983	-1.54145	-5.2067	-0.0235585	-0.658296	0.878605	0.00453762
NSRP1	-2.82522	-1.14572	-0.398434	-0.226732	0.567509	-3.16194	-1.92671
NSUN2	-0.419095	1.12493	-3.40861				
NSUN3	-1.15275	1.04279	-0.111898	-0.0279509	0.67423	0.299083	1.34508
NSUN4	1.66072	2.29674	4.2708				
NSUN5	1.91298	2.64726	-0.447016	0.0950009	0.472777	2.95238	3.5654
NSUN5B			-0.109229				
NSUN5P2	1.05817	1.94451	-0.417899	-0.0174719	0.383337	2.34362	3.01877
NSUN6	0.148978	-0.584582	-1.31552	0.0415896	-0.465241	1.93558	1.60124
NSUN7			-6.12197				
NT5C	0.085721	-0.175729	-0.486936				
NT5C1A			3.34069				
NT5C1B			-1.38885				
NT5C2			-1.55021				
NT5C3A	-2.45749	-3.38889	-3.05902	0.0952506	-0.520161	-0.862314	-1.33354
NT5C3B			-4.02815				
NT5DC1	-0.491806	0.916922	0.148556	-0.276946	0.795085	-2.60826	-0.847351
NT5DC2	5.13172	0.715078	5.89787	0.23681	-0.455918	4.96471	3.22872
NT5DC3	4.21845	-0.547235	2.08675	0.242245	-0.831827	4.06448	0.667011
NT5E	-1.56713	-2.52939	-0.393568	-0.147091	-0.487369	0.614856	0.0304061
NT5M	0.53378	1.99751	3.01147	0.0798428	0.928568	0.766106	1.52473
NTAN1	-2.20409	-2.99665	-3.7102				
NTF3			-2.72005				
NTF4	0.95916	1.99555					
NTHL1	1.7481	2.24126	7.60341	0.194537	0.372405	0.125008	0.301245
NTM	1.4733	2.72667		0.310902	0.408831	5.91131	6.57135
NTMT1	1.50205	0.498482	2.7308				
NTN1			-3.9307				
NTN3			0.052261				
NTN4	4.38949	5.19272	7.97809	0.460404	0.611625	5.03253	5.76301
NTN5			-1.59479				
NTNG1	-2.111	-0.664283	-1.94162	-0.0296258	0.334886	-0.608757	-0.0163701
NTNG2	0.928478	-0.840275	-1.68838	0.0708402	-0.655848	0.487943	-0.674871
NTPCR			1.70988				
NTRK1			-3.82425				
NTRK2	-0.357316	-1.47635	-0.117932	-0.160926	-0.67966	2.40487	1.54592
NTRK3	3.78684	1.05939	-0.268853	0.363705	-0.558883	1.56557	0.526093
NTS			-3.14364				
NTSR1	1.07314	-1.02827	-5.58864	-0.134062	-0.892339	0.711112	-0.488734
NTSR2	-1.03095	-2.02183	-6.58096	-0.210141	-0.762208	0.937505	-0.0189109
NUAK1	7.25944	6.6313	9.97385	0.542852	0.584064	5.85562	6.3058
NUAK2			3.96391				
NUB1	-2.37961	0.925394	-2.89659	-0.147021	0.771485	0.567556	1.45558
NUBP1	0.523651	0.653323	3.03125	-0.0644966	0.320521	-0.304844	-0.184854
NUBP2			-1.38651				
NUBPL			4.31304				
NUCB1			0.977327				
NUCB2	-2.7782	-3.56342	-5.75699	-0.0416266	-0.557379	-1.17162	-1.44461
NUCKS1			-1.82231				
NUDC			0.041945				
NUDCD1	3.95924	1.50932	-0.109978	0.337573	-0.342963	2.65615	1.9245
NUDCD2			-0.82779				
NUDCD3	0.385698	0.840616	1.4721				
NUDT1	-0.212197	-0.380837	1.48249	-0.338217	0.0486756	-2.90153	-3.00852
NUDT10	3.65871	-0.0084832	-1.1711	0.0478715	-0.821585	0.732377	-0.685634
NUDT11	4.59401	-0.498499	-1.71255	0.120014	-0.936442	2.37915	-0.196858
NUDT12	0.81438	2.32012	-1.27164	-0.163909	0.591318	0.404348	0.985032
NUDT13			4.62839				
NUDT14	4.33893	0.267296	5.41849	0.144865	-0.759161	2.57361	0.573157
NUDT15	-0.557779	0.497948	-0.369931	0.137107	0.611741	-0.677924	-0.0364617
NUDT16	5.77172	0.845452	0.256951	0.143678	-0.698558	2.61721	0.77886
NUDT16L1	1.56254	-0.680009	-1.28406	0.0308492	-0.828005	0.236162	-0.793004
NUDT16P			-1.02668				
NUDT17	-0.00312809	-1.50844	-4.86179	-0.0894892	-0.645011	-0.132824	-0.688807
NUDT18	2.90183	0.218836	4.33863	0.165793	-0.717429	-1.47673	-2.38287
NUDT19			-5.29925				
NUDT2	2.51916	-0.694509	2.39433	0.19743	-0.729915	-0.462658	-1.21696
NUDT21	0.726596	-0.0925669	-2.21145				
NUDT22	0.76091	1.74963	5.24475	0.00158632	0.685286	-0.919919	-0.262341
NUDT3			-3.92578				
NUDT4	7.27911	2.80033		0.330965	-0.688113	6.39552	3.19689
NUDT4P1			6.09913				
NUDT5	-1.7566	0.179948	-0.018647	-0.162502	0.665765	-2.33858	-1.1175
NUDT6	-1.05586	0.264694	-1.96281	0.08418	0.394982	-0.441509	-0.0578928
NUDT7	-2.15918	-2.9211	-2.62182				
NUDT8	-1.70764	-0.0861941	-0.921588	-0.232563	0.760293	-1.3823	-0.318675
NUDT9			-2.6817				
NUDT9P1	5.42964	4.41394	0.705912	0.383092	-0.131571	6.74016	6.00416
NUF2			1.85731				
NUFIP1			-0.885265				
NUFIP2			0.052287				
NUMA1			-2.96165				
NUMB	2.28307	3.19663	-0.555339	0.198085	0.365082	3.37692	3.73595
NUMBL	-1.03678	-2.19006	-2.60565	0.218631	-0.71583	-0.301111	-0.873745
NUP107	0.0342555	1.86143	-2.24475	-0.260152	0.303927	0.506568	1.2898
NUP133			-0.680284				
NUP153	-0.721891	0.680361	-0.469187	0.0455033	0.372498	-0.105396	0.776576
NUP155	-1.0589	0.291297	1.34307				
NUP160	-0.646589	1.11796	-0.129324				
NUP188	-0.368505	0.950167	-1.85363				
NUP205	-0.553918	1.10136	-6.02598	-0.258962	0.401546	0.62465	1.49912
NUP210	-0.0678661	1.45423	-0.822107				
NUP210L			0.126402				
NUP214			1.52808				
NUP35	0.864904	2.00555	-0.040556	-0.093041	0.452796	1.28669	1.94962
NUP37			-4.55217				
NUP43			-2.75272				
NUP50	5.80021	6.19669	2.45465				
NUP54	-0.863131	1.18946	0.339239	0.00705898	0.587273	0.150113	1.15663
NUP58	-1.36765	0.400126	-1.05871				
NUP62			-1.23051				
NUP62CL			1.42158				
NUP85	4.00564	2.05845	1.36328	0.0453378	-0.694069	2.89918	1.75719
NUP88	0.356016	-0.0400646	-3.80559	-0.04131	-0.381899	0.644547	0.569363
NUP93	0.909517	1.23241	1.51316	-0.0820733	0.463792	-2.97387	-2.60039
NUP98	0.43493	1.75874	-0.314611				
NUPL2	-2.19408	-0.0102629	-3.36307	-0.150222	0.501332	-0.846819	0.126708
NUPR1	-2.31146	-3.03697	-5.8197	-0.256455	-0.869626	-0.537882	-1.32337
NUPR2	-0.670837	-1.76577		0.0933306	-0.899466	0.30228	-0.622665
NUS1	1.88662	-0.676773	1.17324	0.167563	-0.785036	2.63261	0.668944
NUSAP1			0.127604				
NUTF2	0.315683	-1.39991	-2.92164	0.0371946	-0.731751	-1.73444	-2.2119
NUTM2B-AS1	-1.26416	1.01943		-0.244747	0.486312	0.0969513	0.965476
NVL	-0.606514	0.728001	-3.85433	-0.202463	0.126883	0.353446	0.854975
NWD1	-0.692901	-1.7188	-2.53419	-0.191647	-0.58982	1.78877	1.23108
NWD2	4.28893	1.41569	3.6921	0.492736	-0.777449	6.24852	2.43489
NXF1			-3.4606				
NXF2			-4.64103				
NXF3			-3.01631				
NXF4			-0.628503				
NXF5	-0.922246	-2.0756	-4.51928				
NXN	0.015019	-1.81789	-1.00501	-0.0689522	-0.615326	0.498315	-0.256416
NXNL1			2.76207				
NXNL2	-0.254844	0.640347	-4.45237				
NXPE3	-1.0803	0.708869	1.31639	-0.269152	0.674541	-2.5163	-1.03849
NXPH1	0.469032	-0.896305	2.3529	-0.0908116	-0.676505	1.12798	0.367606
NXPH2			3.98325				
NXPH3	-0.831519	1.25882	-0.161496	-0.151343	0.565269	1.63661	2.15057
NXPH4			-3.51097				
NXT1			-1.59983				
NXT2	-3.23281	-3.74115	-2.86956				
NYAP1			3.76077				
NYAP2	0.147967	-0.0701402	-0.746929	0.102325	-0.399109	2.24405	1.81211
NYNRIN	0.641636	-1.18645	-1.64131	-0.152823	-0.583876	2.12523	1.34106
NYX			0.341286				
OAF	-0.115334	-1.36786	-0.770268	0.107701	-0.543859	2.97699	1.97401
OARD1	3.28945	-0.0167021	1.51396				
OAS1			-6.31726				
OAS2			0.399872				
OAS3	-1.59175	-2.47801	-0.790813				
OASL			2.67952				
OAT	0.168673	-0.0658853	-0.206934				
OAZ1	1.61349	-1.07364	-2.77264				
OAZ2	1.29909	-0.599604	-0.107692	0.0535836	-0.534423	-1.00294	-1.92595
OAZ3	1.62629	-0.678155	2.8071	-0.0979984	-0.544328	-1.02429	-1.84114
OBP2A			0.071749				
OBP2B			1.61634				
OBSCN	0.870181	-0.922643	1.42592	0.270636	-0.485227	1.52428	0.625914
OBSL1	2.42935	3.76158	0.978655	0.0812427	0.507887	3.86467	4.53563
OC90			-0.536825				
OCA2	5.31016	1.1416	1.60652	0.224572	-0.777127	3.09594	1.15078
OCEL1	1.57888	2.28688	6.70495	0.102645	0.612318	-0.771758	-0.295667
OCIAD1	3.37517	1.4117	-1.05909				
OCIAD2			-3.85486				
OCLM			1.21857				
OCLN			0.950902	-0.196765	0.114726	-0.0618994	0.0528727
OCM2			-6.46788				
OCRL	5.34273	2.56505	-3.94565				
ODAM			1.75877				
ODC1	-0.0519431	-1.01277	0.217976				
ODF1			-2.85671				
ODF2	3.11683	3.35757	6.37709	0.105912	0.611614	3.83503	4.03918
ODF2L	-0.89819	0.646352	-3.09758	0.029351	0.227674	0.904259	1.68014
ODF3			-3.47539				
ODF3B			-0.594564				
ODF3L1			1.3494				
ODF3L2	-3.27793	-2.496	-2.48212				
ODF4			1.6268				
ODR4			-5.17257				
ODZ3			-5.2918				
OFCC1			2.15852				
OFD1	-1.35335	-0.587703	-1.64441				
OGDH			-4.34429				
OGDHL	2.045	2.89627	1.19352	0.0525193	0.78292	1.17643	1.61938
OGFOD1			0.820457				
OGFOD2	-0.159474	1.62876	2.2388	-0.116042	0.536013	-1.00162	-0.101069
OGFOD3	-0.95663	0.638741	-4.50718	-0.0884358	0.40345	-0.609103	0.0812208
OGFR			-1.68955				
OGFRL1	-1.59512	-0.458105	-0.917474				
OGG1	0.310698	-1.33375	-4.63164	0.15786	-0.801703	1.31454	-0.171595
OGN	-2.10457	-3.09838	-2.79932	-0.208929	-0.235168	-1.19357	-1.31297
OGT	0.908171	2.00774	-1.2766	0.137124	0.378674	1.46984	2.20254
OIP5			3.19161				
OIP5-AS1	0.445403	2.12843	1.68934	0.109811	0.924552	1.52907	1.89459
OIT3			-3.37703				
OLA1			-1.49227				
OLAH			0.555122				
OLFM1	2.54339	2.32428	2.02526	0.402066	0.569148	0.451376	0.987894
OLFM2	-0.105711	-1.02435	-0.186512				
OLFM3	7.25115	4.11501	9.79128	0.713827	-0.229431	4.45897	3.92435
OLFM4	3.68904	3.85527	0.483855	0.0018664	-0.0226805	3.29002	3.47175
OLFML1			0.814258				
OLFML2A	-2.92209	-1.07356	-5.22302	-0.118391	0.280531	-1.05938	-0.590967
OLFML2B	0.682186	-0.186605	-0.5158	-0.011985	-0.520549	0.363082	-0.27135
OLFML3	-0.721872	-1.98784	-0.501098	-0.216193	-0.370434	-1.36452	-1.82907
OLIG1			-0.071952				
OLIG2			-1.20878				
OLIG3			-1.4312				
OLMALINC			-5.83268				
OLR1	-1.83276	-0.133903	-0.939356	-0.0895687	0.640064	-1.19571	-0.204526
OMA1	-0.175955	-0.0710176	0.704426	-0.421186	0.168302	0.165304	0.5661
OMD			2.39934				
OMG	-3.79213	-0.886264	-1.1302	-0.203889	0.432105	-1.81356	-0.978789
OMP			-1.68827				
ONECUT1	-2.02956	-3.28701	-1.25967	0.180557	-0.68201	-1.93952	-2.79418
ONECUT2	2.05892	2.99189	8.54131	0.110125	0.757432	0.767481	1.34008
ONECUT3			3.04903				
OOEP			0.430971				
OPA1	3.59877	2.09938	3.26053				
OPA3	-1.59156	-0.465293	-3.01216	0.0536946	-0.0894149	-1.89498	-2.68272
OPALIN			0.233399				
OPCML	6.86774	5.45242	0.122092				
OPHN1	-1.56387	-2.11657	-6.95505	-0.244014	-0.589532	-1.00055	-1.22499
OPLAH			-0.988772				
OPN1LW			-1.61794				
OPN1MW			-5.46634				
OPN1SW			-0.909619				
OPN3	5.68067	5.8675	9.23302	0.438744	0.733081	4.64747	4.95363
OPN4	-0.834073	-1.16707	-4.0777	-0.418391	-0.288434	-4.68651	-5.87284
OPN5			-2.17261				
OPRD1	-0.695112	1.21827	0.68815	0.289418	0.543718	0.139271	0.885833
OPRK1	0.423336	-1.56041	-2.02556	-0.166924	-0.69299	-2.85494	-4.15302
OPRL1	0.0316722	1.39239	4.38149				
OPRM1	6.11347	1.05249	6.97846	0.242022	-0.774535	3.20922	1.03107
OPTC			2.69272				
OPTN	3.55782	0.591002	4.67077	0.545559	-0.49448	0.084722	-0.965999
OR10A2			-4.81651				
OR10A3			-0.344543				
OR10A4			-1.4594				
OR10A5			-3.66446				
OR10A6			-4.14519				
OR10A7			-1.36432				
OR10AD1			-1.11535				
OR10AG1			0.100649				
OR10C1			-0.816749				
OR10G2			-1.38134				
OR10G3			-0.909607				
OR10G4			-1.06719				
OR10G7			1.17245				
OR10G8			-1.27628				
OR10G9			-1.43043				
OR10H1			-1.46473				
OR10H2			-2.52989				
OR10H3			-3.92906				
OR10H4			-0.751791				
OR10H5			-2.53286				
OR10J3			-0.540378				
OR10J5			-2.51752				
OR10J8P			-2.89075				
OR10K1	1.67172	2.85386	3.29081				
OR10K2			-0.577893				
OR10P1			-3.33097				
OR10Q1			1.74995				
OR10R2			-3.3762				
OR10S1			-0.792234				
OR10T2			-1.69117				
OR10V1			-0.818131				
OR10W1			-3.40583				
OR10X1			0.295933				
OR10Z1			-2.07441				
OR11A1			-0.692128				
OR11G2			-2.59299				
OR11H1			-3.60715				
OR11H12			-0.176659				
OR11H4			-0.67509				
OR11H6			-0.103675				
OR11L1			-0.137522				
OR12D2			-3.03876				
OR12D3			-3.1188				
OR13A1			-1.11447				
OR13C2			-2.48256				
OR13C3			-4.26311				
OR13C4			-0.017922				
OR13C5	-1.73007	-2.62639	-3.60884	-0.179764	-0.452581	-1.11617	-1.71966
OR13C8			0.885516				
OR13C9			-3.95125				
OR13D1			-1.60809				
OR13F1			-1.70314				
OR13G1			0.15841				
OR13H1			-2.06921				
OR13J1			0.714092				
OR14A16			-2.75092				
OR14C36			-1.11857				
OR14I1	5.573	2.84077	11.9237	0.592804	-0.408328	2.43891	1.49133
OR14J1			-3.90032				
OR1A1			-0.45051				
OR1A2			-3.48152				
OR1B1			-3.30693				
OR1C1			-3.95816				
OR1D2			0.921429				
OR1D4			2.32218				
OR1D5	-1.38772	-2.0929	-1.34443				
OR1E1	-2.13735	-0.122783	-3.56052				
OR1E2			-1.67981				
OR1F1			-1.77863				
OR1F2P			-1.38005				
OR1G1			-1.54657				
OR1I1			1.22983				
OR1J1			-3.63475				
OR1J2			-0.674289				
OR1J4			-0.547241				
OR1K1			-5.93556				
OR1L1			-1.31393				
OR1L3			-1.66483				
OR1L4			-0.929671				
OR1L6			3.20591				
OR1L8			-0.432481				
OR1M1			-0.699599				
OR1N1			-1.87195				
OR1N2			-2.75054				
OR1Q1			-1.66464				
OR1S1			-3.21011				
OR1S2			-1.83125				
OR2A1			-0.671177				
OR2A12			2.31683				
OR2A14			-2.74488				
OR2A2			-5.55356				
OR2A20P			-0.279201				
OR2A25			1.10108				
OR2A4			-3.15189				
OR2A5			-0.786007				
OR2A9P			0.814966				
OR2AE1			5.24483				
OR2AG1			0.012785				
OR2AG2			-4.01409				
OR2AK2	-1.52302	1.24895	2.12047	-0.0263255	0.746229	0.793867	1.6324
OR2AT4			-0.691211				
OR2B11			-4.19688				
OR2B2			-4.2597				
OR2B3			-1.58787				
OR2C1			0.326181				
OR2C3			0.946497				
OR2D2			-0.959524				
OR2D3			-1.24974				
OR2F1			-0.76384				
OR2F2			-4.43953				
OR2G2			-2.29694				
OR2G3			1.89026				
OR2G6			-1.30113				
OR2H1	-2.07604	-1.69088	-0.503586				
OR2H2			-1.55501				
OR2J2			-0.91648				
OR2J3			-1.57797				
OR2K2			-0.062452				
OR2L13	1.84491	2.82616	4.08874	0.186609	0.678975	0.596439	1.16221
OR2L2	-5.27668	-0.448889	0.763286	-0.184502	0.688428	-2.4698	-0.799297
OR2L3	2.42962	4.14221	3.83402	0.242545	0.701965	5.71022	5.5177
OR2L8	2.21151	2.99835	7.17047	0.200943	0.698743	3.12492	3.68065
OR2M1P	2.3246	2.81807	2.48297				
OR2M2			-3.3922				
OR2M3			-1.87283				
OR2M4	-1.14926	0.514906	-1.78426	-0.0504246	0.684714	-0.578041	0.166157
OR2M5			4.52124				
OR2M7			-3.35926				
OR2S2			-2.26758				
OR2T1			-0.018095				
OR2T10			-5.65927				
OR2T11			-3.08814				
OR2T12			-2.85318				
OR2T2			-2.11444				
OR2T27			0.891778				
OR2T33			-0.20519				
OR2T34			-3.34147				
OR2T4			-0.879174				
OR2T5			0.642935				
OR2T6			-1.69826				
OR2T8			-2.03478				
OR2V2			-1.38427				
OR2W1			-1.11413				
OR2W3			-0.61329				
OR2W5			-0.863448				
OR2Y1			-1.71884				
OR2Z1			-0.831056				
OR3A1			-2.48793				
OR3A2			-1.80171				
OR3A3			-2.74355				
OR4A15			-3.91529				
OR4A16			-2.67704				
OR4A5			-3.84395				
OR4B1			-1.56916				
OR4C11			-2.38				
OR4C12			-0.473397				
OR4C13			-1.36809				
OR4C15			-1.93761				
OR4C16			-0.96856				
OR4C3			-3.46819				
OR4C45			-3.01142				
OR4C46			-0.506304				
OR4C6			-1.26198				
OR4D1			-0.670388				
OR4D10	0.394752	0.258321	-0.010197				
OR4D11			-2.34307				
OR4D2			-0.925937				
OR4D5			-4.42525				
OR4D6			-2.55043				
OR4D9			3.74409				
OR4E2			-1.53311				
OR4F15			-0.191417				
OR4F21			3.58343				
OR4F3			3.58313				
OR4F5			0.994299				
OR4F6			-0.302992				
OR4K1			-0.31221				
OR4K13			-2.10731				
OR4K14			-1.0351				
OR4K15			-1.15971				
OR4K17			-2.2033				
OR4K2			-2.23748				
OR4K5			-1.64501				
OR4L1			0.800557				
OR4M1			-2.60491				
OR4M2			-1.2689				
OR4N2			-2.63388				
OR4N4			-4.64667				
OR4N5			-2.80249				
OR4P4			0.160833				
OR4Q3			-0.542923				
OR4S1			1.97265				
OR4S2			0.055656				
OR4X1			0.230868				
OR4X2			2.07133				
OR51A2			-3.06939				
OR51A4			-0.875079				
OR51A7			-3.81166				
OR51B2			-0.760233				
OR51B4			-0.996943				
OR51B5			0.483474				
OR51B6			0.338247				
OR51D1			-0.29159				
OR51E1			0.210801				
OR51E2			-2.84819				
OR51F1			-0.726074				
OR51F2			-1.9356				
OR51G1			-2.94739				
OR51G2			-3.50824				
OR51I1			-1.179				
OR51I2			-1.75687				
OR51L1			-0.357294				
OR51M1			1.69109				
OR51Q1			-2.70711				
OR51S1			-1.58381				
OR51T1			-2.90283				
OR51V1			0.032582				
OR52A1			-0.400762				
OR52A4			-2.24425				
OR52A5			-0.609658				
OR52B2			-2.23937				
OR52B4			0.262031				
OR52B6			1.77512				
OR52D1			-0.965405				
OR52E2			0.070228				
OR52E4			-0.057743				
OR52E6			-2.49634				
OR52E8			-4.06695				
OR52I1			-0.262713				
OR52I2			-2.75469				
OR52J3			-0.228912				
OR52K1			0.396827				
OR52K2			0.918427				
OR52L1			-2.07548				
OR52M1			-0.866239				
OR52N1			-1.76436				
OR52N2			-2.75035				
OR52N4			-0.92033				
OR52N5			-2.72045				
OR52R1			1.69052				
OR52V1P			1.08065				
OR52W1			-3.30317				
OR56A1			-1.60966				
OR56A3			-0.307661				
OR56A4			-1.51498				
OR56A5			-0.414143				
OR56B1			-1.96112				
OR56B4			-1.96041				
OR5A1			-0.095035				
OR5A2			-0.822267				
OR5AC2			-1.87243				
OR5AK2			-2.02556				
OR5AN1			-0.363002				
OR5AP2			-3.27519				
OR5AR1			0.249346				
OR5AS1			-0.002869				
OR5AU1			-1.71554				
OR5B12			-1.29063				
OR5B17			-1.89155				
OR5B2			1.64823				
OR5B21			-0.840619				
OR5B3			-1.73881				
OR5C1			-0.416724				
OR5D13			-1.23159				
OR5D14			-0.342244				
OR5D16			-2.11227				
OR5D18			-0.68751				
OR5F1			-2.23574				
OR5H1			0.609567				
OR5H15			-3.18088				
OR5H2			-1.84057				
OR5H6			-1.61739				
OR5I1			-2.65507				
OR5J2			2.30929				
OR5K1			0.33988				
OR5K2			0.120477				
OR5K3			-1.27776				
OR5K4			-0.586888				
OR5L1			-0.449585				
OR5L2			-1.26893				
OR5M1			-1.93121				
OR5M10			-2.86967				
OR5M11			-0.434907				
OR5M3			-3.7341				
OR5M8			0.311335				
OR5M9			-1.56568				
OR5P2			-4.17717				
OR5P3			-3.43334				
OR5R1			1.0598				
OR5T1			-4.36731				
OR5T2			-0.908172				
OR5T3			-4.32507				
OR5V1			-2.49849				
OR5W2			-0.345807				
OR6A2			-1.75949				
OR6B1			-0.855366				
OR6B2			0.378384				
OR6B3			-0.905643				
OR6C1			0.522006				
OR6C2			-0.276295				
OR6C3			-4.07376				
OR6C4			-2.39879				
OR6C6			0.182191				
OR6C65			0.288721				
OR6C68			1.48721				
OR6C70			-3.53886				
OR6C74			1.51561				
OR6C75			1.3418				
OR6C76			2.31944				
OR6F1			-1.73274				
OR6K2			-0.89078				
OR6K3			-0.733514				
OR6K6			0.897538				
OR6M1			-3.09063				
OR6N1			-2.19111				
OR6N2			2.31264				
OR6Q1			-3.07722				
OR6S1			-0.721383				
OR6T1			-3.6107				
OR6V1			0.067715				
OR6W1P			-0.235896				
OR6X1			2.72937				
OR6Y1			-3.64385				
OR7A10			-4.81348				
OR7A17			-1.7014				
OR7A5			-0.283606				
OR7C1			-0.985362				
OR7C2			-2.60163				
OR7D2			0.12392				
OR7D4			-0.319534				
OR7E14P	-2.22549	-2.99339					
OR7E156P	-5.57674	-3.32491	-1.98611	-0.552129	0.166378	-5.99531	-4.95429
OR7E24	-6.36127	-2.39845	-2.86245	-0.403316	0.26353	-4.26363	-3.72536
OR7E36P			-1.58688				
OR7E47P	-3.23922	-0.647119		-0.164523	0.659843	-1.66581	-0.969258
OR7E5P			-2.09432				
OR7E91P	-0.312105	1.0808	-1.71065				
OR7G1			-2.60113				
OR7G2			-1.71378				
OR7G3			-1.55687				
OR8A1			-1.87268				
OR8B12			-1.63721				
OR8B2			1.54038				
OR8B3			0.775929				
OR8B4			-2.10278				
OR8B8	-3.31423	-4.79931	-1.66405				
OR8D1			-0.661484				
OR8D2			-1.39344				
OR8D4			-3.40647				
OR8G1			1.18258				
OR8G2			2.71505				
OR8G5			-1.16255				
OR8H1			1.95755				
OR8H2			-2.00261				
OR8H3			-0.064954				
OR8I2			0.413915				
OR8J1			0.070803				
OR8J3			-2.20939				
OR8K1			1.37213				
OR8K3			-2.33829				
OR8K5			-0.869104				
OR8S1			-2.22286				
OR8U8			-2.84693				
OR8U9			-2.08274				
OR9A2			-0.097586				
OR9A4			-5.09739				
OR9G4			-1.24917				
OR9G9			-6.15232				
OR9I1			-0.152755				
OR9K2			-0.646964				
OR9Q1			3.88583				
OR9Q2			0.547725				
ORAI1			2.37585				
ORAI2	-7.05397	-4.84128	-4.603	-0.22752	-0.118765	-4.89856	-5.41483
ORAI3	-5.3803	-2.27996	0.049147				
ORAOV1	-1.02637	0.801589	-4.10899				
ORC1L			-2.15938				
ORC2			-0.819138				
ORC3	-1.12831	-2.29236	-2.02514				
ORC4	1.81953	0.0504649	4.5648	0.213732	-0.426849	1.78179	0.975159
ORC5	0.2297	-0.666444	2.30162				
ORC6	3.78281	-0.261422	-0.253797	0.235266	-0.781548	1.64473	0.172055
ORM1			-0.214641				
ORM2			3.67				
ORMDL1	-0.973113	0.195824	-2.99689				
ORMDL2	-0.75419	-2.14052	0.419031	-0.351287	-0.396711	-3.0522	-3.90684
ORMDL3	-0.733065	0.833598	-2.05408				
OS9			-3.78582				
OSBP			-1.16054				
OSBP2	-1.46559	1.2573	-1.26783	0.141268	0.764425	0.118177	1.23561
OSBPL10	1.08782	0.672393	2.94179				
OSBPL11	-0.525755	-0.852945	-5.6516	-0.243104	-0.421064	1.22695	1.07548
OSBPL1A	1.32001	2.52575	4.76961	0.105369	0.750541	0.5278	1.2497
OSBPL2	-2.33277	0.456241	-3.39122	-0.201475	0.645106	0.349714	0.960896
OSBPL3	1.00303	1.89649	2.34121	-0.189213	0.524147	0.182103	0.662902
OSBPL5	1.06976	2.2382	4.60542	0.0264361	0.625376	2.46207	3.23376
OSBPL6	0.788665	2.13141	1.54118	0.123944	0.919948	0.825969	1.44939
OSBPL7			5.29261				
OSBPL8	2.54262	1.65007	0.139208				
OSBPL9	-1.72858	0.205603	-2.88972	-0.202311	0.366772	-0.380139	0.0513042
OSCAR			1.91339				
OSCP1	8.01806	3.01001	3.23677				
OSER1			1.42627				
OSGEP	-0.184432	1.46594	-2.21041	0.0278111	0.464089	2.84745	4.21422
OSGEPL1	-1.48912	1.04253	0.527894	-0.148118	0.630862	-0.371155	0.618304
OSGIN1	-0.264987	-1.21922	4.58988				
OSGIN2	-1.62511	0.220466	-1.11798				
OSM			-2.30992				
OSMR			2.00007				
OSR1	3.53759	0.515187	-0.356067	0.0344784	-0.809937	5.9827	2.45387
OSR2			0.168774				
OST4	-3.04423	-2.69092		-0.184025	-0.887872	-3.12029	-2.71843
OSTC			-1.62549				
OSTCP1			-3.05852				
OSTCP2			-1.92338				
OSTF1	5.68796	5.36145	7.34781	0.560043	0.560112	2.31557	2.82855
OSTM1	1.2493	1.84115	0.284366				
OSTN	1.24014	2.12181	1.6399	-0.261249	0.096632	1.52142	1.9628
OTC			-0.681606				
OTOA			-2.20108				
OTOF	-1.34442	-2.27399	-3.33612				
OTOL1			-4.56533				
OTOP1			-3.82121				
OTOP2			-0.456254				
OTOP3			-2.10029				
OTOR			-1.76227				
OTOS	-3.38148	-3.78726	-1.45089				
OTP			0.206402				
OTUB1			0.813911				
OTUB2	1.97462	-0.584673	1.10681	0.157453	-0.788612	1.88816	0.376752
OTUD1	1.85489	0.271837	-3.07282	0.227574	-0.631982	3.15964	1.97634
OTUD3	7.2382	5.57618	1.24106				
OTUD4			-1.17721				
OTUD5	-0.513052	-1.74067	-2.34038				
OTUD6A	-4.10723	-4.02147	-3.00662				
OTUD6B	-2.13763	-0.968304	-3.2376				
OTUD6B-AS1	3.36322	4.32972		0.452235	0.582042	3.62226	4.0407
OTUD7A	-1.35957	0.523981	-1.96379				
OTUD7B	-1.99989	-0.491703	-1.5047				
OTULIN	1.146	2.12657	2.64895				
OTX1			-3.85373				
OTX2			-0.303947				
OVCA2			0.198416				
OVCH1			-2.92041				
OVCH2			-1.13353				
OVGP1	0.736681	1.93979	-1.21024	0.0116139	0.816029	1.67409	2.22602
OVOL1			-5.40727				
OVOL2	6.50839	3.06792	5.48686	0.176485	-0.403961	5.03122	3.81757
OVOL3			-0.974216				
OVOS			-1.23354				
OXA1L	0.267852	1.08096	1.26617				
OXCT1	0.974826	-1.20191	-4.0877	0.161125	-0.778763	0.610866	-0.33975
OXCT2	-2.86511	-0.267782	2.70729	-0.0190307	0.491333	0.907591	1.66386
OXER1	-4.30197	-4.7466	-4.93256				
OXGR1	-4.11877	-0.643411	0.947472	-0.249379	0.572003	-3.20563	-2.17274
OXLD1			1.83709				
OXNAD1	-1.25693	0.570958	1.61417	-0.396084	0.611461	-2.41668	-1.24176
OXR1	2.81893	3.34951	3.95154	0.202505	0.422169	2.0052	2.32065
OXSM			3.31858				
OXSR1	0.40979	1.77494	1.89994	-0.0231386	0.657101	0.703487	1.70306
OXT	-2.44078	-1.48483	-3.16033				
OXTR	-2.03506	-2.86219	-6.86377	-0.20663	-0.780227	-0.453598	-0.947549
Osta			2.50538				
P2RX1			-1.55426				
P2RX2	-1.30259	-2.53276	-0.143464				
P2RX3			1.59977				
P2RX4	-2.04004	-1.4506	-1.152	-0.0760911	0.151424	-1.93486	-1.7874
P2RX5	5.42324	0.672347	5.73521	0.271832	-0.763104	0.583145	-0.603105
P2RX6	0.901443	2.1402	2.32134	-0.18536	0.750614	1.76015	2.14956
P2RX6P	1.0855	2.24099	3.54572	-0.0836456	0.597168	0.818201	1.27869
P2RX7			0.125109				
P2RY1	-0.585058	-1.40899	-2.87816				
P2RY10			-2.79033				
P2RY11			4.4178				
P2RY12	-1.97223	-2.46342	0.785269	-0.154408	-0.744368	-3.53634	-3.42882
P2RY13	-1.52653	-2.23204	0.828127	-0.148625	-0.730132	-2.84149	-2.91644
P2RY14	1.62793	1.4135	4.21684	0.0992094	0.0696147	2.28101	2.293
P2RY2			1.49893				
P2RY4			-0.702426				
P2RY6	2.45069	-0.409006	3.82154	0.220903	-0.57017	0.248332	-0.793412
P2RY8			-2.37925				
P3H1	-0.531757	1.11737	-2.50307	-0.0165115	0.507672	0.18132	1.07014
P3H2	-0.603728	-1.53487	-3.49439	-0.219392	-0.428007	0.538795	0.159926
P3H3	0.828036	2.08372	-0.341024	0.175735	0.593536	0.759802	1.72987
P4HA1			-2.37844				
P4HA2	-0.350146	-2.00238	-4.30397	-0.208208	-0.668744	-0.0140834	-0.590294
P4HA3			0.219044				
P4HB	0.545725	-0.976389	-1.68556				
P4HTM	0.925386	1.79224	-3.06246				
PA2G4			-0.712452				
PA2G4P4			-1.78483				
PAAF1	0.0395286	-1.39552	-1.8673	-0.254649	-0.283129	-1.44923	-1.88442
PABPC1	-2.9978	-2.98855					
PABPC1L	-0.307973	-1.34004	-3.36707	-0.0657878	-0.677113	0.288611	-0.190325
PABPC1L2A	3.6527	3.82879	3.21285				
PABPC1L2B	2.79083	3.25932	0.883996				
PABPC1P2			-1.52027				
PABPC3	-5.07744	-4.87096	-7.11032				
PABPC4	-0.0437973	-0.955633	0.368194				
PABPC4L			0.01677				
PABPC5	0.203609	0.890663	-3.30889				
PABPCP5			-6.70373				
PABPN1			-0.113601				
PACRG	1.72618	-0.85665	-1.79303	0.119901	-0.893309	1.72784	-0.0294705
PACRGL	0.947565	0.198327	-0.00994				
PACS1	1.62147	-0.445078	-3.0729	0.042514	-0.679161	0.405874	-0.475118
PACS2	-3.61987	-2.49644	-4.75421	-0.429423	0.458441	-3.40925	-2.75985
PACSIN1	4.46514	0.0677032	-1.18192	0.280329	-0.606075	1.50213	0.298869
PACSIN2	-4.29529	-1.3114	-5	-0.433987	0.485982	-2.76194	-1.62032
PACSIN3	-3.95804	-0.817194	-2.0663	-0.248011	0.679832	-0.636491	0.544984
PADI1			-0.297645				
PADI2			-0.070363	-0.441227	0.0473401	-2.39016	-2.34994
PADI3			-2.93194				
PADI4			0.925473				
PADI6			1.33922				
PAEP			-1.20843				
PAF1			-0.227676				
PAFAH1B1	1.48876	0.330643	-0.233977				
PAFAH1B2	1.86456	2.19061	-0.150129				
PAFAH1B3	-0.779912	-1.92038	-4.88792	-0.0558684	-0.769802	-0.0604929	-0.598034
PAFAH2	-3.49764	-3.91365	0.809478				
PAG1	-0.197571	1.74208	4.05403	-0.0630348	0.738729	0.634197	1.3185
PAGE1			0.759119				
PAGE2			-2.71228				
PAGE2B			3.42685				
PAGE3			-1.32866				
PAGE4			-3.21236				
PAGE5			1.83366				
PAGR1	0.154914	1.351	-1.83896	-0.129941	0.304285	0.973532	1.74446
PAH	5.72124	2.08894	7.15374	0.432943	-0.134684	5.01219	4.30397
PAICS	-3.91465	-3.99419	-5.76353				
PAIP1	3.73776	3.85521	3.95959	0.363024	0.609896	4.48527	4.54707
PAIP2			-0.328005				
PAIP2B			-1.81817				
PAK1	3.9702	2.27437	2.8012				
PAK1IP1	-1.32964	-0.129392	-2.11684				
PAK2	-1.37432	0.545343	-1.60803				
PAK3	2.2467	-0.275954		0.20415	-0.81729	3.06656	1.07646
PAK4			1.09115				
PAK5	1.00623	1.83264	1.85954				
PAK6			-1.66145				
PALB2	-0.566863	1.32058	0.284862				
PALD1	-2.55859	-3.2624	-4.06336				
PALLD	-0.976109	-1.88503	-6.452	-0.159139	-0.634915	0.262689	-0.453174
PALM	0.0639645	-1.3592	-6.99127	0.126245	-0.794492	2.17981	0.568698
PALM2	1.42579	-0.325486	2.31295	0.242106	-0.592804	1.89053	0.982448
PALM2-AKAP2			1.20845				
PALMD	-3.74997	-4.76032	-7.52689	-0.178023	-0.707203	-3.24514	-3.45333
PAM	-1.4942	0.371694	-4.83178	0.0387172	0.388001	0.30327	1.35818
PAMR1	0.269232	-1.14931	-3.04221	-0.000753025	-0.630577	3.20127	2.04095
PAN2	-0.939966	0.992344	-1.40774	-0.172324	0.536465	-0.363421	0.597332
PAN3			-0.126308				
PANK1	-1.3977	1.45741	-2.0217	-0.0584304	0.732714	-0.708581	0.663222
PANK2	-1.46825	-1.85135	-1.82199				
PANK3	1.10284	0.17627	0.49376	0.150003	-0.623455	0.730635	-0.199601
PANK4			3.46513				
PANX1	6.2188	2.36446	4.31285	0.544176	-0.298285	3.33962	2.43349
PANX2	-2.58391	0.569675	-3.90611	-0.0446848	0.908136	-3.92953	-0.91978
PANX3			0.587072				
PAOX	1.60997	-0.370828	1.63551	-0.206935	-0.333321	-0.838414	-1.24597
PAPD4	2.08808	2.49662	3.07501				
PAPD5			1.24184				
PAPD7	3.35473	4.29793					
PAPLN	-0.873492	-1.69638	-2.88952				
PAPOLA	-1.63763	-0.512171	-1.60521				
PAPOLB			-4.63008				
PAPOLG	3.37243	4.26942	-2.03943				
PAPPA			-0.296235				
PAPPA2			-0.65459				
PAPSS1	2.284	1.20323	2.47477				
PAPSS2	0.649031	1.73552	4.45028	0.260723	0.287088	1.93473	2.33959
PAQR3	2.75589	3.29472	6.03399				
PAQR4	-0.662584	0.353929	1.72008	-0.182849	0.417906	-3.72705	-2.61225
PAQR5			4.70648				
PAQR6	-2.91032	-2.56274	-3.3665	-0.461282	0.410233	-5.54376	-4.09487
PAQR7			-3.49344				
PAQR8	-1.35261	-0.673793	-0.250773	-0.418951	0.453155	-1.05252	-0.44108
PAQR9	-2.07808	0.17746	-3.97535	-0.18967	0.787795	-4.70647	-2.05053
PARD3	-1.93832	-2.63337	-5.41239	-0.227047	-0.488745	-1.19548	-1.50589
PARD3B	-1.54055	-2.19948	-2.77099	-0.307956	-0.480415	1.25351	0.953582
PARD6A	1.27513	1.93855	2.07979	0.215289	0.368071	-0.379091	-0.219955
PARD6B	3.51431	3.94257	2.89969	0.34831	0.653131	3.4243	4.13135
PARD6G	-3.02096	-0.586179	-3.2637	-0.321568	0.444562	-1.15492	-0.154437
PARD6G-AS1			-3.099				
PARG	1.86133	2.87204	3.67981	0.142772	0.399651	3.43744	4.62453
PARGP1	-0.0465012	1.66749					
PARK7			-0.374033				
PARL			-2.02654				
PARM1	1.73272	2.77727		0.369175	0.346322	2.7664	3.25766
PARN	3.32386	3.78994	2.48842				
PARP1	1.30542	0.0435454	3.49296				
PARP10			-1.53372				
PARP11			-3.70366				
PARP12			-3.10669				
PARP14	-5.30108	-5.4818	-1.1924	-0.535189	-0.369156	-3.62761	-3.98631
PARP15			0.358928				
PARP16	0.276788	1.67674	0.78103				
PARP2	2.56956	3.28753	1.20469	0.374924	0.0288974	3.56383	3.95156
PARP3	-1.13932	0.242944	0.225615	-0.209018	0.66864	-1.57255	-0.714535
PARP4	-6.04938	-3.53067	-1.14914	-0.472282	0.272255	-2.23568	-1.61953
PARP6			1.14567				
PARP8	2.24065	1.13375	1.67742	0.196837	-0.427995	3.23003	1.91196
PARP9			0.010164				
PARPBP			-0.821587				
PARS2	0.649732	1.30339	6.56713	0.255741	0.31925	2.43536	2.70534
PART1	5.1187	4.49729		0.410435	0.229219	4.08368	4.31539
PARVA	-1.26827	-2.31545	-3.43328	-0.0365969	-0.608322	-2.23317	-2.93254
PARVB	-2.16763	-3.29873	-1.4122	0.128851	-0.39859	-1.66476	-2.11082
PARVG			-1.30578				
PASD1			-1.74134				
PASK	-0.342022	1.45256	0.012785	-0.0438765	0.824774	0.593495	1.37994
PATE1			2.4695				
PATE2	0.0876863	1.49039	-0.243961	0.240918	0.463279	1.02463	2.00676
PATE3			-1.39904				
PATE4			-2.6869				
PATJ	-4.74777	-2.70667	-3.11653	-0.331532	0.325753	-2.87249	-2.4146
PATL1	-1.50628	-0.182346	-4.82832				
PATL2			-0.446023				
PATZ1	-0.835399	-1.07436	-2.63228				
PAWR	-6.54823	-5.03967	-5.99151	-0.487512	-0.0442399	-2.41509	-2.62027
PAX1			-0.08119				
PAX2			-1.29157				
PAX3			1.87848				
PAX4			-1.35768				
PAX5			-1.74971				
PAX6	0.0349519	-1.61117	-0.200333	-0.205906	-0.686913	0.44549	-0.537699
PAX7			-1.1763				
PAX8	-2.35534	-2.13414	-2.54562	0.157857	0.225288	-1.2599	-1.41411
PAX8-AS1	-2.74227	-2.50484		0.128848	0.197917	-1.73997	-1.87922
PAX9			-1.4369				
PAXBP1	-3.0066	-0.55789	-3.98072				
PAXBP1-AS1	1.98984	-0.244712		0.0681376	-0.713844	3.42466	1.728
PAXIP1	-0.746286	1.13684	-1.31338	-0.0228534	0.516113	0.0882813	0.953214
PAXIP1-AS1	2.55068	0.187815		0.0347614	-0.663831	3.0428	1.86086
PAXX			1.30896				
PBDC1			-1.85787				
PBK			-1.593				
PBLD	-3.22392	-3.89019	-5.93872	-0.437223	-0.483783	-2.16685	-2.49237
PBOV1			-0.112754				
PBRM1			-3.43149				
PBX1	5.26004	5.58606	1.50053	0.125724	-0.043139	5.40256	5.85825
PBX2	-1.36481	-0.852571	-2.72582				
PBX3	-1.2553	-0.483899	-0.187212	-0.273835	0.500411	-3.93397	-3.10508
PBX4	-1.03906	-1.70551	-4.65932	-0.0917066	-0.720368	-0.408125	-0.800517
PBXIP1	-0.791793	-1.82533	-4.84413	-0.227741	-0.679395	1.43754	0.402204
PC	0.73123	1.2745	0.1098	-0.174409	0.537346	-0.283966	0.0217972
PCAT19	-2.64908	-0.341857		-0.369224	0.472389	-1.78851	-1.08868
PCBD1	4.55174	-0.579622	2.48903	0.0801836	-0.861476	4.58415	1.12445
PCBD2	-3.71616	-3.78195	-5.76506				
PCBP1	-0.975766	0.374069	-1.41355				
PCBP1-AS1			-4.20464				
PCBP2	-3.53537	-1.69019	-1.64381				
PCBP3	2.45757	0.454726	3.63185	-0.0648854	-0.580281	2.42406	1.28121
PCBP4			-1.44751				
PCCA	-0.288956	-0.04524	-0.004149	-0.0261919	0.351354	-0.494039	-0.391727
PCCB	-0.564029	-1.59618	1.23151				
PCDH1	2.36926	0.630626	1.22574				
PCDH10	5.99378	3.91606	3.84963	0.250184	-0.392501	4.09068	3.19632
PCDH11X	-1.73749	-1.06144	-3.10936	-0.0574957	0.0455124	-0.676158	-0.312422
PCDH11Y	-2.25703	-1.89031	-3.35685	-0.0572022	-0.160597	-1.24499	-1.16891
PCDH12	-0.34205	0.552764	3.14697	-0.122415	0.744894	-3.40625	-2.08883
PCDH15	-2.01331	-2.84363	-5.751	-0.203316	-0.831216	-1.6573	-2.01033
PCDH17	-0.288311	-2.24834	-2.40612	-0.323131	-0.770683	-2.7625	-3.41535
PCDH18	1.21436	0.443761	1.85844	0.113725	-0.455765	1.1297	0.729212
PCDH19	3.67134	0.187409	4.04797	0.491666	-0.773958	5.50848	1.88332
PCDH20	4.22993	0.753946	3.76603	0.156829	-0.867314	4.77353	1.39533
PCDH7	-3.23552	-0.128298	-2.62747	0.113778	0.635327	-2.60885	-1.6921
PCDH8	6.71414	2.74535	1.58977	0.116256	-0.43456	5.42207	4.18158
PCDH9	2.52324	2.13444	3.4238				
PCDHA1	0.429523	1.31193	0.077433				
PCDHA11	0.205008	1.48583	0.840716				
PCDHA13			-3.74692				
PCDHA3			0.780859				
PCDHA5	0.932623	1.78481	0.621849				
PCDHA8			-2.9585				
PCDHA9	-0.249653	0.184965	-5.02573				
PCDHAC1			2.86228				
PCDHAC2	4.01062	2.74631	4.48549	0.510746	-0.104689	1.24932	0.820268
PCDHB1			-4.76082				
PCDHB10	4.39838	4.40028	4.40753	0.245438	0.562855	6.07942	5.94637
PCDHB11	1.86488	2.57692	1.9948	0.16781	0.658079	5.10644	5.4398
PCDHB12	1.16171	2.33343	2.31173	0.288511	0.509047	1.01172	1.40337
PCDHB13			0.937281				
PCDHB14	1.21256	2.50229	-0.896568	0.324235	0.404677	1.93367	2.77484
PCDHB15	0.112773	1.48621	1.51411				
PCDHB16	2.17913	2.86286	2.26771	0.00268729	0.752487	0.321074	1.0695
PCDHB17P	3.70747	5.53261	2.70248				
PCDHB18P	2.51531	2.86944	3.51306	0.211723	0.642864	-0.198717	0.562651
PCDHB19P			0.309849				
PCDHB2	2.26769	3.912	0.447546	0.0447781	0.359768	1.54588	2.2517
PCDHB3			1.05927				
PCDHB4	3.67893	3.08847	3.28235				
PCDHB5	-0.40507	0.148432	-1.51967				
PCDHB6	4.36286	5.8693	2.00953	0.214918	0.527781	2.36284	3.01814
PCDHB7			1.70996				
PCDHB8	2.07746	2.64005	2.49272				
PCDHB9	4.14716	5.27035	2.83396	0.161588	0.339408	2.76307	3.08244
PCDHGA1			-2.992				
PCDHGA11	-1.5924	0.390018	-1.24287				
PCDHGA12	-2.41653	-2.99162	-4.8778				
PCDHGA3	-2.5596	-0.949497	-6.68542	-0.360892	0.282956	-0.474673	0.277445
PCDHGA4			0.29067				
PCDHGA5			-3.29362				
PCDHGA6			-2.7448				
PCDHGA7			-4.47443				
PCDHGA8			-3.23935				
PCDHGA9	0.353292	0.127472	-2.63739				
PCDHGB1	-2.46337	-0.335332	-6.30576				
PCDHGB2	-1.69665	0.38497	-1.96212				
PCDHGB3	-1.46676	0.700762	-2.40183				
PCDHGB4	-2.20418	0.137281	-4.14897	-0.319145	0.439377	0.429359	1.45576
PCDHGB5			-1.5164				
PCDHGB6			-2.3713				
PCDHGB7			-4.49812				
PCDHGB8P			-1.0646				
PCDHGC3	-2.91402	-3.55837	-4.21411				
PCDHGC4			-3.76326				
PCDHGC5	-1.34144	-2.42085	-5.6061	0.236107	-0.433764	-1.07319	-1.48259
PCED1A			0.279518				
PCED1B	1.37403	-1.34382	-0.056	-0.0419277	-0.891446	1.39742	-0.699742
PCF11			-5.93498				
PCGF1	0.951945	2.08016	4.78543	0.1075	0.774611	-0.343624	0.297234
PCGF2	-0.818986	1.0039	-5.90433				
PCGF3	1.39536	1.38595	1.92801	0.138616	0.323176	-1.42205	-1.64606
PCGF5	2.72754	5.03305	0.338629				
PCGF6	1.6519	3.23926	0.787236				
PCID2	0.707681	1.80243	0.492755				
PCIF1	-1.58324	-0.91118	-1.03698				
PCK1			-2.80913				
PCK2	-2.66041	-3.37042	-0.953797	-0.0891663	-0.755024	-1.03077	-1.467
PCLAF	0.219139	-0.595689	0.096419	-0.400946	-0.017689	-2.48756	-2.54336
PCLO	1.81266	-0.567966	1.44425	0.280389	-0.662406	0.710979	-0.30377
PCM1	-4.08891	-2.11757	-2.91364				
PCMT1	1.46093	-0.283078	2.77548	0.270139	-0.459953	-0.83885	-1.67316
PCMTD1	-2.93426	-1.35108	-3.64582				
PCMTD2	3.36386	1.43291	-3.031	0.0238009	-0.433072	3.12894	2.77192
PCNA	-4.54581	-0.232489	-0.903442	-0.203325	0.512842	-0.663984	0.122665
PCNP			-2.25881				
PCNT	-0.919752	0.798681	-5.55098	-0.226164	0.675468	-2.25364	-0.744562
PCNX1			-4.25612				
PCNX2	2.86096	3.18109	-1.39927	0.28344	0.753363	1.75815	2.39267
PCNX3			-2.92522				
PCNX4	-0.124103	1.50006	-3.97525	-0.113079	0.344961	2.00278	3.1888
PCOLCE			-1.20758				
PCOLCE2	-4.09688	-4.43711	-9.02374	-0.444068	-0.723287	-4.11957	-4.67799
PCOTH			-1.16312				
PCP2			-3.4196				
PCP4	-1.22545	0.290699	-0.415202	-0.242085	0.618095	-3.39857	-2.20297
PCP4L1	-0.378691	1.25898	2.49513	-0.0849384	0.825938	-0.293319	0.514486
PCSK1	1.91966	2.66587	2.90819	0.0793791	0.883201	3.73924	3.42947
PCSK1N			0.497526				
PCSK2	0.499782	0.639076	0.356861	-0.051114	0.148577	-1.92013	-1.99086
PCSK4			-4.17517				
PCSK5	1.30483	-0.699019	-2.96655	-0.227616	-0.826498	1.32263	0.171924
PCSK6	0.566865	1.096	1.25094	-0.439458	0.334703	-1.72905	-1.14135
PCSK7			-4.45669				
PCSK9			-0.78591				
PCTP	-4.87474	-0.764989	-4.83016	-0.371763	0.519357	-4.08711	-3.14194
PCYOX1			4.20896				
PCYOX1L	3.5074	2.79167	-0.20832				
PCYT1A			-1.79497				
PCYT1B	-2.43742	-3.11115	-4.08998	-0.123914	-0.438407	-3.98504	-4.40002
PCYT2	1.82328	0.988447	5.15601	0.0285772	-0.169955	-0.0955242	-0.523077
PDAP1	-4.36551	-1.78406	-1.11018				
PDC	2.17482	3.61966	2.58316				
PDCD1	-1.63259	-0.716541	0.410238				
PDCD10	0.939528	0.114999	-0.282409				
PDCD11	-1.18921	0.337395	0.98656				
PDCD1LG2			-2.41254				
PDCD2	-0.944916	-2.04515	-0.779192				
PDCD2L	6.11847	0.902298	1.00515				
PDCD4	-0.211148	0.476262	-5.6448	-0.06836	-0.274261	1.5281	1.80617
PDCD5	-5.54844	-5.09515	-4.86208				
PDCD6			1.1866				
PDCD6IP	-0.464186	1.25533	-1.49473	0.00633623	0.7225	-0.430611	0.520018
PDCD7	1.00772	2.20414	-1.69521	0.0880086	0.523903	0.927247	1.85641
PDCL	-2.15627	-0.817501	-2.60875	-0.443257	0.494329	-2.70874	-1.7419
PDCL2			0.63889				
PDCL3	3.00283	4.25047	3.30532	0.18518	0.524724	2.83675	3.17241
PDCL3P4	0.352662	1.94515		-0.0447698	0.62195	-0.0988217	0.654918
PDE10A	2.14393	3.02296	2.57783	-0.0239482	0.529711	2.81964	3.73111
PDE11A	-1.59299	-1.74862	-3.08188	-0.61191	-0.127636	-5.83264	-5.60643
PDE12			-2.73262				
PDE1A	1.21362	-0.582203	-3.53341	-0.0258702	-0.68923	1.57648	0.347313
PDE1B	6.34612	4.61421	3.01745	0.569395	-0.106054	2.71893	2.55208
PDE1C			1.76156				
PDE2A	0.894084	-1.15176	-3.58817	0.146404	-0.90051	0.491257	-0.64277
PDE3A	-2.89818	-3.20619	-2.93356	-0.303851	-0.320851	-1.91354	-2.00444
PDE3B			-0.285784				
PDE4A	0.0932975	1.76255	-1.28642	-0.0872006	0.84802	0.624262	1.42767
PDE4B	-0.488458	1.08177	2.55194	0.0682615	0.327509	1.65301	2.15666
PDE4C	3.58793	1.78146	3.71212	0.457621	-0.407515	3.52452	2.30232
PDE4D	3.22339	3.95513	5.25013	0.137682	0.470622	4.92128	5.98949
PDE4DIP	-1.90798	-3.01947	-2.35852	0.00855978	-0.82647	-0.260789	-0.991498
PDE4DIPP1	-1.37961	0.462603		-0.0970344	0.218583	0.897126	1.69019
PDE5A	-2.29536	-2.98495	-1.24675				
PDE6A			-0.75036				
PDE6B			-1.36645				
PDE6C			3.66503				
PDE6D			-4.12542				
PDE6G			1.39659				
PDE6H	1.57946	0.687947	9.19448				
PDE7A	1.4625	2.24442	-0.219156	0.0831164	0.670978	0.785093	1.48154
PDE7B	1.43022	2.3869	3.43594	0.423539	0.528647	2.4542	3.29905
PDE8A			0.318572				
PDE8B	1.03441	1.82215	0.549431	0.0227442	0.205692	1.53983	1.97673
PDE9A	-7.97647	-4.94908	-6.65317				
PDGFA	0.537456	-0.319748	1.42023				
PDGFB	4.05	0.181658	-1.63812	0.185772	-0.735101	1.45268	0.271133
PDGFC	2.91391	-0.513075	-0.799879	0.0384128	-0.816533	4.16095	1.77036
PDGFD	1.33548	0.334677	-0.216769	0.299076	-0.0157001	0.404511	0.260129
PDGFRA	-1.04596	-2.10066	-3.90265	-0.19106	-0.671929	-2.60965	-2.8591
PDGFRB	-1.64576	-1.3394	-1.25659				
PDGFRL	-1.07865	-1.91197	0.051206	-0.279661	-0.563746	-1.22919	-2.06865
PDHA1	3.02457	2.07097	0.048668				
PDHA2			-0.026805				
PDHB	1.06991	-0.710118	1.66164	0.092027	-0.418644	-1.38147	-2.35243
PDHX	0.551342	0.231603	1.9141				
PDIA2	3.88659	3.87994	2.99969				
PDIA3	-3.36495	-3.97836	-6.86538				
PDIA3P1	-2.08875	-3.92198	-6.30973	-0.0420552	-0.567386	-2.71974	-3.25163
PDIA4			-3.05668				
PDIA5	0.842581	2.3565	1.7422	0.345767	0.610025	1.64716	2.52698
PDIA6	-1.80976	-0.952506	-3.59798				
PDIK1L	2.8549	4.13817	2.54096				
PDILT			-1.98278				
PDK1	-0.637154	0.355813	-0.237228	0.160074	0.320624	1.41727	2.07773
PDK2	4.14952	0.0422927	1.72349	0.20718	-0.794625	1.16606	-0.414057
PDK3	3.86759	3.28263	3.94028	0.452382	0.0195008	1.96936	1.81468
PDK4			1.14597				
PDLIM1			4.82054				
PDLIM2	0.430311	0.0407832	-0.752777	-0.299721	0.293116	-1.42909	-1.16218
PDLIM3	0.24276	-1.12067	-2.50595	-0.337897	-0.691531	2.07867	1.25277
PDLIM4	-3.86263	-4.29551	-3.12727				
PDLIM5	-0.16196	-1.62005	-5.77056	-0.16685	-0.754424	1.07706	0.162527
PDLIM7	1.82974	1.34944	2.08964	0.0549816	-0.0328468	0.975932	0.664974
PDP1	1.86708	2.53364	-0.102179	0.405922	0.748425	2.36234	2.81705
PDP2	-1.24699	1.08336	2.82185	0.0421052	0.816704	-1.57355	0.0488971
PDPK1	-0.728888	-1.93258	-0.885742	0.340164	-0.239044	-2.14687	-2.63074
PDPN	-2.76277	-2.10256	-1.33151	-0.500387	0.451326	-2.26453	-1.20797
PDPR	-2.30083	0.270866	-1.65882				
PDRG1	1.61118	-0.00883963	0.063918	-0.0582834	-0.620011	-2.08292	-2.97608
PDS5A	3.11712	-0.323044	-0.125807	0.151001	-0.707591	1.81321	0.722307
PDS5B	-0.645943	1.54818	1.8109	0.049694	0.688884	1.51946	2.53221
PDSS1	0.105367	1.89482	0.338843	0.090757	0.703049	2.766	3.17554
PDSS2			-1.49353				
PDX1			0.969971				
PDXDC1			-1.82579				
PDXDC2			-3.69519				
PDXDC2P-NPIPB14P	0.610384	1.74886					
PDXK			-2.71149				
PDXP	2.73327	-0.569417	1.8532				
PDYN	-1.80445	-2.58449	-9.92395	-0.100506	-0.684499	-0.742301	-1.13807
PDZD11	-0.553482	-1.5774	-1.06586				
PDZD2	4.76127	1.68712	4.38062	0.649279	-0.205784	2.73538	2.17134
PDZD3			0.570114				
PDZD4			-0.50696				
PDZD7	-0.529341	0.219961	-2.08212	-0.0265875	0.55129	-3.14942	-2.42043
PDZD8	-3.07407	-0.214345	-2.40184	-0.358457	0.72895	-4.37764	-1.59704
PDZK1			-2.38729				
PDZK1IP1			-3.24892				
PDZK1P1			2.09011				
PDZRN3	1.75858	1.92113	2.07957	0.548674	-0.0788078	4.52519	4.27241
PDZRN4	1.80578	2.11219	3.52996	0.239448	-0.362236	2.90765	2.58788
PEA15	0.641327	-1.58495	-6.42607	0.0176141	-0.959907	1.11751	-0.574783
PEAR1			0.493296				
PEBP1			-1.85164				
PEBP4	1.32606	1.18123	5.97569	-0.000530597	0.0417215	-0.381999	-0.742759
PECAM1	-1.5121	-1.84279	-2.99036	-0.360753	-0.0504296	-1.97132	-2.27766
PECR	-1.48105	1.16502	0.632525	-0.22335	0.783105	-3.28959	-1.08438
PEF1			3.00936				
PEG10	-4.04486	-5.13471	-6.9166	-0.37682	-0.778492	-5.08855	-4.99418
PEG3	0.612564	1.82871		0.1286	0.625231	0.531172	1.4792
PEG3-AS1	1.4845	2.1966	0.153663				
PELI1	0.36287	-1.56069	-5.17935	-0.0174829	-0.732907	0.707776	-0.244528
PELI2	-3.99773	-3.61639	-3.18892	-0.424106	-0.169614	-0.68723	-0.613355
PELI3	1.45076	2.48029	5.18073	0.200605	0.881181	-0.0201355	0.782149
PELO			1.93496				
PELP1			-0.625811				
PEMT	0.609372	-0.496458	0.562387	-0.0859901	-0.306694	-0.338751	-0.868947
PENK	-2.8259	0.311283	-3.2137	-0.0687342	0.608889	-1.50622	-0.37286
PEPD	-0.574639	0.646782	-0.203146	-0.217011	0.645352	-2.12409	-1.10941
PER1	1.62865	2.73883	1.8312	0.196979	0.483776	4.82571	6.01328
PER2	4.51932	5.21546	0.991237	0.320783	0.279314	8.42285	9.71321
PER3	0.342561	1.51072	-0.022359	-0.152412	0.139195	2.91022	3.76181
PERM1	3.13883	0.967275	-4.77773	0.0712844	-0.61526	2.05979	1.20536
PERP	-2.40677	-1.95322	-3.09319	-0.488339	0.167712	-1.07065	-0.81466
PES1	-0.273509	0.915992	-1.5543				
PET100	0.885693	-1.29201	-0.450699	0.181156	-0.606735	-0.0920919	-0.925881
PEX1	-0.358659	0.601058	-2.55099	0.0430385	0.101744	0.0982866	0.547057
PEX10	0.204822	-1.52009	-3.25691	-0.019383	-0.731039	-0.331025	-1.34977
PEX11A			-1.05844				
PEX11B			6.27593				
PEX11G	0.650005	-0.786433	-0.850718				
PEX12	1.72684	2.46256	4.87092	-0.00975418	0.229195	0.97536	1.32213
PEX13			-1.11534				
PEX14	3.1503	3.72762	1.14521				
PEX16			-3.00451				
PEX19	0.963649	-1.19868	-1.06017	-0.0803125	-0.876043	0.439303	-0.91664
PEX2	-2.31757	-2.78156	-2.9592	-0.212306	-0.313369	-0.0122997	-0.432596
PEX26	-1.4509	-1.63809	-3.47136	-0.242314	0.0226186	-1.31523	-1.30703
PEX3			-0.142353				
PEX5			3.98215				
PEX5L	1.80753	2.40538	4.1301	0.103089	0.517404	-0.149412	0.0639633
PEX6	2.16385	2.91488	2.987	0.164889	0.468976	1.91391	2.86493
PEX7			0.229013				
PF4			4.28072				
PF4V1			-1.48862				
PFAS	1.92684	3.12608	0.800604				
PFDN1	1.26651	1.7084	-0.432256	0.113451	0.441336	-0.190104	-0.00941022
PFDN2	1.25196	0.0826358	-3.85548				
PFDN4			-1.06512				
PFDN5	-0.677354	-1.71553	-2.9519				
PFDN6	-2.94385	-4.25438	-2.76682				
PFKFB1			2.51137				
PFKFB2	1.45027	2.54787	3.24987	0.0897734	0.678339	2.93515	3.30373
PFKFB3	-0.671004	-1.5821	-1.59999				
PFKFB4			-0.920142				
PFKL	-0.169929	-1.98154	-2.72893	-0.0802758	-0.566989	-1.45685	-1.95842
PFKM	1.22326	1.68833	-0.262825				
PFKP	0.43803	1.24577	-1.83556	-0.0425839	0.288688	-0.523175	-0.297482
PFN1	0.223422	0.932533	5.05818	0.142192	0.550782	-1.27516	-0.955303
PFN1P2	-3.05851	-1.11673	-0.231356				
PFN2	3.6447	0.930445	0.629368				
PFN3			0.340645				
PFN4	0.553916	1.65926	-0.750061				
PGA3			-4.4559				
PGAM1			1.15243				
PGAM1P5	0.680074	-0.348364	-0.227303				
PGAM1P8			-0.921158				
PGAM2			-1.44461				
PGAM4	0.659202	-0.590428	-2.05051				
PGAM5	2.88641	0.785643	5.81393	0.320292	-0.451228	1.6748	0.570114
PGAP1	0.186727	-1.26425	-6.99269	-0.149769	-0.864803	0.861348	-0.187523
PGAP2			-3.22434				
PGAP3	1.50108	1.68035	-0.817749	0.145464	-0.469681	1.74228	1.32111
PGBD1	1.25898	2.42278	-1.22516				
PGBD2	2.0317	3.18409	0.689442	0.110174	0.266579	2.52138	3.34203
PGBD3			2.85008				
PGBD4	1.03696	1.96624	4.916	0.114376	0.680072	-1.72891	-1.09906
PGBD5	-0.448827	-1.21424	0.18774	0.2925	-0.414274	0.952688	0.320103
PGC	2.85639	3.1621	1.00603	0.280956	0.6675	2.59792	3.55327
PGD	-0.198042	0.198727	0.875683				
PGDS			0.322311				
PGF			0.767606				
PGGHG	-0.712661	-1.62618	1.20851				
PGGT1B			-3.58264				
PGK1	1.27837	1.9379	3.08804				
PGK2			0.743766				
PGLS	-3.1504	-3.83434	-4.13915				
PGLYRP1			1.09722				
PGLYRP2			2.03858				
PGLYRP3			-3.04672				
PGLYRP4			-0.478403				
PGM1	0.552747	-0.886764	-2.15019				
PGM2			-2.92584				
PGM2L1	1.99861	-0.297309	-0.894221	0.136293	-0.850047	2.39803	0.480502
PGM3	-1.8558	-0.106893	-1.69469	-0.380332	0.408535	0.308603	0.996683
PGM5			0.001425				
PGP	1.25042	1.92716	3.60057	0.249867	0.575684	-0.975823	-0.595802
PGPEP1	-3.11554	-4.13249	-5.06617				
PGR			1.6886				
PGRMC1	1.13014	-1.27089	-3.8531	-0.0035579	-0.84197	1.12382	-0.324029
PGRMC2	6.01254	3.03875	0.729958	0.208474	-0.228006	3.85794	3.63212
PGS1			2.73593				
PHACTR1	-2.28237	-1.54506	-1.652				
PHACTR2	-7.33092	-3.9222	-5.62401	-0.554581	-0.06193	-2.98224	-3.11695
PHACTR3	1.11334	-0.494648	-1.04256	0.148103	-0.651107	3.52251	1.98684
PHACTR4	-3.30213	-0.982113	-2.88984				
PHAX	-1.24117	0.940506	-0.706243	0.0569759	0.543103	0.812646	1.57115
PHB	0.0556533	-1.05886	-0.867753				
PHB2			1.4725				
PHC1			-2.89887				
PHC2	-1.86381	0.748316	-3.16913	-0.0926989	0.448678	-0.77043	-0.160145
PHC3	-0.82373	0.0411402	-4.08905				
PHEX			-5.39956				
PHF1			-1.96354				
PHF10	-0.917012	-2.13564	-1.97817				
PHF11			-2.0976				
PHF12	-2.95038	0.0331674	-0.467842				
PHF13	3.01406	0.353282	0.787621	0.294249	-0.726838	1.5468	0.520484
PHF14	-1.93591	-0.926326	-2.02603	0.346035	-0.553919	1.95442	1.26326
PHF19	-0.783066	0.147112	0.847614	0.0177387	0.214407	0.820245	1.35492
PHF2	-1.12449	-0.167519	-4.82676				
PHF20			-1.63489				
PHF20L1	4.2224	0.304271	4.46045	0.432285	-0.656416	3.48296	1.47106
PHF21A			-4.1055				
PHF21B	-3.48551	-2.8405	-3.80302				
PHF23	1.50965	1.3035	4.34173	0.139149	0.205296	-0.31861	-0.489826
PHF24	3.36986	0.627887		0.416531	-0.526721	0.501638	-0.675251
PHF3			-3.364				
PHF5A	-0.810316	0.168162	-3.48635				
PHF6	1.62823	2.30988	-0.085856				
PHF7			1.71383				
PHF8	0.187191	1.97509	-2.34795	-0.0960969	0.532221	1.3263	1.89901
PHGDH	-3.04042	-3.44762	-3.10889	-0.465719	-0.416694	-0.0367423	-0.274862
PHGR1	0.0185633	-1.29816					
PHIP	0.00130393	1.03257	-3.63237	-0.0932687	0.119845	2.04849	3.09433
PHKA1	-4.83946	-4.0675	-2.66773				
PHKA2	-1.9632	0.951897	-2.79391	-0.259951	0.702896	-0.235586	0.962405
PHKB	1.85484	1.93838	1.85616	0.0598661	0.118868	0.49626	0.579632
PHKG1			-3.05799				
PHKG2	2.35614	2.93982	7.76553	0.245602	0.56146	0.27678	0.810087
PHLDA1			0.159222				
PHLDA2	4.18635	3.51431	8.30276	0.550687	0.354657	2.1931	2.39489
PHLDA3	0.316903	0.914344	2.021	-0.16143	0.334925	-1.55172	-1.40912
PHLDB1			-0.988328				
PHLDB2	1.53471	2.39521	1.26759	-0.220474	0.514428	1.29016	1.79543
PHLDB3	-1.29192	-2.65375	-4.69789	-0.356984	-0.552444	-2.43503	-3.34486
PHLPP1			0.780598				
PHLPP2	7.25415	4.0484	0.728715	0.470119	-0.525767	3.99866	2.3455
PHOSPHO1			-1.39286				
PHOSPHO2			-2.26427	0.199125	-0.505136	2.67388	1.52294
PHOX2A			-3.71928				
PHOX2B			1.87432				
PHPT1	1.22403	-1.33069	-2.9309	0.0869261	-0.860855	2.02596	0.163308
PHRF1	-1.17217	0.452366	-2.3906				
PHTF1	-1.37846	0.77586	-3.84541				
PHTF2			-3.13885				
PHYH	-0.344159	1.5863	2.05784	0.115715	0.911942	1.51264	1.78293
PHYHD1	-1.87089	-2.61801	-7.24092				
PHYHIP	3.0158	3.27874	2.33989	0.627937	-0.024407	0.537833	0.456586
PHYHIPL	2.33756	2.59613		0.440139	0.198678	1.60702	1.83191
PHYKPL			-2.12382				
PI15			-1.55324				
PI16	-0.170414	-0.196964	0.964259	-0.472744	-0.248148	-1.7896	-1.93312
PI1KAP2			0.480405				
PI3			1.62449				
PI4K2A	-5.75161	-0.227851	-1.51822	-0.161138	0.782015	-3.66631	-1.64394
PI4K2B	-2.22293	-3.27794	-5.70501				
PI4KA	4.63354	3.27585	3.79307	0.43752	-0.557192	3.0579	1.61595
PI4KB			1.02775				
PIANP	1.87925	-0.95816	-2.85881	0.184368	-0.735488	1.21117	-0.118784
PIAS1	1.4103	1.98382	-1.5258	0.260691	-0.122087	1.75385	1.67344
PIAS2	0.951809	2.02289	-2.9355	0.0368185	0.649566	2.20677	3.08946
PIAS3	3.00112	1.61125	0.371454	-0.0144538	-0.546166	3.33509	2.32724
PIAS4			1.05757				
PIBF1	-0.405426	1.3729	0.157568				
PICALM			-0.3993				
PICK1	2.87576	3.08842	7.75279	0.232402	0.287304	1.32824	1.52085
PICSAR			-1.5522				
PID1	2.40513	-1.1798	-2.58583	0.106421	-0.934143	0.994461	-0.785868
PIDD1	3.09933	3.20566	2.49033	0.0661686	0.546995	3.78297	4.54885
PIEZO1	-1.27514	-2.42973	-0.137988				
PIEZO2	0.694636	0.96929					
PIF1	-0.560206	1.17811	0.220668	-0.135225	0.872482	-1.79572	-0.319087
PIFO	-1.31936	-2.02772		-0.251819	-0.656719	-1.17576	-1.62335
PIGA			1.78484				
PIGB			-3.2867				
PIGC	-1.68382	0.503963	-5.19792	-0.0281839	0.581162	-1.65746	-0.771417
PIGF	-1.00548	-2.13885	-0.990854	-0.23072	-0.656428	-1.37958	-1.98555
PIGG			-1.40753				
PIGH			1.35728				
PIGK	0.552036	1.69658	-0.598839	0.0502883	0.494339	0.172884	0.872762
PIGL	-1.62506	0.928316	-4.25227	-0.0370364	0.662856	-0.0705525	0.987364
PIGM			-1.64593				
PIGN	-0.93594	0.707364	0.953514				
PIGO			-1.6903				
PIGP	-1.12931	-2.20818	-0.993281				
PIGQ	4.4516	2.70077	3.01576	0.248974	-0.531062	2.25788	1.50211
PIGR			-2.07575				
PIGS			-2.62475				
PIGT			-1.8803				
PIGU	-1.41595	0.582654	0.442612				
PIGV	2.75492	0.115744	1.12018				
PIGW	0.369321	1.53162	4.98007				
PIGX	-1.78758	-0.341107	-0.36667				
PIGY			-4.00856				
PIGZ			-2.828				
PIH1D1			2.26317				
PIH1D2			-3.22519				
PIH2			-2.20765				
PIK3AP1	-3.67334	-4.30787	-7.76877				
PIK3C2A	-1.17503	-1.32103	-2.1524				
PIK3C2B			0.452561				
PIK3C2G			-2.384				
PIK3C3	-1.32927	1.21	0.746157				
PIK3CA	-0.0170486	1.78666	1.64517	0.0368782	0.837652	-0.328004	0.977621
PIK3CB	0.233955	1.71864	0.721076	0.0455214	0.878642	-0.540922	0.683666
PIK3CD	2.94367	-0.013908	4.26314	0.379827	-0.336063	2.99711	2.10895
PIK3CG	-0.275635	-1.64758	-0.605823	-0.317367	-0.420564	-3.38726	-4.81848
PIK3IP1	-2.2546	-1.81452	-3.61788				
PIK3R1	7.22852	5.76399	5.98337	0.710253	0.282895	9.78854	10.1288
PIK3R2	-2.05163	-2.32401	-4.48503				
PIK3R3			-0.86834				
PIK3R4	3.23377	3.59099	2.58416				
PIK3R5			-5.09051				
PIK3R6			-3.46667				
PIKFYVE	-0.708625	1.44003	-1.90128	-0.104425	0.714896	0.270863	1.48834
PILRA	0.994436	2.07315	-1.78431	0.105341	0.44209	2.84868	3.77669
PILRB			-2.38656				
PIM1	-0.0319325	1.57935	1.46669	-0.0421987	0.806077	-0.270516	0.822879
PIM2	4.2919	0.063013	-1.1203	0.143871	-0.832595	1.24738	-0.236629
PIM3	0.194462	1.49601	2.05949	-0.0666331	0.819517	-1.17519	-0.135847
PIN1	1.88485	0.109468	4.2892				
PIN1P1	2.10511	0.402327	4.21986				
PIN4	-1.06425	-2.09175	-1.19538				
PIN4P1	-0.419869	1.37943	-2.67256	-0.173511	0.646767	0.347192	1.09295
PINK1	1.19874	0.824734	2.35467	0.258509	0.000781684	-0.415375	-0.966625
PINLYP	-1.55896	-2.32147		-0.172974	-0.838876	-0.972527	-1.46556
PINX1	-2.07303	1.01133	0.640582	0.0101766	0.755928	-1.29337	0.0666838
PIP			-2.88501				
PIP4K2A	-1.45724	-0.890958	0.572233	-0.444392	0.408109	-4.11313	-2.75173
PIP4K2B	2.62117	1.04799	-3.20164	0.401506	-0.330066	4.21248	3.48984
PIP4K2C	3.47216	3.32811	4.70028				
PIP4P1	7.07156	3.84822	3.58649				
PIP4P2	1.27334	2.39763	2.51237	0.136361	0.693286	0.278749	0.743416
PIP5K1A			-4.33225				
PIP5K1B	3.59577	4.63341	6.28249	0.367865	0.577629	2.05578	2.75614
PIP5K1C	-0.9098	0.380803	0.532283	0.200938	0.571332	-0.708652	-0.292641
PIP5K1P1			0.521334				
PIP5KL1	-5.15724	-0.9045	-0.923138	-0.196864	0.747525	-2.94744	-1.28323
PIPOX			-2.80229				
PIPSL	-0.168498	-1.65805		-0.192577	-0.545396	0.242621	-0.536041
PIR	-2.48495	-3.37645	-2.44214	-0.537864	-0.228137	-2.20688	-2.57016
PIRT	-2.06196	-3.22674	-2.80064	-0.519621	-0.606015	-3.05363	-4.05746
PISD			1.48977				
PITHD1	3.58455	1.06401	-0.765015				
PITPNA	1.12887	1.61224	2.05768	0.0358281	0.406861	0.162384	0.35921
PITPNB	2.95946	0.603136	4.63381				
PITPNC1	-0.14261	0.390968	-0.63086	-0.19718	0.0598769	2.23659	2.48229
PITPNM1			-2.42845				
PITPNM2	2.57892	-0.0383461	-1.09106	0.293864	-0.728547	2.6303	1.01413
PITPNM3			0.587266				
PITRM1	-1.92606	-0.566802	-0.637901				
PITX1			-0.323261				
PITX2			-2.13324				
PITX3			-0.127786				
PIWIL1			-1.64787				
PIWIL2			-4.10585				
PIWIL3			-0.786282				
PIWIL4	-0.503825	-0.899356	-4.82841	-0.0396436	-0.347224	1.20952	1.31245
PJA1	3.66252	0.158013	-3.05661	0.0490117	-0.592898	-0.478883	-0.875103
PJA2			2.09761				
PJVK	1.0864	2.22796	2.55378	0.0484451	0.675539	1.33852	1.86594
PK4P			-3.30486				
PKD1	1.30419	2.12323	-0.612504	0.135645	0.743936	1.00673	1.65708
PKD1L1			-4.70183				
PKD1L2			1.02967				
PKD1L3			-2.4031				
PKD1P1			-5.56018				
PKD1P6-NPIPP1	-4.20793	-2.78408					
PKD2			-2.36174	-0.201971	0.663122	0.740093	1.55708
PKD2L1	7.08768	2.64413	6.04146	0.728938	-0.33922	9.27307	7.00146
PKD2L2	0.744748	2.02187	-5.06232				
PKDCC	4.93597	4.83267	8.10247	0.410139	0.459566	3.4364	3.88103
PKDREJ			-0.426757				
PKHD1			-2.5472				
PKHD1L1			-0.62195				
PKIA	2.50578	-0.872149	-2.31863	0.112894	-0.961252	2.84032	0.189413
PKIB	2.4058	-0.307253	3.11722	0.351899	-0.690442	3.00197	1.15349
PKIG	2.88622	0.33432	1.37406	0.434216	-0.502361	3.40291	1.9865
PKLR			0.223582				
PKM	1.07277	1.58587	1.65604	0.133251	0.520999	0.561249	0.871621
PKMYT1	-4.45572	-3.39551	-1.24997				
PKN1	0.0525145	-0.863929	-3.40527				
PKN2	-2.39224	-0.948295	-4.27944				
PKN3			1.35223				
PKNOX1	-0.584147	-1.31687	-4.70148	-0.0822311	-0.707458	-0.194282	-0.587223
PKNOX2	3.67977	3.80474	5.46755	0.392127	0.731381	8.72112	7.39748
PKP1			-1.83212				
PKP2	-0.146689	-0.0684287	-0.031848	0.148524	0.259145	-0.0647219	0.260116
PKP3	7.83018	3.47517	9.17158	0.515056	-0.355608	5.24809	3.71908
PLA1A			0.641518	-0.18376	-0.069716	-2.68876	-2.75604
PLA2G10			0.682817				
PLA2G12A			-1.73388				
PLA2G12B			1.62225				
PLA2G15			-3.51522				
PLA2G16			0.285466				
PLA2G1B			-1.61062				
PLA2G2A			-0.832429				
PLA2G2C			2.88988				
PLA2G2D			-0.788743				
PLA2G2E			-1.95522				
PLA2G2F			2.31921				
PLA2G3			-1.15985				
PLA2G4A	0.166704	0.511238	4.6937	0.217525	0.165075	-1.82904	-2.10347
PLA2G4C	2.60758	2.4655	2.46904				
PLA2G4D			-2.54124				
PLA2G4E			-1.34119				
PLA2G4F			-4.50984				
PLA2G5	-1.0623	-0.651688	1.7215				
PLA2G6	-0.859677	0.087944	1.97555				
PLA2G7	-0.305871	-1.3994	-2.35145	-0.214343	-0.256438	-2.82744	-4.04882
PLA2R1	-4.91844	0.265456	-2.01363	-0.191947	0.861488	-2.38429	-0.151339
PLAA	-0.603922	0.186362	-4.22328				
PLAC1			-1.08857				
PLAC1L			0.715007				
PLAC4			-1.81551				
PLAC8			3.13186				
PLAC8L1			2.40715				
PLAC9	0.00200388	-1.73627	-1.66836	-0.135923	-0.840675	1.04697	-0.4311
PLAC9P1	-1.1001	-2.21037		-0.212955	-0.659045	-0.0347333	-0.914089
PLAG1	4.942	5.17979	6.49029	0.128995	0.349207	4.45963	4.85109
PLAGL1	-3.16403	0.875619	-4.08175	-0.267812	0.73717	0.307696	1.31358
PLAGL2	0.427738	1.87361	2.30433	0.259607	0.592044	4.10812	4.42093
PLAT	-2.31712	-0.880894	-2.07304	-0.295477	0.57875	-1.62828	-0.786073
PLAU	-2.65759	-1.55456	-3.25889	-0.0535523	0.476938	0.173018	1.05515
PLAUR	-5.93493	-2.05106	-3.27978				
PLB1	0.188095	-1.46562	-6.2987	-0.0200417	-0.796915	-0.315835	-0.974474
PLBD1	-0.903489	-0.796104	-0.967711	-0.517603	-0.0419404	-1.58211	-1.61399
PLBD2	-1.18875	-0.000453926	-2.28154				
PLCB1	0.32411	1.72467	6.81616	0.255447	0.835708	0.256788	0.972629
PLCB2	-0.273567	-1.82962	-5.52772	-0.0649802	-0.869224	-1.8122	-2.04344
PLCB3			1.90676				
PLCB4	0.360229	1.4122	3.39977	0.0389956	0.759712	-1.03133	-0.223334
PLCD1	-4.89969	-3.98157	-4.4779				
PLCD3	-2.83628	-2.42517	-4.95336	-0.363457	-0.596634	-0.844247	-1.1113
PLCD4	-1.80065	-0.0351643	-1.45274	-0.166868	0.790621	-3.4077	-2.13488
PLCE1	-2.05988	-2.97003	-5.18597	-0.44108	-0.331356	-3.09755	-3.97398
PLCG1	0.0418976	1.13154	1.45097				
PLCG2	-5.63449	-5.98885	-2.18012	-0.363559	-0.494905	-4.04087	-4.57083
PLCH1	0.858389	-0.40938	1.18933	-0.302174	-0.390387	0.0631004	-0.630476
PLCH2	1.90457	1.14913	1.95905	0.264023	-0.437496	2.74488	2.32631
PLCL1	-0.127407	1.48805	2.77879	-0.268811	0.589091	0.0124528	0.736491
PLCL2			3.42104				
PLCXD1	-2.22052	0.715975	-0.07728	-0.0280783	0.794295	-0.690332	0.640609
PLCXD2	-6.06837	-2.74482	-6.33496				
PLCXD3	1.2982	0.983745	-3.55281	0.213804	0.0867591	2.31624	2.87001
PLCZ1			-5.69061				
PLD1	-1.36156	0.0314482	0.370993				
PLD2			0.36491				
PLD3	1.52581	-0.263988	2.60756				
PLD4	-2.05975	-2.71257	-1.0816				
PLD5			2.49988				
PLD6	0.879015	-0.909627	-5.42279	0.0428353	-0.839499	1.2087	0.103168
PLEC	-1.77284	-0.682513	0.576057				
PLEK	-3.21342	-4.3832	-0.115482				
PLEK2			-2.51058				
PLEKHA1	5.53693	5.56323	5.10055	0.364914	0.549405	4.77242	5.29531
PLEKHA2	-1.81274	-2.9779	-1.4999				
PLEKHA3	0.294455	-0.342815	-0.641947				
PLEKHA4	-4.37064	-5.06917	-4.91518	-0.605942	-0.479265	-3.31376	-3.95675
PLEKHA5	0.912059	2.21827	2.12789	0.441654	0.451467	3.54758	4.48604
PLEKHA6	2.58938	3.11835	1.85869	0.218054	0.712653	4.58037	4.29398
PLEKHA7	-1.33489	-2.06408	-2.83404	-0.421201	-0.353433	0.917561	0.705916
PLEKHA8	-5.27636	-0.808505	-0.064787	-0.194924	0.630345	-3.33422	-2.09358
PLEKHA8P1			0.883911				
PLEKHB1	-3.09681	-4.07632	-2.46231				
PLEKHB2			0.906678				
PLEKHF1	-0.889775	1.20664	0.265546	-0.164275	0.609977	-0.216124	0.562836
PLEKHF2	-0.745935	-1.32155	0.146192	0.0681564	-0.385953	2.37401	2.22982
PLEKHG1	-0.33274	1.90206	-0.86032	-0.0644947	0.421378	3.18841	3.9442
PLEKHG2			-1.0514				
PLEKHG3			-0.037417				
PLEKHG4			-1.20219	-0.526187	0.153621	-3.7493	-3.10619
PLEKHG4B	-3.43993	-4.26715	-3.31645				
PLEKHG5	6.16121	5.53565	6.14649				
PLEKHG6			1.5363				
PLEKHG7			2.40686				
PLEKHH1			1.32454				
PLEKHH2	-3.26794	-3.06997	-2.29598	-0.529731	-0.294494	-3.04894	-3.99984
PLEKHH3	-0.262536	1.93231	0.141621	-0.0344885	0.873671	3.3443	2.96974
PLEKHJ1			2.14257				
PLEKHM1	-2.09368	0.397008	-6.12254	-0.188323	0.571875	-0.211249	0.440013
PLEKHM1P1	-4.05702	-0.403101					
PLEKHM2	-1.61873	0.676962	-0.328476	0.179797	0.795555	0.0437548	1.10952
PLEKHM3	4.54917	5.63792	1.61191				
PLEKHN1			-1.62119				
PLEKHO1	1.04399	2.52574	-1.27319	0.19185	0.610118	2.23791	3.02538
PLEKHO2	-2.25029	-2.70076	-3.63506	-0.30555	-0.593214	0.750942	0.189386
PLG	-2.00649	-0.648045	-5.81747				
PLGLA	-0.721759	-0.0783072					
PLGLB1			-0.588269				
PLGLB2			-4.36104				
PLGRKT			-2.40824				
PLIN			-3.24542				
PLIN2	-2.75846	-4.65571	-0.61308				
PLIN3	-2.43373	-1.1107	-0.885397				
PLIN4			-3.04303				
PLIN5	-1.17217	-2.04196		-0.238696	-0.616327	0.48669	-0.0767116
PLK1			-0.589622				
PLK2	0.321217	1.18943	-0.905153	0.149087	-0.206593	1.84888	2.30898
PLK3	-1.16672	0.0792857	-2.76275				
PLK4			-3.63654				
PLK5	-1.84637	-0.667029	-3.39331	0.0124644	0.344233	-0.152468	0.477738
PLLP			-2.02703	-0.322102	0.207222	-2.91845	-2.39324
PLN			-1.71702				
PLOD1			-1.62195				
PLOD2	-2.08904	-1.38043	-2.55662				
PLOD3	0.790653	1.4484	1.42366	-0.337874	0.32118	-1.19238	-0.655272
PLP1	-1.88012	-0.705371	0.436278	-0.450166	0.271839	-4.42057	-3.22677
PLP2	-1.74859	-2.74909	-1.60402				
PLPBP	2.31224	-0.71877	-0.544747	0.181909	-0.645919	1.25574	0.0180226
PLPP1	-1.1146	0.244404	-1.01242	-0.379443	0.355609	-1.9612	-1.45754
PLPP2	-0.204359	0.546726	1.1996	-0.344801	0.282837	-2.59522	-1.81902
PLPP3	-1.16763	-2.05619	-3.52118				
PLPP4	-1.40041	-2.26643	-3.21667	-0.256142	-0.734293	-1.27156	-1.85142
PLPP5	1.70267	0.471322	-0.981108	0.200873	-0.497044	4.46563	3.773
PLPP6	4.94446	3.92707	0.650992				
PLPP7	3.33592	3.93726	6.28963	0.198959	0.645833	2.54162	2.8236
PLPPR1	-2.29101	-2.81284		-0.350714	-0.460665	-2.73454	-3.32629
PLPPR2	0.353967	-1.76259		0.113779	-0.929281	-0.895894	-1.49447
PLPPR3	2.66594	-0.566158		0.0644268	-0.930409	3.2971	0.186593
PLPPR4	-0.170392	-1.76482		0.0854546	-0.918377	0.268726	-0.765426
PLPPR5	-0.397475	-1.4546		0.141831	-0.659196	0.360409	-0.209449
PLRG1			-2.61042				
PLS1	1.09198	2.26593	2.14782	-0.0622872	0.586031	-0.440212	0.424215
PLS3	1.46116	-0.244148	1.69628	0.119862	-0.414795	0.478549	0.199572
PLSCR1	-2.13665	-1.00023	-0.917763	0.00491659	0.340096	0.120198	0.725311
PLSCR2			1.49736				
PLSCR3			-2.91082				
PLSCR4	-0.00818051	-1.37275	-3.98342	-0.145437	-0.747478	2.68698	1.30888
PLSCR5			-1.43669				
PLTP	0.0034403	-1.40178	-3.05416	-0.143814	-0.675477	3.00863	1.8001
PLUNC			-2.72603				
PLVAP			0.417109				
PLXDC1	1.609	2.62836	8.52645	0.193613	0.90145	1.40692	1.80135
PLXDC2	-2.54916	-3.37194	-6.74927	-0.305465	-0.738776	-1.41715	-1.97645
PLXNA1	6.59694	1.69124	6.75629	0.477529	-0.56491	7.22053	4.46984
PLXNA2	0.0799053	1.41386	-1.62229	0.273845	0.548061	1.31511	2.28239
PLXNA3	0.496211	-0.456697	-1.78707	-0.239388	-0.409574	1.93767	1.70642
PLXNA4	-1.16293	0.574909	-2.65364	-0.0104796	0.665621	-2.91096	-1.58046
PLXNB1			-4.83826				
PLXNB2			-1.24286				
PLXNB3			2.05311				
PLXNC1	1.33906	-0.528851	-2.47519	0.138961	-0.819088	2.39847	0.827571
PLXND1	-1.82861	-2.02123	1.44305				
PM20D1			-0.501681				
PM20D2	-0.891526	-0.204467	-6.52124	-0.0300181	-0.208304	0.589614	0.80358
PMAIP1	-1.69734	-0.0449799	-1.25131	-0.230078	0.241029	-2.35295	-1.8089
PMCH			-2.55672				
PMCHL2			-0.534848				
PMEL			1.2865				
PMEPA1	-0.517645	1.0181	-2.00205	-0.275367	0.554713	-1.34304	-0.448919
PMF1	-1.40463	-2.67242	-2.00694	-0.189268	-0.642814	-1.17045	-1.68646
PMFBP1	-4.03002	-1.53355	-1.75144				
PML			1.15793				
PMM1	4.08356	0.0299792	3.49769	0.240606	-0.682846	1.83565	0.227446
PMM2	-7.82493	-1.18818	-2.21787	-0.162214	0.49317	-4.16713	-3.45866
PMP2	-2.57727	-3.4521	-2.06128				
PMP22			0.454445				
PMPCA	0.647855	-0.133136	2.97819				
PMPCB	2.7739	1.80851	3.39268	0.203921	-0.300846	0.888258	0.297885
PMS1			-1.48289				
PMS2			-4.49619				
PMS2L2			-6.49548				
PMS2P1			-7.59271				
PMS2P10			-4.80663				
PMS2P3	-3.3254	-1.7844	-6.0809				
PMS2P4	-3.77644	-2.97751	-5.05746				
PMS2P5	-3.72419	-2.68304	-4.45291				
PMVK	3.24615	-0.508715	0.658149	0.0213021	-0.812071	3.5697	0.814463
PNCK	4.72178	-0.447772	2.7049	0.231259	-0.900583	3.07948	0.309653
PNISR	0.381586	1.67484	-2.7438	0.19385	0.455564	3.37231	4.91944
PNKD	0.389103	1.31245	1.98311	0.0973176	0.817339	-1.2084	-0.365255
PNKP			-0.485554				
PNLDC1	4.63328	5.65876	7.14979	0.468124	0.590141	5.89298	6.96907
PNLIP			0.169206				
PNLIPRP1			0.678553				
PNLIPRP2			-3.06258				
PNLIPRP3			0.049859				
PNMA1			2.21292				
PNMA2	1.34265	1.78783	-1.65389				
PNMA3	4.88047	5.07469	1.84892				
PNMA5	5.59481	5.62905	-1.44886				
PNMA6A			3.44041				
PNMA6E	3.14992	3.89085					
PNMA8A	4.84134	1.26343	-3.83184	0.285182	-0.831555	5.46131	1.88727
PNMA8B	3.45346	2.61871	2.39692	0.221763	-0.214088	0.593451	0.260234
PNMT	1.9744	-0.31548	1.88417	0.270159	-0.877483	3.60533	1.13529
PNN	-2.43675	-1.95875	-4.8944				
PNO1			-1.01287				
PNOC	2.5135	1.52165	3.47576	0.162429	-0.475127	5.21281	3.94693
PNP	-2.05844	-2.70035	-3.91595	-0.474573	-0.583567	-1.5578	-1.96976
PNPLA1	-4.99842	-4.88194	-2.72392				
PNPLA2	0.562785	1.21542	2.01316				
PNPLA3	1.78572	-0.582245	-0.166382	-0.0949004	-0.728438	-0.720593	-1.74619
PNPLA4	-0.488645	-1.54056	-2.79341	0.106797	-0.718542	4.05008	2.02393
PNPLA5			-4.54552				
PNPLA6	2.41729	1.13577	-0.440625				
PNPLA7	3.02701	3.18474	-1.07943				
PNPLA8			-3.40004				
PNPO	-1.24276	0.907628	-1.04867				
PNPT1	-4.43671	-0.728191	-1.19778	-0.27044	0.51487	-1.77041	-0.738765
PNRC1			-3.01199				
PNRC2	2.75682	0.289523	-0.890978	0.151967	-0.562394	1.83627	0.966341
POC1A	2.97183	0.340172	5.79548	0.14839	-0.738345	-0.279984	-1.02706
POC1B			0.551387				
POC5			-1.33569				
PODN			-2.79118				
PODNL1			0.507875				
PODXL			-2.20901	-0.222776	-0.121684	1.10951	1.11412
PODXL2	-1.99114	-0.207197	-1.00406				
POF1B			-0.634551				
POFUT1			1.77517				
POFUT2			-2.78416				
POGK	-1.03051	0.689685	0.148429	-0.213077	0.500743	1.84278	2.61079
POGLUT1	1.78538	2.59293	-0.029113	-0.0315885	0.749661	0.16658	0.940391
POGZ	-0.794016	0.692278	-2.76534	0.0454525	0.259302	2.98358	3.84469
POLA1			-2.31895				
POLA2			4.55686				
POLB	-0.634877	-0.872457	-3.29792	-0.161879	-0.350235	-0.979852	-1.1073
POLD1	-2.29976	-0.593391	-1.62263				
POLD2			-1.75647				
POLD3	3.65885	4.18615	2.97428	0.260701	0.385546	4.05234	4.96851
POLD4	-0.851649	-1.40506	0.553273	0.113527	0.248368	-1.94437	-2.22928
POLDIP2	1.51591	2.38879	1.78399	0.218588	0.520007	0.708629	1.34525
POLDIP3			-1.53064				
POLE			0.355141				
POLE2			1.21555				
POLE3			0.133746				
POLE4	-0.671676	-2.01571	-3.84669	-0.195267	-0.860785	-1.39136	-1.86048
POLG			-1.45395				
POLG2	-0.604745	1.21091	-1.45023				
POLH			-2.66866				
POLI	0.594445	-0.75211	-1.35362				
POLK			-1.78317				
POLL			-0.212001				
POLM			-0.150055				
POLN	2.71857	3.65933	-1.52195				
POLQ			1.67829				
POLR1A	2.94689	3.13528	-2.77081				
POLR1B	-0.132721	1.14904	1.63762				
POLR1C			1.4243				
POLR1D	-0.972809	-2.01515	-3.79426	0.0412656	-0.71203	0.476047	-0.264077
POLR1E			-1.79521				
POLR2A	-4.62327	-4.65548	0.241759				
POLR2B			-1.85031				
POLR2C			-1.53046				
POLR2D			2.3655				
POLR2E	1.13561	0.309887	3.21257				
POLR2F	0.688814	1.45615	-0.683236				
POLR2G	-0.298379	-2.01352	0.08663	-0.169004	-0.810882	-0.684627	-1.56321
POLR2H	1.68615	0.612383	2.74413				
POLR2I	-0.818612	-2.06527	-0.149452	-0.0948444	-0.626229	-4.53077	-4.67298
POLR2J	-2.24191	-3.02072	-4.36021				
POLR2J2			-5.64114				
POLR2J4	-2.82147	-3.5537	-1.65514				
POLR2K	-0.155227	-1.27999					
POLR2L	-0.0888592	-1.9532	-3.38614	0.00574116	-0.879595	-0.737245	-1.56213
POLR3A	0.826061	1.58757	0.377788				
POLR3B	2.45759	2.22552	5.39464	0.356621	0.0917849	-0.504523	-0.875482
POLR3C	2.4602	-0.285103	1.12292	0.230857	-0.493374	1.27554	0.444863
POLR3D	-0.617741	0.465661	4.74319				
POLR3E			-1.09625				
POLR3F			-0.03779				
POLR3G	-0.454546	0.326412	-4.28217	-0.611804	0.170783	-6.64679	-5.26952
POLR3GL	1.24899	-0.714078	-3.03701	0.0184054	-0.768498	2.01052	0.584852
POLR3H	0.692809	-0.591743	-3.46302				
POLR3K	1.87129	-0.324676	3.59973				
POLRMT	0.851227	1.67259	1.22251				
POLS			2.18936				
POM121	-0.819475	0.825823	0.610531				
POM121B			-7.58402				
POM121C			0.396834				
POM121L12			-3.3511				
POM121L1P			-2.67598				
POM121L4P			-1.87643				
POM121L8P			5.9886				
POM121L9P			-1.86282				
POMC	-4.30323	-1.86127	-4.44302	-0.150268	0.626344	-2.32513	-1.23575
POMGNT1			1.96883				
POMGNT2	2.62187	0.982566	2.64478	0.312343	-0.534475	1.07412	0.00744834
POMP	-1.14167	-2.10276	-0.454898				
POMT1	-2.57771	-1.10268	-7.51028	-0.330061	-0.0157018	-0.816768	-0.43391
POMT2	0.366566	1.76314	0.358965				
POMZP3			0.213352				
PON1			-3.55722				
PON2	-0.602053	-1.70693	-3.99075	-0.224126	-0.637744	1.93401	1.24244
PON3	-1.29847	-2.16025	-6.56447	-0.218284	-0.697564	0.682088	0.250106
POP1	1.875	2.67034	-1.22411				
POP4	0.609737	-0.838971	1.83633	0.202235	-0.51465	-0.706064	-1.61918
POP5			-1.31375				
POP7	4.85257	4.12337	4.70998				
POPDC2	-2.29791	-1.13021	-3.63671				
POPDC3	2.05227	2.45212	6.77444	0.269565	0.533016	0.180214	0.435794
POR	1.80757	-0.402793	-3.40048	0.0617728	-0.746792	-0.030081	-0.815277
PORCN			-1.96807				
POSTN	0.335931	1.6003	3.74396	0.141573	0.694897	-0.561405	0.379221
POT1			0.30333				
POTEA			1.29961				
POTEB			-4.29522				
POTEC			-3.26326				
POTED			-5.70599				
POTEE			-5.13947				
POTEF	-1.99708	-3.11545	-0.445822				
POTEH			-1.65531				
POTEI			-5.07649				
POTEKP			0.494441				
POU1F1			-0.078929				
POU2AF1	-0.408891	-0.289545	-0.634672	-0.397945	0.192061	-4.32425	-3.76089
POU2F1	-2.1508	0.0664522	-6.60474				
POU2F2	1.39316	2.38578	-1.344	0.198074	0.51969	3.00476	3.76474
POU2F3			3.15773				
POU3F1	-0.404412	0.953691	-0.289763	-0.393879	0.413802	-1.14258	-0.451071
POU3F2	-2.2267	0.215224	1.67583	-0.0319245	0.722956	0.161996	1.09287
POU3F3	-3.06977	0.167699	-1.95824	-0.392715	0.617371	-2.54351	-0.946024
POU3F4	-4.95263	-0.859628	-1.55383	-0.0944993	0.591736	-1.34158	-0.32937
POU4F1			-1.52588				
POU4F2			-2.18614				
POU4F3			-0.9809				
POU5F1			0.630425				
POU5F1P3	0.126093	0.462001					
POU5F2			0.886088				
POU6F1	1.4231	2.39355	3.09379	0.198547	0.894777	4.26259	3.35849
POU6F2	0.695611	2.13516	5.13552	0.157	0.741903	1.20082	1.83062
PP12613	5.01203	5.30108		0.571322	0.254575	3.86645	4.09739
PP13			-0.36492				
PP2672			-2.94745				
PP7080	2.09185	0.496903		0.178347	-0.482881	2.33191	1.76195
PPA1	-0.853982	0.00268705	-0.108583				
PPA2			-0.613152				
PPAN-P2RY11			2.75747				
PPAPR3			0.218467				
PPAPR5			-4.27234				
PPARA	-1.91875	-2.52865	-2.73125				
PPARD	-5.60515	-0.718417	-3.17297	-0.269978	0.769046	-5.31671	-2.54902
PPARG	2.31119	1.26934	3.28544	0.14407	-0.105553	0.285232	-0.173204
PPARGC1A	0.442199	1.79009	-1.00427	0.0305019	0.884492	0.130798	0.950488
PPARGC1B	4.39854	3.85098	1.64153	0.321685	0.692365	3.6995	3.64308
PPAT	4.5355	2.81316	1.77896	0.462084	-0.451203	4.77413	3.45538
PPBP			-2.44084				
PPBPL2			-0.42706				
PPBPP1			-0.143547				
PPCDC	-0.481685	-0.52948	0.720902				
PPCS	-2.09516	-2.93706	-3.82524	-0.0335316	-0.617359	-1.51192	-1.88321
PPDPF	0.161985	-2.01737	-0.980091	-0.12592	-0.69835	-1.92207	-2.4958
PPEF1	3.45346	0.309367	5.56486	0.0859078	-0.738632	2.38798	0.677288
PPEF2			-1.5766				
PPFIA1	-1.99427	-0.416295	-5.30785				
PPFIA2	1.10279	1.14802	-0.873107	0.21716	-0.396824	3.47686	2.80173
PPFIA3			0.18403				
PPFIA4	-0.0943763	1.18857	-1.11759	0.373722	0.568252	1.42319	2.20908
PPFIBP1	3.56359	3.61061	1.45796	0.172397	0.236239	2.93666	3.43567
PPFIBP2			-0.471661				
PPHLN1	1.34844	-0.838253	-2.51329	0.142233	-0.728677	0.680787	-0.388063
PPIA	-0.554401	-0.912005	-0.583589				
PPIAL4A			-2.23851				
PPIAL4G			0.062673				
PPIAP26			-1.17448				
PPIAP30	0.0234735	-1.00318					
PPIB	-4.41177	-4.62263	-2.62149	-0.239935	-0.56054	-3.02131	-3.2394
PPIC	-2.99162	-1.84208	-2.72408	-0.416752	0.360233	-1.5343	-1.10035
PPID	5.59379	1.30641	7.77327				
PPIE	1.8458	2.61412	3.54785				
PPIEL	4.1532	4.41713	4.51757	0.195954	0.752929	2.45203	3.03194
PPIF	-1.15769	0.181494	-2.05084	-0.229895	0.55436	-1.74704	-1.07206
PPIG	-2.86453	-0.131406	-3.39206				
PPIH	0.476576	-1.19897	-0.263008				
PPIL1			0.158854				
PPIL2	-0.493411	-1.86477	-0.615862	0.0676666	-0.610531	0.318809	-0.324368
PPIL3	-2.37746	1.03981	-1.77335	-0.178044	0.839029	-2.58119	-0.169027
PPIL4	-0.535866	-1.38342	-5.79819				
PPIL6	1.51072	-0.580082	0.07101	0.284302	-0.747413	4.27559	1.70652
PPIP5K1	-0.46732	0.975969	-2.98204	0.00190027	0.304812	-0.39095	0.102623
PPIP5K2	2.28534	3.33093	0.955423	0.0912437	0.659012	1.40376	1.85208
PPL	1.28273	2.68892	1.56391	0.39793	0.444347	1.28627	2.00323
PPM1A	0.854687	1.92121	4.03518	0.154257	0.662111	-0.325646	0.259997
PPM1B	2.24098	3.30957	0.146928	0.250915	0.514041	2.45899	3.08209
PPM1D	-2.37278	0.190215	-0.652648	-0.072932	0.48495	-0.209414	0.806138
PPM1E	-1.82878	-0.626083	-2.33956	-0.202294	0.21495	-2.79254	-2.58248
PPM1F	2.13302	0.847105	-0.917482				
PPM1G			0.34793				
PPM1H	1.0975	2.22048	1.93051	0.278936	0.575386	0.199472	0.924634
PPM1J	-1.14528	-1.21659	-1.35964	0.316594	-0.158273	0.236756	0.101725
PPM1K	2.49418	0.337982	-2.35684				
PPM1L	4.83532	5.38759	1.11163	0.114642	0.585273	1.35374	2.34169
PPM1M	0.658222	-1.28895	-4.79485	0.0339076	-0.939056	1.90897	0.0475939
PPM1N	0.885939	-1.13522	-4.48039	0.0570079	-0.814463	1.48692	0.301822
PPME1	0.543292	1.54383	0.294307	0.176815	0.444078	-1.28291	-0.699007
PPOX			0.318172				
PPP1CA	1.52377	0.158607	1.92901				
PPP1CB	5.07309	6.44452	4.57641	0.351238	0.625356	6.47665	6.80328
PPP1CC	-2.13956	-0.221901	-1.94364	-0.257453	0.423881	0.485697	0.890206
PPP1R10	1.091	2.16173	-1.93197				
PPP1R11	0.970973	-0.192405	-0.059568				
PPP1R12A	7.21254	2.86814	4.74495	0.548444	-0.161153	5.52724	5.15892
PPP1R12B	-0.237632	1.673	-2.68855	0.00914079	0.88512	0.546539	1.331
PPP1R12C			-0.099467				
PPP1R13B			-2.47436				
PPP1R13L	-2.06937	-1.13657	-2.09232				
PPP1R14A	-0.803567	-0.232069	1.11772	-0.39072	0.267792	-3.60886	-2.72663
PPP1R14B	-3.5056	-3.4469	-4.53212	-0.481276	0.190646	-1.78802	-1.68019
PPP1R14C	9.084	3.72774	7.09738	0.699159	-0.25849	5.21528	3.88692
PPP1R14D			0.961808				
PPP1R15A			-0.773121				
PPP1R15B	-1.30728	0.974163	-1.9014	-0.12635	0.659597	-0.914165	0.263845
PPP1R16A	-2.8325	-2.78925	-6.63366	-0.35491	-0.161042	0.371282	0.458425
PPP1R16B	-5.03063	-0.0689659	-4.96859	-0.0544574	0.705786	-1.86045	-0.43214
PPP1R17	-0.144015	-0.996392	-2.28931	-0.33409	-0.562045	-2.3315	-3.76528
PPP1R18	-4.3573	-4.63805	-2.56744	-0.468814	-0.479971	-2.51963	-3.22179
PPP1R1A	-1.81315	-3.39349	-4.14608	0.084091	-0.811514	-2.48561	-2.98938
PPP1R1B	0.472826	-0.959276	-2.63305	0.22468	-0.435872	2.01531	1.15368
PPP1R1C	-1.42534	-1.8712	-3.76719				
PPP1R2			-0.174997				
PPP1R21	1.58911	0.280079	2.49524				
PPP1R26	0.272584	-0.730531	-2.35135	0.0354024	-0.639984	1.68267	0.765697
PPP1R2P3			-2.13731				
PPP1R2P9			0.631165				
PPP1R32	3.44354	-0.864888		0.145774	-0.799186	0.663747	-0.674975
PPP1R35	-0.239273	1.12103	-3.32397				
PPP1R37	-2.39692	-3.12468	-3.28206	-0.140071	-0.34177	-2.75871	-3.11841
PPP1R3A			-0.840985				
PPP1R3B	-0.848493	0.0326612	-0.361641	-0.324885	0.601199	-1.85169	-0.98537
PPP1R3C			-2.00511				
PPP1R3D	-4.55156	-2.32833	-3.05392	-0.388148	0.629427	-1.98718	-0.908389
PPP1R3E	2.49171	3.29987	0.846426	0.042987	0.651054	2.73238	3.09406
PPP1R3F	1.16165	2.37939	-1.36273				
PPP1R3G	0.298241	-0.974152	-2.62079				
PPP1R42	-1.19314	-1.74034	-8.0632	-0.176538	-0.613791	0.234697	-0.0929236
PPP1R7			0.171246				
PPP1R8	-0.175374	-0.863268	-6.68561	-0.22532	-0.39354	1.47966	1.46461
PPP1R9A	1.11007	1.70197	-1.18409				
PPP1R9B	-0.359199	-1.38748	-1.45302	0.129371	-0.530621	1.34689	0.373486
PPP2CA	1.46267	1.6578	1.97188				
PPP2CB	-1.35581	-2.29086	-4.85211	-0.0867267	-0.470922	-0.825688	-1.4356
PPP2R1A			0.982929				
PPP2R1B	-0.477853	-0.453107	-1.13983	-0.614836	-0.180336	-1.28675	-1.41494
PPP2R2A	3.46269	3.85955	3.68658	0.301308	0.360467	2.81541	3.14768
PPP2R2B	-4.6914	-2.00616	-6.28806	-0.0824168	0.522818	-1.28608	-0.502418
PPP2R2C	-0.965811	0.00426152	0.246342				
PPP2R2D	4.08357	3.54885	2.43245	0.296517	0.612623	4.41209	4.64597
PPP2R3A			0.620949				
PPP2R3B	-2.09359	-3.21658	-1.12151				
PPP2R3C	-0.714478	-2.0501	0.444654	-0.0974236	-0.518871	-0.450287	-1.27265
PPP2R5A	-0.30416	-1.32931	-1.561	-0.26539	-0.579154	1.72198	1.31126
PPP2R5B	2.44953	3.14971	2.03822				
PPP2R5C	0.895519	-0.404952	-0.604318	0.091708	-0.505649	1.75774	0.972198
PPP2R5D	-0.380235	1.26621	-2.56796	0.136177	0.563184	-0.10239	0.492966
PPP2R5E			0.053986				
PPP3CA	2.83717	3.33497	5.9385	0.532311	0.594343	0.719433	1.31271
PPP3CB	3.42696	1.50454	-0.154611	0.586928	-0.496097	1.61365	0.503472
PPP3CC	0.485035	1.79661	-1.455	0.0544898	0.683967	0.352634	1.13591
PPP3R1	3.16307	1.58765	4.55879	0.461922	-0.24009	-0.0339442	-0.565252
PPP3R2			0.923055				
PPP4C	-4.51392	-4.28945	-4.44272				
PPP4R1			-4.22781				
PPP4R1L			-0.802036				
PPP4R2	2.45181	3.00973	3.76015	0.296093	-0.105102	2.07269	2.17065
PPP4R3A	0.0909159	1.47375	-0.507861	-0.0558777	0.409947	0.677908	1.51102
PPP4R3B	-0.776792	0.603999	-2.13652				
PPP4R4	3.88848	-0.777352	-0.414079	0.142137	-0.958132	2.36404	-0.345411
PPP5C			3.86633				
PPP5D1	2.82161	-0.617806		0.100308	-0.800956	0.802115	-0.531807
PPP6C	6.5626	0.810894	4.00662	0.328923	-0.664011	3.80506	1.78936
PPP6R1	-3.77857	-4.03301	-5.40271	-0.110949	-0.0340097	-1.62747	-1.87325
PPP6R2	4.32438	4.70858	3.72907				
PPP6R3	0.784037	2.05931	0.212963				
PPRC1			0.575329				
PPT1	1.41811	2.30156	-1.75833				
PPT2	1.82696	2.70991	-1.04412				
PPTC7	-0.350232	0.833297	0.297076	-0.0463558	0.812898	-2.3	-0.926095
PPWD1	-0.329197	1.5388	-4.2671	-0.254459	0.374082	0.882508	1.7342
PPY			-3.01098				
PPY2			-0.916024				
PPYR1			-0.888003				
PQBP1			2.02787				
PQLC1	0.172187	-0.812511	-0.350274	0.051332	-0.216916	-1.97633	-2.72115
PQLC2			2.14631				
PQLC3	-2.2013	-2.28719	-3.34529	-0.392427	-0.423166	-0.176004	-0.220512
PRAC1	-1.62626	-0.307868	-4.60824				
PRADC1	-0.510314	0.567421	0.767182				
PRAF2	3.04559	0.225525	3.35464	0.161991	-0.724451	0.94173	-0.509014
PRAG1	2.1857	3.38965		0.394408	0.738174	3.16439	3.92002
PRAM1	-1.97789	-2.69792	-2.25133				
PRAME			1.06075				
PRAMEF1			-0.391228				
PRAMEF10			-2.29589				
PRAMEF11			-0.499762				
PRAMEF12			-2.10439				
PRAMEF13			0.592083				
PRAMEF16			-0.943554				
PRAMEF18			1.22416				
PRAMEF2			-1.03253				
PRAMEF20			2.61724				
PRAMEF23			0.59561				
PRAMEF25			1.01095				
PRAMEF3			-1.25012				
PRAMEF7			-3.30807				
PRAMEF8			-3.05885				
PRAMEF9			-0.299581				
PRAMEL			1.40116				
PRAP1	3.90716	1.58317	9.05058	0.580812	-0.180865	3.27686	2.60486
PRB1	0.368366	1.80277	-2.73823	0.221668	0.59273	1.51933	2.61162
PRB2	0.649136	1.96554	-0.072234	0.245645	0.611059	2.28908	3.15368
PRB3			-2.14208				
PRB4	-2.01537	-0.0472463	-4.13535	0.128353	0.549694	1.11567	1.75374
PRC1	3.15134	4.54905	3.06038	0.519902	0.649853	3.43763	4.21093
PRCC			-1.65794				
PRCD			-1.34194				
PRCP	-2.01808	-1.58371	-3.15407	-0.347823	0.299438	-1.63396	-1.56825
PRDM1	-1.1895	0.681052	3.37476				
PRDM10	7.10948	4.56809	1.55332				
PRDM11	-1.37334	0.864319	5.60687	0.0281277	0.667383	1.02663	2.16281
PRDM12	3.80335	0.281527	0.637952	0.125886	-0.645422	0.156213	-0.702709
PRDM13			-4.66243				
PRDM14			-0.62557				
PRDM15			1.6482				
PRDM16	1.94291	-0.061037	3.15539	0.0869922	-0.375958	3.4642	3.14761
PRDM2	-1.7497	0.929326	5.15689	0.0622342	0.845695	0.120641	1.16457
PRDM4			0.929203				
PRDM5	-1.10281	1.43138	-3.11184	-0.0813398	0.667588	1.70765	2.91
PRDM6			2.54778				
PRDM7			4.8524				
PRDM8	-3.69279	0.175406	0.733798	-0.228015	0.441595	-2.00066	-1.51518
PRDM9			-0.004776				
PRDX1	-1.59484	-2.51164	-3.65551	-0.229775	-0.591044	-0.753234	-1.37581
PRDX2			-0.322485				
PRDX3	-0.0409854	-0.816363	-1.31882				
PRDX4	-1.04284	-2.33133	-1.08285	-0.315059	-0.733155	-2.31507	-2.7047
PRDX5	0.939797	-0.071411	2.61026				
PRDX6	0.340839	-1.36747	-2.3874	-0.0574537	-0.674137	1.88693	0.841657
PREB	0.677353	-1.06974	-3.28788				
PRELID1	0.939144	-0.730807					
PRELID1P1			3.48816				
PRELID2	2.27201	3.21203	-1.5787	0.155102	0.128997	4.9626	5.76314
PRELID3A			-2.94657				
PRELID3B	-0.616929	-0.826865	-2.01933	-0.329063	0.0678453	-2.87707	-2.92087
PRELP	-0.505323	-1.90199	-0.6303	-0.12185	-0.414478	0.834114	0.116267
PREP	3.31147	3.92309	10.9491	0.44766	0.711823	1.61978	2.13008
PREPL	4.06064	4.43251	0.892702				
PREX1			-0.162654				
PREX2	-1.06929	-1.87896	-1.4487				
PRF1			-2.5557				
PRG2			2.56929				
PRG3			-1.99917				
PRH1			0.38932				
PRH2	-0.923406	0.872753	2.45506	-0.104102	0.574981	-1.18116	-0.345463
PRICKLE1	1.57145	2.18937	2.88229	0.228489	0.707746	0.13096	0.831968
PRICKLE2	3.6334	0.757717	-0.233368	0.292884	-0.697885	4.09409	1.91619
PRICKLE3			2.26182				
PRICKLE4	-2.35073	-1.3234	-5.57244				
PRIM1	-0.772349	1.44001	1.26099	-0.0390292	0.773963	-0.200453	0.969669
PRIM2	1.73406	0.37194	-0.370803				
PRIMA1			-0.735358				
PRIMPOL	-1.45435	-0.487136	-3.95583				
PRINS			-5.81495				
PRKAA1	-3.94576	-0.479115	0.475352				
PRKAA2	5.07938	0.688302	-0.726913	0.228312	-0.705417	2.30426	0.624404
PRKAB1	0.702813	1.68868	1.79967	0.0293822	0.549359	-1.24376	-0.492788
PRKAB2	0.658844	1.43876	-2.90833				
PRKACA	1.44118	1.76435	-0.531122				
PRKACB	1.23547	2.21446	0.149984	0.173833	0.251008	1.49931	2.28041
PRKACG			-2.7792				
PRKAG1	-0.860521	-2.15996	-1.24499				
PRKAG2	0.141036	-0.454018	-4.98502	-0.203218	-0.301059	-2.54075	-3.1315
PRKAG3			-2.56176				
PRKAR1A	-0.246838	1.09961	-0.168542				
PRKAR1B	5.18572	4.07755	3.98167				
PRKAR2A	-0.976628	0.70214	0.248594	-0.147003	0.441279	-1.37836	-0.637401
PRKAR2B	5.6054	4.64627	2.59737				
PRKCA	-2.84382	-0.341748	-4.90884	-0.276732	0.649547	-0.595629	0.423664
PRKCB	0.0923657	1.3195	6.43726	0.0464624	0.882409	-0.772247	0.0879998
PRKCD	3.05028	-0.902362	3.71313	0.179647	-0.953041	2.33738	-0.415963
PRKCE	3.62543	3.83998	1.54116				
PRKCG	0.963446	-1.39231	0.509979	0.0647285	-0.909784	-0.45952	-1.43726
PRKCH	-2.57937	-0.588446	-4.89267	-0.317135	0.321882	-2.24579	-1.83878
PRKCI	-0.707704	-0.387647	-3.72225	0.180749	-0.182706	-0.339342	-0.381784
PRKCQ	-1.62046	-3.47217	1.66156	-0.117433	-0.559933	-3.12851	-3.63804
PRKCQ-AS1	1.15016	1.1962		-0.236862	0.261334	-1.90317	-1.75298
PRKCSH			-1.64833				
PRKCZ	4.60423	2.94613	-2.01092				
PRKD1	0.754162	-0.20527	4.31583	0.0676289	-0.157341	0.151266	0.0397325
PRKD2			-2.6478				
PRKD3	-2.66404	-3.14772	-2.36861				
PRKDC	4.5814	2.19698	2.49963				
PRKG1	-0.467059	-1.34096	-5.40482	-0.136935	-0.77415	0.775865	0.0026809
PRKG2	-0.319257	-0.104792	1.54319				
PRKN	1.59345	0.240333	2.87089				
PRKRA			-3.2347				
PRKRIP1			-4.9153				
PRKX	-3.26759	-3.60089	-0.836461				
PRKY	-0.466507	-1.72735	-3.43187				
PRL			-3.71551				
PRLH			-0.98878				
PRLHR			-3.57217				
PRLR			-5.21765				
PRM1			0.665342				
PRM2			-4.05628				
PRM3			-0.345735				
PRMT1			-0.88054				
PRMT2	-0.433529	-2.09453	-2.64871	-0.243247	-0.812328	-1.43704	-1.9301
PRMT3			-4.45271				
PRMT5			0.154479				
PRMT6	0.633633	-0.797032	0.153725	0.0706077	-0.812868	0.190375	-0.709408
PRMT7	0.903503	2.12413	3.35241	0.0489074	0.737251	-0.363758	0.659557
PRMT8	-0.635872	1.33083	0.2709	-0.0130153	0.408512	0.565385	1.6044
PRMT9	-0.772404	1.16135	1.64727	0.0525245	0.544996	0.768346	1.40299
PRND			-5.74035				
PRNP	5.36788	0.97296	-0.793151	0.410099	-0.737837	6.22451	2.81364
PRNT			-3.50652				
PRO1804	-1.52864	1.30173		0.105191	0.849164	-0.255184	1.05802
PRO2012			2.37296				
PRO2852			1.09692				
PROC			0.326963				
PROCA1	3.33896	1.16373	2.95822	-0.10514	-0.283975	2.38411	1.91962
PROCR			-1.50349				
PRODH	-1.12014	-2.02101	-4.32337	-0.121948	-0.600174	1.68481	1.00557
PRODH2			0.210341				
PROK1			1.49764				
PROK2			-0.876926				
PROKR1			-2.58045				
PROKR2			2.33074				
PROL1			-2.30751				
PROM1			-0.466309				
PROM2			-0.475024				
PROP1			-2.23564				
PRORSD1P	0.881545	1.47997	-1.76158	0.235853	-0.339751	4.32737	3.82792
PRORY	-2.059	-1.40798					
PROS1	-0.0728597	-1.18293	-0.614891	-0.292863	-0.300075	-0.868995	-1.28819
PROSER1	-0.496348	1.13219	0.666018				
PROSER2	-6.57965	-3.90362	-3.93988	-0.428066	0.0172151	-2.39738	-2.70303
PROSER3	-1.36887	-0.822288	-2.95812				
PROX1	-0.372513	0.379581	-1.99083				
PROX2			0.899718				
PROZ			2.0541				
PRPF18			-1.49076				
PRPF19			2.89005				
PRPF3	-2.04805	0.278883	-2.07465				
PRPF31			0.012067				
PRPF38A	-1.91334	-2.37744	-1.2816				
PRPF38B	-3.29757	-3.12829	-4.46284				
PRPF39	-0.278732	0.774213	-1.9227	0.00637493	0.262884	1.54288	2.30656
PRPF4			-1.53189				
PRPF40A	-0.178165	-0.440213	-2.03966				
PRPF40B			-0.477236				
PRPF4B	0.427199	1.84346	-0.72982	-0.185951	0.575485	0.644054	1.50176
PRPF6			-1.00815				
PRPF8			3.74643				
PRPH	-2.44479	-2.27641	-0.909789	-0.263415	-0.261488	-4.05325	-4.79579
PRPH2	0.45902	-1.08115	-0.379101	0.265474	-0.709745	-0.996946	-1.51802
PRPS1	-0.532729	-1.91708	-3.52796	-0.0930895	-0.686347	-1.41114	-1.92911
PRPS1L1	-0.756006	-1.82628	-2.5111				
PRPS2	4.36321	4.3556	8.84237	0.439258	0.544536	2.97517	3.63722
PRPSAP1	0.258434	1.11525	-1.0922				
PRPSAP2			-3.4966				
PRR10			-2.80238				
PRR11			1.38757				
PRR12	-0.860986	-0.481744	0.084195				
PRR13	1.78205	0.0329824	0.159077				
PRR14	0.24344	1.65725	0.317	0.163454	0.312986	1.14375	1.64533
PRR14L			0.047008				
PRR15			0.590821				
PRR15L			-1.4981				
PRR16	-4.51254	-0.705444	-4.88696	-0.30886	0.556031	-7.01309	-4.78367
PRR18			2.92452				
PRR19			-2.89623				
PRR20			-1.39452				
PRR21			0.362336				
PRR22	1.40556	2.20542	0.22373	-0.0665358	0.603048	2.29332	2.73691
PRR29	-3.94017	-4.27664	-3.15749	-0.301622	-0.492954	-1.35163	-2.07293
PRR3	2.62699	3.11666	6.84642				
PRR35			-2.45043				
PRR36	2.02028	0.5401					
PRR4			2.88624				
PRR5	-0.301789	-1.91397	-0.634374	-0.138765	-0.779005	-1.20788	-1.97182
PRR5L	-1.24327	-0.354517	1.13945	-0.474013	0.247947	-3.85768	-2.83936
PRR7	-0.574204	-1.64915	-4.17905	-0.00101073	-0.410299	-1.52527	-2.03455
PRRC1	1.03945	1.86871	0.001723				
PRRC2A			-0.465671				
PRRC2B	0.403191	-0.128462	-5.74209	0.130745	-0.633811	1.69471	1.17973
PRRC2C			-5.17978				
PRRG1			1.07123	-0.33425	0.301891	-2.41059	-1.72709
PRRG2			1.33497				
PRRG3	1.35643	-0.326527	-3.6285	0.120601	-0.630783	0.813387	-0.0478381
PRRG4			-1.22457				
PRRT1	2.7831	1.04219	2.18663	0.337834	-0.634926	1.3267	0.337479
PRRT2	1.90923	2.9533	1.11613	0.520493	0.108689	2.02275	2.20229
PRRT3	0.347601	1.64929	2.82171	0.142568	0.785323	-1.43591	-0.379419
PRRT4	5.02738	5.571		0.38588	0.568391	6.16626	7.12538
PRRX1	1.28437	1.59899	0.678818	-0.25207	-0.235185	2.39965	2.41079
PRRX2			-3.26845				
PRSS1	0.233287	-1.40523	0.653762	0.32519	-0.291272	-1.66812	-2.96741
PRSS12	10.0238	4.12923	6.48784	0.428663	-0.221646	8.97269	7.55541
PRSS16	3.0791	3.94851	11.1242	0.361653	0.749166	2.74191	3.08291
PRSS2	0.661984	-0.939452	-0.379455	0.357854	-0.305346	-1.48619	-2.64841
PRSS21			0.732323				
PRSS22			2.53833				
PRSS23	4.62949	-0.109483	-1.47661	0.0661145	-0.837778	1.1622	-0.427559
PRSS27	0.797189	1.44722	4.02756				
PRSS3	0.690026	-0.979456	0.572489	0.418997	-0.381916	-1.47286	-2.74645
PRSS33			-1.97798				
PRSS35	0.523717	-1.26663		-0.105943	-0.923369	2.43325	0.55433
PRSS36			-1.47573				
PRSS3P2	0.68787	-1.01989		0.430159	-0.308709	-0.777429	-1.96699
PRSS41			-2.30155				
PRSS45			2.09897				
PRSS47			-1.58082				
PRSS50			-0.26577				
PRSS55	-4.42494	-3.43316	-3.34853				
PRSS56	-5.4317	-1.00175	-3.14086	-0.189323	0.81116	-2.59326	-0.713142
PRSS58	-4.44264	-3.12011	-1.30962				
PRSS7			1.22584				
PRSS8	-0.574156	-1.03027	-2.43349				
PRSSL1			-1.67248				
PRTFDC1			-5.57854				
PRTG	0.638375	0.812974	-0.66939				
PRTN3	6.08772	2.73478	7.85279	0.636928	-0.38041	4.10445	2.81836
PRUNE			1.62083				
PRUNE2	3.45357	2.94698	4.01992	0.0444007	0.456283	-0.0981947	-0.0450185
PRX			-3.85814				
PRY			2.04076				
PSAP			-0.65878				
PSAPL1			-1.88832				
PSAT1	-3.34791	-3.91631	-4.47591	-0.487913	-0.441218	0.184945	-0.133094
PSCA	5.14036	3.21159	3.62423				
PSD	-2.76961	-3.31829	-3.00197	0.19338	-0.585983	-0.837132	-1.51023
PSD2			-1.37788				
PSD3	4.32945	0.282132	-2.18482	0.231467	-0.849907	4.02603	1.43154
PSD4			-0.852596				
PSEN1			-0.632104				
PSEN2	2.41152	1.14922	-1.47452	0.185717	-0.445546	-0.252763	-1.32407
PSENEN	0.100886	-1.87003	-1.94529	-0.0675986	-0.760806	-0.465964	-1.29622
PSG1			0.245702				
PSG11			1.6017				
PSG2			1.36314				
PSG3			-1.47929				
PSG4			-0.817925				
PSG6			-2.76532				
PSG7			0.939565				
PSG8			-1.33773				
PSG9			0.095818				
PSIP1	-0.216303	-1.29714	-6.5334	-0.0288452	-0.811742	1.30386	0.613787
PSKH1	-3.82615	-3.87693	-4.70149				
PSKH2			-3.69456				
PSMA1	0.446197	-1.17015	-0.066065				
PSMA2	-1.0659	-2.09889	-1.36957				
PSMA3	-2.50812	-3.311	-4.19644				
PSMA3-AS1	-1.66188	-1.62421		-0.352968	-0.146225	-0.881531	-0.691501
PSMA4	-3.19366	-1.47039	-4.06261				
PSMA5	0.320826	-1.31386	-1.16905				
PSMA6	2.98093	0.773778	2.40043	0.257525	-0.589285	1.47723	0.4806
PSMA7	-2.01258	-3.26064	-2.56006				
PSMA8			-1.77201				
PSMB1	1.76784	-1.30846	-0.718821	-0.0305737	-0.78712	-0.233061	-1.12575
PSMB10	-1.7407	-2.73938	-2.18795	-0.285213	-0.475633	-3.08032	-3.79535
PSMB11			-3.43088				
PSMB2	1.84706	-1.03422	-0.691324	0.0753569	-0.75311	-0.821457	-1.80346
PSMB3			1.27083				
PSMB4			-1.94649				
PSMB5	1.72286	-0.238186	1.37074	0.0847797	-0.431495	-0.994227	-1.78336
PSMB6	1.52129	-0.559171	3.2572	0.120289	-0.552521	-0.607007	-1.51901
PSMB7	2.39107	-0.948231	1.87409	0.124525	-0.766758	-0.770607	-1.68613
PSMB8	-5.28511	-4.18708	-4.38831	-0.506959	0.0484306	-2.9253	-2.94029
PSMB9			-2.91914				
PSMC1	2.49454	1.09665	5.78318	0.213634	-0.375819	0.898314	0.206467
PSMC1P4			1.93593				
PSMC1P9			1.22669				
PSMC2	0.379272	0.23409	1.29166	0.012882	0.153546	-1.75394	-2.12214
PSMC3	1.81434	0.253627	0.585023				
PSMC3IP			-0.363711				
PSMC5			-2.59826				
PSMC6			0.051613				
PSMD1	2.86417	0.58775	1.55848	0.23353	-0.585691	0.482228	-0.585287
PSMD10	-0.596777	-1.60708	-2.67544				
PSMD11			-3.92627				
PSMD12	0.633742	1.66623	2.1237	0.0300658	0.778455	-0.627752	0.111681
PSMD13	1.56528	0.159072	-1.80935				
PSMD14			-1.74912				
PSMD2			-0.986907				
PSMD3			-2.35768				
PSMD4	0.518677	-1.05201	-2.81132	-0.0124474	-0.465734	-1.37887	-1.99264
PSMD5			-0.430103				
PSMD6	-5.4422	-1.0898	-2.76189	-0.139175	0.773962	-1.75832	-0.293561
PSMD7	0.196338	-0.843807	4.40507				
PSMD8	0.0505723	-1.87124	-0.831922	0.273118	-0.550857	-1.14698	-1.77471
PSMD9	-1.51042	-2.56649	-2.44044	-0.225764	-0.576011	-2.0964	-2.90051
PSME1	-0.391844	-1.78574	-1.50675	-0.125824	-0.736394	0.889842	0.0568491
PSME2	0.816062	-1.01149	-5.70773	-0.0170611	-0.819079	1.7232	0.414924
PSME3	-0.1229	-1.19263	3.48103				
PSME4	-0.411344	0.786443	2.61907	-0.136896	0.408412	-1.84686	-1.48115
PSMF1			-0.132574				
PSMG1			0.485053				
PSMG2	-4.02072	-1.47962	-4.64636				
PSMG3	3.66197	4.12765	6.60006	0.545156	0.449633	1.55164	2.04243
PSMG3-AS1	0.576432	-1.45624		0.0462368	-0.799905	-1.16095	-1.72364
PSMG4			-2.48968				
PSORS1C1	1.72761	-0.916189	2.91564	0.129495	-0.85285	2.82557	0.290878
PSORS1C2			-0.977865				
PSPC1	-1.90859	-0.352385	-5.81918				
PSPH	0.770891	-1.19365	-4.13898				
PSPN			-1.7729				
PSRC1			-1.28878				
PSTK			1.38974				
PSTPIP1	0.67315	-0.661222	1.91765	-0.16634	-0.316078	-0.714248	-1.49209
PSTPIP2			0.349839				
PTAFR	-4.16365	-4.30305	0.561035	-0.206063	-0.0750831	-1.77941	-1.76596
PTAR1			-0.385697				
PTBP1			-0.713565				
PTBP2	1.20035	-1.06845	0.059151	-0.0119023	-0.736844	0.627605	-0.353741
PTBP3	0.4515	-0.308083	-2.70384	0.174269	-0.618608	2.06105	1.32513
PTCD1			3.50576				
PTCD2			-1.52255				
PTCD3			-3.82424				
PTCH1	2.2772	0.59098	-3.14553	0.0290377	-0.651378	3.70679	2.53234
PTCH2			0.315313				
PTCHD1	3.11101	0.0220321	-0.762602	0.207835	-0.840436	4.05178	1.30724
PTCHD2			-1.7122				
PTCHD3			-3.9507				
PTCHD4	-0.534745	1.27478	1.03811	0.0388939	0.570153	1.85795	2.74188
PTCRA			-0.185593				
PTDSS1	1.56577	-0.480844	-3.06901	0.10358	-0.689474	-1.34032	-2.19006
PTDSS2			-2.29505				
PTEN			-3.83672				
PTER	3.42073	-0.199173	-1.55368	0.134528	-0.847914	0.487242	-1.01322
PTF1A			-0.598266				
PTGDR			4.25193				
PTGDR2	0.360455	0.964739	-0.125447	0.0497764	0.614629	0.287638	0.611021
PTGDS	-2.77455	-3.69377	-1.08374				
PTGER1			4.46991				
PTGER2			-3.46917				
PTGER3	0.598536	-1.83164	-3.66441	0.0141968	-0.961096	-0.99744	-1.64462
PTGER4	-0.256225	-2.07089	-1.20186	-0.0912245	-0.885674	-3.859	-3.51446
PTGER4P2			-2.19967				
PTGER4P2-CDK2AP2P2	-3.93219	-4.26153					
PTGES	2.7641	-0.0537557	1.02459	0.286745	-0.634316	0.334136	-0.612479
PTGES2			2.1596				
PTGES3			-4.24509				
PTGFR			-3.16074				
PTGFRN			4.9934				
PTGIR			-0.986789				
PTGIS	0.0709188	1.33927	-4.75291	-0.0708694	0.136954	3.90977	4.93667
PTGR1	-0.00902075	0.0531671	-2.58985				
PTGR2	0.0310258	-1.52601	-0.531395				
PTGS1	-2.21226	-0.0607443	-2.38472	-0.291398	0.246612	-3.43319	-3.10084
PTGS2	0.720395	1.63037	2.14956	0.204612	0.261918	0.586558	0.885564
PTH			1.87195				
PTH1R	-2.23226	-0.32763	-0.260843	-0.218616	0.506512	-0.282016	0.231953
PTH2			-1.80789				
PTH2R	4.10271	3.93172	7.63608	0.560774	0.538526	3.4898	4.02418
PTHLH	0.383573	-1.19361	-1.38596	0.0908727	-0.81809	-0.621934	-1.21274
PTK2	-1.24546	-1.8715	-3.44876				
PTK2B	3.64311	3.81905	6.72774				
PTK6			-1.53492				
PTK7	-0.590609	0.520828	-0.43347				
PTMA			-2.73829				
PTMS			-7.11426				
PTN	-1.87383	-2.40422	-5.3159				
PTOV1	2.62371	2.79793	1.04393	0.289479	-0.326578	3.02626	2.83512
PTP4A1	1.16669	-0.200737	1.13416	-0.110388	-0.192615	-0.936111	-1.39457
PTP4A2	-1.85197	-2.62744	-2.48963				
PTP4A3	7.32018	4.42775	3.71086	0.212025	-0.378269	2.10288	1.46384
PTPA	2.66358	0.787332	-1.54004				
PTPDC1	-2.03293	0.0991077	-3.9672	-0.355748	0.501897	-2.21292	-1.10079
PTPMT1	-1.09907	0.052525	0.099606	0.020119	0.16688	1.96476	2.43853
PTPN1			-1.02407				
PTPN11	3.31411	2.45384	1.26586	0.127119	0.038651	2.1675	2.28098
PTPN12	-0.625189	1.60442	-0.076084	-0.118284	0.626382	1.15743	2.00631
PTPN13	-0.00399025	-1.12525	-2.54076				
PTPN14	1.11895	1.84481	2.42497	0.0779671	0.52887	0.0759608	0.503261
PTPN18	-1.42271	-2.2913	-4.14905				
PTPN2	1.31165	2.50153	-5.92602	-0.120802	0.609841	1.39302	2.18169
PTPN20	1.47909	1.94256	5.30083				
PTPN21	-1.43871	-0.532802	-3.42004				
PTPN22			2.20639				
PTPN23			-0.396271				
PTPN3	0.559826	-0.113916	2.58826	0.624748	-0.151459	0.987775	0.833071
PTPN4	1.64447	2.67465	3.81188	0.411823	0.769669	5.49303	4.81758
PTPN5	1.66931	2.34475	-1.37074				
PTPN6			0.232468				
PTPN7			-5.48521				
PTPN9	1.27643	0.124924	3.94888				
PTPRA	0.786347	-1.26943	-6.88544	-0.0113149	-0.946462	1.032	-0.39512
PTPRB			-3.9146				
PTPRC	-3.90205	-3.60276	-1.6385	-0.309682	-0.563629	-3.16945	-3.44408
PTPRCAP			-3.37479				
PTPRD	-2.81595	0.304517	-1.18889				
PTPRD-AS1	-0.156381	1.39863		-0.230593	0.854042	-1.13434	0.216254
PTPRE	-2.24692	-0.346447	-3.77781	-0.297772	0.67497	-4.45132	-2.66153
PTPRF	4.471	-0.164053	-1.97158	0.105866	-0.871322	5.08537	1.51095
PTPRG	0.183635	-1.15361	-3.46885	0.247646	-0.661878	1.71535	0.721905
PTPRH	1.01437	1.73168	2.65192	-0.346264	0.463205	-0.834691	-0.341999
PTPRJ	1.69863	-0.224587	2.73712	0.355722	-0.571718	2.94814	1.59355
PTPRK	2.56253	2.77947	3.18974	0.0720449	0.137387	1.74805	1.80793
PTPRM	0.881655	0.423925	2.0263	0.023636	0.0849923	-2.85335	-3.64791
PTPRN			-0.77797				
PTPRN2	0.126904	-1.49425	-6.14385				
PTPRO	3.14673	1.67427	0.367984	0.414644	-0.709898	1.83072	0.471623
PTPRQ			4.2602				
PTPRR	-0.11584	-1.36666	-4.93309	0.0828684	-0.86482	0.540221	-0.286785
PTPRS	-2.78943	-1.79218	-1.71752				
PTPRT	3.0705	4.87291	-2.09807	0.183095	0.262141	6.05093	7.33875
PTPRU	1.99638	1.58986	3.859	-0.0362048	-0.1021	0.0982492	-0.154007
PTPRZ1	-3.67718	-3.54629	-6.32345	-0.274271	-0.715183	-1.57122	-2.2786
PTRH1	1.39202	-0.952985	-1.02859	0.132256	-0.825855	1.84047	-0.0463194
PTRH2	3.03124	1.4115	7.79434	0.218996	-0.397896	0.825176	0.118797
PTRHD1	-1.81025	-2.53493	-2.24424	-0.15059	-0.677094	-3.8012	-3.84781
PTS	-1.17056	-2.20002	-2.34948	-0.0610212	-0.708761	-2.17748	-2.51937
PTTG1	-1.30304	0.025386	-1.5194	0.184486	0.279287	0.999921	1.73086
PTTG1IP	-5.75524	-5.92262	-6.24651	-0.520385	-0.555266	-2.09598	-2.61778
PTTG2	-1.56507	-0.232711	-1.22635	0.134162	0.303535	-0.0887806	0.525061
PTTG3			-1.03762				
PTX3	-0.903388	0.885636	-4.39198	-0.131958	0.71176	-1.86862	-0.374862
PTX4			-4.04094				
PUDP	-2.63337	-0.850673	-2.09842	-0.0888351	0.451166	-0.657205	0.146769
PUF60	-0.0562909	-1.78393	-1.0101	-0.188984	-0.657302	-1.84467	-2.29261
PUM1	0.324876	-0.1447	-4.62734	0.267025	-0.638103	4.38501	2.91438
PUM2			0.601192				
PUM3	1.54346	-0.827186	-0.653964	0.020558	-0.535275	0.629671	-0.417698
PURA	-0.15248	1.80598	-3.06431	-0.123795	0.721966	1.07193	1.91461
PURB	2.10662	3.31353	2.33756	0.361599	0.46544	5.67147	6.52246
PURG	0.217315	-0.455738	-3.36171	0.151367	-0.441022	1.20064	0.81008
PUS1	0.612343	1.28942	-2.28677	0.152489	0.153731	0.664296	1.01654
PUS10			0.02261				
PUS3			-0.418166				
PUS7			-0.443676				
PUS7L	1.11046	-0.247401	-4.22199	-0.0884661	-0.604032	-0.00631716	-0.343658
PUSL1	1.91662	-0.861608	1.43268	0.20764	-0.762077	2.30182	0.432104
PVALB	0.96789	2.07435	9.3505	0.132915	0.89097	-0.582647	0.391703
PVR	1.60782	2.48555	-0.545918	0.068167	0.492296	0.644389	1.26054
PVRIG	-1.34246	0.513507	-1.89408				
PVRL4			1.64519				
PVT1			-6.01074				
PWAR5	0.193275	1.76	-0.439162	-0.0578971	0.716862	0.980296	1.84864
PWAR6	-0.616245	-0.0926912					
PWARSN	1.30196	2.16513	0.462962				
PWP1	2.6595	-0.896494	0.767073	0.109567	-0.790801	-0.110057	-0.951966
PWP2	1.4949	1.32886	2.48996				
PWWP2A			-0.456381				
PWWP2B	3.04645	0.331452	1.75451				
PXDC1	1.04353	-0.422671	-1.20208				
PXDN	-1.36638	-0.562609	-5.30631	-0.10006	-0.154167	-0.863032	-0.707776
PXDNL	-3.27234	-0.066356	-2.43562	-0.313963	0.722024	-5.48175	-3.1306
PXK			-0.251222				
PXMP4	2.55695	-0.0625362	1.77436	0.0419364	-0.708177	-0.997438	-1.6364
PXN	-4.32431	-2.00873	-4.96312	-0.442862	0.344106	-1.1455	-0.459805
PXN-AS1	2.56588	0.835155		-0.125844	-0.443942	-0.315798	-0.78371
PXT1			1.62335				
PXYLP1	-1.36404	1.20113	-2.91154	-0.0660474	0.780284	0.182422	1.34006
PYCARD	-1.92258	-2.618	0.313774	-0.0108511	-0.763896	-0.902396	-1.33439
PYCR1	1.49793	-1.37673	0.744022	-0.0215323	-0.829003	0.370976	-0.945229
PYCR2			-2.50804				
PYCR3	1.39243	-0.910645	-2.3203	0.0498392	-0.847657	-0.0280627	-1.20679
PYDC1	-0.562925	-1.86537	-3.04054	0.107609	-0.912392	0.320602	-0.623817
PYDC2	3.34685	2.76548	3.04827				
PYGB	-1.44861	-1.22081	-4.61642				
PYGL	1.28323	-1.37555	-0.611588	-0.0366406	-0.890231	0.47076	-0.629721
PYGM			-2.6768				
PYGO1	-3.83837	-3.80906	-4.16529	-0.562183	-0.234915	-0.535803	-0.498446
PYGO2	3.46571	1.13372	-1.98947	0.172198	-0.673882	6.66963	3.9751
PYHIN1			-0.50629				
PYM1	1.97839	3.2976	1.74673				
PYROXD1	0.602234	1.78309	4.09122	-0.155859	0.591062	-2.15474	-1.05435
PYROXD2			-2.81329				
PYY			-0.573268				
PYY2			-4.56109				
PZP			-0.417401				
QARS			-0.121821				
QDPR	-1.01351	-0.280444	-1.47454	-0.428899	0.451992	-3.97368	-2.56247
QKI			-1.87889				
QPCT	4.0627	4.64412	4.82905	0.494821	0.348354	1.77675	1.98559
QPCTL	1.44817	2.39238	-1.93219				
QPRT	-0.142475	-1.13076	-1.94148	-0.164641	-0.134635	0.215013	-0.14013
QRFP	-2.13028	-1.19553	-2.91434				
QRFPR	-2.01216	0.278642	-3.46596	-0.294199	0.671863	-3.36146	-2.01928
QRICH1			0.11291				
QRICH2			-0.649455				
QRSL1			1.27292				
QSER1			-3.68597				
QSOX1	0.741608	1.62844	-0.574519				
QSOX2			-4.35386				
QTRT1			0.1784				
QTRT2	-1.02507	0.803944	-4.62431	-0.252186	0.428522	0.0389801	1.01502
R3HCC1			0.260855				
R3HCC1L	1.46484	0.791388	3.45768				
R3HDM1	0.615119	1.93381	3.63388	0.317837	0.321755	2.59001	3.33431
R3HDM2	2.82846	4.52889	0.596323				
R3HDM4	-0.195981	-0.796463	-2.96543	0.123308	-0.494194	2.12489	1.53805
R3HDML			-0.539917				
RAB10	-0.507328	-0.980524	-3.8571				
RAB11A	0.103181	-1.22809	0.832633	0.0248216	-0.380143	-1.70581	-2.54465
RAB11B	-3.41482	0.231571	-2.60448	-0.142841	0.651304	-1.2402	-0.127359
RAB11FIP1	2.70687	0.962929	3.32121	0.349626	-0.536257	3.56721	2.11451
RAB11FIP2	0.223412	1.49027	-0.963293				
RAB11FIP3	-0.930038	0.94127	-1.14488				
RAB11FIP4	0.473347	0.339222	-0.949381	0.242402	-0.424832	2.27897	1.94179
RAB11FIP5	-0.00569886	0.920475	0.730539	0.122239	0.700098	-2.30876	-1.48107
RAB12	-0.26894	-0.291297	-2.04906				
RAB13	-3.96594	-4.07795	-6.38842	-0.295178	-0.487705	-1.53071	-1.89569
RAB14	2.22433	2.5469	1.17034				
RAB15	1.91647	0.291918	2.84503				
RAB17			6.35009				
RAB18	-0.638521	-1.67521	-5.11169				
RAB19			0.855834				
RAB1A			-0.221325				
RAB1B			-4.30701				
RAB20			1.19108				
RAB21	-1.2675	-1.55166	-2.37466				
RAB22A	-1.8411	-2.97955	-0.083439				
RAB23	1.53042	-0.529598	-1.87273	0.0168115	-0.758269	2.72483	1.60438
RAB24	0.476891	1.86833	3.11651	0.120423	0.717744	1.53088	2.45061
RAB25			2.54013				
RAB26	6.62828	4.57794	2.50053				
RAB27A			1.47188				
RAB27B	1.93812	-0.861427	2.12125	0.201916	-0.907653	0.955021	-0.680061
RAB28			0.925974				
RAB29	-2.72919	-3.54756	-2.8462	-0.476564	-0.313721	-2.2654	-2.93207
RAB2A	-1.1902	-0.636533	-6.04077				
RAB2B	-1.78638	-1.74811	-2.60136				
RAB30	-1.65866	0.257998	-3.9391				
RAB31	-1.58156	-2.40397	-2.92832	-0.256828	-0.527936	-0.251952	-0.991054
RAB32	-0.0694643	-1.7735	2.51086	-0.11853	-0.730868	-0.797183	-1.44696
RAB33A	3.67895	2.64572	5.43342				
RAB33B			-0.792364				
RAB34	0.0376654	-1.34365	-3.88685	-0.1146	-0.669201	1.86754	0.789795
RAB35	1.53968	-0.980777	-2.73578	0.0698925	-0.76173	-1.44684	-2.35137
RAB36	3.24314	-0.378318	-0.084771	0.152429	-0.897086	2.57834	0.0541234
RAB37	0.411742	1.62031	2.6478	-0.0746743	0.856226	-1.24055	-0.0919317
RAB38			0.188835				
RAB39			2.7346				
RAB39A	2.80411	1.62834		0.0972421	-0.270321	0.909795	0.377798
RAB39B	4.08581	2.01881	4.35556				
RAB3A			3.60649				
RAB3B	-2.10433	-2.32622	-10.2231	-0.152577	-0.649216	0.143698	-0.339143
RAB3C	4.95078	1.95885	1.21703	0.225803	-0.601876	3.59719	1.95586
RAB3D	-0.116514	-1.35854	5.77764	0.15901	-0.186183	-2.2976	-3.03685
RAB3GAP1	4.07187	0.327802	-2.11176	0.174503	-0.765375	1.02927	-0.289806
RAB3GAP2	-0.0915193	1.28414	0.425683	-0.0198976	0.733697	-1.0525	-0.202965
RAB3IL1	0.36075	-0.611947	0.547082				
RAB3IP	-1.40404	-2.48834	-4.05499	-0.606375	-0.400934	-2.2916	-2.80556
RAB40A			-3.05568				
RAB40AL	1.25223	2.29214	1.49884	0.0772879	0.611489	2.90711	3.42231
RAB40B	0.0525013	-1.68459	-1.14595	0.0705054	-0.649933	-0.0226057	-0.745861
RAB40C	4.53078	4.25622	4.30012	0.475087	0.565825	1.52958	2.20864
RAB41			-0.941865				
RAB42			-0.894167				
RAB43			-6.90429				
RAB44			1.22729				
RAB4A	0.790952	0.242921	-1.69008				
RAB4B			2.02244				
RAB5A	-0.426406	-1.609	-2.03855				
RAB5B	0.857994	1.26576	0.968723				
RAB5C			-3.31808				
RAB6A	0.426474	0.907852	0.192822				
RAB6B	4.32256	1.21917	0.877969				
RAB6C			-0.835388				
RAB6D			-0.195107				
RAB7A			-2.14981				
RAB7B	1.71	1.858	2.57813	-0.242529	0.253254	-0.618801	-0.505704
RAB8A			-0.994963				
RAB8B	-1.51473	-2.78725	-3.89489	-0.0489399	-0.747379	-0.345096	-1.18554
RAB9A			-0.845338	-0.451728	0.0941616	-2.65516	-2.43358
RAB9B			-3.8567				
RAB9BP1			-1.72993				
RABAC1	0.876915	-0.700533	-0.901075	0.0806442	-0.557786	-1.56026	-2.24053
RABEP1	1.1368	0.143894	0.641641				
RABEP2	-3.29115	-0.0816429	-1.44698	-0.459991	0.590923	-3.6462	-2.0302
RABEPK	3.86523	4.04599	5.99008	0.331005	0.33393	2.24879	2.45767
RABGAP1	0.65951	-1.16813	-2.69777				
RABGAP1L	3.72737	3.00857	-4.91643				
RABGEF1	3.59544	3.88119		0.286379	0.599428	2.75825	3.10239
RABGGTA	0.619596	0.983246	1.94322				
RABGGTB	-0.347692	-0.48598	-0.439132				
RABIF	3.65863	1.05071	5.50484	0.316188	-0.464204	2.02109	1.04982
RABL2A	2.55579	3.07279	0.542552	0.301548	0.398681	1.44569	1.96936
RABL2B			-2.15841				
RABL3	0.708267	-1.01601	3.15551				
RABL6			-3.04883				
RAC1	1.28751	-0.653965	-1.01756				
RAC2	0.460065	-1.30305	0.033067	0.0261959	-0.74012	-1.58874	-1.98201
RAC3			-1.42247				
RACGAP1	0.304397	1.88689		0.0693043	0.579556	-0.479378	0.420797
RACGAP1P	-1.07821	0.612875	2.9549				
RACK1			-2.74808				
RAD1	0.116289	-1.01494	3.19466	0.331562	-0.293015	-1.20806	-2.08645
RAD17	1.20758	-0.57859	-2.34315	-0.122088	-0.641342	-0.136962	-0.64575
RAD18			4.48089				
RAD21	0.204373	-1.05922	-0.841786				
RAD21L1			3.56097				
RAD23A			0.726829				
RAD23B	4.43267	2.15527	-0.030625				
RAD50			-1.89899				
RAD51			2.29924				
RAD51AP1			0.288754				
RAD51AP2	2.13921	3.18678	3.52547				
RAD51B	-2.92477	-4.76541	-0.34628				
RAD51C	0.699611	0.795946	0.405392				
RAD51D	6.62992	3.79841	1.96892				
RAD52	-1.65989	0.442585	-0.004596	-0.0774183	0.466867	0.435123	1.27704
RAD54B	0.276229	1.86923	4.48007	0.104446	0.924105	-0.639609	0.603009
RAD54L			-2.36769				
RAD54L2	-2.01179	0.38754	-2.33544				
RAD9A			-3.26087				
RAD9B			0.914583				
RADIL	-0.501149	1.27619	-0.341168	0.0790448	0.629505	3.05162	4.0783
RAE1	-0.551872	-1.78793	-2.38194	0.121437	-0.68827	-0.0247035	-0.632771
RAET1E			3.17055				
RAET1E-AS1	2.6206	-0.646287		0.0877906	-0.873265	2.30405	0.0989169
RAET1K			-1.43812				
RAF1			1.0651				
RAG1			2.06782				
RAG2			-2.0075				
RAGE			-2.07064				
RAI1	0.943376	2.20367	-1.77694	0.260537	0.51529	2.55655	3.19286
RAI14	-5.48144	-4.63823	-1.04879				
RAI2			0.573126				
RALA	0.162017	-1.29944	-2.44242				
RALB	-2.03716	0.154102	0.601341	-0.114762	0.803141	-3.26796	-1.2313
RALBP1	3.28335	1.36041	3.10654	0.3418	-0.197335	1.96072	1.45091
RALGAPA1	-1.62852	0.464714	-3.51822	0.0319407	0.595387	1.53616	2.08105
RALGAPA2	-4.19083	-0.387376	-5.56601	-0.246372	0.577217	-1.05176	-0.0113566
RALGAPB	-2.01638	0.586559	0.490613				
RALGDS	-1.75803	-1.6517	-4.99156				
RALGPS1	-1.69461	0.401204	-2.71726				
RALGPS2	-1.03166	-2.62483	-5.0859	-0.0247034	-0.736782	-0.850587	-1.40086
RALY	0.419766	1.49194	3.64204	0.0695572	0.541554	-0.221415	0.294883
RALYL	1.23113	0.868648	-3.28497				
RAMP1	-2.86609	-3.18316	-2.55472				
RAMP2			-0.725068				
RAMP3	-0.569169	0.674617	-0.357335	-0.439061	0.423611	-1.7051	-0.999742
RAN	3.87834	0.154198	-1.47207	0.100533	-0.738762	0.174688	-0.647245
RANBP1	-5.30173	-2.38317	-1.53893				
RANBP10	-0.134756	0.631466	-3.77625				
RANBP17	2.51071	3.20162	-0.987243	0.139359	0.691314	2.81745	3.23553
RANBP2	2.78353	3.15762	1.25734	0.270267	0.450015	1.83273	2.09251
RANBP3			-3.10357				
RANBP3L	0.0205862	-1.31827	-1.57172	-0.0508898	-0.59017	2.73044	1.7966
RANBP6	0.673924	1.5576	0.843968	0.102813	0.675679	-1.00501	-0.0576044
RANBP9	4.84991	4.24386	4.0478	0.479253	0.104833	2.46357	2.45353
RANGAP1			-0.936622				
RANGRF			-0.13648				
RAP1A			-0.728085				
RAP1B	-2.56661	-2.71147	-3.93878	-0.342576	-0.720986	-0.999674	-1.66872
RAP1GAP	-1.37996	-2.82982	-3.39165	-0.00196016	-0.735714	-1.08052	-1.65956
RAP1GAP2			-3.12312	0.130409	-0.277027	1.80124	1.65971
RAP1GDS1	-1.35456	-0.937957	1.48505	-0.0374964	0.244035	-5.70475	-5.03193
RAP2A			1.55602				
RAP2B	1.70065	-1.2093	-1.9501	0.0802305	-0.9591	0.253693	-0.985935
RAP2C			0.009881				
RAP2C-AS1	-2.83964	-0.6784					
RAPGEF1	-0.0352893	-0.991446	-1.69467				
RAPGEF2	8.6924	5.40174	3.69163	0.82567	0.170696	5.64208	6.14165
RAPGEF3			-3.62134				
RAPGEF4	0.550441	-1.20801	0.763056	0.14767	-0.793766	0.975615	-0.257649
RAPGEF5	0.793875	1.52478	1.72616	-0.0858755	0.559296	-1.4287	-0.737054
RAPGEF6	-2.76893	0.022072	-5.23959	0.0423852	0.554855	-0.243098	0.555349
RAPGEFL1	-1.56388	-0.674824	-4.10456				
RAPH1	5.69567	2.98013	-0.999287	0.263918	-0.708727	4.265	2.04799
RAPSN	-0.392668	-1.82773	-1.31151				
RARA	4.1519	4.98446	4.64502				
RARA-AS1	7.44655	2.45178		0.397745	-0.447276	4.29139	2.69786
RARB	4.93055	5.85374	9.6519	0.570266	0.620336	7.47778	9.8024
RARG	-5.72007	-1.8856	-4.75295				
RARRES1	-2.04241	-1.64344	-3.40494	-0.529893	-0.0307254	-6.06657	-5.66637
RARRES2			-3.52354				
RARRES3	-1.8307	-2.43257	-3.74285	-0.349895	-0.543358	-0.238005	-0.559167
RARS	1.97372	-0.238552	0.774625	0.22804	-0.538022	0.383116	-0.479571
RARS2			-1.22806				
RASA1			1.90609				
RASA2	-0.467636	0.490321	-3.19645				
RASA3	-1.32417	0.0290199	-3.6983	-0.122247	0.300597	1.21735	2.18499
RASA4CP	0.118975	-1.19324	-2.12525	0.171523	-0.665056	1.84797	0.818796
RASAL1	3.832	0.111431	2.81442	0.144564	-0.896812	3.66743	0.834151
RASAL2	2.45765	2.75588	1.53513	0.454456	0.107537	4.1491	4.74519
RASAL3	-1.45005	-2.25752	-1.29409	-0.294526	-0.649524	-3.58465	-3.65567
RASD1	6.40152	4.89246	6.69665	0.66174	0.0823834	3.84464	4.00027
RASD2	0.917382	2.28774	3.78564	0.219006	0.752665	1.97526	2.89867
RASEF			-4.51385				
RASGEF1A	1.21752	-0.361348	-4.66901	0.147915	-0.683824	2.77658	1.12291
RASGEF1B	-1.77409	-1.95852	-0.388985	0.0639246	-0.307738	-1.70735	-1.83289
RASGEF1C	3.35761	-0.0755349	2.1054	-0.0416272	-0.83357	0.716578	-0.891304
RASGRF1	-3.50067	0.14229	0.267399	-0.1457	0.729953	-1.31045	-0.156396
RASGRF2	6.07202	3.72013	11.7484	0.391695	-0.113315	2.74123	2.48998
RASGRP1	0.973682	0.0400592	1.97492	-0.0259879	-0.378143	1.96279	1.51133
RASGRP2	1.74172	2.15156	2.24427	0.167622	0.617529	0.333232	0.663407
RASGRP3	-2.82363	-2.16961	0.256003	-0.522936	0.11487	-5.24306	-4.28327
RASGRP4			2.79134				
RASIP1	0.440863	1.28296	1.61638	0.450001	0.289398	0.34142	0.736571
RASL10A	1.06238	-1.6727	-2.49631	0.0687305	-0.845449	-2.82082	-3.09188
RASL10B	-1.60623	-0.622087	0.920721				
RASL11A	-4.24513	-0.955755	-1.11659	-0.444225	0.319484	-3.43701	-2.49159
RASL11B	5.74406	1.23773	4.00173	0.530834	-0.743778	7.62978	2.79154
RASL12	-0.123801	-0.0820905	-2.15708				
RASSF1	-0.322831	0.94434	2.45927				
RASSF10			-2.14495				
RASSF2	-2.93849	-1.80861	-1.69111	-0.57224	0.324438	-6.70691	-4.57552
RASSF3	0.664119	1.10063	1.00338	-0.209243	-0.143308	1.46938	1.56136
RASSF4	-5.06337	-0.541703	-6.78387	-0.181134	0.828312	-2.10451	-0.186963
RASSF5	1.68611	2.23541	4.17683	0.206828	0.335909	0.301253	0.535874
RASSF6			-1.98321				
RASSF7	-1.41476	-0.738442	-1.01422				
RASSF8	-5.43815	-2.86028	-3.98635	-0.557673	0.566201	-2.05874	-1.04905
RASSF8-AS1	-8.41548	-3.98249		-0.508165	0.475594	-6.49406	-5.0177
RASSF9			-4.73848				
RAVER1			0.313827				
RAVER2	1.47722	-1.16517	-2.95985	0.0594768	-0.906942	1.44737	-0.361126
RAX			-1.25442				
RAX2	-1.20694	0.156754	-5.18922				
RB1	-0.0787178	-1.30043	0.519374				
RB1CC1	-1.04949	-0.438454	-1.33408				
RBAK	1.00913	2.22567	0.850161	0.0854514	0.481335	0.985939	1.53829
RBBP4	1.85618	2.7593	-0.239966	0.0905995	0.818337	3.3886	3.76445
RBBP4P1			-1.59365				
RBBP5	1.26147	2.40658	3.95974				
RBBP6	0.0266601	1.05015	-1.43477	0.141755	0.0996243	2.70316	3.3554
RBBP7	1.56558	-1.38178	-2.43404	0.0604959	-0.777104	-0.435963	-1.33631
RBBP8	-2.19673	-1.12449	-0.440202				
RBBP9			-2.92123				
RBCK1			-1.34544				
RBFA	-1.83082	-2.66397	-5.13215				
RBFOX1	2.21894	2.80775	3.25962	0.528393	0.618171	0.989364	1.46095
RBFOX2	-1.8161	0.355764	-3.81056	0.100523	0.490175	-1.13817	-0.412113
RBFOX3	1.34834	2.21353		0.39156	0.674953	-0.647937	-0.071353
RBKS	-0.664507	0.678389	-2.25788	-0.415051	0.27759	-0.658732	-0.10797
RBL1			-1.2544				
RBL2	-0.862436	0.402814	-1.95957	-0.179284	0.234459	1.3512	2.00614
RBM10			0.317982				
RBM11			0.214412				
RBM12	4.08663	3.75397	2.24093				
RBM12B	0.980118	2.31319	-4.16117				
RBM14	-0.185889	1.28401	-1.61549	0.0449954	0.506147	1.97215	2.88493
RBM15	1.33889	2.47084	-3.17029	0.0924149	0.550474	4.37013	4.45901
RBM15B	1.02137	0.696323	-5.33678				
RBM17			-1.98017				
RBM18			0.276242				
RBM19	-1.18854	-0.297893	-3.76065				
RBM20	0.100511	1.2497	1.52999	-0.0806686	0.416196	0.520902	0.832856
RBM22	-0.516176	0.847332	-2.36105	0.0754267	0.201809	0.775974	1.50898
RBM23			0.662094				
RBM24	4.80185	2.2531	1.40308	0.390758	-0.493031	7.25981	4.67496
RBM25	0.170243	1.14495	-4.2171	0.118705	0.119731	1.34013	1.80437
RBM26	2.14354	2.06067	0.663949	0.200133	-0.189648	1.96529	2.12121
RBM27	-3.12795	-1.71296	-3.0915	-0.038123	0.295723	-1.19726	-0.864162
RBM28	-0.550247	1.26209	-2.9379				
RBM3	-1.47039	-2.10763	-2.66412	-0.00209624	-0.37372	-1.57369	-1.85868
RBM33	-2.38997	-1.49117	-4.44658				
RBM34	-4.67274	-5.1428	-2.69365				
RBM38	-1.83337	-1.36114	-1.45373				
RBM39	-5.19085	-2.60051	-6.86724	-0.32361	0.169339	-1.78322	-1.1787
RBM4	2.49845	1.5825	-4.59115	0.0993792	-0.46518	2.18821	1.78294
RBM41	1.23807	2.74152	-0.330082				
RBM42			-1.64765				
RBM43			-1.86136				
RBM44			1.32514				
RBM45			-2.2973				
RBM46			-1.5699				
RBM47			-0.326792				
RBM48	-0.685372	0.744944	-0.924522	0.119722	0.533103	1.30476	2.06444
RBM4B	-1.21169	1.0268	-3.41095	-0.210041	0.48644	1.20814	2.10169
RBM5	1.42056	0.590697	-2.75589	-0.0474476	-0.46478	1.02936	0.781368
RBM6	-2.60363	-1.45803	-4.30912				
RBM7	-1.37717	0.663409		-0.079472	0.527587	0.482723	1.62249
RBM8A	2.89295	-0.860098	2.22079	0.0172146	-0.793958	0.74281	-0.664641
RBMS1	-0.0366431	1.42286	1.21883	-0.137397	0.738408	0.439145	1.09355
RBMS2			0.242866				
RBMS3	-0.639141	-0.320289	-1.04011	-0.351917	0.269608	0.305838	0.663625
RBMX	0.0535168	-1.36095	-1.68634				
RBMX2	1.5052	0.587835	0.589318				
RBMXL1			0.32086				
RBMXL2			-1.97191				
RBMXL3			-0.205999				
RBMY1A1			-1.87471				
RBMY1A3P			-1.88266				
RBMY2EP			0.74158				
RBMY2FP			-2.51912				
RBP1	1.52668	1.2456	1.66788	-0.272786	-0.17978	2.17683	2.25512
RBP2	-1.07141	-0.37614	-3.02241				
RBP3			-3.11775				
RBP4	4.22907	-0.29305	4.87019	0.155881	-0.9022	5.89196	1.37032
RBP5	2.23811	2.41748	6.42221				
RBP7	-0.93369	-0.374017	0.53411	-0.397459	0.329091	-4.79644	-3.57618
RBPJ	-0.124698	1.32731	-1.75194	-0.219135	0.457907	-0.327948	0.3082
RBPJL			1.02478				
RBPJP6			-0.615342				
RBPMS	-2.67377	-1.67055	-1.43093				
RBPMS2	1.53239	1.55701	0.571208	-0.193047	0.216767	0.781115	0.791931
RBSN	0.395755	-1.13813	-1.58075				
RBX1	-0.0063459	-1.10069	0.355973				
RC3H1	2.366	3.54907	0.104755				
RC3H2	5.10985	1.7113	0.93783				
RCAN1	-0.620812	0.268805	-1.24821	0.0938392	0.514023	0.170889	0.960657
RCAN2	1.64039	2.5213	0.635414	0.0662697	0.820758	0.611973	1.085
RCAN3			1.55115				
RCBTB1	-1.33274	-0.334607	0.624433	-0.288059	0.36681	-1.01964	-0.58413
RCBTB2	-2.70875	-3.58261	-5.07136	-0.373365	-0.419152	-2.6921	-3.37363
RCC1	-0.842735	0.987806	0.518918	0.0169056	0.625152	-0.335098	0.203654
RCC1L	-0.335745	1.03089	-4.17428	-0.0166765	0.497135	0.174356	0.766889
RCC2	-1.59145	1.23764	0.601938	-0.162823	0.79884	0.0978798	1.21047
RCCD1	-0.827189	-0.205862	-2.65011	-0.246748	0.573673	-2.85797	-1.90317
RCE1			-0.668265				
RCHY1	1.69559	-0.559071	1.40437				
RCL1	-2.70559	0.606056	-2.57787	-0.332037	0.519198	-3.58975	-1.99081
RCN1	3.0584	-0.364111	-0.025543	0.448558	-0.620083	1.27262	0.0994523
RCN2	2.54076	-0.0246467	0.007974	0.0917708	-0.762101	2.42996	0.936747
RCN3	0.937017	2.90489	1.52804	0.329435	0.622991	3.58857	4.17024
RCOR1			0.679892				
RCOR2			-0.115757				
RCOR3	-0.0740896	1.86497	-1.81888	-0.167273	0.73379	-1.25752	0.307398
RCSD1	4.05621	2.02335	2.84508	0.691795	0.0901834	3.65538	3.44437
RCVRN			-1.43295				
RD3			-0.658901				
RDH10	0.267041	-1.1591	-2.88085	-0.121041	-0.602852	3.02771	1.80779
RDH11	2.34677	0.767198	2.35887	0.0857326	-0.213402	1.20367	0.745043
RDH12	3.30936	3.30002	6.85732	0.363956	0.128976	0.487344	0.421381
RDH13			1.12246				
RDH14			-1.31343				
RDH16			-3.79069				
RDH5	-2.61192	0.486697	-0.788273	-0.190997	0.572067	0.249242	1.07148
RDH8			-1.29841				
RDM1	-1.19974	-0.983712	-3.78191				
RDX			-1.73581				
REC8	3.1996	1.75277	0.010624				
RECK			-2.91978				
RECQL	-1.56208	-0.0400681	0.280989				
RECQL4	2.77366	3.29011	5.15734	0.292781	0.311634	1.21389	1.50279
RECQL5	-1.10299	0.0454497	3.61432	-0.43041	0.28681	-1.55003	-1.00294
REEP1	3.10625	2.05754	-1.47903				
REEP2	0.657886	1.52609	0.841193	0.0177654	0.502773	-0.794818	-0.492632
REEP3	-3.61724	-1.07219	-0.269189	-0.483257	0.341726	-3.88939	-2.60642
REEP4	-1.67468	-0.349802	3.68953				
REEP5	3.53526	3.84455	6.09369	0.375395	0.19739	2.50629	2.8526
REEP6	-2.04874	0.454678	-1.24564	0.0199198	0.605661	-0.368305	0.350109
REG1A			-0.929186				
REG1B			-0.087472				
REG1P			-2.51685				
REG3A			0.247835				
REG3G			-2.21873				
REG4			-0.346076				
REL	-2.37571	-0.0603486	-2.34428				
RELA			-4.90083				
RELB	2.80324	2.49161	1.97837	0.338296	0.0862702	1.73322	1.73367
RELL1	-2.80037	-2.00644	-2.18272	-0.569676	0.28563	-2.22327	-1.66018
RELL2	0.64542	1.84382	5.35557	0.0754102	0.863743	-0.784844	0.250291
RELN	0.848907	-0.0663099	1.05054	0.0357407	-0.452524	0.72772	0.658098
RELT	-2.74077	0.141522	0.54738	-0.173015	0.885617	-4.57529	-1.39483
REM1			-1.30822				
REM2			-0.34677				
REN			1.72944				
RENBP			2.71659				
REP15	2.66027	3.60746	-0.806713				
REPIN1	-0.37071	1.23236	-1.03517	-0.154034	0.749372	0.855959	1.38102
REPS1	0.344735	1.93112	-1.30877	0.0571966	0.709074	2.13651	2.68955
REPS2	2.68157	1.97713	2.13655				
RER1	0.484464	-1.39621	-0.037626	-0.0930324	-0.746244	-2.52642	-2.88934
RERE	1.06384	2.5106	-3.32962				
RERG	-0.927728	0.747846	2.31171	-0.268276	0.439248	0.437788	0.93229
RERGL	-2.65711	-1.13483	-3.25511	-0.350652	0.657242	-1.98365	-1.02503
RESP18	-1.37585	-2.43947	-4.66316	-0.272126	-0.556595	-3.9032	-4.59438
REST	-6.30183	-6.04281	-2.30273				
RET	-0.302118	1.54926	4.33669	-0.00972535	0.873825	0.516788	1.18058
RETN			0.014403				
RETNLB			-4.58708				
RETREG1	5.61162	4.54464	5.2263	0.395792	-0.31957	4.69013	4.06106
RETREG2	3.95064	3.13602	3.12684	0.319432	-0.149578	0.74274	0.27478
RETREG3			2.41751				
RETSAT	-0.152952	-0.728077	-1.32384				
REV1	-0.442861	0.500886	-3.91801	-0.0770049	0.0242021	1.37368	1.911
REV3L	-1.9858	-1.00183	-8.21347	-0.141552	0.123552	-0.0583343	0.495216
REX1BD			-0.615051				
REXO1			0.723515				
REXO1L1			5.94005				
REXO2	0.011114	-0.764863	-1.29906	-0.228721	-0.111148	-0.848316	-1.4362
REXO4			-1.01111				
REXO5	2.99316	0.48204		0.234609	-0.5481	2.5446	1.83329
RFC1	-1.18737	-0.333467	-2.88128				
RFC2			3.99424				
RFC3	1.62557	0.292331	0.673357	0.0672214	-0.761432	1.07955	0.199855
RFC4	0.749583	1.478	2.60275				
RFC5	-0.84766	-0.863097	-5.71518	-0.057146	-0.192737	-0.529862	-0.569986
RFESD	1.49641	2.45979	2.94014				
RFFL			1.23398				
RFK	2.06942	-1.00025	-0.24875	0.185001	-0.733614	2.03555	0.204365
RFLNB	1.26925	0.234127	4.96258	0.0174468	-0.0141785	0.00447563	-0.265206
RFNG			-3.02461				
RFPL1	2.81812	3.68922	5.75944	0.326367	0.831491	4.38933	4.09416
RFPL1S	1.00103	1.4264	3.11226				
RFPL2	2.34334	3.33499		0.290173	0.85167	2.12778	2.35722
RFPL3	3.11836	3.62395	5.72644	0.445588	0.504113	2.30806	2.67412
RFPL3S	-1.54012	-0.138482	0.7753				
RFPL4A			0.140948				
RFPL4B			-1.77607				
RFT1	1.34713	0.163568	-1.84687				
RFTN1	5.47491	2.9899	5.09499	0.835638	-0.110606	4.00912	3.46572
RFTN2			-0.901723				
RFWD3			1.35356				
RFX1			-5.54124	0.0227873	-0.0161265	2.47662	2.93513
RFX2	-1.24826	-1.90392	-4.57014	-0.0838758	-0.453646	1.92166	1.62768
RFX3	4.10126	1.64403	1.33326	0.365521	-0.485947	9.60468	6.55784
RFX4	-2.20127	-3.22337	-3.27637				
RFX5	-0.611865	1.28213	-4.28383	-0.0898324	0.832084	-0.711821	0.258263
RFX6			1.2408				
RFX7	1.15907	2.18378	-3.00138				
RFX8	4.25513	4.20431		0.326053	0.755145	2.46058	3.01946
RFXANK	-0.927018	-1.74737	-0.672745	-0.355852	-0.182422	-0.531704	-0.819769
RFXAP	0.513483	1.39966	-3.40265	-0.0258411	-0.0454334	2.4324	2.91049
RGAG1			-4.70668				
RGCC			-0.617069				
RGL1	2.22716	0.344704	0.600307				
RGL2	-2.64213	-0.378098	-2.67182				
RGL3	-0.870283	-1.96468	-1.63468				
RGL4			1.02411				
RGMA	-0.986606	-0.403531	-2.85141	-0.398855	0.250519	0.340129	0.602974
RGMB	4.58465	0.158734	-1.65637	0.164536	-0.831483	1.56812	-0.010397
RGN	-1.94596	-2.59322	-3.9581	-0.473003	-0.281274	-0.132375	-0.44686
RGP1			0.954074				
RGPD1			-3.92636				
RGPD3	-0.209909	1.6723		0.0333762	0.700039	1.17448	2.10488
RGPD4	-0.741416	1.37884	-1.48135	0.0566735	0.725331	1.11597	1.94664
RGPD8			1.50883				
RGR	1.79924	1.24087	-1.91747				
RGS1	-2.51451	-3.42884	-2.26589	-0.501078	-0.188705	-3.84223	-4.04766
RGS10	-1.84951	-2.47616	-1.02265	-0.234241	-0.65751	-3.68129	-3.81355
RGS11	2.1113	2.79235	1.04799				
RGS12	1.937	0.819605	-0.077811	0.264647	-0.166821	0.249161	0.0144953
RGS13			-4.79546				
RGS14	-0.773782	-2.04932	-2.32134	0.196134	-0.695748	-1.41444	-1.8391
RGS16	0.132801	1.61553	0.706595	-0.0326115	0.272744	1.33717	2.04423
RGS17	2.08581	-0.375807		0.334305	-0.454074	0.826914	0.327059
RGS18	-1.1413	-2.08204	-0.632082	-0.175884	-0.656402	-2.21571	-2.64648
RGS19	-0.0247891	-1.23997	2.41828				
RGS2	-2.44311	-0.266949	-3.94813	-0.380484	0.33335	-2.08123	-1.38772
RGS20	0.0493645	-1.66918	-4.27762	0.0208692	-0.803671	1.18777	-0.253628
RGS21			-1.34241				
RGS22	-0.0942963	-1.33175	-4.92855	-0.0589435	-0.832401	0.853669	-0.0624353
RGS3	0.0795531	1.02964	2.35706	-0.119124	0.170171	-0.360288	-0.203072
RGS4	6.12609	2.59174	9.21391	0.42804	-0.622379	2.76079	1.28394
RGS5	0.867919	0.6549		-0.0030383	0.36997	0.608248	0.806761
RGS6	1.28229	2.32265	4.78999	0.366455	0.775019	1.87395	2.57889
RGS7	1.07321	2.71236	2.28534	0.447874	0.585118	4.38135	5.21362
RGS7BP	-1.804	-0.769476	-1.88073	0.210154	0.105568	-1.90885	-2.05993
RGS8	-1.11677	-1.84534	-1.8031	0.0908213	-0.36873	-1.02965	-1.2598
RGS9	-1.68307	-1.8786	-3.85869	-0.44078	-0.565982	0.345216	0.159337
RGS9BP			2.47906				
RGSL1			0.403069				
RHAG			-2.81699				
RHBDD1			-0.566071				
RHBDD2	3.02929	-0.766044	-1.74238	0.19683	-0.896877	0.846111	-0.861101
RHBDD3	0.494839	1.69015	-2.8495				
RHBDF1			-0.684317				
RHBDF2	-4.10026	-3.51701	-5.11612	-0.36081	-0.646916	-4.90321	-5.05624
RHBDL1			2.22168				
RHBDL2			-0.191204	-0.490383	0.296464	-4.50211	-3.27004
RHBDL3	-0.568607	1.46894	-0.926394	-0.0185635	0.953259	-0.14333	0.829528
RHBG			-1.62087				
RHCE	1.15338	0.253215	-0.253635	-0.159962	-0.383479	-1.84036	-2.38492
RHCG	3.38399	1.29705	2.53535	0.161875	-0.351222	2.67324	2.05623
RHD			-0.293269				
RHEB	1.03658	-0.215953	-2.36238				
RHEBL1	6.06241	2.97424	8.66338	0.634182	-0.370017	2.34627	1.42189
RHNO1			-1.73557				
RHO	0.539528	0.536975	1.54511				
RHOA	-0.680885	-2.24975	-2.52373	-0.348616	-0.600368	-0.799569	-1.35496
RHOB			3.33248				
RHOBTB1	1.1308	2.15442	3.13257	-0.0956161	0.759507	0.617021	1.33357
RHOBTB2	-0.512693	0.75164	2.74682	-0.0804218	0.847128	-2.62984	-1.1889
RHOBTB3	-2.26618	-2.79579	1.08376				
RHOC	-2.72454	-2.94199	-7.54277	-0.182255	-0.840703	-1.27389	-1.88276
RHOD			-1.54377				
RHOF	1.27532	0.812794	3.74933	0.0627781	0.00792358	-1.04178	-1.24939
RHOG	-1.30035	-0.412973	-0.236977	-0.39967	0.245034	-2.87129	-2.22541
RHOH			0.129641				
RHOJ	1.32706	-0.676405	1.01007	-0.0527133	-0.649704	2.62077	1.5104
RHOQ	-2.88484	-0.660037	-0.84426	-0.147033	0.566324	-0.868041	-0.284529
RHOQP3			-0.236161				
RHOT1	-0.844129	0.599543	-3.31079				
RHOT2	2.79524	3.65983	0.651291				
RHOU			0.869021				
RHOV	0.174613	1.19003	1.00777	-0.130232	0.236867	-1.18983	-1.00341
RHOXF1	1.60547	2.84211	3.80248				
RHOXF2			1.69937				
RHOXF2B			2.91664				
RHPN1	-2.68263	-2.20505	0.268579				
RHPN2	-1.37914	-2.2957	-3.78047	-0.215604	-0.590113	-3.34797	-3.53382
RHPN2P1			-0.597524				
RIBC1	-2.04382	-2.71545	-6.59623				
RIBC2			-0.543445				
RIC1			3.97184				
RIC3			0.557457				
RIC8A	4.09823	-0.323199	-0.475732	0.14371	-0.878404	3.28768	0.474019
RIC8B	5.06839	5.10296	4.04737				
RICTOR	2.08547	2.61739	0.424992	-0.0825744	0.76629	2.30045	2.50253
RIDA	-0.911808	-1.7992	-3.18249	-0.108465	-0.404189	0.258587	-0.356479
RIF1	0.192056	1.37576	-0.539432	-0.0209174	0.376692	0.343603	1.09793
RIIAD1	-0.129499	-1.72455	-0.18835	0.083952	-0.912005	-1.29754	-1.72342
RILP	1.11841	1.88392	5.2962	-0.0205256	0.736252	-0.302077	0.157814
RILPL1	1.45962	-1.47755	1.39793	-0.100978	-0.695477	-0.675732	-1.48034
RILPL2	1.13511	-0.980286	0.758407	0.152148	-0.924552	1.62058	-0.167783
RIMBP2	2.64737	0.030333	-3.15245	0.287259	-0.813005	3.65095	1.13903
RIMBP3			1.95234				
RIMKLA	0.667577	1.54832	4.0677	0.00287495	0.757768	-1.18225	-0.479443
RIMKLB	-0.393763	-1.43944		-0.229388	-0.567453	1.49208	0.948688
RIMS1	2.30071	0.125221	3.30795	0.396618	-0.446558	2.32491	1.12156
RIMS2	-0.155932	1.19303	1.01469	0.159411	0.527874	3.69607	4.61743
RIMS3	6.36795	6.33984	6.80157	0.487225	0.494147	8.51024	8.71222
RIMS4	-1.3051	0.236137	-3.3801	-0.02742	0.508105	-1.47468	-0.946555
RIN1	2.23294	0.057057	-6.32148	0.23701	-0.693534	2.12931	0.822699
RIN2	-2.48967	-2.17595	-2.79613				
RIN3	-0.199161	-0.584896	-0.218488				
RING1	0.66337	2.01049		0.156293	0.506822	2.35373	3.22387
RINL	-0.440242	-0.230795	-0.565351	-0.214388	0.339844	-3.44183	-3.33361
RINT1	-0.347833	1.01258	-1.39909				
RIOK1			0.213869				
RIOK2			2.23579				
RIOK3			3.16543				
RIOX1			-1.13017				
RIOX2	1.94635	-0.930826	1.46162	-0.00924989	-0.80584	-0.110688	-1.13322
RIPK1	-0.882015	0.647805	-4.2199				
RIPK2	2.57311	-0.362307	-4.15343	0.0785078	-0.82857	2.61123	0.69146
RIPK3			-4.19006				
RIPK4			1.4926				
RIPOR1	-2.61656	-1.43862	-2.05379				
RIPOR2	3.30481	-0.887152	-2.26579	0.064947	-0.97382	2.21088	-0.472696
RIPPLY1			-3.23302				
RIPPLY3			-4.00538				
RIT1	0.474007	-0.936346	2.12629	-0.347148	-0.383204	-2.119	-2.92697
RIT2	2.05567	1.28029	6.53001	0.0346825	-0.41827	-0.999264	-1.99399
RITA1	2.02282	-0.313328	2.18099	0.334941	-0.534289	0.869168	-0.280358
RLBP1	1.21104	-0.470897	1.38938	0.166108	-0.526465	3.91269	3.00644
RLF	1.8556	2.69569	-0.747483				
RLIM	-2.96758	-2.73095	-6.32245	-0.161192	-0.131406	-0.248927	-0.0533159
RLIMP3			-4.58448				
RLN1			2.49087				
RLN2			3.26824				
RLN3			-0.39658				
RMC1	-1.30935	0.554463	-2.7902	-0.051959	0.597254	-1.34287	-0.241191
RMDN1	-2.10177	-1.80368	-3.48261				
RMDN2	3.88942	4.34605	3.50414	0.50534	0.416765	3.62549	4.57989
RMDN3			-1.92046				
RMI1	-1.47689	1.15546	-0.979348	-0.276415	0.782981	0.154305	1.05097
RMI2	3.14672	0.200462	1.00771	0.36471	-0.791039	1.49136	0.0492658
RMND1	-0.0487414	1.53094	3.3554	-0.068057	0.578722	-2.02078	-1.08418
RMND5A	0.627105	2.23156	0.335674	0.232089	0.742815	3.75433	3.92211
RMND5B	2.13586	0.608924	2.78503				
RN28S1			-6.10715				
RNASE1			0.375304	-0.318731	0.287491	-3.36657	-2.56343
RNASE10			1.04915				
RNASE11			0.951261				
RNASE13			-0.510447				
RNASE2			-1.09171				
RNASE3			-0.285898				
RNASE4			-0.089849				
RNASE6	-1.88236	-2.41584	-1.21291	-0.133679	-0.699728	-3.3586	-3.38519
RNASE7			3.0423				
RNASE8			-3.70076				
RNASE9			-1.48183				
RNASEH1	-0.261035	0.267148	-4.19233	0.0763133	-0.507825	-1.07759	-1.7142
RNASEH1-AS1	0.411364	0.248079					
RNASEH2A	-0.76787	-2.15888	-3.38911	-0.0970758	-0.83976	-1.82836	-2.13479
RNASEH2B	1.29194	-0.102528	0.667242	0.351229	-0.116526	0.871768	0.532392
RNASEH2C	-0.611669	-2.10525	-2.61386	-0.0889847	-0.816775	-1.14198	-1.76479
RNASEK			1.43345				
RNASEL	-4.21752	-1.42928	-2.13029				
RNASET2	-3.29394	-3.23028	-4.35043	-0.217863	-0.702372	-3.90371	-3.78293
RND1	4.30722	4.44966	5.0618				
RND2	1.4292	2.603	2.17164	0.188205	0.601036	1.96631	2.84245
RND3	0.28142	-0.973292	-1.46502				
RNF10			-0.826457				
RNF103			-4.43838				
RNF11	2.39356	-0.584367	-2.71278	0.313453	-0.684599	1.50006	0.0641079
RNF111	5.09072	5.08765	3.43025				
RNF112	5.72227	5.43508	-2.00421				
RNF113A	-0.0384656	1.48532	-1.54018	0.0363786	0.777416	-0.584479	0.453402
RNF113B			-0.633165				
RNF114	-2.29046	-2.79871	-3.31928				
RNF115	-1.35122	-1.24207	-4.01765				
RNF121			2.16816				
RNF122			-3.36612				
RNF123			6.84272				
RNF125	-1.55479	-0.986175	0.246511				
RNF126			-5.82848				
RNF128	2.37795	2.2135	0.614106	0.0452455	-0.219478	0.247872	-0.191428
RNF13	-1.58643	-0.28377	-0.953682	-0.408709	0.345448	-4.03578	-2.79726
RNF130	-1.64495	-1.33256	-1.49259	-0.519371	0.228508	-4.02181	-3.04781
RNF133			-4.24216				
RNF135	-3.60621	-3.59279	-0.626852	-0.433232	-0.438395	-1.09421	-1.57747
RNF138	-0.610841	0.724341	-1.31574				
RNF139	2.54608	0.20209	-0.073029				
RNF14			1.97468				
RNF141	1.13861	1.36772	1.11372	-0.331004	0.160794	-0.869457	-0.755249
RNF144A	0.295353	1.69744	2.72301	0.0241289	0.59105	1.77496	2.59241
RNF144B	-0.314386	0.939275	2.24381	-0.117282	0.492356	-0.219384	0.349195
RNF145			-0.300738				
RNF146			-3.05001				
RNF148			0.090335				
RNF149			-3.46879				
RNF150	2.51858	-1.17406	-2.43499	0.11733	-0.901223	-0.312296	-1.29076
RNF151			-1.73989				
RNF152	-2.80535	-1.69206	-1.03916	-0.525672	-0.0828941	-5.31705	-5.55914
RNF157	-0.834989	0.931395	2.95357	0.00297001	0.842328	-2.13024	-0.579924
RNF157-AS1	-0.266129	-1.37352		-0.104827	-0.569941	1.58185	1.08258
RNF165	0.0584791	1.51203	0.70616	0.309516	0.496091	1.27301	2.27724
RNF166	-0.00115047	0.669217	-2.88077				
RNF167	0.612375	0.117113	2.15286				
RNF168	-1.46566	0.974302	1.4533	-0.111437	0.782676	-2.37978	-0.547672
RNF17			-0.080266				
RNF170			2.59508				
RNF175	4.53255	2.61119	4.41424				
RNF180	-1.28301	-0.116675	-2.58362				
RNF181	0.399754	-1.70329	0.227863	0.0168495	-0.74045	-0.762379	-1.46623
RNF182	1.76924	0.542076	1.65624	-0.0978051	-0.233686	3.05133	2.89354
RNF183			-4.34408				
RNF185			-2.5503				
RNF186			0.124384				
RNF187			-1.12441				
RNF19A	1.23901	2.14267	2.45787				
RNF19B	-1.70126	0.180989	-2.75661				
RNF2	3.48784	0.308944	0.606956	0.278854	-0.671525	3.31511	1.60845
RNF20	-3.77344	-3.19256	-3.98463				
RNF207			0.984226				
RNF208	0.169621	1.60841	2.75176	0.0705569	0.680123	-0.86726	-0.031489
RNF212	-4.57135	-3.27487	-8.5108	-0.51815	-0.0419021	-0.899434	-0.703725
RNF213			-1.39857				
RNF214	1.80814	1.38782	2.91126				
RNF215	1.47184	0.144661	0.71387				
RNF216			-1.21342				
RNF216P1	-3.03025	-2.27637	-8.45355				
RNF217	0.906209	2.74935	-4.66316	-0.118094	0.387723	2.67672	3.44305
RNF219	5.94768	4.70955	0.348059				
RNF220	4.20556	4.99924	4.38551	0.162531	0.671912	3.12858	3.46306
RNF222			-5.38155				
RNF24	1.55684	-0.629405	1.78935				
RNF25			-1.66308				
RNF26	1.98019	2.57393	8.13226	0.307509	0.569326	0.385411	0.647638
RNF31			-1.7988				
RNF32			1.12239				
RNF34			2.14673				
RNF38	4.06108	2.54958	2.28112				
RNF39			-3.23935				
RNF4	-0.0950362	0.0353998					
RNF40	3.69281	2.79337	6.03516				
RNF41			1.86022				
RNF43	1.73068	0.0547506	0.829492	0.1824	-0.538627	2.95157	1.7703
RNF44			1.0572				
RNF5	-0.522943	-2.02502	-2.38888	-0.0784982	-0.72971	-1.73722	-2.33446
RNF5P1	-1.55264	-2.67153	-3.43998	-0.0654872	-0.689106	-1.47521	-2.23486
RNF6	-0.0409836	1.17845	0.580432				
RNF7	-0.119807	-1.75344	-1.82817	0.0855421	-0.788212	-0.340853	-1.28542
RNF8	2.57477	2.40309	4.83888				
RNFT1	0.83503	1.79643	-2.87219				
RNFT2	0.31291	1.14165	-1.18844				
RNGTT	6.31412	1.9134	3.16214	0.330389	-0.687091	3.43893	1.744
RNH1			-0.662194				
RNLS	1.2506	2.46478	1.79662	0.355459	0.696086	2.98189	3.50408
RNMT	1.97271	1.82239	-0.260691				
RNPC3	-0.859835	0.308094	-5.08252				
RNPEP	-0.785551	-0.227396	-0.212513				
RNPEPL1			1.15766				
RNPS1			-3.337				
RNPS1P1			-5.7867				
RNU12-2P			0.863847				
ROBO1	1.08661	-1.27167	-0.885969	-0.0176497	-0.798193	-0.139111	-0.996737
ROBO2	3.24048	0.241958	-2.48718	-0.0253696	-0.766878	0.627109	-0.84559
ROBO3	0.322955	-0.761566	-1.334	-0.38828	-0.2765	1.51482	1.69487
ROBO4	-0.0396689	0.623454	2.38594	-0.163782	0.368699	-0.460228	-0.167066
ROCK1	-2.4558	-1.05829	-7.41784	-0.176256	0.516045	0.354931	1.28052
ROCK1P1	-1.57031	-1.66476					
ROCK2	1.3077	2.12188	5.39114	0.272616	0.683332	-0.567052	0.211805
ROGDI	0.227993	0.492877	2.33516				
ROM1	-4.06688	-4.23184	-4.86855	-0.547444	-0.48741	-4.59333	-5.4558
ROMO1	-0.811359	-2.00067	-2.22982				
ROPN1			-0.258652				
ROPN1B			0.47285				
ROPN1L	-1.90648	-1.38815	-2.89126	-0.180957	0.50514	-3.67972	-2.95584
ROR1			0.450834				
ROR2			2.924				
RORA	-0.867273	1.79654	-1.80839	0.140832	0.886538	4.47477	3.74851
RORB	0.925232	2.35548	4.09821	0.366699	0.768689	3.48697	3.9405
RORC	-2.65745	-3.21516	-3.35014				
ROS1			4.15668				
RP1			-3.2529				
RP1-10C16.2			-0.946105				
RP1-152L7.5			3.96125				
RP1-163G9.1			-0.93874				
RP1-172N19.1			-3.08041				
RP1-177G6.1			-0.383689				
RP1-215K18.2			-2.32618				
RP1-21O18.1			0.833178				
RP1-238O23.1			-1.15724				
RP1-286D6.2			-4.96997				
RP1-74M1.1			-3.37386				
RP1-90J20.7			0.312229				
RP11-1057N3.1			-0.640889				
RP11-110H10.2			-5.05361				
RP11-115C21.2			-3.14568				
RP11-115M6.1			0.607435				
RP11-118H17.1			-2.0914				
RP11-122A3.2			-1.17642				
RP11-1236K1.8			-0.373503				
RP11-125B21.2			0.982797				
RP11-141M3.1			-2.36793				
RP11-143E21.7			-3.71537				
RP11-14I4.3			-3.09181				
RP11-14N7.2			-1.13238				
RP11-155G14.1			3.92334				
RP11-165H20.1			-0.500969				
RP11-169K16.9			-1.27669				
RP11-178A10.1			1.78074				
RP11-183M13.1			1.24095				
RP11-193H5.1			0.7096				
RP11-195F19.1			-3.43194				
RP11-195F19.5			5.28847				
RP11-196D18.6			-2.52508				
RP11-19O2.2			-2.28887				
RP11-206L10.11			2.82954				
RP11-218C14.6			-0.471544				
RP11-230B22.1			-0.715863				
RP11-23D24.1			-2.93388				
RP11-244F12.3			-4.7637				
RP11-244H3.1			-6.35128				
RP11-250J16.1			-3.5313				
RP11-257K9.7			5.1113				
RP11-259P6.1			-1.60039				
RP11-267N12.3			-0.24061				
RP11-269F19.1			0.617244				
RP11-27I1.2			2.25268				
RP11-280O1.2			-2.59412				
RP11-291L15.2			-1.38585				
RP11-291L19.1			-2.5222				
RP11-292E2.1			-1.32922				
RP11-29H23.1			-4.66328				
RP11-2F9.2			-4.15545				
RP11-305M3.3			1.50085				
RP11-314P12.3			-0.738486				
RP11-323F24.1			-0.918358				
RP11-327J17.3			0.295145				
RP11-332P22.1			-2.1542				
RP11-33B1.1			-3.88155				
RP11-33N16.1			1.30193				
RP11-345J4.3			5.39251				
RP11-345P4.1			1.78153				
RP11-345P4.2			-3.51241				
RP11-347C12.3			5.44302				
RP11-349A22.5			-7.75492				
RP11-351K3.1			-3.38582				
RP11-357H14.1			-2.99359				
RP11-364B6.1			6.99802				
RP11-368J21.1			-2.49037				
RP11-369J21.1			-5.84522				
RP11-379K17.4			-0.542307				
RP11-383C5.4			2.94795				
RP11-392A22.2			-6.44382				
RP11-392P7.1			-5.39841				
RP11-3B7.1			-1.50056				
RP11-403C10.2			-0.492714				
RP11-404P21.6			-4.23141				
RP11-422J8.1			-2.09947				
RP11-427P5.1			-1.36714				
RP11-428G5.1			-2.28547				
RP11-431H16.2			-2.66446				
RP11-440L14.1			-2.31561				
RP11-445H22.3			5.54531				
RP11-446H18.3			-2.44535				
RP11-450I1.1			0.991553				
RP11-453F18__B.1			1.78659				
RP11-45B20.3			-4.53227				
RP11-464F9.1			-3.387				
RP11-466F5.8			-0.105061				
RP11-468B6.3			-2.28908				
RP11-469N6.1			-4.57043				
RP11-475E11.5			2.69034				
RP11-477I4.3			0.730912				
RP11-480I12.7			-2.4875				
RP11-493L12.2			1.01737				
RP11-504P24.4			-0.200729				
RP11-511I2.5			1.16728				
RP11-520B13.4			-3.76514				
RP11-529I10.1			0.090018				
RP11-535K1.1			1.04254				
RP11-537P22.1			-4.85054				
RP11-544L8__B.4			-2.39587				
RP11-544M22.1			-1.23149				
RP11-54O7.1			-1.97629				
RP11-561O23.6			1.80678				
RP11-565H13.2			-4.1082				
RP11-566K11.2			-1.15947				
RP11-571M6.6			-0.590112				
RP11-574F21.2			0.7415				
RP11-577H5.2			-4.26586				
RP11-579D7.1			-0.496745				
RP11-59E19.1			1.33613				
RP11-60I3.5			-5.58132				
RP11-610O8.1			3.47514				
RP11-61L23.2			-0.459486				
RP11-625H11.1			2.55433				
RP11-631B21.1			0.682905				
RP11-63L7.1			1.03966				
RP11-65D13.1			-1.2602				
RP11-666A20.1			-2.37247				
RP11-68L18.1			-6.06104				
RP11-694I15.6			0.198723				
RP11-699L21.1			2.97597				
RP11-770J1.4			1.32985				
RP11-78J21.3			-3.98841				
RP11-790G19.2			4.5745				
RP11-79P5.6			-1.60923				
RP11-807H7.1			-1.66708				
RP11-82I10.1			-1.06549				
RP11-834C11.3			-2.65714				
RP11-834C11.4			1.70422				
RP11-844P9.2			-2.43361				
RP11-85G18.4			-3.21272				
RP11-884K10.1			-3.58014				
RP11-89K11.1			-1.77326				
RP11-89N17.1			0.049151				
RP11-904M10.1			0.137594				
RP11-90D4.2			-2.97226				
RP13-102H20.1			-3.84869				
RP13-143G15.3			-3.88881				
RP13-16H11.1			0.951963				
RP13-254B10.1			-0.051135				
RP13-507I23.1			-0.760616				
RP1L1			2.68001				
RP2			-0.880489				
RP3-402G11.1			3.67135				
RP3-404F18.2			-1.95946				
RP3-410C9.1			-0.551849				
RP3-486B10.1			-0.84052				
RP4-545L17.1			3.53817				
RP4-555L14.5			3.54765				
RP4-564F22.1			-2.23373				
RP4-604K5.1			-3.39205				
RP4-665J23.1			1.62992				
RP4-695O20__B.1			-7.61601				
RP4-697K14.1			-1.38914				
RP4-725G10.1			-2.91807				
RP4-726N20.2			-5.68705				
RP4-737E23.4			-3.11869				
RP4-751H13.1			-5.01577				
RP4-758J18.2			-0.222591				
RP4-783C10.1			3.37493				
RP4-788L13.1			-4.72689				
RP4-800G7.1			-5.09368				
RP4-805N21.1			0.690398				
RP5-1022P6.1			0.400698				
RP5-1027G4.3			0.733368				
RP5-1068E13.3			3.32252				
RP5-1121A15.1			0.101715				
RP5-1166H10.2			0.723646				
RP5-1182A14.1			-2.18524				
RP5-1187M17.1			2.80244				
RP5-820A21.1			-1.62967				
RP5-860F19.1			-4.33864				
RP5-894A10.1			-3.8362				
RP5-916L7.1			-3.78159				
RP5-988G15.1			-1.18134				
RP5-990P15.1			-4.09011				
RP9	-1.66302	0.563469	-2.47137	0.0135908	0.673079	-1.66896	-0.656611
RP9P	-3.76274	-2.50766	-2.68371	-0.0312928	0.559752	-4.22359	-3.2782
RPA1			-1.27991				
RPA2	1.12793	-1.21645	-1.44911	0.0870876	-0.854846	0.635295	-0.48907
RPA3			0.88724				
RPA4	-3.27589	-3.5697	-5.91911	-0.0893796	-0.0407238	-1.4063	-1.60185
RPAIN	0.105614	-1.64066	-1.9632	-0.0800002	-0.671025	-1.95465	-2.47732
RPAP1	2.10077	1.568	1.70349				
RPAP2	-1.97419	-1.01633	-3.05593				
RPAP3	1.27802	-0.410429	1.33552	0.0302151	-0.610019	0.0693377	-0.869545
RPE	1.26147	2.43376	-1.17785				
RPE65			0.280696				
RPEL1	-2.97964	0.678693					
RPF1	-0.827722	1.3283	-0.678097				
RPF2	0.612557	0.399035	2.47339				
RPGR	-6.63885	0.0335498	-2.66288	-0.167391	0.804849	-1.66348	0.231951
RPGRIP1			-0.363441				
RPGRIP1L	4.53478	3.6618	2.06721				
RPH3A	3.25945	3.93816	6.32926	0.361966	0.614274	2.34193	2.9038
RPH3AL	3.63098	2.40252	3.24327	0.0502031	-0.316161	2.6159	2.07384
RPIA	1.39882	2.67919	-1.66972	0.0870433	0.23536	2.25114	3.14582
RPL10	-1.75281	-2.4905	-3.10749				
RPL10A	-2.40943	-2.92825	-5.37223	-0.132303	-0.662653	-1.47197	-1.88121
RPL10L	-2.43287	-3.00175	-1.76702				
RPL11			-3.90938				
RPL12	-0.28486	-1.66203	-5.04535	-0.126129	-0.846081	0.348275	-0.526022
RPL13	-1.37077	-2.21387	-5.72114	-0.217587	-0.154336	-0.741463	-0.754642
RPL13A	-1.80437	-2.38832	-4.60407				
RPL13AP17			-0.480779				
RPL13AP3	-0.632814	-1.45537	-4.62814				
RPL13AP5			-2.20157				
RPL13AP6	-2.99426	-3.25759	-1.95672				
RPL13P5	-1.59122	0.213803	-4.65459				
RPL14	-2.41236	-1.99912	-5.26846				
RPL15	2.29627	3.62875	-4.515	0.195946	0.696306	2.46243	2.87801
RPL17	-0.903631	-1.69701					
RPL17P20			-3.53804				
RPL18	-1.22758	-1.92831	-3.85324	-0.118616	-0.423305	0.0812415	-0.124029
RPL18A	-2.13056	-2.5875					
RPL18AP3			-2.23958				
RPL19P12	-3.2091	-3.79151	-5.89802				
RPL21	-1.76114	-2.33183	-4.38877				
RPL21P44	-1.43244	-2.15719	-4.46127				
RPL22			-5.22819				
RPL22L1	-5.08609	-4.45207	-5.12683				
RPL23	-1.13648	-1.99095	-4.72943				
RPL23A	-1.8379	-2.45233	-6.20903	-0.0402453	-0.699173	-0.543073	-1.22856
RPL23AP32	-4.85651	-4.80063	-5.61572				
RPL23AP53	-4.79383	-3.04265	-5.58278				
RPL23AP64			-3.52629				
RPL23AP7	-3.05759	-3.3494	-5.63199				
RPL23AP82			-5.54381				
RPL24	-0.0444905	-1.24286	-6.2147	-0.0156222	-0.575654	0.764575	0.155263
RPL26	-1.34796	-2.02079	-5.1114	-0.0776325	-0.512357	0.251126	-0.115227
RPL26L1			-6.33289				
RPL27	0.93533	-0.868988	-2.36986	0.0591188	-0.614305	1.17245	0.359791
RPL27A	-0.299861	-1.7052	-7.90571	-0.168662	-0.792949	-2.72766	-2.95641
RPL28	-3.00104	-3.3835	-1.41438				
RPL29	-3.43962	-3.26908	-2.47425	-0.0553646	-0.684395	-0.682322	-1.3777
RPL29P2	-3.03127	-3.01097	-3.142	-0.0927144	-0.658621	-0.804591	-1.42485
RPL3	-3.70912	-3.74663	-3.76555				
RPL30	-3.12756	-3.60069	-4.39768				
RPL31	0.0206572	-1.23589	-3.98127	0.0813919	-0.575777	1.29498	0.524904
RPL31P11	0.788573	-0.858272	-1.67801	0.123042	-0.557246	0.899383	0.174332
RPL32	-0.657912	-1.65838	-4.53512	-0.080407	-0.677866	0.318402	-0.219782
RPL32P3			2.54486				
RPL34	-1.21072	-1.77123	-6.48954				
RPL35	-0.505781	-1.61341	-4.4641	-0.00113222	-0.672557	1.32756	0.383872
RPL35A			-4.50186				
RPL36	0.122464	-1.34517	-3.2806	0.0148893	-0.804673	1.94559	0.45429
RPL36A	0.0307754	-1.22683	-5.48058				
RPL36AL	-0.316422	-1.26954	-1.733				
RPL37	-1.72511	-2.4304	-4.53418	-0.19348	-0.512815	-0.533606	-0.8383
RPL37A	-0.562616	-1.50297	-5.76696	-0.0975701	-0.520045	-0.452761	-0.731282
RPL38	0.916827	-0.661314	-4.57916	-0.0700598	-0.432164	-0.4586	-0.680267
RPL39	-1.72562	-2.4751	-4.37014	-0.261161	-0.588838	-0.560815	-0.879967
RPL39L	0.0897222	-1.30845	-2.68917	0.247753	-0.764301	0.971379	-0.034636
RPL3L			-2.0372				
RPL3P2			-3.63033				
RPL4	-4.95183	-5.06955	-6.70657				
RPL41	1.40282	-0.920727		0.0196736	-0.733414	1.13536	0.0995622
RPL5	-2.53641	-3.01117	-4.42964				
RPL6	-3.19261	-4.08505					
RPL6P10			-5.39011				
RPL7	-2.12772	-2.61399	-4.40967				
RPL7A	-1.55515	-2.60093	-2.26533				
RPL7L1	-0.573881	-1.74379	-1.59048				
RPL8	0.0620883	-1.38126	-1.82693	-0.0482479	-0.525182	0.715395	0.0251373
RPL9	-0.718217	-1.24392	-4.52411	-0.034958	-0.202239	1.28146	1.24975
RPLP0	-5.08074	-4.88274					
RPLP0P2	-4.30786	-4.28646	-4.48935				
RPLP0P3			-4.54611				
RPLP1	-2.03025	-2.80175	-5.42318	-0.165802	-0.580448	-1.20936	-1.58283
RPLP2			-4.20924				
RPN1			0.66977				
RPN2	-3.17599	-4.56171	-7.8433	-0.265956	-0.648725	-2.66653	-3.02705
RPP14			-0.943361				
RPP21			-0.70937				
RPP25	1.32667	2.63902	3.06737	0.0900438	0.664639	0.114195	0.931768
RPP25L	0.367218	0.0498209	1.43481	0.0475903	0.293628	-0.903266	-0.892418
RPP30	-2.56072	-3.12294	-3.3577				
RPP38	-2.44169	-0.957212	0.613034	-0.261804	0.281697	-2.48859	-2.34634
RPP40	1.95713	0.934595	3.18844				
RPRD1A			0.465528				
RPRD1B			2.85205				
RPRD2	-1.19308	0.519158	-2.02855				
RPRM	5.71141	3.56223	1.70244	0.281799	-0.330891	4.53983	3.31482
RPRML	3.92591	4.3907	1.09259	0.372033	0.17046	3.23283	4.05078
RPS10	-0.833893	-2.00397	-4.16699	-0.114588	-0.728223	-0.153596	-0.89512
RPS10P7			-3.90392				
RPS11	-0.600426	-1.61721		-0.0796186	-0.44861	0.728563	0.424522
RPS11P5			-3.19532				
RPS12	-3.37282	-3.71697	-5.76042				
RPS13P2			-3.89409				
RPS14	0.212554	-1.19062	-3.41943				
RPS15	-0.617678	-1.74505					
RPS15A	-2.52637	-2.92076	-7.3699				
RPS15P5			-3.23252				
RPS16	-1.98168	-2.17207					
RPS16P1			-3.5826				
RPS17	-1.96707	-2.52224	-4.54667				
RPS18	-0.851276	-1.95377	-3.56792	-0.0745522	-0.706425	0.500367	-0.353832
RPS19	-1.6068	-2.25438	-5.27131	-0.120739	-0.561074	-0.114797	-0.614949
RPS19BP1	0.107181	-0.768211	2.51278	-0.0113325	-0.0940304	-0.839376	-1.24929
RPS2	-0.81107	-1.95303	-3.67596	-0.0801793	-0.536259	0.157566	-0.602148
RPS20	-0.935936	-1.90713	-3.83926	-0.143345	-0.603	-0.171728	-0.693404
RPS21	-0.233285	-1.33008	-5.11331	-0.0848355	-0.386759	0.0321117	-0.1876
RPS23	-2.00383	-2.56103	-4.36897				
RPS24	-0.945672	-1.90906	-5.47677	-0.116016	-0.664254	0.199928	-0.210922
RPS25	-2.02862	-2.60942	-5.3311				
RPS26	-2.64285	-3.43426					
RPS26P11			-6.33929				
RPS26P20			2.07717				
RPS27	-1.08571	-1.77344	-6.80332	-0.115137	-0.384448	0.0966267	-0.103263
RPS27A	-0.377258	-1.53251	-5.2595				
RPS27AP11			-2.87408				
RPS27L	-0.659097	-1.59983	-3.12677				
RPS28			-5.61456				
RPS29	-1.65042	-2.27906	-4.89536				
RPS2P32	-2.46986	-2.8108	-2.96183	-0.162095	-0.56674	-1.20501	-1.87403
RPS3	-1.73444	-2.24175		-0.282094	-0.342368	0.0509464	0.0607696
RPS3A	0.676899	-0.862862					
RPS3AP47			-1.16913				
RPS3P3			-4.59836				
RPS4X	-1.48978	-2.31	-3.48043				
RPS4Y1	-1.50705	-2.12093	-2.37094				
RPS4Y2	0.43965	-0.658781	-1.06566				
RPS5			-1.01452				
RPS6	-2.73808	-3.14734	-8.11192				
RPS6KA1	-3.06047	-1.88613	-0.033915				
RPS6KA2	-7.55876	-3.9543	-7.10381	-0.649831	-0.062194	-3.56489	-3.4909
RPS6KA3	1.78195	2.47942	0.390294	0.186368	0.804392	2.85208	2.96482
RPS6KA4	-0.318296	-1.0617	-3.20779	0.182893	-0.461408	1.18169	0.52608
RPS6KA5	2.05109	2.18128	0.052428	-0.0764362	-0.094403	0.254003	0.272405
RPS6KA6	0.515337	1.6251	0.537989				
RPS6KB1	1.98445	2.7932	1.82367	0.191793	0.633176	0.150817	0.831635
RPS6KB2	-4.197	-0.546225	-2.35355	-0.40545	0.414361	-2.06489	-1.03697
RPS6KC1	1.40224	2.09974	-0.353802	0.121431	0.635967	0.136047	0.674704
RPS6KL1	0.217526	1.26745	0.865711				
RPS7	-2.75937	-3.03049	-4.9022				
RPS8	-1.45869	-2.19016	-6.94313	-0.174303	-0.513392	0.0180933	-0.319519
RPS9	-1.80229	-2.58096	-5.42701				
RPSA	-3.64403	-2.37287	-2.58372				
RPSAP15			-3.09195				
RPSAP52	-2.2355	-1.66005	-1.42704				
RPSAP9	-0.620955	0.410958	-2.00026	0.105788	0.330144	3.45538	4.52438
RPTN			-1.99238				
RPTOR	-4.15586	-1.71608	-6.14967				
RPUSD1			2.1048				
RPUSD2	2.56319	3.14724	0.102591	0.318906	0.612119	1.62457	2.28053
RPUSD3			1.27783				
RPUSD4			1.02945				
RRAD	-3.18811	-0.677914	-4.3337	-0.449692	0.312249	-1.43318	-0.770901
RRAGA			1.52994				
RRAGB	0.401921	-1.42033	-5.29997	0.034821	-0.86457	0.296038	-0.698582
RRAGC			-2.42358				
RRAGD	-0.337874	-1.52174	-3.04335	0.221947	-0.721703	0.0751906	-0.59632
RRAS	-1.51864	-2.82298	0.511953				
RRAS2	1.38118	-0.683835	-1.51911	0.0125644	-0.876252	3.32512	1.19593
RRBP1			-2.98053				
RREB1	-0.368618	-1.67864	3.04452	-0.436029	-0.440751	-0.5701	-1.08506
RRH	-0.658341	0.029487	-1.2121				
RRM1			0.090884				
RRM2			-0.601855				
RRM2B	-3.0289	0.501398	1.74371	-0.165091	0.820292	-4.56271	-1.35899
RRN3	2.00675	1.79796	-0.915003				
RRN3P1			-2.56469				
RRN3P3	-1.71418	0.178193	-3.93995				
RRNAD1	-0.501759	1.35778		-0.128346	0.777477	-0.330843	0.654623
RRP1	0.748632	0.448991	5.08317				
RRP12	0.676349	1.45666	3.62439	0.176011	0.701538	-1.06174	-0.463368
RRP15	-0.521648	-1.61319	4.05891				
RRP1B	0.255908	1.3878	3.28626				
RRP36	0.732719	-0.302076	2.71643	0.154934	-0.330501	-1.12058	-1.96246
RRP7A	0.62914	-1.60271	-5.50874	-0.0777866	-0.912001	0.295522	-1.11744
RRP7BP	1.03652	-1.42497	0.784624	0.00366853	-0.826302	0.687133	-0.64433
RRP8			0.745802				
RRP9			1.1992				
RRS1	-0.791902	0.319039	-1.53983	-0.12375	0.615053	-1.21733	-0.67479
RS1	2.36346	1.05521	3.24177	-0.0425806	-0.695842	2.57476	1.25259
RSAD1	-0.187839	1.41563	-2.96227	0.00384127	0.511849	0.577297	1.52175
RSAD2	-2.53356	0.394171	-5.75996	-0.205266	0.530775	0.449236	1.40128
RSBN1	0.504025	1.69822	2.00207				
RSBN1L	-1.17706	-0.134255	-1.67639	-0.0293266	0.102782	0.655711	1.30881
RSC1A1	-0.345128	0.936766	-2.12055				
RSF1			-2.94229				
RSG1	2.68012	-0.237491					
RSG17			0.69684				
RSL1D1			-4.76208				
RSL24D1	-2.29373	-0.495191	-1.51903				
RSL24D1P11			-0.878212				
RSPH1	-0.499226	-1.6835	-4.05546	0.00311124	-0.815898	0.00703233	-0.68598
RSPH10B			-2.51854				
RSPH14	-0.693411	-2.07964	-0.765157	-0.12003	-0.616632	-3.84054	-4.56417
RSPH3	1.86609	2.71214	7.44545				
RSPH6A			-5.1193				
RSPH9	1.09795	-1.06007	-0.142407	0.116279	-0.917567	1.29392	-0.150693
RSPO1			4.78777				
RSPO2	-5.0884	-0.374973	-1.1538	-0.0747774	0.653011	-3.12958	-2.01207
RSPO3	-0.799074	-2.07427	-5.77188	-0.0145515	-0.76215	0.0436437	-0.91313
RSPO4	-0.237692	-1.47269	-4.82478	-0.270171	-0.671593	-0.859833	-1.43129
RSPRY1			-2.45718				
RSRC1	-1.82407	0.459749	-0.280306	0.00619777	0.804985	-2.36995	-0.984003
RSRC2			-1.07808				
RSRP1	-1.74068	-0.14758	-4.31505				
RSU1	-0.695157	-2.26481	-1.47784	-0.25882	-0.773738	-2.86622	-3.68297
RTBDN	0.403425	-1.64026	1.54411	0.0349463	-0.7875	0.32004	-0.897516
RTCA	0.980222	1.71712	-0.739922				
RTCB	3.23515	2.22418	2.14102				
RTEL1	2.05426	2.54938	0.766817	0.13927	0.659812	0.492533	1.38212
RTF1			-2.25436				
RTKN			0.173341				
RTKN2	1.49095	2.50988	8.89018	0.297778	0.906788	2.9007	2.67948
RTL1			2.50838				
RTL10	2.92743	1.40025	-0.700383	0.261183	-0.588474	1.87968	0.680843
RTL4			0.950226				
RTL5	1.98222	2.08646	-1.5936				
RTL6	1.66739	-0.494412	2.576	0.404846	-0.68282	1.98679	0.620265
RTL8A	1.71839	-0.604166	-0.875672				
RTL8C	4.02824	0.751092	2.2902	0.187438	-0.739157	2.99216	0.80121
RTN1	4.43431	2.46067	3.93248				
RTN2	0.453467	1.45521	3.93799	0.115443	0.613886	-0.751176	-0.30049
RTN3	4.39426	2.43151	1.65227				
RTN4	0.190892	1.18594	3.68253	0.571183	0.406526	0.611135	1.03782
RTN4IP1	3.50045	2.91997	6.57809				
RTN4R	3.84787	2.35247	3.69549	0.706635	-0.411216	3.35535	2.0943
RTN4RL1	5.9782	1.97886	4.4803	0.519615	-0.596301	1.93702	0.734155
RTN4RL2	3.44587	0.205166	-1.2773	0.264726	-0.765782	0.596102	-0.856559
RTP1	5.88447	1.86836	9.37805	0.233736	-0.588864	4.64299	2.60446
RTP2			-1.46968				
RTP3			-0.965873				
RTP4			0.290432				
RTP5	0.688704	-1.2824		-0.0848707	-0.900741	0.948993	-0.542367
RTRAF			0.156222				
RTTN	0.587424	0.258616	-0.573299				
RUBCN	2.38668	0.176196	-3.22951	0.19657	-0.596743	3.43726	2.36642
RUBCNL	0.917269	-0.68758	0.459193	-0.032922	-0.621058	1.14631	0.194327
RUFY1			-3.96712				
RUFY2	5.79881	5.70358	1.17502				
RUFY3	1.13454	-0.128284	-4.69795				
RUFY4			2.90008				
RUNDC1	8.76218	4.82879	5.20948				
RUNDC2A			-2.26174				
RUNDC3A	5.35576	0.0060911	1.88856	0.374395	-0.625322	2.14639	0.446882
RUNDC3B	-0.192253	1.48517	-1.33536	0.163964	0.797506	0.697548	1.50958
RUNX1	-0.99725	-1.95131	0.027915				
RUNX1-IT1			-1.46733				
RUNX1T1	-0.440894	-1.04525	-5.19161	0.167404	-0.533591	1.73371	1.21076
RUNX2	-2.63162	0.115327	0.758171	-0.316983	0.419665	-0.670314	0.17539
RUNX3			-0.357363				
RUSC1			2.04429				
RUSC1-AS1	0.477412	0.210568	2.41898				
RUSC2	2.69446	3.13488	2.33079				
RUVBL1			0.676979				
RUVBL2			2.39078				
RWDD1	-5.18805	-1.2638	-4.35698	-0.268976	0.795416	-6.64981	-2.57922
RWDD2A	5.25999	4.26517	0.298379				
RWDD2B	0.0125195	1.35234	3.90981	0.186076	0.762283	-1.11677	-0.304728
RWDD3	-0.392455	-1.28	-5.2771				
RWDD4			-3.47369	-0.160326	-0.4457	0.0513559	-0.329509
RXFP1	4.37028	3.42289	4.79669	0.16862	-0.305735	2.26346	1.65841
RXFP2			-1.36907				
RXFP3			-1.40182				
RXFP4			-5.80618				
RXRA	-3.25117	-3.34774	-4.73058	-0.100756	-0.76705	-1.88865	-2.42816
RXRB	2.31811	2.88635	2.83549				
RXRG	0.994303	-1.03447	0.489891	0.0230649	-0.604843	2.70078	1.68779
RXYLT1	0.472561	-0.489373	1.61221	0.108582	-0.458555	-0.114334	-0.458747
RYBP	1.30145	0.709917	0.49105	0.0680384	-0.493612	0.670139	0.0915656
RYK	5.38758	2.38702	2.9771	0.360248	0.0714918	7.31531	7.2203
RYR1	-1.12358	-1.99991	-4.25469	-0.290953	-0.763169	2.46451	1.29301
RYR2	0.72997	1.75527	-0.502463	0.296777	0.53774	0.711312	1.12223
RYR3	-1.14671	-2.24431	-6.41054	-0.231736	-0.805625	1.26383	0.270546
S100A1	-1.391	-2.27361	-0.497905				
S100A10	-5.09046	-5.91809	-9.63572	-0.47021	-0.716589	-4.98832	-5.17028
S100A11	-3.96508	-4.70725	-0.194462				
S100A12			-1.10766				
S100A13	-0.379215	-1.59373	-2.51023	-0.198493	-0.630143	1.50568	0.747674
S100A14			-1.18391				
S100A16	-1.88337	-2.4565	-5.13148	-0.21778	-0.75563	-0.303749	-1.06959
S100A2	-1.90917	-2.41498	-2.88106				
S100A3			-2.549				
S100A4	-0.932536	-1.88648	-2.25576				
S100A5			-1.90339				
S100A6	2.47891	1.28943	-1.26446	-0.054469	-0.485112	2.32657	1.60655
S100A7			0.677295				
S100A7A			-2.99453				
S100A7L2			-1.05756				
S100A8			-1.57055				
S100A9			1.80629				
S100B	-3.18928	-3.96878	-2.96488	-0.600121	-0.0214816	-2.81127	-2.8766
S100G			-0.832671				
S100P			-0.061207				
S100PBP	-1.81704	-1.95359	-4.45267	-0.276665	-0.422341	0.53236	0.367102
S100Z	-2.15596	-2.74097	-1.27782	-0.348177	-0.698655	-3.25357	-3.35834
S1PR1	-0.434918	-1.42071	-0.959239	-0.157843	-0.546702	2.70731	2.15535
S1PR2	5.24251	4.383	1.4013				
S1PR3			-1.0294				
S1PR4			-2.61897				
S1PR5	-0.406299	0.358638	1.94596	-0.340162	0.248181	-3.17957	-2.46331
SAA1			0.268183				
SAA2	-0.297428	1.24244	-1.04201	0.155351	0.430628	1.72393	2.8262
SAA3P			-1.03491				
SAA4			3.22731				
SAAL1	-1.85584	0.162877	-0.197386				
SAC3D1	1.71182	2.51125	2.65396				
SACM1L	3.84184	3.81992	-0.097966	0.174067	0.645242	3.2946	3.66428
SACS	-0.46231	0.554237	-0.647186	0.0357145	0.522057	-2.60841	-1.96096
SAE1	3.83759	4.36701	3.50676				
SAFB			-1.21957				
SAFB2	-5.19621	-1.27478	-5.09995				
SAG			-7.68681				
SAGE1			0.411566				
SALL1			-0.723596				
SALL2	-2.6525	-2.52537	-5.55474	-0.448393	0.132489	0.785247	1.21756
SALL3			-2.35477				
SALL4			0.853443				
SAMD1	-2.74232	-2.35361	0.105205				
SAMD10			-0.125126				
SAMD11	-1.85237	-0.644783	-0.366449				
SAMD12	-2.11122	1.00358	2.51985	-0.108876	0.70685	-1.09087	0.506024
SAMD13	3.06218	4.31866	4.00015	0.228416	0.264518	3.39273	3.74588
SAMD14	1.55161	-0.392694	0.316188	0.321604	-0.393935	1.24272	0.425341
SAMD15	0.475563	-1.1523	0.991301	-0.0389846	-0.779589	-0.759257	-1.37818
SAMD3			-8.46204				
SAMD4A	-0.37556	-1.75343	-2.41551	-0.336141	-0.576969	-1.68956	-2.32769
SAMD4B	0.905703	-0.0245326	1.38014				
SAMD5	-1.49463	-1.0095	-1.60776	0.186987	-0.196407	-0.690062	-0.714605
SAMD7			-4.29383				
SAMD8	0.1343	-1.19947	-2.0382	-0.247899	-0.356504	-0.965438	-1.47862
SAMD9	-2.89047	-3.96664	-0.80916	-0.119069	-0.709629	-3.23653	-3.53361
SAMD9L	-3.26148	-3.31802	-3.02711	-0.416599	-0.527413	-0.643314	-1.08822
SAMHD1			-0.222588				
SAMM50			1.35577				
SAMSN1	-2.15901	-2.7439	0.346404				
SAP130	1.26248	-0.349455	-3.70343	0.165983	-0.625522	2.73209	1.23084
SAP18	0.174448	-1.2293	-2.36702	-0.019863	-0.509837	-1.04396	-1.85723
SAP30	-0.541955	-0.860117	1.33956	-0.219622	0.352096	-0.716449	-0.51115
SAP30BP	0.653936	-0.601543	-4.49676	0.121369	-0.754311	0.465703	-0.428783
SAP30L	1.72338	2.1179	5.27351	0.237955	0.6061	0.285869	0.613819
SAPCD2	-0.0449606	-0.828043	1.95653	0.313124	-0.121389	-0.076073	-0.179943
SAR1A	0.751273	-0.935131	-1.46799				
SAR1B	-1.18153	0.366296	-2.05039	-0.297272	0.584232	-2.45031	-1.23402
SARAF	0.482725	-0.901212	-4.49056	0.111492	-0.6469	1.26314	0.321709
SARDH	1.30209	-0.740294	0.768709	0.00915713	-0.693611	2.24544	0.715399
SARM1	-1.15744	-0.0271552	-3.20055	-0.0147799	0.0315696	1.07024	1.58783
SARNP	2.56121	-0.972333	-2.41663	0.0432227	-0.877076	1.1551	-0.30684
SARS	0.910077	2.0663	3.40109	0.0545066	0.820421	0.756014	1.55415
SARS2	2.62654	2.92358					
SART1			-0.334886				
SART3			-0.881853				
SASH1			-3.6084				
SASH3			0.62711				
SASS6			1.87374				
SAT1	-3.93324	-4.87167	-4.3553	-0.430931	-0.29568	-4.45131	-5.12523
SAT2	1.32891	2.3677	1.41853	0.265463	0.65563	1.19201	1.82439
SATB1	1.4429	2.82667	1.27772	0.232639	0.513827	4.50131	5.71992
SATB2	6.97409	6.49018	4.63778	0.501233	0.429226	7.84273	8.56636
SATL1	3.62318	1.78501	2.49733				
SAV1	-4.2135	-1.73093	-4.67118	-0.205904	0.698469	-0.942816	0.0770855
SAXO2	-1.03351	0.550454	-0.929291				
SAYSD1	0.850272	-0.473334	-1.686				
SBDS	-6.43493	-5.73394	-4.25177				
SBDSP1	-2.44925	-3.37562	-4.78485				
SBF1	-0.763796	-1.92647	-3.64172	-0.166823	-0.59687	-0.792551	-1.29162
SBF1P1	2.20962	1.1191	1.41286				
SBF2	-1.1453	-2.00509	-6.04063	-0.0137044	-0.669839	0.382405	-0.345477
SBK1			-1.80484				
SBK2			-1.89819				
SBNO1	2.91661	3.19499	5.75254	0.382097	0.586536	1.30601	1.87112
SBNO2	0.488242	1.4614	2.32977				
SBSN	-1.64174	0.178573	-1.22331	-0.102832	0.596382	-2.29958	-1.26754
SC5D	2.15109	0.709173	4.36862	0.220853	-0.293104	0.752488	0.109163
SCAF1			-4.83281				
SCAF11	-5.48108	-0.582914	-5.71492	-0.405347	0.639593	-1.45483	0.028009
SCAF4	-0.0261082	0.935101	-1.48613				
SCAF8			1.3094				
SCAI	1.97357	2.55902	4.31193	0.0409916	0.681437	3.60195	3.91115
SCAMP1	-0.180579	1.1344	1.7137				
SCAMP1-AS1	-3.84439	-4.06007		-0.42461	-0.550403	-4.20951	-4.51683
SCAMP2	-0.46738	-0.67029	0.89768				
SCAMP3			3.57114				
SCAMP4			-1.755				
SCAMP5	4.52807	4.36391	0.336213	0.332553	0.671337	1.06895	1.8614
SCAMPER			-2.76956				
SCAND1	4.17565	3.51343	3.68627				
SCAND2P	-0.885317	0.631849	-6.78494				
SCAND3			4.88746				
SCAP	1.04653	1.76651	-0.643329				
SCAPER	3.6968	0.0709796	-0.316001	0.114405	-0.821747	3.13577	1.18296
SCARA3			-4.00518				
SCARA5	1.97232	-0.454587	-0.043838	0.120232	-0.895015	5.85293	1.96021
SCARB1	-0.451344	0.26873	0.239878				
SCARB2	-0.451585	0.545847	0.557389				
SCARF1			-0.208424				
SCARF2	-0.478298	1.246	-3.36131				
SCARNA17	2.33769	3.75716	3.54921	-0.015182	0.48315	2.50062	3.11438
SCCPDH	0.435502	-1.5545	-1.65325	-0.252649	-0.619245	-1.65756	-2.47452
SCD	-3.31974	-3.98696	-2.64936	-0.529971	-0.184951	-2.13395	-2.52654
SCD5	-1.69943	-2.66469	-3.43797	-0.153409	-0.768802	0.249081	-0.719949
SCEL			-2.22194				
SCFD1			-0.442715				
SCFD2	1.54567	1.17144	6.39952	0.185829	-0.0956211	-0.953426	-1.61968
SCG2	3.04625	2.4315	-1.52607	0.0474095	-0.422702	2.95458	2.15966
SCG3	3.48713	-0.196395	2.04526	0.312855	-0.618432	2.96227	1.11072
SCG5			2.59109				
SCGB1A1			-1.51746				
SCGB1C1			-3.56601				
SCGB1D1			-2.74889				
SCGB1D2			-3.71898				
SCGB1D4			-2.35887				
SCGB2A1			0.227266				
SCGB2A2			-2.78257				
SCGB2B2			-2.17232				
SCGB3A1	1.22322	1.21263	3.31807	0.0901846	-0.160407	-0.439212	-0.981932
SCGB3A2			1.36725				
SCGN	3.10477	-0.20156	-0.869165	-0.0215553	-0.864169	3.06334	0.79784
SCIMP			-0.883893				
SCIN	-2.69424	-3.35014	-1.97815	-0.319723	-0.474644	-2.63218	-2.99287
SCLT1	-3.50413	-0.429672	-4.07542	-0.151659	0.798736	-0.942773	0.587451
SCLY			-1.10914				
SCMH1	1.01732	0.478515	-2.20821	0.134411	-0.547712	2.7161	1.97837
SCML1	3.26257	1.26416	1.01136				
SCML2			0.351898				
SCML4			0.307433				
SCN10A			1.55094				
SCN11A			0.661774				
SCN1A	0.0383593	1.57777	6.31881	0.0654961	0.948762	-1.1728	0.273302
SCN1B	-0.077239	1.45609	6.17873	0.0533618	0.956048	-1.52943	0.21259
SCN2A	4.93892	3.08961	3.36537	0.590206	-0.559625	3.7613	2.35857
SCN2B	1.66083	2.40164	2.01728	0.142636	0.782074	0.240094	0.810708
SCN3A	2.50585	0.20326	-2.46007	0.223361	-0.80023	4.38664	2.00759
SCN3B	2.45527	-0.354209	2.19533	0.198297	-0.935693	2.51082	0.200586
SCN4A			-3.35814				
SCN4B	-0.826305	0.434464	-2.11451	-0.192012	0.787282	-3.47268	-2.01074
SCN5A			1.22455				
SCN7A	-1.49487	-4.27671	-2.07253	-0.25234	-0.724118	-4.30941	-5.05124
SCN8A	-0.932158	0.821027	1.66484	0.0602355	0.751109	-1.67649	-0.723491
SCN9A	-0.705526	-2.09667	-6.76414	-0.111915	-0.917126	-0.717139	-1.3214
SCNM1			-0.912332				
SCNN1A			1.78193				
SCNN1B			-1.2535				
SCNN1D	-1.42738	-0.331776	0.413461				
SCNN1G			-1.20617				
SCO1	-0.0219963	-0.547624	-3.065	-0.0387269	-0.545246	-0.42506	-0.864779
SCO2			3.82446				
SCOC	-1.18683	-2.09414	-5.58657				
SCOC-AS1	0.0498941	0.00459768					
SCP2	2.89153	3.88397	0.452012	0.229961	0.748385	1.93724	2.3395
SCPEP1	1.04326	-1.33944	-1.33238	-0.0294855	-0.834175	-0.225788	-1.18384
SCRG1	-0.403531	-1.66307	0.101575	-0.355819	-0.382239	-0.578898	-1.14815
SCRIB			-4.22199				
SCRN1			-4.282				
SCRN2	1.097	2.61111	2.33521				
SCRN3	0.289399	-0.949624	1.6525				
SCRT1	-0.53589	1.30256	4.2328	0.0202091	0.932475	-1.29491	0.17472
SCRT2			-1.4452				
SCT			0.617941				
SCTR			1.58802				
SCUBE1			-0.970446				
SCUBE2	-2.61382	-3.25766	-2.89938	-0.184145	-0.790714	-1.82334	-2.29368
SCUBE3			0.745291				
SCX	0.73737	1.93124	-2.6858	-0.103352	0.531299	2.36803	3.06915
SCYL1	3.66156	3.70942	3.48847				
SCYL2	-1.3439	-0.0547921	-6.41434				
SCYL3	1.557	1.22957	0.409154				
SDAD1	2.46813	1.07403	3.13456				
SDC1			0.353625				
SDC2			-4.74169				
SDC3	-2.18503	-3.21322	-4.46026	-0.119714	-0.6364	-0.194537	-0.6469
SDC4	-0.846326	-1.86625	-1.08432				
SDCBP	-3.43943	-0.794401	-4.55361	-0.280925	0.182873	0.314094	1.00522
SDCBP2			1.16755				
SDCCAG3	1.59759	2.77132	2.2117				
SDCCAG3P2			-1.59955				
SDCCAG8	-1.59389	-1.80373	-1.30721	-0.176727	0.207557	-1.1239	-0.943224
SDE2			2.03459				
SDF2			0.195914				
SDF2L1	-0.457533	-1.91643	-0.681032				
SDF4			0.222507				
SDHA	0.308119	1.22699	0.307685	0.0768765	0.650732	-0.46131	0.209536
SDHAF1	4.15463	3.37536	5.46445				
SDHAF2	-0.299108	1.24296	1.60507	0.0805959	0.755536	-0.526128	0.305755
SDHAF3	-1.6687	-2.36677	-1.33566				
SDHAF4	-2.9337	-2.72525	-5.87773	-0.0493063	0.0296165	-1.66051	-1.64549
SDHAP1			0.284488				
SDHB	-1.10177	-1.36007	-0.477555				
SDHC	-5.27638	-0.982262	-3.81669	-0.15105	0.715607	-1.40823	-0.278102
SDHD	-2.92167	-1.49623	-1.108	-0.0648178	0.513466	-2.0366	-1.34297
SDK1	3.08183	2.73515	6.48551	0.0134507	-0.0764849	0.926005	0.783458
SDK2	1.63859	-0.533223	0.304131	-0.0995113	-0.717149	2.20243	0.703939
SDR16C5	-0.962134	0.795242	2.57011	0.225083	0.493077	-0.487165	0.369695
SDR16C6P			1.22042				
SDR39U1			0.470444				
SDR42E1			0.850597				
SDR9C7			1.30277				
SDS	-1.27823	-2.09556	-2.50914				
SDSL	0.00730138	1.01285	1.56634	-0.163896	0.729836	-1.25307	-0.521035
SEC11A	-3.90949	-4.4609		-0.543534	-0.339386	-4.02356	-4.59378
SEC11B			-4.43975				
SEC11C	-4.48744	-4.44907	-5.78668	-0.34134	-0.679949	-3.66413	-3.85857
SEC13			-1.87107				
SEC14L1	-2.15324	-0.00214169	-2.57454	-0.0599308	0.56884	0.164694	1.20314
SEC14L2	-1.54987	-2.66679	-0.918982	-0.0669715	-0.724278	-0.549254	-1.16187
SEC14L3			2.75661				
SEC14L4	-2.26234	-2.54674	-3.45594				
SEC14L5	1.01864	1.93085	4.71671	0.0188559	0.814975	-0.276348	0.47559
SEC16A	3.61558	4.30372	-0.197437				
SEC16B			7.77379				
SEC22A	4.25287	1.08875	1.71972	0.255509	-0.429722	-0.213605	-0.758293
SEC22B	0.38661	-1.20212	-2.09507	0.0103537	-0.503271	-0.488715	-1.27282
SEC22C	-1.59401	-2.65388	-1.59386				
SEC23A	3.0633	3.7141	3.79812	0.200363	0.469132	2.04902	2.46878
SEC23B	-0.247674	-1.73049	-1.06469				
SEC23IP	2.80121	0.165722	-1.45606	0.0488527	-0.626417	1.125	0.120437
SEC24A			1.57275				
SEC24B	-1.317	0.504435	-2.76977				
SEC24C	-0.533095	0.996221	0.45427				
SEC24D	9.89141	3.62779	2.88509	0.505867	-0.523087	5.19792	3.6106
SEC31A	-2.34889	0.317341	0.353424	-0.149897	0.608815	-3.16232	-1.21594
SEC31B	2.03693	3.09006	-1.4834	0.166925	0.412641	3.73712	4.58198
SEC61A1			3.02731				
SEC61A2	2.47685	0.564574	1.38754	-0.0207722	-0.583139	-1.14056	-2.00901
SEC61B	-2.98836	-3.69344	-6.30208				
SEC61G			-1.14372	-0.0489399	-0.538541	-2.62955	-3.13055
SEC62	-0.465555	1.43357	1.75618	-0.0121844	0.737676	1.32266	1.75478
SEC63	0.677833	-1.2462	-1.8032	-0.0565165	-0.657124	-0.997676	-1.93839
SECISBP2	-3.05883	0.358448	-6.77444	-0.0233538	0.699321	-2.49219	-0.830073
SECISBP2L			0.288014				
SECTM1	-2.38015	-1.03256	-3.12285	0.129435	0.14828	-1.6001	-1.60278
SEH1L	3.61694	2.20537	2.2531				
SEL1L	1.1761	1.85361	-0.449161				
SEL1L2			-6.82572				
SEL1L3	-2.43032	-1.21403		-0.430734	-0.249067	-0.87468	-0.714405
SELE			1.46665				
SELENBP1	-0.985355	-2.04893	-4.3651				
SELENOH	4.82285	2.67111	3.56561				
SELENOI	3.02107	1.63377					
SELENOK	-0.98151	-1.78929					
SELENOM			-1.37418				
SELENON	0.0539853	-1.09014	-1.89944				
SELENOO	1.61533	2.31631					
SELENOP	-1.90637	-0.905544	-0.21212	-0.485392	0.249425	-3.58513	-2.67533
SELENOS	-1.94604	-2.97499					
SELENOT			-1.84515				
SELENOW	0.0337138	-1.75521	0.117111	0.0488527	-0.747547	-0.838875	-1.53226
SELL			0.28734				
SELP			-3.5407				
SELPLG	-1.58483	-2.43974	0.2202	-0.235125	-0.466952	-4.00122	-4.35227
SEM1	-1.54004	-2.42408		-0.146167	-0.632156	-1.95176	-2.57114
SEMA3A	-1.02949	-0.0388334	-0.216041	-0.285573	-0.0183596	-2.45644	-2.62367
SEMA3B			0.735108				
SEMA3B-AS1	0.416416	0.449195		-0.396379	0.146853	-3.03243	-2.50455
SEMA3C	-0.323439	-0.0291305	-1.76746	-0.547947	-0.284799	-1.98561	-2.01121
SEMA3D	-0.855131	-2.00897	-5.0418	-0.00126404	-0.752954	-0.653262	-1.19665
SEMA3E	-1.82479	-0.181841	-2.97278	-0.373882	-0.0072764	-1.75116	-1.72979
SEMA3F			1.80455				
SEMA3G	-2.93732	-2.23931	2.03478				
SEMA4A	-1.56594	-2.75748	-6.42128	-0.0112877	-0.848233	-0.332522	-1.09084
SEMA4B			-4.15009				
SEMA4C	2.92779	3.01907	1.5953	-0.0185908	0.675099	2.54361	2.9384
SEMA4D			-0.34057	-0.44892	0.15835	-2.88654	-2.46919
SEMA4F	5.00218	0.357138	4.25893	0.305496	-0.857591	5.96554	1.64144
SEMA4G	-2.12941	-0.96017	-4.01721				
SEMA5A	-2.3238	-2.78285	-4.21426	-0.640904	-0.428801	-1.80501	-2.2976
SEMA5B	-0.301722	0.865811	-2.79773	0.205595	0.206418	0.073371	0.4931
SEMA6A	-2.10427	-0.540323	-1.82675				
SEMA6B	1.90948	-0.606378	-1.02739	0.221273	-0.660166	1.76555	0.448715
SEMA6C			-0.897565				
SEMA6D	0.165899	2.09577	0.465723	0.0408432	0.774425	3.55998	4.35009
SEMA7A	-1.1505	0.967361	3.0499	-0.0935658	0.954858	-3.89763	-0.815893
SEMG1			-0.947609				
SEMG2			0.20688				
SENP1	1.99946	3.08512	1.29775	0.222236	0.428418	6.05296	6.73928
SENP2	3.64007	1.65894	6.79607				
SENP3			1.61324				
SENP5	-0.936432	-1.61582	-2.39155				
SENP6	0.314254	-0.80269	-2.65044	-0.218143	-0.560056	0.528334	0.217178
SENP7	-1.0963	1.1385	-3.22644	-0.219831	0.536447	0.954362	1.93897
SENP8			1.77341				
SEPHS1	-0.791999	0.762252	-1.50996	-0.0852579	0.686629	0.499637	1.12601
SEPHS1P1			-0.202156				
SEPHS1P4			0.105655				
SEPHS1P5			0.33413				
SEPHS2	-3.12943	-0.0895562	-2.68955	0.0371585	0.586157	-2.40509	-1.24843
SEPSECS			-0.41589				
SEPT10	-3.42957	-1.67608		-0.623202	0.309242	-5.96174	-3.95226
SEPT11	-1.26162	-2.30668		-0.000229883	-0.511339	0.215803	-0.295107
SEPT12	-1.02349	1.34741		-0.218964	0.705678	-0.135749	0.774464
SEPT14	-0.292454	1.26057					
SEPT2	-4.52105	-4.23886					
SEPT3	-0.954233	-1.93684		-0.071286	-0.379945	0.531694	0.00647761
SEPT4	-3.34473	-1.90997		-0.333305	0.524008	-3.34022	-2.01424
SEPT6	-3.73812	-0.628136		-0.193605	0.600104	-0.414547	0.672671
SEPT7L			1.20278				
SEPT7P2	0.806675	1.99571					
SEPT8	-1.5506	-0.107668					
SEPT9	0.485886	-0.783446		-0.10275	-0.477268	0.1427	-0.424193
SERAC1	0.0521148	1.44254	-1.32787				
SERBP1	-4.27487	-2.67278	-1.90299				
SERF1A			0.128124				
SERF1B			0.115262				
SERF2	-1.69705	-2.55715	-0.897059	-0.343066	-0.634148	-1.63367	-2.44908
SERGEF	-1.2572	0.264129	-1.0977	-0.0270973	0.493451	-0.55679	-0.029116
SERHL			0.436027				
SERHL2	1.73818	0.834209	-2.66877	-0.385498	-0.377009	0.0982504	-0.531423
SERINC1	2.38363	0.00825856	-1.62115	0.101936	-0.553279	1.37144	0.528031
SERINC2			1.25426				
SERINC3	5.31478	3.25717	6.90269	0.492148	-0.47254	2.86832	1.81221
SERINC4			-3.31464				
SERINC5			0.076318				
SERP1	0.419991	-1.18334	-1.89911	0.0767213	-0.68737	3.16016	1.83669
SERP2			2.38394				
SERPINA1	-4.13026	-5.06043	-0.494639				
SERPINA10			-0.529654				
SERPINA11			-2.00041				
SERPINA12			-0.405258				
SERPINA13			-3.1826				
SERPINA2			-3.3712				
SERPINA3			-3.18426				
SERPINA4			3.38084				
SERPINA5			-1.51964				
SERPINA6			-1.1671				
SERPINA7			-0.215702				
SERPINA9			-0.522606				
SERPINB1	-1.31756	-1.99768	0.778342				
SERPINB10			3.02514				
SERPINB11			-0.694916				
SERPINB12			-1.52046				
SERPINB13			-0.053189				
SERPINB2	1.65742	0.170761	5.59098	0.363482	-0.279777	0.736219	-0.0691283
SERPINB3			-0.902802				
SERPINB4			-2.67147				
SERPINB5			-1.44742				
SERPINB6			-1.66909				
SERPINB7			-4.50661				
SERPINB8	0.0649578	-1.80575	-0.600231	-0.131152	-0.585706	-2.40353	-3.24643
SERPINB9	-0.608844	1.0473	0.006479	-0.112326	0.837262	-2.7511	-0.881898
SERPINB9P1	1.97828	1.77396					
SERPINC1			-1.66795				
SERPIND1			-2.91839				
SERPINE1			-1.17896				
SERPINE2	0.331388	-0.553698	-1.40239	-0.108248	-0.296653	-0.0803637	-0.626831
SERPINE3			-0.573227				
SERPINF1	6.61305	2.09955	6.69047	0.775401	-0.378315	4.71682	2.95111
SERPINF2			2.58298				
SERPING1			-0.225385				
SERPINH1	-1.65614	-0.781417	-2.97048				
SERPINI1	6.53386	4.24061	5.34264	0.517328	-0.207816	4.91678	3.76916
SERPINI2	4.49132	2.45397	6.16237	0.400269	-0.0662511	3.91294	3.56513
SERTAD1	-5.08625	-2.85792	-3.27435				
SERTAD2	-0.374465	1.02651	1.55032				
SERTAD3	-2.28131	0.159921	-2.14869				
SERTAD4	0.897384	2.11766	9.98395	0.179977	0.915604	-0.181282	0.754639
SERTAD4-AS1	-0.244438	1.53085	4.9103	-0.0199396	0.953502	-1.86835	0.0940242
SERTM1	1.9786	-0.258673	-3.07219	0.166909	-0.871993	2.70614	0.800909
SESN1	1.84828	2.62877	1.1639				
SESN2	1.28216	2.30129	2.32307				
SESN3	2.43363	-0.266665	0.083596	0.301103	-0.56767	1.53912	0.713893
SESTD1	-1.06974	0.620447	-0.063694	-0.154105	0.566482	-0.361159	0.430385
SET			-6.04547				
SETBP1	1.01312	2.36301	1.74473	0.181656	0.724279	4.24949	5.01372
SETD1A			4.12965				
SETD1B	0.0765955	1.533	3.68994				
SETD2	-3.58944	-1.19689	-2.58618				
SETD3	-6.07885	-4.35384	-4.0148	-0.389293	0.311234	-7.38395	-5.66251
SETD4	-0.174133	1.61648	-3.89786	0.0118175	0.555136	0.470619	1.51078
SETD5			-4.75055				
SETD6	0.569452	2.15749	-2.41111	0.141629	0.500446	2.54181	3.82002
SETD7	-4.95131	-0.697791	-4.80481	-0.34463	0.769449	-3.94688	-1.3959
SETD9	-1.24491	-2.33603	-0.80247				
SETDB1	1.01453	2.3476	-0.254058	-0.00968252	0.610069	4.02666	4.36357
SETDB2	0.025778	0.257555	-4.7127	-0.0762799	-0.323014	0.680459	0.612181
SETMAR	-0.195139	0.82158	0.449308				
SETP10			-3.54833				
SETP18			-4.08534				
SETX	0.346327	1.69177	-2.23245				
SEZ6	-0.746068	-1.84576	-8.15491	-0.0706683	-0.685757	-2.08849	-2.37225
SEZ6L	1.03861	-0.17417	-2.43639	-0.0721314	-0.713514	0.306684	-0.879317
SEZ6L2	3.95483	3.98617	7.24509				
SF1			0.215731				
SF3A1			0.168455				
SF3A2			2.02115				
SF3A3			0.507881				
SF3B1	-1.32402	0.963996	0.572872	-0.043388	0.405433	1.20837	1.83587
SF3B2			-1.33671				
SF3B3	0.599042	-1.30363	-5.02308	0.0921897	-0.792851	0.218373	-0.601779
SF3B4			2.21617				
SF3B5			1.07272				
SF3B6	-1.42486	-2.2575					
SFI1	1.66919	2.60505	1.35724	0.151797	0.640426	4.34955	4.97471
SFMBT1	0.157182	1.13511	1.10985				
SFMBT2	-1.12064	-2.8355	-2.9443	-0.167119	-0.771982	-1.36977	-2.23887
SFN	-1.39545	-1.54065	-5.66547				
SFPQ			-3.41585				
SFR1	-1.32244	-0.00593011	-0.770482				
SFRP1	2.36107	-0.213863	2.58116	0.0702248	-0.475085	1.73304	1.22236
SFRP2	-1.04626	-1.3631	-4.41059	-0.130491	-0.424503	-1.08632	-1.27455
SFRP4			-5.25817				
SFRP5			2.21317				
SFSWAP			-4.96164				
SFT2D1	-1.80962	-2.59517	-2.41295				
SFT2D2			-5.98191				
SFT2D3			-1.2452				
SFTA1P	1.67683	-0.00782549	2.38048	0.161167	-0.514779	5.94406	3.92593
SFTA2			0.973449				
SFTA3			-2.35521				
SFTPA1	-0.0138658	0.53601	-2.8631				
SFTPB			0.748792				
SFTPC	-0.63219	-0.362964	1.05131				
SFTPD	6.50548	0.58236	5.28187	0.280599	-0.783139	3.42162	0.784286
SFXN1	0.20296	1.3035	-2.52547	-0.0811382	0.56207	-1.76408	-1.08024
SFXN2			-1.85674				
SFXN3			-1.19127				
SFXN4	0.629766	0.223801	-1.31535	-0.134946	-0.0313398	-1.56501	-2.03001
SFXN5	-4.6307	-4.41695	-6.46894				
SGCA			1.21162				
SGCB			-1.44937				
SGCD	-1.52672	-1.62918	0.544799	0.0162324	-0.448612	1.00625	0.762563
SGCE	-1.44177	-1.73061	-0.967973	-0.41068	-0.0543858	0.077321	0.163067
SGCG	-0.831458	1.247	0.132368				
SGCZ	-0.595144	0.071188	-0.107966				
SGF29			4.44977				
SGIP1	1.97548	2.69151	-1.11504	0.221849	0.84795	3.31651	3.158
SGK1			-0.260552				
SGK2			-0.08097				
SGK3			-1.534				
SGK494	-0.61912	1.44072	-2.37067	-0.103216	0.67861	0.277927	1.40401
SGMS1			0.775839				
SGMS2			-0.771395				
SGO2	-0.416119	1.17835	0.725968	-0.0579546	0.400101	0.137982	0.878214
SGOL1			-1.366				
SGPL1	2.74076	3.46402	3.48244				
SGPP1			-0.722773				
SGPP2	-0.16143	-1.30388	-3.39595	-0.0821891	-0.474502	-3.26537	-3.7749
SGSH	3.3371	0.226491	-1.15582	-0.0175233	-0.83671	2.53459	1.01205
SGSM1	2.27492	1.44922	-3.07897	0.00503588	-0.48548	2.29177	1.82771
SGSM2	0.903179	-0.878722	-4.0057	0.106273	-0.797044	2.35521	0.844734
SGSM3			1.93899				
SGTA			0.908155				
SGTB	3.18623	2.9908	4.76515	0.277311	0.138023	1.88475	1.94467
SH2B1			-1.64887				
SH2B2			-3.73913				
SH2B3	1.23187	-0.717138	1.90324				
SH2D1A			0.726354				
SH2D1B	1.85907	1.42323	0.661758	0.0360424	-0.106884	0.0283567	-0.3921
SH2D2A	3.25715	1.48076	0.625243	0.338806	0.0415116	3.94907	3.88506
SH2D3A			0.489481				
SH2D3C			4.25576				
SH2D4A			-4.57583				
SH2D4B			-3.43578				
SH2D5	8.3686	3.17783	7.04917	0.663015	-0.525212	9.39822	5.19844
SH2D6			1.88292				
SH2D7			0.104533				
SH3BGR	0.258677	-1.47438	-2.18187	0.0771758	-0.618302	0.734634	-0.302188
SH3BGRL	-2.28214	-0.418487	-2.56719	-0.19651	0.724704	-1.62	-0.413943
SH3BGRL2	2.89651	2.61921	6.42767	0.502387	0.292088	1.3584	1.35657
SH3BGRL3	0.153062	-1.68778	-1.20773	-0.177387	-0.736266	-2.7575	-3.7413
SH3BP1	0.288952	1.17198	2.45986	0.110204	0.627084	-0.54366	0.08553
SH3BP2			-1.91209				
SH3BP4			-2.44127				
SH3BP5	3.10851	1.70098	0.969988	0.00279656	-0.544152	1.39522	0.859083
SH3BP5L	0.3262	1.48872	-0.038242				
SH3D19	-0.812077	-1.36528	-1.11563	-0.474976	-0.0177516	-2.17636	-2.32426
SH3D21	-0.35109	1.1848					
SH3GL1			0.747529				
SH3GL2	-0.197576	1.019	0.353752				
SH3GL3	1.82178	-1.02324	1.26149	-0.0509358	-0.686097	-1.38159	-2.05039
SH3GLB1	-1.60874	-2.46231	-2.6301	-0.321463	-0.545174	-0.598432	-1.10004
SH3GLB2	2.23379	-0.113415	3.20627	0.214371	-0.490664	0.511714	-0.479956
SH3KBP1	1.22388	-0.26271	-0.243813	0.374514	-0.185003	0.727173	0.196225
SH3PXD2A			-3.44793	-0.324706	0.399992	-2.27594	-1.49415
SH3PXD2B	0.3421	-0.991001	1.23945	-0.162856	-0.403044	1.57394	1.04009
SH3RF1	0.516989	-1.48795	-1.93889	0.00460395	-0.873973	-0.890908	-1.54893
SH3RF2	-0.82317	1.20794	-2.7198	0.229834	0.684412	1.90493	2.60656
SH3RF3	0.410616	0.30408	-4.8895				
SH3RF3-AS1			-0.936817				
SH3TC1			1.62112				
SH3TC2			0.898854				
SH3YL1			-2.51397				
SHANK1	-0.68027	-1.77275	-1.79387	0.139683	-0.74311	2.41731	0.78394
SHANK2	0.0277171	-0.550848	-1.53561	0.324697	-0.486152	1.91392	1.37912
SHANK2-AS3			-0.165354				
SHANK3	-1.24078	-0.959919	-4.07791				
SHARPIN	-0.635288	0.215694	-1.74338				
SHB	-2.08084	-0.608061	1.88489				
SHBG			-1.19569				
SHC1	1.65234	-0.10044	2.93367	0.171912	-0.474685	2.94564	2.00379
SHC2	6.67392	1.48306	3.18066	0.217319	-0.709019	5.60351	2.65195
SHC3	1.90811	-0.108108	-3.26438	0.307396	-0.446839	2.53022	1.68275
SHC4			1.68348	-0.452369	0.19483	-2.15096	-1.66821
SHCBP1			-0.352308				
SHD	1.27345	2.37848	9.27528	0.26335	0.9265	0.369094	1.10185
SHE			-1.78701				
SHF	0.216071	-0.779795	-6.51749	0.0432134	-0.782808	1.90288	0.969543
SHFM1			-4.48427				
SHH			1.16092				
SHISA3			3.02205				
SHISA4	-0.154424	-1.59434	-1.38463				
SHISA5	0.554232	-1.18609	-3.75798	0.0907702	-0.695412	0.860298	-0.297216
SHISA6	-2.30533	-2.70216					
SHISA7	-0.190722	-1.01912					
SHISA8	3.54827	4.1796		0.406442	0.439765	3.65752	4.83152
SHISA9	2.8912	0.588415		0.315862	-0.770443	3.77211	2.1087
SHISAL1	3.90086	-0.465861	6.01939	0.2626	-0.898196	6.99047	1.01569
SHISAL2A	-5.1315	-3.64159	-0.097795				
SHKBP1			4.5281				
SHMT1	-3.64906	-0.233887	0.789722	-0.136906	0.681433	-1.36996	-0.172703
SHMT2	0.67086	1.29906	1.77595	-0.152061	0.234139	0.0794627	0.24274
SHOC2	-2.38799	-0.470776	-0.726995				
SHOX			-3.13233				
SHOX2			4.08954				
SHPK			-1.96205				
SHPRH	-0.583326	0.720753	-3.57096	0.131207	0.241724	1.80831	2.54898
SHQ1			-1.24555				
SHROOM1			-0.487857				
SHROOM2	4.33556	5.07824	6.57694	0.374358	0.75384	3.99453	4.1867
SHROOM3	3.77871	3.62522	6.56296	0.56931	0.175624	7.54406	7.72877
SHROOM4			0.617232				
SHTN1	-2.0325	-3.2398	-0.949968				
SI			0.570992				
SIAE	2.87304	3.34322	5.72003	-0.0747169	0.27819	1.27352	1.50059
SIAH1	0.840827	1.95735	1.02387	0.0772133	0.381829	1.52127	2.28343
SIAH2	-0.534555	1.17321	0.549198	-0.0421701	0.629778	1.61353	2.33174
SIAH3	0.872612	0.725694	0.330228	0.19282	-0.182239	1.1596	0.971554
SIDT1	7.03326	2.52861	3.0558	0.549999	-0.579579	5.72606	3.04826
SIDT2	0.88032	-0.993755	-4.06301	-0.200252	-0.725587	-0.16939	-0.907234
SIGIRR	-2.49514	-3.3402	-2.92058	-0.247609	-0.527974	-2.00642	-2.77437
SIGLEC1			2.13124				
SIGLEC10			-1.88415				
SIGLEC11	-3.23855	-3.30532	-0.758226	-0.170115	-0.69422	-2.61294	-2.87598
SIGLEC12			2.41937				
SIGLEC14			-2.22768				
SIGLEC15			-5.27511				
SIGLEC6	-0.855703	-0.925932	-1.12397				
SIGLEC7			2.88593				
SIGLEC8			-0.56873				
SIGLEC9			-1.21469				
SIGLECP3			-1.00159				
SIGMAR1			-3.5377				
SIK1			3.34549				
SIK2	0.62879	0.914536	0.932155	-0.181821	0.219548	0.224089	0.366868
SIK3	2.25189	3.21779					
SIKE1	-0.347954	1.2752	3.07187	-0.174271	0.70369	-0.800218	0.345797
SIL1	2.18871	-0.534863	0.432659	-0.0591501	-0.804684	-1.80476	-2.29824
SIM1			-1.61594				
SIM2	-5.59065	-4.13728	-1.75921				
SIMC1			-3.85316				
SIN3A			1.10844				
SIN3B	1.87066	-0.523428	-4.3874	0.0283449	-0.797084	2.54574	0.771119
SINHCAF	-5.76615	-5.08203	-1.33519	-0.613803	-0.110478	-7.2754	-6.78983
SIP1			1.32556				
SIPA1			-1.48366				
SIPA1L1	3.91865	3.5319	0.211458	0.539622	0.0489741	2.45013	2.66037
SIPA1L2	3.53193	3.86079	5.91054	0.38331	0.485813	2.07639	2.56212
SIPA1L3	0.194233	0.861149	-1.28211	-0.12256	0.613659	-1.15133	-0.631931
SIRPA	5.08363	1.48929	-2.28193	0.446169	-0.640594	4.055	2.02191
SIRPB1			1.60298				
SIRPB2			-2.42618				
SIRPD			-1.48785				
SIRPG			-3.00818				
SIRT1	-0.0237417	1.62482	0.927891				
SIRT2	-3.19716	-1.81763	-1.55357	-0.499618	0.417632	-5.94043	-4.02067
SIRT3	3.54095	1.54872	-3.66659				
SIRT4	1.30358	2.87929	1.53427	0.217381	0.75981	1.94522	2.41057
SIRT5	0.716655	1.74775	-1.55989	0.123105	0.7394	-1.66552	-0.782234
SIRT6			3.39718				
SIRT7	-2.25628	0.128865	2.77903				
SIT1			1.14091				
SIVA1	0.623259	-0.982791	-2.99596	0.0566855	-0.640884	0.610205	-0.0254654
SIX1	0.50109	0.993176	0.858315				
SIX2			-1.98996				
SIX3	1.61265	0.881763	-0.997347	-0.0717665	-0.264127	3.23927	3.03382
SIX4	0.457928	1.80272	2.17635	0.0140958	0.873028	-1.05213	0.184391
SIX5			1.89613				
SIX6			-0.280202				
SKA2	-4.21351	-2.337	-3.48885	-0.259617	0.635222	-0.84789	0.126479
SKAP1	1.65706	1.30424	0.542452	-0.227751	-0.0865033	-0.364238	-0.650553
SKAP2	4.17958	-0.265536	7.19973	0.275709	-0.750817	0.613031	-0.881561
SKI	-0.499282	0.623266	-6.75723				
SKIDA1	1.65957	2.89716	4.48406	0.148412	0.884844	2.47347	2.58702
SKIL	2.28281	2.47219	0.138065				
SKINTL			-1.91114				
SKIV2L	2.58625	1.37787	5.14089				
SKOR1			1.64603				
SKP1			-4.90771				
SKP2			-0.41983				
SLA	0.152521	-2.09455	-4.73038	-0.106066	-0.948466	-2.76032	-2.6504
SLA2			-1.86615				
SLAIN1			-0.493833	-0.392356	0.184961	-2.67264	-2.12601
SLAIN2	0.410057	1.65143	0.586763				
SLAMF1			-2.22009				
SLAMF6			-1.47562				
SLAMF7	-4.00446	-4.31239	-3.0937				
SLAMF8	0.111578	0.513343	-0.739824				
SLAMF9			-0.974405				
SLBP	2.22173	-0.58474	-2.50557	0.224961	-0.699276	0.433089	-0.468029
SLC10A1			-4.99499				
SLC10A2			0.855109				
SLC10A3	0.710134	1.25027	0.110861	-0.210973	0.397918	-0.696888	-0.388401
SLC10A4	7.91158	3.94747	7.65126	0.630263	0.0324802	4.97593	4.97801
SLC10A5			-1.78408				
SLC10A6			-1.01217				
SLC10A7			-5.38559				
SLC11A1			-0.553				
SLC11A2	-2.12395	-0.212175	-1.52643				
SLC12A1			-1.82369				
SLC12A2	0.132196	1.13077	2.40605	-0.245904	0.491716	-1.6518	-0.830914
SLC12A3			-0.103873				
SLC12A4	-0.898777	-1.68614	-2.37746	-0.392363	-0.495824	0.164691	-0.278446
SLC12A5	1.66174	2.34867	-0.924207	0.317124	0.772456	0.961606	1.62372
SLC12A6	-1.22186	0.568985	-1.82126				
SLC12A7	0.880211	0.451809	1.13402	0.0856436	0.33318	2.08666	2.35931
SLC12A8	-0.356737	1.44425	-0.752144	0.062638	0.414284	1.30484	2.4646
SLC12A9	-0.862412	-0.502934	0.539696				
SLC13A1			-2.3951				
SLC13A2			-2.25387				
SLC13A3			-2.16892				
SLC13A4			-4.8772				
SLC13A5			-1.24426				
SLC14A1	-0.0526846	0.220982	-1.61648	-0.33673	-0.0691235	2.10578	2.71833
SLC14A2			-0.10728				
SLC15A1			-2.5642				
SLC15A2	-0.902142	-1.77039	-2.35607	-0.246578	-0.559324	0.909202	0.602638
SLC15A3	-3.39931	-4.28857	-1.59553	-0.153519	-0.331877	-4.21572	-4.8231
SLC15A4	0.194506	1.41697	1.43712	-0.0421807	0.645529	0.242566	0.870659
SLC16A1			-1.33134				
SLC16A10			-3.45962				
SLC16A11			0.261178				
SLC16A12			-1.26758				
SLC16A13			0.383231				
SLC16A14	4.39073	3.68975	6.00533				
SLC16A2	-0.0285785	-1.62294	-6.56521	-0.0987204	-0.940228	0.269151	-0.786113
SLC16A3	-1.13369	-1.58701	0.527492	-0.386553	0.125722	-3.48542	-3.92606
SLC16A4	-1.06433	0.485256	-0.911825				
SLC16A5	-2.56999	-3.29538	-1.98061				
SLC16A6	-0.808925	0.940285	-0.060347	-0.0118286	0.926186	-3.43152	-1.00456
SLC16A7	1.37701	2.24225	5.14115	0.169307	0.899826	1.743	1.99492
SLC16A8	-0.469478	-1.95534	-4.8357	-0.0452271	-0.740118	0.022225	-0.780315
SLC16A9	-0.330242	-1.47036	-3.14637	-0.168005	-0.625049	3.02591	2.05311
SLC17A1			-2.91125				
SLC17A2			-2.24594				
SLC17A3			-1.64529				
SLC17A4			-3.52619				
SLC17A5	-4.44389	-1.51405	-2.02993				
SLC17A6	-3.62963	-1.68734	0.013175	0.137074	0.562095	-5.47501	-4.07392
SLC17A7	2.24237	0.335812	-0.940531	0.329271	-0.608365	0.96991	-0.189649
SLC17A8	-0.600201	-2.49953	-2.62928	-0.185122	-0.730418	-5.38749	-6.5218
SLC17A9			-1.27045				
SLC18A1	-0.0464324	-0.119125	-1.19603				
SLC18A2			-3.60206				
SLC18A3			-2.57479				
SLC18B1	-0.689302	-0.331885	-3.89887				
SLC19A1	3.48284	0.118596	4.40242	0.0829196	-0.445334	1.92373	0.97053
SLC19A2	1.58421	2.45887	-0.108236	0.0215962	0.765189	1.77336	2.36907
SLC19A3	-1.8671	-1.05354	-0.354582	-0.211058	0.436695	-1.12741	-0.791061
SLC1A1			-2.1364				
SLC1A2	-0.642073	-1.64623	-2.80686				
SLC1A3	-0.181152	-1.36331	-3.07238				
SLC1A4	-0.564226	-1.72066	-4.97579	-0.0650398	-0.791766	1.3779	0.264167
SLC1A5			1.27129				
SLC1A6	2.78954	0.645551	2.39375	0.172828	-0.621448	0.715205	-0.258979
SLC1A7	-1.76374	-1.0572	-1.39151				
SLC20A1	4.65149	4.82493	5.30325	0.409805	0.519043	3.1843	3.68182
SLC20A2	-0.400607	0.654906	1.85084	-0.190409	0.782198	-3.04958	-1.60936
SLC22A1			-2.16239				
SLC22A10	1.56166	1.34142	1.73602	0.614124	-0.0184319	2.59152	2.60862
SLC22A11			0.525497				
SLC22A12			-1.30831				
SLC22A13			-0.033713				
SLC22A14			2.93946				
SLC22A15			-2.08691				
SLC22A16			-1.64716				
SLC22A17			1.2882				
SLC22A18	3.85911	2.88725	7.9151	0.411972	-0.0452075	1.81252	1.54335
SLC22A18AS	-1.90898	-1.4901	0.725244	-0.123759	0.378455	-1.70663	-1.47203
SLC22A2			-3.79479				
SLC22A20			-2.29985				
SLC22A23	-0.599469	0.899427	-1.17556	-0.044313	0.720473	-1.76961	-0.679192
SLC22A24			-2.54985				
SLC22A25			-2.56664				
SLC22A3	1.27091	-0.201511	-5.5728				
SLC22A31			-3.52262				
SLC22A4	-2.39528	-3.50255	-4.62338				
SLC22A5	-2.12173	0.081119	-5.45571				
SLC22A6			-3.37324				
SLC22A7	-1.98377	-1.99764	-0.980139				
SLC22A8			-3.4589				
SLC22A9	0.777944	0.289168	-0.35445	0.560413	-0.0858842	1.59886	1.60147
SLC23A1			1.36418				
SLC23A2			-4.75246				
SLC23A3			-0.451831				
SLC24A1	-2.74848	-4.08427	-2.99543				
SLC24A2	0.73565	1.87279	5.47399	0.0893228	0.907636	-0.275974	0.616476
SLC24A3	-1.00141	-1.59062	-4.42287	-0.114297	-0.584285	0.857305	0.599375
SLC24A4	1.58457	2.46725	1.85102	0.329529	0.111267	3.92961	4.54532
SLC24A5			-1.22692				
SLC25A1	-0.705755	-2.12949	-1.1844	-0.38081	-0.443154	-1.73846	-2.09079
SLC25A10	1.19394	1.45242	6.92466				
SLC25A11			2.43196				
SLC25A12	0.970399	1.97427	-1.80368	0.101997	0.845094	0.37077	1.22657
SLC25A13	-2.43551	-0.308818	-0.528635	-0.52872	0.31274	-2.66811	-1.79692
SLC25A14	2.47549	-0.0145665	0.863307	0.339304	-0.65447	0.29646	-0.731591
SLC25A15	-1.8231	-0.27841	-0.595002	-0.155023	0.566451	-2.30757	-1.40615
SLC25A16	-0.512319	1.0789	-2.7137	-0.0280109	0.508954	0.335477	1.42409
SLC25A17	-1.1115	0.718413	-0.226689	-0.134997	0.692798	-1.85514	-0.578037
SLC25A18	-0.696908	-1.82972	-2.17393	-0.0575535	-0.519475	1.3463	0.619389
SLC25A19	-4.80764	-1.63616	-2.47922				
SLC25A2			-0.837208				
SLC25A20			-2.07309				
SLC25A21			-2.03866				
SLC25A21-AS1	-0.309695	-0.550754		-0.193224	-0.390475	0.383393	0.386971
SLC25A22	2.03326	-0.652276	-5.14754	0.0999337	-0.73741	2.09005	0.640237
SLC25A23	1.404	-0.964821	0.611821	0.236563	-0.623784	1.17219	-0.147786
SLC25A24			3.34216				
SLC25A25	1.13046	1.95792	0.729318	0.126891	0.602917	-0.28753	0.199473
SLC25A26	1.49715	-0.769501	1.87071	0.182784	-0.451593	0.369137	-0.468041
SLC25A27	-0.723252	-0.0586661	-2.9352				
SLC25A28	0.341011	1.20622	-3.175				
SLC25A29			-5.07559				
SLC25A3	1.07338	1.2511	-2.61149				
SLC25A30			-1.17226				
SLC25A31			-1.18988				
SLC25A32	2.16234	2.94615	1.161	0.093665	0.639367	0.494022	1.09112
SLC25A33			0.912781				
SLC25A34	-0.0415281	1.17421	-3.60258	0.0534018	0.531112	1.90659	2.66881
SLC25A35			-0.583518				
SLC25A36	1.1227	2.08872	0.177381	0.0424791	0.717112	1.30706	2.07036
SLC25A37	-2.09806	1.36326	-2.64728	-0.0528111	0.930999	-1.5095	0.671217
SLC25A38			0.498616				
SLC25A39	-2.6742	-2.0066	0.256435				
SLC25A4	1.03788	1.53973	0.837062				
SLC25A40	1.02113	1.92909	1.78296	0.071996	0.613055	0.607124	1.17118
SLC25A41	4.03898	4.80871	1.68028	0.208341	0.408272	3.8261	4.76222
SLC25A42	5.13193	3.23504	0.069595				
SLC25A43	1.06626	1.42642	1.43276				
SLC25A44	2.88155	3.29218	1.52288				
SLC25A45	1.9053	2.29162	0.658179				
SLC25A46	1.58133	0.657712	2.13549				
SLC25A47			0.122134				
SLC25A48	-0.951672	-1.77972					
SLC25A5	-0.213537	0.778988	0.221171	-0.0253781	0.769103	-1.53286	-0.585811
SLC25A51			-2.10154				
SLC25A51P1			-0.631901				
SLC25A52			3.0223				
SLC25A53			-2.86844				
SLC25A5P1			0.480003				
SLC25A6			-0.825059				
SLC26A1	-0.825068	-1.30207	-5.04193				
SLC26A10	4.67296	5.39495	3.8301	0.22346	0.575038	5.74266	6.61603
SLC26A11	3.01489	-0.143405	-3.738	-0.0099942	-0.85431	4.67017	2.12348
SLC26A2			0.353636				
SLC26A3			0.357978				
SLC26A4	4.14029	0.700606	0.004601	0.139117	-0.817453	3.88397	1.25636
SLC26A4-AS1	6.42862	0.091878		0.236807	-0.826417	4.12944	0.856149
SLC26A5			0.353239				
SLC26A6	-1.6195	0.728346	1.97544	-0.193159	0.564895	-1.49051	-0.624867
SLC26A7			-1.64007				
SLC26A8	-0.288318	-1.3514	-3.07852	0.115005	-0.343324	0.89269	0.40883
SLC26A9			1.8324				
SLC27A1			-6.6049				
SLC27A2	1.28436	-0.524169	-2.70097	0.147946	-0.811514	3.20114	1.35163
SLC27A3	2.56555	0.475959	2.86926	0.382301	-0.621772	2.06993	0.87955
SLC27A4	1.79968	1.64336	2.85872				
SLC27A5	2.07102	-0.616889	-2.00921	0.0363565	-0.796189	2.79905	0.742795
SLC27A6	0.639017	-0.381804	0.339979				
SLC28A1			2.13986				
SLC28A2			-2.20666				
SLC28A3			-0.667151				
SLC29A1	5.11189	5.2561	7.83087				
SLC29A2	2.18692	3.10364	1.29293				
SLC29A3	2.07325	-0.1953	2.77138	0.365995	-0.67951	2.70627	1.18702
SLC29A4	0.284453	-1.02896	-3.44038	0.04088	-0.738305	0.441996	-0.0792584
SLC29A4P1			-0.945291				
SLC2A1	-1.8712	-0.912023	-2.99271	-0.353314	0.423161	-2.22514	-1.5713
SLC2A10	-1.46237	-2.33592	-3.45873	-0.236524	-0.66032	-0.128855	-0.650453
SLC2A11	-2.7955	-0.233075	-2.88052	-0.289221	0.503312	-3.46788	-2.14865
SLC2A12	0.571806	-0.888113	-3.95199	-0.0635407	-0.762852	2.84592	1.55015
SLC2A13	-0.85766	0.121514	0.467156	0.257699	-0.52702	3.06776	1.73094
SLC2A14			-0.951439				
SLC2A2			-1.32115				
SLC2A3			-3.18724				
SLC2A3P1			3.78443				
SLC2A4			-3.42504				
SLC2A4RG	0.184657	-1.1525	-4.9947	-0.102554	-0.726048	3.10691	1.82915
SLC2A5	-2.78788	-3.04425	-2.38972	-0.282679	-0.510394	-4.3577	-4.5806
SLC2A6	0.124331	1.391	1.77568				
SLC2A7			1.42818				
SLC2A8	-3.34969	0.73861	-0.992045	-0.196899	0.648783	-1.92719	-0.636627
SLC2A9			-4.66742				
SLC30A1	-1.62708	-1.92651	0.18565				
SLC30A10	0.55584	-1.14132	-3.87195	-0.120179	-0.864647	1.23451	-0.00629838
SLC30A2			-1.80024				
SLC30A3	5.30942	1.69527	6.05539	0.687221	-0.509893	3.02644	1.63146
SLC30A4	3.614	3.84119	3.52926	0.272099	0.0223364	0.463341	0.443198
SLC30A5	-0.148861	1.43274	-0.2932	0.0229993	0.507553	0.935613	1.73417
SLC30A6			-0.510792				
SLC30A7	2.18673	3.25263	2.51808				
SLC30A8			-1.29496				
SLC30A9			-3.19308				
SLC31A1	-0.911704	-0.131154	-1.04952				
SLC31A2	-0.579961	0.310043	0.254596	-0.379133	0.34789	-3.31967	-2.251
SLC32A1	1.58809	3.76477	0.749234				
SLC33A1	-1.61634	0.411247	-0.896128				
SLC34A1	1.06196	1.29414	4.88216				
SLC34A2			-6.19785				
SLC34A3			-2.88079				
SLC35A1	-0.278289	1.22278	-1.79054	0.104055	0.269175	1.2771	2.14345
SLC35A2	3.76884	1.12668	2.53454	0.27589	-0.709418	0.419916	-0.709296
SLC35A3			0.615712				
SLC35A4	-1.42034	0.722045	2.75531	-0.104014	0.798266	-0.682303	0.452058
SLC35A5	0.209266	1.30451	-0.1203				
SLC35B1	3.08795	1.08749	4.06188				
SLC35B2	-1.87151	-0.490056	-0.221939	-0.200841	0.419403	-2.56089	-1.93994
SLC35B3	-1.834	0.416959	1.99262	-0.276496	0.459589	-1.57586	-0.709753
SLC35B4	-0.618489	0.73055	-1.67429	0.0353704	0.643534	-2.39702	-1.1653
SLC35C1	1.9888	2.82537	6.61663	0.151455	0.718309	1.20046	1.75713
SLC35C2			1.97091				
SLC35D1			-3.48273				
SLC35D2			0.495361				
SLC35D3			-2.88344				
SLC35E1	-0.282579	1.19084	-2.49377				
SLC35E3	-2.19308	-3.13375	-4.42802	-0.370334	-0.313901	-4.65647	-5.25279
SLC35E4			-2.94792				
SLC35F1	2.62063	2.78091	3.52889	0.0819435	0.144928	1.99642	2.02004
SLC35F2	3.18167	-0.08973	-2.85515	-0.076374	-0.81063	3.67403	1.41528
SLC35F3	1.39333	2.17677	1.7588	0.259388	0.593034	-0.429759	0.229083
SLC35F4			-3.74358				
SLC35F5			-3.95499				
SLC35F6			-1.2575				
SLC35G2			1.03423				
SLC35G4			-1.89406				
SLC35G5	-1.17424	0.682819	-1.75015				
SLC36A1	0.312997	1.83212	2.7385	-0.0283493	0.67967	0.0378482	0.896654
SLC36A2			-2.3304				
SLC36A3			-0.991689				
SLC36A4	0.78358	1.79895	1.39027				
SLC37A1	1.32368	0.969304	-1.24533	0.192494	-0.296593	2.18845	1.89252
SLC37A2			-1.57167				
SLC37A3	3.63112	3.70777	0.592416				
SLC37A4			0.229299				
SLC38A1	0.652112	1.91388	0.177698	0.0322178	0.790088	0.667936	1.31756
SLC38A10			2.52278				
SLC38A11	-0.906162	1.43401	2.68914	0.0863832	0.814938	0.136606	1.10856
SLC38A2	-0.27096	1.567	2.37218	-0.0931383	0.88879	-0.80329	0.688174
SLC38A3	-3.53947	-0.432846	-3.01292				
SLC38A4			-3.158				
SLC38A5	-2.89202	-0.624536	-2.26126	-0.247813	0.487995	-2.13659	-1.44057
SLC38A6	0.252066	2.08324	-4.26843				
SLC38A7			-3.52218				
SLC38A8	1.17141	0.0607272	0.992104				
SLC38A9	0.452543	1.73154	-1.80208				
SLC39A1			1.66039				
SLC39A10	5.13855	2.994	8.92432	0.410452	-0.486357	1.92589	1.06303
SLC39A11	0.855471	-0.0619042	2.02887	-0.185892	-0.17953	-0.737553	-1.29332
SLC39A12	0.426036	-0.901403	-1.4707	-0.0913669	-0.707226	3.99996	2.58409
SLC39A13	0.49645	1.98108	-0.787901	-0.123821	0.87971	0.834236	1.4298
SLC39A14	-1.35596	1.22859	5.02176	-0.0369411	0.865322	-2.14432	-0.220744
SLC39A2			1.5149				
SLC39A3	3.59929	1.87796	6.74759				
SLC39A4	2.14708	-0.309316		0.485779	-0.69091	1.45522	0.153507
SLC39A5			0.264713				
SLC39A6	-0.141021	-1.05166	-0.712814	-0.138667	-0.584471	-0.768464	-1.27744
SLC39A7	-6.32071	-1.62832	-3.10488	-0.319144	0.451788	-4.42946	-3.16843
SLC39A8	-0.817816	0.63499	3.17293	0.0532271	0.721079	-0.403574	0.425741
SLC39A9			2.13612				
SLC3A1	-0.14351	1.47428	0.936228				
SLC3A2	-3.82733	-4.60357	-4.95727				
SLC40A1	-2.06231	-2.6246	-2.76988	-0.308238	-0.558218	0.273287	-0.515507
SLC41A1	-2.21308	-1.55949	-2.15685				
SLC41A2	4.53878	4.08064	1.51846				
SLC41A3			-3.25811				
SLC43A1	0.146613	1.12487	-2.61098				
SLC43A2	0.691088	1.75931	-0.467492				
SLC43A3			-3.99353				
SLC44A1			1.20841				
SLC44A2	-1.32993	-2.38088	-5.32793				
SLC44A3	-0.735657	-1.78224	-3.38935	-0.179624	-0.628501	1.59493	0.728802
SLC44A4			-2.19449				
SLC44A5	0.0163565	1.49482	-1.31271	0.195862	0.410206	1.67603	3.0227
SLC45A1	1.37018	2.54087	3.17869	0.100115	0.687779	3.86383	4.2972
SLC45A2			2.16299				
SLC45A3	-0.20159	0.401619	0.170993	-0.467477	0.148737	-3.34939	-2.59739
SLC45A4	1.44919	2.20621	3.60084	0.105711	0.799146	0.830877	1.48108
SLC46A1	-3.71776	-2.41952	-4.97894	-0.199187	0.311338	-2.38868	-2.2377
SLC46A2			3.43038				
SLC46A3	-0.888631	0.595466	-0.228463	-0.357868	0.611866	-3.40267	-1.50391
SLC47A1	-0.539012	0.889611	-1.39613	-0.255478	0.731015	-2.27595	-0.941893
SLC47A2			-4.71166				
SLC48A1			-0.200703				
SLC49A3	2.36239	1.9591	3.70615	0.162062	0.120618	-0.118437	-0.533605
SLC4A1			-0.549989				
SLC4A10	1.66082	2.17469	-0.773982	0.35453	-0.0466152	2.69065	3.00298
SLC4A11	-3.47042	-4.05991	-6.46866	-0.470609	-0.412903	-2.12324	-2.51237
SLC4A1AP			0.422853				
SLC4A2	-2.75801	-1.4703	-2.33092	-0.439619	0.440664	-3.31132	-2.20144
SLC4A3	-0.662608	-2.14546	-5.04469	-0.0745197	-0.873375	-1.62122	-1.91208
SLC4A4	-0.616892	-1.61689	-3.21876	-0.0974058	-0.600036	2.39566	1.64521
SLC4A5			-0.581962				
SLC4A7	-3.01846	-1.88728	-5.3057	-0.236334	-0.0276494	-0.997004	-0.818897
SLC4A8	1.2877	2.42859	1.08126	0.0790055	0.932945	1.40594	1.74683
SLC4A9	-4.65873	0.0597639	-6.01736	-0.154265	0.774776	-2.10422	-0.459155
SLC50A1	-3.33299	-1.04174	-1.0811				
SLC52A1			0.581061				
SLC52A2	-0.567881	-1.17464	-3.28935	-0.1014	-0.517841	-1.70121	-2.05587
SLC52A3			-1.4243				
SLC5A1			-1.42083				
SLC5A10			-0.964505				
SLC5A11	-0.0336551	0.734142	-0.51426	-0.417249	0.345241	-2.72571	-1.90102
SLC5A12	-0.0422965	-1.43812	-4.06636				
SLC5A2	-1.72483	-2.55726	-3.29059				
SLC5A3			-2.83186				
SLC5A4	-0.0775142	1.32344	0.360289	0.0701801	0.544991	1.39908	1.97976
SLC5A5			-2.2071				
SLC5A6	-0.505818	1.13336	1.16332	-0.0510246	0.83455	-0.371636	0.560647
SLC5A7			-5.89842				
SLC5A8			-0.161931				
SLC5A9			-3.21998				
SLC6A1			1.03814				
SLC6A10P	-7.11858	-2.71004	-5.15296				
SLC6A11			-0.332975				
SLC6A12	-0.546983	-0.15855	-0.064934	-0.0700218	0.386154	0.306656	0.515138
SLC6A13	2.18877	2.98067	3.05306	-0.023489	0.36858	1.21379	1.47587
SLC6A14			-1.27796				
SLC6A15	-2.25706	-0.987327	-6.73886	-0.309324	-0.173592	-1.25155	-1.31935
SLC6A16	-1.24431	-2.13514	-5.21527	-0.0449123	-0.268801	0.788666	0.486083
SLC6A17	2.38286	3.23919	1.72953	0.0725092	0.377546	4.35504	5.03947
SLC6A18			-0.847091				
SLC6A19	-0.76526	-1.82306	-1.13643				
SLC6A2			-1.22835				
SLC6A20	3.59662	3.04033	2.23545	0.327491	-0.199857	1.05641	0.848478
SLC6A3			-2.44159				
SLC6A4			-2.65538				
SLC6A5			0.372671				
SLC6A6	-0.22556	1.1244	-2.69907	-0.0750203	0.572091	-1.22913	-0.46404
SLC6A7	3.19255	3.68283	6.31472				
SLC6A8	-2.40053	-1.30603	-3.62623	-0.366217	0.441657	-1.82231	-1.11873
SLC6A9			0.120786				
SLC7A1	-0.729325	-0.697171	-1.83937	-0.19535	0.272631	-3.23002	-2.83925
SLC7A10			-4.18271				
SLC7A11	-1.20884	-2.11739	-3.32127	-0.20608	-0.756788	1.51936	0.4525
SLC7A13			2.27205				
SLC7A14	0.519499	0.0850205	-2.82124	-0.226411	-0.506657	-1.79425	-2.507
SLC7A2	0.725965	0.919452	-0.991422				
SLC7A3			1.61422				
SLC7A4	4.08043	0.168389	0.906721	0.103596	-0.911902	2.8218	-0.0348645
SLC7A5	0.149004	0.926181	-1.88394				
SLC7A5P2	0.414177	1.30089	0.544885	-0.137368	0.51235	-0.682774	-0.128716
SLC7A6	-0.810045	0.0814126	-2.08474				
SLC7A6OS	0.308752	-1.02484		-0.311426	-0.443689	-1.39162	-1.80424
SLC7A7	-4.72979	-4.71807	-1.70688	-0.339925	-0.411949	-3.60969	-4.06481
SLC7A8	1.09289	2.44853	-2.04042	0.0445919	0.69965	0.578657	1.19139
SLC7A9			-4.87133				
SLC8A1	-0.746082	1.0957	-2.05761	-0.172876	0.818354	-1.88161	-0.268037
SLC8A2	3.12957	0.746316	1.43514	0.371676	-0.770602	2.72387	0.882039
SLC8A3	0.0233648	-0.651943	-2.84278	0.0418165	-0.532527	1.73691	0.921528
SLC8B1	-4.59314	-2.54414	-5.40556	-0.607308	-0.34143	-2.71682	-3.12756
SLC9A1	0.525861	1.67695	1.93339	0.244584	0.740718	-0.811578	-0.0533458
SLC9A10			-2.23553				
SLC9A11			-1.31196				
SLC9A2			3.04623				
SLC9A3			0.253826				
SLC9A3R1			-4.14214				
SLC9A3R2	-1.5398	-0.164513	-1.6044	-0.10301	0.596849	-0.183596	0.327703
SLC9A4			1.42394				
SLC9A5	-0.255834	1.3194	0.018602	0.0447361	0.691664	-1.07262	-0.325621
SLC9A6	6.79021	3.43251	2.92988	0.501439	-0.51447	5.04205	3.01342
SLC9A7	1.03297	-0.342839	-1.05139	0.135432	-0.460564	-2.28577	-2.91009
SLC9A8			-3.50764				
SLC9A9			-0.195204				
SLC9B1			1.7794				
SLC9B1P1			-0.724468				
SLC9B1P4			1.03855				
SLC9B2			1.41269				
SLCO1A2			0.033912				
SLCO1B1			0.565613				
SLCO1B3			-1.14934				
SLCO1C1	0.0127963	-1.34228	-0.704008	-0.065891	-0.67234	2.80882	1.62813
SLCO2A1	3.61161	3.09195	13.0382	0.422003	0.0495321	1.86447	1.87937
SLCO2B1			-3.32582				
SLCO3A1	-1.74171	-0.44083	-1.89982	-0.492864	0.37977	-4.52068	-2.99244
SLCO4A1	1.27401	2.36004	6.31323	0.0384794	0.804073	1.11906	1.77071
SLCO4C1	8.11163	2.41402	9.48134	0.469612	-0.526796	5.36728	4.06643
SLCO5A1			-3.72107				
SLCO6A1			-3.42013				
SLED1			0.879857				
SLF1	3.53949	2.79077	1.53685	0.366065	-0.427556	5.83836	4.52458
SLF2			-3.03152				
SLFN11	-2.48054	-2.86516	-1.17314	0.0788322	0.20556	-1.8501	-1.86613
SLFN12			-1.54236				
SLFN12L			0.789692				
SLFN13			1.94595				
SLFN14			1.33467				
SLFN5	-2.04976	0.166178	-5.81494	-0.343493	0.687302	-1.98119	-0.688216
SLFNL1	-0.579227	0.175814	0.672804				
SLIRP	0.505921	-1.328	1.3865	-0.000879286	-0.562492	-0.585823	-1.29371
SLIT1	3.48547	-0.712008	-0.403211	0.0719578	-0.94727	0.414939	-1.04538
SLIT2	-0.809096	0.98723	-1.40775	-0.0523725	0.253754	-1.38277	-1.07972
SLIT3	0.0972351	-1.90191	-5.75671	-0.114324	-0.815188	-0.726269	-1.54937
SLITRK1	3.8758	2.9485	1.18924	0.379224	-0.435437	1.37158	0.613104
SLITRK2	3.46151	0.405413	3.68728				
SLITRK3	1.20734	2.4977	0.570881	0.255	0.737145	2.75029	3.18311
SLITRK4	1.9899	2.81931	0.825581				
SLITRK5	5.69702	4.75683	6.54098				
SLITRK6	-2.60574	-3.00332	-6.38994	-0.412802	-0.347581	-1.56838	-1.89635
SLK	0.316606	1.31074	-0.282641				
SLMAP	-1.46405	0.238675	-1.34106				
SLN	2.61251	0.481478	-0.05475	-0.0665697	-0.80296	1.93765	0.325927
SLPI			-0.575106				
SLTM	-0.645752	0.949692	-1.48816	-0.207864	0.44554	-1.35437	-0.562966
SLU7	3.28272	4.19587	5.44547	0.429618	0.466965	2.70076	3.09389
SLURP1			-0.88627				
SLX4	1.33057	1.2885	-2.12339				
SLX4IP			-5.10036				
SMA4			-1.9688				
SMAD1	2.34471	0.0909748	-1.81035	0.138735	-0.768612	2.92967	1.34931
SMAD2	-0.419099	-1.74872	-1.78016	-0.122435	-0.869781	0.63074	-0.514702
SMAD3	3.51176	-0.271784	-1.644	0.22386	-0.824895	1.40689	-0.26934
SMAD4	-0.939183	-1.04269	-3.7356				
SMAD5	-6.81113	-4.50649	-3.71455				
SMAD5-AS1			2.17117				
SMAD6	-0.34628	-0.538752	-0.192472	-0.354653	0.281252	-0.780006	-0.526629
SMAD7	-2.91795	0.0570615	-7.27062	-0.362162	0.385383	-1.92332	-1.29297
SMAD9	-2.12108	-2.27169	-5.34577	-0.626718	-0.417483	-2.28679	-2.54234
SMAP1	-0.216475	-2.18699	-3.04797	0.0358237	-0.688691	-3.76099	-4.00688
SMAP2	2.89686	1.46437	2.02886				
SMARCA1	0.426656	-0.59429	-3.96212	-0.0492709	-0.708473	2.14118	1.583
SMARCA2			-3.55242				
SMARCA4			-3.36848				
SMARCA5	4.05271	4.12115	0.569929	0.343645	0.755706	4.09241	4.00061
SMARCAD1	-1.15312	0.251081	-3.23618				
SMARCAL1	6.38217	3.64739	3.51784				
SMARCB1			0.032606				
SMARCC1	-2.7787	-1.43896	-4.32636				
SMARCC2	-0.721599	0.877344	-3.38328	0.00415713	0.613225	1.4135	2.21867
SMARCD1	-0.182138	-0.210427	-1.99814				
SMARCD2	-2.22263	0.747606	-1.40446	-0.188498	0.775443	-0.991217	0.299398
SMARCD3	-0.199412	-1.92563	-5.34753	-0.172516	-0.882766	-0.361563	-1.21025
SMARCE1	-0.509719	-1.64992	-3.02543	-0.0596322	-0.558264	0.894116	0.375318
SMC1A	5.53294	5.84456	4.86731	0.514878	0.559689	4.12471	4.74004
SMC1B			-3.82249				
SMC2	-1.14269	1.15934	1.15074	-0.0303127	0.69127	-0.219895	0.892225
SMC3			-1.54783				
SMC4	-3.17135	-3.44093	0.028145				
SMC5	1.50396	2.62421	-1.55019				
SMC6	-1.52724	-1.83223	-2.90004				
SMCHD1	-3.48301	-0.497539		-0.0946204	0.498412	-0.950834	0.0410093
SMCO2	2.78822	3.77126	-0.319117	0.128943	0.172079	4.08113	4.5224
SMCO3			0.672047				
SMCO4	-2.6592	0.178317	-1.3129	-0.0403057	0.827746	-1.41635	-0.0362877
SMCP			-0.601811				
SMCR8			-0.614828				
SMDT1			0.436694				
SMEK3P			-1.65635				
SMG1			-3.66927				
SMG5			1.11822				
SMG6			-7.10095				
SMG7	3.41129	3.90139	3.27225				
SMG8	3.81509	0.900277	4.29963				
SMG9	-2.16424	0.167273	-1.59318	-0.175868	0.657427	-1.28501	-0.0321028
SMIM1	0.0827541	-0.595384					
SMIM10	-1.83252	-2.49009		-0.422767	-0.445682	-4.20408	-4.85586
SMIM10L1	-1.01178	-0.305969		-0.0396027	-0.550885	-2.64454	-3.12744
SMIM10L2A	2.28274	-0.995287	-1.54985	0.148756	-0.833919	1.64344	-0.336355
SMIM10L2B	3.22272	-0.665081	-0.845843	0.135472	-0.791791	1.70535	-0.100788
SMIM12	2.83979	2.77629	7.44157	0.359098	0.267794	1.18593	1.23806
SMIM13	1.0608	2.16534	5.01606	0.116598	0.727399	0.981654	1.56604
SMIM14	-1.36035	-2.24385	-5.13157	-0.115457	-0.408617	-1.11256	-1.39469
SMIM15			1.87676				
SMIM19	0.841617	-0.266152	-0.030531	0.259416	-0.576159	1.73837	1.15118
SMIM2-AS1	-0.00968787	-0.114576					
SMIM20	-1.27405	-1.97063	-2.32077				
SMIM24	8.59795	3.69624		0.670669	-0.25504	6.50827	5.37189
SMIM27	-0.47506	-1.70972		-0.0789541	-0.646002	-0.490389	-1.39144
SMIM29	4.96729	-0.579381	-1.45129	0.0976741	-0.883673	0.99064	-0.79866
SMIM3	-1.83947	-0.0130064	-4.01525	-0.202098	0.811341	-1.57919	-0.42658
SMIM30	-3.98912	-4.24968		-0.327503	-0.727111	-1.52576	-2.24861
SMIM32	-0.655003	-0.559512		-0.0685559	-0.0767612	-2.57238	-3.23884
SMIM37	-0.0438917	0.265779		-0.00545668	0.537702	-1.89422	-1.60302
SMIM4	-0.69727	-2.05047		-0.136408	-0.767887	-3.17645	-3.04698
SMIM6	-0.0440371	0.166973		-0.397429	0.164624	-3.38147	-2.72332
SMIM7	-0.620113	-1.78768	-1.541				
SMIM8	0.346357	2.03655	0.291523				
SMKR1	6.05014	0.801926		0.267984	-0.68986	1.44612	0.268031
SMN2			-5.57449				
SMNDC1			0.704405				
SMO	-1.57013	-2.22954	-3.62577	-0.347101	-0.598038	1.13582	0.677873
SMOC1	-5.43704	-5.15114	-3.579	-0.559154	-0.501812	-5.53571	-6.26921
SMOC2	-2.2307	-0.439107	-2.94594	-0.165589	0.693032	-0.596747	0.192205
SMOX	-4.88663	-4.8372	-4.44473				
SMPD1	1.8303	0.714181	3.09811				
SMPD2	3.55499	1.2894	4.82524	0.239528	-0.548037	0.0465061	-0.468683
SMPD3	-1.77774	-1.40259	-4.54895	0.116755	-0.240233	-1.03391	-1.13016
SMPD4			-2.2662				
SMPD5			-2.01151				
SMPDL3A			-2.97629				
SMPDL3B			-1.99969	-0.0899381	-0.219	-0.68364	-0.923223
SMPX	2.60814	3.58604	4.76212	0.415888	0.703589	3.01714	3.45931
SMR3A			0.453652				
SMR3B			-1.5225				
SMS	-0.123275	-0.153301	-2.57805				
SMTN	-1.63151	-1.17652	3.19989	-0.304637	0.334954	-1.2119	-0.710589
SMTNL1			-0.967577				
SMTNL2			2.25922				
SMU1	1.38077	2.28479	3.68582				
SMUG1	2.22819	0.902118	4.29285	0.1783	-0.12907	0.273637	-0.16653
SMURF1			-1.46159				
SMURF2			-1.74791				
SMYD1			-0.291773				
SMYD2	-0.234846	0.121412	3.43809	0.0485797	0.429855	-2.28243	-2.45719
SMYD3	2.51132	0.456116	1.15747	0.184808	-0.465771	-0.0259199	-0.971976
SMYD4	1.79097	2.83248	-0.860162				
SMYD5			1.30741				
SNAI1	2.11385	2.70444	-0.98742				
SNAI2	1.06951	-0.840105	-1.63563	0.175658	-0.646634	0.156696	-0.794218
SNAI3			0.032781				
SNAI3-AS1	1.35189	-0.571479		0.381602	-0.383167	0.820389	-0.0632673
SNAP23			-2.16604				
SNAP25	1.02574	-1.02783	2.33423	-0.0164768	-0.857846	1.32658	-0.120564
SNAP29	-1.22089	-2.37665	-0.54759				
SNAP47			-0.561393				
SNAP91	-0.220165	1.35343	-2.29206	0.0142872	0.392646	-0.659148	-0.042226
SNAPC1			0.795558				
SNAPC2	5.03938	4.89682	4.3875				
SNAPC3			-2.77968				
SNAPC4	1.24711	2.0456	-0.564914				
SNAPC5	2.54677	-0.6083	1.96148	0.38011	-0.726658	1.15761	-0.136291
SNAPIN	-0.759613	-1.60168	-1.9712				
SNCA	4.48095	0.0842013	1.87458	0.206217	-0.908042	3.75015	0.544765
SNCAIP	-2.31306	-0.36304	-3.13609				
SNCB	1.86268	2.50818	3.02184	0.404288	0.659729	1.81923	2.21841
SNCG	-0.470923	-1.9766	-0.842035	0.319076	-0.487963	-2.10412	-2.9368
SND1	5.42804	1.85532	2.25052	0.271086	-0.691098	6.10958	3.17654
SND1-IT1	1.26338	2.34843	8.24148	0.125515	0.496126	4.24072	4.79435
SNED1	-3.09338	-1.95538	-0.759263				
SNF8			-1.13082				
SNHG1	-6.60567	-0.0139442	-3.90314	-0.263682	0.792148	-4.54501	-1.56677
SNHG10	0.817373	1.97865	-0.283896	0.101298	0.190665	3.24331	3.92054
SNHG11			0.558818				
SNHG12			-2.89933				
SNHG14	-0.422475	1.67046		0.082525	0.731111	0.66052	2.07002
SNHG15			1.44541				
SNHG16	-0.546605	-1.73529					
SNHG17	-4.90368	-2.04784		-0.416768	0.26395	-2.56046	-1.96294
SNHG18	-1.66598	-1.00872		-0.641515	-0.049473	-5.83648	-5.21873
SNHG19	0.297691	-0.435589		-0.0858151	-0.468821	2.00333	1.92958
SNHG20	1.94474	0.800448	-1.81614				
SNHG21	0.197098	0.166703		0.173529	-0.0584342	2.06348	2.36341
SNHG28			2.18969				
SNHG5	-3.67246	-3.89482	-3.62364				
SNHG7	0.675488	1.63355	-1.84871	-0.198104	0.413076	0.765703	1.6333
SNHG8	1.95447	-0.498657	-2.82866	0.0684213	-0.898942	2.70986	0.711144
SNIP1			-0.391843				
SNN	0.528637	-0.173037	1.25908	0.0311841	0.171579	-2.1457	-2.62812
SNORA70			-1.93341				
SNORC	1.01672	2.2055	3.81341	-0.0709726	0.263542	1.77858	2.47854
SNORD14E			-3.26988				
SNORD22			-3.60504				
SNORD81			-6.12158				
SNPH	-2.70236	-1.96377	-4.78507				
SNRK	-4.1094	-0.389308	0.945328				
SNRNP200			-0.333643				
SNRNP25	0.549147	-0.0560973	1.36231	0.0995878	0.182295	-1.24663	-1.69349
SNRNP27	2.07484	-0.893087	-0.945379	0.134167	-0.846557	1.72889	-0.133373
SNRNP35	0.458682	2.54233	-0.44966	0.0119659	0.715715	1.09602	1.88869
SNRNP40	-1.08386	0.759028	1.63744				
SNRNP48	-4.20412	-1.64333	-3.50278	-0.507658	0.256202	-2.43892	-1.92016
SNRNP70			-1.66229				
SNRPA			-0.436609				
SNRPA1	-0.136122	-0.176643	2.57441				
SNRPB			1.92984				
SNRPB2	-1.79404	-2.57599	-3.04345	-0.158738	-0.530823	-2.87302	-3.21919
SNRPC	-1.43742	-2.32921	-1.03374				
SNRPD2			3.20605				
SNRPD2P1			-0.040464				
SNRPD3	-2.1408	-2.74163	-5.96319	-0.258034	-0.738999	-2.48016	-2.66063
SNRPE			1.07516				
SNRPEP4			-0.722351				
SNRPF			-3.93064				
SNRPG	-1.25485	-2.0784	-2.56257				
SNRPN			-0.814212				
SNTA1	-0.508973	-1.51773	-3.24679	0.0486071	-0.474482	1.27375	0.534262
SNTB1	-1.12774	-2.33777	-2.15203	-0.305515	-0.556069	0.209692	-0.445275
SNTB2	3.72817	3.31583	2.91553	0.497935	-0.116257	1.21632	0.976356
SNTG1	3.04562	3.28181	2.6175	0.223593	0.810465	2.43796	2.79267
SNTG2	1.33067	-0.600041	-1.33081	-0.0137338	-0.714588	-0.601933	-1.33856
SNTN			-2.00075				
SNU13			2.22494				
SNUPN	4.76148	0.238988	3.12363	0.110981	-0.709007	1.44005	0.124899
SNW1	-2.24551	-0.824664	-1.12773				
SNX1	-1.96966	-1.43251	-2.27041	-0.511382	0.173525	-4.53644	-3.83468
SNX10	3.70937	1.55598	5.59867	0.350694	-0.385725	2.23879	1.2496
SNX11			5.34719				
SNX12	1.99166	1.97732	0.200497				
SNX13	2.39732	0.11094	-0.837617	-0.0676511	-0.504647	0.813253	0.488574
SNX14			4.8807				
SNX15			2.38821				
SNX16	3.87138	4.50547	0.412632	0.156958	0.223774	2.7133	2.96948
SNX17			1.72955				
SNX18			-2.21107				
SNX19			-3.1583				
SNX2	1.19867	-1.1995	-1.37164	0.0706418	-0.718661	-0.224248	-1.13919
SNX20	-3.38609	-0.613355	-2.88274				
SNX21	1.03889	1.72118	0.686035	0.0198092	0.706592	-0.810429	-0.34719
SNX22			-1.55089				
SNX24	-0.998843	-0.604185	0.207942	-0.338539	0.450099	-4.37336	-3.21087
SNX25	0.597795	1.05569	-2.76747	-0.243507	0.244765	0.666421	1.41119
SNX27	0.440735	1.22033	-2.18881	-0.0524739	0.656801	-0.874533	-0.30223
SNX29	-1.95265	0.0451385	-2.31907				
SNX29P2	-0.388232	0.768098	-5.23883				
SNX3	2.06215	-0.687574	4.2652	0.201799	-0.621284	0.932779	-0.195028
SNX30	2.48833	2.73472	1.11843				
SNX31			-1.94798				
SNX32	4.09137	1.01882	5.992				
SNX33	1.35195	0.45356	4.53486				
SNX4	1.79983	1.14658	0.174186				
SNX5			-0.901544				
SNX6			-1.8759	-0.458852	-0.263692	-1.77502	-2.03972
SNX7	1.18675	-0.965382	-0.552336	0.152756	-0.917476	2.3716	0.261223
SNX8	-0.53329	-0.177217	4.08723	0.0320211	0.41324	2.04121	2.76656
SNX9	-0.0594748	1.3681	-0.852055	-0.118187	0.373588	0.889532	1.2677
SOAT1	-0.0265112	1.35779	0.303324	-0.229914	0.732729	-0.920105	0.164453
SOAT2			0.82745				
SOBP	-0.0480666	-1.13308	-1.25827	0.094422	-0.717001	1.96847	0.94525
SOCS1			-1.19088				
SOCS2	-3.14004	-1.82036	-3.88947	-0.164273	-0.461146	-3.41993	-4.43768
SOCS3			-1.74542				
SOCS4	-1.37101	0.646858	-1.39904				
SOCS5	3.54456	4.14847	1.19694	0.288102	0.684671	4.22228	4.77473
SOCS6			-2.90835				
SOCS7	1.39018	-0.101712	-0.680537	0.142716	-0.657071	2.02835	0.91926
SOD1	0.394252	-1.1001	-0.571709	0.00855146	-0.413112	-1.12195	-1.90016
SOD2	-0.14339	0.787001	-2.34467	-0.10679	0.412055	-1.74069	-1.25469
SOD3	-1.95901	-3.25261	-1.3484	-0.309565	-0.307081	-0.584034	-1.11376
SOGA1	-1.10302	-1.82712		-0.284323	-0.49605	0.250277	0.0479063
SOGA3	-0.914502	0.893548		0.00597078	0.597663	-1.25561	-0.442059
SOHLH1	1.41385	2.32541	6.95598	0.0440728	0.832408	1.23479	1.64843
SOHLH2			-7.30637				
SON	-0.390194	1.01173	-1.86484				
SORBS1	-4.3592	0.0494418	-4.47065	-0.146272	0.699376	-0.956743	0.251876
SORBS2	-0.477546	-1.84383	-3.38986	0.138289	-0.748933	-0.538553	-1.04068
SORBS3	-4.34589	0.0910034	-6.98695	-0.338995	0.766423	-0.415017	0.884686
SORCS1	-0.17211	1.15588	1.3684	0.272483	0.682435	-0.567494	0.164751
SORCS2	1.23456	-0.335429	2.66209	-0.227636	-0.500691	0.909574	0.0740133
SORCS3	1.48892	0.894222	-5.32735	-0.0017777	-0.30745	1.02981	0.979361
SORD			-5.04029				
SORL1	1.21765	2.0895	4.35375	0.110072	0.759369	0.338551	0.921457
SORT1	-0.529837	0.781568	-1.42876	-0.129508	0.595845	-2.88176	-1.50248
SOS1	-1.81979	-1.85276	-4.34415				
SOS2			-4.26364				
SOST	0.271558	1.66555	4.818	0.144954	0.823362	-0.11159	0.664001
SOSTDC1	-0.0242042	0.800706	-2.02395	-0.0524167	0.00477998	-1.57932	-1.81845
SOWAHA	0.208078	-1.22944	-3.30329	0.226546	-0.785697	0.592859	-0.226061
SOWAHB	7.43307	5.68799	8.55238	0.669677	0.12491	6.78393	6.58476
SOWAHC	-4.10114	-5.02874	-4.08456	-0.562083	-0.406607	-2.57551	-3.07045
SOWAHD	-0.976646	-1.91082	-1.89284	-0.167503	-0.61299	-2.02047	-2.59878
SOX1			0.700727				
SOX10			0.499115				
SOX11	-0.64793	-1.75693	-5.69493	-0.177084	-0.839297	-0.114772	-0.917916
SOX12	2.49206	3.35891	-0.919367				
SOX13			-0.788808				
SOX14			0.944728				
SOX15	-0.912605	-0.258369	-4.89757	0.0399093	0.145779	3.11429	3.82936
SOX17	-1.72678	-0.203213	-1.50909	-0.196533	0.473865	-1.52864	-0.889269
SOX18			1.12743				
SOX2	-1.29696	-1.97738	-4.98412				
SOX2-OT			0.908665	-0.461965	0.149385	-4.00604	-3.29982
SOX21	-1.64954	-2.15411	-4.50737				
SOX3	-1.52702	-2.48968	-4.80172	-0.513988	-0.574129	-0.77394	-1.21343
SOX30			1.25555				
SOX4	0.263954	-0.726368	0.263871	0.125709	-0.746924	1.64868	0.520909
SOX5	-0.165463	-1.97029	-0.315694	-0.141002	-0.61744	-2.60845	-4.10473
SOX6	-0.902798	-1.14699	1.63842				
SOX7	-4.43407	-0.904746	1.26937				
SOX8			-0.675207				
SOX9	-0.591915	-1.55134	-4.15221				
SOX9-AS1	0.214544	-1.37721		-0.182704	-0.719581	1.16203	0.170484
SP1	-2.41238	-0.78505	-2.22572				
SP100	-0.0432274	-1.11912	-4.61727				
SP110	-4.85894	-4.67886	-2.70496				
SP140			-0.940197				
SP140L			0.981779				
SP2			-0.510785				
SP3	2.94911	3.57184	-3.59939	0.243042	0.606803	3.01633	3.71126
SP4			-0.674632				
SP5	1.4496	-1.19291	-2.16018	-0.0277658	-0.874044	-0.359492	-1.24332
SP6	-0.712396	-0.223364	1.87733				
SP7			-1.13101				
SP8			-0.537974				
SP9	-0.524215	1.23145	1.31484	0.152016	0.471558	-0.956799	-0.405699
SPA17	-4.25409	-4.69214	-6.10365	-0.0687016	-0.479097	-3.3652	-3.7786
SPACA1			-2.92183				
SPACA3	-2.62988	-3.04353	-5.43083				
SPACA4			0.826707				
SPACA5			0.505634				
SPACA6	-0.767058	1.37512	-2.4546	-0.240441	0.63186	0.327374	1.13509
SPACA9	4.47235	1.15202	-2.14345	0.20719	-0.63244	3.64003	1.54158
SPAG1			0.953016				
SPAG11			0.502628				
SPAG16	-3.40085	-0.978562	-2.44132	-0.204295	0.77267	-2.23476	-0.54805
SPAG17			-8.04356				
SPAG4	0.43644	1.925	5.49504	0.025353	0.893694	1.05293	1.66
SPAG4L			-1.34463				
SPAG5	0.957258	1.81117	0.190844	-0.000338081	0.364511	0.591678	1.06547
SPAG6			3.84257				
SPAG7			-2.37283				
SPAG8			-3.06136				
SPAG9	0.867788	1.86587	0.364913	0.017756	0.422071	0.218532	0.560679
SPAM1			-0.814038				
SPANXA1			-1.38612				
SPANXA2-OT1			-4.92511				
SPANXB1			-1.34925				
SPANXC			4.21458				
SPANXD			0.265781				
SPANXN1			-0.465233				
SPANXN2			-0.909267				
SPANXN3			0.03232				
SPANXN4			1.54203				
SPANXN5			0.734126				
SPARC	-3.72712	-4.58844	-4.67848	-0.553206	-0.557433	-4.55199	-5.11568
SPARCL1	-0.797957	0.00602476	-1.66157	-0.25754	0.509145	0.487152	0.831948
SPART	-1.86027	0.582161	-0.88012	-0.211175	0.68634	-1.14585	-0.0497381
SPAST	-1.97385	-2.87257	-2.55304				
SPATA1	-0.362283	-1.68142	-4.4744	-0.182553	-0.440452	-0.758714	-1.08346
SPATA12			-2.04752				
SPATA13	-1.67362	-1.87785	-2.03362	-0.50833	-0.327737	-3.12389	-3.37341
SPATA16			2.41472				
SPATA17			-5.5461				
SPATA18	-0.217801	-1.72917	-3.25058	-0.210541	-0.632571	-3.68659	-5.12156
SPATA19			0.948421				
SPATA2	4.51298	5.10381	3.66211				
SPATA20	2.32607	0.0119515	1.03449	-0.028782	-0.574954	1.23403	0.236159
SPATA21			0.486802				
SPATA22	0.288506	1.16268	3.95492	0.0451186	0.537764	-0.06459	0.391831
SPATA24	1.00551	-0.442319					
SPATA25			-1.35997				
SPATA2L			-3.06509				
SPATA3			2.19476				
SPATA32			-1.11031				
SPATA33	-0.778325	-2.02081	-4.44895	-0.0806617	-0.92748	-0.838185	-1.4434
SPATA4	-0.0204965	-1.39613	-4.4954	0.0867834	-0.666901	2.20991	0.980609
SPATA5	-1.21963	-0.179264	-0.16146				
SPATA5L1			1.14547	0.0609847	-0.403929	0.941821	0.80681
SPATA6	-2.11918	-1.04456	-0.839016	-0.445774	0.328002	-1.39871	-0.921429
SPATA6L			1.66124				
SPATA7	-4.43308	-3.16754	-2.97311	-0.112125	0.243636	-1.62597	-1.18037
SPATA8			-3.9365				
SPATA9			1.03151				
SPATC1			-0.974041				
SPATC1L	2.53799	-0.275682	0.5665	0.248887	-0.806682	4.44136	1.29925
SPATS1			-4.27771				
SPATS2	3.17211	2.31087	5.91653				
SPATS2L	2.42087	1.49747	2.53816	0.523177	-0.298741	4.55727	3.77201
SPC24			1.26452				
SPC25			-2.58898				
SPCS1			-2.06362				
SPCS2	-0.182394	-0.918796	1.35227	-0.105099	0.104479	-1.45272	-1.85562
SPCS3	3.92218	2.55705	2.07501	0.349208	-0.341157	0.381231	-0.177741
SPDEF	2.20424	2.20238	5.83452	0.310013	0.228981	2.28374	2.51004
SPDL1	0.189249	-0.520663	-3.19027	0.118125	-0.581746	1.44973	0.917652
SPDYA			-3.23774				
SPDYC			-4.06281				
SPDYE1			-1.98065				
SPDYE2			-2.85231				
SPDYE3			0.343733				
SPDYE4			0.56761				
SPDYE5	1.35953	2.41654	0.850891	0.243754	0.298645	2.7744	3.91439
SPECC1	-0.731912	1.29511	0.846619	-0.22653	0.794016	-1.71208	-0.0862721
SPECC1L	0.466982	1.5223	-1.15109	-0.043082	0.712181	-0.0813083	0.509272
SPEF1			-5.19691				
SPEF2	-4.37665	-1.16559	-4.15936	-0.197086	0.668968	-2.86116	-1.309
SPEG	0.0809951	0.536313	-3.15164	0.215966	-0.0922844	1.14318	1.19365
SPEM1	-1.56612	-1.47464	-2.90128				
SPEM2			2.4564				
SPEN	-0.236783	1.20194	0.056035				
SPERT			-0.71485				
SPESP1			-0.170187				
SPG11			-2.91177				
SPG21			-3.11571				
SPG7			-0.347739				
SPHAR			2.98586				
SPHK1	-1.22413	-0.0446461	0.589468	-0.18026	0.703016	-4.10859	-2.49008
SPHK2	0.311978	1.32222	0.491639	-0.103462	0.684145	-0.917803	-0.327351
SPHKAP	-1.28975	-2.76332	-3.8478	-0.402476	-0.629479	-2.93896	-3.86
SPI1			0.539944				
SPIB	-0.752663	1.27621	2.64002	0.0525892	0.583784	-1.00776	-0.219655
SPIC			1.76037				
SPICE1	6.14747	1.55026	1.82118	0.24718	-0.665628	5.08847	3.02581
SPIDR	-1.70451	-1.12456	-4.97836	0.0988789	0.281248	-0.719288	-0.188643
SPIN1			-2.16429				
SPIN2A			-1.94472				
SPIN2B			-0.543519				
SPIN3	0.904907	2.19809	1.26588	0.22368	0.513099	3.61862	4.29465
SPIN4	-0.370265	-1.29791	-3.8446	-0.211976	-0.58282	-0.176705	-0.569439
SPINK1			-3.11354				
SPINK2	-1.29288	-0.36067	-1.51115	0.148846	0.11815	-0.246839	0.212865
SPINK4			1.00616				
SPINK5			-1.46156				
SPINK6			-0.077002				
SPINK7			-2.61757				
SPINK8	-4.36114	-1.27151	-3.07445	-0.419293	0.438833	-6.24929	-4.47004
SPINK9			-1.79791				
SPINLW1			1.15318				
SPINT1			-0.922325				
SPINT2	5.23252	1.26111		0.271498	-0.787924	6.19561	1.83897
SPINT3			-0.579953				
SPINT4			-2.00156				
SPIRE1	-2.37596	0.656038	0.416015				
SPIRE2	-1.16405	0.906977	-2.5887				
SPN			-0.705736				
SPNS1			0.538203				
SPNS2	-3.43049	0.128172	-1.12845	-0.163633	0.796555	-1.68729	-0.121269
SPNS3	-1.82113	-2.80877	-0.641697				
SPO11			-1.16819				
SPOCD1	0.848456	2.03356	-0.774847	0.0990356	0.678521	0.774878	1.4015
SPOCK1	0.948283	1.35447	-0.988557				
SPOCK2	-1.70864	0.10715	-3.16291				
SPOCK3	-0.218795	-0.194779	1.10588	-0.372001	0.177357	-0.99212	-0.658382
SPON1	-1.84835	-2.42155	-3.28852				
SPON2	5.21482	1.61796	9.29547	0.296023	-0.550553	2.81444	1.70511
SPOP	-0.306704	0.176767	-2.31448				
SPOPL	-1.21661	0.821614	0.469387	-0.101214	0.607549	-0.404507	0.327272
SPOUT1			-2.85517				
SPP1	-1.99955	-0.696771	-0.540742	-0.478713	0.360609	-6.19994	-3.97086
SPP2			-0.520739				
SPPL2B			-2.13341				
SPPL3	4.86428	0.112915		0.208841	-0.885784	4.23633	0.824033
SPR	0.908312	0.806009	0.186516	-0.113576	0.0973671	-0.169822	-0.434035
SPRED1	0.391489	-1.13985	-0.115005	0.00207146	-0.727831	0.815283	-0.107439
SPRED2			-0.007697				
SPRED3			0.615271				
SPRN	7.73883	3.07044	8.79284	0.528191	-0.630761	5.81321	2.82814
SPRR1A			1.2319				
SPRR1B			-1.52665				
SPRR2A			-5.29538				
SPRR2B			-0.982044				
SPRR2C			2.20896				
SPRR2D			0.137141				
SPRR2E	-1.66563	-1.10126	-1.24686				
SPRR2G	1.8992	-0.602052	-0.355821	0.261953	-0.754111	0.0217207	-0.93379
SPRR3			-3.97624				
SPRR4			2.04887				
SPRTN	0.114862	1.36288	2.00824	-0.0258354	0.378761	2.10517	2.6497
SPRY1	1.66145	-0.339736	4.30622	-0.0194013	-0.571139	0.174026	-0.700844
SPRY2			-3.11297				
SPRY3	-3.23937	0.372654	0.832726				
SPRY4	2.6001	2.28725	2.51594	0.0860575	0.114594	2.53571	2.70632
SPRYD3	3.06224	1.94138	-1.24417				
SPRYD4	-0.27847	-1.68484	-3.6682				
SPRYD5			-0.995378				
SPRYD7	2.33197	0.358783	-1.35773				
SPSB1	0.0690203	1.3507	0.742517	-0.44243	0.514383	-0.474702	0.190604
SPSB2	0.517642	0.421196	-4.3788				
SPSB3	2.84914	3.51972	3.49587	0.323047	0.438866	3.81899	4.71364
SPSB4	-2.07023	-2.93814	-4.34412				
SPTA1			-1.08966				
SPTAN1			0.169254				
SPTB	-3.65319	-0.747755	-5.25849	-0.0831886	0.569288	-1.30896	-0.496863
SPTBN1			-5.1677				
SPTBN2			-4.28906				
SPTBN4	1.65879	2.50288	-0.902684	0.250392	0.737682	2.47464	3.25616
SPTBN5	0.397723	1.55058	2.66106	-0.182588	0.517352	-0.0858542	0.60917
SPTLC1	0.39534	-1.38191	-2.69703				
SPTLC2			1.54535				
SPTLC3			-0.605484				
SPTSSA	-2.48234	-3.37934	-2.63669	-0.422458	-0.555323	-1.3766	-1.80108
SPTSSB	1.2993	2.37501	5.59994	0.149244	0.911473	2.29683	2.21162
SPTY2D1	-0.604611	-1.61543	2.78959				
SPX	-1.13336	-1.88657	-1.30854				
SPZ1			-0.690802				
SQLE	1.7042	-0.566723	-0.597582	-0.0454888	-0.770832	-1.72827	-2.48108
SQOR	-2.65116	-3.14592	-2.38569	-0.222148	-0.580866	-4.4655	-5.23289
SQSTM1			-1.82988				
SRA1	1.97116	2.75513	2.095	0.186731	0.781778	1.10603	1.66068
SRARP	0.208797	1.16031	-0.213663	-0.00872705	0.600313	-0.478985	0.172878
SRBD1			2.12007				
SRC			-2.02647				
SRCAP			3.182				
SRD5A1	-0.147086	-1.37304	-2.65466	-0.198358	-0.46548	-3.25053	-4.01627
SRD5A2			-1.97656				
SRD5A3	0.867362	-0.927097	-0.579414	0.000660421	-0.622205	-2.62758	-3.08764
SREBF1	-2.45897	-3.34895	-4.9595	-0.396353	-0.431679	-0.306511	-0.443412
SREBF2	-0.225345	-1.39111	-3.42884				
SREK1	1.10928	2.24373	-2.1939	-0.0592733	0.28094	2.66127	3.52817
SREK1IP1	0.481686	-0.737602	-0.84605	0.0220751	-0.631723	1.00382	0.489451
SRF	1.00947	1.22355	-2.8889				
SRFBP1	-3.67841	0.174188	-3.67186	-0.078076	0.762987	-1.18329	0.206773
SRGAP1	-1.02059	-1.87849	-2.77484	-0.45777	-0.68514	0.0712715	-0.417357
SRGAP2	-1.13268	-0.00317599	-4.33514	-0.292604	0.439307	-1.45288	-0.925054
SRGAP2B	-1.74905	-0.583276					
SRGAP2C			-2.67734				
SRGAP3	-1.26735	-0.044281	1.45071				
SRGN	-4.99069	-4.65036	-2.66998	-0.428138	0.0777646	-5.68437	-5.5091
SRI	0.331211	-1.19782	-2.5411	-0.03648	-0.521526	1.15208	0.381446
SRL			-1.89422				
SRM	0.801413	-1.2546	-0.277691	0.0122484	-0.831004	0.236601	-0.750937
SRMS			2.05297				
SRP14			-3.33853				
SRP14-AS1	-1.06385	-0.991496		-0.317255	0.218619	-1.13189	-0.825527
SRP14P1			-0.967387				
SRP19	3.29966	-0.0225632	0.506292				
SRP54			-2.59551				
SRP68			0.255727				
SRP72			-5.62136				
SRP9	-0.779113	-1.92509	-4.40574	-0.0705844	-0.572105	-1.5061	-1.99805
SRPK1	2.62723	3.74545	0.64547	0.313193	0.731671	1.6234	2.43391
SRPK2			0.231392				
SRPK3	1.39167	2.27666	3.72504				
SRPRA	1.66922	2.02669	3.50252	0.154426	0.519716	0.251983	0.425153
SRPRB	2.33661	2.23502	1.14972				
SRPX	-2.61158	-1.43675	-3.99349	-0.54236	-0.117867	-1.04447	-1.06179
SRPX2			-0.636683				
SRR	0.704153	-1.13996	-0.505575	0.0315874	-0.625313	0.981956	-0.138542
SRRD	1.76339	-0.958118	1.81963	0.246762	-0.749112	0.291943	-0.804595
SRRM1			-1.8355	-0.10801	0.31413	0.172419	0.677453
SRRM2			-1.44132				
SRRM3	-4.33447	-1.103		-0.126844	0.536969	-1.07817	-0.465503
SRRM4	1.3973	2.49557	-2.17787	0.371429	0.321932	1.79391	2.53779
SRRT			-2.04073				
SRSF1	0.269524	2.06235	0.355048	0.0147475	0.805203	3.86829	3.58372
SRSF10			-2.22962				
SRSF11	-2.27881	0.240395	-2.77178	0.0291573	0.360891	-0.747802	-0.0569085
SRSF12	4.56725	0.557839		0.251274	-0.781891	3.41041	1.25238
SRSF2			-5.04458				
SRSF3			-4.62982				
SRSF4			-4.42387				
SRSF5	-1.12194	0.142132	-7.37933				
SRSF6	-2.01744	-0.915205	-1.02583				
SRSF7	-1.40539	-0.505343	-1.16362				
SRSF8	0.844538	2.56915	1.50659	0.183386	0.74339	-0.592367	0.593425
SRSF9			-1.67393				
SRXN1	1.10698	2.12029		0.228934	0.732616	-0.231872	0.307681
SRY			-4.33374				
SS18			-4.01372				
SS18L1	0.180941	1.3852	-0.2774				
SS18L2			-0.436888				
SSB			-4.13768				
SSBP1	0.176354	-1.42774	-0.914594	-0.0137584	-0.567925	-1.40476	-2.14514
SSBP2	-1.45117	-1.10405	-3.6713	-0.230184	-0.514626	-0.58277	-0.780243
SSBP3	-1.95678	0.286425	-4.22964	0.0702063	0.563916	-0.0551273	0.6806
SSBP4	-2.18933	-3.12197	-3.31342	0.11758	-0.478942	-0.706135	-1.1091
SSC4D	0.165019	-1.36636	0.201849	-0.079456	-0.554874	-1.10543	-1.99245
SSC5D	-1.69116	-2.7552		-0.221389	-0.45889	-1.01786	-1.64153
SSFA2			-7.02279				
SSH1			-4.60907				
SSH2	0.977657	-0.0728764	1.93192				
SSH3	0.80036	2.27238	2.85979	-0.172823	0.761987	3.47334	3.55356
SSNA1	-0.397841	0.253523	2.71195				
SSPN	-2.59674	-3.09788	-3.6062				
SSPO			3.73904				
SSR1	1.52893	1.76609	-0.80492				
SSR2			-0.318007				
SSR3	-0.973324	-2.21244	-1.07212				
SSR4	2.21599	-0.850479	3.00441	0.0453021	-0.659642	0.380724	-0.537741
SSR4P1	0.87473	-0.68428	0.203301	0.059278	-0.745613	-1.65548	-2.37096
SSRP1	2.56441	2.46885	-2.93604				
SSSCA1	0.984066	-1.37337	0.713849	0.0119618	-0.831211	0.112391	-1.00229
SST	1.38365	-1.11854	-1.53662	-0.0837118	-0.887669	2.20812	0.25005
SSTR1	3.82392	-0.781988	0.884284	0.116061	-0.967168	2.14149	-0.585243
SSTR2	2.59429	-0.195688	-0.962832	0.126837	-0.802014	-0.367377	-1.54549
SSTR3			-3.04855				
SSTR4			-1.46312				
SSTR5			-0.19728				
SSTR5-AS1			-1.82563				
SSU72			-1.74442				
SSU72P1			-1.0731				
SSU72P8			-0.720528				
SSUH2	-1.56863	-2.64676	-0.749636				
SSX1			-2.51129				
SSX2B			-4.7464				
SSX2IP	1.18567	2.27063	5.39182	0.342949	0.39463	1.25002	2.01146
SSX3			-0.118224				
SSX4			-1.72944				
SSX5			0.792695				
SSX6			-1.77839				
SSX7			-0.08846				
SSX8			1.23013				
SSX9			-1.13983				
ST13			-3.83372				
ST13P1			-4.43572				
ST13P18			-4.71252				
ST13P2			-5.54725				
ST13P4			-0.802311				
ST14			2.37887				
ST18			2.58318	-0.385235	0.159761	-2.60237	-2.10306
ST20	-0.620876	-1.73683	-0.333693	-0.0619141	-0.890752	0.657526	-0.517556
ST3GAL1	-0.0106958	-0.371858	-1.19346	-0.348447	-0.0522303	-3.03123	-3.48103
ST3GAL2	-3.91643	-1.42958	-1.71394	-0.235156	0.557236	-3.391	-2.40426
ST3GAL3	3.06006	4.51642	4.69946	0.346874	0.547277	2.46315	3.15245
ST3GAL4	0.436314	1.18292	3.54606				
ST3GAL5	-0.736199	1.09328	-3.94421	-0.199106	0.690332	-1.12501	0.250772
ST3GAL6	-3.93517	0.500603	-3.42667	-0.0105465	0.83767	-3.30807	-0.900541
ST3GAL6-AS1	-3.44473	0.375164		-0.137105	0.810125	-5.10957	-1.8449
ST5	0.634349	-1.49642	-2.95622	-0.101411	-0.766657	1.85847	0.406814
ST6GAL1	0.169129	-1.18699	-0.128381	0.0283128	-0.548113	0.00284343	-0.668291
ST6GAL2	-1.07126	-0.841956	-3.74747	0.118479	-0.32233	1.7523	1.64447
ST6GALNAC1	-0.142167	1.30604	1.78909	-0.13951	0.682824	-1.24954	-0.267813
ST6GALNAC2			-1.21123				
ST6GALNAC3	-0.232531	-0.147921	-0.051831	-0.506426	0.152634	-2.87418	-2.39244
ST6GALNAC4			-2.77164				
ST6GALNAC5	6.18251	0.610675	3.75477	0.485889	-0.716356	6.32738	2.40516
ST6GALNAC6	-0.838262	-1.91574	-4.72825	0.0583711	-0.748429	-0.152022	-0.993092
ST7			2.78748				
ST7-AS1	2.17903	1.74867	-1.49449	-0.24668	-0.278945	3.42525	3.60405
ST7-OT3			0.649156				
ST7L	-1.112	0.604391	1.05743	-0.0243016	0.399309	1.61386	2.54554
ST8SIA1	0.767775	2.53708	1.58664	0.0384663	0.847065	0.741488	1.4414
ST8SIA2			-4.88783				
ST8SIA3	5.5166	4.36045	3.11295	0.578348	-0.133081	4.00175	3.67085
ST8SIA4	-0.80283	-0.779979	-1.82644	-0.095865	-0.509026	0.600815	0.251299
ST8SIA5	2.84797	3.71445	8.09049	0.204647	0.719981	1.54444	1.86944
ST8SIA6			1.63038				
STAB1	-3.68717	-3.43616	-0.046578	-0.159322	-0.592786	-2.77296	-3.22135
STAB2			-3.02144				
STAC			-5.79297				
STAC2	0.361627	1.63544	0.245818	-0.0897816	0.884206	0.313493	0.9599
STAC3			-2.08504				
STAG1	-0.563602	1.25492	-1.3538	-0.0785155	0.465074	0.856535	2.02607
STAG2	-3.47206	-2.34122	-1.95187				
STAG3	-3.1162	-3.59309	-0.529922	-0.273992	-0.447359	-1.7872	-2.15011
STAG3L1			-6.43443				
STAG3L2	0.330821	1.14783	-7.04348	-0.0418565	-0.155432	1.49137	1.83276
STAG3L4	-1.56745	1.16089	3.4131	0.0693265	0.819476	0.798934	1.46867
STAG3L5P	-0.826838	0.0456753					
STAM	-0.529569	0.997525	1.62395				
STAM2	-2.01759	0.372278	-0.000855				
STAMBP	-2.33902	-0.287927	-3.02416	-0.383606	0.422359	-4.02513	-2.60786
STAMBPL1	4.35865	5.49949	4.77391	0.578095	0.528893	7.4253	7.89838
STAP1			-0.637554				
STAP2	2.21202	1.69951	5.0328				
STAR	1.74006	2.08874	0.673153	0.108658	0.603286	0.542876	0.758039
STARD10	-2.61811	0.478895	-1.56776	-0.000482584	0.773996	-3.31124	-1.20859
STARD13	1.04821	1.56247	0.572413				
STARD3			-2.35988				
STARD3NL	-0.888859	-2.35347	-3.84669	-0.0882111	-0.611552	-2.16545	-3.11349
STARD4	2.1236	1.9915	10.3233	0.420637	0.159754	-0.426936	-0.794442
STARD5	0.70454	2.06639	3.46684	0.0512593	0.874733	2.13581	2.23855
STARD6			3.30825				
STARD7	2.41502	-0.419942	0.874287				
STARD7-AS1	1.25994	0.381221					
STARD8			-0.87451				
STARD9	-1.80412	0.967888	-1.97376	-0.277543	0.727408	-2.45537	-0.483002
STAT1	-1.8414	-0.540619	-2.01821	-0.151161	0.324926	-0.933746	-0.270496
STAT2			3.3216				
STAT3			-0.682484				
STAT4	4.91975	6.27139	6.7569	0.299022	0.798452	3.83201	4.725
STAT5A			2.70758				
STAT5B			2.40031				
STAT6	4.65651	3.27299	4.51541	0.606566	-0.0848877	3.25763	2.85945
STATH			-2.45995				
STAU1	1.20648	-0.784654	-0.975858				
STAU2	1.08054	2.41956	2.95054	0.167331	0.864894	0.743656	1.41084
STBD1	4.28377	2.6032	8.09364	0.230508	-0.248527	3.59987	3.15958
STC1			-1.23162				
STC2	0.457671	1.01691	1.89594				
STEAP1	7.08142	2.89429	10.6324	0.608554	-0.196311	6.08897	5.45866
STEAP1B	2.08379	2.34516					
STEAP2	3.21013	3.89573	9.35229	0.388005	0.645429	3.09607	3.45293
STEAP3			3.58323				
STEAP4			-2.24445				
STH	-0.170241	1.23161	-3.45351				
STIL			0.527295				
STIM1	1.82342	-1.22568	-0.031344	0.193937	-0.715315	-0.750742	-1.75101
STIM2	-1.9783	0.909824	-2.27703	0.0335952	0.704519	-2.40721	-0.9989
STK10	-4.72469	-5.06098	-3.55528	-0.484677	-0.233682	-3.58666	-3.96953
STK11	1.89502	3.03697	-1.97528				
STK11IP	0.375008	1.38989	-1.91648	-0.0614687	0.0754241	0.915166	1.3833
STK16	1.72582	-0.73727	1.33796				
STK17A	2.90125	0.0279161	0.870856	-0.146598	-0.68461	1.16016	0.123847
STK17B	-0.83936	-1.81037	-0.913944	-0.251439	-0.595877	1.98266	1.54449
STK19			1.85705				
STK19P			1.59706				
STK24	0.838238	0.631593	0.515712				
STK25	2.33249	-0.904395	-0.468519	0.161967	-0.846389	1.66502	-0.0226747
STK26	-0.948212	0.638923		0.00923097	0.645645	-3.35415	-1.97244
STK3			4.6142				
STK31	-3.02996	-2.96947	-7.5856	-0.357482	-0.346427	-0.898956	-1.01771
STK32A			-1.64382				
STK32B			-2.19211				
STK32C	5.38247	0.155782	1.46997	0.173526	-0.781669	1.10052	-0.386811
STK33	-3.76166	-3.0745	-4.63781	-0.647439	0.0826981	-1.29715	-0.774091
STK35	-0.873654	0.231161	-2.42853				
STK36	-0.845533	0.424583	-3.54176	-0.0384694	0.433663	2.55478	3.55655
STK38	-1.16933	-0.879231	-0.424621				
STK38L	1.81327	2.49201	5.73552	0.214983	0.777517	4.06739	3.77976
STK39	0.477937	0.281454	1.86789	-0.121642	0.146159	-2.53529	-2.80869
STK4			1.12929				
STK4-AS1	-1.16302	-0.38259					
STK40	-0.352692	1.55984	-1.55463	0.0102879	0.573162	1.2843	1.83803
STMN1	2.97581	1.08323	0.426772	0.360439	-0.629644	2.80791	1.67605
STMN2	1.97469	1.19761	-0.57699	0.178617	-0.22893	0.556117	0.00981418
STMN3	0.359123	-0.935566	-4.14233				
STMN4			-0.649787				
STMP1			-0.917032				
STN1	1.87329	2.8279	5.53099	0.105583	0.765011	-0.0530943	0.491475
STOM	-3.99573	-4.64625	-5.73316	-0.330519	-0.658034	-0.825615	-1.48926
STOML1	4.61403	0.00358106	1.06879	0.243415	-0.854581	2.28687	-0.0690624
STOML2			1.28358				
STOML3			-5.04479				
STON1	-4.69055	-2.34576	-8.02869	-0.501451	0.130739	-0.724264	-0.414014
STON1-GTF2A1L			-0.508638				
STON2	-0.581615	-1.63083	-5.45216	-0.150434	-0.794787	1.73378	0.56019
STOX1	-0.779736	-1.86788	-1.3834				
STOX2	-0.843512	0.545124	-2.18628	0.168376	0.325843	-0.368595	0.0209151
STPG1	1.80968	2.60749	4.78679	0.239199	0.823448	1.30926	1.82392
STRA13			0.66579				
STRA6			-3.25675				
STRA8			-0.582073				
STRADA	0.986601	2.02251	0.391405	0.00348254	0.750902	0.491908	1.10252
STRADB	-1.65665	-2.84395	-4.0295				
STRAP	2.13882	-0.264865	2.4374	0.351326	-0.507353	0.309562	-0.527874
STRBP	-0.972381	1.01281	3.43412	0.162404	0.825518	0.86386	1.48579
STRC			6.41298				
STRIP1	3.8368	1.29785	2.10773	0.307504	-0.683882	2.03498	0.840395
STRIP2	-2.54335	-2.721	-2.39749	0.0443645	-0.150879	-0.651777	-0.642836
STRN	-0.371924	1.54224	1.01502	-0.0429706	0.913471	-0.491056	0.80821
STRN3	1.79662	-0.120931	-2.34108				
STRN4	-1.93799	-2.30939	-1.83161				
STS	0.658351	2.04675	3.86097	0.184692	0.888661	0.394375	1.42084
STT3A			-0.279667				
STT3B	-1.81627	-3.29153	-2.30249	-0.133359	-0.526336	-2.24856	-2.88624
STUB1	4.64958	2.21038	-0.118574				
STUM	2.05941	-1.24536	2.81291	0.0670018	-0.946558	-0.0813852	-1.27427
STX10			-0.084697				
STX11			-1.33843				
STX12	4.46514	-0.201216	-0.108671	0.0576362	-0.785351	2.633	0.568059
STX16	-1.40832	0.0796562	-3.32844	-0.29404	0.554597	-0.544244	0.163938
STX17			-6.22419				
STX17-AS1	0.360269	-1.05611		-0.196327	-0.870576	1.86403	0.515285
STX18			-1.34907				
STX18-AS1	-0.795932	0.994719					
STX19	3.03879	3.7198	7.21636	0.5283	0.567689	3.4284	3.87193
STX1A	5.2793	1.88015	4.43182	0.550521	-0.731127	6.97929	2.48971
STX1B	-0.883601	1.31741	-0.102703	0.098431	0.702171	0.0328676	0.966627
STX2	-1.9043	-3.19051	-6.81843	-0.137181	-0.616427	-1.63654	-2.0309
STX3			2.50559				
STX4	1.81864	-0.508825	0.150397				
STX5			3.46097				
STX6	-4.75195	-1.11655	-0.786428				
STX7	0.0117402	-1.34221	-1.11113	-0.0803966	-0.453937	0.627073	0.115717
STX8	-0.444858	0.952048	-0.0908	0.0343093	0.625743	0.180936	0.926839
STXBP1	1.47356	2.07864	1.34668	0.369687	0.594408	2.58348	2.993
STXBP2			-0.870014				
STXBP3	-1.95016	-2.63489	-4.06805	-0.507937	-0.461677	-1.49999	-1.8575
STXBP4	-1.90242	-2.51749	-3.84929	-0.523089	-0.51684	-1.58748	-1.95227
STXBP5	2.87879	2.79083	0.119076	0.0752089	-0.156647	1.19254	0.969514
STXBP5L	3.67625	4.60156	4.68235	0.283646	0.794773	3.87248	4.09138
STXBP6	3.606	1.59529	3.1107	0.0882714	-0.295285	3.43636	2.88064
STYK1	4.85527	0.300686	3.67468	0.37631	-0.830809	3.47431	0.687009
STYX			-0.298498				
STYXL1	-0.178238	-1.64702	-0.938319	-0.218389	-0.487274	-0.866042	-1.512
SUB1	1.7234	-1.56909	-2.40691	-0.0288744	-0.916828	-0.0287372	-1.15706
SUCLA2	-1.56787	0.834782	1.35479				
SUCLG1			-1.00115				
SUCLG2	-0.168618	-0.847079	-0.707818				
SUCNR1			0.54514				
SUCO	-0.237401	-1.54391	-3.41924	-0.263755	-0.585143	0.410274	0.107729
SUDS3	-0.0448679	0.183787	0.044694				
SUFU	-0.763267	-1.80783	-1.45003				
SUGCT	-1.11123	-1.74575	-2.02579				
SUGP1			-0.333973				
SUGP2	-1.62372	1.24582	-4.78247	0.0211207	0.835802	1.73118	2.27958
SUGT1	-5.93319	-5.96448	-4.7675				
SUGT1P1	-1.49948	-0.108031	-4.11634				
SUGT1P3	-0.0424739	-0.889585	-4.7593	0.0159111	-0.648892	-0.0606139	-0.67389
SULF1	0.0331094	0.0159926	-1.32842	-0.468165	-0.41893	-0.286916	-0.668666
SULF2	0.859588	-1.57745	-3.37882	-0.137982	-0.868179	-2.91867	-2.9831
SULT1A1			-2.17339				
SULT1A2	-1.6044	-1.03588	-3.73356				
SULT1A3			-1.10066				
SULT1A4			-1.42074				
SULT1B1			-0.945092				
SULT1C2			-1.41773				
SULT1C3			0.150729				
SULT1C4	-1.52234	-2.18569	-1.57932	-0.32805	-0.399215	1.07269	1.03781
SULT1E1			-0.706537				
SULT2A1			4.01381				
SULT2B1	2.38226	2.59727	5.89537				
SULT4A1	0.985577	1.70642	1.77617				
SULT6B1			-1.59443				
SUMF1	1.37293	-1.46351	-2.61326	-0.0794182	-0.861229	-1.54103	-2.22267
SUMF2	-1.74959	0.296199	-2.0071	-0.164467	0.472047	-3.00083	-2.06485
SUMO1			-2.2849				
SUMO1P1			1.54444				
SUMO2	0.427061	-0.762859	-5.17685	0.143247	-0.619758	1.07296	0.0873766
SUMO3	0.600286	-1.73661	-3.41107	0.0564808	-0.89928	-0.391973	-1.45563
SUMO4			-2.18219				
SUN1	0.263246	1.63614	-4.59853	0.115302	0.293916	1.94695	2.93559
SUN2			-0.195145				
SUNC1			-0.935449				
SUOX			0.155747				
SUPT16H	1.10897	2.20386	0.515975	0.267761	0.632257	3.03782	3.43303
SUPT20H	-1.1169	0.68698	-3.38816	-0.182116	0.408729	0.498861	1.39101
SUPT3H	-1.86673	-1.96405	-2.80355				
SUPT4H1	0.412788	-1.36317	-0.694206				
SUPT5H	4.08384	3.4921	1.70082				
SUPT6H			0.579866				
SUPT7L	-1.01378	1.32486	-1.03841	-0.11225	0.705291	-0.195294	0.664974
SUPV3L1	0.311564	1.28314	1.42962				
SURF1	-1.09624	-2.15351	-2.51972				
SURF2			2.6542	0.245464	0.0230751	-0.812492	-1.4124
SURF4	2.84054	2.26038	4.17085	0.28679	0.0719168	0.576415	0.383742
SURF6	2.1243	0.452605	1.63846				
SUSD1	1.74071	-0.799317	2.83615	0.231971	-0.879228	1.10715	-0.457467
SUSD2	0.500943	-0.0895604	0.80744				
SUSD3	-2.15819	-2.57652	-0.471791	-0.215604	-0.650584	-3.94918	-3.98886
SUSD4	1.53857	0.880919	-1.23449	-0.135406	-0.364896	0.547781	0.0882391
SUSD5	4.26045	4.68455	12.1295	0.402023	0.576168	2.86068	3.30116
SUSD6	-6.95784	-1.26226	-2.21104	-0.0100956	0.0341588	1.85004	1.96874
SUV39H1	6.82964	3.23131	6.69321	0.334056	-0.490948	4.0856	2.54079
SUV39H2			-1.05772				
SUZ12	1.50621	2.50201	1.16355	0.235327	0.575434	2.87173	3.22819
SV2A	-1.3239	0.940854	-2.85	-0.00917619	0.706776	0.156663	1.34391
SV2B	6.87805	4.41635	3.60073	0.677748	-0.307283	3.56392	3.00377
SV2C	-0.133591	0.938478	1.15399	-0.0511424	0.877411	-1.96361	-0.786896
SVBP			-0.054268				
SVEP1			3.46935				
SVIL			-3.62145				
SVIP	-4.36134	-1.3383	-1.04298	-0.464072	0.412965	-5.72524	-3.64119
SVOP	5.41569	0.408584	4.25223	0.274802	-0.84412	2.23802	-0.17154
SVOPL			-0.839776				
SWAP70	-1.06976	-1.93778	-3.16589				
SWI5	-0.138381	-1.74161	1.49225	-0.172798	-0.586304	-1.19839	-2.01435
SWSAP1	-0.390254	-1.22763	1.51986	-0.176552	-0.411998	0.166736	-0.287499
SWT1	4.37781	5.29021	1.48835				
SYAP1	-0.0573928	-0.580188	0.786388				
SYBU	1.79	2.9019		0.448989	0.355303	3.50868	4.23613
SYCE1	7.92666	4.46088	8.93792	0.642067	0.0788809	6.26192	5.74631
SYCE2			0.541244				
SYCE3	-0.797821	-1.59411	1.46891				
SYCN	0.110429	-0.824421	-0.8438				
SYCP1			0.607637				
SYCP2	-1.77283	1.46152	1.0024	0.0422581	0.932845	-1.11925	0.853467
SYCP2L	0.758553	1.37082	-0.242915	0.134944	0.339583	2.2944	2.67849
SYCP3			-0.207731				
SYDE1			-2.33236				
SYDE2	1.84062	2.81719	-0.007076	-0.0963039	0.210848	1.64134	2.07718
SYF2	-0.823941	-1.67127	-0.664244	-0.0812918	-0.463679	-0.462777	-0.804948
SYK	-3.08421	-3.4605	-2.17365	-0.215019	-0.583673	-5.22366	-5.35145
SYMPK			-2.82593				
SYN1	2.84923	1.71697	-2.50496				
SYN2	2.61761	-0.112224	-0.689753	0.201504	-0.732795	1.52467	0.203275
SYN3	-0.661079	0.9914	-0.394247	0.364745	0.581631	-0.239957	0.518109
SYNCRIP	-0.761233	-1.11049	-2.93409				
SYNDIG1	1.13656	1.89825	2.79391	0.185158	0.740188	-1.46668	-0.940871
SYNDIG1L	-0.243222	-1.02807	-2.99162				
SYNE1	1.44703	2.26523	-1.10783	0.238832	0.733002	2.37902	2.907
SYNE2	-0.468416	1.02994	0.431276				
SYNE4	-4.65586	0.416644	-1.9703	-0.17442	0.874754	-4.21786	-1.10044
SYNGAP1			-6.80991				
SYNGR1	4.13492	3.85914	0.754465				
SYNGR2			-0.794522	-0.352219	0.28716	-2.60399	-1.99928
SYNGR3	5.11502	1.70923	4.48569	0.377159	-0.598911	4.19056	1.8939
SYNGR4	0.124137	-0.994194	-1.07387				
SYNJ1	0.824827	1.60837	0.38941	-0.0987161	0.415508	-1.099	-0.689608
SYNJ2	-0.944079	-0.16468	-1.34206	-0.415894	0.396808	-5.98587	-3.9726
SYNJ2BP	-4.41961	-4.34003	-3.96021				
SYNM	4.5072	3.17597	4.72198	0.109001	-0.298902	3.16558	2.8387
SYNPO	-2.36445	-3.102	-4.98397	0.0384165	-0.578724	-3.23517	-3.78736
SYNPO2	3.55801	5.09669	3.07954	0.371328	0.0345748	4.34421	4.51116
SYNPO2L			-0.239584				
SYNPR	2.77763	-0.131643	-0.03251	0.157922	-0.820534	3.9221	1.27717
SYNRG	0.397249	-0.942525	-0.030384				
SYP	6.88656	4.47159	4.24233				
SYPL1	-0.897118	0.259725	0.205196	-0.479204	0.362296	-2.56723	-1.44128
SYPL2	-0.836793	-1.90452	-0.845031				
SYS1			-3.35154				
SYT1	2.82942	2.20688	2.86282	0.504523	-0.288974	1.71147	1.31654
SYT10	3.78982	1.72764	0.89833	0.0748861	-0.681411	6.646	3.74141
SYT11	3.95525	2.35224	-2.37874				
SYT12	1.17242	2.19748	1.96891	0.0561717	0.891042	0.0826809	0.822975
SYT13	8.14146	4.66136	6.24963	0.679438	-0.128225	6.42886	5.47115
SYT14	5.35784	5.5641	2.83305	0.225162	0.182151	4.66129	5.21811
SYT14L			-1.18883				
SYT15	-0.811613	0.859697	2.84838	-0.346393	0.634295	-2.53233	-1.18364
SYT16	5.63448	3.41728	3.61795	0.433376	-0.427355	3.11738	2.00597
SYT17	3.12422	-1.21484	-0.314209	0.0327889	-0.942597	0.188871	-1.28834
SYT2	-1.30314	0.421544	-0.460026	-0.182756	0.874038	-3.74346	-1.53241
SYT3	0.272726	1.29291	1.25487	0.055318	0.695212	-2.19792	-1.31034
SYT4	4.284	2.66858	4.59329	0.251449	-0.57089	2.63076	1.46829
SYT5	5.63201	2.1653	3.40459	0.610824	-0.444276	3.37337	1.96137
SYT6	-5.84578	-2.37926	-5.56875	-0.747418	-0.140044	-5.48273	-5.80666
SYT7			-1.83962				
SYT8			0.743896				
SYT9	2.67614	0.150265	4.57689	-0.186581	-0.573837	1.02048	0.255426
SYTL1	-1.55566	-2.53252	-3.68943	0.0132746	-0.725438	-1.01883	-1.51972
SYTL2	0.13101	-1.53309	1.92335	0.126036	-0.815706	1.73109	0.235902
SYTL3	-1.40586	-2.02475	0.081613	-0.394658	-0.35775	-5.06903	-5.64313
SYTL4	-0.402212	-1.37235	-0.193286	-0.130522	-0.569287	2.20819	1.41925
SYTL5	1.27125	-0.925433	-2.31702	0.0816357	-0.797531	0.300335	-0.56977
SYVN1			2.71742				
SZRD1	-3.29509	-3.70591	-3.95525	-0.519696	-0.260613	-1.15256	-1.44392
SZT2	-1.21485	1.20457		-0.119321	0.731311	1.4905	2.11343
TAAR1			-1.52862				
TAAR2			-3.06858				
TAAR5			-3.24096				
TAAR6			-1.78941				
TAAR8			-2.03366				
TAAR9			-1.00549				
TAB1			-1.12051				
TAB2	2.25116	0.167594	0.654318	0.106278	-0.651605	4.54966	2.89225
TAB3	1.70467	2.2784	2.3991	0.243745	0.536595	0.915152	1.26755
TAC1	1.01986	-1.21648	-0.994453	-0.0631053	-0.665672	-0.342387	-1.38501
TAC3	2.11358	0.528834	-0.259863	0.307153	-0.494926	3.52826	2.61312
TAC4			-0.959059				
TACC1	-1.95293	0.448227	2.59266	0.130909	0.628	-2.24063	-1.06331
TACC2	-4.14227	-1.38106	-1.39727				
TACC3	-1.48502	0.348783	4.24489	-0.0490556	0.526957	-2.26085	-1.41677
TACO1			2.51065				
TACR1			-3.03506				
TACR2	1.25145	-0.889528	0.567484	0.278671	-0.625908	0.418219	-0.488934
TACR3			-0.378053				
TACSTD2			1.97024				
TADA1	0.514114	0.362224	-0.321012	0.117986	-0.581846	2.28317	1.84624
TADA2A	2.00021	3.37776	2.36134	0.181249	0.702532	2.14973	3.32154
TADA2B	-3.46954	-0.11805	-1.80846	-0.0671533	0.741354	-0.181148	0.796715
TADA3			-0.517169				
TAF1			-5.20353				
TAF10	-1.42096	-2.26816	-0.571602	-0.0399397	-0.702226	-0.840464	-1.48468
TAF11	-2.0341	0.0908274	0.756237				
TAF12	-1.96579	-0.844047	-2.38962	-0.112763	0.494168	-1.00979	-0.376158
TAF13	-0.752192	0.902393	2.61896	-0.107307	0.678502	-3.58678	-1.84951
TAF15			-2.87458				
TAF1A	1.17974	0.880742	0.859757	0.119178	-0.327891	1.73175	1.64532
TAF1B	-4.44998	-2.13847	-4.89445				
TAF1C	1.3875	2.18841	-0.778665	-0.0350532	0.582359	1.6537	2.30836
TAF1D	-0.0211599	1.80129	-1.36226	0.060645	0.540993	1.72995	2.81895
TAF1L			-1.8296				
TAF2	-2.37912	0.392978	-2.4243				
TAF3	-3.30722	-0.0321346	-5.544	-0.131982	0.678212	-1.84182	-0.674874
TAF4			-6.08366				
TAF4B	0.579007	1.87245	3.35765	0.110024	0.842463	1.93818	2.13346
TAF5	1.4167	1.99455	7.10231				
TAF5L	-0.763843	0.38327	1.49443	-0.0945976	0.458423	-0.4043	0.103566
TAF5LP1			0.747345				
TAF6	-0.337518	-0.715055	-0.406967				
TAF6L			3.02185				
TAF7			-0.193387				
TAF7L	-0.170726	-1.85525	0.375694				
TAF8	-1.26076	0.235685	3.60183				
TAF9			-1.02914				
TAF9B	1.41583	-1.28707	-1.87676	-0.122087	-0.865022	1.60142	-0.0708969
TAGAP			1.21532				
TAGLN			-0.974753				
TAGLN2	-2.39148	-3.38875	-4.8271	-0.442504	-0.505456	-1.77697	-2.54231
TAGLN3	1.12153	-1.14682	0.188125	0.175937	-0.685111	-0.0409166	-0.927208
TAKR			-1.41083				
TAL1			0.290823				
TAL2			-3.59829				
TALDO1	-2.17431	-3.57925	-2.48226	-0.427811	-0.326361	-3.1562	-3.85745
TAMM41	2.85969	-0.31515	-1.30584	0.248694	-0.740612	1.02187	-0.134893
TANC1	-2.65211	-0.520768	0.230321	-0.470183	0.539334	-3.49989	-2.01998
TANC2	-2.31277	-0.463916	-2.29255				
TANGO2	-4.64123	-0.909494	-1.19418	-0.202677	0.677902	-2.22979	-0.893712
TANGO6	2.81005	0.634937	5.82257	0.219301	-0.438785	1.60531	0.802593
TANK	-2.25211	-0.530845	-2.42094				
TAOK1	3.31064	0.833751	-2.0778	0.0569201	-0.540363	1.60335	0.739908
TAOK2	2.02942	3.1245	-3.0505				
TAOK3			-4.23634				
TAP1	-6.12423	-2.12744	-4.75908	-0.582285	0.497478	-2.47801	-1.25928
TAP2	-5.53323	-1.82525	-4.91944				
TAPBP	1.52564	2.21829	0.559537				
TAPBPL			0.936844				
TAPT1	6.08319	2.27157	2.81011	0.123738	-0.383836	1.95593	1.55044
TARBP1	3.11213	3.16442	-0.011419	0.313554	-0.152152	3.44689	3.45147
TARBP2	0.0711982	1.5453	-0.481382				
TARDBP	0.0347559	1.89941	-0.898329	0.0979289	0.689621	0.604172	1.6561
TARM1			-3.84708				
TARP			4.1488				
TARS	-3.85438	-0.193743	-0.996132				
TARS2			1.03177				
TARSL2	-1.31416	-0.119654	-1.53651	-0.331451	0.349703	-4.24637	-2.79432
TAS1R1			-2.29768				
TAS1R2			-3.12779				
TAS1R3			1.07729				
TAS2R1			-3.44459				
TAS2R10	2.06636	2.80323	2.37616	0.159039	0.608448	3.69362	4.21805
TAS2R13	-1.20746	0.947237	1.73522	-0.187892	0.664088	-0.339091	0.925818
TAS2R14	-0.055304	1.81314	-2.71508	-0.0872788	0.709506	3.04765	3.31061
TAS2R16			-1.03688				
TAS2R19	-1.08627	0.944844	0.285259				
TAS2R20	1.27434	2.69787	2.45213				
TAS2R3			1.71633				
TAS2R30	-0.661113	1.45217	-1.944	-0.179921	0.661733	1.79913	2.61227
TAS2R31	-0.0756109	1.54451	-1.91401	-0.081591	0.636008	1.63285	2.63936
TAS2R38			-0.826023				
TAS2R39			-1.7768				
TAS2R4	2.05342	3.30911	1.00467				
TAS2R40			-3.35506				
TAS2R41			-3.37223				
TAS2R42			0.700176				
TAS2R43	0.183176	1.74428	-0.729309	-0.101711	0.593506	2.56019	3.21133
TAS2R45	0.0494759	1.53113	-2.84421	-0.137915	0.541352	2.50209	3.19518
TAS2R5	0.147757	1.90697	-1.90566	-0.197189	0.584093	2.69406	3.75044
TAS2R50	0.914657	2.31596	-1.68249	-0.118035	0.538016	2.40728	3.13462
TAS2R60			-2.76953				
TAS2R7			-3.09741				
TAS2R8			-0.549276				
TAS2R9			2.75962				
TASP1	3.20705	4.58894	3.95832	0.32066	0.385793	5.00487	5.86229
TAT			3.92173				
TATDN1	0.186573	-1.32834	-0.36097	-0.0895413	-0.436144	-2.0269	-2.65831
TATDN2	1.83107	0.512068	-0.073621				
TATDN3	-0.1863	-1.5333	-1.6752				
TAX1BP1	1.35093	1.42099	0.964133	0.0360677	0.207477	-0.132201	-0.175126
TAX1BP3			-1.17128				
TAZ	0.643261	1.85097	-3.01637	0.00866111	0.521686	0.926593	1.55172
TBATA			-0.236101				
TBC1D1	3.32079	4.48504	-1.21399	0.140233	0.576185	1.62866	2.56135
TBC1D10A	2.61433	-0.886146	0.088914	0.0498926	-0.826883	1.55234	-0.141757
TBC1D10B			-1.55086				
TBC1D10C	-1.24922	-2.65039	0.052504	-0.251968	-0.288701	-2.68195	-3.23697
TBC1D12	-1.78594	-0.566096	0.074627	-0.370768	0.417354	-2.69174	-1.65524
TBC1D13	1.40392	-0.905677	-2.84274	-0.0736754	-0.71862	1.86941	0.600473
TBC1D14	-0.245489	-1.46388	-5.41563	-0.0272276	-0.681979	-0.036104	-0.70496
TBC1D15	2.5155	2.78007	4.27124	0.0495719	0.0125068	1.57877	1.65461
TBC1D16	-2.64934	0.129008	-3.46181	-0.0663244	0.718657	-2.00156	-0.8492
TBC1D17	-2.98305	-1.64876	-1.2148				
TBC1D19	-0.261453	1.16173	1.69898	0.00150443	0.745055	-0.402435	0.377929
TBC1D2	-1.15158	0.191243	1.1218				
TBC1D20			-2.3541				
TBC1D21			-0.853515				
TBC1D22A	4.02458	0.68231	-2.23954	0.0216184	-0.545623	2.45299	1.14724
TBC1D22B			4.13768				
TBC1D23			0.067795				
TBC1D24	5.45913	0.801748	-3.71375	0.303404	-0.828889	6.75485	2.62
TBC1D25			2.6051				
TBC1D26	0.179243	-1.2458	-2.87496	0.0228778	-0.84565	0.826953	-0.171624
TBC1D27P			-2.72542				
TBC1D28			-1.66194				
TBC1D29			1.48705				
TBC1D2B	-2.28211	-0.923728	-2.80221				
TBC1D3			-7.91669				
TBC1D30	-1.08157	0.778244	-1.54813	-0.123213	0.713245	-1.48307	-0.0522248
TBC1D31	-3.36774	-3.80431	-5.07079	-0.121375	-0.180009	-2.5343	-2.67219
TBC1D32			1.84634				
TBC1D3E			-3.01029				
TBC1D3P2	-2.58248	-1.50181					
TBC1D3P5	-3.60289	-1.58499	-5.67119				
TBC1D4	-0.39623	1.23553	-0.831316	-0.0476432	0.837668	-1.75681	-0.202914
TBC1D5			-2.40988				
TBC1D7			7.514				
TBC1D8	-1.16527	0.570983	-5.58408	-0.271424	0.633943	-3.38457	-1.6439
TBC1D8B	-1.28583	0.464848	-0.140825	-0.205571	0.408329	-2.47306	-1.57823
TBC1D9	2.29112	2.33658	1.09593	0.515358	-0.0905461	0.83821	0.517676
TBC1D9B	-1.13946	-1.65187	-3.93994	-0.316521	0.0988817	-2.5547	-2.57488
TBCA	-0.316498	-1.84853	-5.02368	-0.0828389	-0.83559	-0.890797	-1.63114
TBCB	2.79972	0.408301	2.57856	0.0631734	-0.618528	1.24364	0.420498
TBCC	-0.573139	0.775907	-0.711875				
TBCCD1			2.44618				
TBCD	0.372462	-1.70076	1.17666				
TBCE	-0.322631	1.22548		-0.0179982	0.822199	-1.51193	-0.150781
TBCEL	0.124966	1.71885	-2.32875	-0.122243	0.555673	0.761053	1.86313
TBK1			2.39959				
TBKBP1			-1.69957				
TBL1X	-6.45763	-4.13162	-5.7114	-0.507508	-0.0390749	-2.83219	-2.58463
TBL1XR1			0.783045				
TBL1Y	-6.55889	-3.63988	-7.76918	-0.446733	0.195515	-2.73113	-2.29062
TBL2	3.96457	0.938949	0.985248	0.211945	-0.516234	1.54592	0.610487
TBL3			-0.903988				
TBP			-1.08723				
TBPL1	0.891399	-0.807219	0.168387				
TBPL2			-1.23139				
TBR1	0.342813	1.70236	-1.07397	0.175206	0.777031	1.1592	1.71364
TBRG1	0.905971	1.67398	5.32325	0.205442	0.468263	-1.06723	-0.75188
TBRG4	2.91607	3.21848	5.23099				
TBX1	-1.9547	0.576279	-0.502128				
TBX10			-1.09264				
TBX15			3.27876				
TBX18			1.74117				
TBX19	-3.64002	-4.55382	-4.66237	-0.526085	-0.510117	-2.95703	-3.70492
TBX2	0.55602	0.717878	2.01331	-0.256246	0.210035	-0.108654	-0.0521561
TBX2-AS1	-2.57968	-0.910445		-0.34833	0.289031	-1.22371	-0.77664
TBX20			-2.91024				
TBX21			-1.68396				
TBX22			-2.68471				
TBX3	0.0300234	1.11247	1.24181	-0.225592	0.428255	-1.02127	-0.509056
TBX4			0.85309				
TBX5			-1.08967				
TBX5-AS1			-1.56972				
TBX6			1.87656				
TBXA2R	0.253381	-1.42558	-2.38413	-0.0627133	-0.549459	1.36195	0.500243
TBXAS1	-1.89721	-3.00203	-5.09697				
TBXT			-3.44404				
TC2N	1.16262	2.04453	3.60152	-0.00558196	0.288069	0.897501	1.29474
TCAF1	2.1249	1.70436	-3.41617				
TCAIM	-1.29153	-0.0424872	-2.63605				
TCAM1P	3.18276	2.42442	0.973784				
TCAP	1.81101	0.89355	1.23456	0.1625	-0.650008	2.0626	1.19014
TCEA1P2			-2.69024				
TCEA2	3.62945	2.23738	0.746812				
TCEA3	2.72458	-0.829226	1.02326	0.0336076	-0.933035	4.19145	0.27736
TCEAL1	0.629252	0.802621	-4.63529				
TCEAL2	-2.51868	-1.08112	-5.04242				
TCEAL3			-3.45144				
TCEAL4			-2.80946				
TCEAL5			-1.66957				
TCEAL6			-0.910061				
TCEAL7	3.14582	0.912098	0.154782				
TCEAL8			-0.665578				
TCEAL9	0.455225	-0.598095	-3.07455	-0.22727	-0.404565	2.27069	1.87077
TCEANC			4.65026				
TCEANC2			1.81459				
TCEB3B			-1.71942				
TCEB3C			2.06912				
TCERG1	-0.16731	1.42565	-2.72863	-0.0296981	0.495118	0.815979	1.59636
TCERG1L	4.96955	4.27204	5.52512	0.186302	-0.119622	3.8658	3.83222
TCF12			-3.10903				
TCF15			-4.55927				
TCF19			1.8594				
TCF20	0.896144	-0.0818297	-6.04286				
TCF21			0.799259				
TCF23			0.325484				
TCF25			-2.70414				
TCF3			-4.98497				
TCF4	-0.552537	0.0481806	-3.98802				
TCF7			-2.8865				
TCF7L1	-1.10377	-2.07637	-1.14345	-0.10521	-0.664994	1.24742	0.238245
TCF7L2	1.78114	4.10477	4.38048	0.157734	0.806683	6.27112	6.43675
TCFL5	0.256714	-0.946975	-0.094187	-0.217227	-0.137344	-0.388442	-0.560069
TCHH	0.589398	1.34818	0.413472	0.10477	0.772428	-1.86293	-0.834357
TCHHL1			1.45943				
TCHP	-2.09639	0.716237	0.372002	-0.141935	0.670921	-0.828567	0.500083
TCIM	2.86753	3.41128	2.00917	-0.0629564	0.358352	3.40869	4.13795
TCIRG1			-3.35481				
TCL1A			-0.183769				
TCL1B			-0.252548				
TCL6			-2.0364				
TCN1			0.009583				
TCN2	-2.99153	-0.396968	-2.51543				
TCOF1	3.07905	3.41813	3.92536	0.365399	0.708078	1.32124	1.78105
TCP1	0.551126	-0.9357	-1.67672				
TCP10			-2.46902				
TCP10L			4.32279				
TCP11			1.73601				
TCP11L1			-0.751688				
TCP11L2			2.78431				
TCP1P3			-1.82967				
TCTA	0.901319	-0.832502	-1.06105	-0.0872793	-0.664263	-1.39237	-2.11264
TCTE1	-0.317375	-2.19797	-2.92832	0.017015	-0.624995	-0.000350893	-0.941719
TCTE3			-4.20364				
TCTEX1D1	0.175327	1.83689	0.835643	0.0716504	0.877407	-1.66787	-0.00701484
TCTEX1D2	-0.969961	-1.98514	-3.11613				
TCTEX1D4			-1.50261				
TCTN1	-0.363174	-0.904892	-2.51359	0.0215287	-0.663007	2.51804	1.68002
TCTN2	1.1671	2.84736	1.28445	0.155291	0.439159	4.05286	4.81558
TCTN3			-2.56807				
TDG	2.33324	3.06049	0.144835	0.183712	0.518374	2.84012	3.47491
TDGF1			1.0656				
TDGF1P3			1.79906				
TDH			-2.49699				
TDO2	0.708612	0.90498	2.62212				
TDP1			-0.955976				
TDP2	-1.91691	0.233382	-2.11228	-0.0129391	0.737781	0.238446	0.978751
TDRD1	1.74036	3.15478	3.22499	0.422054	0.709765	3.12307	3.87719
TDRD10			-2.66729	-0.365396	-0.245089	-0.893721	-1.12966
TDRD12			-1.03077				
TDRD3	-4.69132	0.140347	-2.69229	-0.276329	0.791381	-2.43218	-0.40271
TDRD5			-1.26131				
TDRD6	-3.57913	0.393431	-4.22718	-0.217203	0.605314	-1.7758	-0.396543
TDRD7	3.13668	3.22787	4.20256	0.162901	0.343834	3.26475	3.7619
TDRD9	2.25569	-1.08089	-2.91897	0.0597743	-0.859286	0.010591	-1.24535
TDRKH	5.44866	1.3944	6.62085	0.352002	-0.724309	3.18546	1.16481
TDRP			-2.42425				
TEAD1	-1.84169	-2.62511	-4.26544				
TEAD2			1.20835				
TEAD3	-3.91239	-3.81854	-5.08971				
TEAD4	0.428644	1.76685	4.43086				
TEC			0.898384				
TECPR1			1.60223				
TECPR2	1.34501	-0.491103	-4.56304	-0.0630818	-0.797979	1.90343	0.478275
TECR	-1.30799	-0.354004					
TECRL			-4.94416				
TECTA	-1.78426	-0.0615853	-2.12211	-0.511455	0.132999	-1.59968	-1.34458
TECTB			-3.9428				
TEDC1	1.34174	0.281617	2.46733				
TEDC2	3.19152	3.95299	3.26025	0.405732	0.41168	1.8414	2.55487
TEDDM1			-3.14385				
TEF	-0.565813	-1.35975	-4.20387				
TEFM	-2.74052	-2.03532	-0.135672				
TEK	-0.0941728	-1.42436	-3.47584	-0.0287015	-0.743753	1.02881	0.142539
TEKT1			0.259727				
TEKT2	1.58659	-0.377955	-1.56684	-0.00182959	-0.776272	1.15764	0.103036
TEKT3			-2.21845				
TEKT4	-0.199489	-0.437003	2.73288	-0.0732375	0.381902	-2.41601	-2.44126
TEKT4P2			3.01701				
TEKT5	-4.46865	-2.3136	-1.86278				
TELO2			-2.4761				
TENM1	-3.45756	-3.90732	-5.93345	-0.391547	-0.6439	-2.05008	-2.47405
TENM2	-0.771907	0.353502	-4.40358	0.188393	0.202602	1.48674	2.19561
TENM3	1.3828	-0.192663		0.0285483	-0.837033	2.93348	1.14339
TENM4	-3.02644	-0.641099	-2.70278	-0.00365113	0.478959	-4.33858	-3.39811
TEP1			-1.44967				
TEPP			-3.06342				
TEPSIN	-1.59718	0.944521	-3.05126	-0.183766	0.650082	-0.842865	0.297246
TERF1	-0.404097	-1.14692	-2.47381	0.0277452	-0.707248	1.4243	0.454018
TERF2	3.71302	2.93318	2.2641				
TERF2IP	3.68554	1.46163	-3.68238	0.310715	-0.587058	2.30015	1.3714
TERT			2.74797				
TES	-1.33498	-0.172172	-0.101941	-0.248126	0.265433	-2.27568	-1.72875
TESC	-0.822294	0.247975	2.3554	0.0307477	0.639056	-2.74854	-1.92724
TESK1			0.546704				
TESK2			-1.88414				
TESPA1	3.22928	3.55486	15.8436	0.399068	0.57994	1.52503	1.82462
TET1	0.444467	1.8815	3.2898				
TET2	-3.22513	-2.27133	-3.13449				
TET3	1.62475	2.35056	3.22626				
TEX10			0.682166				
TEX101			-1.0298				
TEX11			-2.0859				
TEX12			-3.43262				
TEX13A			-1.15562				
TEX13B			1.34667				
TEX14			-1.68073				
TEX15			-4.42546				
TEX19			-1.12045				
TEX2			-3.54453				
TEX26	0.513599	0.641618	-1.16507	-0.428209	-0.154683	0.13584	0.0283098
TEX261	-2.01199	-0.0261141	-0.368258				
TEX264	-0.128349	1.12795	-1.28599				
TEX28			2.224				
TEX29	4.06866	4.08782	12.1495	0.488768	0.574476	2.87303	3.3346
TEX30	3.92843	3.65512	2.90286	0.082033	0.10062	4.45872	4.69209
TEX44			-1.36601				
TEX47	2.46656	2.54929	2.76435	0.0270973	0.195199	2.1673	2.29446
TEX9	-0.940344	-1.64984	-5.1311	-0.260319	-0.541454	0.705736	0.435532
TF	-0.770146	-0.065785	0.194311	-0.429184	0.24648	-3.42818	-2.55188
TFAM	0.230004	1.88767	-1.05243	0.0825663	0.897745	0.579733	1.30897
TFAMP1			1.41795				
TFAP2A			-2.03361				
TFAP2B			0.438657				
TFAP2C	-0.522585	-0.649195	-1.14276				
TFAP2D			2.6015				
TFAP2E	2.43245	3.00579	1.75655				
TFAP4			-4.2409				
TFB1M	0.110864	1.23847	0.607164				
TFB2M	0.776075	2.08928	2.40723	0.249686	0.674708	0.802627	1.3094
TFCP2			2.62069				
TFCP2L1			0.168394				
TFDP1	-1.2896	0.0441211	-2.86854				
TFDP2	-0.0959306	-1.08439	1.28862	-0.220077	-0.232976	-2.54551	-3.66085
TFDP3			-0.836085				
TFE3			-1.05013				
TFEB	-1.23769	0.292911	1.57276	-0.387173	0.441444	-2.05269	-1.02475
TFEC	-1.36513	-2.21324	-0.060412	-0.162216	-0.601169	-1.71585	-1.98806
TFF1			-1.99555				
TFF2			-4.86939				
TFF3			-0.540179				
TFG			-5.39388				
TFIP11	1.31682	1.23685	6.12848				
TFPI			0.681141				
TFPI2			1.34079				
TFPT	4.59829	-0.369587	4.55638	0.185969	-0.788919	4.49523	1.2277
TFR2			-0.543156				
TFRC	0.557002	-0.16555	1.91966	0.0023906	-0.183114	-0.34901	-0.929743
TG	-0.624437	-2.64171	-1.77188	-0.196527	-0.786595	-5.89254	-6.52665
TGDS			-4.3023				
TGFA			-0.379225				
TGFB1	-1.61275	-2.56905	2.53318				
TGFB1I1			1.5072				
TGFB2			-3.06218				
TGFB3			-3.0046				
TGFBI	0.857822	-0.462253	-0.622002	-0.257937	-0.622337	0.264591	-0.377394
TGFBR1	-1.94505	-0.266848	-0.941039	-0.403017	0.513244	-3.71542	-2.25513
TGFBR2			-0.831902				
TGFBR3			-3.24309				
TGFBR3L	4.36383	1.35668		0.647263	-0.428551	2.34486	1.28526
TGFBRAP1	4.6492	4.82547	5.79549	0.557585	0.357014	3.60764	3.95125
TGIF1			-2.63566				
TGIF2			-0.370714				
TGIF2LX			0.704466				
TGIF2LY			-0.680044				
TGM1	0.961293	2.11731	3.32416	0.024686	0.739596	0.26619	1.19609
TGM2	0.133152	0.94389	3.92517	-0.114243	0.279576	0.440848	0.888854
TGM3			-2.23751				
TGM4			-0.598676				
TGM5			1.66809				
TGM6			1.81759				
TGM7			-0.341027				
TGOLN2	5.18537	1.92286	-1.33357	0.162767	-0.55614	1.99976	1.18737
TGS1			-1.03115				
TH			-3.64105				
THADA			1.28933				
THAP1	-2.31991	0.295633	-0.958457				
THAP10	0.0786159	1.8892	1.8231	0.0624592	0.93621	-0.443125	0.818389
THAP11			0.637937				
THAP12	0.1828	-0.139915	-2.49449				
THAP2	-0.815967	1.00666	1.48231				
THAP3	1.36835	2.18012	4.48039				
THAP4			-1.82468				
THAP5			-0.141704				
THAP6	-3.2673	-1.17625	-1.67738				
THAP7	3.4673	4.26255	5.78041				
THAP8	2.58647	0.648283	1.93974	0.0900623	-0.550702	1.57858	0.568599
THAP9			-0.266883				
THBD	2.45621	0.534539	0.628381	-0.123163	-0.434291	1.19413	0.438096
THBS1			-3.95488				
THBS2			1.49196				
THBS3	1.38861	2.15388	-1.27044	0.167961	0.650531	2.71493	2.92668
THBS4	-3.11041	-4.33976	-4.54591	-0.57092	-0.376932	-6.98722	-8.21957
THEG			7.73395				
THEM4	0.488195	1.85538	1.81626	-0.169095	0.455289	-0.680463	0.175732
THEM5	2.87106	0.960942	6.3	0.1856	-0.420576	1.79514	0.855583
THEM6	1.43213	2.28636	3.46303	0.132609	0.647373	-0.182771	0.182802
THEMIS	1.1336	1.6019	3.45743	0.0685325	0.583336	-0.759379	-0.537514
THEMIS2	-0.343481	0.574019	1.23328	-0.359484	0.54199	-2.2359	-1.36939
THG1L	-3.12201	-0.443073	-0.532656	-0.0120306	0.591052	-0.969715	-0.221318
THNSL1	1.41043	0.774334	0.84592				
THNSL2	1.84082	-0.792229	0.112708	0.084392	-0.543335	0.851806	0.170175
THOC1	-1.26631	0.977667	-5.85511	-0.16061	0.527339	0.224753	1.25262
THOC2	-2.29974	-0.602081	-1.99297	-0.153051	0.31541	0.399604	1.26322
THOC3			-0.29015				
THOC5	0.0985612	1.05483	1.20112				
THOC6	-0.00416727	0.592059	-0.809548				
THOC7			0.26321				
THOP1	6.90682	4.32694	0.97761				
THPO			2.34298				
THRA	1.95722	-1.19221	-5.13672	0.0276107	-0.902759	1.05244	-0.348471
THRAP3			-3.44306				
THRB	3.24777	0.277783	2.40017	0.298829	-0.653734	4.68753	2.45419
THRSP			1.75542				
THSD1	-1.24626	-1.47982	-5.83107				
THSD4	-3.05344	0.832316	-4.92045	-0.25828	0.589979	0.511395	1.62692
THSD7A	-1.45216	-0.0794261	-1.89392	0.0307881	0.31068	-0.103427	0.568967
THSD7B			-3.54874				
THTPA	-1.49294	-3.00865	-0.360393	0.0342849	-0.833499	-1.63536	-2.18418
THUMPD1			-3.17919				
THUMPD2	1.29226	3.1755	1.00503				
THUMPD3			3.94721				
THY1	4.22192	3.06181	6.45434	0.473942	-0.199716	1.41904	0.86847
THYN1			-1.90111				
TIA1	2.16397	2.98365	-3.57433	-0.00733172	0.451304	3.43324	4.32677
TIAF1			-0.029644				
TIAL1			-0.584269				
TIAM1	-2.57225	-0.725684	-2.95877	0.00613909	0.595937	-0.362995	0.587845
TIAM2	1.90611	2.59325	4.46704	0.257027	0.601212	1.20713	1.69845
TICAM1	4.3525	5.2357	1.49374	0.158769	0.567372	3.64727	4.01699
TICAM2			-1.97888				
TIE1	1.06104	1.62456	2.08993	-0.123157	0.36871	0.43568	0.642799
TIFA	-2.53208	0.325554	-3.67016	-0.125534	0.849417	-3.59843	-1.31581
TIFAB			3.52093				
TIGAR	-0.67131	0.913754	6.16531	-0.0914915	0.720271	-2.6754	-1.38538
TIGD1	-0.626184	0.855858	-6.00954				
TIGD2	1.08845	2.46026	0.100057				
TIGD3	2.92393	3.85511	4.44965	0.359826	0.741477	2.0494	2.53744
TIGD4			-0.315079				
TIGD5	4.6105	4.44229	2.91628				
TIGD6	1.02767	-0.186035	-0.579013				
TIGD7			-2.51314				
TIGIT			1.83764				
TIMD4			-2.15553				
TIMELESS	-2.66193	-1.39459	-1.18107				
TIMM10	2.47297	-0.889006	3.41845	0.170764	-0.828757	1.44923	-0.47616
TIMM10B	2.44611	0.301471	3.33322				
TIMM13	2.49319	-0.562525	-0.56585	0.0431128	-0.659136	1.16848	-0.102326
TIMM17A	1.74466	0.409982	3.9026				
TIMM17B	1.89943	-0.810945	3.18113	0.219827	-0.571495	0.354949	-0.52171
TIMM21	0.146349	0.125652	-1.46552	-0.0588419	0.229361	-1.35016	-1.31315
TIMM22			1.83063				
TIMM23	0.186547	-0.527293	0.603993				
TIMM23B	-1.77991	0.721057		-0.25831	0.6439	-1.52925	-0.126455
TIMM29			-0.188827				
TIMM44	2.08399	2.23727	2.98624				
TIMM50	3.04216	1.91321	0.11578				
TIMM8A	1.45112	2.40392	2.36765	0.226911	0.338021	1.87541	2.34575
TIMM8B	-0.560275	-2.01176	-3.63936	-0.124652	-0.902287	-3.17763	-2.65075
TIMM9			-1.04449				
TIMMDC1	-0.600405	-0.817179	0.042082				
TIMP1	-3.15529	-3.29041	-7.03588	-0.275915	-0.734088	-1.50475	-1.96423
TIMP2	-2.27752	-3.06047	-5.62594	-0.298906	-0.740361	-2.11933	-2.45735
TIMP3	-3.15592	-3.65137	-6.04809	-0.430946	-0.483714	-0.0277014	-0.307861
TIMP4	-1.41345	-2.38417	-2.11094	-0.320651	-0.612125	-2.86721	-3.67104
TINAG			3.96727				
TINAGL1			3.9307				
TINCR	-0.588853	-1.9694	-3.47398	-0.126656	-0.822694	0.796482	-0.38978
TINF2			-0.50951				
TIPARP	-1.49029	-1.66014	-1.84035	-0.455413	-0.0177212	0.690277	0.769062
TIPIN	-1.64342	-2.46669	-2.39432				
TIPRL			-3.43314				
TIRAP	0.660596	1.87604	7.19466				
TJAP1			0.97111				
TJP1			-2.70208				
TJP2	-0.370619	-0.466331	-1.13643				
TJP3			-3.25309				
TK1	0.584451	0.160568	1.33834	0.137025	0.113523	-1.25899	-1.22096
TK2	-1.06054	-1.99731	-5.32795	-0.249167	-0.19711	-0.110259	-0.243564
TKFC	-0.81897	-2.10692	-3.83383	-0.0994721	-0.902064	-2.03426	-2.1578
TKT	-0.900405	-0.507707	0.574037				
TKTL1	-2.28765	-1.10593	-2.90138				
TKTL2			-1.96236				
TLCD1	-2.28929	-2.93518	-2.69238				
TLCD2	-1.33072	-2.5269	-2.61064	-0.066894	-0.425233	-1.72839	-2.67193
TLDC1	0.129789	-1.40372		-0.0910974	-0.626067	-1.87794	-2.64109
TLE1	-1.65207	-2.14854	-5.64297	0.201621	-0.289542	-0.228212	-0.461987
TLE2	-1.20441	1.01168	-1.8747	-0.0969422	0.833314	-1.22429	0.166114
TLE3	5.364	2.83807	4.34984				
TLE4	-1.00271	0.170258	-1.79618	-0.441201	0.116068	-0.812444	-0.542497
TLE6	0.291926	-0.619989	1.45781				
TLK1	0.144417	-0.553298	-1.51208	-0.282329	-0.354029	-2.26592	-3.03135
TLK2	-2.40451	-1.24957	-5.85046				
TLL1	1.95022	-0.357714	0.480565	0.319195	-0.572996	1.13537	0.0153484
TLL2			3.20686	-0.473718	-0.176075	-3.69127	-3.90068
TLN1			0.54367				
TLN2	2.61986	0.424369	0.950506	0.469853	-0.706231	3.67355	1.5014
TLNRD1			-4.35096				
TLR1	-3.67486	-3.96194	0.02814	-0.283522	-0.382483	-3.84249	-4.20535
TLR10			-1.38016				
TLR2	-3.27743	-3.39514	-2.73841	-0.311203	-0.501408	-3.27304	-3.81179
TLR3	-0.40929	-1.38049	-0.562419	-0.26431	-0.479062	0.919847	0.26597
TLR4	-1.74515	-2.4768	-1.06292	-0.0902088	-0.478525	0.354966	-0.264755
TLR5	-0.398118	-1.48222	-1.47632				
TLR6	-2.08169	-2.52954	0.789597	-0.423575	-0.320015	-3.80672	-4.26073
TLR7	-0.0287798	-1.48107	3.27123	-0.0098542	-0.561712	-1.2842	-2.05892
TLR8			-0.450187				
TLR8-AS1			1.28673				
TLR9			1.89883				
TLX1			-6.03644				
TLX1NB			0.199849				
TLX2	0.378312	0.846629	1.88557	0.176608	0.459183	-2.40006	-2.11512
TLX3			-0.533443				
TM2D1	-1.08134	-1.93385	-3.04802				
TM2D2			0.182356				
TM2D3	5.1619	1.07094	0.887993	0.198461	-0.864097	4.16408	0.86685
TM4SF1			-0.926103				
TM4SF18	-1.62313	-0.338611	-1.80227	-0.270114	0.448686	-2.77298	-2.23055
TM4SF19			0.033944				
TM4SF20			-0.876957				
TM4SF4			-3.53206				
TM4SF5			0.340515				
TM6SF1	4.19684	3.80872	5.28483	0.259073	0.114744	3.79575	4.00792
TM6SF2			-0.210832				
TM7SF2	4.65181	1.49269	5.22004	0.260899	-0.565624	2.73666	1.37141
TM7SF3	1.80039	1.82093	1.52286				
TM9SF1			-0.260902				
TM9SF2	1.13579	1.59287	4.01064				
TM9SF3			1.91004				
TM9SF4	1.43213	2.08295	0.502284				
TMA16	4.20023	4.90912	-1.20179	0.151943	0.298826	2.92851	3.56478
TMA7	-0.421709	-1.57947	-4.70512				
TMBIM1			-2.97286				
TMBIM4	-3.80386	-3.96015	-3.63829				
TMBIM6	-2.38393	-3.29024	-5.12762				
TMC1			-1.21496				
TMC2			2.43958				
TMC3			2.48731				
TMC4	-1.11403	-0.495417	0.511363				
TMC5			-5.84587				
TMC6			1.69324	-0.393791	0.235302	-3.73418	-2.88584
TMC7			-0.025103	-0.398047	0.264128	-1.91611	-1.27148
TMC8	-3.99828	-3.32493	-2.05264	-0.313955	-0.521106	-2.16336	-2.78878
TMCC1	-2.32075	-0.0579562	-1.59098	0.0886056	0.503232	-1.09589	-0.40471
TMCC2	-1.27493	0.0613512	-1.45005	-0.203672	0.816481	-1.80286	-0.471764
TMCC3	-2.82138	-1.80833	1.26756				
TMCO1			-3.69806				
TMCO2			-2.67622				
TMCO3	-0.881626	0.472772	-4.74876				
TMCO4			-5.16189				
TMCO5A			-3.64447				
TMCO6	-1.77931	0.116805	-0.711082	-0.246449	0.436148	-2.24913	-1.32943
TMED1	-1.58158	-2.61752	-0.133677				
TMED10	1.38884	-0.731892	-2.19386	-0.0376176	-0.699336	1.16555	0.410197
TMED10P1	-2.71907	-3.48378	-1.98461				
TMED2			-3.01339				
TMED3	1.10378	0.939371	1.47065	-0.00653486	-0.396549	0.0827913	-0.358944
TMED4	-2.56925	-0.39097	-1.77625				
TMED5	-1.33723	0.567823	-2.73582				
TMED6			-1.86175				
TMED7			-2.67641				
TMED8	6.60409	3.51512	-1.44341				
TMED9	0.905917	-0.231686	-2.18481				
TMEFF1			1.80473				
TMEFF2	1.80141	-1.19826	1.45149	-0.0880473	-0.866709	-2.04571	-2.4157
TMEM100	-3.70894	-4.13281	-5.49023	-0.320471	-0.590986	-1.16897	-1.63317
TMEM101	1.14499	-0.330306	2.16072				
TMEM102			2.79114				
TMEM104			1.00022				
TMEM105			-1.44223				
TMEM106A	-3.97565	-3.73089		-0.340235	-0.608382	-3.04718	-3.37113
TMEM106B			-0.671112				
TMEM106C	4.18192	0.132452	-2.49511	0.128694	-0.845477	4.39305	1.58064
TMEM107	1.58434	-0.258675	0.396961	0.347267	-0.763685	2.70335	1.14365
TMEM108	1.89932	-0.236911	0.572972	0.183193	-0.831054	4.24569	1.69455
TMEM109	0.328	1.61789	1.5977	0.220846	0.395482	1.86056	2.43648
TMEM11	2.00346	1.98401	-0.315403				
TMEM110			-2.46015				
TMEM114			-4.92676				
TMEM115	2.45758	2.37094	7.03903				
TMEM116			-2.5865				
TMEM117	3.45025	1.48584	1.6969	-0.0606542	-0.601784	1.75409	0.780502
TMEM119			-2.96356				
TMEM120A	0.560444	-1.45171	0.63706	-0.111903	-0.623717	-3.06074	-4.05223
TMEM120B	-3.01212	-0.614784	-6.36574				
TMEM121	5.72124	3.63979	0.279909	0.256288	-0.408838	1.70853	1.0818
TMEM121B	3.27826	3.58282	1.93895				
TMEM123			-0.46659				
TMEM125	0.301783	0.604329	-0.139713	-0.350768	0.144519	-2.6217	-2.16876
TMEM126A	0.928535	-0.961105	0.617506				
TMEM126B			-1.29953				
TMEM127	-0.0159215	1.59851	-0.56182	0.0917148	0.766555	-0.857003	0.25314
TMEM128	0.359216	-1.27047	1.80196	-0.250085	-0.656558	0.593485	0.0166042
TMEM129	-2.29559	-2.77067	-1.98726				
TMEM130	5.27883	0.558786	-0.748993	0.227993	-0.872939	3.15489	0.438387
TMEM131	-0.612133	-1.04026	-0.923883				
TMEM132A	2.37508	-0.150406	1.5759	0.316581	-0.785473	3.58728	1.35742
TMEM132B	8.05075	3.58067	1.86459				
TMEM132C	-0.796719	-0.144878	2.23138	-0.0836021	0.760601	-1.10093	-0.283657
TMEM132D	1.54172	1.23323	4.15798	0.596953	-0.230528	1.68736	1.20896
TMEM132E	-0.61331	1.28662	-1.11032	0.241322	0.673848	1.40619	2.3936
TMEM134			-5.95431				
TMEM135			-1.16408				
TMEM136	-2.20854	-2.80747	-3.14318	-0.225775	-0.675355	-2.15813	-2.97786
TMEM138			-0.93994				
TMEM139			1.77658				
TMEM140	0.164276	0.944613	1.27484	-0.33018	0.359155	-0.865773	-0.300027
TMEM141	1.54925	0.347416	4.59685	0.110129	-0.255223	-0.214945	-0.977525
TMEM143	0.00646462	1.2485	1.89539				
TMEM144			1.34994				
TMEM145	-1.7475	1.11053	-2.27786	-0.0829773	0.778851	-0.684518	0.769956
TMEM146			2.8689				
TMEM147			-0.644491				
TMEM14A	1.42274	1.82907	2.11135				
TMEM14B	-2.14754	-1.32999	-0.951374				
TMEM14C	-1.7939	-0.266664	-1.52182	-0.0464543	0.752584	-2.38048	-1.38686
TMEM14E			-0.465098				
TMEM150A	-1.4925	0.651266	-2.76625				
TMEM150B	-0.553565	-1.69586	0.135911				
TMEM150C	4.1992	1.01998	2.61114	0.306415	-0.533583	2.63787	1.51804
TMEM151A	1.69777	1.42569	0.679154	-0.0994002	-0.173066	-1.09233	-1.51606
TMEM151B	-1.93765	-0.897277	-2.14511				
TMEM154			-1.52308				
TMEM155	3.3601	3.71256	7.83127	0.405415	0.598305	2.22814	2.48208
TMEM156			-3.53953				
TMEM158	0.919406	-1.26014	-4.81221	0.118701	-0.936984	0.958013	-0.570674
TMEM159	1.62772	-1.02368	-4.58397	-0.146887	-0.92497	0.227763	-0.989237
TMEM160	3.73818	3.07308	5.72129				
TMEM161A			2.72174				
TMEM161B	0.24283	1.21919	0.561736				
TMEM161B-AS1	-0.721096	0.353172		0.0284373	0.692067	-0.152022	0.687317
TMEM163			-2.80767				
TMEM164	0.772431	-0.990818	1.04126	0.217207	-0.71985	3.27424	1.07086
TMEM165	-0.976107	0.349464	-1.05298	-0.462321	0.315722	-2.36575	-1.54649
TMEM167A	-3.49099	-4.21811	-3.3192				
TMEM167B	-0.932553	-0.056662	-4.59614				
TMEM168	-0.232973	0.50453	-0.652407				
TMEM169	1.03709	1.6613	7.15278	0.0444694	0.535486	-1.37144	-0.891988
TMEM17	-0.507308	-2.14837	-1.44573	-0.0517104	-0.853869	-2.92103	-2.83366
TMEM170A	-1.56987	-2.47664	-4.40841	-0.317718	-0.583432	0.88506	0.499198
TMEM170B	1.08259	2.46496	2.30468	0.433494	0.607068	3.77297	4.10585
TMEM171	-0.00157141	0.731804	4.43888				
TMEM173	0.382267	-1.09226	2.47624	0.222648	-0.471373	-1.78143	-2.5374
TMEM174			-1.57571				
TMEM175			-1.4762				
TMEM176A	-2.05305	-2.70893	-5.13982	-0.17138	-0.793052	-0.0955326	-1.01994
TMEM176B	-0.832871	-2.06266	-4.11758	-0.145158	-0.787283	0.293849	-0.759895
TMEM177	-1.78964	0.227633	1.15129				
TMEM178A	-2.42573	-0.197868	-3.50158	-0.109463	0.546442	-0.928002	-0.159099
TMEM178B	6.53854	4.67857					
TMEM179	0.921126	1.6762	-0.537243				
TMEM179B	-3.9359	-4.45913	-3.39011	-0.463251	-0.300971	-2.14045	-2.45786
TMEM18	0.545656	-1.58845	-0.794366	0.0933929	-0.723628	-2.27786	-2.80267
TMEM180			-1.52458				
TMEM181	2.65612	0.843614	0.589183	0.29444	-0.52015	1.89676	0.970866
TMEM182	0.244129	-0.735661	1.91603	-0.234687	-0.252794	-2.96257	-3.83901
TMEM183A			1.01052				
TMEM184A	-0.854384	-0.0709436	0.468085				
TMEM184B	2.81644	1.56729	0.081919	-0.0181436	-0.226851	1.45433	1.14478
TMEM184C	1.27475	2.12478	5.57043	0.0289273	0.598279	0.255373	0.678301
TMEM185A			0.60204				
TMEM185B	-0.650864	-1.32115	-0.934964				
TMEM186	3.32233	0.708356	5.04399				
TMEM187	1.78833	-0.115768	0.569796	-0.0794648	-0.386227	-0.546284	-1.13565
TMEM189	-0.803238	-0.929997	-1.36678	-0.390693	0.121587	-4.84133	-4.13328
TMEM19	-1.82668	-0.0847211	-0.974511				
TMEM190			-3.70829				
TMEM191A	0.112667	0.798301	-0.508165	-0.0664086	0.324403	-0.935106	-0.624794
TMEM191B			-2.5111				
TMEM191C			1.11894				
TMEM192	0.550101	-0.0086266	0.772033				
TMEM195			-2.80207				
TMEM196	4.44779	3.33608	4.25428	0.0429079	-0.426088	2.86278	1.99471
TMEM198	2.79739	2.39887	4.72157				
TMEM199			2.23015				
TMEM2			-3.43655				
TMEM20			1.26325				
TMEM200A	-1.67301	-2.93759	-2.86237	-0.012864	-0.884644	-2.81837	-2.8595
TMEM200B	0.189108	2.15263	-0.702947				
TMEM200C	5.92551	2.50275		0.56518	-0.324661	10.391	6.93451
TMEM201	-0.549258	0.921319	-4.19212	-0.225585	0.654687	-2.69228	-1.52845
TMEM202			-0.369951				
TMEM203			0.78825				
TMEM204	0.164633	1.30811	1.04113	-0.0575606	0.632214	0.091713	0.64025
TMEM205	3.2234	0.456596	1.32352	0.256143	-0.734767	1.83403	0.380444
TMEM206	-1.06067	-1.29432	-1.04456	-0.515513	-0.00198945	-4.17089	-3.95684
TMEM207			0.532427				
TMEM208	3.38198	-1.01109	0.015076	-0.0169692	-0.787503	0.328171	-0.908538
TMEM209	-0.667616	-1.20014	-2.06832	-0.324811	-0.478505	-0.367839	-0.619642
TMEM211			0.972877				
TMEM213			1.0997				
TMEM214			-0.868759				
TMEM215	-0.360162	-0.560559	0.092254	0.0884525	-0.583925	-1.15676	-1.66605
TMEM216	-1.08661	-0.736112	-4.80672				
TMEM217	2.76401	1.90624	1.08182				
TMEM218	-2.84026	-3.13487	-4.01207	-0.381738	-0.51972	-1.32425	-1.69128
TMEM219	0.0342843	-1.33153	-0.906651	-0.102445	-0.53124	0.629544	-0.211486
TMEM220	-2.7362	-3.68311	0.422303				
TMEM222			0.825932				
TMEM223	0.447336	1.855	2.00085	0.194683	0.77733	0.560903	1.45211
TMEM225			-2.23412				
TMEM229A	0.0864633	0.585063		-0.111339	0.538841	-1.1008	-0.542359
TMEM229B	-1.45519	-0.233132	-0.401488	-0.121681	0.743076	-3.76908	-2.12028
TMEM230	-0.523029	-1.69903	-2.33754				
TMEM232	3.3252	3.4948	1.84614	0.198256	0.299827	4.41813	5.32644
TMEM233	-0.802704	-1.97106		-0.103071	-0.684082	-0.0570158	-1.04555
TMEM234	2.96055	0.344007	1.93823	0.209361	-0.677234	1.03301	0.134988
TMEM237	2.17088	3.47796	0.446749	0.122978	0.78558	1.86086	2.34078
TMEM238	0.0823779	-1.53608	-3.83262	-0.0890336	-0.811903	1.4619	0.111153
TMEM240	4.38091	4.37098	1.89955				
TMEM241	1.53663	2.62986		0.38706	0.364209	2.15863	2.82249
TMEM242	2.29008	0.205389	1.17328	0.309194	-0.602331	1.24492	0.108404
TMEM243	2.12222	1.54337	8.04112	0.400913	0.341721	0.414654	0.295079
TMEM244	-3.61146	-4.32804	-6.64159	-0.360891	-0.334359	-4.47233	-4.94552
TMEM245			1.29011				
TMEM246	2.07298	1.83205	-0.521649				
TMEM248	2.17079	0.357991	-0.56418				
TMEM249	-1.58959	-1.7161		0.184296	-0.0495904	-0.569115	-0.443275
TMEM25	2.66391	3.4963	4.06062				
TMEM250	-0.955022	0.128014	-1.00552				
TMEM254	0.717452	-0.832714	1.18431				
TMEM255B	-2.46243	-0.111857	-0.96221	-0.305944	0.707214	-2.98047	-1.53507
TMEM256	1.68586	-1.00871	0.493032	-0.0284033	-0.676956	0.110779	-0.799481
TMEM258	-0.209266	-1.71485	0.68783				
TMEM259	0.0556082	0.239985	0.788056				
TMEM26			-4.19795				
TMEM260			-1.44988				
TMEM263	2.74481	-1.01142	-3.40367	0.0925478	-0.957682	2.22243	-0.27255
TMEM265	-1.04442	1.23193		-0.00156087	0.47799	1.98283	2.78848
TMEM266	-0.260993	0.288556	0.648439				
TMEM267	2.19382	2.78991	2.28892				
TMEM268	2.66536	3.04997	3.20387	0.490005	0.667191	1.02815	1.66153
TMEM27			-1.84107				
TMEM272			-6.9402				
TMEM30A			-2.05788				
TMEM30B	-1.91854	-1.94608	-0.416241				
TMEM31			1.84842				
TMEM33	3.88248	3.5766	2.34524				
TMEM35A	-0.51818	0.962035	-4.27837	-0.0164911	0.654259	-1.62177	-0.285878
TMEM35B	-3.71506	-3.8795		-0.511065	-0.211995	-1.37398	-1.41766
TMEM37			-0.19386				
TMEM38A	1.46582	2.32264	5.19872	0.464219	0.68213	-0.179094	0.575672
TMEM38B			-1.51611				
TMEM39A	-1.11489	1.17382	0.7874	-0.181967	0.510668	1.05495	2.05785
TMEM39B	2.34784	2.80735	1.23117	0.272049	-0.148353	1.9622	1.93614
TMEM40			2.22563				
TMEM41A			-2.73518				
TMEM41B	-2.14966	0.104195	-2.52447				
TMEM42	0.145346	-1.50317	-1.97881	-0.158257	-0.527538	-3.0109	-3.6529
TMEM43	-1.40012	-2.88029	-3.90756	-0.190848	-0.586864	-1.43575	-1.964
TMEM44	1.77237	1.62926	0.320726	-0.0606907	-0.122108	-0.536169	-1.00476
TMEM45A			-1.64894				
TMEM45B	-2.90571	-1.03401	-2.40876	-0.337848	0.406985	-4.03483	-3.12985
TMEM46			-4.53722				
TMEM47	-0.368321	-1.46613	-3.96793	0.0388421	-0.711744	2.98577	1.48455
TMEM50A	2.9733	2.80663	0.992467				
TMEM50B			-1.27837				
TMEM51	-2.44168	-2.89565	-5.24321	-0.329515	-0.374009	-0.792897	-1.33959
TMEM52	1.54742	-0.848076	-0.996771	0.0188098	-0.882594	2.28197	0.408017
TMEM53	3.78276	0.672342	4.74766	0.215662	-0.753511	3.2074	0.932006
TMEM54	3.25882	-0.125903	1.69349	0.275028	-0.638153	5.43915	2.60607
TMEM56	3.74657	3.29311	5.04335	0.5403	0.0876407	4.79163	5.45214
TMEM59	1.06725	2.06382	0.068314	0.0816381	0.734582	-1.05259	-0.0608568
TMEM59L	3.62574	0.618073	4.37453	0.337955	-0.7399	1.97148	0.371808
TMEM60	1.5616	1.8035	3.74416				
TMEM61	-4.37667	-4.4047	-5.34268	-0.195931	-0.330427	-5.35965	-6.01493
TMEM62			-2.39019				
TMEM63A	-0.395742	0.30315	-0.265836	-0.423722	0.184583	-2.94819	-2.3908
TMEM63B			2.77316				
TMEM63C	2.82331	2.64287	-1.47119				
TMEM64	1.24435	0.513537	3.13817				
TMEM65	1.97714	0.534751	5.35783	0.0726266	-0.583678	0.301943	-0.389737
TMEM67	1.22356	2.56432	1.11751	0.086514	0.205953	2.4316	3.22401
TMEM68	-0.114239	-1.24794	-0.676661	-0.0849817	-0.737163	-0.133963	-0.790707
TMEM69	2.3661	2.87901	0.901951				
TMEM70	1.51251	0.618151	0.322134	0.0432136	-0.432821	-0.719605	-1.55545
TMEM71			-3.54615				
TMEM72			-2.00307				
TMEM74	-1.07796	-0.863596	-3.45166				
TMEM74B	1.85313	2.42998	-1.93755	0.299441	-0.135418	5.40947	5.26162
TMEM75			-0.519503				
TMEM79			0.860826				
TMEM80			-4.4111				
TMEM81	2.20816	3.03124	11.0905	0.192887	0.834507	1.07373	1.46404
TMEM82			-3.21977				
TMEM86A	1.46652	0.249348	0.913124	0.289709	-0.50632	3.95821	2.6862
TMEM86B	0.916387	2.2349	-1.28835	0.101051	0.840984	0.896477	1.66584
TMEM87A	0.156899	1.21478	-1.49644	-0.332997	0.269414	-0.379047	0.0686425
TMEM87B	2.26908	1.90262	0.650991				
TMEM88	-1.26008	0.459006	-3.49007	-0.266455	0.471726	-0.338319	0.277967
TMEM88B			-3.90689				
TMEM89			-1.64708				
TMEM8A	1.2742	-0.290371	1.56632				
TMEM8B	-0.429796	-1.36758	-2.76405	0.218774	-0.576863	0.424613	-0.189503
TMEM9	0.594603	-1.57575	-2.46956	0.058842	-0.748319	0.478837	-0.607181
TMEM91	0.056096	-0.370533	-5.37577	0.120253	-0.389021	1.43186	1.55811
TMEM92			2.4365				
TMEM94	-0.306289	-1.37875	-4.34811	0.0476578	-0.600349	1.0652	0.554398
TMEM95			-4.2304				
TMEM97	2.3759	0.487495	0.820526	0.387279	-0.412895	-0.315556	-1.00441
TMEM98	-1.55328	-0.716266	-0.504278	-0.476516	0.220723	-3.39993	-2.64651
TMEM99			-2.9695				
TMEM9B	0.395785	-0.557617	-0.14751				
TMF1	-2.09099	0.535574	0.077713	-0.01666	0.562919	0.267945	1.0885
TMIE	2.32433	-0.126224	4.41398				
TMIGD1			-0.721929				
TMIGD2			0.32232				
TMIGD3	-1.29457	-2.12875		-0.133652	-0.410953	-0.979219	-1.40062
TMLHE	-0.387797	1.21085	2.01987				
TMOD1	1.76073	1.61237		0.600149	-0.0266446	4.39485	4.46197
TMOD2			-0.373888				
TMOD3	-1.04374	-1.79425	-7.56628	-0.119829	-0.63844	0.239331	-0.165644
TMOD4			2.36352				
TMPO	4.80932	5.82845	5.78473	0.359467	0.698325	4.13813	4.73948
TMPPE			-1.84052				
TMPRSS11A			-1.9377				
TMPRSS11B			0.852179				
TMPRSS11D			1.59142				
TMPRSS11E2			-1.22579				
TMPRSS11F			-1.49679				
TMPRSS12			-1.53664				
TMPRSS13			-1.88634				
TMPRSS2			-2.34114				
TMPRSS3			-5.45476				
TMPRSS4			0.51509				
TMPRSS5	-0.279418	-1.41732	-6.09962	-0.304262	-0.64373	1.61605	1.08625
TMPRSS6			-6.67093				
TMPRSS7			-4.76921				
TMPRSS8			0.571021				
TMPRSS9			-0.181835				
TMSB10	4.21334	-0.950536	1.33954	0.290053	-0.876026	0.98396	-0.924141
TMSB15A	-2.53155	-2.33173	-6.61158	-0.129151	-0.100475	0.0136636	0.149172
TMSB15B	-0.5788	-0.461832	-3.63351	0.0175191	-0.306457	-0.0493992	-0.0516045
TMSB4X	-0.459334	-1.96081	-3.73998	-0.163071	-0.774388	-2.68849	-2.74046
TMSB4XP8			-5.2801				
TMSB4Y	0.710285	-1.11744	0.509653	0.0151584	-0.532441	-0.280162	-0.927767
TMTC1	-0.0978478	-1.90404	-1.8856	-0.14539	-0.651533	-4.64975	-5.77813
TMTC2	0.544316	0.977738	2.15247	-0.274902	0.0705272	-0.155345	0.0630336
TMTC3	4.32135	3.32583	1.48521				
TMTC4	0.202463	1.88388	2.13404	0.0845141	0.708933	-0.020349	0.905358
TMUB1	1.46417	2.41726	0.73222				
TMUB2			2.17164				
TMX1	-1.34316	-1.65346	0.484953	-0.378174	0.0999725	-0.405014	-0.339589
TMX2	0.937442	1.60209	0.690169	-0.0304182	0.512394	-0.473033	-0.12223
TMX3	5.23299	3.81723	3.91701				
TMX4	1.62115	2.06637	2.15737	0.133858	0.613158	-0.157793	0.086018
TNAP			-4.75392				
TNC	-0.0555435	0.701203	0.969534	-0.374819	0.048487	0.00964796	0.274107
TNF	-4.70785	-0.989457	-1.38511	-0.173547	0.755837	-3.47553	-1.21849
TNFAIP1	4.10749	4.78137	1.41635	0.362741	0.499523	2.52126	3.08585
TNFAIP2	-1.85756	-2.667	-7.8186	-0.129063	-0.701114	-2.59247	-2.93237
TNFAIP3			-2.50557				
TNFAIP6			2.43923				
TNFAIP8	-3.59168	-1.05444	-5.6531				
TNFAIP8L1	5.91071	1.1368	5.75884	0.53318	-0.583047	1.93931	0.648985
TNFAIP8L2	-1.02181	-2.00988	1.12757	-0.134863	-0.629645	-2.09141	-2.47523
TNFAIP8L3	-2.62195	-3.8806	-3.0297	-0.149298	-0.617788	-1.19431	-1.94855
TNFRSF10A			-2.2412				
TNFRSF10B	-4.04867	-4.71744	1.01011	-0.341823	-0.403018	-3.59584	-4.45715
TNFRSF10C			-1.12721				
TNFRSF10D			-2.56594				
TNFRSF11A	4.86563	0.552466	4.65367	0.471479	-0.765116	3.6497	1.01303
TNFRSF11B			1.86482				
TNFRSF12A	-4.49955	-2.87246	-2.17165	-0.589009	0.258473	-7.57263	-6.32822
TNFRSF13B			2.64977				
TNFRSF13C	-1.14024	-1.91315	-0.303508				
TNFRSF14	2.89981	1.70457	7.24286	0.182549	-0.108297	3.108	2.94195
TNFRSF17			-0.396151				
TNFRSF18			6.87316				
TNFRSF19			0.153408				
TNFRSF1A	0.175085	-0.93408	0.537845				
TNFRSF1B			-2.06147				
TNFRSF21	0.377489	0.540703	1.20153	-0.307825	0.0756872	-2.7152	-2.8783
TNFRSF25	4.52617	4.06798	0.696555	0.223097	0.688936	7.34439	6.51298
TNFRSF4	4.0001	3.79286	4.52583	0.573874	0.373174	3.37366	3.94564
TNFRSF6B			-0.665298				
TNFRSF8			-2.68821				
TNFRSF9			-2.89785				
TNFSF10			-1.56465				
TNFSF11			-0.34803				
TNFSF12	1.20243	-0.139408	-1.83435	0.135597	-0.459707	3.70234	2.46212
TNFSF13			-3.69451				
TNFSF13B	5.08502	3.0854	6.47065	0.67649	-0.173532	5.93227	4.96689
TNFSF14			-1.17589				
TNFSF15			-0.877948				
TNFSF18			-1.29376				
TNFSF4	0.71341	1.83913	1.46923				
TNFSF8			1.01131				
TNFSF9			-0.095982				
TNIK	-0.475178	-1.57827	-7.45704	-0.108555	-0.777381	1.45812	0.5417
TNIP1	-1.96834	0.390206	-2.69792	-0.147756	0.825036	-3.37019	-1.43237
TNIP2	0.335725	-0.265793	3.33683	-0.154643	0.00831715	-1.16051	-1.40297
TNIP3	-1.39767	-2.71371	0.715892				
TNK1			-5.73842				
TNK2			-4.28057				
TNKS	-0.200322	0.967125	-2.46602	-0.220675	0.51819	-0.132788	0.479072
TNKS1BP1	0.270267	-1.10892	0.96964				
TNKS2	0.254368	-0.13386	-0.116474	-0.0985591	-0.664957	0.466993	-0.33736
TNMD			-1.34969				
TNN			3.56914				
TNNC1			-1.25964				
TNNC2	5.43344	5.27335	7.55325	0.320202	0.768207	5.06429	4.65908
TNNI1			-4.45908				
TNNI2			2.19234				
TNNI3	2.64448	-0.528184	3.57388	0.23513	-0.695058	0.088228	-1.09962
TNNI3K			4.78204				
TNNT1	0.969082	-1.53506	0.470357	0.233298	-0.83431	0.201802	-1.09574
TNNT2	4.65023	4.05587	11.4871	0.371697	0.342514	3.74818	4.17669
TNNT3	1.36189	1.08005	7.73102				
TNP1			2.55152				
TNP2			-0.590589				
TNPO1	-4.01003	-1.47522	-4.49979				
TNPO2			-1.04362				
TNPO3			3.07432				
TNR	-1.70937	-2.40993	-4.75828	-0.0687004	-0.634293	0.0391214	-0.356777
TNRC18	-1.98912	0.257733					
TNRC18B			-3.33179				
TNRC6A	-0.0123414	1.64335	-2.1762	0.0325906	0.497424	3.1046	3.68783
TNRC6B	-0.892331	0.983193	-2.6599	0.102711	0.368577	1.69489	2.47887
TNRC6C	0.998385	2.10024	0.143399	0.0835231	0.159746	3.25853	3.86162
TNS1	-2.75636	-0.400889	-2.64214	-0.658395	0.37171	-5.35736	-3.34031
TNS2	-5.23128	-4.8376	-3.20883				
TNS3	-0.535202	-1.45811	-2.72658	-0.0220924	-0.569777	2.14485	1.31673
TNS4			2.8541				
TNXB	0.269594	1.71527	-1.80008	0.0481599	0.582518	-0.439362	0.229159
TOB1	-1.3418	0.871348	-1.33451	-0.434382	0.277073	0.526426	1.42828
TOB1-AS1	-1.64572	1.00576		-0.0853026	0.667088	-0.467595	0.410926
TOB2	-0.61413	-1.12725	-2.54868				
TOB2P1			3.12153				
TOE1	1.28904	2.07181	-0.410782	0.217926	0.0623122	0.68066	0.948612
TOGARAM1			-2.14335				
TOGARAM2			-3.54778				
TOLLIP	4.04825	0.819893	1.44968	0.35051	-0.640191	0.947286	-0.220539
TOM1			0.799555				
TOM1L1	3.82588	-0.262184	5.13725	0.144569	-0.756692	3.75658	1.39462
TOM1L2			0.404711				
TOMM20	3.46576	2.0303	3.7364				
TOMM20L			-2.4617				
TOMM22	-0.836235	-1.76969	-1.60762				
TOMM34	-1.00305	-1.58324	-1.27932	-0.0989407	0.0769575	-4.43952	-4.92949
TOMM40	0.128658	1.02912	2.74388	0.0326038	0.602422	-0.708353	-0.260382
TOMM40L	4.19545	4.01459	3.71493				
TOMM5	0.974453	-0.975215	2.14806				
TOMM6	2.39781	-0.682997	1.13995	0.147421	-0.703188	1.63167	0.325396
TOMM7			-3.48324				
TOMM70			-1.19174				
TONSL			3.69836				
TOP1	-1.27013	0.487087	0.580508				
TOP1MT	-3.27781	-3.43878	-10.138	-0.430629	-0.438476	-1.18272	-1.41328
TOP1P1			-1.81621				
TOP1P2	0.0788859	1.93862	-2.43119	0.0798748	0.624326	2.10858	2.64574
TOP2A			-2.00072				
TOP2B	2.42469	3.20898	-1.33743				
TOP3A	0.444578	1.60215	-3.77257				
TOP3B	-0.826921	1.00286	2.10824				
TOPBP1			0.654842				
TOPORS			-1.92152				
TOR1A	1.93493	-0.14444	-0.231987				
TOR1AIP1			-2.94011				
TOR1AIP2	-0.922758	0.301161	-2.42774	-0.230809	0.634516	-2.98512	-1.56448
TOR1B	0.416446	-0.136535	-2.25221				
TOR2A	1.03146	2.33138	0.455534				
TOR3A			-2.06557				
TOR4A			0.118481				
TOX	6.29755	5.09299	3.46989	0.55078	0.19307	5.2112	5.70793
TOX2	2.43691	3.63587	4.50316	0.192315	0.818066	1.33968	1.79
TOX3	-0.267912	-1.7634	-5.04338	-0.0371994	-0.806679	-1.04447	-1.5135
TOX4	2.81115	0.403204	0.703744	0.154421	-0.384909	0.926366	0.136235
TP53			0.64294				
TP53AIP1	-1.5125	-0.57539	-2.40116	0.171699	0.0672958	1.69256	2.0776
TP53BP1	2.52814	0.774393	1.11191	0.190488	-0.741909	3.78893	1.80679
TP53BP2	-0.310168	-1.45123	-2.72223	-0.110296	-0.601651	1.92734	1.16343
TP53I11	-0.533482	-1.63568	-1.79443	0.166606	-0.793252	0.396831	-0.427248
TP53I13	1.74362	0.353395	5.09861				
TP53I3	-0.991488	-2.74687	1.00299	0.27775	-0.473044	-0.330083	-1.1169
TP53INP1			-1.54671				
TP53INP2			-3.01873	-0.378916	0.302009	-3.65986	-3.01318
TP53RK	-0.592888	0.26225	-1.22243				
TP53TG1	-1.84484	-2.46227	-1.82046	-0.29096	-0.575294	-3.32483	-4.18914
TP53TG3			3.33723				
TP53TG3B			0.820164				
TP53TG3D	2.665	2.9845		0.372561	0.56192	0.948232	1.17776
TP53TG3HP	3.00831	3.40993					
TP53TG5			1.3284				
TP63			0.415019				
TP73			-2.18424				
TP73-AS1			-1.33031				
TPBG	3.35161	3.05696	12.6503	0.435271	0.464644	1.15459	1.31777
TPCN1	-4.59923	-2.28846	-5.40189	-0.384561	0.537365	-1.0263	-0.119617
TPCN2			-1.22868				
TPD52	8.43658	3.82796	4.06636	0.497431	-0.3069	3.12031	2.63063
TPD52L1	-3.81332	-3.76949	-2.35437	-0.18716	0.0661263	-0.918122	-0.840617
TPD52L2			-0.747744				
TPD52L3			-0.602292				
TPGS1			3.30021				
TPGS2	0.400025	0.375517	1.78477	0.090715	0.447799	-1.06979	-0.9387
TPH1			-2.54952				
TPH2			0.882031				
TPI1	2.76504	0.806787	3.55749	0.327579	-0.500043	0.501502	-0.519659
TPI1P2	2.07334	0.0903483	3.15215				
TPK1	6.85146	5.13707	7.58659	0.577371	0.260521	9.0584	9.3801
TPM1	-3.5108	-4.06598	-4.94019	0.192181	-0.553997	-0.758235	-1.30073
TPM2	-1.56557	-3.31454	-2.32643				
TPM3	1.65034	-1.46228	-1.82565	0.0642812	-0.929427	0.448666	-1.30402
TPM3P9	-1.69582	-2.71912		-0.0104877	-0.745471	1.02238	-0.266389
TPM4			-1.56093				
TPMT	0.963304	0.953264	2.08955				
TPO	0.686396	-1.39859	-2.14737	0.248733	-0.630273	-1.79186	-2.58965
TPP1	-1.56013	-2.50057	-1.3221	-0.357327	-0.161492	-0.578587	-0.823837
TPP2	-2.31872	0.829636	-2.85552	-0.196565	0.659259	-0.771148	0.624593
TPPP			-1.12553				
TPPP2			0.12113				
TPPP3	0.0626328	-1.33325	-1.50216	-0.493156	-0.46016	-0.506296	-0.988105
TPR	-3.33565	-1.28187	-4.60645				
TPRA1			-2.32549				
TPRG1			-4.22918				
TPRG1L	0.481916	-1.26091	-2.30022				
TPRKB	-2.64084	-0.643916	-1.23916	-0.0660503	0.667986	-2.31705	-0.915608
TPRN			0.877031				
TPRX1			0.374924				
TPRXL	1.02879	2.13663	-0.369726				
TPSAB1			-3.63412				
TPSD1			0.502786				
TPSG1			-5.38565				
TPST1	7.83762	1.66924	4.57157	0.314301	-0.695728	4.76025	2.00699
TPST2	2.77028	3.57232	8.47621	0.3117	0.493258	2.76926	3.19757
TPT1	-3.41092	-3.36504	-8.21236				
TPT1-AS1	-1.49947	-0.350548					
TPTE	-3.27573	-2.40503	-5.54998				
TPTE2			-1.47286				
TPTE2P1	-1.23762	0.320199	-4.65177	0.207105	0.357908	0.476722	1.13691
TPTE2P2			0.033046				
TPTE2P3	-0.731002	-2.26778	-1.98018				
TPTE2P5	1.41045	2.23108		-0.00115443	0.382616	-1.74478	-1.19447
TPTE2P6	0.484351	1.64579	2.87189	0.060208	0.84316	-0.119971	0.488255
TPTEP1	-1.61157	-0.87403					
TPX2	2.45347	1.16156	4.00736	0.334809	-0.510209	1.10286	0.176876
TRA2A			-5.03461				
TRA2B			-3.86853				
TRABD	-0.36367	1.42848	-3.17874	-0.248499	0.510106	1.21905	1.92246
TRABD2A	6.89563	4.39361		0.428065	-0.3744	4.3658	3.22296
TRADD	-2.61078	-1.87367	-2.22207	-0.519709	0.234178	-7.54479	-5.84561
TRAF1			-1.24401				
TRAF2	2.40395	3.15899	3.00027				
TRAF3	1.2741	2.07179	2.18294	0.0640958	0.564536	1.30877	1.67871
TRAF3IP1	3.21763	3.69953	-1.36682	0.0873396	0.68597	4.00436	4.17238
TRAF3IP2	-1.5992	-2.2921	-5.03086	-0.296621	-0.468988	0.452119	0.0681469
TRAF3IP2-AS1			-5.06431				
TRAF3IP3	-2.99177	-3.22684	-0.812195	-0.28313	-0.553506	-4.59328	-4.82047
TRAF4			-2.40443				
TRAF5	-0.273392	0.0168627	1.31114	0.168931	-0.157566	-2.4644	-3.24184
TRAF6	1.56826	2.51064	-0.030149				
TRAF7	-1.05697	0.830326	-2.77988				
TRAFD1			1.11378				
TRAIP	0.205268	-0.79114	-4.67643	0.0404201	-0.717838	0.0389197	-0.371441
TRAK1			-1.07648				
TRAK2	-5.08598	-0.784922	-5.54846	-0.30541	0.70887	-5.15897	-2.53805
TRAM1			-3.05704	-0.466794	0.0884597	-0.741512	-0.48632
TRAM1L1	-0.440856	-1.68825	-2.18191				
TRAM2	6.63495	5.66173	4.74883	0.338263	0.11916	3.39245	3.55372
TRAM2-AS1	0.855913	2.17075		-0.0540471	0.481525	0.639762	1.27965
TRANK1	-1.36534	0.911709	-1.84214	0.0911458	0.725007	0.437415	1.45765
TRAP1			-1.59662				
TRAPPC1	1.58683	1.51752	5.38769				
TRAPPC10			-0.125257				
TRAPPC11	-0.797289	-0.187309	-2.21125				
TRAPPC12			-1.01461				
TRAPPC13	2.28562	1.44694	3.57535				
TRAPPC2	2.05908	-0.267874	-3.27945				
TRAPPC2L	2.65076	-1.12043	3.77274	0.0836834	-0.878785	-1.02487	-1.71478
TRAPPC2P1			0.773033				
TRAPPC3			1.84047				
TRAPPC4			-1.11452				
TRAPPC5	4.11522	1.73722	3.92481	0.379326	-0.493706	1.3841	0.476661
TRAPPC6A	1.5363	-1.07376	0.909473	-0.0830743	-0.728279	0.378435	-0.51934
TRAPPC6B	1.56848	0.299913	-1.56713	0.055943	-0.551232	-0.655867	-1.09854
TRAPPC8			1.37694				
TRAPPC9	5.45332	3.38176	6.50195				
TRAT1			1.34135				
TRBV16			-2.10203				
TRDMT1	-2.90856	-0.662513	-4.15926				
TRDN			-4.15579				
TREH			-3.03784				
TREM1			0.5442				
TREM2	-2.02466	-2.68352	-0.69641	-0.244482	-0.372453	-3.59693	-4.02802
TREML1			-4.48401				
TREML2			-0.955242				
TREML3			-0.503963				
TREML4			-1.61374				
TRERF1	0.243578	1.87076	0.686794	0.265559	0.714707	0.67127	1.50076
TREX1			0.634459				
TREX2			-2.89447				
TRGV5			-2.37351				
TRH	1.99468	0.812733	-0.271642	-0.135714	-0.353587	1.54098	1.52535
TRHDE	1.19333	2.04374	3.72166				
TRHR			-3.56222				
TRIAP1	-1.01394	1.05514	1.71933	0.0288699	0.547322	-1.57177	-0.791019
TRIB1	-1.5211	-2.69151	-1.06303	-0.122676	-0.558036	-0.208424	-1.03248
TRIB2			0.402034				
TRIB3	2.82544	0.312707	2.38608	0.288755	-0.79619	4.10996	1.46508
TRIL	-1.03208	-2.20135	-4.68099	-0.207891	-0.60252	0.741693	-0.0177858
TRIM10			-2.26506				
TRIM11	2.60896	2.11763	-0.370576	0.3114	-0.416421	3.78221	2.9427
TRIM13	0.820147	2.76096	0.750431	0.0980131	0.507702	3.20825	3.85457
TRIM14	-0.846557	-0.124051	-1.34995	0.29681	0.148026	-0.380022	-0.183803
TRIM15			-2.71398				
TRIM16			-0.139337				
TRIM16L	-1.65095	0.185649	2.39895				
TRIM17	4.83277	2.55467	1.59804	0.382664	-0.571343	2.10496	1.07014
TRIM2	-0.0820088	0.713232	0.093925	-0.301684	0.280519	-1.35794	-0.796168
TRIM21			1.02823				
TRIM22	0.575734	-1.2883	2.68492	-0.0726364	-0.659596	1.42348	0.219609
TRIM23			-0.144405				
TRIM24	3.18198	0.347649	1.7791	0.219384	-0.755716	2.68213	0.983155
TRIM25			-3.33345				
TRIM26	-0.213472	1.71163	-2.55662	-0.164885	0.593527	-0.216615	0.547874
TRIM27	4.44093	0.447529	1.6069	0.140713	-0.881991	2.58196	0.287326
TRIM28			2.96701				
TRIM29			-0.687707				
TRIM3	3.14195	3.20613	4.42754				
TRIM31			0.019162				
TRIM32	4.55839	4.29409	2.60967	0.312052	0.645176	3.46618	4.19841
TRIM33	-2.19204	0.0609263	-6.23772	0.104492	0.261036	-0.60276	-0.13776
TRIM34			-1.85519				
TRIM35	1.63806	2.71704	0.555619	-0.172135	0.688382	-0.241966	0.481473
TRIM36	2.3741	-1.09186	-0.138586	-0.0354851	-0.897954	0.298747	-1.02949
TRIM37	1.08937	1.90067	3.85678	0.0902639	0.71162	-1.00012	-0.520545
TRIM38			-0.055437				
TRIM39	-1.73062	0.177653	0.404286				
TRIM4	0.463802	1.74897	-4.28077				
TRIM40			1.77709				
TRIM41	-1.69253	-1.49511	-2.43966				
TRIM42			-0.110828				
TRIM43			-1.50626				
TRIM43B			-2.92433				
TRIM44	-1.19421	0.847767	-3.08364	0.0219766	0.805447	-1.31143	0.148633
TRIM45	3.66898	1.98674	-0.719147	-0.0818052	-0.355665	2.32857	2.09367
TRIM46			-0.149364				
TRIM47	-0.870555	0.270964	1.73152	-0.248275	0.469243	0.216761	0.731567
TRIM48			3.1056				
TRIM49	2.23122	1.5265	-1.53725				
TRIM49B	-2.65322	-3.26218					
TRIM49DP			-1.99629				
TRIM5	-0.485373	-0.932248	0.069558				
TRIM50			2.16005				
TRIM51GP			4.0532				
TRIM52	1.34892	2.34284	0.877773	0.0212003	0.681134	3.68685	3.6725
TRIM53AP	7.67345	4.61054					
TRIM54	1.37882	2.5226	3.8974	0.444803	0.434161	2.65933	3.172
TRIM55			0.38545				
TRIM56			-2.13888				
TRIM58	-2.6441	-0.452778	-3.86066	-0.211673	0.619292	-4.84895	-3.04894
TRIM59			1.87021				
TRIM6			-2.62858				
TRIM60			1.46516				
TRIM61	-2.31469	-2.32768	-7.06112	-0.290638	-0.0729828	-1.86892	-2.14254
TRIM62	-4.35735	-1.64457	-0.586064	-0.217803	0.446171	-1.61119	-0.958621
TRIM63			0.223078				
TRIM64B			-1.15196				
TRIM64EP			-1.3581				
TRIM65	1.15902	1.69521	4.1247				
TRIM66	4.82319	5.36988	2.66822				
TRIM67	-4.35155	-3.12245	-5.79516	-0.443885	0.106306	-1.87817	-1.66948
TRIM68	2.9948	-0.266002	-0.582109	0.0305182	-0.668698	1.67404	0.417691
TRIM69			-1.52038				
TRIM7	1.39404	3.00396	-0.246045	0.348513	0.626216	5.11176	5.84759
TRIM71	0.591759	-0.988351	-4.82996	0.0859588	-0.666011	1.53718	0.560972
TRIM72			-1.89977				
TRIM74			-0.913602				
TRIM75			1.22361				
TRIM77P			-1.15412				
TRIM8			-6.79243				
TRIM9	3.32334	3.87906	0.279047	0.530987	0.460452	6.82596	7.2317
TRIML1			0.245042				
TRIML2	4.91134	1.72056	-1.20392	0.341275	-0.511902	2.71561	1.62398
TRIO	-0.8794	0.0710104	-4.14848	0.19951	0.160489	1.54214	2.00624
TRIOBP			-2.10612				
TRIP10			2.57486				
TRIP11	-1.77871	1.24871	-2.15766	-0.22535	0.73833	0.708198	1.61331
TRIP12	1.29177	-0.614438	-1.17137	-0.075514	-0.638202	-0.901237	-1.83359
TRIP13			-3.51439				
TRIP4	-3.95196	-1.33333	-3.19729	-0.292413	0.473908	-0.558268	0.245595
TRIP6	-3.98411	-3.81633	-3.41735	-0.42718	-0.516188	-0.812177	-1.22935
TRIQK	-0.208908	-0.55186	-3.04185				
TRIR	-0.28472	0.149845	-1.09684				
TRIT1	1.51884	2.50751	-3.42564	0.0252901	-0.00639905	2.33445	3.12809
TRMO	-1.77514	0.589067	-0.425029				
TRMT1	2.00589	2.57958	-0.290199				
TRMT10A	0.190651	1.42052	4.78175	-0.0588335	0.834852	-3.27306	-1.22036
TRMT10B			-0.523021				
TRMT10C	3.6451	2.50849	7.4462				
TRMT11	-0.307575	1.51046	-1.75249	0.0683645	0.669074	2.12685	3.02145
TRMT112	1.33275	-1.15008	-1.72052	-0.0127662	-0.641481	0.780474	-0.108063
TRMT112P6			0.66111				
TRMT12	1.4173	-0.438777	0.83954	0.124733	-0.636739	2.27581	0.832126
TRMT13	-4.60406	-2.52103	0.168035				
TRMT1L	-1.75917	0.536438	2.74261				
TRMT2A			1.70755				
TRMT2B	-4.63339	-0.199038	-4.1161	-0.212688	0.769081	-2.93393	-0.892951
TRMT44	1.38792	1.83125	1.09239				
TRMT5	-1.06758	-1.89838	-5.58362				
TRMT6			-1.78646				
TRMT61A	1.06759	0.127494	0.657642				
TRMT61B	1.08278	2.1113	1.90152	-0.0440355	0.76527	-0.948149	0.0923579
TRMT9B	0.0634544	1.94197	2.12247	-0.0502506	0.861645	1.4915	2.3127
TRMU	1.48561	2.22602	4.38433	0.0459304	0.681392	-0.575132	0.135798
TRNAU1AP			-1.21586				
TRNP1	-2.37659	-0.208126	-4.5085	-0.101551	0.720025	-1.92777	-0.632728
TRNT1			-1.44687				
TRO	1.12873	-0.679228	-0.246299				
TROAP			0.064081				
TROVE2	-2.38654	-1.25154	-2.31996				
TRPA1			-0.56974				
TRPC1	-1.53011	-0.713783	-4.83849	-0.217264	-0.0840255	-0.346223	-0.100645
TRPC2			-2.21714				
TRPC3	-3.65738	0.670865	-2.39285	-0.129542	0.924461	-2.54377	0.108352
TRPC4	-2.26699	-3.53365	-6.3662	-0.25033	-0.616666	-3.62408	-3.95688
TRPC4AP			1.04105				
TRPC5	3.4649	3.38107	0.912171	0.015442	0.0873462	2.68917	3.12112
TRPC5OS			-1.97493				
TRPC6	-0.216443	-1.23812	-2.94163	-0.446463	-0.533076	-2.01103	-2.75205
TRPC7			-1.40242				
TRPM1			-4.847				
TRPM2	1.12858	1.99143	5.28565	0.0619608	0.677201	-0.467104	0.160002
TRPM3	-2.74792	0.251394	-1.62243	-0.261696	0.788646	-1.48874	0.174011
TRPM4	0.064299	1.33265	2.05443				
TRPM5			-1.55976				
TRPM6			1.66681				
TRPM7	2.61276	2.8473	1.01662	0.0750418	0.529496	2.38886	2.82259
TRPM8			2.4775				
TRPS1	-1.96856	-2.68567	-2.07821	-0.43269	-0.453491	0.468239	0.2481
TRPT1	-0.371204	0.643576	1.27674	-0.183376	0.572215	-1.93338	-1.17426
TRPV1			-1.66794				
TRPV2	3.66016	0.700629	5.96303	0.371294	-0.623439	0.526525	-0.421859
TRPV3			4.18244				
TRPV4			0.194415				
TRPV5	-0.604471	0.465831	0.045654	-0.314818	0.531342	-3.58565	-1.88923
TRPV6	-3.37597	-3.04396	-0.65951				
TRRAP	-0.53513	1.15567	-2.17271	-0.0939923	0.283713	1.12064	1.98431
TRUB1	4.61949	0.929777	-1.36679				
TRUB2			0.70558				
TSACC	-4.78709	-5.36312	-1.22738				
TSC1	4.57302	1.88827	0.531829				
TSC2			2.708				
TSC22D1	-0.268936	1.44186	-1.08891	0.190856	0.679741	2.01678	2.69173
TSC22D2			2.90205				
TSC22D3	0.913145	1.838	1.46724				
TSC22D4			-1.30964				
TSEN15	0.353762	2.13257	1.90262	-0.145881	0.461952	0.915362	1.52355
TSEN2	1.29482	2.72857	0.196134	0.244471	0.618046	4.17942	4.71757
TSEN34	0.845123	-1.09936	-3.6977	-0.0590874	-0.886652	2.5619	0.536076
TSEN54	-2.82178	0.0342957	-6.6055	-0.230233	0.469085	-1.56453	-0.589449
TSFM			1.91261				
TSG101	1.20111	-0.773553	-2.3973				
TSGA10			-0.965064				
TSGA10IP			-1.162				
TSGA13			-2.31872				
TSHB			0.351438				
TSHR			-4.87938				
TSHZ1	0.223287	1.62307	0.916547	0.359819	0.427182	2.30486	3.2942
TSHZ2	5.53098	4.11427	0.740416	0.578656	0.0504794	4.76892	5.67645
TSHZ3	1.56478	2.74172	1.38813	0.492772	0.164594	5.96253	7.09558
TSIX			-2.20435				
TSKS			-0.490599				
TSKU	-2.1409	-3.41061	-2.77066	-0.298739	-0.538701	-0.690955	-1.32018
TSLP			-4.47474				
TSN	2.9658	-0.178597	2.24121	0.201848	-0.60832	2.34265	1.04051
TSNARE1	-3.15918	-0.63955	-1.97232	-0.093978	0.652397	-0.74058	0.0230102
TSNAX			-2.58393				
TSNAXIP1	5.6392	5.37294	3.32074				
TSPAN1	-1.54311	0.246625	-0.044225	0.0845065	0.501148	-1.72486	-0.72907
TSPAN10			-2.44307				
TSPAN11	-1.54654	-2.18734	-7.97769	-0.277224	-0.545651	0.382694	-0.0254648
TSPAN12	-0.401584	-1.39328	-3.64487				
TSPAN13	2.80462	3.16306	1.98801	0.342998	0.502111	3.59189	4.10915
TSPAN14	1.52704	-0.418758	2.68404	0.27593	-0.750784	1.81834	0.43742
TSPAN15			1.06274				
TSPAN16			-1.93145				
TSPAN17	1.31375	-0.834615	3.88259				
TSPAN18	-0.177598	-1.4115	-4.97516	-0.399655	-0.705805	0.0263792	-0.698529
TSPAN19	1.02685	1.98454	0.477771				
TSPAN2	0.545617	-1.33379	-1.20866	-0.342597	-0.695059	-2.42164	-3.14149
TSPAN3	-1.57761	-2.74473	-6.35299				
TSPAN31	-0.0217958	-0.0841811	0.112508				
TSPAN32			-1.58884				
TSPAN33	7.6743	2.75969	4.20812	0.244941	-0.707179	8.3796	4.69896
TSPAN4	-3.71398	-3.75916	-6.84997	-0.360794	-0.73914	-1.82056	-2.20276
TSPAN5	3.57679	3.91446	2.75336	0.462889	0.281638	2.27723	2.5745
TSPAN6	-1.57689	-2.37353	-4.46833	-0.247211	-0.716145	-0.88271	-1.58298
TSPAN7			0.183415				
TSPAN8	-1.69913	-0.642344	-0.782164	-0.579955	0.247048	-5.20863	-3.73852
TSPAN9	-0.331238	1.49088	-0.513337	-0.00257542	0.726605	-0.928056	0.0800689
TSPO	-3.01886	-3.94435	-1.71336				
TSPO2			-2.73561				
TSPOAP1	1.18857	-0.71085	-2.25216	0.247426	-0.78238	3.04426	0.997316
TSPOAP1-AS1	0.716393	1.69168					
TSPY1			1.69512				
TSPY26P			-0.144659				
TSPYL1	4.48794	4.51144	1.9282	0.395234	0.501831	1.42635	1.92956
TSPYL2	3.53607	3.01466	-3.17782	0.364302	-0.44061	4.02633	3.00385
TSPYL4	5.79531	6.04024		0.414748	0.595007	3.91287	4.83717
TSPYL5	0.789275	1.99874	1.70651				
TSPYL6			1.71624				
TSR1	0.201603	-0.704884	-2.03778				
TSR2	2.2072	-0.0621188	-1.00971				
TSR3	1.00961	-1.16661	0.351209				
TSSC4	3.55481	3.15087	5.27125				
TSSK1B			-4.55389				
TSSK2			0.574611				
TSSK3			0.759028				
TSSK4			-4.35073				
TSSK6			0.860998				
TST			-4.03582				
TSTA3	3.52437	2.35222	6.43448				
TSTD1	0.371289	-1.18032		0.103005	-0.921328	2.28492	0.391646
TSTD2	0.72823	2.07825	2.39875	0.0406816	0.535475	2.47906	3.6114
TSTD3	-2.84025	-3.42514					
TTBK1			-4.46224				
TTBK2	-0.975174	1.13357	1.78083	-0.0688929	0.852793	-0.903779	0.325211
TTC1	-0.810827	-1.9503	-3.75301	-0.0460324	-0.0642701	-2.9784	-3.46293
TTC12	0.295985	0.669649	2.59896	-0.214256	0.343993	1.04761	1.31739
TTC13	0.802698	0.488683	-1.24943				
TTC14	-1.68469	-0.252033	-5.02771				
TTC16	-3.12417	-1.30507	-3.80364				
TTC17	-3.40119	-0.629301	-4.51563				
TTC19			-0.953511				
TTC21A	1.96579	2.95299	-4.0046	0.0629537	0.0528869	2.94741	3.50093
TTC21B	-2.06828	1.44498	-4.82964	0.0424552	0.852863	-1.34264	0.501867
TTC22			-2.93809				
TTC23	-1.72762	-2.48335	-1.85229				
TTC23L	-0.317845	-1.05812	-3.80965	-0.0808514	-0.561663	0.816986	0.148909
TTC24			-1.98788				
TTC25	-0.644099	0.458264	-1.22449				
TTC26	2.93503	4.03576	0.221509				
TTC27			0.950977				
TTC28	-1.73806	-0.0220991	-5.13784				
TTC29			-3.36336				
TTC3	0.152108	-0.872826	-4.22333	0.0103899	-0.623405	0.0243435	-0.669343
TTC30A			0.676982				
TTC30B	-1.59218	-0.181486	-2.54838	-0.112415	0.239631	-0.191724	0.355666
TTC31	-0.345545	0.923162	-1.13088				
TTC32			-0.485844				
TTC33	5.6355	5.71367	2.27586				
TTC36			-0.159447				
TTC37	0.617314	0.313792	-1.19571				
TTC38	-2.5558	-3.06252	-2.66741				
TTC39A	-1.7485	0.00889108	0.280679	-0.166758	0.794359	-3.24052	-1.61982
TTC39B	-1.2806	1.65179	1.10839	0.00163666	0.89909	1.40993	2.12285
TTC39C	0.532345	2.12483	-3.33214	0.236672	0.759888	1.78889	2.41238
TTC3P1	-0.782531	-1.56021		-0.000371482	-0.449999	-0.506444	-0.906331
TTC4			-4.09839				
TTC5			-3.34488				
TTC7A			-2.7815				
TTC7B	-0.79397	-1.66544	-7.87073	-0.145452	-0.660248	1.48577	0.523131
TTC8	0.46965	-0.174361	-3.85018	0.247728	-0.44517	1.69606	1.31522
TTC9	2.45737	2.65859	0.947454	0.15568	-0.0913791	0.319961	0.00601922
TTC9B	-1.48495	-2.1948	-0.994844	0.207431	-0.655103	-0.406492	-0.932079
TTC9C	0.736391	-0.0784417	0.759619	0.411817	-0.198679	0.443592	-0.0955934
TTF1			2.37553				
TTF2	3.2676	0.972592	1.14701	-0.1252	-0.563718	1.08756	0.249489
TTI1	3.11099	3.51058	2.55465				
TTI2	1.42993	2.4234	3.0564				
TTK			-3.17967				
TTL	-0.225967	-1.45414	3.10083				
TTLL1	1.44346	-0.990128	0.201215	0.120734	-0.79065	0.0354029	-0.879052
TTLL10			-3.0611				
TTLL11	0.580278	1.68103	3.23029	-0.139609	0.615396	-0.6007	0.153076
TTLL12	3.6217	4.22155	1.63573	0.292527	0.23982	3.74665	4.07824
TTLL13			-1.40261				
TTLL2			-0.861725				
TTLL3			-5.40273				
TTLL4			-2.08087				
TTLL5	0.359726	1.4452	0.910076				
TTLL6			-2.07162				
TTLL7			0.797562				
TTLL8			-0.803315				
TTLL9			-1.53313				
TTN	0.883757	0.315202	3.10504	-0.155944	-0.218054	-0.648155	-1.10167
TTPA	-2.89549	-3.22993	-4.09581				
TTPAL	3.06917	0.761063	1.69204	0.286018	-0.626109	1.54869	0.371009
TTR	-2.29872	-2.2001	-7.44028	-0.435991	-0.219606	-3.38102	-3.72985
TTTY1			0.061395				
TTTY10			1.41558				
TTTY11			3.23893				
TTTY12			-3.57018				
TTTY13			0.348614				
TTTY14	1.22283	-0.342995	-3.37932				
TTTY15	3.00251	3.55563	3.77186	0.253448	0.501365	1.84705	2.46102
TTTY2			-1.46106				
TTTY20			-0.052334				
TTTY21			-3.73289				
TTTY22			-1.36549				
TTTY23			0.47931				
TTTY3B			0.858936				
TTTY4B			-0.573586				
TTTY5			2.76906				
TTTY6B			-0.491167				
TTTY7			-0.918226				
TTTY8			3.59201				
TTTY9B			-2.51989				
TTYH1	-0.206828	-1.50155	-3.44307	-0.0745951	-0.656364	1.789	0.74251
TTYH2			0.528953				
TTYH3	0.485402	-1.15783	-4.0361	0.281327	-0.566639	0.400395	-0.207602
TUB	-0.501834	-1.48978	-5.42815				
TUBA1A	0.963934	-0.999281	0.895007	-0.0210008	-0.582987	-0.653337	-1.47989
TUBA1B	5.34198	0.537168	-0.120812	0.233621	-0.542236	2.56429	1.28703
TUBA1C	1.22837	-0.543436	-1.73475				
TUBA3C			6.34998				
TUBA3D	0.657418	-1.13706	0.045881	-0.0670304	-0.727209	-2.62494	-3.07393
TUBA3E			0.690251				
TUBA3FP	1.01905	-0.0776197					
TUBA4A	2.34962	0.364115	6.32916	0.116011	-0.657294	0.435302	-0.7524
TUBA4B	4.41328	3.02816	6.33538	0.36643	-0.327384	2.62505	1.8726
TUBA8	2.03152	2.64742	0.124271	0.338403	0.540279	1.49323	1.80682
TUBAL3			-2.30855				
TUBAP2			2.20218				
TUBB	2.45586	-0.826255	-0.667133	0.126185	-0.887438	1.00554	-0.867364
TUBB1			-2.60711				
TUBB2A	4.24288	-0.476019	0.054966	0.146032	-0.891754	0.272002	-1.11764
TUBB2B	-1.46186	-2.36277	-5.29294	-0.288596	-0.654442	-0.526585	-1.1339
TUBB3	2.87918	-0.0483803		0.186567	-0.790937	1.15631	-0.576764
TUBB4			5.25069				
TUBB4A	2.00106	1.21124					
TUBB4B	3.02157	0.651318	3.91632	0.255631	-0.486059	1.91499	0.912879
TUBB6	3.13261	-0.283939		0.162005	-0.869222	2.07072	-0.448932
TUBB7P			5.15933				
TUBB8	2.25718	-0.689404	7.32144	0.111996	-0.527024	1.21877	0.346921
TUBB8P12	2.20365	-0.961815		0.121887	-0.869182	0.00673344	-1.28919
TUBD1	1.48006	2.46944	4.41964	0.0125418	0.836082	1.5599	2.38125
TUBE1	-0.537059	1.40091	1.22399	-0.13993	0.536944	0.981556	2.11581
TUBG1	3.06708	2.98576	3.06126				
TUBG2			1.02301				
TUBGCP2			0.350975				
TUBGCP3	1.00278	2.11253	-1.69054				
TUBGCP4	3.13571	3.1882	8.52294	0.455504	0.315075	0.981208	1.01371
TUBGCP5	1.34328	2.12224	2.23448	0.0600624	0.512445	-0.544297	-0.0432013
TUBGCP6			-0.531092				
TUFM	1.2163	-0.26515	0.11725	-0.00739126	-0.536915	-0.558214	-1.38177
TUFT1			0.147247				
TUG1	-1.76554	-0.498304	-6.74924				
TULP1			0.573331				
TULP2			4.82483				
TULP3	-0.841032	-1.30284	-1.30197				
TULP4	3.16968	2.47178	2.8972				
TUNAR	1.15797	-0.578244		-0.117584	-0.656516	-0.677028	-1.61488
TUSC1	-0.639417	-1.76851	-4.40312	0.0424329	-0.506352	-1.2038	-1.8317
TUSC2	0.592158	-0.847885	2.22463	0.154667	-0.181619	-1.24215	-2.00568
TUSC3	1.91945	-0.458035	-1.48798	0.175892	-0.834843	2.30743	0.410948
TUSC5			-0.988985				
TUT1			-5.27187				
TVP23A	3.61349	0.511629	1.26421	0.108827	-0.635273	0.409947	-0.758251
TWF1			-1.91604				
TWF2			3.72132				
TWIST1	0.858453	-0.361258	2.79117	0.303949	-0.254819	-1.97927	-3.32013
TWIST2	4.23302	0.285996	8.46447	0.0641156	-0.795871	1.34305	-0.0768347
TWISTNB	5.23606	5.34947	0.840254				
TWNK	-1.37118	1.06706		-0.0645674	0.745166	-2.11325	-0.420544
TWSG1	2.49793	1.47799	2.28898				
TXK			4.71976				
TXLNA			-2.18859				
TXLNB	1.39912	-0.518763	-1.12037	0.289631	-0.727429	3.62413	1.64705
TXLNG	-1.21767	0.40638	-4.12763	0.0615897	0.538139	0.403248	1.27155
TXLNGY	-5.16444	-1.40186	-5.94314	-0.330239	0.400509	-1.28024	-0.469798
TXN	2.27185	-1.403	-2.26529	0.119565	-0.842532	-0.0585795	-1.2082
TXN2	-0.0723686	-1.38094	-0.303117				
TXNDC11	0.0158323	0.454322	-1.46547	0.230458	-0.288098	1.50717	1.33254
TXNDC12			-1.10464				
TXNDC15	-6.18895	-1.91518	-4.60283				
TXNDC16	0.961453	2.26937	4.06806				
TXNDC17	-1.46155	-2.24051	-0.545501				
TXNDC2			2.2977				
TXNDC3			-0.307565				
TXNDC5			1.9877				
TXNDC8			-1.68339				
TXNDC9	1.26465	-0.28783	-2.13874				
TXNIP			0.623497				
TXNL1	0.0773213	-1.06913	0.582022				
TXNL4A	-1.63179	-2.47176	-2.91644	-0.0741282	-0.79792	-5.17203	-4.14014
TXNL4B			0.119569				
TXNRD1	0.995598	0.126595	-2.90885				
TXNRD2	-1.12278	-0.1398	0.539632				
TXNRD3	1.95283	-0.509254	2.81881	0.13387	-0.67871	2.73175	1.01115
TXNRD3IT1			2.77626				
TYK2			-1.85681				
TYMP	0.771294	-1.05878	0.993569	0.00863969	-0.558842	-1.59569	-2.10413
TYMS			1.13233				
TYMSOS			1.61982				
TYR			-1.614				
TYRO3	3.70015	0.579157	2.97061	0.482913	-0.628087	1.87656	0.702905
TYROBP	-2.28772	-2.77286	-0.534225	-0.230436	-0.611533	-3.26845	-3.52462
TYRP1	6.9	3.45328	6.39569	0.640847	-0.250052	4.24038	3.15568
TYSND1	1.9149	1.53727	1.80655				
TYW1			-5.41876				
TYW1B	-4.97305	-1.55252	-7.60648				
TYW3	1.85721	2.59437	4.09021				
TYW5	1.14919	-0.792985	-2.17308	-0.0803029	-0.767083	0.274152	-0.579888
U2AF1			-3.42956				
U2AF1L4			2.62135				
U2AF2			0.304528				
U2SURP	3.08995	3.9204	-1.82504				
U47924.1			1.02988				
UACA	-2.49685	-2.74052	-0.683921				
UAP1			0.781567				
UAP1L1			-0.608012				
UBA1	2.47184	1.62225	0.550875				
UBA2	-0.845652	0.264486	-0.754899				
UBA3	-4.4492	-0.155848	-1.75459	-0.0888674	0.660711	-1.44763	-0.230173
UBA5	-2.24297	-0.142948	-2.35025	0.0874021	0.421588	0.153716	0.954282
UBA52	1.33121	-1.21821		0.0206764	-0.857278	-0.85031	-1.79021
UBA6	-0.0382399	1.02642	0.258465				
UBA7	-1.93679	-2.66943	-0.952407				
UBAC1	-3.87409	-2.3118	-1.9255				
UBAC2			-2.48225				
UBAC2-AS1			0.504086				
UBALD1	4.10902	3.54752	3.7502				
UBALD2			-2.09994				
UBAP1	-1.55672	0.641864	-3.13011	-0.0651918	0.762173	-0.528716	0.838745
UBAP1L	1.50096	2.3593	-2.5718	-0.0562103	0.701217	1.70672	2.44783
UBAP2			-1.23442				
UBAP2L	0.527384	1.17823	-1.37535				
UBASH3A			1.77943				
UBASH3B			3.85612				
UBC	2.22271	0.905156	0.305458				
UBD			-3.62688				
UBE2A	-2.08475	-2.96197	-4.28301	-0.19741	-0.699092	-3.48163	-3.74306
UBE2B	3.33756	0.0270173	-1.97128	0.204264	-0.633327	0.529665	-0.342548
UBE2C			1.38833				
UBE2CP4			-0.11057				
UBE2D1	-3.48176	-0.0881088	0.117316	-0.122377	0.569372	-2.78576	-1.65138
UBE2D2	1.42892	-1.15121	0.087347	0.0404544	-0.739144	-0.406294	-1.37683
UBE2D3	6.38352	2.32495	-1.48833				
UBE2D4	1.68685	2.6029	2.96829	0.201962	0.627497	1.54977	2.10691
UBE2E1			-1.40333				
UBE2E2	5.11541	2.22635	1.32194				
UBE2E3			3.40244				
UBE2F	-1.47995	-2.31614	-2.58066	-0.181797	-0.00227637	-2.01068	-2.61789
UBE2G1	-5.23528	-1.05615		-0.295112	0.569355	-5.86894	-3.76346
UBE2G2	-1.61333	0.17521	-4.99083				
UBE2H	-0.350769	-0.297705	-4.28488				
UBE2I	0.660551	-0.904862	-3.62582	0.0763679	-0.650971	0.617058	-0.364753
UBE2J1	-2.5123	-3.10417	-2.83845				
UBE2J2			-3.1459				
UBE2K	2.57315	3.25417	0.884037				
UBE2L3	-6.98996	-5.97861	-4.48575				
UBE2L5	-1.46065	-2.51745		-0.0500588	-0.610218	-1.98632	-2.84119
UBE2L6	0.198281	-1.26789	-3.36694	0.0358151	-0.707303	0.907935	-0.25068
UBE2M	1.80321	-0.0587765		0.188348	-0.497575	2.26361	1.22431
UBE2MP1	2.696	0.526008	0.509383	0.289753	-0.537598	3.60634	1.83767
UBE2N	0.0589713	-1.47974	0.608044				
UBE2NL			-3.32082				
UBE2O	-0.704596	0.553224	-5.1801	0.159676	0.650575	1.82083	2.55978
UBE2Q1	0.855311	0.30006	1.29117				
UBE2Q2	-0.838485	0.37653	0.722916				
UBE2Q2L	-0.853195	0.155391					
UBE2Q2P1	-2.34412	-1.45123	-6.14447	-0.344388	-0.169844	-0.265479	-0.215336
UBE2QL1	2.65502	3.40347	5.61524	0.321872	0.853631	2.68677	2.68215
UBE2R2	-1.7881	-1.60423	-5.97123				
UBE2S	1.99982	-0.910719	0.958868	0.157961	-0.752239	-0.393934	-1.19908
UBE2T			0.781332				
UBE2U			-2.82838				
UBE2V2	0.713277	0.885479	-1.52246				
UBE2W	0.791011	1.6447	-1.62632				
UBE2Z	5.38145	0.225268	-1.51738	0.144154	-0.737247	3.29967	1.38256
UBE3A	1.68685	-0.536841	0.98724	0.221587	-0.628302	-0.137495	-1.03858
UBE3B			4.1701				
UBE3C			-0.495456				
UBE3D	4.23044	0.161864	7.39069	0.346056	-0.494994	0.777645	-0.103044
UBE4A	0.536198	1.34866	-0.200453	-0.18772	0.572493	-0.95381	-0.354557
UBE4B	-0.396656	0.926012	-2.339	-0.218123	0.578485	-1.80252	-0.659549
UBFD1	1.17759	1.74347	-0.853787	0.221567	0.437661	0.114001	0.261682
UBIAD1			1.59155				
UBL3	-1.78871	-0.00355412	-1.64221	-0.39868	0.642117	-2.43452	-1.00348
UBL4A	0.650098	1.37175	2.19342				
UBL4B			-0.282071				
UBL5	0.122778	-1.61134	-0.624111	0.0257459	-0.822662	-1.16646	-1.68964
UBL7			0.31167				
UBL7-AS1	-3.59632	-2.98806					
UBLCP1	1.68251	2.67354	0.130718	0.115548	0.570085	-0.686543	0.0310326
UBN1	-3.93974	-0.564871	-4.02443	-0.105582	0.614851	-2.06846	-0.653789
UBN2	2.06873	2.99989	-5.37139	-0.0158853	0.51814	4.60075	5.65925
UBOX5			-1.00354				
UBP1	2.38034	3.50889	0.019437	0.451385	0.382088	3.79711	4.67729
UBQLN1	1.67219	2.17027	1.46732				
UBQLN2	1.59872	0.693195	-0.0894	0.386017	-0.529991	2.25204	1.52859
UBQLN3			2.06834				
UBQLN4	1.56804	2.47067	1.18538				
UBQLNL			-2.0576	-0.109668	-0.546284	2.33131	1.71731
UBR1	6.16693	4.1963	-1.0227				
UBR2	0.529175	1.89861	-1.73048	-0.072841	0.471389	1.07857	2.03721
UBR3	2.01708	1.38328	3.7551				
UBR4	2.47829	1.47067	-0.566478				
UBR5	-0.251741	0.695609	-4.55186				
UBR7	0.681016	0.215542	-4.35582				
UBTD1	-1.99746	-1.49001	-2.76981				
UBTD2			1.88946				
UBTF			-3.20053				
UBTFL1			3.37334				
UBXN1			0.126335				
UBXN10	6.64458	5.29127	9.61111	0.524752	0.391455	6.51631	7.13396
UBXN11			-0.195403				
UBXN2A	-1.4764	-0.545717	-1.60926				
UBXN2B	0.357093	-0.294393	-0.905471				
UBXN4			-5.25495				
UBXN6	4.53207	1.24171	1.20883	0.279697	-0.575633	2.43993	1.05308
UBXN7			1.03156				
UBXN8	-0.378616	-1.9641	0.141039	-0.225634	-0.628694	-4.19478	-5.38682
UCA1			-1.02626				
UCHL1	4.76064	0.332786	-1.10039	0.199933	-0.794081	0.0283619	-1.09256
UCHL3	-0.142585	-1.83186	-5.26742	-0.0426808	-0.925935	-0.00200837	-1.05947
UCHL5	0.0707932	1.51928	4.51149	0.275945	0.730339	1.12404	1.76925
UCK1			-0.9919				
UCK2	-1.4132	-1.12557	0.43601				
UCKL1			2.58343				
UCMA			-2.46784				
UCN	2.59917	3.30231	3.52341				
UCN2			-2.34722				
UCN3			-0.075275				
UCP1			1.57021				
UCP2			-1.86505				
UCP3	0.782828	2.28179	-0.844126	0.0742913	0.797011	3.13805	3.12558
UEVLD			-2.95565				
UFC1	-0.428174	-1.86027	-1.43499	0.00828345	-0.811542	-0.603425	-1.36967
UFD1	-1.88216	-2.88129	-2.54923	-0.234726	-0.412681	-3.77995	-4.25937
UFL1	-1.89986	-2.14415	-4.62397	-0.296194	-0.452494	-0.954877	-1.20462
UFM1	-3.39638	-3.92384	-7.78919	-0.187415	-0.638552	-2.75871	-3.09849
UFSP1			1.0205				
UFSP2			0.377178				
UG0898H09	0.271633	-1.42359	-4.56995	-0.158859	-0.859229	1.71692	0.201125
UGCG	2.28951	2.56673	3.96845	0.148383	0.687295	0.71995	1.49789
UGDH			-0.11707				
UGGT1			-4.45956				
UGGT2	-0.611062	1.16694	0.017627				
UGP2	0.342502	0.559775	0.915981	0.120794	0.539962	0.138118	0.353287
UGT1A8			1.96911				
UGT1A9			-2.13109				
UGT2A1			-4.44347				
UGT2A3			1.75717				
UGT2B10			1.64568				
UGT2B11			-0.150186				
UGT2B17			0.432897				
UGT2B28			-1.12852				
UGT2B4			0.945845				
UGT2B7			-0.644592				
UGT3A1			-0.371645				
UGT3A2			1.3659				
UGT8	-1.05613	-0.107103	0.641152	-0.48804	0.154722	-4.24387	-3.29139
UHMK1	1.05972	-0.956329	-1.93351	-0.115615	-0.733495	-1.56484	-2.62033
UHRF1			1.21809				
UHRF1BP1	-1.36432	0.902792	0.067461				
UHRF1BP1L	-2.56563	0.298532	-1.18935	-0.0841991	0.493514	-2.40535	-1.4163
UHRF2	3.22827	1.72751	2.05154	0.253055	-0.491702	4.19369	3.60202
UIMC1	-0.743599	1.2252	-3.74646	-0.158726	0.486466	0.219836	1.09349
ULBP1			-0.432875				
ULBP2			-0.489328				
ULBP3			-2.09416				
ULK1	-0.896679	0.216662	-2.8116	0.285099	0.240583	-0.645821	-0.240301
ULK2	2.45072	1.57295	0.652709				
ULK3	-1.66643	0.721084	-3.09121	-0.269647	0.670644	-1.50572	-0.057474
ULK4	-0.543889	1.07372	-2.79978				
UMAD1	-2.13966	0.862137					
UMOD			-3.08579				
UMODL1			-3.99188				
UMODL1-AS1	8.16088	5.2078	10.7705	0.659673	0.125833	6.86179	6.60088
UMPS	-0.910114	-2.0278	-4.53921	-0.165534	-0.795054	-0.876834	-1.3959
UNC119			-0.537997				
UNC119B	-0.725805	-0.639895	-4.01992				
UNC13A	3.0701	1.44927	3.61595	0.665778	-0.105884	2.07975	1.6069
UNC13B	-1.51625	-0.544959	-1.49335	0.244789	0.302427	0.0974849	0.614562
UNC13C	-2.54744	-0.669921	-1.20821	-0.244471	0.434372	-0.541665	-0.0849591
UNC13D			0.005035				
UNC45A	0.514208	1.31831	1.8971				
UNC45B			-0.699243				
UNC50	0.691415	1.27106	-1.30713				
UNC5A			5.08827				
UNC5B	0.182508	0.149992	1.55074				
UNC5B-AS1	0.815253	-1.61491		0.0790625	-0.911147	0.169627	-0.940792
UNC5C	0.558451	1.07122	2.5173	-0.14617	0.134116	-0.10602	-0.0105735
UNC5CL			-0.390382				
UNC5D	3.0827	3.17343	4.44858	0.494344	-0.117522	2.79122	2.9147
UNC79	2.44116	3.09029	-0.594027				
UNC80			2.05133				
UNC93A			-1.18833				
UNC93B1	-1.82444	-2.76674		-0.19692	-0.38794	-2.82342	-3.41383
UNC93B3			-2.16644				
UNC93B5			-2.54447				
UNCX			0.913891				
UNG			-1.86618				
UNK	-1.25021	-0.28807	-6.12444	-0.184342	0.159426	1.0455	1.76965
UNKL	-3.57317	-0.852065	-6.11503				
UNQ6494			0.126817				
UPB1			1.02085				
UPF1			-4.84857				
UPF2	0.268904	2.18182	0.179585				
UPF3A	-1.27298	1.3196	-5.94799	-0.16142	0.541276	1.13038	1.89351
UPF3B			-4.5964				
UPK1A			0.648631				
UPK1A-AS1	-0.870983	-0.583703					
UPK1B			-6.33966				
UPK2			-1.25356				
UPK3A	2.06445	1.21824	-1.41373				
UPK3B	-2.03766	-1.4217	-1.20393				
UPP1	-1.98049	1.14362	-3.48786	0.0646952	0.921019	0.604916	1.63336
UPP2	2.09144	-0.256094	-0.843575	0.239522	-0.67683	1.47406	0.456714
UPRT			-3.9574				
UQCC1	1.87697	0.287316	1.46658				
UQCC2	-1.37244	-2.37255	-3.5442	-0.138088	-0.780008	-1.29345	-2.01975
UQCC3	3.47808	0.317518	2.31828	0.211012	-0.484745	0.658095	0.0159551
UQCR10			-1.50833				
UQCR11	-1.9529	-2.67094	-1.82053	-0.107172	-0.667978	-2.90937	-3.44434
UQCRB			-3.58461				
UQCRBP1	-1.47758	-1.98069	-2.7524				
UQCRC1	0.830926	1.41427	1.43155	0.0351585	0.441515	-0.834496	-0.562671
UQCRC2	1.55451	1.27621	-1.0354				
UQCRFS1	0.411493	-1.32203	2.82651	0.0631689	-0.494603	-2.03226	-3.11212
UQCRH			0.883237				
UQCRHL			2.18214				
UQCRHP2			0.87284				
UQCRQ			-1.9359				
URAD			-3.21758				
URB1			-3.42031				
URB1-AS1	0.188836	-1.1089					
URB2	0.958348	2.0073	-0.236826				
URGCP	4.70426	4.86311	-1.27533				
URI1	0.0362258	-0.434264	0.71754				
URM1	-1.3831	1.45858	3.09692	-0.00151606	0.924298	2.35506	2.2011
UROC1			0.671545				
UROD			1.11468				
UROS	-0.628992	-1.88808	-1.26648	0.23881	-0.664154	-1.25451	-1.85055
USB1	0.683386	1.17963	-0.188461	0.0921557	0.483825	0.144799	0.309672
USE1	-0.659016	-1.73822	-0.038358				
USF1	-0.905926	0.374608	4.41015				
USF2	-3.37306	0.088641	-1.62018	-0.053742	0.760332	1.01316	1.83676
USF3	1.99738	0.445119	-0.309577	0.115765	-0.600048	2.8757	1.71408
USH1C	-2.06149	-0.536676	-3.91483	-0.605264	0.364112	-4.61229	-2.89433
USH1G			-2.21312				
USH2A			-6.52727				
USHBP1	0.928119	1.54284	3.41245	0.034955	0.384976	0.734604	0.992317
USMG5			-2.77499				
USO1	-1.67385	0.133548	0.359951	-0.144725	0.53722	-2.93999	-1.50183
USP1	1.62311	2.76046	-0.163588	0.171405	0.103708	3.64307	4.50785
USP10	0.597122	1.12334	-1.70552				
USP11	2.97744	2.34705	-2.15845	0.329013	-0.478068	3.02833	2.28856
USP12	2.4358	-0.427646	-0.177101	0.00546334	-0.625789	0.677231	-0.25309
USP13	-0.150801	1.73862	-0.525283	0.0319211	0.726122	-0.179779	0.930257
USP14	0.369986	-1.35241	-4.21447	-0.0319101	-0.593072	-2.66049	-3.13131
USP15	-3.33038	-0.632824	-1.59				
USP16	-2.14956	0.233159	-2.81617	-0.304371	0.601798	-0.832752	0.285483
USP17L1P			-0.527597				
USP17L7			-1.33222				
USP17L8			3.02638				
USP18	-0.604641	-1.18823	-3.09962	-0.166455	-0.306197	-0.821033	-0.864101
USP19			5.41229				
USP2	-2.52848	0.251635	4.3553	0.00681985	0.609545	0.0476304	0.768647
USP20	5.74937	3.5108	5.21578				
USP21			3.65847				
USP22	0.748189	-0.732613	-4.96745				
USP24			-0.10169				
USP25	-1.14416	-1.21624	0.517446	0.201476	-0.239143	1.21469	1.24113
USP26			-2.93141				
USP27X	3.12773	1.41375	-2.52224				
USP28	1.39811	2.78611	1.92769	0.172006	0.713115	4.01774	4.57047
USP29			1.12369				
USP3	-6.28244	-4.15443	-8.51159	-0.534714	0.312393	-3.21063	-2.45476
USP30	3.39988	3.75225	2.91783				
USP30-AS1			-2.05896				
USP31	0.951758	1.92126	5.25938	0.11448	0.815725	-0.552557	0.0984923
USP32	3.42804	2.77521	5.12087				
USP32P1	1.1803	0.779196		0.174181	-0.412558	1.95737	1.69696
USP32P2	2.92037	2.32548		0.278659	-0.250519	2.39589	2.32266
USP33	0.415403	1.78195	-2.80837	0.140469	0.685863	0.732843	1.52768
USP34			-0.944528				
USP35	0.919927	0.266193	-2.64256	-0.0680465	-0.382732	0.160749	-0.54036
USP36	0.786331	2.08954	-6.49821	0.0148996	0.529531	0.588669	1.36195
USP37	-0.41514	-0.673239	-3.91115	0.0462856	-0.369308	0.798805	0.665707
USP38	-1.64871	0.416824	1.08501				
USP39			-1.91101				
USP4	-0.0263573	1.11914	-3.78575				
USP40			-3.1323				
USP41			-3.84655				
USP42	-1.65862	0.213289	-3.61255	-0.00548147	0.374447	1.15904	1.86641
USP43	5.1826	4.18508	-1.1628				
USP44			1.92434				
USP45	-1.16737	1.53486	0.357799	-0.146504	0.884938	0.547636	1.43736
USP46	0.134906	-0.522017	-2.44205				
USP46-AS1	0.636778	-0.921033	2.01333				
USP47	-0.611774	1.28515	-2.33613				
USP48	-3.31169	-0.57325	0.235842				
USP49	-0.0596396	1.13253	-1.16324	-0.0158326	0.225187	2.29723	3.04072
USP5	2.18882	0.550894	-0.917002				
USP50			-3.25117				
USP51	1.24892	0.3266	-3.67149	0.0685944	-0.587463	3.66709	2.45694
USP53	-2.96039	-1.38592	-4.20921				
USP54	-5.21721	-1.39439	-2.98412	-0.154085	0.628213	-1.43872	-0.471503
USP6			1.45089				
USP6NL	-1.36748	-2.24396	0.534363	-0.258401	-0.726448	-1.1685	-1.71231
USP7			0.413568				
USP8	-2.67938	-0.799241	-2.41525				
USP9X	0.998345	-0.612903	-0.555862	0.159274	-0.536889	0.925558	-0.0221005
USP9Y	1.54159	2.66302	2.49478				
USPL1	0.74769	1.80874	6.38729	0.178677	0.488626	0.200525	0.566111
UST	0.54377	1.99133	2.53592	0.335668	0.517759	2.34849	3.58034
UTF1			0.49964				
UTP11	0.986323	-0.801838	2.56631				
UTP14A	0.0547091	-0.0338641	-0.350633				
UTP14C			1.80657				
UTP15	0.463043	2.02633	1.99995				
UTP18			2.47605				
UTP20			-2.42833				
UTP23	-2.44285	-0.042402	-3.30223				
UTP3	-0.395374	-1.16387	-1.05799				
UTP4	3.98322	4.28686	3.42238				
UTP6	2.53253	2.36017	-0.116666				
UTRN	-4.32335	-1.78673	-4.80703	-0.522269	0.315234	-1.82035	-1.38528
UTS2			-3.18978				
UTS2D			-6.06987				
UTS2R			-3.92646				
UTY	-1.25826	0.576091	0.258244				
UVRAG	-0.968053	0.956945	-0.75869	-0.287251	0.497666	-1.87026	-0.895411
UXS1	-3.11184	-0.36727	-3.27058	-0.146548	0.428462	-4.21546	-3.17099
UXT	-2.44103	-3.24451	-0.319651				
VAC14	1.33118	0.377677	2.82221				
VAMP1	-0.919189	1.06416	1.81682	-0.0690844	0.950365	-1.83231	-0.0802095
VAMP2	1.04451	-0.914882	-1.89939	0.275705	-0.551248	2.10383	0.966045
VAMP3			-1.63571				
VAMP4			0.112018				
VAMP5			-5.38199				
VAMP7	0.32247	-1.07271		-0.0507488	-0.387199	-2.13921	-2.86161
VAMP8	-4.37263	-3.9592	-2.15069	-0.371071	-0.62497	-5.07136	-5.4221
VANGL1	-6.76685	-4.35872	-3.94444	-0.568715	-0.255147	-3.57455	-3.99623
VANGL2	-1.99913	-2.89447	-3.70781	-0.357163	-0.642994	0.122621	-0.225229
VAPA	4.55882	5.15086	2.36234	0.448224	0.554753	5.47628	5.74966
VAPB	-2.22586	-0.302131	0.828154	-0.0590656	0.614618	-2.97565	-1.76069
VARS	1.49418	2.07207	-0.568653				
VARS2	0.315645	0.734338	-1.91186	0.00483433	-0.209505	0.82421	0.751801
VASH1	0.233311	-0.895605	-2.54614				
VASH2	0.294026	1.05201	-1.62644	-0.304693	0.461273	-0.6002	-0.200046
VASN	1.52193	0.405304	0.849913	0.515123	-0.509298	5.35516	3.44412
VASP	-5.03079	-3.69897	-2.35683				
VAT1	2.40922	0.298235	1.84387	-0.13651	-0.620814	0.413013	-0.51971
VAT1L	0.302998	-1.46145	-3.49792	-0.29144	-0.733983	-1.42883	-2.53663
VAV1	0.0274346	-1.55373	0.211953	-0.00329402	-0.853458	-0.971991	-1.62399
VAV2	-1.96251	-2.8186	-2.98974	-0.502744	-0.3336	-2.7446	-3.1744
VAV3	-6.00951	-0.659995	-4.69251	-0.228791	0.808203	-5.56849	-2.50945
VAX1	2.14481	1.79148	1.51009	-0.00463352	0.182486	2.01015	2.26761
VAX2			-3.29061				
VBP1	-0.349069	-1.84998	-2.08235	-0.149392	-0.694588	-2.94389	-3.19584
VCAM1			-2.67322				
VCAN	-3.91385	-4.59619	0.009528				
VCL	1.4202	0.979835	3.46593	0.193695	-0.0118934	-0.0133451	-0.518633
VCP	1.23103	-0.433738	-4.19273				
VCPIP1	0.215088	1.49128	0.108764				
VCPKMT	0.638322	1.76213	1.88013	0.123944	0.764772	-1.22406	-0.0703841
VCX	-2.42599	0.120017	-4.05181	-0.0612019	0.528107	-0.691257	0.243163
VCX2	-1.70385	0.545056	-4.51873	-0.0590657	0.556026	-0.102083	0.916678
VCX3A			-0.991224				
VCY1B			-5.08167				
VDAC1			-0.075747				
VDAC1P1			-1.49871				
VDAC2			-0.278082				
VDAC3	3.17813	1.79912	1.18205				
VDR			5.43902				
VEGFA	-3.21933	-0.892404	-1.91576	-0.351136	0.54088	-3.40892	-2.11316
VEGFB	-1.42301	-2.04734	-4.0152	-0.306614	-0.388648	1.83486	1.46839
VEGFC	-7.05526	-3.35597	-2.70893	-0.595755	0.222905	-2.27603	-1.802
VENTX			-7.95022				
VENTXP1			-0.29183				
VEPH1			-0.501893				
VEZF1			-1.10397				
VEZT	3.88802	0.419358	1.24093	0.215687	-0.857039	3.78924	0.92865
VGF	3.56119	3.1608	3.38329	0.564801	0.34224	1.5788	1.77981
VGLL1			-1.16071				
VGLL2			-0.249719				
VGLL3			-0.452111				
VGLL4	-0.392283	1.4624	1.87068				
VHL	-1.14218	-1.59675	-2.27485	-0.104342	-0.395946	-0.368469	-0.631782
VHLL			-0.265073				
VIL1			0.62385				
VILL	0.918264	1.41163	2.03068	-0.15153	0.617428	-0.635274	-0.16337
VIM	-4.59452	-5.6424	-5.40519				
VIP	4.10992	1.69373	1.39668	0.354972	-0.237634	4.23525	3.9894
VIPAS39	4.38234	3.20676	1.18694				
VIPR1	2.10286	2.48843	3.42248				
VIPR2	-0.796218	1.31562	2.0315	0.0155762	0.68239	-1.18471	0.225092
VIRMA	-0.642748	0.591159	-2.16947				
VIT	3.72902	1.65112	4.73632	0.161997	-0.616565	1.10711	0.113051
VKORC1			1.29043				
VKORC1L1	-0.578625	-2.16911	1.58916	0.0441737	-0.733319	-0.549612	-1.49643
VLDLR	0.812882	-0.370353	0.609562	0.128557	-0.470425	-1.13936	-1.48165
VMA21	-0.0684959	-1.02987	-2.56788	-0.189638	-0.388916	-0.964582	-1.28731
VMAC			-2.49316				
VMO1	1.64814	1.73523	0.834707				
VMP1	-0.413887	0.622121	1.62873	0.0178784	0.548126	-1.67981	-1.04695
VN1R1	-0.80035	0.676167	-2.03867				
VN1R10P			-0.076759				
VN1R2			-2.132				
VN1R4			-3.22684				
VN1R5			-2.19745				
VN1R64P			-2.97688				
VNN1			-0.940965				
VNN2			-1.91294				
VNN3			2.44983				
VOPP1	1.01152	-0.943014	4.00432	0.143451	-0.800566	2.27289	0.371042
VPREB1			-3.73706				
VPREB3			-2.48305				
VPS11	1.27113	2.09218	1.66771	0.0998552	0.617618	0.272462	1.1049
VPS13A	0.642454	0.607725	-0.248141				
VPS13B	-1.57695	-0.4717	-1.15358				
VPS13C	-3.11766	-0.883405	-2.56322				
VPS13D	2.17698	1.99357	3.53481	0.181352	0.0425952	0.415304	0.112315
VPS16A			0.859876				
VPS18	4.41655	3.65304	0.80057	0.216935	-0.044074	1.45868	1.23074
VPS24			-1.83625				
VPS25			3.87945				
VPS26A			-1.36048				
VPS26B	2.89153	-0.679507	1.65078	0.236764	-0.709539	-0.0630676	-1.20529
VPS28			-0.959208				
VPS29	0.608425	-1.23473	0.867698	0.131927	-0.592832	1.17214	0.0133393
VPS33A	0.929238	1.36617	4.88152				
VPS33B			0.47075				
VPS35	3.28897	1.87138	3.71241	0.293928	-0.308971	0.161281	-0.615043
VPS36	-1.03754	0.782024	-0.45754	0.131566	0.728942	-1.7818	-0.917668
VPS37A	0.74484	2.08588	1.80677				
VPS37B	0.214314	-1.06757	-0.139089	0.0465798	-0.75247	0.404353	-0.394175
VPS37C	-0.51821	-1.76567	0.969484	0.0105316	-0.760746	-1.30463	-1.83643
VPS37D	4.96565	0.0975239	0.230206	0.128191	-0.861802	3.76155	0.827257
VPS39	-0.801556	0.642441	-0.798259				
VPS41	0.905981	1.83613	0.718122				
VPS45	-1.86531	-0.336019	-3.70429				
VPS4A	2.81148	3.2738	-0.870611				
VPS4B			-1.24431				
VPS50	-0.629556	0.998396	-0.780653				
VPS51	-1.3957	0.752681		-0.0152471	0.624075	1.55232	2.43716
VPS52	-0.595122	0.800125	-0.645378				
VPS53			0.387902				
VPS54	-0.893913	1.63708	-0.014999	-0.163542	0.604248	1.70961	2.42419
VPS72			2.2209				
VPS8	-2.15154	-0.778899	-2.40424				
VPS9D1			-3.95259				
VRK1	1.1176	0.181875	1.03463				
VRK2			-0.913733				
VRK3			1.12272				
VSIG1			-1.2552				
VSIG10	-2.59538	0.0473006		-0.251236	0.582541	-0.885651	-0.278627
VSIG10L	0.55017	-1.41897		-0.0714402	-0.67822	-0.23481	-1.3471
VSIG2			-4.19604				
VSIG4	-2.22936	-2.72886	-0.34847	-0.155021	-0.79242	-3.55317	-3.55108
VSIG8	0.128828	0.254862	-4.08803				
VSIR	-6.06128	-5.45137	-4.58099				
VSNL1	3.52073	3.74375	7.66829	0.525881	0.479094	1.27662	1.61383
VSTM1	-2.5027	-0.708446	-4.10478	-0.537489	0.133971	-2.43521	-2.24985
VSTM2A	-0.262892	1.70906	1.34832	0.190368	0.762752	0.833367	1.83597
VSTM2B	-3.81788	-5.08726	-3.7338				
VSTM2L	4.64372	1.64615	9.83786	0.426423	-0.527279	1.611	0.535279
VSTM4	1.39662	0.459774	2.88439				
VSTM5			3.85131				
VSX1			-2.53537				
VSX2			-0.624647				
VTA1			2.97146				
VTCN1			1.19351				
VTI1A			-3.9676				
VTI1B	0.538997	-1.50117	-1.22027	0.0426326	-0.579056	-0.533069	-1.27499
VTN			-2.41001				
VWA1			1.89144				
VWA2			-4.58907				
VWA3A	1.63464	3.0792	-1.37571	-0.214086	0.15508	3.57357	4.35277
VWA3B			-4.32959				
VWA5A	-1.85171	-3.01471	-2.17074	-0.339451	-0.737314	-4.3895	-4.55339
VWA5B1			1.48091				
VWA5B2	-0.254311	0.696744	2.01676				
VWA7			-0.786561				
VWA8	-3.55757	-0.0590914	-1.00676	-0.153357	0.793145	-2.02641	-0.457836
VWC2	1.22946	2.36222	2.8368	0.070785	0.856274	2.75355	3.07031
VWC2L	0.525236	1.0436	1.21977	0.255805	0.172332	1.10008	1.56828
VWCE	4.62655	2.66699	-0.817458	-0.00139564	-0.646513	4.30179	2.49094
VWDE	-1.97653	-0.468184	-5.45838	-0.0264385	0.174548	-0.992045	-0.571165
VWF	0.41737	1.18261	2.61394	-0.114409	0.318137	0.205976	0.550552
WAC	7.63853	2.97646	3.29611	0.450272	0.0152168	4.82724	4.95194
WAC-AS1	6.04369	3.50367		0.480641	-0.410594	3.91946	2.70562
WAPL	0.410741	1.81825	1.42652	0.0647058	0.415335	2.90072	3.69731
WARS	-2.31269	-0.360323	-3.30349	-0.177037	0.466209	-2.93555	-2.25987
WARS2	-4.35523	-2.89181	-0.339574				
WAS			-1.94341				
WASF1	5.79047	3.79463	0.721103	0.517497	-0.386316	1.92877	1.12308
WASF2			-2.42333				
WASF3	-0.826059	-1.56501	-3.00824				
WASH2P			0.7247				
WASH3P			-0.053503				
WASH5P			-1.32968				
WASHC1	0.170954	1.76433		-0.02662	0.602539	-0.495643	0.251748
WASHC2A	-3.67201	-0.636449		-0.306671	0.393285	-3.01307	-2.09427
WASHC2C	-4.72362	-0.881912	-5.83265	-0.381418	0.45679	-2.66752	-1.61485
WASHC3	-3.47534	-3.59959	-4.18902	-0.158896	-0.470311	-2.59428	-3.09303
WASHC4	-0.766219	0.831743	-0.409231	-0.420176	0.580177	-1.19957	-0.190785
WASHC5	-5.02304	-5.94904	-2.67829				
WASIR2			4.03845				
WASL			-0.087196				
WBP1			-3.83982				
WBP11			-3.19123				
WBP11P1			-0.180156				
WBP1L			-2.65081				
WBP2	1.7794	0.667697	-1.75102				
WBP2NL			-0.069441				
WBP4			-2.0569				
WBSCR28			-3.4118				
WDCP			4.657				
WDFY1	0.667546	0.00371901	1.9929				
WDFY2	-3.02935	-3.94214	-3.76366	-0.450858	-0.418548	-1.76485	-1.96473
WDFY3			-1.07547				
WDFY3-AS2	-2.00608	-1.91121	-2.10915	-0.358109	0.431106	-0.854108	-0.506032
WDFY4	-4.60761	-3.44508	-4.2908	-0.32037	-0.794395	-4.33941	-3.98619
WDHD1	-0.332431	0.545561	1.63256				
WDPCP	0.15573	1.61704	-0.102909	-0.187431	0.75021	-0.543211	0.678384
WDR1	-2.04988	-3.5052	-10.5841	-0.151751	-0.777128	-1.74146	-2.33515
WDR12	0.33315	1.05633	0.46				
WDR13	-0.610378	-1.84503	-2.18609	0.118718	-0.661743	-0.869517	-1.34006
WDR17	3.15213	0.655124	0.845365	0.281705	-0.653793	2.96205	1.44965
WDR18	3.35054	3.67128	4.59335				
WDR19	-0.256963	1.51206	-2.88018	-0.00106565	0.575612	1.57111	2.75083
WDR20	-1.83253	-0.1069	-2.04308				
WDR24	3.70234	4.08367	9.59707				
WDR25	2.34728	0.144894	2.7884	0.322695	-0.686287	2.00502	0.437625
WDR26	-0.863661	-2.14883	-0.253298	-0.142616	-0.746038	0.288579	-0.503535
WDR27			0.196581				
WDR3			1.37516				
WDR31	2.1813	-0.276984	4.47267	0.120616	-0.651627	2.51381	1.25058
WDR33	2.73925	3.40058	-2.76592	0.219493	0.701523	6.19467	5.73093
WDR34	4.18076	2.98404	1.02807	0.203349	-0.313235	5.19126	4.57802
WDR35	-0.674541	0.806776	-0.284742				
WDR36	4.36328	4.6539	5.9683				
WDR37	0.980405	1.96756	1.03778				
WDR38			-3.80443				
WDR4	0.410334	1.38816	0.481201	-0.00749575	0.596022	-0.98572	-0.314687
WDR40B			-2.61613				
WDR41	-0.0203551	-1.10237	-1.13046				
WDR42B			0.593209				
WDR43			-1.65649				
WDR44	-1.49068	-2.30632	-5.81802				
WDR45	1.02117	0.973481	1.53525	0.137353	0.297382	-0.40574	-0.466368
WDR45B	-3.95708	-4.74046	-5.13801	-0.411636	-0.304736	-2.467	-2.79821
WDR46	1.4678	1.39659	3.8407				
WDR47	2.62344	1.18247	0.066447				
WDR48	0.863686	-0.153854	-1.23254	0.117251	-0.523156	1.99093	1.3403
WDR49	-0.38008	-0.736166	-2.65386	-0.31148	-0.308777	-0.132932	-0.0979402
WDR5	0.876906	1.07347	-1.67752				
WDR53			-1.23645				
WDR54	3.8167	0.232481	3.16118	0.272449	-0.802694	0.934247	-0.377871
WDR55	-1.381	0.542754	0.099916				
WDR59	-2.11048	-1.4957	-4.19015				
WDR5B			0.281027				
WDR6	1.69737	-0.539794	-3.52991	-0.0116029	-0.820804	3.15543	1.35622
WDR60	1.77389	2.60096	-1.33857				
WDR61			0.374839				
WDR62	-0.234939	-1.06559	0.940597				
WDR63			-4.30087				
WDR64			3.92213				
WDR65			-3.05609				
WDR66	2.28429	-0.756349	-0.935949	-0.117092	-0.919845	1.99791	-0.0337544
WDR7	3.42013	2.11537	3.45349				
WDR70	-1.67192	0.949771	0.913644	0.0334953	0.672606	-0.834218	0.169589
WDR72			-0.42592				
WDR73			-1.55908	0.078828	-0.0512045	0.559243	0.831873
WDR74			2.80416				
WDR75	0.825632	2.4095	-2.32166	-0.0364229	0.602885	3.45726	4.70554
WDR76			-0.49838				
WDR77	0.12885	-1.48012	-1.35611				
WDR78	-0.61143	-1.52309	-2.33888	-0.326685	-0.270704	-0.740668	-1.29081
WDR81	1.86151	2.67285	-0.495195				
WDR82	-0.231976	0.14403	0.240949				
WDR83OS	0.935446	-0.573291	4.54806				
WDR86	2.54562	-0.924948	1.84138	0.130411	-0.897377	2.37629	-0.185364
WDR87			-0.87692				
WDR88			-1.898				
WDR89	1.93192	3.13927	0.605282				
WDR90	0.577226	1.93595	-2.38959	0.0429684	0.558967	3.2013	4.29755
WDR91	-1.06363	1.18964	-0.852269	-0.221205	0.431671	-0.697293	-0.138068
WDR92	0.559079	-0.9325	2.12015				
WDR93	-3.15621	-2.32271	-2.89799				
WDR97	-2.0701	-1.07796	-5.88716	0.092075	0.322801	-0.609082	-0.156441
WDSUB1	0.302449	1.24675	-0.766523	-0.0280694	-0.0857719	2.32908	2.9282
WDTC1	-3.26038	-3.41795	-4.36618				
WDYHV1	1.99753	2.91466	4.72499	0.161822	0.625906	0.937749	1.32954
WEE1			-5.71836				
WEE2			0.204873				
WFDC1	2.97241	0.369844	3.15848	-0.0532657	-0.619357	1.9011	0.773468
WFDC10A			-0.783482				
WFDC10B			-0.046836				
WFDC11			-2.55427				
WFDC12	1.16301	0.601798	-0.329119				
WFDC13			-2.01653				
WFDC2	0.941692	2.27982	4.18585	0.26247	0.80599	-0.687264	0.379862
WFDC3			-2.02008				
WFDC5			-1.49984				
WFDC6			0.208157				
WFDC8			-3.98084				
WFDC9			-1.84613				
WFIKKN1	-0.169919	0.956334	-0.599895	0.22533	0.294628	-0.24235	0.0357366
WFIKKN2	1.51653	1.75775	1.26349	-0.114873	-0.0703644	0.371032	0.806854
WFS1	0.54003	-1.18485	-5.75987	0.0693136	-0.766565	1.14452	0.149892
WHAMM	1.82726	3.6896	-3.72105				
WHAMMP2	-3.38093	-1.63602					
WHAMMP3	-1.89874	-0.388259	-2.51398	-0.196485	0.379009	0.409218	1.32866
WHRN	-4.0095	-0.422851	-2.07526	-0.209489	0.383376	-1.23099	-0.485051
WIF1	1.04717	-0.930827	-1.58903	-0.0658722	-0.600968	1.85915	0.925673
WIPF1			0.241872				
WIPF2	9.85503	4.82971	6.30222	0.613824	0.0434349	6.81946	7.02784
WIPF3	0.100852	0.608431	-2.39799	-0.0672361	0.339896	-0.500721	-0.0130684
WIPI1	-2.86786	-1.64662	-2.50412	-0.327221	0.536946	-0.764781	-0.264689
WIPI2	-0.505785	-1.85136	-2.74591	0.0202766	-0.541865	0.190025	-0.37268
WISP1			-4.54999				
WISP2	3.44505	1.46565	0.149218	-0.136171	-0.501171	4.07113	3.85052
WISP3			-3.55968				
WIZ	-0.0855065	-1.26917	-2.46178	0.102455	-0.724928	2.11481	0.639514
WLS	-1.83441	-2.69606	-4.42981	-0.216737	-0.79236	1.35839	0.191061
WNK1			-3.41751				
WNK2			-0.437712				
WNK3			0.884482				
WNK4			-2.71001				
WNT1			-4.8026				
WNT10A	1.3486	1.76175	2.14032	-0.0899447	0.120683	0.418528	0.327396
WNT10B	3.76231	-0.60874	-0.205619	0.198915	-0.918646	2.10337	-0.15659
WNT11			-2.9268				
WNT16			-2.65503				
WNT2			8.01835				
WNT2B	-0.0551547	-0.223198	-0.03653	0.432719	0.2041	-0.765003	-0.763548
WNT3	-1.02393	0.807764	-6.68707	-0.0175014	0.509126	1.37611	2.2312
WNT3A			-4.5007				
WNT4	0.84316	-0.201048	-1.96912	-0.0861717	-0.721382	2.18317	1.34721
WNT5A	0.944821	0.0116291	0.015664				
WNT5B			-0.449768				
WNT6	0.00631169	-0.118549	1.28356	-0.0980128	0.198995	-2.22023	-2.57337
WNT7A	2.87078	2.07266	8.57207	0.123788	-0.177393	0.2864	-0.0961055
WNT7B	-2.50368	-2.87209	-5.1074	-0.0575387	-0.81303	-2.21755	-2.48905
WNT8A			0.293383				
WNT8B			-1.59276				
WNT9A			-0.980136				
WNT9B			-2.21335				
WRAP53			3.83336				
WRAP73	1.36592	2.32462	2.90525	0.145922	0.574642	2.59896	2.91797
WRB	0.362872	-1.59151	-2.98269	-0.0234368	-0.702212	0.247419	-0.699791
WRN	0.139087	-0.278115	-3.14716	-0.0919206	-0.468121	1.07522	0.758026
WRNIP1			-0.371082				
WSB1	-3.15111	-0.695726	-3.80756				
WSB2	7.47549	1.93997	7.66522	0.590215	-0.486336	5.94566	3.71633
WSCD1	-5.72257	-4.96977	-7.25033	-0.593263	-0.390073	-4.93583	-5.20831
WSCD2	0.88923	1.92886	-1.78116				
WT1			-2.18825				
WT1-AS	-1.96952	-1.68256	-2.05037				
WTAP	2.90953	-0.69454	1.70228	0.200446	-0.820133	1.67787	0.176136
WTIP	3.03679	-0.329957	0.446337	-0.0175098	-0.736921	3.7162	1.76061
WWC1	-0.905797	-2.09842	-5.79462	-0.0774437	-0.74858	-0.0847646	-0.913642
WWC2	-0.720046	0.0617516	-7.56114	-0.217549	-0.0641621	1.02491	1.84537
WWC3	-1.15016	-0.203235	-3.07083				
WWOX	-0.364718	-1.19918	-7.00314	-0.120392	-0.589411	0.380144	-0.0666874
WWP1	-0.409726	0.256429	-0.062462	-0.114224	0.417992	-2.59599	-1.87546
WWP2	-0.623125	1.06665	-2.41172				
WWTR1	-2.18725	-2.40984	-4.16434				
WWTR1-AS1			2.18149				
XAB2			2.89656				
XAF1			0.485848				
XAGE1B			-3.85422				
XAGE1D			0.925174				
XAGE2B			-4.72554				
XAGE3			-0.408155				
XAGE5			0.160851				
XBP1	0.0279864	1.33338	2.93992				
XCL1			-3.04508				
XCL2			-1.13576				
XCR1	-0.575129	-0.802354	0.14639				
XDH			-0.744214				
XG			-0.626998				
XIAP	-0.159106	-0.917126	-3.89166				
XIRP1	-3.22727	-0.667906	-1.44427				
XIRP2			-1.64941				
XIST			-0.661713				
XK	6.85444	2.50808	4.73159	0.650767	-0.51477	6.12651	3.76898
XKR3			-1.35869				
XKR4	-0.584308	-1.83243	-3.50777	-0.0592545	-0.873274	0.330071	-0.655508
XKR5			0.557835				
XKR6	5.20382	3.84329	2.3333	0.271802	0.851163	8.61147	5.77454
XKR7			-1.83419				
XKR8	-4.90661	-2.83153	-8.79555	-0.665289	0.0495407	-3.2833	-3.01147
XKR9	2.24622	4.24221	1.6623	0.307987	0.719941	1.97	2.65766
XKRX			0.786952				
XKRY			-1.71934				
XPA	2.12642	0.619367	-1.70734	-0.233526	0.421565	0.0369952	0.974287
XPC			2.1222				
XPNPEP1	0.341726	0.61822	-2.22577				
XPNPEP2			0.220099				
XPNPEP3			-1.98958				
XPO1	1.48597	-0.534355	-2.6576				
XPO4	0.00919571	1.57626	1.57641	-0.115723	0.596078	0.264162	1.19748
XPO5	-0.395448	0.650623	1.61011				
XPO6	0.990688	-0.469939	-0.511069				
XPO7			-0.408199				
XPOT	-0.832844	-1.66791	-2.88982				
XPR1	1.52421	2.3994	1.86079	0.0929133	0.644673	0.950988	1.43749
XRCC1			2.13921				
XRCC2			1.36895				
XRCC3			-0.135358				
XRCC4	-1.87296	-2.92771	-1.54006	-0.306524	-0.307194	-2.47675	-2.87524
XRCC5			-2.71243				
XRCC6			0.011171				
XRN1	3.06622	3.9316	-3.57417				
XRN2	-4.70455	-2.74815	-3.20651				
XRRA1			1.44443				
XXBAC-BPG300A18.12			-5.42621				
XXBAC-BPG308K3.6			-2.33501				
XXYLT1	-1.20693	0.0445792	-2.49889				
XXbac-B33L19.2			0.842593				
XXyac-R12DG2.1			-6.86843				
XYLB	-0.46657	0.771353	0.966566				
XYLT1	1.47113	-0.579104	-0.096348	0.0602484	-0.850732	3.4155	0.936463
XYLT2	-2.6176	0.832723	-5.96394	-0.240571	0.764236	-0.862938	0.167914
YAF2	-3.83286	-4.97347	-6.26163	-0.132196	-0.381305	-3.13333	-3.69524
YAP1	-1.03763	-1.91302	-1.08455	-0.292397	-0.580826	1.25869	0.931883
YARS	-2.73451	0.495306	-1.6311	-0.0454504	0.740741	0.02369	0.801813
YARS2	2.35559	1.32741	1.8317				
YBEY	-1.81032	0.917617	-1.2943	-0.376121	0.639919	-1.98405	-0.606351
YBX1	-7.22537	-6.29993	-6.31225				
YBX2	3.73276	2.84927	1.9563	0.170506	-0.137985	4.24544	4.14969
YBX3	-0.564169	-0.6458					
YBX3P1	-1.69763	-2.36394	-1.7411				
YDJC			-3.8565				
YEATS2	7.88658	3.10405	-2.21094				
YEATS4	-2.82651	0.228082	-0.142919	-0.0104111	0.49745	-0.92958	-0.0801888
YES1			-3.55532				
YIF1A			-4.82358				
YIF1B			-0.618008				
YIPF1	1.70009	0.0773259	5.62371	0.425613	-0.28155	-0.653515	-1.56408
YIPF2	3.86239	2.95342	4.93044				
YIPF3			3.20037				
YIPF4	-1.6427	-0.368635	-5.79022				
YIPF5			5.46507				
YIPF6			-3.88146				
YIPF7			0.296407				
YJEFN3	2.39225	-1.02961	2.96168	0.297473	-0.74677	-0.388346	-1.35618
YKT6	1.13712	-0.707474	-0.850941	0.0284229	-0.68422	0.302859	-0.653537
YLPM1	0.499398	-0.437282	-3.79508	0.117541	-0.47888	1.85287	1.06857
YME1L1	0.798377	-0.366351	-0.895064				
YOD1	4.81025	4.60386	7.48782	0.316191	0.527064	3.41997	3.88961
YPEL1	0.815386	-1.26275	-4.37925	0.130086	-0.922504	1.23595	-0.215829
YPEL2	3.03496	2.5164	4.191	0.351286	-0.178524	3.69696	3.20319
YPEL3	1.69866	2.48275	3.68037	0.436852	0.423852	0.760074	1.18333
YPEL4	2.5012	3.45745	-0.961254	0.336565	0.487157	5.6509	6.1092
YPEL5	4.70124	3.14105	7.81192	0.397163	-0.386819	2.42542	1.67793
YPLR6490			-5.39072				
YRDC			1.71197				
YSK4			-7.50434				
YTHDC1	2.16907	3.32253	-1.3002	0.25367	0.695624	1.06529	1.94705
YTHDC2	-1.11575	0.755148	-3.28221	0.125484	0.390786	-1.15793	-0.714122
YTHDF1			-0.683164				
YTHDF2	5.18068	1.97381	1.42141	0.264245	-0.613475	1.55968	0.486962
YTHDF3			-2.7042				
YWHAB	3.10794	0.708235	-2.1559	0.226742	-0.67627	2.5879	0.821025
YWHAE	-0.0215757	-1.76508	-3.90506	0.0667693	-0.667978	0.217551	-0.628818
YWHAEP1	-2.41134	-3.11396					
YWHAG	5.50567	3.67366	-0.481541				
YWHAH	5.49514	0.601594	3.47493	0.447013	-0.748795	4.49422	1.40573
YWHAQ	-0.0458315	-1.81164	-2.58592	-0.250354	-0.625134	-1.55089	-2.07324
YWHAZ	1.04655	-0.897016	-1.57907	0.228448	-0.798917	1.1702	-0.0570639
YY1	-2.00069	-1.86174	-0.208544				
YY1AP1			-0.744034				
YY1P2	-1.54327	-1.52392					
YY2	-0.668421	0.315768	-2.04222				
Z83826.4			-2.32163				
Z83840.4			-1.41845				
Z83851.1			-5.41651				
ZACN			-2.75034				
ZADH2	1.53662	2.82228	1.83075	0.343241	0.768111	5.34409	5.41721
ZAN			-2.92305				
ZAP70	2.06708	1.0692	4.63212	-0.139575	-0.257053	1.1295	0.833378
ZAR1			1.96151				
ZAR1L			2.18245				
ZBBX	5.05933	5.55336	5.95384	0.330434	0.513089	6.42595	7.37322
ZBED1	-1.83509	-0.607907	-2.43264	-0.191934	0.517033	-1.00622	-0.495197
ZBED2			-3.05489				
ZBED3	-0.408666	0.840873	-0.065883				
ZBED4			-0.68089				
ZBED5	0.958563	2.26251	0.923063	0.0569841	0.726214	1.89126	2.58919
ZBED6CL	-0.723192	-1.62232					
ZBED8	1.40707	1.56107	1.30412	0.0593546	-0.25211	3.94971	4.04045
ZBED9	2.58468	3.35645		0.294873	0.515605	3.86724	4.65764
ZBP1			2.75776				
ZBTB1	0.0945438	1.77273	1.29528	-0.0368198	0.890835	-0.467207	0.65968
ZBTB10	0.698102	1.32424	-1.4025				
ZBTB11	3.22512	3.80235	4.61121				
ZBTB12			-1.78541				
ZBTB14	0.259646	0.798708	-0.551908				
ZBTB16	4.26556	4.37261	6.52275	0.241683	0.846767	9.21009	6.97224
ZBTB17	2.32295	3.05878	2.29559				
ZBTB18	-1.58387	-1.72814	-3.15896	-0.0289049	-0.139136	0.0209758	0.0450668
ZBTB2	0.222899	1.10849	-1.39717				
ZBTB20			-1.63037				
ZBTB20-AS1			0.401742				
ZBTB21	4.0982	3.97675	4.04948	0.322583	0.774619	10.7567	7.57064
ZBTB22			0.189705				
ZBTB24	3.86783	4.31204	4.82225	0.493404	0.182009	3.23335	3.66005
ZBTB25	0.963294	2.03614	0.716494	-0.0699167	0.288315	2.14373	3.12771
ZBTB26	-1.88499	-0.695593	-3.26007				
ZBTB3	1.6286	2.55855	2.03617				
ZBTB32			0.865244				
ZBTB33	1.22682	0.835713	4.00742				
ZBTB34	-0.0367708	1.74468	2.29366	0.026764	0.623573	2.44406	2.8499
ZBTB37	-3.37274	-3.44256	-0.746146				
ZBTB38	-0.177438	1.41849	0.021875	0.134181	0.707981	2.0154	2.51537
ZBTB39	0.233048	1.5969	4.38802	0.179631	0.44706	2.01487	2.72411
ZBTB4	2.08075	3.36104	-1.11079				
ZBTB40	-1.45477	0.865839	-2.72437	-0.189282	0.486591	-0.0129842	1.01795
ZBTB41	7.50223	2.91425	1.08231				
ZBTB42			-2.03025				
ZBTB43	-0.641922	1.34826	-3.47619	-0.0707598	0.613228	0.951103	1.78539
ZBTB44	4.47958	0.399699	1.1691	0.333245	-0.672155	5.28986	3.03393
ZBTB45	3.74754	4.36752	1.16585				
ZBTB46			5.78485				
ZBTB47	-2.08487	-0.552928	-6.23695	-0.221662	0.427022	0.605192	1.44676
ZBTB48	2.77584	2.4651	1.84542				
ZBTB49			-0.738723				
ZBTB5	-0.752921	1.21382	-0.451282				
ZBTB6	1.97499	2.1707	3.32868				
ZBTB7A	-0.855489	1.21565	-0.333159	0.0196038	0.848281	-0.0601601	0.886687
ZBTB7B	-0.880947	-0.11365	4.93311	-0.203832	0.559989	-1.80393	-1.20693
ZBTB7C	-0.0187163	1.36476	1.79385				
ZBTB8A	-0.0859916	0.806838	-8.6e-05	0.286117	0.11189	1.2532	1.66262
ZBTB8B			-2.09799				
ZBTB8OS	-0.120883	1.51996	1.67586	0.0181248	0.792784	-1.45126	-0.268895
ZBTB8OSP1			2.65471				
ZBTB9			-0.394836				
ZC2HC1A	2.20122	1.54098	-0.21223	-0.0835408	-0.340103	0.84513	0.346463
ZC2HC1C	2.19505	0.630916	5.0273				
ZC3H10	0.596798	2.29691	2.38347	-0.00886786	0.592445	0.00697883	0.685445
ZC3H11A			-4.05434				
ZC3H12A	-5.07975	-0.823166	-2.73514	-0.407321	0.247901	-1.64061	-1.18955
ZC3H12B	2.93233	3.09942	1.33103				
ZC3H12C	-0.39987	1.28877	-1.52658	-0.262671	0.520584	2.14039	2.80336
ZC3H12D			4.1226				
ZC3H13			-3.46642				
ZC3H14	-1.24867	0.318753	-1.22563				
ZC3H15	-0.615783	-1.94923	-1.10113				
ZC3H18	-4.02318	-2.22886	-2.61044	0.0199668	0.338854	-2.8276	-2.43629
ZC3H3			-1.04797				
ZC3H4	0.958268	2.23302	-2.22605				
ZC3H6	4.12344	4.90967	-2.22423	0.227885	0.520848	5.08431	5.62019
ZC3H7A	-1.49457	-1.51924	-4.42007	0.0141201	-0.0494034	0.594674	0.898803
ZC3H7B	-2.11975	0.471199	-2.72558	-0.108181	0.688539	-1.69394	-0.529717
ZC3H8	1.96606	0.222088	0.401725	0.310269	-0.499734	2.04673	1.12571
ZC3HAV1	-0.809968	-2.00707	-3.486	-0.221204	-0.832869	0.550317	-0.375426
ZC3HAV1L			-6.90125				
ZC3HC1			-0.069839				
ZC4H2			-1.50402				
ZCCHC10	-3.20896	-0.597724	-3.18421				
ZCCHC11	-1.03461	-0.0776458	-5.64201	-0.192578	0.0285122	1.59607	2.29879
ZCCHC12	1.25788	-1.00087	-0.605306	0.0532359	-0.918479	1.94889	-0.115705
ZCCHC13			-2.45899				
ZCCHC14	1.15987	2.1699	-1.93271	0.144677	-0.0235682	5.18824	5.74348
ZCCHC17	2.0682	-0.964032	-4.61719	0.102083	-0.949163	1.97024	-0.181852
ZCCHC18	0.93633	-1.20393	-2.55735	0.0730576	-0.87246	0.930576	-0.355415
ZCCHC2			1.76327	0.192657	-0.294817	1.28026	1.08794
ZCCHC24	-3.62113	-4.18704	-1.24365				
ZCCHC3	2.42027	3.65728	3.24598	0.273979	0.511295	5.67377	6.16615
ZCCHC4	-0.357639	0.959444	1.38216				
ZCCHC5			-2.92655				
ZCCHC6	2.66968	4.20359	4.77464	0.2549	0.570523	3.60745	3.96744
ZCCHC7	-1.95517	-0.746352	-5.11039	-0.108491	0.614281	-0.382739	0.676559
ZCCHC8	-0.431554	1.61769	-3.46101	-0.142393	0.657271	2.60163	3.29616
ZCCHC9	-1.93116	-0.785155	-1.79071				
ZCRB1	-2.36437	-2.83013	-4.49107				
ZCWPW1	-0.030783	-0.373911	-2.09209	-0.44226	0.122289	-3.60802	-3.45779
ZCWPW2	-1.0793	-1.95483	-4.05177	-0.215718	-0.318214	-2.2433	-2.64879
ZDBF2	-0.0534331	0.499835	-2.37385	0.0603954	-0.122251	0.585194	1.02029
ZDHHC1			-2.24729				
ZDHHC11	0.704941	1.63743	-3.17475				
ZDHHC12	-0.727428	-2.52316	-1.88352	-0.120736	-0.795885	0.158879	-0.945976
ZDHHC13	-2.0618	0.469204	0.232702				
ZDHHC14	1.66895	-0.248094	-0.347934	0.265858	-0.50475	0.265522	-0.431315
ZDHHC15	-0.568895	-1.97462	-1.97137	-0.0327737	-0.591434	-2.12138	-2.70667
ZDHHC16	2.06288	1.28116	3.71507				
ZDHHC17	3.21149	3.93159	0.806252				
ZDHHC18	-0.503361	0.930134	-3.74328	0.203494	0.283719	1.17737	1.67305
ZDHHC19			-4.86353				
ZDHHC2	-1.59748	0.919132	-0.176852	-0.324495	0.794035	-1.35903	0.0610149
ZDHHC20	-0.973662	0.457624	-1.23412	-0.426306	0.498959	-3.32945	-1.83296
ZDHHC21	5.67198	6.08216	0.725081				
ZDHHC22	0.527134	1.44657	1.08458				
ZDHHC23	3.12299	2.07195	-2.78567	0.200839	-0.590207	4.3368	2.62405
ZDHHC24	2.31289	0.0920229	-1.76632	0.170164	-0.703384	-1.47296	-2.14506
ZDHHC3	-0.857191	0.479183	1.94299	-0.0971393	0.648986	-2.30232	-1.27534
ZDHHC4	3.01254	-0.139616	1.20579	0.0358652	-0.579389	2.27344	1.03252
ZDHHC5	1.98956	2.65312	2.00786	0.135871	0.68381	2.25556	2.84211
ZDHHC6	1.12077	1.95842	-0.378246				
ZDHHC7	1.21104	-0.437221	-2.54068				
ZDHHC8			-2.93875				
ZDHHC8P1	-0.892883	-1.31034	-5.96587				
ZDHHC9			-0.683365				
ZEB1	-0.986298	-1.52562	-0.465139				
ZEB2			-0.323254				
ZER1			0.392194				
ZFAND1	-0.794571	0.751238	-1.01343				
ZFAND2A			2.2505				
ZFAND2B			2.91251				
ZFAND3	-1.35501	-2.21224	-3.44224	-0.124342	-0.581767	-0.581169	-1.1327
ZFAND4	-2.47286	-0.727187	-0.911825	-0.522355	0.195938	-1.86758	-1.23225
ZFAND5			0.438569				
ZFAND6	-8.58674	-5.33084	-3.27154				
ZFAS1	-4.38987	-4.39765	-3.39289				
ZFAT	-1.6635	-0.46937	0.017272	-0.184951	0.448697	-3.44205	-2.54534
ZFC3H1			-3.36607				
ZFHX2	3.30835	4.00895	1.71632	0.0828268	0.674418	4.14196	4.38532
ZFHX3	-2.66849	-3.67654	-2.50638	-0.414965	-0.656315	-3.31865	-3.76757
ZFHX4			-1.74767				
ZFHX4-AS1	-2.25433	-2.86346					
ZFP1	2.49427	2.31422	5.59287				
ZFP14	-0.441946	1.68648	-0.980409	0.0519797	0.627582	0.680773	1.74985
ZFP2	3.21134	2.01809	2.93411				
ZFP28	2.27176	-0.508808	1.60819	0.197046	-0.524475	1.25097	0.486957
ZFP3	-4.19591	0.0324084	-0.7757				
ZFP30			0.530812				
ZFP36	-2.17592	-3.37551	-3.39751	-0.315524	-0.20698	-4.10503	-4.85021
ZFP36L1	-3.09232	-3.20715	-5.45172	-0.462657	-0.661531	-1.20425	-1.84597
ZFP36L2	-3.31387	-3.38342	-3.77579	-0.498889	-0.569882	-2.28118	-2.7361
ZFP37	-1.30094	0.077038	-2.46548	-0.223268	0.297453	-2.5831	-1.779
ZFP41	-1.76473	0.243757	-5.02363				
ZFP42			-2.45036				
ZFP57			0.715495				
ZFP62	4.61034	3.32662	-1.7105	-0.0737486	-0.0195964	2.2786	2.51072
ZFP64	2.01438	-0.417845	-1.85203	0.00107405	-0.746816	-0.936192	-1.74029
ZFP69	2.68283	-0.120705	5.4275	0.00439183	-0.575243	-0.652116	-1.55626
ZFP69B	-1.33506	0.650948	0.202875				
ZFP82	-0.644076	0.529184	3.41036				
ZFP90			-2.82419				
ZFP91	-0.586106	0.119714	-0.459919	-0.00218012	0.495073	-0.291447	0.164439
ZFP92			0.527554				
ZFPL1			-0.792508				
ZFPM1			-5.16319				
ZFPM2	2.37114	3.71229	-0.702577	0.0418175	0.518278	1.78683	2.6453
ZFR	-1.78077	-2.9643	-1.83712	0.109219	-0.610351	0.974541	0.383098
ZFR2	2.66996	1.96207	-0.498475				
ZFX	1.79432	2.9269	1.75128				
ZFY	-0.219205	1.4267	2.51841				
ZFYVE1	1.17557	0.235913	4.11656	0.00504209	-0.464772	0.00709806	-0.716362
ZFYVE16			-1.41308				
ZFYVE19	-0.234444	1.23344	1.66741	-0.157116	0.824774	-2.36624	-0.792246
ZFYVE21	1.21373	-0.673851	-0.20783	0.0455351	-0.490794	0.759551	0.0760237
ZFYVE26	-0.0122386	1.5256	-2.29468				
ZFYVE27	2.14677	2.62955	-2.03855	0.175223	0.442187	2.24505	2.96297
ZFYVE28	1.37093	2.32721	-0.617031	0.224064	0.775411	0.752607	1.60186
ZFYVE9	0.832021	2.0835	3.43145	0.164217	0.787036	-0.0273996	0.968441
ZG16			-0.972319				
ZG16B	0.882731	-1.05528	0.530609				
ZGPAT			2.75682				
ZGRF1	0.119692	2.34103	5.24507	-0.032966	0.54486	0.216815	1.20918
ZHX1	0.700454	1.77566	2.08857	0.0324777	0.528978	2.05133	2.48768
ZHX2	-3.89366	-4.02301	-3.83361				
ZHX3	0.346376	0.625385	-1.11392				
ZIC1	1.28962	1.82567	1.07169	-0.325967	-0.0307078	1.83879	2.21294
ZIC2			-1.83812				
ZIC3	0.974619	1.98272	3.84116	-0.140892	0.195308	0.269429	0.770268
ZIC4	-0.699767	-0.387102	0.357247	-0.406469	-0.0136041	-0.285714	-0.12636
ZIC5	-0.0409403	-0.985252	-1.3389	-0.161462	-0.438645	2.2535	1.85428
ZIK1	0.823604	1.03972	2.94319				
ZIM2	-0.455035	1.38415	-1.28232	-0.058734	0.555398	0.581485	1.6799
ZIM3			1.16978				
ZKSCAN1			1.43114				
ZKSCAN2	3.9028	4.21104	1.43736				
ZKSCAN3			-2.93036				
ZKSCAN4	1.81702	3.23037	-0.822541				
ZKSCAN5	2.49478	1.49312	5.92272				
ZKSCAN7	-0.145537	1.62093	-1.62915				
ZKSCAN8	0.929489	2.21764	2.48779				
ZMAT1	-0.698536	-1.76742	-6.39766	-0.234978	-0.704402	-0.333306	-0.771591
ZMAT2	3.52344	-0.371073	-1.13566	0.217767	-0.6546	0.74859	-0.33202
ZMAT3	1.69828	2.51262	-2.30975				
ZMAT4	4.35813	3.84655	6.46811	0.235728	0.867008	7.24345	4.95869
ZMAT5			4.25793				
ZMIZ1	3.66198	3.59639	-2.02486	0.0102708	-0.363596	4.595	4.47165
ZMIZ2	-0.160599	0.667507	-4.47092	0.120963	0.480306	1.09031	1.50151
ZMPSTE24	2.12887	1.82431	0.609649	-0.0503488	0.192804	0.648008	0.622175
ZMYM1	-0.840008	-1.94137	0.034927				
ZMYM2	-1.81457	0.338557	-0.760996				
ZMYM3	1.26694	0.108245	-4.77437	0.0585057	-0.651829	0.311878	-0.385058
ZMYM4	1.30527	2.52598	-0.343299	0.300775	0.48186	4.07685	4.74204
ZMYM5	-0.562362	1.34482	-3.18905	-0.0985545	0.632608	1.44921	2.30158
ZMYM6	-1.82619	0.962002	0.746797	-0.0861642	0.678419	-1.34122	-0.0929936
ZMYND10	-1.23851	-2.31675	-1.57503	-0.213925	-0.681181	0.9922	-0.0217364
ZMYND11	-1.3763	-2.33275	-4.52119				
ZMYND12	1.89865	-0.477069	-0.013142	0.0104484	-0.525142	1.75613	0.884892
ZMYND15	-2.01667	-2.71104	-2.57341	-0.253016	-0.485324	-1.06321	-1.77642
ZMYND17			-2.0882				
ZMYND19			3.33373				
ZMYND8	2.45331	3.47625	0.981116	0.297689	0.645809	1.83201	2.54017
ZNF10	-1.27291	-0.0142645	-2.05405	-0.204626	0.33321	-0.391539	0.358551
ZNF100			-2.91934				
ZNF101	-5.6077	-3.03993	-2.18984				
ZNF106	0.942608	1.91199	0.481206				
ZNF107			-1.80308				
ZNF112	2.68214	3.97012	-2.0082				
ZNF114			-1.50428				
ZNF117			-3.53751				
ZNF12	1.02968	2.06954	3.264	0.259718	0.322795	1.22528	2.01004
ZNF121			1.06801				
ZNF124	0.866619	3.16076	2.4938	-0.00470662	0.592572	2.10305	2.7156
ZNF131	1.16875	2.25634	-2.36618				
ZNF132	1.42134	2.81668	2.07936				
ZNF133	3.5383	4.37302	-0.542923	0.0275697	0.288946	3.72205	4.4281
ZNF134			-1.12379				
ZNF135	0.464541	1.01821	-2.27373				
ZNF136	1.7423	2.69045	3.54822	0.161483	0.587284	0.984686	2.07633
ZNF137P			-1.03261				
ZNF138	0.530447	1.28498	-4.39965				
ZNF14			-0.537176				
ZNF140	-0.512883	-0.193161	-0.279599				
ZNF141	-2.24839	-0.452975	-5.69613				
ZNF142	0.527738	1.86566	-0.123445				
ZNF143	0.618718	1.92839	1.72881	0.0799685	0.640679	0.570521	1.16838
ZNF146	-1.80653	0.126872	-0.837957	-0.325589	0.530073	-0.773318	0.0435505
ZNF148	1.20453	2.28062	2.35072	0.437802	0.499482	9.90911	10.0552
ZNF154			-2.71436				
ZNF155			2.19096				
ZNF157	-5.43277	-5.1826	-2.05504				
ZNF16	-0.279973	1.14462	-0.789392				
ZNF160			-2.44552				
ZNF165	0.491026	2.03875	2.26151	0.0469631	0.773032	-0.857909	0.489052
ZNF17	0.982399	2.66255	-1.86785				
ZNF174			2.1519				
ZNF175	2.97014	4.08994	-0.528092	0.23995	0.411583	4.60513	5.04042
ZNF177			-1.66599				
ZNF18	0.542204	1.27506	0.197959				
ZNF180	0.334336	1.81685	-0.337049	0.175112	0.416898	2.3325	3.0975
ZNF181	1.12271	2.54876	-0.341466				
ZNF182	-1.5523	0.595923	2.21227	0.0451026	0.559391	0.0844085	1.05152
ZNF184	5.77211	1.81404	2.80774	0.150081	-0.434206	4.64042	3.64549
ZNF185	-2.77161	-3.64692	-5.3291				
ZNF189	2.15815	2.76858	4.16087	0.174236	0.547342	0.855416	1.18748
ZNF19			-3.03019				
ZNF192P1	2.99971	3.89968	-0.046937				
ZNF195	-4.1115	-0.967485	0.009363				
ZNF197			-3.0297				
ZNF2			5.10246				
ZNF20			1.69914				
ZNF200	-1.29176	-0.281834	-0.499036				
ZNF202	7.09236	4.39077	6.11817				
ZNF205	-1.45439	-0.826155	-1.95786				
ZNF205-AS1	0.156153	-0.853545					
ZNF207	-1.49396	-0.968148	-0.806783				
ZNF208	-0.106358	-0.0680855	-3.18063				
ZNF211	-1.05212	0.0880997	-1.76577				
ZNF212	4.29058	4.75109	5.04254				
ZNF213	-2.09448	0.161293	-1.34194				
ZNF213-AS1	2.45346	3.12498					
ZNF214	1.54063	2.97736	1.59407				
ZNF215	4.83266	2.52974	1.32806	0.442531	-0.47214	2.62853	1.83762
ZNF217	-1.61945	-2.38457	-1.92071				
ZNF219	0.429086	-1.05199	-3.03446	-0.0668326	-0.37207	-0.0119296	-0.745424
ZNF22			-3.68363				
ZNF222	5.34677	5.44415		0.264975	0.419898	4.37961	5.05481
ZNF223	1.88325	2.55962	0.726733	0.32014	0.602919	1.68501	2.16175
ZNF224	-0.352754	1.10878	-3.53669				
ZNF225	-0.823449	1.42099	2.57757				
ZNF226	1.64758	-1.49766	0.118443	0.0454776	-0.85843	-2.89727	-3.02051
ZNF227			0.176111				
ZNF229	-0.59628	-2.29022	-1.15139	-0.103754	-0.756316	-2.59289	-3.35957
ZNF23	-0.39263	0.339599	2.52893				
ZNF230	0.812342	2.04684	3.00904	0.117337	0.575641	0.832793	1.70505
ZNF232	0.852785	2.13843	4.99974	0.121058	0.649663	1.4111	1.98896
ZNF233	3.78387	1.40419	7.15121				
ZNF234	-1.0499	0.711288	-2.52382				
ZNF235	-0.627464	0.0697989	0.627732				
ZNF236			-1.37537				
ZNF239	3.78643	0.887681	-0.909545	0.186994	-0.607064	1.52232	0.348287
ZNF24			-1.3538				
ZNF248	3.41687	4.37189	4.03972	0.361048	0.342806	3.87276	4.39884
ZNF25	4.85065	5.34328	5.19018	0.469306	0.579437	2.62781	2.99567
ZNF250	0.394175	2.43918	1.69493	0.108661	0.713299	3.87823	4.45395
ZNF251	0.414492	1.72853	0.311126	0.0777377	0.322315	2.43145	3.17084
ZNF252P	0.274765	1.83682	1.99912				
ZNF253			0.137685				
ZNF254			-2.10087				
ZNF256			-0.035295				
ZNF257	1.50504	2.80182	-2.46795	-0.159484	0.324607	3.52145	4.1487
ZNF26	3.44366	2.0498	1.39476	0.339731	-0.601654	3.47735	2.28296
ZNF260	1.1068	1.97867	1.3945				
ZNF263	4.76649	3.57655	-0.414724				
ZNF264	1.10066	2.25737	-1.72568				
ZNF266	0.896361	2.03705	-0.039897	0.0992779	0.446554	2.16026	2.7407
ZNF267	1.72921	2.97266	5.02538	0.388654	0.410665	3.34509	4.19148
ZNF268	-0.548858	1.43419	-2.98829	-0.00607297	0.640452	1.98472	2.64629
ZNF271P	-0.340237	0.084288	-0.509068	-0.27018	0.191172	-2.65644	-2.60801
ZNF273	1.05657	2.5209	-3.52246	0.240618	0.601993	3.28064	4.13238
ZNF274			-3.29613				
ZNF275			-3.20474				
ZNF277	-3.26681	-3.45196	-0.788989				
ZNF28			1.06513				
ZNF280A	2.4162	3.36301	-1.44984				
ZNF280B	1.27288	2.28565	-3.96902				
ZNF280C			0.078047				
ZNF280D	-0.427668	1.4932	-0.553036	0.0231502	0.633978	2.91063	3.80251
ZNF281	1.61291	2.33754	3.35343				
ZNF282			1.73693				
ZNF284	2.65856	3.88384	2.25058	0.152398	0.673814	2.08616	2.47575
ZNF285	2.71106	0.442224	0.744538				
ZNF286A	-2.14537	-2.87127	-4.7531	-0.178463	-0.376753	-0.930468	-1.1254
ZNF287	-1.77602	0.81132	0.628444	0.0239024	0.642094	-0.399892	0.699574
ZNF292	2.14271	3.16173	-1.68207	0.189363	0.461457	4.48536	5.35142
ZNF295-AS1			3.84168				
ZNF296			-2.37078				
ZNF3	-1.24953	0.934569	0.694289	-0.213603	0.494578	-0.849064	-0.0863155
ZNF30	1.55853	2.54431	-1.13077				
ZNF300	-5.21219	-2.02206	-1.99973				
ZNF300P1	-6.00797	-4.78391	-3.32617				
ZNF302	3.13622	4.06457	0.113196	0.013944	0.358721	0.406555	0.792047
ZNF304	3.5163	4.12453	2.8975	0.109689	0.579513	3.84158	4.29244
ZNF311			-3.72795				
ZNF317	1.67363	2.78267	2.87012				
ZNF318	3.13051	3.78184	0.644987	0.278027	0.535989	1.4314	1.77098
ZNF319			0.874652				
ZNF32			-0.192678				
ZNF320			0.196637				
ZNF321P			2.83099				
ZNF322	2.26681	3.91927	-0.210767	0.265306	0.448644	4.96071	5.65469
ZNF322P1			-4.08199				
ZNF324	1.59342	2.50908	-0.978763				
ZNF324B	0.779226	2.34665	3.39169	0.149192	0.502338	1.53112	2.09497
ZNF326			-4.04687				
ZNF329	1.93434	0.947273	0.324873				
ZNF330	-1.33418	-0.80277	-1.70327				
ZNF331	2.26255	2.347	0.905055	0.192718	-0.401211	2.82688	2.72213
ZNF333	0.526704	2.06236	-1.37118	-0.0619206	0.650953	2.7287	3.50892
ZNF334	-0.906954	-0.323415	-4.01095				
ZNF335			-1.24379				
ZNF337	1.4967	1.99112	-2.39308	0.113018	-0.213952	4.2863	4.31376
ZNF33A	-1.96129	-0.544358	-3.63776				
ZNF33B	-2.76241	-2.21365	-3.41912	-0.100445	-0.113166	-1.95073	-1.99851
ZNF34	1.447	2.76848	2.81145	0.0550879	0.636021	3.98766	4.38745
ZNF341			-3.328				
ZNF343	2.70761	4.26218	0.809449				
ZNF345			-2.9773				
ZNF346			-7.04434				
ZNF347	1.74212	2.5809	4.07235				
ZNF35	0.732802	1.80526	0.395389	0.0761106	0.666936	1.34768	1.97572
ZNF350	7.779	1.41903	3.83762	0.115225	-0.725227	2.40853	1.17579
ZNF354A	3.4196	2.36295	0.090605				
ZNF354B	-0.481633	1.50333	-2.69447	-0.126708	0.467038	2.05356	3.08054
ZNF354C	-2.14766	-0.101564	0.695728				
ZNF358	-1.78968	0.58382	0.354989	0.098319	0.634719	0.918486	1.96785
ZNF362	-2.1345	0.601032	-8.53372	0.0228715	0.76746	1.50497	2.43039
ZNF365	2.07065	2.66337	6.87884	0.242623	0.92814	1.39553	1.85954
ZNF366	-0.765883	0.518287	0.111704	-0.0292542	0.521686	-0.270923	0.206931
ZNF367			0.922322				
ZNF37A	-1.59116	0.176118	-2.54689				
ZNF37BP	-3.19212	0.152535	-3.20985	0.0274626	0.64808	-0.120896	0.882045
ZNF382	-0.13787	-0.288787	-1.65129	0.0537783	-0.237745	1.42613	1.40074
ZNF383	-1.94328	0.805692	0.416779				
ZNF384			0.224505				
ZNF385A	-3.95526	-0.339906	0.68961	-0.247292	0.822338	-1.90019	-0.39792
ZNF385B	-0.413932	1.57379	2.90589	0.226267	0.781912	2.5003	3.08179
ZNF385D	1.50028	2.89903	0.468176	-0.12317	0.7175	2.25917	2.8944
ZNF391	0.730891	0.787785	1.48274				
ZNF394	-3.82495	0.793537	0.866473	-0.247352	0.77291	-1.91463	-0.0344318
ZNF395	-0.461496	-0.156798	-7.12871	-0.153695	-0.150424	2.72629	3.42288
ZNF396	-2.19278	0.423294	3.29444				
ZNF397	-2.09382	0.143931	0.256086				
ZNF398	2.73382	3.3285	-0.8964	0.251759	0.562019	4.46247	5.08805
ZNF404	0.226732	1.68132	-0.308142				
ZNF407	-2.29937	-0.216563	0.474096				
ZNF408			3.96974				
ZNF41	-0.878701	0.969563	2.29568				
ZNF410			-1.69186				
ZNF414	-1.53434	-0.714048	-2.22036				
ZNF415	-1.31139	0.816872	-0.36704	-0.132304	0.617446	-0.602258	0.362808
ZNF416	4.50721	5.29496	2.44958	0.351677	0.291915	6.29664	6.82292
ZNF417	0.139358	1.684	-4.20031				
ZNF418	5.05691	2.0274	0.757979	0.0463991	-0.490749	4.13826	3.22711
ZNF419			2.55523				
ZNF420	0.288877	1.40412	0.896635				
ZNF423	-1.4485	-1.8065	-2.06451	-0.323787	0.13746	-0.997647	-1.14298
ZNF425	4.08058	4.82383	1.06286				
ZNF426			2.14776				
ZNF428			-4.15954				
ZNF429			-3.63648				
ZNF43			-2.57309				
ZNF430			-1.58588				
ZNF431			-4.04292				
ZNF432			-0.836201				
ZNF433			4.85072				
ZNF433-AS1	-3.21805	-3.88444		-0.0353486	-0.140062	-2.2107	-2.80286
ZNF436	2.67204	-0.311011	-0.857439	0.321617	-0.78219	0.817098	-0.450794
ZNF436-AS1	3.20518	3.69383	1.11497				
ZNF438	0.354969	-0.59465	-6.52903	-0.204603	-0.570252	1.0683	0.649607
ZNF439	4.27273	2.85175	3.18479				
ZNF44	-2.49561	0.4321	-2.58045				
ZNF440			-4.44751				
ZNF441	-0.815943	0.412894	-1.96451				
ZNF442	0.508661	0.77523	3.78365				
ZNF443	0.0365632	1.88363	1.79383				
ZNF444	2.66771	3.88064	2.2088				
ZNF445	-1.24181	0.619273	-1.57892				
ZNF446	1.01021	2.16049	-3.2834	0.0149476	0.400987	1.89681	2.62294
ZNF449	4.88634	1.62436	-3.06414	0.171072	-0.698146	4.92412	2.54942
ZNF45			0.556743				
ZNF451			-0.64679				
ZNF454	-1.17327	0.626271	-0.770466				
ZNF460	0.159001	1.4538	-0.08408				
ZNF461			2.1375				
ZNF462	-2.93244	-3.21339	-4.17908				
ZNF467			-3.2878				
ZNF468			-0.623671				
ZNF469	2.08509	-0.259956	-0.982232	0.0294027	-0.42704	0.457832	-0.166664
ZNF470			2.41224				
ZNF471	2.09276	0.96515	-1.42233				
ZNF473	5.08983	5.15422	3.03577				
ZNF474			-1.49967				
ZNF479			-2.89276				
ZNF48	4.81413	5.28761	4.10675				
ZNF480	-1.62774	-2.2983	0.371406	-0.567415	-0.345714	-9.38318	-9.43689
ZNF483	3.94222	4.40855	-0.056324	0.283429	0.118536	4.58965	5.7176
ZNF484	2.36079	3.50482	4.3913				
ZNF485	-1.0266	0.600146	-2.82398				
ZNF486			0.179858				
ZNF487	-0.401804	1.46872		-0.0390151	0.739141	1.25203	1.79208
ZNF488			-1.32348				
ZNF490	1.04253	2.17388	-0.663629				
ZNF491	-3.94252	-0.746103	-3.10719				
ZNF492	1.80421	2.03125	-4.44789				
ZNF493	0.713059	2.06224	-3.48835	-0.0395643	0.629422	-2.08447	-0.659635
ZNF496			-5.05581				
ZNF497			2.22718				
ZNF500	1.28796	2.11951	0.295723				
ZNF501			0.804961				
ZNF502	-0.506654	1.15374	-4.025	0.0991142	0.53089	1.32728	2.06152
ZNF503	-0.134906	-0.793577	-2.41328	-0.129895	0.194183	-3.35815	-3.6395
ZNF503-AS1			-1.17749				
ZNF506			0.096217				
ZNF507	1.7935	2.83273	2.22433				
ZNF510	-1.33144	0.547279	-2.10016				
ZNF511	-1.3366	-0.297044	-0.306519				
ZNF512	-0.72721	0.636482	-1.04257				
ZNF512B			-2.77074				
ZNF513			1.26632				
ZNF514			2.26641				
ZNF516	-3.49748	-3.80308	-6.92828	-0.341029	-0.428973	-3.05143	-3.39562
ZNF517	-0.416163	-1.39097	-0.839004				
ZNF518A	-1.12421	0.225003	-1.98286				
ZNF518B	0.0254554	0.126362	-2.35839				
ZNF519	1.69682	2.42327	-1.18753	0.0293941	0.675707	1.43517	2.35597
ZNF521	0.366015	-0.639516	1.27219	0.0928173	-0.699088	0.989779	0.397942
ZNF524	1.44203	2.40012	2.21946				
ZNF525	-1.52602	-2.30616	-1.50097				
ZNF526	1.94642	2.82641	3.97094				
ZNF527			0.476764				
ZNF528	0.642878	-0.974421	-1.65288	0.184335	-0.576592	2.49549	1.45264
ZNF529	6.02593	4.69316	1.98401				
ZNF530	0.062764	0.741025	-3.69424				
ZNF532	-2.34661	-1.85084	-5.20937				
ZNF534	0.195223	0.432124	-2.12792	0.129252	-0.13609	1.06422	1.49231
ZNF536			1.64569				
ZNF540	4.68667	4.87833	1.25924				
ZNF541	2.34191	3.01882	0.765852	0.464333	0.0465908	3.46537	3.57611
ZNF542P	0.709452	1.6885	1.26244				
ZNF543	-1.32762	0.645036	-0.626511				
ZNF544	3.34532	0.48433	1.16185	0.190223	-0.778934	1.88314	0.47918
ZNF546	0.429531	2.03674	-1.90582	-0.123628	0.647584	-0.040382	0.686063
ZNF547	2.6573	3.4264	1.71112	0.267176	0.476721	3.34388	3.88343
ZNF548	0.981802	2.22563	-2.31774				
ZNF549			2.43189				
ZNF550	3.97725	4.88873	-2.00452				
ZNF551			-2.33835				
ZNF554	1.7767	1.83537	2.25068				
ZNF555	0.0979052	1.82423	0.14249	-0.162524	0.686247	1.96132	2.37763
ZNF556			4.16541				
ZNF557	2.09533	2.70696	1.6817	0.0893584	0.674678	1.76451	2.3738
ZNF558	1.06116	2.08657	2.01873				
ZNF559			0.913988				
ZNF56			-1.7964				
ZNF560			2.03677				
ZNF561	-0.904499	0.968728	3.78521				
ZNF562	-2.99193	-0.26603	-2.90404	-0.0707975	0.57842	-0.0556671	0.799078
ZNF563			1.45571				
ZNF564			5.74233				
ZNF565	-2.32844	-0.0185813	-3.61609	-0.213706	0.610376	-1.0964	-0.0965654
ZNF566	2.89885	4.17206	1.5211	0.13219	0.324362	4.19847	5.25396
ZNF567	3.94293	4.26075	5.05436	0.389226	0.550126	2.12351	2.68186
ZNF568			3.26874				
ZNF569	-0.749939	-0.47	-4.12451				
ZNF57	1.36271	1.71687	6.98757				
ZNF570	0.856042	2.18342	0.908108				
ZNF571			-0.111373				
ZNF572	-0.644505	-1.80793	1.86925	-0.201388	-0.679367	0.915496	0.187914
ZNF573	0.177365	0.332195	-4.50216				
ZNF574	1.61365	2.45578	4.06708				
ZNF575	-0.77271	-2.20221	-5.25847	0.0156466	-0.647506	-1.81114	-2.42705
ZNF576	2.14078	2.59045	5.78019	0.241905	0.476867	0.211181	0.402206
ZNF577	-1.9501	-2.79525	-6.47446	-0.190948	-0.732758	-2.03505	-2.35636
ZNF578	0.960265	-0.00835179	-2.74654				
ZNF579			-3.9017				
ZNF580	0.140732	-1.34572	-7.59433	-0.124201	-0.629599	0.445852	-0.0982746
ZNF581	1.42128	1.48424	-2.14179				
ZNF582			2.30439				
ZNF583	0.79165	1.93433	-1.12842				
ZNF584	2.12038	2.78922		0.268976	0.534478	-0.0187658	0.217651
ZNF585A	5.93861	0.730957	0.326087				
ZNF585B	2.2626	3.02661	4.06226				
ZNF586	-0.761165	0.979468	0.331976	-0.197735	0.334541	-0.747843	0.0348512
ZNF587	-1.13106	-0.263345	-3.93656	-0.0105723	0.178169	0.878788	1.32573
ZNF589	-0.344325	-0.685249	-3.81435	-0.122856	-0.396364	0.523452	0.277807
ZNF592	-4.65503	-1.84864	-5.67778	-0.395835	0.305945	-3.41147	-2.80932
ZNF593			0.899586				
ZNF594			-2.34634				
ZNF595	-2.32943	-0.262647	-4.08855				
ZNF596	0.404184	1.34149	1.6197				
ZNF597	3.17328	3.43345	-0.549416				
ZNF598	1.54569	2.64073	-1.91472	0.0401299	0.46047	1.34282	1.82134
ZNF599	-2.84314	-2.09371	-3.24304				
ZNF600			-1.27309				
ZNF605	1.029	0.25531	-0.690644				
ZNF606			-1.51267				
ZNF607	2.88267	3.29121	-0.079821				
ZNF608	-0.862857	-1.45384	-0.917088				
ZNF609			-2.61877				
ZNF610	0.423977	-0.184991	-0.51718				
ZNF611			-2.58681				
ZNF613	3.39948	1.92	2.21829				
ZNF614			0.595916				
ZNF615	0.0112069	1.43417	-0.156668	0.0672335	0.483392	0.870308	1.83783
ZNF616	7.09364	4.8686	2.12864				
ZNF618			-0.264616	0.112402	0.0785136	3.24377	4.00957
ZNF619			1.997				
ZNF620	0.760393	2.23751	0.383187	0.0806841	0.599776	0.624308	1.50825
ZNF621			-0.089398				
ZNF622	2.48861	0.730062	2.939				
ZNF623			1.54127				
ZNF624			-2.23748				
ZNF625			-1.07561				
ZNF626			-1.86702				
ZNF627			6.9448				
ZNF628			1.47797				
ZNF629	-3.08231	-0.431277	-2.74483	-0.231013	0.651692	-1.14919	0.0103967
ZNF630	2.06739	4.36305	3.8754	0.150546	0.761024	3.08333	3.32254
ZNF638	-3.90425	-1.35979	-5.2203				
ZNF639	0.175168	1.22163	-0.871311				
ZNF641	0.949411	4.06125	0.758836	0.160607	0.697062	3.50928	4.05706
ZNF644	-0.992543	0.817297	-1.83043				
ZNF645			0.739276				
ZNF646	-1.36354	0.971825	-4.00089	-0.138155	0.643706	1.61797	2.27412
ZNF648	0.6493	-0.566362	-2.65484				
ZNF649			-1.6021	-0.210466	-0.425554	0.440863	0.132236
ZNF652	-2.4019	-0.373587	-2.41096				
ZNF653	4.64694	4.82051	4.92168	0.312645	0.570607	5.21908	5.73253
ZNF654	1.18615	2.21426	3.72704	0.118495	0.610802	2.63003	3.34011
ZNF655	-2.03009	0.160772	-1.49443				
ZNF658			-0.596334				
ZNF658B	1.82733	2.6572					
ZNF66			-3.22162				
ZNF660	-0.583599	0.483282	-2.95709	-0.0081081	0.216273	1.93865	2.9927
ZNF662	-2.46393	-0.218511	-4.87217				
ZNF663			2.81104				
ZNF664	-3.71658	-2.517	-2.11432	-0.428551	0.383713	-4.2122	-3.13641
ZNF665			-2.44156				
ZNF667	-0.24206	-1.4764	-4.86973	0.0609618	-0.632545	0.119487	-0.329151
ZNF667-AS1	-0.759723	-1.80472					
ZNF668			-0.633374				
ZNF669	1.2179	2.32187	2.1956				
ZNF670	-0.532353	1.35998	0.773588	0.0586871	0.651167	-0.679018	0.542885
ZNF671	4.13355	4.72864	4.74533	0.268192	0.269081	3.66923	4.12622
ZNF672	-1.40572	-0.114441	1.24142				
ZNF673			-5.48001				
ZNF674	-0.595593	-0.900606	-0.409152				
ZNF674-AS1	0.748792	0.621327		-0.170954	-0.222122	1.35619	1.67377
ZNF675			-4.01957				
ZNF676	-1.70599	-1.97411	-4.4204				
ZNF677	-1.26235	-1.90225	-1.32878	0.1053	-0.448565	-0.238209	-0.554079
ZNF678	3.10882	0.197712	-0.216805				
ZNF680	2.65967	0.750711	-0.51096	-0.112142	0.604129	1.04737	1.68358
ZNF681	6.73813	4.31539	0.886356				
ZNF682	1.12553	0.487946	0.553467				
ZNF683			2.88656				
ZNF684	0.853121	1.99663	4.87584	-0.122768	0.573486	0.305572	0.980257
ZNF687			-3.58084				
ZNF688			-4.53222				
ZNF689			1.85765				
ZNF69			-3.48403				
ZNF691			4.88946				
ZNF692	0.679791	1.83791	-1.05955	-0.0239659	0.633761	0.254273	1.04294
ZNF695			2.04837				
ZNF696			0.389497				
ZNF697	2.15732	2.48157	5.4608	0.453054	0.097298	1.8489	1.83192
ZNF699			-0.632563				
ZNF7	3.86181	4.31219	3.70134				
ZNF70	0.236832	1.64061	-2.18319				
ZNF700			2.07026				
ZNF701			0.594398				
ZNF702P	3.01443	2.27393	1.75546				
ZNF703			-2.53935				
ZNF704	3.83796	3.13129	-1.19869	0.271804	-0.350633	6.31218	5.67659
ZNF705A			-1.14396				
ZNF705C			1.407				
ZNF706	2.05351	-0.678232	-4.60538	0.160615	-0.915028	2.97673	0.579775
ZNF707	0.34371	1.86556	-2.16458				
ZNF708			-1.8242				
ZNF709	0.848221	1.9124	-0.135371				
ZNF71			-4.43892				
ZNF710	0.126269	-1.57234	-3.41932				
ZNF710-AS1	0.329324	-1.01187		0.00798675	-0.638103	3.06527	1.68378
ZNF711	-0.754948	0.681553	-2.95439	0.373112	0.317915	2.1125	2.97801
ZNF713			0.861201				
ZNF714	-3.4209	-0.439772	-4.98907	-0.343886	0.564036	-2.41224	-1.28772
ZNF717	-3.89389	-2.55265	-1.04445				
ZNF718	0.452536	2.11946	-1.33249	0.0522003	0.718592	1.98361	2.75319
ZNF720	0.533282	-0.567087	-0.616614	0.118396	-0.17629	-0.954858	-1.61015
ZNF721	5.26841	2.04131	0.683724				
ZNF726			-3.60041				
ZNF727	2.22479	-0.42032	0.608701	0.0092587	-0.722125	-0.851007	-1.53032
ZNF728	-1.7623	-2.47112	-3.73852				
ZNF730			-3.50294				
ZNF731P			2.64423				
ZNF732			0.240681				
ZNF735			-2.09533				
ZNF736	1.4859	2.85628					
ZNF737			-0.746323				
ZNF738			-1.5073				
ZNF74	-0.410711	0.532608	-2.1347	0.139722	-0.0430209	0.613543	0.939319
ZNF740	-1.67862	0.826563	1.39838				
ZNF746			-1.6792				
ZNF747			3.7591				
ZNF749			-2.6701				
ZNF750			-3.2238				
ZNF75A	-1.03953	0.311003	-2.78071				
ZNF75D			0.313993				
ZNF76	0.387653	1.79259	-0.641347				
ZNF761			-0.118856				
ZNF763			-3.00257				
ZNF764	-2.706	-0.817697	-5.09657				
ZNF765			-0.259878				
ZNF766			-2.99212				
ZNF767P	-0.000726705	1.48859	-1.26971	-0.0693944	0.407595	0.546235	1.30114
ZNF768	-4.10784	-1.89075	-4.75557				
ZNF77	2.44946	3.2996	2.89461	0.23866	0.346796	2.99468	3.72758
ZNF770			2.47065				
ZNF771	-1.98399	-0.886093	-1.94014				
ZNF772	1.35602	2.39455	1.02632				
ZNF773	-1.3946	0.338065	-4.01991	-0.000813893	0.288355	-0.753669	-0.179147
ZNF774	-0.356873	1.41209	1.55136				
ZNF775			-0.481058				
ZNF776	-1.12602	0.719438	-0.681263				
ZNF777	1.63985	3.0221	0.03225				
ZNF778	-0.253396	0.857357	0.286736				
ZNF780A	6.31635	5.5468	3.28864				
ZNF780B	-1.066	0.56502	-2.09077				
ZNF781	0.232686	1.4238	-0.891335	0.111925	0.359878	4.31348	5.12255
ZNF782	0.684423	2.0324	0.83873	0.107951	0.561823	3.72296	4.70107
ZNF783	1.52873	2.75504		0.164142	0.26231	2.50169	3.03892
ZNF784			-2.17635				
ZNF785	-0.0223002	1.33006	-3.89586				
ZNF786	2.27893	3.25872	-1.09151	0.440071	0.475732	3.63837	4.33422
ZNF787	0.134183	1.54775	2.15614	0.169884	0.626959	1.47397	2.31541
ZNF788			-0.979671				
ZNF789	0.311618	1.23977	-4.04303	0.0120011	0.000227289	2.00217	2.62686
ZNF79	2.9758	4.22164	6.6806				
ZNF790	0.183626	-0.862442	-0.991953	0.0612495	-0.578499	0.588827	-0.139163
ZNF791	2.29815	2.97641	-0.255461				
ZNF792			-3.12383				
ZNF793			1.25181				
ZNF799	-0.210645	0.942136	1.0654				
ZNF8	1.99902	3.386	1.18138	0.218827	0.408768	4.01339	4.56134
ZNF80			-2.07089				
ZNF800	-0.894633	0.687263	-0.48596				
ZNF804A			1.31997				
ZNF804B			2.4992				
ZNF805			-2.2806				
ZNF808			0.666605				
ZNF81	-0.950177	0.737749	-2.25201				
ZNF812P			-0.282969				
ZNF813			-0.975254				
ZNF814			-4.48972				
ZNF816	-0.711963	-1.62263	-0.313691				
ZNF818P	0.35169	-1.41102		-0.190596	-0.579282	-1.3821	-1.85365
ZNF821	0.710543	1.43897	2.18872				
ZNF823	0.529639	1.23433	2.20491	-0.10295	0.410899	-0.229258	-0.0895024
ZNF826P	4.81986	1.81316	0.399972				
ZNF827	0.667715	-0.860748	2.36258	0.0371022	-0.591025	1.58204	0.646082
ZNF829	5.45776	3.51862	-1.32214				
ZNF83	-1.43343	-2.58992	-2.95744	-0.201755	-0.57139	-3.78638	-4.09857
ZNF830	-1.41683	0.456357	0.660163	0.197113	0.350659	-1.14037	-0.724888
ZNF831	2.83423	-0.709486	-3.95346	0.110182	-0.910936	1.26971	-0.360037
ZNF833P			-3.91863				
ZNF835			1.01384				
ZNF836			-1.67476				
ZNF837			-5.01117				
ZNF839			-1.98797				
ZNF84	0.594708	0.710467	0.942766	0.124853	-0.263611	3.18482	3.34755
ZNF840			-2.66407				
ZNF841	0.289703	1.46511	-1.8121				
ZNF843			-1.67101				
ZNF844			-4.97891				
ZNF845	1.95515	0.261716	0.829715	0.173567	-0.477611	-0.109221	-0.825223
ZNF846	-0.417491	-1.48029	-5.67168				
ZNF85			-3.46144				
ZNF853	-5.09589	-2.03474		-0.342858	0.529618	-2.46923	-1.45753
ZNF860			0.173143				
ZNF862			-5.26753				
ZNF876P	-0.141876	-0.686752	-3.07733	0.142666	-0.324055	-0.0334479	-0.132965
ZNF878			1.44162				
ZNF879	3.73152	4.29907	5.35026				
ZNF880	-2.00433	-3.96146		-0.153457	-0.640329	-2.25945	-2.66747
ZNF883	-3.48119	-4.65155	-4.17148	-0.146125	-0.713968	-5.65223	-5.95598
ZNF90			1.31164				
ZNF91	-2.74102	-2.37863	-0.734949	-0.0890522	-0.203728	-0.643251	-0.744562
ZNF92	-0.160742	1.59499	-2.79338	-0.132787	0.505785	2.21891	2.86285
ZNF93	-1.75571	-2.51946					
ZNF962P			-1.45631				
ZNF99			-1.31859				
ZNFX1	0.0633183	1.77449	2.88288	0.0650796	0.502783	3.71812	4.22882
ZNHIT1			3.04597				
ZNHIT2			-2.37269				
ZNHIT3			-0.225991				
ZNHIT6	1.74275	2.5152	-0.646325				
ZNRD1	-0.0509914	1.61371	-0.06267				
ZNRF1	0.668903	-1.13642	-0.647371	0.262394	-0.804854	0.42023	-0.573806
ZNRF2	-0.479076	-1.23744	-2.64406				
ZNRF2P1	-1.17121	0.275959	-5.47365	-0.226174	0.0101365	0.434618	1.15155
ZNRF3	-1.25622	-1.19295	-3.93088				
ZNRF4			-2.89593				
ZP1	-1.49684	-0.229949	-0.686484				
ZP2			-0.165054				
ZP3	2.94387	3.57119	0.989672				
ZP4			-0.143825				
ZPBP			-3.20457				
ZPBP2			1.0636				
ZPLD1			-2.92459				
ZPR1	2.75532	-0.644445	1.73765	0.0771815	-0.72911	-0.182806	-1.3337
ZRANB1	1.59364	2.39377	3.42089	0.306932	0.697776	2.05441	2.61326
ZRANB2	0.907888	1.86172	-0.978211	0.138372	0.112101	0.826973	1.27569
ZRANB3	1.22189	-0.294943	0.333008	0.269104	-0.776743	1.83948	0.304236
ZRSR2			-4.50574				
ZSCAN1			0.52455				
ZSCAN10			-0.472033				
ZSCAN12			5.43952				
ZSCAN12P1			-2.57693				
ZSCAN16			-0.816549				
ZSCAN18	3.25069	-0.151348	-3.64599	0.170834	-0.904448	3.7787	0.924498
ZSCAN2	-1.32014	-2.99284	-0.97324				
ZSCAN20	1.32806	1.96639	5.4885				
ZSCAN21	0.877571	1.99313	4.17167				
ZSCAN22			3.70858				
ZSCAN23	-1.37802	-0.0235023	-1.94656				
ZSCAN25	2.10402	3.58516	4.68156				
ZSCAN26	1.66377	2.68282	2.25698	0.293604	0.241729	3.57826	4.19527
ZSCAN29	1.2021	2.18527	7.73538	0.0707191	0.630542	-0.165886	0.495685
ZSCAN30			-0.550431				
ZSCAN31	1.7329	2.74365	2.86491	0.112027	0.509072	1.91824	2.88244
ZSCAN32	-2.6487	-0.851122	-1.51981				
ZSCAN4			-1.87446				
ZSCAN5A	-0.422568	-1.52502	-0.809203	-0.22307	-0.463326	-2.51453	-3.5998
ZSCAN5B			1.06968				
ZSCAN9	-0.144535	2.17987	3.50722	0.0848264	0.796498	3.12816	3.69899
ZSWIM1			2.26537				
ZSWIM2			-3.84212				
ZSWIM3	1.00215	2.13037	4.55723				
ZSWIM4	0.253672	1.88022	1.24133	0.0283108	0.811567	1.25345	1.78331
ZSWIM5	-1.3571	0.257346	-3.62859				
ZSWIM6			1.84191				
ZSWIM7	0.950881	-0.82291	1.67663	-0.0244824	-0.445893	-1.90635	-2.59949
ZSWIM8			-4.551				
ZSWIM9	1.60413	-0.499111	-1.98378	-0.0518926	-0.520761	1.38515	0.388835
ZUFSP			1.32077				
ZW10	0.604142	1.40074	0.321942				
ZWILCH	1.07083	0.510776	-1.78962				
ZWINT	-1.61134	-2.91355	-1.38721	-0.0183918	-0.644548	-2.68037	-3.02581
ZXDA			-0.244875				
ZXDB			0.334202				
ZXDC	-1.42842	-1.78954	-5.21626				
ZYG11A			-2.52596				
ZYG11B			0.686135				
ZYX	0.290782	1.69047	2.73607	0.0831664	0.886896	-0.133384	0.8317
ZZEF1	-3.29575	0.456489	-3.88535	-0.221542	0.680889	-2.49809	-0.686748
ZZZ3	1.36443	0.238456	-0.249981	-0.0380397	-0.567331	2.09501	1.64536
na			-1.76871				
