gene	DK_PLS2_matchedX	DK_PLS1_dCTonly_matchedX
A1BG	0.208026	-1.66574
A1BG-AS1	3.91345	2.83847
AAAS	1.38297	2.51873
AAED1	0.719757	-1.07582
AAGAB	6.30678	3.8211
AAK1	0.929832	1.98415
AARD	2.94541	3.47896
AARS	2.14158	2.61513
AASDH	-2.90524	-1.46377
AATF	0.511899	0.332614
ABCA1	-2.82767	-3.19379
ABCA5	-0.703044	0.882336
ABCA6	-2.25486	0.259016
ABCA7	-0.282444	0.931775
ABCA9	-3.64405	-1.11663
ABCB10	-0.0677921	1.47631
ABCB6	3.70038	1.90581
ABCB7	-2.80201	0.0991547
ABCC1	-2.55247	0.618404
ABCC12	6.38012	3.59393
ABCC4	-0.362034	-1.39999
ABCC5	-0.131059	1.06281
ABCC6	0.579626	-1.21408
ABCC8	2.51357	2.55481
ABCC9	-0.715776	-0.844337
ABCD2	-4.60858	-0.385285
ABCD4	-1.61527	0.298274
ABCG1	-1.96973	-1.37631
ABCG2	-4.09079	-1.46544
ABCG4	0.47265	1.56146
ABCG5	3.00113	2.20956
ABHD1	-1.35933	-2.25629
ABHD11	0.364726	1.87328
ABHD12	-1.34406	-0.0418936
ABHD12B	3.36909	2.73303
ABHD13	1.29496	2.47098
ABHD17A	-2.27986	0.373819
ABHD17B	-2.9194	-0.0568281
ABHD17C	1.27553	-0.223963
ABHD3	-3.22406	-1.44568
ABHD6	-1.06086	0.225247
ABI1	2.15363	-0.791459
ABI2	1.75867	-0.294058
ABL2	3.76036	4.60026
ABLIM1	-0.896809	-0.809641
ABLIM2	0.767538	-1.15814
ABLIM3	3.95836	-0.00624821
ABR	-0.770944	-1.23432
ABRACL	2.06143	3.59694
ABTB1	3.53613	4.04662
ABTB2	-5.25585	-1.10384
ACADL	0.665268	-1.02531
ACADS	1.29184	-0.104971
ACADSB	-0.248913	1.2044
ACAN	-2.20626	0.192831
ACAP3	-0.599452	-0.908529
ACAT2	1.80321	0.63952
ACER3	0.672764	1.55102
ACHE	1.80384	1.59848
ACKR1	-0.172775	-0.794846
ACKR3	0.861098	-0.959709
ACO1	-4.18073	-3.05047
ACO2	-0.141908	-1.13645
ACOT13	-0.734077	-1.60874
ACOT2	1.1629	-1.20581
ACOT8	0.76778	-0.954956
ACOX2	-1.03983	-1.792
ACOX3	3.12042	0.991243
ACP1	0.756283	-1.17379
ACSF2	-1.16923	-1.9422
ACSF3	3.34826	3.46989
ACSL1	1.18687	1.63229
ACSL3	4.0253	4.1825
ACSL4	3.93873	0.68684
ACSL6	-2.86695	0.210477
ACSS2	0.799855	1.51046
ACSS3	-0.132722	-1.11869
ACTA1	3.1227	2.2913
ACTB	0.165199	-1.57502
ACTC1	3.94396	1.5285
ACTG1	4.0953	-0.138542
ACTG1P4	-0.400427	-1.49498
ACTL6A	-3.33933	-2.7779
ACTN1	2.1716	1.56316
ACTN2	5.35834	4.07401
ACTN4	1.9597	2.38163
ACTR10	3.23802	-0.078885
ACTR1A	2.32394	0.338094
ACTR1B	1.05534	2.10206
ACTR3	-0.544493	-1.72682
ACTR3B	3.39919	-0.465007
ACTR3C	-2.33268	-3.31297
ACTR5	0.505398	1.2576
ACVR1	-4.01124	-0.783159
ACVR1C	-0.929376	0.979762
ACVR2A	0.640599	-0.562374
ACVR2B	1.62751	0.0789503
ACVRL1	-0.348862	0.637127
ACY3	-2.04867	-2.5754
ACYP2	-0.999377	0.437112
ADAD2	-1.18498	-1.47135
ADAL	-2.07295	-1.47017
ADAM15	-5.46615	-1.42937
ADAM17	1.23422	1.52845
ADAM20P1	3.98227	4.30602
ADAM22	1.64532	2.2576
ADAM23	0.576445	1.59543
ADAM28	-2.70289	-3.07779
ADAM8	1.11094	1.97036
ADAM9	-0.841502	1.13913
ADAMTS13	-0.522439	1.28862
ADAMTS19	4.13505	0.818753
ADAMTS2	1.17096	1.17397
ADAMTS3	4.90479	1.16219
ADAMTS4	-0.615644	0.134873
ADAMTS5	-0.139646	1.39575
ADAMTS8	3.20385	0.223168
ADAMTS9	-1.49247	-2.81222
ADAMTSL1	-1.80006	-1.15805
ADAMTSL2	1.14927	0.535846
ADAMTSL3	-0.342004	-0.715443
ADAP2	-4.25016	-3.36516
ADARB2-AS1	-0.831619	-0.303059
ADCY1	-0.56252	0.442903
ADCY2	3.84416	2.06532
ADCY3	0.0349323	1.29293
ADCY4	-0.707558	0.314448
ADCY7	4.47066	0.845375
ADCY8	-4.5049	-2.81184
ADCY9	-1.25896	0.578971
ADCYAP1	6.11118	3.43535
ADCYAP1R1	-1.50241	-2.0041
ADD1	-0.883391	1.13674
ADGRA1	1.25479	2.41074
ADGRA2	2.19316	2.71539
ADGRA3	-1.17683	-1.90946
ADGRB3	3.55691	0.666574
ADGRE5	0.0268153	0.585171
ADGRF5	4.26578	2.43688
ADGRG1	-0.684023	-1.68532
ADGRG6	-0.782762	-1.79847
ADGRL2	0.681658	1.4677
ADGRL3	1.59069	-0.861284
ADGRL4	-0.832721	0.549453
ADGRV1	-1.23952	-2.055
ADH5	0.542417	-0.940607
ADI1	-2.43923	-2.69073
ADIPOR1	-1.32303	-2.41693
ADIRF	-3.09178	-3.18829
ADK	-0.175274	-1.60352
ADM	-5.50743	-2.06424
ADM5	1.89063	-0.529397
ADNP	4.19466	2.94775
ADNP2	2.37558	3.23121
ADO	2.53504	3.09746
ADORA2B	-0.236715	-1.08317
ADPRHL1	3.26065	3.80536
ADPRHL2	2.77732	1.63366
ADRA1A	0.0424454	0.0625423
ADRA1B	2.40005	1.14018
ADRA1D	3.10133	3.09997
ADRA2A	0.0936996	1.06294
ADRA2C	1.56952	-0.997017
ADRB1	1.90278	2.89835
ADRB2	-2.10052	-2.40956
ADSSL1	-0.927185	0.816012
ADTRP	4.89847	1.55907
AEBP1	0.374556	0.179321
AEBP2	1.58053	3.33165
AFAP1L1	1.80706	2.29522
AFAP1L2	2.89015	3.45526
AFDN	-0.897418	-1.85871
AFDN-DT	-2.69001	-1.78824
AFF1	-3.14178	-0.272734
AFF2	-1.76402	-2.14701
AFTPH	2.36551	2.73044
AGA	-0.89406	-2.33622
AGAP1	-1.53205	-1.75835
AGAP2	-0.116474	-1.32397
AGAP3	-0.014266	-1.45489
AGFG2	-1.01776	-1.71185
AGK	1.35776	1.73524
AGMAT	1.18886	0.723748
AGO1	0.329565	2.06581
AGO3	-2.17042	0.161127
AGO4	-0.0837284	0.723383
AGPAT2	3.54614	1.27721
AGPAT3	-0.0989207	0.859397
AHCY	0.309164	-0.967673
AHI1	-0.489215	1.47521
AHNAK	-1.64648	-2.23857
AHNAK2	2.0313	1.71628
AHR	0.721545	-0.35642
AHRR	2.8119	-0.350185
AHSG	3.68595	2.70454
AIF1	-2.11357	-2.5042
AIFM2	2.91585	-0.0831952
AIFM3	-3.19587	-0.977755
AIG1	4.32954	2.91105
AIM2	-3.28789	-2.31936
AIP	1.0996	2.14178
AIRE	0.96567	0.910694
AJAP1	2.08253	1.77991
AK1	-0.291048	0.660399
AK2	-1.47558	-0.224667
AK4	-0.100572	-1.58116
AK5	3.3669	0.0555402
AK9	1.02416	2.10654
AKAIN1	-0.0284347	1.04696
AKAP1	-1.63656	0.061786
AKAP10	2.38001	2.98689
AKAP12	1.51918	1.84212
AKAP13	-0.305092	-0.0579061
AKAP14	-3.11925	-3.56227
AKAP17A	-0.720366	0.417308
AKAP5	0.670318	-1.0223
AKAP7	-1.85741	-1.10942
AKAP8	3.09244	1.45124
AKIRIN2	4.73128	-0.288176
AKR1C1	-0.767997	-1.68789
AKR1C3	-0.838106	-2.06881
AKR1C4	-0.801341	-1.64909
AKR7A2	-1.06492	-2.24154
AKR7A2P1	-0.826713	-2.14272
AKR7A3	-0.749819	-2.08146
AKR7L	-0.772773	-2.16459
AKT1S1	-3.14535	-0.142465
AKT3	0.328707	1.55399
ALCAM	-1.538	-2.60057
ALDH1A1	-1.08342	0.564316
ALDH1A3	0.983251	2.735
ALDH1B1	0.543016	1.25435
ALDH1L1	-1.21235	-1.90988
ALDH2	-0.790784	-1.72723
ALDH3A2	3.26358	0.772391
ALDH4A1	-1.07553	-1.85885
ALDH6A1	-1.02767	-1.81486
ALDH7A1	-2.77018	-3.07036
ALDH9A1	-4.00545	-3.24106
ALDOC	-0.316054	0.064738
ALG10	0.95979	1.44423
ALG10B	1.28862	2.27294
ALG2	-1.40598	0.676622
ALG3	-0.0651079	1.08825
ALG5	-0.976368	-2.26689
ALG8	-1.53867	-3.44723
ALK	1.18814	-0.411898
ALKAL2	-3.56623	-2.75901
ALKBH2	1.48223	2.51025
ALKBH7	0.945973	-0.128079
ALKBH8	0.591814	1.86817
ALOX5	-4.38503	-3.57039
ALOX5AP	-2.55287	-3.0203
ALPK1	-5.06676	-3.83572
ALPL	2.35594	0.429325
ALS2	1.59339	2.58666
ALS2CL	7.11357	4.73056
ALS2CR12	-3.2103	-2.49527
ALX3	-4.18362	-0.805246
ALYREF	1.63246	-0.914001
AMD1	-2.59371	0.105527
AMDHD1	2.29048	2.235
AMER1	2.09128	2.92864
AMH	1.22394	2.24754
AMIGO2	4.18906	0.174646
AMMECR1	-0.803292	1.33515
AMN1	2.17061	-0.499828
AMPD3	-0.523096	0.551038
AMT	-0.0169255	1.30294
AMY2A	-0.0423041	0.570512
AMZ1	-2.91203	-4.68423
AMZ2P1	1.09608	-0.825706
ANAPC1	1.44915	2.43496
ANAPC10	1.77121	3.18307
ANAPC11	0.583237	-1.02881
ANAPC4	-0.547577	0.404133
ANG	-0.780035	-1.52674
ANGEL1	0.347246	-0.200749
ANGEL2	-0.345941	0.646116
ANGPT1	-0.938677	-1.13078
ANGPTL2	-3.55859	-0.396115
ANGPTL4	-1.34659	-1.97438
ANGPTL8	5.34475	5.25284
ANK1	-0.489547	1.31434
ANK3	1.01196	-0.891045
ANKDD1A	-0.825814	-1.50295
ANKH	0.576765	1.70748
ANKLE2	3.50387	0.892424
ANKRA2	-0.60497	-1.33396
ANKRD13A	-6.67228	-0.966342
ANKRD16	-2.38154	-0.0772248
ANKRD18A	-6.69346	-2.82598
ANKRD18B	-1.94478	-1.00909
ANKRD18CP	-4.56248	-2.72317
ANKRD18DP	-0.236343	0.913554
ANKRD19P	-0.397434	-1.90913
ANKRD2	1.68948	1.92345
ANKRD20A11P	-2.67959	-2.66375
ANKRD20A12P	-3.41302	-1.24203
ANKRD20A4-ANKRD20A20P	-3.00564	-0.102266
ANKRD20A5P	-1.32362	-1.82151
ANKRD20A8P	0.0985463	1.64231
ANKRD20A9P	-1.9917	-0.0282597
ANKRD24	5.88119	5.57764
ANKRD26	-0.541814	0.780988
ANKRD27	2.89343	3.00497
ANKRD28	5.14664	3.15446
ANKRD29	-1.62971	0.727701
ANKRD30B	6.31484	2.81368
ANKRD30BL	2.71046	0.429522
ANKRD30BP2	1.64813	-0.00319681
ANKRD33B	1.77413	2.59285
ANKRD34C	2.75456	2.98177
ANKRD36BP2	-1.78746	-1.7646
ANKRD37	0.506127	1.59328
ANKRD42	-1.00239	-0.748563
ANKRD45	-1.7238	-1.24113
ANKRD49	-0.0824926	0.86249
ANKRD50	3.21681	-0.680912
ANKRD54	-2.33272	-2.85689
ANKRD55	5.94651	0.961737
ANKRD6	2.2701	-0.650066
ANKRD62	-2.41677	-0.0772331
ANKRD65	0.518026	1.44762
ANKRD9	-1.82549	-0.29846
ANKS1A	-1.43051	0.694566
ANKS1B	-0.273077	0.410919
ANKS3	1.22136	2.39545
ANKS6	0.197876	1.71193
ANKZF1	1.15889	2.18506
ANLN	-1.15378	-0.264807
ANO10	0.50302	-0.16418
ANO2	0.428512	-1.25622
ANO3	3.81489	-0.138853
ANO4	-0.602656	0.0437699
ANO5	2.65754	3.13817
ANO7	1.65117	2.16971
ANOS1	0.402323	-0.773429
ANP32A	-3.08561	-1.13869
ANP32E	-0.656326	-1.50967
ANTXR1	-1.5038	0.712441
ANTXR2	-3.08404	-1.03668
ANXA1	0.0545823	-0.188114
ANXA11	0.0653432	-1.39047
ANXA2	-4.25113	-4.40272
ANXA2P3	4.03572	3.97637
ANXA3	0.146552	0.699939
ANXA4	-0.40113	-1.15014
ANXA5	-4.82943	-3.12416
ANXA6	0.397576	0.925191
AP1G2	2.1319	2.85752
AP1S1	1.3996	-0.645317
AP1S2	-0.792581	-0.620507
AP2A2	2.99425	0.736002
AP2B1	0.456027	-1.49664
AP2S1	0.497684	-0.952957
AP3B2	4.48809	2.58141
AP3M2	4.59706	1.17441
AP3S1	1.2917	-1.33561
AP4E1	0.865593	1.77989
AP5M1	-1.61765	0.541919
AP5S1	-1.2367	-2.10916
APAF1	0.00485576	-1.18526
APBA1	-0.26134	-1.16477
APBB1IP	-4.18299	-3.36286
APBB2	0.203312	0.559489
APCDD1	-1.80517	-2.41086
APEH	3.41984	1.53825
APEX2	2.61198	0.918224
API5	3.21996	3.77561
APIP	-2.31858	0.189218
APLN	-3.2637	-3.62379
APLNR	-2.47777	-3.05192
APMAP	5.29329	1.20651
APOC1	-2.62129	-3.21901
APOE	-2.30788	-2.7537
APOL1	1.0032	1.65817
APOL2	1.32325	2.17115
APOLD1	-1.16668	-0.0965544
APOM	-0.677406	-1.71213
APOPT1	-2.25724	-2.76488
APPBP2	2.32804	3.09029
APRT	0.631648	-0.629124
APTR	-0.906407	-1.96269
AQP1	0.219468	-0.17176
AQP4	-0.594552	-1.58542
AQP5	-4.25285	-5.42476
AQP9	6.44717	2.74582
AR	-0.0463313	1.13483
ARAP2	2.97413	3.40309
ARAP3	2.42668	3.33029
ARC	1.1577	2.16863
ARF3	4.67558	1.36753
ARFGAP3	0.912689	-0.743013
ARFGEF1	-1.64098	0.157404
ARFGEF2	1.04037	1.87179
ARFGEF3	1.16574	-1.34998
ARG2	1.30284	2.08694
ARHGAP10	0.217064	0.768971
ARHGAP12	4.40233	0.0159497
ARHGAP18	-2.75143	-3.12475
ARHGAP22	-2.95506	-2.54416
ARHGAP25	2.36844	2.42311
ARHGAP26	3.47117	3.66944
ARHGAP27	-5.50528	-2.29571
ARHGAP27P1	0.0263733	1.28969
ARHGAP27P2	2.55711	4.08562
ARHGAP28	4.90483	0.574792
ARHGAP29	4.48283	3.43333
ARHGAP31	-1.37354	-2.01045
ARHGAP32	0.219728	1.43271
ARHGAP33	1.47273	-0.941355
ARHGAP36	-1.40857	-2.42332
ARHGAP39	-0.302294	1.52782
ARHGAP4	-0.339464	-1.54637
ARHGAP42	0.779872	-0.117705
ARHGAP44	0.0626406	1.12172
ARHGAP45	-1.78978	-2.57858
ARHGAP5-AS1	-0.431191	-1.45634
ARHGAP6	-2.79217	-3.51795
ARHGAP9	0.231287	1.34598
ARHGDIA	1.45322	-0.764601
ARHGDIB	0.693575	-1.01039
ARHGDIG	4.89857	1.23136
ARHGEF10	-0.645308	0.279758
ARHGEF10L	-2.9193	-1.17039
ARHGEF11	-1.71074	0.621914
ARHGEF12	2.35239	3.06162
ARHGEF16	0.844416	1.68813
ARHGEF17	1.64646	2.19756
ARHGEF18	0.386363	1.77953
ARHGEF2	1.56046	2.10832
ARHGEF26-AS1	-1.92483	-2.32888
ARHGEF28	1.77118	-0.720909
ARHGEF4	0.864661	0.278689
ARHGEF40	-3.05572	-3.26394
ARHGEF6	-2.68234	-2.87766
ARHGEF7	-5.95769	0.135279
ARID2	3.00893	3.05884
ARID3B	-4.18723	-1.40432
ARID5A	7.42224	4.76139
ARID5B	0.0749314	1.67143
ARIH2	-4.43186	0.633203
ARL10	0.620558	-0.878472
ARL13B	-3.3745	-0.471112
ARL15	2.73483	0.133347
ARL16	-0.815182	-1.89708
ARL17A	-0.650603	0.159081
ARL2BP	-0.281776	1.38024
ARL3	0.199865	-1.41875
ARL4A	-0.308242	-0.519761
ARL4C	4.63451	5.80062
ARL4D	1.985	2.15061
ARL5A	-5.42599	-4.22654
ARL5B	2.78405	3.26603
ARL6	1.09127	1.49227
ARL6IP5	1.85562	2.368
ARL9	-1.10012	-1.31461
ARMC10	2.55221	-0.791031
ARMC2	0.403367	-0.930967
ARMC8	3.42863	3.64458
ARMC9	-0.438689	0.89183
ARMCX1	6.4351	0.278994
ARMCX2	2.37261	-0.0643947
ARMCX4	0.855175	2.24291
ARMCX6	-0.675756	-0.513135
ARMT1	0.570621	1.38365
ARNT2	3.10662	-0.139205
ARNTL	2.38808	2.77476
ARNTL2	1.15191	0.111394
ARPC2	1.51722	-0.551108
ARPC3	0.811593	-1.1776
ARPC5	-1.58954	-3.0063
ARPP19	4.2972	1.03835
ARPP21	0.336345	1.76935
ARRB1	-0.630288	-1.62069
ARRB2	0.778623	-1.08492
ARRDC1-AS1	-1.85521	-0.819013
ARSG	2.03211	2.79063
ARSJ	4.87028	2.85665
ART3	1.40953	1.88209
ARVCF	-0.149515	-0.602918
ASAH1	-2.4679	-3.73006
ASAH2	-2.16475	0.0870993
ASAH2B	-2.3502	0.302692
ASAP2	1.01684	1.88008
ASAP3	-2.17606	-2.71567
ASB1	2.25374	-0.797491
ASB13	0.502988	1.68038
ASB2	6.41169	4.89622
ASB5	0.10057	-0.607995
ASB6	4.07872	2.75595
ASCL2	0.165254	-1.55216
ASGR1	3.14982	3.68875
ASGR2	2.82754	2.64873
ASH1L	-0.394817	0.964718
ASH1L-AS1	-0.676689	-1.74577
ASH2L	5.50452	1.24729
ASIC2	1.76511	-0.769241
ASIC3	0.631406	1.32127
ASIC4	1.56793	0.686987
ASL	3.20325	0.462629
ASMTL	3.27422	1.96238
ASMTL-AS1	1.42914	1.33831
ASNSD1	2.96719	3.75676
ASNSP1	1.26959	1.39494
ASPDH	-0.222263	1.19014
ASPHD2	0.280784	-0.674334
ASPRV1	-1.71479	0.0539575
ASPSCR1	-0.833269	1.05907
ASS1	2.42094	0.120065
ASTE1	1.75519	2.4713
ASTN1	0.490612	-1.22442
ASTN2	-1.04351	0.781489
ASXL2	0.932084	-0.26745
ASXL3	3.67737	0.513278
ATAD2	0.148585	1.62261
ATAD2B	-1.38225	0.142317
ATE1	0.500247	-0.947519
ATF4	1.42515	2.51545
ATF5	-3.99574	-4.2332
ATF6B	0.412751	1.57124
ATF7IP2	1.27944	0.594545
ATG16L1	1.33522	2.02955
ATG4D	0.598658	1.60877
ATG7	6.20321	3.66338
ATL1	3.14906	1.84219
ATOH7	2.21566	-0.98182
ATOX1	1.14559	-0.893378
ATP10A	-0.407341	0.610591
ATP11A	-2.10306	0.316208
ATP13A3	-2.58149	0.355936
ATP1A1	1.39472	1.89755
ATP1A3	0.854161	1.47593
ATP1A4	0.87221	1.66268
ATP1B1	1.0915	1.7739
ATP1B3	1.09416	1.71314
ATP2A2	1.90322	2.32707
ATP2B1	3.66902	3.61599
ATP2B2	-1.19436	1.15842
ATP2B3	-0.472756	1.14375
ATP2B4	3.54919	-0.705121
ATP2C1	1.58855	-0.458378
ATP2C2	-1.2797	-1.90187
ATP4A	4.0872	3.71728
ATP5F1A	0.355025	1.37459
ATP5F1B	1.2975	1.86975
ATP5F1D	0.889639	1.1626
ATP5ME	-1.82788	-2.58207
ATP6AP1	3.65574	2.31982
ATP6V0A2	0.246066	1.81736
ATP6V0A4	-3.10265	-3.60979
ATP6V0D1	2.19525	1.30446
ATP6V0E1	-3.64047	-4.08394
ATP6V0E2	-0.261242	-1.27125
ATP6V0E2-AS1	-1.23388	-2.09297
ATP6V1A	2.7134	1.89532
ATP6V1C1	5.02492	0.281046
ATP6V1C2	1.42306	1.44425
ATP6V1E1	1.52713	-0.0148377
ATP6V1E2	-1.98551	-0.666519
ATP6V1H	0.541352	-1.27211
ATP7B	-1.14952	-2.17092
ATP8A1	1.32053	0.536435
ATP8A2	0.599282	-1.48104
ATP8B1	1.89929	2.22053
ATP8B2	-1.47904	0.884132
ATP9A	4.96427	1.25386
ATPAF1	-4.05057	-3.02082
ATPAF2	-4.66648	0.253321
ATRNL1	2.7629	2.8792
ATRX	1.18508	1.03171
ATXN1	4.42184	5.26449
ATXN10	-0.392464	-1.79116
ATXN2L	0.733534	2.05014
ATXN3	0.788478	1.94991
ATXN7	-0.595495	0.969563
ATXN7L2	0.812834	1.87633
ATXN7L3	3.24443	3.21406
AUNIP	-1.33065	-1.54321
AUTS2	-1.90141	-0.871759
AVEN	0.184853	0.0246261
AVIL	-0.772986	-0.371597
AVL9	4.05261	0.627828
AVPI1	4.2079	4.45323
AXIN2	1.81179	1.64898
AZGP1	-2.33212	-0.0859794
AZIN1	0.472147	-1.06889
AZIN1-AS1	0.693513	-0.924629
B2M	-6.27047	-4.18325
B3GALNT1	3.01509	-0.203026
B3GALNT2	-1.99206	0.527324
B3GALT2	1.29328	0.864334
B3GALT5-AS1	-1.29458	-2.22137
B3GALT6	3.36508	-0.787872
B3GAT1	0.591655	-0.835318
B3GAT2	-1.63579	-1.71178
B3GLCT	-2.78023	-1.37483
B3GNT2	2.69525	0.30911
B3GNT4	2.90764	0.0206109
B3GNT5	-3.94835	-3.72587
B3GNT9	-3.51121	-1.27794
B4GALT1	-2.50145	-2.89772
B4GALT2	2.89474	-0.178922
B4GALT3	3.18377	0.117665
B4GALT5	5.19404	0.802429
B4GALT6	-1.10495	0.891529
B4GAT1	4.51943	1.13253
B9D1	1.89869	-1.11901
BAALC	3.41537	0.996302
BAAT	3.38277	3.42071
BABAM2	3.55595	-0.266795
BACE1	0.36259	0.632929
BACE2	-3.01731	-1.11725
BACH2	0.720566	1.97451
BAD	4.33684	1.92666
BAG2	1.86179	0.00295434
BAG3	-4.18189	-4.55358
BAG5	5.28161	4.45264
BAHCC1	0.98534	1.98446
BAIAP2	2.75496	-0.357716
BAIAP2L2	4.1436	2.8469
BAIAP3	4.45425	0.156048
BAK1	0.256519	1.53975
BAMBI	-1.79889	-2.13706
BANK1	2.20102	0.596146
BARD1	-2.77868	-2.08713
BASP1-AS1	2.45229	2.98325
BATF3	5.07254	-0.576847
BAZ1B	2.76668	3.54524
BAZ2B	-0.362383	0.540553
BBC3	4.07197	2.24196
BBOX1	-1.05656	-1.72966
BBS10	4.07909	4.60142
BBS4	-2.03413	-2.7883
BBS7	-1.83807	1.05512
BCAN	-2.3872	-2.72742
BCAR1	1.84313	2.67406
BCAR3	1.98086	0.581743
BCAS1	-3.9263	-2.19809
BCAT1	0.32242	1.22129
BCHE	-3.94263	-3.51973
BCKDK	2.96122	0.748235
BCL11A	0.035905	1.14277
BCL11B	0.534065	-0.0388192
BCL2	0.0186415	-0.327447
BCL2A1	-1.34636	-2.08166
BCL2L10	0.168353	-0.853489
BCL2L13	2.13182	2.23697
BCL2L2	3.83059	4.61469
BCL3	-0.452541	1.23761
BCL6	1.93294	0.969027
BCL6B	-0.267859	0.830798
BCL7A	2.14418	3.12504
BCL7C	-0.639361	-1.79977
BCLAF3	-0.505851	-1.49573
BCO2	-3.19552	-0.765517
BCOR	0.072298	1.06037
BCR	0.592062	-1.17724
BCRP2	0.816576	-1.01156
BDKRB1	-4.615	-2.87564
BDKRB2	-2.21643	-2.69085
BDNF	1.8952	0.49458
BEAN1	-0.6873	0.427551
BECN1	1.70061	2.25154
BEGAIN	1.23388	-0.612068
BEND5	4.16291	4.08829
BEND6	-0.740824	0.911858
BEND7	-5.60795	-4.12364
BEX1	2.75661	-0.0593392
BEX2	4.96391	0.463236
BEX4	-0.755224	-1.37383
BFSP1	2.01822	-0.551543
BHLHB9	0.112308	-0.303452
BHLHE22	-2.68929	-1.84314
BHLHE40	0.598186	1.73094
BHLHE41	-0.791158	1.11229
BHMT2	-1.03649	-2.72211
BICD1	0.970899	1.79491
BICDL1	0.407545	1.41056
BICDL2	0.496073	1.20744
BICRAL	3.02684	3.49362
BID	-3.31102	0.108153
BIN3	1.56777	2.1969
BIRC3	1.00132	-1.34106
BLCAP	3.69217	0.238903
BLM	0.0105928	-0.354974
BLMH	-1.85788	0.444586
BLNK	-3.10185	-3.30798
BLOC1S6	0.601755	-1.43132
BLVRB	-2.96729	-3.75261
BMP2	-0.776099	0.531578
BMP8A	-2.33893	-0.685566
BMP8B	-1.33217	-0.796524
BMPR1B	-1.27809	-1.63033
BMS1	1.54603	2.34697
BMS1P1	-0.000706477	1.43384
BMS1P2	-1.42717	0.554209
BMS1P20	2.06421	2.5162
BMS1P4	-1.36721	0.856476
BNIP2	-2.99186	-3.46169
BNIP3	2.31617	2.10132
BOLA3	0.0219507	0.574376
BOLA3-AS1	-0.089155	0.135591
BORCS5	5.46716	2.5262
BORCS7	-0.0442063	-1.51427
BPHL	0.278043	-1.67392
BRAF	1.21136	2.32138
BRCA1	-0.879695	0.464225
BRD2	-6.64985	-2.51554
BRD7	-1.13062	-2.13584
BRD8	3.46002	3.9481
BRICD5	1.96138	2.80409
BRINP1	-0.326315	1.23926
BRINP2	-1.01535	0.453888
BRINP3	-0.0887819	0.0367943
BRK1	3.67222	0.628042
BRMS1	-0.813068	-1.50401
BRMS1L	3.05476	-0.406499
BRSK1	-1.81596	0.206207
BRSK2	-2.86687	0.490334
BRWD1	7.04342	0.189038
BRWD3	-0.465908	1.32009
BSDC1	-0.381901	1.01372
BSN	4.28317	1.41248
BSPRY	1.97007	0.430686
BTBD1	4.25107	1.94931
BTBD11	4.27971	3.7455
BTBD17	-5.12007	-4.45095
BTBD3	-2.26021	-0.19656
BTBD7	2.92984	1.89214
BTBD9	0.920116	-1.21785
BTC	0.33979	-1.39751
BTG1	-2.52364	-2.68929
BTG3	-1.49356	-1.96279
BTG3-AS1	-1.1602	-0.85316
BTN2A1	-0.863267	1.16226
BTN2A2	-6.11833	-2.56784
BTN3A1	-1.98625	-0.942283
BTN3A2	-3.40095	-3.44736
BTN3A3	-1.13187	0.0854126
BTNL9	-1.54442	-2.86668
BTRC	2.73188	0.438013
BUB1B	-0.583128	-0.0114355
BUB3	-0.756789	0.886267
BUD13	1.04369	2.41051
BVES	-0.3949	0.445489
BYSL	3.68824	1.42732
BZW2	0.885789	1.36371
C10orf105	-5.56834	-4.92874
C11orf1	-2.15141	-2.66651
C11orf24	0.270249	1.17449
C11orf54	-2.75692	0.0472553
C11orf71	-0.215803	-0.708112
C11orf74	2.60326	1.67948
C11orf87	5.09269	3.66459
C11orf95	3.43205	0.704985
C11orf96	-2.71359	-2.52313
C11orf97	1.20606	-1.3049
C12orf10	0.152489	0.733122
C12orf29	4.07078	2.87856
C12orf4	7.61597	4.95607
C12orf42	0.197057	-0.862914
C12orf45	0.991957	-1.38347
C12orf49	0.202694	0.817592
C12orf54	1.35254	2.38385
C12orf57	0.695262	2.24103
C12orf73	3.03713	-0.493476
C12orf75	-5.86126	-3.87564
C12orf76	2.38904	0.978215
C14orf119	-0.110795	-0.171926
C14orf132	-0.0140406	-0.608926
C14orf177	-3.46704	-2.53801
C15orf41	-0.637744	0.656055
C15orf59	-4.7186	-3.26837
C16orf45	2.93686	3.21549
C16orf58	4.4604	0.731626
C16orf72	1.3233	2.02626
C16orf74	-1.59245	-0.522815
C16orf87	7.43781	3.67382
C16orf89	-0.992869	-1.66831
C16orf95	1.80572	-0.411313
C17orf100	1.08351	2.27024
C17orf51	0.338462	-1.27627
C17orf67	2.3397	-0.457013
C17orf75	0.189871	1.62822
C18orf25	4.01621	3.2833
C19orf12	4.92865	1.25295
C19orf25	-2.72724	0.440111
C19orf57	1.48516	0.96775
C19orf70	1.86067	-0.246937
C19orf73	1.40635	2.23786
C1GALT1	2.02453	0.577957
C1QA	-2.18468	-2.68757
C1QB	-2.19353	-2.59722
C1QC	-2.78693	-2.93283
C1QL1	1.17505	-1.22933
C1QL2	1.37222	-0.778892
C1QL3	3.74143	0.189118
C1QTNF12	1.88218	1.05579
C1QTNF2	0.472388	0.0091395
C1R	3.30318	0.379035
C1RL	1.99381	2.46272
C1S	4.35439	0.85612
C1orf115	3.15871	1.95807
C1orf122	-0.963513	-2.25613
C1orf162	-2.07545	-0.383951
C1orf167	2.97999	4.03577
C1orf194	0.0117922	-0.907196
C1orf21	-1.85789	-2.33205
C1orf220	-0.0982026	-1.28985
C1orf226	-1.06943	-2.73667
C1orf50	0.0992783	-1.62776
C1orf52	-0.0432091	-1.34288
C1orf54	-4.06113	-4.08876
C1orf61	-1.70705	-2.22231
C1orf74	4.12959	2.66512
C2	-1.90251	-2.61566
C20orf27	1.85807	-1.03702
C21orf2	2.43602	0.201142
C21orf58	0.363863	1.49914
C21orf91	-2.09505	-0.213873
C22orf23	-0.548257	-1.63509
C22orf39	0.376359	-1.38301
C2CD2	1.73744	1.73331
C2CD2L	2.62188	0.174506
C2CD3	-0.384277	1.48038
C2CD4C	5.07183	0.0929584
C2CD5	0.363136	1.45362
C2orf27A	2.1549	2.36442
C2orf40	1.94773	1.4842
C2orf54	-0.943741	0.000155539
C2orf68	-2.55034	-1.18483
C2orf69	2.66262	-0.615947
C2orf73	0.808688	-0.611132
C2orf74	0.416118	-0.979552
C2orf80	2.29012	-0.738907
C2orf88	-2.74337	-1.76413
C3	-3.11891	-3.40971
C3orf14	0.977718	-1.10435
C3orf18	1.68002	2.5362
C3orf35	-0.496784	1.48241
C3orf38	-1.01446	0.161708
C3orf58	2.88718	3.76921
C3orf70	-0.864671	-1.59722
C3orf80	6.19011	4.4708
C4orf3	-6.9378	-0.996566
C4orf33	-4.85374	0.318851
C4orf45	3.71426	0.515205
C5	0.290792	-0.711662
C5orf24	-2.36719	-0.0112265
C5orf30	6.42205	3.76064
C5orf49	2.13097	-0.940946
C5orf56	-4.05703	-2.28067
C5orf58	-2.82176	-2.37102
C5orf64	-1.51404	-0.943514
C6orf106	1.74278	2.53314
C6orf118	-2.52561	-2.91354
C6orf136	1.93539	2.40771
C6orf141	-0.355907	-1.90242
C6orf47	-2.77913	0.927324
C6orf52	0.940793	-1.10316
C7orf13	-0.149347	-1.52018
C7orf57	-1.44655	-0.522607
C8orf31	-0.239867	1.35183
C8orf33	0.579798	-0.305668
C8orf34	-2.01407	-2.48757
C8orf44	1.14493	0.243992
C8orf46	3.28589	0.764576
C8orf82	0.401632	-0.59625
C9orf116	0.378766	-0.293358
C9orf24	1.63227	1.70018
C9orf3	-4.48545	0.0526522
C9orf72	1.37568	2.63875
CA10	5.23517	1.16002
CA11	4.35229	-0.197154
CA12	-7.71266	-4.55496
CA13	2.16441	2.84177
CA14	-0.985282	-0.226964
CA2	-3.49453	-1.97992
CA4	6.20507	2.89003
CA5A	-1.38687	-0.841251
CA5B	-5.48596	-5.2082
CA7	1.33954	2.11152
CA8	-1.91792	-2.42404
CAB39	1.31079	1.97241
CAB39L	-0.771799	0.771011
CABCOCO1	-1.82729	-2.60234
CABLES1	-1.80568	-1.78204
CABLES2	3.38944	4.28818
CABP1	1.09317	1.90348
CABP7	-4.21045	-4.68008
CABYR	3.25072	0.889888
CACHD1	-1.69618	-2.39178
CACNA1A	-1.08132	0.992622
CACNA1B	3.10308	3.01045
CACNA1C	0.682396	1.84298
CACNA1E	-3.32193	-3.82299
CACNA1F	0.737388	-0.656986
CACNA1G	2.68047	3.43075
CACNA1H	-0.675129	-2.26602
CACNA1I	0.0181504	1.21661
CACNA2D1	1.82695	0.809907
CACNA2D2	1.85213	2.46003
CACNA2D3	4.41295	4.34427
CACNB2	8.79926	4.12719
CACNB3	1.21347	0.412411
CACNB4	0.4684	1.59934
CACNG1	-0.836638	-2.00234
CACNG2	3.1528	3.59837
CACNG3	2.764	-0.161771
CACNG4	-3.62947	-4.10941
CACNG6	2.34043	1.52616
CACNG8	2.42524	3.14313
CACUL1	0.623207	-1.29745
CADM1	-0.203921	-1.50524
CADM3	-1.05028	-1.96239
CADM4	-3.76683	-0.225932
CADPS	0.604594	0.419987
CADPS2	0.745007	1.74141
CALB1	2.38022	-0.0155189
CALB2	0.138182	-0.930897
CALCOCO1	3.53759	3.60485
CALCRL	1.80125	1.35645
CALD1	-1.40979	-2.49358
CALHM1	3.60637	2.47799
CALHM2	6.10636	1.89389
CALHM6	-0.216089	-1.45841
CALM3	3.02435	-0.792213
CALML3	2.72986	3.57831
CALML4	-1.28186	-0.591967
CALN1	-5.87771	-3.52203
CAMK1	-0.988833	0.119187
CAMK1D	1.69163	2.48817
CAMK1G	6.1625	4.23949
CAMK2A	1.5429	1.56415
CAMK2D	1.15839	-0.734697
CAMK2G	-1.01737	0.877245
CAMK2N1	1.09692	0.244261
CAMK2N2	-2.91496	-2.56351
CAMK4	3.23385	1.98053
CAMKK1	1.85972	2.24948
CAMKK2	6.38002	5.57724
CAMKV	2.38122	-0.0518933
CAMLG	2.63095	-0.0145581
CAMSAP1	-0.419245	-1.11058
CAMTA1	1.42407	2.17048
CAMTA2	-1.61891	0.841914
CANX	4.4592	-0.130892
CAP1	1.60956	-0.753862
CAP2	0.937024	0.855399
CAPG	0.259436	-1.26069
CAPN12	1.6521	0.381889
CAPN15	-4.15204	-0.70691
CAPN3	-1.36251	-0.241628
CAPN7	-1.7166	0.33135
CAPS2	4.35822	4.9984
CAPSL	-0.588181	-2.31713
CAPZB	-3.24826	-3.32878
CARD14	-2.67001	-1.54836
CARD17	-1.04735	-2.01893
CARD19	-0.717393	0.534189
CARD9	-4.04336	-1.43346
CARMIL3	0.40217	-1.49911
CARNS1	-0.16332	0.452528
CARTPT	4.46749	2.07578
CASC10	1.43007	-0.0173056
CASC15	1.51259	2.31971
CASK	1.87689	-0.818162
CASP1	-2.69461	-3.20137
CASP3	-0.126931	1.47382
CASP5	-2.41509	-4.24876
CASP6	-1.95844	-2.5191
CASP8AP2	2.18156	3.28872
CASQ1	5.80593	3.47545
CAST	1.0059	1.90136
CASTOR1	-1.215	-1.88933
CASTOR2	-0.9385	0.248568
CAV2	-0.157976	0.0472981
CAVIN1	-1.50558	-0.367473
CAVIN3	-3.94903	-4.87522
CBFA2T3	3.36026	1.39386
CBFB	-4.306	-4.23879
CBLN1	6.44302	2.72657
CBLN2	4.31869	3.53658
CBLN4	2.05626	1.23331
CBWD1	-1.21663	0.601446
CBWD5	0.835242	1.75578
CBX5	-0.607823	0.346995
CBX7	1.36927	2.96074
CC2D2A	-2.59474	-3.16043
CC2D2B	-2.12757	-2.61555
CCBE1	-0.0649743	-2.01595
CCDC102B	3.15525	2.32456
CCDC103	0.960174	-1.17955
CCDC110	3.422	2.47042
CCDC112	1.73455	-1.30843
CCDC115	2.30426	3.49094
CCDC12	4.1525	4.37948
CCDC120	-0.0478405	0.238671
CCDC121	-1.52391	-1.45246
CCDC122	-4.76251	-1.91031
CCDC126	1.06335	2.00496
CCDC130	0.00972776	1.31786
CCDC136	-2.7488	-0.0421928
CCDC138	-1.1927	0.546253
CCDC14	1.12986	1.87166
CCDC144B	-0.0237972	1.07933
CCDC146	-5.3714	-0.359186
CCDC148	0.198963	-0.968186
CCDC151	-1.0734	-0.0955435
CCDC152	-3.46747	-3.2177
CCDC153	-0.48917	-1.53712
CCDC158	2.50763	1.2161
CCDC160	-1.19799	-1.20498
CCDC167	1.29358	-0.979064
CCDC171	-1.62156	-2.01761
CCDC173	-1.64313	-1.9728
CCDC177	0.813824	2.21571
CCDC181	-1.29254	0.650447
CCDC184	2.22128	2.76796
CCDC186	0.828739	1.7367
CCDC189	0.470918	-1.43391
CCDC191	-2.07034	-2.42566
CCDC24	1.86777	0.0777617
CCDC25	0.91979	1.42248
CCDC28A	1.1143	-0.986188
CCDC3	6.13557	2.87443
CCDC39	0.0310744	1.32985
CCDC47	1.35289	2.02014
CCDC57	0.352591	1.65284
CCDC58	-3.02595	0.542211
CCDC59	-0.897916	-0.530107
CCDC6	0.467412	-1.47577
CCDC65	-1.3776	-0.496633
CCDC68	5.01178	1.80238
CCDC71L	1.50393	0.27566
CCDC77	-5.20944	-5.16897
CCDC78	0.00469445	1.3842
CCDC8	-2.1618	-2.60357
CCDC80	0.167769	0.342206
CCDC82	0.185367	1.42765
CCDC84	0.147064	1.44239
CCDC85A	5.12281	2.748
CCDC85C	-1.21958	-2.13201
CCDC88B	-3.06737	-1.88788
CCDC90B	-4.12013	-3.17068
CCDC91	-2.72123	-2.41008
CCDC92	-0.131852	0.208952
CCDC96	0.109443	1.76948
CCEPR	0.314086	-0.532349
CCER2	1.02703	2.03505
CCIN	-1.3	-2.15791
CCK	7.99482	3.8661
CCKBR	6.4195	2.64721
CCL19	-5.01468	-5.79853
CCL2	-4.50839	-4.04516
CCL27	-0.222031	1.45918
CCL28	0.359227	-1.10028
CCM2	1.06639	1.60866
CCNA1	2.16731	0.22782
CCNB1	0.394295	0.842524
CCNB1IP1	0.486722	1.81768
CCND1	-2.52728	-1.63382
CCND2-AS1	-0.0851621	0.887098
CCNE1	1.2454	1.94168
CCNE2	-1.94091	-0.385996
CCNG2	1.01607	1.85228
CCNH	0.472711	-1.44845
CCNI	2.86739	3.32439
CCNL1	-2.44338	-0.775338
CCNL2	3.19878	2.38357
CCNO	-0.173565	1.5774
CCNQ	1.12784	-0.50065
CCNT1	-0.282808	1.30592
CCNY	0.86643	-1.02442
CCNYL1	7.45534	2.91152
CCR1	-2.60071	-2.69396
CCR10	-0.118017	1.55209
CCR5	-0.784772	-1.69913
CCSER1	5.25959	4.69405
CCSER2	0.785002	-0.593862
CCT5	1.97196	-0.508223
CCT6B	-0.684322	-1.9635
CCZ1	-4.99531	-3.40161
CCZ1P-OR7E38P	-5.31548	-4.86146
CD14	-2.16821	-2.90237
CD151	0.0146861	-1.31081
CD163	-2.13359	-2.67011
CD163L1	0.308628	0.96344
CD164	0.815434	0.165891
CD200	2.07287	0.881652
CD226	-4.02907	-3.92547
CD24	-0.0499433	-1.33482
CD244	-1.81254	-3.35202
CD247	0.188323	-0.0274353
CD248	-0.137815	-1.03647
CD274	0.706366	1.91184
CD320	-0.600132	0.323341
CD33	-1.95023	-2.4977
CD38	1.14371	0.655149
CD3G	3.62389	3.69218
CD44	-3.34858	-3.32736
CD52	-0.0426119	-1.09993
CD53	3.94397	1.31857
CD58	-0.733033	-2.10356
CD59	0.235155	0.68625
CD6	5.18151	2.06186
CD63	2.7422	-0.467166
CD68	-3.28713	-3.08765
CD74	-5.16307	-5.35124
CD81	0.380107	-1.62349
CD83	4.87802	0.737982
CD84	-5.95155	-4.99302
CD8A	-0.641293	-1.66319
CD8B	-0.875145	-0.422923
CD9	-1.36682	-0.580422
CD99	-3.48633	-3.97885
CD99L2	1.62297	2.33879
CDADC1	-1.25613	1.29228
CDC14A	0.339279	-0.571665
CDC27	2.49658	0.231875
CDC34	2.46658	0.402269
CDC40	5.51504	3.61903
CDC42	0.346511	-1.40677
CDC42BPA	2.10276	2.51881
CDC42BPB	0.76652	-0.696896
CDC42EP3	3.64255	4.51081
CDC42EP4	-0.20565	-1.09649
CDC42P3	-0.989373	-2.18322
CDC42SE1	-0.351548	0.713939
CDC42SE2	6.389	0.734365
CDC6	4.99754	2.28576
CDCA5	4.45062	3.82527
CDCA7	0.776985	-0.632349
CDCA8	2.23896	3.24567
CDH10	7.23824	0.971694
CDH11	-0.923385	-2.53874
CDH12	-0.703102	0.408752
CDH13	2.35086	1.29451
CDH18	6.75599	5.01652
CDH2	-0.720337	-0.25456
CDH22	2.97063	1.88181
CDH3	-0.0585987	-0.559902
CDH4	0.167614	-1.30484
CDH6	1.37451	1.25219
CDH7	1.12656	1.93776
CDH8	3.51227	0.186365
CDH9	5.07676	1.04265
CDHR1	0.140601	-0.912782
CDIPT	4.0269	3.19566
CDK11A	1.20497	2.0824
CDK13	-0.559828	1.00185
CDK14	-1.1737	0.470182
CDK17	1.13295	0.0722025
CDK18	-0.04485	0.43276
CDK19	-2.6151	-1.0979
CDK20	3.9797	1.79738
CDK2AP1	-2.02892	-0.94682
CDK5RAP2	-4.84223	-2.97428
CDKL1	5.03246	5.11274
CDKL5	3.22409	2.95392
CDKN1B	0.179869	1.76682
CDKN1C	-0.659582	-0.535677
CDKN2A	2.18716	2.7696
CDKN2AIP	-0.954299	0.416427
CDKN2AIPNL	0.674678	-1.48446
CDKN2C	-2.14101	-1.06067
CDKN2D	3.57768	-0.287341
CDO1	1.21184	-0.807658
CDR2	-0.429018	0.460764
CDR2L	-2.25015	0.509144
CDS1	-0.446538	1.04908
CDS2	-0.0665484	-0.0411783
CDT1	2.69675	2.36782
CDYL2	5.45144	3.50153
CEACAM19	-0.336573	1.29966
CEBPA	2.0351	-0.725512
CEBPD	0.0296289	-0.142245
CELF1	0.505598	0.890296
CELF2	0.582227	1.87974
CELF3	0.178264	-0.943186
CELF4	5.6254	1.29859
CELF5	2.76487	-0.41626
CELF6	1.09002	-0.229518
CELSR3	2.25002	3.06758
CEMIP	1.96261	2.69065
CEND1	-1.18138	0.732986
CENPBD1	-0.281715	1.26787
CENPC	-0.782983	-0.00371179
CENPF	1.52333	0.472501
CENPJ	-2.3699	-0.0848165
CENPN	-0.13199	-0.333554
CENPP	0.538996	-1.04509
CENPS	0.813575	-0.67271
CENPVL3	0.740939	-1.6269
CENPW	0.0921082	-1.4663
CEP104	-2.9903	-1.00722
CEP112	-0.127704	0.444526
CEP120	-0.642768	1.04616
CEP126	0.781423	0.391611
CEP135	-1.39554	0.678822
CEP152	-3.12354	0.516177
CEP162	-1.25061	-0.167833
CEP170B	2.78491	-0.21567
CEP192	0.141455	1.7085
CEP290	4.03235	5.00802
CEP295	-0.151009	0.715541
CEP350	-1.20157	1.04365
CEP44	-0.321114	1.49043
CEP57	0.515064	1.84079
CEP70	-0.416756	-1.39824
CEP72	1.8634	-0.288356
CEP76	-1.70257	0.260926
CEP83	-1.19706	-2.0742
CEP85L	-0.441949	1.70986
CEP89	-1.23634	-1.99367
CEP95	-0.322222	1.40579
CEP97	-5.73533	-0.835229
CERK	-2.72374	0.637978
CERS1	0.778858	-0.994259
CERS2	-1.28971	-0.517242
CERS4	2.95244	0.858583
CERS6	6.34041	3.53829
CES4A	1.55906	-0.286676
CES5A	-0.450191	-2.02351
CETN2	2.38419	-1.07928
CETN3	-1.46083	-2.06237
CFAP20	1.68537	1.50492
CFAP221	0.594351	1.80743
CFAP43	-1.4388	-2.12775
CFAP44	0.140833	-1.68424
CFAP52	2.92821	0.934424
CFAP58	-1.8576	-2.43196
CFAP58-AS1	0.900421	0.642481
CFAP61	-2.66936	-3.17296
CFAP65	0.217284	1.35772
CFAP69	1.7377	2.74245
CFAP70	-0.981869	-1.74841
CFAP73	-1.1728	-2.04413
CFAP97	1.46433	0.15705
CFD	-1.43433	-2.30983
CFL2	0.421473	1.47899
CFLAR	-5.65803	-5.2568
CFP	0.0383002	0.574798
CGREF1	2.04798	-0.882372
CH25H	-2.89701	-3.92654
CHAC1	0.315501	1.17362
CHADL	-1.7499	-0.395568
CHAF1A	0.710908	1.8663
CHAF1B	2.42981	0.960805
CHCHD10	0.8103	1.48659
CHCHD4	1.31769	1.09163
CHCHD5	-1.70192	-2.34144
CHCHD6	5.67386	-0.228648
CHCHD7	-0.874977	-1.83985
CHD1	-2.05085	-0.280024
CHD1L	-3.07604	-0.811719
CHD3	-1.21831	-2.05731
CHD6	4.08637	3.61705
CHD9	2.49487	3.27593
CHDH	-0.719048	-1.40539
CHEK1	-0.246075	-0.450056
CHEK2	0.303876	0.789305
CHEK2P2	0.443447	0.6019
CHFR	-1.10147	0.368847
CHGA	1.23504	2.10623
CHI3L1	2.31109	2.33924
CHIC1	-0.0612335	1.33882
CHID1	4.35482	-0.165557
CHL1	6.21613	2.14195
CHML	5.99275	4.66809
CHMP1A	2.10334	-0.506034
CHMP1B	0.0436983	-1.60341
CHMP2A	0.157066	-1.50902
CHMP4A	0.549402	-1.16936
CHMP4B	4.28967	1.68723
CHN1	5.85399	5.03259
CHN2	2.41297	2.92618
CHODL	-0.371412	-1.00856
CHP1	0.758601	-0.898271
CHP2	-0.611598	-1.37212
CHPT1	2.36936	0.526088
CHRD	2.26227	2.4463
CHRDL1	2.33114	-0.160325
CHRM1	4.18169	3.94595
CHRM2	-3.99054	-0.436891
CHRM3	9.14252	4.10793
CHRNA2	4.14809	5.12615
CHRNA3	-4.09741	-4.51711
CHRNA4	1.48788	0.721628
CHST1	4.3765	-0.140835
CHST11	-3.94017	-4.48539
CHST12	-2.7562	0.0458648
CHST14	-2.92144	-4.02107
CHST15	1.95668	0.845069
CHST2	0.0437844	0.661513
CHST7	1.12664	-0.408122
CHST8	0.734441	1.00652
CHST9	-2.93727	-3.29467
CHSY3	3.00137	2.20027
CHTF18	1.11712	1.18496
CHUK	0.0530122	-0.317431
CIAPIN1	1.82753	2.26268
CIB1	3.54248	0.0957228
CIB2	0.329381	-1.28043
CIC	-2.48606	-1.99956
CIDEA	1.306	1.39469
CIDECP	0.96053	1.31148
CINP	1.2754	-1.09209
CIP2A	1.98293	1.05205
CIPC	-2.31373	-3.09556
CIRBP	1.58092	-0.374164
CISD2	1.37595	2.17134
CISD3	0.147744	-1.09045
CIT	3.0874	3.47142
CITED2	4.86147	5.0691
CITED4	3.63303	3.15125
CKAP2	0.69946	1.40786
CKMT1A	1.28656	1.84351
CKMT1B	2.02624	2.33553
CKMT2	-1.71457	-0.952573
CKS1B	0.727236	-0.527143
CLBA1	2.23233	-0.575333
CLCN2	-3.12954	-0.194826
CLCN3	0.800993	1.48818
CLCN4	-0.313744	1.12966
CLCN5	2.31374	1.85971
CLCN6	3.41448	2.78439
CLDN4	1.41753	0.799227
CLDN5	-1.85657	-0.199641
CLDND1	-1.38771	-0.555168
CLDND2	0.788042	-0.611606
CLEC11A	-0.353599	0.22604
CLEC16A	-1.86858	1.00308
CLEC18B	0.253306	0.560277
CLEC2B	-2.35524	-0.550757
CLEC2L	1.06215	1.76392
CLEC3B	-0.425226	0.271323
CLEC4A	-1.31117	-2.3808
CLEC4G	0.821505	-1.06436
CLEC4M	-2.81522	-0.698211
CLEC9A	-2.26476	-2.73438
CLGN	-3.08845	-0.0308426
CLIC5	0.222454	-0.670222
CLIP4	-1.44486	0.210875
CLK2P1	1.31569	2.34658
CLK3	0.906251	1.92918
CLK4	3.6496	3.44834
CLMN	-3.48259	-0.927223
CLMP	-2.05053	0.521694
CLN6	0.676352	1.7536
CLPB	2.74	0.964786
CLPP	1.44369	-0.973514
CLPS	-3.07114	-4.13632
CLSPN	0.380625	-0.665416
CLSTN2	-1.20198	-1.07253
CLTCL1	1.43538	-0.391905
CLU	1.97677	-0.0541422
CLUHP3	1.90981	2.93087
CLVS1	0.149138	1.08265
CLVS2	0.247102	1.58712
CLYBL	0.934122	-0.997765
CMAHP	6.16872	4.34594
CMAS	1.6336	-0.778209
CMC2	-2.65928	-0.498831
CMC4	-7.18533	-4.98441
CMIP	-0.741975	-1.93048
CMKLR1	-4.50349	-4.0733
CMPK1	-4.95031	-0.432168
CMSS1	1.52653	-1.11925
CMTM3	-6.60686	-5.41976
CMTM4	3.24065	0.384274
CMTM5	-2.16997	-1.61857
CMTM7	-2.21921	-2.63797
CMTM8	1.68685	-0.0485101
CMYA5	-0.892063	1.18366
CNDP1	-1.30137	0.268648
CNEP1R1	2.03504	2.75113
CNFN	-3.19485	-1.20331
CNGB1	0.731608	-1.04034
CNIH2	0.657019	-1.05758
CNIH3	1.74722	0.669561
CNKSR2	0.0771879	1.26465
CNKSR3	-0.297411	0.0887543
CNMD	-0.94513	-1.90947
CNN2	-0.741699	-0.331585
CNN3	-1.27338	-2.02826
CNNM1	2.35696	2.75324
CNNM2	1.41344	2.1813
CNNM4	4.76065	2.72261
CNOT10	0.234672	1.36588
CNOT4	-0.430982	-1.72069
CNOT6	3.65397	4.26124
CNOT6L	1.50398	2.43104
CNOT8	0.621509	1.79548
CNPY2	-1.04926	-2.52302
CNR1	4.91651	-0.00612223
CNRIP1	3.62082	0.857215
CNST	2.33968	2.54236
CNTLN	-5.5295	-2.72517
CNTN1	4.4116	0.316986
CNTN2	-1.08253	0.255377
CNTN3	3.36008	1.40084
CNTN4	1.26284	1.11527
CNTN5	-2.5137	-2.04532
CNTN6	0.791919	0.297633
CNTNAP1	1.84397	2.47729
CNTNAP2	8.47136	3.97751
CNTNAP3	0.250496	-0.480651
CNTNAP3B	-0.790051	-1.08287
CNTNAP4	1.10802	0.558659
CNTNAP5	-1.17997	0.136457
CNTRL	-1.48629	0.11752
COA1	0.892817	0.262553
COA3	1.97926	-0.373278
COA6	1.89723	-0.534392
COBLL1	-1.7524	-0.30654
COCH	-1.5698	-2.38936
COG1	2.0603	-0.723103
COG2	0.986191	2.00592
COG5	3.47499	0.683449
COL10A1	0.940354	-0.204391
COL11A1	3.24711	0.589259
COL11A2	0.278088	1.39926
COL12A1	7.72511	4.14774
COL13A1	-0.357915	0.988216
COL16A1	0.841213	-0.187896
COL18A1	-2.32162	-1.95631
COL19A1	-0.453944	0.808326
COL1A2	-3.8047	-3.9343
COL20A1	3.08152	1.41187
COL21A1	0.51843	-1.01199
COL23A1	7.57224	3.85726
COL24A1	2.11697	1.46606
COL27A1	-1.64959	-0.903561
COL4A1	-0.451491	-1.97863
COL4A2	-0.451184	-1.83082
COL4A4	0.234674	1.09728
COL5A1	0.0237965	1.57533
COL5A2	3.8357	3.71601
COL6A1	2.58598	3.46611
COL7A1	0.430651	1.60848
COL9A3	-0.829163	0.284285
COLCA1	-0.655257	-1.39941
COLEC12	0.54903	0.333125
COLGALT2	0.636845	0.76787
COMMD9	0.911741	-0.592778
COMP	-3.12435	-4.09641
COMT	-2.06765	-2.77793
COMTD1	2.77369	1.5781
COP1	3.08459	0.960596
COPA	0.938448	1.3148
COPB2	1.14736	-0.116124
COPRS	3.19097	0.363138
COPS4	2.02249	-1.00322
COPS9	0.232539	-0.940083
COPZ1	1.74107	-0.884603
COPZ2	-7.13331	-4.59229
COQ10B	-4.60962	-0.756683
COQ3	2.19133	3.02311
COQ7	0.600295	-0.604661
CORO1A	4.07275	-0.154306
CORO2A	2.39299	3.07548
CORO2B	0.919244	1.63434
CORO6	2.53539	2.3612
CORO7	-0.916604	0.804609
CORT	0.394619	-1.08401
COTL1	-1.12976	-1.0511
COX10	-0.486784	1.17999
COX11	1.96782	-0.225732
COX14	-1.59623	-0.926721
COX17	1.53428	2.6399
COX4I1	0.443466	-0.138809
COX7A1	-0.726818	0.630334
CPAMD8	-1.38139	-2.60875
CPE	-0.671502	-1.84763
CPEB3	2.89178	3.07948
CPEB4	1.68765	2.81291
CPLX1	-0.958363	0.999693
CPLX2	-3.85049	-2.12541
CPLX3	-0.994781	-2.06013
CPNE2	-0.481893	-1.48829
CPNE3	-3.60173	-3.88653
CPNE4	-0.231326	0.453378
CPNE5	3.43809	0.879755
CPNE6	0.383494	-1.44191
CPNE7	0.849645	-1.07759
CPNE8	9.99049	3.83236
CPNE9	4.41467	3.63869
CPPED1	0.338638	1.22874
CPSF1	1.78033	2.46966
CPSF6	1.53315	0.475538
CPT1A	-0.64211	-1.03135
CPT1C	0.271142	-1.06288
CPVL	-5.63402	-5.36983
CPXM2	0.416295	0.881297
CRABP1	-3.92559	-0.57163
CRB1	0.420474	-0.719763
CRBN	0.456529	0.703066
CREB3	0.693198	-1.05576
CREB3L3	3.20494	2.85833
CREBRF	3.74671	3.60142
CREBZF	0.807808	1.97133
CREG1	-0.538467	-1.33302
CREG2	3.05427	1.66337
CRELD2	-0.178492	-1.88961
CREM	0.0915152	-2.044
CRH	6.9632	3.10806
CRHBP	-1.13471	-2.14142
CRIM1	2.47438	0.0147454
CRIP2	5.65006	0.802104
CRIP3	0.488561	0.972061
CRIPAK	-1.49806	0.579553
CRISPLD1	-4.32562	-0.375752
CRLF1	3.73352	1.09627
CRLF3	4.04848	1.65251
CRMP1	3.08769	-0.229181
CRNKL1	3.27114	1.91268
CROCCP2	-0.806601	1.41076
CROT	1.07872	-0.762116
CRSP8P	1.90411	0.122047
CRTAC1	0.587397	1.29273
CRTC2	-0.229604	1.42351
CRY1	-0.762101	-0.0190758
CRY2	4.06148	1.51099
CRYAB	-1.38975	-0.144437
CRYBA2	1.20787	1.59976
CRYBB1	1.4191	1.42161
CRYBG3	-0.578101	-0.354961
CRYGD	-3.27628	-2.16261
CRYGS	0.495241	1.39814
CRYM	8.42224	1.50282
CRYZ	1.80905	0.0460279
CRYZL1	1.41066	-1.11411
CS	-1.07375	0.723108
CSAD	-1.33298	-1.31057
CSAG1	0.273613	0.277915
CSDC2	-3.33361	-0.475308
CSF1R	-1.91917	-2.48248
CSF2RA	-1.41611	-2.11594
CSGALNACT1	2.43135	-0.461365
CSMD3	1.20255	0.322955
CSPG4	-2.8936	-3.78427
CSPG5	-0.322201	-0.706788
CSRNP3	5.44134	5.4907
CSRP2	-1.79291	-1.35755
CSTB	-0.502988	-1.39823
CSTF1	3.74096	2.17715
CSTF2	1.20704	2.8576
CSTF2T	2.7253	3.66505
CSTF3	1.97887	0.973535
CTC1	4.2439	0.751909
CTDSP1	-4.61236	-1.50315
CTDSPL2	3.41945	3.14598
CTGF	-1.54632	-2.25313
CTH	2.15262	-0.365131
CTIF	1.96507	2.68884
CTNNA1	-4.69896	-0.358362
CTNNAL1	0.149159	1.35196
CTNNB1	0.139451	0.858697
CTNNBIP1	0.0848402	-0.766945
CTNNBL1	2.05374	2.47379
CTNND2	1.58519	-0.500056
CTPS2	-2.86861	-0.634175
CTSA	1.00446	1.78523
CTSC	-5.07196	-0.451033
CTSH	0.323043	-0.427052
CTSK	-0.724878	0.15161
CTSL	2.03428	2.39632
CTSO	-0.792324	-1.62265
CTSV	-0.480571	-0.0403964
CTSZ	-0.212353	0.880267
CTTNBP2	-4.34105	-0.0879137
CTXN1	7.44363	-0.104432
CTXN3	1.60462	1.46175
CTXND1	-2.47162	-3.11898
CUL3	4.29541	4.53539
CUL4A	2.37488	0.375137
CUX1	-2.3253	0.821696
CUX2	-0.422558	0.862383
CWC22	-1.81146	0.387457
CX3CL1	0.774131	0.603426
CX3CR1	-1.62379	-2.29628
CXADR	-0.470152	-1.64745
CXADRP2	-1.38669	-2.50109
CXADRP3	0.42387	-0.25358
CXCL12	-2.98694	-1.29657
CXCL2	-5.51974	-5.64165
CXCR4	-4.25933	-4.2473
CXXC4	2.9279	0.50252
CXorf36	-3.12216	-0.762704
CXorf57	2.67061	-0.435344
CYB561	6.31683	1.93971
CYB5B	0.62321	-1.22334
CYB5D2	1.24957	-1.50149
CYB5R1	2.03803	-0.73685
CYB5R3	-1.7803	-3.17619
CYB5R4	-2.8851	0.0141194
CYBB	-2.20923	-2.61033
CYC1	1.22189	1.94135
CYCS	0.355233	0.627941
CYFIP1	-4.94326	-3.09596
CYGB	2.72238	1.42424
CYHR1	5.5521	1.59276
CYP1B1	1.87295	0.138417
CYP1B1-AS1	2.95561	2.97586
CYP26A1	3.04408	0.93263
CYP26B1	1.38284	0.545682
CYP27A1	-2.19386	-0.705751
CYP2E1	6.17154	5.19833
CYP46A1	4.11573	0.620708
CYP4V2	-1.50592	-2.02949
CYP4X1	4.54337	0.861182
CYP4Z1	3.15888	0.310178
CYP51A1	2.74118	2.14892
CYR61	0.0144024	1.03135
CYS1	1.43091	-0.100229
CYTH1	-0.733753	0.500384
CYTH4	-3.65642	-3.42596
CYTL1	-2.08639	-3.3871
CYTOR	-0.947195	-2.1231
DAAM1	3.9782	2.9872
DAB1	-2.57972	-3.17679
DAB2	-5.64881	-5.42081
DACH1	4.63628	4.13514
DACH2	2.95762	-0.501954
DACT1	1.0568	-0.994455
DACT2	-1.537	-0.38473
DACT3	1.02815	-0.816109
DAD1	-0.914251	-2.20764
DAGLB	4.29134	2.8153
DAP	-1.72324	-2.42269
DAP3	-3.41077	-4.54319
DAPK1	2.46506	3.54904
DAPK1-IT1	1.99842	2.98188
DAPL1	-0.916621	-2.13504
DAW1	0.320687	-1.568
DAXX	-0.888582	0.875417
DAZAP1	-1.44915	0.84335
DBH	6.81152	3.59025
DBI	-3.34494	-3.73623
DBIL5P2	-0.0129796	1.47279
DBNDD1	2.91178	2.56412
DBX2	0.140203	-0.593764
DCAF1	-1.11715	0.921352
DCAF11	3.27466	-0.321784
DCAF13P3	-0.974404	1.14748
DCAF15	2.12778	-0.245682
DCAF16	0.418785	1.4345
DCAF4	5.35838	0.882797
DCAF5	1.78985	-0.360271
DCAF6	4.60409	4.22155
DCAF7	-0.559266	-1.68621
DCAF8L2	-4.3805	-1.15896
DCAKD	2.81339	-0.409709
DCBLD1	-0.788739	-0.0526083
DCBLD2	2.00404	2.5707
DCC	0.119753	0.131439
DCHS1	-0.798838	-1.18106
DCHS2	4.81151	1.87541
DCLK1	-0.331223	1.08051
DCLK2	3.22741	-0.680292
DCLK3	-1.56615	-1.78078
DCLRE1A	4.75215	4.61746
DCN	-5.26494	-5.11544
DCP1A	0.499525	1.81525
DCP2	7.70427	2.67178
DCPS	0.97118	2.0271
DCSTAMP	1.17165	-0.281918
DCTD	0.718496	-0.843927
DCTN1-AS1	-0.494682	0.451599
DCTPP1	4.6283	1.19805
DCUN1D1	2.448	3.17421
DCUN1D2	0.0491584	1.5269
DCUN1D3	6.56018	5.15223
DCUN1D4	1.88231	1.54009
DCUN1D5	0.576307	-0.866725
DCXR	-2.17192	-1.66475
DDA1	1.5636	-1.31732
DDAH1	2.40868	-0.476603
DDAH2	-2.25983	-2.70355
DDB2	-0.362502	0.536177
DDHD1	1.50626	2.12784
DDHD2	-1.05074	0.985002
DDIT4L	2.14701	0.114347
DDN	0.478579	-1.09652
DDR2	-1.94857	-2.64026
DDRGK1	2.79135	0.404903
DDX1	2.18819	2.00746
DDX10	3.73342	1.53881
DDX11	-2.26711	0.407847
DDX25	5.97329	1.29342
DDX39A	-0.624573	0.739735
DDX3X	-1.16974	1.07053
DDX3Y	-1.17622	1.05659
DDX46	0.0116724	1.85554
DDX5	-0.681112	0.244448
DDX52	0.347362	1.26071
DDX54	0.0214627	-1.31797
DDX55	-2.70753	0.311935
DEAF1	-1.53587	-2.1583
DECR2	2.23403	0.663756
DEFB131A	1.98904	2.90587
DEGS1	0.150073	-1.51328
DENND1A	1.31357	-0.288135
DENND1B	1.633	2.40273
DENND1C	-0.76562	-1.60429
DENND2A	-1.64484	-2.26489
DENND2C	-3.42697	-5.12761
DENND2D	2.73854	2.31051
DENND3	6.59578	4.98623
DENND4A	1.98309	3.00528
DENND4B	-0.892855	0.835091
DENND4C	-5.30385	-1.4211
DENND5B	2.42553	2.90128
DENND6A	-0.131306	1.43728
DENND6B	2.45904	1.09637
DENR	3.64428	0.66632
DEPDC1	0.698177	1.68016
DEPDC5	5.64963	5.74752
DEPTOR	-1.73004	0.166999
DERL1	-2.00047	-2.73805
DERL2	1.31422	-0.977801
DERL3	-1.42385	-1.9069
DET1	1.35892	1.98298
DEXI	0.402686	1.42449
DGAT2	1.40674	0.0826557
DGCR8	1.01136	2.06539
DGCR9	2.12009	2.88723
DGKA	3.70624	1.43167
DGKB	4.74872	1.34385
DGKD	-2.67711	-1.04723
DGKG	-1.64984	-2.11221
DGKH	-0.27263	-0.128212
DGKI	2.71079	4.15054
DGUOK	1.66258	-0.973896
DHCR24	1.77867	1.03959
DHDH	0.37996	-0.767506
DHRS12	1.03789	-0.803513
DHRS2	1.33124	-0.814906
DHRS3	-4.67888	-3.49051
DHRS4	2.71404	0.082433
DHRS7	0.798941	1.09792
DHRS7B	2.94399	1.24494
DHRS9	-1.63881	-2.43719
DHX16	0.942273	1.86004
DHX35	2.15082	2.48295
DHX36	3.64658	2.81115
DHX58	1.53357	-0.95281
DIABLO	0.469056	1.46827
DIAPH1	0.247773	0.650986
DIAPH2	0.414634	-1.0043
DIAPH3	0.499814	-1.26393
DIDO1	-0.867762	1.11284
DIO2	-1.04985	-2.00471
DIO3	0.900001	0.442004
DIO3OS	0.621512	1.39259
DIP2A	-3.5062	-0.464301
DIP2B	-0.798221	0.28673
DIRAS1	2.11106	2.76093
DIRAS2	4.57226	4.05857
DIRAS3	-0.855813	-1.85503
DIRC2	-2.11957	-2.79428
DIS3	-0.243198	1.55811
DIS3L2	-2.13964	0.992859
DISP2	2.87807	0.912793
DIXDC1	-0.659125	-0.658586
DKFZP586I1420	4.1967	1.4033
DKFZp779M0652	-0.168881	-1.69441
DKK1	2.05945	2.59776
DKK2	2.58597	2.6316
DKK3	1.99379	-0.657486
DLC1	-3.15774	-1.82148
DLD	1.35153	0.861189
DLEC1	-1.88101	-2.26956
DLG2	0.477734	-1.23695
DLG5	0.134169	1.44218
DLGAP1	-0.420744	1.24239
DLGAP1-AS4	1.22031	2.23286
DLGAP2	0.731288	1.91501
DLGAP3	-0.85647	-1.65773
DLGAP4	-0.344167	-1.37056
DLK2	3.45296	0.882417
DLL3	-0.162634	-1.31092
DMAC1	1.50834	-0.244341
DMBT1	-0.794755	0.0274053
DMD	4.58853	0.370273
DMGDH	-0.105075	-1.65765
DMKN	1.84238	3.06176
DMRT2	-0.746551	-0.168093
DMRT3	0.92024	1.06482
DMRTA2	-0.60356	0.106622
DMRTC2	-3.4134	-1.78616
DMWD	1.21758	-0.829277
DNA2	-0.345503	1.39773
DNAAF2	-0.459144	1.39392
DNAAF4	0.959037	-0.906211
DNAAF5	-3.48707	-1.31069
DNAH12	-4.43741	-5.17711
DNAH14	0.373905	-1.22562
DNAH17	-0.597951	0.355894
DNAH2	2.29974	-0.374545
DNAH5	1.41641	-1.18888
DNAH6	3.2031	0.307931
DNAH7	3.53503	0.58921
DNAH9	-4.13412	-4.88544
DNAJA1	4.78166	0.9438
DNAJA4	0.481129	-1.43077
DNAJB9	2.58583	2.2523
DNAJC1	0.628841	-0.632439
DNAJC10	2.47407	-0.799909
DNAJC11	0.171447	1.23423
DNAJC12	-1.98723	-2.62277
DNAJC18	0.199931	1.1541
DNAJC19	1.48161	-0.622078
DNAJC2	3.12036	-0.0784155
DNAJC21	0.95923	1.22549
DNAJC22	-0.412643	0.210959
DNAJC25	-2.45138	0.476304
DNAJC27	2.3794	2.62242
DNAJC28	0.281441	1.526
DNAJC30	4.73933	1.30344
DNAJC4	-0.739264	1.13813
DNAJC5G	0.745824	1.84003
DNAJC8	1.98921	-0.0728008
DNAL1	0.115908	-0.807144
DNAL4	0.638811	-1.09327
DNALI1	0.880631	-0.683987
DNASE1L1	-0.166919	-1.20553
DNASE1L2	0.199292	1.37453
DND1	-1.26476	1.16891
DNHD1	1.305	2.41956
DNM3	3.00672	3.22155
DNMT3A	-3.3719	-1.37039
DNPH1	3.69967	0.0787886
DOC2A	4.3988	0.436736
DOC2B	0.419386	-1.17223
DOCK4	3.42904	1.81714
DOCK7	-0.980227	-1.83471
DOCK8	-3.16194	-3.60455
DOCK9	0.765968	-0.0908914
DOCK9-AS2	4.57391	3.80602
DOK1	-2.73491	-3.19016
DOK3	-1.48774	0.0769456
DOK4	1.51589	-0.559522
DOK6	2.58024	-0.841149
DOK7	-0.854951	-0.997835
DONSON	1.66286	1.13207
DOT1L	-2.56073	0.357408
DPCD	0.849932	-1.02492
DPF1	6.94759	1.62723
DPH3	-0.129369	0.474027
DPH3P1	0.726889	1.21454
DPH5	-1.33111	-2.08669
DPH7	1.15072	2.06786
DPM3	-0.738509	0.475248
DPP10	5.87121	1.39338
DPP10-AS1	5.20407	0.583044
DPP4	-1.84403	1.0711
DPP6	1.29069	1.44159
DPP7	3.0316	3.75111
DPP8	1.63127	2.29083
DPT	-1.49875	0.142076
DPY19L1	1.06227	1.18051
DPY19L1P1	2.44001	3.40021
DPY19L2	0.719001	1.90516
DPY19L2P1	-0.134244	1.5365
DPY19L2P2	0.873876	1.99571
DPY19L2P3	-0.554477	1.20709
DPY19L2P4	0.901302	2.24953
DPY19L4	-1.19584	0.37867
DPY30	0.540808	-0.730783
DPYD	-1.74611	-3.13619
DPYS	3.31631	2.71192
DPYSL3	1.16938	-1.05778
DPYSL4	3.61744	1.63372
DPYSL5	-0.571673	-0.700425
DR1	-1.8835	-2.52054
DRAIC	-2.0843	-2.92908
DRAM1	-0.756424	-1.85726
DRAXIN	-0.960748	-1.89619
DRC1	5.3233	2.11869
DRC3	-0.387402	0.660648
DRD1	2.74059	3.09775
DRD2	-1.22891	-2.4604
DRD3	2.24875	0.933398
DSCAML1	-2.85667	-0.324296
DSCC1	-0.359597	1.67993
DSCR9	-0.548518	-0.00261203
DSEL	-1.42011	-2.62872
DSP	-3.41682	-3.51982
DST	-1.78211	-0.191815
DSTN	1.78832	-0.713654
DTNA	-2.59796	-2.61462
DTNB	2.2215	0.00372892
DTNBP1	0.912699	-1.40249
DTWD1	-1.04758	-1.47318
DTWD2	-0.808857	1.18545
DTX1	2.0756	0.357531
DTX3	3.41773	3.58282
DUBR	-1.22183	0.547978
DUS1L	-5.97166	-0.609802
DUS4L	-0.0913156	-1.16288
DUSP1	-4.4981	-0.671455
DUSP14	1.95448	1.03527
DUSP16	0.350576	0.782185
DUSP18	-0.0389157	-1.18469
DUSP2	3.87402	2.99164
DUSP22	-2.66166	-1.41219
DUSP23	-1.35472	-1.64922
DUSP26	3.27404	0.980645
DUSP27	3.49787	1.95815
DUSP3	4.82107	2.15378
DUSP4	2.90185	4.21106
DUSP5P1	1.87531	-0.480388
DUSP6	5.0046	4.01843
DUSP7	0.0561338	1.23501
DUSP8	-2.76199	-0.907293
DUT	2.42443	3.05851
DVL1	0.568902	-0.469872
DVL2	1.45758	2.36097
DYDC2	-1.4129	-2.37866
DYM	-1.37527	0.601638
DYNC1I1	2.38511	1.06501
DYNC1LI1	2.46048	3.04258
DYNC2H1	1.65825	2.73502
DYNLL1	3.23325	-0.253513
DYNLT1	-3.22402	-3.48406
DYNLT3	3.61654	3.42624
DYRK2	1.62009	-0.359365
DYRK3	0.541801	-1.1986
DZIP3	6.76506	2.37721
E2F1	1.20893	1.31083
E2F3	4.69017	1.15346
E2F5	0.579351	-1.17515
EAF1	2.3562	0.561205
EAF2	-3.73735	-3.76351
EARS2	4.70361	0.628345
EBAG9	-1.22345	-1.76539
EBF1	-1.64991	-0.790292
EBI3	-4.49864	-3.81977
ECH1	0.138369	-1.04607
ECHDC2	-2.77389	-2.06066
ECHDC3	1.16992	-1.23948
ECHS1	-0.162658	-1.61233
ECI1	-0.182785	0.8457
ECI2	-1.33269	-2.10343
ECM1	0.430738	1.55956
ECSIT	1.85253	2.44517
EDA	-3.25622	-3.69005
EDARADD	-0.722597	-2.14646
EDC3	2.59063	1.58608
EDEM1	-1.22789	0.752847
EDF1	2.85881	0.392944
EDIL3	-2.43249	-0.355673
EDN1	1.82022	0.834849
EDN3	-1.35374	0.377757
EDNRA	-1.76774	0.617394
EDNRB	-0.58446	-1.63534
EED	1.36738	2.5016
EEF1AKMT1	0.536292	-0.576748
EEF1AKMT2	0.125942	0.723167
EEF2K	-1.49283	0.499075
EEPD1	-2.54449	0.721921
EFCAB1	4.58158	-0.433467
EFCAB11	-1.78527	-2.54399
EFCAB14	-4.24856	-2.90497
EFCAB2	-0.601236	-1.06839
EFCAB7	1.31642	2.45748
EFCC1	-4.07666	-4.49227
EFEMP1	-0.239444	-1.18083
EFEMP2	-0.994654	-1.86834
EFHB	1.10957	-0.821397
EFHC2	2.45789	0.432281
EFHD2	-1.54119	-0.0741061
EFL1	0.207727	0.0927285
EFNA2	-3.83242	-4.00621
EFNA5	3.26579	3.34737
EFNB1	0.292015	-0.424304
EFNB2	5.0321	0.305389
EFNB3	4.25718	-0.368699
EFR3A	0.332374	1.60499
EFR3B	0.174095	-0.932035
EGFEM1P	0.437409	0.0486256
EGFL6	-1.7249	-2.22612
EGFL7	3.92532	3.53986
EGLN1	-2.80994	-3.36737
EGR1	2.20883	2.77256
EGR2	4.2346	4.23539
EGR3	2.09197	0.61818
EGR4	2.54739	2.04221
EHBP1L1	1.50081	-0.0685252
EHD1	-1.11158	-0.573514
EHD2	1.77595	2.41134
EHF	-0.114004	0.808227
EHMT1	-1.58653	0.777298
EID1	2.42747	1.80143
EID2B	1.7295	0.232359
EIF1	-1.06186	-2.09372
EIF1AD	2.39755	0.0733798
EIF1AX	2.9116	3.37957
EIF1AY	-0.28334	-1.48095
EIF1B	0.655223	1.88503
EIF2A	-1.29761	1.17468
EIF2B2	0.992757	1.66591
EIF3D	1.37417	-0.659826
EIF3J	2.3477	0.299672
EIF4A2	2.87781	3.12305
EIF4E	-0.251926	1.12804
EIF4E1B	1.14928	2.0034
EIF4E2	0.725339	1.45882
EIF4E3	1.52193	2.33924
EIF4EBP1	-1.07641	-2.0368
EIF4G2	-0.508392	0.379703
EIF4G3	-3.45198	-0.562788
EIF5	2.00904	2.72875
EIF5A2	0.769388	1.85182
EIF6	2.95204	1.23224
EIPR1	1.08542	-0.717736
ELAC2	0.703136	-0.76174
ELAVL4	3.78425	4.79764
ELFN2	0.491425	-1.01685
ELK1	-0.0826657	-1.31208
ELK3	-5.45513	-3.91671
ELL	0.838174	2.28268
ELL2	2.50363	2.9385
ELL3	1.04797	-1.48432
ELMO1	2.11775	2.35441
ELMO2	0.327626	-1.38559
ELMO3	0.76983	1.47706
ELMOD2	3.46892	3.63629
ELMOD3	-3.23426	0.487234
ELMSAN1	0.443503	0.453155
ELN	0.713334	1.63141
ELOA	2.12651	1.01743
ELOB	1.60842	-0.523818
ELOVL1	-2.08183	-0.18734
ELOVL4	-0.955786	0.500252
ELOVL5	-1.58154	-0.758147
ELOVL7	-3.22853	-0.332821
ELP3	2.27645	2.13076
EMB	-1.22765	0.132282
EMBP1	-1.44106	-0.173108
EMC2	-3.74078	-3.82576
EMC3	3.12072	2.31409
EMC3-AS1	-0.285117	0.932773
EMC7	0.217427	-1.60831
EMCN	-0.997221	0.294652
EMG1	3.35205	-0.637086
EMID1	-0.151107	-1.39838
EMILIN2	-3.01311	-1.09798
EMILIN3	-0.573115	0.943134
EML1	3.41189	3.56725
EML2	-0.794072	0.909819
EML5	1.22231	2.28263
EML6	3.78899	5.15877
EMP1	-3.23214	-3.99739
EMP2	-3.22584	-3.04369
EMP3	-1.97364	-2.67599
EMSY	0.493174	1.84517
EMX1	0.279196	1.63578
EMX2OS	-1.92161	-2.45804
ENAH	-0.119858	-0.436497
ENC1	4.55815	1.00749
ENDOD1	0.643961	0.829421
ENDOU	-0.841929	-1.84397
ENG	-1.28533	-0.283053
ENKD1	0.802559	2.02778
ENKUR	0.0717401	-0.739593
ENO1	0.285118	-1.61042
ENO2	2.30153	2.84676
ENO3	0.294985	0.714589
ENO4	0.381543	1.33639
ENOX1	5.55156	1.45998
ENPP1	1.2225	-0.412773
ENPP2	-1.84729	-0.730549
ENPP4	2.34085	2.34512
ENPP5	1.03105	1.92176
ENPP6	0.856666	1.24479
ENSA	5.52123	1.16561
ENTPD3	-0.634204	1.48777
ENTPD4	-1.4	1.20592
ENTPD6	3.92958	1.69355
ENY2	-0.714365	-1.72162
EPB41	0.69645	2.00918
EPB41L1	-3.4236	0.403426
EPB41L3	0.928176	1.66027
EPB41L4A	-2.67296	-3.27237
EPB41L4A-AS2	-1.28512	-1.1532
EPB41L4B	1.63141	-0.485758
EPB41L5	3.0153	3.98246
EPC1	-0.0419381	1.28396
EPC2	0.960632	2.14945
EPCAM	-4.44379	-5.4503
EPDR1	0.565622	0.26194
EPHA10	3.44838	-0.253686
EPHA3	-0.199476	0.380643
EPHA4	1.25813	1.79412
EPHA5	0.414947	-0.331704
EPHA5-AS1	-1.04648	-1.37982
EPHA6	-1.03618	-1.93716
EPHA7	-3.06131	-1.23906
EPHB2	0.328577	1.43512
EPHB3	2.42039	2.43132
EPHB6	3.18822	3.94676
EPHX1	-1.65905	-2.38958
EPHX4	3.77443	4.1254
EPM2A	-1.51998	0.713048
EPN3	0.521938	1.32092
EPOP	3.75198	0.600797
EPRS	0.361533	0.618738
ERBB2	-1.70426	-2.38274
ERC1	-2.38814	-2.43511
ERC2	1.05051	-1.07006
ERC2-IT1	-0.38478	0.209808
ERCC2	2.6476	-0.210639
ERCC4	-1.70683	1.01682
ERCC6L2	2.88093	0.403427
ERFE	0.805075	-1.07711
ERG	-1.18447	0.0301132
ERH	0.213786	-1.14477
ERI3	0.568618	-1.15893
ERICH1	1.94676	1.26715
ERICH2	-5.6023	-5.1956
ERICH3	-0.367376	-1.50878
ERICH5	-1.58713	0.861563
ERICH6-AS1	-1.65003	-2.19555
ERLIN1	3.27285	0.465845
ERMARD	-1.76648	-3.03685
ERMP1	-0.817142	0.712443
ERO1A	1.83481	2.50594
ERO1B	-1.10868	0.278268
ERP29	-4.28256	-3.72845
ERP44	0.592935	1.96911
ERRFI1	2.07888	2.88873
ESAM	-0.382957	0.530455
ESCO1	0.774347	1.93858
ESD	1.3599	-1.02317
ESRRA	-1.48409	0.696844
ESRRB	-2.13014	-0.265375
ESRRG	-1.78017	0.815462
ESYT1	1.69606	2.18345
ETFB	0.257714	-1.34918
ETFDH	-0.0268366	-1.19181
ETFRF1	-3.5989	-3.79888
ETHE1	-0.560326	0.364872
ETNK1	2.64151	1.72547
ETNPPL	-0.76495	-1.83528
ETS2	5.13721	3.98591
ETV1	0.806664	0.498865
ETV5	0.0925348	1.02872
ETV6	1.99528	3.78211
EVI2B	-3.13761	-4.0692
EXD3	4.86743	2.54213
EXOC1	-0.259321	-1.32501
EXOC3-AS1	3.06108	-0.419731
EXOC3L2	-1.06667	-0.882712
EXOC4	2.74229	-0.433422
EXOC6	3.92952	0.264586
EXOG	-2.7834	-0.742286
EXOSC8	-0.665219	-1.27206
EXPH5	-0.353409	0.109869
EXT1	2.9612	2.42306
EXTL1	4.07213	3.86349
EXTL2	0.293434	1.64488
EXTL3	1.18676	1.43772
EYA2	-0.991426	-1.83506
EYA3	0.0130527	1.41514
EYA4	-6.40014	-0.275566
EZR	-1.28894	-1.98677
F12	1.87823	-0.496366
F7	0.129491	1.08888
F8	4.10397	3.66286
FA2H	-0.347565	0.290862
FAAH2	-1.08485	-0.644148
FABP3	1.98953	-0.449333
FABP5	-1.33401	-2.34701
FABP5P3	-1.90106	-2.56364
FABP6	-0.4173	-1.33041
FABP7	0.288727	-1.33593
FADS1	-1.0988	-1.80216
FADS2	-1.54203	-2.38083
FADS3	4.54688	1.32641
FADS6	0.590301	1.62897
FAH	-0.807173	-1.78237
FAM102A	-1.16391	-2.06191
FAM102B	6.39403	1.54536
FAM104B	0.594496	1.71735
FAM105A	0.0130812	-1.24418
FAM106A	1.03493	2.2112
FAM107A	-1.03329	-1.78293
FAM110A	-0.859701	1.08487
FAM110C	3.89181	0.25444
FAM111A-DT	-2.13429	-1.2999
FAM117A	-1.656	-3.17482
FAM117B	5.79494	4.30724
FAM120A	-0.516454	-1.35606
FAM120AOS	2.07252	-0.879229
FAM120C	0.729988	1.75712
FAM122C	1.72243	-1.15406
FAM126B	0.483687	1.45884
FAM129A	-4.83333	-6.25617
FAM129B	-2.08799	-2.67251
FAM131A	2.28517	0.372479
FAM131B	0.670858	1.65435
FAM133A	8.68018	2.57193
FAM133DP	-2.34461	0.376525
FAM135B	-1.08359	0.415369
FAM13A	5.18057	4.95835
FAM13A-AS1	-3.16269	0.0022029
FAM13B	-2.85	-0.530187
FAM149A	0.592252	-1.04552
FAM151B	-0.520462	-1.85026
FAM153A	1.44178	2.342
FAM155B	-5.3361	-4.76194
FAM160A2	4.04034	2.22765
FAM160B2	1.79548	2.39729
FAM161A	2.50161	1.44016
FAM162A	-0.836224	-2.13252
FAM162B	4.61705	5.1166
FAM167A	-0.185647	-0.968658
FAM167B	-1.68047	0.00370762
FAM168B	-0.798424	1.05214
FAM169A	1.97512	2.61899
FAM171A1	0.47709	0.860066
FAM171A2	0.769771	-0.887723
FAM171B	0.394249	-1.30263
FAM172A	-0.551545	-1.04394
FAM174B	3.73084	2.0633
FAM181A	-1.45962	-2.15199
FAM181B	-2.80041	-3.08011
FAM182B	1.62641	-0.621722
FAM184A	1.55089	-0.890778
FAM185A	0.635346	0.746111
FAM187A	2.94833	-0.0618843
FAM189A1	-2.87926	-1.16256
FAM189A2	-1.92237	-2.2195
FAM189B	0.514913	0.623391
FAM192A	0.173195	-1.08443
FAM196A	-3.80077	-3.94023
FAM198B	0.930294	2.678
FAM19A1	2.44886	0.295729
FAM19A2	-1.06126	-0.202924
FAM200B	1.81463	-0.291788
FAM201A	-3.41155	-3.48959
FAM206A	1.32212	2.14391
FAM207A	0.638486	-1.31665
FAM208B	-1.08761	0.319299
FAM209A	0.322441	1.00696
FAM20A	-1.4622	0.0283696
FAM210B	-0.585054	0.94601
FAM212A	0.125826	-1.38106
FAM212B	-0.460956	-0.980947
FAM213A	1.82384	1.10601
FAM213B	-2.24198	-3.44177
FAM214A	-0.912286	1.40284
FAM216A	0.368275	1.67711
FAM217B	3.71687	3.43238
FAM218A	-0.344527	0.336204
FAM221A	-3.66545	-0.694811
FAM222B	-0.387141	1.24036
FAM225B	-4.80945	-1.36252
FAM228B	0.813112	-0.997212
FAM229B	-0.284603	-1.82066
FAM234A	-1.86333	-0.124907
FAM234B	6.2567	4.64261
FAM241A	-1.47459	-3.41277
FAM241B	4.44643	1.0743
FAM24B	-2.97016	-3.02806
FAM27E2	0.0115025	-0.492473
FAM27E3	1.09302	0.970438
FAM32A	1.7744	-0.395572
FAM35BP	-1.07331	0.787562
FAM3C	-0.24837	0.81604
FAM43A	-0.265093	1.30127
FAM43B	0.290806	0.997003
FAM46A	-2.85042	-3.14554
FAM47E	5.39254	1.37359
FAM49A	3.57069	1.07787
FAM49B	3.31528	3.5789
FAM53C	1.27516	-0.166428
FAM57B	-4.0165	-0.711996
FAM69B	1.06199	1.33153
FAM71E1	-5.15586	-0.0638874
FAM71F1	2.24156	-1.02701
FAM76A	1.20106	0.340375
FAM76B	-0.746407	1.20108
FAM78A	1.00685	1.9276
FAM78B	2.2935	3.26235
FAM81A	3.42973	4.7602
FAM83D	0.349542	1.34623
FAM83H	0.757982	-0.20982
FAM84A	4.34555	4.74673
FAM84B	0.641125	-0.22341
FAM86B3P	-0.0299481	-1.34356
FAM86C1	0.0373427	-1.54916
FAM86EP	0.00221565	-1.40701
FAM86FP	-0.150927	-1.56889
FAM86HP	-0.38761	-0.584415
FAM89A	-4.95577	-4.99858
FAM89B	-0.158871	0.676094
FAM95A	-0.625234	0.739806
FAM95C	-1.49213	-0.707275
FAM98A	0.377684	-0.493565
FANCA	-0.175562	0.827876
FANCC	-1.93444	-0.0387235
FANCE	-0.873782	-0.478802
FANCG	-0.788243	-0.149928
FANCI	-0.876258	1.08657
FANCL	-0.178112	-1.14596
FANK1	-2.65819	-2.92163
FAP	2.35154	2.86529
FAR1	1.22844	1.77613
FAR2	-0.313194	0.760737
FAR2P1	2.49759	-0.471861
FAR2P2	1.60228	-0.559581
FARP1	0.855961	-0.82512
FARSB	1.8163	-0.0666086
FASTKD1	-2.92034	1.04671
FASTKD5	2.26307	2.88067
FAT1	1.22007	-0.240346
FAU	-0.855136	-1.6424
FBL	-1.33467	-2.3407
FBLIM1	-2.13149	-0.0347634
FBLN2	-4.10642	-3.57017
FBLN5	1.51676	0.633977
FBLN7	4.12297	3.65316
FBN1	1.99098	2.49084
FBRSL1	0.40647	0.745838
FBXL15	1.56032	2.26809
FBXL16	1.67556	-0.502775
FBXL2	4.21904	1.73811
FBXL4	-0.704469	1.14611
FBXO15	-2.53364	-3.52522
FBXO16	2.16965	2.81627
FBXO17	-1.89794	-2.90347
FBXO2	0.0812043	-1.5946
FBXO21	-2.5562	-0.553832
FBXO27	1.35956	0.4697
FBXO3	1.38167	-0.0843622
FBXO30	-1.03806	-0.235996
FBXO31	0.415837	1.14021
FBXO32	1.8537	2.30617
FBXO33	2.1571	2.81731
FBXO34	0.427661	1.68327
FBXO40	4.18901	3.33826
FBXO44	5.33728	1.79093
FBXO45	0.489706	1.61547
FBXO46	2.6169	3.48683
FBXO7	-0.707491	-0.688976
FBXO9	0.374874	1.947
FBXW7	3.1681	3.60605
FBXW9	2.99797	0.872667
FCGBP	-2.09887	-2.9394
FCGR1B	-3.45573	-3.33375
FCGR3A	-3.16309	-3.88195
FCGRT	-2.80884	-3.15354
FCHO2	2.90905	3.52755
FCN1	-1.06424	-0.756517
FDFT1	1.74686	-0.404254
FDPS	2.56694	0.445837
FDPSP2	1.60451	-0.171422
FDX1	0.037951	1.2451
FDX1L	2.2275	-0.23466
FDXR	-1.25668	-2.17459
FECH	2.56322	2.65121
FER1L4	-1.07138	0.675597
FERMT1	-0.377038	-1.51764
FERMT2	-1.46896	-2.32139
FES	2.93232	3.66367
FEZ1	-0.955648	0.154422
FEZ2	1.96295	0.333798
FEZF2	-0.872238	-1.29162
FFAR4	8.7206	1.29315
FGD1	-1.21229	-1.57788
FGD3	1.63669	-0.612338
FGD4	-6.24814	-5.53119
FGD5	-0.692271	0.376227
FGF12	0.557817	2.1264
FGF13	-1.63748	0.573789
FGF14	2.30768	3.12069
FGF17	0.657358	2.00848
FGF18	2.50682	3.63174
FGF2	-0.169705	-1.18862
FGF22	4.61949	2.48246
FGF7	-1.43393	0.329
FGF7P3	-0.69301	0.789632
FGF7P6	-0.891694	-0.103706
FGF9	-0.581855	1.02911
FGFBP3	0.2149	-1.23466
FGFR1	-0.166191	-0.916333
FGFR1OP	2.48744	2.82003
FGFR1OP2	5.89825	4.15814
FGFR2	-0.799169	0.408929
FGFR3	-1.35583	-2.01622
FGGY	-0.196279	-1.52636
FGL1	-1.00713	-2.14302
FGL2	-6.04722	-5.43626
FGR	-1.07833	-0.159029
FHIT	-0.629655	-0.72912
FHL1	0.875385	0.0786891
FHL3	4.04873	3.27472
FHOD1	-3.51168	-4.74368
FHOD3	-0.600426	-1.66239
FIBIN	-1.20093	-1.94579
FIGN	3.69909	5.24997
FIGNL2	3.59691	0.408609
FILIP1	0.0862352	-1.27752
FILIP1L	5.55986	2.03068
FIP1L1	3.883	0.557066
FITM2	3.17584	3.17629
FIZ1	2.28617	3.16221
FJX1	0.634115	-0.164251
FKBP11	0.403728	1.85727
FKBP14	-1.51625	-2.89051
FKBP1A	3.54583	-0.435511
FKBP1B	0.856305	-1.33216
FKBP2	0.950777	1.49824
FKBP5	-4.63113	-0.854744
FKBP7	-3.78917	-0.528152
FKRP	-0.65132	-1.57406
FLCN	1.09087	0.449949
FLII	1.31775	1.49697
FLJ20021	4.52601	2.07557
FLJ23867	-0.592351	0.949173
FLJ30901	0.51338	1.04133
FLJ33534	2.57129	1.33653
FLJ37453	-1.12835	-2.11993
FLJ42627	-2.60149	-0.446319
FLOT2	2.90033	1.22089
FLRT1	-0.693519	-2.04208
FLRT2	3.73729	4.14873
FLRT3	2.14749	2.94445
FLT1	-2.39909	-0.101897
FLT3	-0.166704	1.3383
FLVCR1-AS1	0.00511293	-0.695266
FMN1	5.85175	4.43807
FMN2	0.996234	2.25462
FMNL2	-3.09141	-1.22243
FMOD	1.73303	0.768256
FMR1	4.24205	4.90221
FN3KRP	2.91931	0.577637
FNBP1L	1.33143	-0.686551
FNDC10	1.364	2.24415
FNDC11	-2.86735	-1.4447
FNDC3A	-0.655988	-1.47831
FNDC3B	3.0056	2.655
FNDC4	1.04055	2.38728
FNDC5	-0.054568	2.02369
FNDC9	1.23245	0.51961
FNIP2	3.77411	2.21317
FNTA	-1.81429	-0.959168
FOCAD	0.683917	1.39794
FOLH1B	-1.71953	-0.62813
FOLR1	-2.9933	-3.80905
FOLR2	-1.73082	-2.31539
FOS	-4.77057	-2.60005
FOSB	1.58933	2.34241
FOSL2	-1.18498	1.08991
FOXC1	-1.81917	-0.175806
FOXD1	0.652073	0.319918
FOXF1	-1.91666	-0.715901
FOXF2	1.49874	0.516666
FOXG1	3.42732	0.629881
FOXJ2	0.739646	0.712889
FOXJ3	4.27392	2.42846
FOXK1	-0.88902	0.924247
FOXL2	0.803605	1.44726
FOXN3	-3.15314	-0.281426
FOXN3-AS1	2.74448	-0.326101
FOXO1	-4.88255	-4.74795
FOXP1	1.72672	2.57447
FOXP2	3.16739	3.80213
FOXQ1	0.780447	1.5645
FOXRED2	4.53249	0.938528
FOXS1	-1.18028	-0.643705
FPGS	-0.997677	-1.8254
FPGT	-1.88712	-0.159458
FPR1	-2.67585	-3.48054
FRA10AC1	1.73075	-0.269724
FRAS1	0.957204	1.55727
FRAT1	-0.857083	1.36502
FRAT2	-1.23693	0.628139
FREM3	3.79303	1.93572
FRK	0.0838378	0.684296
FRMD3	-2.05011	-2.90676
FRMD4A	-2.46474	0.677269
FRMD5	0.643395	1.7167
FRMD6	6.28143	2.77768
FRMPD4	7.57245	4.70806
FRRS1L	4.28387	1.27075
FRYL	-1.36231	0.236489
FRZB	-0.230552	0.256508
FSBP	0.451847	2.13469
FSIP1	0.174833	-0.961699
FSTL1	-3.83436	-0.307075
FSTL4	2.98807	3.30334
FSTL5	3.80634	0.890425
FTH1	1.15688	-1.08955
FTL	-2.48465	-2.75982
FUCA1	2.61186	-0.0637156
FUNDC2	0.537535	0.819986
FUOM	-0.264437	-1.78308
FUT10	1.2751	-0.79312
FUT11	0.152987	1.21892
FUT9	6.19728	2.92626
FXR1	2.42724	3.16099
FXYD6	6.84569	1.27785
FXYD7	3.38349	3.55658
FYB1	-3.3176	-3.21847
FYN	-3.18961	-3.54925
FZD1	-0.369671	-1.73088
FZD10	-1.62433	-0.832633
FZD2	-2.56328	-2.87125
FZD3	6.36242	3.93512
FZD4	-0.913655	0.652011
FZD5	1.4098	2.47244
FZD6	1.135	2.2755
FZD7	-0.0207016	-0.825811
FZD8	-0.0367915	-1.30012
FZD9	1.70762	-0.366286
FZR1	3.74268	1.44541
G0S2	0.199824	0.782225
G6PD	-0.770454	-0.15038
GAB1	-0.0311817	1.15219
GABARAP	1.11253	-1.08454
GABBR1	3.10531	-0.662131
GABPB1-IT1	2.98349	3.54261
GABRA1	2.07521	2.50244
GABRA2	-0.420738	-1.41232
GABRA3	2.50441	-0.593233
GABRA4	-4.20766	-1.00032
GABRA5	1.30643	-1.11247
GABRB1	2.34667	-0.728643
GABRB2	1.6884	2.50449
GABRB3	2.10153	-0.826999
GABRD	3.49428	3.901
GABRE	1.35893	0.0619049
GABRG1	1.14112	-0.26615
GABRG2	3.947	4.12324
GABRG3	2.06007	2.61364
GAD1	-1.11683	0.556187
GADD45B	-1.43139	0.091863
GADD45GIP1	3.38204	0.748424
GAL	1.97195	1.73546
GALE	0.439195	1.61417
GALM	0.100961	-1.53103
GALNT11	1.52702	-0.170624
GALNT12	0.586341	1.39838
GALNT13	1.79894	1.74258
GALNT14	2.54791	0.96954
GALNT15	-1.18293	-0.540927
GALNT16	2.45962	2.0144
GALNT17	6.86777	3.64874
GALNT18	2.22246	0.320914
GALNTL5	3.86334	2.09974
GALR1	0.219638	1.89047
GALT	-2.01693	-0.978069
GAMT	1.7889	0.245809
GANC	-2.75445	-0.68185
GAP43	4.77923	0.27406
GAPVD1	-1.90568	0.235336
GAR1	1.08892	-1.23903
GARNL3	-1.88956	-2.11173
GART	0.754109	1.74137
GAS2	-1.58971	1.03965
GAS5	-1.776	-2.23117
GAS6	-4.57258	-0.0657287
GASAL1	-1.67584	-2.45623
GATAD2A	-1.8486	-0.66723
GATB	3.31183	1.655
GBA	1.36524	-0.447389
GBAP1	2.45922	1.03246
GBE1	0.429566	0.519938
GBP2	-0.827715	0.0767079
GBP3	-3.93051	-3.45552
GBP4	-0.70957	0.00232686
GCC2	-2.00619	0.908385
GCHFR	1.3184	1.63036
GCLM	1.86607	2.32553
GCNT1	2.2174	0.0800301
GCSH	-2.9754	-3.55732
GDA	3.8596	-0.391818
GDE1	0.0945056	-1.68325
GDF10	2.76519	1.9908
GDF7	1.80007	1.51889
GDPD1	-0.882574	0.849195
GDPD2	-0.678087	-1.68146
GDPD5	0.594021	1.14973
GDPGP1	4.14608	1.97749
GEM	-2.14695	-2.93776
GEMIN7	1.15986	1.90227
GEMIN8	-1.28785	-2.31801
GFAP	-2.8387	-3.29075
GFM1	-1.84234	0.638306
GFOD1	5.30112	4.78084
GFOD2	3.96399	3.63533
GFPT2	0.575515	1.54008
GFRA1	-6.69846	-2.36234
GFRA2	0.692299	1.61621
GGA2	-0.363506	1.27514
GGCT	6.09405	-0.0121486
GGCX	1.26612	-0.901549
GGH	0.73215	1.16863
GGN	1.59798	0.190323
GGNBP2	1.64827	0.926443
GGT1	0.59398	1.69251
GGT3P	-1.03428	0.768897
GGT5	-1.79628	-0.192152
GGT6	0.264836	0.963308
GGT7	-0.410731	1.00024
GGTA1P	-1.04495	-2.18462
GGTLC1	0.811512	1.9595
GHDC	4.78775	5.4225
GHR	-0.193699	-1.35337
GHRL	-3.80964	-4.26405
GHRLOS	-0.474748	1.37009
GIGYF1	-1.23733	0.786948
GIGYF2	1.04816	2.32543
GINS2	-0.381698	-1.58279
GIPC1	1.22488	1.75463
GIT2	-7.27621	-0.583313
GJA1	-0.0891493	-1.19615
GJB1	-0.643572	0.300407
GJB5	1.45054	1.33075
GJC1	-0.521516	1.18702
GJC2	-0.545715	0.348862
GK	3.38075	3.66151
GK3P	2.64157	2.90788
GK5	-2.73478	-0.648509
GLA	-0.56612	0.841429
GLB1L3	2.53604	2.87971
GLCCI1	1.95944	2.35348
GLCE	4.18381	2.53245
GLDC	-0.275971	-1.08064
GLDN	-0.440649	0.536037
GLG1	0.633546	-0.413325
GLI1	0.16929	-0.742162
GLI3	-2.08249	-2.59162
GLIPR1	1.92235	3.69994
GLIS1	0.0208358	1.36699
GLIS3	1.72612	1.65318
GLMN	0.491982	1.88985
GLO1	0.980834	-1.08682
GLOD4	1.48376	-0.908048
GLP2R	0.595274	-0.989594
GLRA2	-0.319945	-1.63797
GLRA3	6.77597	0.899594
GLRX	1.10691	1.73074
GLRX2	0.514481	1.55127
GLRX3	-2.43121	-0.882087
GLS	-1.08318	0.969744
GLS2	1.38975	2.159
GLT8D1	-0.747142	-0.550501
GLT8D2	0.771213	-0.97373
GLUD1	-1.78437	-2.43622
GLUD2	-1.09228	-1.90298
GM2A	-2.37024	-0.638363
GMFB	2.97583	-0.653599
GMFG	-0.888053	-2.05889
GMIP	-1.12617	-2.01784
GMNN	-0.426386	0.730891
GMPR	-1.88267	-0.448545
GMPR2	0.695101	0.986783
GMPS	0.929326	1.4114
GNA12	-3.49333	-3.58318
GNA14	0.414294	0.373138
GNA15	1.36934	1.05241
GNAI2	-0.536775	-1.989
GNAL	-4.15908	-3.92173
GNAO1	0.907023	-1.4694
GNAQ	3.44333	0.400235
GNAS	0.268877	1.61303
GNAZ	5.17683	1.69647
GNB1L	6.5702	3.65843
GNB2	2.95394	-0.472945
GNB3	1.09063	1.94514
GNB4	1.02606	-1.32745
GNG10	-0.736624	-1.81804
GNG11	-1.48626	-0.85609
GNG12	-0.903171	-1.80166
GNG13	7.08701	5.48893
GNG2	-0.437106	-1.96283
GNG4	1.88966	-0.838638
GNG7	-4.31143	-0.982928
GNL1	2.29886	2.78443
GNL2	-0.326151	0.746182
GNLY	-1.5475	-0.92205
GNPDA2	3.54411	3.8124
GNPTAB	2.40839	-0.528454
GNRH1	-2.63343	0.885416
GOLGA1	-0.467936	0.854086
GOLGA2P7	-2.34128	-0.788781
GOLGA6L10	-0.32296	1.1406
GOLGA6L17P	-1.50336	-0.468623
GOLGA7B	0.0160732	1.00641
GOLGA8A	0.797452	1.79114
GOLGB1	4.988	0.682666
GOLM1	3.04959	-0.407791
GOLPH3	0.344562	1.71742
GOLPH3L	3.79357	1.32579
GOLT1A	0.148188	-1.12501
GON4L	-1.2929	0.499984
GON7	-3.39604	-1.06267
GOPC	5.24414	5.95066
GOSR2	1.64547	-0.562327
GOT1	1.66206	2.06545
GOT2	0.460048	1.33151
GPAT3	-0.259376	1.12748
GPATCH4	1.62462	0.276901
GPATCH8	0.251211	1.7424
GPBP1L1	0.408766	1.5538
GPC2	-4.0469	-5.08818
GPC4	-1.59583	-2.50113
GPC5	-2.06975	-2.55338
GPC6	0.992244	-0.925522
GPCPD1	0.274197	1.70173
GPD1	-1.65186	-1.18246
GPD2	-0.8809	-1.92447
GPER1	-1.17158	-0.89331
GPHN	-0.283751	0.92639
GPIHBP1	-0.279046	0.429099
GPLD1	-0.794497	1.58447
GPM6A	4.34101	0.863718
GPM6B	1.31586	-1.11811
GPN1	4.45509	1.9857
GPN2	3.99871	3.09608
GPNMB	1.47366	-0.835911
GPR107	-0.960212	-2.14013
GPR108	-0.883065	0.656939
GPR137B	-1.98945	-2.49538
GPR137C	2.53094	3.49707
GPR143	0.773453	-0.525753
GPR146	-1.56567	0.602823
GPR149	-0.505399	0.98141
GPR150	5.36102	2.50517
GPR155	7.15387	3.32907
GPR158	2.64095	3.20889
GPR160	0.787839	-1.52635
GPR161	-0.708035	1.74185
GPR179	-3.47774	-3.5553
GPR180	2.37638	2.86458
GPR183	-3.66483	-3.96897
GPR19	-0.832828	0.375331
GPR20	1.90976	1.82929
GPR22	4.23089	4.96275
GPR25	2.44048	-0.367125
GPR26	2.9843	3.08333
GPR27	0.940506	-0.681736
GPR34	-1.48797	-2.17652
GPR4	-2.48126	-0.917828
GPR6	0.317501	-0.800887
GPR61	0.111859	1.29551
GPR62	-0.131256	0.393489
GPR68	1.80582	-0.709487
GPR83	2.14136	0.308627
GPR85	0.349443	1.51897
GPR88	-0.168307	-1.4249
GPRC5C	-3.50829	-4.00416
GPRIN1	1.57016	-0.450541
GPRIN2	3.32577	-0.850098
GPSM1	0.713338	-0.532283
GPSM2	-2.07892	-1.32823
GPT2	0.502524	-1.22885
GPX3	5.16284	4.07284
GPX4	1.76008	0.356182
GPX7	-1.91347	-1.11686
GRAMD1B	-2.37227	0.75285
GRAMD4	4.77244	0.552897
GRASP	5.33505	3.33791
GRB10	2.5189	-0.591817
GRB14	0.394185	-0.979374
GREB1	-0.549041	1.18446
GREB1L	-3.86672	-3.82768
GREM1	2.13208	1.96258
GREM2	0.790033	1.36953
GRHPR	0.531593	0.560974
GRIA1	3.16821	-0.719656
GRIA2	6.02366	3.24838
GRID1	0.150004	0.14198
GRID2	-0.672154	-2.53665
GRIK1	2.40547	0.762103
GRIK2	3.25527	0.337178
GRIK3	3.18435	1.23302
GRIK4	-0.285654	-0.811946
GRIK5	-1.86008	-2.91022
GRIN2A	3.43983	3.31192
GRIN2B	1.49726	-0.0589744
GRIN2C	-1.14158	-1.84454
GRIN3A	2.40317	-0.905083
GRIP2	0.530536	1.88447
GRK3	-0.764971	-0.0666936
GRK5	1.02963	0.389876
GRM1	5.06551	1.15371
GRM3	3.99055	1.46264
GRM4	-4.35829	-1.47246
GRM5	0.298455	-0.318184
GRM7	1.29797	0.216428
GRM8	2.01731	0.442505
GRN	-0.450946	-1.76024
GRP	-1.12724	-2.1138
GRPEL2	3.55242	3.51371
GRSF1	2.62307	1.3612
GS1-124K5.11	-5.73852	-0.853868
GS1-124K5.4	-2.68293	-3.19796
GSAP	-1.08378	0.0801356
GSDMB	-0.122233	1.0337
GSDME	1.90635	1.86549
GSE1	-1.44177	0.436439
GSG1	5.86505	0.260816
GSG1L	1.36506	-0.677798
GSK3B	3.1746	3.9329
GSKIP	2.23818	-0.551907
GSN	-3.47858	-3.13704
GSPT2	3.13377	0.707586
GSR	-2.46877	-1.66709
GSS	3.71515	0.90273
GSTCD	0.2521	0.776797
GSTK1	-4.09527	-1.24604
GSTM1	-0.655452	-1.54472
GSTM2	-0.690593	-1.66569
GSTM2P1	-0.833555	-1.45309
GSTM3	1.36755	-0.972904
GSTM5	-0.135054	-1.40245
GSTO2	1.55902	-1.05096
GSTP1	-2.00396	-3.00204
GSTT1	-0.155236	0.972014
GTDC1	2.62034	1.49935
GTF2A1	1.8052	2.57767
GTF2A2	-1.3688	-1.16143
GTF2F2	0.263518	-1.33068
GTF2H2B	-1.10973	1.24194
GTF2H5	-1.95361	-2.41643
GTF2IRD1	0.719825	1.8978
GTF3A	-0.471475	0.63534
GTF3C2	0.89589	1.99948
GTF3C3	-0.0460653	1.63345
GTF3C6	-0.869072	-1.82681
GTPBP1	-2.51075	-0.65956
GTPBP4	1.35919	-0.845693
GUCA2B	-5.37093	-0.127465
GUCD1	-4.57087	-1.84553
GUCY1A1	1.09888	-1.1818
GUCY1A2	2.64802	3.06837
GUCY1B1	4.54741	2.01803
GUK1	0.969467	-1.07775
GULP1	5.96043	1.90716
GUSB	-1.47267	-0.555579
GUSBP4	0.501631	1.90303
GXYLT2	-0.299827	-2.02437
GYG1	0.688742	0.128906
GYG2	1.15975	0.0207533
GYPE	2.18487	-0.313044
GZF1	2.20265	3.58757
H1F0	-1.12214	1.01406
H2AFJ	-2.47273	-2.13659
H2AFX	-4.10647	-1.33529
H2AFY2	0.543111	2.07188
HAAO	-0.0135541	0.874121
HACD1	0.951602	-0.846207
HACD2	-1.16292	-0.487404
HACD4	-0.206108	-1.57403
HACE1	0.71384	1.77209
HACL1	3.4745	3.82858
HADH	0.616469	-1.16415
HADHB	-2.22425	-2.85925
HAGHL	1.40455	2.36143
HAGLR	-1.04185	-0.310988
HAGLROS	-0.391222	-0.419333
HAMP	-0.00825666	-0.573169
HAPLN2	-1.92812	-0.746432
HAPLN4	1.77512	2.55477
HAR1A	1.20569	2.2429
HARBI1	0.638939	1.10988
HARS	2.77674	3.14949
HAUS3	-0.668341	0.126561
HAUS6	3.11855	3.87575
HAUS7	2.27477	2.01071
HAUS8	-0.733975	0.939654
HAVCR2	-5.94353	-4.97111
HBG1	-2.26074	-3.35596
HBM	2.29841	0.257074
HBP1	-3.26834	-0.823772
HBQ1	1.02315	-1.28682
HBZ	-0.219321	-1.67277
HCG23	-0.436874	-1.47964
HCG4	-2.201	-0.177134
HCLS1	-5.54865	-5.05276
HCN1	2.04977	2.67077
HCN2	-2.25785	0.22117
HCN3	4.7038	3.45678
HCN4	-0.957518	-2.41142
HCST	-2.36258	-2.5882
HDAC4	-0.331757	1.2403
HDAC5	0.327487	0.469479
HDAC7	-0.609938	0.584089
HDAC8	-1.67397	0.154855
HDAC9	8.32809	3.53639
HDC	3.30336	0.486272
HDDC2	-1.61914	-2.50735
HDGFL3	1.97189	0.480154
HDHD2	0.62587	0.342724
HEBP1	0.383587	-1.29995
HEBP2	-4.52763	-4.04846
HECA	2.78999	3.66001
HECTD1	2.29792	2.62042
HECTD2	3.47503	0.441936
HECW1	2.23039	2.63001
HEG1	-2.48013	-1.21707
HELB	-3.72996	-1.7555
HELLS	0.779822	1.73918
HELQ	0.589653	2.14604
HEPACAM	-3.26971	-3.51603
HERC2P2	-2.49554	0.147263
HERC3	-2.75261	0.111962
HERC5	-1.00722	-1.90213
HERC6	2.87682	3.50397
HERPUD1	0.781716	1.56811
HES1	-2.0646	-2.87897
HES4	4.27843	-0.0639761
HES5	-0.5674	-1.54516
HES6	-0.847311	0.826147
HEXB	1.91321	1.94256
HEXIM1	1.20934	2.46646
HEY1	0.672488	-1.167
HEY2	-3.98471	-3.93025
HEYL	-3.83726	-4.0826
HGF	4.71934	1.34993
HGH1	-0.914749	-1.85798
HGSNAT	2.33126	1.26173
HHAT	-0.241712	-0.0431995
HHATL	-2.40356	-1.05702
HHEX	-4.63215	-5.13374
HHIP-AS1	-2.22947	-0.0611849
HHIPL1	1.4208	-0.899476
HHLA3	-0.366814	-1.57713
HIC2	0.895967	0.982947
HIGD1B	-0.223853	0.504525
HILS1	-1.16986	-2.57344
HINT3	0.742683	-0.091522
HIST1H1A	-1.33979	0.399173
HIST1H1D	-1.09019	0.741565
HIST1H1E	-2.13243	-0.597047
HIST1H2BK	-2.44571	-2.90451
HIST1H3A	-0.143953	1.59701
HIST1H4A	1.15083	2.72516
HIST1H4E	1.7587	3.07625
HIST1H4H	0.726527	1.64333
HIST4H4	-1.95307	0.0549098
HIVEP2	2.17665	2.8277
HK2	-6.29379	-6.02792
HKDC1	-0.22772	-1.41497
HLA-A	-7.3537	-5.75887
HLA-B	-7.90017	-3.6366
HLA-C	-7.0905	-3.92097
HLA-DMA	-5.43254	-5.35728
HLA-DMB	-4.71473	-3.94178
HLA-DOA	-3.02943	-3.2793
HLA-DPA1	-4.3373	-4.68205
HLA-DPB1	-6.31553	-4.8042
HLA-DPB2	-4.82148	-4.94908
HLA-DQB1	-0.860979	-1.93121
HLA-DRA	-3.07529	-3.43669
HLA-DRB1	-3.49892	-3.99155
HLA-DRB3	-4.72652	-5.09224
HLA-DRB4	-2.44599	-3.08061
HLA-DRB5	-3.7114	-4.27313
HLA-E	-8.36052	-4.31027
HLA-G	-7.92193	-4.74053
HLA-H	-6.95245	-5.43717
HLCS	-0.904684	-1.47474
HLF	4.29728	4.59337
HLTF	0.911865	1.94559
HMBS	-0.443364	0.880427
HMCES	-0.086816	1.20387
HMGB1	0.368865	-1.17839
HMGB2	0.0270445	1.51213
HMGB3	1.89073	-0.244959
HMGCL	0.785249	-1.30138
HMGCR	4.89194	1.26055
HMGCS1	4.04133	0.45183
HMGN2	-1.08007	-1.88347
HMGN2P46	-1.15009	-1.85696
HMOX1	-2.56064	-3.613
HMOX2	0.699064	0.919427
HNMT	-0.326649	-1.3041
HNRNPA1L2	-5.16561	-0.240363
HNRNPA3	-0.439026	1.36016
HNRNPA3P1	1.66791	2.58615
HNRNPC	-0.0564092	-1.44701
HNRNPDL	2.48257	3.75188
HNRNPF	-1.4329	0.254406
HNRNPH1	-1.54643	0.188688
HNRNPU	-0.178842	1.05902
HNRNPUL2	3.85451	4.25866
HOMER1	2.25844	2.22727
HOMER3	-4.67684	-1.20472
HOOK1	2.31374	2.15143
HOPX	1.74633	-0.408437
HOXD1	-0.791196	0.0650755
HPCA	4.97733	1.29468
HPCAL1	5.58749	0.921006
HPCAL4	1.98982	-0.584712
HPGD	-2.58813	-4.28142
HPGDS	-3.61929	-3.90086
HPN	-1.70703	0.029833
HPS1	-1.61807	0.567938
HPSE2	2.61406	3.44281
HR	1.62432	2.2801
HRAS	2.09576	-0.801865
HRASLS	0.832645	-1.45199
HRASLS5	3.64717	0.487078
HRC	-3.42278	-0.451598
HRH1	6.18141	1.50226
HRH2	2.71609	3.14276
HRH3	-0.277361	-0.925892
HRK	1.24014	0.174979
HS2ST1	4.58008	0.681757
HS3ST1	-1.15969	1.27804
HS3ST2	2.47149	2.26587
HS3ST4	-1.65451	-1.13131
HS3ST5	0.460551	1.33188
HS6ST2	-2.95408	-1.44025
HSBP1	-1.72533	-2.48679
HSBP1L1	-4.25925	-1.27001
HSD11B1	-1.15266	0.16568
HSD11B1L	2.95921	-0.578643
HSD17B10	-1.70111	-2.51904
HSD17B11	-2.31545	-1.21137
HSD17B12	-2.25858	-2.35317
HSD17B14	-0.869705	-1.54277
HSD17B4	-3.41418	-1.44035
HSD17B6	-0.471082	-1.36386
HSD3B7	-1.15507	-2.16815
HSDL2	-2.94623	-2.99936
HSF4	-0.344443	1.14379
HSP90AB1	3.10158	0.0220672
HSP90B1	3.52941	-0.000101829
HSPA12A	0.768875	1.16129
HSPA12B	1.77849	2.00296
HSPA13	6.29684	1.17903
HSPA2	-0.783295	-0.325386
HSPA4	0.603181	0.308891
HSPA4L	-2.70096	0.556878
HSPA5	-4.04622	-4.54747
HSPB1	0.336405	-1.02644
HSPB11	0.0657533	-1.57414
HSPB2	-1.76082	-0.146674
HSPB3	2.5223	1.02119
HSPB6	0.0810704	0.904848
HSPB8	1.08527	1.91547
HSPBAP1	-2.00375	0.706895
HSPD1	-0.467704	-1.55541
HSPE1	-0.770513	-1.36552
HSPH1	1.51378	2.01233
HTATIP2	-0.228689	1.15847
HTATSF1	0.281267	-1.37486
HTR1A	-0.684132	-1.94063
HTR1D	-0.881642	-1.2234
HTR1E	5.17267	3.90967
HTR1F	3.24938	2.96233
HTR2A	1.32096	2.06302
HTR2C	0.508025	-1.06936
HTR3B	5.85938	2.97966
HTR4	-0.372278	-1.11428
HTR5A	4.92097	4.76112
HTR7	2.60799	-0.45084
HTR7P1	5.64762	0.139095
HTRA1	-2.08484	-2.74227
HTRA3	-3.174	-4.4297
HUNK	-1.37537	1.33515
HVCN1	0.366955	-0.126081
HYAL3	1.43698	1.75993
HYDIN	-1.8412	-2.56875
HYI	0.422481	-1.08466
HYKK	-4.20724	-4.4992
HYLS1	0.291177	2.15723
IARS2	-0.551724	-1.58712
ICA1	1.27715	2.18982
ICA1L	1.66316	2.64438
ICAM2	-1.2861	-0.0396923
ICAM3	-1.9117	-2.50511
ICAM5	1.8051	-0.79539
ICE1	1.78094	-0.780882
ICK	0.730266	1.62165
ID1	-3.22045	-1.26686
ID2	3.05098	1.85751
ID4	-1.06305	-1.72745
IDE	-2.25494	0.853173
IDH1	-3.92129	-3.79464
IDH1-AS1	-1.34531	-2.12854
IDH2	0.37801	-1.19065
IDH3A	-0.572408	0.254343
IDH3B	2.69104	2.86541
IDH3G	-0.0562789	0.613926
IDI1	0.582187	-0.92356
IDI2-AS1	-1.54396	0.31711
IDNK	1.55836	-0.639705
IDS	2.49118	2.8037
IER2	-0.263013	1.32129
IER5	6.28964	5.51127
IER5L	4.69976	4.96232
IFFO1	0.601925	1.70406
IFFO2	-1.72496	0.574667
IFI27	-2.84961	-0.391607
IFI27L1	-1.96693	-2.55935
IFI27L2	-1.58063	-2.19832
IFI30	-5.48023	-5.42243
IFI44L	-6.32413	-3.74917
IFI6	1.70085	1.16089
IFIH1	-2.46626	-1.45188
IFIT1	4.14619	3.51707
IFIT2	-0.881484	-0.705301
IFIT5	0.232645	1.61583
IFITM1	-3.70038	-1.65653
IFITM10	0.861098	1.13924
IFNLR1	2.41954	2.5964
IFRD2	-0.685941	1.06775
IFT122	4.8014	4.29755
IFT22	2.09115	-0.976023
IFT27	-1.1975	-2.38127
IFT57	2.3649	2.65778
IFT74	-2.37528	-2.85784
IGDCC3	-0.844975	0.590306
IGDCC4	-1.82518	-2.61231
IGF1	5.04692	0.677736
IGF1R	-1.93693	0.608082
IGF2BP3	-1.51775	0.256938
IGFALS	1.20466	2.22595
IGFBP2	0.957236	1.87666
IGFBP3	0.181553	0.634761
IGFBP5	0.207623	-1.72422
IGFBP6	0.955613	1.30502
IGFBPL1	-3.80245	-4.17999
IGFL4	-2.89354	-0.228702
IGFLR1	-2.6423	-1.364
IGFN1	-2.03451	-2.70871
IGIP	2.1228	3.25892
IGLL1	-2.80655	0.834752
IGLL3P	-0.958008	1.35183
IGLON5	-0.0925456	0.633338
IGSF1	0.334385	1.82913
IGSF21	3.75219	3.37281
IGSF22	-0.308658	-1.53817
IGSF3	6.75883	3.85319
IGSF6	-3.97517	-3.75659
IKBIP	1.92422	-0.883987
IKBKB	-3.53921	-0.98696
IL10RA	1.10712	-1.15722
IL10RB	-4.43523	-2.47087
IL12RB2	4.92452	0.364237
IL13RA1	-4.703	-4.69115
IL13RA2	-0.882757	-2.01316
IL15	-2.07884	-3.05671
IL15RA	-2.6652	0.0146735
IL17D	0.511916	-0.758945
IL17RA	-5.26389	-1.78298
IL17RB	-0.484711	-1.17593
IL17RC	-4.00697	-0.98368
IL17RD	-0.347971	-1.39975
IL17RE	-4.16574	-1.22648
IL1B	-2.19015	-2.92944
IL1RAP	0.430042	2.35529
IL1RAPL2	6.43207	3.8311
IL33	-0.351308	-1.5994
IL34	-1.22573	-2.48038
IL4R	-0.783149	-1.31286
IL6R	-4.27396	-1.51828
IL6ST	0.00507418	1.40932
IL7R	-1.17206	0.493123
ILF3	0.0633056	-1.51305
ILF3-AS1	0.0659615	-0.991359
ILK	-0.219167	0.775844
IMMP2L	0.55739	-1.33056
IMP4	1.03745	0.34355
IMPA1	-1.62377	0.366912
IMPA2	-3.01181	-2.48807
IMPACT	-0.213807	-1.79028
IMPAD1	1.60488	2.30501
IMPDH1	1.55922	2.18779
INA	1.08904	1.97083
INF2	2.90509	3.27631
ING1	0.377763	1.65619
ING2	1.8251	0.184767
ING3	4.05115	4.63201
INHBA	-2.25833	-0.427509
INHBB	-1.58794	-2.16579
INIP	-1.91834	0.93757
INPP4A	2.16551	0.95645
INPP4B	-0.325504	-0.672126
INPP5A	-0.213847	0.86868
INPP5D	-5.42409	-4.3576
INPP5F	-1.33106	0.832477
INPP5J	-0.0667348	0.784754
INPP5K	-0.335047	-1.67926
INSIG1	2.13558	1.86062
INSIG2	-0.473462	0.85974
INSM1	1.40182	-0.281641
INSM2	1.74392	2.56168
INSR	-0.102497	1.41208
INTS4	-3.33498	-4.31251
INTS4P1	0.454812	1.72234
INTS6L	0.0203094	1.1103
INTS8	0.589542	2.05929
INTS9	1.48709	2.33897
INTU	-1.08443	-1.77954
IP6K2	-3.52623	-0.327826
IP6K3	-0.14459	0.721778
IPCEF1	5.76381	5.53987
IPO5	3.79337	4.36312
IPO5P1	-0.437583	-1.64976
IPW	-1.05759	1.02893
IQCA1	0.0704171	-0.768823
IQCF3	1.1348	-0.665167
IQCF4	1.55915	-0.0317296
IQCG	-0.404539	-0.634502
IQCH-AS1	-1.7713	0.459006
IQCJ	1.34117	-0.0330877
IQCK	-0.967362	-1.80111
IQCN	0.541515	1.46799
IQSEC1	1.10217	2.16421
IQSEC2	0.36519	-1.13841
IQUB	0.864853	2.4548
IRF2BP1	2.605	3.34501
IRF2BP2	-0.564526	0.908525
IRF3	-0.358266	1.18655
IRS1	0.634137	1.791
IRS2	2.57509	2.05626
ISCA1	-0.942009	1.16989
ISCA2	-1.956	-2.56114
ISCU	-0.0164288	1.18217
ISG15	-0.684672	-1.6982
ISL1	-2.28291	-1.29291
ISLR	1.65732	2.10072
ISM1	-4.02552	-3.50067
ISOC1	1.2951	-0.888346
ISYNA1	0.841777	-0.971536
ITCH	-2.55669	0.312246
ITFG1	4.9405	2.23728
ITFG2	-3.17414	0.132816
ITGA1	-2.57281	-2.09405
ITGA11	-0.713586	0.563465
ITGA2	0.314221	0.9658
ITGA2B	3.99593	4.26929
ITGA6	-2.95871	-3.47079
ITGA7	-1.42448	-1.08062
ITGA8	0.995911	0.794189
ITGAM	-3.40859	-3.20873
ITGAV	-7.65438	-4.66914
ITGAX	-2.58098	-3.15935
ITGB1	-6.74591	-1.35668
ITGB1BP1	1.23433	0.119656
ITGB1BP2	0.277076	1.34093
ITGB2	-4.99822	-1.19904
ITGB3BP	-1.3974	0.384912
ITGB4	-0.384812	-0.530382
ITGB7	-3.16034	-3.18816
ITIH5	-0.957821	-0.233073
ITM2A	-3.56366	0.068632
ITPK1	2.45415	3.49892
ITPKA	5.90519	3.44674
ITPKC	-3.93574	-0.167582
ITPR1	3.3663	3.75977
ITPR2	-4.17654	-3.47288
ITPR3	-0.566238	-0.114617
ITPRIPL1	-1.43169	-0.031149
ITPRIPL2	-1.18715	-2.14448
ITSN2	0.958498	2.13401
IVNS1ABP	-0.749217	0.726348
JADE1	1.66168	2.83716
JADE2	2.37153	0.632751
JAK1	-1.65789	-0.284872
JAK2	-1.1107	0.601376
JAKMIP1	-0.874785	-1.8269
JAKMIP3	1.35113	1.96192
JAM2	1.30949	2.70394
JAML	0.734589	-0.699293
JARID2	0.0378798	1.68709
JCAD	0.965349	1.77155
JDP2	-1.78999	1.03562
JMJD1C	0.657524	1.86007
JMJD1C-AS1	3.59085	1.16407
JMJD4	0.808909	-0.644101
JMY	0.707106	2.10735
JPH3	0.518498	-1.11311
JPH4	1.81411	-0.209981
JPT1	0.836353	-1.27053
JPT2	-1.46505	-0.424757
JUN	0.557315	-1.3126
JUP	0.14123	-1.27844
KALRN	4.28661	3.48405
KANK3	0.658046	1.72177
KANK4	-1.48264	-0.313939
KANSL1	0.270333	1.70983
KANSL1-AS1	-1.40496	-1.89856
KANSL1L	-0.851714	-0.727716
KAT2A	1.59356	2.493
KAT6A	0.133054	1.35809
KAT6B	0.177695	1.81876
KAT8	0.853857	1.99292
KATNAL1	3.48316	3.73333
KATNAL2	0.574383	1.25743
KAZALD1	-1.73729	-0.678519
KAZN	1.27691	1.34198
KBTBD11	5.06504	4.64306
KBTBD12	-1.83158	-0.0942346
KBTBD2	-0.350667	1.24642
KBTBD3	1.82572	2.36611
KBTBD6	0.232818	-1.04012
KCMF1	1.13518	1.87113
KCNA1	-0.224358	1.01987
KCNA2	1.67446	2.48336
KCNA3	-0.317557	1.02792
KCNA4	1.51545	0.189109
KCNA5	3.32334	0.536473
KCNAB1	1.58278	0.0759246
KCNAB3	-0.953213	1.32933
KCNB1	5.35114	3.68296
KCNB2	3.6516	1.5268
KCNC1	0.0232236	1.36508
KCNC2	4.16876	4.59361
KCNC3	-0.034947	1.32297
KCNC4	-1.81884	0.631072
KCND3	1.20851	2.59393
KCNE4	-4.74883	-5.30534
KCNE5	-7.70923	-4.30662
KCNG1	0.272901	-1.20956
KCNG3	7.10825	0.450761
KCNH1	3.76946	3.5008
KCNH4	1.0797	2.2768
KCNH5	2.78486	2.59519
KCNH6	0.705556	1.64098
KCNH7	2.29412	0.182719
KCNIP1	-1.16457	-2.0159
KCNIP2	-3.55948	-1.3196
KCNIP3	1.70261	2.92845
KCNIP4	4.43871	4.2199
KCNJ11	1.99357	2.56307
KCNJ12	8.21042	4.24092
KCNJ14	-0.383794	1.0132
KCNJ16	-1.67224	-2.24321
KCNJ2	-0.368703	0.889142
KCNJ3	0.773964	1.75057
KCNJ5	0.648922	0.0392074
KCNJ8	2.30612	2.42808
KCNK1	2.53109	1.4713
KCNK12	-3.12094	0.30516
KCNK2	-0.416812	-1.63581
KCNK3	3.96533	1.53242
KCNMA1	-2.4383	-2.85132
KCNMB1	-1.54612	-2.3447
KCNMB2	1.39031	-0.493095
KCNMB4	3.33285	0.0649718
KCNN2	3.87909	2.27389
KCNN3	-0.491982	-1.59147
KCNN4	-1.0602	-0.0303877
KCNQ1	-3.73239	-3.00512
KCNQ1DN	-1.63981	-2.08871
KCNQ2	-5.35416	-5.11183
KCNQ5	2.52919	3.15875
KCNS1	1.69154	2.40547
KCNS2	5.20428	4.58247
KCNS3	0.90412	1.65694
KCNT1	-1.77416	1.25222
KCNT2	6.61348	3.58961
KCNV1	6.23398	3.39362
KCTD1	3.44824	3.68164
KCTD10	-0.96338	-2.36808
KCTD12	-1.62377	-2.36467
KCTD15	1.28281	-0.335537
KCTD21	0.669345	-0.791661
KCTD3	-4.64329	-2.1438
KCTD4	-0.0836372	-1.54147
KCTD6	2.73819	0.685333
KCTD8	1.71715	2.25612
KCTD9	0.910285	1.81067
KDELC1	2.21148	2.90013
KDF1	0.120319	1.83423
KDM1B	-0.70301	-2.15544
KDM2B	-0.652678	1.31942
KDM4C	-1.48142	0.943638
KDM4D	-0.32887	0.10381
KDM5B	-1.35654	-0.311093
KDM7A	-0.63649	1.24719
KDR	-0.838721	-0.507224
KHDC4	-1.61036	0.272308
KHDRBS2	2.3153	1.62143
KHNYN	1.29853	2.56303
KIAA0319	-0.308081	-0.718387
KIAA0355	-1.12001	0.324572
KIAA0368	1.83505	2.56408
KIAA0513	-0.280615	0.335501
KIAA0825	0.538043	1.07406
KIAA0895	-2.02766	-0.950594
KIAA0895L	-0.243567	0.54887
KIAA1024	3.71875	0.205267
KIAA1107	1.66048	2.50262
KIAA1147	-1.74782	-2.3437
KIAA1191	-0.432234	-1.45726
KIAA1211	-5.62622	-5.40143
KIAA1211L	1.96378	1.73859
KIAA1217	0.0682581	1.18445
KIAA1257	-2.28953	-2.02977
KIAA1324	-1.16572	-0.706761
KIAA1324L	0.109091	1.47612
KIAA1328	1.66325	-0.384671
KIAA1522	0.29357	0.0706248
KIAA1549	8.4733	4.58631
KIAA1549L	8.89512	4.81837
KIAA1551	0.380901	1.92468
KIAA1586	-0.317814	1.13798
KIAA1614	2.10744	3.17239
KIAA1656	0.374645	0.857957
KIAA1841	-1.61342	0.491153
KIDINS220	1.09576	-0.920645
KIF12	-1.21198	-2.25514
KIF13B	-3.08289	-2.00348
KIF15	-1.49483	-0.259462
KIF16B	-1.52328	0.360727
KIF17	5.86529	3.79379
KIF1B	2.6776	-0.110624
KIF21A	0.804427	1.55152
KIF21B	1.29494	-0.962392
KIF22	1.06589	-0.119484
KIF26A	2.57189	1.91595
KIF26B	0.641851	-0.476339
KIF27	-0.861293	1.13421
KIF2A	2.6438	-0.696437
KIF2C	1.87469	2.53532
KIF3C	2.847	1.02818
KIF5A	-1.72315	0.624433
KIF5B	-6.60463	-2.91574
KIF9	0.828886	1.6072
KIF9-AS1	-1.39534	0.410418
KIFAP3	2.03695	1.82611
KIFC2	1.05491	2.36267
KIN	-1.3546	0.409088
KIRREL2	1.3034	-1.62388
KIRREL3	2.44293	0.447515
KITLG	1.50424	2.22551
KIZ	-2.47449	-0.848129
KLC2	1.31981	2.07467
KLC4	-2.50232	-0.623634
KLF10	2.13737	0.0231582
KLF12	2.44497	3.99547
KLF13	-0.683093	0.655337
KLF2	0.00219225	1.13794
KLF3	-1.5358	-2.03097
KLF4	0.652507	1.17562
KLF5	-0.690221	-0.63741
KLF6	4.10654	1.90982
KLF8	2.90909	-0.633428
KLF9	1.96802	2.53941
KLHDC2	3.47091	3.54326
KLHDC8A	0.584011	-1.01093
KLHDC8B	3.79006	-0.270009
KLHL1	-2.30926	-3.78237
KLHL11	1.10637	2.06273
KLHL12	6.42669	1.20012
KLHL13	-3.09023	-3.94292
KLHL15	2.26261	3.68144
KLHL17	2.8455	3.31097
KLHL2	2.71449	0.699327
KLHL20	0.00769161	1.65729
KLHL21	1.14966	2.46037
KLHL24	-1.11633	1.33462
KLHL25	7.62199	3.1581
KLHL29	0.897928	0.61512
KLHL3	-0.457035	1.03449
KLHL35	3.96411	1.01246
KLHL36	-2.35079	-1.30752
KLHL4	1.01667	1.24885
KLHL41	-0.691628	-0.535916
KLHL5	-1.86538	-2.38237
KLHL8	1.282	2.02938
KLHL9	3.29531	3.8735
KLK10	3.08583	-0.626632
KLK5	3.59356	-0.290963
KLK6	-1.45841	-0.309182
KLK7	-0.276791	-2.0263
KLRC2	-2.3617	-2.69909
KLRC3	-1.38581	-2.08772
KLRG1	0.0715444	-1.29466
KMO	5.27485	2.34539
KMT2E	0.0229459	1.46415
KMT5B	2.97168	3.68663
KNDC1	-0.687691	1.14625
KNG1	-0.605168	0.839852
KNOP1	-1.41511	-0.673723
KNTC1	2.68464	2.46718
KPNA4	3.80223	-0.0432561
KPNA5	0.982812	2.28692
KPNB1	2.76439	0.800058
KRAS	6.1458	2.78885
KRBA1	-2.70219	0.118677
KRBOX4	1.26536	-0.677299
KREMEN1	-3.31675	-0.756793
KREMEN2	2.373	-0.197872
KRI1	-1.87581	0.665218
KRIT1	0.385962	1.85075
KRT14	0.213623	-0.526588
KRT17	0.159602	-0.774919
KRT18	-2.52221	-0.928656
KRT19	1.62901	0.409645
KRT222	-0.256641	1.13948
KRT31	2.43234	2.73251
KRT33B	1.3928	1.16015
KRT5	2.98662	2.48815
KRT83	2.39586	0.659328
KRT86	2.06014	0.0294276
KRTAP10-10	-3.32882	-1.92727
KRTAP5-2	-1.58699	0.574593
KRTAP5-7	-0.455967	0.884039
KRTCAP3	-2.9251	-0.362618
KYAT1	3.59997	3.28288
KYNU	-0.426797	-1.35915
L2HGDH	-2.47034	1.02568
L3MBTL1	-2.05267	-2.79115
L3MBTL2	2.66048	3.11993
L3MBTL3	0.186683	0.539205
L3MBTL4	4.22368	0.820226
LACTB	-2.274	-3.36129
LACTB2	-3.91962	-4.03071
LAG3	-1.82557	0.658319
LAGE3	2.23465	1.04629
LAMA1	0.299622	-1.11533
LAMA2	1.44875	1.32062
LAMA3	-2.64368	-0.994134
LAMA4	-6.55724	-2.51352
LAMA5	3.09234	3.54037
LAMB1	5.16011	2.03145
LAMB2	-3.29602	-3.353
LAMB2P1	0.265858	0.351667
LAMB3	7.18232	4.89953
LAMP2	-2.38157	-1.66601
LAMP5	-0.498305	-1.28599
LAMTOR2	0.619131	-1.1494
LAMTOR4	1.2834	-0.79889
LANCL2	0.429615	-0.9222
LANCL3	2.90766	3.99209
LAPTM4A	-2.4588	-2.94619
LAPTM4B	1.44362	2.3202
LAPTM5	-2.16451	-2.83306
LARGE1	3.26059	-0.644933
LARP1	5.99945	0.472508
LARP1B	2.42155	3.0677
LARP4	-3.63306	-0.574722
LARP6	1.60028	2.15497
LARS2	-0.131815	-1.23117
LAT	0.810401	1.96306
LAT2	-5.42956	-4.66581
LAYN	-0.918429	-0.223791
LBH	1.32064	1.59915
LBR	-3.2984	-1.22829
LCA5	-4.02139	0.496001
LCE3C	1.61515	1.67875
LCLAT1	5.2945	0.76535
LCMT1	3.75804	1.75704
LCN15	6.71581	4.26046
LCP1	-4.69198	-3.85194
LCP2	1.51029	1.52851
LCTL	-3.51765	-5.4237
LDB1	0.152746	1.36318
LDB2	4.22324	4.32699
LDB3	-0.785954	0.326528
LDHA	2.03854	0.611625
LDHB	0.247701	0.0582831
LDHC	1.33537	-0.0263904
LDHD	2.89363	-0.248026
LDLR	2.99573	3.08384
LDLRAD4	0.482856	1.0584
LEAP2	-3.72125	0.347754
LEF1	-2.18227	-0.414363
LEFTY1	2.20497	2.53391
LEO1	-0.0329884	1.61002
LEPROTL1	0.871123	1.71049
LFNG	-1.3671	-1.80307
LGALS1	2.28212	2.10969
LGALS2	-0.74131	-2.2341
LGALS3	-1.04368	-1.8648
LGALS8	-0.0640726	-0.0861256
LGALS9C	-6.55265	-5.37912
LGI2	-0.564026	1.00412
LGI3	0.857738	1.72783
LGI4	4.40561	0.813122
LGR6	-6.66382	-2.94017
LHFPL3	-3.2041	-3.8987
LHFPL5	0.814947	-0.075314
LHFPL6	-1.34889	-2.12604
LHPP	3.34596	2.00972
LHX2	-1.15581	-1.87613
LHX4-AS1	-0.222113	0.520619
LHX6	3.18076	1.51568
LIAS	-0.18767	0.856306
LIFR	-2.86374	-2.73674
LIFR-AS1	-1.02448	-0.686537
LIG1	0.329133	-0.327158
LILRB4	-4.46564	-4.05416
LIMD2	0.0763744	-0.746109
LIMK1	-0.587887	-0.198848
LIMK2	-5.19637	-4.50652
LIMS2	-0.685942	-2.50632
LIN28B	1.11471	2.11142
LIN7A	0.634174	1.75602
LIN7B	1.25506	-1.23206
LIN9	0.651081	1.90319
LINC-PINT	-2.66513	0.081593
LINC00260	0.122144	-1.62521
LINC00265	-1.49611	0.892264
LINC00266-1	-1.18921	-0.096293
LINC00319	0.0725773	-1.37378
LINC00320	-2.61665	-3.23438
LINC00461	-0.175468	-1.57859
LINC00467	-2.56766	-3.61643
LINC00473	3.77729	4.41322
LINC00476	0.0110392	1.53262
LINC00484	4.36363	1.44072
LINC00507	5.94655	4.6534
LINC00515	1.76713	2.60044
LINC00545	1.91484	1.6417
LINC00595	-0.533455	-1.34129
LINC00599	1.32893	2.20674
LINC00622	4.58588	4.48111
LINC00643	-1.9829	-2.57102
LINC00652	-1.5924	0.769993
LINC00665	-2.16341	-2.70363
LINC00680	1.05393	1.51862
LINC00839	0.72567	-0.38141
LINC00842	-3.42237	-2.83482
LINC00886	-3.83361	-4.85551
LINC00889	-2.05346	0.227175
LINC00900	2.98235	-0.044598
LINC00937	-0.659388	-1.69248
LINC00938	-1.8735	-1.12469
LINC00950	-0.92464	-0.638293
LINC00958	1.25288	-0.0101249
LINC00963	-2.44127	0.171141
LINC00999	-1.09411	0.779832
LINC01011	0.533444	1.70888
LINC01013	-0.733923	-1.21518
LINC01089	-0.794763	0.622859
LINC01094	-3.01956	-3.23492
LINC01102	-1.03332	0.948295
LINC01105	-6.9008	-4.54372
LINC01106	1.71087	2.52081
LINC01116	2.36661	1.6223
LINC01128	1.39083	2.019
LINC01137	-1.58002	0.322769
LINC01138	1.03034	0.721064
LINC01140	3.06737	0.254282
LINC01158	-2.07423	0.230396
LINC01197	3.74931	-0.376302
LINC01260	0.123822	0.69728
LINC01278	1.58822	2.91913
LINC01296	1.88356	1.94088
LINC01315	-3.43525	-4.06332
LINC01351	-0.854468	-0.992062
LINC01405	-1.33798	0.0931105
LINC01410	-1.30757	-2.04388
LINC01481	0.165337	1.25205
LINC01485	2.69556	-0.365019
LINC01547	0.539128	-1.16931
LINC01551	1.01223	-0.732189
LINC01578	-4.02618	-1.31765
LINC01637	2.32663	2.44412
LINC01736	-4.58949	-3.94521
LINC01750	6.18538	0.546803
LINC02055	0.83545	1.30715
LINC02076	-0.736989	-1.80707
LINC02217	1.80536	0.0937667
LINC02223	2.07283	0.578239
LINC02361	2.40448	0.409858
LINC02482	-0.231378	-1.66244
LINGO1	1.54585	-0.242603
LINGO2	0.0796671	0.148754
LINGO3	-2.88905	-3.55872
LINS1	2.09012	2.97448
LIPA	-0.200868	-0.83026
LIPC	0.0782709	-0.317918
LIPE	-0.356788	0.67223
LIPH	0.297444	-1.17219
LITAF	-1.82532	-2.22281
LIX1	-1.10308	-2.03929
LIX1L	-1.94274	-2.40758
LKAAEAR1	8.41596	3.96346
LLGL2	-0.828886	0.051233
LMAN2L	4.06099	0.787728
LMBR1	-0.192851	1.2755
LMBRD2	2.81042	0.554115
LMCD1	-3.32532	-3.86386
LMLN	-0.24478	1.19853
LMO1	0.309417	-1.25899
LMO2	-7.37869	-3.60532
LMO3	2.78609	0.0253215
LMO4	3.2638	2.47951
LMO7	-0.312811	-0.310964
LMTK2	2.1968	2.60712
LNP1	0.514957	2.21345
LNPK	3.37429	0.756448
LNX1	2.05252	2.43837
LNX2	1.6644	2.88535
LOC100128239	2.46332	2.6444
LOC100128398	-0.427172	0.631363
LOC100129291	-0.774924	-2.0754
LOC100130331	-0.369771	-1.48805
LOC100130691	-0.605856	-0.302604
LOC100132831	-0.0867229	-0.362948
LOC100233156	-2.47324	-1.86007
LOC100240734	-1.2978	0.323392
LOC100240735	-1.62864	-2.29816
LOC100270746	-1.90473	-1.8186
LOC100286906	-0.0264595	0.295101
LOC100288846	1.02316	-0.93026
LOC100288911	5.89904	-0.65798
LOC100289230	0.234465	1.28044
LOC100294145	-2.20129	0.812576
LOC100505938	3.09386	3.99256
LOC100506100	-4.36644	-2.81452
LOC100506124	0.631268	1.75845
LOC100506271	3.06234	0.199605
LOC100506388	3.10713	3.73864
LOC100506476	-2.27049	-1.06072
LOC100506725	-3.04325	-2.05508
LOC100506990	-0.329889	0.796381
LOC100507351	0.910913	-0.880627
LOC100507387	0.154224	0.154379
LOC100507507	1.36727	2.12075
LOC100507516	-3.94675	-3.55705
LOC100507642	1.40205	2.27762
LOC101060091	-0.558986	-1.75114
LOC101060391	-0.0838681	-1.25805
LOC101926934	-0.984924	-2.13336
LOC101926935	0.00606492	1.35766
LOC101927027	1.78627	-0.858631
LOC101927278	1.64851	1.5908
LOC101927318	-0.476641	-1.69243
LOC101927420	3.53379	-0.594491
LOC101927588	2.4943	2.9155
LOC101927752	-0.30958	-1.56603
LOC101927811	1.29917	-0.678183
LOC101927974	0.447658	-1.4296
LOC101928087	-0.0108133	1.31893
LOC101928111	-1.62006	-2.39876
LOC101928433	3.85757	4.12818
LOC101928673	0.951964	2.09317
LOC101929066	1.55693	0.144198
LOC102724156	0.26698	-1.1935
LOC103344931	0.802058	-0.750592
LOC105370333	-3.52241	-1.75534
LOC105372480	2.80118	-0.637823
LOC105373383	-0.0651539	-0.934002
LOC105374546	-0.834523	-1.85778
LOC105374727	-0.708096	0.700313
LOC105376064	-2.6955	-3.31164
LOC105376360	4.2656	3.91015
LOC105376805	-2.06855	-2.53722
LOC105377590	1.23187	-1.12435
LOC105378853	4.85052	2.40329
LOC105379807	4.1688	1.37443
LOC107984974	-2.2381	-2.53322
LOC151174	-2.12622	-0.356159
LOC155060	0.853158	1.89483
LOC202181	0.107781	0.36286
LOC220729	-2.40359	0.870822
LOC257396	1.41883	-0.414312
LOC284454	-3.0531	-0.456557
LOC285074	-1.52026	-0.350891
LOC285097	0.760467	-1.12084
LOC339803	-0.991571	-1.90094
LOC375196	0.435744	-0.664279
LOC389834	0.0194523	1.38109
LOC400710	-1.03123	-1.80502
LOC401357	-2.53525	0.358186
LOC407835	1.40781	1.80588
LOC440040	4.79431	3.67651
LOC440084	3.34984	3.76279
LOC440311	-1.83768	0.706786
LOC440434	-2.59012	-3.13814
LOC440934	3.19001	-0.501853
LOC441052	0.558023	-1.28179
LOC441204	5.50771	3.61875
LOC441455	0.594984	1.61357
LOC441666	1.03369	-0.54439
LOC554206	0.470238	-0.249258
LOC642852	0.292793	-1.38845
LOC643406	-1.54167	0.9847
LOC644189	2.346	0.147856
LOC644936	0.806538	-1.07577
LOC645166	0.945326	-0.673903
LOC646903	4.25833	3.44092
LOC652276	-1.9525	0.525532
LOC727896	1.92154	2.31258
LOC728392	2.60563	-0.360865
LOC728485	0.869222	0.0840086
LOC728554	-1.09726	-1.76619
LOC728715	-1.16387	-1.84063
LOC728739	-2.71058	-3.74314
LOC728743	-0.182956	1.42892
LOC729159	1.72566	2.41728
LOC729218	-1.26505	1.08627
LOC729683	-1.21096	-2.01402
LOC729732	1.22582	0.530553
LOC729737	0.395112	1.59671
LOC729970	2.36319	-0.178779
LOC730098	3.78392	4.74262
LOC93622	1.69336	-0.800461
LOH12CR2	-1.17174	-1.94977
LONP1	0.75852	1.4661
LONRF2	6.26625	1.40819
LONRF3	-3.01699	-2.3368
LOR	2.71322	-0.313277
LOXL1	-1.11695	-2.2633
LOXL3	-2.14457	-2.9809
LPA	0.82096	-0.995828
LPAR6	-7.19417	-5.17006
LPCAT1	2.18779	-0.639266
LPCAT2	-2.08401	-3.08064
LPCAT3	0.365374	0.164924
LPCAT4	-0.593867	1.29954
LPGAT1	0.46184	1.24266
LPL	4.96615	3.01111
LPP	-0.366358	-1.24522
LPXN	-5.15165	-4.39243
LRCH1	3.62668	3.54049
LRCH2	-0.0486018	-1.01668
LRCOL1	0.722431	0.0368651
LRFN2	4.87391	2.82594
LRFN4	0.0282272	0.363559
LRFN5	1.38662	2.40557
LRIG3	-1.74951	-0.736954
LRMDA	-5.09175	-4.69204
LRP12	1.27649	1.67577
LRP1B	0.596449	-1.55179
LRP2	0.917658	1.25341
LRP2BP	0.4166	1.10778
LRP5L	-1.6878	0.109735
LRP8	-4.81458	-0.902166
LRPAP1	-0.298075	1.37111
LRR1	-0.955888	1.26322
LRRC1	-2.91027	-1.65123
LRRC14	2.88246	2.86006
LRRC2	7.55536	1.38536
LRRC20	2.05482	2.36684
LRRC28	-0.635802	-0.386371
LRRC32	0.13814	0.875618
LRRC34	-0.239976	1.05001
LRRC36	0.404872	-1.27437
LRRC37A4P	-2.3704	0.880959
LRRC38	0.117739	0.981694
LRRC39	3.38055	2.04879
LRRC3B	0.607286	-1.18881
LRRC4	-0.270362	1.52291
LRRC42	1.24448	-1.27891
LRRC49	-3.78408	0.177134
LRRC4C	1.21309	0.994887
LRRC56	-1.45801	-2.30082
LRRC57	-0.337342	-1.66
LRRC59	0.895295	1.77076
LRRC6	1.31187	1.75222
LRRC61	0.685537	-0.341649
LRRC7	-0.236745	-1.03908
LRRC73	6.38639	0.911116
LRRC75A	1.14131	1.96983
LRRC8A	0.196926	0.0718334
LRRC8B	2.7607	1.90006
LRRC8C	-3.58431	-0.247027
LRRC8D	-0.223633	0.838298
LRRC9	0.281513	1.00969
LRRFIP1	1.48252	2.31036
LRRIQ1	-0.815677	-1.23955
LRRK1	4.82122	4.15449
LRRK2	-0.671739	0.939773
LRRN1	0.955246	-1.06834
LRRN2	0.9976	-1.04035
LRRN3	3.53129	3.88295
LRRTM1	-2.01518	-2.49709
LRRTM3	2.36523	3.24213
LRRTM4	7.80792	2.38049
LRTOMT	-1.8782	-2.43524
LSAMP	1.24534	1.83467
LSG1	-0.0469176	-0.522085
LSM3	0.182849	-1.54683
LSM4	2.24886	-0.30627
LSM7	0.819217	-1.10732
LSP1	-0.432843	-1.21722
LSS	-0.656849	-0.542468
LST1	-2.8889	-2.87967
LTB	2.14858	2.7449
LTBP4	0.26958	-1.43637
LTC4S	-1.53728	-2.30487
LTK	5.88164	3.88765
LTN1	3.12265	3.80689
LTV1	-0.360597	1.06465
LUC7L3	1.39215	1.56375
LURAP1L	1.19439	2.0066
LUZP1	-1.74332	1.14817
LUZP2	-3.79447	-3.13461
LXN	-5.36185	-3.91253
LY6D	5.08613	5.14608
LY6E	4.54712	2.26679
LY6G5B	-0.105307	1.27855
LY6H	4.97576	-0.105745
LY86	-2.32372	-2.69844
LY86-AS1	5.34011	1.81265
LY96	-3.13116	-3.9552
LYAR	-1.31335	-0.272282
LYN	0.386697	-1.0083
LYNX1	1.16589	1.74516
LYPD1	-1.80477	-2.41317
LYPD5	-0.225599	1.47191
LYPD8	3.2536	-0.764701
LYPLA1	-2.62255	-0.172815
LYPLAL1	-2.00493	-2.4584
LYRM2	0.0409655	-1.54101
LYRM4	4.60609	4.0979
LYRM7	1.60357	2.89192
LYRM9	0.472474	-1.41931
LYSMD2	2.93704	3.2892
LYSMD4	0.59333	1.95111
LYST	3.3176	3.57872
LYVE1	-2.44803	-2.61258
LYZL4	3.16343	0.0334654
LZTFL1	3.46685	3.52381
LZTR1	1.60873	0.915494
LZTS1	0.538946	0.179868
LZTS3	0.948061	2.16083
MAATS1	0.140273	1.23465
MACROD2	0.932432	-0.375217
MAD1L1	1.39932	2.08561
MAD2L2	-1.62483	-2.62001
MADCAM1	1.23339	2.08494
MAEA	2.42033	1.76251
MAFB	4.43411	5.3836
MAFF	1.54939	2.02904
MAFG	1.25137	-0.834644
MAFK	3.3382	1.7004
MAG	0.0576157	0.651168
MAGED1	2.84188	-0.0863146
MAGEF1	2.22476	1.00586
MAGEH1	4.68498	0.091646
MAGEL2	0.518511	1.34521
MAGI2-AS3	-2.23893	1.23216
MAGI3	3.308	3.79762
MAGIX	2.21176	0.325188
MAL2	8.86056	4.47535
MALAT1	-0.424094	1.32027
MALL	-2.78251	-4.09376
MAML1	0.00368623	1.40763
MAML2	-5.38419	-5.28547
MAML3	-4.2855	-2.57882
MAMLD1	-1.0538	-1.81331
MAN1A1	1.18676	-1.21786
MAN1A2	4.71211	4.47332
MAN1B1	2.97288	1.64255
MAN1B1-AS1	-4.14287	-4.64143
MAN1C1	1.07101	2.13618
MAN2A1	1.63662	1.46924
MAN2A2	-1.87198	0.48368
MAN2B2	0.879902	-1.05305
MANEAL	0.978523	-1.04267
MANF	1.11553	-0.650181
MAOA	-0.930605	-1.6803
MAOB	3.45383	0.0124467
MAP1A	-1.80234	-0.857932
MAP1B	1.35936	1.33527
MAP1LC3A	0.403019	-1.18827
MAP1LC3B	0.262633	1.72497
MAP1LC3B2	-2.14516	-0.228533
MAP2	-0.508583	-1.56138
MAP2K1	1.22496	-0.527671
MAP2K2	1.32635	1.74766
MAP2K3	-0.0206942	1.13606
MAP2K4	3.06861	2.65773
MAP2K5	0.371572	-0.200678
MAP2K6	-0.785038	0.808016
MAP2K7	-1.09129	0.916532
MAP3K10	-2.39078	-1.51008
MAP3K12	-1.56098	0.409107
MAP3K13	3.77175	3.27959
MAP3K14	0.400857	1.39217
MAP3K20	-1.23368	-1.11694
MAP3K21	1.47267	2.54083
MAP3K3	-1.71197	0.676043
MAP3K4	-1.02691	-1.03018
MAP3K5	-1.60349	-1.59472
MAP3K6	-1.28304	1.38819
MAP3K8	-4.35546	-1.29797
MAP3K9	-0.832433	0.657338
MAP4	4.79269	1.46767
MAP4K2	-2.85475	0.178962
MAP6D1	-0.128421	0.978469
MAP7D2	0.346709	1.09255
MAP9	1.34523	2.17778
MAPK1	-0.390301	-1.86071
MAPK10	3.16604	3.51453
MAPK11	3.2383	1.26441
MAPK13	4.81494	3.9913
MAPK1IP1L	2.49626	-0.270294
MAPK3	1.10831	-1.2061
MAPK4	6.48865	3.5516
MAPK6	1.0245	1.79213
MAPK8IP1	-1.56727	-2.38963
MAPK8IP1P2	-1.53637	-2.52467
MAPK9	1.36895	2.06887
MAPKAPK2	-2.87537	-2.93575
MAPKAPK3	-0.442995	-1.32784
MAPKAPK5-AS1	-2.42742	-2.76473
MAPKBP1	-0.391206	1.08666
MAPRE1	-1.93608	-2.98132
MARC1	6.53538	2.13795
MARCH1	4.58053	0.914039
MARCH2	0.237703	1.03203
MARCH3	-1.76281	-2.20001
MARCH4	0.406225	-1.06978
MARCH6	5.09639	4.98622
MARCH8	0.593888	-0.992177
MARCKS	1.93426	-0.305613
MARCO	-0.0513177	-1.21116
MARF1	4.18443	4.946
MARK1	3.17842	1.73134
MASP1	-3.59986	-3.81212
MASP2	-0.873602	1.08186
MAST3	5.66025	0.899693
MAST4	2.39727	2.73655
MAT2B	5.1596	5.87677
MATK	-0.325995	1.01736
MATN1-AS1	-0.868295	0.138568
MATN2	-2.86956	-3.66141
MATN3	-4.11529	-1.88396
MAX	0.671482	2.23265
MAZ	1.3347	0.45205
MB21D2	3.26223	1.4058
MBD2	1.75978	2.60679
MBD3	-0.457343	1.37044
MBD5	1.90605	2.70958
MBL1P	-1.77822	0.0698935
MBLAC2	0.627409	-0.89286
MBNL2	2.4726	2.61714
MBNL3	-4.5395	-4.05101
MBOAT1	-1.31974	-0.628655
MBOAT2	0.24104	-1.55214
MBOAT7	5.00252	0.289555
MBP	-0.986875	-0.162176
MBTD1	-0.109397	1.2839
MC1R	-3.14384	0.352285
MCAM	-2.00991	-0.735018
MCF2	-2.50267	0.104988
MCF2L	0.719257	1.76309
MCF2L-AS1	0.228845	1.60422
MCF2L2	0.316817	1.77933
MCFD2	1.70486	-0.623029
MCHR2	8.99707	4.90322
MCM3	-4.33079	-3.8305
MCM3AP-AS1	-3.80524	-0.0354824
MCM5	-5.20743	-2.2784
MCM6	2.06789	0.894779
MCM7	-4.63389	-1.4629
MCRS1	0.63401	1.93125
MCTP1	5.05052	0.956562
MCTP2	3.50441	3.03197
MCTS1	1.80992	-0.650668
MCU	0.0686488	1.36161
MCUB	3.08347	-0.40782
MCUR1	0.978873	-1.21039
MDC1	0.960462	1.94618
MDFIC	2.54739	0.375479
MDGA1	1.13831	-0.7038
MDGA2	2.70646	3.21497
MDH1	1.22908	1.81152
MDH2	2.58519	1.36721
MDK	-0.0190346	-1.52359
ME1	0.92761	-1.37855
ME2	-0.517621	-1.6436
ME3	3.13472	0.250153
MEA1	7.53635	1.12474
MECOM	-2.58513	-0.403558
MECP2	0.156674	1.80506
MECR	1.47184	0.072815
MED11	-2.5131	0.0967596
MED16	3.57911	0.53828
MED21	3.99379	4.22741
MED22	-2.99054	0.57764
MED23	1.23377	2.34382
MED9	1.61073	3.05051
MEDAG	4.35233	2.92396
MEF2A	-0.396977	1.0975
MEF2C	0.835277	1.92652
MEGF6	3.22381	3.68693
MEI1	1.36798	0.835176
MEIS1	-0.0489342	-0.485453
MEIS2	-1.52999	-1.223
MEIS3	4.99053	-0.618825
MEIS3P1	0.724822	0.555107
MELTF	2.13841	2.31538
MEPCE	0.488629	1.79727
MEPE	2.37963	0.186808
MERTK	-1.44205	-1.75108
MESD	1.09396	-0.716696
MESP1	3.60732	-0.35132
MEST	2.58023	-0.422057
MET	-0.0670154	0.417413
METAP2	0.262916	1.3833
METRNL	-4.81938	-4.49877
METTL1	1.8125	0.12771
METTL13	4.38391	4.35801
METTL15	-1.23132	0.8414
METTL17	-0.192958	1.37764
METTL21A	3.96342	4.51161
METTL21C	5.57654	4.80338
METTL24	0.677242	2.24432
METTL5	0.844156	-0.974717
METTL6	0.979661	-1.21847
METTL8	-0.161621	-1.10099
METTL9	2.38562	0.25924
MEX3A	-1.40692	-2.17642
MFAP3	3.53083	3.63552
MFAP3L	-2.11532	-0.0900325
MFAP4	-1.11791	-2.13939
MFF	0.652129	1.44396
MFGE8	2.59554	2.42419
MFHAS1	-0.283049	1.58365
MFN2	2.37719	2.4765
MFSD1	-6.68689	-4.17878
MFSD12	1.7368	0.227629
MFSD2A	-2.92953	-0.960967
MFSD4A	3.03914	1.25342
MFSD4B	1.46992	0.335513
MFSD6	0.596265	0.0671313
MFSD9	-1.7622	0.474371
MGA	3.32534	3.4919
MGARP	-5.01857	-0.887301
MGAT1	-2.38136	-0.349105
MGAT4A	2.49944	3.14422
MGAT4B	3.13582	-0.363561
MGAT4C	2.4078	2.83031
MGAT5	0.941586	1.53406
MGAT5B	2.14352	1.94439
MGC16025	-2.17039	0.348002
MGC27345	0.594939	2.02983
MGC34796	0.72501	0.453014
MGEA5	5.35124	3.47995
MGLL	1.24084	0.749433
MGMT	-0.39877	-1.6643
MGP	0.28939	-0.537211
MGST1	-0.110652	-1.50191
MGST2	-1.22966	0.605601
MIA3	0.733883	1.93271
MIAT	1.32089	2.21412
MICA	-6.18509	-1.95508
MICAL1	0.443369	1.13274
MICAL2	4.00924	4.01393
MICB	-6.3139	-1.75019
MICU2	-2.6704	-0.976966
MICU3	1.56022	2.19337
MID2	-0.244836	1.57342
MIER1	0.419114	1.67725
MIF	2.2185	0.146379
MIF-AS1	1.03847	-0.802705
MIGA1	1.90792	1.86469
MILR1	-3.7022	-3.10632
MINDY1	-4.31187	-3.15831
MINDY3	0.176855	1.43533
MINK1	-1.72081	-2.67445
MINOS1	1.22882	-0.566203
MIOS	3.49084	4.56352
MIR100HG	1.04649	-0.998908
MIR124-2HG	1.49092	2.61961
MIR22HG	1.74536	2.01931
MIR29B2CHG	1.44689	2.12496
MIR31HG	0.600805	1.80229
MIR4435-2HG	-1.21816	-2.23862
MIR4697HG	1.83997	2.51548
MIR497HG	-0.338173	-0.257039
MIR600HG	1.14023	2.16476
MIR7-3HG	3.44179	0.902854
MIR9-3HG	-0.16293	0.99837
MIR99AHG	0.533112	-0.653171
MIRLET7BHG	-4.30786	-1.14814
MIS18BP1	-2.98976	-0.213861
MITF	-3.44799	-0.745482
MKL2	5.63082	1.29873
MKLN1	-1.41077	1.02583
MKNK1	-2.49629	-2.15346
MKNK2	-3.00925	0.343212
MKRN2	3.70127	3.88562
MKX	3.18445	3.84643
MLF1	-0.864042	-1.49417
MLH1	-3.06813	-3.92558
MLIP	4.19222	1.69579
MLKL	-4.20133	-2.94232
MLLT10	-0.0320248	1.74322
MLNR	0.202356	-1.17962
MLPH	-3.51144	-0.73555
MLXIP	-2.39218	0.490683
MMAA	2.00212	0.223404
MMAB	-0.395795	-2.28875
MMACHC	-1.28527	-0.843581
MMD	-0.247826	-1.87042
MMGT1	2.83064	1.46509
MMP15	-0.276779	0.852054
MMP16	1.16181	1.02753
MMP28	-1.60217	-2.21629
MMS22L	-1.66551	0.92397
MND1	3.29672	1.31828
MNDA	-4.40235	-3.69962
MNS1	0.764025	2.03927
MNT	-1.38361	-1.53991
MOB1B	1.85274	-0.848795
MOB2	2.52046	3.13053
MOB3B	2.93581	3.07355
MOBP	-3.85379	-2.75339
MOCS1	0.21084	1.22231
MOG	-1.1148	-0.281927
MOGAT1	-1.30781	1.07163
MOGAT2	-4.36641	-0.560492
MOK	2.48732	3.58226
MORC2-AS1	0.799555	2.16303
MORF4L1	0.957835	0.559033
MORN3	4.32015	1.90906
MORN4	4.4398	0.333514
MORN5	-0.661177	-1.74648
MOSPD1	3.59246	3.93799
MOSPD2	-0.857805	-2.61086
MOXD1	-0.475785	-1.9961
MPC1	-2.48996	0.0145312
MPDZ	0.383335	-0.974759
MPEG1	-2.82451	-3.25126
MPHOSPH6	-0.428479	-1.6018
MPHOSPH9	0.248469	1.84507
MPI	1.04694	-0.0845991
MPL	5.34332	2.01047
MPLKIP	-1.21287	0.675637
MPND	3.61916	0.942296
MPO	2.24249	0.0818375
MPP1	0.985931	1.78577
MPP2	5.44473	1.6266
MPP3	1.76678	0.214719
MPP5	-1.24762	0.84664
MPP6	1.38327	-0.464382
MPP7	0.954452	1.60817
MPPED1	3.47176	2.88497
MPRIP	-0.573772	1.18327
MPV17L	-1.96384	-1.08668
MPV17L2	2.13318	-0.295943
MPZL1	-1.51037	-2.34563
MPZL3	-4.39836	-0.291734
MR1	0.420702	-1.30181
MRAP	-0.584022	-0.19963
MRAP2	2.21307	2.03088
MRAS	2.94849	-0.699707
MRC1	0.266032	-1.44922
MREG	1.13367	1.6829
MRGBP	1.52016	2.29695
MRGPRF	-0.600849	1.37094
MRM3	4.55773	3.19632
MRNIP	0.868145	1.93906
MROH5	-0.393074	0.761605
MROH6	-5.0108	-0.455719
MROH8	1.82078	2.60103
MRPL10	3.32055	-0.337891
MRPL12	0.0027612	0.354059
MRPL14	1.26679	-0.34608
MRPL15	0.961743	1.55775
MRPL16	0.696433	1.96062
MRPL19	0.178807	0.681341
MRPL20	2.10673	-0.760713
MRPL22	-2.1138	-0.943048
MRPL23	-0.182927	-1.50552
MRPL27	2.13895	2.74816
MRPL28	2.7169	0.130486
MRPL30	3.57612	-0.114198
MRPL33	1.31122	2.46005
MRPL34	-2.5412	-0.174484
MRPL37	2.13988	0.472108
MRPL39	0.899696	1.80154
MRPL42	-1.80235	-0.662732
MRPL43	-2.61273	-3.02815
MRPL47	0.471104	0.703502
MRPL48	-0.652154	0.720806
MRPL49	-0.369074	-1.82453
MRPL58	-0.878341	0.151915
MRPS15	-0.637059	-1.42199
MRPS16	0.0742242	-1.58004
MRPS18C	1.32449	-0.02765
MRPS21	3.05708	1.42785
MRPS22	0.524894	0.958698
MRPS26	3.0924	3.4561
MRPS30	4.4766	4.6677
MRPS30-DT	1.80873	2.59083
MRPS33	-2.20366	-2.54675
MRPS36	-1.50799	-0.0596221
MRPS6	-1.19667	-1.98857
MRPS9	1.5157	0.616081
MRRF	-2.43529	0.521165
MRS2	1.15445	2.37361
MRVI1	-2.56387	-2.97207
MRVI1-AS1	-0.0453725	0.801991
MS4A15	1.14064	0.968551
MS4A4A	-2.7836	-3.2585
MS4A7	-2.60203	-3.14675
MSANTD1	4.31825	-0.00210811
MSANTD2	1.43834	2.33697
MSANTD3	0.424743	0.534495
MSANTD4	3.21763	2.45267
MSH2	0.4198	1.44396
MSI2	-0.320135	-1.48143
MSL2	0.132359	1.41884
MSL3	3.15768	3.18162
MSMO1	2.37273	0.339438
MSN	-3.03817	-3.49488
MSRA	-0.357175	-1.64093
MSRB2	0.0317381	-0.944958
MSRB3	-3.79994	-0.192458
MST1R	0.134438	0.645212
MSX1	0.581517	0.105132
MT1A	-1.58441	-2.15276
MT1B	-1.17112	-1.97
MT1E	-0.453977	-1.46076
MT1F	-0.19385	-1.08661
MT1G	-0.3451	-1.33647
MT1JP	-0.430093	-1.28251
MT1L	-1.07487	-1.92868
MT1M	-0.625017	-1.49742
MT1X	-1.16154	-1.98434
MT2A	-1.96967	-2.51695
MT3	0.859536	-1.07728
MTA3	3.2275	-0.157674
MTAP	0.184552	1.70306
MTBP	0.623296	1.84761
MTCH1	4.07628	0.78954
MTCL1	2.71176	2.84543
MTDH	0.752668	1.8625
MTERF2	-1.67927	-1.01895
MTFP1	0.235603	1.34073
MTFR1	-4.79523	-1.19317
MTHFD1	0.393045	-1.85292
MTHFD1L	1.04475	-1.3949
MTHFD2	-1.81433	-0.993306
MTHFD2L	-2.73851	-2.25687
MTIF2	0.241507	0.753347
MTMR11	-1.2831	-0.728246
MTMR12	0.716358	0.155882
MTMR14	1.17619	2.09354
MTMR2	1.6566	2.26773
MTMR3	0.505978	-0.754673
MTMR9LP	-3.32509	-3.84492
MTPAP	1.15542	2.25586
MTRF1	-2.43856	0.397768
MTRF1L	0.910513	1.62729
MTRR	-0.310906	0.910021
MTSS1	-0.410243	-1.0573
MTSS1L	-2.39976	-3.04088
MTTP	-1.17162	-1.01436
MTUS1	-2.32471	-0.725293
MTUS2	2.07885	2.50894
MUC20	-0.098823	1.4961
MUCL1	3.23269	3.13134
MUL1	2.95219	2.54599
MUM1	2.31048	3.57267
MUM1L1	5.89651	2.49158
MUTYH	-1.30082	0.0612542
MVD	2.70087	0.886694
MVP	-1.47783	-0.363765
MX1	-0.374388	1.07185
MX2	-2.49598	-2.30947
MXD1	2.169	3.16229
MXD4	-2.30949	-1.55286
MXI1	-1.52132	0.579856
MXRA7	3.55024	2.77325
MXRA8	-1.40277	-1.92343
MYADM	2.28292	0.39903
MYADML2	1.79255	2.38631
MYB	2.2733	-0.989088
MYBBP1A	2.7793	3.33652
MYBL1	0.757092	1.08086
MYBPC1	1.80411	0.169868
MYBPC2	2.76456	0.771553
MYBPHL	2.21003	3.10004
MYC	0.519633	1.36802
MYCBPAP	2.79203	3.58249
MYCN	-1.28404	-2.85313
MYCNOS	0.274361	-1.52065
MYCT1	-0.0780127	0.487111
MYDGF	4.07387	-0.437982
MYH10	1.41172	0.285393
MYH15	-0.748362	-1.90596
MYH7	3.84809	0.548236
MYH7B	1.15213	2.23577
MYL12A	-5.6839	-3.24897
MYL12B	-0.116205	-1.9649
MYL3	-3.41697	-2.38028
MYL5	0.28272	-1.54426
MYL6	-1.08821	-2.31975
MYL6B	1.62207	-0.71896
MYLIP	-0.84563	-1.79825
MYLK	-2.96492	-1.18874
MYLK2	-1.42312	0.3185
MYMX	-3.37603	-1.34026
MYNN	-0.798968	0.583281
MYO15A	4.12298	3.81777
MYO16	-2.35642	-3.16467
MYO19	-1.49239	0.986109
MYO1B	1.97983	2.86048
MYO1D	-0.74437	-0.076193
MYO1E	-1.11394	0.661239
MYO1F	-4.2044	-3.91973
MYO5B	2.00418	1.97751
MYO5C	1.14616	2.14423
MYO7A	0.28432	-0.471983
MYO9B	-3.13042	-1.05049
MYOF	-4.11402	-3.38671
MYOM1	-3.60535	-3.82456
MYOM2	2.42724	1.77728
MYOT	-1.12507	0.151975
MYOZ3	-0.456285	0.652536
MYRIP	0.393553	-1.13225
MYSM1	1.5195	2.46066
MYT1	-1.61448	-2.13062
MYT1L	-2.77814	-0.0855367
MZT1	1.55278	0.325529
MZT2A	1.27409	-1.0502
MZT2B	1.86404	-0.824506
N4BP1	2.11985	2.67671
N4BP2	0.0283232	1.16143
N4BP2L1	0.421749	1.6908
N4BP2L2	-0.917365	1.11893
NAA10	0.831581	-1.06938
NAA16	-0.673236	1.35332
NAA30	4.27691	0.192866
NAA38	1.12919	-0.471534
NAAA	-1.99524	0.555548
NAALAD2	-1.30916	1.03357
NAB1	-0.178175	1.04281
NABP1	-0.790206	-2.09036
NACC1	-2.26371	-2.71222
NACC2	-8.08538	-3.40715
NADK2	0.356048	-1.34981
NAGK	1.6739	-1.0772
NAGLU	-1.39761	-1.63891
NAGPA	4.66855	3.71077
NANOS1	1.18132	-0.925985
NAP1L1	2.66734	3.4161
NAP1L2	0.713238	1.90264
NAP1L3	4.11264	4.61483
NAP1L5	6.1113	4.74535
NAPA	0.529253	1.31654
NAPB	3.52861	2.62218
NAPEPLD	4.09322	4.7233
NAPG	-0.373103	0.21983
NAPSB	-3.88718	-3.94704
NARS	-2.70768	0.568633
NAT8L	0.16946	1.31792
NAV1	-1.54907	-2.20439
NAV2	-3.64002	-3.97103
NAV3	4.77475	0.717896
NAXE	2.0001	0.259359
NBAS	2.18458	0.625243
NBDY	0.122326	-1.58977
NBPF3	-3.4612	-1.87403
NCALD	2.28932	3.64484
NCAM1	-1.17056	-1.99515
NCAM2	1.36832	-1.03204
NCAN	0.0556502	-1.14149
NCAPD2	-2.91142	-0.307126
NCAPH2	3.78754	1.14254
NCBP2	-2.0429	-2.96307
NCEH1	2.91504	3.12612
NCK2	0.412658	1.97949
NCKIPSD	-0.783156	1.30393
NCOA3	-3.40264	0.867068
NCOA6	0.298688	0.329184
NCOA7	1.4567	0.736083
NCOR2	-1.49695	0.418539
NCS1	-2.92457	-2.69467
NDE1	-1.88398	-0.374913
NDEL1	5.40391	4.33747
NDFIP1	3.82983	1.32869
NDN	-0.877704	-1.46385
NDP	2.23861	-0.150359
NDRG3	-0.770509	0.848081
NDST2	-1.21054	-2.72151
NDST3	7.46072	4.25081
NDUFA10	0.0985931	1.52475
NDUFA11	1.26286	-0.777922
NDUFA12	-0.025511	-0.0132832
NDUFA4L2	-1.06761	-0.125615
NDUFA6	-0.144981	-0.955902
NDUFA6-AS1	-1.84153	-3.48145
NDUFAF2	-6.30771	-3.24122
NDUFAF4P1	0.628106	-0.0763839
NDUFAF5	0.880997	1.97605
NDUFAF8	0.322693	-1.48787
NDUFB1	-1.07664	-1.91947
NDUFB2-AS1	-0.217544	-2.11791
NDUFB6	-0.855524	-2.02533
NDUFB8	1.78156	0.256119
NDUFB9	-2.08113	-1.54928
NDUFC2	3.92102	-0.735525
NDUFS1	0.353311	1.48654
NDUFS7	1.15533	1.71374
NDUFV3	-2.74884	-3.44905
NEAT1	-4.74867	-1.17076
NEB	-3.12588	-0.530635
NEBL-AS1	0.239627	-1.15051
NECAB1	6.96021	4.69394
NECAB2	1.70242	-0.758692
NECAB3	-0.100578	1.07524
NECAP2	-4.89496	-4.61116
NECTIN1	4.31893	2.36627
NECTIN3	2.52149	1.9484
NEDD4L	4.51948	-0.189017
NEDD9	3.99032	4.98441
NEFH	0.550109	1.37591
NEFL	0.408256	1.08499
NEFM	-0.211735	0.661679
NEGR1	0.901327	1.88286
NEIL1	1.06656	2.07215
NEK10	-0.568374	-0.254779
NEK11	-0.262629	-1.15896
NEK2	7.28903	0.361683
NEK6	-0.533179	-1.43128
NELFA	-1.3238	0.765611
NELFE	1.35219	-1.08227
NELL1	1.29082	1.67695
NELL2	3.86966	1.47668
NEMF	2.67218	3.84261
NEPRO	3.34453	0.26167
NET1	-0.966017	0.026354
NETO1	3.9996	1.57681
NETO2	6.3151	2.41605
NEURL1	0.615576	-0.479697
NEURL1B	-0.754725	-1.35637
NEUROD1	2.0211	1.86241
NEUROD2	2.26772	1.12596
NEUROD6	6.57889	2.00216
NEXMIF	5.19665	1.40421
NEXN	-3.30969	-0.324188
NF2	-0.937662	-0.313052
NFATC2IP	-2.68183	0.132713
NFATC3	-1.52004	0.520033
NFE2L3	-2.9903	-2.14626
NFIA	-2.37318	-2.78089
NFIB	-1.74344	-2.76404
NFIC	-1.62304	0.812264
NFIL3	1.97292	2.61614
NFIX	-0.965557	1.10602
NFKB1	-0.399185	1.4647
NFKBIA	-0.906	0.949059
NFKBIE	5.91314	0.891701
NFKBIZ	-5.42331	-1.44165
NFYB	-0.561991	0.61986
NFYC	1.19706	2.20039
NGB	7.01467	4.24059
NGDN	2.93815	3.37339
NGEF	6.19673	5.32767
NGLY1	-0.167178	1.45944
NHLRC1	2.32173	-0.843301
NHLRC2	-0.0584958	1.79075
NHLRC3	3.99754	3.47502
NHLRC4	-1.29301	0.659354
NHP2	2.00295	-0.643673
NHSL1	-2.14855	-2.60831
NICN1	3.68334	1.58902
NIM1K	-0.00816948	1.16111
NINJ2	-2.03622	-1.0505
NINL	-2.29539	-2.70458
NIP7	1.74896	-0.00704524
NIPA1	-1.45725	0.464511
NIPAL2	3.5031	3.23302
NIPAL3	-0.039208	0.901545
NIPBL	-0.279057	0.942303
NIPBL-AS1	0.365363	1.37288
NIPSNAP1	2.45949	-0.302754
NIPSNAP3A	-0.0952468	-1.74147
NISCH	3.60787	-0.679808
NIT2	0.631821	-1.57726
NKAIN1	1.17861	1.08022
NKAIN2	0.496811	-0.890446
NKAIN3	-0.334202	-1.54707
NKAIN4	-0.571456	-1.72843
NKAPL	-3.37826	-0.147501
NKD1	-2.60146	-0.673748
NKD2	2.7352	0.296073
NKG7	-0.309243	0.00787352
NKTR	-0.196547	0.866617
NKX1-2	1.96408	3.25467
NKX3-1	-3.86394	-0.604179
NKX6-3	1.92039	2.6692
NLE1	2.06016	-0.0231179
NLGN1	-2.01312	-1.4924
NLGN3	0.151167	-1.18933
NLK	4.87022	4.76431
NLN	3.34887	3.37187
NLRX1	1.71156	2.53672
NME4	-0.11099	-1.27784
NME5	-0.441212	1.20974
NMI	-2.40643	-2.94855
NMNAT3	1.90901	-0.00595049
NMT1	2.19662	0.984436
NMU	6.84013	3.29276
NNAT	-0.546063	-1.59636
NNMT	4.89336	4.84014
NOB1	-1.53398	0.327688
NOC3L	-1.04355	-1.39935
NOL3	-3.72325	-3.50454
NOL4	5.15314	0.878737
NOL4L	0.622634	-1.31876
NOL6	-3.41966	-2.50988
NOL9	-0.113282	-1.15636
NOM1	-1.09662	0.836044
NONO	-1.76154	-0.0828725
NOP16	1.06444	-0.578494
NOP2	1.45349	2.14158
NOP53	-0.9471	1.34948
NOP56	3.26803	1.23401
NOS1	-2.48237	-2.87734
NOS1AP	0.268341	0.693527
NOS2	4.53948	4.37156
NOS3	-2.01665	-0.833313
NOSTRIN	-2.17709	-0.380684
NOTCH4	0.0249535	0.991415
NOV	5.98791	0.850382
NOVA1	4.24796	4.5849
NOVA2	2.48693	-0.517597
NOX4	0.431068	1.08775
NOXO1	0.621213	2.21231
NPAS3	-1.08491	-1.69698
NPAT	-1.38045	-0.0272866
NPB	0.0410777	-0.703467
NPC1	-1.96128	-0.842835
NPC2	-5.01822	-5.28462
NPDC1	3.59907	1.8456
NPFFR2	0.476149	0.0707986
NPHP1	1.12926	0.116343
NPHS1	0.815048	-1.22238
NPIPA8	-1.68117	0.660868
NPL	-0.767331	-1.45111
NPM1	0.851401	-0.874075
NPM2	0.306731	1.8353
NPM3	1.04769	-0.732593
NPNT	-2.06322	-2.39781
NPPA	2.71838	0.221114
NPR3	0.333912	1.1312
NPTX1	-0.264081	-1.96403
NPTX2	1.77104	-0.543473
NPTXR	1.1815	-1.054
NPY	-0.816029	-2.14845
NPY1R	5.24642	1.52883
NPY5R	7.04766	2.27891
NQO1	-1.27473	-2.33492
NR0B1	-0.747538	-1.61334
NR1D1	0.263817	1.64076
NR1D2	1.89181	2.74381
NR1H2	0.570534	1.97951
NR1H3	2.74115	0.358836
NR2C1	-1.53607	0.669482
NR2C2AP	0.283537	0.573028
NR2E1	-0.110382	-1.11504
NR2F1	-0.886322	-0.731075
NR2F1-AS1	1.41445	2.29099
NR2F2	-2.78981	-3.78419
NR2F2-AS1	-3.15329	-3.64655
NR3C1	2.9364	2.9913
NR3C2	2.80718	2.82431
NR4A2	-2.90519	-4.34045
NR4A3	3.05334	0.933976
NRAP	0.587044	-0.0786312
NRAS	0.101448	-0.855387
NRBF2	0.816564	1.60415
NRCAM	5.02556	2.23219
NREP	3.63163	3.37597
NRG1	0.896176	1.65979
NRG2	-3.22895	-0.482359
NRG3	3.61104	2.35765
NRG4	-1.80948	-1.74015
NRGN	4.40574	4.25379
NRIP1	5.10584	4.67979
NRIP2	-1.7577	-0.150016
NRIP3	-1.73505	-1.76862
NRL	-0.914333	-1.81134
NRN1	3.73465	4.22535
NRN1L	0.729639	0.471109
NRP1	0.0483608	-0.567028
NRP2	-1.6414	-2.2924
NRXN1	5.26994	3.9402
NRXN2	0.104029	-0.315735
NSD2	-0.694284	-1.96717
NSD3	6.16521	3.85242
NSDHL	0.768723	-0.690629
NSFL1C	5.11757	-0.60741
NSG1	1.73355	2.02657
NSG2	0.816022	-1.01447
NSMAF	0.834092	2.00677
NSMCE1	0.511616	-1.15679
NSMCE4A	-7.84236	-3.24873
NSMF	-0.450882	-1.33165
NSRP1	-2.27582	-0.654906
NSUN3	-0.332663	1.30844
NSUN5	2.86896	3.11109
NSUN5P2	1.30368	2.11616
NSUN6	-0.0493169	-0.695546
NT5C3A	-1.06304	-2.32505
NT5DC1	-0.186852	1.00395
NT5DC2	5.33563	1.11789
NT5DC3	4.04212	-0.466524
NT5E	-1.57916	-2.25982
NT5M	0.805167	1.91086
NTHL1	2.02597	2.4452
NTM	1.17364	2.21557
NTN4	4.3718	4.8629
NTNG1	-1.76973	-0.687482
NTNG2	0.748762	-0.739514
NTRK2	-0.396545	-1.33986
NTRK3	3.37919	1.02037
NTSR1	0.758828	-1.08414
NTSR2	-1.17345	-1.92295
NUAK1	7.13387	5.9953
NUB1	-1.42612	1.30414
NUBP1	0.948218	1.12564
NUCB2	-2.24284	-2.85072
NUDCD1	4.24666	1.59156
NUDT1	-0.316863	-0.214125
NUDT10	2.65092	0.0408892
NUDT11	3.59663	-0.576513
NUDT12	1.0875	2.39933
NUDT14	3.49653	0.292999
NUDT15	-1.21651	0.5546
NUDT16	5.57032	0.845679
NUDT16L1	1.93033	-0.516439
NUDT17	0.266028	-1.20715
NUDT18	1.91897	0.110389
NUDT2	3.08069	-0.301079
NUDT22	0.688072	1.5529
NUDT4	6.52964	2.89963
NUDT5	-1.56287	0.428241
NUDT6	-0.177475	0.879183
NUDT8	-1.94599	-0.278332
NUDT9P1	4.54923	3.65963
NUMB	3.78181	4.2661
NUMBL	-1.20201	-2.08406
NUP107	-0.532749	1.22344
NUP153	-0.0844597	1.01227
NUP205	-1.5962	0.411369
NUP35	1.11472	2.00069
NUP54	-0.616993	1.2042
NUP85	4.23078	2.34061
NUP88	-0.0798386	-0.222723
NUP93	0.621608	0.923563
NUPL2	-2.025	-0.238075
NUPR1	-2.98425	-3.40369
NUPR2	-0.738319	-1.69427
NUS1	2.67887	-0.402545
NUTF2	0.333679	-1.1385
NUTM2B-AS1	-1.15426	0.849847
NVL	-0.627009	0.607071
NWD1	-0.562749	-1.44556
NWD2	4.07068	1.34799
NXN	0.313002	-1.39129
NXPE3	-0.839624	0.706714
NXPH1	1.03719	-0.524026
NXPH3	-0.181253	1.59482
NYAP2	0.0552273	-0.231085
NYNRIN	0.893779	-0.633744
OAF	-0.337313	-1.33978
OAZ2	1.41792	-0.169707
OAZ3	1.26031	-0.398707
OBSCN	0.63161	-0.910012
OBSL1	1.83423	2.97934
OCA2	4.56567	0.801629
OCEL1	1.38226	1.97634
OCLN	0.632766	1.20852
ODF2	2.9726	2.90663
ODF2L	-0.560748	0.650298
OGDHL	2.04473	2.75365
OGFOD2	0.268272	1.70695
OGFOD3	-1.08102	0.416462
OGG1	0.0291104	-1.39159
OGN	-2.80065	-3.63996
OGT	0.465494	1.57428
OIP5-AS1	1.33979	2.27395
OLFM1	1.56673	2.26324
OLFM3	7.02863	3.87835
OLFM4	3.40062	3.45242
OLFML2A	-3.52378	-1.37568
OLFML2B	0.946285	0.0518394
OLFML3	-1.51653	-2.47824
OLR1	-1.55907	0.130255
OMA1	0.00951968	0.0715391
OMG	-3.01446	-0.26558
ONECUT1	-2.68749	-3.57061
ONECUT2	2.25836	3.04899
OPA3	-0.13951	-0.824346
OPHN1	-1.45827	-1.95629
OPN3	6.08234	5.98383
OPN4	-0.839993	-1.1912
OPRD1	-0.31075	1.28796
OPRK1	0.40495	-1.33937
OPRM1	5.81066	1.00196
OPTN	3.37311	0.804858
OR13C5	-1.99598	-2.5971
OR14I1	4.81524	2.61437
OR2AK2	-0.915644	1.27699
OR2L13	2.26124	2.91798
OR2L2	-4.43268	-0.333991
OR2L3	2.87133	4.29524
OR2L8	3.29353	3.58614
OR2M4	-2.10823	0.596873
OR7E156P	-4.66478	-2.32225
OR7E24	-4.06416	-1.5915
OR7E47P	-3.33078	-0.420405
ORAI2	-6.78899	-4.59964
ORC4	2.65086	0.701321
ORC6	3.15796	-0.277798
ORMDL2	-1.057	-2.23023
OSBP2	-1.03018	1.33357
OSBPL11	-0.616846	-0.967711
OSBPL1A	2.06359	2.91738
OSBPL2	-2.42623	0.496279
OSBPL3	1.12603	1.86645
OSBPL5	1.08415	2.11978
OSBPL6	1.4249	2.20787
OSBPL9	-1.76868	0.138355
OSGEP	-0.0587039	1.44725
OSGEPL1	-1.22038	1.00105
OSR1	3.01967	0.50721
OST4	-2.99125	-2.64235
OSTF1	5.90701	5.04812
OSTN	1.61891	2.30686
OTUB2	2.03684	-0.506411
OTUD1	2.67088	0.751093
OTUD6B-AS1	2.772	3.44966
OVGP1	0.290487	1.66132
OVOL2	6.0843	2.88892
OXCT1	1.51586	-0.967489
OXCT2	-2.47964	-0.0633178
OXGR1	-3.35931	-0.704923
OXNAD1	-1.19722	0.551983
OXR1	3.39774	3.55427
OXSR1	0.532684	1.73964
OXTR	-2.11612	-2.7278
P2RX4	-1.98354	-1.30138
P2RX5	4.61981	0.661181
P2RX6	0.98795	2.00742
P2RX6P	1.36637	2.30487
P2RY12	-2.47068	-2.58448
P2RY13	-2.42427	-2.5446
P2RY14	1.92122	1.68456
P2RY6	2.61637	-0.0334559
P3H1	-0.644716	0.904036
P3H2	-1.11399	-1.97977
P3H3	0.357881	1.66145
P4HA2	-0.642592	-2.20705
PAAF1	0.26828	-1.0446
PABPC1L	-0.287904	-1.16154
PACRG	2.41903	-0.628207
PACS1	0.731555	-0.530565
PACS2	-3.8406	-2.32422
PACSIN1	3.53005	0.192475
PACSIN2	-3.06756	-0.921861
PACSIN3	-4.39982	-0.477545
PADI2	-1.45255	-1.29165
PAFAH1B3	-0.647193	-1.70919
PAG1	-0.10759	1.70544
PAGR1	-0.248764	0.863334
PAH	5.24118	2.3092
PAIP1	4.16903	3.98234
PAK3	3.00844	0.0833245
PALLD	-1.22694	-1.91007
PALM	-0.211437	-1.41256
PALM2	1.37907	-0.275826
PALMD	-3.83668	-4.65081
PAM	-1.37869	0.0923601
PAMR1	0.434219	-0.950429
PAN2	-0.529549	1.08338
PANK1	-0.930151	1.34315
PANK3	1.44685	-0.161594
PANX1	5.35779	1.89382
PANX2	-2.41472	0.489732
PAOX	0.631279	-0.935656
PAPSS2	0.988409	1.89301
PAQR4	-0.320068	0.496959
PAQR6	-3.12352	-2.35365
PAQR8	-1.51735	-0.641309
PAQR9	-1.93533	0.108461
PARD3	-2.50675	-2.91126
PARD3B	-1.55508	-2.06802
PARD6A	1.45587	1.90929
PARD6B	5.12065	4.25712
PARD6G	-2.96354	-0.297773
PARG	1.85246	2.84788
PARM1	1.79323	2.74299
PARP14	-4.50461	-4.84681
PARP2	2.7261	3.27958
PARP3	-1.32584	0.0526454
PARP4	-5.68323	-3.31742
PARP8	3.04448	1.03281
PARS2	1.53959	2.26401
PART1	4.9703	4.25574
PARVA	-1.23666	-2.23071
PARVB	-1.88231	-2.59141
PASK	0.455011	1.70941
PATE2	0.0653231	1.39175
PATJ	-4.78531	-3.16504
PAWR	-3.84077	-3.34524
PAX6	-0.252255	-1.55955
PAX8	-2.29835	-2.13877
PAX8-AS1	-2.93025	-2.51587
PAXBP1-AS1	1.9074	-0.36993
PAXIP1	-0.44592	1.17634
PAXIP1-AS1	1.99932	0.0275364
PBLD	-3.17739	-3.8218
PBX1	5.86169	5.00428
PBX3	-1.17359	-0.415637
PBX4	-1.33024	-1.93562
PBXIP1	-0.98853	-1.78297
PC	0.532968	1.08634
PCAT19	-2.72177	-0.248521
PCBD1	4.92626	-0.318865
PCBP3	2.36295	0.627062
PCCA	0.216415	0.377162
PCDH10	6.00483	3.55088
PCDH11X	-1.47826	-0.885323
PCDH11Y	-1.52858	-1.4876
PCDH12	-0.39345	0.539823
PCDH15	-2.46348	-2.92993
PCDH17	-0.337503	-2.10181
PCDH18	0.81575	-0.0741865
PCDH19	3.74927	0.26984
PCDH20	3.91268	0.861227
PCDH7	-2.73561	0.00417125
PCDH8	5.32554	2.2139
PCDHAC2	3.89597	2.79756
PCDHB10	4.65648	4.7595
PCDHB11	2.15042	2.79585
PCDHB12	1.22613	2.23572
PCDHB14	1.47938	2.60132
PCDHB16	2.52244	2.96891
PCDHB18P	2.79475	3.048
PCDHB2	1.73335	2.86291
PCDHB6	4.04018	5.15161
PCDHB9	3.75671	4.52981
PCDHGA3	-2.16865	-0.852111
PCDHGB4	-2.35574	-0.281282
PCDHGC5	-1.07701	-1.77466
PCED1B	1.35216	-1.26897
PCGF1	1.25382	2.12963
PCGF3	1.56564	1.52669
PCK2	-3.09677	-3.66762
PCLAF	-0.212972	-1.01806
PCLO	2.62508	-0.102659
PCMT1	1.78877	0.161642
PCMTD2	2.52869	0.984791
PCNA	-3.32176	0.132137
PCNT	-0.555991	0.868457
PCNX2	1.74676	2.42785
PCNX4	-0.0879332	1.3051
PCOLCE2	-4.41361	-4.56597
PCP4	-1.00728	0.335095
PCP4L1	0.145759	1.45975
PCSK1	3.70322	3.00499
PCSK2	0.652768	0.733825
PCSK5	1.19717	-0.711753
PCSK6	0.167308	0.763625
PCTP	-4.01066	-0.429816
PCYT1B	-2.65989	-3.23463
PCYT2	2.03352	1.60286
PDCD4	-0.0774763	0.520689
PDCD6IP	-0.145774	1.28893
PDCD7	0.59511	1.77131
PDCL	-3.15026	-1.28245
PDCL3	3.35886	4.16355
PDCL3P4	-0.757394	0.866696
PDE10A	2.60067	3.23576
PDE11A	-3.39264	-3.51537
PDE1A	1.25356	-0.646298
PDE1B	5.65622	4.2635
PDE2A	0.439512	-1.356
PDE3A	-3.21047	-3.44208
PDE4A	0.213823	1.68213
PDE4B	-0.710088	0.675901
PDE4C	3.13811	1.84642
PDE4D	3.0001	3.76091
PDE4DIP	-1.58769	-2.48819
PDE4DIPP1	-0.511704	0.801694
PDE7A	0.946674	1.75554
PDE7B	1.34288	2.22526
PDE8B	1.48907	2.03713
PDGFB	4.25151	0.309568
PDGFC	3.04758	-0.318929
PDGFD	0.756555	0.0302139
PDGFRA	-2.6951	-3.03175
PDGFRL	-1.60704	-2.57399
PDHB	1.00693	-0.423181
PDIA3P1	-2.13267	-3.82205
PDIA5	0.853516	2.16988
PDK1	-0.223355	0.823132
PDK2	3.69969	0.0141179
PDK3	3.80119	3.23016
PDLIM2	-0.90253	-0.0225108
PDLIM3	0.321137	-0.856912
PDLIM5	-0.546047	-1.64876
PDLIM7	1.58366	1.19249
PDP1	2.64775	2.77804
PDP2	-1.2093	1.01734
PDPK1	-0.285124	-1.46439
PDPN	-4.19571	-2.36104
PDRG1	1.05316	-0.291497
PDS5A	4.02907	-0.0826681
PDS5B	-0.197479	1.55475
PDSS1	0.713158	2.09568
PDYN	-2.17715	-2.8197
PDZD2	4.11563	1.52127
PDZD7	-0.324243	0.340553
PDZD8	-3.56405	-0.354217
PDZRN3	1.88436	1.91722
PDZRN4	2.1864	2.24183
PEA15	0.735587	-1.44928
PEBP4	1.30845	1.23977
PECAM1	-1.89893	-1.57424
PECR	-1.89896	0.835324
PEG10	-3.34101	-4.14775
PEG3	1.2743	2.16503
PELI1	0.73034	-1.18463
PELI2	-3.81971	-3.63329
PELI3	1.57604	2.36412
PEMT	0.835978	-0.155012
PENK	-2.59851	0.184356
PEPD	-0.337635	0.69752
PER1	2.02125	2.91122
PER2	4.82733	4.97748
PER3	0.316826	1.3555
PERM1	3.10113	0.640476
PERP	-2.76315	-2.1929
PET100	0.755532	-1.32674
PEX1	-0.282748	0.635199
PEX10	-0.0745983	-1.50792
PEX12	2.3876	3.13236
PEX19	0.946145	-0.974803
PEX2	-1.08627	-1.69257
PEX26	-1.77089	-1.90975
PEX5L	2.28156	2.75203
PEX6	1.70731	2.50089
PFDN1	1.41619	1.80705
PFKFB2	2.79438	2.99998
PFKL	-0.0241464	-1.71101
PFKP	0.682297	1.30997
PFN1	0.631795	1.23581
PGAM5	2.48866	0.861034
PGAP1	0.236114	-1.18734
PGAP3	1.3176	1.54701
PGBD2	1.8656	2.80637
PGBD4	1.05428	1.78768
PGBD5	0.0109111	-0.599649
PGC	2.1153	2.78467
PGM2L1	1.88038	-0.354658
PGM3	-1.98265	-0.37928
PGP	1.36869	1.92941
PGRMC1	1.24778	-1.28054
PGRMC2	5.87659	3.00844
PHACTR2	-6.64225	-4.05474
PHACTR3	1.54313	-0.147571
PHAX	-0.739339	1.25936
PHC2	-1.95018	0.159084
PHF13	3.35324	0.519976
PHF14	1.55771	0.58165
PHF19	-0.787269	0.224157
PHF20L1	4.83399	0.755258
PHF23	1.55423	1.42963
PHF24	3.14883	0.985897
PHF8	-0.139661	1.46466
PHGDH	-2.6336	-2.99349
PHIP	0.0458892	0.951618
PHKA2	-1.53562	0.765258
PHKB	2.24979	2.37466
PHKG2	2.42752	2.80836
PHLDA2	4.12313	3.52276
PHLDA3	0.541581	1.08054
PHLDB2	1.40366	2.09877
PHLDB3	-2.33714	-3.47771
PHLPP2	6.21575	3.50965
PHOSPHO2	0.944698	-0.503201
PHPT1	1.5282	-1.12829
PHYH	0.603648	1.84795
PHYHIP	3.38118	3.31042
PHYHIPL	3.43454	3.39213
PI16	-0.46503	-0.35963
PI4K2A	-6.87849	-0.334146
PI4KA	4.75916	3.26772
PIANP	1.43274	-0.984729
PIAS1	1.52599	1.95464
PIAS2	1.65768	2.31994
PIAS3	2.74417	1.55915
PICK1	2.85656	3.00686
PID1	2.04656	-1.21949
PIDD1	2.23175	2.77422
PIF1	-0.484212	1.12544
PIFO	-1.01017	-1.71701
PIGC	-1.30022	0.812289
PIGF	-0.253125	-1.6399
PIGK	0.941988	1.87885
PIGL	-1.47914	0.694024
PIGQ	4.10837	2.46487
PIK3CA	-0.0134364	1.67239
PIK3CB	0.720618	1.87529
PIK3CD	3.16743	0.331401
PIK3CG	-0.292181	-1.49743
PIK3R1	7.30987	5.11093
PIKFYVE	-0.572799	1.40067
PILRA	1.01346	2.01943
PIM1	0.247789	1.50872
PIM2	4.251	-0.171999
PIM3	0.400842	1.48029
PIN4P1	-0.210811	1.24836
PINK1	1.50208	1.15005
PINLYP	-2.20651	-2.56792
PINX1	-1.9943	0.986246
PIP4K2A	-1.83323	-1.0442
PIP4K2B	2.93479	1.20613
PIP4P2	1.71073	2.649
PIP5K1B	3.57466	4.24724
PIP5K1C	-0.215958	0.779382
PIP5KL1	-5.0324	-0.911717
PIPSL	-0.112519	-1.44934
PIR	-2.76417	-3.54816
PIRT	-2.13391	-3.18916
PITPNA	1.31102	1.6905
PITPNC1	0.490709	0.862565
PITPNM2	2.33461	-0.132035
PIWIL4	-0.89344	-1.1402
PJA1	0.608464	-0.667492
PJVK	0.751043	1.82181
PKD1	1.52343	2.11914
PKD2	-1.46341	0.874222
PKD2L1	6.62877	2.53558
PKDCC	4.74969	4.67821
PKIA	2.58262	-0.840414
PKIB	2.24001	-0.301184
PKIG	4.07928	0.870493
PKM	1.43937	1.87261
PKNOX1	-0.89838	-1.57735
PKNOX2	4.08195	4.07657
PKP2	0.0560139	0.0264698
PKP3	6.10713	2.89726
PLA1A	-1.63756	-1.48415
PLA2G4A	0.21038	0.481556
PLA2G7	-0.22207	-1.26682
PLA2R1	-3.74263	0.276864
PLAC9	-0.271246	-1.75329
PLAC9P1	-1.13308	-2.0976
PLAG1	5.81312	5.45573
PLAGL1	-2.86792	0.788698
PLAGL2	1.11822	2.21784
PLAT	-3.06681	-1.20122
PLAU	-2.31452	-1.59428
PLB1	-0.557643	-1.69929
PLBD1	-1.40657	-1.2798
PLCB1	0.916835	1.88726
PLCB2	-0.669047	-1.79738
PLCB4	0.779717	1.63322
PLCD3	-2.31905	-2.1793
PLCD4	-2.02161	-0.0277863
PLCE1	-2.7519	-3.57465
PLCG2	-6.08625	-5.69994
PLCH1	0.802276	-0.442218
PLCH2	1.08227	0.941605
PLCL1	-0.0810315	1.42445
PLCXD1	-1.77005	1.06939
PLCXD3	0.915479	0.576296
PLD6	0.415044	-1.16594
PLEKHA1	5.69558	5.30078
PLEKHA4	-4.61624	-5.18478
PLEKHA5	1.35876	2.50495
PLEKHA6	2.86159	3.00126
PLEKHA7	-1.74824	-2.39931
PLEKHA8	-5.08706	-0.827246
PLEKHF1	-1.22237	0.981802
PLEKHF2	-0.774825	-1.32177
PLEKHG1	0.512971	2.48629
PLEKHG4	-3.31253	-2.41581
PLEKHH2	-3.23331	-2.92997
PLEKHH3	-0.0481624	1.85745
PLEKHM1	-3.23431	-0.275106
PLEKHM2	-1.11246	1.18341
PLEKHO1	0.529129	2.0014
PLEKHO2	-2.14082	-2.51236
PLIN5	-1.38039	-2.07935
PLK2	0.703681	1.39976
PLK5	-1.91533	-0.873606
PLLP	-1.34817	-1.08447
PLOD3	0.164147	0.974927
PLP1	-1.93611	-0.566845
PLPBP	2.61989	-0.598462
PLPP1	-0.603443	0.501833
PLPP2	-0.711605	0.239159
PLPP4	-1.44601	-2.13297
PLPP5	1.95595	0.550603
PLPP7	3.40752	3.71527
PLPPR1	-3.36541	-3.14694
PLPPR2	0.0245439	-1.73205
PLPPR3	2.39472	-0.584078
PLPPR4	-0.117069	-1.57278
PLPPR5	-0.743477	-1.62964
PLS1	1.47412	2.43543
PLS3	1.57542	-0.23576
PLSCR1	-1.6313	-0.513592
PLSCR4	0.0791947	-1.17024
PLTP	0.0497307	-1.19418
PLXDC1	2.13644	2.66518
PLXDC2	-2.5598	-3.16291
PLXNA1	6.11241	1.75085
PLXNA2	0.882075	1.90325
PLXNA3	0.270363	-0.392077
PLXNA4	-1.43906	0.317936
PLXNC1	0.961571	-0.681448
PM20D2	-0.775121	-0.285737
PMAIP1	-1.66205	-0.0657049
PMEPA1	-0.523404	0.842626
PMF1	-1.49732	-2.5588
PMM1	3.72943	0.355236
PMM2	-8.09499	-1.61971
PMPCB	2.6035	2.01563
PMVK	3.64006	-0.156928
PNCK	5.26279	-0.389305
PNISR	0.643535	1.7432
PNKD	0.691951	1.50257
PNLDC1	4.74016	5.25671
PNMA8A	5.20322	1.37586
PNMA8B	3.54659	2.81699
PNMT	1.90694	-0.334937
PNOC	2.8782	1.76166
PNP	-2.4687	-3.00887
PNPLA3	1.32168	-0.622792
PNPLA4	1.27454	-0.724523
PNPT1	-1.6695	0.551674
PNRC2	2.5646	0.114631
POC1A	2.42251	0.093071
PODXL	0.0571802	0.0971947
POGK	-0.993591	0.772505
POGLUT1	1.59492	2.30438
POGZ	1.47509	2.51798
POLB	-0.81527	-1.03526
POLD3	4.30173	4.38723
POLD4	-0.637056	-1.09873
POLDIP2	1.9579	2.74011
POLE4	-0.501092	-1.82616
POLR1D	-0.800961	-1.72399
POLR2G	0.267774	-1.66017
POLR2I	-0.0296738	-1.40506
POLR2L	-0.395641	-1.89194
POLR3B	2.25723	2.00208
POLR3C	2.45413	-0.156882
POLR3G	-3.18006	-1.47052
POLR3GL	1.17054	-0.692712
POMC	-4.59696	-2.26885
POMGNT2	3.05645	1.36154
POMT1	-2.64372	-1.32766
PON2	-0.405001	-1.40169
PON3	-1.43732	-2.09184
POP4	1.47073	-0.23233
POPDC3	2.2893	2.64742
POR	1.87792	-0.144802
POSTN	0.702152	1.71847
POU2AF1	-0.744099	-0.558059
POU2F2	1.02348	1.98284
POU3F1	-0.152835	0.965961
POU3F2	-2.24943	-0.0410267
POU3F3	-2.48304	0.200145
POU3F4	-4.2427	-0.498244
POU6F1	2.10259	2.60082
POU6F2	1.07148	2.24913
PP12613	5.3713	4.48997
PP7080	2.17145	0.596327
PPARD	-5.15991	-0.541464
PPARG	2.114	1.26693
PPARGC1A	0.770472	1.89991
PPARGC1B	4.97605	4.21583
PPAT	4.52358	2.6729
PPCS	-2.07298	-2.54008
PPDPF	-0.360524	-2.05035
PPEF1	3.08506	0.262224
PPFIA2	1.495	1.47468
PPFIA4	-0.129653	1.04176
PPFIBP1	3.9058	3.46994
PPHLN1	1.18686	-0.931258
PPIB	-4.69927	-4.08578
PPIC	-3.31426	-1.97897
PPIEL	4.48372	3.84407
PPIF	-0.360404	0.604819
PPIL2	-0.277522	-1.34837
PPIL3	-1.90539	1.10625
PPIL6	2.39256	-0.293086
PPIP5K1	-0.143279	1.01877
PPIP5K2	2.2421	2.96909
PPL	1.38481	2.68733
PPM1A	1.4638	2.28801
PPM1B	3.6947	4.35919
PPM1D	-1.78896	0.10624
PPM1E	-1.81545	-0.912573
PPM1H	1.46729	2.40761
PPM1J	-1.15959	-1.24077
PPM1L	0.628105	2.0393
PPM1M	0.835141	-1.05047
PPM1N	0.679574	-1.14762
PPME1	0.416161	1.3203
PPP1CB	5.35622	5.74173
PPP1CC	-0.966458	0.275987
PPP1R12A	6.62677	2.50831
PPP1R12B	0.555483	1.84002
PPP1R14A	-0.851121	-0.115661
PPP1R14B	-3.63541	-3.26262
PPP1R14C	8.98218	3.77106
PPP1R15B	-2.78262	0.41433
PPP1R16A	-3.02458	-2.95175
PPP1R16B	-4.22666	-0.165968
PPP1R17	-0.205415	-1.03976
PPP1R18	-4.73387	-4.86738
PPP1R1A	-2.63979	-3.72239
PPP1R1B	1.24925	-0.350499
PPP1R26	0.487541	-0.551739
PPP1R32	3.04069	-0.813234
PPP1R37	-2.46018	-2.93374
PPP1R3B	-0.922938	0.0397732
PPP1R3D	-3.99113	-2.06242
PPP1R3E	2.15674	2.90894
PPP1R42	-1.08409	-1.61716
PPP1R8	-0.296813	-0.99428
PPP1R9B	-0.0876132	-1.04759
PPP2CB	-0.693167	-1.69809
PPP2R1B	-1.01288	-0.981645
PPP2R2A	3.85593	3.90706
PPP2R2B	-3.7956	-2.29142
PPP2R2D	3.5996	3.47047
PPP2R3C	0.245828	-1.29778
PPP2R5A	-0.313767	-1.23417
PPP2R5C	1.11196	-0.33767
PPP2R5D	0.154628	1.41018
PPP3CA	3.26048	3.47736
PPP3CB	3.79263	1.91841
PPP3CC	0.683282	1.73754
PPP3R1	3.50459	2.05459
PPP4R2	3.06022	3.22585
PPP4R3A	0.149861	1.32646
PPP4R4	3.82691	-0.898004
PPP5D1	2.20808	-0.929714
PPP6C	4.91082	0.593587
PPP6R1	-3.7558	-3.82575
PPTC7	-0.118828	0.964444
PPWD1	-1.44969	0.430752
PQLC1	0.249762	-0.444638
PQLC3	-2.03402	-2.17273
PRAF2	2.72806	0.384211
PRAG1	2.2855	3.34188
PRAP1	3.98166	1.82343
PRB1	0.106093	1.43128
PRB2	0.553293	1.77944
PRB4	-1.55873	-0.164937
PRC1	3.18513	4.40304
PRCP	-1.81733	-1.35978
PRDM11	-1.10246	0.827536
PRDM12	2.13346	-0.0910708
PRDM16	1.3094	-0.208275
PRDM2	-0.656215	1.57691
PRDM5	-0.65947	1.36512
PRDM8	-3.45767	-0.129875
PRDX1	-0.791275	-1.84658
PRDX4	-1.24121	-2.38327
PRDX6	0.10495	-1.29784
PRELID2	2.20994	3.04514
PRELID3B	-0.934149	-1.10767
PRELP	-0.534007	-1.75964
PREP	3.57672	3.88814
PRH2	-0.479171	0.973578
PRICKLE1	1.92771	2.29748
PRICKLE2	4.28321	0.959271
PRIM1	0.0527139	1.77987
PRKAA2	3.92942	0.622298
PRKAB1	1.02236	1.80675
PRKACB	1.22966	2.10195
PRKAG2	0.195697	-0.442752
PRKAR2A	-0.904435	0.574828
PRKCA	-2.73239	-0.618671
PRKCB	0.508213	1.47128
PRKCD	3.35532	-0.973836
PRKCG	0.713215	-1.31382
PRKCH	-2.08765	-0.526639
PRKCI	-0.685522	-0.460074
PRKCQ	-1.91435	-3.25261
PRKCQ-AS1	1.07775	1.16457
PRKD1	0.74569	-0.16365
PRKG1	-0.589619	-1.40427
PRMT2	-0.138577	-1.81524
PRMT6	0.524088	-0.853639
PRMT7	0.976621	1.99103
PRMT8	-0.314585	1.28187
PRMT9	0.20187	1.62769
PRNP	5.75745	1.36078
PRO1804	-1.54224	1.32842
PROCA1	2.96127	1.18169
PRODH	-1.18163	-1.87908
PRORSD1P	1.68877	1.36605
PROS1	-0.484401	-1.53835
PROSER2	-6.37844	-3.25796
PRPF39	0.019332	0.853295
PRPF4B	-0.111952	1.48574
PRPH	-2.72011	-2.42132
PRPH2	0.139656	-1.23549
PRPS1	0.0303884	-1.44991
PRPS2	4.87651	4.67385
PRR14	0.324791	1.55677
PRR16	-3.90963	-0.791469
PRR22	1.07105	2.06183
PRR29	-3.15782	-3.4392
PRR5	-0.616	-1.9391
PRR5L	-1.28615	-0.324184
PRR7	-0.712484	-1.72088
PRRC2B	0.472766	-0.134939
PRRG1	-0.974073	0.247436
PRRG3	1.23113	-0.392746
PRRT1	2.58548	0.744228
PRRT2	1.98909	2.85316
PRRT3	0.460468	1.54937
PRRT4	5.01937	5.52303
PRRX1	1.26792	1.43872
PRSS1	0.184293	-1.22067
PRSS12	8.96208	3.75807
PRSS16	3.15678	3.83907
PRSS2	0.538519	-0.728851
PRSS23	3.67379	-0.319036
PRSS3	0.837766	-0.598888
PRSS35	0.258779	-1.25039
PRSS3P2	0.603478	-0.810805
PRSS56	-5.18996	-0.785663
PRTN3	6.64088	2.46394
PRUNE2	1.55095	1.63422
PSAT1	-3.0532	-3.20198
PSD	-2.28653	-2.99441
PSD3	5.36635	0.293795
PSEN2	1.99348	1.00978
PSENEN	0.214223	-1.4435
PSIP1	-0.238513	-1.2526
PSMA3-AS1	-1.96613	-1.89597
PSMA6	3.86324	1.61447
PSMB1	1.62037	-0.996802
PSMB10	-1.55219	-2.53433
PSMB2	1.89154	-0.494099
PSMB5	1.57106	-0.0937001
PSMB6	1.88675	-0.151099
PSMB7	2.8773	-0.335205
PSMB8	-4.17247	-3.4027
PSMC1	2.55365	1.41838
PSMC2	0.697438	0.606083
PSMD1	2.71816	0.770073
PSMD12	1.02904	1.91575
PSMD4	0.773432	-0.766972
PSMD6	-5.05387	-0.932757
PSMD8	0.315257	-1.12686
PSMD9	-1.86101	-2.97664
PSME1	-0.471263	-1.63432
PSME2	0.391447	-1.12449
PSME4	-0.0616317	0.862802
PSMG3	4.4626	4.50458
PSMG3-AS1	0.510422	-1.42856
PSORS1C1	1.47574	-0.977412
PSTPIP1	1.01588	-0.107203
PTAFR	-3.52792	-3.64908
PTBP2	1.94528	-0.757594
PTBP3	0.347477	-0.418715
PTCH1	1.83139	0.32717
PTCHD1	3.17752	0.00389412
PTCHD4	-0.327876	1.42673
PTDSS1	1.47937	-0.0987127
PTER	2.51143	-0.323329
PTGDR2	0.329025	1.10189
PTGER3	0.388675	-1.80158
PTGER4	-1.78605	-2.65784
PTGES	1.70186	-0.282797
PTGIS	-0.388028	0.524753
PTGS1	-5.56281	-4.69224
PTGS2	0.730191	1.48874
PTH1R	-2.22694	-0.0461464
PTH2R	4.59129	4.07454
PTHLH	-0.0301014	-1.31274
PTOV1	3.80385	3.43889
PTP4A1	0.999628	-0.235288
PTP4A3	6.64353	3.74456
PTPDC1	-3.27627	-0.190148
PTPMT1	-0.553653	0.611125
PTPN11	3.49956	2.4094
PTPN12	-0.126444	1.83081
PTPN14	1.02145	1.70171
PTPN2	0.492939	1.85312
PTPN3	0.340514	-0.283843
PTPN4	3.99848	3.90229
PTPRA	0.676269	-1.19797
PTPRC	-4.17606	-3.99759
PTPRD-AS1	-0.120073	1.37551
PTPRE	-3.10989	-0.660189
PTPRF	4.14303	-0.379429
PTPRG	-0.0328651	-1.12615
PTPRH	0.833462	1.51191
PTPRJ	1.49713	-0.214842
PTPRK	2.2943	2.46177
PTPRM	0.751516	0.366803
PTPRO	3.62201	0.265167
PTPRR	-0.0256477	-1.2324
PTPRT	2.75588	4.27773
PTPRU	1.97414	1.64923
PTPRZ1	-3.57	-3.22521
PTRH1	0.783069	-1.415
PTRH2	2.73614	1.42742
PTRHD1	-1.20018	-2.12499
PTS	0.170659	-1.43366
PTTG1	-0.917085	0.0861198
PTTG1IP	-5.61873	-5.43817
PTTG2	-1.06532	-0.0543115
PTX3	-0.978737	0.758066
PUDP	-2.73712	-0.597276
PUF60	0.0660215	-1.37222
PUM1	4.35196	1.4213
PUM3	0.23974	-1.4285
PURA	0.116125	1.84249
PURB	2.3976	3.44612
PURG	0.261187	-0.210023
PUS1	0.0462452	0.550595
PUS7L	0.633536	-0.404655
PUSL1	2.47477	-0.838655
PVALB	1.20686	2.03809
PVR	0.843817	1.85387
PWAR5	0.942492	2.06334
PWP1	3.7686	-0.540242
PXDN	-1.55384	-0.681552
PXDNL	-2.81183	-0.134151
PXMP4	1.68486	-0.141301
PXN	-4.59911	-2.13482
PXN-AS1	2.05074	0.793168
PXYLP1	-0.811289	1.30229
PYCARD	-1.83774	-2.40804
PYCR1	0.477228	-1.59615
PYCR3	0.780105	-1.10894
PYDC1	-0.782554	-1.83715
PYGL	-0.0900542	-1.76205
PYGO1	-3.3182	-3.21895
PYGO2	3.61224	1.12995
PYROXD1	1.16897	2.00852
QDPR	-0.901341	-0.143165
QPCT	4.03191	4.31882
QPRT	0.546947	-0.358277
QRFPR	-2.00417	0.199536
QTRT2	-0.574355	0.945049
R3HDM1	1.12824	2.17658
R3HDM4	-0.373245	-0.959368
RAB11A	0.402647	-0.835565
RAB11B	-2.68345	0.326332
RAB11FIP1	2.95513	0.588948
RAB11FIP4	0.611211	0.416319
RAB11FIP5	0.33412	1.0991
RAB13	-3.33157	-3.42196
RAB23	1.79273	-0.480139
RAB24	0.859007	1.9452
RAB27B	2.20987	-0.780616
RAB29	-2.68296	-3.42235
RAB31	-1.22729	-2.00167
RAB32	-0.660392	-1.84105
RAB34	-0.269193	-1.33955
RAB35	1.19553	-0.884335
RAB36	3.10607	-0.46668
RAB37	0.656218	1.65372
RAB39A	2.74944	1.34203
RAB3B	-1.93838	-2.40844
RAB3C	4.77368	2.25477
RAB3D	-0.360394	-1.45518
RAB3GAP1	3.50309	0.339476
RAB3GAP2	0.64527	1.64864
RAB3IP	-1.26073	-2.29806
RAB40AL	1.53315	2.45291
RAB40B	0.344084	-1.36388
RAB40C	4.84538	4.38659
RAB7B	1.17915	1.39258
RAB8B	-1.04803	-2.35658
RAB9A	-3.37899	-3.06202
RABAC1	1.19218	-0.143593
RABEP2	-2.60105	-0.0448131
RABEPK	3.98403	3.94605
RABGEF1	3.8538	3.99816
RABIF	3.14134	1.19126
RABL2A	2.6015	2.86157
RAC2	0.15714	-1.20737
RACGAP1	0.476919	1.78425
RAD1	0.797785	-0.467456
RAD17	1.63365	-0.262409
RAD52	-1.21057	0.441246
RAD54B	0.764778	2.01066
RADIL	-0.475178	1.20043
RAE1	1.60198	0.295706
RAET1E-AS1	2.11667	-0.827441
RAI1	0.912063	2.02335
RALB	-2.10348	0.0827355
RALBP1	3.7636	1.7215
RALGAPA1	0.941713	1.79339
RALGAPA2	-3.05843	-0.185968
RALGPS2	-1.6994	-2.66693
RALY	1.18437	2.0553
RAMP3	-0.353924	0.724058
RAN	3.18681	0.378363
RANBP17	2.46782	2.95816
RANBP2	3.15155	3.38551
RANBP3L	0.01475	-1.14704
RANBP6	1.2078	1.88768
RANBP9	4.80796	4.08428
RAP1B	-3.29774	-2.93404
RAP1GAP	-1.02607	-2.21464
RAP1GAP2	0.251774	0.864459
RAP1GDS1	-1.21467	-0.9204
RAP2B	1.05955	-1.44406
RAPGEF2	7.87388	4.97532
RAPGEF4	0.835873	-0.898738
RAPGEF5	0.85457	1.47368
RAPGEF6	-2.12643	0.24901
RAPH1	6.00622	2.49735
RARA-AS1	6.72833	2.65355
RARB	4.83715	5.32177
RARRES1	-2.09088	-1.54282
RARRES3	-1.77814	-2.25877
RARS	2.63851	0.464161
RASA3	-1.31988	-0.205023
RASA4CP	0.413823	-0.647994
RASAL1	3.67297	0.108871
RASAL2	2.24424	2.52834
RASAL3	-3.25704	-3.19221
RASD1	6.32114	4.73645
RASD2	1.07069	2.19732
RASGEF1A	1.55098	-0.313027
RASGEF1B	-1.84041	-2.1621
RASGEF1C	2.88769	0.0721005
RASGRF1	-2.21045	0.264508
RASGRF2	4.26915	3.33849
RASGRP1	2.19914	1.29152
RASGRP2	1.2655	1.578
RASGRP3	-2.8272	-1.89323
RASIP1	0.130156	0.931577
RASL10A	0.828125	-1.37687
RASL11A	-4.46472	-1.36044
RASL11B	5.83635	1.2807
RASSF2	-2.95136	-1.47299
RASSF3	0.710923	1.08978
RASSF4	-4.30222	-0.379497
RASSF5	1.861	2.30782
RASSF8	-4.67168	-2.20135
RASSF8-AS1	-8.41716	-3.82293
RAVER2	0.690682	-1.35074
RBAK	1.64514	2.64243
RBBP4	1.56583	2.61183
RBBP6	0.244163	1.1423
RBBP7	1.08454	-1.29698
RBFOX1	2.34676	2.77365
RBFOX2	-0.996957	0.508099
RBFOX3	1.77403	2.37543
RBKS	-0.383703	0.975141
RBL2	-0.918272	0.163476
RBM14	-0.0773751	1.26316
RBM15	1.58005	2.5727
RBM20	0.50867	1.42165
RBM22	-0.0557132	1.06209
RBM24	5.27037	2.1779
RBM25	0.184195	1.01713
RBM26	2.27066	2.10367
RBM27	-2.35998	-1.40775
RBM3	-1.44746	-2.13208
RBM39	-3.95818	-2.2008
RBM4	1.61447	0.785726
RBM48	-0.195522	0.8984
RBM4B	-1.16254	0.741944
RBM5	0.962675	0.190444
RBM7	-1.24811	0.505721
RBM8A	2.47809	-0.788364
RBMS1	0.143637	1.43021
RBMS3	-1.08986	-0.927649
RBP1	1.81559	0.943242
RBP4	4.90587	-0.334169
RBP7	-1.57499	-0.630626
RBPJ	0.310539	1.63361
RBPMS2	1.14883	1.24934
RCAN1	-0.467744	0.419608
RCAN2	1.83636	2.53942
RCBTB1	-1.19737	-0.230414
RCBTB2	-1.79643	-2.36165
RCC1	-0.345842	1.27949
RCC1L	-0.321631	0.820102
RCC2	-1.52562	1.06151
RCCD1	-1.21463	-0.542077
RCL1	-3.21677	-0.620811
RCN1	2.43396	-0.546543
RCN2	3.07313	0.283626
RCN3	1.15032	2.72224
RCOR3	-0.247183	1.71744
RCSD1	3.83284	2.16147
RDH10	0.283404	-1.08664
RDH11	1.9508	0.644503
RDH12	3.00694	2.86508
RDH5	-2.22928	0.375527
RECQL4	2.0417	2.54817
RECQL5	-1.44962	-0.144261
REEP2	0.608988	1.37166
REEP3	-4.86181	-1.37553
REEP5	3.75768	3.82657
REEP6	-2.51674	0.333879
RELB	2.27564	2.02286
RELL1	-2.9524	-2.03258
RELL2	0.711458	1.7223
RELN	0.461859	-0.337226
RELT	-2.77932	0.120035
REPIN1	-0.0960365	1.35092
REPS1	0.675197	1.89981
RER1	0.572608	-1.20809
RERG	-0.357799	1.16844
RERGL	-2.71524	-1.28959
RESP18	-1.45842	-2.35247
RET	0.208742	1.64432
RETREG1	6.68222	3.95257
RETREG2	3.05261	2.59956
REV1	-0.0735354	0.763352
REV3L	-1.80555	-0.972329
REXO2	-0.122839	-0.853243
REXO5	2.84175	0.286046
RFC3	1.72923	0.105382
RFC5	-0.505636	-0.444805
RFK	2.61773	-0.595659
RFLNB	1.16625	0.257125
RFPL1	3.80057	3.70815
RFPL2	2.78398	3.36533
RFPL3	3.55905	3.83279
RFTN1	5.58041	2.73035
RFX1	-0.222258	0.491004
RFX2	-1.4132	-1.93807
RFX3	5.66328	2.20969
RFX5	-0.25243	1.37718
RFX8	4.18462	3.7612
RFXANK	-1.06373	-1.46377
RFXAP	0.213437	0.941264
RGMA	-0.854778	-0.394205
RGMB	4.15939	-0.196578
RGN	-1.92457	-2.4948
RGPD3	0.120065	1.70726
RGPD4	-0.230033	1.48567
RGS1	-4.42887	-4.89031
RGS10	-2.53465	-2.78695
RGS12	1.88163	0.986393
RGS14	-1.18414	-2.1237
RGS16	0.336844	1.66503
RGS17	1.35881	-0.565095
RGS18	-1.87571	-2.46976
RGS2	-2.84007	-0.548577
RGS20	-0.164791	-1.58934
RGS22	-0.419978	-1.49085
RGS3	0.371315	1.1609
RGS4	5.35233	2.33728
RGS5	0.786547	0.752314
RGS6	1.87238	2.43857
RGS7	1.61161	3.07733
RGS7BP	-1.09355	-0.474531
RGS8	-1.24305	-1.94137
RGS9	-1.72268	-1.7942
RHBDD2	3.44892	-0.446763
RHBDF2	-5.75947	-4.36354
RHBDL2	-1.81598	-0.786069
RHBDL3	-0.425886	1.43681
RHCE	1.27962	0.0222533
RHCG	3.52692	1.45538
RHEBL1	5.36588	3.02693
RHOA	-1.57412	-2.86875
RHOBTB1	1.46121	2.15974
RHOBTB2	-0.400571	0.795096
RHOC	-3.45216	-3.17844
RHOF	1.20437	0.877488
RHOG	-1.29403	-0.347345
RHOJ	0.612485	-0.839182
RHOQ	-1.22617	-1.10164
RHOV	0.109519	1.13453
RHPN2	-2.26112	-2.80212
RIC8A	4.02416	-0.301667
RICTOR	2.72643	2.81543
RIDA	-0.592496	-1.4269
RIF1	0.542854	1.80686
RIIAD1	-0.59121	-1.76801
RILP	1.15796	1.82901
RILPL1	0.962003	-1.40818
RILPL2	0.958905	-0.999122
RIMBP2	2.94088	0.16789
RIMKLA	0.82578	1.57271
RIMKLB	-0.471059	-1.32574
RIMS1	2.73452	0.574317
RIMS2	0.450323	1.69986
RIMS3	7.09247	6.01354
RIMS4	-2.48626	-0.507337
RIN1	1.59781	-0.263468
RING1	0.844421	2.00408
RINL	-0.663096	-0.459898
RIOX2	2.01278	-1.0519
RIPK2	2.74528	0.170547
RIPOR2	3.69534	-0.907586
RIT1	-0.0920029	-1.33798
RIT2	1.9594	1.31746
RITA1	1.81262	-0.295591
RLBP1	0.762968	-0.517954
RLIM	-2.28547	-2.02635
RMC1	-0.744024	0.834095
RMDN2	4.26488	4.13412
RMI1	-1.30195	1.09122
RMI2	3.22231	0.131851
RMND1	0.461746	1.5815
RMND5A	0.943721	2.34439
RNASE1	-0.736816	-0.104595
RNASE6	-2.75902	-2.75918
RNASEH1	-0.456417	-1.58237
RNASEH2A	-1.02688	-2.13522
RNASEH2B	1.22579	-0.0376333
RNASEH2C	-1.22254	-2.19462
RNASET2	-3.22708	-3.16311
RND2	1.8778	3.33684
RNF11	3.25116	0.0481201
RNF113A	0.376591	1.7429
RNF128	2.31923	2.20979
RNF13	-1.53743	-0.193788
RNF130	-2.55812	-1.94652
RNF135	-3.87375	-3.90945
RNF141	1.2074	1.36714
RNF144A	0.126386	1.42529
RNF144B	-0.600548	0.438186
RNF150	2.00591	-1.23776
RNF152	-2.40851	-1.57618
RNF157	-0.184756	1.21733
RNF157-AS1	-0.568133	-1.43914
RNF165	0.388006	1.66135
RNF168	-0.972602	0.878851
RNF181	0.40973	-1.46305
RNF182	1.77308	0.622293
RNF2	3.41436	0.0655139
RNF208	0.243744	1.46969
RNF212	-4.53476	-3.14
RNF217	0.443943	2.39034
RNF220	4.32533	4.7158
RNF26	2.0969	2.59724
RNF43	1.45062	-0.10065
RNF5	-0.0262092	-1.65817
RNF5P1	-0.317695	-1.76164
RNF7	0.703103	-1.37091
RNGTT	5.76073	1.93665
RNLS	2.14055	3.01204
ROBO1	0.904893	-1.22082
ROBO2	2.9026	0.0389027
ROBO3	-0.736038	-1.33809
ROBO4	-0.195488	0.6117
ROCK1	-1.90759	-0.841019
ROCK2	1.69322	2.23804
ROM1	-4.09609	-4.71386
ROPN1L	-1.96998	-1.19819
RORA	-0.289858	1.83231
RORB	1.33299	2.58232
RP9	-2.17443	0.381519
RP9P	-3.43882	-1.79978
RPA2	2.00715	-1.03727
RPA4	-3.38857	-3.46768
RPAIN	0.191776	-1.60092
RPAP3	1.94757	-0.338739
RPGR	-5.99272	0.269458
RPH3A	3.8301	4.56763
RPH3AL	3.23148	2.15423
RPIA	1.43566	2.54332
RPL10A	-1.83314	-2.42775
RPL12	-0.188052	-1.46306
RPL13	-1.38788	-1.79149
RPL15	2.4245	3.26372
RPL18	-0.786867	-1.31997
RPL23A	-1.23598	-2.01134
RPL24	0.165056	-1.03099
RPL26	-0.822513	-1.55367
RPL27	1.3431	-0.624802
RPL27A	-0.705877	-1.84614
RPL29	-1.47425	-2.15468
RPL29P2	-2.26874	-2.58753
RPL31	0.536453	-0.917932
RPL31P11	1.40948	-0.716284
RPL32	-0.265117	-1.26853
RPL35	-0.390829	-1.45556
RPL36	0.317204	-1.18293
RPL37	-2.09009	-2.62635
RPL37A	-0.484198	-1.40377
RPL38	-0.70477	-1.34709
RPL39	-1.29845	-2.0182
RPL39L	0.144131	-1.22252
RPL41	2.23845	-0.598729
RPL8	0.369681	-0.864187
RPL9	-0.200805	-0.733094
RPLP1	-2.73765	-2.99076
RPN2	-3.14479	-4.21459
RPP25	1.64375	2.58729
RPP25L	0.80309	0.907354
RPP38	-2.52876	-0.838494
RPRM	5.94312	3.8674
RPRML	3.8865	4.13067
RPS10	-0.939607	-1.93926
RPS11	-0.874953	-1.65381
RPS18	-0.455473	-1.59202
RPS19	-1.67323	-2.21592
RPS19BP1	0.354401	-0.288701
RPS2	-0.452926	-1.59068
RPS20	-0.647995	-1.63286
RPS21	-0.139439	-1.23241
RPS24	-0.786558	-1.67068
RPS27	-1.03435	-1.65614
RPS2P32	-2.62472	-2.82773
RPS3	-1.95996	-2.27604
RPS6KA2	-7.52772	-3.71204
RPS6KA3	2.4617	2.58079
RPS6KA4	-0.360523	-0.909126
RPS6KA5	2.14256	2.25331
RPS6KB1	2.49047	3.2028
RPS6KB2	-3.13534	-0.412851
RPS6KC1	1.38884	1.94686
RPS8	-0.917888	-1.67272
RPSAP9	0.283985	1.57726
RPUSD2	2.79859	2.99839
RRAD	-3.08988	-0.854118
RRAGB	0.705732	-1.16796
RRAGD	0.0748807	-1.21424
RRAS2	1.5089	-0.599811
RREB1	-0.962374	-2.00847
RRM2B	-2.64071	0.532864
RRNAD1	-0.471017	1.25778
RRP12	0.953465	1.65961
RRP36	0.78295	0.0503675
RRP7A	-0.00506625	-1.78017
RRP7BP	1.12047	-1.36534
RRS1	-0.401778	0.629994
RS1	2.2334	0.979287
RSAD1	-0.0890868	1.40795
RSAD2	-1.92866	0.376721
RSBN1L	0.760967	1.70861
RSPH1	-0.832641	-1.80898
RSPH14	-1.01298	-2.24455
RSPH9	0.661564	-1.21062
RSPO2	-4.50621	-0.592759
RSPO3	-1.16366	-2.11489
RSPO4	-0.398159	-1.37658
RSRC1	-1.44866	0.778357
RSU1	-1.42938	-2.62023
RTBDN	0.200017	-1.61288
RTEL1	1.69424	2.21617
RTKN2	2.46976	2.67468
RTL10	3.36976	1.87462
RTL6	2.79341	-0.238203
RTL8C	3.36709	0.939246
RTN2	0.559422	1.37433
RTN4	0.700312	1.50609
RTN4R	3.94707	2.44558
RTN4RL1	4.85246	1.81528
RTN4RL2	2.8941	0.311235
RTP1	5.24415	1.82203
RTP5	0.296697	-1.43841
RUBCN	1.91456	-0.0871255
RUBCNL	0.935533	-0.672698
RUNDC3A	4.7792	0.347822
RUNDC3B	0.199504	1.58368
RUNX1T1	-0.223071	-0.845352
RUNX2	-2.01654	0.212746
RWDD1	-4.09518	-1.11351
RWDD2B	0.829091	1.7619
RWDD4	0.872135	-0.147414
RXFP1	4.38188	3.39121
RXRA	-2.91962	-2.91466
RXRG	1.22064	-0.665996
RXYLT1	0.461976	-0.252467
RYBP	2.13752	1.20516
RYK	5.38986	2.4282
RYR1	-1.11127	-1.88078
RYR2	0.97202	1.80286
RYR3	-1.30035	-2.18459
S100A10	-5.67914	-6.1975
S100A13	-0.287729	-1.39571
S100A16	-1.4839	-2.10487
S100A6	2.29659	1.3805
S100B	-3.33214	-3.75462
S100PBP	-1.51581	-1.51229
S100Z	-2.3229	-2.79549
S1PR1	-0.425095	-1.29411
S1PR5	-0.363321	0.508099
SAA2	-0.373331	0.943296
SACM1L	5.16271	4.48928
SACS	-0.141487	0.658422
SALL2	-2.40168	-2.27718
SAMD12	-1.09405	1.13744
SAMD13	3.84173	4.29868
SAMD14	1.44967	-0.364694
SAMD15	0.429667	-0.969845
SAMD4A	-0.195396	-1.51857
SAMD5	-1.35843	-1.09871
SAMD8	0.405116	-0.865326
SAMD9	-3.13035	-3.72097
SAMD9L	-3.828	-3.46073
SAP130	2.07897	-0.0106234
SAP18	1.06305	-0.557436
SAP30	-0.501719	-0.766814
SAP30BP	0.161638	-0.85423
SAP30L	1.87233	2.2664
SAPCD2	-0.561794	-1.18033
SAR1B	-1.02578	0.542871
SARAF	1.7663	-0.179228
SARDH	1.09041	-0.716361
SARM1	-0.881254	0.119112
SARNP	3.18995	-0.855632
SARS	1.0267	1.95607
SAT1	-3.49617	-4.17518
SAT2	2.38678	3.28576
SATB1	1.82918	3.1762
SATB2	7.22624	5.87238
SAV1	-4.50029	-1.37911
SBF1	-0.39734	-1.40569
SBF2	-0.98593	-1.74616
SBNO1	3.1858	3.20926
SBSN	-1.91698	-0.166424
SC5D	2.36875	1.18056
SCAF11	-4.66109	-0.692819
SCAI	2.05205	2.72394
SCAMP1-AS1	-3.78723	-4.23965
SCAMP5	4.86665	4.42393
SCAPER	4.4923	0.25379
SCARA5	1.86024	-0.446659
SCARNA17	2.24241	3.53622
SCCPDH	0.494447	-1.28668
SCD	-3.26847	-3.81615
SCD5	-1.16258	-2.08003
SCFD2	1.78513	1.39243
SCG2	3.39928	2.36856
SCG3	3.76196	0.231085
SCGB3A1	1.2719	1.28631
SCGN	2.59233	-0.344004
SCIN	-3.49624	-3.77412
SCLT1	-3.03337	-0.0352688
SCMH1	0.865657	0.450661
SCN1A	0.503138	1.67666
SCN1B	-0.213497	1.40602
SCN2A	5.33213	2.76974
SCN2B	1.85207	2.44236
SCN3A	2.7313	0.314502
SCN3B	2.68567	-0.366457
SCN4B	-0.70955	0.441573
SCN7A	-1.91181	-4.33873
SCN8A	-0.649023	0.900206
SCN9A	-1.21647	-2.24134
SCO1	0.50912	-0.0924427
SCP2	2.78091	3.38943
SCPEP1	0.551482	-1.51564
SCRG1	-0.381839	-1.50178
SCRT1	-0.297177	1.32102
SCUBE2	-3.04948	-3.43169
SCX	0.571883	1.75676
SDC3	-2.10367	-2.82614
SDCBP	-2.36853	0.030712
SDCCAG8	-1.17173	-1.37881
SDHA	0.960151	1.69259
SDHAF2	0.917202	1.9698
SDHAF4	-2.86391	-2.87545
SDHC	-4.49726	-1.04219
SDHD	-2.50696	-1.13238
SDK1	2.68429	2.55843
SDK2	1.68192	-0.414359
SDR16C5	-0.871624	0.60852
SDSL	0.126491	1.00661
SEC11A	-5.83581	-5.49149
SEC11C	-3.98685	-4.02504
SEC14L1	-2.02217	0.199455
SEC14L2	-1.00899	-2.18812
SEC14L5	0.98311	1.76642
SEC22A	2.72131	0.706513
SEC22B	0.291062	-0.888266
SEC23A	4.03698	4.39727
SEC23IP	2.26589	-0.0194631
SEC24D	7.45798	3.18928
SEC31A	-1.32887	0.586941
SEC31B	1.37774	2.37843
SEC61A2	1.8934	0.419308
SEC61G	-2.42238	-2.95535
SEC62	0.495499	1.85479
SEC63	0.59503	-1.16021
SECISBP2	-2.46549	0.34938
SECTM1	-2.6662	-1.18153
SEL1L3	-2.27861	-1.39237
SELENOP	-2.38496	-1.05761
SELENOW	1.15631	-1.12085
SELPLG	-1.96327	-2.67359
SEM1	-1.27284	-2.28391
SEMA3A	-0.895612	-0.0692357
SEMA3B-AS1	-0.268938	-0.049437
SEMA3C	-0.460273	-0.271982
SEMA3D	-1.14312	-2.0263
SEMA3E	-1.15673	0.00974875
SEMA4A	-1.7963	-2.45551
SEMA4C	2.20144	2.62122
SEMA4D	-0.632436	-0.0305411
SEMA4F	5.43621	0.16333
SEMA5A	-2.17186	-2.45399
SEMA5B	-0.341768	0.728012
SEMA6B	1.29785	-0.580103
SEMA6D	0.392817	2.1586
SEMA7A	-0.836173	0.964781
SENP1	2.58287	3.4894
SENP6	0.0513471	-0.987255
SENP7	-0.925737	1.03367
SEPHS1	-1.17741	0.484363
SEPHS2	-2.2596	0.0467493
SEPT10	-3.87697	-1.81799
SEPT11	-1.06587	-1.88879
SEPT12	-1.63773	0.989561
SEPT3	-1.01323	-1.74472
SEPT4	-3.10936	-1.52565
SEPT6	-2.96117	-0.482279
SEPT9	0.34192	-0.772808
SERF2	-1.61684	-2.49156
SERGEF	-0.918373	0.667848
SERHL2	1.093	0.461537
SERINC1	2.95933	0.745397
SERINC3	4.73442	2.97487
SERP1	0.472994	-0.982268
SERPINB2	1.43726	0.192881
SERPINB8	-0.37697	-2.1323
SERPINB9	-0.64767	0.884145
SERPINE2	0.275135	-0.62849
SERPINF1	6.31164	2.04275
SERPINI1	6.66895	3.74596
SERPINI2	4.50597	2.12072
SERTAD4	1.4163	2.20232
SERTAD4-AS1	-0.141885	1.44416
SERTM1	1.88033	-0.263535
SESN3	2.86101	0.0947383
SESTD1	-0.434569	0.97355
SETBP1	1.17253	2.36627
SETD3	-6.79506	-3.77963
SETD4	0.317976	1.73033
SETD6	0.532035	1.96924
SETD7	-4.70104	-0.630929
SETDB1	0.759768	2.09444
SETDB2	-0.507776	-0.268463
SEZ6	-1.14752	-2.02957
SEZ6L	1.13813	-0.0142358
SF3B1	-0.703298	1.00417
SF3B3	0.00335649	-1.54894
SFI1	1.34638	2.33349
SFMBT2	-0.675324	-2.41029
SFRP1	2.43856	-0.0594081
SFRP2	-1.46432	-1.88748
SFTA1P	1.73409	0.0816474
SFTPD	6.86731	0.608885
SFXN1	0.460306	1.41665
SFXN4	0.924367	0.452785
SGCD	-1.01119	-1.53393
SGCE	-0.879537	-1.17158
SGIP1	2.56758	2.96924
SGK494	-0.630142	1.17331
SGO2	-0.413042	1.19613
SGPP2	0.0492097	-0.922382
SGSH	3.00444	0.190076
SGSM1	2.3737	1.50714
SGSM2	0.822803	-0.813891
SGTB	3.23894	2.79588
SH2D1B	1.82919	1.54299
SH2D2A	3.88964	1.71571
SH2D5	7.76567	3.02302
SH3BGR	0.584942	-1.23427
SH3BGRL	-1.53555	0.146295
SH3BGRL2	3.16869	2.88457
SH3BGRL3	0.0256867	-1.58154
SH3BP1	0.829406	1.66484
SH3BP5	2.85083	1.51182
SH3D19	-1.00424	-1.53045
SH3GL3	1.50613	-1.13063
SH3GLB1	-0.626323	-1.60394
SH3GLB2	2.56405	0.730844
SH3KBP1	1.2003	-0.0458091
SH3PXD2A	-4.90094	-1.09898
SH3PXD2B	0.209891	-0.897221
SH3RF1	0.301325	-1.46778
SH3RF2	-0.731176	1.03901
SHANK1	-0.612915	-1.5889
SHANK2	-0.081355	-0.611296
SHC1	0.979815	-0.192525
SHC2	6.06072	1.20807
SHC3	2.2852	0.108089
SHC4	-1.82363	-1.22129
SHD	1.74795	2.41942
SHF	0.119295	-0.77336
SHISA5	1.2293	-0.824954
SHISA8	3.36808	4.12103
SHISA9	2.66877	0.439272
SHISAL1	4.27857	-0.287472
SHMT1	-5.08974	-0.671406
SHMT2	0.360714	0.995685
SHPRH	-0.437383	0.455349
SHROOM2	4.87828	5.13766
SHROOM3	4.54556	4.73859
SIAE	2.80954	3.1125
SIAH1	1.64302	2.41024
SIAH2	-0.431199	1.19358
SIAH3	1.26861	1.05509
SIDT1	6.62619	2.73527
SIDT2	-0.277498	-1.78523
SIGIRR	-2.63286	-3.34532
SIGLEC11	-3.63261	-3.3685
SIK2	0.926259	1.13285
SIKE1	-0.231285	1.18703
SIL1	1.59396	-0.694185
SIN3B	1.7569	-0.575703
SINHCAF	-6.58528	-4.4657
SIPA1L1	4.23714	3.7576
SIPA1L2	4.27674	4.26108
SIPA1L3	0.17675	0.802754
SIRPA	4.23371	1.48505
SIRT2	-2.8468	-1.44182
SIRT4	1.61925	2.77722
SIRT5	0.764601	1.61186
SIVA1	0.242858	-0.941862
SIX3	1.84515	1.16089
SIX4	0.377139	1.53902
SKA2	-3.24384	-1.56376
SKAP1	1.36538	1.01677
SKAP2	3.7693	-0.0316511
SKIDA1	2.55444	3.15354
SLA	-0.379891	-2.16235
SLAIN1	-2.92728	-1.18043
SLBP	2.94804	-0.0343295
SLC10A3	0.589762	1.15139
SLC10A4	8.58328	3.72245
SLC12A2	0.0787775	1.07577
SLC12A4	-1.27693	-1.98369
SLC12A5	1.97706	2.47362
SLC12A7	0.925045	0.765064
SLC12A8	0.0518636	1.48706
SLC14A1	-0.198114	0.0581867
SLC15A2	-0.946456	-1.67294
SLC15A3	-4.15695	-4.8181
SLC15A4	0.775148	1.63476
SLC16A2	-0.552156	-1.76284
SLC16A3	-1.98442	-1.93568
SLC16A6	-0.605071	0.998013
SLC16A7	2.36783	2.29712
SLC16A8	-0.764415	-2.05471
SLC16A9	-0.630139	-1.53277
SLC17A6	-3.08906	-1.65365
SLC17A7	2.62206	0.533326
SLC17A8	-1.04888	-2.72542
SLC19A1	2.1278	-0.12511
SLC19A2	1.81143	2.37172
SLC19A3	-1.41364	-0.616951
SLC1A4	-0.927795	-1.78723
SLC1A6	2.77561	1.04041
SLC20A1	4.30853	4.33141
SLC20A2	-0.375891	0.606766
SLC22A10	1.44178	1.23791
SLC22A18	3.51068	2.73669
SLC22A18AS	-1.54797	-1.27695
SLC22A23	-0.111256	1.13681
SLC22A9	0.511978	0.158139
SLC24A2	1.20251	2.01005
SLC24A3	-1.29181	-1.77503
SLC24A4	1.14984	1.82709
SLC25A1	-0.503488	-1.612
SLC25A12	1.12362	1.90999
SLC25A13	-2.57255	-0.378371
SLC25A14	2.70346	0.19302
SLC25A15	-1.40884	0.0879066
SLC25A16	-0.272625	1.02827
SLC25A17	-1.21189	0.513521
SLC25A18	-0.610017	-1.58787
SLC25A21-AS1	-0.694784	-1.09415
SLC25A22	1.63066	-0.747757
SLC25A23	0.944955	-0.949962
SLC25A25	1.00312	1.66465
SLC25A26	2.35901	-0.282308
SLC25A32	2.24877	2.81913
SLC25A34	0.0703938	1.14907
SLC25A36	1.03765	1.92504
SLC25A37	-2.28061	1.23852
SLC25A40	1.10113	1.85668
SLC25A41	3.07966	3.79392
SLC25A5	0.132455	1.03985
SLC26A10	5.17958	5.18119
SLC26A11	2.57858	-0.177866
SLC26A4	3.49247	0.345351
SLC26A4-AS1	5.41625	0.226971
SLC26A6	-1.10687	0.732715
SLC26A8	-0.837752	-1.81176
SLC27A2	2.59569	0.160648
SLC27A3	2.02649	0.395782
SLC27A5	2.58539	-0.538319
SLC29A3	1.99251	-0.0115975
SLC29A4	-0.16292	-1.24093
SLC2A1	-2.20134	-0.979653
SLC2A10	-1.68808	-2.32318
SLC2A11	-2.24888	-0.088808
SLC2A12	0.399148	-0.928045
SLC2A13	2.02622	1.46001
SLC2A4RG	0.0217054	-1.24874
SLC2A5	-3.47063	-3.38586
SLC2A8	-2.87728	0.760837
SLC30A10	-0.116639	-1.46364
SLC30A3	4.64517	1.55929
SLC30A4	4.06513	4.00706
SLC30A5	0.311022	1.60945
SLC31A2	-0.726627	0.20912
SLC35A1	0.132861	1.39346
SLC35A2	3.32733	1.11828
SLC35A4	-0.742252	1.00553
SLC35B2	-1.23847	-0.265879
SLC35B3	-2.67915	0.0905015
SLC35B4	-0.43361	0.700964
SLC35C1	2.07722	2.69626
SLC35E3	-2.10239	-2.95217
SLC35F1	3.09278	3.16495
SLC35F2	3.33651	0.162502
SLC35F3	1.72175	2.27032
SLC36A1	0.408327	1.79247
SLC37A1	1.27301	0.960198
SLC38A1	1.37009	2.13348
SLC38A11	-1.08713	1.20614
SLC38A2	-0.144334	1.45747
SLC38A5	-3.08577	-0.535921
SLC39A10	4.73963	2.80657
SLC39A11	0.784469	-0.122318
SLC39A12	0.427146	-0.765529
SLC39A13	0.419746	1.73981
SLC39A14	-1.29964	1.10219
SLC39A4	2.54371	-0.326792
SLC39A6	0.104734	-1.02562
SLC39A7	-6.54819	-1.96077
SLC39A8	-0.451793	1.04094
SLC40A1	-1.83093	-2.41811
SLC44A3	-0.520416	-1.44443
SLC44A5	0.0942851	1.39254
SLC45A1	1.02597	2.18939
SLC45A3	-0.747979	-0.00284527
SLC45A4	1.34096	2.03688
SLC46A1	-3.10281	-2.26683
SLC46A3	-0.874078	0.482317
SLC47A1	-0.337205	0.936005
SLC49A3	1.62002	1.4768
SLC4A10	1.60007	2.02463
SLC4A11	-4.19609	-4.58612
SLC4A2	-4.15065	-1.8589
SLC4A3	-1.12917	-2.22939
SLC4A4	-0.618265	-1.48597
SLC4A7	-2.57291	-1.86204
SLC4A8	1.90713	2.48066
SLC4A9	-3.85731	0.0351687
SLC52A2	-0.915652	-1.23611
SLC5A11	-0.239818	0.596673
SLC5A4	0.0276763	1.29003
SLC5A6	-0.149991	1.21736
SLC6A12	0.433571	0.403386
SLC6A13	1.73932	2.43119
SLC6A15	-2.32302	-1.6376
SLC6A16	-2.17523	-2.9061
SLC6A17	2.38873	3.29857
SLC6A20	2.72837	2.13535
SLC6A6	-0.28345	0.979682
SLC6A8	-2.29599	-1.27751
SLC7A1	-0.650865	-0.678379
SLC7A11	-1.00525	-1.81987
SLC7A14	0.701667	0.320679
SLC7A4	3.8434	0.211359
SLC7A5P2	0.827261	1.50693
SLC7A6OS	-0.312274	-1.45117
SLC7A7	-4.63197	-4.27908
SLC7A8	0.979171	2.22761
SLC8A1	-0.354695	1.16446
SLC8A2	2.74585	0.483433
SLC8A3	0.720022	0.129065
SLC8B1	-4.33452	-2.75029
SLC9A1	0.690039	1.62424
SLC9A3R2	-1.47939	0.158267
SLC9A5	-0.51244	1.17891
SLC9A6	6.09652	3.45752
SLC9A7	0.540888	-0.855588
SLCO1C1	-0.00924481	-1.19987
SLCO2A1	3.2064	2.86808
SLCO3A1	-2.60258	-1.02365
SLCO4A1	1.59149	2.40225
SLCO4C1	7.30393	2.67806
SLF1	3.55429	2.42274
SLFN11	-2.68539	-2.54979
SLFN5	-1.84656	0.181261
SLIRP	0.774916	-1.18325
SLIT1	3.53654	-0.79541
SLIT2	-1.2459	0.506494
SLIT3	-0.226189	-2.02457
SLITRK1	3.79061	2.75558
SLITRK3	1.72101	2.65916
SLITRK6	-2.52095	-2.60629
SLN	2.53086	0.630404
SLTM	-0.935508	0.707722
SLU7	3.85951	4.35175
SMAD1	2.86786	0.39766
SMAD2	-0.257695	-1.51006
SMAD3	3.72711	-0.110505
SMAD6	-1.6042	-1.38537
SMAD7	-2.59518	0.0965573
SMAD9	-4.65817	-4.50076
SMAP1	0.077424	-1.73715
SMARCA1	0.76474	-0.358356
SMARCA5	4.79427	4.50907
SMARCC2	-0.288497	1.14442
SMARCD2	-2.1615	0.923854
SMARCD3	0.0377126	-1.54537
SMARCE1	-0.415722	-1.39308
SMC1A	5.67273	5.51204
SMC2	-0.192958	1.40526
SMCHD1	-2.24314	-0.0882137
SMCO2	2.70292	3.37826
SMCO4	-2.46123	-0.118439
SMG9	-1.25451	0.375757
SMIM10	-1.62954	-2.25383
SMIM10L1	0.237291	-0.687388
SMIM10L2A	1.95601	-0.749567
SMIM10L2B	2.44004	-0.615168
SMIM12	2.86262	2.82214
SMIM13	1.24851	2.19747
SMIM14	-0.975413	-1.84582
SMIM19	1.16573	0.0164885
SMIM24	8.34488	3.78402
SMIM27	-0.882987	-1.83657
SMIM29	3.55964	-0.631407
SMIM3	-2.0342	-0.0923828
SMIM30	-3.55926	-3.7329
SMIM32	-0.565118	-0.481497
SMIM37	-0.0295491	0.391577
SMIM4	-1.41466	-2.26615
SMIM6	-0.446375	-0.0401885
SMKR1	6.8883	0.732581
SMO	-1.77378	-2.2655
SMOC1	-5.31147	-5.39973
SMOC2	-2.52198	-0.523584
SMPD2	2.20218	-0.254605
SMPD3	-1.99229	-1.84045
SMPDL3B	-1.67441	-2.03546
SMPX	2.51222	3.31705
SMTN	-2.0332	-0.973184
SMUG1	2.3047	1.27967
SMYD2	-0.0706447	0.275114
SMYD3	2.21648	0.62581
SNAI2	1.30766	-0.374732
SNAI3-AS1	2.202	0.256423
SNAP25	1.01517	-1.00919
SNAP91	-0.537799	0.581238
SNAPC5	3.97154	-0.199419
SNCA	4.58593	0.337281
SNCB	2.81141	2.95563
SNCG	-0.913325	-2.06925
SND1	5.61524	2.16706
SND1-IT1	1.07871	2.05028
SNHG1	-7.72971	0.0742838
SNHG10	0.791873	1.81319
SNHG14	0.401765	1.92933
SNHG17	-5.00704	-2.3181
SNHG18	-2.70682	-1.74253
SNHG19	-0.121431	-0.647622
SNHG21	0.137018	0.0614893
SNHG7	-0.130833	1.20116
SNHG8	1.37579	-0.67577
SNN	0.522356	-0.0733641
SNORC	0.878126	1.92561
SNRNP25	0.703363	0.246249
SNRNP27	1.77671	-0.82256
SNRNP35	0.72239	2.62493
SNRNP48	-4.30426	-1.3582
SNRPB2	-1.89407	-2.52019
SNRPD3	-2.99144	-3.3405
SNTA1	-0.117602	-1.13248
SNTB1	-0.479072	-1.67759
SNTB2	3.4178	3.16425
SNTG1	3.185	3.39085
SNTG2	0.817515	-0.632781
SNUPN	3.70355	0.603045
SNX1	-1.91471	-1.17204
SNX10	3.85574	1.78699
SNX13	2.1507	-0.310953
SNX16	4.40458	4.6224
SNX2	1.94524	-0.828409
SNX21	0.869588	1.51048
SNX24	-0.683546	-0.286593
SNX25	0.426614	1.4268
SNX27	0.662121	1.36821
SNX3	2.5349	-0.266005
SNX6	-1.12206	-2.06511
SNX7	1.22748	-0.912907
SNX8	-0.605634	-0.147288
SNX9	-0.19356	1.04255
SOAT1	0.0472147	1.29403
SOBP	0.322514	-0.777317
SOCS2	-1.96912	-0.991045
SOCS5	3.9099	4.73323
SOCS7	1.0421	-0.274738
SOD1	0.906254	-0.311228
SOD2	0.0686816	0.811684
SOD3	-2.32004	-3.52163
SOGA1	-1.56988	-2.14339
SOGA3	-2.69309	-0.217436
SOHLH1	1.6745	2.32357
SORBS1	-4.62442	-0.116178
SORBS2	-0.52559	-1.73808
SORBS3	-3.51214	-0.0133214
SORCS1	0.104748	1.31302
SORCS2	0.889289	-0.466587
SORCS3	1.41471	0.721159
SORL1	1.47697	2.13489
SORT1	0.0963624	1.06165
SOST	0.643061	1.74368
SOSTDC1	0.157633	0.826685
SOWAHA	-0.0576552	-1.34201
SOWAHB	7.24151	5.01526
SOWAHC	-3.96194	-4.38693
SOWAHD	-1.5789	-2.17944
SOX11	-1.14176	-1.9339
SOX15	-0.80828	-0.105409
SOX17	-1.81484	-0.40884
SOX2-OT	-2.71416	-2.31168
SOX3	-1.53895	-2.29438
SOX4	-0.0184174	-0.871613
SOX5	-0.39065	-2.05518
SOX9-AS1	-0.316676	-1.48885
SP3	3.22818	3.73339
SP5	0.159268	-1.58998
SP9	-0.674261	0.890014
SPA17	-3.80311	-4.10172
SPACA6	-1.31614	0.889817
SPACA9	3.66555	1.18033
SPAG16	-2.51382	-0.466126
SPAG4	0.879069	1.982
SPAG5	1.02239	1.73543
SPAG9	1.48284	2.28368
SPARC	-4.26386	-4.80844
SPARCL1	-0.196775	0.466964
SPART	-1.47463	0.715001
SPATA1	-0.945349	-1.95245
SPATA13	-2.67143	-2.72784
SPATA18	-0.624616	-2.05809
SPATA20	2.40919	0.476514
SPATA22	0.728142	1.57814
SPATA33	-1.04311	-1.98006
SPATA4	-0.0278078	-1.41823
SPATA5L1	1.68	1.06626
SPATA6	-1.59984	-0.781827
SPATA7	-3.3916	-2.69793
SPATC1L	2.51852	-0.119073
SPATS2L	2.6175	1.48672
SPCS2	0.0333277	-0.665529
SPCS3	3.08981	1.80671
SPDEF	2.35873	2.51872
SPDL1	0.227376	-0.479531
SPDYE5	1.67102	2.67054
SPECC1	-1.30596	1.09249
SPECC1L	0.532393	1.45442
SPEF2	-5.14837	-1.33532
SPEG	-0.385914	-0.056887
SPHK1	-1.66116	-0.340896
SPHK2	0.235271	1.17457
SPHKAP	-1.32162	-2.64402
SPIB	-0.44855	1.16528
SPICE1	6.55058	1.53477
SPIDR	-1.67635	-1.20122
SPIN3	1.01289	2.20642
SPIN4	-0.39639	-1.5557
SPINK2	-1.45683	-0.633224
SPINK8	-5.2859	-1.51725
SPINT2	6.0161	1.41208
SPNS2	-3.96289	-0.252596
SPOCD1	0.505296	1.52296
SPOCK3	-0.421554	-0.403053
SPON2	4.55551	1.50932
SPOPL	0.0138378	1.61459
SPP1	-2.30824	-0.812934
SPPL3	4.93302	0.134658
SPR	0.796815	0.733135
SPRED1	0.216442	-1.31879
SPRN	7.39972	2.66312
SPRR2G	1.55193	-0.406398
SPRTN	0.908732	1.91821
SPRY1	1.29295	-0.336582
SPRY4	2.50027	2.1909
SPSB1	-0.188551	1.05675
SPSB3	2.56421	3.28455
SPTB	-3.06429	-0.846577
SPTBN4	1.88289	2.42422
SPTBN5	0.678388	1.67505
SPTSSA	-2.37262	-3.09992
SPTSSB	1.67463	2.32806
SQLE	1.7915	-0.278641
SQOR	-3.45659	-3.83156
SRA1	2.60935	2.80035
SRARP	-0.176759	0.914088
SRD5A1	-0.272707	-1.55578
SRD5A3	0.790228	-0.955393
SREBF1	-2.72274	-3.38093
SREK1	1.34903	2.35124
SREK1IP1	0.453309	-0.658482
SRFBP1	-3.60077	0.107552
SRGAP1	-1.20469	-1.92269
SRGAP2	-1.0957	-0.189857
SRGN	-5.3381	-4.38034
SRI	0.57349	-0.956554
SRM	1.07929	-0.771129
SRP14-AS1	-1.17548	-0.969948
SRP9	-0.178183	-1.45964
SRPK1	3.12199	3.59636
SRPRA	1.72829	2.02923
SRPX	-3.03301	-1.86145
SRR	1.03871	-0.885871
SRRD	1.74287	-0.808569
SRRM1	-0.601225	0.927665
SRRM3	-4.35679	-1.15782
SRRM4	1.42901	2.41823
SRSF1	1.04783	2.37845
SRSF11	-1.61718	0.124399
SRSF12	5.43311	0.425937
SRSF8	1.33963	2.72578
SRXN1	1.42348	2.18458
SSBP1	0.169324	-1.30699
SSBP2	-1.35851	-1.03585
SSBP3	-1.52782	0.450799
SSBP4	-1.96247	-2.73865
SSC4D	0.0435107	-1.26356
SSC5D	-2.0386	-2.91637
SSH3	0.602338	1.99173
SSR4	2.06452	-0.407512
SSR4P1	0.45605	-0.963752
SSSCA1	0.659965	-1.15519
SST	1.17172	-1.05884
SSTR1	4.22841	-0.883156
SSTR2	2.37202	-0.101035
SSX2IP	1.25517	2.27561
ST18	-1.42709	-0.550165
ST20	-0.613419	-1.64635
ST3GAL1	-0.010116	-0.238981
ST3GAL2	-3.85904	-1.52293
ST3GAL3	3.15937	4.23707
ST3GAL5	-1.09942	0.818281
ST3GAL6	-3.56264	0.554903
ST3GAL6-AS1	-3.42366	0.329145
ST5	0.679762	-1.26318
ST6GAL1	0.350787	-0.849666
ST6GAL2	-0.888856	-0.663098
ST6GALNAC1	-0.369057	1.04763
ST6GALNAC3	-0.794152	-0.543261
ST6GALNAC5	6.19703	0.555476
ST6GALNAC6	-0.294165	-1.46373
ST7-AS1	1.64531	1.14381
ST7L	-0.639169	0.994329
ST8SIA1	1.12446	2.57015
ST8SIA3	5.57465	4.1129
ST8SIA4	-0.910047	-1.09492
ST8SIA5	2.82669	3.41782
STAB1	-3.3043	-3.0207
STAC2	0.568028	1.63396
STAG1	-1.05798	0.722602
STAG3	-3.65442	-4.18006
STAG3L2	0.306746	1.00122
STAG3L4	-0.991097	1.25981
STAMBP	-2.75347	-0.2704
STAMBPL1	4.80971	5.28118
STAR	1.70233	2.08724
STARD10	-1.89938	0.544895
STARD3NL	-0.992742	-2.30169
STARD4	2.19616	2.08685
STARD5	1.49039	2.09798
STARD9	-2.12053	0.551398
STAT1	-1.43959	-0.450929
STAT4	2.63235	3.39171
STAT6	3.737	2.98607
STAU2	1.57676	2.74513
STBD1	3.94484	2.23625
STEAP1	5.607	2.7029
STEAP2	3.58115	4.00923
STIM1	2.18422	-0.874639
STIM2	-0.993269	1.15703
STK10	-4.67175	-4.8254
STK11IP	0.0944361	1.13147
STK17A	2.3212	-0.128243
STK17B	-0.589265	-1.41502
STK25	3.14019	-0.483034
STK26	-0.918448	0.449871
STK31	-3.77066	-3.81841
STK32C	5.15073	0.242624
STK33	-3.45977	-2.97446
STK36	-0.760597	0.483524
STK38L	3.60767	3.16001
STK39	0.685942	0.526281
STK40	-0.218048	1.50564
STMN1	3.94458	1.77208
STMN2	2.04432	1.49604
STN1	1.79395	2.56741
STOM	-4.78182	-4.60311
STOML1	4.9121	-0.0167083
STON1	-4.54921	-2.54564
STON2	-0.775913	-1.63524
STOX2	-0.580141	0.665892
STPG1	2.49671	2.63438
STRADA	1.10967	1.90827
STRAP	2.58209	0.121495
STRBP	1.4873	2.30594
STRIP1	3.93001	1.44414
STRIP2	-2.03151	-1.98169
STRN	0.175577	1.63198
STS	1.54096	2.20231
STT3B	-1.18297	-2.24847
STUM	2.13096	-1.30783
STX12	4.35	-0.0871836
STX16	-2.10265	-0.364781
STX17-AS1	-0.10662	-1.25684
STX19	3.54825	4.04782
STX1A	5.30271	1.60107
STX1B	-0.873437	1.21667
STX2	-1.90963	-2.98509
STX7	0.276171	-1.14582
STX8	0.107726	1.47147
STXBP1	2.37997	2.64888
STXBP3	-2.85087	-3.53376
STXBP4	-2.44085	-2.91969
STXBP5	2.87663	2.71538
STXBP5L	4.35598	4.29601
STXBP6	3.57849	1.80422
STYK1	4.99768	0.251954
STYXL1	0.29396	-1.15658
SUB1	1.98841	-1.33617
SUCO	-0.246131	-1.40416
SUGP2	-0.500728	1.46041
SUGT1P3	0.180068	-0.801756
SULF1	0.0820186	0.0377704
SULF2	0.166292	-1.68887
SULT1C4	-1.11966	-1.70194
SUMF1	1.3	-1.23747
SUMF2	-1.501	0.212398
SUMO2	-0.602994	-1.68206
SUMO3	1.74969	-1.42411
SUN1	0.393738	1.55295
SUPT16H	1.99097	2.62564
SUPT20H	-0.67338	0.792765
SUPT7L	-0.272672	1.50756
SURF2	1.20323	0.510332
SURF4	2.63966	2.26879
SUSD1	2.24749	-0.666525
SUSD3	-3.0864	-3.01892
SUSD4	1.45265	0.788053
SUSD5	4.71982	4.73281
SUSD6	2.58778	3.07823
SUV39H1	6.57725	3.25265
SUZ12	1.82351	2.63521
SV2A	-0.606227	1.13414
SV2B	5.92992	4.0901
SV2C	0.0292575	0.997852
SVIP	-3.87627	-1.05398
SVOP	4.84781	0.386574
SWI5	-0.199686	-1.65591
SWSAP1	-0.928663	-1.93519
SYBU	1.92059	2.86091
SYCE1	6.58271	3.71065
SYCP2	-1.17058	1.52861
SYCP2L	0.503414	1.46867
SYDE2	1.69686	2.34242
SYF2	-0.327277	-1.23662
SYK	-3.71622	-3.66465
SYN2	3.0725	-0.26756
SYN3	-0.60852	0.907555
SYNDIG1	1.2514	1.90196
SYNE1	1.93193	2.37677
SYNE4	-5.80577	0.310012
SYNGR2	-1.03853	-0.408849
SYNGR3	4.82109	2.0189
SYNJ1	0.825174	1.56632
SYNJ2	-0.874626	-0.0694445
SYNM	4.60562	3.38313
SYNPO	-2.1477	-2.91046
SYNPO2	4.89353	4.08235
SYNPR	2.98743	-0.0971817
SYPL1	-0.899275	0.37711
SYT1	3.46944	2.48548
SYT10	3.45758	1.61353
SYT12	1.20479	2.04251
SYT13	7.97485	4.17041
SYT14	5.42677	4.74855
SYT15	-0.96878	0.692426
SYT16	5.21226	2.74168
SYT17	2.04384	-1.30642
SYT2	-1.08161	0.506234
SYT3	0.059188	1.07699
SYT4	4.08995	2.53597
SYT5	6.05269	2.40803
SYT6	-5.54289	-2.33593
SYT9	2.52303	0.00108094
SYTL1	-2.16384	-2.95083
SYTL2	0.121973	-1.42026
SYTL3	-1.40935	-2.04699
SYTL4	-0.314025	-1.18555
SYTL5	0.814236	-1.08776
SZRD1	-3.62894	-3.90665
SZT2	-0.926063	1.14976
TAB2	2.26689	0.098778
TAB3	2.30123	2.82235
TAC1	0.319599	-1.41084
TAC3	1.9166	0.49868
TACC1	-1.03976	0.70298
TACC3	-1.45723	0.284257
TACR2	1.38181	-0.787606
TADA1	1.0025	0.670608
TADA2A	1.89668	2.89738
TADA2B	-2.0196	0.398775
TAF10	-0.853031	-1.89814
TAF12	-1.69117	-0.64713
TAF13	-0.397182	0.979477
TAF1A	1.49797	0.860889
TAF1C	0.876254	1.73147
TAF1D	1.10875	2.24609
TAF3	-3.52802	-0.258666
TAF4B	0.700036	1.88065
TAF5L	-0.489174	0.597917
TAF9B	2.1019	-0.933834
TAGLN2	-2.44738	-3.22001
TAGLN3	1.68375	-0.646533
TALDO1	-2.2871	-3.70071
TAMM41	4.16193	-0.0676322
TANC1	-3.14264	-0.846253
TANGO2	-4.7184	-0.735825
TANGO6	3.88319	1.22137
TAOK1	3.62645	0.882823
TAP1	-5.93101	-2.01719
TAPT1	6.6937	2.15229
TARBP1	2.99851	2.90008
TARDBP	0.507269	1.92808
TARSL2	-2.42047	-0.37617
TAS2R10	1.95553	2.76963
TAS2R13	-0.980724	1.17818
TAS2R14	0.42736	1.8557
TAS2R30	-0.215643	1.49889
TAS2R31	-0.408877	1.31005
TAS2R43	0.188792	1.61261
TAS2R45	0.339418	1.63009
TAS2R5	0.586748	2.19685
TAS2R50	0.947493	2.2854
TASP1	3.762	4.67702
TATDN1	0.506119	-0.948568
TAX1BP1	1.79894	1.79697
TAZ	0.97431	1.91922
TBC1D1	3.42665	4.05571
TBC1D10A	2.20332	-0.901076
TBC1D10C	-2.39258	-3.58064
TBC1D12	-1.8421	-0.540286
TBC1D13	0.791469	-1.0376
TBC1D14	-0.0496724	-1.30589
TBC1D15	2.47651	2.67046
TBC1D16	-1.95267	0.127739
TBC1D19	0.0281544	1.25453
TBC1D22A	2.959	0.859198
TBC1D24	6.84545	0.720463
TBC1D26	-0.361948	-1.55122
TBC1D30	-0.674688	0.847107
TBC1D31	-3.86508	-3.97162
TBC1D4	-0.441812	1.15489
TBC1D8	-1.46007	0.231199
TBC1D8B	-0.978944	0.403277
TBC1D9	2.03443	1.98789
TBC1D9B	-0.870733	-1.2126
TBCA	0.166067	-1.62924
TBCB	3.08101	0.779069
TBCE	-0.234794	1.18463
TBCEL	0.159249	1.56435
TBL1X	-5.40529	-3.40158
TBL1Y	-4.53042	-2.82282
TBL2	3.42833	0.996729
TBR1	0.888028	1.83969
TBRG1	1.33488	1.8977
TBX19	-5.0181	-5.16671
TBX2	-0.241235	0.282212
TBX2-AS1	-2.07923	-0.770255
TBX3	-0.164489	0.949101
TBXA2R	-0.575945	-1.77603
TC2N	1.54767	2.22353
TCAP	1.4326	0.673379
TCEA3	2.95379	-0.899139
TCEAL9	1.22997	-0.0225425
TCERG1	-0.166062	1.25022
TCERG1L	4.69279	3.93761
TCF7L1	-2.00434	-2.71775
TCF7L2	2.16406	4.40798
TCFL5	0.262219	-0.801708
TCHH	0.736324	1.39755
TCHP	-1.27254	0.801344
TCIM	3.50115	3.94127
TCOF1	3.67417	3.57438
TCTA	0.832419	-0.800071
TCTE1	-0.843501	-2.53516
TCTEX1D1	0.282756	1.72927
TCTN1	-0.317691	-0.826245
TCTN2	1.63956	3.23415
TDG	1.66383	2.49982
TDP2	-1.22744	0.842869
TDRD1	1.8906	3.19074
TDRD10	-2.48343	-3.28294
TDRD3	-4.10449	0.203934
TDRD6	-3.20133	0.106453
TDRD7	3.15662	2.99456
TDRD9	1.58406	-1.23985
TDRKH	4.97615	1.43853
TECPR2	0.603862	-0.953759
TECTA	-1.26753	0.142314
TEDC2	3.00381	3.61103
TEK	-0.635	-1.72039
TEKT2	1.078	-0.633979
TEKT4	-0.276649	-0.538162
TENM1	-3.0623	-3.47853
TENM2	-0.692703	0.261098
TENM3	1.44645	-0.150652
TENM4	-3.34058	-1.05624
TEPSIN	-1.29664	0.880436
TERF1	0.793264	-1.01445
TERF2IP	4.9311	2.312
TES	-1.34711	-0.131258
TESC	-0.632888	0.267471
TESPA1	3.29732	3.48616
TEX26	0.855184	0.885107
TEX29	4.20582	4.05393
TEX30	4.19365	3.83754
TEX47	2.5223	2.74409
TEX9	-0.931874	-1.59729
TF	-0.903607	-0.125749
TFAM	0.794513	1.99424
TFB2M	2.43662	2.94151
TFDP2	-0.356832	-1.31844
TFEB	-1.42618	0.329614
TFEC	-1.753	-2.30504
TFPT	4.80088	-0.166526
TFRC	0.950324	0.346657
TG	-0.838164	-2.69215
TGFBI	0.351579	-0.686958
TGFBR1	-1.85546	-0.455839
TGFBR3L	4.49084	1.71772
TGFBRAP1	5.53514	4.96951
TGM1	1.24907	2.02968
TGM2	0.712602	1.39792
TGOLN2	4.68151	1.83571
THAP10	0.966086	2.10698
THAP8	2.06097	0.495964
THBD	2.09429	0.47135
THBS3	1.19435	1.9452
THBS4	-3.13512	-4.20717
THEM4	0.0493106	1.50889
THEM5	2.96131	1.49386
THEM6	1.5477	2.19824
THEMIS	1.29751	1.71431
THEMIS2	-0.384008	0.562774
THG1L	-3.16042	-0.171425
THNSL2	1.70662	-0.736802
THOC1	-1.29067	0.679445
THOC2	-2.09913	-0.84871
THRA	1.57386	-1.25809
THRB	3.27587	0.334238
THSD4	-2.72701	0.57764
THSD7A	-1.39134	-0.387956
THTPA	-1.30286	-2.49816
THY1	3.94282	2.92086
TIA1	1.67859	2.61203
TIAM1	-2.09282	-0.69497
TIAM2	2.20398	2.61843
TICAM1	4.07942	4.17756
TIE1	0.735619	1.36415
TIFA	-2.09878	0.347445
TIGAR	-0.47905	0.914329
TIGD3	3.34773	3.8838
TIMM10	3.76257	-0.688212
TIMM13	2.12188	-0.614298
TIMM17B	2.58303	-0.180821
TIMM21	0.502448	0.637159
TIMM23B	-1.5831	0.733854
TIMM8A	1.71014	2.54077
TIMM8B	-0.456949	-1.8571
TIMP1	-2.91123	-3.26107
TIMP2	-2.93347	-3.35204
TIMP3	-3.51024	-3.66542
TIMP4	-1.46494	-2.32985
TINCR	-0.673852	-1.99739
TIPARP	-1.13399	-1.28661
TK1	0.0181619	-0.333144
TK2	-1.3693	-2.16002
TKFC	-0.73416	-1.85377
TLCD2	-1.67966	-3.07238
TLDC1	0.39675	-0.731071
TLE1	-1.74412	-2.17145
TLE2	-1.69604	1.05031
TLE4	-1.04204	0.0878325
TLK1	-0.0730079	-0.762902
TLL1	1.86395	-0.293675
TLL2	-0.79689	-1.52392
TLN2	2.5362	0.52795
TLR1	-2.518	-3.12212
TLR2	-4.65936	-4.13599
TLR3	-0.502251	-1.26031
TLR4	-1.89334	-2.44612
TLR6	-1.05903	-1.534
TLR7	-0.66598	-1.78019
TLX2	0.34372	0.853371
TM2D3	4.62731	0.996218
TM4SF18	-1.2071	0.0147352
TM6SF1	4.34697	3.57489
TM7SF2	4.22663	1.26377
TMA16	4.03069	4.44312
TMC6	-1.72907	-0.462417
TMC7	-0.713802	0.20378
TMC8	-5.35406	-4.14332
TMCC1	-2.1748	0.148147
TMCC2	-1.35391	0.0446682
TMCO6	-2.19586	0.0105365
TMED10	2.36253	-0.535737
TMED3	1.27897	0.964992
TMEFF2	1.85474	-0.979587
TMEM100	-3.68719	-3.97502
TMEM106A	-5.15032	-4.32704
TMEM106C	3.68022	-0.243937
TMEM107	1.60149	-0.315489
TMEM108	1.60509	-0.298074
TMEM109	1.13934	2.23194
TMEM117	3.22231	1.44235
TMEM120A	0.189887	-1.56441
TMEM121	3.89026	2.99437
TMEM125	-0.200462	0.251266
TMEM127	-0.169583	1.39881
TMEM128	0.151923	-1.33177
TMEM130	5.66414	0.731139
TMEM132A	2.18464	-0.17774
TMEM132C	-0.948936	-0.298372
TMEM132D	1.53764	1.18303
TMEM132E	-0.806549	0.997715
TMEM136	-2.58568	-3.21966
TMEM140	-0.0419843	0.781288
TMEM141	1.39833	0.575819
TMEM145	-1.77098	1.01729
TMEM14C	-1.38157	0.15727
TMEM150C	3.93352	0.849399
TMEM151A	1.52551	1.34187
TMEM155	3.46802	3.73266
TMEM158	0.495581	-1.35906
TMEM159	1.22199	-1.17015
TMEM161B-AS1	-0.238622	1.02766
TMEM164	0.717584	-0.915998
TMEM165	-1.25623	0.240007
TMEM169	1.18095	1.6883
TMEM17	-0.0151531	-1.6464
TMEM170A	-1.89795	-2.59825
TMEM170B	3.09998	4.00945
TMEM173	-0.0156664	-1.25751
TMEM176A	-2.39283	-2.68928
TMEM176B	-1.14879	-2.00488
TMEM178A	-1.41405	0.312769
TMEM179B	-3.89316	-4.24691
TMEM18	0.60862	-1.29798
TMEM181	2.07515	0.566337
TMEM182	0.263518	-0.552943
TMEM184B	2.32208	1.43853
TMEM184C	1.55477	2.25159
TMEM187	1.02421	-0.483669
TMEM189	-1.64329	-1.52869
TMEM191A	0.0233521	0.588517
TMEM196	4.12858	3.07299
TMEM200A	-2.74081	-3.26131
TMEM200C	5.08294	2.39832
TMEM201	-0.4948	0.676419
TMEM204	0.276496	1.3195
TMEM205	3.13455	0.626037
TMEM206	-1.70568	-1.78929
TMEM208	2.11123	-1.0128
TMEM209	-0.567284	-1.19798
TMEM215	-0.308011	-0.579191
TMEM218	-2.97556	-3.24731
TMEM219	0.0965406	-1.13898
TMEM223	1.36143	2.13004
TMEM229A	-0.118411	0.39272
TMEM229B	-1.51612	-0.424102
TMEM232	3.1629	2.95163
TMEM233	-0.538946	-1.73528
TMEM234	2.75323	0.310709
TMEM237	2.97698	3.87088
TMEM238	-0.253901	-1.61309
TMEM241	1.39356	2.37369
TMEM242	2.068	0.154279
TMEM243	1.96525	1.49645
TMEM244	-3.07588	-3.72415
TMEM249	-1.81249	-1.90424
TMEM255B	-2.35896	-0.0661971
TMEM256	1.00259	-1.07482
TMEM263	3.22954	-0.983631
TMEM265	-0.289231	1.4026
TMEM268	2.2004	2.64479
TMEM35A	-0.163635	1.0606
TMEM35B	-3.78763	-3.73522
TMEM38A	2.00121	2.58303
TMEM39A	-0.780005	1.07176
TMEM39B	2.04797	2.56941
TMEM42	0.0594288	-1.50736
TMEM43	-1.00466	-2.28492
TMEM44	1.35061	1.35226
TMEM45B	-3.15862	-1.2424
TMEM47	-0.0640998	-1.18817
TMEM51	-3.03688	-3.26659
TMEM52	1.36631	-0.831047
TMEM53	3.28911	0.496907
TMEM54	2.62275	-0.101889
TMEM56	3.3748	3.05146
TMEM59	1.11932	1.9482
TMEM59L	3.96576	1.11573
TMEM61	-4.66331	-4.13757
TMEM63A	-0.871358	-0.00982496
TMEM65	2.01517	0.490935
TMEM67	0.996511	2.10704
TMEM68	0.0879265	-1.12392
TMEM70	1.63864	0.968086
TMEM74B	1.66877	2.34079
TMEM81	2.55141	3.04954
TMEM86A	1.61892	0.396341
TMEM86B	1.20768	2.08829
TMEM87A	-0.00838103	1.05923
TMEM88	-1.62387	0.288979
TMEM8B	-0.754676	-1.53627
TMEM9	0.982336	-1.18692
TMEM91	-0.240198	-0.576578
TMEM94	-0.269764	-1.21901
TMEM97	2.1737	0.530715
TMEM98	-2.36712	-1.06743
TMF1	-1.70864	0.231255
TMIGD3	-1.09657	-1.88432
TMOD1	1.92872	1.61442
TMOD3	-0.992392	-1.68139
TMPO	5.00574	5.40105
TMPRSS5	-0.962125	-1.77437
TMSB10	4.08124	-0.761268
TMSB15A	-2.34854	-2.15861
TMSB15B	-0.786435	-0.73532
TMSB4X	-0.133725	-1.67293
TMSB4Y	-0.251128	-1.6273
TMTC1	-0.280177	-1.92611
TMTC2	0.886395	1.29366
TMTC4	0.437932	1.87212
TMX1	-0.904356	-1.08042
TMX2	1.07637	1.6615
TMX4	1.69636	2.07907
TNC	-0.241273	0.594523
TNF	-5.03323	-0.942773
TNFAIP1	4.2119	4.35769
TNFAIP2	-2.73247	-3.23944
TNFAIP8L1	5.43937	1.15578
TNFAIP8L2	-2.02815	-2.47785
TNFAIP8L3	-2.95095	-3.75803
TNFRSF10B	-3.49073	-3.7531
TNFRSF11A	4.85791	0.215698
TNFRSF12A	-5.07153	-2.61473
TNFRSF14	3.11743	2.26306
TNFRSF21	0.514432	0.669351
TNFRSF25	3.26671	3.36832
TNFRSF4	3.18698	3.10269
TNFSF12	1.41045	0.100102
TNFSF13B	4.64049	2.78617
TNIK	-0.775871	-1.6142
TNIP1	-1.91813	0.326782
TNIP2	0.265246	-0.00255088
TNKS	0.214051	1.17467
TNKS2	0.297446	-0.943278
TNNC2	5.88667	4.30459
TNNI3	0.980172	-0.963247
TNNT1	0.844843	-1.45432
TNNT2	4.65701	3.99638
TNR	-1.26335	-1.78773
TNRC6A	0.211309	1.58299
TNRC6B	-0.568074	0.978752
TNRC6C	0.642004	1.64884
TNS1	-3.02933	-0.573914
TNS3	-0.526518	-1.315
TNXB	0.0557066	1.55049
TOB1	-0.419284	1.13468
TOB1-AS1	-1.20929	1.10628
TOE1	1.58296	2.45398
TOLLIP	3.66252	1.14298
TOM1L1	4.36899	1.71173
TOMM34	-1.30791	-2.04163
TOMM40	-0.278647	0.732307
TOMM6	2.74221	-0.211374
TOP1MT	-2.82681	-2.64334
TOP1P2	0.184627	1.66453
TOR1AIP2	-0.412603	0.353191
TOX	6.56162	4.70207
TOX2	2.54169	3.37217
TOX3	-0.612064	-1.87715
TOX4	2.98009	0.668058
TP53AIP1	-1.50052	-0.83106
TP53BP1	2.85437	0.714462
TP53BP2	-0.402796	-1.35102
TP53I11	-0.648105	-1.67355
TP53I3	-0.964197	-2.45387
TP53INP2	-3.42888	-2.6832
TP53TG1	-2.22971	-2.72635
TP53TG3D	2.67299	2.9407
TPBG	3.21306	2.98599
TPCN1	-4.2517	-2.18487
TPD52	7.2159	3.55415
TPD52L1	-3.59395	-3.44243
TPGS2	0.525515	0.564605
TPI1	2.71093	1.27092
TPK1	6.68255	4.60734
TPM1	-1.36271	-2.53552
TPM3	4.51532	-1.07393
TPM3P9	-1.54123	-2.42752
TPO	0.372938	-1.14309
TPP1	-1.26775	-2.10533
TPP2	-2.56591	0.645994
TPPP3	-0.119158	-1.29684
TPRKB	-2.60023	-0.164258
TPST1	7.06368	1.57078
TPST2	3.03752	3.62333
TPTE2P1	-1.03951	0.333904
TPTE2P5	0.667323	1.53009
TPTE2P6	0.746265	1.68654
TPX2	3.02901	1.70531
TRABD	-0.493938	1.19884
TRABD2A	6.07905	3.92725
TRADD	-2.34636	-1.6464
TRAF3	1.38347	2.12709
TRAF3IP1	3.47108	3.6739
TRAF3IP2	-1.47054	-2.07295
TRAF3IP3	-4.16757	-4.02297
TRAF5	-0.606098	-0.565183
TRAIP	-0.167699	-1.03064
TRAK2	-5.65944	-0.901341
TRAM1	-2.50388	-2.03766
TRAM2	6.87389	5.59838
TRAM2-AS1	1.38275	2.41829
TRANK1	-1.66112	0.708329
TRAPPC2L	2.44115	-1.08368
TRAPPC5	3.75101	1.68664
TRAPPC6A	1.72457	-0.907955
TRAPPC6B	1.30934	-0.338568
TREM2	-2.39633	-2.88584
TRERF1	0.13032	1.60847
TRH	1.68581	0.670471
TRIAP1	-1.72909	0.633493
TRIB1	-1.52077	-2.4724
TRIB3	2.57521	0.24422
TRIL	-1.43457	-2.28183
TRIM11	2.21562	1.76652
TRIM13	1.82403	3.73641
TRIM14	-0.941771	-0.376681
TRIM17	4.69194	2.49158
TRIM2	0.25738	0.937788
TRIM22	0.688826	-1.02026
TRIM24	2.53315	0.139436
TRIM26	-0.0276457	1.59589
TRIM27	4.50153	0.494581
TRIM32	4.85719	4.56364
TRIM33	-1.8163	-0.0921708
TRIM35	1.64323	2.4297
TRIM36	1.75292	-1.06325
TRIM37	0.936831	1.68471
TRIM44	-0.184049	1.21562
TRIM45	0.229865	0.343694
TRIM47	-0.907593	0.181382
TRIM52	1.48821	2.27678
TRIM54	1.3434	2.33254
TRIM58	-2.26411	-0.503605
TRIM61	-2.40195	-2.28425
TRIM62	-3.52258	-1.33616
TRIM67	-4.49225	-3.0686
TRIM68	3.60786	-0.348274
TRIM7	1.42538	2.8599
TRIM71	1.04128	-0.764342
TRIM9	3.70047	4.18453
TRIML2	4.40224	1.17384
TRIO	-0.892229	-0.128687
TRIP11	-2.34854	0.856224
TRIP12	0.942511	-0.899958
TRIP4	-3.61815	-0.22533
TRIP6	-3.91636	-3.97288
TRIT1	0.659095	1.45024
TRMT10A	-0.139327	1.12427
TRMT11	0.205704	1.84747
TRMT112	1.76428	-0.610793
TRMT12	1.58896	-0.41768
TRMT2B	-4.03319	-0.203601
TRMT61B	1.26006	2.03737
TRMT9B	0.389594	1.9798
TRMU	1.17359	1.84549
TRNP1	-2.30375	-0.424981
TRPC1	-1.31012	-0.656736
TRPC3	-4.89194	0.675091
TRPC4	-3.33018	-4.32126
TRPC5	3.26672	3.21147
TRPC6	-0.448709	-1.18277
TRPM2	1.16465	1.90339
TRPM3	-2.46605	0.259029
TRPM7	2.77819	2.86283
TRPS1	-1.92869	-2.4999
TRPT1	-0.132456	0.764724
TRPV2	3.09751	0.701994
TRPV5	-0.757969	0.279558
TRRAP	-0.659344	0.762454
TSC22D1	0.0559467	1.50279
TSEN15	0.873228	2.42415
TSEN2	1.7939	3.02173
TSEN34	0.486005	-1.18243
TSEN54	-2.15757	0.153338
TSHZ1	0.436146	1.69912
TSHZ2	5.80735	3.91519
TSHZ3	1.58018	2.61676
TSKU	-2.44819	-3.72065
TSN	3.00138	0.142629
TSNARE1	-3.062	-0.846501
TSPAN1	-1.2128	0.301758
TSPAN11	-2.0511	-2.54425
TSPAN13	2.82283	3.24791
TSPAN14	1.32296	-0.444136
TSPAN18	-0.572324	-1.58304
TSPAN2	-0.0608628	-1.6101
TSPAN33	6.94184	2.4387
TSPAN4	-3.69306	-3.68373
TSPAN5	3.58094	3.71906
TSPAN6	-1.60957	-2.26734
TSPAN8	-1.69502	-0.596557
TSPAN9	-0.0249346	1.56538
TSPOAP1	0.986475	-0.70275
TSPYL1	4.74073	4.58153
TSPYL2	3.38626	2.72709
TSPYL4	5.07833	5.49099
TSTD1	0.623821	-0.977172
TSTD2	0.715175	2.00851
TTBK2	-0.447394	1.27447
TTC1	-0.889421	-1.9717
TTC12	0.221568	0.750948
TTC21A	0.799668	1.62069
TTC21B	-0.801244	1.45325
TTC23L	-0.263283	-0.746627
TTC3	0.203072	-0.864331
TTC30B	-1.83007	-0.946813
TTC39A	-1.40314	0.185801
TTC39B	-0.333826	1.80765
TTC39C	0.807381	2.02715
TTC3P1	-0.220229	-0.843174
TTC7B	-0.793574	-1.62614
TTC8	0.426804	-0.283347
TTC9	2.22743	2.18085
TTC9B	-1.23257	-1.79828
TTC9C	1.66696	0.900834
TTF2	2.6263	0.7471
TTLL1	1.57269	-0.909852
TTLL11	0.990735	1.86926
TTLL12	3.57856	3.87886
TTN	0.0934547	-0.210718
TTPAL	2.76437	0.699507
TTR	-2.43774	-2.1528
TTTY15	3.23283	3.31407
TTYH1	-0.254032	-1.37672
TTYH3	0.704736	-0.859012
TUBA1A	1.72604	-0.0230589
TUBA1B	4.05092	1.08925
TUBA3D	0.994327	-0.565744
TUBA4A	2.58244	0.919167
TUBA4B	4.15682	2.94933
TUBA8	1.82112	2.33093
TUBB	2.87053	-0.486144
TUBB2A	3.58249	-0.203225
TUBB2B	-1.6905	-2.3438
TUBB3	3.01761	0.286608
TUBB4B	3.09867	0.997248
TUBB6	3.31823	-0.0187391
TUBB8	2.10015	-0.433157
TUBB8P12	2.42989	-0.699644
TUBD1	1.48672	2.38568
TUBE1	-0.138627	1.39843
TUBGCP4	2.76728	2.83254
TUBGCP5	1.66497	2.23613
TUFM	1.35845	0.0710644
TUNAR	0.801937	-0.756857
TUSC1	-0.680886	-1.81618
TUSC2	0.816834	-0.457619
TUSC3	2.84818	0.0910137
TVP23A	3.1204	0.691997
TWIST1	0.613905	-0.394007
TWIST2	3.47533	0.230608
TWNK	-1.62371	0.90409
TXLNB	1.56804	-0.227679
TXLNG	-0.826399	0.547765
TXLNGY	-4.8124	-1.47067
TXN	2.56746	-1.07727
TXNDC11	2.52166	2.53765
TXNL4A	-1.13648	-2.20362
TXNRD3	2.83481	-0.0501111
TYMP	0.414619	-0.949265
TYRO3	3.92509	0.672397
TYROBP	-2.84821	-3.0884
TYRP1	6.72613	3.55658
TYW5	1.0662	-0.649683
UBA3	-3.76219	0.233694
UBA5	-1.66258	0.0848738
UBA52	1.0012	-1.30635
UBAP1	-1.28306	0.711059
UBAP1L	1.28501	2.20472
UBE2A	-2.36117	-3.02779
UBE2B	4.30317	0.0665737
UBE2D1	-2.82668	-0.0617045
UBE2D2	1.77053	-0.772181
UBE2D4	1.87845	2.83424
UBE2F	-0.899325	-1.72612
UBE2G1	-4.76835	-0.86473
UBE2I	0.644613	-0.813994
UBE2L5	-0.923158	-2.12384
UBE2L6	0.474927	-1.05521
UBE2M	2.36104	0.28433
UBE2MP1	4.67908	1.38117
UBE2O	-0.288521	0.929992
UBE2Q2P1	-2.16513	-1.31047
UBE2QL1	3.15872	3.31592
UBE2S	1.60048	-0.65834
UBE2Z	3.99942	0.210827
UBE3A	2.22622	-0.177931
UBE3D	3.6206	0.305841
UBE4A	0.910972	1.54731
UBE4B	-0.124052	0.968241
UBFD1	1.45097	1.99074
UBL3	-1.22792	0.162101
UBL5	0.32831	-1.42364
UBLCP1	1.76203	2.52372
UBN1	-3.90934	-0.664025
UBN2	1.64261	2.66601
UBP1	2.6571	3.5346
UBQLN2	2.25887	1.1552
UBQLNL	3.1174	0.774606
UBR2	0.45676	1.67479
UBXN10	6.66081	4.83516
UBXN6	3.54186	1.14709
UBXN8	-0.558507	-1.99141
UCHL1	3.78676	0.768367
UCHL3	-0.363831	-1.72555
UCHL5	2.85273	3.39293
UCP3	0.935686	2.12644
UFC1	0.397781	-1.41502
UFD1	-0.829089	-1.87489
UFL1	-2.2084	-2.67573
UFM1	-3.17096	-3.61619
UG0898H09	-0.0162978	-1.3755
UGCG	2.59738	2.61144
UGP2	1.05837	1.35045
UGT8	-1.29762	-0.284613
UHMK1	0.928662	-0.849691
UHRF1BP1L	-1.495	0.444772
UHRF2	3.8982	1.8303
UIMC1	-1.1157	0.790547
ULK1	-0.301408	0.510932
ULK3	-1.37445	0.73462
UMODL1-AS1	8.30778	5.19476
UMPS	-0.834287	-1.81138
UNC13A	4.01404	1.87989
UNC13B	-1.36416	-0.549761
UNC13C	-2.14655	-0.406844
UNC5B-AS1	0.448928	-1.67088
UNC5C	0.765555	1.17003
UNC5D	2.81913	2.80807
UNC93B1	-2.6351	-3.33473
UNK	-1.21472	-0.449428
UPF3A	-0.827056	1.32508
UPP1	-2.2532	1.08754
UPP2	2.17769	-0.213601
UQCC2	-1.44663	-2.26959
UQCC3	3.38822	0.658524
UQCR11	-1.77227	-2.59173
UQCRC1	1.02607	1.50179
UQCRFS1	0.634998	-0.875797
URM1	-1.25932	1.39078
UROS	0.197875	-1.37401
USB1	0.838861	1.33854
USF2	-2.17659	0.617842
USF3	2.07214	0.384323
USH1C	-2.95269	-0.676288
USHBP1	0.966956	1.61778
USO1	-2.24329	-0.13309
USP1	1.63183	2.58915
USP11	3.29165	2.40303
USP12	2.55831	-0.120568
USP13	-0.207011	1.4609
USP14	-0.223644	-2.06051
USP16	-2.44562	0.202946
USP18	-0.864017	-1.40567
USP2	-2.64325	0.377231
USP25	-1.03471	-1.15713
USP28	1.78226	2.88661
USP3	-5.91894	-3.93624
USP31	1.12367	1.93678
USP32P1	0.934342	0.449217
USP32P2	1.91395	1.35056
USP33	1.92437	2.47182
USP35	0.72155	0.294806
USP36	1.01102	2.02513
USP37	-0.19723	-0.228933
USP42	-1.35773	0.210759
USP45	0.124559	2.08846
USP49	-0.322475	0.724532
USP51	1.2555	-0.0767647
USP54	-4.44078	-1.43594
USP6NL	-0.933617	-1.77658
USP9X	1.25602	-0.0647229
USPL1	1.9919	2.47324
UST	0.767417	2.05094
UTRN	-4.54679	-1.81847
UVRAG	-0.451584	1.2384
UXS1	-2.19131	-0.223956
VAMP1	-0.690213	1.167
VAMP2	1.66841	-0.534806
VAMP7	0.669911	-0.775545
VAMP8	-5.01592	-4.72456
VANGL1	-7.27275	-3.99611
VANGL2	-2.62217	-3.20662
VAPA	5.30762	5.68061
VAPB	-2.07479	-0.338761
VARS2	-0.655781	-0.414355
VASH2	0.32012	0.998006
VASN	1.26605	0.251222
VAT1	2.00023	0.293975
VAT1L	0.35515	-1.23471
VAV1	-0.174778	-1.47094
VAV2	-2.35819	-3.07628
VAV3	-6.48743	-0.760681
VAX1	1.56446	1.71224
VBP1	-1.62602	-2.43186
VCL	1.64053	1.27837
VCPKMT	0.429022	1.49748
VCX	-2.39107	-0.125685
VCX2	-1.76504	0.286538
VEGFA	-3.12858	-0.871452
VEGFB	-1.61056	-2.13348
VEGFC	-7.60293	-3.4069
VEZT	3.89843	0.547646
VGF	3.71118	3.61393
VHL	-1.63165	-2.13685
VILL	0.830607	1.31483
VIP	3.7885	1.49312
VIPR2	-0.767716	1.13688
VIT	3.31756	1.84203
VKORC1L1	-0.0323851	-1.72741
VLDLR	-0.0825208	-1.27811
VMA21	-0.330349	-1.12914
VMP1	-0.137158	0.680398
VOPP1	1.04204	-0.850443
VPS11	1.44227	2.13838
VPS13D	2.19436	2.07135
VPS18	3.55601	3.03744
VPS26B	2.59607	-0.436618
VPS29	2.12255	-0.485362
VPS35	2.44767	1.43441
VPS36	-0.910166	0.670856
VPS37B	0.00101433	-1.10548
VPS37C	0.0845009	-1.16765
VPS37D	3.70425	-0.0129655
VPS51	-0.948341	0.847057
VPS54	-0.388248	1.54499
VSIG10	-1.82337	-0.182419
VSIG10L	-0.0259844	-1.57471
VSIG4	-2.01593	-2.47466
VSNL1	3.69403	3.83991
VSTM1	-2.16497	-0.62699
VSTM2A	0.146749	1.76962
VSTM2L	4.25862	1.77235
VTI1B	-0.755952	-1.75053
VWA3A	1.57631	2.80641
VWA5A	-2.02604	-2.9352
VWA8	-4.01137	-0.324238
VWC2	2.20865	2.51652
VWC2L	0.499815	0.980529
VWCE	3.9222	2.1868
VWDE	-1.85878	-0.757312
VWF	0.23303	1.03824
WAC	8.14854	3.40883
WAC-AS1	6.11842	3.50517
WAPL	0.676562	1.94633
WARS	-1.24383	-0.00334637
WASF1	4.6351	3.05591
WASHC1	0.348002	1.75066
WASHC2A	-2.46292	-0.342661
WASHC2C	-5.21348	-1.30831
WASHC3	-1.70365	-2.32078
WASHC4	-0.730695	0.857226
WDFY2	-3.05496	-3.79618
WDFY3-AS2	-1.824	-1.51678
WDFY4	-5.98656	-4.02926
WDPCP	0.750817	1.73331
WDR1	-3.05594	-3.2658
WDR13	-0.302369	-1.51896
WDR17	3.92645	0.548573
WDR19	0.197643	1.63704
WDR25	1.98979	0.00298365
WDR26	-0.772976	-1.84761
WDR31	2.60101	-0.231685
WDR33	2.62901	3.13039
WDR34	4.13988	2.91656
WDR4	0.248844	1.08083
WDR45	1.54064	1.57102
WDR45B	-3.66736	-4.25294
WDR48	0.950439	-0.0409424
WDR49	-0.717979	-1.00633
WDR54	3.96405	0.519669
WDR6	1.12871	-0.699171
WDR66	1.76251	-1.03015
WDR70	-1.16949	0.93514
WDR73	-0.739371	-0.317144
WDR75	0.244389	1.81661
WDR78	-0.416907	-1.36249
WDR86	2.47879	-0.975418
WDR90	0.426807	1.74333
WDR91	-1.35895	0.825739
WDR97	-2.09537	-1.25706
WDSUB1	0.657724	1.41796
WDYHV1	2.48744	3.21826
WFDC1	2.58272	0.421132
WFDC2	0.804466	1.984
WFIKKN1	-0.477665	0.678085
WFIKKN2	1.2775	1.35656
WFS1	0.0445367	-1.33515
WHAMMP3	-1.37653	-0.012048
WHRN	-3.31514	-0.457367
WIF1	0.678053	-0.934136
WIPF2	8.85872	4.61396
WIPF3	0.0913571	0.466808
WIPI1	-2.99954	-1.85365
WIPI2	-0.489	-1.64318
WISP2	2.93957	1.22032
WIZ	-0.418369	-1.39658
WLS	-2.11494	-2.64324
WNT10A	1.36455	1.71107
WNT10B	3.53109	-0.669938
WNT2B	-0.185627	-0.112063
WNT3	-1.13375	0.516572
WNT4	0.487924	-0.461522
WNT6	0.0892693	-0.141272
WNT7A	2.52225	1.90914
WNT7B	-2.9284	-2.94926
WRAP73	1.28007	2.05456
WRB	0.576847	-1.2275
WRN	-0.311418	-0.843758
WSB2	7.24088	2.20619
WSCD1	-6.92811	-5.67365
WTAP	2.43566	-0.657387
WTIP	2.33339	-0.464081
WWC1	-0.712837	-1.79891
WWC2	-1.12138	-0.490467
WWOX	-0.649014	-1.20348
WWP1	0.0300754	0.63557
XK	7.8365	2.15283
XKR4	-0.675015	-1.73982
XKR6	4.99932	3.80143
XKR8	-5.3937	-3.07228
XKR9	2.63604	4.26729
XPA	-0.0378077	1.48084
XPO4	0.10072	1.61614
XPR1	1.86558	2.59144
XRCC4	-2.13906	-3.06127
XYLT1	1.59102	-0.490157
XYLT2	-2.84503	0.596588
YAF2	-3.81733	-4.43438
YAP1	-1.1188	-1.83464
YARS	-1.30097	1.07341
YBEY	-2.23476	0.845459
YBX2	3.18731	2.58196
YEATS4	-2.00199	0.167323
YIPF1	1.58905	0.394457
YJEFN3	2.11391	-0.780164
YKT6	1.35737	-0.654148
YLPM1	0.823164	-0.101836
YOD1	5.5038	5.26483
YPEL1	0.588243	-1.27308
YPEL2	5.27593	4.01689
YPEL3	2.632	3.11736
YPEL4	2.659	3.34883
YPEL5	4.32053	3.16668
YTHDC1	2.80539	3.2918
YTHDC2	-0.529462	0.723477
YTHDF2	4.81382	2.28008
YWHAB	3.46753	1.00455
YWHAE	0.623589	-0.965414
YWHAH	6.04062	0.897038
YWHAQ	0.519774	-1.28485
YWHAZ	1.26259	-0.538111
ZADH2	2.04421	3.06669
ZAP70	1.43147	0.714229
ZBBX	5.3886	5.18256
ZBED1	-1.33862	-0.236189
ZBED5	1.58834	2.57269
ZBED8	1.97171	2.10824
ZBED9	2.87283	3.51942
ZBTB1	0.316101	1.66864
ZBTB16	5.11062	4.16338
ZBTB18	-1.64019	-1.81681
ZBTB21	4.45183	4.40157
ZBTB24	3.82686	3.75866
ZBTB25	1.12444	2.00746
ZBTB34	0.771515	1.92011
ZBTB38	0.634268	1.70274
ZBTB39	0.823485	1.94844
ZBTB40	-1.24861	0.729665
ZBTB43	-0.438812	1.2665
ZBTB44	5.09356	0.603927
ZBTB47	-2.06057	-0.717944
ZBTB7A	-1.45382	0.977289
ZBTB7B	-1.10691	-0.0252545
ZBTB8A	0.0495181	0.617524
ZBTB8OS	0.382066	1.75296
ZC2HC1A	2.1911	1.51878
ZC3H10	0.544264	1.98803
ZC3H12A	-3.38942	-0.723647
ZC3H12C	0.141476	1.65441
ZC3H18	-4.0406	-2.73813
ZC3H6	2.28637	3.03317
ZC3H7A	-1.34748	-1.45574
ZC3H7B	-1.75348	0.405386
ZC3H8	2.23372	0.28015
ZC3HAV1	-0.825373	-1.8622
ZCCHC11	-0.769089	0.105444
ZCCHC12	0.924066	-1.11045
ZCCHC14	1.35682	2.2561
ZCCHC17	2.35099	-0.931727
ZCCHC18	0.760301	-1.23284
ZCCHC2	1.26831	1.26455
ZCCHC3	2.7409	4.24624
ZCCHC6	3.70685	4.91276
ZCCHC7	-1.80909	-0.536239
ZCCHC8	-0.303704	1.4499
ZCWPW1	-0.683285	-0.784636
ZCWPW2	-1.68122	-2.33125
ZDBF2	0.167114	0.466148
ZDHHC12	-0.38596	-2.02562
ZDHHC14	1.61066	0.0470493
ZDHHC15	-1.28116	-2.42535
ZDHHC18	-0.366855	0.95467
ZDHHC2	-1.25129	0.895126
ZDHHC20	-0.892539	0.496622
ZDHHC23	3.10967	2.05013
ZDHHC24	1.80786	0.0492993
ZDHHC3	-0.539369	0.459644
ZDHHC4	3.04634	0.239286
ZDHHC5	1.96848	2.43865
ZFAND3	-1.43949	-2.24687
ZFAND4	-2.8979	-1.44124
ZFAT	-1.95657	-0.801557
ZFHX2	3.52822	3.89719
ZFHX3	-2.7769	-3.60163
ZFP14	0.0795627	1.75803
ZFP28	3.41942	-0.282678
ZFP36	-3.16092	-4.43484
ZFP36L1	-3.28536	-3.444
ZFP36L2	-5.00043	-4.49385
ZFP37	-1.37278	-0.269313
ZFP62	3.61298	2.72506
ZFP64	1.71314	-0.566095
ZFP69	2.1643	-0.217777
ZFP91	-0.316368	0.112171
ZFPM2	2.75964	3.99645
ZFR	-0.665933	-1.66296
ZFYVE1	0.839066	0.105071
ZFYVE19	-0.526739	0.992432
ZFYVE21	2.07765	-0.0528791
ZFYVE27	1.92747	2.43023
ZFYVE28	1.4737	2.15093
ZFYVE9	1.5833	2.2907
ZGRF1	0.562802	2.5201
ZHX1	1.15267	2.07582
ZIC1	1.23805	1.67707
ZIC3	0.672619	1.62879
ZIC4	-0.416619	-0.212337
ZIC5	-0.601716	-1.31754
ZIM2	-0.444201	1.23113
ZMAT1	-0.954164	-1.76379
ZMAT2	3.24091	-0.268285
ZMAT4	5.4658	3.85352
ZMIZ1	3.39364	3.3457
ZMIZ2	-0.712823	0.237766
ZMPSTE24	1.97146	1.80941
ZMYM3	0.446386	-0.599918
ZMYM4	1.61757	2.69668
ZMYM5	-0.731926	1.12114
ZMYM6	-1.13319	0.958817
ZMYND10	0.0229481	-1.19169
ZMYND12	1.04089	-0.741374
ZMYND15	-2.88789	-3.19578
ZMYND8	3.0214	3.82899
ZNF10	-1.41204	-0.292426
ZNF12	1.28723	2.1153
ZNF124	1.36666	3.35928
ZNF133	2.78501	3.44848
ZNF136	2.08435	2.84702
ZNF143	0.799595	1.8956
ZNF146	-3.0633	0.0353117
ZNF148	5.60159	6.05431
ZNF165	0.70471	2.01172
ZNF175	4.36724	4.93489
ZNF180	0.592353	1.86724
ZNF182	-0.757257	0.880347
ZNF184	4.86615	1.56067
ZNF189	2.77314	3.11451
ZNF215	4.9089	2.19714
ZNF219	0.215581	-1.05053
ZNF222	5.90074	5.45158
ZNF223	2.45229	2.78954
ZNF226	0.843245	-1.56108
ZNF229	-0.388644	-1.84426
ZNF230	1.29748	2.32018
ZNF232	1.43456	2.31251
ZNF239	4.00394	0.907679
ZNF248	4.21556	4.85236
ZNF25	5.16271	5.36359
ZNF250	1.15746	2.90346
ZNF251	0.368351	1.55317
ZNF257	1.55199	2.6247
ZNF26	3.6125	1.92104
ZNF266	1.39826	2.42713
ZNF267	1.80444	2.86983
ZNF268	-0.0347728	1.60558
ZNF271P	-0.499752	-0.238564
ZNF273	1.19333	2.44517
ZNF280D	0.128884	1.55808
ZNF284	3.09705	3.96073
ZNF286A	-1.97666	-2.47509
ZNF287	-0.773916	1.03235
ZNF292	1.89439	2.96514
ZNF3	-0.366813	1.30015
ZNF302	3.39539	3.9376
ZNF304	4.50083	5.13991
ZNF318	3.51235	3.76647
ZNF322	2.48421	3.93093
ZNF324B	0.314153	1.68173
ZNF331	1.98219	2.0538
ZNF333	0.488421	1.91172
ZNF337	1.20084	1.68078
ZNF33B	-2.03519	-1.6852
ZNF34	1.46623	2.91165
ZNF35	1.06729	1.87727
ZNF350	2.86603	-0.100506
ZNF354B	-0.127026	1.42071
ZNF358	-0.78395	1.1985
ZNF362	-1.8253	0.585673
ZNF365	2.77862	2.64703
ZNF366	-0.874293	0.44118
ZNF37BP	-2.69156	0.0695291
ZNF382	-0.209649	-0.390779
ZNF385A	-4.41233	-0.187344
ZNF385B	-0.045018	1.65581
ZNF385D	2.09808	3.23089
ZNF394	-3.30541	0.729671
ZNF395	-0.541923	-0.186062
ZNF398	2.77872	3.16516
ZNF415	-1.52125	0.742359
ZNF416	4.75622	5.04158
ZNF418	5.32846	2.35129
ZNF423	-1.58732	-1.94062
ZNF433-AS1	-3.69656	-4.01342
ZNF436	2.84067	-0.293771
ZNF438	-0.615047	-1.38506
ZNF446	0.347846	1.63367
ZNF449	3.79917	1.20243
ZNF469	0.763264	-0.870511
ZNF480	-3.90654	-4.23506
ZNF483	3.73507	3.88842
ZNF487	0.65192	1.82944
ZNF493	0.560026	1.70233
ZNF502	-0.417099	1.12039
ZNF503	-0.317828	-0.88872
ZNF516	-4.03884	-4.10031
ZNF519	1.34675	2.19904
ZNF521	0.236754	-0.75755
ZNF528	0.952925	-0.64687
ZNF534	-0.0146815	0.224319
ZNF541	1.56677	2.14002
ZNF544	2.55229	0.5159
ZNF546	0.495755	1.8993
ZNF547	3.13748	3.61599
ZNF555	-0.444896	1.44876
ZNF557	1.4179	2.29772
ZNF562	-1.87867	0.269914
ZNF565	-2.72718	-0.191583
ZNF566	2.98506	3.9762
ZNF567	4.37918	4.53168
ZNF572	-0.659814	-1.63333
ZNF575	-0.941871	-1.89615
ZNF576	2.40423	2.83433
ZNF577	-2.28975	-2.99164
ZNF580	-0.58361	-1.69918
ZNF584	2.25681	2.73617
ZNF586	-0.0932137	1.21546
ZNF587	-1.12519	-0.436445
ZNF589	-0.39627	-0.36801
ZNF592	-3.10579	-1.20212
ZNF598	1.47093	2.3807
ZNF615	0.0518858	1.29343
ZNF618	1.08333	1.61423
ZNF620	0.468815	1.88726
ZNF629	-2.82188	-0.364338
ZNF630	2.42189	4.27616
ZNF641	1.38181	4.21816
ZNF646	-1.43859	0.816595
ZNF649	0.16546	-1.16284
ZNF653	4.72124	4.84239
ZNF654	2.56932	3.47169
ZNF660	-0.455087	0.511797
ZNF664	-3.14965	-1.93144
ZNF667	-0.0799261	-1.27868
ZNF670	-0.263157	1.32469
ZNF671	4.41701	4.57552
ZNF674-AS1	0.0982048	-0.139001
ZNF677	-1.40205	-1.94017
ZNF680	-0.838136	0.65426
ZNF684	1.19474	2.10921
ZNF692	0.267739	1.48799
ZNF697	2.01179	2.20452
ZNF704	4.50786	3.21675
ZNF706	2.20771	-0.509184
ZNF710-AS1	0.255224	-0.910648
ZNF711	-0.650216	0.468394
ZNF714	-3.41771	-0.778301
ZNF718	0.603659	2.04757
ZNF720	0.213944	-0.843745
ZNF727	2.18905	-0.567923
ZNF74	-0.439452	0.342148
ZNF767P	0.0215442	1.2765
ZNF77	2.21824	3.05907
ZNF773	-1.01454	0.346306
ZNF781	1.13346	2.07055
ZNF782	1.02793	2.24206
ZNF783	1.55726	2.66546
ZNF786	2.28537	3.14976
ZNF787	0.652172	2.36222
ZNF789	0.200662	1.06643
ZNF790	0.31079	-0.730061
ZNF8	2.09987	3.28796
ZNF818P	-0.225043	-1.47118
ZNF823	0.889422	1.45133
ZNF827	3.17644	1.49328
ZNF83	-2.0156	-2.89851
ZNF830	-0.764947	0.571332
ZNF831	2.55288	-0.864103
ZNF84	0.768448	0.723459
ZNF845	1.67275	0.0993805
ZNF853	-3.53047	-1.3935
ZNF876P	-0.262437	-0.736871
ZNF880	-2.30408	-3.54849
ZNF883	-3.71589	-4.2701
ZNF91	-1.84397	-1.74836
ZNF92	-0.0592601	1.48911
ZNFX1	1.19058	2.44146
ZNRF1	0.610436	-0.985956
ZNRF2P1	-0.988926	0.14793
ZPR1	1.86801	-0.756634
ZRANB1	2.11882	2.63736
ZRANB2	1.60805	2.25982
ZRANB3	4.49742	1.28461
ZSCAN18	3.12471	-0.22467
ZSCAN26	1.90132	2.82773
ZSCAN29	1.34159	2.11778
ZSCAN31	1.79793	2.64081
ZSCAN5A	-0.494425	-1.5578
ZSCAN9	-0.0446884	2.02212
ZSWIM4	0.583458	1.92073
ZSWIM7	1.09441	-0.572767
ZSWIM9	1.10179	-0.640201
ZWINT	-1.81875	-2.80524
ZYX	0.846492	1.82505
ZZEF1	-2.87413	0.187353
ZZZ3	1.61257	0.370202
