gene	thinning_Z_ds0	thinning_Z_ds25	thinning_Z_ds50	U_ds25_thinning	rank_ds25	decile_ds25
AGBL4	11.924	11.397		0.026086	1	10
CHRM3	10.803	10.221	9.6218	0.023864	2	10
LKAAEAR1	10.426	9.9458	9.4357	0.026024	3	10
CPNE8	9.8837	9.9351	9.909	0.026521	4	10
PRSS12	10.454	9.9238	9.5862	0.025456	5	10
SEC24D	10.071	9.8674	9.6048	0.022891	6	10
WIPF2	10.237	9.7457	9.3831	0.024649	7	10
PPP1R14C	9.6207	9.4873	9.2994	0.021733	8	10
KIAA1549L	9.8187	9.4116	8.9774	0.023677	9	10
HSF2	9.5683	9.388		0.02388	10	10
KIAA1549	9.6977	9.3516	8.8852	0.025599	11	10
LRRTM4	9.0113	8.9176	8.7518	0.022747	12	10
RAPGEF2	9.1134	8.8652	8.5192	0.022112	13	10
MAL2	9.1115	8.8537	8.4908	0.022506	14	10
CCK	8.9228	8.7648	8.2487	0.023917	15	10
MCHR2	8.7283	8.7319	8.5389	0.022939	16	10
KLHL25	8.8954	8.7269	8.4818	0.022784	17	10
FAM133A	8.8525	8.5128	8.172	0.021944	18	10
SYT13	8.8985	8.5079	8.2199	0.024203	19	10
HDAC9	8.5748	8.4924	8.3769	0.022101	20	10
LRRC2	8.7124	8.4346	8.1402	0.015822	21	10
RUNDC1	8.6741	8.412	7.9927	0.023683	22	10
COL23A1	8.3654	8.395	8.2336	0.023008	23	10
CRYM	8.4681	8.3358	8.3224	0.017068	24	10
SH2D5	8.3524	8.3163	8.1543	0.021924	25	10
GRIPAP1	8.6483	8.2691		0.026193	26	10
MED12L	8.8271	8.2568		0.024532	27	10
DCP2	8.5656	8.2537	7.7481	0.018425	28	10
TPD52	8.483	8.2398	7.82	0.022363	29	10
FFAR4	8.1543	8.2243	8.3863	0.015409	30	10
AGPAT2	8.4466	8.1914	8.0205	0.018113	31	10
SMIM24	8.2577	8.1892	8.0287	0.021771	32	10
OSCP1	8.2282	8.137		0.020986	33	10
KCNJ12	8.1596	8.1082	7.7545	0.021636	34	10
CNTNAP2	8.2901	8.1024	7.9541	0.02402	35	10
SLCO4C1	8.3326	8.0597	7.5505	0.019914	36	10
NEU1	8.3022	8		0.022427	37	10
DENND3	8.14	7.9885	7.6781	0.023252	38	10
COL12A1	7.9931	7.8973	7.6525	0.02378	39	10
SPRN	7.9519	7.8873	7.6862	0.021004	40	10
LTK	8.1193	7.8861	7.6567	0.02202	41	10
UMODL1-AS1	7.8365	7.8753	7.867	0.022695	42	10
SLC10A4	7.9207	7.851	7.8561	0.023008	43	10
CDH18	7.9442	7.8356	7.6535	0.020759	44	10
TMEM132B	8.0556	7.8356	7.417	0.021425	45	10
ZNF350	7.7881	7.8269	8.0269	0.016627	46	10
C12orf4	8.2981	7.795	7.4955	0.022972	47	10
RARA-AS1	8.0857	7.7886	7.2581	0.02046	48	10
SYCE1	8.1646	7.771		0.022446	49	10
CACNB2	7.9765	7.7674	7.5921	0.024279	50	10
YEATS2	8.0148	7.7568	7.4689	0.022795	51	10
NPY5R	7.8443	7.7332	7.4947	0.020704	52	10
TPST1	8.0245	7.7075	7.2024	0.016323	53	10
C16orf87	7.7096	7.6854	7.6019	0.02355	54	10
BRPF3	7.7882	7.659	7.4685	0.022921	55	10
ARID5A	7.6786	7.6577	7.595	0.023253	56	10
CDC42SE2	8.0606	7.6115	6.9385	0.013147	57	10
GPR155	7.6961	7.5828	7.4117	0.023512	58	10
TSPAN33	7.5675	7.5522	7.3431	0.018547	59	10
PKP3	7.8349	7.5473	7.1217	0.021815	60	10
KCND2	7.6553	7.5218		0.022681	61	10
GNB1L	7.834	7.5173	7.0246	0.022192	62	10
CRH	7.5813	7.5146	7.3169	0.023762	63	10
LCN15	7.6146	7.4815	7.2737	0.022042	64	10
TRIM53AP	7.6047	7.4757	7.2289	0.022879	65	10
WAC	7.761	7.4606		0.020975	66	10
ZBTB41	7.8305	7.4298		0.020973	67	10
WSB2	7.601	7.4014	7.1867	0.017911	68	10
PRDM10	7.5405	7.3677		0.022875	69	10
CTDSPL	7.6649	7.3654		0.023425	70	10
NEK2	7.3581	7.3595	7.4526	0.012375	71	10
NUDT4	7.5205	7.3548	6.9607	0.019811	72	10
ALS2CL	7.5883	7.3326	7.1016	0.023302	73	10
NDST3	7.6442	7.3205	7.0098	0.024489	74	10
MPL	7.4933	7.3137	6.8944	0.018145	75	10
PIK3R1	7.6451	7.3003	7.0595	0.022143	76	10
PHLPP2	7.6228	7.2782		0.022345	77	10
ZNF202	7.6778	7.2735	6.8551	0.022364	78	10
JAK3	7.5345	7.2688		0.024902	79	10
NETO2	7.4546	7.2549	6.7683	0.020179	80	10
MTMR9	7.5333	7.2408	6.8835	0.02156	81	10
TYRP1	7.1706	7.2331	7.2101	0.021794	82	10
ZNF616	7.9198	7.2058		0.019982	83	10
SOWAHB	7.2859	7.1957	7.0966	0.020482	84	10
CYB561	7.3181	7.1956	6.9977	0.01779	85	10
PKD2L1	7.2761	7.192	7.0028	0.022313	86	10
DBH	7.5276	7.1916	6.6852	0.024271	87	10
PIP4P1	7.4226	7.1876		0.02278	88	10
SUV39H1	7.4018	7.1743	6.841	0.020945	89	10
CERS6	7.3843	7.1681	6.7708	0.022115	90	10
DZIP3	7.2398	7.1543	6.9069	0.018555	91	10
GALNT17	7.2639	7.151	6.8467	0.022403	92	10
OTUD3	7.2653	7.1443		0.021065	93	10
FRMD6	7.6014	7.1409	6.9068	0.020517	94	10
OLFM3	7.2636	7.1357	6.8297	0.021317	95	10
CALHM2	7.305	7.0995	6.8792	0.019183	96	10
MEA1	7.4537	7.0898	6.7049	0.014624	97	10
CHCHD6	7.4704	7.0851	6.2063	0.0084483	98	10
CCDC3	7.3012	7.0789	6.6351	0.021368	99	10
CDC6	7.4061	7.0774	6.7019	0.020814	100	10
NUAK1	6.9968	7.0653	7.1358	0.017343	101	10
C5orf30	7.3205	7.0407	6.7593	0.023009	102	10
DROSHA	7.3757	7.0351		0.01973	103	10
KCNT2	7.0661	7.023	6.8654	0.021805	104	10
PTP4A3	7.2009	7.0141		0.020484	105	10
THOP1	7.6394	7.0134		0.023103	106	10
RAB26	7.3328	7.008		0.022794	107	10
ITPKA	7.1156	7.0068	6.8796	0.019703	108	10
SYP	7.1932	6.9875		0.021675	109	10
TRAM2	6.8352	6.986	6.9823	0.018779	110	10
SIDT1	7.2424	6.9778	6.7022	0.019073	111	10
CCNYL1	7.0112	6.9734	6.8488	0.019391	112	10
XK	7.1016	6.9494	6.961	0.020569	113	10
BORCS5	7.1957	6.9458	6.5453	0.02067	114	10
PPP1R12A	7.0452	6.9281	6.6331	0.018949	115	10
CTXN1	6.8826	6.9222	6.9689	0.0090226	116	10
RAD51D	7.2102	6.921	6.5903	0.021232	117	10
STEAP1	7.1833	6.9056	6.4593	0.022516	118	10
CBLN1	6.9932	6.9017	6.7047	0.018879	119	10
MARC1	7.1276	6.9006		0.017568	120	10
FXYD6	6.9208	6.883	6.7087	0.01487	121	10
DPF1	7.0302	6.8658	6.5762	0.017728	122	10
SLC9A6	7.105	6.8526	6.4001	0.02145	123	10
NGB	7.0145	6.8465	6.6878	0.025176	124	10
CA4	6.9268	6.8452	6.6259	0.020092	125	10
GNG13	6.8741	6.8448	6.7714	0.019276	126	10
CDH10	6.941	6.8389	6.5941	0.013336	127	10
KMO	7.1419	6.8185	6.3915	0.024604	128	10
ABCC12	7.0335	6.8184	6.4541	0.019782	129	10
SERPINF1	6.8086	6.7964	6.7242	0.018988	130	10
LAMB3	7.016	6.7937	6.6311	0.023827	131	10
SATB2	6.827	6.7852	6.7119	0.018234	132	10
ZNF681	6.9738	6.7709	6.6255	0.02451	133	10
KLHDC9	6.9911	6.767	6.6059	0.02336	134	10
TPK1	7.0725	6.7632	6.5944	0.025627	135	10
SFTPD	7.1658	6.759	6.1424	0.012697	136	10
HTR3B	6.8081	6.7248	6.5834	0.021249	137	10
OPCML	6.9649	6.7063		0.023629	138	10
KCNV1	6.9428	6.6974	6.3249	0.020846	139	10
TRABD2A	6.9795	6.6933	6.3191	0.022844	140	10
PDE1B	7.0629	6.6874	6.3181	0.0204	141	10
SHC2	6.7244	6.6782	6.6424	0.016373	142	10
IGSF3	6.9066	6.668	6.4276	0.02498	143	10
GRASP	6.9174	6.66	6.2219	0.022158	144	10
PPP6C	6.7291	6.6554	6.5479	0.014646	145	10
GPR150	6.8065	6.6465	6.3486	0.02037	146	10
ANKRD30B	6.7861	6.6347	6.295	0.02124	147	10
CCKBR	6.9682	6.6298	6.0939	0.018587	148	10
SV2B	6.9282	6.6087	6.1815	0.023249	149	10
NMNAT2	6.7296	6.6009	6.3306	0.021459	150	10
SMARCAL1	7.0414	6.6		0.020151	151	10
HRH1	6.7998	6.5993	6.1504	0.015382	152	10
GPR162	6.5731	6.5916	6.6288	0.015513	153	10
SERPINI1	6.7537	6.5872	6.3809	0.022566	154	10
PLXNA1	6.8052	6.5708	6.4604	0.017471	155	10
ATG7	6.7537	6.5688	6.2138	0.019763	156	10
ADAR	6.6896	6.5573		0.018469	157	10
LAMB1	6.6738	6.5462	6.2948	0.021133	158	10
KCNG3	6.7558	6.5301	6.5196	0.014626	159	10
AQP9	6.9434	6.5271	6.1891	0.019942	160	10
MAPK4	6.7643	6.5242	6.3221	0.021313	161	10
BBS12	6.632	6.5217		0.018966	162	10
CDH9	6.6319	6.4944	6.2398	0.016257	163	10
HTR7P1	6.5685	6.4873	6.2867	0.009725	164	10
ASB2	6.6189	6.4683	6.3307	0.022599	165	10
DPP10	6.6522	6.4548	6.2425	0.014883	166	10
FAM102B	6.64	6.4519	6.291	0.015517	167	10
RNGTT	6.7005	6.4492	5.9871	0.016878	168	10
PCDH8	6.6469	6.4264	6.1405	0.018876	169	10
CRIP2	6.7099	6.4207	5.9812	0.011217	170	10
C11orf87	6.3158	6.42	6.3937	0.019745	171	10
PDCD2L	6.741	6.4177		0.013848	172	10
CAMK1G	6.6198	6.4099	6.1273	0.023841	173	10
LYPD6B	6.6615	6.4006		0.021599	174	10
NFKBIE	6.5942	6.397	6.1954	0.013761	175	10
UBXN10	6.523	6.3791	6.3239	0.023092	176	10
GYG2P1	6.6728	6.371		0.019937	177	10
CDYL2	6.6513	6.3641	5.964	0.020492	178	10
RIMS3	6.2255	6.3608	6.4313	0.015806	179	10
PANX1	6.6086	6.3567	6.2845	0.020712	180	10
LINC00507	6.2819	6.3548	6.4055	0.017724	181	10
CCDC68	6.3185	6.3539	6.2934	0.018317	182	10
TMED8	6.6065	6.3506	6.1716	0.019961	183	10
OVOL2	6.5144	6.3477	6.1041	0.018598	184	10
CHL1	6.5386	6.3435	5.9937	0.017895	185	10
C3orf80	6.5881	6.3358	6.0241	0.023091	186	10
NECAB1	6.3712	6.3338	6.2369	0.021088	187	10
GPD1L	6.5076	6.3315	6.1314	0.019744	188	10
RTN4RL1	6.5767	6.3175	5.9131	0.018183	189	10
LRRC73	6.5757	6.3148	5.8933	0.014632	190	10
UBE2D3	6.3544	6.3101		0.019849	191	10
GLRA3	6.2938	6.2974	6.4458	0.014628	192	10
EIF4ENIF1	6.5062	6.2839		0.020509	193	10
IL1RAPL2	6.3873	6.2813	6.1744	0.02452	194	10
FGFR1OP2	6.2219	6.2723	6.2376	0.0177	195	10
TOX	6.4661	6.2668	6.0975	0.023631	196	10
KLHL12	6.3859	6.2653	6.3029	0.013204	197	10
MGEA5	6.5062	6.2569	5.9102	0.021819	198	10
ST6GALNAC5	6.2588	6.2562	6.4219	0.012684	199	10
HS6ST1	6.5419	6.2518	6.0737	0.020556	200	10
KIF17	6.4933	6.2436	5.9085	0.021859	201	10
SPICE1	6.4193	6.2433	6.238	0.016419	202	10
ZNF780A	6.5042	6.235		0.021979	203	10
SLC26A4-AS1	6.5924	6.2252	5.5798	0.0099387	204	10
NMU	6.2855	6.2184	6.0388	0.021666	205	10
SMKR1	6.5506	6.2164		0.015897	206	10
ARHGAP20	6.4693	6.2049		0.020687	207	10
CDC40	6.4409	6.1922	5.8653	0.022364	208	10
GGCT	6.2356	6.1872	6.061	0.008981	209	10
MUM1L1	6.383	6.1721	5.7679	0.018186	210	10
TMEM178B	6.2051	6.1697	6.0849	0.018963	211	10
RASD1	6.3086	6.1542	5.9237	0.021998	212	10
GRAMD4	6.4953	6.1291	5.6372	0.013476	213	10
TMEM200C	6.3068	6.1275	5.9364	0.022419	214	10
PGRMC2	6.3591	6.1198	5.9207	0.018732	215	10
LOC440040	6.2358	6.1172	5.9199	0.021108	216	10
FZD3	6.2767	6.1122	5.9512	0.02215	217	10
AAGAB	6.3563	6.1093	5.8015	0.022307	218	10
LINC00672	6.1898	6.1027		0.017313	219	10
WAC-AS1	6.0863	6.0918	6.0226	0.022847	220	10
DCUN1D3	6.2043	6.0898	6.0409	0.019902	221	10
PRTN3	6.1133	6.089	6.0407	0.018381	222	10
BICC1	6.3104	6.0794	5.8314	0.021581	223	10
MEGF8	6.1985	6.0781		0.018436	224	10
USP20	6.4604	6.0771		0.019873	225	10
ADAMTS3	6.3389	6.0771	5.6582	0.016249	226	10
TMEM121	6.3411	6.0766		0.02107	227	10
MPP2	6.2272	6.0765	5.9466	0.017581	228	10
ENOX1	6.2973	6.0447	5.6299	0.015332	229	10
LY86-AS1	6.3243	6.035	5.6208	0.017236	230	10
CYP2E1	6.3323	6.0349	5.8915	0.021176	231	10
FILIP1L	6.1664	6.0251	5.909	0.017152	232	10
NGEF	5.6164	6.018	6.2645	0.012396	233	10
OPRM1	6.2786	6.0136	5.6242	0.013794	234	10
EXD3	6.1218	6.0119	5.8308	0.019024	235	10
CASQ1	6.2181	6.0081	5.6104	0.022008	236	10
RNF219	6.0586	6.0035		0.019392	237	10
RHEBL1	6.2264	6.0026	5.5736	0.019846	238	10
ST8SIA3	6.1742	5.9975	5.7868	0.020297	239	10
IER5	5.591	5.9951	6.2905	0.011308	240	10
PLEKHG5	6.224	5.9944		0.021615	241	10
GOLGA3	6.1089	5.9928		0.01785	242	10
UBR1	6.1177	5.9832	5.8247	0.020694	243	10
E2F3	6.3116	5.9771	5.4421	0.014918	244	10
WASF1	6.2981	5.9759	5.64	0.019632	245	10
RASGRF2	6.1909	5.9728	5.5998	0.022388	246	10
NSD3	6.2989	5.971	5.7816	0.022649	247	10
KCNIP4	6.0634	5.9623		0.021416	248	10
TAPT1	6.2256	5.9559	5.7302	0.015341	249	10
RGS4	6.205	5.9486	5.5169	0.018351	250	10
FAM117B	6.1784	5.9461	5.7796	0.022979	251	10
SYT16	6.1812	5.9432	5.7662	0.021771	252	10
LOC105377621	5.9716	5.9279		0.017241	253	10
TNFAIP8L1	6.1486	5.9257	5.7169	0.014731	254	10
NEUROD6	6.0815	5.918	5.8341	0.017447	255	10
ARHGAP28	5.9943	5.9159	5.964	0.014392	256	10
DNAJC30	6.3695	5.9076	5.418	0.014577	257	10
ZNF529	6.1922	5.9024		0.020761	258	10
FTCD	5.9878	5.8979	5.7085	0.020418	259	10
RASL11B	5.9397	5.8917	5.9142	0.016238	260	10
CA10	6.1054	5.8849	5.5095	0.015261	261	10
PRKAR2B	5.9022	5.8759	5.7855	0.017966	262	10
ANKRD24	5.8164	5.8718	5.937	0.012959	263	10
ZNF585A	6.1621	5.8688	5.5194	0.01377	264	10
FAM234B	5.9344	5.867		0.019928	265	10
PCDH10	5.9755	5.8637	5.6427	0.020501	266	10
LOC441204	6.1285	5.8538	5.5341	0.022383	267	10
ASH2L	6.1549	5.8452	5.4674	0.013223	268	10
TTC33	5.6802	5.8415	5.9062	0.012829	269	10
KLHL18	6.0528	5.8367		0.018432	270	10
TSPYL4	6.356	5.8361	5.4814	0.014628	271	10
NUP50	5.9143	5.8355		0.016094	272	10
LIN37	6.0145	5.819		0.018547	273	10
KCNE2	6.0339	5.8133		0.018114	274	10
CMAHP	5.9755	5.8122	5.7077	0.023494	275	10
ALG13	5.8474	5.7979		0.021379	276	10
ADCYAP1	6.0524	5.7924	5.628	0.022058	277	10
RPRM	5.7935	5.7819	5.665	0.022109	278	10
KRAS	6.1294	5.7763	5.3768	0.018721	279	10
NRCAM	5.9725	5.7547	5.3571	0.018756	280	10
RNF112	5.6229	5.7415		0.015753	281	10
SYT5	5.8447	5.7348	5.5912	0.018547	282	10
ATP6V1C1	6.0238	5.7342	5.2602	0.010109	283	10
TSNAXIP1	5.5571	5.733	5.8609	0.01495	284	10
SMC1A	5.6565	5.7247	5.7829	0.014348	285	10
KLHL26	6.191	5.7245		0.019309	286	10
GOLPH3L	5.9233	5.6985		0.019742	287	10
PNMA5	5.9243	5.6962		0.019356	288	10
ZNF829	5.739	5.6954		0.019736	289	10
CNNM4	5.7027	5.691	5.6374	0.020445	290	10
RAPH1	5.9112	5.691	5.4284	0.016463	291	10
RTP1	5.9171	5.6818	5.3552	0.016446	292	10
MKL2	5.711	5.6768	5.6551	0.015747	293	10
ATP6V0A1	5.8833	5.6734	5.3723	0.021564	294	10
ANKRD28	5.8757	5.6662	5.3538	0.021351	295	10
GRIA2	5.7543	5.664	5.5537	0.019817	296	10
NUDT16	5.8967	5.6526	5.2229	0.012761	297	10
GULP1	5.8718	5.6494	5.6018	0.019124	298	10
FUT9	5.661	5.6462	5.6553	0.021685	299	10
DRC1	5.7416	5.644	5.5858	0.020382	300	10
GSG1	5.6287	5.6433	5.7798	0.010672	301	10
RUFY2	5.6	5.6365		0.018902	302	10
CD83	6.0601	5.6335	5.0257	0.012933	303	10
LRFN2	5.7925	5.6328	5.4672	0.020858	304	10
CAMKK2	5.2444	5.6286	6.1113	0.011094	305	10
KY	5.6816	5.6283	5.6341	0.01799	306	10
LGI4	5.8475	5.625	5.5046	0.013435	307	10
HSPA13	5.7503	5.6164	5.462	0.014119	308	10
PAH	5.893	5.6141	5.3465	0.016651	309	10
SLITRK5	5.8065	5.6123		0.021672	310	10
BASP1	6.062	5.6064	5.2387	0.017355	311	10
GTF2H3	5.7475	5.6049		0.015263	312	10
KBTBD11	5.7645	5.6005	5.4815	0.022616	313	10
ZNF184	5.771	5.6005	5.5226	0.016311	314	10
YWHAH	5.7808	5.5974	5.32	0.012857	315	10
BRWD1	5.7391	5.5967	5.5364	0.0097677	316	10
P2RX5	6.0429	5.5927	5.0379	0.012893	317	10
TLE3	5.7547	5.5926		0.017741	318	10
TNNC2	5.1563	5.5836	6.0661	0.010618	319	10
FHL2	5.5316	5.5801		0.017832	320	10
LONRF2	5.6887	5.5725	5.5829	0.0149	321	10
BATF3	5.7557	5.5717	5.3605	0.0078234	322	10
RFTN1	5.5708	5.5703	5.5999	0.017748	323	10
RYK	5.9067	5.558	5.2994	0.022901	324	10
GNAZ	5.6751	5.5496	5.4864	0.017242	325	10
TBC1D24	5.5339	5.5476	5.7123	0.013539	326	10
CELF4	5.6226	5.5473	5.4496	0.015492	327	10
C19orf12	5.8262	5.5457	5.2092	0.014465	328	10
NUDT9P1	5.7065	5.5348	5.3717	0.021712	329	10
DOCK9-AS2	5.6883	5.5346		0.022124	330	10
TDRKH	5.9082	5.5333	5.1077	0.015093	331	10
SND1	5.6048	5.5316	5.3586	0.017559	332	10
RWDD2A	5.7221	5.528		0.019482	333	10
FLJ20021	5.8178	5.5263	5.1471	0.016441	334	10
RNF111	5.4582	5.519		0.015654	335	10
OSTF1	5.5248	5.5156	5.5387	0.017311	336	10
CHD5	5.7965	5.4991		0.018915	337	10
METTL21C	5.6563	5.4983	5.4474	0.024081	338	10
ZDHHC21	5.5954	5.4975	5.4356	0.017878	339	10
KCNJ4	5.5918	5.4902		0.021745	340	10
SLC30A3	5.5472	5.4833	5.4055	0.0175	341	10
ACTN2	5.6989	5.48	5.1623	0.023141	342	10
MCTP1	5.7656	5.4769	5.0596	0.014107	343	10
MRPS2	5.3811	5.4752		0.018029	344	10
LARP1	5.6436	5.4694	5.4036	0.011411	345	10
HPCAL1	5.5887	5.4664	5.3957	0.014195	346	10
CD6	5.6341	5.4566	5.2166	0.015529	347	10
C1S	5.6764	5.4425	5.0452	0.014587	348	10
PSCA	5.7055	5.4419		0.020921	349	10
OPN3	5.2851	5.4387	5.6902	0.012712	350	10
TRAPPC9	5.7002	5.438	5.1266	0.020841	351	10
TSHZ2	5.5427	5.4374	5.315	0.02118	352	10
PRNP	5.5951	5.4352	5.1505	0.014553	353	10
PPID	5.8231	5.4282		0.015104	354	10
NDEL1	5.5063	5.4233	5.3367	0.021707	355	10
OR14I1	5.665	5.4222	5.0449	0.018927	356	10
DDX25	5.6171	5.4192	5.1538	0.015936	357	10
STK32C	5.7365	5.4089	4.9032	0.010717	358	10
MEIS3	5.4793	5.4053	5.3164	0.006743	359	10
NPRL2	5.5263	5.4043	5.211	0.02131	360	10
STX1A	5.4342	5.4013	5.4007	0.017749	361	10
BBC3	5.4898	5.401	5.3109	0.022896	362	10
LPL	5.5855	5.3985	5.2679	0.018886	363	10
PLEKHA1	5.2624	5.3959	5.4986	0.015779	364	10
AMER3	5.4322	5.3933	5.3007	0.017392	365	10
NAP1L5	5.4189	5.393		0.019624	366	10
SVOP	5.6833	5.3897	4.9708	0.01191	367	10
IGF1	5.4456	5.3893	5.4481	0.014253	368	10
CHN1	5.3054	5.3882	5.4714	0.015068	369	10
RETREG1	5.4799	5.3861	5.1889	0.020728	370	10
HTR1E	5.5674	5.3858	5.157	0.022569	371	10
SPINT2	5.464	5.3842	5.2424	0.015251	372	10
NECTIN1	5.7024	5.3782	5.146	0.017131	373	10
CYHR1	5.5934	5.3732	5.0746	0.015289	374	10
CDKN3	5.4493	5.3702		0.018555	375	10
ZNF222	4.928	5.3548	5.756	0.011982	376	10
GFOD1	5.1463	5.3444	5.4946	0.013059	377	10
MAP4	5.6786	5.3379	4.8291	0.014917	378	10
ZNF721	5.5129	5.3346		0.017308	379	10
TMEM130	5.4168	5.3285	5.2164	0.012331	380	10
MRM3	5.4833	5.3271	5.0887	0.021685	381	10
XKR6	4.6111	5.3208	5.6383	0.0072553	382	10
UBE2Z	5.5823	5.3126	4.8163	0.01054	383	10
ENSA	5.4563	5.3119	5.3297	0.01521	384	10
SYT14	5.5322	5.3031		0.021978	385	10
ADTRP	5.5518	5.3005	4.8918	0.015887	386	10
HPS6	5.4083	5.2928		0.022189	387	10
FGF22	5.4723	5.2851	4.955	0.017511	388	10
TNFSF13B	5.373	5.28	5.2602	0.020218	389	10
PBX1	5.397	5.278	5.1925	0.018475	390	10
OCA2	5.3539	5.2771	5.2416	0.014812	391	10
TM2D3	5.4289	5.2764	5.048	0.013543	392	10
MBD1	5.4744	5.2733		0.017167	393	10
ARHGAP12	5.7309	5.2697	4.7367	0.0089371	394	10
FBXO11	5.1839	5.2692		0.015136	395	10
ADGRF5	5.4576	5.269	5.0349	0.018545	396	10
GPN1	5.5906	5.2685		0.018896	397	10
GTF3C4	5.5844	5.2637		0.020562	398	10
OCRL	5.5116	5.257		0.017151	399	10
YWHAG	5.4258	5.2504	4.9458	0.020725	400	10
DUSP3	5.4763	5.2406	5.0131	0.017044	401	10
MTCH1	5.6984	5.2328	4.5942	0.011558	402	10
SERINC3	5.4098	5.2316	4.931	0.020471	403	10
RC3H2	5.3793	5.2276		0.016681	404	10
SIRPA	5.4079	5.2227	4.9324	0.016335	405	10
LOC105378853	5.4342	5.2209	4.8934	0.018312	406	10
CCDC85A	5.3548	5.2191	4.9395	0.018198	407	10
DEPDC5	5.1569	5.217	5.3069	0.016626	408	10
FADS3	5.5713	5.2148	4.717	0.013544	409	10
LY6D	5.0288	5.2087	5.4475	0.012948	410	10
FBXO44	5.4197	5.2086	4.9578	0.017031	411	10
S1PR2	5.2601	5.2004	5.155	0.01743	412	10
C14orf28	5.3864	5.2001		0.016732	413	10
HS2ST1	5.3563	5.1985	5.1676	0.014855	414	10
HIVEP1	5.422	5.1979		0.020401	415	10
MBOAT7	5.2554	5.1885	5.2084	0.010897	416	10
LCLAT1	5.4363	5.186	4.9821	0.014272	417	10
PRKAR1B	5.3984	5.175		0.0207	418	10
TGOLN2	5.4158	5.1656	4.7989	0.016454	419	10
B3GALT6	5.0921	5.1641	5.17	0.0057368	420	10
B4GALT5	5.4901	5.1622	4.8366	0.013216	421	10
LRRC75B	5.2903	5.1613	5.1122	0.021208	422	10
USP43	5.2832	5.1558		0.023565	423	10
AMIGO2	5.3903	5.1538	4.744	0.010297	424	10
TWISTNB	5.1117	5.1501		0.017256	425	10
NAA15	4.983	5.1401		0.014042	426	10
SNAPC2	4.9394	5.134	5.3466	0.013335	427	10
FAM13A	5.1343	5.1328	5.1611	0.01301	428	10
INTS3	5.2153	5.1327		0.017638	429	10
ACTG1	5.2644	5.1306	4.9267	0.007808	430	10
EXO5	5.2233	5.1305		0.016978	431	10
UBE2E2	5.2869	5.126	4.8246	0.018469	432	10
SCN2A	5.2026	5.1246	5.0382	0.021336	433	10
LOC100288911	5.1908	5.1144	4.8665	0.0054291	434	10
ZNF48	5.1818	5.1136	5.0439	0.015006	435	10
SEMA4F	5.1371	5.1134	5.2847	0.011649	436	10
HCN3	5.2177	5.1075	5.0139	0.020127	437	10
EFCAB1	5.0709	5.0963	5.2041	0.0077098	438	10
JAZF1	5.2711	5.0956	4.8154	0.017005	439	10
ATG9A	5.2021	5.0953		0.019033	440	10
SLC29A1	4.9445	5.0945	5.2362	0.012678	441	10
KCNS2	4.6764	5.0945	5.5469	0.0091705	442	10
FBXO40	5.1908	5.0895	4.9012	0.021184	443	10
YTHDF2	5.2771	5.0856	4.7355	0.016541	444	10
PRRT4	5.2349	5.0803	4.936	0.019862	445	10
SLC25A42	5.2319	5.0799		0.018866	446	10
TMX3	5.1483	5.0705	4.8947	0.022337	447	10
VPS37D	5.1807	5.0704	5.0726	0.0094966	448	10
EPHA10	5.3397	5.0607	4.6085	0.0089369	449	10
SYNGR3	5.3616	5.0586	4.6589	0.015528	450	10
NT5DC2	5.2423	5.0577	4.8659	0.0129	451	10
CDKL1	5.1678	5.0496	4.8447	0.01129	452	10
CNR1	5.2281	5.0468	4.8419	0.0093986	453	10
BEX3	5.4117	5.0447		0.011717	454	10
RUNDC3A	5.5789	5.0401	4.2818	0.0093683	455	10
RIC8B	5.1179	5.0384		0.014237	456	10
TUBA1B	5.3812	5.0381	4.6012	0.011611	457	10
ZNF215	5.1677	5.0349		0.018966	458	10
ETS2	4.5304	5.0335	5.376	0.0079928	459	10
STYK1	5.0873	5.0306	5.1167	0.011838	460	10
SMIM29	5.021	5.0278	5.0193	0.0069307	461	10
FOXJ3	5.2816	5.0271		0.018191	462	10
C9orf40	5.2263	5.026	4.8096	0.018342	463	10
GUCY1B1	5.2424	5.0206	4.6797	0.01755	464	10
ZNF449	5.1349	5.0162	4.7775	0.017895	465	10
MAPK13	5.1086	5.0151	4.8728	0.020434	466	10
SPPL3	5.0667	5.0109	5.0091	0.010343	467	10
RARB	5.2904	5.0093	4.7953	0.017916	468	10
PNMA8A	5.104	5.0084	4.9504	0.014931	469	10
GOPC	5.103	5.0058	5.0052	0.013719	470	10
SLC39A10	5.2478	5.0014	4.6786	0.019173	471	10
ENC1	5.2583	4.9927	4.7	0.013256	472	10
GPX3	5.0519	4.9905	4.9556	0.021142	473	10
ATP9A	5.077	4.9899	4.9049	0.014044	474	10
ZNF473	5.1753	4.9894		0.019266	475	10
PP12613	4.976	4.9875	5.0475	0.015751	476	10
DCAF4	5.2679	4.987	4.6471	0.015762	477	10
CHML	4.3442	4.9845	5.5198	0.0082821	478	10
GFPT1	5.161	4.9834		0.015843	479	10
TNFRSF11A	5.0737	4.9763	4.9918	0.012869	480	10
ARMCX1	5.162	4.9707	4.7431	0.0093811	481	10
SPON2	5.226	4.9679	4.6235	0.015897	482	10
HERC1	4.9679	4.9669	4.8809	0.016266	483	10
PPP1CB	5.0098	4.9653	5.0239	0.016862	484	10
YOD1	4.6288	4.9653	5.3443	0.010508	485	10
ZNF263	5.2697	4.9648		0.017728	486	10
ZNF418	5.0043	4.9646	4.9544	0.015592	487	10
ABHD8	5.1181	4.9611	4.926	0.016285	488	10
ARHGDIG	5.3454	4.9591	4.3882	0.012794	489	10
NOV	5.0081	4.959	4.9476	0.012139	490	10
ANXA2P3	4.9906	4.957	4.8946	0.019583	491	10
URGCP	4.8896	4.9516	4.9667	0.011785	492	10
PRKAA2	5.3123	4.946	4.4543	0.011967	493	10
ATF2	4.9584	4.9384		0.017205	494	10
IPCEF1	4.6734	4.9332	5.1753	0.013532	495	10
AIFM2	5.2763	4.9306	4.5584	0.011996	496	10
ZBBX	4.9903	4.9283	4.9395	0.02114	497	10
IFT122	4.9924	4.9276	4.8996	0.016755	498	10
ATL2	4.78	4.9248		0.012814	499	10
PLAG1	4.8099	4.9229	5.0121	0.013724	500	10
KLHL35	5.2818	4.9207	4.4254	0.015685	501	10
ANGPTL8	4.8064	4.9194	5.0713	0.015309	502	10
MEDAG	5.0822	4.9194	4.6426	0.019873	503	10
MAP4K3	4.9966	4.9056		0.018926	504	10
DCHS2	5.0359	4.905	4.651	0.014757	505	10
CDK20	4.968	4.9031	4.8611	0.018834	506	10
SELENOH	4.9813	4.9		0.017127	507	10
CLUAP1	4.8706	4.8963	4.9118	0.01517	508	10
TRIM17	5.051	4.8947	4.7083	0.017898	509	10
DRAP1	5.218	4.8755		0.018193	510	10
FAM241B	4.9017	4.8749	4.8967	0.016407	511	10
NPY1R	5.0266	4.8729	4.6369	0.016284	512	10
RBM24	4.9238	4.8707	4.8511	0.019816	513	10
COMMD5	5.0408	4.8674	4.6928	0.01783	514	10
ZNF540	4.8259	4.8669	4.782	0.014803	515	10
DUSP19	5.1888	4.8665		0.019309	516	10
PDZD2	5.0844	4.8654	4.6272	0.015619	517	10
PNCK	4.9756	4.8653	4.7856	0.0076957	518	10
PNMA3	4.7412	4.8652	4.8173	0.013531	519	10
STAT4	4.8688	4.8603	4.923	0.014966	520	10
CNTN3	4.9207	4.8579	4.7795	0.017254	521	10
PART1	4.9316	4.8575	4.8095	0.022992	522	10
GRM1	5.0625	4.8484	4.587	0.013219	523	10
PKDCC	4.8374	4.845	4.8601	0.016429	524	10
CNN1	4.9436	4.8447	4.7783	0.021497	525	10
PRSS23	5.2188	4.838	4.3281	0.0089467	526	10
NRXN1	4.9525	4.8344	4.7181	0.018639	527	10
APMAP	5.0278	4.8301	4.5347	0.0132	528	10
SNUPN	5.1864	4.8295		0.011116	529	10
CITED2	4.6456	4.8128	4.8831	0.0098237	530	10
DDX20	5.2011	4.8102		0.015229	531	10
CSRNP3	4.7229	4.8057	4.8158	0.013634	532	10
NNMT	4.7032	4.8046	4.8732	0.014463	533	10
LOC105379807	4.9452	4.8034	4.7353	0.015642	534	10
NSFL1C	4.9233	4.7962	4.4875	0.0055477	535	10
RAB3C	5.0272	4.7953	4.4418	0.01584	536	10
POP7	4.781	4.7921		0.018006	537	10
TRIML2	5.1261	4.7912	4.5315	0.015682	538	10
NLK	4.8369	4.7879	4.8094	0.014504	539	10
PPAT	4.9435	4.7872	4.7	0.019332	540	10
TRIM66	4.8428	4.7819	4.7467	0.017004	541	10
ARHGAP29	4.8761	4.7799	4.7271	0.01961	542	10
GEMIN4	4.9344	4.7791		0.018194	543	10
DGKB	4.9196	4.7781	4.5805	0.015168	544	10
BAG5	4.8087	4.7697	4.7134	0.01926	545	10
NEXMIF	4.8222	4.7693	4.7595	0.014702	546	10
GPN2	4.833	4.7688	4.6741	0.01659	547	10
DYNLL1	5.1167	4.7667	4.1119	0.0060173	548	10
NRIP1	4.6282	4.7665	4.8809	0.012836	549	10
EFNB2	5.0259	4.7663	4.5106	0.010844	550	10
GDPGP1	4.9844	4.7613	4.4936	0.016253	551	10
PIGQ	4.9307	4.7599	4.5703	0.018809	552	10
DGKA	5.0623	4.7584	4.4329	0.016404	553	10
C1orf74	5	4.7581		0.016844	554	10
PPM1L	4.7582	4.7556	4.7909	0.014026	555	10
MARCH1	4.783	4.7517	4.7718	0.015606	556	10
TCERG1L	4.8158	4.7489	4.7077	0.016997	557	10
FAM208A	4.885	4.7466		0.01692	558	10
DOC2A	5.0819	4.7465	4.3059	0.011981	559	10
STOML1	4.8976	4.7454	4.6155	0.0096634	560	10
RGMB	4.9773	4.7445	4.4945	0.010723	561	10
PLPP6	4.8325	4.7434		0.016655	562	10
CTC1	5.0335	4.7414	4.3487	0.012305	563	10
PRKCZ	4.9414	4.7411		0.018056	564	10
TM7SF2	5.0083	4.7383	4.4169	0.01398	565	10
FAM47E	5.0232	4.7375	4.3755	0.01514	566	10
VAPA	4.4849	4.7373	5.01	0.010721	567	10
CDCA5	4.8023	4.7366	4.6379	0.019219	568	10
SLC41A2	4.7516	4.7355		0.016886	569	10
RPGRIP1L	4.8141	4.7347		0.019151	570	10
NAT6	4.9456	4.7345		0.020646	571	10
LOC105374952	5.0247	4.7337		0.017717	572	10
TIGD5	4.9002	4.7335		0.017714	573	10
MAN1A2	4.8435	4.7309	4.6205	0.018501	574	10
KLF6	4.9425	4.7266	4.4117	0.015483	575	10
C2CD4C	4.7205	4.7232	4.9169	0.010502	576	10
MAST3	4.9464	4.7187	4.4989	0.011984	577	10
TRIM27	4.9355	4.7121	4.4474	0.011484	578	10
TMPO	4.7621	4.7107	4.7315	0.016942	579	10
UCHL1	5.1125	4.7097	4.155	0.011216	580	10
ZNF653	4.5804	4.7086	4.817	0.011984	581	10
TGFBR3L	4.9226	4.7071	4.4928	0.014927	582	10
FTO	4.8155	4.7064		0.015614	583	10
CLTC	4.8914	4.7062		0.020147	584	10
CHID1	4.7778	4.7049	4.7189	0.0093893	585	10
ARHGEF25	4.8919	4.7027	4.5202	0.019746	586	10
RAB40C	4.3052	4.6999	5.0576	0.0099943	587	10
ZNF826P	4.8959	4.6969		0.015355	588	10
ANKRD55	4.986	4.6968	4.4443	0.014347	589	10
LYRM4	4.6714	4.6923	4.6662	0.017636	590	10
MRPL41	4.876	4.691		0.01709	591	10
MLIP	4.7757	4.687	4.6486	0.019019	592	10
ZNF25	4.4509	4.6827	4.9098	0.013423	593	10
VIPAS39	4.7235	4.6762		0.019098	594	10
SLC26A10	4.7116	4.6742	4.6596	0.014194	595	10
CYP4X1	4.7696	4.6718	4.6268	0.014159	596	10
DCAF6	4.6999	4.6715	4.6104	0.01539	597	10
CARTPT	4.8239	4.6696	4.619	0.018255	598	10
SRSF12	4.7321	4.6683	4.6764	0.012692	599	10
NOXA1	4.7249	4.6608	4.5695	0.017917	600	10
TRIM32	4.1849	4.6588	5.108	0.0093452	601	10
TNFRSF25	4.4447	4.6506	4.6319	0.0093806	602	10
FAM162B	4.8707	4.649	4.4976	0.017544	603	10
BDP1	4.4881	4.6465		0.013998	604	10
HTR5A	4.694	4.6422	4.6678	0.018597	605	10
BAIAP2L2	4.8137	4.64	4.3874	0.019563	606	10
IL27RA	4.8008	4.6388		0.018799	607	10
EPOP	4.9134	4.6316	4.2389	0.013477	608	10
TGFBRAP1	4.5153	4.6281	4.7275	0.015721	609	10
PRKDC	4.8258	4.6267		0.017833	610	10
RANBP9	4.7147	4.6266	4.503	0.019869	611	10
TMEM240	4.7883	4.6232		0.01539	612	10
FAM84A	4.3983	4.6174	4.7358	0.011266	613	10
FZR1	4.8959	4.617	4.3319	0.015091	614	10
KHK	4.6591	4.617		0.016759	615	10
CD3G	4.6399	4.6092		0.014998	616	10
PNLDC1	4.6461	4.6087	4.6549	0.014995	617	10
MRPL30	5.0027	4.6001	4.141	0.010074	618	10
YPEL5	4.7871	4.5987	4.3126	0.019839	619	10
NUDT11	4.8829	4.5911	4.1979	0.0072338	620	10
TFPT	5.0051	4.5901	4.0765	0.0075953	621	10
ZNF416	4.6762	4.5873		0.017475	622	10
SEC22A	4.8622	4.586		0.01661	623	10
DAGLB	4.6331	4.583		0.019185	624	10
FARSA	4.7075	4.5792	4.3645	0.020151	625	10
DGCR5	4.7309	4.5786		0.01467	626	10
SNCA	4.778	4.5777	4.3048	0.010384	627	10
NAGPA	4.013	4.5751	5.1074	0.0080211	628	10
ADCY2	4.7818	4.5744	4.2922	0.017281	629	10
ZFP62	4.7929	4.5739		0.016458	630	10
CBFA2T3	4.7999	4.571	4.3744	0.014114	631	10
PCBD1	4.9912	4.5662	3.9914	0.0067309	632	10
PLEKHM3	4.756	4.5633	4.4739	0.013494	633	10
ADCY7	4.8444	4.5629	4.2056	0.012653	634	10
ATP4A	4.217	4.5614	4.7832	0.0079111	635	10
ARFIP2	4.7819	4.5604		0.019775	636	10
JMJD1C-AS1	4.76	4.5602	4.2254	0.015587	637	10
BSN	4.6866	4.5574	4.4034	0.014822	638	10
AHSG	4.6232	4.5569		0.020895	639	10
SPATA2	4.446	4.5557		0.011684	640	10
NEDD4L	4.7075	4.5529	4.4398	0.0087642	641	10
ARF3	4.7522	4.5452	4.4049	0.014014	642	10
SWT1	4.6217	4.5444		0.013891	643	10
HGF	4.7444	4.5435	4.2088	0.013309	644	10
MSANTD1	4.5747	4.5323	4.6817	0.011196	645	10
NPAS1	4.5143	4.5313	4.5657	0.01814	646	10
RTN1	4.7472	4.5257		0.017848	647	10
VWCE	4.5925	4.5241	4.4322	0.015333	648	10
MAT2B	4.2413	4.5235	4.8416	0.010196	649	10
FREM3	4.7007	4.5193	4.2055	0.017635	650	10
BYSL	4.8453	4.519	4.1174	0.01536	651	10
ADAMTS8	4.7017	4.519	4.2677	0.012628	652	10
PER2	4.7146	4.5121		0.021742	653	10
GPR171	4.5251	4.5099		0.015377	654	10
VSTM2L	4.7236	4.5088	4.1765	0.015332	655	10
C9orf129	4.5734	4.5058		0.01684	656	10
PI4KA	4.698	4.5025	4.2157	0.019756	657	10
PTPRF	4.49	4.5006	4.732	0.0079188	658	10
UBXN6	4.7309	4.4986		0.013568	659	10
C11orf68	4.38	4.4977	4.6235	0.013803	660	10
PACSIN1	4.8665	4.4946	4.2325	0.0097121	661	10
STAMBPL1	4.4741	4.4942	4.4533	0.013518	662	10
PPP6R2	4.4377	4.491		0.016457	663	10
LRRK1	4.6398	4.4896	4.4395	0.018682	664	10
SCAMP5	4.1127	4.4838	4.7665	0.0091885	665	10
TSC1	4.7533	4.481	4.1333	0.015162	666	10
STX12	4.5447	4.4807	4.4602	0.0078856	667	10
IER5L	4.3972	4.4677	4.5644	0.017078	668	10
ZBTB44	4.5197	4.4668	4.4808	0.011417	669	10
SPACA9	4.741	4.4638	4.2788	0.01428	670	10
STUB1	4.6616	4.4611		0.017816	671	10
UBALD1	4.535	4.4592	4.3864	0.016951	672	10
SLC20A1	4.3931	4.4571	4.5349	0.017298	673	10
TMEM196	4.6329	4.4545	4.2051	0.019119	674	10
DUSP6	4.5056	4.4521	4.4057	0.02005	675	10
WDR36	4.5636	4.451	4.3858	0.015911	676	10
HRASLS5	4.5747	4.4505	4.3868	0.014402	677	10
NOL4	4.507	4.4476	4.4602	0.016089	678	10
MED21	4.0513	4.4406	4.8729	0.0074109	679	10
SDHAF1	4.4449	4.4395		0.015779	680	10
NRSN1	4.4852	4.4364		0.019053	681	10
FKBP1A	4.8007	4.4356	3.9424	0.0074462	682	10
LINC00622	4.2668	4.4351	4.5562	0.013114	683	10
FBXL2	4.4948	4.435	4.4012	0.015175	684	10
TMA16	4.2168	4.4309	4.6337	0.011832	685	10
TNNT2	4.4682	4.4289	4.3736	0.020503	686	10
LINC01361	4.4886	4.4288		0.020615	687	10
LY6H	4.4279	4.4276	4.5512	0.0090731	688	10
C16orf58	4.5732	4.4275	4.3385	0.013488	689	10
DMD	4.65	4.4265	4.2143	0.010298	690	10
BTBD11	4.228	4.4261	4.4386	0.0077773	691	10
NETO1	4.7732	4.4259		0.015717	692	10
FLRT2	4.4038	4.4249	4.3253	0.0095226	693	10
MPND	4.7469	4.4242	4.0987	0.013125	694	10
FAM160A2	4.469	4.424	4.3701	0.017244	695	10
LMAN2L	4.5247	4.423	4.4117	0.01241	696	10
RND1	4.4032	4.4206	4.3543	0.011399	697	10
PRPS2	4.2666	4.4158	4.4911	0.010416	698	10
ARSJ	4.6195	4.415	4.3153	0.01817	699	10
DNAJA1	4.6977	4.4103	3.9878	0.012848	700	10
PIM2	4.5156	4.4101	4.3505	0.0095556	701	10
NWD2	4.4779	4.4097	4.3144	0.016287	702	10
NOP56	4.5692	4.4068		0.018318	703	10
STAT6	4.5799	4.4066	4.1721	0.019184	704	10
TUBA4B	4.6108	4.4058	4.1406	0.019456	705	10
RNF175	4.5913	4.4058	4.1196	0.019863	706	10
EXOSC4	4.6424	4.4005		0.01472	707	10
TSPYL1	4.0258	4.4	4.7276	0.010864	708	10
DNM1	4.5206	4.3971	4.2345	0.016997	709	10
WDR34	4.4633	4.3941	4.3335	0.019902	710	10
TRUB1	4.6469	4.3862	3.972	0.013184	711	10
GPAT2	4.4443	4.3848		0.018102	712	10
GPKOW	4.6719	4.3777		0.010134	713	10
ITGA2B	4.2187	4.374	4.4898	0.012522	714	10
KCNK3	4.4751	4.3734	4.1899	0.017971	715	10
ZMAT4	3.6633	4.3728	5.1745	0.0067254	716	10
NME9	4.4236	4.3688	4.3477	0.018332	717	10
SERPINI2	4.5121	4.3666	4.2379	0.017501	718	10
LINC00484	4.4452	4.3662	4.2379	0.015673	719	10
PHF20L1	4.5767	4.3653	4.1374	0.01129	720	10
METTL13	4.3033	4.3649	4.4457	0.016176	721	10
HES4	4.4399	4.3639	4.3469	0.0085964	722	10
PSD3	4.4543	4.3628	4.3354	0.010837	723	10
CITED4	4.3774	4.3624	4.3468	0.020031	724	10
RAD23B	4.5307	4.3619		0.016186	725	10
RTN3	4.6096	4.3618	4.0251	0.018227	726	10
LOC105376360	4.3728	4.3565	4.3199	0.018449	727	10
ADCK2	4.5979	4.3553	4.0743	0.017773	728	10
SCAND1	4.5028	4.354		0.015804	729	10
FIP1L1	4.444	4.3506	4.3763	0.011954	730	10
ASXL3	4.5165	4.3497	4.2161	0.013717	731	10
PCDHB10	4.2845	4.3422	4.371	0.0090713	732	10
FMN1	3.8655	4.3414	5.0285	0.0079007	733	10
C19orf47	4.3914	4.3381		0.019795	734	10
BEND5	4.4051	4.3353	4.2615	0.019612	735	10
UBE3D	4.7054	4.335	3.9164	0.01148	736	10
LINC01197	4.7465	4.3338	3.7601	0.0076344	737	10
AP3B2	4.4798	4.3284	4.1437	0.01587	738	10
ANO3	4.7739	4.3251	3.7496	0.0086586	739	10
HACE1	4.3194	4.3238		0.018374	740	10
AP3M2	4.5543	4.3224	3.9935	0.013266	741	10
NOS2	4.2953	4.3194	4.3644	0.016942	742	10
SLC16A14	4.3965	4.3176		0.018137	743	10
FIGNL2	4.4485	4.317	4.263	0.013421	744	10
RBP4	4.2785	4.3154	4.5631	0.0078497	745	10
FOXRED2	4.3602	4.3147	4.382	0.013994	746	10
LOR	4.5959	4.3141	4.0048	0.010648	747	10
AIG1	4.3582	4.3141	4.2659	0.016011	748	10
CRLF1	4.6304	4.312	3.8876	0.01423	749	10
TRAPPC5	4.5504	4.3092	4.0288	0.01475	750	10
GRWD1	4.3341	4.3077	4.3373	0.013928	751	10
C1QL3	4.5725	4.3065	3.9282	0.0099591	752	10
ZNF212	4.2574	4.3005		0.011283	753	10
DNMT3B	4.3503	4.2997		0.018791	754	10
FAM174B	4.4848	4.2965	4.0715	0.016609	755	10
DACH1	4.3354	4.2962	4.2345	0.017814	756	10
ASB6	4.4512	4.2945	4.0794	0.018519	757	10
LOC440934	4.4785	4.2914	4.0147	0.0068082	758	10
TMEM106C	4.3349	4.2903	4.386	0.010026	759	10
METTL21A	4.2723	4.2887	4.3915	0.010433	760	10
VPS18	4.3887	4.2886	4.1622	0.018131	761	10
CLSTN1	4.3385	4.2845		0.018131	762	10
RXFP1	4.4006	4.2807	4.0926	0.019549	763	10
ENTPD6	4.4758	4.2748	4.0652	0.015563	764	10
TUBB2A	4.5876	4.2735	3.8236	0.0074293	765	10
EXTL1	4.2716	4.2732	4.3035	0.015529	766	10
DPP10-AS1	4.4105	4.2682	4.1498	0.012045	767	10
BAD	4.3708	4.2663	4.138	0.015589	768	10
PCDH20	4.4461	4.2644	3.9751	0.012922	769	10
DCLRE1A	3.9607	4.2605	4.6272	0.00868	770	10
PPARGC1B	3.7649	4.2577	4.8261	0.0091084	771	10
SYNM	4.3195	4.2539	4.1111	0.017922	772	10
NAPEPLD	4.1707	4.2529	4.3197	0.010006	773	10
THY1	4.4786	4.2525	3.9931	0.01804	774	10
NBEA	4.3695	4.2521		0.017709	775	10
NTN4	4.248	4.2514	4.3341	0.016124	776	10
ZBTB21	3.9504	4.2506	4.3266	0.0078717	777	10
TMSB10	4.6701	4.2495	3.6692	0.0056384	778	10
SLC7A4	4.3807	4.2462	4.1406	0.010009	779	10
NT5DC3	4.5072	4.2428	3.8352	0.0069652	780	10
RFX3	4.3708	4.2421	4.1872	0.018153	781	10
PDGFB	4.4413	4.2394	4.1157	0.0099915	782	10
HMGCR	4.3152	4.2387	4.1672	0.013565	783	10
ATP6AP1	4.4801	4.2386	3.9302	0.017844	784	10
SLITRK1	4.3773	4.2342	4.0633	0.016428	785	10
LY6E	4.4361	4.2326	3.9491	0.014116	786	10
AVL9	4.413	4.2325	4.0713	0.011737	787	10
CBLN2	4.3021	4.2291	4.1152	0.020542	788	10
DNAJC13	4.3845	4.2223		0.015821	789	10
PPIEL	3.8026	4.2175	4.7122	0.0076721	790	10
ZNF671	4.1758	4.2153	4.2658	0.015444	791	10
NUDT14	4.4583	4.2059	3.8744	0.0098511	792	10
MB21D2	4.2481	4.2059	4.1451	0.017477	793	10
CDIPT	4.356	4.2034	3.9719	0.019822	794	10
KLHDC3	4.1942	4.2014		0.016396	795	10
SIPA1L1	4.186	4.1992	4.1993	0.016345	796	10
IL12RB2	4.3928	4.1985	3.9796	0.011521	797	10
C1R	4.2791	4.1966	4.186	0.01285	798	10
ZC3H6	3.925	4.1963	4.3534	0.010728	799	10
MAGEH1	4.2653	4.1931	4.198	0.0095515	800	10
RAB3GAP1	4.4213	4.1917	3.9281	0.010873	801	10
HPCA	4.2803	4.1892	4.199	0.015639	802	10
CORO1A	4.3718	4.1892	3.9724	0.0093345	803	10
FMR1	4.0769	4.1891	4.3414	0.012089	804	10
SKAP2	4.6868	4.1857	3.5768	0.0089701	805	10
PDK2	4.6343	4.1831	3.6457	0.010377	806	10
VIP	4.309	4.1822	4.0873	0.018844	807	10
RFX8	3.7407	4.1819	4.6599	0.0081012	808	10
GSS	4.375	4.1817	3.9717	0.012739	809	10
RAB39B	4.4269	4.1815	3.9445	0.016981	810	10
PCDHB6	4.083	4.1811	4.3014	0.014841	811	10
RBM12	4.1767	4.1803		0.018946	812	10
CACNG3	4.4972	4.1798	3.8512	0.0087129	813	10
NEPRO	4.5385	4.1789	3.7345	0.011299	814	10
ME3	4.5377	4.178	3.7489	0.010062	815	10
EEA1	4.31	4.1733		0.016531	816	10
SYT4	4.3255	4.1723	3.9277	0.018415	817	10
LOC641367	4.2019	4.1686	4.0658	0.015606	818	10
SHROOM2	3.8604	4.1674	4.5268	0.010882	819	10
CNTN1	4.2873	4.1672	4.0458	0.010303	820	10
ZBTB16	3.9471	4.1621	4.4049	0.0073203	821	10
DPM2	4.3762	4.1618		0.015882	822	10
MYH7	4.2588	4.1603	4.0901	0.012965	823	10
TICAM1	3.9073	4.1555	4.47	0.011287	824	10
B3GNT2	4.3935	4.1549	3.8034	0.012199	825	10
TWIST2	4.485	4.1546	3.7179	0.010143	826	10
MTA3	4.2715	4.1541	4.1566	0.0092912	827	10
RNF38	4.3786	4.1541		0.018485	828	10
NCAPH2	4.366	4.154	3.9309	0.014214	829	10
MAPK8IP2	4.5015	4.1515		0.011854	830	10
GADD45GIP1	4.4872	4.1513	3.7766	0.011037	831	10
GORAB	4.2336	4.151		0.01615	832	10
TMTC3	4.3213	4.1501	3.965	0.017962	833	10
ZNF439	4.3688	4.1487		0.016554	834	10
DUSP2	4.3022	4.1478	3.9314	0.019975	835	10
EXOC6	4.2525	4.1469	4.0872	0.011464	836	10
SLC25A41	4.2202	4.1466	4.0938	0.012483	837	10
NCKAP1	4.3661	4.1443	3.8379	0.013438	838	10
RARA	3.9912	4.1417	4.3822	0.011016	839	10
CYP46A1	4.3712	4.1379	3.8278	0.011492	840	10
RIC8A	4.1594	4.1365	4.2545	0.0073322	841	10
MORN3	4.1748	4.1334	4.1159	0.016271	842	10
PPP2R2D	3.9381	4.1331	4.1403	0.0066126	843	10
HMGCS1	4.4479	4.1303	3.7311	0.010264	844	10
ITFG1	4.257	4.1291	3.9841	0.015594	845	10
CANX	4.2193	4.1287	4.1024	0.0087141	846	10
DNAH7	4.2946	4.1282	3.9482	0.01297	847	10
FNIP2	4.317	4.1258	3.8938	0.016507	848	10
NAA30	4.7064	4.124	3.4527	0.0072423	849	10
ARPP19	4.2861	4.1222	3.9079	0.013214	850	10
DCTPP1	4.4148	4.1195	3.7263	0.013424	851	10
RPRML	4.1623	4.119	4.0178	0.016073	852	10
RTL8C	4.4471	4.1156	3.7546	0.011821	853	10
DLK2	4.3007	4.1115	3.8212	0.013843	854	10
TNFAIP1	4.0346	4.111	4.2646	0.010438	855	10
MORN4	4.3152	4.1105	3.971	0.0091086	856	10
LOC100506271	4.2753	4.1059	3.9562	0.01086	857	10
LINC00473	4.0773	4.1057	3.9905	0.010293	858	10
GLCE	4.2813	4.1057	3.8777	0.014813	859	10
MAP3K13	3.4853	4.1051	4.6378	0.0053913	860	10
COQ9	4.3491	4.1046		0.012525	861	10
NUP85	4.1962	4.1045	3.9734	0.016191	862	10
BRF2	4.3961	4.1002		0.013217	863	10
RAB6B	4.3536	4.0993	3.7701	0.012436	864	10
COL26A1	4.1428	4.0988		0.016422	865	10
SEZ6L2	4.0428	4.0976		0.014936	866	10
KIAA1024	4.2439	4.0931	3.9867	0.010321	867	10
SNX32	4.3113	4.0911		0.013472	868	10
TNFRSF4	4.2266	4.0909	4.0531	0.015574	869	10
C4orf45	4.1971	4.0892	4.0082	0.012369	870	10
DKFZP586I1420	4.1816	4.0888	4.0325	0.015554	871	10
EMG1	4.5797	4.0879	3.3453	0.0057031	872	10
RCSD1	4.2534	4.086	4.0104	0.014103	873	10
KCNB2	4.2491	4.0848	4.0145	0.018291	874	10
CPNE9	3.5671	4.0793	4.518	0.0073035	875	10
PTH2R	4.0386	4.0792	4.1367	0.014134	876	10
NMT2	4.1005	4.0746		0.017264	877	10
A1BG-AS1	4.2484	4.0739	3.8399	0.018977	878	10
F8	4.1692	4.0712	4.0597	0.015839	879	10
MAPK11	4.3313	4.0708	3.7894	0.01328	880	10
SUSD5	4.0584	4.0698	4.1238	0.017021	881	10
AKAP11	4.2513	4.0677		0.016314	882	10
KCNB1	3.4486	4.0646	4.8817	0.0069576	883	10
MARCH6	3.798	4.0612	4.3637	0.01048	884	10
NAV3	4.1449	4.0598	4.038	0.011232	885	10
GFOD2	4.0793	4.0585	4.0046	0.018252	886	10
FARS2	4.1837	4.0579		0.014903	887	10
STBD1	4.2056	4.0573	3.8682	0.018384	888	10
CHRM1	4.0121	4.0554	4.0771	0.013505	889	10
BTBD10	4.2412	4.0527	3.7797	0.016483	890	10
GALNT9	4.0689	4.0512		0.019478	891	10
BRK1	4.3918	4.05	3.6069	0.012028	892	10
ITGA9	4.1469	4.047		0.014327	893.5	10
ZNF7	3.9891	4.047	4.0808	0.010605	893.5	10
SPCS3	4.2227	4.0456	3.8106	0.017652	895	10
TOLLIP	4.3905	4.0441	3.5997	0.012522	896	10
SLC26A4	4.2088	4.0438	3.8117	0.0122	897	10
RAN	4.1919	4.041	3.892	0.0092646	898	10
TRIM45	4.1908	4.0392		0.017123	899	10
ABLIM3	4.1215	4.0351	3.9585	0.0081568	900	10
TMEM150C	4.2484	4.0338	3.8239	0.012807	901	10
RNF220	3.8989	4.0321	4.211	0.013127	902	10
BAIAP3	4.046	4.0293	4.1557	0.010002	903	10
PMM1	4.5057	4.029	3.4311	0.0095392	904	10
NR2F6	4.0492	4.0273		0.014817	905	10
KNTC1	4.2038	4.0258		0.016753	906	10
RMDN2	4.0513	4.0228	4.0431	0.014279	907	10
MICAL2	3.8932	4.0176	4.1238	0.01053	908	10
PAK1	4.2604	4.0165	3.7879	0.014493	909	10
WDR54	4.2769	4.01	3.6662	0.010887	910	10
CAND2	4.1424	4.0089		0.019488	911	10
SMARCA5	3.58	4.0086	4.5776	0.0091375	912	10
ZNF483	4.1593	4.0076		0.020001	913	10
VEZT	4.0605	3.9999	4.0124	0.011442	914	10
TM6SF1	4.0614	3.9966	3.9506	0.019214	915	10
GALNTL5	4.1276	3.9948	3.7849	0.0165	916	10
C12orf43	4.0262	3.9934		0.019461	917	10
FAM173A	4.1154	3.9931	3.8563	0.016216	918	10
PDIA2	3.7824	3.9849	4.12	0.012183	919	10
RTN4R	4.0223	3.9842	3.9387	0.017846	920	10
ZKSCAN2	4.0639	3.9804		0.018307	921	10
NAP1L3	3.9534	3.9799	3.93	0.016282	922	10
APEX2	4.2186	3.9777	3.7211	0.012995	923	10
SMG8	4.2934	3.9775		0.011867	924	10
TBL2	4.2275	3.9756		0.012936	925	10
ZBTB24	4.0438	3.971	3.938	0.015641	926	10
NORAD	4.2129	3.9709		0.013284	927	10
LOC730098	3.9022	3.9704	4.0744	0.012871	928	10
NUDCD1	4.107	3.9701		0.013803	929	10
COG5	4.2392	3.9699	3.6566	0.010869	930	10
CLDN12	3.9003	3.9665		0.012376	931	10
DOPEY1	4.002	3.9664	3.894	0.01725	932	10
ZNF425	4.0084	3.9635		0.014061	933	10
TOMM40L	3.919	3.9598		0.016685	934	10
HINFP	3.8716	3.9598		0.011742	935	10
JAG2	4.1327	3.9592		0.016494	936	10
SHISAL1	3.9494	3.9562	4.1482	0.0071478	937	10
EML6	3.9095	3.953	4.0827	0.011752	938	10
NDFIP1	4.1304	3.9465	3.7488	0.013834	939	10
DDX10	4.0986	3.9459	3.7268	0.015553	940	10
ARL4C	3.8329	3.943	4.0312	0.01196	941	10
TMEM160	4.0199	3.9396	3.8804	0.014931	942	10
CABYR	4.257	3.9382	3.571	0.013962	943	10
PCDHB9	3.9546	3.9375	3.9662	0.017544	944	10
ANKLE2	4.0829	3.9371	3.793	0.010677	945	10
DPYSL4	4.021	3.9339	3.851	0.015614	946	10
ALDH3A2	4.1011	3.9299	3.7358	0.014665	947	10
CRLF3	4.002	3.9256	3.9162	0.01488	948	10
GCNT4	3.8585	3.9238		0.0094708	949	10
CLP1	3.8351	3.9215	4.0503	0.013827	950	10
PPP4R4	3.9321	3.9211	4.1024	0.0055821	951	10
CCSER1	3.8432	3.9182	4.0275	0.0087832	952	10
CHD6	3.4487	3.9172	4.2856	0.0060851	953	10
STRIP1	3.9998	3.9171	3.8585	0.015065	954	10
CEP290	4.0138	3.9166	3.8475	0.013844	955	10
NDUFC2	4.0248	3.9141	3.8257	0.0063253	956	10
ZNF550	3.8786	3.9136		0.015381	957	10
NICN1	4.0662	3.9135	3.7458	0.014476	958	10
BTBD1	4.07	3.9118		0.013114	959	10
ATG5	3.9734	3.9058	3.8319	0.0194	960	10
TERF2IP	3.9859	3.9049	3.8193	0.016289	961	10
ZNF567	3.6788	3.9041	4.2023	0.0097676	962	10
GCFC2	3.9917	3.904		0.017282	963	10
FAM187A	4.1439	3.9027	3.7047	0.01024	964	10
EML1	3.9676	3.9011		0.018552	965	10
UTP4	3.923	3.8997		0.017193	966	10
SYT11	4.1223	3.8996		0.017396	967	10
DNAJC2	4.4046	3.8995	3.3079	0.0096794	968	10
CLIP1	3.9883	3.8994		0.017021	969	10
B4GAT1	4.0251	3.898	3.716	0.013435	970	10
APEH	4.0912	3.8953	3.6462	0.015471	971	10
ZNF879	3.7871	3.8953	4.0103	0.011778	972	10
L3MBTL4	4.0508	3.8948	3.7975	0.013341	973	10
PHLDA2	3.9368	3.8943	3.8289	0.017738	974	10
ACTC1	4.046	3.8939	3.66	0.013898	975	10
HPS4	4.1269	3.8931		0.012665	976	10
SYNGR1	4.0069	3.8918		0.018859	977	10
RASAL1	3.9671	3.8874	3.8416	0.0098429	978	10
TBC1D22A	4.1107	3.8849	3.6882	0.010222	979	10
ASAP1	4.0027	3.8807	3.8232	0.014905	980	10
NF1	4.0341	3.8789		0.016439	981	10
BAALC	4.1489	3.8773	3.6751	0.013906	982	10
GLT1D1	3.9936	3.8773		0.02046	983	10
PRDM12	4.2763	3.8771		0.010929	984	10
TMEM56	3.8975	3.8721		0.016007	985	10
PRAP1	3.9979	3.8693	3.6667	0.014866	986	10
PCDHAC2	3.9511	3.869		0.017867	987	10
KLK10	4.3043	3.8686	3.2991	0.0069111	988	10
SHROOM3	3.9776	3.868	3.7986	0.018584	989	10
ZNF233	4.0881	3.8674	3.6543	0.014983	990	10
CDC42EP3	3.7174	3.8653	3.9498	0.0081926	991	10
LOC440084	3.9176	3.8631	3.8063	0.019753	992	10
PREPL	3.7902	3.8603	3.9065	0.015417	993	10
SUPT5H	3.982	3.859		0.020012	994	10
TMEM53	4.1449	3.8586	3.5511	0.011011	995	10
GABBR1	4.093	3.8585	3.5609	0.0054946	996	10
MCTP2	3.9138	3.8566	3.8127	0.017508	997	10
GRM3	4.0952	3.8497	3.5196	0.01303	998	10
ADAMTS19	3.9306	3.848	3.8099	0.01162	999	10
GABRG2	3.6976	3.8479	4.022	0.013099	1000	10
TEX29	3.8401	3.8475	3.8729	0.017851	1001	10
NTRK3	4.0453	3.8463	3.5885	0.013656	1002	10
INAFM2	3.8834	3.8447		0.01204	1003	10
MARF1	3.7889	3.8439	3.9526	0.016161	1004	10
SSTR1	3.8491	3.8433	4.0188	0.0058371	1005	10
ARL6	3.8853	3.8418		0.016401	1006	10
RETREG2	3.9438	3.84		0.019114	1007	10
COPRS	4.1418	3.8392		0.0080628	1008	10
CRY2	3.862	3.8277	3.8206	0.017907	1009	10
FSTL5	4.0121	3.8262	3.6014	0.011562	1010	10
TRPV2	4.1418	3.826	3.474	0.012436	1011	10
TSSC4	3.8768	3.8227	3.7582	0.014473	1012	10
HLF	3.7754	3.8218	3.8509	0.015567	1013	10
SYT10	3.8792	3.8214	3.7294	0.016288	1014	10
KCNA5	3.8874	3.8199	3.8067	0.010587	1015	10
PAIP1	3.4416	3.8125	4.1491	0.0092386	1016	10
ZNF239	3.951	3.8095		0.011988	1017	10
CUL3	3.5182	3.8047	4.139	0.010637	1018	10
NHLRC3	3.8439	3.8033	3.7526	0.016383	1019	10
SIRT3	4.0398	3.8016	3.5789	0.013335	1020	10
TMEM33	3.8849	3.8015		0.017561	1021	10
ZNF704	3.8316	3.7994		0.016868	1022	10
CFAP52	4.0806	3.7984	3.418	0.01293	1023	10
ADAM20P1	3.7846	3.7983	3.8044	0.0096465	1024	10
WNT10B	3.8129	3.7956	3.8781	0.0064333	1025	10
CAPS2	3.8076	3.7952	3.8653	0.015776	1026	10
YIPF2	3.851	3.7946		0.017629	1027	10
ATG2A	3.938	3.7935		0.014985	1028	10
ORC6	4.2059	3.7928	3.2779	0.0089219	1029	10
KCNH1	3.4418	3.7874	4.1663	0.0088865	1030	10
DCLK2	4.5362	3.7824	2.9406	0.0061232	1031	10
TYRO3	3.9112	3.7776	3.7314	0.011735	1032	10
PKNOX2	3.5252	3.7761	3.8306	0.0072622	1033	10
LARGE1	3.9173	3.7761	3.5147	0.0053362	1034	10
LYZL4	4.2019	3.7759	3.2452	0.0097688	1035	10
MAFB	3.5272	3.7753	4.0337	0.0099489	1036	10
CIB1	3.9276	3.7749	3.6057	0.0087311	1037	10
BABAM2	4.3725	3.7745	3.0585	0.0069491	1038	10
HNRNPUL2	3.5169	3.7735	4.1311	0.010227	1039	10
AKIRIN2	4.035	3.7717	3.4966	0.0078797	1040	10
SATL1	3.9661	3.77		0.016808	1041	10
PCDH19	3.8504	3.7682	3.766	0.011149	1042	10
QPCT	3.6535	3.7667	3.8941	0.012675	1043	10
FAM110C	3.8065	3.7641	3.8397	0.010863	1044	10
BEX5	3.7465	3.7634		0.015721	1045	10
EGR2	3.7318	3.7627		0.016607	1046	10
MKRN2	3.6008	3.758	3.9157	0.011643	1047	10
SCAPER	3.8338	3.756	3.7813	0.0093755	1048	10
CHRNA2	3.6641	3.7521	3.8308	0.012865	1049	10
ECT2	3.893	3.7495		0.01615	1050	10
POLD3	3.7013	3.7483	3.8217	0.0089565	1051	10
REEP5	3.6475	3.747	3.826	0.012808	1052	10
GDA	3.8342	3.7445	3.6497	0.0071549	1053	10
PRICKLE2	3.9041	3.7434	3.6691	0.012784	1054	10
GHDC	3.5904	3.7418	3.9476	0.011807	1055	10
MXRA7	3.8392	3.7414	3.5898	0.019014	1056	10
ZNF26	3.8854	3.7391	3.6328	0.016575	1057	10
COL4A3BP	3.8424	3.7344	3.5813	0.017348	1058	10
SNX16	3.688	3.7306		0.015778	1059	10
ADNP	3.7671	3.7226		0.018318	1060	10
TEX30	3.737	3.7222	3.7068	0.018527	1061	10
RABEPK	3.7128	3.7222	3.7502	0.016556	1062	10
SLC35A2	4.0138	3.722	3.3881	0.013287	1063	10
GOLGB1	3.8711	3.7157	3.5421	0.0094677	1064	10
RAB33A	3.8292	3.712	3.5176	0.016841	1065	10
LINC01140	4.0362	3.7117	3.2774	0.010043	1066	10
PJA1	3.8444	3.703	3.5658	0.0099493	1067	10
SLF1	3.7019	3.7013	3.6987	0.018986	1068	10
LOC646903	3.7093	3.6984		0.018305	1069	10
SACM1L	3.5319	3.6964	3.9154	0.0094945	1070	10
MESP1	3.7828	3.696	3.7361	0.0083497	1071	10
TOM1L1	3.8775	3.6933	3.4485	0.0078476	1072	10
TSPYL2	3.7127	3.6885	3.6542	0.019721	1073	10
SAE1	3.6933	3.6884	3.7064	0.015987	1074	10
SMPD2	3.922	3.685	3.497	0.013335	1075	10
B4GALT3	3.7605	3.6846	3.7001	0.0098665	1076	10
ESS2	3.756	3.6844		0.016395	1077	10
CHRNA7	3.9003	3.6829		0.017072	1078	10
TMEM59L	3.9577	3.6816	3.3237	0.012365	1079	10
COL5A2	3.7215	3.6808	3.6454	0.020095	1080	10
CCDC174	3.6424	3.6804		0.012028	1081	10
LDB2	3.5595	3.6785	3.8374	0.012026	1082	10
NAPB	3.8361	3.6782		0.017914	1083	10
SLC30A4	3.6098	3.6745	3.7105	0.013217	1084	10
CEBPB	3.5617	3.6732		0.013896	1085	10
MAOB	3.736	3.673	3.6705	0.0086921	1086	10
LINC01963	3.7421	3.6704	3.58	0.019588	1087	10
PITHD1	3.8863	3.6693		0.012296	1088	10
KLK5	3.9289	3.6677	3.3767	0.0080667	1089	10
MYCBP2	3.778	3.6666		0.015527	1090	10
PDK3	3.745	3.6665	3.5558	0.018703	1091	10
GABRA3	3.9579	3.6655	3.2771	0.0080439	1092	10
SEC16A	3.6473	3.6633		0.014408	1093	10
CDKN2D	3.8134	3.6628	3.5952	0.0079869	1094	10
LZTFL1	3.7114	3.6617	3.5969	0.0173	1095	10
DUSP28	3.9413	3.6609		0.011706	1096	10
CDH8	3.7521	3.6586	3.661	0.011223	1097	10
SLC6A20	3.7582	3.658		0.014962	1098	10
LNPK	3.8909	3.658	3.4385	0.012957	1099	10
FAM122A	3.7138	3.6573		0.015377	1100	10
AVPI1	3.4303	3.6568	3.9458	0.011186	1101	10
STXBP6	3.8441	3.6555	3.4199	0.01492	1102	10
DCAKD	3.7576	3.6549	3.6357	0.0080043	1103	10
ZNF133	3.5708	3.6548	3.6289	0.011276	1104	10
MYDGF	4.0745	3.6535	3.0246	0.0057772	1105	10
COL11A1	3.9394	3.65	3.2727	0.012533	1106	10
PSMG3	3.5796	3.6463	3.7269	0.013813	1107	10
CHST1	3.7684	3.6414	3.5523	0.0081552	1108	10
SLC37A3	3.6133	3.6404		0.015606	1109	10
BMPER	3.6167	3.6404		0.014837	1110	10
KLHDC8B	3.7099	3.6396	3.6428	0.0076809	1111	10
RNF2	3.7776	3.6394	3.5416	0.011163	1112	10
HDC	3.6876	3.6392	3.628	0.012377	1113	10
CLK4	3.3346	3.6389	3.749	0.0061194	1114	10
PRKCE	3.4598	3.638	3.7615	0.0085988	1115	10
CLCN6	3.74	3.6378	3.5095	0.01697	1116	10
TSPAN5	3.6346	3.6371	3.6581	0.014544	1117	10
PDE4C	3.738	3.637	3.4893	0.016627	1118	10
SMG7	3.6435	3.6344		0.012261	1119	10
UQCC3	3.9919	3.6332		0.010502	1120	10
TERF2	3.7342	3.6315	3.5132	0.01669	1121	10
CACNA2D3	3.3965	3.63	3.9099	0.0096674	1122	10
RABGAP1L	3.7436	3.6285	3.4926	0.017566	1123	10
PCDHB17P	3.7133	3.6278		0.015764	1124	10
SNTB2	3.7089	3.6261	3.491	0.01689	1125	10
RABIF	3.8001	3.6254	3.4466	0.012946	1126	10
FRS3	3.7079	3.625	3.5352	0.018116	1127	10
DACH2	3.9094	3.6236	3.2703	0.0069398	1128	10
SLC39A3	3.8578	3.6225	3.3633	0.015517	1129	10
KCTD2	3.7363	3.6222		0.013615	1130	10
OSR1	3.8354	3.621	3.3513	0.011274	1131	10
USP30	3.6347	3.6192	3.6023	0.015153	1132	10
CDKL5	3.605	3.619	3.6091	0.016602	1133	10
BTRC	3.894	3.6164	3.2644	0.011006	1134	10
ZNF613	3.7271	3.6129		0.016407	1135	10
CCDC9	3.6412	3.6121		0.014876	1136	10
PYGO2	3.686	3.6088	3.5455	0.014623	1137	10
EGFL7	3.5938	3.6061	3.6347	0.015402	1138	10
SCYL1	3.6221	3.6059		0.013917	1139	10
SOCS5	3.4554	3.6046	3.6495	0.0069926	1140	10
YBX2	3.7015	3.6045	3.5699	0.015602	1141	10
CIT	3.3435	3.6044	3.7061	0.0072116	1142	10
ILF2	3.8464	3.6022		0.012464	1143	10
IPO5	3.5877	3.6006	3.5678	0.014299	1144	10
CPNE5	3.7432	3.5997	3.443	0.012663	1145	10
OTUD6B-AS1	3.3699	3.5992	3.8064	0.010105	1146	10
GPATCH2L	3.3901	3.5981		0.0098953	1147	10
ZMIZ1	3.6214	3.5978	3.5621	0.014242	1148	10
CSTF1	3.7934	3.5976	3.3587	0.012488	1149	10
CD53	3.8048	3.597	3.4466	0.013394	1150	10
SLC22A18	3.6884	3.5969	3.4695	0.018095	1151	10
PARD6B	3.2018	3.5947	4.0787	0.0084583	1152	10
SLIT1	3.7164	3.5922	3.4583	0.0063852	1153	10
ABRAXAS2	3.7357	3.5915		0.015127	1154	10
RNF40	3.7125	3.5911		0.013911	1155	10
PTK2B	3.5953	3.5909		0.013368	1156	10
WDR24	3.6303	3.5905		0.017454	1157	10
CCNL2	3.7311	3.5904	3.3736	0.018576	1158	10
HECTD4	3.7858	3.589		0.013777	1159	10
DOCK4	3.7239	3.5868	3.5217	0.016647	1160	10
VIT	3.7573	3.5854	3.3268	0.015378	1161	10
DAAM1	3.6105	3.5808		0.015974	1162	10
LYPD8	4.1285	3.5769	2.8932	0.0054361	1163	10
PCDHB4	3.6252	3.5768	3.5299	0.0145	1164	10
MPPED1	3.647	3.5759	3.4783	0.01863	1165	10
ZNF248	3.3632	3.5748	3.7157	0.010356	1166	10
WDR18	3.547	3.5721		0.014981	1167	10
GPRIN2	3.8425	3.5685	3.1835	0.0076832	1168	10
ACSL4	3.6866	3.568	3.4741	0.012079	1169	10
MYB	3.822	3.5666	3.3356	0.0072951	1170	10
NRG3	3.6099	3.5665		0.018512	1171	10
ASMTL	3.6569	3.564	3.473	0.015604	1172	10
SNX10	3.7474	3.5621	3.3345	0.014541	1173	10
CYP4Z1	3.6842	3.5606	3.4527	0.010734	1174	10
EFNB3	3.5897	3.5591	3.6713	0.0068111	1175	10
SHISA8	3.5652	3.5569	3.5507	0.018307	1176	10
ZBTB45	3.5624	3.553		0.017074	1177	10
RABGEF1	3.2689	3.5472	3.8621	0.0095807	1178	10
IFIT1	3.634	3.5454	3.4373	0.017828	1179	10
EARS2	3.7163	3.5453	3.4873	0.010707	1180	10
DHX36	3.6191	3.545		0.015949	1181	10
PPP3CB	3.6874	3.5426	3.3659	0.014294	1182	10
FEM1C	3.535	3.5395		0.012593	1183	10
ABCB6	3.7651	3.5391	3.2503	0.014837	1184	10
STXBP5L	3.3106	3.5381	3.8234	0.0085153	1185	10
CHMP4B	3.7646	3.5378	3.2303	0.012626	1186	10
DTX3	3.2413	3.5373	3.7693	0.0082438	1187	10
SENP2	3.7521	3.5351	3.2603	0.01478	1188	10
COMTD1	3.6374	3.534	3.3869	0.015552	1189	10
MNAT1	3.4865	3.5338		0.014014	1190	10
CACNA1B	3.5497	3.5316	3.4944	0.015972	1191	10
BBS10	3.5237	3.5309	3.5334	0.014996	1192	10
CREB3L3	3.5902	3.53	3.4588	0.017554	1193	10
ERCC6L2	3.7145	3.5293	3.3575	0.011117	1194	10
MFSD4A	3.7006	3.5236	3.3341	0.013407	1195	10
PIP5K1B	3.4968	3.5231	3.6045	0.014321	1196	10
OPA1	3.7178	3.5221		0.016359	1197	10
CEP41	3.5573	3.5214		0.011544	1198	10
PFN2	3.7726	3.5208	3.229	0.012632	1199	10
ZNF544	3.6109	3.5172	3.4947	0.011403	1200	10
NRAV	3.5463	3.5122		0.014455	1201	10
GPM6A	3.5808	3.5121	3.5082	0.012392	1202	9
AKAP8	3.7266	3.5117	3.226	0.014633	1203	9
TCEA2	3.6474	3.5117		0.018002	1204	9
ZMAT2	3.7979	3.5103	3.1615	0.0079012	1205	9
NELL2	3.6131	3.5089	3.4099	0.015955	1206	9
NOVA2	3.6306	3.5085	3.4558	0.0083474	1207	9
GFER	3.6037	3.5067		0.016316	1208	9
SIPA1L2	3.309	3.5063	3.7312	0.010741	1209	9
IGSF21	3.5823	3.5051	3.4013	0.018748	1210	9
PYDC2	3.5361	3.5034	3.4703	0.017262	1211	9
FXYD7	3.462	3.5024	3.5459	0.012895	1212	9
HECTD2	3.5948	3.5015	3.4867	0.012228	1213	9
EPM2AIP1	3.2965	3.5002	3.5909	0.011066	1214	9
TEDC2	3.389	3.498	3.5976	0.010933	1215	9
ZNF354A	3.6386	3.4962		0.016005	1216	9
SYNPO2	3.4606	3.4899	3.5924	0.010522	1217	9
SLCO2A1	3.5611	3.4887	3.3742	0.018182	1218	9
OLFM4	3.5396	3.4877	3.4529	0.019436	1219	9
SMAD3	3.8851	3.4869	3.0069	0.0083889	1220	9
CMTM4	3.574	3.48	3.4777	0.0095031	1221	9
MANBAL	3.6159	3.4777		0.015684	1222	9
LINC01750	3.6955	3.4766	3.2606	0.01074	1223	9
NUDT10	3.8421	3.4745	3.0101	0.0090332	1224	9
TVP23A	3.7723	3.474	3.1623	0.010591	1225	9
MIR7-3HG	3.8003	3.4728	3.058	0.010999	1226	9
ZFP2	3.617	3.4721		0.017441	1227	9
TRMT10C	3.588	3.4715	3.3128	0.018198	1228	9
OPTN	3.7506	3.4712	3.1142	0.010877	1229	9
PNMA8B	3.536	3.4681	3.356	0.014748	1230	9
SLITRK2	3.8072	3.4651	3.0577	0.011539	1231	9
ATP6V0B	3.5726	3.465		0.015994	1232	9
LDHD	3.7662	3.462	3.0241	0.0063283	1233	9
PABPC1L2A	3.5001	3.4615		0.017655	1234	9
L1CAM	3.5596	3.4594		0.01537	1235	9
LOC101928433	3.3334	3.4572	3.6136	0.0094451	1236	9
RHCG	3.6659	3.4558	3.1952	0.01525	1237	9
PCMTD2	3.5425	3.4554	3.3627	0.014802	1238	9
IL1RAPL1	3.5364	3.4545		0.01596	1239	9
KCNMB4	3.5791	3.4533	3.3579	0.0080519	1240	9
WISP2	3.5263	3.4517	3.4064	0.0141	1241	9
PPP1R32	4.1263	3.4494	2.6717	0.0056006	1242	9
LPCAT1	3.6902	3.4484	3.2085	0.0077153	1243	9
GATB	3.6717	3.4482	3.1452	0.014794	1244	9
SRP19	3.8091	3.4468	3.0654	0.01014	1245	9
VSNL1	3.4222	3.4466	3.4683	0.015743	1246	9
DGAT1	3.4554	3.4452		0.014676	1247	9
OCIAD1	3.6529	3.4445		0.015162	1248	9
METAP1	3.7023	3.4422	3.1411	0.013325	1249	9
PCYOX1L	3.5578	3.4417		0.020247	1250	9
RTN4RL2	3.782	3.4416	3.0274	0.010504	1251	9
ABHD12B	3.5483	3.441	3.3001	0.018456	1252	9
SEH1L	3.5606	3.4388	3.2991	0.014975	1253	9
TCAM1P	3.4814	3.4368	3.3931	0.016749	1254	9
RPH3AL	3.5599	3.4327	3.3043	0.014926	1255	9
ZNF304	3.3748	3.4326	3.5143	0.0089461	1256	9
LYST	3.0572	3.429	3.7353	0.0078573	1257	9
TMEM205	3.642	3.4289	3.1817	0.011555	1258	9
PAPOLG	3.3625	3.4253	3.4829	0.010256	1259	9
RTN4IP1	3.5069	3.4252		0.019152	1260	9
PAPD7	3.3145	3.416		0.010518	1261	9
TOMM20	3.5466	3.4131		0.015261	1262	9
ACOX3	3.47	3.4117	3.4	0.012191	1263	9
TRPC5	3.4673	3.4113		0.017204	1264	9
FEN1	3.5569	3.4109		0.014264	1265	9
HECW2	3.375	3.4064	3.3714	0.011274	1266	9
NOVA1	3.3567	3.4061	3.488	0.015648	1267	9
B3GNT4	3.6856	3.3969	3.0631	0.0099503	1268	9
SLC19A1	3.7201	3.3961	3.0315	0.0091106	1269	9
LRCH1	3.0205	3.3952	3.8684	0.007212	1270	9
EPHX4	3.2662	3.3948	3.5722	0.01215	1271	9
AK5	3.6215	3.3945	3.1441	0.010511	1272	9
TTLL12	3.431	3.3911	3.3996	0.01782	1273	9
BCKDK	3.6741	3.3908	3.0449	0.011071	1274	9
CALHM1	3.4841	3.3904	3.2843	0.016509	1275	9
DUSP27	3.5789	3.3902	3.15	0.014954	1276	9
BRMS1L	3.7859	3.3887	2.9303	0.0061993	1277	9
TMEM121B	3.3416	3.3886		0.011908	1278	9
PIP4K2C	3.3595	3.3874		0.015124	1279	9
VGF	3.4416	3.3874	3.3203	0.017113	1280	9
PIK3R4	3.2318	3.387	3.5625	0.0093205	1281	9
ATP2B4	3.4698	3.385	3.3954	0.0067877	1282	9
TRIM9	3.2001	3.3846	3.4636	0.0099508	1283	9
C12orf29	3.4646	3.3791		0.015373	1284	9
TARBP1	3.3579	3.3783	3.3816	0.015104	1285	9
ERLIN1	3.4593	3.3772	3.3578	0.011737	1286	9
B4GALT2	3.4471	3.3771	3.4031	0.0090298	1287	9
MAGEE1	3.5021	3.3762		0.015428	1288	9
TSTA3	3.4893	3.3752	3.2237	0.016594	1289	9
ZNF436-AS1	3.2981	3.3734	3.4747	0.012557	1290	9
USP32	3.4677	3.3726		0.013747	1291	9
AGPS	3.2942	3.372	3.4685	0.013005	1292	9
MAP10	3.3059	3.3713	3.4538	0.014379	1293	9
THAP7	3.321	3.3708		0.016873	1294	9
SCG3	3.6296	3.3669	3.009	0.0082873	1295	9
MRPL44	3.5825	3.3669		0.011689	1296	9
CCDC85B	3.5701	3.366		0.012471	1297	9
ELAVL2	3.4104	3.3655		0.017567	1298	9
ABHD14A	3.19	3.3653		0.010525	1299	9
GABBR2	3.3795	3.3646		0.013591	1300	9
SGSH	3.4382	3.3641	3.3612	0.0090837	1301	9
MND1	3.5103	3.364	3.2194	0.014311	1302	9
PPEF1	3.5733	3.3629	3.1178	0.0095452	1303	9
BDH1	3.2107	3.3611	3.5571	0.011619	1304	9
FAM49B	3.0081	3.3602	3.752	0.0074463	1305	9
APLP2	3.4705	3.3583	3.2143	0.019325	1306	9
RASGEF1C	3.5974	3.358	3.0483	0.0085369	1307	9
LRSAM1	3.4953	3.3576	3.1863	0.017387	1308	9
C3orf58	3.1193	3.3571	3.5477	0.0092655	1309	9
KCTD1	3.2278	3.3565	3.4831	0.010928	1310	9
PHF24	3.6078	3.3551	3.0891	0.01136	1311	9
UNC5D	3.369	3.3547	3.3454	0.016008	1312	9
OARD1	3.6293	3.3528	3.0503	0.0082567	1313	9
DPYS	3.3952	3.3503	3.2893	0.018123	1314	9
TBC1D1	3.0901	3.3483	3.6465	0.0092151	1315	9
RAB36	3.4279	3.3436	3.3351	0.0073501	1316	9
MYCBPAP	3.2704	3.3422		0.0099522	1317	9
RIPOR2	3.3514	3.34	3.4867	0.0049434	1318	9
SCML1	3.4573	3.3385		0.016454	1319	9
HDX	3.4016	3.3384		0.016699	1320	9
EXOC8	3.3401	3.3379		0.015027	1321	9
NEDD9	3.3189	3.3372	3.4234	0.014122	1322	9
PPFIBP1	3.3739	3.3345	3.3145	0.016737	1323	9
PTER	3.6839	3.3341	2.9142	0.0083054	1324	9
AURKAIP1	3.4084	3.3339		0.015462	1325	9
LOC101929552	3.4236	3.3331		0.015441	1326	9
WDR7	3.5306	3.3318	3.1021	0.015568	1327	9
CYP26A1	3.5292	3.33	3.0885	0.011762	1328	9
EBNA1BP2	3.5384	3.3262		0.013101	1329	9
MYO15A	2.9826	3.3227	3.7428	0.0086487	1330	9
TMEM117	3.5196	3.3225	3.0939	0.012568	1331	9
TMEM232	3.3484	3.3196		0.01762	1332	9
PMVK	3.4803	3.3185	3.1657	0.0067916	1333	9
TASP1	3.4211	3.3183	3.251	0.012307	1334	9
PROCA1	3.4753	3.3159	3.1473	0.01348	1335	9
MRPS30	2.9686	3.3156	3.7093	0.0067615	1336	9
TRIM24	3.4416	3.3144	3.1957	0.011837	1337	9
GRIK2	3.393	3.3132	3.2945	0.011126	1338	9
ZSCAN18	3.3821	3.3125	3.3187	0.0085384	1339	9
TMEM208	3.7316	3.3098	2.7057	0.0044285	1340	9
CREG2	3.5228	3.3095	3.0446	0.014477	1341	9
LANCL3	3.2099	3.3093	3.4159	0.012642	1342	9
PPP2R2A	3.3079	3.308	3.3309	0.01745	1343	9
RMI2	3.4255	3.3055	3.2515	0.010555	1344	9
UHRF2	3.3275	3.3029	3.2875	0.015626	1345	9
GPR22	3.2328	3.3009	3.4138	0.014317	1346	9
GPR63	3.2582	3.2989		0.015911	1347	9
ATP6V0C	3.4722	3.2982		0.015658	1348	9
DYNLT3	3.3144	3.2952	3.2635	0.017574	1349	9
PDE4D	3.2639	3.2944		0.012977	1350	9
BRD8	3.2471	3.2942	3.3206	0.014872	1351	9
FHL3	3.3137	3.2934		0.013998	1352	9
CAMK4	3.3351	3.2924	3.2749	0.015238	1353	9
KDELR3	3.4233	3.2906	3.0889	0.016671	1354	9
MARK1	3.3913	3.2897	3.209	0.013155	1355	9
TMEM186	3.5355	3.2875		0.012234	1356	9
PHYHIP	3.2564	3.2844	3.2897	0.012748	1357	9
ACTA1	3.4301	3.2821	3.0894	0.017835	1358	9
LOC646548	2.9872	3.2764	3.6292	0.0082324	1359	9
CDH22	3.4049	3.2756	3.1197	0.012671	1360	9
NPDC1	3.3774	3.2742	3.1803	0.013095	1361	9
SLC8A2	3.3539	3.2723	3.2286	0.012539	1362	9
DNAJB6	3.4107	3.2652		0.012551	1363	9
THRB	3.3434	3.2639	3.2501	0.010098	1364	9
PIDD1	3.016	3.2625	3.3898	0.0074857	1365	9
CABLES2	3.0639	3.2619	3.5363	0.0094407	1366	9
ZNF678	3.393	3.2615		0.010178	1367	9
NKD2	3.4827	3.2598	3.0307	0.0081665	1368	9
TTF2	3.4315	3.2578		0.013178	1369	9
LRRN3	2.9697	3.2567	3.5448	0.0063739	1370	9
MCUB	3.5343	3.2556	2.8676	0.0060695	1371	9
HRH2	3.0438	3.2556	3.4175	0.0082953	1372	9
GP9	3.3335	3.2554		0.015319	1373	9
CHRNA6	3.3467	3.2552		0.016042	1374	9
MGA	3.1232	3.2522	3.3022	0.0083189	1375	9
REC8	3.3895	3.25		0.015034	1376	9
AACS	3.3443	3.2476		0.018307	1377	9
YWHAB	3.3936	3.247	3.1376	0.011377	1378	9
NLE1	3.404	3.244	3.1025	0.0084665	1379	9
KPNA2	3.5962	3.2439	2.8097	0.010047	1380	9
TMEM155	3.2209	3.243	3.2684	0.015809	1381	9
BAAT	2.8952	3.2427	3.5505	0.0061543	1382	9
ATCAY	3.2621	3.2408		0.011535	1383	9
CLPB	3.4841	3.2404	2.9303	0.012749	1384	9
SLU7	3.144	3.2386	3.3514	0.013307	1385	9
PTPRO	3.3295	3.2386	3.1749	0.015254	1386	9
TMEM54	3.463	3.235	3.052	0.0084951	1387	9
AHRR	3.3396	3.2335	3.2107	0.0087979	1388	9
MLLT11	3.4822	3.2324		0.013105	1389	9
ODF2	2.8809	3.2315	3.5583	0.0071181	1390	9
CCDC110	3.3392	3.23	3.0847	0.017189	1391	9
MARC2	3.5096	3.229		0.0093734	1392	9
HACL1	3.1856	3.2279	3.3007	0.014976	1393	9
PRC1	3.0998	3.2246	3.3253	0.0086331	1394	9
FAM81A	3.197	3.2241	3.3032	0.0095448	1395	9
RDH12	3.2484	3.2235	3.2088	0.012114	1396	9
UBE2B	3.4272	3.2231	2.9773	0.0093379	1397	9
PLPP7	2.9928	3.223	3.5156	0.010005	1398	9
ADGRB3	3.3657	3.2214	3.0652	0.011527	1399	9
VPS35	3.3895	3.2214	3.0078	0.016321	1400	9
EXT1	3.2859	3.2214		0.016015	1401	9
CUL4A	3.5107	3.2198	2.8523	0.01144	1402	9
DRP2	3.0587	3.2178	3.3478	0.010163	1403	9
FLOT2	3.4211	3.2165	3.001	0.012495	1404	9
NHLRC1	3.47	3.216	2.9691	0.0071697	1405	9
CPTP	3.3501	3.2152		0.01386	1406	9
ARMC8	3.1727	3.2141	3.255	0.014866	1407	9
ELAVL4	3.0816	3.2129	3.3686	0.0081833	1408	9
ROBO2	3.4495	3.2126	2.9588	0.0097124	1409	9
KPNA4	3.4872	3.2112	2.9392	0.0093497	1410	9
PNMA6E	3.1345	3.2106		0.013712	1411	9
ADAM11	3.1665	3.2094		0.01353	1412	9
GDF10	3.3361	3.2047	3.0391	0.015285	1413	9
PRUNE2	3.2767	3.2028	3.1128	0.016659	1414	9
ZDHHC17	2.9708	3.2022	3.4322	0.0095754	1415	9
FAM217B	2.739	3.202	3.7577	0.0060308	1416	9
ELMOD2	2.9996	3.2012	3.4133	0.009215	1417	9
EIF3B	3.3526	3.2004		0.015418	1418	9
SH2D2A	3.351	3.1992	3.0869	0.014685	1419	9
KATNAL1	3.1991	3.1982	3.2127	0.015842	1420	9
MAGIX	3.4423	3.1973	2.943	0.0099794	1421	9
HID1	3.3045	3.1959		0.015796	1422	9
WDR17	3.3228	3.1956	3.1257	0.011337	1423	9
SMIM10L2B	3.3358	3.1945	3.0389	0.0056693	1424	9
PREP	2.9797	3.1936	3.4639	0.0092457	1425	9
FBXO46	3.0055	3.1922	3.3051	0.0092047	1426	9
LINC00900	3.2709	3.1922	3.208	0.0089934	1427	9
TMEM234	3.3247	3.1915	3.0964	0.010451	1428	9
TPBG	3.2218	3.1895	3.1358	0.016924	1429	9
FIGN	3.2332	3.1893	3.1646	0.012008	1430	9
TAOK1	3.3963	3.1885	2.9692	0.011021	1431	9
BCL2L2	3.1066	3.1873	3.3232	0.012363	1432	9
ZBTB11	3.1026	3.1866	3.2791	0.012579	1433	9
RPH3A	2.9494	3.186	3.4585	0.008055	1434	9
PTPRT	3.2223	3.186	3.1534	0.012719	1435	9
RFPL3	3.0402	3.1839	3.3413	0.010427	1436	9
MLXIPL	3.1053	3.1829		0.010424	1437	9
GNAQ	3.4696	3.1819	2.8131	0.0091128	1438	9
CHSY3	3.249	3.1818	3.1247	0.016473	1439	9
SLC6A7	3.1376	3.1785	3.1999	0.01328	1440	9
C20orf196	3.0659	3.178		0.011919	1441	9
ABTB1	3.0509	3.1761	3.348	0.012679	1442	9
CHRDL1	3.5285	3.1733	2.8249	0.0085301	1443	9
SCGN	3.3129	3.173	3.0723	0.0077314	1444	9
C17orf67	3.5255	3.1705	2.7404	0.0087969	1445	9
KRT5	3.2272	3.1677	3.0738	0.016013	1446	9
MAP2K4	3.2722	3.1675	3.0253	0.017077	1447	9
NEUROD2	3.4051	3.165		0.013588	1448	9
RALBP1	3.2631	3.1649	3.0834	0.013476	1449	9
PARN	3.0794	3.1642		0.012665	1450	9
NLN	3.1492	3.1638	3.1683	0.015791	1451	9
ABL2	3.1171	3.1635		0.015389	1452	9
GAP43	3.4687	3.161	2.7718	0.0093203	1453	9
TUBB6	3.4274	3.1603	2.8337	0.0077655	1454	9
PHF13	3.2704	3.1587	3.1132	0.011411	1455	9
PTPN11	3.2425	3.1585	3.0988	0.01576	1456	9
ARHGAP27P2	3.1075	3.1519	3.1879	0.0087333	1457	9
TCEAL7	3.3564	3.1508		0.013079	1458	9
USP11	3.2091	3.1504	3.088	0.016897	1459	9
GTF2E1	3.2849	3.15		0.013148	1460	9
AKAP9	3.1136	3.1486		0.012784	1461	9
FAM71F1	3.3145	3.1477	3.0168	0.0054506	1462	9
NKRF	3.0925	3.1471		0.012005	1463	9
VDAC3	3.3083	3.1468		0.016766	1464	9
KLF8	3.236	3.1462	3.1234	0.0078547	1465	9
YPEL2	3.2406	3.1445	3.0572	0.016027	1466	9
TRAF3IP1	2.9319	3.1441	3.4156	0.0078988	1467	9
NRN1	3.0751	3.1436	3.2555	0.011215	1468	9
DUSP4	3.1259	3.1416		0.013518	1469	9
PPP3R1	3.2796	3.1409	3.0321	0.013617	1470	9
TMEM50A	3.2072	3.1395		0.012255	1471	9
SLC35F2	3.268	3.1385	2.9722	0.0071067	1472	9
CHST10	3.1246	3.1378		0.010515	1473	9
SLC35B1	3.3693	3.1349		0.01297	1474	9
USP27X	3.3288	3.1326	2.9818	0.013921	1475	9
BEX2	3.3401	3.1321	2.9223	0.010395	1476	9
PTCHD1	3.217	3.1308	3.1023	0.0092102	1477	9
ACSL3	2.8201	3.1304	3.396	0.0075182	1478	9
CACNA1G	3.0326	3.1304	3.2106	0.014151	1479	9
GRIA1	3.1976	3.1262	3.116	0.0057973	1480	9
ZFHX2	2.9587	3.1235	3.3568	0.010108	1481	9
PKIG	3.2707	3.1231		0.010847	1482	9
ARHGAP26	2.9444	3.1227	3.3672	0.0090943	1483	9
PDS5A	3.3144	3.1209	2.9231	0.007452	1484	9
ZNF192P1	3.1593	3.1182		0.013543	1485	9
STX19	2.9313	3.118	3.3126	0.0096171	1486	9
RHBDD2	3.4176	3.1159	2.7622	0.006363	1487	9
SP3	2.8299	3.1157	3.3663	0.007085	1488	9
POC1A	3.2641	3.1108	2.9458	0.010587	1489	9
FRMPD4	2.9008	3.1099	3.2543	0.009835	1490	9
EIF2S1	3.3625	3.1088		0.010162	1491	9
LINC01485	3.4847	3.1049	2.6873	0.0067592	1492	9
SCG2	3.1644	3.1041	3.0288	0.016976	1493	9
MUCL1	3.1156	3.1031	3.0815	0.017716	1494	9
L3MBTL2	2.9716	3.101	3.2186	0.0098271	1495	9
CALM3	3.1928	3.1008	2.9421	0.004408	1496	9
TRIM3	3.1305	3.1		0.016489	1497	9
XRN1	2.9519	3.0985		0.010055	1498	9
SPATS2	3.215	3.0968		0.013639	1499	9
REXO5	3.2354	3.0947	2.9956	0.010415	1500	9
FRRS1L	3.17	3.0943	3.0571	0.013085	1501	9
PRKCD	3.1051	3.0941	3.2355	0.0048702	1502	9
GPATCH3	3.162	3.0939		0.012624	1503	9
EIF1AD	3.1906	3.0937	3.0635	0.0092915	1504	9
B4GALNT1	3.2431	3.0935	2.9043	0.015308	1505	9
LHPP	3.2192	3.0926	2.9156	0.012748	1506	9
ASL	3.3158	3.0925	2.8166	0.0098592	1507	9
FAM49A	3.2143	3.0912	2.9851	0.012657	1508	9
ZNF175	3.0275	3.0897	3.2035	0.010217	1509	9
RCN1	3.3574	3.0896	2.8348	0.0078536	1510	9
PSMA6	3.2871	3.0875		0.013595	1511	9
TTC26	2.9573	3.0866	3.2134	0.0086312	1512	9
DUSP26	3.1727	3.0855	3.025	0.013817	1513	9
CDK12	2.9094	3.0846	3.3409	0.0092978	1514	9
NDFIP2	3.1408	3.0827		0.01729	1515	9
U2SURP	2.9984	3.0814	3.1275	0.0075178	1516	9
PNPLA7	3.1065	3.0804		0.01752	1517	9
GRB10	3.2386	3.0785	2.9561	0.0069213	1518	9
RTCB	3.1492	3.0761		0.015997	1519	9
ZC3H12B	3.069	3.0759		0.01404	1520	9
C8orf46	3.3276	3.0758	2.7572	0.010804	1521	9
GAST	3.2357	3.0751	2.8527	0.014966	1522	9
DDRGK1	3.2693	3.0741	2.8432	0.011924	1523	9
CCDC12	2.9578	3.0738		0.011279	1524	9
WTIP	3.2485	3.0724	2.9045	0.0068725	1525	9
DCAF11	3.1703	3.0724	2.9962	0.0064049	1526	9
SYT17	3.4074	3.072	2.6038	0.0042521	1527	9
ZP3	3.0119	3.0719		0.010321	1528	9
KCNH5	3.1067	3.0702	3.0327	0.013885	1529	9
FOXG1	3.1501	3.0698	3.0156	0.010606	1530	9
KLHL17	2.9437	3.0696	3.2422	0.0095803	1531	9
SH3BP5	3.172	3.0667	2.965	0.013318	1532	9
EXOC3-AS1	3.3034	3.0659	2.8029	0.0073917	1533	9
LRFN3	3.1502	3.0655		0.011919	1534	9
ZNF318	2.9519	3.0654	3.2033	0.012256	1535	9
ACTR3B	3.1832	3.0644	3.0008	0.0085019	1536	9
DISP2	3.1384	3.0627	3.0237	0.01096	1537	9
HAUS6	2.8949	3.0606	3.2847	0.0096933	1538	9
CDC27	3.2817	3.0595	2.8161	0.0096055	1539	9
IDUA	3.1518	3.0584		0.016128	1540	9
STMN1	3.1103	3.0578	3.0295	0.014469	1541.5	9
TTI1	2.8554	3.0578		0.010305	1541.5	9
BLCAP	3.2212	3.0561	2.8596	0.0086622	1543	9
PERM1	3.1665	3.0543	2.9556	0.010454	1544	9
KANSL3	3.1166	3.0532		0.013102	1545	9
TUBGCP4	3.0623	3.0527	3.0374	0.01581	1546	9
KIF3C	3.2562	3.0521	2.8741	0.012079	1547	9
ADPRHL1	3.013	3.0516	3.1279	0.015413	1548	9
ASS1	3.1738	3.0487	2.9731	0.01086	1549	9
MCHR1	3.2797	3.0472	2.7994	0.013894	1550	9
DIRAS2	3.0709	3.047	3.0487	0.013312	1551	9
KLHL2	3.2157	3.0469	2.8551	0.011978	1552	9
PIAS3	3.1097	3.0463		0.013376	1553	9
LMBRD2	3.2273	3.0452	2.8894	0.01209	1554	9
ALOX15B	3.1061	3.0451		0.014455	1555	9
MOK	3.0349	3.0443	2.987	0.0094384	1556	9
MIF	3.3781	3.0438	2.6788	0.0087574	1557	9
DNAJC16	2.9064	3.0419	3.2103	0.011943	1558	9
FAM120AOS	3.2889	3.041	2.6474	0.0050611	1559	9
EDF1	3.3039	3.0405	2.767	0.0089236	1560	9
TDRD7	3.1158	3.0397	3.0267	0.016528	1561	9
FAM122C	3.2407	3.0395	2.8176	0.0052068	1562	9
ZNF302	2.9915	3.0383	3.1341	0.013318	1563	9
KIRREL3	3.1644	3.038	2.9612	0.012332	1564	9
PWWP2B	3.3198	3.0377	2.7074	0.010288	1565	9
DPY19L1P1	2.9732	3.0352	3.0259	0.0089791	1566	9
TESPA1	3.0097	3.0348	3.0738	0.01556	1567	9
C1orf115	3.0581	3.0339	3.0151	0.016092	1568	9
WTAP	3.3521	3.0314	2.6681	0.0056511	1569	9
TTPAL	3.2076	3.0309	2.8825	0.011486	1570	9
PRAF2	3.3012	3.0303	2.7212	0.0097228	1571	9
STEAP2	2.9694	3.0271	3.1172	0.013954	1572	9
TBRG4	3.0001	3.0265		0.013553	1573	9
KHDRBS3	2.9939	3.021		0.013796	1574	9
ZNF566	3.0467	3.0182	2.9842	0.014283	1575	9
DNM3	2.9846	3.0175	3.0427	0.013712	1576	9
PPP3CA	2.7511	3.0135	3.2948	0.0075135	1577	9
SAMD13	2.9349	3.0134	3.1275	0.010972	1578	9
SDK1	3.0587	3.0132	2.9504	0.016568	1579	9
GABRG3	2.9924	3.0103		0.010622	1580	9
CRNKL1	3.0802	3.0095	2.9736	0.013097	1581	9
TRIM68	3.2162	3.0056	2.8257	0.0074433	1582	9
SLC26A11	3.0998	3.0055	2.9737	0.0076023	1583	9
SLC25A44	3.0145	3.0045		0.014276	1584	9
CDH13	3.1108	3.0045	2.859	0.013661	1585	9
REEP1	3.1515	3.0037		0.015312	1586	9
UNC13A	3.0599	3.0024	2.9673	0.011175	1587	9
NISCH	3.095	3.0013	2.9708	0.0056925	1588	9
LMO4	3.1111	3.0004	2.8698	0.015837	1589	9
ZNF702P	3.0426	2.999		0.013927	1590	9
ING3	2.8131	2.9981	3.2006	0.0092366	1591	9
ZNF597	2.7334	2.9978		0.0087412	1592	9
TULP4	3.0401	2.9972		0.012864	1593	9
GRIN3A	3.3193	2.9971	2.5862	0.0050608	1594	9
SHISA9	3.0661	2.997	2.9828	0.012402	1595	9
NPPA	3.118	2.9941	2.9002	0.01151	1596	9
IRF2BP1	2.727	2.9923	3.2136	0.0065432	1597	9
GRIK3	3.15	2.9916	2.8256	0.010891	1598	9
SEMA4C	2.6686	2.9914	3.1756	0.0056527	1599	9
COP1	3.0892	2.9912	2.906	0.011987	1600	9
TAMM41	3.3387	2.9912	2.6189	0.0084583	1601	9
GOLM1	3.0606	2.9893	2.9676	0.0065625	1602	9
EPB41L5	2.9134	2.989	2.9914	0.007893	1603	9
SGTB	3.0228	2.9879	2.9568	0.016033	1604	9
TSN	3.2468	2.9868	2.6942	0.0085696	1605	9
MED16	3.2415	2.9857	2.6747	0.0080595	1606	9
SYN1	3.1527	2.9854		0.013685	1607	9
FLJ33534	3.1455	2.9845	2.783	0.014461	1608	9
PEX14	3.0013	2.9825		0.014689	1609	9
PDGFC	3.321	2.9817	2.629	0.0063045	1610	9
ST3GAL3	2.8701	2.9811	3.1393	0.011688	1611	9
G2E3	2.8295	2.9796		0.0097311	1612	9
TMEM198	3.0303	2.9796	2.9299	0.011012	1613	9
ADRA1D	2.9957	2.9791	2.9503	0.016794	1614	9
ARL15	3.1534	2.9769	2.7955	0.0088188	1615	9
DTNB	3.251	2.9769	2.6977	0.0087899	1616	9
SBNO1	2.7178	2.9753	3.2911	0.0075948	1617	9
C2CD2L	3.0551	2.9748	2.9568	0.012401	1618	9
ATXN1	2.8424	2.9734	3.1754	0.008728	1619	9
KBTBD4	2.8092	2.972		0.0097599	1620	9
ADRA2C	3.3089	2.9703	2.6069	0.0071452	1621	9
EGR4	3.0654	2.97	2.901	0.012369	1622	9
TSPAN13	2.731	2.9688	3.1294	0.0083134	1623	9
CAD	2.7512	2.9684		0.0097494	1624	9
TTTY15	2.706	2.9682	3.2463	0.0086607	1625	9
SPSB3	2.7465	2.9669	3.1155	0.0086155	1626	9
LOC341056	3.0256	2.9659		0.011013	1627	9
ZDHHC23	3.0357	2.9644	2.877	0.014842	1628	9
MRPS26	2.6965	2.9641	3.2718	0.0073434	1629	9
SPRYD3	3.104	2.9625		0.015354	1630	9
FUBP1	3.0092	2.9604		0.014772	1631	9
LRRC8B	3.0813	2.9601	2.8182	0.013875	1632	9
BICRAL	2.6049	2.96	3.1827	0.0064213	1633	9
ZDHHC4	3.274	2.9588	2.5989	0.0085266	1634	9
BEX1	3.1849	2.9584	2.7136	0.0093108	1635	9
ADNP2	2.9112	2.9583	2.9762	0.010265	1636	9
TRIB3	3.0374	2.9582	2.9266	0.010831	1637	9
MAGI3	2.7374	2.9581	3.229	0.0082651	1638	9
PRSS16	2.8291	2.9574	3.1346	0.010791	1639	9
VPS4A	2.9269	2.9574		0.0096147	1640	9
DNAH6	3.0604	2.9564	2.9179	0.0088505	1641	9
MIOS	2.7445	2.9549	3.1428	0.0080991	1642	9
MAPK7	3.0995	2.9526		0.011581	1643	9
G3BP2	3.0937	2.9522		0.014628	1644	9
CHAF1B	3.0315	2.9522	2.9066	0.014285	1645	9
AFAP1L2	2.8614	2.9505	3.0401	0.011288	1646	9
LINC00431	2.8846	2.9503		0.01046	1647.5	9
TIMM50	3.0953	2.9503		0.016104	1647.5	9
USP32P2	2.9476	2.9465	2.9285	0.015077	1649	9
LINC02361	3.1928	2.9432	2.6259	0.010763	1650	9
SNTG1	2.7262	2.9418	3.1096	0.0058121	1651.5	9
ZBTB48	3.0052	2.9418		0.016068	1651.5	9
KCNK1	3.1239	2.9414	2.7098	0.015474	1653	9
ATP7A	2.9212	2.941		0.01147	1654	9
FBLN7	2.5187	2.9406	3.4845	0.0058325	1655	9
FITM2	2.9588	2.9403	2.9148	0.017831	1656	9
DENR	3.1105	2.9392	2.8154	0.011181	1657	9
N4BP3	2.9238	2.938		0.011106	1658	9
MAFK	3.0426	2.9371	2.8821	0.012072	1659	9
AZIN2	3.0593	2.937		0.015475	1660	9
SEC23A	2.8349	2.9361	3.0564	0.011591	1661	9
MGAT4B	3.2077	2.9348	2.6118	0.0056154	1662	9
LSMEM1	2.8195	2.9344	3.0655	0.0094973	1663	9
GRM2	3.0537	2.9331		0.012174	1664	9
BTBD7	3.0461	2.9307		0.015052	1665	9
SLC1A6	3.1314	2.9305		0.010553	1666	9
SELENOI	3.0859	2.9288	2.7192	0.014866	1667	9
ARNT2	3.2035	2.9263	2.6721	0.0081414	1668	9
TUBG1	2.9468	2.9232		0.015137	1669	9
SEC23IP	3.0587	2.9202		0.009299	1670	9
NUDT18	3.2234	2.9191	2.5787	0.010452	1671	9
LRRC14	2.9386	2.9177	2.8894	0.017116	1672	9
MVD	3.0732	2.9126	2.7209	0.010759	1673	9
MCRIP1	3.1343	2.91		0.0091649	1674	9
C1orf167	2.7733	2.9097	3.0401	0.010736	1675	9
LDLR	2.9381	2.9094	2.8743	0.015835	1676	9
LOC654780	3.0078	2.9086	2.7783	0.0097994	1677	9
RTL10	3.0386	2.9085		0.01196	1678	9
LAMA5	2.8104	2.9077	2.9897	0.010715	1679	9
PGAM5	3.102	2.9072		0.011854	1680	9
FN3KRP	3.1386	2.9051		0.011425	1681	9
MAN1B1	3.0652	2.9046	2.7211	0.013367	1682	9
EIF6	3.1014	2.9011	2.6484	0.013043	1683	9
HNRNPDL	2.794	2.8976		0.010783	1684	9
MFAP1	3.1171	2.8974		0.011486	1685	9
CFAP46	2.8652	2.8954	2.9321	0.015719	1686	9
ZNF831	3.0272	2.8946	2.8323	0.0062194	1687	9
COL20A1	3.0749	2.8928	2.6644	0.0099178	1688	9
PTRH2	3.0417	2.8918	2.7033	0.014891	1689	9
C1D	3.1635	2.8917		0.0099081	1690	9
SYT1	3.0128	2.8914	2.7754	0.014231	1691	9
C17orf97	2.95	2.8905	2.8236	0.016883	1692	9
LOC101927420	3.1053	2.8876	2.6837	0.0062936	1693	9
SYNPR	3.0641	2.8869	2.7127	0.0095981	1694	9
KCNH2	3.1517	2.8863		0.0097492	1695	9
PCNX2	2.5429	2.8862	3.2767	0.0052192	1696	9
AP2A2	3.0243	2.8824	2.7552	0.010407	1697	9
TUBB3	3.1298	2.8803	2.5892	0.0083518	1698	9
THEM5	3.079	2.8802	2.6304	0.012848	1699	9
TCOF1	2.6294	2.878	3.2021	0.0077899	1700	9
R3HDM2	2.9337	2.877	2.8293	0.011718	1701	9
MMP17	3.0096	2.8746		0.015414	1702	9
ZNF79	2.7528	2.8743		0.010381	1703	9
TIGD3	2.6004	2.8742	3.2375	0.0079006	1704	9
TP53TG3HP	2.8751	2.8739	2.8822	0.013695	1705	9
ABCG5	2.9394	2.8731	2.7704	0.014129	1706	9
NAA35	3.0188	2.8721		0.010178	1707	9
CREBRF	2.5285	2.8675	3.0589	0.0054043	1708	9
CD63	3.1529	2.8668	2.4689	0.0058091	1709	9
GMFB	2.9857	2.8654	2.6801	0.0044527	1710	9
GNPDA2	2.5701	2.863	3.2105	0.0070787	1711	9
PDCL3	2.6891	2.8626	3.0906	0.0084235	1712	9
PIK3CD	3.0248	2.8614	2.6808	0.0085006	1713	9
PTGES	3.1403	2.8605	2.5569	0.010038	1714	9
GNB2	2.9847	2.8603	2.7751	0.0059854	1715	9
TBCB	3.0387	2.8551	2.6526	0.0094379	1716	9
CTDSPL2	2.8646	2.855		0.01508	1717	9
GID8	2.7113	2.8546		0.0090443	1718	9
PRRT1	2.9673	2.8538		0.011888	1719	9
KHDRBS2	2.883	2.8517	2.813	0.0174	1720	9
SMAP2	2.9814	2.8461		0.013529	1721	9
AARD	2.6168	2.8459	2.9944	0.0060207	1722	9
KAT14	3.0896	2.845		0.0083255	1723	9
EHD3	2.9318	2.8432		0.01578	1724	9
GRIN2A	2.4008	2.8423	3.4097	0.0054431	1725	9
BRICD5	2.7335	2.8401	2.9195	0.0087336	1726	9
ZNF285	3.037	2.838		0.011521	1727	9
ADRA1B	3.0288	2.8378	2.5945	0.013623	1728	9
PDHA1	2.9323	2.8376		0.016671	1729	9
RBM8A	3.3373	2.837	2.2542	0.0052187	1730	9
GYPE	3.108	2.8364	2.5205	0.0081815	1731	9
ASGR1	2.7643	2.8335	2.9388	0.013896	1732	9
HEXIM2	3.0346	2.8334		0.012825	1733	9
ZNF398	2.5893	2.8322	2.9941	0.0067733	1734	9
TMEM181	2.9755	2.8298	2.6747	0.01189	1735	9
PDIK1L	2.651	2.8294	3.0126	0.0077639	1736	9
PTOV1	2.8198	2.8238	2.8194	0.014907	1737	9
VPS26B	3.1994	2.8238	2.4075	0.0063052	1738	9
PPP5D1	3.0051	2.8237	2.6808	0.0063669	1739	9
FAM131A	3.0534	2.8231	2.5572	0.010798	1740	9
LMO3	3.0719	2.8223	2.5328	0.0082232	1741	9
PABPC1L2B	2.9175	2.8221		0.012469	1742	9
TUBB4B	3.0152	2.8218	2.5764	0.010463	1743	9
ZNF547	2.5394	2.8202	3.0629	0.0071944	1744	9
CEP170B	2.9479	2.8191	2.7632	0.0070843	1745	9
MGAT4A	2.7515	2.8178	2.8623	0.014886	1746	9
FBXW7	2.7307	2.8171	2.9311	0.012132	1747	9
GABRD	2.603	2.8171	3.0762	0.0090325	1748	9
GTDC1	2.9287	2.8159	2.6588	0.014689	1749	9
TMEM63C	2.8234	2.8152		0.013354	1750	9
CETN2	3.2221	2.8146	2.144	0.0031654	1751	9
CERS4	2.9956	2.8146	2.6096	0.010632	1752	9
WDR33	2.5186	2.814	3.0228	0.0062996	1753	9
POLN	2.7473	2.8124		0.0092702	1754	9
KCNC2	2.7232	2.8124	2.9253	0.012764	1755	9
TANGO6	2.9454	2.8121	2.6708	0.012102	1756	9
ABCF2	2.7389	2.8118	2.8994	0.012372	1757	9
HTR7	2.9834	2.8112	2.5748	0.0051982	1758	9
MRPL28	3.1081	2.81	2.4583	0.0075384	1759	9
AATBC	2.7159	2.8088		0.010112	1760	9
GPR26	2.7904	2.806	2.8274	0.012067	1761	9
C21orf2	2.9548	2.8045	2.6421	0.0080832	1762	9
TNFRSF14	2.9056	2.8022	2.6622	0.014743	1763	9
POLR1A	2.808	2.7996	2.7968	0.014529	1764	9
DCTN3	3.079	2.7989		0.010611	1765	9
NECTIN3	2.8226	2.7986	2.7427	0.014014	1766	9
ANKRD12	2.865	2.796	2.7286	0.01455	1767	9
LARP1B	2.6177	2.795	3.0179	0.0093888	1768	9
EXOSC9	2.8489	2.7908		0.016783	1769	9
CD47	2.6662	2.79		0.011243	1770	9
CELF5	2.9357	2.7863	2.6584	0.0068879	1771	9
TCIM	2.7546	2.7842	2.8237	0.012772	1772	9
RHOT2	2.738	2.7834		0.014324	1773	9
PITPNB	2.992	2.7832	2.5112	0.011415	1774	9
TCEA3	2.9352	2.7829	2.6588	0.0049324	1775	9
SCP2	2.6299	2.7804	2.9739	0.010946	1776	9
MKL1	2.837	2.7796		0.015001	1777	9
NR4A3	2.8355	2.7745	2.7241	0.0091545	1778	9
CBLN4	2.8733	2.7729	2.7317	0.013509	1779	9
MOB3B	2.7976	2.7726	2.761	0.01391	1780	9
ZNF436	2.9192	2.7722	2.6681	0.0084489	1781	9
LSM11	2.8247	2.7716		0.012328	1782	9
ZNF607	2.7811	2.7714	2.7665	0.015414	1783	9
WNT7A	2.8792	2.7713	2.6448	0.015513	1784	9
PGC	2.4609	2.7709	2.9922	0.0054253	1785	9
CCDC124	2.944	2.7709		0.011338	1786	9
HSPB3	2.9032	2.7702	2.5826	0.012241	1787	9
PICK1	2.7545	2.7693	2.7782	0.014803	1788	9
GALNT14	2.9655	2.7674	2.535	0.014136	1789	9
PAQR3	2.4551	2.7671	3.1636	0.0070496	1790	9
TMEM263	2.8757	2.7667	2.7328	0.0042276	1791	9
PSMD1	2.9939	2.7657	2.4897	0.011413	1792	9
ZNF112	2.8348	2.7646		0.010969	1793	9
KCTD6	3.0203	2.7644	2.556	0.010134	1794	9
WFDC1	2.9642	2.7639	2.5025	0.0093109	1795	9
B3GALNT1	2.8508	2.7627	2.7357	0.007513	1796	9
COL6A1	2.7109	2.7622	2.8499	0.011822	1797	9
BAIAP2	2.9241	2.762	2.6126	0.0075353	1798	9
MAEA	2.8599	2.7609		0.016422	1799	9
SIAE	2.7341	2.7606	2.7944	0.014323	1800	9
ZFR2	2.7812	2.7593	2.7429	0.015548	1801	9
TNNI3	3.0318	2.7588	2.4721	0.0079381	1802	9
ZBED9	2.6304	2.7583	2.8261	0.0084382	1803	9
STK17A	2.9714	2.7553	2.5016	0.0079546	1804	9
FDX1L	3.0168	2.7553	2.4445	0.008139	1805	9
STXBP5	2.7919	2.7532	2.6964	0.017173	1806	9
RPUSD2	2.3973	2.7531	3.1626	0.0058908	1807	9
CALML3	2.5025	2.753	3.0118	0.006119	1808	9
ATL1	2.9028	2.7523	2.5847	0.01325	1809	9
SH3BGRL2	2.7863	2.7454	2.6849	0.015148	1810	9
TRAPPC2L	3.1135	2.7447	2.271	0.0042173	1811	9
RUSC2	2.5691	2.7431		0.0097149	1812	9
GRIK1	2.8631	2.7429	2.6543	0.014946	1813	9
NUDT2	2.9889	2.7422	2.4893	0.0064565	1814	9
RAB11FIP1	2.878	2.7418	2.6582	0.012643	1815	9
PDXP	3.0384	2.7416		0.0057494	1816	9
RFPL1	2.4663	2.7416	3.0955	0.0074117	1817	9
TRIM11	2.7417	2.7412	2.7458	0.015228	1818	9
RECQL4	2.727	2.7408	2.791	0.009976	1819	9
RABL2A	2.5384	2.74	2.9507	0.0085995	1820.5	9
PNRC2	2.8751	2.74	2.5847	0.010613	1820.5	9
BABAM1	3.0396	2.7392		0.008793	1822	9
PXN-AS1	2.9116	2.7392	2.5388	0.0097323	1823	9
SURF4	2.8122	2.7386	2.6474	0.016464	1824	9
IDH3B	2.7409	2.7347	2.7347	0.015805	1825	9
CXorf67	2.7989	2.7338		0.010169	1826	9
ZNF213-AS1	2.6941	2.7335		0.010412	1827	9
SSRP1	2.7336	2.7326		0.014902	1828	9
FES	2.5188	2.7324	3.0097	0.0072259	1829	9
LOC644189	2.8519	2.7322	2.6204	0.012001	1830	9
TMEM268	2.5383	2.7305	2.9225	0.0070477	1831	9
FOXP2	2.5845	2.7301	2.8419	0.009032	1832	9
PARP2	2.6803	2.7295	2.7528	0.013059	1833	9
CHRD	2.2773	2.7292	3.2109	0.0050225	1834	9
C16orf45	2.6193	2.728	2.8271	0.0092473	1835	9
GALNT16	2.7898	2.7273	2.6661	0.011274	1836	9
MRAS	2.9238	2.726	2.5443	0.0047827	1837	9
SARS2	2.718	2.7234		0.013205	1838	9
RIMBP2	2.7999	2.7221	2.7144	0.0091568	1839	9
ZNF343	2.5604	2.7219		0.010886	1840	9
KYAT1	2.3373	2.7206	3.1795	0.005776	1841	9
RSG1	2.8529	2.7203	2.6129	0.0078767	1842	9
CYP1B1-AS1	2.6913	2.72	2.7326	0.011538	1843.5	9
DHX57	2.6326	2.72	2.8359	0.0080375	1843.5	9
ZFP69	2.8917	2.7197	2.5563	0.0088199	1845	9
DKK2	2.7307	2.7192	2.699	0.013792	1846	9
KAT2A	2.5606	2.7191	2.8344	0.0087157	1847	9
HARS2	2.875	2.7151		0.011258	1848	9
ZNF444	2.5899	2.7142	2.8647	0.0084682	1849	9
FNDC3B	2.7142	2.7139	2.7267	0.015489	1850	9
CXorf57	2.8063	2.7133	2.6718	0.0066575	1851	9
PIP4K2B	2.7859	2.7123	2.6678	0.012615	1852	9
SMIM12	2.7299	2.7112	2.672	0.016288	1853	9
UBE2MP1	2.9184	2.711	2.4719	0.011654	1854	9
ACTR1A	2.9661	2.7101	2.3975	0.010894	1855	9
DRD1	2.6853	2.7073	2.7259	0.013287	1856	9
MMGT1	2.8895	2.7062		0.011235	1857	9
UTP6	2.7533	2.7058		0.012975	1858	9
SLC27A3	2.8551	2.7035	2.5341	0.012429	1859	9
ADGRB2	2.8664	2.703	2.5276	0.013386	1860	9
RAB39A	2.822	2.7024	2.586	0.01253	1861	9
PLPPR3	2.7646	2.7021	2.7042	0.0060614	1862	9
DNAH2	2.8407	2.7021	2.5629	0.007268	1863	9
OLFM1	2.7101	2.7018	2.6816	0.010744	1864	9
FIG4	2.8648	2.7017	2.5606	0.012108	1865	9
EAF1	2.8423	2.7009		0.0108	1866	9
SGPL1	2.6929	2.6988		0.012626	1867	9
MDH2	2.8752	2.6986	2.4824	0.012753	1868	9
TMEM25	2.6153	2.6979	2.7791	0.0084556	1869	9
FAM163B	2.8145	2.6975		0.013507	1870	9
DNAJB14	2.6531	2.696		0.013454	1871	9
PWP1	3.016	2.6952	2.3136	0.004577	1872	9
ARAP3	2.5685	2.6941	2.8043	0.011934	1873	9
UCN	2.5218	2.693	2.8777	0.0079139	1874	9
HERC6	2.5779	2.6924	2.8471	0.011247	1875	9
RIPK2	2.8214	2.6922	2.584	0.0071258	1876	9
PIGV	2.9204	2.6915	2.4388	0.0086076	1877	9
TPST2	2.5806	2.6905	2.838	0.008985	1878	9
FBXO16	2.5455	2.6892	2.8578	0.0092852	1879	9
NIPA2	2.6556	2.6871		0.01149	1880	9
GRK6	2.8165	2.6866		0.0097176	1881	9
IBTK	2.6759	2.6861	2.6989	0.0098846	1882	9
KALRN	2.1983	2.6856	3.1646	0.0043493	1883	9
HIST1H3D	2.6284	2.6843		0.010224	1884	9
ZCCHC6	2.5265	2.6838	2.8866	0.008876	1885	9
ZNF77	2.5102	2.6826	2.8173	0.0086689	1886	9
CDC34	2.9133	2.6825	2.4169	0.0096938	1887	9
ACSF3	2.3787	2.6822	3.0514	0.0063847	1888	9
DENND2D	2.7165	2.6817	2.6371	0.015589	1889	9
RELB	2.7548	2.6812	2.6224	0.013965	1890	9
SRPK1	2.4071	2.681	3.0019	0.0066216	1891	9
EPHB6	2.5655	2.6801	2.8463	0.011434	1892	9
PPP4R2	2.6534	2.6799	2.7092	0.011286	1893	9
SARNP	2.9471	2.6794	2.3807	0.0044483	1894	9
TMEM184B	2.7952	2.6785	2.538	0.013299	1895	9
ATXN7L3B	2.6803	2.6773		0.0082731	1896	9
TMEM217	2.7912	2.6763	2.5369	0.014306	1897	9
TBC1D10A	2.7816	2.6759	2.6357	0.0044812	1898	9
MRE11	2.7226	2.6746		0.01428	1899	9
DLEU7	2.785	2.6733	2.6026	0.011552	1900	9
RCN2	2.7667	2.6732	2.6023	0.0083139	1901	9
C1QTNF4	2.6795	2.6729	2.6607	0.011506	1902	9
OXR1	2.6805	2.6723	2.6852	0.015384	1903	9
NMNAT1	2.7621	2.6718		0.013011	1904	9
TLN2	2.7714	2.6701	2.6173	0.010998	1905	9
CELSR3	2.543	2.665	2.7504	0.010563	1906	9
FOXN3-AS1	2.9219	2.6622	2.4295	0.0070485	1907	9
PCGF5	2.6113	2.6604		0.010309	1908	9
CYGB	2.8095	2.6603	2.4899	0.012162	1909	9
ST8SIA5	2.5299	2.6585	2.8202	0.011362	1910	9
PXMP4	2.838	2.6574	2.4701	0.0083671	1911	9
ERGIC2	2.8167	2.657	2.4586	0.011152	1912	9
C2orf80	2.7701	2.6559	2.6024	0.0067136	1913	9
YPEL4	2.4988	2.6546	2.7489	0.0085428	1914	9
PITPNM2	2.7962	2.6521	2.5312	0.0092911	1915	9
RAET1E-AS1	2.7578	2.6514	2.6288	0.0057023	1916	9
DTX4	2.6989	2.65	2.5828	0.015047	1917	9
NEUROD1	2.6832	2.6496	2.6171	0.01407	1918	9
CDT1	2.6852	2.6481	2.6125	0.014418	1919	9
LOC100506388	2.4771	2.6474	2.8756	0.0091207	1920	9
SNAPC5	2.9498	2.6474	2.3206	0.006686	1921	9
SYN2	2.7536	2.6472	2.5901	0.0080285	1922	9
PAXIP1-AS1	2.8201	2.6436	2.4533	0.0096353	1923	9
PMPCB	2.7513	2.643	2.4915	0.016757	1924	9
RANBP17	2.3707	2.6427	2.8475	0.0064963	1925	9
TRPM7	2.485	2.6426		0.0091593	1926	9
UBE2QL1	2.3069	2.6414	3.0661	0.0065004	1927	9
ARMC4	2.6303	2.6389		0.011299	1928	9
TOMM6	2.9207	2.6385	2.3463	0.0062092	1929	9
KCNH7	2.8925	2.6382	2.3467	0.010419	1930	9
ITPR1	2.418	2.6379	2.9308	0.0083157	1931	9
DPP7	2.5695	2.6357	2.7345	0.013932	1932	9
EFHC2	2.7623	2.6334	2.5372	0.010035	1933	9
MOAP1	2.5579	2.6332		0.0083209	1934	9
ATXN7L3	2.6511	2.6332		0.014793	1935	9
LHX6	2.7258	2.6328	2.5605	0.010395	1936	9
PLA2G4C	2.7011	2.6323		0.013192	1937	9
TPI1	2.8291	2.6309	2.3827	0.012514	1938	9
DVL2	2.426	2.6298	2.7673	0.0079903	1939	9
AGBL5	2.8472	2.628		0.0082904	1940	9
INF2	2.5637	2.6264	2.6926	0.010824	1941	9
ABCC8	2.1538	2.6258	3.1515	0.0051775	1942	9
CCDC24	2.7149	2.6258	2.5852	0.0099421	1943	9
TIMM13	2.9186	2.6256	2.2891	0.0062759	1944	9
PCDHB18P	2.3494	2.6239	2.8999	0.0069936	1945	9
PNOC	2.6677	2.6233	2.5756	0.014338	1946	9
ASGR2	2.6478	2.6229	2.5882	0.016697	1947	9
ATP6V1A	2.7429	2.6228	2.4557	0.01554	1948	9
CAPRIN1	2.8772	2.6224	2.3115	0.0087639	1949	9
SLC25A14	2.8558	2.6224	2.366	0.010096	1950	9
SPATC1L	2.7074	2.6208	2.5982	0.0077639	1951	9
ATP2B1	2.4164	2.6192	2.8524	0.0077204	1952	9
GRSF1	2.7728	2.6186	2.4188	0.012886	1953	9
MYBBP1A	2.3588	2.6172	2.893	0.0072789	1954	9
TP53BP1	2.71	2.6143	2.561	0.011974	1955	9
SCN3A	2.7094	2.6141	2.5438	0.010246	1956	9
GRPEL2	2.3037	2.6134	3.0189	0.0061877	1957	9
FCRLB	2.5754	2.6123		0.014007	1958	9
LOC729970	2.6893	2.6116	2.5963	0.0080801	1959	9
ACTR10	2.999	2.611	2.1669	0.0061579	1960	9
ARMCX2	2.7905	2.6098	2.4473	0.0077562	1961	9
MEGF6	2.5005	2.6086	2.7055	0.0093454	1962	9
MFN2	2.6283	2.6082	2.5916	0.0154	1963	9
SYT9	2.7676	2.6075	2.4496	0.008666	1964	9
RANBP2	2.5863	2.6066	2.627	0.014108	1965	9
RASAL2	2.6143	2.6063	2.5857	0.013326	1966	9
MED31	2.6456	2.6059	2.5533	0.012734	1967	9
AP1M1	2.7312	2.6046		0.013893	1968	9
C11orf95	2.7117	2.6037	2.5272	0.010553	1969	9
CXXC4	2.6681	2.6012	2.5714	0.010553	1970	9
KCNN2	2.6876	2.5996	2.5044	0.011217	1971	9
ADPRHL2	2.7245	2.5994		0.012709	1972	9
ZKSCAN5	2.6719	2.5993		0.010178	1973	9
ZPR1	2.9422	2.5991	2.1522	0.0059054	1974	9
DCAF10	2.4556	2.5988	2.7851	0.0096324	1975	9
LTN1	2.4878	2.5971	2.7355	0.010356	1976	9
TBC1D15	2.6156	2.5957		0.011449	1977	9
MLYCD	2.5633	2.5956		0.013635	1978	9
CRSP8P	2.8437	2.5951	2.3128	0.010843	1979	9
TOX4	2.7795	2.5949	2.3581	0.0097009	1980	9
POMGNT2	2.7453	2.5937		0.012613	1981	9
SMCO2	2.548	2.5919	2.649	0.012527	1982	9
NRGN	2.5385	2.5902	2.6264	0.010764	1983	9
LOC105372480	3.0543	2.5897	2.1097	0.0064236	1984	9
LSM4	2.8817	2.5895	2.2356	0.0058059	1985	9
HBM	2.748	2.5864	2.3887	0.010999	1986	9
THAP8	2.6927	2.5846	2.4865	0.009884	1987	9
MED20	2.4787	2.5836		0.0086256	1988	9
KMT5B	2.3788	2.5785	2.7092	0.0071835	1989	9
MKX	2.4702	2.5779	2.7317	0.010691	1990	9
CRELD1	2.4402	2.5777	2.7224	0.0079466	1991	9
P2RY6	2.8225	2.5762	2.3129	0.0081831	1992.5	9
CACNG2	2.3832	2.5762	2.8261	0.0083923	1992.5	9
FBXW9	2.7165	2.576	2.424	0.010608	1994	9
MDFIC	2.7251	2.5754	2.3961	0.009289	1995	9
FAM90A1	2.4124	2.5737		0.0091605	1996	9
CCDC102B	2.6749	2.5727	2.4553	0.012583	1997	9
MGAT5B	2.5831	2.5717	2.5604	0.014659	1998	9
PKIA	2.6354	2.5713	2.6209	0.004837	1999	9
PLEKHA6	2.28	2.5659	2.8501	0.0070714	2000	9
SMPX	2.5008	2.5634	2.6329	0.011985	2001	9
OSBPL8	2.6797	2.5632	2.4787	0.012633	2002	9
KAT7	2.6726	2.5629		0.01398	2003	9
PPM1K	2.6836	2.562		0.010088	2004	9
RBM4	2.6	2.5608	2.5111	0.012727	2005	9
SSTR2	2.7962	2.5596	2.2861	0.0083775	2006	9
SKIV2L	2.6747	2.558		0.012317	2007	9
MADD	2.645	2.5541		0.013233	2008	9
MIR4697HG	2.3691	2.5513	2.7229	0.0078179	2009	9
CKB	2.5244	2.5501	2.5808	0.013721	2010	9
FAM19A1	2.6614	2.55	2.4531	0.010461	2011	9
EPHB3	2.5667	2.5493	2.5155	0.013952	2012	9
DENND6B	2.6681	2.5484	2.4438	0.0096742	2013	9
MYADM	2.7527	2.5481	2.3009	0.0089668	2014	9
SNX30	2.5364	2.5458		0.014356	2015	9
MED14OS	2.7808	2.5456		0.010525	2016	9
SPATS2L	2.5801	2.545	2.5274	0.014059	2017	9
REPS2	2.6378	2.5445	2.4267	0.014696	2018.5	9
WDR86	2.6374	2.5445	2.4998	0.0042826	2018.5	9
C16orf86	2.5317	2.5439		0.011143	2020	9
LINC01664	2.6084	2.5429		0.010968	2021	9
KDM3A	2.5788	2.5424		0.01272	2022	9
TBC1D9	2.5373	2.542		0.01118	2023	9
ZNF284	2.3902	2.5419	2.7642	0.008352	2024	9
LASP1	2.6526	2.54		0.0086485	2025	9
DHRS4	2.8557	2.5397	2.1873	0.0073699	2026	9
FSTL4	2.2988	2.5385	2.8147	0.0068056	2027	9
LRTM2	2.4978	2.5378		0.011177	2028	9
ULK2	2.5697	2.5359		0.01416	2029	9
TWSG1	2.6318	2.5343		0.012083	2030	9
SLC35F1	2.5461	2.533	2.5163	0.014653	2031	9
CYP1B1	2.6414	2.5308	2.4413	0.010942	2032	9
CYP51A1	2.647	2.5294	2.3942	0.013453	2033	9
TMEM39B	2.5001	2.5287	2.552	0.012367	2034	9
TIMM10	3.0115	2.5283	2.0126	0.0050217	2035	9
RNF150	2.6328	2.5256	2.4479	0.0036983	2036	9
SLN	2.6686	2.5248	2.3383	0.0092725	2037	9
GSKIP	2.8373	2.5239	2.1335	0.0053857	2038	9
CA11	2.7547	2.5237	2.2882	0.005995	2039	9
TMEM115	2.5274	2.52		0.012193	2040	9
SESN3	2.7051	2.5188	2.3542	0.0078157	2041	9
MOSPD1	2.3066	2.5185	2.8034	0.0075965	2042	9
LEFTY1	2.4855	2.5184		0.012659	2043	9
SCN3B	2.5931	2.5179	2.504	0.0072416	2044	9
ATOH7	2.6038	2.5177	2.5097	0.0050239	2045	9
GK	2.2651	2.517	2.8333	0.0072865	2046	9
HSP90AB1	2.7595	2.515	2.22	0.007735	2047	9
PTPA	2.6951	2.5149		0.010721	2048	9
MRPL37	2.7416	2.514	2.2283	0.0082751	2049	9
KDELC1	2.2328	2.5112	2.8621	0.0061334	2050	9
FABP3	2.7919	2.5107	2.1787	0.0059197	2051	9
MAGI1	2.4896	2.5106	2.5289	0.012168	2052	9
FAM220A	2.6365	2.5097		0.011466	2053	9
LINC02145	2.4634	2.5084		0.010164	2054	9
PKIB	2.6725	2.5084	2.3586	0.0083511	2055	9
TP53TG3D	2.5194	2.5073	2.5037	0.012752	2056	9
WDR47	2.6478	2.5054		0.012178	2057	9
DRD3	2.6772	2.5035		0.014175	2058	9
LOC100128239	2.5027	2.5025	2.5013	0.015073	2059	9
CDKN2A	2.4762	2.5003	2.5495	0.0094996	2060	9
OR2L3	2.3481	2.4987	2.6794	0.008533	2061	9
MARS	2.5334	2.498		0.013857	2062	9
LOC101927588	2.4281	2.495	2.5772	0.011243	2063	9
NCEH1	2.2592	2.4942	2.7827	0.0078458	2064	9
DIEXF	2.667	2.4925	2.2961	0.0086495	2065	9
CNRIP1	2.5696	2.49	2.4465	0.0092591	2066	9
HARS	2.4529	2.4894	2.5286	0.01334	2067	9
KLF10	2.6635	2.4891	2.3048	0.0092215	2068	9
TMEM132A	2.6035	2.4882	2.4112	0.0089958	2069	9
ANKRD27	2.492	2.4876	2.4872	0.015011	2070	9
CLCN5	2.5489	2.4869	2.425	0.014817	2071	9
ACE	2.4297	2.4863	2.5452	0.012812	2072	9
DONSON	2.5522	2.4848		0.013767	2073	9
NREP	2.1486	2.4847	2.8958	0.0065638	2074	9
PCDH1	2.5777	2.4838		0.010114	2075	9
GNG3	2.6474	2.482		0.011314	2076	9
GCNA	2.4241	2.4808	2.5153	0.010393	2077	9
UBR4	2.6298	2.4803		0.013289	2078	9
PRR3	2.4597	2.4786	2.5137	0.012061	2079	9
STARD7	2.686	2.4774	2.2736	0.0071641	2080	9
UBP1	2.3653	2.4772	2.548	0.0095758	2081	9
CCNT2	2.3265	2.4758	2.6401	0.0079165	2082	9
MED19	2.6101	2.4756		0.01278	2083	9
JOSD1	2.3544	2.4749	2.6192	0.0087163	2084	9
DNPH1	2.7306	2.4747	2.2298	0.0073299	2085	9
ZCCHC3	2.4163	2.474	2.5198	0.0074205	2086	9
WDR25	2.599	2.4735	2.3512	0.0096408	2087	9
SPRY4	2.5241	2.4707	2.4386	0.013989	2088	9
LRRC39	2.5906	2.4703		0.016752	2089	9
CALB1	2.5636	2.4691	2.4122	0.0091831	2090	9
ANKRD13C	2.4746	2.4689		0.014306	2091	9
CRIM1	2.5793	2.4687	2.3769	0.008342	2092	9
ZMYND8	2.2652	2.4675	2.6848	0.005959	2093	9
ZNF280A	2.4032	2.4658		0.0089768	2094	9
ZFP1	2.5148	2.4646		0.012139	2095	9
USP12	2.6874	2.4639	2.2088	0.0059184	2096	9
RNF8	2.4933	2.4639		0.013586	2097	9
SOX12	2.441	2.4628		0.013329	2098	9
NDUFV1	2.4939	2.4619		0.014843	2099.5	9
FBXO28	2.4095	2.4619	2.5217	0.010335	2099.5	9
SDAD1	2.6028	2.4609		0.012463	2101	9
SMAD1	2.5663	2.4605	2.3808	0.0093173	2102	9
ZNF541	2.4306	2.4605	2.4774	0.011959	2103	9
TFAP2E	2.4162	2.46	2.4979	0.0087653	2104	9
BFSP1	2.6117	2.459	2.3415	0.0075406	2105	9
TOP2B	2.4489	2.4583		0.012132	2106	9
ZNF680	2.6035	2.4573	2.306	0.0096873	2107	9
GFM2	2.767	2.4564		0.007574	2108	9
MUL1	2.5156	2.4564		0.013478	2109	9
ZDHHC24	2.6642	2.4559	2.2376	0.0087293	2110	9
B9D1	2.6137	2.4539	2.3203	0.0049917	2111	9
GALNT18	2.5425	2.4534	2.4044	0.010515	2112	9
SNX13	2.5582	2.4514	2.3785	0.0090122	2113	9
PPP1R3E	2.2955	2.4507	2.6667	0.0059476	2114	9
DNMBP	2.261	2.4481		0.0073502	2115	9
REP15	2.3109	2.4477		0.0093203	2116	9
EXOC4	2.7974	2.447	2.0248	0.005412	2117	9
LINC02223	2.5621	2.4466	2.3688	0.011179	2118	9
MAPK10	2.2302	2.4465	2.7268	0.0075776	2119	9
CCDC158	2.5553	2.4457		0.012218	2120	9
RNF139	2.6174	2.4441	2.2613	0.0081929	2121	9
ZNF322	2.3716	2.4439	2.5046	0.0097429	2122	9
KREMEN2	2.6591	2.4435	2.2007	0.0085342	2123	9
HEMK1	2.5628	2.4425	2.2941	0.012231	2124	9
UBE2K	2.395	2.4418		0.0095283	2125	9
PHYHIPL	2.4578	2.4414	2.4268	0.0097106	2126	9
TMEM97	2.6043	2.4406	2.2888	0.0098676	2127	9
PSMC1	2.5932	2.4393	2.2607	0.013367	2128	9
LINC01116	2.5417	2.4387	2.3015	0.014645	2129	9
IFT22	2.6387	2.4378	2.1487	0.003686	2130	9
OBSL1	2.3456	2.4361	2.5026	0.0081253	2131	9
TDG	2.2017	2.4349	2.6245	0.0068788	2132	9
CYP2R1	2.5614	2.4348		0.011574	2133	9
UNC79	2.2465	2.4347	2.5776	0.0077586	2134	9
LCMT1	2.6622	2.4311	2.1686	0.010248	2135	9
ANGPTL6	2.6472	2.4287	2.1835	0.0091772	2136	9
MIEF1	2.6611	2.4276	2.1583	0.0083016	2137	9
COMMD10	2.571	2.427		0.01078	2138	9
UBA1	2.5512	2.4259		0.014597	2139	9
TUBB	2.6808	2.4248	2.1018	0.0053738	2140	9
TPX2	2.5774	2.4237		0.012232	2141	9
EFNA5	2.1742	2.4232	2.741	0.0075678	2142	9
SEC61A2	2.5852	2.4226	2.247	0.010331	2143	9
HTR1F	1.9295	2.4225	3.0172	0.0033885	2144	9
DECR2	2.5275	2.422	2.3254	0.010282	2145	9
LOC101927027	2.5393	2.4205	2.356	0.0062843	2146	9
THBD	2.5904	2.4202	2.2135	0.0097593	2147	9
EGR3	2.5711	2.4198	2.254	0.010848	2148	9
SMYD3	2.6151	2.4185	2.1824	0.010885	2149	9
TMIE	2.6074	2.4174	2.2331	0.0091943	2150	9
TEX47	2.4101	2.417	2.4202	0.012847	2151	9
RUBCN	2.528	2.4156	2.3316	0.0089944	2152	9
RNF11	2.5412	2.4145	2.3187	0.0060109	2153	9
ZNF791	2.2468	2.4089		0.0047918	2154	9
NRXN3	2.4031	2.4085	2.419	0.010974	2155	9
POLR3C	2.6932	2.4069		0.0077063	2156	9
ATP6V0CP3	2.5652	2.4068		0.012054	2157	9
CEBPA	2.4976	2.4063	2.3657	0.0054569	2158	9
YJEFN3	2.7627	2.4061	1.9647	0.0045807	2159	9
DRG2	2.5587	2.4055	2.2472	0.011263	2160	9
GCNT1	2.5919	2.4037	2.1833	0.0081077	2161	9
ZNF622	2.5449	2.3995		0.011065	2162	9
MBTPS2	2.2961	2.3989		0.0081784	2163	9
DHRS7B	2.5392	2.3981	2.209	0.011655	2164	9
KRT83	2.4937	2.3975	2.2997	0.010442	2165	9
EDC3	2.5115	2.3968	2.2619	0.012826	2166	9
IKBIP	2.6152	2.3963	2.1822	0.0056137	2167	9
METTL1	2.6313	2.3959	2.1378	0.0097726	2168	9
ANKRD6	2.4665	2.3957	2.3907	0.0058802	2169	9
PTPRK	2.4009	2.3954	2.3838	0.01436	2170	9
LTB	2.1508	2.393	2.703	0.007391	2171	9
LOC100505938	2.2129	2.3924	2.6091	0.0062265	2172	9
FAR2P1	2.5907	2.392	2.1917	0.0053981	2173	9
POLR3B	2.4506	2.3919		0.013945	2174	9
ZNF484	2.303	2.3913		0.011283	2175	9
PCDH9	2.4192	2.3912		0.010433	2176	9
ZNF786	2.2147	2.3906	2.5309	0.0075972	2177	9
ASB1	2.5405	2.3905	2.1849	0.0046258	2178	9
DTX1	2.5111	2.3884	2.3085	0.0097379	2179	9
TMEM69	2.2326	2.3884		0.007282	2180	9
LMTK2	1.9869	2.3874	2.5834	0.0033319	2181	9
JADE2	2.5248	2.3858	2.2444	0.010698	2182	9
LRRC20	2.3689	2.3854	2.4136	0.011932	2183	9
SLBP	2.627	2.3852		0.0067792	2184	9
STK25	2.5496	2.3837	2.194	0.0046967	2185	9
GPR68	2.6526	2.3807	2.062	0.0061632	2186	9
FDPS	2.6185	2.3789	2.0889	0.0086501	2187	9
PPP2R5B	2.2652	2.3765	2.5302	0.008677	2188	9
C1QL4	2.5341	2.3759	2.1859	0.0078607	2189	9
YARS2	2.4792	2.3752		0.01236	2190	9
ZNF331	2.3967	2.3746	2.3449	0.014441	2191	9
RS1	2.4897	2.3736	2.2707	0.010511	2192	9
PLPBP	2.5712	2.3727	2.1784	0.0054813	2193	9
ARHGEF28	2.6158	2.3726	2.0826	0.0068703	2194	9
RIN1	2.4922	2.3724	2.274	0.009242	2195	9
C10orf82	2.4557	2.3723		0.010074	2196	9
PID1	2.542	2.3719	2.1893	0.0034885	2197	9
IREB2	2.3232	2.3718	2.3657	0.0081993	2198	9
KRT86	2.5483	2.3715		0.0082323	2199	9
C12orf76	2.5002	2.3703	2.2127	0.0095479	2200	9
NMT1	2.52	2.3699	2.2348	0.010261	2201	9
LINC00339	2.312	2.3687		0.010175	2202	9
GPR158	2.2136	2.3682	2.565	0.0081265	2203	9
ATAD3A	2.527	2.3679		0.010659	2204	9
PNPLA6	2.5049	2.3674		0.012679	2205	9
BCL2L13	2.4164	2.3663	2.3122	0.016315	2206	9
UGCG	1.9736	2.3634	2.7601	0.0049021	2207	9
GRM6	2.4918	2.3618	2.2433	0.011732	2208	9
NMRAL1	2.4744	2.3608	2.2403	0.010085	2209	9
LINGO1	2.4891	2.3597	2.2436	0.0070689	2210	9
NPTX2	2.6122	2.3592	2.0957	0.0063214	2211	9
FUCA1	2.5378	2.3591	2.1807	0.0073499	2212	9
SULT2B1	2.3354	2.3589		0.011259	2213	9
DMAP1	2.3682	2.3551		0.011154	2214	9
TMEM242	2.5329	2.355	2.1629	0.010688	2215	9
EIF4A2	2.0772	2.353	2.6877	0.0058029	2216	9
ASNSD1	2.2339	2.351		0.0085168	2217	9
ARNTL	2.053	2.351	2.6388	0.0052088	2218	9
GSK3B	2.1788	2.3505	2.5891	0.0077698	2219	9
ANKRD34C	1.9261	2.3505	2.9065	0.0042139	2220	9
CORO2A	2.2637	2.3504	2.4674	0.010493	2221	9
PSMB7	2.7787	2.3504	1.8609	0.0052566	2222	9
SLC17A7	2.5154	2.3503	2.1922	0.0093254	2223	9
GPR180	2.0219	2.35	2.6654	0.0056166	2224	9
FAM182B	2.5522	2.3485	2.133	0.006121	2225	9
DENND4A	2.2316	2.3471	2.4121	0.0060364	2226	9
DBN1	2.4173	2.3458		0.011959	2227	9
PSEN2	2.4682	2.345		0.01304	2228	9
RBFOX1	2.1352	2.3438	2.5706	0.0065593	2229	9
HS3ST2	2.4124	2.343	2.2538	0.018205	2230	9
ZBTB17	2.37	2.3426		0.012701	2231	9
TRIM36	2.4935	2.3411	2.1254	0.0036442	2232	9
C12orf73	2.5038	2.3401	2.202	0.0056529	2233	9
SFRP1	2.4506	2.3399	2.2412	0.0074508	2234	9
S100A6	2.4423	2.3391	2.2116	0.012496	2235	9
ID2	2.4193	2.3387	2.2546	0.01219	2236	9
F12	2.4331	2.3377	2.2965	0.0070962	2237	9
VAT1	2.5004	2.3366	2.1583	0.0080067	2238	9
NIPAL2	1.936	2.3352	2.8445	0.0039433	2239	9
CFL1	2.5218	2.3343		0.010959	2240	9
DOK6	2.4379	2.3339	2.2273	0.0035906	2241	9
PAK3	2.4096	2.3329	2.3044	0.0071633	2242	9
FAM213B	2.4742	2.3324	2.2068	0.0070541	2243	9
DUSP5	2.1691	2.3321		0.0096232	2244	9
APBA2	2.2485	2.3319		0.011024	2245	9
ELP3	2.3576	2.3315	2.2991	0.014975	2246	9
KHDC1	2.397	2.3307	2.245	0.0129	2247	9
SLC6A17	2.277	2.3306	2.3369	0.0083832	2248	9
PTCH1	2.4095	2.3285	2.2826	0.011006	2249	9
TRAF2	2.2618	2.327		0.010669	2250	9
NMRK1	2.2285	2.3254		0.0094897	2251	9
GSPT2	2.3975	2.3249	2.2832	0.009594	2252	9
TMEM267	2.1547	2.3233		0.0063282	2253	9
GPR137C	2.2233	2.321	2.3936	0.0084471	2254	9
SSR4	2.6495	2.3202	1.9394	0.0052215	2255	9
PHKG2	2.1841	2.3192	2.4809	0.0090522	2256	9
OR2L8	1.9902	2.3192	2.6846	0.0049044	2257	9
MFGE8	2.3632	2.3185	2.2886	0.013413	2258	9
WDR66	2.397	2.3178	2.2818	0.0048524	2259	9
C18orf25	1.9141	2.3166	2.834	0.0046666	2260	9
CACNG6	2.3771	2.3163	2.2593	0.011563	2261	9
SLC30A7	2.1751	2.3153	2.4179	0.0067336	2262	9
PPM1B	2.0971	2.3144	2.5275	0.005372	2263	9
UBC	2.4657	2.3135		0.010693	2264	9
CEMIP	2.0883	2.3129	2.5115	0.0066237	2265	9
MCOLN1	2.2811	2.3124	2.344	0.011596	2266	9
AOC2	2.3018	2.3097		0.013183	2267	9
PPM1F	2.4028	2.3071		0.011559	2268	9
TOX2	2.1579	2.3054	2.508	0.0087018	2269	9
RBM26	2.345	2.305		0.012396	2270	9
SRPRB	2.3289	2.3047		0.013652	2271	9
ZNF727	2.4472	2.3046	2.1755	0.0068322	2272	9
PCBP3	2.4697	2.304	2.1036	0.0093465	2273	9
DDAH1	2.556	2.3036	1.9791	0.0046336	2274	9
AJAP1	2.3319	2.303	2.2786	0.012706	2275	9
PAPSS1	2.423	2.3027	2.1835	0.012174	2276	9
LOC389895	2.5884	2.3026		0.0067908	2277	9
RC3H1	2.2198	2.3026		0.0090802	2278	9
ZNF585B	2.2636	2.3022		0.010804	2279	9
MYBPC2	2.3786	2.3017	2.2175	0.010613	2280	9
ERCC2	2.4303	2.3009	2.1968	0.0063219	2281	9
TUBA4A	2.5061	2.3006	2.0745	0.0092408	2282	9
KLC1	2.4969	2.3001	2.0793	0.00993	2283	9
IL10RA	2.5111	2.2997	2.0058	0.004699	2284	9
NIPSNAP1	2.5526	2.2984	1.9816	0.0063829	2285	9
IFNLR1	1.7202	2.2984	2.8505	0.0030681	2286	9
RXRB	2.2169	2.297		0.0090773	2287	9
MTCL1	1.9354	2.2964	2.7874	0.0053574	2288	9
ALOX12B	2.2552	2.296		0.012445	2289	9
TIMM10B	2.4423	2.295		0.0086072	2290	9
ITGA4	2.3197	2.2948		0.015869	2291	9
MFSD4B	2.3952	2.2915		0.01139	2292	9
DPH2	2.4522	2.2908		0.010376	2293	9
PRELID2	2.2008	2.2906	2.3576	0.012326	2294	9
GABRB1	2.3777	2.2905	2.2662	0.0050665	2295	9
MCTS1	2.6662	2.2897	1.8464	0.005546	2296	9
MPV17L2	2.4635	2.2896	2.1124	0.0067045	2297	9
SERINC1	2.4664	2.2873	2.0708	0.0085218	2298	9
CCHCR1	2.3296	2.2868		0.0098477	2299	9
ZNF697	2.2472	2.2864	2.3104	0.010811	2300	9
TXN	2.733	2.2862	1.5951	0.002504	2301	9
DHPS	2.2889	2.2856		0.010461	2302	9
ZFP28	2.5099	2.2851		0.0060156	2303	9
GPBP1	2.1976	2.285	2.3445	0.0095017	2304	9
FXR2	2.3418	2.2844		0.013723	2305	9
PDC	2.1385	2.2841	2.4364	0.0077596	2306	9
CUL2	2.4338	2.2819	2.1053	0.0091282	2307	9
COL24A1	2.3785	2.2814	2.1579	0.01411	2308	9
MSANTD4	2.3226	2.2808		0.012417	2309	9
OR2M1P	2.2099	2.2793		0.0085086	2310	9
RPL15	2.0731	2.278	2.5088	0.0066749	2311	9
DBNDD1	2.3208	2.2776	2.2168	0.011107	2312	9
CLPP	2.481	2.2765	2.0739	0.0064379	2313	9
EBP	2.4032	2.2761		0.010922	2314	9
TAB2	2.3664	2.2753	2.2248	0.0086407	2315	9
MEPE	2.48	2.2745	2.02	0.0082114	2316	9
CCT7	2.4405	2.272	2.0689	0.011911	2317	9
BOP1	2.4482	2.2718	2.0956	0.010156	2318	9
NEDD8	2.5103	2.2697		0.0095525	2319	9
KCNQ5	2.185	2.2696	2.3761	0.011164	2320	9
GMPPB	2.3453	2.2682	2.1672	0.013346	2321	9
ADRB1	2.1156	2.267	2.3813	0.0065681	2322	9
ZFPM2	2.1688	2.2654	2.4044	0.0096503	2323	9
XPA	2.4395	2.2638		0.011953	2324	9
DPH7	2.0218	2.2635	2.4766	0.0053204	2325	9
MFAP3	1.8845	2.2634	2.7051	0.0044459	2326	9
CCT5	2.55	2.2633	1.9254	0.0064162	2327	9
PARP8	2.3343	2.2626	2.214	0.010612	2328	9
SNAI1	2.1495	2.2607	2.3723	0.0076754	2329	9
MGAT4C	2.2234	2.2605	2.2974	0.010505	2330	9
CHMP1A	2.3648	2.259	2.1825	0.0060343	2331	9
GUCY1A2	2.2174	2.2587	2.3145	0.013612	2332	9
FEZ2	2.4636	2.258	2.0174	0.009833	2333	9
SLC39A4	2.4442	2.2574	2.0807	0.0086062	2334	9
AKAP10	2.18	2.2573	2.3308	0.0073155	2335	9
SPATA20	2.4376	2.2558	2.0402	0.0069058	2336	9
ZFYVE27	1.98	2.2543	2.4979	0.0059865	2337	9
CAPN12	2.3397	2.2528	2.1999	0.010632	2338	9
STAP2	2.2874	2.2513		0.011507	2339	9
GPR25	2.3831	2.251	2.1123	0.0067328	2340	9
KRBOX4	2.3758	2.2508	2.167	0.0068475	2341	9
API5	2.0617	2.2508	2.4287	0.0053631	2342	9
SPRYD7	2.3582	2.2505		0.009577	2343	9
MYBPHL	2.1448	2.2505	2.376	0.0087193	2344	9
BCAR3	2.3958	2.2504	2.1466	0.01342	2345	9
ATP5MPL	2.0513	2.2501	2.4556	0.0055621	2346	9
UPP2	2.3905	2.249	2.1324	0.0078865	2347	9
TTC9	2.2694	2.2479		0.013913	2348	9
TRIM49	2.2998	2.2473		0.012897	2349	9
ICAM5	2.3661	2.2469	2.1698	0.0062299	2350	9
PURB	2.1363	2.2453	2.3258	0.0088155	2351	9
IRS2	2.3185	2.2449	2.1524	0.01491	2352	9
AP1G2	2.1891	2.2449	2.2778	0.011498	2353	9
YTHDC1	2.0006	2.2443	2.5456	0.0053095	2354	9
MRPL27	2.2069	2.2435	2.3046	0.01167	2355	9
TMEM87B	2.2803	2.242	2.2131	0.011687	2356	9
ARID2	1.8843	2.2388	2.6872	0.0049303	2357	9
ZDHHC16	2.2843	2.2384		0.011278	2358	9
AGBL3	2.0354	2.2368	2.4267	0.0070685	2359	9
AMDHD1	2.2508	2.2363	2.2185	0.012088	2360	9
ZNF292	2.0964	2.2358	2.322	0.0079633	2361	9
CSTF3	2.3097	2.2334	2.1654	0.013461	2362	9
SCARNA17	2.1588	2.2332		0.0082924	2363	9
TAS2R10	1.9482	2.2328	2.4248	0.0038744	2364	9
SIL1	2.4826	2.2322	1.9452	0.0063803	2365	9
LAGE3	2.3847	2.2308		0.011029	2366	9
GRM8	2.3429	2.2303	2.1526	0.010087	2367	9
ADAT2	2.2384	2.2297		0.0093107	2368	9
SIK3	2.0608	2.2288		0.0070251	2369	9
MEST	2.3847	2.2288	2.1067	0.0060207	2370	9
CAMKV	2.3147	2.2275	2.1733	0.0087204	2371	9
SMIM10L2A	2.3939	2.2273	2.0134	0.0038924	2372	9
RIMS1	2.3128	2.2269	2.159	0.0087548	2373	9
EIF1AX	2.0949	2.2256	2.3793	0.0077485	2374	9
CTHRC1	2.0976	2.2255		0.0071742	2375	9
TAC3	2.3307	2.2242	2.1274	0.012027	2376	9
ZC2HC1C	2.3892	2.2236		0.010889	2377	9
ST7-AS1	2.2789	2.223		0.011153	2378	9
DAPK1-IT1	2.137	2.2222	2.272	0.010778	2379	9
CRYZL2P	2.3975	2.2201	2.0721	0.0079554	2380	9
TIA1	2.0659	2.2197	2.2937	0.0067125	2381	9
RFPL2	2.0102	2.2193	2.4983	0.0068258	2382	9
LOC728392	2.3178	2.2192	2.172	0.0061335	2383	9
RTEL1	2.0112	2.2186	2.4276	0.0061662	2384	9
ANKRD50	2.2968	2.2146	2.1644	0.0074311	2385	9
PPARG	2.315	2.2146	2.0804	0.013296	2386	9
PEX6	2.0833	2.2145	2.3683	0.007166	2387	9
ENPP4	2.2628	2.2128	2.1533	0.01369	2388	9
SBF1P1	2.324	2.212		0.012992	2389	9
WDR31	2.3175	2.2117	2.1113	0.0067632	2390	9
SLC49A3	2.2654	2.2113	2.146	0.01394	2391	9
GRPR	2.3337	2.2109		0.010418	2392	9
RBP5	2.1993	2.2107	2.2201	0.013326	2393	9
ACTN1	2.2734	2.2105	2.1479	0.012339	2394	9
ELL2	2.1271	2.2099	2.2925	0.0095311	2395	9
SNRNP27	2.5307	2.2097	1.8823	0.0051939	2396	9
ETNK1	2.2904	2.2089		0.012215	2397	9
RGL1	2.3355	2.2075		0.0093453	2398	9
SGSM1	2.2841	2.2072	2.1433	0.01098	2399	9
CBLL1	2.286	2.2071		0.0095596	2400	9
MOB2	2.1089	2.207	2.3306	0.010736	2401	9
KATNBL1	2.1812	2.2049		0.0099407	2402	9
ZSCAN25	2.1529	2.2024		0.0073151	2403	8
DNAJC14	2.2996	2.2022		0.0095962	2404	8
DCUN1D1	2.1134	2.2022	2.3179	0.0096991	2405	8
MAGED1	2.4815	2.2017	1.8846	0.0077202	2406	8
PP7080	2.3092	2.2017		0.0098883	2407	8
ZBTB6	2.1921	2.2015		0.0092184	2408	8
CPSF3	2.189	2.2014		0.010037	2409	8
MUM1	2.1889	2.2002	2.2013	0.01026	2410	8
GLB1L3	1.9991	2.1988	2.4462	0.0070175	2411	8
ARMC10	2.3019	2.1987	2.1185	0.0046028	2412	8
PRAG1	1.9874	2.1987	2.4176	0.005249	2413	8
ADAM8	1.9798	2.1981	2.3724	0.0063261	2414	8
MRPS25	2.448	2.1965	1.9075	0.0076198	2415	8
DYNC1I1	2.3552	2.1954	2.0047	0.011458	2416	8
MYOM2	2.2708	2.1951	2.0947	0.013736	2417	8
GUCA1B	2.2187	2.1945	2.1452	0.012273	2418	8
CLUHP3	2.1205	2.1933	2.2271	0.0081725	2419	8
RDH11	2.3335	2.1927	2.0128	0.010811	2420	8
DDIT4L	2.3578	2.1927		0.0077971	2421	8
TUBB8P12	2.453	2.1916	1.8622	0.0047041	2422	8
ANO5	2.1492	2.1912	2.2493	0.011517	2423	8
EID2B	2.2833	2.1911	2.1029	0.010021	2424	8
SLC27A5	2.4261	2.1894	1.964	0.0057967	2425	8
RNF128	2.2242	2.1884	2.1407	0.014649	2426.5	8
CSGALNACT1	2.3807	2.1884	2.0026	0.0062717	2426.5	8
XKR9	2.0961	2.1863	2.3207	0.0078129	2428	8
SLC29A3	2.2827	2.1862	2.1332	0.0080575	2429	8
VAX1	2.2216	2.1859		0.012864	2430	8
DUT	2.0464	2.1856	2.2853	0.0073289	2431	8
DNAJC8	2.4403	2.1833	1.8958	0.0081881	2432	8
TSR2	2.3799	2.1831		0.008101	2433	8
TRAPPC13	2.2763	2.182		0.012868	2434	8
NUMB	2.1434	2.1807		0.012134	2435	8
CTH	2.3682	2.1798	1.9514	0.0067792	2436	8
TDRD9	2.452	2.1793	1.8687	0.0048323	2437	8
MON1A	2.3338	2.1784		0.010375	2438	8
ISLR2	2.3551	2.1773	1.9974	0.011356	2439	8
SMUG1	2.29	2.1765		0.01045	2440	8
FGF18	1.9796	2.1745	2.359	0.0063882	2441	8
TMEM248	2.3421	2.1719		0.0090806	2442	8
GLIS3	2.2874	2.1697	2.0963	0.012979	2443	8
GNG4	2.2972	2.1687	2.0676	0.0047792	2444	8
C16orf95	2.4421	2.1677	1.8517	0.0065249	2445	8
HAUS5	1.9931	2.1677		0.0064997	2446	8
MXD1	2.0348	2.1668	2.2348	0.0072662	2447	8
TAS2R4	2.0794	2.1661	2.2278	0.0083912	2448	8
FGFR1OP	1.9417	2.166	2.3262	0.0051317	2449	8
GPR83	2.3246	2.1657	2.0146	0.0083492	2450	8
ALDOA	2.3168	2.1653		0.012488	2451	8
MRAP2	2.2038	2.1643	2.1236	0.01201	2452	8
RGS17	2.3152	2.1631	2.0316	0.0070461	2453	8
KIF2A	2.3189	2.1629	1.9991	0.0058927	2454	8
SKIL	2.1463	2.1628		0.012961	2455	8
ATG101	2.2302	2.1626		0.011259	2456	8
NR1H3	2.4105	2.1623	1.8928	0.0070312	2457	8
NAP1L1	2.0802	2.1604	2.2659	0.0098204	2458	8
FAIM2	2.2283	2.1603	2.0682	0.014515	2459	8
BASP1-AS1	1.918	2.1585	2.4113	0.0063135	2460	8
LGALS1	2.1921	2.1584	2.1185	0.014538	2461	8
TRAPPC2	2.2969	2.158	2.0437	0.0075746	2462	8
KIF26A	2.2229	2.1563	2.0691	0.011853	2463	8
FLRT3	1.9278	2.1554	2.3767	0.0061397	2464	8
CHST15	2.2915	2.1528	1.9967	0.012071	2465	8
STRAP	2.402	2.1522	1.8643	0.0078771	2466	8
FIZ1	2.0337	2.1509	2.3162	0.0086021	2467	8
FIBP	2.1742	2.1494		0.015315	2468	8
PCDHB2	2.1429	2.1493	2.1906	0.011246	2469	8
SURF6	2.2948	2.1479		0.0090621	2470	8
ZNF706	2.2573	2.1476	2.0778	0.0055193	2471	8
DCX	2.1576	2.147		0.014515	2472	8
MBTPS1	2.1183	2.1442		0.0099076	2473	8
ARL8B	2.1651	2.1421	2.1024	0.012434	2474	8
LOC100131289	2.0976	2.142		0.0077223	2475	8
CALR	2.2527	2.1401		0.0081929	2476	8
SH3GLB2	2.3886	2.14	1.8548	0.0086536	2477	8
FAM169A	2.0262	2.138	2.222	0.0088868	2478	8
BHMT	2.3288	2.1376	1.9248	0.0093016	2479	8
KIAA1211L	2.1494	2.1372	2.1328	0.0093637	2480	8
ALPL	2.3111	2.1367	1.9519	0.0080724	2481	8
ZAP70	2.2752	2.1347		0.0097397	2482	8
SPDEF	2.1284	2.1344	2.1414	0.012637	2483	8
PPIP5K2	2.0583	2.1343	2.2334	0.011621	2484	8
PGBD2	2.0631	2.1311		0.011698	2485	8
GALNT11	2.3296	2.1311		0.0074637	2486	8
DGCR9	1.9174	2.1294	2.3033	0.0054164	2487	8
TYSND1	2.1842	2.1278		0.0096845	2488	8
INSL3	2.1079	2.1269		0.012959	2489	8
CSTF2T	1.9917	2.1242	2.2948	0.0082391	2490	8
MOB1B	2.2786	2.124	1.994	0.0046688	2491	8
RAB14	2.118	2.1237		0.013279	2492	8
ITPK1	1.968	2.1233	2.2498	0.0060213	2493	8
CGREF1	2.3306	2.1229	1.9256	0.0051668	2494	8
CRMP1	2.2298	2.1223	2.0422	0.0072285	2495	8
C20orf27	2.6319	2.1215	1.5064	0.0031044	2496	8
C1GALT1	2.2373	2.121		0.0090111	2497	8
BCL7A	2.0134	2.1209	2.204	0.0086768	2498	8
STUM	2.279	2.1205	1.9789	0.0036864	2499	8
KLHDC2	1.9269	2.12	2.3027	0.0060063	2500	8
CHI3L1	2.1571	2.1196	2.101	0.010736	2501	8
ABI1	2.4288	2.1195	1.7797	0.005341	2502	8
FZD9	2.3693	2.1187	1.8594	0.0073111	2503	8
TMEM237	1.8684	2.1186	2.4554	0.0052016	2504	8
GGA3	2.1111	2.1186		0.0090471	2505	8
C2orf69	2.2821	2.1174	1.915	0.004202	2506	8
TLL1	2.2471	2.1157	2.0088	0.0082297	2507	8
UBN2	1.9395	2.1134	2.2016	0.0061771	2508	8
FCHO2	1.9525	2.1133	2.2166	0.0053799	2509	8
SLITRK4	2.0983	2.113		0.0094149	2510	8
DDX28	2.034	2.112		0.0092708	2511	8
HSD11B1L	2.313	2.1119	1.8951	0.0046376	2512	8
IQCF4	2.2454	2.1115	1.9993	0.0097657	2513	8
SNHG20	2.2178	2.111		0.0096293	2514	8
TMEM81	1.9227	2.1106	2.3574	0.0070002	2515	8
KCNJ8	2.1256	2.1091	2.0874	0.015273	2516	8
MDGA2	1.8034	2.1086	2.456	0.0046156	2517	8
APBB3	2.0855	2.1084		0.011811	2518	8
PYM1	2.0118	2.1073	2.2094	0.0099919	2519	8
MRPL10	2.3282	2.1072	1.8871	0.0046163	2520	8
ARFRP1	2.0731	2.1061		0.0085009	2521	8
RGS11	2.0665	2.1059		0.011139	2522	8
DNAJB9	2.145	2.1049	2.0471	0.012513	2523	8
LINC01106	1.9497	2.1028	2.2293	0.0072232	2524	8
AFAP1L1	1.9987	2.1025	2.2161	0.0083263	2525	8
ZC2HC1A	2.1789	2.1022	2.014	0.011744	2526	8
PDE10A	1.8789	2.101	2.3277	0.0054004	2527	8
DBNL	2.2986	2.1002	1.861	0.0065491	2528	8
ZCCHC17	2.2153	2.0997	2.0419	0.0042076	2529	8
MAPK1IP1L	2.1901	2.0993	2.0546	0.0061324	2530	8
ZNF471	2.2054	2.0985		0.011233	2531	8
PGM2L1	2.1871	2.0984	2.038	0.0070693	2532	8
STK11	1.9167	2.0975		0.0064339	2533	8
CAMLG	2.2243	2.0972	1.993	0.0073001	2534	8
ADGRA2	1.941	2.0958	2.2742	0.0072453	2535	8
ZNF8	2.0481	2.0951	2.1145	0.0066117	2536	8
F8A1	1.9608	2.094	2.2471	0.007123	2537	8
RRN3	2.1456	2.0938		0.012249	2538	8
SERTM1	2.199	2.0935	2.0089	0.0075307	2539	8
VPS13D	2.1364	2.0933	2.0352	0.01399	2540	8
NELFE	2.3201	2.0933	1.8182	0.004912	2541	8
SENP1	1.9806	2.0928	2.1789	0.0082339	2542	8
RAD51AP2	2.0125	2.0924		0.010682	2543	8
RFK	2.346	2.0922	1.7438	0.0036712	2544	8
FAM57A	2.1789	2.092		0.0086985	2545	8
AMIGO1	2.0042	2.0919		0.0091407	2546	8
INSIG1	2.1504	2.0919	2.0111	0.012077	2547	8
ATP6V1H	2.4085	2.0918	1.7443	0.0057088	2548	8
TUBB8	2.3757	2.0917	1.7508	0.005364	2549	8
UBE2S	2.3776	2.0907	1.7601	0.0049968	2550	8
EDN1	2.1685	2.0895	2.0155	0.0094724	2551	8
RPAP1	2.1508	2.0894		0.012175	2552	8
MARCKS	2.1964	2.089	2.0145	0.0077416	2553	8
NBAS	2.2778	2.0878	1.8651	0.0095339	2554	8
ZNF189	2.0085	2.0866	2.1871	0.0081727	2555	8
AKAP6	2.0786	2.0863	2.1104	0.011812	2556	8
CACNG8	1.9873	2.0852	2.2118	0.0092065	2557	8
MELTF	2.1146	2.0847	2.0635	0.011039	2558	8
METTL9	2.2156	2.0843	1.97	0.0071692	2559	8
KLF12	1.8791	2.0837	2.342	0.0050179	2560	8
SEC31B	1.9957	2.0829	2.1296	0.0083432	2561	8
IMMT	2.1682	2.0818	1.9704	0.013551	2562	8
ARHGAP25	2.0996	2.0812	2.0563	0.012234	2563	8
C19orf70	2.3392	2.0801	1.7805	0.0069254	2564	8
CXXC5	1.98	2.0796		0.0099456	2565	8
MSMO1	2.2683	2.0796	1.8821	0.0076734	2566	8
NDP	2.2591	2.0795	1.8865	0.0058455	2567	8
AQP11	2.108	2.0775		0.014786	2568	8
ZDHHC5	1.7058	2.0775	2.5141	0.0040177	2569	8
RGS12	2.1854	2.0772	1.9589	0.011266	2570	8
ZNF584	2.0016	2.0768	2.1697	0.009816	2571	8
TTC21A	2.0135	2.0762	2.1141	0.0098708	2572	8
FAP	1.9159	2.0755	2.2421	0.0067474	2573	8
SLC29A2	1.9526	2.0753	2.2295	0.0087996	2574	8
USP5	2.2226	2.0735	1.8981	0.010075	2575	8
ZNF630	1.9055	2.0729	2.2996	0.0068544	2576	8
PAXBP1-AS1	2.2079	2.072	1.968	0.0076003	2577	8
DGKE	2.0363	2.0719		0.010319	2578	8
PNMT	2.1864	2.0715	1.9871	0.0076206	2579	8
DNAH1	2.005	2.0699	2.1261	0.0081249	2580	8
OTUB2	2.1875	2.0674	1.9616	0.0060965	2581	8
ZNF576	2.0385	2.0658	2.1055	0.010873	2582	8
GNPTAB	2.1721	2.0648	1.9986	0.0063425	2583	8
SNX3	2.3518	2.0646	1.7489	0.0060428	2584	8
DCAF5	2.1783	2.0636	1.9772	0.0070632	2585	8
FARSB	2.272	2.0604		0.0059165	2586	8
TIMM17B	2.3709	2.0602		0.0049848	2587	8
GGN	2.1787	2.0602	1.9746	0.009222	2588	8
KRT31	2.0654	2.06	2.0516	0.010039	2589	8
COX7A2L	2.256	2.0592		0.0059894	2590	8
DMKN	1.8898	2.058	2.1359	0.0043888	2591	8
RITA1	2.2688	2.0542	1.855	0.0073976	2592	8
RARS	2.3001	2.0531		0.0079751	2593	8
PCDHB16	1.8868	2.053	2.2595	0.0061647	2594	8
CTSL	2.0273	2.0524	2.097	0.010718	2595	8
ASIC4	2.1536	2.0509	1.9711	0.011681	2596	8
WDR89	1.9958	2.0503		0.0093936	2597	8
VIPR1	1.8637	2.0494	2.2413	0.006354	2598	8
FMOD	2.1692	2.0493	1.919	0.009469	2599	8
CIP2A	2.1431	2.0493		0.011757	2600	8
FLJ37035	2.2221	2.0478		0.0089895	2601	8
FOXP4	2.1126	2.0478		0.011097	2602	8
CHN2	1.9257	2.0474	2.1925	0.0088226	2603	8
ARSG	1.7837	2.0471	2.3197	0.004566	2604	8
TOR1A	2.1962	2.0471		0.0067889	2605	8
BNIP3	2.0729	2.0463	2.0176	0.010535	2606	8
RMND5B	2.1769	2.0455		0.0097775	2607	8
CIRBP	2.2546	2.0442	1.8307	0.005719	2608	8
ZC3H8	2.1733	2.0441	1.9296	0.0085071	2609	8
CYB5R1	2.3143	2.0439	1.7047	0.0042612	2610	8
ZNF845	2.1729	2.0435	1.942	0.0098122	2611	8
ARMCX3	2.0246	2.043		0.011747	2612	8
ATP6V0D1	2.1783	2.0423	1.8868	0.011897	2613	8
SCARA5	2.1482	2.041	1.9637	0.0060502	2614	8
KCTD16	1.9792	2.0398	2.0884	0.011507	2615	8
ADGRL3	2.2263	2.0387	1.8645	0.0048994	2616	8
ELOA	2.1644	2.0377	1.8964	0.0093124	2617	8
ERCC6	2.0207	2.0359		0.011555	2618	8
CMTM8	2.1482	2.0334	1.945	0.0085328	2619	8
PRRT2	1.9383	2.0328	2.1277	0.009646	2620	8
KCNA4	2.1091	2.0302	1.9709	0.0097186	2621	8
GABRB3	2.2224	2.0301	1.8391	0.0054383	2622	8
SC5D	2.1554	2.0301	1.8744	0.010882	2623	8
ANKRD30BL	2.1877	2.0275	1.8566	0.0096502	2624	8
NGDN	1.9111	2.0274	2.1554	0.00787	2625	8
PIN1P1	2.1657	2.027		0.0093417	2626	8
MRPS18A	2.1524	2.0268		0.010105	2627	8
CACNB1	2.0507	2.0264	1.9999	0.012706	2628	8
ARHGAP33	2.1598	2.0263	1.9346	0.0044701	2629	8
PAPD4	1.9857	2.0263		0.010867	2630	8
ITPA	1.9382	2.0262	2.1351	0.0083642	2631	8
GPI	2.2094	2.0262	1.8164	0.0092872	2632	8
STARD4	2.0619	2.0259	1.9774	0.01198	2633	8
ZNF469	2.239	2.0249	1.8268	0.0071402	2634	8
ACTL6B	1.9405	2.0243		0.0091968	2635	8
SLC25A32	1.8905	2.0243	2.1944	0.0087844	2636	8
CHTF18	2.0285	2.024	2.0211	0.012522	2637	8
SNHG8	2.145	2.0232	1.9198	0.0059241	2638	8
TRH	2.1423	2.0229	1.9256	0.012135	2639	8
TUSC3	2.1431	2.0218	1.9163	0.0069022	2640	8
HGSNAT	2.0782	2.0214	1.9794	0.012225	2641	8
TAOK2	1.9641	2.0197		0.008411	2642	8
ZNF557	1.6265	2.0185	2.3475	0.0033275	2643	8
PRR36	2.1038	2.0176		0.010994	2644	8
NCALD	1.9672	2.0172	2.06	0.0089068	2645	8
FBXL16	2.1894	2.0158	1.8618	0.0065568	2646	8
PCDHB8	1.8634	2.0142	2.1506	0.0057578	2647	8
POP1	1.8647	2.0136	2.1164	0.006328	2648	8
AGTPBP1	2.1218	2.0133		0.010282	2649	8
MRPS21	2.1756	2.013		0.0097749	2650	8
TIMM44	2.0139	2.0117		0.011262	2651	8
HOOK1	1.9973	2.0115	2.0209	0.012051	2652	8
SLC6A13	1.9562	2.0112	2.084	0.010655	2653	8
NMNAT3	2.1869	2.0106	1.8151	0.0071393	2654	8
PSMB2	2.3287	2.0104		0.0052044	2655	8
PUSL1	2.2739	2.0064	1.7272	0.0048482	2656	8
UPK3A	2.0837	2.0063		0.011289	2657	8
USF3	2.1172	2.006	1.9334	0.010609	2658	8
MMAA	2.1452	2.005	1.8725	0.0072007	2659	8
TMEM243	2.0478	2.0018	1.9429	0.011031	2660	8
CA13	1.9016	2.0012	2.1314	0.0079843	2661	8
KIRREL2	2.4003	2.0006	1.546	0.0033386	2662	8
GSG1L	2.1765	2.0002	1.8425	0.006487	2663	8
LDHA	2.1376	1.9998	1.8371	0.0097394	2664	8
ZNF526	1.829	1.9995	2.1763	0.0072441	2665	8
IFT57	1.9678	1.9984	2.0318	0.011734	2666	8
ZMPSTE24	2.0406	1.998	1.9503	0.014094	2667	8
COPS6	2.2052	1.9976		0.0094506	2668	8
SRA1	1.6517	1.9961	2.4609	0.0045424	2669	8
OTUD1	2.0743	1.9959		0.0086581	2670	8
ASIC2	2.2457	1.9957	1.7006	0.0050013	2671	8
FBLN5	2.0911	1.9939	1.8981	0.010739	2672	8
FKBPL	2.0574	1.9937		0.009971	2673	8
LOC344967	2.1096	1.9935		0.011866	2674	8
CFL1P1	2.1644	1.9933	1.8021	0.0080536	2675	8
CLDN4	2.0841	1.9931		0.00971	2676	8
MYBPC1	2.1257	1.9926	1.891	0.0082444	2677	8
TCAF1	2.0281	1.9909		0.010893	2678	8
CASK	2.1142	1.9904	1.9067	0.0052135	2679	8
ZNF365	1.6108	1.9885	2.516	0.003973	2680	8
PFAS	1.866	1.9883		0.0066557	2681	8
SLC25A22	2.125	1.9881	1.8661	0.0048754	2682	8
ART3	1.9011	1.988	2.0775	0.0078916	2683	8
PARG	1.914	1.9874	2.0326	0.0073807	2684	8
CETN4P	1.9587	1.9874		0.011082	2685	8
MRFAP1	2.2174	1.987		0.0072964	2686	8
GGTLC1	1.9126	1.987		0.0085044	2687	8
NSUN5	1.7444	1.9851	2.2365	0.0059219	2688	8
ADGRD1	1.9748	1.9848		0.0094224	2689	8
LNX1	1.9341	1.9841	2.0222	0.0088375	2690	8
IKBKG	1.9403	1.983	2.0367	0.0096579	2691	8
ACAT2	2.1282	1.9814	1.807	0.0098501	2692	8
ANKRD30BP2	2.0716	1.9801	1.9122	0.0083062	2693	8
TMEM11	1.9995	1.9797		0.011303	2694	8
SGIP1	1.5874	1.9795	2.4308	0.0039211	2695	8
MSL3	2.0052	1.9778		0.010761	2696	8
BDNF	2.0624	1.977	1.8904	0.0099209	2697	8
PTPRU	2.0558	1.9764	1.8911	0.012813	2698	8
ZBTB4	1.9012	1.9743		0.0092668	2699	8
TADA2A	1.7963	1.974	2.1239	0.0046558	2700	8
FCHO1	1.8925	1.9737	2.0593	0.0061739	2701	8
RAB27B	2.0827	1.9732	1.8907	0.0046407	2702	8
RTL5	2.0301	1.9715	1.943	0.009048	2703	8
RIT2	2.0604	1.9702	1.8575	0.012265	2704	8
FASTKD5	1.8616	1.9694	2.1056	0.0089888	2705	8
TRMT1	1.9545	1.9691		0.011976	2706	8
TXNRD3	2.103	1.9675	1.8412	0.0057511	2707	8
CCT2	2.0978	1.9671		0.010407	2708	8
TMEM108	2.0557	1.9666	1.9123	0.0074902	2709	8
CERNA1	1.9419	1.9651		0.0087019	2710	8
ZNF658B	1.9548	1.9643		0.0090391	2711	8
CALCRL	2.0096	1.9638	1.9277	0.012897	2712	8
CORO6	1.4744	1.9629	2.6352	0.0034201	2713	8
RPS6KA5	1.964	1.9607	1.9523	0.013581	2714	8
PLCH2	1.9981	1.9594	1.9283	0.010943	2715	8
CCNDBP1	1.9725	1.9581		0.013103	2716	8
SCAI	1.7282	1.9575	2.0834	0.0040335	2717	8
CNIH3	2.0691	1.957	1.8459	0.0095304	2718	8
LINC00545	2.0122	1.9558	1.8823	0.015505	2719	8
MAP3K21	1.7702	1.955	2.1237	0.0054811	2720	8
CSE1L	2.0567	1.9536		0.010988	2721	8
DYNC1H1	2.0375	1.9532		0.012299	2722	8
AFTPH	1.6712	1.953	2.2664	0.0046551	2723	8
HAUS7	1.9887	1.9527	1.9001	0.010146	2724	8
MYO5B	1.9681	1.9526		0.012685	2725	8
TPI1P2	2.1388	1.9525		0.0091628	2726	8
FGF14	1.7865	1.9524	2.0835	0.00669	2727	8
PRDM16	2.134	1.9511	1.7941	0.0078494	2728	8
PCLO	2.0951	1.9506	1.82	0.0060678	2729	8
ONECUT2	1.8702	1.9505	2.0623	0.0093048	2730	8
DNAJC27	1.9335	1.9486	1.9684	0.011655	2731	8
C19orf57	2.0098	1.9463		0.010924	2732	8
THRA	2.1551	1.9462	1.7346	0.003441	2733	8
ATXN2L	1.8511	1.9458	2.0387	0.0081913	2734	8
FLCN	2.0242	1.9454		0.0094298	2735	8
MAGEF1	2.0377	1.9454		0.010187	2736	8
ADO	1.7436	1.945	2.2081	0.0053566	2737	8
ACOT8	2.1928	1.945	1.6544	0.0053346	2738	8
STIM1	2.2798	1.9445	1.6017	0.0048982	2739	8
ZMYND12	2.2114	1.9444	1.6686	0.0065232	2740	8
CIAO1	1.9733	1.9436		0.013086	2741	8
TMEM246	1.9968	1.9429		0.011796	2742	8
ABCC5	1.8037	1.9421	2.1	0.0067558	2743	8
N4BP1	1.7407	1.9421	2.092	0.0049737	2744	8
ASTE1	1.7448	1.9417	2.0887	0.0053689	2745	8
COG1	2.0962	1.941	1.7901	0.0040146	2746	8
STEAP1B	1.9506	1.9409		0.013008	2747	8
GET4	2.0805	1.94		0.0098291	2748	8
SEMA6B	2.0932	1.9385	1.7854	0.005336	2749	8
SNCB	1.7387	1.9384	2.1695	0.0060617	2750	8
MYO1B	1.8945	1.9383	1.989	0.0088077	2751	8
NUS1	2.0339	1.9381	1.8749	0.0054155	2752	8
DYRK2	2.099	1.9377	1.7696	0.006263	2753	8
CES4A	2.0314	1.9365	1.86	0.0080834	2754	8
TMEM74B	1.9122	1.9343		0.011767	2755	8
FUT10	2.2324	1.9339	1.6184	0.0045333	2756	8
GLE1	1.906	1.9338		0.0096482	2757	8
RIOX2	2.129	1.9329	1.6853	0.004415	2758	8
DPYSL2	2.0636	1.9319		0.0090133	2759	8
KIAA1328	2.028	1.9318	1.8678	0.0068862	2760	8
INPP5E	1.8048	1.9318		0.0074113	2761	8
RICTOR	1.515	1.9314	2.4547	0.0038617	2762	8
MFSD12	2.0896	1.9309	1.76	0.0084164	2763	8
TMEM65	2.0237	1.9301	1.8456	0.0080123	2764	8
GAL	1.9734	1.9288	1.8731	0.013403	2765	8
DENND5B	1.6628	1.9282	2.2245	0.0056277	2766	8
POPDC3	1.9081	1.9274	1.9544	0.011172	2767	8
PDZRN4	1.909	1.9262	1.9423	0.011544	2768	8
FRA10AC1	2.1206	1.9224	1.6899	0.0066465	2769	8
SLC35C1	1.6828	1.9221	2.2354	0.0047395	2770	8
SIN3B	2.0245	1.9218	1.8542	0.0061851	2771	8
YPEL3	1.7903	1.9205	2.0581	0.0062956	2772	8
PPT2	1.7501	1.9203		0.0066516	2773	8
PDP1	1.5788	1.9203	2.3003	0.0042189	2774	8
LINC02217	2.0383	1.9199	1.7955	0.0065805	2775	8
JADE1	1.8454	1.9196	1.9675	0.0088978	2776	8
SPRR2G	2.0702	1.9182	1.773	0.0057779	2777	8
SERPINB9P1	1.96	1.9181		0.0089063	2778	8
GSTA4	2.0294	1.9163		0.0088364	2779	8
RPP40	2.0121	1.9152		0.010654	2780	8
RNF26	1.8429	1.9138	2.0006	0.0090179	2781	8
DEFB131A	1.5739	1.9137	2.341	0.0040677	2782	8
TUBA8	1.7746	1.9134	2.0666	0.0080254	2783	8
GPR20	1.9391	1.9123	1.879	0.013039	2784	8
TCAP	1.9584	1.912	1.8708	0.01093	2785	8
ADAM17	1.9005	1.9117		0.01008	2786	8
PSMB1	2.1957	1.9109	1.5849	0.0035771	2787	8
ELOB	2.1736	1.9101	1.6356	0.0049841	2788	8
ZFP64	2.0849	1.9101	1.7073	0.0061715	2789	8
WDYHV1	1.8081	1.9078	2.0385	0.00865	2790	8
WHAMM	1.8874	1.9072		0.0082553	2791	8
CCNQ	2.0977	1.9071	1.68	0.0066104	2792	8
KIF1BP	2.0687	1.9069	1.7256	0.0087232	2793	8
GAMT	2.0511	1.9065	1.7475	0.0073302	2794	8
HS6ST3	1.9725	1.9055	1.8687	0.011029	2795	8
SYBU	1.7971	1.9042	1.9852	0.0078499	2796	8
AMH	1.703	1.9009	2.0503	0.0038367	2797	8
KCTD8	1.7419	1.9006	2.0727	0.0050886	2798	8
COPS3	1.7858	1.9005		0.0071855	2799	8
MPP3	1.9905	1.8983		0.0085457	2800	8
TMOD1	1.9139	1.8968	1.8824	0.011937	2801	8
PDZRN3	1.8876	1.8964	1.901	0.011451	2802	8
C5orf49	2.1604	1.8954	1.5704	0.0030815	2803	8
HOMER1	1.9075	1.8954	1.8709	0.011827	2804	8
DGAT2	2.0172	1.8952		0.0099415	2805	8
EPOR	1.9237	1.8951		0.0091651	2806	8
SNX12	1.8905	1.8951		0.0099805	2807	8
ZNF223	1.6448	1.8937	2.203	0.0054698	2808	8
RGR	1.968	1.8936		0.010321	2809	8
BMS1P20	1.5919	1.8917	2.2711	0.0045084	2810	8
SRRD	2.1295	1.8911	1.6321	0.0044917	2811	8
SH3GL3	2.1128	1.8905	1.6416	0.0044143	2812	8
TIAM2	1.6564	1.8903	2.1581	0.0056949	2813	8
CNOT11	1.8343	1.8878		0.0081802	2814	8
THNSL2	2.1068	1.8853	1.6301	0.0047547	2815	8
RBBP4	1.6623	1.8853	1.9897	0.0031123	2816	8
FBN1	1.509	1.8837	2.2393	0.0034069	2817	8
RLF	1.7878	1.8828		0.0080236	2818	8
NANOS1	2.0148	1.8826	1.7848	0.0049742	2819	8
FAR2P2	2.0065	1.8818	1.7736	0.0056458	2820	8
ZDHHC14	1.9941	1.8803	1.7837	0.0075841	2821	8
NECAB2	2.0098	1.8793	1.7784	0.0054807	2822	8
BCL6	1.9476	1.8775	1.8163	0.009023	2823	8
OGDHL	1.6767	1.8754	2.144	0.0062843	2824	8
FAM160B2	1.6251	1.8746	2.167	0.0052525	2825	8
PCDHB11	1.6806	1.874	1.9941	0.0044216	2826	8
TUBB4A	1.9433	1.8715		0.010846	2827	8
ZSCAN31	1.7578	1.8715	1.9538	0.0060591	2828	8
ZNF329	1.9341	1.8705		0.007784	2829	8
APPBP2	1.7511	1.8704	2.0217	0.0067118	2830	8
HSPA12B	1.8787	1.8699	1.8501	0.011743	2831	8
CPSF4	1.9461	1.8694		0.010009	2832	8
TDRD1	1.7018	1.8688	2.0146	0.0052041	2833	8
SESN1	1.8507	1.8685		0.008753	2834	8
JAKMIP3	1.635	1.8684	2.1226	0.005845	2835	8
GBAP1	1.9853	1.8677	1.7313	0.0095435	2836	8
TATDN2	1.9329	1.8675	1.819	0.0086472	2837	8
WDR81	1.6812	1.867	2.0631	0.004952	2838	8
ZKSCAN4	1.8051	1.8669		0.0062802	2839	8
SHC3	2.0063	1.8667	1.7299	0.0070821	2840	8
UBR3	1.9413	1.8664		0.0088864	2841	8
ZNF136	1.6577	1.8658	2.0204	0.0051034	2842	8
MTUS2	1.5546	1.8649	2.2254	0.0042594	2843	8
KCNMB2	2.0473	1.8632	1.6429	0.0070436	2844	8
KCNIP3	1.8594	1.8623	1.8976	0.0068397	2845	8
POR	2.0518	1.862	1.6569	0.0064123	2846	8
MPO	2.0282	1.8616	1.6631	0.0068081	2847	8
KLHL4	1.8727	1.8615		0.0097396	2848	8
MZF1	1.6989	1.8601	2.0091	0.0052534	2849	8
AEN	2.0043	1.8591		0.0068151	2850	8
DUSP14	1.9404	1.859		0.011028	2851	8
RPS6KB1	1.7271	1.8563	2.0229	0.0071974	2852	8
TCF7L2	1.784	1.8562	1.9394	0.0066194	2853	8
PIANP	2.0854	1.8554	1.6175	0.0040679	2854	8
LINC00933	1.8138	1.8548		0.0080275	2855	8
FAM78B	1.607	1.8518	2.098	0.0037795	2856	8
FAM200B	1.9859	1.8515	1.6999	0.00692	2857	8
LOC729159	1.6534	1.8503	2.0487	0.0061836	2858	8
SMYD4	1.7509	1.8466		0.007947	2859	8
EIF3J	2.0517	1.8446	1.6092	0.0071614	2860	8
GDF7	1.8901	1.8443	1.7901	0.012956	2861	8
C2orf27A	1.8609	1.844	1.8328	0.011279	2862	8
MTMR14	1.5996	1.8439	2.1153	0.0045736	2863	8
LINC01296	1.8775	1.8431	1.8121	0.011594	2864	8
CTBS	1.9559	1.8415		0.010354	2865	8
KIAA0232	1.7924	1.8411	1.8971	0.0097287	2866	8
PACRG	1.9638	1.841	1.7496	0.0047273	2867	8
ZFX	1.6776	1.841	1.9546	0.0051842	2868	8
ZNF347	1.7696	1.8386		0.0081314	2869	8
HGS	1.8704	1.8382		0.012753	2870	8
INCENP	2.0228	1.8382	1.6524	0.0077059	2871	8
FBXO32	1.2959	1.838	2.5607	0.0026516	2872	8
ARHGDIA	2.0484	1.837	1.5722	0.003824	2873	8
LYSMD2	1.7513	1.8363	1.9335	0.0072635	2874	8
CUL1	1.819	1.8361		0.0091055	2875	8
CDCA8	1.7195	1.836		0.006525	2876	8
CLPTM1L	1.8997	1.8359		0.013261	2877	8
KLHL9	1.6453	1.8356		0.0055092	2878	8
RNMT	1.8659	1.8356		0.011241	2879	8
BAG4	1.8964	1.8352		0.010463	2880	8
ALKBH2	1.7184	1.8348	1.977	0.0059971	2881	8
HSPA8	1.9604	1.8346		0.010644	2882	8
TYW3	1.7214	1.8338	1.9648	0.0081835	2883	8
KIF1B	2.0017	1.8323	1.6555	0.0058674	2884	8
DNAJC17	1.7487	1.8321		0.0074766	2885	8
DOLPP1	1.9915	1.8318		0.0066385	2886	8
PIN1	1.9748	1.8317		0.0080601	2887	8
CYFIP2	1.9139	1.8311		0.0089287	2888	8
PARM1	1.7015	1.8294	1.9308	0.0059735	2889	8
OR2L13	1.7264	1.8286	1.9594	0.0078704	2890	8
GRIA4	1.9268	1.8263		0.0081034	2891	8
GNB5	1.7574	1.8261		0.0065578	2892	8
PEX12	1.7911	1.8259		0.0082434	2893	8
GABPB1-IT1	1.6358	1.8259	2.0009	0.0058306	2894	8
ATRNL1	1.5357	1.825	2.1877	0.0044014	2895	8
BEGAIN	1.9761	1.8248	1.698	0.0062198	2896	8
STMN2	1.9002	1.8247	1.7396	0.010914	2897	8
LINC00982	2.0026	1.8241		0.0060751	2898	8
AHNAK2	1.871	1.8233	1.7611	0.012809	2899.5	8
POLR3K	2.0398	1.8233		0.0073781	2899.5	8
CRTC3	1.603	1.8228		0.0051702	2901	8
MBD5	1.7751	1.8203	1.8518	0.010504	2902	8
TMEFF2	2.0843	1.8183	1.5042	0.0039305	2903	8
MRPS30-DT	1.5929	1.8182	2.0882	0.0051603	2904	8
EXTL3	1.8401	1.8182		0.010658	2905	8
ANKMY2	1.7929	1.8173		0.011026	2906	8
NKX1-2	1.6491	1.8171	2.0153	0.0052101	2907	8
PTPRJ	1.9519	1.8168	1.7023	0.0083023	2908	8
DKK1	1.7596	1.8159	1.8899	0.010099	2909	8
BAALC-AS2	1.929	1.8155		0.010604	2910	8
STPG1	1.4571	1.8148	2.3165	0.0038033	2911	8
RAB15	1.9394	1.8133	1.6733	0.0085824	2912	8
ORC4	1.9813	1.8123	1.618	0.0086891	2913	8
GPATCH2	1.8735	1.8122		0.013399	2914	8
PLPP5	1.8964	1.8107	1.7398	0.011062	2915	8
PRIM2	1.8884	1.8097		0.0071929	2916	8
SNX4	1.8833	1.8091		0.0080973	2917	8
KRT19	1.8841	1.8077	1.7419	0.0068451	2918	8
PHKB	1.8281	1.8057		0.011165	2919	8
SUSD1	1.9954	1.8054	1.6124	0.0058638	2920	8
PAFAH1B2	1.784	1.8021		0.011002	2921	8
ZSCAN26	1.7433	1.8011	1.8549	0.008842	2922	8
UBE2M	1.9802	1.7997	1.6062	0.0079253	2923	8
ANKRD2	1.7725	1.7996	1.8297	0.0096743	2924	8
CLTCL1	1.949	1.7989	1.6533	0.0059695	2925	8
CD200	1.8508	1.7983	1.7555	0.010281	2926	8
CSTF2	1.7644	1.7981	1.841	0.0057086	2927	8
DPP9	1.7895	1.7981		0.0091493	2928	8
CASC10	1.942	1.7967	1.6672	0.0068075	2929	8
TP53I13	1.9256	1.796		0.0081951	2930	8
ANO7	1.7447	1.795	1.8523	0.0091516	2931	8
LOC729930	1.8746	1.7948		0.0096606	2932	8
HHIPL1	1.9355	1.7945	1.6761	0.0042176	2933	8
SFI1	1.5911	1.7922	1.9322	0.0050939	2934	8
ARFIP1	1.8875	1.791		0.0082131	2935	8
B3GNTL1	1.9797	1.7885		0.0072395	2936	8
HPSE2	1.7291	1.7879		0.0095288	2937	8
DCAF15	1.9051	1.7874	1.6913	0.0069986	2938	8
DHRS12	1.89	1.7868	1.7159	0.0064673	2939	8
COX11	2.0242	1.7823	1.5	0.0052978	2940	8
GTPBP4	2.0774	1.7822	1.4403	0.0049702	2941	8
MEAF6	1.8949	1.7818		0.0074208	2942	8
MMS19	1.9441	1.7816	1.5997	0.0063038	2943	8
ANAPC1	1.7457	1.7815	1.8134	0.0067203	2944	8
SAC3D1	1.6755	1.7803		0.0064677	2945	8
MDGA1	1.935	1.78	1.6195	0.005994	2946	8
PSORS1C1	1.9301	1.7799	1.6329	0.0041885	2947	8
ASMTL-AS1	1.8522	1.7799		0.0097308	2948	8
MRPL55	1.9381	1.7794		0.0073417	2949	8
ETV6	1.679	1.7784	1.8465	0.0052972	2950	8
CNNM1	1.5615	1.7782	2.0542	0.0052629	2951	8
CALCOCO1	1.5152	1.7781	2.0764	0.0045289	2952	8
WDR6	1.8733	1.7779	1.7113	0.005825	2953	8
ZNHIT6	1.5998	1.7779		0.0057763	2954	8
DKK3	2.0473	1.7771	1.4841	0.0048118	2955	8
ERICH1	1.84	1.7767	1.7113	0.010734	2956	8
ECSIT	1.6054	1.7757	1.9874	0.0063891	2957	8
RAP2B	1.9284	1.7757	1.6575	0.0031328	2958	8
STK16	1.9648	1.7755		0.0054403	2959	8
RSPH3	1.6375	1.7755	1.9458	0.0060517	2960	8
AXIN2	1.7926	1.7737	1.7576	0.010305	2961	8
DET1	1.6727	1.7729	1.8906	0.0065843	2962	8
DENND1A	1.8979	1.7724	1.6677	0.0071317	2963	8
HECTD1	1.6005	1.771	1.937	0.0054538	2964	8
ZNF267	1.6773	1.7702	1.8418	0.0069013	2965	8
MROH8	1.533	1.7702	2.0109	0.0048912	2966	8
GCA	1.8076	1.7695		0.010291	2967	8
MZT1	1.8908	1.7693		0.0086424	2968	8
DNHD1	1.7019	1.7691	1.8401	0.0067933	2969	8
SYDE2	1.7289	1.769	1.8258	0.011758	2970	8
CEP72	1.8955	1.7663		0.0066062	2971	8
ZNF507	1.6666	1.7662		0.0053881	2972	8
CDC25B	1.7475	1.7657		0.0067254	2973	8
ALYREF	1.9373	1.7655	1.6007	0.0050332	2974	8
MTHFD1L	2.0423	1.764	1.4233	0.0027297	2975	8
STN1	1.6715	1.7625	1.8784	0.0081753	2976	8
MAFG	1.8782	1.7617	1.6459	0.0046667	2977	8
PCSK1	1.4069	1.7608	2.2057	0.0035997	2978	8
RNF43	1.8713	1.7607		0.0074059	2979	8
CCNI	1.4936	1.7594	2.1191	0.0044953	2980	8
E2F6	1.6431	1.7588	1.8893	0.0079709	2981	8
PPIE	1.6984	1.7579		0.0081522	2982	8
ITGB8	1.9023	1.7553		0.0074442	2983	8
B3GALT1	1.6491	1.7546	1.8222	0.0050446	2984	8
DIRAS1	1.6256	1.7541	1.9201	0.0070954	2985	8
B4GALT7	1.902	1.7538		0.0074614	2986	8
ZNF519	1.4906	1.7536	1.932	0.0036736	2987	8
ERRFI1	1.5586	1.753	2.0092	0.0052622	2988	8
ZNF317	1.6265	1.7528	1.8748	0.0053384	2989	8
CRB2	1.8181	1.7526		0.0095038	2990	8
SLC4A10	1.7374	1.7524	1.7603	0.010711	2991	8
ERO1A	1.6778	1.7514	1.8078	0.0074982	2992	8
AMER1	1.6645	1.7505	1.8706	0.0083627	2993	8
CYS1	1.8506	1.7502	1.6679	0.0088649	2994	8
RTL8A	1.9755	1.7499		0.0054684	2995	8
CNOT7	2.1154	1.7486	1.3492	0.0037895	2996	8
IQCJ	1.8276	1.7485	1.6885	0.0087457	2997	8
FXR1	1.554	1.747	2.0014	0.0050393	2998	8
SLC25A45	1.7166	1.7462		0.0095938	2999	8
NEMF	1.6924	1.7462		0.0077194	3000	8
GMCL1	1.7555	1.745		0.013283	3001	8
DHRS2	1.8866	1.7449	1.6039	0.0045611	3002	8
LARP6	1.6583	1.7421	1.8299	0.006954	3003	8
CDO1	1.9569	1.7408	1.5003	0.005396	3004	8
HECA	1.6023	1.7401	1.9307	0.0061888	3005	8
SUB1	2.0675	1.74	1.2118	0.0017327	3006	8
RPS6KA3	1.3475	1.74	2.2414	0.0032861	3007	8
TMEM256	2.0433	1.7397	1.3895	0.0038338	3008	8
NR3C1	1.3976	1.7389	2.2174	0.0040362	3009	8
UQCC1	1.8561	1.7378		0.0081213	3010	8
WDR60	1.5955	1.7378		0.0062593	3011	8
GCAT	1.7711	1.7372		0.010529	3012	8
PRR13	1.9003	1.7368	1.5533	0.0086843	3013	8
RTL6	1.8593	1.7361	1.6324	0.0063663	3014	8
HSP90AA1	1.8483	1.736		0.0098019	3015	8
LEMD3	1.5545	1.7342	1.914	0.0051194	3016	8
ELMO1	1.7439	1.7338		0.010306	3017	8
HMGB3	1.8841	1.733		0.0071002	3018	8
TMEM44	1.7723	1.7325	1.6817	0.011136	3019	8
ATP2A2	1.6708	1.7323	1.8035	0.0087494	3020	8
SLC27A4	1.7694	1.7323		0.012211	3021	8
EHBP1L1	1.8228	1.7322	1.664	0.0075259	3022	8
SH2D1B	1.7853	1.7315	1.6657	0.012985	3023	8
SLC24A4	1.6877	1.7311	1.7673	0.010001	3024	8
HSDL1	1.8629	1.731	1.5736	0.0084156	3025	8
STX4	1.9351	1.7307		0.0058358	3026	8
LOC653080	1.6749	1.7285	1.7611	0.0090308	3027	8
ZNF492	1.699	1.7284		0.008633	3028	8
CWF19L1	1.6161	1.7269		0.006853	3029	8
DNAJC3-AS1	1.7855	1.7218		0.0079468	3030	8
SFTA1P	1.8674	1.721	1.5857	0.0078846	3031	8
UBQLN2	1.7707	1.7177	1.675	0.010083	3032	8
ACKR3	1.8386	1.7174	1.6222	0.0049534	3033	8
ZNF777	1.643	1.7171		0.0054895	3034	8
LOC105377590	1.8807	1.7167	1.5011	0.0028134	3035	8
SDCCAG3	1.615	1.7158		0.0077396	3036	8
EPHA4	1.6771	1.7137	1.7435	0.0088437	3037	8
LOC101927811	1.9601	1.7137	1.4729	0.0056252	3038	8
LOC257396	1.8641	1.7134		0.0066364	3039	8
FAM27E3	1.7366	1.7134	1.6918	0.010936	3040	8
HOPX	1.8426	1.7124	1.602	0.0062943	3041	8
C6orf136	1.639	1.712	1.8012	0.0088122	3042	8
HIC2	1.7173	1.7116	1.708	0.009277	3043	8
NFKBIL1	1.6736	1.7114		0.0073025	3044	8
INPP4A	1.8391	1.7111	1.5909	0.008034	3045	8
MED26	1.6811	1.711		0.011854	3046	8
MYO5A	1.6607	1.7106		0.0079149	3047	8
YIPF1	1.8549	1.71	1.5606	0.0074937	3048	8
SELENOO	1.4886	1.7097	1.9215	0.0049253	3049	8
CACNA2D1	1.7666	1.7094	1.6652	0.0099405	3050	8
ZBTB3	1.6376	1.7088		0.0071389	3051	8
MYADML2	1.6433	1.7088	1.7911	0.008563	3052	8
SQLE	1.9184	1.7084	1.4787	0.0061622	3053	8
FLVCR1	1.579	1.7079		0.0073334	3054	8
PDLIM7	1.7557	1.7077	1.6463	0.011337	3055	8
CCDC149	1.7769	1.7074		0.0096299	3056	8
ANO1	1.6605	1.7056		0.0081431	3057	8
DFFB	1.5068	1.7054	1.8732	0.0056078	3058	8
RCHY1	1.9768	1.7049		0.0056765	3059	8
CCS	1.9273	1.7045		0.0064147	3060	8
ABRACL	1.5135	1.7044	1.9247	0.0042699	3061	8
TRAF6	1.6717	1.7042		0.0078759	3062	8
FUNDC1	1.7893	1.7038		0.010476	3063	8
HECW1	1.3953	1.7032	2.0254	0.0037874	3064	8
FGD3	1.8439	1.7025	1.5776	0.0051129	3065	8
UBQLN1	1.6691	1.7017		0.0090844	3066	8
FAM153A	1.6402	1.7008	1.7423	0.0074734	3067	8
STK38L	1.4241	1.7005	2.0584	0.004475	3068	8
GINS3	1.8315	1.6995	1.5543	0.0078196	3069	8
CTNND2	1.8492	1.6992	1.5581	0.005278	3070	8
PCYT2	1.7718	1.6987	1.6074	0.010704	3071	8
USP1	1.626	1.6984	1.7597	0.0092476	3072	8
MYSM1	1.5852	1.6978	1.7942	0.0062423	3073	8
MTX2	1.7461	1.6974	1.6327	0.011024	3074	8
ACTN3	1.7241	1.6955		0.010174	3075	8
SMPD1	1.7859	1.6948	1.5917	0.0089123	3076	8
CCND3	1.7935	1.6947		0.00658	3077	8
NTHL1	1.6565	1.6944	1.7404	0.0090644	3078	8
TRIT1	1.6492	1.6938	1.7259	0.0081825	3079	8
KIAA1107	1.4076	1.6934	2.0091	0.0036736	3080	8
BANK1	1.8188	1.6931	1.5542	0.0065871	3081	8
PER1	1.5383	1.6916	1.8135	0.0058087	3082	8
PRKN	1.8062	1.6914		0.0076717	3083	8
HPCAL4	1.7982	1.6907	1.6153	0.0051054	3084	8
C2orf81	1.7466	1.689		0.0095634	3085	8
KSR2	1.5977	1.6886	1.7681	0.00597	3086	8
ZNF324	1.5873	1.6886	1.7735	0.0075157	3087	8
RFC3	1.7838	1.6863	1.6022	0.0076012	3088	8
CLU	1.8722	1.686	1.4658	0.006121	3089	8
ZNF554	1.706	1.6858		0.010248	3090	8
UBLCP1	1.5998	1.6849	1.7932	0.0075526	3091	8
TIMM17A	1.8047	1.6841		0.0097872	3092	8
PTPN4	1.5396	1.6841	1.7828	0.0045867	3093	8
C19orf73	1.55	1.6836	1.8187	0.005594	3094	8
COPS4	2.2128	1.6828	1.1349	0.0029276	3095	8
HCN1	1.4844	1.6826	1.9407	0.00551	3096	8
PSMB5	1.8722	1.6812	1.4614	0.0074149	3097	8
SLC22A10	1.6941	1.6806	1.6709	0.0094021	3098	8
PSMC3	1.7947	1.6786	1.5366	0.0083934	3099	8
KIFAP3	1.716	1.6786	1.6327	0.011573	3100	8
LINC01353	1.8012	1.6782		0.0081076	3101	8
SHC1	1.7629	1.6779	1.6108	0.0065971	3102	8
GABRE	1.8056	1.6777	1.5468	0.008993	3103	8
LOC100996455	1.788	1.6769	1.5826	0.0058668	3104	8
ITGB1BP2	1.5312	1.6763	1.8313	0.005887	3105	8
MAD2L1	1.5775	1.6752		0.0056428	3106	8
POGLUT1	1.4579	1.6748	1.9439	0.0050137	3107	8
WBP2	1.7541	1.6723		0.0098114	3108	8
GREM1	1.7071	1.671		0.009794	3109	8
ICA1L	1.6485	1.6695		0.0096713	3110	8
C6orf106	1.6265	1.6694	1.736	0.0093019	3111	8
TMEM107	1.7702	1.6682	1.5839	0.0069247	3112	8
SERHL2	1.7529	1.6677	1.5673	0.0092141	3113	8
RBMX2	1.7796	1.6668		0.009628	3114	8
PTPN5	1.6387	1.6663		0.0076991	3115	8
DHCR24	1.7694	1.6649	1.5468	0.0098001	3116	8
MIR22HG	1.6456	1.6648	1.6916	0.011885	3117	8
MIR124-2HG	1.4795	1.6648	1.8037	0.0047116	3118	8
TMEM187	1.8093	1.6646	1.4912	0.0065269	3119	8
SPTBN4	1.3171	1.663	1.9858	0.0033589	3120	8
ARHGEF3	1.6354	1.6624		0.0077173	3121	8
SLC32A1	1.6334	1.6619		0.0069064	3122	8
ZNF281	1.5578	1.6611		0.0059638	3123	8
TPM3	1.9374	1.6603	1.3188	0.0023275	3124	8
EID3	1.515	1.6602		0.0059546	3125	8
TSHZ3	1.6177	1.6601	1.6891	0.0096607	3126	8
ANKRD33B	1.5372	1.6596	1.7693	0.0044482	3127	8
PAOX	1.8049	1.6593		0.0060165	3128	8
TM7SF3	1.6735	1.6563	1.6392	0.0083908	3129	8
ISLR	1.5894	1.6555	1.7284	0.0076295	3130	8
KRTAP5-6	1.6639	1.6555	1.6384	0.0095324	3131	8
TEKT2	1.7436	1.6554	1.5877	0.006474	3132	8
GCC1	1.5923	1.6547		0.0081124	3133	8
CRYZ	1.7685	1.6541	1.5159	0.0063113	3134	8
NCOA2	1.577	1.6523		0.0071043	3135	8
TET3	1.5043	1.6523		0.0053241	3136	8
C2orf40	1.6885	1.6522	1.6211	0.0082599	3137	8
CENPVL3	1.8224	1.6521	1.487	0.0027259	3138	8
PEX5L	1.6178	1.6512	1.6943	0.010391	3139	8
CAP1	1.8221	1.6501	1.4604	0.0043118	3140	8
MRPL14	1.8569	1.6494		0.0059353	3141	8
PGAP3	1.6372	1.6491	1.6599	0.010618	3142	8
MRPL42	1.6884	1.649		0.010495	3143	8
BAG2	1.7875	1.6472	1.4872	0.0066782	3144	8
TAB3	1.5986	1.6468	1.7082	0.0089189	3145	8
DACT1	1.7773	1.6462	1.5383	0.0055368	3146	8
TSPAN14	1.7567	1.646	1.5505	0.0067275	3147	8
SDK2	1.7777	1.6455	1.5112	0.004835	3148	8
NCAM2	1.8645	1.6452	1.4276	0.0048401	3149	8
NAXE	1.8437	1.645	1.4217	0.0064286	3150	8
DHX35	1.3736	1.6446	2.0043	0.0043613	3151	8
TMEM132D	1.6759	1.6443	1.613	0.010223	3152	8
LIN7B	1.8648	1.6441	1.4047	0.003222	3153	8
WFIKKN2	1.6525	1.6421	1.6405	0.0091056	3154	8
RNF214	1.6692	1.6409		0.0095308	3155.5	8
HDDC3	1.6202	1.6409	1.6683	0.0099366	3155.5	8
RNF182	1.7316	1.6404	1.5631	0.007461	3157	8
HNRNPK	1.7681	1.6394		0.0064703	3158	8
ZADH2	1.4009	1.6385	1.8176	0.0037902	3159	8
PPP1R21	1.7486	1.6366		0.0081509	3160	8
C1QTNF12	1.702	1.6365	1.5801	0.0070903	3161	8
AASDHPPT	1.6782	1.6364		0.0086011	3162	8
DNAH5	1.7647	1.6332	1.5044	0.0037173	3163	8
SLC12A5	1.4267	1.6324	1.881	0.0045152	3164	8
RILPL1	1.9253	1.6323	1.2797	0.0025369	3165	8
HBQ1	2.0155	1.6304	1.2089	0.0037313	3166	8
COPG1	1.6159	1.6302		0.010374	3167	8
EPB41L4B	1.7719	1.6296	1.5031	0.0059488	3168	8
TMEM159	1.7799	1.6283	1.4558	0.0033255	3169	8
SERPINB2	1.777	1.6282	1.4634	0.0092635	3170	8
TMEM151A	1.6848	1.6278		0.0097216	3171	8
RASGRP2	1.6288	1.6278	1.6455	0.009474	3172	8
AP1S1	1.8634	1.6275	1.3696	0.0053194	3173	8
ZNF574	1.473	1.6271	1.796	0.0057041	3174	8
SAP30L	1.611	1.6271	1.6514	0.0097599	3175	8
PNPLA3	1.8047	1.6267	1.4155	0.0049401	3176	8
C3orf18	1.5043	1.6249	1.7817	0.0066646	3177	8
STRN3	1.7768	1.6245		0.0054243	3178	8
NUDT16L1	1.7438	1.624	1.5155	0.0053146	3179	8
BTBD9	1.822	1.6238	1.4012	0.0038436	3180.5	8
CAMK2A	1.6259	1.6238	1.6253	0.0094815	3180.5	8
UBE3A	1.7894	1.6232	1.4368	0.0058463	3182	8
UBE2D4	1.6002	1.6221	1.6747	0.0086037	3183	8
MSANTD2	1.3654	1.621	1.8799	0.0034461	3184	8
CCNA1	1.7168	1.6208	1.536	0.0071317	3185	8
CMAS	1.8712	1.6206	1.3351	0.0049546	3186	8
TMEM241	1.4712	1.6203	1.7281	0.0050646	3187	8
STAR	1.6009	1.6195	1.6419	0.011217	3188	8
POLR2H	1.7014	1.6192		0.0092432	3189	8
CCDC32	1.715	1.6191		0.0060733	3190	8
LOC100507599	1.6329	1.6188		0.010367	3191	8
BCLAF1	1.5287	1.6185	1.6861	0.0070649	3192	8
RASSF5	1.5646	1.6182	1.6828	0.007789	3193	8
SIX3	1.6733	1.618	1.5627	0.0069058	3194	8
ZNF214	1.5957	1.6179		0.0085649	3195	8
NPTN	1.5248	1.616		0.0055387	3196	8
KRTAP20-1	1.713	1.616		0.010636	3197	8
RAB7B	1.6382	1.6159		0.012231	3198	8
ALS2	1.4535	1.6159	1.7528	0.004982	3199	8
GPC6	1.8088	1.6143	1.3936	0.004668	3200	8
FSD1	1.5829	1.6132	1.6598	0.0084288	3201	8
FNBP1L	1.7417	1.6123	1.5011	0.0051892	3202	8
CNST	1.2075	1.6118	2.0307	0.0029756	3203	8
MED7	1.6377	1.6108		0.009026	3204	8
NAA50	1.5724	1.6104	1.6806	0.0062936	3205	8
CHD9	1.3942	1.6101	1.7967	0.0039268	3206	8
MBD2	1.456	1.6094	1.7988	0.0061735	3207	8
LOC145783	1.7293	1.6079	1.498	0.0059288	3208	8
C4orf47	1.5947	1.6078		0.01006	3209	8
PCGF6	1.4521	1.6068		0.005129	3210	8
MIR193BHG	1.5668	1.6058	1.6495	0.0088139	3211	8
ZNF132	1.4818	1.6056		0.0058633	3212	8
VMO1	1.6131	1.6047		0.012044	3213	8
VASN	1.6709	1.6046	1.5486	0.010268	3214	8
MTMR4	1.5123	1.6042		0.0076168	3215	8
CASC15	1.5533	1.6038	1.648	0.0082786	3216	8
FOXF2	1.7055	1.6036	1.4844	0.0085882	3217	8
JPH4	1.7164	1.6033	1.5121	0.0067555	3218	8
ZNF30	1.4799	1.6027	1.7409	0.0056953	3219	8
GSDME	1.6194	1.6021		0.0081045	3220	8
ACHE	1.6342	1.6018	1.558	0.0122	3221	8
SKIDA1	1.2645	1.6001	2.0537	0.0033175	3222	8
ZNF524	1.5289	1.5999		0.0077242	3223	8
ANKS3	1.3729	1.5994	1.7689	0.0038216	3224	8
CAPNS1	1.7221	1.5988	1.4499	0.0084479	3225	8
PRICKLE1	1.3709	1.5981	1.8508	0.0044995	3226	8
CNTNAP1	1.4423	1.5977	1.7962	0.0055661	3227	8
ATF7IP2	1.6469	1.5963	1.5527	0.0089977	3228	8
GJD4	1.5964	1.5952	1.5862	0.0094041	3229	8
DDX1	1.5917	1.5937	1.5933	0.01012	3230	8
KITLG	1.5182	1.5934	1.695	0.0071956	3231	8
C2orf50	1.5646	1.5924		0.0079216	3232	8
AARS	1.5464	1.5922	1.648	0.0095199	3233	8
INSM2	1.3815	1.5905	1.7816	0.0042245	3234	8
CTXN3	1.618	1.5903	1.5773	0.010003	3235	8
USP9Y	1.4179	1.5898	1.7262	0.0048605	3236	8
MIR100HG	1.8312	1.5893	1.3123	0.0052056	3237	8
GABRA1	1.1863	1.589	2.0159	0.0026688	3238	8
ACVR2B	1.6743	1.5889	1.52	0.0073713	3239	8
PDRG1	1.7419	1.5879	1.4135	0.0077042	3240	8
BUD13	1.3946	1.5877	1.7361	0.0040859	3241	8
PDE6H	1.6627	1.5874		0.0095	3242	8
ZRANB1	1.3253	1.5863	1.8456	0.0038691	3243	8
NSUN4	1.5443	1.5862		0.00776	3244	8
BET1L	1.6845	1.5858	1.4919	0.006898	3245	8
GJB5	1.6496	1.5851	1.5188	0.0087621	3246	8
PSMD13	1.7312	1.5845		0.0077055	3247	8
TMEM52	1.7134	1.5841	1.4617	0.0040773	3248	8
CENPF	1.6976	1.584	1.4518	0.0090157	3249	8
FAM213A	1.6445	1.5822	1.5102	0.0088804	3250	8
MED10	1.7539	1.5812	1.3779	0.0067744	3251	8
FAT3	1.4802	1.5791	1.6803	0.0067427	3252	8
ZMAT3	1.4685	1.579		0.0055798	3253	8
LNX2	1.4997	1.5779	1.636	0.0062063	3254	8
OAZ3	1.7843	1.5776	1.3486	0.0054211	3255	8
ZNF337	1.5531	1.5774	1.5978	0.010936	3256	8
GALNT2	1.6634	1.5772		0.010017	3257	8
DBT	1.6426	1.5762		0.0084563	3258	8
PTDSS1	1.7675	1.5756	1.3751	0.0057566	3259	8
CTR9	1.7894	1.5751		0.0040419	3260	8
PPIL6	1.7283	1.5746	1.4371	0.0056087	3261	8
APOL4	1.527	1.5745		0.0074822	3262	8
BIN3	1.4229	1.5745	1.7333	0.0053649	3263	8
ZNF783	1.4825	1.5732	1.6442	0.0064388	3264	8
RAB23	1.6798	1.5731	1.4822	0.0055575	3265	8
LAMA2	1.5726	1.5729	1.5767	0.010733	3266	8
FAT1	1.6712	1.5725		0.0067647	3267	8
C16orf91	1.5736	1.572		0.0098128	3268	8
MAN2A1	1.5968	1.572		0.0086473	3269	8
EHD2	1.333	1.5719	1.8571	0.0044949	3270	8
ARFGAP1	1.4762	1.5718		0.0055842	3271	8
BSPRY	1.683	1.571	1.4471	0.0056902	3272	8
OR10K1	1.427	1.5709		0.005708	3273	8
HEXB	1.5741	1.5707	1.5628	0.010297	3274	8
MIF-AS1	1.8091	1.5675		0.0055007	3275	8
NPTXR	1.7074	1.5672	1.4354	0.0041833	3276	8
RBBP7	1.9826	1.567	1.1509	0.0035357	3277	8
ARPC2	1.7808	1.5667	1.3395	0.004718	3278	8
RAVER2	1.7424	1.5666	1.3874	0.0030955	3279	8
PACS1	1.7111	1.5666	1.4174	0.0052357	3280	8
CENPE	1.6587	1.5658		0.0071744	3281	8
ZNF598	1.3821	1.5658	1.778	0.0046959	3282	8
MCM6	1.6267	1.5657		0.006812	3283	8
CEP63	1.5245	1.5654	1.6133	0.0084428	3284	8
ZBED8	1.5665	1.5644	1.5634	0.0094048	3285	8
KCTD15	1.7098	1.5624	1.4255	0.0056564	3286	8
IFI6	1.6416	1.5618	1.4641	0.011493	3287	8
FAM20B	1.6247	1.5609		0.0083999	3288	8
PIAS1	1.511	1.5605		0.0080678	3289	8
LOC100129138	1.4331	1.558	1.702	0.0060153	3290	8
CFAP69	1.4127	1.5562	1.6491	0.0052668	3291	8
SRPRA	1.5362	1.556	1.5807	0.010578	3292	8
OAZ1	1.8637	1.5558		0.0037354	3293	8
LRRTM3	1.4654	1.5556	1.6168	0.0060547	3294	8
ALK	1.7013	1.5553	1.4093	0.0053269	3295	8
FLOT1	1.616	1.5552		0.010979	3296	8
RNF215	1.6298	1.5548		0.0071971	3297	8
SAMD14	1.7288	1.5546	1.393	0.0061146	3298	8
NLRX1	1.371	1.5545	1.7861	0.0049048	3299	8
TRAPPC6B	1.6311	1.5534	1.4826	0.0076992	3300	8
CD99L2	1.4152	1.5532	1.7307	0.0060962	3301	8
NHP2	1.8767	1.5532		0.0033285	3302	8
CPEB3	1.3788	1.5531	1.7748	0.0053494	3303	8
ZSWIM9	1.7018	1.553	1.4073	0.0054186	3304	8
CERS1	1.7132	1.5529	1.3812	0.0039601	3305	8
HDGFL3	1.626	1.552	1.4915	0.0079642	3306	8
MAN1A1	1.6708	1.5511	1.4406	0.0038151	3307	8
C9orf24	1.5632	1.5499	1.5349	0.0121	3308	8
ISYNA1	1.7107	1.5498	1.3681	0.0044704	3309	8
THNSL1	1.6	1.5497		0.0071994	3310	8
ATP8A2	1.7741	1.5492	1.2961	0.0041471	3311	8
PDE7B	1.4931	1.5491	1.5991	0.0069004	3312	8
ARL4D	1.5427	1.549	1.5514	0.0097604	3313	8
MLEC	1.7807	1.5486	1.2875	0.0053281	3314	8
TUBD1	1.1164	1.5469	1.9649	0.0023919	3315	8
PEG3-AS1	1.422	1.5463	1.6814	0.005232	3316	8
TMEM60	1.5301	1.5445		0.008844	3317	8
WRAP73	1.3487	1.5428	1.7559	0.0043755	3318	8
LOC101927278	1.5605	1.5427	1.5238	0.010783	3319	8
KIF22	1.6054	1.5416	1.492	0.0074218	3320	8
SCN2B	1.4075	1.5416	1.7062	0.0055682	3321	8
TMEM86A	1.6081	1.5416		0.0094503	3322	8
NR1D2	1.1391	1.5411	1.9501	0.0024889	3323	8
PSMB6	1.7726	1.5407	1.2925	0.0063751	3324	8
NDUFB2-AS1	1.7718	1.54	1.3096	0.0044073	3325	8
NAE1	1.503	1.5399		0.0086895	3326	8
PALM2	1.6226	1.5393	1.4747	0.0069736	3327	8
SLC37A1	1.576	1.5392		0.0084038	3328	8
MECR	1.6806	1.539	1.3753	0.007614	3329	8
PPP1CA	1.6624	1.538		0.0074706	3330	8
EIF5	1.3621	1.5377	1.7658	0.0052183	3331	8
MYO5C	1.4564	1.5371	1.6057	0.0076593	3332	8
TPTE2P5	1.4098	1.537	1.6749	0.0042183	3333	8
TRAPPC1	1.5561	1.5369		0.0092798	3334	8
SYNE1	1.2222	1.5365	1.8649	0.0033871	3335	8
MRPL35	1.5417	1.5364	1.527	0.0095994	3336	8
DGCR6L	1.6871	1.5363		0.0052212	3337	8
INSM1	1.6239	1.5361	1.4683	0.0076367	3338	8
SPRY1	1.6886	1.5358	1.3663	0.0060849	3339	8
R3HCC1L	1.6191	1.5357		0.0083757	3340	8
TRIM54	1.3969	1.5356	1.6683	0.0051522	3341	8
COA3	1.8084	1.5347	1.2408	0.0047799	3342	8
DOK4	1.6916	1.5346	1.352	0.0046262	3343	8
NFIL3	1.2414	1.5326	1.8691	0.0040245	3344	8
PVR	1.3023	1.5317	1.7537	0.0041325	3345	8
ADM5	1.687	1.5314	1.3758	0.0048694	3346	8
DCBLD2	1.1078	1.5307	2.0927	0.0025806	3347	8
PYCR1	1.771	1.5302	1.2106	0.0022883	3348	8
PDE7A	1.2546	1.5299	1.8356	0.0038443	3349	8
ARG2	1.4523	1.528		0.0064292	3350	8
CAMK1D	1.3527	1.5257	1.7143	0.0046341	3351	8
TMEM38A	1.3056	1.5257	1.7579	0.0036886	3352	8
TRAPPC6A	1.7327	1.5253	1.269	0.0032728	3353	8
RCAN2	1.4263	1.5252	1.6501	0.0072521	3354	8
TRMT44	1.5361	1.5251		0.006566	3355	8
ZNF736	1.4216	1.5242	1.6018	0.0055521	3356	8
PUM3	1.7093	1.5233	1.3282	0.0042767	3357	8
FOXP1	1.3799	1.5221	1.6551	0.0057755	3358	8
DNAJC24	1.6664	1.5213	1.3698	0.0053822	3359	8
NKAIN1	1.5599	1.5204	1.4956	0.011253	3360	8
IQCC	1.3598	1.5203	1.6893	0.0047435	3361	8
TTLL1	1.6821	1.52	1.3522	0.0039008	3362	8
NAA38	1.7052	1.5175		0.0055762	3363	8
XPO1	1.6278	1.517		0.0055252	3364	8
PLS3	1.6314	1.516	1.4126	0.0065504	3365	8
PLD3	1.6889	1.5158		0.0066756	3366	8
UBQLN4	1.5189	1.5157		0.0075809	3367	8
USP28	1.3734	1.5152	1.6287	0.0043539	3368	8
SUZ12	1.2981	1.5139	1.7637	0.0046102	3369	8
ARHGEF12	1.2763	1.5132	1.7645	0.0038077	3370	8
TM9SF4	1.4124	1.5121		0.006633	3371	8
VWA3A	1.4659	1.5118	1.5685	0.0066533	3372	8
GPRIN1	1.6108	1.5117	1.4332	0.0058123	3373	8
NTM	1.3942	1.5109	1.6006	0.0061395	3374	8
GALNT13	1.5345	1.5096	1.4823	0.0069778	3375	8
RND2	1.4858	1.5092	1.5545	0.0069627	3376	8
RHOXF1	1.2468	1.5091	1.8107	0.0033434	3377	8
OCEL1	1.4046	1.5086	1.6357	0.0069131	3378	8
LOC729732	1.5672	1.5085	1.4599	0.006418	3379	8
SST	1.6897	1.5083	1.3084	0.0029818	3380	8
ZNF226	1.9789	1.5068	0.93149	0.0020478	3381	8
TRIM35	1.3719	1.5064	1.6719	0.0055012	3382	8
ING2	1.623	1.5051	1.4037	0.0084964	3383	8
CLBA1	1.6897	1.5051	1.3192	0.005269	3384	8
KCNJ11	1.3863	1.5048	1.6472	0.0064629	3385	8
SKAP1	1.5359	1.5045	1.4663	0.0091168	3386	8
ESYT1	1.4632	1.5028	1.5494	0.0084936	3387	8
TRIM7	1.3935	1.5011	1.5853	0.0059228	3388	8
ZNF34	1.3614	1.4993	1.5947	0.0041245	3389	8
SP5	1.7733	1.4989	1.183	0.002877	3390	8
PDGFD	1.5895	1.4984	1.4129	0.008243	3391	8
MANEAL	1.6985	1.4975	1.2677	0.003553	3392	8
MBNL2	1.0814	1.4975	2.0328	0.0025714	3393	8
RPL41	1.6912	1.4964	1.301	0.0038554	3394	8
CDKN2AIPNL	1.8381	1.4962	1.1143	0.0031346	3395	8
STXBP1	1.3579	1.4961	1.6411	0.005117	3396	8
C2CD2	1.5096	1.4943	1.4747	0.0097064	3397	8
RTKN2	1.0964	1.494	2.0337	0.0026438	3398	8
DGKI	1.4048	1.4932		0.0050669	3399	8
MKRN1	1.4665	1.4906	1.5173	0.010037	3400	8
PNMA2	1.4668	1.49		0.0079532	3401	8
BLOC1S2	1.7429	1.4899		0.004349	3402	8
CCSAP	1.4423	1.4897	1.5209	0.0079026	3403	8
CCDC184	1.184	1.4896	1.8635	0.0032612	3404	8
FNDC9	1.538	1.489	1.4426	0.0092411	3405	8
P2RY14	1.5134	1.4886	1.4727	0.0073638	3406	8
CHRNA4	1.5545	1.4881	1.4148	0.0087557	3407	8
IDS	1.1257	1.488	1.9696	0.0028979	3408	8
TRMU	1.3579	1.4879	1.6454	0.0060777	3409	8
TMX4	1.4601	1.4878	1.5217	0.0089712	3410	8
SMC5	1.4025	1.4877		0.0062821	3411	8
LIN54	1.4336	1.4876		0.0080795	3412	8
PRR22	1.2143	1.4869	1.7106	0.0031188	3413	8
RPIA	1.3931	1.4858		0.0069853	3414	8
ICA1	1.0594	1.4852	1.9224	0.0022789	3415	8
EIF3D	1.6885	1.4843		0.0049572	3416	8
CNOT6L	1.292	1.4843	1.6026	0.0037755	3417	8
LINC01184	1.5749	1.484		0.0072338	3418	8
MED8	1.6301	1.4833		0.0060561	3419	8
BAHCC1	1.4506	1.483		0.0089188	3420	8
UBAP1L	1.1368	1.4817	1.7489	0.0026996	3421	8
TRIM52	1.1754	1.4814	1.7717	0.0032379	3422	8
ZNF57	1.4692	1.4808	1.4962	0.0077198	3423	8
HRK	1.5747	1.4802	1.3926	0.0062422	3424	8
RNF24	1.657	1.4793		0.0056938	3425	8
MEI1	1.5757	1.4792	1.3697	0.009663	3426	8
PFKFB2	1.183	1.4791	1.8714	0.0033593	3427	8
MIGA1	1.5	1.4789	1.4571	0.010584	3428	8
LCP2	1.489	1.4765	1.4612	0.010459	3429	8
TOE1	1.4259	1.4764	1.5276	0.0065387	3430	8
GIT1	1.5977	1.4764		0.0063721	3431	8
NCLN	1.6005	1.4746		0.0067701	3432	8
PHF6	1.4341	1.4746		0.0079541	3433	8
TXLNB	1.5759	1.4744	1.3878	0.0056772	3434	8
SLC45A1	1.279	1.4743	1.6352	0.0042395	3435	8
NSG1	1.4434	1.4733	1.5039	0.008544	3436	8
POU2F2	1.3086	1.4722	1.6252	0.0048812	3437	8
INTS9	1.2353	1.4714	1.7499	0.0039883	3438	8
SLC19A2	1.1827	1.4712	1.8488	0.0038339	3439	8
CD2BP2	1.6324	1.4699		0.0052761	3440	8
ARHGEF17	1.3478	1.4696	1.6137	0.0064804	3441	8
CIAPIN1	1.424	1.4688		0.0096049	3442	8
ARFGAP3	1.6469	1.4681	1.2903	0.0044996	3443	8
SCFD2	1.5265	1.4678		0.010109	3444	8
RAB35	1.6791	1.4672	1.2182	0.0038811	3445	8
THAP3	1.3471	1.4668		0.0056255	3446	8
LOC441666	1.6301	1.4659	1.2921	0.005825	3447	8
FDFT1	1.7151	1.4652	1.2054	0.0051814	3448	8
TENM3	1.536	1.4652	1.4099	0.0063937	3449	8
PPL	1.3775	1.4648	1.5418	0.0052741	3450	8
SLC25A46	1.5478	1.4642	1.3776	0.0086813	3451	8
DGUOK	1.6914	1.4639	1.2111	0.0034743	3452	8
GPM6B	1.6375	1.4637	1.2798	0.0027337	3453	8
PPHLN1	1.6442	1.4613	1.2755	0.0047682	3454	8
PLXDC1	1.1817	1.4603	1.8503	0.0035527	3455	8
DYNC2LI1	1.4706	1.46	1.4545	0.0079509	3456	8
C18orf54	1.4416	1.4589		0.0071184	3457	8
HYAL3	1.445	1.4588	1.4792	0.0093558	3458	8
TMED10	1.5677	1.4561	1.3576	0.0045892	3459	8
DGCR8	1.2612	1.4556	1.6106	0.0041839	3460	8
CMSS1	1.6309	1.4532	1.267	0.0030293	3461	8
MED27	1.5963	1.4531		0.0075005	3462	8
MPP6	1.5895	1.4531	1.2986	0.0052703	3463	8
MYL6B	1.6831	1.4528	1.2129	0.0038718	3464	8
GLOD4	1.5833	1.4525	1.3371	0.0039125	3465	8
TMEM141	1.5443	1.4489	1.3367	0.0081594	3466	8
LAT	1.2982	1.4489	1.5639	0.0043443	3467	8
ACTN4	1.1819	1.4487	1.7952	0.0034045	3468	8
SND1-IT1	1.2915	1.4486	1.5875	0.0047392	3469	8
WDR46	1.4783	1.4484		0.0083201	3470	8
DMAC1	1.6213	1.4478	1.2452	0.0059381	3471	8
SCYL3	1.4673	1.4469		0.0080137	3472	8
ZNF385D	1.2201	1.4468	1.7355	0.0040571	3473	8
TIMM8A	1.4209	1.4449		0.0094796	3474	8
COMMD7	1.5908	1.4446		0.0074459	3475	8
RFESD	1.3825	1.4444		0.0079883	3476	8
KBTBD3	1.214	1.4444	1.7445	0.0040688	3477	8
FBXL15	1.3397	1.4443	1.5729	0.0067705	3478	8
FAS	1.5819	1.4423	1.3098	0.0063573	3479	8
POLDIP2	1.3586	1.442	1.5496	0.0068601	3480	8
PAFAH1B1	1.5686	1.4411	1.3158	0.0070384	3481	8
SLC25A26	1.6758	1.441	1.1798	0.0043556	3482	8
SATB1	1.3589	1.4405	1.5011	0.0058034	3483	8
XPR1	1.2687	1.4404	1.6531	0.0049945	3484	8
CFAP97	1.5114	1.4403	1.38	0.007229	3485	8
ATP6V1C2	1.45	1.4389	1.4255	0.0077001	3486	8
GPNMB	1.6551	1.4381	1.2202	0.0044178	3487	8
AMZ2	1.5697	1.4377	1.2909	0.0060227	3488	8
TRMT12	1.5478	1.4376	1.3362	0.005768	3489	8
ZNF257	1.3699	1.4375	1.5084	0.0055702	3490	8
ISOC1	1.57	1.4375	1.3136	0.0037665	3491	8
RRAS2	1.546	1.4366	1.3434	0.004406	3492	8
PTRH1	1.6317	1.4341	1.2409	0.0037014	3493	8
ARL6IP1	1.5481	1.4339		0.0060798	3494	8
RBP1	1.4666	1.4327	1.4108	0.0068913	3495	8
ZMYM4	1.2912	1.4324	1.5575	0.0047778	3496	8
XYLT1	1.5349	1.4319	1.3315	0.004363	3497	8
MAST4	1.1134	1.4316	1.8415	0.0031504	3498	8
NTMT1	1.5175	1.4313	1.3258	0.008753	3499	8
ZNF772	1.3844	1.4298		0.0072428	3500	8
C2orf49	1.2067	1.4296		0.0035886	3501	8
TTI2	1.2877	1.4276	1.5977	0.0055967	3502	8
ZZZ3	1.5012	1.4275	1.3697	0.0077373	3503	8
UQCRC2	1.4541	1.4275		0.0093694	3504	8
ARL5B	1.2551	1.427	1.6452	0.0048364	3505	8
EGR1	1.1981	1.4254	1.6355	0.0039881	3506	8
TAF1C	1.2138	1.4246	1.6367	0.0045202	3507	8
TSEN2	1.2954	1.4242	1.5441	0.0047606	3508	8
SPDYE5	1.3665	1.4241	1.4687	0.0071531	3509	8
FNDC10	1.3172	1.4241	1.5637	0.0063885	3510	8
NIT2	1.6588	1.4241	1.1207	0.0021259	3511	8
LCE3C	1.4075	1.4238	1.4355	0.0078942	3512	8
LZTR1	1.4976	1.4231	1.3422	0.0081698	3513	8
RBM5	1.4741	1.423		0.0078643	3514	8
MFSD13A	1.4851	1.4192		0.0071169	3515	8
DACT3	1.5717	1.4188	1.2467	0.0040814	3516	8
ELN	1.3943	1.4184		0.0082002	3517	8
CDCA7	1.527	1.4184	1.319	0.0059868	3518	8
CYP26B1	1.4733	1.4178	1.3699	0.0055715	3519	8
PPT1	1.2898	1.4178		0.0050032	3520	8
NDUFAF4	1.4222	1.4175		0.01036	3521	8
TAF9B	1.6085	1.4173	1.193	0.0023637	3522	8
DYNC2H1	1.2279	1.4157	1.582	0.0042459	3523	8
CCDC14	1.349	1.4151	1.4757	0.0076877	3524	8
THBS3	1.232	1.4144	1.6098	0.0047765	3525	8
TMEM70	1.4932	1.4142	1.3195	0.010117	3526	8
RBM15	1.2559	1.4137	1.5502	0.0049704	3527	8
AP2M1	1.5664	1.4126		0.0053837	3528	8
TBC1D13	1.5696	1.4108	1.2497	0.0035198	3529	8
LOC155060	1.3335	1.4091	1.4653	0.0061102	3530	8
SOCS7	1.4958	1.4083	1.3367	0.0068913	3531	8
C11orf74	1.5452	1.4076		0.0075864	3532.5	8
SMU1	1.3783	1.4076		0.0071002	3532.5	8
SLX4	1.4247	1.4074		0.0074583	3534	8
SLC45A4	1.1243	1.4065	1.7467	0.003252	3535	8
MAFF	1.4002	1.4056	1.4214	0.0068432	3536.5	8
PHLDB2	1.2933	1.4056	1.5456	0.0062937	3536.5	8
LINC01637	0.87242	1.4055	2.1891	0.0018807	3538	8
C12orf60	1.4653	1.4053		0.0075286	3539	8
ADAM22	1.2189	1.4048	1.6381	0.0046187	3540	8
CCDC103	1.6091	1.4038	1.1663	0.0029112	3541	8
PYCR3	1.5526	1.4038	1.2414	0.0039804	3542	8
SORCS3	1.4531	1.4035	1.3599	0.0079518	3543	8
GCLM	1.3714	1.403	1.4451	0.010106	3544	8
ZFYVE28	1.0043	1.4025	1.8979	0.0025016	3545	8
DAPK3	1.3226	1.4018	1.4917	0.0061969	3546	8
TAPBP	1.3592	1.4018		0.0087853	3547	8
PTPN20	1.3652	1.4012		0.0077903	3548	8
HNRNPA3P1	1.3311	1.4011	1.4617	0.0071097	3549	8
FBXO33	1.2074	1.401	1.655	0.0048866	3550	8
NIP7	1.5647	1.4008	1.2218	0.0053257	3551	8
BTD	1.4365	1.4006		0.0066068	3552	8
AAAS	1.2719	1.3999	1.5674	0.0055007	3553	8
CAMKK1	1.3507	1.3996	1.4502	0.0060723	3554	8
C8orf44	1.4421	1.3989	1.3637	0.0074054	3555	8
RGS6	1.0794	1.3983	1.789	0.0029232	3556	8
SRRM4	1.2875	1.3982	1.4776	0.0051761	3557	8
RBPMS2	1.4059	1.3972	1.3864	0.010036	3558	8
ARMC7	1.3821	1.3969		0.0076371	3559	8
VAC14	1.4813	1.3965		0.0066904	3560	8
ITSN2	1.277	1.3964	1.5067	0.0041728	3561	8
PLXNC1	1.4909	1.3954	1.3186	0.0055226	3562	8
TECPR2	1.4835	1.3948	1.3236	0.0051464	3563	8
MED4	1.5312	1.3942		0.0059346	3564	8
PPP2CA	1.392	1.3939		0.0072124	3565	8
FZD5	1.3263	1.3935	1.4626	0.0063324	3566	8
ASNSP1	1.4005	1.3935	1.3842	0.010036	3567	8
PWP2	1.4291	1.3933		0.0090949	3568	8
RYBP	1.4367	1.3927	1.3549	0.008292	3569	8
PHF23	1.4167	1.3922	1.3658	0.0097249	3570	8
FAM19A4	1.3575	1.3917		0.0063174	3571	8
SUSD4	1.4498	1.391	1.3358	0.0067674	3572	8
RFT1	1.4795	1.3907		0.0071702	3573	8
AUH	1.314	1.3905	1.4844	0.0077896	3574	8
CCDC126	1.1782	1.3901	1.5895	0.003285	3575	8
DTNBP1	1.7769	1.3899	0.93625	0.0021343	3576	8
CASP8AP2	1.1423	1.3895	1.6113	0.0030938	3577	8
VARS	1.3648	1.389		0.0097984	3578	8
LINC00958	1.4838	1.3877	1.2849	0.006503	3579	8
CPSF6	1.4538	1.3871	1.332	0.0069173	3580	8
SAT2	1.2909	1.3865	1.5014	0.0056755	3581	8
GPATCH4	1.5144	1.3857		0.0074876	3582	8
C1RL	1.0248	1.3857	1.7542	0.0025286	3583	8
LINC01554	1.446	1.3855		0.007106	3584	8
LOC728485	1.4616	1.3845	1.3205	0.0080196	3585	8
TRMT112	1.612	1.3844	1.1198	0.0031026	3586	8
VSTM4	1.4608	1.3843		0.0076979	3587	8
PCMT1	1.5388	1.3839	1.2069	0.0069332	3588	8
HRASLS	1.68	1.3824	1.0267	0.00239	3589	8
SRPK3	1.3217	1.3823		0.0074249	3590	8
GRIN2B	1.4748	1.3813	1.3016	0.0057569	3591	8
GNB3	1.1768	1.3792	1.6217	0.00392	3592	8
RPP25	1.2176	1.3774	1.5775	0.0049628	3593	8
LINC00515	1.0968	1.377	1.7546	0.0034239	3594	8
HAPLN4	1.2308	1.3769	1.5666	0.0052644	3595	8
LOC100507642	1.3238	1.3764	1.455	0.00728	3596	8
MTMR2	1.3136	1.3755	1.4551	0.0080077	3597	8
ZMYM3	1.442	1.3753	1.3198	0.0069031	3598	8
CACNA2D2	1.1049	1.3753	1.7444	0.0036077	3599	8
GLRX5	1.5238	1.375		0.0059233	3600	8
KLF9	1.0999	1.374	1.7323	0.003233	3601	8
NSMAF	1.1801	1.3725	1.5328	0.0039226	3602	8
ATRX	1.3906	1.3724	1.3596	0.0097994	3603	7
KIAA1468	1.3562	1.3701		0.0068603	3604	7
SLC25A23	1.5461	1.3699	1.1701	0.0036267	3605	7
ZRANB3	1.4638	1.3691	1.2889	0.0067025	3606	7
TAF5	1.2945	1.3691	1.4549	0.0062059	3607	7
DUSP5P1	1.5242	1.3686	1.2181	0.0045103	3608	7
GTF2A1	1.1377	1.3684	1.6501	0.0036076	3609	7
SSR1	1.3753	1.3678		0.0082093	3610	7
TSG101	1.5438	1.3671		0.004717	3611	7
TMUB1	1.3213	1.3668		0.0078805	3612	7
RPS6KC1	1.2521	1.3666	1.5011	0.0054736	3613	7
NPM3	1.4965	1.3649	1.2391	0.0047163	3614	7
HRAS	1.6216	1.3646	1.0144	0.0022893	3615	7
PARP1	1.4767	1.3637	1.2424	0.0060267	3616	7
MIAT	1.0907	1.3634	1.6001	0.0030053	3617	7
SUMF1	1.6835	1.363	1.007	0.0027871	3618	7
ZCCHC12	1.5098	1.3628	1.2265	0.0036871	3619	7
BIRC3	1.5185	1.3621	1.2049	0.0028718	3620	7
RNLS	1.1224	1.3617	1.5984	0.0034074	3621	7
HSPA1L	1.3246	1.3601	1.4077	0.006555	3622	7
RBFOX3	1.1881	1.3598	1.5709	0.0041409	3623.5	7
COQ3	1.194	1.3598	1.5703	0.0046351	3623.5	7
FECH	1.0584	1.3589	1.7333	0.00287	3625	7
PRKACB	1.2996	1.3587	1.4049	0.0063872	3626	7
SNTG2	1.4916	1.3585	1.224	0.0051337	3627	7
PELI3	1.2002	1.3584	1.5638	0.0047657	3628	7
GZF1	1.2422	1.3578	1.5135	0.0048749	3629	7
ZNF280B	1.2553	1.3566		0.0044129	3630	7
KIF21B	1.4784	1.3554	1.2375	0.0034716	3631	7
TMEM14A	1.3295	1.3552		0.0088212	3632	7
KCNS1	1.2294	1.3544	1.5134	0.0056881	3633	7
EVI5	1.3368	1.3542		0.0072116	3634	7
PCDHB14	1.2118	1.3532	1.4749	0.0044189	3635	7
RBBP5	1.2513	1.3523		0.0048663	3636	7
SNAI3-AS1	1.5271	1.3521	1.1843	0.0054445	3637	7
PRKACA	1.3479	1.3518		0.0097056	3638	7
HINT1	1.6538	1.3511		0.0044276	3639	7
FAM92A	1.3137	1.351		0.006602	3640	7
FBXO3	1.441	1.35	1.2717	0.0057304	3641	7
FOSB	1.1574	1.3498	1.5693	0.0047155	3642	7
CALU	1.4645	1.3496		0.0056582	3643	7
IQCF3	1.4893	1.3492	1.2103	0.0047305	3644	7
HTR2A	1.2644	1.349	1.4281	0.0059959	3645	7
QPCTL	1.2825	1.3463		0.0065311	3646	7
CDC42BPB	1.4462	1.3455	1.2596	0.0049165	3647	7
ATP8B1	0.9755	1.3447	1.6893	0.0023022	3648	7
PHPT1	1.6425	1.3446	1.0092	0.0024723	3649	7
ARRB2	1.4885	1.3443	1.1998	0.0038696	3650	7
CTIF	1.1264	1.3431	1.6182	0.0036739	3651	7
RAB40AL	1.0835	1.3426	1.5563	0.0030217	3652	7
FAAH	1.3908	1.3421		0.0076082	3653	7
ADGRA1	1.2281	1.342	1.4485	0.0045104	3654	7
C11orf71	1.4582	1.3411		0.0046873	3655	7
CHPT1	1.4498	1.3406	1.2387	0.0043411	3656	7
SIRT4	1.1316	1.3405	1.6137	0.0036262	3657	7
GABRG1	1.4476	1.3401	1.2467	0.0060833	3658	7
SNAPC4	1.2763	1.3398		0.0076293	3659	7
LOC101930085	1.4929	1.3395	1.1731	0.0049796	3660	7
VCL	1.3877	1.3384	1.2797	0.0086192	3661	7
ATOX1	1.5368	1.3369	1.1186	0.0033122	3662	7
ACADS	1.4249	1.3363	1.2454	0.0061399	3663	7
FRAS1	1.2877	1.3363	1.3981	0.0062032	3664	7
POLR3GL	1.5066	1.3363	1.1733	0.0046551	3665	7
SLC16A7	0.82638	1.3362	2.1169	0.0019044	3666	7
TMEM67	1.3041	1.3349	1.3597	0.0068373	3667	7
MICU3	1.1417	1.3336	1.5693	0.0038496	3668	7
THEM6	1.255	1.3336	1.433	0.0077963	3669	7
CRYBB1	1.3441	1.3334	1.3193	0.0084249	3670	7
SLC27A2	1.4194	1.3327	1.2583	0.0050033	3671	7
TAF1A	1.3481	1.331	1.3205	0.0081743	3672	7
C9orf50	1.4112	1.3309		0.0089501	3673	7
CAVIN4	1.1611	1.3304	1.5274	0.004234	3674	7
ZNF581	1.3606	1.3302		0.0085631	3675	7
RHOJ	1.5077	1.3299	1.1531	0.0042702	3676	7
POU6F1	0.81033	1.3286	1.8554	0.0016043	3677	7
ENO2	1.1966	1.3284	1.4826	0.0048926	3678	7
UBE2D2	1.6103	1.3279	0.9994	0.0031631	3679	7
PCDH18	1.3679	1.3276		0.0083701	3680	7
EED	1.1661	1.3274	1.4755	0.0043735	3681	7
PTPN2	1.032	1.3274	1.6004	0.0026493	3682	7
PYGL	1.5925	1.3267	0.99292	0.0020508	3683	7
ATG16L1	1.0171	1.3257	1.7229	0.0027958	3684	7
HCFC2	1.3783	1.3257		0.0073908	3685	7
USP51	1.3922	1.3246	1.266	0.0073364	3686	7
HACD1	1.4641	1.3245	1.1596	0.0047678	3687	7
PCSK5	1.4291	1.3239	1.2176	0.0040334	3688	7
EIF2B5	1.1727	1.3238		0.0050481	3689	7
MAPK9	1.2651	1.323	1.3694	0.0061051	3690	7
UBA52	1.5935	1.3223	1.0013	0.0027415	3691	7
ACD	1.3119	1.3216		0.0065787	3692	7
TUBGCP5	1.2385	1.3215	1.423	0.006641	3693	7
ZNF148	1.2423	1.3211	1.3906	0.0067675	3694	7
TNNT3	1.3571	1.3206		0.0087284	3695	7
COMMD4	1.2183	1.3205	1.4301	0.0050472	3696	7
PGBD1	1.2046	1.3199		0.0050711	3697	7
CTU1	1.3826	1.3197		0.0075717	3698	7
FAM182A	1.4673	1.3184	1.1579	0.0050286	3699	7
DCSTAMP	1.4949	1.3183	1.1337	0.0064619	3700	7
MAN2B2	1.4525	1.3179	1.1889	0.0040142	3701	7
SYTL5	1.5151	1.3176	1.1196	0.0037003	3702	7
ECHDC3	1.4705	1.317	1.1659	0.0034681	3703	7
VPS11	1.196	1.3167	1.4597	0.0047861	3704	7
NR4A1	1.1759	1.3153		0.0053948	3705	7
TTTY14	1.4077	1.3144		0.0060904	3706	7
VWC2	0.92776	1.3143	1.7895	0.0022982	3707	7
SLC35F3	1.1591	1.3141	1.4939	0.0049694	3708	7
LOC100507557	1.4643	1.314		0.0048218	3709	7
BCAR1	1.1961	1.3134	1.4536	0.0050821	3710	7
DNAJA2	1.3836	1.3128		0.0070363	3711	7
NRDC	1.4616	1.3126		0.0064259	3712	7
DHRS11	1.2951	1.3113		0.008373	3713	7
CDC37	1.3303	1.3108	1.288	0.010434	3714	7
ZNF669	1.2038	1.3107		0.0059821	3715	7
CCER2	1.075	1.3104	1.5921	0.003674	3716	7
TSPAN17	1.5276	1.31		0.0049251	3717	7
GK3P	1.1218	1.3094	1.5152	0.004284	3718	7
GPSM1	1.4058	1.3084	1.2241	0.0055197	3719	7
LRRN2	1.5213	1.3081	1.0735	0.0041297	3720	7
ZSCAN20	1.2793	1.3066		0.0081717	3721	7
SCGB3A1	1.3259	1.305	1.2804	0.0082961	3722	7
LBH	1.2981	1.3049	1.3128	0.0091216	3723	7
RALYL	1.3384	1.3044		0.0075716	3724	7
C11orf97	1.5369	1.3031	1.0207	0.0022002	3725	7
LINC00909	1.349	1.3023		0.0072077	3726	7
BRAP	1.2853	1.3022		0.0058551	3727	7
CDK17	1.38	1.3015	1.2277	0.0070582	3728	7
LRCOL1	1.3788	1.3007	1.2303	0.0065842	3729	7
TAS2R20	1.1416	1.3002		0.0042602	3730	7
AGMAT	1.3473	1.3	1.2468	0.009651	3731.5	7
FAXC	1.2139	1.3	1.3715	0.0055745	3731.5	7
THUMPD2	1.2525	1.2985		0.0060409	3733	7
C1QL2	1.4548	1.2978	1.1342	0.0042812	3734	7
DDB1	1.517	1.2968		0.0042289	3735	7
LOC407835	1.2724	1.2968	1.3268	0.0088083	3736	7
DPYSL3	1.4197	1.2967	1.1825	0.0030781	3737	7
CDH6	1.3325	1.2959	1.2515	0.0096733	3738	7
LYRM7	1.1847	1.2958	1.4383	0.0048082	3739	7
FAM207A	1.6057	1.295	0.95665	0.0030327	3740	7
NEIL1	1.1109	1.2943	1.4408	0.0038758	3741	7
RNF19A	1.2497	1.2943		0.0058908	3742	7
CD38	1.3402	1.2943	1.2612	0.0070509	3743	7
PTPN9	1.3805	1.2942		0.0078119	3744	7
PFDN2	1.4043	1.2936		0.0077049	3745	7
HEATR4	1.1815	1.2936	1.386	0.0045773	3746	7
PLCXD3	1.3273	1.2933	1.2658	0.0086462	3747	7
ECE1	1.208	1.2914	1.3598	0.0044756	3748	7
FBXO27	1.3798	1.2905		0.0044779	3749	7
COL4A2	1.4343	1.2897	1.1412	0.0043853	3750	7
CCNB3	1.38	1.2897		0.0067047	3751	7
EHBP1	1.145	1.2896		0.004313	3752	7
RNASEH2B	1.4204	1.2886		0.0067182	3753	7
SLITRK3	1.0401	1.2886	1.5553	0.0032155	3754	7
SAP130	1.4389	1.2878	1.1485	0.0050265	3755	7
ELAC2	1.4308	1.2875	1.1225	0.0053332	3756	7
EFHB	1.4059	1.2874	1.1564	0.0045811	3757	7
PCGF3	1.3023	1.2871	1.2731	0.0095385	3758	7
CACNB3	1.3318	1.2869	1.2513	0.0074583	3759	7
KIFC2	1.1901	1.2867	1.37	0.0048248	3760	7
HIST1H4E	1.1401	1.2864	1.4212	0.0046914	3761	7
LOC100507351	1.3971	1.2861	1.1879	0.0047637	3762	7
FAM104A	1.1816	1.2849		0.0052374	3763	7
SNX33	1.3609	1.2846		0.0077825	3764	7
MAP1B	1.298	1.2844	1.271	0.009243	3765	7
FAM184A	1.4783	1.2835	1.0837	0.0036781	3766	7
C17orf51	1.3555	1.2832	1.2248	0.0070156	3767	7
GRIA3	1.3596	1.2831		0.0076128	3768	7
PCED1B	1.5291	1.2827	0.9779	0.0022837	3769	7
TRHDE	1.1962	1.2826		0.0058218	3770	7
TEDC1	1.3544	1.2824	1.2098	0.0068018	3771	7
HAGHL	1.1679	1.281	1.4265	0.0058864	3772	7
RASGEF1A	1.3812	1.2806	1.1928	0.0053667	3773	7
LOC101929066	1.4233	1.2804	1.1207	0.0066961	3774	7
EXOC7	1.388	1.2798		0.0056774	3775	7
RBM41	1.1464	1.2786	1.4131	0.0038901	3776	7
RAD17	1.3879	1.2779		0.0043829	3777	7
STARD7-AS1	1.3806	1.276		0.0068918	3778	7
SNX7	1.4147	1.2751	1.1443	0.0037691	3779	7
SOHLH1	1.0448	1.275	1.5751	0.0036583	3780	7
TNFSF12	1.3906	1.2746	1.1683	0.0066541	3781	7
CTNNBL1	1.2344	1.2746	1.3219	0.0067269	3782	7
C9orf72	1.0234	1.2745	1.5108	0.0029362	3783	7
PRRG3	1.3694	1.274	1.1808	0.0049678	3784	7
CLEC4G	1.5029	1.2739	1.0261	0.0037882	3785	7
MYH10	1.3846	1.2731	1.1455	0.0076199	3786	7
ALG1L	1.4041	1.2722		0.0040774	3787	7
LOC645166	1.4256	1.2721	1.1107	0.0038735	3788	7
ARX	1.3686	1.2685		0.0071335	3789	7
CCNE1	1.1475	1.2682	1.4153	0.0050714	3790	7
IDNK	1.4591	1.2679	1.0725	0.0033427	3791	7
PCDHB12	1.0944	1.2673	1.4389	0.0041934	3792	7
SLC22A3	1.3549	1.2663	1.185	0.0063427	3793	7
GTF2IRD1	1.1975	1.2663	1.3524	0.0051794	3794	7
INTS10	1.4516	1.2659		0.0044989	3795	7
NSF	1.3307	1.2642	1.1898	0.0086184	3796	7
GPC1	1.3615	1.2637		0.0074483	3797	7
NR3C2	0.85387	1.2633	1.7317	0.0020786	3798	7
GCHFR	1.2523	1.2631	1.2798	0.0085937	3799.5	7
TCTN2	1.1606	1.2631	1.3386	0.0047587	3799.5	7
CD7	1.4343	1.2628		0.0049111	3801	7
SARDH	1.4057	1.2604	1.1088	0.00411	3802	7
PTBP2	1.4105	1.2598	1.0946	0.0032028	3803	7
TAX1BP1	1.2665	1.2595	1.2486	0.0082421	3804	7
ZBTB33	1.2962	1.2591	1.2245	0.0063364	3805	7
ZNF131	1.2048	1.258		0.0058711	3806	7
PKD1	1.0467	1.2576	1.5145	0.0037341	3807	7
LYPD6	1.3293	1.2572	1.1771	0.0073185	3808	7
ZCCHC14	1.2138	1.2571	1.2955	0.0083227	3809	7
NFS1	1.2884	1.2568		0.0085165	3810	7
RAC1	1.3928	1.2568		0.0046791	3811	7
NDUFA13	1.4608	1.256		0.0050414	3812	7
ADAM32	1.1696	1.2559	1.3544	0.0055008	3813	7
LOC441052	1.3939	1.2545	1.1123	0.0033403	3814	7
KBTBD8	0.99739	1.2528		0.002788	3815	7
FOXRED1	1.2151	1.2526		0.0075734	3816	7
SH2B3	1.4045	1.2524	1.0976	0.0047592	3817	7
SPTSSB	0.8452	1.2522	1.825	0.0020703	3818	7
ICE1	1.4329	1.2517	1.0638	0.0031956	3819	7
FIS1	1.3417	1.2514		0.00658	3820	7
B3GALT4	1.2978	1.251		0.00858	3821	7
SSX2IP	1.1328	1.2508	1.3482	0.0048511	3822	7
PGK1	1.1475	1.2508	1.3707	0.0058083	3823	7
APOL1	1.1842	1.2505	1.3293	0.0059877	3824	7
BAZ1B	1.0813	1.2502		0.0037907	3825	7
CSMD1	1.1926	1.2499		0.00617	3826	7
KIAA1614	1.0161	1.2494	1.5454	0.0032448	3827	7
CNEP1R1	1.081	1.2492	1.4604	0.0046677	3828	7
LINS1	1.1965	1.2485	1.2967	0.0058234	3829	7
CPNE7	1.375	1.2483	1.117	0.003342	3830	7
RLBP1	1.3635	1.248	1.1445	0.005268	3831	7
GLCCI1	0.85533	1.2479	1.7573	0.0020888	3832	7
MTX3	1.2476	1.2471	1.2461	0.0093531	3833	7
RPE	1.1838	1.2465		0.0067229	3834	7
BEND3	1.3614	1.2461		0.0060246	3835	7
HSPH1	1.1663	1.246	1.3411	0.0062458	3836	7
TACR2	1.4526	1.2453	1.0289	0.0048745	3837	7
PRRX1	1.2457	1.2443	1.2532	0.0062652	3838	7
TSPOAP1	1.386	1.2439	1.109	0.0046849	3839	7
SESN2	1.1364	1.2425	1.3743	0.0054766	3840	7
TFIP11	1.2584	1.2423		0.007941	3841	7
TIGD2	1.1906	1.2399		0.0053669	3842	7
GABRA5	1.3782	1.2397	1.102	0.0028472	3843	7
MRPL20	1.6078	1.2395	0.82322	0.0021596	3844	7
ACADL	1.3555	1.239	1.1246	0.0036197	3845	7
CARMIL1	1.3491	1.2383	1.1318	0.0062276	3846	7
RFX7	1.1187	1.2382	1.3451	0.0052325	3847	7
NDUFB8	1.3996	1.2364	1.057	0.0059999	3848	7
ENTPD7	1.1599	1.2363		0.0055817	3849	7
PIP4P2	1.1552	1.236	1.34	0.0059574	3850	7
COL10A1	1.3079	1.2359	1.1717	0.0054778	3851	7
DEPDC1	1.1177	1.2354		0.005098	3852	7
ENPP7P13	1.2993	1.233	1.1697	0.0077551	3853	7
ZNF682	1.2739	1.2285		0.0072904	3854	7
SNX2	1.531	1.2277	0.89246	0.0028635	3855	7
USP32P1	1.2518	1.2273		0.0076229	3856	7
MT3	1.4725	1.2269	0.97097	0.0030761	3857	7
OSBPL1A	1.0629	1.2266	1.4355	0.0039266	3858	7
GPX4	1.3519	1.2251		0.0055906	3859	7
TRIM65	1.1805	1.225		0.00557	3860	7
TRIP12	1.3685	1.2236	1.062	0.0048476	3861	7
SH3KBP1	1.3205	1.2231	1.1302	0.0063949	3862	7
PEBP4	1.2438	1.2225	1.2019	0.0085605	3863	7
CLDND2	1.3609	1.2224	1.0892	0.0040923	3864	7
RPAP3	1.347	1.222	1.0937	0.0049034	3865	7
CNTNAP4	1.2764	1.2217		0.0054475	3866	7
TXNDC9	1.3606	1.2216		0.0063334	3867	7
ERFE	1.3375	1.2203	1.107	0.0035652	3868	7
RILPL2	1.3602	1.2201	1.0888	0.0036888	3869	7
CWF19L2	1.1829	1.2191		0.0055508	3870	7
ROCK2	1.058	1.2188	1.4127	0.00407	3871	7
DICER1-AS1	1.2993	1.2185		0.0048259	3872	7
LINC00599	0.75454	1.2184	1.674	0.0017294	3873	7
CTSH	1.2987	1.2182	1.1467	0.0047745	3874	7
ZNF654	0.99637	1.2178	1.4653	0.0028102	3875	7
ZNF500	0.95224	1.2172	1.5392	0.0031263	3876	7
OAZ2	1.368	1.2168	1.0453	0.0049628	3877	7
NPHP1	1.2881	1.2162	1.1507	0.007597	3878	7
PUS7L	1.2912	1.2152		0.0061787	3879	7
VCP	1.3545	1.215		0.0056126	3880	7
JPT1	1.3689	1.2147	1.0455	0.0027285	3881	7
TMEM101	1.3623	1.2146		0.0065127	3882	7
IFT172	0.91428	1.214	1.453	0.0021207	3883	7
DPY19L2P4	1.0014	1.2136	1.4228	0.0031531	3884	7
TYW5	1.3349	1.2135	1.0888	0.0040931	3885	7
GOT1	1.1601	1.2122	1.2702	0.0070422	3886	7
GGNBP2	1.2581	1.2119	1.1545	0.0075852	3887	7
ZWILCH	1.267	1.2117		0.006669	3888	7
ANKZF1	1.046	1.2117	1.3538	0.0040518	3889	7
ZIC1	1.2091	1.2116	1.2273	0.0061816	3890	7
PFDN1	1.1883	1.2096	1.2403	0.0073934	3891	7
GNB4	1.4648	1.2095	0.88896	0.0021298	3892	7
PPFIA2	1.2085	1.2076	1.2079	0.008993	3893	7
ARL6IP5	1.1402	1.2067	1.2809	0.0055121	3894	7
ATG4B	1.3009	1.2055		0.0077012	3895	7
ACOT2	1.4075	1.2053	0.98971	0.0023323	3896	7
PWARSN	1.1391	1.2053		0.0067482	3897	7
DSTN	1.469	1.2034	0.92277	0.0032766	3898	7
LRRC4C	1.2444	1.2031	1.1629	0.0068112	3899	7
LOC339059	1.1459	1.2024		0.0055382	3900	7
ANO2	1.357	1.2024	1.0469	0.0041116	3901	7
TMEM8A	1.299	1.2019	1.1	0.0052657	3902	7
CAMK2D	1.3068	1.2017	1.1068	0.0042749	3903	7
DNAJC21	1.1643	1.2012	1.2406	0.0060856	3904	7
SHD	0.96011	1.2009	1.5235	0.0030321	3905	7
MTMR12	1.2245	1.2001		0.0073511	3906	7
GLIPR1	1.0929	1.1995	1.3273	0.0043943	3907	7
ATP1A1	1.1352	1.1994	1.2754	0.0060082	3908	7
CELF6	1.279	1.1994	1.1243	0.0053903	3909	7
COX17	1.0925	1.1979	1.3284	0.0046859	3910	7
LINC01551	1.3613	1.197	1.0153	0.0049952	3911	7
DCUN1D4	1.2308	1.1965	1.1611	0.0080182	3912	7
FAM69B	1.1861	1.1963		0.0085577	3913	7
CHMP6	1.2859	1.196		0.0070943	3914	7
LRP12	1.1719	1.1951	1.2266	0.0085764	3915	7
FLAD1	1.2648	1.195	1.1146	0.0072399	3916	7
FDPSP2	1.3742	1.1946	0.99169	0.0046394	3917	7
RSPH9	1.3369	1.1925	1.0569	0.0034664	3918	7
CHMP4A	1.3894	1.1925	0.97731	0.0034674	3919	7
KIAA0368	1.03	1.1916	1.3884	0.00401	3920	7
FAM27E2	1.2441	1.1907	1.1432	0.0057305	3921	7
ARNTL2	1.2626	1.1904	1.1236	0.0052576	3922	7
CCDC167	1.477	1.1901	0.86777	0.0026629	3923	7
CCDC57	0.93631	1.1898	1.4169	0.0026661	3924	7
EIF4E1B	1.0463	1.1891	1.3671	0.0044898	3925	7
GYG2	1.2727	1.1886	1.1109	0.0056411	3926	7
TIGD6	1.2607	1.1882		0.0051881	3927	7
EIPR1	1.3005	1.1868	1.0825	0.0044514	3928	7
LOC103091866	1.0763	1.1847	1.2985	0.0049093	3929	7
TMEM64	1.2507	1.1839		0.0078477	3930	7
TC2N	1.0696	1.1826	1.3063	0.0047441	3931	7
FLII	1.1862	1.1825	1.1778	0.0079392	3932	7
NFE2L1	1.2	1.182		0.0080566	3933	7
LETM2	1.2093	1.1808		0.0083037	3934	7
NRN1L	1.2404	1.1808	1.1194	0.0077363	3935	7
BLVRA	1.148	1.1806		0.0079835	3936	7
NKX6-3	0.81222	1.1805	1.561	0.0020922	3937.5	7
ATP6V1E1	1.3322	1.1805		0.0056141	3937.5	7
RGS7	1.0375	1.18	1.2976	0.0034325	3939	7
PGP	1.1161	1.1795	1.255	0.006679	3940	7
PARD6A	1.1448	1.1787		0.0069271	3941	7
NOP16	1.3387	1.1785	0.9975	0.0055171	3942	7
RHOF	1.2163	1.1784	1.1374	0.0085773	3943	7
OSTN	1.1301	1.1783	1.2354	0.0049838	3944	7
ROBO1	1.3761	1.1772	0.94948	0.0025787	3945	7
GOSR2	1.2918	1.1768	1.0685	0.0038151	3946	7
FAM76A	1.2318	1.1762	1.1267	0.0059444	3947	7
CDV3	1.2623	1.1761		0.0062846	3948	7
C19orf66	1.0286	1.1757	1.3148	0.0042496	3949	7
TOR2A	1.0638	1.1744	1.289	0.004838	3950	7
DXO	1.08	1.1709	1.2748	0.0047851	3951	7
FAM120C	0.85023	1.1709	1.5658	0.0024089	3952	7
ZFYVE21	1.3568	1.1705	0.97049	0.0043333	3953	7
FTHL17	1.1163	1.1704		0.00665	3954	7
GART	0.95213	1.1698	1.438	0.0032558	3955	7
WNT10A	1.1471	1.1676	1.1947	0.0067862	3956	7
FAM155A	0.94039	1.1672	1.4139	0.0028626	3957	7
ATP8A1	1.223	1.1668		0.0070364	3958	7
AGK	1.1569	1.1664		0.0059223	3959	7
STAU1	1.3739	1.1661		0.0046457	3960	7
SCAP	1.1321	1.1657		0.0062834	3961	7
TMEM184C	1.0801	1.1651	1.2688	0.0052633	3962	7
TUFM	1.2889	1.1647	1.0252	0.0062939	3963	7
FKBP1B	1.5063	1.1637	0.77001	0.0022559	3964	7
ZNF264	1.1096	1.1635	1.2075	0.0058516	3965	7
C1QL1	1.3624	1.1622	0.92212	0.0019312	3966	7
PHACTR3	1.2758	1.1621	1.0547	0.00505	3967	7
TRAF3	1.1272	1.1617	1.2122	0.0086013	3968	7
DDHD1	1.0922	1.1615	1.2475	0.0062708	3969	7
DNAAF4	1.2693	1.1609	1.0602	0.0036327	3970	7
C16orf70	1.2541	1.1604	1.0737	0.0065205	3971	7
ZSWIM3	1.0671	1.1595		0.0042646	3972	7
MED23	1.0605	1.1593	1.2494	0.0052541	3973	7
RPA2	1.3168	1.159	1.0008	0.0028898	3974	7
AKAP12	1.1421	1.1589	1.1823	0.0083677	3975	7
PRRC1	1.0891	1.1585		0.0050194	3976	7
MZT2B	1.3547	1.1583	0.95737	0.0032376	3977	7
ANK3	1.2613	1.158	1.0629	0.0039795	3978	7
SLC4A8	0.87481	1.1573	1.5457	0.0027351	3979	7
PGRMC1	1.3041	1.157	1.0056	0.0030076	3980	7
ACSL1	1.147	1.1568		0.0059158	3981	7
OSBPL10	1.1978	1.1565	1.1262	0.0082383	3982	7
GRK5	1.2165	1.1562	1.1011	0.0061724	3983	7
ZNF273	0.95283	1.1562	1.3467	0.0031891	3984	7
ATAD5	1.1086	1.156		0.0057027	3985	7
SCRN2	1.0138	1.1544	1.3122	0.0040914	3986	7
SLC25A10	1.1534	1.1544	1.1645	0.0076896	3987	7
KIF26B	1.2547	1.1537	1.0606	0.0052082	3988	7
ZFYVE1	1.2444	1.1533	1.0599	0.0055381	3989	7
CAPNS2	1.2719	1.1525		0.0056942	3990	7
DCP1A	0.64987	1.151	1.6318	0.0014376	3991	7
LOC93622	1.2961	1.1506	1.0127	0.0036062	3992	7
APOL2	1.0088	1.1505	1.3302	0.0042045	3993	7
RFLNB	1.2298	1.1503	1.0651	0.0073324	3994	7
GRIP1	1.0765	1.1488		0.0058253	3995	7
LOC285097	1.2813	1.1483	1.0185	0.0030102	3996	7
SREK1	1.0486	1.1478	1.2217	0.0050268	3997	7
RASL10A	1.4264	1.1478	0.86247	0.0028331	3998	7
LRP2	1.1354	1.147		0.0067016	3999	7
DNALI1	1.2675	1.1462	1.0343	0.0050781	4000	7
KIF2C	0.96077	1.146	1.3361	0.0036279	4001	7
KLHDC8A	1.3426	1.1443	0.92952	0.0034662	4002	7
PDE8B	1.0577	1.1441		0.0052113	4003	7
ZNF558	1.0078	1.1433		0.0039955	4004	7
MESD	1.2763	1.1425	0.98665	0.0042435	4005	7
YWHAZ	1.2527	1.1418	1.037	0.004131	4006	7
IMPAD1	1.0738	1.1418	1.2281	0.0057587	4007	7
PPP1R10	1.0208	1.1418		0.0052271	4008	7
F13A1	1.2284	1.1417		0.0050352	4009	7
KLF11	1.0631	1.1417		0.0062978	4010	7
NOXO1	0.98387	1.1407	1.2683	0.003243	4011	7
ABLIM2	1.3159	1.1402	0.96337	0.0035996	4012	7
KCTD21	1.2403	1.1395	1.0437	0.004279	4013	7
ZNF446	0.95874	1.139	1.2954	0.0035941	4014	7
DHX8	1.0628	1.1387	1.2258	0.0052643	4015	7
CTSB	1.057	1.1385		0.0049449	4016	7
DNLZ	1.2802	1.1383		0.0055238	4017	7
COL16A1	1.2462	1.1381	1.0177	0.0060458	4018	7
AHR	1.1919	1.1376	1.0898	0.0067537	4019	7
ERC2	1.2735	1.1373	1.0091	0.0039559	4020	7
FOXL2	1.0764	1.1372	1.2062	0.0065648	4021	7
DOCK3	1.0156	1.137		0.003774	4022	7
MTMR3	1.2257	1.1369	1.0581	0.0056585	4023	7
NFYC	0.95773	1.1365	1.312	0.0037402	4024	7
TAGLN3	1.3074	1.1362	0.93867	0.0029349	4025	7
SLC25A43	1.1279	1.1361		0.005053	4026	7
COA6	1.3861	1.135	0.87492	0.0039934	4027	7
ABHD17C	1.2237	1.135	1.0541	0.0056883	4028	7
SLC38A8	1.234	1.1341		0.0074404	4029	7
ZSCAN29	1.0054	1.134	1.2881	0.0038761	4030	7
EDEM3	1.0035	1.134		0.003983	4031	7
OSTM1	1.0684	1.1336		0.0059317	4032	7
C1orf109	1.0235	1.1305		0.0045419	4033	7
SETBP1	0.89472	1.1304	1.3265	0.0027704	4034	7
PFKM	1.0978	1.1303		0.0067927	4035	7
TUBGCP3	0.96945	1.1295	1.2637	0.0036398	4036	7
C17orf100	0.9984	1.1293	1.2685	0.0044141	4037	7
DMAC2	1.129	1.1291		0.0056425	4038	7
TNRC6C	1.0586	1.1287	1.1899	0.0059626	4039	7
ABI2	1.2446	1.1276	1.0167	0.0044444	4040	7
SLCO4A1	0.93797	1.1275	1.3742	0.0037864	4041	7
LIN9	0.84427	1.1273	1.3982	0.0025473	4042	7
SORCS2	1.2354	1.1267		0.0043278	4043	7
NEURL1	1.2115	1.1251	1.0457	0.0060909	4044	7
PDE1A	1.2341	1.1241	1.0066	0.0044584	4045	7
ZNF12	0.9933	1.1239	1.2543	0.0041267	4046	7
LINC01128	0.93777	1.1239	1.3452	0.0034912	4047	7
CSMD3	1.1622	1.1222	1.0875	0.0069746	4048	7
KIF3A	1.2239	1.1216	1.0135	0.0057056	4049	7
VRK1	1.1918	1.1208	1.0527	0.0063909	4050	7
LRRTM2	1.1363	1.1204		0.0065325	4051	7
MR1	1.299	1.1197	0.9036	0.0024902	4052	7
TXNRD1	1.1782	1.1196		0.0056816	4053	7
TPRXL	1.0328	1.1196	1.2072	0.0057396	4054	7
CISD2	0.96565	1.1195	1.3089	0.0037112	4055	7
GUCY1A1	1.361	1.1179	0.85435	0.0029118	4056	7
JAML	1.219	1.1168		0.0056558	4057	7
TSPAN19	1.0049	1.1167		0.0047077	4058	7
KHDC1L	1.1445	1.1159	1.0833	0.0081837	4059	7
ATXN7L2	0.92777	1.1155	1.2926	0.0037857	4060	7
TUBA1C	1.2448	1.1152	0.96749	0.0047679	4061	7
RCN3	0.96928	1.1145	1.2672	0.0032766	4062	7
KCNH4	0.96727	1.1145	1.2484	0.0037014	4063	7
FRMPD1	1.0194	1.1145	1.2308	0.0053987	4064	7
MAPK3	1.3463	1.1143	0.84761	0.002008	4065	7
PLEKHO1	0.97486	1.1139	1.2855	0.0038516	4066	7
OSBPL5	0.87046	1.1137	1.3423	0.0028346	4067	7
TM9SF2	1.0758	1.113		0.006023	4068	7
PINK1	1.1543	1.1129	1.0646	0.0072373	4069	7
COPZ1	1.3253	1.1126	0.89483	0.0033113	4070	7
MAMDC4	0.99083	1.111		0.0045995	4071	7
ZNF181	1.0054	1.1108		0.0042382	4072	7
KCND3	1.0148	1.1091	1.1972	0.0037771	4073	7
COL11A2	0.99697	1.1088	1.2078	0.0040089	4074	7
CREB3	1.2485	1.1087	0.95637	0.003024	4075	7
PPP1R3F	1.0153	1.1079	1.2279	0.0047362	4076	7
RBAK	0.95312	1.1074	1.2664	0.0037594	4077	7
C2orf42	1.0448	1.1073		0.0060303	4078	7
LMF1	1.1484	1.1063		0.0055943	4079	7
SLC25A36	0.83461	1.1044	1.3726	0.002481	4080	7
IQSEC2	1.2148	1.104	0.99996	0.0040089	4081	7
MS4A15	1.1373	1.1039	1.0666	0.0059028	4082	7
EIF4E3	0.76139	1.1025	1.5256	0.0020232	4083	7
IMP4	1.1626	1.1015	1.0303	0.0078619	4084	7
DNM1L	1.1202	1.1006		0.007791	4085	7
RHOBTB1	0.89523	1.1004	1.3546	0.0033123	4086	7
RRP7BP	1.3808	1.1003	0.79009	0.0021711	4087	7
CKMT1A	1.0057	1.0996	1.2095	0.0051626	4088	7
NDUFS7	1.0317	1.0994	1.1739	0.0054692	4089	7
RABEP1	1.1717	1.099		0.0060547	4090	7
GLP2R	1.2065	1.0978	0.98273	0.0041597	4091	7
GLT8D2	1.2061	1.0977	0.99874	0.0042926	4092	7
LOC102723665	1.2617	1.0955	0.90716	0.0036231	4093	7
LOC727896	0.6945	1.0936	1.5643	0.0018869	4094	7
C7	1.1442	1.0936		0.0065422	4095	7
IGSF11	1.2325	1.0935		0.0040191	4096	7
RUFY3	1.1899	1.0935		0.0063287	4097	7
CIDEA	1.099	1.093	1.0862	0.0085966	4098	7
ATP5PF	1.2436	1.0924		0.0053698	4099	7
GLG1	1.1758	1.092	1.0109	0.0052102	4100	7
C5	1.1842	1.0919	1.0041	0.0049131	4101	7
KAZN	1.0836	1.0916	1.0999	0.0058601	4102	7
ZBTB25	0.98378	1.0909		0.0040055	4103	7
PANK3	1.1608	1.09	1.0288	0.0055943	4104	7
ANAPC15	1.2541	1.0892		0.0043519	4105	7
SORL1	0.95945	1.0892	1.2502	0.0043009	4106	7
C12orf54	1.0506	1.0892	1.1392	0.0062923	4107	7
SPATA24	1.1882	1.0891		0.0048739	4108	7
ZNF260	1.0544	1.0874		0.0057475	4109	7
OTULIN	0.96845	1.0867		0.0040712	4110	7
HEY1	1.3634	1.0867	0.79037	0.0027958	4111	7
AP3S1	1.3476	1.0864	0.72676	0.0015438	4112	7
LRFN5	0.93469	1.0852	1.2157	0.003721	4113	7
EIF3K	1.2198	1.0822		0.0050551	4114	7
CDC16	1.3081	1.0821	0.83395	0.0025645	4115	7
SRF	1.0787	1.0817		0.0071925	4116	7
IGIP	0.96747	1.0805	1.2214	0.0047672	4117	7
C8orf59	0.96233	1.0798	1.1875	0.0038054	4118	7
ATP11B	0.95507	1.0789	1.1894	0.0043924	4119	7
ZBED5	0.79075	1.0783	1.3371	0.0021798	4120	7
NTSR1	1.2059	1.0782	0.94092	0.0031133	4121	7
LAMTOR4	1.3478	1.0776	0.79242	0.0028526	4122	7
NSUN5P2	0.93967	1.0775		0.0046245	4123	7
ZNF17	1.0092	1.0774		0.0043999	4124	7
YKT6	1.2146	1.0772	0.93115	0.0039357	4125	7
SUPT16H	0.87129	1.0763	1.3226	0.0029926	4126	7
RBM15B	1.093	1.0763		0.006261	4127	7
DIO3	1.1218	1.076	1.0235	0.0068479	4128	7
CA7	0.91177	1.0746	1.2702	0.0034178	4129	7
SSSCA1	1.2932	1.0744	0.80192	0.0022116	4130	7
SEL1L	1.0485	1.074		0.0064311	4131	7
TMED3	1.1042	1.0735		0.006828	4132	7
CEP295	0.98124	1.0733	1.1502	0.0036527	4133	7
ATXN7L1	0.95872	1.0733	1.1781	0.0041006	4134	7
C6orf52	1.2634	1.0732	0.86404	0.0025729	4135	7
LINC01278	0.97579	1.0729	1.1602	0.0040967	4136	7
TMEM170B	0.90133	1.0724	1.263	0.0030486	4137	7
ZDHHC6	1.0134	1.0719		0.0049729	4138	7
TRO	1.2177	1.0711	0.91109	0.0044806	4139.5	7
ZNF548	1.0026	1.0711		0.005565	4139.5	7
INHA	1.0958	1.0711		0.0062886	4141	7
LGI3	0.92817	1.071	1.2452	0.0039489	4142	7
ALKBH7	1.1795	1.0709	0.95288	0.0046035	4143	7
ARHGEF2	0.963	1.0695		0.0041907	4144	7
SCMH1	1.1085	1.0693	1.0365	0.0060273	4145	7
COPB2	1.1827	1.0691	0.94449	0.0057067	4146	7
A1BG	1.2551	1.069	0.87632	0.0026994	4147	7
MEGF9	1.1649	1.0684		0.0051062	4148	7
ENKD1	0.96843	1.0678	1.1561	0.0049295	4149	7
ARHGDIB	1.2792	1.0673	0.84252	0.0037015	4150	7
MRPS9	1.1539	1.0661		0.0059054	4151	7
CHST7	1.2019	1.0661		0.0033791	4152	7
PILRA	0.92429	1.0659	1.1976	0.0039997	4153	7
CDK5	1.1963	1.0656		0.0050431	4154	7
UTP11	1.2048	1.064		0.0039223	4155	7
SCPEP1	1.2353	1.0638	0.86727	0.0026836	4156	7
TUNAR	1.1868	1.0637	0.92913	0.0037623	4157	7
TGM1	0.70504	1.0637	1.5328	0.0019966	4158	7
MBLAC1	0.8851	1.0629		0.0029522	4159	7
HHIPL2	1.0844	1.0626	1.0381	0.0066437	4160	7
RFPL1S	1.0529	1.0616		0.0044971	4161	7
THEMIS	1.0215	1.0604	1.105	0.0074575	4162	7
CYB5D2	1.4368	1.0597	0.66844	0.0019263	4163	7
WFDC12	1.1107	1.0593		0.0059609	4164	7
POLR2E	1.1218	1.0588		0.0066291	4165	7
AZIN1-AS1	1.2197	1.058	0.87745	0.0031172	4166	7
RPL27	1.2203	1.0573	0.89634	0.0039422	4167	7
LDHC	1.1586	1.0571		0.00523	4168	7
CDC123	1.1316	1.0568		0.0070004	4169	7
ZDHHC7	1.1673	1.0564	0.93527	0.0041067	4170	7
ARID3C	1.0287	1.0564		0.0061442	4171	7
NOP2	0.85644	1.0559	1.2946	0.0033484	4172	7
CCDC189	1.2779	1.0559	0.79608	0.0023705	4173	7
ADAM20	0.93473	1.0559		0.0034947	4174	7
PET100	1.3184	1.0555	0.79576	0.0031849	4175	7
CLYBL	1.2758	1.0554	0.83713	0.0040799	4176	7
MIER3	0.94903	1.0553		0.0042401	4177	7
RHCE	1.1331	1.0536		0.0067767	4178	7
ENPP1	1.1815	1.0534	0.9194	0.004007	4179	7
PDCD7	0.92389	1.0534	1.1674	0.0032759	4180	7
CAB39	0.95988	1.0529	1.1656	0.0047129	4181	7
KCNA2	0.9026	1.0523	1.2424	0.0037686	4182	7
SLC25A25	0.96289	1.0521	1.1556	0.0049414	4183	7
EVL	0.99803	1.0521	1.1041	0.0063511	4184	7
DHX58	1.2807	1.0516	0.79846	0.0026937	4185	7
PRKCQ-AS1	1.0599	1.0512		0.0070275	4186	7
DNAJA4	1.263	1.0512	0.77704	0.001844	4187	7
LAPTM4B	0.93759	1.051	1.1931	0.0045075	4188	7
C2orf73	1.1533	1.0509	0.95614	0.0042372	4189	7
SEZ6L	1.158	1.0499	0.94263	0.0045804	4190	7
SETDB1	0.84305	1.0488	1.2024	0.0026016	4191	7
SLC34A1	1.0435	1.048		0.0060278	4192	7
ALAS1	1.0668	1.0478		0.0088083	4193	7
SPAG5	0.93403	1.0473	1.1718	0.0043135	4194	7
PLEKHA5	0.91445	1.047	1.1701	0.0034748	4195	7
PPP1R9A	0.99899	1.047		0.0064173	4196	7
SYT12	0.86486	1.0462	1.279	0.0035107	4197	7
MAP2K2	1.0154	1.0458	1.0852	0.0065179	4198	7
FAR1	0.96064	1.0457		0.0048852	4199	7
ZNF578	1.1271	1.0456		0.00568	4200	7
DMWD	1.2129	1.0447	0.85774	0.002495	4201	7
RERE	0.90184	1.0446		0.003312	4202	7
GIMAP4	1.1913	1.0444	0.88735	0.0044765	4203	7
PAK5	0.98161	1.0429		0.0055439	4204	7
CDH7	0.79302	1.0426	1.3594	0.0025332	4205	7
ADAMTSL2	1.1002	1.0424	0.97988	0.0065701	4206	7
RASD2	0.75197	1.0418	1.306	0.0018408	4207	7
FRMD5	0.8573	1.0412	1.2607	0.0031797	4208	7
LLPH	1.1675	1.0406		0.0048206	4209	7
IMPDH1	0.91068	1.0401	1.1951	0.0039248	4210	7
MARCH4	1.16	1.04	0.92003	0.0035778	4211	7
MAD1L1	0.98102	1.04	1.1144	0.0059293	4212	7
TRMT61B	0.82474	1.0394	1.3166	0.0029297	4213	7
SPIN3	0.91281	1.0391	1.147	0.0035146	4214	7
SYNDIG1	0.95717	1.0389	1.1379	0.0052945	4215	7
MRPS18C	1.1688	1.0385		0.005569	4216	7
CCDC115	0.88711	1.0376	1.2279	0.0039599	4217	7
RBM12B	0.96359	1.0376		0.0043201	4218	7
RPL38	1.1863	1.0376		0.0044782	4219	7
VAMP2	1.1718	1.0375	0.90707	0.0038386	4220	7
BIVM	0.93121	1.0371		0.0045022	4221	7
DGCR6	1.1447	1.0369		0.0044729	4222	7
USP9X	1.1767	1.0369		0.0046344	4223	7
FAM83H	1.1271	1.0364		0.0058146	4224	7
GTF2IRD1P1	0.90725	1.0363		0.0040504	4225	7
DLGAP1-AS4	0.93304	1.0359	1.1316	0.004628	4226	7
CAMK2N1	1.0902	1.0348	0.98452	0.006793	4227	7
IRS1	0.68331	1.0322	1.509	0.0020351	4228	7
UBFD1	1.0028	1.0317	1.0702	0.0057739	4229	7
VOPP1	1.1825	1.0314	0.87693	0.0032334	4230	7
C17orf58	1.138	1.0308		0.0037369	4231	7
NARFL	0.88742	1.0306		0.0033481	4232	7
ZC3H4	0.97426	1.0292	1.0802	0.0058932	4233	7
CBX8	1.1109	1.0287		0.0048874	4234	7
LRRC6	1.0582	1.0285		0.0066157	4235	7
FAM106A	0.89457	1.0278	1.1498	0.0040804	4236	7
CDC42BPA	0.66008	1.0276	1.446	0.0016749	4237	7
TSR3	1.2532	1.0266		0.0032445	4238	7
TRPM2	0.87116	1.0261	1.2154	0.0038744	4239	7
PJVK	0.74292	1.0258	1.359	0.0022562	4240	7
GTF2F2	1.1739	1.0245	0.86903	0.0028793	4241	7
ZCCHC18	1.1751	1.0242	0.87182	0.0028521	4242	7
RNF141	1.0214	1.0236	1.0308	0.0063243	4243	7
ATP1B3	0.92616	1.0234	1.138	0.0049621	4244	7
LOC375196	1.131	1.0232		0.0050092	4245	7
SNAP25	1.1417	1.0231	0.90069	0.0030712	4246	7
SRXN1	0.90959	1.0229	1.1641	0.0044225	4247	7
GAS8	0.93428	1.0218	1.116	0.0040133	4248	7
PPM1H	0.92372	1.0213	1.1369	0.0043424	4249	7
PTP4A1	1.1072	1.0212	0.92141	0.0053125	4250	7
LRRC42	1.2666	1.0192	0.74016	0.0022269	4251	7
ZNF605	1.0842	1.0189		0.0056338	4252	7
FUK	1.114	1.0188		0.0037307	4253	7
LINC01547	1.2074	1.0188	0.79809	0.0026342	4254	7
RILP	0.94803	1.0181	1.1033	0.0057456	4255	7
APRT	1.1642	1.0176	0.86425	0.0041279	4256	7
TXNDC16	0.94605	1.0176		0.0049136	4257	7
DPY19L2	0.82394	1.016	1.1844	0.0027573	4258	7
ADORA1	0.99321	1.0159		0.0058478	4259	7
GLRB	0.91355	1.0159	1.1332	0.0045059	4260	7
PTPN14	0.96144	1.015	1.0834	0.0054962	4261	7
TMEM86B	0.63552	1.0144	1.5171	0.0016848	4262	7
MAP2K1	1.1944	1.0143	0.83555	0.0046797	4263	7
DNAJC6	1.0449	1.0129		0.0070498	4264	7
MCFD2	1.1332	1.0127	0.89061	0.0034576	4265	7
CNTN4	1.0366	1.0127	0.98427	0.0081416	4266	7
PKM	0.96064	1.0122	1.0714	0.0062083	4267	7
AKAP5	1.1218	1.0119	0.90911	0.0039341	4268	7
ZG16B	1.1841	1.0106		0.0028104	4269	7
LINC00680	0.96789	1.0097	1.0592	0.0055883	4270	7
PIAS2	0.78693	1.0095	1.192	0.0025146	4271	7
TNNT1	1.3319	1.0095	0.66857	0.0021156	4272	7
PCDHA5	0.90343	1.0086		0.0043397	4273	7
SNAI2	1.1505	1.0069	0.85601	0.0040704	4274	7
E2F1	1.0068	1.0067	1.0052	0.0071291	4275	7
DNAJC5G	0.83636	1.0058	1.1743	0.0029747	4276	7
CALM1	1.2578	1.0053	0.73362	0.0027168	4277	7
SNORC	0.93129	1.005	1.084	0.0048652	4278	7
ELL3	1.2209	1.0047	0.76839	0.0022637	4279	7
EID1	1.0329	1.0045		0.0053469	4280	7
PPM1N	1.1535	1.0039	0.85085	0.0028144	4281	7
SMIM13	0.71332	1.0036	1.2656	0.001922	4282	7
MPP7	0.90708	1.0034	1.1103	0.0038608	4283	7
PLS1	0.89913	1.0024	1.1316	0.0046423	4284	7
RORB	0.81617	1.001	1.1646	0.0026005	4285	7
ARL6IP4	1.122	1.0001		0.0053718	4286	7
PITPNA	0.96953	0.9997	1.0354	0.0069247	4287	7
ABHD13	0.79893	0.99928	1.1623	0.0024459	4288	7
TIE1	0.94622	0.99828	1.0588	0.0055005	4289	7
IGFALS	0.75274	0.99796	1.2181	0.0023403	4290	7
RXRG	1.1665	0.99789	0.80892	0.0024439	4291	7
KATNAL2	0.95753	0.99772		0.0069922	4292	7
GNA15	1.0168	0.99758		0.00613	4293	7
FAM19A5	1.0609	0.99756		0.0058287	4294	7
JAKMIP2	0.73196	0.9973	1.3068	0.0022787	4295	7
PACRGL	1.0507	0.99595		0.0066881	4296	7
LIG1	1.0448	0.99555	0.95107	0.0050591	4297	7
IMMP2L	1.2142	0.99359	0.76547	0.0024361	4298	7
AMPH	0.98768	0.99317		0.0063264	4299	7
TMEM59	0.87285	0.99294	1.1394	0.0038648	4300	7
SSH2	1.0615	0.9929		0.0058447	4301	7
ZRANB2	0.89064	0.99252	1.0961	0.0040146	4302	7
DGCR2	0.93778	0.99174		0.0038796	4303	7
PXDC1	1.1013	0.99104		0.0040844	4304	7
MCM2	0.90974	0.99072		0.0048819	4305	7
GSTO2	1.1657	0.99058	0.79591	0.0029149	4306	7
MED17	0.80067	0.9894		0.0025532	4307	7
CDC7	0.89515	0.98711	1.0723	0.0050279	4308	7
IKZF5	1.0607	0.98705		0.0045296	4309	7
DNAJC5	1.1497	0.98666	0.80927	0.003568	4310	7
ARAP2	0.87131	0.98653	1.0964	0.0038845	4311	7
MCCC1	1.0117	0.98652		0.0058437	4312	7
C16orf46	0.88189	0.98634		0.0041919	4313	7
CRYGS	0.86696	0.98618	1.1045	0.0042474	4314	7
JCAD	0.92405	0.98584	1.0473	0.0055042	4315	7
TCF20	1.0447	0.98562		0.0061318	4316	7
SLC25A4	0.94692	0.98503		0.0060385	4317	7
GBA	1.1282	0.98469	0.82629	0.0039085	4318	7
P4HTM	0.87264	0.98431		0.0042168	4319	7
IQCN	0.91622	0.98403		0.0051842	4320	7
WDR37	0.91183	0.98296		0.0042907	4321	7
TMEM169	0.90892	0.98275	1.0666	0.0050991	4322	7
FOXD1	0.9913	0.98271	0.97738	0.0058974	4323	7
NADK2	1.1471	0.9825	0.79156	0.0022783	4324	7
OXCT1	1.144	0.98212	0.80721	0.0026109	4325	7
SRD5A3	1.1119	0.98198	0.85174	0.0036575	4326	7
NTF4	0.91101	0.98092		0.0044832	4327	7
LOC100507507	0.87756	0.98082	1.1047	0.0050374	4328	7
TUBA3FP	1.0696	0.98081		0.0050821	4329	7
CRYBA2	0.95052	0.98073	1.0164	0.0064337	4330	7
SMIM19	1.0522	0.98049	0.91507	0.0059981	4331	7
P2RX6P	0.89976	0.97981	1.0819	0.0057767	4332	7
ATF4	0.80384	0.97967	1.2047	0.002914	4333	7
ZNF490	0.87866	0.97958		0.004613	4334	7
MZT2A	1.1878	0.97882	0.76301	0.0027759	4335	7
TRIM37	0.90631	0.97873	1.0663	0.0053295	4336	7
CBX1	1.089	0.97863		0.0043682	4337	7
CPEB4	0.91219	0.97858	1.0436	0.0052965	4338	7
SLC7A8	0.85586	0.97855	1.1285	0.0036906	4339	7
CCDC51	0.93342	0.97778	1.0322	0.005705	4340	7
MGC27345	0.84792	0.97732	1.0871	0.0028577	4341	7
AMN1	1.2068	0.97669	0.72225	0.0029131	4342	7
MAZ	1.0409	0.97666		0.0060147	4343	7
ATP5F1B	0.89922	0.97662	1.0684	0.0051356	4344	7
WDR75	0.82847	0.97639	1.0944	0.0027749	4345	7
SLC9A7	1.0762	0.97608	0.87076	0.0052967	4346	7
RUBCNL	1.1038	0.97523	0.84818	0.0040468	4347	7
LOC101927974	1.2453	0.97436	0.69332	0.0026298	4348	7
P3H3	0.75755	0.97429	1.1945	0.0025458	4349	7
CHP1	1.1179	0.97364	0.81612	0.0038584	4350	7
DCTN2	0.97799	0.97318		0.0074841	4351	7
AEBP2	0.87313	0.97292	1.06	0.0039383	4352	7
OGT	0.87853	0.97279	1.0568	0.0036102	4353	7
JMJD7	1.1228	0.97276	0.81141	0.004155	4354	7
MRPL4	0.98906	0.97246		0.0075111	4355	7
WIF1	1.1518	0.9712	0.78038	0.003202	4356	7
WDR5	0.97768	0.96946		0.0058806	4357	7
PGBD4	0.87853	0.96855	1.0781	0.0047562	4358	7
KLHL21	0.82657	0.96851		0.0034584	4359	7
EPS15	0.84243	0.96756		0.0032687	4360	7
DMRT3	0.96933	0.96737	0.96489	0.0059829	4361	7
CYLD	1.1444	0.9661		0.0035116	4362	7
GPR21	0.82502	0.9661		0.0032419	4363	7
SLC25A3	0.96045	0.96605		0.0069326	4364	7
FARP1	1.0812	0.96561	0.85124	0.0031813	4365	7
ZNF266	0.80349	0.96555	1.1174	0.0033477	4366	7
EHMT2	0.9168	0.96532		0.005241	4367	7
KLHL29	0.99413	0.96466	0.93276	0.0068649	4368	7
ASTN1	1.0959	0.9646	0.83333	0.0029381	4369	7
NELL1	0.94024	0.96324	0.98862	0.0042586	4370	7
EML5	0.88589	0.96316	1.036	0.0051091	4371	7
KRTAP6-3	1.0622	0.96301		0.0049778	4372	7
NR2F1-AS1	0.89801	0.96209	1.0216	0.0054352	4373	7
SNX21	0.906	0.96157	1.029	0.0058526	4374	7
DLD	1.0065	0.96156	0.90869	0.0065692	4375	7
CHRNA10	0.86984	0.96103		0.0041393	4376	7
C4orf48	1.0048	0.9604		0.004876	4377	7
ZIC3	0.878	0.96005	1.0555	0.0040376	4378	7
DERL2	1.1036	0.95948	0.80555	0.0028779	4379	7
TMEM158	1.1154	0.95863	0.78958	0.0022868	4380	7
WSCD2	0.90466	0.95857		0.0053297	4381	7
PDHB	1.1025	0.95783	0.79949	0.0047246	4382	7
PDE2A	1.0892	0.95674	0.82397	0.0029819	4383	7
EFCAB7	0.79092	0.95629	1.1109	0.0028668	4384	7
JAM2	0.83151	0.95628	1.086	0.0034946	4385	7
TAC1	1.2043	0.95619	0.66752	0.0020152	4386	7
ITGB1BP1	1.0501	0.95618	0.84829	0.0055392	4387	7
DYRK3	1.1062	0.9559	0.78689	0.0027216	4388	7
CHORDC1	0.85303	0.95569		0.0035465	4389	7
DUSP11	0.92561	0.95521		0.0049827	4390	7
PDIA5	0.75813	0.95492	1.1357	0.0024613	4391	7
CLSPN	1.0347	0.95467	0.87774	0.0050322	4392	7
COASY	0.91273	0.95455		0.005827	4393	7
TRMT61A	1.0111	0.95421		0.0054237	4394	7
ACR	0.97854	0.95401	0.92822	0.0063056	4395	7
PEX19	1.1163	0.9534	0.75833	0.0023443	4396	7
SLC25A40	0.83787	0.95308	1.0919	0.0039524	4397	7
CRKL	0.97034	0.9528	0.93391	0.0065699	4398	7
HCFC1R1	1.109	0.95171		0.0039296	4399	7
RNF217	0.81338	0.9516		0.0032112	4400	7
CNGB1	1.0807	0.95095	0.81635	0.0026941	4401	7
GPRASP1	0.83813	0.9508		0.0032829	4402	7
COL6A2	0.92827	0.95008		0.0046717	4403	7
SNHG10	0.88116	0.94941	1.0115	0.005013	4404	7
ELL	0.8367	0.94914	1.0548	0.0038441	4405	7
WFDC2	0.72871	0.94893	1.2153	0.0020924	4406	7
EPG5	0.85505	0.94738		0.0038884	4407	7
BRPF1	0.82298	0.94688	1.0734	0.0038075	4408	7
TAS2R50	0.78877	0.94656	1.0888	0.0032522	4409	7
TOMM5	1.1757	0.94645		0.0033195	4410	7
STAU2	0.7634	0.94629	1.1799	0.0029549	4411	7
MGP	1.0037	0.94592	0.89158	0.0049387	4412	7
MFSD10	1.0468	0.9457		0.004459	4413	7
C12orf65	0.89433	0.94555	0.99224	0.0048576	4414	7
PRKCG	1.1259	0.9449	0.72775	0.0020101	4415	7
ANAPC11	1.2355	0.94487	0.6555	0.0022874	4416	7
CDK5RAP3	0.86786	0.94479		0.0048077	4417	7
ZKSCAN8	0.84631	0.94441		0.0042502	4418	7
LEPR	0.95072	0.94409	0.94401	0.0049705	4419	7
URB2	0.81409	0.94391		0.003359	4420	7
FMN2	0.76857	0.94339	1.0813	0.0028562	4421	7
FKBP2	0.90357	0.94319	0.98894	0.0048533	4422	7
USHBP1	0.88222	0.94289	1.0117	0.0044084	4423	7
LYNX1	0.89146	0.9416	1.0041	0.0049285	4424	7
SEC14L5	0.78321	0.94114	1.134	0.0032627	4425	7
VPS41	0.86178	0.94075	1.0135	0.0037888	4426	7
ZNF684	0.7313	0.94075	1.179	0.0024388	4427	7
DDX41	0.95469	0.94011		0.0070418	4428	7
MAN1C1	0.78205	0.93903	1.1321	0.0030802	4429	7
C15orf65	1.0491	0.93865		0.0047571	4430	7
PLD6	1.0544	0.93823	0.82596	0.0033346	4431	7
SPOCK1	0.91534	0.93807		0.0071425	4432	7
RHEB	1.0253	0.93807	0.83917	0.0052892	4433	7
ENO4	0.86408	0.93778	1.0079	0.004215	4434	7
ARMCX4	0.78101	0.93775	1.0558	0.0026255	4435	7
NAGK	1.1785	0.93728	0.65598	0.0019139	4436	7
SULT4A1	0.86603	0.93611	1.0179	0.0044179	4437	7
TTN	0.97866	0.93597	0.89414	0.0047458	4438	7
CKMT1B	0.603	0.93589	1.3789	0.0017961	4439	7
NDUFAF1	1.1029	0.93578		0.0042106	4440	7
AIP	0.83032	0.93556		0.003256	4441	7
NIF3L1	0.88245	0.93534		0.0048273	4442	7
GNAO1	1.1472	0.93466	0.71993	0.0027372	4443	7
NPHS1	1.1496	0.93437	0.70816	0.0031427	4444	7
ITGA8	0.95991	0.93394	0.90405	0.0064936	4445	7
RTCA	0.88669	0.93297		0.0051085	4446	7
PTPRH	0.86692	0.93286	1.0103	0.0054167	4447	7
WDR83OS	1.0589	0.9328		0.0048303	4448	7
ARHGEF4	0.99354	0.93266		0.0060672	4449	7
TPMT	0.94571	0.93252		0.0059141	4450	7
ZNF570	0.84209	0.93197		0.0043438	4451	7
RASGRP1	0.99383	0.93177	0.86621	0.0050921	4452	7
DHDDS	1.0086	0.93162		0.0054265	4453	7
RAI1	0.79028	0.93125	1.0686	0.0030585	4454	7
LRRFIP1	0.64738	0.92993	1.2262	0.0019635	4455	7
AP2S1	1.0652	0.92987	0.79345	0.0033743	4456	7
KCNS3	0.87329	0.9291	0.99713	0.0056271	4457	7
SGSM2	1.0491	0.92876	0.8057	0.0031023	4458	7
ISOC2	0.99718	0.9286		0.005186	4459	7
PRMT7	0.73696	0.92805	1.1594	0.0027973	4460	7
TRIM13	0.76149	0.92792	1.0924	0.0026187	4461	7
NTNG2	1.0787	0.92766	0.77533	0.0049948	4462	7
MTHFD1	1.1168	0.92748		0.0027958	4463	7
IP6K1	0.89294	0.92741		0.0047395	4464	7
NUP93	0.92152	0.92726		0.0051583	4465	7
GPR143	1.034	0.92683	0.81141	0.0036439	4466	7
MYL5	1.1219	0.92607	0.69359	0.0016315	4467	7
MATN4	0.70296	0.92557	1.1625	0.0025078	4468	7
WNT5A	0.99497	0.92552	0.86211	0.0055701	4469	7
KLHL15	0.73788	0.92517		0.0024689	4470	7
AP4E1	0.69103	0.92495	1.189	0.0025169	4471	7
MRPS12	0.88975	0.92378	0.96124	0.0049621	4472	7
CSNK2A1	0.96864	0.92305		0.0056758	4473	7
PRORSD1P	0.8937	0.92293	0.95134	0.005438	4474	7
NRAP	0.99892	0.92281	0.84428	0.0056307	4475	7
UHMK1	1.0779	0.92245	0.74912	0.0033233	4476	7
ABCC6	1.1819	0.92101	0.64292	0.0023029	4477	7
CPSF1	0.74651	0.92092	1.1351	0.0028001	4478	7
MANF	1.1099	0.92062	0.7246	0.003911	4479	7
LUC7L3	0.90345	0.92041	0.939	0.0067422	4480	7
AMACR	0.89572	0.92032		0.0053121	4481	7
ARHGEF16	0.83946	0.91808	1.0119	0.004799	4482	7
ALG10B	0.84398	0.91795	0.9873	0.0054251	4483	7
FAM84B	0.98705	0.91765	0.8395	0.0052842	4484	7
LOC100288846	1.0451	0.91731	0.78526	0.0032113	4485	7
STARD13	0.89292	0.9167		0.0054588	4486	7
KIAA0100	1.0224	0.91404		0.0045969	4487	7
SAYSD1	0.99652	0.91271		0.0039054	4488	7
PRDX5	0.99969	0.9121		0.006107	4489	7
MAP9	0.77199	0.91193	1.0863	0.0035628	4490	7
FAM32A	1.1282	0.91136		0.0026951	4491	7
ERBB4	0.97287	0.91054		0.0050784	4492	7
CCNG2	0.85576	0.91013	0.95981	0.0058893	4493	7
OBSCN	1.039	0.90961	0.77756	0.0033245	4494	7
KLHL28	0.78391	0.90952		0.003888	4495	7
WDR45	0.91717	0.9089		0.006942	4496	7
DLGAP2	0.72197	0.9083	1.063	0.002603	4497	7
SIAH1	0.78543	0.90756	1.0233	0.0035142	4498	7
MMP16	0.92139	0.90732	0.89524	0.0067614	4499	7
TBPL1	1.0292	0.90638	0.77472	0.0035969	4500	7
PSME2	1.062	0.90623	0.75054	0.003033	4501	7
FSCN1	0.96205	0.90479		0.0046259	4502	7
SLC22A9	0.93877	0.9043	0.87353	0.0052523	4503	7
SSR4P1	1.018	0.90351	0.78576	0.0039388	4504	7
FAM78A	0.80893	0.90262	1.0192	0.0043958	4505	7
PVALB	0.74817	0.90125	1.0938	0.0031606	4506	7
ENPP6	0.87999	0.90122	0.92564	0.0060351	4507	7
SIAH3	0.91865	0.90109		0.0054977	4508	7
LONP1	0.82619	0.90079	0.99037	0.0048429	4509	7
TBRG1	0.80004	0.90064	1.0147	0.0036619	4510	7
C15orf39	0.89606	0.90037		0.0054885	4511	7
INTS6	0.72474	0.90001	1.0659	0.002974	4512	7
DNAJC10	1.0642	0.89977	0.72927	0.0024131	4513	7
VLDLR	0.97853	0.89943		0.0043545	4514	7
PCGF1	0.78049	0.89904	1.0463	0.0039432	4515	7
LOC103344931	1.0187	0.89832	0.77584	0.0035974	4516	7
ZNF641	0.77054	0.8976	1.0387	0.0030378	4517	7
PPP1R11	0.97274	0.8976		0.0052755	4518	7
WNT4	0.96107	0.89742	0.83834	0.0056193	4519	7
STRADA	0.70986	0.89597	1.1269	0.0031178	4520	7
ZIK1	0.89147	0.89463		0.0059534	4521	7
ELMO2	1.0497	0.89303	0.71824	0.002641	4522	7
SIDT2	1.0158	0.89268	0.76703	0.0027675	4523	7
CAMTA1	0.6584	0.89246	1.1945	0.0021655	4524	7
C6orf203	0.99543	0.89238		0.0048643	4525	7
NUP35	0.73233	0.89188	1.0666	0.0031441	4526	7
XPO6	0.99478	0.89176		0.0044599	4527.5	7
SLC25A12	0.68941	0.89176	1.1454	0.0027321	4527.5	7
DPP8	0.73323	0.8916	1.0895	0.0029548	4529	7
ENDOG	0.83701	0.89147	0.95629	0.0050381	4530	7
TSEN34	1.0537	0.89113	0.72018	0.0023999	4531	7
TTC13	0.93477	0.89098		0.0052216	4532	7
ZNF106	0.84823	0.88913		0.0044517	4533	7
ZNF620	0.77124	0.88847	0.99259	0.0033675	4534	7
TMEM126A	1.1041	0.88841		0.0030212	4535	7
ATP5MC1	1.1164	0.88782		0.0027744	4536	7
ICE2	0.79522	0.88707		0.0037973	4537	7
CROT	1.0128	0.88689	0.75241	0.0038524	4538	7
GIPC1	0.84858	0.88682	0.93186	0.0057762	4539	7
RPL31P11	1.035	0.88654		0.0037064	4540	7
HSPB8	0.86103	0.88639	0.92305	0.0046694	4541	7
YPEL1	1.0428	0.88575	0.72015	0.002394	4542	7
RELN	0.94652	0.88486	0.82942	0.0068039	4543	7
AHCY	1.0267	0.88444	0.73743	0.0037821	4544	7
PPP6R3	0.72423	0.88405	1.0432	0.0028306	4545	7
UCP3	0.59371	0.884	1.1698	0.0018086	4546	7
PKD2L2	0.71547	0.88396	1.0422	0.0023911	4547	7
VPS33A	0.8524	0.88194		0.0054069	4548	7
TWIST1	0.98975	0.88178	0.76914	0.0059316	4549	7
CGAS	0.99481	0.8816	0.76095	0.004037	4550	7
NDUFA11	1.126	0.88118	0.63459	0.0026556	4551	7
COQ7	1	0.88113	0.76191	0.0032415	4552	7
TMED9	0.98325	0.88069		0.0049327	4553	7
FKBP11	0.78175	0.87935	0.98241	0.0030621	4554	7
GAR1	1.1699	0.8771	0.54039	0.001606	4555	7
UNC5B-AS1	1.1142	0.87613	0.63027	0.0021504	4556	7
OSBPL3	0.79289	0.8757	0.97556	0.0045928	4557	7
HADH	1.0116	0.87489	0.73479	0.002671	4558	7
SYCP2L	0.86932	0.87391		0.0051949	4559	7
IGFBP6	0.84384	0.87307	0.90631	0.0059324	4560	7
RNFT1	0.798	0.87304		0.0041114	4561	7
RABAC1	1.0049	0.87288	0.73257	0.0039884	4562	7
DHRS4-AS1	0.97594	0.87125		0.0039932	4563	7
BMS1	0.69734	0.87065	1.088	0.0028446	4564	7
COG3	0.81085	0.86999	0.924	0.0061695	4565	7
ZNF232	0.64087	0.86982	1.131	0.0023131	4566	7
ZNF709	0.78284	0.86949	0.94848	0.0039884	4567	7
RFC4	0.814	0.86848		0.0034804	4568	7
LPA	0.97299	0.86743	0.76283	0.003074	4569	7
ICMT	0.96353	0.86724		0.004124	4570	7
CDON	0.70135	0.86694	1.0514	0.0029614	4571	7
LAMTOR3	0.74675	0.8661	1.0104	0.0036791	4572	7
MRM1	0.77823	0.86597		0.0035909	4573	7
ATP1B1	0.74496	0.86565	1.0108	0.003824	4574	7
LPCAT3	0.88627	0.86547	0.84795	0.0062119	4575	7
ZSWIM7	1.0159	0.86533	0.69767	0.0035281	4576	7
ARPC4	1.0315	0.86523		0.0033112	4577	7
ANAPC10	0.7188	0.8651	1.0211	0.0027838	4578	7
CLK2	0.74761	0.8624		0.0037522	4579	7
MTIF2	0.85722	0.86189	0.86591	0.0053648	4580	7
GAREM1	0.86591	0.8615		0.0057107	4581	7
HR	0.59634	0.8612	1.2201	0.0020499	4582	7
CLEC18B	0.86973	0.86063	0.85831	0.0037294	4583	7
SPOCD1	0.75146	0.86014	0.99013	0.0031382	4584	7
PDCD10	0.91553	0.8599	0.79561	0.005802	4585	7
NUDT12	0.70746	0.8594	1.0254	0.0024614	4586	7
CENPP	1.0035	0.85924	0.7015	0.0038027	4587	7
ARHGAP42	0.94429	0.85906	0.77526	0.003922	4588	7
DOCK9	0.93919	0.85806	0.77948	0.0046171	4589	7
NCOA7	0.91136	0.85691	0.79802	0.005784	4590	7
GIN1	0.74778	0.85687	0.9531	0.0033526	4591	7
PTPRA	1.0031	0.85581	0.69641	0.002211	4592.5	7
LRRC61	0.91975	0.85581	0.79684	0.0049674	4592.5	7
TMEM179	0.77875	0.85576	0.94466	0.0041113	4594	7
TUBA1A	1.005	0.85518	0.68746	0.0031047	4595	7
DIO3OS	0.79428	0.85488	0.92893	0.0050691	4596	7
CHCHD4	0.88014	0.85261	0.82195	0.0060425	4597	7
GAS7	0.80206	0.85184	0.89866	0.0048481	4598	7
GIGYF2	0.65525	0.85094	1.0448	0.0024355	4599	7
COG6	0.95374	0.85055		0.0050446	4600	7
CEBPD	0.88238	0.85046		0.0052576	4601	7
NAA10	1.1148	0.85039	0.58076	0.0025158	4602	7
MSL2	0.70581	0.84993	0.97963	0.0028186	4603	7
ARFGEF3	1.1189	0.84977	0.54186	0.0017127	4604	7
FAM206A	0.75799	0.84974	0.9603	0.0038315	4605	7
HEXIM1	0.76023	0.84964	0.95989	0.0036313	4606	7
ARFGEF2	0.70934	0.84936	1.01	0.0031084	4607	7
CEP126	0.89265	0.84869	0.81358	0.0066204	4608	7
SERTAD4	0.61974	0.84849	1.1527	0.0021729	4609	7
USP31	0.74232	0.84846	0.97799	0.003485	4610	7
KCNQ2	0.92826	0.84797	0.77304	0.0044634	4611	7
ATMIN	0.8451	0.84638		0.0050227	4612	7
KRTAP17-1	0.93746	0.8461		0.0036665	4613	7
FRMD8	0.76393	0.84533		0.0039648	4614	7
ZSCAN21	0.72947	0.84487		0.0038705	4615	7
PPP2R5C	0.93511	0.84428	0.75349	0.0039135	4616	7
PRSS27	0.7911	0.84407	0.90164	0.0048604	4617	7
TSPYL5	0.63966	0.84342	1.0763	0.0020961	4618	7
TMX2	0.7952	0.84327		0.0050299	4619	7
PRELID1	0.98938	0.84237		0.0036163	4620	7
CPNE6	0.9883	0.84228	0.68988	0.0023814	4621	7
LINC00294	0.95765	0.84004		0.0038336	4622	7
CARMIL3	1.0367	0.8376	0.61534	0.0018991	4623	7
LRRC36	1.0133	0.83643	0.63815	0.0019621	4624	7
USP35	0.89574	0.83582	0.7777	0.0049083	4625	7
C1orf174	0.61346	0.83481	1.0646	0.0021963	4626	7
TSC22D3	0.74105	0.83461	0.94708	0.0036158	4627	7
WDR48	0.91615	0.83451	0.7588	0.0052477	4628	7
ZNF542P	0.76331	0.83407		0.003918	4629	7
DLAT	0.82561	0.8339		0.0062696	4630	7
DENND1B	0.60045	0.83366	1.1331	0.0022354	4631	7
VILL	0.80593	0.83339	0.86843	0.0063065	4632	7
PTPRM	0.87372	0.83203		0.0057492	4633	7
RAD51C	0.83958	0.83178		0.0048594	4634	7
USPL1	0.67257	0.83167		0.0025401	4635	7
DPY19L1	0.8322	0.83102	0.83073	0.0073685	4636	7
MRNIP	0.6294	0.83079	1.0342	0.0024343	4637	7
BACH2	0.70619	0.82947	0.93778	0.0031829	4638	7
TCTA	0.96345	0.82907	0.68062	0.0036305	4639	7
QSOX1	0.74942	0.82845	0.92093	0.0037036	4640	7
ZNF124	0.7378	0.82686	0.93654	0.0035336	4641	7
KIAA1551	0.47528	0.82539	1.1566	0.0013773	4642	7
CENPS	0.96844	0.82534	0.67405	0.0039049	4643	7
GRIP2	0.67143	0.82409		0.0025657	4644	7
ZNF827	0.97042	0.82349	0.68016	0.0030004	4645	7
HGD	0.87148	0.82339		0.0047632	4646	7
NEGR1	0.73624	0.82218	0.90368	0.0039489	4647	7
DVL1	0.92803	0.82198	0.72123	0.0041992	4648	7
METTL6	1.0488	0.8214	0.54507	0.001811	4649	7
CAP2	0.82583	0.82125		0.0053563	4650	7
CCM2	0.78117	0.82106	0.87095	0.0051712	4651	7
MIR29B2CHG	0.33433	0.81912	1.5804	0.0010665	4652	7
ATP2C1	0.92922	0.81872	0.70485	0.0035539	4653	7
ALKBH1	0.69906	0.81824		0.0033887	4654	7
TMEM254	0.93726	0.81791	0.69881	0.0033681	4655	7
UBR7	0.84819	0.81721		0.0044133	4656	7
MARK4	0.88437	0.81685		0.0052528	4657	7
LMO1	0.96636	0.81641	0.65595	0.0025999	4658	7
ADAMTS2	0.79319	0.81535		0.0056272	4659	7
SRSF8	0.68717	0.81515	0.96553	0.0026857	4660	7
HEXA	0.92895	0.81493	0.69746	0.0031302	4661	7
SPAG9	0.73798	0.81492		0.0032744	4662	7
TYMP	0.96961	0.81462	0.6457	0.0029966	4663	7
MPDZ	0.9697	0.81447	0.65003	0.0026832	4664	7
ZNF583	0.74354	0.81438		0.0043817	4665	7
CYP2D6	0.86781	0.8141		0.0051965	4666	7
ZNF230	0.65192	0.81301	0.97523	0.002905	4667	7
ADH5	0.98441	0.81264	0.6328	0.0025672	4668	7
ZNF821	0.75491	0.81179		0.0046866	4669	7
POLR3A	0.75524	0.81028		0.0035972	4670	7
SPR	0.82233	0.8082	0.79374	0.0063075	4671	7
C16orf72	0.68605	0.8061	0.94601	0.0031556	4672	7
ZNF324B	0.7134	0.80601	0.89408	0.0030518	4673	7
POLRMT	0.76941	0.80485	0.85053	0.0053004	4674	7
KCNJ5	0.84878	0.80376		0.0043995	4675	7
SIVA1	0.94097	0.8032	0.66212	0.0028636	4676	7
TRAM2-AS1	0.66561	0.8032	0.96908	0.0029822	4677	7
FAM98B	0.67976	0.80261	0.91642	0.0026186	4678	7
ZNF391	0.80984	0.8024		0.0061903	4679	7
COX6A2	0.87899	0.80173		0.0033427	4680	7
AES	0.80963	0.8015		0.0042165	4681	7
TMEM164	0.95973	0.80119	0.6361	0.0027165	4682	7
TIRAP	0.61407	0.80057	1.0112	0.0022028	4683	7
ELMSAN1	0.80245	0.79965		0.0053457	4684	7
ARL10	0.8893	0.79962	0.71176	0.0033117	4685	7
AIRE	0.81208	0.79868	0.78471	0.0058534	4686	7
KRT33B	0.81191	0.79829	0.78652	0.0035535	4687	7
CNTN6	0.85196	0.79804	0.73813	0.0059279	4688	7
DRICH1	0.91047	0.79783		0.0042668	4689	7
GOLGA2	0.85398	0.79725		0.0045681	4690	7
GLS2	0.58598	0.79703	1.0661	0.0022295	4691	7
IGFBP5	0.97807	0.79593	0.59985	0.0018746	4692	7
GSTM3	1.0034	0.7957	0.55773	0.0017545	4693	7
LOC642852	0.96695	0.79471	0.5974	0.0018224	4694	7
NDUFA5	0.94288	0.79428		0.0033193	4695	7
LURAP1L	0.62892	0.79393	1.0001	0.0027285	4696	7
DLG4	0.86671	0.79366		0.0045485	4697	7
RRP1	0.82436	0.79283		0.0048255	4698	7
SLC36A4	0.67027	0.79219		0.0030272	4699	7
LINC01138	0.8449	0.79216		0.0049442	4700	7
MTERF1	0.81813	0.79154		0.0034923	4701	7
TMSB4Y	0.96393	0.79129		0.00258	4702	7
DOC2B	0.93244	0.79102	0.63216	0.0023284	4703	7
GRB14	0.88591	0.79065	0.68993	0.0035514	4704	7
KCMF1	0.70527	0.79015	0.89215	0.0042075	4705	7
DNAH14	0.95574	0.78848	0.59549	0.0018499	4706	7
RYR2	0.63468	0.78786	0.95849	0.0025817	4707	7
KLF4	0.76181	0.78751		0.0039686	4708	7
MIR99AHG	0.8919	0.78751	0.68014	0.0028171	4709	7
TSTD2	0.67312	0.78747	0.88926	0.0036138	4710	7
RAB5B	0.76331	0.78548		0.0053986	4711	7
ASCL2	0.96539	0.78546	0.57743	0.0018122	4712	7
POU6F2	0.58892	0.78511	1.01	0.0021788	4713	7
USP36	0.56832	0.78362	1.0248	0.0022207	4714	7
ZNF782	0.6506	0.78312	0.9018	0.0030359	4715	7
ZNF35	0.58427	0.78302	0.9994	0.0022803	4716	7
IQSEC1	0.58244	0.78213	1.0124	0.0022419	4717	7
CACNA1F	0.90946	0.78188		0.0040513	4718	7
NABP2	0.72543	0.78163		0.0039199	4719	7
P2RX6	0.60693	0.7816	1.0005	0.0028075	4720	7
CLK2P1	0.63852	0.78148	0.91503	0.0027876	4721	7
FOXQ1	0.67828	0.78011	0.89658	0.003638	4722	7
DDA1	1.0687	0.77977	0.40898	0.0011671	4723	7
UQCRC1	0.72841	0.77918	0.83767	0.0051707	4724	7
ELFN2	0.89884	0.77887	0.65699	0.0028797	4725	7
NUDT21	0.8373	0.7783		0.0039318	4726	7
CNNM2	0.65676	0.77807	0.92226	0.0032785	4727	7
MYH7B	0.63452	0.77716	0.95679	0.0028007	4728	7
SARS	0.54722	0.77704	1.0693	0.0021083	4729	7
MRTO4	0.91952	0.77687		0.0026493	4730	7
PTGS2	0.67236	0.77539	0.88679	0.0035962	4731	7
GOLGA8A	0.681	0.77526	0.86072	0.003793	4732	7
JPH3	0.91639	0.77378	0.61421	0.0019749	4733	7
CADM2	0.71894	0.77339	0.83491	0.0030338	4734	7
NEBL-AS1	0.91128	0.77254	0.62365	0.0021516	4735	7
SRM	0.93033	0.77224	0.58818	0.0020804	4736	7
IMPG2	0.69155	0.7721	0.86053	0.0031397	4737	7
PCID2	0.64484	0.77203	0.89071	0.0030363	4738	7
UNC50	0.74096	0.77179		0.00494	4739	7
IFITM10	0.75612	0.77166	0.79075	0.0065366	4740	7
CUTC	0.83061	0.77156		0.0045646	4741	7
PLCH1	0.85816	0.77151	0.67623	0.0035115	4742	7
ZNF692	0.54751	0.77121	1.023	0.002087	4743	7
CCDC47	0.62903	0.7706	0.92803	0.0021947	4744	7
SLC7A2	0.7681	0.77058		0.0039324	4745	7
BLOC1S4	0.76476	0.7695		0.0039079	4746	7
GALNT3	0.57436	0.76804	0.96803	0.0021557	4747	7
ZNF674-AS1	0.77996	0.76801		0.0045551	4748	7
TGFBI	0.85687	0.76658	0.67144	0.0028656	4749	7
HERPUD1	0.63912	0.76645	0.91639	0.0028839	4750	7
COPA	0.72741	0.76569	0.80963	0.0053428	4751	7
NOL4L	0.96657	0.76533	0.54929	0.0018597	4752	7
HIST1H4A	0.6499	0.76493	0.87831	0.0030313	4753	7
MRPL18	0.81441	0.76467		0.0049702	4754	7
CCNY	0.94322	0.7643	0.56373	0.002599	4755	7
SAMD4B	0.82931	0.76424		0.0040671	4756	7
RING1	0.54584	0.76415	0.99696	0.0019631	4757	7
CACYBP	0.85995	0.76261		0.0043708	4758	7
TCEAL1	0.7577	0.76225	0.76673	0.0056574	4759	7
SYNJ1	0.70123	0.76212		0.0038042	4760	7
COL5A3	0.90375	0.76163	0.61129	0.0030465	4761	7
PRKD1	0.82842	0.76161	0.69536	0.0038659	4762	7
TTC9C	0.82789	0.76159		0.0038733	4763	7
GABARAPL2	0.96031	0.76138		0.0024776	4764	7
CNBP	0.67584	0.76105		0.0032664	4765	7
FGF9	0.54715	0.76093	1.0404	0.0021772	4766	7
GOLPH3	0.53592	0.76074	1.0077	0.0018609	4767	7
TFB2M	0.4991	0.76066	1.0855	0.001644	4768	7
OSBPL6	0.46587	0.76034	1.1748	0.0015797	4769	7
MTMR6	0.8261	0.76005		0.0047972	4770	7
ANKS6	0.44503	0.75997	1.1714	0.0015175	4771	7
BICDL1	0.69403	0.7587	0.82011	0.0035969	4772	7
PPM1A	0.65636	0.75837	0.88269	0.0033918	4773	7
SLC12A7	0.80108	0.75831		0.0042313	4774	7
ELOC	0.91477	0.75675		0.003476	4775	7
ABHD11	0.37345	0.75646	1.0902	0.0011437	4776	7
UBE2W	0.66589	0.75614	0.86052	0.0036008	4777	7
C1QTNF2	0.79798	0.75602	0.71673	0.005422	4778	7
VPS37A	0.62538	0.75561	0.87837	0.0030618	4779	7
ACTR6	0.73521	0.75523		0.0045294	4780	7
SCX	0.54638	0.7552	0.96324	0.0022096	4781	7
NSG2	0.87797	0.75346	0.62577	0.0026226	4782	7
OVGP1	0.37129	0.7534	1.163	0.0012396	4783	7
MPI	0.85552	0.75337	0.64166	0.0039508	4784	7
FAM171A2	0.92143	0.75282	0.56503	0.0021012	4785	7
FBRSL1	0.74669	0.75257	0.75915	0.0049429	4786	7
DNAJC7	0.82266	0.75244		0.0049189	4787	7
MBOAT2	0.94367	0.75232	0.51806	0.001629	4788	7
KLC2	0.65655	0.75178	0.86516	0.0035237	4789	7
UBE2Q1	0.79328	0.75124		0.0050024	4790	7
C2orf74	0.9033	0.75103	0.58803	0.0028126	4791	7
OLFML2B	0.82645	0.74897		0.0036745	4792	7
ZNRF1	0.87108	0.74896	0.62124	0.0025999	4793	7
COL21A1	0.85221	0.74893	0.64308	0.0023242	4794	7
NKAIN2	0.85558	0.74883	0.63898	0.0028552	4795	7
KCNJ6	0.70362	0.74854		0.0038077	4796	7
NCK2	0.5581	0.7483	0.92013	0.002101	4797	7
FJX1	0.81074	0.74824	0.68055	0.0049898	4798	7
MKRN9P	0.72501	0.74815		0.0041901	4799	7
SAR1A	0.86526	0.74673	0.6182	0.0026138	4800	7
MPC2	0.74222	0.74501		0.0048136	4801	7
LINC00667	0.55711	0.74497		0.0020147	4802	7
ZDHHC11	0.66643	0.74361		0.0036648	4803	7
ZFYVE9	0.48424	0.74288	1.0644	0.0017257	4804	6
MICAL1	0.72501	0.74254		0.0051575	4805	6
L3MBTL3	0.72062	0.74244	0.76558	0.0044325	4806	6
HAR1A	0.59242	0.74184	0.92508	0.0025928	4807	6
CTSA	0.58998	0.74067	0.92068	0.0026264	4808	6
STS	0.41974	0.74013	1.1853	0.0013339	4809	6
CYC1	0.69718	0.73964	0.79019	0.0050944	4810	6
BCOR	0.63097	0.73891	0.84722	0.0029135	4811	6
CARNMT1	0.68622	0.73744		0.0037289	4812	6
LRRC3B	0.92151	0.73743	0.53127	0.0017954	4813	6
TSPOAP1-AS1	0.67308	0.73619		0.0033596	4814	6
MANSC1	0.56782	0.73576		0.0020327	4815	6
CCDC28A	0.87845	0.73488	0.57935	0.0018824	4816	6
MNS1	0.57961	0.73487	0.89562	0.0024949	4817	6
GLRX	0.66295	0.73442	0.81804	0.0035514	4818	6
SLC39A11	0.8032	0.73384	0.66239	0.0044561	4819	6
MGAT5	0.65707	0.73353	0.82122	0.0036964	4820	6
ELOVL6	0.67756	0.7316		0.0041817	4821	6
PLOD3	0.67701	0.73134		0.0037383	4822	6
SULF2	1.0438	0.73097	0.36462	0.0012324	4823	6
BECN1	0.56688	0.73074	0.91835	0.002182	4824	6
FHL1	0.76786	0.73045	0.69558	0.0044386	4825	6
MPP1	0.60612	0.73025	0.88102	0.003072	4826	6
PARS2	0.67821	0.72749	0.78344	0.0041593	4827	6
BCR	0.85771	0.72725	0.58268	0.0022206	4828	6
ARIH1	0.60857	0.72699	0.85059	0.0029077	4829	6
EPC2	0.56208	0.72656	0.86895	0.0022964	4830	6
SEPT7P2	0.59128	0.72593	0.8771	0.0025572	4831	6
IQUB	0.56365	0.7256	0.88624	0.0021198	4832	6
GPR6	0.79145	0.7245	0.65985	0.0036834	4833	6
HYI	0.86908	0.72449	0.57603	0.0023947	4834	6
PPM1M	0.86639	0.72142	0.56321	0.0019199	4835	6
ERCC1	0.78795	0.72112		0.0039946	4836	6
CSNK1G3	0.64938	0.72043		0.0036238	4837	6
GNL1	0.39425	0.72018	1.1327	0.0013042	4838	6
USP10	0.69661	0.71934		0.0040836	4839	6
MREG	0.65345	0.71928	0.79502	0.004418	4840	6
CABP1	0.51381	0.71911	0.98303	0.0020652	4841	6
USP22	0.81542	0.71896		0.0028575	4842	6
RPS3A	0.86941	0.7181	0.56376	0.0029036	4843	6
EFNB1	0.7943	0.7179	0.64556	0.0031747	4844	6
BTC	0.90909	0.71773	0.52484	0.0023847	4845	6
CBX7	0.57693	0.71718	0.86951	0.0021759	4846	6
CCDC154	0.59219	0.717	0.83196	0.0028394	4847	6
NEK4	0.59185	0.71674	0.83745	0.0025757	4848	6
RRP36	0.7962	0.71664		0.0040245	4849	6
PSPH	0.95032	0.71554	0.46699	0.0020922	4850	6
RMND5A	0.49407	0.71475	0.91459	0.0016561	4851	6
ARNT	0.59662	0.71464	0.83264	0.0033087	4852	6
LTBP4	0.84571	0.71432	0.57918	0.002445	4853	6
PRB2	0.56705	0.71393	0.85543	0.0024804	4854	6
ETV1	0.73712	0.7122	0.68762	0.005858	4855	6
LOC150776	0.67854	0.71137		0.0040317	4856	6
SRR	0.86422	0.71115	0.54577	0.0025315	4857	6
EMC3	0.81708	0.71114		0.0040206	4858	6
MRPL52	0.70857	0.7105		0.0054432	4859	6
KHNYN	0.65312	0.71049		0.0033605	4860	6
ZBTB10	0.67887	0.71033		0.0050136	4861	6
BHLHB9	0.7447	0.71029		0.005225	4862	6
KLHL8	0.65866	0.71011	0.77183	0.0032429	4863	6
GGCX	0.9546	0.70981	0.42337	0.0014921	4864	6
CC2D2A	0.75431	0.70923		0.0040543	4865	6
MYO9A	0.65652	0.7083	0.76449	0.0034815	4866	6
SETD6	0.53265	0.70799	0.86355	0.0020718	4867	6
TPO	0.8979	0.70767	0.50356	0.0022258	4868	6
HELLS	0.65881	0.70747	0.75519	0.0046204	4869	6
R3HDM1	0.59975	0.70674	0.80619	0.0027508	4870	6
MSX1	0.74826	0.70636		0.0043123	4871	6
FTH1	0.82628	0.70622	0.57507	0.0031415	4872	6
ATG12	0.85892	0.7053	0.53478	0.0021886	4873	6
STK24	0.72492	0.70512		0.0044604	4874	6
ADSL	0.9496	0.70485		0.0017111	4875	6
JUN	0.8767	0.70444	0.51002	0.0018925	4876	6
INO80C	0.73325	0.70411		0.0043157	4877	6
RTP5	0.85239	0.70393	0.53493	0.0018503	4878	6
LOC441455	0.60493	0.70341		0.0034331	4879	6
MAPK6	0.60578	0.70303	0.80831	0.0026535	4880	6
PRMT6	0.8004	0.7026	0.6024	0.0030366	4881	6
RGS5	0.71844	0.70184	0.68383	0.0041307	4882	6
GGPS1	0.75038	0.70135		0.0045812	4883	6
PAPSS2	0.6096	0.7009	0.79477	0.0033541	4884	6
KIAA1656	0.65943	0.70029	0.74598	0.0038022	4885	6
TAZ	0.4863	0.69992	0.92578	0.0018159	4886	6
C2CD4D	0.69456	0.69987		0.0043958	4887	6
CLVS1	0.64897	0.69969		0.003524	4888	6
JOSD2	0.69396	0.69967		0.0043113	4889	6
BCKDHA	0.70897	0.69946		0.0048828	4890	6
MARCH8	0.80274	0.6976	0.58032	0.0023528	4891	6
FAM149A	0.84639	0.69621	0.52819	0.0019591	4892	6
ALKBH8	0.55095	0.69595	0.84942	0.0024436	4893	6
HARBI1	0.66162	0.69562	0.7345	0.0042413	4894	6
RAPGEF5	0.62888	0.69503	0.77075	0.004107	4895	6
CIDECP	0.67185	0.69501	0.72101	0.0040859	4896	6
MDC1	0.5839	0.69361	0.79871	0.0030675	4897	6
LINC02055	0.6571	0.69359	0.73588	0.003913	4898	6
WDFY1	0.74306	0.6933		0.0046123	4899	6
SEC63	0.93705	0.69286	0.44616	0.0021387	4900	6
NAB2	0.60995	0.6921		0.0038169	4901	6
GRIN1	0.59414	0.69202	0.79861	0.0033398	4902	6
PEA15	0.90257	0.69176	0.4395	0.0013721	4903	6
ABHD2	0.84432	0.69172	0.52403	0.0026152	4904	6
DIAPH1	0.68195	0.69143	0.70195	0.0043744	4905	6
ITGA2	0.64613	0.69115		0.004453	4906	6
USP46-AS1	0.80356	0.69087	0.57322	0.0028488	4907	6
PEG3	0.51439	0.69054	0.85589	0.0019681	4908	6
YME1L1	0.76682	0.69036		0.0042401	4909	6
LRRC40	0.64344	0.69008		0.0041699	4910	6
STARD5	0.29947	0.69005	1.2438	0.0010942	4911	6
LINC01011	0.62214	0.68997	0.75996	0.0033499	4912	6
IVD	0.8036	0.68827		0.0028019	4913	6
ICK	0.61322	0.68778		0.0032128	4914	6
SSH3	0.33545	0.68768	0.982	0.0011779	4915	6
CFAP58-AS1	0.70871	0.68749	0.66498	0.0039266	4916	6
GPT2	0.84463	0.68748	0.50855	0.0019372	4917	6
RAB4A	0.72315	0.68669	0.64497	0.004533	4918	6
LZTS1	0.7137	0.68647	0.66204	0.0042595	4919	6
CX3CL1	0.69549	0.68542		0.0044177	4920	6
PUS1	0.64449	0.68528	0.72676	0.003542	4921	6
CORT	0.85285	0.68466	0.50176	0.0022289	4922	6
C8G	0.75911	0.68406		0.0036587	4923	6
ATG4D	0.55908	0.68391	0.83505	0.0027212	4924	6
TRIM71	0.81735	0.68356	0.5475	0.0027352	4925	6
GUK1	1.0072	0.68336	0.30853	0.0011893	4926	6
SAP30BP	0.76536	0.68315	0.60208	0.0032296	4927	6
HINT3	0.74024	0.68169	0.6275	0.0037005	4928	6
KDM5D	0.54494	0.6813	0.80668	0.0023077	4929	6
ZNF84	0.67966	0.6781		0.0054318	4930	6
PFN4	0.60963	0.67751		0.003631	4931	6
AK9	0.60912	0.67741	0.76079	0.0038092	4932	6
LINC00839	0.77445	0.67676	0.57131	0.003794	4933	6
LZTS3	0.48682	0.67476	0.86547	0.0018138	4934	6
DOHH	0.65434	0.67471		0.0041908	4935	6
GTPBP10	0.61498	0.6734		0.0037767	4936	6
ZC3H10	0.47649	0.67262	0.89153	0.0018779	4937	6
CENPH	0.77482	0.67075		0.0032104	4938	6
PRKAB2	0.6018	0.66917		0.0029383	4939	6
ENO3	0.64872	0.66916	0.69471	0.0044992	4940	6
UBE2I	0.77282	0.66832	0.56193	0.0031138	4941	6
DPP6	0.666	0.66739	0.67094	0.0030512	4942	6
DUS3L	0.54797	0.66631		0.0023027	4943	6
SNHG7	0.57396	0.66607	0.75995	0.0031513	4944	6
NUDT22	0.57713	0.6658	0.77192	0.0031798	4945	6
PTGER3	0.91199	0.66571	0.39472	0.0014243	4946	6
ST8SIA1	0.48479	0.66508	0.87459	0.002065	4947	6
GLO1	0.89286	0.66454	0.42369	0.0020459	4948	6
ZHX1	0.51006	0.66449	0.83664	0.0021367	4949	6
NPR3	0.62874	0.66365	0.69875	0.0033965	4950	6
SF3B3	0.81855	0.66135	0.49193	0.0019437	4951	6
CAST	0.54783	0.66075	0.79577	0.0030147	4952	6
LOC494141	0.47934	0.66073		0.0019608	4953	6
EFR3B	0.75324	0.66068	0.56625	0.0028911	4954	6
POLI	0.78032	0.65928		0.0028449	4955	6
IGFBP2	0.52724	0.65849	0.81385	0.0023542	4956	6
LAMB2P1	0.67138	0.65845	0.64694	0.0048939	4957	6
RABL3	0.81829	0.65816		0.0027087	4958	6
ADGRE5	0.62073	0.65799		0.0030958	4959	6
BCAS3	0.62314	0.65779	0.69767	0.0044917	4960	6
VWC2L	0.63953	0.65774	0.67902	0.0037255	4961	6
GDPD5	0.60989	0.65719	0.71064	0.0033493	4962	6
TMEM18	0.84929	0.65636	0.45687	0.0020076	4963	6
EMC4	0.73091	0.65635		0.0044666	4964	6
COLEC12	0.68987	0.65632		0.0032015	4965	6
DNAJC19	0.8659	0.65533	0.43606	0.002117	4966	6
DNAL4	0.79752	0.65476	0.50503	0.0020956	4967	6
CREBZF	0.42406	0.65464	0.87721	0.0016644	4968	6
PRKAB1	0.57271	0.65359	0.74912	0.0034457	4969	6
AFG1L	0.60674	0.65343		0.0030988	4970	6
PIEZO2	0.64436	0.65297		0.0037694	4971	6
FZD6	0.36751	0.65236	0.95907	0.0013797	4972	6
MADCAM1	0.50529	0.65182	0.83451	0.0025056	4973	6
ZNF528	0.74071	0.65181	0.56387	0.0032435	4974	6
NDUFAB1	0.76674	0.65068		0.0035332	4975	6
LAMA1	0.77614	0.65065	0.51259	0.0019823	4976	6
WDR92	0.74201	0.65008		0.0026988	4977	6
CDK11A	0.50387	0.64977	0.82691	0.002524	4978	6
TRIM22	0.84606	0.64968	0.44116	0.0018009	4979	6
SLC10A3	0.60811	0.64936	0.69691	0.004837	4980	6
MGLL	0.69947	0.64895	0.59389	0.0038419	4981	6
HDHD2	0.67632	0.64861	0.61697	0.0039474	4982	6
LAMTOR2	0.85217	0.6485	0.43545	0.0021859	4983	6
PREB	0.77865	0.64765	0.50735	0.002637	4984	6
PTPN3	0.69141	0.64692	0.60518	0.003648	4985	6
HSD17B3	0.65436	0.64653		0.0031397	4986	6
JMJD4	0.77095	0.64641	0.51294	0.0027615	4987	6
BZW2	0.5974	0.64599	0.69785	0.0036885	4988	6
BCAS2	0.86769	0.64481	0.42454	0.0020273	4989	6
MCRIP2	0.57053	0.64464		0.0031266	4990	6
C12orf45	1.007	0.64421	0.21073	0.00092826	4991	6
CPEB2	0.77668	0.64419		0.0024533	4992	6
POLR2F	0.57822	0.64265		0.0032547	4993	6
CCDC177	0.38686	0.64199	0.8713	0.0013388	4994	6
ALG10	0.61057	0.64192		0.0043251	4995	6
MEIS3P1	0.64695	0.64168	0.63855	0.0028762	4996	6
LOC100130264	0.66117	0.64138	0.62123	0.0040449	4997	6
TK1	0.68064	0.64133	0.6062	0.0035365	4998	6
LRRC75A	0.58493	0.64045	0.70718	0.0029373	4999	6
ATIC	0.76294	0.64016		0.0031832	5000	6
MDH1	0.54375	0.63986	0.75183	0.0031449	5001	6
MARCO	0.73846	0.63985	0.53731	0.0026148	5002	6
RHBDD3	0.50538	0.63848		0.0023781	5003	6
FAM185A	0.63214	0.63835		0.0048514	5004	6
SIRT5	0.51417	0.63819	0.78677	0.0024697	5005	6
ZNF142	0.46353	0.63753	0.81393	0.0017329	5006	6
RXYLT1	0.69699	0.63731	0.57846	0.0029915	5007	6
PRSS3P2	0.76504	0.63544	0.50131	0.0031436	5008	6
FAM228B	0.8619	0.63443	0.40265	0.0016898	5009	6
LIPC	0.67532	0.63434	0.59169	0.0041713	5010	6
GEMIN7	0.52716	0.63412	0.75996	0.0023917	5011	6
LDAH	0.80564	0.63347	0.44637	0.0019726	5012	6
GABRB2	0.3395	0.63214	0.95804	0.0011632	5013	6
ZDHHC22	0.56069	0.632		0.0032969	5014	6
KLF2	0.51292	0.63092	0.76762	0.002683	5015	6
UBAP2L	0.60558	0.6309		0.0029132	5016	6
SLC24A2	0.43933	0.63054	0.87086	0.0018681	5017	6
AGAP2	0.75253	0.63048	0.50143	0.0022978	5018	6
PDXDC2P-NPIPB14P	0.48889	0.62972	0.76611	0.0024932	5019	6
HNRNPL	0.53095	0.62923		0.0025354	5020	6
WDR90	0.46124	0.62838	0.78345	0.0020319	5021	6
RRP7A	0.84068	0.6282	0.36458	0.001186	5022	6
INA	0.47284	0.62714	0.81746	0.0020982	5023	6
CUL5	0.49064	0.62682		0.0025503	5024	6
RASSF3	0.60247	0.62631	0.65281	0.00326	5025	6
FAM173B	0.67053	0.62586		0.0043874	5026	6
SLC2A12	0.72111	0.6256	0.52702	0.0024047	5027	6
SUMO3	0.98689	0.62532	0.20328	0.00095072	5028	6
TAF4B	0.28387	0.62458	0.9882	0.0010631	5029	6
CCDC86	0.6988	0.62448		0.0039131	5030	6
PRSS3	0.75324	0.62392	0.49095	0.0031256	5031	6
TDO2	0.61328	0.62325	0.63402	0.0050438	5032	6
MDK	0.83519	0.62127	0.39825	0.0017045	5033	6
PRSS2	0.7363	0.62124	0.50237	0.0032171	5034	6
DNA2	0.40051	0.62104	0.81656	0.0015008	5035	6
ADGRL2	0.53855	0.61981	0.70995	0.0026976	5036	6
ZNF493	0.49145	0.61883	0.76623	0.0024857	5037	6
SREK1IP1	0.70155	0.61804		0.003237	5038	6
UST	0.55384	0.61771	0.67924	0.0032149	5039	6
MIR600HG	0.40785	0.61635	0.88039	0.0017458	5040	6
C8orf82	0.70334	0.61624	0.52129	0.0021353	5041	6
ASIC3	0.56535	0.61567	0.66974	0.0041397	5042	6
PEX11G	0.71294	0.61532		0.0028179	5043	6
PC	0.57759	0.61531	0.65946	0.0043736	5044	6
MINOS1	0.78451	0.61525	0.43626	0.0023951	5045	6
ELMO3	0.55459	0.61503	0.68657	0.0036371	5046	6
BICD2	0.48471	0.61472	0.76197	0.0022979	5047	6
FAM50A	0.61289	0.61441		0.0035458	5048	6
RAPGEF4	0.7591	0.61361	0.45439	0.0020068	5049	6
TADA1	0.62185	0.61341	0.60645	0.0046211	5050	6
UBE2V2	0.61168	0.61302		0.0034578	5051	6
CHCHD10	0.5504	0.61297	0.6868	0.0033017	5052	6
TRIM4	0.55718	0.61262		0.003249	5053	6
SLC27A6	0.68709	0.61207		0.0030784	5054	6
MYO7A	0.67855	0.61147	0.54581	0.0035961	5055	6
ZNF18	0.56254	0.61052		0.0026734	5056	6
EEF1AKMT1	0.71739	0.6104	0.50335	0.0027884	5057	6
TMTC2	0.59157	0.61035		0.0027809	5058	6
MTDH	0.33352	0.60976	0.89259	0.0012793	5059	6
TNFSF4	0.51523	0.6097		0.0024908	5060	6
VPS29	0.8291	0.6086	0.36944	0.0017086	5061	6
SHMT2	0.56512	0.6081	0.65865	0.0034731	5062	6
FAM210A	0.66737	0.60804		0.0039001	5063	6
GREM2	0.56394	0.608	0.65929	0.0040775	5064	6
SBNO2	0.53253	0.60546		0.0023174	5065	6
ST5	0.83329	0.60512	0.33836	0.0011942	5066	6
RFXAP	0.55504	0.60488	0.65224	0.0038279	5067	6
REEP2	0.52295	0.60359	0.69747	0.0030539	5068	6
GGT1	0.48617	0.60327	0.72104	0.002684	5069	6
VPS13A	0.62078	0.60286	0.58978	0.0031857	5070	6
UBR2	0.43951	0.60206	0.74703	0.002059	5071	6
UNC5C	0.56031	0.6011	0.64542	0.0027996	5072	6
SLC30A10	0.72457	0.60084	0.46699	0.0019203	5073	6
P4HB	0.70622	0.60061		0.0022944	5074	6
PPME1	0.51019	0.60033	0.69549	0.0023461	5075	6
RANBP6	0.50734	0.5994	0.70518	0.0028583	5076	6
MYBL1	0.58578	0.59937	0.61603	0.0042962	5077	6
RABGAP1	0.74385	0.59646		0.0020242	5078	6
DAGLA	0.58961	0.59614		0.0024195	5079	6
CHGA	0.27844	0.59583	1.0298	0.0011255	5080	6
PRTG	0.59079	0.59333		0.0029635	5081	6
NRG1	0.49724	0.5929	0.70634	0.0030025	5082	6
CDH4	0.75032	0.59267	0.42081	0.0019889	5083	6
CFAP65	0.39425	0.59203	0.7907	0.0016056	5084	6
MTBP	0.44753	0.59123	0.7253	0.0021631	5085	6
CINP	0.78713	0.59091	0.37778	0.0015557	5086	6
DDN	0.72519	0.59088	0.44351	0.0021062	5087	6
PIGK	0.45884	0.59026	0.74574	0.0021634	5088	6
AEBP1	0.61254	0.58976	0.57005	0.0029429	5089	6
AGPAT1	0.6332	0.58953		0.0036853	5090	6
DCPS	0.41636	0.5894	0.80434	0.0016727	5091	6
KRR1	0.55288	0.58924		0.0041729	5092	6
PSTPIP1	0.67985	0.58916	0.49051	0.0028897	5093	6
LOC102724156	0.7253	0.58913	0.44478	0.0021349	5094	6
ZNF648	0.68783	0.58891		0.003144	5095	6
CFAP44	0.81066	0.58866	0.34133	0.0012512	5096	6
TUBA3D	0.72824	0.58855	0.44304	0.0022203	5097	6
TTC8	0.62896	0.58662	0.54507	0.003526	5098	6
IL17D	0.72021	0.58636	0.44553	0.0022162	5099	6
YLPM1	0.64959	0.58596	0.52402	0.0038167	5100	6
MED9	0.35868	0.58583	0.78897	0.001342	5101	6
RSBN1	0.46136	0.58557	0.70928	0.0024577	5102	6
FBXO34	0.47056	0.58422	0.6865	0.0024283	5103	6
ANOS1	0.6841	0.5841	0.47935	0.0025196	5104	6
MAP1LC3A	0.71668	0.5837	0.43545	0.0020575	5105	6
EIF2B2	0.51041	0.58293	0.66722	0.0031144	5106	6
HSD17B7	0.65744	0.58262		0.0025918	5107	6
PMPCA	0.64233	0.58218		0.0041974	5108	6
POP4	0.70175	0.58198		0.0029066	5109	6
MBLAC2	0.67251	0.58176	0.48854	0.0023018	5110	6
PRSS35	0.74488	0.58119	0.39572	0.0014718	5111	6
LURAP1	0.50219	0.58096		0.0022602	5112	6
MRC1	0.80872	0.58051	0.30726	0.0012215	5113	6
LOC554206	0.62452	0.5793		0.0035329	5114	6
MSH2	0.49084	0.57828	0.6611	0.0026231	5115	6
ACSS2	0.4792	0.57747	0.69076	0.0027945	5116	6
LIN28B	0.44119	0.57737	0.73474	0.0018012	5117	6
RRP12	0.50812	0.57695	0.65696	0.002945	5118	6
ATP5F1D	0.55803	0.57601	0.59674	0.0039102	5119	6
GPR137	0.56687	0.57599		0.0038049	5120	6
POLR3H	0.66482	0.57535		0.0029156	5121	6
WFS1	0.71154	0.57514	0.42411	0.0018709	5122	6
DPP3	0.58963	0.57442		0.0040028	5123	6
NYNRIN	0.69953	0.5743	0.43964	0.0018464	5124	6
CTSD	0.6006	0.57364		0.0043977	5125	6
SPSB2	0.58591	0.573	0.56259	0.0024195	5126	6
LYRM9	0.76641	0.5723	0.35239	0.0013648	5127	6
ICAM1	0.67021	0.57192		0.0025918	5128	6
EPHA5	0.62047	0.57129	0.52456	0.0034835	5129	6
FGF17	0.49788	0.57082	0.64543	0.0028275	5130	6
TTC39C	0.14677	0.57033	0.97462	0.00080433	5131	6
SLC38A1	0.35687	0.57004	0.84144	0.0015838	5132	6
RASIP1	0.52253	0.56897	0.61868	0.0025207	5133	6
KCNH6	0.44755	0.56857	0.71491	0.0023983	5134	6
USB1	0.53574	0.56821	0.60613	0.0036724	5135	6
PGAM1P5	0.64626	0.56818		0.0030641	5136	6
ZNF165	0.33002	0.56761	0.86379	0.0013423	5137	6
ATE1	0.70559	0.56727	0.41823	0.0019507	5138	6
CNTNAP3	0.62152	0.56715	0.51328	0.0028767	5139	6
HSD17B1	0.6199	0.56644		0.0028987	5140	6
TCHH	0.49664	0.56561	0.64543	0.0031905	5141	6
MVK	0.52902	0.56485		0.0033291	5142	6
N6AMT1	0.64652	0.56482		0.0025487	5143	6
DHX16	0.37692	0.56478	0.77502	0.0015363	5144	6
SUMO2	0.64434	0.5647	0.48601	0.0029164	5145	6
DHDH	0.64933	0.56367	0.47582	0.0026001	5146	6
ATP6V1D	0.67065	0.56153		0.00244	5147	6
PRPH2	0.67076	0.56072	0.44662	0.0024757	5148	6
PGAM4	0.65837	0.55986		0.0026905	5149	6
NDC1	0.57378	0.55961		0.0039199	5150	6
ZNF333	0.3573	0.55904	0.72016	0.0015115	5151	6
LSAMP	0.52307	0.55816	0.59848	0.0028159	5152	6
MEF2C	0.4624	0.55815	0.64784	0.0027312	5153	6
MAP6	0.69323	0.55797	0.41618	0.0022583	5154	6
UBL4A	0.50395	0.55752		0.0037398	5155	6
PTBP3	0.60002	0.55681	0.51493	0.0037952	5156	6
CRIP3	0.52411	0.55673	0.58846	0.0034796	5157	6
HTR2C	0.69016	0.5565	0.41549	0.0021863	5158	6
NUDCD3	0.52918	0.55632		0.0026862	5159	6
RELL2	0.41695	0.55574	0.7252	0.0020897	5160	6
SLC43A2	0.46362	0.55573	0.66066	0.0023316	5161	6
KLRG1	0.67954	0.55527	0.42228	0.0020063	5162	6
VTI1B	0.87243	0.55467	0.20094	0.001066	5163	6
CCEPR	0.61934	0.55438	0.49034	0.0030741	5164	6
RPS6KA6	0.4334	0.55427		0.0024192	5165	6
METTL24	0.30077	0.5537	0.82886	0.0012882	5166	6
KCTD9	0.44912	0.55338	0.67899	0.0025613	5167	6
ZNF143	0.48472	0.55328	0.63543	0.0027402	5168	6
ZNF138	0.48243	0.55327		0.0024643	5169	6
RABGGTA	0.53272	0.55233		0.0040124	5170	6
HMOX2	0.53789	0.55215	0.56877	0.0042828	5171	6
ZNF135	0.5282	0.55186		0.0034977	5172	6
TET1	0.4178	0.55141		0.0019611	5173	6
SAMD15	0.68877	0.55122	0.3946	0.0017928	5174	6
GYG1	0.59554	0.55122	0.50285	0.0040601	5175	6
CALB2	0.65383	0.55022	0.44357	0.0026053	5176	6
CD164	0.59156	0.54978	0.50552	0.0031719	5177	6
IMPACT	0.7632	0.54959	0.29896	0.0011861	5178	6
TSPAN2	0.71114	0.5491	0.36939	0.001604	5179	6
CANT1	0.60982	0.54814		0.0034178	5180	6
BRF1	0.38445	0.54778	0.72252	0.0019031	5181	6
RPF2	0.56472	0.54721		0.0033799	5182	6
C8orf33	0.62182	0.54621		0.0027004	5183	6
MTCH2	0.63009	0.5458		0.0029949	5184	6
THEM4	0.3522	0.54558	0.75235	0.0014102	5185	6
RTTN	0.57072	0.54523		0.0028838	5186	6
TUSC2	0.6631	0.54492	0.41981	0.0027875	5187	6
LYN	0.70317	0.54462	0.36704	0.0016133	5188	6
RIMKLA	0.46757	0.54445	0.63438	0.0029072	5189	6
GLI4	0.47432	0.54436		0.0025008	5190	6
PPP1R1B	0.66782	0.54385	0.42024	0.0021555	5191	6
BCRP2	0.71058	0.54372	0.34852	0.0014307	5192	6
CCL28	0.62517	0.54246	0.45805	0.0026768	5193	6
CELF3	0.62423	0.54237	0.45892	0.0027393	5194	6
LIMD2	0.61334	0.54167	0.46972	0.0029856	5195	6
FAM53C	0.61861	0.54074	0.46161	0.0024767	5196	6
FOCAD	0.46125	0.54046	0.63183	0.0025444	5197	6
BCL11B	0.58634	0.53999	0.49052	0.0034379	5198	6
SLIRP	0.77	0.53976	0.31005	0.0016825	5199	6
ASB7	0.48006	0.53842		0.0025403	5200	6
PEMT	0.6095	0.53727	0.45788	0.0034006	5201	6
FAM90A7P	0.40307	0.53708		0.0021769	5202	6
RNF167	0.57212	0.53658		0.0035027	5203	6
VCPKMT	0.38328	0.53636	0.71508	0.0017394	5204	6
LINC00260	0.69898	0.53622	0.35229	0.0014718	5205	6
GMPR2	0.52137	0.53607		0.0035892	5206	6
MYRIP	0.68649	0.53442	0.36608	0.0017143	5207	6
DEPP1	0.56034	0.53401	0.50507	0.0031186	5208	6
SIK2	0.52223	0.53359		0.0042983	5209	6
PSMG3-AS1	0.73076	0.53243	0.30588	0.0013738	5210	6
CNOT1	0.44813	0.53228		0.0022395	5211	6
UTP15	0.37033	0.53176		0.0015256	5212	6
UNC45A	0.46756	0.53139		0.0027856	5213	6
RAB11FIP4	0.54479	0.53075	0.51858	0.0038862	5214	6
NDUFAF5	0.33081	0.53065	0.77788	0.0014518	5215	6
TMEM9	0.80525	0.52985	0.23193	0.0011124	5216	6
ZNF718	0.33058	0.5298	0.70436	0.0014208	5217	6
MFSD6	0.57028	0.52909	0.48901	0.0035011	5218	6
CACNA1C	0.42681	0.52894	0.63073	0.0024607	5219	6
KCNG1	0.65276	0.52638	0.3872	0.001656	5220	6
IDI1	0.65622	0.52595	0.38801	0.002241	5221	6
MORC2-AS1	0.28148	0.52514	0.78806	0.0011521	5222	6
HVCN1	0.5775	0.52501		0.0029814	5223	6
HSPB1	0.6387	0.52445	0.40289	0.0022382	5224	6
GRM5	0.56641	0.52331	0.48177	0.0034651	5225	6
ARL2	0.47829	0.52203		0.0030604	5226	6
DKFZp779M0652	0.82278	0.52166	0.12024	0.00078262	5227	6
FAM131B	0.35034	0.52146	0.73327	0.0015983	5228	6
PSMD12	0.43505	0.5214	0.62392	0.0026596	5229	6
SFXN4	0.55208	0.52118	0.48701	0.0043421	5230	6
FBXL12	0.44803	0.52064	0.60133	0.0023401	5231	6
PDHX	0.54547	0.52048		0.0038171	5232	6
JUP	0.62605	0.51948		0.0017101	5233	6
PLXNA3	0.57905	0.51913	0.4583	0.0023415	5234	6
CHST8	0.5103	0.51875	0.53072	0.0033688	5235	6
GPATCH1	0.35407	0.51784	0.69324	0.0014828	5236	6
C2CD5	0.41027	0.51778	0.61938	0.0023356	5237	6
GLI1	0.6	0.51689	0.43236	0.0023482	5238	6
LENG8	0.41212	0.51665	0.62669	0.0020508	5239	6
SLC7A14	0.55541	0.51627	0.47667	0.0035006	5240	6
NR2C2AP	0.50884	0.51408	0.52043	0.003719	5241	6
ALKBH3	0.45481	0.51344		0.0025971	5242	6
PYROXD1	0.32077	0.51284	0.73004	0.001548	5243	6
HDAC6	0.43838	0.51256		0.0026334	5244	6
NUBP1	0.50755	0.51213		0.0032497	5245	6
ZNF442	0.49637	0.51155		0.0036874	5246	6
TMEM120A	0.70723	0.51092	0.31076	0.0018836	5247	6
CEP57	0.38707	0.51067	0.62863	0.0021259	5248	6
RNF181	0.85125	0.51056	0.13787	0.00089057	5249	6
LOC101928673	0.15113	0.50995	0.90485	0.00086	5250	6
FABP7	0.6768	0.50975	0.31503	0.0012859	5251	6
RUSC1-AS1	0.52835	0.50959		0.0042521	5252	6
SHISA5	0.66225	0.50706	0.32925	0.0014593	5253	6
TTC37	0.53177	0.50687		0.0032657	5254	6
CLEC2L	0.42464	0.50603	0.60078	0.0030206	5255	6
SMARCA1	0.5704	0.50599	0.44049	0.0024039	5256	6
TTYH3	0.61186	0.50596		0.0023053	5257	6
PNPLA2	0.46106	0.50594	0.55828	0.0031633	5258	6
NKX6-1	0.48477	0.50524		0.0025315	5259	6
NME3	0.50135	0.50481		0.0029138	5260	6
LRRN1	0.67602	0.50398	0.32425	0.0015247	5261	6
LOC148413	0.55994	0.50289		0.0033216	5262	6
DYNC1LI1	0.41419	0.50218	0.59848	0.0019647	5263	6
GTF3C2	0.26369	0.50215	0.75581	0.0011933	5264	6
SLC38A9	0.27859	0.50145	0.74712	0.0013727	5265	6
DIAPH2	0.61351	0.50136	0.382	0.0019071	5266	6
FSIP1	0.62365	0.501	0.37713	0.0022475	5267	6
MACO1	0.391	0.49954	0.60781	0.0023471	5268	6
MCF2L	0.18876	0.49951	0.87901	0.00095664	5269	6
ANKRD49	0.43017	0.49881	0.56799	0.0027167	5270	6
SARAF	0.57717	0.49796	0.41421	0.0023971	5271	6
PDGFA	0.5471	0.49725		0.0028391	5272	6
GNA14	0.50259	0.49673	0.49008	0.0037022	5273	6
TOR1B	0.52987	0.49667		0.0030651	5274	6
CES3	0.62923	0.49605		0.0016176	5275	6
NXPH1	0.62081	0.49547	0.3635	0.0016606	5276	6
NUP98	0.36308	0.49526		0.0018236	5277	6
MAPRE2	0.53044	0.49488		0.0029191	5278	6
EPB41L3	0.40564	0.4943	0.59362	0.0022245	5279	6
SNRNP35	0.26567	0.49394	0.73024	0.0011582	5280	6
TTLL11	0.3947	0.4933	0.60769	0.0025235	5281	6
CRB1	0.60438	0.49293	0.37773	0.0019277	5282	6
LRP2BP	0.45026	0.49198	0.53264	0.0034971	5283	6
GGH	0.4472	0.49131		0.0030721	5284	6
ATP5IF1	0.68735	0.49071		0.0015197	5285	6
FAM86DP	0.536	0.49071	0.44334	0.0031959	5286	6
ING1	0.35651	0.49003	0.63151	0.0013954	5287	6
ATP1A3	0.41975	0.48931	0.56774	0.0025383	5288	6
CASD1	0.50671	0.48821		0.0029706	5289	6
H2AFY2	0.3097	0.48814	0.66158	0.0014169	5290	6
DPY19L2P2	0.22286	0.48798	0.75017	0.0010672	5291	6
TMEM223	0.28303	0.48753	0.7353	0.0012447	5292	6
CORO1C	0.61583	0.48722		0.0022917	5293	6
BCL2L10	0.53187	0.48659		0.0028915	5294	6
CCDC186	0.32256	0.48628	0.67498	0.0016686	5295	6
ZW10	0.43439	0.48614		0.0031342	5296	6
JMJD1C	0.3201	0.486	0.63637	0.0016039	5297	6
DPCD	0.71651	0.48549	0.24068	0.0012982	5298	6
PTHLH	0.6266	0.48524	0.32663	0.0017181	5299	6
RAB24	0.28155	0.48478	0.70556	0.0013699	5300	6
XPNPEP1	0.47342	0.48325		0.0022415	5301	6
LSM3	0.74502	0.48312	0.17454	0.00098004	5302	6
SNX25	0.46235	0.48203	0.50653	0.0029178	5303	6
TMEM109	0.35997	0.48197	0.61256	0.0016726	5304	6
GPR176	0.51061	0.4818		0.0026467	5305	6
AFG3L2	0.39897	0.48138		0.0022853	5306	6
LOC100289230	0.39292	0.4807	0.56235	0.0024394	5307	6
SH3RF1	0.70246	0.48042	0.19577	0.00094448	5308	6
LIN7C	0.3801	0.48014		0.0023628	5309	6
GPR160	0.70321	0.48011	0.22117	0.0010139	5310	6
MLNR	0.64218	0.47963	0.31259	0.00155	5311	6
PCSK6	0.44246	0.47956	0.52086	0.0032479	5312	6
CD247	0.50916	0.47814	0.44866	0.0029036	5313	6
FNBP4	0.34276	0.47809	0.61501	0.0017739	5314	6
ZNF251	0.38115	0.47786	0.57175	0.0025008	5315	6
MTPAP	0.19771	0.47702	0.72458	0.00099946	5316	6
STK11IP	0.38554	0.47654		0.0021757	5317	6
WRB	0.73525	0.47633	0.21959	0.0012278	5318	6
LINGO2	0.46877	0.47626	0.48547	0.0031735	5319	6
TBX2	0.46804	0.47616		0.0032238	5320	6
TCP1	0.59376	0.47611	0.35106	0.0022275	5321	6
KIF9	0.42804	0.47574		0.0026746	5322	6
SNRNP25	0.51543	0.47562	0.43161	0.0034958	5323	6
CORO2B	0.38876	0.47558	0.57409	0.0021745	5324	6
NUP88	0.49828	0.47415		0.0032105	5325	6
ELK1	0.59778	0.47398	0.34873	0.001886	5326	6
EFL1	0.47326	0.47306	0.47543	0.003372	5327	6
ATN1	0.42861	0.47304		0.002274	5328	6
GFPT2	0.36376	0.47259	0.58346	0.0018884	5329	6
ZNF76	0.34763	0.47101		0.00157	5330	6
MKKS	0.64236	0.47077	0.29383	0.0018493	5331	6
PSMD4	0.5894	0.46998	0.34038	0.0020312	5332	6
FASTKD3	0.34321	0.46936		0.0016167	5333	6
EXOC5	0.50423	0.46928		0.0029189	5334	6
TMEM192	0.51157	0.46849		0.003002	5335	6
NACAD	0.49921	0.46643		0.0029339	5336	6
PNISR	0.36527	0.46628	0.56803	0.002168	5337	6
SEC22B	0.60087	0.46596		0.001605	5338	6
RNASEH1-AS1	0.48379	0.46595		0.0028984	5339	6
ENDOD1	0.46142	0.4659	0.4704	0.003203	5340	6
SLC9A1	0.33639	0.46584	0.62103	0.0018031	5341	6
ZNF720	0.54453	0.46504		0.002417	5342	6
PRRC2B	0.49595	0.46244	0.42957	0.0028529	5343	6
PGM1	0.58418	0.46204	0.3352	0.0020525	5344	6
PCDHA1	0.36999	0.46168		0.002455	5345	6
USP33	0.24935	0.46153	0.69696	0.0011245	5346	6
NT5M	0.20621	0.4613	0.80391	0.0010739	5347	6
ZNF823	0.4022	0.4612	0.52824	0.0031145	5348	6
ITM2B	0.60164	0.46102	0.30797	0.0015361	5349	6
COX8C	0.3869	0.46098		0.0019856	5350	6
COMMD9	0.60616	0.46096	0.30791	0.0019368	5351	6
COL7A1	0.27994	0.46078	0.67757	0.0014207	5352	6
LHFPL5	0.51411	0.46057	0.40509	0.0027737	5353	6
ACTR5	0.40044	0.46054	0.5202	0.0029659	5354	6
LINC00574	0.36339	0.45843	0.56355	0.0021385	5355	6
PLAGL2	0.3094	0.4583	0.6075	0.001649	5356	6
EPN3	0.38174	0.45709	0.54507	0.0023619	5357	6
SYNRG	0.5314	0.45703		0.0020062	5358	6
PELI1	0.59953	0.45639	0.30072	0.0014987	5359	6
MHENCR	0.55701	0.4555	0.35048	0.0018558	5360	6
RAC2	0.61821	0.45543	0.26668	0.0014309	5361	6
GXYLT1	0.45257	0.45467		0.0034384	5362	6
CPXM2	0.41598	0.45377	0.49587	0.0028145	5363	6
PCDHGA9	0.46864	0.45357		0.0033334	5364	6
MRPL33	0.2361	0.45343	0.72121	0.00109	5365	6
EIF4E2	0.40048	0.45334	0.51492	0.0027901	5366	6
ANGPTL1	0.63711	0.45148	0.26301	0.0013899	5367	6
ARMC9	0.4316	0.45064		0.0030522	5368	6
GPR27	0.56337	0.45009	0.33089	0.0019217	5369	6
FADS6	0.32565	0.44895	0.59014	0.0018488	5370	6
TLE6	0.51567	0.44846		0.0028006	5371	6
RRAGB	0.60739	0.44766	0.26023	0.0011824	5372	6
NSDHL	0.57326	0.44747	0.31489	0.0018946	5373	6
CC2D1A	0.44944	0.44747		0.0028653	5374	6
MIA3	0.24117	0.44745	0.68142	0.0011429	5375	6
SERP1	0.62124	0.4472	0.25807	0.0013816	5376	6
ATF6B	0.30148	0.44683	0.59724	0.0015839	5377	6
ZNF521	0.51486	0.44605	0.37699	0.0027274	5378	6
CHEK2P2	0.4336	0.44361	0.45507	0.0029461	5379	6
PPIH	0.58034	0.44297		0.0017404	5380	6
C9orf116	0.50535	0.44283	0.37686	0.0026744	5381	6
TSTD1	0.58841	0.44265	0.28196	0.0014393	5382	6
KLF3-AS1	0.35835	0.44116	0.52066	0.0023958	5383	6
LOC100507387	0.44611	0.44112	0.4365	0.0030623	5384	6
BOLA1	0.55256	0.4408		0.0020241	5385	6
ACACA	0.44166	0.44052		0.0028998	5386	6
SUSD2	0.486	0.43992		0.0028929	5387	6
HSPA4	0.46821	0.43961	0.41009	0.0029881	5388	6
MAGEL2	0.35493	0.43855	0.53568	0.0023099	5389	6
C22orf39	0.66686	0.4378	0.17468	0.0010318	5390	6
SNN	0.483	0.43682	0.38699	0.0028892	5391	6
ZNF596	0.38536	0.43598		0.002141	5392	6
TEX26	0.4344	0.4354	0.43953	0.0028864	5393	6
IQCA1	0.50956	0.4352	0.35906	0.002304	5394	6
UBE4A	0.35513	0.43461	0.52435	0.0025219	5395	6
RHO	0.43804	0.43389		0.0019602	5396	6
VARS2	0.41215	0.43386		0.0028764	5397	6
ARID4B	0.27486	0.43357		0.0013977	5398	6
RPS4Y2	0.53193	0.43279		0.0022078	5399	6
TTLL5	0.33815	0.43272	0.53298	0.002195	5400	6
DDX58	0.566	0.43235	0.28547	0.0015371	5401	6
TEAD4	0.26812	0.43147	0.62906	0.0012387	5402	6
HTR1A	0.61004	0.4314	0.21933	0.001144	5403	6
WAPL	0.31733	0.43133	0.54023	0.001881	5404	6
CLIC5	0.5011	0.42928	0.35502	0.0020187	5405	6
ANGEL1	0.46532	0.42842		0.0034288	5406	6
VSIG10L	0.62861	0.4281	0.20182	0.0011033	5407	6
ZNF438	0.49121	0.42555	0.35878	0.0022171	5408	6
BCL7B	0.42417	0.42532	0.42662	0.0021539	5409	6
TMEM173	0.553	0.42503	0.29865	0.0020118	5410	6
PSMA1	0.57388	0.42471		0.0018866	5411	6
PCSK2	0.42077	0.42447	0.42898	0.0034936	5412	6
PPP3CC	0.18922	0.42302	0.6834	0.0010886	5413	6
ZNF818P	0.5806	0.42275	0.25086	0.0013651	5414	6
GGNBP1	0.49695	0.42247		0.0021225	5415	6
SLC39A12	0.53572	0.42143	0.30084	0.0015241	5416	6
CAPN10	0.45378	0.42124		0.0026479	5417	6
NPPB	0.2948	0.42077		0.0014607	5418	6
ZNF250	0.22512	0.42054	0.59888	0.0011816	5419	6
LIPH	0.54421	0.42046	0.2898	0.0014718	5420	6
LOC100506124	0.061313	0.41992	0.92162	0.00067916	5421	6
N4BP2L1	0.32238	0.41971	0.51078	0.0020073	5422	6
CCND2-AS1	0.33559	0.41913	0.50557	0.0019551	5423	6
SOD1	0.53415	0.41836	0.29588	0.0017961	5424	6
PLPPR2	0.66083	0.41801	0.10771	0.00081098	5425	6
GGTLC2	0.34133	0.41688		0.0020326	5426	6
FAM136A	0.47914	0.41621	0.34817	0.0024816	5427	6
TLX2	0.38445	0.41592	0.45119	0.0022453	5428	6
ACVR2A	0.48166	0.41561	0.34746	0.0024177	5429	6
DEFB124	0.47334	0.41499		0.0023416	5430	6
RAB6A	0.37912	0.41432		0.0021	5431	6
SMIM8	0.31428	0.41432		0.0015472	5432	6
LTBR	0.36685	0.4137		0.0019985	5433	6
ETFDH	0.53625	0.41368	0.28202	0.0017865	5434	6
VWF	0.34879	0.41357	0.4846	0.0020538	5435	6
TFRC	0.46143	0.41286	0.36087	0.0027292	5436	6
DPH3P1	0.37689	0.41214		0.0027803	5437	6
ALDH1B1	0.35541	0.41203	0.47699	0.0023078	5438	6
STAG3L2	0.36999	0.41179		0.0027438	5439	6
ARPP21	0.26732	0.41175	0.54483	0.0015229	5440	6
L1TD1	0.32314	0.4113		0.0014291	5441	6
SNHG19	0.46674	0.41119	0.3555	0.002599	5442	6
KIAA0825	0.37816	0.41112	0.44435	0.0030916	5443	6
ZNF180	0.26288	0.41109	0.55306	0.0014699	5444	6
LOC101926935	0.28274	0.41071	0.52877	0.0016167	5445	6
ESCO1	0.05687	0.41019	0.842	0.00069233	5446	6
SH3BP5L	0.28945	0.41016		0.0015246	5447	6
CDC14A	0.46817	0.4097	0.35031	0.0019229	5448	6
ANXA11	0.5207	0.40915	0.29053	0.0014593	5449	6
TOP3A	0.29691	0.40849		0.0018625	5450	6
MSTO2P	0.3403	0.40844		0.0021771	5451	6
CRIP1	0.51019	0.40808		0.0018367	5452	6
PIGW	0.26212	0.40792	0.57491	0.0012572	5453	6
COL4A4	0.3342	0.40748	0.48899	0.0020606	5454	6
LOC643733	0.49453	0.40688	0.31965	0.0019925	5455	6
NAA20	0.44164	0.4065		0.0024895	5456	6
MAN2A2	0.27065	0.40648		0.0013922	5457	6
ATXN3	0.28762	0.40587	0.53512	0.0016789	5458	6
FAM104B	0.29789	0.40568	0.53082	0.0016473	5459	6
USP14	0.53115	0.40493	0.27272	0.0015801	5460	6
TCEAL9	0.4813	0.40447	0.32449	0.0018603	5461	6
MCUR1	0.67389	0.40387	0.095115	0.00081875	5462	6
SPRED1	0.51642	0.40342	0.27952	0.0014507	5463	6
GUSBP4	0.19526	0.40322	0.58723	0.0011277	5464	6
DCAF16	0.31698	0.40282	0.48844	0.0022111	5465	6
CIDEC	0.38409	0.40275	0.42351	0.0024483	5466	6
POSTN	0.25693	0.40168	0.57142	0.0012993	5467	6
AK4	0.60865	0.40167	0.14664	0.00086426	5468	6
FSBP	0.29959	0.40133	0.50641	0.0015578	5469	6
LOC101928659	0.42137	0.40113		0.0022759	5470	6
FASTKD2	0.33011	0.40072		0.0019994	5471	6
ARHGAP10	0.34288	0.40047	0.46275	0.001921	5472	6
LYG1	0.28098	0.4002	0.53138	0.0017311	5473	6
ZNF610	0.44863	0.4002		0.0029592	5474	6
TMEM128	0.57039	0.39872	0.21005	0.0011639	5475	6
KANSL1	0.17965	0.39662	0.61297	0.0010855	5476	6
KANK3	0.25645	0.39645	0.55742	0.0014644	5477	6
TPTE2P6	0.26725	0.39493	0.54874	0.0015269	5478	6
CCSER2	0.52501	0.39454	0.26062	0.0015872	5479	6
PER3	0.31785	0.39412	0.46651	0.0022405	5480	6
CADPS	0.41868	0.39409	0.36883	0.0031938	5481	6
FAM105A	0.50159	0.39282	0.27198	0.001658	5482	6
UPF2	0.24611	0.3928	0.52686	0.0013059	5483	6
CHAF1A	0.30323	0.39225	0.49611	0.0017339	5484	6
GMPS	0.33864	0.39222	0.45152	0.0026217	5485	6
LEPROTL1	0.28471	0.39195	0.51793	0.0018531	5486	6
SLC25A28	0.32862	0.39192		0.0020703	5487	6
GALNT1	0.40985	0.39119		0.0022818	5488	6
ARMC2	0.4911	0.39049	0.28751	0.0018722	5489	6
RER1	0.55454	0.39045	0.21338	0.0013214	5490	6
PPARGC1A	0.25505	0.38989	0.55479	0.0014656	5491	6
CCDC6	0.59705	0.38981	0.16565	0.0010756	5492	6
SPTLC1	0.53921	0.38953		0.0014501	5493	6
EXOSC7	0.54373	0.38948		0.001415	5494	6
HLTF	0.12699	0.38913	0.65712	0.00088019	5495	6
GRID1	0.29909	0.38773	0.49052	0.0018196	5496	6
ST3GAL4	0.33909	0.38754		0.0020373	5497	6
STC2	0.34549	0.38741	0.43492	0.0025473	5498	6
SIX1	0.35721	0.38741	0.42216	0.0026492	5499	6
EPDR1	0.41393	0.3871	0.35781	0.0027609	5500	6
KIDINS220	0.57642	0.38616	0.18447	0.0010537	5501	6
GSTM4	0.46353	0.38602		0.0019864	5502	6
CKS1B	0.52016	0.38519	0.23808	0.0012464	5503	6
FAM19A2	0.33712	0.38515	0.43382	0.0023869	5504	6
FBXO31	0.3316	0.38513	0.44518	0.0019355	5505	6
NAP1L2	0.089087	0.38435	0.68805	0.00071828	5506	6
PLK2	0.3281	0.38431	0.43942	0.0023337	5507	6
FGFBP3	0.52262	0.3842	0.22889	0.0011503	5508	6
SLC29A4	0.48924	0.38351	0.26917	0.0015093	5509	6
RTBDN	0.59006	0.38338	0.14886	0.000858	5510	6
SIX4	0.22497	0.38333	0.57927	0.0013139	5511	6
CLCC1	0.42088	0.38308		0.002467	5512	6
SEPT9	0.46242	0.38299	0.29899	0.0018162	5513	6
KCTD4	0.52416	0.38287	0.2261	0.0012928	5514	6
BMS1P1	0.23744	0.38269	0.51527	0.0013821	5515	6
PRPF4B	0.084589	0.38237	0.70323	0.00075854	5516	6
C6orf120	0.28775	0.38212		0.0013878	5517	6
SH3RF3	0.39629	0.38136		0.0019361	5518	6
RTN2	0.29973	0.38119	0.47443	0.0018784	5519	6
LOC729737	0.19837	0.38109	0.59715	0.0011022	5520	6
SCCPDH	0.52713	0.38081	0.23352	0.00148	5521	6
NDUFAF8	0.68818	0.38062	0.022583	0.00070191	5522	6
ZNF789	0.33002	0.3805	0.4306	0.0024139	5523	6
PUM1	0.40787	0.38048		0.0024827	5524	6
COA1	0.43062	0.38011		0.0025691	5525	6
ACTR1B	0.18407	0.37928	0.60819	0.00089359	5526	6
CD8A	0.51805	0.3792	0.22784	0.0015552	5527	6
SPAG4	0.16079	0.37899	0.66299	0.00099011	5528	6
F7	0.31541	0.37843	0.45066	0.0020341	5529	6
STX17-AS1	0.49494	0.37823	0.2481	0.001272	5530	6
CWC25	0.25511	0.37809		0.0013903	5531	6
FAM126B	0.20894	0.37759	0.55805	0.0012398	5532	6
UBXN2B	0.42076	0.37728		0.0026476	5533	6
GPR61	0.22341	0.37722	0.55098	0.0011475	5534	6
CDH1	0.44536	0.37583		0.0017751	5535	6
EPHB2	0.22283	0.37486	0.5553	0.001412	5536	6
RALY	0.27941	0.37477	0.48522	0.0015494	5537	6
OPRK1	0.54016	0.37466	0.20687	0.0014714	5538	6
LYSMD4	0.032945	0.37361	0.72311	0.00061587	5539	6
SENP6	0.4536	0.37318		0.0016444	5540	6
HTT	0.47516	0.37317		0.0016019	5541	6
LOC390705	0.49776	0.37311	0.24373	0.0012733	5542	6
IPO13	0.42819	0.37276		0.0017818	5543.5	6
SLAIN2	0.27626	0.37276	0.4846	0.0014327	5543.5	6
ERP44	0.10457	0.37269	0.63372	0.00078937	5545	6
CALM2	0.46486	0.3725		0.001804	5546	6
RRP1B	0.30465	0.3721		0.0019428	5547	6
KLHL11	0.13528	0.372	0.60593	0.00088714	5548	6
SNX27	0.32571	0.37187	0.42562	0.0023369	5549	6
ALDH1A3	0.2447	0.36944	0.5133	0.0013527	5550	6
FAM212A	0.55534	0.3684	0.17447	0.0010847	5551	6
SLK	0.29552	0.36774		0.0022522	5552	6
SLC39A13	0.13949	0.36755	0.66132	0.00095385	5553	6
PRR14	0.23499	0.36715	0.50386	0.0012872	5554	6
HMGCL	0.6754	0.36695	0.054018	0.00069878	5555	6
PARP16	0.25796	0.36693	0.47746	0.0016579	5556	6
RNF144A	0.20914	0.36674	0.51525	0.0013021	5557	6
ZNF420	0.27017	0.36529		0.0016009	5558	6
WDSUB1	0.30448	0.36402	0.42255	0.0023233	5559	6
OIP5-AS1	0.029715	0.36401	0.80341	0.00058862	5560	6
PFKP	0.30095	0.36371		0.0024149	5561	6
ASB13	0.15136	0.36345	0.6376	0.0008823	5562	6
ESD	0.59077	0.36318	0.12269	0.00091173	5563	6
ZNF710-AS1	0.48698	0.36315	0.23336	0.0015628	5564	6
BICDL2	0.29541	0.36283	0.43893	0.0019044	5565	6
SPTBN5	0.26974	0.36278	0.47025	0.0017228	5566	6
FLJ30901	0.319	0.36186	0.40771	0.0022189	5567	6
STK39	0.37632	0.36125	0.34492	0.0027225	5568	6
CAPG	0.55062	0.36109	0.13362	0.00081377	5569	6
SOX4	0.42678	0.36058	0.29332	0.002244	5570	6
KIAA1522	0.39298	0.35985	0.32879	0.002442	5571	6
GLYR1	0.33024	0.35906		0.0019309	5572	6
ERH	0.52412	0.35843	0.1733	0.001101	5573	6
ANO10	0.40071	0.35834	0.31498	0.0019148	5574	6
HRCT1	0.29911	0.35811		0.0018721	5575	6
COL5A1	0.20654	0.35801	0.5063	0.0011236	5576	6
TPRG1L	0.49071	0.35746		0.0014035	5577	6
ME1	0.60501	0.35738	0.11902	0.00093337	5578	6
B3GAT1	0.47482	0.3573	0.23167	0.0014876	5579	6
PLCB4	0.25268	0.35714	0.47891	0.0014417	5580	6
HSPA12A	0.3174	0.35605	0.39855	0.0025326	5581	6
SPECC1L	0.26905	0.35599	0.45705	0.0019008	5582	6
INPP5K	0.50077	0.35591	0.19732	0.001067	5583	6
RAB3IL1	0.42817	0.3535	0.27703	0.0019526	5584	6
PRB1	0.17453	0.35144	0.52599	0.0010563	5585	6
ASAP2	0.29559	0.35067	0.41499	0.0019312	5586	6
CBWD5	0.27091	0.34985		0.0019441	5587	6
GBE1	0.34467	0.34868	0.35291	0.0027354	5588	6
LOC100996385	0.38366	0.34847	0.31131	0.0016224	5589	6
WDR4	0.2871	0.34698		0.0017913	5590	6
FAM91A1	0.24079	0.34581		0.0016825	5591	6
OXSR1	0.15446	0.34485	0.5555	0.0010605	5592	6
OGG1	0.50936	0.34477	0.15599	0.0010236	5593	6
TTC12	0.32952	0.34476		0.0020729	5594	6
SUPV3L1	0.26414	0.34312		0.001731	5595	6
NPHP4	0.24379	0.34259		0.0013244	5596	6
RIT1	0.43667	0.34221	0.23998	0.00174	5597	6
PURG	0.38479	0.34088		0.0022099	5598	6
TRAIP	0.40442	0.34037	0.27389	0.0018282	5599	6
PPP1R3G	0.46237	0.34027		0.001402	5600	6
PRRT3	0.16826	0.34027	0.54743	0.0010157	5601	6
ZNF546	0.067433	0.34024	0.62223	0.00073421	5602	6
CFC1	0.29728	0.34007	0.38841	0.0015529	5603	6
ZBTB2	0.28758	0.33955		0.0020664	5604	6
ROBO3	0.41303	0.33866		0.0014993	5605	6
ZNF707	0.24752	0.33863		0.0014304	5606	6
CD274	0.21985	0.33852	0.48083	0.0013625	5607	6
CLK3	0.084944	0.33847	0.63547	0.00076835	5608	6
TSHZ1	0.25085	0.33825	0.42689	0.0017524	5609	6
RBSN	0.46466	0.33791		0.0013174	5610	6
REPS1	0.052004	0.33774	0.67948	0.0006573	5611	6
INTS4P1	-0.025626	0.33732	0.7982	0.0005726	5612	6
NECTIN2	0.4471	0.33726		0.0014005	5613	6
UQCRFS1	0.49199	0.33722	0.17885	0.0014227	5614	6
RACGAP1	0.10239	0.33608	0.62674	0.00072106	5615	6
CKAP2	0.2652	0.33583	0.4167	0.0018847	5616	6
MST1R	0.30046	0.33467	0.37101	0.0016835	5617	6
STMN3	0.42962	0.33426		0.0017068	5618	6
LHFPL4	0.27619	0.33403		0.0014166	5619	6
TMEM9B	0.39612	0.33343		0.0021821	5620	6
SUPT4H1	0.51649	0.33316		0.0012198	5621	6
NUTF2	0.47969	0.33314	0.17612	0.001199	5622	6
SEMA3B-AS1	0.33405	0.33196		0.0019591	5623	6
PSMC2	0.34441	0.33182		0.0026905	5624	6
LPGAT1	0.23304	0.33097	0.43345	0.001245	5625	6
OR4D10	0.34248	0.33091		0.0019003	5626	6
CCDC71L	0.36686	0.33067	0.29359	0.0018443	5627	6
TNKS1BP1	0.43066	0.33035		0.0015609	5628	6
LRFN4	0.30256	0.33018	0.35938	0.0021439	5629	6
DHCR7	0.42209	0.33016	0.23245	0.0017682	5630	6
TNIP2	0.36994	0.33006		0.0019875	5631	6
CSAG3	0.31018	0.32828		0.0023248	5632	6
POMT2	0.089709	0.32705	0.57537	0.00082962	5633	6
ZNF219	0.45636	0.32669	0.19057	0.0013107	5634	6
DDX18	0.28654	0.32547		0.0016977	5635	6
NR1H2	0.18505	0.32464	0.48621	0.0012432	5636	6
MYC	0.22421	0.32431	0.44005	0.0016235	5637	6
TRERF1	0.14139	0.32388	0.51779	0.00093037	5638	6
RAB37	0.19222	0.32383	0.4806	0.0012823	5639	6
SH3PXD2B	0.42451	0.32279	0.21295	0.0011565	5640	6
LIN7A	0.22694	0.32209	0.42002	0.0014797	5641	6
DDX54	0.43917	0.32121	0.19371	0.0013687	5642	6
CCDC130	0.12248	0.31988	0.53709	0.0010081	5643	6
LOC644794	0.39247	0.31978		0.0015106	5644	6
C1orf220	0.41668	0.31965	0.2194	0.0014426	5645	6
DLG2	0.52712	0.31942	0.068536	0.00078032	5646	6
ZNF841	0.22813	0.31878		0.001696	5647	6
VASH1	0.38784	0.318		0.0014476	5648	6
CEP192	0.065872	0.31798	0.5612	0.00071525	5649	6
ZBTB39	0.20165	0.3177	0.44058	0.0012593	5650	6
PRDX6	0.51846	0.31749	0.082672	0.00081361	5651	6
ERI1	0.25999	0.31745		0.0017029	5652	6
HINT2	0.42399	0.31685	0.2033	0.0014901	5653	6
ETS1	0.14011	0.31657	0.50941	0.00095549	5654	6
CFP	0.2882	0.31629	0.34652	0.002408	5655	6
NEFH	0.23171	0.3143	0.40878	0.0015954	5656	6
IFFO1	0.12374	0.3142	0.55973	0.00087267	5657	6
PABPC5	0.27915	0.31413		0.002425	5658	6
CACUL1	0.53371	0.31408	0.059189	0.00076285	5659	6
LDLRAD4	0.24871	0.31362	0.38457	0.0018513	5660	6
SNHG21	0.32243	0.31299	0.30458	0.0022687	5661	6
VPS37B	0.39734	0.31289	0.22314	0.001334	5662	6
ARL14EP	0.38679	0.31194		0.0017093	5663	6
SLC7A5P2	0.21795	0.3117		0.0017077	5664	6
ABCB8	0.34453	0.31071		0.0019489	5665	6
TBR1	0.089727	0.3107	0.56932	0.00076095	5666	6
RDH10	0.46542	0.30988	0.14811	0.0010717	5667	6
SPATA22	0.25691	0.3097	0.3703	0.0016104	5668	6
MSANTD3	0.30812	0.30897		0.0022832	5669	6
SUN1	0.19535	0.30896	0.42122	0.0013419	5670	6
AATF	0.32801	0.30889	0.28856	0.0025129	5671	6
TSEN15	0.11621	0.30837	0.48947	0.000938	5672	6
PDLIM2	0.33269	0.30808	0.2826	0.0020928	5673	6
TMEM161B	0.22167	0.30643		0.0015205	5674	6
SRI	0.47379	0.30619	0.13235	0.0010615	5675	6
CGGBP1	0.2711	0.30601		0.001572	5676	6
PSMA5	0.4418	0.3056		0.0013756	5677	6
UG0898H09	0.50915	0.30543	0.063528	0.00070655	5678	6
FANCM	0.18388	0.30519	0.44214	0.00093068	5679	6
CAVIN2	0.25287	0.30413	0.36018	0.0017466	5680	6
ZNF534	0.2944	0.30372		0.0017138	5681	6
CENPW	0.50255	0.30351	0.053795	0.00072528	5682	6
PNKD	0.23289	0.30347	0.38487	0.0016309	5683	6
FAM45BP	0.37728	0.30224		0.0017149	5684	6
CISD3	0.43933	0.30213	0.15417	0.0012689	5685	6
RPS6KL1	0.22077	0.30209		0.0012897	5686	6
DMGDH	0.54138	0.30206	0.053869	0.00081419	5687	6
SH3BGR	0.5288	0.30204	0.052528	0.00074759	5688	6
KRT14	0.38259	0.30123	0.21635	0.001586	5689	6
SOWAHA	0.42209	0.30097	0.16864	0.0012619	5690	6
TBC1D26	0.40906	0.30071	0.18244	0.0013062	5691	6
EGFEM1P	0.32999	0.30017	0.27051	0.001432	5692	6
LOC100133091	0.15648	0.29925	0.45708	0.00092817	5693	6
ELP2	0.20111	0.29904	0.39492	0.0013271	5694	6
CCDC112	0.40667	0.29881	0.1795	0.0011374	5695	6
ZNF70	0.19479	0.29869		0.0013764	5696	6
SRSF1	-0.00026461	0.29788	0.54791	0.00062124	5697	6
PTGDR2	0.25441	0.29781	0.34659	0.0018464	5698	6
HSPB6	0.24511	0.2976	0.35735	0.0016829	5699	6
SHF	0.36806	0.29734	0.22274	0.001455	5700	6
BLID	0.31475	0.2967		0.0018681	5701	6
SLC36A1	0.14066	0.29653	0.45797	0.0010298	5702	6
MYCNOS	0.48945	0.29612	0.07973	0.00079517	5703	6
SLC38A6	0.13942	0.29597		0.0010139	5704	6
ZNF781	0.19823	0.29572	0.39358	0.001421	5705	6
RPP25L	0.31428	0.29234	0.26912	0.0021125	5706	6
DLG1	0.18827	0.29231		0.0010872	5707	6
TNKS2	0.31822	0.29111	0.26422	0.0018613	5708	6
EIF2AK1	0.2118	0.29068		0.0015327	5709	6
ABCA2	0.27457	0.29004		0.0018219	5710	6
FZD7	0.35835	0.28881	0.21543	0.001399	5711	6
RPS14	0.44524	0.28877		0.0011191	5712	6
RTN4	0.22661	0.28863	0.35585	0.0011924	5713	6
RIF1	0.19646	0.28847	0.37881	0.0014674	5714	6
HIST1H4H	0.21864	0.28843		0.0014573	5715	6
KDM5A	0.1994	0.28815		0.0015338	5716	6
FLVCR1-AS1	0.35031	0.28763	0.22062	0.0018408	5717	6
CSAG1	0.29924	0.2872	0.2748	0.0019409	5718	6
TNFRSF21	0.27939	0.28712	0.29582	0.0024659	5719	6
GNL3L	0.14537	0.2869	0.43173	0.00088422	5720	6
ZNF252P	0.19427	0.2863	0.38094	0.001171	5721	6
ASPHD2	0.34565	0.28618	0.22558	0.0016557	5722	6
PPP1R26	0.36492	0.28386	0.20046	0.0015084	5723	6
NSUN6	0.33098	0.28386	0.23551	0.0019038	5724	6
C2orf72	0.27877	0.28341		0.0020121	5725	6
ZBTB14	0.25096	0.2831		0.0013545	5726	6
COX5A	0.29018	0.2823		0.0018989	5727	6
LRRC9	0.19787	0.28213	0.37888	0.0012064	5728	6
LRRC59	0.20313	0.28179	0.37238	0.0013158	5729	6
CELF1	0.25349	0.28175	0.31157	0.0019242	5730	6
WDR12	0.2304	0.2816		0.001691	5731	6
CCDC148	0.39787	0.28102	0.14991	0.0011767	5732	6
E2F5	0.41629	0.28061	0.12682	0.0009251	5733	6
SETX	0.16238	0.28056		0.0010027	5734	6
FAM189B	0.27995	0.28045	0.28113	0.0022651	5735	6
CCNB1	0.2478	0.27945	0.31476	0.0020589	5736	6
ABCG4	0.16488	0.27842	0.40963	0.0012225	5737	6
TPGS2	0.27986	0.27647	0.27316	0.001746	5738	6
SPDL1	0.32054	0.27639		0.001523	5739	6
FANCA	0.17129	0.27612	0.38333	0.0011656	5740	6
LINC02482	0.54274	0.27569	-0.051015	0.00052024	5741	6
ANKRD65	0.17351	0.27506	0.38479	0.00093815	5742	6
LRRFIP2	0.14302	0.27306		0.0011122	5743	6
HIF1AN	0.21208	0.27272		0.0015699	5744	6
HIST1H1D	0.090599	0.27219	0.45245	0.00078042	5745	6
GSDMB	0.1479	0.27204	0.40032	0.0010494	5746	6
DNAJC1	0.37844	0.26999	0.16244	0.001216	5747	6
RGS16	0.16783	0.26978		0.001175	5748	6
APBB2	0.25674	0.26937		0.0015521	5749	6
INO80	0.1981	0.2692		0.001344	5750	6
EVA1C	0.24544	0.26845		0.0017108	5751	6
MSI2	0.42194	0.26749	0.097185	0.00082982	5752	6
FBXL18	0.39392	0.26733	0.13729	0.0011819	5753	6
C12orf57	0.18544	0.26696	0.35668	0.0010593	5754	6
KIF21A	0.18064	0.26686	0.36269	0.001202	5755	6
ZHX3	0.25038	0.26517		0.0018834	5756	6
LSM7	0.49168	0.26499	0.029134	0.00072183	5757	6
VAMP7	0.36803	0.26471	0.15485	0.0012886	5758	6
HTATSF1	0.46459	0.26468	0.050913	0.00070705	5759	6
UGP2	0.25261	0.26464	0.27808	0.0017055	5760	6
CPT1C	0.37689	0.26457	0.13997	0.00098523	5761	6
RND3	0.36255	0.26393		0.0012146	5762	6
TMEM125	0.24459	0.26301		0.0014441	5763	6
KPTN	0.33692	0.26262		0.0012326	5764	6
TAS2R43	0.084101	0.26218	0.4242	0.00088657	5765	6
HELQ	0.099831	0.26168	0.44054	0.00078402	5766	6
PHLDA3	0.22481	0.26022	0.29997	0.001608	5767	6
GSTM5	0.42392	0.25967	0.081277	0.00085234	5768	6
SLC43A1	0.1718	0.25872		0.0011107	5769	6
GLRX2	0.15426	0.25861	0.37949	0.0012304	5770	6
RPL36	0.40623	0.25856	0.093607	0.00090801	5771	6
FAM209A	0.19616	0.25819		0.0014625	5772	6
RBM25	0.18377	0.25797	0.3344	0.0014463	5773	6
PLEKHA3	0.30636	0.25733		0.0014183	5774	6
PDCL3P4	0.12727	0.25468	0.39703	0.00091798	5775	6
MRVI1-AS1	0.20994	0.2545	0.3021	0.0011994	5776	6
SERPINE2	0.30634	0.25394		0.0019221	5777	6
AKAIN1	0.16944	0.25281	0.34633	0.001317	5778	6
OXA1L	0.19476	0.25268	0.31834	0.0013363	5779	6
ASXL2	0.33874	0.2524		0.001246	5780	6
LACC1	0.18981	0.25233		0.0013232	5781	6
PLCB1	0.025053	0.25231	0.5277	0.00054128	5782	6
NBDY	0.4686	0.251	-0.0077942	0.00059293	5783	6
SYT3	0.17771	0.25055	0.33387	0.0012488	5784	6
UBL5	0.52931	0.25035	-0.071133	0.00052622	5785	6
RAD54B	0.079701	0.25031	0.45945	0.00071737	5786	6
ACER3	0.15627	0.25025	0.35091	0.0010418	5787	6
ZYX	0.059135	0.25005	0.49345	0.0007066	5788	6
SLC2A4RG	0.38046	0.24983	0.10857	0.0009901	5789	6
MLH3	0.17837	0.24959		0.0013326	5790	6
GOLT1A	0.38747	0.2493	0.087843	0.00074111	5791	6
CREM	0.52539	0.24872	-0.02615	0.00056753	5792	6
MXRA5	0.23218	0.24853	0.26711	0.0019592	5793	6
HPF1	0.20161	0.24848		0.0013342	5794	6
AMMECR1L	0.16298	0.24785		0.0010688	5795	6
HCRT	0.17283	0.24639		0.0014101	5796	6
DDX52	0.15547	0.24593	0.34726	0.0012378	5797	6
VSIG8	0.24295	0.24516		0.0013727	5798	6
SLC35A5	0.14218	0.24496		0.0011545	5799	6
DUSP18	0.32216	0.24463	0.16204	0.0010395	5800	6
MARCH7	0.19756	0.24437		0.0016913	5801	6
PLB1	0.40616	0.2441	0.054699	0.00074184	5802	6
STAC2	0.098393	0.24407	0.41933	0.00094114	5803	6
DOCK6	0.30987	0.24214		0.001325	5804	6
MFSD14A	0.27566	0.24122		0.00152	5805	6
ZNF580	0.36618	0.23997	0.10497	0.00082925	5806	6
GLIS1	0.074272	0.23802	0.4067	0.00073879	5807	6
ATP6V0A2	0.036853	0.23799	0.46601	0.00062171	5808	6
ZSWIM4	-0.087001	0.2379	0.63467	0.00041846	5809	6
CENPN	0.26297	0.2378		0.0017208	5810	6
ATP5MC3	0.21549	0.2374		0.0016661	5811	6
PHF8	0.056917	0.23727	0.42141	0.0007019	5812	6
BPHL	0.51083	0.23704	-0.057125	0.00047379	5813	6
DCLRE1C	0.085475	0.23573		0.00079378	5814	6
DCLRE1B	0.36975	0.23558		0.00098242	5815	6
CR2	0.27582	0.23511		0.0015584	5816	6
RAB11FIP2	0.087068	0.235	0.38398	0.00085671	5817	6
GHR	0.32644	0.23465	0.13717	0.0010986	5818	6
CCDC88C	0.36155	0.23452		0.00097478	5819	6
RHOV	0.1541	0.23418	0.32375	0.0010335	5820	6
RPL39L	0.37239	0.23412	0.082696	0.0009385	5821	6
SOST	0.065114	0.23408	0.43772	0.000624	5822	6
DCTD	0.40548	0.2338	0.051248	0.00075112	5823	6
ATP1A4	0.11392	0.23373	0.36975	0.00094784	5824	6
TNXB	0.059971	0.23366		0.00076559	5825	6
FAM229B	0.59085	0.23264	-0.1091	0.00042748	5826	6
EFCAB5	0.29431	0.23248		0.0016023	5827	6
SEMA6D	-0.030927	0.23235	0.46329	0.00055137	5828	6
FAM43B	0.19837	0.23233	0.27	0.0013896	5829	6
PIK3CB	0.0085799	0.23193	0.50217	0.0005501	5830	6
ZNF205-AS1	0.32615	0.23141		0.0013222	5831	6
IL1RAP	0.0069193	0.22978	0.43712	0.00057506	5832	6
TBCD	0.40025	0.22964		0.00073822	5833	6
C12orf42	0.31399	0.22937	0.13779	0.0011557	5834	6
SLA	0.53758	0.22892	-0.13693	0.00039055	5835	6
SDHA	0.14882	0.22862	0.31857	0.0011799	5836	6
SCRN3	0.30506	0.2268	0.14244	0.0012947	5837	6
VASH2	0.16006	0.22634	0.29958	0.001475	5838	6
CCNJ	0.096637	0.226		0.00086065	5839	6
C10orf143	0.22743	0.22592		0.0017921	5840	6
PCDHA11	0.10723	0.22562	0.35159	0.0010112	5841	6
HSPA9	0.30503	0.22491	0.1417	0.0012335	5842	6
EIF5A2	0.042454	0.22433	0.44762	0.00066964	5843	6
ETFB	0.41972	0.22396	0.026026	0.00070084	5844	6
CCNO	0.051806	0.22352	0.39475	0.00060493	5845	6
TMEM200B	-0.10154	0.22339	0.60846	0.00036292	5846	6
PTPRG	0.33891	0.22271	0.09189	0.00089372	5847	6
SLC7A6OS	0.32998	0.22269	0.10911	0.001046	5848	6
MRGBP	0.0093912	0.22245	0.45181	0.00051389	5849	6
THAP12	0.24651	0.22227		0.0011335	5850	6
LIMS2	0.31389	0.22179		0.00091606	5851	6
ZNF790	0.30275	0.22076	0.13283	0.0011819	5852	6
CRTAC1	0.14297	0.22073	0.30834	0.001167	5853	6
MON2	0.065713	0.21846	0.37498	0.00079028	5854	6
WRN	0.24477	0.21766	0.1906	0.0011965	5855	6
BLM	0.25731	0.21696	0.17709	0.0015118	5856	6
UBE2L6	0.3905	0.21695	0.025043	0.00064516	5857	6
MRPL15	0.1678	0.21672	0.27176	0.0013299	5858	6
LSR	0.18782	0.2156		0.0017411	5859	6
FAM98C	0.21783	0.2153		0.0012102	5860	6
ARVCF	0.25148	0.2151		0.001292	5861	6
PDLIM3	0.33549	0.21504	0.080296	0.00069891	5862	6
MAP3K14	0.068122	0.21503	0.38248	0.00080361	5863	6
PAMR1	0.3394	0.21463	0.078147	0.00073162	5864	6
SYTL2	0.37602	0.21379	0.028997	0.00070348	5865	6
NYAP2	0.22885	0.21327	0.19759	0.0016761	5866	6
GABRA2	0.34841	0.21275	0.064102	0.00083428	5867	6
PGAP1	0.3348	0.212	0.071004	0.00068774	5868	6
IPO5P1	0.34915	0.2112	0.054907	0.00078033	5869	6
TMTC4	-0.034997	0.20962	0.47078	0.00043425	5870	6
CCDC120	0.19546	0.20896	0.22233	0.0013885	5871	6
PATE2	0.1111	0.20838	0.30966	0.00094806	5872	6
GOLGA7B	0.14517	0.20822	0.27824	0.0011872	5873	6
NFXL1	0.041711	0.20803	0.3795	0.00067882	5874	6
VAT1L	0.33737	0.2076	0.073804	0.00081189	5875	6
BOD1	0.31478	0.20675		0.00091111	5876	6
CTNNAL1	0.10419	0.20605	0.31428	0.00086374	5877	6
B3GALT2	0.20324	0.20596		0.0012633	5878	6
ZNF404	0.13143	0.20511		0.0010132	5879	6
SLC15A4	0.052639	0.2051	0.38322	0.00070159	5880	6
ZNF460	0.097464	0.20499		0.0010054	5881	6
SFMBT1	0.14861	0.20405		0.0015506	5882	6
CHEK2	0.16359	0.2038	0.24814	0.0011892	5883	6
LRP1B	0.40173	0.20359	-0.005033	0.00052971	5884	6
MTO1	0.17902	0.20351		0.0012307	5885	6
CNOT2	0.10744	0.20255		0.000975	5886	6
COG2	-0.057531	0.20066	0.50672	0.00044302	5887	6
FAM171A1	0.16784	0.19993		0.0014737	5888	6
CYB561A3	0.24812	0.19963		0.0014611	5889	6
GADD45A	0.14384	0.19929		0.0012362	5890	6
GPR85	0.046949	0.1992	0.36724	0.00070438	5891	6
ZNF573	0.193	0.19767		0.001278	5892	6
UNC5B	0.2013	0.19698	0.19232	0.00098348	5893	6
LINC00578	0.28112	0.19673	0.10586	0.0011181	5894	6
NFX1	0.12438	0.19586		0.00099041	5895	6
SPHK2	0.12858	0.19522	0.27028	0.0011523	5896	6
KLHDC1	0.055423	0.1952	0.33005	0.00081614	5897	6
ZGRF1	0.067975	0.19513	0.32102	0.00074339	5898	6
LHX4-AS1	0.13354	0.19509	0.25855	0.0012522	5899	6
PPP4R3A	0.055015	0.19386	0.32773	0.00075179	5900	6
CCNH	0.41376	0.19309	-0.030671	0.00050659	5901	6
CLN6	0.069596	0.19251	0.33577	0.00076506	5902	6
SOX9-AS1	0.38857	0.19229	-0.025789	0.00049677	5903	6
LOC101060391	0.30529	0.1922	0.070483	0.00074759	5904	6
CADPS2	-0.036533	0.19165	0.48326	0.00040409	5905	6
ASPHD1	0.2413	0.18987	0.13456	0.0011455	5906	6
TBXA2R	0.41677	0.18984	-0.042139	0.00049829	5907	6
HNMT	0.29308	0.18845	0.07407	0.00081395	5908	6
ACKR1	0.2235	0.18823	0.15291	0.00095895	5909	6
NLGN3	0.31639	0.18822	0.046412	0.00071425	5910	6
RNFT2	0.12414	0.18706		0.0010576	5911	6
SPEG	0.16387	0.18686	0.21084	0.0012689	5912	6
NCAN	0.30468	0.1866	0.057496	0.00070697	5913	6
SRARP	0.10557	0.18607	0.27741	0.00092982	5914	6
ANXA6	0.13827	0.18606	0.23779	0.0010829	5915	6
LRIF1	0.10249	0.18598		0.00074709	5916	6
PRSS1	0.29403	0.18524	0.077025	0.00095677	5917	6
PLA2G4A	0.16335	0.18408	0.20658	0.00092938	5918	6
UTP14A	0.19436	0.18317		0.00098301	5919	6
PAGR1	0.085151	0.18188	0.28207	0.00092656	5920	6
HEBP1	0.33602	0.18173	-0.0013263	0.0005137	5921	6
KPNA5	-0.037116	0.18161	0.39865	0.00047382	5922	6
ORC5	0.23855	0.18159		0.0012328	5923	6
USP46	0.22585	0.18158	0.13611	0.0013352	5924	6
SS18L1	0.079543	0.18128		0.0008379	5925	6
MCU	0.042048	0.1809	0.31951	0.00061286	5926	6
NDUFA3	0.32571	0.18073	0.034391	0.00080161	5927	6
GRM7	0.14079	0.17937	0.2184	0.0012631	5928	6
SH3BP1	0.1026	0.17848	0.26238	0.0011993	5929	6
FANCL	0.24333	0.17807	0.10858	0.00096076	5930	6
PEX10	0.40713	0.17703	-0.081887	0.00042218	5931	6
RBMX	0.32284	0.1769		0.00062797	5932	6
INTS8	-0.1955	0.17636	0.54685	0.00027475	5933	6
KCNK2	0.36493	0.17577	-0.052346	0.0004362	5934	6
CCDC153	0.31197	0.17521	0.027025	0.0006482	5935	6
RNF165	0.054023	0.17442	0.29918	0.00069284	5936	6
URB1-AS1	0.27533	0.17386		0.00085158	5937	6
KMT5A	0.18406	0.17347		0.0012445	5938	6
RAD21	0.29405	0.17299		0.00066878	5939	6
TMEM182	0.23321	0.17278	0.10871	0.0012105	5940	6
FLRT1	0.41001	0.1724	-0.082134	0.00038629	5941	6
TBCEL	-0.082547	0.17176	0.40358	0.00043142	5942	6
SYCN	0.24137	0.17154		0.0011383	5943	6
ZNF787	0.072908	0.17138	0.27533	0.00068565	5944	6
MAP7D2	0.10512	0.17101	0.24199	0.00093582	5945	6
DZIP1	0.20788	0.16936		0.0011137	5946	6
RPL8	0.29289	0.1693		0.00061256	5947	6
APBA1	0.26911	0.16898	0.062889	0.00094625	5948	6
VCPIP1	0.030249	0.16737	0.30487	0.00062413	5949	6
DUSP7	0.094767	0.16708	0.24338	0.00093837	5950	6
PFN1	0.11394	0.16604	0.22356	0.00091359	5951	6
NIPBL-AS1	0.068062	0.16602	0.26679	0.00087186	5952	6
LRRC55	-0.018608	0.16581	0.35138	0.00051683	5953	6
AQP1	0.18375	0.1652	0.14696	0.00075891	5954	6
TSR1	0.22926	0.16414	0.095758	0.0011	5955	6
ATAD2	0.028098	0.16376	0.28859	0.00067989	5956	6
GFRA2	0.024395	0.16344	0.32357	0.00065745	5957	6
CRYZL1	0.41727	0.1629	-0.1271	0.00034652	5958	6
CLASRP	-0.045872	0.16255		0.00046603	5959	6
C1orf50	0.51484	0.16249	-0.27342	0.00023722	5960	6
LSM14B	0.13031	0.16246		0.0011016	5961	6
PLXNA2	0.035748	0.16195	0.30327	0.00057153	5962	6
HDAC7	0.051501	0.16148	0.27281	0.000735	5963	6
MAX	-0.048966	0.16099	0.37873	0.00044501	5964	6
RBBP6	0.10005	0.15934		0.00096389	5965	6
FAM83D	0.048654	0.15929	0.28568	0.00065968	5966	6
C1orf194	0.23947	0.15921	0.072323	0.00087513	5967	6
ARHGAP4	0.32559	0.1582	-0.042202	0.00041008	5968	6
RALA	0.28961	0.15783	0.016014	0.0006253	5969	6
PSMD7	0.22362	0.15617		0.00092307	5970	6
CTNNBIP1	0.21574	0.15608	0.092054	0.00082704	5971	6
MARCH2	0.10805	0.15608	0.20987	0.00086357	5972	6
CD34	0.14499	0.15597		0.00094014	5973	6
MAT2A	0.027331	0.15584		0.000605	5974	6
FAM171B	0.34275	0.15543	-0.074131	0.0004242	5975	6
DEXI	0.056811	0.1553	0.26958	0.00066308	5976	6
NR2E1	0.28328	0.15508	0.017521	0.00064361	5977	6
PPDPF	0.37211	0.15439	-0.075456	0.00040046	5978	6
CNIH2	0.35269	0.15421	-0.082488	0.00039339	5979	6
DNAL1	0.2444	0.15406	0.054743	0.00063798	5980	6
METTL8	0.23945	0.15276	0.060899	0.00078297	5981	6
C6orf62	0.15571	0.15188		0.00093022	5982	6
ST6GAL1	0.29166	0.15183	0.0056559	0.00058309	5983	6
PDSS1	-0.092252	0.1516	0.41241	0.00035015	5984	6
ARC	-0.064684	0.15155	0.41102	0.00039673	5985	6
LOC105373383	0.23377	0.15087	0.061387	0.00074206	5986	6
ZNF639	0.074497	0.14961		0.00091483	5987	6
TFAM	-0.074438	0.14885	0.43686	0.00035556	5988	6
GALE	0.0092199	0.14874	0.30677	0.00050642	5989	6
TCFL5	0.22656	0.14844	0.063951	0.00078452	5990	6
RASA4CP	0.23966	0.14826	0.047763	0.00061236	5991	6
FAF1	0.086431	0.14724		0.00078601	5992	6
DCUN1D5	0.30291	0.1472	-0.020793	0.00049385	5993	6
ADCY3	-0.027729	0.1468	0.33399	0.00044328	5994	6
ROGDI	0.13154	0.14628		0.00093456	5995	6
RAB40B	0.26472	0.14581	0.0161	0.00062304	5996	6
HBZ	0.27126	0.14567	0.0071185	0.00051452	5997	6
SAP18	0.26349	0.14549	0.023481	0.00065148	5998	6
C3orf14	0.38081	0.14508	-0.093716	0.00038268	5999	6
ADRA2A	0.062329	0.14478	0.22996	0.00067062	6000	6
ZNF417	0.0037337	0.14426		0.00056524	6001	6
EMID1	0.31775	0.14423	-0.053455	0.00038518	6002	6
IGSF1	0.061492	0.14414	0.2308	0.0008635	6003	6
WDPCP	-0.12233	0.14402	0.43646	0.00033175	6004	5
TOP1P2	-0.060047	0.14318	0.35967	0.00036624	6005	5
TATDN1	0.28114	0.14301	0.0025669	0.00057888	6006	5
PSENEN	0.3806	0.14257	-0.11235	0.00031811	6007	5
POU5F1P3	0.11848	0.14025		0.00098376	6008	5
MGC34796	0.16844	0.13939		0.0010697	6009	5
NPFFR2	0.17179	0.13857	0.10549	0.00079197	6010	5
CNOT6	-0.018113	0.13836		0.00049891	6011	5
RPAIN	0.32071	0.13795	-0.040417	0.00044093	6012	5
GNRH2	0.12657	0.13784		0.00061797	6013	5
GKAP1	0.20474	0.13752		0.00085083	6014	5
FNDC4	-0.023792	0.13698	0.33253	0.00041616	6015	5
NPIPB11	-0.0029547	0.13625	0.28148	0.00050758	6016	5
DNAAF1	0.31546	0.13567	-0.068597	0.00037337	6017	5
GLRA2	0.33025	0.13558	-0.10076	0.00036179	6018	5
GPR88	0.26133	0.13534	-0.0087517	0.00052308	6019	5
TIMM23	0.17667	0.13413		0.00092374	6020	5
AAED1	0.25476	0.1339	0.00052911	0.00045704	6021	5
EMSY	-0.13039	0.13378	0.37871	0.00031326	6022	5
KRIT1	-0.12367	0.13359	0.35591	0.00034348	6023	5
RPL31	0.26142	0.13313		0.00060096	6024	5
DENND6A	-0.13995	0.13307	0.42603	0.00028611	6025	5
SETD1B	-0.005601	0.13265	0.27841	0.00049986	6026	5
LOC645752	0.12636	0.13237		0.00085583	6027	5
TARBP2	-0.024653	0.13176	0.30816	0.00039938	6028	5
TMEM87A	0.023897	0.13129		0.00051036	6029	5
FILIP1	0.2655	0.1283	-0.02631	0.00045196	6030	5
CD59	0.095998	0.12825	0.16352	0.00085474	6031	5
CTNNB1	0.075371	0.12783	0.18004	0.00093712	6032	5
TRMT10A	-0.010034	0.12756	0.28668	0.00048193	6033	5
PSMD8	0.24202	0.12732		0.00049351	6034	5
AZIN1	0.24315	0.1273	-0.0026498	0.00054386	6035	5
CHMP1B	0.29003	0.12634	-0.050544	0.00042006	6036	5
WASHC1	-0.042596	0.12601	0.31568	0.00039837	6037	5
TARDBP	-0.12966	0.12593	0.42253	0.00025722	6038	5
SPATA4	0.25474	0.12531		0.00053111	6039	5
TIMM21	0.12757	0.1253		0.00087802	6040	5
CCBE1	0.27643	0.12518	-0.029976	0.00041508	6041	5
ZNF443	-0.018551	0.12457	0.27576	0.00043489	6042	5
MYCT1	0.075164	0.12414	0.1764	0.00080316	6043	5
SETDB2	0.11171	0.12407		0.00082319	6044	5
CCDC84	-0.018217	0.12345	0.26527	0.00048351	6045	5
TNFRSF1A	0.19038	0.12337		0.00062696	6046	5
BHLHE40	-0.094031	0.12307	0.39683	0.0003039	6047	5
BCLAF3	0.23588	0.12283	-0.0032682	0.0004563	6048	5
KRTAP10-1	-0.0019573	0.12273		0.00049054	6049	5
TMEM238	0.2735	0.12155	-0.048902	0.00037148	6050	5
INTS6L	0.037884	0.12139	0.20765	0.00061354	6051	5
TMEM91	0.15103	0.12137	0.090617	0.00083411	6052	5
LOC101928087	-0.046806	0.12118	0.31499	0.00033484	6053	5
SCOC-AS1	0.12768	0.12112		0.0007767	6054	5
OPRL1	0.036277	0.12091		0.00048595	6055	5
BMS1P14	0.21359	0.12001		0.00068535	6056	5
BCL2	0.14915	0.11954	0.08945	0.00092723	6057	5
SFXN1	0.025504	0.11886	0.22262	0.000639	6058	5
COPS9	0.22667	0.1183	0.0058503	0.00059535	6059	5
SHANK2	0.1568	0.11821	0.077665	0.00095644	6060	5
RNF208	-0.038989	0.11804	0.28769	0.00036744	6061	5
PQLC1	0.18491	0.11792	0.047138	0.00080223	6062	5
GALNT12	0.013512	0.11715	0.23489	0.00053029	6063	5
PRPSAP1	0.060742	0.11707		0.00061233	6064	5
TNRC6A	-0.064026	0.11649	0.3064	0.00035603	6065	5
CFL2	0.0020842	0.11627	0.2455	0.00049746	6066	5
C21orf58	0.010693	0.11569	0.23041	0.00053958	6067	5
CAPN1	0.037164	0.11516		0.00061776	6068	5
CDH3	0.13557	0.11514	0.093674	0.00079872	6069	5
CARNS1	0.077734	0.11486		0.00066703	6070	5
ZNF785	0.017326	0.11464	0.21265	0.00053724	6071	5
FZD8	0.27978	0.11365	-0.070964	0.00032273	6072	5
MAG	0.069169	0.11315		0.00061918	6073	5
PTGIS	0.037929	0.113	0.18781	0.0006927	6074	5
SSBP1	0.28139	0.11295	-0.059157	0.00040149	6075	5
SLC44A5	0.0052932	0.11283	0.21975	0.00055255	6076	5
NOTCH4	0.034623	0.11282		0.00058402	6077	5
PIM3	-0.035923	0.11256	0.28925	0.00038823	6078	5
HHIP	0.090647	0.11207		0.00045247	6079	5
ZNF710	0.2654	0.11198		0.0003318	6080	5
CCDC82	-0.01672	0.11184		0.00050863	6081	5
TAS2R5	-0.11825	0.11163	0.31635	0.00031714	6082	5
TXNDC11	0.085682	0.11146		0.000671	6083	5
AGO4	0.010938	0.11018	0.20615	0.00060374	6084	5
HKDC1	0.24729	0.10932	-0.043511	0.00035292	6085	5
ANG	0.17911	0.10864	0.033349	0.00059261	6086	5
FGFR1	0.15098	0.10763	0.062279	0.00059656	6087	5
BRI3BP	-0.0042646	0.10753		0.00043922	6088	5
UBE2N	0.27008	0.10714		0.00038578	6089	5
HS3ST5	0.00072281	0.10701	0.22551	0.00048926	6090	5
MEIS1	0.15451	0.10652	0.05861	0.00054637	6091	5
SELENON	0.19827	0.10651	0.005921	0.00050541	6092	5
PCLAF	0.15057	0.10642	0.059915	0.00068528	6093	5
MORF4L1	0.12162	0.10593		0.00072808	6094	5
MAATS1	0.015606	0.10543	0.19522	0.00055641	6095	5
CRBN	0.076938	0.10501		0.00078241	6096	5
CD24	0.22605	0.10462	-0.033006	0.00036948	6097	5
PCDHB15	-0.055738	0.10434	0.26671	0.00039918	6098	5
SMIM1	0.14538	0.10392		0.00060244	6099	5
LSG1	0.1215	0.10372		0.00086531	6100	5
HNRNPC	0.25678	0.10359	-0.073885	0.00035149	6101	5
MRPL24	0.23495	0.10288		0.00040857	6102	5
AMT	-0.003068	0.10183	0.21206	0.0004721	6103	5
B4GALT6	-0.020873	0.10165	0.23978	0.00040772	6104	5
TMEM42	0.23801	0.10122	-0.039676	0.00040524	6105	5
SLC2A6	-0.02862	0.10121	0.24256	0.00037941	6106	5
SPRTN	-0.020579	0.10114	0.22657	0.00043362	6107	5
PLCG1	0.031193	0.10112	0.17298	0.00061625	6108	5
KCNJ3	-0.13079	0.1007	0.38478	0.00023162	6109	5
TTC3	0.17924	0.10043	0.016906	0.00055178	6110	5
DCTN1-AS1	0.021956	0.10032		0.00050202	6111	5
ZNF615	-0.024628	0.10018	0.22144	0.00042532	6112	5
TAS2R45	-0.059433	0.099799	0.25652	0.00038051	6113	5
RPL36A	0.22926	0.099786		0.00042443	6114	5
ARHGAP27P1	-0.015435	0.099436	0.21256	0.00045321	6115	5
SIPA1L3	0.061862	0.099401	0.1408	0.00072329	6116	5
YWHAE	0.29515	0.098901	-0.12156	0.00026288	6117	5
TFB1M	-0.0025009	0.098268	0.20974	0.00045227	6118	5
LINC00319	0.29087	0.098166		0.00027676	6119	5
SYNGR4	0.17675	0.097664		0.0005212	6120	5
GTF3C3	-0.15794	0.09679	0.36698	0.00021255	6121	5
TMEM204	-0.012843	0.096624	0.22226	0.0003975	6122	5
CIB2	0.30619	0.095849	-0.13536	0.00023075	6123	5
FAM216A	-0.0685	0.095633	0.29542	0.00029643	6124	5
NXN	0.29904	0.094715	-0.13769	0.00024015	6125	5
E4F1	-0.041003	0.094517	0.23426	0.00032063	6126	5
PHIP	0.032738	0.094252	0.15724	0.00064504	6127	5
DHRS7	0.077798	0.093923	0.11131	0.00074673	6128	5
ZNF530	0.058038	0.093905		0.00061608	6129	5
OAT	0.10851	0.093688		0.0005539	6130	5
NOX4	0.037784	0.093614	0.15423	0.00054006	6131	5
PALM	0.24184	0.093591	-0.073542	0.00032038	6132	5
PWAR5	-0.17391	0.09157	0.35273	0.00021843	6133	5
XBP1	-0.029009	0.090737		0.00035626	6134	5
CRTC2	-0.084495	0.089982	0.26275	0.00027656	6135	5
MRS2	-0.19025	0.089836	0.40741	0.00018992	6136	5
MIS18A	-0.0021083	0.089435	0.1854	0.00034208	6137	5
C11orf58	0.061499	0.08938		0.00053491	6138	5
SMIM2-AS1	0.095207	0.089077		0.00059814	6139	5
CDHR1	0.15231	0.088408	0.020296	0.00040154	6140	5
RPS19BP1	0.1411	0.088382	0.032186	0.00052019	6141	5
LOC100286906	0.079481	0.087549	0.096376	0.00063899	6142	5
NR1D1	-0.038912	0.086649	0.21772	0.00033718	6143	5
N4BP2	0.0046487	0.085445	0.16848	0.00050128	6144	5
RPL24	0.20209	0.084482		0.00037641	6145	5
SLC8A3	0.1201	0.084379		0.00046207	6146	5
CXADRP3	0.11155	0.084364	0.05662	0.00047298	6147	5
CADM1	0.25165	0.083581	-0.11362	0.00024297	6148	5
HAAO	0.016116	0.083142	0.15299	0.00045944	6149	5
KMT2E	-0.096171	0.082251	0.25775	0.00027237	6150	5
PRKAG2	0.11998	0.082097	0.04282	0.00057174	6151	5
DAW1	0.24167	0.081867	-0.070986	0.00034823	6152	5
C14orf132	0.12784	0.081436	0.032352	0.00059963	6153	5
TMEM229A	0.050675	0.08079	0.11345	0.00039786	6154	5
TMEM219	0.23471	0.080629	-0.078429	0.00027956	6155	5
FRZB	0.050986	0.080288	0.11188	0.00054766	6156	5
IGFBP3	0.045892	0.079996		0.00050398	6157	5
MAML1	-0.079629	0.078262	0.23559	0.00029016	6158	5
NAPA	-0.018216	0.07803	0.18062	0.00036117	6159	5
TMEM140	0.014247	0.077092		0.0004179	6160	5
SLIT3	0.23002	0.075401	-0.097712	0.00022207	6161	5
SLC7A5	0.015119	0.075395		0.00039188	6162	5
EVPL	0.043895	0.074859		0.00034546	6163	5
CHAC1	-0.014886	0.074775	0.1733	0.00032039	6164	5
SLC12A2	-0.016197	0.073735	0.17003	0.00032528	6165	5
MRPS16	0.29819	0.072454	-0.16202	0.0001792	6166	5
CYCS	0.056581	0.071706	0.088178	0.00058701	6167	5
MRPL16	-0.059779	0.071601	0.22452	0.00023861	6168	5
WDR77	0.18523	0.069465		0.00030113	6169	5
TLK1	0.11588	0.069072	0.021123	0.0004549	6170	5
ZFYVE26	-0.045044	0.068713	0.18056	0.00031012	6171	5
C11orf24	-0.019012	0.068462	0.16179	0.00035985	6172	5
ZBTB1	-0.14283	0.068391	0.34223	0.00016597	6173	5
SERPINB8	0.24135	0.068155	-0.10331	0.00022513	6174	5
DIAPH3	0.24943	0.068076	-0.13931	0.00017036	6175	5
FZD1	0.30279	0.068001	-0.23791	0.00013498	6176	5
LRRC32	0.038228	0.067939		0.00038245	6177	5
MMD	0.3823	0.067915	-0.36937	0.00010948	6178	5
TCTEX1D1	-0.15591	0.06787	0.34404	0.00015936	6179	5
ANKS1B	0.020606	0.067759	0.11628	0.00041025	6180	5
HNRNPD	0.048781	0.067722		0.00042445	6181	5
GRHPR	0.071624	0.067675		0.00047455	6182	5
BAK1	-0.098167	0.067567	0.26034	0.00021963	6183	5
SSC4D	0.17907	0.066687	-0.048663	0.00028832	6184	5
RGS20	0.35899	0.066681	-0.25784	0.00013065	6185	5
TMEM191A	0.025448	0.066221		0.0004083	6186	5
LOC646938	2.1333e-05	0.066033		0.00032268	6187	5
NIM1K	-0.033636	0.065737	0.16717	0.0003237	6188	5
TGM2	0.0049641	0.065538		0.00030553	6189	5
ARID1A	0.070204	0.063655		0.00048022	6190	5
ANKRD37	-0.073681	0.063623	0.22537	0.00023015	6191	5
ZNFX1	-0.11499	0.063456	0.26105	0.00018878	6192	5
ING5	0.059595	0.063245		0.00044866	6193	5
DHX32	-0.044639	0.062975		0.00028036	6194	5
CELSR2	-0.072313	0.062903	0.20421	0.00022966	6195	5
ARMT1	-0.031074	0.062155	0.16745	0.00026149	6196	5
SCAF4	0.0014349	0.062		0.00030096	6197	5
NHLRC2	-0.20184	0.060762	0.30005	0.00014873	6198	5
LOC101928424	0.18755	0.059929	-0.082057	0.00023813	6199	5
MFF	-0.0069657	0.059909	0.1343	0.00028269	6200	5
EFEMP1	0.16842	0.056378	-0.067948	0.00021974	6201	5
NFATC1	0.19985	0.055955	-0.10385	0.0001815	6202	5
CCDC80	0.038273	0.055608	0.073783	0.00035174	6203	5
ELF2	-0.031291	0.055359		0.00026727	6204	5
IL4R	0.086248	0.054748	0.021146	0.00026158	6205	5
SIRT1	-0.055033	0.053468		0.00025371	6206	5
HES5	0.18937	0.051451	-0.10773	0.00016134	6207	5
FAM198B	-0.04428	0.051433	0.14732	0.00023769	6208	5
LRRC8D	-0.03923	0.050192	0.14407	0.00020698	6209	5
THOC6	0.012512	0.050182		0.00025643	6210	5
PABPC4	0.11712	0.0495		0.00024186	6211	5
HELZ	-0.14509	0.04925	0.25743	0.00014123	6212	5
C1orf216	0.1395	0.049231		0.0002453	6213	5
RAB34	0.20354	0.049192	-0.12428	0.00016057	6214	5
NT5C	0.064744	0.049165		0.00023139	6215	5
TLDC1	0.13767	0.048469	-0.045114	0.00020855	6216	5
B4GALNT4	0.10864	0.048045		0.00031679	6217	5
NUP107	-0.14063	0.047369		0.00014973	6218	5
TMEM171	-0.0090797	0.046861		0.00017941	6219	5
CBFA2T2	-0.016117	0.046845		0.00026983	6220	5
WNT2B	0.058355	0.045314	0.03227	0.00027999	6221	5
HIPK1	-0.010644	0.045138		0.00033295	6222	5
URI1	0.07043	0.044773		0.00025085	6223	5
THAP10	-0.1905	0.044389	0.35088	9.3162e-05	6224	5
LOC202181	0.02063	0.043427	0.067586	0.00031605	6225	5
CEP250	-0.044587	0.04327		0.00014673	6226	5
CELF2	-0.095697	0.042803	0.20227	0.00015005	6227	5
TRMT9B	-0.29108	0.042566	0.3487	8.1728e-05	6228	5
ANKRD19P	0.16385	0.042562	-0.096566	0.00014675	6229	5
ZBTB34	-0.23473	0.042452	0.35858	8.619e-05	6230	5
ASAP1-IT2	-0.013017	0.042285	0.1015	0.00029797	6231	5
FBXO2	0.31021	0.041376	-0.25986	8.8377e-05	6232	5
SAMD8	0.12034	0.041295		0.00022055	6233	5
GALM	0.22069	0.041265	-0.14505	0.00011898	6234	5
NAA11	0.1955	0.041019		0.00014535	6235	5
NDUFAF4P1	0.083362	0.04019		0.00025794	6236	5
RAD1	0.11447	0.039703		0.00022208	6237	5
NCOA6	0.029446	0.038755		0.00026946	6238	5
ASPDH	-0.075117	0.038544	0.16384	0.00013097	6239	5
ENO1	0.23117	0.037239	-0.16496	0.00010384	6240	5
KIF11	-0.07598	0.037142	0.15667	0.0001312	6241	5
SH3BGRL3	0.16597	0.036113	-0.093651	0.00015241	6242	5
CCDC78	-0.15719	0.035391	0.24726	0.00010802	6243	5
MRPS11	0.14289	0.035106		0.00018498	6244	5
CENPBD1P1	-0.064773	0.035035		0.00015857	6245	5
MRPS22	-0.0027999	0.034126		0.00021975	6246	5
RAB11A	0.12689	0.033959	-0.061188	0.00018651	6247	5
ZNF555	-0.20689	0.033146	0.26677	8.9621e-05	6248	5
USP49	-0.04475	0.03215	0.11233	0.00018043	6249	5
AMY2A	-0.014277	0.031778		0.00019539	6250	5
C1orf123	0.13569	0.030965		0.0001523	6251	5
UBA6	-0.036423	0.030741		0.00021399	6252	5
SAPCD2	0.083982	0.030539	-0.026773	0.00015311	6253	5
TPPP3	0.12197	0.030536	-0.067289	9.6523e-05	6254	5
TMEM127	-0.18196	0.030167	0.29426	7.0252e-05	6255	5
ZBTB8A	-0.02006	0.029948	0.082824	0.00018031	6256	5
MCF2L-AS1	-0.13882	0.02947	0.22626	9.3415e-05	6257	5
CPS1	-0.0073978	0.028646		0.00018012	6258	5
CD151	0.13191	0.028562	-0.079016	0.00012534	6259	5
SP100	0.12036	0.028254		0.00014722	6260	5
SOBP	0.12554	0.028208	-0.080226	0.00013026	6261	5
SERAC1	-0.11943	0.028162	0.17688	0.00010558	6262	5
UCHL5	-0.14946	0.02805	0.23591	7.9422e-05	6263	5
TAS2R14	-0.33538	0.027672	0.40824	4.5878e-05	6264	5
NRXN2	0.059391	0.026226	-0.00919	0.00015079	6265	5
ZNF767P	-0.13658	0.024999	0.19116	8.8876e-05	6266	5
BICD1	-0.10505	0.024359	0.1661	9.3776e-05	6267	5
LONP2	0.033022	0.02408		0.00011766	6268	5
MOGS	-0.052765	0.02395		0.0001116	6269	5
AVEN	0.043688	0.023116	0.0012899	0.00018065	6270	5
ADAMTS5	-0.10931	0.022978	0.17632	7.1895e-05	6271	5
CALHM6	0.20049	0.021514	-0.19545	6.5132e-05	6272	5
TOMM40	-0.04397	0.020919	0.091023	9.9768e-05	6273	5
METTL5	0.2792	0.020808	-0.28084	4.7663e-05	6274	5
RNF113A	-0.11995	0.020051	0.18544	6.5924e-05	6275	5
CEP95	-0.25001	0.019165	0.28197	4.4233e-05	6276	5
FAAP100	-0.073137	0.01881	0.11182	0.0001072	6277	5
LRCH2	0.10468	0.01829	-0.075986	9.9239e-05	6278	5
WIPF3	-0.012763	0.017723	0.049473	0.00012806	6279	5
PTPN13	0.11416	0.016294		7.5363e-05	6280	5
SUDS3	0.0046806	0.016273		0.00012413	6281	5
NQO2	0.015915	0.015927		0.00011285	6282	5
ECHDC1	0.11324	0.015816		6.616e-05	6283	5
LPP	0.090592	0.015407	-0.06513	7.3409e-05	6284	5
PLSCR4	0.18369	0.015399	-0.17466	4.3955e-05	6285	5
RWDD2B	-0.12564	0.015237	0.17891	4.6168e-05	6286	5
ZNF518B	0.0067969	0.013319		9.9087e-05	6287	5
MFAP4	0.11828	0.012624	-0.10434	4.9114e-05	6288	5
CLVS2	-0.19615	0.012207	0.22887	3.6251e-05	6289	5
SOSTDC1	-0.054651	0.012012		6.8735e-05	6290	5
PTPRN2	0.15874	0.011692	-0.147	3.5647e-05	6291	5
SLC16A2	0.20028	0.011569	-0.22787	2.9547e-05	6292	5
SUGT1P3	0.068642	0.01039	-0.052887	5.9551e-05	6293	5
HCG23	0.11776	0.0092249	-0.11423	3.6319e-05	6294	5
LRRC38	-0.068813	0.0084341	0.094471	4.3578e-05	6295	5
CLIP3	0.063028	0.008185		4.8571e-05	6296	5
ZDBF2	-0.025336	0.0080729		5.1019e-05	6297	5
RBM20	-0.1047	0.0076106	0.12819	3.5155e-05	6298	5
ARHGAP9	-0.10376	0.007227	0.13403	2.798e-05	6299	5
ANXA3	-0.030319	0.0067227	0.046575	4.0708e-05	6300	5
ANKH	-0.20102	0.0058224	0.26943	1.4243e-05	6301	5
RGS3	-0.07675	0.0056181	0.090668	2.9008e-05	6302	5
PTGR2	0.1821	0.0052568	-0.19057	1.4449e-05	6303	5
MET	-0.026331	0.0049934	0.037605	2.9007e-05	6304	5
ILF3-AS1	0.071445	0.004282		2.0726e-05	6305	5
ZBTB7C	-0.11599	0.0036		1.8413e-05	6306	5
DPY30	0.096793	0.0035455	-0.090651	1.7045e-05	6307	5
TLR7	0.19457	0.002675	-0.1925	8.1705e-06	6308	5
COIL	-0.15802	0.0013996		4.6867e-06	6309	5
RBX1	0.090112	0.0013862		6.5424e-06	6310	5
SULF1	0.0018722	0.00098281	5.7183e-05	4.3609e-06	6311	5
IP6K3	-0.061796	0.00097344	0.066206	5.142e-06	6312	5
RANBP3L	0.145	0.00072994	-0.15871	2.4519e-06	6313	5
XPO4	-0.16813	0.00069723	0.17229	2.1238e-06	6314	5
DCC	-0.00081692	0.00065399	0.0021644	4.4023e-06	6315	5
RNF7	0.33402	0.00058816	-0.39338	1.0355e-06	6316	5
LANCL2	0.15793	0.00057687	-0.18234	1.7893e-06	6317	5
DNASE1L2	-0.15115	-0.00013902	0.16037	-5.0569e-07	6318	5
LRRC8A	0.018873	-0.00020253		-1.2452e-06	6319	5
KCTD17	0.11247	-0.00024493		-1.1582e-06	6320	5
MUT	0.14306	-0.00031907	-0.14417	-1.0886e-06	6321	5
NUDT17	0.19266	-0.00060112	-0.20832	-1.5535e-06	6322	5
MAPKAPK3	0.098222	-0.00085611		-3.2252e-06	6323	5
CDK5R1	0.025356	-0.0010322		-6.7717e-06	6324	5
SLC25A34	-0.10028	-0.0022073	0.10225	-1.0818e-05	6325	5
TMEM143	-0.13563	-0.0026076		-8.0868e-06	6326	5
RMND1	-0.22037	-0.002829	0.23954	-6.6006e-06	6327	5
THOC5	-0.088098	-0.0028951		-1.3079e-05	6328	5
DSTYK	-0.12793	-0.0029965		-1.3336e-05	6329	5
HTR4	0.050147	-0.0041185	-0.062521	-2.187e-05	6330	5
CCDC39	-0.10572	-0.0042544	0.10959	-1.8744e-05	6331	5
PRKCB	-0.12993	-0.0045065	0.13723	-1.7931e-05	6332	5
IFIT5	-0.13744	-0.0064996	0.13983	-2.4024e-05	6333	5
DLG5	-0.10039	-0.0066297	0.086487	-3.8193e-05	6334	5
VAV1	0.18064	-0.0071737	-0.23038	-1.9406e-05	6335	5
YWHAQ	0.10853	-0.0071839		-2.8766e-05	6336	5
CPNE2	0.10061	-0.0074388	-0.12768	-2.8865e-05	6337	5
FGF2	0.12492	-0.0076418	-0.15477	-2.8992e-05	6338	5
BCAP31	0.028147	-0.0089605		-6.0539e-05	6339	5
LOC105374727	-0.12953	-0.0090047		-4.0401e-05	6340	5
CD248	0.058274	-0.0091262	-0.080412	-3.7933e-05	6341	5
PDE4A	-0.19981	-0.0094404	0.21066	-2.8652e-05	6342	5
LOC389705	-0.010472	-0.010407		-7.2288e-05	6343	5
RGS22	0.093655	-0.011126	-0.13031	-4.5303e-05	6344	5
C15orf41	-0.10809	-0.01127	0.085099	-5.5814e-05	6345	5
SELENOW	0.32453	-0.011589	-0.35566	-2.0258e-05	6346	5
LOC644936	0.12081	-0.011956	-0.15328	-4.486e-05	6347	5
PKN1	0.051879	-0.012705	-0.083182	-5.7977e-05	6348	5
GARS	-0.068263	-0.01277		-8.3668e-05	6349	5
KRT17	0.093861	-0.013355	-0.12998	-5.7613e-05	6350	5
KDF1	-0.15006	-0.014378	0.12583	-5.7169e-05	6351	5
ZNF876P	0.023636	-0.014836		-9.8717e-05	6352	5
PIK3CA	-0.36465	-0.014886	0.39311	-2.3044e-05	6353	5
SLCO1C1	0.13572	-0.015013	-0.17977	-5.1252e-05	6354	5
TAS2R31	-0.23641	-0.015211	0.19823	-4.4691e-05	6355	5
LOC100129291	0.17915	-0.016038	-0.24343	-4.6616e-05	6356	5
SLAMF8	-0.045375	-0.016807		-9.4135e-05	6357	5
TBX3	-0.11017	-0.017148	0.081463	-8.6392e-05	6358	5
MLLT10	-0.30805	-0.018173	0.24089	-4.2299e-05	6359	5
CEP170	-0.13147	-0.018179	0.09677	-7.6675e-05	6360	5
ADAMTS13	-0.29532	-0.018658	0.28388	-3.3745e-05	6361	5
RIIAD1	0.24522	-0.018755	-0.36082	-4.0726e-05	6362	5
NAT14	0.091522	-0.018833		-9.4016e-05	6363	5
MIR31HG	-0.17211	-0.020601	0.15555	-6.2059e-05	6364	5
NAT8L	-0.13014	-0.021055	0.10172	-8.3474e-05	6365	5
DEGS1	0.065627	-0.021262	-0.10983	-9.8767e-05	6366	5
ITPRIPL2	0.25508	-0.021567	-0.35569	-3.9117e-05	6367	5
CD52	0.048438	-0.021667	-0.090204	-0.00017267	6368	5
PLTP	0.12295	-0.021795	-0.18765	-6.2557e-05	6369	5
ACP1	0.21052	-0.022142	-0.29629	-5.2613e-05	6370	5
ARHGAP39	-0.3817	-0.023155	0.34204	-3.5748e-05	6371	5
LHX8	0.075663	-0.023484	-0.12322	-0.00010552	6372	5
ADAM23	-0.15682	-0.024173	0.12974	-8.7486e-05	6373	5
POLR1B	-0.13145	-0.025452		-0.00011127	6374	5
TXNL1	0.041991	-0.025508		-0.00015828	6375	5
MAP2K5	0.0089165	-0.026765		-0.00018567	6376	5
TAF7L	0.18411	-0.026787	-0.27637	-7.4628e-05	6377	5
HAMP	0.01392	-0.027509	-0.070786	-0.00015843	6378	5
ECM1	-0.16528	-0.02756	0.13328	-0.00010337	6379	5
PTPRR	0.070808	-0.027809	-0.1405	-0.00012252	6380	5
KIAA1671	-0.11084	-0.028567	0.052694	-0.00015524	6381	5
NRBF2	-0.13823	-0.029254	0.085306	-0.00013317	6382	5
PPFIA4	-0.11944	-0.029352	0.065503	-0.00012386	6383	5
CDC42EP4	0.08789	-0.029429	-0.15752	-0.00011851	6384	5
LINC00461	0.23738	-0.030336	-0.32865	-6.3856e-05	6385	5
PAAF1	0.08777	-0.030672		-0.00012176	6386	5
ACADVL	0.09949	-0.030803		-0.00010966	6387	5
AGO1	-0.38607	-0.0315	0.35329	-4.9805e-05	6388	5
AP2B1	0.18136	-0.031874	-0.28462	-7.6866e-05	6389	5
MATR3	-0.10039	-0.032136		-0.00019329	6390	5
SCN1A	-0.22184	-0.032398	0.20173	-8.4706e-05	6391	5
FGF12	-0.23707	-0.032902	0.16327	-9.1094e-05	6392	5
SPSB1	-0.14833	-0.032967	0.091883	-0.00015577	6393	5
POLR2L	0.31022	-0.033564	-0.44417	-5.5962e-05	6394	5
ENKUR	0.028676	-0.034328	-0.10232	-0.00017717	6395	5
RGS19	0.073423	-0.034714		-0.00015727	6396	5
FYTTD1	-0.13917	-0.035739		-0.00016683	6397	5
LRRC7	0.022052	-0.035798	-0.099283	-0.00022502	6398	5
JMY	-0.26839	-0.036058	0.20272	-9.7424e-05	6399	5
NEK6	0.081545	-0.036151	-0.16902	-0.00013287	6400	5
HDAC5	-0.045595	-0.036201	-0.026632	-0.00020002	6401	5
HAGLROS	-0.025777	-0.036842		-0.00021046	6402	5
TRPM4	-0.16199	-0.037113	0.10234	-0.00012808	6403	5
GSTCD	-0.081374	-0.037592		-0.00024824	6404	5
LINC01481	-0.11925	-0.037834	0.045694	-0.00019918	6405	5
SCO1	0.0027291	-0.038117	-0.080655	-0.00022912	6406	5
PLAC9	0.20813	-0.038355	-0.30285	-8.2144e-05	6407	5
ARPC3	0.20246	-0.038673	-0.26537	-9.7272e-05	6408	5
PARGP1	-0.16626	-0.040145		-0.00017627	6409	5
MRPS14	-0.0030243	-0.040279		-0.00028061	6410	5
CAV2	-0.056135	-0.040561	-0.0245	-0.00027268	6411	5
HSPB11	0.22654	-0.041384	-0.37195	-8.7871e-05	6412	5
TMEM68	0.047712	-0.041451	-0.14286	-0.00018881	6413	5
GJB6	0.055109	-0.041499	-0.14694	-0.00018492	6414	5
COG7	-0.13459	-0.043039		-0.00022643	6415	5
MTRF1L	-0.10466	-0.043798	0.022427	-0.00021693	6416	5
NKG7	-0.064817	-0.04493		-0.00028414	6417	5
USP4	-0.13461	-0.045195		-0.00019189	6418	5
MYPOP	-0.071758	-0.045283		-0.00024257	6419	5
CPPED1	-0.13452	-0.045365	0.048171	-0.00022906	6420	5
USP13	-0.27722	-0.046097	0.22851	-9.9315e-05	6421	5
C9orf64	-0.21147	-0.046104		-0.00016365	6422	5
DNAJC11	-0.16792	-0.046396	0.083583	-0.00019044	6423	5
NRP1	-0.0096356	-0.048048	-0.08849	-0.00027311	6424	5
PAX6	0.17184	-0.048314	-0.28545	-0.00011051	6425	5
LYRM1	0.049275	-0.048638	-0.15167	-0.0002178	6426	5
MSRA	0.094573	-0.048735	-0.2064	-0.0001472	6427	5
FUNDC2P2	-0.001719	-0.048782		-0.00028308	6428	5
NUP210	-0.19472	-0.050251		-0.00020611	6429	5
CRELD2	0.092158	-0.051314		-0.00021254	6430	5
PHB	0.018205	-0.052021	-0.12489	-0.00029899	6431	5
CACNA1I	-0.1566	-0.052072	0.054871	-0.00023279	6432	5
HSF4	-0.23843	-0.05217	0.13544	-0.00016891	6433	5
GJA1	0.097898	-0.052832	-0.22327	-0.00017499	6434	5
GPBP1L1	-0.18227	-0.052895		-0.00017981	6435	5
GABARAPL3	-0.029564	-0.054063		-0.00031312	6436	5
PHGR1	0.050936	-0.054355		-0.00022824	6437	5
LRRC45	-0.14247	-0.054992		-0.0003018	6438	5
AP4B1	-0.20639	-0.055584	0.096896	-0.0001976	6439	5
ARRB1	0.078996	-0.056582	-0.21583	-0.00020634	6440	5
RCOR3	-0.2722	-0.05716	0.1598	-0.00016206	6441	5
ATG14	-0.13779	-0.057326		-0.00028828	6442	5
PPIAP30	0.00089015	-0.058603		-0.00035034	6443	5
REXO2	-0.00918	-0.058652	-0.10894	-0.00037804	6444	5
CNOT4	0.12504	-0.058715	-0.26827	-0.00016856	6445	5
FAM98A	-0.0057861	-0.060236	-0.11708	-0.00039013	6446	5
RAB32	0.30753	-0.060386	-0.45923	-9.5951e-05	6447	5
TEK	0.070611	-0.06066	-0.21014	-0.00022336	6448	5
SLC5A12	0.068508	-0.061747		-0.00022766	6449	5
FAM222A	-0.12931	-0.061788		-0.00026667	6450	5
GAPDH	-0.088185	-0.061854		-0.0004194	6451	5
MRPL51	0.044873	-0.062089		-0.00031677	6452	5
FAM89B	-0.087862	-0.062325		-0.00030231	6453	5
KIAA1217	-0.17723	-0.062691	0.050759	-0.00030419	6454	5
ZSCAN9	-0.35909	-0.0627	0.21641	-0.00013193	6455	5
MPHOSPH9	-0.21969	-0.063355	0.095352	-0.00021635	6456	5
CPSF7	-0.11272	-0.063359		-0.00040203	6457	5
JPH1	-0.045828	-0.063453		-0.00032324	6458	5
GRIK4	-0.028106	-0.064277	-0.10123	-0.00038022	6459	5
ARL3	0.15812	-0.06429	-0.27424	-0.00017605	6460	5
LRCH3	-0.12981	-0.064624		-0.00034928	6461	5
ZNRD1	-0.21832	-0.064922		-0.00019881	6462	5
KAT6A	-0.16451	-0.065093	0.03672	-0.00033733	6463	5
ZIC5	0.0049015	-0.065462	-0.14295	-0.00035291	6464	5
WIZ	0.063832	-0.066104	-0.21045	-0.00027658	6465	5
PTGR1	-0.070227	-0.06615		-0.00051879	6466	5
EPB41	-0.34249	-0.066248	0.28652	-0.00011484	6467	5
FREM2	0.096615	-0.066276		-0.00022536	6468	5
SNX9	-0.19533	-0.067096	0.071661	-0.00023681	6469	5
RNF166	-0.10299	-0.067242		-0.00032813	6470	5
GPIHBP1	-0.11432	-0.067472	-0.019765	-0.00042341	6471	5
ISCU	-0.1758	-0.067721	0.054453	-0.00028206	6472	5
BORCS7	0.153	-0.06958	-0.33932	-0.00017433	6473	5
CD163L1	-0.13319	-0.070345	-0.0030265	-0.0004035	6474	5
STX7	0.041158	-0.070903	-0.19408	-0.00028842	6475	5
DHX29	-0.16779	-0.070923		-0.00028247	6476	5
BCL6B	-0.16135	-0.071368	0.027608	-0.00032968	6477	5
CBX2	-0.08531	-0.072126		-0.00038701	6478	5
PRPF40A	-0.05861	-0.072477		-0.00052217	6479	5
SFTPA1	-0.11327	-0.07264		-0.00041515	6480	5
WFIKKN1	-0.14394	-0.072835	0.0046047	-0.00036536	6481	5
RANBP10	-0.11959	-0.072849		-0.00044249	6482	5
RNF6	-0.18035	-0.073081	0.047218	-0.00026807	6483	5
KLK7	0.22492	-0.073124	-0.35338	-0.0001539	6484	5
RIMS2	-0.17445	-0.074554	0.02954	-0.00037422	6485	5
ZNF382	-0.067474	-0.075466		-0.00055191	6486	5
CCDC127	-0.010886	-0.076345		-0.00038914	6487	5
FUOM	0.12197	-0.076958	-0.29105	-0.00023417	6488	5
ILK	-0.13058	-0.077583		-0.00047501	6489	5
OSGEP	-0.21004	-0.077793	0.056238	-0.00034144	6490	5
CNOT8	-0.30523	-0.07822	0.15599	-0.00019105	6491	5
R3HDM4	-0.038233	-0.078597	-0.12231	-0.00052532	6492	5
EPAS1	-0.08631	-0.079133		-0.00044824	6493	5
BRWD1-AS2	-0.17673	-0.079518		-0.00031086	6494	5
C1orf131	-0.048249	-0.079621		-0.00049001	6495	5
GPCPD1	-0.30768	-0.080137	0.22048	-0.00016726	6496	5
MRPL39	-0.1765	-0.080233	0.027299	-0.00033815	6497	5
MIIP	0.02243	-0.080432		-0.00030544	6498	5
EMX1	-0.29289	-0.082008	0.17402	-0.00018432	6499	5
LDB1	-0.20477	-0.082078	0.042285	-0.00032291	6500	5
CASC1	-0.14769	-0.082286		-0.00039168	6501	5
NOL9	0.014491	-0.082367	-0.18753	-0.0003695	6502	5
LARS2	0.062385	-0.082498	-0.23653	-0.00032026	6503	5
TAF1D	-0.30361	-0.082624	0.15415	-0.00020954	6504	5
BCAT1	-0.15055	-0.082862	-0.0089521	-0.00044116	6505	5
ARHGEF18	-0.35131	-0.082928	0.25588	-0.00015391	6506	5
G0S2	-0.12276	-0.083267	-0.041521	-0.00060327	6507	5
SDSL	-0.15945	-0.083862	-0.0016715	-0.00045083	6508	5
CCDC107	-0.10284	-0.084221		-0.00042018	6509	5
CHD8	-0.16538	-0.084236	-0.00017804	-0.00045629	6510	5
CLEC3B	-0.12517	-0.084501		-0.00053162	6511	5
TCERG1	-0.23368	-0.085334	0.064536	-0.00030714	6512	5
CFAP70	0.0028862	-0.086157	-0.18441	-0.00042268	6513	5
VMA21	-0.013915	-0.086873		-0.00036757	6514	5
PLPPR4	0.049648	-0.087546	-0.24964	-0.00031875	6515	5
TMEM258	0.14165	-0.088633	-0.32622	-0.00021215	6516	5
SMIM6	-0.10438	-0.089002		-0.00050462	6517	5
PPP1R8	-0.039129	-0.089634	-0.1444	-0.00056448	6518	5
PCNX4	-0.22656	-0.089682	0.044083	-0.00038773	6519	5
KLRA1P	-0.20713	-0.08993	0.027858	-0.00045531	6520	5
MAP6D1	-0.21254	-0.090188	0.041031	-0.00035098	6521	5
RSAD1	-0.249	-0.091055	0.071943	-0.00032201	6522	5
IDH2	0.12606	-0.09168	-0.32423	-0.00022112	6523	5
SOAT1	-0.21878	-0.091778	0.051169	-0.00036949	6524	5
ATR	-0.18163	-0.091849	0.003864	-0.00040885	6525	5
IQCE	-0.15017	-0.091881		-0.00043765	6526	5
ABCC4	0.019835	-0.092285	-0.21822	-0.00037419	6527	5
MAPKBP1	-0.22267	-0.092426	0.045372	-0.00035922	6528	5
ROBO4	-0.1407	-0.092794	-0.042271	-0.0006026	6529	5
EEF1AKMT2	-0.14255	-0.093131	-0.041008	-0.00061417	6530	5
FAM161A	-0.11836	-0.094978		-0.00062631	6531	5
PIM1	-0.31545	-0.095654	0.18107	-0.00022798	6532	5
KAT8	-0.25408	-0.096091	0.080226	-0.00029524	6533	5
SETD4	-0.31037	-0.096293	0.13173	-0.00023504	6534	5
DLGAP4	0.041556	-0.096454	-0.25094	-0.0003579	6535	5
SMARCD1	-0.095957	-0.096999		-0.00079508	6536	5
CHUK	-0.099347	-0.098224	-0.097471	-0.0006705	6537	5
RAB11FIP5	-0.16029	-0.098273	-0.031105	-0.00051301	6538	5
SLC5A11	-0.16491	-0.098588	-0.030903	-0.00058368	6539	5
MYLK4	-0.13038	-0.098842		-0.00063811	6540	5
LINC00965	-0.18457	-0.099455		-0.00047793	6541	5
ANGPT2	-0.13658	-0.10021		-0.00055114	6542	5
SLC30A5	-0.27434	-0.1005	0.090653	-0.00031571	6543	5
TSPAN31	-0.098491	-0.10071		-0.00070599	6544	5
PRDX3	-0.056942	-0.10139		-0.00068171	6545	5
EPRS	-0.12245	-0.10147	-0.0799	-0.00077507	6546	5
CRYL1	-0.037295	-0.10158		-0.00057465	6547	5
NEFL	-0.16222	-0.10213	-0.03852	-0.00061141	6548	5
CRACR2B	-0.016221	-0.10232		-0.00050581	6549	5
RBMS1	-0.25309	-0.10294	0.071933	-0.00034517	6550	5
ST3GAL1	-0.084414	-0.10324	-0.12265	-0.00085302	6551	5
TMEM259	-0.11346	-0.10351		-0.00046126	6552	5
ARHGAP32	-0.23111	-0.10411	0.0286	-0.00041231	6553	5
WDR41	-0.034353	-0.10436		-0.00063907	6554	5
ACVRL1	-0.17969	-0.1045	-0.023922	-0.00058053	6555	5
ODC1	-0.04552	-0.10481		-0.00069964	6556	5
COL13A1	-0.23024	-0.10535	0.030033	-0.00037359	6557	5
WNT6	-0.099404	-0.10542	-0.11176	-0.00072071	6558	5
ESYT2	-0.2269	-0.10659		-0.00053724	6559	5
ZBTB8OS	-0.25292	-0.10737	0.064136	-0.00032017	6560	5
EFR3A	-0.28023	-0.1077	0.091891	-0.00032747	6561	5
CNKSR2	-0.24358	-0.10941	0.023212	-0.00045563	6562	5
RPS21	0.0025267	-0.11048		-0.00050895	6563	5
HHAT	-0.12314	-0.11151	-0.09986	-0.00077396	6564	5
IGSF22	0.020221	-0.11193	-0.26671	-0.00043156	6565	5
ENPP5	-0.34217	-0.11333	0.15152	-0.00027708	6566	5
SPRYD4	-0.0014015	-0.11407		-0.00048047	6567	5
OLFM2	-0.031903	-0.11424		-0.00059349	6568	5
OAF	0.01671	-0.11463	-0.25914	-0.00046231	6569	5
NPM2	-0.24179	-0.1148	0.018294	-0.00044741	6570	5
ATP6V1B2	-0.2045	-0.1152		-0.00061161	6571	5
NIPSNAP2	-0.01082	-0.1172	-0.22641	-0.00052112	6572	5
DLL3	0.018773	-0.11803	-0.2761	-0.00046559	6573	5
RAPGEF1	-0.047672	-0.11803	-0.19347	-0.00064805	6574	5
RBM14	-0.23738	-0.11921	0.0052733	-0.00055831	6575	5
LNP1	-0.25106	-0.11921	0.021565	-0.00036671	6576	5
ZBTB38	-0.33149	-0.11961	0.1132	-0.00029057	6577	5
PROS1	-0.050288	-0.12056	-0.19236	-0.0006883	6578	5
ZNF92	-0.25009	-0.12093	0.012736	-0.00047027	6579	5
SMIM37	-0.1399	-0.12106		-0.00081707	6580	5
HSD17B6	-0.013992	-0.12144	-0.23666	-0.00052891	6581	5
FKRP	0.020736	-0.12228	-0.27905	-0.00048265	6582	5
CUL4B	-0.15263	-0.12312		-0.00095726	6583	5
TOX3	0.024536	-0.12393	-0.29592	-0.0004382	6584	5
NDUFB3	-0.010663	-0.12466	-0.23639	-0.00061127	6585	5
CDA	-0.15654	-0.12481		-0.00087615	6586	5
ARHGEF10	-0.17854	-0.12483		-0.00061217	6587	5
SLC14A1	-0.14727	-0.12489	-0.1031	-0.00084314	6588	5
ZCWPW1	-0.10638	-0.12491		-0.0008912	6589	5
SMS	-0.12564	-0.12597		-0.00093618	6590	5
CNKSR3	-0.15022	-0.12638		-0.00079045	6591	5
AGPAT3	-0.20477	-0.12689	-0.043555	-0.00062467	6592	5
MBTD1	-0.23431	-0.12726	-0.012337	-0.00053381	6593	5
CRYBB2P1	-0.19258	-0.12766		-0.00062676	6594	5
KDM4B	-0.17357	-0.12785		-0.00088112	6595	5
ACSS3	-0.016706	-0.12882		-0.00051379	6596	5
TRIM2	-0.20272	-0.12898	-0.056182	-0.00072341	6597	5
MGST1	0.15631	-0.12909	-0.49025	-0.00025624	6598	5
FAM86C1	0.10185	-0.1292	-0.36966	-0.0003154	6599	5
FUNDC2	-0.13916	-0.12984		-0.00080852	6600	5
SHISA4	0.018282	-0.13044	-0.28025	-0.00045974	6601	5
FAM222B	-0.32108	-0.13071	0.093693	-0.00032499	6602	5
SPEN	-0.22651	-0.133	-0.034995	-0.00069217	6603	5
AAK1	-0.29938	-0.13317	0.05236	-0.0004558	6604	5
PDCD4	-0.17365	-0.13337		-0.00096145	6605	5
CCR5	0.0097318	-0.13345	-0.28683	-0.00051696	6606	5
UCHL3	0.11885	-0.13393	-0.47581	-0.00027834	6607	5
NEK11	-0.045628	-0.13456	-0.22774	-0.00061434	6608	5
ANKRD20A8P	-0.34316	-0.1346	0.07622	-0.00035633	6609	5
AKR1B1	-0.10673	-0.13467		-0.001082	6610	5
LGALS8	-0.13235	-0.13474	-0.13741	-0.0010573	6611	5
BRAF	-0.39942	-0.13562	0.12959	-0.00032199	6612	5
SLC18A1	-0.13325	-0.13573		-0.00088889	6613	5
WDR19	-0.31513	-0.13642	0.041846	-0.00046031	6614	5
NIPAL3	-0.21821	-0.13646	-0.050463	-0.00069713	6615	5
ZMIZ2	-0.19447	-0.13684	-0.077986	-0.00066597	6616	5
CLIC2	-0.16799	-0.13765		-0.0006893	6617	5
GEMIN8P4	-0.057137	-0.13768		-0.00054367	6618	5
ASH1L-AS1	-0.041869	-0.13809	-0.24613	-0.00062007	6619	5
HERPUD2	-0.18924	-0.13823		-0.00087335	6620	5
SWI5	0.060873	-0.1385	-0.3305	-0.0004174	6621	5
OGFOD2	-0.33754	-0.13918	0.083905	-0.00037081	6622	5
NKAIN3	0.091037	-0.13921	-0.41764	-0.00030659	6623	5
ZKSCAN7	-0.25407	-0.14076		-0.00055292	6624	5
CEACAM19	-0.38018	-0.14118	0.11882	-0.00033111	6625	5
KBTBD6	-0.015293	-0.14127	-0.29001	-0.00057338	6626	5
MRPL19	-0.16619	-0.1415	-0.11591	-0.00087358	6627	5
MIR9-3HG	-0.21788	-0.14152	-0.060045	-0.00072087	6628	5
IGLON5	-0.18127	-0.14171	-0.10026	-0.00093516	6629	5
TNC	-0.20271	-0.14244		-0.00091108	6630	5
SLC3A1	-0.32392	-0.14288	0.038761	-0.00046072	6631	5
BAZ2B	-0.2056	-0.14304	-0.077779	-0.00078534	6632	5
CCR10	-0.32042	-0.14325	0.061581	-0.00038647	6633	5
SLC5A4	-0.31395	-0.14358	0.035876	-0.00045946	6634	5
EZH2	-0.24009	-0.14401		-0.00059243	6635	5
SH3GL2	-0.25517	-0.14428	-0.030148	-0.000578	6636	5
PITPNC1	-0.17481	-0.14454	-0.11357	-0.00073923	6637	5
RGPD3	-0.36953	-0.14581	0.071634	-0.0004124	6638	5
BMP6	-0.14183	-0.14629		-0.0010627	6639	5
MMAB	0.17426	-0.14677	-0.48046	-0.00025927	6640	5
SCN1B	-0.30933	-0.1471	0.044656	-0.00042108	6641	5
PSIP1	-0.06032	-0.14723	-0.24486	-0.0007273	6642	5
HOMEZ	-0.25036	-0.14726		-0.00064463	6643	5
MTFP1	-0.24723	-0.1479	-0.037173	-0.00063606	6644	5
ACADSB	-0.2927	-0.14963	-0.0044817	-0.00064206	6645	5
LIPE	-0.23445	-0.14968	-0.062753	-0.00074653	6646	5
BCL11A	-0.2621	-0.14978	-0.038668	-0.00062993	6647	5
C17orf75	-0.4533	-0.1503	0.20248	-0.00028063	6648	5
BCL3	-0.3131	-0.15042	0.045491	-0.00038369	6649	5
CNOT10	-0.35123	-0.15055	0.069462	-0.00042437	6650	5
LRRC34	-0.2545	-0.15066	-0.042853	-0.00078955	6651	5
GIMAP6	-0.17198	-0.15074		-0.00098376	6652	5
SNRPA1	-0.15001	-0.15105		-0.00087977	6653	5
HIST1H4I	-0.23312	-0.15161		-0.00077357	6654	5
WDR82	-0.17714	-0.15183		-0.00097393	6655	5
ZNF667	-0.054329	-0.15248	-0.26401	-0.00071558	6656	5
PKP2	-0.15996	-0.15368		-0.00099513	6657	5
SETMAR	-0.23489	-0.15499	-0.068545	-0.00072424	6658	5
TTL	-0.057836	-0.15512		-0.00074752	6659	5
TMEM168	-0.20431	-0.15519		-0.00098201	6660	5
VSTM2A	-0.38097	-0.15567	0.082318	-0.00037617	6661	5
CYR61	-0.21768	-0.15582		-0.00090506	6662	5
KCNC3	-0.31472	-0.15778	0.028022	-0.00047372	6663	5
XIAP	-0.10174	-0.1581		-0.00090823	6664	5
SYAP1	-0.13123	-0.15819	-0.18672	-0.0011282	6665	5
STH	-0.28737	-0.1591	-0.024825	-0.00069821	6666	5
CCDC66	-0.25778	-0.16007		-0.0008824	6667	5
MED30	-0.29881	-0.16084		-0.00067185	6668	5
EPHA3	-0.19628	-0.16105	-0.12345	-0.00099653	6669	5
IPO8	-0.060315	-0.16106		-0.00059626	6670	5
PDLIM5	0.079916	-0.16108	-0.44176	-0.00036528	6671	5
PUF60	0.0055741	-0.16109	-0.3484	-0.0004556	6672	5
CFAP221	-0.35059	-0.16137	0.053331	-0.00047536	6673	5
SNAP91	-0.29603	-0.16178		-0.00061939	6674	5
SUCO	-0.036227	-0.16228	-0.31237	-0.000544	6675	5
DPY19L2P1	-0.4207	-0.16234	0.1372	-0.00031975	6676	5
ILF3	0.031852	-0.16242		-0.00045169	6677	5
LOC105274304	-0.15623	-0.16286		-0.0012726	6678	5
GAB1	-0.27573	-0.16386		-0.00068062	6679	5
FRK	-0.23118	-0.16494	-0.098155	-0.00099375	6680	5
ATP9B	-0.25057	-0.16706		-0.0009718	6681	5
PTGER4	0.12245	-0.1673	-0.5228	-0.00034783	6682	5
SLC35A1	-0.29654	-0.16753	-0.028331	-0.0006714	6683	5
TXN2	-0.081349	-0.16789		-0.00082064	6684	5
HIGD1B	-0.20399	-0.16791	-0.13071	-0.00099027	6685	5
KCNC1	-0.3236	-0.16842	0.015811	-0.00049809	6686	5
RASL12	-0.17651	-0.16992	-0.16421	-0.0011418	6687	5
MLX	-0.010476	-0.17042		-0.00061145	6688	5
PRPF39	-0.24254	-0.17076		-0.0010114	6689	5
MOSPD2	-0.070911	-0.17103		-0.00070192	6690	5
ST6GALNAC1	-0.31023	-0.17109	-0.0093591	-0.00058496	6691	5
PPP1R35	-0.26301	-0.17112		-0.00078256	6692	5
CCDC144B	-0.29171	-0.17207	-0.043534	-0.00075048	6693	5
METAP2	-0.27329	-0.17209	-0.0617	-0.00068438	6694	5
SLC39A6	-0.12057	-0.17238	-0.22717	-0.0010097	6695	5
ANXA1	-0.1628	-0.17246	-0.18334	-0.0012928	6696	5
CBX6	-0.088148	-0.1733		-0.00075469	6697	5
RBPJ	-0.31088	-0.17433		-0.00068362	6698	5
RPS6KA4	-0.12719	-0.17439		-0.0009009	6699	5
LOC100506282	-0.24154	-0.17464		-0.0010266	6700	5
FAM218A	-0.22665	-0.17607	-0.12245	-0.0012278	6701	5
NKX6-2	-0.22543	-0.17622		-0.00084711	6702	5
GINS2	-0.027386	-0.17652	-0.32971	-0.00066264	6703	5
RB1	-0.053145	-0.177		-0.00064661	6704	5
KCNV2	-0.36453	-0.17816	0.007461	-0.00058982	6705	5
GAS2L1P2	-0.12579	-0.17856		-0.00090409	6706	5
MTRR	-0.30386	-0.1792	-0.05001	-0.00072862	6707	5
LINC00595	-0.063605	-0.18002	-0.30646	-0.00070864	6708	5
LOC100128398	-0.26965	-0.18046	-0.087784	-0.0010699	6709	5
PES1	-0.25106	-0.18047		-0.0011156	6710	5
PAG1	-0.33072	-0.18066	-0.013201	-0.00057919	6711	5
TFDP2	-0.12255	-0.18075	-0.24034	-0.0012335	6712	5
BBS1	-0.34639	-0.18099	-0.013988	-0.00060667	6713	5
FMO2	-0.17427	-0.18196		-0.00092983	6714	5
CACNB4	-0.39256	-0.18215	0.066843	-0.00041916	6715	5
TRIR	-0.21241	-0.18227		-0.00099707	6716	5
CDC42EP1	-0.20905	-0.18397		-0.00094453	6717	5
BRINP3	-0.19822	-0.18418	-0.16955	-0.0012254	6718	5
MELTF-AS1	-0.22027	-0.18423		-0.00092293	6719	5
GLA	-0.28522	-0.18436	-0.075757	-0.00080231	6720	5
RPL12	0.0079482	-0.18445	-0.41153	-0.00053246	6721	5
MGAT3	-0.16932	-0.18479		-0.00096773	6722	5
AMPD3	-0.25949	-0.18515		-0.00094706	6723	5
IL33	0.075327	-0.18567	-0.5118	-0.0003981	6724	5
ADAMTSL3	-0.15446	-0.18753	-0.22198	-0.0012	6725	5
AVIL	-0.21293	-0.18883		-0.0010628	6726	5
RUNDC3B	-0.4014	-0.18924	0.050671	-0.0004643	6727	5
COL4A1	-0.032691	-0.19028	-0.36633	-0.00057319	6728	5
ECI1	-0.24681	-0.19088		-0.00088686	6729	5
GNAS	-0.30776	-0.19136	-0.061112	-0.00074869	6730	5
CNOT9	-0.12169	-0.19182		-0.0011048	6731	5
OMA1	-0.20106	-0.19205	-0.184	-0.0011401	6732	5
SCAMP1	-0.34143	-0.19253	-0.040177	-0.00072893	6733	5
TSC22D1	-0.36503	-0.19289	-0.011247	-0.00062762	6734	5
TATDN3	-0.10146	-0.19313		-0.0010182	6735	5
PLCB2	0.14594	-0.19324	-0.65855	-0.00032101	6736	5
ZNF503	-0.16208	-0.19346	-0.22598	-0.0013574	6737	5
RAB3D	-0.095883	-0.19371	-0.29346	-0.00089025	6738	5
SHISA7	-0.1318	-0.1944	-0.26324	-0.0011196	6739	5
ZFY	-0.34735	-0.1951		-0.00082538	6740	5
SAA2	-0.32565	-0.19546	-0.064984	-0.00084098	6741	5
FBXO9	-0.4681	-0.19553	0.093093	-0.0003915	6742	5
BTN2A1	-0.44619	-0.19562	0.056204	-0.00046099	6743	5
ADRA1A	-0.21151	-0.19807	-0.18523	-0.00084468	6744	5
NAT9	-0.35648	-0.1987		-0.00073154	6745	5
PSME3	-0.13253	-0.19976	-0.26826	-0.0012717	6746	5
UBR5	-0.26447	-0.20112		-0.0014477	6747	5
MTSS1	-0.14879	-0.20213		-0.000901	6748	5
TRIQK	-0.17889	-0.20235		-0.0016951	6749	5
NFAT5	-0.31964	-0.20256		-0.0007098	6750	5
NIPSNAP3A	-0.011465	-0.20312	-0.39586	-0.00059251	6751	5
KCNMB3	-0.35731	-0.20379	-0.034715	-0.00063008	6752	5
LINC01260	-0.25368	-0.20393	-0.1524	-0.0012167	6753	5
RAB3GAP2	-0.34123	-0.20471	-0.053964	-0.00074355	6754	5
SLC9A5	-0.33505	-0.20514	-0.056055	-0.00067123	6755	5
FSTL3	-0.33225	-0.20556		-0.0008579	6756	5
WWOX	-0.13545	-0.20572	-0.28365	-0.0010806	6757	5
EMC3-AS1	-0.31375	-0.20589	-0.092333	-0.00089998	6758	5
KIAA0391	-0.35198	-0.20727		-0.0009382	6759	5
CUX2	-0.2992	-0.20762	-0.10836	-0.00089055	6760	5
CES5A	-0.13406	-0.20789	-0.27913	-0.00136	6761	5
PCDHA9	-0.24616	-0.20867		-0.0012172	6762	5
SLC26A8	-0.14104	-0.20873	-0.28438	-0.0010716	6763	5
MRPL49	0.043711	-0.20939	-0.49828	-0.00047105	6764	5
SLC6A6	-0.3309	-0.20953	-0.071485	-0.0007778	6765	5
SLC1A3	-0.078623	-0.20993		-0.00076802	6766	5
SPOP	-0.24059	-0.21019		-0.0014942	6767	5
SMARCD3	0.10823	-0.2108	-0.61406	-0.00034588	6768	5
ZNF589	-0.19377	-0.21134		-0.0011859	6769	5
SORCS1	-0.32415	-0.21173	-0.090916	-0.00076525	6770	5
SOX5	-0.047677	-0.21205	-0.36585	-0.00077346	6771	5
ZNF778	-0.28611	-0.21213		-0.0012807	6772	5
CCNB1IP1	-0.43973	-0.21254	0.079403	-0.00044357	6773	5
PI16	-0.21588	-0.21267		-0.0010722	6774	5
ITGB4	-0.20018	-0.21282	-0.22691	-0.0013026	6775	5
LINC01556	-0.28166	-0.2131		-0.0011243	6776	5
INPP4B	-0.1857	-0.21315	-0.24289	-0.0013755	6777	5
SUCLG2	-0.16102	-0.21334		-0.001506	6778	5
POLR2K	-0.11993	-0.21357		-0.0010929	6779	5
MEX3C	-0.26541	-0.21365		-0.0013084	6780	5
TEX264	-0.30779	-0.21432	-0.11378	-0.0009978	6781	5
PABPC1L	-0.15596	-0.21445	-0.28122	-0.0014313	6782	5
SV2C	-0.29332	-0.21531	-0.13161	-0.0010826	6783	5
TMTC1	-0.098992	-0.21587	-0.32927	-0.00093562	6784	5
LY6G5B	-0.34872	-0.21668	-0.074414	-0.0008146	6785	5
NECAB3	-0.32716	-0.2167	-0.092893	-0.0008005	6786	5
DGKH	-0.20898	-0.2173	-0.2266	-0.0014986	6787	5
RAB12	-0.22034	-0.21733		-0.0013495	6788	5
NDUFS1	-0.40442	-0.2179	-0.0020946	-0.00058737	6789	5
SEMA5B	-0.29884	-0.21795	-0.13033	-0.0011407	6790	5
TRMT11	-0.37948	-0.21799	-0.048243	-0.00070697	6791	5
HYAL1	-0.28529	-0.21805	-0.14628	-0.0012127	6792	5
MIR497HG	-0.2269	-0.21837	-0.21089	-0.0015394	6793	5
SLC25A21-AS1	-0.2074	-0.2187		-0.0013677	6794	5
MLLT6	-0.28094	-0.21894		-0.0012593	6795	5
DLST	-0.22892	-0.21926		-0.0016669	6796	5
RNF4	-0.2281	-0.21989		-0.001133	6797	5
CACNA1D	-0.31568	-0.22014	-0.11946	-0.00091001	6798	5
AFF4	-0.23712	-0.22083		-0.0014597	6799	5
ZNF16	-0.32076	-0.22272	-0.11875	-0.0011225	6800	5
ARHGAP5-AS1	-0.052757	-0.22297	-0.41925	-0.00073513	6801	5
HRH3	-0.18368	-0.22307	-0.2648	-0.001078	6802	5
KXD1	-0.056208	-0.22317		-0.00070599	6803	5
CREG1	-0.12275	-0.22355	-0.34046	-0.0011231	6804	5
NXNL2	-0.28279	-0.22379		-0.0010857	6805	5
FHOD3	-0.081123	-0.22515	-0.38374	-0.00078753	6806	5
CAMKMT	-0.23645	-0.22523		-0.0012642	6807	5
MEPCE	-0.37039	-0.22541	-0.069369	-0.0008278	6808	5
CLOCK	-0.39708	-0.22606	-0.045859	-0.00067956	6809	5
TTC23L	-0.17192	-0.22647	-0.28743	-0.0011116	6810	5
ELAVL3	-0.20634	-0.2265		-0.0015652	6811	5
LINC00115	-0.38683	-0.22748		-0.00096935	6812	5
SGPP2	-0.14976	-0.22764	-0.30921	-0.0011593	6813	5
VWA5B2	-0.30373	-0.22764	-0.15084	-0.00094967	6814	5
AGAP1	-0.12732	-0.22796	-0.33955	-0.0011543	6815	5
TTYH1	-0.079389	-0.22869	-0.39726	-0.00073119	6816	5
KRT222	-0.33878	-0.22994	-0.11285	-0.00084201	6817	5
MRPL53	-0.177	-0.22997		-0.001381	6818	5
PPWD1	-0.38361	-0.2306	-0.07676	-0.00084954	6819	5
LSP1	-0.14841	-0.23075	-0.3243	-0.001126	6820	5
FAM192A	-0.13422	-0.2314		-0.001203	6821	5
PEX1	-0.29551	-0.23168	-0.16406	-0.0012906	6822	5
CDKN1C	-0.24064	-0.23339		-0.0014455	6823	5
TMEM94	-0.13788	-0.23357	-0.34147	-0.0010767	6824	5
TSPAN18	-0.12865	-0.23449	-0.35204	-0.00082294	6825	5
PLCL1	-0.42069	-0.23474	-0.035896	-0.00074221	6826	5
DBF4	-0.3732	-0.23516	-0.079734	-0.00078805	6827	5
CLCN3	-0.31486	-0.2356	-0.15707	-0.001359	6828	5
RPL36AL	-0.14401	-0.23594		-0.001254	6829	5
SOD2	-0.31067	-0.23635	-0.1611	-0.001442	6830	5
GSDMD	-0.16681	-0.2365		-0.0010368	6831	5
MAP2K3	-0.36034	-0.23699	-0.098038	-0.00091945	6832	5
CGRRF1	-0.30178	-0.23712		-0.001198	6833	5
PPP1R17	-0.19826	-0.2373	-0.27757	-0.0012601	6834	5
LAMP5	-0.17626	-0.23765	-0.30325	-0.0011263	6835	5
LOC100506990	-0.32716	-0.23786	-0.14544	-0.0014614	6836	5
ATP6AP2	-0.27811	-0.23834		-0.0015559	6837	5
CDC42SE1	-0.30353	-0.24038		-0.00129	6838	5
C1orf52	-0.16462	-0.24054		-0.0011001	6839	5
RETSAT	-0.21086	-0.24091		-0.0013815	6840	5
PURA	-0.46295	-0.24156	-0.030202	-0.00077716	6841	5
CYB561D1	-0.36449	-0.24308	-0.1118	-0.00091406	6842	5
PTPRD-AS1	-0.36547	-0.24326	-0.11203	-0.001046	6843	5
ADGRG6	-0.1888	-0.24331	-0.30394	-0.001244	6844	5
RIN3	-0.217	-0.24391		-0.0015748	6845	5
KIT	-0.26924	-0.24393		-0.0017086	6846	5
CHGB	-0.2818	-0.24444		-0.0017155	6847	5
MT1A	-0.061287	-0.24628	-0.45806	-0.00069267	6848	5
NUDT1	-0.24026	-0.24704		-0.0015671	6849	5
SPOCK3	-0.25071	-0.24738		-0.0011534	6850	5
ALDH8A1	-0.29676	-0.24751		-0.0014461	6851	5
DBX2	-0.18939	-0.24773	-0.31067	-0.0010595	6852	5
SMAP1	-0.066757	-0.2481	-0.42464	-0.00079325	6853	5
RASSF1	-0.34579	-0.24813		-0.00090702	6854	5
HIGD1A	-0.1516	-0.24825	-0.34359	-0.0012446	6855	5
TMPRSS5	-0.1186	-0.24951	-0.40326	-0.00086494	6856	5
KIF12	0.0066411	-0.24974	-0.59267	-0.00054733	6857	5
ETV5	-0.32893	-0.25112		-0.0015447	6858	5
FAM193B	-0.37928	-0.25233		-0.0010817	6859	5
GNG10	-0.13269	-0.25323	-0.39685	-0.00099413	6860	5
TEKT4	-0.24263	-0.25339	-0.26465	-0.001791	6861	5
RNF157-AS1	-0.12362	-0.25353	-0.39749	-0.00094139	6862	5
RSPO4	-0.13241	-0.25369	-0.39131	-0.0010323	6863	5
ZNF774	-0.39252	-0.25433	-0.10405	-0.0007872	6864	5
QPRT	-0.19138	-0.25452	-0.31934	-0.0015621	6865	5
NKAIN4	-0.014094	-0.25474	-0.57557	-0.00053589	6866	5
ADARB1	-0.43987	-0.25491	-0.066947	-0.00078858	6867	5
TRPC6	-0.17854	-0.2556	-0.33791	-0.0011562	6868	5
OSGIN1	-0.20123	-0.25594		-0.0013347	6869	5
PIPSL	-0.09589	-0.25779	-0.4188	-0.00086064	6870	5
FAM167A	-0.17747	-0.25812	-0.34754	-0.0013286	6871	5
PLPP2	-0.31891	-0.25892		-0.0012904	6872	5
KCNN3	-0.046851	-0.25943	-0.52317	-0.0006745	6873	5
STYXL1	-0.11681	-0.2595		-0.00094916	6874	5
ANKRA2	-0.15419	-0.26011		-0.0011006	6875	5
POLR2G	0.068952	-0.26038	-0.61364	-0.00044616	6876	5
MOCS1	-0.32568	-0.26076	-0.19272	-0.0013629	6877	5
C1orf226	-0.065579	-0.26085	-0.47368	-0.00064426	6878	5
TMEM266	-0.30776	-0.26177		-0.0016624	6879	5
C10orf88	-0.31329	-0.26221		-0.0016709	6880	5
FAM151B	-0.17204	-0.26282		-0.0012015	6881	5
SRD5A1	-0.1875	-0.26299	-0.34084	-0.0013967	6882	5
DNAAF2	-0.52554	-0.26332	0.0015248	-0.00060782	6883	5
HLA-DPB2	-0.17728	-0.26415	-0.36362	-0.0015337	6884	5
GOT2	-0.36646	-0.2649	-0.1569	-0.0013126	6885	5
NAMPT	-0.26899	-0.26558		-0.0015498	6886	5
SLC45A3	-0.31763	-0.26621		-0.0015269	6887	5
HLA-DQB1	-0.16293	-0.26623	-0.37517	-0.0012377	6888	5
USP37	-0.25497	-0.26683	-0.28066	-0.0016194	6889	5
NSA2	-0.13385	-0.26704		-0.0010191	6890	5
LOC339803	-0.18196	-0.26715		-0.0014621	6891	5
SEC23B	-0.15688	-0.2673		-0.0010331	6892	5
NOL10	-0.44943	-0.26735		-0.00083029	6893	5
ERC2-IT1	-0.3038	-0.26813	-0.23057	-0.0019243	6894	5
GPHN	-0.36364	-0.26822	-0.16675	-0.0013313	6895	5
GOLGA1	-0.38432	-0.26881		-0.0011755	6896	5
HMGXB4	-0.33842	-0.26903		-0.0013832	6897	5
ASAP1-IT1	-0.44978	-0.26911	-0.078656	-0.00092592	6898	5
PGD	-0.29495	-0.26965		-0.0021155	6899	5
LOC101927318	-0.13674	-0.27034	-0.40773	-0.0010658	6900	5
TCTN1	-0.23655	-0.27055	-0.30856	-0.0018214	6901	5
TBC1D14	-0.14487	-0.27125	-0.41648	-0.00098051	6902	5
TNKS	-0.37076	-0.27178	-0.16911	-0.0013317	6903	5
SNHG14	-0.56574	-0.27183	0.026457	-0.00055612	6904	5
MEIG1	-0.11518	-0.27194	-0.44276	-0.0010019	6905	5
KCTD20	-0.3256	-0.27222		-0.0019206	6906	5
TRAF5	-0.29239	-0.27237	-0.25312	-0.0016641	6907	5
NDUFAF3	-0.19814	-0.27271		-0.0014581	6908	5
DCUN1D2	-0.45334	-0.27323	-0.0528	-0.00068728	6909	5
FKBP9	-0.30947	-0.274	-0.23847	-0.0017537	6910	5
SYNDIG1L	-0.21887	-0.27434		-0.0018207	6911	5
ADORA2B	-0.17969	-0.2746	-0.37962	-0.0010967	6912	5
LPAR5	-0.43071	-0.27465		-0.00096066	6913	5
CTSK	-0.32124	-0.27485	-0.22767	-0.0014705	6914	5
ZNF224	-0.40399	-0.27535	-0.14252	-0.0011814	6915	5
WDHD1	-0.34208	-0.27624		-0.0016296	6916	5
SLC12A8	-0.46871	-0.27687	-0.078818	-0.00093872	6917	5
ZNF799	-0.36856	-0.27741		-0.0012645	6918	5
ISG15	-0.1533	-0.27761	-0.4219	-0.0012752	6919	5
DNASE1L1	-0.20649	-0.27889	-0.35523	-0.001467	6920	5
HMGB1	-0.12402	-0.27901	-0.45419	-0.0010052	6921	5
MT1F	-0.16847	-0.27985	-0.40796	-0.0010398	6922	5
ATP6V1G1	-0.35328	-0.28012	-0.20498	-0.0011634	6923	5
TMEM215	-0.27704	-0.28286	-0.29154	-0.002172	6924	5
DNAJC18	-0.35142	-0.28317	-0.21176	-0.0013974	6925	5
PRKG2	-0.29964	-0.28318		-0.0019225	6926	5
LDLRAP1	-0.37385	-0.28454	-0.19232	-0.0014567	6927	5
RRAGD	-0.14613	-0.28478	-0.45015	-0.001095	6928	5
TERF1	-0.23659	-0.28499	-0.33996	-0.001835	6929	5
SNX29P2	-0.36292	-0.28508		-0.0011125	6930	5
FBXL3	-0.37031	-0.28514		-0.001797	6931	5
CYB5B	-0.12129	-0.28526	-0.45672	-0.00098194	6932	5
KDM1B	-0.15169	-0.28537	-0.43115	-0.0010934	6933	5
MIGA2	-0.43205	-0.28546	-0.13175	-0.0010593	6934	5
ZFYVE19	-0.39461	-0.28569	-0.16721	-0.0011619	6935	5
GLDN	-0.36112	-0.28574		-0.0013851	6936	5
SPCS2	-0.23985	-0.28612	-0.33242	-0.0017601	6937	5
KCNJ2	-0.41561	-0.28623		-0.00093667	6938	5
MCF2L2	-0.40144	-0.28674	-0.1689	-0.0012852	6939	5
ETNPPL	-0.030328	-0.28691	-0.60356	-0.00063285	6940	5
PPP2R5A	-0.17882	-0.28802	-0.41138	-0.0011506	6941	5
RNASEH1	-0.32129	-0.28807	-0.25437	-0.0020193	6942	5
FOXD4L5	-0.34059	-0.28861		-0.0019333	6943	5
CDKN1B	-0.44129	-0.28967	-0.11886	-0.00085448	6944	5
LINC00654	-0.53804	-0.28997	-0.012376	-0.00065751	6945	5
PLPPR5	-0.19883	-0.29013	-0.39522	-0.0014702	6946	5
CEP112	-0.33579	-0.2903	-0.24285	-0.0022322	6947	5
HSD17B8	-0.14054	-0.29129	-0.44746	-0.0010125	6948	5
CARD16	-0.076566	-0.29192	-0.49621	-0.00085059	6949	5
FICD	-0.37777	-0.29221		-0.0012638	6950	5
METTL17	-0.48935	-0.29238	-0.061252	-0.00071436	6951	5
DHRS1	-0.35218	-0.2928		-0.0017331	6952	5
WDR62	-0.23496	-0.2929		-0.0016476	6953	5
CBLB	-0.41393	-0.29309		-0.0014204	6954	5
CBR3	-0.18229	-0.29347	-0.41056	-0.001293	6955	5
ARF4	-0.20355	-0.2942		-0.0013952	6956	5
NSD2	-0.12021	-0.29424	-0.49858	-0.00090598	6957	5
C12orf10	-0.34322	-0.29434	-0.24396	-0.0017689	6958	5
SLC25A5	-0.35511	-0.29444	-0.23047	-0.0015388	6959	5
TCTE1	-0.15377	-0.29487	-0.44071	-0.0010388	6960	5
SPATA18	-0.1827	-0.29549	-0.40403	-0.0013702	6961	5
MTF2	-0.31809	-0.29556		-0.0022617	6962	5
ZNF74	-0.35506	-0.29584	-0.23186	-0.0017594	6963	5
SREBF2	-0.20267	-0.29619	-0.39946	-0.0013185	6964	5
ZNF208	-0.30147	-0.29653		-0.00139	6965	5
CCDC96	-0.41918	-0.29703		-0.0012736	6966	5
APOM	-0.10301	-0.29725	-0.52795	-0.00079139	6967	5
EXPH5	-0.33529	-0.29776	-0.25842	-0.0018804	6968	5
TMEM47	-0.17593	-0.29779	-0.43565	-0.0012928	6969	5
MEF2A	-0.44548	-0.29788	-0.14065	-0.0011772	6970	5
CDK18	-0.34048	-0.29867		-0.0020403	6971	5
RPL27A	-0.13697	-0.29934	-0.48362	-0.0010111	6972	5
NAB1	-0.41571	-0.29983		-0.001636	6973	5
CREBBP	-0.40056	-0.29999		-0.0015762	6974	5
MCM8	-0.57253	-0.3004	-0.023311	-0.00064378	6975	5
SLC38A2	-0.59237	-0.3011	0.057385	-0.00053204	6976	5
LRRC57	-0.14282	-0.30186	-0.48491	-0.0010457	6977	5
LOXL1	-0.096269	-0.30221	-0.55644	-0.00076338	6978	5
GOLGA6C	-0.33254	-0.30264		-0.0015522	6979	5
MDM2	-0.46508	-0.30317	-0.13107	-0.0011433	6980	5
ZNF23	-0.34782	-0.30344		-0.0022381	6981	5
AKAP13	-0.33305	-0.30445	-0.27588	-0.0016075	6982	5
EIF1B	-0.38854	-0.30457	-0.2157	-0.001209	6983	5
LSM5	-0.19038	-0.30641		-0.0012999	6984	5
NKTR	-0.3941	-0.3065	-0.21205	-0.0017265	6985	5
LOC100287497	-0.42211	-0.30812	-0.1881	-0.0012713	6986	5
RSC1A1	-0.42495	-0.30836		-0.0015118	6987	5
SLC35E1	-0.46609	-0.30863		-0.001138	6988	5
CHODL	-0.25401	-0.30908	-0.3697	-0.0018423	6989	5
C1orf56	-0.22768	-0.30939		-0.0013705	6990	5
PIBF1	-0.45295	-0.31007	-0.15882	-0.0010945	6991	5
STK40	-0.52815	-0.31015	-0.06626	-0.00075519	6992	5
FAM160A1	-0.331	-0.3108		-0.0015566	6993	5
TRIM26	-0.50476	-0.3109	-0.096367	-0.00084975	6994	5
XPO5	-0.38415	-0.31127		-0.0016565	6995	5
DIABLO	-0.40676	-0.31131	-0.21024	-0.0014737	6996	5
SERTAD4-AS1	-0.49494	-0.31139	-0.095001	-0.00078879	6997	5
ST6GALNAC3	-0.32299	-0.31182		-0.0019772	6998	5
NMBR	-0.30817	-0.3126		-0.0019438	6999	5
SLC16A9	-0.16779	-0.31334	-0.481	-0.00095332	7000	5
DCTN6	-0.22686	-0.31389	-0.40114	-0.0016554	7001	5
BMP1	-0.4145	-0.31402		-0.0012861	7002	5
CSPG5	-0.28845	-0.31411	-0.3427	-0.0022349	7003	5
ANGEL2	-0.38429	-0.31435	-0.23822	-0.0016459	7004	5
MTR	-0.43586	-0.31454	-0.18024	-0.0012177	7005	5
CRYGA	-0.33605	-0.31567		-0.0014514	7006	5
CCT6B	-0.21468	-0.31585		-0.0016142	7007	5
ANKRD10	-0.29093	-0.31593		-0.001829	7008	5
PFKL	-0.13639	-0.31684	-0.51208	-0.00081754	7009	5
EDN3	-0.33475	-0.31792	-0.30175	-0.0022691	7010	5
COX4I1	-0.27642	-0.31839		-0.0021341	7011	5
BMP2	-0.44588	-0.3192	-0.19203	-0.001462	7012	5
ZIM2	-0.48352	-0.31967	-0.14311	-0.0010459	7013	5
TMEM8B	-0.23002	-0.32073	-0.42454	-0.0016904	7014	5
ARID3A	-0.39972	-0.32081		-0.0014601	7015	5
MINDY3	-0.46255	-0.32104	-0.1665	-0.0010576	7016	5
PPP2R5D	-0.49981	-0.32126	-0.12009	-0.00094009	7017	5
ZCCHC8	-0.6071	-0.32241	-0.031832	-0.00072777	7018	5
GPATCH8	-0.58681	-0.32291	-0.016498	-0.00062593	7019	5
SLC16A8	-0.20506	-0.32311	-0.46055	-0.0012922	7020	5
PPIL2	-0.23603	-0.32317	-0.42373	-0.0014264	7021	5
VBP1	-0.11004	-0.32327	-0.55136	-0.00089171	7022	5
SMYD2	-0.34824	-0.32333	-0.29812	-0.0023844	7023	5
BOLA3-AS1	-0.33829	-0.32401		-0.0022405	7024	5
CTSO	-0.23053	-0.32562	-0.43593	-0.0015166	7025	5
HMBS	-0.43316	-0.3261	-0.21075	-0.0013298	7026	5
FBXW11	-0.25287	-0.32645		-0.0016246	7027	5
RPS27A	-0.18868	-0.32704		-0.0013251	7028	5
AP1S3	-0.42805	-0.32705	-0.21869	-0.0014444	7029	5
SWSAP1	-0.28851	-0.32776		-0.0017558	7030	5
LEO1	-0.4831	-0.32807	-0.1662	-0.0011353	7031	5
TP53BP2	-0.18773	-0.32815	-0.48351	-0.0012192	7032	5
NOS1AP	-0.37781	-0.32815		-0.0017961	7033	5
ERICH3	-0.19122	-0.32823	-0.48882	-0.001244	7034	5
PIK3CG	-0.25768	-0.32829	-0.39616	-0.001769	7035	5
TTC31	-0.4464	-0.32888		-0.001579	7036	5
TMLHE	-0.47857	-0.32949		-0.0011253	7037	5
LRRC27	-0.20696	-0.33008	-0.45357	-0.0012469	7038	5
EYA3	-0.4984	-0.33022	-0.14714	-0.0011132	7039	5
PRKY	-0.24896	-0.33029		-0.0014305	7040	5
GPR135	-0.3925	-0.33052		-0.0018324	7041	5
KLHDC10	-0.34558	-0.33236		-0.0015989	7042	5
SYNE2	-0.43445	-0.33519	-0.22673	-0.00147	7043	5
PGBD5	-0.28531	-0.33529		-0.001945	7044	5
GMNN	-0.42489	-0.33548		-0.0016858	7045	5
GLMN	-0.5553	-0.33573	-0.10317	-0.00081421	7046	5
PPP1R12B	-0.60174	-0.33626	-0.012116	-0.00063147	7047	5
ENTPD3	-0.63017	-0.33746	0.0076406	-0.00060399	7048	5
TSPAN9	-0.49177	-0.33771	-0.15764	-0.00092023	7049	5
TRABD	-0.55553	-0.33929	-0.11312	-0.001023	7050	5
HTR3A	-0.19559	-0.34109	-0.51423	-0.0011915	7051	5
FAHD2A	-0.2601	-0.34128		-0.0016975	7052	5
NOP9	-0.47342	-0.3413		-0.0015454	7053	5
MROH5	-0.42094	-0.34166	-0.25899	-0.0017176	7054	5
SERTAD2	-0.48416	-0.34187		-0.0014276	7055	5
SORBS2	-0.22615	-0.34502	-0.4845	-0.0015046	7056	5
CARMIL2	-0.48275	-0.34507		-0.0010084	7057	5
ATP10A	-0.42069	-0.34561	-0.26586	-0.0017914	7058	5
PIWIL4	-0.32179	-0.34679	-0.37453	-0.0023516	7059	5
SDHAF2	-0.47221	-0.34759	-0.20886	-0.0012128	7060	5
ABCB9	-0.49775	-0.34769	-0.1809	-0.0011548	7061	5
LAMTOR1	-0.29585	-0.34848		-0.0021167	7062	5
GABARAP	-0.018814	-0.3485	-0.65284	-0.0006172	7063	5
AR	-0.45396	-0.34883	-0.23304	-0.001363	7064	5
NEK10	-0.38026	-0.34904	-0.31495	-0.0024012	7065	5
SEMA3C	-0.37818	-0.34905	-0.32127	-0.0022167	7066	5
TBCA	0.03752	-0.34963	-0.80096	-0.00051201	7067	5
ZNF140	-0.37251	-0.34971		-0.0022383	7068	5
C3orf35	-0.70734	-0.34986	0.056951	-0.00053652	7069	5
REV1	-0.41198	-0.35024	-0.28461	-0.0022007	7070	5
WDR49	-0.32643	-0.35055	-0.37722	-0.0025532	7071	5
NEFM	-0.42036	-0.35381	-0.28553	-0.0018509	7072	5
ANAPC4	-0.43591	-0.35476	-0.26764	-0.0021414	7073	5
GDPD2	-0.20688	-0.35586	-0.52915	-0.0012319	7074	5
FAM172A	-0.32495	-0.35595	-0.39157	-0.0026028	7075	5
PLEKHH3	-0.72046	-0.35654	0.10281	-0.00052804	7076	5
RCC1L	-0.46201	-0.35683	-0.24349	-0.0016334	7077	5
ARHGAP44	-0.48812	-0.35798	-0.22232	-0.0014249	7078	5
PCDH17	-0.1831	-0.35801	-0.53023	-0.0009814	7079	5
SEPT14	-0.53343	-0.35842	-0.17606	-0.0012573	7080	5
ZNF385B	-0.56396	-0.35864	-0.13957	-0.00096766	7081	5
NTRK2	-0.22962	-0.35901	-0.51033	-0.0013162	7082	5
PCCA	-0.37688	-0.35921		-0.0025602	7083	5
TBCE	-0.47975	-0.35924	-0.22399	-0.0012447	7084	5
ZNF502	-0.47713	-0.36084	-0.234	-0.0014281	7085	5
SGO2	-0.53456	-0.36085	-0.18448	-0.0011601	7086	5
ZNRF2	-0.29514	-0.36114		-0.0019827	7087	5
RET	-0.55191	-0.36152	-0.12757	-0.00086113	7088	5
TBC1D19	-0.49269	-0.36173	-0.22011	-0.001371	7089	5
PLEKHG1	-0.54905	-0.3618	-0.18033	-0.0013393	7090	5
EXOSC8	-0.30756	-0.3619	-0.42323	-0.002089	7091	5
PPP1R9B	-0.25086	-0.36193	-0.48812	-0.0017205	7092	5
KIAA0319	-0.33628	-0.36195	-0.39033	-0.0022952	7093	5
RWDD3	-0.26663	-0.36287		-0.0016839	7094	5
EHD1	-0.39082	-0.36327		-0.0019284	7095	5
TAF6	-0.34134	-0.36327		-0.001878	7096	5
IFRD1	-0.4071	-0.36334		-0.0023235	7097	5
EMC7	-0.091554	-0.36372	-0.60673	-0.00076531	7098	5
SMARCE1	-0.28119	-0.36429	-0.45967	-0.0018332	7099	5
RUNX1T1	-0.32582	-0.36566	-0.41031	-0.0022418	7100	5
XYLB	-0.44263	-0.36586	-0.28238	-0.0020002	7101	5
CHMP2A	-0.1517	-0.36774	-0.57484	-0.00094214	7102	5
RBM22	-0.46676	-0.36782	-0.26234	-0.0017265	7103	5
SSNA1	-0.41017	-0.36795		-0.0015768	7104	5
AMZ2P1	-0.18949	-0.36882	-0.57	-0.0012255	7105	5
MRPL12	-0.38527	-0.37019	-0.35529	-0.0026266	7106	5
STX8	-0.47023	-0.37023	-0.26267	-0.0016292	7107	5
LINC00950	-0.38798	-0.37145	-0.35374	-0.0027728	7108	5
IER2	-0.5257	-0.37169	-0.19486	-0.0011313	7109	5
UBE2H	-0.37792	-0.37245		-0.0024128	7110	5
LOC728743	-0.53845	-0.37393	-0.19055	-0.0010954	7111	5
CEP19	-0.46664	-0.37429		-0.0017663	7112	5
GNG2	0.041026	-0.37449	-0.86126	-0.00054257	7113	5
PRKAR1A	-0.51317	-0.37455		-0.0014856	7114	5
RABGGTB	-0.36992	-0.37549		-0.0025049	7115	5
PROX1	-0.4384	-0.37583		-0.002609	7116	5
ZNF354B	-0.53721	-0.37598	-0.21279	-0.0013911	7117	5
TJP2	-0.37452	-0.37662		-0.0025672	7118	5
TMA7	-0.20822	-0.37688	-0.55766	-0.0012715	7119	5
GSTT1	-0.46931	-0.37707	-0.27894	-0.0017619	7120	5
SCARB1	-0.42024	-0.37741		-0.0022135	7121	5
CD2AP	-0.48493	-0.37766		-0.001361	7122	5
HACD4	-0.10612	-0.37815	-0.70378	-0.00083004	7123	5
KIF23	-0.4309	-0.37892	-0.32817	-0.0024231	7124	5
MCRS1	-0.56441	-0.37897	-0.17004	-0.00087504	7125	5
LINC01176	-0.33776	-0.37908		-0.0026971	7126	5
ZNF846	-0.3069	-0.37915		-0.0017255	7127	5
TRRAP	-0.52028	-0.37946	-0.2344	-0.00152	7128	5
RIMKLB	-0.26105	-0.37964	-0.51447	-0.0015245	7129	5
PSME1	-0.11093	-0.38002	-0.72291	-0.00082377	7130	5
NDUFA10	-0.61852	-0.3801	-0.1349	-0.00099004	7131	5
KIAA1324L	-0.54595	-0.38028	-0.20626	-0.0012071	7132	5
FMO1	-0.42514	-0.38048		-0.0019099	7133	5
AKIRIN1	-0.20653	-0.38073		-0.0012218	7134	5
OR7E91P	-0.5389	-0.3809		-0.0015271	7135	5
KYNU	-0.3324	-0.38105	-0.42923	-0.0023804	7136	5
WIPI2	-0.29482	-0.3818	-0.48233	-0.0017375	7137	5
COL9A3	-0.44028	-0.38243		-0.0019463	7138	5
NSUN2	-0.51309	-0.38259		-0.0015115	7139	5
ECH1	-0.27547	-0.38264	-0.49332	-0.0016492	7140	5
ZDHHC18	-0.48547	-0.38266	-0.26964	-0.0016206	7141	5
NNAT	-0.23852	-0.38289	-0.55704	-0.00142	7142	5
VGLL4	-0.5591	-0.38334	-0.21038	-0.0014064	7143	5
INSR	-0.64026	-0.38343	-0.095574	-0.00077013	7144	5
IL6ST	-0.49706	-0.38364	-0.25987	-0.0014327	7145	5
ZNF395	-0.40767	-0.38365	-0.35758	-0.0027071	7146	5
KIF3B	-0.36563	-0.38389		-0.002306	7147	5
HIST1H4C	-0.40098	-0.38439		-0.002938	7148	5
C11orf80	-0.39459	-0.38473		-0.002249	7149	5
NUP188	-0.50316	-0.3848		-0.0017557	7150	5
CDKL2	-0.46603	-0.38498		-0.0016367	7151	5
GGT6	-0.4396	-0.38545		-0.0025767	7152	5
LOH12CR2	-0.17103	-0.38591	-0.65327	-0.0010407	7153	5
ZNF280D	-0.58526	-0.38598	-0.17892	-0.0012093	7154	5
ADAMTS4	-0.44506	-0.3873		-0.0020383	7155	5
FKBP9P1	-0.47162	-0.3883		-0.0018246	7156	5
ARHGAP23	-0.27545	-0.38977	-0.49878	-0.0014303	7157	5
CXADR	-0.29798	-0.39083	-0.50048	-0.0017693	7158	5
MGMT	-0.15054	-0.39123	-0.66523	-0.00084949	7159	5
SPATA1	-0.27025	-0.39163	-0.52722	-0.0014888	7160	5
DLGAP3	-0.29552	-0.39176	-0.49996	-0.00191	7161	5
PRKG1	-0.31568	-0.39328	-0.4823	-0.0018844	7162	5
BRIX1	-0.49557	-0.39354	-0.28503	-0.0015023	7163	5
GMFG	-0.11448	-0.39419	-0.65129	-0.00081297	7164	5
UTP3	-0.35466	-0.3958		-0.0022728	7165	5
HAUS8	-0.57187	-0.39609	-0.20243	-0.0011526	7166	5
PLA2G7	-0.33598	-0.39611	-0.45421	-0.0024815	7167	5
SMAD6	-0.38813	-0.3962		-0.0024062	7168	5
ARL4A	-0.39079	-0.39679	-0.40547	-0.0026504	7169	5
PCDHB5	-0.4436	-0.39682		-0.0028158	7170	5
CHM	-0.52515	-0.39692	-0.26976	-0.0017086	7171	5
ETHE1	-0.43771	-0.39746	-0.35668	-0.0021848	7172	5
TLR3	-0.30367	-0.39791	-0.50272	-0.0018754	7173	5
LINC02076	-0.17328	-0.39818	-0.68189	-0.00099591	7174	5
DDX49	-0.28693	-0.3985		-0.0013951	7175	5
MFSD8	-0.49353	-0.40003		-0.0022649	7176	5
ATP5ME	-0.20943	-0.40025	-0.57842	-0.0011717	7177	5
FAM86EP	-0.23604	-0.40242	-0.56421	-0.001251	7178	5
MORN5	-0.23615	-0.40246	-0.56702	-0.0013888	7179	5
BLOC1S6	-0.16302	-0.40318	-0.66103	-0.00097324	7180	5
ZNF517	-0.32324	-0.40345	-0.4863	-0.0022257	7181	5
SP9	-0.53592	-0.40347	-0.25724	-0.0013729	7182	5
GBP4	-0.42356	-0.40364		-0.0023618	7183	5
PDE4B	-0.53412	-0.4042	-0.27078	-0.0015393	7184	5
ADCY4	-0.45492	-0.4042		-0.0022222	7185	5
ENAH	-0.38725	-0.40523		-0.0030415	7186	5
CACNA1H	-0.11337	-0.40613	-0.68759	-0.00078028	7187	5
BVES	-0.47298	-0.40698		-0.0022365	7188	5
P4HA2	-0.29877	-0.4071	-0.52882	-0.0014098	7189	5
TP53I11	-0.31572	-0.40756	-0.51467	-0.0020562	7190	5
AKAP17A	-0.51597	-0.40797		-0.0017346	7191	5
SIKE1	-0.55643	-0.40819	-0.25313	-0.0014936	7192	5
TLR5	-0.3041	-0.40893	-0.52706	-0.0018483	7193	5
SON	-0.53914	-0.40909	-0.27032	-0.001493	7194	5
GJC2	-0.47924	-0.40913	-0.34	-0.002308	7195	5
FGGY	-0.15491	-0.40931	-0.70229	-0.00087054	7196	5
RASA2	-0.47262	-0.40949		-0.0024449	7197	5
LRRC43	-0.46642	-0.40959		-0.0022087	7198	5
KIAA0895L	-0.4684	-0.40979	-0.34582	-0.002524	7199	5
LOC101928303	-0.43324	-0.41028		-0.0024455	7200	5
SMAD2	-0.21447	-0.41034	-0.6589	-0.0011417	7201	5
SH3D21	-0.5744	-0.41071		-0.0014512	7202	5
RINT1	-0.53719	-0.41159	-0.28022	-0.0016887	7203	5
SYTL4	-0.3212	-0.41194	-0.51398	-0.0018043	7204	5
NFKBIA	-0.57263	-0.41233	-0.23165	-0.001194	7205	4
ZNF487	-0.60069	-0.41253	-0.19011	-0.0010334	7206	4
MAPK1	-0.24839	-0.41287	-0.61732	-0.0013814	7207	4
AGA	-0.3179	-0.41317	-0.50932	-0.0015891	7208	4
RNF144B	-0.48664	-0.41361		-0.0018718	7209	4
ZNF268	-0.61636	-0.4141	-0.18584	-0.00106	7210	4
RSPH1	-0.25491	-0.41446	-0.60497	-0.0014325	7211	4
CRABP2	-0.43865	-0.41455		-0.0018531	7212	4
GPR37	-0.48165	-0.41475		-0.0020574	7213	4
EDNRB	-0.21927	-0.41571	-0.65907	-0.0011106	7214	4
UBXN8	-0.269	-0.41618	-0.54865	-0.0015913	7215	4
PASK	-0.6219	-0.41631	-0.17472	-0.001019	7216	4
RADIL	-0.53318	-0.41729	-0.29621	-0.0020982	7217	4
PCDH12	-0.47457	-0.41763	-0.35966	-0.002416	7218	4
IL32	-0.44674	-0.41852		-0.00337	7219	4
ARL17A	-0.47519	-0.41875	-0.35792	-0.0027099	7220	4
FAM86FP	-0.23807	-0.41945	-0.60444	-0.0012168	7221	4
S1PR1	-0.32005	-0.41978	-0.53359	-0.0018226	7222	4
HERC5	-0.26659	-0.41981	-0.59658	-0.001531	7223	4
ANXA4	-0.38091	-0.41989	-0.45942	-0.0029006	7224	4
PTCHD4	-0.54634	-0.41991	-0.2849	-0.0018729	7225	4
STRN	-0.67028	-0.42012	-0.10834	-0.00080997	7226	4
NME4	-0.28542	-0.4211	-0.57195	-0.0015807	7227	4
TRPT1	-0.49173	-0.42118	-0.34907	-0.0022936	7228	4
COX4I2	-0.43855	-0.42187		-0.0032429	7229	4
IL17RB	-0.34023	-0.42449	-0.51709	-0.0020111	7230	4
BRINP1	-0.58626	-0.42512	-0.25257	-0.0012004	7231	4
LOC100049716	-0.30257	-0.42616	-0.55546	-0.0017417	7232	4
MRAP	-0.43728	-0.42635		-0.0021482	7233	4
NDUFB10	-0.3929	-0.42635		-0.0027099	7234	4
TMEM17	-0.13949	-0.42671	-0.77282	-0.00087815	7235	4
GOLGA6L10	-0.58563	-0.42741	-0.26248	-0.0017346	7236	4
VMP1	-0.50847	-0.42757	-0.34502	-0.0020751	7237	4
CMIP	-0.30529	-0.42776	-0.57331	-0.0016428	7238	4
IL17RD	-0.2757	-0.42842	-0.61042	-0.0014226	7239	4
IZUMO1R	-0.55796	-0.4288		-0.0017652	7240	4
KCNJ14	-0.53719	-0.42916	-0.31512	-0.0016788	7241	4
PCP4L1	-0.57299	-0.42952	-0.26424	-0.0013625	7242	4
RPL35	-0.27797	-0.43013	-0.59938	-0.0015986	7243	4
ECHS1	-0.29825	-0.43014	-0.55337	-0.0016986	7244	4
AP5S1	-0.32009	-0.43046		-0.0018934	7245	4
GXYLT2	-0.29375	-0.43073	-0.56643	-0.0012005	7246	4
C19orf53	-0.33697	-0.43211	-0.53174	-0.0018064	7247	4
HMGB2	-0.54753	-0.4322	-0.31525	-0.0017705	7248	4
ZBED3	-0.55072	-0.43222		-0.0017285	7249	4
PPIP5K1	-0.54408	-0.43263	-0.31305	-0.0021051	7250	4
SDF2L1	-0.31287	-0.43273	-0.54804	-0.0018569	7251	4
ITM2C	-0.36172	-0.43286		-0.0020551	7252	4
ABCA7	-0.54619	-0.43288	-0.3149	-0.0020622	7253	4
MIB2	-0.67193	-0.43437	-0.202	-0.0012543	7254	4
TRAM1L1	-0.33293	-0.43438		-0.0016036	7255	4
LINC00476	-0.59364	-0.43552	-0.25427	-0.0013516	7256	4
SCAMP2	-0.42966	-0.43646		-0.0026188	7257	4
RAPSN	-0.28623	-0.43706		-0.0013421	7258	4
RAE1	-0.36153	-0.4374	-0.52304	-0.001851	7259	4
TNIK	-0.28329	-0.43778	-0.62194	-0.0015505	7260	4
MYOZ3	-0.51067	-0.43801	-0.36466	-0.0022332	7261	4
THEMIS2	-0.50551	-0.43897	-0.37239	-0.00269	7262	4
TUBE1	-0.67056	-0.43911	-0.2114	-0.0013435	7263	4
BOLA3	-0.45989	-0.43956		-0.0027124	7264	4
CASP3	-0.61168	-0.43976	-0.26076	-0.001462	7265	4
MMP15	-0.54779	-0.43984	-0.32806	-0.0022305	7266	4
PHYH	-0.65779	-0.44029	-0.17381	-0.00091519	7267	4
MMP14	-0.46014	-0.44051		-0.003048	7268	4
PPCDC	-0.44298	-0.44071		-0.0024275	7269	4
ZCCHC4	-0.56441	-0.44091	-0.31308	-0.0018491	7270	4
PPTC7	-0.51715	-0.44122	-0.36294	-0.0022355	7271	4
TBC1D4	-0.59708	-0.44137	-0.2713	-0.0014007	7272	4
NHS	-0.40456	-0.44161		-0.0030821	7273	4
C7orf13	-0.35777	-0.44172	-0.53935	-0.0021683	7274	4
SPIN4	-0.39554	-0.44375	-0.50045	-0.002034	7275	4
MYO10	-0.36564	-0.44394		-0.0022874	7276	4
MST1P2	-0.53441	-0.44412		-0.0022624	7277	4
FANCE	-0.46502	-0.44451		-0.0031807	7278	4
C12orf49	-0.4897	-0.44462	-0.39972	-0.002723	7279	4
P3H1	-0.59592	-0.44568	-0.27998	-0.0015612	7280	4
CLINT1	-0.36798	-0.44638		-0.0020168	7281	4
SKI	-0.52741	-0.44645		-0.0027844	7282	4
UBE4B	-0.56261	-0.44673	-0.32437	-0.001778	7283	4
KRT8	-0.57547	-0.44729	-0.30842	-0.0018282	7284	4
PIN4P1	-0.65026	-0.44731	-0.22234	-0.0012668	7285	4
GGT7	-0.60824	-0.44734	-0.27103	-0.0013808	7286	4
NPTX1	-0.38369	-0.44768	-0.52302	-0.002544	7287	4
HSF1	-0.46323	-0.44797		-0.0022663	7288	4
COLCA1	-0.36295	-0.44818	-0.54079	-0.0022763	7289	4
ZNF271P	-0.48385	-0.4482		-0.0035275	7290	4
S1PR5	-0.50486	-0.44863		-0.0020585	7291	4
GJC1	-0.60732	-0.4491	-0.28231	-0.0014715	7292	4
UFC1	-0.13653	-0.44956	-0.74729	-0.00084813	7293	4
IDH3G	-0.50579	-0.45005	-0.39434	-0.0029405	7294	4
GNL2	-0.5387	-0.4502	-0.35708	-0.0016307	7295	4
SLC25A16	-0.56569	-0.45033	-0.3341	-0.0022086	7296	4
STAG1	-0.60262	-0.4513	-0.29095	-0.0017092	7297	4
GPAT3	-0.57969	-0.45164	-0.31051	-0.0014874	7298	4
OSBPL11	-0.43474	-0.45286	-0.47339	-0.003009	7299	4
SAMD4A	-0.35358	-0.45302	-0.54829	-0.0019857	7300	4
CAMSAP1	-0.38762	-0.45473		-0.002312	7301	4
FGD5	-0.53002	-0.4549	-0.37654	-0.0021669	7302	4
AKT3	-0.55088	-0.45492	-0.35724	-0.0017453	7303	4
LOC100506125	-0.36924	-0.45555		-0.0021751	7304	4
PRR5	-0.23704	-0.45601	-0.70023	-0.0011115	7305	4
SNCG	-0.24729	-0.45649	-0.66685	-0.0013265	7306	4
TMSB15B	-0.46885	-0.45669	-0.44501	-0.0032542	7307	4
RREB1	-0.34819	-0.45683	-0.56471	-0.0018	7308	4
NUP205	-0.61072	-0.45694		-0.001799	7309	4
PYDC1	-0.27551	-0.45699	-0.6857	-0.0014732	7310	4
ZNF670	-0.68305	-0.45724	-0.2072	-0.0011123	7311	4
RBM28	-0.60046	-0.45809		-0.0018849	7312	4
ZFP14	-0.70305	-0.45905	-0.20451	-0.0010855	7313	4
DRAM1	-0.29832	-0.45957	-0.61542	-0.0013618	7314	4
WWP1	-0.50998	-0.45983	-0.41131	-0.0030055	7315	4
TEF	-0.39008	-0.46087		-0.0024403	7316	4
GDE1	-0.30996	-0.46159	-0.60093	-0.0015936	7317	4
DIRAS3	-0.33027	-0.46279	-0.62358	-0.0018221	7318	4
HOMER2	-0.49308	-0.46315		-0.0036006	7319	4
HMCES	-0.61357	-0.46339	-0.29277	-0.0013806	7320	4
CCDC93	-0.56056	-0.46475		-0.0020456	7321	4
SIAH2	-0.60872	-0.46655	-0.31037	-0.0016637	7322	4
LINC01521	-0.45416	-0.46657		-0.0032823	7323	4
DENND1C	-0.37488	-0.46673	-0.57288	-0.0025212	7324	4
MT1JP	-0.34818	-0.46698	-0.59922	-0.0017903	7325	4
TMEM63A	-0.53179	-0.46752		-0.0025583	7326	4
MT1G	-0.31129	-0.46808	-0.64741	-0.0014266	7327	4
ZMYM5	-0.7105	-0.46821	-0.22888	-0.0013177	7328	4
P3H2	-0.38694	-0.46839	-0.56131	-0.0019339	7329	4
REPIN1	-0.58881	-0.46913	-0.33685	-0.0016786	7330	4
SMIM27	-0.2674	-0.46963	-0.68806	-0.0013679	7331	4
C15orf61	-0.4806	-0.46978		-0.0024314	7332	4
RNASEH2C	-0.13644	-0.46995	-0.86799	-0.00082975	7333	4
MIER1	-0.66788	-0.47003	-0.24805	-0.0012794	7334	4
IQCD	-0.35145	-0.47023	-0.60338	-0.0016722	7335	4
EIF4EBP1	-0.31186	-0.47039	-0.66276	-0.0015236	7336	4
FLJ37453	-0.39045	-0.4704		-0.0019825	7337	4
FAM96B	-0.41287	-0.47041	-0.5272	-0.003021	7338	4
CARD17	-0.22829	-0.47111	-0.72886	-0.0011972	7339	4
FAH	-0.22004	-0.47151	-0.76738	-0.0010832	7340	4
S100A13	-0.31494	-0.47175	-0.64642	-0.0014251	7341	4
GPR19	-0.5616	-0.47276	-0.37777	-0.0027225	7342	4
IL13RA2	-0.2813	-0.47287	-0.71591	-0.0014637	7343	4
OTUD5	-0.4007	-0.47288		-0.0019084	7344	4
BHMT2	-0.30515	-0.47327	-0.63595	-0.0015087	7345	4
PTK7	-0.54705	-0.4733		-0.0027476	7346	4
FOXK1	-0.72294	-0.47405	-0.22015	-0.0011446	7347	4
RAB5A	-0.3897	-0.47411		-0.0025412	7348	4
C22orf23	-0.29677	-0.4745	-0.67513	-0.0015128	7349	4
RPL37A	-0.36835	-0.47462	-0.59392	-0.0023371	7350	4
CEP89	-0.3217	-0.47558	-0.64831	-0.0016822	7351	4
MAGI2	-0.50738	-0.47606		-0.0030694	7352	4
CACNG1	-0.31102	-0.47679	-0.67129	-0.0014571	7353	4
PRADC1	-0.55	-0.47713	-0.40272	-0.0021721	7354	4
TUB	-0.39341	-0.47769	-0.57348	-0.0023099	7355	4
C6orf141	-0.42435	-0.47818	-0.53885	-0.0030904	7356	4
RPS11	-0.36134	-0.47835		-0.0021607	7357	4
ASB5	-0.45584	-0.47837	-0.50677	-0.0031291	7358	4
HCN4	-0.40417	-0.47873	-0.55408	-0.0020766	7359	4
DMBT1	-0.5357	-0.47917	-0.42307	-0.0028438	7360	4
ZC3H12C	-0.61572	-0.47972		-0.0018471	7361	4
NRDE2	-0.62531	-0.48023	-0.33572	-0.0019872	7362	4
CRYBG3	-0.50267	-0.48206	-0.46242	-0.0032319	7363	4
PKNOX1	-0.42783	-0.4841	-0.54927	-0.0028484	7364	4
CEP78	-0.54514	-0.48414		-0.0031545	7365	4
BUB1B	-0.5218	-0.4848	-0.44473	-0.003233	7366	4
FANCG	-0.52926	-0.48484	-0.43524	-0.0029854	7367	4
SLC1A4	-0.3066	-0.48507	-0.69582	-0.0014426	7368	4
RPL7L1	-0.37198	-0.48513		-0.0021196	7369	4
NVL	-0.57383	-0.48594	-0.38914	-0.0025258	7370	4
AK6	-0.37039	-0.48607		-0.0021568	7371	4
ALG3	-0.5939	-0.4872	-0.37282	-0.00193	7372	4
LRRC17	-0.57517	-0.4887	-0.39533	-0.0023298	7373	4
DNAJB1	-0.47184	-0.48893	-0.50924	-0.0023846	7374	4
GNG12	-0.32484	-0.48895	-0.67932	-0.0015782	7375	4
MORC4	-0.43929	-0.4895		-0.0031286	7376	4
LIAS	-0.59749	-0.48967	-0.38111	-0.0021574	7377	4
CCDC92	-0.51917	-0.48982	-0.46153	-0.0039222	7378	4
ZNF660	-0.55933	-0.49023	-0.41507	-0.003614	7379	4
LOC100132831	-0.4901	-0.49328	-0.4971	-0.003023	7380	4
TP53RK	-0.56344	-0.49446		-0.0029274	7381	4
SLC20A2	-0.56691	-0.49475	-0.42211	-0.002782	7382	4
C7orf50	-0.36538	-0.49476		-0.0020583	7383	4
GRN	-0.41529	-0.49503	-0.57662	-0.0023057	7384	4
LINC00937	-0.31812	-0.49508	-0.70389	-0.0013025	7385	4
ABHD10	-0.59178	-0.49546		-0.0028429	7386	4
CFAP36	-0.5398	-0.49561		-0.0023216	7387	4
FUT11	-0.6165	-0.49596	-0.37221	-0.0022128	7388	4
HNRNPU	-0.60706	-0.49635	-0.37772	-0.0027468	7389	4
SCARF2	-0.70629	-0.49638	-0.28392	-0.0014549	7390	4
FLT3	-0.62362	-0.49698	-0.35992	-0.0018353	7391	4
TRIM5	-0.48449	-0.49712		-0.0034478	7392	4
MGC2889	-0.4808	-0.49719	-0.51889	-0.0038101	7393	4
POLR3G	-0.56112	-0.49721	-0.43573	-0.002904	7394	4
EXTL2	-0.71378	-0.49783	-0.24332	-0.0010222	7395	4
ATP5PB	-0.40878	-0.49816	-0.58313	-0.0026399	7396	4
PSME4	-0.59211	-0.49831		-0.0022443	7397	4
FDXR	-0.36486	-0.49876	-0.65604	-0.001898	7398	4
N4BP2L2	-0.69309	-0.49897	-0.29156	-0.0015079	7399	4
ATF1	-0.56068	-0.49941		-0.0032632	7400	4
GALR1	-0.69702	-0.4997	-0.29028	-0.0014856	7401	4
ETF1	-0.36224	-0.49989		-0.0018234	7402	4
SHPRH	-0.58899	-0.50051	-0.40414	-0.0027873	7403	4
TMEM132E	-0.652	-0.50052	-0.33466	-0.0017337	7404	4
LAMC3	-0.42188	-0.50067	-0.58216	-0.002134	7405	4
MRPS10	-0.44353	-0.50069		-0.0024952	7406	4
AAR2	-0.5886	-0.50102		-0.0033916	7407	4
TSPAN12	-0.41517	-0.50187		-0.0023099	7408	4
NRSN2-AS1	-0.4366	-0.50221		-0.0021535	7409	4
ZSCAN5A	-0.43061	-0.50296	-0.57446	-0.003109	7410	4
PNPLA4	-0.3623	-0.50302	-0.65453	-0.0018113	7411	4
NPL	-0.4323	-0.5033		-0.0028391	7412	4
LMO7	-0.52677	-0.50335	-0.48432	-0.0034817	7413	4
CD81	-0.41017	-0.50349		-0.0022383	7414	4
NDUFS6	-0.32655	-0.50385		-0.0015763	7415	4
MATK	-0.59763	-0.50531	-0.41131	-0.0022366	7416	4
FAM43A	-0.68845	-0.50545	-0.29522	-0.0012949	7417	4
CTSZ	-0.59496	-0.50548	-0.4149	-0.0028093	7418	4
RPSAP9	-0.57983	-0.50577	-0.4299	-0.0026754	7419	4
KLF5	-0.52902	-0.50615		-0.0033993	7420	4
IQCK	-0.35626	-0.50704	-0.68313	-0.0017058	7421	4
CCND1	-0.52379	-0.50944		-0.0029703	7422	4
STAM	-0.65168	-0.50977		-0.0025287	7423	4
SACS	-0.59123	-0.50992	-0.42899	-0.0026482	7424	4
JAKMIP1	-0.34784	-0.51056	-0.70753	-0.001715	7425	4
RINL	-0.52445	-0.51075	-0.4981	-0.0036158	7426	4
CA14	-0.55966	-0.51086		-0.0028658	7427	4
MAPKAP1	-0.39045	-0.5118	-0.63977	-0.0020843	7428	4
MEX3A	-0.33174	-0.51338	-0.70497	-0.001529	7429	4
YY2	-0.58165	-0.51412		-0.0026871	7430	4
XKR4	-0.38649	-0.51445	-0.67126	-0.0020218	7431	4
PROSER1	-0.63688	-0.51482	-0.38191	-0.0017847	7432	4
ASH1L	-0.65143	-0.51491	-0.36194	-0.0018054	7433	4
MYH15	-0.33524	-0.51541	-0.69998	-0.0015556	7434	4
MSRB2	-0.41107	-0.5157	-0.62317	-0.0019579	7435	4
SCRG1	-0.41013	-0.51731	-0.62062	-0.0022774	7436	4
LRPPRC	-0.63755	-0.51765	-0.39263	-0.0018575	7437	4
SEC62	-0.73191	-0.51807	-0.29759	-0.0014511	7438	4
SGCZ	-0.56512	-0.51814	-0.4741	-0.0027581	7439	4
ATP2B3	-0.69196	-0.51824	-0.31872	-0.0013145	7440	4
FKBP10	-0.47346	-0.5184		-0.0032073	7441	4
NDUFV2	-0.52213	-0.51976		-0.0038028	7442	4
LOC728715	-0.37572	-0.5199	-0.69095	-0.002044	7443	4
MIR4453HG	-0.61667	-0.52003		-0.0026728	7444	4
GZMB	-0.58409	-0.52008		-0.0025364	7445	4
EWSR1	-0.63923	-0.52012	-0.4021	-0.0026652	7446	4
SLC52A2	-0.48703	-0.5205	-0.55854	-0.0026383	7447	4
JMJD6	-0.74065	-0.52156	-0.30052	-0.0015201	7448	4
HYLS1	-0.71355	-0.52181	-0.30634	-0.0011561	7449	4
VPS37C	-0.32824	-0.5221	-0.75992	-0.0015755	7450	4
ASPSCR1	-0.69203	-0.52304	-0.3355	-0.0016042	7451	4
TINCR	-0.42395	-0.52319	-0.63928	-0.002176	7452	4
CHEK1	-0.51851	-0.5236	-0.52948	-0.0037099	7453	4
FPGS	-0.45268	-0.52454		-0.0028363	7454	4
PPIL4	-0.44998	-0.52458		-0.0022843	7455	4
PRMT2	-0.25096	-0.52513	-0.81199	-0.0010398	7456	4
KHDRBS1	-0.48782	-0.52532		-0.0029761	7457	4
ANKDD1A	-0.45192	-0.52575	-0.60909	-0.0024198	7458	4
ADIPOR1	-0.27429	-0.5268	-0.84043	-0.0013105	7459	4
PLAA	-0.59307	-0.52695		-0.002532	7460	4
SNHG16	-0.38032	-0.52707		-0.0019429	7461	4
TTC25	-0.59738	-0.52719	-0.45273	-0.0030167	7462	4
ARID5B	-0.82468	-0.52723	-0.22019	-0.0011803	7463	4
EHF	-0.60644	-0.52771	-0.44968	-0.0030559	7464	4
POLB	-0.51341	-0.52787		-0.0037187	7465	4
TCF4	-0.5806	-0.52795	-0.47254	-0.0036814	7466	4
PFDN5	-0.40026	-0.52915		-0.0019581	7467	4
GSTM1	-0.38783	-0.52995	-0.6955	-0.0020009	7468	4
CDK9	-0.56466	-0.53001		-0.003926	7469	4
PDCD6IP	-0.70012	-0.53012	-0.3392	-0.0014515	7470	4
SNTA1	-0.41737	-0.53058	-0.65769	-0.0022165	7471	4
ZDHHC15	-0.37392	-0.53093		-0.0019119	7472	4
POU3F1	-0.63771	-0.53121	-0.4245	-0.0026855	7473	4
ZNF674	-0.51111	-0.53124	-0.55351	-0.0030081	7474	4
LMBR1	-0.7307	-0.53174	-0.32883	-0.0015536	7475	4
LDHB	-0.53081	-0.53251	-0.53436	-0.003884	7476	4
SOX9	-0.40907	-0.53286		-0.0021462	7477	4
IGLL3P	-0.84127	-0.53347	-0.12511	-0.00077809	7478	4
CYP4F12	-0.49321	-0.53411	-0.58126	-0.0026185	7479	4
PDS5B	-0.82452	-0.53454	-0.23133	-0.0011493	7480	4
DNAJC22	-0.58312	-0.53469	-0.48757	-0.0033906	7481	4
ANKHD1	-0.62782	-0.53549		-0.0022982	7482	4
PDK1	-0.60687	-0.53724	-0.46308	-0.0030414	7483	4
RRNAD1	-0.72186	-0.53731	-0.32997	-0.001445	7484	4
NME5	-0.70882	-0.53809	-0.35267	-0.00158	7485	4
POU2AF1	-0.54971	-0.53821		-0.0029112	7486	4
PALB2	-0.73577	-0.53893	-0.34621	-0.001964	7487	4
ST20	-0.39909	-0.53915	-0.70507	-0.0019394	7488	4
TMEM35A	-0.66574	-0.53929	-0.40841	-0.0021699	7489	4
CLCN4	-0.70872	-0.53939	-0.36546	-0.0016572	7490	4
SCARB2	-0.62607	-0.5395		-0.0030785	7491	4
AMOT	-0.44111	-0.53958	-0.64533	-0.0025481	7492	4
GGA2	-0.69763	-0.54009	-0.35748	-0.0016688	7493	4
LOC90246	-0.64371	-0.54168	-0.43101	-0.002475	7494	4
FXYD1	-0.40086	-0.54181	-0.69452	-0.0018465	7495	4
RPL13AP3	-0.47467	-0.5419		-0.0031324	7496	4
GRID2	-0.40538	-0.5427	-0.70097	-0.0017942	7497	4
USP18	-0.49737	-0.54284	-0.59423	-0.003502	7498	4
ZNF572	-0.35653	-0.54299	-0.77104	-0.0016396	7499	4
CENPC	-0.61161	-0.54412	-0.46969	-0.0038169	7500	4
LOC101927752	-0.28184	-0.54431	-0.81767	-0.0012228	7501	4
NCOR1	-0.63444	-0.54514		-0.0037457	7502	4
SNX8	-0.58146	-0.5453	-0.50834	-0.003988	7503	4
CPNE4	-0.59456	-0.54636	-0.49877	-0.0033946	7504	4
YBX3	-0.55078	-0.547		-0.0025715	7505	4
LYPD5	-0.71662	-0.54778	-0.36101	-0.001436	7506	4
FAM76B	-0.78584	-0.54782	-0.30215	-0.0015753	7507	4
MOXD1	-0.44562	-0.54791	-0.64148	-0.0026816	7508	4
PPP2R1B	-0.55886	-0.54828		-0.0029167	7509	4
WWP2	-0.71037	-0.54839		-0.0022038	7510	4
ULK4	-0.70989	-0.54857		-0.0025112	7511	4
KBTBD2	-0.77791	-0.55002	-0.32928	-0.0017114	7512	4
GFRA3	-0.58013	-0.55058		-0.0039538	7513	4
POLG2	-0.70397	-0.55097		-0.0017649	7514	4
ACAP3	-0.52712	-0.55153	-0.58047	-0.004094	7515	4
FAM86HP	-0.54879	-0.55161	-0.55582	-0.0032185	7516	4
TNS3	-0.4294	-0.55161	-0.68907	-0.0021767	7517	4
RRP15	-0.42334	-0.55194		-0.0022277	7518	4
PMEPA1	-0.66882	-0.55225	-0.42909	-0.0021633	7519	4
LRPAP1	-0.71318	-0.55373	-0.37494	-0.0014572	7520	4
CXADRP2	-0.48635	-0.55465	-0.63568	-0.0027199	7521	4
NSMF	-0.46225	-0.55493	-0.66023	-0.0025925	7522	4
STON2	-0.38632	-0.55527	-0.75358	-0.0018039	7523	4
MX1	-0.66132	-0.55559	-0.44749	-0.0024715	7524	4
RPS15	-0.39935	-0.55627		-0.0018643	7525	4
RCAN1	-0.62721	-0.55654	-0.48787	-0.0030231	7526	4
NME1	-0.50449	-0.55701		-0.0033211	7527	4
MASP2	-0.74952	-0.55707	-0.33838	-0.0015225	7528	4
TMEM131	-0.54491	-0.55708		-0.0039417	7529	4
RBM48	-0.65014	-0.55733	-0.45661	-0.0027051	7530	4
NRAS	-0.44525	-0.55734	-0.68453	-0.0020776	7531	4
HIST1H3B	-0.66785	-0.55778		-0.002177	7532	4
DOLK	-0.44111	-0.55797		-0.0021285	7533	4
MYL12B	-0.2124	-0.55869	-0.87799	-0.00097227	7534	4
CLUL1	-0.52211	-0.55881		-0.0036495	7535	4
IRF2BP2	-0.70562	-0.55914	-0.41008	-0.0028069	7536	4
ABCB10	-0.71362	-0.55927	-0.38903	-0.0020699	7537	4
VKORC1L1	-0.27133	-0.5597	-0.83987	-0.0011716	7538	4
MRPL23	-0.36644	-0.56055	-0.75332	-0.0015622	7539	4
RNF5	-0.31254	-0.56091	-0.80135	-0.0013748	7540	4
EPC1	-0.66306	-0.56204	-0.4527	-0.0027183	7541	4
HSPA6	-0.49961	-0.56224		-0.0026973	7542	4
NFYB	-0.66345	-0.56254		-0.0026371	7543	4
TBCC	-0.65523	-0.56293		-0.0022715	7544	4
SEC24C	-0.71059	-0.56456		-0.0026997	7545	4
ADGRG1	-0.36202	-0.56503	-0.79948	-0.0015042	7546	4
ZMAT1	-0.42461	-0.56564	-0.73802	-0.0021576	7547	4
FAM212B	-0.5457	-0.5673	-0.59514	-0.0035931	7548	4
ERICH6-AS1	-0.23474	-0.56842	-1.0386	-0.0010399	7549	4
CDC42	-0.31812	-0.56903	-0.85221	-0.0012918	7550	4
NRL	-0.45803	-0.56905	-0.69066	-0.0023737	7551	4
DGKG	-0.5669	-0.5706	-0.57787	-0.003302	7552	4
LINC01003	-0.59736	-0.57165		-0.003528	7553	4
KLHL3	-0.72981	-0.57184	-0.40613	-0.0022241	7554	4
RAB10	-0.54958	-0.57204		-0.0037511	7555	4
NUPR2	-0.45207	-0.57238	-0.71778	-0.0025202	7556	4
PRELP	-0.41817	-0.5725	-0.71135	-0.0018392	7557	4
GASAL1	-0.38046	-0.57308	-0.81635	-0.001856	7558	4
FDX1	-0.66703	-0.57346	-0.47875	-0.0023138	7559	4
HIST1H4B	-0.65566	-0.57385		-0.0033523	7560	4
NT5DC1	-0.6849	-0.57431	-0.46053	-0.0024633	7561	4
LOC100130705	-0.52915	-0.57458		-0.0027938	7562	4
VPS52	-0.70569	-0.57464		-0.0020711	7563	4
TMSB4X	-0.32298	-0.57552	-0.85004	-0.001277	7564	4
SLC5A6	-0.70688	-0.57552	-0.42975	-0.0018882	7565	4
SGK494	-0.80533	-0.5762	-0.31445	-0.0014152	7566	4
TFAP2C	-0.58105	-0.57747		-0.0042956	7567	4
TIMMDC1	-0.57155	-0.57748		-0.0034236	7568	4
RPL32	-0.4428	-0.5784	-0.73479	-0.0023375	7569	4
ATXN7	-0.69676	-0.58048	-0.4545	-0.0026905	7570	4
TMEM230	-0.4894	-0.58076		-0.0032628	7571	4
WDR35	-0.7026	-0.58133		-0.0024257	7572	4
TOB2	-0.53874	-0.58162		-0.0035215	7573	4
CHP2	-0.5484	-0.58213	-0.61582	-0.0035663	7574	4
CNMD	-0.39844	-0.58243	-0.80029	-0.0015706	7575	4
TUSC1	-0.53264	-0.58349		-0.0029269	7576	4
SYN3	-0.69931	-0.58357	-0.45252	-0.001853	7577	4
CEBPG	-0.6916	-0.58482		-0.0025415	7578	4
WDR13	-0.37638	-0.58635	-0.83096	-0.0016156	7579	4
UROS	-0.29079	-0.58754	-0.91275	-0.0012805	7580	4
LINC01013	-0.54836	-0.58819	-0.63279	-0.0039069	7581	4
LRRC4	-0.86853	-0.58822	-0.26032	-0.001086	7582	4
MCCC2	-0.56328	-0.5885		-0.0041278	7583	4
GLDC	-0.54896	-0.58882	-0.63382	-0.002535	7584	4
HAUS3	-0.65171	-0.5891	-0.52019	-0.0039144	7585	4
DAPL1	-0.30535	-0.58931	-0.94373	-0.0011615	7586	4
TMEM209	-0.56351	-0.59148		-0.003259	7587	4
NDUFA12	-0.58645	-0.59307	-0.60008	-0.0043177	7588	4
RNF138	-0.71034	-0.59343		-0.0034265	7589	4
SORT1	-0.71273	-0.59421	-0.47438	-0.0025148	7590	4
HTR1D	-0.57685	-0.59448	-0.61666	-0.0043213	7591	4
FZD4	-0.71975	-0.59449	-0.45533	-0.001905	7592	4
MT1E	-0.42716	-0.59472	-0.7936	-0.0018156	7593	4
NPB	-0.56335	-0.59483	-0.63247	-0.0033013	7594	4
ARRDC3	-0.72419	-0.59644		-0.0027159	7595	4
MBD3	-0.77133	-0.59665	-0.41883	-0.0021309	7596	4
SHANK1	-0.47547	-0.59728	-0.74126	-0.0025759	7597	4
LMLN	-0.75307	-0.5976	-0.42811	-0.0017933	7598	4
PIF1	-0.72836	-0.59831	-0.45665	-0.0018613	7599	4
SCRT1	-0.74621	-0.59937	-0.43688	-0.0016989	7600	4
LOC101928111	-0.39063	-0.6001	-0.83375	-0.0014991	7601	4
FNDC3A	-0.54116	-0.60077	-0.67003	-0.0029699	7602	4
EIF1AY	-0.45012	-0.60089	-0.7817	-0.0019835	7603	4
NUDT15	-0.67873	-0.60155	-0.5248	-0.0025321	7604	4
DMRT2	-0.6486	-0.60161		-0.0036626	7605	4
WWC2	-0.65946	-0.60181	-0.53818	-0.0036435	7606	4
CEP44	-0.82626	-0.60232	-0.35919	-0.0014271	7607	4
RHOBTB2	-0.68995	-0.60267	-0.51486	-0.0028712	7608	4
AHNAK	-0.41435	-0.6039	-0.84043	-0.0017431	7609	4
PHF19	-0.66551	-0.60393	-0.53706	-0.0033196	7610	4
SLC25A27	-0.64544	-0.60467	-0.56349	-0.0039587	7611	4
LTC4S	-0.48751	-0.60507	-0.73107	-0.0024549	7612	4
PRKCI	-0.62718	-0.60599	-0.58402	-0.0038807	7613	4
ZNF229	-0.46231	-0.60707	-0.76847	-0.0022095	7614	4
CRAT	-0.61584	-0.6074		-0.0043066	7615	4
PRPS1	-0.38863	-0.6077	-0.84568	-0.0015044	7616	4
SOX11	-0.44878	-0.6081	-0.7974	-0.0020824	7617	4
PAFAH1B3	-0.48461	-0.60831	-0.75516	-0.0022449	7618	4
BRD7	-0.3224	-0.60977	-0.92993	-0.0012408	7619	4
CD8B	-0.61408	-0.60977	-0.60713	-0.0040522	7620	4
FERMT1	-0.53484	-0.61001	-0.68119	-0.0026278	7621	4
MECP2	-0.76985	-0.61076	-0.44508	-0.0021291	7622	4
DPY19L2P3	-0.81339	-0.61077	-0.397	-0.0019873	7623	4
DUS4L	-0.53122	-0.61132		-0.0033803	7624	4
INPP5A	-0.70609	-0.61222	-0.51498	-0.0028576	7625	4
TAS2R30	-0.92041	-0.61251	-0.30919	-0.0015829	7626	4
CPLX3	-0.44989	-0.6131	-0.81811	-0.0021245	7627	4
ZFP82	-0.70261	-0.61324		-0.0029374	7628	4
TMEM150B	-0.55201	-0.61329		-0.0027403	7629	4
LMTK3	-0.68132	-0.61355		-0.0032735	7630	4
NEURL1B	-0.55982	-0.61412	-0.67704	-0.0038212	7631	4
FBXO45	-0.78193	-0.61512	-0.44714	-0.0021084	7632	4
FLT3LG	-0.61435	-0.61547		-0.0039521	7633	4
SCN9A	-0.41299	-0.61586	-0.88224	-0.001751	7634	4
C3orf70	-0.50963	-0.61619	-0.73926	-0.002577	7635	4
NAPG	-0.669	-0.61621	-0.56651	-0.0040132	7636	4
WDR78	-0.5539	-0.61704	-0.68232	-0.0027317	7637	4
PDZD7	-0.66862	-0.61707	-0.56718	-0.0037797	7638	4
ARHGAP36	-0.4525	-0.61724	-0.81727	-0.0017615	7639	4
RNASEH2A	-0.39833	-0.61762	-0.89637	-0.0016391	7640	4
PRR7	-0.52894	-0.61771	-0.71639	-0.0030235	7641	4
CHIC1	-0.83884	-0.61771	-0.37981	-0.001518	7642	4
USP47	-0.81243	-0.6186	-0.41863	-0.001973	7643	4
SEZ6	-0.48764	-0.61899	-0.77321	-0.0023693	7644	4
ZC3H15	-0.48748	-0.61903	-0.75289	-0.0026642	7645	4
DBIL5P2	-0.81814	-0.61971	-0.38447	-0.0013379	7646	4
ACTB	-0.48783	-0.62004	-0.7645	-0.0020724	7647	4
TMEM201	-0.72632	-0.62059	-0.516	-0.0030208	7648	4
TIMM8B	-0.095361	-0.62106	-1.1449	-0.00070706	7649	4
CLEC11A	-0.66607	-0.62111	-0.57824	-0.0046977	7650	4
CAPSL	-0.32961	-0.62133	-0.95491	-0.0012833	7651	4
ZNF711	-0.71547	-0.62183	-0.51793	-0.0032875	7652	4
SLC17A8	-0.44021	-0.62218	-0.77499	-0.0017957	7653	4
ENHO	-0.49714	-0.62227		-0.0022444	7654	4
ENDOU	-0.45162	-0.62242	-0.80462	-0.0019584	7655	4
SLC4A4	-0.48706	-0.62275	-0.77809	-0.0021884	7656	4
LOC148709	-0.49507	-0.62425	-0.75003	-0.0021995	7657	4
PRMT8	-0.86519	-0.62433	-0.38271	-0.0018889	7658	4
TIGD1	-0.76517	-0.6244		-0.0029559	7659	4
GCDH	-0.55648	-0.62603		-0.0030955	7660	4
CARS	-0.66237	-0.62642		-0.003455	7661	4
GNA11	-0.6235	-0.62657		-0.0056424	7662	4
PPIA	-0.62313	-0.62683		-0.004013	7663	4
SLC47A1	-0.72592	-0.6273	-0.52762	-0.003004	7664	4
ARMCX6	-0.62269	-0.6283		-0.0032259	7665	4
VIRMA	-0.74291	-0.62921		-0.0035316	7666	4
DPH3	-0.66633	-0.62925	-0.59433	-0.0035512	7667	4
HSPB9	-0.75335	-0.62948	-0.50235	-0.0024012	7668	4
EXD2	-0.6745	-0.62987		-0.0041116	7669	4
ZNF512	-0.73115	-0.631		-0.0031841	7670	4
MPRIP	-0.83703	-0.63124	-0.43012	-0.0024868	7671	4
NOP58	-0.69318	-0.63145	-0.56507	-0.0040305	7672	4
ITIH5	-0.6829	-0.63161	-0.58354	-0.0033334	7673	4
XCR1	-0.63717	-0.6319		-0.0039936	7674	4
BEAN1	-0.73624	-0.63278	-0.52552	-0.0035929	7675	4
RAB18	-0.50356	-0.63345		-0.0023927	7676	4
PON2	-0.45645	-0.63384	-0.8359	-0.001893	7677	4
LCAT	-0.57969	-0.63411		-0.0035319	7678	4
HIST1H4L	-0.68707	-0.6348		-0.0042752	7679	4
ZNF575	-0.51462	-0.6349	-0.77538	-0.0023255	7680	4
PRSS8	-0.62068	-0.635		-0.0039661	7681	4
MRPL47	-0.67193	-0.63507	-0.60044	-0.0039486	7682	4
LOC389834	-0.85913	-0.6352	-0.39988	-0.001724	7683	4
ACOX2	-0.46562	-0.63553	-0.82296	-0.0020223	7684	4
GPR149	-0.69958	-0.63684		-0.0032086	7685	4
DDB2	-0.70296	-0.63892	-0.57691	-0.0041201	7686	4
FABP6	-0.57991	-0.6396	-0.69516	-0.0032988	7687	4
FHIT	-0.62221	-0.64082		-0.0053132	7688	4
SAP30	-0.62886	-0.64083	-0.65277	-0.0039901	7689	4
SMIM32	-0.66266	-0.64093	-0.62647	-0.0050735	7690	4
GNG8	-0.50129	-0.64185	-0.79138	-0.0025423	7691	4
TG	-0.50964	-0.64262	-0.75964	-0.0023178	7692	4
COPE	-0.54852	-0.64275		-0.0027271	7693	4
CHST2	-0.70853	-0.64332	-0.58003	-0.003082	7694	4
CDK13	-0.79706	-0.64464	-0.47319	-0.0022345	7695	4
ZNF235	-0.70508	-0.64472		-0.0043356	7696	4
KLHL41	-0.67447	-0.64607		-0.0046172	7697	4
NDUFS2	-0.6893	-0.64644		-0.0046433	7698	4
PSMD10	-0.56414	-0.64648		-0.0031325	7699	4
KIAA0753	-0.68271	-0.64703		-0.0047617	7700	4
SLC31A2	-0.72266	-0.64752		-0.0032191	7701	4
AQP4	-0.48312	-0.64754	-0.84668	-0.0020463	7702	4
ZBTB43	-0.89533	-0.64814	-0.39892	-0.001954	7703	4
TMEM185B	-0.59859	-0.64855		-0.0037657	7704	4
BRWD3	-0.78125	-0.64919	-0.50514	-0.0026508	7705	4
CYTH1	-0.76747	-0.64928		-0.0027014	7706	4
IRF3	-0.80335	-0.65021	-0.48295	-0.0019818	7707	4
OPRD1	-0.83228	-0.65067	-0.44716	-0.0016351	7708	4
SPTY2D1	-0.57064	-0.65111		-0.0029598	7709	4
RAMP3	-0.74111	-0.65222	-0.56463	-0.0035175	7710	4
ADAP1	-0.61461	-0.65349		-0.0038287	7711	4
P2RY1	-0.57835	-0.65353		-0.0031566	7712	4
UGGT2	-0.85734	-0.65382		-0.0022092	7713	4
CHAC2	-0.64192	-0.65411		-0.0043639	7714	4
RPL9	-0.61562	-0.65429		-0.0040598	7715	4
PCCB	-0.60577	-0.6543		-0.0040577	7716	4
NUP160	-0.81227	-0.65444		-0.0024271	7717	4
KCNA1	-0.76042	-0.65654	-0.54978	-0.0027156	7718	4
USE1	-0.55551	-0.65669		-0.0028575	7719	4
SLIT2	-0.79939	-0.65747	-0.50169	-0.0018179	7720	4
DCHS1	-0.60775	-0.65775	-0.7139	-0.0038821	7721	4
ATP7B	-0.60207	-0.65815	-0.72551	-0.0034301	7722	4
ACSF2	-0.47518	-0.65824	-0.86049	-0.001933	7723	4
PDZD11	-0.57345	-0.65837		-0.0030698	7724	4
SLC4A3	-0.40159	-0.65952	-0.99891	-0.0014802	7725	4
RHBDL3	-0.8337	-0.65964	-0.46819	-0.0017086	7726	4
ADCY1	-0.7648	-0.65967	-0.5544	-0.0034177	7727	4
IFRD2	-0.85132	-0.65988	-0.45389	-0.0022624	7728	4
MPPE1	-0.72275	-0.65996		-0.0033952	7729	4
CYTOR	-0.46718	-0.66005	-0.88594	-0.0020935	7730	4
C2orf15	-0.74148	-0.66015		-0.0046523	7731	4
CCNT1	-0.77632	-0.66034	-0.54077	-0.0022867	7732	4
FAM209B	-0.70224	-0.66044	-0.62118	-0.0037255	7733	4
SLC22A23	-0.77074	-0.66053	-0.5483	-0.0026063	7734	4
DTWD1	-0.64166	-0.6613	-0.68338	-0.0046733	7735	4
FRY	-0.74905	-0.66259		-0.0038567	7736	4
FNDC5	-0.98844	-0.66381	-0.25584	-0.0009264	7737	4
RRH	-0.72279	-0.66382	-0.60918	-0.0037722	7738	4
GRP	-0.50028	-0.66411	-0.85897	-0.001924	7739	4
HILS1	-0.54529	-0.66469	-0.80178	-0.0027567	7740	4
MFN1	-0.74335	-0.66578		-0.0037518	7741	4
COX5B	-0.66363	-0.66615		-0.0042447	7742	4
TENM2	-0.74268	-0.66683	-0.58268	-0.0042899	7743	4
MRPS28	-0.61437	-0.66689		-0.0040898	7744	4
C1GALT1C1L	-0.7225	-0.66871	-0.6176	-0.0042071	7745	4
HDAC4	-0.82694	-0.66939	-0.49664	-0.0024769	7746	4
SLC1A2	-0.54661	-0.66985		-0.0026857	7747	4
SMIM7	-0.45303	-0.6707	-0.90373	-0.0017143	7748	4
DSCR9	-0.70479	-0.67164	-0.63629	-0.0047355	7749	4
GPR107	-0.42927	-0.67349	-0.92424	-0.0016222	7750	4
FGR	-0.72379	-0.67388	-0.62614	-0.0042802	7751	4
GPD2	-0.5082	-0.67452	-0.8808	-0.0024625	7752	4
ZBED6CL	-0.60037	-0.6749		-0.0032906	7753	4
DBP	-0.71994	-0.67523		-0.0043471	7754	4
RBMS3	-0.70267	-0.67612		-0.0040132	7755	4
ORMDL3	-0.80126	-0.67647	-0.54413	-0.0024128	7756	4
LINC01089	-0.78559	-0.67668	-0.55481	-0.0032582	7757	4
ZFP91	-0.72202	-0.67691		-0.0039233	7758	4
NEK8	-0.7735	-0.67881		-0.0035284	7759	4
ZFAND1	-0.80721	-0.67888		-0.0029076	7760	4
PLGLA	-0.71816	-0.67892		-0.0050682	7761	4
RGS14	-0.51541	-0.67921	-0.88403	-0.0024643	7762	4
NOC2L	-0.75669	-0.67954		-0.0030069	7763	4
LOXL2	-0.86279	-0.67966		-0.0023846	7764	4
UIMC1	-0.87088	-0.68175	-0.46155	-0.0019851	7765	4
DFFA	-0.65618	-0.68176		-0.0051778	7766	4
PPP4R3B	-0.78668	-0.68231		-0.0039235	7767	4
UBE2O	-0.77115	-0.68319	-0.59178	-0.0034054	7768	4
MPV17	-0.57815	-0.68323		-0.0032353	7769	4
EIF4G1	-0.51045	-0.68352		-0.0022421	7770	4
PAXIP1	-0.86136	-0.68393	-0.48248	-0.0020642	7771	4
SPATA33	-0.35412	-0.68405	-1.1415	-0.0012901	7772	4
METTL7A	-0.55635	-0.68449		-0.0026287	7773	4
GSTZ1	-0.70796	-0.68468		-0.0049548	7774	4
SUFU	-0.59179	-0.68492	-0.79596	-0.0032462	7775	4
MACROD2	-0.36621	-0.68564	-1.1166	-0.0013821	7776	4
KIAA1191	-0.57556	-0.68612	-0.80664	-0.0030907	7777	4
PLEKHF2	-0.65111	-0.68639	-0.72865	-0.0047048	7778	4
CD58	-0.5859	-0.68652	-0.77806	-0.0029039	7779	4
PRELID3B	-0.68341	-0.68718	-0.69192	-0.005536	7780	4
LRRIQ1	-0.65591	-0.68724	-0.72186	-0.0048113	7781	4
DPYSL5	-0.68919	-0.68762	-0.69122	-0.004019	7782	4
NDUFA6	-0.63883	-0.6886	-0.73414	-0.0043719	7783	4
TPTE2P3	-0.53625	-0.68921		-0.0024229	7784	4
ASPH	-0.60215	-0.68995	-0.78124	-0.0033602	7785	4
PEPD	-0.77167	-0.69023	-0.6097	-0.0033338	7786	4
E2F4	-0.77083	-0.69059	-0.60667	-0.0025666	7787	4
FBXL19	-0.64527	-0.69063		-0.0035295	7788	4
EYA2	-0.52256	-0.69101	-0.87694	-0.0021274	7789	4
GEN1	-0.76887	-0.69258		-0.0042232	7790	4
SHARPIN	-0.75441	-0.69284		-0.0040919	7791	4
RNPEP	-0.7307	-0.69323		-0.0035326	7792	4
AK1	-0.74102	-0.69342		-0.0042701	7793	4
HIST1H2AA	-0.67644	-0.69391		-0.0044672	7794	4
SLC35B4	-0.82044	-0.69474	-0.5729	-0.0033803	7795	4
CCL27	-0.92668	-0.69474	-0.40988	-0.0013495	7796	4
HIST1H3J	-0.70533	-0.69502		-0.0042457	7797	4
NGLY1	-0.89014	-0.69563	-0.49611	-0.0019634	7798	4
ST8SIA4	-0.7014	-0.69585	-0.69082	-0.0051092	7799	4
JUND	-0.71813	-0.69618		-0.0042202	7800	4
CNTN2	-0.79291	-0.69637		-0.0033833	7801	4
CD46	-0.79459	-0.69797		-0.0044059	7802	4
NMD3	-0.85261	-0.69868		-0.003551	7803	4
UNC119B	-0.72296	-0.69898		-0.0051563	7804	4
CHDH	-0.60973	-0.69949		-0.0031534	7805	4
TKFC	-0.46012	-0.70011	-1.01	-0.0017573	7806	4
CLDN9	-0.77752	-0.70065		-0.0034242	7807	4
SERPINB9	-0.81468	-0.70217	-0.58684	-0.0025938	7808	4
RFX5	-0.83312	-0.70266	-0.56583	-0.0022286	7809	4
PWAR6	-0.75115	-0.70357		-0.0046315	7810	4
TRPV5	-0.78229	-0.70366	-0.62826	-0.0043631	7811	4
VIPR2	-0.88801	-0.7037	-0.49837	-0.0017633	7812	4
HDLBP	-0.61212	-0.7046	-0.79503	-0.0032146	7813	4
SLC6A12	-0.73047	-0.70509		-0.0045309	7814	4
NUP153	-0.82591	-0.70616		-0.0034547	7815	4
CD300C	-0.72335	-0.70659		-0.0043609	7816	4
PPP2R3C	-0.55793	-0.70716	-0.83783	-0.0021656	7817	4
CROCCP3	-0.83311	-0.70731	-0.56608	-0.003073	7818	4
CD163	-0.58439	-0.70738	-0.8443	-0.0028133	7819	4
ZNF441	-0.79933	-0.7076		-0.0038134	7820	4
BTAF1	-0.77954	-0.70767		-0.004877	7821	4
STOX2	-0.79098	-0.70775	-0.61427	-0.0031416	7822	4
SFTPC	-0.72996	-0.70805		-0.0042163	7823	4
FANCI	-0.8481	-0.70833	-0.56664	-0.0024047	7824	4
DNAH17	-0.78192	-0.7085	-0.63819	-0.0041014	7825	4
IDH3A	-0.77396	-0.70915	-0.64694	-0.0040232	7826	4
DCLK1	-0.83691	-0.70944	-0.58037	-0.0027435	7827	4
BRD3	-0.74325	-0.70981		-0.005615	7828	4
NOP53	-0.89279	-0.71018	-0.50749	-0.0020735	7829	4
FCHSD2	-0.68219	-0.71055		-0.0054236	7830	4
LIMK1	-0.73	-0.7107	-0.69306	-0.0053232	7831	4
VPS50	-0.87006	-0.71153		-0.0027983	7832	4
CCDC122	-0.82078	-0.71258	-0.60194	-0.003396	7833	4
DAXX	-0.87087	-0.71339	-0.54166	-0.0022993	7834	4
ANKRD26	-0.82842	-0.71445	-0.59054	-0.002589	7835	4
TOP3B	-0.82978	-0.71477	-0.59059	-0.0027603	7836	4
SLTM	-0.8417	-0.71644		-0.0027445	7837	4
SMIM4	-0.38611	-0.71703	-1.0104	-0.0013115	7838	4
ANK1	-0.88406	-0.71768	-0.52969	-0.0017457	7839	4
ZNF569	-0.74946	-0.71837		-0.0050911	7840	4
MT1M	-0.55256	-0.71942	-0.91272	-0.0021753	7841	4
DHX9	-0.84181	-0.7195	-0.59191	-0.0040146	7842	4
PRMT9	-0.87863	-0.71958	-0.55103	-0.0020938	7843	4
ZDHHC12	-0.52391	-0.72182	-0.92802	-0.0019268	7844	4
ANGPTL4	-0.61915	-0.72184		-0.0032326	7845	4
PDPK1	-0.6638	-0.72189		-0.0031408	7846	4
CTNNA2	-0.52724	-0.72285		-0.0021586	7847	4
KLHL34	-0.80177	-0.72406		-0.0038532	7848	4
PIKFYVE	-0.97947	-0.72476	-0.45314	-0.0019385	7849	4
RBKS	-0.80932	-0.72513	-0.64246	-0.0032774	7850	4
OLFML3	-0.56109	-0.72552	-0.88091	-0.0024761	7851	4
SLFNL1	-0.79514	-0.72585		-0.0042262	7852	4
BRCA1	-0.8431	-0.72669		-0.002602	7853	4
IFIT2	-0.73766	-0.72674		-0.0042507	7854	4
CEP131	-0.76906	-0.72869		-0.0058134	7855	4
RHOA	-0.56404	-0.72871	-0.90653	-0.002078	7856	4
STX18-AS1	-0.88424	-0.72936		-0.0027715	7857	4
NPY	-0.54317	-0.72973	-0.90532	-0.001908	7858	4
VPS54	-1.0587	-0.73069	-0.3939	-0.0016204	7859	4
HLCS	-0.68664	-0.73096	-0.7752	-0.0041051	7860	4
ZNF586	-0.92454	-0.73128	-0.53592	-0.0027747	7861	4
POGZ	-0.86337	-0.73131		-0.0036951	7862	4
FAM161B	-0.73068	-0.73136		-0.0048626	7863	4
HTATIP2	-0.8464	-0.73146	-0.61591	-0.002744	7864	4
SYF2	-0.60834	-0.73162		-0.0029614	7865	4
INPP5J	-0.80714	-0.73192		-0.0038488	7866	4
RPS27L	-0.64491	-0.73344		-0.0032663	7867	4
POM121	-0.85992	-0.73362		-0.0026213	7868	4
SLC18B1	-0.77659	-0.735		-0.0047918	7869	4
ALCAM	-0.63595	-0.73676	-0.85761	-0.002905	7870	4
FANCC	-0.90379	-0.73694		-0.0026557	7871	4
NAGLU	-0.72691	-0.73722		-0.003898	7872	4
HNRNPR	-0.6669	-0.7375	-0.82466	-0.0040295	7873	4
DHFR	-0.77107	-0.73787		-0.0040902	7874	4
NWD1	-0.60462	-0.73798	-0.89496	-0.0026675	7875	4
HNRNPA3	-1.0105	-0.7383	-0.45332	-0.0019454	7876	4
PTPN12	-0.95542	-0.74078	-0.5246	-0.0023908	7877	4
SLC25A18	-0.5954	-0.74239	-0.9011	-0.0024831	7878	4
LOC646626	-0.84826	-0.7424		-0.0034686	7879	4
TRAPPC11	-0.78038	-0.74405		-0.00327	7880	4
VPS39	-0.87165	-0.74415		-0.0030854	7881	4
CD320	-0.80673	-0.74439	-0.68634	-0.0045172	7882	4
ANKRD18DP	-0.85058	-0.74495	-0.63669	-0.0035767	7883	4
SLC44A3	-0.60551	-0.74527	-0.90075	-0.0027352	7884	4
EVI5L	-0.71469	-0.74534		-0.0041019	7885	4
CHCHD7	-0.63429	-0.74548	-0.85843	-0.0033968	7886	4
TRIM14	-0.78729	-0.74557	-0.70024	-0.0041501	7887	4
METTL25	-0.83092	-0.74625	-0.66301	-0.0036304	7888	4
RPF1	-0.95184	-0.74705		-0.0024893	7889	4
PM20D2	-0.79216	-0.74714	-0.69449	-0.0043965	7890	4
STAG3L5P	-0.80917	-0.74851		-0.0053003	7891	4
SYCE3	-0.68771	-0.74918		-0.0034386	7892	4
NPR2	-0.87106	-0.74943	-0.62393	-0.0029557	7893	4
RSPH14	-0.61587	-0.74944	-0.87089	-0.0028289	7894	4
MTAP	-1.0034	-0.74969	-0.45876	-0.0013641	7895	4
PAQR4	-0.83912	-0.74969		-0.0042219	7896	4
EIF4E	-0.87527	-0.74989		-0.0035863	7897	4
ABHD1	-0.62354	-0.74994	-0.89729	-0.0027624	7898	4
NDST2	-0.61022	-0.74998	-0.86811	-0.0023439	7899	4
ST3GAL5	-0.95097	-0.75062	-0.53134	-0.0020719	7900	4
LYRM2	-0.51329	-0.75079	-1.0462	-0.0021343	7901	4
POLE4	-0.45324	-0.75182	-1.051	-0.0014222	7902	4
CTSV	-0.80117	-0.75196		-0.0038588	7903	4
RPS18	-0.56786	-0.75244	-0.96662	-0.0024514	7904	4
VN1R1	-0.87556	-0.75245		-0.0037798	7905	4
RNPC3	-0.83678	-0.7536		-0.0046482	7906	4
SH3RF2	-0.93737	-0.75419	-0.55191	-0.0023162	7907	4
UBA2	-0.82363	-0.75436		-0.0041749	7908	4
CNDP1	-0.85706	-0.75459	-0.6549	-0.0033018	7909	4
MACROD1	-0.89063	-0.75541		-0.002798	7910	4
ZNF608	-0.72271	-0.75554	-0.79721	-0.0051954	7911	4
APBA3	-0.80528	-0.75579		-0.0042004	7912	4
ROMO1	-0.59367	-0.75582	-0.90868	-0.0026051	7913	4
BCL10	-0.93297	-0.75658	-0.56037	-0.0021236	7914	4
KLF7	-0.73418	-0.75696		-0.0033312	7915	4
ARL2BP	-0.895	-0.75705	-0.60342	-0.0021682	7916	4
ZNF225	-0.97211	-0.75731	-0.5225	-0.0020955	7917	4
LOC400710	-0.69474	-0.75763		-0.003757	7918	4
TMEM161B-AS1	-0.82425	-0.75859		-0.0038823	7919	4
ALDH1L2	-0.82711	-0.75907		-0.0038368	7920	4
CASP10	-0.79223	-0.75923		-0.0041713	7921	4
DDX3X	-1.1294	-0.76019	-0.38119	-0.0014285	7922	4
TULP3	-0.72912	-0.76124		-0.0049023	7923	4
FAR2	-0.86875	-0.76143	-0.65673	-0.0033815	7924	4
TNRC6B	-0.90817	-0.76265	-0.60264	-0.0030238	7925	4
KIAA1586	-0.92364	-0.76497	-0.58477	-0.0022054	7926	4
C1orf100	-0.83644	-0.76568		-0.0045721	7927	4
SLC25A1	-0.66538	-0.76575	-0.86623	-0.0032662	7928	4
RIPK1	-0.88099	-0.76602	-0.63943	-0.0029221	7929	4
TRIO	-0.82856	-0.76642	-0.69578	-0.0048013	7930	4
EFHC1	-0.95016	-0.7665	-0.57958	-0.0030507	7931	4
CLEC4A	-0.52272	-0.76853	-1.0103	-0.0016561	7932	4
DCP1B	-1.0264	-0.76966	-0.49751	-0.0017815	7933	4
RGPD4	-1.0766	-0.76973	-0.45468	-0.0017247	7934	4
C19orf38	-0.67318	-0.77001		-0.0030091	7935	4
CEACAM20	-0.77294	-0.77092		-0.0047739	7936	4
SLC26A1	-0.74614	-0.77307		-0.0045271	7937	4
ZC3HAV1	-0.52243	-0.77309	-1.0918	-0.0018666	7938	4
ZNF816	-0.702	-0.7733		-0.0047458	7939	4
GTF2I	-0.86165	-0.77336		-0.0047398	7940	4
G6PD	-0.81351	-0.77394		-0.0052899	7941	4
PATZ1	-0.76701	-0.77477		-0.0050395	7942	4
ATP6V0E2-AS1	-0.61291	-0.77497		-0.0026784	7943	4
GBP2	-0.84261	-0.77543	-0.71346	-0.0043379	7944	4
IGDCC3	-0.90041	-0.77643	-0.63898	-0.0035698	7945	4
PRIM1	-0.95329	-0.7774	-0.58253	-0.0017939	7946	4
PFKFB3	-0.69121	-0.7778	-0.86881	-0.0033881	7947	4
RBL2	-0.8758	-0.77837		-0.0048506	7948	4
ACTR3	-0.65478	-0.77863	-0.90198	-0.0035236	7949	4
KCNA3	-0.89176	-0.77866	-0.66317	-0.0028985	7950	4
PHC3	-0.85613	-0.77992		-0.005164	7951	4
SLC2A13	-0.84061	-0.78034		-0.0050447	7952	4
KDM5C	-0.92353	-0.78148	-0.6231	-0.0029568	7953	4
FAM3C	-0.88431	-0.78253	-0.67058	-0.0034184	7954	4
RFC5	-0.78698	-0.78287		-0.0046536	7955	4
NELFA	-0.93222	-0.783	-0.61647	-0.0028857	7956	4
BLOC1S1	-0.67658	-0.78563		-0.0031154	7957	4
RCC1	-0.91578	-0.78563	-0.63856	-0.0024712	7958	4
ZNF334	-0.83881	-0.78616		-0.0048197	7959	4
GJB1	-0.86376	-0.78626	-0.71342	-0.0042362	7960	4
RORA	-1.1486	-0.78662	-0.39656	-0.0013544	7961	4
FAM234A	-0.88183	-0.78748		-0.0039438	7962	4
STOX1	-0.60488	-0.78758	-0.97385	-0.0023598	7963	4
LAYN	-0.82735	-0.78777		-0.0040468	7964	4
NR2F1	-0.80293	-0.78783	-0.77205	-0.0060175	7965	4
DIXDC1	-0.81606	-0.78823		-0.0050653	7966	4
BCAS4	-1.0052	-0.78866	-0.57173	-0.0025213	7967	4
MXRA8	-0.70809	-0.78879	-0.87865	-0.0033596	7968	4
ZBTB5	-0.97397	-0.78926	-0.59757	-0.002541	7969	4
DRC3	-0.88292	-0.78946	-0.69701	-0.0042896	7970	4
RSPO3	-0.60725	-0.78957	-1.0188	-0.0024271	7971	4
TAF5L	-0.88506	-0.78975		-0.0042867	7972	4
STK35	-0.86748	-0.79005		-0.0046817	7973	4
STK36	-0.88933	-0.79017	-0.6863	-0.0040506	7974	4
MAMLD1	-0.7215	-0.79091	-0.87332	-0.0040167	7975	4
ODF2L	-0.91955	-0.79113	-0.65106	-0.0037203	7976	4
SP6	-0.84254	-0.79135		-0.0045899	7977	4
TTC3P1	-0.71872	-0.79161		-0.0043477	7978	4
USF1	-0.86368	-0.79167		-0.0040114	7979	4
NRF1	-0.91536	-0.79205		-0.0035548	7980	4
POLR3D	-0.87558	-0.79243	-0.71405	-0.004428	7981	4
GPC4	-0.49715	-0.79262	-1.1872	-0.0016494	7982	4
GREB1	-1.024	-0.79292	-0.54245	-0.0017676	7983	4
POLR2I	-0.60816	-0.79375	-0.95496	-0.0024037	7984	4
CLNS1A	-0.64403	-0.79441	-0.95457	-0.0025174	7985	4
UBE2Q2L	-0.86786	-0.79533		-0.0055439	7986	4
PRR12	-0.82331	-0.79603		-0.0065166	7987	4
NFYC-AS1	-0.96731	-0.79762		-0.0029428	7988	4
INTU	-0.69583	-0.79771	-0.91788	-0.0033876	7989	4
ZIC4	-0.82702	-0.79799	-0.77192	-0.003936	7990	4
PRPS1L1	-0.69594	-0.79809		-0.0031471	7991	4
MAIP1	-0.85158	-0.79844		-0.003589	7992	4
RSU1	-0.57056	-0.79853	-1.0093	-0.0020268	7993	4
ZMYM1	-0.7009	-0.79969		-0.0033443	7994	4
FGFR2	-0.888	-0.80036	-0.71589	-0.0036996	7995	4
RHOT1	-0.91471	-0.80089		-0.0042363	7996	4
AP1S2	-0.81356	-0.80197	-0.79188	-0.0046725	7997	4
C14orf119	-0.80328	-0.80251		-0.0046416	7998	4
TTC7B	-0.67414	-0.80281	-0.94828	-0.0028791	7999	4
CPE	-0.49681	-0.805	-1.198	-0.0016084	8000	4
FLJ23867	-0.92481	-0.8051	-0.68351	-0.0029557	8001	4
SCAND2P	-0.92529	-0.80577	-0.67668	-0.0041561	8002	4
FAM210B	-0.97193	-0.80634	-0.63626	-0.0037144	8003	4
ZNF667-AS1	-0.67531	-0.80638		-0.0027604	8004	4
ORMDL2	-0.73072	-0.8068	-0.87129	-0.0038515	8005	4
MRGPRF	-0.96388	-0.80707	-0.64208	-0.0023683	8006	4
TIGAR	-0.92231	-0.80738	-0.69417	-0.0031196	8007	4
SPECC1	-0.99055	-0.80775	-0.62532	-0.002643	8008	4
FAM95A	-0.92054	-0.80792	-0.68369	-0.0035852	8009	4
LLGL1	-0.85494	-0.8083		-0.0046727	8010	4
ESAM	-0.87601	-0.80862	-0.74594	-0.0045291	8011	4
SPACA6	-0.99537	-0.80914	-0.60844	-0.0024892	8012	4
CFAP206	-0.80922	-0.80933		-0.0059789	8013	4
NXPH3	-0.95169	-0.80973	-0.65958	-0.0024825	8014	4
GSTM2	-0.61001	-0.81005	-1.0428	-0.0021799	8015	4
NET1	-0.88276	-0.81058	-0.73965	-0.0038361	8016	4
SEMA3D	-0.64902	-0.81112	-1.0136	-0.0029794	8017	4
ICAM2	-0.87702	-0.81158	-0.74908	-0.0041206	8018	4
IPO7	-1.0759	-0.81215		-0.0024297	8019	4
SBF1	-0.67926	-0.81295	-0.95832	-0.0030919	8020	4
AKR7A3	-0.671	-0.81368	-0.95166	-0.0028719	8021	4
SMARCC2	-0.93601	-0.81372	-0.69432	-0.0035754	8022	4
SRP9	-0.63575	-0.81444	-0.98906	-0.002651	8023	4
UBE2Q2	-0.91304	-0.81611		-0.0054028	8024	4
MIR4435-2HG	-0.60401	-0.81624	-1.0721	-0.0024059	8025	4
CDK16	-0.73876	-0.81675		-0.0047089	8026	4
EPHA5-AS1	-0.78932	-0.81717		-0.0058123	8027	4
ARL9	-0.81421	-0.81779	-0.82284	-0.0052572	8028	4
IFT81	-0.85414	-0.81966		-0.0051637	8029	4
BCDIN3D	-0.91468	-0.82016		-0.0045115	8030	4
SLC7A1	-0.82641	-0.82028	-0.81624	-0.0063606	8031	4
ZNF366	-0.90416	-0.8208	-0.73716	-0.0039412	8032	4
ORMDL1	-0.89014	-0.82134		-0.0045931	8033	4
MFHAS1	-1.1216	-0.82145	-0.53405	-0.0022535	8034	4
SNAPIN	-0.76461	-0.82161		-0.0051135	8035	4
LINC02210	-0.99132	-0.82178	-0.63234	-0.0021178	8036	4
FOPNL	-0.76534	-0.82182		-0.0048003	8037	4
SLC39A8	-0.90827	-0.82191	-0.73479	-0.003361	8038	4
ATP5MF	-0.69036	-0.82215	-0.93118	-0.0032038	8039	4
LIFR-AS1	-0.86615	-0.82302	-0.77412	-0.0054671	8040	4
CROCCP2	-1.0248	-0.8231	-0.59103	-0.0017206	8041	4
FAM118B	-0.75436	-0.82344		-0.004012	8042	4
CCDC59	-0.85692	-0.82361		-0.0052497	8043	4
FADS1	-0.71368	-0.8241		-0.0033831	8044	4
CENPBD1	-0.94108	-0.82434	-0.69301	-0.0027353	8045	4
DLGAP1	-1.0255	-0.82462	-0.60995	-0.0029102	8046	4
LOC389831	-0.75827	-0.82471		-0.0044522	8047	4
STX1B	-1.0339	-0.82483	-0.58153	-0.0018558	8048	4
CDH2	-0.85666	-0.82535	-0.79319	-0.0059584	8049	4
SGCG	-1.0381	-0.82596	-0.581	-0.0019	8050	4
SEPHS1	-0.92352	-0.82623	-0.72761	-0.0033998	8051	4
BORA	-0.97464	-0.82672		-0.0032667	8052	4
LDB3	-0.9003	-0.82673		-0.0041135	8053	4
HOXD1	-0.89947	-0.82726	-0.75976	-0.0046321	8054	4
LOC100190986	-0.97873	-0.82729		-0.0038588	8055	4
C6orf226	-0.80908	-0.82786		-0.0052964	8056	4
ACAP2	-0.9832	-0.828		-0.0039987	8057	4
CERS2	-0.87374	-0.8294		-0.0055729	8058	4
ADAM33	-0.96601	-0.82952		-0.0028818	8059	4
KIF16B	-0.94844	-0.82981	-0.70214	-0.0032576	8060	4
ARL16	-0.46335	-0.83005	-1.3042	-0.0015094	8061	4
HES1	-0.67203	-0.83034	-1.0048	-0.0024865	8062	4
WDR26	-0.65996	-0.83069	-1.0448	-0.0028557	8063	4
PBXIP1	-0.67731	-0.83091	-1.0053	-0.0027534	8064	4
TEX9	-0.76828	-0.83324	-0.90855	-0.0046631	8065	4
KLHL20	-0.98509	-0.83328	-0.67659	-0.0024348	8066	4
KIAA0513	-0.88181	-0.83375		-0.0040781	8067	4
ASPRV1	-0.98904	-0.83395		-0.0029436	8068	4
DYDC2	-0.38625	-0.83413	-1.3564	-0.0011664	8069	4
TMEM233	-0.79356	-0.8344	-0.89038	-0.003646	8070	4
FOXS1	-0.87236	-0.83592		-0.0047876	8071.5	4
DDIT3	-0.88961	-0.83592		-0.0042017	8071.5	4
CFD	-0.50722	-0.83594	-1.2864	-0.0017013	8073	4
HSPD1	-0.74661	-0.83662		-0.0037942	8074	4
RPS10	-0.56153	-0.83815	-1.1546	-0.0018216	8075	4
DOCK7	-0.67401	-0.8383	-1.0305	-0.0030352	8076	4
STK17B	-0.68668	-0.83947	-1.0163	-0.0027404	8077	4
WASHC4	-0.96857	-0.84007	-0.71272	-0.0037971	8078	4
THAP2	-0.98817	-0.84076	-0.67663	-0.0032779	8079	4
SMAD4	-0.83982	-0.84155	-0.84284	-0.0060981	8080	4
MID2	-1.0393	-0.84223	-0.63522	-0.0021479	8081	4
CRIPT	-0.82954	-0.84229		-0.0055255	8082	4
POLR1D	-0.70596	-0.84242	-1.0099	-0.0035932	8083	4
ANAPC7	-0.89192	-0.84428		-0.0036952	8084	4
SPIB	-0.99678	-0.84436	-0.6897	-0.0024013	8085	4
ULK1	-0.92508	-0.8445	-0.75573	-0.0038691	8086	4
SLC6A19	-0.76422	-0.84465		-0.0033524	8087	4
RPS24	-0.71659	-0.84535	-0.99978	-0.0035375	8088	4
COL19A1	-0.98898	-0.84635	-0.70057	-0.0033502	8089	4
RPS20	-0.66397	-0.8469	-1.0596	-0.0027885	8090	4
C2CD3	-1.2038	-0.84701	-0.48656	-0.0017187	8091	4
CSDE1	-0.87914	-0.84722		-0.0049426	8092	4
SLC8A1	-1.0266	-0.84747	-0.66765	-0.0027564	8093	4
PAPLN	-0.74876	-0.84767		-0.0040035	8094	4
PPA1	-0.89884	-0.84822		-0.0042614	8095	4
TF	-0.91325	-0.84834		-0.004724	8096	4
KRTAP10-5	-0.9492	-0.84842		-0.0042062	8097	4
ST6GALNAC6	-0.61874	-0.84934	-1.1326	-0.0023507	8098	4
PRKAG1	-0.70989	-0.85203		-0.0029306	8099	4
EZR	-0.72839	-0.85212	-0.99801	-0.0032639	8100	4
ZNF41	-1.0317	-0.85216		-0.0031437	8101	4
EFEMP2	-0.66157	-0.85249	-1.0789	-0.0025762	8102	4
ATAD2B	-1.0027	-0.85282	-0.69177	-0.0042557	8103	4
COPS5	-0.84377	-0.85322		-0.0060061	8104	4
SLC16A6	-0.9678	-0.85625	-0.74522	-0.0029134	8105	4
MTTP	-0.86993	-0.85633	-0.84561	-0.0058409	8106	4
NXF5	-0.78113	-0.8566	-0.9507	-0.0045812	8107	4
SYNCRIP	-0.84403	-0.85818		-0.0059385	8108	4
SLC15A2	-0.73537	-0.8591	-1.0012	-0.0033591	8109	4
LRP4	-0.75213	-0.85925		-0.0036056	8110	4
PPP1R14A	-0.91215	-0.85984		-0.0045978	8111	4
ABCC9	-0.85187	-0.86004	-0.87158	-0.004628	8112	4
DDX39A	-0.99545	-0.86042	-0.72447	-0.0037257	8113	4
ZDHHC8P1	-0.83525	-0.86047		-0.00532	8114	4
PGGHG	-0.79095	-0.86067		-0.0041779	8115	4
CDS1	-0.9915	-0.86077	-0.72893	-0.0028539	8116	4
TMEM167B	-0.93853	-0.86408		-0.0056373	8117	4
NHLRC4	-0.9415	-0.86411		-0.0045354	8118	4
KLF13	-0.95062	-0.86497	-0.76874	-0.004001	8119	4
LINC00687	-0.82464	-0.865		-0.005327	8120	4
PAN2	-1.0697	-0.86508	-0.64462	-0.0027935	8121	4
EXOSC3	-0.93273	-0.86521		-0.0052043	8122	4
FAM178B	-1.0174	-0.86552	-0.71406	-0.0030078	8123	4
BCL2A1	-0.72862	-0.86565	-1.0296	-0.0032489	8124	4
BSDC1	-1.0007	-0.86572	-0.71957	-0.0044423	8125	4
HYAL2	-0.86885	-0.86601		-0.0066253	8126	4
SLC7A6	-0.94486	-0.86638		-0.0062853	8127	4
TMEM132C	-0.905	-0.86667	-0.83213	-0.0048533	8128	4
CCDC25	-0.93428	-0.86701	-0.80389	-0.0041949	8129	4
BCL7C	-0.63759	-0.86737	-1.1116	-0.0019333	8130	4
HPN	-0.94264	-0.86782		-0.0036509	8131	4
MRPS15	-0.80711	-0.86797	-0.92324	-0.0056378	8132	4
FAM86B3P	-0.67737	-0.869	-1.0569	-0.0026347	8133	4
CDR2	-0.95022	-0.86908	-0.79026	-0.0041263	8134	4
KIF27	-1.1359	-0.86944	-0.60596	-0.0024758	8135	4
TMEM189	-0.87232	-0.86977		-0.0054688	8136	4
TTC1	-0.80227	-0.86985	-0.93211	-0.0049187	8137	4
IRAK1	-0.96072	-0.87008	-0.78171	-0.0039009	8138	4
KRTAP5-7	-0.98707	-0.87037	-0.75124	-0.0035993	8139	4
CHCHD2	-0.75825	-0.87061		-0.0038087	8140	4
CHMP7	-1.014	-0.87076		-0.0035971	8141	4
ATP5F1A	-0.98844	-0.87087	-0.75778	-0.0038357	8142	4
KDM2B	-1.077	-0.87101	-0.65055	-0.0028456	8143	4
RPS2	-0.69637	-0.87145	-1.0481	-0.0027009	8144	4
TMEM176B	-0.56651	-0.87205	-1.2091	-0.0018359	8145	4
TOMM22	-0.80601	-0.8723		-0.0049173	8146	4
ZNF561	-1.0307	-0.8723		-0.0027182	8147	4
MUC20	-1.1004	-0.87303	-0.6095	-0.0021693	8148	4
SH3D19	-0.84953	-0.8734	-0.89522	-0.0048103	8149	4
CMPK2	-0.98216	-0.87356		-0.0035126	8150	4
NUP54	-1.0663	-0.87368	-0.65668	-0.0023407	8151	4
TAF13	-0.99803	-0.87477	-0.75309	-0.0034292	8152	4
UPK1A-AS1	-0.9124	-0.87492		-0.0049704	8153	4
ALDH2	-0.67476	-0.87503	-1.1001	-0.0024794	8154	4
ETV3	-0.95531	-0.87531		-0.0037247	8155	4
ALDOC	-0.89826	-0.87713	-0.85899	-0.0056951	8156	4
TCTEX1D2	-0.71858	-0.87783		-0.0030825	8157	4
LANCL1	-1.0148	-0.87806	-0.74735	-0.0042518	8158	4
TMEM265	-1.1088	-0.87822	-0.63654	-0.00254	8159	4
JARID2-AS1	-0.75402	-0.8784	-1.0134	-0.0033823	8160	4
POLD4	-0.85595	-0.87909		-0.0055881	8161	4
XPOT	-0.84941	-0.88004		-0.0054034	8162	4
DSCC1	-1.0907	-0.88094	-0.65247	-0.0020539	8163	4
NABP1	-0.6879	-0.88118	-1.0637	-0.0026237	8164	4
ACTA2	-0.75921	-0.88138		-0.0029049	8165	4
IK	-0.89402	-0.88154		-0.0044896	8166	4
FAM13C	-0.85307	-0.88172		-0.0046467	8167	4
RFXANK	-0.83527	-0.88252	-0.92656	-0.0045609	8168	4
APAF1	-0.82385	-0.88401	-0.95252	-0.0055378	8169	4
FAM110A	-1.0762	-0.8854	-0.68332	-0.0032727	8170	4
CAVIN1	-0.95609	-0.88554	-0.82057	-0.0055081	8171	4
FAM71F2	-0.78592	-0.88682		-0.0037176	8172	4
ID4	-0.8094	-0.88711	-0.97824	-0.0041918	8173	4
ALDH4A1	-0.7565	-0.88729	-1.0341	-0.0032312	8174	4
MEF2D	-0.97617	-0.88761		-0.0054692	8175	4
CHCHD3	-1.0233	-0.88765	-0.75409	-0.0035866	8176	4
CPT1A	-0.87398	-0.88862	-0.90215	-0.0063258	8177	4
ZBTB7B	-0.9313	-0.88912	-0.8512	-0.0051972	8178	4
MYLIP	-0.80308	-0.88917	-0.98551	-0.0043816	8179	4
CNDP2	-0.71484	-0.88924		-0.0026907	8180	4
AKR1C3	-0.79562	-0.88928	-0.96575	-0.0038418	8181	4
SOX15	-0.95262	-0.88947	-0.82514	-0.0051751	8182	4
LZIC	-0.78472	-0.88947		-0.0033594	8183	4
KDR	-0.90888	-0.88949		-0.0055112	8184	4
TRIAP1	-1.0912	-0.88992	-0.67787	-0.0025302	8185	4
WWC1	-0.70721	-0.89067	-1.1081	-0.0028729	8186	4
RRS1	-0.95058	-0.89068	-0.83486	-0.0042765	8187	4
PCGF2	-1.0847	-0.89103	-0.69183	-0.0028832	8188	4
ZBTB7A	-1.0618	-0.89104	-0.69643	-0.0021715	8189	4
SOWAHD	-0.70056	-0.8919	-1.0917	-0.0026962	8190	4
GPER1	-0.91101	-0.89205	-0.87763	-0.0054844	8191	4
BRD1	-0.95293	-0.89238		-0.0057161	8192	4
DHRS9	-0.64399	-0.8926	-1.1531	-0.0020276	8193	4
CNTNAP3B	-0.88094	-0.894	-0.91025	-0.0044853	8194	4
LRP3	-0.82267	-0.89555		-0.0047192	8195	4
EPHB1	-0.973	-0.896		-0.0046661	8196	4
DCAF13P3	-1.2286	-0.89626	-0.48974	-0.0015553	8197	4
S100A4	-0.83663	-0.89666		-0.0040142	8198	4
LRR1	-1.035	-0.89762	-0.74117	-0.0024463	8199	4
PHF5A	-0.98958	-0.89886		-0.0051667	8200	4
CCNI2	-1.0858	-0.89982	-0.69045	-0.0028918	8201	4
FER1L4	-1.0138	-0.90135	-0.79033	-0.003422	8202	4
COMMD6	-0.75594	-0.90388		-0.0031499	8203	4
FGD1	-0.88166	-0.9044		-0.0053005	8204	4
SYPL2	-0.86481	-0.90483		-0.0045455	8205	4
SOX6	-0.90785	-0.90583		-0.0062195	8206	4
TESC	-0.97662	-0.90611	-0.83939	-0.0042019	8207	4
ZNF800	-1.0458	-0.90638		-0.0047957	8208	4
ADGRV1	-0.70052	-0.90648	-1.1626	-0.002605	8209	4
PIGN	-1.0493	-0.9068		-0.0042355	8210	4
GTF3A	-0.97412	-0.90721	-0.84323	-0.0034305	8211	4
MMS22L	-1.0522	-0.90726	-0.75077	-0.0022533	8212	4
PTPMT1	-0.98599	-0.90895		-0.003932	8213	4
MRPL58	-0.96013	-0.91127	-0.86597	-0.0044774	8214	4
ELAVL1	-0.86076	-0.91273		-0.0057246	8215	4
ZCCHC11	-0.98351	-0.91287	-0.8314	-0.0058808	8216	4
LOC100130331	-0.80554	-0.91303	-1.0305	-0.0040383	8217	4
SDR16C5	-1.0721	-0.91306	-0.74677	-0.0040918	8218	4
CCDC22	-1.0075	-0.91322		-0.004323	8219	4
SCN4B	-0.98694	-0.91375	-0.8454	-0.0045931	8220	4
SDC4	-0.7925	-0.91631		-0.0035943	8221	4
C17orf80	-1.0443	-0.91649		-0.0045897	8222	4
KMT2D	-0.92437	-0.91717		-0.0055698	8223	4
AFDN	-0.86664	-0.91725	-0.97402	-0.0034572	8224	4
UMPS	-0.6277	-0.91759	-1.2938	-0.0019942	8225	4
AGFG2	-0.83645	-0.9176	-1.0004	-0.0039848	8226	4
DOCK5	-0.98833	-0.91882		-0.0048698	8227	4
GDPD1	-1.0358	-0.91948	-0.80385	-0.0029907	8228	4
CFAP43	-0.85027	-0.92016		-0.0049765	8229	4
NDN	-0.8718	-0.92106	-0.98081	-0.0058064	8230	4
PLEKHF1	-1.1209	-0.92211	-0.70536	-0.0022468	8231	4
FLYWCH1	-1.1191	-0.92214	-0.72127	-0.0030593	8232	4
CNIH1	-0.99253	-0.92262		-0.0039215	8233	4
PDCD2	-0.72067	-0.92265	-1.1097	-0.0024335	8234	4
ATP6V0E2	-0.84544	-0.9228		-0.0049801	8235	4
CEP70	-0.82916	-0.92332		-0.0042443	8236	4
LGALS2	-0.85004	-0.92351	-0.98271	-0.0046686	8237	4
LMX1A	-1.0086	-0.92354		-0.004425	8238	4
HIST1H2AE	-0.9818	-0.92363	-0.85989	-0.0072343	8239	4
GTF3C6	-0.59491	-0.92379	-1.3058	-0.0017165	8240	4
SYT15	-1.0556	-0.92468	-0.79538	-0.0035382	8241	4
PLA2G6	-0.99918	-0.92517		-0.0052233	8242	4
TMEM184A	-0.98179	-0.92581		-0.0060196	8243	4
BEST4	-1.0004	-0.92589		-0.0056263	8244	4
PHF10	-0.79737	-0.92593	-1.0525	-0.0027184	8245	4
PPP1R3B	-0.97341	-0.92627	-0.88343	-0.0050637	8246	4
LRRC56	-0.76843	-0.92664	-1.1271	-0.0034137	8247	4
AHSA1	-0.96656	-0.92673		-0.0050661	8248	4
NUMBL	-0.79963	-0.92693	-1.0856	-0.0040933	8249	4
NOC3L	-0.91125	-0.92727		-0.0053011	8250	4
ADGRA3	-0.77455	-0.92889	-1.1062	-0.0029033	8251	4
OPN4	-0.9312	-0.92951	-0.93183	-0.0069997	8252	4
SLC24A3	-0.86984	-0.92952	-0.99767	-0.0059913	8253	4
ST7L	-1.0517	-0.92967	-0.79381	-0.0042075	8254	4
MAD2L2	-0.74963	-0.93122	-1.1566	-0.00282	8255	4
PCBP1	-1.0262	-0.93272		-0.0039949	8256	4
CDH12	-1.0307	-0.93412	-0.83804	-0.0042225	8257	4
ZDHHC3	-1.0359	-0.93451	-0.83702	-0.0049041	8258	4
DTWD2	-1.2259	-0.93478	-0.62094	-0.0021843	8259	4
CD2	-0.92924	-0.93545		-0.0046893	8260	4
IPP	-0.79471	-0.93644	-1.0965	-0.0031268	8261	4
DPM3	-1.0639	-0.93672	-0.79897	-0.0044357	8262	4
TP53I3	-0.79136	-0.93675	-1.098	-0.0034313	8263	4
JHY	-1.0196	-0.9378	-0.85796	-0.0039782	8264	4
PBX4	-0.88911	-0.93797	-0.99748	-0.0059249	8265	4
DCBLD1	-1.0239	-0.93837	-0.84904	-0.0059144	8266	4
PIGF	-0.6657	-0.93869	-1.1957	-0.0020647	8267	4
RNF157	-1.0649	-0.93911	-0.81633	-0.0033299	8268	4
PTX3	-1.0537	-0.93936	-0.82714	-0.0036063	8269	4
MT1L	-0.72039	-0.93942	-1.2075	-0.0025803	8270	4
NF2	-0.97796	-0.94192	-0.90989	-0.0055842	8271	4
CYYR1	-0.97969	-0.94216		-0.0075674	8272	4
MBP	-1.0212	-0.94228	-0.8532	-0.0062556	8273	4
SPARCL1	-0.98657	-0.94271	-0.90437	-0.005022	8274	4
MRO	-0.86341	-0.94291		-0.004738	8275	4
DCAF7	-0.74897	-0.94445	-1.1788	-0.0030151	8276	4
BTF3P11	-0.88593	-0.94449		-0.0045508	8277	4
OGFOD3	-1.0702	-0.94566	-0.80471	-0.0042648	8278	4
MCPH1	-1.1098	-0.94602	-0.76186	-0.0030115	8279	4
ADAD2	-0.93417	-0.94612	-0.96286	-0.0053093	8280	4
PRH2	-1.0938	-0.94621	-0.79567	-0.0031861	8281	4
IRF2BPL	-0.91822	-0.94664		-0.0050178	8282	4
TMEM250	-1.0157	-0.94674	-0.8804	-0.0040244	8283	4
RCCD1	-0.98551	-0.9475	-0.91318	-0.0064831	8284	4
DUSP23	-0.93754	-0.94832		-0.0054658	8285	4
STARD3NL	-0.77871	-0.94928	-1.0936	-0.0028614	8286	4
VAMP1	-1.0742	-0.94976	-0.82456	-0.0027588	8287	4
RERG	-1.0626	-0.95002	-0.83664	-0.0034934	8288	4
SLC12A9	-0.98492	-0.95021		-0.0045158	8289	4
MRPS6	-0.80554	-0.95132	-1.1288	-0.0038793	8290	4
SLC38A11	-1.1972	-0.95178	-0.68473	-0.0020319	8291	4
FGFR3	-0.86355	-0.95272	-1.0553	-0.0048108	8292	4
SLC46A3	-1.0835	-0.95335	-0.83067	-0.0049819	8293	4
DEPTOR	-1.0896	-0.95337	-0.81833	-0.0038355	8294	4
GSAP	-1.0698	-0.95391	-0.82926	-0.0049234	8295	4
AURKA	-1.2182	-0.95393	-0.68485	-0.0025455	8296	4
TRIM47	-1.0287	-0.95434		-0.0052779	8297	4
PCNT	-1.0805	-0.9549	-0.82733	-0.0036322	8298	4
SLC12A4	-0.86625	-0.95566	-1.0544	-0.0041263	8299	4
CHFR	-1.1047	-0.95608	-0.79568	-0.0038736	8300	4
CIZ1	-1.1141	-0.95619		-0.0031989	8301	4
KIAA0355	-1.0814	-0.95725		-0.0046219	8302	4
KLRC3	-0.78457	-0.95771	-1.1457	-0.0029922	8303	4
SIGLEC6	-0.97959	-0.95887		-0.0049203	8304	4
TMEM216	-0.99544	-0.96027		-0.0066538	8305	4
H2AFY	-0.97628	-0.96037		-0.0064247	8306	4
ST6GAL2	-0.98177	-0.96124	-0.93706	-0.0074231	8307	4
WNT3	-1.128	-0.96176	-0.78051	-0.0036963	8308	4
MOV10	-0.78575	-0.96177		-0.0028379	8309.5	4
PIN4	-0.81925	-0.96177		-0.0035968	8309.5	4
AGO2	-1.113	-0.963		-0.005165	8311	4
PIP5K1C	-1.0325	-0.9631		-0.0039999	8312	4
ADARB2-AS1	-0.98855	-0.96346	-0.94083	-0.0057068	8313	4
PLBD1	-0.97999	-0.96358	-0.95169	-0.0063049	8314	4
TKT	-0.99892	-0.96373		-0.006069	8315	4
INPP5B	-1.1547	-0.96435	-0.76694	-0.0031459	8316	4
C2orf54	-1.0555	-0.9644		-0.0055823	8317	4
IVNS1ABP	-1.0888	-0.96526	-0.84188	-0.0034839	8318	4
COX7A1	-1.0414	-0.96652	-0.89109	-0.0031209	8319	4
KNG1	-1.0677	-0.96777	-0.87221	-0.0037183	8320	4
MLLT3	-1.055	-0.96786		-0.0060739	8321	4
WDR91	-1.1409	-0.96936		-0.0026827	8322	4
EXOC1	-0.91821	-0.97138		-0.0047575	8323	4
STK26	-1.0784	-0.97249	-0.8686	-0.0037262	8324	4
FAM162A	-0.8617	-0.97278	-1.0612	-0.0040801	8325	4
CACNA1A	-1.2357	-0.97342	-0.66999	-0.0021213	8326	4
EIF1	-0.68753	-0.97357	-1.2173	-0.0019033	8327	4
LINC01000	-1.0526	-0.97401		-0.0064153	8328	4
CYP20A1	-1.0717	-0.97414		-0.0060494	8329	4
WASF3	-0.91599	-0.97489	-1.0354	-0.0046062	8330	4
ABCB1	-1.0298	-0.97538	-0.92471	-0.0053142	8331	4
MAP1LC3B	-1.144	-0.97604	-0.79139	-0.0023731	8332	4
MOG	-1.0423	-0.97624		-0.0056135	8333	4
EMCN	-1.0493	-0.97688	-0.90917	-0.004946	8334	4
RPL17	-0.92706	-0.9772		-0.0041157	8335	4
SEPT3	-0.87935	-0.97788	-1.0934	-0.0037256	8336	4
MBOAT1	-1.0195	-0.97807	-0.9407	-0.0060747	8337	4
GGTA1P	-0.83264	-0.97846	-1.1118	-0.0031589	8338	4
LINC01410	-0.80721	-0.97889	-1.1711	-0.0033089	8339	4
RIDA	-0.88331	-0.97913	-1.0739	-0.0044659	8340	4
DDHD2	-1.1715	-0.97918	-0.77655	-0.0024287	8341	4
RACGAP1P	-1.083	-0.97969		-0.0042005	8342	4
HACD2	-1.0471	-0.97999	-0.90465	-0.0061287	8343	4
EBAG9	-0.94803	-0.9801		-0.0058997	8344	4
SNRNP40	-1.108	-0.98123	-0.84998	-0.0030737	8345	4
FBXL4	-1.2477	-0.98126	-0.71337	-0.0028452	8346	4
TNFAIP8L2	-0.78849	-0.98249	-1.1809	-0.0030486	8347	4
SENP5	-0.92566	-0.983		-0.0048431	8348	4
TMEM39A	-1.1963	-0.9831	-0.74691	-0.003064	8349	4
ORAOV1	-1.1483	-0.98311		-0.0039822	8350	4
LHFPL6	-0.9257	-0.98447	-1.0447	-0.0053905	8351	4
KHSRP	-0.98769	-0.9849		-0.0080419	8352	4
RGS8	-0.93504	-0.98601	-1.049	-0.0057088	8353	4
MTG1	-1.1617	-0.98651	-0.79675	-0.0041143	8354	4
TMCO3	-1.111	-0.98667		-0.0054153	8355	4
HIST1H2BL	-0.94522	-0.98692	-1.0346	-0.0057967	8356	4
GLT8D1	-0.9885	-0.98705	-0.98664	-0.0059326	8357	4
ERVK13-1	-1.0947	-0.98733		-0.0054093	8358	4
CDADC1	-1.1655	-0.98762	-0.79379	-0.0021134	8359	4
EIF5B	-0.91329	-0.98882		-0.0044441	8360	4
ZNF776	-1.1448	-0.98932		-0.0037529	8361	4
SLC25A48	-0.91799	-0.98938		-0.0049369	8362	4
AKR1C1	-0.93933	-0.99069	-1.0355	-0.0053348	8363	4
ACO2	-0.88477	-0.9916	-1.0946	-0.0039928	8364	4
ZNF644	-1.1693	-0.99183		-0.0049763	8365	4
RBP7	-1.042	-0.99192		-0.0049935	8366	4
HIST1H3A	-1.2792	-0.99216	-0.61821	-0.0015865	8367	4
ABR	-0.94697	-0.99225	-1.0438	-0.006531	8368	4
ZNF81	-1.1645	-0.99296		-0.0047059	8369	4
FIBIN	-0.83406	-0.99411	-1.1743	-0.0032835	8370	4
SCN8A	-1.1293	-0.99437	-0.8583	-0.0033488	8371	4
TMOD3	-0.91419	-0.99491	-1.0893	-0.0050798	8372	4
ANKRD20A5P	-0.97673	-0.99508	-1.0224	-0.0053136	8373	4
CCDC160	-1.0067	-0.99544	-0.98554	-0.0070084	8374	4
SYPL1	-1.0865	-0.99652		-0.0054799	8375	4
PALLD	-0.85109	-0.99678	-1.1643	-0.0036337	8376	4
B3GAT2	-0.94601	-0.99735	-1.056	-0.0050234	8377	4
FGF7P6	-1.0708	-0.99763	-0.92492	-0.0057932	8378	4
ERGIC1	-1.0097	-0.99929		-0.0069645	8379	4
RPS27	-0.92417	-0.99955		-0.0055517	8380	4
GTF2H2B	-1.4224	-1.0008	-0.57461	-0.0017918	8381	4
SRGAP1	-0.87115	-1.001	-1.155	-0.0035073	8382	4
POGK	-1.1283	-1.0013	-0.86413	-0.0051184	8383	4
TXNRD2	-1.0762	-1.0025	-0.92693	-0.0059599	8384	4
BRINP2	-1.1108	-1.0034	-0.87909	-0.0041836	8385	4
MAF	-0.93572	-1.0048		-0.0054949	8386	4
SFRP2	-0.98412	-1.0049	-1.0301	-0.0065848	8387	4
FAM102A	-0.84432	-1.0055	-1.1864	-0.0034412	8388	4
IL34	-0.79519	-1.0067	-1.2391	-0.0027234	8389	4
ZNF518A	-1.1147	-1.007		-0.0058906	8390	4
HSD17B14	-0.81837	-1.0082	-1.2153	-0.0027187	8391	4
DLG3	-1.1249	-1.0089		-0.0051613	8392	4
PRDM5	-1.3479	-1.0094	-0.66095	-0.0021654	8393	4
PPM1J	-1.0173	-1.0105	-1.0045	-0.0075053	8394	4
USP25	-1.0136	-1.0109	-1.0131	-0.0066311	8395	4
SLC31A1	-1.0559	-1.0111		-0.0064929	8396	4
ACOT13	-0.95282	-1.0119	-1.0616	-0.0059124	8397	4
C3orf38	-1.1389	-1.0124	-0.87607	-0.0060885	8398	4
ALDH1L1	-0.87957	-1.0129	-1.1558	-0.0037011	8399	4
KNDC1	-1.1477	-1.0133	-0.85326	-0.0029574	8400	4
C5orf64	-1.0536	-1.015		-0.0067937	8401	4
APOLD1	-1.0743	-1.0153	-0.96144	-0.0052261	8402	4
AKR7A2P1	-0.87413	-1.0157	-1.1411	-0.0030828	8403	4
ENY2	-0.82033	-1.0158	-1.2385	-0.0031483	8404	4
SAXO2	-1.1472	-1.0165		-0.0048871	8405	4
APTR	-0.76046	-1.018	-1.3341	-0.0025191	8406	3
FAM107A	-0.84377	-1.0186	-1.2189	-0.0030714	8407	3
SEPT12	-1.2783	-1.0187	-0.70341	-0.0018491	8408	3
GJA4	-1.0484	-1.0191		-0.0059287	8409	3
MAP2	-0.90673	-1.0197	-1.1405	-0.0049306	8410	3
GRIN2C	-0.91438	-1.0205	-1.1431	-0.0040967	8411	3
FAU	-0.91048	-1.0207	-1.1444	-0.0043102	8412	3
C16orf89	-0.90014	-1.0229	-1.1606	-0.0039539	8413	3
LOC100240734	-1.1478	-1.0236	-0.88007	-0.0040584	8414	3
EXOSC6	-1.1229	-1.0237		-0.0044214	8415	3
SBF2	-0.93473	-1.024	-1.1296	-0.0054179	8416	3
LGR4	-0.88564	-1.0243	-1.1845	-0.0037158	8417	3
NSMCE1	-0.82118	-1.0251	-1.1898	-0.0024912	8418	3
CAMK1	-1.1127	-1.0262	-0.92754	-0.0054984	8419	3
PRKAR2A	-1.1912	-1.0266	-0.86487	-0.0041501	8420	3
SYNJ2	-1.0956	-1.0266		-0.0068711	8421	3
CDKL4	-0.98394	-1.0268		-0.0067737	8422	3
SMIM10L1	-1.0981	-1.0273		-0.0067522	8423	3
FBXL6	-1.139	-1.0293		-0.0047552	8424	3
CEP83	-0.83897	-1.0294	-1.2659	-0.0032969	8425	3
LOC100294362	-1.1209	-1.0301	-0.93269	-0.0051023	8426	3
LYPD1	-0.69653	-1.0302	-1.4133	-0.0018443	8427	3
CARD19	-1.1144	-1.0302	-0.94995	-0.0048364	8428	3
AGAP11	-1.1715	-1.0311		-0.0047277	8429	3
RGL3	-0.91055	-1.0312		-0.0040772	8430	3
LINC02470	-0.99507	-1.0312		-0.0063101	8431	3
BTG3-AS1	-1.0585	-1.0316	-1.006	-0.0077377	8432	3
LINC01351	-1.0354	-1.0327		-0.0078295	8433	3
FREM1	-1.0739	-1.0328		-0.0066454	8434	3
SUPT20H	-1.2128	-1.0332	-0.84378	-0.0042761	8435	3
MNT	-1.0283	-1.0335	-1.0396	-0.0069617	8436	3
CHPF	-0.94276	-1.0341	-1.1297	-0.0039376	8437	3
SOGA3	-1.2308	-1.0345	-0.83852	-0.003453	8438	3
CRLS1	-1.0862	-1.0347		-0.0070194	8439	3
ZNF780B	-1.1955	-1.0348		-0.00485	8440	3
NUDT6	-1.1117	-1.0356	-0.96456	-0.0043714	8441	3
SARM1	-1.1205	-1.0385	-0.94219	-0.0064268	8442	3
TMEM165	-1.1612	-1.0389		-0.0049555	8443	3
GNAI2	-0.8307	-1.0397	-1.2417	-0.0028438	8444	3
SRSF5	-1.1533	-1.04		-0.0052462	8445	3
PPP2R2C	-1.126	-1.0404		-0.0053639	8446	3
ERI3	-0.83142	-1.0415	-1.2091	-0.0024686	8447	3
RALGPS2	-0.84037	-1.0425	-1.2984	-0.002893	8448	3
RYR3	-0.93462	-1.0434	-1.1782	-0.0044695	8449	3
ZNF211	-1.1339	-1.0439		-0.0065537	8450	3
KAT6B	-1.1738	-1.044	-0.89818	-0.0054443	8451	3
NOM1	-1.1809	-1.0442	-0.90586	-0.0033556	8452	3
GALNT5	-1.1288	-1.0447		-0.004871	8453	3
ZNF587	-1.1081	-1.0451		-0.0072839	8454	3
LOC100505915	-1.0357	-1.0452		-0.0063583	8455	3
STRBP	-1.1773	-1.0453	-0.91685	-0.0030118	8456	3
FBXO41	-0.93766	-1.0463		-0.0040531	8457	3
PDGFRL	-0.99738	-1.0464		-0.0061776	8458	3
DOK7	-1.0312	-1.0467	-1.0657	-0.0058031	8459	3
VPS36	-1.1597	-1.0492	-0.94297	-0.0032646	8460	3
AHI1	-1.3435	-1.0493	-0.67167	-0.0016765	8461	3
GPR173	-0.99656	-1.0493		-0.0046614	8462	3
COL27A1	-1.084	-1.0494	-1.0181	-0.0051153	8463	3
ZNF75A	-1.1863	-1.0497		-0.0056408	8464	3
LY6G5C	-1.1519	-1.0504		-0.0051111	8465	3
KCNAB3	-1.1923	-1.0512	-0.90094	-0.0023819	8466	3
MINPP1	-1.1496	-1.0529		-0.0061691	8467	3
QTRT2	-1.1968	-1.053	-0.89385	-0.0039065	8468	3
SOGA1	-0.98347	-1.0533	-1.1361	-0.0054362	8469	3
ANKRD23	-1.2162	-1.0536		-0.0041779	8470	3
SELENOK	-0.96945	-1.0537		-0.004844	8471	3
ALG5	-0.97337	-1.0538		-0.0050613	8472	3
NDUFB5	-1.0618	-1.0541		-0.0072411	8473	3
LCE1F	-1.1153	-1.0542		-0.0075767	8474	3
GLUD2	-0.81711	-1.0551	-1.3407	-0.0027503	8475	3
RAB11FIP3	-1.1891	-1.0551		-0.00372	8476	3
ITGA11	-1.1501	-1.056	-0.96556	-0.0046768	8477	3
ANP32E	-0.87297	-1.0564	-1.2633	-0.0031068	8478	3
ANLN	-1.1359	-1.0565		-0.0056508	8479	3
CDH11	-0.97555	-1.0578	-1.1388	-0.0039731	8480	3
HSPE1	-1.022	-1.0584		-0.0070304	8481	3
FKBP14	-0.92052	-1.0588	-1.2311	-0.0035191	8482	3
MAOA	-0.90197	-1.0595	-1.243	-0.0038254	8483	3
GALNT15	-1.1195	-1.0606		-0.0057856	8484	3
CBX5	-1.1624	-1.0608		-0.0058667	8485	3
YTHDC2	-1.2219	-1.0615	-0.89456	-0.0032623	8486	3
RUNX1	-0.98714	-1.0616		-0.0065047	8487	3
CPAMD8	-0.93881	-1.0627	-1.2174	-0.0038565	8488	3
UVRAG	-1.2591	-1.0629	-0.87092	-0.0038878	8489	3
SELENBP1	-0.88629	-1.0631	-1.2438	-0.0034056	8490	3
GALNS	-1.0954	-1.0635		-0.007188	8491	3
RYR1	-0.96222	-1.0639	-1.1864	-0.0043711	8492	3
PDGFRA	-0.77754	-1.0642	-1.4201	-0.0022437	8493	3
TRMT5	-0.9643	-1.0645	-1.1828	-0.0044017	8494	3
SWAP70	-0.96802	-1.0652		-0.0056687	8495	3
NTSR2	-0.87769	-1.0657	-1.2773	-0.0030843	8496	3
KLHL42	-1.1901	-1.066		-0.0061955	8497	3
ZDHHC20	-1.1825	-1.0665	-0.95695	-0.0048687	8498	3
DPH5	-0.78877	-1.0672	-1.3773	-0.0023585	8499	3
ADAM9	-1.3264	-1.0673	-0.78517	-0.0027986	8500	3
CRHBP	-0.88729	-1.0679	-1.2418	-0.0027443	8501.5	3
CRIPAK	-1.2512	-1.0679	-0.8571	-0.0033637	8501.5	3
SSR3	-0.95359	-1.0681	-1.1758	-0.0042455	8503	3
CEP120	-1.2755	-1.0684	-0.8441	-0.0033742	8504	3
LOC101926934	-1.0237	-1.0684	-1.1048	-0.0063469	8505	3
COCH	-0.87865	-1.0686	-1.3152	-0.0034193	8506	3
TNFRSF13C	-0.93603	-1.0687	-1.2132	-0.0043868	8507	3
GGACT	-1.0231	-1.069		-0.0061396	8508	3
SENP7	-1.2888	-1.0695	-0.82792	-0.0036489	8509	3
MAP3K6	-1.271	-1.0698	-0.84165	-0.0020255	8510	3
SEMA3A	-1.1706	-1.071	-0.9828	-0.0056199	8511	3
YAP1	-0.94167	-1.071	-1.2218	-0.0039853	8512	3
STK4-AS1	-1.1273	-1.072		-0.0075713	8513	3
ME2	-0.90653	-1.0735	-1.2342	-0.0035557	8514	3
RBM19	-1.1337	-1.0738		-0.0059107	8515	3
TLE4	-1.1988	-1.0744		-0.006911	8516	3
TOR1AIP2	-1.1603	-1.0745	-0.99315	-0.005419	8517	3
RSBN1L	-1.1605	-1.075		-0.0062517	8518	3
GAD1	-1.2312	-1.0756	-0.91106	-0.0043685	8519	3
NCAM1	-0.99768	-1.0758	-1.1706	-0.0052408	8520	3
MICALL1	-1.1142	-1.076		-0.0057981	8521	3
DHX15	-1.2042	-1.0774		-0.0043942	8522	3
ZNRF2P1	-1.1968	-1.0775	-0.94288	-0.0058756	8523	3
RBM4B	-1.2857	-1.0776		-0.004012	8524	3
SNX24	-1.1049	-1.0779	-1.0541	-0.0073911	8525	3
LIME1	-1.0602	-1.078		-0.0058554	8526	3
TTBK2	-1.2632	-1.0783	-0.88692	-0.0028547	8527	3
ZCWPW2	-0.95915	-1.0784	-1.1999	-0.0040965	8528	3
ZNF485	-1.2263	-1.0785		-0.004909	8529	3
WWC3	-1.1647	-1.0788		-0.0066161	8530	3
MYCN	-1.0121	-1.0789	-1.164	-0.0053014	8531	3
RB1CC1	-1.1373	-1.0795		-0.0068915	8532	3
PHF2	-1.1652	-1.0797		-0.0068039	8533	3
CEND1	-1.1801	-1.0803	-0.9896	-0.0044439	8534	3
ABCA5	-1.2186	-1.0803	-0.92214	-0.0040479	8535	3
KIAA1324	-1.1258	-1.081	-1.0272	-0.0077273	8536	3
B4GALT1	-0.94861	-1.0812		-0.0041329	8537	3
HMGN2	-0.93273	-1.0817	-1.2665	-0.0041248	8538	3
SMARCAD1	-1.1861	-1.0819	-0.96484	-0.0056801	8539	3
LFNG	-1.0151	-1.0824	-1.1568	-0.0045155	8540	3
MCAM	-1.1625	-1.083		-0.0056337	8541	3
FAM181A	-0.87093	-1.084	-1.352	-0.0029289	8542	3
PREX2	-0.94991	-1.0848		-0.0045317	8543	3
PLA2G5	-1.1303	-1.085		-0.0058298	8544	3
ERBB2	-0.92967	-1.0857	-1.2753	-0.0038672	8545	3
RGS18	-0.88962	-1.0869	-1.3136	-0.0038484	8546	3
KRTAP5-2	-1.2518	-1.0871	-0.92402	-0.0037067	8547	3
ADK	-0.96419	-1.0878	-1.18	-0.0040139	8548	3
ZNF234	-1.2683	-1.0879		-0.0052309	8549	3
SURF1	-0.92769	-1.0886	-1.2315	-0.0033555	8550	3
EDARADD	-0.90855	-1.0888	-1.2611	-0.0030989	8551	3
INSIG2	-1.249	-1.0889	-0.93854	-0.0046416	8552	3
RPL23	-0.9582	-1.0896		-0.0042328	8553	3
KDM6B	-1.2925	-1.0897	-0.8681	-0.0030673	8554	3
FAAH2	-1.1337	-1.0899	-1.0418	-0.0072045	8555	3
ACPP	-1.0809	-1.0906		-0.0051621	8556	3
CAAP1	-1.3636	-1.0908	-0.80366	-0.0030101	8557	3
HSPC324	-1.1462	-1.0922	-1.044	-0.0057006	8558	3
PPP1R42	-1.0332	-1.0928	-1.1595	-0.0064187	8559	3
LOC105374546	-0.8662	-1.0938	-1.3302	-0.0029265	8560	3
MAPKAPK5	-1.05	-1.0939		-0.0053453	8561	3
CEP162	-1.2179	-1.094		-0.0053964	8562	3
PIK3C2A	-1.0904	-1.094		-0.0086012	8563	3
C1QTNF3	-0.97275	-1.0969		-0.0041529	8564	3
PHRF1	-1.222	-1.0989		-0.0052184	8565	3
AGAP5	-1.2532	-1.0998		-0.005088	8566	3
DIDO1	-1.3255	-1.0999	-0.83962	-0.0024121	8567	3
METTL14	-1.2316	-1.1009	-0.96723	-0.0061122	8568	3
DDX46	-1.434	-1.101	-0.72282	-0.0020714	8569	3
PRDX4	-0.82752	-1.1022	-1.3168	-0.0022073	8570	3
PIGP	-0.99849	-1.1038		-0.0047157	8571	3
TPTE2P1	-1.2029	-1.1039	-0.9868	-0.0048872	8572	3
LINC00216	-1.1876	-1.1041		-0.0050712	8573	3
IDH1-AS1	-0.98723	-1.1042	-1.214	-0.0040849	8574	3
OR2M4	-1.2066	-1.1049	-0.9994	-0.0046437	8575	3
PSMA2	-1.0461	-1.1056		-0.0056768	8576	3
SUPT7L	-1.349	-1.1056	-0.83798	-0.0022189	8577	3
CAB39L	-1.2754	-1.1066		-0.0044913	8578	3
RPL18	-1.0315	-1.1068	-1.1942	-0.0055475	8579	3
QDPR	-1.1595	-1.1069	-1.0585	-0.006144	8580	3
STK38	-1.1378	-1.1083		-0.0062926	8581	3
FBXO5	-1.234	-1.1087		-0.0057252	8582	3
KCNT1	-1.2878	-1.1094	-0.89521	-0.002304	8583	3
DENND4B	-1.2468	-1.1098	-0.97627	-0.004086	8584	3
SUGCT	-1.0383	-1.1099		-0.0056326	8585	3
RPRD2	-1.2358	-1.1099	-0.96351	-0.0048966	8586	3
FUT4	-1.0858	-1.1114		-0.0067779	8587	3
KMT2A	-1.2175	-1.1122		-0.0055743	8588	3
TOMM34	-1.0872	-1.1134	-1.1379	-0.0067415	8589	3
AKR1C4	-1.0716	-1.1135	-1.1479	-0.0058431	8590	3
AURKB	-1.1576	-1.1135		-0.0072958	8591	3
CNN3	-0.89369	-1.1143	-1.3803	-0.0031785	8592	3
ORC3	-0.94492	-1.1148	-1.3011	-0.0031469	8593	3
FAM95C	-1.1696	-1.1157		-0.0079455	8594	3
EFCAB2	-1.0864	-1.1165		-0.0063645	8595	3
KDM7A	-1.3414	-1.1168	-0.86773	-0.002392	8596	3
FKTN	-1.2493	-1.118		-0.0056161	8597	3
TRIL	-0.94129	-1.1181	-1.3092	-0.0032868	8598	3
UGT8	-1.2053	-1.1184		-0.005517	8599	3
KANSL1-AS1	-1.0329	-1.1194	-1.2163	-0.0052431	8600	3
HES6	-1.2267	-1.1198	-1.0215	-0.0043219	8601	3
RGMA	-1.1833	-1.1206	-1.0618	-0.0082711	8602	3
ZNF677	-1.0649	-1.1209	-1.1866	-0.0068481	8603	3
FADS2	-0.92534	-1.1234	-1.3503	-0.0032284	8604	3
MRPL48	-1.2241	-1.1245	-1.0304	-0.0044679	8605	3
DPYD	-0.92992	-1.125	-1.3411	-0.0032946	8606	3
TMEM74	-1.1513	-1.1251		-0.0068541	8607	3
FBL	-1.0274	-1.1261	-1.2505	-0.0053428	8608	3
CYTL1	-1.0094	-1.1266	-1.2294	-0.0042367	8609	3
NXPE3	-1.2746	-1.1275	-0.98494	-0.0042403	8610	3
RBP2	-1.2023	-1.1287		-0.0068655	8611	3
KIF9-AS1	-1.2833	-1.13	-0.9663	-0.0052766	8612	3
GSE1	-1.2937	-1.1302	-0.97069	-0.0046605	8613	3
DDX5	-1.2208	-1.1305	-1.0287	-0.0068618	8614	3
HIST1H2BF	-1.0913	-1.1307	-1.1745	-0.0067194	8615	3
TAS2R19	-1.3676	-1.1312	-0.89047	-0.0036461	8616	3
MORN2	-0.96998	-1.1323		-0.0039929	8617	3
LRRK2	-1.3285	-1.1328	-0.9059	-0.0036625	8618	3
RECQL5	-1.2231	-1.1329		-0.0065743	8619	3
ANKRD42	-1.1446	-1.1331	-1.1258	-0.008119	8620	3
TCF7L1	-0.98009	-1.1335	-1.3099	-0.004253	8621	3
DCLK3	-1.1356	-1.1337	-1.1344	-0.0085826	8622	3
ABHD6	-1.2486	-1.1338	-1.0252	-0.0054106	8623	3
BMS1P2	-1.451	-1.1341	-0.8195	-0.0032133	8624	3
SFMBT2	-0.90592	-1.1345	-1.4179	-0.0030246	8625	3
THSD1	-1.1282	-1.1345		-0.0081983	8626	3
DIP2B	-1.2186	-1.1351		-0.005564	8627	3
NDUFA6-AS1	-1.0337	-1.1359		-0.0046698	8628	3
ZNF10	-1.2412	-1.1361	-1.0165	-0.0067018	8629	3
ADSSL1	-1.2792	-1.1362	-1.0006	-0.0044389	8630	3
HHLA3	-0.9926	-1.1367	-1.2805	-0.0046429	8631	3
TMEM206	-1.1398	-1.1371		-0.0065866	8632	3
MAPRE1	-1.0125	-1.1377	-1.2644	-0.0043927	8633	3
KCTD12	-0.77969	-1.1385	-1.546	-0.0020378	8634	3
MUTYH	-1.2834	-1.1386		-0.005826	8635	3
ZEB1	-1.0961	-1.1394		-0.0057386	8636	3
DESI2	-1.2346	-1.14		-0.0075027	8637	3
ACVR1C	-1.2778	-1.1406	-1.0101	-0.0037296	8638	3
HGH1	-0.95067	-1.1415	-1.3787	-0.0036854	8639	3
NSUN3	-1.3537	-1.1421	-0.91711	-0.0028	8640	3
PLAC9P1	-0.94725	-1.1425	-1.3651	-0.0029003	8641	3
CASTOR1	-0.99053	-1.1428	-1.3193	-0.0040644	8642	3
HSD3B7	-1.0389	-1.1428	-1.2581	-0.0038595	8643	3
BTNL9	-1.0466	-1.1437	-1.2405	-0.0042542	8644	3
SLC16A4	-1.2833	-1.1438		-0.0055037	8645	3
SHANK3	-1.1729	-1.144		-0.0087572	8646	3
PHAX	-1.3061	-1.1445	-0.95969	-0.0040725	8647	3
SNTB1	-0.91971	-1.1458	-1.4165	-0.0032359	8648	3
CIDEB	-1.0153	-1.1461	-1.2934	-0.0045558	8649	3
RFC1	-1.2273	-1.1463		-0.0073177	8650	3
ZMYND10	-1.0443	-1.1482	-1.2705	-0.0038489	8651	3
COX10	-1.4015	-1.1484	-0.89481	-0.003324	8652	3
RAB2A	-1.2005	-1.1486		-0.0063904	8653	3
SMC2	-1.3426	-1.1502	-0.93829	-0.0024566	8654	3
RPL34	-1.0984	-1.1502		-0.0068098	8655	3
DDX31	-1.2395	-1.1505		-0.005905	8656	3
CD3EAP	-1.2702	-1.1509		-0.0037814	8657	3
RDM1	-1.1731	-1.1514		-0.0071849	8658	3
SLC25A17	-1.3116	-1.1517	-0.9944	-0.0047734	8659	3
GLB1L	-1.1465	-1.152		-0.0076502	8660	3
PRDM1	-1.2716	-1.1521	-1.0349	-0.0038719	8661	3
APOOL	-1.1763	-1.1521		-0.0081124	8662	3
EZH1	-1.3681	-1.1538		-0.0031542	8663	3
LOC728554	-1.1475	-1.1545	-1.1707	-0.0047937	8664	3
ZC3H14	-1.2962	-1.1551		-0.005266	8665	3
CCDC144CP	-1.3449	-1.1556	-0.94641	-0.0048746	8666	3
VHL	-1.1207	-1.1559		-0.0068931	8667	3
ZNF445	-1.3202	-1.1564		-0.0046547	8668	3
LHX2	-1.0368	-1.1584	-1.2991	-0.0049488	8669	3
TAS2R13	-1.327	-1.1592	-0.96349	-0.0035297	8670	3
MIB1	-1.1888	-1.1594		-0.0083142	8671	3
PAK1IP1	-1.2372	-1.1598		-0.0049866	8672	3
KCNQ1DN	-1.1379	-1.1599		-0.0069546	8673	3
MYO1E	-1.3325	-1.1603		-0.0042861	8674	3
TMIGD3	-1.011	-1.1607	-1.3201	-0.0045374	8675	3
TRAF7	-1.2934	-1.1608	-1.017	-0.0037652	8676	3
ISG20L2	-1.2423	-1.1609	-1.0685	-0.0057098	8677	3
LCN12	-0.96084	-1.1614	-1.3813	-0.0029063	8678	3
CSH1	-1.2227	-1.1616		-0.0071674	8679	3
PLPP1	-1.2551	-1.1618	-1.0745	-0.006161	8680	3
SNAP29	-0.86394	-1.1621		-0.002322	8681.5	3
MVP	-1.2313	-1.1621		-0.0052622	8681.5	3
CFAP73	-1.0406	-1.163		-0.0048866	8683	3
MPLKIP	-1.4047	-1.1638		-0.0036198	8684	3
CCNA2	-1.3006	-1.1639		-0.0051142	8685	3
DRAXIN	-1.1007	-1.1643	-1.2537	-0.0058524	8686	3
EXOSC10	-1.2023	-1.1649		-0.008067	8687	3
NUP155	-1.2747	-1.166		-0.005853	8688	3
GMIP	-0.97925	-1.1666	-1.3624	-0.0037899	8689	3
AKAP1	-1.2735	-1.1681	-1.0468	-0.0050934	8690	3
ZNF454	-1.3499	-1.1689	-0.98627	-0.0041616	8691	3
PTS	-0.9262	-1.169	-1.3588	-0.0025893	8692	3
TBC1D30	-1.3425	-1.1692	-1.0009	-0.0041998	8693	3
MDH1B	-1.3206	-1.1694	-0.99294	-0.0040328	8694	3
NDUFB1	-0.90627	-1.1694	-1.4683	-0.0027995	8695	3
PLIN5	-1.0325	-1.1699	-1.3283	-0.0047386	8696	3
UNK	-1.2483	-1.1712	-1.0817	-0.0074553	8697	3
PRODH	-0.99301	-1.1713	-1.3749	-0.0036155	8698	3
ATP2C2	-1.0952	-1.1716	-1.2502	-0.0047721	8699	3
TM2D1	-1.0988	-1.1724		-0.0050227	8700	3
SDHB	-1.1709	-1.1732		-0.007499	8701	3
DNAJC9	-1.2881	-1.1733	-1.0419	-0.0052291	8702	3
MRPS36	-1.2291	-1.1739	-1.1248	-0.0064413	8703	3
NDRG3	-1.3128	-1.1765	-1.0448	-0.0036965	8704	3
SF3B1	-1.3383	-1.1774	-0.99487	-0.0031151	8705	3
MT1X	-0.94745	-1.1775	-1.4414	-0.0030169	8706	3
CDC42P3	-0.94358	-1.1777	-1.414	-0.0026169	8707	3
PLK3	-1.285	-1.1778		-0.005032	8708	3
TOP1	-1.3391	-1.1784		-0.0043502	8709	3
MSRB1	-1.152	-1.1784	-1.2055	-0.0077877	8710	3
ADHFE1	-1.0614	-1.1787	-1.3035	-0.0044395	8711	3
LOC642929	-1.2781	-1.1799	-1.0653	-0.0069416	8712	3
EVI2A	-1.2721	-1.18		-0.0050207	8713	3
TBC1D10C	-1.1148	-1.18		-0.0057202	8714	3
XXYLT1	-1.2722	-1.1802	-1.0912	-0.0067539	8715	3
LCE2A	-1.2561	-1.1818		-0.0080475	8716	3
CX3CR1	-0.98563	-1.1819	-1.3826	-0.0036114	8717	3
TLE2	-1.3203	-1.1824	-1.0356	-0.0031902	8718	3
SFR1	-1.265	-1.1826		-0.005595	8719	3
SRGAP3	-1.2771	-1.183	-1.0764	-0.0063778	8720	3
GTF2IP20	-1.2488	-1.1844		-0.0051916	8721	3
THOC1	-1.4518	-1.1846	-0.90788	-0.0039686	8722	3
CCDC8	-1.0287	-1.1848	-1.3642	-0.0041633	8723	3
SEPT11	-1.1036	-1.1866		-0.0063286	8724	3
DCTN4	-1.3627	-1.1875		-0.0051609	8725	3
SESTD1	-1.3322	-1.1883	-1.0583	-0.0049495	8726	3
ZNF511	-1.2483	-1.1885	-1.1269	-0.0056415	8727	3
RFX2	-1.1103	-1.1885		-0.0059784	8728	3
SPIRE2	-1.347	-1.1898	-1.028	-0.003647	8729	3
FZD10	-1.2573	-1.1901	-1.1298	-0.0068737	8730	3
HIF3A	-1.0992	-1.1907		-0.0061585	8731	3
LGALS3	-1.0595	-1.1917		-0.0039915	8732	3
RASA3	-1.3006	-1.1919	-1.0663	-0.0073046	8733	3
KCNN4	-1.279	-1.192	-1.1168	-0.0070555	8734	3
DTX3L	-1.1357	-1.1924		-0.0065772	8735	3
RAX2	-1.2914	-1.1925		-0.0060189	8736	3
LGR5	-1.298	-1.1943		-0.0053926	8737	3
TBC1D2	-1.2948	-1.1947		-0.0050051	8738	3
SLC16A3	-1.1758	-1.1961		-0.0083194	8739	3
LGI2	-1.3309	-1.1977	-1.0714	-0.0039873	8740	3
IQCG	-1.194	-1.1981	-1.202	-0.0065594	8741	3
MT1B	-0.97026	-1.1983	-1.4746	-0.0032281	8742	3
SPINK2	-1.2781	-1.1987	-1.1068	-0.0079444	8743	3
CLDN10	-1.0462	-1.2	-1.3621	-0.0040062	8744	3
NPAS3	-1.0815	-1.2005	-1.3409	-0.0052672	8745	3
KCTD10	-1.0532	-1.2005	-1.349	-0.0038057	8746	3
FLNA	-1.0925	-1.2008		-0.0049648	8747	3
RPL13	-1.0861	-1.201	-1.3316	-0.0047505	8748	3
GALP	-1.2686	-1.201		-0.0063696	8749	3
SCOC	-1.115	-1.2011		-0.0052271	8750	3
FAM20A	-1.3555	-1.2025	-1.0359	-0.004794	8751	3
POMP	-1.131	-1.2035		-0.0056531	8752	3
TAF8	-1.3041	-1.2043		-0.0052079	8753	3
UTY	-1.3799	-1.2044		-0.005508	8754	3
ZNF200	-1.2812	-1.205		-0.0075011	8755	3
TK2	-1.1152	-1.2057		-0.0051047	8756	3
SMIM14	-1.1266	-1.2063		-0.006023	8757	3
COQ10A	-1.279	-1.2075		-0.0066246	8758	3
LINC00266-1	-1.2895	-1.2086		-0.0061417	8759	3
CHADL	-1.2974	-1.2103		-0.0063885	8760	3
NQO1	-1.1056	-1.2105	-1.2967	-0.0049907	8761	3
SPX	-1.1223	-1.2115	-1.2983	-0.0055679	8762	3
BEND6	-1.3429	-1.2115	-1.0883	-0.0039789	8763	3
PLPP3	-1.0227	-1.2116	-1.4258	-0.0037029	8764	3
IPW	-1.3787	-1.212	-1.0446	-0.0034989	8765	3
CS	-1.3448	-1.2143	-1.0884	-0.0042225	8766	3
SRP14-AS1	-1.2235	-1.2154		-0.0069832	8767	3
MED24	-1.0675	-1.2171		-0.0038155	8768	3
SZT2	-1.5468	-1.2187	-0.84897	-0.0025078	8769	3
MTMR11	-1.2708	-1.2192	-1.1679	-0.0064157	8770	3
BMP8B	-1.2833	-1.2194	-1.1482	-0.0077625	8771	3
SLC35G5	-1.3822	-1.22		-0.0042536	8772	3
SPATA5	-1.2988	-1.2205		-0.0059778	8773	3
C5orf42	-1.3398	-1.2207		-0.0058875	8774	3
KLF3	-1.1877	-1.2213		-0.0057813	8775	3
FAM131C	-1.1876	-1.2216		-0.0052929	8776	3
TXLNG	-1.3651	-1.2217	-1.0704	-0.0050976	8777	3
PDCD11	-1.3441	-1.2219		-0.0054327	8778	3
HERC2P9	-1.3578	-1.2223		-0.0055266	8779	3
NFKB1	-1.4286	-1.2226	-1.0077	-0.0030238	8780	3
LOC100130950	-1.3348	-1.223	-1.0985	-0.0056491	8781	3
SRGAP2	-1.2935	-1.223	-1.1562	-0.0062796	8782	3
GATM	-1.0567	-1.2236		-0.0038691	8783	3
COTL1	-1.2377	-1.2238	-1.2144	-0.008222	8784	3
PTK2	-1.1531	-1.2238		-0.0054151	8785	3
CNTNAP5	-1.3705	-1.2247	-1.0627	-0.0058914	8786	3
UPF3A	-1.4944	-1.2253	-0.89006	-0.0023555	8787	3
ZFP37	-1.3102	-1.2259	-1.1451	-0.0054459	8788	3
SEMA7A	-1.3683	-1.2259	-1.0888	-0.0034233	8789	3
GRAMD1C	-1.0902	-1.2263		-0.004329	8790	3
EPM2A	-1.3456	-1.2265	-1.1091	-0.0039493	8791	3
PARP3	-1.3045	-1.2267	-1.1591	-0.006021	8792	3
NDE1	-1.3257	-1.2268		-0.0060247	8793	3
CALD1	-1.1168	-1.2269	-1.3274	-0.0047735	8794	3
BZW1	-1.2195	-1.2275		-0.0078951	8795	3
PXDN	-1.2846	-1.2275	-1.1652	-0.0071762	8796	3
ZSCAN23	-1.3234	-1.2285		-0.0060765	8797	3
AZI2	-1.2622	-1.2288		-0.0058862	8798	3
SERPINB1	-1.2117	-1.2288		-0.0064101	8799	3
ENOPH1	-1.1605	-1.23		-0.0058476	8800	3
CLDND1	-1.2818	-1.2306		-0.0062951	8801	3
ARPC5	-1.0505	-1.2309	-1.4474	-0.0037868	8802	3
LIX1	-0.93021	-1.2309	-1.5731	-0.0026493	8803	3
DRAIC	-1.0414	-1.2313	-1.4703	-0.0043016	8804	3
PTTG1	-1.3422	-1.2313	-1.1056	-0.0066097	8805	3
PNPO	-1.4015	-1.2322		-0.0033333	8806	3
ZNRF3	-1.2454	-1.2325		-0.0080408	8807	3
MAPK8	-1.3632	-1.2327		-0.0047804	8808	3
PLBD2	-1.3442	-1.2335		-0.0073624	8809	3
FH	-1.2902	-1.2341		-0.0068589	8810	3
LOXL3	-1.0346	-1.2342	-1.477	-0.0039264	8811	3
DIO2	-1.0726	-1.2349	-1.3939	-0.0037789	8812	3
DDX19B	-1.4431	-1.2354	-1.004	-0.0045267	8813	3
RNF180	-1.3353	-1.2356		-0.006592	8814	3
AUNIP	-1.2254	-1.2362	-1.2489	-0.0053434	8815	3
TMC4	-1.3019	-1.2366		-0.007897	8816	3
CCNE2	-1.3094	-1.237		-0.0060343	8817	3
BBS5	-1.3267	-1.2372		-0.007039	8818	3
B3GNT7	-1.3209	-1.2374		-0.0053414	8819	3
MAP3K4	-1.2352	-1.2374		-0.0077954	8820	3
AFG3L1P	-1.3797	-1.238		-0.0053847	8821	3
DEFB1	-1.3334	-1.238		-0.0069365	8822	3
VPS51	-1.4196	-1.2397	-1.0329	-0.0044205	8823	3
PHTF1	-1.4046	-1.2402	-1.0544	-0.0039801	8824	3
ALDH1A1	-1.3286	-1.2421	-1.1589	-0.0048965	8825	3
CORO7	-1.3692	-1.2422	-1.1214	-0.0039368	8826	3
C2	-1.1819	-1.2424	-1.3033	-0.0079616	8827	3
SLC7A11	-0.99956	-1.2425	-1.5245	-0.0031719	8828	3
DLEC1	-1.2093	-1.2435	-1.2791	-0.0075913	8829	3
JPT2	-1.3074	-1.2467	-1.194	-0.0074331	8830	3
MMACHC	-1.2709	-1.2478		-0.0084001	8831	3
PBX2	-1.2956	-1.2482		-0.0094507	8832	3
ZFP69B	-1.3994	-1.2485	-1.0797	-0.0038421	8833	3
SPHK1	-1.3212	-1.2488	-1.1813	-0.0063469	8834	3
IFI27L2	-0.77043	-1.2491	-1.8533	-0.0017705	8835	3
PPIF	-1.3334	-1.2499	-1.1788	-0.0070474	8836	3
PVRIG	-1.4029	-1.2504	-1.0839	-0.0056146	8837	3
RAB21	-1.2311	-1.2511		-0.0067884	8838	3
KCNAB2	-1.2793	-1.2518		-0.0069643	8839	3
TBC1D8	-1.3783	-1.2519	-1.1337	-0.0053438	8840	3
TOB1	-1.4826	-1.2521		-0.0040194	8841	3
TFDP1	-1.3808	-1.2525		-0.0071745	8842	3
MYNN	-1.3871	-1.253	-1.1095	-0.0051548	8843	3
LUZP1	-1.403	-1.2531	-1.1005	-0.0028345	8844	3
FOSL2	-1.5485	-1.2534	-0.92982	-0.002709	8845	3
CNPY2	-1.1601	-1.2543		-0.0050949	8846	3
CCDC97	-1.307	-1.2543		-0.0089553	8847	3
PAK2	-1.4294	-1.2548		-0.0054683	8848	3
AP5B1	-1.3563	-1.2559	-1.1407	-0.0060245	8849	3
FAM35BP	-1.4963	-1.2562	-1.0125	-0.0047032	8850	3
SEC24B	-1.426	-1.2564	-1.074	-0.0051435	8851	3
COX14	-1.2792	-1.2572		-0.0072578	8852	3
GNA13	-1.1249	-1.2579		-0.0048735	8853	3
SRSF7	-1.3264	-1.2583		-0.0067239	8854	3
CYP4V2	-1.1457	-1.2587	-1.3853	-0.0052214	8855	3
PRDM11	-1.4736	-1.2601	-1.0199	-0.0044301	8856	3
USP45	-1.4978	-1.2602	-1.005	-0.0025835	8857	3
FCN1	-1.2998	-1.261		-0.0078261	8858	3
LINC01102	-1.3935	-1.2611	-1.1323	-0.003385	8859	3
FOXO4	-1.2125	-1.2614		-0.0072023	8860	3
NAV1	-1.2081	-1.2622	-1.3271	-0.006708	8861	3
NSMCE2	-1.3339	-1.2624	-1.2021	-0.0054043	8862	3
PHLDB3	-1.1137	-1.2627	-1.4097	-0.0036359	8863	3
AGAP3	-0.94116	-1.263	-1.6167	-0.002701	8864	3
LOC644762	-1.3266	-1.2636		-0.0067548	8865	3
PLXNA4	-1.3985	-1.2639	-1.1355	-0.0047576	8866	3
DANCR	-1.3348	-1.2645		-0.0072127	8867	3
GIGYF1	-1.5503	-1.2651	-0.95249	-0.0035794	8868	3
L3MBTL1	-1.1525	-1.2651	-1.4027	-0.0057683	8869	3
ZNF510	-1.4408	-1.2651		-0.0054991	8870	3
FAM120A	-1.1848	-1.2657	-1.3658	-0.0066169	8871	3
EXOC2	-1.3665	-1.2663		-0.0070196	8872	3
ADRB2	-1.0084	-1.2671	-1.5549	-0.0032076	8873	3
SLC6A16	-1.1788	-1.2673	-1.3756	-0.005267	8874	3
FRAT1	-1.4425	-1.2679	-1.0749	-0.0026072	8875	3
ZNF3	-1.4466	-1.2686		-0.0033233	8876	3
DRD2	-1.1768	-1.2688	-1.3916	-0.0054435	8877	3
GPR4	-1.3204	-1.2688	-1.2255	-0.0065968	8878	3
BMS1P4	-1.5239	-1.269	-0.98759	-0.0034745	8879	3
EGFL6	-1.2428	-1.2698	-1.3051	-0.0098561	8880	3
FAM117A	-1.0979	-1.2722	-1.4968	-0.0040073	8881	3
ZNF830	-1.3971	-1.2728	-1.137	-0.0043573	8882	3
FAM135B	-1.37	-1.2736	-1.1859	-0.0064007	8883	3
RAP1GAP	-1.1156	-1.2737	-1.4736	-0.0041714	8884	3
NRP2	-1.1554	-1.2744	-1.4201	-0.0063531	8885	3
ZNF773	-1.4112	-1.2745	-1.1165	-0.0060649	8886	3
CADM3	-1.2529	-1.2746		-0.0079669	8887	3
MPHOSPH10	-1.4221	-1.2747	-1.1206	-0.0046733	8888	3
GUSB	-1.3388	-1.2751		-0.0068516	8889	3
ALKAL2	-0.83114	-1.2752	-1.8589	-0.0021402	8890	3
TRANK1	-1.4349	-1.2753	-1.0778	-0.0034624	8891	3
KANSL1L	-1.306	-1.2762	-1.2447	-0.0082136	8892	3
CEP85L	-1.5266	-1.2764	-0.9954	-0.0030274	8893	3
PROSER3	-1.3254	-1.2774		-0.0094455	8894	3
MPZL1	-1.2153	-1.2775	-1.3413	-0.0060537	8895	3
P2RX2	-1.2496	-1.2775		-0.0069859	8896	3
HMGN2P46	-1.1389	-1.2778	-1.4461	-0.0049476	8897	3
ACAA2	-1.1516	-1.2779	-1.4044	-0.0048943	8898	3
PON3	-1.0721	-1.2785	-1.5303	-0.0037429	8899	3
NUTM2B-AS1	-1.5551	-1.2786	-0.98733	-0.0037744	8900	3
GPSM2	-1.3191	-1.2815		-0.0078057	8901	3
NCOR2	-1.3974	-1.2816	-1.1471	-0.0041592	8902	3
CLEC9A	-1.1361	-1.2818	-1.4395	-0.0057106	8903	3
DOK3	-1.3549	-1.2825	-1.2209	-0.005509	8904	3
ZNF543	-1.4721	-1.2832	-1.0765	-0.0051738	8905.5	3
ZFAND3	-1.0772	-1.2832	-1.5178	-0.0039278	8905.5	3
SERGEF	-1.3602	-1.2839	-1.2197	-0.00531	8907	3
TRIM44	-1.4582	-1.2842	-1.1101	-0.0036671	8908	3
NFIB	-1.0455	-1.2842	-1.5545	-0.0030866	8909	3
PBX3	-1.3344	-1.2847	-1.2409	-0.0075715	8910	3
IER3IP1	-1.32	-1.2847		-0.0063008	8911	3
ERO1B	-1.4453	-1.2852	-1.1069	-0.0065012	8912	3
DSEL	-1.0863	-1.2857	-1.493	-0.0034181	8913	3
SPOPL	-1.4271	-1.286	-1.1534	-0.0044419	8914	3
ZMYND11	-1.1879	-1.2861		-0.006273	8915	3
TFEC	-1.1002	-1.2863	-1.5076	-0.004059	8916	3
SAR1B	-1.4192	-1.2865	-1.1574	-0.0069391	8917	3
PDP2	-1.4545	-1.2865	-1.1095	-0.0033266	8918	3
TBC1D9B	-1.2716	-1.2892	-1.3064	-0.0090424	8919	3
PCP4	-1.3824	-1.2894	-1.2073	-0.0059789	8920	3
KIAA0586	-1.4868	-1.2898	-1.0712	-0.0049835	8921	3
ZSCAN2	-1.2324	-1.2902		-0.0057091	8922	3
TCAIM	-1.3674	-1.291		-0.0057365	8923	3
EYA1	-1.2284	-1.2914		-0.0049952	8924	3
HADHA	-1.2204	-1.2915		-0.0067434	8925	3
RMC1	-1.4181	-1.292	-1.1661	-0.0048941	8926	3
PPP1R15B	-1.5011	-1.2933	-1.078	-0.004101	8927	3
PIEZO1	-1.1614	-1.2945		-0.0050512	8928	3
TMEM43	-1.2437	-1.2947		-0.0059438	8929	3
DDI2	-1.3076	-1.2947		-0.0070212	8930	3
LPCAT4	-1.493	-1.2962	-1.0728	-0.0027343	8931	3
CABLES1	-1.2644	-1.2968		-0.0075497	8932	3
HIVEP2	-1.6914	-1.2971	-0.90326	-0.0026031	8933	3
CDKN2AIP	-1.418	-1.2973	-1.1547	-0.0062929	8934	3
ZNF646	-1.5404	-1.2974	-1.0332	-0.003944	8935	3
TBC1D8B	-1.4772	-1.2976	-1.1159	-0.0053433	8936	3
LITAF	-1.2877	-1.298		-0.0062956	8937	3
RBM7	-1.4717	-1.2994	-1.1023	-0.0049869	8938	3
PMF1	-1.1876	-1.2997	-1.4199	-0.003821	8939	3
LYVE1	-1.0868	-1.2999	-1.5564	-0.0040101	8940	3
ANO8	-1.3519	-1.301		-0.0058024	8941	3
MPHOSPH6	-1.0257	-1.3015	-1.5971	-0.002883	8942	3
ZSWIM5	-1.422	-1.3018	-1.1756	-0.0052873	8943	3
TFEB	-1.4267	-1.3019		-0.0053306	8944	3
ACAA1	-1.2651	-1.3052		-0.0075036	8945	3
UQCC2	-0.89333	-1.3057	-1.6347	-0.0019543	8946	3
H1F0	-1.5331	-1.3057	-1.0604	-0.0043362	8947	3
SSBP2	-1.3367	-1.306	-1.2762	-0.0079522	8948	3
GSTM2P1	-1.242	-1.3072	-1.3819	-0.0053659	8949	3
KCNK10	-1.4559	-1.3074		-0.0061395	8950	3
DST	-1.4184	-1.3078		-0.0076812	8951	3
SETD9	-1.1929	-1.3087		-0.0053554	8952	3
OFD1	-1.389	-1.311		-0.0074259	8953	3
TLCD2	-1.1506	-1.3112	-1.449	-0.003836	8954	3
CAPN3	-1.4007	-1.3114		-0.0064515	8955	3
NPAT	-1.464	-1.3127	-1.1458	-0.0065907	8956	3
CPN2	-1.4068	-1.3137		-0.0067072	8957	3
ERG	-1.3861	-1.3138	-1.252	-0.0077304	8958	3
THSD7A	-1.4079	-1.3138	-1.2023	-0.0065588	8959	3
RPL26	-1.1987	-1.3145	-1.4479	-0.0055377	8960	3
FAM208B	-1.457	-1.3146	-1.1522	-0.0044087	8961	3
MERTK	-1.2917	-1.3148	-1.3404	-0.0080551	8962	3
MYLK2	-1.4069	-1.3154	-1.2335	-0.0055943	8963	3
TTC39B	-1.7504	-1.3156	-0.80331	-0.0017222	8964	3
LINC00632	-1.3898	-1.3158		-0.0072385	8965	3
PIFO	-1.1818	-1.3162	-1.4637	-0.0052671	8966	3
ALDH6A1	-1.1673	-1.3182	-1.48	-0.004741	8967	3
FAM120B	-1.3785	-1.3201		-0.0086838	8968	3
BTG3	-1.2961	-1.3212	-1.3562	-0.0088597	8969	3
PIGU	-1.4535	-1.3213		-0.0044924	8970	3
SLC12A6	-1.5037	-1.3219		-0.0056138	8971	3
HIST1H1A	-1.4426	-1.322	-1.1817	-0.0041991	8972	3
CHD3	-1.2247	-1.3227	-1.4442	-0.0062321	8973	3
GMEB1	-1.3783	-1.3228		-0.0074384	8974	3
SCYL2	-1.4542	-1.323		-0.0067989	8975	3
ATP2B2	-1.4781	-1.3233	-1.136	-0.002637	8976	3
PANK2	-1.3104	-1.3233		-0.010586	8977	3
APH1A	-1.3415	-1.3234		-0.0083873	8978	3
NDUFB6	-1.2222	-1.3237	-1.3975	-0.0053962	8979	3
DR1	-1.1105	-1.3251	-1.6049	-0.0043357	8980	3
ARRDC4	-1.4466	-1.3253		-0.0080996	8981	3
HIBADH	-1.3663	-1.3255		-0.0078487	8982	3
GNL3	-1.4302	-1.3264	-1.233	-0.0058213	8983	3
PIK3C3	-1.7014	-1.327		-0.0029734	8984	3
SDS	-1.2202	-1.3273	-1.4396	-0.0062846	8985	3
GADD45B	-1.4163	-1.3275	-1.2503	-0.0061768	8986	3
SOX2	-1.2174	-1.3278		-0.0053563	8987	3
CALML4	-1.3957	-1.3279	-1.2551	-0.0086096	8988	3
BHLHE41	-1.4638	-1.3283	-1.1858	-0.003752	8989	3
TECR	-1.3807	-1.3288		-0.0076744	8990	3
ZBTB40	-1.5633	-1.329	-1.0651	-0.0043099	8991	3
HIST1H2AH	-1.3624	-1.3299		-0.0089464	8992	3
FRYL	-1.4524	-1.3304		-0.0053749	8993	3
PCDHGC5	-1.2801	-1.3307		-0.0063862	8994	3
ICAM3	-1.0889	-1.3308	-1.6038	-0.0035452	8995	3
ING4	-1.3712	-1.3318		-0.0080634	8996	3
FOXC1	-1.4174	-1.3334	-1.256	-0.0064857	8997	3
OXNAD1	-1.4352	-1.3336	-1.2447	-0.0055454	8998	3
ZXDC	-1.3104	-1.3337		-0.0074916	8999	3
TES	-1.3972	-1.335	-1.2792	-0.0072153	9000	3
GATAD2B	-1.5297	-1.3361		-0.0053076	9001	3
HYDIN2	-1.4633	-1.3361	-1.1933	-0.0070818	9002	3
FAM214A	-1.707	-1.3365	-0.91499	-0.0022379	9003	3
ARMC1	-1.4863	-1.3374		-0.0076099	9004	3
LOC729683	-1.1553	-1.3387	-1.5756	-0.0046451	9005	3
SMIM20	-1.2824	-1.3394		-0.0087237	9006	3
URM1	-1.5557	-1.3395	-1.0578	-0.0020415	9007	3
PXYLP1	-1.5418	-1.3397	-1.0828	-0.0028034	9008	3
TMED5	-1.5225	-1.3399		-0.0050761	9009	3
HIST2H2BE	-1.2793	-1.3401		-0.007198	9010	3
CDKAL1	-1.4834	-1.3402		-0.0063251	9011	3
KLK6	-1.4266	-1.3407	-1.2631	-0.0074412	9012	3
NUP58	-1.5271	-1.3414	-1.1498	-0.0059341	9013	3
ZNF672	-1.4209	-1.3414	-1.2721	-0.005881	9014	3
RNF115	-1.3524	-1.3416		-0.0081947	9015	3
IFFO2	-1.5139	-1.3423	-1.1394	-0.0037909	9016	3
KIF7	-1.4244	-1.3425	-1.2511	-0.0076196	9017	3
PDE4DIPP1	-1.5061	-1.3425	-1.1608	-0.0059809	9018	3
TMCC2	-1.4131	-1.344	-1.2832	-0.0070542	9019	3
TTC9B	-1.2933	-1.3444	-1.4078	-0.0086484	9020	3
EML2	-1.4692	-1.3449	-1.2305	-0.0045049	9021	3
LAMC1	-1.4997	-1.3455		-0.0044254	9022	3
TARSL2	-1.4608	-1.3475		-0.0073977	9023	3
CRYAB	-1.4372	-1.3478		-0.0064353	9024	3
PARVA	-1.1965	-1.3479	-1.4841	-0.0043616	9025	3
ACTG1P4	-1.1903	-1.3482	-1.513	-0.0049588	9026	3
ARHGAP45	-1.1733	-1.3508	-1.4994	-0.0042179	9027	3
FGF7P3	-1.4598	-1.3514	-1.2506	-0.0048644	9028	3
CMTR2	-1.3375	-1.3516		-0.0095911	9029	3
RHPN2	-1.1588	-1.3517		-0.0046839	9030	3
RHOG	-1.427	-1.3519		-0.0066253	9031	3
MIPEP	-1.3657	-1.3531		-0.01059	9032	3
BMP2K	-1.401	-1.3534		-0.0076759	9033	3
LGI1	-1.5153	-1.3535		-0.0058156	9034	3
ITGA9-AS1	-1.4579	-1.3539		-0.0063363	9035	3
PRR5L	-1.4397	-1.3541		-0.0075157	9036	3
TNIP3	-1.2568	-1.3549		-0.0047822	9037	3
MGST3	-1.3463	-1.355		-0.0086777	9038	3
CCDC18	-1.2907	-1.3552		-0.0073607	9039	3
HUNK	-1.5776	-1.3564	-1.1213	-0.0030488	9040	3
HSPA1A	-1.3866	-1.3565		-0.0059095	9041	3
CSRNP2	-1.5133	-1.3571		-0.00598	9042	3
FEZF2	-1.3212	-1.3592	-1.3986	-0.0061219	9043	3
OSGEPL1	-1.5435	-1.3603	-1.1288	-0.002961	9044	3
SNRPG	-1.2647	-1.3605	-1.4499	-0.0056217	9045	3
RBM3	-1.3571	-1.3612	-1.3869	-0.0066987	9046	3
BMPR1B	-1.3222	-1.3616		-0.0066358	9047	3
ARID1B	-1.5242	-1.3625	-1.177	-0.0059023	9048	3
ISCA1	-1.6535	-1.3635	-1.0575	-0.0028557	9049	3
GHRLOS	-1.6217	-1.3637	-1.0452	-0.0022424	9050	3
TMEM88	-1.4628	-1.3638	-1.2749	-0.0055722	9051	3
MAP3K3	-1.5167	-1.3652	-1.1869	-0.0037209	9052	3
PTPN18	-1.3253	-1.3655		-0.0079381	9053	3
RPS8	-1.2524	-1.3657	-1.499	-0.0060196	9054	3
EMILIN3	-1.5347	-1.3665	-1.1934	-0.0044399	9055	3
SYT2	-1.4522	-1.3669	-1.2981	-0.0057243	9056	3
EPB41L4A-AS2	-1.3897	-1.3672	-1.3477	-0.0092918	9057	3
DNAJC4	-1.4831	-1.3678	-1.2682	-0.0043771	9058	3
SCNN1D	-1.4687	-1.368		-0.0081671	9059	3
LRRC75A-AS1	-1.2849	-1.3684		-0.0061745	9060	3
ITGB3BP	-1.5101	-1.3684	-1.2248	-0.0060687	9061	3
OTOF	-1.1778	-1.3689	-1.5565	-0.0038603	9062	3
DEAF1	-1.0977	-1.3692	-1.7099	-0.0031746	9063	3
SV2A	-1.6082	-1.3712	-1.1118	-0.0038273	9064	3
ADGRL4	-1.4624	-1.3716	-1.2923	-0.0056694	9065	3
NDRG4	-1.2931	-1.3724	-1.4461	-0.0075619	9066	3
ACCS	-1.2953	-1.3728		-0.0070076	9067	3
ZNF330	-1.4128	-1.3731		-0.0068526	9068	3
LOC643406	-1.6719	-1.3731	-1.0526	-0.0032437	9069	3
TMX1	-1.3649	-1.3733		-0.0075958	9070	3
MAPRE3	-1.1667	-1.3733	-1.5867	-0.0035061	9071	3
GDF11	-1.3088	-1.3734		-0.0076936	9072	3
ERMP1	-1.4684	-1.3748	-1.2925	-0.0053354	9073	3
DAZAP1	-1.561	-1.3762	-1.167	-0.0035877	9074	3
PCDHGB3	-1.5846	-1.378		-0.0052669	9075	3
MLC1	-1.2272	-1.3796	-1.5482	-0.0049215	9076.5	3
CLDN5	-1.4649	-1.3796	-1.3034	-0.0063932	9076.5	3
WDR44	-1.3355	-1.3799	-1.4408	-0.0075938	9078	3
YY1P2	-1.3916	-1.3805		-0.0096462	9079	3
CARHSP1	-1.1461	-1.3817	-1.658	-0.0039592	9080	3
SYTL1	-1.2417	-1.3823	-1.5597	-0.006013	9081	3
HAGLR	-1.4695	-1.3851		-0.0069085	9082	3
F11R	-1.3746	-1.3863		-0.0076005	9083	3
RPL21P44	-1.2725	-1.3867		-0.0060299	9084	3
GNPAT	-1.5846	-1.387	-1.1848	-0.0066053	9085	3
CAMK2G	-1.5107	-1.3873	-1.2785	-0.00469	9086	3
NDUFC1	-1.4776	-1.3892	-1.3095	-0.004735	9087	3
RIMS4	-1.5024	-1.3892		-0.0055835	9088	3
DERL3	-1.3629	-1.3904	-1.4329	-0.0082112	9089	3
RASAL3	-1.1641	-1.3908	-1.6188	-0.003816	9090	3
CMTM7	-1.1279	-1.3919	-1.6308	-0.0033764	9091	3
ZNF415	-1.6315	-1.3922	-1.154	-0.0042081	9092	3
JARID2	-1.7277	-1.3923	-1.0086	-0.0028629	9093	3
MFSD1	-1.2838	-1.3925		-0.0059495	9094	3
GPR108	-1.4815	-1.3927	-1.3197	-0.0056646	9095	3
ZNF83	-1.1215	-1.3929		-0.003511	9096	3
DYM	-1.6359	-1.3942	-1.1268	-0.0045515	9097	3
RASSF7	-1.4584	-1.3946	-1.3249	-0.0091991	9098	3
LOC100128361	-1.561	-1.3947	-1.2024	-0.0049695	9099	3
OR1D5	-1.3579	-1.3951		-0.0092654	9100	3
MAP2K6	-1.6437	-1.3951	-1.1367	-0.0045317	9101	3
TP53AIP1	-1.4521	-1.3958	-1.332	-0.0083887	9102	3
LNPEP	-1.585	-1.3959		-0.0059555	9103	3
GGT5	-1.4629	-1.396	-1.3418	-0.0075201	9104	3
SFN	-1.3919	-1.396		-0.0082135	9105	3
BBOX1	-1.2171	-1.396	-1.5908	-0.004387	9106	3
TAF10	-1.1096	-1.3968	-1.6625	-0.0033278	9107	3
ZC3H7A	-1.413	-1.3978		-0.0099589	9108	3
GPLD1	-1.6766	-1.3982	-1.0494	-0.0020702	9109	3
PTPN21	-1.4881	-1.3986		-0.0092347	9110	3
PAM	-1.5578	-1.3988	-1.2153	-0.0061387	9111	3
SAMD5	-1.4472	-1.3992	-1.3509	-0.010103	9112	3
PPP2CB	-1.2396	-1.3996	-1.564	-0.0056727	9113	3
PANK1	-1.9069	-1.4004	-0.88143	-0.0023614	9114	3
USP6NL	-1.2444	-1.4004	-1.5634	-0.0049122	9115	3
OR2AK2	-1.7385	-1.4022	-1.0146	-0.002718	9116	3
NDUFA4L2	-1.4569	-1.4034	-1.3592	-0.0081137	9117	3
UCK2	-1.4194	-1.4034		-0.0081543	9118	3
UHRF1BP1	-1.6835	-1.4037	-1.1132	-0.0044941	9119	3
THTPA	-1.1786	-1.4045	-1.662	-0.0033747	9120	3
EDEM1	-1.6399	-1.4056	-1.139	-0.0040534	9121	3
NINL	-1.3433	-1.4059		-0.0064138	9122	3
MALAT1	-1.7552	-1.4066	-1.0379	-0.0034521	9123	3
RAB8B	-1.2283	-1.4074	-1.6131	-0.004151	9124.5	3
GKN1	-1.4351	-1.4074		-0.0071399	9124.5	3
AIF1	-1.1455	-1.4101	-1.6923	-0.0033811	9126	3
IQCH-AS1	-1.5788	-1.4101	-1.2307	-0.0047903	9127	3
SLC39A14	-1.6034	-1.4104	-1.1939	-0.0026797	9128	3
LOC729218	-1.6921	-1.4112	-1.0784	-0.002944	9129	3
GGT3P	-1.6205	-1.4113	-1.2031	-0.0037626	9130	3
MAP3K20	-1.4524	-1.4115		-0.01053	9131	3
HMBOX1	-1.3365	-1.4121		-0.0056129	9132	3
GYS1	-1.4687	-1.4128		-0.0082315	9133	3
PRIMPOL	-1.5058	-1.4133		-0.0092809	9134	3
FERMT2	-1.2677	-1.4135	-1.5986	-0.0053318	9135	3
CEP128	-1.4197	-1.4137		-0.010462	9136	3
PLPP4	-1.1946	-1.4141	-1.6921	-0.0040762	9137	3
SGCE	-1.4211	-1.4145		-0.0069718	9138	3
SUGT1P1	-1.5299	-1.416		-0.0084493	9139	3
LOC100240735	-1.2663	-1.4168	-1.5809	-0.0054821	9140	3
SOCS4	-1.6302	-1.4173		-0.0055716	9141	3
RAP1GDS1	-1.4613	-1.4174		-0.0082773	9142	3
RPS4X	-1.2787	-1.4178		-0.005175	9143	3
SGCD	-1.4236	-1.4181	-1.4094	-0.010211	9144	3
SNRPC	-1.3188	-1.4186		-0.0048114	9145	3
UNC13B	-1.4888	-1.4187	-1.3341	-0.007967	9146	3
TWNK	-1.5687	-1.4188	-1.2751	-0.0033435	9147	3
MAP7D3	-1.3826	-1.4206		-0.0073035	9148	3
EEF1AKMT4	-1.4102	-1.421		-0.0091061	9149	3
OSBP2	-1.6452	-1.4214	-1.1703	-0.0027117	9150	3
ANKRD36BP1	-1.5029	-1.4214		-0.0096431	9151	3
MMP28	-1.1603	-1.4215	-1.7429	-0.0034995	9152	3
ILDR2	-1.4658	-1.4217	-1.3654	-0.010647	9153	3
HSPB2	-1.4873	-1.4224	-1.368	-0.0070546	9154	3
NAGS	-1.4867	-1.424		-0.0074898	9155	3
ZWINT	-1.2604	-1.4242	-1.6301	-0.0052895	9156	3
CASP1	-1.1375	-1.4248	-1.6837	-0.0028018	9157	3
GDAP2	-1.5922	-1.4251		-0.0064315	9158	3
RESP18	-1.3178	-1.4256	-1.5202	-0.0052323	9159	3
ARHGEF11	-1.5288	-1.4264	-1.3281	-0.0053483	9160	3
IFI27L1	-1.189	-1.4264	-1.711	-0.0041314	9161	3
KLRC2	-1.1779	-1.4272	-1.6815	-0.0035143	9162	3
HSD11B1	-1.5101	-1.4275	-1.3543	-0.0064519	9163	3
HBG1	-1.297	-1.4277	-1.583	-0.0046595	9164	3
DDC	-1.4435	-1.4279	-1.4158	-0.010113	9165	3
C21orf91	-1.5587	-1.4293		-0.0060431	9166	3
RCBTB1	-1.498	-1.4296		-0.0083313	9167	3
CRADD	-1.3822	-1.4297		-0.0063093	9168	3
KLHL24	-1.7116	-1.4305	-1.1392	-0.0037825	9169	3
DPY19L4	-1.5832	-1.4319		-0.0067059	9170.5	3
ERLIN2	-1.3025	-1.4319		-0.0051773	9170.5	3
BEX4	-1.3903	-1.4327		-0.0078979	9172	3
SPHKAP	-1.3253	-1.4332	-1.5359	-0.00498	9173	3
ZP1	-1.531	-1.4337		-0.0055827	9174	3
PLD1	-1.5615	-1.4338		-0.007087	9175	3
CETN3	-1.2192	-1.4338	-1.6802	-0.0043701	9176	3
C5orf22	-1.5606	-1.4339		-0.0071531	9177	3
SCN7A	-1.3614	-1.434	-1.5305	-0.0071019	9178	3
KRT85	-1.376	-1.4341		-0.0058189	9179	3
ATXN10	-1.0958	-1.4345	-1.885	-0.0029944	9180	3
ESRRA	-1.5381	-1.4345	-1.3501	-0.0047283	9181	3
PSMD9	-1.2661	-1.4346		-0.0041919	9182	3
KLF15	-1.3727	-1.4353		-0.0070385	9183	3
GPR161	-1.8852	-1.4359	-0.94788	-0.0023012	9184	3
KAZALD1	-1.4869	-1.4374	-1.3941	-0.0058117	9185	3
TMEM249	-1.4398	-1.439	-1.4347	-0.0086647	9186	3
PPP1R1C	-1.4016	-1.4391		-0.0076023	9187	3
ROCK1P1	-1.4448	-1.4393		-0.0097528	9188	3
HSD11B2	-1.5984	-1.4395	-1.2764	-0.0065756	9189	3
MARCH3	-1.4111	-1.4396	-1.4742	-0.0099618	9190	3
ADAMTS9	-1.3633	-1.44	-1.5241	-0.0052359	9191	3
HSPA14	-1.5125	-1.44		-0.0071168	9192	3
S100A1	-1.3302	-1.4404	-1.5378	-0.0060924	9193	3
ABHD12	-1.4992	-1.4407	-1.393	-0.0077433	9194	3
LINC00643	-1.4101	-1.4409	-1.4792	-0.010356	9195	3
GAPVD1	-1.6094	-1.4415	-1.2774	-0.0058208	9196	3
NPIPB15	-1.6199	-1.4425	-1.2549	-0.0042541	9197	3
CCDC151	-1.5392	-1.4425	-1.3387	-0.0059843	9198	3
ABHD15	-1.3708	-1.4426		-0.0073831	9199	3
KCNIP1	-1.3759	-1.4431	-1.5271	-0.006048	9200	3
RAB3IP	-1.3005	-1.4432	-1.5949	-0.0051367	9201	3
HNRNPLL	-1.4848	-1.4448	-1.3995	-0.0084045	9202	3
CDYL	-1.6657	-1.4449	-1.2233	-0.0044673	9203	3
CPLX1	-1.5883	-1.4457	-1.3166	-0.0039904	9204	3
PYGB	-1.4642	-1.4487		-0.006145	9205	3
TRPC1	-1.5186	-1.4488	-1.3641	-0.0093163	9206	3
VEGFB	-1.3559	-1.4497	-1.5472	-0.0054854	9207	3
PARD3B	-1.3584	-1.45	-1.5525	-0.0071169	9208	3
NCDN	-1.6027	-1.4514	-1.3003	-0.0050338	9209	3
SLMAP	-1.6335	-1.453		-0.0069698	9210	3
WDR55	-1.6446	-1.4535	-1.2661	-0.0053457	9211	3
B3GNT8	-1.4013	-1.4536		-0.0072044	9212	3
AP3M1	-1.316	-1.4538		-0.0051451	9213	3
TMEM170A	-1.3079	-1.4541	-1.6266	-0.0054416	9214	3
COL18A1	-1.4745	-1.456		-0.0085061	9215	3
GEMIN8	-1.3463	-1.4583	-1.5882	-0.0052639	9216	3
ADCY9	-1.5709	-1.4592	-1.3569	-0.0043666	9217	3
RAPGEFL1	-1.5241	-1.4595		-0.0084081	9218	3
BAMBI	-1.4578	-1.4597		-0.0075407	9219	3
IL1B	-1.2918	-1.4619	-1.6832	-0.005471	9220	3
P2RY13	-1.1685	-1.462	-1.7937	-0.0034788	9221	3
FAM135A	-1.6706	-1.463	-1.246	-0.0058541	9222	3
ANKRD45	-1.5118	-1.4631	-1.4034	-0.0090721	9223	3
SLC2A10	-1.3071	-1.4633	-1.6451	-0.0051394	9224	3
ESRP2	-1.5645	-1.4636		-0.0068352	9225	3
ZNF207	-1.5136	-1.464		-0.0092606	9226	3
CSF1R	-1.2198	-1.464	-1.725	-0.0037771	9227	3
CASTOR2	-1.6077	-1.4649		-0.0076759	9228	3
HMGN1	-1.4771	-1.4651	-1.4499	-0.0098864	9229	3
MFAP3L	-1.6189	-1.4652		-0.0068705	9230.5	3
ENG	-1.5204	-1.4652		-0.0077218	9230.5	3
HSPBAP1	-1.6592	-1.4653	-1.2287	-0.0040472	9232	3
RPS4Y1	-1.378	-1.4656		-0.0058615	9233	3
GPX7	-1.5554	-1.4658	-1.3633	-0.0080908	9234	3
DDO	-1.379	-1.4669		-0.0074448	9235	3
OPHN1	-1.382	-1.4672	-1.5622	-0.0070652	9236	3
OTUD7A	-1.6645	-1.4677		-0.0058301	9237	3
C8orf31	-1.6389	-1.4684	-1.2813	-0.0034718	9238	3
C1orf94	-1.3979	-1.4684	-1.5639	-0.0082234	9239	3
PINLYP	-1.1983	-1.4686	-1.8217	-0.0038822	9240	3
PRO1804	-1.6445	-1.4704	-1.2574	-0.0023192	9241	3
TACC3	-1.5747	-1.4704	-1.3734	-0.0049383	9242	3
IFT27	-1.2421	-1.4705	-1.6092	-0.0032869	9243	3
PECAM1	-1.4797	-1.471		-0.0086103	9244	3
TTC30B	-1.5824	-1.4712	-1.3365	-0.0081767	9245	3
SF3B6	-1.3854	-1.4712		-0.0060897	9246	3
TSPAN3	-1.4235	-1.4727		-0.0081501	9247	3
CYBB	-1.2349	-1.473	-1.7343	-0.0037994	9248	3
SLC44A2	-1.3033	-1.4736	-1.641	-0.0042343	9249	3
KCNH3	-1.5361	-1.4751		-0.006329	9250	3
CDKL3	-1.4561	-1.476		-0.00839	9251	3
CKMT2-AS1	-1.6455	-1.4777		-0.0063491	9252	3
PECR	-1.6767	-1.4778	-1.2541	-0.0029086	9253	3
SLC35A4	-1.5966	-1.4782	-1.3776	-0.0050435	9254	3
LINC00475	-1.5381	-1.479		-0.0085101	9255	3
CA5A	-1.5245	-1.479		-0.0091209	9256	3
LINC00652	-1.6003	-1.4791	-1.3696	-0.0038177	9257	3
NIPA1	-1.6621	-1.4802	-1.3048	-0.0061031	9258	3
DDX27	-1.6672	-1.4826	-1.2727	-0.0045711	9259	3
PCDHGA11	-1.6513	-1.4841		-0.0065142	9260	3
NFIX	-1.8072	-1.4841	-1.1584	-0.0040524	9261	3
SMC6	-1.4548	-1.4847		-0.009538	9262	3
CD33	-1.328	-1.4848	-1.6381	-0.0060182	9263	3
KIF5C	-1.5608	-1.4851	-1.4025	-0.0094589	9264	3
FABP5	-1.3007	-1.4852	-1.66	-0.0040774	9265	3
FRAT2	-1.5688	-1.486	-1.4057	-0.0043539	9266	3
CD244	-1.3331	-1.4878	-1.6572	-0.0042724	9267	3
PAQR8	-1.5357	-1.488		-0.0090355	9268	3
MLXIP	-1.6673	-1.4887	-1.3068	-0.0050281	9269	3
SEMA4A	-1.2918	-1.4889	-1.7516	-0.0047063	9270	3
B3GALT5-AS1	-1.4502	-1.4905	-1.5277	-0.0085575	9271	3
PLEKHA7	-1.4138	-1.4921	-1.5794	-0.0064819	9272	3
DUBR	-1.728	-1.4922	-1.24	-0.0055013	9273	3
CCDC65	-1.5828	-1.4927	-1.382	-0.0090352	9274	3
KCNK7	-1.5634	-1.4928		-0.0091897	9275	3
FAM241A	-1.4247	-1.4951	-1.5922	-0.00572	9276	3
ZNF205	-1.5538	-1.4961		-0.0084875	9277	3
ZNF182	-1.6831	-1.4966	-1.285	-0.0051998	9278	3
CENPO	-1.3774	-1.497		-0.0075478	9279	3
MVB12B	-1.5333	-1.4979		-0.0082312	9280	3
CCDC142	-1.6154	-1.4985		-0.0082215	9281	3
RPS19	-1.3445	-1.4993	-1.6695	-0.005294	9282	3
ZNF37A	-1.6583	-1.5002	-1.3185	-0.0074385	9283	3
PTTG2	-1.619	-1.5004	-1.3627	-0.0083093	9284	3
TXNDC17	-1.4625	-1.5008		-0.0109	9285	3
CTBP1-AS2	-1.633	-1.5016		-0.008386	9286	3
NPY2R	-1.575	-1.5026		-0.0077082	9287	3
ANKS1A	-1.6442	-1.505	-1.3633	-0.0054646	9288	3
EMB	-1.6015	-1.5052	-1.4184	-0.0073829	9289	3
LOC101060091	-1.2711	-1.5065	-1.7066	-0.0036454	9290	3
LINC00893	-1.6007	-1.5066		-0.0076207	9291	3
MAP2K7	-1.8271	-1.5087	-1.1873	-0.0044421	9292	3
RFPL3S	-1.6074	-1.5092		-0.00667	9293	3
CSAD	-1.5183	-1.5095		-0.010153	9294	3
STAG3L4	-1.7126	-1.5119	-1.2829	-0.0027277	9295	3
CYP4F29P	-1.6147	-1.5125		-0.010441	9296	3
ARFGEF1	-1.7039	-1.5129	-1.3211	-0.0052479	9297	3
MGST2	-1.6156	-1.5142	-1.4329	-0.0053149	9298	3
ELOVL4	-1.6478	-1.5144	-1.3961	-0.0053972	9299	3
AFDN-DT	-1.5803	-1.5144	-1.4616	-0.0081348	9300	3
NLGN4X	-1.5893	-1.5145		-0.0084917	9301	3
FAM66B	-1.5885	-1.5146		-0.009513	9302	3
TIMP4	-1.3609	-1.5155	-1.6321	-0.004679	9303	3
UBE2L5	-1.361	-1.5182	-1.6226	-0.0042102	9304	3
PATL1	-1.648	-1.5184		-0.0088683	9305	3
GATAD2A	-1.5772	-1.5187	-1.4697	-0.0084707	9306	3
SEC14L2	-1.3768	-1.5189	-1.6817	-0.0041206	9307	3
MAP3K9	-1.6633	-1.5195	-1.384	-0.0058954	9308	3
EGFR-AS1	-1.6437	-1.5197		-0.0062258	9309	3
EXOC3L2	-1.5555	-1.5198		-0.0075604	9310	3
TMEM150A	-1.6914	-1.5209		-0.0053256	9311	3
LOC100129034	-1.558	-1.522		-0.010849	9312	3
BPGM	-1.4789	-1.5236		-0.0099285	9313	3
EP300	-1.6487	-1.5239		-0.0054539	9314	3
BTN3A3	-1.5875	-1.5241	-1.4755	-0.0074114	9315	3
LRIG3	-1.6604	-1.5245	-1.3687	-0.0080691	9316	3
TSPAN1	-1.6492	-1.5245	-1.409	-0.0054816	9317	3
STX16	-1.6253	-1.5248		-0.0069634	9318	3
SYTL3	-1.4913	-1.5257	-1.5581	-0.0084421	9319	3
TMEM229B	-1.6049	-1.5264	-1.4502	-0.0086118	9320	3
SLC9A3R2	-1.598	-1.5281		-0.007333	9321	3
AK2	-1.5853	-1.5286	-1.4819	-0.0075952	9322	3
SULT1A2	-1.5913	-1.5295		-0.0093476	9323	3
CCDC181	-1.7312	-1.5317	-1.2987	-0.0051404	9324	3
ZBTB18	-1.5328	-1.5324	-1.5287	-0.010159	9325	3
ITGA7	-1.5573	-1.533	-1.5139	-0.009225	9326	3
ZNF525	-1.3658	-1.5333		-0.0052737	9327	3
ADCYAP1R1	-1.4454	-1.534	-1.6333	-0.0064536	9328	3
LIF	-1.553	-1.534		-0.0085123	9329	3
TPTEP1	-1.5971	-1.5341		-0.0088289	9330	3
LOC389765	-1.6892	-1.5342	-1.3599	-0.0084007	9331	3
JAK2	-1.6882	-1.5347	-1.3516	-0.0059118	9332	3
USP42	-1.6913	-1.5356	-1.3508	-0.0070504	9333	3
MKNK2	-1.8084	-1.536	-1.2125	-0.0033586	9334	3
FBXO36	-1.615	-1.5363		-0.010121	9335	3
TPT1-AS1	-1.6177	-1.5376		-0.0080662	9336	3
NACC1	-1.3303	-1.5378	-1.7874	-0.005209	9337	3
RMI1	-1.7626	-1.5393	-1.3048	-0.0033306	9338	3
OAS3	-1.5138	-1.5393		-0.0076879	9339	3
CMYA5	-1.6813	-1.5411	-1.4055	-0.0037263	9340	3
RECQL	-1.6297	-1.542		-0.0068063	9341	3
EFCAB11	-1.4527	-1.5425	-1.6208	-0.0088693	9342	3
SEM1	-1.3464	-1.5428	-1.6696	-0.0035684	9343	3
VCX2	-1.7256	-1.5434	-1.3261	-0.0055703	9344	3
TSPAN11	-1.44	-1.5435	-1.6647	-0.0063715	9345	3
NRIP2	-1.649	-1.5443	-1.4488	-0.0078444	9346	3
BBS4	-1.4306	-1.5455		-0.0062888	9347	3
MAPK14	-1.7134	-1.5458		-0.0063718	9348	3
FAM199X	-1.5314	-1.5462		-0.0095785	9349	3
EBF1	-1.5868	-1.5462		-0.0091742	9350	3
EPHA6	-1.4463	-1.547	-1.6548	-0.0069065	9351	3
PSMA3-AS1	-1.5689	-1.5471	-1.5228	-0.010656	9352	3
IL7R	-1.6904	-1.5477	-1.415	-0.0055537	9353	3
RPL13P5	-1.6872	-1.5486	-1.4042	-0.0069513	9354	3
LRTOMT	-1.3987	-1.5497	-1.7318	-0.006491	9355	3
ZNF423	-1.5402	-1.5499		-0.010646	9356	3
SSUH2	-1.4833	-1.5507		-0.0080466	9357	3
CSTB	-1.4266	-1.5509	-1.6699	-0.0056092	9358	3
LOC440311	-1.7238	-1.551	-1.3666	-0.005473	9359	3
TLE1	-1.5227	-1.5513	-1.5864	-0.0098233	9360	3
FBRS	-1.6898	-1.5517		-0.0072983	9361	3
TTC14	-1.6716	-1.5519	-1.4083	-0.0084433	9362	3
KCNJ16	-1.4943	-1.5522		-0.0060119	9363	3
TIPARP	-1.5664	-1.5524		-0.0074656	9364	3
DERL1	-1.4883	-1.5525	-1.6366	-0.0085568	9365	3
ARHGEF33	-1.588	-1.5526		-0.0091074	9366	3
RRAS	-1.5341	-1.5538		-0.0089765	9367	3
CLASP2	-1.7825	-1.5538		-0.0055976	9368	3
EPHX2	-1.4447	-1.556	-1.6613	-0.0062585	9369	3
HKR1	-1.7682	-1.556		-0.0065133	9370	3
RAD52	-1.7478	-1.557	-1.338	-0.0064814	9371	3
PIP4K2A	-1.5958	-1.5573		-0.0085414	9372	3
RNF168	-1.7456	-1.5575	-1.3696	-0.0049042	9373	3
PCDH11X	-1.6253	-1.5593	-1.4806	-0.01035	9374	3
HSD17B10	-1.4785	-1.5593	-1.6309	-0.0077168	9375	3
SELPLG	-1.4409	-1.5595	-1.6601	-0.006055	9376	3
UBXN2A	-1.6612	-1.5601		-0.0068506	9377	3
IGF2BP3	-1.7319	-1.5604		-0.0057918	9378	3
MRGPRD	-1.5923	-1.5625		-0.0076104	9379	3
PAPOLA	-1.6607	-1.5635		-0.0085076	9380	3
C20orf194	-1.4938	-1.5636		-0.0077959	9381	3
UBE2F	-1.5018	-1.5638	-1.6189	-0.008456	9382	3
RPS29	-1.5013	-1.5645		-0.0085212	9383	3
SH3GLB1	-1.2854	-1.5653	-1.8775	-0.0035072	9384	3
LRIG2	-1.7229	-1.5657		-0.0064629	9385	3
FXN	-1.4547	-1.5666	-1.6753	-0.006629	9386	3
CDC14B	-1.6421	-1.5667		-0.0092059	9387	3
LINC00999	-1.7361	-1.567	-1.373	-0.0047137	9388	3
EIF2A	-1.8823	-1.5673	-1.1371	-0.0024334	9389	3
VPS13B	-1.6807	-1.5675	-1.4428	-0.010665	9390	3
ACTL8	-1.6239	-1.5676		-0.0088386	9391	3
LRRC37A3	-1.6224	-1.5676		-0.0077309	9392	3
GPR39	-1.525	-1.5677		-0.0069141	9393	3
TPM2	-1.5256	-1.5684		-0.0072803	9394	3
HIST1H2BO	-1.4889	-1.5696	-1.667	-0.0080564	9395	3
KCNK15	-1.6796	-1.5698		-0.0080293	9396	3
TUBB2B	-1.3287	-1.5705	-1.8089	-0.0037564	9397	3
MYMK	-1.5785	-1.5705		-0.0072233	9398	3
ZNF217	-1.516	-1.5706		-0.0083277	9399	3
LOC100288203	-1.7374	-1.5707	-1.3846	-0.0072379	9400	3
BBOF1	-1.7356	-1.5717		-0.0055679	9401	3
TRIB1	-1.4876	-1.5721	-1.6399	-0.0055916	9402	3
ASTN2	-1.7226	-1.5724	-1.4258	-0.0053753	9403	3
RALGAPA1	-1.8014	-1.5731	-1.327	-0.0063333	9404	3
CASC4	-1.465	-1.5737	-1.6995	-0.0071743	9405	3
AGER	-1.6133	-1.574		-0.0080907	9406	3
BTBD8	-1.7812	-1.5743		-0.0071796	9407	3
SPIDR	-1.6293	-1.5758	-1.5089	-0.0090889	9408	3
CCIN	-1.5182	-1.5764	-1.6699	-0.0067037	9409	3
YIPF4	-1.6932	-1.5766	-1.4446	-0.0097434	9410	3
RPL7A	-1.4791	-1.5769		-0.0077746	9411	3
GAD2	-1.7323	-1.5774		-0.0075798	9412	3
UQCRBP1	-1.5653	-1.5779		-0.0090447	9413	3
KIF15	-1.6928	-1.5805	-1.4672	-0.0079339	9414	3
ACYP2	-1.6598	-1.581	-1.5194	-0.0068348	9415	3
CORO1B	-1.541	-1.5819		-0.0082098	9416	3
PIGL	-1.8525	-1.5827	-1.2772	-0.0046717	9417	3
KTN1	-1.7826	-1.5828		-0.0061225	9418	3
NFU1	-1.6583	-1.5836		-0.0086806	9419	3
GLS	-1.8723	-1.5838	-1.2449	-0.00404	9420	3
MAP3K12	-1.724	-1.5847	-1.4186	-0.0058514	9421	3
DAD1	-1.4802	-1.5847	-1.6388	-0.0052849	9422	3
ITGAX	-1.4072	-1.5861	-1.7607	-0.005341	9423	3
FNTA	-1.616	-1.5864		-0.0087197	9424	3
SLC30A1	-1.5873	-1.5866		-0.0091556	9425	3
UBAP1	-1.8112	-1.5876	-1.3476	-0.0057182	9426	3
MOCS2	-1.4677	-1.5877		-0.0047253	9427	3
ZNF414	-1.6862	-1.5879		-0.0084043	9428	3
SULT1C4	-1.4952	-1.5882	-1.6891	-0.0063848	9429	3
TRMT1L	-1.7743	-1.5884	-1.3768	-0.0045945	9430	3
NT5E	-1.4775	-1.5902		-0.0063728	9431	3
OGFRL1	-1.7117	-1.5905		-0.011199	9432	3
SMO	-1.5107	-1.5908	-1.6807	-0.0068432	9433	3
DHX40	-1.7294	-1.5923		-0.009	9434	3
FER	-1.579	-1.5924		-0.0077922	9435	3
TMED1	-1.544	-1.5933		-0.0063985	9436	3
MAP3K5	-1.6143	-1.5977	-1.5782	-0.0132	9437	3
RCC2	-1.9633	-1.598	-1.2117	-0.0035054	9438	3
CASP6	-1.5389	-1.5984		-0.0093128	9439	3
KLRC1	-1.504	-1.599		-0.0066197	9440	3
LIX1L	-1.4264	-1.5999	-1.7997	-0.0060146	9441	3
ACY3	-1.3876	-1.6	-1.8093	-0.0050286	9442	3
ASB8	-1.7927	-1.601		-0.005971	9443	3
LOC729080	-1.6132	-1.6017		-0.0069557	9444	3
MYBPC3	-1.6414	-1.6019		-0.0085792	9445	3
PCIF1	-1.7022	-1.6021		-0.008873	9446	3
ERICH5	-1.8071	-1.6042	-1.3407	-0.0039389	9447	3
PIGC	-1.7214	-1.6052	-1.4895	-0.0048439	9448	3
USP38	-1.8312	-1.6061		-0.0062096	9449	3
RNF125	-1.6546	-1.6071		-0.0077939	9450	3
PEX26	-1.6024	-1.6078	-1.6111	-0.0074939	9451	3
DDAH2	-1.1841	-1.6079	-2.2086	-0.0026998	9452	3
CREBL2	-1.512	-1.6082		-0.0069063	9453	3
GRK3	-1.7185	-1.6083	-1.4961	-0.0093019	9454	3
KANK4	-1.6985	-1.6086	-1.5337	-0.0097933	9455	3
MAPK8IP1P2	-1.3966	-1.6093	-1.85	-0.0049525	9456	3
TTC28	-1.7489	-1.6111		-0.0074809	9457	3
CLK1	-1.6972	-1.6125		-0.0087306	9458	3
FOLR2	-1.3535	-1.6126	-1.909	-0.0041727	9459	3
CLSTN2	-1.6694	-1.613		-0.011026	9460	3
UBE2G2	-1.7546	-1.6139		-0.0067231	9461.5	3
SUGP2	-1.863	-1.6139	-1.2757	-0.002684	9461.5	3
RPS3	-1.5855	-1.6158		-0.010566	9463	3
COL6A3	-1.694	-1.616		-0.0083331	9464	3
GPD1	-1.6523	-1.6161	-1.5837	-0.0099641	9465	3
GHSR	-1.7204	-1.6169		-0.0083515	9466	3
KCNC4	-1.7319	-1.617	-1.5194	-0.0047371	9467	3
PDCD1	-1.7076	-1.617		-0.010278	9468	3
MCEE	-1.7101	-1.6174		-0.010729	9469	3
SEPT8	-1.7206	-1.6192		-0.0077472	9470	3
MYT1	-1.5649	-1.6198		-0.0072381	9471	3
DACT2	-1.7332	-1.6208	-1.4999	-0.0091643	9472	3
ALG1	-1.7351	-1.6217		-0.0073929	9473	3
NANS	-1.6251	-1.6225		-0.010409	9474	3
LRRC37B	-1.6245	-1.6228	-1.6163	-0.010473	9475.5	3
RASGEF1B	-1.622	-1.6228	-1.6266	-0.011395	9475.5	3
HHIP-AS1	-1.7521	-1.6234	-1.5023	-0.0065113	9477	3
C1orf162	-1.7528	-1.6236	-1.4728	-0.0088392	9478	3
SOX21	-1.5586	-1.6243		-0.0080386	9479	3
PRAC1	-1.7419	-1.6253		-0.0083645	9480	3
CALML6	-1.719	-1.6254		-0.0059624	9481	3
SPEM1	-1.6857	-1.6257		-0.0092483	9482	3
SSC5D	-1.474	-1.628	-1.7758	-0.0060028	9483	3
TOB1-AS1	-1.7843	-1.6281	-1.4457	-0.0038057	9484	3
LINC01061	-1.8121	-1.629	-1.4256	-0.004744	9485	3
RAB30	-1.7474	-1.6292	-1.5115	-0.006198	9486	3
SDCCAG8	-1.6466	-1.6299		-0.0088652	9487	3
AFF2	-1.5622	-1.6299	-1.713	-0.0092861	9488	3
SMTN	-1.6779	-1.63		-0.0081919	9489	3
TMEM98	-1.7171	-1.6315		-0.0082835	9490	3
RALGPS1	-1.849	-1.6326	-1.3909	-0.0071788	9491	3
CSF2RA	-1.5099	-1.6327	-1.7634	-0.0067644	9492	3
CYB5R3	-1.4915	-1.6328	-1.7491	-0.0052021	9493	3
SCD5	-1.3753	-1.633	-1.9383	-0.0040294	9494.5	3
NFATC3	-1.8133	-1.633		-0.0070862	9494.5	3
DND1	-1.9201	-1.6346	-1.2924	-0.0029824	9496	3
MOGAT1	-1.7562	-1.6346	-1.515	-0.0040725	9497	3
ARSF	-1.5456	-1.6347		-0.0060895	9498	3
SMPD3	-1.6763	-1.6349		-0.011298	9499	3
CNPY3	-1.5531	-1.6354		-0.006264	9500	3
TMEM200A	-1.2732	-1.6367	-2.1152	-0.0035998	9501	3
KIN	-1.8201	-1.6373	-1.4359	-0.005941	9502	3
RPL37	-1.464	-1.6382	-1.8444	-0.0058564	9503	3
TPP1	-1.5446	-1.6384	-1.7161	-0.007887	9504	3
RNF13	-1.7445	-1.6419	-1.553	-0.0080473	9505	3
TGFB1	-1.4979	-1.6419	-1.7694	-0.0064938	9506	3
GRK4	-1.6575	-1.6422		-0.0071175	9507	3
SLC33A1	-1.8521	-1.6426		-0.0062559	9508	3
PLEKHM2	-1.8018	-1.644	-1.4787	-0.0046595	9509	3
PRKCQ	-1.4973	-1.645	-1.8134	-0.0059099	9510	3
PRDX1	-1.478	-1.645	-1.7874	-0.0053321	9511	3
HIST1H2BB	-1.626	-1.6459		-0.010351	9512.5	3
ARPIN	-1.7621	-1.6459		-0.0090461	9512.5	3
ZNF740	-1.9356	-1.6462	-1.3375	-0.0057468	9514	3
RRN3P3	-1.8109	-1.6477	-1.4563	-0.0073588	9515	3
GPR34	-1.4318	-1.6478	-1.8822	-0.0052032	9516	3
SEC22C	-1.5908	-1.6481		-0.0086389	9517	3
ADNP-AS1	-1.6589	-1.6524		-0.011281	9518	3
SLC26A6	-1.8371	-1.653	-1.4629	-0.0044584	9519	3
S100PBP	-1.6567	-1.6534	-1.6522	-0.01072	9520	3
ATP6V1E2	-1.7101	-1.654	-1.6033	-0.0075263	9521	3
KIAA1147	-1.4613	-1.6547	-1.8797	-0.0058382	9522	3
NFIC	-1.7709	-1.6551	-1.5622	-0.004328	9523	3
CECR7	-1.7037	-1.6559		-0.010983	9524	3
WDR70	-1.8503	-1.6571	-1.4375	-0.0035001	9525	3
SERPINH1	-1.7012	-1.6574	-1.6179	-0.0074131	9526	3
TNR	-1.588	-1.6583	-1.7407	-0.0086551	9527	3
TPM3P9	-1.4106	-1.6591	-1.9871	-0.0042733	9528	3
ANAPC13	-1.6231	-1.6605		-0.0091767	9529	3
TEPSIN	-1.9128	-1.6606	-1.3814	-0.0038385	9530	3
TRAF3IP2	-1.5193	-1.6608	-1.8095	-0.0060163	9531	3
MAPK8IP1	-1.4144	-1.6617	-1.9749	-0.0049093	9532	3
ECI2	-1.6161	-1.6626	-1.7045	-0.0089696	9533	3
LRFN1	-1.6547	-1.6627		-0.007996	9534	3
RSRP1	-1.7581	-1.6629	-1.5708	-0.0065604	9535	3
PPP1R1A	-1.4458	-1.6636	-1.9269	-0.0045043	9536	3
PMAIP1	-1.7634	-1.6637	-1.5786	-0.0075286	9537	3
NR0B1	-1.4877	-1.6641	-1.854	-0.0057242	9538	3
BUB3	-1.789	-1.6663	-1.5647	-0.0048497	9539	3
ADAL	-1.7737	-1.6683		-0.0082489	9540	3
TSPAN6	-1.4065	-1.6685	-1.9378	-0.0041086	9541	3
RPL13A	-1.5976	-1.6697		-0.0081532	9542	3
TUG1	-1.7788	-1.6709		-0.0095222	9543	3
DIS3	-2.0812	-1.6711	-1.2125	-0.0031669	9544	3
H3F3C	-1.6291	-1.6715		-0.0093624	9545	3
SOX3	-1.5146	-1.6729	-1.8341	-0.0052415	9546	3
LYSMD1	-1.8792	-1.6735		-0.0046929	9547	3
MEIS2	-1.7144	-1.6736	-1.6352	-0.0094842	9548	3
HIST1H2BC	-1.5248	-1.674		-0.0071591	9549	3
C1QA	-1.4713	-1.6741	-1.8851	-0.0052376	9550	3
CDK14	-1.8173	-1.6765	-1.5474	-0.0057927	9551	3
TMEM177	-1.8072	-1.6775		-0.0063727	9552	3
DLEU1	-1.6042	-1.6778		-0.0083898	9553	3
ZFR	-1.6223	-1.6779		-0.0090007	9554	3
TM4SF18	-1.7508	-1.679	-1.622	-0.0098697	9555	3
RNF5P1	-1.4037	-1.6801	-1.9234	-0.0038153	9556	3
OSGIN2	-1.8713	-1.6801		-0.0081166	9557	3
CYSTM1	-1.645	-1.6805		-0.010596	9558	3
RPL39	-1.4833	-1.6806	-1.9235	-0.0052135	9559	3
CA8	-1.5154	-1.6811	-1.871	-0.0058787	9560	3
CKMT2	-1.7295	-1.6811	-1.6405	-0.0097965	9561	3
PDIA6	-1.737	-1.6815		-0.0076401	9562	3
ZDHHC2	-1.8581	-1.6818	-1.5101	-0.0045732	9563	3
ZMYM6	-1.9055	-1.6821	-1.4029	-0.0032136	9564	3
PDE11A	-1.6846	-1.6823		-0.0093614	9565	3
YBX3P1	-1.6826	-1.6827		-0.0089602	9566	3
FAM126A	-1.6272	-1.6834		-0.0083657	9567	3
LCA10	-1.7547	-1.6837		-0.00778	9568	3
RPL21	-1.6082	-1.684		-0.0081037	9569	3
PLXND1	-1.6977	-1.6843		-0.011564	9570	3
KRT18P55	-1.7474	-1.6856		-0.011359	9571	3
PCDHGB2	-1.8999	-1.6857		-0.0074773	9572	3
CLIP4	-1.7873	-1.6864	-1.5975	-0.0066538	9573	3
CYB5A	-1.626	-1.6878	-1.7234	-0.0085054	9574	3
MS4A4A	-1.6213	-1.6879		-0.0080842	9575	3
OSBPL9	-1.7885	-1.6881	-1.5956	-0.0057639	9576	3
LOC105376805	-1.6018	-1.6882	-1.7893	-0.0076255	9577	3
HEPH	-1.4877	-1.6886		-0.0051556	9578	3
C1orf122	-1.4527	-1.6889	-1.8366	-0.0034653	9579	3
FCGBP	-1.4696	-1.6894	-1.9003	-0.0051605	9580	3
PHC2	-1.8521	-1.6894	-1.4948	-0.0045477	9581	3
DHX33	-1.9535	-1.6904	-1.4153	-0.0060007	9582	3
RBFA	-1.6409	-1.6909	-1.7509	-0.0085962	9583	3
CASP5	-1.6849	-1.6911	-1.726	-0.0083938	9584	3
BCL9	-1.8035	-1.6927	-1.5654	-0.0096797	9585	3
RNF19B	-1.8864	-1.693		-0.0073463	9586	3
TMEM145	-1.9079	-1.6934	-1.3995	-0.0030202	9587	3
FBXO17	-1.5941	-1.6939		-0.0065359	9588	3
CCDC171	-1.6559	-1.6954	-1.7388	-0.010246	9589	3
RP9	-1.8184	-1.6956	-1.5917	-0.0052522	9590	3
RALGDS	-1.7229	-1.6964		-0.011612	9591	3
FGL1	-1.6379	-1.6966		-0.0079381	9592	3
GSR	-1.7693	-1.6971	-1.6211	-0.0085465	9593	3
CHST4	-1.8209	-1.6977		-0.008216	9594	3
TTC23	-1.5511	-1.6991		-0.0066137	9595	3
MOB3A	-1.61	-1.6995	-1.8069	-0.0081384	9596	3
HCST	-1.3942	-1.6996	-2.0288	-0.0038039	9597	3
TRMO	-1.9259	-1.7	-1.4582	-0.0062793	9598	3
TIPIN	-1.6148	-1.7		-0.0084335	9599	3
SYCP2	-1.9209	-1.7003	-1.3694	-0.0023156	9600	3
LINC00302	-1.6653	-1.701		-0.006261	9601	3
RAB31	-1.5246	-1.7023	-1.8658	-0.0051468	9602	3
LOC285074	-1.8326	-1.7035	-1.5493	-0.0088536	9603	3
FAM189A2	-1.554	-1.7037	-1.8793	-0.005978	9604	3
CWC22	-1.8859	-1.7047	-1.5282	-0.0058939	9605	3
EIF4G2	-1.8088	-1.7049	-1.6048	-0.0079025	9606	2
PDYN	-1.6174	-1.7052	-1.8138	-0.00788	9607	2
RGS7BP	-1.7844	-1.7055		-0.0071439	9608	2
MOGAT3	-1.9169	-1.7062		-0.0052614	9609	2
PLK5	-1.7944	-1.7062	-1.5972	-0.0095556	9610	2
ZFAT	-1.7814	-1.7063		-0.0093213	9611	2
GOLGA6L17P	-1.8138	-1.7064	-1.5744	-0.0097015	9612	2
RGS9	-1.6898	-1.7082	-1.7277	-0.0079591	9613	2
TXNL4A	-1.449	-1.7099	-1.8556	-0.0034152	9614	2
CHMP2B	-1.6949	-1.7103		-0.0089231	9615	2
ZNF480	-1.6491	-1.7106	-1.7643	-0.008741	9616	2
ZFP41	-1.8825	-1.7141		-0.0062343	9617	2
UBE2R2	-1.7344	-1.7144		-0.010794	9618	2
FEZ1	-1.7941	-1.7144		-0.0081838	9619	2
HS3ST1	-1.9783	-1.7148	-1.3535	-0.0025405	9620	2
MFSD9	-1.8873	-1.7163	-1.5321	-0.0052423	9621	2
OPA3	-1.8005	-1.7165		-0.0078541	9622	2
KDM5B	-1.8074	-1.7177	-1.6162	-0.010077	9623	2
GRAP	-1.7805	-1.7183		-0.010609	9624	2
SAAL1	-1.8346	-1.7205		-0.0061684	9625	2
HEXDC	-1.8827	-1.7211	-1.5382	-0.0067703	9626	2
ZNF358	-1.9305	-1.7231	-1.4913	-0.005666	9627	2
RASL10B	-1.8062	-1.7258		-0.010346	9628	2
CTGF	-1.7323	-1.7263	-1.7338	-0.0074002	9629	2
FGF7	-1.9001	-1.7276	-1.5534	-0.0071307	9630	2
VWA5A	-1.5943	-1.728	-1.8621	-0.005442	9631	2
SPATA13	-1.7236	-1.729		-0.0095315	9632	2
ULK3	-1.8983	-1.7293	-1.5642	-0.0048494	9633	2
SBSN	-1.8402	-1.7294	-1.6358	-0.0059714	9634	2
IARS2	-1.5728	-1.7296	-1.8645	-0.0060968	9635	2
CABCOCO1	-1.5556	-1.7304	-1.9507	-0.0061603	9636	2
STRADB	-1.6222	-1.7305		-0.0079653	9637	2
PSMB10	-1.567	-1.7308	-1.8523	-0.0051872	9638	2
TRIM39	-1.8956	-1.7313		-0.0075939	9639.5	2
ARRDC1-AS1	-1.8357	-1.7313		-0.0089315	9639.5	2
CCDC173	-1.7308	-1.7313	-1.7319	-0.008704	9641	2
PYCARD	-1.4933	-1.7318	-2.0316	-0.0052644	9642	2
BTN3A1	-1.774	-1.7323		-0.010467	9643	2
SDHAF3	-1.7017	-1.7325		-0.011265	9644	2
LOC728024	-1.8337	-1.7329		-0.0090831	9645	2
EPS15L1	-1.8148	-1.7347		-0.010828	9646	2
ACBD7	-1.6166	-1.735		-0.0069594	9647	2
TRIM16L	-1.8729	-1.7351		-0.0060814	9648	2
CDCA7L	-1.8001	-1.7354		-0.0093591	9649	2
LIN52	-1.9472	-1.7374	-1.5174	-0.006752	9650	2
VPS45	-1.8588	-1.7386	-1.5954	-0.0079039	9651	2
STT3B	-1.7051	-1.7413	-1.7971	-0.0088805	9652	2
EHMT1	-2.061	-1.742	-1.378	-0.0043732	9653	2
HIRA	-1.7895	-1.742		-0.011358	9654	2
STX2	-1.6081	-1.7441		-0.0066677	9655	2
CCDC7	-1.8128	-1.7458		-0.0093979	9656	2
KRTAP6-1	-1.8352	-1.7458		-0.0076137	9657	2
RNF130	-1.7727	-1.7466		-0.0089864	9658	2
HAT1	-1.9016	-1.7469		-0.0078105	9659	2
IGFN1	-1.5318	-1.7475	-1.9972	-0.0049975	9660	2
RBFOX2	-1.9542	-1.7489	-1.5095	-0.006902	9661	2
PDGFRB	-1.8049	-1.7497		-0.0097374	9662	2
HNRNPF	-1.9035	-1.7501	-1.5794	-0.0069664	9663	2
LOC105376064	-1.5756	-1.7517	-1.9652	-0.0059866	9664	2
TLR4	-1.5575	-1.7528	-1.9389	-0.0054696	9665	2
ITGB7	-1.5574	-1.7529	-1.9537	-0.0048885	9666	2
ARV1	-1.8214	-1.7538		-0.0095788	9667	2
LINC00265	-1.9943	-1.7556	-1.4788	-0.0045229	9668	2
USO1	-1.9318	-1.7573	-1.6033	-0.0074246	9669	2
RARRES3	-1.5585	-1.7585	-1.998	-0.005647	9670	2
FGF13	-1.9698	-1.759	-1.5161	-0.00579	9671	2
SUCLA2	-2.0111	-1.7591	-1.5044	-0.0045978	9672	2
MT2A	-1.3816	-1.76	-2.2332	-0.0034894	9673	2
GLUD1	-1.614	-1.7605	-1.9407	-0.0068156	9674	2
TSPAN8	-1.8349	-1.7608	-1.7014	-0.0096801	9675	2
PDE4DIP	-1.5904	-1.7611	-1.9824	-0.006325	9676	2
CASC2	-1.8921	-1.7666		-0.0088618	9677	2
OLR1	-1.8691	-1.7684	-1.6629	-0.0065703	9678	2
ZNF93	-1.6907	-1.769		-0.0084131	9679	2
DPT	-1.8977	-1.771	-1.6496	-0.0076793	9680	2
SOX17	-1.8472	-1.7712		-0.0080394	9681	2
ERMARD	-1.6302	-1.7727	-1.9385	-0.0061011	9682	2
TEAD1	-1.7022	-1.7735	-1.8538	-0.0095365	9683	2
YBEY	-1.9533	-1.774	-1.5904	-0.0054734	9684	2
KDM3B	-1.9916	-1.7741		-0.0069199	9685	2
FMO5	-1.8032	-1.7744		-0.011411	9686	2
RPS9	-1.6445	-1.7775	-1.9095	-0.0065405	9687	2
DGKD	-1.9508	-1.7779	-1.5853	-0.0076622	9688	2
FUT6	-1.837	-1.778		-0.0094221	9689	2
FMC1	-1.758	-1.7782		-0.0092758	9690	2
SPRR2E	-1.8717	-1.7786		-0.0089944	9691	2
PIGX	-1.9145	-1.7788		-0.0094001	9692	2
HIST1H2BE	-1.7433	-1.779		-0.010172	9693	2
EML3	-1.7077	-1.7793		-0.0063276	9694	2
MTMR1	-1.8434	-1.78		-0.012138	9695	2
PLEC	-1.8441	-1.7805		-0.0082738	9696.5	2
HIST1H2BK	-1.3618	-1.7805	-2.2774	-0.0031575	9696.5	2
LOC728989	-1.7673	-1.7808	-1.8084	-0.011801	9698	2
APCDD1	-1.6196	-1.7812	-1.9697	-0.0062479	9699	2
TRIM41	-1.7933	-1.7815	-1.7728	-0.010481	9700	2
ZNF287	-2.0826	-1.7815	-1.4557	-0.0045049	9701	2
ITPRIPL1	-1.9058	-1.7835	-1.6886	-0.0086527	9702	2
LRRTM1	-1.7578	-1.784	-1.8144	-0.012035	9703	2
C7orf57	-1.905	-1.7849	-1.6576	-0.007562	9704	2
NUDT5	-1.8689	-1.7851	-1.7253	-0.0068584	9705	2
LAG3	-1.8854	-1.7859	-1.699	-0.0045276	9706	2
TNFAIP2	-1.5205	-1.7865	-2.0994	-0.0051575	9707	2
CCR1	-1.5533	-1.787	-2.0465	-0.0052368	9708	2
METTL15	-2.0105	-1.7874	-1.5185	-0.0044442	9709	2
PLEKHA2	-1.7667	-1.7876		-0.0092461	9710	2
SLC1A7	-1.8696	-1.7883	-1.733	-0.014366	9711	2
AMMECR1	-2.2553	-1.7887	-1.267	-0.0030971	9712	2
TTC39A	-1.8622	-1.7899	-1.7417	-0.0074466	9713	2
RPL10	-1.6905	-1.79		-0.0070591	9714	2
IGDCC4	-1.664	-1.7916	-1.9244	-0.0067034	9715	2
ABCG1	-1.857	-1.7919	-1.7063	-0.01062	9716	2
TMEM19	-1.955	-1.792		-0.0094468	9717	2
ZCCHC9	-1.9068	-1.792	-1.6643	-0.0098149	9718	2
SNRPB2	-1.6524	-1.7926		-0.0068899	9719	2
EOGT	-1.9397	-1.7929	-1.629	-0.0064135	9720	2
TRIP11	-2.1387	-1.7936	-1.4339	-0.0038997	9721	2
COL9A1	-1.7613	-1.7947	-1.8328	-0.01036	9722	2
PSPC1	-1.9257	-1.7966		-0.0086707	9723	2
WHAMMP3	-1.9527	-1.7973	-1.6294	-0.0087561	9724	2
STAT1	-1.9185	-1.7974	-1.6552	-0.010855	9725	2
UFL1	-1.7729	-1.7983		-0.010084	9726	2
CFAP58	-1.7859	-1.8003	-1.8331	-0.0076325	9727	2
TMCO6	-1.9209	-1.8011	-1.6902	-0.0072505	9728	2
CTRL	-1.9412	-1.8012		-0.0075875	9729	2
NUDT8	-1.8747	-1.802	-1.7551	-0.0084297	9730	2
REV3L	-1.8857	-1.8034	-1.6958	-0.010763	9731	2
DPP4	-2.003	-1.8038	-1.6096	-0.0041059	9732	2
SERF2	-1.5657	-1.8046	-2.0029	-0.0044271	9733	2
STXBP4	-1.7177	-1.8054	-1.9034	-0.0078105	9734	2
TMEM14C	-1.8726	-1.8056	-1.7605	-0.0078083	9735	2
FAM167B	-1.8711	-1.8062	-1.7646	-0.0086354	9736	2
PHF14	-1.891	-1.807	-1.7015	-0.011418	9737	2
SFT2D1	-1.7529	-1.8075		-0.0077111	9738	2
CYTH3	-2.0598	-1.8077	-1.521	-0.0063798	9739	2
DUSP22	-1.9295	-1.8084		-0.010216	9740	2
NCKIPSD	-1.9813	-1.8093	-1.6258	-0.0038145	9741	2
DOPEY2	-1.9564	-1.81	-1.6629	-0.0075761	9742	2
PTRHD1	-1.5864	-1.8101	-1.9822	-0.0049266	9743	2
FOXK2	-1.8843	-1.8109		-0.0099531	9744	2
SPNS3	-1.7037	-1.8111		-0.0083386	9745	2
EEF2K	-1.9106	-1.8116	-1.7248	-0.0061919	9746	2
PLP2	-1.6562	-1.8122		-0.0058666	9747	2
LHB	-1.9127	-1.8128		-0.010343	9748	2
ZNF676	-1.8579	-1.8131		-0.0089288	9749	2
HAPLN2	-1.9127	-1.8137	-1.7231	-0.01085	9750	2
BAG1	-1.7249	-1.8145		-0.0083123	9751	2
IDI2-AS1	-1.9004	-1.8146	-1.7503	-0.0063512	9752	2
IL4I1	-1.7308	-1.8153		-0.00692	9753	2
ITCH	-1.9878	-1.8162	-1.6342	-0.0040619	9754	2
RSRC1	-1.8995	-1.8165	-1.7631	-0.0051325	9755	2
ZNF577	-1.5533	-1.8168	-2.1495	-0.0057187	9756	2
SNHG18	-1.901	-1.8169	-1.7434	-0.010268	9757	2
SPOCK2	-1.9267	-1.8176	-1.7198	-0.007142	9758	2
BIRC6	-1.9934	-1.8177		-0.0079025	9759	2
SLC5A2	-1.8404	-1.8178		-0.0075281	9760	2
ANKRD54	-1.5481	-1.8182	-2.1504	-0.0051326	9761	2
LEF1	-1.8993	-1.8185	-1.7573	-0.0087859	9762	2
HIST2H2AC	-1.7705	-1.819	-1.8744	-0.010221	9763	2
ZNF33A	-1.9566	-1.8195	-1.657	-0.0096451	9764	2
PLCD4	-1.9032	-1.8214	-1.7622	-0.0075542	9765	2
MYO19	-2.0415	-1.8221	-1.5284	-0.0031045	9766	2
CHRNB1	-1.624	-1.8222	-1.9538	-0.0051907	9767	2
RGS10	-1.5702	-1.8227	-2.0585	-0.0047857	9768	2
FZD2	-1.4938	-1.8275	-2.1407	-0.0040905	9769	2
YY1	-1.8469	-1.8275		-0.0125	9770	2
LINC02012	-1.8868	-1.8294	-1.7835	-0.008204	9771	2
GNLY	-1.8887	-1.8299		-0.0099922	9772	2
ANKRD16	-1.9947	-1.8314	-1.6423	-0.0064353	9773	2
ALG2	-2.1175	-1.8326	-1.5354	-0.0059462	9774	2
C1QB	-1.5935	-1.8343	-2.0877	-0.0048728	9775	2
ACOT7	-1.9265	-1.8374		-0.0097369	9776.5	2
UQCR11	-1.5763	-1.8374	-2.0454	-0.0043562	9776.5	2
REEP4	-1.9343	-1.8379	-1.7626	-0.0076516	9778	2
IZUMO4	-1.7117	-1.8404	-1.9726	-0.0080314	9779	2
RPS16	-1.8724	-1.8432		-0.0099394	9780	2
PRDM2	-2.0105	-1.8433	-1.6886	-0.0047792	9781	2
KCNMB1	-1.695	-1.844	-2.0065	-0.006044	9782	2
PHYHD1	-1.7352	-1.8447	-1.9733	-0.0082119	9783	2
LRRC28	-2.0177	-1.8465	-1.6488	-0.0071393	9784	2
DEK	-1.9204	-1.8466		-0.0118	9785	2
DAP	-1.5643	-1.8483	-2.1466	-0.0045772	9786	2
CYP27A1	-1.9267	-1.8488		-0.0099716	9787	2
TP53TG1	-1.6077	-1.8489	-2.023	-0.0050547	9788	2
WDR20	-2.0251	-1.8489		-0.0084023	9789	2
INTS13	-1.8633	-1.8492		-0.0087298	9790	2
ZMYM2	-2.1067	-1.8493		-0.0071326	9791	2
IGF1R	-2.1066	-1.8496	-1.5511	-0.0051206	9792	2
VWDE	-1.9653	-1.8498	-1.7234	-0.0093442	9793	2
CAMK2B	-2.0751	-1.8503	-1.6128	-0.0065314	9794	2
IRAK1BP1	-2.0002	-1.8516	-1.6659	-0.0075732	9795	2
DTYMK	-1.8065	-1.8526	-1.9083	-0.0084171	9796	2
GNG11	-1.8996	-1.8529	-1.8152	-0.010458	9797	2
DCAF8	-2.0819	-1.8532	-1.6115	-0.0065315	9798	2
WLS	-1.6514	-1.8538	-2.0899	-0.0054055	9799	2
SLC25A15	-1.9211	-1.854	-1.8052	-0.0081474	9800	2
STARD9	-2.049	-1.8549	-1.6271	-0.0037461	9801	2
SPON1	-1.8156	-1.8551	-1.9054	-0.0090188	9802	2
PCDH15	-1.6224	-1.8572	-2.1704	-0.0056169	9803	2
GTF2A2	-1.8929	-1.8574		-0.011107	9804	2
GALT	-1.9105	-1.8578	-1.8155	-0.0091637	9805	2
BTNL2	-2.0073	-1.8585		-0.0067654	9806	2
SRGAP2B	-1.9422	-1.8596		-0.0095352	9807	2
ANKRD29	-1.9714	-1.8596	-1.7791	-0.0055022	9808	2
NRG4	-1.9127	-1.8602	-1.8025	-0.014129	9809	2
FBXO30	-1.9446	-1.8604	-1.777	-0.011102	9810	2
UBL3	-1.985	-1.8634	-1.7449	-0.008677	9811	2
XRCC4	-1.7242	-1.8642		-0.0069284	9812	2
NR2C1	-2.2117	-1.8661	-1.4832	-0.0049704	9813	2
GANC	-1.9865	-1.8662	-1.7461	-0.0083685	9814	2
TBC1D12	-1.9405	-1.8664		-0.0090226	9815	2
SLCO3A1	-1.9768	-1.8683		-0.010978	9816	2
CXCL5	-1.9211	-1.8696		-0.0085732	9817	2
CCDC191	-1.8333	-1.8702	-1.9141	-0.011275	9818	2
INHBB	-1.7654	-1.8703		-0.0080695	9819	2
FAM129B	-1.5997	-1.874	-2.1942	-0.0042551	9820	2
ITGB5	-1.8032	-1.8747		-0.0085785	9821	2
TIMM23B	-2.1505	-1.8755	-1.5901	-0.005649	9822	2
RNASE6	-1.597	-1.8757	-2.1649	-0.005034	9823	2
ZNF771	-1.9546	-1.8759		-0.0095452	9824	2
BLNK	-1.6595	-1.8792	-2.1131	-0.0057857	9825	2
EME2	-1.8516	-1.8807		-0.0097594	9826	2
AHCYL1	-1.9266	-1.8807		-0.011568	9827	2
RPL23A	-1.5812	-1.8808	-2.1858	-0.0040044	9828	2
HPS1	-2.0721	-1.8817	-1.6891	-0.0056714	9829	2
ZDHHC13	-2.1286	-1.8828		-0.0061203	9830	2
FAN1	-2.0321	-1.8829	-1.7201	-0.0056124	9831	2
NINJ1	-1.8425	-1.883		-0.010334	9832	2
P2RX4	-1.9311	-1.8833	-1.8356	-0.010835	9833	2
ZNF728	-1.8265	-1.884		-0.0073093	9834	2
SEMA3E	-2.0741	-1.8853	-1.7094	-0.0091241	9835	2
GLI3	-1.6772	-1.8853	-2.1283	-0.0060747	9836	2
ZNF146	-2.0779	-1.8857		-0.0079897	9837	2
ATP8B2	-2.2022	-1.886	-1.5126	-0.0044787	9838	2
NHSL1	-1.7357	-1.8866	-2.0575	-0.0073727	9839	2
METTL18	-2.0327	-1.8871		-0.0077644	9840	2
LOC100506100	-1.1228	-1.8872	-3.1253	-0.0021656	9841	2
LRRC58	-1.9534	-1.8874		-0.010267	9842	2
MRPL22	-1.941	-1.8878	-1.8492	-0.0096719	9843	2
MTSS1L	-1.6235	-1.8878	-2.1537	-0.0053099	9844	2
CYP1A2	-1.9929	-1.8887		-0.011122	9845	2
SUMF2	-2.0753	-1.8913	-1.7235	-0.0069262	9846	2
GAS1	-1.9446	-1.8928		-0.010617	9847	2
HBA1	-1.9025	-1.8931		-0.013099	9848	2
RPS17	-1.8294	-1.8939		-0.010001	9849	2
STRN4	-1.8746	-1.8941		-0.01151	9850	2
MSH3	-1.8234	-1.8949		-0.0095299	9851	2
ARHGAP31	-1.82	-1.8965	-1.9663	-0.0080319	9852	2
SAMD11	-2.0295	-1.8972		-0.011019	9853	2
FIBCD1	-1.7759	-1.8975		-0.0071278	9854	2
TECTA	-2.0214	-1.8999	-1.8064	-0.0097341	9855	2
UMAD1	-2.1302	-1.9003	-1.6346	-0.0040988	9856	2
MFSD14C	-1.9949	-1.9006		-0.010608	9857	2
PPM1E	-2.0283	-1.902	-1.7708	-0.0099297	9858	2
P2RY12	-1.5517	-1.9026	-2.3282	-0.0042422	9859	2
KDM1A	-1.9828	-1.9033		-0.0096481	9860	2
PODXL2	-2.042	-1.9034		-0.0073934	9861	2
NCBP2	-1.7671	-1.9041		-0.0073688	9862	2
PGM3	-2.0394	-1.9047		-0.0075528	9863	2
DENND2C	-1.784	-1.9058	-2.0711	-0.005811	9864	2
LPCAT2	-1.795	-1.9069	-2.0031	-0.0076105	9865	2
OR13C5	-1.7317	-1.9073	-2.0902	-0.0054044	9866	2
C11orf96	-1.8804	-1.9091		-0.01054	9867	2
TRPS1	-1.8056	-1.9105	-2.0268	-0.008594	9868	2
FAM111A-DT	-2.0006	-1.9106	-1.8063	-0.012539	9869	2
KEAP1	-1.9966	-1.9107		-0.0092606	9870	2
PARD3	-1.7464	-1.9121	-2.0949	-0.0066973	9871	2
INTS4	-1.7222	-1.9128	-2.1325	-0.0047258	9872	2
SOS1	-1.9025	-1.9132		-0.0094026	9873	2
OXTR	-1.7272	-1.9132	-2.1447	-0.0060188	9874	2
WDR1	-1.666	-1.914	-2.2463	-0.0051685	9875	2
SPART	-2.029	-1.9157	-1.8324	-0.0057709	9876	2
MPP5	-2.1047	-1.9157	-1.7213	-0.0050652	9877	2
LINGO3	-1.7139	-1.9168	-2.0925	-0.0050872	9878	2
GOLGA8IP	-2.0799	-1.9173		-0.008859	9879	2
RPLP1	-1.7062	-1.9176	-2.1683	-0.0056123	9880	2
RPAP2	-2.0421	-1.9178		-0.010128	9881	2
APLNR	-1.8377	-1.9187	-2.0113	-0.0077324	9882	2
DYRK4	-2.0231	-1.9192		-0.0077305	9883	2
PIK3R2	-1.9074	-1.9196	-1.9306	-0.012787	9884	2
KIF5A	-2.099	-1.9203	-1.7093	-0.0061113	9885	2
NBR1	-2.0729	-1.9204		-0.011076	9886	2
RAD54L2	-2.1088	-1.9205		-0.0057347	9887	2
TBX1	-2.1356	-1.9234	-1.6734	-0.0060525	9888	2
PPFIA1	-2.0789	-1.9252		-0.0098324	9889	2
PRAM1	-1.8311	-1.9256		-0.0093951	9890	2
MINK1	-1.672	-1.9258	-2.2294	-0.0054014	9891.5	2
ANKRD36BP2	-1.9382	-1.9258	-1.9054	-0.013752	9891.5	2
UNC93B1	-1.7372	-1.9266	-2.088	-0.0059764	9893	2
SUPT3H	-1.9439	-1.9282		-0.0083764	9894	2
WDR97	-1.9913	-1.9283	-1.8452	-0.0095431	9895	2
LINC00938	-2.0469	-1.9296		-0.011402	9896	2
SLC35B3	-2.1578	-1.932		-0.0073689	9897	2
S100A16	-1.6366	-1.9323	-2.2345	-0.0042626	9898	2
LMNA	-1.9878	-1.9331		-0.0099906	9899	2
GMPR	-1.9896	-1.9332	-1.8892	-0.010863	9900	2
PTN	-1.6486	-1.9333	-2.2649	-0.0046092	9901	2
SMIM3	-2.0136	-1.9344	-1.8762	-0.0078225	9902.5	2
INPP5F	-2.1266	-1.9344	-1.7437	-0.0046024	9902.5	2
PRPF38A	-1.8763	-1.9362		-0.0083432	9904	2
CNTRL	-2.1099	-1.9365	-1.7442	-0.0094999	9905	2
GM2A	-2.0747	-1.9368	-1.7861	-0.010684	9906	2
STXBP3	-1.8455	-1.9368	-2.0331	-0.0073134	9907	2
SSBP3	-2.1064	-1.9371	-1.7508	-0.0067777	9908	2
KIAA0087	-2.0295	-1.9372		-0.010671	9909	2
GPR119	-2.1261	-1.9374		-0.0069891	9910	2
C6orf118	-1.71	-1.9384	-2.2191	-0.0065031	9911	2
LOC440434	-1.668	-1.9391	-2.2851	-0.0045272	9912	2
SLC2A1	-2.0083	-1.9392	-1.8887	-0.010341	9913	2
JRK	-2.0723	-1.9392		-0.0089151	9914	2
PLG	-2.1014	-1.9398		-0.009567	9915	2
ANKRD36C	-2.0659	-1.9402		-0.010435	9916	2
DENND2A	-1.792	-1.9406	-2.1038	-0.0069796	9917.5	2
BRMS1	-1.9039	-1.9406		-0.0097036	9917.5	2
LINC00665	-1.9007	-1.9417	-1.9969	-0.011255	9919	2
CCDC85C	-1.8348	-1.9424	-2.0789	-0.0086241	9920	2
S100A2	-1.953	-1.943		-0.007876	9921	2
PPP2R3B	-1.8124	-1.9431	-2.1141	-0.0075851	9922	2
HIST4H4	-2.0367	-1.9443	-1.8751	-0.0080006	9923	2
HNRNPH1	-2.1286	-1.945	-1.7413	-0.0087222	9924	2
ZNF286A	-1.9011	-1.9457	-2.0008	-0.01227	9925	2
RAB2B	-2.0059	-1.9462		-0.0083242	9926	2
GON4L	-2.1666	-1.9463	-1.689	-0.006562	9927	2
AKTIP	-1.8471	-1.947		-0.0085049	9928	2
C1orf61	-1.6038	-1.9484	-2.3427	-0.0039941	9929	2
BDKRB2	-1.9173	-1.9494	-1.988	-0.012983	9930	2
REEP6	-2.0731	-1.9498	-1.826	-0.0055178	9931	2
RAB22A	-1.8392	-1.95		-0.0094902	9932	2
LMNB2	-2.0746	-1.951		-0.0071904	9933	2
TNRC18	-2.127	-1.9515		-0.0076009	9934	2
POTEF	-1.8557	-1.9516		-0.0088128	9935	2
HBA2	-1.9605	-1.9522		-0.013357	9936	2
NONO	-2.119	-1.9531	-1.7493	-0.0085372	9937	2
PLOD2	-2.0141	-1.9545	-1.8807	-0.010723	9938	2
PTP4A2	-1.8537	-1.9545		-0.0095133	9939	2
JDP2	-2.1308	-1.9554	-1.7957	-0.0036438	9940	2
ZNF880	-1.8356	-1.9559	-2.1148	-0.0076096	9941	2
UBTD1	-2.0019	-1.9559		-0.0095529	9942	2
FBXO22	-2.1214	-1.9561		-0.0070623	9943	2
KDM4A	-2.1603	-1.9565	-1.6995	-0.0048898	9944	2
ZNF655	-2.1827	-1.9576	-1.7038	-0.0078664	9945	2
ZBED1	-2.0183	-1.9579	-1.9096	-0.010594	9946	2
UFD1	-1.8589	-1.9581	-2.0229	-0.0077285	9947	2
RBM38	-1.9941	-1.9583		-0.013349	9948	2
ATM	-2.1243	-1.9589		-0.010996	9949	2
ANTXR1	-2.2029	-1.9591	-1.6635	-0.0063431	9950	2
ENTPD4	-2.1489	-1.9616	-1.7415	-0.003291	9951	2
PHKA2	-2.3772	-1.9617	-1.5249	-0.0044928	9952	2
MBL1P	-2.1574	-1.9618	-1.7243	-0.007581	9953	2
MTERF2	-2.0429	-1.9622	-1.8601	-0.011236	9954	2
GAN	-1.9426	-1.9624		-0.0077515	9955	2
ARAP1	-2.0568	-1.9658	-1.8543	-0.010805	9956	2
UBA7	-1.8288	-1.9661		-0.0087129	9957	2
TMEM151B	-2.1087	-1.9661		-0.010019	9958	2
MYL6	-1.8722	-1.9667	-2.0103	-0.0060927	9959	2
UPP1	-2.1569	-1.9671	-1.7262	-0.0035698	9960	2
SRSF6	-2.0818	-1.9673		-0.010837	9961	2
NTNG1	-2.1032	-1.9679	-1.8011	-0.011399	9962	2
TAF12	-2.0476	-1.9689		-0.010205	9963	2
LINC01137	-2.0579	-1.9693	-1.9125	-0.0076981	9964	2
IFT20	-1.9991	-1.9696		-0.012511	9965	2
EPHX1	-1.8078	-1.9701	-2.109	-0.0061123	9966	2
HYDIN	-1.7806	-1.9712	-2.2001	-0.0073817	9967	2
EMX2	-1.8901	-1.9728		-0.0081611	9968	2
WDR59	-2.0165	-1.9742		-0.013854	9969	2
ALDH5A1	-1.8834	-1.9748		-0.0090004	9970	2
PITRM1	-2.0589	-1.9749		-0.0094271	9971	2
ROPN1L	-1.9934	-1.975	-1.9724	-0.012398	9972	2
SPAST	-1.8743	-1.9759		-0.0072334	9973	2
PLP1	-2.092	-1.9762		-0.0094673	9974	2
C2orf88	-2.0236	-1.977		-0.010167	9975	2
EDA	-1.8343	-1.9772	-2.1206	-0.0060914	9976	2
VANGL2	-1.808	-1.9774	-2.1856	-0.0067189	9977	2
C19orf48	-2.0246	-1.9779		-0.0088156	9978	2
GTF2B	-2.1524	-1.9782		-0.0082555	9979	2
CAMTA2	-2.1151	-1.9785	-1.83	-0.0040847	9980	2
ADD1	-2.2517	-1.9801	-1.698	-0.0044555	9981	2
MED13	-2.0882	-1.9815		-0.012106	9982	2
STIM2	-2.1652	-1.9835	-1.795	-0.0040376	9983	2
SLC22A5	-2.153	-1.9839		-0.0076613	9984	2
ZBTB26	-2.0937	-1.9844		-0.010775	9985	2
MSLN	-2.0781	-1.9845		-0.011538	9986	2
RPS23	-1.9336	-1.9849		-0.0086051	9987	2
CCDC144NL	-2.1295	-1.9854		-0.010458	9988	2
LPIN2	-2.1098	-1.9869		-0.009775	9989	2
COBLL1	-2.1365	-1.9878	-1.809	-0.0090582	9990	2
RIBC1	-1.7791	-1.9881		-0.006439	9991	2
SELENOP	-2.0686	-1.9882		-0.0099495	9992	2
STAM2	-2.232	-1.9887	-1.7139	-0.0069581	9993	2
CACNG7	-2.1055	-1.9887		-0.007604	9994	2
SLC35B2	-2.0633	-1.9894		-0.010094	9995	2
CYCSP52	-2.0185	-1.9904		-0.0099487	9996	2
FAM214B	-1.9874	-1.9906		-0.0084542	9997	2
TREM2	-1.8865	-1.9923	-2.0808	-0.0081302	9998	2
TBXAS1	-1.9008	-1.9925		-0.0060598	9999	2
SEMA4G	-2.1028	-1.993		-0.0081368	10000	2
EIF4EBP2	-2.0387	-1.9945		-0.011256	10001	2
RPS25	-1.9288	-1.9946		-0.0087247	10002	2
PRB4	-2.1702	-1.9948		-0.0077038	10003	2
RAB3B	-1.9804	-1.9953	-2.0061	-0.011936	10004	2
SELENOS	-1.9786	-1.9959		-0.0085795	10005	2
SMIM10	-1.9695	-1.9963	-2.0085	-0.0093267	10006	2
IL3RA	-1.8699	-1.9965	-2.0974	-0.0073637	10007	2
TDP2	-2.1091	-1.9972	-1.9074	-0.0071084	10008	2
CCDC138	-2.2506	-1.9977	-1.7086	-0.0062212	10009	2
APOE	-1.7564	-1.9979	-2.2771	-0.0058471	10010	2
OGN	-1.9292	-1.9994	-2.0835	-0.0091445	10011	2
GLTPD2	-1.9786	-1.9998		-0.0097013	10012	2
FOXF1	-2.0874	-1.9999	-1.9321	-0.009945	10013	2
GRIK5	-1.8887	-2.0051	-2.1629	-0.0073829	10014	2
ATP11A	-2.2208	-2.0057	-1.7863	-0.0058565	10015	2
NPNT	-2.0185	-2.006	-1.9973	-0.011582	10016	2
GEM	-1.9262	-2.0065	-2.083	-0.0087661	10017	2
COMT	-1.7521	-2.0071	-2.2604	-0.0048331	10018	2
KIF4B	-2.1197	-2.0075	-1.9014	-0.0067166	10019	2
HNRNPA0	-2.119	-2.0076	-1.8889	-0.0080726	10020	2
SNX29	-2.2196	-2.0084	-1.7794	-0.0096307	10021	2
SLC40A1	-1.7611	-2.0114	-2.2306	-0.0053455	10022	2
G6PC3	-1.9384	-2.0115		-0.01111	10023	2
UBE2A	-1.7781	-2.0119	-2.2009	-0.0055694	10024	2
TACC1	-2.2499	-2.016	-1.7661	-0.0054455	10025	2
SLC19A3	-2.0534	-2.0161	-1.9817	-0.011826	10026	2
H3F3B	-1.9268	-2.0166		-0.0079846	10027	2
RALGAPB	-2.1759	-2.0173	-1.8457	-0.0057578	10028	2
INTS6-AS1	-2.1184	-2.0178		-0.011024	10029	2
KCNQ1	-1.6927	-2.0182	-2.3772	-0.0042861	10030	2
PRPF3	-2.2391	-2.0186	-1.7747	-0.0078202	10031	2
TMEM30B	-2.0982	-2.0205		-0.0099516	10032	2
RPL18A	-1.921	-2.0284		-0.0084685	10033	2
LINC01158	-2.1344	-2.0299	-1.9507	-0.0080001	10034	2
S100Z	-1.7822	-2.0303	-2.2638	-0.0057761	10035	2
TGFBR1	-2.1549	-2.0304	-1.9047	-0.011755	10036	2
ZBTB47	-2.1867	-2.0305	-1.8445	-0.011068	10037	2
CCDC125	-2.1655	-2.0329		-0.0095105	10038	2
NPIPA8	-2.3336	-2.0337	-1.7038	-0.0054817	10039	2
LOC283788	-2.1641	-2.0347		-0.010101	10040	2
PPARA	-1.8648	-2.035		-0.0070574	10041	2
TNIP1	-2.1434	-2.0357	-1.951	-0.0067682	10042	2
ZNF362	-2.2835	-2.0374	-1.7374	-0.0060933	10043	2
IFIH1	-2.0963	-2.0375	-1.9895	-0.011249	10044	2
OTUD6B	-2.137	-2.0377		-0.010463	10045	2
MX2	-2.1102	-2.0385	-1.9565	-0.012628	10046	2
PLD4	-1.9487	-2.0402		-0.0089341	10047	2
QRFPR	-2.1365	-2.0404	-1.9756	-0.0066281	10048	2
LY86	-1.828	-2.0413	-2.2366	-0.0061815	10049	2
SAMD12	-2.4769	-2.0427	-1.5609	-0.0041095	10050	2
SHB	-2.1441	-2.0428		-0.0094773	10051	2
H2AFJ	-2.1013	-2.0449		-0.0095407	10052	2
HLA-DRB4	-1.9318	-2.0451	-2.1445	-0.0090028	10053	2
HSD17B11	-2.0966	-2.0452		-0.00754	10054	2
SNX1	-2.0915	-2.0462		-0.011715	10055	2
EMX2OS	-1.9395	-2.0462	-2.1669	-0.0075565	10056	2
EP400	-2.1438	-2.0463		-0.011337	10057	2
HDAC8	-2.2133	-2.047	-1.8516	-0.0077524	10058	2
AKAP7	-2.1408	-2.0472	-1.9258	-0.012291	10059	2
PPCS	-1.8426	-2.0487	-2.3027	-0.0064335	10060	2
ZCCHC7	-2.187	-2.0491		-0.0094056	10061	2
RPL7	-2.0489	-2.0499		-0.011076	10062	2
SEC14L1	-2.2115	-2.0501	-1.8637	-0.0076268	10063	2
C8orf34	-1.9977	-2.0502	-2.1131	-0.0091422	10064	2
DSCAM	-2.2068	-2.0507	-1.8542	-0.0082666	10065	2
NR2C2	-2.1394	-2.053	-1.9389	-0.011563	10066	2
PARVB	-1.9336	-2.0533	-2.1826	-0.0091464	10067	2
ZNF383	-2.3836	-2.0534	-1.7077	-0.0054358	10068	2
TEX261	-2.2009	-2.0582		-0.0081393	10069	2
AUTS2	-2.178	-2.0583	-1.915	-0.011184	10070	2
RGN	-2.0088	-2.0597	-2.1003	-0.0095891	10071	2
PIK3IP1	-2.1276	-2.0626		-0.012522	10072	2
PRCP	-2.089	-2.0628		-0.012964	10073	2
KIAA1841	-2.2201	-2.0639	-1.9349	-0.0063759	10074	2
MTERF4	-2.1323	-2.0654		-0.0087329	10075	2
LRP5L	-2.1653	-2.0655	-1.9972	-0.0079918	10076	2
ZMYND15	-1.8969	-2.0656	-2.2397	-0.0059816	10077	2
PCDH11Y	-2.1182	-2.0659	-2.0022	-0.013824	10078	2
MROH7	-2.0834	-2.0668		-0.010771	10079	2
HIST1H2BI	-1.975	-2.068		-0.0093341	10080	2
PLSCR1	-2.1964	-2.0697	-1.9336	-0.010622	10081	2
FAM118A	-2.2291	-2.0726		-0.0083925	10082	2
ESRRG	-2.1922	-2.0728	-2.0015	-0.0052198	10083	2
RBBP8	-2.1853	-2.073	-1.9395	-0.0099779	10084	2
DCAF1	-2.3622	-2.0732	-1.727	-0.0050541	10085	2
TMEM176A	-1.7735	-2.0739	-2.422	-0.0048156	10086	2
ONECUT1	-1.8136	-2.074	-2.3441	-0.0056504	10087	2
TCHP	-2.446	-2.0741	-1.6804	-0.0057985	10088	2
LINC01405	-2.2484	-2.0741	-1.9251	-0.0083374	10089	2
ACAN	-2.1519	-2.0742	-2.0355	-0.0073695	10090	2
NFIA	-1.9338	-2.0765	-2.2258	-0.0069745	10091	2
APOC1	-1.8855	-2.0773	-2.3145	-0.007441	10092	2
WDFY3-AS2	-2.1067	-2.0774	-2.0467	-0.013312	10093	2
PDIA3P1	-1.9354	-2.0779	-2.2321	-0.0073202	10094	2
AK3	-1.8458	-2.079		-0.0060966	10095	2
IL15	-1.9843	-2.0791	-2.1938	-0.0078716	10096	2
FABP5P3	-1.8669	-2.0811	-2.2838	-0.0057117	10097	2
HLA-DOA	-1.8632	-2.0831	-2.3104	-0.0062937	10098	2
PINX1	-2.3883	-2.0833	-1.7555	-0.0041075	10099	2
PI4K2B	-2.001	-2.0841		-0.009139	10100	2
DNAJC12	-1.9383	-2.085	-2.2645	-0.008222	10101	2
CAPN7	-2.3455	-2.0852	-1.7853	-0.0071899	10102	2
SPP1	-2.1857	-2.0855	-1.9993	-0.010575	10103	2
DPH6	-2.0604	-2.0857	-2.1183	-0.010739	10104	2
ARHGEF26	-2.0349	-2.0867		-0.011132	10105	2
OTUD7B	-2.2146	-2.0878		-0.0096233	10106	2
BIN1	-1.9093	-2.0902	-2.2878	-0.0048904	10107	2
PTPDC1	-2.2996	-2.0904		-0.0077995	10108	2
JADE3	-2.1738	-2.0909		-0.010316	10109	2
NUPL2	-2.2949	-2.0936	-1.8497	-0.0085647	10110	2
NINJ2	-2.1695	-2.0937		-0.0089479	10111	2
POU2F1	-2.3343	-2.094		-0.0092421	10112	2
WT1-AS	-2.1859	-2.0959		-0.011108	10113	2
ANKRD36B	-2.1597	-2.0961		-0.012712	10114	2
TMF1	-2.3916	-2.0965	-1.7854	-0.0063669	10115	2
TRPC4	-1.8576	-2.097	-2.3973	-0.0060608	10116	2
CACHD1	-1.8872	-2.0983	-2.3224	-0.0055011	10117	2
ARL17B	-2.2311	-2.0989		-0.01044	10118	2
TAF11	-2.3354	-2.0989	-1.865	-0.0088341	10119	2
TTC21B	-2.5732	-2.099	-1.3613	-0.0021644	10120	2
NAAA	-2.2929	-2.1	-1.8971	-0.0056366	10121	2
NDRG2	-2.0206	-2.1005		-0.0093277	10122	2
ZNF354C	-2.2963	-2.1005	-1.8693	-0.0092237	10123	2
TIMP2	-1.8316	-2.1007	-2.4695	-0.0058133	10124	2
BOLA2-SMG1P6	-2.2224	-2.1008		-0.010328	10125	2
PQLC3	-2.0861	-2.1018		-0.010794	10126	2
TRIM33	-2.3139	-2.1025	-1.8774	-0.0073082	10127	2
VSIG4	-1.8319	-2.1025	-2.4134	-0.0056679	10128	2
UPK3B	-2.2074	-2.1037		-0.011395	10129	2
ANKFY1	-2.321	-2.1075		-0.0081189	10130	2
MPEG1	-1.9386	-2.1077	-2.2901	-0.0068413	10131	2
DIRC2	-1.9807	-2.1083	-2.2548	-0.0092914	10132	2
LST1	-1.8568	-2.1085	-2.3452	-0.0053803	10133	2
ARHGEF26-AS1	-2.0651	-2.1091	-2.1577	-0.011524	10134	2
ANKRD62	-2.2139	-2.1099	-2.0326	-0.0077134	10135	2
RARRES1	-2.1225	-2.1103	-2.0996	-0.013683	10136	2
SMAD9	-2.0806	-2.1117	-2.136	-0.010261	10137	2
ZNF397	-2.3228	-2.1119		-0.0078472	10138	2
CHRM4	-2.0727	-2.1145	-2.1762	-0.008095	10139	2
PSMA7	-2.0348	-2.1147		-0.0073242	10140	2
ALKBH5	-2.2749	-2.1152		-0.0092397	10141	2
SEMA6A	-2.2771	-2.1154		-0.0099249	10142	2
SSBP4	-2.0669	-2.1155	-2.1948	-0.011498	10143	2
SRSF11	-2.2922	-2.1173	-1.9094	-0.0069039	10144	2
SLC22A18AS	-2.1694	-2.119		-0.011116	10145	2
ADD3	-1.9352	-2.1193	-2.2898	-0.0068959	10146	2
SLC25A37	-2.286	-2.1205	-1.9012	-0.0026175	10147	2
EBF4	-2.2353	-2.1206		-0.011477	10148	2
ARHGAP6	-1.9208	-2.1211	-2.3925	-0.0066324	10149	2
NENF	-1.9476	-2.1216	-2.2935	-0.0055522	10150	2
SNRPD3	-1.8463	-2.1231	-2.4595	-0.005046	10151	2
HIST3H2A	-2.1066	-2.1233		-0.012593	10152	2
SDC3	-1.9297	-2.1238	-2.3544	-0.0077964	10153	2
EXOSC2	-2.1517	-2.1245		-0.012068	10154	2
KANSL2	-2.3303	-2.1273	-1.8852	-0.0068971	10155	2
SNW1	-2.2002	-2.128		-0.0083111	10156	2
KDM4C	-2.431	-2.1281	-1.7687	-0.0046192	10157	2
POU3F2	-2.2599	-2.1284	-1.9701	-0.0068061	10158	2
THOC2	-2.261	-2.1287	-1.9622	-0.010321	10159	2
ESRRB	-2.2416	-2.1293	-2.0288	-0.0092947	10160	2
MRPS33	-1.6486	-2.1296	-2.7585	-0.0037837	10161	2
CTXND1	-1.9734	-2.1298	-2.313	-0.0083042	10162	2
CDR1	-2.2586	-2.1309		-0.011042	10163	2
FRMD3	-2.0544	-2.1313	-2.234	-0.0096712	10164	2
SLC22A7	-2.1877	-2.1333		-0.010582	10166	2
ALOX5AP	-1.9761	-2.1333	-2.2659	-0.0072748	10166	2
CDR2L	-2.243	-2.1335	-2.0731	-0.0055507	10167	2
PTGS1	-2.2221	-2.1345	-2.0517	-0.0070653	10168	2
POPDC2	-2.2207	-2.135		-0.0099535	10169	2
NKD1	-2.2451	-2.1351	-2.0381	-0.0096345	10170	2
MFSD2B	-2.2233	-2.1356		-0.0096691	10171	2
MRPL50	-2.2588	-2.1359	-1.9975	-0.0089036	10172	2
SPSB4	-2.0907	-2.136		-0.008395	10173	2
FRG1JP	-2.293	-2.1367	-1.9451	-0.0084017	10174	2
SOD3	-2.0992	-2.1379		-0.0083416	10175	2
UBA5	-2.2946	-2.1379	-1.9754	-0.0082066	10176	2
NOB1	-2.2664	-2.1405	-2.0328	-0.0074806	10177	2
CECR2	-2.1682	-2.1417		-0.011224	10178	2
VAV2	-2.0388	-2.1425	-2.2407	-0.0085235	10179	2
POLR2J	-1.9364	-2.1432	-2.3348	-0.0063986	10180	2
PAQR9	-2.2948	-2.1436	-2.0202	-0.0077872	10181	2
USH1C	-2.2378	-2.144	-2.0726	-0.010881	10182	2
NMI	-2.0107	-2.1441	-2.2273	-0.0071634	10183	2
PLCE1	-2.0519	-2.1451	-2.211	-0.008347	10184	2
SUSD3	-1.8777	-2.1456	-2.3971	-0.0056677	10185	2
DUSP9	-2.0312	-2.1469		-0.006982	10186	2
USP16	-2.3273	-2.1483	-1.9508	-0.0076779	10187	2
FAM168B	-2.42	-2.1503	-1.8723	-0.0049206	10188	2
SLFN5	-2.2938	-2.1508	-2.0198	-0.0084486	10189	2
RALB	-2.2936	-2.1508	-2.013	-0.0080303	10190	2
KRTAP10-2	-2.297	-2.1511		-0.0088117	10191	2
PRORY	-2.2748	-2.152		-0.011273	10192	2
HNRNPAB	-2.1458	-2.1531		-0.012203	10193	2
MED22	-2.3182	-2.1537	-1.9722	-0.0045411	10194	2
PCDHGB4	-2.4037	-2.1545	-1.8664	-0.0089919	10195	2
MAP1LC3B2	-2.2962	-2.1547		-0.0084728	10196	2
GAS5	-2.1141	-2.1558		-0.010209	10197	2
IMPA1P1	-2.3491	-2.1558		-0.0073767	10198	2
TLR6	-2.0757	-2.1586		-0.0099356	10199	2
COL9A2	-2.1839	-2.1601		-0.011337	10200	2
SAMSN1	-1.908	-2.1622	-2.4179	-0.0068489	10201	2
ASAH2	-2.4624	-2.1637	-1.8433	-0.0074793	10202	2
GOLGA2P7	-2.3158	-2.1639	-1.974	-0.010397	10203	2
NRIP3	-2.1486	-2.1653		-0.013018	10204	2
CDK8	-2.2473	-2.1657		-0.011495	10205	2
FLYWCH2	-2.313	-2.1663	-2.014	-0.0068801	10206	2
ZNF407	-2.3182	-2.1674	-1.9977	-0.0088846	10207	2
PIRT	-2.0977	-2.1679	-2.2393	-0.0081591	10208	2
APH1B	-2.0842	-2.1681		-0.0082849	10209	2
C19orf44	-2.2754	-2.1689		-0.014563	10210	2
TANK	-2.3479	-2.1698		-0.010077	10211	2
IFT74	-2.136	-2.1725	-2.2252	-0.011436	10212	2
QRFP	-2.2702	-2.1747		-0.01167	10213	2
BBS7	-2.4622	-2.1754	-1.8356	-0.0035689	10214	2
CSRP2	-2.2195	-2.1757		-0.010726	10215	2
CMTM6	-2.1346	-2.1765		-0.012285	10216	2
SHTN1	-2.047	-2.1768		-0.0083866	10217	2
ZNF141	-2.341	-2.1778		-0.010567	10218	2
DOK1	-1.8516	-2.1785	-2.6026	-0.0053616	10219	2
FLT4	-2.4037	-2.1799	-1.9429	-0.0068258	10220	2
OR1E1	-2.3545	-2.1827		-0.008242	10221	2
PNP	-1.9507	-2.1831	-2.4205	-0.0061711	10222	2
DYNLRB2	-2.2019	-2.1837		-0.014148	10223	2
TSKU	-2.1051	-2.1839	-2.2349	-0.0081154	10224	2
ANP32A-IT1	-2.3514	-2.1844	-2.0104	-0.011751	10225	2
AQR	-2.3995	-2.1847		-0.0070045	10226	2
EMBP1	-2.2669	-2.1848	-2.1072	-0.0095316	10227	2
ZC3H7B	-2.3916	-2.1864	-1.9531	-0.006666	10228	2
MCMBP	-2.2174	-2.1893		-0.013523	10229	2
KIAA1257	-2.2351	-2.1894	-2.1194	-0.013281	10230	2
ZNF396	-2.4645	-2.1897		-0.0066154	10231	2
PLEKHO2	-2.0509	-2.1909		-0.0080234	10232	2
C1QC	-1.876	-2.1911	-2.5577	-0.0055141	10233	2
ALDH9A1	-1.8843	-2.1914	-2.5031	-0.0054303	10234	2
MYO16	-2.0753	-2.193	-2.3399	-0.0095891	10235	2
PPP1R13L	-2.2784	-2.1933		-0.012379	10236	2
MECOM	-2.2823	-2.1948	-2.1335	-0.009329	10237	2
KRI1	-2.4926	-2.1949	-1.8475	-0.0046749	10238	2
NFE2L3	-2.2272	-2.1951	-2.1587	-0.012628	10239	2
PPP1CC	-2.307	-2.1967		-0.0095878	10240	2
NEU4	-2.3107	-2.1986		-0.0096112	10241	2
EIF3H	-1.9628	-2.2004	-2.4443	-0.0070285	10242	2
RSL24D1	-2.3502	-2.2005		-0.0093751	10243	2
GK5	-2.3399	-2.2008	-2.076	-0.0092972	10244	2
DTX2	-2.396	-2.2019		-0.010527	10245	2
LINC00467	-2.1141	-2.2037	-2.2353	-0.0075349	10246	2
HDDC2	-2.1377	-2.2048	-2.2507	-0.010781	10247	2
TYROBP	-1.9873	-2.2065	-2.4051	-0.0060151	10248	2
CCDC90B	-1.5739	-2.208	-2.9408	-0.002825	10249	2
C1orf198	-2.1595	-2.2092		-0.0086637	10250	2
ZFP36	-2.1737	-2.2094		-0.0082978	10251	2
PLPPR1	-1.9163	-2.2099		-0.0051924	10252	2
TMEM41B	-2.4804	-2.2113		-0.0091612	10253	2
ANKRD18B	-2.291	-2.2131	-2.1121	-0.012184	10254	2
NAXD	-2.3356	-2.2136		-0.0099927	10255	2
SLC11A2	-2.4082	-2.2137		-0.0084685	10256	2
ADAMTSL1	-2.3254	-2.2145	-2.0757	-0.01181	10257	2
CLEC16A	-2.3256	-2.2147	-2.128	-0.0048721	10258	2
NUDT7	-2.1671	-2.2153		-0.010363	10259	2
SHISA6	-2.1697	-2.2158		-0.012457	10260	2
MLPH	-2.3586	-2.2159	-2.1058	-0.010222	10261	2
INHBA	-2.3109	-2.2174	-2.1577	-0.010076	10262	2
SPATA6	-2.2894	-2.2175		-0.012888	10263	2
UBE2Q2P1	-2.303	-2.218		-0.012483	10264	2
ZNF213	-2.3341	-2.218	-2.1357	-0.0075231	10264	2
HCN2	-2.3368	-2.2186	-2.1305	-0.0072998	10266	2
MRPS31	-2.3298	-2.2189	-2.1167	-0.0065602	10267	2
ELOVL1	-2.351	-2.2193		-0.009832	10268	2
HIST1H2AM	-2.1959	-2.2199		-0.012816	10269	2
TMEM14B	-2.2777	-2.2202		-0.010138	10270	2
NDUFB9	-2.2512	-2.2204		-0.011544	10271	2
GEMIN5	-2.3685	-2.2213	-2.0472	-0.011572	10272	2
FPR1	-2.1274	-2.2242	-2.2974	-0.0086386	10273	2
OR2H1	-2.3316	-2.2246		-0.010861	10274	2
GALNT10	-1.9413	-2.225	-2.5181	-0.0059141	10275	2
DDX23	-2.5492	-2.227	-1.8772	-0.0070116	10276	2
CARD14	-2.3098	-2.2274		-0.014133	10277	2
PHACTR1	-2.3102	-2.2299		-0.012594	10278	2
ABI3	-2.2133	-2.2309		-0.0083937	10279	2
PDPR	-2.4932	-2.2335	-1.9364	-0.0080853	10280	2
AKAP14	-1.9307	-2.2356	-2.6415	-0.0057449	10281	2
LINC-PINT	-2.5015	-2.24	-1.9479	-0.0065889	10282	2
THAP1	-2.4695	-2.2407	-1.971	-0.0067162	10284	2
NTAN1	-2.1616	-2.2407		-0.01266	10284	2
HOXD9	-2.3655	-2.2409		-0.010339	10285	2
ZNF532	-2.3054	-2.2415		-0.012719	10286	2
CDC5L	-2.38	-2.242		-0.010688	10287	2
RPL14	-2.32	-2.2428		-0.014236	10288	2
DEFB115	-2.379	-2.2438		-0.012472	10289	2
SLC6A15	-2.366	-2.2438	-2.1023	-0.011403	10290	2
ADIRF	-1.9159	-2.2463	-2.6808	-0.0052596	10291	2
GCSHP3	-2.305	-2.2481		-0.01178	10292	2
NT5C3A	-2.0851	-2.2486	-2.4627	-0.0074665	10293	2
TBC1D2B	-2.3484	-2.2487	-2.1127	-0.011258	10294	2
GPR137B	-2.1158	-2.2491	-2.3811	-0.007997	10295	2
IMPA1	-2.4117	-2.2492	-2.1185	-0.0091057	10296	2
EVI2B	-2.1556	-2.2494	-2.3592	-0.0098415	10297	2
BCAN	-2.0565	-2.2498	-2.4626	-0.0066138	10298	2
VCX	-2.4438	-2.2503	-2.0085	-0.0075458	10299	2
MKLN1	-2.4834	-2.2509	-1.9735	-0.0047867	10300	2
C1orf21	-2.1017	-2.2511	-2.4331	-0.0079246	10301	2
DLK1	-2.3336	-2.2515		-0.0091605	10302	2
NUPR1	-1.9361	-2.2516	-2.6763	-0.0051966	10303	2
CEP350	-2.4888	-2.2542	-1.9883	-0.0060169	10304	2
MRRF	-2.3578	-2.2546	-2.2072	-0.0061802	10305	2
PKN2	-2.3826	-2.2548		-0.01127	10306	2
AP1AR	-2.3435	-2.2549		-0.008559	10307	2
PAX8	-2.2955	-2.2574	-2.2339	-0.0091938	10308	2
HAUS4	-2.3889	-2.2585		-0.012957	10309	2
UTP23	-2.4509	-2.2586		-0.0082968	10310	2
CYBRD1	-2.001	-2.2595	-2.5496	-0.0067335	10311	2
PCDHGA12	-2.2241	-2.2603		-0.012764	10312	2
MNDA	-1.9933	-2.2607		-0.006528	10313	2
C11orf1	-1.9933	-2.2611	-2.4982	-0.0061587	10314	2
PDCL	-2.3311	-2.2611	-2.1986	-0.011445	10314	2
NOL8	-2.3891	-2.2624		-0.010842	10316	2
EPN2	-2.2005	-2.263		-0.0099512	10317	2
GTF2IRD2	-2.1408	-2.2648		-0.010436	10318	2
SLC22A4	-2.2302	-2.265		-0.012925	10319	2
RMDN1	-2.2858	-2.265		-0.015756	10320	2
REL	-2.4659	-2.2664		-0.0099207	10321	2
MATN2	-2.1814	-2.2669	-2.3784	-0.011581	10322	2
TAF2	-2.4734	-2.2671	-2.0141	-0.0067415	10323	2
GPR146	-2.4002	-2.2682	-2.1472	-0.0074104	10324	2
BTBD3	-2.5032	-2.2698	-2.0045	-0.0084811	10325	2
VAPB	-2.3737	-2.2701	-2.1671	-0.0082078	10326	2
CYP7B1	-2.3276	-2.271		-0.0099802	10327	2
MAP3K10	-2.3636	-2.2721	-2.1553	-0.012206	10328	2
KLHL1	-2.1226	-2.2726	-2.4465	-0.0066221	10329	2
PDE5A	-2.2599	-2.2729		-0.012666	10330	2
DZANK1	-2.4744	-2.2741		-0.0093912	10331	2
SNCAIP	-2.4677	-2.2755	-2.0627	-0.0098767	10332	2
CEP135	-2.6517	-2.2755	-1.8793	-0.0065975	10333	2
FSCN2	-2.3645	-2.2762		-0.011458	10334	2
NCAPG2	-2.1051	-2.2788		-0.0079584	10335	2
EPB41L4A	-2.2962	-2.2794	-2.2562	-0.013528	10336	2
WWTR1	-2.2408	-2.2804	-2.311	-0.0094922	10337	2
OR7E14P	-2.2058	-2.2804		-0.011007	10338	2
SLC35E3	-2.2746	-2.2808		-0.012845	10339	2
SEC14L4	-2.3853	-2.2808		-0.010376	10340	2
TALDO1	-2.2294	-2.2814		-0.0086494	10341	2
RPSAP52	-2.4048	-2.2816		-0.01195	10342	2
MICAL3	-2.5159	-2.2821	-1.9945	-0.0078307	10343	2
PPM1D	-2.5419	-2.2824	-1.9816	-0.0078114	10344	2
HCK	-2.1163	-2.2835	-2.419	-0.0069842	10345	2
KIAA0930	-2.1542	-2.2841		-0.0089076	10346	2
KRTAP5-9	-2.4436	-2.2841		-0.008116	10347	2
SIRT7	-2.445	-2.2852	-2.1652	-0.0083263	10348	2
SEL1L3	-2.3801	-2.2875	-2.1665	-0.012362	10349	2
ZNF565	-2.4	-2.2876	-2.1792	-0.008387	10350	2
VPS8	-2.4042	-2.2881		-0.010998	10351	2
GARNL3	-2.3194	-2.2884		-0.010514	10352	2
BOD1L1	-2.5451	-2.2922	-1.9938	-0.0071788	10353	2
LINC02381	-2.1256	-2.2924	-2.4611	-0.0090988	10354	2
PLCXD1	-2.4834	-2.2931	-2.0833	-0.0053049	10355	2
B4GALT4	-2.4118	-2.2942		-0.0087785	10356	2
RFX4	-2.2137	-2.295		-0.0089452	10357	2
PNN	-2.3279	-2.2957		-0.013726	10358	2
RNF114	-2.0849	-2.2971	-2.5231	-0.0076739	10359	2
SH3BGRL	-2.3712	-2.2975	-2.2505	-0.0094771	10360	2
SHOC2	-2.473	-2.2985	-2.0876	-0.010146	10361	2
SMARCD2	-2.459	-2.3002	-2.1745	-0.0055921	10362	2
ZNF595	-2.5014	-2.3012		-0.01016	10363	2
NBEAL2	-2.3956	-2.3017		-0.010384	10364	2
LACTB	-2.1825	-2.3022	-2.4533	-0.0076067	10365	2
KHDC4	-2.5462	-2.3032	-2.0121	-0.0073996	10366	2
NOSTRIN	-2.3913	-2.3034	-2.2412	-0.010268	10367	2
CEP76	-2.5095	-2.3039	-2.0836	-0.0078499	10368	2
RPL10A	-2.1408	-2.304	-2.4855	-0.0072478	10369	2
ZFHX4-AS1	-2.1018	-2.3042	-2.4855	-0.0075499	10370	2
TMCC1	-2.4605	-2.305	-2.1533	-0.0074077	10371	2
LYPLAL1	-2.0423	-2.3059	-2.6064	-0.0061135	10372	2
CKM	-2.4262	-2.3072		-0.01279	10373	2
HSCB	-2.3424	-2.3074		-0.015968	10374	2
HPDL	-2.3483	-2.3088		-0.0093255	10375	2
TCEAL2	-2.4171	-2.3089		-0.01008	10376	2
SREBF1	-2.2008	-2.3092	-2.4448	-0.010132	10377	2
KRTAP19-2	-2.3108	-2.3093		-0.012355	10378	2
PPIL3	-2.5924	-2.3116	-1.9904	-0.0041344	10379	2
AGL	-2.4552	-2.3128	-2.129	-0.010585	10380	2
TMEM136	-2.053	-2.313	-2.4839	-0.0049995	10381	2
SMG9	-2.5319	-2.3138	-2.0738	-0.0088212	10382	2
DTNA	-2.2497	-2.3145		-0.010924	10383	2
MC1R	-2.4254	-2.3149	-2.2359	-0.0052544	10384	2
HADHB	-2.1997	-2.3169	-2.4115	-0.0092789	10385	2
FTCDNL1	-2.2757	-2.3172		-0.014016	10386	2
PEX2	-2.2734	-2.3181		-0.01005	10387	2
ARPC1B	-2.3116	-2.3182		-0.012453	10388	2
C18orf21	-2.4803	-2.3205	-2.1617	-0.0073605	10389	2
CD14	-2.3697	-2.3208		-0.013147	10390	2
CPZ	-2.352	-2.3221		-0.0097083	10391	2
ZFAND4	-2.4681	-2.3225	-2.1586	-0.011028	10392	2
HS3ST4	-2.3887	-2.3243	-2.247	-0.013413	10393	2
RHOBTB3	-2.2027	-2.3246		-0.0093285	10394	2
SLC41A1	-2.377	-2.3257		-0.014014	10395	2
RBM33	-2.4435	-2.3268		-0.012455	10396	2
ZCRB1	-2.0986	-2.3288		-0.006448	10397	2
PTPRE	-2.4152	-2.3305	-2.2654	-0.0097562	10398	2
DERA	-2.2376	-2.3314		-0.009519	10399	2
SP1	-2.4885	-2.3335		-0.01174	10400	2
LOC151174	-2.4859	-2.3339	-2.1757	-0.0070649	10401	2
NAALAD2	-2.7254	-2.3351	-1.8593	-0.0045038	10402	2
HIST1H2BD	-2.2507	-2.3354		-0.011964	10403	2
BNIP2	-2.1898	-2.3355	-2.5205	-0.0089309	10404	2
UBE2J1	-2.2926	-2.3366		-0.011227	10405	2
GS1-124K5.4	-2.1071	-2.3383	-2.5458	-0.0059022	10406	2
TRIM61	-2.3348	-2.339	-2.3354	-0.011928	10407	2
ACADM	-2.5137	-2.3394	-2.1547	-0.00898	10408	2
DHODH	-2.283	-2.3399		-0.012135	10409	2
TAGLN2	-2.3721	-2.3458	-2.3628	-0.011024	10410	2
FOXE3	-2.4264	-2.3462		-0.011492	10411	2
DIP2C	-2.5633	-2.3472	-2.0924	-0.0092384	10412	2
MRPL43	-2.1499	-2.35	-2.6084	-0.0067991	10413	2
MAD2L1BP	-2.4711	-2.35		-0.0107	10414	2
HIST1H2AK	-2.3755	-2.3515		-0.01174	10415	2
TMSB15A	-2.3829	-2.3528	-2.3175	-0.014118	10416	2
TANC2	-2.5239	-2.3537		-0.011142	10417	2
TLCD1	-2.2275	-2.3564		-0.0078525	10418	2
ALOX5	-2.0383	-2.3575	-2.69	-0.0052236	10419	2
EIF2AK2	-2.4639	-2.3581		-0.010704	10420	2
MS4A7	-2.2637	-2.3583	-2.459	-0.0081549	10421	2
NLGN1	-2.4334	-2.3594	-2.2545	-0.014037	10422	2
TROVE2	-2.4623	-2.3604		-0.012398	10423	2
CC2D2B	-2.1209	-2.3609	-2.6457	-0.0071866	10424	2
SMOC2	-2.4821	-2.3618	-2.2521	-0.0096372	10425	2
LETM1	-2.0628	-2.363	-2.683	-0.0053208	10426	2
RPP38	-2.422	-2.3631	-2.3215	-0.010178	10427	2
ASAP3	-2.3394	-2.3663	-2.3984	-0.011456	10428	2
STRIP2	-2.3986	-2.3675	-2.3514	-0.01427	10429	2
C16orf74	-2.1086	-2.369	-2.6343	-0.0059619	10430	2
HMGN5	-2.4395	-2.3695		-0.014172	10432	2
TKTL1	-2.4966	-2.3695		-0.010184	10432	2
PLEKHM1	-2.5574	-2.3704		-0.0073004	10433	2
IGFL4	-2.5288	-2.3705	-2.2073	-0.0090499	10434	2
GNRH1	-2.6887	-2.371	-1.9609	-0.0039011	10435	2
EMC10	-2.3874	-2.3713		-0.01518	10436	2
DDR2	-2.327	-2.376	-2.4212	-0.0083371	10437	2
JAK1	-2.5548	-2.3761	-2.1727	-0.0098317	10438	2
GAS2	-2.4998	-2.3772	-2.2884	-0.0046474	10439	2
PTH1R	-2.5194	-2.3775	-2.2655	-0.0097093	10440	2
LAPTM4A	-2.243	-2.3798	-2.4785	-0.0076727	10441	2
YWHAEP1	-2.336	-2.38		-0.011994	10442	2
STAMBP	-2.516	-2.3801		-0.0098997	10443	2
ARHGAP22	-2.4153	-2.3818	-2.3423	-0.011234	10444	2
GNG5	-2.271	-2.3849		-0.0090528	10445	2
SECTM1	-2.4509	-2.3855	-2.3166	-0.0087654	10446	2
MMRN2	-2.4196	-2.3859		-0.010457	10447	2
PLAT	-2.4705	-2.3868	-2.3115	-0.010476	10448	2
AFF1	-2.6021	-2.3915	-2.167	-0.0087699	10449	2
PRPH	-2.4645	-2.3924	-2.3396	-0.013326	10450	2
KCNMA1	-2.398	-2.3928	-2.3799	-0.011371	10451	2
TIAM1	-2.555	-2.3942	-2.1932	-0.010944	10452	2
SLFN11	-2.3986	-2.4023	-2.4136	-0.010965	10453	2
METTL3	-2.4865	-2.4047		-0.012364	10454	2
LINC02018	-2.4957	-2.4063		-0.013541	10455	2
SPTSSA	-2.2887	-2.4069	-2.5699	-0.0094133	10456	2
POLD1	-2.5192	-2.4095		-0.0071144	10457	2
PLXDC2	-2.3578	-2.4099	-2.4876	-0.013017	10458	2
SPIRE1	-2.7471	-2.4117		-0.0060985	10459	2
ROCK1	-2.5819	-2.412		-0.012014	10460	2
RPL10L	-2.3708	-2.4124		-0.01003	10461	2
HIST1H3C	-2.4069	-2.413		-0.012365	10462	2
DIS3L2	-2.6926	-2.414	-2.0173	-0.0043248	10463	2
SYNPO	-2.1978	-2.416	-2.6025	-0.0064664	10464	2
AXIN1	-2.4604	-2.4171		-0.013328	10465	2
MTRF1	-2.5008	-2.4171	-2.3452	-0.0068654	10466	2
SEC31A	-2.6421	-2.4181	-2.1995	-0.0070046	10467	2
KRT71	-2.5711	-2.4202		-0.012356	10468	2
CXCL12	-2.4989	-2.4226		-0.012278	10469	2
ZNF662	-2.6494	-2.4233	-2.1514	-0.010079	10470	2
RBM6	-2.5456	-2.4235		-0.011497	10471	2
GOLGA2P11	-2.5322	-2.4239		-0.010685	10472	2
H2BFS	-2.3485	-2.4248		-0.012535	10473	2
PUDP	-2.5533	-2.4255	-2.2769	-0.009339	10474	2
LINC00320	-2.2606	-2.4263	-2.5344	-0.0062086	10475	2
MLF1	-2.381	-2.4295	-2.4907	-0.014174	10476	2
NCAPD2	-2.605	-2.4295	-2.251	-0.0092023	10477	2
HIST1H1E	-2.6079	-2.4298	-2.2048	-0.0099115	10478	2
KCNJ9	-2.6467	-2.4298	-2.1591	-0.0085037	10479	2
FBXL22	-2.5569	-2.4325		-0.012277	10480	2
MPV17L	-2.548	-2.4326	-2.2802	-0.014781	10481	2
SERTAD3	-2.6077	-2.4331	-2.263	-0.0083756	10482	2
ZNF652	-2.6419	-2.4336		-0.01154	10483	2
TTR	-2.4407	-2.4341	-2.4284	-0.010962	10484	2
AP5M1	-2.6061	-2.4348	-2.2909	-0.0071248	10485	2
C1orf53	-2.3322	-2.4376	-2.4939	-0.009798	10486	2
USP2	-2.6083	-2.4387		-0.0072951	10487	2
ADAM28	-2.2146	-2.4397	-2.6503	-0.0070866	10488	2
PCDHGA3	-2.5936	-2.4398	-2.2373	-0.013453	10489	2
UXT	-2.3709	-2.4399		-0.010266	10490	2
ITGA1	-2.4964	-2.4411		-0.012979	10491	2
SCUBE2	-2.1268	-2.4418	-2.831	-0.0057349	10492	2
C14orf144	-2.4766	-2.4455		-0.010758	10493	2
IGFLR1	-2.4971	-2.4459	-2.3984	-0.011877	10494	2
GSTP1	-2.3266	-2.4465	-2.5246	-0.0070603	10495	2
CHD1	-2.6331	-2.4476	-2.2189	-0.009948	10496	2
MILR1	-2.13	-2.448	-2.8121	-0.0064818	10497	2
DNPEP	-2.3633	-2.449		-0.010121	10498	2
PPP1R37	-2.3961	-2.4491		-0.011146	10499	2
ELF4	-2.3071	-2.4502		-0.0087533	10500	2
TPP2	-2.8446	-2.4515	-2.0491	-0.0052854	10501	2
POMT1	-2.5795	-2.4522	-2.304	-0.012204	10502	2
SLC25A13	-2.6216	-2.4541	-2.293	-0.0090526	10503	2
TRNP1	-2.6349	-2.4552	-2.2486	-0.0096016	10504	2
NR2F2	-2.3189	-2.4563	-2.641	-0.0088897	10505	2
FAM114A1	-2.3726	-2.4579		-0.0099727	10506	2
NDUFAF6	-2.5739	-2.4584		-0.01133	10507	2
CIC	-2.5043	-2.4591	-2.4013	-0.014104	10508	2
EMP3	-2.2165	-2.4594	-2.716	-0.0066522	10509	2
PCYT1B	-2.294	-2.4601	-2.5821	-0.0091479	10510	2
NAA40	-2.6639	-2.461		-0.012511	10511	2
HPGD	-2.4768	-2.4618	-2.4565	-0.011042	10512	2
KRTCAP3	-2.7457	-2.4653	-2.1271	-0.0082792	10513	2
WNT7B	-2.0886	-2.4665	-2.9436	-0.0055459	10514	2
WARS	-2.6107	-2.4673	-2.3408	-0.011448	10515	2
ASAH1	-2.3467	-2.4676	-2.5776	-0.0098866	10516	2
RDH5	-2.8153	-2.4677	-2.0611	-0.0071128	10517	2
MCF2	-2.5559	-2.4681	-2.4368	-0.0076604	10518	2
BRSK1	-2.6913	-2.4686	-2.1954	-0.0082743	10519	2
CUX1	-2.6211	-2.4701	-2.2668	-0.0047051	10520	2
SEMA5A	-2.4399	-2.4726	-2.5157	-0.0098673	10521	2
BMP8A	-2.6568	-2.4732	-2.2492	-0.0098498	10522	2
OXT	-2.6452	-2.4762		-0.012443	10523	2
DDX3Y	-2.8888	-2.4763	-1.9879	-0.0049637	10524	2
CFAP61	-2.312	-2.4766		-0.010441	10525	2
PRICKLE4	-2.6229	-2.4777		-0.011481	10526	2
NUB1	-2.6852	-2.479	-2.2728	-0.0053038	10527	2
METRN	-2.4841	-2.4794	-2.4544	-0.012901	10528	2
OSBPL2	-2.6299	-2.4796	-2.3413	-0.0070597	10529	2
BDH2	-2.4054	-2.4797		-0.010686	10530	2
PCK2	-2.3245	-2.4798	-2.6645	-0.009725	10531	2
LOC100233156	-2.4819	-2.48	-2.4708	-0.013504	10532	2
ZNF764	-2.6268	-2.4806		-0.010561	10533	2
BBS9	-2.649	-2.4839		-0.01498	10534	2
HSD17B12	-2.4719	-2.4859		-0.01425	10535	2
RSAD2	-2.8102	-2.4873	-2.1174	-0.0072708	10536	2
CCDC159	-2.4097	-2.4897		-0.010467	10537	2
NACA	-2.4176	-2.4897	-2.5992	-0.0084444	10538	2
ANKRD9	-2.5975	-2.4901	-2.3791	-0.010755	10539	2
GIMAP7	-2.5873	-2.4905		-0.01082	10540	2
ECHDC2	-2.5403	-2.4912	-2.4154	-0.014063	10541	2
SBDSP1	-2.4379	-2.4951		-0.011826	10542	2
DOCK8	-2.2768	-2.4977	-2.7112	-0.0078344	10543	2
DPY19L3	-2.5141	-2.4989		-0.014103	10544	2
MKNK1	-2.5523	-2.5	-2.4308	-0.015884	10545	2
TMEM178A	-2.66	-2.5004		-0.0094756	10546	2
NPIPB2	-2.6021	-2.5032		-0.0118	10547	2
RPS2P32	-2.323	-2.5037	-2.6687	-0.0066844	10548	2
PCDHGB1	-2.7306	-2.5043		-0.013161	10549	2
GPC5	-2.2195	-2.5067	-2.8247	-0.0069501	10550	2
ATG4A	-2.6904	-2.5076	-2.351	-0.0078516	10551	2
MTHFD2	-2.5704	-2.5088	-2.4602	-0.012932	10552	2
TMEM51	-2.3233	-2.5104	-2.6942	-0.0082397	10553	2
APOPT1	-2.2881	-2.5107	-2.6967	-0.0049164	10554	2
AGO3	-2.8578	-2.5108		-0.0077747	10555	2
ZNF44	-2.8549	-2.5116		-0.0069661	10556	2
HLA-DRA	-2.332	-2.5139	-2.6754	-0.0080874	10557	2
HIST1H2BN	-2.4474	-2.515		-0.013616	10558	2
RPS15A	-2.3764	-2.5164	-2.6733	-0.0092646	10559	2
BROX	-2.6307	-2.5166		-0.013426	10560	2
HM13	-2.7497	-2.5202	-2.2532	-0.0083286	10561	2
CHCHD5	-2.3491	-2.5215	-2.6816	-0.0073368	10562	2
RGS1	-2.4187	-2.522	-2.622	-0.0096053	10563	2
PLIN3	-2.6489	-2.5235		-0.012493	10564	2
C11orf65	-2.3877	-2.5248		-0.009119	10565	2
CLPSL1	-2.5575	-2.5249		-0.0133	10566	2
PSMA3	-2.5466	-2.5261		-0.01296	10567	2
RAPGEF6	-2.6964	-2.528	-2.3079	-0.0075752	10568	2
LINC00889	-2.6693	-2.5304	-2.398	-0.0080958	10569	2
LINC00963	-2.6431	-2.5307	-2.4162	-0.0071679	10570	2
SLC16A5	-2.3232	-2.5325		-0.0082669	10571	2
TMBIM6	-2.3879	-2.5355		-0.0086088	10572	2
CHST14	-2.4386	-2.536		-0.010562	10573	2
CNTROB	-2.6924	-2.5364		-0.014216	10574	2
MXI1	-2.813	-2.5377	-2.2133	-0.0077416	10575	2
LOC728739	-2.4623	-2.5389		-0.013353	10576	2
ARHGEF10L	-2.7103	-2.5389	-2.3775	-0.0070195	10577	2
GLIPR1L2	-2.4111	-2.5394		-0.0098558	10578	2
BUD23	-2.6489	-2.5396		-0.012948	10579	2
UNC13C	-2.6829	-2.5401	-2.426	-0.011332	10580	2
H3.Y	-2.6864	-2.5413		-0.01387	10581	2
ANTXR2	-2.6117	-2.5423	-2.474	-0.009326	10582	2
RGS2	-2.7028	-2.5449	-2.4006	-0.0099089	10583	2
FRMD4A	-2.6951	-2.5461	-2.386	-0.0060942	10584	2
GCC2	-2.7167	-2.5502	-2.4044	-0.0052899	10585	2
PLAU	-2.6826	-2.5511	-2.3814	-0.015016	10586	2
FPGT	-2.7242	-2.553		-0.0099802	10587	2
RUNX2	-2.7725	-2.5534	-2.3153	-0.008489	10588	2
ARHGEF6	-2.5259	-2.5549	-2.5759	-0.015459	10589	2
CDKN2C	-2.6359	-2.5555	-2.4925	-0.012848	10590	2
RCL1	-2.775	-2.5576	-2.2752	-0.0054437	10591	2
LOC105378663	-2.7062	-2.56		-0.01045	10592	2
AK8	-2.5262	-2.5627		-0.011999	10593	2
VSIG10	-2.6745	-2.564	-2.4468	-0.0084031	10594	2
TMED4	-2.7313	-2.5643		-0.010708	10595	2
HIST1H2APS1	-2.6591	-2.5644		-0.012166	10596	2
EMP1	-2.3806	-2.5651	-2.7272	-0.0069954	10597	2
CCDC88B	-2.6795	-2.5663	-2.4109	-0.013767	10598	2
CENPJ	-2.6953	-2.5666	-2.4155	-0.0084263	10599	2
ZNF33B	-2.6275	-2.5683		-0.014576	10600	2
RIN2	-2.5824	-2.5694		-0.012944	10601	2
CBWD1	-2.9238	-2.5722	-2.1887	-0.0080312	10602	2
HRC	-2.7107	-2.5725	-2.4727	-0.0099193	10603	2
COX6A1	-2.5377	-2.5758		-0.012782	10604	2
FAM24B	-2.5653	-2.5775	-2.5901	-0.014841	10605	2
IFI27	-2.6817	-2.5776	-2.5103	-0.01047	10606	2
PERP	-2.6237	-2.5794	-2.5536	-0.012481	10607	2
CNTN5	-2.6721	-2.5798	-2.4533	-0.015939	10608	2
RPS26	-2.4813	-2.5798		-0.0090982	10609	2
CD68	-2.2896	-2.5809	-2.8477	-0.0060694	10610	2
MXD4	-2.6974	-2.584	-2.4369	-0.0147	10611	2
PIR	-2.4869	-2.5843		-0.0096761	10612	2
MYOM1	-2.2635	-2.5862	-2.9466	-0.006275	10613	2
SIGIRR	-2.3508	-2.5877	-2.769	-0.007435	10614	2
LLGL2	-2.6838	-2.5878		-0.014013	10615	2
LAMA3	-2.7344	-2.589	-2.4151	-0.011741	10616	2
FLJ42627	-2.7401	-2.5894	-2.4177	-0.0079474	10617	2
DHRSX	-2.5445	-2.5896		-0.01411	10618	2
TIFA	-2.7145	-2.5905	-2.4908	-0.0074067	10619	2
MAPKAPK2	-2.5698	-2.5907		-0.014006	10620	2
EDNRA	-2.7706	-2.5911	-2.3988	-0.0057586	10621	2
ELK4	-2.7253	-2.5913		-0.014831	10622	2
TMEM255B	-2.6729	-2.5913	-2.5623	-0.0093665	10623	2
ANGPT1	-2.5453	-2.5914	-2.6456	-0.0084985	10624	2
MPZL3	-2.7798	-2.5934	-2.3612	-0.0073456	10625	2
CD44	-2.6258	-2.5946	-2.5719	-0.012767	10626	2
TMEM220	-2.5	-2.5947		-0.010855	10627	2
KANK1	-2.3741	-2.5955		-0.0088392	10628	2
TMEM129	-2.5762	-2.5959		-0.010372	10629	2
RPS7	-2.6156	-2.5983		-0.015983	10630	2
ISCA2	-2.498	-2.5996		-0.01051	10631	2
CDK2AP1	-2.6763	-2.6002	-2.5273	-0.013816	10632	2
LUC7L	-2.7121	-2.6002		-0.01354	10633	2
TBC1D3P2	-2.7452	-2.601		-0.012967	10634	2
MEX3D	-2.7181	-2.6031		-0.013042	10635	2
TLK2	-2.7469	-2.6037		-0.009495	10636	2
ADAP2	-2.1989	-2.6041	-3.0318	-0.005314	10637	2
ZFHX3	-2.361	-2.6055	-2.8642	-0.0073736	10638	2
CYTH4	-2.2661	-2.6057	-2.9089	-0.0059843	10639	2
ABCA6	-2.8569	-2.6064	-2.3508	-0.0084998	10640	2
SLITRK6	-2.605	-2.6081	-2.6235	-0.010533	10641	2
PSD	-2.3118	-2.6084	-2.9192	-0.0062995	10642	2
KIF1C	-2.5552	-2.609		-0.014379	10643	2
DOK5	-2.5406	-2.6099		-0.011278	10644	2
SALL2	-2.6737	-2.6115		-0.014919	10645	2
C3orf62	-2.7752	-2.6124		-0.0082927	10646	2
NCS1	-2.6385	-2.6132		-0.014311	10647	2
TTC38	-2.3414	-2.6136		-0.0072157	10648	2
IQSEC3	-2.7076	-2.6168		-0.0099989	10649	2
NUCB2	-2.586	-2.6192		-0.014835	10650	2
RAP1B	-2.0466	-2.6195	-3.1901	-0.0037281	10651	2
TNFAIP8L3	-2.5287	-2.6228	-2.7306	-0.011368	10652	2
DYNLL2	-2.7893	-2.6234		-0.012745	10653	2
ISL1	-2.7678	-2.6245		-0.010615	10654	2
MGC16025	-2.8643	-2.6252	-2.4032	-0.008348	10655	2
UACA	-2.6805	-2.6261		-0.011952	10656	2
RPS6	-2.5193	-2.6299	-2.7597	-0.010419	10657	2
SLC6A8	-2.6887	-2.6304		-0.013035	10658	2
ECD	-2.8788	-2.6307		-0.0081384	10659	2
DSCAML1	-2.8146	-2.6309	-2.4435	-0.0099138	10660	2
RPP30	-2.4633	-2.6316		-0.0083211	10661	2
ATP6V0A4	-2.4094	-2.6355	-2.8105	-0.0061629	10662	2
ACTR3C	-2.5979	-2.6356	-2.6686	-0.011876	10663	2
CAMK2N2	-2.7008	-2.6366	-2.5647	-0.013983	10664	2
TRADD	-2.6843	-2.639	-2.5868	-0.014727	10665	2
KBTBD12	-2.7894	-2.6397	-2.4779	-0.0091253	10666	2
STARD10	-2.785	-2.6405	-2.5182	-0.0059662	10667	2
FAM111A	-2.4319	-2.6408	-2.8305	-0.0082611	10668	2
YEATS4	-2.9139	-2.6418	-2.2953	-0.0074243	10669	2
RHOC	-2.195	-2.6427	-3.1094	-0.00417	10670	2
PANX2	-2.775	-2.6454	-2.5478	-0.0062991	10671	2
FURIN	-2.7085	-2.6477		-0.012618	10672	2
GTPBP1	-2.8298	-2.649	-2.4141	-0.011028	10673	2
SSPN	-2.5206	-2.6498		-0.010302	10674	2
HMOX1	-2.5357	-2.6507	-2.7243	-0.010801	10675	2
ERBB3	-2.7557	-2.6511		-0.013487	10676	2
FYB1	-2.4402	-2.6516	-2.8376	-0.0064307	10677	2
PTPRS	-2.7345	-2.6528		-0.013025	10678	2
CH25H	-2.5741	-2.656	-2.7145	-0.0091594	10679	2
FOLR1	-2.4836	-2.6567	-2.8733	-0.0085767	10680	2
SPACA3	-2.6578	-2.6588	-2.6666	-0.013512	10681	2
PAX8-AS1	-2.6979	-2.6598	-2.6305	-0.01262	10682	2
PALD1	-2.578	-2.6613		-0.010538	10683	2
FGF1	-2.611	-2.6617		-0.01282	10684	2
CASP16P	-2.8312	-2.6621		-0.01224	10685	2
ZNF91	-2.7054	-2.6638		-0.015955	10686	2
DIS3L	-2.44	-2.6656		-0.0081954	10687	2
KLHL13	-2.616	-2.6665	-2.7529	-0.0092507	10688	2
BTG1	-2.664	-2.6668	-2.673	-0.013482	10689	2
VSTM1	-2.766	-2.6688	-2.6095	-0.013279	10690	2
TPRKB	-2.7942	-2.6696	-2.5651	-0.0094152	10691	2
PLIN2	-2.6736	-2.6734		-0.013998	10692	2
TRPM3	-2.82	-2.6735	-2.51	-0.0076005	10693	2
RAP2C-AS1	-2.8022	-2.6744		-0.01075	10694	2
NOS3	-2.8482	-2.6766		-0.012224	10695	2
RPL5	-2.6298	-2.6791		-0.0097269	10696	2
UHRF1BP1L	-3.0005	-2.6797	-2.3488	-0.0077052	10698	2
RORC	-2.7282	-2.6797		-0.011865	10698	2
EDIL3	-2.8815	-2.6801	-2.4786	-0.0083007	10699	2
SAMD1	-2.702	-2.6803		-0.014306	10700	2
SMCO4	-2.8545	-2.6813	-2.4973	-0.0084005	10701	2
ATAD1	-3.0294	-2.682	-2.262	-0.0064901	10702	2
MALL	-2.6832	-2.6848	-2.7142	-0.014226	10703	2
LYZL1	-2.7294	-2.6859		-0.010929	10704	2
TEFM	-2.7681	-2.6903		-0.01367	10705	2
CDHR3	-2.6856	-2.6912	-2.7166	-0.010026	10706	2
MAP1A	-2.7683	-2.6921		-0.014984	10707	2
CD300A	-2.5232	-2.6923	-2.8575	-0.0085248	10708	2
C15orf40	-2.4806	-2.6953		-0.0079752	10709	2
RGL2	-2.859	-2.6959		-0.011327	10710	2
TSEN54	-2.9135	-2.6971	-2.4516	-0.008567	10711	2
PCAT19	-2.7776	-2.6981	-2.6468	-0.010118	10712	2
PENK	-2.9723	-2.699	-2.386	-0.0073823	10713	2
AARS2	-2.783	-2.699	-2.5832	-0.015944	10714	2
CD86	-2.4564	-2.699	-2.9184	-0.0085209	10715	2
GMDS	-2.8149	-2.6993		-0.014386	10716	2
MIPOL1	-2.7513	-2.6995		-0.013706	10717	2
ALB	-2.7416	-2.7		-0.010875	10718	2
LOC284454	-2.7965	-2.7	-2.6446	-0.010127	10719	2
B3GALNT2	-3.0922	-2.7018	-2.2428	-0.0065244	10720	2
SCIN	-2.4949	-2.704	-2.9287	-0.009211	10721	2
PRKCH	-2.8424	-2.7049	-2.5822	-0.01151	10722	2
AKR7A2	-2.4523	-2.7068	-2.8681	-0.0054524	10723	2
CLMN	-2.9093	-2.7073		-0.011474	10724	2
CLCN2	-2.8595	-2.7076	-2.5244	-0.006776	10725	2
ZSCAN32	-2.8331	-2.7082		-0.01307	10726	2
C19orf25	-3.0156	-2.7092	-2.3151	-0.0063632	10727	2
GSN	-2.7534	-2.7096		-0.011078	10728	2
FAM133DP	-2.8739	-2.7098	-2.533	-0.0078545	10729	2
HIST1H2AG	-2.5915	-2.7103		-0.0098114	10730	2
IDH1	-2.6907	-2.7121		-0.01237	10731	2
DUSP8	-2.8401	-2.713	-2.5442	-0.011558	10732	2
NACA2	-2.7159	-2.713		-0.0093813	10733	2
AKT1	-2.935	-2.7144		-0.011325	10734	2
SAMD9	-2.4708	-2.7148	-2.9869	-0.0081905	10735	2
OXCT2	-2.8634	-2.7159	-2.5598	-0.0089504	10736	2
ACKR4	-2.8954	-2.7194		-0.0118	10737	2
FTL	-2.4527	-2.7204	-2.9618	-0.0063839	10738	2
BTF3L4	-2.8461	-2.7205	-2.5808	-0.012955	10739	2
SQOR	-2.5904	-2.726	-2.7494	-0.0072114	10740	2
TBX2-AS1	-2.8121	-2.7271		-0.012167	10741	2
CTPS2	-3.0135	-2.7275	-2.3866	-0.01003	10742	2
HCG4	-2.9863	-2.7279	-2.4029	-0.0090757	10743	2
SMARCC1	-2.8934	-2.7296	-2.5283	-0.014214	10744	2
ZNF185	-2.4801	-2.7309		-0.007177	10745	2
LINC01315	-2.5674	-2.7356	-2.8685	-0.0088432	10746	2
ALG9	-2.766	-2.7373		-0.012996	10747	2
SLC2A5	-2.4965	-2.7374	-2.9666	-0.0081213	10748	2
NEURL3	-3.1395	-2.7397		-0.0075305	10749	2
RHPN1	-2.8586	-2.7407		-0.014492	10750	2
ABCA1	-2.6511	-2.742		-0.012345	10751	2
TANC1	-2.8824	-2.7433	-2.6015	-0.012255	10752	2
KCNH8	-2.9724	-2.7435	-2.5333	-0.011751	10753	2
RBPMS	-2.817	-2.7446		-0.012318	10754	2
ZNF599	-2.7988	-2.7454		-0.012405	10755	2
F3	-2.5766	-2.7456		-0.0098579	10756	2
C6orf47	-3.0908	-2.7469	-2.2487	-0.0038079	10757	2
CHST9	-2.6037	-2.7496	-2.8972	-0.0097458	10758	2
PDE3A	-2.7707	-2.7529	-2.7381	-0.017474	10759	2
ATP8B3	-2.8315	-2.7543		-0.010847	10760	2
BHLHE22	-2.8509	-2.7563	-2.6584	-0.013854	10761	2
SEC61B	-2.7199	-2.7567		-0.015671	10762	2
XYLT2	-2.9398	-2.757	-2.5573	-0.0054864	10763	2
EMILIN2	-2.8266	-2.7574	-2.7122	-0.014063	10764	2
MPC1	-2.8359	-2.7591	-2.7313	-0.010591	10765	2
LINC01094	-2.5167	-2.7596	-3.0495	-0.0068705	10766	2
LACTB2	-2.7442	-2.7597	-2.7599	-0.014632	10767	2
SDHAF4	-2.786	-2.7637		-0.013885	10768	2
NDUFAF7	-3.0108	-2.7647	-2.4696	-0.010466	10769	2
ALDH7A1	-2.4895	-2.7654	-3.0686	-0.0077474	10770	2
SNPH	-2.8178	-2.7675		-0.013963	10771	2
NR4A2	-2.8469	-2.772	-2.7447	-0.012496	10772	2
PTGDS	-2.6903	-2.7746		-0.0099366	10773	2
USP8	-2.9121	-2.7755		-0.013837	10774	2
ZNF462	-2.7676	-2.7774		-0.01755	10775	2
TSTD3	-2.6301	-2.7784	-2.9312	-0.0078811	10776	2
TRIM58	-2.8797	-2.7791	-2.713	-0.010867	10777	2
C5orf24	-3.0109	-2.78	-2.4962	-0.0080842	10778	2
PPIG	-3.0147	-2.7808	-2.5589	-0.0081399	10779	2
PMP2	-2.6893	-2.7832		-0.011329	10780	2
BCKDHB	-2.5927	-2.7833		-0.0090469	10781	2
RCBTB2	-2.7206	-2.7833		-0.0131	10782	2
HTRA3	-2.7443	-2.7858		-0.010108	10783	2
TIMELESS	-2.8634	-2.7866		-0.011867	10784	2
TBC1D16	-2.9623	-2.7891	-2.613	-0.0080673	10785	2
AASS	-2.665	-2.7902		-0.0087431	10786	2
PRKD3	-2.6405	-2.7912		-0.0098714	10787	2
C2orf70	-2.816	-2.7912	-2.7957	-0.016013	10788	2
HEPACAM	-2.479	-2.7912	-3.1235	-0.0074683	10788	2
SRPX	-2.9055	-2.7926	-2.6628	-0.015693	10790	2
RLIM	-2.83	-2.7949	-2.7453	-0.017744	10791	2
TBC1D17	-2.8887	-2.7963		-0.012706	10792	2
MRPL34	-2.8466	-2.7973	-2.762	-0.0088488	10793	2
ASAH2B	-3.19	-2.7981	-2.3569	-0.0074893	10794	2
HELB	-2.848	-2.7985		-0.013092	10795	2
PPP1R16A	-2.8368	-2.7992	-2.7375	-0.014025	10796	2
TRIM49B	-2.8293	-2.8048		-0.010327	10797	2
MAGI2-AS3	-3.0398	-2.8065	-2.4213	-0.0033217	10798	2
ADI1	-2.5301	-2.8078	-3.1153	-0.0072619	10799	2
PLCD3	-2.8428	-2.8087	-2.7478	-0.014897	10800	2
NIN	-2.8169	-2.8088		-0.015576	10801	2
AZGP1	-2.9463	-2.81	-2.7071	-0.0086371	10802	2
BRAT1	-2.9344	-2.8115		-0.012192	10803	2
CHST12	-3.0871	-2.8126	-2.4912	-0.0074216	10804	2
ABCB7	-3.17	-2.8132	-2.3948	-0.0077754	10805	2
IGFBPL1	-2.7516	-2.8157	-2.8585	-0.015597	10806	2
HEG1	-2.8957	-2.8159		-0.013804	10807	1
MGC16275	-2.7226	-2.8162		-0.012728	10808	1
OLFML2A	-2.9203	-2.8185		-0.012511	10809	1
MPST	-2.744	-2.8216		-0.011599	10810	1
PABPC1	-2.8543	-2.8229	-2.7849	-0.017579	10811	1
TMED10P1	-2.7982	-2.824		-0.0080939	10812	1
SLC25A39	-2.9841	-2.8249		-0.014644	10813	1
ARPC5L	-2.8393	-2.8254		-0.01126	10814	1
RERGL	-2.92	-2.8259	-2.7482	-0.012555	10815	1
RAB29	-2.7266	-2.8273	-2.8948	-0.011378	10816	1
PDPN	-2.9214	-2.8273		-0.0123	10817	1
FAAP20	-2.8873	-2.8313		-0.01296	10818	1
INIP	-3.0263	-2.8317	-2.642	-0.0061665	10819	1
SMAD7	-2.989	-2.8317	-2.6587	-0.0082667	10820	1
EEPD1	-3.0579	-2.834	-2.5928	-0.0052659	10821	1
CLMP	-3.0621	-2.8342	-2.5975	-0.007133	10822	1
ACO1	-2.8841	-2.8353	-2.8102	-0.014334	10823	1
PTPRD	-3.22	-2.8361	-2.4344	-0.0074682	10824	1
ALG8	-2.708	-2.8386	-2.968	-0.0088248	10825	1
SLC4A2	-2.8891	-2.8402		-0.012003	10826	1
TMEM218	-2.6372	-2.8414	-3.0139	-0.008579	10827	1
MEIKIN	-3.0532	-2.8433		-0.012539	10828	1
AMZ1	-2.8359	-2.8465	-2.8485	-0.0077645	10829	1
MTG2	-3.1541	-2.8522	-2.5066	-0.0074163	10830	1
CXorf56	-2.95	-2.8528		-0.0138	10831	1
RIPOR1	-2.941	-2.8544		-0.012979	10832	1
ECSCR	-2.9939	-2.8546		-0.015075	10833	1
HIST3H2BB	-2.7977	-2.8575		-0.013889	10834	1
RELT	-2.9384	-2.8577	-2.8539	-0.0081195	10835	1
TMCC3	-2.9338	-2.8647		-0.012995	10836	1
WDFY2	-2.7414	-2.865		-0.011695	10837	1
LOC102723968	-2.9757	-2.8656		-0.01148	10838	1
NR2F2-AS1	-2.7572	-2.8675	-2.9895	-0.011503	10839	1
RAMP1	-2.7378	-2.8693		-0.0097765	10840	1
SLC2A11	-2.9911	-2.8694	-2.7847	-0.010905	10841	1
ARGLU1	-2.8202	-2.8696		-0.011425	10842	1
YARS	-3.0198	-2.8747	-2.7728	-0.0068442	10843	1
AKR7L	-2.5714	-2.877	-3.1069	-0.0059743	10844	1
RNF216P1	-2.9277	-2.8776		-0.013233	10845	1
C2orf68	-3.0355	-2.8796	-2.6832	-0.01304	10846	1
NOS1	-2.7356	-2.88	-3.0212	-0.010972	10847	1
HLA-DMB	-2.5925	-2.8811	-3.1586	-0.0071026	10848	1
FCGR1B	-2.542	-2.8811	-3.2052	-0.0067755	10849	1
MYMX	-2.9624	-2.8817	-2.8173	-0.011319	10850	1
PHF12	-3.1847	-2.8824	-2.5086	-0.0088851	10851	1
ERCC4	-3.2506	-2.8842	-2.456	-0.0058511	10852	1
C3	-2.6994	-2.8861	-2.9884	-0.0076384	10853	1
L2HGDH	-3.1279	-2.8862	-2.5185	-0.0045449	10854	1
ARL5A	-3.1475	-2.8866	-2.5648	-0.011177	10855	1
EEF1G	-2.7569	-2.8867		-0.0098501	10856	1
STK31	-2.8718	-2.8889		-0.015378	10857	1
PAXBP1	-3.1459	-2.8891		-0.011459	10858	1
GPAM	-2.7606	-2.8895		-0.011219	10859	1
LEMD2	-3.2061	-2.8912	-2.518	-0.0086549	10860	1
LYPLA1	-2.9842	-2.8923		-0.011122	10861	1
RPL13AP6	-2.8656	-2.8957		-0.013279	10862	1
TNS1	-3.0818	-2.8986	-2.7327	-0.01292	10863	1
CCNL1	-3.089	-2.8989	-2.6827	-0.012681	10864	1
AXL	-2.7562	-2.8996		-0.0093912	10865	1
GRAMD2B	-2.9691	-2.9011		-0.016528	10866	1
THG1L	-3.0259	-2.902	-2.7586	-0.0093146	10867	1
PFDN6	-2.843	-2.9021		-0.012552	10868	1
GATD1	-2.8679	-2.9065		-0.01338	10869	1
LEAP2	-3.1555	-2.9075	-2.5402	-0.0051783	10870	1
KIZ	-3.0828	-2.9118	-2.7628	-0.014164	10871	1
MED11	-2.9903	-2.9126	-2.8806	-0.01034	10872	1
RASGRP3	-3.0069	-2.9144		-0.013206	10873	1
PCDHGC3	-2.7619	-2.9145	-3.0814	-0.010483	10874	1
SDHD	-2.9875	-2.9165		-0.015237	10875	1
IGLL1	-3.0977	-2.9166	-2.662	-0.0047069	10876	1
CXCR4	-2.7246	-2.9169	-3.0382	-0.0084235	10877	1
CLEC2B	-3.0615	-2.9194		-0.010645	10878	1
CCDC152	-2.9898	-2.9198	-2.8489	-0.015002	10879	1
MYBPH	-2.9761	-2.9215		-0.014236	10880	1
GPR183	-2.822	-2.9223	-3.0272	-0.010515	10881	1
MPDU1	-3.0225	-2.9225		-0.012282	10882	1
USP53	-3.0806	-2.9234		-0.013442	10883	1
FAM177A1	-2.982	-2.9239		-0.011113	10884	1
DSP	-2.926	-2.9254	-2.9159	-0.01229	10885	1
CSPG4	-2.7494	-2.9271	-3.1308	-0.0074034	10886	1
RNF152	-3.0281	-2.9271	-2.8384	-0.01666	10887	1
TRDMT1	-3.0193	-2.9275		-0.011635	10888	1
GLRX3	-2.9758	-2.9278	-2.898	-0.013608	10889	1
SECISBP2	-3.2217	-2.9278	-2.5494	-0.006574	10890	1
KLHL36	-3.0288	-2.9306	-2.7778	-0.014683	10891	1
MAPKAPK5-AS1	-2.8306	-2.9308		-0.0078803	10892	1
GAL3ST4	-2.8617	-2.932	-3.0013	-0.011582	10893	1
SLC4A7	-3.037	-2.9327	-2.779	-0.012753	10894	1
PCMTD1	-3.1585	-2.9333		-0.013348	10895	1
IL13RA1	-2.8096	-2.9349	-2.9818	-0.0080793	10896	1
LOC100507516	-2.4589	-2.935	-3.5634	-0.0062464	10897	1
SMC4	-2.9455	-2.9372		-0.015328	10898	1
APLN	-2.7807	-2.938	-3.1195	-0.0086991	10899	1
SLC38A5	-3.051	-2.9418	-2.8846	-0.012387	10900	1
RAD51B	-2.8714	-2.9424		-0.0090925	10901	1
TMEM45B	-3.0417	-2.9435	-2.875	-0.014331	10902	1
RHOQ	-3.0797	-2.9438	-2.783	-0.011661	10903	1
SLC24A1	-2.8628	-2.9442		-0.012748	10904	1
LDOC1	-2.809	-2.9455	-3.1252	-0.010141	10905	1
FBXO21	-3.142	-2.9471	-2.7192	-0.0096956	10906	1
IFNAR2	-3.0871	-2.9477	-2.8257	-0.010581	10907	1
F2RL1	-3.069	-2.9487		-0.014191	10908	1
NSRP1	-3.0215	-2.9515	-2.8943	-0.011942	10909	1
TTPA	-2.682	-2.9524	-3.2335	-0.0079091	10910	1
THSD4	-3.3252	-2.9533	-2.4545	-0.0055838	10911	1
SNED1	-3.0755	-2.9551		-0.015173	10912	1
CERK	-3.1829	-2.9552	-2.7114	-0.0057914	10913	1
KLC4	-3.1765	-2.9558	-2.6617	-0.011259	10914	1
ACTL6A	-2.9695	-2.9558		-0.011385	10915	1
CENPB	-2.8997	-2.9562		-0.015009	10916	1
CCAR1	-3.066	-2.9566		-0.016097	10917	1
RELL1	-3.0217	-2.9583	-2.9105	-0.015448	10918	1
EGLN1	-2.8098	-2.9603	-3.152	-0.011393	10919	1
CMC2	-3.0687	-2.9617	-2.8822	-0.012242	10920	1
HSPA5	-2.894	-2.9632	-3.0557	-0.012022	10921	1
RBM27	-3.1144	-2.9638	-2.7785	-0.013507	10922	1
HMGCS2	-3.1403	-2.9671		-0.013484	10923	1
NDUFV3	-2.9744	-2.9692		-0.016063	10924	1
EXOG	-3.1713	-2.9697	-2.7004	-0.011393	10925	1
FAM133B	-3.1657	-2.9707		-0.010282	10926	1
GALK2	-3.1943	-2.9707	-2.6857	-0.010431	10926	1
RPL30	-2.871	-2.972		-0.012306	10928	1
RPL6	-2.9201	-2.9738	-3.0405	-0.014495	10929	1
HERC3	-3.2777	-2.9774	-2.6204	-0.0079735	10930	1
KRTAP5-8	-3.097	-2.9812		-0.012892	10931	1
LONRF3	-3.0898	-2.9814	-2.8385	-0.014527	10932	1
LUZP2	-2.4772	-2.9818	-3.6478	-0.0052159	10933	1
POLR2J4	-2.9289	-2.9835		-0.011558	10934	1
STAG3	-2.7875	-2.9844		-0.010958	10935	1
APIP	-3.2416	-2.9853	-2.6974	-0.0093418	10936	1
PRKCA	-3.1968	-2.9856	-2.7318	-0.011653	10937	1
ACSL6	-3.0834	-2.9862	-2.9523	-0.0086344	10938	1
GFAP	-2.8859	-2.9871	-3.0796	-0.011077	10939	1
MRVI1	-2.8891	-2.9896	-3.0892	-0.012039	10940	1
TENM4	-3.169	-2.9907	-2.7982	-0.010049	10941	1
ABCC1	-3.0602	-2.9911	-2.9671	-0.0068361	10942	1
CTCF	-3.3564	-2.9924		-0.0077004	10943	1
MAP3K8	-3.1169	-2.9928	-2.931	-0.013059	10944	1
COA4	-2.9071	-2.9945		-0.0092894	10945	1
RPL23AP7	-2.8056	-2.9957		-0.009859	10946	1
BLMH	-3.0969	-2.9961	-2.9617	-0.0086704	10947	1
HIST1H2AD	-2.9395	-2.9977	-3.0593	-0.010542	10948	1
ANKRD44	-3.1585	-2.9984		-0.016438	10949	1
MSN	-2.7995	-2.9989	-3.1338	-0.0094262	10950	1
MYO9B	-3.0998	-3		-0.012592	10951	1
MTHFD2L	-3.1046	-3.0003	-2.8645	-0.016078	10952	1
TCN2	-3.1668	-3.0008		-0.011187	10953	1
DISP1	-3.091	-3.0017		-0.014074	10954	1
HIST1H2BJ	-2.8313	-3.0046		-0.011481	10955	1
HLA-L	-3.0692	-3.0051		-0.013383	10956	1
AGPAT5	-2.9739	-3.0067		-0.014734	10957	1
FBP1	-2.8644	-3.0082	-3.1936	-0.0091932	10958	1
RPL28	-2.8321	-3.009	-3.1292	-0.0088326	10959	1
FKBP7	-3.1426	-3.0092	-2.9127	-0.00916	10960	1
NEXN	-3.0817	-3.0113	-2.9729	-0.010189	10962	1
RPS6KA1	-3.1089	-3.0113		-0.013684	10962	1
GNPTG	-3.1307	-3.0162	-2.9011	-0.012985	10963	1
FBXO15	-2.8332	-3.0164	-3.0939	-0.008743	10964	1
ANXA2P1	-2.923	-3.0166		-0.010826	10965	1
HMGXB3	-3.2733	-3.02		-0.010591	10966	1
WIPI1	-3.0976	-3.0202		-0.01438	10967	1
IDE	-3.1697	-3.0248	-2.8375	-0.0045114	10968	1
LAMB2	-2.9915	-3.0261		-0.013265	10969	1
ACSBG1	-2.8977	-3.0285		-0.010828	10970	1
MLLT1	-3.0583	-3.0306	-3.0309	-0.010766	10971	1
MYLK	-3.1001	-3.032	-2.9771	-0.012828	10972	1
CDK19	-3.2265	-3.0346	-2.7878	-0.013964	10973	1
ENTPD1	-2.8996	-3.0356		-0.0099157	10974	1
PARD6G	-3.144	-3.0379		-0.011577	10975	1
CXorf36	-3.1595	-3.038	-2.9805	-0.013716	10976	1
CACNA1E	-2.9815	-3.0391	-3.1055	-0.014804	10977	1
LOC284009	-3.3373	-3.0397		-0.012077	10978	1
HIST1H2BM	-2.9128	-3.0448		-0.011654	10979	1
MIS18BP1	-3.168	-3.0461	-2.8979	-0.0088617	10980	1
SEMA3G	-3.0809	-3.0473		-0.016474	10981	1
LOC100506476	-3.2347	-3.0474		-0.011789	10982	1
MUC4	-3.1606	-3.0485		-0.0095116	10983	1
PPIC	-3.1103	-3.0518		-0.017179	10984	1
TRAF3IP3	-2.8155	-3.0522	-3.2175	-0.0072096	10985	1
BBX	-3.2113	-3.0543		-0.013627	10986	1
RPL29P2	-2.7933	-3.0574	-3.3089	-0.0068951	10987	1
ARHGEF40	-2.6101	-3.0577	-3.4758	-0.0054352	10988	1
LOC105370333	-3.1155	-3.0583	-3.0252	-0.014353	10989	1
FAM181B	-2.9267	-3.0603		-0.010863	10990	1
MGAT1	-3.191	-3.0614	-2.9387	-0.011804	10991	1
ETFA	-2.9896	-3.062		-0.013859	10992	1
TMEM120B	-3.1955	-3.0651	-2.895	-0.009946	10993	1
HIVEP3	-3.1031	-3.0657		-0.017199	10994	1
APBB1IP	-2.6667	-3.0663	-3.5271	-0.0067943	10995	1
RPEL1	-3.326	-3.0668		-0.0062543	10996	1
CAVIN3	-3.01	-3.0676	-3.1416	-0.013773	10997	1
SIGLEC11	-2.7723	-3.0686	-3.4135	-0.0084072	10998	1
DNAJB2	-2.939	-3.0689		-0.010908	10999	1
FAM133CP	-3.2943	-3.0726		-0.01161	11000	1
CUEDC1	-3.0552	-3.0727		-0.013357	11001	1
HIST1H2BH	-2.9459	-3.0736		-0.012275	11002	1
RPN2	-2.9396	-3.0778	-3.2648	-0.010876	11003	1
ANKRD20A9P	-3.2563	-3.0787		-0.010805	11004	1
PAQR6	-3.1012	-3.0804	-3.0795	-0.015301	11005	1
DNAJC28	-3.2397	-3.0808	-2.8809	-0.0086251	11006	1
ZCCHC10	-3.332	-3.0828	-2.7747	-0.010231	11007	1
TLR2	-2.7227	-3.0833	-3.4411	-0.006857	11008	1
DNAJC25	-3.262	-3.084	-2.9145	-0.0069454	11009	1
FAM46A	-2.8204	-3.0846	-3.3542	-0.0080927	11010	1
PLEK	-3.0707	-3.0863		-0.014364	11011	1
PHGDH	-2.7872	-3.0882	-3.3708	-0.008067	11012	1
ALS2CR12	-3.1875	-3.0887	-2.9863	-0.013124	11013	1
DCXR	-3.0952	-3.0893		-0.01623	11014	1
HEATR3	-3.2849	-3.0894	-2.8518	-0.011144	11015	1
RASSF2	-3.147	-3.0908		-0.016141	11016	1
CCDC136	-3.3684	-3.0914	-2.73	-0.0094308	11017	1
MEG3	-3.0867	-3.0915		-0.0174	11018	1
ERC1	-3.0716	-3.0927	-3.1071	-0.015193	11019	1
ANKRD20A11P	-3.1745	-3.0931	-3.0526	-0.013281	11020	1
BARD1	-3.1649	-3.0966	-2.9941	-0.015248	11021	1
WSB1	-3.296	-3.1001		-0.012038	11022	1
GTF2H5	-2.3584	-3.1057	-3.9574	-0.0043544	11023	1
FAM69C	-3.0921	-3.108		-0.015598	11024	1
CRTAP	-3.2874	-3.1096		-0.016197	11025	1
NCR2	-3.1255	-3.1134		-0.013712	11026	1
KRBA1	-3.2618	-3.1136	-2.9512	-0.0094636	11027	1
ABHD3	-3.2853	-3.1136	-2.8869	-0.015277	11028	1
JPX	-3.0323	-3.1144		-0.013895	11029	1
SYK	-2.962	-3.1149	-3.2233	-0.0093108	11030	1
TET2	-3.2228	-3.1161	-2.9591	-0.01674	11031	1
COL1A2	-3.1545	-3.1198		-0.014859	11032	1
SEPHS2	-3.3723	-3.1204	-2.7967	-0.0091951	11033	1
AP3B1	-3.1009	-3.1206		-0.01393	11034	1
NARS	-3.2451	-3.1212	-3.0743	-0.0071782	11035	1
THBS4	-3.1113	-3.1217	-3.0961	-0.013083	11036	1
KSR1	-3.0854	-3.1217		-0.013956	11036	1
PGLS	-2.9844	-3.1234	-3.2337	-0.0089245	11038	1
LINC00842	-3.1248	-3.1271	-3.1229	-0.015406	11039	1
LILRB4	-2.892	-3.1318	-3.3567	-0.0095455	11040	1
TSPO	-3.0918	-3.1332	-3.137	-0.012677	11041	1
LMCD1	-3.1528	-3.1351	-3.121	-0.012058	11042	1
ZNF37BP	-3.4557	-3.1353	-2.7734	-0.0081344	11043	1
PLAGL1	-3.4137	-3.1373	-2.792	-0.0051009	11044	1
ATP6AP1L	-3.4001	-3.1383		-0.01185	11045	1
CLPS	-3.167	-3.1388	-3.14	-0.011262	11046	1
ZNF562	-3.2995	-3.1396	-2.9482	-0.0088661	11047	1
POU3F3	-3.356	-3.141	-2.9309	-0.0094664	11048	1
OST4	-2.3114	-3.1428	-4.1077	-0.0037335	11049	1
FAM13A-AS1	-3.5504	-3.1434	-2.6843	-0.0071359	11050	1
TBC1D31	-3.1827	-3.1434		-0.01629	11051	1
DDX11	-3.2585	-3.1446	-3.0624	-0.006705	11052	1
NAGA	-3.1376	-3.1448		-0.016403	11053	1
RRM2B	-3.3988	-3.1454	-2.9171	-0.0071197	11054	1
IGSF6	-2.8943	-3.1473	-3.3454	-0.0095068	11055	1
CEP152	-3.4526	-3.1485	-2.7925	-0.0060335	11056	1
FBLN2	-2.7319	-3.1533	-3.6774	-0.0070228	11057	1
PDZD8	-3.3276	-3.1559	-2.9805	-0.010438	11058	1
GRAMD1B	-3.3612	-3.1565	-2.954	-0.0059031	11059	1
UXS1	-3.4574	-3.1581	-2.8901	-0.011537	11060	1
MLKL	-3.1342	-3.1588		-0.017383	11061	1
DMRTC2	-3.1902	-3.1596		-0.014744	11062	1
RPL19P12	-3.1	-3.1622		-0.010354	11063	1
LOC652276	-3.3779	-3.163		-0.0080022	11064	1
PFN1P2	-3.3254	-3.1651		-0.01484	11065	1
GOLGA2P5	-3.3738	-3.1658		-0.0099025	11066	1
SLC50A1	-3.296	-3.168		-0.013342	11067	1
LOC100294145	-3.4232	-3.1713	-2.8868	-0.0059617	11068	1
LPAR2	-3.3458	-3.1721	-3.0641	-0.0098358	11069	1
TPTE	-3.2635	-3.1725	-3.0697	-0.016082	11070	1
AMD1	-3.5309	-3.1729	-2.7589	-0.0079087	11071	1
SOCS2	-3.2971	-3.1744		-0.015294	11072	1
DNMT3A	-3.3228	-3.1765	-2.996	-0.011071	11073	1
PDIA3	-3.1342	-3.1779		-0.013473	11074	1
ZFP36L1	-2.8064	-3.1782	-3.5156	-0.0065249	11075	1
TOP1MT	-3.134	-3.1797	-3.2116	-0.016162	11076	1
FCGRT	-3.0232	-3.1811	-3.2921	-0.011281	11077	1
GPRC5C	-3.0248	-3.1812	-3.3451	-0.010791	11078	1
PLEKHH2	-3.2429	-3.182	-3.1595	-0.01554	11079	1
CDK5RAP2	-3.352	-3.1827	-2.9629	-0.01829	11080	1
LY9	-3.2532	-3.1851		-0.010845	11081	1
RRAD	-3.4188	-3.1907		-0.012683	11082	1
NFATC2IP	-3.3329	-3.1913	-3.0795	-0.0082891	11083	1
TPR	-3.3789	-3.1918	-2.9375	-0.014756	11084	1
TIMP1	-2.6841	-3.1931	-3.7235	-0.0059972	11085	1
FANK1	-3.1633	-3.1938	-3.205	-0.013078	11086	1
AIM2	-3.3018	-3.1939	-3.0575	-0.015582	11087	1
ESF1	-3.332	-3.1942		-0.014204	11088	1
VPS13C	-3.3868	-3.1958		-0.01262	11089	1
DEF6	-3.1911	-3.1959	-3.1968	-0.016086	11090	1
PBLD	-3.0972	-3.1961		-0.012181	11091	1
CAPZB	-2.9955	-3.1974	-3.3387	-0.0074912	11092	1
PSMA4	-3.2858	-3.1983	-3.1561	-0.014158	11093	1
CLEC4M	-3.2704	-3.2007	-3.1892	-0.011543	11094	1
ASCC3	-3.267	-3.2021		-0.016319	11095	1
WDR93	-3.4309	-3.2027		-0.014054	11096	1
INO80E	-3.3543	-3.2052		-0.01329	11097	1
MTMR9LP	-2.8528	-3.2054	-3.537	-0.0071064	11098	1
DTX2P1-UPK3BP1-PMS2P11	-3.302	-3.2056		-0.016808	11099	1
FBLIM1	-3.3525	-3.2069	-3.0516	-0.010588	11100	1
ZNF629	-3.434	-3.2076	-2.9257	-0.010565	11101	1
PCDH7	-3.3206	-3.2079	-3.0687	-0.0082241	11102	1
TIMP3	-2.9554	-3.2106	-3.4613	-0.0096729	11103	1
FLT1	-3.3387	-3.2107	-3.1039	-0.010321	11104	1
COMP	-3.2125	-3.2115	-3.1888	-0.014492	11105	1
LOC101927550	-3.345	-3.2116		-0.016579	11106	1
LINC00674	-3.1154	-3.2123	-3.3133	-0.012683	11107	1
GAREM2	-3.0547	-3.2136		-0.010816	11108	1
EPHA7	-3.372	-3.2152	-3.0161	-0.01425	11109	1
THAP6	-3.4092	-3.2172		-0.015023	11110	1
PRPF38B	-3.3007	-3.2217		-0.016566	11111	1
C20orf96	-3.4032	-3.2219		-0.012845	11112	1
GBP3	-3.2331	-3.2233		-0.015492	11113	1
PMS2P3	-3.3734	-3.2258		-0.015088	11114	1
BLVRB	-3.1716	-3.2292	-3.2673	-0.0084291	11115	1
HDGFL2	-3.3043	-3.2301		-0.016605	11116	1
ITGA6	-3.1712	-3.2317	-3.2971	-0.013441	11117	1
UFM1	-2.9961	-3.2405	-3.5389	-0.0093201	11118	1
ZFP36L2	-2.902	-3.2407	-3.6481	-0.0074901	11119	1
FAM201A	-3.3171	-3.2415	-3.2016	-0.012762	11120	1
KRTAP9-4	-3.55	-3.2428		-0.010814	11121	1
NEB	-3.3055	-3.2454	-3.2353	-0.011491	11122	1
ZNF433-AS1	-3.2361	-3.2462		-0.015527	11123	1
FOXN3	-3.4556	-3.2529	-3.0055	-0.0096821	11124	1
MBD6	-3.4863	-3.2532		-0.011831	11125	1
TTC17	-3.4878	-3.2536	-3.0149	-0.010744	11126	1
ADAMDEC1	-3.4688	-3.2538	-3.1288	-0.012486	11127	1
OR7E47P	-3.3554	-3.2544	-3.2012	-0.011488	11128	1
HSBP1	-2.7397	-3.2549	-3.4307	-0.0037765	11129	1
DOT1L	-3.5927	-3.2567	-2.8516	-0.0075457	11130	1
TTC16	-3.4207	-3.2572		-0.012632	11131	1
LOXHD1	-3.5444	-3.2574		-0.011007	11132	1
SPRY3	-3.5005	-3.2582		-0.0077081	11133	1
PRKX	-3.2302	-3.2604		-0.01245	11134	1
NEBL	-3.2607	-3.2608		-0.016211	11135	1
LAPTM5	-3.149	-3.261	-3.2981	-0.0093284	11136	1
BTN3A2	-3.3166	-3.2639	-3.23	-0.015598	11137	1
ZBTB37	-3.2168	-3.2643		-0.014166	11138	1
PSAT1	-3.0832	-3.2662		-0.01141	11139	1
LOC401357	-3.5467	-3.2666	-2.9432	-0.0075517	11140	1
USF2	-3.5025	-3.2667	-2.951	-0.0084684	11141	1
MEGF11	-3.1824	-3.2676		-0.012042	11142	1
USP48	-3.5554	-3.2689		-0.012043	11143	1
PLEKHB1	-3.1552	-3.2713		-0.012778	11144	1
NKAPL	-3.3597	-3.2717	-3.2251	-0.0085891	11145	1
PGPEP1	-3.1129	-3.2748	-3.4143	-0.011215	11146	1
DAB1	-3.2168	-3.2761	-3.3491	-0.012306	11147	1
GFM1	-3.7216	-3.2779	-2.7916	-0.00822	11148	1
GIMAP2	-3.1958	-3.2812		-0.01111	11149	1
LINC01736	-2.9833	-3.2856	-3.5453	-0.0078793	11150	1
KCNIP2	-3.3975	-3.286	-3.1613	-0.013615	11151	1
CISH	-3.3901	-3.2935		-0.017406	11152	1
ZZEF1	-3.6745	-3.2936	-2.8254	-0.007272	11153	1
DBI	-2.9854	-3.2991	-3.5304	-0.0072466	11154	1
TAF3	-3.422	-3.2998	-3.222	-0.008557	11155	1
IMPA2	-3.4002	-3.3037	-3.1766	-0.017481	11156	1
B3GLCT	-3.4079	-3.306	-3.202	-0.016092	11157	1
PHACTR4	-3.5009	-3.3105		-0.013382	11158	1
SMCHD1	-3.5768	-3.3116	-2.987	-0.010938	11159	1
LCTL	-3.346	-3.3117	-3.2766	-0.011979	11160	1
H2AFX	-3.3847	-3.3144	-3.246	-0.013989	11161	1
MYO1F	-3.0562	-3.3145	-3.4903	-0.0085763	11162	1
USP15	-3.6049	-3.3147		-0.012355	11163	1
LRP5	-3.5064	-3.3163		-0.015024	11164	1
CLIC6	-3.3549	-3.3167	-3.2497	-0.01647	11165	1
CEP104	-3.4358	-3.3179		-0.015008	11166	1
CCDC50	-3.4379	-3.3183		-0.0169	11167	1
HERC2P2	-3.5512	-3.3204	-3.0512	-0.0083512	11168	1
SIRT2	-3.3735	-3.321		-0.017226	11169	1
MFSD2A	-3.4531	-3.3217	-3.2298	-0.014693	11170	1
PXDNL	-3.3974	-3.3219	-3.3405	-0.0091335	11171	1
S100B	-3.2985	-3.3232	-3.3133	-0.014021	11172	1
FUCA2	-3.3027	-3.3239		-0.015696	11173	1
MYL3	-3.4306	-3.3244	-3.1675	-0.014533	11174	1
IFI44	-3.2959	-3.3257		-0.015345	11175	1
EPS8	-3.2342	-3.327		-0.012971	11176	1
ELOVL7	-3.4505	-3.3299	-3.2568	-0.011273	11177	1
OR8B8	-3.4546	-3.3317		-0.015825	11178	1
VEGFA	-3.4281	-3.3329	-3.241	-0.01363	11179	1
STAG2	-3.4972	-3.3364		-0.016908	11180	1
PAFAH2	-3.3902	-3.3367		-0.013649	11181	1
ZNF883	-3.1529	-3.3379	-3.5101	-0.0085991	11182	1
ATPAF2	-3.5164	-3.3386	-3.1708	-0.0083119	11183	1
GPR179	-3.3707	-3.3402		-0.01256	11184	1
ATP13A3	-3.6506	-3.3411	-2.9402	-0.0064035	11185	1
TSNARE1	-3.5528	-3.3425	-3.1681	-0.010363	11186	1
HEYL	-2.9386	-3.3426	-3.8017	-0.007432	11187	1
BCHE	-2.9552	-3.3426		-0.0078927	11188	1
CTBP1	-3.4877	-3.3432		-0.011278	11189	1
EIF2S3	-3.7119	-3.3434	-2.9006	-0.0081422	11190	1
RAB11B	-3.5427	-3.3439	-3.0825	-0.007638	11191	1
CFAP53	-3.5183	-3.344		-0.01824	11192	1
SLC15A3	-3.2612	-3.3462	-3.4202	-0.012846	11193	1
DIP2A	-3.6196	-3.3474	-3.0949	-0.012006	11194	1
HPGDS	-3.2007	-3.3482	-3.4756	-0.0097967	11195	1
FAM13B	-3.6297	-3.3524	-3.0088	-0.011698	11196	1
RPL29	-3.0253	-3.3537	-3.7027	-0.0074958	11197	1
CREB3L2	-3.416	-3.3563		-0.014534	11198	1
TPM1	-3.2532	-3.3612		-0.014242	11199	1
FAM196A	-3.3288	-3.3623	-3.3974	-0.016371	11200	1
SAMD9L	-2.9856	-3.3639	-3.7088	-0.0078865	11201	1
KLHL5	-3.1526	-3.3663		-0.013075	11202	1
HSPA4L	-3.5541	-3.3665	-3.1952	-0.0064986	11203	1
ADAM19	-3.3806	-3.3676		-0.017838	11204	1
SDCBP	-3.6272	-3.3701		-0.012762	11205	1
PHF21B	-3.4485	-3.3702	-3.2418	-0.018417	11206	1
SLC2A8	-3.5419	-3.3716	-3.1494	-0.0058213	11207	1
CCZ1P-OR7E38P	-3.1388	-3.373	-3.4985	-0.0085904	11208	1
ZNF277	-3.1325	-3.3749	-3.5902	-0.0076665	11209	1
MUS81	-3.4574	-3.3758		-0.016418	11210	1
HSD17B4	-3.4681	-3.3808		-0.014737	11211	1
NXT2	-3.2634	-3.3816		-0.011688	11212	1
HMG20B	-3.3368	-3.3846		-0.01145	11213	1
NPM1	-3.1457	-3.3876		-0.010233	11214	1
MOB3C	-3.4685	-3.3877		-0.017914	11215	1
TADA2B	-3.4843	-3.3918	-3.3134	-0.0093591	11216	1
RNASET2	-2.9374	-3.392	-3.736	-0.0068828	11217	1
IER3	-3.3546	-3.3924		-0.011385	11218	1
FAM215A	-3.6147	-3.3935		-0.014696	11219	1
LOC105373876	-3.5273	-3.3936		-0.014839	11220	1
EIF2D	-3.4618	-3.3975		-0.012109	11221	1
SETD2	-3.6051	-3.3996		-0.014508	11222	1
ELMOD1	-3.5605	-3.403		-0.011893	11223	1
FAM189A1	-3.5106	-3.4045	-3.2983	-0.011468	11224	1
CES2	-3.466	-3.4057	-3.3074	-0.01571	11225	1
TENM1	-3.1349	-3.4058	-3.7006	-0.0087475	11226	1
HMGN3	-3.4802	-3.4061	-3.3042	-0.018416	11227	1
TDRD6	-3.8115	-3.4082	-2.8867	-0.0075266	11228	1
GREB1L	-3.4019	-3.4095	-3.4095	-0.015708	11229	1
XIRP1	-3.6397	-3.4102	-3.2112	-0.010653	11230	1
MICU2	-3.5834	-3.414		-0.014069	11231	1
RABEP2	-3.5543	-3.4159	-3.2885	-0.010058	11232	1
SZRD1	-3.3738	-3.4165		-0.012068	11233	1
FASTKD1	-3.5043	-3.4227	-3.4281	-0.0054423	11234	1
HSDL2	-3.1143	-3.4259	-3.6729	-0.0087627	11235	1
RXRA	-2.9563	-3.4282	-3.923	-0.0061394	11236	1
ITM2A	-3.4959	-3.4284	-3.4305	-0.0092519	11237	1
OTOS	-3.2576	-3.4353		-0.0096742	11238	1
ST3GAL6-AS1	-3.4565	-3.4356	-3.5187	-0.0068624	11239	1
RPA4	-3.4658	-3.4424		-0.012665	11240	1
CASP2	-3.6939	-3.4424		-0.015341	11241	1
ITGAM	-3.1141	-3.445	-3.747	-0.0078192	11242	1
NBPF11	-3.6529	-3.4474		-0.01412	11243	1
NIFK	-3.5885	-3.4492		-0.014467	11244	1
SCD	-3.3804	-3.4544		-0.010698	11245	1
TNFAIP8	-3.6708	-3.4549	-3.2284	-0.012724	11246	1
UBL7-AS1	-3.5579	-3.4555		-0.017281	11247	1
SPTB	-3.6986	-3.4569	-3.1167	-0.011632	11248	1
CD27	-3.6662	-3.4589		-0.015429	11249	1
RNF20	-3.4851	-3.461		-0.016127	11250	1
IGSF9	-3.6064	-3.4612		-0.014607	11251	1
WHAMMP2	-3.7547	-3.4637		-0.014476	11252	1
APPL2	-3.4153	-3.4674		-0.016781	11253	1
DNAH9	-3.3058	-3.4685	-3.593	-0.012456	11254	1
ZNF714	-3.6928	-3.4721	-3.2055	-0.011048	11255	1
GNA12	-3.1443	-3.4737	-3.7974	-0.0077992	11256	1
TMEM167A	-3.3563	-3.4829		-0.01222	11257	1
FCGR3A	-3.4057	-3.4853	-3.4749	-0.010414	11258	1
CCT6A	-3.7979	-3.486		-0.011515	11259	1
MOBP	-3.4998	-3.4928		-0.01593	11260	1
CLGN	-3.6913	-3.4942	-3.258	-0.0085563	11261	1
CCDC74B	-3.5182	-3.4956		-0.015209	11262	1
PLEKHG4B	-3.4678	-3.4975		-0.012038	11263	1
MLH1	-3.3453	-3.4981		-0.011336	11264	1
SPAG16	-3.6713	-3.4987	-3.3021	-0.012083	11265	1
WDTC1	-3.6013	-3.4996		-0.013653	11266	1
TPT1	-3.2538	-3.5002	-3.725	-0.0082675	11267	1
LOC101927596	-3.6043	-3.5127		-0.014515	11268	1
SNX20	-3.7814	-3.5145		-0.011697	11269	1
MASP1	-3.3662	-3.5159	-3.6567	-0.012252	11270	1
SLC17A6	-3.5829	-3.5177	-3.4765	-0.012308	11271	1
NKAPP1	-3.7508	-3.5196	-3.2503	-0.011193	11272	1
TMEM244	-3.4972	-3.5204	-3.5739	-0.013812	11273	1
SEPT4	-3.5682	-3.5206		-0.013779	11274	1
RASGRF1	-3.8162	-3.5241	-3.1689	-0.0090163	11275	1
MTIF3	-3.6443	-3.5251	-3.4423	-0.01562	11276	1
CERS5	-3.622	-3.5258		-0.016882	11277	1
ODF3L2	-3.6917	-3.5291		-0.014625	11278	1
CD99	-3.3805	-3.53	-3.6471	-0.0092007	11279	1
B3GNT5	-3.2449	-3.5332	-3.7147	-0.0074708	11280	1
IRF5	-3.4593	-3.5358	-3.6387	-0.014278	11281	1
RPS12	-3.4087	-3.5361		-0.011495	11282	1
KIF6	-3.4476	-3.5393		-0.013426	11283	1
HLA-DOB	-3.6798	-3.5399		-0.014063	11284	1
SEPT10	-3.6425	-3.5417	-3.4498	-0.01601	11285	1
CDKN1A	-3.3146	-3.5451	-3.8334	-0.0085722	11286	1
NAV2	-3.554	-3.5496	-3.5601	-0.016043	11287	1
CCL19	-3.5677	-3.5532		-0.01275	11288	1
METTL2A	-3.8175	-3.5537		-0.013053	11289	1
HS6ST2	-3.6268	-3.5541	-3.4454	-0.01611	11290	1
PALMD	-3.3464	-3.5556	-3.8598	-0.010642	11291	1
SCLT1	-3.8329	-3.5558	-3.2579	-0.01053	11292	1
EIF4G3	-3.7395	-3.5581		-0.010121	11293	1
TMEM100	-3.3536	-3.5584	-3.7775	-0.010998	11294	1
PRDM8	-3.8293	-3.5599	-3.2037	-0.0078428	11295	1
SLC4A11	-3.3664	-3.5604	-3.7324	-0.010624	11296	1
ABHD17A	-3.8949	-3.5607	-3.1499	-0.0087162	11297	1
IP6K2	-3.7783	-3.5621	-3.3187	-0.010574	11298	1
ABCA9	-3.8225	-3.5633	-3.2576	-0.011185	11299	1
PCBP2	-3.6935	-3.5635	-3.4018	-0.013044	11300	1
UBE2D1	-3.943	-3.5646	-3.1894	-0.0095382	11301	1
GCSH	-3.5288	-3.5652		-0.014494	11302	1
PMS2P5	-3.6768	-3.5654		-0.017554	11303	1
LINC00886	-3.5071	-3.5695	-3.6742	-0.015022	11304	1
UNKL	-3.802	-3.5707	-3.2533	-0.01399	11305	1
MRPL1	-3.706	-3.5717		-0.012209	11306	1
ZNF516	-3.41	-3.5726	-3.7281	-0.012237	11307	1
CCDC102A	-3.4974	-3.5739	-3.634	-0.011886	11308	1
GON7	-3.7743	-3.5756	-3.2851	-0.013322	11309	1
ID1	-3.6932	-3.5792		-0.014012	11310	1
CKS2	-3.7688	-3.5807	-3.4594	-0.013212	11311	1
TMEM35B	-3.5749	-3.5814		-0.016256	11312	1
HIP1R	-3.6481	-3.5836		-0.015445	11313	1
CPLX2	-3.6598	-3.5865	-3.5191	-0.012816	11314	1
SPNS2	-3.9055	-3.5871	-3.2027	-0.0083612	11315	1
TRPV6	-3.8176	-3.5885		-0.01435	11316	1
BBIP1	-3.6395	-3.5889		-0.018258	11317	1
CHD1L	-3.6928	-3.5942	-3.5252	-0.014392	11318	1
WASHC3	-3.3941	-3.5983	-3.7299	-0.0072838	11319	1
FCER1G	-3.6479	-3.6021	-3.6074	-0.012103	11320	1
CCDC134	-3.7917	-3.6049		-0.013562	11321	1
IL15RA	-3.744	-3.6084	-3.5489	-0.012304	11322	1
SEPT6	-3.8786	-3.6093	-3.2413	-0.01105	11323	1
CYP2J2	-3.4403	-3.6117		-0.011532	11324	1
OMG	-3.7691	-3.6143		-0.0108	11325	1
KRT10	-3.6448	-3.6166		-0.015589	11326	1
KLHL33	-3.929	-3.6203		-0.015407	11327	1
C9orf16	-3.5289	-3.6205		-0.013785	11328	1
AVP	-3.74	-3.6231		-0.018627	11329	1
SHMT1	-3.8798	-3.6244	-3.3166	-0.010299	11330	1
LOC730183	-3.6704	-3.6309		-0.016927	11331	1
GPC2	-3.4673	-3.6391	-3.8559	-0.010351	11332	1
SNHG5	-3.4214	-3.6416	-3.8471	-0.011065	11333	1
WASHC2A	-3.8831	-3.645	-3.3532	-0.012264	11334	1
SCAMP1-AS1	-3.3896	-3.6454	-3.912	-0.0096889	11335	1
PCBD2	-3.3577	-3.6489	-3.9502	-0.0096572	11336	1
SLC38A3	-3.7543	-3.6501		-0.012965	11337	1
NOL3	-3.681	-3.6507	-3.5979	-0.016838	11338	1
PMS2P4	-3.7435	-3.6509		-0.017107	11339	1
VWA8	-3.7188	-3.6528	-3.6706	-0.0098085	11340	1
LCP1	-3.2963	-3.66	-3.9628	-0.0074426	11341	1
BACE2	-3.8545	-3.6627	-3.5417	-0.017603	11342	1
ZNF717	-3.7867	-3.6646	-3.4821	-0.015874	11343	1
REEP3	-3.8711	-3.6647		-0.011823	11344	1
GNG7	-3.7701	-3.6666	-3.608	-0.014325	11345	1
SRFBP1	-3.9095	-3.6692	-3.4241	-0.0077319	11346	1
FHOD1	-3.709	-3.6693	-3.593	-0.015919	11347	1
PYGO1	-3.696	-3.6703	-3.6279	-0.016054	11348	1
TLR1	-3.5096	-3.6721	-3.7753	-0.01139	11349	1
BCL2L12	-3.8162	-3.6759		-0.014116	11350	1
AASDH	-3.9079	-3.6793	-3.385	-0.015651	11351	1
MBNL3	-3.1972	-3.6794	-4.2104	-0.0081067	11352	1
MTA2	-3.861	-3.6804		-0.013977	11353	1
CACTIN	-3.8935	-3.6816	-3.3805	-0.013608	11354	1
ISM1	-3.8021	-3.6833	-3.5665	-0.014182	11355	1
NBPF10	-3.8811	-3.6862		-0.016232	11356	1
LRRC4B	-3.7504	-3.6879		-0.017417	11357	1
TRPC3	-3.746	-3.6879	-3.6953	-0.0057305	11358	1
FKBP4	-3.8358	-3.692		-0.015134	11359	1
BCO2	-3.8307	-3.7025	-3.5595	-0.012973	11360	1
ARL13B	-4.0235	-3.7028	-3.2849	-0.01143	11361	1
LHFPL3	-3.6964	-3.703	-3.72	-0.0096859	11362	1
ARIH2	-3.9979	-3.7048	-3.3906	-0.0065737	11363	1
NEAT1	-3.9066	-3.7102	-3.4719	-0.012532	11364	1
STK33	-3.8249	-3.7131	-3.5549	-0.016485	11365	1
CRABP1	-3.8061	-3.7209	-3.7078	-0.01157	11366	1
YAF2	-3.5939	-3.7212		-0.012613	11367	1
AQP5	-3.6879	-3.7232	-3.8026	-0.014551	11368	1
MYT1L	-4.0392	-3.7261	-3.32	-0.0083509	11369	1
STAB1	-3.3819	-3.7273	-3.9569	-0.007226	11370	1
NDUFA7	-3.787	-3.7284		-0.01689	11371	1
EPB41L1	-3.764	-3.7287	-3.733	-0.0075673	11372	1
RPSA	-3.9748	-3.734		-0.017129	11373	1
BID	-3.9577	-3.7342	-3.4167	-0.0077421	11374	1
KIAA0895	-3.9784	-3.7346		-0.013881	11375	1
LAT2	-3.5123	-3.7352	-3.9275	-0.0096556	11376	1
PELI2	-3.7712	-3.7404		-0.016799	11377	1
CSDC2	-3.8465	-3.7427	-3.6684	-0.01246	11378	1
TBC1D3P5	-4.0599	-3.7431		-0.0152	11379	1
SMIM30	-3.449	-3.7468	-4.0552	-0.0098522	11380	1
NALT1	-3.6079	-3.7484		-0.010407	11381	1
KRTAP10-10	-3.7751	-3.7498		-0.018354	11382	1
CCDC58	-3.9931	-3.7531	-3.4768	-0.0069502	11383	1
PAICS	-3.7386	-3.7538		-0.016249	11384	1
KIAA1109	-4.0323	-3.7559	-3.4555	-0.012494	11385	1
IL17RC	-3.8857	-3.7589	-3.6665	-0.011749	11386	1
PSMG2	-3.9184	-3.7591	-3.5862	-0.013198	11387	1
ZNF394	-4.0081	-3.7602	-3.3459	-0.0056101	11388	1
KREMEN1	-3.9934	-3.7611	-3.4401	-0.012976	11389	1
ANKRD20A4-ANKRD20A20P	-3.9427	-3.7613	-3.5829	-0.010472	11390	1
PTPRC	-3.4211	-3.7618	-4.1113	-0.0085426	11391	1
EPHA8	-3.7385	-3.7626		-0.010764	11392	1
GLYCTK	-4.0098	-3.7666		-0.017677	11393	1
TMBIM4	-3.773	-3.7718		-0.016733	11394	1
RNF135	-3.4914	-3.7731		-0.010238	11395	1
TSPAN4	-3.366	-3.7732	-4.2575	-0.007783	11396	1
AIFM3	-3.8519	-3.7753	-3.6996	-0.01412	11397	1
PIK3AP1	-3.8607	-3.779		-0.014424	11398	1
LATS2	-3.9693	-3.781	-3.5421	-0.015696	11399	1
CRYGD	-3.7691	-3.7847	-3.7993	-0.017207	11400	1
ITPR2	-3.8423	-3.7855	-3.7206	-0.018407	11401	1
PTPRZ1	-3.3632	-3.7889	-4.2277	-0.0073212	11402	1
LY96	-3.7369	-3.7906	-3.8201	-0.01357	11403	1
CD84	-3.4157	-3.7921	-4.1215	-0.0081449	11404	1
EAF2	-3.8066	-3.7974		-0.019715	11405	1
TARS	-4.0025	-3.7985	-3.613	-0.0090436	11406	1
HOXB13	-3.9867	-3.7991		-0.015859	11407	1
C11orf54	-4.1015	-3.8032		-0.0088149	11408	1
SPARC	-3.7781	-3.8047	-3.8378	-0.012934	11409	1
TBX19	-3.6126	-3.8053	-3.9684	-0.0097122	11410	1
CNFN	-4.0692	-3.8067	-3.5578	-0.014074	11411	1
UBN1	-4.0096	-3.807	-3.5457	-0.0096148	11412	1
ZNF638	-4.0825	-3.8132		-0.01463	11413	1
MAP4K2	-3.963	-3.8181	-3.6868	-0.0097924	11414	1
TMEM179B	-3.776	-3.8189		-0.010847	11415	1
ZCCHC24	-3.7653	-3.8237		-0.016528	11416	1
PACS2	-3.8827	-3.8307		-0.018041	11417	1
MOSPD3	-3.9222	-3.8313		-0.015293	11418	1
B3GNT9	-4.1027	-3.8314	-3.4476	-0.014388	11419	1
BCAS1	-3.8625	-3.8332		-0.017694	11420	1
SLC3A2	-3.7608	-3.8353		-0.011994	11421	1
CXCL3	-3.844	-3.8362		-0.013352	11422	1
RP9P	-3.9114	-3.8429	-3.7754	-0.014446	11423	1
TRIP4	-3.9985	-3.855		-0.013671	11424	1
PPP1R14B	-3.9039	-3.8557	-3.8084	-0.015207	11425	1
TPD52L1	-3.9271	-3.8605		-0.018544	11426	1
PLEKHM1P1	-4.2321	-3.8621		-0.010585	11427	1
CBFB	-3.2494	-3.8639	-4.6116	-0.0068378	11428	1
CACNG4	-3.8182	-3.8648	-3.9883	-0.010956	11429	1
NEDD4	-3.7785	-3.8701		-0.013406	11430	1
C5orf58	-3.9912	-3.8705		-0.017468	11431	1
WHRN	-4.2325	-3.871	-3.4541	-0.011662	11432	1
ST3GAL6	-3.9173	-3.8713	-3.8687	-0.006228	11433	1
NAT10	-3.9602	-3.8742		-0.017273	11434	1
ANGPTL2	-4.0318	-3.8745	-3.7437	-0.011026	11435	1
CHRNA3	-3.8401	-3.8748	-3.932	-0.01748	11436	1
FNDC11	-4.1377	-3.8767	-3.6725	-0.014107	11437	1
PACSIN3	-4.1606	-3.8782	-3.6223	-0.010986	11438	1
ZHX2	-3.6672	-3.8788		-0.011569	11439	1
CPNE3	-3.6484	-3.8796	-4.1466	-0.01266	11440	1
VSTM2B	-3.8097	-3.8809	-3.9426	-0.012529	11441	1
EFHD2	-3.8394	-3.8861	-3.8858	-0.014162	11442	1
ANKRD20A12P	-4.0944	-3.8882		-0.011389	11443	1
DLC1	-3.9446	-3.8891	-3.83	-0.018927	11444	1
ATP6V0E1	-3.8919	-3.891		-0.014532	11445	1
HLA-DRB5	-3.8096	-3.8922	-3.9546	-0.014416	11446	1
PDLIM4	-3.8906	-3.8944	-3.8601	-0.018472	11447	1
LIMA1	-3.8848	-3.895		-0.013068	11448	1
SOWAHC	-3.8569	-3.9031	-3.9695	-0.016763	11449	1
MID1	-3.7841	-3.9035		-0.015984	11450	1
AKT1S1	-4.0826	-3.9104	-3.7975	-0.0122	11451	1
CSPP1	-4.1079	-3.9171	-3.6889	-0.017872	11452	1
PSKH1	-3.9006	-3.9194		-0.014564	11453	1
HEY2	-3.6618	-3.9302	-4.178	-0.011041	11454	1
BDKRB1	-4.0001	-3.932	-3.8221	-0.014812	11455	1
ZNF664	-3.9833	-3.9321		-0.018282	11456	1
CYB5R4	-4.1297	-3.9352	-3.7306	-0.0097084	11457	1
ZNF491	-4.1935	-3.9361	-3.6363	-0.011326	11458	1
RALGAPA2	-4.2705	-3.9375	-3.492	-0.010635	11459	1
ITGA5	-4.17	-3.9401		-0.014493	11460	1
DNAH12	-3.7667	-3.9402	-4.0453	-0.01082	11461	1
PRKAA1	-4.3345	-3.9409	-3.5469	-0.012308	11462	1
GNAL	-3.9241	-3.943	-3.9212	-0.014913	11463	1
TACC2	-4.128	-3.9458		-0.014684	11464	1
HEATR5A	-3.8222	-3.9459		-0.013395	11465	1
EEF1B2	-3.7277	-3.9464		-0.011105	11466	1
PCM1	-4.1573	-3.9507		-0.019605	11467	1
WDR45B	-3.9038	-3.9511		-0.015466	11468	1
PPP6R1	-3.9769	-3.9525		-0.01351	11469	1
CSNK1G2	-4.0443	-3.9559		-0.018912	11470	1
STOM	-3.7086	-3.9598	-4.1653	-0.010981	11471	1
DYNLT1	-3.8761	-3.9617	-4.0227	-0.012321	11472	1
PMFBP1	-4.21	-3.9633		-0.015762	11473	1
PCOLCE2	-3.9118	-3.9634	-4.047	-0.015984	11474	1
TMC8	-3.4683	-3.9816	-4.4122	-0.0077061	11475	1
HBP1	-4.2588	-3.9875		-0.012908	11476	1
LRRC37A4P	-4.2866	-3.9898	-3.6425	-0.0073592	11477	1
UBAC1	-4.106	-3.9908		-0.016681	11478	1
RPL3	-4.0919	-3.9915		-0.015272	11479	1
PTAFR	-4.0379	-3.9919		-0.019234	11480	1
ZNF195	-4.2554	-3.9958		-0.013449	11481	1
DNER	-3.9553	-3.9966	-4.1068	-0.012765	11482	1
ANP32A	-4.2473	-4.0023	-3.6775	-0.016821	11483	1
MROH6	-4.2158	-4.0026	-3.8494	-0.010331	11484	1
MSRB3	-4.2365	-4.0035	-3.6686	-0.0091889	11485	1
SPA17	-3.9684	-4.0048	-4.0295	-0.017838	11486	1
LRMDA	-3.7891	-4.0064	-4.0329	-0.0073918	11487	1
ZNF768	-4.2504	-4.0066		-0.015309	11488	1
VCAN	-3.8747	-4.0077		-0.013085	11489	1
TEAD3	-3.6903	-4.0108		-0.0096151	11490	1
ARHGAP18	-3.8814	-4.0169	-4.1434	-0.013235	11491	1
CRISPLD1	-4.1632	-4.0266	-3.9131	-0.012138	11492	1
C3AR1	-4.1735	-4.0281		-0.014954	11493	1
S100A11	-3.9447	-4.0317		-0.015805	11494	1
DDX55	-4.4178	-4.0334	-3.5164	-0.0075853	11495	1
HHEX	-4.1333	-4.0335		-0.015849	11496	1
MYOF	-4.0893	-4.0336	-3.9742	-0.01714	11497	1
CGN	-4.3467	-4.0374		-0.010867	11498	1
GIPR	-4.3211	-4.0374		-0.01667	11499	1
CXCL2	-3.8591	-4.0397	-4.2142	-0.010698	11500	1
SLC46A1	-4.2728	-4.0442		-0.01635	11501	1
OXGR1	-4.2128	-4.0455	-3.8288	-0.012426	11502	1
ABHD17B	-4.4181	-4.0479	-3.6736	-0.010725	11503	1
C4orf33	-4.1274	-4.0492	-4.0855	-0.0078826	11504	1
DNAAF5	-4.2894	-4.0494	-3.7417	-0.014137	11505	1
FOS	-4.2268	-4.051		-0.013758	11506	1
CMBL	-4.1475	-4.0533	-3.871	-0.014868	11507	1
MAML2	-3.7711	-4.0542	-4.3122	-0.010388	11508	1
ZFP3	-4.542	-4.0549	-3.4487	-0.0099625	11509	1
FYN	-3.912	-4.0579	-4.2253	-0.014449	11510	1
PEG10	-3.86	-4.0606	-4.224	-0.0092332	11511	1
SERPINA1	-4.1888	-4.0659	-3.9746	-0.016611	11512	1
ZNF385A	-4.1203	-4.067	-4.0864	-0.011259	11513	1
SERBP1	-4.2202	-4.0743		-0.018959	11514	1
ABCG2	-4.1938	-4.0761	-4.0145	-0.01733	11515	1
HOMER3	-4.1946	-4.079	-4.0177	-0.013869	11516	1
PKD1P6-NPIPP1	-4.2412	-4.0794		-0.017279	11517	1
CEP68	-4.1133	-4.082		-0.018116	11518	1
TMEM106A	-4.0578	-4.0872	-4.0867	-0.0075939	11519	1
BMP7	-3.9794	-4.0887		-0.01357	11520	1
EIF3E	-4.2382	-4.0966		-0.019305	11521	1
HLA-DRB1	-3.9802	-4.0967	-4.1522	-0.014063	11522	1
CXorf38	-4.2177	-4.0969		-0.012205	11523	1
CIPC	-4.0608	-4.0982		-0.012159	11524	1
SAT1	-4.0976	-4.1012	-4.0707	-0.015932	11525	1
ZC3H18	-4.1512	-4.1041	-3.9905	-0.015748	11526	1
ERICH2	-3.8608	-4.1073		-0.013456	11527	1
FAM221A	-4.262	-4.1099		-0.013632	11528	1
FAIM	-4.111	-4.1141		-0.015488	11529	1
TRIP6	-3.6472	-4.1166	-4.5464	-0.0083869	11530	1
FTSJ3	-4.3801	-4.1176		-0.012074	11531	1
DTD1	-4.2378	-4.1212	-3.9893	-0.016617	11532	1
SEC11A	-4.1169	-4.1306		-0.014302	11533	1
NRG2	-4.4124	-4.1318	-3.6867	-0.009277	11534	1
CAPN15	-4.3278	-4.1321	-3.8548	-0.012068	11535	1
EMC2	-4.1841	-4.1322		-0.017902	11536	1
C9orf78	-3.9727	-4.1362		-0.011222	11537	1
ST3GAL2	-4.247	-4.1372	-3.9996	-0.016112	11538	1
LARP4	-4.2719	-4.138	-4.0081	-0.011789	11539	1
CCDC91	-4.2983	-4.1439	-3.9708	-0.016391	11540	1
RASL11A	-4.4075	-4.1493	-3.891	-0.013185	11541	1
C5orf56	-4.3508	-4.1528	-3.8681	-0.016026	11542	1
EEF1A2	-4.312	-4.1535		-0.01567	11543	1
SLAMF7	-4.2038	-4.1537		-0.01385	11544	1
TNPO1	-4.3295	-4.1584	-3.93	-0.019057	11545	1
CAPRIN2	-4.2094	-4.1686		-0.019007	11546	1
MITF	-4.2482	-4.169	-4.1959	-0.012448	11547	1
IKBKB	-4.4628	-4.1731	-3.7651	-0.014948	11548	1
FOXN2	-4.2289	-4.1739		-0.014955	11549	1
RHBDF2	-3.7436	-4.1753	-4.5245	-0.0079758	11550	1
RPS6KB2	-4.4821	-4.1793	-3.7497	-0.012533	11551	1
NAPSB	-4.2342	-4.1818		-0.017589	11552	1
HSBP1L1	-4.2477	-4.182	-4.1824	-0.015184	11553	1
BRSK2	-4.5575	-4.1858	-3.646	-0.0068141	11554	1
LGALS4	-4.4689	-4.1935		-0.015622	11555	1
SNRNP48	-4.2832	-4.1942		-0.014662	11556	1
WARS2	-4.2979	-4.1981		-0.015243	11557	1
TNFRSF10B	-4.1712	-4.2028		-0.01528	11558	1
MATN3	-4.3113	-4.2052	-4.1326	-0.020285	11559	1
PXN	-4.3177	-4.2088	-4.0145	-0.014834	11560	1
POMC	-4.4115	-4.209	-3.9618	-0.014167	11561	1
SKA2	-4.4112	-4.2131	-3.9501	-0.016894	11562	1
FAM57B	-4.301	-4.2136	-4.2266	-0.013191	11563	1
CADM4	-4.5663	-4.2167	-3.7498	-0.008462	11564	1
EFNA2	-4.2288	-4.2176	-4.2223	-0.018351	11565	1
CDK11B	-4.3567	-4.2217		-0.014191	11566	1
C1orf54	-3.9679	-4.224	-4.3685	-0.010871	11567	1
ITFG2	-4.5684	-4.2245	-3.7073	-0.0092577	11568	1
ZFAS1	-4.2415	-4.2293		-0.01528	11569	1
EIF3L	-4.3336	-4.2331		-0.016244	11570	1
SRRM3	-4.5018	-4.2411	-3.9594	-0.01301	11571	1
DARS	-4.055	-4.2412		-0.012349	11572	1
RAB13	-4.0181	-4.2473	-4.3776	-0.011463	11573	1
PRR29	-3.9891	-4.2493	-4.5091	-0.010454	11574	1
MED29	-3.951	-4.2497		-0.012089	11575	1
PTGER4P2-CDK2AP2P2	-4.3159	-4.2532	-4.2117	-0.015644	11576	1
OTUD6A	-4.4101	-4.2557		-0.018172	11577	1
ROM1	-4.2039	-4.2649	-4.1809	-0.009894	11578	1
NKX3-1	-4.3296	-4.2677	-4.2911	-0.013545	11579	1
ALX3	-4.4644	-4.2787	-4.0785	-0.011486	11580	1
CTBP2	-4.284	-4.2842	-4.3208	-0.014624	11581	1
EPCAM	-4.4134	-4.2918	-4.2301	-0.017253	11582	1
FAM168A	-4.4074	-4.2959		-0.018604	11583	1
PDAP1	-4.5438	-4.301		-0.013647	11584	1
CXCL16	-4.2441	-4.3037		-0.014452	11585	1
PCNA	-4.521	-4.304	-4.0135	-0.0092344	11586	1
SYNJ2BP	-4.3476	-4.3077		-0.018885	11587	1
MGARP	-4.4185	-4.3088	-4.2805	-0.012357	11588	1
TMEM61	-4.3271	-4.3095		-0.016131	11589	1
RPTOR	-4.4163	-4.3129		-0.01772	11590	1
SNRK	-4.5281	-4.315		-0.011197	11591	1
RPLP0P2	-4.117	-4.316		-0.012071	11592	1
LRRC46	-4.522	-4.3168		-0.018067	11593	1
IL18	-4.1392	-4.318	-4.4941	-0.01293	11594	1
MCM3AP-AS1	-4.542	-4.3195	-4.2239	-0.010269	11595	1
HYKK	-4.3568	-4.3205		-0.018181	11596	1
SORBS3	-4.5686	-4.3249	-3.9517	-0.0096292	11597	1
C6orf48	-4.4271	-4.3281		-0.01929	11598	1
FOXO1	-4.3137	-4.3331		-0.018977	11599	1
FSTL1	-4.5984	-4.3371	-3.9667	-0.011028	11600	1
SPATA7	-4.5487	-4.3401		-0.019165	11601	1
TRMT13	-4.5638	-4.3427		-0.017044	11602	1
MOGAT2	-4.4994	-4.3429	-4.1995	-0.011895	11603	1
ARID3B	-4.5799	-4.3429	-4.0217	-0.01516	11604	1
RNASEL	-4.4968	-4.3442	-4.1475	-0.017815	11605	1
TEKT5	-4.4463	-4.3457		-0.017503	11606	1
IRX5	-4.4264	-4.3483		-0.01535	11607	1
UBA3	-4.5852	-4.3507	-4.0998	-0.0098479	11608	1
LINC01088	-4.4034	-4.3524	-4.3491	-0.014523	11609	1
BANF1	-4.4106	-4.3555		-0.019129	11610	1
BAG3	-4.1748	-4.3556	-4.4345	-0.011523	11611	1
SAV1	-4.4671	-4.3614	-4.2665	-0.014482	11612	1
CD226	-4.44	-4.3639		-0.015179	11613	1
SVIP	-4.5099	-4.3649	-4.1836	-0.014819	11614	1
LCA5	-4.5577	-4.3649	-4.0858	-0.0074387	11615	1
TRIM62	-4.5783	-4.3682		-0.015743	11616	1
MRPS5	-4.6769	-4.3687		-0.013118	11617	1
VAMP8	-4.3916	-4.3761	-4.1994	-0.0088352	11618	1
TAF1B	-4.4328	-4.3796		-0.018	11619	1
ELMOD3	-4.8102	-4.3806	-3.8443	-0.007526	11620	1
DUSP1	-4.5962	-4.3819	-4.2414	-0.012634	11621	1
EEF1D	-4.6188	-4.3882		-0.019572	11622	1
HIST1H1C	-4.5913	-4.3893	-4.125	-0.019776	11623	1
SPINK8	-4.501	-4.3959	-4.3969	-0.016616	11624	1
NAA16	-5.0645	-4.3982	-3.567	-0.0074955	11625	1
OXER1	-4.2918	-4.4007		-0.013768	11626	1
PATJ	-4.535	-4.4126	-4.2005	-0.017118	11627	1
C9orf3	-4.7952	-4.4192	-4.0448	-0.0088801	11628	1
UTRN	-4.6581	-4.4193	-4.229	-0.0157	11629	1
HCP5	-4.5423	-4.4283		-0.018504	11630	1
PPP4C	-4.6434	-4.4309		-0.019677	11631	1
NES	-4.525	-4.436		-0.018402	11632	1
DDX24	-4.7032	-4.4446		-0.013286	11633	1
CHRM2	-4.6629	-4.453	-4.2321	-0.010631	11634	1
PPIB	-4.2809	-4.4556	-4.5418	-0.011718	11635	1
BPNT1	-4.4079	-4.4562		-0.016265	11636	1
NCOA3	-5.1001	-4.457	-3.4784	-0.0051424	11637	1
C15orf59	-4.5068	-4.4573	-4.3524	-0.016224	11638	1
GSTK1	-4.5329	-4.4574	-4.4207	-0.014827	11639	1
PACSIN2	-4.575	-4.4626	-4.3129	-0.017069	11640	1
HEBP2	-4.4435	-4.465	-4.4408	-0.015592	11641	1
HLA-DPA1	-4.4614	-4.4666	-4.4323	-0.01589	11642	1
PPP1R18	-4.4164	-4.4726	-4.5144	-0.013635	11643	1
AAMDC	-4.5598	-4.4738		-0.014749	11644	1
ARHGEF7	-4.8004	-4.4843	-4.0873	-0.0077727	11645	1
PLEKHA4	-4.398	-4.4886	-4.5232	-0.012986	11646	1
ACVR1	-4.7572	-4.4961	-4.3678	-0.014405	11647	1
MTM1	-4.4013	-4.4993	-4.5858	-0.016127	11648	1
AMOTL1	-4.6205	-4.4995		-0.021152	11649	1
NBPF3	-4.7365	-4.5079	-4.1718	-0.01962	11650	1
SEPT2	-4.162	-4.5093		-0.0098393	11651	1
SEC11C	-4.5007	-4.5096	-4.4649	-0.010664	11652	1
VIM	-4.4861	-4.5101	-4.5311	-0.012389	11653	1
GABRA4	-4.6816	-4.5113	-4.3772	-0.013697	11654	1
PRSS55	-4.6742	-4.5186		-0.018296	11655	1
LOC220729	-4.6971	-4.52	-4.2958	-0.0075041	11656	1
CABP7	-4.4722	-4.5264	-4.4646	-0.012149	11657	1
TNFRSF12A	-4.5702	-4.5287	-4.5199	-0.020745	11658	1
CD74	-4.6152	-4.5311	-4.5094	-0.015836	11659	1
PRR16	-4.6787	-4.5331	-4.4612	-0.012601	11660	1
C12orf75	-3.7588	-4.5341	-5.5361	-0.0070091	11661	1
TANGO2	-4.6846	-4.5389	-4.3467	-0.011854	11662	1
SLC17A5	-4.6788	-4.5404		-0.016022	11663	1
NFE2L2	-4.6245	-4.5419		-0.019324	11664	1
ADGRG5	-4.844	-4.5443		-0.016035	11665	1
DCN	-4.5096	-4.547	-4.5923	-0.012995	11666	1
XRN2	-4.8291	-4.554		-0.019354	11667	1
CHST11	-4.5439	-4.563		-0.016634	11668	1
LENG1	-4.831	-4.5643		-0.012692	11669	1
SORBS1	-4.828	-4.5711	-4.2939	-0.010572	11670	1
RNF212	-4.6936	-4.5713	-4.3503	-0.019573	11671	1
KCNK12	-4.7724	-4.5724	-4.316	-0.0077329	11672	1
CMKLR1	-4.6882	-4.5749	-4.4377	-0.021155	11673	1
LEPROT	-4.4238	-4.5772		-0.013668	11674	1
HLA-F-AS1	-4.5932	-4.5797		-0.012872	11675	1
RPL23AP53	-4.805	-4.5801		-0.018173	11676	1
PPP2R2B	-4.8055	-4.5853	-4.259	-0.016167	11677	1
TRIM67	-4.7313	-4.6046		-0.018639	11678	1
ASIP	-4.4646	-4.6061		-0.015982	11679	1
ATF5	-4.4936	-4.6067		-0.015044	11680	1
PNPT1	-4.8444	-4.6098		-0.014304	11681	1
STX6	-4.8888	-4.6102	-4.2336	-0.012803	11682	1
C22orf15	-4.9202	-4.6131		-0.018426	11683	1
C14orf177	-4.7817	-4.6197		-0.018527	11684	1
SFXN5	-4.5532	-4.6243		-0.016677	11685	1
PPP1R3D	-4.7852	-4.6285	-4.4169	-0.017733	11686	1
SYNE4	-4.6033	-4.6333	-4.8379	-0.0072497	11687	1
FAM155B	-4.6396	-4.6353	-4.6183	-0.020125	11688	1
KRT3	-5.0747	-4.6387		-0.015208	11689	1
PHKA1	-4.7091	-4.6394		-0.020149	11690	1
CARD8	-4.7928	-4.6406		-0.020636	11691	1
CA5B	-4.4091	-4.6443		-0.01219	11692	1
MIRLET7BHG	-4.8017	-4.6544	-4.5358	-0.013557	11693	1
CLPX	-5.1002	-4.6546		-0.0090562	11694	1
STON1	-4.9308	-4.6546	-4.2989	-0.018652	11695	1
SLC4A9	-4.7987	-4.6592	-4.6309	-0.0087628	11696	1
ADM	-4.6902	-4.6619	-4.6251	-0.014826	11697	1
XKR8	-4.7442	-4.6635	-4.4803	-0.017662	11698	1
SPEF2	-4.8026	-4.664	-4.5693	-0.012848	11699	1
FAM129A	-4.7489	-4.6648	-4.5809	-0.014532	11700	1
PRSS58	-5.0651	-4.6654		-0.016246	11701	1
TRMT2B	-4.7679	-4.6655	-4.6306	-0.01076	11702	1
RBM34	-4.8193	-4.6696		-0.017042	11703	1
TPCN1	-4.8575	-4.674	-4.3654	-0.018085	11704	1
SLC8B1	-4.7563	-4.6756	-4.5553	-0.017166	11705	1
ATP5S	-4.6421	-4.6794		-0.018599	11706	1
SOX7	-4.9593	-4.681	-4.5456	-0.014685	11707	1
HAVCR2	-4.2763	-4.6886	-4.9954	-0.010165	11708	1
HNRNPA2B1	-4.7978	-4.6919		-0.02032	11709	1
SLC7A7	-4.5857	-4.6929	-4.7611	-0.011987	11710	1
ADCY8	-4.8632	-4.6994	-4.3971	-0.020171	11711	1
AOAH	-4.8494	-4.7006		-0.020127	11712	1
NEK1	-4.9993	-4.7041	-4.2869	-0.014687	11713	1
ALMS1P1	-4.749	-4.7126	-4.6257	-0.019308	11714	1
PKMYT1	-4.7877	-4.7136		-0.017569	11715	1
WDFY4	-3.9845	-4.7186	-5.3198	-0.0068447	11716	1
DHRS3	-4.7847	-4.7217	-4.6176	-0.021545	11717	1
RPL4	-4.7476	-4.7244	-4.7493	-0.015856	11718	1
BTN2A3P	-5.0357	-4.7296		-0.017305	11719	1
DAP3	-4.7137	-4.733	-4.7727	-0.014926	11720	1
CARD9	-4.9885	-4.7332	-4.3375	-0.016565	11721	1
METRNL	-4.7126	-4.7356	-4.7415	-0.015319	11722	1
ALMS1	-4.9201	-4.7467		-0.017394	11723	1
ZNF592	-4.9063	-4.7492	-4.4807	-0.018359	11724	1
IL6R	-4.9986	-4.7499	-4.4431	-0.016953	11725	1
DCAF8L2	-4.9344	-4.7505	-4.5818	-0.012847	11726	1
CGNL1	-4.7466	-4.7653		-0.018784	11727	1
PCTP	-4.8773	-4.7683	-4.6844	-0.012966	11728	1
LIMK2	-4.8481	-4.8097	-4.807	-0.0215	11729	1
CCL2	-4.9323	-4.8136	-4.7237	-0.018319	11730	1
WASHC2C	-5.1402	-4.8185	-4.3923	-0.013555	11731	1
MAN1B1-AS1	-4.6612	-4.8227	-4.9501	-0.010215	11732	1
RSPO2	-5.0902	-4.8233	-4.4052	-0.010009	11733	1
LAIR1	-4.7598	-4.8259		-0.014071	11734	1
POU3F4	-5.0209	-4.8304	-4.6915	-0.013367	11735	1
PABPC3	-4.879	-4.8305		-0.020798	11736	1
TYW1B	-5.1378	-4.8364		-0.016607	11737	1
TDRD3	-5.1346	-4.8383	-4.4724	-0.0097011	11738	1
RPL23AP32	-4.8436	-4.8482		-0.014531	11739	1
FAM225B	-5.2152	-4.8543	-4.4963	-0.016156	11740	1
POLR2A	-5.1047	-4.8554		-0.018049	11741	1
SP110	-4.8571	-4.87		-0.017033	11742	1
SNHG17	-5.1664	-4.877	-4.6857	-0.015414	11743	1
TSACC	-5.2211	-4.8804		-0.017391	11744	1
KCNE4	-4.9497	-4.8805	-4.8556	-0.017205	11745	1
FKBP5	-4.9252	-4.8809	-4.7965	-0.014036	11746	1
IFI16	-4.7594	-4.8813		-0.014004	11747	1
COX20	-4.9703	-4.8932		-0.016354	11748	1
IFI30	-5.0317	-4.9032	-4.7137	-0.014079	11749	1
NPC2	-5.1056	-4.9079	-4.6508	-0.012689	11750	1
CTNNA1	-5.0209	-4.909	-4.7912	-0.01032	11751	1
TNF	-5.2023	-4.9106	-4.631	-0.012944	11752	1
RBM39	-5.0454	-4.9211	-4.7001	-0.01921	11753	1
LINC01578	-5.256	-4.9271	-4.4712	-0.01508	11754	1
GINM1	-4.8014	-4.9313		-0.016045	11755	1
ASIC1	-5.1366	-4.9382		-0.019628	11756	1
CCDC88A	-5.1662	-4.9422		-0.017259	11757	1
SRGN	-5.1774	-4.9429		-0.020722	11758	1
SLC25A19	-5.0255	-4.955	-4.8656	-0.018683	11759	1
SHISAL2A	-5.3006	-4.9639		-0.019384	11760	1
PLCD1	-5.0011	-4.9703		-0.018998	11761	1
CCDC77	-4.864	-4.9747		-0.01457	11762	1
BCL2L11	-5.1359	-4.976	-4.7988	-0.017697	11763	1
PLA2R1	-5.2146	-4.9763	-4.7138	-0.0087382	11764	1
CHD7	-5.0958	-4.9808		-0.016414	11765	1
EBI3	-4.809	-4.9892	-5.0956	-0.010509	11766	1
DAB2	-5.3193	-4.9917	-4.749	-0.019018	11767	1
PPP1R16B	-5.415	-4.9978	-4.4154	-0.010251	11768	1
SMOX	-4.8686	-5.0111		-0.014664	11769	1
CYBA	-4.8993	-5.0119	-4.994	-0.012519	11770	1
PNPLA1	-5.3237	-5.012		-0.019093	11771	1
RASSF4	-5.3202	-5.0133	-4.5478	-0.011048	11772	1
ATPAF1	-5.0251	-5.0147	-4.9575	-0.020758	11773	1
SERTAD1	-5.177	-5.0287		-0.020442	11774	1
STK10	-5.1354	-5.0305	-4.9244	-0.016608	11775	1
CNTLN	-5.2245	-5.0338	-4.731	-0.018423	11776	1
ENOX2	-4.7369	-5.0368		-0.012937	11777	1
ESM1	-5.3288	-5.0524	-4.8146	-0.01352	11778	1
RANBP1	-5.1637	-5.0525		-0.016123	11779	1
ANKRD18CP	-5.285	-5.064	-4.6958	-0.018413	11780	1
ZNF300	-5.1948	-5.0692		-0.017246	11781	1
LRRC8C	-5.3524	-5.0695	-4.8274	-0.013148	11782	1
HDGF	-5.3149	-5.0845		-0.019603	11783	1
VASP	-5.1788	-5.0853		-0.020521	11784	1
RPL22L1	-5.2292	-5.0879		-0.018888	11785	1
RPLP0	-5.0115	-5.093		-0.016642	11786	1
HLA-DMA	-5.2458	-5.0956	-4.8781	-0.014104	11787	1
GUCD1	-5.2001	-5.1002		-0.01914	11788	1
ELK3	-5.1599	-5.1016		-0.022034	11789	1
CCDC146	-5.1243	-5.105	-5.149	-0.011948	11790	1
SETD7	-5.2004	-5.1204	-5.0777	-0.013207	11791	1
DDX59	-5.1335	-5.1238		-0.018005	11792	1
WASHC5	-5.4142	-5.1281		-0.015499	11793	1
S100A10	-4.8899	-5.1383	-5.4209	-0.010844	11794	1
ZNF853	-5.3224	-5.1389	-4.8342	-0.014973	11795	1
NFKBIZ	-5.3649	-5.1398	-5.0982	-0.016568	11796	1
LRRC23	-5.438	-5.1473		-0.019417	11797	1
SAFB2	-5.5528	-5.1628		-0.015217	11798	1
UBE2G1	-5.4028	-5.1697	-4.9054	-0.013941	11799	1
ANXA2	-4.9668	-5.1745	-5.2062	-0.010295	11800	1
COQ2	-5.3826	-5.1767		-0.017739	11801	1
LXN	-5.1607	-5.195	-5.1956	-0.018396	11802	1
ANXA5	-5.2385	-5.2049		-0.023063	11803	1
CMPK1	-5.3089	-5.2118	-5.0924	-0.011237	11804	1
HDHD3	-5.5359	-5.2166		-0.017471	11805	1
CHMP4C	-5.6886	-5.2201		-0.020801	11806	1
TRAK2	-5.3269	-5.2306	-5.27	-0.014242	11807	1
TXLNGY	-5.4227	-5.2373	-4.9804	-0.01662	11808	1
CEP97	-5.734	-5.2493	-4.6341	-0.012325	11809	1
ABTB2	-5.3048	-5.252	-5.2323	-0.015695	11810	1
PARP14	-5.126	-5.2622		-0.015196	11811	1
ERP29	-5.4342	-5.2636		-0.022212	11812	1
GAS6	-5.557	-5.2704	-4.8407	-0.009807	11813	1
ABHD5	-5.4234	-5.2724		-0.017186	11814	1
PLEKHA8	-5.3522	-5.2827	-5.2394	-0.013208	11815	1
FAM89A	-5.3144	-5.287	-5.2698	-0.014796	11816	1
LGALS9C	-5.3041	-5.2909	-5.2227	-0.012091	11817	1
INPP5D	-5.5513	-5.2932	-5.0201	-0.023553	11818	1
CLEC2D	-5.332	-5.2933		-0.013141	11819	1
ZC3H12A	-5.6328	-5.3011	-5.0265	-0.015151	11820	1
FBXO42	-5.5729	-5.3059		-0.017209	11821	1
RWDD1	-5.4656	-5.3184	-5.0516	-0.015252	11822	1
TAP2	-5.4179	-5.3189	-5.1129	-0.016174	11823	1
FGL2	-5.1248	-5.3228	-5.4783	-0.013452	11824	1
OR2L2	-5.5726	-5.3285	-4.9608	-0.011141	11825	1
ORAI3	-5.7637	-5.3344		-0.018327	11826	1
HLA-DRB3	-5.3471	-5.3465	-5.3059	-0.017162	11827	1
C10orf105	-5.2237	-5.3473	-5.4488	-0.01608	11828	1
MAML3	-5.6509	-5.3522	-5.0192	-0.018285	11829	1
LRP8	-5.6299	-5.3586	-4.8911	-0.012069	11830	1
ARHGAP27	-5.4504	-5.3719	-5.3486	-0.019547	11831	1
CCZ1	-5.4333	-5.3724		-0.020402	11832	1
PIP5KL1	-5.6489	-5.3903	-5.2811	-0.013364	11833	1
CTTNBP2	-5.919	-5.3966	-4.8553	-0.011295	11834	1
SCAF11	-5.9692	-5.4018	-4.6768	-0.013291	11835	1
LOC101928370	-5.1509	-5.4019		-0.013016	11836	1
ATRAID	-5.4554	-5.4039		-0.022392	11837	1
NBPF1	-5.6452	-5.4116		-0.021325	11838	1
HCLS1	-5.7877	-5.4387	-5.2262	-0.023024	11839	1
NECAP2	-5.4126	-5.4468	-5.4439	-0.016123	11840	1
OR7E156P	-5.5776	-5.4596		-0.022576	11841	1
RASSF8	-5.5747	-5.486	-5.3244	-0.021176	11842	1
MFNG	-5.7902	-5.4883		-0.021698	11843	1
KIAA1211	-5.3813	-5.4947	-5.5274	-0.016658	11844	1
IL10RB	-6.063	-5.5033		-0.020581	11845	1
SMOC1	-5.6376	-5.514		-0.01276	11846	1
ANKRD13A	-5.9848	-5.5277	-5.0263	-0.013408	11847	1
SDHC	-5.7507	-5.534	-5.368	-0.01328	11848	1
PSMB8	-5.6661	-5.5484		-0.02345	11849	1
USP54	-5.8671	-5.5486	-5.2819	-0.014195	11850	1
CYFIP1	-5.7664	-5.5523	-5.1962	-0.021127	11851	1
CFLAR	-5.6272	-5.5577	-5.5747	-0.017918	11852	1
ZNF101	-5.8607	-5.5611		-0.019712	11853	1
PLCG2	-5.5736	-5.564	-5.504	-0.014821	11854	1
TNS2	-5.6467	-5.566		-0.01947	11855	1
ALPK1	-5.9157	-5.5737	-5.3022	-0.021841	11856	1
IL17RA	-5.6726	-5.5835	-5.3747	-0.015603	11857	1
RAI14	-5.7411	-5.5855		-0.019744	11858	1
ANKRD18A	-5.728	-5.5925	-5.4652	-0.018894	11859	1
PDCD5	-5.6312	-5.5962	-5.4947	-0.012035	11860	1
MCM7	-5.6842	-5.6116	-5.4446	-0.015776	11861	1
PTTG1IP	-5.4624	-5.6188	-5.706	-0.012669	11862	1
RARG	-6.0038	-5.6191		-0.017815	11863	1
PSMD6	-5.8217	-5.6244	-5.5339	-0.013819	11864	1
PRSS56	-5.7455	-5.6274	-5.6212	-0.013782	11865	1
PPARD	-5.6174	-5.6274	-5.5853	-0.012161	11866	1
MGC70870	-5.8883	-5.6311		-0.017479	11867	1
CTDSP1	-5.9357	-5.6318	-5.4581	-0.014372	11868	1
KCTD3	-5.9911	-5.6491	-5.2451	-0.019022	11869	1
CPVL	-6.0374	-5.6493	-5.3968	-0.020025	11870	1
FGD2	-6.102	-5.6606		-0.01635	11871	1
GRM4	-5.8201	-5.6682	-5.5118	-0.019485	11872	1
LRRC49	-5.8722	-5.6946	-5.3297	-0.0084718	11873	1
ABCD2	-5.9801	-5.7202	-5.2693	-0.01169	11874	1
WSCD1	-5.6475	-5.7339	-5.7675	-0.016483	11875	1
COQ10B	-6.0184	-5.7341	-5.5038	-0.012979	11876	1
MYD88	-5.893	-5.7346		-0.021515	11877	1
ETFRF1	-5.4166	-5.7373	-5.9813	-0.012504	11878	1
ITGB1	-5.8835	-5.7434	-5.5918	-0.016861	11879	1
SINHCAF	-5.9435	-5.7451		-0.022468	11880	1
FAM167A-AS1	-5.6561	-5.7541	-5.7837	-0.016738	11881	1
IL17RE	-6.0781	-5.7613	-5.5615	-0.014268	11882	1
PI4K2A	-5.8228	-5.7643	-5.835	-0.011136	11883	1
LILRA4	-6.1425	-5.7692	-5.5711	-0.015732	11884	1
MICA	-5.8167	-5.7721	-5.8139	-0.018242	11885	1
CMTM3	-5.4998	-5.7738	-5.9799	-0.010568	11886	1
ZNF157	-6.0602	-5.7863		-0.018517	11887	1
CXCL1	-5.6951	-5.8007		-0.016097	11888	1
FGD4	-5.7531	-5.8053	-5.7215	-0.01495	11889	1
SYT6	-6.0024	-5.8112	-5.685	-0.017922	11890	1
GUCA2B	-5.9233	-5.8245	-5.7143	-0.011428	11891	1
EEF1A1	-6.0242	-5.8282	-5.7152	-0.01902	11892	1
NCF1C	-6.0673	-5.8356		-0.0169	11893	1
PLAUR	-6.4376	-5.8417	-5.4817	-0.018758	11894	1
MCM5	-6.0153	-5.8531		-0.017674	11895	1
BEND7	-6.0439	-5.8555	-5.5309	-0.022744	11896	1
ITPKC	-6.1873	-5.8607	-5.255	-0.011081	11897	1
NDUFS4	-6.0404	-5.8645		-0.01747	11898	1
HK2	-5.5994	-5.882	-6.1135	-0.01293	11899	1
ZNF300P1	-5.9031	-5.8841		-0.022041	11900	1
ANP32D	-6.1297	-5.9105	-5.522	-0.021555	11901	1
SIM2	-6.3266	-5.956		-0.021199	11902	1
ANO6	-6.115	-5.9662	-5.7738	-0.024749	11903	1
SUGT1	-5.7806	-5.9676		-0.014911	11904	1
NDUFAF2	-6.0961	-5.9728	-5.7542	-0.019584	11905	1
MINDY2	-6.0104	-5.979		-0.020634	11906	1
FAM71E1	-6.0805	-5.9832	-5.9123	-0.011421	11907	1
PARP4	-6.1998	-5.9838		-0.021485	11908	1
CASKIN2	-6.122	-6.014		-0.023617	11909	1
VAV3	-5.9315	-6.016	-6.2007	-0.011645	11910	1
HAUS1	-6.3467	-6.0479		-0.020136	11911	1
MUC1	-6.5203	-6.0482		-0.016987	11912	1
MYL12A	-6.2626	-6.0622		-0.024444	11913	1
DUS1L	-6.2277	-6.0627	-6.0209	-0.012015	11914	1
VSIR	-6.0193	-6.0737		-0.015403	11915	1
LTV1	-6.3332	-6.0813	-5.9266	-0.016826	11916	1
GS1-124K5.11	-6.3905	-6.0975	-5.7693	-0.012557	11917	1
SETD3	-6.222	-6.0988	-5.9071	-0.023754	11918	1
CDH20	-6.0977	-6.1195		-0.022925	11919	1
USP3	-6.3909	-6.1317	-5.7488	-0.022776	11920	1
FOXA2	-6.7238	-6.1324		-0.020763	11921	1
PLCXD2	-6.678	-6.1327	-5.8578	-0.019314	11922	1
TBL1X	-6.3834	-6.1529	-5.8601	-0.023868	11923	1
TXNDC15	-6.3847	-6.1569		-0.018038	11924	1
ATP5F1C	-6.3488	-6.1665		-0.023463	11925	1
LARP7	-6.4665	-6.1777		-0.023822	11926	1
DENND4C	-6.5753	-6.1834	-5.7093	-0.016685	11927	1
HNRNPA1L2	-6.4117	-6.2034	-5.9301	-0.0099548	11928	1
BTN2A2	-6.4456	-6.2203	-5.8645	-0.01788	11929	1
CMC4	-6.347	-6.2319	-6.0598	-0.020223	11930	1
ABHD4	-6.4521	-6.2337		-0.016094	11931	1
HLA-F	-6.6912	-6.2386		-0.019421	11932	1
ITGB2	-6.6201	-6.2464	-6.0269	-0.01423	11933	1
CTSC	-6.6874	-6.2537	-5.5637	-0.010604	11934	1
SLC39A7	-6.5525	-6.2844		-0.015941	11935	1
BTF3	-6.4568	-6.2849		-0.020569	11936	1
MTFR1	-6.3862	-6.288	-6.1721	-0.016317	11937	1
HLA-DPB1	-6.5055	-6.2894	-6.0741	-0.023232	11938	1
HNRNPUL1	-6.6059	-6.3179		-0.022164	11939	1
TBL1Y	-6.6009	-6.3337	-5.9165	-0.023442	11940	1
TAP1	-6.5008	-6.362	-6.2458	-0.019171	11941	1
OR7E24	-6.624	-6.3682	-6.0698	-0.022231	11942	1
CALN1	-6.3979	-6.3924	-6.293	-0.020075	11943	1
EYA4	-6.3868	-6.3927	-6.377	-0.011085	11944	1
REST	-6.3513	-6.4342		-0.01703	11945	1
INTS12	-6.6617	-6.4437		-0.023547	11946	1
RPGR	-7.033	-6.465	-5.4855	-0.009709	11947	1
ADAM15	-6.5202	-6.4827		-0.020039	11948	1
LPXN	-6.6648	-6.4833		-0.02158	11949	1
SBDS	-6.6513	-6.505		-0.019955	11950	1
B2M	-6.7881	-6.518	-6.3017	-0.023444	11951	1
NCKAP5	-6.6649	-6.5214		-0.019031	11952	1
IFITM2	-6.8326	-6.5561		-0.024926	11953	1
MICB	-6.6039	-6.5832	-6.637	-0.01795	11954	1
PROSER2	-6.6821	-6.5936	-6.4222	-0.021287	11955	1
SMAD5	-6.7896	-6.5972		-0.023585	11956	1
FAM193A	-6.8758	-6.6028		-0.018928	11957	1
LINC01105	-6.7688	-6.6037		-0.022019	11958	1
PAWR	-7.0567	-6.6062	-6.134	-0.02242	11959	1
NSMCE4A	-6.8243	-6.6215		-0.022243	11960	1
ORAI2	-6.6692	-6.6324	-6.5754	-0.023308	11961	1
SNHG1	-6.4079	-6.6408	-7.1351	-0.0096855	11962	1
C4orf3	-6.7244	-6.6671	-6.5026	-0.016436	11963	1
HLA-H	-7.0494	-6.6764	-6.4186	-0.02026	11964	1
ATP10D	-7.0316	-6.6922	-6.2551	-0.022351	11965	1
SUSD6	-6.918	-6.7308		-0.016041	11966	1
NMB	-6.8618	-6.7515		-0.022289	11967	1
HLA-A	-7.0927	-6.7519		-0.018982	11968	1
LPAR6	-6.603	-6.8427	-6.8033	-0.01279	11969	1
VANGL1	-7.0995	-6.882		-0.024879	11970	1
LAMA4	-7.0606	-6.9095	-6.63	-0.018954	11971	1
CTSS	-7.1307	-6.9105		-0.024605	11972	1
FCGR2A	-7.477	-6.9481	-6.5465	-0.016785	11973	1
LMO2	-7.0911	-6.967	-6.7532	-0.02356	11974	1
KIF5B	-7.1043	-7.0404	-6.785	-0.020754	11975	1
VEGFC	-7.1543	-7.078	-6.9029	-0.021961	11976	1
UBE2L3	-7.5765	-7.1317		-0.021777	11977	1
PHACTR2	-7.3326	-7.17	-6.9067	-0.021693	11978	1
IFITM4P	-7.8008	-7.2235		-0.023556	11979	1
ACBD5	-7.2981	-7.2434		-0.020153	11980	1
ITGAV	-7.6127	-7.3082		-0.025478	11981	1
YBX1	-7.8456	-7.3666		-0.021727	11982	1
BRD2	-7.7359	-7.3758	-6.8181	-0.01916	11983	1
HLA-C	-7.6284	-7.3822	-7.1734	-0.023549	11984	1
COPZ2	-7.8004	-7.391	-7.0667	-0.026624	11985	1
RPS6KA2	-7.4925	-7.4512	-7.3478	-0.020555	11986	1
SLC6A10P	-7.6301	-7.47		-0.022187	11987	1
HLA-B	-7.7534	-7.4816		-0.024352	11988	1
EML4	-7.8498	-7.4996	-7.1826	-0.024376	11989	1
CA12	-7.465	-7.501	-7.4059	-0.024104	11990	1
KCNE5	-7.7654	-7.571	-7.3797	-0.025615	11991	1
HLA-G	-8.071	-7.5943	-7.2756	-0.023805	11992	1
CAPN2	-8.0226	-7.6255		-0.01975	11993	1
GIT2	-7.8296	-7.7017	-7.3367	-0.010884	11994	1
PDE9A	-8.0018	-7.7964	-7.5547	-0.025807	11995	1
LGR6	-8.273	-7.8076	-7.5576	-0.022791	11996	1
PMM2	-8.0652	-7.8443	-7.6785	-0.014722	11997	1
GFRA1	-8.0155	-7.9941	-7.9514	-0.021997	11998	1
CCZ1B	-8.2512	-8.0373		-0.024777	11999	1
HDAC1	-8.6185	-8.0411		-0.025158	12000	1
MCM3	-8.4031	-8.1621	-7.7863	-0.022936	12001	1
ZFAND6	-8.7607	-8.327		-0.026976	12002	1
NACC2	-8.4758	-8.3798		-0.022527	12003	1
RASSF8-AS1	-8.4009	-8.4275	-8.2497	-0.023398	12004	1
HLA-E	-9.3758	-8.936		-0.025279	12005	1
HLA-J	-10.197	-9.3179	-8.7789	-0.026525	12006	1
ANP32AP1	-10.476	-10.27		-0.02573	12007	1
A2M	-8.4427					
A2ML1	-1.7269					
A3GALT2	-1.503					
A4GALT	0.38053					
AADACL3	-4.2809					
AADAT	0.31283					
AAMP	0.71225					
AANAT	-2.1634					
AATK	0.22264					
ABAT	0.67376					
ABCA10	1.2939					
ABCA11P	-1.6489					
ABCA3	1.692					
ABCA8	0.36006					
ABCC10	0.65834					
ABCD3	-2.0428					
ABCD4	-1.2822					
ABCE1	-0.34296					
ABCF1	1.7272					
ABCF3	1.8059					
ABCG8	-2.5452					
ABHD14B	1.6501					
ABHD16A	1.6923					
ABHD16B	-3.3991					
ABHD18	-1.7469					
ABL1	-3.595					
ABLIM1	-2.8915					
ABRAXAS1	-0.097215					
ABT1	0.82191					
ACACB	-2.1612					
ACAD10	-1.1448					
ACAD11	0.8308					
ACAD8	-0.043923					
ACAD9	2.9374					
ACAT1	1.3207					
ACBD3	0.95369					
ACBD4	-2.1021					
ACBD6	-0.75863					
ACER2	2.7216					
ACIN1	-4.1738					
ACKR2	-2.2438					
ACLY	-1.5713					
ACOT11	-1.1223					
ACOT4	4.1378					
ACOT9	-2.1854					
ACOX1	2.3568					
ACP2	-0.31741					
ACP5	-0.81132					
ACP6	-4.2812					
ACRBP	-4.6486					
ACSM1	-1.7183					
ACSM2A	-4.4294					
ACSS1	-2.866					
ACTBL2	-2.8007					
ACTG2	0.41663					
ACTL10	0.16312					
ACTL9	-0.11963					
ACTR2	0.50767					
ACTR3BP2	1.0204					
ACTR8	2.0335					
ACTRT3	2.5864					
ACVR1B	-2.2388					
ACYP1	0.59273					
ADA	0.56629					
ADA2	-6.2758					
ADAM10	-0.09668					
ADAM29	-2.5744					
ADAM7	-1.286					
ADAMTS1	0.53887					
ADAMTS10	1.6306					
ADAMTS14	0.0057871					
ADAMTS7	0.12414					
ADAMTSL5	-2.8632					
ADARB2	1.8315					
ADAT1	0.55558					
ADAT3	-1.1242					
ADCK1	0.82153					
ADCK5	0.047043					
ADCY10P1	-2.2821					
ADCY5	-3.016					
ADCY6	-4.7097					
ADD2	2.6785					
ADGRB1	1.4809					
ADGRL1	1.1097					
ADH1C	-2.0642					
ADIPOR2	-4.2773					
ADPGK	0.75708					
ADPRM	-0.73725					
ADRM1	1.3253					
ADSS	0.54102					
AFAP1	1.5189					
AFF3	-3.9203					
AFMID	0.952					
AGAP2-AS1	0.034385					
AGBL2	-1.9743					
AGFG1	-0.20249					
AGGF1	0.11398					
AGPAT4	1.3206					
AGPAT4-IT1	-0.93331					
AGRN	0.34513					
AGT	-2.7861					
AGTRAP	-2.6374					
AGXT	-1.5608					
AHCTF1	-1.7894					
AHCYL2	-0.99207					
AHDC1	0.61163					
AHSA2P	-1.805					
AIDA	-0.83566					
AIF1L	-4.0362					
AIFM1	-0.0078299					
AIMP1	-1.0302					
AIMP2	0.76013					
AJM1	-5.3644					
AKAP8L	-1.6961					
AKIP1	0.2799					
AKR1A1	0.36806					
AKR1E2	0.99603					
AKT2	-2.9692					
ALAD	-1.1558					
ALAS2	-1.2478					
ALDH16A1	-0.80715					
ALDH18A1	-3.0118					
ALDH3B1	-3.6297					
ALG11	-1.2045					
ALG12	-1.0714					
ALG14	-0.90573					
ALG1L9P	1.1998					
ALG6	1.0922					
ALKAL1	-1.5432					
ALKBH4	-0.78527					
ALKBH6	1.6244					
ALOX12P2	-5.4953					
ALOXE3	-0.87429					
ALPP	-0.91722					
ALPPL2	-3.1053					
AMBRA1	1.9719					
AMDHD2	-4.6129					
AMER2	0.7251					
AMFR	-0.60822					
AMIGO3	-1.8494					
AMN	-1.8665					
AMOTL2	1.33					
AMPD2	1.3972					
ANAPC16	-1.7659					
ANAPC2	1.865					
ANAPC5	-1.2937					
ANGPT4	-4.0317					
ANHX	-1.833					
ANK2	-1.4218					
ANKAR	-1.2008					
ANKIB1	-1.6267					
ANKK1	0.11333					
ANKRD11	-2.3176					
ANKRD13B	2.9635					
ANKRD13D	0.22213					
ANKRD17	-0.8071					
ANKRD31	1.718					
ANKRD33	-1.2237					
ANKRD34A	3.3161					
ANKRD35	-0.91053					
ANKRD39	-0.035335					
ANKRD40	-2.4429					
ANKRD46	1.8477					
ANKRD52	0.29367					
ANKRD53	-0.74405					
ANKRD7	0.38921					
ANO4	-0.7597					
ANP32B	-7.1458					
ANP32C	-3.5104					
ANXA2R	-1.3					
ANXA7	0.2512					
AOC3	-1.6529					
AOX1	-2.5673					
AP1B1	-0.27548					
AP1G1	1.3452					
AP2A1	2.731					
AP3D1	-0.53683					
AP4M1	2.3075					
AP4S1	2.321					
AP5Z1	0.80683					
APBB1	2.5574					
APC	-3.7607					
APC2	-1.4569					
APCDD1L	-3.6554					
APCS	-2.5371					
APEX1	0.53165					
APLP1	0.52117					
APOA1	-2.9978					
APOD	-4.0418					
APOL3	-1.4988					
APOL5	-1.3138					
APOL6	-3.2468					
APOO	-0.13129					
APP	-0.58218					
APPL1	-1.3666					
APTX	0.68511					
AQP2	-2.8671					
AQP6	-2.6459					
AQP7	0.055091					
AQP7P1	-2.5805					
ARAF	-1.0899					
ARCN1	1.5808					
AREL1	0.27167					
ARF1	0.17283					
ARF5	3.4946					
ARF6	0.67859					
ARFGAP2	0.40277					
ARG1	3.2023					
ARHGAP1	2.3495					
ARHGAP17	-2.9469					
ARHGAP19	-0.29256					
ARHGAP21	-0.87987					
ARHGAP24	-3.0595					
ARHGAP27P1-BPTFP1-KPNA2P3	-0.67093					
ARHGAP35	-0.0027838					
ARHGAP5	-1.1148					
ARHGEF1	-2.5214					
ARHGEF15	-1.4743					
ARHGEF19	-1.4976					
ARHGEF37	-2.8804					
ARHGEF9	1.3852					
ARID4A	0.87062					
ARIH2OS	-0.45043					
ARL1	-0.18647					
ARL6IP6	-5.2352					
ARL8A	0.13658					
ARMC5	1.2488					
ARMC6	0.87141					
ARMCX5	3.4348					
ARPC1A	2.391					
ARRDC1	1.0138					
ARRDC2	-0.19209					
ARSA	0.13663					
ARSB	0.2709					
ARSD	-0.30594					
ARSE	1.0682					
ARSK	3.966					
ART5	-0.11377					
ARTN	-1.6075					
ASB10	-0.49715					
ASB16	-2.1549					
ASB16-AS1	-2.6482					
ASB18	-4.024					
ASB4	-4.4485					
ASCC1	-1.6913					
ASCC2	0.33624					
ASCL1	-2.387					
ASCL5	-1.6959					
ASF1A	-1.8606					
ASNA1	-0.91735					
ASPA	-0.40253					
ASRGL1	-3.7532					
ASTL	-2.5604					
ASXL1	2.0354					
ATAD3B	2.856					
ATAD3C	-1.8525					
ATAT1	4.3741					
ATF3	0.29621					
ATF6	2.0062					
ATF7	-1.2552					
ATF7IP	-2.7024					
ATG10	-0.19778					
ATG13	-0.30742					
ATG16L2	-1.6945					
ATG2B	-1.1763					
ATG3	-2.4107					
ATG4C	0.47669					
ATL3	-0.27114					
ATOH8	-0.93337					
ATP10B	-0.66765					
ATP11C	-2.3459					
ATP13A1	2.6094					
ATP13A2	0.34622					
ATP13A4	-1.5081					
ATP1A2	-3.5696					
ATP1B2	-1.0609					
ATP23	2.6391					
ATP2B2-IT2	-1.0598					
ATP5MC2	0.2714					
ATP5MD	-1.8024					
ATP5MG	-0.034588					
ATP5PD	-2.7317					
ATP5PO	0.23609					
ATP6V1B1	2.212					
ATP6V1F	0.28755					
ATP6V1G2	3.3707					
ATP8B5P	-3.4037					
ATRIP	-0.87443					
ATRN	-0.24503					
ATXN1L	-0.046425					
ATXN2	-0.4339					
AUP1	0.3858					
AURKC	-3.2105					
AVPR2	-0.73348					
B3GAT3	-0.79098					
B3GNT6	-4.0117					
B9D2	3.9379					
BACE1	-1.9094					
BACH1	-0.49454					
BAG6	-0.39344					
BAHD1	1.7604					
BAIAP2-AS1	1.8513					
BANP	2.2177					
BAP1	0.039822					
BARX1	-0.3567					
BATF2	-1.6645					
BAX	-1.1357					
BAZ1A	-0.21438					
BAZ2A	-0.076629					
BBS2	-1.7771					
BCAM	0.7273					
BCAP29	0.4252					
BCAT2	0.79087					
BCCIP	-1.8211					
BCL2L1	0.39618					
BCL9L	0.32886					
BCORL1	1.6206					
BCORP1	-3.3264					
BCS1L	-2.4559					
BDNF-AS	-3.1086					
BEST1	-2.6058					
BEST2	-6.8427					
BEST3	0.73998					
BET1	1.1286					
BFAR	0.85631					
BGN	0.023705					
BHLHE23	-0.65202					
BICRA	0.81286					
BIN3-IT1	-1.5272					
BIRC2	-1.294					
BIRC5	1.0103					
BLOC1S3	0.54136					
BLZF1	-2.8452					
BMF	-2.6894					
BMP10	-3.2839					
BMPR1A	-1.3803					
BMPR2	0.73513					
BMT2	0.29482					
BNIP1	-2.916					
BNIP3L	2.1111					
BNIPL	3.122					
BOD1L2	0.2313					
BOK	-1.145					
BORCS6	1.3755					
BORCS8	2.4961					
BORCS8-MEF2B	-2.586					
BPTF	-5.1696					
BRCC3	5.2529					
BRD3OS	0.85988					
BRD4	0.5408					
BRD7P3	-2.7933					
BRD9	-0.046636					
BRI3	0.14983					
BSCL2	-3.0283					
BSG	0.5808					
BSND	-2.6088					
BST2	-1.1069					
BTBD16	0.0095367					
BTBD17	-4.9634					
BTBD18	-2.9977					
BTBD2	-1.9671					
BTBD6	-3.6995					
BTG2	-4.9217					
BUD31	-0.8956					
C10orf90	-1.6248					
C10orf95	-0.33789					
C10orf99	-0.038787					
C11orf16	-1.96					
C11orf21	-0.64449					
C11orf42	-1.7111					
C11orf49	1.2442					
C11orf72	-2.0106					
C11orf94	-4.0169					
C12orf66	-0.4544					
C14orf93	-2.3676					
C15orf62	-1.7814					
C16orf90	-2.1635					
C16orf92	0.42832					
C18orf12	-0.61766					
C19orf18	-1.2839					
C19orf24	0.38					
C19orf33	-1.3838					
C1GALT1C1	-0.99592					
C1QBP	-3.6176					
C1QTNF6	-0.46617					
C1QTNF7	1.636					
C1orf112	-1.2204					
C1orf158	-1.2768					
C1orf159	1.2471					
C1orf189	-1.0368					
C1orf210	-0.021901					
C1orf229	-3.2671					
C1orf35	-2.0742					
C1orf43	1.575					
C20orf141	-3.1392					
C20orf144	-2.3017					
C20orf204	-2.5792					
C21orf33	-0.57577					
C21orf62-AS1	-4.6564					
C22orf24	0.85438					
C22orf46	-2.4185					
C2CD4A	-1.0222					
C2CD4B	-0.68654					
C2CD6	-2.6101					
C2orf76	-1.2089					
C2orf92	3.4858					
C3orf22	-2.63					
C3orf33	1.1193					
C3orf67	-1.582					
C4BPB	-2.5833					
C4orf19	-0.18918					
C4orf36	3.4436					
C5AR2	-2.1612					
C5orf15	1.1208					
C5orf51	0.8505					
C6orf15	-1.6468					
C6orf201	-1.233					
C6orf89	1.7393					
C6orf99	0.057748					
C7orf25	-1.7485					
C7orf26	-1.8451					
C7orf43	-1.5971					
C7orf61	-2.7117					
C8orf37	-1.6162					
C8orf48	-2.0326					
C8orf58	-1.0241					
C8orf74	-1.1855					
C8orf76	-0.99019					
C9orf106	-2.7504					
C9orf131	1.455					
C9orf139	-0.53318					
C9orf147	-1.7149					
C9orf163	-1.0699					
C9orf62	-3.1957					
C9orf85	-1.5631					
CA2	-3.2367					
CA5BP1	0.62812					
CABIN1	1.0582					
CABP2	-0.20942					
CABP4	-1.1332					
CABP5	-2.8512					
CACFD1	-6.3001					
CALCA	-3.7184					
CALCOCO2	0.21527					
CALY	3.418					
CAMSAP2	0.95757					
CAMSAP3	0.42057					
CAND1	0.078871					
CAPN13	0.65972					
CAPN5	2.9605					
CAPS	-3.3					
CAPZA1	2.4659					
CAPZA2	0.19849					
CARD10	-4.2587					
CARD6	-3.3349					
CARF	-0.46578					
CARM1	-0.71066					
CARMN	-1.1249					
CARS2	0.015644					
CASC3	-2.0122					
CASKIN1	-2.1888					
CASP4	-5.0794					
CASP7	-2.1924					
CASP8	-3.1601					
CASP9	0.0031471					
CASZ1	-0.90558					
CAT	-3.2904					
CATSPER2P1	-2.3351					
CATSPERE	-0.64411					
CAV1	-3.8846					
CBL	1.0121					
CBR1	-2.8472					
CBR3-AS1	-0.70423					
CBR4	-1.5138					
CBX3	-0.89482					
CBX4	-0.057128					
CBY1	-0.63583					
CC2D1B	-0.214					
CCAR2	4.163					
CCDC106	1.4191					
CCDC113	-1.6236					
CCDC114	-2.4499					
CCDC117	2.8933					
CCDC121	-1.9751					
CCDC137	-1.6765					
CCDC141	-1.2847					
CCDC15	-1.1891					
CCDC157	-1.4927					
CCDC166	0.15551					
CCDC170	-0.56936					
CCDC18-AS1	-3.1138					
CCDC185	0.33513					
CCDC28B	-1.954					
CCDC30	-0.29178					
CCDC34	0.68307					
CCDC40	-4.447					
CCDC43	-1.4154					
CCDC61	-7.3211					
CCDC69	-3.0481					
CCDC70	-3.8253					
CCDC71	-2.4195					
CCDC87	0.58183					
CCDC9B	-3.6313					
CCL17	-2.354					
CCL21	-2.8786					
CCL22	-2.6364					
CCL24	-1.862					
CCL25	-2.0958					
CCM2L	-2.8997					
CCNC	0.56844					
CCND2	-2.014					
CCNF	1.9346					
CCNG1	-0.68249					
CCNK	0.0028273					
CCP110	-1.0672					
CCR3	1.9033					
CCR7	-1.5354					
CCR9	-2.2627					
CCT3	-1.2311					
CCT4	1.2682					
CCT6P1	-0.53828					
CCT6P3	-3.4695					
CCT8	0.54411					
CCT8L2	-4.1423					
CD109	-1.7591					
CD19	-1.5995					
CD1B	-1.7075					
CD209	-2.8485					
CD22	0.27054					
CD27-AS1	-1.4007					
CD276	-1.8489					
CD300LB	-1.0619					
CD300LD	-0.33552					
CD37	-3.2257					
CD3D	-3.8124					
CD3E	-2.0073					
CD4	-5.8679					
CD40	-2.3826					
CD55	-1.061					
CD79A	-2.1087					
CD82	-5.9784					
CD9	-1.1426					
CDAN1	-1.0298					
CDC14C	-4.106					
CDC20	-2.2536					
CDC23	3.5489					
CDC25A	-0.66022					
CDC26	-1.3415					
CDC37L1	2.8881					
CDC42EP2	2.0285					
CDC42EP5	0.1494					
CDC73	2.4826					
CDCA3	-1.5456					
CDH16	-0.5848					
CDH19	1.1388					
CDH23	-1.8336					
CDH24	-1.6494					
CDH26	-4.489					
CDHR2	2.4162					
CDIP1	3.2541					
CDIPT-AS1	-0.91576					
CDK10	-0.71924					
CDK15	-3.0974					
CDK2AP2	-0.0098315					
CDK4	2.121					
CDK5R2	1.098					
CDK5RAP1	0.75596					
CDK6	-2.8972					
CDK7	-1.5234					
CDPF1	-3.5468					
CDS2	2.9287					
CDSN	-1.1023					
CEACAM1	-1.6067					
CEACAM21	-3.0303					
CEBPE	2.9078					
CEBPZ	-3.5245					
CEBPZOS	-1.911					
CELA1	-0.24946					
CELA2B	0.51863					
CENPK	-2.98					
CENPM	-2.5572					
CENPQ	-1.7692					
CENPT	-3.6515					
CENPU	-2.6073					
CENPV	0.7882					
CENPX	3.0111					
CEP164	-1.1205					
CEP170P1	0.16972					
CEP57L1	2.016					
CEP85	-3.2995					
CEPT1	0.42632					
CERCAM	-0.93094					
CES1	-5.8341					
CFAP161	-1.8874					
CFAP20	1.746					
CFAP74	-0.43957					
CFAP97D1	-4.046					
CFB	-1.7037					
CFDP1	-0.1309					
CFH	-3.8642					
CFHR3	-5.1928					
CH17-340M24.3	-0.78584					
CHAD	-1.6235					
CHAMP1	-0.75444					
CHAT	-3.7245					
CHCHD1	-0.13301					
CHD2	0.2456					
CHD4	-3.58					
CHERP	-0.31802					
CHIC2	1.4275					
CHKA	-1.0234					
CHMP5	0.011136					
CHPF2	2.0364					
CHRAC1	-0.47941					
CHRM5	0.40732					
CHRNB2	-2.8683					
CHRNE	0.56593					
CHST13	0.80464					
CHST3	-4.2141					
CHST5	-0.67246					
CHST6	-1.1926					
CHSY1	0.67803					
CHTF8	1.0002					
CHTOP	-0.37842					
CHURC1	-2.5835					
CIART	0.49576					
CIB3	-2.432					
CILP	-2.8847					
CILP2	0.60826					
CIR1	-3.9527					
CISD1	2.1739					
CITED1	0.72217					
CKAP4	1.7956					
CKAP5	-0.44838					
CLASP1	-1.2575					
CLCA4	-0.49676					
CLCF1	-0.75019					
CLCN1	-2.9648					
CLCN7	0.022349					
CLCNKA	-1.4897					
CLDN11	-1.1599					
CLDN14	-0.58015					
CLDN15	-3.0027					
CLDN19	-2.8436					
CLDN3	-1.6761					
CLEC12A	-4.2958					
CLEC14A	0.12274					
CLHC1	-0.0037835					
CLIC1	-6.7275					
CLIC3	0.66296					
CLIC4	-2.2122					
CLIP2	-0.11067					
CLN3	0.52761					
CLN5	-0.74655					
CLN8	-4.2861					
CLPTM1	-0.6057					
CLSTN3	4.8628					
CLTA	4.9096					
CLTB	-4.2544					
CLUH	-1.8263					
CMC1	-0.69246					
CMTM5	-1.0662					
CMTR1	1.048					
CNIH4	-0.47755					
CNN2	0.088761					
CNNM3	-0.51726					
CNOT3	2.5445					
CNP	-1.2752					
CNPPD1	-0.026639					
CNPY1	0.19897					
CNPY4	0.24265					
CNR2	-2.7777					
CNTFR	-1.0274					
COA5	2.0596					
COA7	1.2636					
COBL	0.18873					
COG4	1.6347					
COG8	5.8547					
COL14A1	-2.0516					
COL22A1	-1.3369					
COL25A1	1.1186					
COL4A5	0.053495					
COL6A6	-3.9319					
COL8A1	-1.1884					
COLCA2	-0.10435					
COLEC10	2.1107					
COLEC11	0.94558					
COLGALT1	4.0854					
COLGALT2	-0.14092					
COLQ	2.5952					
COMMD1	0.1644					
COMMD2	-1.2459					
COMMD3	-2.1334					
COMMD8	-1.5016					
COPB1	-0.93005					
COPG2	4.0357					
COPS2	-3.4639					
COPS7A	0.41576					
COPS7B	-2.6761					
COPS8	-0.17852					
COQ4	-2.5061					
COQ5	-0.66468					
COQ6	1.3084					
COQ8A	2.444					
COQ8B	0.28617					
COX15	0.74519					
COX18	0.4119					
COX19	-2.9183					
COX6B1	-0.35531					
COX6B2	0.57934					
COX6C	-2.7433					
COX7A2	-3.5842					
COX7B	-1.2857					
COX7C	-2.1529					
COX8A	0.50012					
CPD	0.74585					
CPEB1	1.3867					
CPM	-0.86376					
CPNE1	0.71318					
CPO	6.0035					
CPOX	-1.177					
CPQ	-2.7744					
CPSF2	0.96361					
CPT2	-4.8199					
CRAMP1	1.9131					
CRB3	-2.3939					
CRCP	-0.96416					
CRCT1	-0.37506					
CREB1	0.36489					
CREB3L1	-1.8401					
CREB3L4	-5.4313					
CREB5	0.23044					
CRK	-2.2434					
CRLF2	-2.5638					
CROCC	-0.85564					
CRTC1	1.2003					
CRY1	-1.1288					
CRYBB2	0.42923					
CRYBB3	-0.59387					
CSAG4	-0.28386					
CSE1L-AS1	1.4001					
CSF1	-0.18646					
CSF3R	-1.3168					
CSGALNACT2	-1.2695					
CSK	-0.4754					
CSKMT	-4.6591					
CSNK1A1	1.5187					
CSNK1A1L	-1.8919					
CSNK1A1P1	-1.6889					
CSNK1D	-2.4637					
CSNK1G1	-1.0277					
CSNK2A2	1.743					
CSNK2B	0.35471					
CSPG4P1Y	3.2226					
CSRNP1	0.79439					
CSRP1	-1.0272					
CST3	-0.3594					
CST5	-1.313					
CTAGE1	0.78306					
CTAGE11P	0.49083					
CTAGE7P	2.0315					
CTAGE9	0.28771					
CTDNEP1	0.8125					
CTDP1	0.85784					
CTDSP2	-1.3					
CTF1	-0.51512					
CTNNA3	-2.3471					
CTNS	1.0908					
CTPS1	3.2275					
CTRB1	-2.6122					
CTRB2	-4.6648					
CTRC	-1.8567					
CTSF	1.0953					
CTTN	-2.056					
CTTNBP2NL	-2.5688					
CTU2	1.5058					
CTXN2	4.055					
CUEDC2	-0.50723					
CUL7	-0.69071					
CUL9	6.2719					
CUTA	0.35058					
CWC15	-4.8807					
CWC27	1.2912					
CXCL14	5.4812					
CXCL6	-3.1766					
CXCR3	-0.65609					
CXXC1	1.9587					
CYB561D2	-2.0403					
CYB5D1	0.64026					
CYB5R2	-2.2092					
CYP11A1	-1.3349					
CYP11B1	-4.3162					
CYP17A1	-1.3656					
CYP26C1	0.034327					
CYP2A13	-0.1176					
CYP2B6	-1.9295					
CYP2C8	2.1717					
CYP2U1	0.63778					
CYP2W1	-2.9218					
CYP3A43	-3.4916					
CYP3A5	-0.87374					
CYP4A11	-3.4964					
CYP4B1	-3.299					
CYP4F11	-0.35635					
CYP4F35P	0.6795					
CYP4F8	-4.8527					
CYSLTR1	-3.844					
CYSRT1	0.2408					
CYTH2	2.2627					
CZ1P-ASNS	1.298					
D2HGDH	-0.17196					
DAAM2	-4.7724					
DAB2IP	-4.6869					
DAG1	-1.9179					
DALRD3	0.21949					
DAPK1	2.7249					
DAPK2	-0.12965					
DARS2	-3.6397					
DAZAP2	-4.0569					
DBET	-0.1121					
DBF4B	-2.2315					
DBIL5P	4.861					
DBR1	-2.0678					
DBX1	-1.0504					
DCAF12	-0.54383					
DCAF12L2	-3.1524					
DCAF13	0.0025166					
DCAF17	-1.4292					
DCDC1	-1.0118					
DCDC2B	0.4677					
DCK	1.0022					
DCST2	-3.6609					
DCT	-1.4721					
DCTN1	-6.5426					
DCTN5	0.35351					
DDIT4	-2.3833					
DDOST	0.81835					
DDR1	-4.1681					
DDT	-0.35416					
DDX11L2	-3.2131					
DDX17	0.63238					
DDX19A	-0.79291					
DDX21	-0.8362					
DDX42	4.4442					
DDX47	-3.7322					
DDX50	3.1482					
DDX51	3.5913					
DDX56	-0.32334					
DDX6	1.0098					
DDX60	-1.9726					
DDX60L	-4.0319					
DECR1	-2.6168					
DEDD	3.0762					
DEDD2	5.8537					
DEF8	0.10247					
DEFB118	-2.9666					
DEFB123	-1.9572					
DEFB132	-2.7311					
DEFB135	-2.5943					
DEGS2	-0.59554					
DENND5A	0.39888					
DEPDC4	0.79721					
DEPDC7	-2.165					
DESI1	-1.6261					
DGKQ	-5.3319					
DGKZ	0.21895					
DGLUCY	-3.139					
DHFR2	-2.3153					
DHH	-1.343					
DHRS13	-2.1652					
DHRS4L1	1.5793					
DHTKD1	-3.0529					
DHX30	2.2097					
DHX34	-4.2562					
DHX37	0.44968					
DHX38	1.235					
DICER1	-0.35263					
DIMT1	-4.3473					
DIRC1	-1.9143					
DKC1	-2.0772					
DKFZP434K028	-3.1309					
DKK4	-0.77977					
DKKL1	-1.3941					
DLL1	0.35177					
DLX1	3.1865					
DLX2	3.6221					
DLX4	-5.2019					
DMPK	-1.4552					
DMRTA1	-2.3496					
DMRTA2	-0.46517					
DMTF1	-0.22108					
DMTN	2.3607					
DMXL1	-1.446					
DMXL2	1.4754					
DNAJA3	-0.35172					
DNAJB11	-0.060829					
DNAJB12	-0.66073					
DNAJB13	-5.7847					
DNAJB4	0.17143					
DNAJB5	-1.0452					
DNAJB7	-3.9359					
DNAJC15	-4.4455					
DNAJC3	-4.1005					
DNAJC9-AS1	0.24301					
DNASE1	-0.49069					
DNASE2	-2.4398					
DNM1P35	1.2096					
DNM1P46	-2.5646					
DNM1P50	2.7157					
DNM2	-6.5062					
DNMT1	0.060545					
DNTTIP1	1.4623					
DNTTIP2	0.83681					
DOCK1	-3.2826					
DOCK10	0.19225					
DOCK11	-1.3508					
DOK2	0.2081					
DPAGT1	1.5505					
DPEP1	-1.677					
DPEP3	-3.7938					
DPF2	-2.4628					
DPF3	1.2301					
DPM1	0.56196					
DPRX	-0.06834					
DRAM2	-1.3893					
DRD4	2.9245					
DRG1	1.627					
DSE	0.014738					
DSN1	2.8589					
DTD2	-2.0392					
DUS2	3.3346					
DUSP10	0.69246					
DUSP12	1.82					
DUSP15	-0.5817					
DUSP16	0.54086					
DUX4	-0.60602					
DVL3	1.7359					
DYNC1I2	-1.4115					
DYNC1LI2	-1.6546					
DYNLRB1	-0.77095					
DYRK1A	1.0401					
DYRK1B	-0.31055					
DYSF	1.7747					
DYTN	-1.5336					
EAPP	0.4867					
EBLN2	0.62521					
EBLN3P	0.75536					
EBPL	2.0661					
ECM2	-1.3114					
EDC4	-0.21379					
EDRF1	-1.2279					
EEF1AKMT3	0.45691					
EEF2	-3.2824					
EEFSEC	-0.74107					
EFCAB12	-1.8502					
EFCAB14	-4.6495					
EFCAB6	0.43605					
EFCC1	-3.2726					
EFHD1	-1.714					
EFL1P1	-1.355					
EFNA1	-2.7687					
EFNA3	1.6988					
EFNA4	-1.7336					
EFS	-2.8402					
EFTUD2	1.3703					
EGFR	-2.8332					
EGLN3	-8.0803					
EHD4	-2.2961					
EI24	1.9243					
EID2	2.519					
EIF2AK3	2.028					
EIF2AK4	-0.96099					
EIF2B1	-2.1498					
EIF2B3	-1.5523					
EIF2B4	-0.83871					
EIF2S2	-1.4134					
EIF2S3B	-1.2601					
EIF3A	-3.6311					
EIF3F	-4.1392					
EIF3G	-2.67					
EIF3I	-2.1503					
EIF3IP1	0.14423					
EIF3J-AS1	2.0908					
EIF3M	-1.2383					
EIF4A3	0.85751					
EIF4B	0.3595					
EIF4H	-0.38848					
EIF5A	-1.3582					
EIF5AL1	-3.0623					
ELAC1	1.5839					
ELANE	-2.1983					
ELF1	-3.5842					
ELFN1	-2.8906					
ELOF1	-1.8522					
ELOVL2	0.061718					
ELOVL5	-0.8566					
ELP1	0.50961					
ELP4	-1.7001					
ELP5	-2.1566					
ELP6	-0.80279					
EMC1	1.9387					
EMC6	-0.85757					
EMC8	-0.70534					
EMC9	0.40709					
EMD	0.59998					
EME1	0.075688					
EMILIN1	-3.1847					
EMP2	-2.3571					
EN2	-3.1671					
ENDOV	2.1599					
ENGASE	-3.1032					
ENO1-AS1	0.10978					
ENOSF1	-1.5604					
ENPP2	-1.7793					
ENPP7	-1.0711					
ENTPD1-AS1	0.19829					
ENTPD2	0.24225					
ENTPD5	-3.6765					
EPB41L2	-0.34464					
EPB41L4A-AS1	-0.92826					
EPHA1	-1.5904					
EPHB4	2.1472					
EPHX3	-1.2644					
EPN1	2.4661					
EPS8L2	-0.80301					
EPSTI1	-0.38465					
ERAL1	4.2565					
ERAP1	0.95891					
ERAP2	-2.4338					
ERBIN	-5.1904					
ERCC3	1.246					
ERCC8	-0.21487					
ERF	0.50187					
ERG28	-0.18067					
ERGIC3	-1.6013					
ERI2	3.2662					
ERLEC1	5.1143					
ERMN	-1.2979					
ERN1	-0.68789					
ERN2	-3.5703					
ESPL1	-5.5913					
ESPN	-2.3346					
ESPNL	0.30227					
ESR1	-3.2352					
ESYT3	2.3939					
ETAA1	-1.554					
EVA1B	-2.6227					
EVPLL	0.46028					
EVX1	-3.0018					
EXOC3	-2.8596					
EXOC3L1	-1.4175					
EXOC6B	-0.88078					
EXOSC1	2.1655					
EXOSC5	0.83398					
EXT2	2.271					
F10	-1.2442					
F2R	-2.7762					
FA2H	-0.077102					
FAAP24	0.96604					
FABP1	0.82353					
FADD	-0.36633					
FAF2	0.61249					
FAHD1	-0.77687					
FAHD2B	0.22273					
FAHD2CP	1.3553					
FAM103A1	-2.7138					
FAM107B	-2.5564					
FAM110B	-1.1292					
FAM110D	1.8234					
FAM114A2	3.0661					
FAM122B	-0.47893					
FAM124A	-2.6474					
FAM138E	-4.1974					
FAM149B1	-5.2846					
FAM160B1	3.1576					
FAM163A	0.44394					
FAM174A	2.6744					
FAM180A	-1.6859					
FAM184B	-1.9032					
FAM186B	-1.2362					
FAM187B	0.58068					
FAM198A	0.47709					
FAM200A	0.21795					
FAM204A	2.0247					
FAM219A	-0.13584					
FAM219B	-0.42017					
FAM21EP	1.9787					
FAM228A	1.0862					
FAM238B	1.3286					
FAM35A	0.019406					
FAM3A	0.40047					
FAM3B	-3.6888					
FAM47C	-4.3549					
FAM50B	0.69775					
FAM53B	1.463					
FAM69A	-1.4186					
FAM72A	-0.91459					
FAM83E	-3.4285					
FAM86C2P	-1.9198					
FAM8A1	2.4002					
FAM92A1P2	0.48681					
FAM96A	-3.674					
FANCB	-1.1157					
FANCD2	2.6541					
FANCF	1.2331					
FARP2	0.38167					
FASN	0.81779					
FASTK	-0.1658					
FAXDC2	-1.5373					
FBF1	-1.2005					
FBLL1	3.2587					
FBLN1	-0.88307					
FBN3	-2.9026					
FBXL14	-1.5615					
FBXL17	1.7635					
FBXL20	-1.9802					
FBXL5	-1.1625					
FBXL7	-0.75705					
FBXL8	-0.5367					
FBXO24	0.75611					
FBXO25	1.716					
FBXO38	2.2125					
FBXO4	0.099257					
FBXO48	4.1247					
FBXO6	3.3327					
FBXO7	-0.63006					
FBXO8	-1.1714					
FBXW12	1.0949					
FBXW2	-0.19914					
FBXW4	-1.8701					
FBXW4P1	0.39933					
FBXW5	0.054072					
FCER2	-4.2292					
FCF1	-2.1681					
FCGR2B	-3.5558					
FCN3	0.41839					
FEM1A	-1.3075					
FEM1B	3.9013					
FFAR1	-0.064856					
FGD5-AS1	-0.59138					
FGD6	1.4888					
FGF14-AS2	-1.4003					
FGF3	-1.2129					
FGF8	-0.90479					
FGFR4	-5.4303					
FGFRL1	-1.0198					
FHL5	-1.1498					
FIGNL1	0.42529					
FIRRE	-0.52947					
FITM1	-1.8373					
FKBP15	-8.3568					
FKBP3	0.14098					
FKBP8	0.27616					
FLI1	-4.1754					
FLJ32255	-4.2234					
FLNB	-1.5628					
FLNC	0.89356					
FMNL1	-3.5521					
FMNL2	-2.6025					
FN1	-2.1081					
FN3K	-1.215					
FNBP1	-1.6685					
FNIP1	-0.50331					
FOLH1	-0.83402					
FOLH1B	-1.5411					
FOSL1	-0.57253					
FOXA3	0.70699					
FOXB1	-0.40394					
FOXC2	-0.51681					
FOXD3	-1.2882					
FOXH1	-1.6405					
FOXI3	-3.4089					
FOXJ2	1.5487					
FOXL1	-3.7462					
FOXR1	-1.1505					
FPR2	-1.5614					
FRG1	2.5691					
FRG1BP	-2.8382					
FRMD1	-1.2464					
FRMD4B	-0.53721					
FRMPD3	-2.3495					
FRS2	-1.3187					
FSD1L	-2.4611					
FTMT	-2.3463					
FTSJ1	-0.86229					
FUBP3	-1.6694					
FUS	-3.2393					
FUT3	-2.8181					
FUT5	0.15081					
FUT7	-1.4932					
FUT8	4.0244					
FUT8-AS1	1.1517					
FUZ	-1.687					
FXYD4	1.6573					
FXYD5	1.3367					
FYCO1	-3.5927					
G3BP1	0.015469					
G6PC	0.75971					
GAA	-0.72963					
GAB2	-1.4436					
GAB4	-3.9693					
GABARAPL1	1.492					
GABPA	-1.5473					
GABPB1	-1.6731					
GABPB1-AS1	0.0020104					
GABPB2	-2.7616					
GABRP	-1.096					
GADD45G	2.229					
GAK	1.2309					
GAL3ST1	-0.10541					
GAL3ST3	-3.0431					
GALC	-1.8096					
GALK1	1.1734					
GALNT6	0.030111					
GALNT7	0.10935					
GALR3	0.0162					
GANAB	3.8453					
GAPDHS	-0.25956					
GAS2L1	0.62724					
GAS8-AS1	1.428					
GATAD1	-1.5081					
GATC	0.88222					
GBA2	0.15205					
GBF1	1.1466					
GCK	-0.77062					
GCLC	1.1179					
GCM1	-2.6509					
GCN1	0.11173					
GDAP1	0.12011					
GDAP1L1	2.6149					
GDF15	0.04202					
GDF5OS	-0.15926					
GDI1	4.4873					
GDI2	2.2148					
GDNF	-2.2414					
GDPD3	-0.77517					
GEMIN2	1.907					
GEMIN6	4.4221					
GFRA4	-0.40232					
GFRAL	-5.7789					
GGA1	0.09749					
GGT8P	-0.026219					
GH1	-0.93933					
GH2	-1.3459					
GHITM	1.1973					
GHRHR	-5.0281					
GHRL	-2.7584					
GID4	-0.32908					
GIMAP1	0.56626					
GIMAP8	-1.9892					
GJA8	-0.48418					
GJB3	-2.5063					
GJB7	0.3643					
GJD3	-3.5223					
GLB1	-1.0937					
GLIPR2	0.13802					
GLIS2	-4.3004					
GLIS3-AS1	1.5397					
GLMP	-4.7574					
GLTP	-1.5923					
GLUL	-0.96892					
GMEB2	-4.137					
GML	0.81845					
GMPPA	2.8958					
GNAI1	1.3584					
GNAI3	-0.39123					
GNB1	2.4193					
GNE	1.0363					
GNPDA1	4.5455					
GNPNAT1	5.1615					
GNS	-0.21588					
GOLGA2P6	-1.3658					
GOLGA4	-2.1142					
GOLGA5	-0.092837					
GOLGA7	-1.2212					
GOLIM4	-3.3058					
GOLT1B	3.0142					
GORASP1	-4.4105					
GORASP2	1.2058					
GOSR1	-2.065					
GPAA1	0.26007					
GPALPP1	0.88025					
GPANK1	2.5976					
GPAT4	1.5725					
GPATCH11	-1.445					
GPBAR1	-1.2634					
GPHA2	-2.6952					
GPHB5	1.2118					
GPN3	-0.78779					
GPR12	-2.5498					
GPR132	-1.9069					
GPR139	-0.18816					
GPR142	0.077636					
GPR152	-0.078469					
GPR153	0.3037					
GPR156	-2.6037					
GPR157	-1.5756					
GPR17	-3.9648					
GPR182	-1.9014					
GPR3	-2.6572					
GPR37L1	-1.5072					
GPR52	-2.164					
GPR62	0.078979					
GPR75	-2.6395					
GPR78	-2.5294					
GPRC5B	-2.119					
GPS1	0.58155					
GPS2	0.48103					
GPSM3	-6.2074					
GPT	-1.2533					
GPX1	0.34975					
GPX2	-1.876					
GPX5	-3.3522					
GRAMD1A	0.56188					
GRB2	-2.863					
GRB7	0.25276					
GRIN2D	-0.48288					
GRINA	3.4438					
GRK2	-3.1111					
GRPEL1	1.3872					
GSK3A	1.2611					
GSN-AS1	-1.1978					
GSPT1	0.30251					
GSTO1	1.4033					
GSX1	-2.8651					
GTF2E2	-4.1267					
GTF2F1	-1.31					
GTF2H1	-0.20259					
GTF2H4	2.1658					
GTF3C1	3.1311					
GTF3C5	-0.30853					
GTPBP2	3.1262					
GTPBP3	1.8675					
GTPBP6	0.56135					
GTPBP8	-1.8258					
GUCA2A	-1.763					
GUCY2F	-1.4282					
GUF1	-0.66149					
GUSBP10	-2.7063					
GUSBP11	-2.0521					
GUSBP3	-3.1177					
GVINP1	-4.0426					
GYPC	-5.5702					
GZMH	-1.5865					
GZMM	-3.5322					
H1FNT	-2.1673					
H1FX	-0.51716					
H2AFV	1.3735					
H2AFZ	0.71134					
H6PD	-4.1588					
HABP4	0.2853					
HACD3	-1.8278					
HAGH	1.2122					
HAND2	-0.84629					
HAP1	-3.0887					
HAPLN1	1.5729					
HASPIN	-2.7524					
HAUS2	-1.5197					
HAX1	0.14329					
HBB	-3.6659					
HBEGF	-1.175					
HBS1L	2.306					
HCCS	1.2888					
HCFC1	0.48938					
HCG18	0.52694					
HCG4B	-3.3827					
HCRTR1	-2.6083					
HDAC10	3.524					
HDAC11	1.0841					
HDAC2	-3.0773					
HDAC3	-1.0359					
HDGFL1	1.0203					
HDHD5	1.5462					
HDHD5-AS1	0.36228					
HEATR1	-0.74449					
HEATR5B	2.476					
HEATR6	-0.61479					
HECTD3	-0.83174					
HELZ2	-0.052955					
HENMT1	3.4871					
HEPN1	-1.777					
HERC2	1.3113					
HERC2P11	-1.0979					
HERC4	2.3567					
HES7	1.365					
HGC6.3	-1.1362					
HHATL	-2.9863					
HIBCH	-3.3696					
HIF1A	0.051842					
HIGD2A	-0.17306					
HIGD2B	-0.23881					
HIKESHI	0.78103					
HILPDA	-2.7825					
HIP1	-3.8501					
HIPK1-AS1	0.93715					
HIPK2	-2.259					
HIPK3	2.3661					
HIRIP3	0.59904					
HIST1H2AB	0.50414					
HIST1H2AC	-2.414					
HIST1H2BG	-1.219					
HIST1H3E	-2.4557					
HIST1H3F	2.2888					
HIST1H3G	-1.9037					
HIST1H3H	0.72642					
HIST1H4D	0.7101					
HIST1H4F	-0.50695					
HIST1H4J	-0.83682					
HIST1H4K	-0.17004					
HIST2H2AB	0.46649					
HIST2H2BC	-3.4155					
HIST3H3	-1.9859					
HK1	1.8787					
HLA-DQB2	1.6342					
HMG20A	-0.75214					
HMGA1	0.33094					
HMGB3P1	-1.4956					
HMGCLL1	2.6567					
HMGN4	1.6714					
HMHB1	-3.4785					
HMX1	0.5653					
HMX2	-1.1152					
HMX3	-0.92141					
HNF1A	0.1505					
HNF1A-AS1	-2.913					
HNRNPA1	-1.4704					
HNRNPA1P33	-2.0575					
HNRNPCL1	-5.1668					
HNRNPH2	0.21192					
HNRNPH3	-4.1664					
HNRNPKP3	-1.3142					
HNRNPM	-1.3768					
HOOK2	3.4961					
HOOK3	-1.0211					
HOXA3	0.36483					
HOXB-AS3	-3.7131					
HOXB3	-1.7648					
HOXB7	-3.9548					
HOXC12	-1.5355					
HOXD8	-2.1606					
HP1BP3	2.5496					
HPR	-0.31907					
HPRT1	3.806					
HPS3	-2.3457					
HPS5	-2.4388					
HRH4	-3.6871					
HS1BP3	-0.14109					
HS3ST3A1	-2.4211					
HSP90B1	-1.6726					
HSPA2	-0.72165					
HSPA7	-0.24461					
HSPBP1	2.1133					
HTRA1	-1.8518					
HTRA2	-0.02668					
HUS1	-2.2788					
HUS1B	-1.1106					
HUWE1	-0.75867					
HYOU1	2.5946					
IAH1	1.5619					
IAPP	-3.9145					
IARS	1.0117					
IBA57	-1.5458					
ICAM4	-1.1973					
ICOSLG	-1.9604					
ID3	-0.81236					
IFI35	-0.3041					
IFI44L	-8.3153					
IFIT3	-3.0741					
IFITM1	-3.1856					
IFITM3	-6.0619					
IFITM5	-2.8757					
IFNAR1	-4.105					
IFNGR1	-6.9703					
IFNGR2	-1.0774					
IFNL2	-1.3519					
IFNL3	-2.3274					
IFT140	-0.70503					
IFT43	-0.3036					
IFT46	1.1102					
IFT52	0.67697					
IFT88	-0.71519					
IGBP1	-1.0211					
IGF2-AS	-1.3203					
IGF2BP2	-1.1518					
IGF2R	-0.053508					
IGFBP7	-2.4736					
IGFL3	-6.2929					
IGHMBP2	4.5606					
IGSF23	1.2069					
IGSF8	2.9515					
IKZF2	-0.21475					
IKZF4	-0.3212					
IL11	2.3426					
IL11RA	1.5942					
IL17REL	-1.0772					
IL18BP	-5.5528					
IL18R1	-2.5986					
IL21R	-0.73164					
IL23A	1.9237					
IL26	0.60314					
IL27	-2.4373					
IL2RB	-0.093875					
IL36B	0.035185					
IL9R	-3.6622					
ILDR1	-1.39					
ILKAP	-0.5685					
ILVBL	0.62687					
IMMP1L	-0.82104					
IMP3	1.1363					
IMPDH2	-0.069299					
IMPG1	2.3638					
INAFM1	1.9147					
INCA1	0.56587					
INE1	-1.504					
INHBC	-2.059					
INO80D	-1.7814					
INPP1	-0.85332					
INPPL1	-2.1073					
INTS1	-1.0938					
INTS11	2.0304					
INTS14	-1.0165					
INTS2	0.79562					
INTS5	0.13571					
INTS7	0.91331					
INVS	-0.79802					
IPMK	-0.92763					
IPO4	-1.17					
IPO9	-4.3371					
IPPK	1.1321					
IQCB1	1.0025					
IQCH	-0.22069					
IQGAP1	-1.5272					
IQGAP3	-1.4577					
IRAK3	-1.8572					
IRAK4	-4.2364					
IRF2	-0.65254					
IRF7	-5.6024					
IRF9	-3.8164					
IRGC	-0.93832					
IRX1	-3.2528					
IRX3	-0.96191					
IRX4	-3.9273					
ISG20	-0.19847					
ISM2	-0.56276					
ISPD	-0.14799					
IST1	-1.3719					
ISX	-3.7084					
ISY1	-0.89459					
ITGA3	3.6549					
ITGAE	-1.2062					
ITIH4	1.1033					
ITPKB	-4.2952					
ITPR3	-0.24334					
ITPRIP	-2.959					
ITSN1	1.3884					
IVL	-1.9632					
IWS1	-3.3673					
JAG1	-0.27119					
JAGN1	0.18635					
JAM3	0.35119					
JHDM1D-AS1	0.58552					
JKAMP	0.7484					
JMJD8	-0.53202					
JPH2	0.62299					
JRKL	5.3685					
JTB	1.3367					
JUNB	0.26426					
KAAG1	-0.40748					
KANK2	-6.8359					
KARS	-0.63561					
KAT2B	-3.182					
KAT5	0.70524					
KATNA1	-2.0258					
KATNB1	0.063357					
KBTBD13	-3.8344					
KBTBD7	1.6678					
KCNAB1	1.4937					
KCND1	-3.4819					
KCNE3	-2.6267					
KCNF1	1.9501					
KCNJ10	-4.0664					
KCNJ13	-1.4254					
KCNK5	-1.89					
KCNK6	-0.2139					
KCNK9	-0.29381					
KCNN1	-3.2872					
KCNQ1OT1	-1.6619					
KCNQ3	0.55215					
KCTD11	-5.0919					
KCTD13	-0.01667					
KCTD14	-2.6694					
KCTD18	-0.11508					
KCTD5	-0.98918					
KCTD7	-3.8235					
KDELR1	0.26877					
KDELR2	0.6857					
KDM2A	0.5931					
KDM4D	0.44718					
KDM6A	-0.38591					
KDM8	4.1771					
KDSR	-3.0657					
KIAA0319L	2.4163					
KIAA0556	3.6776					
KIAA0754	-3.2544					
KIAA1143	-2.4606					
KIAA1755	-0.2329					
KIAA1958	-0.38458					
KIAA2013	0.55864					
KIAA2026	-0.4497					
KIF13A	-0.16944					
KIF13B	-2.4815					
KIF19	0.83846					
KIF1A	-5.766					
KIF20A	-5.0538					
KIF25	0.94393					
KIFC3	1.8365					
KIR3DL3	-0.91442					
KIRREL1	-1.7412					
KISS1	-0.21859					
KISS1R	-0.79441					
KLF1	-2.1316					
KLF14	-3.1675					
KLF16	2.33					
KLHDC4	1.271					
KLHDC7A	-3.6642					
KLHL22	3.1508					
KLHL32	0.099184					
KLHL7	-2.7205					
KLK12	-0.48187					
KLK14	-2.7949					
KLK15	-2.606					
KLK2	-1.6614					
KLK3	-3.3483					
KLK8	-1.9881					
KLK9	-2.2492					
KLKB1	-1.2251					
KLLN	3.081					
KMT2B	2.9396					
KMT2C	-1.3519					
KMT5C	3.1526					
KNOP1	-0.78389					
KNSTRN	1.02					
KPNA1	1.4873					
KPNA3	-2.6189					
KPNA6	0.26569					
KPNB1	-1.8481					
KRBA2	0.63172					
KRBOX1	-1.1303					
KRCC1	-5.2354					
KRT15	-2.2367					
KRT17P5	1.6295					
KRT18	-0.70848					
KRT7	-3.1177					
KRT78	-2.0702					
KRT81	-4.1544					
KRT8P41	-2.0381					
KRT9	-1.2369					
KRTAP1-3	-2.2981					
KRTAP10-11	0.68736					
KRTAP10-12	-2.5669					
KRTAP10-3	-0.8079					
KRTAP10-6	-0.74967					
KRTAP10-8	-2.3829					
KRTAP10-9	0.4596					
KRTAP12-1	1.4972					
KRTAP12-2	0.9153					
KRTAP12-3	-0.27684					
KRTAP12-4	-1.2974					
KRTAP13-1	-6.1936					
KRTAP13-4	-3.9497					
KRTAP19-1	-3.6233					
KRTAP19-5	-5.0683					
KRTAP19-7	-0.81953					
KRTAP19-8	-4.8592					
KRTAP2-1	-2.3553					
KRTAP2-3	-1.4791					
KRTAP20-2	-1.6937					
KRTAP21-1	0.70679					
KRTAP22-1	-4.4567					
KRTAP23-1	-1.6211					
KRTAP3-2	0.0184					
KRTAP4-1	-1.6726					
KRTAP4-11	-2.2373					
KRTAP4-12	-0.50439					
KRTAP4-4	-1.0812					
KRTAP5-10	-1.9107					
KRTAP5-11	-0.91611					
KRTAP5-3	0.40483					
KRTAP5-5	0.64208					
KRTAP5-AS1	-0.21053					
KRTAP6-2	0.037674					
KRTAP8-1	-4.7866					
KRTCAP2	-5.1878					
KTN1-AS1	-1.765					
KYAT3	-0.56549					
L3HYPDH	-1.9701					
LALBA	-1.2413					
LAMC2	-3.6089					
LAMP1	-1.8857					
LAMP2	-1.7437					
LAMTOR5	-0.91658					
LAP3	-2.8699					
LARGE2	-3.1044					
LARP4B	-0.16184					
LARS	-3.1858					
LAS1L	2.4851					
LATS1	2.3878					
LBHD1	-1.7834					
LBR	-2.9555					
LBX1	-1.4668					
LBX2	-0.71502					
LBX2-AS1	-1.07					
LCE1A	-3.1768					
LCE1C	-1.311					
LCE1D	-4.1041					
LCE2C	-0.68258					
LCE2D	-1.6641					
LCE3A	-0.96131					
LCE3E	-2.9565					
LCE5A	-2.0175					
LCE6A	1.1509					
LCMT2	5.2894					
LCN6	-0.95221					
LCNL1	-1.2433					
LCOR	3.1572					
LDHAL6A	-2.1584					
LEF1-AS1	-5.3827					
LENEP	-4.1009					
LETMD1	1.9721					
LGALS14	-2.6076					
LGALS3BP	-7.985					
LGALS9	-1.5515					
LGALSL	2.4693					
LGMN	2.6126					
LHFPL2	-2.7542					
LHX1	-1.5533					
LHX3	-2.9639					
LIFR	-2.9435					
LIG3	-1.7259					
LIG4	0.5636					
LILRA1	-3.5809					
LILRP2	-6.3004					
LIMCH1	0.26881					
LIMD1	-6.6167					
LIMS1	-1.9138					
LIN28B-AS1	0.029608					
LINC00158	0.80975					
LINC00167	-2.0641					
LINC00174	-2.9213					
LINC00304	-3.7909					
LINC00324	0.18473					
LINC00367	-3.5863					
LINC00471	-0.29253					
LINC00482	0.041396					
LINC00506	2.0781					
LINC00526	0.53919					
LINC00537	-2.7708					
LINC00597	0.58067					
LINC00608	-2.0893					
LINC00626	-3.584					
LINC00641	0.10518					
LINC00663	-0.27854					
LINC00671	-1.4849					
LINC00844	-1.2826					
LINC00852	-0.029522					
LINC00869	2.2023					
LINC00894	-0.094334					
LINC00926	1.078					
LINC01023	-3.4319					
LINC01126	-3.8496					
LINC01144	-2.412					
LINC01146	-2.7593					
LINC01233	-0.65868					
LINC01396	0.8863					
LINC01399	-1.2745					
LINC01431	-1.0989					
LINC01480	-2.5641					
LINC01506	-4.5036					
LINC01590	-5.4041					
LINC01596	-0.074362					
LINC01607	-1.7332					
LINC01672	-1.1097					
LINC01686	-3.2354					
LINC01783	-3.9479					
LINC01792	-0.33947					
LINC01869	-1.8558					
LINC01881	2.5393					
LINC01949	-1.9996					
LINC01976	-1.1969					
LINC01993	-1.8678					
LINC02004	-2.0555					
LINC02014	-2.6847					
LINC02249	-1.4326					
LINC02550	-2.0194					
LIPA	-0.13422					
LIPN	-4.9046					
LIPT1	0.11386					
LIPT2	-3.233					
LLCFC1	0.21077					
LMAN1	-1.1632					
LMAN1L	-2.3409					
LMAN2	0.60161					
LMBR1L	0.15639					
LMBRD1	0.030409					
LMF2	1.4024					
LMOD1	-3.3099					
LOC100126784	2.7998					
LOC100128079	-3.6771					
LOC100128164	0.24822					
LOC100128288	-0.3538					
LOC100129434	-0.99033					
LOC100129917	-1.4268					
LOC100130357	-1.225					
LOC100130691	0.077262					
LOC100132057	-1.3086					
LOC100132249	-3.9545					
LOC100132356	0.61844					
LOC100133050	-1.9819					
LOC100133331	-4.3812					
LOC100268168	0.65529					
LOC100270746	-0.17298					
LOC100289361	3.9427					
LOC100335030	-0.34895					
LOC100419583	1.1348					
LOC100506302	-0.39165					
LOC100506544	-3.8223					
LOC100506548	-2.9667					
LOC100506725	-2.0395					
LOC100506844	-1.6813					
LOC100507377	1.2189					
LOC100507487	-0.3431					
LOC101927502	-2.9508					
LOC101927765	-0.44952					
LOC101928068	0.92043					
LOC101928504	-0.45868					
LOC101929122	-1.6135					
LOC101929229	1.0227					
LOC101929384	3.9703					
LOC101930370	-1.2487					
LOC102606465	-0.67273					
LOC102723566	-0.98726					
LOC102723753	-3.8678					
LOC105372990	-4.8206					
LOC105379511	0.93694					
LOC107984035	-3.1509					
LOC107984974	-2.7098					
LOC108783654	4.22					
LOC145694	-1.6925					
LOC149373	0.24673					
LOC286359	-0.70596					
LOC389199	-2.0611					
LOC389641	-0.51401					
LOC389906	-0.4377					
LOC391322	-2.219					
LOC399815	-0.13999					
LOC400682	-0.51401					
LOC400684	2.6318					
LOC401127	-1.3124					
LOC401320	-0.65266					
LOC439933	-4.1293					
LOC440300	2.3907					
LOC440570	-0.39304					
LOC441081	0.045898					
LOC441155	-3.0424					
LOC441454	-5.5528					
LOC441601	-4.8017					
LOC541472	-4.2572					
LOC641746	-6.0738					
LOC643201	-1.0728					
LOC643387	0.048071					
LOC643802	-0.92647					
LOC645513	-4.1275					
LOC653160	1.3248					
LOC728613	-0.4953					
LOC729603	-2.076					
LOC731157	-1.0996					
LOC91548	-1.4182					
LONRF1	2.6342					
LPAR1	-3.1423					
LPIN1	-2.5212					
LPIN3	-3.1366					
LRBA	-1.3758					
LRIG1	-3.4975					
LRIT2	-2.396					
LRP1	0.53934					
LRP10	-1.9185					
LRP11	-0.42703					
LRP6	0.17354					
LRRC1	-2.963					
LRRC10B	-2.3977					
LRRC15	-1.433					
LRRC24	2.7354					
LRRC26	-1.4755					
LRRC29	0.51862					
LRRC3	-0.31054					
LRRC41	-2.6909					
LRRC47	3.453					
LRRC63	-5.4535					
LRRC66	0.11289					
LRRC70	0.24667					
LRRCC1	-2.1216					
LRWD1	1.4387					
LSM1	-0.56714					
LSM10	1.5915					
LSM12	-1.6758					
LSM14A	-2.3592					
LSM2	-1.7922					
LSM6	1.6624					
LSM8	-1.8931					
LSS	-0.26979					
LTA	-5.3108					
LTA4H	4.6608					
LTB4R	-2.8091					
LTB4R2	-4.1253					
LTBP1	-0.75199					
LTBP2	-1.3614					
LTBP3	-2.4789					
LY6K	-0.57294					
LYAR	-1.9737					
LYL1	-2.5085					
LYPD2	-0.56509					
LYPD3	-1.4734					
LYPLA2	-2.4199					
LYSMD3	-0.22283					
LZTS2	0.30747					
M6PR	-1.7159					
MAB21L2	-1.0767					
MAB21L3	-2.0466					
MACF1	-5.246					
MAEL	0.97442					
MAF1	-0.54074					
MAFA	-0.11546					
MAFG-AS1	-1.7154					
MAFIP	-3.4264					
MAGEA6	-3.7951					
MAGED2	-2.0042					
MAGEE2	7.3038					
MAGOH	0.82402					
MAGOHB	-0.50046					
MAGT1	-2.1298					
MAK16	2.9793					
MAL	-0.74062					
MALSU1	0.28327					
MALT1	0.69992					
MAMSTR	-4.9823					
MAN2B1	-7.0403					
MAN2C1	1.2273					
MANBA	0.46881					
MANEA	0.25818					
MAP1S	-2.3763					
MAP3K1	-3.17					
MAP3K11	-0.59935					
MAP3K19	-1.254					
MAP3K2	-0.19842					
MAP3K7	-3.2892					
MAP4K4	-4.2233					
MAP4K5	-1.3543					
MAP7	-1.6884					
MAP7D1	1.4881					
MAPK12	3.5782					
MAPK8IP3	-1.3006					
MAPT	0.53341					
MARCH11	-0.46789					
MARCH5	1.5331					
MARCH9	0.2447					
MARCKSL1	-2.9682					
MARK2	-0.60401					
MARK3	-2.7729					
MARVELD1	-1.4171					
MAS1L	-3.4392					
MAST1	2.8944					
MAST2	-2.3363					
MASTL	-1.9378					
MATN1-AS1	-0.88585					
MAU2	-0.98742					
MAVS	-1.5677					
MBD4	0.40422					
MBIP	-0.38706					
MBNL1	0.57329					
MCAT	-1.6633					
MCC	-2.5245					
MCCD1	-7.1949					
MCL1	-6.3621					
MCM3AP	1.0345					
MCM4	0.41513					
MCM9	-3.111					
MCPH1-AS1	-5.557					
MDFI	-2.1472					
MDM1	0.40212					
MDM4	-0.88421					
MDN1	-1.1369					
MED1	-2.7535					
MED12	-0.7859					
MED13L	-0.5504					
MED14	-0.32943					
MED15	-0.38076					
MED18	-2.9415					
MED25	0.18488					
MED28	3.4846					
MED6	2.1987					
MEFV	-1.8048					
MEG8	-1.4092					
MEGF10	-0.5289					
MEN1	2.262					
MESP2	-0.79776					
METAP1D	-1.3616					
METTL16	-4.7216					
METTL22	0.015324					
METTL23	-2.3854					
METTL26	3.4512					
METTL27	1.8895					
METTL2B	-3.5789					
METTL4	-1.4622					
MEX3B	1.6685					
MFSD11	3.9064					
MFSD14B	-1.2535					
MFSD3	2.3614					
MFSD5	1.3004					
MFSD6L	-1.2738					
MGAT2	0.13174					
MGME1	-2.4818					
MGRN1	3.7403					
MIA2	-1.8336					
MICALL2	0.93993					
MICU1	1.6306					
MID1IP1	-2.2446					
MIDN	-0.42712					
MIEF2	0.36769					
MIEN1	0.38511					
MIER2	-1.0569					
MIF4GD	-1.3577					
MINCR	-1.9212					
MINDY1	-3.8246					
MIOX	-5.8633					
MIR205HG	-4.2106					
MIR7515HG	-3.343					
MIS12	-1.06					
MISP3	-7.563					
MITD1	-2.1168					
MIXL1	-1.8995					
MKRN3	0.33066					
MKRN7P	-1.1419					
MKS1	-1.8381					
MLF2	1.6563					
MLST8	-0.2615					
MMADHC	-0.61721					
MMP19	-1.5045					
MMP9	-0.89618					
MNX1-AS1	-0.92359					
MOB1A	-3.6168					
MOCS3	1.5238					
MON1B	-3.475					
MORC2	1.2982					
MORC3	-0.43088					
MORF4L2	1.8508					
MORN1	-0.16036					
MOS	-2.24					
MPG	1.1347					
MPHOSPH8	-0.71629					
MPIG6B	-3.5484					
MPPED2	3.0389					
MPZ	-3.2526					
MRFAP1L1	2.9546					
MRGPRE	0.02069					
MRGPRG-AS1	-0.092069					
MRGPRX4	-3.3434					
MRI1	-1.3013					
MRM2	1.2301					
MROH1	-1.0586					
MRPL11	-4.5862					
MRPL13	-1.7386					
MRPL17	0.65476					
MRPL2	0.40022					
MRPL21	-1.4606					
MRPL3	2.6283					
MRPL32	-0.0084153					
MRPL36	-0.8594					
MRPL38	2.7055					
MRPL40	-0.83023					
MRPL45	1.0901					
MRPL46	1.8263					
MRPL54	0.4708					
MRPL57	-1.3958					
MRPL9	2.3457					
MRPS17	-0.35126					
MRPS18B	1.6733					
MRPS23	-0.83943					
MRPS24	1.2566					
MRPS27	4.6094					
MRPS34	4.5693					
MRPS35	1.5523					
MRPS7	-0.18471					
MSH6	0.64036					
MSI1	-1.4109					
MSL1	0.15785					
MSL3P1	-3.2607					
MSMP	0.079278					
MST1	-0.54081					
MSTO1	0.74465					
MTA1	-0.084469					
MTERF3	-0.97274					
MTF1	-2.6995					
MTFMT	-0.72385					
MTFR1L	-1.3398					
MTHFR	1.5851					
MTHFSD	0.66261					
MTMR10	-1.9058					
MTMR7	-0.23608					
MTMR8	0.79765					
MTOR	-1.971					
MTREX	1.3924					
MTURN	-1.4879					
MTUS1	-2.0491					
MTX1	-0.32063					
MUC12	-0.41108					
MUC2	0.21617					
MUC3A	-2.6544					
MUC5AC	-3.9578					
MUC5B	-4.2334					
MUC6	-4.0133					
MUSK	-1.238					
MVB12A	-1.0448					
MXD3	-2.3336					
MYADML	-0.083765					
MYBL2	-1.2316					
MYCL	-3.6658					
MYEF2	2.2122					
MYEOV	-2.6452					
MYH11	1.1345					
MYH14	-2.6					
MYH3	-1.1894					
MYH9	-3.1086					
MYL7	3.1076					
MYL9	-0.37478					
MYO15B	-0.15463					
MYO18A	-2.9767					
MYO1C	-1.2259					
MYO1D	-0.13455					
MYO3A	-1.8454					
MYO6	-3.3903					
MYOD1	-3.4646					
MYOG	-5.5896					
MYORG	-1.3662					
MYOT	-0.25946					
MYRF	-0.6568					
NAA25	1.6351					
NAA60	-2.4527					
NAALADL2	-2.275					
NACAP1	-3.7975					
NADK	5.1316					
NADSYN1	0.048677					
NAF1	2.7632					
NAIF1	4.3757					
NAIP	-1.3113					
NALCN	-0.31347					
NANOG	-0.51492					
NANOS3	3.0063					
NANP	1.3928					
NAP1L4	0.63761					
NAP1L6	3.8753					
NAPRT	2.6994					
NAPSA	-1.9523					
NARF	1.2619					
NARS2	-0.033451					
NASP	-4.4273					
NAT16	-4.6253					
NBEAL1	-0.28183					
NBN	1.4701					
NBPF22P	-3.3022					
NBR2	0.6232					
NCAPD3	1.0015					
NCAPH	-0.68456					
NCBP1	0.093161					
NCBP2-AS2	2.9019					
NCBP3	-2.9348					
NCCRP1	-3.3598					
NCF4	0.56762					
NCK1	-0.23612					
NCKAP5L	-1.4788					
NCL	-1.2138					
NCOA1	-2.0112					
NCOA4	0.39074					
NCOA5	1.0248					
NCOR1P1	-1.8471					
NCR3	0.73414					
NCSTN	0.26427					
NDNF	3.095					
NDOR1	-2.5898					
NDRG1	-1.666					
NDST1	-3.1274					
NDUFA1	-1.5586					
NDUFA2	-1.2704					
NDUFA4	-2.3964					
NDUFA8	0.72584					
NDUFA9	-0.49639					
NDUFB11	-0.74204					
NDUFB2	0.70381					
NDUFB4	-0.68136					
NDUFB7	2.2265					
NDUFS3	-0.0059847					
NDUFS5	1.7416					
NDUFS8	-0.21683					
NECAP1	-1.4105					
NEIL2	0.23854					
NEK3	-0.51689					
NEK7	-1.8543					
NEK9	-0.14597					
NELFB	-1.2681					
NELFCD	-2.2459					
NEMP1	2.927					
NEMP2	-0.14044					
NEO1	-0.28165					
NEU3	-0.52751					
NEURL2	0.42342					
NEURL4	2.1645					
NEUROG1	-1.9126					
NEUROG3	-2.1405					
NFAM1	-1.2801					
NFASC	0.66188					
NFATC4	-3.1713					
NFKBIB	-2.081					
NFRKB	0.54421					
NFYA	2.5336					
NGRN	-0.78094					
NHEJ1	-1.575					
NID2	4.5737					
NIFK-AS1	-6.3162					
NIPAL1	-0.53012					
NIPBL	-1.3932					
NIPSNAP3B	4.5934					
NIT1	1.718					
NKAP	-1.079					
NKAPD1	-0.84265					
NKIRAS1	-2.8505					
NKIRAS2	2.7208					
NKX2-2	-1.2815					
NKX2-3	-0.86885					
NKX2-5	0.24184					
NKX2-6	1.3951					
NKX2-8	-1.938					
NLGN2	2.3711					
NLGN4Y	-0.16489					
NLRC3	-4.9936					
NLRC5	-0.32256					
NLRP11	-3.3637					
NLRP2	1.4698					
NLRP3	2.2931					
NLRP9	-2.8011					
NME6	-1.4574					
NME7	2.0321					
NMUR1	-0.05497					
NNT	2.4453					
NOA1	-1.2833					
NOC4L	3.1671					
NOL11	0.24647					
NOL12	-1.6554					
NOL6	-4.1872					
NOL7	-1.3719					
NOLC1	0.15048					
NOMO1	2.1289					
NOP10	0.87831					
NOP14	-4.5542					
NOP14-AS1	-2.2731					
NOSIP	1.5168					
NOTCH1	-0.87872					
NOTCH2	-1.3047					
NOTCH2NL	-3.1257					
NOTUM	0.058625					
NPAP1	-1.1821					
NPAS2	1.8502					
NPBWR1	-0.73774					
NPC1	-1.3893					
NPC1L1	0.63699					
NPEPPS	-1.0056					
NPFF	-1.8423					
NPHS2	-2.9009					
NPLOC4	0.044385					
NPPC	2.2651					
NPRL3	2.0194					
NPW	-1.5169					
NPY4R	0.72562					
NRARP	-0.56954					
NRBP1	3.7916					
NRBP2	-1.4914					
NRM	-0.97374					
NRROS	-2.402					
NRSN2	-0.63698					
NSD1	-1.8656					
NSL1	-2.1997					
NSMCE3	0.24163					
NT5C2	-1.7202					
NT5C3B	0.063312					
NTM-AS1	-0.41362					
NTN1	-2.1248					
NTN3	-2.3625					
NTN5	2.0403					
NTPCR	0.99168					
NUBP2	-2.4287					
NUBPL	1.3434					
NUCB1	-2.6875					
NUCKS1	-0.046472					
NUDC	2.7392					
NUDCD2	-0.10357					
NUDT13	1.9353					
NUDT19	-0.20839					
NUDT9	-0.52805					
NUFIP1	0.16955					
NUFIP2	1.7462					
NUMA1	-0.99297					
NUP133	3.7962					
NUP214	1.1379					
NUP37	-3.8038					
NUP43	0.40886					
NUP62	1.6424					
NXF1	-0.45559					
NXF3	-3.4494					
NXPH2	3.5854					
NXPH4	-3.876					
NXT1	0.25675					
NYAP1	0.19349					
NYX	-0.45369					
OAS1	-4.2244					
OCIAD2	-2.5106					
OCLN	0.97657					
ODF3L1	-0.84017					
ODR4	-2.1084					
OGDH	-0.41842					
OGFOD1	1.2435					
OGFR	-0.58831					
OLA1	-2.6194					
OLIG1	-5.215					
OLIG2	-6.0268					
OLMALINC	-3.8811					
OPALIN	-0.97014					
OPLAH	-1.7944					
OR10A2	-3.1883					
OR10A4	-1.1485					
OR10A5	-5.588					
OR10C1	-5.1065					
OR10G2	-1.6119					
OR10H2	-2.2924					
OR10H5	-3.2151					
OR10Q1	-0.16807					
OR10V1	-0.77438					
OR11A1	-1.3596					
OR13A1	-3.4911					
OR13H1	-2.055					
OR1J4	-0.19754					
OR2A14	-1.3683					
OR2A2	-1.4973					
OR2AG2	-1.6828					
OR2B11	-4.1273					
OR2H2	-4.8438					
OR2M7	-1.3616					
OR2T6	-1.6599					
OR2W3	-0.94287					
OR2W5	-4.7343					
OR2Z1	-0.45205					
OR3A1	-3.2865					
OR3A2	-2.1659					
OR4A47	1.681					
OR4D2	-3.1231					
OR4D6	-2.3798					
OR4K2	-2.387					
OR52B6	-0.61055					
OR52K2	1.7251					
OR52N2	-2.653					
OR52W1	-1.619					
OR5B17	0.56889					
OR5H1	-2.1364					
OR5L2	-5.0609					
OR5V1	-2.3042					
OR6C65	0.89692					
OR6M1	-1.2147					
OR6W1P	-1.7028					
OR7E2P	-3.0914					
OR7E5P	-2.6575					
OR7G1	-1.1897					
OR8B12	-0.17295					
ORAI1	-0.042186					
ORC2	-0.0026531					
ORM1	0.61499					
OS9	2.4923					
OSBP	-0.549					
OSCAR	0.057436					
OSER1	2.3986					
OSR2	-0.44567					
OSTC	-0.88989					
OSTCP1	1.0006					
OTOP2	-1.7663					
OTUB1	0.028864					
OTUD4	-0.7166					
OTX1	-3.8452					
OXLD1	1.4505					
OXSM	-3.5577					
P2RX3	-3.4802					
P2RX7	-0.86505					
P2RY4	-1.1075					
P3H4	-0.45456					
P4HA1	-2.4853					
PA2G4	-2.7922					
PA2G4P4	-2.7043					
PACRG-AS3	-0.90272					
PADI2	-1.3605					
PAF1	-2.5231					
PAIP2	-0.5867					
PAIP2B	-2.952					
PAK4	-0.68657					
PALM3	1.4841					
PAN3	1.2681					
PANK4	2.1524					
PANX3	-1.4312					
PAPD5	3.0787					
PAQR7	0.5753					
PARD6G-AS1	-2.8096					
PARK7	-0.46574					
PARL	0.43215					
PARP10	-2.5774					
PARP11	-1.5324					
PARP12	-6.0836					
PARP6	0.78078					
PARP9	-1.1983					
PARPBP	2.1448					
PATE3	-3.3281					
PAX4	-4.5383					
PAX9	-4.7627					
PAXIP1-AS2	-4.7105					
PAXX	-0.65371					
PBDC1	-4.357					
PBRM1	-1.069					
PCAT6	-2.2787					
PCBP4	-3.1879					
PCDHB13	-1.548					
PCDHB3	-0.92601					
PCDHB7	1.7096					
PCDHGA7	-2.97					
PCDHGB7	-3.6183					
PCDHGC4	-4.2269					
PCED1A	-0.4237					
PCF11	-2.3363					
PCNP	0.66147					
PCNX1	-0.15392					
PCNX3	3.2297					
PCOLCE	-3.8441					
PCOTH	3.0911					
PCP2	-1.7282					
PCSK1N	3.413					
PCSK4	0.21542					
PCSK7	-2.1742					
PCSK9	0.28663					
PCYOX1	1.4143					
PCYT1A	-2.5362					
PDCD4-AS1	2.7482					
PDCD6	1.6585					
PDE12	-1.594					
PDE1C	2.023					
PDE3B	1.3738					
PDE6B	0.88595					
PDE6D	-1.1263					
PDE6G	-1.334					
PDE8A	-1.5439					
PDIA4	0.51142					
PDK4	-1.2115					
PDSS2	-0.82227					
PDXDC1	-1.9205					
PDXK	0.48212					
PDZD4	-1.183					
PEAK1	-3.7138					
PEAR1	1.1768					
PEBP1	5.1454					
PEF1	2.4527					
PELO	1.1901					
PELP1	2.2545					
PEX11A	0.82389					
PEX11B	3.3112					
PEX13	1.1694					
PEX16	-3.1717					
PEX3	1.629					
PEX5	-1.5236					
PEX7	0.62611					
PFDN4	1.0105					
PFKFB4	-0.73419					
PGAM1	1.7818					
PGAM2	-0.1829					
PGAP2	-1.4524					
PGF	-2.3817					
PGGT1B	-2.2602					
PGM2	-1.7963					
PGM5	0.24586					
PGS1	2.083					
PHB2	1.556					
PHC1	1.5325					
PHF1	-0.86283					
PHF20	0.85574					
PHF21A	-1.7731					
PHF3	-1.9285					
PHLDA1	-0.16793					
PHLDB1	-3.8866					
PHLPP1	-2.7926					
PHOSPHO1	-2.9935					
PHOSPHO2	0.65526					
PHOX2A	1.2995					
PHTF2	1.2543					
PHYKPL	-2.473					
PI3	-0.26879					
PI4KAP2	3.4442					
PI4KB	4.9442					
PIAS4	1.5188					
PICALM	-1.6787					
PICSAR	-2.6852					
PIGA	-0.82822					
PIGB	-6.3955					
PIGG	-0.20909					
PIGH	0.60112					
PIGM	-1.3632					
PIGO	0.38615					
PIGS	-0.9979					
PIGT	0.46671					
PIGZ	0.75523					
PIH1D1	2.8902					
PIH1D2	0.73266					
PIK3C2B	-0.37336					
PIK3R5	-0.9763					
PINK1-AS	-5.1614					
PIP	-0.85566					
PIP5K1A	0.10849					
PIPOX	-1.1602					
PISD	6.0053					
PITPNM1	-4.7403					
PITPNM3	0.87018					
PITX3	-0.89196					
PJA2	1.6093					
PKD1L2	-0.54624					
PKD2	-3.2183					
PKP1	-1.3335					
PKP4	-3.4064					
PLA1A	-0.56131					
PLA2G12A	-1.3841					
PLA2G15	1.0172					
PLA2G16	-0.049607					
PLA2G2D	-2.9244					
PLAC4	-5.414					
PLAC8	-1.5028					
PLAC8L1	4.6778					
PLCL2	2.4558					
PLD5	1.7984					
PLEKHA8P1	-0.070808					
PLEKHB2	0.4805					
PLEKHG2	-1.4575					
PLEKHG3	-1.5756					
PLEKHG4	-1.9832					
PLEKHG6	1.3561					
PLEKHH1	-0.47896					
PLEKHJ1	1.1027					
PLEKHN1	-3.9127					
PLGRKT	-2.9728					
PLIN4	-2.4682					
PLK1	0.55321					
PLLP	-0.64598					
PLN	0.57294					
PLOD1	-1.939					
PLRG1	1.6131					
PLVAP	-0.18821					
PLXNB1	-5.708					
PLXNB2	0.748					
PLXNB3	-1.0196					
PMEL	-6.0459					
PML	-1.8056					
PMP22	-0.68165					
PMS1	-1.9974					
PMS2	1.873					
PMS2CL	-2.7001					
PMS2P1	-1.9533					
PMS2P7	-4.983					
PMS2P9	-1.4528					
PNKP	-2.8522					
PNMA1	3.9512					
PNMA6A	1.8773					
PNO1	-0.34798					
PNPLA8	-2.7763					
PNRC1	-3.8946					
POC1B	-0.18788					
POC1B-AS1	-0.25362					
POC5	2.2172					
PODXL	-1.5617					
POFUT2	-0.56566					
POLA1	-0.43752					
POLA2	2.9128					
POLD2	-4.8372					
POLDIP3	-1.7447					
POLE2	-1.505					
POLE3	-3.2951					
POLG	1.8716					
POLH	-0.61896					
POLK	-2.9189					
POLL	2.0457					
POLM	0.14908					
POLR1C	1.2683					
POLR1E	-3.0377					
POLR2B	1.5073					
POLR2C	-0.97653					
POLR2D	1.3654					
POLR3E	2.1871					
POLR3F	1.193					
POM121L1P	0.015192					
POM121L4P	-1.7779					
POMGNT1	1.5822					
POMK	2.827					
POMZP3	-1.3098					
POP5	-0.67945					
PORCN	0.87393					
POT1	-0.44798					
PPA2	-0.68961					
PPBP	-2.3161					
PPFIA3	2.7315					
PPFIBP2	-3.7153					
PPIAL4A	-0.77147					
PPIAL4G	1.3633					
PPIL1	0.45436					
PPM1G	1.2096					
PPOX	4.592					
PPP1R12C	-0.6895					
PPP1R13B	-1.5569					
PPP1R15A	0.97505					
PPP1R2	4.3699					
PPP1R3C	-0.27411					
PPP1R7	0.38593					
PPP2R1A	1.1184					
PPP2R3A	1.0136					
PPP2R5E	2.2268					
PPP3R2	1.8828					
PPP4R1	0.92302					
PPP5C	3.7202					
PPRC1	2.0474					
PQBP1	0.6652					
PQLC2	-0.37268					
PRAMEF20	1.1016					
PRB3	-2.4146					
PRCC	-3.2372					
PRDM4	-0.14847					
PRDM6	0.75891					
PRDX2	-0.15375					
PRELID3A	3.9171					
PREX1	-1.3166					
PRF1	-3.25					
PRICKLE3	0.75826					
PRIMA1	-1.7711					
PRKAG2-AS1	0.97783					
PRKCSH	-2.9175					
PRKD2	-0.50811					
PRKRA	-1.1016					
PRKRIP1	-3.3321					
PRLH	0.023294					
PRLHR	-2.1907					
PRM2	-2.1787					
PRM3	0.77532					
PRMT1	-1.0358					
PRMT3	-2.75					
PRMT5	0.14649					
PROCR	-4.8799					
PROKR1	-1.7568					
PROM1	-0.67366					
PROP1	-3.315					
PRPF18	-0.15017					
PRPF19	2.6883					
PRPF31	0.89182					
PRPF4	0.47996					
PRPF40B	-1.7174					
PRPF6	1.8968					
PRPF8	3.898					
PRPSAP2	-0.79797					
PRR11	-0.79726					
PRR14L	0.057055					
PRR15	-1.205					
PRR15L	-1.9118					
PRR18	-0.49818					
PRR25	-6.1582					
PRR35	-3.2303					
PRRC2A	0.23444					
PRRC2C	-7.6738					
PRRG1	-0.72393					
PRRG2	0.96944					
PRRX2	-2.1687					
PRSS21	-0.24354					
PRSS36	-2.0609					
PRSS50	-1.7061					
PRTFDC1	-4.2251					
PRX	-0.5221					
PSAP	1.8177					
PSD2	-0.69024					
PSEN1	-1.4319					
PSMB3	0.93174					
PSMB4	0.92616					
PSMB9	-1.4984					
PSMC3IP	-4.291					
PSMC4	-4.1609					
PSMC5	-0.57672					
PSMC6	1.2976					
PSMD11	-0.11967					
PSMD14	-3.4712					
PSMD2	-0.81926					
PSMD3	0.84972					
PSMD5	-1.017					
PSMF1	2.0345					
PSMG1	1.8372					
PSMG4	-0.08436					
PSORS1C2	-2.9699					
PSPN	-2.2015					
PSRC1	1.5824					
PSTK	-1.9919					
PTAR1	-1.9807					
PTCD2	1.75					
PTCD3	-0.6928					
PTCH2	3.0671					
PTCRA	-1.3646					
PTDSS2	0.15389					
PTEN	-0.51885					
PTGER1	2.015					
PTGER2	-2.8299					
PTGES2	0.79165					
PTGES3	2.6475					
PTGIR	-2.8573					
PTH2	0.84131					
PTMA	-1.5939					
PTMS	-1.6419					
PTPN1	0.50229					
PTPN22	-3.1678					
PTPN23	2.2068					
PTPRB	-0.88353					
PTPRCAP	-4.5869					
PTPRN	1.4406					
PUM2	0.25964					
PUS10	1.5918					
PUS3	0.88002					
PUS7	-0.49549					
PVT1	-3.9499					
PWWP2A	3.3372					
PXK	-0.58316					
PYCR2	0.21142					
PYGM	-4.1531					
PYROXD2	-1.4321					
PYY	0.21606					
PYY2	-3.713					
QARS	-0.37196					
QKI	-1.0353					
QRICH1	2.2693					
QRSL1	-2.0938					
QSER1	-1.6499					
QSOX2	-0.9377					
QTRT1	0.025025					
R3HCC1	0.27264					
RAB1A	-0.070408					
RAB1B	-0.5661					
RAB28	1.1138					
RAB30-AS1	-1.4726					
RAB33B	1.9156					
RAB3A	0.85062					
RAB40A	-1.2893					
RAB42	-4.761					
RAB5C	-2.705					
RAB6D	-0.74199					
RAB7A	-2.8492					
RAB8A	0.4736					
RAB9A	-3.8624					
RAB9B	-1.4767					
RAB9BP1	-3.1215					
RABL6	-4.3485					
RAC3	-2.1259					
RACK1	-2.1432					
RAD18	4.7777					
RAD23A	1.0456					
RAD50	0.049578					
RAD51	1.8021					
RAD51-AS1	-2.6438					
RAD54L	-0.39237					
RAD9A	-0.36782					
RAET1K	-2.4981					
RAF1	1.3135					
RAI2	3.9					
RAMP2	-4.2737					
RANBP3	1.0769					
RANGAP1	-3.431					
RANGRF	0.41264					
RAP1A	-4.4549					
RAP1GAP2	1.0206					
RAP2A	2.4786					
RAP2C	0.17353					
RAPGEF3	-4.9193					
RARRES2	-1.9774					
RARS2	-3.1416					
RASA1	1.7756					
RASGRP4	-2.3054					
RAVER1	-2.6433					
RBBP9	-3.0434					
RBCK1	-0.53228					
RBL1	-4.2186					
RBM10	2.5895					
RBM11	1.0003					
RBM17	-3.6478					
RBM18	4.0427					
RBM23	0.73048					
RBM26-AS1	-1.2255					
RBM42	-1.5837					
RBM43	0.38801					
RBM45	2.6474					
RBMS2	-3.2264					
RBMXL1	0.30992					
RCAN3	1.1862					
RCOR1	2.1814					
RCOR2	0.14626					
RDH13	1.2522					
RDH14	-0.62017					
RDH16	-1.0571					
RDX	-3.8525					
RECK	1.7571					
RELA	-3.7702					
RENBP	-2.6492					
RETN	0.066946					
RETNLB	-2.1895					
RETREG3	1.8266					
REX1BD	1.4822					
REXO4	-0.42284					
RFC2	1.9012					
RFNG	2.0985					
RFTN2	-3.1176					
RFWD3	0.74533					
RFX1	-2.5045					
RGCC	-3.7285					
RGS13	-5.0178					
RGS9BP	0.59095					
RHBDD1	-1.1517					
RHBDF1	-0.96507					
RHBDL1	2.6624					
RHBDL2	-1.4879					
RHNO1	5.4465					
RHOB	-1.1714					
RHOD	-1.4388					
RHOU	-0.73483					
RIC1	-1.7192					
RIC3	5.7754					
RIOK1	-0.2161					
RIOK2	1.3088					
RIOK3	1.2227					
RIOX1	3.5902					
RIPPLY1	-1.4043					
RIPPLY2	-0.022633					
RIPPLY3	-0.36475					
RLN3	-0.13228					
RMDN3	-1.8821					
RNASE1	-0.67956					
RNASE13	-0.20444					
RNF10	1.665					
RNF103	-1.1176					
RNF113B	-0.23383					
RNF121	1.6691					
RNF122	-0.13157					
RNF123	1.9077					
RNF126	-3.955					
RNF14	1.4505					
RNF145	3.9695					
RNF146	0.21733					
RNF149	4.265					
RNF151	-0.72732					
RNF169	0.55066					
RNF170	1.4293					
RNF185	0.13248					
RNF187	1.322					
RNF207	-1.9777					
RNF213	-3.3027					
RNF216	0.92443					
RNF222	-3.1061					
RNF25	2.9185					
RNF31	-1.3703					
RNF34	3.4398					
RNF41	6.0165					
RNF44	-1.8322					
RNH1	-1.5087					
RNPEPL1	1.268					
RNPS1	-1.021					
RNU12	-1.4599					
ROR1	-1.6177					
RP2	-3.8095					
RPA1	2.2568					
RPA3	-0.76208					
RPL11	-2.6784					
RPL19	-3.0206					
RPL22	-2.2749					
RPL23AP82	-3.4019					
RPL26L1	-0.49362					
RPL34-AS1	-5.5358					
RPL35A	-1.3501					
RPL3L	-2.029					
RPN1	1.4894					
RPRD1A	3.9659					
RPRD1B	2.9158					
RPS13	-4.811					
RPS14P3	-2.3314					
RPS28	-1.3797					
RPS5	-1.4575					
RPS7P5	-2.7847					
RPUSD1	1.593					
RPUSD3	0.56182					
RPUSD4	3.6002					
RRAGA	2.959					
RRAGC	2.2536					
RRBP1	-5.3835					
RRM1	3.834					
RRP8	-0.35764					
RRP9	0.42062					
RSF1	-1.8943					
RSL1D1	1.2169					
RSPH6A	-2.3243					
RSPRY1	0.61437					
RSRC2	1.5269					
RTF1	-0.58142					
RTKN	-6.2328					
RTL4	-0.20771					
RTP4	-0.32995					
RTRAF	-0.9692					
RUFY1	-2.9108					
RUSC1	-1.1303					
RUVBL1	-3.6126					
RUVBL2	0.91441					
RWDD4	1.3005					
S100A14	-3.8747					
S100A5	-1.9621					
S100A8	-1.8595					
S100P	-0.93773					
S1PR4	1.236					
SAA1	-2.0561					
SAFB	-2.2069					
SALL1	-2.2369					
SAMD10	-0.98221					
SAMHD1	-0.94256					
SAMM50	0.55757					
SAP25	-0.22984					
SART1	-0.32063					
SART3	-0.68169					
SASH1	-3.1378					
SBK1	-1.1455					
SBK2	-0.10413					
SCAF1	-3.8333					
SCAF8	-0.86394					
SCAMP3	-0.18931					
SCAMP4	-3.4044					
SCARA3	-0.79704					
SCARF1	0.38672					
SCFD1	1.9723					
SCG5	2.7134					
SCGB1A1	-2.9504					
SCGB1C1	-2.3232					
SCGB1C2	-1.8219					
SCGB2A2	-2.4817					
SCGB2B2	0.88344					
SCGB3A2	-1.2193					
SCN4A	-3.3947					
SCNN1B	-1.1596					
SCO2	2.6144					
SCRIB	-2.1311					
SCRN1	-3.4632					
SCRT2	-1.3536					
SCT	-0.071218					
SCTR	-0.49179					
SDAD1P1	-1.3192					
SDC1	-3.4113					
SDC2	-4.5309					
SDE2	3.1986					
SDF2	2.2706					
SDF4	-1.1426					
SDR39U1	-1.3476					
SEBOX	-1.6697					
SEC13	-0.18551					
SEC14L1P1	-3.9314					
SEC24A	5.7428					
SEC24B-AS1	-3.8915					
SEC61A1	-0.70633					
SEC61G	-0.67242					
SECISBP2L	-0.18001					
SELENOF	-3.2968					
SELENOM	-1.565					
SELENOT	-1.3692					
SEMA3B	-0.35236					
SEMA4B	-1.5251					
SEMA4D	-0.67913					
SEMA6C	0.70816					
SEMG2	-0.86339					
SENP3	5.9148					
SENP8	1.3725					
SEPSECS	-2.2681					
SEPT7	-3.0009					
SERINC5	-2.1271					
SERP2	2.9697					
SERPINA3	-2.8197					
SERPINA6	-6.404					
SERPINB6	-3.1702					
SERPING1	0.61024					
SET	-7.4547					
SETD1A	-0.18546					
SETD5	-0.066206					
SF1	1.142					
SF3A1	-1.1286					
SF3A2	1.4915					
SF3A3	-2.0398					
SF3B2	-2.0635					
SF3B4	-0.97726					
SF3B5	0.48748					
SFPQ	-2.1061					
SFSWAP	-4.4566					
SFT2D3	1.5985					
SFXN3	1.4832					
SGCA	0.77051					
SGCB	-1.8857					
SGF29	0.84047					
SGK1	-1.8018					
SGK2	-0.39452					
SGK3	-1.833					
SGMS1	-0.83513					
SGPP1	1.038					
SGSM3	5.3325					
SGTA	-0.92163					
SH2B1	0.5891					
SH2B2	-1.7365					
SH2D3C	5.0154					
SH2D6	-1.7697					
SH3BP2	-2.2141					
SH3BP4	-4.5568					
SH3GL1	0.98143					
SH3PXD2A	-3.5131					
SH3TC2	-0.2128					
SH3YL1	-1.2525					
SHANK2-AS3	-1.3927					
SHBG	0.87523					
SHC4	-1.6489					
SHKBP1	-0.075024					
SHOX	-1.2464					
SHPK	-1.0542					
SHQ1	0.30148					
SHROOM1	-0.30123					
SHROOM4	-0.61657					
SIGLEC14	-2.987					
SIGLEC15	-4.477					
SIGMAR1	-0.43894					
SIMC1	0.90747					
SIN3A	4.6788					
SIPA1	-1.9696					
SIRPB1	2.1911					
SIRPG	-0.050644					
SIX5	-1.5779					
SKP1	0.074056					
SKP1P2	-5.25					
SKP2	1.2368					
SLAIN1	-2.7799					
SLAMF1	-0.64463					
SLAMF9	-2.1696					
SLC10A7	-1.8846					
SLC11A1	-0.95664					
SLC13A3	-1.0886					
SLC13A5	-0.68581					
SLC16A1	-2.3899					
SLC16A11	-0.029717					
SLC16A13	2.7296					
SLC17A4	-5.3114					
SLC17A9	-2.3802					
SLC18A2	-5.4868					
SLC1A1	0.64925					
SLC1A5	-0.20916					
SLC22A12	-0.94669					
SLC22A14	1.2534					
SLC22A15	-1.253					
SLC22A17	1.0885					
SLC22A31	-1.7463					
SLC23A2	-4.6315					
SLC23A3	-1.5171					
SLC24A5	-1.3388					
SLC25A11	1.5922					
SLC25A20	-2.5503					
SLC25A24	2.0574					
SLC25A29	-0.64517					
SLC25A33	-0.91348					
SLC25A35	-0.89511					
SLC25A38	1.7011					
SLC25A47	-0.24975					
SLC25A5-AS1	0.15172					
SLC25A51	-3.1998					
SLC25A51P1	-1.121					
SLC25A52	0.64894					
SLC25A53	-2.084					
SLC25A6	0.96102					
SLC26A2	0.96273					
SLC27A1	-2.5471					
SLC2A14	0.076292					
SLC2A3	0.034306					
SLC30A6	-0.54181					
SLC30A9	1.4539					
SLC34A3	-3.8059					
SLC35A3	-0.89386					
SLC35C2	1.3652					
SLC35D1	1.1181					
SLC35D2	-0.73055					
SLC35E4	0.057103					
SLC35F5	0.25862					
SLC35F6	-1.3292					
SLC35G2	2.5781					
SLC35G3	-3.4384					
SLC35G6	-3.5206					
SLC37A4	-0.12165					
SLC38A10	1.4985					
SLC38A7	-0.58413					
SLC39A1	-0.58244					
SLC39A9	2.7957					
SLC41A3	-0.28028					
SLC44A1	-1.1897					
SLC48A1	0.99821					
SLC4A1AP	0.45261					
SLC4A5	-0.32625					
SLC52A1	1.4474					
SLC52A3	-2.2245					
SLC5A10	-4.6265					
SLC5A3	-0.58892					
SLC6A1	-0.55589					
SLC6A11	-0.093186					
SLC6A18	-2.758					
SLC6A3	-3.4514					
SLC7A10	-1.6173					
SLC9A2	-0.33948					
SLC9A3R1	-2.557					
SLC9A8	-0.23383					
SLC9A9	-2.2715					
SLC9B1	1.4591					
SLC9B2	5.6722					
SLCO1A2	-0.45249					
SLCO2B1	-4.1747					
SLF2	0.73302					
SLFN12	-2.3412					
SLPI	0.4957					
SLURP1	-0.28124					
SLX4IP	-1.3489					
SMA5	-2.5227					
SMAD5-AS1	1.477					
SMARCA2	-1.3133					
SMARCA4	0.34745					
SMARCB1	0.35439					
SMC3	-1.143					
SMCO3	-1.1251					
SMCR5	-0.83599					
SMCR8	-0.18868					
SMDT1	-0.99428					
SMG1	0.29644					
SMG5	0.67086					
SMG6	-3.7376					
SMIM10L2B-AS1	1.7393					
SMIM15	0.86357					
SMIM22	-1.2174					
SMNDC1	1.0353					
SMPD4	1.0265					
SMPDL3A	0.44948					
SMR3A	-0.92397					
SMURF1	-1.0358					
SMURF2	-0.59623					
SMYD5	5.8637					
SNAP23	-1.4849					
SNAP25-AS1	1.6489					
SNAP47	4.0171					
SNAPC1	0.85773					
SNAPC3	-3.2325					
SNF8	-0.77926					
SNHG11	2.7836					
SNHG12	0.44873					
SNHG15	1.6536					
SNHG28	2.2802					
SNIP1	4.9289					
SNORA70	0.58933					
SNORD22	-3.0966					
SNRNP200	-0.25289					
SNRNP70	-1.8468					
SNRPA	0.34222					
SNRPB	1.6399					
SNRPD1	-0.83167					
SNRPD2	-0.89401					
SNRPE	-0.70964					
SNRPF	-1.3541					
SNU13	3.32					
SNX11	1.4955					
SNX14	3.6238					
SNX17	0.64889					
SNX18	-2.6107					
SNX19	-0.10201					
SNX22	-2.5075					
SNX31	2.4474					
SNX5	-1.5861					
SNX6	-1.0179					
SOCS1	-2.165					
SOCS6	-5.2182					
SORD2P	-2.5485					
SOS2	-1.7415					
SOX1	-1.2659					
SOX10	-2.1061					
SOX13	-2.756					
SOX18	-0.087042					
SOX2-OT	-2.0003					
SOX8	0.3854					
SP140	-0.83459					
SP140L	-3.3275					
SP2	-1.5795					
SP4	0.13603					
SP7	-3.0814					
SPAG7	-3.4814					
SPAG8	-1.4523					
SPANXA2-OT1	-0.47932					
SPANXN2	0.23054					
SPATA25	-0.21943					
SPATA2L	-3.8476					
SPATA32	-3.8645					
SPATA5L1	2.1613					
SPATA6L	6.2991					
SPCS1	-0.74765					
SPDYE1	-2.8035					
SPDYE3	2.0005					
SPDYE7P	2.4944					
SPEF1	-3.3949					
SPEM2	0.99522					
SPG11	-2.5898					
SPG21	-2.4782					
SPG7	0.36462					
SPI1	-1.3803					
SPIN1	0.45282					
SPIN2B	1.7305					
SPINK7	-3.4185					
SPN	-1.9029					
SPNS1	-0.88846					
SPOUT1	0.60445					
SPPL2A	-0.74496					
SPPL2B	-0.62145					
SPPL2C	-1.9666					
SPRED2	1.0402					
SPRED3	1.582					
SPRR1A	-2.6496					
SPRR2C	0.95068					
SPRR3	-0.4091					
SPRY2	0.69476					
SPTAN1	1.1396					
SPTBN1	-4.6848					
SPTBN2	-3.5413					
SPTLC2	-2.7873					
SQSTM1	2.0692					
SRBD1	0.34293					
SRC	1.6132					
SRCAP	-1.055					
SRCIN1	-2.5495					
SRD5A3-AS1	0.70435					
SRP14	1.4129					
SRP54	-0.22948					
SRP68	2.1336					
SRP72	0.52901					
SRPK2	1.9645					
SRRM1	-0.57433					
SRRM2	5.694					
SRRT	-1.1602					
SRSF10	1.4808					
SRSF2	-2.4697					
SRSF3	0.073383					
SRSF4	-0.99885					
SRSF9	2.0782					
SS18	-3.1869					
SS18L2	0.60798					
SSB	-1.766					
SSFA2	-4.1069					
SSH1	-1.3256					
SSPO	0.42904					
SSR2	-0.28186					
SSSCA1-AS1	-2.3314					
SSTR3	-1.5347					
SSTR4	-4.2762					
SSU72	1.1752					
SSX5	-2.1683					
ST13	0.19074					
ST13P4	-1.2941					
ST14	-3.8271					
ST18	-1.0687					
ST6GALNAC4	-3.2003					
ST7	5.5793					
ST8SIA2	-1.0796					
STARD3	-4.1979					
STARD8	-3.2792					
STAT2	3.4454					
STAT3	-3.8592					
STAT5A	-1.2082					
STAT5B	1.3809					
STEAP3	0.70524					
STIP1	1.6664					
STK19	3.1938					
STK3	-1.6782					
STK4	0.8214					
STMN4	-0.015799					
STMP1	-0.24221					
STOML2	2.0888					
STRA6	-0.97339					
STT3A	2.8346					
STX10	1.3759					
STX17	-7.4432					
STX18	-0.28799					
STX3	4.7057					
STX5	1.1179					
STYX	1.1222					
SUCLG1	-2.3233					
SUGP1	1.4068					
SULT1A1	-0.87664					
SUMO1	-0.9712					
SUMO1P1	0.77565					
SUMO4	0.11467					
SUN2	-0.45039					
SUOX	1.1009					
SUPT6H	-1.1548					
SURF2	1.5595					
SUV39H2	-1.0781					
SUZ12P1	-2.4745					
SVBP	-0.86697					
SVEP1	4.3959					
SYCE1L	-2.5903					
SYDE1	0.92233					
SYMPK	0.74552					
SYNC	-0.79792					
SYNE3	-2.3453					
SYNGAP1	-2.3864					
SYNGR2	-0.88175					
SYNPO2L	-0.47826					
SYS1	-0.78285					
SYT7	-1.3682					
SYVN1	1.9752					
TAAR2	-5.0351					
TAAR5	-2.7378					
TAAR8	-4.1696					
TAB1	0.66914					
TAC4	-0.15168					
TACO1	1.97					
TADA3	1.7156					
TAF1	-7.0223					
TAF15	-2.0737					
TAF1A-AS1	-1.9585					
TAF1L	-1.5701					
TAF4	-1.7507					
TAF6L	-0.85381					
TAF7	-0.57028					
TAF9	2.3629					
TAGLN	0.14855					
TAL1	-2.7805					
TAL2	-1.7377					
TAOK3	-1.0427					
TAPBPL	-4.0264					
TAPT1-AS1	0.8729					
TARM1	-0.60746					
TARS2	-0.43146					
TAS1R1	-2.3699					
TAS2R39	-3.9724					
TAS2R60	-3.519					
TAT	1.2911					
TBATA	-1.291					
TBC1D10B	1.0595					
TBC1D20	0.38621					
TBC1D22B	1.7134					
TBC1D23	0.090148					
TBC1D25	2.671					
TBC1D27P	-5.8495					
TBC1D28	0.10759					
TBC1D32	1.0024					
TBC1D5	-0.55983					
TBCCD1	0.30378					
TBCK	-1.414					
TBK1	1.9377					
TBKBP1	-2.1321					
TBL1XR1	4.5316					
TBL3	2.2635					
TBP	1.6389					
TBX5	-3.0296					
TBXT	-4.5844					
TCEA1	-1.0042					
TCEAL3	0.51634					
TCEAL4	0.71385					
TCEAL5	1.1603					
TCEAL6	0.57777					
TCEAL8	2.6229					
TCEANC	6.8995					
TCEANC2	-0.20641					
TCF12	-2.5109					
TCF15	-0.51395					
TCF23	-1.6959					
TCF25	1.9759					
TCF3	-1.4615					
TCF7	-2.5528					
TCIRG1	-4.7531					
TCL1B	-2.6029					
TCL6	-0.70416					
TCP11L1	1.8635					
TCP11L2	-0.58459					
TCTE3	-0.60718					
TCTN3	-6.0124					
TDP1	0.93494					
TDRD10	-0.94929					
TDRP	0.30089					
TECPR1	0.32452					
TELO2	-0.73					
TEP1	-2.2088					
TERT	1.102					
TESK1	1.778					
TESK2	-2.6224					
TEX10	3.5518					
TEX101	1.606					
TEX13B	-0.13975					
TEX2	-1.1523					
TEX44	-2.241					
TFCP2	1.7442					
TFE3	-1.6767					
TFF1	-4.5256					
TFF3	-0.95933					
TFG	-4.2646					
TFPI	0.51881					
TFR2	-1.4355					
TGDS	-7.5883					
TGFB1I1	-0.92778					
TGFB2	-0.58855					
TGFB3	-2.4043					
TGFBR2	-7.4616					
TGFBR3	-1.2313					
TGIF1	-0.77722					
TGS1	0.40043					
TH	-6.1475					
THADA	0.10856					
THAP11	0.21654					
THAP4	-0.16826					
THAP5	-0.15759					
THAP7-AS1	-0.15632					
THAP9	-0.33557					
THAP9-AS1	0.95135					
THBS1	-3.059					
THBS2	-0.53838					
THOC7	1.0569					
THRAP3	1.4592					
THUMPD1	-1.3918					
THUMPD3	0.37598					
THYN1	-3.5462					
TIAL1	-2.3231					
TIGD4	-0.83732					
TIGD7	2.8141					
TIMM22	1.4004					
TIMM29	5.8094					
TIMM9	-3.545					
TINF2	-5.0105					
TIPRL	0.60388					
TJAP1	-1.2107					
TJP1	-1.8879					
TJP3	-2.8923					
TLL2	0.021785					
TLN1	-2.6485					
TLNRD1	2.2931					
TLR9	-1.4171					
TLX1	-4.4964					
TLX1NB	-0.78916					
TLX3	-2.7597					
TM2D2	-2.307					
TM4SF1	-2.7838					
TM6SF2	-1.7904					
TM9SF1	-2.5433					
TM9SF3	2.1181					
TMBIM1	-5.1348					
TMC6	-2.1524					
TMC7	-0.36327					
TMCO1	-2.2938					
TMED2	-1.1027					
TMED7	-1.3875					
TMEM104	-1.0039					
TMEM105	-0.39739					
TMEM106B	0.15571					
TMEM114	-2.5551					
TMEM116	-1.1046					
TMEM119	-5.6807					
TMEM123	-2.3271					
TMEM126B	0.72565					
TMEM134	-1.3116					
TMEM135	-2.9688					
TMEM138	-0.7511					
TMEM144	-0.23448					
TMEM147	0.046092					
TMEM161A	1.1449					
TMEM163	-1.7947					
TMEM174	-1.0858					
TMEM175	-0.77136					
TMEM183A	3.6174					
TMEM185A	2.8785					
TMEM198B	0.7257					
TMEM199	3.9662					
TMEM203	1.5465					
TMEM211	-1.5951					
TMEM214	-1.0347					
TMEM222	1.329					
TMEM231	-0.52951					
TMEM235	0.27104					
TMEM239	-1.8104					
TMEM245	0.94676					
TMEM251	-1.0441					
TMEM260	0.238					
TMEM272	-4.8455					
TMEM30A	-0.069886					
TMEM37	-0.88154					
TMEM38B	-4.2051					
TMEM40	0.57895					
TMEM41A	-3.7478					
TMEM50B	-1.8993					
TMEM62	1.4618					
TMEM63B	-1.1119					
TMEM72	-1.7497					
TMEM79	-0.4456					
TMEM80	-3.4763					
TMEM88B	-3.4324					
TMEM95	-3.5758					
TMEM99	-2.5726					
TMIGD2	-1.579					
TMOD2	-0.39134					
TMPRSS2	-2.1201					
TMPRSS6	-2.6636					
TMUB2	5.518					
TNFAIP6	0.6856					
TNFRSF10A	-0.62818					
TNFRSF11B	1.639					
TNFRSF8	-1.794					
TNFSF10	-4.5106					
TNFSF13	-5.0499					
TNFSF9	-0.41761					
TNK2	-0.26962					
TNNC1	-2.0941					
TNNI1	-1.6221					
TNPO2	3.3496					
TNPO3	1.1857					
TOGARAM1	-0.56019					
TOGARAM2	-3.1845					
TOM1	-0.56782					
TOM1L2	3.0425					
TOMM20L	-1.9723					
TOMM7	-0.27905					
TOMM70	3.2826					
TONSL	-2.2185					
TOP1P1	-0.38083					
TOPBP1	0.34698					
TOPORS	0.76904					
TOR1AIP1	-3.9454					
TOR3A	4.3861					
TOR4A	-2.8491					
TP53INP1	-1.4822					
TP53INP2	-3.2182					
TP53TG5	-0.071773					
TP73-AS1	-0.65729					
TPCN2	-0.43279					
TPD52L2	-0.65498					
TPGS1	-0.83391					
TPM4	0.65145					
TPPP	0.44477					
TPRA1	-0.33544					
TPRN	1.8688					
TPSG1	-3.8887					
TRA2A	0.13087					
TRA2B	-2.104					
TRABD2B	-3.3428					
TRAF1	-0.36072					
TRAF3IP2-AS1	-2.4213					
TRAF4	-2.6328					
TRAFD1	-0.13473					
TRAK1	1.4337					
TRAM1	-2.5041					
TRAP1	0.65935					
TRAPPC10	1.746					
TRAPPC12	-1.7582					
TRAPPC2B	0.51867					
TRAPPC3	1.7131					
TRAPPC4	-0.056656					
TRAPPC8	0.20793					
TREML1	-1.1125					
TREX1	-0.69117					
TRIB2	0.94894					
TRIM10	-0.79241					
TRIM15	-3.7569					
TRIM21	-1.0435					
TRIM23	1.9169					
TRIM25	-1.2714					
TRIM28	-1.6819					
TRIM29	-4.7512					
TRIM46	-2.8164					
TRIM56	-1.8772					
TRIM59	0.63609					
TRIM69	-0.46209					
TRIM72	2.2058					
TRIM8	-2.5877					
TRIOBP	-1.4322					
TRIP10	-2.37					
TRMT10B	-2.4054					
TRMT2A	2.2818					
TRMT6	-3.1417					
TRNAU1AP	0.37682					
TRNT1	-1.2919					
TROAP	-0.75648					
TRPC4AP	0.75229					
TRPM5	-5.4089					
TRPM6	1.71					
TRPV1	0.34794					
TRPV3	1.446					
TRUB2	0.95924					
TSC2	2.1787					
TSC22D2	0.092292					
TSC22D4	-3.9821					
TSFM	0.68495					
TSGA10	0.66605					
TSHB	-1.3975					
TSNAX	0.0091203					
TSPAN10	-1.7433					
TSPAN15	-0.13784					
TSPAN7	1.1803					
TSPO2	-0.08542					
TSSC2	3.0403					
TST	-1.9372					
TTBK1	0.37712					
TTC19	3.2551					
TTC24	-3.1024					
TTC27	1.498					
TTC30A	-0.70297					
TTC32	-1.7517					
TTC36	0.17634					
TTC4	-2.2699					
TTC5	-1.4675					
TTC7A	-2.2577					
TTF1	3.1208					
TTLL13P	-1.3162					
TTLL4	-4.3399					
TTLL7	-0.10528					
TTLL8	-1.6352					
TTLL9	1.1667					
TTYH2	-0.89843					
TUBA3C	2.6073					
TUBG2	-1.0043					
TUBGCP2	-0.74625					
TUBGCP6	2.1038					
TUFT1	7.7932					
TUSC5	-0.18978					
TUT1	-1.7145					
TWF1	-2.4133					
TWF2	2.2573					
TXLNA	2.1398					
TXNDC12	-2.401					
TXNIP	-0.90344					
TXNL4B	8.2218					
TYK2	-0.92189					
TYMS	-0.31173					
TYMSOS	0.67577					
U2AF1L4	-0.10805					
U2AF2	1.2687					
UAP1	4.8278					
UAP1L1	2.7242					
UBAC2	-0.47911					
UBALD2	-0.11001					
UBAP2	-1.3033					
UBB	0.45523					
UBE2C	-1.923					
UBE2CP5	-3.6856					
UBE2DNL	-0.1162					
UBE2E1	-1.7662					
UBE2J2	-2.0936					
UBE2NL	-0.87092					
UBE2T	0.85406					
UBE3B	-0.6259					
UBE3C	1.7728					
UBIAD1	1.2697					
UBL7	-2.9024					
UBOX5	0.90691					
UBTD2	0.50619					
UBTF	-3.7047					
UBXN1	0.50265					
UBXN11	-0.036256					
UBXN4	-0.42935					
UBXN7	-0.29529					
UCA1	0.43297					
UCK1	0.93312					
UCKL1	0.18114					
UCN2	0.5371					
UCP2	-1.9892					
UEVLD	-3.7702					
UFSP1	-1.0396					
UFSP2	-1.7767					
UGDH	-1.1521					
UGGT1	-1.8764					
UGT2B10	0.0022941					
UHRF1	-1.9949					
ULBP1	-1.6489					
ULBP2	0.89806					
UMOD	-3.035					
UNC119	0.33748					
UNC13D	-1.2763					
UNC5A	4.0499					
UNC80	-2.3709					
UPF1	0.002921					
UPF3B	-0.012018					
UPK2	-4.1745					
UPRT	-2.5519					
UQCR10	-2.0473					
UQCRB	-2.2464					
UQCRH	1.5668					
UQCRHL	0.037597					
UQCRQ	-0.17707					
URAD	-1.7763					
URB1	-0.37766					
UROD	0.14434					
USP19	1.4134					
USP21	-0.29253					
USP24	0.21898					
USP27X-AS1	-1.1141					
USP30-AS1	-0.2843					
USP34	0.30351					
USP39	0.18903					
USP40	-1.8316					
USP6	4.9816					
USP7	0.85452					
UTP14C	-0.13453					
UTP18	2.5529					
UTP20	-2.2626					
UTS2R	-1.6151					
VAMP3	-4.5751					
VAMP4	4.7545					
VAMP5	-2.3679					
VAX2	-1.0912					
VDAC1	0.78029					
VDAC2	0.090997					
VENTX	-4.7233					
VEZF1	-2.8488					
VGLL3	-0.57798					
VKORC1	-0.2839					
VLDLR-AS1	0.93392					
VMAC	-1.9144					
VNN2	0.3084					
VPREB1	-3.5745					
VPREB3	-2.8638					
VPS16	2.6074					
VPS25	0.068471					
VPS26A	-0.59767					
VPS28	2.042					
VPS33B	2.8789					
VPS4B	-0.51594					
VPS53	-0.38664					
VPS72	0.54614					
VPS9D1	2.3622					
VRK2	-1.7513					
VRK3	-0.056722					
VSX1	-2.0183					
VTA1	3.4089					
VTI1A	-0.33065					
VWA1	-0.40393					
VWA7	-0.96549					
WAS	-4.502					
WASF2	-3.9253					
WASL	3.501					
WBP11	-1.5135					
WBP11P1	-1.6092					
WBP1L	-1.3199					
WBP4	-0.97139					
WDCP	5.5754					
WDFY3	-1.2282					
WDR11	-2.4104					
WDR27	-1.2401					
WDR3	4.5763					
WDR38	-2.9478					
WDR43	4.0146					
WDR53	-0.63228					
WDR61	-0.51611					
WDR73	-0.12776					
WDR74	1.5649					
WDR83	-0.069084					
WFDC10A	-2.1388					
WFDC10B	-3.0194					
WFDC3	-0.98286					
WFDC8	-1.1604					
WIPF1	-1.6984					
WNK1	-4.4837					
WNK2	-1.1572					
WNK3	1.7305					
WNT11	-2.1712					
WNT5B	3.0769					
WRAP53	-0.39587					
WRNIP1	-0.49389					
XAB2	0.52357					
XAF1	-3.3112					
XIST	-0.0495					
XPC	-0.79895					
XPNPEP3	3.0067					
XPO7	1.1102					
XRCC1	1.8457					
XRCC3	-0.30263					
XRCC5	-2.991					
XRCC6	1.1384					
YAE1D1	-1.4989					
YDJC	-1.4044					
YES1	-2.5755					
YIF1A	-5.6279					
YIF1B	-5.6334					
YIPF3	0.21266					
YIPF5	4.7714					
YIPF6	-1.5482					
YIPF7	-0.29226					
YRDC	1.0608					
YTHDF1	3.4409					
YTHDF3	-0.51271					
YY1AP1	2.4357					
ZACN	-2.1508					
ZAN	0.1279					
ZBED4	1.3074					
ZBED6	-0.2928					
ZBTB12	0.28618					
ZBTB20	-3.558					
ZBTB22	-1.8362					
ZBTB49	-0.1798					
ZBTB9	-2.0426					
ZC3H11A	-0.86374					
ZC3H11B	-5.2641					
ZC3H13	0.3294					
ZC3H3	0.60778					
ZC3HAV1L	-3.5229					
ZC3HC1	1.8645					
ZC4H2	2.1818					
ZCCHC2	1.7391					
ZDHHC19	-2.1397					
ZDHHC8	0.11976					
ZDHHC9	-0.79034					
ZEB2	1.0255					
ZER1	2.5502					
ZFAND2A	-0.30476					
ZFAND2B	2.1293					
ZFAND5	-0.022802					
ZFC3H1	-3.0372					
ZFHX4	-1.8922					
ZFP90	-0.6278					
ZFPL1	-2.912					
ZFPM1	0.21143					
ZFYVE16	-5.3185					
ZGPAT	3.68					
ZKSCAN1	1.2148					
ZKSCAN3	-2.5346					
ZMAT5	0.47119					
ZMYND19	3.9451					
ZNF100	-1.0725					
ZNF107	-1.5907					
ZNF121	-0.088288					
ZNF134	2.1927					
ZNF137P	-0.38836					
ZNF14	-0.38286					
ZNF154	0.042242					
ZNF155	0.66185					
ZNF160	-1.3571					
ZNF174	0.72525					
ZNF19	-2.0866					
ZNF2	5.3316					
ZNF22	-1.699					
ZNF221	-0.96554					
ZNF227	1.1084					
ZNF236	-2.7278					
ZNF24	-2.072					
ZNF253	-0.22661					
ZNF254	-0.61346					
ZNF256	0.7335					
ZNF274	-1.8987					
ZNF275	-1.5615					
ZNF276	0.57542					
ZNF28	-0.75769					
ZNF280C	3.6622					
ZNF283	-1.0792					
ZNF286B	-2.1094					
ZNF319	0.36248					
ZNF32	-0.64149					
ZNF320	-0.52327					
ZNF326	-6.7903					
ZNF335	-1.2682					
ZNF341	0.15736					
ZNF345	0.70738					
ZNF346	-0.8882					
ZNF384	0.50053					
ZNF410	-1.6986					
ZNF419	0.16959					
ZNF426	-2.9079					
ZNF428	-1.696					
ZNF429	3.7728					
ZNF43	-2.2791					
ZNF430	-2.4402					
ZNF431	-2.7365					
ZNF432	-0.022555					
ZNF433	2.4242					
ZNF440	-0.04538					
ZNF45	-0.86138					
ZNF451	-0.15492					
ZNF461	4.1129					
ZNF467	0.61628					
ZNF468	-0.54085					
ZNF470	-0.079824					
ZNF474	-1.3841					
ZNF486	4.6288					
ZNF488	-0.48455					
ZNF496	-2.7481					
ZNF501	-0.94009					
ZNF512B	-1.4794					
ZNF513	1.2666					
ZNF514	1.7119					
ZNF527	0.10448					
ZNF536	-0.51475					
ZNF549	0.10489					
ZNF551	-1.237					
ZNF559	1.3197					
ZNF56	-2.5848					
ZNF563	-3.0471					
ZNF564	1.6017					
ZNF568	4.398					
ZNF571	0.12511					
ZNF579	-3.2635					
ZNF582	-0.088435					
ZNF593	4.0954					
ZNF594	-0.10445					
ZNF600	-1.297					
ZNF606	-0.57404					
ZNF609	-2.938					
ZNF611	-1.3117					
ZNF614	1.5342					
ZNF618	0.55154					
ZNF619	2.667					
ZNF621	-0.36317					
ZNF623	0.0088369					
ZNF624	-2.6064					
ZNF625	-0.092441					
ZNF626	0.31627					
ZNF627	4.3406					
ZNF628	3.9688					
ZNF649	0.69857					
ZNF66	-2.8551					
ZNF665	-0.46134					
ZNF668	-0.40183					
ZNF675	-1.349					
ZNF687	1.338					
ZNF688	-0.28191					
ZNF689	4.2261					
ZNF69	-4.5948					
ZNF691	3.9073					
ZNF696	0.30915					
ZNF699	0.48008					
ZNF700	-1.1471					
ZNF701	0.16819					
ZNF703	-1.1668					
ZNF708	-0.84451					
ZNF71	1.6597					
ZNF713	-0.42263					
ZNF716	-1.896					
ZNF723	-2.1122					
ZNF724	-1.9206					
ZNF726	-1.1341					
ZNF729	-2.4397					
ZNF730	-3.1468					
ZNF732	-2.5519					
ZNF733P	0.94742					
ZNF735	-2.387					
ZNF737	0.45593					
ZNF738	2.2945					
ZNF746	-3.0271					
ZNF747	2.3303					
ZNF749	0.3836					
ZNF75D	5.736					
ZNF763	-2.2725					
ZNF765	-1.6737					
ZNF766	-3.427					
ZNF770	0.42678					
ZNF775	1.8506					
ZNF784	-0.84006					
ZNF793	0.64326					
ZNF793-AS1	-0.66853					
ZNF805	-0.26482					
ZNF808	0.69179					
ZNF812P	-0.75243					
ZNF813	-0.65516					
ZNF814	-3.7922					
ZNF835	1.5822					
ZNF839	1.1461					
ZNF843	-3.0451					
ZNF844	-0.84988					
ZNF85	-2.335					
ZNF850	-0.79812					
ZNF862	-1.7062					
ZNF99	-2.3375					
ZNHIT1	1.1718					
ZNHIT2	1.5284					
ZNHIT3	0.093546					
ZNRD1ASP	-3.5798					
ZNRF4	-1.2463					
ZRSR2	-4.1809					
ZSCAN1	1.9525					
ZSCAN10	-0.96611					
ZSCAN16	-0.66882					
ZSCAN22	1.6908					
ZSCAN30	2.7692					
ZSWIM1	-0.71938					
ZSWIM6	0.64128					
ZSWIM8	0.95235					
ZXDA	2.3699					
ZXDB	1.8055					
ZYG11B	7.2907					
