arm	map	level	region	cortex	r	t	p	n
PRSCS_SCZ25_META	absolute	cortex	1	Primary_Visual	-0.0029661	-0.27478	0.78349	8596
PRSCS_SCZ25_META	absolute	cortex	2	Early_Visual	0.02229	2.0654	0.038913	8596
PRSCS_SCZ25_META	absolute	cortex	3	Dorsal_Stream_Visual	0.023681	2.1944	0.028232	8596
PRSCS_SCZ25_META	absolute	cortex	4	Ventral_Stream_Visual	0.016342	1.5141	0.13003	8596
PRSCS_SCZ25_META	absolute	cortex	5	MT+_Complex_and_Neighboring_Visual_Areas	0.029062	2.6934	0.0070869	8596
PRSCS_SCZ25_META	absolute	cortex	6	Somatosensory_and_Motor	0.0056347	0.522	0.60168	8596
PRSCS_SCZ25_META	absolute	cortex	7	Paracentral_Lobular_and_Mid_Cingulate	0.027832	2.5793	0.0099167	8596
PRSCS_SCZ25_META	absolute	cortex	8	Premotor	0.02928	2.7136	0.0066686	8596
PRSCS_SCZ25_META	absolute	cortex	9	Posterior_Opercular	0.0084465	0.78251	0.43394	8596
PRSCS_SCZ25_META	absolute	cortex	10	Early_Auditory	0.034141	3.1646	0.0015583	8596
PRSCS_SCZ25_META	absolute	cortex	11	Auditory_Association	0.020691	1.9172	0.055242	8596
PRSCS_SCZ25_META	absolute	cortex	12	Insular_and_Frontal_Opercular	-0.014747	-1.3663	0.17188	8596
PRSCS_SCZ25_META	absolute	cortex	13	Medial_Temporal	0.0033196	0.30752	0.75845	8596
PRSCS_SCZ25_META	absolute	cortex	14	Lateral_Temporal	0.0093587	0.86702	0.38596	8596
PRSCS_SCZ25_META	absolute	cortex	15	Temporo-Parieto_Occipital_Junction	0.033606	3.115	0.0018456	8596
PRSCS_SCZ25_META	absolute	cortex	16	Superior_Parietal	0.022906	2.1225	0.03382	8596
PRSCS_SCZ25_META	absolute	cortex	17	Inferior_Parietal	0.015491	1.4353	0.15124	8596
PRSCS_SCZ25_META	absolute	cortex	18	Posterior_Cingulate	0.013687	1.2681	0.20481	8596
PRSCS_SCZ25_META	absolute	cortex	19	Anterior_Cingulate_and_Medial_Prefrontal	0.016971	1.5724	0.11589	8596
PRSCS_SCZ25_META	absolute	cortex	20	Orbital_and_Polar_Frontal	0.0020309	0.18814	0.85077	8596
PRSCS_SCZ25_META	absolute	cortex	21	Inferior_Frontal	0.022729	2.1061	0.03522	8596
PRSCS_SCZ25_META	absolute	cortex	22	Dorsolateral_Prefrontal	0.025401	2.3539	0.018599	8596
PRSCS_SCZ25_META	absolute	parcel	lh_1		0.011092	1.0276	0.30415	8596
PRSCS_SCZ25_META	absolute	parcel	lh_10d		0.0016437	0.15227	0.87898	8596
PRSCS_SCZ25_META	absolute	parcel	lh_10pp		0.0012638	0.11708	0.9068	8596
PRSCS_SCZ25_META	absolute	parcel	lh_10r		0.028138	2.6077	0.0091309	8596
PRSCS_SCZ25_META	absolute	parcel	lh_10v		-0.0047945	-0.44416	0.65694	8596
PRSCS_SCZ25_META	absolute	parcel	lh_11l		-0.0055408	-0.5133	0.60775	8596
PRSCS_SCZ25_META	absolute	parcel	lh_13l		0.0043482	0.40281	0.6871	8596
PRSCS_SCZ25_META	absolute	parcel	lh_2		0.023856	2.2106	0.027089	8596
PRSCS_SCZ25_META	absolute	parcel	lh_23c		0.0015845	0.14679	0.8833	8596
PRSCS_SCZ25_META	absolute	parcel	lh_23d		-0.00025091	-0.023244	0.98146	8596
PRSCS_SCZ25_META	absolute	parcel	lh_24dd		0.02761	2.5588	0.010521	8596
PRSCS_SCZ25_META	absolute	parcel	lh_24dv		0.012949	1.1997	0.23028	8596
PRSCS_SCZ25_META	absolute	parcel	lh_25		-0.0054448	-0.50441	0.61399	8596
PRSCS_SCZ25_META	absolute	parcel	lh_31a		0.00887	0.82174	0.41125	8596
PRSCS_SCZ25_META	absolute	parcel	lh_31pd		0.017375	1.6098	0.10747	8596
PRSCS_SCZ25_META	absolute	parcel	lh_31pv		0.0043702	0.40486	0.68559	8596
PRSCS_SCZ25_META	absolute	parcel	lh_33pr		0.0064527	0.59778	0.55	8596
PRSCS_SCZ25_META	absolute	parcel	lh_3a		0.0011992	0.1111	0.91154	8596
PRSCS_SCZ25_META	absolute	parcel	lh_3b		-0.011346	-1.0512	0.2932	8596
PRSCS_SCZ25_META	absolute	parcel	lh_4		0.00030732	0.02847	0.97729	8596
PRSCS_SCZ25_META	absolute	parcel	lh_43		0.018291	1.6947	0.090167	8596
PRSCS_SCZ25_META	absolute	parcel	lh_44		0.013855	1.2836	0.19931	8596
PRSCS_SCZ25_META	absolute	parcel	lh_45		0.0076913	0.71253	0.47615	8596
PRSCS_SCZ25_META	absolute	parcel	lh_46		0.020733	1.9211	0.05475	8596
PRSCS_SCZ25_META	absolute	parcel	lh_47l		0.011797	1.0929	0.27445	8596
PRSCS_SCZ25_META	absolute	parcel	lh_47m		0.0043653	0.4044	0.68593	8596
PRSCS_SCZ25_META	absolute	parcel	lh_47s		0.0085268	0.78994	0.42958	8596
PRSCS_SCZ25_META	absolute	parcel	lh_52		0.013482	1.249	0.21168	8596
PRSCS_SCZ25_META	absolute	parcel	lh_55b		0.024956	2.3126	0.020766	8596
PRSCS_SCZ25_META	absolute	parcel	lh_5L		0.018004	1.6681	0.095325	8596
PRSCS_SCZ25_META	absolute	parcel	lh_5m		0.0080823	0.74876	0.45402	8596
PRSCS_SCZ25_META	absolute	parcel	lh_5mv		0.021072	1.9525	0.05091	8596
PRSCS_SCZ25_META	absolute	parcel	lh_6a		0.038175	3.5391	0.00040361	8596
PRSCS_SCZ25_META	absolute	parcel	lh_6d		0.017956	1.6637	0.096206	8596
PRSCS_SCZ25_META	absolute	parcel	lh_6ma		0.0048222	0.44672	0.65508	8596
PRSCS_SCZ25_META	absolute	parcel	lh_6mp		0.019955	1.8489	0.064502	8596
PRSCS_SCZ25_META	absolute	parcel	lh_6r		0.0077282	0.71596	0.47404	8596
PRSCS_SCZ25_META	absolute	parcel	lh_6v		0.019506	1.8074	0.070735	8596
PRSCS_SCZ25_META	absolute	parcel	lh_7AL		0.010854	1.0056	0.31464	8596
PRSCS_SCZ25_META	absolute	parcel	lh_7Am		0.0064305	0.59573	0.55137	8596
PRSCS_SCZ25_META	absolute	parcel	lh_7PC		0.0075443	0.69892	0.48462	8596
PRSCS_SCZ25_META	absolute	parcel	lh_7PL		0.017148	1.5888	0.11215	8596
PRSCS_SCZ25_META	absolute	parcel	lh_7Pm		0.0097144	0.89997	0.36816	8596
PRSCS_SCZ25_META	absolute	parcel	lh_7m		0.012036	1.1151	0.26486	8596
PRSCS_SCZ25_META	absolute	parcel	lh_8Ad		0.035199	3.2628	0.0011075	8596
PRSCS_SCZ25_META	absolute	parcel	lh_8Av		0.010173	0.94242	0.346	8596
PRSCS_SCZ25_META	absolute	parcel	lh_8BL		0.0086098	0.79763	0.42511	8596
PRSCS_SCZ25_META	absolute	parcel	lh_8BM		0.021181	1.9626	0.04972	8596
PRSCS_SCZ25_META	absolute	parcel	lh_8C		0.038664	3.5845	0.00033964	8596
PRSCS_SCZ25_META	absolute	parcel	lh_9-46d		0.025734	2.3848	0.017112	8596
PRSCS_SCZ25_META	absolute	parcel	lh_9a		0.0063271	0.58615	0.55779	8596
PRSCS_SCZ25_META	absolute	parcel	lh_9m		0.018688	1.7316	0.083388	8596
PRSCS_SCZ25_META	absolute	parcel	lh_9p		0.013729	1.272	0.20342	8596
PRSCS_SCZ25_META	absolute	parcel	lh_A1		0.0097284	0.90127	0.36747	8596
PRSCS_SCZ25_META	absolute	parcel	lh_A4		0.018649	1.7279	0.084037	8596
PRSCS_SCZ25_META	absolute	parcel	lh_A5		0.022318	2.0681	0.038663	8596
PRSCS_SCZ25_META	absolute	parcel	lh_AAIC		0.0065159	0.60364	0.5461	8596
PRSCS_SCZ25_META	absolute	parcel	lh_AIP		0.029037	2.6911	0.0071352	8596
PRSCS_SCZ25_META	absolute	parcel	lh_AVI		0.017783	1.6477	0.09946	8596
PRSCS_SCZ25_META	absolute	parcel	lh_DVT		0.014814	1.3725	0.16994	8596
PRSCS_SCZ25_META	absolute	parcel	lh_EC		-0.0068968	-0.63893	0.52288	8596
PRSCS_SCZ25_META	absolute	parcel	lh_FEF		0.009485	0.87872	0.37958	8596
PRSCS_SCZ25_META	absolute	parcel	lh_FFC		0.014107	1.307	0.19124	8596
PRSCS_SCZ25_META	absolute	parcel	lh_FOP1		-0.0095096	-0.881	0.37834	8596
PRSCS_SCZ25_META	absolute	parcel	lh_FOP2		-0.0056805	-0.52625	0.59873	8596
PRSCS_SCZ25_META	absolute	parcel	lh_FOP3		-0.0025477	-0.23602	0.81342	8596
PRSCS_SCZ25_META	absolute	parcel	lh_FOP4		0.0072812	0.67454	0.49999	8596
PRSCS_SCZ25_META	absolute	parcel	lh_FOP5		0.0079397	0.73555	0.46202	8596
PRSCS_SCZ25_META	absolute	parcel	lh_FST		0.021317	1.9753	0.04827	8596
PRSCS_SCZ25_META	absolute	parcel	lh_IFJa		0.031736	2.9415	0.003275	8596
PRSCS_SCZ25_META	absolute	parcel	lh_IFJp		0.028261	2.6192	0.0088301	8596
PRSCS_SCZ25_META	absolute	parcel	lh_IFSa		0.019485	1.8054	0.071049	8596
PRSCS_SCZ25_META	absolute	parcel	lh_IFSp		0.022288	2.0653	0.038926	8596
PRSCS_SCZ25_META	absolute	parcel	lh_IP0		0.0086783	0.80398	0.42143	8596
PRSCS_SCZ25_META	absolute	parcel	lh_IP1		0.018692	1.7319	0.083324	8596
PRSCS_SCZ25_META	absolute	parcel	lh_IP2		0.03263	3.0245	0.0024981	8596
PRSCS_SCZ25_META	absolute	parcel	lh_IPS1		0.011104	1.0288	0.30362	8596
PRSCS_SCZ25_META	absolute	parcel	lh_Ig		-0.020711	-1.919	0.055011	8596
PRSCS_SCZ25_META	absolute	parcel	lh_LBelt		0.021434	1.9861	0.047052	8596
PRSCS_SCZ25_META	absolute	parcel	lh_LIPd		0.027421	2.5412	0.011064	8596
PRSCS_SCZ25_META	absolute	parcel	lh_LIPv		0.018507	1.7147	0.086431	8596
PRSCS_SCZ25_META	absolute	parcel	lh_LO1		0.018834	1.7451	0.08101	8596
PRSCS_SCZ25_META	absolute	parcel	lh_LO2		-0.0003608	-0.033424	0.97334	8596
PRSCS_SCZ25_META	absolute	parcel	lh_LO3		0.015012	1.3908	0.16431	8596
PRSCS_SCZ25_META	absolute	parcel	lh_MBelt		0.013915	1.2892	0.19736	8596
PRSCS_SCZ25_META	absolute	parcel	lh_MI		-0.005236	-0.48506	0.62764	8596
PRSCS_SCZ25_META	absolute	parcel	lh_MIP		0.030974	2.8708	0.0041044	8596
PRSCS_SCZ25_META	absolute	parcel	lh_MST		0.032694	3.0304	0.0024497	8596
PRSCS_SCZ25_META	absolute	parcel	lh_MT		0.027266	2.5268	0.011528	8596
PRSCS_SCZ25_META	absolute	parcel	lh_OFC		0.0021593	0.20003	0.84146	8596
PRSCS_SCZ25_META	absolute	parcel	lh_OP1		0.01152	1.0672	0.28589	8596
PRSCS_SCZ25_META	absolute	parcel	lh_OP2-3		0.004567	0.42309	0.67224	8596
PRSCS_SCZ25_META	absolute	parcel	lh_OP4		0.00272	0.25198	0.80106	8596
PRSCS_SCZ25_META	absolute	parcel	lh_PBelt		0.037521	3.4784	0.00050699	8596
PRSCS_SCZ25_META	absolute	parcel	lh_PCV		0.021309	1.9745	0.048359	8596
PRSCS_SCZ25_META	absolute	parcel	lh_PEF		0.022428	2.0782	0.037717	8596
PRSCS_SCZ25_META	absolute	parcel	lh_PF		0.010835	1.0038	0.3155	8596
PRSCS_SCZ25_META	absolute	parcel	lh_PFcm		0.02824	2.6171	0.0088826	8596
PRSCS_SCZ25_META	absolute	parcel	lh_PFm		0.015504	1.4365	0.15091	8596
PRSCS_SCZ25_META	absolute	parcel	lh_PFop		0.0051467	0.47679	0.63352	8596
PRSCS_SCZ25_META	absolute	parcel	lh_PFt		0.009689	0.89762	0.36941	8596
PRSCS_SCZ25_META	absolute	parcel	lh_PGi		0.0086149	0.79811	0.42483	8596
PRSCS_SCZ25_META	absolute	parcel	lh_PGp		0.0038231	0.35417	0.72322	8596
PRSCS_SCZ25_META	absolute	parcel	lh_PGs		0.00095602	0.088564	0.92943	8596
PRSCS_SCZ25_META	absolute	parcel	lh_PH		0.005049	0.46774	0.63998	8596
PRSCS_SCZ25_META	absolute	parcel	lh_PHA1		0.0097488	0.90316	0.36647	8596
PRSCS_SCZ25_META	absolute	parcel	lh_PHA2		0.0032404	0.30019	0.76404	8596
PRSCS_SCZ25_META	absolute	parcel	lh_PHA3		0.023888	2.2136	0.026881	8596
PRSCS_SCZ25_META	absolute	parcel	lh_PHT		0.0037891	0.35102	0.72558	8596
PRSCS_SCZ25_META	absolute	parcel	lh_PI		0.005579	0.51684	0.60528	8596
PRSCS_SCZ25_META	absolute	parcel	lh_PIT		0.015039	1.3933	0.16356	8596
PRSCS_SCZ25_META	absolute	parcel	lh_POS1		-0.002648	-0.24531	0.80622	8596
PRSCS_SCZ25_META	absolute	parcel	lh_POS2		0.00040767	0.037766	0.96988	8596
PRSCS_SCZ25_META	absolute	parcel	lh_PSL		0.014908	1.3812	0.16726	8596
PRSCS_SCZ25_META	absolute	parcel	lh_PeEc		0.01702	1.5769	0.11485	8596
PRSCS_SCZ25_META	absolute	parcel	lh_Pir		-0.015428	-1.4294	0.15294	8596
PRSCS_SCZ25_META	absolute	parcel	lh_PoI1		-0.01534	-1.4213	0.15527	8596
PRSCS_SCZ25_META	absolute	parcel	lh_PoI2		-0.030632	-2.839	0.0045354	8596
PRSCS_SCZ25_META	absolute	parcel	lh_PreS		-0.028717	-2.6614	0.0077951	8596
PRSCS_SCZ25_META	absolute	parcel	lh_ProS		-0.00021913	-0.0203	0.9838	8596
PRSCS_SCZ25_META	absolute	parcel	lh_RI		0.025606	2.3729	0.01767	8596
PRSCS_SCZ25_META	absolute	parcel	lh_RSC		0.0032863	0.30444	0.7608	8596
PRSCS_SCZ25_META	absolute	parcel	lh_SCEF		0.034024	3.1538	0.001617	8596
PRSCS_SCZ25_META	absolute	parcel	lh_SFL		0.014827	1.3737	0.16957	8596
PRSCS_SCZ25_META	absolute	parcel	lh_STGa		-0.0042129	-0.39028	0.69634	8596
PRSCS_SCZ25_META	absolute	parcel	lh_STSda		0.015146	1.4032	0.16058	8596
PRSCS_SCZ25_META	absolute	parcel	lh_STSdp		0.036308	3.3657	0.00076678	8596
PRSCS_SCZ25_META	absolute	parcel	lh_STSva		0.025344	2.3486	0.018868	8596
PRSCS_SCZ25_META	absolute	parcel	lh_STSvp		0.014643	1.3567	0.17492	8596
PRSCS_SCZ25_META	absolute	parcel	lh_STV		0.022759	2.1089	0.034981	8596
PRSCS_SCZ25_META	absolute	parcel	lh_TA2		-0.0024707	-0.22889	0.81896	8596
PRSCS_SCZ25_META	absolute	parcel	lh_TE1a		0.0068131	0.63117	0.52795	8596
PRSCS_SCZ25_META	absolute	parcel	lh_TE1m		0.002849	0.26393	0.79184	8596
PRSCS_SCZ25_META	absolute	parcel	lh_TE1p		-0.011215	-1.039	0.29883	8596
PRSCS_SCZ25_META	absolute	parcel	lh_TE2a		-0.0017643	-0.16345	0.87017	8596
PRSCS_SCZ25_META	absolute	parcel	lh_TE2p		0.017969	1.6649	0.095972	8596
PRSCS_SCZ25_META	absolute	parcel	lh_TF		0.012961	1.2008	0.22987	8596
PRSCS_SCZ25_META	absolute	parcel	lh_TGd		0.0096578	0.89473	0.37096	8596
PRSCS_SCZ25_META	absolute	parcel	lh_TGv		0.031397	2.91	0.003623	8596
PRSCS_SCZ25_META	absolute	parcel	lh_TPOJ1		0.04292	3.9798	6.9554e-05	8596
PRSCS_SCZ25_META	absolute	parcel	lh_TPOJ2		0.016714	1.5486	0.12152	8596
PRSCS_SCZ25_META	absolute	parcel	lh_TPOJ3		0.03347	3.1024	0.0019261	8596
PRSCS_SCZ25_META	absolute	parcel	lh_V1		-0.0029661	-0.27478	0.78349	8596
PRSCS_SCZ25_META	absolute	parcel	lh_V2		0.015193	1.4077	0.15927	8596
PRSCS_SCZ25_META	absolute	parcel	lh_V3		0.010766	0.99739	0.31861	8596
PRSCS_SCZ25_META	absolute	parcel	lh_V3A		0.019582	1.8144	0.069647	8596
PRSCS_SCZ25_META	absolute	parcel	lh_V3B		0.035557	3.2961	0.0009844	8596
PRSCS_SCZ25_META	absolute	parcel	lh_V3CD		0.030803	2.8549	0.0043148	8596
PRSCS_SCZ25_META	absolute	parcel	lh_V4		0.031002	2.8734	0.004071	8596
PRSCS_SCZ25_META	absolute	parcel	lh_V4t		0.014531	1.3463	0.17825	8596
PRSCS_SCZ25_META	absolute	parcel	lh_V6		0.025771	2.3882	0.016951	8596
PRSCS_SCZ25_META	absolute	parcel	lh_V6A		0.012928	1.1977	0.23106	8596
PRSCS_SCZ25_META	absolute	parcel	lh_V7		0.0074456	0.68978	0.49035	8596
PRSCS_SCZ25_META	absolute	parcel	lh_V8		-0.0016584	-0.15364	0.8779	8596
PRSCS_SCZ25_META	absolute	parcel	lh_VIP		0.0092672	0.85854	0.39062	8596
PRSCS_SCZ25_META	absolute	parcel	lh_VMV1		-0.0065763	-0.60924	0.54238	8596
PRSCS_SCZ25_META	absolute	parcel	lh_VMV2		0.01986	1.8402	0.065773	8596
PRSCS_SCZ25_META	absolute	parcel	lh_VMV3		0.027828	2.579	0.0099253	8596
PRSCS_SCZ25_META	absolute	parcel	lh_VVC		0.0053616	0.4967	0.61941	8596
PRSCS_SCZ25_META	absolute	parcel	lh_a10p		-0.0083296	-0.77167	0.44033	8596
PRSCS_SCZ25_META	absolute	parcel	lh_a24		-0.00053129	-0.049218	0.96075	8596
PRSCS_SCZ25_META	absolute	parcel	lh_a24pr		0.0028557	0.26455	0.79136	8596
PRSCS_SCZ25_META	absolute	parcel	lh_a32pr		0.026601	2.4652	0.013713	8596
PRSCS_SCZ25_META	absolute	parcel	lh_a47r		0.00090144	0.083508	0.93345	8596
PRSCS_SCZ25_META	absolute	parcel	lh_a9-46v		0.013159	1.2192	0.22281	8596
PRSCS_SCZ25_META	absolute	parcel	lh_d23ab		0.014918	1.3821	0.16697	8596
PRSCS_SCZ25_META	absolute	parcel	lh_d32		0.019416	1.799	0.072053	8596
PRSCS_SCZ25_META	absolute	parcel	lh_i6-8		0.0039285	0.36393	0.71592	8596
PRSCS_SCZ25_META	absolute	parcel	lh_p10p		0.0032493	0.30102	0.76341	8596
PRSCS_SCZ25_META	absolute	parcel	lh_p24		0.013304	1.2326	0.21775	8596
PRSCS_SCZ25_META	absolute	parcel	lh_p24pr		0.00081027	0.075063	0.94017	8596
PRSCS_SCZ25_META	absolute	parcel	lh_p32		0.015163	1.4048	0.16011	8596
PRSCS_SCZ25_META	absolute	parcel	lh_p32pr		0.026151	2.4234	0.015396	8596
PRSCS_SCZ25_META	absolute	parcel	lh_p47r		0.0027692	0.25653	0.79755	8596
PRSCS_SCZ25_META	absolute	parcel	lh_p9-46v		0.022857	2.118	0.034207	8596
PRSCS_SCZ25_META	absolute	parcel	lh_pOFC		-0.013668	-1.2663	0.20543	8596
PRSCS_SCZ25_META	absolute	parcel	lh_s32		0.016815	1.558	0.11928	8596
PRSCS_SCZ25_META	absolute	parcel	lh_s6-8		0.014269	1.322	0.1862	8596
PRSCS_SCZ25_META	absolute	parcel	lh_v23ab		0.00057782	0.053529	0.95731	8596
PRSCS_SCZ25_META	relative	cortex	1	Primary_Visual	-0.010342	-0.95804	0.33807	8596
PRSCS_SCZ25_META	relative	cortex	2	Early_Visual	0.0083884	0.77708	0.43713	8596
PRSCS_SCZ25_META	relative	cortex	3	Dorsal_Stream_Visual	0.0091884	0.85119	0.39469	8596
PRSCS_SCZ25_META	relative	cortex	4	Ventral_Stream_Visual	-0.00046144	-0.042745	0.96591	8596
PRSCS_SCZ25_META	relative	cortex	5	MT+_Complex_and_Neighboring_Visual_Areas	0.01466	1.3582	0.17445	8596
PRSCS_SCZ25_META	relative	cortex	6	Somatosensory_and_Motor	-0.0078453	-0.72676	0.46739	8596
PRSCS_SCZ25_META	relative	cortex	7	Paracentral_Lobular_and_Mid_Cingulate	0.012559	1.1635	0.24468	8596
PRSCS_SCZ25_META	relative	cortex	8	Premotor	0.017394	1.6115	0.1071	8596
PRSCS_SCZ25_META	relative	cortex	9	Posterior_Opercular	-0.007241	-0.67078	0.50238	8596
PRSCS_SCZ25_META	relative	cortex	10	Early_Auditory	0.022681	2.1016	0.035618	8596
PRSCS_SCZ25_META	relative	cortex	11	Auditory_Association	0.0038944	0.36075	0.71829	8596
PRSCS_SCZ25_META	relative	cortex	12	Insular_and_Frontal_Opercular	-0.029215	-2.7074	0.0067941	8596
PRSCS_SCZ25_META	relative	cortex	13	Medial_Temporal	-0.0084769	-0.78528	0.43231	8596
PRSCS_SCZ25_META	relative	cortex	14	Lateral_Temporal	-0.010572	-0.97941	0.32741	8596
PRSCS_SCZ25_META	relative	cortex	15	Temporo-Parieto_Occipital_Junction	0.021663	2.0072	0.044758	8596
PRSCS_SCZ25_META	relative	cortex	16	Superior_Parietal	0.0068407	0.63369	0.5263	8596
PRSCS_SCZ25_META	relative	cortex	17	Inferior_Parietal	-0.0076758	-0.71106	0.47707	8596
PRSCS_SCZ25_META	relative	cortex	18	Posterior_Cingulate	-0.008796	-0.81484	0.41519	8596
PRSCS_SCZ25_META	relative	cortex	19	Anterior_Cingulate_and_Medial_Prefrontal	0.00081942	0.075906	0.9395	8596
PRSCS_SCZ25_META	relative	cortex	20	Orbital_and_Polar_Frontal	-0.017428	-1.6146	0.10643	8596
PRSCS_SCZ25_META	relative	cortex	21	Inferior_Frontal	0.0059418	0.55042	0.58205	8596
PRSCS_SCZ25_META	relative	cortex	22	Dorsolateral_Prefrontal	0.0097098	0.8995	0.36841	8596
PRSCS_SCZ25_META	relative	parcel	lh_1		-0.0021395	-0.19819	0.8429	8596
PRSCS_SCZ25_META	relative	parcel	lh_10d		-0.0094357	-0.8741	0.38209	8596
PRSCS_SCZ25_META	relative	parcel	lh_10pp		-0.0081552	-0.75547	0.44999	8596
PRSCS_SCZ25_META	relative	parcel	lh_10r		0.020891	1.9357	0.052941	8596
PRSCS_SCZ25_META	relative	parcel	lh_10v		-0.014671	-1.3592	0.17412	8596
PRSCS_SCZ25_META	relative	parcel	lh_11l		-0.016484	-1.5272	0.12675	8596
PRSCS_SCZ25_META	relative	parcel	lh_13l		-0.0058951	-0.54609	0.58502	8596
PRSCS_SCZ25_META	relative	parcel	lh_2		0.011725	1.0862	0.27742	8596
PRSCS_SCZ25_META	relative	parcel	lh_23c		-0.012946	-1.1993	0.23044	8596
PRSCS_SCZ25_META	relative	parcel	lh_23d		-0.0077662	-0.71943	0.47189	8596
PRSCS_SCZ25_META	relative	parcel	lh_24dd		0.017214	1.5948	0.11079	8596
PRSCS_SCZ25_META	relative	parcel	lh_24dv		0.0025066	0.23219	0.81639	8596
PRSCS_SCZ25_META	relative	parcel	lh_25		-0.0092388	-0.85586	0.3921	8596
PRSCS_SCZ25_META	relative	parcel	lh_31a		-0.00097403	-0.090228	0.92811	8596
PRSCS_SCZ25_META	relative	parcel	lh_31pd		0.0060835	0.56355	0.57308	8596
PRSCS_SCZ25_META	relative	parcel	lh_31pv		-0.007884	-0.73034	0.4652	8596
PRSCS_SCZ25_META	relative	parcel	lh_33pr		0.0041716	0.38644	0.69918	8596
PRSCS_SCZ25_META	relative	parcel	lh_3a		-0.0072518	-0.67178	0.50174	8596
PRSCS_SCZ25_META	relative	parcel	lh_3b		-0.01788	-1.6565	0.097653	8596
PRSCS_SCZ25_META	relative	parcel	lh_4		-0.002392	-0.22158	0.82464	8596
PRSCS_SCZ25_META	relative	parcel	lh_43		0.0085067	0.78803	0.4307	8596
PRSCS_SCZ25_META	relative	parcel	lh_44		0.0027757	0.25712	0.79709	8596
PRSCS_SCZ25_META	relative	parcel	lh_45		-0.0059614	-0.55224	0.5808	8596
PRSCS_SCZ25_META	relative	parcel	lh_46		0.0072241	0.66922	0.50338	8596
PRSCS_SCZ25_META	relative	parcel	lh_47l		0.00022822	0.021141	0.98313	8596
PRSCS_SCZ25_META	relative	parcel	lh_47m		-0.0057705	-0.53455	0.59298	8596
PRSCS_SCZ25_META	relative	parcel	lh_47s		-0.00069979	-0.064824	0.94832	8596
PRSCS_SCZ25_META	relative	parcel	lh_52		0.0051984	0.48155	0.63013	8596
PRSCS_SCZ25_META	relative	parcel	lh_55b		0.015824	1.466	0.14268	8596
PRSCS_SCZ25_META	relative	parcel	lh_5L		0.0072605	0.67258	0.50123	8596
PRSCS_SCZ25_META	relative	parcel	lh_5m		-0.0054576	-0.50557	0.61317	8596
PRSCS_SCZ25_META	relative	parcel	lh_5mv		0.0092995	0.86148	0.389	8596
PRSCS_SCZ25_META	relative	parcel	lh_6a		0.028971	2.6848	0.0072714	8596
PRSCS_SCZ25_META	relative	parcel	lh_6d		0.0077725	0.72001	0.47154	8596
PRSCS_SCZ25_META	relative	parcel	lh_6ma		-0.0074001	-0.68552	0.49303	8596
PRSCS_SCZ25_META	relative	parcel	lh_6mp		0.0090944	0.84249	0.39954	8596
PRSCS_SCZ25_META	relative	parcel	lh_6r		-0.0061411	-0.56888	0.56945	8596
PRSCS_SCZ25_META	relative	parcel	lh_6v		0.0097686	0.90494	0.36552	8596
PRSCS_SCZ25_META	relative	parcel	lh_7AL		-0.00015483	-0.014342	0.98856	8596
PRSCS_SCZ25_META	relative	parcel	lh_7Am		-0.0058929	-0.54589	0.58516	8596
PRSCS_SCZ25_META	relative	parcel	lh_7PC		-0.0056519	-0.52357	0.60059	8596
PRSCS_SCZ25_META	relative	parcel	lh_7PL		0.0065287	0.60479	0.54533	8596
PRSCS_SCZ25_META	relative	parcel	lh_7Pm		-0.00057224	-0.053008	0.95773	8596
PRSCS_SCZ25_META	relative	parcel	lh_7m		-0.0013372	-0.12387	0.90142	8596
PRSCS_SCZ25_META	relative	parcel	lh_8Ad		0.025263	2.3409	0.019258	8596
PRSCS_SCZ25_META	relative	parcel	lh_8Av		0.001383	0.12811	0.89806	8596
PRSCS_SCZ25_META	relative	parcel	lh_8BL		-0.0031849	-0.29503	0.76798	8596
PRSCS_SCZ25_META	relative	parcel	lh_8BM		0.010112	0.93676	0.34891	8596
PRSCS_SCZ25_META	relative	parcel	lh_8C		0.029296	2.715	0.0066414	8596
PRSCS_SCZ25_META	relative	parcel	lh_9-46d		0.014294	1.3242	0.18547	8596
PRSCS_SCZ25_META	relative	parcel	lh_9a		-0.0055999	-0.51875	0.60395	8596
PRSCS_SCZ25_META	relative	parcel	lh_9m		0.0066324	0.6144	0.53897	8596
PRSCS_SCZ25_META	relative	parcel	lh_9p		0.0015362	0.1423	0.88685	8596
PRSCS_SCZ25_META	relative	parcel	lh_A1		-0.00097098	-0.089946	0.92833	8596
PRSCS_SCZ25_META	relative	parcel	lh_A4		0.0053046	0.49139	0.62316	8596
PRSCS_SCZ25_META	relative	parcel	lh_A5		0.01031	0.9551	0.33956	8596
PRSCS_SCZ25_META	relative	parcel	lh_AAIC		0.0036192	0.33526	0.73744	8596
PRSCS_SCZ25_META	relative	parcel	lh_AIP		0.018011	1.6687	0.095211	8596
PRSCS_SCZ25_META	relative	parcel	lh_AVI		0.0094624	0.87658	0.38074	8596
PRSCS_SCZ25_META	relative	parcel	lh_DVT		0.001691	0.15665	0.87553	8596
PRSCS_SCZ25_META	relative	parcel	lh_EC		-0.0098687	-0.91422	0.36063	8596
PRSCS_SCZ25_META	relative	parcel	lh_FEF		-0.0018271	-0.16925	0.8656	8596
PRSCS_SCZ25_META	relative	parcel	lh_FFC		0.00084098	0.077903	0.93791	8596
PRSCS_SCZ25_META	relative	parcel	lh_FOP1		-0.019264	-1.7848	0.074322	8596
PRSCS_SCZ25_META	relative	parcel	lh_FOP2		-0.014421	-1.336	0.18157	8596
PRSCS_SCZ25_META	relative	parcel	lh_FOP3		-0.010165	-0.94167	0.34639	8596
PRSCS_SCZ25_META	relative	parcel	lh_FOP4		-0.0027887	-0.25833	0.79616	8596
PRSCS_SCZ25_META	relative	parcel	lh_FOP5		-0.0023153	-0.21448	0.83018	8596
PRSCS_SCZ25_META	relative	parcel	lh_FST		0.010367	0.96035	0.3369	8596
PRSCS_SCZ25_META	relative	parcel	lh_IFJa		0.023041	2.1349	0.032795	8596
PRSCS_SCZ25_META	relative	parcel	lh_IFJp		0.021003	1.946	0.051687	8596
PRSCS_SCZ25_META	relative	parcel	lh_IFSa		0.0072455	0.67119	0.50212	8596
PRSCS_SCZ25_META	relative	parcel	lh_IFSp		0.011062	1.0248	0.30549	8596
PRSCS_SCZ25_META	relative	parcel	lh_IP0		-0.0045554	-0.42199	0.67305	8596
PRSCS_SCZ25_META	relative	parcel	lh_IP1		0.0054289	0.50291	0.61504	8596
PRSCS_SCZ25_META	relative	parcel	lh_IP2		0.022721	2.1053	0.035297	8596
PRSCS_SCZ25_META	relative	parcel	lh_IPS1		-0.0015369	-0.14237	0.88679	8596
PRSCS_SCZ25_META	relative	parcel	lh_Ig		-0.031034	-2.8762	0.0040349	8596
PRSCS_SCZ25_META	relative	parcel	lh_LBelt		0.011958	1.1078	0.26799	8596
PRSCS_SCZ25_META	relative	parcel	lh_LIPd		0.017738	1.6434	0.10034	8596
PRSCS_SCZ25_META	relative	parcel	lh_LIPv		0.0082954	0.76846	0.44224	8596
PRSCS_SCZ25_META	relative	parcel	lh_LO1		0.0081707	0.75691	0.44913	8596
PRSCS_SCZ25_META	relative	parcel	lh_LO2		-0.012763	-1.1823	0.2371	8596
PRSCS_SCZ25_META	relative	parcel	lh_LO3		0.0035445	0.32834	0.74266	8596
PRSCS_SCZ25_META	relative	parcel	lh_MBelt		0.0032308	0.29928	0.76473	8596
PRSCS_SCZ25_META	relative	parcel	lh_MI		-0.014269	-1.322	0.18621	8596
PRSCS_SCZ25_META	relative	parcel	lh_MIP		0.020962	1.9422	0.052142	8596
PRSCS_SCZ25_META	relative	parcel	lh_MST		0.02343	2.171	0.029957	8596
PRSCS_SCZ25_META	relative	parcel	lh_MT		0.017131	1.5872	0.11251	8596
PRSCS_SCZ25_META	relative	parcel	lh_OFC		-0.0045666	-0.42303	0.67229	8596
PRSCS_SCZ25_META	relative	parcel	lh_OP1		0.0030154	0.27933	0.78	8596
PRSCS_SCZ25_META	relative	parcel	lh_OP2-3		-0.0038124	-0.35316	0.72398	8596
PRSCS_SCZ25_META	relative	parcel	lh_OP4		-0.011162	-1.034	0.30115	8596
PRSCS_SCZ25_META	relative	parcel	lh_PBelt		0.0288	2.6689	0.0076233	8596
PRSCS_SCZ25_META	relative	parcel	lh_PCV		0.0093794	0.86889	0.38493	8596
PRSCS_SCZ25_META	relative	parcel	lh_PEF		0.014591	1.3517	0.1765	8596
PRSCS_SCZ25_META	relative	parcel	lh_PF		-0.0024029	-0.22259	0.82386	8596
PRSCS_SCZ25_META	relative	parcel	lh_PFcm		0.018183	1.6847	0.092086	8596
PRSCS_SCZ25_META	relative	parcel	lh_PFm		0.00055641	0.051542	0.95889	8596
PRSCS_SCZ25_META	relative	parcel	lh_PFop		-0.0060809	-0.56331	0.57324	8596
PRSCS_SCZ25_META	relative	parcel	lh_PFt		-0.0021333	-0.19761	0.84335	8596
PRSCS_SCZ25_META	relative	parcel	lh_PGi		-0.0092074	-0.85295	0.39371	8596
PRSCS_SCZ25_META	relative	parcel	lh_PGp		-0.010121	-0.93756	0.3485	8596
PRSCS_SCZ25_META	relative	parcel	lh_PGs		-0.015674	-1.4521	0.14651	8596
PRSCS_SCZ25_META	relative	parcel	lh_PH		-0.0097959	-0.90747	0.36418	8596
PRSCS_SCZ25_META	relative	parcel	lh_PHA1		0.0050718	0.46983	0.63849	8596
PRSCS_SCZ25_META	relative	parcel	lh_PHA2		-0.0049195	-0.45572	0.6486	8596
PRSCS_SCZ25_META	relative	parcel	lh_PHA3		0.015936	1.4764	0.13988	8596
PRSCS_SCZ25_META	relative	parcel	lh_PHT		-0.010381	-0.96171	0.33622	8596
PRSCS_SCZ25_META	relative	parcel	lh_PI		-0.0028544	-0.26441	0.79147	8596
PRSCS_SCZ25_META	relative	parcel	lh_PIT		0.004467	0.4138	0.67903	8596
PRSCS_SCZ25_META	relative	parcel	lh_POS1		-0.016167	-1.4978	0.13422	8596
PRSCS_SCZ25_META	relative	parcel	lh_POS2		-0.017607	-1.6312	0.10288	8596
PRSCS_SCZ25_META	relative	parcel	lh_PSL		0.0037891	0.351	0.7256	8596
PRSCS_SCZ25_META	relative	parcel	lh_PeEc		0.01005	0.93105	0.35186	8596
PRSCS_SCZ25_META	relative	parcel	lh_Pir		-0.019287	-1.7869	0.073986	8596
PRSCS_SCZ25_META	relative	parcel	lh_PoI1		-0.021285	-1.9722	0.048624	8596
PRSCS_SCZ25_META	relative	parcel	lh_PoI2		-0.036614	-3.3939	0.0006921	8596
PRSCS_SCZ25_META	relative	parcel	lh_PreS		-0.030303	-2.8084	0.0049908	8596
PRSCS_SCZ25_META	relative	parcel	lh_ProS		-0.0067879	-0.62881	0.52949	8596
PRSCS_SCZ25_META	relative	parcel	lh_RI		0.015872	1.4705	0.14147	8596
PRSCS_SCZ25_META	relative	parcel	lh_RSC		-0.00086116	-0.079773	0.93642	8596
PRSCS_SCZ25_META	relative	parcel	lh_SCEF		0.024774	2.2956	0.02172	8596
PRSCS_SCZ25_META	relative	parcel	lh_SFL		0.0055432	0.5135	0.60762	8596
PRSCS_SCZ25_META	relative	parcel	lh_STGa		-0.015066	-1.3958	0.16282	8596
PRSCS_SCZ25_META	relative	parcel	lh_STSda		0.0030235	0.28008	0.77942	8596
PRSCS_SCZ25_META	relative	parcel	lh_STSdp		0.026884	2.4913	0.012747	8596
PRSCS_SCZ25_META	relative	parcel	lh_STSva		0.015793	1.4632	0.14346	8596
PRSCS_SCZ25_META	relative	parcel	lh_STSvp		0.0025441	0.23567	0.8137	8596
PRSCS_SCZ25_META	relative	parcel	lh_STV		0.011883	1.1009	0.27098	8596
PRSCS_SCZ25_META	relative	parcel	lh_TA2		-0.012061	-1.1173	0.26388	8596
PRSCS_SCZ25_META	relative	parcel	lh_TE1a		-0.004456	-0.41278	0.67977	8596
PRSCS_SCZ25_META	relative	parcel	lh_TE1m		-0.0080718	-0.74775	0.45463	8596
PRSCS_SCZ25_META	relative	parcel	lh_TE1p		-0.025424	-2.3559	0.018499	8596
PRSCS_SCZ25_META	relative	parcel	lh_TE2a		-0.016276	-1.5079	0.13161	8596
PRSCS_SCZ25_META	relative	parcel	lh_TE2p		0.0081718	0.757	0.44907	8596
PRSCS_SCZ25_META	relative	parcel	lh_TF		0.0039359	0.3646	0.71542	8596
PRSCS_SCZ25_META	relative	parcel	lh_TGd		0.00053774	0.049813	0.96027	8596
PRSCS_SCZ25_META	relative	parcel	lh_TGv		0.023813	2.2065	0.027378	8596
PRSCS_SCZ25_META	relative	parcel	lh_TPOJ1		0.034239	3.1736	0.001511	8596
PRSCS_SCZ25_META	relative	parcel	lh_TPOJ2		0.0033523	0.31054	0.75616	8596
PRSCS_SCZ25_META	relative	parcel	lh_TPOJ3		0.023849	2.2098	0.027142	8596
PRSCS_SCZ25_META	relative	parcel	lh_V1		-0.010342	-0.95804	0.33807	8596
PRSCS_SCZ25_META	relative	parcel	lh_V2		0.0028652	0.26542	0.79069	8596
PRSCS_SCZ25_META	relative	parcel	lh_V3		-0.0018675	-0.173	0.86266	8596
PRSCS_SCZ25_META	relative	parcel	lh_V3A		0.0071211	0.65967	0.50948	8596
PRSCS_SCZ25_META	relative	parcel	lh_V3B		0.0269	2.4928	0.012694	8596
PRSCS_SCZ25_META	relative	parcel	lh_V3CD		0.02121	1.9652	0.049428	8596
PRSCS_SCZ25_META	relative	parcel	lh_V4		0.019417	1.799	0.072046	8596
PRSCS_SCZ25_META	relative	parcel	lh_V4t		0.0037122	0.34388	0.73095	8596
PRSCS_SCZ25_META	relative	parcel	lh_V6		0.014671	1.3592	0.17411	8596
PRSCS_SCZ25_META	relative	parcel	lh_V6A		0.0026291	0.24355	0.80759	8596
PRSCS_SCZ25_META	relative	parcel	lh_V7		-0.005351	-0.49569	0.62013	8596
PRSCS_SCZ25_META	relative	parcel	lh_V8		-0.015426	-1.4291	0.15301	8596
PRSCS_SCZ25_META	relative	parcel	lh_VIP		-0.0022239	-0.20601	0.83679	8596
PRSCS_SCZ25_META	relative	parcel	lh_VMV1		-0.015022	-1.3917	0.16406	8596
PRSCS_SCZ25_META	relative	parcel	lh_VMV2		0.011475	1.063	0.2878	8596
PRSCS_SCZ25_META	relative	parcel	lh_VMV3		0.018976	1.7581	0.078764	8596
PRSCS_SCZ25_META	relative	parcel	lh_VVC		-0.0042492	-0.39362	0.69387	8596
PRSCS_SCZ25_META	relative	parcel	lh_a10p		-0.019519	-1.8085	0.070565	8596
PRSCS_SCZ25_META	relative	parcel	lh_a24		-0.0090137	-0.835	0.40374	8596
PRSCS_SCZ25_META	relative	parcel	lh_a24pr		-0.0060686	-0.56217	0.57401	8596
PRSCS_SCZ25_META	relative	parcel	lh_a32pr		0.017798	1.6489	0.099196	8596
PRSCS_SCZ25_META	relative	parcel	lh_a47r		-0.014311	-1.3258	0.18494	8596
PRSCS_SCZ25_META	relative	parcel	lh_a9-46v		0.00077191	0.071505	0.943	8596
PRSCS_SCZ25_META	relative	parcel	lh_d23ab		0.005745	0.53219	0.59461	8596
PRSCS_SCZ25_META	relative	parcel	lh_d32		0.0087313	0.80885	0.41863	8596
PRSCS_SCZ25_META	relative	parcel	lh_i6-8		-0.0081588	-0.7558	0.44979	8596
PRSCS_SCZ25_META	relative	parcel	lh_p10p		-0.0085427	-0.79137	0.42875	8596
PRSCS_SCZ25_META	relative	parcel	lh_p24		0.0060153	0.55723	0.57738	8596
PRSCS_SCZ25_META	relative	parcel	lh_p24pr		-0.0085944	-0.79616	0.42596	8596
PRSCS_SCZ25_META	relative	parcel	lh_p32		0.0055904	0.51787	0.60456	8596
PRSCS_SCZ25_META	relative	parcel	lh_p32pr		0.016582	1.5363	0.12451	8596
PRSCS_SCZ25_META	relative	parcel	lh_p47r		-0.0094488	-0.87531	0.38143	8596
PRSCS_SCZ25_META	relative	parcel	lh_p9-46v		0.010986	1.0177	0.30885	8596
PRSCS_SCZ25_META	relative	parcel	lh_pOFC		-0.017502	-1.6215	0.10494	8596
PRSCS_SCZ25_META	relative	parcel	lh_s32		0.010278	0.95215	0.34105	8596
PRSCS_SCZ25_META	relative	parcel	lh_s6-8		0.004362	0.40407	0.68617	8596
PRSCS_SCZ25_META	relative	parcel	lh_v23ab		-0.0094965	-0.87974	0.37903	8596
PRSCS_SCZ25_META	absolute_ct	cortex	1	Primary_Visual	0.0021149	0.19591	0.84469	8596
PRSCS_SCZ25_META	absolute_ct	cortex	2	Early_Visual	0.019271	1.7855	0.074215	8596
PRSCS_SCZ25_META	absolute_ct	cortex	3	Dorsal_Stream_Visual	0.01408	1.3044	0.19212	8596
PRSCS_SCZ25_META	absolute_ct	cortex	4	Ventral_Stream_Visual	0.020279	1.8789	0.060292	8596
PRSCS_SCZ25_META	absolute_ct	cortex	5	MT+_Complex_and_Neighboring_Visual_Areas	0.026107	2.4192	0.015576	8596
PRSCS_SCZ25_META	absolute_ct	cortex	6	Somatosensory_and_Motor	0.0066249	0.61371	0.53943	8596
PRSCS_SCZ25_META	absolute_ct	cortex	7	Paracentral_Lobular_and_Mid_Cingulate	0.027326	2.5322	0.011352	8596
PRSCS_SCZ25_META	absolute_ct	cortex	8	Premotor	0.02664	2.4687	0.013581	8596
PRSCS_SCZ25_META	absolute_ct	cortex	9	Posterior_Opercular	0.0056673	0.52499	0.5996	8596
PRSCS_SCZ25_META	absolute_ct	cortex	10	Early_Auditory	0.032482	3.0106	0.0026153	8596
PRSCS_SCZ25_META	absolute_ct	cortex	11	Auditory_Association	0.024477	2.2681	0.023348	8596
PRSCS_SCZ25_META	absolute_ct	cortex	12	Insular_and_Frontal_Opercular	0.0037602	0.34832	0.72761	8596
PRSCS_SCZ25_META	absolute_ct	cortex	13	Medial_Temporal	0.010695	0.99074	0.32184	8596
PRSCS_SCZ25_META	absolute_ct	cortex	14	Lateral_Temporal	0.016418	1.521	0.12829	8596
PRSCS_SCZ25_META	absolute_ct	cortex	15	Temporo-Parieto_Occipital_Junction	0.029656	2.7484	0.0060016	8596
PRSCS_SCZ25_META	absolute_ct	cortex	16	Superior_Parietal	0.022424	2.0777	0.037767	8596
PRSCS_SCZ25_META	absolute_ct	cortex	17	Inferior_Parietal	0.0261	2.4186	0.015601	8596
PRSCS_SCZ25_META	absolute_ct	cortex	18	Posterior_Cingulate	0.026011	2.4103	0.015962	8596
PRSCS_SCZ25_META	absolute_ct	cortex	19	Anterior_Cingulate_and_Medial_Prefrontal	0.016415	1.5208	0.12835	8596
PRSCS_SCZ25_META	absolute_ct	cortex	20	Orbital_and_Polar_Frontal	0.017202	1.5938	0.11103	8596
PRSCS_SCZ25_META	absolute_ct	cortex	21	Inferior_Frontal	0.030947	2.8681	0.0041398	8596
PRSCS_SCZ25_META	absolute_ct	cortex	22	Dorsolateral_Prefrontal	0.029587	2.7419	0.0061203	8596
PRSCS_SCZ25_META	absolute_ct	parcel	lh_1		0.010074	0.93322	0.35073	8596
PRSCS_SCZ25_META	absolute_ct	parcel	lh_10d		0.014622	1.3546	0.17558	8596
PRSCS_SCZ25_META	absolute_ct	parcel	lh_10pp		0.030552	2.8315	0.0046437	8596
PRSCS_SCZ25_META	absolute_ct	parcel	lh_10r		0.026636	2.4683	0.013595	8596
PRSCS_SCZ25_META	absolute_ct	parcel	lh_10v		0.0061845	0.5729	0.56673	8596
PRSCS_SCZ25_META	absolute_ct	parcel	lh_11l		0.013912	1.2888	0.19749	8596
PRSCS_SCZ25_META	absolute_ct	parcel	lh_13l		0.0042731	0.39584	0.69223	8596
PRSCS_SCZ25_META	absolute_ct	parcel	lh_2		0.02144	1.9865	0.047005	8596
PRSCS_SCZ25_META	absolute_ct	parcel	lh_23c		0.0017609	0.16312	0.87043	8596
PRSCS_SCZ25_META	absolute_ct	parcel	lh_23d		0.0026305	0.24367	0.80749	8596
PRSCS_SCZ25_META	absolute_ct	parcel	lh_24dd		0.022016	2.0399	0.041388	8596
PRSCS_SCZ25_META	absolute_ct	parcel	lh_24dv		0.01533	1.4203	0.15557	8596
PRSCS_SCZ25_META	absolute_ct	parcel	lh_25		-0.0045734	-0.42366	0.67183	8596
PRSCS_SCZ25_META	absolute_ct	parcel	lh_31a		0.025122	2.3279	0.019942	8596
PRSCS_SCZ25_META	absolute_ct	parcel	lh_31pd		0.033761	3.1292	0.0017587	8596
PRSCS_SCZ25_META	absolute_ct	parcel	lh_31pv		0.030868	2.8608	0.0042356	8596
PRSCS_SCZ25_META	absolute_ct	parcel	lh_33pr		0.0036589	0.33894	0.73466	8596
PRSCS_SCZ25_META	absolute_ct	parcel	lh_3a		0.0076032	0.70433	0.48124	8596
PRSCS_SCZ25_META	absolute_ct	parcel	lh_3b		0.0061558	0.57024	0.56853	8596
PRSCS_SCZ25_META	absolute_ct	parcel	lh_4		0.0031329	0.29022	0.77166	8596
PRSCS_SCZ25_META	absolute_ct	parcel	lh_43		0.0077173	0.7149	0.47469	8596
PRSCS_SCZ25_META	absolute_ct	parcel	lh_44		0.014549	1.3478	0.17774	8596
PRSCS_SCZ25_META	absolute_ct	parcel	lh_45		0.021343	1.9776	0.048011	8596
PRSCS_SCZ25_META	absolute_ct	parcel	lh_46		0.02097	1.943	0.052051	8596
PRSCS_SCZ25_META	absolute_ct	parcel	lh_47l		0.019806	1.835	0.066534	8596
PRSCS_SCZ25_META	absolute_ct	parcel	lh_47m		0.00018761	0.017379	0.98613	8596
PRSCS_SCZ25_META	absolute_ct	parcel	lh_47s		0.0083831	0.77659	0.43742	8596
PRSCS_SCZ25_META	absolute_ct	parcel	lh_52		0.014527	1.3458	0.17839	8596
PRSCS_SCZ25_META	absolute_ct	parcel	lh_55b		0.015129	1.4016	0.16106	8596
PRSCS_SCZ25_META	absolute_ct	parcel	lh_5L		0.025402	2.3538	0.018604	8596
PRSCS_SCZ25_META	absolute_ct	parcel	lh_5m		0.007613	0.70524	0.48068	8596
PRSCS_SCZ25_META	absolute_ct	parcel	lh_5mv		0.027389	2.5381	0.011164	8596
PRSCS_SCZ25_META	absolute_ct	parcel	lh_6a		0.032773	3.0375	0.0023928	8596
PRSCS_SCZ25_META	absolute_ct	parcel	lh_6d		0.013232	1.2259	0.22028	8596
PRSCS_SCZ25_META	absolute_ct	parcel	lh_6ma		0.0057082	0.52878	0.59697	8596
PRSCS_SCZ25_META	absolute_ct	parcel	lh_6mp		0.021401	1.9829	0.047408	8596
PRSCS_SCZ25_META	absolute_ct	parcel	lh_6r		0.0031737	0.294	0.76877	8596
PRSCS_SCZ25_META	absolute_ct	parcel	lh_6v		0.021669	2.0077	0.044704	8596
PRSCS_SCZ25_META	absolute_ct	parcel	lh_7AL		0.027158	2.5167	0.011865	8596
PRSCS_SCZ25_META	absolute_ct	parcel	lh_7Am		0.012791	1.1849	0.23608	8596
PRSCS_SCZ25_META	absolute_ct	parcel	lh_7PC		0.0017363	0.16084	0.87223	8596
PRSCS_SCZ25_META	absolute_ct	parcel	lh_7PL		0.0093728	0.86828	0.38527	8596
PRSCS_SCZ25_META	absolute_ct	parcel	lh_7Pm		0.026635	2.4682	0.013598	8596
PRSCS_SCZ25_META	absolute_ct	parcel	lh_7m		0.021316	1.975	0.048299	8596
PRSCS_SCZ25_META	absolute_ct	parcel	lh_8Ad		0.032041	2.9696	0.00299	8596
PRSCS_SCZ25_META	absolute_ct	parcel	lh_8Av		-0.010347	-0.95851	0.33783	8596
PRSCS_SCZ25_META	absolute_ct	parcel	lh_8BL		0.0098664	0.914	0.36074	8596
PRSCS_SCZ25_META	absolute_ct	parcel	lh_8BM		0.016362	1.5159	0.12958	8596
PRSCS_SCZ25_META	absolute_ct	parcel	lh_8C		0.037098	3.4389	0.0005869	8596
PRSCS_SCZ25_META	absolute_ct	parcel	lh_9-46d		0.024103	2.2334	0.025549	8596
PRSCS_SCZ25_META	absolute_ct	parcel	lh_9a		0.015309	1.4183	0.15615	8596
PRSCS_SCZ25_META	absolute_ct	parcel	lh_9m		0.015558	1.4413	0.14952	8596
PRSCS_SCZ25_META	absolute_ct	parcel	lh_9p		0.015831	1.4667	0.14251	8596
PRSCS_SCZ25_META	absolute_ct	parcel	lh_A1		0.0074317	0.68844	0.49119	8596
PRSCS_SCZ25_META	absolute_ct	parcel	lh_A4		0.015973	1.4798	0.13896	8596
PRSCS_SCZ25_META	absolute_ct	parcel	lh_A5		0.024483	2.2686	0.023316	8596
PRSCS_SCZ25_META	absolute_ct	parcel	lh_AAIC		0.0096257	0.89171	0.37258	8596
PRSCS_SCZ25_META	absolute_ct	parcel	lh_AIP		0.028541	2.6449	0.0081864	8596
PRSCS_SCZ25_META	absolute_ct	parcel	lh_AVI		0.022416	2.077	0.037834	8596
PRSCS_SCZ25_META	absolute_ct	parcel	lh_DVT		0.022679	2.1013	0.03564	8596
PRSCS_SCZ25_META	absolute_ct	parcel	lh_EC		-0.00063303	-0.05864	0.95324	8596
PRSCS_SCZ25_META	absolute_ct	parcel	lh_FEF		0.019855	1.8396	0.065861	8596
PRSCS_SCZ25_META	absolute_ct	parcel	lh_FFC		0.010277	0.952	0.34112	8596
PRSCS_SCZ25_META	absolute_ct	parcel	lh_FOP1		-0.0069942	-0.64791	0.51706	8596
PRSCS_SCZ25_META	absolute_ct	parcel	lh_FOP2		0.015892	1.4723	0.14097	8596
PRSCS_SCZ25_META	absolute_ct	parcel	lh_FOP3		0.0088866	0.82323	0.4104	8596
PRSCS_SCZ25_META	absolute_ct	parcel	lh_FOP4		0.0053092	0.49182	0.62286	8596
PRSCS_SCZ25_META	absolute_ct	parcel	lh_FOP5		0.013359	1.2376	0.21589	8596
PRSCS_SCZ25_META	absolute_ct	parcel	lh_FST		0.020833	1.9302	0.053611	8596
PRSCS_SCZ25_META	absolute_ct	parcel	lh_IFJa		0.030415	2.8188	0.0048315	8596
PRSCS_SCZ25_META	absolute_ct	parcel	lh_IFJp		0.020473	1.8969	0.057871	8596
PRSCS_SCZ25_META	absolute_ct	parcel	lh_IFSa		0.024596	2.2791	0.022687	8596
PRSCS_SCZ25_META	absolute_ct	parcel	lh_IFSp		0.028513	2.6424	0.0082481	8596
PRSCS_SCZ25_META	absolute_ct	parcel	lh_IP0		0.024701	2.2888	0.022114	8596
PRSCS_SCZ25_META	absolute_ct	parcel	lh_IP1		0.030302	2.8083	0.0049913	8596
PRSCS_SCZ25_META	absolute_ct	parcel	lh_IP2		0.032015	2.9672	0.0030134	8596
PRSCS_SCZ25_META	absolute_ct	parcel	lh_IPS1		0.011135	1.0316	0.30231	8596
PRSCS_SCZ25_META	absolute_ct	parcel	lh_Ig		-0.0063835	-0.59134	0.55431	8596
PRSCS_SCZ25_META	absolute_ct	parcel	lh_LBelt		0.019468	1.8038	0.071303	8596
PRSCS_SCZ25_META	absolute_ct	parcel	lh_LIPd		0.030359	2.8136	0.0049107	8596
PRSCS_SCZ25_META	absolute_ct	parcel	lh_LIPv		0.0089344	0.82766	0.40789	8596
PRSCS_SCZ25_META	absolute_ct	parcel	lh_LO1		0.0099622	0.92288	0.3561	8596
PRSCS_SCZ25_META	absolute_ct	parcel	lh_LO2		-0.0074967	-0.69447	0.48741	8596
PRSCS_SCZ25_META	absolute_ct	parcel	lh_LO3		0.017787	1.648	0.099394	8596
PRSCS_SCZ25_META	absolute_ct	parcel	lh_MBelt		0.016685	1.5458	0.12218	8596
PRSCS_SCZ25_META	absolute_ct	parcel	lh_MI		-0.00028069	-0.026001	0.97926	8596
PRSCS_SCZ25_META	absolute_ct	parcel	lh_MIP		0.027575	2.5553	0.010625	8596
PRSCS_SCZ25_META	absolute_ct	parcel	lh_MST		0.032369	3	0.0027071	8596
PRSCS_SCZ25_META	absolute_ct	parcel	lh_MT		0.017033	1.578	0.1146	8596
PRSCS_SCZ25_META	absolute_ct	parcel	lh_OFC		0.010965	1.0158	0.30977	8596
PRSCS_SCZ25_META	absolute_ct	parcel	lh_OP1		-0.0030711	-0.28449	0.77604	8596
PRSCS_SCZ25_META	absolute_ct	parcel	lh_OP2-3		0.015787	1.4626	0.14362	8596
PRSCS_SCZ25_META	absolute_ct	parcel	lh_OP4		-0.00015251	-0.014127	0.98873	8596
PRSCS_SCZ25_META	absolute_ct	parcel	lh_PBelt		0.031727	2.9405	0.0032857	8596
PRSCS_SCZ25_META	absolute_ct	parcel	lh_PCV		0.031557	2.9247	0.003457	8596
PRSCS_SCZ25_META	absolute_ct	parcel	lh_PEF		0.013917	1.2893	0.19731	8596
PRSCS_SCZ25_META	absolute_ct	parcel	lh_PF		0.007598	0.70385	0.48155	8596
PRSCS_SCZ25_META	absolute_ct	parcel	lh_PFcm		0.022254	2.062	0.039237	8596
PRSCS_SCZ25_META	absolute_ct	parcel	lh_PFm		0.019836	1.8379	0.066118	8596
PRSCS_SCZ25_META	absolute_ct	parcel	lh_PFop		0.0079674	0.73807	0.46049	8596
PRSCS_SCZ25_META	absolute_ct	parcel	lh_PFt		0.022685	2.102	0.035586	8596
PRSCS_SCZ25_META	absolute_ct	parcel	lh_PGi		0.012562	1.1637	0.24457	8596
PRSCS_SCZ25_META	absolute_ct	parcel	lh_PGp		0.025438	2.3572	0.018435	8596
PRSCS_SCZ25_META	absolute_ct	parcel	lh_PGs		0.0022198	0.20562	0.83709	8596
PRSCS_SCZ25_META	absolute_ct	parcel	lh_PH		0.013439	1.245	0.21316	8596
PRSCS_SCZ25_META	absolute_ct	parcel	lh_PHA1		0.011088	1.0272	0.30437	8596
PRSCS_SCZ25_META	absolute_ct	parcel	lh_PHA2		0.0099835	0.92485	0.35507	8596
PRSCS_SCZ25_META	absolute_ct	parcel	lh_PHA3		0.025502	2.3631	0.018144	8596
PRSCS_SCZ25_META	absolute_ct	parcel	lh_PHT		0.0079053	0.73232	0.46399	8596
PRSCS_SCZ25_META	absolute_ct	parcel	lh_PI		0.0093853	0.86944	0.38463	8596
PRSCS_SCZ25_META	absolute_ct	parcel	lh_PIT		0.020298	1.8807	0.060047	8596
PRSCS_SCZ25_META	absolute_ct	parcel	lh_POS1		-0.0058055	-0.5378	0.59073	8596
PRSCS_SCZ25_META	absolute_ct	parcel	lh_POS2		0.0088322	0.81819	0.41327	8596
PRSCS_SCZ25_META	absolute_ct	parcel	lh_PSL		0.0081117	0.75144	0.45241	8596
PRSCS_SCZ25_META	absolute_ct	parcel	lh_PeEc		0.015246	1.4125	0.15784	8596
PRSCS_SCZ25_META	absolute_ct	parcel	lh_Pir		0.007958	0.7372	0.46102	8596
PRSCS_SCZ25_META	absolute_ct	parcel	lh_PoI1		-0.008273	-0.76639	0.44347	8596
PRSCS_SCZ25_META	absolute_ct	parcel	lh_PoI2		-0.0096633	-0.89519	0.37071	8596
PRSCS_SCZ25_META	absolute_ct	parcel	lh_PreS		-0.01061	-0.9829	0.32569	8596
PRSCS_SCZ25_META	absolute_ct	parcel	lh_ProS		0.0050317	0.46611	0.64115	8596
PRSCS_SCZ25_META	absolute_ct	parcel	lh_RI		0.019189	1.7779	0.075461	8596
PRSCS_SCZ25_META	absolute_ct	parcel	lh_RSC		0.00076506	0.07087	0.9435	8596
PRSCS_SCZ25_META	absolute_ct	parcel	lh_SCEF		0.025418	2.3553	0.018529	8596
PRSCS_SCZ25_META	absolute_ct	parcel	lh_SFL		-0.0010646	-0.098614	0.92145	8596
PRSCS_SCZ25_META	absolute_ct	parcel	lh_STGa		0.0046011	0.42622	0.66996	8596
PRSCS_SCZ25_META	absolute_ct	parcel	lh_STSda		0.03036	2.8136	0.0049096	8596
PRSCS_SCZ25_META	absolute_ct	parcel	lh_STSdp		0.031771	2.9446	0.0032426	8596
PRSCS_SCZ25_META	absolute_ct	parcel	lh_STSva		0.026843	2.4875	0.012885	8596
PRSCS_SCZ25_META	absolute_ct	parcel	lh_STSvp		0.00964	0.89303	0.37187	8596
PRSCS_SCZ25_META	absolute_ct	parcel	lh_STV		0.0074667	0.69168	0.48915	8596
PRSCS_SCZ25_META	absolute_ct	parcel	lh_TA2		-0.005441	-0.50403	0.61425	8596
PRSCS_SCZ25_META	absolute_ct	parcel	lh_TE1a		-0.0049934	-0.46256	0.64369	8596
PRSCS_SCZ25_META	absolute_ct	parcel	lh_TE1m		0.0078719	0.72923	0.46588	8596
PRSCS_SCZ25_META	absolute_ct	parcel	lh_TE1p		-0.0031966	-0.29611	0.76715	8596
PRSCS_SCZ25_META	absolute_ct	parcel	lh_TE2a		0.019192	1.7781	0.075415	8596
PRSCS_SCZ25_META	absolute_ct	parcel	lh_TE2p		0.019935	1.847	0.064785	8596
PRSCS_SCZ25_META	absolute_ct	parcel	lh_TF		0.0083285	0.77153	0.44041	8596
PRSCS_SCZ25_META	absolute_ct	parcel	lh_TGd		0.01369	1.2682	0.20475	8596
PRSCS_SCZ25_META	absolute_ct	parcel	lh_TGv		0.022779	2.1107	0.034828	8596
PRSCS_SCZ25_META	absolute_ct	parcel	lh_TPOJ1		0.031724	2.9402	0.0032888	8596
PRSCS_SCZ25_META	absolute_ct	parcel	lh_TPOJ2		0.027289	2.5288	0.011463	8596
PRSCS_SCZ25_META	absolute_ct	parcel	lh_TPOJ3		0.036996	3.4294	0.00060769	8596
PRSCS_SCZ25_META	absolute_ct	parcel	lh_V1		0.0021149	0.19591	0.84469	8596
PRSCS_SCZ25_META	absolute_ct	parcel	lh_V2		0.015647	1.4496	0.14721	8596
PRSCS_SCZ25_META	absolute_ct	parcel	lh_V3		0.0084675	0.7844	0.43283	8596
PRSCS_SCZ25_META	absolute_ct	parcel	lh_V3A		0.017085	1.5829	0.11349	8596
PRSCS_SCZ25_META	absolute_ct	parcel	lh_V3B		0.021085	1.9536	0.050779	8596
PRSCS_SCZ25_META	absolute_ct	parcel	lh_V3CD		0.026005	2.4098	0.015983	8596
PRSCS_SCZ25_META	absolute_ct	parcel	lh_V4		0.028316	2.6241	0.008704	8596
PRSCS_SCZ25_META	absolute_ct	parcel	lh_V4t		0.023533	2.1806	0.029242	8596
PRSCS_SCZ25_META	absolute_ct	parcel	lh_V6		0.020964	1.9424	0.052125	8596
PRSCS_SCZ25_META	absolute_ct	parcel	lh_V6A		-0.003973	-0.36804	0.71285	8596
PRSCS_SCZ25_META	absolute_ct	parcel	lh_V7		-0.00053597	-0.049649	0.9604	8596
PRSCS_SCZ25_META	absolute_ct	parcel	lh_V8		-0.0077959	-0.72219	0.4702	8596
PRSCS_SCZ25_META	absolute_ct	parcel	lh_VIP		0.0070531	0.65337	0.51354	8596
PRSCS_SCZ25_META	absolute_ct	parcel	lh_VMV1		0.015287	1.4162	0.15674	8596
PRSCS_SCZ25_META	absolute_ct	parcel	lh_VMV2		0.0222	2.0569	0.039723	8596
PRSCS_SCZ25_META	absolute_ct	parcel	lh_VMV3		0.027753	2.5719	0.010132	8596
PRSCS_SCZ25_META	absolute_ct	parcel	lh_VVC		0.0090061	0.83431	0.40413	8596
PRSCS_SCZ25_META	absolute_ct	parcel	lh_a10p		0.01072	0.99313	0.32067	8596
PRSCS_SCZ25_META	absolute_ct	parcel	lh_a24		0.012124	1.1232	0.26138	8596
PRSCS_SCZ25_META	absolute_ct	parcel	lh_a24pr		0.0037998	0.35199	0.72486	8596
PRSCS_SCZ25_META	absolute_ct	parcel	lh_a32pr		0.023347	2.1633	0.030547	8596
PRSCS_SCZ25_META	absolute_ct	parcel	lh_a47r		0.017621	1.6325	0.10261	8596
PRSCS_SCZ25_META	absolute_ct	parcel	lh_a9-46v		0.017843	1.6532	0.098336	8596
PRSCS_SCZ25_META	absolute_ct	parcel	lh_d23ab		0.025785	2.3893	0.016901	8596
PRSCS_SCZ25_META	absolute_ct	parcel	lh_d32		0.015855	1.4689	0.14191	8596
PRSCS_SCZ25_META	absolute_ct	parcel	lh_i6-8		0.012986	1.203	0.229	8596
PRSCS_SCZ25_META	absolute_ct	parcel	lh_p10p		0.013682	1.2676	0.20498	8596
PRSCS_SCZ25_META	absolute_ct	parcel	lh_p24		0.01361	1.2609	0.20739	8596
PRSCS_SCZ25_META	absolute_ct	parcel	lh_p24pr		0.007726	0.71571	0.47419	8596
PRSCS_SCZ25_META	absolute_ct	parcel	lh_p32		0.016165	1.4976	0.13427	8596
PRSCS_SCZ25_META	absolute_ct	parcel	lh_p32pr		0.027687	2.5658	0.010312	8596
PRSCS_SCZ25_META	absolute_ct	parcel	lh_p47r		0.016967	1.5719	0.11601	8596
PRSCS_SCZ25_META	absolute_ct	parcel	lh_p9-46v		0.040601	3.7642	0.00016823	8596
PRSCS_SCZ25_META	absolute_ct	parcel	lh_pOFC		-0.0078698	-0.72903	0.466	8596
PRSCS_SCZ25_META	absolute_ct	parcel	lh_s32		0.016343	1.5141	0.13002	8596
PRSCS_SCZ25_META	absolute_ct	parcel	lh_s6-8		0.018663	1.7291	0.08383	8596
PRSCS_SCZ25_META	absolute_ct	parcel	lh_v23ab		0.0090749	0.84067	0.40056	8596
PRSCS_SCZ25_META	relative_ct	cortex	1	Primary_Visual	-0.0018843	-0.17454	0.86144	8596
PRSCS_SCZ25_META	relative_ct	cortex	2	Early_Visual	0.0085827	0.79503	0.42662	8596
PRSCS_SCZ25_META	relative_ct	cortex	3	Dorsal_Stream_Visual	0.0054746	0.50711	0.61209	8596
PRSCS_SCZ25_META	relative_ct	cortex	4	Ventral_Stream_Visual	0.0057767	0.5351	0.5926	8596
PRSCS_SCZ25_META	relative_ct	cortex	5	MT+_Complex_and_Neighboring_Visual_Areas	0.016258	1.5061	0.13207	8596
PRSCS_SCZ25_META	relative_ct	cortex	6	Somatosensory_and_Motor	-0.002022	-0.18729	0.85143	8596
PRSCS_SCZ25_META	relative_ct	cortex	7	Paracentral_Lobular_and_Mid_Cingulate	0.016366	1.5161	0.12952	8596
PRSCS_SCZ25_META	relative_ct	cortex	8	Premotor	0.019502	1.8068	0.070825	8596
PRSCS_SCZ25_META	relative_ct	cortex	9	Posterior_Opercular	-0.0045306	-0.41967	0.67474	8596
PRSCS_SCZ25_META	relative_ct	cortex	10	Early_Auditory	0.024618	2.281	0.022571	8596
PRSCS_SCZ25_META	relative_ct	cortex	11	Auditory_Association	0.011446	1.0603	0.28905	8596
PRSCS_SCZ25_META	relative_ct	cortex	12	Insular_and_Frontal_Opercular	-0.0048235	-0.4468	0.65503	8596
PRSCS_SCZ25_META	relative_ct	cortex	13	Medial_Temporal	0.0014022	0.12988	0.89666	8596
PRSCS_SCZ25_META	relative_ct	cortex	14	Lateral_Temporal	0.0012803	0.11859	0.9056	8596
PRSCS_SCZ25_META	relative_ct	cortex	15	Temporo-Parieto_Occipital_Junction	0.02368	2.194	0.02826	8596
PRSCS_SCZ25_META	relative_ct	cortex	16	Superior_Parietal	0.01197	1.1089	0.26752	8596
PRSCS_SCZ25_META	relative_ct	cortex	17	Inferior_Parietal	0.0068872	0.63796	0.52352	8596
PRSCS_SCZ25_META	relative_ct	cortex	18	Posterior_Cingulate	0.005975	0.55346	0.57996	8596
PRSCS_SCZ25_META	relative_ct	cortex	19	Anterior_Cingulate_and_Medial_Prefrontal	0.0054286	0.50285	0.61508	8596
PRSCS_SCZ25_META	relative_ct	cortex	20	Orbital_and_Polar_Frontal	0.0018725	0.17345	0.8623	8596
PRSCS_SCZ25_META	relative_ct	cortex	21	Inferior_Frontal	0.015533	1.4389	0.1502	8596
PRSCS_SCZ25_META	relative_ct	cortex	22	Dorsolateral_Prefrontal	0.019293	1.7874	0.073911	8596
PRSCS_SCZ25_META	relative_ct	parcel	lh_1		0.0012396	0.11482	0.90859	8596
PRSCS_SCZ25_META	relative_ct	parcel	lh_10d		0.0078245	0.72479	0.4686	8596
PRSCS_SCZ25_META	relative_ct	parcel	lh_10pp		0.024698	2.2885	0.022135	8596
PRSCS_SCZ25_META	relative_ct	parcel	lh_10r		0.022012	2.0395	0.041434	8596
PRSCS_SCZ25_META	relative_ct	parcel	lh_10v		-0.00040771	-0.037765	0.96988	8596
PRSCS_SCZ25_META	relative_ct	parcel	lh_11l		0.0054513	0.50496	0.6136	8596
PRSCS_SCZ25_META	relative_ct	parcel	lh_13l		-0.0030847	-0.28573	0.77509	8596
PRSCS_SCZ25_META	relative_ct	parcel	lh_2		0.012995	1.2039	0.22868	8596
PRSCS_SCZ25_META	relative_ct	parcel	lh_23c		-0.0093033	-0.86179	0.38883	8596
PRSCS_SCZ25_META	relative_ct	parcel	lh_23d		-0.001549	-0.14348	0.88592	8596
PRSCS_SCZ25_META	relative_ct	parcel	lh_24dd		0.015054	1.3946	0.16318	8596
PRSCS_SCZ25_META	relative_ct	parcel	lh_24dv		0.0072811	0.67446	0.50004	8596
PRSCS_SCZ25_META	relative_ct	parcel	lh_25		-0.005889	-0.5455	0.58542	8596
PRSCS_SCZ25_META	relative_ct	parcel	lh_31a		0.018056	1.6727	0.094414	8596
PRSCS_SCZ25_META	relative_ct	parcel	lh_31pd		0.025337	2.3477	0.018913	8596
PRSCS_SCZ25_META	relative_ct	parcel	lh_31pv		0.022333	2.0692	0.038558	8596
PRSCS_SCZ25_META	relative_ct	parcel	lh_33pr		0.0016779	0.15542	0.87649	8596
PRSCS_SCZ25_META	relative_ct	parcel	lh_3a		0.0013709	0.12698	0.89896	8596
PRSCS_SCZ25_META	relative_ct	parcel	lh_3b		0.0048933	0.45326	0.65037	8596
PRSCS_SCZ25_META	relative_ct	parcel	lh_4		-0.003358	-0.31105	0.75577	8596
PRSCS_SCZ25_META	relative_ct	parcel	lh_43		0.0013619	0.12615	0.89961	8596
PRSCS_SCZ25_META	relative_ct	parcel	lh_44		0.0063549	0.58866	0.55611	8596
PRSCS_SCZ25_META	relative_ct	parcel	lh_45		0.0093925	0.87005	0.3843	8596
PRSCS_SCZ25_META	relative_ct	parcel	lh_46		0.011013	1.0202	0.30768	8596
PRSCS_SCZ25_META	relative_ct	parcel	lh_47l		0.0095249	0.88231	0.37763	8596
PRSCS_SCZ25_META	relative_ct	parcel	lh_47m		-0.0071176	-0.65931	0.50972	8596
PRSCS_SCZ25_META	relative_ct	parcel	lh_47s		0.002927	0.27113	0.7863	8596
PRSCS_SCZ25_META	relative_ct	parcel	lh_52		0.0076425	0.70793	0.47901	8596
PRSCS_SCZ25_META	relative_ct	parcel	lh_55b		0.0098856	0.91573	0.35984	8596
PRSCS_SCZ25_META	relative_ct	parcel	lh_5L		0.018938	1.7545	0.079374	8596
PRSCS_SCZ25_META	relative_ct	parcel	lh_5m		-0.0015121	-0.14006	0.88862	8596
PRSCS_SCZ25_META	relative_ct	parcel	lh_5mv		0.017193	1.5928	0.11125	8596
PRSCS_SCZ25_META	relative_ct	parcel	lh_6a		0.026962	2.4983	0.012497	8596
PRSCS_SCZ25_META	relative_ct	parcel	lh_6d		0.007346	0.68046	0.49623	8596
PRSCS_SCZ25_META	relative_ct	parcel	lh_6ma		-0.0017159	-0.15895	0.87372	8596
PRSCS_SCZ25_META	relative_ct	parcel	lh_6mp		0.014098	1.306	0.19157	8596
PRSCS_SCZ25_META	relative_ct	parcel	lh_6r		-0.0063152	-0.58498	0.55858	8596
PRSCS_SCZ25_META	relative_ct	parcel	lh_6v		0.016019	1.484	0.13783	8596
PRSCS_SCZ25_META	relative_ct	parcel	lh_7AL		0.019631	1.8188	0.068981	8596
PRSCS_SCZ25_META	relative_ct	parcel	lh_7Am		0.0030108	0.27888	0.78034	8596
PRSCS_SCZ25_META	relative_ct	parcel	lh_7PC		-0.0069352	-0.64241	0.52062	8596
PRSCS_SCZ25_META	relative_ct	parcel	lh_7PL		0.0010639	0.098544	0.9215	8596
PRSCS_SCZ25_META	relative_ct	parcel	lh_7Pm		0.01821	1.687	0.091632	8596
PRSCS_SCZ25_META	relative_ct	parcel	lh_7m		0.011537	1.0687	0.28524	8596
PRSCS_SCZ25_META	relative_ct	parcel	lh_8Ad		0.025015	2.3178	0.020481	8596
PRSCS_SCZ25_META	relative_ct	parcel	lh_8Av		-0.0089852	-0.83232	0.40525	8596
PRSCS_SCZ25_META	relative_ct	parcel	lh_8BL		0.0025043	0.23197	0.81657	8596
PRSCS_SCZ25_META	relative_ct	parcel	lh_8BM		0.0093364	0.86486	0.38714	8596
PRSCS_SCZ25_META	relative_ct	parcel	lh_8C		0.030233	2.8017	0.005094	8596
PRSCS_SCZ25_META	relative_ct	parcel	lh_9-46d		0.015864	1.4696	0.1417	8596
PRSCS_SCZ25_META	relative_ct	parcel	lh_9a		0.0076556	0.70915	0.47825	8596
PRSCS_SCZ25_META	relative_ct	parcel	lh_9m		0.0079015	0.73192	0.46424	8596
PRSCS_SCZ25_META	relative_ct	parcel	lh_9p		0.0074355	0.68876	0.49099	8596
PRSCS_SCZ25_META	relative_ct	parcel	lh_A1		0.001335	0.12366	0.90159	8596
PRSCS_SCZ25_META	relative_ct	parcel	lh_A4		0.0075984	0.70384	0.48155	8596
PRSCS_SCZ25_META	relative_ct	parcel	lh_A5		0.017276	1.6005	0.10952	8596
PRSCS_SCZ25_META	relative_ct	parcel	lh_AAIC		0.0086357	0.79994	0.42377	8596
PRSCS_SCZ25_META	relative_ct	parcel	lh_AIP		0.020289	1.8797	0.060178	8596
PRSCS_SCZ25_META	relative_ct	parcel	lh_AVI		0.016393	1.5187	0.12888	8596
PRSCS_SCZ25_META	relative_ct	parcel	lh_DVT		0.011864	1.099	0.27178	8596
PRSCS_SCZ25_META	relative_ct	parcel	lh_EC		-0.0026469	-0.24518	0.80632	8596
PRSCS_SCZ25_META	relative_ct	parcel	lh_FEF		0.011222	1.0395	0.29859	8596
PRSCS_SCZ25_META	relative_ct	parcel	lh_FFC		0.00040187	0.037225	0.97031	8596
PRSCS_SCZ25_META	relative_ct	parcel	lh_FOP1		-0.012845	-1.1899	0.23413	8596
PRSCS_SCZ25_META	relative_ct	parcel	lh_FOP2		0.0099671	0.92328	0.35589	8596
PRSCS_SCZ25_META	relative_ct	parcel	lh_FOP3		0.0059197	0.54835	0.58347	8596
PRSCS_SCZ25_META	relative_ct	parcel	lh_FOP4		-0.00039735	-0.036806	0.97064	8596
PRSCS_SCZ25_META	relative_ct	parcel	lh_FOP5		0.0053668	0.49712	0.61912	8596
PRSCS_SCZ25_META	relative_ct	parcel	lh_FST		0.012539	1.1616	0.24543	8596
PRSCS_SCZ25_META	relative_ct	parcel	lh_IFJa		0.024298	2.2513	0.024389	8596
PRSCS_SCZ25_META	relative_ct	parcel	lh_IFJp		0.016398	1.5191	0.12877	8596
PRSCS_SCZ25_META	relative_ct	parcel	lh_IFSa		0.016033	1.4853	0.1375	8596
PRSCS_SCZ25_META	relative_ct	parcel	lh_IFSp		0.020235	1.8747	0.060863	8596
PRSCS_SCZ25_META	relative_ct	parcel	lh_IP0		0.014477	1.3411	0.17991	8596
PRSCS_SCZ25_META	relative_ct	parcel	lh_IP1		0.020254	1.8765	0.060622	8596
PRSCS_SCZ25_META	relative_ct	parcel	lh_IP2		0.02575	2.386	0.017056	8596
PRSCS_SCZ25_META	relative_ct	parcel	lh_IPS1		-0.00010999	-0.010188	0.99187	8596
PRSCS_SCZ25_META	relative_ct	parcel	lh_Ig		-0.013296	-1.2317	0.21809	8596
PRSCS_SCZ25_META	relative_ct	parcel	lh_LBelt		0.013311	1.2331	0.21757	8596
PRSCS_SCZ25_META	relative_ct	parcel	lh_LIPd		0.024083	2.2314	0.025677	8596
PRSCS_SCZ25_META	relative_ct	parcel	lh_LIPv		0.0018406	0.17049	0.86463	8596
PRSCS_SCZ25_META	relative_ct	parcel	lh_LO1		0.0026475	0.24523	0.80628	8596
PRSCS_SCZ25_META	relative_ct	parcel	lh_LO2		-0.016807	-1.557	0.1195	8596
PRSCS_SCZ25_META	relative_ct	parcel	lh_LO3		0.0089369	0.82784	0.40778	8596
PRSCS_SCZ25_META	relative_ct	parcel	lh_MBelt		0.008242	0.76347	0.4452	8596
PRSCS_SCZ25_META	relative_ct	parcel	lh_MI		-0.0056422	-0.52263	0.60124	8596
PRSCS_SCZ25_META	relative_ct	parcel	lh_MIP		0.021002	1.9458	0.05171	8596
PRSCS_SCZ25_META	relative_ct	parcel	lh_MST		0.026244	2.4318	0.015045	8596
PRSCS_SCZ25_META	relative_ct	parcel	lh_MT		0.0099813	0.9246	0.3552	8596
PRSCS_SCZ25_META	relative_ct	parcel	lh_OFC		0.0075196	0.69654	0.48611	8596
PRSCS_SCZ25_META	relative_ct	parcel	lh_OP1		-0.0066948	-0.62014	0.53518	8596
PRSCS_SCZ25_META	relative_ct	parcel	lh_OP2-3		0.0096901	0.89762	0.36941	8596
PRSCS_SCZ25_META	relative_ct	parcel	lh_OP4		-0.0093754	-0.86846	0.38517	8596
PRSCS_SCZ25_META	relative_ct	parcel	lh_PBelt		0.026371	2.4436	0.014562	8596
PRSCS_SCZ25_META	relative_ct	parcel	lh_PCV		0.022658	2.0993	0.035817	8596
PRSCS_SCZ25_META	relative_ct	parcel	lh_PEF		0.0088879	0.8233	0.41036	8596
PRSCS_SCZ25_META	relative_ct	parcel	lh_PF		0.00050512	0.046789	0.96268	8596
PRSCS_SCZ25_META	relative_ct	parcel	lh_PFcm		0.01636	1.5156	0.12966	8596
PRSCS_SCZ25_META	relative_ct	parcel	lh_PFm		0.010491	0.97183	0.33116	8596
PRSCS_SCZ25_META	relative_ct	parcel	lh_PFop		0.00081538	0.075527	0.9398	8596
PRSCS_SCZ25_META	relative_ct	parcel	lh_PFt		0.014259	1.3209	0.18656	8596
PRSCS_SCZ25_META	relative_ct	parcel	lh_PGi		-0.0027547	-0.25516	0.7986	8596
PRSCS_SCZ25_META	relative_ct	parcel	lh_PGp		0.015761	1.4601	0.14431	8596
PRSCS_SCZ25_META	relative_ct	parcel	lh_PGs		-0.0091104	-0.84392	0.39874	8596
PRSCS_SCZ25_META	relative_ct	parcel	lh_PH		-4.6733e-05	-0.0043288	0.99655	8596
PRSCS_SCZ25_META	relative_ct	parcel	lh_PHA1		0.0064583	0.59823	0.5497	8596
PRSCS_SCZ25_META	relative_ct	parcel	lh_PHA2		0.0045975	0.42586	0.67022	8596
PRSCS_SCZ25_META	relative_ct	parcel	lh_PHA3		0.019024	1.7625	0.07802	8596
PRSCS_SCZ25_META	relative_ct	parcel	lh_PHT		-0.0019431	-0.17999	0.85716	8596
PRSCS_SCZ25_META	relative_ct	parcel	lh_PI		0.0034587	0.32038	0.74869	8596
PRSCS_SCZ25_META	relative_ct	parcel	lh_PIT		0.011827	1.0956	0.27328	8596
PRSCS_SCZ25_META	relative_ct	parcel	lh_POS1		-0.01504	-1.3933	0.16358	8596
PRSCS_SCZ25_META	relative_ct	parcel	lh_POS2		-0.0062266	-0.57677	0.56411	8596
PRSCS_SCZ25_META	relative_ct	parcel	lh_PSL		0.0026708	0.24739	0.80461	8596
PRSCS_SCZ25_META	relative_ct	parcel	lh_PeEc		0.011174	1.0351	0.30066	8596
PRSCS_SCZ25_META	relative_ct	parcel	lh_Pir		0.0073186	0.67793	0.49783	8596
PRSCS_SCZ25_META	relative_ct	parcel	lh_PoI1		-0.011327	-1.0492	0.2941	8596
PRSCS_SCZ25_META	relative_ct	parcel	lh_PoI2		-0.010089	-0.93457	0.35003	8596
PRSCS_SCZ25_META	relative_ct	parcel	lh_PreS		-0.011535	-1.0686	0.28529	8596
PRSCS_SCZ25_META	relative_ct	parcel	lh_ProS		0.00025671	0.023779	0.98103	8596
PRSCS_SCZ25_META	relative_ct	parcel	lh_RI		0.012979	1.2023	0.22928	8596
PRSCS_SCZ25_META	relative_ct	parcel	lh_RSC		-0.0026885	-0.24903	0.80335	8596
PRSCS_SCZ25_META	relative_ct	parcel	lh_SCEF		0.019869	1.8408	0.06568	8596
PRSCS_SCZ25_META	relative_ct	parcel	lh_SFL		-0.0057616	-0.5337	0.59356	8596
PRSCS_SCZ25_META	relative_ct	parcel	lh_STGa		-0.002053	-0.19016	0.84918	8596
PRSCS_SCZ25_META	relative_ct	parcel	lh_STSda		0.020204	1.8718	0.061264	8596
PRSCS_SCZ25_META	relative_ct	parcel	lh_STSdp		0.025961	2.4056	0.016169	8596
PRSCS_SCZ25_META	relative_ct	parcel	lh_STSva		0.019621	1.8178	0.069122	8596
PRSCS_SCZ25_META	relative_ct	parcel	lh_STSvp		0.0013635	0.1263	0.8995	8596
PRSCS_SCZ25_META	relative_ct	parcel	lh_STV		0.0012303	0.11396	0.90927	8596
PRSCS_SCZ25_META	relative_ct	parcel	lh_TA2		-0.011649	-1.0791	0.28056	8596
PRSCS_SCZ25_META	relative_ct	parcel	lh_TE1a		-0.0097886	-0.90675	0.36457	8596
PRSCS_SCZ25_META	relative_ct	parcel	lh_TE1m		0.0011718	0.10855	0.91357	8596
PRSCS_SCZ25_META	relative_ct	parcel	lh_TE1p		-0.012367	-1.1456	0.25198	8596
PRSCS_SCZ25_META	relative_ct	parcel	lh_TE2a		0.0063503	0.58823	0.55639	8596
PRSCS_SCZ25_META	relative_ct	parcel	lh_TE2p		0.012189	1.1291	0.25888	8596
PRSCS_SCZ25_META	relative_ct	parcel	lh_TF		0.001796	0.16636	0.86788	8596
PRSCS_SCZ25_META	relative_ct	parcel	lh_TGd		0.0059008	0.54659	0.58468	8596
PRSCS_SCZ25_META	relative_ct	parcel	lh_TGv		0.019675	1.8228	0.068367	8596
PRSCS_SCZ25_META	relative_ct	parcel	lh_TPOJ1		0.02766	2.5631	0.010392	8596
PRSCS_SCZ25_META	relative_ct	parcel	lh_TPOJ2		0.016645	1.542	0.12311	8596
PRSCS_SCZ25_META	relative_ct	parcel	lh_TPOJ3		0.029834	2.7647	0.0057094	8596
PRSCS_SCZ25_META	relative_ct	parcel	lh_V1		-0.0018843	-0.17454	0.86144	8596
PRSCS_SCZ25_META	relative_ct	parcel	lh_V2		0.0068735	0.6367	0.52434	8596
PRSCS_SCZ25_META	relative_ct	parcel	lh_V3		-0.0016503	-0.15286	0.87851	8596
PRSCS_SCZ25_META	relative_ct	parcel	lh_V3A		0.0079969	0.74076	0.45886	8596
PRSCS_SCZ25_META	relative_ct	parcel	lh_V3B		0.016852	1.5612	0.11852	8596
PRSCS_SCZ25_META	relative_ct	parcel	lh_V3CD		0.020292	1.88	0.06014	8596
PRSCS_SCZ25_META	relative_ct	parcel	lh_V4		0.01956	1.8122	0.069995	8596
PRSCS_SCZ25_META	relative_ct	parcel	lh_V4t		0.014837	1.3745	0.16933	8596
PRSCS_SCZ25_META	relative_ct	parcel	lh_V6		0.013348	1.2365	0.2163	8596
PRSCS_SCZ25_META	relative_ct	parcel	lh_V6A		-0.011064	-1.0249	0.30545	8596
PRSCS_SCZ25_META	relative_ct	parcel	lh_V7		-0.0090442	-0.83779	0.40217	8596
PRSCS_SCZ25_META	relative_ct	parcel	lh_V8		-0.017818	-1.6507	0.098836	8596
PRSCS_SCZ25_META	relative_ct	parcel	lh_VIP		-0.00092958	-0.086106	0.93138	8596
PRSCS_SCZ25_META	relative_ct	parcel	lh_VMV1		0.0085773	0.79453	0.42691	8596
PRSCS_SCZ25_META	relative_ct	parcel	lh_VMV2		0.015541	1.4398	0.14997	8596
PRSCS_SCZ25_META	relative_ct	parcel	lh_VMV3		0.020544	1.9034	0.057025	8596
PRSCS_SCZ25_META	relative_ct	parcel	lh_VVC		0.0016896	0.1565	0.87564	8596
PRSCS_SCZ25_META	relative_ct	parcel	lh_a10p		0.0023023	0.21326	0.83113	8596
PRSCS_SCZ25_META	relative_ct	parcel	lh_a24		0.008121	0.75226	0.45192	8596
PRSCS_SCZ25_META	relative_ct	parcel	lh_a24pr		-0.0023391	-0.21667	0.82847	8596
PRSCS_SCZ25_META	relative_ct	parcel	lh_a32pr		0.017714	1.6411	0.10081	8596
PRSCS_SCZ25_META	relative_ct	parcel	lh_a47r		0.0050048	0.46359	0.64295	8596
PRSCS_SCZ25_META	relative_ct	parcel	lh_a9-46v		0.0090698	0.84015	0.40085	8596
PRSCS_SCZ25_META	relative_ct	parcel	lh_d23ab		0.020551	1.904	0.056939	8596
PRSCS_SCZ25_META	relative_ct	parcel	lh_d32		0.0084505	0.78279	0.43377	8596
PRSCS_SCZ25_META	relative_ct	parcel	lh_i6-8		0.0054761	0.50725	0.61199	8596
PRSCS_SCZ25_META	relative_ct	parcel	lh_p10p		0.0053943	0.49968	0.61732	8596
PRSCS_SCZ25_META	relative_ct	parcel	lh_p24		0.0092433	0.85623	0.3919	8596
PRSCS_SCZ25_META	relative_ct	parcel	lh_p24pr		0.0012182	0.11284	0.91016	8596
PRSCS_SCZ25_META	relative_ct	parcel	lh_p32		0.0091846	0.85079	0.39491	8596
PRSCS_SCZ25_META	relative_ct	parcel	lh_p32pr		0.02098	1.9438	0.051951	8596
PRSCS_SCZ25_META	relative_ct	parcel	lh_p47r		0.0080928	0.74964	0.45349	8596
PRSCS_SCZ25_META	relative_ct	parcel	lh_p9-46v		0.032436	3.0061	0.0026538	8596
PRSCS_SCZ25_META	relative_ct	parcel	lh_pOFC		-0.0086621	-0.80239	0.42235	8596
PRSCS_SCZ25_META	relative_ct	parcel	lh_s32		0.011992	1.1109	0.26664	8596
PRSCS_SCZ25_META	relative_ct	parcel	lh_s6-8		0.012102	1.121	0.2623	8596
PRSCS_SCZ25_META	relative_ct	parcel	lh_v23ab		0.0023047	0.21348	0.83096	8596
PRSCS_SCZ25_EUR	absolute	cortex	1	Primary_Visual	0.0024534	0.16077	0.87228	4308
PRSCS_SCZ25_EUR	absolute	cortex	2	Early_Visual	0.022165	1.4528	0.14635	4308
PRSCS_SCZ25_EUR	absolute	cortex	3	Dorsal_Stream_Visual	0.038218	2.5062	0.012241	4308
PRSCS_SCZ25_EUR	absolute	cortex	4	Ventral_Stream_Visual	0.020894	1.3695	0.17092	4308
PRSCS_SCZ25_EUR	absolute	cortex	5	MT+_Complex_and_Neighboring_Visual_Areas	0.043732	2.8684	0.004145	4308
PRSCS_SCZ25_EUR	absolute	cortex	6	Somatosensory_and_Motor	0.014923	0.97798	0.32814	4308
PRSCS_SCZ25_EUR	absolute	cortex	7	Paracentral_Lobular_and_Mid_Cingulate	0.044862	2.9427	0.0032712	4308
PRSCS_SCZ25_EUR	absolute	cortex	8	Premotor	0.043865	2.8772	0.0040318	4308
PRSCS_SCZ25_EUR	absolute	cortex	9	Posterior_Opercular	0.013767	0.9022	0.367	4308
PRSCS_SCZ25_EUR	absolute	cortex	10	Early_Auditory	0.048411	3.176	0.0015036	4308
PRSCS_SCZ25_EUR	absolute	cortex	11	Auditory_Association	0.042766	2.805	0.0050546	4308
PRSCS_SCZ25_EUR	absolute	cortex	12	Insular_and_Frontal_Opercular	-0.014488	-0.9495	0.34242	4308
PRSCS_SCZ25_EUR	absolute	cortex	13	Medial_Temporal	0.012448	0.81574	0.41469	4308
PRSCS_SCZ25_EUR	absolute	cortex	14	Lateral_Temporal	0.02436	1.5967	0.1104	4308
PRSCS_SCZ25_EUR	absolute	cortex	15	Temporo-Parieto_Occipital_Junction	0.040019	2.6245	0.0087085	4308
PRSCS_SCZ25_EUR	absolute	cortex	16	Superior_Parietal	0.02406	1.5771	0.11485	4308
PRSCS_SCZ25_EUR	absolute	cortex	17	Inferior_Parietal	0.033088	2.1694	0.030105	4308
PRSCS_SCZ25_EUR	absolute	cortex	18	Posterior_Cingulate	0.038766	2.5422	0.011051	4308
PRSCS_SCZ25_EUR	absolute	cortex	19	Anterior_Cingulate_and_Medial_Prefrontal	0.024898	1.632	0.10274	4308
PRSCS_SCZ25_EUR	absolute	cortex	20	Orbital_and_Polar_Frontal	0.010658	0.69841	0.48496	4308
PRSCS_SCZ25_EUR	absolute	cortex	21	Inferior_Frontal	0.024983	1.6376	0.10157	4308
PRSCS_SCZ25_EUR	absolute	cortex	22	Dorsolateral_Prefrontal	0.034473	2.2603	0.023851	4308
PRSCS_SCZ25_EUR	absolute	parcel	lh_1		0.027048	1.773	0.076294	4308
PRSCS_SCZ25_EUR	absolute	parcel	lh_10d		0.018114	1.1872	0.23521	4308
PRSCS_SCZ25_EUR	absolute	parcel	lh_10pp		0.0087282	0.57197	0.56737	4308
PRSCS_SCZ25_EUR	absolute	parcel	lh_10r		0.045812	3.0052	0.0026696	4308
PRSCS_SCZ25_EUR	absolute	parcel	lh_10v		0.0034076	0.2233	0.82332	4308
PRSCS_SCZ25_EUR	absolute	parcel	lh_11l		-0.004151	-0.27201	0.78563	4308
PRSCS_SCZ25_EUR	absolute	parcel	lh_13l		0.019746	1.2942	0.19568	4308
PRSCS_SCZ25_EUR	absolute	parcel	lh_2		0.018817	1.2333	0.21755	4308
PRSCS_SCZ25_EUR	absolute	parcel	lh_23c		0.03496	2.2923	0.021938	4308
PRSCS_SCZ25_EUR	absolute	parcel	lh_23d		0.038306	2.512	0.012041	4308
PRSCS_SCZ25_EUR	absolute	parcel	lh_24dd		0.049977	3.279	0.00105	4308
PRSCS_SCZ25_EUR	absolute	parcel	lh_24dv		0.020975	1.3747	0.16928	4308
PRSCS_SCZ25_EUR	absolute	parcel	lh_25		-0.015622	-1.0238	0.30597	4308
PRSCS_SCZ25_EUR	absolute	parcel	lh_31a		0.0031138	0.20405	0.83833	4308
PRSCS_SCZ25_EUR	absolute	parcel	lh_31pd		0.021073	1.3812	0.16729	4308
PRSCS_SCZ25_EUR	absolute	parcel	lh_31pv		0.025203	1.652	0.098599	4308
PRSCS_SCZ25_EUR	absolute	parcel	lh_33pr		0.026137	1.7133	0.086728	4308
PRSCS_SCZ25_EUR	absolute	parcel	lh_3a		0.0068156	0.44663	0.65517	4308
PRSCS_SCZ25_EUR	absolute	parcel	lh_3b		-0.0058233	-0.3816	0.70278	4308
PRSCS_SCZ25_EUR	absolute	parcel	lh_4		0.0034847	0.22835	0.81939	4308
PRSCS_SCZ25_EUR	absolute	parcel	lh_43		0.013647	0.89434	0.37119	4308
PRSCS_SCZ25_EUR	absolute	parcel	lh_44		0.022826	1.4961	0.13469	4308
PRSCS_SCZ25_EUR	absolute	parcel	lh_45		0.015692	1.0284	0.30383	4308
PRSCS_SCZ25_EUR	absolute	parcel	lh_46		0.022119	1.4498	0.14719	4308
PRSCS_SCZ25_EUR	absolute	parcel	lh_47l		0.0082424	0.54013	0.58914	4308
PRSCS_SCZ25_EUR	absolute	parcel	lh_47m		0.00035387	0.023188	0.9815	4308
PRSCS_SCZ25_EUR	absolute	parcel	lh_47s		0.00098577	0.064596	0.9485	4308
PRSCS_SCZ25_EUR	absolute	parcel	lh_52		0.034218	2.2436	0.024911	4308
PRSCS_SCZ25_EUR	absolute	parcel	lh_55b		0.03723	2.4413	0.014674	4308
PRSCS_SCZ25_EUR	absolute	parcel	lh_5L		0.010505	0.68844	0.49121	4308
PRSCS_SCZ25_EUR	absolute	parcel	lh_5m		0.01795	1.1764	0.2395	4308
PRSCS_SCZ25_EUR	absolute	parcel	lh_5mv		0.034239	2.2449	0.024823	4308
PRSCS_SCZ25_EUR	absolute	parcel	lh_6a		0.043702	2.8665	0.0041712	4308
PRSCS_SCZ25_EUR	absolute	parcel	lh_6d		0.035802	2.3476	0.018942	4308
PRSCS_SCZ25_EUR	absolute	parcel	lh_6ma		0.022285	1.4607	0.14418	4308
PRSCS_SCZ25_EUR	absolute	parcel	lh_6mp		0.033124	2.1718	0.029929	4308
PRSCS_SCZ25_EUR	absolute	parcel	lh_6r		0.013029	0.85386	0.39323	4308
PRSCS_SCZ25_EUR	absolute	parcel	lh_6v		0.029663	1.9446	0.051888	4308
PRSCS_SCZ25_EUR	absolute	parcel	lh_7AL		0.013623	0.89278	0.37203	4308
PRSCS_SCZ25_EUR	absolute	parcel	lh_7Am		0.024149	1.5829	0.11352	4308
PRSCS_SCZ25_EUR	absolute	parcel	lh_7PC		0.0094129	0.61684	0.53737	4308
PRSCS_SCZ25_EUR	absolute	parcel	lh_7PL		0.025756	1.6883	0.091428	4308
PRSCS_SCZ25_EUR	absolute	parcel	lh_7Pm		0.0021785	0.14275	0.88649	4308
PRSCS_SCZ25_EUR	absolute	parcel	lh_7m		0.026149	1.7141	0.086586	4308
PRSCS_SCZ25_EUR	absolute	parcel	lh_8Ad		0.032912	2.1579	0.030993	4308
PRSCS_SCZ25_EUR	absolute	parcel	lh_8Av		0.02225	1.4584	0.1448	4308
PRSCS_SCZ25_EUR	absolute	parcel	lh_8BL		0.022549	1.478	0.13949	4308
PRSCS_SCZ25_EUR	absolute	parcel	lh_8BM		0.020983	1.3753	0.16911	4308
PRSCS_SCZ25_EUR	absolute	parcel	lh_8C		0.022937	1.5034	0.1328	4308
PRSCS_SCZ25_EUR	absolute	parcel	lh_9-46d		0.019606	1.285	0.19886	4308
PRSCS_SCZ25_EUR	absolute	parcel	lh_9a		0.013308	0.87215	0.38318	4308
PRSCS_SCZ25_EUR	absolute	parcel	lh_9m		0.027543	1.8055	0.071062	4308
PRSCS_SCZ25_EUR	absolute	parcel	lh_9p		0.024272	1.591	0.11169	4308
PRSCS_SCZ25_EUR	absolute	parcel	lh_A1		0.026872	1.7615	0.078223	4308
PRSCS_SCZ25_EUR	absolute	parcel	lh_A4		0.050265	3.298	0.00098179	4308
PRSCS_SCZ25_EUR	absolute	parcel	lh_A5		0.029418	1.9285	0.053853	4308
PRSCS_SCZ25_EUR	absolute	parcel	lh_AAIC		-0.016071	-1.0533	0.29228	4308
PRSCS_SCZ25_EUR	absolute	parcel	lh_AIP		0.01987	1.3023	0.19288	4308
PRSCS_SCZ25_EUR	absolute	parcel	lh_AVI		0.0067442	0.44195	0.65855	4308
PRSCS_SCZ25_EUR	absolute	parcel	lh_DVT		0.026635	1.746	0.080886	4308
PRSCS_SCZ25_EUR	absolute	parcel	lh_EC		-0.0082731	-0.54214	0.58775	4308
PRSCS_SCZ25_EUR	absolute	parcel	lh_FEF		0.013612	0.89207	0.37241	4308
PRSCS_SCZ25_EUR	absolute	parcel	lh_FFC		0.016103	1.0554	0.29132	4308
PRSCS_SCZ25_EUR	absolute	parcel	lh_FOP1		0.013416	0.87921	0.37933	4308
PRSCS_SCZ25_EUR	absolute	parcel	lh_FOP2		0.012149	0.79615	0.42599	4308
PRSCS_SCZ25_EUR	absolute	parcel	lh_FOP3		0.010325	0.67664	0.49867	4308
PRSCS_SCZ25_EUR	absolute	parcel	lh_FOP4		0.008726	0.57183	0.56747	4308
PRSCS_SCZ25_EUR	absolute	parcel	lh_FOP5		0.0069109	0.45287	0.65067	4308
PRSCS_SCZ25_EUR	absolute	parcel	lh_FST		0.034214	2.2433	0.024927	4308
PRSCS_SCZ25_EUR	absolute	parcel	lh_IFJa		0.027261	1.7871	0.073998	4308
PRSCS_SCZ25_EUR	absolute	parcel	lh_IFJp		0.010972	0.71901	0.47217	4308
PRSCS_SCZ25_EUR	absolute	parcel	lh_IFSa		0.024756	1.6227	0.10473	4308
PRSCS_SCZ25_EUR	absolute	parcel	lh_IFSp		0.025172	1.65	0.099019	4308
PRSCS_SCZ25_EUR	absolute	parcel	lh_IP0		0.0089159	0.58427	0.55907	4308
PRSCS_SCZ25_EUR	absolute	parcel	lh_IP1		0.03503	2.2969	0.021675	4308
PRSCS_SCZ25_EUR	absolute	parcel	lh_IP2		0.033819	2.2173	0.026651	4308
PRSCS_SCZ25_EUR	absolute	parcel	lh_IPS1		0.020612	1.351	0.17678	4308
PRSCS_SCZ25_EUR	absolute	parcel	lh_Ig		-0.015857	-1.0392	0.29876	4308
PRSCS_SCZ25_EUR	absolute	parcel	lh_LBelt		0.037714	2.4731	0.013433	4308
PRSCS_SCZ25_EUR	absolute	parcel	lh_LIPd		0.028054	1.8391	0.06597	4308
PRSCS_SCZ25_EUR	absolute	parcel	lh_LIPv		0.017911	1.1739	0.2405	4308
PRSCS_SCZ25_EUR	absolute	parcel	lh_LO1		0.010375	0.67987	0.49662	4308
PRSCS_SCZ25_EUR	absolute	parcel	lh_LO2		0.021045	1.3793	0.16786	4308
PRSCS_SCZ25_EUR	absolute	parcel	lh_LO3		0.025194	1.6515	0.098716	4308
PRSCS_SCZ25_EUR	absolute	parcel	lh_MBelt		0.0079926	0.52376	0.60047	4308
PRSCS_SCZ25_EUR	absolute	parcel	lh_MI		0.0070184	0.45992	0.6456	4308
PRSCS_SCZ25_EUR	absolute	parcel	lh_MIP		0.029423	1.9289	0.053808	4308
PRSCS_SCZ25_EUR	absolute	parcel	lh_MST		0.034863	2.2859	0.022309	4308
PRSCS_SCZ25_EUR	absolute	parcel	lh_MT		0.035944	2.3569	0.018472	4308
PRSCS_SCZ25_EUR	absolute	parcel	lh_OFC		0.013034	0.85418	0.39305	4308
PRSCS_SCZ25_EUR	absolute	parcel	lh_OP1		0.0048604	0.3185	0.75012	4308
PRSCS_SCZ25_EUR	absolute	parcel	lh_OP2-3		0.020481	1.3424	0.17954	4308
PRSCS_SCZ25_EUR	absolute	parcel	lh_OP4		-0.0062605	-0.41025	0.68164	4308
PRSCS_SCZ25_EUR	absolute	parcel	lh_PBelt		0.057577	3.7792	0.00015946	4308
PRSCS_SCZ25_EUR	absolute	parcel	lh_PCV		0.035783	2.3463	0.019005	4308
PRSCS_SCZ25_EUR	absolute	parcel	lh_PEF		0.02764	1.8119	0.070072	4308
PRSCS_SCZ25_EUR	absolute	parcel	lh_PF		0.0235	1.5403	0.12355	4308
PRSCS_SCZ25_EUR	absolute	parcel	lh_PFcm		0.020217	1.325	0.18523	4308
PRSCS_SCZ25_EUR	absolute	parcel	lh_PFm		0.034547	2.2652	0.02355	4308
PRSCS_SCZ25_EUR	absolute	parcel	lh_PFop		0.0066222	0.43396	0.66434	4308
PRSCS_SCZ25_EUR	absolute	parcel	lh_PFt		0.017556	1.1506	0.24995	4308
PRSCS_SCZ25_EUR	absolute	parcel	lh_PGi		0.0033472	0.21934	0.82639	4308
PRSCS_SCZ25_EUR	absolute	parcel	lh_PGp		0.019671	1.2893	0.19738	4308
PRSCS_SCZ25_EUR	absolute	parcel	lh_PGs		0.023896	1.5663	0.11735	4308
PRSCS_SCZ25_EUR	absolute	parcel	lh_PH		0.020555	1.3472	0.17799	4308
PRSCS_SCZ25_EUR	absolute	parcel	lh_PHA1		0.020285	1.3295	0.18376	4308
PRSCS_SCZ25_EUR	absolute	parcel	lh_PHA2		-0.0045839	-0.30038	0.7639	4308
PRSCS_SCZ25_EUR	absolute	parcel	lh_PHA3		0.048922	3.2096	0.0013389	4308
PRSCS_SCZ25_EUR	absolute	parcel	lh_PHT		0.0023392	0.15328	0.87818	4308
PRSCS_SCZ25_EUR	absolute	parcel	lh_PI		0.016616	1.089	0.27621	4308
PRSCS_SCZ25_EUR	absolute	parcel	lh_PIT		0.017077	1.1192	0.26313	4308
PRSCS_SCZ25_EUR	absolute	parcel	lh_POS1		0.017682	1.1589	0.24657	4308
PRSCS_SCZ25_EUR	absolute	parcel	lh_POS2		0.0096908	0.63505	0.52543	4308
PRSCS_SCZ25_EUR	absolute	parcel	lh_PSL		0.016249	1.0649	0.28698	4308
PRSCS_SCZ25_EUR	absolute	parcel	lh_PeEc		0.017875	1.1715	0.24146	4308
PRSCS_SCZ25_EUR	absolute	parcel	lh_Pir		-0.038722	-2.5393	0.011143	4308
PRSCS_SCZ25_EUR	absolute	parcel	lh_PoI1		-0.0021364	-0.14	0.88867	4308
PRSCS_SCZ25_EUR	absolute	parcel	lh_PoI2		-0.017095	-1.1204	0.26263	4308
PRSCS_SCZ25_EUR	absolute	parcel	lh_PreS		-0.023454	-1.5373	0.12428	4308
PRSCS_SCZ25_EUR	absolute	parcel	lh_ProS		0.015819	1.0367	0.29993	4308
PRSCS_SCZ25_EUR	absolute	parcel	lh_RI		0.031298	2.0519	0.040241	4308
PRSCS_SCZ25_EUR	absolute	parcel	lh_RSC		0.017818	1.1678	0.24297	4308
PRSCS_SCZ25_EUR	absolute	parcel	lh_SCEF		0.039498	2.5903	0.0096219	4308
PRSCS_SCZ25_EUR	absolute	parcel	lh_SFL		0.024036	1.5755	0.11521	4308
PRSCS_SCZ25_EUR	absolute	parcel	lh_STGa		0.022039	1.4445	0.14866	4308
PRSCS_SCZ25_EUR	absolute	parcel	lh_STSda		0.018099	1.1862	0.2356	4308
PRSCS_SCZ25_EUR	absolute	parcel	lh_STSdp		0.043808	2.8735	0.0040799	4308
PRSCS_SCZ25_EUR	absolute	parcel	lh_STSva		0.036998	2.4261	0.015303	4308
PRSCS_SCZ25_EUR	absolute	parcel	lh_STSvp		0.03382	2.2175	0.026643	4308
PRSCS_SCZ25_EUR	absolute	parcel	lh_STV		0.037514	2.46	0.013933	4308
PRSCS_SCZ25_EUR	absolute	parcel	lh_TA2		0.0049603	0.32504	0.74516	4308
PRSCS_SCZ25_EUR	absolute	parcel	lh_TE1a		0.026174	1.7157	0.086281	4308
PRSCS_SCZ25_EUR	absolute	parcel	lh_TE1m		0.021843	1.4317	0.15231	4308
PRSCS_SCZ25_EUR	absolute	parcel	lh_TE1p		-0.0083147	-0.54487	0.58587	4308
PRSCS_SCZ25_EUR	absolute	parcel	lh_TE2a		0.0015092	0.098893	0.92123	4308
PRSCS_SCZ25_EUR	absolute	parcel	lh_TE2p		0.024255	1.5899	0.11194	4308
PRSCS_SCZ25_EUR	absolute	parcel	lh_TF		0.017892	1.1727	0.241	4308
PRSCS_SCZ25_EUR	absolute	parcel	lh_TGd		0.014421	0.94508	0.34467	4308
PRSCS_SCZ25_EUR	absolute	parcel	lh_TGv		0.04696	3.0806	0.0020787	4308
PRSCS_SCZ25_EUR	absolute	parcel	lh_TPOJ1		0.049737	3.2633	0.00111	4308
PRSCS_SCZ25_EUR	absolute	parcel	lh_TPOJ2		0.016432	1.0769	0.28157	4308
PRSCS_SCZ25_EUR	absolute	parcel	lh_TPOJ3		0.025547	1.6746	0.094089	4308
PRSCS_SCZ25_EUR	absolute	parcel	lh_V1		0.0024534	0.16077	0.87228	4308
PRSCS_SCZ25_EUR	absolute	parcel	lh_V2		0.023349	1.5305	0.12598	4308
PRSCS_SCZ25_EUR	absolute	parcel	lh_V3		0.0027564	0.18063	0.85667	4308
PRSCS_SCZ25_EUR	absolute	parcel	lh_V3A		0.034331	2.251	0.024437	4308
PRSCS_SCZ25_EUR	absolute	parcel	lh_V3B		0.040577	2.6611	0.0078164	4308
PRSCS_SCZ25_EUR	absolute	parcel	lh_V3CD		0.031035	2.0347	0.041944	4308
PRSCS_SCZ25_EUR	absolute	parcel	lh_V4		0.029017	1.9023	0.057204	4308
PRSCS_SCZ25_EUR	absolute	parcel	lh_V4t		0.024895	1.6319	0.10278	4308
PRSCS_SCZ25_EUR	absolute	parcel	lh_V6		0.028707	1.8819	0.059917	4308
PRSCS_SCZ25_EUR	absolute	parcel	lh_V6A		0.022411	1.4689	0.14192	4308
PRSCS_SCZ25_EUR	absolute	parcel	lh_V7		0.025277	1.6569	0.097619	4308
PRSCS_SCZ25_EUR	absolute	parcel	lh_V8		-0.0032273	-0.21148	0.83252	4308
PRSCS_SCZ25_EUR	absolute	parcel	lh_VIP		0.00041798	0.02739	0.97815	4308
PRSCS_SCZ25_EUR	absolute	parcel	lh_VMV1		0.0022229	0.14567	0.88419	4308
PRSCS_SCZ25_EUR	absolute	parcel	lh_VMV2		0.024964	1.6364	0.10183	4308
PRSCS_SCZ25_EUR	absolute	parcel	lh_VMV3		0.041744	2.7378	0.0062109	4308
PRSCS_SCZ25_EUR	absolute	parcel	lh_VVC		-0.0013065	-0.085611	0.93178	4308
PRSCS_SCZ25_EUR	absolute	parcel	lh_a10p		-0.012199	-0.79942	0.42409	4308
PRSCS_SCZ25_EUR	absolute	parcel	lh_a24		0.00191	0.12516	0.9004	4308
PRSCS_SCZ25_EUR	absolute	parcel	lh_a24pr		-0.002364	-0.15491	0.8769	4308
PRSCS_SCZ25_EUR	absolute	parcel	lh_a32pr		0.041182	2.7009	0.0069422	4308
PRSCS_SCZ25_EUR	absolute	parcel	lh_a47r		0.011146	0.7304	0.46518	4308
PRSCS_SCZ25_EUR	absolute	parcel	lh_a9-46v		0.0073797	0.4836	0.6287	4308
PRSCS_SCZ25_EUR	absolute	parcel	lh_d23ab		0.019099	1.2518	0.21072	4308
PRSCS_SCZ25_EUR	absolute	parcel	lh_d32		0.025409	1.6655	0.095881	4308
PRSCS_SCZ25_EUR	absolute	parcel	lh_i6-8		0.015038	0.98553	0.32442	4308
PRSCS_SCZ25_EUR	absolute	parcel	lh_p10p		0.0065086	0.42651	0.66976	4308
PRSCS_SCZ25_EUR	absolute	parcel	lh_p24		0.017521	1.1483	0.2509	4308
PRSCS_SCZ25_EUR	absolute	parcel	lh_p24pr		0.0037848	0.24801	0.80414	4308
PRSCS_SCZ25_EUR	absolute	parcel	lh_p32		0.019949	1.3075	0.19113	4308
PRSCS_SCZ25_EUR	absolute	parcel	lh_p32pr		0.040302	2.6431	0.0082454	4308
PRSCS_SCZ25_EUR	absolute	parcel	lh_p47r		0.0015749	0.1032	0.91781	4308
PRSCS_SCZ25_EUR	absolute	parcel	lh_p9-46v		0.026114	1.7118	0.087001	4308
PRSCS_SCZ25_EUR	absolute	parcel	lh_pOFC		-0.015451	-1.0126	0.31132	4308
PRSCS_SCZ25_EUR	absolute	parcel	lh_s32		0.016346	1.0713	0.28411	4308
PRSCS_SCZ25_EUR	absolute	parcel	lh_s6-8		0.033102	2.1703	0.03004	4308
PRSCS_SCZ25_EUR	absolute	parcel	lh_v23ab		0.010715	0.7022	0.48259	4308
PRSCS_SCZ25_EUR	relative	cortex	1	Primary_Visual	-0.0091492	-0.59949	0.54888	4308
PRSCS_SCZ25_EUR	relative	cortex	2	Early_Visual	-0.0042113	-0.27593	0.78262	4308
PRSCS_SCZ25_EUR	relative	cortex	3	Dorsal_Stream_Visual	0.014343	0.93985	0.34735	4308
PRSCS_SCZ25_EUR	relative	cortex	4	Ventral_Stream_Visual	-0.007993	-0.52372	0.6005	4308
PRSCS_SCZ25_EUR	relative	cortex	5	MT+_Complex_and_Neighboring_Visual_Areas	0.018199	1.1926	0.2331	4308
PRSCS_SCZ25_EUR	relative	cortex	6	Somatosensory_and_Motor	-0.0064168	-0.42044	0.67418	4308
PRSCS_SCZ25_EUR	relative	cortex	7	Paracentral_Lobular_and_Mid_Cingulate	0.019583	1.2834	0.19944	4308
PRSCS_SCZ25_EUR	relative	cortex	8	Premotor	0.022859	1.4982	0.13417	4308
PRSCS_SCZ25_EUR	relative	cortex	9	Posterior_Opercular	-0.012162	-0.79691	0.42555	4308
PRSCS_SCZ25_EUR	relative	cortex	10	Early_Auditory	0.027155	1.7799	0.075171	4308
PRSCS_SCZ25_EUR	relative	cortex	11	Auditory_Association	0.018467	1.2102	0.22628	4308
PRSCS_SCZ25_EUR	relative	cortex	12	Insular_and_Frontal_Opercular	-0.036114	-2.3678	0.01794	4308
PRSCS_SCZ25_EUR	relative	cortex	13	Medial_Temporal	-0.005372	-0.35199	0.72487	4308
PRSCS_SCZ25_EUR	relative	cortex	14	Lateral_Temporal	-0.0055799	-0.3656	0.71468	4308
PRSCS_SCZ25_EUR	relative	cortex	15	Temporo-Parieto_Occipital_Junction	0.014852	0.9732	0.33051	4308
PRSCS_SCZ25_EUR	relative	cortex	16	Superior_Parietal	-0.0061424	-0.40246	0.68736	4308
PRSCS_SCZ25_EUR	relative	cortex	17	Inferior_Parietal	0.00049026	0.032122	0.97438	4308
PRSCS_SCZ25_EUR	relative	cortex	18	Posterior_Cingulate	0.010042	0.65802	0.51056	4308
PRSCS_SCZ25_EUR	relative	cortex	19	Anterior_Cingulate_and_Medial_Prefrontal	-0.0032073	-0.21014	0.83357	4308
PRSCS_SCZ25_EUR	relative	cortex	20	Orbital_and_Polar_Frontal	-0.020246	-1.3268	0.18464	4308
PRSCS_SCZ25_EUR	relative	cortex	21	Inferior_Frontal	-0.0082931	-0.54339	0.58689	4308
PRSCS_SCZ25_EUR	relative	cortex	22	Dorsolateral_Prefrontal	0.0053174	0.34841	0.72755	4308
PRSCS_SCZ25_EUR	relative	parcel	lh_1		0.0064067	0.41978	0.67467	4308
PRSCS_SCZ25_EUR	relative	parcel	lh_10d		0.00052073	0.034119	0.97278	4308
PRSCS_SCZ25_EUR	relative	parcel	lh_10pp		-0.0064045	-0.41964	0.67477	4308
PRSCS_SCZ25_EUR	relative	parcel	lh_10r		0.033531	2.1982	0.027986	4308
PRSCS_SCZ25_EUR	relative	parcel	lh_10v		-0.012573	-0.82383	0.41008	4308
PRSCS_SCZ25_EUR	relative	parcel	lh_11l		-0.022851	-1.4976	0.13431	4308
PRSCS_SCZ25_EUR	relative	parcel	lh_13l		0.0042209	0.27656	0.78213	4308
PRSCS_SCZ25_EUR	relative	parcel	lh_2		-0.0041735	-0.27346	0.78452	4308
PRSCS_SCZ25_EUR	relative	parcel	lh_23c		0.016579	1.0865	0.27734	4308
PRSCS_SCZ25_EUR	relative	parcel	lh_23d		0.027293	1.7889	0.073697	4308
PRSCS_SCZ25_EUR	relative	parcel	lh_24dd		0.033562	2.2002	0.027842	4308
PRSCS_SCZ25_EUR	relative	parcel	lh_24dv		0.0043432	0.28457	0.77599	4308
PRSCS_SCZ25_EUR	relative	parcel	lh_25		-0.022436	-1.4704	0.14152	4308
PRSCS_SCZ25_EUR	relative	parcel	lh_31a		-0.012923	-0.84677	0.39717	4308
PRSCS_SCZ25_EUR	relative	parcel	lh_31pd		0.0012267	0.080372	0.93595	4308
PRSCS_SCZ25_EUR	relative	parcel	lh_31pv		0.0070469	0.46173	0.6443	4308
PRSCS_SCZ25_EUR	relative	parcel	lh_33pr		0.022559	1.4785	0.13936	4308
PRSCS_SCZ25_EUR	relative	parcel	lh_3a		-0.006738	-0.44149	0.65888	4308
PRSCS_SCZ25_EUR	relative	parcel	lh_3b		-0.018091	-1.1855	0.23587	4308
PRSCS_SCZ25_EUR	relative	parcel	lh_4		0.0010088	0.066097	0.9473	4308
PRSCS_SCZ25_EUR	relative	parcel	lh_43		-0.0041679	-0.27309	0.7848	4308
PRSCS_SCZ25_EUR	relative	parcel	lh_44		0.0041063	0.26905	0.7879	4308
PRSCS_SCZ25_EUR	relative	parcel	lh_45		-0.0066871	-0.43816	0.66129	4308
PRSCS_SCZ25_EUR	relative	parcel	lh_46		-0.0027911	-0.18288	0.8549	4308
PRSCS_SCZ25_EUR	relative	parcel	lh_47l		-0.012536	-0.82144	0.41144	4308
PRSCS_SCZ25_EUR	relative	parcel	lh_47m		-0.017221	-1.1285	0.25918	4308
PRSCS_SCZ25_EUR	relative	parcel	lh_47s		-0.01462	-0.95805	0.33809	4308
PRSCS_SCZ25_EUR	relative	parcel	lh_52		0.021585	1.4146	0.15726	4308
PRSCS_SCZ25_EUR	relative	parcel	lh_55b		0.022247	1.458	0.14491	4308
PRSCS_SCZ25_EUR	relative	parcel	lh_5L		-0.0095101	-0.62314	0.53323	4308
PRSCS_SCZ25_EUR	relative	parcel	lh_5m		-0.0027757	-0.18187	0.8557	4308
PRSCS_SCZ25_EUR	relative	parcel	lh_5mv		0.015368	1.007	0.31398	4308
PRSCS_SCZ25_EUR	relative	parcel	lh_6a		0.026002	1.7043	0.088406	4308
PRSCS_SCZ25_EUR	relative	parcel	lh_6d		0.020095	1.3169	0.18794	4308
PRSCS_SCZ25_EUR	relative	parcel	lh_6ma		0.0045762	0.29984	0.76431	4308
PRSCS_SCZ25_EUR	relative	parcel	lh_6mp		0.015364	1.0068	0.31408	4308
PRSCS_SCZ25_EUR	relative	parcel	lh_6r		-0.0091805	-0.60154	0.54751	4308
PRSCS_SCZ25_EUR	relative	parcel	lh_6v		0.013638	0.89367	0.37155	4308
PRSCS_SCZ25_EUR	relative	parcel	lh_7AL		-0.0042846	-0.28073	0.77893	4308
PRSCS_SCZ25_EUR	relative	parcel	lh_7Am		0.0058893	0.38588	0.6996	4308
PRSCS_SCZ25_EUR	relative	parcel	lh_7PC		-0.010923	-0.71571	0.47421	4308
PRSCS_SCZ25_EUR	relative	parcel	lh_7PL		0.0088581	0.58042	0.56166	4308
PRSCS_SCZ25_EUR	relative	parcel	lh_7Pm		-0.01544	-1.0118	0.3117	4308
PRSCS_SCZ25_EUR	relative	parcel	lh_7m		0.0059725	0.39133	0.69557	4308
PRSCS_SCZ25_EUR	relative	parcel	lh_8Ad		0.012278	0.80454	0.42113	4308
PRSCS_SCZ25_EUR	relative	parcel	lh_8Av		0.0076642	0.50218	0.61557	4308
PRSCS_SCZ25_EUR	relative	parcel	lh_8BL		0.0036267	0.23763	0.81218	4308
PRSCS_SCZ25_EUR	relative	parcel	lh_8BM		0.00057754	0.037841	0.96982	4308
PRSCS_SCZ25_EUR	relative	parcel	lh_8C		2.3241e-05	0.0015228	0.99879	4308
PRSCS_SCZ25_EUR	relative	parcel	lh_9-46d		-0.0039197	-0.25682	0.79733	4308
PRSCS_SCZ25_EUR	relative	parcel	lh_9a		-0.0077018	-0.50465	0.61383	4308
PRSCS_SCZ25_EUR	relative	parcel	lh_9m		0.0056545	0.37049	0.71103	4308
PRSCS_SCZ25_EUR	relative	parcel	lh_9p		0.0036208	0.23724	0.81248	4308
PRSCS_SCZ25_EUR	relative	parcel	lh_A1		0.010813	0.7085	0.47867	4308
PRSCS_SCZ25_EUR	relative	parcel	lh_A4		0.032502	2.1307	0.033171	4308
PRSCS_SCZ25_EUR	relative	parcel	lh_A5		0.0085478	0.56008	0.57546	4308
PRSCS_SCZ25_EUR	relative	parcel	lh_AAIC		-0.02163	-1.4176	0.15639	4308
PRSCS_SCZ25_EUR	relative	parcel	lh_AIP		-0.0019091	-0.12509	0.90046	4308
PRSCS_SCZ25_EUR	relative	parcel	lh_AVI		-0.0084638	-0.55458	0.57921	4308
PRSCS_SCZ25_EUR	relative	parcel	lh_DVT		0.0057822	0.37886	0.70481	4308
PRSCS_SCZ25_EUR	relative	parcel	lh_EC		-0.012864	-0.84293	0.39932	4308
PRSCS_SCZ25_EUR	relative	parcel	lh_FEF		-0.0048593	-0.31839	0.75021	4308
PRSCS_SCZ25_EUR	relative	parcel	lh_FFC		-0.0060129	-0.39398	0.69362	4308
PRSCS_SCZ25_EUR	relative	parcel	lh_FOP1		-0.00075419	-0.049416	0.96059	4308
PRSCS_SCZ25_EUR	relative	parcel	lh_FOP2		-0.00084415	-0.05531	0.95589	4308
PRSCS_SCZ25_EUR	relative	parcel	lh_FOP3		-0.001398	-0.091596	0.92702	4308
PRSCS_SCZ25_EUR	relative	parcel	lh_FOP4		-0.0077381	-0.50702	0.61216	4308
PRSCS_SCZ25_EUR	relative	parcel	lh_FOP5		-0.010576	-0.69297	0.48836	4308
PRSCS_SCZ25_EUR	relative	parcel	lh_FST		0.015824	1.0369	0.29982	4308
PRSCS_SCZ25_EUR	relative	parcel	lh_IFJa		0.010501	0.68805	0.49146	4308
PRSCS_SCZ25_EUR	relative	parcel	lh_IFJp		-0.0030588	-0.20042	0.84116	4308
PRSCS_SCZ25_EUR	relative	parcel	lh_IFSa		0.003358	0.22002	0.82586	4308
PRSCS_SCZ25_EUR	relative	parcel	lh_IFSp		0.0041796	0.27385	0.78421	4308
PRSCS_SCZ25_EUR	relative	parcel	lh_IP0		-0.012748	-0.83536	0.40356	4308
PRSCS_SCZ25_EUR	relative	parcel	lh_IP1		0.014955	0.97996	0.32716	4308
PRSCS_SCZ25_EUR	relative	parcel	lh_IP2		0.015006	0.9833	0.32551	4308
PRSCS_SCZ25_EUR	relative	parcel	lh_IPS1		0.00074839	0.049035	0.96089	4308
PRSCS_SCZ25_EUR	relative	parcel	lh_Ig		-0.031434	-2.0606	0.039404	4308
PRSCS_SCZ25_EUR	relative	parcel	lh_LBelt		0.022331	1.4635	0.14341	4308
PRSCS_SCZ25_EUR	relative	parcel	lh_LIPd		0.010789	0.70695	0.47964	4308
PRSCS_SCZ25_EUR	relative	parcel	lh_LIPv		0.0006335	0.041507	0.96689	4308
PRSCS_SCZ25_EUR	relative	parcel	lh_LO1		-0.0096775	-0.63411	0.52605	4308
PRSCS_SCZ25_EUR	relative	parcel	lh_LO2		0.0034816	0.22812	0.81957	4308
PRSCS_SCZ25_EUR	relative	parcel	lh_LO3		0.0070545	0.46223	0.64394	4308
PRSCS_SCZ25_EUR	relative	parcel	lh_MBelt		-0.010894	-0.71385	0.47536	4308
PRSCS_SCZ25_EUR	relative	parcel	lh_MI		-0.0073036	-0.47855	0.63228	4308
PRSCS_SCZ25_EUR	relative	parcel	lh_MIP		0.010904	0.7145	0.47496	4308
PRSCS_SCZ25_EUR	relative	parcel	lh_MST		0.017762	1.164	0.2445	4308
PRSCS_SCZ25_EUR	relative	parcel	lh_MT		0.018823	1.2335	0.21745	4308
PRSCS_SCZ25_EUR	relative	parcel	lh_OFC		0.0017544	0.11495	0.90849	4308
PRSCS_SCZ25_EUR	relative	parcel	lh_OP1		-0.010035	-0.65752	0.51088	4308
PRSCS_SCZ25_EUR	relative	parcel	lh_OP2-3		0.0078641	0.51528	0.60639	4308
PRSCS_SCZ25_EUR	relative	parcel	lh_OP4		-0.031158	-2.0425	0.041166	4308
PRSCS_SCZ25_EUR	relative	parcel	lh_PBelt		0.042928	2.8153	0.0048959	4308
PRSCS_SCZ25_EUR	relative	parcel	lh_PCV		0.016761	1.0984	0.2721	4308
PRSCS_SCZ25_EUR	relative	parcel	lh_PEF		0.013763	0.90183	0.3672	4308
PRSCS_SCZ25_EUR	relative	parcel	lh_PF		0.0034098	0.22341	0.82322	4308
PRSCS_SCZ25_EUR	relative	parcel	lh_PFcm		2.6911e-05	0.0017632	0.99859	4308
PRSCS_SCZ25_EUR	relative	parcel	lh_PFm		0.013298	0.87137	0.3836	4308
PRSCS_SCZ25_EUR	relative	parcel	lh_PFop		-0.010904	-0.71451	0.47495	4308
PRSCS_SCZ25_EUR	relative	parcel	lh_PFt		-0.0011828	-0.077498	0.93823	4308
PRSCS_SCZ25_EUR	relative	parcel	lh_PGi		-0.026572	-1.7416	0.081643	4308
PRSCS_SCZ25_EUR	relative	parcel	lh_PGp		-0.00093167	-0.061044	0.95133	4308
PRSCS_SCZ25_EUR	relative	parcel	lh_PGs		0.0018594	0.12183	0.90304	4308
PRSCS_SCZ25_EUR	relative	parcel	lh_PH		-0.0010988	-0.071991	0.94261	4308
PRSCS_SCZ25_EUR	relative	parcel	lh_PHA1		0.01338	0.87674	0.38068	4308
PRSCS_SCZ25_EUR	relative	parcel	lh_PHA2		-0.017925	-1.1747	0.2402	4308
PRSCS_SCZ25_EUR	relative	parcel	lh_PHA3		0.036687	2.4054	0.016199	4308
PRSCS_SCZ25_EUR	relative	parcel	lh_PHT		-0.020486	-1.3426	0.17949	4308
PRSCS_SCZ25_EUR	relative	parcel	lh_PI		0.003135	0.20541	0.83726	4308
PRSCS_SCZ25_EUR	relative	parcel	lh_PIT		-0.00087834	-0.057549	0.95411	4308
PRSCS_SCZ25_EUR	relative	parcel	lh_POS1		-0.0026742	-0.17522	0.86092	4308
PRSCS_SCZ25_EUR	relative	parcel	lh_POS2		-0.017061	-1.118	0.26361	4308
PRSCS_SCZ25_EUR	relative	parcel	lh_PSL		-0.0025953	-0.17005	0.86498	4308
PRSCS_SCZ25_EUR	relative	parcel	lh_PeEc		0.005793	0.37957	0.70428	4308
PRSCS_SCZ25_EUR	relative	parcel	lh_Pir		-0.044115	-2.8933	0.0038315	4308
PRSCS_SCZ25_EUR	relative	parcel	lh_PoI1		-0.01073	-0.70311	0.48203	4308
PRSCS_SCZ25_EUR	relative	parcel	lh_PoI2		-0.026227	-1.719	0.085679	4308
PRSCS_SCZ25_EUR	relative	parcel	lh_PreS		-0.025372	-1.663	0.096395	4308
PRSCS_SCZ25_EUR	relative	parcel	lh_ProS		0.0046551	0.30501	0.76037	4308
PRSCS_SCZ25_EUR	relative	parcel	lh_RI		0.014602	0.95684	0.3387	4308
PRSCS_SCZ25_EUR	relative	parcel	lh_RSC		0.011302	0.74059	0.45898	4308
PRSCS_SCZ25_EUR	relative	parcel	lh_SCEF		0.022373	1.4662	0.14266	4308
PRSCS_SCZ25_EUR	relative	parcel	lh_SFL		0.0084974	0.55678	0.57771	4308
PRSCS_SCZ25_EUR	relative	parcel	lh_STGa		0.006312	0.41358	0.67921	4308
PRSCS_SCZ25_EUR	relative	parcel	lh_STSda		-0.002984	-0.19552	0.845	4308
PRSCS_SCZ25_EUR	relative	parcel	lh_STSdp		0.026302	1.7239	0.084798	4308
PRSCS_SCZ25_EUR	relative	parcel	lh_STSva		0.020742	1.3593	0.17411	4308
PRSCS_SCZ25_EUR	relative	parcel	lh_STSvp		0.01515	0.99275	0.32089	4308
PRSCS_SCZ25_EUR	relative	parcel	lh_STV		0.020194	1.3234	0.18578	4308
PRSCS_SCZ25_EUR	relative	parcel	lh_TA2		-0.010366	-0.6792	0.49705	4308
PRSCS_SCZ25_EUR	relative	parcel	lh_TE1a		0.0091612	0.60028	0.54835	4308
PRSCS_SCZ25_EUR	relative	parcel	lh_TE1m		0.0050273	0.3294	0.74187	4308
PRSCS_SCZ25_EUR	relative	parcel	lh_TE1p		-0.031	-2.0321	0.042204	4308
PRSCS_SCZ25_EUR	relative	parcel	lh_TE2a		-0.021176	-1.3878	0.16528	4308
PRSCS_SCZ25_EUR	relative	parcel	lh_TE2p		0.007922	0.51907	0.60374	4308
PRSCS_SCZ25_EUR	relative	parcel	lh_TF		0.0031655	0.20741	0.8357	4308
PRSCS_SCZ25_EUR	relative	parcel	lh_TGd		0.00043284	0.02836	0.97738	4308
PRSCS_SCZ25_EUR	relative	parcel	lh_TGv		0.034541	2.2645	0.023594	4308
PRSCS_SCZ25_EUR	relative	parcel	lh_TPOJ1		0.03123	2.0472	0.040698	4308
PRSCS_SCZ25_EUR	relative	parcel	lh_TPOJ2		-0.0064835	-0.42482	0.67099	4308
PRSCS_SCZ25_EUR	relative	parcel	lh_TPOJ3		0.006178	0.4048	0.68565	4308
PRSCS_SCZ25_EUR	relative	parcel	lh_V1		-0.0091492	-0.59949	0.54888	4308
PRSCS_SCZ25_EUR	relative	parcel	lh_V2		0.0028596	0.18737	0.85138	4308
PRSCS_SCZ25_EUR	relative	parcel	lh_V3		-0.019061	-1.2491	0.2117	4308
PRSCS_SCZ25_EUR	relative	parcel	lh_V3A		0.015092	0.98898	0.32273	4308
PRSCS_SCZ25_EUR	relative	parcel	lh_V3B		0.023958	1.5702	0.11644	4308
PRSCS_SCZ25_EUR	relative	parcel	lh_V3CD		0.013058	0.85564	0.39224	4308
PRSCS_SCZ25_EUR	relative	parcel	lh_V4		0.0048181	0.31569	0.75225	4308
PRSCS_SCZ25_EUR	relative	parcel	lh_V4t		0.0086222	0.56496	0.57213	4308
PRSCS_SCZ25_EUR	relative	parcel	lh_V6		0.0089323	0.58527	0.55839	4308
PRSCS_SCZ25_EUR	relative	parcel	lh_V6A		0.0054697	0.35839	0.72007	4308
PRSCS_SCZ25_EUR	relative	parcel	lh_V7		0.0061386	0.40222	0.68755	4308
PRSCS_SCZ25_EUR	relative	parcel	lh_V8		-0.024653	-1.6158	0.10621	4308
PRSCS_SCZ25_EUR	relative	parcel	lh_VIP		-0.019152	-1.2551	0.20952	4308
PRSCS_SCZ25_EUR	relative	parcel	lh_VMV1		-0.010525	-0.68968	0.49043	4308
PRSCS_SCZ25_EUR	relative	parcel	lh_VMV2		0.010081	0.66055	0.50894	4308
PRSCS_SCZ25_EUR	relative	parcel	lh_VMV3		0.02694	1.7658	0.077505	4308
PRSCS_SCZ25_EUR	relative	parcel	lh_VVC		-0.016198	-1.0615	0.28854	4308
PRSCS_SCZ25_EUR	relative	parcel	lh_a10p		-0.031675	-2.0764	0.037917	4308
PRSCS_SCZ25_EUR	relative	parcel	lh_a24		-0.012604	-0.82588	0.40892	4308
PRSCS_SCZ25_EUR	relative	parcel	lh_a24pr		-0.016653	-1.0913	0.27521	4308
PRSCS_SCZ25_EUR	relative	parcel	lh_a32pr		0.026466	1.7347	0.082865	4308
PRSCS_SCZ25_EUR	relative	parcel	lh_a47r		-0.013161	-0.86239	0.38852	4308
PRSCS_SCZ25_EUR	relative	parcel	lh_a9-46v		-0.015502	-1.0159	0.30976	4308
PRSCS_SCZ25_EUR	relative	parcel	lh_d23ab		0.0039523	0.25896	0.79568	4308
PRSCS_SCZ25_EUR	relative	parcel	lh_d32		0.0072072	0.47224	0.63678	4308
PRSCS_SCZ25_EUR	relative	parcel	lh_i6-8		-0.0038206	-0.25033	0.80234	4308
PRSCS_SCZ25_EUR	relative	parcel	lh_p10p		-0.013438	-0.88056	0.37861	4308
PRSCS_SCZ25_EUR	relative	parcel	lh_p24		0.0063088	0.41337	0.67936	4308
PRSCS_SCZ25_EUR	relative	parcel	lh_p24pr		-0.011195	-0.73353	0.46328	4308
PRSCS_SCZ25_EUR	relative	parcel	lh_p32		0.0027833	0.18237	0.8553	4308
PRSCS_SCZ25_EUR	relative	parcel	lh_p32pr		0.02383	1.5618	0.1184	4308
PRSCS_SCZ25_EUR	relative	parcel	lh_p47r		-0.019133	-1.2538	0.20997	4308
PRSCS_SCZ25_EUR	relative	parcel	lh_p9-46v		0.0044851	0.29387	0.76887	4308
PRSCS_SCZ25_EUR	relative	parcel	lh_pOFC		-0.020516	-1.3445	0.17886	4308
PRSCS_SCZ25_EUR	relative	parcel	lh_s32		0.0034854	0.22837	0.81937	4308
PRSCS_SCZ25_EUR	relative	parcel	lh_s6-8		0.017946	1.176	0.23965	4308
PRSCS_SCZ25_EUR	relative	parcel	lh_v23ab		-0.0045713	-0.29952	0.76456	4308
PRSCS_SCZ25_EUR	absolute_ct	cortex	1	Primary_Visual	-0.0004056	-0.026576	0.9788	4308
PRSCS_SCZ25_EUR	absolute_ct	cortex	2	Early_Visual	0.01186	0.77712	0.43713	4308
PRSCS_SCZ25_EUR	absolute_ct	cortex	3	Dorsal_Stream_Visual	0.025292	1.6577	0.09745	4308
PRSCS_SCZ25_EUR	absolute_ct	cortex	4	Ventral_Stream_Visual	0.018748	1.2286	0.21928	4308
PRSCS_SCZ25_EUR	absolute_ct	cortex	5	MT+_Complex_and_Neighboring_Visual_Areas	0.027399	1.7959	0.072587	4308
PRSCS_SCZ25_EUR	absolute_ct	cortex	6	Somatosensory_and_Motor	0.010385	0.6805	0.49623	4308
PRSCS_SCZ25_EUR	absolute_ct	cortex	7	Paracentral_Lobular_and_Mid_Cingulate	0.033161	2.1739	0.029764	4308
PRSCS_SCZ25_EUR	absolute_ct	cortex	8	Premotor	0.040497	2.6556	0.0079458	4308
PRSCS_SCZ25_EUR	absolute_ct	cortex	9	Posterior_Opercular	0.015471	1.0138	0.31072	4308
PRSCS_SCZ25_EUR	absolute_ct	cortex	10	Early_Auditory	0.042831	2.8089	0.0049937	4308
PRSCS_SCZ25_EUR	absolute_ct	cortex	11	Auditory_Association	0.036979	2.4245	0.015368	4308
PRSCS_SCZ25_EUR	absolute_ct	cortex	12	Insular_and_Frontal_Opercular	0.0022734	0.14896	0.88159	4308
PRSCS_SCZ25_EUR	absolute_ct	cortex	13	Medial_Temporal	0.012764	0.8364	0.40298	4308
PRSCS_SCZ25_EUR	absolute_ct	cortex	14	Lateral_Temporal	0.022988	1.5066	0.13199	4308
PRSCS_SCZ25_EUR	absolute_ct	cortex	15	Temporo-Parieto_Occipital_Junction	0.033886	2.2215	0.026367	4308
PRSCS_SCZ25_EUR	absolute_ct	cortex	16	Superior_Parietal	0.02555	1.6746	0.094082	4308
PRSCS_SCZ25_EUR	absolute_ct	cortex	17	Inferior_Parietal	0.027839	1.8248	0.068107	4308
PRSCS_SCZ25_EUR	absolute_ct	cortex	18	Posterior_Cingulate	0.031933	2.0933	0.036379	4308
PRSCS_SCZ25_EUR	absolute_ct	cortex	19	Anterior_Cingulate_and_Medial_Prefrontal	0.021371	1.4006	0.16141	4308
PRSCS_SCZ25_EUR	absolute_ct	cortex	20	Orbital_and_Polar_Frontal	0.023049	1.5106	0.13097	4308
PRSCS_SCZ25_EUR	absolute_ct	cortex	21	Inferior_Frontal	0.026238	1.7197	0.085552	4308
PRSCS_SCZ25_EUR	absolute_ct	cortex	22	Dorsolateral_Prefrontal	0.032924	2.1584	0.030954	4308
PRSCS_SCZ25_EUR	absolute_ct	parcel	lh_1		0.016127	1.0568	0.29066	4308
PRSCS_SCZ25_EUR	absolute_ct	parcel	lh_10d		0.026085	1.7097	0.087394	4308
PRSCS_SCZ25_EUR	absolute_ct	parcel	lh_10pp		0.027148	1.7794	0.075244	4308
PRSCS_SCZ25_EUR	absolute_ct	parcel	lh_10r		0.035575	2.3324	0.019728	4308
PRSCS_SCZ25_EUR	absolute_ct	parcel	lh_10v		0.0019607	0.12847	0.89778	4308
PRSCS_SCZ25_EUR	absolute_ct	parcel	lh_11l		0.013857	0.90803	0.36392	4308
PRSCS_SCZ25_EUR	absolute_ct	parcel	lh_13l		0.022371	1.4661	0.14269	4308
PRSCS_SCZ25_EUR	absolute_ct	parcel	lh_2		0.016719	1.0956	0.27331	4308
PRSCS_SCZ25_EUR	absolute_ct	parcel	lh_23c		0.021892	1.4347	0.15144	4308
PRSCS_SCZ25_EUR	absolute_ct	parcel	lh_23d		0.020598	1.3499	0.17713	4308
PRSCS_SCZ25_EUR	absolute_ct	parcel	lh_24dd		0.035931	2.3558	0.018529	4308
PRSCS_SCZ25_EUR	absolute_ct	parcel	lh_24dv		0.014635	0.95901	0.33761	4308
PRSCS_SCZ25_EUR	absolute_ct	parcel	lh_25		-0.0076336	-0.50018	0.61698	4308
PRSCS_SCZ25_EUR	absolute_ct	parcel	lh_31a		0.021503	1.4092	0.15885	4308
PRSCS_SCZ25_EUR	absolute_ct	parcel	lh_31pd		0.030675	2.0108	0.044408	4308
PRSCS_SCZ25_EUR	absolute_ct	parcel	lh_31pv		0.034867	2.2859	0.022308	4308
PRSCS_SCZ25_EUR	absolute_ct	parcel	lh_33pr		0.01303	0.85382	0.39325	4308
PRSCS_SCZ25_EUR	absolute_ct	parcel	lh_3a		0.012727	0.83398	0.40434	4308
PRSCS_SCZ25_EUR	absolute_ct	parcel	lh_3b		0.0067379	0.44148	0.65889	4308
PRSCS_SCZ25_EUR	absolute_ct	parcel	lh_4		0.012848	0.84188	0.3999	4308
PRSCS_SCZ25_EUR	absolute_ct	parcel	lh_43		0.0048272	0.31629	0.7518	4308
PRSCS_SCZ25_EUR	absolute_ct	parcel	lh_44		0.018391	1.2052	0.2282	4308
PRSCS_SCZ25_EUR	absolute_ct	parcel	lh_45		0.019368	1.2692	0.20442	4308
PRSCS_SCZ25_EUR	absolute_ct	parcel	lh_46		0.027548	1.8057	0.071043	4308
PRSCS_SCZ25_EUR	absolute_ct	parcel	lh_47l		0.021248	1.3925	0.16383	4308
PRSCS_SCZ25_EUR	absolute_ct	parcel	lh_47m		-0.0032454	-0.21265	0.83161	4308
PRSCS_SCZ25_EUR	absolute_ct	parcel	lh_47s		-0.0064443	-0.42225	0.67287	4308
PRSCS_SCZ25_EUR	absolute_ct	parcel	lh_52		0.036653	2.4032	0.016297	4308
PRSCS_SCZ25_EUR	absolute_ct	parcel	lh_55b		0.027606	1.8095	0.070445	4308
PRSCS_SCZ25_EUR	absolute_ct	parcel	lh_5L		0.022385	1.4671	0.14243	4308
PRSCS_SCZ25_EUR	absolute_ct	parcel	lh_5m		0.0051779	0.33927	0.73442	4308
PRSCS_SCZ25_EUR	absolute_ct	parcel	lh_5mv		0.034598	2.2683	0.023362	4308
PRSCS_SCZ25_EUR	absolute_ct	parcel	lh_6a		0.038525	2.526	0.011571	4308
PRSCS_SCZ25_EUR	absolute_ct	parcel	lh_6d		0.033656	2.2064	0.027407	4308
PRSCS_SCZ25_EUR	absolute_ct	parcel	lh_6ma		0.015585	1.0213	0.30717	4308
PRSCS_SCZ25_EUR	absolute_ct	parcel	lh_6mp		0.033051	2.1667	0.03031	4308
PRSCS_SCZ25_EUR	absolute_ct	parcel	lh_6r		0.0031797	0.20834	0.83497	4308
PRSCS_SCZ25_EUR	absolute_ct	parcel	lh_6v		0.032145	2.1073	0.03515	4308
PRSCS_SCZ25_EUR	absolute_ct	parcel	lh_7AL		0.041974	2.7526	0.0059368	4308
PRSCS_SCZ25_EUR	absolute_ct	parcel	lh_7Am		0.033644	2.2057	0.02746	4308
PRSCS_SCZ25_EUR	absolute_ct	parcel	lh_7PC		0.008168	0.5352	0.59254	4308
PRSCS_SCZ25_EUR	absolute_ct	parcel	lh_7PL		0.017241	1.1298	0.25863	4308
PRSCS_SCZ25_EUR	absolute_ct	parcel	lh_7Pm		0.028725	1.8829	0.059782	4308
PRSCS_SCZ25_EUR	absolute_ct	parcel	lh_7m		0.022114	1.4493	0.14733	4308
PRSCS_SCZ25_EUR	absolute_ct	parcel	lh_8Ad		0.02874	1.8839	0.059651	4308
PRSCS_SCZ25_EUR	absolute_ct	parcel	lh_8Av		0.0068904	0.45147	0.65167	4308
PRSCS_SCZ25_EUR	absolute_ct	parcel	lh_8BL		0.0071125	0.46603	0.64122	4308
PRSCS_SCZ25_EUR	absolute_ct	parcel	lh_8BM		0.014693	0.96279	0.33571	4308
PRSCS_SCZ25_EUR	absolute_ct	parcel	lh_8C		0.027046	1.7727	0.076347	4308
PRSCS_SCZ25_EUR	absolute_ct	parcel	lh_9-46d		0.013751	0.90106	0.36761	4308
PRSCS_SCZ25_EUR	absolute_ct	parcel	lh_9a		0.021493	1.4086	0.15904	4308
PRSCS_SCZ25_EUR	absolute_ct	parcel	lh_9m		0.011979	0.78495	0.43253	4308
PRSCS_SCZ25_EUR	absolute_ct	parcel	lh_9p		0.018807	1.2324	0.21785	4308
PRSCS_SCZ25_EUR	absolute_ct	parcel	lh_A1		0.0051802	0.33942	0.73431	4308
PRSCS_SCZ25_EUR	absolute_ct	parcel	lh_A4		0.037325	2.4473	0.014435	4308
PRSCS_SCZ25_EUR	absolute_ct	parcel	lh_A5		0.026426	1.7321	0.083333	4308
PRSCS_SCZ25_EUR	absolute_ct	parcel	lh_AAIC		-0.011795	-0.77284	0.43966	4308
PRSCS_SCZ25_EUR	absolute_ct	parcel	lh_AIP		0.015444	1.012	0.31159	4308
PRSCS_SCZ25_EUR	absolute_ct	parcel	lh_AVI		0.021128	1.3846	0.16624	4308
PRSCS_SCZ25_EUR	absolute_ct	parcel	lh_DVT		0.024163	1.5837	0.11334	4308
PRSCS_SCZ25_EUR	absolute_ct	parcel	lh_EC		-0.0043589	-0.2856	0.7752	4308
PRSCS_SCZ25_EUR	absolute_ct	parcel	lh_FEF		0.0252	1.6517	0.098676	4308
PRSCS_SCZ25_EUR	absolute_ct	parcel	lh_FFC		0.0057078	0.37398	0.70843	4308
PRSCS_SCZ25_EUR	absolute_ct	parcel	lh_FOP1		0.015065	0.98717	0.32362	4308
PRSCS_SCZ25_EUR	absolute_ct	parcel	lh_FOP2		0.030329	1.9881	0.046867	4308
PRSCS_SCZ25_EUR	absolute_ct	parcel	lh_FOP3		0.0069932	0.45821	0.64682	4308
PRSCS_SCZ25_EUR	absolute_ct	parcel	lh_FOP4		0.015595	1.0219	0.30688	4308
PRSCS_SCZ25_EUR	absolute_ct	parcel	lh_FOP5		0.020021	1.312	0.18958	4308
PRSCS_SCZ25_EUR	absolute_ct	parcel	lh_FST		0.023539	1.5427	0.12297	4308
PRSCS_SCZ25_EUR	absolute_ct	parcel	lh_IFJa		0.023334	1.5293	0.12626	4308
PRSCS_SCZ25_EUR	absolute_ct	parcel	lh_IFJp		0.024168	1.584	0.11327	4308
PRSCS_SCZ25_EUR	absolute_ct	parcel	lh_IFSa		0.022261	1.459	0.14465	4308
PRSCS_SCZ25_EUR	absolute_ct	parcel	lh_IFSp		0.015686	1.0279	0.30407	4308
PRSCS_SCZ25_EUR	absolute_ct	parcel	lh_IP0		0.020924	1.3713	0.17037	4308
PRSCS_SCZ25_EUR	absolute_ct	parcel	lh_IP1		0.033822	2.2173	0.026652	4308
PRSCS_SCZ25_EUR	absolute_ct	parcel	lh_IP2		0.022325	1.4632	0.1435	4308
PRSCS_SCZ25_EUR	absolute_ct	parcel	lh_IPS1		0.019579	1.2831	0.19954	4308
PRSCS_SCZ25_EUR	absolute_ct	parcel	lh_Ig		-0.005628	-0.36876	0.71233	4308
PRSCS_SCZ25_EUR	absolute_ct	parcel	lh_LBelt		0.033862	2.22	0.026473	4308
PRSCS_SCZ25_EUR	absolute_ct	parcel	lh_LIPd		0.022725	1.4893	0.13648	4308
PRSCS_SCZ25_EUR	absolute_ct	parcel	lh_LIPv		0.0096019	0.62916	0.52928	4308
PRSCS_SCZ25_EUR	absolute_ct	parcel	lh_LO1		0.0061438	0.40256	0.68729	4308
PRSCS_SCZ25_EUR	absolute_ct	parcel	lh_LO2		-0.013352	-0.87491	0.38167	4308
PRSCS_SCZ25_EUR	absolute_ct	parcel	lh_LO3		0.021581	1.4143	0.15734	4308
PRSCS_SCZ25_EUR	absolute_ct	parcel	lh_MBelt		0.0058757	0.38499	0.70027	4308
PRSCS_SCZ25_EUR	absolute_ct	parcel	lh_MI		-0.0015362	-0.10065	0.91983	4308
PRSCS_SCZ25_EUR	absolute_ct	parcel	lh_MIP		0.02239	1.4674	0.14235	4308
PRSCS_SCZ25_EUR	absolute_ct	parcel	lh_MST		0.023644	1.5496	0.12131	4308
PRSCS_SCZ25_EUR	absolute_ct	parcel	lh_MT		0.024512	1.6065	0.10823	4308
PRSCS_SCZ25_EUR	absolute_ct	parcel	lh_OFC		0.025544	1.6742	0.094163	4308
PRSCS_SCZ25_EUR	absolute_ct	parcel	lh_OP1		-3.2243e-05	-0.0021126	0.99831	4308
PRSCS_SCZ25_EUR	absolute_ct	parcel	lh_OP2-3		0.03097	2.0302	0.042403	4308
PRSCS_SCZ25_EUR	absolute_ct	parcel	lh_OP4		-0.0035279	-0.23115	0.81721	4308
PRSCS_SCZ25_EUR	absolute_ct	parcel	lh_PBelt		0.04842	3.1763	0.0015024	4308
PRSCS_SCZ25_EUR	absolute_ct	parcel	lh_PCV		0.044072	2.8905	0.0038661	4308
PRSCS_SCZ25_EUR	absolute_ct	parcel	lh_PEF		0.017492	1.1463	0.25175	4308
PRSCS_SCZ25_EUR	absolute_ct	parcel	lh_PF		0.013752	0.90112	0.36758	4308
PRSCS_SCZ25_EUR	absolute_ct	parcel	lh_PFcm		0.019763	1.2952	0.19533	4308
PRSCS_SCZ25_EUR	absolute_ct	parcel	lh_PFm		0.019797	1.2973	0.19458	4308
PRSCS_SCZ25_EUR	absolute_ct	parcel	lh_PFop		0.008961	0.58716	0.55713	4308
PRSCS_SCZ25_EUR	absolute_ct	parcel	lh_PFt		0.026766	1.7544	0.07944	4308
PRSCS_SCZ25_EUR	absolute_ct	parcel	lh_PGi		0.0015153	0.099287	0.92092	4308
PRSCS_SCZ25_EUR	absolute_ct	parcel	lh_PGp		0.0165	1.0812	0.27965	4308
PRSCS_SCZ25_EUR	absolute_ct	parcel	lh_PGs		-0.0015598	-0.1022	0.9186	4308
PRSCS_SCZ25_EUR	absolute_ct	parcel	lh_PH		0.016646	1.0908	0.27542	4308
PRSCS_SCZ25_EUR	absolute_ct	parcel	lh_PHA1		0.018999	1.245	0.21319	4308
PRSCS_SCZ25_EUR	absolute_ct	parcel	lh_PHA2		0.0032533	0.21316	0.83121	4308
PRSCS_SCZ25_EUR	absolute_ct	parcel	lh_PHA3		0.046486	3.0491	0.0023094	4308
PRSCS_SCZ25_EUR	absolute_ct	parcel	lh_PHT		0.0012913	0.084604	0.93258	4308
PRSCS_SCZ25_EUR	absolute_ct	parcel	lh_PI		0.022912	1.5016	0.13328	4308
PRSCS_SCZ25_EUR	absolute_ct	parcel	lh_PIT		0.0096399	0.63165	0.52765	4308
PRSCS_SCZ25_EUR	absolute_ct	parcel	lh_POS1		-0.0054509	-0.35715	0.72099	4308
PRSCS_SCZ25_EUR	absolute_ct	parcel	lh_POS2		0.013654	0.89472	0.37098	4308
PRSCS_SCZ25_EUR	absolute_ct	parcel	lh_PSL		0.01553	1.0177	0.30889	4308
PRSCS_SCZ25_EUR	absolute_ct	parcel	lh_PeEc		0.0057209	0.37485	0.70779	4308
PRSCS_SCZ25_EUR	absolute_ct	parcel	lh_Pir		-0.016653	-1.0913	0.27521	4308
PRSCS_SCZ25_EUR	absolute_ct	parcel	lh_PoI1		-0.0055014	-0.36046	0.71852	4308
PRSCS_SCZ25_EUR	absolute_ct	parcel	lh_PoI2		-0.003624	-0.23745	0.81232	4308
PRSCS_SCZ25_EUR	absolute_ct	parcel	lh_PreS		-0.022551	-1.4779	0.1395	4308
PRSCS_SCZ25_EUR	absolute_ct	parcel	lh_ProS		0.0073298	0.48027	0.63106	4308
PRSCS_SCZ25_EUR	absolute_ct	parcel	lh_RI		0.028242	1.8512	0.06421	4308
PRSCS_SCZ25_EUR	absolute_ct	parcel	lh_RSC		0.0020043	0.13133	0.89552	4308
PRSCS_SCZ25_EUR	absolute_ct	parcel	lh_SCEF		0.026025	1.7058	0.088125	4308
PRSCS_SCZ25_EUR	absolute_ct	parcel	lh_SFL		0.014096	0.9237	0.3557	4308
PRSCS_SCZ25_EUR	absolute_ct	parcel	lh_STGa		0.014773	0.96804	0.33308	4308
PRSCS_SCZ25_EUR	absolute_ct	parcel	lh_STSda		0.030079	1.9717	0.048706	4308
PRSCS_SCZ25_EUR	absolute_ct	parcel	lh_STSdp		0.03426	2.2461	0.02475	4308
PRSCS_SCZ25_EUR	absolute_ct	parcel	lh_STSva		0.035969	2.3583	0.018405	4308
PRSCS_SCZ25_EUR	absolute_ct	parcel	lh_STSvp		0.025909	1.6982	0.089546	4308
PRSCS_SCZ25_EUR	absolute_ct	parcel	lh_STV		0.020071	1.3153	0.18847	4308
PRSCS_SCZ25_EUR	absolute_ct	parcel	lh_TA2		-0.0043264	-0.28347	0.77683	4308
PRSCS_SCZ25_EUR	absolute_ct	parcel	lh_TE1a		-0.00055273	-0.036216	0.97111	4308
PRSCS_SCZ25_EUR	absolute_ct	parcel	lh_TE1m		0.015676	1.0273	0.30436	4308
PRSCS_SCZ25_EUR	absolute_ct	parcel	lh_TE1p		0.0010811	0.070832	0.94354	4308
PRSCS_SCZ25_EUR	absolute_ct	parcel	lh_TE2a		0.022686	1.4868	0.13714	4308
PRSCS_SCZ25_EUR	absolute_ct	parcel	lh_TE2p		0.021756	1.4258	0.154	4308
PRSCS_SCZ25_EUR	absolute_ct	parcel	lh_TF		0.014745	0.96622	0.33399	4308
PRSCS_SCZ25_EUR	absolute_ct	parcel	lh_TGd		0.013325	0.87315	0.38263	4308
PRSCS_SCZ25_EUR	absolute_ct	parcel	lh_TGv		0.039067	2.5617	0.010451	4308
PRSCS_SCZ25_EUR	absolute_ct	parcel	lh_TPOJ1		0.035831	2.3492	0.018858	4308
PRSCS_SCZ25_EUR	absolute_ct	parcel	lh_TPOJ2		0.020452	1.3403	0.18021	4308
PRSCS_SCZ25_EUR	absolute_ct	parcel	lh_TPOJ3		0.028579	1.8733	0.0611	4308
PRSCS_SCZ25_EUR	absolute_ct	parcel	lh_V1		-0.0004056	-0.026576	0.9788	4308
PRSCS_SCZ25_EUR	absolute_ct	parcel	lh_V2		0.0077336	0.50673	0.61237	4308
PRSCS_SCZ25_EUR	absolute_ct	parcel	lh_V3		-6.4881e-05	-0.0042511	0.99661	4308
PRSCS_SCZ25_EUR	absolute_ct	parcel	lh_V3A		0.023161	1.5179	0.12911	4308
PRSCS_SCZ25_EUR	absolute_ct	parcel	lh_V3B		0.023849	1.5631	0.11811	4308
PRSCS_SCZ25_EUR	absolute_ct	parcel	lh_V3CD		0.01753	1.1488	0.25072	4308
PRSCS_SCZ25_EUR	absolute_ct	parcel	lh_V4		0.018801	1.2321	0.21798	4308
PRSCS_SCZ25_EUR	absolute_ct	parcel	lh_V4t		0.028209	1.849	0.06452	4308
PRSCS_SCZ25_EUR	absolute_ct	parcel	lh_V6		0.025681	1.6832	0.092408	4308
PRSCS_SCZ25_EUR	absolute_ct	parcel	lh_V6A		0.010321	0.67625	0.49892	4308
PRSCS_SCZ25_EUR	absolute_ct	parcel	lh_V7		0.012641	0.82829	0.40755	4308
PRSCS_SCZ25_EUR	absolute_ct	parcel	lh_V8		-0.0036114	-0.23662	0.81296	4308
PRSCS_SCZ25_EUR	absolute_ct	parcel	lh_VIP		0.0054453	0.35679	0.72127	4308
PRSCS_SCZ25_EUR	absolute_ct	parcel	lh_VMV1		0.013609	0.89178	0.37256	4308
PRSCS_SCZ25_EUR	absolute_ct	parcel	lh_VMV2		0.031954	2.0947	0.036254	4308
PRSCS_SCZ25_EUR	absolute_ct	parcel	lh_VMV3		0.036133	2.369	0.017879	4308
PRSCS_SCZ25_EUR	absolute_ct	parcel	lh_VVC		0.0048396	0.3171	0.75118	4308
PRSCS_SCZ25_EUR	absolute_ct	parcel	lh_a10p		0.0068138	0.44646	0.65529	4308
PRSCS_SCZ25_EUR	absolute_ct	parcel	lh_a24		0.018679	1.2241	0.22098	4308
PRSCS_SCZ25_EUR	absolute_ct	parcel	lh_a24pr		0.0062144	0.40718	0.68389	4308
PRSCS_SCZ25_EUR	absolute_ct	parcel	lh_a32pr		0.040471	2.6539	0.007987	4308
PRSCS_SCZ25_EUR	absolute_ct	parcel	lh_a47r		0.019309	1.2654	0.20581	4308
PRSCS_SCZ25_EUR	absolute_ct	parcel	lh_a9-46v		0.013916	0.91188	0.36188	4308
PRSCS_SCZ25_EUR	absolute_ct	parcel	lh_d23ab		0.02885	1.891	0.058686	4308
PRSCS_SCZ25_EUR	absolute_ct	parcel	lh_d32		0.0069261	0.45382	0.64998	4308
PRSCS_SCZ25_EUR	absolute_ct	parcel	lh_i6-8		0.015203	0.99625	0.31919	4308
PRSCS_SCZ25_EUR	absolute_ct	parcel	lh_p10p		0.017142	1.1233	0.26136	4308
PRSCS_SCZ25_EUR	absolute_ct	parcel	lh_p24		0.01976	1.2949	0.19541	4308
PRSCS_SCZ25_EUR	absolute_ct	parcel	lh_p24pr		0.0036378	0.23835	0.81162	4308
PRSCS_SCZ25_EUR	absolute_ct	parcel	lh_p32		0.025633	1.68	0.093021	4308
PRSCS_SCZ25_EUR	absolute_ct	parcel	lh_p32pr		0.037254	2.4426	0.014621	4308
PRSCS_SCZ25_EUR	absolute_ct	parcel	lh_p47r		-0.0061944	-0.40587	0.68486	4308
PRSCS_SCZ25_EUR	absolute_ct	parcel	lh_p9-46v		0.032327	2.1192	0.034132	4308
PRSCS_SCZ25_EUR	absolute_ct	parcel	lh_pOFC		-0.0025764	-0.16881	0.86596	4308
PRSCS_SCZ25_EUR	absolute_ct	parcel	lh_s32		0.015321	1.004	0.31545	4308
PRSCS_SCZ25_EUR	absolute_ct	parcel	lh_s6-8		0.022581	1.4799	0.13897	4308
PRSCS_SCZ25_EUR	absolute_ct	parcel	lh_v23ab		-0.0013046	-0.085479	0.93188	4308
PRSCS_SCZ25_EUR	relative_ct	cortex	1	Primary_Visual	-0.005564	-0.36452	0.71549	4308
PRSCS_SCZ25_EUR	relative_ct	cortex	2	Early_Visual	-0.0050001	-0.32758	0.74325	4308
PRSCS_SCZ25_EUR	relative_ct	cortex	3	Dorsal_Stream_Visual	0.010391	0.68076	0.49606	4308
PRSCS_SCZ25_EUR	relative_ct	cortex	4	Ventral_Stream_Visual	-0.0036034	-0.23607	0.81339	4308
PRSCS_SCZ25_EUR	relative_ct	cortex	5	MT+_Complex_and_Neighboring_Visual_Areas	0.01227	0.80388	0.42151	4308
PRSCS_SCZ25_EUR	relative_ct	cortex	6	Somatosensory_and_Motor	-0.0023772	-0.15574	0.87625	4308
PRSCS_SCZ25_EUR	relative_ct	cortex	7	Paracentral_Lobular_and_Mid_Cingulate	0.017524	1.1483	0.25093	4308
PRSCS_SCZ25_EUR	relative_ct	cortex	8	Premotor	0.027125	1.7777	0.075523	4308
PRSCS_SCZ25_EUR	relative_ct	cortex	9	Posterior_Opercular	-0.0020682	-0.1355	0.89222	4308
PRSCS_SCZ25_EUR	relative_ct	cortex	10	Early_Auditory	0.0283	1.8548	0.063696	4308
PRSCS_SCZ25_EUR	relative_ct	cortex	11	Auditory_Association	0.020415	1.3377	0.18106	4308
PRSCS_SCZ25_EUR	relative_ct	cortex	12	Insular_and_Frontal_Opercular	-0.0084383	-0.55284	0.5804	4308
PRSCS_SCZ25_EUR	relative_ct	cortex	13	Medial_Temporal	0.00051901	0.034002	0.97288	4308
PRSCS_SCZ25_EUR	relative_ct	cortex	14	Lateral_Temporal	0.0027253	0.17854	0.85831	4308
PRSCS_SCZ25_EUR	relative_ct	cortex	15	Temporo-Parieto_Occipital_Junction	0.018552	1.2156	0.2242	4308
PRSCS_SCZ25_EUR	relative_ct	cortex	16	Superior_Parietal	0.0049936	0.32715	0.74357	4308
PRSCS_SCZ25_EUR	relative_ct	cortex	17	Inferior_Parietal	0.0060629	0.39721	0.69124	4308
PRSCS_SCZ25_EUR	relative_ct	cortex	18	Posterior_Cingulate	0.012182	0.79813	0.42484	4308
PRSCS_SCZ25_EUR	relative_ct	cortex	19	Anterior_Cingulate_and_Medial_Prefrontal	0.0024936	0.16336	0.87024	4308
PRSCS_SCZ25_EUR	relative_ct	cortex	20	Orbital_and_Polar_Frontal	0.00030087	0.019711	0.98428	4308
PRSCS_SCZ25_EUR	relative_ct	cortex	21	Inferior_Frontal	-0.00061672	-0.040404	0.96777	4308
PRSCS_SCZ25_EUR	relative_ct	cortex	22	Dorsolateral_Prefrontal	0.013126	0.85999	0.38984	4308
PRSCS_SCZ25_EUR	relative_ct	parcel	lh_1		0.0033046	0.2165	0.82861	4308
PRSCS_SCZ25_EUR	relative_ct	parcel	lh_10d		0.015977	1.0468	0.29524	4308
PRSCS_SCZ25_EUR	relative_ct	parcel	lh_10pp		0.018282	1.1979	0.23101	4308
PRSCS_SCZ25_EUR	relative_ct	parcel	lh_10r		0.02764	1.8115	0.070134	4308
PRSCS_SCZ25_EUR	relative_ct	parcel	lh_10v		-0.00775	-0.50774	0.61166	4308
PRSCS_SCZ25_EUR	relative_ct	parcel	lh_11l		0.00020489	0.013423	0.98929	4308
PRSCS_SCZ25_EUR	relative_ct	parcel	lh_13l		0.010947	0.71719	0.4733	4308
PRSCS_SCZ25_EUR	relative_ct	parcel	lh_2		1.4625e-05	0.00095816	0.99924	4308
PRSCS_SCZ25_EUR	relative_ct	parcel	lh_23c		0.0097959	0.64179	0.52104	4308
PRSCS_SCZ25_EUR	relative_ct	parcel	lh_23d		0.015448	1.0121	0.31153	4308
PRSCS_SCZ25_EUR	relative_ct	parcel	lh_24dd		0.026507	1.7372	0.082429	4308
PRSCS_SCZ25_EUR	relative_ct	parcel	lh_24dv		0.0021389	0.14013	0.88857	4308
PRSCS_SCZ25_EUR	relative_ct	parcel	lh_25		-0.0098231	-0.64358	0.51988	4308
PRSCS_SCZ25_EUR	relative_ct	parcel	lh_31a		0.0098753	0.647	0.51767	4308
PRSCS_SCZ25_EUR	relative_ct	parcel	lh_31pd		0.016282	1.0668	0.28611	4308
PRSCS_SCZ25_EUR	relative_ct	parcel	lh_31pv		0.023521	1.5414	0.12331	4308
PRSCS_SCZ25_EUR	relative_ct	parcel	lh_33pr		0.010393	0.68093	0.49595	4308
PRSCS_SCZ25_EUR	relative_ct	parcel	lh_3a		0.0028295	0.18537	0.85295	4308
PRSCS_SCZ25_EUR	relative_ct	parcel	lh_3b		0.0037811	0.24771	0.80437	4308
PRSCS_SCZ25_EUR	relative_ct	parcel	lh_4		0.0046582	0.30518	0.76024	4308
PRSCS_SCZ25_EUR	relative_ct	parcel	lh_43		-0.0074123	-0.48562	0.62726	4308
PRSCS_SCZ25_EUR	relative_ct	parcel	lh_44		0.0046257	0.30305	0.76187	4308
PRSCS_SCZ25_EUR	relative_ct	parcel	lh_45		0.0016586	0.10866	0.91348	4308
PRSCS_SCZ25_EUR	relative_ct	parcel	lh_46		0.0079883	0.52336	0.60075	4308
PRSCS_SCZ25_EUR	relative_ct	parcel	lh_47l		0.0026377	0.1728	0.86281	4308
PRSCS_SCZ25_EUR	relative_ct	parcel	lh_47m		-0.015506	-1.0159	0.30971	4308
PRSCS_SCZ25_EUR	relative_ct	parcel	lh_47s		-0.01462	-0.95789	0.33817	4308
PRSCS_SCZ25_EUR	relative_ct	parcel	lh_52		0.026225	1.7187	0.085744	4308
PRSCS_SCZ25_EUR	relative_ct	parcel	lh_55b		0.018794	1.2315	0.2182	4308
PRSCS_SCZ25_EUR	relative_ct	parcel	lh_5L		0.0099358	0.65096	0.51511	4308
PRSCS_SCZ25_EUR	relative_ct	parcel	lh_5m		-0.0075239	-0.49293	0.62209	4308
PRSCS_SCZ25_EUR	relative_ct	parcel	lh_5mv		0.019883	1.3028	0.1927	4308
PRSCS_SCZ25_EUR	relative_ct	parcel	lh_6a		0.025684	1.6832	0.092407	4308
PRSCS_SCZ25_EUR	relative_ct	parcel	lh_6d		0.024674	1.617	0.10596	4308
PRSCS_SCZ25_EUR	relative_ct	parcel	lh_6ma		0.0052166	0.34176	0.73255	4308
PRSCS_SCZ25_EUR	relative_ct	parcel	lh_6mp		0.021031	1.3781	0.16823	4308
PRSCS_SCZ25_EUR	relative_ct	parcel	lh_6r		-0.011546	-0.75644	0.44943	4308
PRSCS_SCZ25_EUR	relative_ct	parcel	lh_6v		0.022452	1.4713	0.14129	4308
PRSCS_SCZ25_EUR	relative_ct	parcel	lh_7AL		0.03029	1.9853	0.047171	4308
PRSCS_SCZ25_EUR	relative_ct	parcel	lh_7Am		0.019877	1.3024	0.19284	4308
PRSCS_SCZ25_EUR	relative_ct	parcel	lh_7PC		-0.0050356	-0.3299	0.74149	4308
PRSCS_SCZ25_EUR	relative_ct	parcel	lh_7PL		0.004118	0.26979	0.78734	4308
PRSCS_SCZ25_EUR	relative_ct	parcel	lh_7Pm		0.01405	0.92058	0.35732	4308
PRSCS_SCZ25_EUR	relative_ct	parcel	lh_7m		0.0086294	0.56536	0.57186	4308
PRSCS_SCZ25_EUR	relative_ct	parcel	lh_8Ad		0.013301	0.87146	0.38355	4308
PRSCS_SCZ25_EUR	relative_ct	parcel	lh_8Av		0.0081113	0.53141	0.59516	4308
PRSCS_SCZ25_EUR	relative_ct	parcel	lh_8BL		-0.0042036	-0.27539	0.78303	4308
PRSCS_SCZ25_EUR	relative_ct	parcel	lh_8BM		0.00044249	0.028989	0.97687	4308
PRSCS_SCZ25_EUR	relative_ct	parcel	lh_8C		0.0076175	0.49906	0.61776	4308
PRSCS_SCZ25_EUR	relative_ct	parcel	lh_9-46d		-0.0032329	-0.2118	0.83227	4308
PRSCS_SCZ25_EUR	relative_ct	parcel	lh_9a		0.0078824	0.51642	0.60559	4308
PRSCS_SCZ25_EUR	relative_ct	parcel	lh_9m		-0.0019257	-0.12616	0.89961	4308
PRSCS_SCZ25_EUR	relative_ct	parcel	lh_9p		0.0051082	0.33466	0.7379	4308
PRSCS_SCZ25_EUR	relative_ct	parcel	lh_A1		-0.0027688	-0.18139	0.85607	4308
PRSCS_SCZ25_EUR	relative_ct	parcel	lh_A4		0.02751	1.8029	0.071466	4308
PRSCS_SCZ25_EUR	relative_ct	parcel	lh_A5		0.01327	0.86941	0.38467	4308
PRSCS_SCZ25_EUR	relative_ct	parcel	lh_AAIC		-0.013731	-0.89965	0.36836	4308
PRSCS_SCZ25_EUR	relative_ct	parcel	lh_AIP		-0.00011536	-0.0075576	0.99397	4308
PRSCS_SCZ25_EUR	relative_ct	parcel	lh_AVI		0.0094136	0.61675	0.53743	4308
PRSCS_SCZ25_EUR	relative_ct	parcel	lh_DVT		0.0076017	0.49803	0.61849	4308
PRSCS_SCZ25_EUR	relative_ct	parcel	lh_EC		-0.0071651	-0.46942	0.63879	4308
PRSCS_SCZ25_EUR	relative_ct	parcel	lh_FEF		0.011334	0.74255	0.45779	4308
PRSCS_SCZ25_EUR	relative_ct	parcel	lh_FFC		-0.010066	-0.65952	0.5096	4308
PRSCS_SCZ25_EUR	relative_ct	parcel	lh_FOP1		0.0068266	0.44724	0.65472	4308
PRSCS_SCZ25_EUR	relative_ct	parcel	lh_FOP2		0.02229	1.4607	0.14418	4308
PRSCS_SCZ25_EUR	relative_ct	parcel	lh_FOP3		0.0031469	0.20617	0.83667	4308
PRSCS_SCZ25_EUR	relative_ct	parcel	lh_FOP4		0.0058416	0.38271	0.70196	4308
PRSCS_SCZ25_EUR	relative_ct	parcel	lh_FOP5		0.0058777	0.38507	0.7002	4308
PRSCS_SCZ25_EUR	relative_ct	parcel	lh_FST		0.010197	0.66809	0.50411	4308
PRSCS_SCZ25_EUR	relative_ct	parcel	lh_IFJa		0.011476	0.75187	0.45217	4308
PRSCS_SCZ25_EUR	relative_ct	parcel	lh_IFJp		0.015596	1.0219	0.3069	4308
PRSCS_SCZ25_EUR	relative_ct	parcel	lh_IFSa		0.0073626	0.48236	0.62957	4308
PRSCS_SCZ25_EUR	relative_ct	parcel	lh_IFSp		0.0016426	0.10762	0.91431	4308
PRSCS_SCZ25_EUR	relative_ct	parcel	lh_IP0		0.0056671	0.37127	0.71045	4308
PRSCS_SCZ25_EUR	relative_ct	parcel	lh_IP1		0.021023	1.3776	0.1684	4308
PRSCS_SCZ25_EUR	relative_ct	parcel	lh_IP2		0.010776	0.70604	0.4802	4308
PRSCS_SCZ25_EUR	relative_ct	parcel	lh_IPS1		0.0021304	0.13957	0.889	4308
PRSCS_SCZ25_EUR	relative_ct	parcel	lh_Ig		-0.014654	-0.9601	0.33706	4308
PRSCS_SCZ25_EUR	relative_ct	parcel	lh_LBelt		0.02432	1.5937	0.11107	4308
PRSCS_SCZ25_EUR	relative_ct	parcel	lh_LIPd		0.01255	0.82228	0.41096	4308
PRSCS_SCZ25_EUR	relative_ct	parcel	lh_LIPv		-0.0019851	-0.13005	0.89653	4308
PRSCS_SCZ25_EUR	relative_ct	parcel	lh_LO1		-0.0088435	-0.57939	0.56236	4308
PRSCS_SCZ25_EUR	relative_ct	parcel	lh_LO2		-0.026122	-1.7119	0.086985	4308
PRSCS_SCZ25_EUR	relative_ct	parcel	lh_LO3		0.0078802	0.51627	0.60569	4308
PRSCS_SCZ25_EUR	relative_ct	parcel	lh_MBelt		-0.0081732	-0.53547	0.59235	4308
PRSCS_SCZ25_EUR	relative_ct	parcel	lh_MI		-0.009369	-0.61382	0.53937	4308
PRSCS_SCZ25_EUR	relative_ct	parcel	lh_MIP		0.0096717	0.63365	0.52634	4308
PRSCS_SCZ25_EUR	relative_ct	parcel	lh_MST		0.012227	0.8011	0.42312	4308
PRSCS_SCZ25_EUR	relative_ct	parcel	lh_MT		0.011936	0.78201	0.43425	4308
PRSCS_SCZ25_EUR	relative_ct	parcel	lh_OFC		0.020092	1.3165	0.18806	4308
PRSCS_SCZ25_EUR	relative_ct	parcel	lh_OP1		-0.0062304	-0.40818	0.68316	4308
PRSCS_SCZ25_EUR	relative_ct	parcel	lh_OP2-3		0.022391	1.4673	0.14237	4308
PRSCS_SCZ25_EUR	relative_ct	parcel	lh_OP4		-0.021216	-1.3903	0.16452	4308
PRSCS_SCZ25_EUR	relative_ct	parcel	lh_PBelt		0.039327	2.5784	0.009958	4308
PRSCS_SCZ25_EUR	relative_ct	parcel	lh_PCV		0.030276	1.9844	0.047274	4308
PRSCS_SCZ25_EUR	relative_ct	parcel	lh_PEF		0.0082137	0.53812	0.59052	4308
PRSCS_SCZ25_EUR	relative_ct	parcel	lh_PF		0.003894	0.25511	0.79865	4308
PRSCS_SCZ25_EUR	relative_ct	parcel	lh_PFcm		0.0066846	0.43794	0.66145	4308
PRSCS_SCZ25_EUR	relative_ct	parcel	lh_PFm		0.0089183	0.58429	0.55906	4308
PRSCS_SCZ25_EUR	relative_ct	parcel	lh_PFop		-0.0021326	-0.13971	0.88889	4308
PRSCS_SCZ25_EUR	relative_ct	parcel	lh_PFt		0.014327	0.93871	0.34793	4308
PRSCS_SCZ25_EUR	relative_ct	parcel	lh_PGi		-0.021715	-1.423	0.15481	4308
PRSCS_SCZ25_EUR	relative_ct	parcel	lh_PGp		0.0041671	0.273	0.78487	4308
PRSCS_SCZ25_EUR	relative_ct	parcel	lh_PGs		-0.014155	-0.92742	0.35376	4308
PRSCS_SCZ25_EUR	relative_ct	parcel	lh_PH		-0.00037722	-0.024713	0.98029	4308
PRSCS_SCZ25_EUR	relative_ct	parcel	lh_PHA1		0.013194	0.86449	0.38737	4308
PRSCS_SCZ25_EUR	relative_ct	parcel	lh_PHA2		-0.0049344	-0.32327	0.74651	4308
PRSCS_SCZ25_EUR	relative_ct	parcel	lh_PHA3		0.037568	2.4629	0.01382	4308
PRSCS_SCZ25_EUR	relative_ct	parcel	lh_PHT		-0.014092	-0.92327	0.35592	4308
PRSCS_SCZ25_EUR	relative_ct	parcel	lh_PI		0.013615	0.89207	0.3724	4308
PRSCS_SCZ25_EUR	relative_ct	parcel	lh_PIT		-0.0033371	-0.21862	0.82695	4308
PRSCS_SCZ25_EUR	relative_ct	parcel	lh_POS1		-0.017599	-1.1532	0.24891	4308
PRSCS_SCZ25_EUR	relative_ct	parcel	lh_POS2		-0.0076094	-0.49853	0.61814	4308
PRSCS_SCZ25_EUR	relative_ct	parcel	lh_PSL		0.0064735	0.42411	0.67151	4308
PRSCS_SCZ25_EUR	relative_ct	parcel	lh_PeEc		-0.00077617	-0.050849	0.95945	4308
PRSCS_SCZ25_EUR	relative_ct	parcel	lh_Pir		-0.01665	-1.091	0.27535	4308
PRSCS_SCZ25_EUR	relative_ct	parcel	lh_PoI1		-0.0093501	-0.61258	0.54018	4308
PRSCS_SCZ25_EUR	relative_ct	parcel	lh_PoI2		-0.0045488	-0.29801	0.76571	4308
PRSCS_SCZ25_EUR	relative_ct	parcel	lh_PreS		-0.023306	-1.5273	0.12677	4308
PRSCS_SCZ25_EUR	relative_ct	parcel	lh_ProS		9.6287e-05	0.0063081	0.99497	4308
PRSCS_SCZ25_EUR	relative_ct	parcel	lh_RI		0.016878	1.1059	0.26883	4308
PRSCS_SCZ25_EUR	relative_ct	parcel	lh_RSC		-0.0031801	-0.20834	0.83497	4308
PRSCS_SCZ25_EUR	relative_ct	parcel	lh_SCEF		0.015012	0.98359	0.32537	4308
PRSCS_SCZ25_EUR	relative_ct	parcel	lh_SFL		0.0061343	0.40189	0.68779	4308
PRSCS_SCZ25_EUR	relative_ct	parcel	lh_STGa		0.0058435	0.38283	0.70186	4308
PRSCS_SCZ25_EUR	relative_ct	parcel	lh_STSda		0.012978	0.85027	0.39522	4308
PRSCS_SCZ25_EUR	relative_ct	parcel	lh_STSdp		0.022951	1.504	0.13266	4308
PRSCS_SCZ25_EUR	relative_ct	parcel	lh_STSva		0.023934	1.5684	0.11685	4308
PRSCS_SCZ25_EUR	relative_ct	parcel	lh_STSvp		0.013492	0.88399	0.37675	4308
PRSCS_SCZ25_EUR	relative_ct	parcel	lh_STV		0.010545	0.69086	0.48969	4308
PRSCS_SCZ25_EUR	relative_ct	parcel	lh_TA2		-0.014021	-0.91866	0.35832	4308
PRSCS_SCZ25_EUR	relative_ct	parcel	lh_TE1a		-0.0078012	-0.5111	0.60931	4308
PRSCS_SCZ25_EUR	relative_ct	parcel	lh_TE1m		0.0060854	0.39868	0.69015	4308
PRSCS_SCZ25_EUR	relative_ct	parcel	lh_TE1p		-0.013271	-0.86948	0.38463	4308
PRSCS_SCZ25_EUR	relative_ct	parcel	lh_TE2a		0.0041893	0.27446	0.78374	4308
PRSCS_SCZ25_EUR	relative_ct	parcel	lh_TE2p		0.0098381	0.64456	0.51925	4308
PRSCS_SCZ25_EUR	relative_ct	parcel	lh_TF		0.0029673	0.1944	0.84587	4308
PRSCS_SCZ25_EUR	relative_ct	parcel	lh_TGd		0.003472	0.22746	0.82007	4308
PRSCS_SCZ25_EUR	relative_ct	parcel	lh_TGv		0.033693	2.2086	0.027256	4308
PRSCS_SCZ25_EUR	relative_ct	parcel	lh_TPOJ1		0.024495	1.6052	0.10852	4308
PRSCS_SCZ25_EUR	relative_ct	parcel	lh_TPOJ2		0.0026032	0.17054	0.86459	4308
PRSCS_SCZ25_EUR	relative_ct	parcel	lh_TPOJ3		0.013844	0.90703	0.36444	4308
PRSCS_SCZ25_EUR	relative_ct	parcel	lh_V1		-0.005564	-0.36452	0.71549	4308
PRSCS_SCZ25_EUR	relative_ct	parcel	lh_V2		-0.0039254	-0.25717	0.79706	4308
PRSCS_SCZ25_EUR	relative_ct	parcel	lh_V3		-0.018911	-1.2391	0.21537	4308
PRSCS_SCZ25_EUR	relative_ct	parcel	lh_V3A		0.010596	0.69419	0.4876	4308
PRSCS_SCZ25_EUR	relative_ct	parcel	lh_V3B		0.014927	0.97803	0.32811	4308
PRSCS_SCZ25_EUR	relative_ct	parcel	lh_V3CD		0.0062946	0.41239	0.68007	4308
PRSCS_SCZ25_EUR	relative_ct	parcel	lh_V4		0.003531	0.23133	0.81707	4308
PRSCS_SCZ25_EUR	relative_ct	parcel	lh_V4t		0.015466	1.0133	0.31096	4308
PRSCS_SCZ25_EUR	relative_ct	parcel	lh_V6		0.011431	0.74895	0.45393	4308
PRSCS_SCZ25_EUR	relative_ct	parcel	lh_V6A		-0.0017368	-0.11378	0.90942	4308
PRSCS_SCZ25_EUR	relative_ct	parcel	lh_V7		-3.7973e-05	-0.0024878	0.99802	4308
PRSCS_SCZ25_EUR	relative_ct	parcel	lh_V8		-0.019347	-1.2677	0.20496	4308
PRSCS_SCZ25_EUR	relative_ct	parcel	lh_VIP		-0.0086236	-0.56498	0.57211	4308
PRSCS_SCZ25_EUR	relative_ct	parcel	lh_VMV1		0.0044753	0.2932	0.76939	4308
PRSCS_SCZ25_EUR	relative_ct	parcel	lh_VMV2		0.020395	1.3364	0.18149	4308
PRSCS_SCZ25_EUR	relative_ct	parcel	lh_VMV3		0.025186	1.6506	0.098901	4308
PRSCS_SCZ25_EUR	relative_ct	parcel	lh_VVC		-0.0059204	-0.38787	0.69813	4308
PRSCS_SCZ25_EUR	relative_ct	parcel	lh_a10p		-0.0076347	-0.50019	0.61697	4308
PRSCS_SCZ25_EUR	relative_ct	parcel	lh_a24		0.012049	0.78942	0.42991	4308
PRSCS_SCZ25_EUR	relative_ct	parcel	lh_a24pr		-0.0039736	-0.26032	0.79463	4308
PRSCS_SCZ25_EUR	relative_ct	parcel	lh_a32pr		0.031212	2.0458	0.040838	4308
PRSCS_SCZ25_EUR	relative_ct	parcel	lh_a47r		0.00097372	0.063792	0.94914	4308
PRSCS_SCZ25_EUR	relative_ct	parcel	lh_a9-46v		-0.0028006	-0.18348	0.85443	4308
PRSCS_SCZ25_EUR	relative_ct	parcel	lh_d23ab		0.019958	1.3078	0.19102	4308
PRSCS_SCZ25_EUR	relative_ct	parcel	lh_d32		-0.0057179	-0.37461	0.70797	4308
PRSCS_SCZ25_EUR	relative_ct	parcel	lh_i6-8		0.0044232	0.28978	0.772	4308
PRSCS_SCZ25_EUR	relative_ct	parcel	lh_p10p		0.0029178	0.19115	0.84841	4308
PRSCS_SCZ25_EUR	relative_ct	parcel	lh_p24		0.013156	0.86197	0.38875	4308
PRSCS_SCZ25_EUR	relative_ct	parcel	lh_p24pr		-0.0063324	-0.41487	0.67826	4308
PRSCS_SCZ25_EUR	relative_ct	parcel	lh_p32		0.013056	0.85538	0.39239	4308
PRSCS_SCZ25_EUR	relative_ct	parcel	lh_p32pr		0.02605	1.7072	0.087852	4308
PRSCS_SCZ25_EUR	relative_ct	parcel	lh_p47r		-0.020499	-1.3432	0.17927	4308
PRSCS_SCZ25_EUR	relative_ct	parcel	lh_p9-46v		0.016716	1.0953	0.27345	4308
PRSCS_SCZ25_EUR	relative_ct	parcel	lh_pOFC		-0.0019926	-0.13054	0.89614	4308
PRSCS_SCZ25_EUR	relative_ct	parcel	lh_s32		0.0067983	0.44539	0.65606	4308
PRSCS_SCZ25_EUR	relative_ct	parcel	lh_s6-8		0.012874	0.84347	0.39901	4308
PRSCS_SCZ25_EUR	relative_ct	parcel	lh_v23ab		-0.0098365	-0.64445	0.51932	4308
PRSCS_MDD_pooled	absolute	cortex	1	Primary_Visual	-0.00086882	-0.080487	0.93585	8596
PRSCS_MDD_pooled	absolute	cortex	2	Early_Visual	0.014044	1.3011	0.19325	8596
PRSCS_MDD_pooled	absolute	cortex	3	Dorsal_Stream_Visual	0.012376	1.1466	0.2516	8596
PRSCS_MDD_pooled	absolute	cortex	4	Ventral_Stream_Visual	0.015071	1.3963	0.16265	8596
PRSCS_MDD_pooled	absolute	cortex	5	MT+_Complex_and_Neighboring_Visual_Areas	0.008567	0.79367	0.42741	8596
PRSCS_MDD_pooled	absolute	cortex	6	Somatosensory_and_Motor	0.017697	1.6397	0.10111	8596
PRSCS_MDD_pooled	absolute	cortex	7	Paracentral_Lobular_and_Mid_Cingulate	0.013396	1.2411	0.21461	8596
PRSCS_MDD_pooled	absolute	cortex	8	Premotor	0.0089779	0.83173	0.40558	8596
PRSCS_MDD_pooled	absolute	cortex	9	Posterior_Opercular	0.018375	1.7025	0.088698	8596
PRSCS_MDD_pooled	absolute	cortex	10	Early_Auditory	0.026021	2.4113	0.015915	8596
PRSCS_MDD_pooled	absolute	cortex	11	Auditory_Association	0.014768	1.3682	0.17128	8596
PRSCS_MDD_pooled	absolute	cortex	12	Insular_and_Frontal_Opercular	2.174e-05	0.002014	0.99839	8596
PRSCS_MDD_pooled	absolute	cortex	13	Medial_Temporal	0.009419	0.87261	0.3829	8596
PRSCS_MDD_pooled	absolute	cortex	14	Lateral_Temporal	0.0088626	0.82106	0.41164	8596
PRSCS_MDD_pooled	absolute	cortex	15	Temporo-Parieto_Occipital_Junction	0.003071	0.28449	0.77604	8596
PRSCS_MDD_pooled	absolute	cortex	16	Superior_Parietal	0.010441	0.96734	0.3334	8596
PRSCS_MDD_pooled	absolute	cortex	17	Inferior_Parietal	0.0068265	0.63242	0.52713	8596
PRSCS_MDD_pooled	absolute	cortex	18	Posterior_Cingulate	0.021052	1.9506	0.051132	8596
PRSCS_MDD_pooled	absolute	cortex	19	Anterior_Cingulate_and_Medial_Prefrontal	0.01084	1.0043	0.31527	8596
PRSCS_MDD_pooled	absolute	cortex	20	Orbital_and_Polar_Frontal	-0.0046597	-0.43168	0.66599	8596
PRSCS_MDD_pooled	absolute	cortex	21	Inferior_Frontal	-0.00035036	-0.032457	0.97411	8596
PRSCS_MDD_pooled	absolute	cortex	22	Dorsolateral_Prefrontal	0.0069986	0.64836	0.51677	8596
PRSCS_MDD_pooled	absolute	parcel	lh_1		0.0056386	0.52236	0.60143	8596
PRSCS_MDD_pooled	absolute	parcel	lh_10d		0.0045077	0.41759	0.67626	8596
PRSCS_MDD_pooled	absolute	parcel	lh_10pp		-0.007701	-0.71344	0.4756	8596
PRSCS_MDD_pooled	absolute	parcel	lh_10r		0.010557	0.97805	0.32808	8596
PRSCS_MDD_pooled	absolute	parcel	lh_10v		-0.0021709	-0.20111	0.84061	8596
PRSCS_MDD_pooled	absolute	parcel	lh_11l		-0.007688	-0.71223	0.47634	8596
PRSCS_MDD_pooled	absolute	parcel	lh_13l		-0.0007565	-0.070081	0.94413	8596
PRSCS_MDD_pooled	absolute	parcel	lh_2		0.016794	1.556	0.11975	8596
PRSCS_MDD_pooled	absolute	parcel	lh_23c		0.0025877	0.23972	0.81055	8596
PRSCS_MDD_pooled	absolute	parcel	lh_23d		-0.00065625	-0.060795	0.95152	8596
PRSCS_MDD_pooled	absolute	parcel	lh_24dd		0.025559	2.3686	0.017879	8596
PRSCS_MDD_pooled	absolute	parcel	lh_24dv		0.00075396	0.069846	0.94432	8596
PRSCS_MDD_pooled	absolute	parcel	lh_25		0.0053529	0.49589	0.61998	8596
PRSCS_MDD_pooled	absolute	parcel	lh_31a		0.0059645	0.55256	0.58058	8596
PRSCS_MDD_pooled	absolute	parcel	lh_31pd		0.013349	1.2367	0.21623	8596
PRSCS_MDD_pooled	absolute	parcel	lh_31pv		0.021233	1.9674	0.049166	8596
PRSCS_MDD_pooled	absolute	parcel	lh_33pr		0.0094255	0.87321	0.38257	8596
PRSCS_MDD_pooled	absolute	parcel	lh_3a		-2.9185e-05	-0.0027037	0.99784	8596
PRSCS_MDD_pooled	absolute	parcel	lh_3b		0.0093038	0.86194	0.38875	8596
PRSCS_MDD_pooled	absolute	parcel	lh_4		0.023899	2.2146	0.026814	8596
PRSCS_MDD_pooled	absolute	parcel	lh_43		0.012857	1.1912	0.23361	8596
PRSCS_MDD_pooled	absolute	parcel	lh_44		-0.00097604	-0.09042	0.92796	8596
PRSCS_MDD_pooled	absolute	parcel	lh_45		0.0074999	0.6948	0.4872	8596
PRSCS_MDD_pooled	absolute	parcel	lh_46		0.0077311	0.71622	0.47387	8596
PRSCS_MDD_pooled	absolute	parcel	lh_47l		0.0099384	0.92073	0.35722	8596
PRSCS_MDD_pooled	absolute	parcel	lh_47m		0.003766	0.34888	0.72719	8596
PRSCS_MDD_pooled	absolute	parcel	lh_47s		0.012577	1.1652	0.24398	8596
PRSCS_MDD_pooled	absolute	parcel	lh_52		0.012062	1.1175	0.26381	8596
PRSCS_MDD_pooled	absolute	parcel	lh_55b		0.0012542	0.11618	0.90751	8596
PRSCS_MDD_pooled	absolute	parcel	lh_5L		-0.0049339	-0.45708	0.64763	8596
PRSCS_MDD_pooled	absolute	parcel	lh_5m		0.0055653	0.51557	0.60617	8596
PRSCS_MDD_pooled	absolute	parcel	lh_5mv		0.018622	1.7255	0.084479	8596
PRSCS_MDD_pooled	absolute	parcel	lh_6a		0.011047	1.0234	0.30614	8596
PRSCS_MDD_pooled	absolute	parcel	lh_6d		-0.0056113	-0.51984	0.60319	8596
PRSCS_MDD_pooled	absolute	parcel	lh_6ma		-0.0037187	-0.3445	0.73048	8596
PRSCS_MDD_pooled	absolute	parcel	lh_6mp		0.0035177	0.32588	0.74452	8596
PRSCS_MDD_pooled	absolute	parcel	lh_6r		0.0046023	0.42635	0.66986	8596
PRSCS_MDD_pooled	absolute	parcel	lh_6v		0.011281	1.0451	0.29601	8596
PRSCS_MDD_pooled	absolute	parcel	lh_7AL		0.0039746	0.36821	0.71273	8596
PRSCS_MDD_pooled	absolute	parcel	lh_7Am		-0.0076726	-0.71081	0.47722	8596
PRSCS_MDD_pooled	absolute	parcel	lh_7PC		-0.001239	-0.11478	0.90862	8596
PRSCS_MDD_pooled	absolute	parcel	lh_7PL		0.028397	2.6318	0.0085097	8596
PRSCS_MDD_pooled	absolute	parcel	lh_7Pm		0.0088987	0.8244	0.40974	8596
PRSCS_MDD_pooled	absolute	parcel	lh_7m		0.0036567	0.33875	0.7348	8596
PRSCS_MDD_pooled	absolute	parcel	lh_8Ad		0.017522	1.6234	0.10453	8596
PRSCS_MDD_pooled	absolute	parcel	lh_8Av		-0.01362	-1.2618	0.20704	8596
PRSCS_MDD_pooled	absolute	parcel	lh_8BL		-0.00072603	-0.067259	0.94638	8596
PRSCS_MDD_pooled	absolute	parcel	lh_8BM		0.0013844	0.12825	0.89796	8596
PRSCS_MDD_pooled	absolute	parcel	lh_8C		0.0066465	0.61574	0.53808	8596
PRSCS_MDD_pooled	absolute	parcel	lh_9-46d		-0.00094422	-0.087472	0.9303	8596
PRSCS_MDD_pooled	absolute	parcel	lh_9a		0.0060006	0.5559	0.57829	8596
PRSCS_MDD_pooled	absolute	parcel	lh_9m		0.013048	1.2089	0.22675	8596
PRSCS_MDD_pooled	absolute	parcel	lh_9p		0.0039934	0.36994	0.71143	8596
PRSCS_MDD_pooled	absolute	parcel	lh_A1		0.023524	2.1798	0.029296	8596
PRSCS_MDD_pooled	absolute	parcel	lh_A4		0.010229	0.94767	0.34332	8596
PRSCS_MDD_pooled	absolute	parcel	lh_A5		0.015072	1.3965	0.16261	8596
PRSCS_MDD_pooled	absolute	parcel	lh_AAIC		0.0022829	0.21148	0.83251	8596
PRSCS_MDD_pooled	absolute	parcel	lh_AIP		0.017466	1.6183	0.10563	8596
PRSCS_MDD_pooled	absolute	parcel	lh_AVI		0.010648	0.98651	0.32391	8596
PRSCS_MDD_pooled	absolute	parcel	lh_DVT		0.019141	1.7735	0.076174	8596
PRSCS_MDD_pooled	absolute	parcel	lh_EC		-0.00060404	-0.055958	0.95538	8596
PRSCS_MDD_pooled	absolute	parcel	lh_FEF		0.019521	1.8087	0.070532	8596
PRSCS_MDD_pooled	absolute	parcel	lh_FFC		0.016174	1.4985	0.13403	8596
PRSCS_MDD_pooled	absolute	parcel	lh_FOP1		0.0053748	0.49792	0.61855	8596
PRSCS_MDD_pooled	absolute	parcel	lh_FOP2		-0.0096033	-0.88968	0.37366	8596
PRSCS_MDD_pooled	absolute	parcel	lh_FOP3		0.0081314	0.75331	0.45129	8596
PRSCS_MDD_pooled	absolute	parcel	lh_FOP4		0.008324	0.77115	0.44064	8596
PRSCS_MDD_pooled	absolute	parcel	lh_FOP5		0.012684	1.1751	0.23998	8596
PRSCS_MDD_pooled	absolute	parcel	lh_FST		0.005357	0.49628	0.61971	8596
PRSCS_MDD_pooled	absolute	parcel	lh_IFJa		0.008448	0.78264	0.43386	8596
PRSCS_MDD_pooled	absolute	parcel	lh_IFJp		-0.014763	-1.3677	0.17143	8596
PRSCS_MDD_pooled	absolute	parcel	lh_IFSa		0.0041692	0.38623	0.69933	8596
PRSCS_MDD_pooled	absolute	parcel	lh_IFSp		-0.0028633	-0.26526	0.79082	8596
PRSCS_MDD_pooled	absolute	parcel	lh_IP0		0.014014	1.2983	0.19421	8596
PRSCS_MDD_pooled	absolute	parcel	lh_IP1		0.0084175	0.77982	0.43552	8596
PRSCS_MDD_pooled	absolute	parcel	lh_IP2		-0.005711	-0.52907	0.59677	8596
PRSCS_MDD_pooled	absolute	parcel	lh_IPS1		0.014591	1.3519	0.17646	8596
PRSCS_MDD_pooled	absolute	parcel	lh_Ig		0.0048347	0.44789	0.65425	8596
PRSCS_MDD_pooled	absolute	parcel	lh_LBelt		0.014904	1.3809	0.16736	8596
PRSCS_MDD_pooled	absolute	parcel	lh_LIPd		-0.0010628	-0.098458	0.92157	8596
PRSCS_MDD_pooled	absolute	parcel	lh_LIPv		-0.0028465	-0.2637	0.79202	8596
PRSCS_MDD_pooled	absolute	parcel	lh_LO1		0.007272	0.67369	0.50052	8596
PRSCS_MDD_pooled	absolute	parcel	lh_LO2		-0.0016975	-0.15726	0.87505	8596
PRSCS_MDD_pooled	absolute	parcel	lh_LO3		0.014112	1.3075	0.19109	8596
PRSCS_MDD_pooled	absolute	parcel	lh_MBelt		0.027854	2.5814	0.0098575	8596
PRSCS_MDD_pooled	absolute	parcel	lh_MI		0.016098	1.4915	0.13587	8596
PRSCS_MDD_pooled	absolute	parcel	lh_MIP		0.019548	1.8113	0.070136	8596
PRSCS_MDD_pooled	absolute	parcel	lh_MST		0.0048275	0.44722	0.65472	8596
PRSCS_MDD_pooled	absolute	parcel	lh_MT		-0.0019053	-0.17651	0.8599	8596
PRSCS_MDD_pooled	absolute	parcel	lh_OFC		-0.0063922	-0.59218	0.55374	8596
PRSCS_MDD_pooled	absolute	parcel	lh_OP1		0.02564	2.376	0.017521	8596
PRSCS_MDD_pooled	absolute	parcel	lh_OP2-3		0.0049912	0.46239	0.64381	8596
PRSCS_MDD_pooled	absolute	parcel	lh_OP4		0.0071057	0.65828	0.51037	8596
PRSCS_MDD_pooled	absolute	parcel	lh_PBelt		0.0077305	0.71617	0.4739	8596
PRSCS_MDD_pooled	absolute	parcel	lh_PCV		0.015069	1.3961	0.16271	8596
PRSCS_MDD_pooled	absolute	parcel	lh_PEF		0.0048044	0.44508	0.65627	8596
PRSCS_MDD_pooled	absolute	parcel	lh_PF		0.0034969	0.32395	0.74598	8596
PRSCS_MDD_pooled	absolute	parcel	lh_PFcm		0.0098321	0.91088	0.36238	8596
PRSCS_MDD_pooled	absolute	parcel	lh_PFm		-0.00027539	-0.025512	0.97965	8596
PRSCS_MDD_pooled	absolute	parcel	lh_PFop		0.0063335	0.58675	0.55739	8596
PRSCS_MDD_pooled	absolute	parcel	lh_PFt		-0.0036847	-0.34135	0.73285	8596
PRSCS_MDD_pooled	absolute	parcel	lh_PGi		-0.0050795	-0.47057	0.63796	8596
PRSCS_MDD_pooled	absolute	parcel	lh_PGp		0.00075129	0.069598	0.94451	8596
PRSCS_MDD_pooled	absolute	parcel	lh_PGs		0.0237	2.1962	0.028105	8596
PRSCS_MDD_pooled	absolute	parcel	lh_PH		0.007443	0.68954	0.4905	8596
PRSCS_MDD_pooled	absolute	parcel	lh_PHA1		0.018779	1.74	0.081893	8596
PRSCS_MDD_pooled	absolute	parcel	lh_PHA2		0.00068108	0.063095	0.94969	8596
PRSCS_MDD_pooled	absolute	parcel	lh_PHA3		0.018733	1.7357	0.082655	8596
PRSCS_MDD_pooled	absolute	parcel	lh_PHT		0.0039753	0.36827	0.71268	8596
PRSCS_MDD_pooled	absolute	parcel	lh_PI		0.010942	1.0137	0.31075	8596
PRSCS_MDD_pooled	absolute	parcel	lh_PIT		0.0073614	0.68197	0.49528	8596
PRSCS_MDD_pooled	absolute	parcel	lh_POS1		0.0033755	0.31271	0.75451	8596
PRSCS_MDD_pooled	absolute	parcel	lh_POS2		0.013436	1.2448	0.21323	8596
PRSCS_MDD_pooled	absolute	parcel	lh_PSL		-0.0066303	-0.61423	0.53908	8596
PRSCS_MDD_pooled	absolute	parcel	lh_PeEc		0.00056281	0.052139	0.95842	8596
PRSCS_MDD_pooled	absolute	parcel	lh_Pir		-0.020273	-1.8785	0.060352	8596
PRSCS_MDD_pooled	absolute	parcel	lh_PoI1		0.0031489	0.29171	0.77052	8596
PRSCS_MDD_pooled	absolute	parcel	lh_PoI2		-0.0042613	-0.39476	0.69303	8596
PRSCS_MDD_pooled	absolute	parcel	lh_PreS		-0.00063986	-0.059276	0.95273	8596
PRSCS_MDD_pooled	absolute	parcel	lh_ProS		0.024785	2.2968	0.021654	8596
PRSCS_MDD_pooled	absolute	parcel	lh_RI		0.022873	2.1195	0.034078	8596
PRSCS_MDD_pooled	absolute	parcel	lh_RSC		0.015197	1.408	0.15918	8596
PRSCS_MDD_pooled	absolute	parcel	lh_SCEF		0.032205	2.9849	0.0028443	8596
PRSCS_MDD_pooled	absolute	parcel	lh_SFL		0.013765	1.2753	0.20224	8596
PRSCS_MDD_pooled	absolute	parcel	lh_STGa		0.003939	0.36491	0.71519	8596
PRSCS_MDD_pooled	absolute	parcel	lh_STSda		0.011274	1.0444	0.29631	8596
PRSCS_MDD_pooled	absolute	parcel	lh_STSdp		0.014561	1.3491	0.17736	8596
PRSCS_MDD_pooled	absolute	parcel	lh_STSva		0.019834	1.8378	0.066126	8596
PRSCS_MDD_pooled	absolute	parcel	lh_STSvp		-0.0032086	-0.29724	0.76629	8596
PRSCS_MDD_pooled	absolute	parcel	lh_STV		0.00025212	0.023356	0.98137	8596
PRSCS_MDD_pooled	absolute	parcel	lh_TA2		0.0082871	0.76774	0.44267	8596
PRSCS_MDD_pooled	absolute	parcel	lh_TE1a		0.017654	1.6358	0.10193	8596
PRSCS_MDD_pooled	absolute	parcel	lh_TE1m		0.0036648	0.3395	0.73424	8596
PRSCS_MDD_pooled	absolute	parcel	lh_TE1p		-0.0088111	-0.81628	0.41436	8596
PRSCS_MDD_pooled	absolute	parcel	lh_TE2a		-2.5701e-06	-0.00023809	0.99981	8596
PRSCS_MDD_pooled	absolute	parcel	lh_TE2p		0.0084107	0.77919	0.43589	8596
PRSCS_MDD_pooled	absolute	parcel	lh_TF		0.0028358	0.26271	0.79278	8596
PRSCS_MDD_pooled	absolute	parcel	lh_TGd		0.012124	1.1233	0.26136	8596
PRSCS_MDD_pooled	absolute	parcel	lh_TGv		0.019263	1.7848	0.074328	8596
PRSCS_MDD_pooled	absolute	parcel	lh_TPOJ1		0.020425	1.8925	0.058456	8596
PRSCS_MDD_pooled	absolute	parcel	lh_TPOJ2		0.0066633	0.6173	0.53705	8596
PRSCS_MDD_pooled	absolute	parcel	lh_TPOJ3		0.0036302	0.3363	0.73665	8596
PRSCS_MDD_pooled	absolute	parcel	lh_V1		-0.00086882	-0.080487	0.93585	8596
PRSCS_MDD_pooled	absolute	parcel	lh_V2		0.011339	1.0505	0.2935	8596
PRSCS_MDD_pooled	absolute	parcel	lh_V3		0.0046914	0.43462	0.66385	8596
PRSCS_MDD_pooled	absolute	parcel	lh_V3A		0.0086038	0.79708	0.42543	8596
PRSCS_MDD_pooled	absolute	parcel	lh_V3B		0.016336	1.5136	0.13018	8596
PRSCS_MDD_pooled	absolute	parcel	lh_V3CD		0.0091693	0.84948	0.39564	8596
PRSCS_MDD_pooled	absolute	parcel	lh_V4		0.019644	1.8201	0.068776	8596
PRSCS_MDD_pooled	absolute	parcel	lh_V4t		0.0056382	0.52233	0.60145	8596
PRSCS_MDD_pooled	absolute	parcel	lh_V6		0.015611	1.4464	0.14811	8596
PRSCS_MDD_pooled	absolute	parcel	lh_V6A		-0.0053425	-0.49493	0.62066	8596
PRSCS_MDD_pooled	absolute	parcel	lh_V7		0.017506	1.622	0.10484	8596
PRSCS_MDD_pooled	absolute	parcel	lh_V8		0.010658	0.98745	0.32345	8596
PRSCS_MDD_pooled	absolute	parcel	lh_VIP		0.0025961	0.2405	0.80995	8596
PRSCS_MDD_pooled	absolute	parcel	lh_VMV1		0.014608	1.3534	0.17596	8596
PRSCS_MDD_pooled	absolute	parcel	lh_VMV2		-0.0013092	-0.12128	0.90347	8596
PRSCS_MDD_pooled	absolute	parcel	lh_VMV3		0.0059549	0.55167	0.58119	8596
PRSCS_MDD_pooled	absolute	parcel	lh_VVC		0.010118	0.93734	0.34861	8596
PRSCS_MDD_pooled	absolute	parcel	lh_a10p		-0.0091793	-0.85039	0.39513	8596
PRSCS_MDD_pooled	absolute	parcel	lh_a24		0.01246	1.1544	0.24837	8596
PRSCS_MDD_pooled	absolute	parcel	lh_a24pr		0.0093413	0.8654	0.38684	8596
PRSCS_MDD_pooled	absolute	parcel	lh_a32pr		-0.0073752	-0.68325	0.49446	8596
PRSCS_MDD_pooled	absolute	parcel	lh_a47r		-0.00045705	-0.042341	0.96623	8596
PRSCS_MDD_pooled	absolute	parcel	lh_a9-46v		0.0047518	0.44021	0.6598	8596
PRSCS_MDD_pooled	absolute	parcel	lh_d23ab		0.0075388	0.69841	0.48494	8596
PRSCS_MDD_pooled	absolute	parcel	lh_d32		0.0031713	0.29378	0.76893	8596
PRSCS_MDD_pooled	absolute	parcel	lh_i6-8		0.0022489	0.20834	0.83497	8596
PRSCS_MDD_pooled	absolute	parcel	lh_p10p		-0.0082465	-0.76398	0.4449	8596
PRSCS_MDD_pooled	absolute	parcel	lh_p24		0.0081933	0.75905	0.44784	8596
PRSCS_MDD_pooled	absolute	parcel	lh_p24pr		0.0093213	0.86355	0.38786	8596
PRSCS_MDD_pooled	absolute	parcel	lh_p32		-0.001418	-0.13136	0.89549	8596
PRSCS_MDD_pooled	absolute	parcel	lh_p32pr		0.011649	1.0793	0.2805	8596
PRSCS_MDD_pooled	absolute	parcel	lh_p47r		-0.016702	-1.5475	0.12178	8596
PRSCS_MDD_pooled	absolute	parcel	lh_p9-46v		0.0046303	0.42895	0.66797	8596
PRSCS_MDD_pooled	absolute	parcel	lh_pOFC		-0.01143	-1.0589	0.28965	8596
PRSCS_MDD_pooled	absolute	parcel	lh_s32		0.010984	1.0176	0.30889	8596
PRSCS_MDD_pooled	absolute	parcel	lh_s6-8		0.0018568	0.17201	0.86343	8596
PRSCS_MDD_pooled	absolute	parcel	lh_v23ab		0.0041463	0.38412	0.7009	8596
PRSCS_MDD_pooled	relative	cortex	1	Primary_Visual	-0.005208	-0.48244	0.6295	8596
PRSCS_MDD_pooled	relative	cortex	2	Early_Visual	0.0060026	0.55605	0.57819	8596
PRSCS_MDD_pooled	relative	cortex	3	Dorsal_Stream_Visual	0.0032751	0.30339	0.7616	8596
PRSCS_MDD_pooled	relative	cortex	4	Ventral_Stream_Visual	0.0067457	0.62489	0.53206	8596
PRSCS_MDD_pooled	relative	cortex	5	MT+_Complex_and_Neighboring_Visual_Areas	-0.0041499	-0.38442	0.70067	8596
PRSCS_MDD_pooled	relative	cortex	6	Somatosensory_and_Motor	0.011727	1.0864	0.27733	8596
PRSCS_MDD_pooled	relative	cortex	7	Paracentral_Lobular_and_Mid_Cingulate	0.0027135	0.25136	0.80154	8596
PRSCS_MDD_pooled	relative	cortex	8	Premotor	-1.4252e-05	-0.0013202	0.99895	8596
PRSCS_MDD_pooled	relative	cortex	9	Posterior_Opercular	0.011794	1.0926	0.2746	8596
PRSCS_MDD_pooled	relative	cortex	10	Early_Auditory	0.021072	1.9524	0.050917	8596
PRSCS_MDD_pooled	relative	cortex	11	Auditory_Association	0.0057457	0.53226	0.59456	8596
PRSCS_MDD_pooled	relative	cortex	12	Insular_and_Frontal_Opercular	-0.0075525	-0.69964	0.48417	8596
PRSCS_MDD_pooled	relative	cortex	13	Medial_Temporal	0.003197	0.29615	0.76712	8596
PRSCS_MDD_pooled	relative	cortex	14	Lateral_Temporal	-0.0018388	-0.17033	0.86475	8596
PRSCS_MDD_pooled	relative	cortex	15	Temporo-Parieto_Occipital_Junction	-0.010468	-0.96971	0.33222	8596
PRSCS_MDD_pooled	relative	cortex	16	Superior_Parietal	-0.00029708	-0.02752	0.97805	8596
PRSCS_MDD_pooled	relative	cortex	17	Inferior_Parietal	-0.0083322	-0.77187	0.44021	8596
PRSCS_MDD_pooled	relative	cortex	18	Posterior_Cingulate	0.014354	1.3298	0.18361	8596
PRSCS_MDD_pooled	relative	cortex	19	Anterior_Cingulate_and_Medial_Prefrontal	0.0014813	0.13722	0.89086	8596
PRSCS_MDD_pooled	relative	cortex	20	Orbital_and_Polar_Frontal	-0.017734	-1.643	0.10042	8596
PRSCS_MDD_pooled	relative	cortex	21	Inferior_Frontal	-0.016261	-1.5065	0.13197	8596
PRSCS_MDD_pooled	relative	cortex	22	Dorsolateral_Prefrontal	-0.0058228	-0.5394	0.58963	8596
PRSCS_MDD_pooled	relative	parcel	lh_1		-0.0023537	-0.21804	0.82741	8596
PRSCS_MDD_pooled	relative	parcel	lh_10d		-0.0017467	-0.16181	0.87146	8596
PRSCS_MDD_pooled	relative	parcel	lh_10pp		-0.013835	-1.2817	0.19999	8596
PRSCS_MDD_pooled	relative	parcel	lh_10r		0.0059104	0.54752	0.58404	8596
PRSCS_MDD_pooled	relative	parcel	lh_10v		-0.0079832	-0.73954	0.4596	8596
PRSCS_MDD_pooled	relative	parcel	lh_11l		-0.014523	-1.3455	0.17851	8596
PRSCS_MDD_pooled	relative	parcel	lh_13l		-0.0070981	-0.65754	0.51085	8596
PRSCS_MDD_pooled	relative	parcel	lh_2		0.01009	0.93469	0.34997	8596
PRSCS_MDD_pooled	relative	parcel	lh_23c		-0.0057814	-0.53556	0.59228	8596
PRSCS_MDD_pooled	relative	parcel	lh_23d		-0.0051336	-0.47555	0.63441	8596
PRSCS_MDD_pooled	relative	parcel	lh_24dd		0.020693	1.9173	0.055232	8596
PRSCS_MDD_pooled	relative	parcel	lh_24dv		-0.0061105	-0.56605	0.57138	8596
PRSCS_MDD_pooled	relative	parcel	lh_25		0.003193	0.29578	0.76741	8596
PRSCS_MDD_pooled	relative	parcel	lh_31a		0.00018165	0.016826	0.98658	8596
PRSCS_MDD_pooled	relative	parcel	lh_31pd		0.007037	0.65188	0.5145	8596
PRSCS_MDD_pooled	relative	parcel	lh_31pv		0.016091	1.4908	0.13606	8596
PRSCS_MDD_pooled	relative	parcel	lh_33pr		0.0080947	0.74987	0.45336	8596
PRSCS_MDD_pooled	relative	parcel	lh_3a		-0.0050797	-0.47055	0.63797	8596
PRSCS_MDD_pooled	relative	parcel	lh_3b		0.0058843	0.54509	0.5857	8596
PRSCS_MDD_pooled	relative	parcel	lh_4		0.022429	2.0782	0.037724	8596
PRSCS_MDD_pooled	relative	parcel	lh_43		0.007241	0.67078	0.50238	8596
PRSCS_MDD_pooled	relative	parcel	lh_44		-0.0085776	-0.7946	0.42687	8596
PRSCS_MDD_pooled	relative	parcel	lh_45		-0.00015297	-0.01417	0.98869	8596
PRSCS_MDD_pooled	relative	parcel	lh_46		-0.001272	-0.11783	0.90621	8596
PRSCS_MDD_pooled	relative	parcel	lh_47l		0.0034221	0.31701	0.75125	8596
PRSCS_MDD_pooled	relative	parcel	lh_47m		-0.002153	-0.19944	0.84193	8596
PRSCS_MDD_pooled	relative	parcel	lh_47s		0.0076235	0.70621	0.48007	8596
PRSCS_MDD_pooled	relative	parcel	lh_52		0.0073903	0.68461	0.49361	8596
PRSCS_MDD_pooled	relative	parcel	lh_55b		-0.0054247	-0.50252	0.61532	8596
PRSCS_MDD_pooled	relative	parcel	lh_5L		-0.013105	-1.2141	0.22474	8596
PRSCS_MDD_pooled	relative	parcel	lh_5m		-0.0023493	-0.21763	0.82772	8596
PRSCS_MDD_pooled	relative	parcel	lh_5mv		0.012594	1.1667	0.24337	8596
PRSCS_MDD_pooled	relative	parcel	lh_6a		0.0036837	0.34124	0.73293	8596
PRSCS_MDD_pooled	relative	parcel	lh_6d		-0.013309	-1.2329	0.21764	8596
PRSCS_MDD_pooled	relative	parcel	lh_6ma		-0.01172	-1.0857	0.27763	8596
PRSCS_MDD_pooled	relative	parcel	lh_6mp		-0.0039581	-0.36666	0.71388	8596
PRSCS_MDD_pooled	relative	parcel	lh_6r		-0.0036204	-0.33538	0.73735	8596
PRSCS_MDD_pooled	relative	parcel	lh_6v		0.005476	0.50727	0.61198	8596
PRSCS_MDD_pooled	relative	parcel	lh_7AL		-0.0028111	-0.2604	0.79456	8596
PRSCS_MDD_pooled	relative	parcel	lh_7Am		-0.016358	-1.5155	0.12967	8596
PRSCS_MDD_pooled	relative	parcel	lh_7PC		-0.0098697	-0.91431	0.36058	8596
PRSCS_MDD_pooled	relative	parcel	lh_7PL		0.024101	2.2332	0.025562	8596
PRSCS_MDD_pooled	relative	parcel	lh_7Pm		0.003074	0.28476	0.77584	8596
PRSCS_MDD_pooled	relative	parcel	lh_7m		-0.0048348	-0.44787	0.65426	8596
PRSCS_MDD_pooled	relative	parcel	lh_8Ad		0.01102	1.0209	0.30735	8596
PRSCS_MDD_pooled	relative	parcel	lh_8Av		-0.020093	-1.8617	0.062685	8596
PRSCS_MDD_pooled	relative	parcel	lh_8BL		-0.0083895	-0.77717	0.43708	8596
PRSCS_MDD_pooled	relative	parcel	lh_8BM		-0.0066873	-0.61948	0.53561	8596
PRSCS_MDD_pooled	relative	parcel	lh_8C		-0.0019467	-0.18033	0.8569	8596
PRSCS_MDD_pooled	relative	parcel	lh_9-46d		-0.010515	-0.97409	0.33004	8596
PRSCS_MDD_pooled	relative	parcel	lh_9a		-0.00082114	-0.076065	0.93937	8596
PRSCS_MDD_pooled	relative	parcel	lh_9m		0.0061973	0.57409	0.56592	8596
PRSCS_MDD_pooled	relative	parcel	lh_9p		-0.0038096	-0.3529	0.72417	8596
PRSCS_MDD_pooled	relative	parcel	lh_A1		0.018877	1.749	0.080331	8596
PRSCS_MDD_pooled	relative	parcel	lh_A4		0.0021515	0.1993	0.84203	8596
PRSCS_MDD_pooled	relative	parcel	lh_A5		0.0082622	0.76538	0.44406	8596
PRSCS_MDD_pooled	relative	parcel	lh_AAIC		0.00055402	0.051321	0.95907	8596
PRSCS_MDD_pooled	relative	parcel	lh_AIP		0.010968	1.016	0.30965	8596
PRSCS_MDD_pooled	relative	parcel	lh_AVI		0.0057184	0.52972	0.59632	8596
PRSCS_MDD_pooled	relative	parcel	lh_DVT		0.013078	1.2116	0.22571	8596
PRSCS_MDD_pooled	relative	parcel	lh_EC		-0.002343	-0.21704	0.82818	8596
PRSCS_MDD_pooled	relative	parcel	lh_FEF		0.014297	1.3245	0.18537	8596
PRSCS_MDD_pooled	relative	parcel	lh_FFC		0.0096079	0.89006	0.37346	8596
PRSCS_MDD_pooled	relative	parcel	lh_FOP1		0.00025914	0.024005	0.98085	8596
PRSCS_MDD_pooled	relative	parcel	lh_FOP2		-0.015108	-1.3996	0.16166	8596
PRSCS_MDD_pooled	relative	parcel	lh_FOP3		0.0040105	0.37151	0.71027	8596
PRSCS_MDD_pooled	relative	parcel	lh_FOP4		0.0026759	0.24788	0.80424	8596
PRSCS_MDD_pooled	relative	parcel	lh_FOP5		0.0072793	0.67432	0.50012	8596
PRSCS_MDD_pooled	relative	parcel	lh_FST		-0.002099	-0.19444	0.84584	8596
PRSCS_MDD_pooled	relative	parcel	lh_IFJa		0.0022587	0.20924	0.83427	8596
PRSCS_MDD_pooled	relative	parcel	lh_IFJp		-0.020859	-1.9327	0.053307	8596
PRSCS_MDD_pooled	relative	parcel	lh_IFSa		-0.004294	-0.39777	0.69081	8596
PRSCS_MDD_pooled	relative	parcel	lh_IFSp		-0.011843	-1.0971	0.27262	8596
PRSCS_MDD_pooled	relative	parcel	lh_IP0		0.0074515	0.69028	0.49004	8596
PRSCS_MDD_pooled	relative	parcel	lh_IP1		3.7283e-05	0.0034537	0.99724	8596
PRSCS_MDD_pooled	relative	parcel	lh_IP2		-0.015426	-1.4291	0.15301	8596
PRSCS_MDD_pooled	relative	parcel	lh_IPS1		0.00821	0.76055	0.44695	8596
PRSCS_MDD_pooled	relative	parcel	lh_Ig		-0.00026628	-0.024667	0.98032	8596
PRSCS_MDD_pooled	relative	parcel	lh_LBelt		0.0094863	0.87879	0.37954	8596
PRSCS_MDD_pooled	relative	parcel	lh_LIPd		-0.0088192	-0.81698	0.41396	8596
PRSCS_MDD_pooled	relative	parcel	lh_LIPv		-0.010339	-0.95775	0.33821	8596
PRSCS_MDD_pooled	relative	parcel	lh_LO1		0.00049569	0.045918	0.96338	8596
PRSCS_MDD_pooled	relative	parcel	lh_LO2		-0.0092112	-0.85331	0.39351	8596
PRSCS_MDD_pooled	relative	parcel	lh_LO3		0.0079561	0.73703	0.46112	8596
PRSCS_MDD_pooled	relative	parcel	lh_MBelt		0.023548	2.182	0.029139	8596
PRSCS_MDD_pooled	relative	parcel	lh_MI		0.011801	1.0933	0.2743	8596
PRSCS_MDD_pooled	relative	parcel	lh_MIP		0.013779	1.2765	0.20182	8596
PRSCS_MDD_pooled	relative	parcel	lh_MST		-0.0024731	-0.22909	0.81881	8596
PRSCS_MDD_pooled	relative	parcel	lh_MT		-0.010279	-0.95219	0.34103	8596
PRSCS_MDD_pooled	relative	parcel	lh_OFC		-0.01064	-0.98569	0.32431	8596
PRSCS_MDD_pooled	relative	parcel	lh_OP1		0.021744	2.0147	0.043971	8596
PRSCS_MDD_pooled	relative	parcel	lh_OP2-3		0.00014426	0.013364	0.98934	8596
PRSCS_MDD_pooled	relative	parcel	lh_OP4		-0.00035305	-0.032704	0.97391	8596
PRSCS_MDD_pooled	relative	parcel	lh_PBelt		0.00071407	0.066147	0.94726	8596
PRSCS_MDD_pooled	relative	parcel	lh_PCV		0.0083866	0.77691	0.43723	8596
PRSCS_MDD_pooled	relative	parcel	lh_PEF		-0.00036523	-0.033833	0.97301	8596
PRSCS_MDD_pooled	relative	parcel	lh_PF		-0.0048021	-0.44484	0.65645	8596
PRSCS_MDD_pooled	relative	parcel	lh_PFcm		0.0029495	0.27322	0.78469	8596
PRSCS_MDD_pooled	relative	parcel	lh_PFm		-0.011291	-1.046	0.29561	8596
PRSCS_MDD_pooled	relative	parcel	lh_PFop		-6.1385e-06	-0.00056863	0.99955	8596
PRSCS_MDD_pooled	relative	parcel	lh_PFt		-0.011806	-1.0937	0.27411	8596
PRSCS_MDD_pooled	relative	parcel	lh_PGi		-0.018343	-1.6994	0.089275	8596
PRSCS_MDD_pooled	relative	parcel	lh_PGp		-0.0077381	-0.71683	0.4735	8596
PRSCS_MDD_pooled	relative	parcel	lh_PGs		0.018259	1.6917	0.090735	8596
PRSCS_MDD_pooled	relative	parcel	lh_PH		-0.00061192	-0.056685	0.9548	8596
PRSCS_MDD_pooled	relative	parcel	lh_PHA1		0.01623	1.5037	0.1327	8596
PRSCS_MDD_pooled	relative	parcel	lh_PHA2		-0.0042205	-0.39096	0.69584	8596
PRSCS_MDD_pooled	relative	parcel	lh_PHA3		0.01431	1.3257	0.18496	8596
PRSCS_MDD_pooled	relative	parcel	lh_PHT		-0.0041697	-0.38626	0.69931	8596
PRSCS_MDD_pooled	relative	parcel	lh_PI		0.0063613	0.58928	0.55569	8596
PRSCS_MDD_pooled	relative	parcel	lh_PIT		0.00092867	0.086026	0.93145	8596
PRSCS_MDD_pooled	relative	parcel	lh_POS1		-0.0040394	-0.37418	0.70828	8596
PRSCS_MDD_pooled	relative	parcel	lh_POS2		0.0056405	0.52251	0.60133	8596
PRSCS_MDD_pooled	relative	parcel	lh_PSL		-0.015014	-1.3909	0.16428	8596
PRSCS_MDD_pooled	relative	parcel	lh_PeEc		-0.0039838	-0.36904	0.71211	8596
PRSCS_MDD_pooled	relative	parcel	lh_Pir		-0.022673	-2.1008	0.035687	8596
PRSCS_MDD_pooled	relative	parcel	lh_PoI1		-9.2964e-05	-0.0086116	0.99313	8596
PRSCS_MDD_pooled	relative	parcel	lh_PoI2		-0.007513	-0.69598	0.48646	8596
PRSCS_MDD_pooled	relative	parcel	lh_PreS		-0.0015462	-0.14323	0.88611	8596
PRSCS_MDD_pooled	relative	parcel	lh_ProS		0.021675	2.0083	0.044644	8596
PRSCS_MDD_pooled	relative	parcel	lh_RI		0.017952	1.6632	0.096302	8596
PRSCS_MDD_pooled	relative	parcel	lh_RSC		0.012909	1.196	0.23175	8596
PRSCS_MDD_pooled	relative	parcel	lh_SCEF		0.028284	2.6211	0.0087793	8596
PRSCS_MDD_pooled	relative	parcel	lh_SFL		0.0086442	0.80077	0.42328	8596
PRSCS_MDD_pooled	relative	parcel	lh_STGa		-0.0019883	-0.18418	0.85388	8596
PRSCS_MDD_pooled	relative	parcel	lh_STSda		0.0044054	0.40809	0.68322	8596
PRSCS_MDD_pooled	relative	parcel	lh_STSdp		0.0078665	0.72873	0.46619	8596
PRSCS_MDD_pooled	relative	parcel	lh_STSva		0.014673	1.3593	0.17408	8596
PRSCS_MDD_pooled	relative	parcel	lh_STSvp		-0.012031	-1.1145	0.26509	8596
PRSCS_MDD_pooled	relative	parcel	lh_STV		-0.0079912	-0.74028	0.45915	8596
PRSCS_MDD_pooled	relative	parcel	lh_TA2		0.0032238	0.29863	0.76523	8596
PRSCS_MDD_pooled	relative	parcel	lh_TE1a		0.012344	1.1436	0.25283	8596
PRSCS_MDD_pooled	relative	parcel	lh_TE1m		-0.0026367	-0.24425	0.80704	8596
PRSCS_MDD_pooled	relative	parcel	lh_TE1p		-0.017488	-1.6202	0.10523	8596
PRSCS_MDD_pooled	relative	parcel	lh_TE2a		-0.008461	-0.7838	0.43318	8596
PRSCS_MDD_pooled	relative	parcel	lh_TE2p		0.002389	0.2213	0.82486	8596
PRSCS_MDD_pooled	relative	parcel	lh_TF		-0.0028614	-0.26506	0.79097	8596
PRSCS_MDD_pooled	relative	parcel	lh_TGd		0.0071537	0.66269	0.50754	8596
PRSCS_MDD_pooled	relative	parcel	lh_TGv		0.014804	1.3715	0.17025	8596
PRSCS_MDD_pooled	relative	parcel	lh_TPOJ1		0.014207	1.3162	0.18816	8596
PRSCS_MDD_pooled	relative	parcel	lh_TPOJ2		-0.0018575	-0.17207	0.86339	8596
PRSCS_MDD_pooled	relative	parcel	lh_TPOJ3		-0.0044268	-0.41008	0.68176	8596
PRSCS_MDD_pooled	relative	parcel	lh_V1		-0.005208	-0.48244	0.6295	8596
PRSCS_MDD_pooled	relative	parcel	lh_V2		0.0043671	0.40454	0.68582	8596
PRSCS_MDD_pooled	relative	parcel	lh_V3		-0.0030358	-0.28121	0.77855	8596
PRSCS_MDD_pooled	relative	parcel	lh_V3A		0.00069841	0.064697	0.94842	8596
PRSCS_MDD_pooled	relative	parcel	lh_V3B		0.010662	0.98775	0.3233	8596
PRSCS_MDD_pooled	relative	parcel	lh_V3CD		0.0023161	0.21455	0.83012	8596
PRSCS_MDD_pooled	relative	parcel	lh_V4		0.013069	1.2108	0.22602	8596
PRSCS_MDD_pooled	relative	parcel	lh_V4t		-0.0011009	-0.10198	0.91877	8596
PRSCS_MDD_pooled	relative	parcel	lh_V6		0.0090768	0.84085	0.40046	8596
PRSCS_MDD_pooled	relative	parcel	lh_V6A		-0.012673	-1.174	0.24042	8596
PRSCS_MDD_pooled	relative	parcel	lh_V7		0.011645	1.0788	0.28072	8596
PRSCS_MDD_pooled	relative	parcel	lh_V8		0.0039841	0.36906	0.71209	8596
PRSCS_MDD_pooled	relative	parcel	lh_VIP		-0.0045384	-0.42041	0.67419	8596
PRSCS_MDD_pooled	relative	parcel	lh_VMV1		0.010487	0.97151	0.33132	8596
PRSCS_MDD_pooled	relative	parcel	lh_VMV2		-0.0071752	-0.66468	0.50627	8596
PRSCS_MDD_pooled	relative	parcel	lh_VMV3		-0.00027623	-0.025588	0.97959	8596
PRSCS_MDD_pooled	relative	parcel	lh_VVC		0.0049139	0.4552	0.64898	8596
PRSCS_MDD_pooled	relative	parcel	lh_a10p		-0.016149	-1.4961	0.13466	8596
PRSCS_MDD_pooled	relative	parcel	lh_a24		0.0080906	0.74949	0.45359	8596
PRSCS_MDD_pooled	relative	parcel	lh_a24pr		0.0045043	0.41726	0.6765	8596
PRSCS_MDD_pooled	relative	parcel	lh_a32pr		-0.014647	-1.357	0.17483	8596
PRSCS_MDD_pooled	relative	parcel	lh_a47r		-0.0096385	-0.8929	0.37194	8596
PRSCS_MDD_pooled	relative	parcel	lh_a9-46v		-0.0030243	-0.28015	0.77937	8596
PRSCS_MDD_pooled	relative	parcel	lh_d23ab		0.0019979	0.18507	0.85318	8596
PRSCS_MDD_pooled	relative	parcel	lh_d32		-0.0041507	-0.3845	0.70062	8596
PRSCS_MDD_pooled	relative	parcel	lh_i6-8		-0.0049284	-0.45654	0.64801	8596
PRSCS_MDD_pooled	relative	parcel	lh_p10p		-0.016294	-1.5096	0.13118	8596
PRSCS_MDD_pooled	relative	parcel	lh_p24		0.0038828	0.35968	0.71909	8596
PRSCS_MDD_pooled	relative	parcel	lh_p24pr		0.0043122	0.39946	0.68956	8596
PRSCS_MDD_pooled	relative	parcel	lh_p32		-0.0079677	-0.7381	0.46047	8596
PRSCS_MDD_pooled	relative	parcel	lh_p32pr		0.005554	0.5145	0.60692	8596
PRSCS_MDD_pooled	relative	parcel	lh_p47r		-0.025969	-2.4064	0.016133	8596
PRSCS_MDD_pooled	relative	parcel	lh_p9-46v		-0.0039241	-0.36351	0.71624	8596
PRSCS_MDD_pooled	relative	parcel	lh_pOFC		-0.013736	-1.2725	0.20323	8596
PRSCS_MDD_pooled	relative	parcel	lh_s32		0.0071431	0.6617	0.50818	8596
PRSCS_MDD_pooled	relative	parcel	lh_s6-8		-0.0046056	-0.42664	0.66966	8596
PRSCS_MDD_pooled	relative	parcel	lh_v23ab		-0.0015495	-0.14353	0.88587	8596
PRSCS_MDD_pooled	absolute_ct	cortex	1	Primary_Visual	-0.00281	-0.2603	0.79464	8596
PRSCS_MDD_pooled	absolute_ct	cortex	2	Early_Visual	0.015538	1.4395	0.15005	8596
PRSCS_MDD_pooled	absolute_ct	cortex	3	Dorsal_Stream_Visual	0.022233	2.0601	0.039424	8596
PRSCS_MDD_pooled	absolute_ct	cortex	4	Ventral_Stream_Visual	0.024085	2.2317	0.025658	8596
PRSCS_MDD_pooled	absolute_ct	cortex	5	MT+_Complex_and_Neighboring_Visual_Areas	0.017989	1.6667	0.095616	8596
PRSCS_MDD_pooled	absolute_ct	cortex	6	Somatosensory_and_Motor	0.023238	2.1532	0.031329	8596
PRSCS_MDD_pooled	absolute_ct	cortex	7	Paracentral_Lobular_and_Mid_Cingulate	0.025217	2.3367	0.019478	8596
PRSCS_MDD_pooled	absolute_ct	cortex	8	Premotor	0.014817	1.3727	0.16987	8596
PRSCS_MDD_pooled	absolute_ct	cortex	9	Posterior_Opercular	0.016888	1.5646	0.11772	8596
PRSCS_MDD_pooled	absolute_ct	cortex	10	Early_Auditory	0.017859	1.6546	0.098032	8596
PRSCS_MDD_pooled	absolute_ct	cortex	11	Auditory_Association	0.008028	0.74368	0.45709	8596
PRSCS_MDD_pooled	absolute_ct	cortex	12	Insular_and_Frontal_Opercular	0.017044	1.579	0.11437	8596
PRSCS_MDD_pooled	absolute_ct	cortex	13	Medial_Temporal	0.012889	1.1941	0.23249	8596
PRSCS_MDD_pooled	absolute_ct	cortex	14	Lateral_Temporal	0.0095382	0.8836	0.37694	8596
PRSCS_MDD_pooled	absolute_ct	cortex	15	Temporo-Parieto_Occipital_Junction	0.018575	1.721	0.085285	8596
PRSCS_MDD_pooled	absolute_ct	cortex	16	Superior_Parietal	0.021597	2.0011	0.045415	8596
PRSCS_MDD_pooled	absolute_ct	cortex	17	Inferior_Parietal	0.018589	1.7223	0.085059	8596
PRSCS_MDD_pooled	absolute_ct	cortex	18	Posterior_Cingulate	0.032632	3.0244	0.0024983	8596
PRSCS_MDD_pooled	absolute_ct	cortex	19	Anterior_Cingulate_and_Medial_Prefrontal	0.013085	1.2122	0.22546	8596
PRSCS_MDD_pooled	absolute_ct	cortex	20	Orbital_and_Polar_Frontal	0.0030203	0.27979	0.77965	8596
PRSCS_MDD_pooled	absolute_ct	cortex	21	Inferior_Frontal	0.0066505	0.61608	0.53786	8596
PRSCS_MDD_pooled	absolute_ct	cortex	22	Dorsolateral_Prefrontal	0.009544	0.88414	0.37665	8596
PRSCS_MDD_pooled	absolute_ct	parcel	lh_1		-0.0018741	-0.1736	0.86218	8596
PRSCS_MDD_pooled	absolute_ct	parcel	lh_10d		0.012889	1.194	0.23251	8596
PRSCS_MDD_pooled	absolute_ct	parcel	lh_10pp		0.008392	0.77741	0.43694	8596
PRSCS_MDD_pooled	absolute_ct	parcel	lh_10r		-0.0058106	-0.53827	0.5904	8596
PRSCS_MDD_pooled	absolute_ct	parcel	lh_10v		0.0013582	0.12581	0.89988	8596
PRSCS_MDD_pooled	absolute_ct	parcel	lh_11l		-0.0032132	-0.29766	0.76597	8596
PRSCS_MDD_pooled	absolute_ct	parcel	lh_13l		-0.00040112	-0.037157	0.97036	8596
PRSCS_MDD_pooled	absolute_ct	parcel	lh_2		0.016831	1.5593	0.11896	8596
PRSCS_MDD_pooled	absolute_ct	parcel	lh_23c		0.022051	2.0432	0.041062	8596
PRSCS_MDD_pooled	absolute_ct	parcel	lh_23d		0.0062615	0.58004	0.5619	8596
PRSCS_MDD_pooled	absolute_ct	parcel	lh_24dd		0.021991	2.0376	0.041618	8596
PRSCS_MDD_pooled	absolute_ct	parcel	lh_24dv		0.014991	1.3888	0.16493	8596
PRSCS_MDD_pooled	absolute_ct	parcel	lh_25		-0.0065523	-0.60698	0.54388	8596
PRSCS_MDD_pooled	absolute_ct	parcel	lh_31a		0.0083129	0.77009	0.44127	8596
PRSCS_MDD_pooled	absolute_ct	parcel	lh_31pd		0.015201	1.4083	0.15908	8596
PRSCS_MDD_pooled	absolute_ct	parcel	lh_31pv		0.027587	2.5564	0.010592	8596
PRSCS_MDD_pooled	absolute_ct	parcel	lh_33pr		-0.0020122	-0.18639	0.85214	8596
PRSCS_MDD_pooled	absolute_ct	parcel	lh_3a		0.011572	1.072	0.28375	8596
PRSCS_MDD_pooled	absolute_ct	parcel	lh_3b		0.0071935	0.66638	0.50519	8596
PRSCS_MDD_pooled	absolute_ct	parcel	lh_4		0.020543	1.9033	0.057031	8596
PRSCS_MDD_pooled	absolute_ct	parcel	lh_43		0.0069612	0.64486	0.51904	8596
PRSCS_MDD_pooled	absolute_ct	parcel	lh_44		0.0030912	0.28635	0.77462	8596
PRSCS_MDD_pooled	absolute_ct	parcel	lh_45		0.0089387	0.82806	0.40766	8596
PRSCS_MDD_pooled	absolute_ct	parcel	lh_46		0.011455	1.0612	0.28863	8596
PRSCS_MDD_pooled	absolute_ct	parcel	lh_47l		0.00992	0.91898	0.35813	8596
PRSCS_MDD_pooled	absolute_ct	parcel	lh_47m		0.0038413	0.35584	0.72197	8596
PRSCS_MDD_pooled	absolute_ct	parcel	lh_47s		0.0077904	0.72167	0.47051	8596
PRSCS_MDD_pooled	absolute_ct	parcel	lh_52		0.0073315	0.67917	0.49705	8596
PRSCS_MDD_pooled	absolute_ct	parcel	lh_55b		-0.001219	-0.11292	0.91009	8596
PRSCS_MDD_pooled	absolute_ct	parcel	lh_5L		0.011681	1.0821	0.27922	8596
PRSCS_MDD_pooled	absolute_ct	parcel	lh_5m		0.017586	1.6293	0.10329	8596
PRSCS_MDD_pooled	absolute_ct	parcel	lh_5mv		0.024514	2.2715	0.02314	8596
PRSCS_MDD_pooled	absolute_ct	parcel	lh_6a		0.02037	1.8873	0.059147	8596
PRSCS_MDD_pooled	absolute_ct	parcel	lh_6d		0.0072596	0.6725	0.50128	8596
PRSCS_MDD_pooled	absolute_ct	parcel	lh_6ma		-0.0075668	-0.70096	0.48334	8596
PRSCS_MDD_pooled	absolute_ct	parcel	lh_6mp		0.020555	1.9045	0.056882	8596
PRSCS_MDD_pooled	absolute_ct	parcel	lh_6r		0.0043239	0.40054	0.68877	8596
PRSCS_MDD_pooled	absolute_ct	parcel	lh_6v		0.0076211	0.70599	0.48022	8596
PRSCS_MDD_pooled	absolute_ct	parcel	lh_7AL		0.0076334	0.70713	0.47951	8596
PRSCS_MDD_pooled	absolute_ct	parcel	lh_7Am		0.0065881	0.61029	0.54169	8596
PRSCS_MDD_pooled	absolute_ct	parcel	lh_7PC		0.010074	0.93325	0.35072	8596
PRSCS_MDD_pooled	absolute_ct	parcel	lh_7PL		0.034821	3.2276	0.0012531	8596
PRSCS_MDD_pooled	absolute_ct	parcel	lh_7Pm		0.020289	1.8798	0.060169	8596
PRSCS_MDD_pooled	absolute_ct	parcel	lh_7m		0.011706	1.0845	0.27819	8596
PRSCS_MDD_pooled	absolute_ct	parcel	lh_8Ad		0.015727	1.457	0.14515	8596
PRSCS_MDD_pooled	absolute_ct	parcel	lh_8Av		-0.010001	-0.92644	0.35424	8596
PRSCS_MDD_pooled	absolute_ct	parcel	lh_8BL		-0.012917	-1.1966	0.23149	8596
PRSCS_MDD_pooled	absolute_ct	parcel	lh_8BM		7.0764e-05	0.0065551	0.99477	8596
PRSCS_MDD_pooled	absolute_ct	parcel	lh_8C		0.0087057	0.80648	0.41999	8596
PRSCS_MDD_pooled	absolute_ct	parcel	lh_9-46d		0.0046475	0.43052	0.66683	8596
PRSCS_MDD_pooled	absolute_ct	parcel	lh_9a		0.0086311	0.79956	0.42399	8596
PRSCS_MDD_pooled	absolute_ct	parcel	lh_9m		0.0058358	0.5406	0.5888	8596
PRSCS_MDD_pooled	absolute_ct	parcel	lh_9p		0.0039325	0.36428	0.71566	8596
PRSCS_MDD_pooled	absolute_ct	parcel	lh_A1		0.014578	1.3506	0.17686	8596
PRSCS_MDD_pooled	absolute_ct	parcel	lh_A4		0.00044036	0.040792	0.96746	8596
PRSCS_MDD_pooled	absolute_ct	parcel	lh_A5		0.010689	0.99026	0.32207	8596
PRSCS_MDD_pooled	absolute_ct	parcel	lh_AAIC		0.010025	0.92874	0.35305	8596
PRSCS_MDD_pooled	absolute_ct	parcel	lh_AIP		0.023535	2.1808	0.029227	8596
PRSCS_MDD_pooled	absolute_ct	parcel	lh_AVI		0.019184	1.7774	0.075531	8596
PRSCS_MDD_pooled	absolute_ct	parcel	lh_DVT		0.035761	3.3148	0.00092082	8596
PRSCS_MDD_pooled	absolute_ct	parcel	lh_EC		-0.0029158	-0.2701	0.78709	8596
PRSCS_MDD_pooled	absolute_ct	parcel	lh_FEF		0.02181	2.0208	0.043329	8596
PRSCS_MDD_pooled	absolute_ct	parcel	lh_FFC		0.019818	1.8362	0.066362	8596
PRSCS_MDD_pooled	absolute_ct	parcel	lh_FOP1		0.016575	1.5356	0.12467	8596
PRSCS_MDD_pooled	absolute_ct	parcel	lh_FOP2		0.0029588	0.27409	0.78402	8596
PRSCS_MDD_pooled	absolute_ct	parcel	lh_FOP3		0.019679	1.8233	0.068291	8596
PRSCS_MDD_pooled	absolute_ct	parcel	lh_FOP4		0.01728	1.6009	0.10943	8596
PRSCS_MDD_pooled	absolute_ct	parcel	lh_FOP5		0.018678	1.7305	0.083568	8596
PRSCS_MDD_pooled	absolute_ct	parcel	lh_FST		-0.00047279	-0.043797	0.96507	8596
PRSCS_MDD_pooled	absolute_ct	parcel	lh_IFJa		0.012782	1.1842	0.23638	8596
PRSCS_MDD_pooled	absolute_ct	parcel	lh_IFJp		-0.0080448	-0.74524	0.45614	8596
PRSCS_MDD_pooled	absolute_ct	parcel	lh_IFSa		0.0013482	0.12489	0.90062	8596
PRSCS_MDD_pooled	absolute_ct	parcel	lh_IFSp		-0.0057304	-0.53084	0.59554	8596
PRSCS_MDD_pooled	absolute_ct	parcel	lh_IP0		0.034678	3.2143	0.0013125	8596
PRSCS_MDD_pooled	absolute_ct	parcel	lh_IP1		0.016085	1.4902	0.1362	8596
PRSCS_MDD_pooled	absolute_ct	parcel	lh_IP2		0.0030565	0.28314	0.77708	8596
PRSCS_MDD_pooled	absolute_ct	parcel	lh_IPS1		0.017688	1.6387	0.1013	8596
PRSCS_MDD_pooled	absolute_ct	parcel	lh_Ig		0.014342	1.3287	0.18397	8596
PRSCS_MDD_pooled	absolute_ct	parcel	lh_LBelt		0.0018296	0.16948	0.86542	8596
PRSCS_MDD_pooled	absolute_ct	parcel	lh_LIPd		0.007178	0.66494	0.50611	8596
PRSCS_MDD_pooled	absolute_ct	parcel	lh_LIPv		0.00124	0.11487	0.90855	8596
PRSCS_MDD_pooled	absolute_ct	parcel	lh_LO1		0.017775	1.6468	0.099632	8596
PRSCS_MDD_pooled	absolute_ct	parcel	lh_LO2		0.0025959	0.24046	0.80998	8596
PRSCS_MDD_pooled	absolute_ct	parcel	lh_LO3		0.01412	1.3081	0.19086	8596
PRSCS_MDD_pooled	absolute_ct	parcel	lh_MBelt		0.01881	1.7427	0.081415	8596
PRSCS_MDD_pooled	absolute_ct	parcel	lh_MI		0.022026	2.0408	0.041298	8596
PRSCS_MDD_pooled	absolute_ct	parcel	lh_MIP		0.022311	2.0673	0.038735	8596
PRSCS_MDD_pooled	absolute_ct	parcel	lh_MST		0.017494	1.6207	0.10511	8596
PRSCS_MDD_pooled	absolute_ct	parcel	lh_MT		0.012496	1.1576	0.24706	8596
PRSCS_MDD_pooled	absolute_ct	parcel	lh_OFC		0.0024278	0.22489	0.82207	8596
PRSCS_MDD_pooled	absolute_ct	parcel	lh_OP1		0.0098923	0.91641	0.35948	8596
PRSCS_MDD_pooled	absolute_ct	parcel	lh_OP2-3		0.016654	1.543	0.12287	8596
PRSCS_MDD_pooled	absolute_ct	parcel	lh_OP4		-0.0058048	-0.53773	0.59078	8596
PRSCS_MDD_pooled	absolute_ct	parcel	lh_PBelt		0.00046057	0.042664	0.96597	8596
PRSCS_MDD_pooled	absolute_ct	parcel	lh_PCV		0.020578	1.9067	0.056598	8596
PRSCS_MDD_pooled	absolute_ct	parcel	lh_PEF		0.0044883	0.41577	0.67759	8596
PRSCS_MDD_pooled	absolute_ct	parcel	lh_PF		7.2501e-05	0.0067161	0.99464	8596
PRSCS_MDD_pooled	absolute_ct	parcel	lh_PFcm		0.017849	1.6537	0.098224	8596
PRSCS_MDD_pooled	absolute_ct	parcel	lh_PFm		0.004938	0.45743	0.64737	8596
PRSCS_MDD_pooled	absolute_ct	parcel	lh_PFop		0.00058522	0.054211	0.95677	8596
PRSCS_MDD_pooled	absolute_ct	parcel	lh_PFt		-0.0011698	-0.10836	0.91371	8596
PRSCS_MDD_pooled	absolute_ct	parcel	lh_PGi		0.0070133	0.64968	0.51591	8596
PRSCS_MDD_pooled	absolute_ct	parcel	lh_PGp		0.029954	2.776	0.0055149	8596
PRSCS_MDD_pooled	absolute_ct	parcel	lh_PGs		0.026463	2.4523	0.014216	8596
PRSCS_MDD_pooled	absolute_ct	parcel	lh_PH		0.0085564	0.79264	0.42801	8596
PRSCS_MDD_pooled	absolute_ct	parcel	lh_PHA1		0.019328	1.7908	0.073367	8596
PRSCS_MDD_pooled	absolute_ct	parcel	lh_PHA2		-0.002712	-0.25122	0.80165	8596
PRSCS_MDD_pooled	absolute_ct	parcel	lh_PHA3		0.017684	1.6384	0.10138	8596
PRSCS_MDD_pooled	absolute_ct	parcel	lh_PHT		0.012097	1.1206	0.26247	8596
PRSCS_MDD_pooled	absolute_ct	parcel	lh_PI		0.0096359	0.89265	0.37207	8596
PRSCS_MDD_pooled	absolute_ct	parcel	lh_PIT		0.022229	2.0597	0.03946	8596
PRSCS_MDD_pooled	absolute_ct	parcel	lh_POS1		0.019658	1.8214	0.068583	8596
PRSCS_MDD_pooled	absolute_ct	parcel	lh_POS2		0.024958	2.3126	0.020766	8596
PRSCS_MDD_pooled	absolute_ct	parcel	lh_PSL		0.0098699	0.91433	0.36057	8596
PRSCS_MDD_pooled	absolute_ct	parcel	lh_PeEc		0.011687	1.0826	0.279	8596
PRSCS_MDD_pooled	absolute_ct	parcel	lh_Pir		-0.0030972	-0.2869	0.77419	8596
PRSCS_MDD_pooled	absolute_ct	parcel	lh_PoI1		0.0082156	0.76107	0.44664	8596
PRSCS_MDD_pooled	absolute_ct	parcel	lh_PoI2		0.0042897	0.39738	0.6911	8596
PRSCS_MDD_pooled	absolute_ct	parcel	lh_PreS		0.023938	2.2181	0.026576	8596
PRSCS_MDD_pooled	absolute_ct	parcel	lh_ProS		0.033287	3.0852	0.0020407	8596
PRSCS_MDD_pooled	absolute_ct	parcel	lh_RI		0.025327	2.3469	0.018952	8596
PRSCS_MDD_pooled	absolute_ct	parcel	lh_RSC		0.0087847	0.81379	0.41579	8596
PRSCS_MDD_pooled	absolute_ct	parcel	lh_SCEF		0.02924	2.7097	0.0067471	8596
PRSCS_MDD_pooled	absolute_ct	parcel	lh_SFL		0.0021274	0.19707	0.84378	8596
PRSCS_MDD_pooled	absolute_ct	parcel	lh_STGa		0.0081048	0.7508	0.45279	8596
PRSCS_MDD_pooled	absolute_ct	parcel	lh_STSda		0.012892	1.1943	0.23238	8596
PRSCS_MDD_pooled	absolute_ct	parcel	lh_STSdp		0.010302	0.95439	0.33991	8596
PRSCS_MDD_pooled	absolute_ct	parcel	lh_STSva		0.014894	1.3798	0.16768	8596
PRSCS_MDD_pooled	absolute_ct	parcel	lh_STSvp		-0.016869	-1.5628	0.11813	8596
PRSCS_MDD_pooled	absolute_ct	parcel	lh_STV		0.010106	0.93625	0.34917	8596
PRSCS_MDD_pooled	absolute_ct	parcel	lh_TA2		-7.4596e-05	-0.0069101	0.99449	8596
PRSCS_MDD_pooled	absolute_ct	parcel	lh_TE1a		0.010012	0.92747	0.35371	8596
PRSCS_MDD_pooled	absolute_ct	parcel	lh_TE1m		-0.0014372	-0.13313	0.89409	8596
PRSCS_MDD_pooled	absolute_ct	parcel	lh_TE1p		-0.013852	-1.2832	0.19944	8596
PRSCS_MDD_pooled	absolute_ct	parcel	lh_TE2a		0.004579	0.42418	0.67145	8596
PRSCS_MDD_pooled	absolute_ct	parcel	lh_TE2p		0.0045119	0.41796	0.67599	8596
PRSCS_MDD_pooled	absolute_ct	parcel	lh_TF		0.0023877	0.22118	0.82496	8596
PRSCS_MDD_pooled	absolute_ct	parcel	lh_TGd		0.015433	1.4297	0.15283	8596
PRSCS_MDD_pooled	absolute_ct	parcel	lh_TGv		0.024699	2.2887	0.022122	8596
PRSCS_MDD_pooled	absolute_ct	parcel	lh_TPOJ1		0.023623	2.1889	0.02863	8596
PRSCS_MDD_pooled	absolute_ct	parcel	lh_TPOJ2		0.022378	2.0735	0.038155	8596
PRSCS_MDD_pooled	absolute_ct	parcel	lh_TPOJ3		0.013408	1.2421	0.21423	8596
PRSCS_MDD_pooled	absolute_ct	parcel	lh_V1		-0.00281	-0.2603	0.79464	8596
PRSCS_MDD_pooled	absolute_ct	parcel	lh_V2		0.0034842	0.32276	0.74689	8596
PRSCS_MDD_pooled	absolute_ct	parcel	lh_V3		0.0059499	0.55117	0.58153	8596
PRSCS_MDD_pooled	absolute_ct	parcel	lh_V3A		0.016643	1.542	0.12312	8596
PRSCS_MDD_pooled	absolute_ct	parcel	lh_V3B		0.02615	2.4232	0.015406	8596
PRSCS_MDD_pooled	absolute_ct	parcel	lh_V3CD		0.030603	2.8362	0.0045763	8596
PRSCS_MDD_pooled	absolute_ct	parcel	lh_V4		0.025359	2.3498	0.018804	8596
PRSCS_MDD_pooled	absolute_ct	parcel	lh_V4t		0.0178	1.6492	0.099152	8596
PRSCS_MDD_pooled	absolute_ct	parcel	lh_V6		0.020926	1.9389	0.052545	8596
PRSCS_MDD_pooled	absolute_ct	parcel	lh_V6A		0.01065	0.9866	0.32386	8596
PRSCS_MDD_pooled	absolute_ct	parcel	lh_V7		0.020429	1.8928	0.058417	8596
PRSCS_MDD_pooled	absolute_ct	parcel	lh_V8		0.012788	1.1847	0.23617	8596
PRSCS_MDD_pooled	absolute_ct	parcel	lh_VIP		0.01629	1.5092	0.13129	8596
PRSCS_MDD_pooled	absolute_ct	parcel	lh_VMV1		0.030702	2.8453	0.0044469	8596
PRSCS_MDD_pooled	absolute_ct	parcel	lh_VMV2		0.007804	0.72293	0.46974	8596
PRSCS_MDD_pooled	absolute_ct	parcel	lh_VMV3		0.0078392	0.7262	0.46774	8596
PRSCS_MDD_pooled	absolute_ct	parcel	lh_VVC		0.012614	1.1686	0.24262	8596
PRSCS_MDD_pooled	absolute_ct	parcel	lh_a10p		0.0030094	0.27877	0.78042	8596
PRSCS_MDD_pooled	absolute_ct	parcel	lh_a24		0.018965	1.7571	0.078937	8596
PRSCS_MDD_pooled	absolute_ct	parcel	lh_a24pr		0.01789	1.6575	0.097451	8596
PRSCS_MDD_pooled	absolute_ct	parcel	lh_a32pr		0.0090706	0.84027	0.40078	8596
PRSCS_MDD_pooled	absolute_ct	parcel	lh_a47r		0.016031	1.4852	0.13752	8596
PRSCS_MDD_pooled	absolute_ct	parcel	lh_a9-46v		0.010947	1.0141	0.31057	8596
PRSCS_MDD_pooled	absolute_ct	parcel	lh_d23ab		0.011391	1.0553	0.29134	8596
PRSCS_MDD_pooled	absolute_ct	parcel	lh_d32		0.008071	0.74767	0.45468	8596
PRSCS_MDD_pooled	absolute_ct	parcel	lh_i6-8		0.0044329	0.41064	0.68135	8596
PRSCS_MDD_pooled	absolute_ct	parcel	lh_p10p		0.0070067	0.64907	0.51631	8596
PRSCS_MDD_pooled	absolute_ct	parcel	lh_p24		0.015102	1.3991	0.16181	8596
PRSCS_MDD_pooled	absolute_ct	parcel	lh_p24pr		0.025423	2.3558	0.018504	8596
PRSCS_MDD_pooled	absolute_ct	parcel	lh_p32		0.0050633	0.46903	0.63906	8596
PRSCS_MDD_pooled	absolute_ct	parcel	lh_p32pr		0.024755	2.2939	0.021822	8596
PRSCS_MDD_pooled	absolute_ct	parcel	lh_p47r		-0.0048163	-0.44616	0.6555	8596
PRSCS_MDD_pooled	absolute_ct	parcel	lh_p9-46v		0.0019252	0.17834	0.85846	8596
PRSCS_MDD_pooled	absolute_ct	parcel	lh_pOFC		-0.0028366	-0.26276	0.79274	8596
PRSCS_MDD_pooled	absolute_ct	parcel	lh_s32		-0.0052966	-0.49065	0.62368	8596
PRSCS_MDD_pooled	absolute_ct	parcel	lh_s6-8		-0.0010518	-0.097433	0.92238	8596
PRSCS_MDD_pooled	absolute_ct	parcel	lh_v23ab		0.017035	1.5782	0.11456	8596
PRSCS_MDD_pooled	relative_ct	cortex	1	Primary_Visual	-0.0049415	-0.45773	0.64716	8596
PRSCS_MDD_pooled	relative_ct	cortex	2	Early_Visual	0.0071192	0.65946	0.50962	8596
PRSCS_MDD_pooled	relative_ct	cortex	3	Dorsal_Stream_Visual	0.012668	1.1735	0.24061	8596
PRSCS_MDD_pooled	relative_ct	cortex	4	Ventral_Stream_Visual	0.01515	1.4034	0.16052	8596
PRSCS_MDD_pooled	relative_ct	cortex	5	MT+_Complex_and_Neighboring_Visual_Areas	0.0053293	0.49365	0.62156	8596
PRSCS_MDD_pooled	relative_ct	cortex	6	Somatosensory_and_Motor	0.018582	1.7215	0.08519	8596
PRSCS_MDD_pooled	relative_ct	cortex	7	Paracentral_Lobular_and_Mid_Cingulate	0.014123	1.3083	0.19081	8596
PRSCS_MDD_pooled	relative_ct	cortex	8	Premotor	0.0081753	0.75729	0.4489	8596
PRSCS_MDD_pooled	relative_ct	cortex	9	Posterior_Opercular	0.013056	1.2095	0.22651	8596
PRSCS_MDD_pooled	relative_ct	cortex	10	Early_Auditory	0.016379	1.5173	0.12922	8596
PRSCS_MDD_pooled	relative_ct	cortex	11	Auditory_Association	0.0026406	0.24459	0.80678	8596
PRSCS_MDD_pooled	relative_ct	cortex	12	Insular_and_Frontal_Opercular	0.012092	1.1201	0.26269	8596
PRSCS_MDD_pooled	relative_ct	cortex	13	Medial_Temporal	0.0081038	0.75067	0.45287	8596
PRSCS_MDD_pooled	relative_ct	cortex	14	Lateral_Temporal	0.0021718	0.20117	0.84057	8596
PRSCS_MDD_pooled	relative_ct	cortex	15	Temporo-Parieto_Occipital_Junction	0.0069197	0.64098	0.52156	8596
PRSCS_MDD_pooled	relative_ct	cortex	16	Superior_Parietal	0.012513	1.1592	0.24642	8596
PRSCS_MDD_pooled	relative_ct	cortex	17	Inferior_Parietal	0.0047497	0.43996	0.65998	8596
PRSCS_MDD_pooled	relative_ct	cortex	18	Posterior_Cingulate	0.0263	2.437	0.014831	8596
PRSCS_MDD_pooled	relative_ct	cortex	19	Anterior_Cingulate_and_Medial_Prefrontal	0.0063924	0.59213	0.55378	8596
PRSCS_MDD_pooled	relative_ct	cortex	20	Orbital_and_Polar_Frontal	-0.007147	-0.66203	0.50797	8596
PRSCS_MDD_pooled	relative_ct	cortex	21	Inferior_Frontal	-0.0084681	-0.78441	0.43282	8596
PRSCS_MDD_pooled	relative_ct	cortex	22	Dorsolateral_Prefrontal	-0.00023971	-0.022204	0.98229	8596
PRSCS_MDD_pooled	relative_ct	parcel	lh_1		-0.006961	-0.6448	0.51907	8596
PRSCS_MDD_pooled	relative_ct	parcel	lh_10d		0.009191	0.85138	0.39458	8596
PRSCS_MDD_pooled	relative_ct	parcel	lh_10pp		0.0044994	0.41678	0.67685	8596
PRSCS_MDD_pooled	relative_ct	parcel	lh_10r		-0.0089915	-0.8329	0.40492	8596
PRSCS_MDD_pooled	relative_ct	parcel	lh_10v		-0.0024481	-0.22676	0.82062	8596
PRSCS_MDD_pooled	relative_ct	parcel	lh_11l		-0.0082454	-0.76378	0.44502	8596
PRSCS_MDD_pooled	relative_ct	parcel	lh_13l		-0.0050254	-0.4655	0.64158	8596
PRSCS_MDD_pooled	relative_ct	parcel	lh_2		0.011909	1.1032	0.26998	8596
PRSCS_MDD_pooled	relative_ct	parcel	lh_23c		0.014694	1.3613	0.17346	8596
PRSCS_MDD_pooled	relative_ct	parcel	lh_23d		0.0036149	0.33485	0.73775	8596
PRSCS_MDD_pooled	relative_ct	parcel	lh_24dd		0.019053	1.7652	0.077573	8596
PRSCS_MDD_pooled	relative_ct	parcel	lh_24dv		0.0088032	0.81546	0.41483	8596
PRSCS_MDD_pooled	relative_ct	parcel	lh_25		-0.0071832	-0.66538	0.50582	8596
PRSCS_MDD_pooled	relative_ct	parcel	lh_31a		0.0042474	0.39344	0.69401	8596
PRSCS_MDD_pooled	relative_ct	parcel	lh_31pd		0.010945	1.0139	0.31067	8596
PRSCS_MDD_pooled	relative_ct	parcel	lh_31pv		0.024684	2.2872	0.022211	8596
PRSCS_MDD_pooled	relative_ct	parcel	lh_33pr		-0.003162	-0.2929	0.76961	8596
PRSCS_MDD_pooled	relative_ct	parcel	lh_3a		0.0071444	0.66179	0.50812	8596
PRSCS_MDD_pooled	relative_ct	parcel	lh_3b		0.0066122	0.61249	0.54023	8596
PRSCS_MDD_pooled	relative_ct	parcel	lh_4		0.014584	1.351	0.17673	8596
PRSCS_MDD_pooled	relative_ct	parcel	lh_43		0.0033543	0.3107	0.75603	8596
PRSCS_MDD_pooled	relative_ct	parcel	lh_44		-0.0029637	-0.27452	0.78369	8596
PRSCS_MDD_pooled	relative_ct	parcel	lh_45		0.0029947	0.27739	0.78148	8596
PRSCS_MDD_pooled	relative_ct	parcel	lh_46		0.0041599	0.38532	0.70001	8596
PRSCS_MDD_pooled	relative_ct	parcel	lh_47l		0.0049238	0.45609	0.64834	8596
PRSCS_MDD_pooled	relative_ct	parcel	lh_47m		-0.00042028	-0.03893	0.96895	8596
PRSCS_MDD_pooled	relative_ct	parcel	lh_47s		0.0053068	0.49156	0.62304	8596
PRSCS_MDD_pooled	relative_ct	parcel	lh_52		0.0041846	0.38761	0.69831	8596
PRSCS_MDD_pooled	relative_ct	parcel	lh_55b		-0.0056381	-0.52226	0.60151	8596
PRSCS_MDD_pooled	relative_ct	parcel	lh_5L		0.0058628	0.54307	0.5871	8596
PRSCS_MDD_pooled	relative_ct	parcel	lh_5m		0.011367	1.053	0.29236	8596
PRSCS_MDD_pooled	relative_ct	parcel	lh_5mv		0.018956	1.7561	0.079102	8596
PRSCS_MDD_pooled	relative_ct	parcel	lh_6a		0.012079	1.1189	0.26321	8596
PRSCS_MDD_pooled	relative_ct	parcel	lh_6d		0.0018014	0.16686	0.86748	8596
PRSCS_MDD_pooled	relative_ct	parcel	lh_6ma		-0.012738	-1.18	0.23804	8596
PRSCS_MDD_pooled	relative_ct	parcel	lh_6mp		0.014643	1.3565	0.17497	8596
PRSCS_MDD_pooled	relative_ct	parcel	lh_6r		-0.0016621	-0.15396	0.87765	8596
PRSCS_MDD_pooled	relative_ct	parcel	lh_6v		0.0043386	0.40188	0.68778	8596
PRSCS_MDD_pooled	relative_ct	parcel	lh_7AL		0.0029903	0.27699	0.78179	8596
PRSCS_MDD_pooled	relative_ct	parcel	lh_7Am		-0.00096307	-0.089208	0.92892	8596
PRSCS_MDD_pooled	relative_ct	parcel	lh_7PC		0.0038364	0.35537	0.72232	8596
PRSCS_MDD_pooled	relative_ct	parcel	lh_7PL		0.032449	3.0073	0.0026438	8596
PRSCS_MDD_pooled	relative_ct	parcel	lh_7Pm		0.015671	1.4517	0.14661	8596
PRSCS_MDD_pooled	relative_ct	parcel	lh_7m		0.0052352	0.48493	0.62774	8596
PRSCS_MDD_pooled	relative_ct	parcel	lh_8Ad		0.011006	1.0196	0.30796	8596
PRSCS_MDD_pooled	relative_ct	parcel	lh_8Av		-0.0087083	-0.80666	0.41988	8596
PRSCS_MDD_pooled	relative_ct	parcel	lh_8BL		-0.018058	-1.6729	0.094375	8596
PRSCS_MDD_pooled	relative_ct	parcel	lh_8BM		-0.0056591	-0.5242	0.60015	8596
PRSCS_MDD_pooled	relative_ct	parcel	lh_8C		0.0012168	0.11271	0.91026	8596
PRSCS_MDD_pooled	relative_ct	parcel	lh_9-46d		-0.0041585	-0.3852	0.7001	8596
PRSCS_MDD_pooled	relative_ct	parcel	lh_9a		0.004377	0.40544	0.68517	8596
PRSCS_MDD_pooled	relative_ct	parcel	lh_9m		0.0018489	0.17126	0.86403	8596
PRSCS_MDD_pooled	relative_ct	parcel	lh_9p		-0.0014484	-0.13416	0.89328	8596
PRSCS_MDD_pooled	relative_ct	parcel	lh_A1		0.012619	1.169	0.24245	8596
PRSCS_MDD_pooled	relative_ct	parcel	lh_A4		-0.0039578	-0.36661	0.71392	8596
PRSCS_MDD_pooled	relative_ct	parcel	lh_A5		0.0069569	0.64443	0.51932	8596
PRSCS_MDD_pooled	relative_ct	parcel	lh_AAIC		0.0093288	0.86415	0.38753	8596
PRSCS_MDD_pooled	relative_ct	parcel	lh_AIP		0.01698	1.573	0.11575	8596
PRSCS_MDD_pooled	relative_ct	parcel	lh_AVI		0.01506	1.3951	0.16301	8596
PRSCS_MDD_pooled	relative_ct	parcel	lh_DVT		0.030853	2.8592	0.0042576	8596
PRSCS_MDD_pooled	relative_ct	parcel	lh_EC		-0.0040138	-0.37179	0.71005	8596
PRSCS_MDD_pooled	relative_ct	parcel	lh_FEF		0.018269	1.6925	0.090577	8596
PRSCS_MDD_pooled	relative_ct	parcel	lh_FFC		0.014056	1.3021	0.19291	8596
PRSCS_MDD_pooled	relative_ct	parcel	lh_FOP1		0.013227	1.2253	0.22048	8596
PRSCS_MDD_pooled	relative_ct	parcel	lh_FOP2		-0.00079431	-0.073576	0.94135	8596
PRSCS_MDD_pooled	relative_ct	parcel	lh_FOP3		0.018015	1.669	0.095156	8596
PRSCS_MDD_pooled	relative_ct	parcel	lh_FOP4		0.013346	1.2363	0.21637	8596
PRSCS_MDD_pooled	relative_ct	parcel	lh_FOP5		0.014115	1.3076	0.19104	8596
PRSCS_MDD_pooled	relative_ct	parcel	lh_FST		-0.0059588	-0.55197	0.58099	8596
PRSCS_MDD_pooled	relative_ct	parcel	lh_IFJa		0.0076164	0.70551	0.48051	8596
PRSCS_MDD_pooled	relative_ct	parcel	lh_IFJp		-0.01243	-1.1515	0.24956	8596
PRSCS_MDD_pooled	relative_ct	parcel	lh_IFSa		-0.0045181	-0.41851	0.67558	8596
PRSCS_MDD_pooled	relative_ct	parcel	lh_IFSp		-0.012413	-1.1498	0.25024	8596
PRSCS_MDD_pooled	relative_ct	parcel	lh_IP0		0.028863	2.6746	0.0074955	8596
PRSCS_MDD_pooled	relative_ct	parcel	lh_IP1		0.0095917	0.8885	0.3743	8596
PRSCS_MDD_pooled	relative_ct	parcel	lh_IP2		-0.0047792	-0.44269	0.658	8596
PRSCS_MDD_pooled	relative_ct	parcel	lh_IPS1		0.010738	0.99466	0.31993	8596
PRSCS_MDD_pooled	relative_ct	parcel	lh_Ig		0.010905	1.0102	0.31244	8596
PRSCS_MDD_pooled	relative_ct	parcel	lh_LBelt		-0.0010649	-0.09864	0.92143	8596
PRSCS_MDD_pooled	relative_ct	parcel	lh_LIPd		0.0013369	0.12383	0.90145	8596
PRSCS_MDD_pooled	relative_ct	parcel	lh_LIPv		-0.0047901	-0.4437	0.65727	8596
PRSCS_MDD_pooled	relative_ct	parcel	lh_LO1		0.012245	1.1343	0.2567	8596
PRSCS_MDD_pooled	relative_ct	parcel	lh_LO2		-0.0032615	-0.30211	0.76258	8596
PRSCS_MDD_pooled	relative_ct	parcel	lh_LO3		0.0096039	0.88964	0.37369	8596
PRSCS_MDD_pooled	relative_ct	parcel	lh_MBelt		0.017102	1.5844	0.11314	8596
PRSCS_MDD_pooled	relative_ct	parcel	lh_MI		0.019432	1.8003	0.071843	8596
PRSCS_MDD_pooled	relative_ct	parcel	lh_MIP		0.018295	1.6949	0.090128	8596
PRSCS_MDD_pooled	relative_ct	parcel	lh_MST		0.01152	1.0671	0.28594	8596
PRSCS_MDD_pooled	relative_ct	parcel	lh_MT		0.004688	0.43425	0.66412	8596
PRSCS_MDD_pooled	relative_ct	parcel	lh_OFC		0.00015407	0.014272	0.98861	8596
PRSCS_MDD_pooled	relative_ct	parcel	lh_OP1		0.0086416	0.80049	0.42345	8596
PRSCS_MDD_pooled	relative_ct	parcel	lh_OP2-3		0.012839	1.1894	0.23432	8596
PRSCS_MDD_pooled	relative_ct	parcel	lh_OP4		-0.0097727	-0.90528	0.36534	8596
PRSCS_MDD_pooled	relative_ct	parcel	lh_PBelt		-0.0039963	-0.37018	0.71126	8596
PRSCS_MDD_pooled	relative_ct	parcel	lh_PCV		0.01572	1.4563	0.14534	8596
PRSCS_MDD_pooled	relative_ct	parcel	lh_PEF		0.0009135	0.084616	0.93257	8596
PRSCS_MDD_pooled	relative_ct	parcel	lh_PF		-0.0044991	-0.41675	0.67687	8596
PRSCS_MDD_pooled	relative_ct	parcel	lh_PFcm		0.013041	1.208	0.22706	8596
PRSCS_MDD_pooled	relative_ct	parcel	lh_PFm		-0.0027509	-0.25481	0.79887	8596
PRSCS_MDD_pooled	relative_ct	parcel	lh_PFop		-0.0031497	-0.29176	0.77048	8596
PRSCS_MDD_pooled	relative_ct	parcel	lh_PFt		-0.0068095	-0.63077	0.52821	8596
PRSCS_MDD_pooled	relative_ct	parcel	lh_PGi		-0.0070199	-0.65026	0.51554	8596
PRSCS_MDD_pooled	relative_ct	parcel	lh_PGp		0.023474	2.1749	0.029662	8596
PRSCS_MDD_pooled	relative_ct	parcel	lh_PGs		0.023826	2.2076	0.027297	8596
PRSCS_MDD_pooled	relative_ct	parcel	lh_PH		0.0018177	0.16837	0.8663	8596
PRSCS_MDD_pooled	relative_ct	parcel	lh_PHA1		0.016856	1.5616	0.11843	8596
PRSCS_MDD_pooled	relative_ct	parcel	lh_PHA2		-0.0057271	-0.5305	0.59578	8596
PRSCS_MDD_pooled	relative_ct	parcel	lh_PHA3		0.014467	1.3402	0.18023	8596
PRSCS_MDD_pooled	relative_ct	parcel	lh_PHT		0.0061964	0.57397	0.566	8596
PRSCS_MDD_pooled	relative_ct	parcel	lh_PI		0.0066552	0.61648	0.5376	8596
PRSCS_MDD_pooled	relative_ct	parcel	lh_PIT		0.016357	1.5153	0.12974	8596
PRSCS_MDD_pooled	relative_ct	parcel	lh_POS1		0.013829	1.2811	0.2002	8596
PRSCS_MDD_pooled	relative_ct	parcel	lh_POS2		0.018187	1.6849	0.092039	8596
PRSCS_MDD_pooled	relative_ct	parcel	lh_PSL		0.0047982	0.44445	0.65673	8596
PRSCS_MDD_pooled	relative_ct	parcel	lh_PeEc		0.008801	0.81525	0.41495	8596
PRSCS_MDD_pooled	relative_ct	parcel	lh_Pir		-0.0035089	-0.32503	0.74517	8596
PRSCS_MDD_pooled	relative_ct	parcel	lh_PoI1		0.0065691	0.6085	0.54288	8596
PRSCS_MDD_pooled	relative_ct	parcel	lh_PoI2		0.004072	0.37719	0.70604	8596
PRSCS_MDD_pooled	relative_ct	parcel	lh_PreS		0.023414	2.1694	0.030079	8596
PRSCS_MDD_pooled	relative_ct	parcel	lh_ProS		0.031128	2.8847	0.0039275	8596
PRSCS_MDD_pooled	relative_ct	parcel	lh_RI		0.021687	2.0093	0.04454	8596
PRSCS_MDD_pooled	relative_ct	parcel	lh_RSC		0.006942	0.64304	0.52021	8596
PRSCS_MDD_pooled	relative_ct	parcel	lh_SCEF		0.027075	2.5088	0.012132	8596
PRSCS_MDD_pooled	relative_ct	parcel	lh_SFL		-0.00027779	-0.025731	0.97947	8596
PRSCS_MDD_pooled	relative_ct	parcel	lh_STGa		0.0045879	0.42497	0.67087	8596
PRSCS_MDD_pooled	relative_ct	parcel	lh_STSda		0.0076774	0.71117	0.477	8596
PRSCS_MDD_pooled	relative_ct	parcel	lh_STSdp		0.0058662	0.54338	0.58688	8596
PRSCS_MDD_pooled	relative_ct	parcel	lh_STSva		0.011978	1.1095	0.26722	8596
PRSCS_MDD_pooled	relative_ct	parcel	lh_STSvp		-0.022	-2.0384	0.041545	8596
PRSCS_MDD_pooled	relative_ct	parcel	lh_STV		0.0042526	0.39392	0.69365	8596
PRSCS_MDD_pooled	relative_ct	parcel	lh_TA2		-0.0028315	-0.26228	0.79311	8596
PRSCS_MDD_pooled	relative_ct	parcel	lh_TE1a		0.0080954	0.74988	0.45334	8596
PRSCS_MDD_pooled	relative_ct	parcel	lh_TE1m		-0.0048269	-0.44712	0.6548	8596
PRSCS_MDD_pooled	relative_ct	parcel	lh_TE1p		-0.019216	-1.7803	0.07507	8596
PRSCS_MDD_pooled	relative_ct	parcel	lh_TE2a		-0.002135	-0.19776	0.84324	8596
PRSCS_MDD_pooled	relative_ct	parcel	lh_TE2p		0.00051155	0.047384	0.96221	8596
PRSCS_MDD_pooled	relative_ct	parcel	lh_TF		-0.002443	-0.22629	0.82098	8596
PRSCS_MDD_pooled	relative_ct	parcel	lh_TGd		0.010905	1.0101	0.31245	8596
PRSCS_MDD_pooled	relative_ct	parcel	lh_TGv		0.022371	2.0727	0.038231	8596
PRSCS_MDD_pooled	relative_ct	parcel	lh_TPOJ1		0.019518	1.8083	0.0706	8596
PRSCS_MDD_pooled	relative_ct	parcel	lh_TPOJ2		0.014916	1.3818	0.16708	8596
PRSCS_MDD_pooled	relative_ct	parcel	lh_TPOJ3		0.0063326	0.58659	0.5575	8596
PRSCS_MDD_pooled	relative_ct	parcel	lh_V1		-0.0049415	-0.45773	0.64716	8596
PRSCS_MDD_pooled	relative_ct	parcel	lh_V2		-0.00020418	-0.018913	0.98491	8596
PRSCS_MDD_pooled	relative_ct	parcel	lh_V3		-0.0043692	-0.40472	0.68569	8596
PRSCS_MDD_pooled	relative_ct	parcel	lh_V3A		0.0091317	0.84589	0.39764	8596
PRSCS_MDD_pooled	relative_ct	parcel	lh_V3B		0.022242	2.0608	0.039357	8596
PRSCS_MDD_pooled	relative_ct	parcel	lh_V3CD		0.025425	2.3559	0.018502	8596
PRSCS_MDD_pooled	relative_ct	parcel	lh_V4		0.015982	1.4806	0.13876	8596
PRSCS_MDD_pooled	relative_ct	parcel	lh_V4t		0.012155	1.126	0.26021	8596
PRSCS_MDD_pooled	relative_ct	parcel	lh_V6		0.015341	1.4212	0.15531	8596
PRSCS_MDD_pooled	relative_ct	parcel	lh_V6A		0.0047199	0.43721	0.66197	8596
PRSCS_MDD_pooled	relative_ct	parcel	lh_V7		0.015319	1.4191	0.1559	8596
PRSCS_MDD_pooled	relative_ct	parcel	lh_V8		0.0077351	0.71651	0.4737	8596
PRSCS_MDD_pooled	relative_ct	parcel	lh_VIP		0.010934	1.0129	0.31114	8596
PRSCS_MDD_pooled	relative_ct	parcel	lh_VMV1		0.027788	2.5749	0.010042	8596
PRSCS_MDD_pooled	relative_ct	parcel	lh_VMV2		0.0027421	0.254	0.7995	8596
PRSCS_MDD_pooled	relative_ct	parcel	lh_VMV3		0.0023977	0.22209	0.82425	8596
PRSCS_MDD_pooled	relative_ct	parcel	lh_VVC		0.0086203	0.79851	0.42459	8596
PRSCS_MDD_pooled	relative_ct	parcel	lh_a10p		-0.0022911	-0.21222	0.83194	8596
PRSCS_MDD_pooled	relative_ct	parcel	lh_a24		0.017016	1.5764	0.11498	8596
PRSCS_MDD_pooled	relative_ct	parcel	lh_a24pr		0.014486	1.3419	0.17965	8596
PRSCS_MDD_pooled	relative_ct	parcel	lh_a32pr		0.0032652	0.30245	0.76232	8596
PRSCS_MDD_pooled	relative_ct	parcel	lh_a47r		0.0077129	0.71445	0.47497	8596
PRSCS_MDD_pooled	relative_ct	parcel	lh_a9-46v		0.0051224	0.47449	0.63516	8596
PRSCS_MDD_pooled	relative_ct	parcel	lh_d23ab		0.0082131	0.76079	0.4468	8596
PRSCS_MDD_pooled	relative_ct	parcel	lh_d32		0.0024644	0.22828	0.81944	8596
PRSCS_MDD_pooled	relative_ct	parcel	lh_i6-8		4.4371e-05	0.00411	0.99672	8596
PRSCS_MDD_pooled	relative_ct	parcel	lh_p10p		0.00068424	0.06338	0.94947	8596
PRSCS_MDD_pooled	relative_ct	parcel	lh_p24		0.012143	1.1249	0.26066	8596
PRSCS_MDD_pooled	relative_ct	parcel	lh_p24pr		0.021601	2.0013	0.045389	8596
PRSCS_MDD_pooled	relative_ct	parcel	lh_p32		-0.0001614	-0.01495	0.98807	8596
PRSCS_MDD_pooled	relative_ct	parcel	lh_p32pr		0.019787	1.8332	0.066812	8596
PRSCS_MDD_pooled	relative_ct	parcel	lh_p47r		-0.012072	-1.1183	0.26346	8596
PRSCS_MDD_pooled	relative_ct	parcel	lh_p9-46v		-0.0044307	-0.41041	0.68152	8596
PRSCS_MDD_pooled	relative_ct	parcel	lh_pOFC		-0.0033544	-0.31071	0.75603	8596
PRSCS_MDD_pooled	relative_ct	parcel	lh_s32		-0.0077808	-0.72074	0.47109	8596
PRSCS_MDD_pooled	relative_ct	parcel	lh_s6-8		-0.0055947	-0.51823	0.60431	8596
PRSCS_MDD_pooled	relative_ct	parcel	lh_v23ab		0.012835	1.189	0.23447	8596
PRSCS_MDD_eur	absolute	cortex	1	Primary_Visual	-0.017175	-1.1256	0.26039	4308
PRSCS_MDD_eur	absolute	cortex	2	Early_Visual	-0.0053723	-0.35205	0.72482	4308
PRSCS_MDD_eur	absolute	cortex	3	Dorsal_Stream_Visual	0.0076081	0.49856	0.61811	4308
PRSCS_MDD_eur	absolute	cortex	4	Ventral_Stream_Visual	0.0045179	0.29605	0.7672	4308
PRSCS_MDD_eur	absolute	cortex	5	MT+_Complex_and_Neighboring_Visual_Areas	0.0082386	0.53988	0.58931	4308
PRSCS_MDD_eur	absolute	cortex	6	Somatosensory_and_Motor	0.028591	1.8743	0.060953	4308
PRSCS_MDD_eur	absolute	cortex	7	Paracentral_Lobular_and_Mid_Cingulate	0.011309	0.74108	0.45868	4308
PRSCS_MDD_eur	absolute	cortex	8	Premotor	-0.01514	-0.99223	0.32114	4308
PRSCS_MDD_eur	absolute	cortex	9	Posterior_Opercular	0.037261	2.4434	0.014591	4308
PRSCS_MDD_eur	absolute	cortex	10	Early_Auditory	0.031096	2.0387	0.041545	4308
PRSCS_MDD_eur	absolute	cortex	11	Auditory_Association	0.017167	1.1251	0.26061	4308
PRSCS_MDD_eur	absolute	cortex	12	Insular_and_Frontal_Opercular	0.003775	0.24737	0.80463	4308
PRSCS_MDD_eur	absolute	cortex	13	Medial_Temporal	-0.013656	-0.89493	0.37087	4308
PRSCS_MDD_eur	absolute	cortex	14	Lateral_Temporal	-0.016752	-1.0979	0.27232	4308
PRSCS_MDD_eur	absolute	cortex	15	Temporo-Parieto_Occipital_Junction	-0.011527	-0.75538	0.45006	4308
PRSCS_MDD_eur	absolute	cortex	16	Superior_Parietal	0.0052279	0.34258	0.73193	4308
PRSCS_MDD_eur	absolute	cortex	17	Inferior_Parietal	0.0037918	0.24847	0.80378	4308
PRSCS_MDD_eur	absolute	cortex	18	Posterior_Cingulate	0.026503	1.7373	0.082401	4308
PRSCS_MDD_eur	absolute	cortex	19	Anterior_Cingulate_and_Medial_Prefrontal	0.011005	0.72116	0.47085	4308
PRSCS_MDD_eur	absolute	cortex	20	Orbital_and_Polar_Frontal	-0.0064465	-0.42244	0.67273	4308
PRSCS_MDD_eur	absolute	cortex	21	Inferior_Frontal	-0.0031379	-0.20562	0.8371	4308
PRSCS_MDD_eur	absolute	cortex	22	Dorsolateral_Prefrontal	-0.0030387	-0.19912	0.84218	4308
PRSCS_MDD_eur	absolute	parcel	lh_1		0.012235	0.80181	0.42271	4308
PRSCS_MDD_eur	absolute	parcel	lh_10d		-0.0021753	-0.14255	0.88665	4308
PRSCS_MDD_eur	absolute	parcel	lh_10pp		0.0046935	0.30756	0.75843	4308
PRSCS_MDD_eur	absolute	parcel	lh_10r		0.022582	1.4801	0.13891	4308
PRSCS_MDD_eur	absolute	parcel	lh_10v		0.00074654	0.04892	0.96099	4308
PRSCS_MDD_eur	absolute	parcel	lh_11l		-0.0058278	-0.38189	0.70256	4308
PRSCS_MDD_eur	absolute	parcel	lh_13l		-0.015659	-1.0262	0.30485	4308
PRSCS_MDD_eur	absolute	parcel	lh_2		0.042712	2.8014	0.0051102	4308
PRSCS_MDD_eur	absolute	parcel	lh_23c		0.010021	0.65667	0.51143	4308
PRSCS_MDD_eur	absolute	parcel	lh_23d		0.016909	1.1082	0.26786	4308
PRSCS_MDD_eur	absolute	parcel	lh_24dd		0.029218	1.9155	0.0555	4308
PRSCS_MDD_eur	absolute	parcel	lh_24dv		0.0021902	0.14352	0.88588	4308
PRSCS_MDD_eur	absolute	parcel	lh_25		0.015313	1.0035	0.31566	4308
PRSCS_MDD_eur	absolute	parcel	lh_31a		0.006568	0.4304	0.66693	4308
PRSCS_MDD_eur	absolute	parcel	lh_31pd		0.014662	0.96088	0.33667	4308
PRSCS_MDD_eur	absolute	parcel	lh_31pv		0.025758	1.6884	0.091399	4308
PRSCS_MDD_eur	absolute	parcel	lh_33pr		0.014027	0.91929	0.35799	4308
PRSCS_MDD_eur	absolute	parcel	lh_3a		0.015117	0.99074	0.32187	4308
PRSCS_MDD_eur	absolute	parcel	lh_3b		0.015041	0.9857	0.32434	4308
PRSCS_MDD_eur	absolute	parcel	lh_4		0.01799	1.1791	0.23844	4308
PRSCS_MDD_eur	absolute	parcel	lh_43		-0.003725	-0.2441	0.80717	4308
PRSCS_MDD_eur	absolute	parcel	lh_44		-0.016031	-1.0506	0.29349	4308
PRSCS_MDD_eur	absolute	parcel	lh_45		0.0025348	0.1661	0.86808	4308
PRSCS_MDD_eur	absolute	parcel	lh_46		0.011344	0.74341	0.45728	4308
PRSCS_MDD_eur	absolute	parcel	lh_47l		0.0026924	0.17643	0.85997	4308
PRSCS_MDD_eur	absolute	parcel	lh_47m		0.0024155	0.15829	0.87424	4308
PRSCS_MDD_eur	absolute	parcel	lh_47s		-0.013756	-0.90148	0.36738	4308
PRSCS_MDD_eur	absolute	parcel	lh_52		0.022481	1.4735	0.14069	4308
PRSCS_MDD_eur	absolute	parcel	lh_55b		-0.02741	-1.7968	0.072431	4308
PRSCS_MDD_eur	absolute	parcel	lh_5L		-0.0081855	-0.5364	0.59171	4308
PRSCS_MDD_eur	absolute	parcel	lh_5m		0.0023027	0.1509	0.88006	4308
PRSCS_MDD_eur	absolute	parcel	lh_5mv		0.024317	1.5939	0.11103	4308
PRSCS_MDD_eur	absolute	parcel	lh_6a		0.0019574	0.12826	0.89795	4308
PRSCS_MDD_eur	absolute	parcel	lh_6d		-0.018487	-1.2116	0.22572	4308
PRSCS_MDD_eur	absolute	parcel	lh_6ma		-0.022795	-1.4941	0.13521	4308
PRSCS_MDD_eur	absolute	parcel	lh_6mp		-0.0024472	-0.16036	0.8726	4308
PRSCS_MDD_eur	absolute	parcel	lh_6r		-0.018236	-1.1952	0.23209	4308
PRSCS_MDD_eur	absolute	parcel	lh_6v		-0.0064343	-0.42164	0.67331	4308
PRSCS_MDD_eur	absolute	parcel	lh_7AL		-0.014739	-0.96591	0.33414	4308
PRSCS_MDD_eur	absolute	parcel	lh_7Am		-0.0039174	-0.25671	0.79742	4308
PRSCS_MDD_eur	absolute	parcel	lh_7PC		-0.0047822	-0.31337	0.75401	4308
PRSCS_MDD_eur	absolute	parcel	lh_7PL		0.022308	1.4622	0.14377	4308
PRSCS_MDD_eur	absolute	parcel	lh_7Pm		0.0087665	0.57448	0.56568	4308
PRSCS_MDD_eur	absolute	parcel	lh_7m		0.0081742	0.53566	0.59222	4308
PRSCS_MDD_eur	absolute	parcel	lh_8Ad		0.00093069	0.060987	0.95137	4308
PRSCS_MDD_eur	absolute	parcel	lh_8Av		-0.029331	-1.9229	0.054564	4308
PRSCS_MDD_eur	absolute	parcel	lh_8BL		-0.003995	-0.26179	0.7935	4308
PRSCS_MDD_eur	absolute	parcel	lh_8BM		-0.008279	-0.54253	0.58748	4308
PRSCS_MDD_eur	absolute	parcel	lh_8C		-0.0034841	-0.22831	0.81942	4308
PRSCS_MDD_eur	absolute	parcel	lh_9-46d		0.0091469	0.59941	0.54893	4308
PRSCS_MDD_eur	absolute	parcel	lh_9a		0.0028001	0.18349	0.85442	4308
PRSCS_MDD_eur	absolute	parcel	lh_9m		0.017115	1.1217	0.26206	4308
PRSCS_MDD_eur	absolute	parcel	lh_9p		-0.0038082	-0.24955	0.80295	4308
PRSCS_MDD_eur	absolute	parcel	lh_A1		0.02347	1.5384	0.12403	4308
PRSCS_MDD_eur	absolute	parcel	lh_A4		0.015687	1.0281	0.30398	4308
PRSCS_MDD_eur	absolute	parcel	lh_A5		0.012779	0.83743	0.4024	4308
PRSCS_MDD_eur	absolute	parcel	lh_AAIC		-0.0063477	-0.41596	0.67746	4308
PRSCS_MDD_eur	absolute	parcel	lh_AIP		0.022877	1.4995	0.13382	4308
PRSCS_MDD_eur	absolute	parcel	lh_AVI		0.036269	2.3782	0.017439	4308
PRSCS_MDD_eur	absolute	parcel	lh_DVT		0.015988	1.0478	0.29479	4308
PRSCS_MDD_eur	absolute	parcel	lh_EC		-0.004946	-0.32411	0.74587	4308
PRSCS_MDD_eur	absolute	parcel	lh_FEF		0.0090031	0.58999	0.55523	4308
PRSCS_MDD_eur	absolute	parcel	lh_FFC		0.011576	0.75861	0.44813	4308
PRSCS_MDD_eur	absolute	parcel	lh_FOP1		0.021849	1.4321	0.1522	4308
PRSCS_MDD_eur	absolute	parcel	lh_FOP2		0.023171	1.5188	0.12889	4308
PRSCS_MDD_eur	absolute	parcel	lh_FOP3		0.0081935	0.53692	0.59135	4308
PRSCS_MDD_eur	absolute	parcel	lh_FOP4		0.0030912	0.20257	0.83948	4308
PRSCS_MDD_eur	absolute	parcel	lh_FOP5		0.028033	1.8377	0.066182	4308
PRSCS_MDD_eur	absolute	parcel	lh_FST		0.021652	1.4192	0.15592	4308
PRSCS_MDD_eur	absolute	parcel	lh_IFJa		0.010343	0.67777	0.49795	4308
PRSCS_MDD_eur	absolute	parcel	lh_IFJp		-0.027673	-1.8141	0.069732	4308
PRSCS_MDD_eur	absolute	parcel	lh_IFSa		0.0096123	0.62991	0.52879	4308
PRSCS_MDD_eur	absolute	parcel	lh_IFSp		-0.0083172	-0.54503	0.58576	4308
PRSCS_MDD_eur	absolute	parcel	lh_IP0		0.013732	0.89994	0.3682	4308
PRSCS_MDD_eur	absolute	parcel	lh_IP1		0.017204	1.1275	0.2596	4308
PRSCS_MDD_eur	absolute	parcel	lh_IP2		0.0068264	0.44734	0.65465	4308
PRSCS_MDD_eur	absolute	parcel	lh_IPS1		0.018584	1.218	0.22329	4308
PRSCS_MDD_eur	absolute	parcel	lh_Ig		-0.0026846	-0.17592	0.86037	4308
PRSCS_MDD_eur	absolute	parcel	lh_LBelt		0.00061692	0.040426	0.96776	4308
PRSCS_MDD_eur	absolute	parcel	lh_LIPd		0.0044433	0.29117	0.77094	4308
PRSCS_MDD_eur	absolute	parcel	lh_LIPv		0.0029869	0.19573	0.84483	4308
PRSCS_MDD_eur	absolute	parcel	lh_LO1		-0.003905	-0.25589	0.79805	4308
PRSCS_MDD_eur	absolute	parcel	lh_LO2		0.0048217	0.31596	0.75205	4308
PRSCS_MDD_eur	absolute	parcel	lh_LO3		0.012234	0.80173	0.42275	4308
PRSCS_MDD_eur	absolute	parcel	lh_MBelt		0.020302	1.3306	0.18338	4308
PRSCS_MDD_eur	absolute	parcel	lh_MI		0.029299	1.9207	0.05483	4308
PRSCS_MDD_eur	absolute	parcel	lh_MIP		0.015006	0.9834	0.32547	4308
PRSCS_MDD_eur	absolute	parcel	lh_MST		0.012721	0.83364	0.40453	4308
PRSCS_MDD_eur	absolute	parcel	lh_MT		-0.0035159	-0.2304	0.81779	4308
PRSCS_MDD_eur	absolute	parcel	lh_OFC		0.0017099	0.11205	0.91079	4308
PRSCS_MDD_eur	absolute	parcel	lh_OP1		0.042271	2.7724	0.0055882	4308
PRSCS_MDD_eur	absolute	parcel	lh_OP2-3		0.042608	2.7946	0.0052198	4308
PRSCS_MDD_eur	absolute	parcel	lh_OP4		0.014877	0.97497	0.32963	4308
PRSCS_MDD_eur	absolute	parcel	lh_PBelt		0.027568	1.8072	0.070802	4308
PRSCS_MDD_eur	absolute	parcel	lh_PCV		0.020614	1.3511	0.17674	4308
PRSCS_MDD_eur	absolute	parcel	lh_PEF		-0.0061969	-0.40608	0.6847	4308
PRSCS_MDD_eur	absolute	parcel	lh_PF		-0.0097725	-0.64041	0.52194	4308
PRSCS_MDD_eur	absolute	parcel	lh_PFcm		0.013599	0.89121	0.37286	4308
PRSCS_MDD_eur	absolute	parcel	lh_PFm		-0.0024995	-0.16379	0.86991	4308
PRSCS_MDD_eur	absolute	parcel	lh_PFop		0.011905	0.78021	0.43531	4308
PRSCS_MDD_eur	absolute	parcel	lh_PFt		0.011376	0.74547	0.45603	4308
PRSCS_MDD_eur	absolute	parcel	lh_PGi		-0.013632	-0.89336	0.37171	4308
PRSCS_MDD_eur	absolute	parcel	lh_PGp		-0.0063382	-0.41534	0.67791	4308
PRSCS_MDD_eur	absolute	parcel	lh_PGs		0.013424	0.87973	0.37905	4308
PRSCS_MDD_eur	absolute	parcel	lh_PH		-0.0010032	-0.065737	0.94759	4308
PRSCS_MDD_eur	absolute	parcel	lh_PHA1		0.0097486	0.63884	0.52296	4308
PRSCS_MDD_eur	absolute	parcel	lh_PHA2		-0.012594	-0.82532	0.40923	4308
PRSCS_MDD_eur	absolute	parcel	lh_PHA3		0.029486	1.933	0.053301	4308
PRSCS_MDD_eur	absolute	parcel	lh_PHT		-0.023016	-1.5086	0.13148	4308
PRSCS_MDD_eur	absolute	parcel	lh_PI		0.012694	0.83192	0.4055	4308
PRSCS_MDD_eur	absolute	parcel	lh_PIT		0.0030253	0.19824	0.84286	4308
PRSCS_MDD_eur	absolute	parcel	lh_POS1		0.01203	0.78834	0.43054	4308
PRSCS_MDD_eur	absolute	parcel	lh_POS2		0.0090478	0.59292	0.55327	4308
PRSCS_MDD_eur	absolute	parcel	lh_PSL		-0.0049462	-0.32412	0.74586	4308
PRSCS_MDD_eur	absolute	parcel	lh_PeEc		-0.02216	-1.4525	0.14643	4308
PRSCS_MDD_eur	absolute	parcel	lh_Pir		-0.029052	-1.9045	0.05691	4308
PRSCS_MDD_eur	absolute	parcel	lh_PoI1		-0.00055582	-0.036422	0.97095	4308
PRSCS_MDD_eur	absolute	parcel	lh_PoI2		0.0027891	0.18277	0.85499	4308
PRSCS_MDD_eur	absolute	parcel	lh_PreS		-0.020906	-1.3702	0.17069	4308
PRSCS_MDD_eur	absolute	parcel	lh_ProS		0.022637	1.4838	0.13794	4308
PRSCS_MDD_eur	absolute	parcel	lh_RI		0.036016	2.3616	0.01824	4308
PRSCS_MDD_eur	absolute	parcel	lh_RSC		0.017775	1.1649	0.2441	4308
PRSCS_MDD_eur	absolute	parcel	lh_SCEF		0.037758	2.476	0.013326	4308
PRSCS_MDD_eur	absolute	parcel	lh_SFL		0.0039877	0.26131	0.79387	4308
PRSCS_MDD_eur	absolute	parcel	lh_STGa		0.0015819	0.10366	0.91744	4308
PRSCS_MDD_eur	absolute	parcel	lh_STSda		0.013418	0.87932	0.37927	4308
PRSCS_MDD_eur	absolute	parcel	lh_STSdp		0.0029132	0.1909	0.84861	4308
PRSCS_MDD_eur	absolute	parcel	lh_STSva		0.038613	2.5322	0.011371	4308
PRSCS_MDD_eur	absolute	parcel	lh_STSvp		-0.0038828	-0.25444	0.79917	4308
PRSCS_MDD_eur	absolute	parcel	lh_STV		-0.016786	-1.1001	0.27135	4308
PRSCS_MDD_eur	absolute	parcel	lh_TA2		0.016135	1.0575	0.29036	4308
PRSCS_MDD_eur	absolute	parcel	lh_TE1a		-0.00096949	-0.06353	0.94935	4308
PRSCS_MDD_eur	absolute	parcel	lh_TE1m		-0.0068443	-0.44851	0.65381	4308
PRSCS_MDD_eur	absolute	parcel	lh_TE1p		-0.037124	-2.4344	0.014958	4308
PRSCS_MDD_eur	absolute	parcel	lh_TE2a		-0.02377	-1.558	0.1193	4308
PRSCS_MDD_eur	absolute	parcel	lh_TE2p		0.0011753	0.077013	0.93862	4308
PRSCS_MDD_eur	absolute	parcel	lh_TF		-0.011474	-0.7519	0.45215	4308
PRSCS_MDD_eur	absolute	parcel	lh_TGd		0.018178	1.1914	0.23357	4308
PRSCS_MDD_eur	absolute	parcel	lh_TGv		0.014318	0.93833	0.34813	4308
PRSCS_MDD_eur	absolute	parcel	lh_TPOJ1		-0.0080251	-0.52589	0.59899	4308
PRSCS_MDD_eur	absolute	parcel	lh_TPOJ2		-0.010008	-0.65586	0.51195	4308
PRSCS_MDD_eur	absolute	parcel	lh_TPOJ3		0.0029184	0.19124	0.84835	4308
PRSCS_MDD_eur	absolute	parcel	lh_V1		-0.017175	-1.1256	0.26039	4308
PRSCS_MDD_eur	absolute	parcel	lh_V2		-0.0027005	-0.17696	0.85955	4308
PRSCS_MDD_eur	absolute	parcel	lh_V3		-0.017556	-1.1506	0.24996	4308
PRSCS_MDD_eur	absolute	parcel	lh_V3A		-0.00056915	-0.037296	0.97025	4308
PRSCS_MDD_eur	absolute	parcel	lh_V3B		0.020255	1.3276	0.18439	4308
PRSCS_MDD_eur	absolute	parcel	lh_V3CD		0.0037635	0.24662	0.80521	4308
PRSCS_MDD_eur	absolute	parcel	lh_V4		0.0047146	0.30895	0.75738	4308
PRSCS_MDD_eur	absolute	parcel	lh_V4t		-0.00016945	-0.011104	0.99114	4308
PRSCS_MDD_eur	absolute	parcel	lh_V6		0.018862	1.2362	0.21643	4308
PRSCS_MDD_eur	absolute	parcel	lh_V6A		-0.016706	-1.0949	0.27363	4308
PRSCS_MDD_eur	absolute	parcel	lh_V7		0.012473	0.81743	0.41373	4308
PRSCS_MDD_eur	absolute	parcel	lh_V8		-0.0034238	-0.22436	0.82249	4308
PRSCS_MDD_eur	absolute	parcel	lh_VIP		-0.0055321	-0.36252	0.71698	4308
PRSCS_MDD_eur	absolute	parcel	lh_VMV1		0.01209	0.79229	0.42824	4308
PRSCS_MDD_eur	absolute	parcel	lh_VMV2		-0.007537	-0.4939	0.6214	4308
PRSCS_MDD_eur	absolute	parcel	lh_VMV3		-0.0037008	-0.24251	0.8084	4308
PRSCS_MDD_eur	absolute	parcel	lh_VVC		0.00094125	0.061679	0.95082	4308
PRSCS_MDD_eur	absolute	parcel	lh_a10p		-0.010763	-0.70533	0.48064	4308
PRSCS_MDD_eur	absolute	parcel	lh_a24		0.0096215	0.63051	0.52839	4308
PRSCS_MDD_eur	absolute	parcel	lh_a24pr		0.015226	0.99787	0.3184	4308
PRSCS_MDD_eur	absolute	parcel	lh_a32pr		-0.01465	-0.96012	0.33705	4308
PRSCS_MDD_eur	absolute	parcel	lh_a47r		0.012136	0.79533	0.42647	4308
PRSCS_MDD_eur	absolute	parcel	lh_a9-46v		0.0013762	0.090182	0.92815	4308
PRSCS_MDD_eur	absolute	parcel	lh_d23ab		0.0079852	0.52328	0.60081	4308
PRSCS_MDD_eur	absolute	parcel	lh_d32		-0.011835	-0.7756	0.43803	4308
PRSCS_MDD_eur	absolute	parcel	lh_i6-8		0.00084813	0.055577	0.95568	4308
PRSCS_MDD_eur	absolute	parcel	lh_p10p		-0.00683	-0.44757	0.65449	4308
PRSCS_MDD_eur	absolute	parcel	lh_p24		0.0022393	0.14674	0.88335	4308
PRSCS_MDD_eur	absolute	parcel	lh_p24pr		0.027612	1.8101	0.07035	4308
PRSCS_MDD_eur	absolute	parcel	lh_p32		-0.017271	-1.1319	0.25775	4308
PRSCS_MDD_eur	absolute	parcel	lh_p32pr		0.014603	0.95703	0.33861	4308
PRSCS_MDD_eur	absolute	parcel	lh_p47r		-0.0077948	-0.5108	0.60952	4308
PRSCS_MDD_eur	absolute	parcel	lh_p9-46v		-0.011613	-0.76107	0.44666	4308
PRSCS_MDD_eur	absolute	parcel	lh_pOFC		-0.017414	-1.1413	0.25382	4308
PRSCS_MDD_eur	absolute	parcel	lh_s32		-0.00085442	-0.055989	0.95535	4308
PRSCS_MDD_eur	absolute	parcel	lh_s6-8		-0.0092342	-0.60513	0.54513	4308
PRSCS_MDD_eur	absolute	parcel	lh_v23ab		0.0052471	0.34384	0.73098	4308
PRSCS_MDD_eur	relative	cortex	1	Primary_Visual	-0.020379	-1.3355	0.18178	4308
PRSCS_MDD_eur	relative	cortex	2	Early_Visual	-0.013704	-0.89798	0.36925	4308
PRSCS_MDD_eur	relative	cortex	3	Dorsal_Stream_Visual	0.0021017	0.1377	0.89048	4308
PRSCS_MDD_eur	relative	cortex	4	Ventral_Stream_Visual	-0.001877	-0.12299	0.90212	4308
PRSCS_MDD_eur	relative	cortex	5	MT+_Complex_and_Neighboring_Visual_Areas	0.001952	0.1279	0.89824	4308
PRSCS_MDD_eur	relative	cortex	6	Somatosensory_and_Motor	0.027415	1.797	0.072413	4308
PRSCS_MDD_eur	relative	cortex	7	Paracentral_Lobular_and_Mid_Cingulate	0.0064156	0.42036	0.67424	4308
PRSCS_MDD_eur	relative	cortex	8	Premotor	-0.025839	-1.6935	0.090425	4308
PRSCS_MDD_eur	relative	cortex	9	Posterior_Opercular	0.038517	2.5256	0.011587	4308
PRSCS_MDD_eur	relative	cortex	10	Early_Auditory	0.032745	2.1466	0.031879	4308
PRSCS_MDD_eur	relative	cortex	11	Auditory_Association	0.014665	0.96097	0.33662	4308
PRSCS_MDD_eur	relative	cortex	12	Insular_and_Frontal_Opercular	-0.00025992	-0.01703	0.98641	4308
PRSCS_MDD_eur	relative	cortex	13	Medial_Temporal	-0.019121	-1.253	0.21026	4308
PRSCS_MDD_eur	relative	cortex	14	Lateral_Temporal	-0.030863	-2.0232	0.043119	4308
PRSCS_MDD_eur	relative	cortex	15	Temporo-Parieto_Occipital_Junction	-0.02447	-1.6038	0.10884	4308
PRSCS_MDD_eur	relative	cortex	16	Superior_Parietal	-0.001458	-0.095527	0.9239	4308
PRSCS_MDD_eur	relative	cortex	17	Inferior_Parietal	-0.0053288	-0.34915	0.72699	4308
PRSCS_MDD_eur	relative	cortex	18	Posterior_Cingulate	0.029322	1.922	0.054668	4308
PRSCS_MDD_eur	relative	cortex	19	Anterior_Cingulate_and_Medial_Prefrontal	0.0064565	0.42305	0.67228	4308
PRSCS_MDD_eur	relative	cortex	20	Orbital_and_Polar_Frontal	-0.015663	-1.0264	0.30477	4308
PRSCS_MDD_eur	relative	cortex	21	Inferior_Frontal	-0.01424	-0.9331	0.35082	4308
PRSCS_MDD_eur	relative	cortex	22	Dorsolateral_Prefrontal	-0.014112	-0.92475	0.35515	4308
PRSCS_MDD_eur	relative	parcel	lh_1		0.0086609	0.56749	0.57041	4308
PRSCS_MDD_eur	relative	parcel	lh_10d		-0.0066552	-0.43607	0.66281	4308
PRSCS_MDD_eur	relative	parcel	lh_10pp		0.0015374	0.10073	0.91977	4308
PRSCS_MDD_eur	relative	parcel	lh_10r		0.020615	1.351	0.17677	4308
PRSCS_MDD_eur	relative	parcel	lh_10v		-0.0027754	-0.18185	0.85571	4308
PRSCS_MDD_eur	relative	parcel	lh_11l		-0.010377	-0.67994	0.49658	4308
PRSCS_MDD_eur	relative	parcel	lh_13l		-0.020605	-1.3503	0.17698	4308
PRSCS_MDD_eur	relative	parcel	lh_2		0.04429	2.9047	0.0036943	4308
PRSCS_MDD_eur	relative	parcel	lh_23c		0.0062802	0.41149	0.68073	4308
PRSCS_MDD_eur	relative	parcel	lh_23d		0.014837	0.97226	0.33098	4308
PRSCS_MDD_eur	relative	parcel	lh_24dd		0.02813	1.8438	0.065281	4308
PRSCS_MDD_eur	relative	parcel	lh_24dv		-0.0016956	-0.1111	0.91155	4308
PRSCS_MDD_eur	relative	parcel	lh_25		0.014037	0.9198	0.35773	4308
PRSCS_MDD_eur	relative	parcel	lh_31a		0.0034422	0.22553	0.82157	4308
PRSCS_MDD_eur	relative	parcel	lh_31pd		0.011591	0.75952	0.44758	4308
PRSCS_MDD_eur	relative	parcel	lh_31pv		0.024053	1.5765	0.11499	4308
PRSCS_MDD_eur	relative	parcel	lh_33pr		0.013265	0.86922	0.38478	4308
PRSCS_MDD_eur	relative	parcel	lh_3a		0.012828	0.84056	0.40064	4308
PRSCS_MDD_eur	relative	parcel	lh_3b		0.01297	0.84985	0.39546	4308
PRSCS_MDD_eur	relative	parcel	lh_4		0.017473	1.1451	0.25225	4308
PRSCS_MDD_eur	relative	parcel	lh_43		-0.0082915	-0.54329	0.58696	4308
PRSCS_MDD_eur	relative	parcel	lh_44		-0.022642	-1.4839	0.13791	4308
PRSCS_MDD_eur	relative	parcel	lh_45		-0.0025429	-0.16661	0.86768	4308
PRSCS_MDD_eur	relative	parcel	lh_46		0.0072512	0.47512	0.63473	4308
PRSCS_MDD_eur	relative	parcel	lh_47l		-0.001781	-0.11669	0.90711	4308
PRSCS_MDD_eur	relative	parcel	lh_47m		-0.0012676	-0.083056	0.93381	4308
PRSCS_MDD_eur	relative	parcel	lh_47s		-0.018098	-1.186	0.2357	4308
PRSCS_MDD_eur	relative	parcel	lh_52		0.020531	1.3455	0.17853	4308
PRSCS_MDD_eur	relative	parcel	lh_55b		-0.033806	-2.2163	0.026724	4308
PRSCS_MDD_eur	relative	parcel	lh_5L		-0.013814	-0.90522	0.3654	4308
PRSCS_MDD_eur	relative	parcel	lh_5m		-0.0024937	-0.16339	0.87022	4308
PRSCS_MDD_eur	relative	parcel	lh_5mv		0.022566	1.4789	0.13924	4308
PRSCS_MDD_eur	relative	parcel	lh_6a		-0.0030912	-0.20254	0.8395	4308
PRSCS_MDD_eur	relative	parcel	lh_6d		-0.024462	-1.6033	0.10895	4308
PRSCS_MDD_eur	relative	parcel	lh_6ma		-0.029576	-1.9387	0.052601	4308
PRSCS_MDD_eur	relative	parcel	lh_6mp		-0.0075569	-0.49515	0.62052	4308
PRSCS_MDD_eur	relative	parcel	lh_6r		-0.026245	-1.7202	0.085471	4308
PRSCS_MDD_eur	relative	parcel	lh_6v		-0.011158	-0.73112	0.46474	4308
PRSCS_MDD_eur	relative	parcel	lh_7AL		-0.020387	-1.3361	0.1816	4308
PRSCS_MDD_eur	relative	parcel	lh_7Am		-0.0089958	-0.58943	0.5556	4308
PRSCS_MDD_eur	relative	parcel	lh_7PC		-0.010074	-0.66012	0.50921	4308
PRSCS_MDD_eur	relative	parcel	lh_7PL		0.020208	1.3243	0.18547	4308
PRSCS_MDD_eur	relative	parcel	lh_7Pm		0.0055691	0.3649	0.7152	4308
PRSCS_MDD_eur	relative	parcel	lh_7m		0.0040754	0.26703	0.78946	4308
PRSCS_MDD_eur	relative	parcel	lh_8Ad		-0.0047239	-0.30952	0.75694	4308
PRSCS_MDD_eur	relative	parcel	lh_8Av		-0.034889	-2.2874	0.022223	4308
PRSCS_MDD_eur	relative	parcel	lh_8BL		-0.009246	-0.60583	0.54466	4308
PRSCS_MDD_eur	relative	parcel	lh_8BM		-0.014563	-0.95431	0.33998	4308
PRSCS_MDD_eur	relative	parcel	lh_8C		-0.010103	-0.66199	0.50802	4308
PRSCS_MDD_eur	relative	parcel	lh_9-46d		0.0048436	0.31736	0.75098	4308
PRSCS_MDD_eur	relative	parcel	lh_9a		-0.0018495	-0.12118	0.90355	4308
PRSCS_MDD_eur	relative	parcel	lh_9m		0.014274	0.93534	0.34967	4308
PRSCS_MDD_eur	relative	parcel	lh_9p		-0.00973	-0.63755	0.5238	4308
PRSCS_MDD_eur	relative	parcel	lh_A1		0.021484	1.4079	0.15922	4308
PRSCS_MDD_eur	relative	parcel	lh_A4		0.01259	0.82495	0.40944	4308
PRSCS_MDD_eur	relative	parcel	lh_A5		0.0092254	0.60449	0.54555	4308
PRSCS_MDD_eur	relative	parcel	lh_AAIC		-0.0075917	-0.49743	0.61891	4308
PRSCS_MDD_eur	relative	parcel	lh_AIP		0.020965	1.3739	0.16953	4308
PRSCS_MDD_eur	relative	parcel	lh_AVI		0.035159	2.3051	0.021208	4308
PRSCS_MDD_eur	relative	parcel	lh_DVT		0.012992	0.85134	0.39463	4308
PRSCS_MDD_eur	relative	parcel	lh_EC		-0.0059734	-0.39139	0.69553	4308
PRSCS_MDD_eur	relative	parcel	lh_FEF		0.0055433	0.36321	0.71647	4308
PRSCS_MDD_eur	relative	parcel	lh_FFC		0.0079246	0.51925	0.60362	4308
PRSCS_MDD_eur	relative	parcel	lh_FOP1		0.019842	1.3004	0.19355	4308
PRSCS_MDD_eur	relative	parcel	lh_FOP2		0.021311	1.3967	0.16259	4308
PRSCS_MDD_eur	relative	parcel	lh_FOP3		0.0058409	0.38271	0.70196	4308
PRSCS_MDD_eur	relative	parcel	lh_FOP4		-0.00044828	-0.029372	0.97657	4308
PRSCS_MDD_eur	relative	parcel	lh_FOP5		0.026437	1.7328	0.083207	4308
PRSCS_MDD_eur	relative	parcel	lh_FST		0.019501	1.2779	0.20134	4308
PRSCS_MDD_eur	relative	parcel	lh_IFJa		0.0070691	0.46319	0.64325	4308
PRSCS_MDD_eur	relative	parcel	lh_IFJp		-0.032477	-2.129	0.033307	4308
PRSCS_MDD_eur	relative	parcel	lh_IFSa		0.0055686	0.36487	0.71523	4308
PRSCS_MDD_eur	relative	parcel	lh_IFSp		-0.015125	-0.99112	0.32168	4308
PRSCS_MDD_eur	relative	parcel	lh_IP0		0.010523	0.68953	0.49053	4308
PRSCS_MDD_eur	relative	parcel	lh_IP1		0.014386	0.9427	0.34589	4308
PRSCS_MDD_eur	relative	parcel	lh_IP2		0.0025854	0.1694	0.86549	4308
PRSCS_MDD_eur	relative	parcel	lh_IPS1		0.016026	1.0502	0.29369	4308
PRSCS_MDD_eur	relative	parcel	lh_Ig		-0.0060674	-0.39755	0.69098	4308
PRSCS_MDD_eur	relative	parcel	lh_LBelt		-0.0034959	-0.22905	0.81884	4308
PRSCS_MDD_eur	relative	parcel	lh_LIPd		0.00044906	0.029423	0.97653	4308
PRSCS_MDD_eur	relative	parcel	lh_LIPv		-0.00091336	-0.059844	0.95228	4308
PRSCS_MDD_eur	relative	parcel	lh_LO1		-0.0090442	-0.59261	0.55347	4308
PRSCS_MDD_eur	relative	parcel	lh_LO2		0.00096607	0.063298	0.94953	4308
PRSCS_MDD_eur	relative	parcel	lh_LO3		0.0089912	0.58914	0.5558	4308
PRSCS_MDD_eur	relative	parcel	lh_MBelt		0.017999	1.1795	0.23825	4308
PRSCS_MDD_eur	relative	parcel	lh_MI		0.027733	1.8178	0.069166	4308
PRSCS_MDD_eur	relative	parcel	lh_MIP		0.011999	0.78627	0.43176	4308
PRSCS_MDD_eur	relative	parcel	lh_MST		0.0095238	0.62404	0.53264	4308
PRSCS_MDD_eur	relative	parcel	lh_MT		-0.0086359	-0.56586	0.57152	4308
PRSCS_MDD_eur	relative	parcel	lh_OFC		-0.00082097	-0.053791	0.9571	4308
PRSCS_MDD_eur	relative	parcel	lh_OP1		0.041497	2.7212	0.0065299	4308
PRSCS_MDD_eur	relative	parcel	lh_OP2-3		0.041706	2.735	0.0062638	4308
PRSCS_MDD_eur	relative	parcel	lh_OP4		0.011759	0.77054	0.44102	4308
PRSCS_MDD_eur	relative	parcel	lh_PBelt		0.026104	1.711	0.08716	4308
PRSCS_MDD_eur	relative	parcel	lh_PCV		0.018339	1.2018	0.2295	4308
PRSCS_MDD_eur	relative	parcel	lh_PEF		-0.010057	-0.65897	0.50995	4308
PRSCS_MDD_eur	relative	parcel	lh_PF		-0.016279	-1.0668	0.28614	4308
PRSCS_MDD_eur	relative	parcel	lh_PFcm		0.010369	0.6794	0.49692	4308
PRSCS_MDD_eur	relative	parcel	lh_PFm		-0.00915	-0.59954	0.54884	4308
PRSCS_MDD_eur	relative	parcel	lh_PFop		0.008934	0.58539	0.55832	4308
PRSCS_MDD_eur	relative	parcel	lh_PFt		0.0080705	0.52881	0.59697	4308
PRSCS_MDD_eur	relative	parcel	lh_PGi		-0.023523	-1.5416	0.12323	4308
PRSCS_MDD_eur	relative	parcel	lh_PGp		-0.01236	-0.80988	0.41805	4308
PRSCS_MDD_eur	relative	parcel	lh_PGs		0.0099592	0.65257	0.51407	4308
PRSCS_MDD_eur	relative	parcel	lh_PH		-0.0066416	-0.43517	0.66346	4308
PRSCS_MDD_eur	relative	parcel	lh_PHA1		0.0082975	0.54368	0.58669	4308
PRSCS_MDD_eur	relative	parcel	lh_PHA2		-0.016063	-1.0526	0.29259	4308
PRSCS_MDD_eur	relative	parcel	lh_PHA3		0.027934	1.831	0.06717	4308
PRSCS_MDD_eur	relative	parcel	lh_PHT		-0.031251	-2.0486	0.04056	4308
PRSCS_MDD_eur	relative	parcel	lh_PI		0.010217	0.66945	0.50324	4308
PRSCS_MDD_eur	relative	parcel	lh_PIT		-0.0010083	-0.066065	0.94733	4308
PRSCS_MDD_eur	relative	parcel	lh_POS1		0.0086085	0.56406	0.57274	4308
PRSCS_MDD_eur	relative	parcel	lh_POS2		0.0045583	0.29867	0.76521	4308
PRSCS_MDD_eur	relative	parcel	lh_PSL		-0.010037	-0.65769	0.51077	4308
PRSCS_MDD_eur	relative	parcel	lh_PeEc		-0.025979	-1.7027	0.088688	4308
PRSCS_MDD_eur	relative	parcel	lh_Pir		-0.030377	-1.9913	0.046517	4308
PRSCS_MDD_eur	relative	parcel	lh_PoI1		-0.0024506	-0.16057	0.87244	4308
PRSCS_MDD_eur	relative	parcel	lh_PoI2		0.00091584	0.060007	0.95215	4308
PRSCS_MDD_eur	relative	parcel	lh_PreS		-0.02134	-1.3985	0.16203	4308
PRSCS_MDD_eur	relative	parcel	lh_ProS		0.020882	1.3685	0.17123	4308
PRSCS_MDD_eur	relative	parcel	lh_RI		0.035323	2.3158	0.020614	4308
PRSCS_MDD_eur	relative	parcel	lh_RSC		0.016507	1.0817	0.27945	4308
PRSCS_MDD_eur	relative	parcel	lh_SCEF		0.037602	2.4655	0.013721	4308
PRSCS_MDD_eur	relative	parcel	lh_SFL		0.00045455	0.029782	0.97624	4308
PRSCS_MDD_eur	relative	parcel	lh_STGa		-0.0021502	-0.14088	0.88797	4308
PRSCS_MDD_eur	relative	parcel	lh_STSda		0.010109	0.66237	0.50777	4308
PRSCS_MDD_eur	relative	parcel	lh_STSdp		-0.0019273	-0.12628	0.89952	4308
PRSCS_MDD_eur	relative	parcel	lh_STSva		0.038226	2.5064	0.012233	4308
PRSCS_MDD_eur	relative	parcel	lh_STSvp		-0.0095817	-0.62783	0.53015	4308
PRSCS_MDD_eur	relative	parcel	lh_STV		-0.023713	-1.5541	0.12023	4308
PRSCS_MDD_eur	relative	parcel	lh_TA2		0.013727	0.89952	0.36843	4308
PRSCS_MDD_eur	relative	parcel	lh_TE1a		-0.0053968	-0.35361	0.72365	4308
PRSCS_MDD_eur	relative	parcel	lh_TE1m		-0.01163	-0.76204	0.44608	4308
PRSCS_MDD_eur	relative	parcel	lh_TE1p		-0.046369	-3.0414	0.0023688	4308
PRSCS_MDD_eur	relative	parcel	lh_TE2a		-0.031983	-2.0967	0.036083	4308
PRSCS_MDD_eur	relative	parcel	lh_TE2p		-0.0028004	-0.18349	0.85442	4308
PRSCS_MDD_eur	relative	parcel	lh_TF		-0.015752	-1.0322	0.30203	4308
PRSCS_MDD_eur	relative	parcel	lh_TGd		0.015966	1.0462	0.29552	4308
PRSCS_MDD_eur	relative	parcel	lh_TGv		0.01182	0.77451	0.43867	4308
PRSCS_MDD_eur	relative	parcel	lh_TPOJ1		-0.015943	-1.0448	0.2962	4308
PRSCS_MDD_eur	relative	parcel	lh_TPOJ2		-0.01731	-1.1343	0.25672	4308
PRSCS_MDD_eur	relative	parcel	lh_TPOJ3		-0.0017127	-0.11222	0.91065	4308
PRSCS_MDD_eur	relative	parcel	lh_V1		-0.020379	-1.3355	0.18178	4308
PRSCS_MDD_eur	relative	parcel	lh_V2		-0.0083542	-0.54739	0.58414	4308
PRSCS_MDD_eur	relative	parcel	lh_V3		-0.024645	-1.6152	0.10633	4308
PRSCS_MDD_eur	relative	parcel	lh_V3A		-0.0060446	-0.39606	0.69208	4308
PRSCS_MDD_eur	relative	parcel	lh_V3B		0.01792	1.1743	0.24034	4308
PRSCS_MDD_eur	relative	parcel	lh_V3CD		-0.00057759	-0.037844	0.96981	4308
PRSCS_MDD_eur	relative	parcel	lh_V4		-0.0010169	-0.066631	0.94688	4308
PRSCS_MDD_eur	relative	parcel	lh_V4t		-0.0042644	-0.27941	0.77994	4308
PRSCS_MDD_eur	relative	parcel	lh_V6		0.016325	1.0698	0.28478	4308
PRSCS_MDD_eur	relative	parcel	lh_V6A		-0.022488	-1.4738	0.14062	4308
PRSCS_MDD_eur	relative	parcel	lh_V7		0.0091356	0.5986	0.54947	4308
PRSCS_MDD_eur	relative	parcel	lh_V8		-0.008453	-0.55387	0.5797	4308
PRSCS_MDD_eur	relative	parcel	lh_VIP		-0.010404	-0.68171	0.49546	4308
PRSCS_MDD_eur	relative	parcel	lh_VMV1		0.0097898	0.64147	0.52125	4308
PRSCS_MDD_eur	relative	parcel	lh_VMV2		-0.011779	-0.77183	0.44026	4308
PRSCS_MDD_eur	relative	parcel	lh_VMV3		-0.008131	-0.53277	0.59422	4308
PRSCS_MDD_eur	relative	parcel	lh_VVC		-0.0022684	-0.14863	0.88186	4308
PRSCS_MDD_eur	relative	parcel	lh_a10p		-0.015762	-1.0329	0.30171	4308
PRSCS_MDD_eur	relative	parcel	lh_a24		0.0069432	0.45494	0.64918	4308
PRSCS_MDD_eur	relative	parcel	lh_a24pr		0.012915	0.84624	0.39746	4308
PRSCS_MDD_eur	relative	parcel	lh_a32pr		-0.019986	-1.3097	0.19035	4308
PRSCS_MDD_eur	relative	parcel	lh_a47r		0.0084448	0.55333	0.58007	4308
PRSCS_MDD_eur	relative	parcel	lh_a9-46v		-0.0037034	-0.24265	0.80829	4308
PRSCS_MDD_eur	relative	parcel	lh_d23ab		0.0049147	0.32202	0.74745	4308
PRSCS_MDD_eur	relative	parcel	lh_d32		-0.017853	-1.17	0.24209	4308
PRSCS_MDD_eur	relative	parcel	lh_i6-8		-0.0035773	-0.23439	0.8147	4308
PRSCS_MDD_eur	relative	parcel	lh_p10p		-0.012135	-0.79518	0.42655	4308
PRSCS_MDD_eur	relative	parcel	lh_p24		-0.00029586	-0.019385	0.98453	4308
PRSCS_MDD_eur	relative	parcel	lh_p24pr		0.025946	1.7006	0.089097	4308
PRSCS_MDD_eur	relative	parcel	lh_p32		-0.0231	-1.5139	0.13011	4308
PRSCS_MDD_eur	relative	parcel	lh_p32pr		0.011622	0.76155	0.44637	4308
PRSCS_MDD_eur	relative	parcel	lh_p47r		-0.013271	-0.86963	0.38455	4308
PRSCS_MDD_eur	relative	parcel	lh_p9-46v		-0.019349	-1.268	0.20487	4308
PRSCS_MDD_eur	relative	parcel	lh_pOFC		-0.01862	-1.2202	0.22244	4308
PRSCS_MDD_eur	relative	parcel	lh_s32		-0.0039127	-0.25637	0.79768	4308
PRSCS_MDD_eur	relative	parcel	lh_s6-8		-0.013973	-0.91559	0.35993	4308
PRSCS_MDD_eur	relative	parcel	lh_v23ab		0.0020715	0.13572	0.89205	4308
PRSCS_MDD_eur	absolute_ct	cortex	1	Primary_Visual	-0.01201	-0.78698	0.43134	4308
PRSCS_MDD_eur	absolute_ct	cortex	2	Early_Visual	0.0027803	0.18217	0.85546	4308
PRSCS_MDD_eur	absolute_ct	cortex	3	Dorsal_Stream_Visual	0.019741	1.2937	0.19585	4308
PRSCS_MDD_eur	absolute_ct	cortex	4	Ventral_Stream_Visual	0.0258	1.691	0.090909	4308
PRSCS_MDD_eur	absolute_ct	cortex	5	MT+_Complex_and_Neighboring_Visual_Areas	0.023405	1.534	0.12511	4308
PRSCS_MDD_eur	absolute_ct	cortex	6	Somatosensory_and_Motor	0.037497	2.4586	0.013987	4308
PRSCS_MDD_eur	absolute_ct	cortex	7	Paracentral_Lobular_and_Mid_Cingulate	0.040631	2.6644	0.0077423	4308
PRSCS_MDD_eur	absolute_ct	cortex	8	Premotor	0.013418	0.87923	0.37933	4308
PRSCS_MDD_eur	absolute_ct	cortex	9	Posterior_Opercular	0.042566	2.7915	0.0052699	4308
PRSCS_MDD_eur	absolute_ct	cortex	10	Early_Auditory	0.035031	2.2967	0.021685	4308
PRSCS_MDD_eur	absolute_ct	cortex	11	Auditory_Association	0.022136	1.4507	0.14693	4308
PRSCS_MDD_eur	absolute_ct	cortex	12	Insular_and_Frontal_Opercular	0.026132	1.7128	0.08683	4308
PRSCS_MDD_eur	absolute_ct	cortex	13	Medial_Temporal	-0.0021479	-0.14073	0.88809	4308
PRSCS_MDD_eur	absolute_ct	cortex	14	Lateral_Temporal	-0.012915	-0.84624	0.39746	4308
PRSCS_MDD_eur	absolute_ct	cortex	15	Temporo-Parieto_Occipital_Junction	0.028832	1.8899	0.05884	4308
PRSCS_MDD_eur	absolute_ct	cortex	16	Superior_Parietal	0.029714	1.9477	0.051511	4308
PRSCS_MDD_eur	absolute_ct	cortex	17	Inferior_Parietal	0.023414	1.5346	0.12497	4308
PRSCS_MDD_eur	absolute_ct	cortex	18	Posterior_Cingulate	0.053096	3.4838	0.00049927	4308
PRSCS_MDD_eur	absolute_ct	cortex	19	Anterior_Cingulate_and_Medial_Prefrontal	0.033886	2.2215	0.026369	4308
PRSCS_MDD_eur	absolute_ct	cortex	20	Orbital_and_Polar_Frontal	0.02123	1.3914	0.16419	4308
PRSCS_MDD_eur	absolute_ct	cortex	21	Inferior_Frontal	0.022812	1.4951	0.13497	4308
PRSCS_MDD_eur	absolute_ct	cortex	22	Dorsolateral_Prefrontal	0.025333	1.6603	0.096917	4308
PRSCS_MDD_eur	absolute_ct	parcel	lh_1		0.0092606	0.60679	0.54402	4308
PRSCS_MDD_eur	absolute_ct	parcel	lh_10d		0.0347	2.275	0.022956	4308
PRSCS_MDD_eur	absolute_ct	parcel	lh_10pp		0.024016	1.574	0.11556	4308
PRSCS_MDD_eur	absolute_ct	parcel	lh_10r		0.00084257	0.055206	0.95598	4308
PRSCS_MDD_eur	absolute_ct	parcel	lh_10v		0.0092043	0.6031	0.54647	4308
PRSCS_MDD_eur	absolute_ct	parcel	lh_11l		0.0090439	0.59259	0.55349	4308
PRSCS_MDD_eur	absolute_ct	parcel	lh_13l		-0.0055997	-0.3669	0.71371	4308
PRSCS_MDD_eur	absolute_ct	parcel	lh_2		0.046052	3.0206	0.0025376	4308
PRSCS_MDD_eur	absolute_ct	parcel	lh_23c		0.03728	2.4443	0.014551	4308
PRSCS_MDD_eur	absolute_ct	parcel	lh_23d		0.028956	1.898	0.05776	4308
PRSCS_MDD_eur	absolute_ct	parcel	lh_24dd		0.033868	2.2204	0.026446	4308
PRSCS_MDD_eur	absolute_ct	parcel	lh_24dv		0.026587	1.7426	0.081476	4308
PRSCS_MDD_eur	absolute_ct	parcel	lh_25		-0.00016299	-0.010679	0.99148	4308
PRSCS_MDD_eur	absolute_ct	parcel	lh_31a		0.04023	2.6381	0.0083684	4308
PRSCS_MDD_eur	absolute_ct	parcel	lh_31pd		0.03372	2.2106	0.027116	4308
PRSCS_MDD_eur	absolute_ct	parcel	lh_31pv		0.053425	3.5055	0.00046046	4308
PRSCS_MDD_eur	absolute_ct	parcel	lh_33pr		0.017387	1.1394	0.2546	4308
PRSCS_MDD_eur	absolute_ct	parcel	lh_3a		0.030073	1.9713	0.048753	4308
PRSCS_MDD_eur	absolute_ct	parcel	lh_3b		0.02367	1.5513	0.1209	4308
PRSCS_MDD_eur	absolute_ct	parcel	lh_4		0.011436	0.74932	0.45371	4308
PRSCS_MDD_eur	absolute_ct	parcel	lh_43		0.0035309	0.23135	0.81705	4308
PRSCS_MDD_eur	absolute_ct	parcel	lh_44		0.0048223	0.31597	0.75204	4308
PRSCS_MDD_eur	absolute_ct	parcel	lh_45		0.020555	1.347	0.17804	4308
PRSCS_MDD_eur	absolute_ct	parcel	lh_46		0.027365	1.7937	0.072936	4308
PRSCS_MDD_eur	absolute_ct	parcel	lh_47l		0.013694	0.89734	0.36959	4308
PRSCS_MDD_eur	absolute_ct	parcel	lh_47m		0.014152	0.92735	0.35379	4308
PRSCS_MDD_eur	absolute_ct	parcel	lh_47s		-0.0060667	-0.3975	0.69102	4308
PRSCS_MDD_eur	absolute_ct	parcel	lh_52		0.02242	1.4693	0.14182	4308
PRSCS_MDD_eur	absolute_ct	parcel	lh_55b		-0.0063605	-0.41676	0.67688	4308
PRSCS_MDD_eur	absolute_ct	parcel	lh_5L		0.023666	1.5511	0.12096	4308
PRSCS_MDD_eur	absolute_ct	parcel	lh_5m		0.026255	1.7208	0.085356	4308
PRSCS_MDD_eur	absolute_ct	parcel	lh_5mv		0.040967	2.6864	0.0072499	4308
PRSCS_MDD_eur	absolute_ct	parcel	lh_6a		0.01815	1.1894	0.23434	4308
PRSCS_MDD_eur	absolute_ct	parcel	lh_6d		0.011355	0.74402	0.45691	4308
PRSCS_MDD_eur	absolute_ct	parcel	lh_6ma		-0.012786	-0.83782	0.40218	4308
PRSCS_MDD_eur	absolute_ct	parcel	lh_6mp		0.016577	1.0863	0.2774	4308
PRSCS_MDD_eur	absolute_ct	parcel	lh_6r		0.0042696	0.27975	0.77968	4308
PRSCS_MDD_eur	absolute_ct	parcel	lh_6v		0.00753	0.49339	0.62176	4308
PRSCS_MDD_eur	absolute_ct	parcel	lh_7AL		0.014174	0.92876	0.35307	4308
PRSCS_MDD_eur	absolute_ct	parcel	lh_7Am		0.016292	1.0676	0.28574	4308
PRSCS_MDD_eur	absolute_ct	parcel	lh_7PC		0.01909	1.251	0.21099	4308
PRSCS_MDD_eur	absolute_ct	parcel	lh_7PL		0.028815	1.8888	0.05899	4308
PRSCS_MDD_eur	absolute_ct	parcel	lh_7Pm		0.039581	2.5954	0.0094802	4308
PRSCS_MDD_eur	absolute_ct	parcel	lh_7m		0.029208	1.9146	0.055613	4308
PRSCS_MDD_eur	absolute_ct	parcel	lh_8Ad		0.012863	0.84284	0.39936	4308
PRSCS_MDD_eur	absolute_ct	parcel	lh_8Av		-0.0050913	-0.33359	0.7387	4308
PRSCS_MDD_eur	absolute_ct	parcel	lh_8BL		1.9636e-05	0.0012866	0.99897	4308
PRSCS_MDD_eur	absolute_ct	parcel	lh_8BM		0.012808	0.83929	0.40135	4308
PRSCS_MDD_eur	absolute_ct	parcel	lh_8C		0.013597	0.89099	0.37298	4308
PRSCS_MDD_eur	absolute_ct	parcel	lh_9-46d		0.02129	1.3952	0.16302	4308
PRSCS_MDD_eur	absolute_ct	parcel	lh_9a		0.03415	2.2389	0.025215	4308
PRSCS_MDD_eur	absolute_ct	parcel	lh_9m		0.028708	1.8818	0.059937	4308
PRSCS_MDD_eur	absolute_ct	parcel	lh_9p		0.010553	0.69147	0.48931	4308
PRSCS_MDD_eur	absolute_ct	parcel	lh_A1		0.008296	0.54358	0.58676	4308
PRSCS_MDD_eur	absolute_ct	parcel	lh_A4		0.015599	1.0222	0.30675	4308
PRSCS_MDD_eur	absolute_ct	parcel	lh_A5		0.022802	1.4944	0.13514	4308
PRSCS_MDD_eur	absolute_ct	parcel	lh_AAIC		0.0045098	0.29549	0.76763	4308
PRSCS_MDD_eur	absolute_ct	parcel	lh_AIP		0.028345	1.858	0.063243	4308
PRSCS_MDD_eur	absolute_ct	parcel	lh_AVI		0.043755	2.8696	0.0041295	4308
PRSCS_MDD_eur	absolute_ct	parcel	lh_DVT		0.033937	2.2249	0.026143	4308
PRSCS_MDD_eur	absolute_ct	parcel	lh_EC		-0.00061382	-0.040218	0.96792	4308
PRSCS_MDD_eur	absolute_ct	parcel	lh_FEF		0.026298	1.7236	0.084843	4308
PRSCS_MDD_eur	absolute_ct	parcel	lh_FFC		0.02303	1.5093	0.13129	4308
PRSCS_MDD_eur	absolute_ct	parcel	lh_FOP1		0.039738	2.6057	0.0091997	4308
PRSCS_MDD_eur	absolute_ct	parcel	lh_FOP2		0.028629	1.8766	0.060641	4308
PRSCS_MDD_eur	absolute_ct	parcel	lh_FOP3		0.015143	0.99227	0.32112	4308
PRSCS_MDD_eur	absolute_ct	parcel	lh_FOP4		0.022548	1.4777	0.13956	4308
PRSCS_MDD_eur	absolute_ct	parcel	lh_FOP5		0.039693	2.6028	0.0092788	4308
PRSCS_MDD_eur	absolute_ct	parcel	lh_FST		0.02362	1.5481	0.12168	4308
PRSCS_MDD_eur	absolute_ct	parcel	lh_IFJa		0.023982	1.5718	0.11608	4308
PRSCS_MDD_eur	absolute_ct	parcel	lh_IFJp		0.0070743	0.46352	0.64301	4308
PRSCS_MDD_eur	absolute_ct	parcel	lh_IFSa		0.020973	1.3745	0.16936	4308
PRSCS_MDD_eur	absolute_ct	parcel	lh_IFSp		0.0030433	0.1994	0.84196	4308
PRSCS_MDD_eur	absolute_ct	parcel	lh_IP0		0.048633	3.1902	0.0014318	4308
PRSCS_MDD_eur	absolute_ct	parcel	lh_IP1		0.023644	1.5496	0.1213	4308
PRSCS_MDD_eur	absolute_ct	parcel	lh_IP2		0.011291	0.73983	0.45944	4308
PRSCS_MDD_eur	absolute_ct	parcel	lh_IPS1		0.02165	1.4189	0.15601	4308
PRSCS_MDD_eur	absolute_ct	parcel	lh_Ig		0.02175	1.4254	0.15411	4308
PRSCS_MDD_eur	absolute_ct	parcel	lh_LBelt		0.0098774	0.64721	0.51753	4308
PRSCS_MDD_eur	absolute_ct	parcel	lh_LIPd		0.015892	1.0414	0.29776	4308
PRSCS_MDD_eur	absolute_ct	parcel	lh_LIPv		0.01206	0.79023	0.42944	4308
PRSCS_MDD_eur	absolute_ct	parcel	lh_LO1		0.025301	1.6583	0.097328	4308
PRSCS_MDD_eur	absolute_ct	parcel	lh_LO2		0.0059219	0.38802	0.69802	4308
PRSCS_MDD_eur	absolute_ct	parcel	lh_LO3		0.0072381	0.47426	0.63534	4308
PRSCS_MDD_eur	absolute_ct	parcel	lh_MBelt		0.011022	0.7222	0.47021	4308
PRSCS_MDD_eur	absolute_ct	parcel	lh_MI		0.032099	2.1042	0.035416	4308
PRSCS_MDD_eur	absolute_ct	parcel	lh_MIP		0.026787	1.7557	0.079205	4308
PRSCS_MDD_eur	absolute_ct	parcel	lh_MST		0.033043	2.1662	0.030351	4308
PRSCS_MDD_eur	absolute_ct	parcel	lh_MT		0.012753	0.83564	0.4034	4308
PRSCS_MDD_eur	absolute_ct	parcel	lh_OFC		0.0089162	0.58422	0.5591	4308
PRSCS_MDD_eur	absolute_ct	parcel	lh_OP1		0.035312	2.3151	0.020653	4308
PRSCS_MDD_eur	absolute_ct	parcel	lh_OP2-3		0.050209	3.2939	0.00099618	4308
PRSCS_MDD_eur	absolute_ct	parcel	lh_OP4		0.00051082	0.03347	0.9733	4308
PRSCS_MDD_eur	absolute_ct	parcel	lh_PBelt		0.03174	2.0807	0.037522	4308
PRSCS_MDD_eur	absolute_ct	parcel	lh_PCV		0.040609	2.6629	0.0077755	4308
PRSCS_MDD_eur	absolute_ct	parcel	lh_PEF		0.00071992	0.04717	0.96238	4308
PRSCS_MDD_eur	absolute_ct	parcel	lh_PF		0.011272	0.7386	0.46019	4308
PRSCS_MDD_eur	absolute_ct	parcel	lh_PFcm		0.037222	2.4405	0.014707	4308
PRSCS_MDD_eur	absolute_ct	parcel	lh_PFm		0.0018102	0.11861	0.90559	4308
PRSCS_MDD_eur	absolute_ct	parcel	lh_PFop		0.009962	0.65275	0.51395	4308
PRSCS_MDD_eur	absolute_ct	parcel	lh_PFt		0.016908	1.108	0.26793	4308
PRSCS_MDD_eur	absolute_ct	parcel	lh_PGi		0.0031404	0.20576	0.83699	4308
PRSCS_MDD_eur	absolute_ct	parcel	lh_PGp		0.036908	2.4199	0.015566	4308
PRSCS_MDD_eur	absolute_ct	parcel	lh_PGs		0.021384	1.4014	0.16117	4308
PRSCS_MDD_eur	absolute_ct	parcel	lh_PH		0.0039099	0.25618	0.79782	4308
PRSCS_MDD_eur	absolute_ct	parcel	lh_PHA1		0.011339	0.74297	0.45754	4308
PRSCS_MDD_eur	absolute_ct	parcel	lh_PHA2		-0.0090908	-0.59566	0.55143	4308
PRSCS_MDD_eur	absolute_ct	parcel	lh_PHA3		0.031767	2.0825	0.037357	4308
PRSCS_MDD_eur	absolute_ct	parcel	lh_PHT		-0.013403	-0.87828	0.37984	4308
PRSCS_MDD_eur	absolute_ct	parcel	lh_PI		0.019437	1.2738	0.20281	4308
PRSCS_MDD_eur	absolute_ct	parcel	lh_PIT		0.023547	1.5432	0.12285	4308
PRSCS_MDD_eur	absolute_ct	parcel	lh_POS1		0.032547	2.1337	0.032928	4308
PRSCS_MDD_eur	absolute_ct	parcel	lh_POS2		0.035169	2.3057	0.021173	4308
PRSCS_MDD_eur	absolute_ct	parcel	lh_PSL		0.025653	1.6814	0.092765	4308
PRSCS_MDD_eur	absolute_ct	parcel	lh_PeEc		0.0084397	0.55299	0.5803	4308
PRSCS_MDD_eur	absolute_ct	parcel	lh_Pir		-0.0029485	-0.19319	0.84682	4308
PRSCS_MDD_eur	absolute_ct	parcel	lh_PoI1		-0.0048945	-0.3207	0.74846	4308
PRSCS_MDD_eur	absolute_ct	parcel	lh_PoI2		0.011618	0.76126	0.44654	4308
PRSCS_MDD_eur	absolute_ct	parcel	lh_PreS		-0.017256	-1.1308	0.25821	4308
PRSCS_MDD_eur	absolute_ct	parcel	lh_ProS		0.033421	2.191	0.028506	4308
PRSCS_MDD_eur	absolute_ct	parcel	lh_RI		0.053047	3.4806	0.00050525	4308
PRSCS_MDD_eur	absolute_ct	parcel	lh_RSC		0.012228	0.80125	0.42303	4308
PRSCS_MDD_eur	absolute_ct	parcel	lh_SCEF		0.049039	3.2169	0.0013054	4308
PRSCS_MDD_eur	absolute_ct	parcel	lh_SFL		0.010757	0.70483	0.48095	4308
PRSCS_MDD_eur	absolute_ct	parcel	lh_STGa		0.011329	0.74231	0.45794	4308
PRSCS_MDD_eur	absolute_ct	parcel	lh_STSda		0.019123	1.2532	0.2102	4308
PRSCS_MDD_eur	absolute_ct	parcel	lh_STSdp		0.020051	1.314	0.18892	4308
PRSCS_MDD_eur	absolute_ct	parcel	lh_STSva		0.040039	2.6255	0.0086834	4308
PRSCS_MDD_eur	absolute_ct	parcel	lh_STSvp		-0.0047765	-0.31297	0.75432	4308
PRSCS_MDD_eur	absolute_ct	parcel	lh_STV		0.0049397	0.32366	0.74621	4308
PRSCS_MDD_eur	absolute_ct	parcel	lh_TA2		0.0058048	0.38034	0.70371	4308
PRSCS_MDD_eur	absolute_ct	parcel	lh_TE1a		-0.0093485	-0.61255	0.54021	4308
PRSCS_MDD_eur	absolute_ct	parcel	lh_TE1m		-0.012425	-0.81417	0.41559	4308
PRSCS_MDD_eur	absolute_ct	parcel	lh_TE1p		-0.038355	-2.5149	0.011943	4308
PRSCS_MDD_eur	absolute_ct	parcel	lh_TE2a		-0.0075285	-0.49329	0.62183	4308
PRSCS_MDD_eur	absolute_ct	parcel	lh_TE2p		0.0031531	0.2066	0.83633	4308
PRSCS_MDD_eur	absolute_ct	parcel	lh_TF		-0.011331	-0.74248	0.45784	4308
PRSCS_MDD_eur	absolute_ct	parcel	lh_TGd		0.015684	1.0278	0.30412	4308
PRSCS_MDD_eur	absolute_ct	parcel	lh_TGv		0.024631	1.6143	0.10653	4308
PRSCS_MDD_eur	absolute_ct	parcel	lh_TPOJ1		0.022931	1.5029	0.13294	4308
PRSCS_MDD_eur	absolute_ct	parcel	lh_TPOJ2		0.021735	1.4244	0.15439	4308
PRSCS_MDD_eur	absolute_ct	parcel	lh_TPOJ3		0.023777	1.5583	0.11923	4308
PRSCS_MDD_eur	absolute_ct	parcel	lh_V1		-0.01201	-0.78698	0.43134	4308
PRSCS_MDD_eur	absolute_ct	parcel	lh_V2		-0.0051419	-0.3369	0.73621	4308
PRSCS_MDD_eur	absolute_ct	parcel	lh_V3		-0.012379	-0.81115	0.41732	4308
PRSCS_MDD_eur	absolute_ct	parcel	lh_V3A		0.00038474	0.025208	0.97989	4308
PRSCS_MDD_eur	absolute_ct	parcel	lh_V3B		0.037072	2.4307	0.015112	4308
PRSCS_MDD_eur	absolute_ct	parcel	lh_V3CD		0.020994	1.3758	0.16895	4308
PRSCS_MDD_eur	absolute_ct	parcel	lh_V4		0.013139	0.86092	0.38933	4308
PRSCS_MDD_eur	absolute_ct	parcel	lh_V4t		0.018324	1.2008	0.2299	4308
PRSCS_MDD_eur	absolute_ct	parcel	lh_V6		0.03705	2.4292	0.015172	4308
PRSCS_MDD_eur	absolute_ct	parcel	lh_V6A		0.010859	0.71154	0.47679	4308
PRSCS_MDD_eur	absolute_ct	parcel	lh_V7		0.011251	0.7372	0.46104	4308
PRSCS_MDD_eur	absolute_ct	parcel	lh_V8		0.012023	0.78784	0.43083	4308
PRSCS_MDD_eur	absolute_ct	parcel	lh_VIP		0.020873	1.3679	0.17142	4308
PRSCS_MDD_eur	absolute_ct	parcel	lh_VMV1		0.034388	2.2545	0.024216	4308
PRSCS_MDD_eur	absolute_ct	parcel	lh_VMV2		0.015695	1.0285	0.30377	4308
PRSCS_MDD_eur	absolute_ct	parcel	lh_VMV3		0.0037093	0.24304	0.80799	4308
PRSCS_MDD_eur	absolute_ct	parcel	lh_VVC		0.010215	0.66935	0.50331	4308
PRSCS_MDD_eur	absolute_ct	parcel	lh_a10p		0.016393	1.0742	0.28277	4308
PRSCS_MDD_eur	absolute_ct	parcel	lh_a24		0.035026	2.2964	0.021703	4308
PRSCS_MDD_eur	absolute_ct	parcel	lh_a24pr		0.032866	2.1546	0.031248	4308
PRSCS_MDD_eur	absolute_ct	parcel	lh_a32pr		0.021502	1.4091	0.15887	4308
PRSCS_MDD_eur	absolute_ct	parcel	lh_a47r		0.0287	1.8812	0.060007	4308
PRSCS_MDD_eur	absolute_ct	parcel	lh_a9-46v		0.037535	2.4611	0.013891	4308
PRSCS_MDD_eur	absolute_ct	parcel	lh_d23ab		0.034272	2.2468	0.0247	4308
PRSCS_MDD_eur	absolute_ct	parcel	lh_d32		0.0088249	0.57824	0.56313	4308
PRSCS_MDD_eur	absolute_ct	parcel	lh_i6-8		-0.0029901	-0.19592	0.84468	4308
PRSCS_MDD_eur	absolute_ct	parcel	lh_p10p		0.026384	1.7293	0.083823	4308
PRSCS_MDD_eur	absolute_ct	parcel	lh_p24		0.023692	1.5528	0.12056	4308
PRSCS_MDD_eur	absolute_ct	parcel	lh_p24pr		0.044452	2.9154	0.0035705	4308
PRSCS_MDD_eur	absolute_ct	parcel	lh_p32		0.0070868	0.46435	0.64242	4308
PRSCS_MDD_eur	absolute_ct	parcel	lh_p32pr		0.040641	2.6651	0.0077263	4308
PRSCS_MDD_eur	absolute_ct	parcel	lh_p47r		0.016478	1.0798	0.28029	4308
PRSCS_MDD_eur	absolute_ct	parcel	lh_p9-46v		0.010664	0.69875	0.48475	4308
PRSCS_MDD_eur	absolute_ct	parcel	lh_pOFC		0.0015899	0.10417	0.91704	4308
PRSCS_MDD_eur	absolute_ct	parcel	lh_s32		0.0092896	0.60869	0.54276	4308
PRSCS_MDD_eur	absolute_ct	parcel	lh_s6-8		-0.0050049	-0.32793	0.74298	4308
PRSCS_MDD_eur	absolute_ct	parcel	lh_v23ab		0.013728	0.89958	0.36839	4308
PRSCS_MDD_eur	relative_ct	cortex	1	Primary_Visual	-0.013745	-0.90054	0.36788	4308
PRSCS_MDD_eur	relative_ct	cortex	2	Early_Visual	-0.011409	-0.74751	0.4548	4308
PRSCS_MDD_eur	relative_ct	cortex	3	Dorsal_Stream_Visual	0.012071	0.79085	0.42908	4308
PRSCS_MDD_eur	relative_ct	cortex	4	Ventral_Stream_Visual	0.014819	0.97094	0.33163	4308
PRSCS_MDD_eur	relative_ct	cortex	5	MT+_Complex_and_Neighboring_Visual_Areas	0.014571	0.95468	0.33979	4308
PRSCS_MDD_eur	relative_ct	cortex	6	Somatosensory_and_Motor	0.035089	2.3002	0.021483	4308
PRSCS_MDD_eur	relative_ct	cortex	7	Paracentral_Lobular_and_Mid_Cingulate	0.029626	1.9418	0.05223	4308
PRSCS_MDD_eur	relative_ct	cortex	8	Premotor	0.002209	0.14472	0.88494	4308
PRSCS_MDD_eur	relative_ct	cortex	9	Posterior_Opercular	0.043658	2.8629	0.0042177	4308
PRSCS_MDD_eur	relative_ct	cortex	10	Early_Auditory	0.036424	2.3878	0.016991	4308
PRSCS_MDD_eur	relative_ct	cortex	11	Auditory_Association	0.020233	1.3258	0.18498	4308
PRSCS_MDD_eur	relative_ct	cortex	12	Insular_and_Frontal_Opercular	0.022929	1.5025	0.13303	4308
PRSCS_MDD_eur	relative_ct	cortex	13	Medial_Temporal	-0.0074356	-0.48714	0.62618	4308
PRSCS_MDD_eur	relative_ct	cortex	14	Lateral_Temporal	-0.024427	-1.6007	0.10951	4308
PRSCS_MDD_eur	relative_ct	cortex	15	Temporo-Parieto_Occipital_Junction	0.014216	0.93146	0.35167	4308
PRSCS_MDD_eur	relative_ct	cortex	16	Superior_Parietal	0.021407	1.4028	0.16076	4308
PRSCS_MDD_eur	relative_ct	cortex	17	Inferior_Parietal	0.012824	0.8402	0.40084	4308
PRSCS_MDD_eur	relative_ct	cortex	18	Posterior_Cingulate	0.051501	3.3785	0.00073529	4308
PRSCS_MDD_eur	relative_ct	cortex	19	Anterior_Cingulate_and_Medial_Prefrontal	0.027391	1.7952	0.072699	4308
PRSCS_MDD_eur	relative_ct	cortex	20	Orbital_and_Polar_Frontal	0.010639	0.69706	0.48581	4308
PRSCS_MDD_eur	relative_ct	cortex	21	Inferior_Frontal	0.0052977	0.34708	0.72855	4308
PRSCS_MDD_eur	relative_ct	cortex	22	Dorsolateral_Prefrontal	0.013668	0.89554	0.37055	4308
PRSCS_MDD_eur	relative_ct	parcel	lh_1		0.0073768	0.48329	0.62891	4308
PRSCS_MDD_eur	relative_ct	parcel	lh_10d		0.031763	2.0819	0.037409	4308
PRSCS_MDD_eur	relative_ct	parcel	lh_10pp		0.021909	1.4357	0.15116	4308
PRSCS_MDD_eur	relative_ct	parcel	lh_10r		9.9741e-06	0.00065344	0.99948	4308
PRSCS_MDD_eur	relative_ct	parcel	lh_10v		0.0068453	0.44847	0.65384	4308
PRSCS_MDD_eur	relative_ct	parcel	lh_11l		0.0051607	0.3381	0.7353	4308
PRSCS_MDD_eur	relative_ct	parcel	lh_13l		-0.01056	-0.69188	0.48905	4308
PRSCS_MDD_eur	relative_ct	parcel	lh_2		0.04691	3.0766	0.0021069	4308
PRSCS_MDD_eur	relative_ct	parcel	lh_23c		0.033296	2.1825	0.029125	4308
PRSCS_MDD_eur	relative_ct	parcel	lh_23d		0.027488	1.8015	0.071693	4308
PRSCS_MDD_eur	relative_ct	parcel	lh_24dd		0.031753	2.0813	0.037468	4308
PRSCS_MDD_eur	relative_ct	parcel	lh_24dv		0.022199	1.4547	0.14583	4308
PRSCS_MDD_eur	relative_ct	parcel	lh_25		-0.00039813	-0.026083	0.97919	4308
PRSCS_MDD_eur	relative_ct	parcel	lh_31a		0.037841	2.4809	0.013144	4308
PRSCS_MDD_eur	relative_ct	parcel	lh_31pd		0.030903	2.0255	0.042877	4308
PRSCS_MDD_eur	relative_ct	parcel	lh_31pv		0.052035	3.4136	0.00064697	4308
PRSCS_MDD_eur	relative_ct	parcel	lh_33pr		0.016849	1.104	0.26965	4308
PRSCS_MDD_eur	relative_ct	parcel	lh_3a		0.027061	1.7735	0.076211	4308
PRSCS_MDD_eur	relative_ct	parcel	lh_3b		0.023182	1.5191	0.12881	4308
PRSCS_MDD_eur	relative_ct	parcel	lh_4		0.0068353	0.44782	0.65431	4308
PRSCS_MDD_eur	relative_ct	parcel	lh_43		-0.00013758	-0.0090132	0.99281	4308
PRSCS_MDD_eur	relative_ct	parcel	lh_44		-0.0021843	-0.1431	0.88622	4308
PRSCS_MDD_eur	relative_ct	parcel	lh_45		0.014398	0.94335	0.34555	4308
PRSCS_MDD_eur	relative_ct	parcel	lh_46		0.022115	1.4492	0.14737	4308
PRSCS_MDD_eur	relative_ct	parcel	lh_47l		0.0082019	0.53736	0.59105	4308
PRSCS_MDD_eur	relative_ct	parcel	lh_47m		0.011448	0.75005	0.45327	4308
PRSCS_MDD_eur	relative_ct	parcel	lh_47s		-0.0091908	-0.60215	0.54711	4308
PRSCS_MDD_eur	relative_ct	parcel	lh_52		0.020906	1.3699	0.17077	4308
PRSCS_MDD_eur	relative_ct	parcel	lh_55b		-0.011722	-0.76803	0.44251	4308
PRSCS_MDD_eur	relative_ct	parcel	lh_5L		0.019133	1.2537	0.21003	4308
PRSCS_MDD_eur	relative_ct	parcel	lh_5m		0.02128	1.3945	0.16325	4308
PRSCS_MDD_eur	relative_ct	parcel	lh_5mv		0.036958	2.4229	0.015439	4308
PRSCS_MDD_eur	relative_ct	parcel	lh_6a		0.0098143	0.643	0.52026	4308
PRSCS_MDD_eur	relative_ct	parcel	lh_6d		0.0062118	0.40696	0.68406	4308
PRSCS_MDD_eur	relative_ct	parcel	lh_6ma		-0.018213	-1.1934	0.23278	4308
PRSCS_MDD_eur	relative_ct	parcel	lh_6mp		0.01209	0.79215	0.42832	4308
PRSCS_MDD_eur	relative_ct	parcel	lh_6r		-0.0050768	-0.3326	0.73945	4308
PRSCS_MDD_eur	relative_ct	parcel	lh_6v		0.0039957	0.26178	0.79351	4308
PRSCS_MDD_eur	relative_ct	parcel	lh_7AL		0.0095436	0.62526	0.53183	4308
PRSCS_MDD_eur	relative_ct	parcel	lh_7Am		0.011875	0.778	0.43661	4308
PRSCS_MDD_eur	relative_ct	parcel	lh_7PC		0.014964	0.98046	0.32691	4308
PRSCS_MDD_eur	relative_ct	parcel	lh_7PL		0.027941	1.8312	0.067141	4308
PRSCS_MDD_eur	relative_ct	parcel	lh_7Pm		0.037282	2.4442	0.014559	4308
PRSCS_MDD_eur	relative_ct	parcel	lh_7m		0.025509	1.6717	0.094647	4308
PRSCS_MDD_eur	relative_ct	parcel	lh_8Ad		0.0056098	0.36752	0.71325	4308
PRSCS_MDD_eur	relative_ct	parcel	lh_8Av		-0.0043755	-0.28666	0.77439	4308
PRSCS_MDD_eur	relative_ct	parcel	lh_8BL		-0.0036893	-0.2417	0.80903	4308
PRSCS_MDD_eur	relative_ct	parcel	lh_8BM		0.0071006	0.46519	0.64182	4308
PRSCS_MDD_eur	relative_ct	parcel	lh_8C		0.0036736	0.24067	0.80982	4308
PRSCS_MDD_eur	relative_ct	parcel	lh_9-46d		0.01462	0.95793	0.33815	4308
PRSCS_MDD_eur	relative_ct	parcel	lh_9a		0.030932	2.0274	0.04268	4308
PRSCS_MDD_eur	relative_ct	parcel	lh_9m		0.026573	1.7415	0.08167	4308
PRSCS_MDD_eur	relative_ct	parcel	lh_9p		0.0050485	0.33075	0.74085	4308
PRSCS_MDD_eur	relative_ct	parcel	lh_A1		0.0082175	0.53838	0.59034	4308
PRSCS_MDD_eur	relative_ct	parcel	lh_A4		0.013943	0.91356	0.361	4308
PRSCS_MDD_eur	relative_ct	parcel	lh_A5		0.020425	1.3384	0.18085	4308
PRSCS_MDD_eur	relative_ct	parcel	lh_AAIC		0.0038735	0.25377	0.79969	4308
PRSCS_MDD_eur	relative_ct	parcel	lh_AIP		0.025495	1.6708	0.094834	4308
PRSCS_MDD_eur	relative_ct	parcel	lh_AVI		0.042428	2.7821	0.005424	4308
PRSCS_MDD_eur	relative_ct	parcel	lh_DVT		0.03139	2.0575	0.0397	4308
PRSCS_MDD_eur	relative_ct	parcel	lh_EC		-0.0012861	-0.084259	0.93285	4308
PRSCS_MDD_eur	relative_ct	parcel	lh_FEF		0.023207	1.5208	0.12839	4308
PRSCS_MDD_eur	relative_ct	parcel	lh_FFC		0.018349	1.2023	0.2293	4308
PRSCS_MDD_eur	relative_ct	parcel	lh_FOP1		0.038088	2.4971	0.012559	4308
PRSCS_MDD_eur	relative_ct	parcel	lh_FOP2		0.027527	1.8041	0.071287	4308
PRSCS_MDD_eur	relative_ct	parcel	lh_FOP3		0.014261	0.93437	0.35017	4308
PRSCS_MDD_eur	relative_ct	parcel	lh_FOP4		0.019103	1.2517	0.21074	4308
PRSCS_MDD_eur	relative_ct	parcel	lh_FOP5		0.037085	2.4312	0.015088	4308
PRSCS_MDD_eur	relative_ct	parcel	lh_FST		0.022245	1.4577	0.145	4308
PRSCS_MDD_eur	relative_ct	parcel	lh_IFJa		0.019574	1.2826	0.1997	4308
PRSCS_MDD_eur	relative_ct	parcel	lh_IFJp		0.003285	0.21521	0.82961	4308
PRSCS_MDD_eur	relative_ct	parcel	lh_IFSa		0.017663	1.1574	0.24718	4308
PRSCS_MDD_eur	relative_ct	parcel	lh_IFSp		-0.0030949	-0.20276	0.83934	4308
PRSCS_MDD_eur	relative_ct	parcel	lh_IP0		0.044146	2.895	0.0038108	4308
PRSCS_MDD_eur	relative_ct	parcel	lh_IP1		0.021643	1.4183	0.15619	4308
PRSCS_MDD_eur	relative_ct	parcel	lh_IP2		0.008079	0.5293	0.59662	4308
PRSCS_MDD_eur	relative_ct	parcel	lh_IPS1		0.017976	1.1778	0.23893	4308
PRSCS_MDD_eur	relative_ct	parcel	lh_Ig		0.018707	1.2258	0.22035	4308
PRSCS_MDD_eur	relative_ct	parcel	lh_LBelt		0.0066429	0.43521	0.66344	4308
PRSCS_MDD_eur	relative_ct	parcel	lh_LIPd		0.012766	0.8364	0.40298	4308
PRSCS_MDD_eur	relative_ct	parcel	lh_LIPv		0.0089123	0.5839	0.55932	4308
PRSCS_MDD_eur	relative_ct	parcel	lh_LO1		0.019786	1.2965	0.19487	4308
PRSCS_MDD_eur	relative_ct	parcel	lh_LO2		0.00301	0.1972	0.84368	4308
PRSCS_MDD_eur	relative_ct	parcel	lh_LO3		0.0051541	0.33766	0.73563	4308
PRSCS_MDD_eur	relative_ct	parcel	lh_MBelt		0.010905	0.71445	0.47499	4308
PRSCS_MDD_eur	relative_ct	parcel	lh_MI		0.031245	2.0479	0.040626	4308
PRSCS_MDD_eur	relative_ct	parcel	lh_MIP		0.024221	1.5873	0.11252	4308
PRSCS_MDD_eur	relative_ct	parcel	lh_MST		0.030126	1.9746	0.04838	4308
PRSCS_MDD_eur	relative_ct	parcel	lh_MT		0.0075303	0.49335	0.62179	4308
PRSCS_MDD_eur	relative_ct	parcel	lh_OFC		0.0075936	0.4975	0.61886	4308
PRSCS_MDD_eur	relative_ct	parcel	lh_OP1		0.035536	2.3296	0.019875	4308
PRSCS_MDD_eur	relative_ct	parcel	lh_OP2-3		0.049338	3.2363	0.0012202	4308
PRSCS_MDD_eur	relative_ct	parcel	lh_OP4		-0.00019786	-0.012962	0.98966	4308
PRSCS_MDD_eur	relative_ct	parcel	lh_PBelt		0.030736	2.0146	0.044012	4308
PRSCS_MDD_eur	relative_ct	parcel	lh_PCV		0.0385	2.5242	0.011633	4308
PRSCS_MDD_eur	relative_ct	parcel	lh_PEF		-0.0022811	-0.14944	0.88121	4308
PRSCS_MDD_eur	relative_ct	parcel	lh_PF		0.0068764	0.4505	0.65237	4308
PRSCS_MDD_eur	relative_ct	parcel	lh_PFcm		0.034483	2.2605	0.023842	4308
PRSCS_MDD_eur	relative_ct	parcel	lh_PFm		-0.0026478	-0.17347	0.86229	4308
PRSCS_MDD_eur	relative_ct	parcel	lh_PFop		0.0083687	0.54828	0.58353	4308
PRSCS_MDD_eur	relative_ct	parcel	lh_PFt		0.01465	0.95987	0.33717	4308
PRSCS_MDD_eur	relative_ct	parcel	lh_PGi		-0.0092606	-0.60672	0.54407	4308
PRSCS_MDD_eur	relative_ct	parcel	lh_PGp		0.031453	2.0616	0.039304	4308
PRSCS_MDD_eur	relative_ct	parcel	lh_PGs		0.019334	1.2669	0.20527	4308
PRSCS_MDD_eur	relative_ct	parcel	lh_PH		-0.001456	-0.095386	0.92401	4308
PRSCS_MDD_eur	relative_ct	parcel	lh_PHA1		0.0096541	0.6325	0.52709	4308
PRSCS_MDD_eur	relative_ct	parcel	lh_PHA2		-0.01134	-0.74294	0.45756	4308
PRSCS_MDD_eur	relative_ct	parcel	lh_PHA3		0.030171	1.9775	0.048052	4308
PRSCS_MDD_eur	relative_ct	parcel	lh_PHT		-0.020155	-1.3207	0.18668	4308
PRSCS_MDD_eur	relative_ct	parcel	lh_PI		0.017422	1.1416	0.25369	4308
PRSCS_MDD_eur	relative_ct	parcel	lh_PIT		0.019239	1.2606	0.20751	4308
PRSCS_MDD_eur	relative_ct	parcel	lh_POS1		0.029383	1.9258	0.054196	4308
PRSCS_MDD_eur	relative_ct	parcel	lh_POS2		0.029657	1.9438	0.051987	4308
PRSCS_MDD_eur	relative_ct	parcel	lh_PSL		0.022401	1.4679	0.1422	4308
PRSCS_MDD_eur	relative_ct	parcel	lh_PeEc		0.0057472	0.37653	0.70654	4308
PRSCS_MDD_eur	relative_ct	parcel	lh_Pir		-0.0029426	-0.19278	0.84714	4308
PRSCS_MDD_eur	relative_ct	parcel	lh_PoI1		-0.0056994	-0.37339	0.70888	4308
PRSCS_MDD_eur	relative_ct	parcel	lh_PoI2		0.011414	0.74783	0.4546	4308
PRSCS_MDD_eur	relative_ct	parcel	lh_PreS		-0.017427	-1.1419	0.25356	4308
PRSCS_MDD_eur	relative_ct	parcel	lh_ProS		0.032222	2.112	0.034741	4308
PRSCS_MDD_eur	relative_ct	parcel	lh_RI		0.05108	3.3508	0.00081272	4308
PRSCS_MDD_eur	relative_ct	parcel	lh_RSC		0.011273	0.73856	0.46021	4308
PRSCS_MDD_eur	relative_ct	parcel	lh_SCEF		0.048153	3.1583	0.0015978	4308
PRSCS_MDD_eur	relative_ct	parcel	lh_SFL		0.0088703	0.58114	0.56117	4308
PRSCS_MDD_eur	relative_ct	parcel	lh_STGa		0.0087776	0.57507	0.56527	4308
PRSCS_MDD_eur	relative_ct	parcel	lh_STSda		0.016439	1.0771	0.28149	4308
PRSCS_MDD_eur	relative_ct	parcel	lh_STSdp		0.015472	1.0138	0.31075	4308
PRSCS_MDD_eur	relative_ct	parcel	lh_STSva		0.039721	2.6043	0.0092371	4308
PRSCS_MDD_eur	relative_ct	parcel	lh_STSvp		-0.0089558	-0.58675	0.55741	4308
PRSCS_MDD_eur	relative_ct	parcel	lh_STV		-0.00068698	-0.045007	0.9641	4308
PRSCS_MDD_eur	relative_ct	parcel	lh_TA2		0.004999	0.32751	0.7433	4308
PRSCS_MDD_eur	relative_ct	parcel	lh_TE1a		-0.011358	-0.74417	0.45681	4308
PRSCS_MDD_eur	relative_ct	parcel	lh_TE1m		-0.015064	-0.98701	0.3237	4308
PRSCS_MDD_eur	relative_ct	parcel	lh_TE1p		-0.045057	-2.9548	0.0031454	4308
PRSCS_MDD_eur	relative_ct	parcel	lh_TE2a		-0.015521	-1.017	0.30923	4308
PRSCS_MDD_eur	relative_ct	parcel	lh_TE2p		-0.00015872	-0.010398	0.9917	4308
PRSCS_MDD_eur	relative_ct	parcel	lh_TF		-0.015053	-0.98631	0.32404	4308
PRSCS_MDD_eur	relative_ct	parcel	lh_TGd		0.014729	0.96505	0.33457	4308
PRSCS_MDD_eur	relative_ct	parcel	lh_TGv		0.022992	1.5067	0.13196	4308
PRSCS_MDD_eur	relative_ct	parcel	lh_TPOJ1		0.014362	0.94098	0.34677	4308
PRSCS_MDD_eur	relative_ct	parcel	lh_TPOJ2		0.013868	0.9086	0.36361	4308
PRSCS_MDD_eur	relative_ct	parcel	lh_TPOJ3		0.018664	1.2229	0.22142	4308
PRSCS_MDD_eur	relative_ct	parcel	lh_V1		-0.013745	-0.90054	0.36788	4308
PRSCS_MDD_eur	relative_ct	parcel	lh_V2		-0.0087639	-0.57417	0.56588	4308
PRSCS_MDD_eur	relative_ct	parcel	lh_V3		-0.031645	-2.0742	0.038117	4308
PRSCS_MDD_eur	relative_ct	parcel	lh_V3A		-0.004044	-0.26494	0.79107	4308
PRSCS_MDD_eur	relative_ct	parcel	lh_V3B		0.035056	2.2981	0.021607	4308
PRSCS_MDD_eur	relative_ct	parcel	lh_V3CD		0.017651	1.1565	0.24752	4308
PRSCS_MDD_eur	relative_ct	parcel	lh_V4		0.0022589	0.14799	0.88236	4308
PRSCS_MDD_eur	relative_ct	parcel	lh_V4t		0.014661	0.96056	0.33683	4308
PRSCS_MDD_eur	relative_ct	parcel	lh_V6		0.032718	2.1446	0.032042	4308
PRSCS_MDD_eur	relative_ct	parcel	lh_V6A		0.0054801	0.35903	0.71959	4308
PRSCS_MDD_eur	relative_ct	parcel	lh_V7		0.0088833	0.582	0.5606	4308
PRSCS_MDD_eur	relative_ct	parcel	lh_V8		0.0070282	0.46045	0.64522	4308
PRSCS_MDD_eur	relative_ct	parcel	lh_VIP		0.01671	1.0949	0.27363	4308
PRSCS_MDD_eur	relative_ct	parcel	lh_VMV1		0.032843	2.1528	0.031386	4308
PRSCS_MDD_eur	relative_ct	parcel	lh_VMV2		0.011529	0.75536	0.45007	4308
PRSCS_MDD_eur	relative_ct	parcel	lh_VMV3		-0.0012156	-0.079637	0.93653	4308
PRSCS_MDD_eur	relative_ct	parcel	lh_VVC		0.0070603	0.46256	0.64371	4308
PRSCS_MDD_eur	relative_ct	parcel	lh_a10p		0.010639	0.69701	0.48583	4308
PRSCS_MDD_eur	relative_ct	parcel	lh_a24		0.033453	2.1929	0.02837	4308
PRSCS_MDD_eur	relative_ct	parcel	lh_a24pr		0.031049	2.0351	0.0419	4308
PRSCS_MDD_eur	relative_ct	parcel	lh_a32pr		0.016682	1.093	0.27445	4308
PRSCS_MDD_eur	relative_ct	parcel	lh_a47r		0.024425	1.6006	0.10953	4308
PRSCS_MDD_eur	relative_ct	parcel	lh_a9-46v		0.031232	2.0471	0.040706	4308
PRSCS_MDD_eur	relative_ct	parcel	lh_d23ab		0.032365	2.1215	0.033939	4308
PRSCS_MDD_eur	relative_ct	parcel	lh_d32		0.0034189	0.22398	0.82278	4308
PRSCS_MDD_eur	relative_ct	parcel	lh_i6-8		-0.0054993	-0.36029	0.71865	4308
PRSCS_MDD_eur	relative_ct	parcel	lh_p10p		0.020507	1.3438	0.17909	4308
PRSCS_MDD_eur	relative_ct	parcel	lh_p24		0.021128	1.3845	0.16628	4308
PRSCS_MDD_eur	relative_ct	parcel	lh_p24pr		0.042985	2.8187	0.0048441	4308
PRSCS_MDD_eur	relative_ct	parcel	lh_p32		0.0011715	0.076752	0.93882	4308
PRSCS_MDD_eur	relative_ct	parcel	lh_p32pr		0.037229	2.4407	0.014699	4308
PRSCS_MDD_eur	relative_ct	parcel	lh_p47r		0.011476	0.75186	0.45218	4308
PRSCS_MDD_eur	relative_ct	parcel	lh_p9-46v		0.0034455	0.22573	0.82142	4308
PRSCS_MDD_eur	relative_ct	parcel	lh_pOFC		0.0018006	0.11797	0.9061	4308
PRSCS_MDD_eur	relative_ct	parcel	lh_s32		0.0071085	0.46571	0.64144	4308
PRSCS_MDD_eur	relative_ct	parcel	lh_s6-8		-0.0087807	-0.57527	0.56514	4308
PRSCS_MDD_eur	relative_ct	parcel	lh_v23ab		0.011446	0.74993	0.45334	4308
SBayesRC_SCZ25_META	absolute	cortex	1	Primary_Visual	-0.010194	-0.94441	0.34499	8596
SBayesRC_SCZ25_META	absolute	cortex	2	Early_Visual	0.021096	1.9547	0.050649	8596
SBayesRC_SCZ25_META	absolute	cortex	3	Dorsal_Stream_Visual	0.027387	2.538	0.011165	8596
SBayesRC_SCZ25_META	absolute	cortex	4	Ventral_Stream_Visual	0.013364	1.2382	0.21569	8596
SBayesRC_SCZ25_META	absolute	cortex	5	MT+_Complex_and_Neighboring_Visual_Areas	0.033418	3.0975	0.0019576	8596
SBayesRC_SCZ25_META	absolute	cortex	6	Somatosensory_and_Motor	0.0079099	0.73279	0.46371	8596
SBayesRC_SCZ25_META	absolute	cortex	7	Paracentral_Lobular_and_Mid_Cingulate	0.029935	2.7744	0.0055423	8596
SBayesRC_SCZ25_META	absolute	cortex	8	Premotor	0.025507	2.3637	0.018115	8596
SBayesRC_SCZ25_META	absolute	cortex	9	Posterior_Opercular	0.01486	1.3767	0.16863	8596
SBayesRC_SCZ25_META	absolute	cortex	10	Early_Auditory	0.033531	3.1081	0.0018893	8596
SBayesRC_SCZ25_META	absolute	cortex	11	Auditory_Association	0.025539	2.3666	0.017972	8596
SBayesRC_SCZ25_META	absolute	cortex	12	Insular_and_Frontal_Opercular	-0.0093016	-0.86173	0.38886	8596
SBayesRC_SCZ25_META	absolute	cortex	13	Medial_Temporal	0.0050169	0.46477	0.64211	8596
SBayesRC_SCZ25_META	absolute	cortex	14	Lateral_Temporal	0.016529	1.5315	0.12569	8596
SBayesRC_SCZ25_META	absolute	cortex	15	Temporo-Parieto_Occipital_Junction	0.038823	3.5992	0.000321	8596
SBayesRC_SCZ25_META	absolute	cortex	16	Superior_Parietal	0.02063	1.9115	0.055969	8596
SBayesRC_SCZ25_META	absolute	cortex	17	Inferior_Parietal	0.020289	1.8799	0.060155	8596
SBayesRC_SCZ25_META	absolute	cortex	18	Posterior_Cingulate	0.01708	1.5825	0.11356	8596
SBayesRC_SCZ25_META	absolute	cortex	19	Anterior_Cingulate_and_Medial_Prefrontal	0.024275	2.2495	0.024507	8596
SBayesRC_SCZ25_META	absolute	cortex	20	Orbital_and_Polar_Frontal	0.0068971	0.63895	0.52287	8596
SBayesRC_SCZ25_META	absolute	cortex	21	Inferior_Frontal	0.02657	2.4623	0.013824	8596
SBayesRC_SCZ25_META	absolute	cortex	22	Dorsolateral_Prefrontal	0.027105	2.5119	0.012026	8596
SBayesRC_SCZ25_META	absolute	parcel	lh_1		0.0078041	0.72299	0.46971	8596
SBayesRC_SCZ25_META	absolute	parcel	lh_10d		0.0057681	0.53436	0.59311	8596
SBayesRC_SCZ25_META	absolute	parcel	lh_10pp		0.0052593	0.48722	0.62611	8596
SBayesRC_SCZ25_META	absolute	parcel	lh_10r		0.024873	2.3049	0.021196	8596
SBayesRC_SCZ25_META	absolute	parcel	lh_10v		0.00048678	0.045095	0.96403	8596
SBayesRC_SCZ25_META	absolute	parcel	lh_11l		-0.0078289	-0.72529	0.46829	8596
SBayesRC_SCZ25_META	absolute	parcel	lh_13l		0.0059954	0.55542	0.57862	8596
SBayesRC_SCZ25_META	absolute	parcel	lh_2		0.021475	1.9899	0.046636	8596
SBayesRC_SCZ25_META	absolute	parcel	lh_23c		0.0050545	0.46825	0.63962	8596
SBayesRC_SCZ25_META	absolute	parcel	lh_23d		0.00063575	0.058895	0.95304	8596
SBayesRC_SCZ25_META	absolute	parcel	lh_24dd		0.02751	2.5495	0.010806	8596
SBayesRC_SCZ25_META	absolute	parcel	lh_24dv		0.015004	1.3902	0.16452	8596
SBayesRC_SCZ25_META	absolute	parcel	lh_25		5.2255e-05	0.0048409	0.99614	8596
SBayesRC_SCZ25_META	absolute	parcel	lh_31a		0.0055762	0.51658	0.60546	8596
SBayesRC_SCZ25_META	absolute	parcel	lh_31pd		0.024372	2.2585	0.023942	8596
SBayesRC_SCZ25_META	absolute	parcel	lh_31pv		0.011742	1.0879	0.27668	8596
SBayesRC_SCZ25_META	absolute	parcel	lh_33pr		0.0038188	0.35377	0.72352	8596
SBayesRC_SCZ25_META	absolute	parcel	lh_3a		0.005676	0.52583	0.59902	8596
SBayesRC_SCZ25_META	absolute	parcel	lh_3b		-0.013506	-1.2513	0.21086	8596
SBayesRC_SCZ25_META	absolute	parcel	lh_4		0.011099	1.0283	0.30386	8596
SBayesRC_SCZ25_META	absolute	parcel	lh_43		0.02334	2.1628	0.030582	8596
SBayesRC_SCZ25_META	absolute	parcel	lh_44		0.014787	1.37	0.17071	8596
SBayesRC_SCZ25_META	absolute	parcel	lh_45		0.015216	1.4097	0.15865	8596
SBayesRC_SCZ25_META	absolute	parcel	lh_46		0.018611	1.7244	0.084663	8596
SBayesRC_SCZ25_META	absolute	parcel	lh_47l		0.017368	1.6092	0.1076	8596
SBayesRC_SCZ25_META	absolute	parcel	lh_47m		0.0049839	0.46171	0.6443	8596
SBayesRC_SCZ25_META	absolute	parcel	lh_47s		0.011786	1.0919	0.27489	8596
SBayesRC_SCZ25_META	absolute	parcel	lh_52		0.014573	1.3501	0.17701	8596
SBayesRC_SCZ25_META	absolute	parcel	lh_55b		0.022856	2.118	0.034208	8596
SBayesRC_SCZ25_META	absolute	parcel	lh_5L		0.018931	1.754	0.07946	8596
SBayesRC_SCZ25_META	absolute	parcel	lh_5m		0.010996	1.0188	0.30835	8596
SBayesRC_SCZ25_META	absolute	parcel	lh_5mv		0.02806	2.6004	0.0093262	8596
SBayesRC_SCZ25_META	absolute	parcel	lh_6a		0.033233	3.0804	0.0020741	8596
SBayesRC_SCZ25_META	absolute	parcel	lh_6d		0.018085	1.6756	0.093845	8596
SBayesRC_SCZ25_META	absolute	parcel	lh_6ma		0.0078621	0.72836	0.46641	8596
SBayesRC_SCZ25_META	absolute	parcel	lh_6mp		0.019599	1.816	0.069404	8596
SBayesRC_SCZ25_META	absolute	parcel	lh_6r		0.0086851	0.80461	0.42106	8596
SBayesRC_SCZ25_META	absolute	parcel	lh_6v		0.018853	1.7469	0.080698	8596
SBayesRC_SCZ25_META	absolute	parcel	lh_7AL		0.0043032	0.39865	0.69016	8596
SBayesRC_SCZ25_META	absolute	parcel	lh_7Am		0.0049175	0.45556	0.64872	8596
SBayesRC_SCZ25_META	absolute	parcel	lh_7PC		-0.0025504	-0.23627	0.81323	8596
SBayesRC_SCZ25_META	absolute	parcel	lh_7PL		0.01506	1.3953	0.16297	8596
SBayesRC_SCZ25_META	absolute	parcel	lh_7Pm		0.014287	1.3237	0.18565	8596
SBayesRC_SCZ25_META	absolute	parcel	lh_7m		0.011255	1.0428	0.29709	8596
SBayesRC_SCZ25_META	absolute	parcel	lh_8Ad		0.03195	2.9613	0.0030714	8596
SBayesRC_SCZ25_META	absolute	parcel	lh_8Av		0.012198	1.1301	0.25846	8596
SBayesRC_SCZ25_META	absolute	parcel	lh_8BL		0.012772	1.1833	0.23672	8596
SBayesRC_SCZ25_META	absolute	parcel	lh_8BM		0.020935	1.9398	0.052433	8596
SBayesRC_SCZ25_META	absolute	parcel	lh_8C		0.034258	3.1755	0.0015013	8596
SBayesRC_SCZ25_META	absolute	parcel	lh_9-46d		0.031842	2.9514	0.0031724	8596
SBayesRC_SCZ25_META	absolute	parcel	lh_9a		0.014362	1.3306	0.18335	8596
SBayesRC_SCZ25_META	absolute	parcel	lh_9m		0.020682	1.9164	0.055345	8596
SBayesRC_SCZ25_META	absolute	parcel	lh_9p		0.020611	1.9098	0.056194	8596
SBayesRC_SCZ25_META	absolute	parcel	lh_A1		0.0076992	0.71327	0.4757	8596
SBayesRC_SCZ25_META	absolute	parcel	lh_A4		0.021068	1.9521	0.050958	8596
SBayesRC_SCZ25_META	absolute	parcel	lh_A5		0.023168	2.1469	0.031831	8596
SBayesRC_SCZ25_META	absolute	parcel	lh_AAIC		0.012403	1.1491	0.25055	8596
SBayesRC_SCZ25_META	absolute	parcel	lh_AIP		0.032333	2.9969	0.0027355	8596
SBayesRC_SCZ25_META	absolute	parcel	lh_AVI		0.012268	1.1366	0.25575	8596
SBayesRC_SCZ25_META	absolute	parcel	lh_DVT		0.016071	1.489	0.13653	8596
SBayesRC_SCZ25_META	absolute	parcel	lh_EC		-0.0024014	-0.22246	0.82396	8596
SBayesRC_SCZ25_META	absolute	parcel	lh_FEF		0.0063902	0.59199	0.55387	8596
SBayesRC_SCZ25_META	absolute	parcel	lh_FFC		0.0084771	0.78534	0.43228	8596
SBayesRC_SCZ25_META	absolute	parcel	lh_FOP1		-0.0068535	-0.63492	0.5255	8596
SBayesRC_SCZ25_META	absolute	parcel	lh_FOP2		-0.0097948	-0.90743	0.36421	8596
SBayesRC_SCZ25_META	absolute	parcel	lh_FOP3		-0.0082526	-0.76454	0.44457	8596
SBayesRC_SCZ25_META	absolute	parcel	lh_FOP4		0.0022945	0.21256	0.83167	8596
SBayesRC_SCZ25_META	absolute	parcel	lh_FOP5		0.0043662	0.40448	0.68587	8596
SBayesRC_SCZ25_META	absolute	parcel	lh_FST		0.026513	2.457	0.014029	8596
SBayesRC_SCZ25_META	absolute	parcel	lh_IFJa		0.030415	2.8189	0.0048293	8596
SBayesRC_SCZ25_META	absolute	parcel	lh_IFJp		0.02401	2.2249	0.026114	8596
SBayesRC_SCZ25_META	absolute	parcel	lh_IFSa		0.020493	1.8989	0.057617	8596
SBayesRC_SCZ25_META	absolute	parcel	lh_IFSp		0.028658	2.6559	0.0079241	8596
SBayesRC_SCZ25_META	absolute	parcel	lh_IP0		0.014054	1.3021	0.19291	8596
SBayesRC_SCZ25_META	absolute	parcel	lh_IP1		0.023207	2.1505	0.031546	8596
SBayesRC_SCZ25_META	absolute	parcel	lh_IP2		0.029476	2.7318	0.0063109	8596
SBayesRC_SCZ25_META	absolute	parcel	lh_IPS1		0.015249	1.4128	0.15776	8596
SBayesRC_SCZ25_META	absolute	parcel	lh_Ig		-0.020743	-1.922	0.05464	8596
SBayesRC_SCZ25_META	absolute	parcel	lh_LBelt		0.017192	1.5929	0.11121	8596
SBayesRC_SCZ25_META	absolute	parcel	lh_LIPd		0.0231	2.1405	0.032343	8596
SBayesRC_SCZ25_META	absolute	parcel	lh_LIPv		0.026158	2.4241	0.015369	8596
SBayesRC_SCZ25_META	absolute	parcel	lh_LO1		0.017884	1.6571	0.097544	8596
SBayesRC_SCZ25_META	absolute	parcel	lh_LO2		0.0039865	0.36931	0.71191	8596
SBayesRC_SCZ25_META	absolute	parcel	lh_LO3		0.017852	1.6541	0.098145	8596
SBayesRC_SCZ25_META	absolute	parcel	lh_MBelt		0.016671	1.5446	0.12249	8596
SBayesRC_SCZ25_META	absolute	parcel	lh_MI		-0.00084484	-0.078266	0.93762	8596
SBayesRC_SCZ25_META	absolute	parcel	lh_MIP		0.031448	2.9147	0.003569	8596
SBayesRC_SCZ25_META	absolute	parcel	lh_MST		0.037843	3.5083	0.00045337	8596
SBayesRC_SCZ25_META	absolute	parcel	lh_MT		0.028221	2.6154	0.0089283	8596
SBayesRC_SCZ25_META	absolute	parcel	lh_OFC		0.0077026	0.71358	0.47551	8596
SBayesRC_SCZ25_META	absolute	parcel	lh_OP1		0.017587	1.6295	0.10324	8596
SBayesRC_SCZ25_META	absolute	parcel	lh_OP2-3		0.0032912	0.3049	0.76045	8596
SBayesRC_SCZ25_META	absolute	parcel	lh_OP4		0.010821	1.0025	0.31611	8596
SBayesRC_SCZ25_META	absolute	parcel	lh_PBelt		0.037026	3.4325	0.00060097	8596
SBayesRC_SCZ25_META	absolute	parcel	lh_PCV		0.018865	1.7479	0.080512	8596
SBayesRC_SCZ25_META	absolute	parcel	lh_PEF		0.01323	1.2257	0.22034	8596
SBayesRC_SCZ25_META	absolute	parcel	lh_PF		0.0082794	0.76702	0.44309	8596
SBayesRC_SCZ25_META	absolute	parcel	lh_PFcm		0.031717	2.9397	0.003294	8596
SBayesRC_SCZ25_META	absolute	parcel	lh_PFm		0.01585	1.4685	0.14201	8596
SBayesRC_SCZ25_META	absolute	parcel	lh_PFop		0.0072724	0.67373	0.5005	8596
SBayesRC_SCZ25_META	absolute	parcel	lh_PFt		0.013675	1.267	0.2052	8596
SBayesRC_SCZ25_META	absolute	parcel	lh_PGi		0.012861	1.1916	0.23346	8596
SBayesRC_SCZ25_META	absolute	parcel	lh_PGp		0.014696	1.3616	0.17336	8596
SBayesRC_SCZ25_META	absolute	parcel	lh_PGs		0.0069086	0.64002	0.52218	8596
SBayesRC_SCZ25_META	absolute	parcel	lh_PH		0.0096843	0.89719	0.36965	8596
SBayesRC_SCZ25_META	absolute	parcel	lh_PHA1		0.013341	1.236	0.21649	8596
SBayesRC_SCZ25_META	absolute	parcel	lh_PHA2		0.0091352	0.84631	0.3974	8596
SBayesRC_SCZ25_META	absolute	parcel	lh_PHA3		0.02499	2.3158	0.020595	8596
SBayesRC_SCZ25_META	absolute	parcel	lh_PHT		0.011235	1.0408	0.29798	8596
SBayesRC_SCZ25_META	absolute	parcel	lh_PI		0.013273	1.2297	0.21884	8596
SBayesRC_SCZ25_META	absolute	parcel	lh_PIT		0.0085922	0.796	0.42605	8596
SBayesRC_SCZ25_META	absolute	parcel	lh_POS1		0.0029114	0.26971	0.78739	8596
SBayesRC_SCZ25_META	absolute	parcel	lh_POS2		0.0035865	0.33225	0.73971	8596
SBayesRC_SCZ25_META	absolute	parcel	lh_PSL		0.017038	1.5786	0.11446	8596
SBayesRC_SCZ25_META	absolute	parcel	lh_PeEc		0.0064276	0.59546	0.55155	8596
SBayesRC_SCZ25_META	absolute	parcel	lh_Pir		-0.0097979	-0.90771	0.36406	8596
SBayesRC_SCZ25_META	absolute	parcel	lh_PoI1		-0.0099421	-0.92107	0.35704	8596
SBayesRC_SCZ25_META	absolute	parcel	lh_PoI2		-0.022637	-2.0976	0.035973	8596
SBayesRC_SCZ25_META	absolute	parcel	lh_PreS		-0.024445	-2.2652	0.023525	8596
SBayesRC_SCZ25_META	absolute	parcel	lh_ProS		0.0058113	0.53837	0.59034	8596
SBayesRC_SCZ25_META	absolute	parcel	lh_RI		0.022919	2.1238	0.033716	8596
SBayesRC_SCZ25_META	absolute	parcel	lh_RSC		0.0023069	0.21371	0.83078	8596
SBayesRC_SCZ25_META	absolute	parcel	lh_SCEF		0.029068	2.694	0.0070739	8596
SBayesRC_SCZ25_META	absolute	parcel	lh_SFL		0.0098342	0.91108	0.36228	8596
SBayesRC_SCZ25_META	absolute	parcel	lh_STGa		0.0019236	0.1782	0.85857	8596
SBayesRC_SCZ25_META	absolute	parcel	lh_STSda		0.016204	1.5013	0.13331	8596
SBayesRC_SCZ25_META	absolute	parcel	lh_STSdp		0.03548	3.2889	0.0010098	8596
SBayesRC_SCZ25_META	absolute	parcel	lh_STSva		0.027569	2.5549	0.010639	8596
SBayesRC_SCZ25_META	absolute	parcel	lh_STSvp		0.017065	1.5811	0.11388	8596
SBayesRC_SCZ25_META	absolute	parcel	lh_STV		0.027866	2.5825	0.0098264	8596
SBayesRC_SCZ25_META	absolute	parcel	lh_TA2		0.0059864	0.55458	0.5792	8596
SBayesRC_SCZ25_META	absolute	parcel	lh_TE1a		0.010388	0.96234	0.3359	8596
SBayesRC_SCZ25_META	absolute	parcel	lh_TE1m		0.0092286	0.85497	0.39259	8596
SBayesRC_SCZ25_META	absolute	parcel	lh_TE1p		-0.0095634	-0.88599	0.37565	8596
SBayesRC_SCZ25_META	absolute	parcel	lh_TE2a		0.0056394	0.52243	0.60138	8596
SBayesRC_SCZ25_META	absolute	parcel	lh_TE2p		0.028711	2.6609	0.0078077	8596
SBayesRC_SCZ25_META	absolute	parcel	lh_TF		0.011264	1.0435	0.29673	8596
SBayesRC_SCZ25_META	absolute	parcel	lh_TGd		0.012579	1.1654	0.24388	8596
SBayesRC_SCZ25_META	absolute	parcel	lh_TGv		0.028082	2.6025	0.0092699	8596
SBayesRC_SCZ25_META	absolute	parcel	lh_TPOJ1		0.046515	4.3138	1.6228e-05	8596
SBayesRC_SCZ25_META	absolute	parcel	lh_TPOJ2		0.022082	2.0462	0.040772	8596
SBayesRC_SCZ25_META	absolute	parcel	lh_TPOJ3		0.036748	3.4066	0.00066086	8596
SBayesRC_SCZ25_META	absolute	parcel	lh_V1		-0.010194	-0.94441	0.34499	8596
SBayesRC_SCZ25_META	absolute	parcel	lh_V2		0.010532	0.97577	0.32921	8596
SBayesRC_SCZ25_META	absolute	parcel	lh_V3		0.010252	0.94978	0.34225	8596
SBayesRC_SCZ25_META	absolute	parcel	lh_V3A		0.025557	2.3683	0.017891	8596
SBayesRC_SCZ25_META	absolute	parcel	lh_V3B		0.036573	3.3904	0.00070117	8596
SBayesRC_SCZ25_META	absolute	parcel	lh_V3CD		0.031689	2.9372	0.0033212	8596
SBayesRC_SCZ25_META	absolute	parcel	lh_V4		0.033058	3.0642	0.0021895	8596
SBayesRC_SCZ25_META	absolute	parcel	lh_V4t		0.016314	1.5115	0.13069	8596
SBayesRC_SCZ25_META	absolute	parcel	lh_V6		0.027263	2.5265	0.011538	8596
SBayesRC_SCZ25_META	absolute	parcel	lh_V6A		0.012682	1.175	0.24004	8596
SBayesRC_SCZ25_META	absolute	parcel	lh_V7		0.012733	1.1797	0.23815	8596
SBayesRC_SCZ25_META	absolute	parcel	lh_V8		0.004047	0.37491	0.70773	8596
SBayesRC_SCZ25_META	absolute	parcel	lh_VIP		0.0072739	0.67387	0.50041	8596
SBayesRC_SCZ25_META	absolute	parcel	lh_VMV1		-0.0057091	-0.5289	0.59689	8596
SBayesRC_SCZ25_META	absolute	parcel	lh_VMV2		0.017632	1.6336	0.10237	8596
SBayesRC_SCZ25_META	absolute	parcel	lh_VMV3		0.024388	2.2599	0.02385	8596
SBayesRC_SCZ25_META	absolute	parcel	lh_VVC		0.0069147	0.64058	0.52181	8596
SBayesRC_SCZ25_META	absolute	parcel	lh_a10p		-0.0029144	-0.26999	0.78718	8596
SBayesRC_SCZ25_META	absolute	parcel	lh_a24		0.0022629	0.20963	0.83396	8596
SBayesRC_SCZ25_META	absolute	parcel	lh_a24pr		0.015416	1.4283	0.15325	8596
SBayesRC_SCZ25_META	absolute	parcel	lh_a32pr		0.033341	3.0904	0.0020053	8596
SBayesRC_SCZ25_META	absolute	parcel	lh_a47r		0.0021016	0.19469	0.84564	8596
SBayesRC_SCZ25_META	absolute	parcel	lh_a9-46v		0.01612	1.4935	0.13534	8596
SBayesRC_SCZ25_META	absolute	parcel	lh_d23ab		0.013714	1.2706	0.20391	8596
SBayesRC_SCZ25_META	absolute	parcel	lh_d32		0.020859	1.9328	0.053296	8596
SBayesRC_SCZ25_META	absolute	parcel	lh_i6-8		0.0043261	0.40077	0.6886	8596
SBayesRC_SCZ25_META	absolute	parcel	lh_p10p		0.0045487	0.42139	0.67348	8596
SBayesRC_SCZ25_META	absolute	parcel	lh_p24		0.017427	1.6147	0.10642	8596
SBayesRC_SCZ25_META	absolute	parcel	lh_p24pr		0.012053	1.1166	0.26418	8596
SBayesRC_SCZ25_META	absolute	parcel	lh_p32		0.012155	1.1261	0.26017	8596
SBayesRC_SCZ25_META	absolute	parcel	lh_p32pr		0.025006	2.3173	0.020512	8596
SBayesRC_SCZ25_META	absolute	parcel	lh_p47r		0.0050902	0.47155	0.63726	8596
SBayesRC_SCZ25_META	absolute	parcel	lh_p9-46v		0.0229	2.122	0.033866	8596
SBayesRC_SCZ25_META	absolute	parcel	lh_pOFC		-0.0079017	-0.73203	0.46417	8596
SBayesRC_SCZ25_META	absolute	parcel	lh_s32		0.020228	1.8743	0.060924	8596
SBayesRC_SCZ25_META	absolute	parcel	lh_s6-8		0.014114	1.3076	0.19105	8596
SBayesRC_SCZ25_META	absolute	parcel	lh_v23ab		0.0035901	0.33258	0.73946	8596
SBayesRC_SCZ25_META	relative	cortex	1	Primary_Visual	-0.019171	-1.7762	0.075733	8596
SBayesRC_SCZ25_META	relative	cortex	2	Early_Visual	0.0033572	0.31099	0.75582	8596
SBayesRC_SCZ25_META	relative	cortex	3	Dorsal_Stream_Visual	0.010081	0.93388	0.35039	8596
SBayesRC_SCZ25_META	relative	cortex	4	Ventral_Stream_Visual	-0.0083121	-0.77001	0.44132	8596
SBayesRC_SCZ25_META	relative	cortex	5	MT+_Complex_and_Neighboring_Visual_Areas	0.015955	1.4782	0.13939	8596
SBayesRC_SCZ25_META	relative	cortex	6	Somatosensory_and_Motor	-0.0078444	-0.72668	0.46744	8596
SBayesRC_SCZ25_META	relative	cortex	7	Paracentral_Lobular_and_Mid_Cingulate	0.010347	0.95855	0.33781	8596
SBayesRC_SCZ25_META	relative	cortex	8	Premotor	0.0093568	0.86679	0.38608	8596
SBayesRC_SCZ25_META	relative	cortex	9	Posterior_Opercular	-0.0026842	-0.24865	0.80364	8596
SBayesRC_SCZ25_META	relative	cortex	10	Early_Auditory	0.017803	1.6494	0.099099	8596
SBayesRC_SCZ25_META	relative	cortex	11	Auditory_Association	0.0060999	0.56507	0.57204	8596
SBayesRC_SCZ25_META	relative	cortex	12	Insular_and_Frontal_Opercular	-0.025471	-2.3602	0.018287	8596
SBayesRC_SCZ25_META	relative	cortex	13	Medial_Temporal	-0.0088109	-0.81622	0.4144	8596
SBayesRC_SCZ25_META	relative	cortex	14	Lateral_Temporal	-0.0051749	-0.47938	0.63168	8596
SBayesRC_SCZ25_META	relative	cortex	15	Temporo-Parieto_Occipital_Junction	0.024371	2.2583	0.023955	8596
SBayesRC_SCZ25_META	relative	cortex	16	Superior_Parietal	-0.00083242	-0.077111	0.93854	8596
SBayesRC_SCZ25_META	relative	cortex	17	Inferior_Parietal	-0.0058993	-0.54649	0.58475	8596
SBayesRC_SCZ25_META	relative	cortex	18	Posterior_Cingulate	-0.0090249	-0.83604	0.40316	8596
SBayesRC_SCZ25_META	relative	cortex	19	Anterior_Cingulate_and_Medial_Prefrontal	0.0063964	0.59254	0.55351	8596
SBayesRC_SCZ25_META	relative	cortex	20	Orbital_and_Polar_Frontal	-0.014922	-1.3824	0.16687	8596
SBayesRC_SCZ25_META	relative	cortex	21	Inferior_Frontal	0.0066076	0.6121	0.54049	8596
SBayesRC_SCZ25_META	relative	cortex	22	Dorsolateral_Prefrontal	0.0072932	0.67561	0.4993	8596
SBayesRC_SCZ25_META	relative	parcel	lh_1		-0.0086492	-0.80124	0.42301	8596
SBayesRC_SCZ25_META	relative	parcel	lh_10d		-0.0069829	-0.64686	0.51774	8596
SBayesRC_SCZ25_META	relative	parcel	lh_10pp		-0.0056273	-0.52129	0.60218	8596
SBayesRC_SCZ25_META	relative	parcel	lh_10r		0.015837	1.4672	0.14235	8596
SBayesRC_SCZ25_META	relative	parcel	lh_10v		-0.010781	-0.99879	0.31793	8596
SBayesRC_SCZ25_META	relative	parcel	lh_11l		-0.020865	-1.9332	0.053242	8596
SBayesRC_SCZ25_META	relative	parcel	lh_13l		-0.0060416	-0.55967	0.57572	8596
SBayesRC_SCZ25_META	relative	parcel	lh_2		0.0058872	0.54536	0.58552	8596
SBayesRC_SCZ25_META	relative	parcel	lh_23c		-0.011639	-1.0783	0.28095	8596
SBayesRC_SCZ25_META	relative	parcel	lh_23d		-0.0082081	-0.76037	0.44705	8596
SBayesRC_SCZ25_META	relative	parcel	lh_24dd		0.014499	1.3432	0.17924	8596
SBayesRC_SCZ25_META	relative	parcel	lh_24dv		0.0026351	0.2441	0.80716	8596
SBayesRC_SCZ25_META	relative	parcel	lh_25		-0.004363	-0.40416	0.6861	8596
SBayesRC_SCZ25_META	relative	parcel	lh_31a		-0.0064484	-0.59735	0.55029	8596
SBayesRC_SCZ25_META	relative	parcel	lh_31pd		0.011518	1.0671	0.28597	8596
SBayesRC_SCZ25_META	relative	parcel	lh_31pv		-0.0019877	-0.18413	0.85392	8596
SBayesRC_SCZ25_META	relative	parcel	lh_33pr		0.0011071	0.10255	0.91832	8596
SBayesRC_SCZ25_META	relative	parcel	lh_3a		-0.0040874	-0.37863	0.70497	8596
SBayesRC_SCZ25_META	relative	parcel	lh_3b		-0.021232	-1.9673	0.049186	8596
SBayesRC_SCZ25_META	relative	parcel	lh_4		0.0079715	0.73845	0.46026	8596
SBayesRC_SCZ25_META	relative	parcel	lh_43		0.011942	1.1063	0.26863	8596
SBayesRC_SCZ25_META	relative	parcel	lh_44		0.0015168	0.14051	0.88826	8596
SBayesRC_SCZ25_META	relative	parcel	lh_45		9.7706e-06	0.00090509	0.99928	8596
SBayesRC_SCZ25_META	relative	parcel	lh_46		0.0013695	0.12686	0.89905	8596
SBayesRC_SCZ25_META	relative	parcel	lh_47l		0.0041011	0.3799	0.70403	8596
SBayesRC_SCZ25_META	relative	parcel	lh_47m		-0.0070087	-0.64926	0.51619	8596
SBayesRC_SCZ25_META	relative	parcel	lh_47s		0.0010014	0.092767	0.92609	8596
SBayesRC_SCZ25_META	relative	parcel	lh_52		0.0047033	0.43569	0.66307	8596
SBayesRC_SCZ25_META	relative	parcel	lh_55b		0.011447	1.0605	0.28897	8596
SBayesRC_SCZ25_META	relative	parcel	lh_5L		0.0059648	0.55255	0.58059	8596
SBayesRC_SCZ25_META	relative	parcel	lh_5m		-0.0047879	-0.44353	0.6574	8596
SBayesRC_SCZ25_META	relative	parcel	lh_5mv		0.014643	1.3566	0.17495	8596
SBayesRC_SCZ25_META	relative	parcel	lh_6a		0.020409	1.8909	0.058668	8596
SBayesRC_SCZ25_META	relative	parcel	lh_6d		0.005731	0.53089	0.59551	8596
SBayesRC_SCZ25_META	relative	parcel	lh_6ma		-0.0063344	-0.58679	0.55736	8596
SBayesRC_SCZ25_META	relative	parcel	lh_6mp		0.0062706	0.58088	0.56134	8596
SBayesRC_SCZ25_META	relative	parcel	lh_6r		-0.007776	-0.72034	0.47133	8596
SBayesRC_SCZ25_META	relative	parcel	lh_6v		0.0069458	0.64343	0.51996	8596
SBayesRC_SCZ25_META	relative	parcel	lh_7AL		-0.0095951	-0.88887	0.3741	8596
SBayesRC_SCZ25_META	relative	parcel	lh_7Am		-0.0099692	-0.92353	0.35576	8596
SBayesRC_SCZ25_META	relative	parcel	lh_7PC		-0.019764	-1.8312	0.067105	8596
SBayesRC_SCZ25_META	relative	parcel	lh_7PL		0.001938	0.17953	0.85753	8596
SBayesRC_SCZ25_META	relative	parcel	lh_7Pm		0.0023792	0.22039	0.82557	8596
SBayesRC_SCZ25_META	relative	parcel	lh_7m		-0.0050264	-0.46562	0.6415	8596
SBayesRC_SCZ25_META	relative	parcel	lh_8Ad		0.018468	1.7111	0.087106	8596
SBayesRC_SCZ25_META	relative	parcel	lh_8Av		0.0018228	0.16886	0.86591	8596
SBayesRC_SCZ25_META	relative	parcel	lh_8BL		-0.00086801	-0.080407	0.93592	8596
SBayesRC_SCZ25_META	relative	parcel	lh_8BM		0.0073027	0.67649	0.49875	8596
SBayesRC_SCZ25_META	relative	parcel	lh_8C		0.021058	1.9511	0.051079	8596
SBayesRC_SCZ25_META	relative	parcel	lh_9-46d		0.018571	1.7206	0.085352	8596
SBayesRC_SCZ25_META	relative	parcel	lh_9a		0.0010404	0.096379	0.92322	8596
SBayesRC_SCZ25_META	relative	parcel	lh_9m		0.0062212	0.5763	0.56443	8596
SBayesRC_SCZ25_META	relative	parcel	lh_9p		0.0068071	0.63058	0.52833	8596
SBayesRC_SCZ25_META	relative	parcel	lh_A1		-0.0053098	-0.49188	0.62282	8596
SBayesRC_SCZ25_META	relative	parcel	lh_A4		0.0051093	0.4733	0.63601	8596
SBayesRC_SCZ25_META	relative	parcel	lh_A5		0.0084294	0.78087	0.4349	8596
SBayesRC_SCZ25_META	relative	parcel	lh_AAIC		0.0090127	0.83492	0.40379	8596
SBayesRC_SCZ25_META	relative	parcel	lh_AIP		0.01895	1.7557	0.079174	8596
SBayesRC_SCZ25_META	relative	parcel	lh_AVI		0.0018697	0.1732	0.8625	8596
SBayesRC_SCZ25_META	relative	parcel	lh_DVT		0.00032345	0.029963	0.9761	8596
SBayesRC_SCZ25_META	relative	parcel	lh_EC		-0.0058759	-0.54432	0.58624	8596
SBayesRC_SCZ25_META	relative	parcel	lh_FEF		-0.0074953	-0.69434	0.48749	8596
SBayesRC_SCZ25_META	relative	parcel	lh_FFC		-0.0085715	-0.79404	0.4272	8596
SBayesRC_SCZ25_META	relative	parcel	lh_FOP1		-0.018117	-1.6785	0.093288	8596
SBayesRC_SCZ25_META	relative	parcel	lh_FOP2		-0.020287	-1.8796	0.060195	8596
SBayesRC_SCZ25_META	relative	parcel	lh_FOP3		-0.017473	-1.6188	0.10552	8596
SBayesRC_SCZ25_META	relative	parcel	lh_FOP4		-0.010119	-0.93745	0.34856	8596
SBayesRC_SCZ25_META	relative	parcel	lh_FOP5		-0.0081813	-0.75789	0.44854	8596
SBayesRC_SCZ25_META	relative	parcel	lh_FST		0.013748	1.2737	0.20281	8596
SBayesRC_SCZ25_META	relative	parcel	lh_IFJa		0.019438	1.8009	0.071752	8596
SBayesRC_SCZ25_META	relative	parcel	lh_IFJp		0.014899	1.3803	0.16752	8596
SBayesRC_SCZ25_META	relative	parcel	lh_IFSa		0.0056171	0.52034	0.60284	8596
SBayesRC_SCZ25_META	relative	parcel	lh_IFSp		0.015728	1.4571	0.14512	8596
SBayesRC_SCZ25_META	relative	parcel	lh_IP0		-0.0010323	-0.095624	0.92382	8596
SBayesRC_SCZ25_META	relative	parcel	lh_IP1		0.0077494	0.71787	0.47286	8596
SBayesRC_SCZ25_META	relative	parcel	lh_IP2		0.016376	1.5172	0.12926	8596
SBayesRC_SCZ25_META	relative	parcel	lh_IPS1		0.00060693	0.056222	0.95517	8596
SBayesRC_SCZ25_META	relative	parcel	lh_Ig		-0.032724	-3.0329	0.002429	8596
SBayesRC_SCZ25_META	relative	parcel	lh_LBelt		0.0052324	0.48471	0.6279	8596
SBayesRC_SCZ25_META	relative	parcel	lh_LIPd		0.010576	0.97973	0.32725	8596
SBayesRC_SCZ25_META	relative	parcel	lh_LIPv		0.014539	1.3469	0.17805	8596
SBayesRC_SCZ25_META	relative	parcel	lh_LO1		0.0047775	0.44256	0.6581	8596
SBayesRC_SCZ25_META	relative	parcel	lh_LO2		-0.010195	-0.94447	0.34496	8596
SBayesRC_SCZ25_META	relative	parcel	lh_LO3		0.0043156	0.39977	0.68933	8596
SBayesRC_SCZ25_META	relative	parcel	lh_MBelt		0.0040685	0.37688	0.70627	8596
SBayesRC_SCZ25_META	relative	parcel	lh_MI		-0.011226	-1.0399	0.2984	8596
SBayesRC_SCZ25_META	relative	parcel	lh_MIP		0.018864	1.7478	0.080535	8596
SBayesRC_SCZ25_META	relative	parcel	lh_MST		0.0268	2.4835	0.013028	8596
SBayesRC_SCZ25_META	relative	parcel	lh_MT		0.015723	1.4567	0.14524	8596
SBayesRC_SCZ25_META	relative	parcel	lh_OFC		-7.0618e-05	-0.0065416	0.99478	8596
SBayesRC_SCZ25_META	relative	parcel	lh_OP1		0.007782	0.7209	0.47099	8596
SBayesRC_SCZ25_META	relative	parcel	lh_OP2-3		-0.0067258	-0.62305	0.53327	8596
SBayesRC_SCZ25_META	relative	parcel	lh_OP4		-0.0045107	-0.41785	0.67607	8596
SBayesRC_SCZ25_META	relative	parcel	lh_PBelt		0.025795	2.3903	0.016855	8596
SBayesRC_SCZ25_META	relative	parcel	lh_PCV		0.0037403	0.34648	0.72899	8596
SBayesRC_SCZ25_META	relative	parcel	lh_PEF		0.0031546	0.29222	0.77013	8596
SBayesRC_SCZ25_META	relative	parcel	lh_PF		-0.0080577	-0.74644	0.45542	8596
SBayesRC_SCZ25_META	relative	parcel	lh_PFcm		0.019616	1.8175	0.069181	8596
SBayesRC_SCZ25_META	relative	parcel	lh_PFm		-0.0023768	-0.22017	0.82574	8596
SBayesRC_SCZ25_META	relative	parcel	lh_PFop		-0.0058806	-0.54475	0.58594	8596
SBayesRC_SCZ25_META	relative	parcel	lh_PFt		-3.3664e-05	-0.0031184	0.99751	8596
SBayesRC_SCZ25_META	relative	parcel	lh_PGi		-0.0074918	-0.69401	0.48769	8596
SBayesRC_SCZ25_META	relative	parcel	lh_PGp		-0.00030097	-0.02788	0.97776	8596
SBayesRC_SCZ25_META	relative	parcel	lh_PGs		-0.01164	-1.0783	0.28094	8596
SBayesRC_SCZ25_META	relative	parcel	lh_PH		-0.0072329	-0.67003	0.50286	8596
SBayesRC_SCZ25_META	relative	parcel	lh_PHA1		0.007847	0.72692	0.4673	8596
SBayesRC_SCZ25_META	relative	parcel	lh_PHA2		-0.0002406	-0.022288	0.98222	8596
SBayesRC_SCZ25_META	relative	parcel	lh_PHA3		0.015383	1.4251	0.15416	8596
SBayesRC_SCZ25_META	relative	parcel	lh_PHT		-0.0044985	-0.41672	0.6769	8596
SBayesRC_SCZ25_META	relative	parcel	lh_PI		0.0036776	0.34067	0.73336	8596
SBayesRC_SCZ25_META	relative	parcel	lh_PIT		-0.0048562	-0.44986	0.65283	8596
SBayesRC_SCZ25_META	relative	parcel	lh_POS1		-0.01233	-1.1423	0.25337	8596
SBayesRC_SCZ25_META	relative	parcel	lh_POS2		-0.017024	-1.5772	0.11478	8596
SBayesRC_SCZ25_META	relative	parcel	lh_PSL		0.0038322	0.355	0.7226	8596
SBayesRC_SCZ25_META	relative	parcel	lh_PeEc		-0.0024028	-0.22258	0.82387	8596
SBayesRC_SCZ25_META	relative	parcel	lh_Pir		-0.014272	-1.3222	0.18612	8596
SBayesRC_SCZ25_META	relative	parcel	lh_PoI1		-0.01678	-1.5546	0.12009	8596
SBayesRC_SCZ25_META	relative	parcel	lh_PoI2		-0.029422	-2.7266	0.0064111	8596
SBayesRC_SCZ25_META	relative	parcel	lh_PreS		-0.026302	-2.4373	0.014817	8596
SBayesRC_SCZ25_META	relative	parcel	lh_ProS		-0.001759	-0.16294	0.87057	8596
SBayesRC_SCZ25_META	relative	parcel	lh_RI		0.010599	0.98187	0.32619	8596
SBayesRC_SCZ25_META	relative	parcel	lh_RSC		-0.0026157	-0.2423	0.80855	8596
SBayesRC_SCZ25_META	relative	parcel	lh_SCEF		0.016682	1.5455	0.12225	8596
SBayesRC_SCZ25_META	relative	parcel	lh_SFL		-0.0017369	-0.1609	0.87218	8596
SBayesRC_SCZ25_META	relative	parcel	lh_STGa		-0.010357	-0.95945	0.33736	8596
SBayesRC_SCZ25_META	relative	parcel	lh_STSda		0.0016399	0.15191	0.87926	8596
SBayesRC_SCZ25_META	relative	parcel	lh_STSdp		0.023172	2.1471	0.031813	8596
SBayesRC_SCZ25_META	relative	parcel	lh_STSva		0.016033	1.4854	0.13747	8596
SBayesRC_SCZ25_META	relative	parcel	lh_STSvp		0.0027342	0.25328	0.80006	8596
SBayesRC_SCZ25_META	relative	parcel	lh_STV		0.015147	1.4033	0.16057	8596
SBayesRC_SCZ25_META	relative	parcel	lh_TA2		-0.0047762	-0.44244	0.65818	8596
SBayesRC_SCZ25_META	relative	parcel	lh_TE1a		-0.0026939	-0.24954	0.80295	8596
SBayesRC_SCZ25_META	relative	parcel	lh_TE1m		-0.0031567	-0.29241	0.76998	8596
SBayesRC_SCZ25_META	relative	parcel	lh_TE1p		-0.025928	-2.4026	0.016299	8596
SBayesRC_SCZ25_META	relative	parcel	lh_TE2a		-0.010422	-0.96547	0.33434	8596
SBayesRC_SCZ25_META	relative	parcel	lh_TE2p		0.017835	1.6524	0.098485	8596
SBayesRC_SCZ25_META	relative	parcel	lh_TF		0.00031052	0.028765	0.97705	8596
SBayesRC_SCZ25_META	relative	parcel	lh_TGd		0.0018823	0.17437	0.86158	8596
SBayesRC_SCZ25_META	relative	parcel	lh_TGv		0.018508	1.7148	0.086426	8596
SBayesRC_SCZ25_META	relative	parcel	lh_TPOJ1		0.035371	3.2786	0.0010475	8596
SBayesRC_SCZ25_META	relative	parcel	lh_TPOJ2		0.0067199	0.6225	0.53363	8596
SBayesRC_SCZ25_META	relative	parcel	lh_TPOJ3		0.024975	2.3142	0.020679	8596
SBayesRC_SCZ25_META	relative	parcel	lh_V1		-0.019171	-1.7762	0.075733	8596
SBayesRC_SCZ25_META	relative	parcel	lh_V2		-0.0051241	-0.47467	0.63503	8596
SBayesRC_SCZ25_META	relative	parcel	lh_V3		-0.0050202	-0.46505	0.64191	8596
SBayesRC_SCZ25_META	relative	parcel	lh_V3A		0.011245	1.0417	0.29758	8596
SBayesRC_SCZ25_META	relative	parcel	lh_V3B		0.025731	2.3844	0.01713	8596
SBayesRC_SCZ25_META	relative	parcel	lh_V3CD		0.019753	1.8301	0.067266	8596
SBayesRC_SCZ25_META	relative	parcel	lh_V4		0.018516	1.7155	0.086292	8596
SBayesRC_SCZ25_META	relative	parcel	lh_V4t		0.0034367	0.31836	0.75022	8596
SBayesRC_SCZ25_META	relative	parcel	lh_V6		0.013641	1.2637	0.20637	8596
SBayesRC_SCZ25_META	relative	parcel	lh_V6A		0.00026764	0.024793	0.98022	8596
SBayesRC_SCZ25_META	relative	parcel	lh_V7		-0.0018688	-0.17312	0.86256	8596
SBayesRC_SCZ25_META	relative	parcel	lh_V8		-0.011454	-1.0611	0.28867	8596
SBayesRC_SCZ25_META	relative	parcel	lh_VIP		-0.0067119	-0.62176	0.53411	8596
SBayesRC_SCZ25_META	relative	parcel	lh_VMV1		-0.015592	-1.4445	0.14862	8596
SBayesRC_SCZ25_META	relative	parcel	lh_VMV2		0.0073242	0.67849	0.49748	8596
SBayesRC_SCZ25_META	relative	parcel	lh_VMV3		0.013138	1.2172	0.22358	8596
SBayesRC_SCZ25_META	relative	parcel	lh_VVC		-0.0044019	-0.40777	0.68345	8596
SBayesRC_SCZ25_META	relative	parcel	lh_a10p		-0.01559	-1.4444	0.14867	8596
SBayesRC_SCZ25_META	relative	parcel	lh_a24		-0.0076121	-0.70516	0.48073	8596
SBayesRC_SCZ25_META	relative	parcel	lh_a24pr		0.0055904	0.51787	0.60456	8596
SBayesRC_SCZ25_META	relative	parcel	lh_a32pr		0.023109	2.1413	0.03228	8596
SBayesRC_SCZ25_META	relative	parcel	lh_a47r		-0.01571	-1.4555	0.14558	8596
SBayesRC_SCZ25_META	relative	parcel	lh_a9-46v		0.0015609	0.14459	0.88504	8596
SBayesRC_SCZ25_META	relative	parcel	lh_d23ab		0.0025762	0.23865	0.81138	8596
SBayesRC_SCZ25_META	relative	parcel	lh_d32		0.0079873	0.73991	0.45937	8596
SBayesRC_SCZ25_META	relative	parcel	lh_i6-8		-0.0099943	-0.92585	0.35455	8596
SBayesRC_SCZ25_META	relative	parcel	lh_p10p		-0.0093142	-0.86285	0.38825	8596
SBayesRC_SCZ25_META	relative	parcel	lh_p24		0.0088919	0.82372	0.41012	8596
SBayesRC_SCZ25_META	relative	parcel	lh_p24pr		0.0016544	0.15326	0.8782	8596
SBayesRC_SCZ25_META	relative	parcel	lh_p32		0.0003587	0.033227	0.97349	8596
SBayesRC_SCZ25_META	relative	parcel	lh_p32pr		0.013061	1.21	0.22632	8596
SBayesRC_SCZ25_META	relative	parcel	lh_p47r		-0.0091489	-0.84754	0.39672	8596
SBayesRC_SCZ25_META	relative	parcel	lh_p9-46v		0.0081755	0.75735	0.44886	8596
SBayesRC_SCZ25_META	relative	parcel	lh_pOFC		-0.012348	-1.144	0.25267	8596
SBayesRC_SCZ25_META	relative	parcel	lh_s32		0.012518	1.1597	0.24622	8596
SBayesRC_SCZ25_META	relative	parcel	lh_s6-8		0.002162	0.20027	0.84127	8596
SBayesRC_SCZ25_META	relative	parcel	lh_v23ab		-0.0081029	-0.75063	0.4529	8596
SBayesRC_SCZ25_META	absolute_ct	cortex	1	Primary_Visual	-0.0049159	-0.45538	0.64884	8596
SBayesRC_SCZ25_META	absolute_ct	cortex	2	Early_Visual	0.016962	1.5715	0.11611	8596
SBayesRC_SCZ25_META	absolute_ct	cortex	3	Dorsal_Stream_Visual	0.017499	1.6213	0.105	8596
SBayesRC_SCZ25_META	absolute_ct	cortex	4	Ventral_Stream_Visual	0.017247	1.5979	0.1101	8596
SBayesRC_SCZ25_META	absolute_ct	cortex	5	MT+_Complex_and_Neighboring_Visual_Areas	0.028345	2.6268	0.0086356	8596
SBayesRC_SCZ25_META	absolute_ct	cortex	6	Somatosensory_and_Motor	0.012008	1.1124	0.266	8596
SBayesRC_SCZ25_META	absolute_ct	cortex	7	Paracentral_Lobular_and_Mid_Cingulate	0.030095	2.7891	0.0052978	8596
SBayesRC_SCZ25_META	absolute_ct	cortex	8	Premotor	0.022686	2.102	0.035579	8596
SBayesRC_SCZ25_META	absolute_ct	cortex	9	Posterior_Opercular	0.0098869	0.9159	0.35974	8596
SBayesRC_SCZ25_META	absolute_ct	cortex	10	Early_Auditory	0.032536	3.0155	0.0025729	8596
SBayesRC_SCZ25_META	absolute_ct	cortex	11	Auditory_Association	0.025919	2.4018	0.016337	8596
SBayesRC_SCZ25_META	absolute_ct	cortex	12	Insular_and_Frontal_Opercular	0.0045497	0.42146	0.67343	8596
SBayesRC_SCZ25_META	absolute_ct	cortex	13	Medial_Temporal	0.013408	1.2422	0.2142	8596
SBayesRC_SCZ25_META	absolute_ct	cortex	14	Lateral_Temporal	0.022113	2.0489	0.040498	8596
SBayesRC_SCZ25_META	absolute_ct	cortex	15	Temporo-Parieto_Occipital_Junction	0.033526	3.1074	0.0018937	8596
SBayesRC_SCZ25_META	absolute_ct	cortex	16	Superior_Parietal	0.019281	1.7864	0.074073	8596
SBayesRC_SCZ25_META	absolute_ct	cortex	17	Inferior_Parietal	0.031153	2.8872	0.0038965	8596
SBayesRC_SCZ25_META	absolute_ct	cortex	18	Posterior_Cingulate	0.030504	2.827	0.004709	8596
SBayesRC_SCZ25_META	absolute_ct	cortex	19	Anterior_Cingulate_and_Medial_Prefrontal	0.024932	2.3103	0.020897	8596
SBayesRC_SCZ25_META	absolute_ct	cortex	20	Orbital_and_Polar_Frontal	0.024097	2.2328	0.025586	8596
SBayesRC_SCZ25_META	absolute_ct	cortex	21	Inferior_Frontal	0.034698	3.2161	0.0013043	8596
SBayesRC_SCZ25_META	absolute_ct	cortex	22	Dorsolateral_Prefrontal	0.029027	2.69	0.0071596	8596
SBayesRC_SCZ25_META	absolute_ct	parcel	lh_1		0.0099689	0.9235	0.35577	8596
SBayesRC_SCZ25_META	absolute_ct	parcel	lh_10d		0.019683	1.8237	0.068235	8596
SBayesRC_SCZ25_META	absolute_ct	parcel	lh_10pp		0.029055	2.6926	0.0071037	8596
SBayesRC_SCZ25_META	absolute_ct	parcel	lh_10r		0.028537	2.6445	0.0081952	8596
SBayesRC_SCZ25_META	absolute_ct	parcel	lh_10v		0.012926	1.1975	0.23114	8596
SBayesRC_SCZ25_META	absolute_ct	parcel	lh_11l		0.017559	1.6268	0.10382	8596
SBayesRC_SCZ25_META	absolute_ct	parcel	lh_13l		0.0076433	0.70805	0.47893	8596
SBayesRC_SCZ25_META	absolute_ct	parcel	lh_2		0.019136	1.7729	0.076275	8596
SBayesRC_SCZ25_META	absolute_ct	parcel	lh_23c		0.0028056	0.25989	0.79496	8596
SBayesRC_SCZ25_META	absolute_ct	parcel	lh_23d		0.0088045	0.81563	0.41474	8596
SBayesRC_SCZ25_META	absolute_ct	parcel	lh_24dd		0.023207	2.1503	0.031558	8596
SBayesRC_SCZ25_META	absolute_ct	parcel	lh_24dv		0.022639	2.0977	0.03596	8596
SBayesRC_SCZ25_META	absolute_ct	parcel	lh_25		0.00022513	0.020854	0.98336	8596
SBayesRC_SCZ25_META	absolute_ct	parcel	lh_31a		0.025132	2.3288	0.01989	8596
SBayesRC_SCZ25_META	absolute_ct	parcel	lh_31pd		0.037168	3.4454	0.0005729	8596
SBayesRC_SCZ25_META	absolute_ct	parcel	lh_31pv		0.035201	3.2628	0.0011075	8596
SBayesRC_SCZ25_META	absolute_ct	parcel	lh_33pr		0.0015715	0.14557	0.88426	8596
SBayesRC_SCZ25_META	absolute_ct	parcel	lh_3a		0.01266	1.1728	0.24089	8596
SBayesRC_SCZ25_META	absolute_ct	parcel	lh_3b		0.010339	0.9578	0.33819	8596
SBayesRC_SCZ25_META	absolute_ct	parcel	lh_4		0.013389	1.2404	0.21486	8596
SBayesRC_SCZ25_META	absolute_ct	parcel	lh_43		0.013507	1.2514	0.21084	8596
SBayesRC_SCZ25_META	absolute_ct	parcel	lh_44		0.014021	1.299	0.19399	8596
SBayesRC_SCZ25_META	absolute_ct	parcel	lh_45		0.025227	2.3376	0.019431	8596
SBayesRC_SCZ25_META	absolute_ct	parcel	lh_46		0.019602	1.8162	0.069377	8596
SBayesRC_SCZ25_META	absolute_ct	parcel	lh_47l		0.028235	2.6166	0.0088979	8596
SBayesRC_SCZ25_META	absolute_ct	parcel	lh_47m		0.0032314	0.29934	0.76469	8596
SBayesRC_SCZ25_META	absolute_ct	parcel	lh_47s		0.013115	1.215	0.22441	8596
SBayesRC_SCZ25_META	absolute_ct	parcel	lh_52		0.013327	1.2347	0.21698	8596
SBayesRC_SCZ25_META	absolute_ct	parcel	lh_55b		0.012578	1.1653	0.24394	8596
SBayesRC_SCZ25_META	absolute_ct	parcel	lh_5L		0.020164	1.8683	0.061756	8596
SBayesRC_SCZ25_META	absolute_ct	parcel	lh_5m		0.012373	1.1463	0.25172	8596
SBayesRC_SCZ25_META	absolute_ct	parcel	lh_5mv		0.031211	2.8926	0.0038307	8596
SBayesRC_SCZ25_META	absolute_ct	parcel	lh_6a		0.027082	2.5096	0.012105	8596
SBayesRC_SCZ25_META	absolute_ct	parcel	lh_6d		0.016868	1.5628	0.11813	8596
SBayesRC_SCZ25_META	absolute_ct	parcel	lh_6ma		0.0019698	0.18247	0.85522	8596
SBayesRC_SCZ25_META	absolute_ct	parcel	lh_6mp		0.020771	1.9245	0.054319	8596
SBayesRC_SCZ25_META	absolute_ct	parcel	lh_6r		0.0021682	0.20085	0.84082	8596
SBayesRC_SCZ25_META	absolute_ct	parcel	lh_6v		0.021854	2.0249	0.042904	8596
SBayesRC_SCZ25_META	absolute_ct	parcel	lh_7AL		0.020901	1.9366	0.052827	8596
SBayesRC_SCZ25_META	absolute_ct	parcel	lh_7Am		0.016804	1.5569	0.11954	8596
SBayesRC_SCZ25_META	absolute_ct	parcel	lh_7PC		0.00024268	0.02248	0.98207	8596
SBayesRC_SCZ25_META	absolute_ct	parcel	lh_7PL		0.0043917	0.40682	0.68415	8596
SBayesRC_SCZ25_META	absolute_ct	parcel	lh_7Pm		0.025929	2.4027	0.016294	8596
SBayesRC_SCZ25_META	absolute_ct	parcel	lh_7m		0.020535	1.9027	0.057116	8596
SBayesRC_SCZ25_META	absolute_ct	parcel	lh_8Ad		0.028544	2.6452	0.0081793	8596
SBayesRC_SCZ25_META	absolute_ct	parcel	lh_8Av		-0.0067684	-0.627	0.53068	8596
SBayesRC_SCZ25_META	absolute_ct	parcel	lh_8BL		0.013374	1.239	0.21537	8596
SBayesRC_SCZ25_META	absolute_ct	parcel	lh_8BM		0.018016	1.6691	0.09513	8596
SBayesRC_SCZ25_META	absolute_ct	parcel	lh_8C		0.032304	2.994	0.0027614	8596
SBayesRC_SCZ25_META	absolute_ct	parcel	lh_9-46d		0.03096	2.8694	0.0041231	8596
SBayesRC_SCZ25_META	absolute_ct	parcel	lh_9a		0.018509	1.7148	0.08641	8596
SBayesRC_SCZ25_META	absolute_ct	parcel	lh_9m		0.018686	1.7313	0.08344	8596
SBayesRC_SCZ25_META	absolute_ct	parcel	lh_9p		0.014134	1.3094	0.19044	8596
SBayesRC_SCZ25_META	absolute_ct	parcel	lh_A1		0.0082795	0.76698	0.44311	8596
SBayesRC_SCZ25_META	absolute_ct	parcel	lh_A4		0.02157	1.9986	0.045683	8596
SBayesRC_SCZ25_META	absolute_ct	parcel	lh_A5		0.026305	2.4376	0.014807	8596
SBayesRC_SCZ25_META	absolute_ct	parcel	lh_AAIC		0.013116	1.2151	0.22435	8596
SBayesRC_SCZ25_META	absolute_ct	parcel	lh_AIP		0.032367	2.9999	0.0027086	8596
SBayesRC_SCZ25_META	absolute_ct	parcel	lh_AVI		0.018206	1.6867	0.091692	8596
SBayesRC_SCZ25_META	absolute_ct	parcel	lh_DVT		0.022902	2.1221	0.033862	8596
SBayesRC_SCZ25_META	absolute_ct	parcel	lh_EC		0.0014748	0.13662	0.89133	8596
SBayesRC_SCZ25_META	absolute_ct	parcel	lh_FEF		0.015819	1.4655	0.14281	8596
SBayesRC_SCZ25_META	absolute_ct	parcel	lh_FFC		0.0066163	0.61291	0.53995	8596
SBayesRC_SCZ25_META	absolute_ct	parcel	lh_FOP1		-0.006171	-0.57166	0.56757	8596
SBayesRC_SCZ25_META	absolute_ct	parcel	lh_FOP2		0.01014	0.93932	0.34759	8596
SBayesRC_SCZ25_META	absolute_ct	parcel	lh_FOP3		0.0058569	0.54255	0.58745	8596
SBayesRC_SCZ25_META	absolute_ct	parcel	lh_FOP4		-2.837e-05	-0.0026281	0.9979	8596
SBayesRC_SCZ25_META	absolute_ct	parcel	lh_FOP5		0.011532	1.0684	0.28539	8596
SBayesRC_SCZ25_META	absolute_ct	parcel	lh_FST		0.023109	2.1412	0.032284	8596
SBayesRC_SCZ25_META	absolute_ct	parcel	lh_IFJa		0.029714	2.7538	0.005904	8596
SBayesRC_SCZ25_META	absolute_ct	parcel	lh_IFJp		0.013926	1.2901	0.19705	8596
SBayesRC_SCZ25_META	absolute_ct	parcel	lh_IFSa		0.026754	2.4792	0.013188	8596
SBayesRC_SCZ25_META	absolute_ct	parcel	lh_IFSp		0.031695	2.9375	0.0033171	8596
SBayesRC_SCZ25_META	absolute_ct	parcel	lh_IP0		0.029641	2.747	0.0060277	8596
SBayesRC_SCZ25_META	absolute_ct	parcel	lh_IP1		0.035498	3.2904	0.0010045	8596
SBayesRC_SCZ25_META	absolute_ct	parcel	lh_IP2		0.033046	3.0629	0.0021989	8596
SBayesRC_SCZ25_META	absolute_ct	parcel	lh_IPS1		0.015376	1.4245	0.15433	8596
SBayesRC_SCZ25_META	absolute_ct	parcel	lh_Ig		-0.010674	-0.98883	0.32277	8596
SBayesRC_SCZ25_META	absolute_ct	parcel	lh_LBelt		0.022086	2.0464	0.040744	8596
SBayesRC_SCZ25_META	absolute_ct	parcel	lh_LIPd		0.026818	2.4851	0.012969	8596
SBayesRC_SCZ25_META	absolute_ct	parcel	lh_LIPv		0.009148	0.84745	0.39677	8596
SBayesRC_SCZ25_META	absolute_ct	parcel	lh_LO1		0.0067823	0.62829	0.52983	8596
SBayesRC_SCZ25_META	absolute_ct	parcel	lh_LO2		-0.0030466	-0.28222	0.77778	8596
SBayesRC_SCZ25_META	absolute_ct	parcel	lh_LO3		0.020436	1.8935	0.058327	8596
SBayesRC_SCZ25_META	absolute_ct	parcel	lh_MBelt		0.01764	1.6343	0.10222	8596
SBayesRC_SCZ25_META	absolute_ct	parcel	lh_MI		0.00058083	0.053805	0.95709	8596
SBayesRC_SCZ25_META	absolute_ct	parcel	lh_MIP		0.029746	2.7567	0.0058516	8596
SBayesRC_SCZ25_META	absolute_ct	parcel	lh_MST		0.034906	3.2354	0.0012192	8596
SBayesRC_SCZ25_META	absolute_ct	parcel	lh_MT		0.017774	1.6467	0.099654	8596
SBayesRC_SCZ25_META	absolute_ct	parcel	lh_OFC		0.019465	1.8035	0.071348	8596
SBayesRC_SCZ25_META	absolute_ct	parcel	lh_OP1		0.0023245	0.21533	0.82952	8596
SBayesRC_SCZ25_META	absolute_ct	parcel	lh_OP2-3		0.012957	1.2004	0.23003	8596
SBayesRC_SCZ25_META	absolute_ct	parcel	lh_OP4		0.0045374	0.42032	0.67426	8596
SBayesRC_SCZ25_META	absolute_ct	parcel	lh_PBelt		0.034169	3.167	0.0015453	8596
SBayesRC_SCZ25_META	absolute_ct	parcel	lh_PCV		0.029085	2.6954	0.0070447	8596
SBayesRC_SCZ25_META	absolute_ct	parcel	lh_PEF		0.0046637	0.43202	0.66574	8596
SBayesRC_SCZ25_META	absolute_ct	parcel	lh_PF		0.0037215	0.34474	0.7303	8596
SBayesRC_SCZ25_META	absolute_ct	parcel	lh_PFcm		0.026157	2.4239	0.015376	8596
SBayesRC_SCZ25_META	absolute_ct	parcel	lh_PFm		0.01998	1.8512	0.06418	8596
SBayesRC_SCZ25_META	absolute_ct	parcel	lh_PFop		0.0097017	0.89874	0.36881	8596
SBayesRC_SCZ25_META	absolute_ct	parcel	lh_PFt		0.026582	2.4633	0.013788	8596
SBayesRC_SCZ25_META	absolute_ct	parcel	lh_PGi		0.017678	1.6378	0.1015	8596
SBayesRC_SCZ25_META	absolute_ct	parcel	lh_PGp		0.03366	3.1198	0.0018156	8596
SBayesRC_SCZ25_META	absolute_ct	parcel	lh_PGs		0.0085272	0.78994	0.42959	8596
SBayesRC_SCZ25_META	absolute_ct	parcel	lh_PH		0.015048	1.3941	0.16332	8596
SBayesRC_SCZ25_META	absolute_ct	parcel	lh_PHA1		0.014779	1.3692	0.17097	8596
SBayesRC_SCZ25_META	absolute_ct	parcel	lh_PHA2		0.015386	1.4254	0.15407	8596
SBayesRC_SCZ25_META	absolute_ct	parcel	lh_PHA3		0.026064	2.4152	0.015746	8596
SBayesRC_SCZ25_META	absolute_ct	parcel	lh_PHT		0.010636	0.9853	0.3245	8596
SBayesRC_SCZ25_META	absolute_ct	parcel	lh_PI		0.015502	1.4362	0.15099	8596
SBayesRC_SCZ25_META	absolute_ct	parcel	lh_PIT		0.018603	1.7236	0.084821	8596
SBayesRC_SCZ25_META	absolute_ct	parcel	lh_POS1		0.0013413	0.12425	0.90112	8596
SBayesRC_SCZ25_META	absolute_ct	parcel	lh_POS2		0.010066	0.93254	0.35108	8596
SBayesRC_SCZ25_META	absolute_ct	parcel	lh_PSL		0.0093645	0.86751	0.38569	8596
SBayesRC_SCZ25_META	absolute_ct	parcel	lh_PeEc		0.012297	1.1392	0.25464	8596
SBayesRC_SCZ25_META	absolute_ct	parcel	lh_Pir		0.002283	0.21149	0.83251	8596
SBayesRC_SCZ25_META	absolute_ct	parcel	lh_PoI1		-0.0060779	-0.56302	0.57343	8596
SBayesRC_SCZ25_META	absolute_ct	parcel	lh_PoI2		-0.0073454	-0.68045	0.49624	8596
SBayesRC_SCZ25_META	absolute_ct	parcel	lh_PreS		-0.0064684	-0.5992	0.54905	8596
SBayesRC_SCZ25_META	absolute_ct	parcel	lh_ProS		0.0093658	0.86762	0.38562	8596
SBayesRC_SCZ25_META	absolute_ct	parcel	lh_RI		0.015077	1.3968	0.16252	8596
SBayesRC_SCZ25_META	absolute_ct	parcel	lh_RSC		0.0028018	0.25954	0.79522	8596
SBayesRC_SCZ25_META	absolute_ct	parcel	lh_SCEF		0.025189	2.3341	0.019615	8596
SBayesRC_SCZ25_META	absolute_ct	parcel	lh_SFL		0.00043399	0.040202	0.96793	8596
SBayesRC_SCZ25_META	absolute_ct	parcel	lh_STGa		0.0011458	0.10614	0.91547	8596
SBayesRC_SCZ25_META	absolute_ct	parcel	lh_STSda		0.027586	2.5564	0.010594	8596
SBayesRC_SCZ25_META	absolute_ct	parcel	lh_STSdp		0.026571	2.4623	0.013826	8596
SBayesRC_SCZ25_META	absolute_ct	parcel	lh_STSva		0.026445	2.4505	0.014284	8596
SBayesRC_SCZ25_META	absolute_ct	parcel	lh_STSvp		0.015327	1.42	0.15565	8596
SBayesRC_SCZ25_META	absolute_ct	parcel	lh_STV		0.010701	0.99132	0.32156	8596
SBayesRC_SCZ25_META	absolute_ct	parcel	lh_TA2		-0.00050914	-0.047164	0.96238	8596
SBayesRC_SCZ25_META	absolute_ct	parcel	lh_TE1a		-0.004921	-0.45586	0.6485	8596
SBayesRC_SCZ25_META	absolute_ct	parcel	lh_TE1m		0.013773	1.2759	0.20202	8596
SBayesRC_SCZ25_META	absolute_ct	parcel	lh_TE1p		0.0030015	0.27804	0.78099	8596
SBayesRC_SCZ25_META	absolute_ct	parcel	lh_TE2a		0.022033	2.0415	0.041229	8596
SBayesRC_SCZ25_META	absolute_ct	parcel	lh_TE2p		0.029989	2.7793	0.0054599	8596
SBayesRC_SCZ25_META	absolute_ct	parcel	lh_TF		0.0089805	0.83193	0.40547	8596
SBayesRC_SCZ25_META	absolute_ct	parcel	lh_TGd		0.015505	1.4365	0.1509	8596
SBayesRC_SCZ25_META	absolute_ct	parcel	lh_TGv		0.02173	2.0134	0.0441	8596
SBayesRC_SCZ25_META	absolute_ct	parcel	lh_TPOJ1		0.037516	3.4777	0.00050825	8596
SBayesRC_SCZ25_META	absolute_ct	parcel	lh_TPOJ2		0.028742	2.6636	0.0077458	8596
SBayesRC_SCZ25_META	absolute_ct	parcel	lh_TPOJ3		0.040821	3.7845	0.00015504	8596
SBayesRC_SCZ25_META	absolute_ct	parcel	lh_V1		-0.0049159	-0.45538	0.64884	8596
SBayesRC_SCZ25_META	absolute_ct	parcel	lh_V2		0.0098928	0.91645	0.35946	8596
SBayesRC_SCZ25_META	absolute_ct	parcel	lh_V3		0.0074618	0.69123	0.48944	8596
SBayesRC_SCZ25_META	absolute_ct	parcel	lh_V3A		0.018875	1.7487	0.08037	8596
SBayesRC_SCZ25_META	absolute_ct	parcel	lh_V3B		0.026796	2.4831	0.013044	8596
SBayesRC_SCZ25_META	absolute_ct	parcel	lh_V3CD		0.024257	2.2477	0.024619	8596
SBayesRC_SCZ25_META	absolute_ct	parcel	lh_V4		0.028955	2.6833	0.0073033	8596
SBayesRC_SCZ25_META	absolute_ct	parcel	lh_V4t		0.027729	2.5696	0.010197	8596
SBayesRC_SCZ25_META	absolute_ct	parcel	lh_V6		0.019366	1.7943	0.0728	8596
SBayesRC_SCZ25_META	absolute_ct	parcel	lh_V6A		-4.984e-05	-0.0046169	0.99632	8596
SBayesRC_SCZ25_META	absolute_ct	parcel	lh_V7		0.0046589	0.43157	0.66606	8596
SBayesRC_SCZ25_META	absolute_ct	parcel	lh_V8		-0.0034549	-0.32004	0.74894	8596
SBayesRC_SCZ25_META	absolute_ct	parcel	lh_VIP		0.0017503	0.16214	0.8712	8596
SBayesRC_SCZ25_META	absolute_ct	parcel	lh_VMV1		0.0099622	0.92288	0.35609	8596
SBayesRC_SCZ25_META	absolute_ct	parcel	lh_VMV2		0.017331	1.6057	0.10838	8596
SBayesRC_SCZ25_META	absolute_ct	parcel	lh_VMV3		0.025662	2.3779	0.017431	8596
SBayesRC_SCZ25_META	absolute_ct	parcel	lh_VVC		0.0083988	0.77804	0.43657	8596
SBayesRC_SCZ25_META	absolute_ct	parcel	lh_a10p		0.014274	1.3224	0.18608	8596
SBayesRC_SCZ25_META	absolute_ct	parcel	lh_a24		0.014416	1.3355	0.18175	8596
SBayesRC_SCZ25_META	absolute_ct	parcel	lh_a24pr		0.011617	1.0762	0.28186	8596
SBayesRC_SCZ25_META	absolute_ct	parcel	lh_a32pr		0.025099	2.3257	0.020056	8596
SBayesRC_SCZ25_META	absolute_ct	parcel	lh_a47r		0.020109	1.8631	0.06248	8596
SBayesRC_SCZ25_META	absolute_ct	parcel	lh_a9-46v		0.019445	1.8016	0.071638	8596
SBayesRC_SCZ25_META	absolute_ct	parcel	lh_d23ab		0.030207	2.7995	0.0051295	8596
SBayesRC_SCZ25_META	absolute_ct	parcel	lh_d32		0.017371	1.6094	0.10757	8596
SBayesRC_SCZ25_META	absolute_ct	parcel	lh_i6-8		0.0088871	0.82328	0.41037	8596
SBayesRC_SCZ25_META	absolute_ct	parcel	lh_p10p		0.014977	1.3876	0.1653	8596
SBayesRC_SCZ25_META	absolute_ct	parcel	lh_p24		0.015921	1.475	0.14024	8596
SBayesRC_SCZ25_META	absolute_ct	parcel	lh_p24pr		0.015156	1.4041	0.16033	8596
SBayesRC_SCZ25_META	absolute_ct	parcel	lh_p32		0.019675	1.823	0.068345	8596
SBayesRC_SCZ25_META	absolute_ct	parcel	lh_p32pr		0.02692	2.4946	0.012628	8596
SBayesRC_SCZ25_META	absolute_ct	parcel	lh_p47r		0.018833	1.7448	0.081049	8596
SBayesRC_SCZ25_META	absolute_ct	parcel	lh_p9-46v		0.038263	3.5471	0.0003916	8596
SBayesRC_SCZ25_META	absolute_ct	parcel	lh_pOFC		-0.0011063	-0.10249	0.91837	8596
SBayesRC_SCZ25_META	absolute_ct	parcel	lh_s32		0.025664	2.3781	0.017422	8596
SBayesRC_SCZ25_META	absolute_ct	parcel	lh_s6-8		0.016228	1.5034	0.13277	8596
SBayesRC_SCZ25_META	absolute_ct	parcel	lh_v23ab		0.01204	1.1154	0.26472	8596
SBayesRC_SCZ25_META	relative_ct	cortex	1	Primary_Visual	-0.0097638	-0.90445	0.36578	8596
SBayesRC_SCZ25_META	relative_ct	cortex	2	Early_Visual	0.0035003	0.32423	0.74577	8596
SBayesRC_SCZ25_META	relative_ct	cortex	3	Dorsal_Stream_Visual	0.0067944	0.62937	0.52912	8596
SBayesRC_SCZ25_META	relative_ct	cortex	4	Ventral_Stream_Visual	-0.0013085	-0.1212	0.90353	8596
SBayesRC_SCZ25_META	relative_ct	cortex	5	MT+_Complex_and_Neighboring_Visual_Areas	0.016708	1.5478	0.1217	8596
SBayesRC_SCZ25_META	relative_ct	cortex	6	Somatosensory_and_Motor	0.0013652	0.12646	0.89937	8596
SBayesRC_SCZ25_META	relative_ct	cortex	7	Paracentral_Lobular_and_Mid_Cingulate	0.015515	1.4373	0.15068	8596
SBayesRC_SCZ25_META	relative_ct	cortex	8	Premotor	0.012219	1.1319	0.25771	8596
SBayesRC_SCZ25_META	relative_ct	cortex	9	Posterior_Opercular	-0.0011457	-0.10612	0.91549	8596
SBayesRC_SCZ25_META	relative_ct	cortex	10	Early_Auditory	0.021041	1.9495	0.051274	8596
SBayesRC_SCZ25_META	relative_ct	cortex	11	Auditory_Association	0.011569	1.0717	0.2839	8596
SBayesRC_SCZ25_META	relative_ct	cortex	12	Insular_and_Frontal_Opercular	-0.0044494	-0.41215	0.68024	8596
SBayesRC_SCZ25_META	relative_ct	cortex	13	Medial_Temporal	0.0025573	0.23688	0.81275	8596
SBayesRC_SCZ25_META	relative_ct	cortex	14	Lateral_Temporal	0.0062877	0.58243	0.56029	8596
SBayesRC_SCZ25_META	relative_ct	cortex	15	Temporo-Parieto_Occipital_Junction	0.026187	2.4265	0.015267	8596
SBayesRC_SCZ25_META	relative_ct	cortex	16	Superior_Parietal	0.0048442	0.44872	0.65365	8596
SBayesRC_SCZ25_META	relative_ct	cortex	17	Inferior_Parietal	0.0099082	0.91783	0.35874	8596
SBayesRC_SCZ25_META	relative_ct	cortex	18	Posterior_Cingulate	0.0075017	0.69489	0.48714	8596
SBayesRC_SCZ25_META	relative_ct	cortex	19	Anterior_Cingulate_and_Medial_Prefrontal	0.012815	1.1871	0.23522	8596
SBayesRC_SCZ25_META	relative_ct	cortex	20	Orbital_and_Polar_Frontal	0.0070505	0.65309	0.51372	8596
SBayesRC_SCZ25_META	relative_ct	cortex	21	Inferior_Frontal	0.016851	1.5611	0.11853	8596
SBayesRC_SCZ25_META	relative_ct	cortex	22	Dorsolateral_Prefrontal	0.015796	1.4634	0.1434	8596
SBayesRC_SCZ25_META	relative_ct	parcel	lh_1		-0.0013942	-0.12914	0.89725	8596
SBayesRC_SCZ25_META	relative_ct	parcel	lh_10d		0.012019	1.1133	0.26559	8596
SBayesRC_SCZ25_META	relative_ct	parcel	lh_10pp		0.022539	2.0883	0.0368	8596
SBayesRC_SCZ25_META	relative_ct	parcel	lh_10r		0.022494	2.0841	0.037181	8596
SBayesRC_SCZ25_META	relative_ct	parcel	lh_10v		0.0055044	0.50987	0.61016	8596
SBayesRC_SCZ25_META	relative_ct	parcel	lh_11l		0.007375	0.68315	0.49453	8596
SBayesRC_SCZ25_META	relative_ct	parcel	lh_13l		-0.0012224	-0.11323	0.90985	8596
SBayesRC_SCZ25_META	relative_ct	parcel	lh_2		0.008002	0.74124	0.45857	8596
SBayesRC_SCZ25_META	relative_ct	parcel	lh_23c		-0.0096689	-0.89566	0.37046	8596
SBayesRC_SCZ25_META	relative_ct	parcel	lh_23d		0.0037521	0.34755	0.72819	8596
SBayesRC_SCZ25_META	relative_ct	parcel	lh_24dd		0.013752	1.2739	0.20272	8596
SBayesRC_SCZ25_META	relative_ct	parcel	lh_24dv		0.012805	1.1862	0.23558	8596
SBayesRC_SCZ25_META	relative_ct	parcel	lh_25		-0.0012933	-0.1198	0.90465	8596
SBayesRC_SCZ25_META	relative_ct	parcel	lh_31a		0.01635	1.5147	0.12989	8596
SBayesRC_SCZ25_META	relative_ct	parcel	lh_31pd		0.027991	2.5938	0.0095091	8596
SBayesRC_SCZ25_META	relative_ct	parcel	lh_31pv		0.026047	2.4135	0.01582	8596
SBayesRC_SCZ25_META	relative_ct	parcel	lh_33pr		-0.00079447	-0.07359	0.94134	8596
SBayesRC_SCZ25_META	relative_ct	parcel	lh_3a		0.0055129	0.51066	0.6096	8596
SBayesRC_SCZ25_META	relative_ct	parcel	lh_3b		0.0088362	0.81851	0.41309	8596
SBayesRC_SCZ25_META	relative_ct	parcel	lh_4		0.0053832	0.49865	0.61804	8596
SBayesRC_SCZ25_META	relative_ct	parcel	lh_43		0.0060481	0.56024	0.57533	8596
SBayesRC_SCZ25_META	relative_ct	parcel	lh_44		0.0042974	0.39807	0.69059	8596
SBayesRC_SCZ25_META	relative_ct	parcel	lh_45		0.012622	1.1692	0.24235	8596
SBayesRC_SCZ25_META	relative_ct	parcel	lh_46		0.0065887	0.61032	0.54167	8596
SBayesRC_SCZ25_META	relative_ct	parcel	lh_47l		0.01619	1.4998	0.1337	8596
SBayesRC_SCZ25_META	relative_ct	parcel	lh_47m		-0.0054538	-0.50518	0.61344	8596
SBayesRC_SCZ25_META	relative_ct	parcel	lh_47s		0.0066191	0.61313	0.5398	8596
SBayesRC_SCZ25_META	relative_ct	parcel	lh_52		0.0054602	0.50578	0.61302	8596
SBayesRC_SCZ25_META	relative_ct	parcel	lh_55b		0.0057462	0.53227	0.59456	8596
SBayesRC_SCZ25_META	relative_ct	parcel	lh_5L		0.012396	1.1483	0.25087	8596
SBayesRC_SCZ25_META	relative_ct	parcel	lh_5m		0.0016354	0.15149	0.87959	8596
SBayesRC_SCZ25_META	relative_ct	parcel	lh_5mv		0.0203	1.8808	0.060038	8596
SBayesRC_SCZ25_META	relative_ct	parcel	lh_6a		0.018477	1.7118	0.086966	8596
SBayesRC_SCZ25_META	relative_ct	parcel	lh_6d		0.0094889	0.87898	0.37944	8596
SBayesRC_SCZ25_META	relative_ct	parcel	lh_6ma		-0.0065185	-0.60381	0.54599	8596
SBayesRC_SCZ25_META	relative_ct	parcel	lh_6mp		0.011671	1.0812	0.27965	8596
SBayesRC_SCZ25_META	relative_ct	parcel	lh_6r		-0.008936	-0.82776	0.40783	8596
SBayesRC_SCZ25_META	relative_ct	parcel	lh_6v		0.0148	1.371	0.17041	8596
SBayesRC_SCZ25_META	relative_ct	parcel	lh_7AL		0.011124	1.0304	0.30284	8596
SBayesRC_SCZ25_META	relative_ct	parcel	lh_7Am		0.0048315	0.44754	0.6545	8596
SBayesRC_SCZ25_META	relative_ct	parcel	lh_7PC		-0.011863	-1.099	0.27182	8596
SBayesRC_SCZ25_META	relative_ct	parcel	lh_7PL		-0.0061613	-0.57072	0.56821	8596
SBayesRC_SCZ25_META	relative_ct	parcel	lh_7Pm		0.016268	1.5071	0.13183	8596
SBayesRC_SCZ25_META	relative_ct	parcel	lh_7m		0.0086016	0.79678	0.4256	8596
SBayesRC_SCZ25_META	relative_ct	parcel	lh_8Ad		0.018637	1.7267	0.084266	8596
SBayesRC_SCZ25_META	relative_ct	parcel	lh_8Av		-0.0051071	-0.47307	0.63618	8596
SBayesRC_SCZ25_META	relative_ct	parcel	lh_8BL		0.0050123	0.46429	0.64245	8596
SBayesRC_SCZ25_META	relative_ct	parcel	lh_8BM		0.009073	0.84045	0.40068	8596
SBayesRC_SCZ25_META	relative_ct	parcel	lh_8C		0.022371	2.0727	0.038226	8596
SBayesRC_SCZ25_META	relative_ct	parcel	lh_9-46d		0.021176	1.9619	0.049803	8596
SBayesRC_SCZ25_META	relative_ct	parcel	lh_9a		0.010334	0.9573	0.33844	8596
SBayesRC_SCZ25_META	relative_ct	parcel	lh_9m		0.0093523	0.86633	0.38634	8596
SBayesRC_SCZ25_META	relative_ct	parcel	lh_9p		0.005383	0.49862	0.61806	8596
SBayesRC_SCZ25_META	relative_ct	parcel	lh_A1		0.0006374	0.059042	0.95292	8596
SBayesRC_SCZ25_META	relative_ct	parcel	lh_A4		0.011195	1.037	0.29975	8596
SBayesRC_SCZ25_META	relative_ct	parcel	lh_A5		0.017257	1.5987	0.10992	8596
SBayesRC_SCZ25_META	relative_ct	parcel	lh_AAIC		0.012012	1.1127	0.26587	8596
SBayesRC_SCZ25_META	relative_ct	parcel	lh_AIP		0.022157	2.0528	0.040118	8596
SBayesRC_SCZ25_META	relative_ct	parcel	lh_AVI		0.010621	0.9839	0.32519	8596
SBayesRC_SCZ25_META	relative_ct	parcel	lh_DVT		0.0099412	0.92088	0.35714	8596
SBayesRC_SCZ25_META	relative_ct	parcel	lh_EC		-0.00083134	-0.077006	0.93862	8596
SBayesRC_SCZ25_META	relative_ct	parcel	lh_FEF		0.0052467	0.486	0.62698	8596
SBayesRC_SCZ25_META	relative_ct	parcel	lh_FFC		-0.0067416	-0.62448	0.53233	8596
SBayesRC_SCZ25_META	relative_ct	parcel	lh_FOP1		-0.012807	-1.1864	0.23551	8596
SBayesRC_SCZ25_META	relative_ct	parcel	lh_FOP2		0.0031807	0.29462	0.76829	8596
SBayesRC_SCZ25_META	relative_ct	parcel	lh_FOP3		0.0022386	0.20736	0.83574	8596
SBayesRC_SCZ25_META	relative_ct	parcel	lh_FOP4		-0.0071235	-0.65985	0.50937	8596
SBayesRC_SCZ25_META	relative_ct	parcel	lh_FOP5		0.0016555	0.15335	0.87813	8596
SBayesRC_SCZ25_META	relative_ct	parcel	lh_FST		0.013664	1.2658	0.20564	8596
SBayesRC_SCZ25_META	relative_ct	parcel	lh_IFJa		0.021795	2.0193	0.04349	8596
SBayesRC_SCZ25_META	relative_ct	parcel	lh_IFJp		0.0085381	0.7909	0.42902	8596
SBayesRC_SCZ25_META	relative_ct	parcel	lh_IFSa		0.016235	1.504	0.13262	8596
SBayesRC_SCZ25_META	relative_ct	parcel	lh_IFSp		0.022506	2.0852	0.037077	8596
SBayesRC_SCZ25_META	relative_ct	parcel	lh_IP0		0.018293	1.6947	0.090167	8596
SBayesRC_SCZ25_META	relative_ct	parcel	lh_IP1		0.023947	2.2189	0.026523	8596
SBayesRC_SCZ25_META	relative_ct	parcel	lh_IP2		0.024071	2.2303	0.025752	8596
SBayesRC_SCZ25_META	relative_ct	parcel	lh_IPS1		0.002319	0.21481	0.82992	8596
SBayesRC_SCZ25_META	relative_ct	parcel	lh_Ig		-0.018345	-1.6996	0.089246	8596
SBayesRC_SCZ25_META	relative_ct	parcel	lh_LBelt		0.013798	1.2782	0.20122	8596
SBayesRC_SCZ25_META	relative_ct	parcel	lh_LIPd		0.018457	1.7099	0.087319	8596
SBayesRC_SCZ25_META	relative_ct	parcel	lh_LIPv		0.0014436	0.13372	0.89363	8596
SBayesRC_SCZ25_META	relative_ct	parcel	lh_LO1		-0.0023235	-0.21522	0.8296	8596
SBayesRC_SCZ25_META	relative_ct	parcel	lh_LO2		-0.013564	-1.2565	0.20897	8596
SBayesRC_SCZ25_META	relative_ct	parcel	lh_LO3		0.010018	0.92804	0.35341	8596
SBayesRC_SCZ25_META	relative_ct	parcel	lh_MBelt		0.008034	0.7442	0.45678	8596
SBayesRC_SCZ25_META	relative_ct	parcel	lh_MI		-0.0053588	-0.49639	0.61964	8596
SBayesRC_SCZ25_META	relative_ct	parcel	lh_MIP		0.021116	1.9564	0.050452	8596
SBayesRC_SCZ25_META	relative_ct	parcel	lh_MST		0.027684	2.5653	0.010326	8596
SBayesRC_SCZ25_META	relative_ct	parcel	lh_MT		0.0088225	0.81725	0.41381	8596
SBayesRC_SCZ25_META	relative_ct	parcel	lh_OFC		0.015483	1.4343	0.15152	8596
SBayesRC_SCZ25_META	relative_ct	parcel	lh_OP1		-0.0018337	-0.16986	0.86513	8596
SBayesRC_SCZ25_META	relative_ct	parcel	lh_OP2-3		0.0058743	0.54414	0.58636	8596
SBayesRC_SCZ25_META	relative_ct	parcel	lh_OP4		-0.0052372	-0.48512	0.6276	8596
SBayesRC_SCZ25_META	relative_ct	parcel	lh_PBelt		0.026682	2.4723	0.013442	8596
SBayesRC_SCZ25_META	relative_ct	parcel	lh_PCV		0.017645	1.6347	0.10215	8596
SBayesRC_SCZ25_META	relative_ct	parcel	lh_PEF		-0.0021111	-0.19554	0.84497	8596
SBayesRC_SCZ25_META	relative_ct	parcel	lh_PF		-0.005259	-0.48714	0.62617	8596
SBayesRC_SCZ25_META	relative_ct	parcel	lh_PFcm		0.018926	1.7534	0.079564	8596
SBayesRC_SCZ25_META	relative_ct	parcel	lh_PFm		0.0084596	0.78363	0.43328	8596
SBayesRC_SCZ25_META	relative_ct	parcel	lh_PFop		0.0013796	0.12779	0.89832	8596
SBayesRC_SCZ25_META	relative_ct	parcel	lh_PFt		0.016989	1.5739	0.11556	8596
SBayesRC_SCZ25_META	relative_ct	parcel	lh_PGi		0.00015971	0.014793	0.9882	8596
SBayesRC_SCZ25_META	relative_ct	parcel	lh_PGp		0.023819	2.2069	0.027344	8596
SBayesRC_SCZ25_META	relative_ct	parcel	lh_PGs		-0.0038236	-0.35418	0.72321	8596
SBayesRC_SCZ25_META	relative_ct	parcel	lh_PH		0.00036047	0.03339	0.97336	8596
SBayesRC_SCZ25_META	relative_ct	parcel	lh_PHA1		0.0093793	0.86883	0.38496	8596
SBayesRC_SCZ25_META	relative_ct	parcel	lh_PHA2		0.0092883	0.8604	0.38959	8596
SBayesRC_SCZ25_META	relative_ct	parcel	lh_PHA3		0.0184	1.7046	0.088302	8596
SBayesRC_SCZ25_META	relative_ct	parcel	lh_PHT		0.00020208	0.018718	0.98507	8596
SBayesRC_SCZ25_META	relative_ct	parcel	lh_PI		0.0089197	0.82625	0.40869	8596
SBayesRC_SCZ25_META	relative_ct	parcel	lh_PIT		0.0074617	0.69119	0.48947	8596
SBayesRC_SCZ25_META	relative_ct	parcel	lh_POS1		-0.0090191	-0.83546	0.40348	8596
SBayesRC_SCZ25_META	relative_ct	parcel	lh_POS2		-0.0067428	-0.62459	0.53226	8596
SBayesRC_SCZ25_META	relative_ct	parcel	lh_PSL		0.0028724	0.26607	0.7902	8596
SBayesRC_SCZ25_META	relative_ct	parcel	lh_PeEc		0.0068575	0.63522	0.5253	8596
SBayesRC_SCZ25_META	relative_ct	parcel	lh_Pir		0.0015618	0.14466	0.88498	8596
SBayesRC_SCZ25_META	relative_ct	parcel	lh_PoI1		-0.0095078	-0.88073	0.37849	8596
SBayesRC_SCZ25_META	relative_ct	parcel	lh_PoI2		-0.0078055	-0.72303	0.46968	8596
SBayesRC_SCZ25_META	relative_ct	parcel	lh_PreS		-0.0075451	-0.69891	0.48463	8596
SBayesRC_SCZ25_META	relative_ct	parcel	lh_ProS		0.0039388	0.36485	0.71523	8596
SBayesRC_SCZ25_META	relative_ct	parcel	lh_RI		0.0070823	0.65604	0.51182	8596
SBayesRC_SCZ25_META	relative_ct	parcel	lh_RSC		-0.0013137	-0.12168	0.90315	8596
SBayesRC_SCZ25_META	relative_ct	parcel	lh_SCEF		0.016704	1.5475	0.12179	8596
SBayesRC_SCZ25_META	relative_ct	parcel	lh_SFL		-0.0057182	-0.52968	0.59635	8596
SBayesRC_SCZ25_META	relative_ct	parcel	lh_STGa		-0.0059452	-0.55071	0.58185	8596
SBayesRC_SCZ25_META	relative_ct	parcel	lh_STSda		0.015806	1.4642	0.14317	8596
SBayesRC_SCZ25_META	relative_ct	parcel	lh_STSdp		0.018762	1.7382	0.082207	8596
SBayesRC_SCZ25_META	relative_ct	parcel	lh_STSva		0.018188	1.685	0.092027	8596
SBayesRC_SCZ25_META	relative_ct	parcel	lh_STSvp		0.0050535	0.4681	0.63972	8596
SBayesRC_SCZ25_META	relative_ct	parcel	lh_STV		0.0034632	0.3208	0.74837	8596
SBayesRC_SCZ25_META	relative_ct	parcel	lh_TA2		-0.007208	-0.66768	0.50436	8596
SBayesRC_SCZ25_META	relative_ct	parcel	lh_TE1a		-0.010397	-0.96315	0.3355	8596
SBayesRC_SCZ25_META	relative_ct	parcel	lh_TE1m		0.0063127	0.58475	0.55873	8596
SBayesRC_SCZ25_META	relative_ct	parcel	lh_TE1p		-0.007556	-0.69992	0.484	8596
SBayesRC_SCZ25_META	relative_ct	parcel	lh_TE2a		0.0086333	0.79972	0.4239	8596
SBayesRC_SCZ25_META	relative_ct	parcel	lh_TE2p		0.021576	1.999	0.045635	8596
SBayesRC_SCZ25_META	relative_ct	parcel	lh_TF		0.0001025	0.0094947	0.99242	8596
SBayesRC_SCZ25_META	relative_ct	parcel	lh_TGd		0.0068481	0.63434	0.52588	8596
SBayesRC_SCZ25_META	relative_ct	parcel	lh_TGv		0.017514	1.6225	0.10473	8596
SBayesRC_SCZ25_META	relative_ct	parcel	lh_TPOJ1		0.031547	2.9236	0.0034689	8596
SBayesRC_SCZ25_META	relative_ct	parcel	lh_TPOJ2		0.016934	1.5688	0.11674	8596
SBayesRC_SCZ25_META	relative_ct	parcel	lh_TPOJ3		0.031977	2.9635	0.0030502	8596
SBayesRC_SCZ25_META	relative_ct	parcel	lh_V1		-0.0097638	-0.90445	0.36578	8596
SBayesRC_SCZ25_META	relative_ct	parcel	lh_V2		-0.0011719	-0.10855	0.91356	8596
SBayesRC_SCZ25_META	relative_ct	parcel	lh_V3		-0.0047503	-0.44002	0.65994	8596
SBayesRC_SCZ25_META	relative_ct	parcel	lh_V3A		0.0091482	0.84742	0.39679	8596
SBayesRC_SCZ25_META	relative_ct	parcel	lh_V3B		0.0209	1.9364	0.052855	8596
SBayesRC_SCZ25_META	relative_ct	parcel	lh_V3CD		0.016917	1.5672	0.1171	8596
SBayesRC_SCZ25_META	relative_ct	parcel	lh_V4		0.018391	1.7038	0.088452	8596
SBayesRC_SCZ25_META	relative_ct	parcel	lh_V4t		0.017335	1.606	0.10831	8596
SBayesRC_SCZ25_META	relative_ct	parcel	lh_V6		0.010223	0.94695	0.34369	8596
SBayesRC_SCZ25_META	relative_ct	parcel	lh_V6A		-0.0088051	-0.81563	0.41473	8596
SBayesRC_SCZ25_META	relative_ct	parcel	lh_V7		-0.0052264	-0.48412	0.62831	8596
SBayesRC_SCZ25_META	relative_ct	parcel	lh_V8		-0.014583	-1.3509	0.17675	8596
SBayesRC_SCZ25_META	relative_ct	parcel	lh_VIP		-0.0080568	-0.74631	0.4555	8596
SBayesRC_SCZ25_META	relative_ct	parcel	lh_VMV1		0.0021718	0.20117	0.84057	8596
SBayesRC_SCZ25_META	relative_ct	parcel	lh_VMV2		0.0091097	0.84385	0.39878	8596
SBayesRC_SCZ25_META	relative_ct	parcel	lh_VMV3		0.016237	1.5042	0.13257	8596
SBayesRC_SCZ25_META	relative_ct	parcel	lh_VVC		0.00012242	0.011339	0.99095	8596
SBayesRC_SCZ25_META	relative_ct	parcel	lh_a10p		0.0051253	0.47475	0.63498	8596
SBayesRC_SCZ25_META	relative_ct	parcel	lh_a24		0.0098261	0.91022	0.36273	8596
SBayesRC_SCZ25_META	relative_ct	parcel	lh_a24pr		0.0051359	0.47574	0.63427	8596
SBayesRC_SCZ25_META	relative_ct	parcel	lh_a32pr		0.018688	1.7313	0.083431	8596
SBayesRC_SCZ25_META	relative_ct	parcel	lh_a47r		0.0055286	0.51211	0.60858	8596
SBayesRC_SCZ25_META	relative_ct	parcel	lh_a9-46v		0.0093051	0.86195	0.38874	8596
SBayesRC_SCZ25_META	relative_ct	parcel	lh_d23ab		0.02371	2.1969	0.028057	8596
SBayesRC_SCZ25_META	relative_ct	parcel	lh_d32		0.0083317	0.77178	0.44027	8596
SBayesRC_SCZ25_META	relative_ct	parcel	lh_i6-8		0.00012338	0.011428	0.99088	8596
SBayesRC_SCZ25_META	relative_ct	parcel	lh_p10p		0.005359	0.4964	0.61963	8596
SBayesRC_SCZ25_META	relative_ct	parcel	lh_p24		0.010919	1.0115	0.31182	8596
SBayesRC_SCZ25_META	relative_ct	parcel	lh_p24pr		0.0082486	0.76408	0.44484	8596
SBayesRC_SCZ25_META	relative_ct	parcel	lh_p32		0.010675	0.9889	0.32274	8596
SBayesRC_SCZ25_META	relative_ct	parcel	lh_p32pr		0.018389	1.7036	0.088492	8596
SBayesRC_SCZ25_META	relative_ct	parcel	lh_p47r		0.0086468	0.80097	0.42317	8596
SBayesRC_SCZ25_META	relative_ct	parcel	lh_p9-46v		0.027913	2.5865	0.0097109	8596
SBayesRC_SCZ25_META	relative_ct	parcel	lh_pOFC		-0.0020214	-0.18724	0.85148	8596
SBayesRC_SCZ25_META	relative_ct	parcel	lh_s32		0.02052	1.9011	0.05732	8596
SBayesRC_SCZ25_META	relative_ct	parcel	lh_s6-8		0.0082067	0.7602	0.44716	8596
SBayesRC_SCZ25_META	relative_ct	parcel	lh_v23ab		0.0042842	0.39684	0.69149	8596
SBayesRC_SCZ25_EUR	absolute	cortex	1	Primary_Visual	-0.0028854	-0.18907	0.85004	4308
SBayesRC_SCZ25_EUR	absolute	cortex	2	Early_Visual	0.021334	1.3983	0.16209	4308
SBayesRC_SCZ25_EUR	absolute	cortex	3	Dorsal_Stream_Visual	0.039063	2.5617	0.010449	4308
SBayesRC_SCZ25_EUR	absolute	cortex	4	Ventral_Stream_Visual	0.0168	1.1011	0.27093	4308
SBayesRC_SCZ25_EUR	absolute	cortex	5	MT+_Complex_and_Neighboring_Visual_Areas	0.052244	3.4281	0.00061347	4308
SBayesRC_SCZ25_EUR	absolute	cortex	6	Somatosensory_and_Motor	0.0043684	0.28626	0.7747	4308
SBayesRC_SCZ25_EUR	absolute	cortex	7	Paracentral_Lobular_and_Mid_Cingulate	0.045272	2.9697	0.0029976	4308
SBayesRC_SCZ25_EUR	absolute	cortex	8	Premotor	0.041967	2.7524	0.0059402	4308
SBayesRC_SCZ25_EUR	absolute	cortex	9	Posterior_Opercular	0.014222	0.93203	0.35138	4308
SBayesRC_SCZ25_EUR	absolute	cortex	10	Early_Auditory	0.041995	2.7543	0.0059066	4308
SBayesRC_SCZ25_EUR	absolute	cortex	11	Auditory_Association	0.041294	2.7082	0.006791	4308
SBayesRC_SCZ25_EUR	absolute	cortex	12	Insular_and_Frontal_Opercular	-0.0059904	-0.39255	0.69467	4308
SBayesRC_SCZ25_EUR	absolute	cortex	13	Medial_Temporal	0.015807	1.0359	0.30028	4308
SBayesRC_SCZ25_EUR	absolute	cortex	14	Lateral_Temporal	0.026896	1.7631	0.07796	4308
SBayesRC_SCZ25_EUR	absolute	cortex	15	Temporo-Parieto_Occipital_Junction	0.042294	2.7739	0.0055624	4308
SBayesRC_SCZ25_EUR	absolute	cortex	16	Superior_Parietal	0.022187	1.4543	0.14595	4308
SBayesRC_SCZ25_EUR	absolute	cortex	17	Inferior_Parietal	0.037068	2.4307	0.015112	4308
SBayesRC_SCZ25_EUR	absolute	cortex	18	Posterior_Cingulate	0.032323	2.1192	0.034133	4308
SBayesRC_SCZ25_EUR	absolute	cortex	19	Anterior_Cingulate_and_Medial_Prefrontal	0.030224	1.9814	0.047605	4308
SBayesRC_SCZ25_EUR	absolute	cortex	20	Orbital_and_Polar_Frontal	0.018914	1.2396	0.21518	4308
SBayesRC_SCZ25_EUR	absolute	cortex	21	Inferior_Frontal	0.023657	1.5507	0.12106	4308
SBayesRC_SCZ25_EUR	absolute	cortex	22	Dorsolateral_Prefrontal	0.043905	2.8798	0.0039992	4308
SBayesRC_SCZ25_EUR	absolute	parcel	lh_1		0.017354	1.1374	0.25544	4308
SBayesRC_SCZ25_EUR	absolute	parcel	lh_10d		0.025841	1.6939	0.090363	4308
SBayesRC_SCZ25_EUR	absolute	parcel	lh_10pp		0.011657	0.76392	0.44496	4308
SBayesRC_SCZ25_EUR	absolute	parcel	lh_10r		0.045127	2.9602	0.0030917	4308
SBayesRC_SCZ25_EUR	absolute	parcel	lh_10v		0.0017861	0.11704	0.90683	4308
SBayesRC_SCZ25_EUR	absolute	parcel	lh_11l		0.0052635	0.34491	0.73018	4308
SBayesRC_SCZ25_EUR	absolute	parcel	lh_13l		0.020189	1.3232	0.18583	4308
SBayesRC_SCZ25_EUR	absolute	parcel	lh_2		0.007366	0.4827	0.62933	4308
SBayesRC_SCZ25_EUR	absolute	parcel	lh_23c		0.028453	1.8652	0.062216	4308
SBayesRC_SCZ25_EUR	absolute	parcel	lh_23d		0.023813	1.5609	0.11863	4308
SBayesRC_SCZ25_EUR	absolute	parcel	lh_24dd		0.043532	2.8553	0.0043203	4308
SBayesRC_SCZ25_EUR	absolute	parcel	lh_24dv		0.026817	1.7579	0.078833	4308
SBayesRC_SCZ25_EUR	absolute	parcel	lh_25		-0.013918	-0.9121	0.36177	4308
SBayesRC_SCZ25_EUR	absolute	parcel	lh_31a		-0.0049709	-0.32574	0.74463	4308
SBayesRC_SCZ25_EUR	absolute	parcel	lh_31pd		0.029389	1.9266	0.054092	4308
SBayesRC_SCZ25_EUR	absolute	parcel	lh_31pv		0.020797	1.3631	0.17293	4308
SBayesRC_SCZ25_EUR	absolute	parcel	lh_33pr		0.024036	1.5755	0.11521	4308
SBayesRC_SCZ25_EUR	absolute	parcel	lh_3a		0.0014095	0.092363	0.92641	4308
SBayesRC_SCZ25_EUR	absolute	parcel	lh_3b		-0.0087546	-0.5737	0.5662	4308
SBayesRC_SCZ25_EUR	absolute	parcel	lh_4		-0.0029243	-0.19163	0.84804	4308
SBayesRC_SCZ25_EUR	absolute	parcel	lh_43		0.018973	1.2435	0.21376	4308
SBayesRC_SCZ25_EUR	absolute	parcel	lh_44		0.019071	1.2499	0.2114	4308
SBayesRC_SCZ25_EUR	absolute	parcel	lh_45		0.021733	1.4244	0.15439	4308
SBayesRC_SCZ25_EUR	absolute	parcel	lh_46		0.019894	1.3039	0.19234	4308
SBayesRC_SCZ25_EUR	absolute	parcel	lh_47l		0.010809	0.70833	0.47878	4308
SBayesRC_SCZ25_EUR	absolute	parcel	lh_47m		0.0014652	0.096013	0.92351	4308
SBayesRC_SCZ25_EUR	absolute	parcel	lh_47s		0.013062	0.856	0.39205	4308
SBayesRC_SCZ25_EUR	absolute	parcel	lh_52		0.023849	1.5632	0.11807	4308
SBayesRC_SCZ25_EUR	absolute	parcel	lh_55b		0.035599	2.3343	0.019628	4308
SBayesRC_SCZ25_EUR	absolute	parcel	lh_5L		0.020817	1.3644	0.1725	4308
SBayesRC_SCZ25_EUR	absolute	parcel	lh_5m		0.021522	1.4107	0.15842	4308
SBayesRC_SCZ25_EUR	absolute	parcel	lh_5mv		0.027694	1.8155	0.069522	4308
SBayesRC_SCZ25_EUR	absolute	parcel	lh_6a		0.041308	2.7092	0.0067715	4308
SBayesRC_SCZ25_EUR	absolute	parcel	lh_6d		0.039034	2.5598	0.010508	4308
SBayesRC_SCZ25_EUR	absolute	parcel	lh_6ma		0.032887	2.1562	0.031121	4308
SBayesRC_SCZ25_EUR	absolute	parcel	lh_6mp		0.031208	2.046	0.040819	4308
SBayesRC_SCZ25_EUR	absolute	parcel	lh_6r		0.0024417	0.16	0.87289	4308
SBayesRC_SCZ25_EUR	absolute	parcel	lh_6v		0.035196	2.3078	0.02106	4308
SBayesRC_SCZ25_EUR	absolute	parcel	lh_7AL		0.013463	0.88231	0.37766	4308
SBayesRC_SCZ25_EUR	absolute	parcel	lh_7Am		0.02465	1.6157	0.10622	4308
SBayesRC_SCZ25_EUR	absolute	parcel	lh_7PC		0.0019242	0.12609	0.89967	4308
SBayesRC_SCZ25_EUR	absolute	parcel	lh_7PL		0.015772	1.0336	0.30137	4308
SBayesRC_SCZ25_EUR	absolute	parcel	lh_7Pm		0.00084473	0.055354	0.95586	4308
SBayesRC_SCZ25_EUR	absolute	parcel	lh_7m		0.021242	1.3923	0.16391	4308
SBayesRC_SCZ25_EUR	absolute	parcel	lh_8Ad		0.026863	1.7609	0.078322	4308
SBayesRC_SCZ25_EUR	absolute	parcel	lh_8Av		0.039725	2.6052	0.009215	4308
SBayesRC_SCZ25_EUR	absolute	parcel	lh_8BL		0.033711	2.2103	0.027139	4308
SBayesRC_SCZ25_EUR	absolute	parcel	lh_8BM		0.022763	1.492	0.13578	4308
SBayesRC_SCZ25_EUR	absolute	parcel	lh_8C		0.019859	1.3016	0.19312	4308
SBayesRC_SCZ25_EUR	absolute	parcel	lh_9-46d		0.025054	1.6423	0.1006	4308
SBayesRC_SCZ25_EUR	absolute	parcel	lh_9a		0.022001	1.4421	0.14936	4308
SBayesRC_SCZ25_EUR	absolute	parcel	lh_9m		0.031628	2.0736	0.038175	4308
SBayesRC_SCZ25_EUR	absolute	parcel	lh_9p		0.022144	1.4514	0.14673	4308
SBayesRC_SCZ25_EUR	absolute	parcel	lh_A1		0.028135	1.8444	0.0652	4308
SBayesRC_SCZ25_EUR	absolute	parcel	lh_A4		0.042344	2.7772	0.0055066	4308
SBayesRC_SCZ25_EUR	absolute	parcel	lh_A5		0.028933	1.8968	0.057927	4308
SBayesRC_SCZ25_EUR	absolute	parcel	lh_AAIC		-0.013223	-0.86656	0.38623	4308
SBayesRC_SCZ25_EUR	absolute	parcel	lh_AIP		0.020266	1.3283	0.18415	4308
SBayesRC_SCZ25_EUR	absolute	parcel	lh_AVI		-0.00027628	-0.018104	0.98556	4308
SBayesRC_SCZ25_EUR	absolute	parcel	lh_DVT		0.020981	1.3752	0.16915	4308
SBayesRC_SCZ25_EUR	absolute	parcel	lh_EC		-0.0017958	-0.11768	0.90633	4308
SBayesRC_SCZ25_EUR	absolute	parcel	lh_FEF		0.0093292	0.61135	0.541	4308
SBayesRC_SCZ25_EUR	absolute	parcel	lh_FFC		0.011667	0.76455	0.44458	4308
SBayesRC_SCZ25_EUR	absolute	parcel	lh_FOP1		0.004581	0.30019	0.76405	4308
SBayesRC_SCZ25_EUR	absolute	parcel	lh_FOP2		0.0094786	0.62115	0.53454	4308
SBayesRC_SCZ25_EUR	absolute	parcel	lh_FOP3		0.013698	0.89768	0.36941	4308
SBayesRC_SCZ25_EUR	absolute	parcel	lh_FOP4		-0.0026125	-0.1712	0.86408	4308
SBayesRC_SCZ25_EUR	absolute	parcel	lh_FOP5		-0.0037562	-0.24614	0.80559	4308
SBayesRC_SCZ25_EUR	absolute	parcel	lh_FST		0.03356	2.2004	0.027831	4308
SBayesRC_SCZ25_EUR	absolute	parcel	lh_IFJa		0.020564	1.3478	0.1778	4308
SBayesRC_SCZ25_EUR	absolute	parcel	lh_IFJp		-0.0026227	-0.17186	0.86355	4308
SBayesRC_SCZ25_EUR	absolute	parcel	lh_IFSa		0.022499	1.4747	0.14037	4308
SBayesRC_SCZ25_EUR	absolute	parcel	lh_IFSp		0.024128	1.5815	0.11383	4308
SBayesRC_SCZ25_EUR	absolute	parcel	lh_IP0		0.01647	1.0794	0.28047	4308
SBayesRC_SCZ25_EUR	absolute	parcel	lh_IP1		0.036533	2.3955	0.016639	4308
SBayesRC_SCZ25_EUR	absolute	parcel	lh_IP2		0.024439	1.6019	0.10925	4308
SBayesRC_SCZ25_EUR	absolute	parcel	lh_IPS1		0.025649	1.6813	0.092783	4308
SBayesRC_SCZ25_EUR	absolute	parcel	lh_Ig		-0.0049149	-0.32207	0.74741	4308
SBayesRC_SCZ25_EUR	absolute	parcel	lh_LBelt		0.033803	2.2164	0.02672	4308
SBayesRC_SCZ25_EUR	absolute	parcel	lh_LIPd		0.02974	1.9497	0.051278	4308
SBayesRC_SCZ25_EUR	absolute	parcel	lh_LIPv		0.025431	1.667	0.095589	4308
SBayesRC_SCZ25_EUR	absolute	parcel	lh_LO1		0.016457	1.0785	0.28086	4308
SBayesRC_SCZ25_EUR	absolute	parcel	lh_LO2		0.035568	2.3322	0.019737	4308
SBayesRC_SCZ25_EUR	absolute	parcel	lh_LO3		0.023974	1.5715	0.11615	4308
SBayesRC_SCZ25_EUR	absolute	parcel	lh_MBelt		0.010206	0.66885	0.50363	4308
SBayesRC_SCZ25_EUR	absolute	parcel	lh_MI		0.00667	0.43708	0.66207	4308
SBayesRC_SCZ25_EUR	absolute	parcel	lh_MIP		0.033417	2.191	0.028506	4308
SBayesRC_SCZ25_EUR	absolute	parcel	lh_MST		0.033555	2.2	0.027858	4308
SBayesRC_SCZ25_EUR	absolute	parcel	lh_MT		0.034323	2.2505	0.024468	4308
SBayesRC_SCZ25_EUR	absolute	parcel	lh_OFC		0.012593	0.82524	0.40928	4308
SBayesRC_SCZ25_EUR	absolute	parcel	lh_OP1		0.010303	0.67521	0.49958	4308
SBayesRC_SCZ25_EUR	absolute	parcel	lh_OP2-3		0.00998	0.65401	0.51314	4308
SBayesRC_SCZ25_EUR	absolute	parcel	lh_OP4		0.0030147	0.19755	0.8434	4308
SBayesRC_SCZ25_EUR	absolute	parcel	lh_PBelt		0.055478	3.641	0.00027481	4308
SBayesRC_SCZ25_EUR	absolute	parcel	lh_PCV		0.026246	1.7205	0.08542	4308
SBayesRC_SCZ25_EUR	absolute	parcel	lh_PEF		0.020825	1.3649	0.17235	4308
SBayesRC_SCZ25_EUR	absolute	parcel	lh_PF		0.028881	1.8933	0.058384	4308
SBayesRC_SCZ25_EUR	absolute	parcel	lh_PFcm		0.016875	1.106	0.2688	4308
SBayesRC_SCZ25_EUR	absolute	parcel	lh_PFm		0.029775	1.952	0.051005	4308
SBayesRC_SCZ25_EUR	absolute	parcel	lh_PFop		0.010463	0.68567	0.49296	4308
SBayesRC_SCZ25_EUR	absolute	parcel	lh_PFt		0.016842	1.1038	0.26974	4308
SBayesRC_SCZ25_EUR	absolute	parcel	lh_PGi		0.0030475	0.1997	0.84173	4308
SBayesRC_SCZ25_EUR	absolute	parcel	lh_PGp		0.027001	1.77	0.076799	4308
SBayesRC_SCZ25_EUR	absolute	parcel	lh_PGs		0.030213	1.9807	0.04769	4308
SBayesRC_SCZ25_EUR	absolute	parcel	lh_PH		0.020588	1.3494	0.17729	4308
SBayesRC_SCZ25_EUR	absolute	parcel	lh_PHA1		0.02823	1.8506	0.064291	4308
SBayesRC_SCZ25_EUR	absolute	parcel	lh_PHA2		0.0017695	0.11595	0.9077	4308
SBayesRC_SCZ25_EUR	absolute	parcel	lh_PHA3		0.043692	2.8658	0.0041799	4308
SBayesRC_SCZ25_EUR	absolute	parcel	lh_PHT		0.0077611	0.50859	0.61106	4308
SBayesRC_SCZ25_EUR	absolute	parcel	lh_PI		0.028192	1.8481	0.06465	4308
SBayesRC_SCZ25_EUR	absolute	parcel	lh_PIT		0.015565	1.0201	0.30775	4308
SBayesRC_SCZ25_EUR	absolute	parcel	lh_POS1		0.0084278	0.55228	0.58078	4308
SBayesRC_SCZ25_EUR	absolute	parcel	lh_POS2		0.013536	0.88711	0.37507	4308
SBayesRC_SCZ25_EUR	absolute	parcel	lh_PSL		0.021805	1.4292	0.15303	4308
SBayesRC_SCZ25_EUR	absolute	parcel	lh_PeEc		0.012602	0.82589	0.40891	4308
SBayesRC_SCZ25_EUR	absolute	parcel	lh_Pir		-0.031353	-2.0555	0.039887	4308
SBayesRC_SCZ25_EUR	absolute	parcel	lh_PoI1		0.012042	0.78918	0.43005	4308
SBayesRC_SCZ25_EUR	absolute	parcel	lh_PoI2		-0.0079133	-0.51856	0.60409	4308
SBayesRC_SCZ25_EUR	absolute	parcel	lh_PreS		-0.020877	-1.3683	0.17129	4308
SBayesRC_SCZ25_EUR	absolute	parcel	lh_ProS		0.018217	1.1939	0.23257	4308
SBayesRC_SCZ25_EUR	absolute	parcel	lh_RI		0.018075	1.1846	0.23622	4308
SBayesRC_SCZ25_EUR	absolute	parcel	lh_RSC		0.015369	1.0072	0.31389	4308
SBayesRC_SCZ25_EUR	absolute	parcel	lh_SCEF		0.024189	1.5855	0.11292	4308
SBayesRC_SCZ25_EUR	absolute	parcel	lh_SFL		0.034109	2.2364	0.025375	4308
SBayesRC_SCZ25_EUR	absolute	parcel	lh_STGa		0.02136	1.4	0.16159	4308
SBayesRC_SCZ25_EUR	absolute	parcel	lh_STSda		0.016355	1.0719	0.28385	4308
SBayesRC_SCZ25_EUR	absolute	parcel	lh_STSdp		0.046626	3.0587	0.002237	4308
SBayesRC_SCZ25_EUR	absolute	parcel	lh_STSva		0.038373	2.5164	0.011893	4308
SBayesRC_SCZ25_EUR	absolute	parcel	lh_STSvp		0.025061	1.6427	0.10051	4308
SBayesRC_SCZ25_EUR	absolute	parcel	lh_STV		0.040462	2.6536	0.0079928	4308
SBayesRC_SCZ25_EUR	absolute	parcel	lh_TA2		0.010334	0.67722	0.4983	4308
SBayesRC_SCZ25_EUR	absolute	parcel	lh_TE1a		0.018956	1.2424	0.21417	4308
SBayesRC_SCZ25_EUR	absolute	parcel	lh_TE1m		0.020854	1.3669	0.17174	4308
SBayesRC_SCZ25_EUR	absolute	parcel	lh_TE1p		-0.0051497	-0.33746	0.73579	4308
SBayesRC_SCZ25_EUR	absolute	parcel	lh_TE2a		0.0033161	0.2173	0.82799	4308
SBayesRC_SCZ25_EUR	absolute	parcel	lh_TE2p		0.034172	2.2406	0.025105	4308
SBayesRC_SCZ25_EUR	absolute	parcel	lh_TF		0.014738	0.96586	0.33417	4308
SBayesRC_SCZ25_EUR	absolute	parcel	lh_TGd		0.010714	0.7021	0.48265	4308
SBayesRC_SCZ25_EUR	absolute	parcel	lh_TGv		0.048659	3.1924	0.0014213	4308
SBayesRC_SCZ25_EUR	absolute	parcel	lh_TPOJ1		0.044649	2.9287	0.0034214	4308
SBayesRC_SCZ25_EUR	absolute	parcel	lh_TPOJ2		0.01517	0.9942	0.32018	4308
SBayesRC_SCZ25_EUR	absolute	parcel	lh_TPOJ3		0.024422	1.6008	0.1095	4308
SBayesRC_SCZ25_EUR	absolute	parcel	lh_V1		-0.0028854	-0.18907	0.85004	4308
SBayesRC_SCZ25_EUR	absolute	parcel	lh_V2		0.020451	1.3404	0.18019	4308
SBayesRC_SCZ25_EUR	absolute	parcel	lh_V3		0.0013824	0.090584	0.92783	4308
SBayesRC_SCZ25_EUR	absolute	parcel	lh_V3A		0.036004	2.3608	0.018279	4308
SBayesRC_SCZ25_EUR	absolute	parcel	lh_V3B		0.041431	2.7172	0.0066097	4308
SBayesRC_SCZ25_EUR	absolute	parcel	lh_V3CD		0.046809	3.0707	0.002149	4308
SBayesRC_SCZ25_EUR	absolute	parcel	lh_V4		0.031051	2.0357	0.041841	4308
SBayesRC_SCZ25_EUR	absolute	parcel	lh_V4t		0.035183	2.3069	0.021105	4308
SBayesRC_SCZ25_EUR	absolute	parcel	lh_V6		0.02128	1.3948	0.16315	4308
SBayesRC_SCZ25_EUR	absolute	parcel	lh_V6A		0.021404	1.4029	0.16073	4308
SBayesRC_SCZ25_EUR	absolute	parcel	lh_V7		0.029225	1.9159	0.055449	4308
SBayesRC_SCZ25_EUR	absolute	parcel	lh_V8		0.011279	0.73917	0.45985	4308
SBayesRC_SCZ25_EUR	absolute	parcel	lh_VIP		0.00036188	0.023713	0.98108	4308
SBayesRC_SCZ25_EUR	absolute	parcel	lh_VMV1		-0.0044874	-0.29406	0.76873	4308
SBayesRC_SCZ25_EUR	absolute	parcel	lh_VMV2		0.015011	0.98374	0.3253	4308
SBayesRC_SCZ25_EUR	absolute	parcel	lh_VMV3		0.04886	3.2055	0.001358	4308
SBayesRC_SCZ25_EUR	absolute	parcel	lh_VVC		-0.011387	-0.74623	0.45557	4308
SBayesRC_SCZ25_EUR	absolute	parcel	lh_a10p		0.0017566	0.11511	0.90836	4308
SBayesRC_SCZ25_EUR	absolute	parcel	lh_a24		0.0062588	0.41014	0.68172	4308
SBayesRC_SCZ25_EUR	absolute	parcel	lh_a24pr		0.010334	0.67721	0.49831	4308
SBayesRC_SCZ25_EUR	absolute	parcel	lh_a32pr		0.047968	3.1469	0.0016615	4308
SBayesRC_SCZ25_EUR	absolute	parcel	lh_a47r		0.01628	1.0669	0.28607	4308
SBayesRC_SCZ25_EUR	absolute	parcel	lh_a9-46v		0.015339	1.0052	0.31483	4308
SBayesRC_SCZ25_EUR	absolute	parcel	lh_d23ab		0.017605	1.1538	0.24865	4308
SBayesRC_SCZ25_EUR	absolute	parcel	lh_d32		0.028045	1.8385	0.066061	4308
SBayesRC_SCZ25_EUR	absolute	parcel	lh_i6-8		0.020641	1.3529	0.17617	4308
SBayesRC_SCZ25_EUR	absolute	parcel	lh_p10p		0.0047242	0.30957	0.7569	4308
SBayesRC_SCZ25_EUR	absolute	parcel	lh_p24		0.013235	0.86731	0.38582	4308
SBayesRC_SCZ25_EUR	absolute	parcel	lh_p24pr		0.0056529	0.37043	0.71108	4308
SBayesRC_SCZ25_EUR	absolute	parcel	lh_p32		0.017317	1.1349	0.25648	4308
SBayesRC_SCZ25_EUR	absolute	parcel	lh_p32pr		0.051533	3.3814	0.0007276	4308
SBayesRC_SCZ25_EUR	absolute	parcel	lh_p47r		0.002059	0.13492	0.89268	4308
SBayesRC_SCZ25_EUR	absolute	parcel	lh_p9-46v		0.025326	1.6601	0.096966	4308
SBayesRC_SCZ25_EUR	absolute	parcel	lh_pOFC		-0.010359	-0.67882	0.49729	4308
SBayesRC_SCZ25_EUR	absolute	parcel	lh_s32		0.017966	1.1775	0.23906	4308
SBayesRC_SCZ25_EUR	absolute	parcel	lh_s6-8		0.043438	2.8491	0.0044048	4308
SBayesRC_SCZ25_EUR	absolute	parcel	lh_v23ab		0.01258	0.82443	0.40974	4308
SBayesRC_SCZ25_EUR	relative	cortex	1	Primary_Visual	-0.015295	-1.0023	0.31627	4308
SBayesRC_SCZ25_EUR	relative	cortex	2	Early_Visual	-0.0068963	-0.45186	0.65139	4308
SBayesRC_SCZ25_EUR	relative	cortex	3	Dorsal_Stream_Visual	0.013622	0.89259	0.37213	4308
SBayesRC_SCZ25_EUR	relative	cortex	4	Ventral_Stream_Visual	-0.015093	-0.989	0.32272	4308
SBayesRC_SCZ25_EUR	relative	cortex	5	MT+_Complex_and_Neighboring_Visual_Areas	0.028297	1.8548	0.063698	4308
SBayesRC_SCZ25_EUR	relative	cortex	6	Somatosensory_and_Motor	-0.01967	-1.289	0.19745	4308
SBayesRC_SCZ25_EUR	relative	cortex	7	Paracentral_Lobular_and_Mid_Cingulate	0.017757	1.1637	0.24463	4308
SBayesRC_SCZ25_EUR	relative	cortex	8	Premotor	0.01885	1.2353	0.21678	4308
SBayesRC_SCZ25_EUR	relative	cortex	9	Posterior_Opercular	-0.013104	-0.85868	0.39057	4308
SBayesRC_SCZ25_EUR	relative	cortex	10	Early_Auditory	0.016857	1.1047	0.26936	4308
SBayesRC_SCZ25_EUR	relative	cortex	11	Auditory_Association	0.014369	0.94155	0.34647	4308
SBayesRC_SCZ25_EUR	relative	cortex	12	Insular_and_Frontal_Opercular	-0.027765	-1.8199	0.068842	4308
SBayesRC_SCZ25_EUR	relative	cortex	13	Medial_Temporal	-0.0026791	-0.17554	0.86067	4308
SBayesRC_SCZ25_EUR	relative	cortex	14	Lateral_Temporal	-0.0041613	-0.27266	0.78513	4308
SBayesRC_SCZ25_EUR	relative	cortex	15	Temporo-Parieto_Occipital_Junction	0.015897	1.0417	0.29759	4308
SBayesRC_SCZ25_EUR	relative	cortex	16	Superior_Parietal	-0.010655	-0.6982	0.48509	4308
SBayesRC_SCZ25_EUR	relative	cortex	17	Inferior_Parietal	0.0040327	0.26423	0.79162	4308
SBayesRC_SCZ25_EUR	relative	cortex	18	Posterior_Cingulate	-0.0022099	-0.1448	0.88488	4308
SBayesRC_SCZ25_EUR	relative	cortex	19	Anterior_Cingulate_and_Medial_Prefrontal	0.0018747	0.12283	0.90225	4308
SBayesRC_SCZ25_EUR	relative	cortex	20	Orbital_and_Polar_Frontal	-0.011476	-0.752	0.45209	4308
SBayesRC_SCZ25_EUR	relative	cortex	21	Inferior_Frontal	-0.012489	-0.81832	0.41322	4308
SBayesRC_SCZ25_EUR	relative	cortex	22	Dorsolateral_Prefrontal	0.016586	1.0869	0.27715	4308
SBayesRC_SCZ25_EUR	relative	parcel	lh_1		-0.0060992	-0.39963	0.68945	4308
SBayesRC_SCZ25_EUR	relative	parcel	lh_10d		0.0080027	0.52436	0.60006	4308
SBayesRC_SCZ25_EUR	relative	parcel	lh_10pp		-0.0040969	-0.26844	0.78838	4308
SBayesRC_SCZ25_EUR	relative	parcel	lh_10r		0.032027	2.0995	0.03583	4308
SBayesRC_SCZ25_EUR	relative	parcel	lh_10v		-0.015149	-0.99271	0.32091	4308
SBayesRC_SCZ25_EUR	relative	parcel	lh_11l		-0.013555	-0.88822	0.37447	4308
SBayesRC_SCZ25_EUR	relative	parcel	lh_13l		0.0038159	0.25002	0.80258	4308
SBayesRC_SCZ25_EUR	relative	parcel	lh_2		-0.018971	-1.2432	0.21384	4308
SBayesRC_SCZ25_EUR	relative	parcel	lh_23c		0.0079746	0.52252	0.60134	4308
SBayesRC_SCZ25_EUR	relative	parcel	lh_23d		0.011509	0.75414	0.45081	4308
SBayesRC_SCZ25_EUR	relative	parcel	lh_24dd		0.025	1.6385	0.10138	4308
SBayesRC_SCZ25_EUR	relative	parcel	lh_24dv		0.0097538	0.63911	0.52279	4308
SBayesRC_SCZ25_EUR	relative	parcel	lh_25		-0.021055	-1.3798	0.16771	4308
SBayesRC_SCZ25_EUR	relative	parcel	lh_31a		-0.02242	-1.4694	0.14181	4308
SBayesRC_SCZ25_EUR	relative	parcel	lh_31pd		0.0094644	0.62014	0.5352	4308
SBayesRC_SCZ25_EUR	relative	parcel	lh_31pv		0.0010442	0.068419	0.94546	4308
SBayesRC_SCZ25_EUR	relative	parcel	lh_33pr		0.020259	1.3276	0.18436	4308
SBayesRC_SCZ25_EUR	relative	parcel	lh_3a		-0.013148	-0.86155	0.38898	4308
SBayesRC_SCZ25_EUR	relative	parcel	lh_3b		-0.021764	-1.4263	0.15384	4308
SBayesRC_SCZ25_EUR	relative	parcel	lh_4		-0.0055461	-0.36339	0.71633	4308
SBayesRC_SCZ25_EUR	relative	parcel	lh_43		0.00067774	0.044406	0.96458	4308
SBayesRC_SCZ25_EUR	relative	parcel	lh_44		-0.0012052	-0.078964	0.93706	4308
SBayesRC_SCZ25_EUR	relative	parcel	lh_45		-0.00098788	-0.064727	0.94839	4308
SBayesRC_SCZ25_EUR	relative	parcel	lh_46		-0.0070409	-0.46134	0.64458	4308
SBayesRC_SCZ25_EUR	relative	parcel	lh_47l		-0.010785	-0.70667	0.47981	4308
SBayesRC_SCZ25_EUR	relative	parcel	lh_47m		-0.016932	-1.1096	0.26725	4308
SBayesRC_SCZ25_EUR	relative	parcel	lh_47s		-0.0025646	-0.16804	0.86656	4308
SBayesRC_SCZ25_EUR	relative	parcel	lh_52		0.009868	0.64659	0.51793	4308
SBayesRC_SCZ25_EUR	relative	parcel	lh_55b		0.019531	1.2799	0.20064	4308
SBayesRC_SCZ25_EUR	relative	parcel	lh_5L		0.00090643	0.05939	0.95264	4308
SBayesRC_SCZ25_EUR	relative	parcel	lh_5m		8.7803e-05	0.0057529	0.99541	4308
SBayesRC_SCZ25_EUR	relative	parcel	lh_5mv		0.0066409	0.43513	0.66349	4308
SBayesRC_SCZ25_EUR	relative	parcel	lh_6a		0.021998	1.4417	0.14947	4308
SBayesRC_SCZ25_EUR	relative	parcel	lh_6d		0.022647	1.4843	0.13781	4308
SBayesRC_SCZ25_EUR	relative	parcel	lh_6ma		0.015252	0.99943	0.31764	4308
SBayesRC_SCZ25_EUR	relative	parcel	lh_6mp		0.012082	0.7917	0.42858	4308
SBayesRC_SCZ25_EUR	relative	parcel	lh_6r		-0.022593	-1.4807	0.13876	4308
SBayesRC_SCZ25_EUR	relative	parcel	lh_6v		0.018713	1.2263	0.22016	4308
SBayesRC_SCZ25_EUR	relative	parcel	lh_7AL		-0.0054564	-0.35751	0.72073	4308
SBayesRC_SCZ25_EUR	relative	parcel	lh_7Am		0.0053585	0.3511	0.72553	4308
SBayesRC_SCZ25_EUR	relative	parcel	lh_7PC		-0.020417	-1.338	0.18097	4308
SBayesRC_SCZ25_EUR	relative	parcel	lh_7PL		-0.0031208	-0.20448	0.83799	4308
SBayesRC_SCZ25_EUR	relative	parcel	lh_7Pm		-0.01781	-1.1671	0.24324	4308
SBayesRC_SCZ25_EUR	relative	parcel	lh_7m		-0.00090072	-0.059016	0.95294	4308
SBayesRC_SCZ25_EUR	relative	parcel	lh_8Ad		0.0038017	0.2491	0.8033	4308
SBayesRC_SCZ25_EUR	relative	parcel	lh_8Av		0.025516	1.6724	0.094524	4308
SBayesRC_SCZ25_EUR	relative	parcel	lh_8BL		0.01502	0.98424	0.32505	4308
SBayesRC_SCZ25_EUR	relative	parcel	lh_8BM		0.0013963	0.09149	0.92711	4308
SBayesRC_SCZ25_EUR	relative	parcel	lh_8C		-0.0050285	-0.32948	0.74181	4308
SBayesRC_SCZ25_EUR	relative	parcel	lh_9-46d		0.0011271	0.073848	0.94113	4308
SBayesRC_SCZ25_EUR	relative	parcel	lh_9a		0.00096935	0.063513	0.94936	4308
SBayesRC_SCZ25_EUR	relative	parcel	lh_9m		0.0090883	0.5955	0.55154	4308
SBayesRC_SCZ25_EUR	relative	parcel	lh_9p		-8.5488e-05	-0.0056013	0.99553	4308
SBayesRC_SCZ25_EUR	relative	parcel	lh_A1		0.011233	0.73605	0.46174	4308
SBayesRC_SCZ25_EUR	relative	parcel	lh_A4		0.021762	1.4262	0.15389	4308
SBayesRC_SCZ25_EUR	relative	parcel	lh_A5		0.0066451	0.4354	0.66329	4308
SBayesRC_SCZ25_EUR	relative	parcel	lh_AAIC		-0.019039	-1.2477	0.21222	4308
SBayesRC_SCZ25_EUR	relative	parcel	lh_AIP		-0.0027409	-0.17959	0.85749	4308
SBayesRC_SCZ25_EUR	relative	parcel	lh_AVI		-0.016756	-1.098	0.27226	4308
SBayesRC_SCZ25_EUR	relative	parcel	lh_DVT		-0.0020749	-0.13595	0.89187	4308
SBayesRC_SCZ25_EUR	relative	parcel	lh_EC		-0.0065802	-0.43115	0.66638	4308
SBayesRC_SCZ25_EUR	relative	parcel	lh_FEF		-0.010614	-0.6955	0.48678	4308
SBayesRC_SCZ25_EUR	relative	parcel	lh_FFC		-0.012406	-0.81292	0.41631	4308
SBayesRC_SCZ25_EUR	relative	parcel	lh_FOP1		-0.010898	-0.71406	0.47523	4308
SBayesRC_SCZ25_EUR	relative	parcel	lh_FOP2		-0.0043528	-0.2852	0.7755	4308
SBayesRC_SCZ25_EUR	relative	parcel	lh_FOP3		0.0014813	0.097055	0.92269	4308
SBayesRC_SCZ25_EUR	relative	parcel	lh_FOP4		-0.020849	-1.3664	0.17189	4308
SBayesRC_SCZ25_EUR	relative	parcel	lh_FOP5		-0.023101	-1.514	0.1301	4308
SBayesRC_SCZ25_EUR	relative	parcel	lh_FST		0.013889	0.91009	0.36283	4308
SBayesRC_SCZ25_EUR	relative	parcel	lh_IFJa		0.0021316	0.13966	0.88893	4308
SBayesRC_SCZ25_EUR	relative	parcel	lh_IFJp		-0.0182	-1.1927	0.23306	4308
SBayesRC_SCZ25_EUR	relative	parcel	lh_IFSa		-0.00058698	-0.038459	0.96932	4308
SBayesRC_SCZ25_EUR	relative	parcel	lh_IFSp		0.0016775	0.10991	0.91248	4308
SBayesRC_SCZ25_EUR	relative	parcel	lh_IP0		-0.0053662	-0.3516	0.72516	4308
SBayesRC_SCZ25_EUR	relative	parcel	lh_IP1		0.015366	1.0069	0.31404	4308
SBayesRC_SCZ25_EUR	relative	parcel	lh_IP2		0.0030625	0.20066	0.84097	4308
SBayesRC_SCZ25_EUR	relative	parcel	lh_IPS1		0.0052757	0.34568	0.7296	4308
SBayesRC_SCZ25_EUR	relative	parcel	lh_Ig		-0.020621	-1.3514	0.17663	4308
SBayesRC_SCZ25_EUR	relative	parcel	lh_LBelt		0.017074	1.1188	0.26327	4308
SBayesRC_SCZ25_EUR	relative	parcel	lh_LIPd		0.011606	0.7605	0.447	4308
SBayesRC_SCZ25_EUR	relative	parcel	lh_LIPv		0.0078806	0.51636	0.60563	4308
SBayesRC_SCZ25_EUR	relative	parcel	lh_LO1		-0.0039853	-0.26112	0.79401	4308
SBayesRC_SCZ25_EUR	relative	parcel	lh_LO2		0.018457	1.2095	0.22652	4308
SBayesRC_SCZ25_EUR	relative	parcel	lh_LO3		0.0046057	0.30177	0.76284	4308
SBayesRC_SCZ25_EUR	relative	parcel	lh_MBelt		-0.0094775	-0.62101	0.53463	4308
SBayesRC_SCZ25_EUR	relative	parcel	lh_MI		-0.0084362	-0.55277	0.58045	4308
SBayesRC_SCZ25_EUR	relative	parcel	lh_MIP		0.014255	0.93412	0.35029	4308
SBayesRC_SCZ25_EUR	relative	parcel	lh_MST		0.015209	0.99664	0.319	4308
SBayesRC_SCZ25_EUR	relative	parcel	lh_MT		0.015905	1.0423	0.29735	4308
SBayesRC_SCZ25_EUR	relative	parcel	lh_OFC		0.00068628	0.044966	0.96414	4308
SBayesRC_SCZ25_EUR	relative	parcel	lh_OP1		-0.0050428	-0.33042	0.7411	4308
SBayesRC_SCZ25_EUR	relative	parcel	lh_OP2-3		-0.0038729	-0.25376	0.7997	4308
SBayesRC_SCZ25_EUR	relative	parcel	lh_OP4		-0.021767	-1.4265	0.15379	4308
SBayesRC_SCZ25_EUR	relative	parcel	lh_PBelt		0.039462	2.5876	0.0096976	4308
SBayesRC_SCZ25_EUR	relative	parcel	lh_PCV		0.0045058	0.29523	0.76783	4308
SBayesRC_SCZ25_EUR	relative	parcel	lh_PEF		0.0056869	0.37262	0.70945	4308
SBayesRC_SCZ25_EUR	relative	parcel	lh_PF		0.0083325	0.54597	0.58511	4308
SBayesRC_SCZ25_EUR	relative	parcel	lh_PFcm		-0.0049517	-0.32445	0.74562	4308
SBayesRC_SCZ25_EUR	relative	parcel	lh_PFm		0.0061461	0.40271	0.68718	4308
SBayesRC_SCZ25_EUR	relative	parcel	lh_PFop		-0.0076705	-0.50259	0.61528	4308
SBayesRC_SCZ25_EUR	relative	parcel	lh_PFt		-0.0030485	-0.19974	0.84169	4308
SBayesRC_SCZ25_EUR	relative	parcel	lh_PGi		-0.028534	-1.8703	0.061508	4308
SBayesRC_SCZ25_EUR	relative	parcel	lh_PGp		0.0062121	0.40703	0.684	4308
SBayesRC_SCZ25_EUR	relative	parcel	lh_PGs		0.0079095	0.51826	0.60431	4308
SBayesRC_SCZ25_EUR	relative	parcel	lh_PH		-0.0023496	-0.15395	0.87766	4308
SBayesRC_SCZ25_EUR	relative	parcel	lh_PHA1		0.021073	1.381	0.16734	4308
SBayesRC_SCZ25_EUR	relative	parcel	lh_PHA2		-0.011956	-0.78344	0.43341	4308
SBayesRC_SCZ25_EUR	relative	parcel	lh_PHA3		0.030339	1.9888	0.046788	4308
SBayesRC_SCZ25_EUR	relative	parcel	lh_PHT		-0.015521	-1.0171	0.30919	4308
SBayesRC_SCZ25_EUR	relative	parcel	lh_PI		0.014612	0.95752	0.33836	4308
SBayesRC_SCZ25_EUR	relative	parcel	lh_PIT		-0.0035631	-0.23346	0.81541	4308
SBayesRC_SCZ25_EUR	relative	parcel	lh_POS1		-0.01433	-0.93903	0.34777	4308
SBayesRC_SCZ25_EUR	relative	parcel	lh_POS2		-0.013919	-0.91207	0.36178	4308
SBayesRC_SCZ25_EUR	relative	parcel	lh_PSL		0.0025065	0.16423	0.86956	4308
SBayesRC_SCZ25_EUR	relative	parcel	lh_PeEc		-0.00038506	-0.025229	0.97987	4308
SBayesRC_SCZ25_EUR	relative	parcel	lh_Pir		-0.036955	-2.423	0.015433	4308
SBayesRC_SCZ25_EUR	relative	parcel	lh_PoI1		0.0032978	0.21608	0.82894	4308
SBayesRC_SCZ25_EUR	relative	parcel	lh_PoI2		-0.017304	-1.1339	0.25689	4308
SBayesRC_SCZ25_EUR	relative	parcel	lh_PreS		-0.022889	-1.5001	0.13366	4308
SBayesRC_SCZ25_EUR	relative	parcel	lh_ProS		0.0065354	0.42821	0.66852	4308
SBayesRC_SCZ25_EUR	relative	parcel	lh_RI		-0.0010248	-0.067148	0.94647	4308
SBayesRC_SCZ25_EUR	relative	parcel	lh_RSC		0.0084719	0.55511	0.57885	4308
SBayesRC_SCZ25_EUR	relative	parcel	lh_SCEF		0.0039928	0.26161	0.79363	4308
SBayesRC_SCZ25_EUR	relative	parcel	lh_SFL		0.01848	1.2111	0.22594	4308
SBayesRC_SCZ25_EUR	relative	parcel	lh_STGa		0.0046708	0.30604	0.75959	4308
SBayesRC_SCZ25_EUR	relative	parcel	lh_STSda		-0.0062055	-0.4066	0.68433	4308
SBayesRC_SCZ25_EUR	relative	parcel	lh_STSdp		0.028294	1.8546	0.063718	4308
SBayesRC_SCZ25_EUR	relative	parcel	lh_STSva		0.021219	1.3906	0.16441	4308
SBayesRC_SCZ25_EUR	relative	parcel	lh_STSvp		0.00395	0.25881	0.7958	4308
SBayesRC_SCZ25_EUR	relative	parcel	lh_STV		0.022372	1.4662	0.14267	4308
SBayesRC_SCZ25_EUR	relative	parcel	lh_TA2		-0.0054515	-0.35719	0.72097	4308
SBayesRC_SCZ25_EUR	relative	parcel	lh_TE1a		0.00019632	0.012863	0.98974	4308
SBayesRC_SCZ25_EUR	relative	parcel	lh_TE1m		0.0029705	0.19463	0.84569	4308
SBayesRC_SCZ25_EUR	relative	parcel	lh_TE1p		-0.028576	-1.8731	0.061121	4308
SBayesRC_SCZ25_EUR	relative	parcel	lh_TE2a		-0.020314	-1.3312	0.18318	4308
SBayesRC_SCZ25_EUR	relative	parcel	lh_TE2p		0.017776	1.1649	0.24414	4308
SBayesRC_SCZ25_EUR	relative	parcel	lh_TF		-0.0010286	-0.067394	0.94627	4308
SBayesRC_SCZ25_EUR	relative	parcel	lh_TGd		-0.0042625	-0.27929	0.78004	4308
SBayesRC_SCZ25_EUR	relative	parcel	lh_TGv		0.035554	2.331	0.019801	4308
SBayesRC_SCZ25_EUR	relative	parcel	lh_TPOJ1		0.023631	1.5488	0.12151	4308
SBayesRC_SCZ25_EUR	relative	parcel	lh_TPOJ2		-0.0092847	-0.60837	0.54298	4308
SBayesRC_SCZ25_EUR	relative	parcel	lh_TPOJ3		0.003724	0.244	0.80724	4308
SBayesRC_SCZ25_EUR	relative	parcel	lh_V1		-0.015295	-1.0023	0.31627	4308
SBayesRC_SCZ25_EUR	relative	parcel	lh_V2		-0.0016983	-0.11127	0.9114	4308
SBayesRC_SCZ25_EUR	relative	parcel	lh_V3		-0.021759	-1.426	0.15394	4308
SBayesRC_SCZ25_EUR	relative	parcel	lh_V3A		0.015754	1.0324	0.30196	4308
SBayesRC_SCZ25_EUR	relative	parcel	lh_V3B		0.023804	1.5601	0.1188	4308
SBayesRC_SCZ25_EUR	relative	parcel	lh_V3CD		0.029638	1.9427	0.052113	4308
SBayesRC_SCZ25_EUR	relative	parcel	lh_V4		0.0057233	0.37501	0.70767	4308
SBayesRC_SCZ25_EUR	relative	parcel	lh_V4t		0.01888	1.2373	0.21606	4308
SBayesRC_SCZ25_EUR	relative	parcel	lh_V6		-0.00082615	-0.05413	0.95683	4308
SBayesRC_SCZ25_EUR	relative	parcel	lh_V6A		0.003378	0.22133	0.82485	4308
SBayesRC_SCZ25_EUR	relative	parcel	lh_V7		0.0094366	0.61832	0.5364	4308
SBayesRC_SCZ25_EUR	relative	parcel	lh_V8		-0.0095713	-0.62715	0.53059	4308
SBayesRC_SCZ25_EUR	relative	parcel	lh_VIP		-0.020231	-1.3259	0.18496	4308
SBayesRC_SCZ25_EUR	relative	parcel	lh_VMV1		-0.018204	-1.1929	0.23296	4308
SBayesRC_SCZ25_EUR	relative	parcel	lh_VMV2		-0.0014807	-0.097016	0.92272	4308
SBayesRC_SCZ25_EUR	relative	parcel	lh_VMV3		0.033743	2.2121	0.027011	4308
SBayesRC_SCZ25_EUR	relative	parcel	lh_VVC		-0.027643	-1.8119	0.070075	4308
SBayesRC_SCZ25_EUR	relative	parcel	lh_a10p		-0.017432	-1.1424	0.25337	4308
SBayesRC_SCZ25_EUR	relative	parcel	lh_a24		-0.0087637	-0.57423	0.56584	4308
SBayesRC_SCZ25_EUR	relative	parcel	lh_a24pr		-0.0040031	-0.26229	0.79311	4308
SBayesRC_SCZ25_EUR	relative	parcel	lh_a32pr		0.032906	2.1572	0.031046	4308
SBayesRC_SCZ25_EUR	relative	parcel	lh_a47r		-0.0084979	-0.55681	0.57769	4308
SBayesRC_SCZ25_EUR	relative	parcel	lh_a9-46v		-0.0076202	-0.4993	0.61759	4308
SBayesRC_SCZ25_EUR	relative	parcel	lh_d23ab		0.0014926	0.097793	0.9221	4308
SBayesRC_SCZ25_EUR	relative	parcel	lh_d32		0.0090546	0.59329	0.55302	4308
SBayesRC_SCZ25_EUR	relative	parcel	lh_i6-8		0.0013329	0.087336	0.93041	4308
SBayesRC_SCZ25_EUR	relative	parcel	lh_p10p		-0.016493	-1.0808	0.27986	4308
SBayesRC_SCZ25_EUR	relative	parcel	lh_p24		0.0012406	0.081282	0.93522	4308
SBayesRC_SCZ25_EUR	relative	parcel	lh_p24pr		-0.0099999	-0.65524	0.51235	4308
SBayesRC_SCZ25_EUR	relative	parcel	lh_p32		-0.0010871	-0.07123	0.94322	4308
SBayesRC_SCZ25_EUR	relative	parcel	lh_p32pr		0.03527	2.3124	0.020804	4308
SBayesRC_SCZ25_EUR	relative	parcel	lh_p47r		-0.019678	-1.2896	0.19727	4308
SBayesRC_SCZ25_EUR	relative	parcel	lh_p9-46v		0.0022087	0.14472	0.88494	4308
SBayesRC_SCZ25_EUR	relative	parcel	lh_pOFC		-0.015643	-1.0251	0.30539	4308
SBayesRC_SCZ25_EUR	relative	parcel	lh_s32		0.0044791	0.29348	0.76917	4308
SBayesRC_SCZ25_EUR	relative	parcel	lh_s6-8		0.028235	1.8507	0.064282	4308
SBayesRC_SCZ25_EUR	relative	parcel	lh_v23ab		-0.0034092	-0.22337	0.82326	4308
SBayesRC_SCZ25_EUR	absolute_ct	cortex	1	Primary_Visual	-0.011649	-0.76329	0.44533	4308
SBayesRC_SCZ25_EUR	absolute_ct	cortex	2	Early_Visual	0.0047042	0.30822	0.75793	4308
SBayesRC_SCZ25_EUR	absolute_ct	cortex	3	Dorsal_Stream_Visual	0.019738	1.2935	0.19591	4308
SBayesRC_SCZ25_EUR	absolute_ct	cortex	4	Ventral_Stream_Visual	0.0099112	0.64942	0.5161	4308
SBayesRC_SCZ25_EUR	absolute_ct	cortex	5	MT+_Complex_and_Neighboring_Visual_Areas	0.023957	1.5701	0.11646	4308
SBayesRC_SCZ25_EUR	absolute_ct	cortex	6	Somatosensory_and_Motor	-0.0061628	-0.4038	0.68638	4308
SBayesRC_SCZ25_EUR	absolute_ct	cortex	7	Paracentral_Lobular_and_Mid_Cingulate	0.02549	1.6707	0.094856	4308
SBayesRC_SCZ25_EUR	absolute_ct	cortex	8	Premotor	0.027908	1.8293	0.067425	4308
SBayesRC_SCZ25_EUR	absolute_ct	cortex	9	Posterior_Opercular	0.0091327	0.59841	0.5496	4308
SBayesRC_SCZ25_EUR	absolute_ct	cortex	10	Early_Auditory	0.030871	2.0237	0.043065	4308
SBayesRC_SCZ25_EUR	absolute_ct	cortex	11	Auditory_Association	0.023683	1.5522	0.1207	4308
SBayesRC_SCZ25_EUR	absolute_ct	cortex	12	Insular_and_Frontal_Opercular	0.00095189	0.062369	0.95027	4308
SBayesRC_SCZ25_EUR	absolute_ct	cortex	13	Medial_Temporal	0.01904	1.2478	0.21218	4308
SBayesRC_SCZ25_EUR	absolute_ct	cortex	14	Lateral_Temporal	0.018975	1.2435	0.21376	4308
SBayesRC_SCZ25_EUR	absolute_ct	cortex	15	Temporo-Parieto_Occipital_Junction	0.026189	1.7165	0.086139	4308
SBayesRC_SCZ25_EUR	absolute_ct	cortex	16	Superior_Parietal	0.014736	0.96565	0.33427	4308
SBayesRC_SCZ25_EUR	absolute_ct	cortex	17	Inferior_Parietal	0.023893	1.566	0.11743	4308
SBayesRC_SCZ25_EUR	absolute_ct	cortex	18	Posterior_Cingulate	0.022946	1.5038	0.1327	4308
SBayesRC_SCZ25_EUR	absolute_ct	cortex	19	Anterior_Cingulate_and_Medial_Prefrontal	0.023924	1.568	0.11696	4308
SBayesRC_SCZ25_EUR	absolute_ct	cortex	20	Orbital_and_Polar_Frontal	0.022908	1.5013	0.13334	4308
SBayesRC_SCZ25_EUR	absolute_ct	cortex	21	Inferior_Frontal	0.020619	1.3513	0.17668	4308
SBayesRC_SCZ25_EUR	absolute_ct	cortex	22	Dorsolateral_Prefrontal	0.026373	1.7286	0.083957	4308
SBayesRC_SCZ25_EUR	absolute_ct	parcel	lh_1		-0.0030355	-0.19889	0.84236	4308
SBayesRC_SCZ25_EUR	absolute_ct	parcel	lh_10d		0.025006	1.6389	0.1013	4308
SBayesRC_SCZ25_EUR	absolute_ct	parcel	lh_10pp		0.027782	1.821	0.068678	4308
SBayesRC_SCZ25_EUR	absolute_ct	parcel	lh_10r		0.042458	2.7844	0.005386	4308
SBayesRC_SCZ25_EUR	absolute_ct	parcel	lh_10v		0.0068598	0.44947	0.65312	4308
SBayesRC_SCZ25_EUR	absolute_ct	parcel	lh_11l		0.023685	1.5523	0.12067	4308
SBayesRC_SCZ25_EUR	absolute_ct	parcel	lh_13l		0.019108	1.2522	0.21057	4308
SBayesRC_SCZ25_EUR	absolute_ct	parcel	lh_2		0.0011858	0.077697	0.93807	4308
SBayesRC_SCZ25_EUR	absolute_ct	parcel	lh_23c		0.01356	0.88858	0.37428	4308
SBayesRC_SCZ25_EUR	absolute_ct	parcel	lh_23d		0.011045	0.72373	0.46927	4308
SBayesRC_SCZ25_EUR	absolute_ct	parcel	lh_24dd		0.028279	1.8536	0.063862	4308
SBayesRC_SCZ25_EUR	absolute_ct	parcel	lh_24dv		0.020652	1.3534	0.17598	4308
SBayesRC_SCZ25_EUR	absolute_ct	parcel	lh_25		-0.0046943	-0.30758	0.75842	4308
SBayesRC_SCZ25_EUR	absolute_ct	parcel	lh_31a		0.010632	0.69664	0.48607	4308
SBayesRC_SCZ25_EUR	absolute_ct	parcel	lh_31pd		0.031532	2.067	0.038793	4308
SBayesRC_SCZ25_EUR	absolute_ct	parcel	lh_31pv		0.023614	1.5476	0.12178	4308
SBayesRC_SCZ25_EUR	absolute_ct	parcel	lh_33pr		0.0067886	0.44481	0.65648	4308
SBayesRC_SCZ25_EUR	absolute_ct	parcel	lh_3a		-8.7398e-05	-0.0057264	0.99543	4308
SBayesRC_SCZ25_EUR	absolute_ct	parcel	lh_3b		0.00029749	0.019492	0.98445	4308
SBayesRC_SCZ25_EUR	absolute_ct	parcel	lh_4		0.0085375	0.55941	0.57591	4308
SBayesRC_SCZ25_EUR	absolute_ct	parcel	lh_43		0.0020776	0.13612	0.89173	4308
SBayesRC_SCZ25_EUR	absolute_ct	parcel	lh_44		0.010077	0.66032	0.50909	4308
SBayesRC_SCZ25_EUR	absolute_ct	parcel	lh_45		0.017009	1.1146	0.26508	4308
SBayesRC_SCZ25_EUR	absolute_ct	parcel	lh_46		0.016603	1.088	0.27666	4308
SBayesRC_SCZ25_EUR	absolute_ct	parcel	lh_47l		0.025458	1.6686	0.095271	4308
SBayesRC_SCZ25_EUR	absolute_ct	parcel	lh_47m		-0.0059285	-0.38845	0.6977	4308
SBayesRC_SCZ25_EUR	absolute_ct	parcel	lh_47s		-0.0020962	-0.13735	0.89076	4308
SBayesRC_SCZ25_EUR	absolute_ct	parcel	lh_52		0.01968	1.2897	0.19723	4308
SBayesRC_SCZ25_EUR	absolute_ct	parcel	lh_55b		0.024534	1.6079	0.10792	4308
SBayesRC_SCZ25_EUR	absolute_ct	parcel	lh_5L		0.010707	0.70157	0.48298	4308
SBayesRC_SCZ25_EUR	absolute_ct	parcel	lh_5m		-0.0033112	-0.21696	0.82825	4308
SBayesRC_SCZ25_EUR	absolute_ct	parcel	lh_5mv		0.025305	1.6585	0.097284	4308
SBayesRC_SCZ25_EUR	absolute_ct	parcel	lh_6a		0.027607	1.8095	0.070438	4308
SBayesRC_SCZ25_EUR	absolute_ct	parcel	lh_6d		0.025687	1.6836	0.092333	4308
SBayesRC_SCZ25_EUR	absolute_ct	parcel	lh_6ma		0.01903	1.2471	0.21243	4308
SBayesRC_SCZ25_EUR	absolute_ct	parcel	lh_6mp		0.018578	1.2174	0.22351	4308
SBayesRC_SCZ25_EUR	absolute_ct	parcel	lh_6r		-0.012277	-0.80447	0.42117	4308
SBayesRC_SCZ25_EUR	absolute_ct	parcel	lh_6v		0.034538	2.2643	0.023605	4308
SBayesRC_SCZ25_EUR	absolute_ct	parcel	lh_7AL		0.031666	2.0758	0.037971	4308
SBayesRC_SCZ25_EUR	absolute_ct	parcel	lh_7Am		0.028783	1.8867	0.059269	4308
SBayesRC_SCZ25_EUR	absolute_ct	parcel	lh_7PC		-0.0021733	-0.1424	0.88677	4308
SBayesRC_SCZ25_EUR	absolute_ct	parcel	lh_7PL		0.0023918	0.15671	0.87548	4308
SBayesRC_SCZ25_EUR	absolute_ct	parcel	lh_7Pm		0.028338	1.8575	0.06331	4308
SBayesRC_SCZ25_EUR	absolute_ct	parcel	lh_7m		0.017236	1.1295	0.25877	4308
SBayesRC_SCZ25_EUR	absolute_ct	parcel	lh_8Ad		0.017865	1.1707	0.24177	4308
SBayesRC_SCZ25_EUR	absolute_ct	parcel	lh_8Av		0.0075792	0.49661	0.61949	4308
SBayesRC_SCZ25_EUR	absolute_ct	parcel	lh_8BL		0.0070264	0.46039	0.64526	4308
SBayesRC_SCZ25_EUR	absolute_ct	parcel	lh_8BM		0.012167	0.79725	0.42535	4308
SBayesRC_SCZ25_EUR	absolute_ct	parcel	lh_8C		0.019676	1.2895	0.19731	4308
SBayesRC_SCZ25_EUR	absolute_ct	parcel	lh_9-46d		0.016849	1.1041	0.26961	4308
SBayesRC_SCZ25_EUR	absolute_ct	parcel	lh_9a		0.0098616	0.64617	0.5182	4308
SBayesRC_SCZ25_EUR	absolute_ct	parcel	lh_9m		0.015821	1.0367	0.29992	4308
SBayesRC_SCZ25_EUR	absolute_ct	parcel	lh_9p		0.0085056	0.55732	0.57734	4308
SBayesRC_SCZ25_EUR	absolute_ct	parcel	lh_A1		0.004164	0.27283	0.78499	4308
SBayesRC_SCZ25_EUR	absolute_ct	parcel	lh_A4		0.024909	1.6326	0.10263	4308
SBayesRC_SCZ25_EUR	absolute_ct	parcel	lh_A5		0.021325	1.3976	0.16232	4308
SBayesRC_SCZ25_EUR	absolute_ct	parcel	lh_AAIC		-0.012466	-0.81683	0.41407	4308
SBayesRC_SCZ25_EUR	absolute_ct	parcel	lh_AIP		0.012631	0.82766	0.40791	4308
SBayesRC_SCZ25_EUR	absolute_ct	parcel	lh_AVI		0.0112	0.73389	0.46305	4308
SBayesRC_SCZ25_EUR	absolute_ct	parcel	lh_DVT		0.014911	0.97706	0.32859	4308
SBayesRC_SCZ25_EUR	absolute_ct	parcel	lh_EC		-0.0009047	-0.059277	0.95273	4308
SBayesRC_SCZ25_EUR	absolute_ct	parcel	lh_FEF		0.012008	0.78685	0.43141	4308
SBayesRC_SCZ25_EUR	absolute_ct	parcel	lh_FFC		-0.0034202	-0.22409	0.8227	4308
SBayesRC_SCZ25_EUR	absolute_ct	parcel	lh_FOP1		0.0049741	0.32591	0.7445	4308
SBayesRC_SCZ25_EUR	absolute_ct	parcel	lh_FOP2		0.027309	1.79	0.073527	4308
SBayesRC_SCZ25_EUR	absolute_ct	parcel	lh_FOP3		0.0052476	0.34383	0.73099	4308
SBayesRC_SCZ25_EUR	absolute_ct	parcel	lh_FOP4		-0.0031254	-0.20478	0.83775	4308
SBayesRC_SCZ25_EUR	absolute_ct	parcel	lh_FOP5		0.0088702	0.58121	0.56113	4308
SBayesRC_SCZ25_EUR	absolute_ct	parcel	lh_FST		0.018026	1.1813	0.23757	4308
SBayesRC_SCZ25_EUR	absolute_ct	parcel	lh_IFJa		0.016122	1.0565	0.2908	4308
SBayesRC_SCZ25_EUR	absolute_ct	parcel	lh_IFJp		0.0019009	0.12455	0.90089	4308
SBayesRC_SCZ25_EUR	absolute_ct	parcel	lh_IFSa		0.0094039	0.61618	0.53781	4308
SBayesRC_SCZ25_EUR	absolute_ct	parcel	lh_IFSp		0.012509	0.81965	0.41246	4308
SBayesRC_SCZ25_EUR	absolute_ct	parcel	lh_IP0		0.023782	1.5587	0.11914	4308
SBayesRC_SCZ25_EUR	absolute_ct	parcel	lh_IP1		0.031339	2.0544	0.039999	4308
SBayesRC_SCZ25_EUR	absolute_ct	parcel	lh_IP2		0.011276	0.73885	0.46004	4308
SBayesRC_SCZ25_EUR	absolute_ct	parcel	lh_IPS1		0.024358	1.5965	0.11046	4308
SBayesRC_SCZ25_EUR	absolute_ct	parcel	lh_Ig		-0.0024716	-0.16195	0.87136	4308
SBayesRC_SCZ25_EUR	absolute_ct	parcel	lh_LBelt		0.033243	2.1793	0.029362	4308
SBayesRC_SCZ25_EUR	absolute_ct	parcel	lh_LIPd		0.01564	1.0249	0.30547	4308
SBayesRC_SCZ25_EUR	absolute_ct	parcel	lh_LIPv		0.0016272	0.10662	0.9151	4308
SBayesRC_SCZ25_EUR	absolute_ct	parcel	lh_LO1		0.00089241	0.058472	0.95338	4308
SBayesRC_SCZ25_EUR	absolute_ct	parcel	lh_LO2		-0.0086196	-0.56479	0.57225	4308
SBayesRC_SCZ25_EUR	absolute_ct	parcel	lh_LO3		0.018644	1.2218	0.22187	4308
SBayesRC_SCZ25_EUR	absolute_ct	parcel	lh_MBelt		0.002828	0.18529	0.85301	4308
SBayesRC_SCZ25_EUR	absolute_ct	parcel	lh_MI		-0.0036623	-0.23996	0.81037	4308
SBayesRC_SCZ25_EUR	absolute_ct	parcel	lh_MIP		0.028646	1.8777	0.06049	4308
SBayesRC_SCZ25_EUR	absolute_ct	parcel	lh_MST		0.019734	1.2932	0.196	4308
SBayesRC_SCZ25_EUR	absolute_ct	parcel	lh_MT		0.015493	1.0153	0.31004	4308
SBayesRC_SCZ25_EUR	absolute_ct	parcel	lh_OFC		0.018552	1.2158	0.22415	4308
SBayesRC_SCZ25_EUR	absolute_ct	parcel	lh_OP1		0.0064637	0.42352	0.67194	4308
SBayesRC_SCZ25_EUR	absolute_ct	parcel	lh_OP2-3		0.017415	1.1413	0.25383	4308
SBayesRC_SCZ25_EUR	absolute_ct	parcel	lh_OP4		-0.0041963	-0.27495	0.78337	4308
SBayesRC_SCZ25_EUR	absolute_ct	parcel	lh_PBelt		0.042802	2.807	0.0050226	4308
SBayesRC_SCZ25_EUR	absolute_ct	parcel	lh_PCV		0.02852	1.8694	0.061631	4308
SBayesRC_SCZ25_EUR	absolute_ct	parcel	lh_PEF		0.0026399	0.17297	0.86268	4308
SBayesRC_SCZ25_EUR	absolute_ct	parcel	lh_PF		0.012107	0.79331	0.42764	4308
SBayesRC_SCZ25_EUR	absolute_ct	parcel	lh_PFcm		0.01909	1.251	0.21099	4308
SBayesRC_SCZ25_EUR	absolute_ct	parcel	lh_PFm		0.010499	0.68793	0.49153	4308
SBayesRC_SCZ25_EUR	absolute_ct	parcel	lh_PFop		-0.00020149	-0.013202	0.98947	4308
SBayesRC_SCZ25_EUR	absolute_ct	parcel	lh_PFt		0.021683	1.421	0.15538	4308
SBayesRC_SCZ25_EUR	absolute_ct	parcel	lh_PGi		0.0013082	0.085715	0.9317	4308
SBayesRC_SCZ25_EUR	absolute_ct	parcel	lh_PGp		0.017406	1.1407	0.25408	4308
SBayesRC_SCZ25_EUR	absolute_ct	parcel	lh_PGs		-0.0050433	-0.33045	0.74108	4308
SBayesRC_SCZ25_EUR	absolute_ct	parcel	lh_PH		0.011376	0.74542	0.45606	4308
SBayesRC_SCZ25_EUR	absolute_ct	parcel	lh_PHA1		0.027548	1.8056	0.071043	4308
SBayesRC_SCZ25_EUR	absolute_ct	parcel	lh_PHA2		0.011563	0.75768	0.44868	4308
SBayesRC_SCZ25_EUR	absolute_ct	parcel	lh_PHA3		0.040317	2.6437	0.0082293	4308
SBayesRC_SCZ25_EUR	absolute_ct	parcel	lh_PHT		-0.0027427	-0.1797	0.85739	4308
SBayesRC_SCZ25_EUR	absolute_ct	parcel	lh_PI		0.031251	2.0486	0.040565	4308
SBayesRC_SCZ25_EUR	absolute_ct	parcel	lh_PIT		0.0057117	0.37424	0.70824	4308
SBayesRC_SCZ25_EUR	absolute_ct	parcel	lh_POS1		-0.011696	-0.7664	0.44348	4308
SBayesRC_SCZ25_EUR	absolute_ct	parcel	lh_POS2		0.01557	1.0203	0.30764	4308
SBayesRC_SCZ25_EUR	absolute_ct	parcel	lh_PSL		0.011158	0.73111	0.46475	4308
SBayesRC_SCZ25_EUR	absolute_ct	parcel	lh_PeEc		0.005223	0.34222	0.7322	4308
SBayesRC_SCZ25_EUR	absolute_ct	parcel	lh_Pir		-0.020207	-1.3243	0.18549	4308
SBayesRC_SCZ25_EUR	absolute_ct	parcel	lh_PoI1		0.00041907	0.027458	0.9781	4308
SBayesRC_SCZ25_EUR	absolute_ct	parcel	lh_PoI2		-0.0028961	-0.18976	0.84951	4308
SBayesRC_SCZ25_EUR	absolute_ct	parcel	lh_PreS		-0.0042077	-0.2757	0.78279	4308
SBayesRC_SCZ25_EUR	absolute_ct	parcel	lh_ProS		0.01064	0.69716	0.48574	4308
SBayesRC_SCZ25_EUR	absolute_ct	parcel	lh_RI		0.012487	0.81823	0.41327	4308
SBayesRC_SCZ25_EUR	absolute_ct	parcel	lh_RSC		-0.0011149	-0.073052	0.94177	4308
SBayesRC_SCZ25_EUR	absolute_ct	parcel	lh_SCEF		0.014065	0.92166	0.35676	4308
SBayesRC_SCZ25_EUR	absolute_ct	parcel	lh_SFL		0.0096046	0.62933	0.52917	4308
SBayesRC_SCZ25_EUR	absolute_ct	parcel	lh_STGa		0.0062817	0.41159	0.68066	4308
SBayesRC_SCZ25_EUR	absolute_ct	parcel	lh_STSda		0.015685	1.0278	0.30409	4308
SBayesRC_SCZ25_EUR	absolute_ct	parcel	lh_STSdp		0.019459	1.2752	0.20231	4308
SBayesRC_SCZ25_EUR	absolute_ct	parcel	lh_STSva		0.029779	1.952	0.051005	4308
SBayesRC_SCZ25_EUR	absolute_ct	parcel	lh_STSvp		0.013432	0.88018	0.37881	4308
SBayesRC_SCZ25_EUR	absolute_ct	parcel	lh_STV		0.0093823	0.61476	0.53874	4308
SBayesRC_SCZ25_EUR	absolute_ct	parcel	lh_TA2		-0.0061888	-0.4055	0.68513	4308
SBayesRC_SCZ25_EUR	absolute_ct	parcel	lh_TE1a		-0.01259	-0.825	0.40942	4308
SBayesRC_SCZ25_EUR	absolute_ct	parcel	lh_TE1m		0.012463	0.81667	0.41416	4308
SBayesRC_SCZ25_EUR	absolute_ct	parcel	lh_TE1p		-0.0044458	-0.29129	0.77084	4308
SBayesRC_SCZ25_EUR	absolute_ct	parcel	lh_TE2a		0.013345	0.87447	0.38191	4308
SBayesRC_SCZ25_EUR	absolute_ct	parcel	lh_TE2p		0.030385	1.9918	0.046459	4308
SBayesRC_SCZ25_EUR	absolute_ct	parcel	lh_TF		0.01427	0.93505	0.34982	4308
SBayesRC_SCZ25_EUR	absolute_ct	parcel	lh_TGd		0.0090958	0.59599	0.55121	4308
SBayesRC_SCZ25_EUR	absolute_ct	parcel	lh_TGv		0.038343	2.5141	0.011969	4308
SBayesRC_SCZ25_EUR	absolute_ct	parcel	lh_TPOJ1		0.029118	1.9087	0.056372	4308
SBayesRC_SCZ25_EUR	absolute_ct	parcel	lh_TPOJ2		0.0075838	0.49691	0.61928	4308
SBayesRC_SCZ25_EUR	absolute_ct	parcel	lh_TPOJ3		0.026281	1.7225	0.085047	4308
SBayesRC_SCZ25_EUR	absolute_ct	parcel	lh_V1		-0.011649	-0.76329	0.44533	4308
SBayesRC_SCZ25_EUR	absolute_ct	parcel	lh_V2		-0.0016938	-0.11098	0.91164	4308
SBayesRC_SCZ25_EUR	absolute_ct	parcel	lh_V3		-0.0032924	-0.21572	0.82921	4308
SBayesRC_SCZ25_EUR	absolute_ct	parcel	lh_V3A		0.015049	0.98615	0.32412	4308
SBayesRC_SCZ25_EUR	absolute_ct	parcel	lh_V3B		0.023353	1.5305	0.12597	4308
SBayesRC_SCZ25_EUR	absolute_ct	parcel	lh_V3CD		0.014743	0.96606	0.33407	4308
SBayesRC_SCZ25_EUR	absolute_ct	parcel	lh_V4		0.012578	0.82422	0.40986	4308
SBayesRC_SCZ25_EUR	absolute_ct	parcel	lh_V4t		0.028418	1.8627	0.062566	4308
SBayesRC_SCZ25_EUR	absolute_ct	parcel	lh_V6		0.014862	0.97387	0.33018	4308
SBayesRC_SCZ25_EUR	absolute_ct	parcel	lh_V6A		0.0054513	0.35718	0.72097	4308
SBayesRC_SCZ25_EUR	absolute_ct	parcel	lh_V7		0.0091457	0.59926	0.54903	4308
SBayesRC_SCZ25_EUR	absolute_ct	parcel	lh_V8		0.0016449	0.10777	0.91418	4308
SBayesRC_SCZ25_EUR	absolute_ct	parcel	lh_VIP		-0.0070284	-0.46052	0.64517	4308
SBayesRC_SCZ25_EUR	absolute_ct	parcel	lh_VMV1		0.0061934	0.40581	0.6849	4308
SBayesRC_SCZ25_EUR	absolute_ct	parcel	lh_VMV2		0.020821	1.3645	0.17248	4308
SBayesRC_SCZ25_EUR	absolute_ct	parcel	lh_VMV3		0.04304	2.8226	0.0047853	4308
SBayesRC_SCZ25_EUR	absolute_ct	parcel	lh_VVC		-0.010276	-0.67336	0.50076	4308
SBayesRC_SCZ25_EUR	absolute_ct	parcel	lh_a10p		0.012974	0.85013	0.3953	4308
SBayesRC_SCZ25_EUR	absolute_ct	parcel	lh_a24		0.025543	1.6741	0.094175	4308
SBayesRC_SCZ25_EUR	absolute_ct	parcel	lh_a24pr		0.010746	0.70411	0.4814	4308
SBayesRC_SCZ25_EUR	absolute_ct	parcel	lh_a32pr		0.034876	2.2865	0.022274	4308
SBayesRC_SCZ25_EUR	absolute_ct	parcel	lh_a47r		0.019028	1.247	0.21247	4308
SBayesRC_SCZ25_EUR	absolute_ct	parcel	lh_a9-46v		0.010597	0.69435	0.4875	4308
SBayesRC_SCZ25_EUR	absolute_ct	parcel	lh_d23ab		0.024739	1.6214	0.105	4308
SBayesRC_SCZ25_EUR	absolute_ct	parcel	lh_d32		0.0071795	0.47042	0.63808	4308
SBayesRC_SCZ25_EUR	absolute_ct	parcel	lh_i6-8		0.011656	0.7638	0.44503	4308
SBayesRC_SCZ25_EUR	absolute_ct	parcel	lh_p10p		0.011947	0.78286	0.43376	4308
SBayesRC_SCZ25_EUR	absolute_ct	parcel	lh_p24		0.014467	0.948	0.34318	4308
SBayesRC_SCZ25_EUR	absolute_ct	parcel	lh_p24pr		0.0033824	0.22162	0.82462	4308
SBayesRC_SCZ25_EUR	absolute_ct	parcel	lh_p32		0.025464	1.669	0.095193	4308
SBayesRC_SCZ25_EUR	absolute_ct	parcel	lh_p32pr		0.037037	2.4283	0.015209	4308
SBayesRC_SCZ25_EUR	absolute_ct	parcel	lh_p47r		-0.0063883	-0.41858	0.67554	4308
SBayesRC_SCZ25_EUR	absolute_ct	parcel	lh_p9-46v		0.023532	1.5423	0.12308	4308
SBayesRC_SCZ25_EUR	absolute_ct	parcel	lh_pOFC		-0.003159	-0.20698	0.83604	4308
SBayesRC_SCZ25_EUR	absolute_ct	parcel	lh_s32		0.023016	1.5084	0.13152	4308
SBayesRC_SCZ25_EUR	absolute_ct	parcel	lh_s6-8		0.017756	1.1636	0.24466	4308
SBayesRC_SCZ25_EUR	absolute_ct	parcel	lh_v23ab		-0.003415	-0.22376	0.82296	4308
SBayesRC_SCZ25_EUR	relative_ct	cortex	1	Primary_Visual	-0.016924	-1.1089	0.26754	4308
SBayesRC_SCZ25_EUR	relative_ct	cortex	2	Early_Visual	-0.0090088	-0.59022	0.55507	4308
SBayesRC_SCZ25_EUR	relative_ct	cortex	3	Dorsal_Stream_Visual	0.0053663	0.35157	0.72518	4308
SBayesRC_SCZ25_EUR	relative_ct	cortex	4	Ventral_Stream_Visual	-0.013641	-0.89377	0.3715	4308
SBayesRC_SCZ25_EUR	relative_ct	cortex	5	MT+_Complex_and_Neighboring_Visual_Areas	0.013636	0.89344	0.37167	4308
SBayesRC_SCZ25_EUR	relative_ct	cortex	6	Somatosensory_and_Motor	-0.019507	-1.2782	0.20124	4308
SBayesRC_SCZ25_EUR	relative_ct	cortex	7	Paracentral_Lobular_and_Mid_Cingulate	0.010099	0.66166	0.50823	4308
SBayesRC_SCZ25_EUR	relative_ct	cortex	8	Premotor	0.013721	0.89899	0.36871	4308
SBayesRC_SCZ25_EUR	relative_ct	cortex	9	Posterior_Opercular	-0.0084609	-0.55432	0.57939	4308
SBayesRC_SCZ25_EUR	relative_ct	cortex	10	Early_Auditory	0.014219	0.93166	0.35157	4308
SBayesRC_SCZ25_EUR	relative_ct	cortex	11	Auditory_Association	0.0067682	0.44342	0.65749	4308
SBayesRC_SCZ25_EUR	relative_ct	cortex	12	Insular_and_Frontal_Opercular	-0.0090986	-0.59611	0.55114	4308
SBayesRC_SCZ25_EUR	relative_ct	cortex	13	Medial_Temporal	0.0060026	0.39326	0.69415	4308
SBayesRC_SCZ25_EUR	relative_ct	cortex	14	Lateral_Temporal	-0.00061719	-0.040434	0.96775	4308
SBayesRC_SCZ25_EUR	relative_ct	cortex	15	Temporo-Parieto_Occipital_Junction	0.011054	0.72423	0.46896	4308
SBayesRC_SCZ25_EUR	relative_ct	cortex	16	Superior_Parietal	-0.0064145	-0.42025	0.67433	4308
SBayesRC_SCZ25_EUR	relative_ct	cortex	17	Inferior_Parietal	0.0036158	0.23689	0.81276	4308
SBayesRC_SCZ25_EUR	relative_ct	cortex	18	Posterior_Cingulate	-0.0014811	-0.097031	0.92271	4308
SBayesRC_SCZ25_EUR	relative_ct	cortex	19	Anterior_Cingulate_and_Medial_Prefrontal	0.0055188	0.36156	0.7177	4308
SBayesRC_SCZ25_EUR	relative_ct	cortex	20	Orbital_and_Polar_Frontal	0.0020264	0.13275	0.89439	4308
SBayesRC_SCZ25_EUR	relative_ct	cortex	21	Inferior_Frontal	-0.0072556	-0.47535	0.63456	4308
SBayesRC_SCZ25_EUR	relative_ct	cortex	22	Dorsolateral_Prefrontal	0.010387	0.68053	0.49621	4308
SBayesRC_SCZ25_EUR	relative_ct	parcel	lh_1		-0.017749	-1.163	0.2449	4308
SBayesRC_SCZ25_EUR	relative_ct	parcel	lh_10d		0.015085	0.98838	0.32302	4308
SBayesRC_SCZ25_EUR	relative_ct	parcel	lh_10pp		0.018651	1.2221	0.22174	4308
SBayesRC_SCZ25_EUR	relative_ct	parcel	lh_10r		0.033898	2.222	0.026332	4308
SBayesRC_SCZ25_EUR	relative_ct	parcel	lh_10v		-0.0036188	-0.23708	0.81261	4308
SBayesRC_SCZ25_EUR	relative_ct	parcel	lh_11l		0.010086	0.66082	0.50876	4308
SBayesRC_SCZ25_EUR	relative_ct	parcel	lh_13l		0.0075618	0.49542	0.62033	4308
SBayesRC_SCZ25_EUR	relative_ct	parcel	lh_2		-0.017229	-1.1289	0.25901	4308
SBayesRC_SCZ25_EUR	relative_ct	parcel	lh_23c		-0.00019675	-0.012889	0.98972	4308
SBayesRC_SCZ25_EUR	relative_ct	parcel	lh_23d		0.00496	0.32495	0.74523	4308
SBayesRC_SCZ25_EUR	relative_ct	parcel	lh_24dd		0.017403	1.1403	0.25423	4308
SBayesRC_SCZ25_EUR	relative_ct	parcel	lh_24dv		0.0078835	0.51649	0.60554	4308
SBayesRC_SCZ25_EUR	relative_ct	parcel	lh_25		-0.0069918	-0.45807	0.64693	4308
SBayesRC_SCZ25_EUR	relative_ct	parcel	lh_31a		-0.0022009	-0.14419	0.88536	4308
SBayesRC_SCZ25_EUR	relative_ct	parcel	lh_31pd		0.017685	1.1588	0.2466	4308
SBayesRC_SCZ25_EUR	relative_ct	parcel	lh_31pv		0.011357	0.74411	0.45685	4308
SBayesRC_SCZ25_EUR	relative_ct	parcel	lh_33pr		0.0039904	0.26142	0.79378	4308
SBayesRC_SCZ25_EUR	relative_ct	parcel	lh_3a		-0.0099677	-0.65305	0.51376	4308
SBayesRC_SCZ25_EUR	relative_ct	parcel	lh_3b		-0.0028229	-0.18494	0.85329	4308
SBayesRC_SCZ25_EUR	relative_ct	parcel	lh_4		0.00041112	0.026934	0.97851	4308
SBayesRC_SCZ25_EUR	relative_ct	parcel	lh_43		-0.01008	-0.6604	0.50903	4308
SBayesRC_SCZ25_EUR	relative_ct	parcel	lh_44		-0.0046013	-0.30145	0.76308	4308
SBayesRC_SCZ25_EUR	relative_ct	parcel	lh_45		0.00016401	0.010745	0.99143	4308
SBayesRC_SCZ25_EUR	relative_ct	parcel	lh_46		-0.0033061	-0.2166	0.82853	4308
SBayesRC_SCZ25_EUR	relative_ct	parcel	lh_47l		0.0059314	0.38859	0.6976	4308
SBayesRC_SCZ25_EUR	relative_ct	parcel	lh_47m		-0.01868	-1.224	0.22101	4308
SBayesRC_SCZ25_EUR	relative_ct	parcel	lh_47s		-0.009608	-0.62948	0.52907	4308
SBayesRC_SCZ25_EUR	relative_ct	parcel	lh_52		0.0090303	0.59163	0.55413	4308
SBayesRC_SCZ25_EUR	relative_ct	parcel	lh_55b		0.01498	0.98147	0.32642	4308
SBayesRC_SCZ25_EUR	relative_ct	parcel	lh_5L		-0.00084266	-0.055205	0.95598	4308
SBayesRC_SCZ25_EUR	relative_ct	parcel	lh_5m		-0.01553	-1.0175	0.30896	4308
SBayesRC_SCZ25_EUR	relative_ct	parcel	lh_5mv		0.009257	0.60648	0.54423	4308
SBayesRC_SCZ25_EUR	relative_ct	parcel	lh_6a		0.015646	1.0252	0.30534	4308
SBayesRC_SCZ25_EUR	relative_ct	parcel	lh_6d		0.016725	1.0958	0.27321	4308
SBayesRC_SCZ25_EUR	relative_ct	parcel	lh_6ma		0.0092014	0.60284	0.54665	4308
SBayesRC_SCZ25_EUR	relative_ct	parcel	lh_6mp		0.0059021	0.38667	0.69902	4308
SBayesRC_SCZ25_EUR	relative_ct	parcel	lh_6r		-0.028529	-1.8698	0.06158	4308
SBayesRC_SCZ25_EUR	relative_ct	parcel	lh_6v		0.024754	1.6222	0.10483	4308
SBayesRC_SCZ25_EUR	relative_ct	parcel	lh_7AL		0.019502	1.2779	0.20135	4308
SBayesRC_SCZ25_EUR	relative_ct	parcel	lh_7Am		0.014218	0.93157	0.35161	4308
SBayesRC_SCZ25_EUR	relative_ct	parcel	lh_7PC		-0.016982	-1.1127	0.26591	4308
SBayesRC_SCZ25_EUR	relative_ct	parcel	lh_7PL		-0.012803	-0.83884	0.40161	4308
SBayesRC_SCZ25_EUR	relative_ct	parcel	lh_7Pm		0.012744	0.835	0.40377	4308
SBayesRC_SCZ25_EUR	relative_ct	parcel	lh_7m		0.0021648	0.14182	0.88723	4308
SBayesRC_SCZ25_EUR	relative_ct	parcel	lh_8Ad		0.0014756	0.096669	0.92299	4308
SBayesRC_SCZ25_EUR	relative_ct	parcel	lh_8Av		0.008634	0.56567	0.57165	4308
SBayesRC_SCZ25_EUR	relative_ct	parcel	lh_8BL		-0.0035254	-0.23096	0.81736	4308
SBayesRC_SCZ25_EUR	relative_ct	parcel	lh_8BM		-0.0025975	-0.17017	0.86488	4308
SBayesRC_SCZ25_EUR	relative_ct	parcel	lh_8C		-0.00024663	-0.016158	0.98711	4308
SBayesRC_SCZ25_EUR	relative_ct	parcel	lh_9-46d		0.00023501	0.015396	0.98772	4308
SBayesRC_SCZ25_EUR	relative_ct	parcel	lh_9a		-0.0031691	-0.20762	0.83554	4308
SBayesRC_SCZ25_EUR	relative_ct	parcel	lh_9m		0.0016135	0.10571	0.91582	4308
SBayesRC_SCZ25_EUR	relative_ct	parcel	lh_9p		-0.0056946	-0.37308	0.70911	4308
SBayesRC_SCZ25_EUR	relative_ct	parcel	lh_A1		-0.0041471	-0.27169	0.78587	4308
SBayesRC_SCZ25_EUR	relative_ct	parcel	lh_A4		0.013212	0.86566	0.38672	4308
SBayesRC_SCZ25_EUR	relative_ct	parcel	lh_A5		0.0073607	0.48224	0.62966	4308
SBayesRC_SCZ25_EUR	relative_ct	parcel	lh_AAIC		-0.014415	-0.94447	0.34499	4308
SBayesRC_SCZ25_EUR	relative_ct	parcel	lh_AIP		-0.002991	-0.19595	0.84466	4308
SBayesRC_SCZ25_EUR	relative_ct	parcel	lh_AVI		-0.0011345	-0.074323	0.94076	4308
SBayesRC_SCZ25_EUR	relative_ct	parcel	lh_DVT		-0.0036249	-0.23748	0.81229	4308
SBayesRC_SCZ25_EUR	relative_ct	parcel	lh_EC		-0.0037872	-0.24811	0.80406	4308
SBayesRC_SCZ25_EUR	relative_ct	parcel	lh_FEF		-0.0026799	-0.17557	0.86064	4308
SBayesRC_SCZ25_EUR	relative_ct	parcel	lh_FFC		-0.020038	-1.313	0.18926	4308
SBayesRC_SCZ25_EUR	relative_ct	parcel	lh_FOP1		-0.0040634	-0.26621	0.79009	4308
SBayesRC_SCZ25_EUR	relative_ct	parcel	lh_FOP2		0.018777	1.2303	0.21864	4308
SBayesRC_SCZ25_EUR	relative_ct	parcel	lh_FOP3		0.0013338	0.087382	0.93037	4308
SBayesRC_SCZ25_EUR	relative_ct	parcel	lh_FOP4		-0.013414	-0.87885	0.37953	4308
SBayesRC_SCZ25_EUR	relative_ct	parcel	lh_FOP5		-0.0065832	-0.4313	0.66627	4308
SBayesRC_SCZ25_EUR	relative_ct	parcel	lh_FST		0.0039546	0.25908	0.79558	4308
SBayesRC_SCZ25_EUR	relative_ct	parcel	lh_IFJa		0.0030405	0.19919	0.84212	4308
SBayesRC_SCZ25_EUR	relative_ct	parcel	lh_IFJp		-0.0079028	-0.51775	0.60466	4308
SBayesRC_SCZ25_EUR	relative_ct	parcel	lh_IFSa		-0.0062414	-0.4089	0.68263	4308
SBayesRC_SCZ25_EUR	relative_ct	parcel	lh_IFSp		-0.0024677	-0.16167	0.87157	4308
SBayesRC_SCZ25_EUR	relative_ct	parcel	lh_IP0		0.0089181	0.58427	0.55907	4308
SBayesRC_SCZ25_EUR	relative_ct	parcel	lh_IP1		0.018156	1.1897	0.23424	4308
SBayesRC_SCZ25_EUR	relative_ct	parcel	lh_IP2		-0.0021336	-0.13978	0.88884	4308
SBayesRC_SCZ25_EUR	relative_ct	parcel	lh_IPS1		0.0065757	0.43081	0.66663	4308
SBayesRC_SCZ25_EUR	relative_ct	parcel	lh_Ig		-0.011121	-0.72865	0.46626	4308
SBayesRC_SCZ25_EUR	relative_ct	parcel	lh_LBelt		0.02257	1.479	0.13921	4308
SBayesRC_SCZ25_EUR	relative_ct	parcel	lh_LIPd		0.005445	0.35673	0.72131	4308
SBayesRC_SCZ25_EUR	relative_ct	parcel	lh_LIPv		-0.0093111	-0.61002	0.54188	4308
SBayesRC_SCZ25_EUR	relative_ct	parcel	lh_LO1		-0.013695	-0.89731	0.36961	4308
SBayesRC_SCZ25_EUR	relative_ct	parcel	lh_LO2		-0.020406	-1.3371	0.18125	4308
SBayesRC_SCZ25_EUR	relative_ct	parcel	lh_LO3		0.003992	0.26153	0.7937	4308
SBayesRC_SCZ25_EUR	relative_ct	parcel	lh_MBelt		-0.010955	-0.71772	0.47297	4308
SBayesRC_SCZ25_EUR	relative_ct	parcel	lh_MI		-0.011868	-0.77757	0.43686	4308
SBayesRC_SCZ25_EUR	relative_ct	parcel	lh_MIP		0.015416	1.0101	0.31252	4308
SBayesRC_SCZ25_EUR	relative_ct	parcel	lh_MST		0.0074607	0.48879	0.62502	4308
SBayesRC_SCZ25_EUR	relative_ct	parcel	lh_MT		0.0022699	0.14871	0.88179	4308
SBayesRC_SCZ25_EUR	relative_ct	parcel	lh_OFC		0.012931	0.84725	0.3969	4308
SBayesRC_SCZ25_EUR	relative_ct	parcel	lh_OP1		0.0001104	0.0072324	0.99423	4308
SBayesRC_SCZ25_EUR	relative_ct	parcel	lh_OP2-3		0.008188	0.53644	0.59168	4308
SBayesRC_SCZ25_EUR	relative_ct	parcel	lh_OP4		-0.020819	-1.3642	0.17257	4308
SBayesRC_SCZ25_EUR	relative_ct	parcel	lh_PBelt		0.032969	2.1611	0.030743	4308
SBayesRC_SCZ25_EUR	relative_ct	parcel	lh_PCV		0.012636	0.82788	0.40779	4308
SBayesRC_SCZ25_EUR	relative_ct	parcel	lh_PEF		-0.0075407	-0.49403	0.62131	4308
SBayesRC_SCZ25_EUR	relative_ct	parcel	lh_PF		0.0023555	0.15432	0.87736	4308
SBayesRC_SCZ25_EUR	relative_ct	parcel	lh_PFcm		0.0046812	0.30669	0.7591	4308
SBayesRC_SCZ25_EUR	relative_ct	parcel	lh_PFm		-0.0018675	-0.12234	0.90263	4308
SBayesRC_SCZ25_EUR	relative_ct	parcel	lh_PFop		-0.011271	-0.73845	0.46028	4308
SBayesRC_SCZ25_EUR	relative_ct	parcel	lh_PFt		0.0087164	0.57106	0.56799	4308
SBayesRC_SCZ25_EUR	relative_ct	parcel	lh_PGi		-0.023271	-1.525	0.12734	4308
SBayesRC_SCZ25_EUR	relative_ct	parcel	lh_PGp		0.0054293	0.35569	0.72209	4308
SBayesRC_SCZ25_EUR	relative_ct	parcel	lh_PGs		-0.017131	-1.1225	0.26173	4308
SBayesRC_SCZ25_EUR	relative_ct	parcel	lh_PH		-0.005955	-0.39014	0.69645	4308
SBayesRC_SCZ25_EUR	relative_ct	parcel	lh_PHA1		0.021371	1.4004	0.16147	4308
SBayesRC_SCZ25_EUR	relative_ct	parcel	lh_PHA2		0.0031348	0.20537	0.83729	4308
SBayesRC_SCZ25_EUR	relative_ct	parcel	lh_PHA3		0.030706	2.0126	0.044218	4308
SBayesRC_SCZ25_EUR	relative_ct	parcel	lh_PHT		-0.01782	-1.1677	0.24301	4308
SBayesRC_SCZ25_EUR	relative_ct	parcel	lh_PI		0.022151	1.4516	0.1467	4308
SBayesRC_SCZ25_EUR	relative_ct	parcel	lh_PIT		-0.008035	-0.52641	0.59863	4308
SBayesRC_SCZ25_EUR	relative_ct	parcel	lh_POS1		-0.025888	-1.6965	0.089854	4308
SBayesRC_SCZ25_EUR	relative_ct	parcel	lh_POS2		-0.0059458	-0.38954	0.6969	4308
SBayesRC_SCZ25_EUR	relative_ct	parcel	lh_PSL		0.0021998	0.14411	0.88542	4308
SBayesRC_SCZ25_EUR	relative_ct	parcel	lh_PeEc		-0.0018917	-0.12393	0.90137	4308
SBayesRC_SCZ25_EUR	relative_ct	parcel	lh_Pir		-0.020209	-1.3242	0.1855	4308
SBayesRC_SCZ25_EUR	relative_ct	parcel	lh_PoI1		-0.0033671	-0.22059	0.82542	4308
SBayesRC_SCZ25_EUR	relative_ct	parcel	lh_PoI2		-0.0038141	-0.24988	0.80269	4308
SBayesRC_SCZ25_EUR	relative_ct	parcel	lh_PreS		-0.0049859	-0.32665	0.74395	4308
SBayesRC_SCZ25_EUR	relative_ct	parcel	lh_ProS		0.0030612	0.20055	0.84106	4308
SBayesRC_SCZ25_EUR	relative_ct	parcel	lh_RI		-0.00046433	-0.03042	0.97573	4308
SBayesRC_SCZ25_EUR	relative_ct	parcel	lh_RSC		-0.0066152	-0.43339	0.66475	4308
SBayesRC_SCZ25_EUR	relative_ct	parcel	lh_SCEF		0.00015311	0.010031	0.992	4308
SBayesRC_SCZ25_EUR	relative_ct	parcel	lh_SFL		0.0019496	0.12773	0.89837	4308
SBayesRC_SCZ25_EUR	relative_ct	parcel	lh_STGa		-0.0029935	-0.19612	0.84453	4308
SBayesRC_SCZ25_EUR	relative_ct	parcel	lh_STSda		-0.0017905	-0.1173	0.90663	4308
SBayesRC_SCZ25_EUR	relative_ct	parcel	lh_STSdp		0.0086543	0.56699	0.57075	4308
SBayesRC_SCZ25_EUR	relative_ct	parcel	lh_STSva		0.01836	1.203	0.22904	4308
SBayesRC_SCZ25_EUR	relative_ct	parcel	lh_STSvp		-0.00047204	-0.030925	0.97533	4308
SBayesRC_SCZ25_EUR	relative_ct	parcel	lh_STV		-0.00032799	-0.021488	0.98286	4308
SBayesRC_SCZ25_EUR	relative_ct	parcel	lh_TA2		-0.015659	-1.026	0.30494	4308
SBayesRC_SCZ25_EUR	relative_ct	parcel	lh_TE1a		-0.020741	-1.3591	0.17418	4308
SBayesRC_SCZ25_EUR	relative_ct	parcel	lh_TE1m		0.0023501	0.15396	0.87765	4308
SBayesRC_SCZ25_EUR	relative_ct	parcel	lh_TE1p		-0.01888	-1.2371	0.21611	4308
SBayesRC_SCZ25_EUR	relative_ct	parcel	lh_TE2a		-0.0046245	-0.30297	0.76193	4308
SBayesRC_SCZ25_EUR	relative_ct	parcel	lh_TE2p		0.018662	1.2228	0.22147	4308
SBayesRC_SCZ25_EUR	relative_ct	parcel	lh_TF		0.00088857	0.058214	0.95358	4308
SBayesRC_SCZ25_EUR	relative_ct	parcel	lh_TGd		-0.0013485	-0.088345	0.92961	4308
SBayesRC_SCZ25_EUR	relative_ct	parcel	lh_TGv		0.032763	2.1476	0.031805	4308
SBayesRC_SCZ25_EUR	relative_ct	parcel	lh_TPOJ1		0.015708	1.0292	0.30343	4308
SBayesRC_SCZ25_EUR	relative_ct	parcel	lh_TPOJ2		-0.010935	-0.71643	0.47376	4308
SBayesRC_SCZ25_EUR	relative_ct	parcel	lh_TPOJ3		0.01058	0.69315	0.48825	4308
SBayesRC_SCZ25_EUR	relative_ct	parcel	lh_V1		-0.016924	-1.1089	0.26754	4308
SBayesRC_SCZ25_EUR	relative_ct	parcel	lh_V2		-0.013494	-0.88413	0.37667	4308
SBayesRC_SCZ25_EUR	relative_ct	parcel	lh_V3		-0.019674	-1.2891	0.19742	4308
SBayesRC_SCZ25_EUR	relative_ct	parcel	lh_V3A		0.0034645	0.22697	0.82046	4308
SBayesRC_SCZ25_EUR	relative_ct	parcel	lh_V3B		0.013873	0.90897	0.36341	4308
SBayesRC_SCZ25_EUR	relative_ct	parcel	lh_V3CD		0.0050914	0.33356	0.73873	4308
SBayesRC_SCZ25_EUR	relative_ct	parcel	lh_V4		0.0018015	0.11802	0.90605	4308
SBayesRC_SCZ25_EUR	relative_ct	parcel	lh_V4t		0.01608	1.0536	0.29213	4308
SBayesRC_SCZ25_EUR	relative_ct	parcel	lh_V6		-0.00076985	-0.050435	0.95978	4308
SBayesRC_SCZ25_EUR	relative_ct	parcel	lh_V6A		-0.0074086	-0.48538	0.62743	4308
SBayesRC_SCZ25_EUR	relative_ct	parcel	lh_V7		-0.0024632	-0.16137	0.87181	4308
SBayesRC_SCZ25_EUR	relative_ct	parcel	lh_V8		-0.012702	-0.8322	0.40534	4308
SBayesRC_SCZ25_EUR	relative_ct	parcel	lh_VIP		-0.021603	-1.4156	0.15695	4308
SBayesRC_SCZ25_EUR	relative_ct	parcel	lh_VMV1		-0.0037484	-0.24557	0.80603	4308
SBayesRC_SCZ25_EUR	relative_ct	parcel	lh_VMV2		0.007875	0.51593	0.60593	4308
SBayesRC_SCZ25_EUR	relative_ct	parcel	lh_VMV3		0.031901	2.091	0.036584	4308
SBayesRC_SCZ25_EUR	relative_ct	parcel	lh_VVC		-0.021472	-1.407	0.15949	4308
SBayesRC_SCZ25_EUR	relative_ct	parcel	lh_a10p		-0.00047008	-0.030797	0.97543	4308
SBayesRC_SCZ25_EUR	relative_ct	parcel	lh_a24		0.01869	1.2247	0.22077	4308
SBayesRC_SCZ25_EUR	relative_ct	parcel	lh_a24pr		0.0008489	0.055614	0.95565	4308
SBayesRC_SCZ25_EUR	relative_ct	parcel	lh_a32pr		0.025766	1.6886	0.091376	4308
SBayesRC_SCZ25_EUR	relative_ct	parcel	lh_a47r		0.0010742	0.070374	0.9439	4308
SBayesRC_SCZ25_EUR	relative_ct	parcel	lh_a9-46v		-0.005146	-0.33713	0.73603	4308
SBayesRC_SCZ25_EUR	relative_ct	parcel	lh_d23ab		0.015237	0.99832	0.31818	4308
SBayesRC_SCZ25_EUR	relative_ct	parcel	lh_d32		-0.0059294	-0.38846	0.69769	4308
SBayesRC_SCZ25_EUR	relative_ct	parcel	lh_i6-8		0.00099511	0.065193	0.94802	4308
SBayesRC_SCZ25_EUR	relative_ct	parcel	lh_p10p		-0.0029639	-0.19417	0.84605	4308
SBayesRC_SCZ25_EUR	relative_ct	parcel	lh_p24		0.0074445	0.48773	0.62577	4308
SBayesRC_SCZ25_EUR	relative_ct	parcel	lh_p24pr		-0.0069419	-0.4548	0.64928	4308
SBayesRC_SCZ25_EUR	relative_ct	parcel	lh_p32		0.011804	0.77339	0.43933	4308
SBayesRC_SCZ25_EUR	relative_ct	parcel	lh_p32pr		0.026862	1.7605	0.078403	4308
SBayesRC_SCZ25_EUR	relative_ct	parcel	lh_p47r		-0.021383	-1.4012	0.16124	4308
SBayesRC_SCZ25_EUR	relative_ct	parcel	lh_p9-46v		0.0068022	0.44564	0.65588	4308
SBayesRC_SCZ25_EUR	relative_ct	parcel	lh_pOFC		-0.0025778	-0.16888	0.8659	4308
SBayesRC_SCZ25_EUR	relative_ct	parcel	lh_s32		0.014061	0.92127	0.35696	4308
SBayesRC_SCZ25_EUR	relative_ct	parcel	lh_s6-8		0.0084369	0.55275	0.58046	4308
SBayesRC_SCZ25_EUR	relative_ct	parcel	lh_v23ab		-0.012163	-0.7969	0.42555	4308
SBayesRC_MDD_pooled	absolute	cortex	1	Primary_Visual	0.0053359	0.49432	0.6211	8596
SBayesRC_MDD_pooled	absolute	cortex	2	Early_Visual	0.021967	2.0355	0.04183	8596
SBayesRC_MDD_pooled	absolute	cortex	3	Dorsal_Stream_Visual	0.018519	1.7159	0.086218	8596
SBayesRC_MDD_pooled	absolute	cortex	4	Ventral_Stream_Visual	0.020834	1.9305	0.053579	8596
SBayesRC_MDD_pooled	absolute	cortex	5	MT+_Complex_and_Neighboring_Visual_Areas	0.014021	1.299	0.19396	8596
SBayesRC_MDD_pooled	absolute	cortex	6	Somatosensory_and_Motor	0.020694	1.9175	0.055211	8596
SBayesRC_MDD_pooled	absolute	cortex	7	Paracentral_Lobular_and_Mid_Cingulate	0.016351	1.5149	0.12983	8596
SBayesRC_MDD_pooled	absolute	cortex	8	Premotor	0.010084	0.93421	0.35022	8596
SBayesRC_MDD_pooled	absolute	cortex	9	Posterior_Opercular	0.019951	1.8486	0.064546	8596
SBayesRC_MDD_pooled	absolute	cortex	10	Early_Auditory	0.023414	2.1697	0.030059	8596
SBayesRC_MDD_pooled	absolute	cortex	11	Auditory_Association	0.018504	1.7145	0.086478	8596
SBayesRC_MDD_pooled	absolute	cortex	12	Insular_and_Frontal_Opercular	-0.00029289	-0.027133	0.97835	8596
SBayesRC_MDD_pooled	absolute	cortex	13	Medial_Temporal	0.0058144	0.53865	0.59014	8596
SBayesRC_MDD_pooled	absolute	cortex	14	Lateral_Temporal	0.010416	0.965	0.33457	8596
SBayesRC_MDD_pooled	absolute	cortex	15	Temporo-Parieto_Occipital_Junction	0.009791	0.90707	0.36439	8596
SBayesRC_MDD_pooled	absolute	cortex	16	Superior_Parietal	0.010438	0.96699	0.33358	8596
SBayesRC_MDD_pooled	absolute	cortex	17	Inferior_Parietal	0.008476	0.78524	0.43234	8596
SBayesRC_MDD_pooled	absolute	cortex	18	Posterior_Cingulate	0.024577	2.2774	0.022784	8596
SBayesRC_MDD_pooled	absolute	cortex	19	Anterior_Cingulate_and_Medial_Prefrontal	0.011652	1.0795	0.28038	8596
SBayesRC_MDD_pooled	absolute	cortex	20	Orbital_and_Polar_Frontal	-0.003966	-0.36741	0.71332	8596
SBayesRC_MDD_pooled	absolute	cortex	21	Inferior_Frontal	-0.00043652	-0.040438	0.96774	8596
SBayesRC_MDD_pooled	absolute	cortex	22	Dorsolateral_Prefrontal	0.009243	0.8563	0.39186	8596
SBayesRC_MDD_pooled	absolute	parcel	lh_1		0.010377	0.96135	0.3364	8596
SBayesRC_MDD_pooled	absolute	parcel	lh_10d		0.0092032	0.85261	0.3939	8596
SBayesRC_MDD_pooled	absolute	parcel	lh_10pp		-0.010195	-0.9445	0.34494	8596
SBayesRC_MDD_pooled	absolute	parcel	lh_10r		0.010574	0.97964	0.32729	8596
SBayesRC_MDD_pooled	absolute	parcel	lh_10v		-0.0047184	-0.43711	0.66204	8596
SBayesRC_MDD_pooled	absolute	parcel	lh_11l		-0.014684	-1.3604	0.17373	8596
SBayesRC_MDD_pooled	absolute	parcel	lh_13l		-0.0072476	-0.67143	0.50197	8596
SBayesRC_MDD_pooled	absolute	parcel	lh_2		0.017477	1.6193	0.10541	8596
SBayesRC_MDD_pooled	absolute	parcel	lh_23c		0.0073115	0.67735	0.4982	8596
SBayesRC_MDD_pooled	absolute	parcel	lh_23d		0.0013537	0.1254	0.90021	8596
SBayesRC_MDD_pooled	absolute	parcel	lh_24dd		0.021148	1.9596	0.050077	8596
SBayesRC_MDD_pooled	absolute	parcel	lh_24dv		-0.0017366	-0.16088	0.87219	8596
SBayesRC_MDD_pooled	absolute	parcel	lh_25		0.0046043	0.42654	0.66973	8596
SBayesRC_MDD_pooled	absolute	parcel	lh_31a		0.0088089	0.81608	0.41448	8596
SBayesRC_MDD_pooled	absolute	parcel	lh_31pd		0.014821	1.3731	0.16974	8596
SBayesRC_MDD_pooled	absolute	parcel	lh_31pv		0.024264	2.2484	0.024574	8596
SBayesRC_MDD_pooled	absolute	parcel	lh_33pr		0.0069255	0.64159	0.52116	8596
SBayesRC_MDD_pooled	absolute	parcel	lh_3a		0.0059149	0.54796	0.58374	8596
SBayesRC_MDD_pooled	absolute	parcel	lh_3b		0.008645	0.80089	0.42322	8596
SBayesRC_MDD_pooled	absolute	parcel	lh_4		0.024387	2.2599	0.023855	8596
SBayesRC_MDD_pooled	absolute	parcel	lh_43		0.01021	0.94586	0.34424	8596
SBayesRC_MDD_pooled	absolute	parcel	lh_44		8.6608e-05	0.0080233	0.9936	8596
SBayesRC_MDD_pooled	absolute	parcel	lh_45		0.011038	1.0226	0.30652	8596
SBayesRC_MDD_pooled	absolute	parcel	lh_46		0.0082196	0.76148	0.44639	8596
SBayesRC_MDD_pooled	absolute	parcel	lh_47l		0.0096772	0.89653	0.36999	8596
SBayesRC_MDD_pooled	absolute	parcel	lh_47m		0.0039842	0.36909	0.71207	8596
SBayesRC_MDD_pooled	absolute	parcel	lh_47s		0.015846	1.4681	0.1421	8596
SBayesRC_MDD_pooled	absolute	parcel	lh_52		0.0069344	0.64241	0.52063	8596
SBayesRC_MDD_pooled	absolute	parcel	lh_55b		0.0033604	0.3113	0.75558	8596
SBayesRC_MDD_pooled	absolute	parcel	lh_5L		0.00039369	0.036471	0.97091	8596
SBayesRC_MDD_pooled	absolute	parcel	lh_5m		0.010951	1.0145	0.31037	8596
SBayesRC_MDD_pooled	absolute	parcel	lh_5mv		0.021275	1.9714	0.048713	8596
SBayesRC_MDD_pooled	absolute	parcel	lh_6a		0.0096501	0.89402	0.37134	8596
SBayesRC_MDD_pooled	absolute	parcel	lh_6d		-0.0030634	-0.28379	0.77658	8596
SBayesRC_MDD_pooled	absolute	parcel	lh_6ma		0.0043031	0.39864	0.69017	8596
SBayesRC_MDD_pooled	absolute	parcel	lh_6mp		0.0086692	0.80314	0.42192	8596
SBayesRC_MDD_pooled	absolute	parcel	lh_6r		0.0003678	0.034072	0.97282	8596
SBayesRC_MDD_pooled	absolute	parcel	lh_6v		0.012868	1.1922	0.23322	8596
SBayesRC_MDD_pooled	absolute	parcel	lh_7AL		0.0008746	0.081022	0.93543	8596
SBayesRC_MDD_pooled	absolute	parcel	lh_7Am		-0.0076483	-0.70855	0.47862	8596
SBayesRC_MDD_pooled	absolute	parcel	lh_7PC		-0.0039246	-0.36357	0.71619	8596
SBayesRC_MDD_pooled	absolute	parcel	lh_7PL		0.02684	2.4873	0.012891	8596
SBayesRC_MDD_pooled	absolute	parcel	lh_7Pm		0.0082386	0.76324	0.44534	8596
SBayesRC_MDD_pooled	absolute	parcel	lh_7m		0.0050323	0.46619	0.64109	8596
SBayesRC_MDD_pooled	absolute	parcel	lh_8Ad		0.017348	1.6073	0.10802	8596
SBayesRC_MDD_pooled	absolute	parcel	lh_8Av		-0.0077818	-0.72092	0.47098	8596
SBayesRC_MDD_pooled	absolute	parcel	lh_8BL		0.002174	0.2014	0.84039	8596
SBayesRC_MDD_pooled	absolute	parcel	lh_8BM		0.0042834	0.39681	0.69152	8596
SBayesRC_MDD_pooled	absolute	parcel	lh_8C		0.0084041	0.77857	0.43625	8596
SBayesRC_MDD_pooled	absolute	parcel	lh_9-46d		0.0021385	0.19811	0.84297	8596
SBayesRC_MDD_pooled	absolute	parcel	lh_9a		0.0081156	0.75184	0.45217	8596
SBayesRC_MDD_pooled	absolute	parcel	lh_9m		0.013381	1.2398	0.2151	8596
SBayesRC_MDD_pooled	absolute	parcel	lh_9p		0.0056781	0.52602	0.59889	8596
SBayesRC_MDD_pooled	absolute	parcel	lh_A1		0.020324	1.8832	0.059704	8596
SBayesRC_MDD_pooled	absolute	parcel	lh_A4		0.011118	1.03	0.30302	8596
SBayesRC_MDD_pooled	absolute	parcel	lh_A5		0.020512	1.9006	0.057385	8596
SBayesRC_MDD_pooled	absolute	parcel	lh_AAIC		-0.00124	-0.11487	0.90855	8596
SBayesRC_MDD_pooled	absolute	parcel	lh_AIP		0.020012	1.8543	0.063734	8596
SBayesRC_MDD_pooled	absolute	parcel	lh_AVI		0.010182	0.94334	0.34554	8596
SBayesRC_MDD_pooled	absolute	parcel	lh_DVT		0.024719	2.2906	0.022009	8596
SBayesRC_MDD_pooled	absolute	parcel	lh_EC		-0.0022026	-0.20405	0.83832	8596
SBayesRC_MDD_pooled	absolute	parcel	lh_FEF		0.022205	2.0576	0.03966	8596
SBayesRC_MDD_pooled	absolute	parcel	lh_FFC		0.014016	1.2986	0.19412	8596
SBayesRC_MDD_pooled	absolute	parcel	lh_FOP1		0.0033755	0.3127	0.75451	8596
SBayesRC_MDD_pooled	absolute	parcel	lh_FOP2		-0.011987	-1.1106	0.26678	8596
SBayesRC_MDD_pooled	absolute	parcel	lh_FOP3		0.0084564	0.78342	0.4334	8596
SBayesRC_MDD_pooled	absolute	parcel	lh_FOP4		0.0077286	0.71599	0.47402	8596
SBayesRC_MDD_pooled	absolute	parcel	lh_FOP5		0.0099849	0.92504	0.35497	8596
SBayesRC_MDD_pooled	absolute	parcel	lh_FST		0.0094861	0.87882	0.37952	8596
SBayesRC_MDD_pooled	absolute	parcel	lh_IFJa		0.0076995	0.7133	0.47568	8596
SBayesRC_MDD_pooled	absolute	parcel	lh_IFJp		-0.01495	-1.3851	0.16607	8596
SBayesRC_MDD_pooled	absolute	parcel	lh_IFSa		0.00093548	0.086662	0.93094	8596
SBayesRC_MDD_pooled	absolute	parcel	lh_IFSp		-0.0007846	-0.072684	0.94206	8596
SBayesRC_MDD_pooled	absolute	parcel	lh_IP0		0.017805	1.6497	0.099048	8596
SBayesRC_MDD_pooled	absolute	parcel	lh_IP1		0.0079617	0.73759	0.46078	8596
SBayesRC_MDD_pooled	absolute	parcel	lh_IP2		-0.0086135	-0.79797	0.42491	8596
SBayesRC_MDD_pooled	absolute	parcel	lh_IPS1		0.017509	1.6223	0.10479	8596
SBayesRC_MDD_pooled	absolute	parcel	lh_Ig		0.0060929	0.56445	0.57246	8596
SBayesRC_MDD_pooled	absolute	parcel	lh_LBelt		0.01377	1.2758	0.20207	8596
SBayesRC_MDD_pooled	absolute	parcel	lh_LIPd		0.0059897	0.55489	0.57898	8596
SBayesRC_MDD_pooled	absolute	parcel	lh_LIPv		0.00090326	0.083677	0.93332	8596
SBayesRC_MDD_pooled	absolute	parcel	lh_LO1		0.0079718	0.73852	0.46022	8596
SBayesRC_MDD_pooled	absolute	parcel	lh_LO2		-0.00064437	-0.059694	0.9524	8596
SBayesRC_MDD_pooled	absolute	parcel	lh_LO3		0.02002	1.855	0.063633	8596
SBayesRC_MDD_pooled	absolute	parcel	lh_MBelt		0.022598	2.094	0.036287	8596
SBayesRC_MDD_pooled	absolute	parcel	lh_MI		0.0087779	0.81321	0.41612	8596
SBayesRC_MDD_pooled	absolute	parcel	lh_MIP		0.021814	2.0213	0.04328	8596
SBayesRC_MDD_pooled	absolute	parcel	lh_MST		0.012215	1.1317	0.25779	8596
SBayesRC_MDD_pooled	absolute	parcel	lh_MT		0.0082477	0.76409	0.44484	8596
SBayesRC_MDD_pooled	absolute	parcel	lh_OFC		-0.0010049	-0.093091	0.92583	8596
SBayesRC_MDD_pooled	absolute	parcel	lh_OP1		0.029926	2.7736	0.0055564	8596
SBayesRC_MDD_pooled	absolute	parcel	lh_OP2-3		0.005418	0.50192	0.61573	8596
SBayesRC_MDD_pooled	absolute	parcel	lh_OP4		0.01185	1.0979	0.27229	8596
SBayesRC_MDD_pooled	absolute	parcel	lh_PBelt		0.012486	1.1568	0.2474	8596
SBayesRC_MDD_pooled	absolute	parcel	lh_PCV		0.013673	1.2668	0.20526	8596
SBayesRC_MDD_pooled	absolute	parcel	lh_PEF		0.0044258	0.41001	0.68181	8596
SBayesRC_MDD_pooled	absolute	parcel	lh_PF		0.0034782	0.32222	0.7473	8596
SBayesRC_MDD_pooled	absolute	parcel	lh_PFcm		0.015204	1.4086	0.15899	8596
SBayesRC_MDD_pooled	absolute	parcel	lh_PFm		0.0052391	0.48536	0.62744	8596
SBayesRC_MDD_pooled	absolute	parcel	lh_PFop		-0.0013233	-0.12259	0.90243	8596
SBayesRC_MDD_pooled	absolute	parcel	lh_PFt		0.0017508	0.16219	0.87116	8596
SBayesRC_MDD_pooled	absolute	parcel	lh_PGi		-0.0056297	-0.52154	0.602	8596
SBayesRC_MDD_pooled	absolute	parcel	lh_PGp		0.0052275	0.48427	0.6282	8596
SBayesRC_MDD_pooled	absolute	parcel	lh_PGs		0.025036	2.32	0.020363	8596
SBayesRC_MDD_pooled	absolute	parcel	lh_PH		0.0090922	0.84233	0.39963	8596
SBayesRC_MDD_pooled	absolute	parcel	lh_PHA1		0.017314	1.6042	0.1087	8596
SBayesRC_MDD_pooled	absolute	parcel	lh_PHA2		0.0057254	0.53041	0.59584	8596
SBayesRC_MDD_pooled	absolute	parcel	lh_PHA3		0.0089018	0.82469	0.40957	8596
SBayesRC_MDD_pooled	absolute	parcel	lh_PHT		0.011397	1.0559	0.29105	8596
SBayesRC_MDD_pooled	absolute	parcel	lh_PI		0.015011	1.3908	0.16433	8596
SBayesRC_MDD_pooled	absolute	parcel	lh_PIT		0.015491	1.4352	0.15126	8596
SBayesRC_MDD_pooled	absolute	parcel	lh_POS1		0.0070002	0.6485	0.51668	8596
SBayesRC_MDD_pooled	absolute	parcel	lh_POS2		0.021314	1.975	0.048301	8596
SBayesRC_MDD_pooled	absolute	parcel	lh_PSL		-0.0042416	-0.39295	0.69437	8596
SBayesRC_MDD_pooled	absolute	parcel	lh_PeEc		0.0027824	0.25776	0.79659	8596
SBayesRC_MDD_pooled	absolute	parcel	lh_Pir		-0.0185	-1.7141	0.086539	8596
SBayesRC_MDD_pooled	absolute	parcel	lh_PoI1		0.00615	0.56974	0.56887	8596
SBayesRC_MDD_pooled	absolute	parcel	lh_PoI2		-0.0048616	-0.45038	0.65245	8596
SBayesRC_MDD_pooled	absolute	parcel	lh_PreS		-0.0043048	-0.3988	0.69005	8596
SBayesRC_MDD_pooled	absolute	parcel	lh_ProS		0.024797	2.2979	0.021594	8596
SBayesRC_MDD_pooled	absolute	parcel	lh_RI		0.013961	1.2935	0.19589	8596
SBayesRC_MDD_pooled	absolute	parcel	lh_RSC		0.017141	1.5882	0.11228	8596
SBayesRC_MDD_pooled	absolute	parcel	lh_SCEF		0.02328	2.1573	0.031014	8596
SBayesRC_MDD_pooled	absolute	parcel	lh_SFL		0.017759	1.6454	0.099915	8596
SBayesRC_MDD_pooled	absolute	parcel	lh_STGa		0.0066165	0.61296	0.53992	8596
SBayesRC_MDD_pooled	absolute	parcel	lh_STSda		0.014336	1.3283	0.18413	8596
SBayesRC_MDD_pooled	absolute	parcel	lh_STSdp		0.015234	1.4114	0.15817	8596
SBayesRC_MDD_pooled	absolute	parcel	lh_STSva		0.022788	2.1116	0.034747	8596
SBayesRC_MDD_pooled	absolute	parcel	lh_STSvp		-0.0041758	-0.38685	0.69888	8596
SBayesRC_MDD_pooled	absolute	parcel	lh_STV		0.010288	0.95308	0.34058	8596
SBayesRC_MDD_pooled	absolute	parcel	lh_TA2		0.011	1.0191	0.30817	8596
SBayesRC_MDD_pooled	absolute	parcel	lh_TE1a		0.017722	1.642	0.10063	8596
SBayesRC_MDD_pooled	absolute	parcel	lh_TE1m		0.00056533	0.052371	0.95823	8596
SBayesRC_MDD_pooled	absolute	parcel	lh_TE1p		-0.0084517	-0.78299	0.43366	8596
SBayesRC_MDD_pooled	absolute	parcel	lh_TE2a		0.0043334	0.40145	0.6881	8596
SBayesRC_MDD_pooled	absolute	parcel	lh_TE2p		0.0091559	0.84823	0.39633	8596
SBayesRC_MDD_pooled	absolute	parcel	lh_TF		-0.00010254	-0.0094994	0.99242	8596
SBayesRC_MDD_pooled	absolute	parcel	lh_TGd		0.013717	1.2708	0.20383	8596
SBayesRC_MDD_pooled	absolute	parcel	lh_TGv		0.017821	1.6512	0.098734	8596
SBayesRC_MDD_pooled	absolute	parcel	lh_TPOJ1		0.023124	2.1428	0.032158	8596
SBayesRC_MDD_pooled	absolute	parcel	lh_TPOJ2		0.0081951	0.75921	0.44775	8596
SBayesRC_MDD_pooled	absolute	parcel	lh_TPOJ3		0.0096412	0.89319	0.37178	8596
SBayesRC_MDD_pooled	absolute	parcel	lh_V1		0.0053359	0.49432	0.6211	8596
SBayesRC_MDD_pooled	absolute	parcel	lh_V2		0.018346	1.6998	0.089202	8596
SBayesRC_MDD_pooled	absolute	parcel	lh_V3		0.010144	0.93981	0.34734	8596
SBayesRC_MDD_pooled	absolute	parcel	lh_V3A		0.014294	1.3243	0.18543	8596
SBayesRC_MDD_pooled	absolute	parcel	lh_V3B		0.019873	1.8413	0.065606	8596
SBayesRC_MDD_pooled	absolute	parcel	lh_V3CD		0.0081893	0.75868	0.44807	8596
SBayesRC_MDD_pooled	absolute	parcel	lh_V4		0.027656	2.563	0.010393	8596
SBayesRC_MDD_pooled	absolute	parcel	lh_V4t		0.0060903	0.56421	0.57262	8596
SBayesRC_MDD_pooled	absolute	parcel	lh_V6		0.019783	1.8331	0.066829	8596
SBayesRC_MDD_pooled	absolute	parcel	lh_V6A		0.0018129	0.16794	0.86663	8596
SBayesRC_MDD_pooled	absolute	parcel	lh_V7		0.018419	1.7066	0.087933	8596
SBayesRC_MDD_pooled	absolute	parcel	lh_V8		0.017958	1.6639	0.096177	8596
SBayesRC_MDD_pooled	absolute	parcel	lh_VIP		0.0013704	0.12696	0.89898	8596
SBayesRC_MDD_pooled	absolute	parcel	lh_VMV1		0.020712	1.9192	0.054996	8596
SBayesRC_MDD_pooled	absolute	parcel	lh_VMV2		-0.0033877	-0.31384	0.75365	8596
SBayesRC_MDD_pooled	absolute	parcel	lh_VMV3		0.007756	0.71853	0.47245	8596
SBayesRC_MDD_pooled	absolute	parcel	lh_VVC		0.01426	1.3211	0.18649	8596
SBayesRC_MDD_pooled	absolute	parcel	lh_a10p		-0.0032845	-0.30427	0.76093	8596
SBayesRC_MDD_pooled	absolute	parcel	lh_a24		0.0097764	0.90572	0.36511	8596
SBayesRC_MDD_pooled	absolute	parcel	lh_a24pr		0.014292	1.3241	0.1855	8596
SBayesRC_MDD_pooled	absolute	parcel	lh_a32pr		-0.008371	-0.77551	0.43806	8596
SBayesRC_MDD_pooled	absolute	parcel	lh_a47r		-0.0025114	-0.23266	0.81603	8596
SBayesRC_MDD_pooled	absolute	parcel	lh_a9-46v		-0.00021635	-0.020042	0.98401	8596
SBayesRC_MDD_pooled	absolute	parcel	lh_d23ab		0.0075213	0.69679	0.48596	8596
SBayesRC_MDD_pooled	absolute	parcel	lh_d32		0.0020202	0.18715	0.85155	8596
SBayesRC_MDD_pooled	absolute	parcel	lh_i6-8		0.0019504	0.18069	0.85662	8596
SBayesRC_MDD_pooled	absolute	parcel	lh_p10p		-0.0073991	-0.68546	0.49307	8596
SBayesRC_MDD_pooled	absolute	parcel	lh_p24		0.0099521	0.922	0.35655	8596
SBayesRC_MDD_pooled	absolute	parcel	lh_p24pr		0.012544	1.1621	0.24521	8596
SBayesRC_MDD_pooled	absolute	parcel	lh_p32		0.00080527	0.074599	0.94054	8596
SBayesRC_MDD_pooled	absolute	parcel	lh_p32pr		0.012495	1.1576	0.24705	8596
SBayesRC_MDD_pooled	absolute	parcel	lh_p47r		-0.017996	-1.6674	0.095467	8596
SBayesRC_MDD_pooled	absolute	parcel	lh_p9-46v		0.0026346	0.24407	0.80719	8596
SBayesRC_MDD_pooled	absolute	parcel	lh_pOFC		-0.0075171	-0.6964	0.4862	8596
SBayesRC_MDD_pooled	absolute	parcel	lh_s32		0.0097449	0.9028	0.36666	8596
SBayesRC_MDD_pooled	absolute	parcel	lh_s6-8		0.00090057	0.083428	0.93351	8596
SBayesRC_MDD_pooled	absolute	parcel	lh_v23ab		0.0027523	0.25497	0.79875	8596
SBayesRC_MDD_pooled	relative	cortex	1	Primary_Visual	0.00033666	0.031186	0.97512	8596
SBayesRC_MDD_pooled	relative	cortex	2	Early_Visual	0.013496	1.2503	0.21123	8596
SBayesRC_MDD_pooled	relative	cortex	3	Dorsal_Stream_Visual	0.0085931	0.79604	0.42603	8596
SBayesRC_MDD_pooled	relative	cortex	4	Ventral_Stream_Visual	0.011572	1.072	0.28373	8596
SBayesRC_MDD_pooled	relative	cortex	5	MT+_Complex_and_Neighboring_Visual_Areas	0.00041605	0.03854	0.96926	8596
SBayesRC_MDD_pooled	relative	cortex	6	Somatosensory_and_Motor	0.013381	1.2397	0.21513	8596
SBayesRC_MDD_pooled	relative	cortex	7	Paracentral_Lobular_and_Mid_Cingulate	0.0035239	0.32643	0.74411	8596
SBayesRC_MDD_pooled	relative	cortex	8	Premotor	-0.00096164	-0.089081	0.92902	8596
SBayesRC_MDD_pooled	relative	cortex	9	Posterior_Opercular	0.011538	1.0689	0.28514	8596
SBayesRC_MDD_pooled	relative	cortex	10	Early_Auditory	0.014856	1.3763	0.16875	8596
SBayesRC_MDD_pooled	relative	cortex	11	Auditory_Association	0.0078471	0.72693	0.46729	8596
SBayesRC_MDD_pooled	relative	cortex	12	Insular_and_Frontal_Opercular	-0.0094844	-0.87861	0.37964	8596
SBayesRC_MDD_pooled	relative	cortex	13	Medial_Temporal	-0.0022844	-0.21161	0.83242	8596
SBayesRC_MDD_pooled	relative	cortex	14	Lateral_Temporal	-0.0026178	-0.2425	0.8084	8596
SBayesRC_MDD_pooled	relative	cortex	15	Temporo-Parieto_Occipital_Junction	-0.0042463	-0.39335	0.69407	8596
SBayesRC_MDD_pooled	relative	cortex	16	Superior_Parietal	-0.0033803	-0.31313	0.75419	8596
SBayesRC_MDD_pooled	relative	cortex	17	Inferior_Parietal	-0.0097106	-0.89957	0.36837	8596
SBayesRC_MDD_pooled	relative	cortex	18	Posterior_Cingulate	0.016038	1.4858	0.13736	8596
SBayesRC_MDD_pooled	relative	cortex	19	Anterior_Cingulate_and_Medial_Prefrontal	-7.368e-05	-0.0068252	0.99455	8596
SBayesRC_MDD_pooled	relative	cortex	20	Orbital_and_Polar_Frontal	-0.019333	-1.7912	0.073295	8596
SBayesRC_MDD_pooled	relative	cortex	21	Inferior_Frontal	-0.019673	-1.8228	0.068375	8596
SBayesRC_MDD_pooled	relative	cortex	22	Dorsolateral_Prefrontal	-0.0059123	-0.54769	0.58392	8596
SBayesRC_MDD_pooled	relative	parcel	lh_1		0.0012639	0.11708	0.9068	8596
SBayesRC_MDD_pooled	relative	parcel	lh_10d		0.0019798	0.18339	0.85449	8596
SBayesRC_MDD_pooled	relative	parcel	lh_10pp		-0.017667	-1.6368	0.10171	8596
SBayesRC_MDD_pooled	relative	parcel	lh_10r		0.0048353	0.44792	0.65422	8596
SBayesRC_MDD_pooled	relative	parcel	lh_10v		-0.011881	-1.1007	0.27106	8596
SBayesRC_MDD_pooled	relative	parcel	lh_11l		-0.023371	-2.1655	0.030377	8596
SBayesRC_MDD_pooled	relative	parcel	lh_13l		-0.01542	-1.4285	0.15317	8596
SBayesRC_MDD_pooled	relative	parcel	lh_2		0.0088498	0.81982	0.41234	8596
SBayesRC_MDD_pooled	relative	parcel	lh_23c		-0.0021749	-0.20147	0.84033	8596
SBayesRC_MDD_pooled	relative	parcel	lh_23d		-0.0039701	-0.36776	0.71306	8596
SBayesRC_MDD_pooled	relative	parcel	lh_24dd		0.013885	1.2864	0.19834	8596
SBayesRC_MDD_pooled	relative	parcel	lh_24dv		-0.01029	-0.95325	0.34049	8596
SBayesRC_MDD_pooled	relative	parcel	lh_25		0.0019744	0.1829	0.85488	8596
SBayesRC_MDD_pooled	relative	parcel	lh_31a		0.0019466	0.18032	0.8569	8596
SBayesRC_MDD_pooled	relative	parcel	lh_31pd		0.0070261	0.65087	0.51515	8596
SBayesRC_MDD_pooled	relative	parcel	lh_31pv		0.01789	1.6575	0.09745	8596
SBayesRC_MDD_pooled	relative	parcel	lh_33pr		0.0052993	0.4909	0.62351	8596
SBayesRC_MDD_pooled	relative	parcel	lh_3a		0.00012255	0.011353	0.99094	8596
SBayesRC_MDD_pooled	relative	parcel	lh_3b		0.0044388	0.41118	0.68095	8596
SBayesRC_MDD_pooled	relative	parcel	lh_4		0.022586	2.0928	0.036396	8596
SBayesRC_MDD_pooled	relative	parcel	lh_43		0.0029227	0.27074	0.78659	8596
SBayesRC_MDD_pooled	relative	parcel	lh_44		-0.0089595	-0.82999	0.40657	8596
SBayesRC_MDD_pooled	relative	parcel	lh_45		0.0020871	0.19333	0.8467	8596
SBayesRC_MDD_pooled	relative	parcel	lh_46		-0.0029056	-0.26916	0.78781	8596
SBayesRC_MDD_pooled	relative	parcel	lh_47l		0.0015272	0.14147	0.8875	8596
SBayesRC_MDD_pooled	relative	parcel	lh_47m		-0.0032143	-0.29775	0.7659	8596
SBayesRC_MDD_pooled	relative	parcel	lh_47s		0.0099048	0.91756	0.35887	8596
SBayesRC_MDD_pooled	relative	parcel	lh_52		0.00083302	0.077166	0.93849	8596
SBayesRC_MDD_pooled	relative	parcel	lh_55b		-0.0045405	-0.42061	0.67405	8596
SBayesRC_MDD_pooled	relative	parcel	lh_5L		-0.0087509	-0.81066	0.41758	8596
SBayesRC_MDD_pooled	relative	parcel	lh_5m		0.0020186	0.18699	0.85167	8596
SBayesRC_MDD_pooled	relative	parcel	lh_5mv		0.013797	1.2782	0.20121	8596
SBayesRC_MDD_pooled	relative	parcel	lh_6a		0.00014465	0.013399	0.98931	8596
SBayesRC_MDD_pooled	relative	parcel	lh_6d		-0.011988	-1.1106	0.26676	8596
SBayesRC_MDD_pooled	relative	parcel	lh_6ma		-0.0043612	-0.40399	0.68623	8596
SBayesRC_MDD_pooled	relative	parcel	lh_6mp		0.00018239	0.016895	0.98652	8596
SBayesRC_MDD_pooled	relative	parcel	lh_6r		-0.010383	-0.96182	0.33617	8596
SBayesRC_MDD_pooled	relative	parcel	lh_6v		0.0057798	0.53541	0.59238	8596
SBayesRC_MDD_pooled	relative	parcel	lh_7AL		-0.0077351	-0.71655	0.47367	8596
SBayesRC_MDD_pooled	relative	parcel	lh_7Am		-0.017952	-1.6633	0.096297	8596
SBayesRC_MDD_pooled	relative	parcel	lh_7PC		-0.014698	-1.3617	0.17333	8596
SBayesRC_MDD_pooled	relative	parcel	lh_7PL		0.020826	1.9296	0.053693	8596
SBayesRC_MDD_pooled	relative	parcel	lh_7Pm		0.00097682	0.090487	0.9279	8596
SBayesRC_MDD_pooled	relative	parcel	lh_7m		-0.0051325	-0.47545	0.63448	8596
SBayesRC_MDD_pooled	relative	parcel	lh_8Ad		0.0087989	0.81511	0.41503	8596
SBayesRC_MDD_pooled	relative	parcel	lh_8Av		-0.01505	-1.3943	0.16327	8596
SBayesRC_MDD_pooled	relative	parcel	lh_8BL		-0.0067391	-0.62428	0.53246	8596
SBayesRC_MDD_pooled	relative	parcel	lh_8BM		-0.0051212	-0.4744	0.63523	8596
SBayesRC_MDD_pooled	relative	parcel	lh_8C		-0.001913	-0.17721	0.85935	8596
SBayesRC_MDD_pooled	relative	parcel	lh_9-46d		-0.0088663	-0.82135	0.41147	8596
SBayesRC_MDD_pooled	relative	parcel	lh_9a		-3.2659e-05	-0.0030254	0.99759	8596
SBayesRC_MDD_pooled	relative	parcel	lh_9m		0.0047357	0.43869	0.6609	8596
SBayesRC_MDD_pooled	relative	parcel	lh_9p		-0.0036359	-0.33681	0.73627	8596
SBayesRC_MDD_pooled	relative	parcel	lh_A1		0.013933	1.2908	0.19681	8596
SBayesRC_MDD_pooled	relative	parcel	lh_A4		0.0011131	0.10311	0.91788	8596
SBayesRC_MDD_pooled	relative	parcel	lh_A5		0.012674	1.1742	0.24036	8596
SBayesRC_MDD_pooled	relative	parcel	lh_AAIC		-0.0033558	-0.31086	0.75592	8596
SBayesRC_MDD_pooled	relative	parcel	lh_AIP		0.011961	1.1081	0.26784	8596
SBayesRC_MDD_pooled	relative	parcel	lh_AVI		0.0040509	0.37525	0.70748	8596
SBayesRC_MDD_pooled	relative	parcel	lh_DVT		0.017655	1.6357	0.10194	8596
SBayesRC_MDD_pooled	relative	parcel	lh_EC		-0.0043141	-0.39964	0.68943	8596
SBayesRC_MDD_pooled	relative	parcel	lh_FEF		0.015744	1.4586	0.14471	8596
SBayesRC_MDD_pooled	relative	parcel	lh_FFC		0.0051575	0.47777	0.63283	8596
SBayesRC_MDD_pooled	relative	parcel	lh_FOP1		-0.0029968	-0.2776	0.78132	8596
SBayesRC_MDD_pooled	relative	parcel	lh_FOP2		-0.01866	-1.7289	0.083865	8596
SBayesRC_MDD_pooled	relative	parcel	lh_FOP3		0.0034196	0.31677	0.75142	8596
SBayesRC_MDD_pooled	relative	parcel	lh_FOP4		0.00071334	0.066079	0.94732	8596
SBayesRC_MDD_pooled	relative	parcel	lh_FOP5		0.0029985	0.27776	0.7812	8596
SBayesRC_MDD_pooled	relative	parcel	lh_FST		0.00087105	0.080689	0.93569	8596
SBayesRC_MDD_pooled	relative	parcel	lh_IFJa		-2.9888e-05	-0.0027686	0.99779	8596
SBayesRC_MDD_pooled	relative	parcel	lh_IFJp		-0.022155	-2.0528	0.040121	8596
SBayesRC_MDD_pooled	relative	parcel	lh_IFSa		-0.009962	-0.92286	0.35611	8596
SBayesRC_MDD_pooled	relative	parcel	lh_IFSp		-0.011252	-1.0424	0.29726	8596
SBayesRC_MDD_pooled	relative	parcel	lh_IP0		0.01	0.92638	0.35427	8596
SBayesRC_MDD_pooled	relative	parcel	lh_IP1		-0.0025918	-0.24009	0.81027	8596
SBayesRC_MDD_pooled	relative	parcel	lh_IP2		-0.020618	-1.9103	0.056125	8596
SBayesRC_MDD_pooled	relative	parcel	lh_IPS1		0.0097794	0.90595	0.36499	8596
SBayesRC_MDD_pooled	relative	parcel	lh_Ig		-5.7481e-05	-0.0053247	0.99575	8596
SBayesRC_MDD_pooled	relative	parcel	lh_LBelt		0.0068261	0.63234	0.52718	8596
SBayesRC_MDD_pooled	relative	parcel	lh_LIPd		-0.0025409	-0.23538	0.81392	8596
SBayesRC_MDD_pooled	relative	parcel	lh_LIPv		-0.0077016	-0.71345	0.47559	8596
SBayesRC_MDD_pooled	relative	parcel	lh_LO1		-0.00031281	-0.028977	0.97688	8596
SBayesRC_MDD_pooled	relative	parcel	lh_LO2		-0.0095749	-0.887	0.3751	8596
SBayesRC_MDD_pooled	relative	parcel	lh_LO3		0.012947	1.1995	0.23038	8596
SBayesRC_MDD_pooled	relative	parcel	lh_MBelt		0.016248	1.5053	0.13228	8596
SBayesRC_MDD_pooled	relative	parcel	lh_MI		0.0029959	0.27752	0.78138	8596
SBayesRC_MDD_pooled	relative	parcel	lh_MIP		0.014577	1.3505	0.17691	8596
SBayesRC_MDD_pooled	relative	parcel	lh_MST		0.0041817	0.38737	0.6985	8596
SBayesRC_MDD_pooled	relative	parcel	lh_MT		-0.0004951	-0.045863	0.96342	8596
SBayesRC_MDD_pooled	relative	parcel	lh_OFC		-0.0059124	-0.54769	0.58392	8596
SBayesRC_MDD_pooled	relative	parcel	lh_OP1		0.025153	2.3308	0.019788	8596
SBayesRC_MDD_pooled	relative	parcel	lh_OP2-3		-0.00047331	-0.043844	0.96503	8596
SBayesRC_MDD_pooled	relative	parcel	lh_OP4		0.0032951	0.30524	0.76019	8596
SBayesRC_MDD_pooled	relative	parcel	lh_PBelt		0.0044039	0.40796	0.68332	8596
SBayesRC_MDD_pooled	relative	parcel	lh_PCV		0.0048598	0.45019	0.65259	8596
SBayesRC_MDD_pooled	relative	parcel	lh_PEF		-0.0019068	-0.17664	0.8598	8596
SBayesRC_MDD_pooled	relative	parcel	lh_PF		-0.0066668	-0.61759	0.53686	8596
SBayesRC_MDD_pooled	relative	parcel	lh_PFcm		0.0073249	0.67855	0.49744	8596
SBayesRC_MDD_pooled	relative	parcel	lh_PFm		-0.0068103	-0.63087	0.52814	8596
SBayesRC_MDD_pooled	relative	parcel	lh_PFop		-0.0098592	-0.91334	0.36109	8596
SBayesRC_MDD_pooled	relative	parcel	lh_PFt		-0.0073355	-0.67953	0.49682	8596
SBayesRC_MDD_pooled	relative	parcel	lh_PGi		-0.021526	-1.9945	0.046126	8596
SBayesRC_MDD_pooled	relative	parcel	lh_PGp		-0.0044061	-0.40816	0.68317	8596
SBayesRC_MDD_pooled	relative	parcel	lh_PGs		0.017771	1.6465	0.099702	8596
SBayesRC_MDD_pooled	relative	parcel	lh_PH		-0.00062706	-0.058087	0.95368	8596
SBayesRC_MDD_pooled	relative	parcel	lh_PHA1		0.014141	1.3101	0.19021	8596
SBayesRC_MDD_pooled	relative	parcel	lh_PHA2		4.7094e-05	0.0043625	0.99652	8596
SBayesRC_MDD_pooled	relative	parcel	lh_PHA3		0.0026641	0.24679	0.80508	8596
SBayesRC_MDD_pooled	relative	parcel	lh_PHT		0.00254	0.23529	0.81399	8596
SBayesRC_MDD_pooled	relative	parcel	lh_PI		0.0095738	0.8869	0.37516	8596
SBayesRC_MDD_pooled	relative	parcel	lh_PIT		0.0084004	0.77819	0.43648	8596
SBayesRC_MDD_pooled	relative	parcel	lh_POS1		-0.0016066	-0.14882	0.8817	8596
SBayesRC_MDD_pooled	relative	parcel	lh_POS2		0.013003	1.2046	0.22837	8596
SBayesRC_MDD_pooled	relative	parcel	lh_PSL		-0.013939	-1.2914	0.19661	8596
SBayesRC_MDD_pooled	relative	parcel	lh_PeEc		-0.0026221	-0.2429	0.80809	8596
SBayesRC_MDD_pooled	relative	parcel	lh_Pir		-0.021341	-1.9773	0.048037	8596
SBayesRC_MDD_pooled	relative	parcel	lh_PoI1		0.0022858	0.21174	0.83231	8596
SBayesRC_MDD_pooled	relative	parcel	lh_PoI2		-0.0087862	-0.81393	0.41571	8596
SBayesRC_MDD_pooled	relative	parcel	lh_PreS		-0.005407	-0.50088	0.61647	8596
SBayesRC_MDD_pooled	relative	parcel	lh_ProS		0.020876	1.9342	0.053117	8596
SBayesRC_MDD_pooled	relative	parcel	lh_RI		0.0064915	0.60134	0.54763	8596
SBayesRC_MDD_pooled	relative	parcel	lh_RSC		0.014362	1.3305	0.18338	8596
SBayesRC_MDD_pooled	relative	parcel	lh_SCEF		0.016501	1.5288	0.12636	8596
SBayesRC_MDD_pooled	relative	parcel	lh_SFL		0.011658	1.08	0.28017	8596
SBayesRC_MDD_pooled	relative	parcel	lh_STGa		-0.0004009	-0.037136	0.97038	8596
SBayesRC_MDD_pooled	relative	parcel	lh_STSda		0.0061356	0.56837	0.5698	8596
SBayesRC_MDD_pooled	relative	parcel	lh_STSdp		0.0067693	0.62708	0.53062	8596
SBayesRC_MDD_pooled	relative	parcel	lh_STSva		0.016426	1.5218	0.1281	8596
SBayesRC_MDD_pooled	relative	parcel	lh_STSvp		-0.01488	-1.3786	0.16806	8596
SBayesRC_MDD_pooled	relative	parcel	lh_STV		0.0016743	0.1551	0.87675	8596
SBayesRC_MDD_pooled	relative	parcel	lh_TA2		0.004944	0.45798	0.64698	8596
SBayesRC_MDD_pooled	relative	parcel	lh_TE1a		0.010939	1.0134	0.31089	8596
SBayesRC_MDD_pooled	relative	parcel	lh_TE1m		-0.0073937	-0.68492	0.49341	8596
SBayesRC_MDD_pooled	relative	parcel	lh_TE1p		-0.018683	-1.731	0.083486	8596
SBayesRC_MDD_pooled	relative	parcel	lh_TE2a		-0.0052793	-0.48905	0.62482	8596
SBayesRC_MDD_pooled	relative	parcel	lh_TE2p		0.0017839	0.16525	0.86875	8596
SBayesRC_MDD_pooled	relative	parcel	lh_TF		-0.0072388	-0.67058	0.50251	8596
SBayesRC_MDD_pooled	relative	parcel	lh_TGd		0.0076454	0.70824	0.47882	8596
SBayesRC_MDD_pooled	relative	parcel	lh_TGv		0.012063	1.1175	0.26379	8596
SBayesRC_MDD_pooled	relative	parcel	lh_TPOJ1		0.01528	1.4156	0.15694	8596
SBayesRC_MDD_pooled	relative	parcel	lh_TPOJ2		-0.0020777	-0.19246	0.84738	8596
SBayesRC_MDD_pooled	relative	parcel	lh_TPOJ3		0.00066347	0.06146	0.95099	8596
SBayesRC_MDD_pooled	relative	parcel	lh_V1		0.00033666	0.031186	0.97512	8596
SBayesRC_MDD_pooled	relative	parcel	lh_V2		0.010598	0.98178	0.32623	8596
SBayesRC_MDD_pooled	relative	parcel	lh_V3		0.0014236	0.13188	0.89508	8596
SBayesRC_MDD_pooled	relative	parcel	lh_V3A		0.0054036	0.50057	0.61669	8596
SBayesRC_MDD_pooled	relative	parcel	lh_V3B		0.01303	1.2072	0.22741	8596
SBayesRC_MDD_pooled	relative	parcel	lh_V3CD		-0.00046252	-0.042845	0.96583	8596
SBayesRC_MDD_pooled	relative	parcel	lh_V4		0.020646	1.9129	0.055797	8596
SBayesRC_MDD_pooled	relative	parcel	lh_V4t		-0.0021331	-0.1976	0.84336	8596
SBayesRC_MDD_pooled	relative	parcel	lh_V6		0.012031	1.1146	0.26506	8596
SBayesRC_MDD_pooled	relative	parcel	lh_V6A		-0.0062706	-0.58088	0.56133	8596
SBayesRC_MDD_pooled	relative	parcel	lh_V7		0.010973	1.0166	0.30939	8596
SBayesRC_MDD_pooled	relative	parcel	lh_V8		0.010541	0.9765	0.32885	8596
SBayesRC_MDD_pooled	relative	parcel	lh_VIP		-0.0074473	-0.68989	0.49028	8596
SBayesRC_MDD_pooled	relative	parcel	lh_VMV1		0.015879	1.4711	0.1413	8596
SBayesRC_MDD_pooled	relative	parcel	lh_VMV2		-0.010601	-0.98207	0.32609	8596
SBayesRC_MDD_pooled	relative	parcel	lh_VMV3		0.00027665	0.025627	0.97956	8596
SBayesRC_MDD_pooled	relative	parcel	lh_VVC		0.0081161	0.75185	0.45216	8596
SBayesRC_MDD_pooled	relative	parcel	lh_a10p		-0.011091	-1.0275	0.30422	8596
SBayesRC_MDD_pooled	relative	parcel	lh_a24		0.0042223	0.39113	0.69571	8596
SBayesRC_MDD_pooled	relative	parcel	lh_a24pr		0.0086249	0.79899	0.42432	8596
SBayesRC_MDD_pooled	relative	parcel	lh_a32pr		-0.017113	-1.5855	0.1129	8596
SBayesRC_MDD_pooled	relative	parcel	lh_a47r		-0.013926	-1.2901	0.19704	8596
SBayesRC_MDD_pooled	relative	parcel	lh_a9-46v		-0.010452	-0.96823	0.33296	8596
SBayesRC_MDD_pooled	relative	parcel	lh_d23ab		0.00070367	0.065184	0.94803	8596
SBayesRC_MDD_pooled	relative	parcel	lh_d32		-0.0070433	-0.65246	0.51412	8596
SBayesRC_MDD_pooled	relative	parcel	lh_i6-8		-0.0068091	-0.63077	0.52821	8596
SBayesRC_MDD_pooled	relative	parcel	lh_p10p		-0.016861	-1.5621	0.1183	8596
SBayesRC_MDD_pooled	relative	parcel	lh_p24		0.0047448	0.43953	0.66029	8596
SBayesRC_MDD_pooled	relative	parcel	lh_p24pr		0.0065721	0.60881	0.54266	8596
SBayesRC_MDD_pooled	relative	parcel	lh_p32		-0.0069005	-0.63924	0.52269	8596
SBayesRC_MDD_pooled	relative	parcel	lh_p32pr		0.004957	0.45919	0.64611	8596
SBayesRC_MDD_pooled	relative	parcel	lh_p47r		-0.028956	-2.6834	0.0073008	8596
SBayesRC_MDD_pooled	relative	parcel	lh_p9-46v		-0.0082066	-0.76023	0.44714	8596
SBayesRC_MDD_pooled	relative	parcel	lh_pOFC		-0.01024	-0.94863	0.34284	8596
SBayesRC_MDD_pooled	relative	parcel	lh_s32		0.0049706	0.46045	0.6452	8596
SBayesRC_MDD_pooled	relative	parcel	lh_s6-8		-0.0070295	-0.65118	0.51494	8596
SBayesRC_MDD_pooled	relative	parcel	lh_v23ab		-0.0042975	-0.39809	0.69057	8596
SBayesRC_MDD_pooled	absolute_ct	cortex	1	Primary_Visual	-0.00046579	-0.043148	0.96558	8596
SBayesRC_MDD_pooled	absolute_ct	cortex	2	Early_Visual	0.021753	2.0156	0.043876	8596
SBayesRC_MDD_pooled	absolute_ct	cortex	3	Dorsal_Stream_Visual	0.025327	2.3469	0.018953	8596
SBayesRC_MDD_pooled	absolute_ct	cortex	4	Ventral_Stream_Visual	0.027761	2.5726	0.01011	8596
SBayesRC_MDD_pooled	absolute_ct	cortex	5	MT+_Complex_and_Neighboring_Visual_Areas	0.020927	1.9389	0.052542	8596
SBayesRC_MDD_pooled	absolute_ct	cortex	6	Somatosensory_and_Motor	0.026131	2.4215	0.015478	8596
SBayesRC_MDD_pooled	absolute_ct	cortex	7	Paracentral_Lobular_and_Mid_Cingulate	0.025719	2.3832	0.017185	8596
SBayesRC_MDD_pooled	absolute_ct	cortex	8	Premotor	0.012934	1.1982	0.23086	8596
SBayesRC_MDD_pooled	absolute_ct	cortex	9	Posterior_Opercular	0.01866	1.7289	0.083865	8596
SBayesRC_MDD_pooled	absolute_ct	cortex	10	Early_Auditory	0.013462	1.2471	0.21238	8596
SBayesRC_MDD_pooled	absolute_ct	cortex	11	Auditory_Association	0.0096624	0.8951	0.37076	8596
SBayesRC_MDD_pooled	absolute_ct	cortex	12	Insular_and_Frontal_Opercular	0.010684	0.98972	0.32234	8596
SBayesRC_MDD_pooled	absolute_ct	cortex	13	Medial_Temporal	0.0062346	0.57755	0.56358	8596
SBayesRC_MDD_pooled	absolute_ct	cortex	14	Lateral_Temporal	0.012224	1.1324	0.2575	8596
SBayesRC_MDD_pooled	absolute_ct	cortex	15	Temporo-Parieto_Occipital_Junction	0.021568	1.9984	0.045704	8596
SBayesRC_MDD_pooled	absolute_ct	cortex	16	Superior_Parietal	0.020855	1.9323	0.053355	8596
SBayesRC_MDD_pooled	absolute_ct	cortex	17	Inferior_Parietal	0.022212	2.0581	0.039614	8596
SBayesRC_MDD_pooled	absolute_ct	cortex	18	Posterior_Cingulate	0.034549	3.2023	0.0013682	8596
SBayesRC_MDD_pooled	absolute_ct	cortex	19	Anterior_Cingulate_and_Medial_Prefrontal	0.011568	1.0716	0.28391	8596
SBayesRC_MDD_pooled	absolute_ct	cortex	20	Orbital_and_Polar_Frontal	0.0012436	0.1152	0.90829	8596
SBayesRC_MDD_pooled	absolute_ct	cortex	21	Inferior_Frontal	0.0042817	0.39663	0.69165	8596
SBayesRC_MDD_pooled	absolute_ct	cortex	22	Dorsolateral_Prefrontal	0.0079424	0.73576	0.4619	8596
SBayesRC_MDD_pooled	absolute_ct	parcel	lh_1		0.0063005	0.58365	0.55947	8596
SBayesRC_MDD_pooled	absolute_ct	parcel	lh_10d		0.016158	1.4969	0.13445	8596
SBayesRC_MDD_pooled	absolute_ct	parcel	lh_10pp		0.0035015	0.32436	0.74567	8596
SBayesRC_MDD_pooled	absolute_ct	parcel	lh_10r		-0.0084	-0.77815	0.4365	8596
SBayesRC_MDD_pooled	absolute_ct	parcel	lh_10v		-0.00096048	-0.088973	0.92911	8596
SBayesRC_MDD_pooled	absolute_ct	parcel	lh_11l		-0.0082101	-0.76055	0.44694	8596
SBayesRC_MDD_pooled	absolute_ct	parcel	lh_13l		-0.0063576	-0.58894	0.55592	8596
SBayesRC_MDD_pooled	absolute_ct	parcel	lh_2		0.018048	1.6721	0.094536	8596
SBayesRC_MDD_pooled	absolute_ct	parcel	lh_23c		0.023797	2.205	0.027479	8596
SBayesRC_MDD_pooled	absolute_ct	parcel	lh_23d		0.0062092	0.5752	0.56517	8596
SBayesRC_MDD_pooled	absolute_ct	parcel	lh_24dd		0.018364	1.7014	0.088899	8596
SBayesRC_MDD_pooled	absolute_ct	parcel	lh_24dv		0.012506	1.1585	0.24667	8596
SBayesRC_MDD_pooled	absolute_ct	parcel	lh_25		-0.0084491	-0.7827	0.43382	8596
SBayesRC_MDD_pooled	absolute_ct	parcel	lh_31a		0.010621	0.98392	0.32518	8596
SBayesRC_MDD_pooled	absolute_ct	parcel	lh_31pd		0.017542	1.6252	0.10415	8596
SBayesRC_MDD_pooled	absolute_ct	parcel	lh_31pv		0.032014	2.9671	0.0030141	8596
SBayesRC_MDD_pooled	absolute_ct	parcel	lh_33pr		-0.0030897	-0.28621	0.77472	8596
SBayesRC_MDD_pooled	absolute_ct	parcel	lh_3a		0.016221	1.5028	0.13291	8596
SBayesRC_MDD_pooled	absolute_ct	parcel	lh_3b		0.0093167	0.86307	0.38812	8596
SBayesRC_MDD_pooled	absolute_ct	parcel	lh_4		0.02207	2.0449	0.040897	8596
SBayesRC_MDD_pooled	absolute_ct	parcel	lh_43		0.0030418	0.28178	0.77812	8596
SBayesRC_MDD_pooled	absolute_ct	parcel	lh_44		0.0009733	0.09016	0.92816	8596
SBayesRC_MDD_pooled	absolute_ct	parcel	lh_45		0.0096378	0.89282	0.37198	8596
SBayesRC_MDD_pooled	absolute_ct	parcel	lh_46		0.0099427	0.92108	0.35704	8596
SBayesRC_MDD_pooled	absolute_ct	parcel	lh_47l		0.0081463	0.75465	0.45048	8596
SBayesRC_MDD_pooled	absolute_ct	parcel	lh_47m		0.00099842	0.092487	0.92631	8596
SBayesRC_MDD_pooled	absolute_ct	parcel	lh_47s		0.0084256	0.78052	0.43511	8596
SBayesRC_MDD_pooled	absolute_ct	parcel	lh_52		0.0012941	0.11987	0.90459	8596
SBayesRC_MDD_pooled	absolute_ct	parcel	lh_55b		-0.00024145	-0.022366	0.98216	8596
SBayesRC_MDD_pooled	absolute_ct	parcel	lh_5L		0.016207	1.5015	0.13325	8596
SBayesRC_MDD_pooled	absolute_ct	parcel	lh_5m		0.02294	2.1256	0.033566	8596
SBayesRC_MDD_pooled	absolute_ct	parcel	lh_5mv		0.025274	2.342	0.019204	8596
SBayesRC_MDD_pooled	absolute_ct	parcel	lh_6a		0.017618	1.6323	0.10266	8596
SBayesRC_MDD_pooled	absolute_ct	parcel	lh_6d		0.0099653	0.92317	0.35594	8596
SBayesRC_MDD_pooled	absolute_ct	parcel	lh_6ma		-0.0063622	-0.58936	0.55563	8596
SBayesRC_MDD_pooled	absolute_ct	parcel	lh_6mp		0.021194	1.9637	0.0496	8596
SBayesRC_MDD_pooled	absolute_ct	parcel	lh_6r		-0.00012868	-0.01192	0.99049	8596
SBayesRC_MDD_pooled	absolute_ct	parcel	lh_6v		0.006784	0.62844	0.52973	8596
SBayesRC_MDD_pooled	absolute_ct	parcel	lh_7AL		0.011882	1.1007	0.27104	8596
SBayesRC_MDD_pooled	absolute_ct	parcel	lh_7Am		0.0067683	0.62699	0.53069	8596
SBayesRC_MDD_pooled	absolute_ct	parcel	lh_7PC		0.0092687	0.85863	0.39057	8596
SBayesRC_MDD_pooled	absolute_ct	parcel	lh_7PL		0.031652	2.9335	0.0033601	8596
SBayesRC_MDD_pooled	absolute_ct	parcel	lh_7Pm		0.017515	1.6227	0.10468	8596
SBayesRC_MDD_pooled	absolute_ct	parcel	lh_7m		0.0077713	0.71991	0.4716	8596
SBayesRC_MDD_pooled	absolute_ct	parcel	lh_8Ad		0.012815	1.1872	0.23519	8596
SBayesRC_MDD_pooled	absolute_ct	parcel	lh_8Av		-0.0098654	-0.91391	0.36079	8596
SBayesRC_MDD_pooled	absolute_ct	parcel	lh_8BL		-0.014991	-1.3888	0.16492	8596
SBayesRC_MDD_pooled	absolute_ct	parcel	lh_8BM		-0.0016652	-0.15425	0.87742	8596
SBayesRC_MDD_pooled	absolute_ct	parcel	lh_8C		0.00834	0.7726	0.43978	8596
SBayesRC_MDD_pooled	absolute_ct	parcel	lh_9-46d		0.004933	0.45697	0.6477	8596
SBayesRC_MDD_pooled	absolute_ct	parcel	lh_9a		0.010487	0.9715	0.33133	8596
SBayesRC_MDD_pooled	absolute_ct	parcel	lh_9m		0.0040539	0.37553	0.70727	8596
SBayesRC_MDD_pooled	absolute_ct	parcel	lh_9p		0.0023203	0.21493	0.82982	8596
SBayesRC_MDD_pooled	absolute_ct	parcel	lh_A1		0.01334	1.2358	0.21655	8596
SBayesRC_MDD_pooled	absolute_ct	parcel	lh_A4		-0.00037475	-0.034714	0.97231	8596
SBayesRC_MDD_pooled	absolute_ct	parcel	lh_A5		0.012277	1.1373	0.25544	8596
SBayesRC_MDD_pooled	absolute_ct	parcel	lh_AAIC		0.0026761	0.2479	0.80422	8596
SBayesRC_MDD_pooled	absolute_ct	parcel	lh_AIP		0.024198	2.2422	0.024974	8596
SBayesRC_MDD_pooled	absolute_ct	parcel	lh_AVI		0.01465	1.3573	0.17473	8596
SBayesRC_MDD_pooled	absolute_ct	parcel	lh_DVT		0.039376	3.6503	0.00026345	8596
SBayesRC_MDD_pooled	absolute_ct	parcel	lh_EC		-0.0072156	-0.66842	0.50388	8596
SBayesRC_MDD_pooled	absolute_ct	parcel	lh_FEF		0.021837	2.0234	0.043066	8596
SBayesRC_MDD_pooled	absolute_ct	parcel	lh_FFC		0.021421	1.9848	0.047201	8596
SBayesRC_MDD_pooled	absolute_ct	parcel	lh_FOP1		0.013129	1.2163	0.2239	8596
SBayesRC_MDD_pooled	absolute_ct	parcel	lh_FOP2		-0.0019361	-0.17934	0.85767	8596
SBayesRC_MDD_pooled	absolute_ct	parcel	lh_FOP3		0.017987	1.6664	0.095662	8596
SBayesRC_MDD_pooled	absolute_ct	parcel	lh_FOP4		0.013385	1.24	0.21501	8596
SBayesRC_MDD_pooled	absolute_ct	parcel	lh_FOP5		0.01545	1.4313	0.15238	8596
SBayesRC_MDD_pooled	absolute_ct	parcel	lh_FST		0.0030177	0.27954	0.77984	8596
SBayesRC_MDD_pooled	absolute_ct	parcel	lh_IFJa		0.011459	1.0616	0.28845	8596
SBayesRC_MDD_pooled	absolute_ct	parcel	lh_IFJp		-0.01129	-1.0459	0.29565	8596
SBayesRC_MDD_pooled	absolute_ct	parcel	lh_IFSa		-0.0020377	-0.18876	0.85029	8596
SBayesRC_MDD_pooled	absolute_ct	parcel	lh_IFSp		-0.0059241	-0.54878	0.58317	8596
SBayesRC_MDD_pooled	absolute_ct	parcel	lh_IP0		0.036481	3.3817	0.0007237	8596
SBayesRC_MDD_pooled	absolute_ct	parcel	lh_IP1		0.018626	1.7257	0.08444	8596
SBayesRC_MDD_pooled	absolute_ct	parcel	lh_IP2		0.00068373	0.063336	0.9495	8596
SBayesRC_MDD_pooled	absolute_ct	parcel	lh_IPS1		0.019783	1.8329	0.06685	8596
SBayesRC_MDD_pooled	absolute_ct	parcel	lh_Ig		0.013525	1.253	0.21025	8596
SBayesRC_MDD_pooled	absolute_ct	parcel	lh_LBelt		1.6835e-05	0.0015595	0.99876	8596
SBayesRC_MDD_pooled	absolute_ct	parcel	lh_LIPd		0.010565	0.97874	0.32774	8596
SBayesRC_MDD_pooled	absolute_ct	parcel	lh_LIPv		0.0028099	0.2603	0.79464	8596
SBayesRC_MDD_pooled	absolute_ct	parcel	lh_LO1		0.01593	1.4759	0.14002	8596
SBayesRC_MDD_pooled	absolute_ct	parcel	lh_LO2		0.0078004	0.7226	0.46994	8596
SBayesRC_MDD_pooled	absolute_ct	parcel	lh_LO3		0.020092	1.8616	0.062697	8596
SBayesRC_MDD_pooled	absolute_ct	parcel	lh_MBelt		0.011996	1.1114	0.26645	8596
SBayesRC_MDD_pooled	absolute_ct	parcel	lh_MI		0.013915	1.2891	0.19739	8596
SBayesRC_MDD_pooled	absolute_ct	parcel	lh_MIP		0.025497	2.3626	0.018168	8596
SBayesRC_MDD_pooled	absolute_ct	parcel	lh_MST		0.018255	1.6913	0.090822	8596
SBayesRC_MDD_pooled	absolute_ct	parcel	lh_MT		0.015072	1.3963	0.16265	8596
SBayesRC_MDD_pooled	absolute_ct	parcel	lh_OFC		0.0022848	0.21165	0.83238	8596
SBayesRC_MDD_pooled	absolute_ct	parcel	lh_OP1		0.017151	1.589	0.1121	8596
SBayesRC_MDD_pooled	absolute_ct	parcel	lh_OP2-3		0.016964	1.5717	0.11606	8596
SBayesRC_MDD_pooled	absolute_ct	parcel	lh_OP4		0.00075922	0.07033	0.94393	8596
SBayesRC_MDD_pooled	absolute_ct	parcel	lh_PBelt		0.003093	0.28652	0.77449	8596
SBayesRC_MDD_pooled	absolute_ct	parcel	lh_PCV		0.020001	1.8531	0.063903	8596
SBayesRC_MDD_pooled	absolute_ct	parcel	lh_PEF		-0.0015207	-0.14086	0.88798	8596
SBayesRC_MDD_pooled	absolute_ct	parcel	lh_PF		0.0058258	0.53968	0.58943	8596
SBayesRC_MDD_pooled	absolute_ct	parcel	lh_PFcm		0.020622	1.9107	0.056074	8596
SBayesRC_MDD_pooled	absolute_ct	parcel	lh_PFm		0.0059784	0.55381	0.57972	8596
SBayesRC_MDD_pooled	absolute_ct	parcel	lh_PFop		-0.0013617	-0.12614	0.89962	8596
SBayesRC_MDD_pooled	absolute_ct	parcel	lh_PFt		0.002098	0.19435	0.84591	8596
SBayesRC_MDD_pooled	absolute_ct	parcel	lh_PGi		0.0066955	0.62024	0.53512	8596
SBayesRC_MDD_pooled	absolute_ct	parcel	lh_PGp		0.037252	3.4532	0.00055666	8596
SBayesRC_MDD_pooled	absolute_ct	parcel	lh_PGs		0.030118	2.7912	0.0052634	8596
SBayesRC_MDD_pooled	absolute_ct	parcel	lh_PH		0.0078054	0.72307	0.46966	8596
SBayesRC_MDD_pooled	absolute_ct	parcel	lh_PHA1		0.017407	1.6127	0.10684	8596
SBayesRC_MDD_pooled	absolute_ct	parcel	lh_PHA2		-0.00063375	-0.058707	0.95319	8596
SBayesRC_MDD_pooled	absolute_ct	parcel	lh_PHA3		0.0066161	0.61288	0.53997	8596
SBayesRC_MDD_pooled	absolute_ct	parcel	lh_PHT		0.019431	1.8003	0.071849	8596
SBayesRC_MDD_pooled	absolute_ct	parcel	lh_PI		0.011162	1.0341	0.30114	8596
SBayesRC_MDD_pooled	absolute_ct	parcel	lh_PIT		0.030839	2.8581	0.0042718	8596
SBayesRC_MDD_pooled	absolute_ct	parcel	lh_POS1		0.017821	1.6511	0.098749	8596
SBayesRC_MDD_pooled	absolute_ct	parcel	lh_POS2		0.028357	2.6279	0.0086077	8596
SBayesRC_MDD_pooled	absolute_ct	parcel	lh_PSL		0.01412	1.3081	0.19087	8596
SBayesRC_MDD_pooled	absolute_ct	parcel	lh_PeEc		0.01267	1.1737	0.24053	8596
SBayesRC_MDD_pooled	absolute_ct	parcel	lh_Pir		-0.0048497	-0.44925	0.65326	8596
SBayesRC_MDD_pooled	absolute_ct	parcel	lh_PoI1		0.0079072	0.7325	0.46389	8596
SBayesRC_MDD_pooled	absolute_ct	parcel	lh_PoI2		0.00053312	0.049385	0.96061	8596
SBayesRC_MDD_pooled	absolute_ct	parcel	lh_PreS		0.018113	1.6782	0.093352	8596
SBayesRC_MDD_pooled	absolute_ct	parcel	lh_ProS		0.032417	3.0044	0.0026684	8596
SBayesRC_MDD_pooled	absolute_ct	parcel	lh_RI		0.015965	1.4791	0.13915	8596
SBayesRC_MDD_pooled	absolute_ct	parcel	lh_RSC		0.013607	1.2606	0.2075	8596
SBayesRC_MDD_pooled	absolute_ct	parcel	lh_SCEF		0.02122	1.9661	0.049316	8596
SBayesRC_MDD_pooled	absolute_ct	parcel	lh_SFL		0.0031647	0.29316	0.76941	8596
SBayesRC_MDD_pooled	absolute_ct	parcel	lh_STGa		0.012085	1.1195	0.26295	8596
SBayesRC_MDD_pooled	absolute_ct	parcel	lh_STSda		0.013347	1.2365	0.21629	8596
SBayesRC_MDD_pooled	absolute_ct	parcel	lh_STSdp		0.0063341	0.58676	0.55738	8596
SBayesRC_MDD_pooled	absolute_ct	parcel	lh_STSva		0.017968	1.6647	0.096014	8596
SBayesRC_MDD_pooled	absolute_ct	parcel	lh_STSvp		-0.018869	-1.7483	0.080455	8596
SBayesRC_MDD_pooled	absolute_ct	parcel	lh_STV		0.012134	1.1241	0.26099	8596
SBayesRC_MDD_pooled	absolute_ct	parcel	lh_TA2		0.00087418	0.080979	0.93546	8596
SBayesRC_MDD_pooled	absolute_ct	parcel	lh_TE1a		0.012547	1.1623	0.24513	8596
SBayesRC_MDD_pooled	absolute_ct	parcel	lh_TE1m		-0.0014148	-0.13106	0.89573	8596
SBayesRC_MDD_pooled	absolute_ct	parcel	lh_TE1p		-0.01313	-1.2164	0.22386	8596
SBayesRC_MDD_pooled	absolute_ct	parcel	lh_TE2a		0.0051088	0.47325	0.63604	8596
SBayesRC_MDD_pooled	absolute_ct	parcel	lh_TE2p		0.006972	0.64586	0.51839	8596
SBayesRC_MDD_pooled	absolute_ct	parcel	lh_TF		0.0010845	0.10046	0.91998	8596
SBayesRC_MDD_pooled	absolute_ct	parcel	lh_TGd		0.017357	1.6081	0.10784	8596
SBayesRC_MDD_pooled	absolute_ct	parcel	lh_TGv		0.024446	2.2652	0.023527	8596
SBayesRC_MDD_pooled	absolute_ct	parcel	lh_TPOJ1		0.027182	2.5189	0.011791	8596
SBayesRC_MDD_pooled	absolute_ct	parcel	lh_TPOJ2		0.022569	2.0912	0.036539	8596
SBayesRC_MDD_pooled	absolute_ct	parcel	lh_TPOJ3		0.015246	1.4125	0.15784	8596
SBayesRC_MDD_pooled	absolute_ct	parcel	lh_V1		-0.00046579	-0.043148	0.96558	8596
SBayesRC_MDD_pooled	absolute_ct	parcel	lh_V2		0.0068424	0.63386	0.52619	8596
SBayesRC_MDD_pooled	absolute_ct	parcel	lh_V3		0.010834	1.0037	0.31556	8596
SBayesRC_MDD_pooled	absolute_ct	parcel	lh_V3A		0.021449	1.9874	0.046912	8596
SBayesRC_MDD_pooled	absolute_ct	parcel	lh_V3B		0.026582	2.4633	0.013786	8596
SBayesRC_MDD_pooled	absolute_ct	parcel	lh_V3CD		0.032221	2.9863	0.0028319	8596
SBayesRC_MDD_pooled	absolute_ct	parcel	lh_V4		0.032265	2.9904	0.0027943	8596
SBayesRC_MDD_pooled	absolute_ct	parcel	lh_V4t		0.019008	1.7611	0.078257	8596
SBayesRC_MDD_pooled	absolute_ct	parcel	lh_V6		0.02181	2.0208	0.043327	8596
SBayesRC_MDD_pooled	absolute_ct	parcel	lh_V6A		0.014184	1.3141	0.18886	8596
SBayesRC_MDD_pooled	absolute_ct	parcel	lh_V7		0.01965	1.8206	0.068705	8596
SBayesRC_MDD_pooled	absolute_ct	parcel	lh_V8		0.018803	1.7421	0.081529	8596
SBayesRC_MDD_pooled	absolute_ct	parcel	lh_VIP		0.013607	1.2605	0.20751	8596
SBayesRC_MDD_pooled	absolute_ct	parcel	lh_VMV1		0.02654	2.4593	0.013939	8596
SBayesRC_MDD_pooled	absolute_ct	parcel	lh_VMV2		0.0057957	0.53688	0.59136	8596
SBayesRC_MDD_pooled	absolute_ct	parcel	lh_VMV3		0.0079939	0.74053	0.459	8596
SBayesRC_MDD_pooled	absolute_ct	parcel	lh_VVC		0.01457	1.3498	0.17711	8596
SBayesRC_MDD_pooled	absolute_ct	parcel	lh_a10p		0.0080969	0.75007	0.45323	8596
SBayesRC_MDD_pooled	absolute_ct	parcel	lh_a24		0.014695	1.3614	0.17341	8596
SBayesRC_MDD_pooled	absolute_ct	parcel	lh_a24pr		0.016086	1.4903	0.13619	8596
SBayesRC_MDD_pooled	absolute_ct	parcel	lh_a32pr		0.0069226	0.64128	0.52136	8596
SBayesRC_MDD_pooled	absolute_ct	parcel	lh_a47r		0.011066	1.0251	0.30532	8596
SBayesRC_MDD_pooled	absolute_ct	parcel	lh_a9-46v		0.01094	1.0135	0.31087	8596
SBayesRC_MDD_pooled	absolute_ct	parcel	lh_d23ab		0.019974	1.8507	0.064254	8596
SBayesRC_MDD_pooled	absolute_ct	parcel	lh_d32		0.0075159	0.69624	0.4863	8596
SBayesRC_MDD_pooled	absolute_ct	parcel	lh_i6-8		-0.0017616	-0.16318	0.87038	8596
SBayesRC_MDD_pooled	absolute_ct	parcel	lh_p10p		0.0082925	0.76819	0.4424	8596
SBayesRC_MDD_pooled	absolute_ct	parcel	lh_p24		0.015473	1.4334	0.15177	8596
SBayesRC_MDD_pooled	absolute_ct	parcel	lh_p24pr		0.026432	2.4494	0.01433	8596
SBayesRC_MDD_pooled	absolute_ct	parcel	lh_p32		0.0076902	0.71239	0.47624	8596
SBayesRC_MDD_pooled	absolute_ct	parcel	lh_p32pr		0.028872	2.6756	0.0074737	8596
SBayesRC_MDD_pooled	absolute_ct	parcel	lh_p47r		-0.0030618	-0.28363	0.7767	8596
SBayesRC_MDD_pooled	absolute_ct	parcel	lh_p9-46v		-0.0024995	-0.23153	0.81691	8596
SBayesRC_MDD_pooled	absolute_ct	parcel	lh_pOFC		-0.0034649	-0.32097	0.74824	8596
SBayesRC_MDD_pooled	absolute_ct	parcel	lh_s32		-0.0033383	-0.30924	0.75714	8596
SBayesRC_MDD_pooled	absolute_ct	parcel	lh_s6-8		-0.0040793	-0.37788	0.70553	8596
SBayesRC_MDD_pooled	absolute_ct	parcel	lh_v23ab		0.01392	1.2896	0.19723	8596
SBayesRC_MDD_pooled	relative_ct	cortex	1	Primary_Visual	-0.0027454	-0.25431	0.79926	8596
SBayesRC_MDD_pooled	relative_ct	cortex	2	Early_Visual	0.014137	1.3096	0.19037	8596
SBayesRC_MDD_pooled	relative_ct	cortex	3	Dorsal_Stream_Visual	0.016031	1.4851	0.13756	8596
SBayesRC_MDD_pooled	relative_ct	cortex	4	Ventral_Stream_Visual	0.018746	1.7367	0.082472	8596
SBayesRC_MDD_pooled	relative_ct	cortex	5	MT+_Complex_and_Neighboring_Visual_Areas	0.0084455	0.78232	0.43405	8596
SBayesRC_MDD_pooled	relative_ct	cortex	6	Somatosensory_and_Motor	0.020673	1.9153	0.055484	8596
SBayesRC_MDD_pooled	relative_ct	cortex	7	Paracentral_Lobular_and_Mid_Cingulate	0.013638	1.2634	0.20649	8596
SBayesRC_MDD_pooled	relative_ct	cortex	8	Premotor	0.0050511	0.46788	0.63988	8596
SBayesRC_MDD_pooled	relative_ct	cortex	9	Posterior_Opercular	0.013592	1.2591	0.20801	8596
SBayesRC_MDD_pooled	relative_ct	cortex	10	Early_Auditory	0.0093296	0.86422	0.38749	8596
SBayesRC_MDD_pooled	relative_ct	cortex	11	Auditory_Association	0.0034984	0.32406	0.7459	8596
SBayesRC_MDD_pooled	relative_ct	cortex	12	Insular_and_Frontal_Opercular	0.0053936	0.4996	0.61737	8596
SBayesRC_MDD_pooled	relative_ct	cortex	13	Medial_Temporal	0.00043935	0.040696	0.96754	8596
SBayesRC_MDD_pooled	relative_ct	cortex	14	Lateral_Temporal	0.0030424	0.28181	0.7781	8596
SBayesRC_MDD_pooled	relative_ct	cortex	15	Temporo-Parieto_Occipital_Junction	0.010457	0.96863	0.33275	8596
SBayesRC_MDD_pooled	relative_ct	cortex	16	Superior_Parietal	0.0096128	0.89046	0.37324	8596
SBayesRC_MDD_pooled	relative_ct	cortex	17	Inferior_Parietal	0.0057105	0.52896	0.59685	8596
SBayesRC_MDD_pooled	relative_ct	cortex	18	Posterior_Cingulate	0.027262	2.5262	0.011548	8596
SBayesRC_MDD_pooled	relative_ct	cortex	19	Anterior_Cingulate_and_Medial_Prefrontal	0.0035184	0.32591	0.7445	8596
SBayesRC_MDD_pooled	relative_ct	cortex	20	Orbital_and_Polar_Frontal	-0.010122	-0.93759	0.34848	8596
SBayesRC_MDD_pooled	relative_ct	cortex	21	Inferior_Frontal	-0.012866	-1.1918	0.23337	8596
SBayesRC_MDD_pooled	relative_ct	cortex	22	Dorsolateral_Prefrontal	-0.0031492	-0.29171	0.77052	8596
SBayesRC_MDD_pooled	relative_ct	parcel	lh_1		0.00046504	0.043075	0.96564	8596
SBayesRC_MDD_pooled	relative_ct	parcel	lh_10d		0.01205	1.1162	0.26436	8596
SBayesRC_MDD_pooled	relative_ct	parcel	lh_10pp		-0.0011401	-0.1056	0.9159	8596
SBayesRC_MDD_pooled	relative_ct	parcel	lh_10r		-0.012397	-1.1484	0.25083	8596
SBayesRC_MDD_pooled	relative_ct	parcel	lh_10v		-0.0056707	-0.52528	0.5994	8596
SBayesRC_MDD_pooled	relative_ct	parcel	lh_11l		-0.014709	-1.3626	0.17305	8596
SBayesRC_MDD_pooled	relative_ct	parcel	lh_13l		-0.012404	-1.149	0.25058	8596
SBayesRC_MDD_pooled	relative_ct	parcel	lh_2		0.011548	1.0697	0.28478	8596
SBayesRC_MDD_pooled	relative_ct	parcel	lh_23c		0.015901	1.4731	0.14076	8596
SBayesRC_MDD_pooled	relative_ct	parcel	lh_23d		0.003173	0.29391	0.76883	8596
SBayesRC_MDD_pooled	relative_ct	parcel	lh_24dd		0.01322	1.2246	0.22075	8596
SBayesRC_MDD_pooled	relative_ct	parcel	lh_24dv		0.0049755	0.46088	0.6449	8596
SBayesRC_MDD_pooled	relative_ct	parcel	lh_25		-0.009232	-0.85518	0.39248	8596
SBayesRC_MDD_pooled	relative_ct	parcel	lh_31a		0.0058574	0.54257	0.58744	8596
SBayesRC_MDD_pooled	relative_ct	parcel	lh_31pd		0.01222	1.132	0.25767	8596
SBayesRC_MDD_pooled	relative_ct	parcel	lh_31pv		0.028368	2.6288	0.008585	8596
SBayesRC_MDD_pooled	relative_ct	parcel	lh_33pr		-0.0045049	-0.41729	0.67648	8596
SBayesRC_MDD_pooled	relative_ct	parcel	lh_3a		0.011434	1.0592	0.28954	8596
SBayesRC_MDD_pooled	relative_ct	parcel	lh_3b		0.0085823	0.795	0.42664	8596
SBayesRC_MDD_pooled	relative_ct	parcel	lh_4		0.015663	1.451	0.14681	8596
SBayesRC_MDD_pooled	relative_ct	parcel	lh_43		-0.0017854	-0.16538	0.86865	8596
SBayesRC_MDD_pooled	relative_ct	parcel	lh_44		-0.0059175	-0.54814	0.58361	8596
SBayesRC_MDD_pooled	relative_ct	parcel	lh_45		0.0030732	0.28467	0.77591	8596
SBayesRC_MDD_pooled	relative_ct	parcel	lh_46		0.0012928	0.11975	0.90468	8596
SBayesRC_MDD_pooled	relative_ct	parcel	lh_47l		0.0021347	0.19773	0.84326	8596
SBayesRC_MDD_pooled	relative_ct	parcel	lh_47m		-0.0041649	-0.38579	0.69966	8596
SBayesRC_MDD_pooled	relative_ct	parcel	lh_47s		0.0055945	0.51822	0.60432	8596
SBayesRC_MDD_pooled	relative_ct	parcel	lh_52		-0.0029105	-0.2696	0.78748	8596
SBayesRC_MDD_pooled	relative_ct	parcel	lh_55b		-0.0054019	-0.50038	0.61682	8596
SBayesRC_MDD_pooled	relative_ct	parcel	lh_5L		0.0099706	0.92361	0.35572	8596
SBayesRC_MDD_pooled	relative_ct	parcel	lh_5m		0.01616	1.4971	0.13441	8596
SBayesRC_MDD_pooled	relative_ct	parcel	lh_5mv		0.018896	1.7506	0.080045	8596
SBayesRC_MDD_pooled	relative_ct	parcel	lh_6a		0.0079186	0.73351	0.46327	8596
SBayesRC_MDD_pooled	relative_ct	parcel	lh_6d		0.0037823	0.35035	0.72609	8596
SBayesRC_MDD_pooled	relative_ct	parcel	lh_6ma		-0.011537	-1.0687	0.28524	8596
SBayesRC_MDD_pooled	relative_ct	parcel	lh_6mp		0.01487	1.3775	0.16839	8596
SBayesRC_MDD_pooled	relative_ct	parcel	lh_6r		-0.0080161	-0.74254	0.45778	8596
SBayesRC_MDD_pooled	relative_ct	parcel	lh_6v		0.0027811	0.25761	0.79671	8596
SBayesRC_MDD_pooled	relative_ct	parcel	lh_7AL		0.0057457	0.53223	0.59458	8596
SBayesRC_MDD_pooled	relative_ct	parcel	lh_7Am		-0.0021052	-0.19501	0.84539	8596
SBayesRC_MDD_pooled	relative_ct	parcel	lh_7PC		0.0013802	0.12785	0.89827	8596
SBayesRC_MDD_pooled	relative_ct	parcel	lh_7PL		0.027735	2.57	0.010185	8596
SBayesRC_MDD_pooled	relative_ct	parcel	lh_7Pm		0.011611	1.0756	0.28215	8596
SBayesRC_MDD_pooled	relative_ct	parcel	lh_7m		0.00039482	0.036572	0.97083	8596
SBayesRC_MDD_pooled	relative_ct	parcel	lh_8Ad		0.0069775	0.64633	0.51808	8596
SBayesRC_MDD_pooled	relative_ct	parcel	lh_8Av		-0.0085123	-0.7885	0.43042	8596
SBayesRC_MDD_pooled	relative_ct	parcel	lh_8BL		-0.020811	-1.9281	0.053875	8596
SBayesRC_MDD_pooled	relative_ct	parcel	lh_8BM		-0.0081022	-0.75052	0.45296	8596
SBayesRC_MDD_pooled	relative_ct	parcel	lh_8C		1.6873e-05	0.0015629	0.99875	8596
SBayesRC_MDD_pooled	relative_ct	parcel	lh_9-46d		-0.004273	-0.3958	0.69226	8596
SBayesRC_MDD_pooled	relative_ct	parcel	lh_9a		0.0054545	0.50525	0.6134	8596
SBayesRC_MDD_pooled	relative_ct	parcel	lh_9m		-0.0010732	-0.099407	0.92082	8596
SBayesRC_MDD_pooled	relative_ct	parcel	lh_9p		-0.0038441	-0.35607	0.72179	8596
SBayesRC_MDD_pooled	relative_ct	parcel	lh_A1		0.010198	0.94463	0.34487	8596
SBayesRC_MDD_pooled	relative_ct	parcel	lh_A4		-0.0059303	-0.54933	0.58279	8596
SBayesRC_MDD_pooled	relative_ct	parcel	lh_A5		0.0082601	0.76515	0.44421	8596
SBayesRC_MDD_pooled	relative_ct	parcel	lh_AAIC		0.0019213	0.17797	0.85875	8596
SBayesRC_MDD_pooled	relative_ct	parcel	lh_AIP		0.01695	1.5703	0.11638	8596
SBayesRC_MDD_pooled	relative_ct	parcel	lh_AVI		0.010097	0.9353	0.34966	8596
SBayesRC_MDD_pooled	relative_ct	parcel	lh_DVT		0.033925	3.1442	0.0016712	8596
SBayesRC_MDD_pooled	relative_ct	parcel	lh_EC		-0.0085203	-0.78925	0.42999	8596
SBayesRC_MDD_pooled	relative_ct	parcel	lh_FEF		0.017554	1.6262	0.10394	8596
SBayesRC_MDD_pooled	relative_ct	parcel	lh_FFC		0.013105	1.214	0.22478	8596
SBayesRC_MDD_pooled	relative_ct	parcel	lh_FOP1		0.0090885	0.84188	0.39988	8596
SBayesRC_MDD_pooled	relative_ct	parcel	lh_FOP2		-0.006334	-0.58672	0.55741	8596
SBayesRC_MDD_pooled	relative_ct	parcel	lh_FOP3		0.016031	1.4852	0.13754	8596
SBayesRC_MDD_pooled	relative_ct	parcel	lh_FOP4		0.0088952	0.82398	0.40997	8596
SBayesRC_MDD_pooled	relative_ct	parcel	lh_FOP5		0.0098051	0.90827	0.36376	8596
SBayesRC_MDD_pooled	relative_ct	parcel	lh_FST		-0.0032668	-0.3026	0.7622	8596
SBayesRC_MDD_pooled	relative_ct	parcel	lh_IFJa		0.005212	0.48279	0.62926	8596
SBayesRC_MDD_pooled	relative_ct	parcel	lh_IFJp		-0.016399	-1.5192	0.12874	8596
SBayesRC_MDD_pooled	relative_ct	parcel	lh_IFSa		-0.0097844	-0.90635	0.36478	8596
SBayesRC_MDD_pooled	relative_ct	parcel	lh_IFSp		-0.013529	-1.2533	0.21012	8596
SBayesRC_MDD_pooled	relative_ct	parcel	lh_IP0		0.030045	2.7843	0.0053762	8596
SBayesRC_MDD_pooled	relative_ct	parcel	lh_IP1		0.010272	0.95151	0.34137	8596
SBayesRC_MDD_pooled	relative_ct	parcel	lh_IP2		-0.0089072	-0.82509	0.40934	8596
SBayesRC_MDD_pooled	relative_ct	parcel	lh_IPS1		0.011985	1.1102	0.26694	8596
SBayesRC_MDD_pooled	relative_ct	parcel	lh_Ig		0.0095858	0.88796	0.37459	8596
SBayesRC_MDD_pooled	relative_ct	parcel	lh_LBelt		-0.0039276	-0.36381	0.71601	8596
SBayesRC_MDD_pooled	relative_ct	parcel	lh_LIPd		0.0045501	0.42148	0.67342	8596
SBayesRC_MDD_pooled	relative_ct	parcel	lh_LIPv		-0.003907	-0.3619	0.71743	8596
SBayesRC_MDD_pooled	relative_ct	parcel	lh_LO1		0.009382	0.86907	0.38483	8596
SBayesRC_MDD_pooled	relative_ct	parcel	lh_LO2		0.00082188	0.07613	0.93932	8596
SBayesRC_MDD_pooled	relative_ct	parcel	lh_LO3		0.015015	1.391	0.16426	8596
SBayesRC_MDD_pooled	relative_ct	parcel	lh_MBelt		0.0089391	0.82805	0.40767	8596
SBayesRC_MDD_pooled	relative_ct	parcel	lh_MI		0.010472	0.97006	0.33205	8596
SBayesRC_MDD_pooled	relative_ct	parcel	lh_MIP		0.020367	1.887	0.059195	8596
SBayesRC_MDD_pooled	relative_ct	parcel	lh_MST		0.012219	1.1319	0.25772	8596
SBayesRC_MDD_pooled	relative_ct	parcel	lh_MT		0.0076655	0.71007	0.47768	8596
SBayesRC_MDD_pooled	relative_ct	parcel	lh_OFC		-0.00018554	-0.017186	0.98629	8596
SBayesRC_MDD_pooled	relative_ct	parcel	lh_OP1		0.015477	1.4338	0.15168	8596
SBayesRC_MDD_pooled	relative_ct	parcel	lh_OP2-3		0.012477	1.1558	0.2478	8596
SBayesRC_MDD_pooled	relative_ct	parcel	lh_OP4		-0.0039901	-0.3696	0.71169	8596
SBayesRC_MDD_pooled	relative_ct	parcel	lh_PBelt		-0.0018919	-0.17524	0.86089	8596
SBayesRC_MDD_pooled	relative_ct	parcel	lh_PCV		0.013412	1.2424	0.21411	8596
SBayesRC_MDD_pooled	relative_ct	parcel	lh_PEF		-0.0058365	-0.54063	0.58877	8596
SBayesRC_MDD_pooled	relative_ct	parcel	lh_PF		6.2865e-05	0.0058231	0.99535	8596
SBayesRC_MDD_pooled	relative_ct	parcel	lh_PFcm		0.015393	1.426	0.15391	8596
SBayesRC_MDD_pooled	relative_ct	parcel	lh_PFm		-0.0018554	-0.17186	0.86355	8596
SBayesRC_MDD_pooled	relative_ct	parcel	lh_PFop		-0.006856	-0.63508	0.5254	8596
SBayesRC_MDD_pooled	relative_ct	parcel	lh_PFt		-0.0039476	-0.36566	0.71463	8596
SBayesRC_MDD_pooled	relative_ct	parcel	lh_PGi		-0.009542	-0.8839	0.37678	8596
SBayesRC_MDD_pooled	relative_ct	parcel	lh_PGp		0.030114	2.7906	0.0052719	8596
SBayesRC_MDD_pooled	relative_ct	parcel	lh_PGs		0.026202	2.4279	0.015207	8596
SBayesRC_MDD_pooled	relative_ct	parcel	lh_PH		6.5002e-05	0.006021	0.9952	8596
SBayesRC_MDD_pooled	relative_ct	parcel	lh_PHA1		0.014493	1.3426	0.17943	8596
SBayesRC_MDD_pooled	relative_ct	parcel	lh_PHA2		-0.0040125	-0.37167	0.71014	8596
SBayesRC_MDD_pooled	relative_ct	parcel	lh_PHA3		0.0021988	0.20367	0.83862	8596
SBayesRC_MDD_pooled	relative_ct	parcel	lh_PHT		0.013291	1.2312	0.21827	8596
SBayesRC_MDD_pooled	relative_ct	parcel	lh_PI		0.0077683	0.71958	0.4718	8596
SBayesRC_MDD_pooled	relative_ct	parcel	lh_PIT		0.024549	2.2747	0.022951	8596
SBayesRC_MDD_pooled	relative_ct	parcel	lh_POS1		0.01153	1.0681	0.28552	8596
SBayesRC_MDD_pooled	relative_ct	parcel	lh_POS2		0.021902	2.0292	0.042468	8596
SBayesRC_MDD_pooled	relative_ct	parcel	lh_PSL		0.0083864	0.77684	0.43727	8596
SBayesRC_MDD_pooled	relative_ct	parcel	lh_PeEc		0.0092904	0.86059	0.38949	8596
SBayesRC_MDD_pooled	relative_ct	parcel	lh_Pir		-0.0053258	-0.49333	0.62179	8596
SBayesRC_MDD_pooled	relative_ct	parcel	lh_PoI1		0.006011	0.55679	0.57768	8596
SBayesRC_MDD_pooled	relative_ct	parcel	lh_PoI2		0.00027971	0.025909	0.97933	8596
SBayesRC_MDD_pooled	relative_ct	parcel	lh_PreS		0.017477	1.6191	0.10545	8596
SBayesRC_MDD_pooled	relative_ct	parcel	lh_ProS		0.029689	2.7512	0.0059496	8596
SBayesRC_MDD_pooled	relative_ct	parcel	lh_RI		0.010396	0.963	0.33558	8596
SBayesRC_MDD_pooled	relative_ct	parcel	lh_RSC		0.011348	1.0512	0.29318	8596
SBayesRC_MDD_pooled	relative_ct	parcel	lh_SCEF		0.016677	1.545	0.12239	8596
SBayesRC_MDD_pooled	relative_ct	parcel	lh_SFL		0.0003435	0.031818	0.97462	8596
SBayesRC_MDD_pooled	relative_ct	parcel	lh_STGa		0.0079352	0.73504	0.46233	8596
SBayesRC_MDD_pooled	relative_ct	parcel	lh_STSda		0.0073417	0.68007	0.49648	8596
SBayesRC_MDD_pooled	relative_ct	parcel	lh_STSdp		0.0008259	0.076501	0.93902	8596
SBayesRC_MDD_pooled	relative_ct	parcel	lh_STSva		0.014153	1.3111	0.18985	8596
SBayesRC_MDD_pooled	relative_ct	parcel	lh_STSvp		-0.025311	-2.3453	0.019035	8596
SBayesRC_MDD_pooled	relative_ct	parcel	lh_STV		0.0066371	0.6148	0.5387	8596
SBayesRC_MDD_pooled	relative_ct	parcel	lh_TA2		-0.0024088	-0.22313	0.82344	8596
SBayesRC_MDD_pooled	relative_ct	parcel	lh_TE1a		0.0098842	0.9156	0.3599	8596
SBayesRC_MDD_pooled	relative_ct	parcel	lh_TE1m		-0.0059977	-0.55556	0.57852	8596
SBayesRC_MDD_pooled	relative_ct	parcel	lh_TE1p		-0.019436	-1.8007	0.071786	8596
SBayesRC_MDD_pooled	relative_ct	parcel	lh_TE2a		-0.002005	-0.18572	0.85267	8596
SBayesRC_MDD_pooled	relative_ct	parcel	lh_TE2p		0.0016752	0.15517	0.87669	8596
SBayesRC_MDD_pooled	relative_ct	parcel	lh_TF		-0.0054661	-0.50632	0.61264	8596
SBayesRC_MDD_pooled	relative_ct	parcel	lh_TGd		0.011931	1.1052	0.26908	8596
SBayesRC_MDD_pooled	relative_ct	parcel	lh_TGv		0.02141	1.9836	0.047328	8596
SBayesRC_MDD_pooled	relative_ct	parcel	lh_TPOJ1		0.021873	2.0265	0.04274	8596
SBayesRC_MDD_pooled	relative_ct	parcel	lh_TPOJ2		0.013839	1.282	0.19987	8596
SBayesRC_MDD_pooled	relative_ct	parcel	lh_TPOJ3		0.007884	0.7303	0.46523	8596
SBayesRC_MDD_pooled	relative_ct	parcel	lh_V1		-0.0027454	-0.25431	0.79926	8596
SBayesRC_MDD_pooled	relative_ct	parcel	lh_V2		0.0032381	0.29994	0.76423	8596
SBayesRC_MDD_pooled	relative_ct	parcel	lh_V3		0.00032003	0.029644	0.97635	8596
SBayesRC_MDD_pooled	relative_ct	parcel	lh_V3A		0.013398	1.2411	0.2146	8596
SBayesRC_MDD_pooled	relative_ct	parcel	lh_V3B		0.022137	2.051	0.040299	8596
SBayesRC_MDD_pooled	relative_ct	parcel	lh_V3CD		0.025622	2.3741	0.017615	8596
SBayesRC_MDD_pooled	relative_ct	parcel	lh_V4		0.023194	2.149	0.031663	8596
SBayesRC_MDD_pooled	relative_ct	parcel	lh_V4t		0.012126	1.1233	0.26133	8596
SBayesRC_MDD_pooled	relative_ct	parcel	lh_V6		0.015787	1.4625	0.14364	8596
SBayesRC_MDD_pooled	relative_ct	parcel	lh_V6A		0.0079691	0.73819	0.46042	8596
SBayesRC_MDD_pooled	relative_ct	parcel	lh_V7		0.013628	1.2624	0.20683	8596
SBayesRC_MDD_pooled	relative_ct	parcel	lh_V8		0.013422	1.2434	0.21376	8596
SBayesRC_MDD_pooled	relative_ct	parcel	lh_VIP		0.0070113	0.64946	0.51606	8596
SBayesRC_MDD_pooled	relative_ct	parcel	lh_VMV1		0.023223	2.1517	0.031447	8596
SBayesRC_MDD_pooled	relative_ct	parcel	lh_VMV2		-0.00041212	-0.038174	0.96955	8596
SBayesRC_MDD_pooled	relative_ct	parcel	lh_VMV3		0.0017819	0.16506	0.8689	8596
SBayesRC_MDD_pooled	relative_ct	parcel	lh_VVC		0.010181	0.94311	0.34565	8596
SBayesRC_MDD_pooled	relative_ct	parcel	lh_a10p		0.0023878	0.22118	0.82496	8596
SBayesRC_MDD_pooled	relative_ct	parcel	lh_a24		0.012221	1.1321	0.25764	8596
SBayesRC_MDD_pooled	relative_ct	parcel	lh_a24pr		0.012331	1.1422	0.25339	8596
SBayesRC_MDD_pooled	relative_ct	parcel	lh_a32pr		2.4326e-05	0.0022533	0.9982	8596
SBayesRC_MDD_pooled	relative_ct	parcel	lh_a47r		0.0014195	0.13148	0.8954	8596
SBayesRC_MDD_pooled	relative_ct	parcel	lh_a9-46v		0.0029056	0.26914	0.78783	8596
SBayesRC_MDD_pooled	relative_ct	parcel	lh_d23ab		0.015948	1.4775	0.13959	8596
SBayesRC_MDD_pooled	relative_ct	parcel	lh_d32		0.00050155	0.046458	0.96295	8596
SBayesRC_MDD_pooled	relative_ct	parcel	lh_i6-8		-0.0069929	-0.64776	0.51716	8596
SBayesRC_MDD_pooled	relative_ct	parcel	lh_p10p		0.0010335	0.095733	0.92374	8596
SBayesRC_MDD_pooled	relative_ct	parcel	lh_p24		0.012057	1.1169	0.26406	8596
SBayesRC_MDD_pooled	relative_ct	parcel	lh_p24pr		0.022086	2.0463	0.040762	8596
SBayesRC_MDD_pooled	relative_ct	parcel	lh_p32		0.001614	0.1495	0.88116	8596
SBayesRC_MDD_pooled	relative_ct	parcel	lh_p32pr		0.02268	2.1014	0.035636	8596
SBayesRC_MDD_pooled	relative_ct	parcel	lh_p47r		-0.011633	-1.0776	0.28123	8596
SBayesRC_MDD_pooled	relative_ct	parcel	lh_p9-46v		-0.010725	-0.9935	0.32049	8596
SBayesRC_MDD_pooled	relative_ct	parcel	lh_pOFC		-0.0040254	-0.37287	0.70926	8596
SBayesRC_MDD_pooled	relative_ct	parcel	lh_s32		-0.0065106	-0.60308	0.54647	8596
SBayesRC_MDD_pooled	relative_ct	parcel	lh_s6-8		-0.0097012	-0.89865	0.36886	8596
SBayesRC_MDD_pooled	relative_ct	parcel	lh_v23ab		0.0089414	0.82826	0.40755	8596
SBayesRC_MDD_eur	absolute	cortex	1	Primary_Visual	-0.014939	-0.97906	0.32761	4308
SBayesRC_MDD_eur	absolute	cortex	2	Early_Visual	0.0052997	0.34728	0.72839	4308
SBayesRC_MDD_eur	absolute	cortex	3	Dorsal_Stream_Visual	0.018687	1.2248	0.22073	4308
SBayesRC_MDD_eur	absolute	cortex	4	Ventral_Stream_Visual	0.022069	1.4465	0.14811	4308
SBayesRC_MDD_eur	absolute	cortex	5	MT+_Complex_and_Neighboring_Visual_Areas	0.020829	1.3652	0.17225	4308
SBayesRC_MDD_eur	absolute	cortex	6	Somatosensory_and_Motor	0.03129	2.0514	0.04029	4308
SBayesRC_MDD_eur	absolute	cortex	7	Paracentral_Lobular_and_Mid_Cingulate	0.017712	1.1608	0.24578	4308
SBayesRC_MDD_eur	absolute	cortex	8	Premotor	-0.016868	-1.1055	0.269	4308
SBayesRC_MDD_eur	absolute	cortex	9	Posterior_Opercular	0.040111	2.6305	0.0085561	4308
SBayesRC_MDD_eur	absolute	cortex	10	Early_Auditory	0.03573	2.3428	0.019184	4308
SBayesRC_MDD_eur	absolute	cortex	11	Auditory_Association	0.021058	1.3802	0.16759	4308
SBayesRC_MDD_eur	absolute	cortex	12	Insular_and_Frontal_Opercular	0.0014196	0.093023	0.92589	4308
SBayesRC_MDD_eur	absolute	cortex	13	Medial_Temporal	-0.014584	-0.95577	0.33924	4308
SBayesRC_MDD_eur	absolute	cortex	14	Lateral_Temporal	-0.013245	-0.86802	0.38543	4308
SBayesRC_MDD_eur	absolute	cortex	15	Temporo-Parieto_Occipital_Junction	-0.00087473	-0.05732	0.95429	4308
SBayesRC_MDD_eur	absolute	cortex	16	Superior_Parietal	0.010184	0.66736	0.50458	4308
SBayesRC_MDD_eur	absolute	cortex	17	Inferior_Parietal	0.012235	0.80182	0.4227	4308
SBayesRC_MDD_eur	absolute	cortex	18	Posterior_Cingulate	0.033147	2.1733	0.029815	4308
SBayesRC_MDD_eur	absolute	cortex	19	Anterior_Cingulate_and_Medial_Prefrontal	0.015038	0.98556	0.3244	4308
SBayesRC_MDD_eur	absolute	cortex	20	Orbital_and_Polar_Frontal	-0.0068242	-0.44719	0.65476	4308
SBayesRC_MDD_eur	absolute	cortex	21	Inferior_Frontal	-0.0068198	-0.4469	0.65497	4308
SBayesRC_MDD_eur	absolute	cortex	22	Dorsolateral_Prefrontal	-0.0022125	-0.14498	0.88473	4308
SBayesRC_MDD_eur	absolute	parcel	lh_1		0.017423	1.1419	0.25357	4308
SBayesRC_MDD_eur	absolute	parcel	lh_10d		-0.0028086	-0.18404	0.85399	4308
SBayesRC_MDD_eur	absolute	parcel	lh_10pp		-0.0042134	-0.2761	0.78248	4308
SBayesRC_MDD_eur	absolute	parcel	lh_10r		0.022989	1.5068	0.13193	4308
SBayesRC_MDD_eur	absolute	parcel	lh_10v		-0.0049403	-0.32373	0.74615	4308
SBayesRC_MDD_eur	absolute	parcel	lh_11l		-0.0096668	-0.63348	0.52645	4308
SBayesRC_MDD_eur	absolute	parcel	lh_13l		-0.016558	-1.0852	0.2779	4308
SBayesRC_MDD_eur	absolute	parcel	lh_2		0.039829	2.612	0.0090331	4308
SBayesRC_MDD_eur	absolute	parcel	lh_23c		0.014658	0.96061	0.3368	4308
SBayesRC_MDD_eur	absolute	parcel	lh_23d		0.026352	1.7274	0.084164	4308
SBayesRC_MDD_eur	absolute	parcel	lh_24dd		0.030526	2.0012	0.04543	4308
SBayesRC_MDD_eur	absolute	parcel	lh_24dv		0.0039771	0.26061	0.7944	4308
SBayesRC_MDD_eur	absolute	parcel	lh_25		0.018234	1.195	0.23214	4308
SBayesRC_MDD_eur	absolute	parcel	lh_31a		0.0032038	0.20994	0.83372	4308
SBayesRC_MDD_eur	absolute	parcel	lh_31pd		0.013853	0.90788	0.36399	4308
SBayesRC_MDD_eur	absolute	parcel	lh_31pv		0.022516	1.4758	0.14006	4308
SBayesRC_MDD_eur	absolute	parcel	lh_33pr		0.0096939	0.63526	0.5253	4308
SBayesRC_MDD_eur	absolute	parcel	lh_3a		0.014915	0.97746	0.3284	4308
SBayesRC_MDD_eur	absolute	parcel	lh_3b		0.018716	1.2266	0.22002	4308
SBayesRC_MDD_eur	absolute	parcel	lh_4		0.018261	1.1968	0.23145	4308
SBayesRC_MDD_eur	absolute	parcel	lh_43		-0.0016369	-0.10726	0.91459	4308
SBayesRC_MDD_eur	absolute	parcel	lh_44		-0.020545	-1.3466	0.17819	4308
SBayesRC_MDD_eur	absolute	parcel	lh_45		0.0013571	0.08893	0.92914	4308
SBayesRC_MDD_eur	absolute	parcel	lh_46		0.0094618	0.62004	0.53526	4308
SBayesRC_MDD_eur	absolute	parcel	lh_47l		0.0083268	0.54566	0.58533	4308
SBayesRC_MDD_eur	absolute	parcel	lh_47m		0.0043166	0.28286	0.7773	4308
SBayesRC_MDD_eur	absolute	parcel	lh_47s		-0.0059333	-0.38881	0.69744	4308
SBayesRC_MDD_eur	absolute	parcel	lh_52		0.020861	1.3673	0.1716	4308
SBayesRC_MDD_eur	absolute	parcel	lh_55b		-0.031684	-2.0773	0.037837	4308
SBayesRC_MDD_eur	absolute	parcel	lh_5L		-0.0014786	-0.096891	0.92282	4308
SBayesRC_MDD_eur	absolute	parcel	lh_5m		0.010003	0.65552	0.51217	4308
SBayesRC_MDD_eur	absolute	parcel	lh_5mv		0.034005	2.2296	0.025824	4308
SBayesRC_MDD_eur	absolute	parcel	lh_6a		0.0059207	0.38798	0.69805	4308
SBayesRC_MDD_eur	absolute	parcel	lh_6d		-0.017918	-1.1743	0.24033	4308
SBayesRC_MDD_eur	absolute	parcel	lh_6ma		-0.017529	-1.1488	0.25069	4308
SBayesRC_MDD_eur	absolute	parcel	lh_6mp		0.0016825	0.11025	0.91222	4308
SBayesRC_MDD_eur	absolute	parcel	lh_6r		-0.024223	-1.5878	0.11241	4308
SBayesRC_MDD_eur	absolute	parcel	lh_6v		-0.0038811	-0.25432	0.79926	4308
SBayesRC_MDD_eur	absolute	parcel	lh_7AL		-0.012588	-0.82495	0.40945	4308
SBayesRC_MDD_eur	absolute	parcel	lh_7Am		-0.0043237	-0.28333	0.77694	4308
SBayesRC_MDD_eur	absolute	parcel	lh_7PC		-0.0057855	-0.37912	0.70462	4308
SBayesRC_MDD_eur	absolute	parcel	lh_7PL		0.023254	1.5242	0.12753	4308
SBayesRC_MDD_eur	absolute	parcel	lh_7Pm		0.011215	0.73498	0.46239	4308
SBayesRC_MDD_eur	absolute	parcel	lh_7m		0.0060694	0.39773	0.69085	4308
SBayesRC_MDD_eur	absolute	parcel	lh_8Ad		0.0040378	0.26459	0.79134	4308
SBayesRC_MDD_eur	absolute	parcel	lh_8Av		-0.022815	-1.4954	0.13488	4308
SBayesRC_MDD_eur	absolute	parcel	lh_8BL		-0.0032167	-0.21079	0.83306	4308
SBayesRC_MDD_eur	absolute	parcel	lh_8BM		-0.0044131	-0.28919	0.77245	4308
SBayesRC_MDD_eur	absolute	parcel	lh_8C		-0.0028873	-0.1892	0.84994	4308
SBayesRC_MDD_eur	absolute	parcel	lh_9-46d		0.014017	0.91864	0.35834	4308
SBayesRC_MDD_eur	absolute	parcel	lh_9a		0.00097534	0.063913	0.94904	4308
SBayesRC_MDD_eur	absolute	parcel	lh_9m		0.017703	1.1603	0.24601	4308
SBayesRC_MDD_eur	absolute	parcel	lh_9p		-0.0078272	-0.51292	0.60803	4308
SBayesRC_MDD_eur	absolute	parcel	lh_A1		0.028582	1.8737	0.06104	4308
SBayesRC_MDD_eur	absolute	parcel	lh_A4		0.018077	1.1847	0.23619	4308
SBayesRC_MDD_eur	absolute	parcel	lh_A5		0.018091	1.1857	0.23583	4308
SBayesRC_MDD_eur	absolute	parcel	lh_AAIC		-0.0073013	-0.47845	0.63235	4308
SBayesRC_MDD_eur	absolute	parcel	lh_AIP		0.026719	1.7515	0.079935	4308
SBayesRC_MDD_eur	absolute	parcel	lh_AVI		0.035659	2.3381	0.019425	4308
SBayesRC_MDD_eur	absolute	parcel	lh_DVT		0.026116	1.712	0.086976	4308
SBayesRC_MDD_eur	absolute	parcel	lh_EC		-0.0069059	-0.45254	0.6509	4308
SBayesRC_MDD_eur	absolute	parcel	lh_FEF		0.011401	0.74716	0.45501	4308
SBayesRC_MDD_eur	absolute	parcel	lh_FFC		0.022138	1.451	0.14684	4308
SBayesRC_MDD_eur	absolute	parcel	lh_FOP1		0.020091	1.3168	0.18797	4308
SBayesRC_MDD_eur	absolute	parcel	lh_FOP2		0.02339	1.5331	0.12532	4308
SBayesRC_MDD_eur	absolute	parcel	lh_FOP3		0.0097236	0.6372	0.52403	4308
SBayesRC_MDD_eur	absolute	parcel	lh_FOP4		0.0038454	0.25198	0.80106	4308
SBayesRC_MDD_eur	absolute	parcel	lh_FOP5		0.022661	1.4854	0.13752	4308
SBayesRC_MDD_eur	absolute	parcel	lh_FST		0.01986	1.3017	0.19309	4308
SBayesRC_MDD_eur	absolute	parcel	lh_IFJa		0.0055679	0.36486	0.71523	4308
SBayesRC_MDD_eur	absolute	parcel	lh_IFJp		-0.031737	-2.0807	0.037519	4308
SBayesRC_MDD_eur	absolute	parcel	lh_IFSa		0.0020948	0.13727	0.89083	4308
SBayesRC_MDD_eur	absolute	parcel	lh_IFSp		-0.010702	-0.70134	0.48313	4308
SBayesRC_MDD_eur	absolute	parcel	lh_IP0		0.025276	1.6568	0.09763	4308
SBayesRC_MDD_eur	absolute	parcel	lh_IP1		0.027894	1.8286	0.067533	4308
SBayesRC_MDD_eur	absolute	parcel	lh_IP2		0.011183	0.73288	0.46367	4308
SBayesRC_MDD_eur	absolute	parcel	lh_IPS1		0.02765	1.8126	0.069968	4308
SBayesRC_MDD_eur	absolute	parcel	lh_Ig		0.00060959	0.039946	0.96814	4308
SBayesRC_MDD_eur	absolute	parcel	lh_LBelt		0.0036373	0.23835	0.81162	4308
SBayesRC_MDD_eur	absolute	parcel	lh_LIPd		0.014439	0.94623	0.34408	4308
SBayesRC_MDD_eur	absolute	parcel	lh_LIPv		0.0082342	0.5396	0.5895	4308
SBayesRC_MDD_eur	absolute	parcel	lh_LO1		0.0076595	0.50193	0.61574	4308
SBayesRC_MDD_eur	absolute	parcel	lh_LO2		0.013006	0.85235	0.39407	4308
SBayesRC_MDD_eur	absolute	parcel	lh_LO3		0.0249	1.6322	0.10272	4308
SBayesRC_MDD_eur	absolute	parcel	lh_MBelt		0.023915	1.5676	0.11706	4308
SBayesRC_MDD_eur	absolute	parcel	lh_MI		0.028381	1.8605	0.062876	4308
SBayesRC_MDD_eur	absolute	parcel	lh_MIP		0.021689	1.4216	0.15523	4308
SBayesRC_MDD_eur	absolute	parcel	lh_MST		0.026593	1.7432	0.081365	4308
SBayesRC_MDD_eur	absolute	parcel	lh_MT		0.0073202	0.47969	0.63147	4308
SBayesRC_MDD_eur	absolute	parcel	lh_OFC		0.0028878	0.18923	0.84992	4308
SBayesRC_MDD_eur	absolute	parcel	lh_OP1		0.046917	3.0778	0.0020984	4308
SBayesRC_MDD_eur	absolute	parcel	lh_OP2-3		0.042486	2.7865	0.0053508	4308
SBayesRC_MDD_eur	absolute	parcel	lh_OP4		0.018959	1.2426	0.21408	4308
SBayesRC_MDD_eur	absolute	parcel	lh_PBelt		0.036429	2.3888	0.016948	4308
SBayesRC_MDD_eur	absolute	parcel	lh_PCV		0.018728	1.2274	0.21974	4308
SBayesRC_MDD_eur	absolute	parcel	lh_PEF		-0.014723	-0.9649	0.33465	4308
SBayesRC_MDD_eur	absolute	parcel	lh_PF		-0.0078532	-0.51462	0.60684	4308
SBayesRC_MDD_eur	absolute	parcel	lh_PFcm		0.017939	1.1757	0.23977	4308
SBayesRC_MDD_eur	absolute	parcel	lh_PFm		0.0065306	0.42795	0.66871	4308
SBayesRC_MDD_eur	absolute	parcel	lh_PFop		0.0075416	0.4942	0.62119	4308
SBayesRC_MDD_eur	absolute	parcel	lh_PFt		0.013989	0.91677	0.35931	4308
SBayesRC_MDD_eur	absolute	parcel	lh_PGi		-0.0016365	-0.10724	0.91461	4308
SBayesRC_MDD_eur	absolute	parcel	lh_PGp		0.0025687	0.16832	0.86634	4308
SBayesRC_MDD_eur	absolute	parcel	lh_PGs		0.019278	1.2635	0.20648	4308
SBayesRC_MDD_eur	absolute	parcel	lh_PH		0.0063807	0.41813	0.67588	4308
SBayesRC_MDD_eur	absolute	parcel	lh_PHA1		0.010747	0.70428	0.4813	4308
SBayesRC_MDD_eur	absolute	parcel	lh_PHA2		-0.0096583	-0.63293	0.52682	4308
SBayesRC_MDD_eur	absolute	parcel	lh_PHA3		0.02848	1.867	0.061971	4308
SBayesRC_MDD_eur	absolute	parcel	lh_PHT		-0.012305	-0.8064	0.42006	4308
SBayesRC_MDD_eur	absolute	parcel	lh_PI		0.01777	1.1646	0.24423	4308
SBayesRC_MDD_eur	absolute	parcel	lh_PIT		0.021182	1.3883	0.1651	4308
SBayesRC_MDD_eur	absolute	parcel	lh_POS1		0.02029	1.3299	0.18364	4308
SBayesRC_MDD_eur	absolute	parcel	lh_POS2		0.02111	1.3836	0.16655	4308
SBayesRC_MDD_eur	absolute	parcel	lh_PSL		-0.0011021	-0.072218	0.94243	4308
SBayesRC_MDD_eur	absolute	parcel	lh_PeEc		-0.016618	-1.0891	0.27617	4308
SBayesRC_MDD_eur	absolute	parcel	lh_Pir		-0.034898	-2.2882	0.022175	4308
SBayesRC_MDD_eur	absolute	parcel	lh_PoI1		0.0012211	0.08002	0.93623	4308
SBayesRC_MDD_eur	absolute	parcel	lh_PoI2		-0.003259	-0.21356	0.8309	4308
SBayesRC_MDD_eur	absolute	parcel	lh_PreS		-0.025488	-1.6707	0.094844	4308
SBayesRC_MDD_eur	absolute	parcel	lh_ProS		0.023536	1.5427	0.12298	4308
SBayesRC_MDD_eur	absolute	parcel	lh_RI		0.032542	2.1336	0.032936	4308
SBayesRC_MDD_eur	absolute	parcel	lh_RSC		0.030691	2.0121	0.044275	4308
SBayesRC_MDD_eur	absolute	parcel	lh_SCEF		0.03126	2.0494	0.04048	4308
SBayesRC_MDD_eur	absolute	parcel	lh_SFL		0.0043549	0.28537	0.77537	4308
SBayesRC_MDD_eur	absolute	parcel	lh_STGa		-0.0016437	-0.10771	0.91423	4308
SBayesRC_MDD_eur	absolute	parcel	lh_STSda		0.019113	1.2527	0.21038	4308
SBayesRC_MDD_eur	absolute	parcel	lh_STSdp		0.0099934	0.65488	0.51258	4308
SBayesRC_MDD_eur	absolute	parcel	lh_STSva		0.041759	2.7388	0.0061917	4308
SBayesRC_MDD_eur	absolute	parcel	lh_STSvp		-0.0046195	-0.30271	0.76212	4308
SBayesRC_MDD_eur	absolute	parcel	lh_STV		-0.0078617	-0.51518	0.60645	4308
SBayesRC_MDD_eur	absolute	parcel	lh_TA2		0.018665	1.2233	0.22129	4308
SBayesRC_MDD_eur	absolute	parcel	lh_TE1a		-0.0052926	-0.34682	0.72874	4308
SBayesRC_MDD_eur	absolute	parcel	lh_TE1m		-0.0089307	-0.58524	0.55842	4308
SBayesRC_MDD_eur	absolute	parcel	lh_TE1p		-0.040621	-2.664	0.0077502	4308
SBayesRC_MDD_eur	absolute	parcel	lh_TE2a		-0.014982	-0.98187	0.32622	4308
SBayesRC_MDD_eur	absolute	parcel	lh_TE2p		0.010274	0.67326	0.50082	4308
SBayesRC_MDD_eur	absolute	parcel	lh_TF		-0.013789	-0.90367	0.36622	4308
SBayesRC_MDD_eur	absolute	parcel	lh_TGd		0.014968	0.98092	0.32669	4308
SBayesRC_MDD_eur	absolute	parcel	lh_TGv		0.01813	1.1883	0.2348	4308
SBayesRC_MDD_eur	absolute	parcel	lh_TPOJ1		-0.0004833	-0.03167	0.97474	4308
SBayesRC_MDD_eur	absolute	parcel	lh_TPOJ2		-0.0028026	-0.18365	0.85429	4308
SBayesRC_MDD_eur	absolute	parcel	lh_TPOJ3		0.016894	1.1072	0.26828	4308
SBayesRC_MDD_eur	absolute	parcel	lh_V1		-0.014939	-0.97906	0.32761	4308
SBayesRC_MDD_eur	absolute	parcel	lh_V2		0.0018188	0.11918	0.90514	4308
SBayesRC_MDD_eur	absolute	parcel	lh_V3		-0.0068946	-0.45181	0.65143	4308
SBayesRC_MDD_eur	absolute	parcel	lh_V3A		0.0077587	0.50843	0.61118	4308
SBayesRC_MDD_eur	absolute	parcel	lh_V3B		0.027351	1.7929	0.073056	4308
SBayesRC_MDD_eur	absolute	parcel	lh_V3CD		0.0071706	0.46989	0.63846	4308
SBayesRC_MDD_eur	absolute	parcel	lh_V4		0.01726	1.1312	0.25805	4308
SBayesRC_MDD_eur	absolute	parcel	lh_V4t		0.0022177	0.14532	0.88446	4308
SBayesRC_MDD_eur	absolute	parcel	lh_V6		0.022979	1.5062	0.13209	4308
SBayesRC_MDD_eur	absolute	parcel	lh_V6A		-0.0082933	-0.54347	0.58683	4308
SBayesRC_MDD_eur	absolute	parcel	lh_V7		0.021888	1.4346	0.15147	4308
SBayesRC_MDD_eur	absolute	parcel	lh_V8		0.017722	1.1615	0.2455	4308
SBayesRC_MDD_eur	absolute	parcel	lh_VIP		4.4183e-05	0.0028953	0.99769	4308
SBayesRC_MDD_eur	absolute	parcel	lh_VMV1		0.021218	1.3907	0.16438	4308
SBayesRC_MDD_eur	absolute	parcel	lh_VMV2		-0.003845	-0.25196	0.80108	4308
SBayesRC_MDD_eur	absolute	parcel	lh_VMV3		0.0022634	0.14832	0.8821	4308
SBayesRC_MDD_eur	absolute	parcel	lh_VVC		0.0055137	0.36131	0.71789	4308
SBayesRC_MDD_eur	absolute	parcel	lh_a10p		0.001184	0.077587	0.93816	4308
SBayesRC_MDD_eur	absolute	parcel	lh_a24		0.015135	0.99186	0.32132	4308
SBayesRC_MDD_eur	absolute	parcel	lh_a24pr		0.021603	1.4159	0.15687	4308
SBayesRC_MDD_eur	absolute	parcel	lh_a32pr		-0.0073262	-0.48009	0.63119	4308
SBayesRC_MDD_eur	absolute	parcel	lh_a47r		0.0088208	0.57804	0.56327	4308
SBayesRC_MDD_eur	absolute	parcel	lh_a9-46v		-0.0010427	-0.068325	0.94553	4308
SBayesRC_MDD_eur	absolute	parcel	lh_d23ab		0.01242	0.81395	0.41572	4308
SBayesRC_MDD_eur	absolute	parcel	lh_d32		-0.012061	-0.79037	0.42935	4308
SBayesRC_MDD_eur	absolute	parcel	lh_i6-8		-0.00076221	-0.049947	0.96017	4308
SBayesRC_MDD_eur	absolute	parcel	lh_p10p		-0.0094903	-0.62192	0.53403	4308
SBayesRC_MDD_eur	absolute	parcel	lh_p24		0.0056626	0.37107	0.71061	4308
SBayesRC_MDD_eur	absolute	parcel	lh_p24pr		0.025564	1.6757	0.093869	4308
SBayesRC_MDD_eur	absolute	parcel	lh_p32		-0.011345	-0.74348	0.45723	4308
SBayesRC_MDD_eur	absolute	parcel	lh_p32pr		0.021914	1.4363	0.15098	4308
SBayesRC_MDD_eur	absolute	parcel	lh_p47r		-0.0087846	-0.57566	0.56487	4308
SBayesRC_MDD_eur	absolute	parcel	lh_p9-46v		-0.0039633	-0.25971	0.7951	4308
SBayesRC_MDD_eur	absolute	parcel	lh_pOFC		-0.01965	-1.2879	0.19786	4308
SBayesRC_MDD_eur	absolute	parcel	lh_s32		0.0065382	0.42845	0.66834	4308
SBayesRC_MDD_eur	absolute	parcel	lh_s6-8		-0.011829	-0.77522	0.43825	4308
SBayesRC_MDD_eur	absolute	parcel	lh_v23ab		0.0070547	0.4623	0.64389	4308
SBayesRC_MDD_eur	relative	cortex	1	Primary_Visual	-0.020007	-1.3111	0.18988	4308
SBayesRC_MDD_eur	relative	cortex	2	Early_Visual	-0.0057063	-0.37389	0.7085	4308
SBayesRC_MDD_eur	relative	cortex	3	Dorsal_Stream_Visual	0.010583	0.69348	0.48805	4308
SBayesRC_MDD_eur	relative	cortex	4	Ventral_Stream_Visual	0.014955	0.97999	0.32715	4308
SBayesRC_MDD_eur	relative	cortex	5	MT+_Complex_and_Neighboring_Visual_Areas	0.012762	0.83624	0.40307	4308
SBayesRC_MDD_eur	relative	cortex	6	Somatosensory_and_Motor	0.026598	1.7433	0.081349	4308
SBayesRC_MDD_eur	relative	cortex	7	Paracentral_Lobular_and_Mid_Cingulate	0.0080998	0.53073	0.59564	4308
SBayesRC_MDD_eur	relative	cortex	8	Premotor	-0.033272	-2.1812	0.029223	4308
SBayesRC_MDD_eur	relative	cortex	9	Posterior_Opercular	0.037174	2.4373	0.014836	4308
SBayesRC_MDD_eur	relative	cortex	10	Early_Auditory	0.03278	2.149	0.031693	4308
SBayesRC_MDD_eur	relative	cortex	11	Auditory_Association	0.013322	0.87292	0.38276	4308
SBayesRC_MDD_eur	relative	cortex	12	Insular_and_Frontal_Opercular	-0.0062021	-0.40637	0.68449	4308
SBayesRC_MDD_eur	relative	cortex	13	Medial_Temporal	-0.023295	-1.5267	0.1269	4308
SBayesRC_MDD_eur	relative	cortex	14	Lateral_Temporal	-0.032524	-2.1321	0.033053	4308
SBayesRC_MDD_eur	relative	cortex	15	Temporo-Parieto_Occipital_Junction	-0.016557	-1.085	0.278	4308
SBayesRC_MDD_eur	relative	cortex	16	Superior_Parietal	-0.0011975	-0.07846	0.93747	4308
SBayesRC_MDD_eur	relative	cortex	17	Inferior_Parietal	-0.0006873	-0.045033	0.96408	4308
SBayesRC_MDD_eur	relative	cortex	18	Posterior_Cingulate	0.031289	2.0511	0.040318	4308
SBayesRC_MDD_eur	relative	cortex	19	Anterior_Cingulate_and_Medial_Prefrontal	0.0057843	0.379	0.70471	4308
SBayesRC_MDD_eur	relative	cortex	20	Orbital_and_Polar_Frontal	-0.021768	-1.4266	0.15376	4308
SBayesRC_MDD_eur	relative	cortex	21	Inferior_Frontal	-0.026871	-1.7612	0.078271	4308
SBayesRC_MDD_eur	relative	cortex	22	Dorsolateral_Prefrontal	-0.02028	-1.329	0.18391	4308
SBayesRC_MDD_eur	relative	parcel	lh_1		0.010523	0.68953	0.49053	4308
SBayesRC_MDD_eur	relative	parcel	lh_10d		-0.01057	-0.69263	0.48858	4308
SBayesRC_MDD_eur	relative	parcel	lh_10pp		-0.010559	-0.69189	0.48904	4308
SBayesRC_MDD_eur	relative	parcel	lh_10r		0.018543	1.2152	0.22436	4308
SBayesRC_MDD_eur	relative	parcel	lh_10v		-0.011552	-0.75692	0.44914	4308
SBayesRC_MDD_eur	relative	parcel	lh_11l		-0.0176	-1.1534	0.24883	4308
SBayesRC_MDD_eur	relative	parcel	lh_13l		-0.024408	-1.5997	0.10974	4308
SBayesRC_MDD_eur	relative	parcel	lh_2		0.036549	2.3963	0.016602	4308
SBayesRC_MDD_eur	relative	parcel	lh_23c		0.0076974	0.50435	0.61404	4308
SBayesRC_MDD_eur	relative	parcel	lh_23d		0.022579	1.4798	0.13901	4308
SBayesRC_MDD_eur	relative	parcel	lh_24dd		0.025727	1.6862	0.091827	4308
SBayesRC_MDD_eur	relative	parcel	lh_24dv		-0.0028279	-0.18529	0.85301	4308
SBayesRC_MDD_eur	relative	parcel	lh_25		0.015895	1.0416	0.29767	4308
SBayesRC_MDD_eur	relative	parcel	lh_31a		-0.0028572	-0.18721	0.85151	4308
SBayesRC_MDD_eur	relative	parcel	lh_31pd		0.0069195	0.45338	0.6503	4308
SBayesRC_MDD_eur	relative	parcel	lh_31pv		0.016946	1.1104	0.26687	4308
SBayesRC_MDD_eur	relative	parcel	lh_33pr		0.0083012	0.54392	0.58652	4308
SBayesRC_MDD_eur	relative	parcel	lh_3a		0.010304	0.67518	0.4996	4308
SBayesRC_MDD_eur	relative	parcel	lh_3b		0.014788	0.96902	0.33259	4308
SBayesRC_MDD_eur	relative	parcel	lh_4		0.017333	1.1359	0.25608	4308
SBayesRC_MDD_eur	relative	parcel	lh_43		-0.009184	-0.60177	0.54736	4308
SBayesRC_MDD_eur	relative	parcel	lh_44		-0.031252	-2.0487	0.040554	4308
SBayesRC_MDD_eur	relative	parcel	lh_45		-0.0080315	-0.52625	0.59874	4308
SBayesRC_MDD_eur	relative	parcel	lh_46		2.1728e-05	0.0014236	0.99886	4308
SBayesRC_MDD_eur	relative	parcel	lh_47l		0.00091745	0.060112	0.95207	4308
SBayesRC_MDD_eur	relative	parcel	lh_47m		-0.0021385	-0.14011	0.88858	4308
SBayesRC_MDD_eur	relative	parcel	lh_47s		-0.012375	-0.81089	0.41747	4308
SBayesRC_MDD_eur	relative	parcel	lh_52		0.016397	1.0745	0.28266	4308
SBayesRC_MDD_eur	relative	parcel	lh_55b		-0.041486	-2.7206	0.0065431	4308
SBayesRC_MDD_eur	relative	parcel	lh_5L		-0.0098617	-0.64618	0.5182	4308
SBayesRC_MDD_eur	relative	parcel	lh_5m		0.0024051	0.15758	0.87479	4308
SBayesRC_MDD_eur	relative	parcel	lh_5mv		0.029691	1.9462	0.051694	4308
SBayesRC_MDD_eur	relative	parcel	lh_6a		-0.0025668	-0.16818	0.86645	4308
SBayesRC_MDD_eur	relative	parcel	lh_6d		-0.027024	-1.7713	0.076589	4308
SBayesRC_MDD_eur	relative	parcel	lh_6ma		-0.027097	-1.7761	0.075793	4308
SBayesRC_MDD_eur	relative	parcel	lh_6mp		-0.0065525	-0.42934	0.6677	4308
SBayesRC_MDD_eur	relative	parcel	lh_6r		-0.037131	-2.4346	0.01495	4308
SBayesRC_MDD_eur	relative	parcel	lh_6v		-0.011491	-0.75295	0.45152	4308
SBayesRC_MDD_eur	relative	parcel	lh_7AL		-0.021228	-1.3912	0.16424	4308
SBayesRC_MDD_eur	relative	parcel	lh_7Am		-0.012944	-0.84817	0.39639	4308
SBayesRC_MDD_eur	relative	parcel	lh_7PC		-0.014763	-0.96742	0.33339	4308
SBayesRC_MDD_eur	relative	parcel	lh_7PL		0.018017	1.1807	0.23779	4308
SBayesRC_MDD_eur	relative	parcel	lh_7Pm		0.0052627	0.34482	0.73024	4308
SBayesRC_MDD_eur	relative	parcel	lh_7m		-0.0023294	-0.15262	0.8787	4308
SBayesRC_MDD_eur	relative	parcel	lh_8Ad		-0.0054635	-0.35798	0.72038	4308
SBayesRC_MDD_eur	relative	parcel	lh_8Av		-0.030611	-2.0066	0.044856	4308
SBayesRC_MDD_eur	relative	parcel	lh_8BL		-0.011974	-0.7846	0.43273	4308
SBayesRC_MDD_eur	relative	parcel	lh_8BM		-0.014041	-0.92008	0.35758	4308
SBayesRC_MDD_eur	relative	parcel	lh_8C		-0.013909	-0.91141	0.36213	4308
SBayesRC_MDD_eur	relative	parcel	lh_9-46d		0.0060971	0.39949	0.68955	4308
SBayesRC_MDD_eur	relative	parcel	lh_9a		-0.0077026	-0.5047	0.6138	4308
SBayesRC_MDD_eur	relative	parcel	lh_9m		0.010503	0.68822	0.49135	4308
SBayesRC_MDD_eur	relative	parcel	lh_9p		-0.018389	-1.205	0.22825	4308
SBayesRC_MDD_eur	relative	parcel	lh_A1		0.023982	1.5718	0.11608	4308
SBayesRC_MDD_eur	relative	parcel	lh_A4		0.010949	0.71745	0.47314	4308
SBayesRC_MDD_eur	relative	parcel	lh_A5		0.011136	0.72968	0.46562	4308
SBayesRC_MDD_eur	relative	parcel	lh_AAIC		-0.009454	-0.61946	0.53565	4308
SBayesRC_MDD_eur	relative	parcel	lh_AIP		0.02127	1.3939	0.16341	4308
SBayesRC_MDD_eur	relative	parcel	lh_AVI		0.031912	2.0919	0.036502	4308
SBayesRC_MDD_eur	relative	parcel	lh_DVT		0.020557	1.3472	0.17798	4308
SBayesRC_MDD_eur	relative	parcel	lh_EC		-0.0086992	-0.57	0.56871	4308
SBayesRC_MDD_eur	relative	parcel	lh_FEF		0.0048839	0.32	0.74898	4308
SBayesRC_MDD_eur	relative	parcel	lh_FFC		0.016013	1.0493	0.29408	4308
SBayesRC_MDD_eur	relative	parcel	lh_FOP1		0.015493	1.0153	0.31004	4308
SBayesRC_MDD_eur	relative	parcel	lh_FOP2		0.019283	1.2637	0.20642	4308
SBayesRC_MDD_eur	relative	parcel	lh_FOP3		0.0054144	0.35476	0.72279	4308
SBayesRC_MDD_eur	relative	parcel	lh_FOP4		-0.0024854	-0.16285	0.87065	4308
SBayesRC_MDD_eur	relative	parcel	lh_FOP5		0.017605	1.1537	0.2487	4308
SBayesRC_MDD_eur	relative	parcel	lh_FST		0.013637	0.89362	0.37157	4308
SBayesRC_MDD_eur	relative	parcel	lh_IFJa		-0.0014081	-0.092263	0.92649	4308
SBayesRC_MDD_eur	relative	parcel	lh_IFJp		-0.039212	-2.5712	0.010169	4308
SBayesRC_MDD_eur	relative	parcel	lh_IFSa		-0.0074023	-0.48502	0.62769	4308
SBayesRC_MDD_eur	relative	parcel	lh_IFSp		-0.022036	-1.4442	0.14876	4308
SBayesRC_MDD_eur	relative	parcel	lh_IP0		0.019806	1.298	0.19437	4308
SBayesRC_MDD_eur	relative	parcel	lh_IP1		0.022565	1.4789	0.13925	4308
SBayesRC_MDD_eur	relative	parcel	lh_IP2		0.0036315	0.23794	0.81194	4308
SBayesRC_MDD_eur	relative	parcel	lh_IPS1		0.022522	1.476	0.14001	4308
SBayesRC_MDD_eur	relative	parcel	lh_Ig		-0.0050231	-0.32912	0.74208	4308
SBayesRC_MDD_eur	relative	parcel	lh_LBelt		-0.0033403	-0.21886	0.82677	4308
SBayesRC_MDD_eur	relative	parcel	lh_LIPd		0.0081362	0.53311	0.59399	4308
SBayesRC_MDD_eur	relative	parcel	lh_LIPv		0.0016719	0.10955	0.91277	4308
SBayesRC_MDD_eur	relative	parcel	lh_LO1		0.00032882	0.021544	0.98281	4308
SBayesRC_MDD_eur	relative	parcel	lh_LO2		0.0066993	0.43896	0.66071	4308
SBayesRC_MDD_eur	relative	parcel	lh_LO3		0.019604	1.2847	0.19896	4308
SBayesRC_MDD_eur	relative	parcel	lh_MBelt		0.018704	1.2257	0.22038	4308
SBayesRC_MDD_eur	relative	parcel	lh_MI		0.024317	1.5937	0.11107	4308
SBayesRC_MDD_eur	relative	parcel	lh_MIP		0.015829	1.0372	0.29968	4308
SBayesRC_MDD_eur	relative	parcel	lh_MST		0.021478	1.4076	0.15933	4308
SBayesRC_MDD_eur	relative	parcel	lh_MT		-8.1307e-05	-0.0053273	0.99575	4308
SBayesRC_MDD_eur	relative	parcel	lh_OFC		-0.0015563	-0.10197	0.91878	4308
SBayesRC_MDD_eur	relative	parcel	lh_OP1		0.043905	2.8795	0.0040031	4308
SBayesRC_MDD_eur	relative	parcel	lh_OP2-3		0.039313	2.5778	0.0099754	4308
SBayesRC_MDD_eur	relative	parcel	lh_OP4		0.012452	0.81595	0.41457	4308
SBayesRC_MDD_eur	relative	parcel	lh_PBelt		0.03244	2.1266	0.033507	4308
SBayesRC_MDD_eur	relative	parcel	lh_PCV		0.012103	0.79304	0.4278	4308
SBayesRC_MDD_eur	relative	parcel	lh_PEF		-0.021746	-1.4252	0.15418	4308
SBayesRC_MDD_eur	relative	parcel	lh_PF		-0.01798	-1.1782	0.23876	4308
SBayesRC_MDD_eur	relative	parcel	lh_PFcm		0.011482	0.75238	0.45186	4308
SBayesRC_MDD_eur	relative	parcel	lh_PFm		-0.00302	-0.19787	0.84315	4308
SBayesRC_MDD_eur	relative	parcel	lh_PFop		0.00119	0.077973	0.93785	4308
SBayesRC_MDD_eur	relative	parcel	lh_PFt		0.0075341	0.49366	0.62157	4308
SBayesRC_MDD_eur	relative	parcel	lh_PGi		-0.013876	-0.90926	0.36326	4308
SBayesRC_MDD_eur	relative	parcel	lh_PGp		-0.0060998	-0.39967	0.68942	4308
SBayesRC_MDD_eur	relative	parcel	lh_PGs		0.01247	0.81711	0.41391	4308
SBayesRC_MDD_eur	relative	parcel	lh_PH		-0.002241	-0.14683	0.88327	4308
SBayesRC_MDD_eur	relative	parcel	lh_PHA1		0.0081129	0.53158	0.59504	4308
SBayesRC_MDD_eur	relative	parcel	lh_PHA2		-0.015176	-0.99445	0.32006	4308
SBayesRC_MDD_eur	relative	parcel	lh_PHA3		0.024326	1.5943	0.11094	4308
SBayesRC_MDD_eur	relative	parcel	lh_PHT		-0.02293	-1.5028	0.13296	4308
SBayesRC_MDD_eur	relative	parcel	lh_PI		0.013178	0.86349	0.38792	4308
SBayesRC_MDD_eur	relative	parcel	lh_PIT		0.015699	1.0287	0.30367	4308
SBayesRC_MDD_eur	relative	parcel	lh_POS1		0.014183	0.92939	0.35274	4308
SBayesRC_MDD_eur	relative	parcel	lh_POS2		0.014301	0.93712	0.34875	4308
SBayesRC_MDD_eur	relative	parcel	lh_PSL		-0.0092028	-0.603	0.54654	4308
SBayesRC_MDD_eur	relative	parcel	lh_PeEc		-0.022336	-1.4638	0.14331	4308
SBayesRC_MDD_eur	relative	parcel	lh_Pir		-0.037113	-2.4334	0.015	4308
SBayesRC_MDD_eur	relative	parcel	lh_PoI1		-0.0020597	-0.13496	0.89265	4308
SBayesRC_MDD_eur	relative	parcel	lh_PoI2		-0.0067144	-0.43995	0.66	4308
SBayesRC_MDD_eur	relative	parcel	lh_PreS		-0.02624	-1.7199	0.085524	4308
SBayesRC_MDD_eur	relative	parcel	lh_ProS		0.019861	1.3016	0.19314	4308
SBayesRC_MDD_eur	relative	parcel	lh_RI		0.02818	1.8471	0.064795	4308
SBayesRC_MDD_eur	relative	parcel	lh_RSC		0.028463	1.8657	0.062156	4308
SBayesRC_MDD_eur	relative	parcel	lh_SCEF		0.026624	1.7451	0.081043	4308
SBayesRC_MDD_eur	relative	parcel	lh_SFL		-0.0020541	-0.13459	0.89294	4308
SBayesRC_MDD_eur	relative	parcel	lh_STGa		-0.0085457	-0.55994	0.57555	4308
SBayesRC_MDD_eur	relative	parcel	lh_STSda		0.012681	0.83092	0.40607	4308
SBayesRC_MDD_eur	relative	parcel	lh_STSdp		0.0022074	0.14463	0.88501	4308
SBayesRC_MDD_eur	relative	parcel	lh_STSva		0.038352	2.5147	0.01195	4308
SBayesRC_MDD_eur	relative	parcel	lh_STSvp		-0.014313	-0.9379	0.34835	4308
SBayesRC_MDD_eur	relative	parcel	lh_STV		-0.017342	-1.1364	0.25584	4308
SBayesRC_MDD_eur	relative	parcel	lh_TA2		0.01382	0.90561	0.36519	4308
SBayesRC_MDD_eur	relative	parcel	lh_TE1a		-0.01342	-0.87935	0.37926	4308
SBayesRC_MDD_eur	relative	parcel	lh_TE1m		-0.017043	-1.1169	0.26412	4308
SBayesRC_MDD_eur	relative	parcel	lh_TE1p		-0.053894	-3.5363	0.00041002	4308
SBayesRC_MDD_eur	relative	parcel	lh_TE2a		-0.02583	-1.6929	0.090539	4308
SBayesRC_MDD_eur	relative	parcel	lh_TE2p		0.0040323	0.2642	0.79164	4308
SBayesRC_MDD_eur	relative	parcel	lh_TF		-0.020873	-1.3679	0.17141	4308
SBayesRC_MDD_eur	relative	parcel	lh_TGd		0.010103	0.66199	0.50801	4308
SBayesRC_MDD_eur	relative	parcel	lh_TGv		0.013313	0.87236	0.38306	4308
SBayesRC_MDD_eur	relative	parcel	lh_TPOJ1		-0.011633	-0.76226	0.44595	4308
SBayesRC_MDD_eur	relative	parcel	lh_TPOJ2		-0.013178	-0.86353	0.38789	4308
SBayesRC_MDD_eur	relative	parcel	lh_TPOJ3		0.010326	0.67658	0.49871	4308
SBayesRC_MDD_eur	relative	parcel	lh_V1		-0.020007	-1.3111	0.18988	4308
SBayesRC_MDD_eur	relative	parcel	lh_V2		-0.0071522	-0.46863	0.63936	4308
SBayesRC_MDD_eur	relative	parcel	lh_V3		-0.01633	-1.0701	0.28465	4308
SBayesRC_MDD_eur	relative	parcel	lh_V3A		-0.0005235	-0.0343	0.97264	4308
SBayesRC_MDD_eur	relative	parcel	lh_V3B		0.02229	1.4608	0.14413	4308
SBayesRC_MDD_eur	relative	parcel	lh_V3CD		-0.00037587	-0.024627	0.98035	4308
SBayesRC_MDD_eur	relative	parcel	lh_V4		0.009309	0.60996	0.54192	4308
SBayesRC_MDD_eur	relative	parcel	lh_V4t		-0.0047422	-0.31072	0.75603	4308
SBayesRC_MDD_eur	relative	parcel	lh_V6		0.017057	1.1178	0.26372	4308
SBayesRC_MDD_eur	relative	parcel	lh_V6A		-0.016453	-1.0781	0.28103	4308
SBayesRC_MDD_eur	relative	parcel	lh_V7		0.016034	1.0507	0.29344	4308
SBayesRC_MDD_eur	relative	parcel	lh_V8		0.011605	0.7604	0.44706	4308
SBayesRC_MDD_eur	relative	parcel	lh_VIP		-0.0075325	-0.49355	0.62165	4308
SBayesRC_MDD_eur	relative	parcel	lh_VMV1		0.017186	1.1262	0.26015	4308
SBayesRC_MDD_eur	relative	parcel	lh_VMV2		-0.010599	-0.6945	0.48741	4308
SBayesRC_MDD_eur	relative	parcel	lh_VMV3		-0.0047216	-0.30937	0.75706	4308
SBayesRC_MDD_eur	relative	parcel	lh_VVC		0.00010702	0.007012	0.99441	4308
SBayesRC_MDD_eur	relative	parcel	lh_a10p		-0.0058207	-0.38139	0.70294	4308
SBayesRC_MDD_eur	relative	parcel	lh_a24		0.010339	0.67743	0.49817	4308
SBayesRC_MDD_eur	relative	parcel	lh_a24pr		0.017278	1.1322	0.25761	4308
SBayesRC_MDD_eur	relative	parcel	lh_a32pr		-0.015073	-0.9877	0.32336	4308
SBayesRC_MDD_eur	relative	parcel	lh_a47r		0.00019836	0.012997	0.98963	4308
SBayesRC_MDD_eur	relative	parcel	lh_a9-46v		-0.010457	-0.68521	0.49325	4308
SBayesRC_MDD_eur	relative	parcel	lh_d23ab		0.0069206	0.45346	0.65024	4308
SBayesRC_MDD_eur	relative	parcel	lh_d32		-0.021621	-1.4169	0.15657	4308
SBayesRC_MDD_eur	relative	parcel	lh_i6-8		-0.0087701	-0.57465	0.56556	4308
SBayesRC_MDD_eur	relative	parcel	lh_p10p		-0.018525	-1.214	0.22482	4308
SBayesRC_MDD_eur	relative	parcel	lh_p24		0.0012808	0.08392	0.93312	4308
SBayesRC_MDD_eur	relative	parcel	lh_p24pr		0.021246	1.3923	0.16389	4308
SBayesRC_MDD_eur	relative	parcel	lh_p32		-0.019786	-1.2967	0.19482	4308
SBayesRC_MDD_eur	relative	parcel	lh_p32pr		0.016261	1.0656	0.28668	4308
SBayesRC_MDD_eur	relative	parcel	lh_p47r		-0.017845	-1.1694	0.24231	4308
SBayesRC_MDD_eur	relative	parcel	lh_p9-46v		-0.014734	-0.96548	0.33436	4308
SBayesRC_MDD_eur	relative	parcel	lh_pOFC		-0.021695	-1.4218	0.15515	4308
SBayesRC_MDD_eur	relative	parcel	lh_s32		0.0015726	0.10304	0.91794	4308
SBayesRC_MDD_eur	relative	parcel	lh_s6-8		-0.019776	-1.296	0.19505	4308
SBayesRC_MDD_eur	relative	parcel	lh_v23ab		0.0013389	0.087723	0.9301	4308
SBayesRC_MDD_eur	absolute_ct	cortex	1	Primary_Visual	-0.010855	-0.71124	0.47697	4308
SBayesRC_MDD_eur	absolute_ct	cortex	2	Early_Visual	0.011719	0.76792	0.44258	4308
SBayesRC_MDD_eur	absolute_ct	cortex	3	Dorsal_Stream_Visual	0.030884	2.0245	0.04298	4308
SBayesRC_MDD_eur	absolute_ct	cortex	4	Ventral_Stream_Visual	0.040321	2.6441	0.0082218	4308
SBayesRC_MDD_eur	absolute_ct	cortex	5	MT+_Complex_and_Neighboring_Visual_Areas	0.034427	2.2571	0.024055	4308
SBayesRC_MDD_eur	absolute_ct	cortex	6	Somatosensory_and_Motor	0.038477	2.5229	0.011675	4308
SBayesRC_MDD_eur	absolute_ct	cortex	7	Paracentral_Lobular_and_Mid_Cingulate	0.044004	2.886	0.0039213	4308
SBayesRC_MDD_eur	absolute_ct	cortex	8	Premotor	0.0095207	0.62384	0.53277	4308
SBayesRC_MDD_eur	absolute_ct	cortex	9	Posterior_Opercular	0.046213	3.0311	0.0024509	4308
SBayesRC_MDD_eur	absolute_ct	cortex	10	Early_Auditory	0.036563	2.3973	0.01656	4308
SBayesRC_MDD_eur	absolute_ct	cortex	11	Auditory_Association	0.023491	1.5396	0.12374	4308
SBayesRC_MDD_eur	absolute_ct	cortex	12	Insular_and_Frontal_Opercular	0.021734	1.4244	0.15441	4308
SBayesRC_MDD_eur	absolute_ct	cortex	13	Medial_Temporal	-0.0006642	-0.043519	0.96529	4308
SBayesRC_MDD_eur	absolute_ct	cortex	14	Lateral_Temporal	-0.008413	-0.55125	0.58149	4308
SBayesRC_MDD_eur	absolute_ct	cortex	15	Temporo-Parieto_Occipital_Junction	0.035889	2.353	0.018668	4308
SBayesRC_MDD_eur	absolute_ct	cortex	16	Superior_Parietal	0.035006	2.295	0.02178	4308
SBayesRC_MDD_eur	absolute_ct	cortex	17	Inferior_Parietal	0.031773	2.0829	0.037321	4308
SBayesRC_MDD_eur	absolute_ct	cortex	18	Posterior_Cingulate	0.059618	3.9132	9.2487e-05	4308
SBayesRC_MDD_eur	absolute_ct	cortex	19	Anterior_Cingulate_and_Medial_Prefrontal	0.037755	2.4755	0.013344	4308
SBayesRC_MDD_eur	absolute_ct	cortex	20	Orbital_and_Polar_Frontal	0.021956	1.4389	0.15025	4308
SBayesRC_MDD_eur	absolute_ct	cortex	21	Inferior_Frontal	0.019444	1.2742	0.20265	4308
SBayesRC_MDD_eur	absolute_ct	cortex	22	Dorsolateral_Prefrontal	0.02551	1.672	0.094602	4308
SBayesRC_MDD_eur	absolute_ct	parcel	lh_1		0.015584	1.0212	0.3072	4308
SBayesRC_MDD_eur	absolute_ct	parcel	lh_10d		0.035765	2.3448	0.019081	4308
SBayesRC_MDD_eur	absolute_ct	parcel	lh_10pp		0.019568	1.2824	0.19978	4308
SBayesRC_MDD_eur	absolute_ct	parcel	lh_10r		0.0035261	0.23103	0.8173	4308
SBayesRC_MDD_eur	absolute_ct	parcel	lh_10v		0.011605	0.76041	0.44705	4308
SBayesRC_MDD_eur	absolute_ct	parcel	lh_11l		0.0067672	0.4434	0.6575	4308
SBayesRC_MDD_eur	absolute_ct	parcel	lh_13l		-0.006996	-0.4584	0.64669	4308
SBayesRC_MDD_eur	absolute_ct	parcel	lh_2		0.041296	2.708	0.0067949	4308
SBayesRC_MDD_eur	absolute_ct	parcel	lh_23c		0.038935	2.553	0.010715	4308
SBayesRC_MDD_eur	absolute_ct	parcel	lh_23d		0.036969	2.4239	0.015397	4308
SBayesRC_MDD_eur	absolute_ct	parcel	lh_24dd		0.033952	2.2258	0.026078	4308
SBayesRC_MDD_eur	absolute_ct	parcel	lh_24dv		0.02916	1.9114	0.056018	4308
SBayesRC_MDD_eur	absolute_ct	parcel	lh_25		0.00027239	0.017847	0.98576	4308
SBayesRC_MDD_eur	absolute_ct	parcel	lh_31a		0.038549	2.5276	0.01152	4308
SBayesRC_MDD_eur	absolute_ct	parcel	lh_31pd		0.035418	2.3221	0.020275	4308
SBayesRC_MDD_eur	absolute_ct	parcel	lh_31pv		0.050655	3.3232	0.00089726	4308
SBayesRC_MDD_eur	absolute_ct	parcel	lh_33pr		0.012824	0.84028	0.4008	4308
SBayesRC_MDD_eur	absolute_ct	parcel	lh_3a		0.027229	1.7847	0.07438	4308
SBayesRC_MDD_eur	absolute_ct	parcel	lh_3b		0.020415	1.3379	0.18101	4308
SBayesRC_MDD_eur	absolute_ct	parcel	lh_4		0.011142	0.73009	0.46537	4308
SBayesRC_MDD_eur	absolute_ct	parcel	lh_43		0.00083387	0.054636	0.95643	4308
SBayesRC_MDD_eur	absolute_ct	parcel	lh_44		0.0004486	0.029393	0.97655	4308
SBayesRC_MDD_eur	absolute_ct	parcel	lh_45		0.014442	0.94636	0.34402	4308
SBayesRC_MDD_eur	absolute_ct	parcel	lh_46		0.02495	1.6353	0.10207	4308
SBayesRC_MDD_eur	absolute_ct	parcel	lh_47l		0.019871	1.3022	0.19292	4308
SBayesRC_MDD_eur	absolute_ct	parcel	lh_47m		0.017923	1.1745	0.24026	4308
SBayesRC_MDD_eur	absolute_ct	parcel	lh_47s		0.0028197	0.18475	0.85343	4308
SBayesRC_MDD_eur	absolute_ct	parcel	lh_52		0.019533	1.2801	0.20059	4308
SBayesRC_MDD_eur	absolute_ct	parcel	lh_55b		-0.0076619	-0.50203	0.61567	4308
SBayesRC_MDD_eur	absolute_ct	parcel	lh_5L		0.024695	1.6185	0.10563	4308
SBayesRC_MDD_eur	absolute_ct	parcel	lh_5m		0.035347	2.3174	0.020526	4308
SBayesRC_MDD_eur	absolute_ct	parcel	lh_5mv		0.046288	3.0361	0.0024113	4308
SBayesRC_MDD_eur	absolute_ct	parcel	lh_6a		0.021354	1.3995	0.16174	4308
SBayesRC_MDD_eur	absolute_ct	parcel	lh_6d		0.016556	1.0849	0.27803	4308
SBayesRC_MDD_eur	absolute_ct	parcel	lh_6ma		-0.0071212	-0.4666	0.64081	4308
SBayesRC_MDD_eur	absolute_ct	parcel	lh_6mp		0.017888	1.1723	0.24116	4308
SBayesRC_MDD_eur	absolute_ct	parcel	lh_6r		-0.0048046	-0.3148	0.75293	4308
SBayesRC_MDD_eur	absolute_ct	parcel	lh_6v		0.0060692	0.39766	0.6909	4308
SBayesRC_MDD_eur	absolute_ct	parcel	lh_7AL		0.01863	1.2209	0.2222	4308
SBayesRC_MDD_eur	absolute_ct	parcel	lh_7Am		0.023961	1.5704	0.11639	4308
SBayesRC_MDD_eur	absolute_ct	parcel	lh_7PC		0.021797	1.4285	0.15322	4308
SBayesRC_MDD_eur	absolute_ct	parcel	lh_7PL		0.031812	2.0854	0.037092	4308
SBayesRC_MDD_eur	absolute_ct	parcel	lh_7Pm		0.042258	2.7713	0.0056082	4308
SBayesRC_MDD_eur	absolute_ct	parcel	lh_7m		0.023339	1.5296	0.12619	4308
SBayesRC_MDD_eur	absolute_ct	parcel	lh_8Ad		0.015203	0.9962	0.31921	4308
SBayesRC_MDD_eur	absolute_ct	parcel	lh_8Av		0.0013547	0.088764	0.92927	4308
SBayesRC_MDD_eur	absolute_ct	parcel	lh_8BL		0.0039	0.25553	0.79832	4308
SBayesRC_MDD_eur	absolute_ct	parcel	lh_8BM		0.017342	1.1365	0.25583	4308
SBayesRC_MDD_eur	absolute_ct	parcel	lh_8C		0.011933	0.78193	0.4343	4308
SBayesRC_MDD_eur	absolute_ct	parcel	lh_9-46d		0.026172	1.7154	0.086343	4308
SBayesRC_MDD_eur	absolute_ct	parcel	lh_9a		0.031829	2.0865	0.036993	4308
SBayesRC_MDD_eur	absolute_ct	parcel	lh_9m		0.035058	2.2984	0.021584	4308
SBayesRC_MDD_eur	absolute_ct	parcel	lh_9p		0.0095352	0.62478	0.53215	4308
SBayesRC_MDD_eur	absolute_ct	parcel	lh_A1		0.015449	1.0124	0.31143	4308
SBayesRC_MDD_eur	absolute_ct	parcel	lh_A4		0.012884	0.84426	0.39857	4308
SBayesRC_MDD_eur	absolute_ct	parcel	lh_A5		0.025482	1.6702	0.094957	4308
SBayesRC_MDD_eur	absolute_ct	parcel	lh_AAIC		-0.002248	-0.14729	0.88291	4308
SBayesRC_MDD_eur	absolute_ct	parcel	lh_AIP		0.030622	2.0073	0.044779	4308
SBayesRC_MDD_eur	absolute_ct	parcel	lh_AVI		0.038771	2.5423	0.011049	4308
SBayesRC_MDD_eur	absolute_ct	parcel	lh_DVT		0.043414	2.8472	0.0044315	4308
SBayesRC_MDD_eur	absolute_ct	parcel	lh_EC		-0.0047918	-0.31397	0.75356	4308
SBayesRC_MDD_eur	absolute_ct	parcel	lh_FEF		0.022817	1.4954	0.1349	4308
SBayesRC_MDD_eur	absolute_ct	parcel	lh_FFC		0.032134	2.1065	0.035216	4308
SBayesRC_MDD_eur	absolute_ct	parcel	lh_FOP1		0.038348	2.5144	0.011959	4308
SBayesRC_MDD_eur	absolute_ct	parcel	lh_FOP2		0.031275	2.0502	0.040407	4308
SBayesRC_MDD_eur	absolute_ct	parcel	lh_FOP3		0.018073	1.1844	0.23634	4308
SBayesRC_MDD_eur	absolute_ct	parcel	lh_FOP4		0.018836	1.2344	0.21713	4308
SBayesRC_MDD_eur	absolute_ct	parcel	lh_FOP5		0.038847	2.5472	0.010893	4308
SBayesRC_MDD_eur	absolute_ct	parcel	lh_FST		0.01937	1.2694	0.20438	4308
SBayesRC_MDD_eur	absolute_ct	parcel	lh_IFJa		0.020679	1.3552	0.17542	4308
SBayesRC_MDD_eur	absolute_ct	parcel	lh_IFJp		0.0045703	0.29946	0.76461	4308
SBayesRC_MDD_eur	absolute_ct	parcel	lh_IFSa		0.016354	1.0717	0.28393	4308
SBayesRC_MDD_eur	absolute_ct	parcel	lh_IFSp		0.0050689	0.33213	0.73981	4308
SBayesRC_MDD_eur	absolute_ct	parcel	lh_IP0		0.056517	3.709	0.00021073	4308
SBayesRC_MDD_eur	absolute_ct	parcel	lh_IP1		0.033956	2.2261	0.026057	4308
SBayesRC_MDD_eur	absolute_ct	parcel	lh_IP2		0.016669	1.0923	0.27475	4308
SBayesRC_MDD_eur	absolute_ct	parcel	lh_IPS1		0.031071	2.0368	0.041731	4308
SBayesRC_MDD_eur	absolute_ct	parcel	lh_Ig		0.02249	1.4739	0.14058	4308
SBayesRC_MDD_eur	absolute_ct	parcel	lh_LBelt		0.011854	0.77677	0.43734	4308
SBayesRC_MDD_eur	absolute_ct	parcel	lh_LIPd		0.019414	1.2723	0.20334	4308
SBayesRC_MDD_eur	absolute_ct	parcel	lh_LIPv		0.015206	0.9964	0.31911	4308
SBayesRC_MDD_eur	absolute_ct	parcel	lh_LO1		0.033201	2.1766	0.029568	4308
SBayesRC_MDD_eur	absolute_ct	parcel	lh_LO2		0.022536	1.4769	0.13977	4308
SBayesRC_MDD_eur	absolute_ct	parcel	lh_LO3		0.026249	1.7204	0.085427	4308
SBayesRC_MDD_eur	absolute_ct	parcel	lh_MBelt		0.0093505	0.61268	0.54012	4308
SBayesRC_MDD_eur	absolute_ct	parcel	lh_MI		0.035056	2.2983	0.021591	4308
SBayesRC_MDD_eur	absolute_ct	parcel	lh_MIP		0.036349	2.3832	0.017206	4308
SBayesRC_MDD_eur	absolute_ct	parcel	lh_MST		0.040388	2.6484	0.0081165	4308
SBayesRC_MDD_eur	absolute_ct	parcel	lh_MT		0.017647	1.1565	0.24756	4308
SBayesRC_MDD_eur	absolute_ct	parcel	lh_OFC		0.007305	0.47864	0.63222	4308
SBayesRC_MDD_eur	absolute_ct	parcel	lh_OP1		0.046306	3.0373	0.0024014	4308
SBayesRC_MDD_eur	absolute_ct	parcel	lh_OP2-3		0.052837	3.4668	0.00053194	4308
SBayesRC_MDD_eur	absolute_ct	parcel	lh_OP4		0.0043333	0.28393	0.77648	4308
SBayesRC_MDD_eur	absolute_ct	parcel	lh_PBelt		0.035959	2.3576	0.018438	4308
SBayesRC_MDD_eur	absolute_ct	parcel	lh_PCV		0.035859	2.351	0.018768	4308
SBayesRC_MDD_eur	absolute_ct	parcel	lh_PEF		-0.013915	-0.91182	0.36192	4308
SBayesRC_MDD_eur	absolute_ct	parcel	lh_PF		0.015354	1.0061	0.31441	4308
SBayesRC_MDD_eur	absolute_ct	parcel	lh_PFcm		0.044886	2.9439	0.0032583	4308
SBayesRC_MDD_eur	absolute_ct	parcel	lh_PFm		0.0080364	0.52657	0.59852	4308
SBayesRC_MDD_eur	absolute_ct	parcel	lh_PFop		0.0035233	0.23085	0.81744	4308
SBayesRC_MDD_eur	absolute_ct	parcel	lh_PFt		0.015972	1.0466	0.29534	4308
SBayesRC_MDD_eur	absolute_ct	parcel	lh_PGi		0.016825	1.1026	0.27028	4308
SBayesRC_MDD_eur	absolute_ct	parcel	lh_PGp		0.048354	3.1719	0.001525	4308
SBayesRC_MDD_eur	absolute_ct	parcel	lh_PGs		0.031547	2.068	0.038697	4308
SBayesRC_MDD_eur	absolute_ct	parcel	lh_PH		0.009554	0.62602	0.53134	4308
SBayesRC_MDD_eur	absolute_ct	parcel	lh_PHA1		0.012702	0.83234	0.40527	4308
SBayesRC_MDD_eur	absolute_ct	parcel	lh_PHA2		-0.0020818	-0.1364	0.89151	4308
SBayesRC_MDD_eur	absolute_ct	parcel	lh_PHA3		0.02997	1.9646	0.049528	4308
SBayesRC_MDD_eur	absolute_ct	parcel	lh_PHT		-0.00071355	-0.046752	0.96271	4308
SBayesRC_MDD_eur	absolute_ct	parcel	lh_PI		0.022744	1.4906	0.13614	4308
SBayesRC_MDD_eur	absolute_ct	parcel	lh_PIT		0.039234	2.5726	0.010127	4308
SBayesRC_MDD_eur	absolute_ct	parcel	lh_POS1		0.035932	2.3558	0.018526	4308
SBayesRC_MDD_eur	absolute_ct	parcel	lh_POS2		0.047703	3.1291	0.0017653	4308
SBayesRC_MDD_eur	absolute_ct	parcel	lh_PSL		0.023364	1.5313	0.12578	4308
SBayesRC_MDD_eur	absolute_ct	parcel	lh_PeEc		0.01082	0.70897	0.47838	4308
SBayesRC_MDD_eur	absolute_ct	parcel	lh_Pir		-0.010145	-0.66472	0.50626	4308
SBayesRC_MDD_eur	absolute_ct	parcel	lh_PoI1		-0.0019659	-0.12881	0.89752	4308
SBayesRC_MDD_eur	absolute_ct	parcel	lh_PoI2		0.0076117	0.49874	0.61799	4308
SBayesRC_MDD_eur	absolute_ct	parcel	lh_PreS		-0.0076818	-0.50333	0.61475	4308
SBayesRC_MDD_eur	absolute_ct	parcel	lh_ProS		0.0364	2.3865	0.017051	4308
SBayesRC_MDD_eur	absolute_ct	parcel	lh_RI		0.047288	3.1018	0.0019358	4308
SBayesRC_MDD_eur	absolute_ct	parcel	lh_RSC		0.023482	1.539	0.12387	4308
SBayesRC_MDD_eur	absolute_ct	parcel	lh_SCEF		0.040932	2.6842	0.0072993	4308
SBayesRC_MDD_eur	absolute_ct	parcel	lh_SFL		0.0087954	0.5763	0.56444	4308
SBayesRC_MDD_eur	absolute_ct	parcel	lh_STGa		0.012573	0.82387	0.41006	4308
SBayesRC_MDD_eur	absolute_ct	parcel	lh_STSda		0.02235	1.4647	0.14307	4308
SBayesRC_MDD_eur	absolute_ct	parcel	lh_STSdp		0.021049	1.3795	0.16783	4308
SBayesRC_MDD_eur	absolute_ct	parcel	lh_STSva		0.04083	2.6774	0.0074473	4308
SBayesRC_MDD_eur	absolute_ct	parcel	lh_STSvp		-0.0070225	-0.46013	0.64545	4308
SBayesRC_MDD_eur	absolute_ct	parcel	lh_STV		0.013911	0.91155	0.36205	4308
SBayesRC_MDD_eur	absolute_ct	parcel	lh_TA2		0.0061134	0.40056	0.68876	4308
SBayesRC_MDD_eur	absolute_ct	parcel	lh_TE1a		-0.006763	-0.44313	0.6577	4308
SBayesRC_MDD_eur	absolute_ct	parcel	lh_TE1m		-0.011434	-0.74922	0.45377	4308
SBayesRC_MDD_eur	absolute_ct	parcel	lh_TE1p		-0.03805	-2.4949	0.012637	4308
SBayesRC_MDD_eur	absolute_ct	parcel	lh_TE2a		-0.0076349	-0.50026	0.61692	4308
SBayesRC_MDD_eur	absolute_ct	parcel	lh_TE2p		0.011554	0.75709	0.44904	4308
SBayesRC_MDD_eur	absolute_ct	parcel	lh_TF		-0.0098015	-0.64223	0.52076	4308
SBayesRC_MDD_eur	absolute_ct	parcel	lh_TGd		0.014169	0.92845	0.35323	4308
SBayesRC_MDD_eur	absolute_ct	parcel	lh_TGv		0.02601	1.7048	0.088311	4308
SBayesRC_MDD_eur	absolute_ct	parcel	lh_TPOJ1		0.033902	2.2226	0.026297	4308
SBayesRC_MDD_eur	absolute_ct	parcel	lh_TPOJ2		0.027578	1.8076	0.070738	4308
SBayesRC_MDD_eur	absolute_ct	parcel	lh_TPOJ3		0.032032	2.0998	0.035801	4308
SBayesRC_MDD_eur	absolute_ct	parcel	lh_V1		-0.010855	-0.71124	0.47697	4308
SBayesRC_MDD_eur	absolute_ct	parcel	lh_V2		-0.0029061	-0.19041	0.84899	4308
SBayesRC_MDD_eur	absolute_ct	parcel	lh_V3		-0.0023338	-0.15292	0.87847	4308
SBayesRC_MDD_eur	absolute_ct	parcel	lh_V3A		0.012355	0.80959	0.41822	4308
SBayesRC_MDD_eur	absolute_ct	parcel	lh_V3B		0.043088	2.8258	0.0047385	4308
SBayesRC_MDD_eur	absolute_ct	parcel	lh_V3CD		0.029103	1.9077	0.056501	4308
SBayesRC_MDD_eur	absolute_ct	parcel	lh_V4		0.023785	1.5589	0.1191	4308
SBayesRC_MDD_eur	absolute_ct	parcel	lh_V4t		0.019799	1.2975	0.19452	4308
SBayesRC_MDD_eur	absolute_ct	parcel	lh_V6		0.03945	2.5868	0.00972	4308
SBayesRC_MDD_eur	absolute_ct	parcel	lh_V6A		0.018913	1.2394	0.21526	4308
SBayesRC_MDD_eur	absolute_ct	parcel	lh_V7		0.019349	1.268	0.20486	4308
SBayesRC_MDD_eur	absolute_ct	parcel	lh_V8		0.031116	2.0398	0.041434	4308
SBayesRC_MDD_eur	absolute_ct	parcel	lh_VIP		0.025587	1.677	0.093607	4308
SBayesRC_MDD_eur	absolute_ct	parcel	lh_VMV1		0.041467	2.7193	0.0065678	4308
SBayesRC_MDD_eur	absolute_ct	parcel	lh_VMV2		0.019536	1.2802	0.20053	4308
SBayesRC_MDD_eur	absolute_ct	parcel	lh_VMV3		0.0070884	0.46445	0.64235	4308
SBayesRC_MDD_eur	absolute_ct	parcel	lh_VVC		0.015316	1.0036	0.3156	4308
SBayesRC_MDD_eur	absolute_ct	parcel	lh_a10p		0.026933	1.7653	0.07758	4308
SBayesRC_MDD_eur	absolute_ct	parcel	lh_a24		0.042231	2.7695	0.005639	4308
SBayesRC_MDD_eur	absolute_ct	parcel	lh_a24pr		0.035577	2.3325	0.019721	4308
SBayesRC_MDD_eur	absolute_ct	parcel	lh_a32pr		0.025657	1.6816	0.09272	4308
SBayesRC_MDD_eur	absolute_ct	parcel	lh_a47r		0.02132	1.3972	0.16243	4308
SBayesRC_MDD_eur	absolute_ct	parcel	lh_a9-46v		0.038632	2.5331	0.011341	4308
SBayesRC_MDD_eur	absolute_ct	parcel	lh_d23ab		0.045994	3.0168	0.0025698	4308
SBayesRC_MDD_eur	absolute_ct	parcel	lh_d32		0.010994	0.72041	0.47131	4308
SBayesRC_MDD_eur	absolute_ct	parcel	lh_i6-8		-0.0084779	-0.5555	0.57858	4308
SBayesRC_MDD_eur	absolute_ct	parcel	lh_p10p		0.026021	1.7055	0.088178	4308
SBayesRC_MDD_eur	absolute_ct	parcel	lh_p24		0.02848	1.8668	0.061994	4308
SBayesRC_MDD_eur	absolute_ct	parcel	lh_p24pr		0.039736	2.6056	0.009203	4308
SBayesRC_MDD_eur	absolute_ct	parcel	lh_p32		0.01163	0.76203	0.44608	4308
SBayesRC_MDD_eur	absolute_ct	parcel	lh_p32pr		0.047964	3.1463	0.0016649	4308
SBayesRC_MDD_eur	absolute_ct	parcel	lh_p47r		0.014364	0.94127	0.34662	4308
SBayesRC_MDD_eur	absolute_ct	parcel	lh_p9-46v		0.013225	0.86657	0.38623	4308
SBayesRC_MDD_eur	absolute_ct	parcel	lh_pOFC		-0.0048436	-0.31736	0.75099	4308
SBayesRC_MDD_eur	absolute_ct	parcel	lh_s32		0.022145	1.4513	0.14676	4308
SBayesRC_MDD_eur	absolute_ct	parcel	lh_s6-8		-0.0079235	-0.51917	0.60367	4308
SBayesRC_MDD_eur	absolute_ct	parcel	lh_v23ab		0.017723	1.1614	0.24554	4308
SBayesRC_MDD_eur	relative_ct	cortex	1	Primary_Visual	-0.013386	-0.87702	0.38052	4308
SBayesRC_MDD_eur	relative_ct	cortex	2	Early_Visual	-0.0036298	-0.2378	0.81205	4308
SBayesRC_MDD_eur	relative_ct	cortex	3	Dorsal_Stream_Visual	0.021325	1.3974	0.16237	4308
SBayesRC_MDD_eur	relative_ct	cortex	4	Ventral_Stream_Visual	0.029954	1.9633	0.049682	4308
SBayesRC_MDD_eur	relative_ct	cortex	5	MT+_Complex_and_Neighboring_Visual_Areas	0.025079	1.6435	0.10035	4308
SBayesRC_MDD_eur	relative_ct	cortex	6	Somatosensory_and_Motor	0.034172	2.24	0.025141	4308
SBayesRC_MDD_eur	relative_ct	cortex	7	Paracentral_Lobular_and_Mid_Cingulate	0.030206	1.9798	0.047787	4308
SBayesRC_MDD_eur	relative_ct	cortex	8	Premotor	-0.0059063	-0.38695	0.69882	4308
SBayesRC_MDD_eur	relative_ct	cortex	9	Posterior_Opercular	0.044416	2.9127	0.0036019	4308
SBayesRC_MDD_eur	relative_ct	cortex	10	Early_Auditory	0.035054	2.2979	0.021613	4308
SBayesRC_MDD_eur	relative_ct	cortex	11	Auditory_Association	0.01794	1.1755	0.23987	4308
SBayesRC_MDD_eur	relative_ct	cortex	12	Insular_and_Frontal_Opercular	0.017075	1.1188	0.26328	4308
SBayesRC_MDD_eur	relative_ct	cortex	13	Medial_Temporal	-0.0084977	-0.55673	0.57774	4308
SBayesRC_MDD_eur	relative_ct	cortex	14	Lateral_Temporal	-0.023711	-1.5538	0.12031	4308
SBayesRC_MDD_eur	relative_ct	cortex	15	Temporo-Parieto_Occipital_Junction	0.020393	1.3363	0.18152	4308
SBayesRC_MDD_eur	relative_ct	cortex	16	Superior_Parietal	0.023551	1.5433	0.12282	4308
SBayesRC_MDD_eur	relative_ct	cortex	17	Inferior_Parietal	0.018921	1.2398	0.21512	4308
SBayesRC_MDD_eur	relative_ct	cortex	18	Posterior_Cingulate	0.054626	3.5841	0.00034206	4308
SBayesRC_MDD_eur	relative_ct	cortex	19	Anterior_Cingulate_and_Medial_Prefrontal	0.02803	1.8371	0.06627	4308
SBayesRC_MDD_eur	relative_ct	cortex	20	Orbital_and_Polar_Frontal	0.0072307	0.47372	0.63572	4308
SBayesRC_MDD_eur	relative_ct	cortex	21	Inferior_Frontal	-0.0056284	-0.36874	0.71234	4308
SBayesRC_MDD_eur	relative_ct	cortex	22	Dorsolateral_Prefrontal	0.0083258	0.54547	0.58546	4308
SBayesRC_MDD_eur	relative_ct	parcel	lh_1		0.011532	0.75558	0.44994	4308
SBayesRC_MDD_eur	relative_ct	parcel	lh_10d		0.030774	2.0171	0.04375	4308
SBayesRC_MDD_eur	relative_ct	parcel	lh_10pp		0.015413	1.0099	0.3126	4308
SBayesRC_MDD_eur	relative_ct	parcel	lh_10r		0.0008337	0.054619	0.95644	4308
SBayesRC_MDD_eur	relative_ct	parcel	lh_10v		0.0070639	0.46279	0.64354	4308
SBayesRC_MDD_eur	relative_ct	parcel	lh_11l		0.00044244	0.028986	0.97688	4308
SBayesRC_MDD_eur	relative_ct	parcel	lh_13l		-0.013985	-0.91631	0.35956	4308
SBayesRC_MDD_eur	relative_ct	parcel	lh_2		0.038885	2.5494	0.010825	4308
SBayesRC_MDD_eur	relative_ct	parcel	lh_23c		0.032831	2.152	0.031451	4308
SBayesRC_MDD_eur	relative_ct	parcel	lh_23d		0.034677	2.2732	0.023063	4308
SBayesRC_MDD_eur	relative_ct	parcel	lh_24dd		0.029097	1.9071	0.05658	4308
SBayesRC_MDD_eur	relative_ct	parcel	lh_24dv		0.022452	1.4713	0.14129	4308
SBayesRC_MDD_eur	relative_ct	parcel	lh_25		-0.00026522	-0.017375	0.98614	4308
SBayesRC_MDD_eur	relative_ct	parcel	lh_31a		0.033948	2.2253	0.026112	4308
SBayesRC_MDD_eur	relative_ct	parcel	lh_31pd		0.029633	1.9422	0.052176	4308
SBayesRC_MDD_eur	relative_ct	parcel	lh_31pv		0.046675	3.0612	0.0022184	4308
SBayesRC_MDD_eur	relative_ct	parcel	lh_33pr		0.011803	0.77333	0.43937	4308
SBayesRC_MDD_eur	relative_ct	parcel	lh_3a		0.02288	1.4993	0.13386	4308
SBayesRC_MDD_eur	relative_ct	parcel	lh_3b		0.019561	1.2818	0.2	4308
SBayesRC_MDD_eur	relative_ct	parcel	lh_4		0.0044501	0.29155	0.77065	4308
SBayesRC_MDD_eur	relative_ct	parcel	lh_43		-0.0047488	-0.31111	0.75573	4308
SBayesRC_MDD_eur	relative_ct	parcel	lh_44		-0.0098143	-0.643	0.52026	4308
SBayesRC_MDD_eur	relative_ct	parcel	lh_45		0.005498	0.3602	0.71872	4308
SBayesRC_MDD_eur	relative_ct	parcel	lh_46		0.015583	1.021	0.30729	4308
SBayesRC_MDD_eur	relative_ct	parcel	lh_47l		0.012017	0.78731	0.43114	4308
SBayesRC_MDD_eur	relative_ct	parcel	lh_47m		0.013297	0.87118	0.3837	4308
SBayesRC_MDD_eur	relative_ct	parcel	lh_47s		-0.0015344	-0.10053	0.91993	4308
SBayesRC_MDD_eur	relative_ct	parcel	lh_52		0.016162	1.059	0.28968	4308
SBayesRC_MDD_eur	relative_ct	parcel	lh_55b		-0.01546	-1.013	0.31113	4308
SBayesRC_MDD_eur	relative_ct	parcel	lh_5L		0.018795	1.2316	0.21818	4308
SBayesRC_MDD_eur	relative_ct	parcel	lh_5m		0.028546	1.8709	0.06143	4308
SBayesRC_MDD_eur	relative_ct	parcel	lh_5mv		0.041092	2.6944	0.0070798	4308
SBayesRC_MDD_eur	relative_ct	parcel	lh_6a		0.010432	0.6835	0.49433	4308
SBayesRC_MDD_eur	relative_ct	parcel	lh_6d		0.0093141	0.61022	0.54175	4308
SBayesRC_MDD_eur	relative_ct	parcel	lh_6ma		-0.014104	-0.92407	0.3555	4308
SBayesRC_MDD_eur	relative_ct	parcel	lh_6mp		0.011328	0.74217	0.45803	4308
SBayesRC_MDD_eur	relative_ct	parcel	lh_6r		-0.017394	-1.1397	0.25448	4308
SBayesRC_MDD_eur	relative_ct	parcel	lh_6v		0.00080328	0.052626	0.95803	4308
SBayesRC_MDD_eur	relative_ct	parcel	lh_7AL		0.012088	0.79197	0.42842	4308
SBayesRC_MDD_eur	relative_ct	parcel	lh_7Am		0.016603	1.0879	0.2767	4308
SBayesRC_MDD_eur	relative_ct	parcel	lh_7PC		0.015106	0.98977	0.32234	4308
SBayesRC_MDD_eur	relative_ct	parcel	lh_7PL		0.028336	1.8571	0.063363	4308
SBayesRC_MDD_eur	relative_ct	parcel	lh_7Pm		0.037739	2.4742	0.013393	4308
SBayesRC_MDD_eur	relative_ct	parcel	lh_7m		0.016649	1.0909	0.2754	4308
SBayesRC_MDD_eur	relative_ct	parcel	lh_8Ad		0.0050385	0.33009	0.74135	4308
SBayesRC_MDD_eur	relative_ct	parcel	lh_8Av		0.002262	0.14819	0.8822	4308
SBayesRC_MDD_eur	relative_ct	parcel	lh_8BL		-0.0020923	-0.13708	0.89098	4308
SBayesRC_MDD_eur	relative_ct	parcel	lh_8BM		0.0092637	0.60692	0.54394	4308
SBayesRC_MDD_eur	relative_ct	parcel	lh_8C		-0.00095264	-0.062411	0.95024	4308
SBayesRC_MDD_eur	relative_ct	parcel	lh_9-46d		0.016661	1.0917	0.27503	4308
SBayesRC_MDD_eur	relative_ct	parcel	lh_9a		0.025776	1.6893	0.091244	4308
SBayesRC_MDD_eur	relative_ct	parcel	lh_9m		0.029411	1.9277	0.053964	4308
SBayesRC_MDD_eur	relative_ct	parcel	lh_9p		0.00038083	0.024949	0.9801	4308
SBayesRC_MDD_eur	relative_ct	parcel	lh_A1		0.013799	0.90413	0.36598	4308
SBayesRC_MDD_eur	relative_ct	parcel	lh_A4		0.0088818	0.5819	0.56066	4308
SBayesRC_MDD_eur	relative_ct	parcel	lh_A5		0.021079	1.3812	0.16728	4308
SBayesRC_MDD_eur	relative_ct	parcel	lh_AAIC		-0.0030652	-0.20081	0.84086	4308
SBayesRC_MDD_eur	relative_ct	parcel	lh_AIP		0.025485	1.6702	0.094962	4308
SBayesRC_MDD_eur	relative_ct	parcel	lh_AVI		0.036073	2.3648	0.018085	4308
SBayesRC_MDD_eur	relative_ct	parcel	lh_DVT		0.039121	2.5649	0.010353	4308
SBayesRC_MDD_eur	relative_ct	parcel	lh_EC		-0.0058966	-0.38631	0.69929	4308
SBayesRC_MDD_eur	relative_ct	parcel	lh_FEF		0.017757	1.1635	0.24468	4308
SBayesRC_MDD_eur	relative_ct	parcel	lh_FFC		0.025844	1.6937	0.090393	4308
SBayesRC_MDD_eur	relative_ct	parcel	lh_FOP1		0.035155	2.3046	0.021239	4308
SBayesRC_MDD_eur	relative_ct	parcel	lh_FOP2		0.028791	1.887	0.059232	4308
SBayesRC_MDD_eur	relative_ct	parcel	lh_FOP3		0.016516	1.0822	0.27924	4308
SBayesRC_MDD_eur	relative_ct	parcel	lh_FOP4		0.014157	0.92758	0.35368	4308
SBayesRC_MDD_eur	relative_ct	parcel	lh_FOP5		0.03314	2.1723	0.029887	4308
SBayesRC_MDD_eur	relative_ct	parcel	lh_FST		0.014837	0.97212	0.33105	4308
SBayesRC_MDD_eur	relative_ct	parcel	lh_IFJa		0.013241	0.86753	0.3857	4308
SBayesRC_MDD_eur	relative_ct	parcel	lh_IFJp		-0.00098407	-0.06447	0.9486	4308
SBayesRC_MDD_eur	relative_ct	parcel	lh_IFSa		0.0085528	0.56034	0.57527	4308
SBayesRC_MDD_eur	relative_ct	parcel	lh_IFSp		-0.0048174	-0.31561	0.75231	4308
SBayesRC_MDD_eur	relative_ct	parcel	lh_IP0		0.051029	3.3475	0.0008226	4308
SBayesRC_MDD_eur	relative_ct	parcel	lh_IP1		0.030552	2.0025	0.045293	4308
SBayesRC_MDD_eur	relative_ct	parcel	lh_IP2		0.011138	0.72971	0.46561	4308
SBayesRC_MDD_eur	relative_ct	parcel	lh_IPS1		0.024929	1.6337	0.1024	4308
SBayesRC_MDD_eur	relative_ct	parcel	lh_Ig		0.018376	1.2041	0.22864	4308
SBayesRC_MDD_eur	relative_ct	parcel	lh_LBelt		0.0067991	0.44544	0.65602	4308
SBayesRC_MDD_eur	relative_ct	parcel	lh_LIPd		0.015369	1.007	0.314	4308
SBayesRC_MDD_eur	relative_ct	parcel	lh_LIPv		0.010355	0.67845	0.49752	4308
SBayesRC_MDD_eur	relative_ct	parcel	lh_LO1		0.026451	1.7335	0.08308	4308
SBayesRC_MDD_eur	relative_ct	parcel	lh_LO2		0.017842	1.1691	0.24243	4308
SBayesRC_MDD_eur	relative_ct	parcel	lh_LO3		0.022617	1.4821	0.13839	4308
SBayesRC_MDD_eur	relative_ct	parcel	lh_MBelt		0.0078986	0.51748	0.60485	4308
SBayesRC_MDD_eur	relative_ct	parcel	lh_MI		0.032569	2.1348	0.03283	4308
SBayesRC_MDD_eur	relative_ct	parcel	lh_MIP		0.031649	2.0745	0.038094	4308
SBayesRC_MDD_eur	relative_ct	parcel	lh_MST		0.036669	2.4039	0.016262	4308
SBayesRC_MDD_eur	relative_ct	parcel	lh_MT		0.011135	0.72952	0.46573	4308
SBayesRC_MDD_eur	relative_ct	parcel	lh_OFC		0.0051497	0.33738	0.73585	4308
SBayesRC_MDD_eur	relative_ct	parcel	lh_OP1		0.045498	2.9838	0.0028628	4308
SBayesRC_MDD_eur	relative_ct	parcel	lh_OP2-3		0.050354	3.3031	0.00096421	4308
SBayesRC_MDD_eur	relative_ct	parcel	lh_OP4		0.0013813	0.090494	0.9279	4308
SBayesRC_MDD_eur	relative_ct	parcel	lh_PBelt		0.033634	2.2047	0.027527	4308
SBayesRC_MDD_eur	relative_ct	parcel	lh_PCV		0.03051	1.9997	0.045593	4308
SBayesRC_MDD_eur	relative_ct	parcel	lh_PEF		-0.019241	-1.2608	0.20746	4308
SBayesRC_MDD_eur	relative_ct	parcel	lh_PF		0.0090098	0.59029	0.55503	4308
SBayesRC_MDD_eur	relative_ct	parcel	lh_PFcm		0.039956	2.6198	0.0088301	4308
SBayesRC_MDD_eur	relative_ct	parcel	lh_PFm		0.002336	0.15304	0.87838	4308
SBayesRC_MDD_eur	relative_ct	parcel	lh_PFop		-0.00026291	-0.017224	0.98626	4308
SBayesRC_MDD_eur	relative_ct	parcel	lh_PFt		0.011899	0.77961	0.43566	4308
SBayesRC_MDD_eur	relative_ct	parcel	lh_PGi		0.0023026	0.15085	0.8801	4308
SBayesRC_MDD_eur	relative_ct	parcel	lh_PGp		0.041471	2.7193	0.006569	4308
SBayesRC_MDD_eur	relative_ct	parcel	lh_PGs		0.027346	1.7922	0.073169	4308
SBayesRC_MDD_eur	relative_ct	parcel	lh_PH		0.0020774	0.1361	0.89175	4308
SBayesRC_MDD_eur	relative_ct	parcel	lh_PHA1		0.0098771	0.64712	0.51759	4308
SBayesRC_MDD_eur	relative_ct	parcel	lh_PHA2		-0.0056525	-0.37032	0.71116	4308
SBayesRC_MDD_eur	relative_ct	parcel	lh_PHA3		0.026509	1.7373	0.0824	4308
SBayesRC_MDD_eur	relative_ct	parcel	lh_PHT		-0.0088613	-0.58056	0.56157	4308
SBayesRC_MDD_eur	relative_ct	parcel	lh_PI		0.019456	1.2749	0.20241	4308
SBayesRC_MDD_eur	relative_ct	parcel	lh_PIT		0.034252	2.2453	0.024802	4308
SBayesRC_MDD_eur	relative_ct	parcel	lh_POS1		0.031422	2.0596	0.039497	4308
SBayesRC_MDD_eur	relative_ct	parcel	lh_POS2		0.040746	2.6716	0.0075765	4308
SBayesRC_MDD_eur	relative_ct	parcel	lh_PSL		0.018807	1.2323	0.2179	4308
SBayesRC_MDD_eur	relative_ct	parcel	lh_PeEc		0.0071562	0.46884	0.63921	4308
SBayesRC_MDD_eur	relative_ct	parcel	lh_Pir		-0.010137	-0.66416	0.50662	4308
SBayesRC_MDD_eur	relative_ct	parcel	lh_PoI1		-0.0034064	-0.22317	0.82342	4308
SBayesRC_MDD_eur	relative_ct	parcel	lh_PoI2		0.0072484	0.47488	0.6349	4308
SBayesRC_MDD_eur	relative_ct	parcel	lh_PreS		-0.0079798	-0.5228	0.60114	4308
SBayesRC_MDD_eur	relative_ct	parcel	lh_ProS		0.033883	2.2211	0.026396	4308
SBayesRC_MDD_eur	relative_ct	parcel	lh_RI		0.042899	2.813	0.0049298	4308
SBayesRC_MDD_eur	relative_ct	parcel	lh_RSC		0.021791	1.4279	0.15339	4308
SBayesRC_MDD_eur	relative_ct	parcel	lh_SCEF		0.036739	2.4085	0.016059	4308
SBayesRC_MDD_eur	relative_ct	parcel	lh_SFL		0.0053073	0.34771	0.72808	4308
SBayesRC_MDD_eur	relative_ct	parcel	lh_STGa		0.0079073	0.51805	0.60445	4308
SBayesRC_MDD_eur	relative_ct	parcel	lh_STSda		0.017491	1.1461	0.25183	4308
SBayesRC_MDD_eur	relative_ct	parcel	lh_STSdp		0.014832	0.97179	0.33121	4308
SBayesRC_MDD_eur	relative_ct	parcel	lh_STSva		0.038627	2.5325	0.011362	4308
SBayesRC_MDD_eur	relative_ct	parcel	lh_STSvp		-0.013995	-0.91695	0.35922	4308
SBayesRC_MDD_eur	relative_ct	parcel	lh_STV		0.0069936	0.45818	0.64684	4308
SBayesRC_MDD_eur	relative_ct	parcel	lh_TA2		0.0038291	0.25086	0.80194	4308
SBayesRC_MDD_eur	relative_ct	parcel	lh_TE1a		-0.010898	-0.714	0.47527	4308
SBayesRC_MDD_eur	relative_ct	parcel	lh_TE1m		-0.016323	-1.0695	0.2849	4308
SBayesRC_MDD_eur	relative_ct	parcel	lh_TE1p		-0.047438	-3.1114	0.0018746	4308
SBayesRC_MDD_eur	relative_ct	parcel	lh_TE2a		-0.016435	-1.0768	0.28161	4308
SBayesRC_MDD_eur	relative_ct	parcel	lh_TE2p		0.0066708	0.43703	0.66211	4308
SBayesRC_MDD_eur	relative_ct	parcel	lh_TF		-0.016955	-1.1109	0.26666	4308
SBayesRC_MDD_eur	relative_ct	parcel	lh_TGd		0.010859	0.71142	0.47686	4308
SBayesRC_MDD_eur	relative_ct	parcel	lh_TGv		0.023387	1.5326	0.12546	4308
SBayesRC_MDD_eur	relative_ct	parcel	lh_TPOJ1		0.022925	1.5023	0.1331	4308
SBayesRC_MDD_eur	relative_ct	parcel	lh_TPOJ2		0.017606	1.1536	0.24873	4308
SBayesRC_MDD_eur	relative_ct	parcel	lh_TPOJ3		0.026134	1.7127	0.086835	4308
SBayesRC_MDD_eur	relative_ct	parcel	lh_V1		-0.013386	-0.87702	0.38052	4308
SBayesRC_MDD_eur	relative_ct	parcel	lh_V2		-0.0084465	-0.55338	0.58003	4308
SBayesRC_MDD_eur	relative_ct	parcel	lh_V3		-0.022929	-1.5026	0.13302	4308
SBayesRC_MDD_eur	relative_ct	parcel	lh_V3A		0.0051833	0.33958	0.73419	4308
SBayesRC_MDD_eur	relative_ct	parcel	lh_V3B		0.039529	2.5917	0.0095818	4308
SBayesRC_MDD_eur	relative_ct	parcel	lh_V3CD		0.023511	1.5407	0.12345	4308
SBayesRC_MDD_eur	relative_ct	parcel	lh_V4		0.012176	0.79774	0.42506	4308
SBayesRC_MDD_eur	relative_ct	parcel	lh_V4t		0.013862	0.90823	0.36381	4308
SBayesRC_MDD_eur	relative_ct	parcel	lh_V6		0.032845	2.1529	0.03138	4308
SBayesRC_MDD_eur	relative_ct	parcel	lh_V6A		0.01199	0.78556	0.43217	4308
SBayesRC_MDD_eur	relative_ct	parcel	lh_V7		0.015282	1.0013	0.31675	4308
SBayesRC_MDD_eur	relative_ct	parcel	lh_V8		0.025811	1.6915	0.090808	4308
SBayesRC_MDD_eur	relative_ct	parcel	lh_VIP		0.019686	1.29	0.19714	4308
SBayesRC_MDD_eur	relative_ct	parcel	lh_VMV1		0.03885	2.5471	0.010895	4308
SBayesRC_MDD_eur	relative_ct	parcel	lh_VMV2		0.013442	0.88072	0.37852	4308
SBayesRC_MDD_eur	relative_ct	parcel	lh_VMV3		0.00055237	0.036188	0.97113	4308
SBayesRC_MDD_eur	relative_ct	parcel	lh_VVC		0.010631	0.69648	0.48616	4308
SBayesRC_MDD_eur	relative_ct	parcel	lh_a10p		0.020106	1.3175	0.18774	4308
SBayesRC_MDD_eur	relative_ct	parcel	lh_a24		0.039755	2.6065	0.0091777	4308
SBayesRC_MDD_eur	relative_ct	parcel	lh_a24pr		0.03251	2.131	0.033149	4308
SBayesRC_MDD_eur	relative_ct	parcel	lh_a32pr		0.019393	1.2708	0.20388	4308
SBayesRC_MDD_eur	relative_ct	parcel	lh_a47r		0.013842	0.90695	0.36448	4308
SBayesRC_MDD_eur	relative_ct	parcel	lh_a9-46v		0.028903	1.8943	0.058252	4308
SBayesRC_MDD_eur	relative_ct	parcel	lh_d23ab		0.042651	2.7967	0.0051852	4308
SBayesRC_MDD_eur	relative_ct	parcel	lh_d32		0.0028307	0.18545	0.85289	4308
SBayesRC_MDD_eur	relative_ct	parcel	lh_i6-8		-0.013065	-0.85603	0.39203	4308
SBayesRC_MDD_eur	relative_ct	parcel	lh_p10p		0.017397	1.1399	0.25438	4308
SBayesRC_MDD_eur	relative_ct	parcel	lh_p24		0.024782	1.6241	0.10443	4308
SBayesRC_MDD_eur	relative_ct	parcel	lh_p24pr		0.036578	2.3979	0.016531	4308
SBayesRC_MDD_eur	relative_ct	parcel	lh_p32		0.0039727	0.26027	0.79467	4308
SBayesRC_MDD_eur	relative_ct	parcel	lh_p32pr		0.042726	2.8017	0.0051066	4308
SBayesRC_MDD_eur	relative_ct	parcel	lh_p47r		0.0068471	0.44859	0.65375	4308
SBayesRC_MDD_eur	relative_ct	parcel	lh_p9-46v		0.0041589	0.27247	0.78528	4308
SBayesRC_MDD_eur	relative_ct	parcel	lh_pOFC		-0.0045649	-0.29907	0.7649	4308
SBayesRC_MDD_eur	relative_ct	parcel	lh_s32		0.018758	1.2291	0.21909	4308
SBayesRC_MDD_eur	relative_ct	parcel	lh_s6-8		-0.01411	-0.92447	0.35529	4308
SBayesRC_MDD_eur	relative_ct	parcel	lh_v23ab		0.013821	0.90556	0.36522	4308
