method	trait	arm	score	disorder	threshold	phenotype	stratum	n	n_families	n_multi_families	n_pairs	beta_within	se_within	p_within	beta_between	se_between	p_between	beta_diff	se_diff	z_diff	p_diff
CT	SCZ	pooled	raw	SCZpooled	0p001	baseline_thickness	EUR	4116	3447	655	686	0.0334555113508134	0.0402377529183128	0.40599425299399	-0.0141563916649048	0.0179885280395133	0.431353826394632	-0.0476119030157182	0.0433109105052198	-1.09930505870986	0.271635026575106
CT	SCZ	pooled	raw	SCZpooled	0p01	baseline_thickness	EUR	4116	3447	655	686	0.00180235804232184	0.0412423271114307	0.965154323834433	-0.0115296483862911	0.0175303145446544	0.510775463504554	-0.013332006428613	0.0443355273417033	-0.300707067852388	0.763637878737647
CT	SCZ	pooled	raw	SCZpooled	0p05	baseline_thickness	EUR	4116	3447	655	686	0.0380383986876165	0.0407664437572119	0.351095539278486	-0.00329244746415661	0.0174163554407293	0.850069768641052	-0.0413308461517731	0.0440471114695731	-0.938332725412055	0.348073446937934
CT	SCZ	pooled	raw	SCZpooled	0p1	baseline_thickness	EUR	4116	3447	655	686	0.0346579430095687	0.0423384464569656	0.413293524276962	-0.00257049777292379	0.0173701801533399	0.882364452037627	-0.0372284407824925	0.0455026516400216	-0.818159809169197	0.413265941043625
CT	SCZ	pooled	raw	SCZpooled	0p5	baseline_thickness	EUR	4116	3447	655	686	0.029334783206867	0.0425253301001828	0.490534680796176	0.0151108301553281	0.017338753796881	0.383538097190684	-0.0142239530515389	0.0457468802595334	-0.310927280086486	0.755855905143519
CT	SCZ	pooled	raw	SCZpooled	1	baseline_thickness	EUR	4116	3447	655	686	0.0347348420697386	0.0429101456070732	0.418512884711569	0.0160879854481715	0.0173229050646598	0.353102983735204	-0.018646856621567	0.0461052161607701	-0.404441366385638	0.685888186315424
CT	SCZ	pooled	raw	SCZpooled	1e-5	baseline_thickness	EUR	4116	3447	655	686	0.0268327505818577	0.0396787526084538	0.499092328970895	-0.0117981551344439	0.0185173215449428	0.524073640445147	-0.0386309057163016	0.0426032029979196	-0.906760595399085	0.364533411816489
CT	SCZ	pooled	raw	SCZpooled	5e-8	baseline_thickness	EUR	4116	3447	655	686	0.0130170889821729	0.0389034420199694	0.738021087343916	-0.0213437763342007	0.0186812069527747	0.253312147512438	-0.0343608653163736	0.0419123980685013	-0.819825800953084	0.412315420388035
CT	SCZ	pooled	raw	SCZpooled	0p001	baseline_thickness	full	8082	6789	1250	1339	-0.00713815476307538	0.0294617226178109	0.808595122280396	-0.00457816135515898	0.0123122067164624	0.710024252856818	0.0025599934079164	0.0318637558987162	0.0803418597623498	0.93596536652066
CT	SCZ	pooled	raw	SCZpooled	0p01	baseline_thickness	full	8082	6789	1250	1339	-0.0171630551544073	0.0337289885834464	0.610938437323968	-0.00311545948692617	0.0136880556342265	0.819960759499005	0.0140475956674811	0.0363259855710637	0.386709278403475	0.698971446402968
CT	SCZ	pooled	raw	SCZpooled	0p05	baseline_thickness	full	8082	6789	1250	1339	0.00634417423176753	0.0358905418485722	0.859719614006464	0.00631884123327446	0.014619817794274	0.66560196947767	-2.53329984930707e-05	0.0386161508633207	-0.000656020808048299	0.999476571163237
CT	SCZ	pooled	raw	SCZpooled	0p1	baseline_thickness	full	8082	6789	1250	1339	0.00960590026980591	0.0379239046294558	0.800079151014112	0.00659804545778146	0.0149852191562562	0.659731186485421	-0.00300785481202445	0.0406284150673931	-0.0740332795910233	0.940983904626357
CT	SCZ	pooled	raw	SCZpooled	0p5	baseline_thickness	full	8082	6789	1250	1339	-0.00384361777839722	0.0401527379105857	0.923753110135316	0.0173407476288751	0.0157970532453612	0.272365262244614	0.0211843654072724	0.042949405975332	0.493240009406407	0.621843011020707
CT	SCZ	pooled	raw	SCZpooled	1	baseline_thickness	full	8082	6789	1250	1339	-0.00643716665781994	0.0405039048669077	0.873749870720139	0.0193278849011949	0.0158510524626489	0.222755728546922	0.0257650515590148	0.0432901175440766	0.59517167013422	0.551728725111761
CT	SCZ	pooled	raw	SCZpooled	1e-5	baseline_thickness	full	8082	6789	1250	1339	0.00903673743948839	0.0288639527702192	0.754267261125568	-0.00572357245672216	0.0122089295710152	0.639226204262069	-0.0147603098962105	0.0312567191328308	-0.472228381791579	0.636763783488496
CT	SCZ	pooled	raw	SCZpooled	5e-8	baseline_thickness	full	8082	6789	1250	1339	0.00225144179765631	0.0282744588395007	0.936544671555523	-0.0038210024088193	0.0122243568940661	0.754614855592953	-0.00607244420647561	0.0307173609688082	-0.197687692397854	0.843289419725047
CT	SCZ	pooled	raw	SCZpooled	0p001	global_slope	EUR	4116	3447	655	686	-0.0869656045518391	0.0515227205629405	0.0917979214107837	-0.00346123151619722	0.0165028697005799	0.833887023575727	0.0835043730356418	0.0535511155186705	1.55933956233887	0.118916032659698
CT	SCZ	pooled	raw	SCZpooled	0p01	global_slope	EUR	4116	3447	655	686	-0.114537757651015	0.0528126796058236	0.0303820630053838	-0.019573648554247	0.0160995869287348	0.224149885623565	0.0949641090967676	0.0548690392692038	1.73074124062653	0.0834979261764991
CT	SCZ	pooled	raw	SCZpooled	0p05	global_slope	EUR	4116	3447	655	686	-0.0880069092917552	0.0523946496004682	0.0933919888583386	-0.0403623849183087	0.0159655194256862	0.0115129053088091	0.0476445243734465	0.0545683674911568	0.873116176348279	0.38259975762657
CT	SCZ	pooled	raw	SCZpooled	0p1	global_slope	EUR	4116	3447	655	686	-0.071232955670052	0.0544363088751792	0.191045056027168	-0.039234299842697	0.0159211462117683	0.0137773631224352	0.031998655827355	0.056528703826057	0.56606031381539	0.571352780406192
CT	SCZ	pooled	raw	SCZpooled	0p5	global_slope	EUR	4116	3447	655	686	-0.0519701040548612	0.0546988584618201	0.342329905187344	-0.0511626346850518	0.0158748272710088	0.00128105705227251	0.000807469369809411	0.0568267917305351	0.0142093077089117	0.988662994259251
CT	SCZ	pooled	raw	SCZpooled	1	global_slope	EUR	4116	3447	655	686	-0.0566969714568544	0.0552001830174028	0.304663906749653	-0.0490662784274056	0.0158657022067222	0.00200014465690729	0.00763069302944883	0.0573113647603065	0.133144500420862	0.894079102170919
CT	SCZ	pooled	raw	SCZpooled	1e-5	global_slope	EUR	4116	3447	655	686	-0.0638175222047011	0.0506784716579685	0.208278302930711	0.00914089795238848	0.0170245968184674	0.591355658347706	0.0729584201570896	0.0526102193232413	1.38677278094637	0.165511059462692
CT	SCZ	pooled	raw	SCZpooled	5e-8	global_slope	EUR	4116	3447	655	686	-0.0519306305102446	0.0496689650059791	0.296070034644831	0.014772979893106	0.0171650996609633	0.389496764591352	0.0667036104033506	0.051659341174119	1.29122069479215	0.196627161014193
CT	SCZ	pooled	raw	SCZpooled	0p001	global_slope	full	8082	6789	1250	1339	-0.0536307336593568	0.036348428817583	0.140284970073097	0.00241204374930123	0.01160255723539	0.835322124589539	0.0560427774086581	0.0381055327573922	1.47072546565528	0.141365376425563
CT	SCZ	pooled	raw	SCZpooled	0p01	global_slope	full	8082	6789	1250	1339	-0.0507328677431288	0.0416480096463764	0.22335278373411	-0.017381734732928	0.012920206323594	0.178569669802269	0.0333511330102007	0.0435506806340857	0.765800500121183	0.443795016593412
CT	SCZ	pooled	raw	SCZpooled	0p05	global_slope	full	8082	6789	1250	1339	-0.0331773919950577	0.0443282422252975	0.454299950803116	-0.0383752536064099	0.0137968776828593	0.00542695925294171	-0.00519786161135227	0.046323617959553	-0.112207591727631	0.910658809858551
CT	SCZ	pooled	raw	SCZpooled	0p1	global_slope	full	8082	6789	1250	1339	-0.0272194559614261	0.0468391339178972	0.561237171928869	-0.0348662256417469	0.0141478708188561	0.0137486836765536	-0.00764676968032083	0.0488191440120631	-0.156634652963832	0.875532790510512
CT	SCZ	pooled	raw	SCZpooled	0p5	global_slope	full	8082	6789	1250	1339	0.00145918645302894	0.0495906309636352	0.976529590700375	-0.0445874736862684	0.0149113044498671	0.00279831590102563	-0.0460466601392974	0.0516367160193716	-0.891742614344857	0.37253090663419
CT	SCZ	pooled	raw	SCZpooled	1	global_slope	full	8082	6789	1250	1339	0.00327064193266588	0.0500257712775692	0.947880298345332	-0.0434789141879802	0.0149639129162993	0.00367772693083625	-0.0467495561206461	0.0520642230210059	-0.897920940869212	0.369227699612997
CT	SCZ	pooled	raw	SCZpooled	1e-5	global_slope	full	8082	6789	1250	1339	-0.0412028204542843	0.0356079570650816	0.247393934611135	0.013669592376046	0.011508247697347	0.234951880227589	0.0548724128303303	0.0373597962134968	1.46875567834352	0.141899069556573
CT	SCZ	pooled	raw	SCZpooled	5e-8	global_slope	full	8082	6789	1250	1339	-0.0427001668809626	0.0348770804724539	0.221017084928785	0.0166813667389621	0.0115194168426086	0.14763452550559	0.0593815336199246	0.036666919469036	1.61948520573348	0.105342907091468
CT	SCZ	pooled	raw	SCZpooled	0p001	slope_PC1	EUR	4116	3447	655	686	0.0730074190619739	0.0552215095222219	0.186520531863018	0.0114482855093927	0.0170510282359434	0.502004638104404	-0.0615591335525813	0.0572426930838541	-1.07540596425825	0.282193012690939
CT	SCZ	pooled	raw	SCZpooled	0p01	slope_PC1	EUR	4116	3447	655	686	0.0367046334956317	0.0567196595914725	0.517739567237149	0.0177462648793946	0.0166427671479619	0.286362639175638	-0.0189583686162371	0.0587675459698715	-0.322599290192525	0.746998731356234
CT	SCZ	pooled	raw	SCZpooled	0p05	slope_PC1	EUR	4116	3447	655	686	0.0352509178545184	0.0562176527698692	0.530812970127589	0.0266511161654015	0.0165097116920054	0.106563998189949	-0.00859980168911699	0.0583862179097559	-0.147291638283699	0.882901832179701
CT	SCZ	pooled	raw	SCZpooled	0p1	slope_PC1	EUR	4116	3447	655	686	0.0305106417747087	0.0583759891658578	0.601360045246147	0.0298578126877771	0.0164612120722278	0.0697941943230344	-0.000652829086931591	0.0604635919049012	-0.0107970609479896	0.99138535914536
CT	SCZ	pooled	raw	SCZpooled	0p5	slope_PC1	EUR	4116	3447	655	686	0.00469014582677691	0.0586319683430339	0.936263237714847	0.0317843986744848	0.0164218057145283	0.0530140362214146	0.0270942528477079	0.0607582348303004	0.445935483862937	0.65564384964842
CT	SCZ	pooled	raw	SCZpooled	1	slope_PC1	EUR	4116	3447	655	686	0.0144093132988187	0.0591742404027267	0.807676716110324	0.0324366204456623	0.0164104684398105	0.0481716905185897	0.0180273071468436	0.0612830710714907	0.294164551998603	0.768632166289799
CT	SCZ	pooled	raw	SCZpooled	1e-5	slope_PC1	EUR	4116	3447	655	686	0.078609267454124	0.0542636839667023	0.147824250446189	-0.0062180980704506	0.0175944941504328	0.723802330427202	-0.0848273655245746	0.056190866947902	-1.50962905774747	0.131138102503071
CT	SCZ	pooled	raw	SCZpooled	5e-8	slope_PC1	EUR	4116	3447	655	686	0.084787487301721	0.0531536560919002	0.111073714251993	-0.00720215261971909	0.0177376153096236	0.684740818409165	-0.09198963992144	0.0551406265684445	-1.66827338835651	0.0952614681574524
CT	SCZ	pooled	raw	SCZpooled	0p001	slope_PC1	full	8082	6789	1250	1339	0.0573103591039967	0.0380460024802068	0.132180933927429	0.0135024529999434	0.0119693183233565	0.259324321938452	-0.0438079061040533	0.0398337299339322	-1.09976911970615	0.271432730216291
CT	SCZ	pooled	raw	SCZpooled	0p01	slope_PC1	full	8082	6789	1250	1339	0.0312052041398292	0.043610341696639	0.474378689360561	0.0253403458063078	0.0133296487165441	0.0573389280452303	-0.0058648583335214	0.0455456525134993	-0.128768784941287	0.897540605859532
CT	SCZ	pooled	raw	SCZpooled	0p05	slope_PC1	full	8082	6789	1250	1339	0.0399144837596991	0.0464025527994978	0.389822625005304	0.0373317657243762	0.014236886127229	0.00875686349893972	-0.00258271803532294	0.0484335253462034	-0.0533250061163553	0.957472956543076
CT	SCZ	pooled	raw	SCZpooled	0p1	slope_PC1	full	8082	6789	1250	1339	0.0436955224899302	0.0490220214886119	0.372881486654865	0.0368410123598993	0.0145984262810133	0.011638280584549	-0.00685451013003088	0.0510374668927386	-0.134303494027955	0.893162590440714
CT	SCZ	pooled	raw	SCZpooled	0p5	slope_PC1	full	8082	6789	1250	1339	0.0319698975281102	0.0519087731927866	0.538059303363515	0.0428497240134782	0.0153872896281556	0.00537220818934301	0.0108798264853681	0.0539914762907295	0.201510075901299	0.840299751596702
CT	SCZ	pooled	raw	SCZpooled	1	slope_PC1	full	8082	6789	1250	1339	0.040387463012282	0.0523599290926701	0.440620289795781	0.0414766846414235	0.0154417259387127	0.00724911752955825	0.00108922162914154	0.0544350498402206	0.0200095642851188	0.984035742897581
CT	SCZ	pooled	raw	SCZpooled	1e-5	slope_PC1	full	8082	6789	1250	1339	0.0375906085528671	0.0372742448692763	0.313376109577934	0.000681664090228484	0.0118748408684986	0.954225095172436	-0.0369089444626386	0.0390573262449106	-0.944994140950649	0.344661867260545
CT	SCZ	pooled	raw	SCZpooled	5e-8	slope_PC1	full	8082	6789	1250	1339	0.0397135141159708	0.0365094548198009	0.276868420110772	0.000759145769995022	0.0118867353933838	0.949079732963481	-0.0389543683459758	0.0383314304105455	-1.01625136157869	0.309509703690301
CT	SCZ	pooled	raw	SCZpooled	0p001	slope_PC2	EUR	4116	3447	655	686	0.0690552692979527	0.0537308151776187	0.199076165348268	0.00448217031790421	0.0175443976361352	0.798371014669562	-0.0645730989800485	0.0559286398612175	-1.15456229831946	0.248269713217453
CT	SCZ	pooled	raw	SCZpooled	0p01	slope_PC2	EUR	4116	3447	655	686	0.00640800576307611	0.0551707515420306	0.907562862328005	0.00555634187039222	0.0171181233602512	0.745512355781098	-0.000851663892683891	0.057395254548803	-0.0148385768018456	0.988160963126937
CT	SCZ	pooled	raw	SCZpooled	0p05	slope_PC2	EUR	4116	3447	655	686	-0.0252148571284742	0.0546634963716644	0.644723876176674	0.0118073465459421	0.0169875203174764	0.487064703309899	0.0370222036744163	0.0570209308504488	0.649273926648373	0.51616133550775
CT	SCZ	pooled	raw	SCZpooled	0p1	slope_PC2	EUR	4116	3447	655	686	-0.0266906642088811	0.0567616721692964	0.638320055007994	0.0141027942334283	0.0169383772374426	0.405131549372805	0.0407934584423095	0.0590318157065854	0.691041906030322	0.48953920645404
CT	SCZ	pooled	raw	SCZpooled	0p5	slope_PC2	EUR	4116	3447	655	686	-0.0351920979602202	0.0570133647282536	0.537234148510088	0.0207407354327261	0.0168977287336372	0.219746488345938	0.0559328333929463	0.0593251644813574	0.942818007871227	0.345773999125212
CT	SCZ	pooled	raw	SCZpooled	1	slope_PC2	EUR	4116	3447	655	686	-0.0332323050349896	0.0575430707495034	0.563746340058192	0.0210975790512133	0.0168855155662418	0.211586535092702	0.0543298840862029	0.0598357523238715	0.907983638145518	0.363886866271434
CT	SCZ	pooled	raw	SCZpooled	1e-5	slope_PC2	EUR	4116	3447	655	686	0.0664196519894677	0.0528353297789439	0.209062143296511	0.0079623526010031	0.0180960054775795	0.659960326772024	-0.0584572993884646	0.054928691192825	-1.06423980107687	0.287220080928918
CT	SCZ	pooled	raw	SCZpooled	5e-8	slope_PC2	EUR	4116	3447	655	686	0.0654643552202343	0.0517787110028987	0.206466755737508	0.0125988576484324	0.0182464605826581	0.489937846401182	-0.052865497571802	0.0539356599539089	-0.980158537356891	0.327007867686084
CT	SCZ	pooled	raw	SCZpooled	0p001	slope_PC2	full	8082	6789	1250	1339	0.0392829017036638	0.037706372105347	0.297654072884609	0.0129070530101833	0.0122587538596527	0.292432309993771	-0.0263758486934805	0.0395955372210156	-0.666131855876964	0.505326824477893
CT	SCZ	pooled	raw	SCZpooled	0p01	slope_PC2	full	8082	6789	1250	1339	0.00878226970370575	0.0432024920115346	0.838940402562724	0.0167836796278759	0.0136505653229554	0.218918900831435	0.00800140992417017	0.0452482329278756	0.17683364424251	0.859639061200709
CT	SCZ	pooled	raw	SCZpooled	0p05	slope_PC2	full	8082	6789	1250	1339	0.0141529890564282	0.0459686974632453	0.758210642893472	0.020099374265914	0.0145826516631051	0.168154223707798	0.00594638520948583	0.0481164394573629	0.1235832342656	0.901645267829779
CT	SCZ	pooled	raw	SCZpooled	0p1	slope_PC2	full	8082	6789	1250	1339	0.0296892521765644	0.0485662679839406	0.541076962138629	0.0221435201606354	0.0149508843230544	0.138630756774738	-0.00754573201592902	0.0506970595174428	-0.148839638585604	0.881680171918727
CT	SCZ	pooled	raw	SCZpooled	0p5	slope_PC2	full	8082	6789	1250	1339	0.0296546925269564	0.0514323103335845	0.564304964042021	0.0315885486239422	0.0157580071558458	0.0450454252989449	0.00193385609698576	0.0536338075411674	0.036056662497836	0.971237178156083
CT	SCZ	pooled	raw	SCZpooled	1	slope_PC2	full	8082	6789	1250	1339	0.0324175109540186	0.0518807782876606	0.532159615724254	0.0298286798001882	0.0158136280479677	0.0593022984549438	-0.0025888311538304	0.054074206864181	-0.047875527057342	0.961815443598704
CT	SCZ	pooled	raw	SCZpooled	1e-5	slope_PC2	full	8082	6789	1250	1339	0.0237786184355396	0.0369358349337271	0.519807354997152	0.0111485679742507	0.0121603264683084	0.359281561654197	-0.0126300504612889	0.0388197769426335	-0.325350928212523	0.744915490453756
CT	SCZ	pooled	raw	SCZpooled	5e-8	slope_PC2	full	8082	6789	1250	1339	0.0218659178971957	0.036183300091945	0.545721771735625	0.0152192895689703	0.0121721447151053	0.211220410835894	-0.00664662832822536	0.0381076692104932	-0.17441707839731	0.861537693411493
CT	SCZ	pooled	raw	SCZpooled	0p001	slope_PC3	EUR	4116	3447	655	686	-0.0453965296519747	0.0521808974310413	0.384619425985595	-0.0123699446369689	0.0175076165227994	0.479898626976323	0.0330265850150057	0.0544338496777285	0.606728813239136	0.544030897260191
CT	SCZ	pooled	raw	SCZpooled	0p01	slope_PC3	EUR	4116	3447	655	686	-0.0235886230088768	0.0535479938776205	0.659707523637096	-0.0141226363439982	0.0170772011373531	0.408303252632635	0.00946598666487868	0.0558274888226154	0.169557808608509	0.865357905836253
CT	SCZ	pooled	raw	SCZpooled	0p05	slope_PC3	EUR	4116	3447	655	686	-0.0309326661062838	0.053040606031122	0.559965032638568	-0.0163962644785107	0.0169496281181568	0.33343864689203	0.0145364016277732	0.0554573101183498	0.262118764807588	0.793229880200063
CT	SCZ	pooled	raw	SCZpooled	0p1	slope_PC3	EUR	4116	3447	655	686	-0.0268871099319568	0.0550718412756218	0.625556311671434	-0.0235681472357077	0.0168992643490673	0.163222520681132	0.00331896269624911	0.0573991376979347	0.0578225184098633	0.953890001088302
CT	SCZ	pooled	raw	SCZpooled	0p5	slope_PC3	EUR	4116	3447	655	686	0.0314330451937175	0.0553030244442117	0.569971041598148	-0.0247377625483359	0.0168621398866951	0.142455499722781	-0.0561708077420534	0.0576743526548968	-0.973930441459134	0.330091077675294
CT	SCZ	pooled	raw	SCZpooled	1	slope_PC3	EUR	4116	3447	655	686	0.0231968396167265	0.0558210430464412	0.677868878098015	-0.0253695386425187	0.0168493801620561	0.132248818097464	-0.0485663782592452	0.0581724716696039	-0.834868742299322	0.403791615823557
CT	SCZ	pooled	raw	SCZpooled	1e-5	slope_PC3	EUR	4116	3447	655	686	-0.0412955342787966	0.0513194099474902	0.421286382990604	0.0105338020621544	0.0180556405889461	0.559658420928687	0.051829336340951	0.0534649675876766	0.969407420961336	0.332341951182248
CT	SCZ	pooled	raw	SCZpooled	5e-8	slope_PC3	EUR	4116	3447	655	686	-0.05487329560027	0.0502612074041611	0.275322053986991	0.0165759644700987	0.0182079675288134	0.36269465115361	0.0714492600703686	0.0524733584791835	1.36162925608646	0.173314917499939
CT	SCZ	pooled	raw	SCZpooled	0p001	slope_PC3	full	8082	6789	1250	1339	-0.0229634232243141	0.0373084483040226	0.538315267157347	-0.0150289982464736	0.0120554134339906	0.212567202492594	0.00793442497784049	0.0391554968497853	0.202638853192946	0.839417319505905
CT	SCZ	pooled	raw	SCZpooled	0p01	slope_PC3	full	8082	6789	1250	1339	0.00585248619664373	0.0427302907745024	0.891077853678786	-0.0192482082841805	0.0134252109863821	0.151694864598728	-0.0251006944808242	0.0447314288372744	-0.561142246811216	0.574700570069461
CT	SCZ	pooled	raw	SCZpooled	0p05	slope_PC3	full	8082	6789	1250	1339	0.0102489115741232	0.045463110823437	0.82167229437338	-0.0262814975695732	0.01434121254387	0.0669090874155924	-0.0365304091436964	0.0475639619666629	-0.768027044704564	0.442471117733662
CT	SCZ	pooled	raw	SCZpooled	0p1	slope_PC3	full	8082	6789	1250	1339	0.00606667886629583	0.0480312715646302	0.899505722075673	-0.0320874485150875	0.0147026290373965	0.0291127537030048	-0.0381541273813834	0.0501153500964065	-0.76132616669317	0.446462275193665
CT	SCZ	pooled	raw	SCZpooled	0p5	slope_PC3	full	8082	6789	1250	1339	0.0368129444888792	0.0508391557246575	0.469111916933314	-0.0366142458383136	0.0154985605171006	0.018184334047565	-0.0734271903271928	0.0529940589534638	-1.38557400163804	0.165877021440467
CT	SCZ	pooled	raw	SCZpooled	1	slope_PC3	full	8082	6789	1250	1339	0.0248568757686873	0.0512904040511901	0.6280084867858	-0.0360993070741967	0.0155528504309631	0.0203130284963984	-0.060956182842884	0.0534369721341811	-1.14071176581304	0.253989888696254
CT	SCZ	pooled	raw	SCZpooled	1e-5	slope_PC3	full	8082	6789	1250	1339	-0.00834760564006527	0.0365527357445178	0.819388016770522	0.000445253707769601	0.0119590745171527	0.970301600003033	0.00879285934783487	0.0383945090593666	0.229013459561082	0.818858454892603
CT	SCZ	pooled	raw	SCZpooled	5e-8	slope_PC3	full	8082	6789	1250	1339	-0.0284299367016604	0.0357980941871712	0.427217453046361	0.00610983214029001	0.0119712260259836	0.609805045503221	0.0345397688419504	0.0376800973648908	0.916658163259778	0.35932179561775
CT	SCZ	pooled	zanc	SCZpooled	0p001	baseline_thickness	EUR	4116	3447	655	686	0.0334555372138513	0.0402377554972908	0.405993920363853	-0.0141563879343508	0.0179885277394725	0.431353940097942	-0.0476119251482021	0.0433109128113994	-1.0993055111891	0.271634829277263
CT	SCZ	pooled	zanc	SCZpooled	0p01	baseline_thickness	EUR	4116	3447	655	686	0.00180236592988952	0.0412423233559861	0.965154168266002	-0.0115296524493307	0.0175303148502375	0.510775321931271	-0.0133320183792202	0.0443355239310912	-0.30070736053422	0.763637655534494
CT	SCZ	pooled	zanc	SCZpooled	0p05	baseline_thickness	EUR	4116	3447	655	686	0.0380384149393954	0.040766445105494	0.351095349523996	-0.00329244701766634	0.0174163554582909	0.850069788881448	-0.0413308619570617	0.0440471127017715	-0.938333057989507	0.348073276077489
CT	SCZ	pooled	zanc	SCZpooled	0p1	baseline_thickness	EUR	4116	3447	655	686	0.0346579681278836	0.0423384488930791	0.413293212794797	-0.00257049249506125	0.0173701798921782	0.882364690057652	-0.0372284606229449	0.0455026538203981	-0.818160205993435	0.413265714483763
CT	SCZ	pooled	zanc	SCZpooled	0p5	baseline_thickness	EUR	4116	3447	655	686	0.0293347389123762	0.0425253299084088	0.490535333547972	0.0151108384498959	0.0173387538134319	0.38353783659282	-0.0142239004624803	0.0457468800897334	-0.31092613167455	0.755856778205264
CT	SCZ	pooled	zanc	SCZpooled	1	baseline_thickness	EUR	4116	3447	655	686	0.0347348221776476	0.0429101439891698	0.418513133543115	0.0160879829433931	0.0173229051135511	0.353103060037561	-0.0186468392342544	0.0461052146694743	-0.404441002345018	0.68588845396746
CT	SCZ	pooled	zanc	SCZpooled	1e-5	baseline_thickness	EUR	4116	3447	655	686	0.0268327404171179	0.0396787529116718	0.499092494775191	-0.0117981620693898	0.018517321528611	0.524073396183544	-0.0386309024865077	0.0426032032612847	-0.906760513982601	0.36453345488013
CT	SCZ	pooled	zanc	SCZpooled	5e-8	baseline_thickness	EUR	4116	3447	655	686	0.013017081483924	0.0389034413296882	0.738021228219481	-0.021343783384131	0.0186812069796887	0.253311991446952	-0.034360864868055	0.0419123974735848	-0.819825801893362	0.412315419851932
CT	SCZ	pooled	zanc	SCZpooled	0p001	baseline_thickness	full	8082	6789	1250	1339	-0.0086890006520288	0.0290898012810202	0.76521759028211	-0.00180741010887742	0.011966327589859	0.879947609690361	0.00688159054315138	0.0314096652647754	0.219091495727234	0.826578775277736
CT	SCZ	pooled	zanc	SCZpooled	0p01	baseline_thickness	full	8082	6789	1250	1339	-0.0108197752478176	0.0299454708633281	0.717919254687759	0.00206452025408375	0.0119004072448315	0.862276822045562	0.0128842955019013	0.032204272378105	0.400080317003563	0.689097361021321
CT	SCZ	pooled	zanc	SCZpooled	0p05	baseline_thickness	full	8082	6789	1250	1339	0.0132024263728103	0.0304555355818713	0.664721303286191	0.0100276332822631	0.0119141319313648	0.400008574615232	-0.00317479309054721	0.0326879603453978	-0.0971242334180754	0.922627736352245
CT	SCZ	pooled	zanc	SCZpooled	0p1	baseline_thickness	full	8082	6789	1250	1339	0.0226511810426622	0.0314918895979135	0.472097644396252	0.00833201738020252	0.011926651700855	0.484822862023083	-0.0143191636624597	0.0336595670834478	-0.425411403152037	0.67053679475787
CT	SCZ	pooled	zanc	SCZpooled	0p5	baseline_thickness	full	8082	6789	1250	1339	0.0143362685884784	0.0321104519230551	0.655330594710768	0.0139071614481875	0.0119752855232602	0.24555183794866	-0.00042910714029094	0.0342535202682627	-0.0125273880445078	0.990004851924964
CT	SCZ	pooled	zanc	SCZpooled	1	baseline_thickness	full	8082	6789	1250	1339	0.0124455446558292	0.0323445336134652	0.700460089506366	0.0152392456989119	0.0119780818899285	0.203323983534447	0.00279370104308267	0.0344731800787224	0.0810398413115071	0.935410267902106
CT	SCZ	pooled	zanc	SCZpooled	1e-5	baseline_thickness	full	8082	6789	1250	1339	0.00447616245608074	0.0287391012429388	0.876251735984364	-0.00596816238808536	0.011998129791203	0.61890590129607	-0.0104443248441661	0.0310745434074271	-0.336105496619133	0.736791313602998
CT	SCZ	pooled	zanc	SCZpooled	5e-8	baseline_thickness	full	8082	6789	1250	1339	-0.00413360208316719	0.0282746652437339	0.883789320679484	-0.00310085391189794	0.0120333441695208	0.79665516225719	0.00103274817126925	0.0306538480350657	0.0336906534568797	0.973123832203972
CT	SCZ	pooled	zanc	SCZpooled	0p001	global_slope	EUR	4116	3447	655	686	-0.0869656151089836	0.051522719553936	0.0917978757019269	-0.00346123398401405	0.0165028696822369	0.833886906684176	0.0835043811249696	0.0535511145630731	1.5593397412227	0.118915990343277
CT	SCZ	pooled	zanc	SCZpooled	0p01	global_slope	EUR	4116	3447	655	686	-0.114537725354329	0.0528126793680448	0.030382108873067	-0.0195736540956487	0.0160995869536527	0.224149755206016	0.09496407125868	0.0548690390233475	1.73074055877435	0.0834980478437066
CT	SCZ	pooled	zanc	SCZpooled	0p05	global_slope	EUR	4116	3447	655	686	-0.0880069797450487	0.0523946512041316	0.093391737011062	-0.0403623895567111	0.0159655194217822	0.0115128957799844	0.0476445901883375	0.0545683690140984	0.873117358080246	0.382599113575121
CT	SCZ	pooled	zanc	SCZpooled	0p1	global_slope	EUR	4116	3447	655	686	-0.0712330305663213	0.0544363073351827	0.191044577375067	-0.0392343028572135	0.0159211462268353	0.0137773559465336	0.0319987277091078	0.0565287023536636	0.566061600156899	0.57135190599252
CT	SCZ	pooled	zanc	SCZpooled	0p5	global_slope	EUR	4116	3447	655	686	-0.0519701026321225	0.0546988581223538	0.342329915400852	-0.0511626410537876	0.0158748272807503	0.00128105527246746	0.00080746157833491	0.0568267914071909	0.0142091706805873	0.988663103580999
CT	SCZ	pooled	zanc	SCZpooled	1	global_slope	EUR	4116	3447	655	686	-0.0566969809186905	0.0552001809033476	0.304663807583726	-0.0490662782367047	0.0158657022544319	0.00200014480012777	0.00763070268198579	0.0573113627348716	0.133144673549052	0.894078965253604
CT	SCZ	pooled	zanc	SCZpooled	1e-5	global_slope	EUR	4116	3447	655	686	-0.0638175376998553	0.0506784720172869	0.208278195803011	0.00914090070761267	0.0170245968120316	0.591355546425209	0.072958438407468	0.0526102196583618	1.38677311901077	0.165510956344538
CT	SCZ	pooled	zanc	SCZpooled	5e-8	global_slope	EUR	4116	3447	655	686	-0.0519306036285179	0.049668964124596	0.296070275933171	0.0147729828467593	0.0171650996981785	0.389496670831654	0.0667035864752772	0.0516593403618964	1.2912202519039	0.196627314544957
CT	SCZ	pooled	zanc	SCZpooled	0p001	global_slope	full	8082	6789	1250	1339	-0.0572041255074238	0.0358867794032871	0.111129770680867	0.00036404881382292	0.0112875671172595	0.974271905600317	0.0575681743212467	0.0375864339171452	1.53162107499075	0.125615968774907
CT	SCZ	pooled	zanc	SCZpooled	0p01	global_slope	full	8082	6789	1250	1339	-0.0490926519512827	0.0369724275231054	0.184427919086123	-0.0176975929346962	0.0112361617886126	0.115290595952643	0.0313950590165864	0.0386277550469932	0.812759089374785	0.416356195461603
CT	SCZ	pooled	zanc	SCZpooled	0p05	global_slope	full	8082	6789	1250	1339	-0.0376585581088001	0.037612697244317	0.316872300115563	-0.0322509156470089	0.0112441141906079	0.00414042813125205	0.00540764246179126	0.0392463911021433	0.137786999261085	0.890408759437571
CT	SCZ	pooled	zanc	SCZpooled	0p1	global_slope	full	8082	6789	1250	1339	-0.0366270167100222	0.038894856970307	0.346492040962256	-0.027814288058813	0.0112567118378584	0.013501846077426	0.00881272865120922	0.0404799905501304	0.217705798134897	0.827658345777126
CT	SCZ	pooled	zanc	SCZpooled	0p5	global_slope	full	8082	6789	1250	1339	-0.016338916835855	0.0396581673668356	0.680399179458333	-0.0325580416396755	0.0112973486982061	0.00396526180640384	-0.0162191248038204	0.041223251656952	-0.393446032321548	0.693990076421564
CT	SCZ	pooled	zanc	SCZpooled	1	global_slope	full	8082	6789	1250	1339	-0.014658007746683	0.0399476094552981	0.713719153045319	-0.0316275753777559	0.0113008822494014	0.00514592649407674	-0.0169695676310729	0.0415020968674707	-0.408884584440687	0.682624362445909
CT	SCZ	pooled	zanc	SCZpooled	1e-5	global_slope	full	8082	6789	1250	1339	-0.0372678373932412	0.0354545536622502	0.293350738889989	0.0147539919243921	0.0113263172679528	0.19274634003237	0.0520218293176333	0.0371683046412809	1.39962879178125	0.161624507486115
CT	SCZ	pooled	zanc	SCZpooled	5e-8	global_slope	full	8082	6789	1250	1339	-0.0399362953965785	0.0348756025273564	0.252335511628182	0.0185401727350087	0.0113565998866307	0.102611789813628	0.0584764681315872	0.0366228396138053	1.5967213014674	0.110327845201311
CT	SCZ	pooled	zanc	SCZpooled	0p001	slope_PC1	EUR	4116	3447	655	686	0.0730074315507861	0.0552215084467979	0.186520448029427	0.0114482918168607	0.0170510282148929	0.502004402018052	-0.0615591397339254	0.0572426920613315	-1.07540609145302	0.282192955769098
CT	SCZ	pooled	zanc	SCZpooled	0p01	slope_PC1	EUR	4116	3447	655	686	0.0367046213595261	0.0567196592485347	0.517739703104208	0.0177462721552697	0.0166427671738153	0.286362442392073	-0.0189583492042565	0.058767545621873	-0.32259896178479	0.746998980101534
CT	SCZ	pooled	zanc	SCZpooled	0p05	slope_PC1	EUR	4116	3447	655	686	0.0352509804761194	0.0562176545906152	0.530812253661575	0.0266511204746756	0.0165097116869768	0.106563941490889	-0.0085998600014438	0.0583862196456813	-0.147292632638872	0.882901047358737
CT	SCZ	pooled	zanc	SCZpooled	0p1	slope_PC1	EUR	4116	3447	655	686	0.0305106637286188	0.0583759876252784	0.601359774013684	0.0298578154770868	0.0164612120895036	0.0697941685141031	-0.000652848251532046	0.0604635904281801	-0.0107973781726957	0.991385106051417
CT	SCZ	pooled	zanc	SCZpooled	0p5	slope_PC1	EUR	4116	3447	655	686	0.00469019761644228	0.0586319680111692	0.936262535060651	0.0317844033532006	0.016421805725204	0.0530140014329394	0.0270942057367583	0.0607582345134443	0.445934710804722	0.655644408081029
CT	SCZ	pooled	zanc	SCZpooled	1	slope_PC1	EUR	4116	3447	655	686	0.0144093514339761	0.0591742381190872	0.807676209831522	0.0324366196610878	0.0164104684914167	0.0481716966331816	0.0180272682271117	0.0612830688778134	0.294163927447149	0.768632643509066
CT	SCZ	pooled	zanc	SCZpooled	1e-5	slope_PC1	EUR	4116	3447	655	686	0.0786092499948857	0.0542636843975431	0.147824343535098	-0.00621810226327157	0.017594494146436	0.723802151756158	-0.0848273522581572	0.056190867353518	-1.50962881075454	0.131138165562564
CT	SCZ	pooled	zanc	SCZpooled	5e-8	slope_PC1	EUR	4116	3447	655	686	0.0847874452331677	0.0531536551935956	0.111073885191432	-0.00720215704761299	0.017737615349356	0.684740635677606	-0.0919896022807807	0.0551406257380659	-1.66827273084927	0.0952615986214002
CT	SCZ	pooled	zanc	SCZpooled	0p001	slope_PC1	full	8082	6789	1250	1339	0.056330637548958	0.037568070168899	0.133964385793112	0.0159641325978627	0.0116446783942143	0.17044133699896	-0.0403665049510954	0.0392971693341062	-1.0272115176515	0.304320875852511
CT	SCZ	pooled	zanc	SCZpooled	0p01	slope_PC1	full	8082	6789	1250	1339	0.0284436432419903	0.0387165894134132	0.462655064470549	0.0260599689419994	0.0115921577090186	0.0246045594052902	-0.00238367429999091	0.0404001625735342	-0.059001601680495	0.952950832379668
CT	SCZ	pooled	zanc	SCZpooled	0p05	slope_PC1	full	8082	6789	1250	1339	0.0347194484852065	0.0393751177636965	0.3780416851309	0.0345156237595618	0.0116019036837257	0.00294050649387231	-0.000203824725644633	0.0410375863784021	-0.00496678151987772	0.996037098001833
CT	SCZ	pooled	zanc	SCZpooled	0p1	slope_PC1	full	8082	6789	1250	1339	0.0370832017974722	0.0407110026693995	0.362494402376182	0.0336186212295283	0.0116136495766188	0.00380701732552635	-0.00346458056794387	0.0423239024960472	-0.0818587219897182	0.934759059310533
CT	SCZ	pooled	zanc	SCZpooled	0p5	slope_PC1	full	8082	6789	1250	1339	0.0258849654895641	0.041511036824004	0.533002144960177	0.0368101786103097	0.011655405369212	0.00159460919851447	0.0109252131207456	0.0431034200119519	0.253465110604129	0.799908818754663
CT	SCZ	pooled	zanc	SCZpooled	1	slope_PC1	full	8082	6789	1250	1339	0.032219305726312	0.0418106081518542	0.441059833003461	0.035502712936825	0.0116592763820571	0.0023358602980474	0.00328340721051307	0.0433923798576135	0.0756678297269508	0.939683370750166
CT	SCZ	pooled	zanc	SCZpooled	1e-5	slope_PC1	full	8082	6789	1250	1339	0.0327556028666624	0.0371147470392482	0.377614968468685	0.000607061012306534	0.0116886742176101	0.958581395430174	-0.0321485418543558	0.0388594071850657	-0.827303970471044	0.408064793894329
CT	SCZ	pooled	zanc	SCZpooled	5e-8	slope_PC1	full	8082	6789	1250	1339	0.0350200721263063	0.0365123391377935	0.337641238108983	0.000977003389186504	0.0117203848566521	0.933568362849128	-0.0340430687371198	0.0382911731617999	-0.889057867025133	0.373971980976188
CT	SCZ	pooled	zanc	SCZpooled	0p001	slope_PC2	EUR	4116	3447	655	686	0.0690553332893587	0.0537308140765909	0.199075740280886	0.00448217779802909	0.0175443976143235	0.798370685192548	-0.0645731554913296	0.0559286388192296	-1.15456333024733	0.248269290423457
CT	SCZ	pooled	zanc	SCZpooled	0p01	slope_PC2	EUR	4116	3447	655	686	0.0064080165232112	0.0551707511915142	0.907562707222865	0.00555634290392404	0.0171181233888072	0.745512310493396	-0.000851673619287164	0.0573952541941681	-0.0148387463605606	0.988160827853549
CT	SCZ	pooled	zanc	SCZpooled	0p05	slope_PC2	EUR	4116	3447	655	686	-0.0252148525320016	0.0546634981732902	0.64472394737286	0.0118073518177142	0.0169875203194937	0.487064508912783	0.0370222043497158	0.0570209325610057	0.649273919013976	0.516161340441475
CT	SCZ	pooled	zanc	SCZpooled	0p1	slope_PC2	EUR	4116	3447	655	686	-0.0266906386924501	0.0567616706838595	0.638320367222765	0.0141027932333329	0.01693837725812	0.405131583251964	0.040793431925783	0.0590318142910972	0.691041473409961	0.48953947831749
CT	SCZ	pooled	zanc	SCZpooled	0p5	slope_PC2	EUR	4116	3447	655	686	-0.0351920490791903	0.0570133644572669	0.537234711713526	0.0207407365446397	0.0168977287474858	0.219746464007841	0.05593278562383	0.0593251642256265	0.942817206727072	0.345774408977584
CT	SCZ	pooled	zanc	SCZpooled	1	slope_PC2	EUR	4116	3447	655	686	-0.0332322424293706	0.0575430685787778	0.563747059748542	0.0210975714070635	0.0168855156212639	0.211586702046736	0.0543298138364341	0.0598357502490724	0.907982495586347	0.363887469935544
CT	SCZ	pooled	zanc	SCZpooled	1e-5	slope_PC2	EUR	4116	3447	655	686	0.0664196481257929	0.0528353301872801	0.209062173272455	0.00796235060968128	0.0180960054706935	0.659960406342726	-0.0584572975161116	0.0549286915736206	-1.064239759612	0.287220099708157
CT	SCZ	pooled	zanc	SCZpooled	5e-8	slope_PC2	EUR	4116	3447	655	686	0.0654643237039938	0.0517787100819616	0.20646696595179	0.0125988539856061	0.0182464606240781	0.489937973567508	-0.0528654697183878	0.053935659108285	-0.980158036304911	0.327008114976485
CT	SCZ	pooled	zanc	SCZpooled	0p001	slope_PC2	full	8082	6789	1250	1339	0.0334772054328554	0.0372354979758322	0.368749896605384	0.0157580676787094	0.0119241706017809	0.186372211416379	-0.017719137754146	0.0390620351573632	-0.453615324515574	0.650105721698432
CT	SCZ	pooled	zanc	SCZpooled	0p01	slope_PC2	full	8082	6789	1250	1339	0.00143117794066296	0.038354663077667	0.970238971281082	0.0174358774334329	0.0118708756499997	0.14193505508386	0.01600469949277	0.0401342810972022	0.398778776029594	0.690056216930779
CT	SCZ	pooled	zanc	SCZpooled	0p05	slope_PC2	full	8082	6789	1250	1339	0.00562355825994525	0.0390089799453654	0.885391505493311	0.0194064498104362	0.0118840694040995	0.102519772419678	0.013782891550491	0.0407671770102193	0.33808795607888	0.735296906373792
CT	SCZ	pooled	zanc	SCZpooled	0p1	slope_PC2	full	8082	6789	1250	1339	0.0139996776877555	0.0403345922650904	0.728569631343143	0.0204529606947861	0.0118953782276272	0.0855866776520144	0.00645328300703059	0.0420402100560953	0.153502634701868	0.878001912740935
CT	SCZ	pooled	zanc	SCZpooled	0p5	slope_PC2	full	8082	6789	1250	1339	0.00776895227027451	0.0411305491792094	0.850206355373566	0.0269323919603134	0.0119380209450931	0.0241014905287783	0.0191634396900389	0.042814381347854	0.447593520839218	0.654446580021316
CT	SCZ	pooled	zanc	SCZpooled	1	slope_PC2	full	8082	6789	1250	1339	0.00929912911089325	0.041429203804718	0.822428897538605	0.0255185705045741	0.0119418348578024	0.0326416710287911	0.0162194413936809	0.0431017351776268	0.376305996193398	0.706689422059708
CT	SCZ	pooled	zanc	SCZpooled	1e-5	slope_PC2	full	8082	6789	1250	1339	0.012383113097605	0.0367787153648006	0.736392076482221	0.0115568716096331	0.0119664397727318	0.334192142831647	-0.000826241487971906	0.0386211862571961	-0.0213934777266961	0.982931776396546
CT	SCZ	pooled	zanc	SCZpooled	5e-8	slope_PC2	full	8082	6789	1250	1339	0.00106150987429235	0.0361883610758233	0.976602666712728	0.0157301812937555	0.0119983699851049	0.189893572193718	0.0146686714194632	0.0380661546102085	0.385346814504068	0.69998048148166
CT	SCZ	pooled	zanc	SCZpooled	0p001	slope_PC3	EUR	4116	3447	655	686	-0.0453964892868849	0.0521808964922738	0.38461983988291	-0.012369948818945	0.0175076165028992	0.479898478008642	0.0330265404679399	0.0544338487940598	0.606728004717977	0.544031433915399
CT	SCZ	pooled	zanc	SCZpooled	0p01	slope_PC3	EUR	4116	3447	655	686	-0.0235885928578778	0.0535479935453312	0.659707929172555	-0.0141226473489123	0.017077201163692	0.408302888148524	0.00946594550896552	0.0558274884853212	0.169557072434924	0.865358484834658
CT	SCZ	pooled	zanc	SCZpooled	0p05	slope_PC3	EUR	4116	3447	655	686	-0.030932728476553	0.0530406077480813	0.559964254299894	-0.016396262584429	0.0169496281224955	0.333438702852431	0.014536465892124	0.0554573117442406	0.262119915930358	0.793228992753383
CT	SCZ	pooled	zanc	SCZpooled	0p1	slope_PC3	EUR	4116	3447	655	686	-0.0268871213987052	0.0550718398070662	0.625556155068767	-0.0235681516956425	0.0168992643678502	0.163222441529712	0.00331896970306268	0.0573991363017821	0.0578226418880738	0.953889902731507
CT	SCZ	pooled	zanc	SCZpooled	0p5	slope_PC3	EUR	4116	3447	655	686	0.0314330140506091	0.055303024145806	0.569971421594483	-0.0247377715394609	0.0168621398987789	0.142455354978046	-0.05617078559007	0.0576743523732249	-0.973930062128397	0.330091266033794
CT	SCZ	pooled	zanc	SCZpooled	1	slope_PC3	EUR	4116	3447	655	686	0.0231968273609934	0.0558210409083712	0.677869027061213	-0.0253695480020979	0.0168493802089225	0.132248676506865	-0.0485663753630913	0.0581724696287897	-0.834868721802652	0.403791627365276
CT	SCZ	pooled	zanc	SCZpooled	1e-5	slope_PC3	EUR	4116	3447	655	686	-0.0412955238627006	0.0513194103484799	0.421286503693073	0.0105338073680192	0.0180556405799032	0.559658222979044	0.0518293312307198	0.0534649679597825	0.96940731863352	0.332342002217411
CT	SCZ	pooled	zanc	SCZpooled	5e-8	slope_PC3	EUR	4116	3447	655	686	-0.0548732870134729	0.0502612064991358	0.275322120411371	0.0165759687732206	0.0182079675652323	0.362694527538005	0.0714492557866935	0.0524733576504532	1.36162919595591	0.173314936486086
CT	SCZ	pooled	zanc	SCZpooled	0p001	slope_PC3	full	8082	6789	1250	1339	-0.0193191745148786	0.0368398111223832	0.600069563997029	-0.0143772281637417	0.0117274074190012	0.220261008087807	0.00494194635113689	0.0386260443812757	0.127943371636898	0.898193787474058
CT	SCZ	pooled	zanc	SCZpooled	0p01	slope_PC3	full	8082	6789	1250	1339	0.00169509100524449	0.0379371258210139	0.964366976566946	-0.0169713796405648	0.0116754683757205	0.146106335898996	-0.0186664706458093	0.0396780193455186	-0.47044865025294	0.638034512903721
CT	SCZ	pooled	zanc	SCZpooled	0p05	slope_PC3	full	8082	6789	1250	1339	0.00399540598303181	0.0385845519322295	0.917540626120461	-0.0223877829519657	0.0116874838731029	0.0554671861509548	-0.0263831889349975	0.0403041968858748	-0.654601529704314	0.512724338952526
CT	SCZ	pooled	zanc	SCZpooled	0p1	slope_PC3	full	8082	6789	1250	1339	-0.000841838303790855	0.0398942344590659	0.983167252874657	-0.0283407456553656	0.0116970812737608	0.0154241336375192	-0.0274989073515747	0.0415620643970212	-0.661634780430819	0.50820531182847
CT	SCZ	pooled	zanc	SCZpooled	0p5	slope_PC3	full	8082	6789	1250	1339	0.0222081074486071	0.0406625042154742	0.585038133505245	-0.0323233607754381	0.0117401339154918	0.00591703349283913	-0.0545314682240453	0.0423100651665427	-1.28885332625691	0.19744908289315
CT	SCZ	pooled	zanc	SCZpooled	1	slope_PC3	full	8082	6789	1250	1339	0.0129392673757646	0.040961794958144	0.752132166504594	-0.0317576001675797	0.0117435929845191	0.00686340563634234	-0.0446968675433443	0.0425980587862019	-1.04927005635811	0.294053843378329
CT	SCZ	pooled	zanc	SCZpooled	1e-5	slope_PC3	full	8082	6789	1250	1339	-0.00788422776972041	0.0363936682569661	0.828519962925884	0.00154141891273236	0.0117690298090653	0.89580106102664	0.00942564668245277	0.0381952301304774	0.246775491344184	0.805081979050751
CT	SCZ	pooled	zanc	SCZpooled	5e-8	slope_PC3	full	8082	6789	1250	1339	-0.0381822976035158	0.0357917722727962	0.286235770811541	0.00691813779156573	0.0118010048147782	0.557738997528836	0.0451004353950815	0.037628958341141	1.19855657406736	0.230700412402921
CT	SCZ	EUR	raw	SCZeur	0p001	baseline_thickness	EUR	4116	3447	655	686	0.0347780164128369	0.0401921566388246	0.387160665567331	-0.00556590924402089	0.0181672856040371	0.759341154089453	-0.0403439256568577	0.0432110716489079	-0.933647885075708	0.350485555877804
CT	SCZ	EUR	raw	SCZeur	0p01	baseline_thickness	EUR	4116	3447	655	686	0.0119933439028963	0.0406328718926202	0.767954225751029	-0.00295443409086959	0.0177363666449612	0.867714135971613	-0.0149477779937659	0.0437991447618847	-0.341280134007866	0.732892701904756
CT	SCZ	EUR	raw	SCZeur	0p05	baseline_thickness	EUR	4116	3447	655	686	0.00918959629514389	0.040346299841292	0.819892143863404	0.00803347955313234	0.017458031480146	0.645430363111237	-0.00115611674201154	0.0436322880645285	-0.0264968167679344	0.97886107256032
CT	SCZ	EUR	raw	SCZeur	0p1	baseline_thickness	EUR	4116	3447	655	686	0.0107537776023817	0.0408964711110166	0.792664422241106	0.00397740817036082	0.0173726708763417	0.818924089102975	-0.00677636943202087	0.0441429185260107	-0.153509773669088	0.87799628338696
CT	SCZ	EUR	raw	SCZeur	0p5	baseline_thickness	EUR	4116	3447	655	686	0.0368098392855904	0.0421553985909789	0.382854519947926	0.0150954536084359	0.0172903314548765	0.382692058233013	-0.0217143856771545	0.0453700462355323	-0.478606205610354	0.63221880279879
CT	SCZ	EUR	raw	SCZeur	1	baseline_thickness	EUR	4116	3447	655	686	0.0361124798964881	0.0424571818682813	0.395301212874557	0.013971459440624	0.0172741980189672	0.418682653985764	-0.022141020455864	0.0456513071600535	-0.485002989689596	0.627674224774022
CT	SCZ	EUR	raw	SCZeur	1e-5	baseline_thickness	EUR	4116	3447	655	686	-0.00425892424383766	0.0390750097448287	0.913236934288897	-0.0187923289176553	0.0186250167393058	0.313051156952399	-0.0145334046738176	0.0420393765635907	-0.345709329248347	0.729561172373182
CT	SCZ	EUR	raw	SCZeur	5e-8	baseline_thickness	EUR	4116	3447	655	686	-0.000311109710708201	0.0392568781454203	0.993678964934617	-0.0237485154113942	0.0187462768538288	0.205295468740996	-0.023437405700686	0.0421683756283123	-0.555805277093717	0.578343977614831
CT	SCZ	EUR	raw	SCZeur	0p001	baseline_thickness	full	8082	6789	1250	1339	0.0103103713491907	0.0340541753158934	0.762115874903491	-0.00619316553300374	0.0144015364008355	0.667183814953739	-0.0165035368821944	0.0368000842398928	-0.448464649553815	0.653817893135867
CT	SCZ	EUR	raw	SCZeur	0p01	baseline_thickness	full	8082	6789	1250	1339	0.0114328970129378	0.045014060202238	0.799545261268934	0.0064406959631863	0.0191815287768724	0.737050063332529	-0.00499220104975154	0.0484360900813932	-0.103067795962938	0.917909163968707
CT	SCZ	EUR	raw	SCZeur	0p05	baseline_thickness	full	8082	6789	1250	1339	0.0242665406804209	0.0530184315141377	0.647240488797044	0.0230645176105976	0.0226410045043023	0.308378105669455	-0.00120202306982338	0.0568311611604354	-0.0211507744216249	0.983125381807539
CT	SCZ	EUR	raw	SCZeur	0p1	baseline_thickness	full	8082	6789	1250	1339	0.0310162640948104	0.0564096452684475	0.582518861130954	0.0225417422868984	0.0239772138047538	0.34718230222353	-0.00847452180791203	0.0602919715315008	-0.140558047657877	0.888219092236823
CT	SCZ	EUR	raw	SCZeur	0p5	baseline_thickness	full	8082	6789	1250	1339	0.0528376203374013	0.0619345713469129	0.393741738891686	0.0398161702509409	0.0257841317355602	0.122581842822786	-0.0130214500864604	0.0658511137555193	-0.197740772233621	0.843247887887463
CT	SCZ	EUR	raw	SCZeur	1	baseline_thickness	full	8082	6789	1250	1339	0.0524424306812173	0.0624540031402062	0.401224657080436	0.0394363565579336	0.0258854005904804	0.127679028244363	-0.0130060741232837	0.0663279527600506	-0.196087374659893	0.844541777995322
CT	SCZ	EUR	raw	SCZeur	1e-5	baseline_thickness	full	8082	6789	1250	1339	-0.00957867648221095	0.0297341644568256	0.747392861445325	-0.00657968295379053	0.0129244069933465	0.610705926952208	0.00299899352842042	0.0322857878265943	0.092888968499945	0.925991769716862
CT	SCZ	EUR	raw	SCZeur	5e-8	baseline_thickness	full	8082	6789	1250	1339	-0.00656823728628202	0.0282266022596638	0.816031691203752	-0.00594190086930675	0.0121257210845558	0.624132436732208	0.000626336416975267	0.0306365168080757	0.0204441131770622	0.983689093967138
CT	SCZ	EUR	raw	SCZeur	0p001	global_slope	EUR	4116	3447	655	686	-0.0906836622308081	0.0514047396924738	0.0780731249504779	-0.015287167454306	0.0166648091286922	0.359034023507217	0.0753964947765021	0.0533949388870169	1.41205320856421	0.157934294779972
CT	SCZ	EUR	raw	SCZeur	0p01	global_slope	EUR	4116	3447	655	686	-0.12245502041222	0.052025218971059	0.0188151047400924	-0.0250746782814911	0.016262112557602	0.123189225313932	0.0973803421307294	0.0541193759912418	1.79936188004992	0.0719614554502087
CT	SCZ	EUR	raw	SCZeur	0p05	global_slope	EUR	4116	3447	655	686	-0.0887948012014874	0.0518037664973381	0.0868893565999959	-0.0336560039209936	0.0160065507474509	0.0355703687197517	0.0551387972804939	0.0539814004380422	1.02144065980245	0.307045709804326
CT	SCZ	EUR	raw	SCZeur	0p1	global_slope	EUR	4116	3447	655	686	-0.0777242799782834	0.0525319792040423	0.139367676160928	-0.0356842511523573	0.0159305381750983	0.0251554245654017	0.042040028825926	0.0546830889562347	0.768793965892682	0.442015631575664
CT	SCZ	EUR	raw	SCZeur	0p5	global_slope	EUR	4116	3447	655	686	-0.0828915879794851	0.0541852925729453	0.126450805807776	-0.0435323174209345	0.0158374747849936	0.00601493158691202	0.0393592705585506	0.05631136583169	0.698957838745949	0.484578379684883
CT	SCZ	EUR	raw	SCZeur	1	global_slope	EUR	4116	3447	655	686	-0.0832690627462482	0.0545741449759834	0.127440074943433	-0.0437536364014782	0.0158208276707692	0.00571295466306211	0.03951542634477	0.0566858238396927	0.697095387667285	0.485743100484497
CT	SCZ	EUR	raw	SCZeur	1e-5	global_slope	EUR	4116	3447	655	686	-0.0682733244962027	0.0498678995987166	0.171331507780693	0.00851081290751632	0.0171320445342475	0.619377834556293	0.076784137403719	0.0518300292452762	1.48146042982828	0.138483921910934
CT	SCZ	EUR	raw	SCZeur	5e-8	global_slope	EUR	4116	3447	655	686	-0.0630169024834681	0.0500791243228479	0.208607756900982	0.0142004857573245	0.0172442985307389	0.41028741759606	0.0772173882407926	0.0520069723722488	1.48475069242824	0.137609877844248
CT	SCZ	EUR	raw	SCZeur	0p001	global_slope	full	8082	6789	1250	1339	-0.0752754885846036	0.0419962635484573	0.0732523456104434	0.00041050921541447	0.0135795625850522	0.975884598305221	0.075685997800018	0.0440073497955952	1.7198490286637	0.0854598878032379
CT	SCZ	EUR	raw	SCZeur	0p01	global_slope	full	8082	6789	1250	1339	-0.088116324438781	0.0555384417454436	0.112804667892145	-0.0256054107879459	0.0181212100688373	0.157700136134586	0.0625109136508352	0.0580500819658831	1.07684453723207	0.28154972451743
CT	SCZ	EUR	raw	SCZeur	0p05	global_slope	full	8082	6789	1250	1339	-0.125311176797569	0.0653920545239837	0.0555040875778489	-0.0444837147486343	0.0214262054623111	0.0379191222101754	0.0808274620489348	0.068198374655138	1.18518164776886	0.235945634447895
CT	SCZ	EUR	raw	SCZeur	0p1	global_slope	full	8082	6789	1250	1339	-0.106901866604739	0.069592653340067	0.124709084344764	-0.0505446118836709	0.0227117870099449	0.0260817300946348	0.0563572547210685	0.0724528919961131	0.777846862539206	0.43665929738683
CT	SCZ	EUR	raw	SCZeur	0p5	global_slope	full	8082	6789	1250	1339	-0.0866908512892444	0.0764269402227038	0.256839268354986	-0.0656533225716757	0.0244334516590531	0.00722663649072893	0.0210375287175686	0.0793112596665445	0.265252737202998	0.790814770972899
CT	SCZ	EUR	raw	SCZeur	1	global_slope	full	8082	6789	1250	1339	-0.0943954810390734	0.0770566195811843	0.220749348302929	-0.0660753370921361	0.0245290189323394	0.00708237397406329	0.0283201439469372	0.0799092147864557	0.35440398235195	0.723036150514024
CT	SCZ	EUR	raw	SCZeur	1e-5	global_slope	full	8082	6789	1250	1339	-0.0352885830418578	0.0366775969299455	0.336129536091356	0.0175093030116821	0.0121861308024764	0.150816054619468	0.0527978860535398	0.0385481190065069	1.36966179970098	0.17079249850278
CT	SCZ	EUR	raw	SCZeur	5e-8	global_slope	full	8082	6789	1250	1339	-0.0452567371659177	0.0348118665399773	0.193774682368063	0.0203662721327314	0.0114326353728685	0.0748906442149936	0.0656230092986491	0.0365795601876538	1.79398027100386	0.0728163178728613
CT	SCZ	EUR	raw	SCZeur	0p001	slope_PC1	EUR	4116	3447	655	686	0.0952265914937932	0.0550515051966006	0.084057644959561	0.0201764785115709	0.0172175845802015	0.241341501032876	-0.0750501129822223	0.0570357683188449	-1.31584293846403	0.188226764080996
CT	SCZ	EUR	raw	SCZeur	0p01	slope_PC1	EUR	4116	3447	655	686	0.107164067146552	0.0557980932003582	0.0551469711825701	0.0332736289717932	0.016800149964105	0.0477243319959115	-0.0738904381747593	0.057883042788797	-1.27654723412468	0.201762140826881
CT	SCZ	EUR	raw	SCZeur	0p05	slope_PC1	EUR	4116	3447	655	686	0.0596944011893923	0.0555511481508144	0.282890670795373	0.0345837429943166	0.0165427479572383	0.036642788162346	-0.0251106581950756	0.0577220988187435	-0.435026769797943	0.663542996537028
CT	SCZ	EUR	raw	SCZeur	0p1	slope_PC1	EUR	4116	3447	655	686	0.0379645077435776	0.0563367259383608	0.50058199513948	0.0367556599010533	0.0164651028114393	0.0256588909702974	-0.00120884784252423	0.0584812280820848	-0.0206706986526938	0.983508343112134
CT	SCZ	EUR	raw	SCZeur	0p5	slope_PC1	EUR	4116	3447	655	686	0.0221836764899734	0.0581168247251727	0.702780939533646	0.0403304190192483	0.0163711761663978	0.0138092517137695	0.0181467425292749	0.0602368333222446	0.301256582201069	0.763218846233616
CT	SCZ	EUR	raw	SCZeur	1	slope_PC1	EUR	4116	3447	655	686	0.0204546787485375	0.0585344232676386	0.726847407199577	0.0415086186463906	0.0163530695491562	0.0111854833650953	0.0210539398978531	0.0606397947915682	0.347196753719565	0.728443509490996
CT	SCZ	EUR	raw	SCZeur	1e-5	slope_PC1	EUR	4116	3447	655	686	0.116536340492057	0.0533234414303624	0.0291434795502063	0.00635087241064172	0.017705699759734	0.719849132041087	-0.110185468081415	0.0552837735968631	-1.99308876570009	0.046251727953672
CT	SCZ	EUR	raw	SCZeur	5e-8	slope_PC1	EUR	4116	3447	655	686	0.112251298591726	0.0535449649373086	0.0363590946487928	-0.00508148423484597	0.0178224905581248	0.77557275177656	-0.117332782826572	0.0554716886902778	-2.11518317896705	0.0344143380276432
CT	SCZ	EUR	raw	SCZeur	0p001	slope_PC1	full	8082	6789	1250	1339	0.0514050802925211	0.0439790978214443	0.242640841575594	0.0180027599687194	0.0140091053574159	0.198811755086992	-0.0334023203238017	0.046024328760938	-0.725753557369664	0.467989862613947
CT	SCZ	EUR	raw	SCZeur	0p01	slope_PC1	full	8082	6789	1250	1339	0.0900212525647933	0.058140455343508	0.121742473815006	0.0501784196758276	0.0186906721670234	0.00727816949445308	-0.0398428328889657	0.0606944438709564	-0.656449426798872	0.511534997174001
CT	SCZ	EUR	raw	SCZeur	0p05	slope_PC1	full	8082	6789	1250	1339	0.103264674545933	0.0684681308618331	0.131701228361072	0.0517469746060051	0.0221097376767978	0.0192892326321371	-0.051517699939928	0.0713237375607055	-0.722307911809584	0.470105189670122
CT	SCZ	EUR	raw	SCZeur	0p1	slope_PC1	full	8082	6789	1250	1339	0.0836096737211665	0.0728613971112746	0.251343204539587	0.057126201717217	0.0234377005689477	0.0148205020543204	-0.0264834720039495	0.0757723244199073	-0.349513786289386	0.726703622686919
CT	SCZ	EUR	raw	SCZeur	0p5	slope_PC1	full	8082	6789	1250	1339	0.090353549431859	0.0799875843026951	0.258819665363182	0.0747784078560217	0.0252136116388813	0.00302960192429434	-0.0155751415758373	0.0829237588930252	-0.187824837944574	0.851013964412684
CT	SCZ	EUR	raw	SCZeur	1	slope_PC1	full	8082	6789	1250	1339	0.0910040946872135	0.0806500214153859	0.259330680454469	0.0758921762505114	0.0253120279029092	0.00272512131893276	-0.0151119184367021	0.0835537082417686	-0.180864724674753	0.856473757794595
CT	SCZ	EUR	raw	SCZeur	1e-5	slope_PC1	full	8082	6789	1250	1339	0.0458468997978371	0.038387620570644	0.232535425642089	0.00565641865781875	0.01257463782333	0.652849776127214	-0.0401904811400183	0.0402919552348665	-0.997481529643903	0.318530834800785
CT	SCZ	EUR	raw	SCZeur	5e-8	slope_PC1	full	8082	6789	1250	1339	0.0541317776742076	0.0364347152785665	0.137554412155769	-0.00416027133322415	0.0117983466108006	0.724388666357289	-0.0582920490074317	0.0382348010567309	-1.52458094187389	0.127363653918407
CT	SCZ	EUR	raw	SCZeur	0p001	slope_PC2	EUR	4116	3447	655	686	0.0707565866215904	0.0536368856435975	0.187469945665808	0.0260040052506667	0.0177119851042012	0.142153733782704	-0.0447525813709237	0.0557912085515678	-0.802143967352114	0.422469684321838
CT	SCZ	EUR	raw	SCZeur	0p01	slope_PC2	EUR	4116	3447	655	686	0.0573335250489951	0.0543857665182904	0.29209863886036	0.0338186183487084	0.0172826455605421	0.0504529527419824	-0.0235149067002867	0.056647811974848	-0.415107060282001	0.678063531180967
CT	SCZ	EUR	raw	SCZeur	0p05	slope_PC2	EUR	4116	3447	655	686	0.012645161345871	0.0540716997048079	0.8151524130123	0.0325663658537317	0.0170175785179246	0.0557430392107887	0.0199212045078607	0.0564287907137992	0.353032632028195	0.724063976779789
CT	SCZ	EUR	raw	SCZeur	0p1	slope_PC2	EUR	4116	3447	655	686	-0.0187457006005649	0.0548121983749909	0.732439100731306	0.0333712842066408	0.0169363719542457	0.0488736398068307	0.0521169848072056	0.0571413136329956	0.912071870484814	0.361730885020851
CT	SCZ	EUR	raw	SCZeur	0p5	slope_PC2	EUR	4116	3447	655	686	-0.0252213567019747	0.0565526040498413	0.655728898970024	0.0406080738699799	0.0168390918283161	0.0159379060103753	0.0658294305719547	0.0588543691387918	1.11851391044077	0.263347568835196
CT	SCZ	EUR	raw	SCZeur	1	slope_PC2	EUR	4116	3447	655	686	-0.0360029191854201	0.0569545760149957	0.527475383246226	0.0421502993129617	0.0168202684941004	0.0122593842065363	0.0781532184983818	0.0592406261139399	1.31925037976585	0.187085420598236
CT	SCZ	EUR	raw	SCZeur	1e-5	slope_PC2	EUR	4116	3447	655	686	0.110494044164404	0.0519174925577756	0.0336042970885827	0.0204106649045772	0.018205875897138	0.2623220162767	-0.0900833792598272	0.0540456523393101	-1.66680159014947	0.0955538639596288
CT	SCZ	EUR	raw	SCZeur	5e-8	slope_PC2	EUR	4116	3447	655	686	0.0892780792490134	0.0521819928080046	0.0874656832819791	0.0204960830964437	0.0183269010061191	0.263491044101466	-0.0687819961525697	0.0542714197981143	-1.26737049460717	0.20502284477876
CT	SCZ	EUR	raw	SCZeur	0p001	slope_PC2	full	8082	6789	1250	1339	0.0143231203614004	0.0435949958800216	0.742538290461171	0.0185992608035335	0.014346401780477	0.194868699969406	0.00427614044213306	0.0457555251002564	0.0934562641946184	0.925541093688373
CT	SCZ	EUR	raw	SCZeur	0p01	slope_PC2	full	8082	6789	1250	1339	0.0278409738530827	0.0576477709647708	0.629196340338073	0.0404280243926996	0.0191398351452074	0.0347021323259085	0.0125870505396168	0.0603451600239784	0.208584259858045	0.83477279912012
CT	SCZ	EUR	raw	SCZeur	0p05	slope_PC2	full	8082	6789	1250	1339	0.0131264305658426	0.0678777326577627	0.846682741429276	0.0376076412166506	0.0226365048659914	0.0966848135968673	0.024481210650808	0.0708931904220534	0.345325277435849	0.729849845503301
CT	SCZ	EUR	raw	SCZeur	0p1	slope_PC2	full	8082	6789	1250	1339	-0.00103039712056263	0.0722132104408787	0.988617260746364	0.0378419315752254	0.0239941115233223	0.114810701904285	0.038872328695788	0.0752875614327187	0.516318073743518	0.605632274992605
CT	SCZ	EUR	raw	SCZeur	0p5	slope_PC2	full	8082	6789	1250	1339	0.0489194212100643	0.0792861588800598	0.53732190520935	0.0472966185755639	0.0258140311323281	0.0669639551943172	-0.00162280263450033	0.0823874988595696	-0.0196971950473507	0.984284928374753
CT	SCZ	EUR	raw	SCZeur	1	slope_PC2	full	8082	6789	1250	1339	0.0380579682367148	0.0799537053114682	0.634137999004497	0.0490819853550821	0.0259143413647046	0.0582657782907419	0.0110240171183673	0.0830202919481604	0.132787019410277	0.894361820454921
CT	SCZ	EUR	raw	SCZeur	1e-5	slope_PC2	full	8082	6789	1250	1339	0.026701351937614	0.0380469684544026	0.482904034682176	0.0183363735471514	0.0128752887592698	0.15444923479632	-0.00836497839046254	0.0400579737705474	-0.208821805076244	0.834587348589536
CT	SCZ	EUR	raw	SCZeur	5e-8	slope_PC2	full	8082	6789	1250	1339	0.0328617303219028	0.0361183068181728	0.363043439404333	0.0169109390534825	0.0120799455196111	0.161584277672932	-0.0159507912684203	0.0380185746037886	-0.419552585404683	0.674812332098879
CT	SCZ	EUR	raw	SCZeur	0p001	slope_PC3	EUR	4116	3447	655	686	-0.0658280062528999	0.0520436993286488	0.206357523959825	0.00196422089479786	0.0176833915614596	0.91156197839239	0.0677922271476977	0.0542563702940174	1.24947958701124	0.21148971508487
CT	SCZ	EUR	raw	SCZeur	0p01	slope_PC3	EUR	4116	3447	655	686	-0.0656676640778536	0.0527173689329795	0.213328669065427	-0.00125680196219075	0.0172600080400496	0.941957104334514	0.0644108621156628	0.0550438347603614	1.17017396037325	0.241930969600237
CT	SCZ	EUR	raw	SCZeur	0p05	slope_PC3	EUR	4116	3447	655	686	-0.0197867930338352	0.0524500039426665	0.70610813413557	-0.0114231546059903	0.0169906335421482	0.501426650781124	0.00836363842784496	0.0548704422655113	0.152425205311347	0.878851578382047
CT	SCZ	EUR	raw	SCZeur	0p1	slope_PC3	EUR	4116	3447	655	686	-0.017735262134137	0.0531716582838477	0.738826668078518	-0.0161191136622207	0.0169082202828158	0.34049252340329	0.00161614847191635	0.0555628866280972	0.0290868342160448	0.976795336129995
CT	SCZ	EUR	raw	SCZeur	0p5	slope_PC3	EUR	4116	3447	655	686	0.0289459806518911	0.0548334899189591	0.597753682620084	-0.0218825552037178	0.0168168954872531	0.193272842276806	-0.0508285358556088	0.0571992166698352	-0.888622936027269	0.374205760253046
CT	SCZ	EUR	raw	SCZeur	1	slope_PC3	EUR	4116	3447	655	686	0.0240256517461906	0.0552334199769005	0.663716038423634	-0.0220680705690276	0.0167993950495715	0.189064870160893	-0.0460937223152182	0.0575829626278915	-0.80047500530811	0.423435639410458
CT	SCZ	EUR	raw	SCZeur	1e-5	slope_PC3	EUR	4116	3447	655	686	-0.0696530606197985	0.050466313052158	0.167980085946218	0.00702989210123144	0.018169007127418	0.698842620939861	0.0766829527210299	0.0526466799917701	1.45655818625253	0.145238376968624
CT	SCZ	EUR	raw	SCZeur	5e-8	slope_PC3	EUR	4116	3447	655	686	-0.0687384051038852	0.0506694296905517	0.17535355715261	0.0138929242290049	0.0182891633201717	0.447532024318546	0.0826313293328901	0.0528120537749646	1.56463010669851	0.117669665361268
CT	SCZ	EUR	raw	SCZeur	0p001	slope_PC3	full	8082	6789	1250	1339	-0.0292446538473437	0.0431177435911738	0.497715519430305	-0.0107880164321983	0.0141104034513368	0.444571109712943	0.0184566374151454	0.0452314699529552	0.4080485872854	0.683238004238075
CT	SCZ	EUR	raw	SCZeur	0p01	slope_PC3	full	8082	6789	1250	1339	-0.0389930930121688	0.0569861385149645	0.493917709605086	-0.0270410334386656	0.0188300930289931	0.151034118700247	0.0119520595735032	0.0596277933004697	0.200444438942687	0.841133007378084
CT	SCZ	EUR	raw	SCZeur	0p05	slope_PC3	full	8082	6789	1250	1339	-0.0142109499956701	0.0671241976261038	0.832360574048389	-0.0330677521134503	0.0222664003653388	0.137565183100901	-0.0188568021177802	0.0700752526678404	-0.269093601519529	0.78785765414492
CT	SCZ	EUR	raw	SCZeur	0p1	slope_PC3	full	8082	6789	1250	1339	-0.00661978135680058	0.0714124759445568	0.926155792843152	-0.0390124842335628	0.0236008423469758	0.0983747141406537	-0.0323927028767622	0.0744208595161082	-0.435263756524485	0.663370989209322
CT	SCZ	EUR	raw	SCZeur	0p5	slope_PC3	full	8082	6789	1250	1339	0.0354974275594681	0.0783652328400873	0.650631643454945	-0.0607265040002269	0.0253898302082305	0.0167946545873171	-0.096223931559695	0.0814012803833643	-1.18209358755197	0.237168568502178
CT	SCZ	EUR	raw	SCZeur	1	slope_PC3	full	8082	6789	1250	1339	0.0289145794510843	0.0790182144098042	0.714473193951689	-0.0625198390223391	0.0254887049289908	0.0141981522835078	-0.0914344184734233	0.0820205283448948	-1.11477480477745	0.264946935851032
CT	SCZ	EUR	raw	SCZeur	1e-5	slope_PC3	full	8082	6789	1250	1339	-0.0263245331892642	0.0376442117053445	0.484472242654522	0.00158463099738802	0.0126636902748082	0.90042301559803	0.0279091641866522	0.0396110841543193	0.704579659519593	0.48107186042046
CT	SCZ	EUR	raw	SCZeur	5e-8	slope_PC3	full	8082	6789	1250	1339	-0.0369002901423846	0.0357322760730648	0.301913821403046	0.009715934761964	0.0118808819295526	0.413513195769355	0.0466162249043486	0.0375908860965119	1.2400938031805	0.214940700756665
CT	MDD	pooled	raw	MDDpooled	0p001	baseline_thickness	EUR	4116	3447	655	686	-0.0597914095768975	0.0408193338194961	0.143430777937045	-0.0214743057215591	0.017231887009436	0.212776925149856	0.0383171038553384	0.044262350403634	0.865681634750975	0.386664774036635
CT	MDD	pooled	raw	MDDpooled	0p01	baseline_thickness	EUR	4116	3447	655	686	0.0132371807872034	0.0414250386727936	0.749408352323978	-0.0283390171886695	0.0171832350002094	0.0991922210831456	-0.041576197975873	0.0448188798656691	-0.927649198295113	0.353589568497398
CT	MDD	pooled	raw	MDDpooled	0p05	baseline_thickness	EUR	4116	3447	655	686	0.0263440274387591	0.0416142798835489	0.526906018120522	-0.0232290183022105	0.0172513357848028	0.178227458586033	-0.0495730457409696	0.0450468552016378	-1.1004773922413	0.27112417462714
CT	MDD	pooled	raw	MDDpooled	0p1	baseline_thickness	EUR	4116	3447	655	686	0.0149876631333801	0.0418646090324864	0.720448801470859	-0.0239977397915381	0.0172768702871636	0.164918934079806	-0.0389854029249182	0.0452837155905752	-0.860914401931987	0.389285188996021
CT	MDD	pooled	raw	MDDpooled	0p5	baseline_thickness	EUR	4116	3447	655	686	0.0174725633183811	0.0424300729937986	0.680614622775198	-0.0275431817939127	0.0173047025172721	0.111552745441549	-0.0450157451122939	0.0458115621553947	-0.982628467451047	0.325790328351667
CT	MDD	pooled	raw	MDDpooled	1	baseline_thickness	EUR	4116	3447	655	686	0.0111244231482317	0.0425095079545629	0.793635498122369	-0.0255847793983346	0.0172937932662276	0.139119233644013	-0.0367092025465663	0.0458798246432625	-0.800116452754512	0.423643329551155
CT	MDD	pooled	raw	MDDpooled	1e-5	baseline_thickness	EUR	4116	3447	655	686	-0.0425152324740139	0.040427806421296	0.293330374349364	0.0105400871824198	0.0172191238012358	0.540501874672606	0.0530553196564338	0.0438539933945114	1.20981729483897	0.226349008318526
CT	MDD	pooled	raw	MDDpooled	5e-8	baseline_thickness	EUR	4116	3447	655	686	-0.0774568995045159	0.0419615718458335	0.0653286944253757	-0.0148458784667225	0.017135951260167	0.38635339385561	0.0626110210377934	0.0451997206527604	1.38520814141292	0.165988831977343
CT	MDD	pooled	raw	MDDpooled	0p001	baseline_thickness	full	8082	6789	1250	1339	-0.0416940389299264	0.0421058038438417	0.322242009918223	-0.0303450167456517	0.0170694845893318	0.075491586133753	0.0113490221842746	0.0452608342126934	0.25074708369144	0.802009655749563
CT	MDD	pooled	raw	MDDpooled	0p01	baseline_thickness	full	8082	6789	1250	1339	0.0149455489896127	0.046831129942549	0.749671398143623	-0.0383304030035451	0.018767319877259	0.0411495458619006	-0.0532759519931577	0.0502110759223909	-1.06103984060218	0.28867179571114
CT	MDD	pooled	raw	MDDpooled	0p05	baseline_thickness	full	8082	6789	1250	1339	0.0467371175600072	0.0535119261596454	0.382600437515962	-0.0500300169350911	0.0218605105495257	0.0221321717819788	-0.0967671344950982	0.0572224683440478	-1.69106886325297	0.0908236511936594
CT	MDD	pooled	raw	MDDpooled	0p1	baseline_thickness	full	8082	6789	1250	1339	0.0463725474427812	0.0566937237857115	0.413528901722112	-0.0591078688086357	0.0233212257234689	0.0112820098737514	-0.105480416251417	0.0605277982785382	-1.74267723676343	0.0813900100421953
CT	MDD	pooled	raw	MDDpooled	0p5	baseline_thickness	full	8082	6789	1250	1339	0.0452725232753894	0.0603363847565479	0.453181537993307	-0.0674405318941598	0.0246279138755482	0.00618984821633986	-0.112713055169549	0.0641487004609859	-1.75705905746445	0.0789077434042408
CT	MDD	pooled	raw	MDDpooled	1	baseline_thickness	full	8082	6789	1250	1339	0.0407432430618198	0.0602739998687601	0.499175544022118	-0.067356181049196	0.0246685765587539	0.00634065191474434	-0.108099424111016	0.0641031225039919	-1.68633632635109	0.0917310380018878
CT	MDD	pooled	raw	MDDpooled	1e-5	baseline_thickness	full	8082	6789	1250	1339	-0.0464201089279469	0.0327634196077555	0.156761642451879	0.0103364055403784	0.0133575355801315	0.439060748742817	0.0567565144683253	0.0353812902001314	1.60413919750486	0.108683373465388
CT	MDD	pooled	raw	MDDpooled	5e-8	baseline_thickness	full	8082	6789	1250	1339	-0.0522573348147572	0.0312207700936169	0.0943993399109566	-0.00249075743614181	0.0124288219970112	0.841172407069938	0.0497665773786154	0.0335885942337967	1.4816510935888	0.138433156442295
CT	MDD	pooled	raw	MDDpooled	0p001	global_slope	EUR	4116	3447	655	686	-0.0278868310482196	0.0526487164552015	0.596477384656693	-0.0270711769191804	0.0157807872382974	0.0863540653856235	0.000815654129039223	0.0549310346847634	0.0148486940710306	0.988152891603319
CT	MDD	pooled	raw	MDDpooled	0p01	global_slope	EUR	4116	3447	655	686	-0.0903540877002543	0.0532975798765988	0.090399941956053	-0.00968488504859141	0.015752358375502	0.538713915877136	0.0806692026516629	0.0555559329411071	1.45203578413808	0.146491655610353
CT	MDD	pooled	raw	MDDpooled	0p05	global_slope	EUR	4116	3447	655	686	-0.0790875374875731	0.0535749921928474	0.140270067812143	-0.0159229613445296	0.0158191269875766	0.314215750924358	0.0631645761430435	0.0558592706347266	1.1307805387594	0.258147473037216
CT	MDD	pooled	raw	MDDpooled	0p1	global_slope	EUR	4116	3447	655	686	-0.0947052975136255	0.0538656695308958	0.079087992365015	-0.0110435728381138	0.0158417790933913	0.485777116016916	0.0836617246755117	0.0561422252462099	1.49017471802402	0.136178302104342
CT	MDD	pooled	raw	MDDpooled	0p5	global_slope	EUR	4116	3447	655	686	-0.10780614717066	0.0545798807449649	0.0485787225866061	-0.00757861644463509	0.0158554982541897	0.632695058476732	0.100227530726025	0.0568273168677458	1.76372097523598	0.0777789678998511
CT	MDD	pooled	raw	MDDpooled	1	global_slope	EUR	4116	3447	655	686	-0.106552449182979	0.0546799496845955	0.0516752824995437	-0.00824315552026545	0.0158432146366938	0.60289157933873	0.0983092936627138	0.0569192224970955	1.72717211075275	0.0841367579933082
CT	MDD	pooled	raw	MDDpooled	1e-5	global_slope	EUR	4116	3447	655	686	-0.0654324918977178	0.0520477202737976	0.209048320935745	-0.0188773832664475	0.0157589462200855	0.231046782548718	0.0465551086312703	0.0543179751111569	0.857084759437358	0.391398043339551
CT	MDD	pooled	raw	MDDpooled	5e-8	global_slope	EUR	4116	3447	655	686	-0.0999436062085694	0.0540592968816455	0.0648467779385629	-0.00884894838479623	0.0157134979400041	0.573374441501687	0.0910946578237732	0.0562062855017229	1.62072012072353	0.105077676436473
CT	MDD	pooled	raw	MDDpooled	0p001	global_slope	full	8082	6789	1250	1339	-0.031245601388044	0.0520120963432903	0.548100078622295	-0.024096637973258	0.0161376976864421	0.135434588011274	0.007148963414786	0.0543289957827472	0.131586518612888	0.895311349383803
CT	MDD	pooled	raw	MDDpooled	0p01	global_slope	full	8082	6789	1250	1339	-0.0861358396073566	0.0578110990783647	0.136433680842828	-0.0291255163387239	0.0177537075300591	0.100941362390101	0.0570103232686327	0.0602967701838877	0.945495473385519	0.344405980706707
CT	MDD	pooled	raw	MDDpooled	0p05	global_slope	full	8082	6789	1250	1339	-0.0795736959131973	0.0660955540167183	0.228798877572622	-0.0340125885045211	0.0207043182660426	0.100475346422706	0.0455611074086762	0.0688267448810343	0.661968069061346	0.507991685800222
CT	MDD	pooled	raw	MDDpooled	0p1	global_slope	full	8082	6789	1250	1339	-0.113180855191859	0.0699978647767577	0.106092951865167	-0.0381332816752036	0.0221053875834811	0.0845606976908984	0.075047573516655	0.0728241888769463	1.03053085347048	0.302760876471619
CT	MDD	pooled	raw	MDDpooled	0p5	global_slope	full	8082	6789	1250	1339	-0.11661378234355	0.074482424476514	0.117626987222321	-0.0399655221353612	0.0233420649630021	0.0869115287390813	0.0766482602081891	0.0772905525044492	0.991689899018083	0.32134881994177
CT	MDD	pooled	raw	MDDpooled	1	global_slope	full	8082	6789	1250	1339	-0.113867706641281	0.0744046060179663	0.126118914175176	-0.0403237060250194	0.0233789201649401	0.0846110692347765	0.0735440006162617	0.0772249367024637	0.95233487726401	0.340927175080927
CT	MDD	pooled	raw	MDDpooled	1e-5	global_slope	full	8082	6789	1250	1339	-0.0609402479471577	0.040455819875987	0.132177079682884	-0.0154916670077861	0.0126056381609904	0.219135033405359	0.0454485809393716	0.0423744481869876	1.07254685037593	0.283474482597215
CT	MDD	pooled	raw	MDDpooled	5e-8	global_slope	full	8082	6789	1250	1339	-0.0853054512366198	0.0385297465293442	0.0269685635395022	-0.00984260874146571	0.0117317311757521	0.401514415748615	0.0754628424951541	0.0402648271197253	1.8741628337499	0.0609079850528233
CT	MDD	pooled	raw	MDDpooled	0p001	slope_PC1	EUR	4116	3447	655	686	-0.0112147996841758	0.0564541891234499	0.842585948876188	0.00393563820097437	0.0163102701099373	0.809339123784652	0.0151504378851502	0.0587311802884072	0.257962428317496	0.796435903927647
CT	MDD	pooled	raw	MDDpooled	0p01	slope_PC1	EUR	4116	3447	655	686	0.015498337947665	0.0572113600627518	0.786542613774038	0.00606253209100056	0.0162785277133385	0.709600287650332	-0.00943580585666446	0.0594613322455845	-0.158688100321956	0.873914613942389
CT	MDD	pooled	raw	MDDpooled	0p05	slope_PC1	EUR	4116	3447	655	686	0.034340922637317	0.0574699638623656	0.550316729891141	0.00724817758226052	0.0163506700856298	0.657580940150294	-0.0270927450550565	0.0597480650694296	-0.453449748097677	0.650224920844829
CT	MDD	pooled	raw	MDDpooled	0p1	slope_PC1	EUR	4116	3447	655	686	0.0584441713337936	0.0577825365805951	0.312115025204226	0.00894218752075555	0.0163728584057421	0.584993241118721	-0.0495019838130381	0.0600526595962853	-0.8243096000381	0.409763665227139
CT	MDD	pooled	raw	MDDpooled	0p5	slope_PC1	EUR	4116	3447	655	686	0.0927351992381584	0.0585218314157128	0.11345850372969	0.00941794201291952	0.0163839942077841	0.565448495991112	-0.0833172572252389	0.0607629809343843	-1.37118449332185	0.170317450861509
CT	MDD	pooled	raw	MDDpooled	1	slope_PC1	EUR	4116	3447	655	686	0.0925189706190475	0.058625142196831	0.114939503493585	0.00890486939706869	0.0163712920628622	0.586525215536869	-0.0836141012219788	0.0608582870296756	-1.37391479949488	0.169468134547683
CT	MDD	pooled	raw	MDDpooled	1e-5	slope_PC1	EUR	4116	3447	655	686	0.0271121489345313	0.0558396059385063	0.627432398092702	-0.00288306141386789	0.016282630465681	0.859469435733899	-0.0299952103483991	0.0581017934462586	-0.516252744868251	0.605677895962083
CT	MDD	pooled	raw	MDDpooled	5e-8	slope_PC1	EUR	4116	3447	655	686	0.0774133782856489	0.0579877270217738	0.182267811029108	0.00468689003323414	0.0162394469856883	0.772896787211636	-0.0727264882524148	0.0601280088530729	-1.20952763345494	0.226460201327756
CT	MDD	pooled	raw	MDDpooled	0p001	slope_PC1	full	8082	6789	1250	1339	0.0352866977880103	0.0544324187387002	0.516907940361319	0.00961431620901029	0.0166557588673987	0.563799076004588	-0.025672381579	0.0567921113346215	-0.452041330665404	0.651239207949215
CT	MDD	pooled	raw	MDDpooled	0p01	slope_PC1	full	8082	6789	1250	1339	0.0467605013860396	0.0605346347438592	0.439959512018419	0.033025762768884	0.0183207513658388	0.0714895234468634	-0.0137347386171556	0.0630640546241709	-0.217790287970026	0.827592512017252
CT	MDD	pooled	raw	MDDpooled	0p05	slope_PC1	full	8082	6789	1250	1339	0.0760131877872457	0.069174289674345	0.271996136826665	0.0335949336551521	0.0213680059304937	0.11594965050996	-0.0424182541320936	0.0719554156652744	-0.589507457359663	0.555520911066986
CT	MDD	pooled	raw	MDDpooled	0p1	slope_PC1	full	8082	6789	1250	1339	0.113464472356628	0.0732572686387923	0.121620287957862	0.0411021268283625	0.0228140376091159	0.071650557567406	-0.0723623455282652	0.0761352647598004	-0.950444524709563	0.341886429253611
CT	MDD	pooled	raw	MDDpooled	0p5	slope_PC1	full	8082	6789	1250	1339	0.144654801400565	0.0779284245318549	0.0636057115111885	0.0422058409020851	0.0240891336417532	0.0798075049291775	-0.10244896049848	0.080788319540056	-1.26811599847283	0.204756529061662
CT	MDD	pooled	raw	MDDpooled	1	slope_PC1	full	8082	6789	1250	1339	0.142776079759036	0.0778446847384755	0.0668269675786206	0.0418629621428461	0.0241273332322481	0.0827717874223465	-0.10091311761619	0.0807171360633454	-1.25020686483469	0.211223989757839
CT	MDD	pooled	raw	MDDpooled	1e-5	slope_PC1	full	8082	6789	1250	1339	0.0380489312979767	0.0423608342852022	0.369211695704896	0.000374572949676649	0.0130087334104658	0.977029792631814	-0.0376743583483	0.0443135389396424	-0.850177152396126	0.395226602283591
CT	MDD	pooled	raw	MDDpooled	5e-8	slope_PC1	full	8082	6789	1250	1339	0.0683165408291006	0.0403500738212484	0.0906366495016017	0.00126894162796983	0.0121065593714037	0.916526280979169	-0.0670475992011308	0.0421155257780914	-1.59199245319666	0.111386400270829
CT	MDD	pooled	raw	MDDpooled	0p001	slope_PC2	EUR	4116	3447	655	686	-0.0352199071657357	0.0548707941209377	0.521138091123828	0.00681579005282796	0.0167824293316805	0.684675231877426	0.0420356972185636	0.0573454329914529	0.733026067216703	0.463542530763038
CT	MDD	pooled	raw	MDDpooled	0p01	slope_PC2	EUR	4116	3447	655	686	-0.0415820341113552	0.0556062609168962	0.45479974742916	0.0213995479709116	0.0167431611684244	0.201298733117042	0.0629815820822668	0.0580499055622891	1.08495580608113	0.277941229368918
CT	MDD	pooled	raw	MDDpooled	0p05	slope_PC2	EUR	4116	3447	655	686	-0.0185194289168548	0.0558869653861567	0.740447755375995	0.0265169653394255	0.0168128785744006	0.114846043535783	0.0450363942562803	0.0583586948091843	0.771716955006207	0.440282086433082
CT	MDD	pooled	raw	MDDpooled	0p1	slope_PC2	EUR	4116	3447	655	686	0.00195994304995133	0.056218449314623	0.972197507847116	0.027222534949003	0.0168360958610267	0.105988784946461	0.0252625918990516	0.0586803483406452	0.430511962069479	0.666823267061505
CT	MDD	pooled	raw	MDDpooled	0p5	slope_PC2	EUR	4116	3447	655	686	0.0232576687232004	0.0569828761617644	0.683269178285644	0.0274835464478635	0.0168513792990939	0.102996136795361	0.00422587772466308	0.0594127649756745	0.0711274374520911	0.943296331538558
CT	MDD	pooled	raw	MDDpooled	1	slope_PC2	EUR	4116	3447	655	686	0.0222239689399101	0.0570816877681887	0.697128951521511	0.0266694642791704	0.016839088495823	0.113336154000455	0.00444549533926032	0.0595032020772233	0.0747101867474451	0.940445302474942
CT	MDD	pooled	raw	MDDpooled	1e-5	slope_PC2	EUR	4116	3447	655	686	-0.0685664851604871	0.0542463940667865	0.206597365223147	0.00764435734512886	0.0167564437405093	0.648272618824476	0.0762108425056159	0.0567071997928088	1.34393591614588	0.17896911056527
CT	MDD	pooled	raw	MDDpooled	5e-8	slope_PC2	EUR	4116	3447	655	686	0.0389922091463051	0.0564265209385767	0.489745296801278	0.00326498849064938	0.0167049850798584	0.84505231895868	-0.0357272206556558	0.0587497812034699	-0.608125169554599	0.543104460013171
CT	MDD	pooled	raw	MDDpooled	0p001	slope_PC2	full	8082	6789	1250	1339	0.00134427476416734	0.0539234710054288	0.980114404252098	0.00513035875472406	0.0170514871559903	0.763519361536687	0.00378608399055672	0.0564164267899648	0.0671096027519095	0.946494449241012
CT	MDD	pooled	raw	MDDpooled	0p01	slope_PC2	full	8082	6789	1250	1339	-0.00260954686767326	0.0599772769729192	0.965301180310552	0.0437522973957925	0.0187511636884881	0.0196607830990436	0.0463618442634658	0.0626479229664975	0.740038010330508	0.459276930800053
CT	MDD	pooled	raw	MDDpooled	0p05	slope_PC2	full	8082	6789	1250	1339	0.0178095072981742	0.0685475246883637	0.79504116138951	0.0472457556527506	0.0218678793361267	0.0307678290496079	0.0294362483545765	0.0714831990479345	0.411792543515538	0.680491487153267
CT	MDD	pooled	raw	MDDpooled	0p1	slope_PC2	full	8082	6789	1250	1339	0.0424222312046678	0.072611574569155	0.559142921750376	0.0456635069426512	0.0233488691858546	0.0505402845368371	0.00324127573798345	0.0756492025634335	0.0428461322545413	0.965824189511598
CT	MDD	pooled	raw	MDDpooled	0p5	slope_PC2	full	8082	6789	1250	1339	0.0400365531648396	0.0772633779997411	0.60440095864672	0.0480725745892288	0.0246558900567514	0.0512478166713854	0.00803602142438913	0.0802817503730072	0.100097735625493	0.920266733014206
CT	MDD	pooled	raw	MDDpooled	1	slope_PC2	full	8082	6789	1250	1339	0.0393421694012428	0.0771790706303413	0.610294264509829	0.0474809918856734	0.0246953163062189	0.0545626550117478	0.00813882248443057	0.0802108035699839	0.101467908588267	0.919179031286651
CT	MDD	pooled	raw	MDDpooled	1e-5	slope_PC2	full	8082	6789	1250	1339	-0.0128504686201375	0.0419663985021688	0.759484982475658	-0.00510129619866266	0.0133203148277772	0.701753281905295	0.00774917242147485	0.0440298346752158	0.175998217541272	0.860295342785934
CT	MDD	pooled	raw	MDDpooled	5e-8	slope_PC2	full	8082	6789	1250	1339	0.0445085340051388	0.0399860839518579	0.265829475615792	-0.0062830109107164	0.0123957676663946	0.612264438753803	-0.0507915449158552	0.0418511437455075	-1.21362381933248	0.224891407014405
CT	MDD	pooled	raw	MDDpooled	0p001	slope_PC3	EUR	4116	3447	655	686	-0.0125930342713682	0.0532715303323558	0.81320132759119	-0.00903911248029783	0.0167474250402189	0.589419121418624	0.00355392179107033	0.0558068238151773	0.0636825668997094	0.949222986166096
CT	MDD	pooled	raw	MDDpooled	0p01	slope_PC3	EUR	4116	3447	655	686	-0.00854851392343108	0.0539881128044495	0.874237094482864	-0.00832054586804118	0.0167110312424263	0.618582730042325	0.000227968055389896	0.0564924684003307	0.00403537076437187	0.996780248708516
CT	MDD	pooled	raw	MDDpooled	0p05	slope_PC3	EUR	4116	3447	655	686	0.000306095598074589	0.0542449996602914	0.995499407642822	-0.000481065999985212	0.0167823793726801	0.977133551094888	-0.000787161598059801	0.0567793830306937	-0.0138635109443559	0.988938872979232
CT	MDD	pooled	raw	MDDpooled	0p1	slope_PC3	EUR	4116	3447	655	686	-0.0162784964460286	0.0545576431871849	0.765513371293132	-0.00365848367707379	0.0168060632127902	0.827685464184612	0.0126200127689548	0.0570824481353945	0.221083944035149	0.825027071752821
CT	MDD	pooled	raw	MDDpooled	0p5	slope_PC3	EUR	4116	3447	655	686	-0.0430282289316406	0.0552825672155264	0.436653806961486	-0.00405553405416529	0.0168233114739427	0.809518840717192	0.0389726948774753	0.0577759547786411	0.674548694639364	0.499962538418384
CT	MDD	pooled	raw	MDDpooled	1	slope_PC3	EUR	4116	3447	655	686	-0.0456404716885684	0.0553779746642087	0.410146840926442	-0.00323489960871973	0.0168106962878768	0.847416565373757	0.0424055720798487	0.0578626979055251	0.732865448982106	0.46364049811111
CT	MDD	pooled	raw	MDDpooled	1e-5	slope_PC3	EUR	4116	3447	655	686	-0.0686057572134203	0.0526329262521657	0.192869739466063	-7.96091003400576e-05	0.0167248542040968	0.996202434587832	0.0685261481130803	0.0551567023180557	1.24239023061841	0.214092618357116
CT	MDD	pooled	raw	MDDpooled	5e-8	slope_PC3	EUR	4116	3447	655	686	-0.0265213328163355	0.0547757542398471	0.628419401643673	-0.0124312766330694	0.0166673559943367	0.45581389752545	0.0140900561832661	0.0571559812763124	0.246519364528967	0.805280216165155
CT	MDD	pooled	raw	MDDpooled	0p001	slope_PC3	full	8082	6789	1250	1339	-0.0383181968138939	0.0533543101646889	0.472754414731559	-0.00992489348610059	0.0167687495163303	0.553958729636524	0.0283933033277933	0.0557916555717553	0.508916665705965	0.610810637759794
CT	MDD	pooled	raw	MDDpooled	0p01	slope_PC3	full	8082	6789	1250	1339	-0.0192774381629332	0.0593377318980564	0.745319188195322	-0.0252025502271692	0.0184467922485018	0.171912804433973	-0.00592511206423606	0.0619508728130527	-0.0956421079347193	0.923804821176422
CT	MDD	pooled	raw	MDDpooled	0p05	slope_PC3	full	8082	6789	1250	1339	-0.0107840527850109	0.0678192843855067	0.873680839250629	-0.0298552773378557	0.0215119764740008	0.165230262157958	-0.0190712245528448	0.0706913483797409	-0.269781592655408	0.787328284857772
CT	MDD	pooled	raw	MDDpooled	0p1	slope_PC3	full	8082	6789	1250	1339	-0.0210452587376292	0.0718429612275135	0.769612393684022	-0.0365539413563803	0.0229668564639613	0.111522297319972	-0.015508682618751	0.0748141246489246	-0.207296184932025	0.835778553424425
CT	MDD	pooled	raw	MDDpooled	0p5	slope_PC3	full	8082	6789	1250	1339	-0.028842842018833	0.0764441429779987	0.70599871108129	-0.0364684176169105	0.0242525082736416	0.13270624977546	-0.00762557559807747	0.0793964927316523	-0.096044237418027	0.923485438556879
CT	MDD	pooled	raw	MDDpooled	1	slope_PC3	full	8082	6789	1250	1339	-0.0311633249948236	0.0763622214475564	0.6832585734349	-0.0358198394781914	0.0242910539659089	0.140363996940226	-0.00465651448336777	0.079327530833494	-0.0586998540663222	0.953191175577489
CT	MDD	pooled	raw	MDDpooled	1e-5	slope_PC3	full	8082	6789	1250	1339	-0.0452140540508192	0.0415210820676961	0.276352002769744	-0.013134067622531	0.0130979414941042	0.316014329257471	0.0320799864282882	0.0435381885729095	0.736824095806528	0.461229327927313
CT	MDD	pooled	raw	MDDpooled	5e-8	slope_PC3	full	8082	6789	1250	1339	-0.00854395432538612	0.0395861303145544	0.829147619070969	-0.0178470678804875	0.0121884201826115	0.143169247687651	-0.00930311355510142	0.0414080776600795	-0.224669052049965	0.822236742013518
CT	MDD	pooled	zanc	MDDpooled	0p001	baseline_thickness	EUR	4116	3447	655	686	-0.0597914407185075	0.040819333015311	0.14343056190052	-0.0214743024961332	0.0172318869994446	0.212776993577545	0.0383171382223743	0.0442623496636294	0.865682425663446	0.38666434018906
CT	MDD	pooled	zanc	MDDpooled	0p01	baseline_thickness	EUR	4116	3447	655	686	0.0132371776262162	0.0414250341685787	0.749408383812618	-0.0283390164345519	0.0171832352842944	0.0991922356593672	-0.0415761940607681	0.0448188758451915	-0.927649194155966	0.353589570645172
CT	MDD	pooled	zanc	MDDpooled	0p05	baseline_thickness	EUR	4116	3447	655	686	0.0263439979721219	0.0416142805119032	0.52690648647497	-0.0232290181694752	0.0172513357343962	0.17822745979729	-0.0495730161415971	0.0450468557516913	-1.10047672172404	0.271124466621126
CT	MDD	pooled	zanc	MDDpooled	0p1	baseline_thickness	EUR	4116	3447	655	686	0.0149876959499172	0.0418646090390567	0.720448215155533	-0.0239977426185848	0.0172768703124601	0.164918884945649	-0.0389854385685019	0.0452837155947395	-0.860915188969847	0.389284755493393
CT	MDD	pooled	zanc	MDDpooled	0p5	baseline_thickness	EUR	4116	3447	655	686	0.0174725036768836	0.0424300769818411	0.680615681030131	-0.0275431834120753	0.0173047021953518	0.111552717756379	-0.0450156870889589	0.0458115657372984	-0.982627124056327	0.325790989769007
CT	MDD	pooled	zanc	MDDpooled	1	baseline_thickness	EUR	4116	3447	655	686	0.0111244122761176	0.0425095079574606	0.793635695250985	-0.0255847823529246	0.0172937932670417	0.139119188030422	-0.0367091946290422	0.0458798246377607	-0.800116280279529	0.423643429470943
CT	MDD	pooled	zanc	MDDpooled	1e-5	baseline_thickness	EUR	4116	3447	655	686	-0.042515204907666	0.0404278015079221	0.293330628430841	0.0105400948224222	0.0172191241253821	0.540501588795462	0.0530552997300883	0.0438539889823758	1.20981696217898	0.226349135995168
CT	MDD	pooled	zanc	MDDpooled	5e-8	baseline_thickness	EUR	4116	3447	655	686	-0.0774568686591005	0.0419615726843871	0.0653288066863382	-0.0148458858280806	0.0171359512481895	0.386353158049423	0.0626109828310199	0.0451997214189206	1.38520727264507	0.165989097548919
CT	MDD	pooled	zanc	MDDpooled	0p001	baseline_thickness	full	8082	6789	1250	1339	-0.0399817055275934	0.0307983316471996	0.194445999184907	-0.00961779207699485	0.0119384395261508	0.420492703789181	0.0303639134505985	0.0330440975854463	0.918890684549116	0.358152752883763
CT	MDD	pooled	zanc	MDDpooled	0p01	baseline_thickness	full	8082	6789	1250	1339	-0.00340830243964478	0.0311673237343821	0.912937004742403	-0.0106709545683785	0.0119559255408079	0.37214340036718	-0.00726265212873371	0.0334015708745537	-0.217434448098566	0.827869787601713
CT	MDD	pooled	zanc	MDDpooled	0p05	baseline_thickness	full	8082	6789	1250	1339	0.011777346089312	0.0319693394631449	0.712635871721337	-0.0109039544425238	0.0120048875641376	0.363755514580218	-0.0226813005318358	0.0341601815063261	-0.663968970060521	0.506710171400213
CT	MDD	pooled	zanc	MDDpooled	0p1	baseline_thickness	full	8082	6789	1250	1339	0.0107182574244408	0.0321376070224373	0.738799573378168	-0.0129077789825161	0.0120175238528317	0.282824829766117	-0.0236260364069569	0.0343241320584008	-0.688321451705126	0.491250375816096
CT	MDD	pooled	zanc	MDDpooled	0p5	baseline_thickness	full	8082	6789	1250	1339	0.00872696755042163	0.032893914105067	0.790813503187519	-0.0148086355531398	0.0120448270387366	0.218941668658123	-0.0235356031035614	0.0350434288480568	-0.671612449957689	0.501830450303886
CT	MDD	pooled	zanc	MDDpooled	1	baseline_thickness	full	8082	6789	1250	1339	0.0065385563857355	0.0327702818479882	0.841880268528382	-0.0147151882152774	0.0120420786883657	0.22175710479936	-0.0212537446010129	0.0349262234520886	-0.608532572385577	0.542834309546421
CT	MDD	pooled	zanc	MDDpooled	1e-5	baseline_thickness	full	8082	6789	1250	1339	-0.0498714833240033	0.0297601631114777	0.09401035030589	0.0147045101299568	0.0118889258742562	0.216195114564986	0.0645759934539601	0.0320573406915659	2.01439021643332	0.0439685807283067
CT	MDD	pooled	zanc	MDDpooled	5e-8	baseline_thickness	full	8082	6789	1250	1339	-0.0562074683470549	0.0300916538575759	0.061993869087673	0.0016183064374905	0.0118527893610621	0.891403339562183	0.0578257747845454	0.0323436637089082	1.78785481153203	0.0737994350601208
CT	MDD	pooled	zanc	MDDpooled	0p001	global_slope	EUR	4116	3447	655	686	-0.0278868104189722	0.0526487155338884	0.59647764982513	-0.0270711817880137	0.0157807872256184	0.0863540086030904	0.000815628630958496	0.0549310338018384	0.0148482301261769	0.98815326173695
CT	MDD	pooled	zanc	MDDpooled	0p01	global_slope	EUR	4116	3447	655	686	-0.0903540753316399	0.0532975786795098	0.0903999787545404	-0.0096848923811683	0.0157523583801673	0.538713608588084	0.0806691829504716	0.0555559318179997	1.45203545887309	0.146491746046596
CT	MDD	pooled	zanc	MDDpooled	0p05	global_slope	EUR	4116	3447	655	686	-0.0790875554107782	0.0535749929310739	0.140269983504334	-0.0159229628915088	0.015819126957748	0.314215703003767	0.0631645925192694	0.0558592713271904	1.13078081791094	0.258147355514582
CT	MDD	pooled	zanc	MDDpooled	0p1	global_slope	EUR	4116	3447	655	686	-0.094705319876191	0.0538656695286609	0.0790879216860415	-0.0110435699651027	0.0158417791070623	0.485777229866083	0.0836617499110883	0.0561422252400456	1.49017516768134	0.136178183903675
CT	MDD	pooled	zanc	MDDpooled	0p5	global_slope	EUR	4116	3447	655	686	-0.107806130983528	0.0545798811773584	0.0485787580748619	-0.00757861993285259	0.0158554982338193	0.632694901469629	0.100227511050676	0.0568273172840191	1.76372061608585	0.077779028396842
CT	MDD	pooled	zanc	MDDpooled	1	global_slope	EUR	4116	3447	655	686	-0.106552422516704	0.0546799497568726	0.0516753411893601	-0.00824315164874718	0.0158432146400228	0.602891749688545	0.098309270867957	0.0569192225618795	1.72717170831138	0.084136830247957
CT	MDD	pooled	zanc	MDDpooled	1e-5	global_slope	EUR	4116	3447	655	686	-0.0654325120122112	0.0520477183717462	0.209048164471311	-0.0188773815580476	0.0157589462553069	0.231046825794841	0.0465551304541636	0.0543179732920645	0.857085189902787	0.391397805456698
CT	MDD	pooled	zanc	MDDpooled	5e-8	global_slope	EUR	4116	3447	655	686	-0.0999435911071501	0.0540592978804038	0.0648468232779482	-0.00884894694240777	0.0157134979295629	0.573374503740723	0.0910946441647424	0.0562062864539187	1.62071985025069	0.105077734469582
CT	MDD	pooled	zanc	MDDpooled	0p001	global_slope	full	8082	6789	1250	1339	-0.0134113455897511	0.0380593855301515	0.724600105768466	-0.0143925600885033	0.0112751082294056	0.201826686707191	-0.000981214498752157	0.0397043686083965	-0.0247130110147289	0.980283876961699
CT	MDD	pooled	zanc	MDDpooled	0p01	global_slope	full	8082	6789	1250	1339	-0.0440695118372713	0.0384815843724033	0.252293298466585	-0.0167132501174648	0.011296259593101	0.139043271307686	0.0273562617198065	0.0401204239119396	0.681853755579722	0.495331429330881
CT	MDD	pooled	zanc	MDDpooled	0p05	global_slope	full	8082	6789	1250	1339	-0.0326860956165759	0.039489357190523	0.407953113081783	-0.0172129982350611	0.0113428558953614	0.129182683967681	0.0154730973815148	0.0410946662827658	0.376523251826572	0.706527932684172
CT	MDD	pooled	zanc	MDDpooled	0p1	global_slope	full	8082	6789	1250	1339	-0.0487458287411665	0.0396899083274451	0.219565228408648	-0.0177901508438481	0.011357000166433	0.117290683349809	0.0309556778973184	0.041292775240084	0.749663293816805	0.453457520028056
CT	MDD	pooled	zanc	MDDpooled	0p5	global_slope	full	8082	6789	1250	1339	-0.0452977662662064	0.0406269107126845	0.265031160139028	-0.0173972828688647	0.0113790467792341	0.126339411082724	0.0279004833973417	0.0422006761733955	0.661138302208792	0.508523623875814
CT	MDD	pooled	zanc	MDDpooled	1	global_slope	full	8082	6789	1250	1339	-0.0435747038205181	0.0404747363791687	0.281825901951228	-0.0176742099240089	0.0113756486125095	0.120305970564119	0.0259004938965092	0.0420530810479099	0.615900030416356	0.537960501493331
CT	MDD	pooled	zanc	MDDpooled	1e-5	global_slope	full	8082	6789	1250	1339	-0.0471136465861045	0.0367685607596103	0.200253930903497	-0.0127921457180006	0.0112255358126337	0.25451146605598	0.0343215008681039	0.0384522434060477	0.89257473239405	0.372084955487684
CT	MDD	pooled	zanc	MDDpooled	5e-8	global_slope	full	8082	6789	1250	1339	-0.0727969193163458	0.0371595573185062	0.0502822606435643	-0.00871340490232012	0.0111945385002513	0.436383022398917	0.0640835144140257	0.0388105119810608	1.65118961701144	0.0986998625754282
CT	MDD	pooled	zanc	MDDpooled	0p001	slope_PC1	EUR	4116	3447	655	686	-0.0112147933074305	0.0564541881148156	0.842586034433223	0.0039356403718189	0.0163102700999857	0.809339020530432	0.0151504336792494	0.0587311793198345	0.257962360958974	0.796435955913196
CT	MDD	pooled	zanc	MDDpooled	0p01	slope_PC1	EUR	4116	3447	655	686	0.0154983142572695	0.0572113587728966	0.78654292745139	0.00606253986443915	0.0162785277196623	0.709599932308071	-0.00943577439283035	0.0594613310302516	-0.158687574417562	0.873915028303221
CT	MDD	pooled	zanc	MDDpooled	0p05	slope_PC1	EUR	4116	3447	655	686	0.0343409489314903	0.0574699646450729	0.550316430106298	0.00724817935727831	0.0163506700598949	0.657580861141645	-0.027092769574212	0.0597480658082221	-0.453450152866433	0.650224629439218
CT	MDD	pooled	zanc	MDDpooled	0p1	slope_PC1	EUR	4116	3447	655	686	0.0584441691174107	0.0577825366338699	0.312115043988599	0.00894219448588632	0.0163728584164365	0.584992949001038	-0.0495019746315243	0.0600526596426279	-0.824309446510938	0.409763752439237
CT	MDD	pooled	zanc	MDDpooled	0p5	slope_PC1	EUR	4116	3447	655	686	0.0927352192896894	0.058521831782654	0.113458428086605	0.00941795122288064	0.016383994188006	0.565448115353383	-0.0833172680668088	0.0607629812890606	-1.37118466374211	0.170317397749524
CT	MDD	pooled	zanc	MDDpooled	1	slope_PC1	EUR	4116	3447	655	686	0.0925189606827513	0.0586251422033017	0.114939542464466	0.00890486644686716	0.0163712920675374	0.586525339641304	-0.0836140942358841	0.0608582870316342	-1.37391468465784	0.169468170203129
CT	MDD	pooled	zanc	MDDpooled	1e-5	slope_PC1	EUR	4116	3447	655	686	0.0271121564455676	0.0558396039217729	0.627432290315444	-0.00288307139218369	0.0162826305026356	0.859468954734478	-0.0299952278377513	0.0581017915115572	-0.516253063070953	0.605677673748563
CT	MDD	pooled	zanc	MDDpooled	5e-8	slope_PC1	EUR	4116	3447	655	686	0.0774133996012928	0.0579877280453329	0.182267698484399	0.00468689275821409	0.0162394469721519	0.772896658615298	-0.0727265068430787	0.0601280098310779	-1.20952792296626	0.226460090172899
CT	MDD	pooled	zanc	MDDpooled	0p001	slope_PC1	full	8082	6789	1250	1339	0.0233018979821251	0.0398252944859347	0.558562885008992	0.00408709356028347	0.011636708607552	0.725431319794436	-0.0192148044218416	0.0415007530272935	-0.462998934241139	0.643365131026552
CT	MDD	pooled	zanc	MDDpooled	0p01	slope_PC1	full	8082	6789	1250	1339	0.0264483950197921	0.0402797803396863	0.51152367433309	0.0173228723137554	0.0116577383494626	0.137338380551368	-0.00912552270603669	0.0419482291495885	-0.217542501579621	0.827785588493654
CT	MDD	pooled	zanc	MDDpooled	0p05	slope_PC1	full	8082	6789	1250	1339	0.0404750389601271	0.0413167366413252	0.327421307388867	0.0144852373288117	0.0117066619532257	0.216000788101911	-0.0259898016313154	0.0429519134520985	-0.605090659355611	0.54511876023619
CT	MDD	pooled	zanc	MDDpooled	0p1	slope_PC1	full	8082	6789	1250	1339	0.0582341258004344	0.041523436305291	0.160982681233021	0.0165049207096635	0.0117211933196606	0.159140225629414	-0.041729205090771	0.0431562175734905	-0.966933791630615	0.333577132662405
CT	MDD	pooled	zanc	MDDpooled	0p5	slope_PC1	full	8082	6789	1250	1339	0.0704979913469449	0.0424930126798038	0.0973069322177906	0.0157554400127975	0.0117433933538337	0.179757637865419	-0.0547425513341474	0.044096355177479	-1.24143029767017	0.214446832464182
CT	MDD	pooled	zanc	MDDpooled	1	slope_PC1	full	8082	6789	1250	1339	0.0688693088786903	0.042333623233569	0.103976651730603	0.0157462596135459	0.0117399362217897	0.179883200367082	-0.0531230492651444	0.0439416568638614	-1.20894506617555	0.226683950813521
CT	MDD	pooled	zanc	MDDpooled	1e-5	slope_PC1	full	8082	6789	1250	1339	0.0297196503810496	0.038492408211665	0.440176943474799	-0.0021604044508681	0.0115849687155748	0.85207140944874	-0.0318800548319177	0.0402064217150784	-0.792909527185352	0.427830536167495
CT	MDD	pooled	zanc	MDDpooled	5e-8	slope_PC1	full	8082	6789	1250	1339	0.0607671806657647	0.0389060516969072	0.11851514356786	-0.00252444190866269	0.0115527179680466	0.827034608488046	-0.0632916225744274	0.0405864213435192	-1.55942851030727	0.118894992753374
CT	MDD	pooled	zanc	MDDpooled	0p001	slope_PC2	EUR	4116	3447	655	686	-0.0352199019641619	0.054870793130513	0.521138145128348	0.00681578920922826	0.0167824293222711	0.684675268638831	0.0420356911733901	0.0573454320450709	0.733025973897136	0.463542587678946
CT	MDD	pooled	zanc	MDDpooled	0p01	slope_PC2	EUR	4116	3447	655	686	-0.0415820592469304	0.0556062596272879	0.454799464428942	0.0213995455585946	0.0167431611743041	0.201298784063316	0.062981604805525	0.0580499043545817	1.08495622009675	0.277941045991287
CT	MDD	pooled	zanc	MDDpooled	0p05	slope_PC2	EUR	4116	3447	655	686	-0.018519443880532	0.0558869661791339	0.740447556781301	0.0265169648451473	0.0168128785422116	0.114846049603209	0.0450364087256793	0.0583586955515508	0.771717193128429	0.440281945368318
CT	MDD	pooled	zanc	MDDpooled	0p1	slope_PC2	EUR	4116	3447	655	686	0.00195992996701479	0.0562184493518907	0.972197693376481	0.0272225419454032	0.0168360958734204	0.105988695485225	0.0252626119783884	0.0586803483713768	0.430512304025636	0.6668230183681
CT	MDD	pooled	zanc	MDDpooled	0p5	slope_PC2	EUR	4116	3447	655	686	0.0232576836021086	0.0569828765605982	0.683268988770903	0.0274835553707438	0.0168513792728427	0.10299602451309	0.00422587176863517	0.0594127653579834	0.0711273367461145	0.943296411687305
CT	MDD	pooled	zanc	MDDpooled	1	slope_PC2	EUR	4116	3447	655	686	0.0222239326918788	0.0570816877948453	0.697129421162641	0.0266694622237017	0.0168390884994123	0.113336181865096	0.00444552953182297	0.0595032020977715	0.0747107613556391	0.940444845281665
CT	MDD	pooled	zanc	MDDpooled	1e-5	slope_PC2	EUR	4116	3447	655	686	-0.0685664648038723	0.0542463921418325	0.206597483758809	0.00764435459779682	0.0167564437777874	0.648272737431855	0.0762108194016691	0.0567071979551285	1.34393555227281	0.178969228240921
CT	MDD	pooled	zanc	MDDpooled	5e-8	slope_PC2	EUR	4116	3447	655	686	0.0389922161558294	0.0564265212859213	0.489745221446979	0.00326498669832014	0.0167049851112549	0.845052403227544	-0.0357272294575093	0.0587497815397738	-0.608125315892823	0.543104362963683
CT	MDD	pooled	zanc	MDDpooled	0p001	slope_PC2	full	8082	6789	1250	1339	0.0082759741664964	0.039451799324093	0.833870056649113	0.00366139477908056	0.0119135469758857	0.758601378622134	-0.00461457938741584	0.0412220651081856	-0.11194440102176	0.91086749091002
CT	MDD	pooled	zanc	MDDpooled	0p01	slope_PC2	full	8082	6789	1250	1339	0.00693708460807009	0.0399052508634456	0.862013670223211	0.0260704328977643	0.0119316911662405	0.0289248024901591	0.0191333482896942	0.0416670536803371	0.459196093788683	0.646093355411585
CT	MDD	pooled	zanc	MDDpooled	0p05	slope_PC2	full	8082	6789	1250	1339	0.0181210836530077	0.0409351194785058	0.658057321797407	0.0235452041862189	0.0119820520556117	0.0494503401504515	0.00542412053321121	0.042661878502003	0.127142093214591	0.898827936210384
CT	MDD	pooled	zanc	MDDpooled	0p1	slope_PC2	full	8082	6789	1250	1339	0.0313327743382315	0.0411473107003363	0.44648186282217	0.0211886117502913	0.0119976995600635	0.0774312229932065	-0.0101441625879402	0.0428714806417096	-0.236617966911806	0.812953180394762
CT	MDD	pooled	zanc	MDDpooled	0p5	slope_PC2	full	8082	6789	1250	1339	0.0273704395462018	0.0421183996232645	0.515883915546825	0.0210602385742649	0.0120213127323731	0.0798347339504357	-0.00631020097193682	0.0438114198044423	-0.144030962705687	0.885476019840865
CT	MDD	pooled	zanc	MDDpooled	1	slope_PC2	full	8082	6789	1250	1339	0.0260268559960245	0.0419594070892004	0.535155967840539	0.0208632645301032	0.0120179506573031	0.0826077481130254	-0.00516359146592135	0.0436574580611306	-0.118275128586074	0.905849663570096
CT	MDD	pooled	zanc	MDDpooled	1e-5	slope_PC2	full	8082	6789	1250	1339	-0.00693717604322817	0.0381316547746612	0.855662654043255	-0.00682639951725479	0.0118611368102525	0.564954401333506	0.000110776525973382	0.0399426497697512	0.00277338951251236	0.997787158163623
CT	MDD	pooled	zanc	MDDpooled	5e-8	slope_PC2	full	8082	6789	1250	1339	0.0452247002540884	0.0385477849484322	0.240882574539061	-0.00813091691875112	0.0118272448244813	0.491807965575049	-0.0533556171728396	0.0403228733707168	-1.32320969992152	0.185765651153889
CT	MDD	pooled	zanc	MDDpooled	0p001	slope_PC3	EUR	4116	3447	655	686	-0.0125930412363221	0.0532715293313381	0.813201222744517	-0.00903911405689072	0.016747425032665	0.58941905632692	0.00355392717943137	0.0558068228615231	0.0636826645417523	0.949222908416832
CT	MDD	pooled	zanc	MDDpooled	0p01	slope_PC3	EUR	4116	3447	655	686	-0.00854848952672466	0.0539881115867966	0.874237447592332	-0.00832055584960894	0.0167110312444974	0.618582309112214	0.000227933677115722	0.0564924672637579	0.00403476229939687	0.996780734189373
CT	MDD	pooled	zanc	MDDpooled	0p05	slope_PC3	EUR	4116	3447	655	686	0.000306035366780172	0.0542450004199823	0.99550029329068	-0.000481072567441317	0.0167823793392951	0.977133238964879	-0.000787107934221489	0.0567793837386087	-0.0138625656425762	0.988939627148454
CT	MDD	pooled	zanc	MDDpooled	0p1	slope_PC3	EUR	4116	3447	655	686	-0.0162785017957499	0.0545576432330875	0.765513296686907	-0.00365848804172897	0.0168060632286245	0.82768526199707	0.0126200137540209	0.057082448175171	0.221083961137991	0.825027058436183
CT	MDD	pooled	zanc	MDDpooled	0p5	slope_PC3	EUR	4116	3447	655	686	-0.0430282826759561	0.055282567558707	0.436653237235651	-0.00405554005587746	0.0168233114503014	0.809518563984871	0.0389727426200786	0.057775955107576	0.674549517139324	0.499962015696876
CT	MDD	pooled	zanc	MDDpooled	1	slope_PC3	EUR	4116	3447	655	686	-0.0456404914836255	0.0553779746476088	0.410146637854598	-0.00323489604703892	0.0168106962907339	0.847416731332365	0.0424055954365866	0.0578626978842574	0.732865852909423	0.463640251725564
CT	MDD	pooled	zanc	MDDpooled	1e-5	slope_PC3	EUR	4116	3447	655	686	-0.068605737161398	0.0526329243570218	0.192869853373686	-7.95987626335987e-05	0.0167248542422778	0.996202927728815	0.0685261383987644	0.0551567005138214	1.24239009513618	0.214092668320103
CT	MDD	pooled	zanc	MDDpooled	5e-8	slope_PC3	EUR	4116	3447	655	686	-0.0265213830975837	0.0547757562233202	0.628418763027838	-0.0124312821744407	0.0166673559130413	0.455813694494915	0.014090100923143	0.0571559831479619	0.2465201392244	0.805279616547257
CT	MDD	pooled	zanc	MDDpooled	0p001	slope_PC3	full	8082	6789	1250	1339	-0.0338803672169216	0.0390346713390384	0.385555634793519	0.00109136887880334	0.0117160614371574	0.925785994879939	0.0349717360957249	0.0407654887070399	0.85787604184138	0.390960914819852
CT	MDD	pooled	zanc	MDDpooled	0p01	slope_PC3	full	8082	6789	1250	1339	-0.0176207878532084	0.0394847204794844	0.655466827535676	-0.00628107213347921	0.0117383550161034	0.59260566363522	0.0113397157197292	0.0412084738273784	0.275179220837711	0.783178550304605
CT	MDD	pooled	zanc	MDDpooled	0p05	slope_PC3	full	8082	6789	1250	1339	-0.0151886186630378	0.040508916136584	0.707753630876933	-0.00532706879688039	0.0117870475587898	0.651324993393114	0.0098615498661574	0.0421979159607107	0.233697556896867	0.815219784556991
CT	MDD	pooled	zanc	MDDpooled	0p1	slope_PC3	full	8082	6789	1250	1339	-0.0212157746843361	0.0407213832454977	0.602443815643493	-0.00651674027731089	0.0118018288863421	0.580843075914029	0.0146990344070252	0.0424075768913976	0.346613399880599	0.728881777667823
CT	MDD	pooled	zanc	MDDpooled	0p5	slope_PC3	full	8082	6789	1250	1339	-0.0270501988192472	0.0416779375216199	0.516417610148261	-0.0055173939226981	0.0118249519560677	0.6408090969184	0.0215328048965491	0.043333793376564	0.496905606888193	0.619255617444533
CT	MDD	pooled	zanc	MDDpooled	1	slope_PC3	full	8082	6789	1250	1339	-0.0281567636539184	0.0415204454797984	0.497784864938343	-0.00528270002560686	0.0118215314712209	0.654982680900059	0.0228740636283115	0.0431811987558375	0.529722756370196	0.596304167745308
CT	MDD	pooled	zanc	MDDpooled	1e-5	slope_PC3	full	8082	6789	1250	1339	-0.0387112676636597	0.0377297244646044	0.305047652384563	-0.00681781593923655	0.0116639608464807	0.558890520310635	0.0318934517244232	0.0395001722309784	0.807425636980145	0.419421301541308
CT	MDD	pooled	zanc	MDDpooled	5e-8	slope_PC3	full	8082	6789	1250	1339	-0.00329874425674562	0.0381662992264173	0.931135327209831	-0.0121610672002157	0.0116306544108877	0.295781507242968	-0.00886232294347008	0.0399005382341926	-0.222110360803994	0.824227972541568
CT	MDD	EUR	raw	MDDeur	0p001	baseline_thickness	EUR	4116	3447	655	686	-0.0238355341743166	0.0415473883970768	0.566358565934466	-0.0149914335421082	0.0171996426383539	0.3834798203526	0.0088441006322084	0.0448996986032703	0.196974610238569	0.843847406621777
CT	MDD	EUR	raw	MDDeur	0p01	baseline_thickness	EUR	4116	3447	655	686	0.024638887330899	0.0406243424892277	0.544375916044806	-0.0246807965029313	0.017232596103269	0.152172185196359	-0.0493196838338303	0.0440958023793559	-1.1184666379247	0.263367747532755
CT	MDD	EUR	raw	MDDeur	0p05	baseline_thickness	EUR	4116	3447	655	686	0.0354347095143137	0.0416066516036787	0.394694461428191	-0.01410233110899	0.0172741955211187	0.414338223580811	-0.0495370406233036	0.0450382985772667	-1.09988703366134	0.271381344876511
CT	MDD	EUR	raw	MDDeur	0p1	baseline_thickness	EUR	4116	3447	655	686	0.0366194710142219	0.0420923901877546	0.384610860288074	-0.00999370595609431	0.0172730302299954	0.562915086448987	-0.0466131769703162	0.0454985552542668	-1.0244979584477	0.305600134622388
CT	MDD	EUR	raw	MDDeur	0p5	baseline_thickness	EUR	4116	3447	655	686	0.0288202907029579	0.0433561914766278	0.506440494299514	-0.00908184300269816	0.0173094460740883	0.599842399251793	-0.0379021337056561	0.0466862445589122	-0.811847987854931	0.416878862406744
CT	MDD	EUR	raw	MDDeur	1	baseline_thickness	EUR	4116	3447	655	686	0.0295068870753694	0.0434875188449262	0.497670436966125	-0.00816148441052533	0.0173011842135262	0.637149438384721	-0.0376683714858947	0.046802344674747	-0.804839410240474	0.420912356183539
CT	MDD	EUR	raw	MDDeur	1e-5	baseline_thickness	EUR	4116	3447	655	686	-0.0422447319202622	0.0413617333746633	0.307440818409287	0.00116235548127293	0.0172649925507786	0.946327315977837	0.0434070874015351	0.0446342723571355	0.97250576987609	0.330798995839964
CT	MDD	EUR	raw	MDDeur	5e-8	baseline_thickness	EUR	4116	3447	655	686	-0.0613165808734108	0.042143940122016	0.146133860733318	-0.00667542510064061	0.0172566869426934	0.698904678221208	0.0546411557727702	0.0453174574386255	1.20574186772883	0.22791703628862
CT	MDD	EUR	raw	MDDeur	0p001	baseline_thickness	full	8082	6789	1250	1339	-0.0343921760336989	0.03827478074123	0.369045872696447	-0.0162752038990699	0.0152280068097456	0.285212159286508	0.018116972134629	0.0411169914395935	0.4406200818765	0.659488062055749
CT	MDD	EUR	raw	MDDeur	0p01	baseline_thickness	full	8082	6789	1250	1339	0.000140630350129953	0.0416893270343019	0.997308999300949	-0.0348762742149067	0.0166496404847262	0.0362327553021358	-0.0350169045650367	0.0447477399974234	-0.782540181181283	0.433897180829972
CT	MDD	EUR	raw	MDDeur	0p05	baseline_thickness	full	8082	6789	1250	1339	0.0100407205736357	0.0463709435769952	0.828606663549924	-0.0262188185368585	0.018676321330871	0.160407528814881	-0.0362595391104942	0.0496861566898996	-0.729771460022488	0.465529892417105
CT	MDD	EUR	raw	MDDeur	0p1	baseline_thickness	full	8082	6789	1250	1339	0.0107050029874648	0.0487456980189126	0.826208358234826	-0.0292068467619548	0.0195921193812523	0.136074213274542	-0.0399118497494196	0.0521353358823239	-0.765543159432322	0.443948176545741
CT	MDD	EUR	raw	MDDeur	0p5	baseline_thickness	full	8082	6789	1250	1339	-0.00594326119311124	0.0528531966454006	0.910484340798045	-0.0298292663125902	0.020730999456524	0.150231837513197	-0.023886005119479	0.0562418108675301	-0.424701921062592	0.671053983199947
CT	MDD	EUR	raw	MDDeur	1	baseline_thickness	full	8082	6789	1250	1339	-0.00137439536231699	0.0527981541510655	0.979236313497047	-0.0303536996265179	0.0207114985824718	0.142816840584336	-0.0289793042642009	0.0561793580247847	-0.515835447094572	0.605969342894752
CT	MDD	EUR	raw	MDDeur	1e-5	baseline_thickness	full	8082	6789	1250	1339	-0.0432811966951124	0.0338277697892176	0.200953657059534	0.00450177674941996	0.0135803590761268	0.740283331299085	0.0477829734445324	0.0364168047903615	1.31211328724752	0.189481913405992
CT	MDD	EUR	raw	MDDeur	5e-8	baseline_thickness	full	8082	6789	1250	1339	-0.0375810920599635	0.0309910306433463	0.22547596848696	0.00446386312346882	0.0124637872897525	0.720244730923449	0.0420449551834323	0.0333665841625501	1.2600916827028	0.207636290321418
CT	MDD	EUR	raw	MDDeur	0p001	global_slope	EUR	4116	3447	655	686	-0.0203604122770241	0.0535026443568278	0.703634757728533	-0.0262774276138489	0.0157619356935997	0.0955776864383705	-0.00591701533682474	0.0557272283766792	-0.106178173743536	0.915440987871076
CT	MDD	EUR	raw	MDDeur	0p01	global_slope	EUR	4116	3447	655	686	-0.0494794592904793	0.0523268459644286	0.344636119747585	-0.0204569231593143	0.015797232926506	0.195418791779802	0.029022536131165	0.0546356900836363	0.531201053500693	0.595279463014622
CT	MDD	EUR	raw	MDDeur	0p05	global_slope	EUR	4116	3447	655	686	-0.0738708392918588	0.0535827391421317	0.168381153486545	-0.0153902580111586	0.0158267971152369	0.330912062619208	0.0584805812807002	0.0558617092833544	1.04688134378527	0.295154307349206
CT	MDD	EUR	raw	MDDeur	0p1	global_slope	EUR	4116	3447	655	686	-0.0715091784274057	0.0542231682985431	0.187603203889675	-0.0131261041476202	0.0158247360864457	0.406898271193365	0.0583830742797855	0.0564839523752511	1.03362232677908	0.301312757569167
CT	MDD	EUR	raw	MDDeur	0p5	global_slope	EUR	4116	3447	655	686	-0.105337278872351	0.0557784264112213	0.0593101287176196	-0.0130422248481236	0.0158531752419733	0.410743095070744	0.0922950540242279	0.0579892518244062	1.59158897762125	0.111477088336751
CT	MDD	EUR	raw	MDDeur	1	global_slope	EUR	4116	3447	655	686	-0.104637808790811	0.0559496883370468	0.0618081913190255	-0.0135478162268427	0.0158427444097272	0.392532427666167	0.0910899925639682	0.0581492909488439	1.56648500914832	0.117235115363502
CT	MDD	EUR	raw	MDDeur	1e-5	global_slope	EUR	4116	3447	655	686	-0.0544801731717891	0.0532242770732863	0.306323468677515	-0.023021550589994	0.0158231806358597	0.145782224817549	0.0314586225817951	0.0553926891649014	0.567920118269476	0.570089210533766
CT	MDD	EUR	raw	MDDeur	5e-8	global_slope	EUR	4116	3447	655	686	-0.0885905479398752	0.0542379549802721	0.10277086272059	-0.00994869639900865	0.0158499652355789	0.530255509132251	0.0786418515408666	0.0563456966676419	1.3957028875646	0.162803984413529
CT	MDD	EUR	raw	MDDeur	0p001	global_slope	full	8082	6789	1250	1339	-0.0366767643882142	0.0472695550313395	0.437918696761657	-0.0137938321583385	0.0143748223910244	0.337300171496441	0.0228829322298757	0.049350515577643	0.463681725753686	0.642875791752005
CT	MDD	EUR	raw	MDDeur	0p01	global_slope	full	8082	6789	1250	1339	-0.0131262744500094	0.0514997431604978	0.798848237254293	-0.0191889197304241	0.0157389438884303	0.222811159306812	-0.00606264528041467	0.0537438184514901	-0.112806373925345	0.910184064940965
CT	MDD	EUR	raw	MDDeur	0p05	global_slope	full	8082	6789	1250	1339	-0.0576199364092109	0.057263180327975	0.314457079930723	-0.0235252459242865	0.0176538631741982	0.182713874377655	0.0340946904849244	0.0596949134627817	0.571149005956456	0.567898641695268
CT	MDD	EUR	raw	MDDeur	0p1	global_slope	full	8082	6789	1250	1339	-0.0588863492505978	0.0602004643768799	0.328137654064829	-0.022450555378403	0.0185217344439609	0.225509439423348	0.0364357938721949	0.0626860967960257	0.581242025496552	0.56107734744856
CT	MDD	EUR	raw	MDDeur	0p5	global_slope	full	8082	6789	1250	1339	-0.0941724180629849	0.0652401474918769	0.149082963488422	-0.0298651840845358	0.0195994754710891	0.127612298464967	0.0643072339784491	0.0677243076854266	0.949544353810901	0.342343824806726
CT	MDD	EUR	raw	MDDeur	1	global_slope	full	8082	6789	1250	1339	-0.0908876226794978	0.0651743660219763	0.163351170105419	-0.0311534618951646	0.019579422227843	0.111626980053106	0.0597341607843332	0.0676526115014811	0.882954249046624	0.377260991124657
CT	MDD	EUR	raw	MDDeur	1e-5	global_slope	full	8082	6789	1250	1339	-0.0591390322162423	0.0417686966809418	0.157008361853957	-0.00982665054962179	0.0128105792109205	0.443065467888973	0.0493123816666205	0.0436636027447068	1.1293704267818	0.25874160281041
CT	MDD	EUR	raw	MDDeur	5e-8	global_slope	full	8082	6789	1250	1339	-0.0845150584381841	0.0382301978935135	0.0271987581426697	-0.00585896493015676	0.0117655503368375	0.618517191239887	0.0786560935080274	0.0399721811465523	1.96777086593414	0.0490944077732956
CT	MDD	EUR	raw	MDDeur	0p001	slope_PC1	EUR	4116	3447	655	686	-0.0168229887370089	0.0573718258682195	0.769426370188015	0.0184461328601431	0.0162887333938875	0.257528625592786	0.0352691215971521	0.0595901711370433	0.591861391302962	0.553943409356973
CT	MDD	EUR	raw	MDDeur	0p01	slope_PC1	EUR	4116	3447	655	686	0.00878165622765149	0.0561261214166668	0.875708661555654	0.0175205478893093	0.0163243339056483	0.283224703159389	0.00873889166165781	0.0584280401739245	0.149566742879694	0.88110644831418
CT	MDD	EUR	raw	MDDeur	0p05	slope_PC1	EUR	4116	3447	655	686	0.0234524425226014	0.0574784910309807	0.68337016901258	0.00662210399500713	0.016356314415756	0.685602800542369	-0.0168303385275943	0.0597506729020879	-0.281676133675914	0.778191856353554
CT	MDD	EUR	raw	MDDeur	0p1	slope_PC1	EUR	4116	3447	655	686	0.0382433310915455	0.0581424736981249	0.510891829199998	0.00168978225027123	0.0163543103762509	0.917712626052075	-0.0365535488412742	0.0603973938592169	-0.605217319914144	0.54503460915978
CT	MDD	EUR	raw	MDDeur	0p5	slope_PC1	EUR	4116	3447	655	686	0.084424059842072	0.0598161120414095	0.1585288566369	0.00989668254572129	0.0163825010758289	0.54581829576504	-0.0745273772963507	0.0620207195970867	-1.20165289568571	0.229498038364074
CT	MDD	EUR	raw	MDDeur	1	slope_PC1	EUR	4116	3447	655	686	0.0854782786531782	0.0599938146546799	0.154620815372397	0.00830508152806598	0.0163717738753524	0.611992110272485	-0.0771731971251122	0.0621874512937123	-1.24097700612656	0.214614243302644
CT	MDD	EUR	raw	MDDeur	1e-5	slope_PC1	EUR	4116	3447	655	686	0.0486070693280383	0.0570753788088102	0.394680719641811	0.00591530251198708	0.0163531452328917	0.717582503187199	-0.0426917668160512	0.059237614180718	-0.7206868035875	0.47110223342778
CT	MDD	EUR	raw	MDDeur	5e-8	slope_PC1	EUR	4116	3447	655	686	0.0984962533358867	0.0581093140451803	0.0904714830573749	0.00534699241955536	0.0163845859486482	0.744185274896478	-0.0931492609163314	0.0602135680394671	-1.54698125271827	0.121867766350483
CT	MDD	EUR	raw	MDDeur	0p001	slope_PC1	full	8082	6789	1250	1339	0.0514541297057606	0.04947044765449	0.298455073062457	0.0180800493255451	0.014831626702433	0.222880410494865	-0.0333740803802155	0.051588460184796	-0.646929182624672	0.517677777717152
CT	MDD	EUR	raw	MDDeur	0p01	slope_PC1	full	8082	6789	1250	1339	0.0396860371768351	0.0539096403852988	0.461744809331978	0.0308549797791982	0.0162376934703299	0.0574492463274388	-0.00883105739763698	0.0561927567427977	-0.15715650752032	0.875121504259571
CT	MDD	EUR	raw	MDDeur	0p05	slope_PC1	full	8082	6789	1250	1339	0.094850940725839	0.0599047632244516	0.113541476441541	0.0241777191872543	0.018217193719239	0.184490831449212	-0.0706732215385847	0.0623812887991986	-1.13292339576499	0.257246424136278
CT	MDD	EUR	raw	MDDeur	0p1	slope_PC1	full	8082	6789	1250	1339	0.105198681870857	0.0629616034247482	0.0949539644384632	0.0169031224657626	0.0191141987342376	0.376554096585689	-0.0882955594050944	0.0654939697661733	-1.34814792446278	0.177610809922994
CT	MDD	EUR	raw	MDDeur	0p5	slope_PC1	full	8082	6789	1250	1339	0.15344256918836	0.0682191120284418	0.0246349880853725	0.0279110189840537	0.0202250895775683	0.167627304489176	-0.125531550204307	0.070750064939733	-1.77429590080572	0.0760142182675299
CT	MDD	EUR	raw	MDDeur	1	slope_PC1	full	8082	6789	1250	1339	0.153152312579123	0.0681456644637039	0.0247521749795157	0.0271250255513248	0.0202048898151575	0.179480694635965	-0.126027287027798	0.0706708796103434	-1.78329868996498	0.0745376945541395
CT	MDD	EUR	raw	MDDeur	1e-5	slope_PC1	full	8082	6789	1250	1339	0.0486924469909795	0.0437252176785393	0.26562152808921	0.00628252222618978	0.0132185476552118	0.634602718104181	-0.0424099247647897	0.0456537068569354	-0.928948111435712	0.352915977842543
CT	MDD	EUR	raw	MDDeur	5e-8	slope_PC1	full	8082	6789	1250	1339	0.0678795653039397	0.0400320633359949	0.0901552570668175	0.00551258867795337	0.0121412005681307	0.649815094873198	-0.0623669766259863	0.0418046790391033	-1.49186593605107	0.13573429424669
CT	MDD	EUR	raw	MDDeur	0p001	slope_PC2	EUR	4116	3447	655	686	-0.105044398988062	0.055658867852634	0.059477111359161	0.0158453661385647	0.0167577791377235	0.344443655170482	0.120889765126627	0.0580741031147618	2.08164670038439	0.0373747524034986
CT	MDD	EUR	raw	MDDeur	0p01	slope_PC2	EUR	4116	3447	655	686	-0.0510840685649114	0.0545408516183849	0.349231231241266	0.0198467152906254	0.0167923594027271	0.23733177147128	0.0709307838555368	0.0570418226072737	1.24348733286254	0.213688305924786
CT	MDD	EUR	raw	MDDeur	0p05	slope_PC2	EUR	4116	3447	655	686	-0.0137799111495911	0.0558934472657578	0.805327026620656	0.0227194754277867	0.0168230080193696	0.176945294613489	0.0364993865773779	0.0583600693361102	0.625417121545363	0.531697327767111
CT	MDD	EUR	raw	MDDeur	0p1	slope_PC2	EUR	4116	3447	655	686	-0.00813652535826834	0.0565450551229742	0.885619251378596	0.0173018762347646	0.0168229434370113	0.303802279516213	0.0254384015930329	0.0589932981282067	0.431208330440335	0.666316897284556
CT	MDD	EUR	raw	MDDeur	0p5	slope_PC2	EUR	4116	3447	655	686	0.0181163195351606	0.0582261963702097	0.755775938525166	0.02558552246502	0.0168508101191686	0.129017757041458	0.0074692029298594	0.0606173264253304	0.123218943663906	0.901933725004269
CT	MDD	EUR	raw	MDDeur	1	slope_PC2	EUR	4116	3447	655	686	0.0112408911225225	0.0584011213471627	0.847416183193808	0.0235832295823054	0.0168411812882572	0.161505572425983	0.0123423384597829	0.0607806717603296	0.203063541456916	0.839085367718648
CT	MDD	EUR	raw	MDDeur	1e-5	slope_PC2	EUR	4116	3447	655	686	-0.0713078029411977	0.0554638909863574	0.19892516251225	0.00648161512362301	0.0168239101215185	0.700067266306584	0.0777894180648207	0.0578147581231323	1.34549413662074	0.178465713523634
CT	MDD	EUR	raw	MDDeur	5e-8	slope_PC2	EUR	4116	3447	655	686	-0.00528379834069277	0.056603982409771	0.925650888412792	0.00793378655546341	0.0168477538831562	0.637734216633905	0.0132175848961562	0.0588847415765464	0.22446536305121	0.822395215570272
CT	MDD	EUR	raw	MDDeur	0p001	slope_PC2	full	8082	6789	1250	1339	-0.0513530160610803	0.0490028974883055	0.294813204374141	0.0167120342799503	0.0151870663020575	0.271191990826882	0.0680650503410306	0.051241690816619	1.32831390331397	0.184074428574152
CT	MDD	EUR	raw	MDDeur	0p01	slope_PC2	full	8082	6789	1250	1339	0.00869925532520265	0.0533986787717412	0.870608393762494	0.0257825547852864	0.0166256956255383	0.12100458046833	0.0170832994600838	0.0558118281479766	0.30608743750142	0.759538072614527
CT	MDD	EUR	raw	MDDeur	0p05	slope_PC2	full	8082	6789	1250	1339	0.0578283243119526	0.0593745211204488	0.330221842851393	0.0349531405553238	0.0186477306648766	0.0609195724074456	-0.0228751837566288	0.0619893460829102	-0.369017987801217	0.712114317214344
CT	MDD	EUR	raw	MDDeur	0p1	slope_PC2	full	8082	6789	1250	1339	0.0763411692248362	0.0623940368026028	0.221305498466244	0.0217485869700316	0.0195684223917696	0.266430371667141	-0.0545925822548046	0.0650690176771252	-0.838995027183212	0.401472100148137
CT	MDD	EUR	raw	MDDeur	0p5	slope_PC2	full	8082	6789	1250	1339	0.0959965178807058	0.0676399096607452	0.156023710071115	0.0356895223828233	0.0207052352265033	0.0848085158236166	-0.0603069954978825	0.0703120896957619	-0.857704496606898	0.391055656455674
CT	MDD	EUR	raw	MDDeur	1	slope_PC2	full	8082	6789	1250	1339	0.0933000014500459	0.0675692914796282	0.167528489443126	0.0355766714034368	0.0206846458390741	0.0854862965482763	-0.0577233300466091	0.0702353509851122	-0.821855792517428	0.411158975644967
CT	MDD	EUR	raw	MDDeur	1e-5	slope_PC2	full	8082	6789	1250	1339	-0.0309383380918763	0.0433215779534243	0.475233426933844	7.49031196857807e-06	0.0135365182675062	0.999558514215004	0.0309458284038448	0.045359740043127	0.682231167427818	0.495092789671952
CT	MDD	EUR	raw	MDDeur	5e-8	slope_PC2	full	8082	6789	1250	1339	0.00609938856414781	0.0396927501741764	0.877892870766558	0.00362307354062537	0.0124310676164381	0.770713761761739	-0.00247631502352244	0.0415642740469148	-0.0595779688279253	0.952491765521194
CT	MDD	EUR	raw	MDDeur	0p001	slope_PC3	EUR	4116	3447	655	686	-0.0496222013526895	0.0541022673469157	0.359378772792383	-0.0276174542619722	0.0167186517474784	0.0986517696026488	0.0220047470907173	0.0565729374756622	0.388962427489005	0.697303940607247
CT	MDD	EUR	raw	MDDeur	0p01	slope_PC3	EUR	4116	3447	655	686	-0.0240178165149015	0.0529511762794922	0.650278190638241	-0.0232962882105825	0.0167555172764293	0.164512277868731	0.000721528304318958	0.0555129228427769	0.0129974836014753	0.9896298004868
CT	MDD	EUR	raw	MDDeur	0p05	slope_PC3	EUR	4116	3447	655	686	0.0132535558785484	0.0542401583291619	0.807036536844395	-0.00705365735631461	0.0167922193422254	0.674472780784929	-0.020307213234863	0.0567697266891229	-0.357712013412845	0.720558841819692
CT	MDD	EUR	raw	MDDeur	0p1	slope_PC3	EUR	4116	3447	655	686	0.00346762589267791	0.0548784975412156	0.949636582703767	-0.00121865905496908	0.0167903299691521	0.942143977958836	-0.00468628494764699	0.0573884428476056	-0.0816590364734476	0.934917853681185
CT	MDD	EUR	raw	MDDeur	0p5	slope_PC3	EUR	4116	3447	655	686	-0.0188899477892479	0.0565051866964393	0.738256520590477	-0.0051821142957757	0.0168217858872959	0.758056561371022	0.0137078334934722	0.0589578247419514	0.232502361704644	0.816147853096562
CT	MDD	EUR	raw	MDDeur	1	slope_PC3	EUR	4116	3447	655	686	-0.0258159539807519	0.056672007939989	0.648876795614624	-0.00384937296710713	0.0168115394840294	0.818904990653923	0.0219665810136447	0.0591127174073072	0.371604994273692	0.710186970087543
CT	MDD	EUR	raw	MDDeur	1e-5	slope_PC3	EUR	4116	3447	655	686	-0.0860875073808064	0.0537988599410145	0.11004130658102	-0.0165281217964752	0.0167863363511336	0.324884682612852	0.0695593855843312	0.0562093858724917	1.23750481355771	0.215899728405159
CT	MDD	EUR	raw	MDDeur	5e-8	slope_PC3	EUR	4116	3447	655	686	-0.05369036644205	0.0549103279468145	0.328541036932168	-0.00866729151697916	0.0168077704005083	0.60611792837795	0.0450230749250709	0.0572483792458095	0.78645152086758	0.43160301001363
CT	MDD	EUR	raw	MDDeur	0p001	slope_PC3	full	8082	6789	1250	1339	-0.0904800925862043	0.0484458061132449	0.0620027460948829	-0.0200790304340007	0.0149349856923452	0.178855867978553	0.0704010621522036	0.0506362962522165	1.39032803271274	0.164429289124561
CT	MDD	EUR	raw	MDDeur	0p01	slope_PC3	full	8082	6789	1250	1339	-0.02927301163856	0.0528333736876312	0.579617391160663	-0.0356018157984886	0.0163477894262841	0.0294576859608886	-0.00632880415992857	0.0551921048814155	-0.114668650045627	0.908707763617435
CT	MDD	EUR	raw	MDDeur	0p05	slope_PC3	full	8082	6789	1250	1339	-0.00912804653239806	0.0587543947603139	0.87655863060503	-0.0268054717415945	0.018342094672539	0.143947887975056	-0.0176774252091964	0.0613115306449935	-0.288321381365479	0.773100741794234
CT	MDD	EUR	raw	MDDeur	0p1	slope_PC3	full	8082	6789	1250	1339	3.11686049736976e-05	0.0617660269966861	0.999597434713045	-0.0221347314081406	0.0192447289875396	0.250114735949741	-0.0221659000131143	0.064380218375165	-0.344296750966985	0.730623127457251
CT	MDD	EUR	raw	MDDeur	0p5	slope_PC3	full	8082	6789	1250	1339	-0.0252594125242607	0.0669585425652207	0.706048200661911	-0.023076280543888	0.0203659854364727	0.257221718265956	0.00218313198037261	0.0695707985896819	0.0313800046086634	0.974966487308457
CT	MDD	EUR	raw	MDDeur	1	slope_PC3	full	8082	6789	1250	1339	-0.0284145080441696	0.0668864127384919	0.671029925787764	-0.0210838067371907	0.0203459240244031	0.300115366027762	0.00733070130697896	0.0694928171127081	0.1054886189905	0.915988100332324
CT	MDD	EUR	raw	MDDeur	1e-5	slope_PC3	full	8082	6789	1250	1339	-0.0477487501392253	0.0428593779664796	0.265421270092135	-0.0157075563697951	0.0133103331866812	0.238002240611246	0.0320411937694302	0.0448518153421562	0.714378972735016	0.474992870726557
CT	MDD	EUR	raw	MDDeur	5e-8	slope_PC3	full	8082	6789	1250	1339	-0.0300254668762027	0.0392685839660006	0.444617646828116	-0.0156736343287089	0.0122237295166239	0.199806802677069	0.0143518325474938	0.0410982425189343	0.349207938536103	0.726933206825148
CT	ASD	pooled	raw	ASD	0p001	baseline_thickness	EUR	4116	3447	655	686	-0.0749039613450851	0.0397239573625284	0.059758943480709	-0.0360659639114292	0.0174230834973914	0.0385248923554719	0.0388379974336559	0.0431479225795366	0.900112800611987	0.368060224582581
CT	ASD	pooled	raw	ASD	0p01	baseline_thickness	EUR	4116	3447	655	686	-0.0502435719381375	0.0426037817642765	0.238669687448668	-0.0187741079713193	0.0172051846056038	0.275265301580692	0.0314694639668182	0.0458388568125571	0.68652375201027	0.49238289165027
CT	ASD	pooled	raw	ASD	0p05	baseline_thickness	EUR	4116	3447	655	686	-0.0397147594050824	0.0410194667561806	0.333282273595851	-0.00161896818573837	0.017133507002209	0.924724320116387	0.038095791219344	0.0444103686202063	0.85781299284264	0.390995734133448
CT	ASD	pooled	raw	ASD	0p1	baseline_thickness	EUR	4116	3447	655	686	-0.0640347581890928	0.0404779304642303	0.114108446251101	0.0079389151396339	0.0171906931679804	0.644243275245479	0.0719736733287267	0.0439215930403337	1.63868540156621	0.10127879591365
CT	ASD	pooled	raw	ASD	0p5	baseline_thickness	EUR	4116	3447	655	686	-0.0736060430385572	0.0396253185341716	0.0636536562737463	0.0215451284929724	0.0171181180438435	0.208254120097292	0.0951511715315296	0.0431484794161325	2.20520335407125	0.0274398279403516
CT	ASD	pooled	raw	ASD	1	baseline_thickness	EUR	4116	3447	655	686	-0.0718852615715679	0.0393404498193667	0.068087451141581	0.0209688398682059	0.0171248205983866	0.220858087626824	0.0928541014397738	0.042885941187686	2.16514080997796	0.0303769035205464
CT	ASD	pooled	raw	ASD	1e-5	baseline_thickness	EUR	4116	3447	655	686	-0.0319134830468614	0.0387640399801561	0.410612687829613	-0.0567392680015547	0.0191596866814285	0.00308242356791683	-0.0248257849546933	0.0416451081370789	-0.596127277974085	0.551090202496387
CT	ASD	pooled	raw	ASD	5e-8	baseline_thickness	EUR	4116	3447	655	686	-0.0129611852961949	0.0382484827505372	0.734808697902861	-0.0245726995490451	0.0176587126393518	0.164151004769411	-0.0116115142528501	0.041667032654895	-0.278673894275647	0.780495098499478
CT	ASD	pooled	raw	ASD	0p001	baseline_thickness	full	8082	6789	1250	1339	-0.00594844227126568	0.0295199340783124	0.84033299519545	-0.011751580359535	0.0123187541449748	0.34013838446693	-0.00580313808826934	0.0319409018771443	-0.181683601502243	0.855831035887399
CT	ASD	pooled	raw	ASD	0p01	baseline_thickness	full	8082	6789	1250	1339	0.00415134236928692	0.0307492467899048	0.892626809362649	0.00365921194809449	0.0120869854028647	0.762097383295386	-0.000492130421192429	0.033003779387005	-0.0149113353177425	0.98810291665261
CT	ASD	pooled	raw	ASD	0p05	baseline_thickness	full	8082	6789	1250	1339	0.00142291956861801	0.0321052740752901	0.964655478996389	0.00290042493007333	0.0128798090849884	0.821836968161198	0.00147750536145532	0.0345327079155913	0.0427856791615301	0.965872379909545
CT	ASD	pooled	raw	ASD	0p1	baseline_thickness	full	8082	6789	1250	1339	-0.0256756341658788	0.032052929096005	0.42324889188826	0.00534140852900679	0.0130109187843052	0.681428058261249	0.0310170426948856	0.0345237343459377	0.898426641338565	0.368958138507282
CT	ASD	pooled	raw	ASD	0p5	baseline_thickness	full	8082	6789	1250	1339	-0.0314438023165793	0.032843038545992	0.33853708048157	0.0210290952124176	0.0134741657922626	0.118641416661525	0.0524728975289969	0.035436780434619	1.48074675197454	0.138674070616038
CT	ASD	pooled	raw	ASD	1	baseline_thickness	full	8082	6789	1250	1339	-0.0253230774254955	0.0328306165521068	0.440647999385053	0.0219588747912244	0.0135435376308261	0.104987693368378	0.0472819522167199	0.0354463481665042	1.33390192960413	0.182235999109901
CT	ASD	pooled	raw	ASD	1e-5	baseline_thickness	full	8082	6789	1250	1339	-0.0561853110427803	0.029132770800889	0.0539851173492965	-0.0452214525159807	0.0129103950229937	0.000463475530085477	0.0109638585267995	0.0315112138365379	0.347935137747272	0.727888895901527
CT	ASD	pooled	raw	ASD	5e-8	baseline_thickness	full	8082	6789	1250	1339	-0.0461324970444354	0.0289091202620019	0.110770321870706	-0.020862550930173	0.0120458832246641	0.0833321776207282	0.0252699461142624	0.0312782980593014	0.807906685534885	0.41914430236283
CT	ASD	pooled	raw	ASD	0p001	global_slope	EUR	4116	3447	655	686	0.0643442953204501	0.0512176637042243	0.209363870615622	0.0140799569255592	0.0159850125098862	0.378476184487304	-0.0502643383948908	0.0534936079828927	-0.939632608272851	0.347406044080987
CT	ASD	pooled	raw	ASD	0p01	global_slope	EUR	4116	3447	655	686	0.0474240266596548	0.0548941259434219	0.387882619341094	-0.0101572353595795	0.0157811607433176	0.519858350445811	-0.0575812620192343	0.0570400560442573	-1.00948817396948	0.312740570399392
CT	ASD	pooled	raw	ASD	0p05	global_slope	EUR	4116	3447	655	686	-0.0248233009835918	0.0528675715415958	0.638809000233311	0.00217011675861003	0.0157000638424685	0.890072034338344	0.0269934177422018	0.0551197072844193	0.489723532146407	0.624329547577476
CT	ASD	pooled	raw	ASD	0p1	global_slope	EUR	4116	3447	655	686	-0.0225494201098804	0.0522317466906848	0.666058084402242	-0.00656153898509254	0.0157381297332854	0.67676360845274	0.0159878811247879	0.0545125106804623	0.293288291535581	0.769301802363786
CT	ASD	pooled	raw	ASD	0p5	global_slope	EUR	4116	3447	655	686	-0.0468383527209799	0.0511720309175421	0.36029472912153	0.00620621924310473	0.0156873586205763	0.69241090913796	0.0530445719640846	0.0535119377686011	0.991266139407293	0.321555642383284
CT	ASD	pooled	raw	ASD	1	global_slope	EUR	4116	3447	655	686	-0.0378455215833376	0.0508113102529661	0.456589144994164	0.00422804742934571	0.0156922934685863	0.787611635969095	0.0420735690126833	0.0531653969034414	0.791371295301285	0.428727355387815
CT	ASD	pooled	raw	ASD	1e-5	global_slope	EUR	4116	3447	655	686	-0.038644192986905	0.049486714386052	0.435075309563775	0.0372819663313951	0.0176990702786622	0.0352370625339532	0.0759261593183002	0.051399887414155	1.47716586821533	0.1396311805967
CT	ASD	pooled	raw	ASD	5e-8	global_slope	EUR	4116	3447	655	686	0.00540484277460203	0.0491425311577509	0.912449163213858	-0.00160561042843549	0.0162556708271023	0.92132471519901	-0.00701045320303752	0.0514275834001145	-0.136316986713047	0.891570695776846
CT	ASD	pooled	raw	ASD	0p001	global_slope	full	8082	6789	1250	1339	0.0301316883276184	0.036442053168198	0.408451871206754	0.00476021891107834	0.0116431742869435	0.682668588083626	-0.0253714694165401	0.0382224171394365	-0.663785059013516	0.506827889702528
CT	ASD	pooled	raw	ASD	0p01	global_slope	full	8082	6789	1250	1339	-0.0213557117675987	0.0379757759196189	0.573955758448703	-0.0112262197377571	0.0114146333255511	0.325400061883299	0.0101294920298416	0.0396273434686095	0.255618750670622	0.798245238376329
CT	ASD	pooled	raw	ASD	0p05	global_slope	full	8082	6789	1250	1339	-0.0159507444547284	0.0396525391495425	0.687544324796878	-0.00944035091577	0.0121638349276558	0.437717439719438	0.00651039353895836	0.0414318940784007	0.157134827740168	0.875138589950115
CT	ASD	pooled	raw	ASD	0p1	global_slope	full	8082	6789	1250	1339	-0.00532874562126601	0.0395967122288634	0.892964473491233	-0.011993526439648	0.0122901437286351	0.329166367664216	-0.00666478081838201	0.0414091578522787	-0.160949441236107	0.872133221406175
CT	ASD	pooled	raw	ASD	0p5	global_slope	full	8082	6789	1250	1339	-0.0219741665288941	0.0405766235805224	0.588205704332078	-0.00734942431296392	0.0127359085769301	0.563916064054389	0.0146247422159302	0.0424816764429479	0.344260006677724	0.730650758162561
CT	ASD	pooled	raw	ASD	1	global_slope	full	8082	6789	1250	1339	-0.0177622902462041	0.0405581526039799	0.661484372865553	-0.00805511916021019	0.0128032432362473	0.529274307256927	0.00970717108599392	0.0424801426848659	0.228510792866339	0.819249166573097
CT	ASD	pooled	raw	ASD	1e-5	global_slope	full	8082	6789	1250	1339	0.0266747104318311	0.0359472805825595	0.458164197623127	0.0370997551351504	0.0122049692775767	0.00237705192990151	0.0104250447033193	0.0376945133517915	0.276566634672413	0.782112887347193
CT	ASD	pooled	raw	ASD	5e-8	global_slope	full	8082	6789	1250	1339	0.0779690388699598	0.0356774993632135	0.0290055717514876	-0.00177623997023617	0.0113931349468755	0.87611301036685	-0.0797452788401959	0.0374239754320941	-2.13086070946402	0.0331006191081316
CT	ASD	pooled	raw	ASD	0p001	slope_PC1	EUR	4116	3447	655	686	0.0163909995042922	0.0549073491122986	0.765384692251534	-0.0140533298141237	0.0165201613845938	0.395010143826345	-0.0304443293184158	0.057178379856836	-0.532444770114906	0.5944179843919
CT	ASD	pooled	raw	ASD	0p01	slope_PC1	EUR	4116	3447	655	686	0.019088860064632	0.0588378049447854	0.745697925952615	0.0141294248385573	0.0163084962546716	0.386342103505552	-0.00495943522607468	0.0609783611148635	-0.0813310678641019	0.935178667240967
CT	ASD	pooled	raw	ASD	0p05	slope_PC1	EUR	4116	3447	655	686	-0.00577543170366104	0.0566564351014667	0.918832244090534	0.002433677613604	0.0162231627283796	0.880763914483809	0.00820910931726504	0.0589036396589522	0.139365060712635	0.889161680393733
CT	ASD	pooled	raw	ASD	0p1	slope_PC1	EUR	4116	3447	655	686	0.0345615397976224	0.0559598969024977	0.537010955521869	0.0074169322752628	0.0162596605191829	0.648308597079941	-0.0271446075223596	0.0582354467516827	-0.466118301420521	0.641130823990857
CT	ASD	pooled	raw	ASD	0p5	slope_PC1	EUR	4116	3447	655	686	0.0428698489746976	0.0548318985446932	0.434545439790738	-0.0143407212609536	0.0162088588852749	0.376358350690678	-0.0572105702356512	0.0571668962509223	-1.00076397334109	0.316940930724672
CT	ASD	pooled	raw	ASD	1	slope_PC1	EUR	4116	3447	655	686	0.0361703666441354	0.0544434129186992	0.506652612004933	-0.0138513209234273	0.0162135939987582	0.392999391280784	-0.0500216875675626	0.0567925075429784	-0.880779696682845	0.378437070988076
CT	ASD	pooled	raw	ASD	1e-5	slope_PC1	EUR	4116	3447	655	686	0.0772453709228104	0.0529440520867394	0.144954077286143	0.0216479717151224	0.0183113049481393	0.237200739836192	-0.055597399207688	0.0548579456623387	-1.0134794246562	0.310831219078788
CT	ASD	pooled	raw	ASD	5e-8	slope_PC1	EUR	4116	3447	655	686	0.0314156293251779	0.0526217593689502	0.550673185804221	0.0294960005552474	0.0168003502535063	0.0792333636722748	-0.00191962876993054	0.0549035623030505	-0.0349636469731197	0.972108728651364
CT	ASD	pooled	raw	ASD	0p001	slope_PC1	full	8082	6789	1250	1339	0.0219678894138383	0.0381383982033338	0.564694903168254	0.00147352343244956	0.0120160164241292	0.90240383212178	-0.0204943659813888	0.03995146626342	-0.512981572347287	0.607964211072269
CT	ASD	pooled	raw	ASD	0p01	slope_PC1	full	8082	6789	1250	1339	0.0761457975169919	0.0396890776030477	0.055222423170219	0.0168153424118641	0.0117788299445561	0.153456951259201	-0.0593304551051278	0.0413726800969717	-1.43404911081578	0.151558248599422
CT	ASD	pooled	raw	ASD	0p05	slope_PC1	full	8082	6789	1250	1339	0.0457776713316626	0.0414744892786093	0.26986928249848	0.0181364129841629	0.0125514056253776	0.148513429071095	-0.0276412583474997	0.0432868759121627	-0.638559788966731	0.523109347230774
CT	ASD	pooled	raw	ASD	0p1	slope_PC1	full	8082	6789	1250	1339	0.0657421844153702	0.0414056773219054	0.112543498257793	0.023839358129437	0.0126801857359225	0.0601453140732367	-0.0419028262859332	0.043251829636293	-0.968810490522513	0.332639751489241
CT	ASD	pooled	raw	ASD	0p5	slope_PC1	full	8082	6789	1250	1339	0.0651702986556765	0.0424369677112333	0.124815377946226	0.00785789346083683	0.0131429471944256	0.549940937474436	-0.0573124051948397	0.0443779603986091	-1.29146100181377	0.196543869604554
CT	ASD	pooled	raw	ASD	1	slope_PC1	full	8082	6789	1250	1339	0.0595446860308144	0.042421493973603	0.160623547644538	0.00726442341636106	0.0132126981467964	0.582470715894648	-0.0522802626144534	0.044379653716422	-1.1780232209227	0.23878734898266
CT	ASD	pooled	raw	ASD	1e-5	slope_PC1	full	8082	6789	1250	1339	0.0118390411133075	0.037623335538458	0.753051590225581	0.000185538406190548	0.0126037753026598	0.988255319063678	-0.011653502707117	0.0394046504282356	-0.29573927393013	0.767429201770765
CT	ASD	pooled	raw	ASD	5e-8	slope_PC1	full	8082	6789	1250	1339	-0.0324289941114014	0.0373920845449624	0.385927702755991	0.0121493945498283	0.011757061241893	0.301467966802089	0.0445783886612296	0.0391680416050767	1.13813167149648	0.255065504952219
CT	ASD	pooled	raw	ASD	0p001	slope_PC2	EUR	4116	3447	655	686	0.0377417205009684	0.0533955838579271	0.479871718487693	-0.0155140135508896	0.0169931862774565	0.361330675039229	-0.0532557340518581	0.0558606838210945	-0.953367026841646	0.340404141824445
CT	ASD	pooled	raw	ASD	0p01	slope_PC2	EUR	4116	3447	655	686	0.0296402081456556	0.0572016255556356	0.604479298241379	0.0116539769219649	0.0167762067817092	0.487307400932783	-0.0179862312236907	0.0595273432375855	-0.302150746958488	0.762537148661347
CT	ASD	pooled	raw	ASD	0p05	slope_PC2	EUR	4116	3447	655	686	-0.047233737795835	0.0550619237674399	0.391238397942258	0.0122538466952562	0.0166892791543729	0.462856287381885	0.0594875844910912	0.0575032682363603	1.03450788651829	0.300898791817074
CT	ASD	pooled	raw	ASD	0p1	slope_PC2	EUR	4116	3447	655	686	-0.0090568101523948	0.0544217328915569	0.867868390553359	0.00751059391503179	0.0167325967295347	0.653561402857009	0.0165674040674266	0.0568939934598791	0.291197770800001	0.770900067381392
CT	ASD	pooled	raw	ASD	0p5	slope_PC2	EUR	4116	3447	655	686	-0.0608270062113745	0.0532854232978136	0.253983879345634	-0.0128334279716337	0.0166769411503258	0.441631366334453	0.0479935782397409	0.0558225779365802	0.859752093396084	0.389925712237929
CT	ASD	pooled	raw	ASD	1	slope_PC2	EUR	4116	3447	655	686	-0.0644400783313873	0.0528919478883328	0.223449507349504	-0.0148454666680887	0.0166816873266827	0.373568550125361	0.0495946116632986	0.055445166286608	0.894480348511057	0.371064939540807
CT	ASD	pooled	raw	ASD	1e-5	slope_PC2	EUR	4116	3447	655	686	0.0140733154644099	0.0515960420048683	0.785104234001533	0.0129140896504542	0.0188198660228601	0.492635462208835	-0.00115922581395564	0.0536710052809857	-0.0215987348827677	0.982768042714621
CT	ASD	pooled	raw	ASD	5e-8	slope_PC2	EUR	4116	3447	655	686	0.0159881137981427	0.0511891076311281	0.754865246953782	0.0111811173402729	0.0172759219022956	0.517539703229227	-0.0048069964578698	0.0536652582592864	-0.0895737133071186	0.928625974157515
CT	ASD	pooled	raw	ASD	0p001	slope_PC2	full	8082	6789	1250	1339	0.0046563240893634	0.0377791586632016	0.901923420982514	0.00629374187078189	0.012300485596267	0.608901294522353	0.00163741778141849	0.0396941337525732	0.041250875800063	0.967095895138802
CT	ASD	pooled	raw	ASD	0p01	slope_PC2	full	8082	6789	1250	1339	0.0615140364928177	0.0393307195748288	0.118007245693778	0.0141203380940136	0.0120596070974885	0.241688748759779	-0.0473936983988041	0.041109193213098	-1.1528734741431	0.24896232110369
CT	ASD	pooled	raw	ASD	0p05	slope_PC2	full	8082	6789	1250	1339	0.01158911698691	0.0410971879578509	0.777984727023557	0.0195505468940425	0.0128500140918738	0.12819579923543	0.00796142990713254	0.0430115282488041	0.18509990765915	0.853150674032518
CT	ASD	pooled	raw	ASD	0p1	slope_PC2	full	8082	6789	1250	1339	0.0294038304475073	0.0410420214050807	0.473827180860473	0.0145777336555787	0.0129838536598314	0.261579830725804	-0.0148260967919285	0.0429918743723003	-0.344858115827603	0.730201039846233
CT	ASD	pooled	raw	ASD	0p5	slope_PC2	full	8082	6789	1250	1339	0.00597369301764958	0.0420665347181617	0.887092966940153	0.00326912775495527	0.0134550344548171	0.808038388470058	-0.00270456526269431	0.0441157084883568	-0.0613061731380357	0.951115374598714
CT	ASD	pooled	raw	ASD	1	slope_PC2	full	8082	6789	1250	1339	0.00222077358777021	0.0420456245183514	0.95788324978544	0.000965940677301935	0.0135261522579681	0.943071306179625	-0.00125483291046827	0.0441130881755125	-0.0284458187437632	0.977306580898133
CT	ASD	pooled	raw	ASD	1e-5	slope_PC2	full	8082	6789	1250	1339	-0.00747604907948474	0.0372744799983037	0.841061532085315	0.00304555993796588	0.0129028200585712	0.813410056704463	0.0105216090174506	0.0391560843082454	0.268709428006697	0.788153296048339
CT	ASD	pooled	raw	ASD	5e-8	slope_PC2	full	8082	6789	1250	1339	-0.0342623591325282	0.0370280503227351	0.354942611175923	-0.00019951783267537	0.0120357065646652	0.986774429078431	0.0340628412998529	0.0389042570453106	0.875555630330657	0.381271655182673
CT	ASD	pooled	raw	ASD	0p001	slope_PC3	EUR	4116	3447	655	686	-0.0822144552972755	0.0517415618907908	0.112554127539735	-0.00610980920550153	0.0169595091627921	0.718676921932095	0.076104646091774	0.0542720981071112	1.40227941697729	0.16083182436868
CT	ASD	pooled	raw	ASD	0p01	slope_PC3	EUR	4116	3447	655	686	-0.0468509321854468	0.0555053044999925	0.398931550674153	-0.0186858643902648	0.0167374111286253	0.264326805552108	0.028165067795182	0.0578887303568499	0.486538012175443	0.626585761226672
CT	ASD	pooled	raw	ASD	0p05	slope_PC3	EUR	4116	3447	655	686	-0.0335628545355437	0.0534432466603531	0.530216076818884	-0.0165325098824657	0.0166537358785062	0.320919425497691	0.017030344653078	0.0559447749808092	0.30441349811345	0.760812885461236
CT	ASD	pooled	raw	ASD	0p1	slope_PC3	EUR	4116	3447	655	686	-0.0352191390276775	0.0527974654602366	0.504967209165947	-0.0214591177893562	0.0166961794547316	0.198789272526055	0.0137600212383213	0.0553315758777411	0.248682981101514	0.8036060144653
CT	ASD	pooled	raw	ASD	0p5	slope_PC3	EUR	4116	3447	655	686	-0.0616671455212978	0.051701620623702	0.233398675661916	-0.0161971081485103	0.0166417683511334	0.330485896531772	0.0454700373727875	0.0543020107020319	0.837354580151598	0.402393288181118
CT	ASD	pooled	raw	ASD	1	slope_PC3	EUR	4116	3447	655	686	-0.0559681372150366	0.051332013784471	0.27597441876219	-0.0185532080049381	0.0166465228508792	0.265129717733595	0.0374149292100985	0.0539482998104661	0.693533055565171	0.48797508890396
CT	ASD	pooled	raw	ASD	1e-5	slope_PC3	EUR	4116	3447	655	686	-0.0840516748337186	0.0500081093048859	0.0932652893054664	-0.0184576195862308	0.0187685499391551	0.325463692638359	0.0655940552474878	0.0521378238802391	1.25808962411162	0.208359345352468
CT	ASD	pooled	raw	ASD	5e-8	slope_PC3	EUR	4116	3447	655	686	-0.0514979113195247	0.0496577017602813	0.300085835388142	-0.0185861823910275	0.0172306956782878	0.280813279143848	0.0329117289284972	0.0521946001670195	0.630558119483275	0.528329489864261
CT	ASD	pooled	raw	ASD	0p001	slope_PC3	full	8082	6789	1250	1339	-0.0707519329245102	0.0373492152165806	0.05837045207127	-0.00256236372560022	0.0120964680446803	0.832248115313331	0.06818956919891	0.0392229973157686	1.73850990147293	0.0821210069437364
CT	ASD	pooled	raw	ASD	0p01	slope_PC3	full	8082	6789	1250	1339	-0.0535139586099954	0.0389258487013986	0.169406478767976	-0.0180914139544126	0.0118591426896269	0.127175828413676	0.0354225446555828	0.0406640532592076	0.871102160667223	0.383698374484011
CT	ASD	pooled	raw	ASD	0p05	slope_PC3	full	8082	6789	1250	1339	-0.0435716872039213	0.0406540802395479	0.283995065299201	-0.0242900303848831	0.0126358157214302	0.0546086854592692	0.0192816568190382	0.042525809169606	0.453410698010167	0.650253034468331
CT	ASD	pooled	raw	ASD	0p1	slope_PC3	full	8082	6789	1250	1339	-0.0495846970651007	0.040589004555572	0.222037501164884	-0.0324039111612435	0.0127646451823059	0.01115330831669	0.0171807859038573	0.0424951410169206	0.404300009194375	0.685992118724851
CT	ASD	pooled	raw	ASD	0p5	slope_PC3	full	8082	6789	1250	1339	-0.0597968749363696	0.0415931850197062	0.150736418837235	-0.0223388552474263	0.0132299680710097	0.0913611386364711	0.0374580196889433	0.0435974430684836	0.85917927870457	0.390241613680691
CT	ASD	pooled	raw	ASD	1	slope_PC3	full	8082	6789	1250	1339	-0.0549108975519446	0.0415746417952535	0.186774110723795	-0.0232109684329001	0.0132998548785857	0.0809951338117371	0.0316999291190445	0.043596679395004	0.727117972261832	0.467153689959839
CT	ASD	pooled	raw	ASD	1e-5	slope_PC3	full	8082	6789	1250	1339	-0.0329114463071192	0.0368796166161955	0.372317187385215	-0.00236586196215339	0.0126889310771089	0.852096882723083	0.0305455843449658	0.0387193385000608	0.788897370881423	0.430171992480537
CT	ASD	pooled	raw	ASD	5e-8	slope_PC3	full	8082	6789	1250	1339	-0.0209957738839807	0.0366573235529122	0.566893283877287	-0.00961977678090132	0.0118356474770177	0.416372961188893	0.0113759971030793	0.0384906716609087	0.295552054879646	0.767572193213986
CT	ASD	pooled	zanc	ASD	0p001	baseline_thickness	EUR	4116	3447	655	686	-0.0749039338347339	0.0397239572350915	0.0597590362069088	-0.0360659619801416	0.0174230834891109	0.0385249026498156	0.0388379718545923	0.0431479224628051	0.900112210224535	0.368060538737553
CT	ASD	pooled	zanc	ASD	0p01	baseline_thickness	EUR	4116	3447	655	686	-0.0502435883000233	0.0426037799337385	0.238669514527294	-0.0187741130803912	0.0172051846607442	0.275265172500254	0.031469475219632	0.0458388551301417	0.686524022693993	0.492382721019465
CT	ASD	pooled	zanc	ASD	0p05	baseline_thickness	EUR	4116	3447	655	686	-0.0397147675732715	0.0410194677920703	0.333282186434598	-0.00161897006363656	0.0171335069759109	0.924724232945904	0.038095797509635	0.0444103695685713	0.85781311616454	0.390995666026105
CT	ASD	pooled	zanc	ASD	0p1	baseline_thickness	EUR	4116	3447	655	686	-0.0640347499607081	0.0404779301930912	0.114108490244316	0.00793891179998899	0.017190693199484	0.64424341516554	0.0719736617606971	0.0439215927949388	1.63868514734262	0.101278848886423
CT	ASD	pooled	zanc	ASD	0p5	baseline_thickness	EUR	4116	3447	655	686	-0.073606024455784	0.0396253184256299	0.0636537222969708	0.0215451436749865	0.0171181180424288	0.208253799598537	0.0951511681307705	0.0431484793285459	2.20520327973229	0.0274398331545374
CT	ASD	pooled	zanc	ASD	1	baseline_thickness	EUR	4116	3447	655	686	-0.0718852563602865	0.0393404467076197	0.0680874492861586	0.0209688271919159	0.0171248208974101	0.220858374737173	0.0928540835522024	0.0428859384686556	2.1651405301546	0.030376924943226
CT	ASD	pooled	zanc	ASD	1e-5	baseline_thickness	EUR	4116	3447	655	686	-0.0319134841027603	0.0387640415464348	0.410612691254083	-0.0567392603794462	0.0191596866201387	0.00308242744547551	-0.0248257762766859	0.04164510957846	-0.596127048961507	0.551090355475558
CT	ASD	pooled	zanc	ASD	5e-8	baseline_thickness	EUR	4116	3447	655	686	-0.0129611927774449	0.0382484862840759	0.734808574195218	-0.0245727044539707	0.0176587123586308	0.164150913903985	-0.0116115116765258	0.0416670358002925	-0.278673811407634	0.780495162100416
CT	ASD	pooled	zanc	ASD	0p001	baseline_thickness	full	8082	6789	1250	1339	-0.00272298774072073	0.0288242596586698	0.924750777478355	-0.00949547029006654	0.011942571324063	0.426586234290742	-0.00677248254934581	0.0311602121647214	-0.217343916451679	0.827940334597714
CT	ASD	pooled	zanc	ASD	0p01	baseline_thickness	full	8082	6789	1250	1339	0.00815564357929517	0.0303364356741472	0.788093578510816	0.00469810774536243	0.0119013792332564	0.693037369897455	-0.00345753583393274	0.0325596978072193	-0.106190661056016	0.915431080448717
CT	ASD	pooled	zanc	ASD	0p05	baseline_thickness	full	8082	6789	1250	1339	0.00708485057540443	0.0301734037768128	0.814395756714051	0.00509831818131684	0.0119033905683775	0.668440395681248	-0.00198653239408759	0.0324195733786311	-0.0612757105371715	0.951139634627439
CT	ASD	pooled	zanc	ASD	0p1	baseline_thickness	full	8082	6789	1250	1339	-0.0153831500277966	0.0298778973895631	0.606729272365523	0.00524940144509883	0.0119078472278484	0.659346086694478	0.0206325514728954	0.0321446430716531	0.641865937876606	0.520960232156535
CT	ASD	pooled	zanc	ASD	0p5	baseline_thickness	full	8082	6789	1250	1339	-0.0192520748249412	0.0295543098991057	0.514889390350093	0.0197962234795123	0.0119166892411942	0.0967154909809258	0.0390482983044535	0.0318606758939554	1.22559541531452	0.220350963982787
CT	ASD	pooled	zanc	ASD	1	baseline_thickness	full	8082	6789	1250	1339	-0.0131131436354451	0.0294390546143628	0.656077158145151	0.0205297618765939	0.0119169669929186	0.0849819276926895	0.033642905512039	0.0317522956695085	1.0595424615029	0.289352802032214
CT	ASD	pooled	zanc	ASD	1e-5	baseline_thickness	full	8082	6789	1250	1339	-0.0499329732129908	0.0284796501071329	0.07977406546016	-0.0430877169682275	0.0123548731554714	0.000490595132574596	0.00684525624476325	0.0307436264934093	0.222656108778537	0.823803163918818
CT	ASD	pooled	zanc	ASD	5e-8	baseline_thickness	full	8082	6789	1250	1339	-0.0428764140358127	0.0288395114717471	0.137318596340095	-0.0211942251135702	0.0118617749393083	0.0740193095492869	0.0216821889222425	0.0311533479161384	0.695982626991124	0.486439709728954
CT	ASD	pooled	zanc	ASD	0p001	global_slope	EUR	4116	3447	655	686	0.0643443162327052	0.0512176634204784	0.209363720186032	0.0140799561402206	0.0159850125078111	0.378476211016931	-0.0502643600924846	0.0534936077134143	-0.939633018617289	0.3474058335252
CT	ASD	pooled	zanc	ASD	0p01	global_slope	EUR	4116	3447	655	686	0.0474240115058865	0.0548941236340972	0.387882750954665	-0.0101572309901085	0.0157811607965193	0.519858531418034	-0.0575812424959949	0.0570400538340669	-1.00948787081272	0.312740715717569
CT	ASD	pooled	zanc	ASD	0p05	global_slope	EUR	4116	3447	655	686	-0.0248233132534762	0.0528675728850677	0.638808842974408	0.00217012159732968	0.0157000638217299	0.89007179064459	0.0269934348508059	0.0551197085678811	0.489723831133158	0.624329335978414
CT	ASD	pooled	zanc	ASD	0p1	global_slope	EUR	4116	3447	655	686	-0.022549459589774	0.0522317463023997	0.666057532866146	-0.00656153616715766	0.015738129753692	0.676763739805768	0.0159879234226163	0.0545125103090614	0.293289069462624	0.769301207797465
CT	ASD	pooled	zanc	ASD	0p5	global_slope	EUR	4116	3447	655	686	-0.046838333626387	0.0511720307560464	0.360294923326506	0.00620621904076314	0.0156873586239778	0.692410918717105	0.0530445526671501	0.0535119376248462	0.991265781460339	0.32155581712157
CT	ASD	pooled	zanc	ASD	1	global_slope	EUR	4116	3447	655	686	-0.0378454985605817	0.0508113106504069	0.456589422316032	0.00422805429124202	0.0156922934662545	0.78761129950624	0.0420735528518237	0.0531653972946561	0.791370985504753	0.428727536115292
CT	ASD	pooled	zanc	ASD	1e-5	global_slope	EUR	4116	3447	655	686	-0.0386441862241364	0.0494867164275528	0.435075408842271	0.0372819688397733	0.0176990702165298	0.0352370495837637	0.0759261550639097	0.0513998893659362	1.47716572935325	0.139631217810527
CT	ASD	pooled	zanc	ASD	5e-8	global_slope	EUR	4116	3447	655	686	0.00540485064552943	0.0491425315972992	0.912449037009929	-0.00160561508921443	0.0162556708195052	0.921324487525057	-0.00701046573474386	0.0514275838287456	-0.136317229253639	0.891570504047148
CT	ASD	pooled	zanc	ASD	0p001	global_slope	full	8082	6789	1250	1339	0.0255613363574726	0.0355849920327687	0.472666089464229	0.00465620511880127	0.0112910898200338	0.680074927914222	-0.0209051312386714	0.0373034266518703	-0.560407799362938	0.575201312953646
CT	ASD	pooled	zanc	ASD	0p01	global_slope	full	8082	6789	1250	1339	-0.0257089009047052	0.0374645201571394	0.492673883221405	-0.0105218622122092	0.0112425630251271	0.349360739839022	0.015187038692496	0.0390941033452572	0.38847389741549	0.697665367130793
CT	ASD	pooled	zanc	ASD	0p05	global_slope	full	8082	6789	1250	1339	-0.0179544355489746	0.0372660749800162	0.630020797208748	-0.00864156017701962	0.0112416358018354	0.442092470649803	0.00931287537195496	0.0389120906941699	0.23933114890047	0.810848813783582
CT	ASD	pooled	zanc	ASD	0p1	global_slope	full	8082	6789	1250	1339	-0.00841872228945216	0.0369041453969313	0.819578968158029	-0.0107678675005545	0.0112490199525121	0.338487060828751	-0.00234914521110233	0.0385670474040465	-0.0609106833222565	0.951430341184867
CT	ASD	pooled	zanc	ASD	0p5	global_slope	full	8082	6789	1250	1339	-0.0243961659925276	0.036502124625464	0.504007094896429	-0.00677521065317207	0.0112633398018753	0.547508826199637	0.0176209553393555	0.0381960637110393	0.461329090679645	0.644562516868053
CT	ASD	pooled	zanc	ASD	1	global_slope	full	8082	6789	1250	1339	-0.020713664624087	0.0363586481356261	0.568958491352392	-0.00728459750031523	0.0112647408654458	0.517865975151319	0.0134290671237718	0.0380580867185551	0.35285712660969	0.724195553949238
CT	ASD	pooled	zanc	ASD	1e-5	global_slope	full	8082	6789	1250	1339	0.0234028588205092	0.0351373568517484	0.505480982116749	0.0346600045049876	0.0116876385228692	0.00303220296806073	0.0112571456844784	0.0368018374971122	0.305885424480822	0.759691883979921
CT	ASD	pooled	zanc	ASD	5e-8	global_slope	full	8082	6789	1250	1339	0.0750545957592763	0.0355911954930662	0.0351174658000095	-0.00258272804337235	0.0112251855511697	0.81803392251574	-0.0776373238026487	0.0372982571831578	-2.08152685047456	0.0373857090592857
CT	ASD	pooled	zanc	ASD	0p001	slope_PC1	EUR	4116	3447	655	686	0.016390987959308	0.0549073488638502	0.765384851616551	-0.0140533251689101	0.0165201613838866	0.395010300023292	-0.0304443131282181	0.0571783796208542	-0.532444489159927	0.594418178935139
CT	ASD	pooled	zanc	ASD	0p01	slope_PC1	EUR	4116	3447	655	686	0.0190889000175995	0.0588378024275509	0.745697401631859	0.0141294320850682	0.0163084963074933	0.386341861489283	-0.00495946793253132	0.0609783586975032	-0.0813316074500114	0.935178238135272
CT	ASD	pooled	zanc	ASD	0p05	slope_PC1	EUR	4116	3447	655	686	-0.00577542696483617	0.0566564365410788	0.918832312514595	0.00243367491944477	0.0162231627085563	0.880764045349884	0.00820910188428094	0.0589036410388899	0.139364931258851	0.889161782684691
CT	ASD	pooled	zanc	ASD	0p1	slope_PC1	EUR	4116	3447	655	686	0.0345615708818676	0.0559598964739869	0.537010586349051	0.0074169371503979	0.0162596605385998	0.648308381902927	-0.0271446337314697	0.0582354463401389	-0.46611875476878	0.641130499506925
CT	ASD	pooled	zanc	ASD	0p5	slope_PC1	EUR	4116	3447	655	686	0.042869823344571	0.0548318983669025	0.434545712879121	-0.0143407273712025	0.0162088588875771	0.376358147427115	-0.0572105507157735	0.0571668960908805	-1.00076363468857	0.316941094487486
CT	ASD	pooled	zanc	ASD	1	slope_PC1	EUR	4116	3447	655	686	0.0361703758802234	0.054443413315065	0.506652506605	-0.0138513231959874	0.0162135939951694	0.392999313545994	-0.0500216990762109	0.0567925079340803	-0.880779893261125	0.378436964569212
CT	ASD	pooled	zanc	ASD	1e-5	slope_PC1	EUR	4116	3447	655	686	0.0772453603391607	0.0529440543066513	0.144954149131629	0.0216479668974708	0.0183113048855696	0.237200842586893	-0.05559739344169	0.0548579477913041	-1.01347928021659	0.310831288036948
CT	ASD	pooled	zanc	ASD	5e-8	slope_PC1	EUR	4116	3447	655	686	0.0314156421611006	0.0526217598362813	0.550673026567167	0.029496005908206	0.0168003502425504	0.0792333090322032	-0.00191963625289456	0.0549035627586556	-0.0349637829758494	0.972108620203193
CT	ASD	pooled	zanc	ASD	0p001	slope_PC1	full	8082	6789	1250	1339	0.0227222021575222	0.0372393872333198	0.541840489779891	0.00280312400243613	0.0116529147689007	0.809910242556217	-0.0199190781550861	0.0389895406379663	-0.510882606698109	0.609433261104234
CT	ASD	pooled	zanc	ASD	0p01	slope_PC1	full	8082	6789	1250	1339	0.0778010736279379	0.0391525481257996	0.0470828379168712	0.0179001294982999	0.0116011728972303	0.122888410752026	-0.059900944129638	0.040813801068838	-1.46766394114106	0.142195530105086
CT	ASD	pooled	zanc	ASD	0p05	slope_PC1	full	8082	6789	1250	1339	0.0440259440637913	0.0389767468823343	0.258841714705142	0.0183625732599013	0.0115996373327298	0.11346233243753	-0.02566337080389	0.040653308873604	-0.631273849901873	0.527861482172878
CT	ASD	pooled	zanc	ASD	0p1	slope_PC1	full	8082	6789	1250	1339	0.0603875090208342	0.0385902415990183	0.117823208496423	0.0245362425412058	0.0116054055033297	0.0345346222763884	-0.0358512664796284	0.0402838733354709	-0.889965723530873	0.373484291269823
CT	ASD	pooled	zanc	ASD	0p5	slope_PC1	full	8082	6789	1250	1339	0.0583316809944252	0.0381773080477408	0.126736060350295	0.0101799329292854	0.0116231295539014	0.381151787437564	-0.0481517480651398	0.0399030557059445	-1.20671831300294	0.227540644024269
CT	ASD	pooled	zanc	ASD	1	slope_PC1	full	8082	6789	1250	1339	0.0527060911325237	0.0380306403516759	0.165979787970463	0.00972101253553268	0.0116247947183669	0.403054948793736	-0.042985078596991	0.0397619074653346	-1.08106178342843	0.279669631669477
CT	ASD	pooled	zanc	ASD	1e-5	slope_PC1	full	8082	6789	1250	1339	0.0119307196671374	0.0367750384973619	0.745659667447187	0.00293982781340819	0.0120696720922103	0.807570178983389	-0.00899089185372926	0.0384719920809062	-0.233699670004649	0.815218143958887
CT	ASD	pooled	zanc	ASD	5e-8	slope_PC1	full	8082	6789	1250	1339	-0.0335252706363109	0.0372978162310238	0.368869083491835	0.0136876377322501	0.0115839572302106	0.237404870116625	0.047212908368561	0.0390339052756918	1.20953586465669	0.226457041058772
CT	ASD	pooled	zanc	ASD	0p001	slope_PC2	EUR	4116	3447	655	686	0.0377417265312603	0.0533955836033639	0.479871646241507	-0.0155140078146507	0.0169931862751067	0.361330852489882	-0.053255734345911	0.0558606835800896	-0.953367036218886	0.340404137074943
CT	ASD	pooled	zanc	ASD	0p01	slope_PC2	EUR	4116	3447	655	686	0.029640244496715	0.0572016224086658	0.60447883521028	0.0116539855154959	0.0167762068810579	0.487307082460211	-0.0179862589812191	0.0595273402387659	-0.302151228478808	0.762536781607166
CT	ASD	pooled	zanc	ASD	0p05	slope_PC2	EUR	4116	3447	655	686	-0.0472337475252961	0.0550619251593638	0.391238312382857	0.0122538525471957	0.0166892791312314	0.462856073122175	0.0594876000724919	0.0575032695633731	1.03450813361024	0.300898676363811
CT	ASD	pooled	zanc	ASD	0p1	slope_PC2	EUR	4116	3447	655	686	-0.00905678856539657	0.0544217325090281	0.867868701669609	0.00751060120209865	0.0167325967510347	0.65356108912397	0.0165673897674952	0.0568939930945869	0.291197521326228	0.770900258169686
CT	ASD	pooled	zanc	ASD	0p5	slope_PC2	EUR	4116	3447	655	686	-0.060827012647488	0.0532854230946074	0.253983827331462	-0.0128334345482872	0.0166769411524665	0.441631132412238	0.0479935780992008	0.0558225777536492	0.859752093695878	0.389925712072636
CT	ASD	pooled	zanc	ASD	1	slope_PC2	EUR	4116	3447	655	686	-0.0644400531415049	0.0528919483073256	0.223449691824047	-0.0148454701435038	0.0166816873253253	0.373568438227792	0.0495945829980011	0.0554451666989044	0.894479824856963	0.371065219597672
CT	ASD	pooled	zanc	ASD	1e-5	slope_PC2	EUR	4116	3447	655	686	0.0140732968944916	0.051596044150515	0.78510451930632	0.0129140849532428	0.0188198659576991	0.492635618060182	-0.00115921194124876	0.0536710073290087	-0.0215984755818476	0.98276824955857
CT	ASD	pooled	zanc	ASD	5e-8	slope_PC2	EUR	4116	3447	655	686	0.0159880918724675	0.0511891080971454	0.754865574482305	0.0111811187018541	0.0172759218943267	0.517539652040443	-0.0048069731706134	0.0536652587131968	-0.0895732786140714	0.928626319603774
CT	ASD	pooled	zanc	ASD	0p001	slope_PC2	full	8082	6789	1250	1339	0.00175592308357833	0.0368879879153564	0.962039673891934	0.00736593283552723	0.0119280321839346	0.536904957021236	0.0056100097519489	0.0387363517270107	0.144825454691363	0.884848684164397
CT	ASD	pooled	zanc	ASD	0p01	slope_PC2	full	8082	6789	1250	1339	0.0599266471309364	0.0388029510981561	0.122689793104282	0.0147763576741272	0.0118772892742046	0.213511267881974	-0.0451502894568092	0.0405575271860534	-1.11324068771962	0.265605072333211
CT	ASD	pooled	zanc	ASD	0p05	slope_PC2	full	8082	6789	1250	1339	0.00864703761183943	0.0386218920245964	0.822871317078912	0.0188135948641304	0.0118757292892946	0.113193710284125	0.010166557252291	0.0403928782939764	0.251691824937543	0.801279276381266
CT	ASD	pooled	zanc	ASD	0p1	slope_PC2	full	8082	6789	1250	1339	0.0205005975132706	0.0382521286657894	0.592077688006375	0.0143290171681167	0.0118836993082512	0.227947953566775	-0.00617158034515391	0.0400410021939701	-0.154131515371593	0.877506039510919
CT	ASD	pooled	zanc	ASD	0p5	slope_PC2	full	8082	6789	1250	1339	0.00123558142794549	0.0378441165370736	0.973958306957388	0.00460635820449953	0.0118991752561606	0.698682628880377	0.00337077677655404	0.0396661192279371	0.0849787385850437	0.932278293708299
CT	ASD	pooled	zanc	ASD	1	slope_PC2	full	8082	6789	1250	1339	-0.00277724486919277	0.037693580272466	0.941274442376031	0.00268376322303444	0.0119006886151195	0.821586772894322	0.00546100809222721	0.0395215893885195	0.138177846000636	0.890099863459609
CT	ASD	pooled	zanc	ASD	1e-5	slope_PC2	full	8082	6789	1250	1339	-0.00893114138233467	0.0364324321645943	0.806376551710247	0.00537651234644647	0.0123545529347756	0.663442118289091	0.0143076537287811	0.0382247263296492	0.374303627588913	0.708178433497175
CT	ASD	pooled	zanc	ASD	5e-8	slope_PC2	full	8082	6789	1250	1339	-0.0370443753168713	0.0369329700859705	0.316001850690662	0.00132066431912125	0.0118576344094404	0.911320877806079	0.0383650396359926	0.0387669214392054	0.989633383609191	0.322353346557813
CT	ASD	pooled	zanc	ASD	0p001	slope_PC3	EUR	4116	3447	655	686	-0.0822144606238115	0.0517415607569809	0.112554096421029	-0.00610980823327962	0.0169595092209255	0.718676965716953	0.0761046523905319	0.054272097046258	1.40227956044642	0.16083178154314
CT	ASD	pooled	zanc	ASD	0p01	slope_PC3	EUR	4116	3447	655	686	-0.0468509278606812	0.0555053021362195	0.39893157410894	-0.0186858636038987	0.0167374111855025	0.264326827273654	0.0281650642567825	0.0578887281043553	0.486537969982855	0.626585791133703
CT	ASD	pooled	zanc	ASD	0p05	slope_PC3	EUR	4116	3447	655	686	-0.0335628510824549	0.0534432470864087	0.530216122390439	-0.0165325052564407	0.0166537359218636	0.320919562142933	0.0170303458260142	0.0559447754014082	0.304413516790802	0.760812871233597
CT	ASD	pooled	zanc	ASD	0p1	slope_PC3	EUR	4116	3447	655	686	-0.0352191543176482	0.0527974641230694	0.50496701352081	-0.0214591139249089	0.0166961795469418	0.198789355849767	0.0137600403927394	0.0553315746234561	0.248683332913975	0.80360574230663
CT	ASD	pooled	zanc	ASD	0p5	slope_PC3	EUR	4116	3447	655	686	-0.0616671223204047	0.0517016205008186	0.233398850230347	-0.0161971087794557	0.0166417683525819	0.330485877738837	0.045470013540949	0.0543020105960091	0.837354142910701	0.402393533881241
CT	ASD	pooled	zanc	ASD	1	slope_PC3	EUR	4116	3447	655	686	-0.0559681571724344	0.0513320133025733	0.275974243174437	-0.0185532126050901	0.0166465229081482	0.265129600914316	0.0374149445673444	0.0539482993827345	0.693533345729866	0.487974906875477
CT	ASD	pooled	zanc	ASD	1e-5	slope_PC3	EUR	4116	3447	655	686	-0.0840516912479535	0.050008111334802	0.0932652387559143	-0.0184576225077389	0.0187685498733269	0.325463614374672	0.0655940687402146	0.0521378258121801	1.25808983628333	0.208359268628842
CT	ASD	pooled	zanc	ASD	5e-8	slope_PC3	EUR	4116	3447	655	686	-0.0514979499304726	0.0496577021552128	0.30008547715427	-0.0185861863770045	0.0172306956688649	0.280813175734735	0.0329117635534681	0.0521946005520446	0.630558778214059	0.528329059030807
CT	ASD	pooled	zanc	ASD	0p001	slope_PC3	full	8082	6789	1250	1339	-0.0702168346423858	0.0364671987299687	0.0543560537988887	-0.0017240893924355	0.0117303868338313	0.883155099307453	0.0684927452499503	0.0382759014773271	1.78944825873069	0.0735426532540118
CT	ASD	pooled	zanc	ASD	0p01	slope_PC3	full	8082	6789	1250	1339	-0.0541843627072066	0.0384027874393467	0.158464436304911	-0.0183344502673062	0.0116799073722244	0.116522376092475	0.0358499124399004	0.0401176805701273	0.893618771833863	0.371525899134279
CT	ASD	pooled	zanc	ASD	0p05	slope_PC3	full	8082	6789	1250	1339	-0.0445581414253179	0.0382078452560508	0.24371501313618	-0.0220154102861744	0.0116777151221707	0.0594396458761822	0.0225427311391435	0.0399392809149864	0.564425062812906	0.572464886093765
CT	ASD	pooled	zanc	ASD	0p1	slope_PC3	full	8082	6789	1250	1339	-0.049025612010646	0.0378292343933831	0.19518204214768	-0.0316115132407793	0.0116821950492871	0.00682810467317738	0.0174140987698667	0.039577769105765	0.439996977175	0.659939296663395
CT	ASD	pooled	zanc	ASD	0p5	slope_PC3	full	8082	6789	1250	1339	-0.0571611692330686	0.0374168915570874	0.126799287184905	-0.0215285032779877	0.0116996029079636	0.0657970065835863	0.0356326659550809	0.0391988529749255	0.90902317927196	0.363337890621043
CT	ASD	pooled	zanc	ASD	1	slope_PC3	full	8082	6789	1250	1339	-0.0525222545055221	0.0372702652592424	0.15897273176898	-0.0222818061276832	0.0117009847433054	0.0569181353392023	0.0302404483778389	0.039057968688318	0.774245292149146	0.438785748923163
CT	ASD	pooled	zanc	ASD	1e-5	slope_PC3	full	8082	6789	1250	1339	-0.0302562672984423	0.0360489538368474	0.401425653621071	-0.00386641899466362	0.0121500075547815	0.750325223097579	0.0263898483037787	0.0378012843918674	0.698120413851764	0.485101892629989
CT	ASD	pooled	zanc	ASD	5e-8	slope_PC3	full	8082	6789	1250	1339	-0.0197297170988403	0.0365662782451923	0.589579216114136	-0.011014854869269	0.0116605244630846	0.344882651900358	0.00871486222957122	0.0383581810084604	0.22719696295424	0.820270589164603
CT	ALZ	pooled	raw	ALZ	0p001	baseline_thickness	EUR	4116	3447	655	686	0.100322454880017	0.0409698596645813	0.0145830028644365	-0.0160708990090068	0.0170557392906825	0.346126486814288	-0.116393353889024	0.0443458514845788	-2.62467288353905	0.00867322487948227
CT	ALZ	pooled	raw	ALZ	0p01	baseline_thickness	EUR	4116	3447	655	686	0.0458135387268815	0.0404051564450596	0.257245069960229	-0.00137961806045089	0.017060508900865	0.935553025942116	-0.0471931567873324	0.0438450143270255	-1.07636312843541	0.281764885723044
CT	ALZ	pooled	raw	ALZ	0p05	baseline_thickness	EUR	4116	3447	655	686	0.0349167772880657	0.0391372123292437	0.372612897095471	0.011250883041835	0.0170932496950955	0.510449095677384	-0.0236658942462307	0.0427046888360402	-0.554175545853832	0.57945871239364
CT	ALZ	pooled	raw	ALZ	0p1	baseline_thickness	EUR	4116	3447	655	686	0.0321962095869361	0.0389918452535641	0.40924695293511	0.0191233374690622	0.0171391964607829	0.264599238534019	-0.0130728721178739	0.042588487432292	-0.306957887120491	0.758875426933765
CT	ALZ	pooled	raw	ALZ	0p5	baseline_thickness	EUR	4116	3447	655	686	-0.0112669729963654	0.0401075981380821	0.778855946086988	0.011724888988149	0.0172003740586706	0.49549652531713	0.0229918619845144	0.0436341683314282	0.526923346169386	0.598246820699666
CT	ALZ	pooled	raw	ALZ	1	baseline_thickness	EUR	4116	3447	655	686	-0.0166930683555343	0.0403973731167049	0.679571043163784	0.0128232713135811	0.0171845364500575	0.455591273808543	0.0295163396691154	0.0438938179218992	0.67244867424461	0.501298104675361
CT	ALZ	pooled	raw	ALZ	1e-5	baseline_thickness	EUR	4116	3447	655	686	0.0460798457452929	0.0403557867356071	0.253912491834425	-0.0272738575644539	0.0170564627020176	0.109904644938669	-0.0733537033097468	0.0437849722573301	-1.67531688449264	0.0938720743730707
CT	ALZ	pooled	raw	ALZ	5e-8	baseline_thickness	EUR	4116	3447	655	686	0.0433354799697392	0.0406987799829589	0.287342069839962	-0.031729444700214	0.0170324876325673	0.0625643966149807	-0.0750649246699532	0.0441126691979277	-1.70166362713503	0.0888184425521845
CT	ALZ	pooled	raw	ALZ	0p001	baseline_thickness	full	8082	6789	1250	1339	0.0656831890230879	0.0304620592643014	0.0312403976697013	0.00464666428471436	0.0122052385166113	0.703429920519962	-0.0610365247383735	0.0327996436005278	-1.86088987678486	0.0627597296462503
CT	ALZ	pooled	raw	ALZ	0p01	baseline_thickness	full	8082	6789	1250	1339	0.0419858798970089	0.0326420605543583	0.198573900780853	0.0125187524260435	0.0132706893670607	0.345541229575174	-0.0294671274709653	0.0351903205335316	-0.837364565715937	0.402387676986708
CT	ALZ	pooled	raw	ALZ	0p05	baseline_thickness	full	8082	6789	1250	1339	0.0608901117855674	0.0338958909105323	0.0726544911053127	0.0266901656610728	0.0140752096658033	0.0579686343059482	-0.0341999461244946	0.0366399601620134	-0.933405658010281	0.350610560173662
CT	ALZ	pooled	raw	ALZ	0p1	baseline_thickness	full	8082	6789	1250	1339	0.0534894437869998	0.0354675140080683	0.131754268951219	0.0234659977409357	0.0148237049757304	0.113466582868626	-0.0300234460460641	0.0383560118935866	-0.782757241012438	0.433769681363603
CT	ALZ	pooled	raw	ALZ	0p5	baseline_thickness	full	8082	6789	1250	1339	0.0455105187816944	0.0361262017364383	0.207969730499706	0.0161571964618598	0.0151341931210234	0.285740825255233	-0.0293533223198346	0.039062764830133	-0.751439956886807	0.452387923346938
CT	ALZ	pooled	raw	ALZ	1	baseline_thickness	full	8082	6789	1250	1339	0.0359196459298385	0.036055362713219	0.319312296390587	0.0165178165164656	0.0150593144299133	0.272745512225533	-0.0194018294133729	0.0389734565131137	-0.497821623977454	0.618609773205306
CT	ALZ	pooled	raw	ALZ	1e-5	baseline_thickness	full	8082	6789	1250	1339	0.0493936781974072	0.0299659167830834	0.0995160024361264	-0.00418497923773736	0.0121212234651839	0.729909340847222	-0.0535786574351446	0.0323160420488578	-1.65795852580401	0.0973258378664702
CT	ALZ	pooled	raw	ALZ	5e-8	baseline_thickness	full	8082	6789	1250	1339	0.0443250868143963	0.0301286215251974	0.141469512543667	-0.00747623927841694	0.0120892094532781	0.536317766033744	-0.0518013260928133	0.0324600057692539	-1.59585079747211	0.110522108892528
CT	ALZ	pooled	raw	ALZ	0p001	global_slope	EUR	4116	3447	655	686	0.0375436935408272	0.052947014784884	0.478473612279499	-0.0434895902964471	0.0156219477324882	0.00540099483299259	-0.0810332838372743	0.0551799416959755	-1.4685278988467	0.141960883708885
CT	ALZ	pooled	raw	ALZ	0p01	global_slope	EUR	4116	3447	655	686	-0.0250095182244226	0.052118052587567	0.631451662729882	-0.0350922069381148	0.0156516320258956	0.0250195405506655	-0.0100826887136922	0.0544067719896945	-0.18532047289264	0.852977681101458
CT	ALZ	pooled	raw	ALZ	0p05	global_slope	EUR	4116	3447	655	686	-0.0433246441001789	0.0504155595586451	0.390395434122546	-0.0493091415935517	0.0156763113212769	0.00167236895450114	-0.00598449749337279	0.052794909593572	-0.113353683895718	0.90975015786351
CT	ALZ	pooled	raw	ALZ	0p1	global_slope	EUR	4116	3447	655	686	-0.0142736370757171	0.0502503993240745	0.776442774178586	-0.0463605966203548	0.0157143805718826	0.00319706994125032	-0.0320869595446377	0.052647635789318	-0.609466295372527	0.542215406719952
CT	ALZ	pooled	raw	ALZ	0p5	global_slope	EUR	4116	3447	655	686	0.00693862839338606	0.0516295069977381	0.89312459991758	-0.0462010355342274	0.0157497833235322	0.00337465598586067	-0.0531396639276135	0.0539746609678319	-0.984529832605784	0.324855070676334
CT	ALZ	pooled	raw	ALZ	1	global_slope	EUR	4116	3447	655	686	0.00226047931814176	0.0520078720844537	0.965341963923355	-0.0434906779938361	0.0157371080172819	0.00574793443317725	-0.0457511573119778	0.0543324242911609	-0.842059928465604	0.399754409619225
CT	ALZ	pooled	raw	ALZ	1e-5	global_slope	EUR	4116	3447	655	686	0.0634938542353536	0.0519472938362393	0.221951379374813	-0.0343853105376659	0.0156198359238967	0.0277758143175172	-0.0978791647730194	0.05422602920145	-1.80502179883756	0.0710712709388861
CT	ALZ	pooled	raw	ALZ	5e-8	global_slope	EUR	4116	3447	655	686	0.0579397644239425	0.0524229838476429	0.269378593730248	-0.036507822235135	0.0155940599812833	0.0192829514024136	-0.0944475866590774	0.0546884928140058	-1.7270102319384	0.0841658258995769
CT	ALZ	pooled	raw	ALZ	0p001	global_slope	full	8082	6789	1250	1339	0.0179555659377894	0.0376782356050179	0.633747534418534	-0.0362074456453442	0.0115030799751941	0.00165332835026828	-0.0541630115831336	0.039382407679735	-1.3753098089786	0.169035416775737
CT	ALZ	pooled	raw	ALZ	0p01	global_slope	full	8082	6789	1250	1339	0.00571568200590248	0.0403538063121557	0.887382812823247	-0.0282212547632825	0.0125268675803818	0.0243004303261745	-0.033936936769185	0.0422186567632351	-0.803837435177191	0.421490866788249
CT	ALZ	pooled	raw	ALZ	0p05	global_slope	full	8082	6789	1250	1339	-0.0265047427915775	0.0419258490070639	0.527358656163488	-0.0429322125661524	0.013291451360103	0.00124359919371886	-0.0164274697745749	0.043935888506331	-0.373896382503061	0.708481407928013
CT	ALZ	pooled	raw	ALZ	0p1	global_slope	full	8082	6789	1250	1339	0.00650099784191422	0.0438531260815971	0.882168252221737	-0.03186092142401	0.0140003018156918	0.0228935821307522	-0.0383619192659242	0.0459704127517739	-0.834491512466221	0.404004068194521
CT	ALZ	pooled	raw	ALZ	0p5	global_slope	full	8082	6789	1250	1339	0.0138185139135477	0.0446378676592036	0.756928759170862	-0.031276591681844	0.0142822232119481	0.0285664122597284	-0.0450951055953917	0.0467885491342147	-0.963806453284856	0.335142970682804
CT	ALZ	pooled	raw	ALZ	1	global_slope	full	8082	6789	1250	1339	0.00514098706026194	0.0445440065297377	0.908131716772352	-0.0293310063600799	0.0142114482689505	0.0390660000699781	-0.0344719934203419	0.0466812111575517	-0.738455420618736	0.460237747439722
CT	ALZ	pooled	raw	ALZ	1e-5	global_slope	full	8082	6789	1250	1339	0.0341473685838823	0.0370163543382635	0.35640981207145	-0.0301082488234531	0.01142048322988	0.00840034393676402	-0.0642556174073354	0.0387315864855505	-1.6589978164542	0.097116232302787
CT	ALZ	pooled	raw	ALZ	5e-8	global_slope	full	8082	6789	1250	1339	0.0409733532697684	0.0372096069893068	0.270996993157379	-0.0291256068590639	0.0113901386044886	0.0105774828204408	-0.0700989601288322	0.0389110465697658	-1.80151823989488	0.0716212350311371
CT	ALZ	pooled	raw	ALZ	0p001	slope_PC1	EUR	4116	3447	655	686	-0.0661078826013618	0.0568355352696998	0.245129690415928	0.0468293846503143	0.0161326715836199	0.0037233926899928	0.112937267251676	0.0590570291142438	1.91234250935994	0.0558322767586793
CT	ALZ	pooled	raw	ALZ	0p01	slope_PC1	EUR	4116	3447	655	686	-0.0270915767407038	0.0559214620475345	0.628198057086467	0.0327692091261207	0.0161758651450927	0.0428634428219999	0.0598607858668245	0.0582031150959616	1.0284807912451	0.303723721972997
CT	ALZ	pooled	raw	ALZ	0p05	slope_PC1	EUR	4116	3447	655	686	0.0208536928955728	0.0541355407425895	0.700185443147962	0.0346848928856661	0.0162113491143255	0.0324634569778976	0.0138311999900933	0.0565090754765332	0.244760684429124	0.806641737359442
CT	ALZ	pooled	raw	ALZ	0p1	slope_PC1	EUR	4116	3447	655	686	0.00983189719766736	0.0539204314210768	0.855362806125145	0.0263913995166933	0.0162524145622275	0.104503060998005	0.016559502319026	0.0563139722581524	0.29405672615518	0.768714557229645
CT	ALZ	pooled	raw	ALZ	0p5	slope_PC1	EUR	4116	3447	655	686	0.0555474593816403	0.0553671728147225	0.316049329811209	0.0275915660999552	0.0162842234888723	0.0902883961830801	-0.0279558932816851	0.0577086005495382	-0.484432008668919	0.628079306597637
CT	ALZ	pooled	raw	ALZ	1	slope_PC1	EUR	4116	3447	655	686	0.0587862273733638	0.0557681258928315	0.292156026928221	0.0264723440547462	0.0162691812807875	0.103801299413487	-0.0323138833186176	0.0580885515465325	-0.556286608261048	0.578014940476693
CT	ALZ	pooled	raw	ALZ	1e-5	slope_PC1	EUR	4116	3447	655	686	-0.0449900588041263	0.0557999449620666	0.42033157047811	0.0548236475517778	0.0161158550170181	0.000677340436697265	0.0998137063559041	0.0580619226633207	1.71909061528476	0.0855978733645765
CT	ALZ	pooled	raw	ALZ	5e-8	slope_PC1	EUR	4116	3447	655	686	-0.022043336999898	0.0563276925548413	0.695652644213968	0.0621845471984988	0.0160813222476702	0.00011238257035387	0.0842278841983968	0.058573592010247	1.43798393282184	0.150438613022725
CT	ALZ	pooled	raw	ALZ	0p001	slope_PC1	full	8082	6789	1250	1339	-0.0705385286159266	0.0394125166892199	0.0736881146797753	0.0223534064880316	0.011873512693723	0.0597953068607142	0.0928919351039581	0.0411492822635625	2.25743755404972	0.023980747347455
CT	ALZ	pooled	raw	ALZ	0p01	slope_PC1	full	8082	6789	1250	1339	-0.0880053318292754	0.0421805596575014	0.0371051527752664	0.0167963359142485	0.0129292640951366	0.193956860514482	0.104801667743524	0.0440821333402687	2.37741823732901	0.0174343076366412
CT	ALZ	pooled	raw	ALZ	0p05	slope_PC1	full	8082	6789	1250	1339	-0.0170877724030881	0.0439024039098259	0.697165157688357	0.0274202946995164	0.0137212266948786	0.0457156568270885	0.0445080671026045	0.0459494021088805	0.968632127076199	0.33272876796398
CT	ALZ	pooled	raw	ALZ	0p1	slope_PC1	full	8082	6789	1250	1339	-0.0365989281803257	0.0458992802311078	0.4253546041332	0.0170744240550663	0.014450370928539	0.23741059830379	0.053673352235392	0.0480556920431176	1.11689895522125	0.264037531403215
CT	ALZ	pooled	raw	ALZ	0p5	slope_PC1	full	8082	6789	1250	1339	0.00398546311373891	0.0467334436608658	0.932049108086996	0.0179683999834178	0.0147397805438531	0.222872367182183	0.0139829368696789	0.0489228520432001	0.285816061118669	0.775019006064823
CT	ALZ	pooled	raw	ALZ	1	slope_PC1	full	8082	6789	1250	1339	0.0114701042655157	0.0466328344964052	0.805740622107642	0.0172192123736686	0.0146662182778524	0.240408379031386	0.0057491081081529	0.0488084664478523	0.117789156811459	0.90623472134572
CT	ALZ	pooled	raw	ALZ	1e-5	slope_PC1	full	8082	6789	1250	1339	-0.0819909638377953	0.0387132732872193	0.034341124179665	0.0222107833634569	0.0117851160313073	0.0595221770244813	0.104201747201252	0.040460740618631	2.57537913562735	0.0100130261753179
CT	ALZ	pooled	raw	ALZ	5e-8	slope_PC1	full	8082	6789	1250	1339	-0.0730806825484218	0.038930304980607	0.0606746925883025	0.0257688785262335	0.0117523612710868	0.0283676282320863	0.0988495610746553	0.0406626464129572	2.43096723392693	0.0150585762978022
CT	ALZ	pooled	raw	ALZ	0p001	slope_PC2	EUR	4116	3447	655	686	-0.0382626223956634	0.0552651580704762	0.488917706668567	0.046607782649961	0.0165999449909933	0.00501792859505831	0.0848704050456244	0.057678999677666	1.47142643804357	0.141175827923304
CT	ALZ	pooled	raw	ALZ	0p01	slope_PC2	EUR	4116	3447	655	686	-0.049659991257797	0.0543086601100748	0.360776254652494	0.0462698678824024	0.0166273846329025	0.00541929234018379	0.0959298591401994	0.0567854840479402	1.68933770220594	0.0911547321407359
CT	ALZ	pooled	raw	ALZ	0p05	slope_PC2	EUR	4116	3447	655	686	0.0324929773384349	0.0526043736167811	0.536955344550315	0.0310821454038302	0.0166734216635615	0.0623819661341217	-0.00141083193460478	0.0551817815099257	-0.0255669877992432	0.97960271737785
CT	ALZ	pooled	raw	ALZ	0p1	slope_PC2	EUR	4116	3447	655	686	0.0142157734516972	0.0523950929182831	0.786214598225046	0.0192523145348999	0.0167186882127776	0.249588057195699	0.00503654108320266	0.054995033816038	0.0915817435452486	0.927030357024222
CT	ALZ	pooled	raw	ALZ	0p5	slope_PC2	EUR	4116	3447	655	686	0.0881723095688784	0.053779603534134	0.101493671903035	0.0295902985968857	0.0167506454749924	0.0773985111667824	-0.0585820109719928	0.0563238448244925	-1.04009254259074	0.298296907997676
CT	ALZ	pooled	raw	ALZ	1	slope_PC2	EUR	4116	3447	655	686	0.0992816588095546	0.0541510347795886	0.0671058312631296	0.0302360141662873	0.0167343165219654	0.0708773101012651	-0.0690456446432673	0.0566731466987254	-1.2183132341374	0.223104962827399
CT	ALZ	pooled	raw	ALZ	1e-5	slope_PC2	EUR	4116	3447	655	686	-0.0355841333241917	0.054251417842199	0.512066596894836	0.0469252781937733	0.0165914691926647	0.00470737838617662	0.082509411517965	0.0567114852265289	1.45489773699963	0.145697574425028
CT	ALZ	pooled	raw	ALZ	5e-8	slope_PC2	EUR	4116	3447	655	686	-0.00258925566567623	0.0547266410789314	0.962275765422779	0.0458959664750785	0.0165685948530621	0.00563517574285516	0.0484852221407548	0.0571747110603366	0.848018664923172	0.396427576045934
CT	ALZ	pooled	raw	ALZ	0p001	slope_PC2	full	8082	6789	1250	1339	-0.0479352389051179	0.0390710457061002	0.220047683317165	0.0326391176390172	0.0121550679584493	0.00726598272256805	0.080574356544135	0.0409045548344713	1.96981379873698	0.0488597145504912
CT	ALZ	pooled	raw	ALZ	0p01	slope_PC2	full	8082	6789	1250	1339	-0.0645520959862281	0.0418127738683164	0.122822665224986	0.0236374651960069	0.0132357498313987	0.0741635478386388	0.088189561182235	0.043820287123272	2.01252814556296	0.0441642928221439
CT	ALZ	pooled	raw	ALZ	0p05	slope_PC2	full	8082	6789	1250	1339	0.0163469457913544	0.0434812652912711	0.707000298571116	0.0233433112674425	0.0140490147562718	0.0966468567953801	0.00699636547608818	0.0456447227466983	0.153278737498614	0.87817846754389
CT	ALZ	pooled	raw	ALZ	0p1	slope_PC2	full	8082	6789	1250	1339	-0.0164018093313515	0.0454734570161799	0.718378223979489	0.0192849193881133	0.0147940472313403	0.192428244088232	0.0356867287194648	0.0477513835144861	0.747344392830811	0.454855702148696
CT	ALZ	pooled	raw	ALZ	0p5	slope_PC2	full	8082	6789	1250	1339	0.042061644716201	0.0462932484738157	0.363700450258878	0.0267332185554555	0.0150899299868857	0.0765074794461742	-0.0153284261607455	0.0486061907860175	-0.315359543977164	0.752488680016876
CT	ALZ	pooled	raw	ALZ	1	slope_PC2	full	8082	6789	1250	1339	0.0569515988231267	0.0461851065075118	0.217710704771345	0.0273250328668727	0.0150143200048952	0.0688140091158219	-0.0296265659562541	0.0484838324994233	-0.611060727441595	0.541159377972922
CT	ALZ	pooled	raw	ALZ	1e-5	slope_PC2	full	8082	6789	1250	1339	-0.0503603428311569	0.0383957680534428	0.189836331907922	0.0302502955248226	0.0120660313911837	0.0121976109501727	0.0806106383559795	0.0402400796591183	2.00324251439978	0.0451512643951755
CT	ALZ	pooled	raw	ALZ	5e-8	slope_PC2	full	8082	6789	1250	1339	-0.0402905200374314	0.0386044423330018	0.296790604811964	0.0290386837536447	0.0120343858834189	0.0158497930374406	0.0693292037910761	0.0404337055434792	1.71463888503924	0.0864114548509075
CT	ALZ	pooled	raw	ALZ	0p001	slope_PC3	EUR	4116	3447	655	686	0.0977859669265838	0.0534791230593582	0.0679322576925684	-0.0358536355120679	0.0165760139194533	0.0306145050429322	-0.133639602438652	0.0559632228008676	-2.38798975023611	0.016940814245561
CT	ALZ	pooled	raw	ALZ	0p01	slope_PC3	EUR	4116	3447	655	686	0.0788167201343782	0.0526354942166003	0.134770945541752	-0.020947898137924	0.0166051320536812	0.207205813142651	-0.0997646182723022	0.055180911870895	-1.8079552310719	0.0706134686034078
CT	ALZ	pooled	raw	ALZ	0p05	slope_PC3	EUR	4116	3447	655	686	0.0582584548699057	0.0510302760465615	0.25402055313409	-0.0312523431902647	0.0166334868020171	0.0603479747664968	-0.0895107980601704	0.0536709446112593	-1.6677701260617	0.0953613683756638
CT	ALZ	pooled	raw	ALZ	0p1	slope_PC3	EUR	4116	3447	655	686	0.045314826295164	0.0508658751454371	0.373328093057054	-0.0274268621983079	0.0166741382666654	0.100090506954471	-0.0727416884934719	0.0535262448482191	-1.35899106503251	0.174149420035877
CT	ALZ	pooled	raw	ALZ	0p5	slope_PC3	EUR	4116	3447	655	686	0.0259766363540974	0.0522749917922552	0.619410395952774	-0.0117085467265078	0.016721698988856	0.483851583528073	-0.0376851830806052	0.0548801560122583	-0.686681413081034	0.492283512264966
CT	ALZ	pooled	raw	ALZ	1	slope_PC3	EUR	4116	3447	655	686	0.0332860553136723	0.0526495638675837	0.527464651923727	-0.0105206769737487	0.0167063945893463	0.528908898174543	-0.043806732287421	0.0552318031767414	-0.793143257467798	0.427694362501294
CT	ALZ	pooled	raw	ALZ	1e-5	slope_PC3	EUR	4116	3447	655	686	0.0795460642149045	0.0525285036015965	0.130422502328323	-0.0454145853534953	0.0165625957668157	0.00614002808617608	-0.1249606495684	0.0550569678263079	-2.26966094396302	0.0232281628204249
CT	ALZ	pooled	raw	ALZ	5e-8	slope_PC3	EUR	4116	3447	655	686	0.0657081866986047	0.053021006825089	0.215684419017808	-0.0489203984692905	0.0165348525629036	0.00311243390465033	-0.114628585167895	0.0555343060653137	-2.06410403387558	0.0390078535911556
CT	ALZ	pooled	raw	ALZ	0p001	slope_PC3	full	8082	6789	1250	1339	0.082305713613086	0.0386043702063858	0.0331646754465697	-0.00670503824730842	0.0119609312363719	0.575104215971573	-0.0890107518603944	0.0404015618159905	-2.20315126097835	0.0275840892196474
CT	ALZ	pooled	raw	ALZ	0p01	slope_PC3	full	8082	6789	1250	1339	0.1107013202546	0.0412896293929996	0.00741794386023586	-0.00255478019676874	0.0130209321266767	0.844455229464454	-0.113256100451368	0.0432574553517581	-2.61818684271647	0.00883983879572129
CT	ALZ	pooled	raw	ALZ	0p05	slope_PC3	full	8082	6789	1250	1339	0.0693669208622521	0.0429798633749528	0.106748522768769	-0.0176935731637569	0.0138183778574985	0.200435756620976	-0.087060494026009	0.0450977807180655	-1.93048288939713	0.0535470332909834
CT	ALZ	pooled	raw	ALZ	0p1	slope_PC3	full	8082	6789	1250	1339	0.0566707335269481	0.0449706717172679	0.20780149416009	-0.0170889416645254	0.0145497618459812	0.240230099929474	-0.0737596751914735	0.0471992064147844	-1.56273125745541	0.118115819077044
CT	ALZ	pooled	raw	ALZ	0p5	slope_PC3	full	8082	6789	1250	1339	0.0525104297379677	0.0457828367146752	0.251584675117765	-0.00627345660557729	0.0148443653930875	0.672589704010618	-0.058783886343545	0.0480466391886915	-1.22347550913365	0.221150148859515
CT	ALZ	pooled	raw	ALZ	1	slope_PC3	full	8082	6789	1250	1339	0.0574343046077136	0.0456809437264045	0.20884112085847	-0.00638737972412823	0.0147702591051537	0.665429455090662	-0.0638216843318419	0.0479306720724645	-1.33154161150406	0.183010862579652
CT	ALZ	pooled	raw	ALZ	1e-5	slope_PC3	full	8082	6789	1250	1339	0.101085147992155	0.0379077080719097	0.00774363085361824	-0.0147674923392932	0.0118712660617868	0.213555503807481	-0.115852640331448	0.0397162314624485	-2.91700989911357	0.00353404556533538
CT	ALZ	pooled	raw	ALZ	5e-8	slope_PC3	full	8082	6789	1250	1339	0.085707055314234	0.0381296562078267	0.0247335726212036	-0.017405469565182	0.0118392724390944	0.141570225787262	-0.103112524879416	0.0399224470734726	-2.58282075469095	0.00979962216208676
CT	ALZ	pooled	zanc	ALZ	0p001	baseline_thickness	EUR	4116	3447	655	686	0.100322484958826	0.0409698602885638	0.0145829748989598	-0.0160709004167103	0.0170557392508458	0.346126443447817	-0.116393385375536	0.0443458520532961	-2.62467355990029	0.00867320765242573
CT	ALZ	pooled	zanc	ALZ	0p01	baseline_thickness	EUR	4116	3447	655	686	0.0458135388075063	0.0404051529491726	0.257245027958026	-0.00137960824252411	0.0170605092000177	0.935553484701857	-0.0471931470500304	0.0438450112110261	-1.07636298284632	0.281764950809605
CT	ALZ	pooled	zanc	ALZ	0p05	baseline_thickness	EUR	4116	3447	655	686	0.0349167743261512	0.0391372150573679	0.372612970962308	0.0112508848177128	0.0170932494209249	0.510449022151049	-0.0236658895084384	0.0427046912312888	-0.55417540382774	0.579458809583289
CT	ALZ	pooled	zanc	ALZ	0p1	baseline_thickness	EUR	4116	3447	655	686	0.0321962182353065	0.0389918416581705	0.409246783973167	0.0191233449267008	0.0171391967427651	0.264599060120483	-0.0130728733086057	0.0425884842397265	-0.306957938090019	0.758875388137459
CT	ALZ	pooled	zanc	ALZ	0p5	baseline_thickness	EUR	4116	3447	655	686	-0.0112669563488802	0.0401075935786213	0.778856239828975	0.0117248941130235	0.0172003743746679	0.495496344817198	0.0229918504619037	0.0436341642578802	0.526923131288149	0.598246969926882
CT	ALZ	pooled	zanc	ALZ	1	baseline_thickness	EUR	4116	3447	655	686	-0.0166930658946545	0.0403973757870059	0.679571107783688	0.0128232686892242	0.0171845362014672	0.455591359513593	0.0295163345838788	0.0438938203010849	0.672448521942604	0.501298201604532
CT	ALZ	pooled	zanc	ALZ	1e-5	baseline_thickness	EUR	4116	3447	655	686	0.0460797996054182	0.0403557840985172	0.253912935805458	-0.0272738542738217	0.0170564629744836	0.109904693485058	-0.0733536538792399	0.0437849699307072	-1.67531584457697	0.0938722782998668
CT	ALZ	pooled	zanc	ALZ	5e-8	baseline_thickness	EUR	4116	3447	655	686	0.0433354604528443	0.0406987800577149	0.287342287627257	-0.03172944092272	0.0170324875969502	0.0625644272859237	-0.0750649013755644	0.0441126692543265	-1.70166309689369	0.0888185420078325
CT	ALZ	pooled	zanc	ALZ	0p001	baseline_thickness	full	8082	6789	1250	1339	0.057026391325704	0.0301959672052761	0.0591652934353384	0.00676202342891987	0.0118561432678839	0.568466497758703	-0.0502643678967841	0.0324359573311824	-1.54964958744912	0.121225644167116
CT	ALZ	pooled	zanc	ALZ	0p01	baseline_thickness	full	8082	6789	1250	1339	0.0376068009198065	0.0300154501126725	0.210451542312854	0.0173187461547125	0.0118795671502597	0.144925195425046	-0.0202880547650941	0.0322784966419669	-0.628531588386199	0.529655760134469
CT	ALZ	pooled	zanc	ALZ	0p05	baseline_thickness	full	8082	6789	1250	1339	0.0570885892850824	0.029643144699386	0.0543294538971555	0.0298925044919947	0.0118959002529941	0.011999153721787	-0.0271960847930877	0.0319410908208715	-0.851445085128925	0.394522156104375
CT	ALZ	pooled	zanc	ALZ	0p1	baseline_thickness	full	8082	6789	1250	1339	0.0405128750476958	0.0296663631590882	0.172284586613854	0.0258737203929758	0.0119335759000097	0.0301820962176185	-0.01463915465472	0.0319765470876489	-0.457809112866176	0.647089588177642
CT	ALZ	pooled	zanc	ALZ	0p5	baseline_thickness	full	8082	6789	1250	1339	0.0353718078538721	0.0297096447731185	0.234024337789423	0.0204360790274629	0.0119671561864645	0.0877412211408588	-0.0149357288264092	0.0320362667550433	-0.466213149634793	0.641062937892637
CT	ALZ	pooled	zanc	ALZ	1	baseline_thickness	full	8082	6789	1250	1339	0.0260866214884019	0.029732272063751	0.380432590304496	0.0208418740056907	0.0119683298089761	0.0816553878902341	-0.00524474748271129	0.0320559594031223	-0.163612244973097	0.870036404516803
CT	ALZ	pooled	zanc	ALZ	1e-5	baseline_thickness	full	8082	6789	1250	1339	0.0440008066395618	0.0299804820403821	0.142430638568476	-7.11326438870253e-05	0.0118687502000918	0.995218266326028	-0.0440719392834489	0.0322410382327669	-1.36695161505867	0.171640471961672
CT	ALZ	pooled	zanc	ALZ	5e-8	baseline_thickness	full	8082	6789	1250	1339	0.040123502794311	0.0301851948931974	0.183990060291242	-0.00244385223590978	0.0118641517459428	0.836807833988458	-0.0425673550302208	0.032434293919822	-1.31241811939695	0.189379096550091
CT	ALZ	pooled	zanc	ALZ	0p001	global_slope	EUR	4116	3447	655	686	0.0375437096647899	0.0529470157445356	0.478473431380613	-0.043489591251264	0.0156219476997191	0.00540099372047689	-0.0810333009160539	0.0551799426131881	-1.46852818394717	0.141960806326206
CT	ALZ	pooled	zanc	ALZ	0p01	global_slope	EUR	4116	3447	655	686	-0.0250094678161245	0.052118052647416	0.631452350613023	-0.0350922076418559	0.0156516320354544	0.025019537730978	-0.0100827398257314	0.054406772042784	-0.185321412154404	0.852976944438163
CT	ALZ	pooled	zanc	ALZ	0p05	global_slope	EUR	4116	3447	655	686	-0.0433246746580077	0.0504155586901407	0.390395091857412	-0.0493091401213282	0.0156763113273925	0.00167236949689253	-0.00598446546332047	0.05279490876964	-0.113353078976469	0.90975063742836
CT	ALZ	pooled	zanc	ALZ	0p1	global_slope	EUR	4116	3447	655	686	-0.0142736092745686	0.0502503990393144	0.776443196775438	-0.0463605915413026	0.0157143805764268	0.00319707328624092	-0.032086982266734	0.0526476355081926	-0.609466730215089	0.542215118573757
CT	ALZ	pooled	zanc	ALZ	0p5	global_slope	EUR	4116	3447	655	686	0.00693858995386723	0.0516295055675618	0.89312518549715	-0.046201027623501	0.0157497833577082	0.00337466150108852	-0.0531396175773682	0.0539746596049102	-0.98452899872543	0.324855480468244
CT	ALZ	pooled	zanc	ALZ	1	global_slope	EUR	4116	3447	655	686	0.00226049390185464	0.0520078710381153	0.965341739767635	-0.0434906780738335	0.0157371080600049	0.00574793447560101	-0.0457511719756881	0.0543324233160449	-0.842060213466999	0.399754250099092
CT	ALZ	pooled	zanc	ALZ	1e-5	global_slope	EUR	4116	3447	655	686	0.0634938704763942	0.0519472946443479	0.221951268430773	-0.034385315575222	0.0156198359002537	0.0277757912484312	-0.0978791860516162	0.0542260299678454	-1.80502216573214	0.0710712135281674
CT	ALZ	pooled	zanc	ALZ	5e-8	global_slope	EUR	4116	3447	655	686	0.0579397683940134	0.052422983898025	0.269378561404277	-0.0365078236749769	0.0155940599579578	0.0192829464603641	-0.0944475920689903	0.0546884928559225	-1.72701032953703	0.084165808371747
CT	ALZ	pooled	zanc	ALZ	0p001	global_slope	full	8082	6789	1250	1339	0.0175270244619861	0.0373350962321231	0.638810676805511	-0.0341134114279183	0.0111868607955332	0.00230184259435109	-0.0516404358899044	0.0389715651297736	-1.32507985547781	0.185144666759037
CT	ALZ	pooled	zanc	ALZ	0p01	global_slope	full	8082	6789	1250	1339	0.00365904211056433	0.0371079041178633	0.921463884109566	-0.0261517251068755	0.0112186530990828	0.0197779091674488	-0.0298107672174398	0.0387648944789712	-0.769014532816831	0.441884683230476
CT	ALZ	pooled	zanc	ALZ	0p05	global_slope	full	8082	6789	1250	1339	-0.0254857908806636	0.0366736824326937	0.487197526394763	-0.0379731173689084	0.0112394443424259	0.000732792987390573	-0.0124873264882448	0.0383576908281172	-0.325549484826945	0.744765236934158
CT	ALZ	pooled	zanc	ALZ	0p1	global_slope	full	8082	6789	1250	1339	0.0060745670104444	0.0366771573948996	0.868474859859451	-0.0262379277509154	0.0112757004334448	0.019997732757105	-0.0323124947613598	0.0383715474158488	-0.842095170444275	0.399734684374064
CT	ALZ	pooled	zanc	ALZ	0p5	global_slope	full	8082	6789	1250	1339	0.0119246903592649	0.0367108246096383	0.74535394512537	-0.0253793394998258	0.0113007495153547	0.0247486239831622	-0.0373040298590907	0.0384165645935256	-0.97104023365425	0.331528243744366
CT	ALZ	pooled	zanc	ALZ	1	global_slope	full	8082	6789	1250	1339	0.0046531761453484	0.036733046769278	0.899213160647363	-0.0243422544754863	0.0113004262787077	0.0312678995372017	-0.0289954306208347	0.0384363439720003	-0.754375354793291	0.450623865871082
CT	ALZ	pooled	zanc	ALZ	1e-5	global_slope	full	8082	6789	1250	1339	0.0327152662544041	0.0370291937241552	0.377099115410602	-0.0279418067580847	0.0111930424913143	0.0125717930191469	-0.0606570730124888	0.0386813178247622	-1.56812322908137	0.116852376386757
CT	ALZ	pooled	zanc	ALZ	5e-8	global_slope	full	8082	6789	1250	1339	0.0424634005291045	0.0372726137202718	0.254762886070063	-0.0274078616136862	0.0111908210643847	0.0143455343353062	-0.0698712621427907	0.0389169975395983	-1.79539189968847	0.07259128214693
CT	ALZ	pooled	zanc	ALZ	0p001	slope_PC1	EUR	4116	3447	655	686	-0.0661079252314602	0.0568355362412586	0.245129394395199	0.0468293845360672	0.0161326715528615	0.00372339270825793	0.112937309767527	0.0590570300465856	1.91234319908129	0.0558321883501256
CT	ALZ	pooled	zanc	ALZ	0p01	slope_PC1	EUR	4116	3447	655	686	-0.0270916298086533	0.0559214620222252	0.628197383907858	0.0327692059115345	0.0161758651577455	0.0428634633692803	0.0598608357201878	0.058203115068279	1.02848164827542	0.303723319029988
CT	ALZ	pooled	zanc	ALZ	0p05	slope_PC1	EUR	4116	3447	655	686	0.0208537143630995	0.0541355398243621	0.700185144652567	0.0346848894918991	0.0162113491221433	0.032463474009691	0.0138311751287997	0.0565090746028226	0.244760248261238	0.806642075101355
CT	ALZ	pooled	zanc	ALZ	0p1	slope_PC1	EUR	4116	3447	655	686	0.00983186997618445	0.0539204310941085	0.855363201289222	0.0263913956772662	0.0162524145649922	0.104503111490731	0.0165595257010817	0.0563139719350138	0.294057143051308	0.768714238669593
CT	ALZ	pooled	zanc	ALZ	0p5	slope_PC1	EUR	4116	3447	655	686	0.0555474656321342	0.0553671712570621	0.316049261781256	0.027591558360203	0.0162842235214764	0.0902884870964564	-0.0279559072719312	0.0577085990594012	-0.484432263606943	0.628079125707138
CT	ALZ	pooled	zanc	ALZ	1	slope_PC1	EUR	4116	3447	655	686	0.0587862101523881	0.0557681247855569	0.29215615862082	0.0264723466938958	0.0162691813254733	0.103801265915764	-0.0323138634584923	0.0580885505102877	-0.556286276290702	0.578015167380686
CT	ALZ	pooled	zanc	ALZ	1e-5	slope_PC1	EUR	4116	3447	655	686	-0.0449900537466195	0.0557999458585985	0.420331630162392	0.0548236494381448	0.0161158549917449	0.000677340134554726	0.0998137031847643	0.058061923517014	1.7190905353922	0.0855978879096912
CT	ALZ	pooled	zanc	ALZ	5e-8	slope_PC1	EUR	4116	3447	655	686	-0.022043306369958	0.0563276926539792	0.695653046449206	0.0621845480780968	0.0160813222246716	0.000112382542723598	0.0842278544480548	0.058573592099451	1.43798342271797	0.15043875776062
CT	ALZ	pooled	zanc	ALZ	0p001	slope_PC1	full	8082	6789	1250	1339	-0.0715900494860589	0.039048806665515	0.0669412846409628	0.0185128227073661	0.0115485569039827	0.108973213744797	0.090102872193425	0.0407171497052732	2.2128973379921	0.0269047242749985
CT	ALZ	pooled	zanc	ALZ	0p01	slope_PC1	full	8082	6789	1250	1339	-0.084156727217183	0.0387816688396294	0.0301566448502534	0.0143936919614484	0.011579991763557	0.213919283271445	0.0985504191786314	0.0404718042226842	2.43503893813053	0.0148901872687766
CT	ALZ	pooled	zanc	ALZ	0p05	slope_PC1	full	8082	6789	1250	1339	-0.0173995568454944	0.0384019350363516	0.650546447304363	0.0250002652011209	0.011603845751646	0.0312380964027856	0.0423998220466153	0.0401172021098981	1.05689878198545	0.290557784411095
CT	ALZ	pooled	zanc	ALZ	0p1	slope_PC1	full	8082	6789	1250	1339	-0.0336923610274354	0.0383865373781177	0.380234528228205	0.0150359146527376	0.0116387470212294	0.196442009606375	0.048728275680173	0.040112471499102	1.21479115744	0.224445754257929
CT	ALZ	pooled	zanc	ALZ	0p5	slope_PC1	full	8082	6789	1250	1339	-0.000220364434236807	0.0384324152584964	0.995425832196765	0.0154474882135426	0.0116637456309445	0.185415224676742	0.0156678526477794	0.0401692243952792	0.390046182958432	0.696502396999058
CT	ALZ	pooled	zanc	ALZ	1	slope_PC1	full	8082	6789	1250	1339	0.0067221809263102	0.0384542148577637	0.861251568528105	0.0151878144729654	0.0116629488244804	0.192883903417851	0.00846563354665516	0.0401884585905408	0.210648376264118	0.833161660379083
CT	ALZ	pooled	zanc	ALZ	1e-5	slope_PC1	full	8082	6789	1250	1339	-0.0857552233988719	0.0387189630674079	0.0269170983966022	0.0160686140664841	0.0115520634024524	0.1642806976898	0.101823837465356	0.0404028914181141	2.52021164553844	0.011728429007177
CT	ALZ	pooled	zanc	ALZ	5e-8	slope_PC1	full	8082	6789	1250	1339	-0.0815257015674943	0.0389867110421469	0.0366792952754056	0.0196886503690312	0.0115488643379513	0.0882766897404222	0.101214351936526	0.0406619276746291	2.48916757578313	0.0128042597677301
CT	ALZ	pooled	zanc	ALZ	0p001	slope_PC2	EUR	4116	3447	655	686	-0.0382626231399688	0.0552651590803727	0.488917706156731	0.0466077842853126	0.0165999449555577	0.00501792697048194	0.0848704074252813	0.05767900064119	1.47142645472039	0.141175823416085
CT	ALZ	pooled	zanc	ALZ	0p01	slope_PC2	EUR	4116	3447	655	686	-0.049660022589697	0.054308660073945	0.360775951479222	0.0462698668737813	0.0166273846464847	0.00541929338893104	0.0959298894634783	0.0567854840097585	1.68933823733884	0.0911546296479535
CT	ALZ	pooled	zanc	ALZ	0p05	slope_PC2	EUR	4116	3447	655	686	0.0324929918262067	0.0526043727152152	0.536955156084814	0.031082144800801	0.0166734216704198	0.0623819713208234	-0.00141084702540568	0.0551817806564073	-0.0255672616690353	0.97960249893278
CT	ALZ	pooled	zanc	ALZ	0p1	slope_PC2	EUR	4116	3447	655	686	0.0142157597122118	0.052395092609096	0.786214798590586	0.0192523193839369	0.0167186882118118	0.249587937938717	0.00503655967172514	0.0549950335096904	0.0915820820590585	0.927030088059585
CT	ALZ	pooled	zanc	ALZ	0p5	slope_PC2	EUR	4116	3447	655	686	0.0881723396108521	0.0537796019830074	0.101493545791268	0.0295902930953332	0.0167506455055876	0.0773985667691148	-0.058582046515519	0.05632384334728	-1.04009320092586	0.298296602168667
CT	ALZ	pooled	zanc	ALZ	1	slope_PC2	EUR	4116	3447	655	686	0.0992816920550822	0.0541510336493162	0.0671057342404838	0.0302360101637256	0.0167343165657725	0.070877348152312	-0.0690456818913566	0.0566731456468325	-1.21831391399421	0.223104704572552
CT	ALZ	pooled	zanc	ALZ	1e-5	slope_PC2	EUR	4116	3447	655	686	-0.0355841109149555	0.0542514187143437	0.512066869325978	0.0469252774360379	0.0165914691739317	0.00470737900947865	0.0825093883509934	0.0567114860543105	1.4548973072576	0.145697693413945
CT	ALZ	pooled	zanc	ALZ	5e-8	slope_PC2	EUR	4116	3447	655	686	-0.00258922682237858	0.0547266411284517	0.962276185376312	0.0458959636030914	0.0165685948313669	0.00563517867217039	0.04848519042547	0.0571747111017812	0.848018109600198	0.396427885308589
CT	ALZ	pooled	zanc	ALZ	0p001	slope_PC2	full	8082	6789	1250	1339	-0.0496295309556365	0.0387100173464314	0.199995616002471	0.0292593218041374	0.0118202831111472	0.0133350137561949	0.0788888527597739	0.0404707701209633	1.94927975237394	0.0512620252397656
CT	ALZ	pooled	zanc	ALZ	0p01	slope_PC2	full	8082	6789	1250	1339	-0.0601429119964614	0.0384450864689571	0.117922005597944	0.019183735448706	0.0118539554079986	0.105635787532319	0.0793266474451674	0.0402291916059586	1.9718677974483	0.0486247002908232
CT	ALZ	pooled	zanc	ALZ	0p05	slope_PC2	full	8082	6789	1250	1339	0.0106141955793658	0.0380354297749415	0.780233694471134	0.022059445014797	0.0118796257796953	0.06336649747907	0.0114452494354312	0.0398478186319102	0.28722398937707	0.773940818972233
CT	ALZ	pooled	zanc	ALZ	0p1	slope_PC2	full	8082	6789	1250	1339	-0.0186584215839561	0.0380309139748851	0.623767104462713	0.0179165247125323	0.0119139613808278	0.132672646168445	0.0365749462964884	0.0398536440322751	0.917731544620324	0.358759428689322
CT	ALZ	pooled	zanc	ALZ	0p5	slope_PC2	full	8082	6789	1250	1339	0.0290599294687606	0.0380721770622733	0.44540399457425	0.0225947014918872	0.0119388467948718	0.0584622211812383	-0.00646522797687342	0.0399063192176206	-0.16201013031587	0.87129787642366
CT	ALZ	pooled	zanc	ALZ	1	slope_PC2	full	8082	6789	1250	1339	0.0419424305362044	0.0380867062703661	0.270957211639952	0.0230473726812285	0.0119381414939576	0.0535785399263276	-0.018895057854976	0.0399185118303851	-0.473340738133266	0.635970102294366
CT	ALZ	pooled	zanc	ALZ	1e-5	slope_PC2	full	8082	6789	1250	1339	-0.0536363797786114	0.0384006299140032	0.162677012851705	0.0269382865122853	0.0118253938989834	0.0227577475588036	0.0805746662908966	0.0401774149760636	2.00547163969858	0.044912649682386
CT	ALZ	pooled	zanc	ALZ	5e-8	slope_PC2	full	8082	6789	1250	1339	-0.0503517494684033	0.0386615006653979	0.192972921999121	0.0253129992927214	0.0118232827675773	0.0323144089740745	0.0756647487611247	0.040429690016406	1.87151444224333	0.0612738099713372
CT	ALZ	pooled	zanc	ALZ	0p001	slope_PC3	EUR	4116	3447	655	686	0.097786011506364	0.053479124934999	0.0679321421765421	-0.0358536364603207	0.0165760138161937	0.0306144996013081	-0.133639647966685	0.0559632245689463	-2.3879904883258	0.0169407802229412
CT	ALZ	pooled	zanc	ALZ	0p01	slope_PC3	EUR	4116	3447	655	686	0.0788167258702495	0.052635494214442	0.134770917192267	-0.0209478932945065	0.0166051320683924	0.207205918551249	-0.099764619164756	0.0551809118653847	-1.80795524742568	0.0706134660579353
CT	ALZ	pooled	zanc	ALZ	0p05	slope_PC3	EUR	4116	3447	655	686	0.0582584438499164	0.0510302752008855	0.254020635009453	-0.0312523367425706	0.0166334868121792	0.0603480278816253	-0.089510780592487	0.0536709438142303	-1.66776982536972	0.0953614280896768
CT	ALZ	pooled	zanc	ALZ	0p1	slope_PC3	EUR	4116	3447	655	686	0.045314839390052	0.0508658748309464	0.373327952082125	-0.0274268583559747	0.0166741382689047	0.100090554534294	-0.0727416977460267	0.0535262445384402	-1.35899124575771	0.17414936276697
CT	ALZ	pooled	zanc	ALZ	0p5	slope_PC3	EUR	4116	3447	655	686	0.0259766648743979	0.0522749902879919	0.619410001333906	-0.0117085441763198	0.0167216990201886	0.483851679563405	-0.0376852090507177	0.054880154583595	-0.686681904172018	0.492283202729644
CT	ALZ	pooled	zanc	ALZ	1	slope_PC3	EUR	4116	3447	655	686	0.0332860967392166	0.0526495638151074	0.527464137774595	-0.0105206787039548	0.0167063945607175	0.528908829706185	-0.0438067754431714	0.0552318031334679	-0.793144039446116	0.427693906955048
CT	ALZ	pooled	zanc	ALZ	1e-5	slope_PC3	EUR	4116	3447	655	686	0.0795460497620819	0.0525285044932111	0.13042257858464	-0.0454145872473925	0.0165625957452358	0.00614002588737715	-0.124960637009474	0.0550569686693856	-2.26966068110028	0.0232281787816213
CT	ALZ	pooled	zanc	ALZ	5e-8	slope_PC3	EUR	4116	3447	655	686	0.0657081746098234	0.0530210068914418	0.21568450394005	-0.048920401242193	0.0165348525347327	0.00311243216472271	-0.114628575852016	0.0555343061206823	-2.06410386406765	0.039007869687852
CT	ALZ	pooled	zanc	ALZ	0p001	slope_PC3	full	8082	6789	1250	1339	0.0741464434787587	0.0382633122693691	0.0528336895345399	-0.0028235466384519	0.011630785022061	0.80819501763065	-0.0769699901172106	0.0399882966299502	-1.92481292287809	0.0542527666953783
CT	ALZ	pooled	zanc	ALZ	0p01	slope_PC3	full	8082	6789	1250	1339	0.0977562638263054	0.0379754057034206	0.0101415823422475	0.000275691838369845	0.0116609850311951	0.981138684013694	-0.0974805719879355	0.0397235667232305	-2.45397329668608	0.0141287472860912
CT	ALZ	pooled	zanc	ALZ	0p05	slope_PC3	full	8082	6789	1250	1339	0.0543968800032592	0.0376029010535689	0.148211717397826	-0.0121580313703805	0.0116858872879095	0.298190234483513	-0.0665549113736398	0.0393772398966628	-1.69018731501494	0.0909921244064555
CT	ALZ	pooled	zanc	ALZ	0p1	slope_PC3	full	8082	6789	1250	1339	0.0398833904692891	0.0376175499911024	0.289207038963501	-0.0101440774012586	0.0117185201517084	0.386715961259223	-0.0500274678705477	0.0394008113210609	-1.26970654139314	0.204189181838722
CT	ALZ	pooled	zanc	ALZ	0p5	slope_PC3	full	8082	6789	1250	1339	0.0354528346147082	0.0376574755160501	0.346621195948866	-0.00180281454808468	0.0117452100977286	0.87801369300175	-0.0372556491627928	0.0394526114436848	-0.944313894556058	0.345009267699093
CT	ALZ	pooled	zanc	ALZ	1	slope_PC3	full	8082	6789	1250	1339	0.0395053200812117	0.037676217528555	0.294553071440531	-0.00248006346225569	0.0117446435028989	0.83276461100976	-0.0419853835434674	0.0394689038696583	-1.06375853968784	0.28743809771979
CT	ALZ	pooled	zanc	ALZ	1e-5	slope_PC3	full	8082	6789	1250	1339	0.0935249831202329	0.0379358414303301	0.0137983148883414	-0.00767349224447037	0.0116341941796641	0.509556924495485	-0.101198475364703	0.0396770198591803	-2.55055636042908	0.0107551132869188
CT	ALZ	pooled	zanc	ALZ	5e-8	slope_PC3	full	8082	6789	1250	1339	0.0796496877120937	0.0382092721458272	0.0372759084665	-0.0114166700353527	0.0116313712897386	0.326361939433307	-0.0910663577474464	0.0399411210454894	-2.28001506627042	0.0226067949244638
CT	ALZnoAPOE	pooled	raw	ALZnoAPOE	0p001	baseline_thickness	EUR	4116	3447	655	686	0.0858563094064346	0.0394532402863796	0.0298778344544066	-0.00425902028936675	0.0171376582762011	0.803748166908528	-0.0901153296958013	0.0429769977937781	-2.09682700797792	0.0360088918472631
CT	ALZnoAPOE	pooled	raw	ALZnoAPOE	0p01	baseline_thickness	EUR	4116	3447	655	686	0.021479520183966	0.038849049939245	0.580510814054973	0.00717936924358997	0.0171068480367865	0.674746468467188	-0.014300150940376	0.0424398542668326	-0.336950990700074	0.736153845552312
CT	ALZnoAPOE	pooled	raw	ALZnoAPOE	0p05	baseline_thickness	EUR	4116	3447	655	686	0.0197940475454074	0.0384670604877527	0.607015408397768	0.0164325183718456	0.0171396375987327	0.337754510212171	-0.00336152917356172	0.0421134313982496	-0.079820832973051	0.936379754873525
CT	ALZnoAPOE	pooled	raw	ALZnoAPOE	0p1	baseline_thickness	EUR	4116	3447	655	686	0.018941056941629	0.0382384062228093	0.620515126036378	0.023226567066647	0.0171840125370081	0.176579061480311	0.00428551012501793	0.0419213094393755	0.102227487221396	0.918576110395371
CT	ALZnoAPOE	pooled	raw	ALZnoAPOE	0p5	baseline_thickness	EUR	4116	3447	655	686	-0.021900377425758	0.0394093156893737	0.578583130630521	0.0145169740413966	0.0172327326621434	0.399618393801832	0.0364173514671546	0.0430099125804674	0.846719960172465	0.397151230462158
CT	ALZnoAPOE	pooled	raw	ALZnoAPOE	1	baseline_thickness	EUR	4116	3447	655	686	-0.0271997156455813	0.0397351165877365	0.493870232520064	0.0155207725918638	0.0172177426424064	0.367416832660672	0.0427204882374451	0.0433018367519586	0.986574506808023	0.323851272917811
CT	ALZnoAPOE	pooled	raw	ALZnoAPOE	1e-5	baseline_thickness	EUR	4116	3447	655	686	0.00708790305880902	0.0388788974775598	0.855394261655123	-0.0229872465447514	0.0172262368004597	0.182149834696987	-0.0300751496035605	0.0423870051631605	-0.709537026449309	0.477991282783281
CT	ALZnoAPOE	pooled	raw	ALZnoAPOE	5e-8	baseline_thickness	EUR	4116	3447	655	686	-0.00916333507464867	0.0381891102365476	0.810442330282766	-0.0450623171033694	0.0171296437700268	0.0085596219300842	-0.0358989820287208	0.0418459799577741	-0.857883650112763	0.390956713218497
CT	ALZnoAPOE	pooled	raw	ALZnoAPOE	0p001	baseline_thickness	full	8082	6789	1250	1339	0.0446672597344508	0.0298093995597011	0.134253262900653	0.0108128793750025	0.0125343459360927	0.388354843398579	-0.0338543803594483	0.0322936509454487	-1.04832929595467	0.294486916574836
CT	ALZnoAPOE	pooled	raw	ALZnoAPOE	0p01	baseline_thickness	full	8082	6789	1250	1339	0.0201831458513034	0.0317881933577741	0.525583293949258	0.0157346342554093	0.0133584333731046	0.238885355597502	-0.00444851159589406	0.0344286327859744	-0.12920965010572	0.897191760541418
CT	ALZnoAPOE	pooled	raw	ALZnoAPOE	0p05	baseline_thickness	full	8082	6789	1250	1339	0.0468333460669303	0.0335761683091769	0.163291707336201	0.0291457998914647	0.0141211010700265	0.0390563716223794	-0.0176875461754656	0.0363564723857729	-0.48650336555719	0.626610319715719
CT	ALZnoAPOE	pooled	raw	ALZnoAPOE	0p1	baseline_thickness	full	8082	6789	1250	1339	0.0401410341360587	0.0349861595417133	0.251442274134533	0.0249724479999467	0.0148360195085607	0.0923759922594983	-0.015168586136112	0.0379138390299734	-0.400080459383715	0.689097256155977
CT	ALZnoAPOE	pooled	raw	ALZnoAPOE	0p5	baseline_thickness	full	8082	6789	1250	1339	0.0343914829943867	0.0356463588808201	0.334817774354322	0.0170323692426584	0.015095901359949	0.25924235830818	-0.0173591137517283	0.0386074190060314	-0.449631552656146	0.652976132998709
CT	ALZnoAPOE	pooled	raw	ALZnoAPOE	1	baseline_thickness	full	8082	6789	1250	1339	0.0251503999217432	0.0356115046827706	0.480157262746702	0.0173218400834645	0.015023366722024	0.248953616305	-0.00782855983827875	0.038551717337381	-0.20306643591952	0.839083105399594
CT	ALZnoAPOE	pooled	raw	ALZnoAPOE	1e-5	baseline_thickness	full	8082	6789	1250	1339	0.0354034669748259	0.0288963511421705	0.220715702532635	9.36260605985696e-05	0.0123575874575625	0.993955184827874	-0.0353098409142273	0.0313909407029952	-1.12484175763673	0.260656095964711
CT	ALZnoAPOE	pooled	raw	ALZnoAPOE	5e-8	baseline_thickness	full	8082	6789	1250	1339	0.0132825420837244	0.0302354757704662	0.660511499392858	-0.0165980602242406	0.0126777916577618	0.190502964560419	-0.0298806023079651	0.0327749278444113	-0.911690864730925	0.361931474275718
CT	ALZnoAPOE	pooled	raw	ALZnoAPOE	0p001	global_slope	EUR	4116	3447	655	686	-0.0138720795107449	0.05095507091303	0.785504072996551	-0.0252168056448227	0.0157132238611401	0.108627267020684	-0.0113447261340778	0.0532948498001121	-0.212867212810007	0.83143053665398
CT	ALZnoAPOE	pooled	raw	ALZnoAPOE	0p01	global_slope	EUR	4116	3447	655	686	-0.0605354566272488	0.0500321475711275	0.226651151100403	-0.0216327098065173	0.015708828230739	0.168568725448601	0.0389027468207314	0.0524334591894373	0.741945075189096	0.458120614113964
CT	ALZnoAPOE	pooled	raw	ALZnoAPOE	0p05	global_slope	EUR	4116	3447	655	686	-0.064075119623743	0.049501125415513	0.195882129857999	-0.0414767613208205	0.015718760214792	0.00836047008224952	0.0225983583029225	0.0519374686276229	0.435107041218093	0.663484732753872
CT	ALZnoAPOE	pooled	raw	ALZnoAPOE	0p1	global_slope	EUR	4116	3447	655	686	-0.0305298397443643	0.0492496609110846	0.535494295161525	-0.0389176269948219	0.0157577648198885	0.0135693016056256	-0.0083877872504576	0.0517088002455236	-0.162211987333505	0.871138920292217
CT	ALZnoAPOE	pooled	raw	ALZnoAPOE	0p5	global_slope	EUR	4116	3447	655	686	-0.00635276573879428	0.0507416079217405	0.900396816761045	-0.0406128124574745	0.0157820584788664	0.0101138119763878	-0.0342600467186802	0.0531381559852971	-0.644735333460944	0.519098714681044
CT	ALZnoAPOE	pooled	raw	ALZnoAPOE	1	global_slope	EUR	4116	3447	655	686	-0.0110998199948086	0.0511673885518407	0.82831499128807	-0.0379750311652521	0.0157685672821624	0.016081063131894	-0.0268752111704435	0.0535401235498208	-0.501963936363263	0.615692889289231
CT	ALZnoAPOE	pooled	raw	ALZnoAPOE	1e-5	global_slope	EUR	4116	3447	655	686	0.0442648474099485	0.0500209390267381	0.376452765248634	0.00268775014434606	0.0157944829585968	0.864886419305154	-0.0415770972656025	0.0523563077483094	-0.794118207599256	0.427126618800805
CT	ALZnoAPOE	pooled	raw	ALZnoAPOE	5e-8	global_slope	EUR	4116	3447	655	686	0.0593635790864123	0.0491629455282996	0.227590613219967	0.00770652197332747	0.0157133713768293	0.623851710699935	-0.0516570571130848	0.0516064110738264	-1.00098139045527	0.316835805392475
CT	ALZnoAPOE	pooled	raw	ALZnoAPOE	0p001	global_slope	full	8082	6789	1250	1339	-0.0187772864924224	0.0368412042466285	0.610344714169958	-0.0242554490574531	0.0118283795720613	0.0403436060432651	-0.00547816256503074	0.0386603413811008	-0.141699798018565	0.887317134489482
CT	ALZnoAPOE	pooled	raw	ALZnoAPOE	0p01	global_slope	full	8082	6789	1250	1339	-0.0193895581819438	0.0392738226526005	0.621584559796866	-0.0166162290217156	0.012623005288474	0.188103150372979	0.00277332916022818	0.0412129718482799	0.0672926274387062	0.946348746038185
CT	ALZnoAPOE	pooled	raw	ALZnoAPOE	0p05	global_slope	full	8082	6789	1250	1339	-0.043715837407194	0.0415005187415923	0.292325805345232	-0.0356565982665371	0.0133386326117896	0.0075317243315535	0.00805923914065691	0.0435402451709623	0.185098616441227	0.85315168677672
CT	ALZnoAPOE	pooled	raw	ALZnoAPOE	0p1	global_slope	full	8082	6789	1250	1339	-0.00771644991973442	0.0432410969197464	0.858390789730995	-0.0243266469721761	0.0140163369709909	0.082681923850488	-0.0166101970524417	0.0453899650787466	-0.365944257141966	0.714406670994916
CT	ALZnoAPOE	pooled	raw	ALZnoAPOE	0p5	global_slope	full	8082	6789	1250	1339	0.00313947602765112	0.0440368555521154	0.943174253667964	-0.0253982249124929	0.0142480517967518	0.0747011440661387	-0.028537700940144	0.0462070376058011	-0.617605075304832	0.536835698217418
CT	ALZnoAPOE	pooled	raw	ALZnoAPOE	1	global_slope	full	8082	6789	1250	1339	-0.00552540793170236	0.0439886675799441	0.900056571264908	-0.0235013810380351	0.0141786632166871	0.0974622041450235	-0.0179759731063327	0.0461432626955978	-0.389568748636573	0.696855464872229
CT	ALZnoAPOE	pooled	raw	ALZnoAPOE	1e-5	global_slope	full	8082	6789	1250	1339	0.00462782302938766	0.0356908118620272	0.896848325075532	-0.00671723383988647	0.0116718340385968	0.564967123640768	-0.0113450568692741	0.0375226999423244	-0.302351826673252	0.762383873898572
CT	ALZnoAPOE	pooled	raw	ALZnoAPOE	5e-8	global_slope	full	8082	6789	1250	1339	0.0439774339400155	0.0373244678008173	0.238873701309101	0.0068178552769039	0.0119701997893632	0.568989221502296	-0.0371595786631116	0.0391890981045715	-0.948212142161464	0.343021466999719
CT	ALZnoAPOE	pooled	raw	ALZnoAPOE	0p001	slope_PC1	EUR	4116	3447	655	686	-0.0744351146743469	0.0545862372272236	0.173080672396748	0.0098409059537663	0.0162401051629899	0.544580790123751	0.0842760206281132	0.0569225321685796	1.48053885548388	0.138729499310383
CT	ALZnoAPOE	pooled	raw	ALZnoAPOE	0p01	slope_PC1	EUR	4116	3447	655	686	-0.016398869234891	0.0536704864273392	0.760031143127205	0.00858411620372634	0.0162424639526208	0.59718820773369	0.0249829854386174	0.0560674689454532	0.445587894522629	0.65589495651905
CT	ALZnoAPOE	pooled	raw	ALZnoAPOE	0p05	slope_PC1	EUR	4116	3447	655	686	0.0295353844505099	0.0531481662714261	0.57856368269267	0.020438124390191	0.0162563668381626	0.2087550998853	-0.00909726006031883	0.0555792932173386	-0.163680743919227	0.869982477212672
CT	ALZnoAPOE	pooled	raw	ALZnoAPOE	0p1	slope_PC1	EUR	4116	3447	655	686	0.016793063095543	0.0528295064775271	0.750666734637518	0.0140584261846788	0.0162964915805825	0.388383172328412	-0.00273463691086414	0.055285573124662	-0.0494638430300411	0.960549650993115
CT	ALZnoAPOE	pooled	raw	ALZnoAPOE	0p5	slope_PC1	EUR	4116	3447	655	686	0.060281426473055	0.0543939461097286	0.26810180679499	0.0186042167447334	0.016317154967033	0.254301069236871	-0.0416772097283216	0.0567875957230074	-0.733913968318193	0.463001173268789
CT	ALZnoAPOE	pooled	raw	ALZnoAPOE	1	slope_PC1	EUR	4116	3447	655	686	0.06369961352348	0.0548465113420982	0.245829260057601	0.0176622650022203	0.0163011704423808	0.27866721242615	-0.0460373485212597	0.0572158537651132	-0.804625737304483	0.421035685469325
CT	ALZnoAPOE	pooled	raw	ALZnoAPOE	1e-5	slope_PC1	EUR	4116	3447	655	686	-0.111743791777096	0.0534604145962156	0.0369228711097036	0.0017513669977561	0.0163226363042879	0.914560020293721	0.113495158774852	0.0557970847471641	2.03406968821288	0.0419445696391778
CT	ALZnoAPOE	pooled	raw	ALZnoAPOE	5e-8	slope_PC1	EUR	4116	3447	655	686	-0.0754346235886402	0.0526394590740998	0.152247609160991	0.00457919212314032	0.0162395857656741	0.777978694978272	0.0800138157117805	0.0550808271498983	1.45266183991807	0.146317667041271
CT	ALZnoAPOE	pooled	raw	ALZnoAPOE	0p001	slope_PC1	full	8082	6789	1250	1339	-0.0303774611447509	0.0385555927942328	0.430882000001529	0.00745858017448701	0.0122086216155448	0.541268840011861	0.0378360413192379	0.0404085536334452	0.936337431486831	0.349099481541651
CT	ALZnoAPOE	pooled	raw	ALZnoAPOE	0p01	slope_PC1	full	8082	6789	1250	1339	-0.0569560169350276	0.041074838894489	0.165749501087272	0.00520606942423354	0.0130283513551887	0.689467353280944	0.0621620863592611	0.0430511323487294	1.44391292325893	0.14876347093605
CT	ALZnoAPOE	pooled	raw	ALZnoAPOE	0p05	slope_PC1	full	8082	6789	1250	1339	0.00538963743165926	0.0434588291389602	0.901317700481757	0.0202478902604438	0.0137691759084094	0.141467556287227	0.0148582528287845	0.0455357796217311	0.326298417468924	0.744198585440924
CT	ALZnoAPOE	pooled	raw	ALZnoAPOE	0p1	slope_PC1	full	8082	6789	1250	1339	-0.0169786099311699	0.0452574530070615	0.707595268379255	0.0101344165662751	0.0144663170133608	0.483606834727205	0.0271130264974451	0.0474459363556485	0.57145097304455	0.567693984811858
CT	ALZnoAPOE	pooled	raw	ALZnoAPOE	0p5	slope_PC1	full	8082	6789	1250	1339	0.0191075778124799	0.0460944399496959	0.678542050417974	0.0127199054398726	0.0147039828783915	0.387034560117949	-0.00638767237260723	0.0483040129306462	-0.132238958733688	0.894795287075503
CT	ALZnoAPOE	pooled	raw	ALZnoAPOE	1	slope_PC1	full	8082	6789	1250	1339	0.0264520839617959	0.0460414943739498	0.565693839846996	0.0120605807080099	0.014631876708229	0.409817555312851	-0.014391503253786	0.0482351523735831	-0.298361310073683	0.765427415098
CT	ALZnoAPOE	pooled	raw	ALZnoAPOE	1e-5	slope_PC1	full	8082	6789	1250	1339	-0.0726033114793253	0.0373155632904461	0.0518750444378175	-0.00742795170450755	0.0120436915606665	0.537420561494972	0.0651753597748178	0.0391822784735294	1.66338871331458	0.096234650928826
CT	ALZnoAPOE	pooled	raw	ALZnoAPOE	5e-8	slope_PC1	full	8082	6789	1250	1339	-0.0723269771326317	0.0390279368401001	0.0640408244484559	-0.00811782219491235	0.0123524684148739	0.511086708383467	0.0642091549377194	0.0409280886423574	1.56882857391166	0.116687888463107
CT	ALZnoAPOE	pooled	raw	ALZnoAPOE	0p001	slope_PC2	EUR	4116	3447	655	686	-0.0616336151218207	0.0531026051689311	0.246123786550758	0.0238477365603278	0.0167008371173655	0.153401404269621	0.0854813516821485	0.0556368046339189	1.53641734539936	0.124436055318824
CT	ALZnoAPOE	pooled	raw	ALZnoAPOE	0p01	slope_PC2	EUR	4116	3447	655	686	-0.0528679735813002	0.0521473117235275	0.310969952332294	0.03039209694413	0.0166923134896331	0.0687348739252633	0.0832600705254302	0.0547464532934723	1.52083040117884	0.128302403195574
CT	ALZnoAPOE	pooled	raw	ALZnoAPOE	0p05	slope_PC2	EUR	4116	3447	655	686	0.0329800606619156	0.0516630417856642	0.523413332000771	0.0208080036120223	0.0167180936657823	0.21334874676063	-0.0121720570498933	0.0543013192142384	-0.224157667364768	0.822634621863242
CT	ALZnoAPOE	pooled	raw	ALZnoAPOE	0p1	slope_PC2	EUR	4116	3447	655	686	0.0148209710109392	0.0513509571386663	0.772944706906811	0.0102710763710246	0.0167619742625022	0.540075160482955	-0.00454989463991467	0.054017059386584	-0.0842306984419946	0.932873011080935
CT	ALZnoAPOE	pooled	raw	ALZnoAPOE	0p5	slope_PC2	EUR	4116	3447	655	686	0.087184566479731	0.0528421548355836	0.0993485681451009	0.0232741532956451	0.0167840224046768	0.165628439966176	-0.063910413184086	0.0554423592697826	-1.15273617547727	0.249018688322406
CT	ALZnoAPOE	pooled	raw	ALZnoAPOE	1	slope_PC2	EUR	4116	3447	655	686	0.0982833886694545	0.0532640040787532	0.0653705092350948	0.0240798062093766	0.0167673670233706	0.151062464397301	-0.074203582460078	0.0558387377274961	-1.32889075720526	0.183884013632358
CT	ALZnoAPOE	pooled	raw	ALZnoAPOE	1e-5	slope_PC2	EUR	4116	3447	655	686	-0.101458830281994	0.0520261204242592	0.051500725930209	0.02457507438459	0.0167841018832683	0.143234822401535	0.126033904666584	0.0545594884979247	2.31002724065821	0.0208866460431328
CT	ALZnoAPOE	pooled	raw	ALZnoAPOE	5e-8	slope_PC2	EUR	4116	3447	655	686	-0.0472163945862383	0.0512253185602655	0.356937289366646	0.0187733385487649	0.0167029735662243	0.261112513718747	0.0659897331350032	0.0538725834145932	1.22492238078057	0.220604466972062
CT	ALZnoAPOE	pooled	raw	ALZnoAPOE	0p001	slope_PC2	full	8082	6789	1250	1339	-0.0311259632443009	0.0381947201372728	0.415232414498276	0.0185809542122823	0.012498672512802	0.137158354543683	0.0497069174565832	0.0401521554909299	1.23796386143732	0.215729461025256
CT	ALZnoAPOE	pooled	raw	ALZnoAPOE	0p01	slope_PC2	full	8082	6789	1250	1339	-0.0482873329418922	0.0406971371547569	0.235596435303711	0.011471087051063	0.0133363760810022	0.389744853764563	0.0597584199929551	0.0427840686448221	1.39674467356174	0.162490365031412
CT	ALZnoAPOE	pooled	raw	ALZnoAPOE	0p05	slope_PC2	full	8082	6789	1250	1339	0.0284765171279369	0.043035184940674	0.508255212702262	0.0155052087024886	0.0140978190837754	0.271445133097635	-0.0129713084254483	0.0452304752558973	-0.286782492380668	0.774278869179486
CT	ALZnoAPOE	pooled	raw	ALZnoAPOE	0p1	slope_PC2	full	8082	6789	1250	1339	-0.0059857550787755	0.0448314462666946	0.893801116784826	0.0120846740062124	0.0148102132918198	0.414546617514304	0.0180704290849879	0.0471434327639869	0.383307451866171	0.70149181464909
CT	ALZnoAPOE	pooled	raw	ALZnoAPOE	0p5	slope_PC2	full	8082	6789	1250	1339	0.0498887911326517	0.0456548460684627	0.274670573767207	0.0213378072415918	0.0150538367884197	0.156402752294182	-0.02855098389106	0.0479894662849369	-0.59494272600447	0.551881756049799
CT	ALZnoAPOE	pooled	raw	ALZnoAPOE	1	slope_PC2	full	8082	6789	1250	1339	0.0646589463006461	0.0455939844114171	0.156339665646063	0.0220847952458262	0.0149798845500462	0.14044865912973	-0.0425741510548199	0.047912189971837	-0.888587039745944	0.374225058860505
CT	ALZnoAPOE	pooled	raw	ALZnoAPOE	1e-5	slope_PC2	full	8082	6789	1250	1339	-0.0383715744982012	0.0369949765869326	0.299791667292957	0.00980205670273814	0.0123302018765	0.426662809348426	0.0481736312009393	0.0389654526290356	1.23631647910185	0.216340947997722
CT	ALZnoAPOE	pooled	raw	ALZnoAPOE	5e-8	slope_PC2	full	8082	6789	1250	1339	-0.0351278643669497	0.0386875756746088	0.36401876841708	0.00269001267756157	0.0126480481390344	0.831581410003289	0.0378178770445112	0.0406941249719554	0.929320315170155	0.352723110071303
CT	ALZnoAPOE	pooled	raw	ALZnoAPOE	0p001	slope_PC3	EUR	4116	3447	655	686	0.0559632041683264	0.0515234234374334	0.277802867060451	-0.0114150055334197	0.0166698945607885	0.493538732298426	-0.0673782097017461	0.0541224315643342	-1.24492207305311	0.213160396311091
CT	ALZnoAPOE	pooled	raw	ALZnoAPOE	0p01	slope_PC3	EUR	4116	3447	655	686	0.0436144228183568	0.0506075679732213	0.389104104489017	-0.00407809549676807	0.0166613945350018	0.806654844129857	-0.0476925183151249	0.0532723058071457	-0.895259133099654	0.370648580819105
CT	ALZnoAPOE	pooled	raw	ALZnoAPOE	0p05	slope_PC3	EUR	4116	3447	655	686	0.0353119789430202	0.0501481901620024	0.481588543368391	-0.0216741909012331	0.0166786323155111	0.193856320400388	-0.0569861698442533	0.052849665247473	-1.07826926769376	0.280913607747451
CT	ALZnoAPOE	pooled	raw	ALZnoAPOE	0p1	slope_PC3	EUR	4116	3447	655	686	0.025531929458813	0.049863150413383	0.608796026894131	-0.0189784115955261	0.0167196030841022	0.256415899350974	-0.0445103410543391	0.0525912139843861	-0.846345571478038	0.397359992354525
CT	ALZnoAPOE	pooled	raw	ALZnoAPOE	0p5	slope_PC3	EUR	4116	3447	655	686	0.0100759530493049	0.0513679679213216	0.844551682613546	-0.00501972280339272	0.016753586915147	0.764485434879867	-0.0150956758526976	0.0540296540412714	-0.279396122750787	0.779940846256299
CT	ALZnoAPOE	pooled	raw	ALZnoAPOE	1	slope_PC3	EUR	4116	3447	655	686	0.0173061734667236	0.051794966453231	0.738389567851473	-0.0039658604198127	0.0167379086040519	0.812719076123122	-0.0212720338865362	0.0544301335824854	-0.390813552832823	0.695935056412015
CT	ALZnoAPOE	pooled	raw	ALZnoAPOE	1e-5	slope_PC3	EUR	4116	3447	655	686	0.0657666839370277	0.0505391001417612	0.193610815975974	-0.0155872743923327	0.0167535141769055	0.352238524235114	-0.0813539583293604	0.0531345499969644	-1.53109339091059	0.125746313014442
CT	ALZnoAPOE	pooled	raw	ALZnoAPOE	5e-8	slope_PC3	EUR	4116	3447	655	686	0.0323171547491627	0.0497337653369024	0.516047116771502	-0.0163499525906812	0.0166679353712773	0.326703368164173	-0.0486671073398438	0.0524453035858973	-0.927959302592931	0.353428680739057
CT	ALZnoAPOE	pooled	raw	ALZnoAPOE	0p001	slope_PC3	full	8082	6789	1250	1339	0.0268761384971977	0.0377941158956411	0.477119156924038	0.00350685199128537	0.0122936783219509	0.775456557335537	-0.0233692865059124	0.0397084840350141	-0.58852124612226	0.556182477387293
CT	ALZnoAPOE	pooled	raw	ALZnoAPOE	0p01	slope_PC3	full	8082	6789	1250	1339	0.0727388985808259	0.0402399119504225	0.0708619649991544	0.00464581210826672	0.0131167984190054	0.723209194500541	-0.0680930864725592	0.0422821387638143	-1.6104456506546	0.107300601407954
CT	ALZnoAPOE	pooled	raw	ALZnoAPOE	0p05	slope_PC3	full	8082	6789	1250	1339	0.0427349377681997	0.0425750725159131	0.315656783316199	-0.0139425109611453	0.0138648108796142	0.314642538510059	-0.056677448729345	0.0447219500269005	-1.26732954835943	0.205037479264562
CT	ALZnoAPOE	pooled	raw	ALZnoAPOE	0p1	slope_PC3	full	8082	6789	1250	1339	0.0323103595179773	0.0443576791361793	0.466477973506161	-0.0136083590821743	0.0145645837796686	0.350159388619485	-0.0459187186001516	0.0466181571918763	-0.984996434139473	0.324625822517652
CT	ALZnoAPOE	pooled	raw	ALZnoAPOE	0p5	slope_PC3	full	8082	6789	1250	1339	0.0332177229903329	0.0451742876308933	0.46225585686203	-0.00341124726299699	0.0148073330384244	0.817807113438054	-0.0366289702533299	0.0474577588342798	-0.771822588193354	0.440219511363386
CT	ALZnoAPOE	pooled	raw	ALZnoAPOE	1	slope_PC3	full	8082	6789	1250	1339	0.0384649241062328	0.0451218396249937	0.394088763377863	-0.00354542431071056	0.0147348537656716	0.809861140562085	-0.0420103484169434	0.0473889569553361	-0.88650080347913	0.375347721382308
CT	ALZnoAPOE	pooled	raw	ALZnoAPOE	1e-5	slope_PC3	full	8082	6789	1250	1339	0.0837556692812675	0.0365593298221104	0.0221027776730163	-0.000571762232804742	0.012126376843819	0.962394858748046	-0.0843274315140722	0.0384883700830276	-2.19098473986194	0.0284528967702393
CT	ALZnoAPOE	pooled	raw	ALZnoAPOE	5e-8	slope_PC3	full	8082	6789	1250	1339	0.0592288692651262	0.0382665157070767	0.121879145906759	-0.00027820332891895	0.0124382252757048	0.982156035059901	-0.0595070725940452	0.0402289583775466	-1.47920987751098	0.139084230449879
CT	ALZnoAPOE	pooled	zanc	ALZnoAPOE	0p001	baseline_thickness	EUR	4116	3447	655	686	0.0858563246272875	0.039453239566696	0.0298778025133626	-0.00425902063015361	0.0171376582637894	0.803748151386819	-0.0901153452574411	0.0429769971366863	-2.09682740212941	0.0360088569432498
CT	ALZnoAPOE	pooled	zanc	ALZnoAPOE	0p01	baseline_thickness	EUR	4116	3447	655	686	0.0214795276255339	0.0388490460000657	0.580510644566377	0.00717936240622856	0.0171068483224959	0.6747467655813	-0.0143001652193054	0.0424398507709963	-0.336951354906228	0.736153570994825
CT	ALZnoAPOE	pooled	zanc	ALZnoAPOE	0p05	baseline_thickness	EUR	4116	3447	655	686	0.0197940281500652	0.0384670623235819	0.607015777781919	0.0164325175877916	0.0171396375479008	0.337754531827081	-0.00336151056227355	0.0421134330588889	-0.0798203878931698	0.93638010886639
CT	ALZnoAPOE	pooled	zanc	ALZnoAPOE	0p1	baseline_thickness	EUR	4116	3447	655	686	0.0189410646918514	0.0382384047147005	0.620514969284487	0.0232265625366668	0.0171840126069635	0.176579147605845	0.00428549784481539	0.0419213080948393	0.102227197565501	0.918576340302876
CT	ALZnoAPOE	pooled	zanc	ALZnoAPOE	0p5	baseline_thickness	EUR	4116	3447	655	686	-0.0219003948865757	0.0394093154340166	0.578582825401826	0.0145169767814591	0.017232732670744	0.399618305078436	0.0364173716680348	0.0430099123532101	0.846720434326036	0.397150966112587
CT	ALZnoAPOE	pooled	zanc	ALZnoAPOE	1	baseline_thickness	EUR	4116	3447	655	686	-0.0271997059759286	0.0397351134078863	0.493870351458691	0.0155207654527032	0.0172177429089551	0.367417060421063	0.0427204714286318	0.0433018339323484	0.986574182871219	0.323851431788822
CT	ALZnoAPOE	pooled	zanc	ALZnoAPOE	1e-5	baseline_thickness	EUR	4116	3447	655	686	0.00708790877324041	0.0388789002824387	0.855394156680464	-0.0229872482486214	0.0172262365595113	0.182149796186049	-0.0300751570218618	0.0423870076251296	-0.709537160250761	0.477991199782983
CT	ALZnoAPOE	pooled	zanc	ALZnoAPOE	5e-8	baseline_thickness	EUR	4116	3447	655	686	-0.00916335875162016	0.0381891103736116	0.810441850496313	-0.0450623179611471	0.0171296437465606	0.00855962058095909	-0.0358989592095269	0.0418459800788122	-0.857883102317481	0.390957015732736
CT	ALZnoAPOE	pooled	zanc	ALZnoAPOE	0p001	baseline_thickness	full	8082	6789	1250	1339	0.0392062146505527	0.028655363711346	0.171475315333764	0.00905245727218294	0.0119108947741428	0.447271974611583	-0.0301537573783697	0.0310178105531294	-0.972143321551352	0.33097925273853
CT	ALZnoAPOE	pooled	zanc	ALZnoAPOE	0p01	baseline_thickness	full	8082	6789	1250	1339	0.0197381986539718	0.0292099972413788	0.499323900397631	0.0187307624737375	0.0119161914425586	0.116025874209864	-0.00100743618023438	0.0315438340296728	-0.0319376579044483	0.97452176728243
CT	ALZnoAPOE	pooled	zanc	ALZnoAPOE	0p05	baseline_thickness	full	8082	6789	1250	1339	0.0461441109181553	0.0294127971267479	0.116916239655711	0.0311388863325539	0.0119178557936968	0.00900023639591862	-0.0150052245856014	0.031734049282629	-0.472843047918726	0.636325159349067
CT	ALZnoAPOE	pooled	zanc	ALZnoAPOE	0p1	baseline_thickness	full	8082	6789	1250	1339	0.0304950564676593	0.0293635674214049	0.299205733634519	0.0265359936436889	0.0119531023415402	0.0264508533521754	-0.00395906282397042	0.0317024775248667	-0.124881811551322	0.900617117915014
CT	ALZnoAPOE	pooled	zanc	ALZnoAPOE	0p5	baseline_thickness	full	8082	6789	1250	1339	0.0272996996696855	0.0294512385364894	0.354118690436226	0.0207334105888182	0.0119853949225022	0.0836952928007896	-0.00656628908086734	0.0318034069528416	-0.206464958002893	0.836427734491361
CT	ALZnoAPOE	pooled	zanc	ALZnoAPOE	1	baseline_thickness	full	8082	6789	1250	1339	0.0182097270750305	0.0294944482516831	0.53707723809331	0.021094283065796	0.0119866600962442	0.0784844041364822	0.00288455599076543	0.0318421743877533	0.0905891650375121	0.927819041579006
CT	ALZnoAPOE	pooled	zanc	ALZnoAPOE	1e-5	baseline_thickness	full	8082	6789	1250	1339	0.0342636586536937	0.0279086403647228	0.21976828958716	0.000610936817805132	0.0119220663984511	0.959132426666424	-0.0336527218358886	0.0303217268010847	-1.10985505728799	0.267061489690465
CT	ALZnoAPOE	pooled	zanc	ALZnoAPOE	5e-8	baseline_thickness	full	8082	6789	1250	1339	0.0159238095785015	0.0284478715569511	0.575739290376558	-0.0171604132743396	0.0119127817055399	0.149770786226076	-0.0330842228528411	0.0308454489270432	-1.07258036448402	0.283459438604016
CT	ALZnoAPOE	pooled	zanc	ALZnoAPOE	0p001	global_slope	EUR	4116	3447	655	686	-0.0138720863806939	0.050955070057531	0.785503965859147	-0.0252168011678365	0.0157132238638398	0.108627329804098	-0.0113447147871426	0.0532948489891955	-0.212867003140257	0.831430700198643
CT	ALZnoAPOE	pooled	zanc	ALZnoAPOE	0p01	global_slope	EUR	4116	3447	655	686	-0.0605354490977916	0.0500321467735827	0.226651201424395	-0.0216327054481244	0.0157088282465863	0.168568811637465	0.0389027436496672	0.0524334584286333	0.741945025476763	0.458120644234899
CT	ALZnoAPOE	pooled	zanc	ALZnoAPOE	0p05	global_slope	EUR	4116	3447	655	686	-0.0640751022076326	0.0495011278042407	0.195882272813337	-0.0414767677634696	0.0157187601580721	0.00836045976172928	0.022598334444163	0.0519374708904704	0.435106562886362	0.66348507993762
CT	ALZnoAPOE	pooled	zanc	ALZnoAPOE	0p1	global_slope	EUR	4116	3447	655	686	-0.0305298637041207	0.0492496589698068	0.535493958925016	-0.038917627129117	0.0157577648759831	0.0135693016159648	-0.0083877634249963	0.0517087984156219	-0.162211532311729	0.871139278601881
CT	ALZnoAPOE	pooled	zanc	ALZnoAPOE	0p5	global_slope	EUR	4116	3447	655	686	-0.00635277783509635	0.0507416076019481	0.900396627472208	-0.0406128169101226	0.015782058483458	0.0101138037690645	-0.0342600390750263	0.0531381556833599	-0.644735193279483	0.519098805539657
CT	ALZnoAPOE	pooled	zanc	ALZnoAPOE	1	global_slope	EUR	4116	3447	655	686	-0.0110998063262937	0.0511673888461517	0.828315200376624	-0.0379750350848745	0.0157685672563961	0.0160810520279379	-0.0268752287585809	0.0535401238178391	-0.501964262354326	0.615692659974682
CT	ALZnoAPOE	pooled	zanc	ALZnoAPOE	1e-5	global_slope	EUR	4116	3447	655	686	0.0442648601223086	0.0500209385032965	0.376452623260505	0.0026877568405474	0.0157944829912672	0.86488608620063	-0.0415771032817612	0.0523563072486885	-0.794118330085295	0.427126547500986
CT	ALZnoAPOE	pooled	zanc	ALZnoAPOE	5e-8	global_slope	EUR	4116	3447	655	686	0.0593635715592162	0.0491629457347064	0.227590674070205	0.00770652553355622	0.0157133713616695	0.62385155008799	-0.05165704602566	0.0516064112697088	-1.00098117180996	0.31683591110017
CT	ALZnoAPOE	pooled	zanc	ALZnoAPOE	0p001	global_slope	full	8082	6789	1250	1339	-0.0197854369498526	0.0354087862567031	0.576395461704284	-0.0230972544540325	0.0112481717607195	0.0400702896517541	-0.0033118175041799	0.0371411584534468	-0.08916839544278	0.928948082081607
CT	ALZnoAPOE	pooled	zanc	ALZnoAPOE	0p01	global_slope	full	8082	6789	1250	1339	-0.0202475597994708	0.0360901098988273	0.574857093848815	-0.0161898833818238	0.0112617201205901	0.15059311501042	0.004057676417647	0.0378037976802736	0.107335153255366	0.914523097356224
CT	ALZnoAPOE	pooled	zanc	ALZnoAPOE	0p05	global_slope	full	8082	6789	1250	1339	-0.0413214932667178	0.0363616157412279	0.255957755856615	-0.0321428295049345	0.0112627059181425	0.0043315310665085	0.00917866376178334	0.038065005336502	0.241131287928169	0.809453363844137
CT	ALZnoAPOE	pooled	zanc	ALZnoAPOE	0p1	global_slope	full	8082	6789	1250	1339	-0.00635286458209041	0.0362905636436342	0.861058131112495	-0.0206387479735822	0.0112978675753936	0.0677766432997815	-0.0142858833914917	0.0380081049023829	-0.375864132878567	0.707017906425567
CT	ALZnoAPOE	pooled	zanc	ALZnoAPOE	0p5	global_slope	full	8082	6789	1250	1339	0.00266765596601114	0.0363854947389732	0.94156344294179	-0.0212040330784151	0.0113196368067194	0.061083176873653	-0.0238716890444262	0.0381111133687917	-0.626370812456353	0.531071749392236
CT	ALZnoAPOE	pooled	zanc	ALZnoAPOE	1	global_slope	full	8082	6789	1250	1339	-0.00465181734472144	0.0364341501438193	0.898420315128006	-0.0201719323186633	0.0113188186142303	0.0747687005466122	-0.0155201149739418	0.0381559660481712	-0.406754606981984	0.684188229250724
CT	ALZnoAPOE	pooled	zanc	ALZnoAPOE	1e-5	global_slope	full	8082	6789	1250	1339	0.000461978511186138	0.0344721075026238	0.989309125162561	-0.00629562563021733	0.0112663238416948	0.576316572601392	-0.00675760414140347	0.0362460415331504	-0.186437024722355	0.852102059851502
CT	ALZnoAPOE	pooled	zanc	ALZnoAPOE	5e-8	global_slope	full	8082	6789	1250	1339	0.0365221739705985	0.0351219830113564	0.298559232156498	0.00584519626844264	0.0112520951024567	0.603445840826387	-0.0306769777021558	0.0368835842682873	-0.831724419162051	0.405564513962229
CT	ALZnoAPOE	pooled	zanc	ALZnoAPOE	0p001	slope_PC1	EUR	4116	3447	655	686	-0.0744351246771103	0.0545862362929473	0.173080607371673	0.00984090383986603	0.0162401051662991	0.544580876632239	0.0842760285169763	0.0569225312798775	1.48053901718823	0.138729456190658
CT	ALZnoAPOE	pooled	zanc	ALZnoAPOE	0p01	slope_PC1	EUR	4116	3447	655	686	-0.0163988518417015	0.0536704855827748	0.760031386154875	0.00858411950735112	0.0162424639665572	0.597188066931122	0.0249829713490526	0.0560674681363296	0.445587649656408	0.65589513342999
CT	ALZnoAPOE	pooled	zanc	ALZnoAPOE	0p05	slope_PC1	EUR	4116	3447	655	686	0.0295353841517942	0.0531481687857262	0.578563704500796	0.0204381248668211	0.0162563667847366	0.208755087777822	-0.00909725928497313	0.0555792956093939	-0.163680722924375	0.869982493741239
CT	ALZnoAPOE	pooled	zanc	ALZnoAPOE	0p1	slope_PC1	EUR	4116	3447	655	686	0.01679310659314	0.0528295044074423	0.750666100853059	0.014058422990106	0.0162964916378634	0.388383281790593	-0.00273468360303401	0.05528557116545	-0.049464689346341	0.960548976555988
CT	ALZnoAPOE	pooled	zanc	ALZnoAPOE	0p5	slope_PC1	EUR	4116	3447	655	686	0.0602814703386367	0.0543939457080006	0.268101455293384	0.0186042281094494	0.0163171549711288	0.254300779284072	-0.0416772422291874	0.0567875953414111	-0.733914545573216	0.463000821428366
CT	ALZnoAPOE	pooled	zanc	ALZnoAPOE	1	slope_PC1	EUR	4116	3447	655	686	0.0636996052865576	0.0548465116833647	0.245829323998529	0.0176622663290846	0.0163011704170255	0.278667175574148	-0.046037338957473	0.0572158540792727	-0.804625565733723	0.421035784506293
CT	ALZnoAPOE	pooled	zanc	ALZnoAPOE	1e-5	slope_PC1	EUR	4116	3447	655	686	-0.111743820735972	0.0534604139507066	0.0369228200525844	0.00175136460158365	0.0163226363401616	0.914560136929373	0.113495185337555	0.0557970841298673	2.03407018677528	0.0419445193787945
CT	ALZnoAPOE	pooled	zanc	ALZnoAPOE	5e-8	slope_PC1	EUR	4116	3447	655	686	-0.0754346024350242	0.0526394593467545	0.152247726081429	0.00457918915590345	0.016239585750166	0.777978834863876	0.0800137915909276	0.0550808274097535	1.45266139514744	0.146317790592327
CT	ALZnoAPOE	pooled	zanc	ALZnoAPOE	0p001	slope_PC1	full	8082	6789	1250	1339	-0.0246333859426505	0.0370582154872135	0.506326700952957	0.00781777481015506	0.0116105132606082	0.500757113193109	0.0324511607528055	0.0388229342441267	0.835876045554566	0.403224639746381
CT	ALZnoAPOE	pooled	zanc	ALZnoAPOE	0p01	slope_PC1	full	8082	6789	1250	1339	-0.0529640816952662	0.0377461970889446	0.160767003275267	0.00621682441478149	0.0116237073662849	0.592778265666087	0.0591809061100477	0.0394927464365396	1.49852596869009	0.133996650810477
CT	ALZnoAPOE	pooled	zanc	ALZnoAPOE	0p05	slope_PC1	full	8082	6789	1250	1339	0.00363698400674777	0.03808001961512	0.923922806584623	0.0202902540437378	0.0116269164859157	0.0810116093026138	0.0166532700369901	0.0398145550650913	0.418270906450274	0.675749058500898
CT	ALZnoAPOE	pooled	zanc	ALZnoAPOE	0p1	slope_PC1	full	8082	6789	1250	1339	-0.0162259482589291	0.0379834377158178	0.669303559450797	0.0106513206195295	0.0116610897004483	0.36106152257317	0.0268772688784585	0.0397327447894104	0.676451350665859	0.49875412382904
CT	ALZnoAPOE	pooled	zanc	ALZnoAPOE	0p5	slope_PC1	full	8082	6789	1250	1339	0.013361891195319	0.0380852575183762	0.725754459694645	0.0123059889289459	0.0116827398763605	0.292219972844742	-0.00105590226637305	0.0398424636405412	-0.0265019321068949	0.97885699254312
CT	ALZnoAPOE	pooled	zanc	ALZnoAPOE	1	slope_PC1	full	8082	6789	1250	1339	0.020224967320686	0.0381344016725972	0.595937553056935	0.0120845639467953	0.011681436445576	0.300935571522732	-0.00814040337389066	0.0398876708424026	-0.204083196686356	0.838288485102103
CT	ALZnoAPOE	pooled	zanc	ALZnoAPOE	1e-5	slope_PC1	full	8082	6789	1250	1339	-0.0664547062435391	0.036044752514171	0.0654201870092774	-0.00773484123470467	0.0116257407438471	0.505868678202121	0.0587198650088344	0.0378524054031521	1.55128490206714	0.120833423363006
CT	ALZnoAPOE	pooled	zanc	ALZnoAPOE	5e-8	slope_PC1	full	8082	6789	1250	1339	-0.0655660172143496	0.0367239178522292	0.0743943514568712	-0.00608400957672314	0.0116118916240585	0.600333298323438	0.0594820076376264	0.0385192668420221	1.5442144286281	0.122536394550882
CT	ALZnoAPOE	pooled	zanc	ALZnoAPOE	0p001	slope_PC2	EUR	4116	3447	655	686	-0.061633636497014	0.0531026042577768	0.246123614788411	0.0238477399582525	0.0167008371144434	0.153401345634388	0.0854813764552665	0.0556368037701198	1.53641781451822	0.124435940336854
CT	ALZnoAPOE	pooled	zanc	ALZnoAPOE	0p01	slope_PC2	EUR	4116	3447	655	686	-0.0528679506268226	0.0521473109211243	0.310970154838621	0.0303921069798651	0.0166923134980637	0.0687347826056969	0.0832600576066878	0.054746452526928	1.52083018649902	0.128302457082827
CT	ALZnoAPOE	pooled	zanc	ALZnoAPOE	0p05	slope_PC2	EUR	4116	3447	655	686	0.0329800617669689	0.051663044214271	0.523413337606955	0.0208080064152954	0.0167180936122111	0.213348683638106	-0.0121720553516735	0.054301321511957	-0.224157626605703	0.822634653577411
CT	ALZnoAPOE	pooled	zanc	ALZnoAPOE	0p1	slope_PC2	EUR	4116	3447	655	686	0.0148210303060754	0.0513509551183006	0.772943814798625	0.0102710730636367	0.0167619743229031	0.540075292414592	-0.00454995724243868	0.0540170574867687	-0.0842318603443584	0.932872087299868
CT	ALZnoAPOE	pooled	zanc	ALZnoAPOE	0p5	slope_PC2	EUR	4116	3447	655	686	0.087184611239943	0.0528421544334772	0.0993483922529825	0.0232741619221855	0.0167840224077081	0.165628283262043	-0.0639104493177575	0.0554423588897179	-1.15273683511345	0.249018417491039
CT	ALZnoAPOE	pooled	zanc	ALZnoAPOE	1	slope_PC2	EUR	4116	3447	655	686	0.0982834155135741	0.0532640043316637	0.0653704371426005	0.024079810556488	0.0167673669961087	0.151062389976608	-0.0742036049570861	0.0558387379544732	-1.32889115469598	0.183883882474101
CT	ALZnoAPOE	pooled	zanc	ALZnoAPOE	1e-5	slope_PC2	EUR	4116	3447	655	686	-0.101458856969919	0.052026119816872	0.0515006619813775	0.024575069832809	0.0167841019207701	0.14323489736998	0.126033926802728	0.0545594879200377	2.31002767085063	0.0208866222278426
CT	ALZnoAPOE	pooled	zanc	ALZnoAPOE	5e-8	slope_PC2	EUR	4116	3447	655	686	-0.0472163694794599	0.0512253181531343	0.356937541102764	0.0187733370133579	0.0167029735972741	0.26111255359856	0.0659897064928178	0.0538725830412753	1.22492189472814	0.220604650122526
CT	ALZnoAPOE	pooled	zanc	ALZnoAPOE	0p001	slope_PC2	full	8082	6789	1250	1339	-0.0272097202207102	0.0367097338191276	0.458671332724609	0.0166158153857847	0.0118850211612998	0.162144819951956	0.0438255356064949	0.0385736474997752	1.13615222949166	0.255892859282337
CT	ALZnoAPOE	pooled	zanc	ALZnoAPOE	0p01	slope_PC2	full	8082	6789	1250	1339	-0.0429052703786816	0.0373977353073406	0.251439107481578	0.00950219504188427	0.0118984340125052	0.424545100041311	0.0524074654205659	0.0392421553567867	1.33548896445879	0.181716364732396
CT	ALZnoAPOE	pooled	zanc	ALZnoAPOE	0p05	slope_PC2	full	8082	6789	1250	1339	0.0226511837367066	0.0377093767704614	0.548138342290813	0.0161853202164731	0.0119033897501176	0.1739624053417	-0.00646586352023355	0.0395424664275356	-0.16351695036734	0.870111428299393
CT	ALZnoAPOE	pooled	zanc	ALZnoAPOE	0p1	slope_PC2	full	8082	6789	1250	1339	-0.00882593322534116	0.0376255479558299	0.814569770945096	0.0128005556561555	0.0119368088729993	0.283596412995804	0.0216264888814967	0.0394731967733158	0.547877817084133	0.58377580147066
CT	ALZnoAPOE	pooled	zanc	ALZnoAPOE	0p5	slope_PC2	full	8082	6789	1250	1339	0.036858508168382	0.0377232426799174	0.328676361359734	0.0189647771113995	0.0119587206233761	0.112819316173086	-0.0178937310569826	0.0395792558087184	-0.452098724227175	0.651197862716443
CT	ALZnoAPOE	pooled	zanc	ALZnoAPOE	1	slope_PC2	full	8082	6789	1250	1339	0.0497025024626128	0.0377648432457312	0.188324312628366	0.019514095769696	0.0119575954570745	0.10273845211607	-0.0301884066929168	0.039617111925634	-0.762004225587773	0.446057482182397
CT	ALZnoAPOE	pooled	zanc	ALZnoAPOE	1e-5	slope_PC2	full	8082	6789	1250	1339	-0.0332919280040525	0.0357325322317165	0.351630605255273	0.00897566450773051	0.0119013121055579	0.450770654422375	0.042267592511783	0.0376404573477784	1.12292983374916	0.261467295720359
CT	ALZnoAPOE	pooled	zanc	ALZnoAPOE	5e-8	slope_PC2	full	8082	6789	1250	1339	-0.0345651420929003	0.0364010590590111	0.342474646203477	0.00186494542100451	0.0118886719881675	0.87535401133813	0.0364300875139048	0.0382967227179042	0.951258617669478	0.341473108534848
CT	ALZnoAPOE	pooled	zanc	ALZnoAPOE	0p001	slope_PC3	EUR	4116	3447	655	686	0.0559631851921414	0.051523422625508	0.277803022284501	-0.0114150035403206	0.0166698945573949	0.493538807659743	-0.067378188732462	0.0541224307971917	-1.24492170325724	0.213160532255297
CT	ALZnoAPOE	pooled	zanc	ALZnoAPOE	0p01	slope_PC3	EUR	4116	3447	655	686	0.0436144146390501	0.0506075671709374	0.389104185863064	-0.00407809591054708	0.016661394548229	0.806654825051488	-0.0476925105495972	0.0532723050443334	-0.895259000148526	0.37064865187351
CT	ALZnoAPOE	pooled	zanc	ALZnoAPOE	0p05	slope_PC3	EUR	4116	3447	655	686	0.0353119703379935	0.0501481925484455	0.481588670999294	-0.021674190169449	0.0166786322624924	0.193856334029639	-0.0569861605074425	0.0528496674988602	-1.07826904509232	0.280913707058755
CT	ALZnoAPOE	pooled	zanc	ALZnoAPOE	0p1	slope_PC3	EUR	4116	3447	655	686	0.0255319439051117	0.0498631484422113	0.608795810087664	-0.0189784057047503	0.0167196031479188	0.256416048750404	-0.044510349609862	0.0525912121378457	-0.84634576387395	0.397359885056157
CT	ALZnoAPOE	pooled	zanc	ALZnoAPOE	0p5	slope_PC3	EUR	4116	3447	655	686	0.0100759406823212	0.0513679676134323	0.844551870049254	-0.00501972335540312	0.0167535869230754	0.764485409854897	-0.0150956640377243	0.0540296537533563	-0.279395905563925	0.779941012912943
CT	ALZnoAPOE	pooled	zanc	ALZnoAPOE	1	slope_PC3	EUR	4116	3447	655	686	0.0173061929815515	0.0517949667565651	0.738389285160672	-0.00396585836252198	0.0167379085786706	0.812719171191436	-0.0212720513440735	0.0544301338571719	-0.390813871593494	0.695934820777593
CT	ALZnoAPOE	pooled	zanc	ALZnoAPOE	1e-5	slope_PC3	EUR	4116	3447	655	686	0.065766698526407	0.0505390995651673	0.193610712183917	-0.0155872776286337	0.0167535142135321	0.352238425322244	-0.0813539761550408	0.0531345494495525	-1.5310937421664	0.125746226215047
CT	ALZnoAPOE	pooled	zanc	ALZnoAPOE	5e-8	slope_PC3	EUR	4116	3447	655	686	0.0323171358003393	0.0497337655568688	0.516047364609901	-0.0163499519815453	0.0166679353539427	0.326703385681291	-0.0486670877818847	0.0524453037932675	-0.927958926002677	0.353428876092867
CT	ALZnoAPOE	pooled	zanc	ALZnoAPOE	0p001	slope_PC3	full	8082	6789	1250	1339	0.019848457478897	0.0363265237233514	0.584877869692489	0.00229673099762605	0.0116901399754032	0.84425036749562	-0.0175517264812709	0.0381493507683313	-0.460079296967775	0.645459303715141
CT	ALZnoAPOE	pooled	zanc	ALZnoAPOE	0p01	slope_PC3	full	8082	6789	1250	1339	0.0639238744291351	0.0369807791642582	0.0840894671582017	0.00465091062137986	0.0117024247083799	0.691062049104704	-0.0592729638077552	0.0387854986472827	-1.52822487463128	0.126456714849433
CT	ALZnoAPOE	pooled	zanc	ALZnoAPOE	0p05	slope_PC3	full	8082	6789	1250	1339	0.0321148194206765	0.0373078491776412	0.389480875265661	-0.0102041639460942	0.0117077117221323	0.383470773930256	-0.0423189833667707	0.0391007438188006	-1.08230635107311	0.279116424852294
CT	ALZnoAPOE	pooled	zanc	ALZnoAPOE	0p1	slope_PC3	full	8082	6789	1250	1339	0.0205043637621504	0.0372299034418529	0.581886180490269	-0.00837646670589144	0.011739924303228	0.475559648874002	-0.0288808304680419	0.0390366136119044	-0.73983954538604	0.459397360530315
CT	ALZnoAPOE	pooled	zanc	ALZnoAPOE	0p5	slope_PC3	full	8082	6789	1250	1339	0.0204855434317947	0.0373276593273788	0.58322104289141	-0.000407550553481185	0.0117636276735786	0.972363879082011	-0.0208930939852759	0.0391431557056307	-0.533761103534901	0.593506827899411
CT	ALZnoAPOE	pooled	zanc	ALZnoAPOE	1	slope_PC3	full	8082	6789	1250	1339	0.024762800173637	0.0373757683200034	0.507728122370086	-0.00107045609530407	0.0117626572930348	0.92749166814596	-0.0258332562689411	0.039187318962841	-0.659224896029177	0.509751362159891
CT	ALZnoAPOE	pooled	zanc	ALZnoAPOE	1e-5	slope_PC3	full	8082	6789	1250	1339	0.0767635584619112	0.0353159020775672	0.0298874229113249	0.000876034375623785	0.0117046563541759	0.940340318571782	-0.0758875240862874	0.03718352634139	-2.04089099537111	0.0412616630509803
CT	ALZnoAPOE	pooled	zanc	ALZnoAPOE	5e-8	slope_PC3	full	8082	6789	1250	1339	0.052518019286551	0.0360089351951069	0.14491732807572	-0.00291425161307587	0.0116915302375003	0.803165990797038	-0.0554322708996268	0.0378627585587781	-1.46403149188335	0.143185344000735
PRSCS	SCZ	pooled	raw	SCZpooled	prscs	baseline_thickness	EUR	4116	3447	655	686	0.0433458461638159	0.0396450948782678	0.274609689645175	-0.00711694787043232	0.0176867699888438	0.687423042403845	-0.0504627940342482	0.0429772781452985	-1.17417380094762	0.24032541764095
PRSCS	SCZ	pooled	raw	SCZpooled	prscs	baseline_thickness	full	8082	6789	1250	1339	0.0204829040409884	0.0448137324111995	0.647694967368899	-0.016692555049853	0.0192317277823408	0.385441234161072	-0.0371754590908413	0.0481808616488266	-0.771581449949987	0.440362364492913
PRSCS	SCZ	pooled	raw	SCZpooled	prscs	global_slope	EUR	4116	3447	655	686	-0.0358895398569858	0.0509719917110242	0.481563976695317	-0.0197723167940567	0.016201817147237	0.222407560010772	0.0161172230629291	0.0531734746387986	0.303106448702319	0.761808739839094
PRSCS	SCZ	pooled	raw	SCZpooled	prscs	global_slope	full	8082	6789	1250	1339	-0.0305669424983627	0.0553221579516145	0.580664846089723	-0.0242123911463533	0.0181684264034008	0.182688027069093	0.00635455135200945	0.0577922819641347	0.109955017106835	0.912445049673609
PRSCS	SCZ	pooled	raw	SCZpooled	prscs	slope_PC1	EUR	4116	3447	655	686	0.0320900934898262	0.0546142777127954	0.556984432952931	0.0164320631782252	0.016740218854006	0.3263736971061	-0.015658030311601	0.0568098417998844	-0.275621790441825	0.782838571366117
PRSCS	SCZ	pooled	raw	SCZpooled	prscs	slope_PC1	full	8082	6789	1250	1339	0.0179503687370644	0.057906168712662	0.756609269140231	0.044542774150391	0.0187415778617943	0.0174975917560026	0.0265924054133266	0.0604188980176973	0.440133903229043	0.659840128118179
PRSCS	SCZ	pooled	raw	SCZpooled	prscs	slope_PC2	EUR	4116	3447	655	686	0.0379216916629423	0.0531001067204338	0.475333161467109	0.00154228844823441	0.0172298048997629	0.928679657682408	-0.0363794032147079	0.0554886983148027	-0.655618248752522	0.51206978092436
PRSCS	SCZ	pooled	raw	SCZpooled	prscs	slope_PC2	full	8082	6789	1250	1339	0.0131852843415315	0.0573594553215292	0.818220686595892	0.0216965947328559	0.0191962445503341	0.258410307172456	0.00851131039132442	0.0600167893949523	0.141815489917564	0.887225748548646
PRSCS	SCZ	pooled	raw	SCZpooled	prscs	slope_PC3	EUR	4116	3447	655	686	-0.0122612438479233	0.0515597131048856	0.812104233579121	-0.00214937110214902	0.0171949837216943	0.900531357976309	0.0101118727457743	0.0540078431430144	0.187229708822064	0.851480532418562
PRSCS	SCZ	pooled	raw	SCZpooled	prscs	slope_PC3	full	8082	6789	1250	1339	0.030466652152543	0.0567399615704347	0.591378937783313	-0.0352083028965361	0.0188759210005025	0.0621906659613119	-0.0656749550490791	0.0593381005543019	-1.10679233806917	0.268383721643462
PRSCS	SCZ	pooled	zanc	SCZpooled	prscs	baseline_thickness	EUR	4116	3447	655	686	0.043345815910348	0.0396450946779217	0.27461002191677	-0.00711695312917669	0.0176867699939953	0.687422823727341	-0.0504627690395247	0.0429772779290485	-1.17417322527578	0.240325648176411
PRSCS	SCZ	pooled	zanc	SCZpooled	prscs	baseline_thickness	full	8082	6789	1250	1339	-0.000816553010120967	0.0303311346488034	0.978526453626836	0.00212833746246777	0.0120268809884669	0.85954112984334	0.00294489047258874	0.0325937882852979	0.0903512794159336	0.928008071665656
PRSCS	SCZ	pooled	zanc	SCZpooled	prscs	global_slope	EUR	4116	3447	655	686	-0.0358895291761508	0.0509719913654229	0.481564104141836	-0.0197723189914287	0.0162018171546475	0.222407508839174	0.0161172101847221	0.0531734742853752	0.303106208524633	0.761808922869251
PRSCS	SCZ	pooled	zanc	SCZpooled	prscs	global_slope	full	8082	6789	1250	1339	-0.0121967864210324	0.037456291544927	0.744748991339651	-0.0151562766835744	0.0113493516000079	0.181781030552684	-0.00295949026254201	0.0391125886193945	-0.0756659266749352	0.939684884825377
PRSCS	SCZ	pooled	zanc	SCZpooled	prscs	slope_PC1	EUR	4116	3447	655	686	0.0320900564573041	0.0546142773646619	0.55698488546019	0.016432062684292	0.0167402188625459	0.326373711892484	-0.015657993773012	0.0568098414431301	-0.275621148999097	0.782839064088033
PRSCS	SCZ	pooled	zanc	SCZpooled	prscs	slope_PC1	full	8082	6789	1250	1339	0.00828417397508931	0.039198184803008	0.832648885189961	0.0253986147857259	0.01170861603536	0.0301013782542643	0.0171144408106365	0.0408837221693849	0.41861258962014	0.675499287175995
PRSCS	SCZ	pooled	zanc	SCZpooled	prscs	slope_PC2	EUR	4116	3447	655	686	0.0379216619782193	0.0531001063811396	0.475333504106018	0.00154228996112005	0.0172298049080364	0.928679587942617	-0.0363793720170992	0.0554886979663316	-0.655617690636259	0.51207014011687
PRSCS	SCZ	pooled	zanc	SCZpooled	prscs	slope_PC2	full	8082	6789	1250	1339	0.0140111023396194	0.038827928527949	0.718257499869241	0.0142199103255865	0.0119917262335119	0.235739226447162	0.000208807985967091	0.0406101703600026	0.00514176582161665	0.995897482512569
PRSCS	SCZ	pooled	zanc	SCZpooled	prscs	slope_PC3	EUR	4116	3447	655	686	-0.0122612285287575	0.0515597127598018	0.812104462703017	-0.00214936930445386	0.0171949837293726	0.900531440781703	0.0101118592243037	0.054007842789233	0.18722945968728	0.851480727745594
PRSCS	SCZ	pooled	zanc	SCZpooled	prscs	slope_PC3	full	8082	6789	1250	1339	0.0133299401984775	0.0384194307466276	0.728670634379076	-0.0129924604353283	0.0117932411175701	0.270637911880254	-0.0263224006338058	0.0401619745723132	-0.655406038027618	0.512206364995061
PRSCS	SCZ	EUR	raw	SCZeur	prscs	baseline_thickness	EUR	4116	3447	655	686	0.0347856180203195	0.0411911047232795	0.398675016716612	0.00563641636323649	0.0179185490247472	0.753116389639959	-0.029149201657083	0.0443789521265864	-0.656824919478448	0.511293499116082
PRSCS	SCZ	EUR	raw	SCZeur	prscs	baseline_thickness	full	8082	6789	1250	1339	0.0338217262931407	0.0641750269733036	0.598261900189696	-0.0151337390008104	0.0287188334138222	0.598236395825686	-0.0489554652939511	0.0682251657034421	-0.7175572941332	0.473030297557881
PRSCS	SCZ	EUR	raw	SCZeur	prscs	global_slope	EUR	4116	3447	655	686	-0.0580747629894261	0.0528900957457271	0.272507226447613	-0.0238055098128681	0.0164058751323205	0.146863549532134	0.034269253176558	0.0549885461072175	0.623207114982442	0.533148426763417
PRSCS	SCZ	EUR	raw	SCZeur	prscs	global_slope	full	8082	6789	1250	1339	-0.0965559274572738	0.0791167032806011	0.222482438006722	-0.0391648000428517	0.0272036679154745	0.15000211201933	0.0573911274144222	0.0820976944703637	0.699058941723871	0.484515196268789
PRSCS	SCZ	EUR	raw	SCZeur	prscs	slope_PC1	EUR	4116	3447	655	686	0.0813667689053255	0.0566176600603924	0.151078131026683	0.0203246676205958	0.0169504923710571	0.230592081749929	-0.0610421012847297	0.0587115058407257	-1.03969571910362	0.298481290111757
PRSCS	SCZ	EUR	raw	SCZeur	prscs	slope_PC1	full	8082	6789	1250	1339	0.0959625164169415	0.0827869492926216	0.246570175699199	0.0675060757267866	0.0280665278830724	0.0161900105746685	-0.0284564406901549	0.0858208250743098	-0.331579668052775	0.740206674348757
PRSCS	SCZ	EUR	raw	SCZeur	prscs	slope_PC2	EUR	4116	3447	655	686	0.0600223928252773	0.055099676651963	0.276319873854876	0.0106358641119712	0.0174485759474854	0.542197831198245	-0.0493865287133062	0.0573773260668305	-0.860732489621127	0.389385394679372
PRSCS	SCZ	EUR	raw	SCZeur	prscs	slope_PC2	full	8082	6789	1250	1339	0.0502415731159396	0.0820447007958613	0.540378802462608	0.0312700875612236	0.0287407441395916	0.276631151359122	-0.0189714855547159	0.085251248608924	-0.222536160634368	0.82389652678097
PRSCS	SCZ	EUR	raw	SCZeur	prscs	slope_PC3	EUR	4116	3447	655	686	-0.0368433224414858	0.0535004938317743	0.491280476061751	-0.0044723821150794	0.0174161600280248	0.797353383339395	0.0323709403264064	0.0558363294196337	0.579746925753752	0.562085293441413
PRSCS	SCZ	EUR	raw	SCZeur	prscs	slope_PC3	full	8082	6789	1250	1339	0.00663100421807148	0.0811706755729339	0.934902194203434	-0.0578622253146482	0.0282607479736634	0.0406536532118729	-0.0644932295327197	0.0843050726641237	-0.764998208229586	0.444272611571352
PRSCS	ASD	pooled	raw	ASD	prscs	baseline_thickness	EUR	4116	3447	655	686	-0.067330552701156	0.0393569309412132	0.0875656818134096	-0.0396608073742524	0.0173439837455662	0.0222720135233566	0.0276697453269036	0.0428519007117757	0.645706371649927	0.5184695333831
PRSCS	ASD	pooled	raw	ASD	prscs	baseline_thickness	full	8082	6789	1250	1339	-0.0336122774718972	0.0314151662305285	0.284836541881026	-0.0167408624028266	0.0129272030829863	0.195360098170111	0.0168714150690706	0.0338783097168378	0.49800049678055	0.618483692037266
PRSCS	ASD	pooled	raw	ASD	prscs	global_slope	EUR	4116	3447	655	686	0.0165818195120989	0.0507692230708496	0.744043833055605	0.0156362570743259	0.0159213675401567	0.326123675023394	-0.00094556243777303	0.0530968697013455	-0.0178082520323994	0.985791821634793
PRSCS	ASD	pooled	raw	ASD	prscs	global_slope	full	8082	6789	1250	1339	0.0301252951743535	0.0388014411553749	0.437629740429538	0.00247884416208113	0.0122345563872061	0.839445873596852	-0.0276464510122724	0.0406146942004366	-0.680700705903019	0.496060889589696
PRSCS	ASD	pooled	raw	ASD	prscs	slope_PC1	EUR	4116	3447	655	686	-0.00282421377317595	0.0544124229543493	0.958618576395279	0.00324806556648559	0.0164561401485099	0.843544489098397	0.00607227933966155	0.0567362041622784	0.107026534984495	0.91476792878321
PRSCS	ASD	pooled	raw	ASD	prscs	slope_PC1	full	8082	6789	1250	1339	0.0208502181195713	0.0406175128270486	0.607792457505129	0.0117996608610004	0.0126258921476373	0.350048203057476	-0.00905055725857081	0.0424634117657041	-0.213137778671863	0.831219498453208
PRSCS	ASD	pooled	raw	ASD	prscs	slope_PC2	EUR	4116	3447	655	686	-0.0610564041133376	0.0528593702836674	0.248398154383749	-0.00242937400346656	0.0169262417874086	0.885882353749791	0.058627030109871	0.0553837286946963	1.05856054642066	0.289799962911394
PRSCS	ASD	pooled	raw	ASD	prscs	slope_PC2	full	8082	6789	1250	1339	-0.0313145704687211	0.0402225188027375	0.436367746030054	0.000441262557150739	0.0129233686497091	0.972762877402836	0.0317558330258719	0.0421725816099398	0.752997132582162	0.45145163710696
PRSCS	ASD	pooled	raw	ASD	prscs	slope_PC3	EUR	4116	3447	655	686	-0.0484934244677856	0.0513103971962545	0.344955004748825	-0.0194084131214259	0.0168861773388775	0.25048799335521	0.0290850113463597	0.0538954029270871	0.539656626850116	0.589433856868817
PRSCS	ASD	pooled	raw	ASD	prscs	slope_PC3	full	8082	6789	1250	1339	-0.0464507234180945	0.0397959921205454	0.243304180413063	-0.0226196282576565	0.0127068161574614	0.0751015069926825	0.023831095160438	0.0417019904404431	0.571461815341225	0.567686637148986
PRSCS	ASD	pooled	zanc	ASD	prscs	baseline_thickness	EUR	4116	3447	655	686	-0.0673305597139994	0.0393569266586458	0.0875656144457357	-0.0396608151990422	0.0173439840508724	0.0222719894995525	0.0276697445149572	0.0428518968851947	0.645706410362363	0.518469508307352
PRSCS	ASD	pooled	zanc	ASD	prscs	baseline_thickness	full	8082	6789	1250	1339	-0.0356530984722892	0.0295615680822127	0.228002637903048	-0.011861448031009	0.0119398582260613	0.320533974444241	0.0237916504412802	0.0318419153238755	0.747180255938968	0.454954760485986
PRSCS	ASD	pooled	zanc	ASD	prscs	global_slope	EUR	4116	3447	655	686	0.0165818164470977	0.0507692219471726	0.744043873239193	0.0156362592418712	0.0159213675611092	0.326123608605814	-0.000945557205226509	0.0530968686234705	-0.0178081538467326	0.9857918999632
PRSCS	ASD	pooled	zanc	ASD	prscs	global_slope	full	8082	6789	1250	1339	0.0329468702716938	0.0365152116033001	0.367045039434878	0.00233215787882722	0.0113013081274646	0.836514483054226	-0.0306147123928666	0.0381937226408977	-0.801563981618394	0.422805219649816
PRSCS	ASD	pooled	zanc	ASD	prscs	slope_PC1	EUR	4116	3447	655	686	-0.00282424237113546	0.0544124217456147	0.958618156825675	0.00324806914798188	0.0164561401706496	0.843544319019029	0.00607231151911734	0.0567362029998198	0.107027104354104	0.914767477086447
PRSCS	ASD	pooled	zanc	ASD	prscs	slope_PC1	full	8082	6789	1250	1339	0.0187401695470799	0.0382268500479728	0.624035820946058	0.0104183962400635	0.0116631221257447	0.371740696317325	-0.00832177330701636	0.0399355475583547	-0.208380097827791	0.834932194882435
PRSCS	ASD	pooled	zanc	ASD	prscs	slope_PC2	EUR	4116	3447	655	686	-0.0610564294441079	0.0528593690810462	0.24839794751917	-0.00242936830920927	0.0169262418098962	0.885882619550755	0.0586270611348987	0.0553837275431557	1.05856112861338	0.289799697644981
PRSCS	ASD	pooled	zanc	ASD	prscs	slope_PC2	full	8082	6789	1250	1339	-0.0283107226525134	0.0378559139811768	0.454655775849502	0.000848921966882025	0.0119373031455242	0.943308250224832	0.0291596446193954	0.0396608594889887	0.73522472773166	0.462202641698365
PRSCS	ASD	pooled	zanc	ASD	prscs	slope_PC3	EUR	4116	3447	655	686	-0.0484933978560473	0.0513103960772928	0.344955258792922	-0.0194084113989946	0.0168861773634962	0.250488036082345	0.0290849864570527	0.0538954018585675	0.539656175741627	0.589434168027182
PRSCS	ASD	pooled	zanc	ASD	prscs	slope_PC3	full	8082	6789	1250	1339	-0.047785703893381	0.0374525833704856	0.202186380324064	-0.0180284771765279	0.0117379157895093	0.124605064150101	0.0297572267168531	0.0392170095156874	0.758783677907663	0.447981971063598
PRSCS	ALZ	pooled	raw	ALZ	prscs	baseline_thickness	EUR	4116	3447	655	686	0.103073177394879	0.0407396933752183	0.0116234312582104	-0.00916156019221981	0.0170242913354831	0.590510548279577	-0.112234737587099	0.0441150272407162	-2.54413846272119	0.0109547650238276
PRSCS	ALZ	pooled	raw	ALZ	prscs	baseline_thickness	full	8082	6789	1250	1339	0.0778334403196761	0.0380645282940241	0.0410684628563483	0.0128796024796407	0.0150181396794633	0.391141629729242	-0.0649538378400354	0.0408184505232663	-1.59128622001494	0.111545176565373
PRSCS	ALZ	pooled	raw	ALZ	prscs	global_slope	EUR	4116	3447	655	686	-0.00150530739281001	0.0526768844126675	0.977209416493509	-0.0356228907292062	0.0156036875036332	0.0224926869644836	-0.0341175833363962	0.0549118273596014	-0.621315752487531	0.534391891189788
PRSCS	ALZ	pooled	raw	ALZ	prscs	global_slope	full	8082	6789	1250	1339	0.0372314823400175	0.0470326129438905	0.42870504608391	-0.046318343707468	0.0141900952120128	0.0011034713299746	-0.0835498260474855	0.049049992441444	-1.70336063042675	0.0885006005833812
PRSCS	ALZ	pooled	raw	ALZ	prscs	slope_PC1	EUR	4116	3447	655	686	-0.0240584910542504	0.0565340320024875	0.67054783650137	0.0434010019836583	0.0161146793878897	0.00711130613659898	0.0674594930379087	0.0587583801024119	1.14808292741106	0.250934331359273
PRSCS	ALZ	pooled	raw	ALZ	prscs	slope_PC1	full	8082	6789	1250	1339	-0.0977653588838754	0.0491998811632286	0.0470849890407779	0.0342948272122967	0.0146474492571301	0.0192433330954973	0.132060186096172	0.0512557704757616	2.5764940195099	0.009980793205031
PRSCS	ALZ	pooled	raw	ALZ	prscs	slope_PC2	EUR	4116	3447	655	686	0.0364094512697999	0.0549793393983661	0.508005802168025	0.0445308950856856	0.0165743626992982	0.00725031134316925	0.00812144381588572	0.0573936824413183	0.14150414244964	0.887471687770642
PRSCS	ALZ	pooled	raw	ALZ	prscs	slope_PC2	full	8082	6789	1250	1339	-0.035211910329714	0.0488115485393517	0.470776272684333	0.0281978476157695	0.014995114559424	0.0600868553884061	0.0634097579454835	0.0509806527467479	1.2438004326951	0.213573021113145
PRSCS	ALZ	pooled	raw	ALZ	prscs	slope_PC3	EUR	4116	3447	655	686	0.0638541672039599	0.05326422390862	0.231031484099621	-0.0405252853655254	0.0165449752390041	0.0143611014829116	-0.104379452569485	0.0557443544585287	-1.87246679207917	0.0611420519921685
PRSCS	ALZ	pooled	raw	ALZ	prscs	slope_PC3	full	8082	6789	1250	1339	0.0883451460914077	0.0482183571939436	0.0671187743636039	-0.0363260045506385	0.0147466458487299	0.0137898716560092	-0.124671150642046	0.0503423653474143	-2.47646589074006	0.0132690303170658
PRSCS	ALZ	pooled	zanc	ALZ	prscs	baseline_thickness	EUR	4116	3447	655	686	0.103073172370194	0.0407396932056666	0.0116234349609444	-0.00916155859262301	0.0170242913530603	0.590510613518932	-0.112234730962817	0.0441150270881032	-2.54413832136316	0.0109547694573061
PRSCS	ALZ	pooled	zanc	ALZ	prscs	baseline_thickness	full	8082	6789	1250	1339	0.0586540596572535	0.0306942674675845	0.0562251388129472	0.0165545223685106	0.0118582447233792	0.162749475423931	-0.0420995372887429	0.0329040611538101	-1.27946325810509	0.200733970125649
PRSCS	ALZ	pooled	zanc	ALZ	prscs	global_slope	EUR	4116	3447	655	686	-0.00150530525167232	0.0526768841710501	0.977209448797314	-0.0356228915262428	0.01560368751227	0.0224926840267486	-0.0341175862745705	0.0549118271280788	-0.621315808614292	0.534391854267894
PRSCS	ALZ	pooled	zanc	ALZ	prscs	global_slope	full	8082	6789	1250	1339	0.0306463021733159	0.0379243511097892	0.419158263161263	-0.0362887695084756	0.0111965970170896	0.00119669367952581	-0.0669350716817914	0.0395414885617686	-1.69278077574724	0.0904972032431123
PRSCS	ALZ	pooled	zanc	ALZ	prscs	slope_PC1	EUR	4116	3447	655	686	-0.024058458837562	0.056534031773413	0.670548250391369	0.0434010053460795	0.0161146793926337	0.00711130171273993	0.0674594641836415	0.0587583798811016	1.14808244066883	0.250934532277178
PRSCS	ALZ	pooled	zanc	ALZ	prscs	slope_PC1	full	8082	6789	1250	1339	-0.0803842605119575	0.039665951745961	0.0428800142045763	0.0278204908613736	0.0115570058369879	0.0161006800444485	0.108204751373331	0.0413140954622038	2.61907589075313	0.00881683302716298
PRSCS	ALZ	pooled	zanc	ALZ	prscs	slope_PC2	EUR	4116	3447	655	686	0.0364094856435881	0.0549793390835137	0.50800539932325	0.0445308963797873	0.0165743627106681	0.00725030969216273	0.00812141073619912	0.0573936821406387	0.141503566826367	0.887472142476336
PRSCS	ALZ	pooled	zanc	ALZ	prscs	slope_PC2	full	8082	6789	1250	1339	-0.0330931585959098	0.039350336463591	0.400478122260537	0.0226886402374119	0.0118324321975856	0.0552169429209614	0.0557817988333218	0.041089599068756	1.35756493364613	0.174601776221254
PRSCS	ALZ	pooled	zanc	ALZ	prscs	slope_PC3	EUR	4116	3447	655	686	0.0638541376655111	0.0532642237059908	0.231031697858666	-0.0405252896172806	0.0165449752474539	0.014361091304381	-0.104379427282792	0.05574435426504	-1.87246634495959	0.0611421137962371
PRSCS	ALZ	pooled	zanc	ALZ	prscs	slope_PC3	full	8082	6789	1250	1339	0.0611828081241627	0.0388971285127898	0.115940964475581	-0.0263825500050198	0.0116365087092689	0.0234085177117067	-0.0875653581291825	0.0405992318262425	-2.15682302817814	0.0310194561242154
SBayesR	SCZ	pooled	raw	SCZpooled	sbr	baseline_thickness	EUR	4116	3447	655	686	0.0607641451138438	0.0394933819998589	0.124357110226006	-0.00204662863218263	0.0172215070827495	0.905407877733981	-0.0628107737460264	0.0430487227111302	-1.45906242485998	0.144547926998214
SBayesR	SCZ	pooled	raw	SCZpooled	sbr	baseline_thickness	full	8082	6789	1250	1339	0.0461486127577106	0.0580499347615712	0.426761450187809	-0.0118744801083251	0.025675123178139	0.643744416254735	-0.0580230928660357	0.0620809038496981	-0.934636728332972	0.349975544237003
SBayesR	SCZ	pooled	raw	SCZpooled	sbr	global_slope	EUR	4116	3447	655	686	-0.000518797492464721	0.0509868132852643	0.99188400931521	-0.0310861450405529	0.0157703970635053	0.048785449993515	-0.0305673475480882	0.0533442948859141	-0.573019994236717	0.566631156222628
SBayesR	SCZ	pooled	raw	SCZpooled	sbr	global_slope	full	8082	6789	1250	1339	0.0182413426741143	0.0716621511760194	0.799105968015882	-0.0798631090211995	0.0243308681057815	0.00103452179352416	-0.0981044516953138	0.0746322830575152	-1.31450422895022	0.188676575894784
SBayesR	SCZ	pooled	raw	SCZpooled	sbr	slope_PC1	EUR	4116	3447	655	686	-0.013106606311836	0.0546501091660212	0.810527004709716	0.025313729234773	0.0162983112186215	0.12048322921404	0.038420335546609	0.0570028282934011	0.674007530799253	0.500306525888917
SBayesR	SCZ	pooled	raw	SCZpooled	sbr	slope_PC1	full	8082	6789	1250	1339	0.0114217538183673	0.0750361873313083	0.879035631960852	0.0885635681510255	0.0251059123363176	0.000422131520723245	0.0771418143326582	0.07805808185427	0.988261721274135	0.323024487176865
SBayesR	SCZ	pooled	raw	SCZpooled	sbr	slope_PC2	EUR	4116	3447	655	686	0.0100365349546422	0.0530996386722932	0.850129440876842	-0.00290633863457983	0.0167763643740112	0.862473011695075	-0.0129428735892221	0.0556589409976339	-0.232538983984123	0.816119412075693
SBayesR	SCZ	pooled	raw	SCZpooled	sbr	slope_PC2	full	8082	6789	1250	1339	0.0256972690960292	0.0742827045390871	0.72943315653259	0.0336142732803482	0.0257178200377686	0.19124192031995	0.00791700418431906	0.077481547376141	0.102179221407199	0.918614420336189
SBayesR	SCZ	pooled	raw	SCZpooled	sbr	slope_PC3	EUR	4116	3447	655	686	0.0369560819669491	0.0515264997425257	0.473490926091992	-0.0152506183333228	0.0167384096333887	0.362301803143289	-0.0522067003002719	0.0541486724065892	-0.964136293282769	0.33497759894026
SBayesR	SCZ	pooled	raw	SCZpooled	sbr	slope_PC3	full	8082	6789	1250	1339	0.077808226576607	0.0734590311907336	0.28967356421877	-0.0605427742230959	0.0252870843519261	0.0166827791084853	-0.138351000799703	0.0765870185739898	-1.80645497599627	0.0708473008912564
SBayesR	SCZ	pooled	zanc	SCZpooled	sbr	baseline_thickness	EUR	4116	3447	655	686	0.0607641476612025	0.0394933852010975	0.124357124979414	-0.00204661810566531	0.0172215068050877	0.905408360448968	-0.0628107657668678	0.0430487255605567	-1.45906214293178	0.144548004587527
SBayesR	SCZ	pooled	zanc	SCZpooled	sbr	baseline_thickness	full	8082	6789	1250	1339	0.00857346745932375	0.0308679006564618	0.781248674109112	0.0104963539216128	0.0120341500070418	0.383122272549224	0.00192288646228902	0.0331158154982403	0.0580655023395452	0.953696453155043
SBayesR	SCZ	pooled	zanc	SCZpooled	sbr	global_slope	EUR	4116	3447	655	686	-0.000518790580841132	0.0509868130006534	0.991884117390579	-0.0310861579364982	0.0157703970591267	0.0487853563857828	-0.030567367355657	0.053344294628607	-0.57302036831629	0.566630902941229
SBayesR	SCZ	pooled	zanc	SCZpooled	sbr	global_slope	full	8082	6789	1250	1339	0.027580341692551	0.0381281741809457	0.469565366796911	-0.0337611732835037	0.0113674198701366	0.00298854219850764	-0.0613415149760547	0.0397760362106068	-1.54217264513896	0.123031645551226
SBayesR	SCZ	pooled	zanc	SCZpooled	sbr	slope_PC1	EUR	4116	3447	655	686	-0.0131066359949734	0.0546501088487081	0.810526582696898	0.0253137401065442	0.016298311215404	0.120483069818495	0.0384203761015177	0.0570028280042735	0.674008245672255	0.500306071401495
SBayesR	SCZ	pooled	zanc	SCZpooled	sbr	slope_PC1	full	8082	6789	1250	1339	-0.000643820806530906	0.0399135862306031	0.987132445406488	0.0341530082878893	0.0117311329652343	0.00361103324817659	0.0347968290944202	0.0415911125220059	0.836640978911279	0.402794404043386
SBayesR	SCZ	pooled	zanc	SCZpooled	sbr	slope_PC2	EUR	4116	3447	655	686	0.0100365396923267	0.0530996383950355	0.850129370197741	-0.00290633065827937	0.0167763643773475	0.862473385396216	-0.0129428703506061	0.0556589407514764	-0.232538926825746	0.816119456464948
SBayesR	SCZ	pooled	zanc	SCZpooled	sbr	slope_PC2	full	8082	6789	1250	1339	0.024479704702984	0.0395181727906794	0.535703763304982	0.0138150790874939	0.0120160405610525	0.250299688998782	-0.0106646256154901	0.0412931408333143	-0.25826627377509	0.796201413130245
SBayesR	SCZ	pooled	zanc	SCZpooled	sbr	slope_PC3	EUR	4116	3447	655	686	0.0369561276806158	0.0515264994035191	0.473490376216059	-0.0152506256119045	0.0167384096373878	0.362301574199245	-0.0522067532925202	0.0541486721029787	-0.964137277332205	0.334977105646473
SBayesR	SCZ	pooled	zanc	SCZpooled	sbr	slope_PC3	full	8082	6789	1250	1339	0.0275061665675887	0.0391028915165281	0.481895281975553	-0.0145967160188464	0.0118172213016077	0.21679671232983	-0.0421028825864351	0.0408383147766545	-1.03096522999778	0.302557125276552
SBayesR	SCZ	EUR	raw	SCZeur	sbr	baseline_thickness	EUR	4116	3447	655	686	0.0345334159434987	0.0405111184601268	0.394260228787975	0.0111239772913138	0.0174662203166377	0.524241944280995	-0.0234094386521849	0.0440571570833858	-0.531342469689511	0.595181480304003
SBayesR	SCZ	EUR	raw	SCZeur	sbr	baseline_thickness	full	8082	6789	1250	1339	0.0708764358593099	0.0781686873676502	0.364714685264524	-0.00818241386784066	0.036571793130787	0.822969305802958	-0.0790588497271506	0.082207432633787	-0.961699534874631	0.336200556078283
SBayesR	SCZ	EUR	raw	SCZeur	sbr	global_slope	EUR	4116	3447	655	686	-0.0150185280170797	0.05221939790055	0.773721389825889	-0.0369155255966991	0.0159671565947033	0.0208399755555142	-0.0218969975796194	0.0545644636309312	-0.401305100838681	0.688195508578604
SBayesR	SCZ	EUR	raw	SCZeur	sbr	global_slope	full	8082	6789	1250	1339	-0.0831558399308566	0.0962439272386792	0.387708505557122	-0.114854375626178	0.034743794816432	0.000952072118064652	-0.0316985356953211	0.0992264869055484	-0.319456393991801	0.74938045291979
SBayesR	SCZ	EUR	raw	SCZeur	sbr	slope_PC1	EUR	4116	3447	655	686	0.0198752847670353	0.0559583207403974	0.722550628661279	0.0306042857723939	0.0164987077489151	0.0636941386946567	0.0107290010053586	0.0582982216766846	0.184036505690695	0.853984816608822
SBayesR	SCZ	EUR	raw	SCZeur	sbr	slope_PC1	full	8082	6789	1250	1339	0.0928839311281206	0.100718795306385	0.356558188559639	0.124519012188785	0.0358563968808623	0.000518432343133759	0.031635081060664	0.103755242747325	0.304901036545256	0.760441526281057
SBayesR	SCZ	EUR	raw	SCZeur	sbr	slope_PC2	EUR	4116	3447	655	686	0.0332159543070801	0.0543908843787072	0.541575038374641	0.00784174010932285	0.0169904600997858	0.644442645292921	-0.0253742141977573	0.0569378605583373	-0.445647482166272	0.655851906214022
SBayesR	SCZ	EUR	raw	SCZeur	sbr	slope_PC2	full	8082	6789	1250	1339	0.046781861967272	0.0997809955424928	0.639241649452985	0.0267455994767337	0.0367253034935824	0.466478458751039	-0.0200362624905382	0.102993896311284	-0.194538348466609	0.845754371508759
SBayesR	SCZ	EUR	raw	SCZeur	sbr	slope_PC3	EUR	4116	3447	655	686	0.0162034373393741	0.0527992197840402	0.759026132082701	-0.0175191884493689	0.0169556615977697	0.301571276608334	-0.033722625788743	0.0554090547333559	-0.608612183532563	0.542781526893259
SBayesR	SCZ	EUR	raw	SCZeur	sbr	slope_PC3	full	8082	6789	1250	1339	0.0372450493405277	0.0987163403518796	0.70600699271444	-0.110690706432674	0.0360972069713247	0.00217452847600292	-0.147935755773202	0.101854235732052	-1.45242615302103	0.146383148749229
SBayesR	ASD	pooled	raw	ASD	sbr	baseline_thickness	EUR	4116	3447	655	686	-0.0390570216192513	0.0382700980149736	0.307813914705787	-0.0114299210699231	0.0172025803763043	0.50645897941204	0.0276271005493282	0.0419131509073331	0.659151124438477	0.509798728788286
SBayesR	ASD	pooled	raw	ASD	sbr	baseline_thickness	full	8082	6789	1250	1339	-0.00163678219802941	0.0347123542274337	0.962398407984206	0.00523361603835248	0.0148385087133504	0.724320441618427	0.00687039823638189	0.037561543010644	0.182910436731393	0.85486829372361
SBayesR	ASD	pooled	raw	ASD	sbr	global_slope	EUR	4116	3447	655	686	0.0207616694461821	0.0493253231545882	0.673927616143708	-0.00701935799819912	0.0157673899081168	0.656216542022068	-0.0277810274443813	0.0517519963966996	-0.536810739269432	0.591398352737325
SBayesR	ASD	pooled	raw	ASD	sbr	global_slope	full	8082	6789	1250	1339	0.0254573869730493	0.042865958682533	0.552673968950458	-0.0138592024403446	0.0140302103964462	0.323280374771863	-0.0393165894133939	0.0449615451078377	-0.874449250333709	0.3818736463066
SBayesR	ASD	pooled	raw	ASD	sbr	slope_PC1	EUR	4116	3447	655	686	-0.00480899363592856	0.0528603562528154	0.927535454374883	0.00348618257930138	0.0162941309335433	0.83059668002824	0.00829517621522994	0.0552825928788589	0.150050418825456	0.880724837040888
SBayesR	ASD	pooled	raw	ASD	sbr	slope_PC1	full	8082	6789	1250	1339	0.0307196321094944	0.0448559587588982	0.493539633728644	0.0154810436167654	0.0144793105963752	0.28502545137098	-0.015238588492729	0.0469901744089725	-0.32429308221123	0.74571615653556
SBayesR	ASD	pooled	raw	ASD	sbr	slope_PC2	EUR	4116	3447	655	686	-0.0409953085173121	0.051368743945976	0.425067929591716	-0.00304989925370517	0.0167624456188156	0.855634057336958	0.0379454092636069	0.0539996714157864	0.702697039977059	0.482244572742525
SBayesR	ASD	pooled	raw	ASD	sbr	slope_PC2	full	8082	6789	1250	1339	-0.017368871482416	0.0444319124900642	0.695915003717618	0.00096437788416627	0.0148230634830268	0.948128705386908	0.0183332493665823	0.0466865843364051	0.392687741610741	0.694550125642218
SBayesR	ASD	pooled	raw	ASD	sbr	slope_PC3	EUR	4116	3447	655	686	-0.0238907107236292	0.0498695532640138	0.632052326501644	-0.0182443320699723	0.016723679983312	0.275384597065278	0.00564637865365699	0.052563386596484	0.107420374128532	0.914455491808336
SBayesR	ASD	pooled	raw	ASD	sbr	slope_PC3	full	8082	6789	1250	1339	-0.0421759304726067	0.0439546232337797	0.337442659871077	-0.027001242410924	0.0145744001881476	0.0639765849979587	0.0151746880616827	0.0461585889983878	0.328751125001085	0.742343807992003
SBayesR	ASD	pooled	zanc	ASD	sbr	baseline_thickness	EUR	4116	3447	655	686	-0.0390570157086507	0.0382700945026837	0.307813943458135	-0.0114299187441233	0.0172025806870024	0.50645907358892	0.0276270969645273	0.0419131478231441	0.659151087413001	0.509798752561863
SBayesR	ASD	pooled	zanc	ASD	sbr	baseline_thickness	full	8082	6789	1250	1339	-0.00950817525956541	0.0293141488462874	0.745719475316649	0.0108677096996208	0.0119572371212193	0.363444809633222	0.0203758849591862	0.0316389266446969	0.64401315468145	0.519566903782246
SBayesR	ASD	pooled	zanc	ASD	sbr	global_slope	EUR	4116	3447	655	686	0.0207616857012106	0.0493253228553131	0.673927373725402	-0.00701934683042872	0.0157673899201542	0.656217054029461	-0.0277810325316393	0.0517519961127411	-0.536810840515575	0.591398282794345
SBayesR	ASD	pooled	zanc	ASD	sbr	global_slope	full	8082	6789	1250	1339	0.0285267488688054	0.0361999638923416	0.430794495620825	-0.0107723634201693	0.011301706153028	0.340541846890115	-0.0392991122889747	0.0379079552621549	-1.03669828713259	0.299876490538846
SBayesR	ASD	pooled	zanc	ASD	sbr	slope_PC1	EUR	4116	3447	655	686	-0.00480902304415693	0.0528603559327408	0.92753501202084	0.00348617318496078	0.0162941309436597	0.830597129703955	0.00829519622911771	0.0552825925735386	0.150050781682917	0.880724550763524
SBayesR	ASD	pooled	zanc	ASD	sbr	slope_PC1	full	8082	6789	1250	1339	0.0236038702108615	0.0378831208708292	0.533328791257996	0.0111126007268513	0.0116636236219793	0.340747592464765	-0.0124912694840102	0.0396225028116931	-0.315256952428655	0.752566566666312
SBayesR	ASD	pooled	zanc	ASD	sbr	slope_PC2	EUR	4116	3447	655	686	-0.0409953393360902	0.0513687436035624	0.425067578564157	-0.00304990093372262	0.0167624456314043	0.855633978795115	0.0379454384023676	0.0539996710913158	0.702697583809356	0.482244233756863
SBayesR	ASD	pooled	zanc	ASD	sbr	slope_PC2	full	8082	6789	1250	1339	-0.0120190100859138	0.0375253262300608	0.748789123796299	0.000949422424900424	0.0119405489725717	0.936627356822306	0.0129684325108142	0.0393629330826279	0.329457982300043	0.741809548035483
SBayesR	ASD	pooled	zanc	ASD	sbr	slope_PC3	EUR	4116	3447	655	686	-0.0238907253764706	0.0498695529660729	0.632052115557652	-0.0182443271915231	0.0167236799978101	0.275384725830849	0.00564639818494759	0.052563386315629	0.107420746278455	0.914455196583905
SBayesR	ASD	pooled	zanc	ASD	sbr	slope_PC3	full	8082	6789	1250	1339	-0.0407788382174555	0.0371222918176952	0.272160279456741	-0.0166741783825117	0.0117411083785014	0.155609438407032	0.0241046598349438	0.0389188165434769	0.619357472188705	0.535680890878292
SBayesR	ALZ	pooled	raw	ALZ	sbr	baseline_thickness	EUR	4116	3447	655	686	0.118952465604786	0.041621010938394	0.00439058669443336	-0.0225697790640066	0.0169853045998035	0.184007286156427	-0.141522244668793	0.0449444178622974	-3.14882807254051	0.00163926606404524
SBayesR	ALZ	pooled	raw	ALZ	sbr	baseline_thickness	full	8082	6789	1250	1339	0.0630828046874515	0.03283641261155	0.0549245847959888	0.003674384924171	0.0131297267912602	0.779599270659434	-0.0594084197632805	0.0353447189430322	-1.68082875008947	0.0927961825659592
SBayesR	ALZ	pooled	raw	ALZ	sbr	global_slope	EUR	4116	3447	655	686	0.0190566215270833	0.0539167025695461	0.723844225266552	-0.0281043206335308	0.0155656728122776	0.0710797759081232	-0.047160942160614	0.0561125598337639	-0.84047033855398	0.400644725612989
SBayesR	ALZ	pooled	raw	ALZ	sbr	global_slope	full	8082	6789	1250	1339	0.0424142626022264	0.0405707652680129	0.295977699819423	-0.0313873967345301	0.0123987175335001	0.0113801057771313	-0.0738016593367565	0.0424083892363209	-1.74026084616175	0.0818132258147427
SBayesR	ALZ	pooled	raw	ALZ	sbr	slope_PC1	EUR	4116	3447	655	686	-0.0799104286307691	0.0577996229230716	0.167203787354808	0.0425496999731886	0.0160701688726473	0.00814163252894604	0.122460128603958	0.0599860241761592	2.04147766560312	0.0412033716355755
SBayesR	ALZ	pooled	raw	ALZ	sbr	slope_PC1	full	8082	6789	1250	1339	-0.110906692728829	0.0423997152248353	0.00898939267673274	0.0190517716373556	0.0127973650793262	0.136607009187862	0.129958464366184	0.0442739445498859	2.9353260859726	0.00333197332274619
SBayesR	ALZ	pooled	raw	ALZ	sbr	slope_PC2	EUR	4116	3447	655	686	-0.0167702196050814	0.05627572503247	0.765778654518918	0.0504760760807255	0.0165256491616851	0.0022724840598871	0.067246295685807	0.0586454158829723	1.14665902992312	0.251522569397749
SBayesR	ALZ	pooled	raw	ALZ	sbr	slope_PC2	full	8082	6789	1250	1339	-0.0548020106992736	0.0420828322746475	0.193018132852594	0.0253137856352205	0.013099180267882	0.0533430525293239	0.0801157963344941	0.0440586764235061	1.81838863166009	0.0690047546844633
SBayesR	ALZ	pooled	raw	ALZ	sbr	slope_PC3	EUR	4116	3447	655	686	0.0942941268147163	0.0544310568055236	0.0836817891481928	-0.0346539326341156	0.0165077254274121	0.0358706403671035	-0.128948059448832	0.0568724461801395	-2.26732043563588	0.0233706579766055
SBayesR	ALZ	pooled	raw	ALZ	sbr	slope_PC3	full	8082	6789	1250	1339	0.085017584891449	0.0415911446600212	0.0411133331612013	-0.0183799822335307	0.0128851234315007	0.153785380737221	-0.10339756712498	0.0435259447845189	-2.37553871919066	0.0175233538126027
SBayesR	ALZ	pooled	zanc	ALZ	sbr	baseline_thickness	EUR	4116	3447	655	686	0.118952445872593	0.0416210113281353	0.00439059354302741	-0.022569775565568	0.0169853046070585	0.184007354309203	-0.141522221438161	0.0449444182313294	-3.14882752981126	0.00163926910831469
SBayesR	ALZ	pooled	zanc	ALZ	sbr	baseline_thickness	full	8082	6789	1250	1339	0.0544107152312356	0.0299676283286911	0.0696438238975126	0.00716195773137671	0.0118539059845822	0.545740469820812	-0.0472487574998589	0.0322296046042972	-1.46600487595058	0.142646958502861
SBayesR	ALZ	pooled	zanc	ALZ	sbr	global_slope	EUR	4116	3447	655	686	0.0190566287410935	0.0539167029285344	0.72384412677475	-0.028104327149889	0.0155656728075818	0.0710797103614694	-0.0471609558909826	0.0561125601812067	-0.840470578043199	0.400644591387418
SBayesR	ALZ	pooled	zanc	ALZ	sbr	global_slope	full	8082	6789	1250	1339	0.0380721993741868	0.0370244747151241	0.303964737440247	-0.0277080630619656	0.011192987046037	0.0133300660656164	-0.0657802624361524	0.0386813468885007	-1.70056804448316	0.089024128977437
SBayesR	ALZ	pooled	zanc	ALZ	sbr	slope_PC1	EUR	4116	3447	655	686	-0.0799104123915177	0.057799623331251	0.167203876520161	0.0425497027169079	0.0160701688684383	0.00814162840990905	0.122460115108426	0.0599860245721493	2.04147742714863	0.0412033953141794
SBayesR	ALZ	pooled	zanc	ALZ	sbr	slope_PC1	full	8082	6789	1250	1339	-0.100221914491996	0.0386930265592463	0.00968203662112557	0.0171861575020697	0.0115527554656192	0.136897546746507	0.117408071994065	0.0403828925509642	2.90737152733409	0.00364480024909674
SBayesR	ALZ	pooled	zanc	ALZ	sbr	slope_PC2	EUR	4116	3447	655	686	-0.016770195824602	0.056275725400502	0.765778978409203	0.0504760728001051	0.016525649165343	0.00227248556483946	0.0672462686247071	0.0586454162412505	1.14665856148203	0.251522763077457
SBayesR	ALZ	pooled	zanc	ALZ	sbr	slope_PC2	full	8082	6789	1250	1339	-0.0518751342423478	0.0383985689891816	0.176894403879352	0.0227183018925491	0.0118253655594267	0.0547547223185126	0.0745934361348969	0.0401803351354658	1.85646625105065	0.0633871291575377
SBayesR	ALZ	pooled	zanc	ALZ	sbr	slope_PC3	EUR	4116	3447	655	686	0.0942941008076189	0.0544310572429469	0.0836818767108928	-0.034653939520725	0.016507725423059	0.0358706035367292	-0.128948040328344	0.0568724466017146	-2.26732008262954	0.0233706795254905
SBayesR	ALZ	pooled	zanc	ALZ	sbr	slope_PC3	full	8082	6789	1250	1339	0.0698896694084766	0.0379665635019685	0.0658428011585425	-0.0152407735374807	0.0116320474736237	0.190159827145197	-0.0851304429459573	0.0397105630558864	-2.1437732531304	0.032051059440033
SBayesRC	SCZ	pooled	raw	SCZpooled	sbrc	baseline_thickness	EUR	4116	3447	655	686	0.0575979336948323	0.0392593579724973	0.142794069302454	0.00721360482215985	0.0172145992957531	0.675212969664124	-0.0503843288726724	0.0428000553965791	-1.17720242195526	0.23911472221261
SBayesRC	SCZ	pooled	raw	SCZpooled	sbrc	baseline_thickness	full	8082	6789	1250	1339	0.0369237413103414	0.0440616619775337	0.40217639532455	-0.0160701582629565	0.0188752936910095	0.394584584223615	-0.0529938995732979	0.047456828395223	-1.1166759635086	0.264132898740267
SBayesRC	SCZ	pooled	raw	SCZpooled	sbrc	global_slope	EUR	4116	3447	655	686	-0.0172424920987287	0.0506480938416839	0.73361349953403	-0.0320741535206038	0.0157575251520643	0.0418802554658581	-0.0148316614218751	0.0529931003273369	-0.279879103699546	0.779570259621194
SBayesRC	SCZ	pooled	raw	SCZpooled	sbrc	global_slope	full	8082	6789	1250	1339	-0.017963920815291	0.0544238640158379	0.741386933297159	-0.0428778942228659	0.0178370051598985	0.0162494145871859	-0.024913973407575	0.0569149737279869	-0.437740225035437	0.661574606558651
SBayesRC	SCZ	pooled	raw	SCZpooled	sbrc	slope_PC1	EUR	4116	3447	655	686	-0.0170191511664902	0.054287165113625	0.753982904561667	0.0237737506130273	0.0162850023158951	0.144425588142193	0.0407929017795175	0.0566271723726996	0.720376809758985	0.471293024314144
SBayesRC	SCZ	pooled	raw	SCZpooled	sbrc	slope_PC1	full	8082	6789	1250	1339	-0.00963399420281485	0.0569780502747819	0.865753546598803	0.0560668061099015	0.0184000292607377	0.00231968574972605	0.0657008003127164	0.0595116636315144	1.10399871728547	0.269593694116261
SBayesRC	SCZ	pooled	raw	SCZpooled	sbrc	slope_PC2	EUR	4116	3447	655	686	0.00444373738225317	0.0527486555677714	0.932883364343294	-0.00921361372001986	0.0167636763698615	0.582617741287445	-0.013657351102273	0.0552947923856758	-0.246991633624634	0.804914698926912
SBayesRC	SCZ	pooled	raw	SCZpooled	sbrc	slope_PC2	full	8082	6789	1250	1339	0.0234397413752814	0.0564122239001551	0.677824586265813	0.0172686552781936	0.0188519109712299	0.359691034781451	-0.00617108609708781	0.0590945164483398	-0.104427389679761	0.916830187683932
SBayesRC	SCZ	pooled	raw	SCZpooled	sbrc	slope_PC3	EUR	4116	3447	655	686	0.0214391469807283	0.0512086893823914	0.675599849502866	-0.0122567245263271	0.0167272737113379	0.463770370111679	-0.0336958715070554	0.0538169430887078	-0.626120131935284	0.531236148368257
SBayesRC	SCZ	pooled	raw	SCZpooled	sbrc	slope_PC3	full	8082	6789	1250	1339	0.0649764293368316	0.0557940629002525	0.244373282397968	-0.0439069111011426	0.0185333406073312	0.0178609084448556	-0.108883340437974	0.058415889094137	-1.86393363392123	0.0623310247655352
SBayesRC	SCZ	pooled	zanc	SCZpooled	sbrc	baseline_thickness	EUR	4116	3447	655	686	0.0575979347997553	0.0392593579826024	0.142794061753927	0.00721360462506286	0.0172145992815735	0.675212977778467	-0.0503843301746924	0.0428000554140643	-1.17720245189533	0.239114710265333
SBayesRC	SCZ	pooled	zanc	SCZpooled	sbrc	baseline_thickness	full	8082	6789	1250	1339	0.0137741049888939	0.0299480402272042	0.645637350159447	0.00167409738595421	0.0119763062093538	0.888834697109174	-0.0121000076029397	0.0322414219494729	-0.375293857135154	0.707441934153516
SBayesRC	SCZ	pooled	zanc	SCZpooled	sbrc	global_slope	EUR	4116	3447	655	686	-0.0172424774185377	0.0506480938567884	0.733613717773851	-0.0320741609726151	0.0157575251341567	0.0418802076671224	-0.0148316835540774	0.0529931003467604	-0.279879521240053	0.77956993926804
SBayesRC	SCZ	pooled	zanc	SCZpooled	sbrc	global_slope	full	8082	6789	1250	1339	-0.00354562284134216	0.0369967358720688	0.923662748190923	-0.0264477056662455	0.0113055186665571	0.019345953132062	-0.0229020828249033	0.0386763107647658	-0.592147554201761	0.55375178533714
SBayesRC	SCZ	pooled	zanc	SCZpooled	sbrc	slope_PC1	EUR	4116	3447	655	686	-0.0170191656620777	0.0542871651187768	0.753982701828095	0.023773757777144	0.0162850022987789	0.144425466796364	0.0407929234392217	0.0566271723831253	0.720377192123014	0.471292788955558
SBayesRC	SCZ	pooled	zanc	SCZpooled	sbrc	slope_PC1	full	8082	6789	1250	1339	-0.0103259866279122	0.0387233062046386	0.789765527745473	0.0330580859682765	0.0116637842326428	0.0046072445866551	0.0433840725961887	0.04043237085342	1.07300342968928	0.283269577316851
SBayesRC	SCZ	pooled	zanc	SCZpooled	sbrc	slope_PC2	EUR	4116	3447	655	686	0.00444374680242713	0.052748655600852	0.932883222442865	-0.00921361391803783	0.0167636763538721	0.582617732825145	-0.013657360720465	0.0552947924234849	-0.246991807399649	0.804914564439898
SBayesRC	SCZ	pooled	zanc	SCZpooled	sbrc	slope_PC2	full	8082	6789	1250	1339	0.021108882313748	0.0383420500794277	0.582023682731929	0.0114554294476422	0.0119488202527957	0.33774016125995	-0.00965345286610584	0.0401507941289223	-0.240429936083184	0.809996973071279
SBayesRC	SCZ	pooled	zanc	SCZpooled	sbrc	slope_PC3	EUR	4116	3447	655	686	0.021439142483958	0.0512086894148124	0.675599913848799	-0.0122567310572388	0.0167272736943263	0.463770131512244	-0.0336958735411968	0.0538169431255476	-0.626120169304097	0.531236123859465
SBayesRC	SCZ	pooled	zanc	SCZpooled	sbrc	slope_PC3	full	8082	6789	1250	1339	0.0360737292922824	0.0379362872623997	0.341804902598306	-0.0195782156457725	0.0117490893198066	0.0956887910367917	-0.0556519449380549	0.0397042685307064	-1.40166150888827	0.161016349892863
SBayesRC	SCZ	EUR	raw	SCZeur	sbrc	baseline_thickness	EUR	4116	3447	655	686	0.0385562239100462	0.0403093919383452	0.339146207084659	0.0151395902338581	0.0173695185898264	0.383477310625032	-0.023416633676188	0.0438157413131143	-0.534434268927439	0.593041114920987
SBayesRC	SCZ	EUR	raw	SCZeur	sbrc	baseline_thickness	full	8082	6789	1250	1339	0.0609941515427633	0.0631837443618702	0.334540806828484	-0.00681723925788643	0.0280346363722776	0.807879186161023	-0.0678113908006497	0.067268991386989	-1.00806314176082	0.313424150731595
SBayesRC	SCZ	EUR	raw	SCZeur	sbrc	global_slope	EUR	4116	3447	655	686	-0.0300420549813701	0.0519462502762409	0.563198447469881	-0.036152783837515	0.0158859189935218	0.0229222063670644	-0.00611072885614494	0.0542655391980048	-0.112607908194702	0.910341415100838
SBayesRC	SCZ	EUR	raw	SCZeur	sbrc	global_slope	full	8082	6789	1250	1339	-0.0750096615673029	0.0779524205295165	0.336068614532586	-0.0752675816797585	0.026558346200676	0.00460986026479018	-0.000257920112455581	0.0809584659785805	-0.0031858325048281	0.99745807773098
SBayesRC	SCZ	EUR	raw	SCZeur	sbrc	slope_PC1	EUR	4116	3447	655	686	0.0261498393053287	0.055672167593097	0.638692595756162	0.0251881072303241	0.016417898849879	0.125081311579453	-0.000961732075004624	0.0579867223229991	-0.0165853843169055	0.986767384581561
SBayesRC	SCZ	EUR	raw	SCZeur	sbrc	slope_PC1	full	8082	6789	1250	1339	0.049026283908347	0.0816031528712312	0.54806683367581	0.0838807210629073	0.0274049165442257	0.00221627387043734	0.0348544371545603	0.0846621677565521	0.411688456345519	0.68056778710065
SBayesRC	SCZ	EUR	raw	SCZeur	sbrc	slope_PC2	EUR	4116	3447	655	686	0.0156786515078262	0.0541210379857734	0.772122269332846	0.00165826998234471	0.0169038771809848	0.921858736195198	-0.0140203815254815	0.0566394666357245	-0.247537315555129	0.804492416209317
SBayesRC	SCZ	EUR	raw	SCZeur	sbrc	slope_PC2	full	8082	6789	1250	1339	0.0151099113817775	0.0808182361799407	0.851713803673359	0.0172301731678692	0.0280720797548065	0.539378914118575	0.00212026178609165	0.0840554681566979	0.0252245550775949	0.979875851065899
SBayesRC	SCZ	EUR	raw	SCZeur	sbrc	slope_PC3	EUR	4116	3447	655	686	-0.000235654792878253	0.0525325485173372	0.996422158262362	-0.00983671789012172	0.0168698187539375	0.559869557232655	-0.00960106309724346	0.0551137115343655	-0.174204618595807	0.861704655923907
SBayesRC	SCZ	EUR	raw	SCZeur	sbrc	slope_PC3	full	8082	6789	1250	1339	0.0449427417212109	0.0799521375424027	0.57411607875319	-0.0769045280002969	0.027593578420078	0.00533399404257088	-0.121847269721508	0.0831145400425164	-1.46601629100249	0.142643848735376
SBayesRC	ASD	pooled	raw	ASD	sbrc	baseline_thickness	EUR	4116	3447	655	686	-0.0234690913725372	0.0383882444934875	0.541158033230956	-0.0164246078088777	0.0172168930824276	0.340158720073312	0.00704448356365944	0.0419597492988545	0.167886693351901	0.866672418707897
SBayesRC	ASD	pooled	raw	ASD	sbrc	baseline_thickness	full	8082	6789	1250	1339	-0.0175364296221697	0.0296936811088225	0.554901136582955	-0.00967053072385742	0.0122584631194758	0.430205842062227	0.0078658988983123	0.032062852145158	0.245327485611731	0.806202871447239
SBayesRC	ASD	pooled	raw	ASD	sbrc	global_slope	EUR	4116	3447	655	686	-0.0118305003922257	0.049440097137796	0.810940039968486	-0.00277814166805228	0.0158152244204682	0.860569389288527	0.00905235872417346	0.0518287081055921	0.174659161978933	0.86134745845669
SBayesRC	ASD	pooled	raw	ASD	sbrc	global_slope	full	8082	6789	1250	1339	0.0164556184634673	0.0366658815032309	0.653637231431819	0.00850123659900838	0.0115970638449151	0.463552714441316	-0.00795438186445896	0.0384104274872502	-0.207089126178023	0.835940254082473
SBayesRC	ASD	pooled	raw	ASD	sbrc	slope_PC1	EUR	4116	3447	655	686	0.0034576670565036	0.0529806547877039	0.94798143114857	0.0131498144106492	0.0163469439687561	0.421210947161207	0.00969214735414563	0.0553659937596584	0.175055962983684	0.861035660324886
SBayesRC	ASD	pooled	raw	ASD	sbrc	slope_PC1	full	8082	6789	1250	1339	0.00889743353859662	0.0383746425772276	0.816679301931967	0.00909435552040389	0.011968831301348	0.44737885166809	0.000196921981807274	0.0401512556759341	0.00490450369464547	0.996086787911817
SBayesRC	ASD	pooled	raw	ASD	sbrc	slope_PC2	EUR	4116	3447	655	686	-0.0251939449856666	0.0514794727156551	0.624690981856237	-0.0176993084673965	0.0168086210112508	0.2924189449559	0.00749463651827011	0.0540681659208975	0.138614587541861	0.889754715406497
SBayesRC	ASD	pooled	raw	ASD	sbrc	slope_PC2	full	8082	6789	1250	1339	-0.00594792824505976	0.0380104196612157	0.875672862929025	-0.000378233681653403	0.0122507745159383	0.975370709866598	0.00556969456340635	0.0398866208542444	0.139638165483093	0.888945884334725
SBayesRC	ASD	pooled	raw	ASD	sbrc	slope_PC3	EUR	4116	3447	655	686	-0.0436553771311109	0.049951722819226	0.382463043960857	-0.0331199809371926	0.016761595993503	0.0482432467408224	0.0105353961939184	0.0526011266171879	0.200288413413484	0.841255023713987
SBayesRC	ASD	pooled	raw	ASD	sbrc	slope_PC3	full	8082	6789	1250	1339	-0.024909486258074	0.0376067498658162	0.507836048689836	-0.0257458726822019	0.012044472511407	0.0325876236328333	-0.000836386424127939	0.039440321403236	-0.0212063795215248	0.983081025305606
SBayesRC	ASD	pooled	zanc	ASD	sbrc	baseline_thickness	EUR	4116	3447	655	686	-0.0234691116842606	0.038388244560223	0.541157683925745	-0.0164246052622984	0.0172168930599544	0.340158794304752	0.00704450642196221	0.0419597493688582	0.167887237839188	0.866671990349498
SBayesRC	ASD	pooled	zanc	ASD	sbrc	baseline_thickness	full	8082	6789	1250	1339	-0.0208541034800562	0.0291502638910626	0.474484222524758	-0.00834285528426574	0.0119047087703593	0.483449697094603	0.0125112481957905	0.0314496524882448	0.397818328850116	0.690764105529264
SBayesRC	ASD	pooled	zanc	ASD	sbrc	global_slope	EUR	4116	3447	655	686	-0.0118304932529149	0.0494400972538534	0.810940152331947	-0.00277814232231989	0.0158152243959051	0.860569356574	0.00905235093059498	0.0518287082214955	0.174659011216502	0.861347576926842
SBayesRC	ASD	pooled	zanc	ASD	sbrc	global_slope	full	8082	6789	1250	1339	0.0196854231174423	0.0359953529111982	0.584531936670786	0.00920615634235903	0.011266472425335	0.413883463099586	-0.0104792667750833	0.0376894240717281	-0.278042634855332	0.78097963069205
SBayesRC	ASD	pooled	zanc	ASD	sbrc	slope_PC1	EUR	4116	3447	655	686	0.00345767986684238	0.0529806549044759	0.947981238813016	0.0131498143152617	0.0163469439432436	0.421210949805084	0.00969213444841929	0.055365993876512	0.175055729515785	0.861035843772833
SBayesRC	ASD	pooled	zanc	ASD	sbrc	slope_PC1	full	8082	6789	1250	1339	0.00867409995620588	0.0376746627428263	0.817937718494926	0.00901264138917825	0.0116280627881466	0.438321359289034	0.000338541432972373	0.0393999067241826	0.00859244249846371	0.993144307150371
SBayesRC	ASD	pooled	zanc	ASD	sbrc	slope_PC2	EUR	4116	3447	655	686	-0.0251939302439266	0.0514794728205797	0.624691185171643	-0.0176993118387479	0.0168086209860092	0.292418852317964	0.00749461840517869	0.0540681660267034	0.138614252265875	0.889754980360357
SBayesRC	ASD	pooled	zanc	ASD	sbrc	slope_PC2	full	8082	6789	1250	1339	-0.00176941188478878	0.0373182399411601	0.962188975867535	0.00144012393412204	0.011901092870434	0.903688462196484	0.00320953581891082	0.0391398992877913	0.0820016371353301	0.934645411596483
SBayesRC	ASD	pooled	zanc	ASD	sbrc	slope_PC3	EUR	4116	3447	655	686	-0.043655378625215	0.0499517229427878	0.382463028859442	-0.0331199827322177	0.0167615959662753	0.0482432342409415	0.0105353958929973	0.0526011267399475	0.200288407225245	0.841255028553439
SBayesRC	ASD	pooled	zanc	ASD	sbrc	slope_PC3	full	8082	6789	1250	1339	-0.0254281630854201	0.0369232186173156	0.4911316661429	-0.023138418082258	0.0117012796165143	0.0480338562269059	0.00228974500316208	0.0387036013093521	0.0591610321959574	0.952823847054126
SBayesRC	ALZ	pooled	raw	ALZ	sbrc	baseline_thickness	EUR	4116	3447	655	686	0.112068620864404	0.042306214984959	0.00825590716628708	-0.0216050390875671	0.01697718158606	0.203248258561244	-0.133673659951972	0.0455809565436363	-2.93266464963281	0.00336066673955869
SBayesRC	ALZ	pooled	raw	ALZ	sbrc	baseline_thickness	full	8082	6789	1250	1339	0.0648638068663879	0.0327017599010454	0.0475124942951488	0.00495960492570857	0.0128981038660242	0.700603608922892	-0.0599042019406793	0.0351301719535373	-1.70520662466178	0.0881558949320449
SBayesRC	ALZ	pooled	raw	ALZ	sbrc	global_slope	EUR	4116	3447	655	686	0.0477418733245042	0.0547094571576543	0.383109483894	-0.0310952608245979	0.0155478005644045	0.0455822924117375	-0.0788371341491021	0.0568727693973316	-1.38620177959544	0.165685298258188
SBayesRC	ALZ	pooled	raw	ALZ	sbrc	global_slope	full	8082	6789	1250	1339	0.028245590046313	0.0404028737864611	0.484591754158533	-0.0331872754556579	0.0121715017054325	0.00641505899983318	-0.0614328655019709	0.0421789648308676	-1.45648110967894	0.145259667944073
SBayesRC	ALZ	pooled	raw	ALZ	sbrc	slope_PC1	EUR	4116	3447	655	686	-0.0620505868321771	0.0587354332286661	0.291095307517527	0.0454216505247201	0.0160472843574079	0.00467599832074237	0.107472237356897	0.0608851134057647	1.76516444406789	0.0775361324143062
SBayesRC	ALZ	pooled	raw	ALZ	sbrc	slope_PC1	full	8082	6789	1250	1339	-0.0817034853388653	0.0422690359480783	0.0534242791369063	0.0171950917218742	0.0125628579712433	0.171132066595732	0.0988985770607395	0.0440786459073666	2.24368455575018	0.0248527045037311
SBayesRC	ALZ	pooled	raw	ALZ	sbrc	slope_PC2	EUR	4116	3447	655	686	0.00233490398453918	0.0571504022571607	0.967421189420217	0.0494369569981696	0.0165087864161965	0.00276804184836395	0.0471020530136304	0.0594837556408067	0.79184732884145	0.428449701784188
SBayesRC	ALZ	pooled	raw	ALZ	sbrc	slope_PC2	full	8082	6789	1250	1339	-0.0381341689161044	0.0419200782114731	0.363121979606486	0.0226663521077043	0.0128610748937984	0.0780472066994389	0.0608005210238087	0.04382986821072	1.38719379057905	0.165382678379841
SBayesRC	ALZ	pooled	raw	ALZ	sbrc	slope_PC3	EUR	4116	3447	655	686	0.0738680335096139	0.0553310788208736	0.182334464537551	-0.0351903629850943	0.0164901695575958	0.032915459168705	-0.109058396494708	0.0577326859393463	-1.88902343135888	0.0588886890873958
SBayesRC	ALZ	pooled	raw	ALZ	sbrc	slope_PC3	full	8082	6789	1250	1339	0.065700099641265	0.0414483399631962	0.113149953227754	-0.0159572933871571	0.0126500372461906	0.207193960371274	-0.0816573930284221	0.0433174166321365	-1.88509378853036	0.0594171765137683
SBayesRC	ALZ	pooled	zanc	ALZ	sbrc	baseline_thickness	EUR	4116	3447	655	686	0.112068628960791	0.0423062151944727	0.00825590285487984	-0.0216050408435138	0.0169771815607743	0.203248221171228	-0.133673669804305	0.0455809567199351	-2.93266485444001	0.00336066452286569
SBayesRC	ALZ	pooled	zanc	ALZ	sbrc	baseline_thickness	full	8082	6789	1250	1339	0.0567810073964969	0.0303847719635571	0.0618744664997531	0.00776632964016585	0.011849483584776	0.512222795181798	-0.0490146777563311	0.0326170520522372	-1.50273169009365	0.132908247286778
SBayesRC	ALZ	pooled	zanc	ALZ	sbrc	global_slope	EUR	4116	3447	655	686	0.0477418933598441	0.0547094574141019	0.383109286568992	-0.0310952585898491	0.0155478005512643	0.045582307758205	-0.0788371519496932	0.0568727696345045	-1.38620208680435	0.165685204477519
SBayesRC	ALZ	pooled	zanc	ALZ	sbrc	global_slope	full	8082	6789	1250	1339	0.0248549544067096	0.0375398564963696	0.508005381147866	-0.0290575063161296	0.0111807192053532	0.00937307597139579	-0.0539124607228392	0.0391722031419273	-1.37629381037123	0.168730688437331
SBayesRC	ALZ	pooled	zanc	ALZ	sbrc	slope_PC1	EUR	4116	3447	655	686	-0.0620505932790312	0.0587354335093872	0.291095259733124	0.0454216480416739	0.0160472843466226	0.00467600054906825	0.107472241320705	0.0608851136678442	1.76516450157283	0.0775361227525389
SBayesRC	ALZ	pooled	zanc	ALZ	sbrc	slope_PC1	full	8082	6789	1250	1339	-0.0734365065700329	0.039272779012243	0.06168351812602	0.0157822574976221	0.0115398070953437	0.171472668900029	0.0892187640676549	0.0409358625296581	2.17947683410886	0.0292962637739377
SBayesRC	ALZ	pooled	zanc	ALZ	sbrc	slope_PC2	EUR	4116	3447	655	686	0.00233492987464908	0.0571504025472602	0.967420828543249	0.0494369531914983	0.016508786403674	0.00276804391446606	0.0471020233168493	0.0594837559096558	0.791846826020671	0.428449995006643
SBayesRC	ALZ	pooled	zanc	ALZ	sbrc	slope_PC2	full	8082	6789	1250	1339	-0.0348138406165979	0.0389445936010306	0.371490088152918	0.0211605049787434	0.0118138517435038	0.0733124871454594	0.0559743455953413	0.0406999345875283	1.3752932569207	0.169040546192352
SBayesRC	ALZ	pooled	zanc	ALZ	sbrc	slope_PC3	EUR	4116	3447	655	686	0.0738680288090279	0.0553310790866194	0.182334494425201	-0.0351903605314927	0.0164901695440026	0.0329154712135212	-0.109058389340521	0.0577326861835723	-1.88902329944857	0.0588887067619538
SBayesRC	ALZ	pooled	zanc	ALZ	sbrc	slope_PC3	full	8082	6789	1250	1339	0.0532860501889002	0.0385178142079524	0.166741504903945	-0.0130012326897135	0.0116200883781604	0.263241220631505	-0.0662872828786137	0.0402352730075423	-1.64749181312098	0.0994569976030847
SBayesRC	ALZnoAPOE	pooled	raw	ALZnoAPOE	sbrc	baseline_thickness	EUR	4116	3447	655	686	0.0872578191643344	0.0386853909083195	0.024405562794842	-0.0238645890779498	0.0171714055527344	0.16468356262321	-0.111122408242284	0.0422881686288496	-2.62774227036341	0.00859536109613035
SBayesRC	ALZnoAPOE	pooled	raw	ALZnoAPOE	sbrc	baseline_thickness	full	8082	6789	1250	1339	0.0828132256141415	0.0325429978651463	0.01104582549797	-5.65562806272688e-05	0.0138529020334268	0.996742660189679	-0.0828697818947687	0.0353054743625128	-2.34722187964027	0.0189139877735295
SBayesRC	ALZnoAPOE	pooled	raw	ALZnoAPOE	sbrc	global_slope	EUR	4116	3447	655	686	0.0360287370920776	0.049972780430029	0.471132921129129	-0.00153201969383614	0.0157186580483062	0.922362910626544	-0.0375607567859138	0.052360209229265	-0.717353069034728	0.473156269662071
SBayesRC	ALZnoAPOE	pooled	raw	ALZnoAPOE	sbrc	global_slope	full	8082	6789	1250	1339	-0.00278551271129823	0.0402741799070202	0.944867926925896	-0.0100706460748229	0.0130933561659971	0.441836179673831	-0.00728513336352463	0.0423013054210501	-0.172220060137893	0.863264527790329
SBayesRC	ALZnoAPOE	pooled	raw	ALZnoAPOE	sbrc	slope_PC1	EUR	4116	3447	655	686	-0.0889638484983559	0.0534714477373625	0.096562675356931	0.0134603979767668	0.0162373124559019	0.407176877432999	0.102424246475123	0.0558559342239817	1.83372183991055	0.0666952949778712
SBayesRC	ALZnoAPOE	pooled	raw	ALZnoAPOE	sbrc	slope_PC1	full	8082	6789	1250	1339	-0.0411834450991434	0.0421389583057116	0.328559516551268	0.0158262230221346	0.0135109383805048	0.241494474061291	0.057009668121278	0.0442032515028676	1.28971661999977	0.197149066893851
SBayesRC	ALZnoAPOE	pooled	raw	ALZnoAPOE	sbrc	slope_PC2	EUR	4116	3447	655	686	-0.0377001705626841	0.0520670778834376	0.46923045467534	0.0382801787879407	0.0166988898585822	0.0219451361604624	0.0759803493506248	0.0546509081399849	1.39028521092469	0.164442286915765
SBayesRC	ALZnoAPOE	pooled	raw	ALZnoAPOE	sbrc	slope_PC2	full	8082	6789	1250	1339	-0.0414884205830215	0.0417435605971844	0.320424981101188	0.0304519027952234	0.0138271851197893	0.0276760745056808	0.0719403233782449	0.043922753817943	1.63788280845124	0.101446142857854
SBayesRC	ALZnoAPOE	pooled	raw	ALZnoAPOE	sbrc	slope_PC3	EUR	4116	3447	655	686	0.091058622234359	0.0504413620754309	0.0714971276305658	-0.0182503671979087	0.0166765120106597	0.273871819227316	-0.109308989432268	0.0530975061091617	-2.05864639306303	0.0395281250358137
SBayesRC	ALZnoAPOE	pooled	raw	ALZnoAPOE	sbrc	slope_PC3	full	8082	6789	1250	1339	0.0446323121979585	0.0413104760181066	0.280130497662741	-0.0219080919703486	0.013600364164354	0.107260477975033	-0.0665404041683071	0.0434414923950415	-1.53172463697178	0.125590400097513
SBayesRC	ALZnoAPOE	pooled	zanc	ALZnoAPOE	sbrc	baseline_thickness	EUR	4116	3447	655	686	0.0872578165445008	0.0386853949432016	0.0244055819171812	-0.0238645909360644	0.0171714052508532	0.164683522331987	-0.111122407480565	0.0422881722057746	-2.6277420300845	0.00859536716695602
SBayesRC	ALZnoAPOE	pooled	zanc	ALZnoAPOE	sbrc	baseline_thickness	full	8082	6789	1250	1339	0.0713238340439105	0.0284019634315307	0.0121462718997289	0.00415367516276299	0.0119110895556533	0.727307765598097	-0.0671701588811475	0.0307988044385806	-2.18093397148253	0.0291883005913264
SBayesRC	ALZnoAPOE	pooled	zanc	ALZnoAPOE	sbrc	global_slope	EUR	4116	3447	655	686	0.0360287069588893	0.0499727813567911	0.471133300159124	-0.00153202111435728	0.0157186580347002	0.922362838800544	-0.0375607280732466	0.0523602101151904	-0.717352508529176	0.473156615423935
SBayesRC	ALZnoAPOE	pooled	zanc	ALZnoAPOE	sbrc	global_slope	full	8082	6789	1250	1339	-0.00388582788675818	0.035149717622998	0.91198645633332	-0.00934824606644502	0.0112558279817344	0.406271475756335	-0.00546241817968684	0.0369079939299426	-0.148000950418909	0.882342018177571
SBayesRC	ALZnoAPOE	pooled	zanc	ALZnoAPOE	sbrc	slope_PC1	EUR	4116	3447	655	686	-0.0889638182607879	0.0534714487581391	0.0965627948027181	0.0134603975633686	0.0162373124413111	0.407176891416614	0.102424215824157	0.055855935202456	1.83372125903735	0.0666953812471689
SBayesRC	ALZnoAPOE	pooled	zanc	ALZnoAPOE	sbrc	slope_PC1	full	8082	6789	1250	1339	-0.034405289528706	0.0367779507453747	0.349681838096064	0.015022198894111	0.0116147092409023	0.195925454999638	0.049427488422817	0.0385684097918087	1.28155370391534	0.199999249440034
SBayesRC	ALZnoAPOE	pooled	zanc	ALZnoAPOE	sbrc	slope_PC2	EUR	4116	3447	655	686	-0.0377001897092694	0.0520670788170292	0.469230237016901	0.0382801737176961	0.016698889847115	0.0219451535961435	0.0759803634269655	0.0546509090318716	1.39028544580393	0.164442215620245
SBayesRC	ALZnoAPOE	pooled	zanc	ALZnoAPOE	sbrc	slope_PC2	full	8082	6789	1250	1339	-0.0386277895850408	0.03642821283083	0.289128428364398	0.0266838574010131	0.0118867275000513	0.0248101174184616	0.0653116469860539	0.0383185893563413	1.70443766545507	0.0882993522194417
SBayesRC	ALZnoAPOE	pooled	zanc	ALZnoAPOE	sbrc	slope_PC3	EUR	4116	3447	655	686	0.0910585846122069	0.050441363086714	0.0714972500986894	-0.0182503639128582	0.0166765119979506	0.273871905208168	-0.109308948525065	0.0530975070719449	-2.05864558531828	0.0395282024711408
SBayesRC	ALZnoAPOE	pooled	zanc	ALZnoAPOE	sbrc	slope_PC3	full	8082	6789	1250	1339	0.0308695575191269	0.0360625172838212	0.392132116410492	-0.0180828170083336	0.0116917279425289	0.121998964130738	-0.0489523745274606	0.0379105051675415	-1.29126146726668	0.196613027284852
