phenotype,x_lo,x_hi,y_lo,y_hi,count
global,-0.0248727554862058,-0.024652167608170086,-0.030646855696685,-0.03028389912036645,1
global,-0.024652167608170086,-0.024431579730134375,-0.029920942544047903,-0.029557985967729353,1
global,-0.024652167608170086,-0.024431579730134375,-0.02810615966245516,-0.027743203086136613,1
global,-0.02399040397406295,-0.023769816096027234,-0.02846911623877371,-0.02810615966245516,1
global,-0.02399040397406295,-0.023769816096027234,-0.02592842020454387,-0.025565463628225323,1
global,-0.023769816096027234,-0.02354922821799152,-0.026654333357180968,-0.026291376780862418,2
global,-0.02354922821799152,-0.023328640339955808,-0.028832072815092258,-0.02846911623877371,1
global,-0.02354922821799152,-0.023328640339955808,-0.02592842020454387,-0.025565463628225323,2
global,-0.02354922821799152,-0.023328640339955808,-0.024113637322951128,-0.02375068074663258,1
global,-0.023328640339955808,-0.023108052461920093,-0.02592842020454387,-0.025565463628225323,1
global,-0.023328640339955808,-0.023108052461920093,-0.025202507051906773,-0.024839550475588223,1
global,-0.023328640339955808,-0.023108052461920093,-0.024476593899269677,-0.024113637322951128,1
global,-0.023108052461920093,-0.02288746458388438,-0.026654333357180968,-0.026291376780862418,1
global,-0.023108052461920093,-0.02288746458388438,-0.025565463628225323,-0.025202507051906773,3
global,-0.023108052461920093,-0.02288746458388438,-0.025202507051906773,-0.024839550475588223,1
global,-0.023108052461920093,-0.02288746458388438,-0.024113637322951128,-0.02375068074663258,1
global,-0.023108052461920093,-0.02288746458388438,-0.023387724170314032,-0.023024767593995483,1
global,-0.02288746458388438,-0.022666876705848667,-0.02592842020454387,-0.025565463628225323,2
global,-0.02288746458388438,-0.022666876705848667,-0.025565463628225323,-0.025202507051906773,1
global,-0.02288746458388438,-0.022666876705848667,-0.024839550475588223,-0.024476593899269677,3
global,-0.02288746458388438,-0.022666876705848667,-0.02375068074663258,-0.023387724170314032,1
global,-0.022666876705848667,-0.022446288827812955,-0.026654333357180968,-0.026291376780862418,1
global,-0.022666876705848667,-0.022446288827812955,-0.026291376780862418,-0.02592842020454387,1
global,-0.022666876705848667,-0.022446288827812955,-0.025565463628225323,-0.025202507051906773,1
global,-0.022666876705848667,-0.022446288827812955,-0.025202507051906773,-0.024839550475588223,2
global,-0.022666876705848667,-0.022446288827812955,-0.024839550475588223,-0.024476593899269677,3
global,-0.022666876705848667,-0.022446288827812955,-0.024476593899269677,-0.024113637322951128,2
global,-0.022666876705848667,-0.022446288827812955,-0.02375068074663258,-0.023387724170314032,1
global,-0.022666876705848667,-0.022446288827812955,-0.023387724170314032,-0.023024767593995483,2
global,-0.022446288827812955,-0.02222570094977724,-0.02592842020454387,-0.025565463628225323,1
global,-0.022446288827812955,-0.02222570094977724,-0.024839550475588223,-0.024476593899269677,1
global,-0.022446288827812955,-0.02222570094977724,-0.024476593899269677,-0.024113637322951128,1
global,-0.022446288827812955,-0.02222570094977724,-0.024113637322951128,-0.02375068074663258,3
global,-0.022446288827812955,-0.02222570094977724,-0.02375068074663258,-0.023387724170314032,2
global,-0.022446288827812955,-0.02222570094977724,-0.023387724170314032,-0.023024767593995483,2
global,-0.022446288827812955,-0.02222570094977724,-0.023024767593995483,-0.022661811017676933,1
global,-0.022446288827812955,-0.02222570094977724,-0.022661811017676933,-0.022298854441358387,2
global,-0.02222570094977724,-0.02200511307174153,-0.026291376780862418,-0.02592842020454387,1
global,-0.02222570094977724,-0.02200511307174153,-0.025565463628225323,-0.025202507051906773,1
global,-0.02222570094977724,-0.02200511307174153,-0.025202507051906773,-0.024839550475588223,1
global,-0.02222570094977724,-0.02200511307174153,-0.024839550475588223,-0.024476593899269677,2
global,-0.02222570094977724,-0.02200511307174153,-0.024476593899269677,-0.024113637322951128,3
global,-0.02222570094977724,-0.02200511307174153,-0.024113637322951128,-0.02375068074663258,3
global,-0.02222570094977724,-0.02200511307174153,-0.02375068074663258,-0.023387724170314032,3
global,-0.02222570094977724,-0.02200511307174153,-0.023387724170314032,-0.023024767593995483,2
global,-0.02222570094977724,-0.02200511307174153,-0.022661811017676933,-0.022298854441358387,1
global,-0.02200511307174153,-0.021784525193705814,-0.02592842020454387,-0.025565463628225323,1
global,-0.02200511307174153,-0.021784525193705814,-0.025565463628225323,-0.025202507051906773,2
global,-0.02200511307174153,-0.021784525193705814,-0.025202507051906773,-0.024839550475588223,1
global,-0.02200511307174153,-0.021784525193705814,-0.024839550475588223,-0.024476593899269677,3
global,-0.02200511307174153,-0.021784525193705814,-0.024476593899269677,-0.024113637322951128,3
global,-0.02200511307174153,-0.021784525193705814,-0.024113637322951128,-0.02375068074663258,4
global,-0.02200511307174153,-0.021784525193705814,-0.02375068074663258,-0.023387724170314032,5
global,-0.02200511307174153,-0.021784525193705814,-0.023387724170314032,-0.023024767593995483,6
global,-0.02200511307174153,-0.021784525193705814,-0.023024767593995483,-0.022661811017676933,4
global,-0.02200511307174153,-0.021784525193705814,-0.022661811017676933,-0.022298854441358387,3
global,-0.02200511307174153,-0.021784525193705814,-0.022298854441358387,-0.021935897865039838,3
global,-0.02200511307174153,-0.021784525193705814,-0.021935897865039838,-0.021572941288721288,2
global,-0.02200511307174153,-0.021784525193705814,-0.021209984712402742,-0.020847028136084196,1
global,-0.02200511307174153,-0.021784525193705814,-0.020847028136084196,-0.020484071559765643,1
global,-0.021784525193705814,-0.0215639373156701,-0.026291376780862418,-0.02592842020454387,1
global,-0.021784525193705814,-0.0215639373156701,-0.024839550475588223,-0.024476593899269677,1
global,-0.021784525193705814,-0.0215639373156701,-0.024113637322951128,-0.02375068074663258,3
global,-0.021784525193705814,-0.0215639373156701,-0.02375068074663258,-0.023387724170314032,1
global,-0.021784525193705814,-0.0215639373156701,-0.023387724170314032,-0.023024767593995483,10
global,-0.021784525193705814,-0.0215639373156701,-0.023024767593995483,-0.022661811017676933,7
global,-0.021784525193705814,-0.0215639373156701,-0.022661811017676933,-0.022298854441358387,2
global,-0.021784525193705814,-0.0215639373156701,-0.022298854441358387,-0.021935897865039838,4
global,-0.021784525193705814,-0.0215639373156701,-0.021935897865039838,-0.021572941288721288,4
global,-0.021784525193705814,-0.0215639373156701,-0.021209984712402742,-0.020847028136084196,2
global,-0.021784525193705814,-0.0215639373156701,-0.020484071559765643,-0.020121114983447097,1
global,-0.0215639373156701,-0.021343349437634388,-0.024839550475588223,-0.024476593899269677,1
global,-0.0215639373156701,-0.021343349437634388,-0.024476593899269677,-0.024113637322951128,2
global,-0.0215639373156701,-0.021343349437634388,-0.024113637322951128,-0.02375068074663258,2
global,-0.0215639373156701,-0.021343349437634388,-0.02375068074663258,-0.023387724170314032,4
global,-0.0215639373156701,-0.021343349437634388,-0.023387724170314032,-0.023024767593995483,6
global,-0.0215639373156701,-0.021343349437634388,-0.023024767593995483,-0.022661811017676933,7
global,-0.0215639373156701,-0.021343349437634388,-0.022661811017676933,-0.022298854441358387,10
global,-0.0215639373156701,-0.021343349437634388,-0.022298854441358387,-0.021935897865039838,2
global,-0.0215639373156701,-0.021343349437634388,-0.021935897865039838,-0.021572941288721288,5
global,-0.0215639373156701,-0.021343349437634388,-0.021572941288721288,-0.021209984712402742,5
global,-0.0215639373156701,-0.021343349437634388,-0.020847028136084196,-0.020484071559765643,1
global,-0.0215639373156701,-0.021343349437634388,-0.01975815840712855,-0.019395201830809998,1
global,-0.021343349437634388,-0.021122761559598673,-0.024839550475588223,-0.024476593899269677,1
global,-0.021343349437634388,-0.021122761559598673,-0.024476593899269677,-0.024113637322951128,3
global,-0.021343349437634388,-0.021122761559598673,-0.024113637322951128,-0.02375068074663258,2
global,-0.021343349437634388,-0.021122761559598673,-0.02375068074663258,-0.023387724170314032,1
global,-0.021343349437634388,-0.021122761559598673,-0.023387724170314032,-0.023024767593995483,8
global,-0.021343349437634388,-0.021122761559598673,-0.023024767593995483,-0.022661811017676933,11
global,-0.021343349437634388,-0.021122761559598673,-0.022661811017676933,-0.022298854441358387,10
global,-0.021343349437634388,-0.021122761559598673,-0.022298854441358387,-0.021935897865039838,13
global,-0.021343349437634388,-0.021122761559598673,-0.021935897865039838,-0.021572941288721288,7
global,-0.021343349437634388,-0.021122761559598673,-0.021572941288721288,-0.021209984712402742,9
global,-0.021343349437634388,-0.021122761559598673,-0.021209984712402742,-0.020847028136084196,2
global,-0.021343349437634388,-0.021122761559598673,-0.020847028136084196,-0.020484071559765643,4
global,-0.021343349437634388,-0.021122761559598673,-0.020484071559765643,-0.020121114983447097,1
global,-0.021343349437634388,-0.021122761559598673,-0.01975815840712855,-0.019395201830809998,1
global,-0.021122761559598673,-0.020902173681562962,-0.025202507051906773,-0.024839550475588223,1
global,-0.021122761559598673,-0.020902173681562962,-0.024476593899269677,-0.024113637322951128,1
global,-0.021122761559598673,-0.020902173681562962,-0.02375068074663258,-0.023387724170314032,2
global,-0.021122761559598673,-0.020902173681562962,-0.023387724170314032,-0.023024767593995483,6
global,-0.021122761559598673,-0.020902173681562962,-0.023024767593995483,-0.022661811017676933,7
global,-0.021122761559598673,-0.020902173681562962,-0.022661811017676933,-0.022298854441358387,15
global,-0.021122761559598673,-0.020902173681562962,-0.022298854441358387,-0.021935897865039838,18
global,-0.021122761559598673,-0.020902173681562962,-0.021935897865039838,-0.021572941288721288,17
global,-0.021122761559598673,-0.020902173681562962,-0.021572941288721288,-0.021209984712402742,13
global,-0.021122761559598673,-0.020902173681562962,-0.021209984712402742,-0.020847028136084196,12
global,-0.021122761559598673,-0.020902173681562962,-0.020847028136084196,-0.020484071559765643,8
global,-0.021122761559598673,-0.020902173681562962,-0.020484071559765643,-0.020121114983447097,3
global,-0.021122761559598673,-0.020902173681562962,-0.020121114983447097,-0.01975815840712855,1
global,-0.021122761559598673,-0.020902173681562962,-0.01975815840712855,-0.019395201830809998,1
global,-0.021122761559598673,-0.020902173681562962,-0.019395201830809998,-0.019032245254491452,1
global,-0.021122761559598673,-0.020902173681562962,-0.019032245254491452,-0.018669288678172906,1
global,-0.021122761559598673,-0.020902173681562962,-0.018669288678172906,-0.018306332101854353,1
global,-0.020902173681562962,-0.020681585803527247,-0.024113637322951128,-0.02375068074663258,1
global,-0.020902173681562962,-0.020681585803527247,-0.02375068074663258,-0.023387724170314032,3
global,-0.020902173681562962,-0.020681585803527247,-0.023387724170314032,-0.023024767593995483,4
global,-0.020902173681562962,-0.020681585803527247,-0.023024767593995483,-0.022661811017676933,10
global,-0.020902173681562962,-0.020681585803527247,-0.022661811017676933,-0.022298854441358387,17
global,-0.020902173681562962,-0.020681585803527247,-0.022298854441358387,-0.021935897865039838,21
global,-0.020902173681562962,-0.020681585803527247,-0.021935897865039838,-0.021572941288721288,25
global,-0.020902173681562962,-0.020681585803527247,-0.021572941288721288,-0.021209984712402742,19
global,-0.020902173681562962,-0.020681585803527247,-0.021209984712402742,-0.020847028136084196,14
global,-0.020902173681562962,-0.020681585803527247,-0.020847028136084196,-0.020484071559765643,9
global,-0.020902173681562962,-0.020681585803527247,-0.020484071559765643,-0.020121114983447097,11
global,-0.020902173681562962,-0.020681585803527247,-0.020121114983447097,-0.01975815840712855,4
global,-0.020902173681562962,-0.020681585803527247,-0.01975815840712855,-0.019395201830809998,2
global,-0.020902173681562962,-0.020681585803527247,-0.019395201830809998,-0.019032245254491452,3
global,-0.020902173681562962,-0.020681585803527247,-0.019032245254491452,-0.018669288678172906,1
global,-0.020681585803527247,-0.020460997925491532,-0.02375068074663258,-0.023387724170314032,2
global,-0.020681585803527247,-0.020460997925491532,-0.023387724170314032,-0.023024767593995483,4
global,-0.020681585803527247,-0.020460997925491532,-0.023024767593995483,-0.022661811017676933,5
global,-0.020681585803527247,-0.020460997925491532,-0.022661811017676933,-0.022298854441358387,17
global,-0.020681585803527247,-0.020460997925491532,-0.022298854441358387,-0.021935897865039838,17
global,-0.020681585803527247,-0.020460997925491532,-0.021935897865039838,-0.021572941288721288,31
global,-0.020681585803527247,-0.020460997925491532,-0.021572941288721288,-0.021209984712402742,25
global,-0.020681585803527247,-0.020460997925491532,-0.021209984712402742,-0.020847028136084196,41
global,-0.020681585803527247,-0.020460997925491532,-0.020847028136084196,-0.020484071559765643,22
global,-0.020681585803527247,-0.020460997925491532,-0.020484071559765643,-0.020121114983447097,16
global,-0.020681585803527247,-0.020460997925491532,-0.020121114983447097,-0.01975815840712855,14
global,-0.020681585803527247,-0.020460997925491532,-0.01975815840712855,-0.019395201830809998,9
global,-0.020681585803527247,-0.020460997925491532,-0.019395201830809998,-0.019032245254491452,3
global,-0.020681585803527247,-0.020460997925491532,-0.019032245254491452,-0.018669288678172906,2
global,-0.020681585803527247,-0.020460997925491532,-0.018669288678172906,-0.018306332101854353,1
global,-0.020460997925491532,-0.02024041004745582,-0.02375068074663258,-0.023387724170314032,1
global,-0.020460997925491532,-0.02024041004745582,-0.023387724170314032,-0.023024767593995483,1
global,-0.020460997925491532,-0.02024041004745582,-0.023024767593995483,-0.022661811017676933,3
global,-0.020460997925491532,-0.02024041004745582,-0.022661811017676933,-0.022298854441358387,10
global,-0.020460997925491532,-0.02024041004745582,-0.022298854441358387,-0.021935897865039838,15
global,-0.020460997925491532,-0.02024041004745582,-0.021935897865039838,-0.021572941288721288,33
global,-0.020460997925491532,-0.02024041004745582,-0.021572941288721288,-0.021209984712402742,32
global,-0.020460997925491532,-0.02024041004745582,-0.021209984712402742,-0.020847028136084196,37
global,-0.020460997925491532,-0.02024041004745582,-0.020847028136084196,-0.020484071559765643,42
global,-0.020460997925491532,-0.02024041004745582,-0.020484071559765643,-0.020121114983447097,34
global,-0.020460997925491532,-0.02024041004745582,-0.020121114983447097,-0.01975815840712855,27
global,-0.020460997925491532,-0.02024041004745582,-0.01975815840712855,-0.019395201830809998,11
global,-0.020460997925491532,-0.02024041004745582,-0.019395201830809998,-0.019032245254491452,13
global,-0.020460997925491532,-0.02024041004745582,-0.019032245254491452,-0.018669288678172906,2
global,-0.02024041004745582,-0.020019822169420106,-0.023387724170314032,-0.023024767593995483,4
global,-0.02024041004745582,-0.020019822169420106,-0.023024767593995483,-0.022661811017676933,2
global,-0.02024041004745582,-0.020019822169420106,-0.022661811017676933,-0.022298854441358387,6
global,-0.02024041004745582,-0.020019822169420106,-0.022298854441358387,-0.021935897865039838,11
global,-0.02024041004745582,-0.020019822169420106,-0.021935897865039838,-0.021572941288721288,30
global,-0.02024041004745582,-0.020019822169420106,-0.021572941288721288,-0.021209984712402742,39
global,-0.02024041004745582,-0.020019822169420106,-0.021209984712402742,-0.020847028136084196,46
global,-0.02024041004745582,-0.020019822169420106,-0.020847028136084196,-0.020484071559765643,53
global,-0.02024041004745582,-0.020019822169420106,-0.020484071559765643,-0.020121114983447097,39
global,-0.02024041004745582,-0.020019822169420106,-0.020121114983447097,-0.01975815840712855,33
global,-0.02024041004745582,-0.020019822169420106,-0.01975815840712855,-0.019395201830809998,33
global,-0.02024041004745582,-0.020019822169420106,-0.019395201830809998,-0.019032245254491452,15
global,-0.02024041004745582,-0.020019822169420106,-0.019032245254491452,-0.018669288678172906,10
global,-0.02024041004745582,-0.020019822169420106,-0.018669288678172906,-0.018306332101854353,7
global,-0.02024041004745582,-0.020019822169420106,-0.018306332101854353,-0.017943375525535807,2
global,-0.020019822169420106,-0.019799234291384395,-0.024476593899269677,-0.024113637322951128,1
global,-0.020019822169420106,-0.019799234291384395,-0.024113637322951128,-0.02375068074663258,1
global,-0.020019822169420106,-0.019799234291384395,-0.023387724170314032,-0.023024767593995483,2
global,-0.020019822169420106,-0.019799234291384395,-0.023024767593995483,-0.022661811017676933,1
global,-0.020019822169420106,-0.019799234291384395,-0.022298854441358387,-0.021935897865039838,3
global,-0.020019822169420106,-0.019799234291384395,-0.021935897865039838,-0.021572941288721288,13
global,-0.020019822169420106,-0.019799234291384395,-0.021572941288721288,-0.021209984712402742,29
global,-0.020019822169420106,-0.019799234291384395,-0.021209984712402742,-0.020847028136084196,42
global,-0.020019822169420106,-0.019799234291384395,-0.020847028136084196,-0.020484071559765643,54
global,-0.020019822169420106,-0.019799234291384395,-0.020484071559765643,-0.020121114983447097,73
global,-0.020019822169420106,-0.019799234291384395,-0.020121114983447097,-0.01975815840712855,66
global,-0.020019822169420106,-0.019799234291384395,-0.01975815840712855,-0.019395201830809998,43
global,-0.020019822169420106,-0.019799234291384395,-0.019395201830809998,-0.019032245254491452,34
global,-0.020019822169420106,-0.019799234291384395,-0.019032245254491452,-0.018669288678172906,23
global,-0.020019822169420106,-0.019799234291384395,-0.018669288678172906,-0.018306332101854353,8
global,-0.020019822169420106,-0.019799234291384395,-0.018306332101854353,-0.017943375525535807,6
global,-0.020019822169420106,-0.019799234291384395,-0.017943375525535807,-0.01758041894921726,2
global,-0.020019822169420106,-0.019799234291384395,-0.017217462372898708,-0.016854505796580162,1
global,-0.019799234291384395,-0.01957864641334868,-0.022661811017676933,-0.022298854441358387,1
global,-0.019799234291384395,-0.01957864641334868,-0.022298854441358387,-0.021935897865039838,5
global,-0.019799234291384395,-0.01957864641334868,-0.021935897865039838,-0.021572941288721288,5
global,-0.019799234291384395,-0.01957864641334868,-0.021572941288721288,-0.021209984712402742,22
global,-0.019799234291384395,-0.01957864641334868,-0.021209984712402742,-0.020847028136084196,26
global,-0.019799234291384395,-0.01957864641334868,-0.020847028136084196,-0.020484071559765643,53
global,-0.019799234291384395,-0.01957864641334868,-0.020484071559765643,-0.020121114983447097,80
global,-0.019799234291384395,-0.01957864641334868,-0.020121114983447097,-0.01975815840712855,84
global,-0.019799234291384395,-0.01957864641334868,-0.01975815840712855,-0.019395201830809998,66
global,-0.019799234291384395,-0.01957864641334868,-0.019395201830809998,-0.019032245254491452,57
global,-0.019799234291384395,-0.01957864641334868,-0.019032245254491452,-0.018669288678172906,35
global,-0.019799234291384395,-0.01957864641334868,-0.018669288678172906,-0.018306332101854353,18
global,-0.019799234291384395,-0.01957864641334868,-0.018306332101854353,-0.017943375525535807,10
global,-0.019799234291384395,-0.01957864641334868,-0.017943375525535807,-0.01758041894921726,7
global,-0.019799234291384395,-0.01957864641334868,-0.01758041894921726,-0.017217462372898708,2
global,-0.01957864641334868,-0.019358058535312965,-0.023024767593995483,-0.022661811017676933,1
global,-0.01957864641334868,-0.019358058535312965,-0.022298854441358387,-0.021935897865039838,1
global,-0.01957864641334868,-0.019358058535312965,-0.021935897865039838,-0.021572941288721288,6
global,-0.01957864641334868,-0.019358058535312965,-0.021572941288721288,-0.021209984712402742,14
global,-0.01957864641334868,-0.019358058535312965,-0.021209984712402742,-0.020847028136084196,26
global,-0.01957864641334868,-0.019358058535312965,-0.020847028136084196,-0.020484071559765643,45
global,-0.01957864641334868,-0.019358058535312965,-0.020484071559765643,-0.020121114983447097,67
global,-0.01957864641334868,-0.019358058535312965,-0.020121114983447097,-0.01975815840712855,99
global,-0.01957864641334868,-0.019358058535312965,-0.01975815840712855,-0.019395201830809998,92
global,-0.01957864641334868,-0.019358058535312965,-0.019395201830809998,-0.019032245254491452,88
global,-0.01957864641334868,-0.019358058535312965,-0.019032245254491452,-0.018669288678172906,69
global,-0.01957864641334868,-0.019358058535312965,-0.018669288678172906,-0.018306332101854353,36
global,-0.01957864641334868,-0.019358058535312965,-0.018306332101854353,-0.017943375525535807,19
global,-0.01957864641334868,-0.019358058535312965,-0.017943375525535807,-0.01758041894921726,8
global,-0.01957864641334868,-0.019358058535312965,-0.01758041894921726,-0.017217462372898708,2
global,-0.019358058535312965,-0.019137470657277254,-0.021572941288721288,-0.021209984712402742,2
global,-0.019358058535312965,-0.019137470657277254,-0.021209984712402742,-0.020847028136084196,11
global,-0.019358058535312965,-0.019137470657277254,-0.020847028136084196,-0.020484071559765643,32
global,-0.019358058535312965,-0.019137470657277254,-0.020484071559765643,-0.020121114983447097,56
global,-0.019358058535312965,-0.019137470657277254,-0.020121114983447097,-0.01975815840712855,101
global,-0.019358058535312965,-0.019137470657277254,-0.01975815840712855,-0.019395201830809998,120
global,-0.019358058535312965,-0.019137470657277254,-0.019395201830809998,-0.019032245254491452,119
global,-0.019358058535312965,-0.019137470657277254,-0.019032245254491452,-0.018669288678172906,97
global,-0.019358058535312965,-0.019137470657277254,-0.018669288678172906,-0.018306332101854353,58
global,-0.019358058535312965,-0.019137470657277254,-0.018306332101854353,-0.017943375525535807,40
global,-0.019358058535312965,-0.019137470657277254,-0.017943375525535807,-0.01758041894921726,17
global,-0.019358058535312965,-0.019137470657277254,-0.01758041894921726,-0.017217462372898708,9
global,-0.019358058535312965,-0.019137470657277254,-0.017217462372898708,-0.016854505796580162,2
global,-0.019137470657277254,-0.018916882779241542,-0.021572941288721288,-0.021209984712402742,5
global,-0.019137470657277254,-0.018916882779241542,-0.021209984712402742,-0.020847028136084196,12
global,-0.019137470657277254,-0.018916882779241542,-0.020847028136084196,-0.020484071559765643,18
global,-0.019137470657277254,-0.018916882779241542,-0.020484071559765643,-0.020121114983447097,45
global,-0.019137470657277254,-0.018916882779241542,-0.020121114983447097,-0.01975815840712855,66
global,-0.019137470657277254,-0.018916882779241542,-0.01975815840712855,-0.019395201830809998,93
global,-0.019137470657277254,-0.018916882779241542,-0.019395201830809998,-0.019032245254491452,121
global,-0.019137470657277254,-0.018916882779241542,-0.019032245254491452,-0.018669288678172906,107
global,-0.019137470657277254,-0.018916882779241542,-0.018669288678172906,-0.018306332101854353,92
global,-0.019137470657277254,-0.018916882779241542,-0.018306332101854353,-0.017943375525535807,49
global,-0.019137470657277254,-0.018916882779241542,-0.017943375525535807,-0.01758041894921726,28
global,-0.019137470657277254,-0.018916882779241542,-0.01758041894921726,-0.017217462372898708,8
global,-0.019137470657277254,-0.018916882779241542,-0.017217462372898708,-0.016854505796580162,3
global,-0.018916882779241542,-0.018696294901205827,-0.021209984712402742,-0.020847028136084196,3
global,-0.018916882779241542,-0.018696294901205827,-0.020847028136084196,-0.020484071559765643,8
global,-0.018916882779241542,-0.018696294901205827,-0.020484071559765643,-0.020121114983447097,25
global,-0.018916882779241542,-0.018696294901205827,-0.020121114983447097,-0.01975815840712855,50
global,-0.018916882779241542,-0.018696294901205827,-0.01975815840712855,-0.019395201830809998,82
global,-0.018916882779241542,-0.018696294901205827,-0.019395201830809998,-0.019032245254491452,110
global,-0.018916882779241542,-0.018696294901205827,-0.019032245254491452,-0.018669288678172906,113
global,-0.018916882779241542,-0.018696294901205827,-0.018669288678172906,-0.018306332101854353,134
global,-0.018916882779241542,-0.018696294901205827,-0.018306332101854353,-0.017943375525535807,83
global,-0.018916882779241542,-0.018696294901205827,-0.017943375525535807,-0.01758041894921726,46
global,-0.018916882779241542,-0.018696294901205827,-0.01758041894921726,-0.017217462372898708,28
global,-0.018916882779241542,-0.018696294901205827,-0.017217462372898708,-0.016854505796580162,9
global,-0.018916882779241542,-0.018696294901205827,-0.016854505796580162,-0.016491549220261616,5
global,-0.018916882779241542,-0.018696294901205827,-0.016491549220261616,-0.016128592643943066,1
global,-0.018916882779241542,-0.018696294901205827,-0.016128592643943066,-0.015765636067624517,1
global,-0.018696294901205827,-0.018475707023170113,-0.021935897865039838,-0.021572941288721288,1
global,-0.018696294901205827,-0.018475707023170113,-0.020847028136084196,-0.020484071559765643,4
global,-0.018696294901205827,-0.018475707023170113,-0.020484071559765643,-0.020121114983447097,7
global,-0.018696294901205827,-0.018475707023170113,-0.020121114983447097,-0.01975815840712855,26
global,-0.018696294901205827,-0.018475707023170113,-0.01975815840712855,-0.019395201830809998,71
global,-0.018696294901205827,-0.018475707023170113,-0.019395201830809998,-0.019032245254491452,83
global,-0.018696294901205827,-0.018475707023170113,-0.019032245254491452,-0.018669288678172906,132
global,-0.018696294901205827,-0.018475707023170113,-0.018669288678172906,-0.018306332101854353,143
global,-0.018696294901205827,-0.018475707023170113,-0.018306332101854353,-0.017943375525535807,105
global,-0.018696294901205827,-0.018475707023170113,-0.017943375525535807,-0.01758041894921726,54
global,-0.018696294901205827,-0.018475707023170113,-0.01758041894921726,-0.017217462372898708,42
global,-0.018696294901205827,-0.018475707023170113,-0.017217462372898708,-0.016854505796580162,19
global,-0.018696294901205827,-0.018475707023170113,-0.016854505796580162,-0.016491549220261616,7
global,-0.018696294901205827,-0.018475707023170113,-0.016491549220261616,-0.016128592643943066,3
global,-0.018696294901205827,-0.018475707023170113,-0.015765636067624517,-0.015402679491305969,2
global,-0.018475707023170113,-0.0182551191451344,-0.020847028136084196,-0.020484071559765643,2
global,-0.018475707023170113,-0.0182551191451344,-0.020484071559765643,-0.020121114983447097,5
global,-0.018475707023170113,-0.0182551191451344,-0.020121114983447097,-0.01975815840712855,16
global,-0.018475707023170113,-0.0182551191451344,-0.01975815840712855,-0.019395201830809998,29
global,-0.018475707023170113,-0.0182551191451344,-0.019395201830809998,-0.019032245254491452,39
global,-0.018475707023170113,-0.0182551191451344,-0.019032245254491452,-0.018669288678172906,79
global,-0.018475707023170113,-0.0182551191451344,-0.018669288678172906,-0.018306332101854353,102
global,-0.018475707023170113,-0.0182551191451344,-0.018306332101854353,-0.017943375525535807,94
global,-0.018475707023170113,-0.0182551191451344,-0.017943375525535807,-0.01758041894921726,70
global,-0.018475707023170113,-0.0182551191451344,-0.01758041894921726,-0.017217462372898708,58
global,-0.018475707023170113,-0.0182551191451344,-0.017217462372898708,-0.016854505796580162,30
global,-0.018475707023170113,-0.0182551191451344,-0.016854505796580162,-0.016491549220261616,20
global,-0.018475707023170113,-0.0182551191451344,-0.016491549220261616,-0.016128592643943066,6
global,-0.018475707023170113,-0.0182551191451344,-0.016128592643943066,-0.015765636067624517,2
global,-0.018475707023170113,-0.0182551191451344,-0.015765636067624517,-0.015402679491305969,2
global,-0.0182551191451344,-0.018034531267098686,-0.021209984712402742,-0.020847028136084196,1
global,-0.0182551191451344,-0.018034531267098686,-0.020847028136084196,-0.020484071559765643,2
global,-0.0182551191451344,-0.018034531267098686,-0.020484071559765643,-0.020121114983447097,1
global,-0.0182551191451344,-0.018034531267098686,-0.020121114983447097,-0.01975815840712855,5
global,-0.0182551191451344,-0.018034531267098686,-0.01975815840712855,-0.019395201830809998,21
global,-0.0182551191451344,-0.018034531267098686,-0.019395201830809998,-0.019032245254491452,31
global,-0.0182551191451344,-0.018034531267098686,-0.019032245254491452,-0.018669288678172906,63
global,-0.0182551191451344,-0.018034531267098686,-0.018669288678172906,-0.018306332101854353,78
global,-0.0182551191451344,-0.018034531267098686,-0.018306332101854353,-0.017943375525535807,88
global,-0.0182551191451344,-0.018034531267098686,-0.017943375525535807,-0.01758041894921726,76
global,-0.0182551191451344,-0.018034531267098686,-0.01758041894921726,-0.017217462372898708,61
global,-0.0182551191451344,-0.018034531267098686,-0.017217462372898708,-0.016854505796580162,38
global,-0.0182551191451344,-0.018034531267098686,-0.016854505796580162,-0.016491549220261616,32
global,-0.0182551191451344,-0.018034531267098686,-0.016491549220261616,-0.016128592643943066,12
global,-0.0182551191451344,-0.018034531267098686,-0.016128592643943066,-0.015765636067624517,6
global,-0.0182551191451344,-0.018034531267098686,-0.015765636067624517,-0.015402679491305969,1
global,-0.0182551191451344,-0.018034531267098686,-0.015402679491305969,-0.015039722914987421,3
global,-0.018034531267098686,-0.017813943389062975,-0.020484071559765643,-0.020121114983447097,1
global,-0.018034531267098686,-0.017813943389062975,-0.020121114983447097,-0.01975815840712855,3
global,-0.018034531267098686,-0.017813943389062975,-0.01975815840712855,-0.019395201830809998,6
global,-0.018034531267098686,-0.017813943389062975,-0.019395201830809998,-0.019032245254491452,17
global,-0.018034531267098686,-0.017813943389062975,-0.019032245254491452,-0.018669288678172906,33
global,-0.018034531267098686,-0.017813943389062975,-0.018669288678172906,-0.018306332101854353,50
global,-0.018034531267098686,-0.017813943389062975,-0.018306332101854353,-0.017943375525535807,60
global,-0.018034531267098686,-0.017813943389062975,-0.017943375525535807,-0.01758041894921726,72
global,-0.018034531267098686,-0.017813943389062975,-0.01758041894921726,-0.017217462372898708,52
global,-0.018034531267098686,-0.017813943389062975,-0.017217462372898708,-0.016854505796580162,60
global,-0.018034531267098686,-0.017813943389062975,-0.016854505796580162,-0.016491549220261616,41
global,-0.018034531267098686,-0.017813943389062975,-0.016491549220261616,-0.016128592643943066,18
global,-0.018034531267098686,-0.017813943389062975,-0.016128592643943066,-0.015765636067624517,7
global,-0.018034531267098686,-0.017813943389062975,-0.015765636067624517,-0.015402679491305969,6
global,-0.018034531267098686,-0.017813943389062975,-0.015402679491305969,-0.015039722914987421,1
global,-0.018034531267098686,-0.017813943389062975,-0.015039722914987421,-0.014676766338668872,1
global,-0.017813943389062975,-0.01759335551102726,-0.020121114983447097,-0.01975815840712855,2
global,-0.017813943389062975,-0.01759335551102726,-0.01975815840712855,-0.019395201830809998,1
global,-0.017813943389062975,-0.01759335551102726,-0.019395201830809998,-0.019032245254491452,6
global,-0.017813943389062975,-0.01759335551102726,-0.019032245254491452,-0.018669288678172906,16
global,-0.017813943389062975,-0.01759335551102726,-0.018669288678172906,-0.018306332101854353,15
global,-0.017813943389062975,-0.01759335551102726,-0.018306332101854353,-0.017943375525535807,39
global,-0.017813943389062975,-0.01759335551102726,-0.017943375525535807,-0.01758041894921726,42
global,-0.017813943389062975,-0.01759335551102726,-0.01758041894921726,-0.017217462372898708,41
global,-0.017813943389062975,-0.01759335551102726,-0.017217462372898708,-0.016854505796580162,33
global,-0.017813943389062975,-0.01759335551102726,-0.016854505796580162,-0.016491549220261616,26
global,-0.017813943389062975,-0.01759335551102726,-0.016491549220261616,-0.016128592643943066,24
global,-0.017813943389062975,-0.01759335551102726,-0.016128592643943066,-0.015765636067624517,13
global,-0.017813943389062975,-0.01759335551102726,-0.015765636067624517,-0.015402679491305969,6
global,-0.017813943389062975,-0.01759335551102726,-0.015402679491305969,-0.015039722914987421,3
global,-0.017813943389062975,-0.01759335551102726,-0.015039722914987421,-0.014676766338668872,2
global,-0.017813943389062975,-0.01759335551102726,-0.014676766338668872,-0.014313809762350322,1
global,-0.01759335551102726,-0.017372767632991545,-0.020847028136084196,-0.020484071559765643,1
global,-0.01759335551102726,-0.017372767632991545,-0.01975815840712855,-0.019395201830809998,1
global,-0.01759335551102726,-0.017372767632991545,-0.019395201830809998,-0.019032245254491452,1
global,-0.01759335551102726,-0.017372767632991545,-0.019032245254491452,-0.018669288678172906,7
global,-0.01759335551102726,-0.017372767632991545,-0.018669288678172906,-0.018306332101854353,13
global,-0.01759335551102726,-0.017372767632991545,-0.018306332101854353,-0.017943375525535807,19
global,-0.01759335551102726,-0.017372767632991545,-0.017943375525535807,-0.01758041894921726,36
global,-0.01759335551102726,-0.017372767632991545,-0.01758041894921726,-0.017217462372898708,27
global,-0.01759335551102726,-0.017372767632991545,-0.017217462372898708,-0.016854505796580162,50
global,-0.01759335551102726,-0.017372767632991545,-0.016854505796580162,-0.016491549220261616,35
global,-0.01759335551102726,-0.017372767632991545,-0.016491549220261616,-0.016128592643943066,33
global,-0.01759335551102726,-0.017372767632991545,-0.016128592643943066,-0.015765636067624517,14
global,-0.01759335551102726,-0.017372767632991545,-0.015765636067624517,-0.015402679491305969,6
global,-0.01759335551102726,-0.017372767632991545,-0.015402679491305969,-0.015039722914987421,5
global,-0.01759335551102726,-0.017372767632991545,-0.015039722914987421,-0.014676766338668872,5
global,-0.017372767632991545,-0.017152179754955834,-0.019395201830809998,-0.019032245254491452,4
global,-0.017372767632991545,-0.017152179754955834,-0.018669288678172906,-0.018306332101854353,5
global,-0.017372767632991545,-0.017152179754955834,-0.018306332101854353,-0.017943375525535807,8
global,-0.017372767632991545,-0.017152179754955834,-0.017943375525535807,-0.01758041894921726,12
global,-0.017372767632991545,-0.017152179754955834,-0.01758041894921726,-0.017217462372898708,20
global,-0.017372767632991545,-0.017152179754955834,-0.017217462372898708,-0.016854505796580162,22
global,-0.017372767632991545,-0.017152179754955834,-0.016854505796580162,-0.016491549220261616,32
global,-0.017372767632991545,-0.017152179754955834,-0.016491549220261616,-0.016128592643943066,35
global,-0.017372767632991545,-0.017152179754955834,-0.016128592643943066,-0.015765636067624517,21
global,-0.017372767632991545,-0.017152179754955834,-0.015765636067624517,-0.015402679491305969,11
global,-0.017372767632991545,-0.017152179754955834,-0.015402679491305969,-0.015039722914987421,10
global,-0.017372767632991545,-0.017152179754955834,-0.015039722914987421,-0.014676766338668872,4
global,-0.017372767632991545,-0.017152179754955834,-0.014676766338668872,-0.014313809762350322,3
global,-0.017372767632991545,-0.017152179754955834,-0.014313809762350322,-0.013950853186031776,1
global,-0.017152179754955834,-0.01693159187692012,-0.018669288678172906,-0.018306332101854353,1
global,-0.017152179754955834,-0.01693159187692012,-0.018306332101854353,-0.017943375525535807,6
global,-0.017152179754955834,-0.01693159187692012,-0.017943375525535807,-0.01758041894921726,9
global,-0.017152179754955834,-0.01693159187692012,-0.01758041894921726,-0.017217462372898708,9
global,-0.017152179754955834,-0.01693159187692012,-0.017217462372898708,-0.016854505796580162,10
global,-0.017152179754955834,-0.01693159187692012,-0.016854505796580162,-0.016491549220261616,18
global,-0.017152179754955834,-0.01693159187692012,-0.016491549220261616,-0.016128592643943066,23
global,-0.017152179754955834,-0.01693159187692012,-0.016128592643943066,-0.015765636067624517,15
global,-0.017152179754955834,-0.01693159187692012,-0.015765636067624517,-0.015402679491305969,19
global,-0.017152179754955834,-0.01693159187692012,-0.015402679491305969,-0.015039722914987421,11
global,-0.017152179754955834,-0.01693159187692012,-0.015039722914987421,-0.014676766338668872,5
global,-0.017152179754955834,-0.01693159187692012,-0.014676766338668872,-0.014313809762350322,4
global,-0.017152179754955834,-0.01693159187692012,-0.01286198345707613,-0.012499026880757581,1
global,-0.01693159187692012,-0.016711003998884408,-0.018306332101854353,-0.017943375525535807,3
global,-0.01693159187692012,-0.016711003998884408,-0.017943375525535807,-0.01758041894921726,4
global,-0.01693159187692012,-0.016711003998884408,-0.01758041894921726,-0.017217462372898708,4
global,-0.01693159187692012,-0.016711003998884408,-0.017217462372898708,-0.016854505796580162,10
global,-0.01693159187692012,-0.016711003998884408,-0.016854505796580162,-0.016491549220261616,10
global,-0.01693159187692012,-0.016711003998884408,-0.016491549220261616,-0.016128592643943066,11
global,-0.01693159187692012,-0.016711003998884408,-0.016128592643943066,-0.015765636067624517,12
global,-0.01693159187692012,-0.016711003998884408,-0.015765636067624517,-0.015402679491305969,15
global,-0.01693159187692012,-0.016711003998884408,-0.015402679491305969,-0.015039722914987421,9
global,-0.01693159187692012,-0.016711003998884408,-0.015039722914987421,-0.014676766338668872,5
global,-0.01693159187692012,-0.016711003998884408,-0.014676766338668872,-0.014313809762350322,4
global,-0.01693159187692012,-0.016711003998884408,-0.014313809762350322,-0.013950853186031776,1
global,-0.01693159187692012,-0.016711003998884408,-0.013950853186031776,-0.013587896609713226,1
global,-0.016711003998884408,-0.016490416120848693,-0.017217462372898708,-0.016854505796580162,1
global,-0.016711003998884408,-0.016490416120848693,-0.016854505796580162,-0.016491549220261616,7
global,-0.016711003998884408,-0.016490416120848693,-0.016491549220261616,-0.016128592643943066,8
global,-0.016711003998884408,-0.016490416120848693,-0.016128592643943066,-0.015765636067624517,9
global,-0.016711003998884408,-0.016490416120848693,-0.015765636067624517,-0.015402679491305969,14
global,-0.016711003998884408,-0.016490416120848693,-0.015402679491305969,-0.015039722914987421,16
global,-0.016711003998884408,-0.016490416120848693,-0.015039722914987421,-0.014676766338668872,7
global,-0.016711003998884408,-0.016490416120848693,-0.014676766338668872,-0.014313809762350322,4
global,-0.016711003998884408,-0.016490416120848693,-0.014313809762350322,-0.013950853186031776,3
global,-0.016711003998884408,-0.016490416120848693,-0.013950853186031776,-0.013587896609713226,2
global,-0.016490416120848693,-0.016269828242812978,-0.01758041894921726,-0.017217462372898708,1
global,-0.016490416120848693,-0.016269828242812978,-0.017217462372898708,-0.016854505796580162,1
global,-0.016490416120848693,-0.016269828242812978,-0.016854505796580162,-0.016491549220261616,3
global,-0.016490416120848693,-0.016269828242812978,-0.016491549220261616,-0.016128592643943066,7
global,-0.016490416120848693,-0.016269828242812978,-0.016128592643943066,-0.015765636067624517,9
global,-0.016490416120848693,-0.016269828242812978,-0.015765636067624517,-0.015402679491305969,8
global,-0.016490416120848693,-0.016269828242812978,-0.015402679491305969,-0.015039722914987421,9
global,-0.016490416120848693,-0.016269828242812978,-0.015039722914987421,-0.014676766338668872,11
global,-0.016490416120848693,-0.016269828242812978,-0.014676766338668872,-0.014313809762350322,8
global,-0.016490416120848693,-0.016269828242812978,-0.014313809762350322,-0.013950853186031776,5
global,-0.016490416120848693,-0.016269828242812978,-0.013950853186031776,-0.013587896609713226,1
global,-0.016490416120848693,-0.016269828242812978,-0.013587896609713226,-0.013224940033394677,1
global,-0.016269828242812978,-0.016049240364777267,-0.016128592643943066,-0.015765636067624517,6
global,-0.016269828242812978,-0.016049240364777267,-0.015765636067624517,-0.015402679491305969,4
global,-0.016269828242812978,-0.016049240364777267,-0.015402679491305969,-0.015039722914987421,8
global,-0.016269828242812978,-0.016049240364777267,-0.015039722914987421,-0.014676766338668872,3
global,-0.016269828242812978,-0.016049240364777267,-0.014676766338668872,-0.014313809762350322,5
global,-0.016269828242812978,-0.016049240364777267,-0.014313809762350322,-0.013950853186031776,6
global,-0.016269828242812978,-0.016049240364777267,-0.013950853186031776,-0.013587896609713226,2
global,-0.016269828242812978,-0.016049240364777267,-0.013224940033394677,-0.01286198345707613,1
global,-0.016269828242812978,-0.016049240364777267,-0.012499026880757581,-0.012136070304439035,1
global,-0.016049240364777267,-0.015828652486741555,-0.016854505796580162,-0.016491549220261616,1
global,-0.016049240364777267,-0.015828652486741555,-0.016491549220261616,-0.016128592643943066,3
global,-0.016049240364777267,-0.015828652486741555,-0.016128592643943066,-0.015765636067624517,3
global,-0.016049240364777267,-0.015828652486741555,-0.015765636067624517,-0.015402679491305969,1
global,-0.016049240364777267,-0.015828652486741555,-0.015402679491305969,-0.015039722914987421,2
global,-0.016049240364777267,-0.015828652486741555,-0.015039722914987421,-0.014676766338668872,6
global,-0.016049240364777267,-0.015828652486741555,-0.014676766338668872,-0.014313809762350322,5
global,-0.016049240364777267,-0.015828652486741555,-0.014313809762350322,-0.013950853186031776,5
global,-0.016049240364777267,-0.015828652486741555,-0.013950853186031776,-0.013587896609713226,4
global,-0.016049240364777267,-0.015828652486741555,-0.013587896609713226,-0.013224940033394677,2
global,-0.016049240364777267,-0.015828652486741555,-0.013224940033394677,-0.01286198345707613,3
global,-0.015828652486741555,-0.015608064608705839,-0.015765636067624517,-0.015402679491305969,1
global,-0.015828652486741555,-0.015608064608705839,-0.015402679491305969,-0.015039722914987421,1
global,-0.015828652486741555,-0.015608064608705839,-0.015039722914987421,-0.014676766338668872,1
global,-0.015828652486741555,-0.015608064608705839,-0.014676766338668872,-0.014313809762350322,3
global,-0.015828652486741555,-0.015608064608705839,-0.014313809762350322,-0.013950853186031776,5
global,-0.015828652486741555,-0.015608064608705839,-0.013950853186031776,-0.013587896609713226,3
global,-0.015828652486741555,-0.015608064608705839,-0.013587896609713226,-0.013224940033394677,2
global,-0.015828652486741555,-0.015608064608705839,-0.013224940033394677,-0.01286198345707613,4
global,-0.015828652486741555,-0.015608064608705839,-0.012499026880757581,-0.012136070304439035,1
global,-0.015828652486741555,-0.015608064608705839,-0.012136070304439035,-0.011773113728120486,2
global,-0.015608064608705839,-0.015387476730670126,-0.015402679491305969,-0.015039722914987421,1
global,-0.015608064608705839,-0.015387476730670126,-0.015039722914987421,-0.014676766338668872,3
global,-0.015608064608705839,-0.015387476730670126,-0.014676766338668872,-0.014313809762350322,3
global,-0.015608064608705839,-0.015387476730670126,-0.014313809762350322,-0.013950853186031776,1
global,-0.015608064608705839,-0.015387476730670126,-0.013950853186031776,-0.013587896609713226,3
global,-0.015608064608705839,-0.015387476730670126,-0.013587896609713226,-0.013224940033394677,3
global,-0.015608064608705839,-0.015387476730670126,-0.013224940033394677,-0.01286198345707613,1
global,-0.015608064608705839,-0.015387476730670126,-0.01286198345707613,-0.012499026880757581,1
global,-0.015387476730670126,-0.015166888852634413,-0.017217462372898708,-0.016854505796580162,1
global,-0.015387476730670126,-0.015166888852634413,-0.014676766338668872,-0.014313809762350322,2
global,-0.015387476730670126,-0.015166888852634413,-0.013950853186031776,-0.013587896609713226,2
global,-0.015387476730670126,-0.015166888852634413,-0.013587896609713226,-0.013224940033394677,3
global,-0.015387476730670126,-0.015166888852634413,-0.013224940033394677,-0.01286198345707613,2
global,-0.015387476730670126,-0.015166888852634413,-0.01286198345707613,-0.012499026880757581,2
global,-0.015387476730670126,-0.015166888852634413,-0.012499026880757581,-0.012136070304439035,1
global,-0.015166888852634413,-0.0149463009745987,-0.013950853186031776,-0.013587896609713226,1
global,-0.015166888852634413,-0.0149463009745987,-0.013587896609713226,-0.013224940033394677,1
global,-0.015166888852634413,-0.0149463009745987,-0.01286198345707613,-0.012499026880757581,2
global,-0.0149463009745987,-0.014725713096562986,-0.013950853186031776,-0.013587896609713226,2
global,-0.0149463009745987,-0.014725713096562986,-0.01286198345707613,-0.012499026880757581,1
global,-0.0149463009745987,-0.014725713096562986,-0.012499026880757581,-0.012136070304439035,2
global,-0.0149463009745987,-0.014725713096562986,-0.01068424399916484,-0.010321287422846291,1
global,-0.014725713096562986,-0.014505125218527273,-0.013224940033394677,-0.01286198345707613,1
global,-0.014725713096562986,-0.014505125218527273,-0.012499026880757581,-0.012136070304439035,2
global,-0.014725713096562986,-0.014505125218527273,-0.012136070304439035,-0.011773113728120486,1
global,-0.014505125218527273,-0.014284537340491558,-0.012136070304439035,-0.011773113728120486,1
global,-0.014505125218527273,-0.014284537340491558,-0.009958330846527745,-0.009595374270209196,1
global,-0.014284537340491558,-0.014063949462455845,-0.012499026880757581,-0.012136070304439035,1
global,-0.014284537340491558,-0.014063949462455845,-0.012136070304439035,-0.011773113728120486,1
global,-0.014284537340491558,-0.014063949462455845,-0.011410157151801936,-0.01104720057548339,1
global,-0.014063949462455845,-0.013843361584420132,-0.011773113728120486,-0.011410157151801936,1
global,-0.013843361584420132,-0.01362277370638442,-0.012499026880757581,-0.012136070304439035,1
global,-0.013843361584420132,-0.01362277370638442,-0.012136070304439035,-0.011773113728120486,1
global,-0.013843361584420132,-0.01362277370638442,-0.011410157151801936,-0.01104720057548339,1
global,-0.013843361584420132,-0.01362277370638442,-0.009958330846527745,-0.009595374270209196,1
global,-0.01362277370638442,-0.013402185828348706,-0.013224940033394677,-0.01286198345707613,1
global,-0.01362277370638442,-0.013402185828348706,-0.01104720057548339,-0.01068424399916484,1
global,-0.013402185828348706,-0.013181597950312993,-0.009595374270209196,-0.009232417693890646,1
global,-0.013181597950312993,-0.01296101007227728,-0.009958330846527745,-0.009595374270209196,2
global,-0.012740422194241565,-0.012519834316205852,-0.009232417693890646,-0.0088694611175721,1
global,-0.011858070682098713,-0.011637482804063,-0.009232417693890646,-0.0088694611175721,1
topDelta,-0.0367792063081499,-0.0364331807468426,-0.0434618362543037,-0.042951758453730116,1
topDelta,-0.03539510406292069,-0.03504907850161339,-0.04193160285258295,-0.04142152505200936,1
topDelta,-0.03435702737899878,-0.034011001817691476,-0.037850980447994266,-0.03734090264742068,1
topDelta,-0.034011001817691476,-0.03366497625638417,-0.03836105824856785,-0.037850980447994266,1
topDelta,-0.03331895069507687,-0.032972925133769565,-0.0368308248468471,-0.03632074704627351,1
topDelta,-0.032972925133769565,-0.03262689957246226,-0.035300591445126345,-0.034790513644552754,1
topDelta,-0.032972925133769565,-0.03262689957246226,-0.03428043584397917,-0.033770358043405585,1
topDelta,-0.03228087401115496,-0.031934848449847654,-0.03632074704627351,-0.03581066924569993,2
topDelta,-0.031934848449847654,-0.031588822888540355,-0.034790513644552754,-0.03428043584397917,1
topDelta,-0.031934848449847654,-0.031588822888540355,-0.03428043584397917,-0.033770358043405585,1
topDelta,-0.031934848449847654,-0.031588822888540355,-0.033770358043405585,-0.033260280242832,1
topDelta,-0.031934848449847654,-0.031588822888540355,-0.032750202442258416,-0.03224012464168483,1
topDelta,-0.031588822888540355,-0.03124279732723305,-0.033770358043405585,-0.033260280242832,1
topDelta,-0.031588822888540355,-0.03124279732723305,-0.033260280242832,-0.032750202442258416,1
topDelta,-0.031588822888540355,-0.03124279732723305,-0.032750202442258416,-0.03224012464168483,1
topDelta,-0.031588822888540355,-0.03124279732723305,-0.031219969040537664,-0.03070989123996408,1
topDelta,-0.03124279732723305,-0.030896771765925746,-0.035300591445126345,-0.034790513644552754,1
topDelta,-0.03124279732723305,-0.030896771765925746,-0.03428043584397917,-0.033770358043405585,2
topDelta,-0.03124279732723305,-0.030896771765925746,-0.033770358043405585,-0.033260280242832,1
topDelta,-0.03124279732723305,-0.030896771765925746,-0.033260280242832,-0.032750202442258416,2
topDelta,-0.030896771765925746,-0.030550746204618444,-0.035300591445126345,-0.034790513644552754,1
topDelta,-0.030896771765925746,-0.030550746204618444,-0.03428043584397917,-0.033770358043405585,1
topDelta,-0.030896771765925746,-0.030550746204618444,-0.032750202442258416,-0.03224012464168483,1
topDelta,-0.030896771765925746,-0.030550746204618444,-0.03224012464168483,-0.03173004684111125,3
topDelta,-0.030896771765925746,-0.030550746204618444,-0.03173004684111125,-0.031219969040537664,1
topDelta,-0.030550746204618444,-0.030204720643311138,-0.033770358043405585,-0.033260280242832,1
topDelta,-0.030550746204618444,-0.030204720643311138,-0.033260280242832,-0.032750202442258416,2
topDelta,-0.030550746204618444,-0.030204720643311138,-0.032750202442258416,-0.03224012464168483,1
topDelta,-0.030550746204618444,-0.030204720643311138,-0.03224012464168483,-0.03173004684111125,5
topDelta,-0.030550746204618444,-0.030204720643311138,-0.03173004684111125,-0.031219969040537664,1
topDelta,-0.030550746204618444,-0.030204720643311138,-0.03070989123996408,-0.03019981343939049,2
topDelta,-0.030204720643311138,-0.029858695082003835,-0.033770358043405585,-0.033260280242832,1
topDelta,-0.030204720643311138,-0.029858695082003835,-0.033260280242832,-0.032750202442258416,1
topDelta,-0.030204720643311138,-0.029858695082003835,-0.032750202442258416,-0.03224012464168483,3
topDelta,-0.030204720643311138,-0.029858695082003835,-0.03224012464168483,-0.03173004684111125,3
topDelta,-0.030204720643311138,-0.029858695082003835,-0.03173004684111125,-0.031219969040537664,4
topDelta,-0.030204720643311138,-0.029858695082003835,-0.031219969040537664,-0.03070989123996408,2
topDelta,-0.030204720643311138,-0.029858695082003835,-0.03019981343939049,-0.029689735638816907,3
topDelta,-0.030204720643311138,-0.029858695082003835,-0.029689735638816907,-0.029179657838243323,1
topDelta,-0.029858695082003835,-0.029512669520696533,-0.033260280242832,-0.032750202442258416,1
topDelta,-0.029858695082003835,-0.029512669520696533,-0.032750202442258416,-0.03224012464168483,3
topDelta,-0.029858695082003835,-0.029512669520696533,-0.03224012464168483,-0.03173004684111125,3
topDelta,-0.029858695082003835,-0.029512669520696533,-0.03173004684111125,-0.031219969040537664,4
topDelta,-0.029858695082003835,-0.029512669520696533,-0.031219969040537664,-0.03070989123996408,7
topDelta,-0.029858695082003835,-0.029512669520696533,-0.03070989123996408,-0.03019981343939049,4
topDelta,-0.029858695082003835,-0.029512669520696533,-0.03019981343939049,-0.029689735638816907,2
topDelta,-0.029858695082003835,-0.029512669520696533,-0.029689735638816907,-0.029179657838243323,2
topDelta,-0.029512669520696533,-0.029166643959389227,-0.033260280242832,-0.032750202442258416,1
topDelta,-0.029512669520696533,-0.029166643959389227,-0.03224012464168483,-0.03173004684111125,1
topDelta,-0.029512669520696533,-0.029166643959389227,-0.03173004684111125,-0.031219969040537664,8
topDelta,-0.029512669520696533,-0.029166643959389227,-0.031219969040537664,-0.03070989123996408,10
topDelta,-0.029512669520696533,-0.029166643959389227,-0.03070989123996408,-0.03019981343939049,9
topDelta,-0.029512669520696533,-0.029166643959389227,-0.03019981343939049,-0.029689735638816907,7
topDelta,-0.029512669520696533,-0.029166643959389227,-0.029689735638816907,-0.029179657838243323,1
topDelta,-0.029512669520696533,-0.029166643959389227,-0.029179657838243323,-0.028669580037669735,2
topDelta,-0.029166643959389227,-0.028820618398081924,-0.032750202442258416,-0.03224012464168483,1
topDelta,-0.029166643959389227,-0.028820618398081924,-0.03224012464168483,-0.03173004684111125,1
topDelta,-0.029166643959389227,-0.028820618398081924,-0.03173004684111125,-0.031219969040537664,4
topDelta,-0.029166643959389227,-0.028820618398081924,-0.031219969040537664,-0.03070989123996408,8
topDelta,-0.029166643959389227,-0.028820618398081924,-0.03070989123996408,-0.03019981343939049,13
topDelta,-0.029166643959389227,-0.028820618398081924,-0.03019981343939049,-0.029689735638816907,15
topDelta,-0.029166643959389227,-0.028820618398081924,-0.029689735638816907,-0.029179657838243323,10
topDelta,-0.029166643959389227,-0.028820618398081924,-0.029179657838243323,-0.028669580037669735,6
topDelta,-0.029166643959389227,-0.028820618398081924,-0.028669580037669735,-0.02815950223709615,3
topDelta,-0.029166643959389227,-0.028820618398081924,-0.027649424436522567,-0.027139346635948983,1
topDelta,-0.028820618398081924,-0.028474592836774622,-0.03173004684111125,-0.031219969040537664,2
topDelta,-0.028820618398081924,-0.028474592836774622,-0.031219969040537664,-0.03070989123996408,5
topDelta,-0.028820618398081924,-0.028474592836774622,-0.03070989123996408,-0.03019981343939049,21
topDelta,-0.028820618398081924,-0.028474592836774622,-0.03019981343939049,-0.029689735638816907,19
topDelta,-0.028820618398081924,-0.028474592836774622,-0.029689735638816907,-0.029179657838243323,18
topDelta,-0.028820618398081924,-0.028474592836774622,-0.029179657838243323,-0.028669580037669735,9
topDelta,-0.028820618398081924,-0.028474592836774622,-0.028669580037669735,-0.02815950223709615,1
topDelta,-0.028820618398081924,-0.028474592836774622,-0.02815950223709615,-0.027649424436522567,4
topDelta,-0.028820618398081924,-0.028474592836774622,-0.027649424436522567,-0.027139346635948983,3
topDelta,-0.028820618398081924,-0.028474592836774622,-0.027139346635948983,-0.0266292688353754,2
topDelta,-0.028474592836774622,-0.02812856727546732,-0.03224012464168483,-0.03173004684111125,1
topDelta,-0.028474592836774622,-0.02812856727546732,-0.03173004684111125,-0.031219969040537664,1
topDelta,-0.028474592836774622,-0.02812856727546732,-0.031219969040537664,-0.03070989123996408,4
topDelta,-0.028474592836774622,-0.02812856727546732,-0.03070989123996408,-0.03019981343939049,7
topDelta,-0.028474592836774622,-0.02812856727546732,-0.03019981343939049,-0.029689735638816907,11
topDelta,-0.028474592836774622,-0.02812856727546732,-0.029689735638816907,-0.029179657838243323,28
topDelta,-0.028474592836774622,-0.02812856727546732,-0.029179657838243323,-0.028669580037669735,26
topDelta,-0.028474592836774622,-0.02812856727546732,-0.028669580037669735,-0.02815950223709615,12
topDelta,-0.028474592836774622,-0.02812856727546732,-0.02815950223709615,-0.027649424436522567,8
topDelta,-0.028474592836774622,-0.02812856727546732,-0.027649424436522567,-0.027139346635948983,6
topDelta,-0.028474592836774622,-0.02812856727546732,-0.027139346635948983,-0.0266292688353754,1
topDelta,-0.028474592836774622,-0.02812856727546732,-0.0266292688353754,-0.026119191034801814,1
topDelta,-0.02812856727546732,-0.027782541714160017,-0.03173004684111125,-0.031219969040537664,1
topDelta,-0.02812856727546732,-0.027782541714160017,-0.031219969040537664,-0.03070989123996408,2
topDelta,-0.02812856727546732,-0.027782541714160017,-0.03070989123996408,-0.03019981343939049,5
topDelta,-0.02812856727546732,-0.027782541714160017,-0.03019981343939049,-0.029689735638816907,13
topDelta,-0.02812856727546732,-0.027782541714160017,-0.029689735638816907,-0.029179657838243323,15
topDelta,-0.02812856727546732,-0.027782541714160017,-0.029179657838243323,-0.028669580037669735,30
topDelta,-0.02812856727546732,-0.027782541714160017,-0.028669580037669735,-0.02815950223709615,27
topDelta,-0.02812856727546732,-0.027782541714160017,-0.02815950223709615,-0.027649424436522567,24
topDelta,-0.02812856727546732,-0.027782541714160017,-0.027649424436522567,-0.027139346635948983,12
topDelta,-0.02812856727546732,-0.027782541714160017,-0.027139346635948983,-0.0266292688353754,7
topDelta,-0.02812856727546732,-0.027782541714160017,-0.0266292688353754,-0.026119191034801814,2
topDelta,-0.02812856727546732,-0.027782541714160017,-0.026119191034801814,-0.025609113234228226,1
topDelta,-0.027782541714160017,-0.02743651615285271,-0.031219969040537664,-0.03070989123996408,1
topDelta,-0.027782541714160017,-0.02743651615285271,-0.03070989123996408,-0.03019981343939049,4
topDelta,-0.027782541714160017,-0.02743651615285271,-0.03019981343939049,-0.029689735638816907,5
topDelta,-0.027782541714160017,-0.02743651615285271,-0.029689735638816907,-0.029179657838243323,15
topDelta,-0.027782541714160017,-0.02743651615285271,-0.029179657838243323,-0.028669580037669735,31
topDelta,-0.027782541714160017,-0.02743651615285271,-0.028669580037669735,-0.02815950223709615,55
topDelta,-0.027782541714160017,-0.02743651615285271,-0.02815950223709615,-0.027649424436522567,38
topDelta,-0.027782541714160017,-0.02743651615285271,-0.027649424436522567,-0.027139346635948983,23
topDelta,-0.027782541714160017,-0.02743651615285271,-0.027139346635948983,-0.0266292688353754,15
topDelta,-0.027782541714160017,-0.02743651615285271,-0.0266292688353754,-0.026119191034801814,8
topDelta,-0.027782541714160017,-0.02743651615285271,-0.026119191034801814,-0.025609113234228226,2
topDelta,-0.02743651615285271,-0.027090490591545408,-0.03070989123996408,-0.03019981343939049,1
topDelta,-0.02743651615285271,-0.027090490591545408,-0.03019981343939049,-0.029689735638816907,3
topDelta,-0.02743651615285271,-0.027090490591545408,-0.029689735638816907,-0.029179657838243323,8
topDelta,-0.02743651615285271,-0.027090490591545408,-0.029179657838243323,-0.028669580037669735,28
topDelta,-0.02743651615285271,-0.027090490591545408,-0.028669580037669735,-0.02815950223709615,66
topDelta,-0.02743651615285271,-0.027090490591545408,-0.02815950223709615,-0.027649424436522567,72
topDelta,-0.02743651615285271,-0.027090490591545408,-0.027649424436522567,-0.027139346635948983,48
topDelta,-0.02743651615285271,-0.027090490591545408,-0.027139346635948983,-0.0266292688353754,48
topDelta,-0.02743651615285271,-0.027090490591545408,-0.0266292688353754,-0.026119191034801814,21
topDelta,-0.02743651615285271,-0.027090490591545408,-0.026119191034801814,-0.025609113234228226,9
topDelta,-0.027090490591545408,-0.026744465030238106,-0.03019981343939049,-0.029689735638816907,1
topDelta,-0.027090490591545408,-0.026744465030238106,-0.029689735638816907,-0.029179657838243323,3
topDelta,-0.027090490591545408,-0.026744465030238106,-0.029179657838243323,-0.028669580037669735,17
topDelta,-0.027090490591545408,-0.026744465030238106,-0.028669580037669735,-0.02815950223709615,47
topDelta,-0.027090490591545408,-0.026744465030238106,-0.02815950223709615,-0.027649424436522567,80
topDelta,-0.027090490591545408,-0.026744465030238106,-0.027649424436522567,-0.027139346635948983,87
topDelta,-0.027090490591545408,-0.026744465030238106,-0.027139346635948983,-0.0266292688353754,69
topDelta,-0.027090490591545408,-0.026744465030238106,-0.0266292688353754,-0.026119191034801814,55
topDelta,-0.027090490591545408,-0.026744465030238106,-0.026119191034801814,-0.025609113234228226,22
topDelta,-0.027090490591545408,-0.026744465030238106,-0.025609113234228226,-0.025099035433654642,5
topDelta,-0.027090490591545408,-0.026744465030238106,-0.025099035433654642,-0.024588957633081058,2
topDelta,-0.026744465030238106,-0.0263984394689308,-0.029689735638816907,-0.029179657838243323,2
topDelta,-0.026744465030238106,-0.0263984394689308,-0.029179657838243323,-0.028669580037669735,8
topDelta,-0.026744465030238106,-0.0263984394689308,-0.028669580037669735,-0.02815950223709615,22
topDelta,-0.026744465030238106,-0.0263984394689308,-0.02815950223709615,-0.027649424436522567,52
topDelta,-0.026744465030238106,-0.0263984394689308,-0.027649424436522567,-0.027139346635948983,103
topDelta,-0.026744465030238106,-0.0263984394689308,-0.027139346635948983,-0.0266292688353754,127
topDelta,-0.026744465030238106,-0.0263984394689308,-0.0266292688353754,-0.026119191034801814,85
topDelta,-0.026744465030238106,-0.0263984394689308,-0.026119191034801814,-0.025609113234228226,53
topDelta,-0.026744465030238106,-0.0263984394689308,-0.025609113234228226,-0.025099035433654642,23
topDelta,-0.026744465030238106,-0.0263984394689308,-0.025099035433654642,-0.024588957633081058,11
topDelta,-0.026744465030238106,-0.0263984394689308,-0.024588957633081058,-0.024078879832507474,3
topDelta,-0.0263984394689308,-0.026052413907623497,-0.029689735638816907,-0.029179657838243323,1
topDelta,-0.0263984394689308,-0.026052413907623497,-0.029179657838243323,-0.028669580037669735,2
topDelta,-0.0263984394689308,-0.026052413907623497,-0.028669580037669735,-0.02815950223709615,7
topDelta,-0.0263984394689308,-0.026052413907623497,-0.02815950223709615,-0.027649424436522567,31
topDelta,-0.0263984394689308,-0.026052413907623497,-0.027649424436522567,-0.027139346635948983,64
topDelta,-0.0263984394689308,-0.026052413907623497,-0.027139346635948983,-0.0266292688353754,112
topDelta,-0.0263984394689308,-0.026052413907623497,-0.0266292688353754,-0.026119191034801814,176
topDelta,-0.0263984394689308,-0.026052413907623497,-0.026119191034801814,-0.025609113234228226,98
topDelta,-0.0263984394689308,-0.026052413907623497,-0.025609113234228226,-0.025099035433654642,52
topDelta,-0.0263984394689308,-0.026052413907623497,-0.025099035433654642,-0.024588957633081058,27
topDelta,-0.0263984394689308,-0.026052413907623497,-0.024588957633081058,-0.024078879832507474,3
topDelta,-0.0263984394689308,-0.026052413907623497,-0.024078879832507474,-0.02356880203193389,1
topDelta,-0.026052413907623497,-0.025706388346316195,-0.028669580037669735,-0.02815950223709615,2
topDelta,-0.026052413907623497,-0.025706388346316195,-0.02815950223709615,-0.027649424436522567,7
topDelta,-0.026052413907623497,-0.025706388346316195,-0.027649424436522567,-0.027139346635948983,39
topDelta,-0.026052413907623497,-0.025706388346316195,-0.027139346635948983,-0.0266292688353754,94
topDelta,-0.026052413907623497,-0.025706388346316195,-0.0266292688353754,-0.026119191034801814,148
topDelta,-0.026052413907623497,-0.025706388346316195,-0.026119191034801814,-0.025609113234228226,178
topDelta,-0.026052413907623497,-0.025706388346316195,-0.025609113234228226,-0.025099035433654642,117
topDelta,-0.026052413907623497,-0.025706388346316195,-0.025099035433654642,-0.024588957633081058,53
topDelta,-0.026052413907623497,-0.025706388346316195,-0.024588957633081058,-0.024078879832507474,21
topDelta,-0.026052413907623497,-0.025706388346316195,-0.024078879832507474,-0.02356880203193389,11
topDelta,-0.026052413907623497,-0.025706388346316195,-0.02356880203193389,-0.0230587242313603,1
topDelta,-0.026052413907623497,-0.025706388346316195,-0.022548646430786717,-0.022038568630213133,1
topDelta,-0.025706388346316195,-0.025360362785008892,-0.028669580037669735,-0.02815950223709615,1
topDelta,-0.025706388346316195,-0.025360362785008892,-0.02815950223709615,-0.027649424436522567,2
topDelta,-0.025706388346316195,-0.025360362785008892,-0.027649424436522567,-0.027139346635948983,16
topDelta,-0.025706388346316195,-0.025360362785008892,-0.027139346635948983,-0.0266292688353754,51
topDelta,-0.025706388346316195,-0.025360362785008892,-0.0266292688353754,-0.026119191034801814,113
topDelta,-0.025706388346316195,-0.025360362785008892,-0.026119191034801814,-0.025609113234228226,191
topDelta,-0.025706388346316195,-0.025360362785008892,-0.025609113234228226,-0.025099035433654642,200
topDelta,-0.025706388346316195,-0.025360362785008892,-0.025099035433654642,-0.024588957633081058,116
topDelta,-0.025706388346316195,-0.025360362785008892,-0.024588957633081058,-0.024078879832507474,49
topDelta,-0.025706388346316195,-0.025360362785008892,-0.024078879832507474,-0.02356880203193389,18
topDelta,-0.025706388346316195,-0.025360362785008892,-0.02356880203193389,-0.0230587242313603,3
topDelta,-0.025360362785008892,-0.02501433722370159,-0.027649424436522567,-0.027139346635948983,2
topDelta,-0.025360362785008892,-0.02501433722370159,-0.027139346635948983,-0.0266292688353754,11
topDelta,-0.025360362785008892,-0.02501433722370159,-0.0266292688353754,-0.026119191034801814,54
topDelta,-0.025360362785008892,-0.02501433722370159,-0.026119191034801814,-0.025609113234228226,153
topDelta,-0.025360362785008892,-0.02501433722370159,-0.025609113234228226,-0.025099035433654642,198
topDelta,-0.025360362785008892,-0.02501433722370159,-0.025099035433654642,-0.024588957633081058,183
topDelta,-0.025360362785008892,-0.02501433722370159,-0.024588957633081058,-0.024078879832507474,96
topDelta,-0.025360362785008892,-0.02501433722370159,-0.024078879832507474,-0.02356880203193389,41
topDelta,-0.025360362785008892,-0.02501433722370159,-0.02356880203193389,-0.0230587242313603,10
topDelta,-0.02501433722370159,-0.024668311662394284,-0.027649424436522567,-0.027139346635948983,1
topDelta,-0.02501433722370159,-0.024668311662394284,-0.027139346635948983,-0.0266292688353754,4
topDelta,-0.02501433722370159,-0.024668311662394284,-0.0266292688353754,-0.026119191034801814,27
topDelta,-0.02501433722370159,-0.024668311662394284,-0.026119191034801814,-0.025609113234228226,71
topDelta,-0.02501433722370159,-0.024668311662394284,-0.025609113234228226,-0.025099035433654642,146
topDelta,-0.02501433722370159,-0.024668311662394284,-0.025099035433654642,-0.024588957633081058,198
topDelta,-0.02501433722370159,-0.024668311662394284,-0.024588957633081058,-0.024078879832507474,136
topDelta,-0.02501433722370159,-0.024668311662394284,-0.024078879832507474,-0.02356880203193389,70
topDelta,-0.02501433722370159,-0.024668311662394284,-0.02356880203193389,-0.0230587242313603,34
topDelta,-0.02501433722370159,-0.024668311662394284,-0.0230587242313603,-0.022548646430786717,11
topDelta,-0.02501433722370159,-0.024668311662394284,-0.022548646430786717,-0.022038568630213133,4
topDelta,-0.02501433722370159,-0.024668311662394284,-0.022038568630213133,-0.02152849082963955,1
topDelta,-0.024668311662394284,-0.02432228610108698,-0.027649424436522567,-0.027139346635948983,2
topDelta,-0.024668311662394284,-0.02432228610108698,-0.0266292688353754,-0.026119191034801814,7
topDelta,-0.024668311662394284,-0.02432228610108698,-0.026119191034801814,-0.025609113234228226,30
topDelta,-0.024668311662394284,-0.02432228610108698,-0.025609113234228226,-0.025099035433654642,85
topDelta,-0.024668311662394284,-0.02432228610108698,-0.025099035433654642,-0.024588957633081058,157
topDelta,-0.024668311662394284,-0.02432228610108698,-0.024588957633081058,-0.024078879832507474,162
topDelta,-0.024668311662394284,-0.02432228610108698,-0.024078879832507474,-0.02356880203193389,115
topDelta,-0.024668311662394284,-0.02432228610108698,-0.02356880203193389,-0.0230587242313603,57
topDelta,-0.024668311662394284,-0.02432228610108698,-0.0230587242313603,-0.022548646430786717,22
topDelta,-0.024668311662394284,-0.02432228610108698,-0.022548646430786717,-0.022038568630213133,4
topDelta,-0.024668311662394284,-0.02432228610108698,-0.022038568630213133,-0.02152849082963955,1
topDelta,-0.02432228610108698,-0.02397626053977968,-0.0266292688353754,-0.026119191034801814,1
topDelta,-0.02432228610108698,-0.02397626053977968,-0.026119191034801814,-0.025609113234228226,11
topDelta,-0.02432228610108698,-0.02397626053977968,-0.025609113234228226,-0.025099035433654642,37
topDelta,-0.02432228610108698,-0.02397626053977968,-0.025099035433654642,-0.024588957633081058,90
topDelta,-0.02432228610108698,-0.02397626053977968,-0.024588957633081058,-0.024078879832507474,167
topDelta,-0.02432228610108698,-0.02397626053977968,-0.024078879832507474,-0.02356880203193389,136
topDelta,-0.02432228610108698,-0.02397626053977968,-0.02356880203193389,-0.0230587242313603,91
topDelta,-0.02432228610108698,-0.02397626053977968,-0.0230587242313603,-0.022548646430786717,48
topDelta,-0.02432228610108698,-0.02397626053977968,-0.022548646430786717,-0.022038568630213133,15
topDelta,-0.02432228610108698,-0.02397626053977968,-0.022038568630213133,-0.02152849082963955,9
topDelta,-0.02432228610108698,-0.02397626053977968,-0.02152849082963955,-0.021018413029065965,1
topDelta,-0.02397626053977968,-0.023630234978472373,-0.0266292688353754,-0.026119191034801814,1
topDelta,-0.02397626053977968,-0.023630234978472373,-0.026119191034801814,-0.025609113234228226,2
topDelta,-0.02397626053977968,-0.023630234978472373,-0.025609113234228226,-0.025099035433654642,5
topDelta,-0.02397626053977968,-0.023630234978472373,-0.025099035433654642,-0.024588957633081058,34
topDelta,-0.02397626053977968,-0.023630234978472373,-0.024588957633081058,-0.024078879832507474,55
topDelta,-0.02397626053977968,-0.023630234978472373,-0.024078879832507474,-0.02356880203193389,99
topDelta,-0.02397626053977968,-0.023630234978472373,-0.02356880203193389,-0.0230587242313603,120
topDelta,-0.02397626053977968,-0.023630234978472373,-0.0230587242313603,-0.022548646430786717,62
topDelta,-0.02397626053977968,-0.023630234978472373,-0.022548646430786717,-0.022038568630213133,33
topDelta,-0.02397626053977968,-0.023630234978472373,-0.022038568630213133,-0.02152849082963955,10
topDelta,-0.02397626053977968,-0.023630234978472373,-0.02152849082963955,-0.021018413029065965,2
topDelta,-0.023630234978472373,-0.02328420941716507,-0.025099035433654642,-0.024588957633081058,7
topDelta,-0.023630234978472373,-0.02328420941716507,-0.024588957633081058,-0.024078879832507474,26
topDelta,-0.023630234978472373,-0.02328420941716507,-0.024078879832507474,-0.02356880203193389,44
topDelta,-0.023630234978472373,-0.02328420941716507,-0.02356880203193389,-0.0230587242313603,79
topDelta,-0.023630234978472373,-0.02328420941716507,-0.0230587242313603,-0.022548646430786717,87
topDelta,-0.023630234978472373,-0.02328420941716507,-0.022548646430786717,-0.022038568630213133,57
topDelta,-0.023630234978472373,-0.02328420941716507,-0.022038568630213133,-0.02152849082963955,31
topDelta,-0.023630234978472373,-0.02328420941716507,-0.02152849082963955,-0.021018413029065965,11
topDelta,-0.023630234978472373,-0.02328420941716507,-0.021018413029065965,-0.02050833522849238,3
topDelta,-0.023630234978472373,-0.02328420941716507,-0.02050833522849238,-0.019998257427918793,1
topDelta,-0.02328420941716507,-0.022938183855857767,-0.024588957633081058,-0.024078879832507474,10
topDelta,-0.02328420941716507,-0.022938183855857767,-0.024078879832507474,-0.02356880203193389,33
topDelta,-0.02328420941716507,-0.022938183855857767,-0.02356880203193389,-0.0230587242313603,43
topDelta,-0.02328420941716507,-0.022938183855857767,-0.0230587242313603,-0.022548646430786717,50
topDelta,-0.02328420941716507,-0.022938183855857767,-0.022548646430786717,-0.022038568630213133,41
topDelta,-0.02328420941716507,-0.022938183855857767,-0.022038568630213133,-0.02152849082963955,33
topDelta,-0.02328420941716507,-0.022938183855857767,-0.02152849082963955,-0.021018413029065965,19
topDelta,-0.02328420941716507,-0.022938183855857767,-0.021018413029065965,-0.02050833522849238,7
topDelta,-0.022938183855857767,-0.022592158294550465,-0.024588957633081058,-0.024078879832507474,4
topDelta,-0.022938183855857767,-0.022592158294550465,-0.024078879832507474,-0.02356880203193389,7
topDelta,-0.022938183855857767,-0.022592158294550465,-0.02356880203193389,-0.0230587242313603,20
topDelta,-0.022938183855857767,-0.022592158294550465,-0.0230587242313603,-0.022548646430786717,16
topDelta,-0.022938183855857767,-0.022592158294550465,-0.022548646430786717,-0.022038568630213133,45
topDelta,-0.022938183855857767,-0.022592158294550465,-0.022038568630213133,-0.02152849082963955,34
topDelta,-0.022938183855857767,-0.022592158294550465,-0.02152849082963955,-0.021018413029065965,20
topDelta,-0.022938183855857767,-0.022592158294550465,-0.021018413029065965,-0.02050833522849238,11
topDelta,-0.022938183855857767,-0.022592158294550465,-0.02050833522849238,-0.019998257427918793,4
topDelta,-0.022938183855857767,-0.022592158294550465,-0.01948817962734521,-0.018978101826771624,1
topDelta,-0.022592158294550465,-0.022246132733243162,-0.024078879832507474,-0.02356880203193389,1
topDelta,-0.022592158294550465,-0.022246132733243162,-0.02356880203193389,-0.0230587242313603,6
topDelta,-0.022592158294550465,-0.022246132733243162,-0.0230587242313603,-0.022548646430786717,12
topDelta,-0.022592158294550465,-0.022246132733243162,-0.022548646430786717,-0.022038568630213133,25
topDelta,-0.022592158294550465,-0.022246132733243162,-0.022038568630213133,-0.02152849082963955,33
topDelta,-0.022592158294550465,-0.022246132733243162,-0.02152849082963955,-0.021018413029065965,24
topDelta,-0.022592158294550465,-0.022246132733243162,-0.021018413029065965,-0.02050833522849238,14
topDelta,-0.022592158294550465,-0.022246132733243162,-0.02050833522849238,-0.019998257427918793,6
topDelta,-0.022592158294550465,-0.022246132733243162,-0.01948817962734521,-0.018978101826771624,2
topDelta,-0.022592158294550465,-0.022246132733243162,-0.018978101826771624,-0.01846802402619804,1
topDelta,-0.022246132733243162,-0.021900107171935856,-0.024078879832507474,-0.02356880203193389,1
topDelta,-0.022246132733243162,-0.021900107171935856,-0.0230587242313603,-0.022548646430786717,5
topDelta,-0.022246132733243162,-0.021900107171935856,-0.022548646430786717,-0.022038568630213133,4
topDelta,-0.022246132733243162,-0.021900107171935856,-0.022038568630213133,-0.02152849082963955,16
topDelta,-0.022246132733243162,-0.021900107171935856,-0.02152849082963955,-0.021018413029065965,13
topDelta,-0.022246132733243162,-0.021900107171935856,-0.021018413029065965,-0.02050833522849238,20
topDelta,-0.022246132733243162,-0.021900107171935856,-0.02050833522849238,-0.019998257427918793,16
topDelta,-0.022246132733243162,-0.021900107171935856,-0.019998257427918793,-0.01948817962734521,5
topDelta,-0.022246132733243162,-0.021900107171935856,-0.01948817962734521,-0.018978101826771624,5
topDelta,-0.021900107171935856,-0.021554081610628554,-0.0230587242313603,-0.022548646430786717,2
topDelta,-0.021900107171935856,-0.021554081610628554,-0.022548646430786717,-0.022038568630213133,4
topDelta,-0.021900107171935856,-0.021554081610628554,-0.022038568630213133,-0.02152849082963955,6
topDelta,-0.021900107171935856,-0.021554081610628554,-0.02152849082963955,-0.021018413029065965,6
topDelta,-0.021900107171935856,-0.021554081610628554,-0.021018413029065965,-0.02050833522849238,16
topDelta,-0.021900107171935856,-0.021554081610628554,-0.02050833522849238,-0.019998257427918793,17
topDelta,-0.021900107171935856,-0.021554081610628554,-0.019998257427918793,-0.01948817962734521,8
topDelta,-0.021900107171935856,-0.021554081610628554,-0.01948817962734521,-0.018978101826771624,1
topDelta,-0.021900107171935856,-0.021554081610628554,-0.018978101826771624,-0.01846802402619804,1
topDelta,-0.021554081610628554,-0.02120805604932125,-0.022038568630213133,-0.02152849082963955,4
topDelta,-0.021554081610628554,-0.02120805604932125,-0.02152849082963955,-0.021018413029065965,4
topDelta,-0.021554081610628554,-0.02120805604932125,-0.021018413029065965,-0.02050833522849238,9
topDelta,-0.021554081610628554,-0.02120805604932125,-0.02050833522849238,-0.019998257427918793,12
topDelta,-0.021554081610628554,-0.02120805604932125,-0.019998257427918793,-0.01948817962734521,13
topDelta,-0.021554081610628554,-0.02120805604932125,-0.01948817962734521,-0.018978101826771624,5
topDelta,-0.021554081610628554,-0.02120805604932125,-0.018978101826771624,-0.01846802402619804,1
topDelta,-0.021554081610628554,-0.02120805604932125,-0.01846802402619804,-0.017957946225624456,2
topDelta,-0.02120805604932125,-0.020862030488013945,-0.02152849082963955,-0.021018413029065965,2
topDelta,-0.02120805604932125,-0.020862030488013945,-0.021018413029065965,-0.02050833522849238,2
topDelta,-0.02120805604932125,-0.020862030488013945,-0.02050833522849238,-0.019998257427918793,5
topDelta,-0.02120805604932125,-0.020862030488013945,-0.019998257427918793,-0.01948817962734521,11
topDelta,-0.02120805604932125,-0.020862030488013945,-0.01948817962734521,-0.018978101826771624,4
topDelta,-0.02120805604932125,-0.020862030488013945,-0.018978101826771624,-0.01846802402619804,5
topDelta,-0.02120805604932125,-0.020862030488013945,-0.01846802402619804,-0.017957946225624456,1
topDelta,-0.020862030488013945,-0.020516004926706643,-0.021018413029065965,-0.02050833522849238,1
topDelta,-0.020862030488013945,-0.020516004926706643,-0.019998257427918793,-0.01948817962734521,3
topDelta,-0.020862030488013945,-0.020516004926706643,-0.01948817962734521,-0.018978101826771624,3
topDelta,-0.020862030488013945,-0.020516004926706643,-0.018978101826771624,-0.01846802402619804,6
topDelta,-0.020516004926706643,-0.02016997936539934,-0.01948817962734521,-0.018978101826771624,1
topDelta,-0.020516004926706643,-0.02016997936539934,-0.018978101826771624,-0.01846802402619804,9
topDelta,-0.020516004926706643,-0.02016997936539934,-0.01846802402619804,-0.017957946225624456,5
topDelta,-0.02016997936539934,-0.019823953804092038,-0.019998257427918793,-0.01948817962734521,1
topDelta,-0.02016997936539934,-0.019823953804092038,-0.01948817962734521,-0.018978101826771624,2
topDelta,-0.02016997936539934,-0.019823953804092038,-0.018978101826771624,-0.01846802402619804,4
topDelta,-0.02016997936539934,-0.019823953804092038,-0.01846802402619804,-0.017957946225624456,2
topDelta,-0.02016997936539934,-0.019823953804092038,-0.017957946225624456,-0.017447868425050868,3
topDelta,-0.02016997936539934,-0.019823953804092038,-0.017447868425050868,-0.016937790624477284,2
topDelta,-0.02016997936539934,-0.019823953804092038,-0.016937790624477284,-0.0164277128239037,2
topDelta,-0.019823953804092038,-0.019477928242784735,-0.01948817962734521,-0.018978101826771624,2
topDelta,-0.019823953804092038,-0.019477928242784735,-0.018978101826771624,-0.01846802402619804,1
topDelta,-0.019823953804092038,-0.019477928242784735,-0.01846802402619804,-0.017957946225624456,1
topDelta,-0.019823953804092038,-0.019477928242784735,-0.017957946225624456,-0.017447868425050868,4
topDelta,-0.019823953804092038,-0.019477928242784735,-0.017447868425050868,-0.016937790624477284,2
topDelta,-0.019823953804092038,-0.019477928242784735,-0.016937790624477284,-0.0164277128239037,3
topDelta,-0.019823953804092038,-0.019477928242784735,-0.0164277128239037,-0.015917635023330115,1
topDelta,-0.019477928242784735,-0.01913190268147743,-0.018978101826771624,-0.01846802402619804,1
topDelta,-0.019477928242784735,-0.01913190268147743,-0.017447868425050868,-0.016937790624477284,1
topDelta,-0.019477928242784735,-0.01913190268147743,-0.016937790624477284,-0.0164277128239037,1
topDelta,-0.01913190268147743,-0.018785877120170127,-0.016937790624477284,-0.0164277128239037,1
topDelta,-0.01913190268147743,-0.018785877120170127,-0.0164277128239037,-0.015917635023330115,1
topDelta,-0.01913190268147743,-0.018785877120170127,-0.015917635023330115,-0.01540755722275653,2
topDelta,-0.018785877120170127,-0.018439851558862824,-0.017447868425050868,-0.016937790624477284,1
topDelta,-0.018785877120170127,-0.018439851558862824,-0.0164277128239037,-0.015917635023330115,1
topDelta,-0.018785877120170127,-0.018439851558862824,-0.015917635023330115,-0.01540755722275653,2
topDelta,-0.018785877120170127,-0.018439851558862824,-0.01540755722275653,-0.014897479422182947,2
topDelta,-0.018785877120170127,-0.018439851558862824,-0.014897479422182947,-0.014387401621609359,1
topDelta,-0.018093825997555518,-0.017747800436248216,-0.01540755722275653,-0.014897479422182947,1
topDelta,-0.017401774874940913,-0.01705574931363361,-0.015917635023330115,-0.01540755722275653,1
topDelta,-0.01705574931363361,-0.016709723752326308,-0.01336724602046219,-0.0128571682198886,1
topDelta,-0.016363698191019002,-0.0160176726297117,-0.013877323821035775,-0.01336724602046219,1
topC3,-0.0318808622582051,-0.03156440474559312,-0.0376068258681953,-0.03714884942560859,1
topC3,-0.030298574695145207,-0.02998211718253323,-0.034400990770088354,-0.033943014327501644,1
topC3,-0.02998211718253323,-0.02966565966992125,-0.034858967212675056,-0.034400990770088354,1
topC3,-0.02966565966992125,-0.029349202157309275,-0.032569084999741524,-0.032111108557154815,1
topC3,-0.029349202157309275,-0.029032744644697295,-0.032569084999741524,-0.032111108557154815,1
topC3,-0.029349202157309275,-0.029032744644697295,-0.032111108557154815,-0.03165313211456811,4
topC3,-0.029349202157309275,-0.029032744644697295,-0.030737179229394698,-0.030279202786807992,1
topC3,-0.029349202157309275,-0.029032744644697295,-0.029821226344221283,-0.029363249901634577,1
topC3,-0.029032744644697295,-0.028716287132085315,-0.032569084999741524,-0.032111108557154815,1
topC3,-0.028716287132085315,-0.02839982961947334,-0.032111108557154815,-0.03165313211456811,1
topC3,-0.028716287132085315,-0.02839982961947334,-0.031195155671981403,-0.030737179229394698,2
topC3,-0.028716287132085315,-0.02839982961947334,-0.030737179229394698,-0.030279202786807992,2
topC3,-0.028716287132085315,-0.02839982961947334,-0.030279202786807992,-0.029821226344221283,1
topC3,-0.028716287132085315,-0.02839982961947334,-0.029821226344221283,-0.029363249901634577,1
topC3,-0.028716287132085315,-0.02839982961947334,-0.02890527345904787,-0.028447297016461162,1
topC3,-0.02839982961947334,-0.02808337210686136,-0.03165313211456811,-0.031195155671981403,3
topC3,-0.02839982961947334,-0.02808337210686136,-0.029821226344221283,-0.029363249901634577,2
topC3,-0.02808337210686136,-0.027766914594249383,-0.032111108557154815,-0.03165313211456811,1
topC3,-0.02808337210686136,-0.027766914594249383,-0.030737179229394698,-0.030279202786807992,1
topC3,-0.02808337210686136,-0.027766914594249383,-0.029821226344221283,-0.029363249901634577,2
topC3,-0.027766914594249383,-0.027450457081637403,-0.030737179229394698,-0.030279202786807992,2
topC3,-0.027766914594249383,-0.027450457081637403,-0.030279202786807992,-0.029821226344221283,2
topC3,-0.027766914594249383,-0.027450457081637403,-0.029821226344221283,-0.029363249901634577,2
topC3,-0.027766914594249383,-0.027450457081637403,-0.029363249901634577,-0.02890527345904787,1
topC3,-0.027766914594249383,-0.027450457081637403,-0.02890527345904787,-0.028447297016461162,1
topC3,-0.027766914594249383,-0.027450457081637403,-0.02798932057387446,-0.02753134413128775,2
topC3,-0.027450457081637403,-0.027133999569025423,-0.031195155671981403,-0.030737179229394698,1
topC3,-0.027450457081637403,-0.027133999569025423,-0.030737179229394698,-0.030279202786807992,1
topC3,-0.027450457081637403,-0.027133999569025423,-0.030279202786807992,-0.029821226344221283,1
topC3,-0.027450457081637403,-0.027133999569025423,-0.029821226344221283,-0.029363249901634577,3
topC3,-0.027450457081637403,-0.027133999569025423,-0.029363249901634577,-0.02890527345904787,4
topC3,-0.027450457081637403,-0.027133999569025423,-0.02890527345904787,-0.028447297016461162,4
topC3,-0.027450457081637403,-0.027133999569025423,-0.028447297016461162,-0.02798932057387446,2
topC3,-0.027133999569025423,-0.026817542056413447,-0.029821226344221283,-0.029363249901634577,2
topC3,-0.027133999569025423,-0.026817542056413447,-0.029363249901634577,-0.02890527345904787,1
topC3,-0.027133999569025423,-0.026817542056413447,-0.02890527345904787,-0.028447297016461162,8
topC3,-0.027133999569025423,-0.026817542056413447,-0.028447297016461162,-0.02798932057387446,5
topC3,-0.027133999569025423,-0.026817542056413447,-0.02798932057387446,-0.02753134413128775,7
topC3,-0.027133999569025423,-0.026817542056413447,-0.02753134413128775,-0.027073367688701045,1
topC3,-0.027133999569025423,-0.026817542056413447,-0.02661539124611434,-0.02615741480352763,1
topC3,-0.026817542056413447,-0.02650108454380147,-0.029363249901634577,-0.02890527345904787,2
topC3,-0.026817542056413447,-0.02650108454380147,-0.02890527345904787,-0.028447297016461162,4
topC3,-0.026817542056413447,-0.02650108454380147,-0.028447297016461162,-0.02798932057387446,6
topC3,-0.026817542056413447,-0.02650108454380147,-0.02798932057387446,-0.02753134413128775,4
topC3,-0.026817542056413447,-0.02650108454380147,-0.02753134413128775,-0.027073367688701045,6
topC3,-0.026817542056413447,-0.02650108454380147,-0.027073367688701045,-0.02661539124611434,2
topC3,-0.026817542056413447,-0.02650108454380147,-0.02661539124611434,-0.02615741480352763,5
topC3,-0.02650108454380147,-0.02618462703118949,-0.029363249901634577,-0.02890527345904787,1
topC3,-0.02650108454380147,-0.02618462703118949,-0.02890527345904787,-0.028447297016461162,6
topC3,-0.02650108454380147,-0.02618462703118949,-0.028447297016461162,-0.02798932057387446,5
topC3,-0.02650108454380147,-0.02618462703118949,-0.02798932057387446,-0.02753134413128775,5
topC3,-0.02650108454380147,-0.02618462703118949,-0.02753134413128775,-0.027073367688701045,14
topC3,-0.02650108454380147,-0.02618462703118949,-0.027073367688701045,-0.02661539124611434,9
topC3,-0.02650108454380147,-0.02618462703118949,-0.02661539124611434,-0.02615741480352763,3
topC3,-0.02650108454380147,-0.02618462703118949,-0.02615741480352763,-0.025699438360940925,2
topC3,-0.02650108454380147,-0.02618462703118949,-0.025699438360940925,-0.02524146191835422,2
topC3,-0.02650108454380147,-0.02618462703118949,-0.02478348547576751,-0.024325509033180807,1
topC3,-0.02618462703118949,-0.02586816951857751,-0.029363249901634577,-0.02890527345904787,1
topC3,-0.02618462703118949,-0.02586816951857751,-0.02890527345904787,-0.028447297016461162,4
topC3,-0.02618462703118949,-0.02586816951857751,-0.028447297016461162,-0.02798932057387446,5
topC3,-0.02618462703118949,-0.02586816951857751,-0.02798932057387446,-0.02753134413128775,8
topC3,-0.02618462703118949,-0.02586816951857751,-0.02753134413128775,-0.027073367688701045,15
topC3,-0.02618462703118949,-0.02586816951857751,-0.027073367688701045,-0.02661539124611434,17
topC3,-0.02618462703118949,-0.02586816951857751,-0.02661539124611434,-0.02615741480352763,9
topC3,-0.02618462703118949,-0.02586816951857751,-0.02615741480352763,-0.025699438360940925,7
topC3,-0.02618462703118949,-0.02586816951857751,-0.025699438360940925,-0.02524146191835422,4
topC3,-0.02618462703118949,-0.02586816951857751,-0.02478348547576751,-0.024325509033180807,1
topC3,-0.02618462703118949,-0.02586816951857751,-0.023867532590594098,-0.023409556148007393,1
topC3,-0.02586816951857751,-0.025551712005965534,-0.029363249901634577,-0.02890527345904787,1
topC3,-0.02586816951857751,-0.025551712005965534,-0.02890527345904787,-0.028447297016461162,1
topC3,-0.02586816951857751,-0.025551712005965534,-0.028447297016461162,-0.02798932057387446,2
topC3,-0.02586816951857751,-0.025551712005965534,-0.02798932057387446,-0.02753134413128775,4
topC3,-0.02586816951857751,-0.025551712005965534,-0.02753134413128775,-0.027073367688701045,20
topC3,-0.02586816951857751,-0.025551712005965534,-0.027073367688701045,-0.02661539124611434,26
topC3,-0.02586816951857751,-0.025551712005965534,-0.02661539124611434,-0.02615741480352763,15
topC3,-0.02586816951857751,-0.025551712005965534,-0.02615741480352763,-0.025699438360940925,20
topC3,-0.02586816951857751,-0.025551712005965534,-0.025699438360940925,-0.02524146191835422,4
topC3,-0.02586816951857751,-0.025551712005965534,-0.02524146191835422,-0.02478348547576751,6
topC3,-0.02586816951857751,-0.025551712005965534,-0.02478348547576751,-0.024325509033180807,2
topC3,-0.02586816951857751,-0.025551712005965534,-0.024325509033180807,-0.023867532590594098,2
topC3,-0.025551712005965534,-0.025235254493353555,-0.028447297016461162,-0.02798932057387446,1
topC3,-0.025551712005965534,-0.025235254493353555,-0.02798932057387446,-0.02753134413128775,6
topC3,-0.025551712005965534,-0.025235254493353555,-0.02753134413128775,-0.027073367688701045,7
topC3,-0.025551712005965534,-0.025235254493353555,-0.027073367688701045,-0.02661539124611434,14
topC3,-0.025551712005965534,-0.025235254493353555,-0.02661539124611434,-0.02615741480352763,31
topC3,-0.025551712005965534,-0.025235254493353555,-0.02615741480352763,-0.025699438360940925,27
topC3,-0.025551712005965534,-0.025235254493353555,-0.025699438360940925,-0.02524146191835422,16
topC3,-0.025551712005965534,-0.025235254493353555,-0.02524146191835422,-0.02478348547576751,9
topC3,-0.025551712005965534,-0.025235254493353555,-0.02478348547576751,-0.024325509033180807,7
topC3,-0.025551712005965534,-0.025235254493353555,-0.024325509033180807,-0.023867532590594098,2
topC3,-0.025551712005965534,-0.025235254493353555,-0.023867532590594098,-0.023409556148007393,3
topC3,-0.025551712005965534,-0.025235254493353555,-0.023409556148007393,-0.022951579705420687,1
topC3,-0.025235254493353555,-0.024918796980741578,-0.028447297016461162,-0.02798932057387446,1
topC3,-0.025235254493353555,-0.024918796980741578,-0.02798932057387446,-0.02753134413128775,2
topC3,-0.025235254493353555,-0.024918796980741578,-0.02753134413128775,-0.027073367688701045,8
topC3,-0.025235254493353555,-0.024918796980741578,-0.027073367688701045,-0.02661539124611434,21
topC3,-0.025235254493353555,-0.024918796980741578,-0.02661539124611434,-0.02615741480352763,27
topC3,-0.025235254493353555,-0.024918796980741578,-0.02615741480352763,-0.025699438360940925,33
topC3,-0.025235254493353555,-0.024918796980741578,-0.025699438360940925,-0.02524146191835422,28
topC3,-0.025235254493353555,-0.024918796980741578,-0.02524146191835422,-0.02478348547576751,30
topC3,-0.025235254493353555,-0.024918796980741578,-0.02478348547576751,-0.024325509033180807,23
topC3,-0.025235254493353555,-0.024918796980741578,-0.024325509033180807,-0.023867532590594098,16
topC3,-0.025235254493353555,-0.024918796980741578,-0.023867532590594098,-0.023409556148007393,5
topC3,-0.025235254493353555,-0.024918796980741578,-0.023409556148007393,-0.022951579705420687,5
topC3,-0.024918796980741578,-0.0246023394681296,-0.02798932057387446,-0.02753134413128775,1
topC3,-0.024918796980741578,-0.0246023394681296,-0.02753134413128775,-0.027073367688701045,3
topC3,-0.024918796980741578,-0.0246023394681296,-0.027073367688701045,-0.02661539124611434,18
topC3,-0.024918796980741578,-0.0246023394681296,-0.02661539124611434,-0.02615741480352763,25
topC3,-0.024918796980741578,-0.0246023394681296,-0.02615741480352763,-0.025699438360940925,45
topC3,-0.024918796980741578,-0.0246023394681296,-0.025699438360940925,-0.02524146191835422,49
topC3,-0.024918796980741578,-0.0246023394681296,-0.02524146191835422,-0.02478348547576751,38
topC3,-0.024918796980741578,-0.0246023394681296,-0.02478348547576751,-0.024325509033180807,27
topC3,-0.024918796980741578,-0.0246023394681296,-0.024325509033180807,-0.023867532590594098,24
topC3,-0.024918796980741578,-0.0246023394681296,-0.023867532590594098,-0.023409556148007393,11
topC3,-0.024918796980741578,-0.0246023394681296,-0.023409556148007393,-0.022951579705420687,8
topC3,-0.024918796980741578,-0.0246023394681296,-0.022035626820247272,-0.021577650377660566,1
topC3,-0.0246023394681296,-0.02428588195551762,-0.02890527345904787,-0.028447297016461162,1
topC3,-0.0246023394681296,-0.02428588195551762,-0.02753134413128775,-0.027073367688701045,1
topC3,-0.0246023394681296,-0.02428588195551762,-0.027073367688701045,-0.02661539124611434,4
topC3,-0.0246023394681296,-0.02428588195551762,-0.02661539124611434,-0.02615741480352763,14
topC3,-0.0246023394681296,-0.02428588195551762,-0.02615741480352763,-0.025699438360940925,36
topC3,-0.0246023394681296,-0.02428588195551762,-0.025699438360940925,-0.02524146191835422,46
topC3,-0.0246023394681296,-0.02428588195551762,-0.02524146191835422,-0.02478348547576751,89
topC3,-0.0246023394681296,-0.02428588195551762,-0.02478348547576751,-0.024325509033180807,59
topC3,-0.0246023394681296,-0.02428588195551762,-0.024325509033180807,-0.023867532590594098,49
topC3,-0.0246023394681296,-0.02428588195551762,-0.023867532590594098,-0.023409556148007393,33
topC3,-0.0246023394681296,-0.02428588195551762,-0.023409556148007393,-0.022951579705420687,15
topC3,-0.0246023394681296,-0.02428588195551762,-0.022951579705420687,-0.022493603262833978,7
topC3,-0.02428588195551762,-0.023969424442905642,-0.027073367688701045,-0.02661539124611434,1
topC3,-0.02428588195551762,-0.023969424442905642,-0.02661539124611434,-0.02615741480352763,4
topC3,-0.02428588195551762,-0.023969424442905642,-0.02615741480352763,-0.025699438360940925,26
topC3,-0.02428588195551762,-0.023969424442905642,-0.025699438360940925,-0.02524146191835422,34
topC3,-0.02428588195551762,-0.023969424442905642,-0.02524146191835422,-0.02478348547576751,73
topC3,-0.02428588195551762,-0.023969424442905642,-0.02478348547576751,-0.024325509033180807,88
topC3,-0.02428588195551762,-0.023969424442905642,-0.024325509033180807,-0.023867532590594098,82
topC3,-0.02428588195551762,-0.023969424442905642,-0.023867532590594098,-0.023409556148007393,52
topC3,-0.02428588195551762,-0.023969424442905642,-0.023409556148007393,-0.022951579705420687,26
topC3,-0.02428588195551762,-0.023969424442905642,-0.022951579705420687,-0.022493603262833978,14
topC3,-0.02428588195551762,-0.023969424442905642,-0.022493603262833978,-0.022035626820247272,2
topC3,-0.023969424442905642,-0.023652966930293666,-0.02661539124611434,-0.02615741480352763,4
topC3,-0.023969424442905642,-0.023652966930293666,-0.02615741480352763,-0.025699438360940925,8
topC3,-0.023969424442905642,-0.023652966930293666,-0.025699438360940925,-0.02524146191835422,25
topC3,-0.023969424442905642,-0.023652966930293666,-0.02524146191835422,-0.02478348547576751,55
topC3,-0.023969424442905642,-0.023652966930293666,-0.02478348547576751,-0.024325509033180807,86
topC3,-0.023969424442905642,-0.023652966930293666,-0.024325509033180807,-0.023867532590594098,111
topC3,-0.023969424442905642,-0.023652966930293666,-0.023867532590594098,-0.023409556148007393,105
topC3,-0.023969424442905642,-0.023652966930293666,-0.023409556148007393,-0.022951579705420687,72
topC3,-0.023969424442905642,-0.023652966930293666,-0.022951579705420687,-0.022493603262833978,56
topC3,-0.023969424442905642,-0.023652966930293666,-0.022493603262833978,-0.022035626820247272,17
topC3,-0.023969424442905642,-0.023652966930293666,-0.022035626820247272,-0.021577650377660566,3
topC3,-0.023652966930293666,-0.023336509417681686,-0.02661539124611434,-0.02615741480352763,2
topC3,-0.023652966930293666,-0.023336509417681686,-0.02615741480352763,-0.025699438360940925,4
topC3,-0.023652966930293666,-0.023336509417681686,-0.025699438360940925,-0.02524146191835422,8
topC3,-0.023652966930293666,-0.023336509417681686,-0.02524146191835422,-0.02478348547576751,35
topC3,-0.023652966930293666,-0.023336509417681686,-0.02478348547576751,-0.024325509033180807,84
topC3,-0.023652966930293666,-0.023336509417681686,-0.024325509033180807,-0.023867532590594098,112
topC3,-0.023652966930293666,-0.023336509417681686,-0.023867532590594098,-0.023409556148007393,140
topC3,-0.023652966930293666,-0.023336509417681686,-0.023409556148007393,-0.022951579705420687,116
topC3,-0.023652966930293666,-0.023336509417681686,-0.022951579705420687,-0.022493603262833978,82
topC3,-0.023652966930293666,-0.023336509417681686,-0.022493603262833978,-0.022035626820247272,34
topC3,-0.023652966930293666,-0.023336509417681686,-0.022035626820247272,-0.021577650377660566,12
topC3,-0.023652966930293666,-0.023336509417681686,-0.021577650377660566,-0.021119673935073857,5
topC3,-0.023652966930293666,-0.023336509417681686,-0.021119673935073857,-0.02066169749248715,2
topC3,-0.023336509417681686,-0.023020051905069706,-0.02615741480352763,-0.025699438360940925,1
topC3,-0.023336509417681686,-0.023020051905069706,-0.025699438360940925,-0.02524146191835422,3
topC3,-0.023336509417681686,-0.023020051905069706,-0.02524146191835422,-0.02478348547576751,9
topC3,-0.023336509417681686,-0.023020051905069706,-0.02478348547576751,-0.024325509033180807,35
topC3,-0.023336509417681686,-0.023020051905069706,-0.024325509033180807,-0.023867532590594098,82
topC3,-0.023336509417681686,-0.023020051905069706,-0.023867532590594098,-0.023409556148007393,133
topC3,-0.023336509417681686,-0.023020051905069706,-0.023409556148007393,-0.022951579705420687,167
topC3,-0.023336509417681686,-0.023020051905069706,-0.022951579705420687,-0.022493603262833978,133
topC3,-0.023336509417681686,-0.023020051905069706,-0.022493603262833978,-0.022035626820247272,64
topC3,-0.023336509417681686,-0.023020051905069706,-0.022035626820247272,-0.021577650377660566,30
topC3,-0.023336509417681686,-0.023020051905069706,-0.021577650377660566,-0.021119673935073857,12
topC3,-0.023336509417681686,-0.023020051905069706,-0.021119673935073857,-0.02066169749248715,3
topC3,-0.023336509417681686,-0.023020051905069706,-0.02066169749248715,-0.020203721049900446,1
topC3,-0.023020051905069706,-0.022703594392457727,-0.025699438360940925,-0.02524146191835422,1
topC3,-0.023020051905069706,-0.022703594392457727,-0.02524146191835422,-0.02478348547576751,6
topC3,-0.023020051905069706,-0.022703594392457727,-0.02478348547576751,-0.024325509033180807,14
topC3,-0.023020051905069706,-0.022703594392457727,-0.024325509033180807,-0.023867532590594098,58
topC3,-0.023020051905069706,-0.022703594392457727,-0.023867532590594098,-0.023409556148007393,101
topC3,-0.023020051905069706,-0.022703594392457727,-0.023409556148007393,-0.022951579705420687,136
topC3,-0.023020051905069706,-0.022703594392457727,-0.022951579705420687,-0.022493603262833978,176
topC3,-0.023020051905069706,-0.022703594392457727,-0.022493603262833978,-0.022035626820247272,122
topC3,-0.023020051905069706,-0.022703594392457727,-0.022035626820247272,-0.021577650377660566,57
topC3,-0.023020051905069706,-0.022703594392457727,-0.021577650377660566,-0.021119673935073857,24
topC3,-0.023020051905069706,-0.022703594392457727,-0.021119673935073857,-0.02066169749248715,4
topC3,-0.023020051905069706,-0.022703594392457727,-0.02066169749248715,-0.020203721049900446,1
topC3,-0.023020051905069706,-0.022703594392457727,-0.020203721049900446,-0.01974574460731374,1
topC3,-0.022703594392457727,-0.02238713687984575,-0.025699438360940925,-0.02524146191835422,2
topC3,-0.022703594392457727,-0.02238713687984575,-0.02524146191835422,-0.02478348547576751,3
topC3,-0.022703594392457727,-0.02238713687984575,-0.02478348547576751,-0.024325509033180807,5
topC3,-0.022703594392457727,-0.02238713687984575,-0.024325509033180807,-0.023867532590594098,25
topC3,-0.022703594392457727,-0.02238713687984575,-0.023867532590594098,-0.023409556148007393,75
topC3,-0.022703594392457727,-0.02238713687984575,-0.023409556148007393,-0.022951579705420687,103
topC3,-0.022703594392457727,-0.02238713687984575,-0.022951579705420687,-0.022493603262833978,164
topC3,-0.022703594392457727,-0.02238713687984575,-0.022493603262833978,-0.022035626820247272,161
topC3,-0.022703594392457727,-0.02238713687984575,-0.022035626820247272,-0.021577650377660566,118
topC3,-0.022703594392457727,-0.02238713687984575,-0.021577650377660566,-0.021119673935073857,44
topC3,-0.022703594392457727,-0.02238713687984575,-0.021119673935073857,-0.02066169749248715,19
topC3,-0.022703594392457727,-0.02238713687984575,-0.02066169749248715,-0.020203721049900446,8
topC3,-0.022703594392457727,-0.02238713687984575,-0.020203721049900446,-0.01974574460731374,1
topC3,-0.02238713687984575,-0.022070679367233774,-0.02524146191835422,-0.02478348547576751,1
topC3,-0.02238713687984575,-0.022070679367233774,-0.02478348547576751,-0.024325509033180807,2
topC3,-0.02238713687984575,-0.022070679367233774,-0.024325509033180807,-0.023867532590594098,9
topC3,-0.02238713687984575,-0.022070679367233774,-0.023867532590594098,-0.023409556148007393,20
topC3,-0.02238713687984575,-0.022070679367233774,-0.023409556148007393,-0.022951579705420687,70
topC3,-0.02238713687984575,-0.022070679367233774,-0.022951579705420687,-0.022493603262833978,124
topC3,-0.02238713687984575,-0.022070679367233774,-0.022493603262833978,-0.022035626820247272,171
topC3,-0.02238713687984575,-0.022070679367233774,-0.022035626820247272,-0.021577650377660566,152
topC3,-0.02238713687984575,-0.022070679367233774,-0.021577650377660566,-0.021119673935073857,84
topC3,-0.02238713687984575,-0.022070679367233774,-0.021119673935073857,-0.02066169749248715,26
topC3,-0.02238713687984575,-0.022070679367233774,-0.02066169749248715,-0.020203721049900446,17
topC3,-0.02238713687984575,-0.022070679367233774,-0.020203721049900446,-0.01974574460731374,5
topC3,-0.022070679367233774,-0.021754221854621794,-0.02524146191835422,-0.02478348547576751,1
topC3,-0.022070679367233774,-0.021754221854621794,-0.024325509033180807,-0.023867532590594098,3
topC3,-0.022070679367233774,-0.021754221854621794,-0.023867532590594098,-0.023409556148007393,8
topC3,-0.022070679367233774,-0.021754221854621794,-0.023409556148007393,-0.022951579705420687,31
topC3,-0.022070679367233774,-0.021754221854621794,-0.022951579705420687,-0.022493603262833978,82
topC3,-0.022070679367233774,-0.021754221854621794,-0.022493603262833978,-0.022035626820247272,126
topC3,-0.022070679367233774,-0.021754221854621794,-0.022035626820247272,-0.021577650377660566,143
topC3,-0.022070679367233774,-0.021754221854621794,-0.021577650377660566,-0.021119673935073857,110
topC3,-0.022070679367233774,-0.021754221854621794,-0.021119673935073857,-0.02066169749248715,65
topC3,-0.022070679367233774,-0.021754221854621794,-0.02066169749248715,-0.020203721049900446,27
topC3,-0.022070679367233774,-0.021754221854621794,-0.020203721049900446,-0.01974574460731374,8
topC3,-0.022070679367233774,-0.021754221854621794,-0.01974574460731374,-0.01928776816472703,2
topC3,-0.022070679367233774,-0.021754221854621794,-0.01928776816472703,-0.018829791722140325,1
topC3,-0.021754221854621794,-0.021437764342009814,-0.024325509033180807,-0.023867532590594098,2
topC3,-0.021754221854621794,-0.021437764342009814,-0.023867532590594098,-0.023409556148007393,6
topC3,-0.021754221854621794,-0.021437764342009814,-0.023409556148007393,-0.022951579705420687,11
topC3,-0.021754221854621794,-0.021437764342009814,-0.022951579705420687,-0.022493603262833978,36
topC3,-0.021754221854621794,-0.021437764342009814,-0.022493603262833978,-0.022035626820247272,67
topC3,-0.021754221854621794,-0.021437764342009814,-0.022035626820247272,-0.021577650377660566,89
topC3,-0.021754221854621794,-0.021437764342009814,-0.021577650377660566,-0.021119673935073857,94
topC3,-0.021754221854621794,-0.021437764342009814,-0.021119673935073857,-0.02066169749248715,88
topC3,-0.021754221854621794,-0.021437764342009814,-0.02066169749248715,-0.020203721049900446,50
topC3,-0.021754221854621794,-0.021437764342009814,-0.020203721049900446,-0.01974574460731374,27
topC3,-0.021754221854621794,-0.021437764342009814,-0.01974574460731374,-0.01928776816472703,7
topC3,-0.021754221854621794,-0.021437764342009814,-0.01928776816472703,-0.018829791722140325,2
topC3,-0.021754221854621794,-0.021437764342009814,-0.018829791722140325,-0.01837181527955362,1
topC3,-0.021437764342009814,-0.021121306829397838,-0.023409556148007393,-0.022951579705420687,3
topC3,-0.021437764342009814,-0.021121306829397838,-0.022951579705420687,-0.022493603262833978,12
topC3,-0.021437764342009814,-0.021121306829397838,-0.022493603262833978,-0.022035626820247272,29
topC3,-0.021437764342009814,-0.021121306829397838,-0.022035626820247272,-0.021577650377660566,61
topC3,-0.021437764342009814,-0.021121306829397838,-0.021577650377660566,-0.021119673935073857,94
topC3,-0.021437764342009814,-0.021121306829397838,-0.021119673935073857,-0.02066169749248715,78
topC3,-0.021437764342009814,-0.021121306829397838,-0.02066169749248715,-0.020203721049900446,49
topC3,-0.021437764342009814,-0.021121306829397838,-0.020203721049900446,-0.01974574460731374,41
topC3,-0.021437764342009814,-0.021121306829397838,-0.01974574460731374,-0.01928776816472703,22
topC3,-0.021437764342009814,-0.021121306829397838,-0.01928776816472703,-0.018829791722140325,4
topC3,-0.021437764342009814,-0.021121306829397838,-0.018829791722140325,-0.01837181527955362,3
topC3,-0.021121306829397838,-0.02080484931678586,-0.023409556148007393,-0.022951579705420687,1
topC3,-0.021121306829397838,-0.02080484931678586,-0.022951579705420687,-0.022493603262833978,2
topC3,-0.021121306829397838,-0.02080484931678586,-0.022493603262833978,-0.022035626820247272,13
topC3,-0.021121306829397838,-0.02080484931678586,-0.022035626820247272,-0.021577650377660566,27
topC3,-0.021121306829397838,-0.02080484931678586,-0.021577650377660566,-0.021119673935073857,50
topC3,-0.021121306829397838,-0.02080484931678586,-0.021119673935073857,-0.02066169749248715,69
topC3,-0.021121306829397838,-0.02080484931678586,-0.02066169749248715,-0.020203721049900446,49
topC3,-0.021121306829397838,-0.02080484931678586,-0.020203721049900446,-0.01974574460731374,43
topC3,-0.021121306829397838,-0.02080484931678586,-0.01974574460731374,-0.01928776816472703,20
topC3,-0.021121306829397838,-0.02080484931678586,-0.01928776816472703,-0.018829791722140325,13
topC3,-0.021121306829397838,-0.02080484931678586,-0.018829791722140325,-0.01837181527955362,3
topC3,-0.021121306829397838,-0.02080484931678586,-0.017913838836966914,-0.017455862394380205,2
topC3,-0.02080484931678586,-0.020488391804173882,-0.023867532590594098,-0.023409556148007393,1
topC3,-0.02080484931678586,-0.020488391804173882,-0.022951579705420687,-0.022493603262833978,3
topC3,-0.02080484931678586,-0.020488391804173882,-0.022493603262833978,-0.022035626820247272,4
topC3,-0.02080484931678586,-0.020488391804173882,-0.022035626820247272,-0.021577650377660566,8
topC3,-0.02080484931678586,-0.020488391804173882,-0.021577650377660566,-0.021119673935073857,10
topC3,-0.02080484931678586,-0.020488391804173882,-0.021119673935073857,-0.02066169749248715,40
topC3,-0.02080484931678586,-0.020488391804173882,-0.02066169749248715,-0.020203721049900446,43
topC3,-0.02080484931678586,-0.020488391804173882,-0.020203721049900446,-0.01974574460731374,42
topC3,-0.02080484931678586,-0.020488391804173882,-0.01974574460731374,-0.01928776816472703,37
topC3,-0.02080484931678586,-0.020488391804173882,-0.01928776816472703,-0.018829791722140325,14
topC3,-0.02080484931678586,-0.020488391804173882,-0.018829791722140325,-0.01837181527955362,5
topC3,-0.02080484931678586,-0.020488391804173882,-0.01837181527955362,-0.017913838836966914,5
topC3,-0.02080484931678586,-0.020488391804173882,-0.0169978859517935,-0.016539909509206793,1
topC3,-0.020488391804173882,-0.020171934291561902,-0.022035626820247272,-0.021577650377660566,4
topC3,-0.020488391804173882,-0.020171934291561902,-0.021577650377660566,-0.021119673935073857,15
topC3,-0.020488391804173882,-0.020171934291561902,-0.021119673935073857,-0.02066169749248715,10
topC3,-0.020488391804173882,-0.020171934291561902,-0.02066169749248715,-0.020203721049900446,23
topC3,-0.020488391804173882,-0.020171934291561902,-0.020203721049900446,-0.01974574460731374,30
topC3,-0.020488391804173882,-0.020171934291561902,-0.01974574460731374,-0.01928776816472703,36
topC3,-0.020488391804173882,-0.020171934291561902,-0.01928776816472703,-0.018829791722140325,22
topC3,-0.020488391804173882,-0.020171934291561902,-0.018829791722140325,-0.01837181527955362,12
topC3,-0.020488391804173882,-0.020171934291561902,-0.01837181527955362,-0.017913838836966914,4
topC3,-0.020488391804173882,-0.020171934291561902,-0.017913838836966914,-0.017455862394380205,1
topC3,-0.020488391804173882,-0.020171934291561902,-0.017455862394380205,-0.0169978859517935,2
topC3,-0.020488391804173882,-0.020171934291561902,-0.0169978859517935,-0.016539909509206793,1
topC3,-0.020171934291561902,-0.019855476778949922,-0.022493603262833978,-0.022035626820247272,1
topC3,-0.020171934291561902,-0.019855476778949922,-0.022035626820247272,-0.021577650377660566,1
topC3,-0.020171934291561902,-0.019855476778949922,-0.021577650377660566,-0.021119673935073857,3
topC3,-0.020171934291561902,-0.019855476778949922,-0.021119673935073857,-0.02066169749248715,5
topC3,-0.020171934291561902,-0.019855476778949922,-0.02066169749248715,-0.020203721049900446,6
topC3,-0.020171934291561902,-0.019855476778949922,-0.020203721049900446,-0.01974574460731374,16
topC3,-0.020171934291561902,-0.019855476778949922,-0.01974574460731374,-0.01928776816472703,25
topC3,-0.020171934291561902,-0.019855476778949922,-0.01928776816472703,-0.018829791722140325,28
topC3,-0.020171934291561902,-0.019855476778949922,-0.018829791722140325,-0.01837181527955362,16
topC3,-0.020171934291561902,-0.019855476778949922,-0.01837181527955362,-0.017913838836966914,7
topC3,-0.020171934291561902,-0.019855476778949922,-0.017913838836966914,-0.017455862394380205,3
topC3,-0.020171934291561902,-0.019855476778949922,-0.017455862394380205,-0.0169978859517935,3
topC3,-0.019855476778949922,-0.019539019266337946,-0.022493603262833978,-0.022035626820247272,1
topC3,-0.019855476778949922,-0.019539019266337946,-0.021577650377660566,-0.021119673935073857,1
topC3,-0.019855476778949922,-0.019539019266337946,-0.021119673935073857,-0.02066169749248715,4
topC3,-0.019855476778949922,-0.019539019266337946,-0.02066169749248715,-0.020203721049900446,4
topC3,-0.019855476778949922,-0.019539019266337946,-0.020203721049900446,-0.01974574460731374,12
topC3,-0.019855476778949922,-0.019539019266337946,-0.01974574460731374,-0.01928776816472703,9
topC3,-0.019855476778949922,-0.019539019266337946,-0.01928776816472703,-0.018829791722140325,15
topC3,-0.019855476778949922,-0.019539019266337946,-0.018829791722140325,-0.01837181527955362,16
topC3,-0.019855476778949922,-0.019539019266337946,-0.01837181527955362,-0.017913838836966914,17
topC3,-0.019855476778949922,-0.019539019266337946,-0.017913838836966914,-0.017455862394380205,11
topC3,-0.019855476778949922,-0.019539019266337946,-0.017455862394380205,-0.0169978859517935,3
topC3,-0.019855476778949922,-0.019539019266337946,-0.0169978859517935,-0.016539909509206793,3
topC3,-0.019539019266337946,-0.01922256175372597,-0.020203721049900446,-0.01974574460731374,1
topC3,-0.019539019266337946,-0.01922256175372597,-0.01974574460731374,-0.01928776816472703,2
topC3,-0.019539019266337946,-0.01922256175372597,-0.01928776816472703,-0.018829791722140325,9
topC3,-0.019539019266337946,-0.01922256175372597,-0.018829791722140325,-0.01837181527955362,10
topC3,-0.019539019266337946,-0.01922256175372597,-0.01837181527955362,-0.017913838836966914,11
topC3,-0.019539019266337946,-0.01922256175372597,-0.017913838836966914,-0.017455862394380205,11
topC3,-0.019539019266337946,-0.01922256175372597,-0.017455862394380205,-0.0169978859517935,9
topC3,-0.019539019266337946,-0.01922256175372597,-0.0169978859517935,-0.016539909509206793,1
topC3,-0.019539019266337946,-0.01922256175372597,-0.016539909509206793,-0.016081933066620088,1
topC3,-0.019539019266337946,-0.01922256175372597,-0.016081933066620088,-0.015623956624033378,1
topC3,-0.01922256175372597,-0.01890610424111399,-0.01928776816472703,-0.018829791722140325,4
topC3,-0.01922256175372597,-0.01890610424111399,-0.018829791722140325,-0.01837181527955362,6
topC3,-0.01922256175372597,-0.01890610424111399,-0.01837181527955362,-0.017913838836966914,6
topC3,-0.01922256175372597,-0.01890610424111399,-0.017913838836966914,-0.017455862394380205,9
topC3,-0.01922256175372597,-0.01890610424111399,-0.017455862394380205,-0.0169978859517935,3
topC3,-0.01922256175372597,-0.01890610424111399,-0.0169978859517935,-0.016539909509206793,1
topC3,-0.01890610424111399,-0.01858964672850201,-0.021119673935073857,-0.02066169749248715,1
topC3,-0.01890610424111399,-0.01858964672850201,-0.01974574460731374,-0.01928776816472703,2
topC3,-0.01890610424111399,-0.01858964672850201,-0.018829791722140325,-0.01837181527955362,2
topC3,-0.01890610424111399,-0.01858964672850201,-0.01837181527955362,-0.017913838836966914,4
topC3,-0.01890610424111399,-0.01858964672850201,-0.017913838836966914,-0.017455862394380205,9
topC3,-0.01890610424111399,-0.01858964672850201,-0.017455862394380205,-0.0169978859517935,9
topC3,-0.01890610424111399,-0.01858964672850201,-0.0169978859517935,-0.016539909509206793,4
topC3,-0.01890610424111399,-0.01858964672850201,-0.016539909509206793,-0.016081933066620088,4
topC3,-0.01890610424111399,-0.01858964672850201,-0.015623956624033378,-0.015165980181446673,1
topC3,-0.01858964672850201,-0.018273189215890034,-0.01837181527955362,-0.017913838836966914,1
topC3,-0.01858964672850201,-0.018273189215890034,-0.017913838836966914,-0.017455862394380205,7
topC3,-0.01858964672850201,-0.018273189215890034,-0.017455862394380205,-0.0169978859517935,5
topC3,-0.01858964672850201,-0.018273189215890034,-0.0169978859517935,-0.016539909509206793,6
topC3,-0.01858964672850201,-0.018273189215890034,-0.016539909509206793,-0.016081933066620088,3
topC3,-0.01858964672850201,-0.018273189215890034,-0.016081933066620088,-0.015623956624033378,1
topC3,-0.01858964672850201,-0.018273189215890034,-0.015623956624033378,-0.015165980181446673,1
topC3,-0.018273189215890034,-0.017956731703278054,-0.018829791722140325,-0.01837181527955362,1
topC3,-0.018273189215890034,-0.017956731703278054,-0.017913838836966914,-0.017455862394380205,3
topC3,-0.018273189215890034,-0.017956731703278054,-0.017455862394380205,-0.0169978859517935,5
topC3,-0.018273189215890034,-0.017956731703278054,-0.0169978859517935,-0.016539909509206793,1
topC3,-0.018273189215890034,-0.017956731703278054,-0.016539909509206793,-0.016081933066620088,2
topC3,-0.018273189215890034,-0.017956731703278054,-0.016081933066620088,-0.015623956624033378,4
topC3,-0.018273189215890034,-0.017956731703278054,-0.015623956624033378,-0.015165980181446673,4
topC3,-0.017956731703278054,-0.017640274190666078,-0.0169978859517935,-0.016539909509206793,3
topC3,-0.017956731703278054,-0.017640274190666078,-0.016539909509206793,-0.016081933066620088,4
topC3,-0.017956731703278054,-0.017640274190666078,-0.016081933066620088,-0.015623956624033378,1
topC3,-0.017956731703278054,-0.017640274190666078,-0.015623956624033378,-0.015165980181446673,2
topC3,-0.017640274190666078,-0.017323816678054098,-0.017455862394380205,-0.0169978859517935,1
topC3,-0.017640274190666078,-0.017323816678054098,-0.0169978859517935,-0.016539909509206793,2
topC3,-0.017640274190666078,-0.017323816678054098,-0.016081933066620088,-0.015623956624033378,2
topC3,-0.017640274190666078,-0.017323816678054098,-0.015623956624033378,-0.015165980181446673,1
topC3,-0.017640274190666078,-0.017323816678054098,-0.015165980181446673,-0.014708003738859967,1
topC3,-0.017323816678054098,-0.017007359165442118,-0.016081933066620088,-0.015623956624033378,2
topC3,-0.017323816678054098,-0.017007359165442118,-0.015623956624033378,-0.015165980181446673,1
topC3,-0.017323816678054098,-0.017007359165442118,-0.015165980181446673,-0.014708003738859967,1
topC3,-0.017323816678054098,-0.017007359165442118,-0.013792050853686552,-0.013334074411099846,1
topC3,-0.017007359165442118,-0.01669090165283014,-0.016539909509206793,-0.016081933066620088,1
topC3,-0.017007359165442118,-0.01669090165283014,-0.015165980181446673,-0.014708003738859967,1
topC3,-0.017007359165442118,-0.01669090165283014,-0.014250027296273258,-0.013792050853686552,1
topC3,-0.01669090165283014,-0.016374444140218165,-0.015623956624033378,-0.015165980181446673,1
topC3,-0.01669090165283014,-0.016374444140218165,-0.014250027296273258,-0.013792050853686552,2
topC3,-0.016374444140218165,-0.016057986627606186,-0.016081933066620088,-0.015623956624033378,1
topC3,-0.016374444140218165,-0.016057986627606186,-0.015165980181446673,-0.014708003738859967,1
topC3,-0.016374444140218165,-0.016057986627606186,-0.014708003738859967,-0.014250027296273258,1
topC3,-0.016374444140218165,-0.016057986627606186,-0.013792050853686552,-0.013334074411099846,1
topC3,-0.016057986627606186,-0.015741529114994206,-0.016539909509206793,-0.016081933066620088,1
topC3,-0.016057986627606186,-0.015741529114994206,-0.016081933066620088,-0.015623956624033378,1
topC3,-0.016057986627606186,-0.015741529114994206,-0.015165980181446673,-0.014708003738859967,1
topC3,-0.016057986627606186,-0.015741529114994206,-0.014708003738859967,-0.014250027296273258,1
topC3,-0.016057986627606186,-0.015741529114994206,-0.014250027296273258,-0.013792050853686552,2
topC3,-0.016057986627606186,-0.015741529114994206,-0.013334074411099846,-0.01287609796851314,1
topC3,-0.015741529114994206,-0.01542507160238223,-0.014250027296273258,-0.013792050853686552,1
topC3,-0.015741529114994206,-0.01542507160238223,-0.013334074411099846,-0.01287609796851314,1
topC3,-0.01542507160238223,-0.01510861408977025,-0.013792050853686552,-0.013334074411099846,1
topC3,-0.01542507160238223,-0.01510861408977025,-0.013334074411099846,-0.01287609796851314,1
topC3,-0.01510861408977025,-0.014792156577158273,-0.012418121525926432,-0.011960145083339726,1
topC3,-0.014792156577158273,-0.014475699064546294,-0.012418121525926432,-0.011960145083339726,1
topC3,-0.014475699064546294,-0.014159241551934314,-0.012418121525926432,-0.011960145083339726,1
topC3,-0.013209869014098381,-0.0128934115014864,-0.010586215755579605,-0.0101282393129929,1
