disorder	threshold	phenotype	stratum	n	n_families	n_multi_families	n_pairs	beta_within	se_within	p_within	beta_between	se_between	p_between	beta_diff	se_diff	z_diff	p_diff
ALZ	0p001	baseline_thickness	EUR	4116	3447	655	686	0.0941559145860599	0.0398063969275535	0.0182851602209955	-0.00397673797442785	0.0170878994981379	0.815990669164222	-0.0981326525604878	0.0432533935742007	-2.2687850467072	0.0232814007484377
ALZ	0p01	baseline_thickness	EUR	4116	3447	655	686	0.0757932470447318	0.0394084301085395	0.054852175217778	0.00314511269157592	0.0171218753957618	0.854267565100415	-0.0726481343531559	0.0429243858630522	-1.69246764729344	0.0905568436788587
ALZ	0p05	baseline_thickness	EUR	4116	3447	655	686	0.050843027530523	0.039608497704588	0.199694193293354	0.0109889857787573	0.0171266237396222	0.521154537111301	-0.0398540417517657	0.0431302191246451	-0.924039862551792	0.355465561786561
ALZ	0p1	baseline_thickness	EUR	4116	3447	655	686	0.0488920275599862	0.0396874772530437	0.218391547972042	0.0234549255201155	0.0171977195090551	0.172706559557425	-0.0254371020398707	0.0432348172570009	-0.588347624754947	0.556298985159195
ALZ	0p5	baseline_thickness	EUR	4116	3447	655	686	0.0104221848761692	0.0398465395346187	0.793739297128378	0.0156169382036543	0.0172028842364392	0.36404194607775	0.00519475332748509	0.0433846352671152	0.119737167213726	0.904691356971175
ALZ	1	baseline_thickness	EUR	4116	3447	655	686	0.00977729563225412	0.0399012616872619	0.806499579585263	0.0164529286270577	0.0171957989635909	0.338735144652404	0.00667563299480358	0.0434319280800968	0.153703353498201	0.877843640497321
ALZ	1e-5	baseline_thickness	EUR	4116	3447	655	686	0.0706304994156653	0.040669656194973	0.0828829123492335	-0.017263507551965	0.0170399262871764	0.311073335928471	-0.0878940069676304	0.0440723218737786	-1.99431305705552	0.0461178532063486
ALZ	5e-8	baseline_thickness	EUR	4116	3447	655	686	0.0652318596758217	0.0413967373192325	0.115531881886194	-0.0224088453215339	0.0169986361933412	0.187499661163875	-0.0876407049973556	0.0447501885508272	-1.95844325656446	0.0501780232105209
ALZ	0p001	baseline_thickness	full	8082	6789	1250	1339	0.063931746948059	0.0305733545073594	0.036704491436744	0.00869555569171133	0.0123091536968525	0.479944951587933	-0.0552361912563477	0.0329351650842734	-1.67711900380675	0.0935192133623285
ALZ	0p01	baseline_thickness	full	8082	6789	1250	1339	0.0588801446851045	0.0346263738519198	0.0892759704969274	0.0101428992744435	0.0140821331463568	0.471385069332327	-0.048737245410661	0.0373052993509783	-1.30644295203553	0.191401967276424
ALZ	0p05	baseline_thickness	full	8082	6789	1250	1339	0.0786265492684049	0.0391616988337745	0.0448678555014287	0.0192712210591456	0.0158399602223203	0.223790440100329	-0.0593553282092593	0.0421212004756837	-1.40915566363131	0.158789144458258
ALZ	0p1	baseline_thickness	full	8082	6789	1250	1339	0.0618701627315186	0.0412244597246326	0.133635683823001	0.0232538553730138	0.0166679449727054	0.163023449442498	-0.0386163073585048	0.0443006303657138	-0.871687536717123	0.38337886127561
ALZ	0p5	baseline_thickness	full	8082	6789	1250	1339	0.0490268757251414	0.0425092442675307	0.248980052179807	0.0146977836912256	0.0173820546777965	0.397820799654926	-0.0343290920339158	0.0457045624487539	-0.751108646372169	0.452587272565429
ALZ	1	baseline_thickness	full	8082	6789	1250	1339	0.0431248246725384	0.0422975247285945	0.308118469768874	0.0153157119564786	0.0172847722320633	0.375604745516537	-0.0278091127160598	0.045481935674641	-0.611432040073993	0.540913596712373
ALZ	1e-5	baseline_thickness	full	8082	6789	1250	1339	0.0684907598107626	0.0297859522440849	0.021631266143761	-2.54897541687934e-05	0.0119894542337069	0.998303749687696	-0.0685162495649314	0.0321096550544833	-2.1338207915555	0.0328574532669227
ALZ	5e-8	baseline_thickness	full	8082	6789	1250	1339	0.0608150270325052	0.0303190878070517	0.0450717904054281	-0.00390943136275481	0.0120338298039495	0.745289424282129	-0.06472445839526	0.0326241439661769	-1.98394350093486	0.0472621387419714
ALZ	0p001	global_slope	EUR	4116	3447	655	686	0.0188173422960392	0.0514051290407724	0.714413560051262	-0.0409991412849295	0.0156546792927147	0.00885857927252395	-0.0598164835809687	0.053689511892999	-1.11411859545642	0.26522831210421
ALZ	0p01	global_slope	EUR	4116	3447	655	686	-0.0337412255830499	0.05089849791165	0.507571368761878	-0.0237624032712008	0.015710214642301	0.130487144210095	0.00997882231184911	0.0532363925425991	0.187443623342137	0.851312822195297
ALZ	0p05	global_slope	EUR	4116	3447	655	686	-0.0669151300536115	0.0510305403887807	0.190128276474139	-0.0334448966343549	0.0157113842354667	0.0333495374178806	0.0334702334192567	0.0533781224412229	0.627040290825371	0.530632824826077
ALZ	0p1	global_slope	EUR	4116	3447	655	686	-0.0528849120518373	0.0511604568887886	0.301575168190474	-0.0343128497855102	0.015764795621138	0.0295825420593323	0.0185720622663271	0.0535211895757626	0.347003914029921	0.728588378296792
ALZ	0p5	global_slope	EUR	4116	3447	655	686	-0.0238061261612349	0.0513083985159998	0.642783024894705	-0.0366389560429879	0.0157718362715936	0.0202340816588596	-0.012832829881753	0.0536660430664132	-0.239123832287617	0.81100956226319
ALZ	1	global_slope	EUR	4116	3447	655	686	-0.0262501118302543	0.0513779147775461	0.609541563543502	-0.035704941532555	0.0157648040791458	0.0235840535857263	-0.00945482970230064	0.0537303229895211	-0.17596822755271	0.860318903654198
ALZ	1e-5	global_slope	EUR	4116	3447	655	686	0.0573953991761897	0.0523929782131733	0.273624373263567	-0.0309774191953078	0.0156063522663828	0.0472333728729443	-0.0883728183714976	0.0546541752440809	-1.61694542048859	0.105890062837622
ALZ	5e-8	global_slope	EUR	4116	3447	655	686	0.0633530953586202	0.0533360842438518	0.235248780539863	-0.0302653783846648	0.0155705704001885	0.0520075175189067	-0.093618473743285	0.0555639925178897	-1.68487665304366	0.0920123718735432
ALZ	0p001	global_slope	full	8082	6789	1250	1339	0.0189896782137333	0.0377998986078569	0.615473589785114	-0.0313775665069944	0.0116180604063998	0.00693560712245882	-0.0503672447207278	0.0395280385875806	-1.2742156332683	0.202587006260318
ALZ	0p01	global_slope	full	8082	6789	1250	1339	0.00996537747246005	0.0428114275740732	0.815966833027042	-0.0247668846828873	0.0133049433358063	0.0627200461887479	-0.0347322621553474	0.0447750640649234	-0.775705470906439	0.437922908870989
ALZ	0p05	global_slope	full	8082	6789	1250	1339	-0.0309660043721685	0.048429658578664	0.522653100241588	-0.0392440214012847	0.0149664164053395	0.00875769720403629	-0.00827801702911621	0.0505980103341562	-0.163603607621072	0.870043204505349
ALZ	0p1	global_slope	full	8082	6789	1250	1339	0.00564063500346937	0.0509602064538613	0.911878383037487	-0.0328522723529896	0.0157493789113108	0.037021736929647	-0.038492907356459	0.0532142779666566	-0.723356753624999	0.469460733292336
ALZ	0p5	global_slope	full	8082	6789	1250	1339	0.0289202309797899	0.052505821006791	0.58184723958579	-0.0391168203636432	0.0164241270449373	0.0172621659938262	-0.0680370513434331	0.054849147804722	-1.2404395340045	0.214812866001787
ALZ	1	global_slope	full	8082	6789	1250	1339	0.022675550567872	0.052241978962264	0.664311687439953	-0.0388309587045215	0.0163314895718959	0.0174501185079832	-0.0615065092723935	0.054577241835402	-1.12696258007851	0.259758302463931
ALZ	1e-5	global_slope	full	8082	6789	1250	1339	0.0485727948854361	0.0368075468187889	0.187142998378683	-0.0268054279342571	0.0113101825396127	0.0178152324528659	-0.0753782228196932	0.0385074180412669	-1.95749875358855	0.050288858183159
ALZ	5e-8	global_slope	full	8082	6789	1250	1339	0.0681657339450764	0.0374358678342076	0.0688138619250067	-0.0229443978246783	0.0113534646413808	0.0433285059599565	-0.0911101317697546	0.0391232824695846	-2.3287956944969	0.0198698916138617
ALZ	0p001	slope_PC1	EUR	4116	3447	655	686	-0.0627647247251211	0.0551526266883734	0.255463046149467	0.0456694673161348	0.0161673834333733	0.00475949188260456	0.108434192041256	0.0574269612000823	1.88821051602327	0.0589976946209236
ALZ	0p01	slope_PC1	EUR	4116	3447	655	686	-0.0426741669976971	0.054607742812779	0.434766203635625	0.0283236865474624	0.0162315517977298	0.08108066172903	0.0709978535451595	0.056937289888771	1.24694824224785	0.212416476144323
ALZ	0p05	slope_PC1	EUR	4116	3447	655	686	0.0275237225171117	0.0548131249118227	0.615713276467425	0.026552352301773	0.0162387585491098	0.102117569280218	-0.00097137021533868	0.0571515671335281	-0.0169963880967461	0.986439497238033
ALZ	0p1	slope_PC1	EUR	4116	3447	655	686	0.037412752729001	0.0549159569512414	0.495902088767255	0.0293296187729223	0.0162905579642763	0.0718875185759391	-0.00808313395607871	0.0572681202509974	-0.141145438695239	0.887755048045791
ALZ	0p5	slope_PC1	EUR	4116	3447	655	686	0.0634108856577584	0.0550064881004413	0.249351611291762	0.0260366150180927	0.0163027924803617	0.110346207345234	-0.0373742706396656	0.0573597891482963	-0.651576151074045	0.514674636915854
ALZ	1	slope_PC1	EUR	4116	3447	655	686	0.0638894305930771	0.0550826448958563	0.246452876341274	0.0262842598333476	0.0162943726790444	0.106820280698539	-0.0376051707597295	0.0574303097712869	-0.654796585800949	0.51259872913568
ALZ	1e-5	slope_PC1	EUR	4116	3447	655	686	-0.0597828211994138	0.0562389300563592	0.288105048302657	0.0466167280556615	0.0161087233594308	0.00383017082921473	0.106399549255075	0.0584871888919081	1.81919410508369	0.068881821880443
ALZ	5e-8	slope_PC1	EUR	4116	3447	655	686	-0.0488570687418708	0.0572622749641453	0.393802592804349	0.0497777626895052	0.016069498839385	0.00196704307755202	0.098634831431376	0.0594763095331685	1.65838856185873	0.097239063786131
ALZ	0p001	slope_PC1	full	8082	6789	1250	1339	-0.0869027243122707	0.039520237807713	0.0280283477241755	0.0181292844873895	0.0119919433683057	0.130635427158725	0.10503200879966	0.0412822382261652	2.54424210781017	0.0109515147832971
ALZ	0p01	slope_PC1	full	8082	6789	1250	1339	-0.113147189439225	0.0447248775766333	0.0115091355173656	0.0132659929993455	0.0137316935099735	0.334036414506097	0.126413182438571	0.046728055929514	2.70529513637922	0.00682437273306063
ALZ	0p05	slope_PC1	full	8082	6789	1250	1339	-0.0436373729905379	0.0507033043404892	0.389567476116092	0.023351639836496	0.0154482616551384	0.130682427868218	0.0669890128270338	0.0529112510226406	1.26606367326997	0.205490286935616
ALZ	0p1	slope_PC1	full	8082	6789	1250	1339	-0.0488362631567732	0.0533387931846745	0.360025214365996	0.0252622065259733	0.0162531208523134	0.120160950858772	0.0740984696827464	0.0556336405436772	1.33190042856485	0.182892910210403
ALZ	0p5	slope_PC1	full	8082	6789	1250	1339	-0.0190368738194885	0.0549735017343735	0.729169964860821	0.0277409800363615	0.0169510587886077	0.101775406917328	0.04677785385585	0.0573589650855348	0.815528205331005	0.414770026389693
ALZ	1	slope_PC1	full	8082	6789	1250	1339	-0.0099056042884034	0.0546981311675088	0.856315796737952	0.0282326317656973	0.0168550911657723	0.0939773184040403	0.0381382360541007	0.0570752505519474	0.668209700093896	0.503999744469638
ALZ	1e-5	slope_PC1	full	8082	6789	1250	1339	-0.111345010960775	0.0384626047962771	0.00384582169340548	0.0143372079989322	0.011672470930349	0.219381235912694	0.125682218959707	0.0401961872173536	3.12671991201811	0.00176768245542
ALZ	5e-8	slope_PC1	full	8082	6789	1250	1339	-0.117002538847427	0.039124431821483	0.00282878059603606	0.0157440532143601	0.0117160736105103	0.179059682817818	0.132746592061787	0.040844764074965	3.25002714713075	0.00115393992397544
ALZ	0p001	slope_PC2	EUR	4116	3447	655	686	-0.0311091459704345	0.0536773001605964	0.562372593983914	0.0467981469259051	0.0166300891435961	0.00491993255242384	0.0779072928963396	0.0561443329333106	1.38762522993869	0.165251194659173
ALZ	0p01	slope_PC2	EUR	4116	3447	655	686	-0.0439463412969483	0.0530962555843421	0.408098832445968	0.0506716183323919	0.0166764675281238	0.00239534489154129	0.0946179596293402	0.0556197140605554	1.70115868496422	0.0889131935728395
ALZ	0p05	slope_PC2	EUR	4116	3447	655	686	0.0316518500379422	0.0532763136992611	0.55260557072371	0.0284592721996089	0.016699986925292	0.0884432845597322	-0.00319257783833336	0.0558148442705077	-0.0571994400425175	0.954386324213161
ALZ	0p1	slope_PC2	EUR	4116	3447	655	686	0.034478779779179	0.0533638734832425	0.518392093347216	0.0281401512355298	0.0167603297903241	0.0932484239545958	-0.00633862854364919	0.0559198479341908	-0.113352034703471	0.90975146530195
ALZ	0p5	slope_PC2	EUR	4116	3447	655	686	0.0891252325039315	0.0534308262818338	0.0956914684391835	0.0284037152530617	0.0167668539457211	0.0903484474201915	-0.0607215172508698	0.0559871501934984	-1.08456167247322	0.27811583813442
ALZ	1	slope_PC2	EUR	4116	3447	655	686	0.0960587463681766	0.0534903451105748	0.0728957571497739	0.0285666858916856	0.0167586834917118	0.088361444551927	-0.067492060476491	0.0560413813171274	-1.20432542685853	0.228463822678732
ALZ	1e-5	slope_PC2	EUR	4116	3447	655	686	-0.037834457594613	0.0547357516709087	0.489624473695185	0.0382155285856425	0.0165792600352921	0.0212254659816425	0.0760499861802555	0.0571765594390422	1.33009028396217	0.183488526378027
ALZ	5e-8	slope_PC2	EUR	4116	3447	655	686	-0.0111869146458739	0.0557096605665259	0.840899369722191	0.0354560673803333	0.0165448485844061	0.032181670883724	0.0466429820262072	0.0581160739194396	0.802583156096602	0.422215707181458
ALZ	0p001	slope_PC2	full	8082	6789	1250	1339	-0.0515425296855556	0.0392045656078878	0.18879364242415	0.0266638507887562	0.0122742747895487	0.0298650201238349	0.0782063804743118	0.0410627820355265	1.90455630616186	0.0568377708936925
ALZ	0p01	slope_PC2	full	8082	6789	1250	1339	-0.074415840013822	0.0443708115743667	0.093708530929832	0.0277121432849174	0.0140532034270583	0.0486564460246812	0.102127983298739	0.0464827711230246	2.19711477675116	0.0280122500376487
ALZ	0p05	slope_PC2	full	8082	6789	1250	1339	0.00998527811702472	0.0502386498998955	0.842477739495158	0.0210413393132	0.0158154632930736	0.183421923980128	0.0110560611961752	0.0525709369373176	0.210307478623746	0.833427698715726
ALZ	0p1	slope_PC2	full	8082	6789	1250	1339	-0.0267694216328392	0.0528521456943225	0.612576817522606	0.0286325542841796	0.0166386942642061	0.0853253171008142	0.0554019759170188	0.0552760139754637	1.00227878120175	0.316208967701179
ALZ	0p5	slope_PC2	full	8082	6789	1250	1339	0.0246144176865241	0.0544697213080974	0.651407155057919	0.0313038300300718	0.0173522821942822	0.0712729050970001	0.00668941234354772	0.0569891213373278	0.117380513799327	0.906558525052097
ALZ	1	slope_PC2	full	8082	6789	1250	1339	0.0365837749676469	0.0541911253006639	0.499715773870241	0.0320514939555789	0.0172540794608195	0.0632666404903614	-0.00453228101206799	0.0567019773763865	-0.0799316218195145	0.936291639709011
ALZ	1e-5	slope_PC2	full	8082	6789	1250	1339	-0.0599157094688554	0.0381895122459632	0.116864815517658	0.016995902162315	0.0119503224245095	0.155010973512288	0.0769116116311704	0.0400170355473983	1.92197174476036	0.0546093131702759
ALZ	5e-8	slope_PC2	full	8082	6789	1250	1339	-0.0590316288606228	0.0388556638034887	0.128893137125928	0.0150388209557304	0.0119955956544153	0.209996496950067	0.0740704498163533	0.0406690558332178	1.82129750245772	0.068561645896524
ALZ	0p001	slope_PC3	EUR	4116	3447	655	686	0.0888647406849038	0.0519435532029823	0.0875925316535096	-0.0362807483643648	0.0166062465221311	0.0289764787597435	-0.125145489049269	0.0544821536165355	-2.29699967314226	0.0216187883801572
ALZ	0p01	slope_PC3	EUR	4116	3447	655	686	0.0785285821072563	0.0514194853640956	0.127191895006774	-0.0192564901380381	0.0166613805374414	0.247864181377808	-0.0977850722452944	0.0540169819544951	-1.81026537779675	0.0702546433808455
ALZ	0p05	slope_PC3	EUR	4116	3447	655	686	0.045187064928194	0.0516997131553563	0.382423888998286	-0.0254797088648768	0.0166625601662391	0.126320320552688	-0.0706667737930708	0.0543006650564229	-1.30139794272579	0.193122277474912
ALZ	0p1	slope_PC3	EUR	4116	3447	655	686	0.0226536723893839	0.0518456985038194	0.662296607229575	-0.0282582718170605	0.0167203549194559	0.091112763031199	-0.0509119442064444	0.0544607852546556	-0.934836763156886	0.349872430386118
ALZ	0p5	slope_PC3	EUR	4116	3447	655	686	0.0201386212941363	0.0519535644174245	0.698418025714125	-0.0171216366846162	0.0167337499778665	0.306297772072812	-0.0372602579787525	0.0545690414818475	-0.682809464248097	0.494727248500915
ALZ	1	slope_PC3	EUR	4116	3447	655	686	0.0243713900905232	0.0520224716908659	0.639598897041546	-0.0171009715356064	0.0167260054378567	0.306658020489797	-0.0414723616261296	0.0546321481417142	-0.759120097539484	0.447780717837519
ALZ	1e-5	slope_PC3	EUR	4116	3447	655	686	0.0832259578456346	0.0529648205784504	0.116585223046063	-0.0405270247895844	0.0165492939302522	0.0143828409417972	-0.123752982635219	0.0554744121318472	-2.23081197041066	0.0256935866936337
ALZ	5e-8	slope_PC3	EUR	4116	3447	655	686	0.0837452850898042	0.0539077653201944	0.120788871947538	-0.0409415353831692	0.0165115630556876	0.0132042227489073	-0.124686820472973	0.0563810666246258	-2.21150162523732	0.0270011194539299
ALZ	0p001	slope_PC3	full	8082	6789	1250	1339	0.0864864839562786	0.0387346811895545	0.0257081908440374	-0.00618446988999207	0.0120762253294215	0.608584450132267	-0.0926709538462707	0.0405555852318757	-2.28503554606416	0.0223107435603765
ALZ	0p01	slope_PC3	full	8082	6789	1250	1339	0.120487265594285	0.0438124666374718	0.00602923700925493	0.00238820036510638	0.0138263350573371	0.862870173625768	-0.118099065229178	0.0458831747457175	-2.57390788417929	0.010055704159583
ALZ	0p05	slope_PC3	full	8082	6789	1250	1339	0.106274968640121	0.0496270074811205	0.0323948747217297	-0.0154905548289864	0.0155552415759553	0.319363267142442	-0.121765523469107	0.0519114201084832	-2.34564038538427	0.0189944240277626
ALZ	0p1	slope_PC3	full	8082	6789	1250	1339	0.0765815004247703	0.0522525647060547	0.142963732086709	-0.0198465249809086	0.0163659581740903	0.225298622845842	-0.0964280254056789	0.0546250495790258	-1.76527117410076	0.0775182017151508
ALZ	0p5	slope_PC3	full	8082	6789	1250	1339	0.0809789805819887	0.0538432678894665	0.132795537289034	-0.012348696465111	0.0170698277916446	0.46944579140747	-0.0933276770470996	0.0563101955005605	-1.65738506530617	0.0974416488993053
ALZ	1	slope_PC3	full	8082	6789	1250	1339	0.0798881942775179	0.0535717487811043	0.136106934982987	-0.0122400825755427	0.0169735510616517	0.470856824557093	-0.0921282768530607	0.056030229460433	-1.64426020989472	0.100122464647311
ALZ	1e-5	slope_PC3	full	8082	6789	1250	1339	0.112097300261956	0.0376912476579185	0.00298510365284662	-0.0115252144690114	0.0117543961500115	0.326874120741311	-0.123622514730968	0.0394829964202426	-3.13103173363984	0.00174193336654467
ALZ	5e-8	slope_PC3	full	8082	6789	1250	1339	0.110244484103232	0.0383519614903824	0.00410267698052916	-0.0120899931627294	0.0117986054567332	0.305543853844281	-0.122334477265961	0.0401296111606351	-3.04848399293648	0.002299991656781
ALZ	0p001	slope_projC3	EUR	4116	3447	655	686	0.0467542186085287	0.051676823300517	0.365878232284341	0.00917582754953819	0.0165018874566205	0.578214970277398	-0.0375783910589905	0.0541966863124109	-0.693370639717232	0.488076982686503
ALZ	0p01	slope_projC3	EUR	4116	3447	655	686	0.0373016659801072	0.051123175839271	0.465825440005526	0.0284404332773053	0.0165433355838855	0.0856771872738009	-0.00886123270280189	0.0536989933719384	-0.16501673767748	0.868930807899478
ALZ	0p05	slope_projC3	EUR	4116	3447	655	686	0.038247866575824	0.0513142422337979	0.456273347504674	-0.00223365383135103	0.0165561866980671	0.892688096510918	-0.040481520407175	0.0539012506295417	-0.751031190081298	0.452633885097088
ALZ	0p1	slope_projC3	EUR	4116	3447	655	686	0.0309659693012846	0.0514275881166363	0.547262681589159	-0.00558885561001531	0.0166159753916251	0.736624252212945	-0.0365548249112999	0.0540308961575475	-0.676554110905556	0.498688902980574
ALZ	0p5	slope_projC3	EUR	4116	3447	655	686	0.0625133909603835	0.0515312648317897	0.225449873180034	-0.00540361114834423	0.0166222209544397	0.745137601207295	-0.0679170021087277	0.0541329607406177	-1.25463305866748	0.209611996815354
ALZ	1	slope_projC3	EUR	4116	3447	655	686	0.0690887320485443	0.0515917653525252	0.180911350455549	-0.00623191453609161	0.0166143700892589	0.707615332440047	-0.0753206465846359	0.0541880198248142	-1.38998706408062	0.164532805532641
ALZ	1e-5	slope_projC3	EUR	4116	3447	655	686	0.0262010349790066	0.0526897527345375	0.619137153516934	-0.00262656943936117	0.0164493672864753	0.873145765500211	-0.0288276044183678	0.0551821760354905	-0.522407894893946	0.601386360275018
ALZ	5e-8	slope_projC3	EUR	4116	3447	655	686	0.0557748574299911	0.0535954350648528	0.298350781570385	-0.00682275838330113	0.0164118687314476	0.677640356580798	-0.0625976158132922	0.0560532281635844	-1.11675309101929	0.264099910768111
ALZ	0p001	slope_projC3	full	8082	6789	1250	1339	0.0549463351142309	0.0380412390597656	0.148828078007895	0.00767836001673218	0.0121100708003381	0.526071343545085	-0.0472679750974987	0.0399039432913675	-1.18454396229368	0.236197804557278
ALZ	0p01	slope_projC3	full	8082	6789	1250	1339	0.0635463126890438	0.0430583830016607	0.140192239508381	0.016909610366714	0.0138632212814708	0.222603553502713	-0.0466367023223298	0.0451746871103287	-1.03236359354145	0.301901820222968
ALZ	0p05	slope_projC3	full	8082	6789	1250	1339	0.0720156438572346	0.0487102940401918	0.13948720616924	-0.00997863050384677	0.0156000683461594	0.522419825301527	-0.0819942743610814	0.0510488804305198	-1.6061914320076	0.108231855320519
ALZ	0p1	slope_projC3	full	8082	6789	1250	1339	0.0396683214844486	0.0512743568579939	0.439254432460335	-0.00339610660445278	0.0164145887158161	0.836097599089761	-0.0430644280889014	0.0537041851379003	-0.801882162038613	0.422621125504705
ALZ	0p5	slope_projC3	full	8082	6789	1250	1339	0.0581378835433561	0.0528332219740184	0.271323725401227	-0.00264693670107301	0.0171187157227724	0.877123629114618	-0.0607848202444291	0.0553593263519964	-1.09800505623814	0.272202281405483
ALZ	1	slope_projC3	full	8082	6789	1250	1339	0.0632965451190565	0.0525618828302606	0.228681395043028	-0.00254254452105049	0.017022237802875	0.881269246358793	-0.065839089640107	0.055079582822901	-1.19534474056932	0.231952366179812
ALZ	1e-5	slope_projC3	full	8082	6789	1250	1339	0.0743152975795342	0.0370390406338468	0.0449835762939703	-0.000367999215939474	0.0117891618978232	0.975098971402337	-0.0746832967954737	0.0388713609073851	-1.92129359641959	0.0546947039982554
ALZ	5e-8	slope_projC3	full	8082	6789	1250	1339	0.0932088878621075	0.0376558758702587	0.0134176831260424	-0.00263613339054399	0.0118333761783998	0.823720504828598	-0.0958450212526515	0.039475268459082	-2.42797642660745	0.0151833301263477
ALZ	0p001	slope_projDelta	EUR	4116	3447	655	686	-0.0507482923142153	0.0546723140892222	0.353558338707201	0.00850912407096005	0.0164856890108828	0.605781675233686	0.0592574163851753	0.0570552263130547	1.03859751707999	0.298991961037562
ALZ	0p01	slope_projDelta	EUR	4116	3447	655	686	-0.0281157918120658	0.0541096432831658	0.603474867097666	0.0193793742471339	0.016534876008435	0.241266202918396	0.0474951660591998	0.0565467140423555	0.839927958035266	0.400948780780954
ALZ	0p05	slope_projDelta	EUR	4116	3447	655	686	0.00611224377225286	0.0543182365751631	0.910433001001761	0.00194926896752331	0.0165441446584364	0.906215359570582	-0.00416297480472955	0.0567648318920364	-0.073337217181358	0.941537776394626
ALZ	0p1	slope_projDelta	EUR	4116	3447	655	686	0.00546323895340017	0.05443337958483	0.920078210602993	-0.00575686469613763	0.0165998385271861	0.728761156965388	-0.0112201036495378	0.0568945444972295	-0.197208778955672	0.84366416090883
ALZ	0p5	slope_projDelta	EUR	4116	3447	655	686	0.0288992327371415	0.0545734993381736	0.596567055412306	-0.00532275396860755	0.0166076274162202	0.74860849684579	-0.0342219867057491	0.0570323023471624	-0.600045681085006	0.548475791794548
ALZ	1	slope_projDelta	EUR	4116	3447	655	686	0.0299829385268089	0.0546485420663488	0.583392389897143	-0.00691724088581878	0.0165992859168569	0.676910017293444	-0.0369001794126277	0.0571015607007528	-0.646220155102367	0.518136788443263
ALZ	1e-5	slope_projDelta	EUR	4116	3447	655	686	0.0320359699945024	0.0557527134035254	0.565710932079723	-0.000158225334451599	0.0164296616169291	0.992316684648807	-0.032194195328954	0.0581089042311376	-0.554032049905748	0.579556911776989
ALZ	5e-8	slope_projDelta	EUR	4116	3447	655	686	0.0450089220995238	0.0567383641160855	0.427845366732016	0.00102024413205425	0.0163926487706202	0.950377050567511	-0.0439886779674696	0.0590607226379503	-0.744804262506671	0.45639005771348
ALZ	0p001	slope_projDelta	full	8082	6789	1250	1339	-0.0259565490321215	0.0398282245214998	0.514675807918436	-0.00111953358394649	0.0121348878502785	0.926496255303502	0.024837015448175	0.0416182114556483	0.59678238394851	0.550652680724571
ALZ	0p01	slope_projDelta	full	8082	6789	1250	1339	0.0183647063307515	0.0450901721457304	0.683848007514817	0.0143665971637532	0.0138934102947117	0.30114581757464	-0.00399810916699827	0.0471238892668462	-0.0848425125599962	0.932386595228898
ALZ	0p05	slope_projDelta	full	8082	6789	1250	1339	0.0199782500733412	0.0510173460064683	0.695405496281755	-0.00678806637157835	0.0156331082020788	0.664149132465121	-0.0267663164449196	0.0532639905801959	-0.50252180043888	0.615300521346545
ALZ	0p1	slope_projDelta	full	8082	6789	1250	1339	0.0072678032499825	0.0536749343206659	0.892308638758524	-0.00367592837010723	0.0164480018399693	0.823162618891746	-0.0109437316200897	0.0560098905667585	-0.195389269812014	0.845088216177732
ALZ	0p5	slope_projDelta	full	8082	6789	1250	1339	0.0231107945498503	0.055317226939261	0.676156531849351	0.00202646191168029	0.0171537032942413	0.905963785168961	-0.02108433263817	0.0577443263803792	-0.36513254132157	0.715012470915159
ALZ	1	slope_projDelta	full	8082	6789	1250	1339	0.0228489809460989	0.0550369864337037	0.678080086053749	0.00154918708602713	0.0170568950631604	0.927634594970661	-0.0212997938600718	0.0574558140842532	-0.370716074596694	0.710849016343905
ALZ	1e-5	slope_projDelta	full	8082	6789	1250	1339	0.0473691386137612	0.0387951327005661	0.222254673776083	-0.00802411061776324	0.0118105403780702	0.496906386277571	-0.0553932492315244	0.0405545086737972	-1.36589619854807	0.17197154609095
ALZ	5e-8	slope_projDelta	full	8082	6789	1250	1339	0.0631405979718839	0.0394548882911449	0.109715012830166	-0.0111811023369044	0.0118546162218375	0.345620088924578	-0.0743217003087884	0.0412011394279982	-1.80387487677788	0.071250924265839
ALZ	0p001	slope_topC3	EUR	4116	3447	655	686	0.0445640995477747	0.0515218816829798	0.387334128368082	-0.0332748885784838	0.0159457214170811	0.0369848230365399	-0.0778389881262585	0.0538850362032421	-1.44453810576776	0.148587668891022
ALZ	0p01	slope_topC3	EUR	4116	3447	655	686	-0.000804981942246023	0.0510462872006381	0.987422283325873	-0.0178908595596332	0.0159977762999214	0.263503302973859	-0.0170858776173872	0.05346200854545	-0.319589145306089	0.749279803961009
ALZ	0p05	slope_topC3	EUR	4116	3447	655	686	-0.0364563436831522	0.0511946608003475	0.476612730180025	-0.0344399128432288	0.0159969922916116	0.0313967146364575	0.00201643083992339	0.0536190171491932	0.0376066356142398	0.970001317210999
ALZ	0p1	slope_topC3	EUR	4116	3447	655	686	-0.0192813651512287	0.0513260385509323	0.707270754606935	-0.0344193255168182	0.0160522232664167	0.0320873812446216	-0.0151379603655895	0.053764151000916	-0.281562343750794	0.778279117729451
ALZ	0p5	slope_topC3	EUR	4116	3447	655	686	0.00978566923890043	0.051444278528562	0.849188142708074	-0.0375678342167112	0.0160588000676296	0.0193729868237891	-0.0473535034556116	0.0538803862976802	-0.878863473509477	0.379475305570199
ALZ	1	slope_topC3	EUR	4116	3447	655	686	0.00942805898241421	0.0515165700316171	0.854838495083436	-0.0375091027808491	0.0160510825194	0.0195046386796402	-0.0469371617632633	0.0539469927710847	-0.870060764321628	0.38426719806018
ALZ	1e-5	slope_topC3	EUR	4116	3447	655	686	0.059505211532099	0.0525196047669204	0.257564879588682	-0.0286245226259375	0.0158937085355142	0.0717932297145363	-0.0881297341580365	0.0548574813225306	-1.60652170011022	0.108159330946214
ALZ	5e-8	slope_topC3	EUR	4116	3447	655	686	0.0810668359347878	0.0534301570059297	0.129617865125817	-0.0293115691323499	0.0158567821354894	0.0646152543641187	-0.110378405067138	0.0557349536129757	-1.98041620046205	0.047656781049596
ALZ	0p001	slope_topC3	full	8082	6789	1250	1339	0.0475097275506307	0.037739372371503	0.208265962437596	-0.0235349655404209	0.0118157920726499	0.0464314316065446	-0.0710446930910516	0.0395282138380235	-1.79731604828325	0.0722854598967479
ALZ	0p01	slope_topC3	full	8082	6789	1250	1339	0.0434264360784758	0.0427499350588217	0.309877049125264	-0.0179809587694708	0.0135287715898019	0.183863642382257	-0.0614073948479466	0.0447814942885334	-1.37126721257425	0.170291672618275
ALZ	0p05	slope_topC3	full	8082	6789	1250	1339	0.0109602975506081	0.0483766304558947	0.820795361858137	-0.0387158701919816	0.0152171710631652	0.0109744850927446	-0.0496761677425898	0.0506189815716615	-0.981374302686493	0.326408193599826
ALZ	0p1	slope_topC3	full	8082	6789	1250	1339	0.0427799774412717	0.0508884346247328	0.40067140311449	-0.0321564516734281	0.0160134380141586	0.0446739188051165	-0.0749364291146998	0.0532202353720298	-1.40804392522629	0.159118063684426
ALZ	0p5	slope_topC3	full	8082	6789	1250	1339	0.0653080743030564	0.0524175269553983	0.212988262412705	-0.0366977398661114	0.016700357183844	0.0280246232050535	-0.102005814169168	0.0548425284354466	-1.85997650143421	0.0628888506297408
ALZ	1	slope_topC3	full	8082	6789	1250	1339	0.0627091194396175	0.0521554107964785	0.229417428642101	-0.0364616079661941	0.0166061251482767	0.0281498235349425	-0.0991707274058116	0.0545719993966298	-1.81724562966876	0.0691795110170656
ALZ	1e-5	slope_topC3	full	8082	6789	1250	1339	0.0760874521909546	0.0367347730972194	0.0385050409508367	-0.0223111477797366	0.0115019953588235	0.0524510924604081	-0.0983985999706912	0.0384947402236307	-2.55615700740039	0.0105835352679416
ALZ	5e-8	slope_topC3	full	8082	6789	1250	1339	0.102232628058451	0.0373351745991459	0.00625030012335589	-0.0213404750628543	0.0115453643089062	0.0645889743666232	-0.123573103121305	0.0390832742788115	-3.16178993192233	0.00156802635871276
ALZ	0p001	slope_topDelta	EUR	4116	3447	655	686	0.0107696332651497	0.052094464940374	0.836271930168475	-0.0371354170849753	0.0159507633782575	0.0199640395078287	-0.047905050350125	0.0544341725639392	-0.880054717353423	0.378829668347727
ALZ	0p01	slope_topDelta	EUR	4116	3447	655	686	-0.0148529284882362	0.0515547853674082	0.773346259686699	-0.0164199631899058	0.0160088166269078	0.305113991323104	-0.00156703470166963	0.0539509025436988	-0.029045569727038	0.976828246523668
ALZ	0p05	slope_topDelta	EUR	4116	3447	655	686	-0.0336487705712847	0.0517438355865544	0.515691896927449	-0.0254550247400273	0.0160103020112289	0.111946604922883	0.00819374583125743	0.0541474803757753	0.151322753605414	0.879721121174228
ALZ	0p1	slope_topDelta	EUR	4116	3447	655	686	-0.0225738973647411	0.0518706870362455	0.663540181369559	-0.0271266233878954	0.0160641430927582	0.0913798268816153	-0.00455272602315436	0.0542878315723094	-0.0838627348209754	0.933165568453752
ALZ	0p5	slope_topDelta	EUR	4116	3447	655	686	-0.00680782981621059	0.0519980155580391	0.895868318677743	-0.0274435373475873	0.0160725440858111	0.0878244654830107	-0.0206357075313767	0.0544133633035967	-0.379239699193759	0.704509873820896
ALZ	1	slope_topDelta	EUR	4116	3447	655	686	-0.0103731476319634	0.0520701543410286	0.842146251129434	-0.0263944202315964	0.016065238331709	0.100485540029226	-0.016021272599633	0.054480024606471	-0.294076089637633	0.768699761182421
ALZ	1e-5	slope_topDelta	EUR	4116	3447	655	686	0.0616510021192128	0.0530718938181039	0.245729580762448	-0.0278789481157554	0.0159014597071506	0.0796533969540671	-0.0895299502349682	0.0553887652100568	-1.61639187830662	0.106009613216816
ALZ	5e-8	slope_topDelta	EUR	4116	3447	655	686	0.0651730876824903	0.0540253658275091	0.228048820990697	-0.0265527943999588	0.01586559272561	0.0943005797320764	-0.0917258820824491	0.05630838556437	-1.62899151099956	0.103314816035952
ALZ	0p001	slope_topDelta	full	8082	6789	1250	1339	0.0184087046149603	0.0383142300489196	0.630958747155131	-0.0269229868811788	0.0118257618845988	0.0228389810759995	-0.0453316914961391	0.0400803461308814	-1.13102045945685	0.258046480248038
ALZ	0p01	slope_topDelta	full	8082	6789	1250	1339	0.026295562423315	0.0433805202632044	0.544490738378811	-0.0146321300870858	0.013543389240179	0.280007334962218	-0.0409276925104008	0.0453880809067062	-0.901727759640827	0.367201502943211
ALZ	0p05	slope_topDelta	full	8082	6789	1250	1339	0.00543248138025526	0.0490949646667242	0.911905234604152	-0.0331347304917668	0.0152337992291353	0.0296585626625147	-0.0385672118720221	0.051310656101941	-0.751641370466966	0.452266757242418
ALZ	0p1	slope_topDelta	full	8082	6789	1250	1339	0.0300079837859872	0.0516487337603956	0.561318203495033	-0.0276321706824372	0.0160298673597091	0.0847909528685718	-0.0576401544684244	0.0539522729072889	-1.06835451710205	0.285360625340793
ALZ	0p5	slope_topDelta	full	8082	6789	1250	1339	0.0512015218984476	0.0532102851760394	0.336064443947061	-0.031263706488664	0.016717588469788	0.0615118714638164	-0.0824652283871115	0.0556055172684851	-1.4830403966739	0.13806367821556
ALZ	1	slope_topDelta	full	8082	6789	1250	1339	0.0432033341268955	0.0529459075011787	0.414622523604045	-0.0309024150104431	0.0166233166882846	0.0630733561451708	-0.0741057491373387	0.0553327730665446	-1.33927408713489	0.180481461339268
ALZ	1e-5	slope_topDelta	full	8082	6789	1250	1339	0.0647949254062712	0.0372952138238968	0.0825099717793318	-0.0228059906311121	0.0115119650125604	0.0476243665286563	-0.0876009160373834	0.0390328931705709	-2.24428447193432	0.0248141039967334
ALZ	5e-8	slope_topDelta	full	8082	6789	1250	1339	0.0830038915389841	0.0379270774413361	0.0287710602953632	-0.0194980076080303	0.0115557688669969	0.091592849846984	-0.102501899147014	0.0396521648862562	-2.58502655380974	0.00973714980282752
ALZnoAPOE	0p001	baseline_thickness	EUR	4116	3447	655	686	0.0689026772309308	0.0378880762185221	0.0694011737186766	-0.00147365786297466	0.0172523821774605	0.931934292814583	-0.0703763350939055	0.0415326847903734	-1.6944807553163	0.0901739655970156
ALZnoAPOE	0p01	baseline_thickness	EUR	4116	3447	655	686	0.0496308580475746	0.0378633989174519	0.19036031139427	0.00494640297246433	0.0172229235888554	0.773977193512387	-0.0446844550751102	0.0415565657231337	-1.07526823493587	0.282254653493817
ALZnoAPOE	0p05	baseline_thickness	EUR	4116	3447	655	686	0.0322690687151538	0.0387237240258824	0.404951949059531	0.0121529805722159	0.0171855317873661	0.479512219456172	-0.0201160881429379	0.0423474787226428	-0.475024458355346	0.634769540330178
ALZnoAPOE	0p1	baseline_thickness	EUR	4116	3447	655	686	0.0320809429688565	0.0387109569191861	0.407540226748845	0.0249479610538474	0.0172668944537927	0.148592136437309	-0.00713298191500912	0.0423724789284788	-0.168339971967394	0.866315829452465
ALZnoAPOE	0p5	baseline_thickness	EUR	4116	3447	655	686	-0.00282951848176001	0.0390732372467652	0.942291780256638	0.0164235110253008	0.0172499021895211	0.341116066915248	0.0192530295070608	0.0426968688760967	0.450923686299614	0.652044551439743
ALZnoAPOE	1	baseline_thickness	EUR	4116	3447	655	686	-0.00336973083800558	0.0391698165857259	0.931468220403911	0.0172381575935149	0.0172408969584381	0.317457073275332	0.0206078884315205	0.042781204056369	0.481704264432748	0.630016046269728
ALZnoAPOE	1e-5	baseline_thickness	EUR	4116	3447	655	686	0.0327114635107572	0.0394249155237092	0.406981604752625	-0.0245195912604461	0.0172036685251952	0.15417413086506	-0.0572310547712033	0.0428992407898415	-1.3340808302779	0.182177367562445
ALZnoAPOE	5e-8	baseline_thickness	EUR	4116	3447	655	686	0.000161624841958397	0.0383672838441151	0.996640068627815	-0.0462309978315422	0.0171677386566388	0.00711761377897182	-0.0463926226735006	0.0420182880232758	-1.10410549444094	0.269547378132426
ALZnoAPOE	0p001	baseline_thickness	full	8082	6789	1250	1339	0.0398469437121696	0.0302844506502479	0.188476870017049	0.00970922993335598	0.0127996345125943	0.448144904155255	-0.0301377137788136	0.0328074674320309	-0.918623598156477	0.358292484489187
ALZnoAPOE	0p01	baseline_thickness	full	8082	6789	1250	1339	0.0349445767056729	0.03483093063484	0.315912041500517	0.00951158329883847	0.0146926807148968	0.517414924647633	-0.0254329934068344	0.0376855413845968	-0.674874035834592	0.49975579770932
ALZnoAPOE	0p05	baseline_thickness	full	8082	6789	1250	1339	0.0606997955448092	0.0395934068273652	0.125488520189352	0.0192734675704282	0.0163299751503779	0.237941253696126	-0.041426327974381	0.0426706952833679	-0.97083789470213	0.331629008796051
ALZnoAPOE	0p1	baseline_thickness	full	8082	6789	1250	1339	0.0442173752593431	0.0413913607625747	0.285585290701083	0.0232053474528056	0.0170858491431036	0.174456869168375	-0.0210120278065374	0.04458103157488	-0.471322153486844	0.63741069785786
ALZnoAPOE	0p5	baseline_thickness	full	8082	6789	1250	1339	0.03397412177202	0.042530894044437	0.424539412629209	0.0140857731510325	0.0176564785927622	0.425032657575975	-0.0198883486209875	0.0458043552495422	-0.434202130182506	0.664141666355822
ALZnoAPOE	1	baseline_thickness	full	8082	6789	1250	1339	0.0282872138506467	0.0423458397058936	0.504243715981348	0.0147002847661408	0.0175526154590339	0.402341632684688	-0.0135869290845059	0.0456045347297159	-0.297929343321481	0.765757091622569
ALZnoAPOE	1e-5	baseline_thickness	full	8082	6789	1250	1339	0.0526172324401538	0.0294880427818553	0.0745876754792657	-0.00323498661172503	0.0124792627589268	0.795466417176396	-0.0558522190518788	0.0319888005506342	-1.74599291284685	0.0808121833489585
ALZnoAPOE	5e-8	baseline_thickness	full	8082	6789	1250	1339	0.0275049126634174	0.030257145266182	0.363490494059011	-0.0178311160892282	0.0127479870498717	0.161936799437387	-0.0453360287526456	0.0328132917266271	-1.38163611046241	0.167083460516056
ALZnoAPOE	0p001	global_slope	EUR	4116	3447	655	686	-0.0159809263908408	0.0488578037749118	0.743681671058961	-0.024644251083505	0.0158146957528636	0.119251821435811	-0.0086633246926642	0.0512821198887796	-0.168934605500965	0.865848079122167
ALZnoAPOE	0p01	global_slope	EUR	4116	3447	655	686	-0.0593964740636542	0.0488027714566321	0.223924100284837	-0.00977190320290778	0.0158084300781451	0.536520581606181	0.0496245708607464	0.0512695021077643	0.967915989440266	0.333086328148945
ALZnoAPOE	0p05	global_slope	EUR	4116	3447	655	686	-0.0836192493143118	0.049826969400489	0.0936878560252983	-0.0249337231769404	0.0157686703665437	0.113919889652047	0.0586855261373714	0.0522489906498319	1.12318966179991	0.261356952342724
ALZnoAPOE	0p1	global_slope	EUR	4116	3447	655	686	-0.0660060190569249	0.0498506130773802	0.185843658910959	-0.0267685829431969	0.0158300181593571	0.0909279300463606	0.039237436113728	0.052293259325132	0.750334490909627	0.453053274557554
ALZnoAPOE	0p5	global_slope	EUR	4116	3447	655	686	-0.0338171628621043	0.050307489899079	0.501637802064734	-0.030859676266105	0.0158176922924283	0.051143311158638	0.00295748659599926	0.0527253755916133	0.056092281236773	0.955268292939804
ALZnoAPOE	1	global_slope	EUR	4116	3447	655	686	-0.0362646495664863	0.0504307669292774	0.472283434185326	-0.0299699314072218	0.015808549266572	0.0580699899984337	0.00629471815926443	0.0528399182298829	0.119128082898973	0.905173882226548
ALZnoAPOE	1e-5	global_slope	EUR	4116	3447	655	686	0.0414728787557673	0.0507257448392079	0.413825574919828	-0.004475326773063	0.0157658813185448	0.776533875843441	-0.0459482055288303	0.0530362039012044	-0.866355473223959	0.386295253986217
ALZnoAPOE	5e-8	global_slope	EUR	4116	3447	655	686	0.0622209509057115	0.0493607383690524	0.207831994284317	0.00423184296546433	0.0157345165184454	0.787982440405535	-0.0579891079402471	0.0517974724588338	-1.11953547513991	0.262911765412446
ALZnoAPOE	0p001	global_slope	full	8082	6789	1250	1339	-0.0271998952002222	0.0374104654747307	0.46729143120937	-0.0195947074812375	0.0120851946476777	0.104983092160753	0.00760518771898467	0.0392607121127039	0.193709877119722	0.846403057513839
ALZnoAPOE	0p01	global_slope	full	8082	6789	1250	1339	-0.0241464270832553	0.0430306048330978	0.574776954702449	-0.0133284541404105	0.0138907475990713	0.33733107938169	0.0108179729428448	0.0451285912290364	0.239714394981698	0.810551674690799
ALZnoAPOE	0p05	global_slope	full	8082	6789	1250	1339	-0.0586850589310564	0.0489224133222343	0.230490366406642	-0.0317294509194837	0.0154360381662987	0.0398650155743447	0.0269556080115727	0.0511813616169221	0.526668442573447	0.598423853868007
ALZnoAPOE	0p1	global_slope	full	8082	6789	1250	1339	-0.0175163896830827	0.0511457444065261	0.732034723827219	-0.0252016101606281	0.0161502823740963	0.118702177418395	-0.00768522047754538	0.0534864070326021	-0.143685487657844	0.885748831446627
ALZnoAPOE	0p5	global_slope	full	8082	6789	1250	1339	0.0111253001075345	0.052528171817432	0.832292485518279	-0.0330650171555875	0.016687159294754	0.0475799535491508	-0.044190317263122	0.0549306390698805	-0.804474843391224	0.421122792281422
ALZnoAPOE	1	global_slope	full	8082	6789	1250	1339	0.00498435297265455	0.0522979029848042	0.924082953744467	-0.0328497539433995	0.0165881880096314	0.04770953478354	-0.037834106916054	0.0546893577953664	-0.691800168098875	0.489062831066663
ALZnoAPOE	1e-5	global_slope	full	8082	6789	1250	1339	-0.00109615428239307	0.0364382302311503	0.976004975145804	-0.0107564333905278	0.0117822442571032	0.361309261945827	-0.00966027910813469	0.0382722100296247	-0.252409753726193	0.800724361790708
ALZnoAPOE	5e-8	global_slope	full	8082	6789	1250	1339	0.0419152052874021	0.0373540558028413	0.261985917488463	0.00414710672446052	0.0120293614973256	0.730294252728669	-0.0377680985629416	0.0392289600623471	-0.962760636604088	0.335667659009026
ALZnoAPOE	0p001	slope_PC1	EUR	4116	3447	655	686	-0.0600251355784183	0.0523642091040689	0.252022475776265	0.0178569431403487	0.0163420326766033	0.274604978673774	0.077882078718767	0.0547831695975302	1.42164243673623	0.15513007868163
ALZnoAPOE	0p01	slope_PC1	EUR	4116	3447	655	686	-0.032121388967716	0.0523461369288034	0.539636338778069	0.00709168567673174	0.0163398282413944	0.66430745817188	0.0392130746444478	0.0548070230283226	0.715475362056859	0.474315359704988
ALZnoAPOE	0p05	slope_PC1	EUR	4116	3447	655	686	0.0363747692251942	0.0535125584463027	0.4968698514381	0.0129570539049334	0.016300668652509	0.426740458880101	-0.0234177153202609	0.0559264765672035	-0.418723237322509	0.675418411061154
ALZnoAPOE	0p1	slope_PC1	EUR	4116	3447	655	686	0.0442595768980905	0.0534959766244188	0.408296219656809	0.0177757091370696	0.016360155884157	0.277326189624693	-0.0264838677610209	0.0559312696530552	-0.473507358679712	0.635851252254197
ALZnoAPOE	0p5	slope_PC1	EUR	4116	3447	655	686	0.0680084570408394	0.0539151834053188	0.207544561219193	0.0170457944712426	0.016351046386071	0.29726049612832	-0.0509626625695969	0.0563298245635753	-0.904719000359732	0.365614272561473
ALZnoAPOE	1	slope_PC1	EUR	4116	3447	655	686	0.0686918408717898	0.0540490017616136	0.204138460132686	0.017440656951529	0.0163405622644204	0.285903553125544	-0.0512511839202607	0.0564545145180655	-0.9078314525911	0.363967278086649
ALZnoAPOE	1e-5	slope_PC1	EUR	4116	3447	655	686	-0.0851474100679812	0.0542987604210338	0.117257166080598	0.0122019632260157	0.0162886830610311	0.453846459415075	0.0973493732939969	0.056605799975874	1.71977736089744	0.0854729193229719
ALZnoAPOE	5e-8	slope_PC1	EUR	4116	3447	655	686	-0.0745938494598391	0.0528613116319181	0.158607997480694	0.0117663168833168	0.0162566905121205	0.469250763633962	0.0863601663431559	0.0552941407924164	1.56183214180625	0.118327537735293
ALZnoAPOE	0p001	slope_PC1	full	8082	6789	1250	1339	-0.0246277263886003	0.039157917128861	0.529484309714737	0.00815300291284599	0.0124726016936043	0.513345241166805	0.0327807293014463	0.0410419504462031	0.798712754756004	0.424456989254752
ALZnoAPOE	0p01	slope_PC1	full	8082	6789	1250	1339	-0.0670598184944917	0.0450046912135821	0.136409629985862	0.00441166519210139	0.0143360138777288	0.758295066229431	0.0714714836865931	0.0471425778739359	1.5160707562008	0.129501461953816
ALZnoAPOE	0p05	slope_PC1	full	8082	6789	1250	1339	-0.00441004519632619	0.0512359109761311	0.931419147233374	0.0175821665331548	0.0159323085532387	0.269826432939707	0.021992211729481	0.0535352149869545	0.410798980350412	0.681219940912477
ALZnoAPOE	0p1	slope_PC1	full	8082	6789	1250	1339	-0.0135122909453311	0.0535393547312536	0.800780109148115	0.020072644261678	0.016666546645452	0.228490597846671	0.0335849352070091	0.0559220343461834	0.600567121702024	0.548128342009636
ALZnoAPOE	0p5	slope_PC1	full	8082	6789	1250	1339	0.00968448253891023	0.0549864910194377	0.860218714252476	0.0235327939139736	0.0172219196811265	0.171845873712053	0.0138483113750634	0.0574324536429813	0.241123450186353	0.80945943827441
ALZnoAPOE	1	slope_PC1	full	8082	6789	1250	1339	0.0186318799920156	0.0547446367019488	0.733644938885855	0.0241184878379798	0.0171194433712401	0.15893058029986	0.00548660784596421	0.0571793267676915	0.0959543974390472	0.923556790943226
ALZnoAPOE	1e-5	slope_PC1	full	8082	6789	1250	1339	-0.0568136247615369	0.0381186969415019	0.136310292958512	-0.0022864592661346	0.0121579107417318	0.850832655192461	0.0545271654954023	0.0399866050242048	1.36363578409309	0.1726822239091
ALZnoAPOE	5e-8	slope_PC1	full	8082	6789	1250	1339	-0.0671391621236714	0.0390642606687159	0.0858698658415559	-0.00347279045837337	0.0124129873949976	0.77966225070155	0.0636663716652981	0.0409744866403509	1.55380523065786	0.120230882494717
ALZnoAPOE	0p001	slope_PC2	EUR	4116	3447	655	686	-0.0544489822981311	0.0509260791394526	0.285306011035129	0.0353076517052421	0.0168024478462782	0.0356842042212986	0.0897566340033733	0.0535493665440772	1.67614744666481	0.0937093150862502
ALZnoAPOE	0p01	slope_PC2	EUR	4116	3447	655	686	-0.0527462262698617	0.0508858582450222	0.3002490287455	0.0401929603218573	0.0167878350547508	0.0167109965367	0.092939186591719	0.0535515984222125	1.73550723657147	0.082651000842415
ALZnoAPOE	0p05	slope_PC2	EUR	4116	3447	655	686	0.0277362096873876	0.0520298448682397	0.594121814672944	0.0200379787468128	0.0167617071329446	0.231988903534417	-0.00769823094057481	0.0546485289565217	-0.140868035930107	0.887974193935282
ALZnoAPOE	0p1	slope_PC2	EUR	4116	3447	655	686	0.0307087234699756	0.052002987910945	0.555006898733262	0.0209321834295608	0.0168298568017402	0.213675736472898	-0.00977654004041478	0.0546472989124331	-0.178902530133845	0.858014236079826
ALZnoAPOE	0p5	slope_PC2	EUR	4116	3447	655	686	0.0847613255415753	0.0523842231015582	0.10603555698037	0.0228154982962987	0.0168155441139472	0.174930793810856	-0.0619458272452766	0.0550059364870815	-1.12616621407446	0.260095171375535
ALZnoAPOE	1	slope_PC2	EUR	4116	3447	655	686	0.0917685691602754	0.052500715662536	0.0808506458739571	0.0230606816036346	0.0168052789696991	0.170082065945728	-0.0687078875566408	0.0551133774030167	-1.24666443600824	0.212520564215189
ALZnoAPOE	1e-5	slope_PC2	EUR	4116	3447	655	686	-0.091334418283352	0.0528069198967681	0.0840817272636581	0.0266212432392264	0.0167520879076262	0.11212416148288	0.117955661522578	0.055310617666437	2.13260430816261	0.0329571996190976
ALZnoAPOE	5e-8	slope_PC2	EUR	4116	3447	655	686	-0.0509801042122617	0.0514353860726909	0.32190702592018	0.0223580190185108	0.0167249873097775	0.181376715988804	0.0733381232307726	0.0540750120253306	1.35622943914314	0.175026178017478
ALZnoAPOE	0p001	slope_PC2	full	8082	6789	1250	1339	-0.0280299045198335	0.0387915290841735	0.470042827546046	0.0224474756775773	0.0127669627655772	0.0787507834197333	0.0504773801974108	0.040781167339275	1.23776202327582	0.215804313749917
ALZnoAPOE	0p01	slope_PC2	full	8082	6789	1250	1339	-0.0552020394397714	0.0446028268159507	0.216029841359239	0.0227157569481767	0.0146715612351161	0.121600168065916	0.0779177963879481	0.0468588557226511	1.66281901651908	0.0963486688592071
ALZnoAPOE	0p05	slope_PC2	full	8082	6789	1250	1339	0.02840293600218	0.0507456664688308	0.575753191288134	0.0164444386538703	0.0163102568198172	0.31338145911134	-0.0119584973483097	0.053175129186493	-0.224888919524191	0.822065689462673
ALZnoAPOE	0p1	slope_PC2	full	8082	6789	1250	1339	-0.0116288998271159	0.0530362834402759	0.82647258303727	0.0249623626882569	0.0170614942568314	0.143491339554228	0.0365912625153728	0.0555533835268203	0.65866847692017	0.510108679779035
ALZnoAPOE	0p5	slope_PC2	full	8082	6789	1250	1339	0.0373905541570973	0.054470762301727	0.492537527522883	0.0282339138973759	0.0176295101729786	0.109309650776335	-0.00915664025972136	0.0570545286192081	-0.1604892807166	0.872495664930187
ALZnoAPOE	1	slope_PC2	full	8082	6789	1250	1339	0.0494029472929209	0.0542266631942913	0.362406378673663	0.02908038419548	0.0175246422226364	0.0970815953039694	-0.0203225630974409	0.0567987417322636	-0.357799530018409	0.720493342313457
ALZnoAPOE	1e-5	slope_PC2	full	8082	6789	1250	1339	-0.03808110093632	0.0377744821229047	0.313547890874297	0.00916240376310237	0.0124475483224223	0.461707025981017	0.0472435046994223	0.0397472089925377	1.18859929783477	0.23459738432185
ALZnoAPOE	5e-8	slope_PC2	full	8082	6789	1250	1339	-0.0375963945957158	0.0387195286901237	0.33169586929491	0.00454723668968195	0.0127107995171822	0.72054473773854	0.0421436312853977	0.0407371215206387	1.03452648867315	0.300890100076908
ALZnoAPOE	0p001	slope_PC3	EUR	4116	3447	655	686	0.0385078663566826	0.049440807160564	0.436337807170933	-0.0177946560055338	0.0167748254474899	0.288860922677468	-0.0563025223622164	0.0521305988903729	-1.08002830507696	0.280129575921357
ALZnoAPOE	0p01	slope_PC3	EUR	4116	3447	655	686	0.0407953180857468	0.0493745010165078	0.408967275284055	-0.00431658666358034	0.0167650275720558	0.796827537684682	-0.0451119047493271	0.0521105994080783	-0.865695372184372	0.386657238539352
ALZnoAPOE	0p05	slope_PC3	EUR	4116	3447	655	686	0.0182818213922504	0.050516129725404	0.717543243334919	-0.0163100377181131	0.0167235687770136	0.32949621203204	-0.0345918591103635	0.0531975319459379	-0.650253082145193	0.515528757983758
ALZnoAPOE	0p1	slope_PC3	EUR	4116	3447	655	686	-0.000670725612246551	0.050525096785662	0.989412372793465	-0.0204191720657494	0.016790456816175	0.224027470159127	-0.0197484464535029	0.0532304995111029	-0.370998706284612	0.710638495296381
ALZnoAPOE	0p5	slope_PC3	EUR	4116	3447	655	686	0.00154608407185449	0.0509356701125061	0.975794258466409	-0.0106276252926105	0.0167814307683119	0.526583765021699	-0.012173709364465	0.0536176230751177	-0.227046792943613	0.820387356635522
ALZnoAPOE	1	slope_PC3	EUR	4116	3447	655	686	0.00574946066655431	0.0510619552334106	0.910384020506936	-0.0107299286163035	0.0167715873700701	0.522367743015422	-0.0164793892828578	0.0537341519270607	-0.306683714022826	0.759084127138046
ALZnoAPOE	1e-5	slope_PC3	EUR	4116	3447	655	686	0.0299009565846661	0.0513287539858539	0.560403838048278	-0.0226657003882557	0.0167203304223593	0.175327542626259	-0.0525666569729218	0.0538919538673866	-0.975408260429265	0.329357787804386
ALZnoAPOE	5e-8	slope_PC3	EUR	4116	3447	655	686	0.0298241612364195	0.0499508581330412	0.550666662031399	-0.0211711114764575	0.0166911346776181	0.204744452049944	-0.050995272712877	0.0526542779858151	-0.96849248842829	0.332798468651019
ALZnoAPOE	0p001	slope_PC3	full	8082	6789	1250	1339	0.0194034092789712	0.0383878415710973	0.613310988507078	0.00079157987452199	0.0125585298031646	0.949743514893497	-0.0186118294044492	0.0403338443246196	-0.461444469678003	0.64447975295663
ALZnoAPOE	0p01	slope_PC3	full	8082	6789	1250	1339	0.0729277638767152	0.0441015947410733	0.0984091683824798	0.0091764600010474	0.0144323769645442	0.52491245867488	-0.0637513038756678	0.0463100035611896	-1.37662057813131	0.168629585300529
ALZnoAPOE	0p05	slope_PC3	full	8082	6789	1250	1339	0.0673641338089986	0.0501888109638969	0.179727292316753	-0.0124070328537582	0.0160409819104061	0.439278448034981	-0.0797711666627567	0.0525653861270358	-1.51756074748452	0.129125168498885
ALZnoAPOE	0p1	slope_PC3	full	8082	6789	1250	1339	0.0393077313276926	0.0524697015411391	0.453882192664989	-0.0173043963720257	0.0167806700050702	0.302479707577542	-0.0566121276997184	0.0549315459177384	-1.03059411043149	0.302731199116239
ALZnoAPOE	0p5	slope_PC3	full	8082	6789	1250	1339	0.0506254568654954	0.0538817288557978	0.347589395823525	-0.00988203886768381	0.0173414379388803	0.568797842805743	-0.0605074957331792	0.0564096941395459	-1.07264357050928	0.283431067814886
ALZnoAPOE	1	slope_PC3	full	8082	6789	1250	1339	0.0499652750500397	0.0536454865086136	0.35179592898273	-0.00980255187322772	0.0172386145095288	0.569620186309756	-0.0597678269232674	0.0561618760691354	-1.06420638174004	0.287235216655263
ALZnoAPOE	1e-5	slope_PC3	full	8082	6789	1250	1339	0.060443430171961	0.0373617498092979	0.105915646973342	-0.00620888002523107	0.0122413652160442	0.612027959590851	-0.066652310197192	0.0392912820662048	-1.69636384185389	0.0898169969251907
ALZnoAPOE	5e-8	slope_PC3	full	8082	6789	1250	1339	0.0574488317829939	0.0382994651330522	0.133824683505847	-0.00567422487466632	0.0124997196973375	0.649881103065811	-0.0631230566576602	0.0402725830052681	-1.56739528352088	0.117022325728439
ALZnoAPOE	0p001	slope_projC3	EUR	4116	3447	655	686	0.011023796695073	0.0491174620453833	0.822474961494064	0.0248958263834794	0.0166568873091039	0.135104149325457	0.0138720296884064	0.0517870854715802	0.267866584150968	0.78880201599545
ALZnoAPOE	0p01	slope_projC3	EUR	4116	3447	655	686	0.0104095367254964	0.0490384356534922	0.8319488399034	0.0381939339674689	0.0166382723582414	0.0217614247747087	0.0277843972419725	0.0517518868689476	0.536876989863799	0.591352586235781
ALZnoAPOE	0p05	slope_projC3	EUR	4116	3447	655	686	0.0201734573815233	0.0501420003898865	0.68755292243179	0.00154154095209523	0.0166126627215056	0.926073296820655	-0.0186319164294281	0.0528075964006282	-0.352826443530507	0.724218558023007
ALZnoAPOE	0p1	slope_projC3	EUR	4116	3447	655	686	0.0151613424892151	0.0501337098118894	0.762413232794085	-0.00241160495676691	0.0166815217188319	0.885060910276121	-0.017572947445982	0.0528247968349895	-0.33266474267521	0.739387366363034
ALZnoAPOE	0p5	slope_projC3	EUR	4116	3447	655	686	0.0492108625632814	0.0505432892136205	0.330535654740234	-0.0030852215102033	0.016667560786764	0.853158891817494	-0.0522960840734847	0.0532093853344415	-0.982835711120953	0.325688302858209
ALZnoAPOE	1	slope_projC3	EUR	4116	3447	655	686	0.0557369698799033	0.0506605414401584	0.27157956543451	-0.00398188564997037	0.0166577065909837	0.81108755658549	-0.0597188555298737	0.0533173175449856	-1.12006489222731	0.262686110027347
ALZnoAPOE	1e-5	slope_projC3	EUR	4116	3447	655	686	-0.0342452024373925	0.0509746958244996	0.501902266055346	0.017204021890628	0.0166070271890085	0.300299898152676	0.0514492243280205	0.0535208245449026	0.961293566859306	0.336404581624934
ALZnoAPOE	5e-8	slope_projC3	EUR	4116	3447	655	686	0.0235446529544798	0.0496068018665344	0.635185322885158	0.0178190473294517	0.0165778302321784	0.282508525237283	-0.00572560562502815	0.0522921256421018	-0.109492692345601	0.912811717585777
ALZnoAPOE	0p001	slope_projC3	full	8082	6789	1250	1339	-0.0105685692056005	0.0376599476892634	0.779029684585176	0.0175962320747746	0.0125924808948265	0.162351245902658	0.028164801280375	0.0396522043723752	0.710295977895161	0.477520613485497
ALZnoAPOE	0p01	slope_projC3	full	8082	6789	1250	1339	0.0176777292682388	0.0432972807707265	0.683117987218081	0.0244129992127851	0.0144694536900636	0.0916088987696551	0.00673526994454635	0.0455560496857125	0.147845785378944	0.882464474854463
ALZnoAPOE	0p05	slope_projC3	full	8082	6789	1250	1339	0.0368215354679677	0.0492422821560071	0.454714570702193	-0.0071853882084194	0.016086639178125	0.655128969643193	-0.0440069236763871	0.0516759305810121	-0.851594217687046	0.394439350035774
ALZnoAPOE	0p1	slope_projC3	full	8082	6789	1250	1339	0.00633602793423679	0.0514676955581835	0.902038095112884	-0.000314850600272925	0.0168298620786441	0.985074713579449	-0.00665087853450972	0.0539897174036936	-0.123187874549881	0.901958327141411
ALZnoAPOE	0p5	slope_projC3	full	8082	6789	1250	1339	0.031503153029856	0.0528607679469493	0.55128407150664	-0.000224962636543374	0.0173907884352889	0.989679445262276	-0.0317281156663994	0.0554497225997412	-0.572196111699709	0.567189121428158
ALZnoAPOE	1	slope_projC3	full	8082	6789	1250	1339	0.0371185513268602	0.0526260582477277	0.480710983784604	-0.000134249296832212	0.0172877701132153	0.99380426688878	-0.0372528006236924	0.0552033272933638	-0.674828899818339	0.499784477046651
ALZnoAPOE	1e-5	slope_projC3	full	8082	6789	1250	1339	-0.00317591330190862	0.0366844238551169	0.931021170380804	0.0114664968030977	0.0122758762297625	0.350302588995374	0.0146424101050064	0.0386586054265624	0.378761984387194	0.704864619712765
ALZnoAPOE	5e-8	slope_projC3	full	8082	6789	1250	1339	0.0258746274701234	0.037598178547762	0.491435140991036	0.0107893436532477	0.0125356580866965	0.38943841298445	-0.0150852838168758	0.039617476426397	-0.380773466096505	0.703371349692341
ALZnoAPOE	0p001	slope_projDelta	EUR	4116	3447	655	686	-0.11703352939554	0.0518109845084476	0.0241505909393203	0.014172976062902	0.0166424518800687	0.39448732132067	0.131206505458442	0.0543435165013191	2.41439115290335	0.0157615315164143
ALZnoAPOE	0p01	slope_projDelta	EUR	4116	3447	655	686	-0.0607969677755559	0.0518731904948676	0.241519720741246	0.0234991383992032	0.0166325339891178	0.157792767885651	0.0842961061747591	0.0544433427431572	1.5483271586103	0.121543548854817
ALZnoAPOE	0p05	slope_projDelta	EUR	4116	3447	655	686	-0.0136067403169561	0.0530618167777086	0.797680631595611	0.0029795198037823	0.0166002424156591	0.85756628956768	0.0165862601207384	0.0555836742472046	0.298401650221469	0.765396629712228
ALZnoAPOE	0p1	slope_projDelta	EUR	4116	3447	655	686	-0.0114493235945957	0.053053912096104	0.829192188802241	-0.00523447934548646	0.016664371012839	0.753455217016787	0.00621484424910929	0.0555986652043282	0.111780457791017	0.910997482825329
ALZnoAPOE	0p5	slope_projDelta	EUR	4116	3447	655	686	0.0148463945420769	0.0535151472049432	0.781523208724704	-0.00518341733196554	0.0166526088692302	0.75561619804853	-0.0200298118740424	0.0560355694549257	-0.357448172096371	0.72075631933512
ALZnoAPOE	1	slope_projDelta	EUR	4116	3447	655	686	0.0160061829814971	0.0536484026569222	0.765507799875451	-0.00683211137090854	0.0166421620877012	0.681442770870161	-0.0228382943524056	0.0561593725232834	-0.40666932920123	0.684250869953546
ALZnoAPOE	1e-5	slope_projDelta	EUR	4116	3447	655	686	-0.0596211583988539	0.0538962269830817	0.268948707037471	0.003456108112594	0.0165900535912174	0.834988465933426	0.0630772665114479	0.0563049701207152	1.12027883819516	0.262594957006646
ALZnoAPOE	5e-8	slope_projDelta	EUR	4116	3447	655	686	-0.0429934573044982	0.0524649841160249	0.412752411913029	0.0176053807301141	0.0165562122114555	0.287690506423254	0.0605988380346123	0.0550044228444699	1.10170846089888	0.27058843742691
ALZnoAPOE	0p001	slope_projDelta	full	8082	6789	1250	1339	-0.106493539895407	0.039324981642675	0.00683705727804884	0.010948181725894	0.0126180115685959	0.385609794722083	0.117441721621301	0.0412443722457746	2.84746051949748	0.00440695600970476
ALZnoAPOE	0p01	slope_projDelta	full	8082	6789	1250	1339	-0.0260330606305291	0.0453139746118417	0.565703589554521	0.0253214149332481	0.0145009979924617	0.0808241169521589	0.0513544755637773	0.0474859823043502	1.08146600473868	0.279489874771762
ALZnoAPOE	0p05	slope_projDelta	full	8082	6789	1250	1339	-0.0124942154735292	0.0515466455188525	0.808510194492553	-0.00142376718714816	0.0161214296243314	0.929628772770172	0.011070448286381	0.0538860963794892	0.205441645065884	0.837227086048024
ALZnoAPOE	0p1	slope_projDelta	full	8082	6789	1250	1339	-0.0224826937257324	0.0538641165592892	0.676441717954372	0.00123541280699498	0.0168647929769444	0.9416062000115	0.0237181065327274	0.0562885253223502	0.421366635506967	0.673487378600101
ALZnoAPOE	0p5	slope_projDelta	full	8082	6789	1250	1339	-0.000828706212735648	0.0553335290033958	0.98805265349235	0.00593796241123676	0.0174264101966351	0.73330615053879	0.00676666862397241	0.0578216466667902	0.117026563822487	0.906839003223672
ALZnoAPOE	1	slope_projDelta	full	8082	6789	1250	1339	-0.000687691411400892	0.0550899801494419	0.990041700772419	0.00539234296295349	0.0173230444761117	0.75559626057223	0.00608003437435438	0.0575667308468575	0.105617155688914	0.915886112614249
ALZnoAPOE	1e-5	slope_projDelta	full	8082	6789	1250	1339	-0.0475478472542272	0.038369283189428	0.215438301941165	0.00600089552816981	0.0123004970157156	0.62566636736396	0.053548742782397	0.0402683216289226	1.32979822888709	0.183584759652394
ALZnoAPOE	5e-8	slope_projDelta	full	8082	6789	1250	1339	-0.030068361170253	0.0393425172968708	0.444812759531588	0.00767769659724004	0.0125587243250198	0.540992916285439	0.0377460577674931	0.0412836070015199	0.914311042785176	0.360553429722224
ALZnoAPOE	0p001	slope_topC3	EUR	4116	3447	655	686	0.0101174081688604	0.0490150190387787	0.836522043182201	-0.0113144710042843	0.0161056913714517	0.482407356242524	-0.0214318791731447	0.051519681003914	-0.415994019285882	0.677414379595568
ALZnoAPOE	0p01	slope_topC3	EUR	4116	3447	655	686	-0.0282545573872869	0.0489674437241317	0.564104902605394	-0.00181829244032572	0.0160961111528466	0.910065200420522	0.0264362649469612	0.0515144703153382	0.513181340798722	0.607824476975393
ALZnoAPOE	0p05	slope_topC3	EUR	4116	3447	655	686	-0.0545786779702195	0.0500044377685269	0.275407940575741	-0.0251554567833228	0.0160554731941054	0.117258305412492	0.0294232211868967	0.0525048063257612	0.56039100505091	0.575212765649656
ALZnoAPOE	0p1	slope_topC3	EUR	4116	3447	655	686	-0.0341077232692495	0.0500259876195955	0.49557233947959	-0.0261828128887888	0.0161188408850922	0.104392401843613	0.00792491038046071	0.0525479776514947	0.150812852076245	0.880123347738773
ALZnoAPOE	0p5	slope_topC3	EUR	4116	3447	655	686	-0.00179299484251717	0.0504537328874515	0.971660498188914	-0.0313245585411647	0.0161054936572331	0.0518624038906872	-0.0295315636986475	0.0529513921572327	-0.557710807885034	0.577041876262405
ALZnoAPOE	1	slope_topC3	EUR	4116	3447	655	686	-0.00214368938024478	0.0505800245410989	0.966205141026297	-0.0313433062205239	0.0160957494751012	0.0515810890213745	-0.0291996168402791	0.0530684203718484	-0.550225852506604	0.58216447374039
ALZnoAPOE	1e-5	slope_topC3	EUR	4116	3447	655	686	0.0293353764400222	0.0508904008698666	0.564485788761354	0.00477708788004825	0.0160527236522986	0.766036606778647	-0.024558288559974	0.0532765435935945	-0.460958742881486	0.644828205308559
ALZnoAPOE	5e-8	slope_topC3	EUR	4116	3447	655	686	0.0773715627848793	0.0494696544823869	0.11822860147636	0.011596500124021	0.0160211667969925	0.469224890625046	-0.0657750626608583	0.0519885290326963	-1.26518414513116	0.205805324626336
ALZnoAPOE	0p001	slope_topC3	full	8082	6789	1250	1339	-0.0108035891589095	0.0373779869471306	0.772593666973146	-0.00814055183188166	0.0122894803296426	0.507737927690501	0.00266303732702782	0.0392913951227059	0.0677766039793504	0.945963468246373
ALZnoAPOE	0p01	slope_topC3	full	8082	6789	1250	1339	0.000191672131946791	0.0429873461070558	0.996442994894934	-0.00505661590939456	0.0141229940097412	0.720323649712807	-0.00524828804134135	0.0451565077791141	-0.11622440041231	0.907474699063587
ALZnoAPOE	0p05	slope_topC3	full	8082	6789	1250	1339	-0.0233252954781757	0.0488857412468807	0.633332707931241	-0.0307609163573478	0.0156941604113943	0.0500345977478097	-0.00743562087917202	0.0512208347620983	-0.145167897276718	0.884578311665375
ALZnoAPOE	0p1	slope_topC3	full	8082	6789	1250	1339	0.0130626583329945	0.0510895032505207	0.798231614325309	-0.0240822494838028	0.0164205493614079	0.142534230488179	-0.0371449078167973	0.0535099757959766	-0.694167905409335	0.487576917371285
ALZnoAPOE	0p5	slope_topC3	full	8082	6789	1250	1339	0.0418725326735412	0.0524550503197621	0.424848682317136	-0.0302630548747934	0.0169673375403108	0.0745331405000021	-0.0721355875483345	0.0549403986660563	-1.31297896083346	0.189190037736547
ALZnoAPOE	1	slope_topC3	full	8082	6789	1250	1339	0.0395561693593199	0.0522266796539383	0.448932964831372	-0.0300993211640853	0.0168666984114603	0.0743812725129229	-0.0696554905234052	0.0547005652359694	-1.27339617466333	0.202877494127072
ALZnoAPOE	1e-5	slope_topC3	full	8082	6789	1250	1339	0.0147759132176332	0.0364097847105334	0.684930884988677	-0.000462381879385377	0.011979581444436	0.969212461053982	-0.0152382950970186	0.0383055980677986	-0.397808567563616	0.690771301383667
ALZnoAPOE	5e-8	slope_topC3	full	8082	6789	1250	1339	0.0667630060891755	0.0372944810349713	0.0736310057605348	0.00811485723568782	0.0122311410213748	0.507060090887329	-0.0586481488534877	0.0392341536629681	-1.49482385569703	0.134960418687302
ALZnoAPOE	0p001	slope_topDelta	EUR	4116	3447	655	686	-0.0384558752756725	0.0494716728634655	0.43719655640152	-0.0245182486944135	0.0161122942745048	0.128175241583753	0.013937626581259	0.0519562080947125	0.268257193747698	0.788501353415042
ALZnoAPOE	0p01	slope_topDelta	EUR	4116	3447	655	686	-0.0477762197132426	0.0494274278004725	0.334044984822673	-0.00390891558910369	0.0161074431642993	0.808269739917884	0.0438673041241389	0.0519553056642216	0.844327707503945	0.398486307189337
ALZnoAPOE	0p05	slope_topDelta	EUR	4116	3447	655	686	-0.0545866096082178	0.0505207628460234	0.280261285597619	-0.0180803304783711	0.016067873271254	0.260563497981998	0.0365062791298466	0.0530004787268745	0.688791497865014	0.490954486771285
ALZnoAPOE	0p1	slope_topDelta	EUR	4116	3447	655	686	-0.0399401834806167	0.0505368348537536	0.429580918124046	-0.0206912745013649	0.0161300569032576	0.199658063158107	0.0192489089792518	0.0530379227266299	0.362927279004973	0.716659208402469
ALZnoAPOE	0p5	slope_topDelta	EUR	4116	3447	655	686	-0.0202011795823266	0.0509770764336558	0.692006360922916	-0.0225680952745334	0.016118456491028	0.161562851357939	-0.00236691569220676	0.0534541701808597	-0.0442793459181652	0.964681735094066
ALZnoAPOE	1	slope_topDelta	EUR	4116	3447	655	686	-0.0236902003155276	0.0511029308972343	0.643078513044008	-0.0215726711388995	0.0161090316251826	0.180606374236716	0.00211752917662803	0.0535710064207643	0.0395275227796966	0.968469810653998
ALZnoAPOE	1e-5	slope_topDelta	EUR	4116	3447	655	686	0.02051392888102	0.0513693629004689	0.689749453714347	-0.00883503164027053	0.0160640568737254	0.582364505620919	-0.0293489605212905	0.0537374167400496	-0.546155031293442	0.584959374320783
ALZnoAPOE	5e-8	slope_topDelta	EUR	4116	3447	655	686	0.035480321046717	0.0499974839971936	0.478136482052407	0.000935938089311398	0.0160336106463902	0.953454610344828	-0.0345443829574056	0.0524948087593469	-0.658053315629135	0.51050387252044
ALZnoAPOE	0p001	slope_topDelta	full	8082	6789	1250	1339	-0.0489712228447113	0.0379038165204933	0.196541034898239	-0.0174350041070031	0.0122999289779163	0.15638642008272	0.0315362187377082	0.0397950580246244	0.79246570562089	0.428089180637377
ALZnoAPOE	0p01	slope_topDelta	full	8082	6789	1250	1339	-0.0203826168152186	0.0436056912402751	0.640253271681351	-0.0037152580344646	0.0141382270762879	0.79272729526537	0.016667358780754	0.04575001092044	0.364313766170217	0.715623721281053
ALZnoAPOE	0p05	slope_topDelta	full	8082	6789	1250	1339	-0.0301765745623551	0.0496022870904968	0.543024696566443	-0.0267582061268478	0.0157110193390156	0.0885859321504095	0.00341836843550732	0.0519099720420347	0.0658518643149964	0.947495764059274
ALZnoAPOE	0p1	slope_topDelta	full	8082	6789	1250	1339	-0.00124450503415345	0.0518404937743262	0.980850359293876	-0.0212316583113437	0.0164373704045971	0.196515518275485	-0.0199871532771903	0.0542321969620525	-0.368547733575606	0.712464859623124
ALZnoAPOE	0p5	slope_topDelta	full	8082	6789	1250	1339	0.0265980246252603	0.0532368479463356	0.617410903751933	-0.0262517418203764	0.0169847341083283	0.122245982081162	-0.0528497664456366	0.0556921850830834	-0.948961983926357	0.342639947431959
ALZnoAPOE	1	slope_topDelta	full	8082	6789	1250	1339	0.0188105203608801	0.0530055090196688	0.722725481771698	-0.0259418980183461	0.0168840167140515	0.124468254957551	-0.0447524183792263	0.0554495074765972	-0.807084145844113	0.419618005556606
ALZnoAPOE	1e-5	slope_topDelta	full	8082	6789	1250	1339	-0.00932672953345488	0.0369293126276493	0.8006422477309	-0.0112998914554324	0.0119912286767401	0.346049093959947	-0.00197316192197751	0.0388032921617961	-0.0508503740803774	0.959444750057119
ALZnoAPOE	5e-8	slope_topDelta	full	8082	6789	1250	1339	0.0268945123055563	0.0378593902159565	0.477568681357282	0.00238064961829133	0.0122436622437194	0.845837790322985	-0.024513862687265	0.0397753703800118	-0.616307590678876	0.537691529974618
ASD	0p001	baseline_thickness	EUR	4116	3447	655	686	-0.0749039613450851	0.0397239573625284	0.059758943480709	-0.0360659639114292	0.0174230834973914	0.0385248923554719	0.0388379974336559	0.0431479225795366	0.900112800611987	0.368060224582581
ASD	0p01	baseline_thickness	EUR	4116	3447	655	686	-0.0502435719381375	0.0426037817642765	0.238669687448668	-0.0187741079713193	0.0172051846056038	0.275265301580692	0.0314694639668182	0.0458388568125571	0.68652375201027	0.49238289165027
ASD	0p05	baseline_thickness	EUR	4116	3447	655	686	-0.0397147594050824	0.0410194667561806	0.333282273595851	-0.00161896818573837	0.017133507002209	0.924724320116387	0.038095791219344	0.0444103686202063	0.85781299284264	0.390995734133448
ASD	0p1	baseline_thickness	EUR	4116	3447	655	686	-0.0640347581890928	0.0404779304642303	0.114108446251101	0.0079389151396339	0.0171906931679804	0.644243275245479	0.0719736733287267	0.0439215930403337	1.63868540156621	0.10127879591365
ASD	0p5	baseline_thickness	EUR	4116	3447	655	686	-0.0736060430385572	0.0396253185341716	0.0636536562737463	0.0215451284929724	0.0171181180438435	0.208254120097292	0.0951511715315296	0.0431484794161325	2.20520335407125	0.0274398279403516
ASD	1	baseline_thickness	EUR	4116	3447	655	686	-0.0718852615715679	0.0393404498193667	0.068087451141581	0.0209688398682059	0.0171248205983866	0.220858087626824	0.0928541014397738	0.042885941187686	2.16514080997796	0.0303769035205464
ASD	1e-5	baseline_thickness	EUR	4116	3447	655	686	-0.0319134830468614	0.0387640399801561	0.410612687829613	-0.0567392680015547	0.0191596866814285	0.00308242356791683	-0.0248257849546933	0.0416451081370789	-0.596127277974085	0.551090202496387
ASD	5e-8	baseline_thickness	EUR	4116	3447	655	686	-0.0129611852961949	0.0382484827505372	0.734808697902861	-0.0245726995490451	0.0176587126393518	0.164151004769411	-0.0116115142528501	0.041667032654895	-0.278673894275647	0.780495098499478
ASD	0p001	baseline_thickness	full	8082	6789	1250	1339	-0.00594844227126568	0.0295199340783124	0.84033299519545	-0.011751580359535	0.0123187541449748	0.34013838446693	-0.00580313808826934	0.0319409018771443	-0.181683601502243	0.855831035887399
ASD	0p01	baseline_thickness	full	8082	6789	1250	1339	0.00415134236928692	0.0307492467899048	0.892626809362649	0.00365921194809449	0.0120869854028647	0.762097383295386	-0.000492130421192429	0.033003779387005	-0.0149113353177425	0.98810291665261
ASD	0p05	baseline_thickness	full	8082	6789	1250	1339	0.00142291956861801	0.0321052740752901	0.964655478996389	0.00290042493007333	0.0128798090849884	0.821836968161198	0.00147750536145532	0.0345327079155913	0.0427856791615301	0.965872379909545
ASD	0p1	baseline_thickness	full	8082	6789	1250	1339	-0.0256756341658788	0.032052929096005	0.42324889188826	0.00534140852900679	0.0130109187843052	0.681428058261249	0.0310170426948856	0.0345237343459377	0.898426641338565	0.368958138507282
ASD	0p5	baseline_thickness	full	8082	6789	1250	1339	-0.0314438023165793	0.032843038545992	0.33853708048157	0.0210290952124176	0.0134741657922626	0.118641416661525	0.0524728975289969	0.035436780434619	1.48074675197454	0.138674070616038
ASD	1	baseline_thickness	full	8082	6789	1250	1339	-0.0253230774254955	0.0328306165521068	0.440647999385053	0.0219588747912244	0.0135435376308261	0.104987693368378	0.0472819522167199	0.0354463481665042	1.33390192960413	0.182235999109901
ASD	1e-5	baseline_thickness	full	8082	6789	1250	1339	-0.0561853110427803	0.029132770800889	0.0539851173492965	-0.0452214525159807	0.0129103950229937	0.000463475530085477	0.0109638585267995	0.0315112138365379	0.347935137747272	0.727888895901527
ASD	5e-8	baseline_thickness	full	8082	6789	1250	1339	-0.0461324970444354	0.0289091202620019	0.110770321870706	-0.020862550930173	0.0120458832246641	0.0833321776207282	0.0252699461142624	0.0312782980593014	0.807906685534885	0.41914430236283
ASD	0p001	global_slope	EUR	4116	3447	655	686	0.0643442953204501	0.0512176637042243	0.209363870615622	0.0140799569255592	0.0159850125098862	0.378476184487304	-0.0502643383948908	0.0534936079828927	-0.939632608272851	0.347406044080987
ASD	0p01	global_slope	EUR	4116	3447	655	686	0.0474240266596548	0.0548941259434219	0.387882619341094	-0.0101572353595795	0.0157811607433176	0.519858350445811	-0.0575812620192343	0.0570400560442573	-1.00948817396948	0.312740570399392
ASD	0p05	global_slope	EUR	4116	3447	655	686	-0.0248233009835918	0.0528675715415958	0.638809000233311	0.00217011675861003	0.0157000638424685	0.890072034338344	0.0269934177422018	0.0551197072844193	0.489723532146407	0.624329547577476
ASD	0p1	global_slope	EUR	4116	3447	655	686	-0.0225494201098804	0.0522317466906848	0.666058084402242	-0.00656153898509254	0.0157381297332854	0.67676360845274	0.0159878811247879	0.0545125106804623	0.293288291535581	0.769301802363786
ASD	0p5	global_slope	EUR	4116	3447	655	686	-0.0468383527209799	0.0511720309175421	0.36029472912153	0.00620621924310473	0.0156873586205763	0.69241090913796	0.0530445719640846	0.0535119377686011	0.991266139407293	0.321555642383284
ASD	1	global_slope	EUR	4116	3447	655	686	-0.0378455215833376	0.0508113102529661	0.456589144994164	0.00422804742934571	0.0156922934685863	0.787611635969095	0.0420735690126833	0.0531653969034414	0.791371295301285	0.428727355387815
ASD	1e-5	global_slope	EUR	4116	3447	655	686	-0.038644192986905	0.049486714386052	0.435075309563775	0.0372819663313951	0.0176990702786622	0.0352370625339532	0.0759261593183002	0.051399887414155	1.47716586821533	0.1396311805967
ASD	5e-8	global_slope	EUR	4116	3447	655	686	0.00540484277460203	0.0491425311577509	0.912449163213858	-0.00160561042843549	0.0162556708271023	0.92132471519901	-0.00701045320303752	0.0514275834001145	-0.136316986713047	0.891570695776846
ASD	0p001	global_slope	full	8082	6789	1250	1339	0.0301316883276184	0.036442053168198	0.408451871206754	0.00476021891107834	0.0116431742869435	0.682668588083626	-0.0253714694165401	0.0382224171394365	-0.663785059013516	0.506827889702528
ASD	0p01	global_slope	full	8082	6789	1250	1339	-0.0213557117675987	0.0379757759196189	0.573955758448703	-0.0112262197377571	0.0114146333255511	0.325400061883299	0.0101294920298416	0.0396273434686095	0.255618750670622	0.798245238376329
ASD	0p05	global_slope	full	8082	6789	1250	1339	-0.0159507444547284	0.0396525391495425	0.687544324796878	-0.00944035091577	0.0121638349276558	0.437717439719438	0.00651039353895836	0.0414318940784007	0.157134827740168	0.875138589950115
ASD	0p1	global_slope	full	8082	6789	1250	1339	-0.00532874562126601	0.0395967122288634	0.892964473491233	-0.011993526439648	0.0122901437286351	0.329166367664216	-0.00666478081838201	0.0414091578522787	-0.160949441236107	0.872133221406175
ASD	0p5	global_slope	full	8082	6789	1250	1339	-0.0219741665288941	0.0405766235805224	0.588205704332078	-0.00734942431296392	0.0127359085769301	0.563916064054389	0.0146247422159302	0.0424816764429479	0.344260006677724	0.730650758162561
ASD	1	global_slope	full	8082	6789	1250	1339	-0.0177622902462041	0.0405581526039799	0.661484372865553	-0.00805511916021019	0.0128032432362473	0.529274307256927	0.00970717108599392	0.0424801426848659	0.228510792866339	0.819249166573097
ASD	1e-5	global_slope	full	8082	6789	1250	1339	0.0266747104318311	0.0359472805825595	0.458164197623127	0.0370997551351504	0.0122049692775767	0.00237705192990151	0.0104250447033193	0.0376945133517915	0.276566634672413	0.782112887347193
ASD	5e-8	global_slope	full	8082	6789	1250	1339	0.0779690388699598	0.0356774993632135	0.0290055717514876	-0.00177623997023617	0.0113931349468755	0.87611301036685	-0.0797452788401959	0.0374239754320941	-2.13086070946402	0.0331006191081316
ASD	0p001	slope_PC1	EUR	4116	3447	655	686	0.0163909995042922	0.0549073491122986	0.765384692251534	-0.0140533298141237	0.0165201613845938	0.395010143826345	-0.0304443293184158	0.057178379856836	-0.532444770114906	0.5944179843919
ASD	0p01	slope_PC1	EUR	4116	3447	655	686	0.019088860064632	0.0588378049447854	0.745697925952615	0.0141294248385573	0.0163084962546716	0.386342103505552	-0.00495943522607468	0.0609783611148635	-0.0813310678641019	0.935178667240967
ASD	0p05	slope_PC1	EUR	4116	3447	655	686	-0.00577543170366104	0.0566564351014667	0.918832244090534	0.002433677613604	0.0162231627283796	0.880763914483809	0.00820910931726504	0.0589036396589522	0.139365060712635	0.889161680393733
ASD	0p1	slope_PC1	EUR	4116	3447	655	686	0.0345615397976224	0.0559598969024977	0.537010955521869	0.0074169322752628	0.0162596605191829	0.648308597079941	-0.0271446075223596	0.0582354467516827	-0.466118301420521	0.641130823990857
ASD	0p5	slope_PC1	EUR	4116	3447	655	686	0.0428698489746976	0.0548318985446932	0.434545439790738	-0.0143407212609536	0.0162088588852749	0.376358350690678	-0.0572105702356512	0.0571668962509223	-1.00076397334109	0.316940930724672
ASD	1	slope_PC1	EUR	4116	3447	655	686	0.0361703666441354	0.0544434129186992	0.506652612004933	-0.0138513209234273	0.0162135939987582	0.392999391280784	-0.0500216875675626	0.0567925075429784	-0.880779696682845	0.378437070988076
ASD	1e-5	slope_PC1	EUR	4116	3447	655	686	0.0772453709228104	0.0529440520867394	0.144954077286143	0.0216479717151224	0.0183113049481393	0.237200739836192	-0.055597399207688	0.0548579456623387	-1.0134794246562	0.310831219078788
ASD	5e-8	slope_PC1	EUR	4116	3447	655	686	0.0314156293251779	0.0526217593689502	0.550673185804221	0.0294960005552474	0.0168003502535063	0.0792333636722748	-0.00191962876993054	0.0549035623030505	-0.0349636469731197	0.972108728651364
ASD	0p001	slope_PC1	full	8082	6789	1250	1339	0.0219678894138383	0.0381383982033338	0.564694903168254	0.00147352343244956	0.0120160164241292	0.90240383212178	-0.0204943659813888	0.03995146626342	-0.512981572347287	0.607964211072269
ASD	0p01	slope_PC1	full	8082	6789	1250	1339	0.0761457975169919	0.0396890776030477	0.055222423170219	0.0168153424118641	0.0117788299445561	0.153456951259201	-0.0593304551051278	0.0413726800969717	-1.43404911081578	0.151558248599422
ASD	0p05	slope_PC1	full	8082	6789	1250	1339	0.0457776713316626	0.0414744892786093	0.26986928249848	0.0181364129841629	0.0125514056253776	0.148513429071095	-0.0276412583474997	0.0432868759121627	-0.638559788966731	0.523109347230774
ASD	0p1	slope_PC1	full	8082	6789	1250	1339	0.0657421844153702	0.0414056773219054	0.112543498257793	0.023839358129437	0.0126801857359225	0.0601453140732367	-0.0419028262859332	0.043251829636293	-0.968810490522513	0.332639751489241
ASD	0p5	slope_PC1	full	8082	6789	1250	1339	0.0651702986556765	0.0424369677112333	0.124815377946226	0.00785789346083683	0.0131429471944256	0.549940937474436	-0.0573124051948397	0.0443779603986091	-1.29146100181377	0.196543869604554
ASD	1	slope_PC1	full	8082	6789	1250	1339	0.0595446860308144	0.042421493973603	0.160623547644538	0.00726442341636106	0.0132126981467964	0.582470715894648	-0.0522802626144534	0.044379653716422	-1.1780232209227	0.23878734898266
ASD	1e-5	slope_PC1	full	8082	6789	1250	1339	0.0118390411133075	0.037623335538458	0.753051590225581	0.000185538406190548	0.0126037753026598	0.988255319063678	-0.011653502707117	0.0394046504282356	-0.29573927393013	0.767429201770765
ASD	5e-8	slope_PC1	full	8082	6789	1250	1339	-0.0324289941114014	0.0373920845449624	0.385927702755991	0.0121493945498283	0.011757061241893	0.301467966802089	0.0445783886612296	0.0391680416050767	1.13813167149648	0.255065504952219
ASD	0p001	slope_PC2	EUR	4116	3447	655	686	0.0377417205009684	0.0533955838579271	0.479871718487693	-0.0155140135508896	0.0169931862774565	0.361330675039229	-0.0532557340518581	0.0558606838210945	-0.953367026841646	0.340404141824445
ASD	0p01	slope_PC2	EUR	4116	3447	655	686	0.0296402081456556	0.0572016255556356	0.604479298241379	0.0116539769219649	0.0167762067817092	0.487307400932783	-0.0179862312236907	0.0595273432375855	-0.302150746958488	0.762537148661347
ASD	0p05	slope_PC2	EUR	4116	3447	655	686	-0.047233737795835	0.0550619237674399	0.391238397942258	0.0122538466952562	0.0166892791543729	0.462856287381885	0.0594875844910912	0.0575032682363603	1.03450788651829	0.300898791817074
ASD	0p1	slope_PC2	EUR	4116	3447	655	686	-0.0090568101523948	0.0544217328915569	0.867868390553359	0.00751059391503179	0.0167325967295347	0.653561402857009	0.0165674040674266	0.0568939934598791	0.291197770800001	0.770900067381392
ASD	0p5	slope_PC2	EUR	4116	3447	655	686	-0.0608270062113745	0.0532854232978136	0.253983879345634	-0.0128334279716337	0.0166769411503258	0.441631366334453	0.0479935782397409	0.0558225779365802	0.859752093396084	0.389925712237929
ASD	1	slope_PC2	EUR	4116	3447	655	686	-0.0644400783313873	0.0528919478883328	0.223449507349504	-0.0148454666680887	0.0166816873266827	0.373568550125361	0.0495946116632986	0.055445166286608	0.894480348511057	0.371064939540807
ASD	1e-5	slope_PC2	EUR	4116	3447	655	686	0.0140733154644099	0.0515960420048683	0.785104234001533	0.0129140896504542	0.0188198660228601	0.492635462208835	-0.00115922581395564	0.0536710052809857	-0.0215987348827677	0.982768042714621
ASD	5e-8	slope_PC2	EUR	4116	3447	655	686	0.0159881137981427	0.0511891076311281	0.754865246953782	0.0111811173402729	0.0172759219022956	0.517539703229227	-0.0048069964578698	0.0536652582592864	-0.0895737133071186	0.928625974157515
ASD	0p001	slope_PC2	full	8082	6789	1250	1339	0.0046563240893634	0.0377791586632016	0.901923420982514	0.00629374187078189	0.012300485596267	0.608901294522353	0.00163741778141849	0.0396941337525732	0.041250875800063	0.967095895138802
ASD	0p01	slope_PC2	full	8082	6789	1250	1339	0.0615140364928177	0.0393307195748288	0.118007245693778	0.0141203380940136	0.0120596070974885	0.241688748759779	-0.0473936983988041	0.041109193213098	-1.1528734741431	0.24896232110369
ASD	0p05	slope_PC2	full	8082	6789	1250	1339	0.01158911698691	0.0410971879578509	0.777984727023557	0.0195505468940425	0.0128500140918738	0.12819579923543	0.00796142990713254	0.0430115282488041	0.18509990765915	0.853150674032518
ASD	0p1	slope_PC2	full	8082	6789	1250	1339	0.0294038304475073	0.0410420214050807	0.473827180860473	0.0145777336555787	0.0129838536598314	0.261579830725804	-0.0148260967919285	0.0429918743723003	-0.344858115827603	0.730201039846233
ASD	0p5	slope_PC2	full	8082	6789	1250	1339	0.00597369301764958	0.0420665347181617	0.887092966940153	0.00326912775495527	0.0134550344548171	0.808038388470058	-0.00270456526269431	0.0441157084883568	-0.0613061731380357	0.951115374598714
ASD	1	slope_PC2	full	8082	6789	1250	1339	0.00222077358777021	0.0420456245183514	0.95788324978544	0.000965940677301935	0.0135261522579681	0.943071306179625	-0.00125483291046827	0.0441130881755125	-0.0284458187437632	0.977306580898133
ASD	1e-5	slope_PC2	full	8082	6789	1250	1339	-0.00747604907948474	0.0372744799983037	0.841061532085315	0.00304555993796588	0.0129028200585712	0.813410056704463	0.0105216090174506	0.0391560843082454	0.268709428006697	0.788153296048339
ASD	5e-8	slope_PC2	full	8082	6789	1250	1339	-0.0342623591325282	0.0370280503227351	0.354942611175923	-0.00019951783267537	0.0120357065646652	0.986774429078431	0.0340628412998529	0.0389042570453106	0.875555630330657	0.381271655182673
ASD	0p001	slope_PC3	EUR	4116	3447	655	686	-0.0822144552972755	0.0517415618907908	0.112554127539735	-0.00610980920550153	0.0169595091627921	0.718676921932095	0.076104646091774	0.0542720981071112	1.40227941697729	0.16083182436868
ASD	0p01	slope_PC3	EUR	4116	3447	655	686	-0.0468509321854468	0.0555053044999925	0.398931550674153	-0.0186858643902648	0.0167374111286253	0.264326805552108	0.028165067795182	0.0578887303568499	0.486538012175443	0.626585761226672
ASD	0p05	slope_PC3	EUR	4116	3447	655	686	-0.0335628545355437	0.0534432466603531	0.530216076818884	-0.0165325098824657	0.0166537358785062	0.320919425497691	0.017030344653078	0.0559447749808092	0.30441349811345	0.760812885461236
ASD	0p1	slope_PC3	EUR	4116	3447	655	686	-0.0352191390276775	0.0527974654602366	0.504967209165947	-0.0214591177893562	0.0166961794547316	0.198789272526055	0.0137600212383213	0.0553315758777411	0.248682981101514	0.8036060144653
ASD	0p5	slope_PC3	EUR	4116	3447	655	686	-0.0616671455212978	0.051701620623702	0.233398675661916	-0.0161971081485103	0.0166417683511334	0.330485896531772	0.0454700373727875	0.0543020107020319	0.837354580151598	0.402393288181118
ASD	1	slope_PC3	EUR	4116	3447	655	686	-0.0559681372150366	0.051332013784471	0.27597441876219	-0.0185532080049381	0.0166465228508792	0.265129717733595	0.0374149292100985	0.0539482998104661	0.693533055565171	0.48797508890396
ASD	1e-5	slope_PC3	EUR	4116	3447	655	686	-0.0840516748337186	0.0500081093048859	0.0932652893054664	-0.0184576195862308	0.0187685499391551	0.325463692638359	0.0655940552474878	0.0521378238802391	1.25808962411162	0.208359345352468
ASD	5e-8	slope_PC3	EUR	4116	3447	655	686	-0.0514979113195247	0.0496577017602813	0.300085835388142	-0.0185861823910275	0.0172306956782878	0.280813279143848	0.0329117289284972	0.0521946001670195	0.630558119483275	0.528329489864261
ASD	0p001	slope_PC3	full	8082	6789	1250	1339	-0.0707519329245102	0.0373492152165806	0.05837045207127	-0.00256236372560022	0.0120964680446803	0.832248115313331	0.06818956919891	0.0392229973157686	1.73850990147293	0.0821210069437364
ASD	0p01	slope_PC3	full	8082	6789	1250	1339	-0.0535139586099954	0.0389258487013986	0.169406478767976	-0.0180914139544126	0.0118591426896269	0.127175828413676	0.0354225446555828	0.0406640532592076	0.871102160667223	0.383698374484011
ASD	0p05	slope_PC3	full	8082	6789	1250	1339	-0.0435716872039213	0.0406540802395479	0.283995065299201	-0.0242900303848831	0.0126358157214302	0.0546086854592692	0.0192816568190382	0.042525809169606	0.453410698010167	0.650253034468331
ASD	0p1	slope_PC3	full	8082	6789	1250	1339	-0.0495846970651007	0.040589004555572	0.222037501164884	-0.0324039111612435	0.0127646451823059	0.01115330831669	0.0171807859038573	0.0424951410169206	0.404300009194375	0.685992118724851
ASD	0p5	slope_PC3	full	8082	6789	1250	1339	-0.0597968749363696	0.0415931850197062	0.150736418837235	-0.0223388552474263	0.0132299680710097	0.0913611386364711	0.0374580196889433	0.0435974430684836	0.85917927870457	0.390241613680691
ASD	1	slope_PC3	full	8082	6789	1250	1339	-0.0549108975519446	0.0415746417952535	0.186774110723795	-0.0232109684329001	0.0132998548785857	0.0809951338117371	0.0316999291190445	0.043596679395004	0.727117972261832	0.467153689959839
ASD	1e-5	slope_PC3	full	8082	6789	1250	1339	-0.0329114463071192	0.0368796166161955	0.372317187385215	-0.00236586196215339	0.0126889310771089	0.852096882723083	0.0305455843449658	0.0387193385000608	0.788897370881423	0.430171992480537
ASD	5e-8	slope_PC3	full	8082	6789	1250	1339	-0.0209957738839807	0.0366573235529122	0.566893283877287	-0.00961977678090132	0.0118356474770177	0.416372961188893	0.0113759971030793	0.0384906716609087	0.295552054879646	0.767572193213986
ASD	0p001	slope_projC3	EUR	4116	3447	655	686	0.0297952484262272	0.0514763477582075	0.562879211551235	-0.00356524973192601	0.0168420336253252	0.832363376278599	-0.0333604981581532	0.0539850092418329	-0.617958552321636	0.536602660591185
ASD	0p01	slope_projC3	EUR	4116	3447	655	686	0.0358557285333735	0.0551381586316475	0.515694734502001	0.00346956700806534	0.0166250040513183	0.834698187739532	-0.0323861615253081	0.0575053447705217	-0.563185242250906	0.573308751000537
ASD	0p05	slope_projC3	EUR	4116	3447	655	686	-0.0159749880083135	0.0530987017800725	0.763604621730535	0.0132263543755908	0.016539212605237	0.423942226453528	0.0292013423839042	0.0555820015148462	0.525374070527208	0.599323175166309
ASD	0p1	slope_projC3	EUR	4116	3447	655	686	-0.0258142856378194	0.0524534587565355	0.622759375329156	-0.000753333797687505	0.0165845683613997	0.963772205005378	0.0250609518401319	0.0549702195526169	0.455900522939404	0.648461513469896
ASD	0p5	slope_projC3	EUR	4116	3447	655	686	-0.0994393087677507	0.0512945921433181	0.0529091430476884	-0.00291481115908553	0.0165274815095512	0.860020442645066	0.0965244976086652	0.0538796130638383	1.79148461022353	0.0732155620629831
ASD	1	slope_projC3	EUR	4116	3447	655	686	-0.0958202158420646	0.0509291592991296	0.0602817772289755	-0.0043854770323315	0.0165327056928645	0.79082469282397	0.0914347388097331	0.0535300755803957	1.70810031217702	0.0876177310062007
ASD	1e-5	slope_projC3	EUR	4116	3447	655	686	-0.062984940568228	0.0497367390923037	0.205740662673946	-0.00899173256738878	0.0186389665299735	0.629540422023158	0.0539932080008392	0.0518485755762892	1.04136338174603	0.29770693072175
ASD	5e-8	slope_projC3	EUR	4116	3447	655	686	-0.0701527666771878	0.049322316153402	0.155320777780494	-0.0137808112044018	0.0171106740588829	0.420647869513482	0.056371955472786	0.0518410244843069	1.08740049089598	0.276859854334297
ASD	0p001	slope_projC3	full	8082	6789	1250	1339	-0.0226936193615011	0.0366719585824343	0.53611900848553	-0.000219938441076628	0.0121303401579177	0.98553466656525	0.0224736809204245	0.0385890364794634	0.582385127246821	0.560307297198369
ASD	0p01	slope_projC3	full	8082	6789	1250	1339	-0.016627529693996	0.0382067394342999	0.663477459734678	-0.00302290395672965	0.0118947214753871	0.799396471194537	0.0136046257372664	0.0399866275087249	0.340229386294153	0.733683789737261
ASD	0p05	slope_projC3	full	8082	6789	1250	1339	-0.026242654173123	0.039890567116575	0.51071990222248	0.00396161820378406	0.0126749945523848	0.7546293037938	0.030204272376907	0.0418080413327409	0.72245126569116	0.470017077665815
ASD	0p1	slope_projC3	full	8082	6789	1250	1339	-0.0332494875393465	0.0398311653683689	0.403978642373165	-0.00886403474271568	0.012806019044456	0.48884979869815	0.0243854527966308	0.041784118536771	0.583605772972596	0.559485575279114
ASD	0p5	slope_projC3	full	8082	6789	1250	1339	-0.0506797408640007	0.0408134473848111	0.214516346134948	-0.00921873295871592	0.0132686523278588	0.487219865733817	0.0414610079052848	0.04286583863646	0.967227265910054	0.3334304346298
ASD	1	slope_projC3	full	8082	6789	1250	1339	-0.0525221508541076	0.0407918183371559	0.198085739498549	-0.0092181699667793	0.0133385551951152	0.489531284067964	0.0433039808873283	0.0428625178592935	1.01029951225647	0.312351814767275
ASD	1e-5	slope_projC3	full	8082	6789	1250	1339	-0.0158782696692346	0.0361842928431665	0.660853648207193	0.00362973052788011	0.0127245781945117	0.775458641168528	0.0195080001971148	0.0380680563631463	0.512450649201004	0.608335650948468
ASD	5e-8	slope_projC3	full	8082	6789	1250	1339	-0.0275758735479911	0.0359495333974974	0.44315328399299	-0.00406499076928577	0.0118684071944142	0.731981295125396	0.0235108827787054	0.0378271127391713	0.621535218424403	0.534247529647331
ASD	0p001	slope_projDelta	EUR	4116	3447	655	686	-0.0769549568350821	0.0544329480529118	0.15780601473596	-0.0130683492055182	0.0168207409137802	0.437260856229281	0.0638866076295639	0.0568052344670023	1.12466057448764	0.260732894413971
ASD	0p01	slope_projDelta	EUR	4116	3447	655	686	-0.018089759311441	0.0583684920494751	0.756696481186832	-0.00938947231351651	0.0166072046231358	0.571848839134541	0.00870028699792444	0.060604233222878	0.143559064033172	0.885848667895514
ASD	0p05	slope_projDelta	EUR	4116	3447	655	686	-0.0373614576917833	0.0561846708126657	0.506249521563211	-0.0122283738375084	0.0165195887408034	0.45920888152759	0.0251330838542749	0.0585318192942449	0.429391810425857	0.667638112658465
ASD	0p1	slope_projDelta	EUR	4116	3447	655	686	-0.0241075944322885	0.0555069807594985	0.664170774713194	-0.0196437894985201	0.0165578121572874	0.235557822559857	0.00446380493376846	0.0578835232123163	0.0771170220132465	0.938530451716749
ASD	0p5	slope_projDelta	EUR	4116	3447	655	686	-0.0587320265948268	0.0543815507874826	0.280455141480283	-0.0293015199210131	0.0164998776854607	0.075845420009413	0.0294305066738137	0.0568184639938504	0.517974345047395	0.604476169137677
ASD	1	slope_projDelta	EUR	4116	3447	655	686	-0.0588759708383607	0.0539788136170437	0.275709787020589	-0.0302113567595854	0.0165049532613518	0.0672718794185111	0.0286646140787753	0.0564312949739126	0.50795598598307	0.611484210469976
ASD	1e-5	slope_projDelta	EUR	4116	3447	655	686	-0.0454659242041753	0.0525819274817766	0.387459878437737	0.0102894526484425	0.0186402615531785	0.580982423487264	0.0557553768526178	0.0545789920272353	1.02155380269382	0.306992132160089
ASD	5e-8	slope_projDelta	EUR	4116	3447	655	686	-0.0839075500122413	0.0521251320435181	0.107830538829495	0.0135033906418355	0.0171074061688371	0.429972809786958	0.0974109406540768	0.054511675801263	1.78697387710506	0.0739417107839668
ASD	0p001	slope_projDelta	full	8082	6789	1250	1339	-0.0738530623673217	0.038347787757303	0.0542887310842077	-0.00794495675167399	0.0121555679860428	0.513387578093451	0.0659081056156477	0.0401925567963186	1.63980873248861	0.101044941945894
ASD	0p01	slope_projDelta	full	8082	6789	1250	1339	-0.0519446694349039	0.0399788064889157	0.194017708783384	-0.0109569557075295	0.0119173105997673	0.357911367651784	0.0409877137273744	0.041689430963475	0.983167982390659	0.32552476998254
ASD	0p05	slope_projDelta	full	8082	6789	1250	1339	-0.0400818396566023	0.0417524500300557	0.337199662988817	-0.011109262067756	0.0126992064947153	0.38171407701429	0.0289725775888463	0.0435950227347078	0.664584527576814	0.506316268187252
ASD	0p1	slope_projDelta	full	8082	6789	1250	1339	-0.014146999281405	0.0417061654351658	0.734496643342401	-0.0162365566556266	0.0128304747087662	0.205747255017206	-0.00208955737422161	0.0435823338101474	-0.0479450546022639	0.961760032276043
ASD	0p5	slope_projDelta	full	8082	6789	1250	1339	-0.0312610003163749	0.0427441875755828	0.464666937877992	-0.0228188573287784	0.0132935321123455	0.0861092974836371	0.00844214298759645	0.044715275166517	0.188797742072668	0.85025134158317
ASD	1	slope_projDelta	full	8082	6789	1250	1339	-0.0372092076232352	0.0427173472274003	0.383848076084857	-0.0234331154989247	0.0133640266131137	0.079570453749471	0.0137760921243106	0.0447063514122039	0.308146195991068	0.757971090978621
ASD	1e-5	slope_projDelta	full	8082	6789	1250	1339	0.0157874025588013	0.0378678069588818	0.676798172065446	0.0137387608770007	0.012749973327391	0.281272086503462	-0.00204864168180062	0.0396785221789042	-0.0516309975599297	0.958822719790797
ASD	5e-8	slope_projDelta	full	8082	6789	1250	1339	0.00921193482602325	0.037623981888562	0.806608541863501	0.0142844770032265	0.0118951979089925	0.229846837937695	0.00507254217720323	0.0394302072066964	0.128646094873723	0.897637690894506
ASD	0p001	slope_topC3	EUR	4116	3447	655	686	0.0693860100710738	0.0513327001313938	0.176873202142653	0.012264783977116	0.0162779505753806	0.451226334500172	-0.0571212260939578	0.0536859250975586	-1.06398885723132	0.287333747367966
ASD	0p01	slope_topC3	EUR	4116	3447	655	686	0.0523414871926069	0.0550282198838121	0.34181594516007	-0.00415160642507546	0.0160697469191369	0.796153176775355	-0.0564930936176824	0.0572467881964696	-0.986834290577132	0.323723881358206
ASD	0p05	slope_topC3	EUR	4116	3447	655	686	0.00547538670470913	0.0530058050510263	0.917753643357184	0.0144362893223012	0.0159854442535903	0.366543197070212	0.00896090261759203	0.0553329582767721	0.161945120894678	0.871349070430557
ASD	0p1	slope_topC3	EUR	4116	3447	655	686	-0.00888295868579534	0.0523730101584271	0.865362133657074	-0.00043698401196044	0.0160271542754696	0.978249827561166	0.0084459746738349	0.0547304044052937	0.154319610198568	0.877357735822781
ASD	0p5	slope_topC3	EUR	4116	3447	655	686	-0.0541739961529736	0.0512944019747975	0.291239515260995	0.00798890099977687	0.0159738834943839	0.61702157572125	0.0621628971527504	0.0537130551366161	1.15731449262461	0.24714389453465
ASD	1	slope_topC3	EUR	4116	3447	655	686	-0.0460434466504419	0.050934199139239	0.3662921192468	0.00564309636600326	0.0159790105963239	0.723993125475578	0.0516865430164451	0.0533674885939419	0.968502441808971	0.33279350010504
ASD	1e-5	slope_topC3	EUR	4116	3447	655	686	-0.0487643110749978	0.0496211779329274	0.326037985212368	0.027667664897065	0.0180220450737951	0.124822438828107	0.0764319759720629	0.0515996138336638	1.4812509298703	0.138539719176456
ASD	5e-8	slope_topC3	EUR	4116	3447	655	686	-0.0182469612963584	0.0492731898123083	0.711243753146777	-0.00531752963036355	0.0165483563696424	0.747977670001117	0.0129294316659948	0.0516338742930641	0.250405994960011	0.802273393962812
ASD	0p001	slope_topC3	full	8082	6789	1250	1339	0.0159041585616462	0.0364069329256268	0.66228722372444	0.00648117133510989	0.0118372296361368	0.58403682546972	-0.00942298722653626	0.0382473518099072	-0.246369664320012	0.805396086977565
ASD	0p01	slope_topC3	full	8082	6789	1250	1339	-0.0235080039319191	0.0379311174965209	0.535513331991613	-0.00836563706339168	0.011606148045103	0.471061887951342	0.0151423668685275	0.0396392937179014	0.382003952348148	0.702458433012687
ASD	0p05	slope_topC3	full	8082	6789	1250	1339	-0.00845202730426121	0.0396065406661001	0.831044197789485	-0.000172616704571341	0.0123682494134401	0.988865154506635	0.00827941059968986	0.0414468821527252	0.199759551736161	0.841668636715417
ASD	0p1	slope_topC3	full	8082	6789	1250	1339	-0.00915780552653052	0.03955328213887	0.816934047359608	-0.00857967999424545	0.0124960502197203	0.492364216803357	0.000578125532285067	0.041427474092906	0.0139551238626944	0.988865783516763
ASD	0p5	slope_topC3	full	8082	6789	1250	1339	-0.0243644964358202	0.0405331631357853	0.547864176420225	-0.00637233388993696	0.0129483563911746	0.622640394263305	0.0179921625458832	0.042502817957031	0.423316933104829	0.672064041477278
ASD	1	slope_topC3	full	8082	6789	1250	1339	-0.02011358249361	0.0405151054845627	0.619652301854888	-0.0065855911856587	0.0130166904811442	0.612919403969106	0.0135279913079513	0.0425022116141416	0.318289114711626	0.750265640517988
ASD	1e-5	slope_topC3	full	8082	6789	1250	1339	0.00949860414626422	0.0359110228769971	0.791427614485351	0.0349573455201436	0.0124103746253775	0.00486496410004122	0.0254587413738794	0.037717967098411	0.67497649879842	0.499690696183069
ASD	5e-8	slope_topC3	full	8082	6789	1250	1339	0.0512600966042226	0.0356674684410678	0.150879620148422	0.000618943472888941	0.0115826875784312	0.957385353708888	-0.0506411531313337	0.0374714666610404	-1.35145906055463	0.176548425699967
ASD	0p001	slope_topDelta	EUR	4116	3447	655	686	0.00806102741242682	0.0518918841991318	0.876590815127497	0.00624034381075788	0.016289897552859	0.701684143900815	-0.00182068360166894	0.0542241849182064	-0.0335769657840929	0.973214490550425
ASD	0p01	slope_topDelta	EUR	4116	3447	655	686	0.0443163801297074	0.0555862721514441	0.425543927000612	-0.0106129942476514	0.0160789898163425	0.509264409875469	-0.0549293743773588	0.057785785418765	-0.950568967425011	0.341823228096907
ASD	0p05	slope_topDelta	EUR	4116	3447	655	686	-0.0239224027078796	0.0535320841926203	0.655084891174551	-0.0103787275226605	0.0159956820925927	0.516482508793476	0.013543675185219	0.0558402151670377	0.242543391795771	0.808359138552509
ASD	0p1	slope_topDelta	EUR	4116	3447	655	686	-0.0108508162628827	0.0528848216702926	0.837485870008071	-0.0135150623710357	0.0160351187392279	0.399377587856825	-0.00266424610815305	0.055222630093289	-0.0482455490376368	0.96152054954729
ASD	0p5	slope_topDelta	EUR	4116	3447	655	686	-0.0392758025855022	0.0518156822915033	0.448683944236083	-0.00579032177784958	0.0159843315169463	0.71718811015601	0.0334854808076526	0.0542141690439868	0.617651831580857	0.536804870176744
ASD	1	slope_topDelta	EUR	4116	3447	655	686	-0.0330446830998642	0.0514451481397588	0.52084736648129	-0.0077690977321439	0.0159890196437791	0.627068303620395	0.0252755853677203	0.0538583105202692	0.469297776398092	0.638856804434613
ASD	1e-5	slope_topDelta	EUR	4116	3447	655	686	-0.056110055770771	0.0500792211302884	0.262860818012046	0.0289805286845191	0.0180368961188335	0.108202650117266	0.0850905844552901	0.0520426916330549	1.63501505754643	0.10204589112466
ASD	5e-8	slope_topDelta	EUR	4116	3447	655	686	-0.0353331609517777	0.0497399312152812	0.477690193715811	-0.00166123746312377	0.0165614740431615	0.920106137856227	0.0336719234886539	0.0520828040768478	0.646507500613278	0.517950741149519
ASD	0p001	slope_topDelta	full	8082	6789	1250	1339	-0.00793425129634874	0.036935342985219	0.829938136781266	-0.000618283105190847	0.0118500777573511	0.958390428145779	0.0073159681911579	0.0387545508142682	0.188777009085198	0.850267591931433
ASD	0p01	slope_topDelta	full	8082	6789	1250	1339	-0.0322051361772852	0.0384809935171578	0.402763213881507	-0.0142654302327287	0.0116167273338038	0.219486839703724	0.0179397059445565	0.0401687966631933	0.446608000109565	0.655158118310626
ASD	0p05	slope_topDelta	full	8082	6789	1250	1339	-0.0191892793859978	0.0401849400670938	0.633051645440781	-0.0171048497328688	0.0123784506363313	0.16707119272797	0.00208442965312899	0.0420028931092096	0.0496258590499796	0.960420539474153
ASD	0p1	slope_topDelta	full	8082	6789	1250	1339	-0.00190634843793618	0.0401273203498747	0.962114455737167	-0.0161023418926371	0.0125076588021551	0.197999424564217	-0.0141959934547009	0.0419793039792466	-0.338166479885398	0.735237734549599
ASD	0p5	slope_topDelta	full	8082	6789	1250	1339	-0.0152169023190525	0.0411209418769489	0.711390527074548	-0.0133742031811945	0.0129612792943089	0.302175260106393	0.00184269913785795	0.0430675233452092	0.0427862805828823	0.965871900483763
ASD	1	slope_topDelta	full	8082	6789	1250	1339	-0.0137447783804126	0.0411004409116686	0.738105339038069	-0.0137362136150069	0.0130298320679625	0.291823030207744	8.56476540565983e-06	0.0430644167924185	0.000198882651701617	0.999841314603842
ASD	1e-5	slope_topDelta	full	8082	6789	1250	1339	0.015264202870236	0.0364336770932762	0.675299800986918	0.0301954423034521	0.0124247018996633	0.0151131198817594	0.0149312394332161	0.0382198698878216	0.390666935210415	0.696043442275202
ASD	5e-8	slope_topDelta	full	8082	6789	1250	1339	0.0490725354347069	0.0361890718680717	0.175281724706091	-0.000750905182083108	0.0115953221899135	0.948367522705382	-0.04982344061679	0.0379722032620393	-1.31210296839947	0.189485394570644
MDD	0p001	baseline_thickness	EUR	4116	3447	655	686	-0.0405179701643493	0.040568567730026	0.318260566522508	-0.0188276158768306	0.0172118567558161	0.274085885376827	0.0216903542875187	0.044032249760128	0.492601545587156	0.622294155750516
MDD	0p01	baseline_thickness	EUR	4116	3447	655	686	0.0321379478688817	0.0404111672576827	0.42672410154925	-0.0297677468745463	0.0172047122254567	0.0836816390072906	-0.061905694743428	0.0439080532010737	-1.40989386297624	0.158571025074722
MDD	0p05	baseline_thickness	EUR	4116	3447	655	686	0.0381658029288473	0.0407991154742978	0.349875505453692	-0.0238223937743646	0.0172567505163535	0.167531139239808	-0.061988196703212	0.0443132810700703	-1.39886271578927	0.161854155026878
MDD	0p1	baseline_thickness	EUR	4116	3447	655	686	0.0187378991000872	0.0409518721068345	0.647411114266299	-0.0255127437621489	0.0172972274632241	0.140313338185322	-0.0442506428622362	0.0444726501637475	-0.995008003779988	0.319732371638961
MDD	0p5	baseline_thickness	EUR	4116	3447	655	686	0.0229439580116733	0.0422270877087293	0.587063983372399	-0.0293002674263108	0.0173310145416145	0.0909977433531883	-0.0522442254379841	0.0456508139838155	-1.14443141050029	0.25244476795656
MDD	1	baseline_thickness	EUR	4116	3447	655	686	0.0189237369660499	0.0424313198726117	0.655745953608325	-0.0296757147584908	0.0173300167840441	0.0869143101558749	-0.0485994517245407	0.0458359420218706	-1.06029132555739	0.289012084356467
MDD	1e-5	baseline_thickness	EUR	4116	3447	655	686	-0.018906595529419	0.0401387618869131	0.637765434894628	0.0127963225149895	0.0171646637663533	0.456017800327942	0.0317029180444086	0.0435817320738805	0.727435935558165	0.466958947353858
MDD	5e-8	baseline_thickness	EUR	4116	3447	655	686	-0.0759139534444018	0.0411500692538227	0.0654886686345628	-0.0102724332049168	0.0171178352146503	0.548478053638835	0.0656415202394851	0.0444816455714497	1.47569900789859	0.140024712420277
MDD	0p001	baseline_thickness	full	8082	6789	1250	1339	-0.0321575352913206	0.0436999619301285	0.461935788361493	-0.0268399804912251	0.0179756041904246	0.135447794910973	0.00531755480009553	0.0469947623168857	0.113152073506389	0.909909991356997
MDD	0p01	baseline_thickness	full	8082	6789	1250	1339	0.0327172023948176	0.051310727864062	0.523822177775499	-0.0424685156126543	0.021204690689997	0.0452384426709227	-0.0751857180074719	0.0550333781863883	-1.36618395027162	0.171881233765533
MDD	0p05	baseline_thickness	full	8082	6789	1250	1339	0.05319844984941	0.0580320547424289	0.359457076540869	-0.0498305770518409	0.0243800953871539	0.0410000148390141	-0.103029026901251	0.0620373899774097	-1.66075695542266	0.0967622693865157
MDD	0p1	baseline_thickness	full	8082	6789	1250	1339	0.045010055765039	0.0629341519501054	0.474611498595307	-0.0650392759467081	0.0265398684156519	0.014284740122126	-0.110049331711747	0.0670523904392214	-1.64124397341955	0.100746780994699
MDD	0p5	baseline_thickness	full	8082	6789	1250	1339	0.0452397377086143	0.0698924043366574	0.517560646782101	-0.0735947186627998	0.0292371231828034	0.0118519046665816	-0.118834456371414	0.073997569458366	-1.60592377886513	0.108290658153508
MDD	1	baseline_thickness	full	8082	6789	1250	1339	0.0394469134693509	0.0694652379444545	0.570218868248006	-0.073731401870844	0.02907463390275	0.0112358126915139	-0.113178315340195	0.073560495231129	-1.53857467903915	0.123908164103883
MDD	1e-5	baseline_thickness	full	8082	6789	1250	1339	-0.0329121536321218	0.032374159175793	0.309515372384293	0.013518129815333	0.0133357882355619	0.310774765139448	0.0464302834474548	0.0350060379852334	1.32635071318384	0.184723556161421
MDD	5e-8	baseline_thickness	full	8082	6789	1250	1339	-0.0527010387444644	0.030573905286428	0.0849841470259296	-0.000108140188107949	0.0123852446464076	0.993033717786848	0.0525928985563565	0.0329742149680035	1.59497045213631	0.110718843455466
MDD	0p001	global_slope	EUR	4116	3447	655	686	-0.0272279109128697	0.0522898432888476	0.602706914739461	-0.0281004097333208	0.0157737996060819	0.074926255779543	-0.000872498820451061	0.0545912810960507	-0.0159823840535257	0.98724844539014
MDD	0p01	global_slope	EUR	4116	3447	655	686	-0.0943351432113041	0.0520041587272661	0.0700418520715311	-0.0141842552568692	0.0157895502237836	0.369071700734912	0.0801508879544349	0.0543381819915056	1.47503808587053	0.140202304346049
MDD	0p05	global_slope	EUR	4116	3447	655	686	-0.0770962766678331	0.0525374199641685	0.142632370386664	-0.0183898754515572	0.0158399319009745	0.245729710474405	0.0587064012162759	0.0548823099124673	1.0696780312255	0.284764258219076
MDD	0p1	global_slope	EUR	4116	3447	655	686	-0.0792165838433593	0.0527217534433915	0.1333392428796	-0.016831798381347	0.0158736060255898	0.289053618431131	0.0623847854620124	0.0550713693214664	1.13279887953858	0.257298722103831
MDD	0p5	global_slope	EUR	4116	3447	655	686	-0.0999423319402013	0.0543425388136666	0.066257082590551	-0.00870899214049632	0.0159071469690145	0.584078222649946	0.091233339799705	0.0566265353993292	1.61114112237892	0.107148967158462
MDD	1	global_slope	EUR	4116	3447	655	686	-0.0937424409196442	0.0546185952330946	0.0864805731915452	-0.00957631857504296	0.0159020236803226	0.547075838207716	0.0841661223446013	0.0568877309759658	1.47951273324929	0.139003330735227
MDD	1e-5	global_slope	EUR	4116	3447	655	686	-0.0594667973046023	0.0516678873189738	0.250087595997508	-0.0156203346691026	0.0157265189878597	0.320659895883692	0.0438464626354998	0.0539555454472004	0.812640522342729	0.416424191308749
MDD	5e-8	global_slope	EUR	4116	3447	655	686	-0.0924081782791997	0.0530375456418395	0.0818251821793719	-0.00823201870935739	0.0156877758479545	0.59979750430146	0.0841761595698423	0.0552467231969325	1.52364076453526	0.127598474153706
MDD	0p001	global_slope	full	8082	6789	1250	1339	-0.0461832718080249	0.0539596637299945	0.392189428620999	-0.0295589726252214	0.0170084649200252	0.082274291111621	0.0166242991828035	0.0563840269608521	0.294840579484433	0.768115665672312
MDD	0p01	global_slope	full	8082	6789	1250	1339	-0.114551235412837	0.0633178870139479	0.0706162579448574	-0.0399354071089629	0.0200964798656605	0.0469417942359636	0.0746158283038739	0.0660661188077381	1.12941140860744	0.258724322367124
MDD	0p05	global_slope	full	8082	6789	1250	1339	-0.0998839282371819	0.0716503290527957	0.163496773829785	-0.0431485947798005	0.0231274111173991	0.0621272961652116	0.0567353334573814	0.0746079813719108	0.760445898871909	0.446988096303663
MDD	0p1	global_slope	full	8082	6789	1250	1339	-0.127140674997729	0.0776747790592131	0.101861658669722	-0.0499195018533733	0.0251961065549428	0.0476042374617762	0.0772211731443556	0.0807190147895424	0.95666644774708	0.338735638364187
MDD	0p5	global_slope	full	8082	6789	1250	1339	-0.137434851299378	0.0862250628005217	0.111153386093661	-0.0471541605408463	0.0277848719080526	0.0897197273488396	0.0902806907585322	0.0892628164444576	1.01140311671331	0.311823530069218
MDD	1	global_slope	full	8082	6789	1250	1339	-0.130174852000724	0.0857021004656606	0.128978861780092	-0.0497982300926303	0.0276222182746133	0.0714582133644759	0.0803766219080934	0.0887306662364709	0.905849412804885	0.36501556292634
MDD	1e-5	global_slope	full	8082	6789	1250	1339	-0.0596880979309425	0.039963185088569	0.13548334010934	-0.0167853725749797	0.0125929304868813	0.182603381820859	0.0429027253559628	0.0418952671865998	1.02404706395297	0.305813045770785
MDD	5e-8	global_slope	full	8082	6789	1250	1339	-0.0802838333614746	0.0377376795150445	0.0335381850929423	-0.0119925148512104	0.0116873268035973	0.304875792794214	0.0682913185102642	0.0394961302433362	1.72906353330112	0.0837977248616598
MDD	0p001	slope_PC1	EUR	4116	3447	655	686	-0.0074891886334544	0.0560631344592012	0.893765320948671	0.00865693687285015	0.0163059721524605	0.595519628883501	0.0161461255063045	0.0583602992152482	0.276662829413423	0.782039015966594
MDD	0p01	slope_PC1	EUR	4116	3447	655	686	0.00910563595964567	0.0558365405162201	0.87050036331264	0.00750781009297359	0.016321585485782	0.645551398095285	-0.00159782586667208	0.0581628215704296	-0.027471601678355	0.978083589873552
MDD	0p05	slope_PC1	EUR	4116	3447	655	686	0.005357654762683	0.0563676605404413	0.924300803283793	0.0115845248942448	0.0163753528946828	0.479344305996848	0.00622687013156177	0.0587068528967362	0.106067176561392	0.915529053511528
MDD	0p1	slope_PC1	EUR	4116	3447	655	686	0.0148992682667439	0.056557074204525	0.7922827545049	0.0134385449086885	0.0164091569800771	0.412864013028911	-0.0014607233580554	0.0589011755877718	-0.0247995620372414	0.980214840395726
MDD	0p5	slope_PC1	EUR	4116	3447	655	686	0.0625754340070281	0.0583008416208427	0.283460481483376	0.010395845123081	0.0164422216142636	0.527256798769549	-0.0521795888839471	0.060578695127416	-0.861352143260878	0.389044125214687
MDD	1	slope_PC1	EUR	4116	3447	655	686	0.055006698899729	0.0585901959298015	0.348105162715691	0.010852824914159	0.0164362260537228	0.509107515960598	-0.04415387398557	0.0608532633765373	-0.725579394359877	0.468096656900475
MDD	1e-5	slope_PC1	EUR	4116	3447	655	686	0.0221945376675699	0.0554159593152188	0.68889207590271	-0.00516124874261295	0.0162518577599393	0.750824432919352	-0.0273557864101828	0.0576969607769298	-0.474128724317851	0.635408116323362
MDD	5e-8	slope_PC1	EUR	4116	3447	655	686	0.0698614367307211	0.0568886291860903	0.219803754632759	0.000873079230825136	0.0162116589151489	0.957053931721171	-0.068988357499896	0.0590910025637654	-1.16749343396992	0.243011158405502
MDD	0p001	slope_PC1	full	8082	6789	1250	1339	0.0446876313789334	0.0564764773214463	0.428911697034969	0.0174751465541865	0.0175555291879264	0.319567360211639	-0.0272124848247469	0.058945662779402	-0.461653725509658	0.644329660356252
MDD	0p01	slope_PC1	full	8082	6789	1250	1339	0.0719464003630085	0.0663105988768887	0.278092859146923	0.0383903616732865	0.0207426406814988	0.0642426335244061	-0.033556038689722	0.0691079352721104	-0.485559850075047	0.627279268854211
MDD	0p05	slope_PC1	full	8082	6789	1250	1339	0.0733493595248225	0.0750089595935572	0.32828737844503	0.0373933255762969	0.0238722778242165	0.11730363432268	-0.0359560339485256	0.0780207050605176	-0.460852461159328	0.644904460460888
MDD	0p1	slope_PC1	full	8082	6789	1250	1339	0.100505667729485	0.0813114319337995	0.216622153637448	0.0472808506267575	0.0260080334333297	0.0691183194048818	-0.0532248171027279	0.0844114959160141	-0.630539910768604	0.528341399084674
MDD	0p5	slope_PC1	full	8082	6789	1250	1339	0.145021410233619	0.090239613225679	0.108240247321732	0.0464219849357683	0.0286791430480659	0.105565045383108	-0.0985994252978512	0.0933334389254348	-1.0564212187298	0.290775816030191
MDD	1	slope_PC1	full	8082	6789	1250	1339	0.141347874192984	0.0896884763990831	0.115230489840045	0.0485631054033856	0.028510911605307	0.0885544192079008	-0.0927847687895986	0.0927729990385522	-1.00012686612666	0.317249115980268
MDD	1e-5	slope_PC1	full	8082	6789	1250	1339	0.0335195264782613	0.041848700327166	0.423270994908469	0.000941951896358213	0.0129963985047962	0.942223769677681	-0.0325775745819031	0.043815174648304	-0.743522645827548	0.457165316261513
MDD	5e-8	slope_PC1	full	8082	6789	1250	1339	0.0571612374772115	0.0395278816532282	0.148349922890348	0.000479643179397201	0.0120606726300613	0.968278347378235	-0.0566815942978143	0.0413168096047489	-1.37187732644535	0.17010162987158
MDD	0p001	slope_PC2	EUR	4116	3447	655	686	-0.0541277661467655	0.0544709901986894	0.320664434445571	0.00856729888921638	0.0167743750297161	0.609568026271281	0.0626950650359819	0.0569672787242772	1.10054519787451	0.271094648032533
MDD	0p01	slope_PC2	EUR	4116	3447	655	686	-0.0826028155636084	0.0542129558713632	0.127978631871009	0.0237452396534511	0.0167808245877707	0.157152437223935	0.10634805521706	0.0567397849132503	1.87431192028055	0.0608874454954043
MDD	0p05	slope_PC2	EUR	4116	3447	655	686	-0.0523323003589578	0.0547849639708595	0.339743520098516	0.0318333060565328	0.0168309271833454	0.0586602136056542	0.0841656064154906	0.057321849239155	1.46829886915092	0.142023057987541
MDD	0p1	slope_PC2	EUR	4116	3447	655	686	-0.0407283014585211	0.0549791875114311	0.459030614530538	0.032460078071696	0.016867205513731	0.0543805405561028	0.0731883795302171	0.0575211711310535	1.27237290359524	0.203240656794666
MDD	0p5	slope_PC2	EUR	4116	3447	655	686	0.00426165192367523	0.0567312560171069	0.94013763456918	0.0296080740401615	0.0169025206645226	0.0799150975832031	0.0253464221164863	0.0591996645558757	0.428151448266452	0.668540861809705
MDD	1	slope_PC2	EUR	4116	3447	655	686	0.000107479641800192	0.0570009975951392	0.998495990408505	0.0299709516815524	0.0168975209841208	0.0762030471611443	0.0298634720397522	0.059454249152995	0.502293317386009	0.615461209252088
MDD	1e-5	slope_PC2	EUR	4116	3447	655	686	-0.0740535748027581	0.0538260667435523	0.169263441237271	0.00713202903695646	0.0167196127274834	0.669721970712247	0.0811856038397145	0.0563060844704505	1.44186200484818	0.149341306708198
MDD	5e-8	slope_PC2	EUR	4116	3447	655	686	0.0406484996350859	0.0553463990815223	0.462892810813367	0.00363043776052197	0.0166779371146336	0.82769220048219	-0.0370180618745639	0.0577374368006704	-0.64114487801672	0.521428558888547
MDD	0p001	slope_PC2	full	8082	6789	1250	1339	-0.0107333087102616	0.0559560217771852	0.847909568512154	0.0134223319045178	0.0179700544464733	0.455132870299146	0.0241556406147794	0.0585635807148999	0.412468642113505	0.679995960204572
MDD	0p01	slope_PC2	full	8082	6789	1250	1339	0.00436830400810426	0.065714635511755	0.947008737278374	0.0552234708353568	0.0212222378863072	0.00928388426809363	0.0508551668272525	0.0686654416967815	0.740622437875271	0.458922399359202
MDD	0p05	slope_PC2	full	8082	6789	1250	1339	0.0332787816037737	0.0743191387685959	0.654369855881837	0.0587362081661338	0.0244234432756531	0.0162024649844383	0.02545742656236	0.0774968881162055	0.328496113601194	0.742536582307123
MDD	0p1	slope_PC2	full	8082	6789	1250	1339	0.0444505651722104	0.0805732805718642	0.581243888927051	0.061561753214902	0.0266097101846142	0.0207238028314972	0.0171111880426915	0.0838443983279795	0.204082662454761	0.838288902572305
MDD	0p5	slope_PC2	full	8082	6789	1250	1339	0.0897544609955455	0.089430421472616	0.315708537271597	0.0586280458128624	0.0293426207690924	0.0457499131689292	-0.0311264151826831	0.0926949812148704	-0.3357939639745	0.737026242209072
MDD	1	slope_PC2	full	8082	6789	1250	1339	0.0894591564999412	0.0888800818375189	0.314316558602059	0.0606066782936666	0.0291716272913947	0.0377837149217342	-0.0288524782062746	0.0921352193401488	-0.313153628036156	0.754163947223833
MDD	1e-5	slope_PC2	full	8082	6789	1250	1339	-0.0243827310860411	0.0414559973301139	0.556506876612346	-0.000942746782101957	0.0133061447207288	0.943518850888946	0.0234399843039391	0.0435336289442228	0.538433961799313	0.590277485098687
MDD	5e-8	slope_PC2	full	8082	6789	1250	1339	0.0366457405370738	0.0391662604736187	0.349594373578662	-0.00488049633587909	0.0123493947337362	0.69270691361874	-0.0415262368729529	0.041056461202631	-1.01144218611544	0.311804838728301
MDD	0p001	slope_PC3	EUR	4116	3447	655	686	-0.0182764892357629	0.0528941468646196	0.729807156888377	-0.0142393274407609	0.0167374364690984	0.394971841261801	0.00403716179500207	0.055450492273236	0.07280659971617	0.941960019083507
MDD	0p01	slope_PC3	EUR	4116	3447	655	686	-0.0248055040770075	0.052677646789832	0.637874186810407	-0.00381755188442927	0.0167487231309223	0.819714017679152	0.0209879521925782	0.0552651316530762	0.379768428388608	0.704117320117442
MDD	0p05	slope_PC3	EUR	4116	3447	655	686	0.00444632213133524	0.0531968503371369	0.933413922464061	0.00179823356716302	0.0168015910065336	0.914773564809695	-0.00264808856417222	0.0557972362307666	-0.0474591349510617	0.962147299198001
MDD	0p1	slope_PC3	EUR	4116	3447	655	686	-0.0131683541229999	0.0533728945664443	0.805199261353906	-0.000795679831474743	0.0168384000843811	0.962313726652973	0.0123726742915252	0.0559791682915564	0.221022831691327	0.825074655450621
MDD	0p5	slope_PC3	EUR	4116	3447	655	686	-0.030031990721861	0.0550395512950027	0.585496392505755	0.00113313807940377	0.0168724284037058	0.946459049756634	0.0311651288012648	0.0575716918431778	0.541327305199871	0.588282003207874
MDD	1	slope_PC3	EUR	4116	3447	655	686	-0.0292345938223413	0.0553038751892695	0.597249751812601	0.000486301163978616	0.0168680221882025	0.977002099092739	0.0297208949863199	0.0578205509032535	0.51401957473649	0.60723830505021
MDD	1e-5	slope_PC3	EUR	4116	3447	655	686	-0.0708305531236621	0.0522266228131652	0.175497784874076	-0.00239039521323018	0.0166860592439714	0.886096020919971	0.0684401579104319	0.0547693479936932	1.24960695019252	0.211443162982885
MDD	5e-8	slope_PC3	EUR	4116	3447	655	686	-0.0120419619089452	0.0537302745277316	0.822734646400298	-0.00653003612220367	0.0166426042590203	0.694811375565559	0.00551192578674155	0.0561801872046283	0.0981115596262637	0.921843708559349
MDD	0p001	slope_PC3	full	8082	6789	1250	1339	-0.0445557689950622	0.0553550410412039	0.420998105483334	-0.0167297987349189	0.0176730306286234	0.343861969942978	0.0278259702601433	0.0579051563848221	0.480543910031421	0.630840688116052
MDD	0p01	slope_PC3	full	8082	6789	1250	1339	-0.0363490207760264	0.0650050597501138	0.576126559124039	-0.0269786110919193	0.020881380081396	0.196403203693831	0.00937040968410718	0.0678936833389351	0.138015927598577	0.890227829611239
MDD	0p05	slope_PC3	full	8082	6789	1250	1339	-0.00332758181592898	0.0735295838007146	0.963909982617225	-0.0253316812247407	0.0240305178261408	0.291853243416537	-0.0220040994088118	0.0766396223448109	-0.287111271370997	0.774027122044831
MDD	0p1	slope_PC3	full	8082	6789	1250	1339	-0.0258363704293887	0.0797163816575025	0.745904017452891	-0.035263483089788	0.0261797303593063	0.178032325781041	-0.00942711266039931	0.0829173360304202	-0.11369290321798	0.909481238454477
MDD	0p5	slope_PC3	full	8082	6789	1250	1339	-0.00318465722966426	0.0885021693469384	0.971299862602083	-0.0374562007039784	0.0288660986666998	0.194473698742082	-0.0342715434743141	0.091695323747985	-0.373754539200994	0.70858694463762
MDD	1	slope_PC3	full	8082	6789	1250	1339	-0.00453590502023668	0.0879586689606468	0.958879187054566	-0.038626109052624	0.0286980171894693	0.178362969558236	-0.0340902040323874	0.0911425975240044	-0.374031517188315	0.708380867885766
MDD	1e-5	slope_PC3	full	8082	6789	1250	1339	-0.0488071389883867	0.0410101170642542	0.234183375520795	-0.0121255409493146	0.013084723142676	0.354118846284827	0.0366815980390721	0.0430416048358211	0.852235835048234	0.39408321101872
MDD	5e-8	slope_PC3	full	8082	6789	1250	1339	-0.00724119044757259	0.0387691196477386	0.851860172849473	-0.0118194310588002	0.0121437857685051	0.330444606139524	-0.00457824061122757	0.0406161741774274	-0.112719641964012	0.910252828460002
MDD	0p001	slope_projC3	EUR	4116	3447	655	686	-0.0605558353085453	0.0524957556947694	0.249040126543064	-0.0101564395520076	0.0166225941300914	0.541238827733834	0.0503993957565377	0.05503619878117	0.915749940451579	0.359798064913436
MDD	0p01	slope_projC3	EUR	4116	3447	655	686	-0.0988642823724451	0.052212482349657	0.0586590117354667	0.00447528889350688	0.0166322034501788	0.787889074772586	0.103339571265952	0.0547866032747842	1.886219715934	0.0592653527464641
MDD	0p05	slope_projC3	EUR	4116	3447	655	686	-0.0485913610705662	0.0528116290206663	0.357808262882512	0.00912470618496024	0.016684556436841	0.584485977023983	0.0577160672555264	0.0553945865523817	1.04190807888691	0.297454298165439
MDD	0p1	slope_projC3	EUR	4116	3447	655	686	-0.0506951879572844	0.0529869937236313	0.338988066526746	0.00707970166430757	0.0167213101467532	0.672034265912304	0.0577748896215919	0.055575831701967	1.03956860117574	0.298540370932808
MDD	0p5	slope_projC3	EUR	4116	3447	655	686	-0.0661809554037579	0.0546311767816904	0.22610060147092	0.00936377193197202	0.0167546776828035	0.576283286403696	0.07554472733573	0.0571467133587063	1.32194351863318	0.186186959527271
MDD	1	slope_projC3	EUR	4116	3447	655	686	-0.0573972083716458	0.0549061766257062	0.296173466610817	0.00981772074134179	0.0167502806215664	0.557831479798249	0.0672149291129876	0.0574057935187986	1.17087361732883	0.241649581224193
MDD	1e-5	slope_projC3	EUR	4116	3447	655	686	-0.0883875277986948	0.0518486827853515	0.0886414305699685	-0.00391103976108694	0.0165699145066954	0.813421570044451	0.0844764880376079	0.0543743808144793	1.55360827603416	0.12027788400231
MDD	5e-8	slope_projC3	EUR	4116	3447	655	686	-0.0375551323075141	0.0533434733060223	0.481625122320773	-0.0124774492516651	0.0165272121018475	0.450322704988086	0.025077683055849	0.0557770238762712	0.449605972370957	0.652994580927002
MDD	0p001	slope_projC3	full	8082	6789	1250	1339	-0.0420253980612137	0.0542999863075714	0.439076869780373	-0.00906597695072888	0.0177215668810943	0.608962396454443	0.0329594211104848	0.056911370070311	0.579135962985343	0.562497435653645
MDD	0p01	slope_projC3	full	8082	6789	1250	1339	-0.0511713546320248	0.0637564921529771	0.422322913086528	0.0122705811857561	0.0209371133040483	0.557848688614398	0.0634419358177808	0.0667145862730771	0.950945503253207	0.341632041061773
MDD	0p05	slope_projC3	full	8082	6789	1250	1339	-0.00863421037567164	0.0721221883955456	0.904722955619503	0.0164679982389705	0.0240927782989261	0.494298487482724	0.0251022086146421	0.075306564602123	0.333333604411088	0.73888247576314
MDD	0p1	slope_projC3	full	8082	6789	1250	1339	-0.0305720525567746	0.0781939210570497	0.695866440209505	0.00729270845353041	0.0262482315981392	0.781146375238248	0.037864761010305	0.081471605493105	0.46476021653347	0.642103180533184
MDD	0p5	slope_projC3	full	8082	6789	1250	1339	-0.0521152637355773	0.0867975774304258	0.548309884359063	0.00952942971370233	0.0289403935264626	0.741955587055304	0.0616446934492796	0.0900677981746778	0.68442545169946	0.493706548803686
MDD	1	slope_projC3	full	8082	6789	1250	1339	-0.0432752997409654	0.0862670021960014	0.615987584217877	0.00898462044529984	0.0287730218510235	0.754853428271052	0.0522599201862652	0.0895279379949922	0.583727508492248	0.559403656677338
MDD	1e-5	slope_projC3	full	8082	6789	1250	1339	-0.0446102792228263	0.0402274357849158	0.267619629288728	-0.00939942705779927	0.0131226445304291	0.473846126202321	0.035210852165027	0.0423082167690171	0.83224618889663	0.405269997400033
MDD	5e-8	slope_projC3	full	8082	6789	1250	1339	-0.0131325540310268	0.0380270726268237	0.729879047966242	-0.00931504228183692	0.0121797150742154	0.444417729126015	0.00381751174918992	0.0399194037807456	0.0956304801083035	0.923814056508313
MDD	0p001	slope_projDelta	EUR	4116	3447	655	686	0.0317576240862818	0.0555849518902584	0.567926569813118	-0.0243627767577282	0.0166007542324249	0.142313500735385	-0.05612040084401	0.0579838953319369	-0.967861861000212	0.33311336400274
MDD	0p01	slope_projDelta	EUR	4116	3447	655	686	-0.0481723840068778	0.0553551112345793	0.384418358790705	-0.0122784419570809	0.0166176900734292	0.460031838552422	0.0358939420497969	0.0577850049359048	0.621163606191787	0.534491982393468
MDD	0p05	slope_projDelta	EUR	4116	3447	655	686	-0.0110918982555009	0.0559068790713043	0.84278078287219	-0.00182990811070688	0.0166737141612967	0.912615574837426	0.009261990144794	0.0583495985751234	0.158732714036918	0.873879462857839
MDD	0p1	slope_projDelta	EUR	4116	3447	655	686	-0.0198025563900145	0.0560930561423047	0.724154728796409	-0.000490789457016175	0.0167091449444769	0.976569208988866	0.0193117669329984	0.0585411538694752	0.329883605916896	0.741487911334232
MDD	0p5	slope_projDelta	EUR	4116	3447	655	686	-0.0532129074511537	0.0578263590044319	0.357724561936718	0.00333500617212748	0.0167427135376784	0.842124759276553	0.0565479136232812	0.0602052035146144	0.939252927025728	0.347600900771349
MDD	1	slope_projDelta	EUR	4116	3447	655	686	-0.0477940724753047	0.0581089186553983	0.411032552272495	0.00355235318529437	0.0167372969293263	0.831931078376249	0.0513464256605991	0.0604727066073925	0.849084298375398	0.395834386778314
MDD	1e-5	slope_projDelta	EUR	4116	3447	655	686	-0.0196812789873008	0.0549495146030762	0.72030638805463	-0.021249364292493	0.0165478101281674	0.19918802828614	-0.00156808530519222	0.0573320698215965	-0.0273509278501844	0.978179837491946
MDD	5e-8	slope_projDelta	EUR	4116	3447	655	686	-0.0242796072490225	0.0564618037707682	0.667293311238072	-0.00676853297175966	0.0165094652825865	0.68184729634846	0.0175110742772628	0.0587610376395104	0.298004851185414	0.765699461046552
MDD	0p001	slope_projDelta	full	8082	6789	1250	1339	0.0262852209857419	0.0568400382943519	0.643824236567881	-0.0127286992543093	0.0177617108775608	0.473622657823306	-0.0390139202400512	0.0593508405473757	-0.657344022093657	0.510959736429611
MDD	0p01	slope_projDelta	full	8082	6789	1250	1339	-0.0238724349011681	0.0667357284121357	0.720600767057905	0.00400061500525791	0.0209912418312694	0.848856391607346	0.027873049906426	0.0695816277117532	0.400580596100627	0.688728934040996
MDD	0p05	slope_projDelta	full	8082	6789	1250	1339	-0.00723641032649287	0.0754759773295774	0.923629661197781	0.0152637195853728	0.0241565085023393	0.52749419324882	0.0225001299118657	0.0785401362334204	0.286479384820464	0.774510980647777
MDD	0p1	slope_projDelta	full	8082	6789	1250	1339	-0.0152089890118966	0.0818265299602277	0.852570085988427	0.0184524584896794	0.0263192544843024	0.483263472800839	0.033661447501576	0.0849806280078923	0.396107304578283	0.692025869837586
MDD	0p5	slope_projDelta	full	8082	6789	1250	1339	-0.0575453569021828	0.0908227101007351	0.526427001486197	0.0179647190204999	0.029021324435541	0.53592487469423	0.0755100759226827	0.0939699239962225	0.803555783717757	0.421653567904211
MDD	1	slope_projDelta	full	8082	6789	1250	1339	-0.0502666536839218	0.0902660408351773	0.577688440166042	0.0181643522913935	0.0288519778604526	0.528996421238994	0.0684310059753153	0.0934040484564473	0.732634260571944	0.463781529217392
MDD	1e-5	slope_projDelta	full	8082	6789	1250	1339	-0.000280517575763789	0.0421174293839762	0.99468662406313	-0.0147556260663644	0.0131480951626803	0.261790473093742	-0.0144751084906006	0.0441167596683	-0.328109058766655	0.742829204906506
MDD	5e-8	slope_projDelta	full	8082	6789	1250	1339	-0.013957907441715	0.0398011930864875	0.725864348391601	-0.00638549721677324	0.012202405619166	0.600784054055273	0.0075724102249418	0.0416194680458016	0.181943945477834	0.855626716527346
MDD	0p001	slope_topC3	EUR	4116	3447	655	686	-0.0333592607406562	0.052432998323768	0.524819527582593	-0.0211155261342648	0.0160641762065269	0.188785087469165	0.0122437346063914	0.054811889117233	0.223377351220357	0.823241830120598
MDD	0p01	slope_topC3	EUR	4116	3447	655	686	-0.0961595255980944	0.0521295293754743	0.0654806804841556	-0.0056887673599123	0.0160784390062643	0.723500724519539	0.0904707582381821	0.0545423351343374	1.65872542888663	0.0971711328680166
MDD	0p05	slope_topC3	EUR	4116	3447	655	686	-0.0707383560846797	0.0526842766616962	0.179773730156952	-0.00983187568734866	0.0161298213543559	0.542202989801045	0.060906480397331	0.0551074660024352	1.10523101161356	0.269059502460691
MDD	0p1	slope_topC3	EUR	4116	3447	655	686	-0.0703923984431485	0.0528684250164001	0.183434389763842	-0.00911541926251774	0.0161643359578747	0.572844694063558	0.0612769791806308	0.0552965378618227	1.10815218366387	0.267796097401412
MDD	0p5	slope_topC3	EUR	4116	3447	655	686	-0.09915086419483	0.0544729906871428	0.0691240426300371	-0.000953790689870137	0.0161976108298376	0.953047449529731	0.0981970735049599	0.056833973852388	1.72778827255687	0.0840261906949446
MDD	1	slope_topC3	EUR	4116	3447	655	686	-0.0891673422338591	0.0547581419057572	0.10385724100236	-0.00150554666302977	0.0161928327775904	0.925928038390063	0.0876617955708294	0.0571035553497743	1.53513726131198	0.124750115248139
MDD	1e-5	slope_topC3	EUR	4116	3447	655	686	-0.0580717507721291	0.0518064471160207	0.262667206369321	-0.0124691109127725	0.0160146179598621	0.436265596319568	0.0456026398593567	0.054170892989161	0.841829206479599	0.399883561202839
MDD	5e-8	slope_topC3	EUR	4116	3447	655	686	-0.0615411411308242	0.0532253420183495	0.247945823210842	-0.0112166674905901	0.0159742785334248	0.482621518795725	0.0503244736402341	0.0555066353790859	0.906638878334815	0.364597795204316
MDD	0p001	slope_topC3	full	8082	6789	1250	1339	-0.0445213862593839	0.0539023840066986	0.408956489213015	-0.0202580998076922	0.0172932058565993	0.241460066117159	0.0242632864516917	0.056409327584201	0.430128978500487	0.667101821323294
MDD	0p01	slope_topC3	full	8082	6789	1250	1339	-0.102835027007132	0.0632534806606735	0.104211072861038	-0.0262658312266358	0.0204323883105579	0.198661476509034	0.0765691957804959	0.0660951250017027	1.15846964172506	0.246672433549406
MDD	0p05	slope_topC3	full	8082	6789	1250	1339	-0.0881402437498835	0.0715754061284059	0.218354455659968	-0.0290790881878427	0.0235125041570362	0.216222512604242	0.0590611555620408	0.074633475074496	0.791349397881962	0.42874012989858
MDD	0p1	slope_topC3	full	8082	6789	1250	1339	-0.121298075058688	0.0775837344155956	0.118158357841422	-0.0374807165759743	0.0256147804083968	0.143446082907218	0.0838173584827141	0.0807316445293986	1.03822186419344	0.299166775788634
MDD	0p5	slope_topC3	full	8082	6789	1250	1339	-0.138482705129858	0.0861153400242914	0.108021685168501	-0.0292307891572114	0.0282456556743893	0.300762617424383	0.109251915972646	0.0892568587090127	1.22401703973047	0.220945799566565
MDD	1	slope_topC3	full	8082	6789	1250	1339	-0.126747983313384	0.0855973930976266	0.138883836609808	-0.0316024649376405	0.0280813392267368	0.26046310296904	0.095145518375743	0.0887294828574994	1.07231007452785	0.283580783220529
MDD	1e-5	slope_topC3	full	8082	6789	1250	1339	-0.0460499623008416	0.0399307959390412	0.248994081214438	-0.0131397601350875	0.0128045594202345	0.304845002710771	0.0329102021657541	0.0419283221013863	0.784915792389077	0.432502942127886
MDD	5e-8	slope_topC3	full	8082	6789	1250	1339	-0.0473693251756813	0.037729159038029	0.20948964378044	-0.0126770465873762	0.0118838849849238	0.286127134171434	0.0346922785883051	0.0395463010967603	0.877257230794391	0.380346936984915
MDD	0p001	slope_topDelta	EUR	4116	3447	655	686	0.0162742711443116	0.0529427917669745	0.758625114465984	-0.0377764808763716	0.0160665918256531	0.0187679584881379	-0.0540507520206832	0.0553004286773142	-0.977402043952986	0.328370151507103
MDD	0p01	slope_topDelta	EUR	4116	3447	655	686	-0.0481554616381989	0.0527324668526084	0.361415817096029	-0.0206330145175881	0.016085944591518	0.199693888286217	0.0275224471206108	0.0551210184366001	0.499309481232951	0.617561376788921
MDD	0p05	slope_topDelta	EUR	4116	3447	655	686	-0.0187939845342606	0.0532652315955249	0.724304573561623	-0.0220775440199316	0.0161374220782154	0.17137206058249	-0.00328355948567095	0.0556652968182262	-0.0589875501139129	0.952962024414587
MDD	0p1	slope_topDelta	EUR	4116	3447	655	686	-0.0254374176854174	0.0534508211662101	0.634275521630552	-0.0205200048840155	0.0161719981184783	0.204577639462654	0.00491741280140189	0.0558558397627335	0.0880375771323151	0.929846809845947
MDD	0p5	slope_topDelta	EUR	4116	3447	655	686	-0.0549411851745921	0.0551018097964546	0.319030628300502	-0.0109599614531079	0.0162073047352239	0.498936816219053	0.0439812237214841	0.0574396879590917	0.765693987627638	0.443858405350642
MDD	1	slope_topDelta	EUR	4116	3447	655	686	-0.0482774814871034	0.0553770006729915	0.383585969168177	-0.0121970567552128	0.0162018900385922	0.451612118327416	0.0360804247318907	0.0576998069566931	0.62531274600227	0.531765816098312
MDD	1e-5	slope_topDelta	EUR	4116	3447	655	686	-0.0275933063266841	0.0523354954265854	0.598176142400818	-0.0212215959147247	0.0160229357642931	0.185443251614657	0.00637171041195939	0.0546793729223804	0.116528593350993	0.907233626238687
MDD	5e-8	slope_topDelta	EUR	4116	3447	655	686	-0.0629384955566952	0.0537481188853976	0.241957959548755	-0.00855624299435849	0.0159849333138118	0.592499046228893	0.0543822525623368	0.0560110049851354	0.970920849871719	0.33158769462334
MDD	0p001	slope_topDelta	full	8082	6789	1250	1339	-0.0141582796179949	0.0546918856007707	0.79576481975198	-0.037326380040731	0.017308066440892	0.0310724928718656	-0.0231681004227362	0.0571683738147577	-0.405260791531479	0.685285823782233
MDD	0p01	slope_topDelta	full	8082	6789	1250	1339	-0.0836418716480787	0.0642079510366874	0.192867142215191	-0.0442432991789687	0.0204506922456888	0.0305436167983862	0.03939857246911	0.0670140512036737	0.587915097825785	0.556589281998005
MDD	0p05	slope_topDelta	full	8082	6789	1250	1339	-0.0607100144977114	0.0726501991046671	0.403472569208762	-0.0472722459762433	0.0235351046965026	0.0446199905892169	0.0134377685214682	0.0756704718951871	0.17758272394655	0.859050693174954
MDD	0p1	slope_topDelta	full	8082	6789	1250	1339	-0.0761209486996167	0.0787670761801498	0.333981327291956	-0.0491588033719488	0.0256419443481878	0.0552630962461448	0.0269621453276679	0.0818758757497574	0.329305122916475	0.741925072345024
MDD	0p5	slope_topDelta	full	8082	6789	1250	1339	-0.0893154570182732	0.087433458781648	0.307153672364919	-0.0486350279605721	0.0282754344053535	0.0854686360856227	0.0406804290577011	0.0905355872231503	0.449330813500251	0.653193032750765
MDD	1	slope_topDelta	full	8082	6789	1250	1339	-0.0838598539298704	0.0869030486205142	0.334693601232423	-0.0529600030772191	0.0281093334357161	0.0595969683285525	0.0308998508526513	0.0899956739526314	0.343348179923795	0.731336538932124
MDD	1e-5	slope_topDelta	full	8082	6789	1250	1339	-0.0493235779098582	0.040505477982039	0.223509867692942	-0.0234177717811991	0.0128152772998486	0.0676939152246753	0.0259058061286591	0.0424792283841603	0.609846438225768	0.541963536158016
MDD	5e-8	slope_topDelta	full	8082	6789	1250	1339	-0.0644755734607122	0.0382629340599507	0.0921633498543111	-0.0145907661528637	0.0118947405945836	0.219994568740229	0.0498848073078486	0.0400590525860923	1.24528175499506	0.213028199816843
SCZ	0p001	baseline_thickness	EUR	4116	3447	655	686	0.0332203630398201	0.0402533129512127	0.409482570205822	-0.0176232567720572	0.0178846376226534	0.324502728924948	-0.0508436198118773	0.0433726222553736	-1.17225146112945	0.241096112979831
SCZ	0p01	baseline_thickness	EUR	4116	3447	655	686	-0.0116172263177378	0.0407546025828875	0.775685949287462	-0.0117360524783608	0.0174256039633547	0.500676785148537	-0.000118826160622981	0.0439513802119426	-0.00270358200470558	0.99784285628747
SCZ	0p05	baseline_thickness	EUR	4116	3447	655	686	0.0420161810558988	0.0401423933192945	0.295606141719462	0.000110253940275652	0.0173515018482197	0.994930522480484	-0.0419059271156231	0.0435119151241634	-0.963090845255662	0.33550193556687
SCZ	0p1	baseline_thickness	EUR	4116	3447	655	686	0.055950268362871	0.0418760565194061	0.181949611675859	-0.0049341765889507	0.0173068235498344	0.775584358341735	-0.0608844449518217	0.0451184839524289	-1.34943463561444	0.177197402132359
SCZ	0p5	baseline_thickness	EUR	4116	3447	655	686	0.0596815808163573	0.0425546003827853	0.161215726046818	0.00971018025387185	0.0173721736933021	0.57623172883737	-0.0499714005624854	0.0458264519870154	-1.09044882149385	0.275515485867121
SCZ	1	baseline_thickness	EUR	4116	3447	655	686	0.0600764275874082	0.0427540956999383	0.160414734680282	0.00836663606707598	0.0173730307645673	0.630129262835914	-0.0517097915203322	0.0460185012059235	-1.12367396080419	0.261151366920807
SCZ	1e-5	baseline_thickness	EUR	4116	3447	655	686	0.0342914533636746	0.0392616563167809	0.382724145159119	-0.00866758864710588	0.0184381812246444	0.63832023341116	-0.0429590420107805	0.0422820763575659	-1.016010700314	0.30962429109774
SCZ	5e-8	baseline_thickness	EUR	4116	3447	655	686	0.0208473560564824	0.0388477829128329	0.59167582811344	-0.0159579159879393	0.0186308914790076	0.391762651980137	-0.0368052720444216	0.0419145936508914	-0.878101607067325	0.379888580938699
SCZ	0p001	baseline_thickness	full	8082	6789	1250	1339	-0.00960203476614165	0.0293724135411185	0.743788585660315	-0.00750986139197211	0.0123309600538799	0.542528436572866	0.00209217337416954	0.0317897783661057	0.0658127700695207	0.947526889234419
SCZ	0p01	baseline_thickness	full	8082	6789	1250	1339	-0.030271111579576	0.0328983156208639	0.357661559566741	-0.0024807375914181	0.0135236980625412	0.854461113615396	0.0277903739881579	0.0355089213073459	0.782630757707889	0.433843974161805
SCZ	0p05	baseline_thickness	full	8082	6789	1250	1339	0.00547448968092366	0.0340306291397705	0.872220041309723	0.00616251641419151	0.013961956738812	0.658952494551481	0.00068802673326785	0.0366804380971453	0.018757320494528	0.985034701138353
SCZ	0p1	baseline_thickness	full	8082	6789	1250	1339	0.00749167727297996	0.0368522566411347	0.838939099010162	0.00507013673092878	0.0146606651698777	0.729479088002729	-0.00242154054205118	0.039519111634598	-0.0612751765384114	0.951140059897678
SCZ	0p5	baseline_thickness	full	8082	6789	1250	1339	0.00314166014224343	0.0402564287203472	0.937806730043184	0.0180062796465415	0.0159581394877787	0.259213918648423	0.0148646195042981	0.0430787778885644	0.345056666713008	0.730051769918586
SCZ	1	baseline_thickness	full	8082	6789	1250	1339	0.00412732043105655	0.0408739933873769	0.919583813167476	0.0176546069754136	0.016175373936259	0.275113380198705	0.013527286544357	0.0437141202026617	0.309448903046511	0.75698007530636
SCZ	1e-5	baseline_thickness	full	8082	6789	1250	1339	0.0178139449526807	0.0297139602126242	0.548929162407344	-0.00609336127999812	0.0126188445698433	0.629198099774649	-0.0239073062326788	0.0321806498054706	-0.742909368741668	0.457536553187583
SCZ	5e-8	baseline_thickness	full	8082	6789	1250	1339	0.00457717014105546	0.0292406843567395	0.875634945866588	-0.00233033773383898	0.012591363718749	0.85317633445906	-0.00690750787489444	0.0317259624936322	-0.217724139221336	0.827644054455877
SCZ	0p001	global_slope	EUR	4116	3447	655	686	-0.0823614387266583	0.0515847759819017	0.11072454660691	0.000837299777343374	0.0164167151887333	0.959326216057341	0.0831987385040016	0.0536460634625577	1.55088245313788	0.120929856180524
SCZ	0p01	global_slope	EUR	4116	3447	655	686	-0.120263653982899	0.0522105583429194	0.0214995524514797	-0.0133301764179754	0.0160246750468956	0.405548872208973	0.106933477564924	0.054344653205928	1.96769086297637	0.0491036177735394
SCZ	0p05	global_slope	EUR	4116	3447	655	686	-0.0895442114515751	0.0516246575955675	0.0831962582640945	-0.0330721986824878	0.0159317835546429	0.0379802861802787	0.0564720127690873	0.053867190778133	1.04835637339402	0.294474445671691
SCZ	0p1	global_slope	EUR	4116	3447	655	686	-0.0883362452245279	0.0539014632994189	0.101623927143685	-0.0330259630491767	0.0158852700591527	0.0376880961554821	0.0553102821753512	0.0560534643257506	0.986741548281824	0.323769356146864
SCZ	0p5	global_slope	EUR	4116	3447	655	686	-0.05685575486283	0.0548204895235608	0.299978385542551	-0.0459738525329144	0.0159104994565842	0.00388252724587837	0.0108819023299156	0.0569827191407755	0.190968463667589	0.848550300770918
SCZ	1	global_slope	EUR	4116	3447	655	686	-0.0618221735314633	0.0550781960725077	0.261997833854307	-0.0432543511444585	0.0159162730573584	0.00660853960570627	0.0185678223870048	0.0572369491212763	0.324402727120596	0.745633155348233
SCZ	1e-5	global_slope	EUR	4116	3447	655	686	-0.0524171085683978	0.0502124239953389	0.296823645742647	0.00236121090702353	0.0169431926630087	0.889173543882088	0.0547783194754213	0.0522066547731974	1.04925932744391	0.294058779958458
SCZ	5e-8	global_slope	EUR	4116	3447	655	686	-0.0398781912844437	0.049654017049391	0.422127493092474	0.00818682999275604	0.0171060751532193	0.632259888620218	0.0480650212771997	0.0516793582119351	0.930062271286089	0.352338843774936
SCZ	0p001	global_slope	full	8082	6789	1250	1339	-0.0503511325428394	0.0362420007837688	0.164933678351732	-0.00020950935968871	0.0116258674825178	0.985622674491033	0.0501416231831507	0.0380118082041312	1.31910649748309	0.18713351127153
SCZ	0p01	global_slope	full	8082	6789	1250	1339	-0.0497492134012155	0.0406312904013543	0.220979478718957	-0.0167217327838745	0.0127754336224654	0.190613885245894	0.033027480617341	0.0425474132581432	0.776251200442129	0.437600680361441
SCZ	0p05	global_slope	full	8082	6789	1250	1339	-0.0323855410719902	0.0420307491456394	0.441105245625129	-0.0328837427288621	0.0131875718710596	0.0126714837700545	-0.000498201656871936	0.0439745210609908	-0.0113293253650438	0.990960699578478
SCZ	0p1	global_slope	full	8082	6789	1250	1339	-0.029144593792484	0.0455251746623827	0.522143278362758	-0.0331509339080659	0.0138539116265045	0.0167432853919538	-0.00400634011558195	0.0474809679590755	-0.0843778104741897	0.932756049037966
SCZ	0p5	global_slope	full	8082	6789	1250	1339	0.00702766935194897	0.0497288897768972	0.887635226970899	-0.045619735740619	0.0150708946963649	0.00247924872279845	-0.052647405092568	0.0517953907548282	-1.01644961695091	0.30941532829018
SCZ	1	global_slope	full	8082	6789	1250	1339	0.00482758051471939	0.0504908892519546	0.923839996236889	-0.0431132484471422	0.0152786355189439	0.00478954740591807	-0.0479408289618616	0.0525708587811794	-0.911927826049222	0.361806712338439
SCZ	1e-5	global_slope	full	8082	6789	1250	1339	-0.0449089692818469	0.0366636765666438	0.220796585377001	0.00779435397866874	0.0118927540239526	0.512241764790807	0.0527033232605156	0.0384683586646141	1.37004346143304	0.170673335153356
SCZ	5e-8	global_slope	full	8082	6789	1250	1339	-0.0477930604370959	0.0360662881034985	0.185311739738047	0.0122002673394941	0.0118636452945003	0.303811887304019	0.05999332777659	0.0378857738061211	1.58353180493563	0.113300303422665
SCZ	0p001	slope_PC1	EUR	4116	3447	655	686	0.07627663387261	0.0552784826005065	0.168018285303024	0.00575458014315141	0.0169645338051555	0.734471303058347	-0.0705220537294586	0.0573333166323159	-1.23003617916827	0.218683557109428
SCZ	0p01	slope_PC1	EUR	4116	3447	655	686	0.0447577159035841	0.0561009941526523	0.425223451951011	0.0124869228929646	0.0165687060281248	0.451114610679231	-0.0322707930106195	0.0582262841235149	-0.554230679432741	0.579420984600163
SCZ	0p05	slope_PC1	EUR	4116	3447	655	686	0.0411650776539803	0.0554002039450831	0.457674875828397	0.0264869356263932	0.0164738994681865	0.107969902974508	-0.0146781420275871	0.0576371234510871	-0.25466472212208	0.798982065690181
SCZ	0p1	slope_PC1	EUR	4116	3447	655	686	0.0415307300856377	0.0578292031568666	0.472871754708344	0.0279676265723369	0.0164249014025663	0.0887056336088706	-0.0135631035133008	0.0599758521169315	-0.226142739695596	0.821090404012645
SCZ	0p5	slope_PC1	EUR	4116	3447	655	686	-0.00477778684072424	0.0587598331275572	0.935215854630295	0.0282715320911256	0.0164567941439284	0.085903696496231	0.0330493189318499	0.0609202485500269	0.542501380386034	0.587473156779251
SCZ	1	slope_PC1	EUR	4116	3447	655	686	0.00332147084186207	0.0590484099559484	0.955157032317087	0.0286143997993875	0.0164604959195034	0.0822386075286766	0.0252929289575254	0.0612043372701168	0.413253865422946	0.679420626880679
SCZ	1e-5	slope_PC1	EUR	4116	3447	655	686	0.0609856586820166	0.0537683706958611	0.257037050909359	-0.00488998575300119	0.0175093282792388	0.780048254246737	-0.0658756444350178	0.0557576511908794	-1.18146376377119	0.237418540349796
SCZ	5e-8	slope_PC1	EUR	4116	3447	655	686	0.0807651767003011	0.053127481654068	0.128850740355243	-0.00442316387059473	0.0176739315925662	0.802398272936269	-0.0851883405708959	0.0551491006006337	-1.54469138468447	0.122420929761265
SCZ	0p001	slope_PC1	full	8082	6789	1250	1339	0.072178796937434	0.0379145922662522	0.0571301436285291	0.0154413580498174	0.0119934633677028	0.19797248913291	-0.0567374388876165	0.0397161712964795	-1.42857272077094	0.153127079388956
SCZ	0p01	slope_PC1	full	8082	6789	1250	1339	0.0459263025773234	0.0425445753735753	0.280537709779899	0.0240482884832663	0.0131808334676599	0.068123050445773	-0.021878014094057	0.0444938136804108	-0.491709122782821	0.622924988140914
SCZ	0p05	slope_PC1	full	8082	6789	1250	1339	0.0527766102205712	0.0439944620702687	0.230469352526611	0.036900595622135	0.0136065097257878	0.00670544577190456	-0.0158760145984362	0.0459725926882046	-0.34533650747328	0.729841403884962
SCZ	0p1	slope_PC1	full	8082	6789	1250	1339	0.0543126858792889	0.0476413434335992	0.254447698500458	0.0374869371795674	0.0142951068736517	0.00875211048247375	-0.0168257486997215	0.0496323689344967	-0.33900756826513	0.734604028769084
SCZ	0p5	slope_PC1	full	8082	6789	1250	1339	0.0314194178710819	0.0520421043310593	0.546110295279544	0.0450347113827914	0.0155529280771344	0.00379697481584299	0.0136152935117095	0.0541462808052971	0.251453900604334	0.801463199325385
SCZ	1	slope_PC1	full	8082	6789	1250	1339	0.0395184550362085	0.0528390959466576	0.454631947508684	0.0435289082953792	0.0157666341148901	0.00578141011917367	0.00401045325917071	0.054956813888197	0.072974631814164	0.941826304554636
SCZ	1e-5	slope_PC1	full	8082	6789	1250	1339	0.035352219156036	0.0383797685927043	0.357131584806219	0.00526640172743574	0.0122705253876932	0.667798362760758	-0.0300858174286002	0.0402162714662455	-0.748100615290804	0.45439947092183
SCZ	5e-8	slope_PC1	full	8082	6789	1250	1339	0.0476779322645098	0.0377501768232505	0.206782155381986	0.00522191712642437	0.0122407116651875	0.669683174867393	-0.0424560151380854	0.0396021052964891	-1.07206459909719	0.283691018024081
SCZ	0p001	slope_PC2	EUR	4116	3447	655	686	0.0721204548269099	0.0537808876345434	0.180284736519546	0.00219247670422911	0.0174516965535894	0.900031287737738	-0.0699279781226808	0.0560146907988481	-1.24838639873593	0.21188958752388
SCZ	0p01	slope_PC2	EUR	4116	3447	655	686	-0.00950610985967017	0.0545715130872725	0.861754540882347	0.00495886459350485	0.0170341441376218	0.770982016119751	0.014464974453175	0.056877616645165	0.254317520781783	0.799250265059762
SCZ	0p05	slope_PC2	EUR	4116	3447	655	686	-0.0433495795475914	0.0538556159252143	0.421098072201188	0.0119583852991211	0.0169438745696516	0.480381950819214	0.0553079648467125	0.0562855110823636	0.982632364584545	0.325788409611779
SCZ	0p1	slope_PC2	EUR	4116	3447	655	686	-0.0386749005494718	0.0562246082461857	0.491732850632559	0.0147395149978437	0.016894106023458	0.383015211926365	0.0534144155473155	0.0585567173200825	0.912182546971371	0.361672629897967
SCZ	0p5	slope_PC2	EUR	4116	3447	655	686	-0.0714572960500209	0.0570977152307395	0.211113023484524	0.0202016044048611	0.0169307301952745	0.232877059009215	0.091658900454882	0.0594469263925122	1.54186105181759	0.123107362312487
SCZ	1	slope_PC2	EUR	4116	3447	655	686	-0.0726806124211568	0.0573768707220128	0.205615090352263	0.0219406932254304	0.0169331218614329	0.195157005152381	0.0946213056465871	0.0597208497316138	1.58439315702667	0.113104278172766
SCZ	1e-5	slope_PC2	EUR	4116	3447	655	686	0.0508815366275071	0.0523428267161809	0.331288347066354	0.00855509023866505	0.0180098539126939	0.634800991984975	-0.0423264463888421	0.0545041569049167	-0.776572811917468	0.437410847299864
SCZ	5e-8	slope_PC2	EUR	4116	3447	655	686	0.0603660453248829	0.0517461517540341	0.243709354425546	0.0103876813954606	0.018184245956437	0.567870525622263	-0.0499783639294222	0.0539418217921277	-0.926523470453423	0.354174005608094
SCZ	0p001	slope_PC2	full	8082	6789	1250	1339	0.0562104654710865	0.0375804841040503	0.134916452288207	0.0137582256421316	0.0122825284612938	0.262691981965899	-0.0424522398289549	0.0394838052513285	-1.07518106623035	0.282293670593662
SCZ	0p01	slope_PC2	full	8082	6789	1250	1339	0.0123856143580752	0.0421565352088545	0.768947826979156	0.0182009880409996	0.0134954718422512	0.177486860899986	0.00581537368292431	0.0442156472018601	0.131522980006943	0.895361609056
SCZ	0p05	slope_PC2	full	8082	6789	1250	1339	0.00837794886667231	0.043596371694	0.847632442306889	0.0216972767566768	0.0139347517078982	0.119502332235521	0.0133193278900045	0.0456869371408897	0.291534708245603	0.770642402767778
SCZ	0p1	slope_PC2	full	8082	6789	1250	1339	0.0144515358337019	0.0472062981778612	0.75954048498289	0.0238312383178203	0.0146382357318164	0.103568389633315	0.00937970248411841	0.0493103451966427	0.19021774126126	0.849138509408482
SCZ	0p5	slope_PC2	full	8082	6789	1250	1339	-0.000469403616483761	0.0515734213596787	0.992739144626876	0.0362576041856795	0.015925295243668	0.0228333885434084	0.0367270078021633	0.0537966099375709	0.682701156165485	0.494795699012339
SCZ	1	slope_PC2	full	8082	6789	1250	1339	0.00269244074355527	0.0523671375539503	0.959001385223098	0.0364163133241795	0.0161431425142938	0.0241125432855348	0.0337238725806242	0.0546042374599681	0.617605412132128	0.536835476132271
SCZ	1e-5	slope_PC2	full	8082	6789	1250	1339	0.0262365802302142	0.0380281216085914	0.490338959924578	0.0135399644516368	0.0125659891803592	0.281292218139051	-0.0126966157785774	0.0399688797786278	-0.317662537676789	0.750740930947167
SCZ	5e-8	slope_PC2	full	8082	6789	1250	1339	0.0285895027102982	0.0374159972382164	0.44491903699558	0.0170204594122811	0.0125350601018988	0.174564512154564	-0.0115690432980171	0.0393721210546889	-0.293838456961651	0.768881347171247
SCZ	0p001	slope_PC3	EUR	4116	3447	655	686	-0.0530861918811297	0.0522247101392668	0.309759910263424	-0.00947094319201997	0.0174141144364182	0.586570567430978	0.0436152486891097	0.0545144875578884	0.800067113220043	0.423671913944813
SCZ	0p01	slope_PC3	EUR	4116	3447	655	686	-0.0491161357777146	0.0529348057060128	0.353816327772687	-0.00819886304056238	0.0169921004841449	0.629474854489286	0.0409172727371522	0.0552987262341049	0.739931559434671	0.459341523649377
SCZ	0p05	slope_PC3	EUR	4116	3447	655	686	-0.0520865157120383	0.0522380330442842	0.319081784728627	-0.0179308161105274	0.0169034291687426	0.288866552806248	0.0341556996015109	0.0547288301121181	0.624089707957198	0.532568672636794
SCZ	0p1	slope_PC3	EUR	4116	3447	655	686	-0.0504155977694461	0.0545319024580611	0.355555822967297	-0.0219210137207778	0.0168535972524865	0.193460252832861	0.0284945840486683	0.0569227947871001	0.500583011695796	0.616664620897002
SCZ	0p5	slope_PC3	EUR	4116	3447	655	686	0.0226359111232365	0.0554340233911094	0.683156796974895	-0.0163411829977298	0.0168976327001632	0.333580390297695	-0.0389770941209663	0.0578421258829104	-0.673853070336099	0.500404730756626
SCZ	1	slope_PC3	EUR	4116	3447	655	686	0.0109143135578607	0.0557096096884914	0.844737534559861	-0.015619361261184	0.0169005970906627	0.355455067871918	-0.0265336748190447	0.0581123116473141	-0.45659300184234	0.647963610185581
SCZ	1e-5	slope_PC3	EUR	4116	3447	655	686	-0.0279170413565052	0.0508271642584463	0.583010997507068	0.0147877669008764	0.0179698506821667	0.410612242220759	0.0427048082573817	0.0530428526004396	0.805100143822728	0.420761892822887
SCZ	5e-8	slope_PC3	EUR	4116	3447	655	686	-0.0580636483942437	0.0502201945468104	0.248012227820687	0.0124755119643575	0.0181475397245693	0.491848351110405	0.0705391603586012	0.052472842349513	1.34429844468404	0.178851898320225
SCZ	0p001	slope_PC3	full	8082	6789	1250	1339	-0.02815516136667	0.0371898914990024	0.449128093873385	-0.0185176199657153	0.0120788011557155	0.125307581713872	0.00963754140095475	0.0390504940181336	0.246796913669759	0.805065399159977
SCZ	0p01	slope_PC3	full	8082	6789	1250	1339	-0.0148478715122782	0.041688770476006	0.721770202317088	-0.0172011736459165	0.0132741141729612	0.195074256233494	-0.0023533021336383	0.043703750962326	-0.0538466855091436	0.957057313790384
SCZ	0p05	slope_PC3	full	8082	6789	1250	1339	-0.0163645223305377	0.0431072293618997	0.704277860216171	-0.0277199291918293	0.0137046767830739	0.0431477678495866	-0.0113554068612916	0.045152781822703	-0.251488532996257	0.801436426719729
SCZ	0p1	slope_PC3	full	8082	6789	1250	1339	-0.0103851351366697	0.0466790165606495	0.823970333361244	-0.0307942930778025	0.0143964201775508	0.0324697068096804	-0.0204091579411329	0.0487375971895681	-0.4187559321349	0.675394514043895
SCZ	0p5	slope_PC3	full	8082	6789	1250	1339	0.0128273959237779	0.0509784270282651	0.801365682278524	-0.0332244319901101	0.0156661829065438	0.0339776412851242	-0.0460518279138879	0.0531554106653454	-0.866362000358157	0.386291675685968
SCZ	1	slope_PC3	full	8082	6789	1250	1339	-0.0028779482445583	0.0517649202517597	0.955670554510985	-0.0320508335496754	0.0158808570243037	0.0436098089140847	-0.0291728853051171	0.0539555437096899	-0.540683742565602	0.588725586017504
SCZ	1e-5	slope_PC3	full	8082	6789	1250	1339	-0.00338917023557334	0.0376341080414304	0.928254693746468	-0.00128784784661803	0.0123582827103854	0.917006474664696	0.00210132238895531	0.0395314697651316	0.0531556858735559	0.957607863216116
SCZ	5e-8	slope_PC3	full	8082	6789	1250	1339	-0.0393728150233118	0.0370132515189484	0.287610875033928	0.0021635767566816	0.0123286115797526	0.860698273110419	0.0415363917799934	0.0389266417384764	1.06704277391947	0.285952521175155
SCZ	0p001	slope_projC3	EUR	4116	3447	655	686	-0.0161877337245322	0.0519163251584224	0.755269976964443	0.00523970277578289	0.0172934612070124	0.761917770031892	0.0214274365003151	0.0541879232820503	0.395428265238814	0.69252685256517
SCZ	0p01	slope_projC3	EUR	4116	3447	655	686	-0.0418183517644213	0.0525778007452031	0.426639567451393	-0.00582741952194885	0.016875605062701	0.72987747282765	0.0359909322424724	0.0549252579198162	0.655271064817111	0.512293246975974
SCZ	0p05	slope_projC3	EUR	4116	3447	655	686	-0.0829683876613304	0.0518239188943859	0.109783235503104	-0.0141120914505313	0.0167880543650443	0.400628147332928	0.0688562962107991	0.0543003660404525	1.26806320531067	0.204775380037965
SCZ	0p1	slope_projC3	EUR	4116	3447	655	686	-0.0742611408445177	0.0541255974547566	0.170447244490733	-0.0108420443199242	0.0167403016957627	0.517246956119536	0.0634190965245935	0.056502104658475	1.12242007457825	0.261683873019602
SCZ	0p5	slope_projC3	EUR	4116	3447	655	686	-0.0596767688489865	0.0550306738592927	0.278505603520459	-0.00676418382403575	0.0167823242993602	0.686933605874901	0.0529125850249507	0.057423396756467	0.921446448898754	0.356817387637245
SCZ	1	slope_projC3	EUR	4116	3447	655	686	-0.070644953477668	0.0552819048840572	0.201658480990249	-0.00505791952015746	0.0167852403936465	0.76318007922576	0.0655870339575106	0.0576701864869065	1.13727799323835	0.255422091467269
SCZ	1e-5	slope_projC3	EUR	4116	3447	655	686	-0.0533732567215372	0.050471652829437	0.290601295479358	0.0167023945187931	0.017843880487177	0.349323812645908	0.0700756512403303	0.052671774615451	1.33042130727401	0.183379498107482
SCZ	5e-8	slope_projC3	EUR	4116	3447	655	686	-0.0619152983249819	0.0498935577815785	0.214981608308732	0.0110929214084991	0.01802092445128	0.538227439157627	0.073008219733481	0.0521294336123331	1.40051818472488	0.161358201775483
SCZ	0p001	slope_projC3	full	8082	6789	1250	1339	-0.0261533169949853	0.0364894948338741	0.47364300074378	0.00559127311019696	0.0121168254920988	0.644493014406445	0.0317445901051822	0.038395695553501	0.826774711268064	0.408364766125191
SCZ	0p01	slope_projC3	full	8082	6789	1250	1339	-0.024419914148403	0.0408858919894735	0.55041268980086	-0.00500481481752734	0.0133131749932625	0.706981102191241	0.0194150993308757	0.0429503389708859	0.452035997760956	0.651243049726848
SCZ	0p05	slope_projC3	full	8082	6789	1250	1339	-0.0284013274216351	0.0422682641297213	0.501726177022567	-0.0179132205898277	0.0137462301379559	0.19257223372036	0.0104881068318073	0.04436485883095	0.236405729854156	0.813117850410169
SCZ	0p1	slope_projC3	full	8082	6789	1250	1339	-0.0301603529025667	0.0457789166586803	0.510103233583453	-0.0151646450525828	0.014439956003902	0.293669716550638	0.0149957078499839	0.0478885889026129	0.313137392301941	0.754176281637575
SCZ	0p5	slope_projC3	full	8082	6789	1250	1339	-0.032956777672991	0.0500061970675159	0.509957087550496	-0.010865912234679	0.0157145514798222	0.489303069710515	0.022090865438312	0.0522370963093547	0.422896121704145	0.672371052554309
SCZ	1	slope_projC3	full	8082	6789	1250	1339	-0.0402945193204366	0.0507720231975612	0.427526240440595	-0.0095643146008534	0.0159295008920258	0.548249636010245	0.0307302047195832	0.0530170535847788	0.579628678731515	0.56216504892652
SCZ	1e-5	slope_projC3	full	8082	6789	1250	1339	-0.0451291485629465	0.0369000124103815	0.221507137422561	0.0107371186673342	0.0123955531005308	0.386407857493774	0.0558662672302807	0.0388446231779753	1.43819820247237	0.150377825110263
SCZ	5e-8	slope_projC3	full	8082	6789	1250	1339	-0.0524655311519961	0.0362997293047945	0.148559532874674	0.0116001290841002	0.0123658662913626	0.348239356152982	0.0640656602360964	0.0382601999573519	1.67447269767302	0.0940377358218644
SCZ	0p001	slope_projDelta	EUR	4116	3447	655	686	-0.0656506939821313	0.0548583363876574	0.231745021920428	0.0167664723116461	0.0172731234087027	0.331782636305941	0.0824171662937774	0.0570043624156749	1.44580454549764	0.148232030833878
SCZ	0p01	slope_projDelta	EUR	4116	3447	655	686	-0.0469306097567443	0.0556181026560467	0.399019573585959	0.000323513383256271	0.0168697530852776	0.984700904666344	0.0472541231400005	0.0578389841216337	0.816994348320961	0.413931657843311
SCZ	0p05	slope_projDelta	EUR	4116	3447	655	686	-0.0708837773572712	0.0548674604280006	0.196744870105414	-0.015581608389613	0.0167786311754942	0.353131229059502	0.0553021689676582	0.0572084095161574	0.966679015119957	0.333704520728809
SCZ	0p1	slope_projDelta	EUR	4116	3447	655	686	-0.0637041366948171	0.0572979938234609	0.266541343291183	-0.0164806174192253	0.0167289015201618	0.324615303621167	0.0472235192755917	0.0595437684639664	0.793089192938294	0.427725858808201
SCZ	0p5	slope_projDelta	EUR	4116	3447	655	686	-0.025488404118529	0.0582595012528496	0.661863029675927	-0.0184012858367907	0.0167633681429106	0.272409544234549	0.00708711828173829	0.060518650894617	0.11710634948025	0.906775778202307
SCZ	1	slope_projDelta	EUR	4116	3447	655	686	-0.0323026651100124	0.0585372436516855	0.581211286888108	-0.0166571750357225	0.0167676629073405	0.320580318966164	0.01564549007429	0.0607921450959796	0.257360388411836	0.796900578661697
SCZ	1e-5	slope_projDelta	EUR	4116	3447	655	686	-0.0550150012177717	0.0533448234409486	0.302684994899995	0.0373895567309456	0.0178187603483624	0.0359498648062933	0.0924045579487173	0.055421081618673	1.66731783736216	0.0954512216350833
SCZ	5e-8	slope_projDelta	EUR	4116	3447	655	686	-0.0658299308187925	0.052732554572343	0.212233121841646	0.0244716074076793	0.0179956637629412	0.173964760378805	0.0903015382264718	0.0548434133637663	1.64653388051393	0.0996538906125405
SCZ	0p001	slope_projDelta	full	8082	6789	1250	1339	-0.0371628259090809	0.0381832181019809	0.33055579212088	0.0162787564752531	0.0121350031870903	0.179813511560948	0.0534415823843341	0.0400141995552762	1.335565448723	0.181691349693224
SCZ	0p01	slope_projDelta	full	8082	6789	1250	1339	-0.0393189610736704	0.0427906808299354	0.358296843698628	0.00893198732845662	0.0133402620109566	0.503166842443992	0.048250948402127	0.0447753162165162	1.07762384454872	0.281201656689037
SCZ	0p05	slope_projDelta	full	8082	6789	1250	1339	-0.0440652317972265	0.0442462568776432	0.319437957114762	-0.00585694903370477	0.0137758332576364	0.670732720681348	0.0382082827635217	0.0462617972042232	0.825914362878097	0.408852672436513
SCZ	0p1	slope_projDelta	full	8082	6789	1250	1339	-0.0475308754768642	0.047914132308146	0.321339824857942	-0.00804273774166997	0.0144719746261523	0.578403005508892	0.0394881377351943	0.0499425569868737	0.790671125340516	0.429135929968132
SCZ	0p5	slope_projDelta	full	8082	6789	1250	1339	-0.0371947512900556	0.0523430526590016	0.477433343336321	-0.00727083753730734	0.0157468996667045	0.644288842578421	0.0299239137527482	0.0544870669996551	0.549192962670162	0.58287303337022
SCZ	1	slope_projDelta	full	8082	6789	1250	1339	-0.0456694634489139	0.0531433267213978	0.3902622529022	-0.00626052213474518	0.0159624273313059	0.694920123156153	0.0394089413141687	0.0553009725317788	0.712626550853554	0.476076877609356
SCZ	1e-5	slope_projDelta	full	8082	6789	1250	1339	-0.0415286725390057	0.0386205074800427	0.282393940502321	0.0232188915209636	0.0124120258646881	0.0614340906736644	0.0647475640599692	0.0404874428173685	1.59920112396413	0.10977592068593
SCZ	5e-8	slope_projDelta	full	8082	6789	1250	1339	-0.0608843939628727	0.0379820317349311	0.109126877532055	0.0184225793976931	0.0123829357810498	0.136867589724841	0.0793069733605658	0.0398651605218999	1.9893805097561	0.0466592192623571
SCZ	0p001	slope_topC3	EUR	4116	3447	655	686	-0.0846689244515558	0.0517209260842331	0.102028108498742	0.0109981943166491	0.0167149242171527	0.510591812626295	0.0956671187682049	0.0538518071707782	1.77648854874674	0.0756524277004337
SCZ	0p01	slope_topC3	EUR	4116	3447	655	686	-0.0969012297073258	0.0523985194543943	0.064795471118889	-0.0061147177146832	0.0163163517088993	0.707861960880447	0.0907865119926426	0.0546022510207027	1.66268808145328	0.0963748892002613
SCZ	0p05	slope_topC3	EUR	4116	3447	655	686	-0.0830936495349925	0.0517654420073276	0.1088631108561	-0.0285008495296801	0.0162236835030923	0.0790509855076309	0.0545928000053124	0.0540834109292336	1.00941858265459	0.312773930158599
SCZ	0p1	slope_topC3	EUR	4116	3447	655	686	-0.0798834961536135	0.0540528497642899	0.139851687123662	-0.0263113250287821	0.0161774801228791	0.103953246931203	0.0535721711248315	0.0562774889546919	0.951928952764071	0.34113301488919
SCZ	0p5	slope_topC3	EUR	4116	3447	655	686	-0.0564528228499063	0.0549599602693483	0.30466774244974	-0.0357849396388714	0.0162092104509347	0.0273328975441315	0.0206678832110349	0.0571973428075498	0.361343415559976	0.717842742111869
SCZ	1	slope_topC3	EUR	4116	3447	655	686	-0.0655603172929054	0.0552111250051649	0.2354191933226	-0.0328268700861587	0.0162144465601351	0.0429927340320508	0.0327334472067467	0.057445011884171	0.569822272345398	0.568798247735646
SCZ	1e-5	slope_topC3	EUR	4116	3447	655	686	-0.0813780801425064	0.0502915053847894	0.106035386537702	0.0139833845159274	0.017250799297884	0.417656288754784	0.0953614646584339	0.0523553990078405	1.82142561160031	0.0685421849003703
SCZ	5e-8	slope_topC3	EUR	4116	3447	655	686	-0.0617496817553304	0.0497623913935774	0.215014478924935	0.0152292899086732	0.0174178294920294	0.381990126180225	0.0769789716640036	0.0518572751224432	1.48443919357976	0.137692443451881
SCZ	0p001	slope_topC3	full	8082	6789	1250	1339	-0.0658438946574956	0.0361854124096872	0.0690156473357024	0.001263445126411	0.0118223544859756	0.914896062994029	0.0671073397839066	0.0380168024615884	1.76520210640311	0.0775298047373514
SCZ	0p01	slope_topC3	full	8082	6789	1250	1339	-0.0475642974195145	0.0405844334683121	0.241390242141591	-0.0166383425827745	0.0129891692626548	0.200259441192781	0.03092595483674	0.0425658545917765	0.726543731667841	0.467505508509574
SCZ	0p05	slope_topC3	full	8082	6789	1250	1339	-0.030759696414455	0.0419769474792219	0.463809841258468	-0.034621756031308	0.0134078597000992	0.0098384314210354	-0.00386205961685304	0.0439871398227208	-0.0877997440255972	0.930035841218758
SCZ	0p1	slope_topC3	full	8082	6789	1250	1339	-0.0305596062638278	0.0454675391998144	0.501611619881144	-0.0327300684296189	0.0140855090849041	0.0201730091780604	-0.00217046216579109	0.0474902780929325	-0.0457032945046936	0.963546737920175
SCZ	0p5	slope_topC3	full	8082	6789	1250	1339	-0.00598435554875891	0.049662388476219	0.904102644722023	-0.0408726373778462	0.0153260337371303	0.0076745041777845	-0.0348882818290873	0.0518006961434149	-0.6735099028881	0.500622950769365
SCZ	1	slope_topC3	full	8082	6789	1250	1339	-0.0109778210974673	0.050423156920864	0.827681712092973	-0.0380892683881891	0.0155370739655402	0.0142513958201779	-0.0271114472907218	0.0525753659886846	-0.515668256052783	0.606086129196236
SCZ	1e-5	slope_topC3	full	8082	6789	1250	1339	-0.0697322984120415	0.0365987191875334	0.0569295934085153	0.00803243132001965	0.0120941417778939	0.506612209756069	0.0777647297320612	0.0384666737423047	2.0216130527173	0.0432163425359046
SCZ	5e-8	slope_topC3	full	8082	6789	1250	1339	-0.0576276433915101	0.0360209379467434	0.109845157066487	0.00997845163131941	0.0120649636941379	0.408233372119765	0.0676060950228295	0.0379032993358747	1.78364670641855	0.0744810910448535
SCZ	0p001	slope_topDelta	EUR	4116	3447	655	686	-0.0996490302351119	0.0521882656645549	0.0565664454618397	0.00600019912105058	0.0167269198246781	0.719830647112106	0.105649229356163	0.0543032842167185	1.94554032744185	0.051709980991756
SCZ	0p01	slope_topDelta	EUR	4116	3447	655	686	-0.115142634938324	0.0528655810008808	0.029698473095486	-0.00873090371308977	0.0163282965921848	0.592884809937713	0.106411731225234	0.0550535040263197	1.93287844447397	0.0532511738592281
SCZ	0p05	slope_topDelta	EUR	4116	3447	655	686	-0.0909321523862918	0.0522450349979446	0.0821626674088298	-0.0321811629907378	0.0162343754797616	0.0475269335727245	0.058750989395554	0.0545454005057928	1.07710253936653	0.28143445874752
SCZ	0p1	slope_topDelta	EUR	4116	3447	655	686	-0.0865526689846996	0.054558337935486	0.113044015525642	-0.0339843568504202	0.0161858187671851	0.035833636335899	0.0525683121342794	0.0567652138790434	0.926065605007552	0.354411887242479
SCZ	0p5	slope_topDelta	EUR	4116	3447	655	686	-0.0138393735519881	0.0555105721945225	0.803185247094585	-0.0451042360533371	0.0162145535603943	0.00543725524759748	-0.031264862501349	0.0577278832524159	-0.541590315457142	0.588100764886815
SCZ	1	slope_topDelta	EUR	4116	3447	655	686	-0.0191567104688018	0.0557786936583091	0.731357763275125	-0.0427163699489541	0.0162197956914087	0.00848703671916551	-0.0235596594801523	0.0579919892549097	-0.406257136250206	0.684553676466102
SCZ	1e-5	slope_topDelta	EUR	4116	3447	655	686	-0.0582149641851583	0.0508165397419703	0.252301936161982	0.0146816027304642	0.0172626868791475	0.395117329426994	0.0728965669156225	0.0528620132943991	1.37899717344565	0.167895625388068
SCZ	5e-8	slope_topDelta	EUR	4116	3447	655	686	-0.0490502422338323	0.0502593913295072	0.329383303577644	0.0129356397400179	0.0174295665052623	0.4580384773539	0.0619858819738502	0.0523365710918997	1.18437032997456	0.236266499751061
SCZ	0p001	slope_topDelta	full	8082	6789	1250	1339	-0.0474669299389889	0.0367312744587959	0.196440867391053	-0.000983058429744056	0.0118327147728282	0.933790665783956	0.0464838715092449	0.0385398364797963	1.20612529151786	0.227769184310251
SCZ	0p01	slope_topDelta	full	8082	6789	1250	1339	-0.040916952897479	0.041180017255427	0.320556427675296	-0.0152287384630994	0.0130027016795255	0.241560357485719	0.0256882144343796	0.0431380906307171	0.595487979620681	0.551517331687706
SCZ	0p05	slope_topDelta	full	8082	6789	1250	1339	-0.0190478105714726	0.0425926357002619	0.654782350995589	-0.0351472841792873	0.013421423101322	0.00884501168248809	-0.0160994736078148	0.0445790111721864	-0.361144699814686	0.717991279307016
SCZ	0p1	slope_topDelta	full	8082	6789	1250	1339	-0.0163311682644917	0.0461301929813231	0.723366203503951	-0.0372176290809294	0.0140989394096504	0.00831571570431043	-0.0208864608164376	0.048128845799025	-0.433969700907741	0.664310443528267
SCZ	0p5	slope_topDelta	full	8082	6789	1250	1339	0.0286720123171686	0.050375281591247	0.569318727146703	-0.0480566879551609	0.0153386270786547	0.00173738192975988	-0.0767287002723294	0.0524879813839306	-1.46183370457871	0.143786785544111
SCZ	1	slope_topDelta	full	8082	6789	1250	1339	0.0233537249557376	0.051150618760839	0.648041295456434	-0.0459066316992624	0.0155498196787792	0.00316571231013263	-0.069260356655	0.0532768912354185	-1.30000747132475	0.193598408482851
SCZ	1e-5	slope_topDelta	full	8082	6789	1250	1339	-0.0380989585979761	0.0371609789571315	0.305398066677271	0.00887806515181845	0.0121043644482859	0.463303977778652	0.0469770237497945	0.0390050697011344	1.2043825100107	0.228441768911835
SCZ	5e-8	slope_topDelta	full	8082	6789	1250	1339	-0.052457125494668	0.0365469493655344	0.151378925543528	0.0124035468737785	0.0120748887458252	0.304355283334608	0.0648606723684465	0.0384065961091542	1.6887899199426	0.0912596962284516
